kind,index,t_ns,value
enter,0,4924421692767769,3124616
header_yield,0,4924421692784269,0
header_resumed,0,4924421692789229,0
getresult_done,0,4924421692867879,100290
plan_begin,0,4924421692871939,0
submit,0,4924421720604199,8192
submit,1,4924421720612179,8192
submit,2,4924421720613039,8192
submit,3,4924421720613719,8192
submit,4,4924421720616849,8192
submit,5,4924421720617349,8192
submit,6,4924421720617769,8192
submit,7,4924421720618099,8192
submit,8,4924421720618519,8192
submit,9,4924421720621519,8192
submit,10,4924421720621979,8192
submit,11,4924421720622219,8192
submit,12,4924421727463987,8192
submit,13,4924421727468697,8192
submit,14,4924421727469477,8192
submit,15,4924421727470047,8192
submit,16,4924421727470377,8192
submit,17,4924421727477307,8192
submit,18,4924421727477647,8192
submit,19,4924421727478047,8192
submit,20,4924421727478357,8192
submit,21,4924421727478667,8192
submit,22,4924421727479087,8192
submit,23,4924421727479457,8192
submit,24,4924421727479697,8192
submit,25,4924421734120197,8192
submit,26,4924421734126377,8192
submit,27,4924421734127147,8192
submit,28,4924421734139467,8192
submit,29,4924421734140317,8192
submit,30,4924421734141177,8192
submit,31,4924421734142087,8192
submit,32,4924421734153597,8192
submit,33,4924421734163807,8192
submit,34,4924421734164807,8192
submit,35,4924421734165577,8192
submit,36,4924421734166087,8192
submit,37,4924421734166547,8192
submit,38,4924421741348392,8192
submit,39,4924421741353862,8192
submit,40,4924421741354352,8192
submit,41,4924421741354662,8192
submit,42,4924421741355042,8192
submit,43,4924421741355512,8192
submit,44,4924421741356022,8192
submit,45,4924421741356292,8192
submit,46,4924421741356592,8192
submit,47,4924421741356862,8192
submit,48,4924421741357132,8192
submit,49,4924421741359212,8192
submit,50,4924421741359532,8192
submit,51,4924421748880045,8192
submit,52,4924421748884575,8192
submit,53,4924421748885045,8192
submit,54,4924421748885365,8192
submit,55,4924421748885815,8192
submit,56,4924421748886285,8192
submit,57,4924421748888455,8192
submit,58,4924421748888815,8192
submit,59,4924421748889045,8192
submit,60,4924421748899625,8192
submit,61,4924421748899945,8192
submit,62,4924421748900185,8192
submit,63,4924421748900515,8192
submit,64,4924421756829245,8192
submit,65,4924421756839155,8192
submit,66,4924421756839585,8192
submit,67,4924421756840045,8192
submit,68,4924421756840445,8192
submit,69,4924421756840765,8192
submit,70,4924421756841005,8192
submit,71,4924421756841385,8192
submit,72,4924421756841705,8192
submit,73,4924421756841945,8192
submit,74,4924421756842275,8192
submit,75,4924421756842625,8192
submit,76,4924421764341809,8192
submit,77,4924421764347199,8192
submit,78,4924421764347999,8192
submit,79,4924421764349139,8192
submit,80,4924421764349999,8192
submit,81,4924421764350799,8192
submit,82,4924421764351709,8192
submit,83,4924421764352539,8192
submit,84,4924421764353199,8192
submit,85,4924421764353759,8192
submit,86,4924421764354349,8192
submit,87,4924421764354949,8192
submit,88,4924421764355609,8192
submit,89,4924421772763395,8192
submit,90,4924421772767915,8192
submit,91,4924421772768225,8192
submit,92,4924421772768505,8192
submit,93,4924421772769015,8192
submit,94,4924421772769415,8192
submit,95,4924421772769725,8192
submit,96,4924421772770235,8192
submit,97,4924421772775975,8192
submit,98,4924421772789525,8192
submit,99,4924421772790785,8192
submit,100,4924421772791095,8192
submit,101,4924421772791455,8192
submit,102,4924421785882326,8192
submit,103,4924421785888136,8192
submit,104,4924421785888866,8192
submit,105,4924421785889566,8192
submit,106,4924421785890066,8192
submit,107,4924421785890616,8192
submit,108,4924421785891176,8192
submit,109,4924421785891726,8192
submit,110,4924421785892176,8192
submit,111,4924421785892586,8192
submit,112,4924421785893006,8192
submit,113,4924421785893326,8192
submit,114,4924421785893756,8192
submit,115,4924421799239875,8192
submit,116,4924421799245455,8192
submit,117,4924421799245775,8192
submit,118,4924421799246085,8192
submit,119,4924421799246605,8192
submit,120,4924421799247135,8192
submit,121,4924421799247435,8192
submit,122,4924421799247715,8192
submit,123,4924421799248015,8192
submit,124,4924421799270765,8192
submit,125,4924421799271065,8192
submit,126,4924421799271375,8192
submit,127,4924421808411966,8192
submit,128,4924421808416876,8192
submit,129,4924421808453645,8192
submit,130,4924421808454175,8192
submit,131,4924421808454935,8192
submit,132,4924421808458325,8192
submit,133,4924421808460715,8192
submit,134,4924421808461245,8192
submit,135,4924421808461715,8192
submit,136,4924421808462255,8192
submit,137,4924421808464805,8192
submit,138,4924421808465095,8192
submit,139,4924421808465395,8192
submit,140,4924421816610514,8192
submit,141,4924421816613854,8192
submit,142,4924421816614404,8192
submit,143,4924421816614734,8192
submit,144,4924421816615604,8192
submit,145,4924421816615894,8192
submit,146,4924421816616264,8192
submit,147,4924421816616564,8192
submit,148,4924421816616964,8192
submit,149,4924421816619144,8192
submit,150,4924421816619454,8192
submit,151,4924421816619744,8192
submit,152,4924421816620044,8192
submit,153,4924421823834099,8192
submit,154,4924421823838689,8192
submit,155,4924421823839099,8192
submit,156,4924421823840269,8192
submit,157,4924421823840839,8192
submit,158,4924421823858469,8192
submit,159,4924421823859029,8192
submit,160,4924421823859309,8192
submit,161,4924421823866829,8192
submit,162,4924421823867229,8192
submit,163,4924421823867529,8192
submit,164,4924421823868129,8192
submit,165,4924421823871269,8192
submit,166,4924421834824496,8192
submit,167,4924421834828556,8192
submit,168,4924421834829086,8192
submit,169,4924421834829506,8192
submit,170,4924421834830356,8192
submit,171,4924421834830756,8192
submit,172,4924421834831536,8192
submit,173,4924421834832036,8192
submit,174,4924421834832366,8192
submit,175,4924421834832686,8192
submit,176,4924421834839126,8192
submit,177,4924421834839506,8192
submit,178,4924421846442528,8192
submit,179,4924421846454338,8192
submit,180,4924421846455028,8192
submit,181,4924421846455438,8192
submit,182,4924421846456008,8192
submit,183,4924421846456418,8192
submit,184,4924421846456958,8192
submit,185,4924421846457338,8192
submit,186,4924421846457798,8192
submit,187,4924421846458258,8192
submit,188,4924421846458748,8192
submit,189,4924421846459618,8192
submit,190,4924421846459898,8192
submit,191,4924421851369031,8192
submit,192,4924421851373991,8192
submit,193,4924421851379681,8192
submit,194,4924421851380021,8192
submit,195,4924421851380611,8192
submit,196,4924421851381021,8192
submit,197,4924421851381641,8192
submit,198,4924421851388581,8192
submit,199,4924421851389711,8192
submit,200,4924421851390061,8192
submit,201,4924421851392711,8192
submit,202,4924421851393031,8192
submit,203,4924421859559589,8192
submit,204,4924421859564189,8192
submit,205,4924421859564719,8192
submit,206,4924421859565149,8192
submit,207,4924421859565569,8192
submit,208,4924421859566209,8192
submit,209,4924421859566449,8192
submit,210,4924421859566689,8192
submit,211,4924421859568389,8192
submit,212,4924421859568799,8192
submit,213,4924421859569039,8192
submit,214,4924421859569279,8192
submit,215,4924421859569619,8192
submit,216,4924421865269276,8192
submit,217,4924421865275596,8192
submit,218,4924421865276046,8192
submit,219,4924421865276336,8192
submit,220,4924421865276606,8192
submit,221,4924421865277086,8192
submit,222,4924421865283986,8192
submit,223,4924421865284376,8192
submit,224,4924421865284666,8192
submit,225,4924421865289736,8192
submit,226,4924421865290016,8192
submit,227,4924421865290376,8192
submit,228,4924421873079817,8192
submit,229,4924421873091077,8192
submit,230,4924421873093697,8192
submit,231,4924421873094067,8192
submit,232,4924421873094547,8192
submit,233,4924421873094837,8192
submit,234,4924421873095137,8192
submit,235,4924421873101787,8192
submit,236,4924421873102107,8192
submit,237,4924421873102397,8192
submit,238,4924421873102697,8192
submit,239,4924421873102987,8192
submit,240,4924421873103277,8192
submit,241,4924421881261655,8192
submit,242,4924421881267375,8192
submit,243,4924421881270205,8192
submit,244,4924421881270905,8192
submit,245,4924421881271455,8192
submit,246,4924421881271685,8192
submit,247,4924421881271925,8192
submit,248,4924421881272255,8192
submit,249,4924421881274405,8192
submit,250,4924421881274785,8192
submit,251,4924421881275015,8192
submit,252,4924421881284045,8192
submit,253,4924421890030449,8192
submit,254,4924421890036879,8192
submit,255,4924421890037189,8192
submit,256,4924421890038109,8192
submit,257,4924421890089508,8192
submit,258,4924421890089858,8192
submit,259,4924421890090498,8192
submit,260,4924421890090828,8192
submit,261,4924421890091068,8192
submit,262,4924421890091898,8192
submit,263,4924421890092128,8192
submit,264,4924421890094378,8192
submit,265,4924421890094608,8192
submit,266,4924421896199102,8192
submit,267,4924421896206852,8192
submit,268,4924421896207402,8192
submit,269,4924421896207852,8192
submit,270,4924421896208232,8192
submit,271,4924421896208542,8192
submit,272,4924421896208922,8192
submit,273,4924421896209222,8192
submit,274,4924421896209512,8192
submit,275,4924421896211792,8192
submit,276,4924421896212132,8192
submit,277,4924421896212432,8192
submit,278,4924421903336628,8192
submit,279,4924421903342268,8192
submit,280,4924421903343278,8192
submit,281,4924421903343908,8192
submit,282,4924421903344608,8192
submit,283,4924421903345358,8192
submit,284,4924421903346328,8192
submit,285,4924421903346848,8192
submit,286,4924421903347828,8192
submit,287,4924421903348328,8192
submit,288,4924421903355328,8192
submit,289,4924421903362608,8192
submit,290,4924421903363178,8192
submit,291,4924421911061580,8192
submit,292,4924421911067520,8192
submit,293,4924421911068210,8192
submit,294,4924421911077530,8192
submit,295,4924421911078070,8192
submit,296,4924421911078710,8192
submit,297,4924421911079340,8192
submit,298,4924421911079640,8192
submit,299,4924421911081600,8192
submit,300,4924421911082140,8192
submit,301,4924421911082440,8192
submit,302,4924421911082890,8192
submit,303,4924421927339637,8192
submit,304,4924421927344507,8192
submit,305,4924421927344787,8192
submit,306,4924421927345147,8192
submit,307,4924421927345407,8192
submit,308,4924421927345897,8192
submit,309,4924421927346167,8192
submit,310,4924421927353807,8192
submit,311,4924421927354107,8192
submit,312,4924421927354527,8192
submit,313,4924421927354817,8192
submit,314,4924421927355237,8192
submit,315,4924421927355507,8192
submit,316,4924421942772080,8192
submit,317,4924421942777410,8192
submit,318,4924421942777950,8192
submit,319,4924421942778260,8192
submit,320,4924421942784170,8192
submit,321,4924421942785810,8192
submit,322,4924421942786310,8192
submit,323,4924421942786650,8192
submit,324,4924421942786970,8192
submit,325,4924421942787270,8192
submit,326,4924421942787660,8192
submit,327,4924421942787960,8192
submit,328,4924421955811912,8192
submit,329,4924421955816422,8192
submit,330,4924421955817432,8192
submit,331,4924421955824272,8192
submit,332,4924421955824822,8192
submit,333,4924421955825102,8192
submit,334,4924421955825812,8192
submit,335,4924421955826272,8192
submit,336,4924421955826562,8192
submit,337,4924421955826842,8192
submit,338,4924421955827132,8192
submit,339,4924421955827412,8192
submit,340,4924421955827712,8192
submit,341,4924421967573083,8192
submit,342,4924421967578783,8192
submit,343,4924421967579403,8192
submit,344,4924421967580083,8192
submit,345,4924421967580463,8192
submit,346,4924421967581283,8192
submit,347,4924421967581853,8192
submit,348,4924421967582413,8192
submit,349,4924421967588793,8192
submit,350,4924421967589563,8192
submit,351,4924421967590233,8192
submit,352,4924421967596473,8192
submit,353,4924421976027519,8192
submit,354,4924421976032489,8192
submit,355,4924421976032799,8192
submit,356,4924421976033519,8192
submit,357,4924421976033819,8192
submit,358,4924421976034619,8192
submit,359,4924421976034919,8192
submit,360,4924421976035369,8192
submit,361,4924421976035919,8192
submit,362,4924421976036489,8192
submit,363,4924421976037059,8192
submit,364,4924421976037449,8192
submit,365,4924421976037839,8192
submit,366,4924421976038269,8192
submit,367,4924421984351206,8192
submit,368,4924421984357006,8192
submit,369,4924421984357526,8192
submit,370,4924421984358036,8192
submit,371,4924421984358336,8192
submit,372,4924421984376026,8192
submit,373,4924421984376336,8192
submit,374,4924421984379126,8192
submit,375,4924421984379476,8192
submit,376,4924421984380096,8192
submit,377,4924421984380546,8192
submit,378,4924421984380946,8192
submit,379,4924421992598724,8192
submit,380,4924421992602904,8192
submit,381,4924421992603234,8192
submit,382,4924421992603734,8192
submit,383,4924421992603964,8192
submit,384,4924421992604424,8192
submit,385,4924421992609464,8192
submit,386,4924421992609814,8192
submit,387,4924421992610224,8192
submit,388,4924421992610544,8192
submit,389,4924421992610924,8192
submit,390,4924421992611324,8192
submit,391,4924421992611554,8192
submit,392,4924422015895808,8192
submit,393,4924422015900078,8192
submit,394,4924422015900738,8192
submit,395,4924422015902928,8192
submit,396,4924422015903278,8192
submit,397,4924422015903678,8192
submit,398,4924422015903908,8192
submit,399,4924422015905848,8192
submit,400,4924422015906318,8192
submit,401,4924422015906638,8192
submit,402,4924422015907068,8192
submit,403,4924422015907308,8192
submit,404,4924422049447224,8192
submit,405,4924422049452154,8192
submit,406,4924422049452784,8192
submit,407,4924422049453304,8192
submit,408,4924422049453854,8192
submit,409,4924422049454384,8192
submit,410,4924422049455314,8192
submit,411,4924422049455884,8192
submit,412,4924422049456474,8192
submit,413,4924422049460834,8192
submit,414,4924422049461174,8192
submit,415,4924422049461594,8192
submit,416,4924422071992194,8192
submit,417,4924422072009864,8192
submit,418,4924422072010514,8192
submit,419,4924422072010904,8192
submit,420,4924422072011904,8192
submit,421,4924422072012434,8192
submit,422,4924422072012874,8192
submit,423,4924422072013254,8192
submit,424,4924422072013814,8192
submit,425,4924422072014094,8192
submit,426,4924422072014384,8192
submit,427,4924422072015024,8192
submit,428,4924422072016504,8192
submit,429,4924422072016804,8192
submit,430,4924422079571067,8192
submit,431,4924422079575487,8192
submit,432,4924422079575817,8192
submit,433,4924422079576217,8192
submit,434,4924422079576837,8192
submit,435,4924422079577277,8192
submit,436,4924422079577587,8192
submit,437,4924422079577827,8192
submit,438,4924422079583857,8192
submit,439,4924422079584087,8192
submit,440,4924422079584327,8192
submit,441,4924422079584557,8192
submit,442,4924422079584797,8192
submit,443,4924422087792735,8192
submit,444,4924422087797304,8192
submit,445,4924422087797784,8192
submit,446,4924422087798434,8192
submit,447,4924422087798904,8192
submit,448,4924422087799594,8192
submit,449,4924422087804574,8192
submit,450,4924422087805144,8192
submit,451,4924422087805924,8192
submit,452,4924422087806544,8192
submit,453,4924422087806974,8192
submit,454,4924422087807484,8192
submit,455,4924422097100324,8192
submit,456,4924422097105234,8192
submit,457,4924422097105844,8192
submit,458,4924422097106324,8192
submit,459,4924422097108744,8192
submit,460,4924422097109094,8192
submit,461,4924422097109514,8192
submit,462,4924422097109754,8192
submit,463,4924422097109984,8192
submit,464,4924422097110314,8192
submit,465,4924422097110554,8192
submit,466,4924422097111374,8192
submit,467,4924422097111604,8192
submit,468,4924422106043687,8192
submit,469,4924422106049697,8192
submit,470,4924422106050717,8192
submit,471,4924422106051337,8192
submit,472,4924422106056447,8192
submit,473,4924422106056807,8192
submit,474,4924422106057577,8192
submit,475,4924422106058127,8192
submit,476,4924422106058797,8192
submit,477,4924422106059617,8192
submit,478,4924422106060187,8192
submit,479,4924422106060577,8192
submit,480,4924422106067727,8192
submit,481,4924422112451878,8192
submit,482,4924422112455578,8192
submit,483,4924422112456298,8192
submit,484,4924422112457228,8192
submit,485,4924422112457838,8192
submit,486,4924422112458738,8192
submit,487,4924422112459248,8192
submit,488,4924422112459778,8192
submit,489,4924422112460348,8192
submit,490,4924422112460908,8192
submit,491,4924422112461428,8192
submit,492,4924422112461848,8192
submit,493,4924422112462268,8192
submit,494,4924422121556429,8192
submit,495,4924422121560489,8192
submit,496,4924422121561169,8192
submit,497,4924422121561489,8192
submit,498,4924422121561799,8192
submit,499,4924422121567969,8192
submit,500,4924422121576449,8192
submit,501,4924422121576859,8192
submit,502,4924422121578869,8192
submit,503,4924422121579099,8192
submit,504,4924422121579339,8192
submit,505,4924422121579579,8192
submit,506,4924422129122632,8192
submit,507,4924422129127722,8192
submit,508,4924422129148942,8192
submit,509,4924422129149352,8192
submit,510,4924422129149842,8192
submit,511,4924422129150192,8192
submit,512,4924422129150552,8192
submit,513,4924422129220052,8192
submit,514,4924422129220352,8192
submit,515,4924422129220642,8192
submit,516,4924422129220912,8192
submit,517,4924422129221182,8192
submit,518,4924422129223562,8192
submit,519,4924422143768382,8192
submit,520,4924422143773542,8192
submit,521,4924422143774042,8192
submit,522,4924422143774342,8192
submit,523,4924422143774632,8192
submit,524,4924422143775042,8192
submit,525,4924422143775342,8192
submit,526,4924422143775632,8192
submit,527,4924422143775942,8192
submit,528,4924422143778582,8192
submit,529,4924422143778882,8192
submit,530,4924422143779182,8192
submit,531,4924422160461596,8192
submit,532,4924422160465305,8192
submit,533,4924422160471715,8192
submit,534,4924422160472125,8192
submit,535,4924422160472435,8192
submit,536,4924422160472955,8192
submit,537,4924422160474365,8192
submit,538,4924422160474715,8192
submit,539,4924422160475005,8192
submit,540,4924422160475415,8192
submit,541,4924422160475805,8192
submit,542,4924422160476275,8192
submit,543,4924422171657401,8192
submit,544,4924422171663811,8192
submit,545,4924422171669251,8192
submit,546,4924422171669931,8192
submit,547,4924422171670241,8192
submit,548,4924422171670641,8192
submit,549,4924422171675981,8192
submit,550,4924422171676511,8192
submit,551,4924422171676821,8192
submit,552,4924422171677111,8192
submit,553,4924422171677401,8192
submit,554,4924422171677701,8192
submit,555,4924422171678001,8192
submit,556,4924422178185342,8192
submit,557,4924422178189511,8192
submit,558,4924422178189951,8192
submit,559,4924422178190351,8192
submit,560,4924422178190781,8192
submit,561,4924422178191011,8192
submit,562,4924422178196641,8192
submit,563,4924422178196871,8192
submit,564,4924422178197101,8192
submit,565,4924422178197581,8192
submit,566,4924422178198061,8192
submit,567,4924422178198371,8192
submit,568,4924422178198681,8192
submit,569,4924422185155229,8192
submit,570,4924422185166849,8192
submit,571,4924422185167549,8192
submit,572,4924422185168059,8192
submit,573,4924422185168509,8192
submit,574,4924422185168749,8192
submit,575,4924422185169069,8192
submit,576,4924422185169409,8192
submit,577,4924422185173139,8192
submit,578,4924422185173469,8192
submit,579,4924422185173779,8192
submit,580,4924422185174009,8192
submit,581,4924422192930250,8192
submit,582,4924422192935130,8192
submit,583,4924422192935700,8192
submit,584,4924422192936410,8192
submit,585,4924422192937100,8192
submit,586,4924422192937580,8192
submit,587,4924422192938070,8192
submit,588,4924422192938660,8192
submit,589,4924422192939120,8192
submit,590,4924422192939580,8192
submit,591,4924422192943910,8192
submit,592,4924422192952200,8192
submit,593,4924422192952550,8192
submit,594,4924422203043694,8192
submit,595,4924422203047394,8192
submit,596,4924422203054184,8192
submit,597,4924422203054474,8192
submit,598,4924422203054844,8192
submit,599,4924422203059504,8192
submit,600,4924422203059814,8192
submit,601,4924422203060104,8192
submit,602,4924422203060484,8192
submit,603,4924422203060894,8192
submit,604,4924422203061284,8192
submit,605,4924422203063774,8192
submit,606,4924422203064074,8192
submit,607,4924422211664289,8192
submit,608,4924422211668599,8192
submit,609,4924422211670218,8192
submit,610,4924422211670928,8192
submit,611,4924422211671508,8192
submit,612,4924422211672048,8192
submit,613,4924422211678208,8192
submit,614,4924422211678528,8192
submit,615,4924422211678848,8192
submit,616,4924422211679318,8192
submit,617,4924422211679708,8192
submit,618,4924422211680108,8192
submit,619,4924422219992776,8192
submit,620,4924422219997096,8192
submit,621,4924422219997586,8192
submit,622,4924422219997966,8192
submit,623,4924422219998486,8192
submit,624,4924422219999106,8192
submit,625,4924422219999396,8192
submit,626,4924422219999696,8192
submit,627,4924422220006806,8192
submit,628,4924422220007196,8192
submit,629,4924422220007486,8192
submit,630,4924422220007776,8192
submit,631,4924422228446742,8192
submit,632,4924422228452312,8192
submit,633,4924422228453132,8192
submit,634,4924422228460802,8192
submit,635,4924422228461542,8192
submit,636,4924422228461942,8192
submit,637,4924422228462502,8192
submit,638,4924422228462982,8192
submit,639,4924422228463282,8192
submit,640,4924422228463792,8192
submit,641,4924422228468762,8192
submit,642,4924422228469072,8192
submit,643,4924422228469352,8192
submit,644,4924422228469642,8192
submit,645,4924422238339357,8192
submit,646,4924422238344017,8192
submit,647,4924422238344307,8192
submit,648,4924422238344717,8192
submit,649,4924422238347337,8192
submit,650,4924422238351427,8192
submit,651,4924422238351727,8192
submit,652,4924422238352137,8192
submit,653,4924422238352517,8192
submit,654,4924422238352797,8192
submit,655,4924422238353077,8192
submit,656,4924422238361457,8192
submit,657,4924422238361757,8192
submit,658,4924422254959632,8192
submit,659,4924422254964531,8192
submit,660,4924422254964831,8192
submit,661,4924422254965121,8192
submit,662,4924422254965671,8192
submit,663,4924422254966101,8192
submit,664,4924422254966741,8192
submit,665,4924422254967041,8192
submit,666,4924422254967471,8192
submit,667,4924422254967771,8192
submit,668,4924422254968071,8192
submit,669,4924422254968371,8192
submit,670,4924422270423525,8192
submit,671,4924422270428545,8192
submit,672,4924422270428835,8192
submit,673,4924422270433575,8192
submit,674,4924422270434125,8192
submit,675,4924422270434485,8192
submit,676,4924422270434895,8192
submit,677,4924422270444864,8192
submit,678,4924422270445274,8192
submit,679,4924422270445654,8192
submit,680,4924422270446104,8192
submit,681,4924422270446444,8192
submit,682,4924422270446824,8192
submit,683,4924422282972670,8192
submit,684,4924422282976950,8192
submit,685,4924422282977480,8192
submit,686,4924422282977750,8192
submit,687,4924422282978030,8192
submit,688,4924422282978520,8192
submit,689,4924422282978800,8192
submit,690,4924422282979090,8192
submit,691,4924422282979490,8192
submit,692,4924422282979860,8192
submit,693,4924422282980270,8192
submit,694,4924422282980540,8192
submit,695,4924422293385121,8192
submit,696,4924422293391531,8192
submit,697,4924422293392461,8192
submit,698,4924422293400811,8192
submit,699,4924422293403871,8192
submit,700,4924422293404481,8192
submit,701,4924422293405491,8192
submit,702,4924422293406201,8192
submit,703,4924422293406971,8192
submit,704,4924422293407851,8192
submit,705,4924422293412281,8192
submit,706,4924422293413241,8192
submit,707,4924422309795357,8192
submit,708,4924422309800677,8192
submit,709,4924422309805227,8192
submit,710,4924422309805677,8192
submit,711,4924422309806197,8192
submit,712,4924422309806707,8192
submit,713,4924422309807127,8192
submit,714,4924422309807547,8192
submit,715,4924422309807857,8192
submit,716,4924422309808387,8192
submit,717,4924422309808707,8192
submit,718,4924422309809037,8192
submit,719,4924422309809357,8192
submit,720,4924422324224778,8192
submit,721,4924422324229068,8192
submit,722,4924422324229618,8192
submit,723,4924422324230148,8192
submit,724,4924422324234318,8192
submit,725,4924422324234598,8192
submit,726,4924422324235068,8192
submit,727,4924422324235708,8192
submit,728,4924422324236178,8192
submit,729,4924422324236468,8192
submit,730,4924422324236738,8192
submit,731,4924422324237258,8192
submit,732,4924422366121371,8192
submit,733,4924422366125451,8192
submit,734,4924422366125871,8192
submit,735,4924422366126291,8192
submit,736,4924422366126691,8192
submit,737,4924422366130991,8192
submit,738,4924422366131391,8192
submit,739,4924422366131811,8192
submit,740,4924422366132181,8192
submit,741,4924422366135781,8192
submit,742,4924422366136121,8192
submit,743,4924422366136421,8192
submit,744,4924422398837834,8192
submit,745,4924422398844234,8192
submit,746,4924422398844974,8192
submit,747,4924422398845474,8192
submit,748,4924422398845924,8192
submit,749,4924422398852694,8192
submit,750,4924422398853034,8192
submit,751,4924422398853534,8192
submit,752,4924422398853814,8192
submit,753,4924422398854274,8192
submit,754,4924422398855964,8192
submit,755,4924422398856284,8192
submit,756,4924422398856714,8192
submit,757,4924422437493842,8192
submit,758,4924422437497992,8192
submit,759,4924422437498232,8192
submit,760,4924422437498462,8192
submit,761,4924422437498692,8192
submit,762,4924422437504722,8192
submit,763,4924422437505112,8192
submit,764,4924422437505542,8192
submit,765,4924422437505772,8192
submit,766,4924422437506092,8192
submit,767,4924422437506442,8192
submit,768,4924422437507052,8192
submit,769,4924422437511782,8192
submit,770,4924422459091819,8192
submit,771,4924422459096429,8192
submit,772,4924422459096979,8192
submit,773,4924422459097439,8192
submit,774,4924422459097949,8192
submit,775,4924422459098439,8192
submit,776,4924422459098679,8192
submit,777,4924422459099049,8192
submit,778,4924422459099379,8192
submit,779,4924422459099719,8192
submit,780,4924422459100049,8192
submit,781,4924422459100399,8192
submit,782,4924422481213072,8192
submit,783,4924422481217812,8192
submit,784,4924422481222622,8192
submit,785,4924422481222962,8192
submit,786,4924422481223262,8192
submit,787,4924422481223542,8192
submit,788,4924422481223952,8192
submit,789,4924422481224712,8192
submit,790,4924422481225152,8192
submit,791,4924422481225452,8192
submit,792,4924422481225972,8192
submit,793,4924422481226262,8192
submit,794,4924422481226692,8192
submit,795,4924422481227022,8192
submit,796,4924422488334748,8192
submit,797,4924422488339508,8192
submit,798,4924422488339998,8192
submit,799,4924422488342118,8192
submit,800,4924422488342518,8192
submit,801,4924422488345348,8192
submit,802,4924422488345638,8192
submit,803,4924422488346338,8192
submit,804,4924422488346748,8192
submit,805,4924422488351018,8192
submit,806,4924422488351358,8192
submit,807,4924422488351668,8192
submit,808,4924422488351978,8192
submit,809,4924422495720332,8192
submit,810,4924422495725482,8192
submit,811,4924422495725912,8192
submit,812,4924422495726482,8192
submit,813,4924422495726892,8192
submit,814,4924422495727512,8192
submit,815,4924422495727812,8192
submit,816,4924422495728182,8192
submit,817,4924422495728482,8192
submit,818,4924422495728752,8192
submit,819,4924422495729022,8192
submit,820,4924422495729402,8192
submit,821,4924422512406716,8192
submit,822,4924422512411506,8192
submit,823,4924422512411846,8192
submit,824,4924422512412316,8192
submit,825,4924422512413016,8192
submit,826,4924422512415896,8192
submit,827,4924422512416316,8192
submit,828,4924422512422686,8192
submit,829,4924422512423226,8192
submit,830,4924422512423936,8192
submit,831,4924422512424256,8192
submit,832,4924422512424766,8192
submit,833,4924422512426886,8192
submit,834,4924422540962930,8192
submit,835,4924422540969090,8192
submit,836,4924422540969530,8192
submit,837,4924422540973870,8192
submit,838,4924422540974190,8192
submit,839,4924422540974510,8192
submit,840,4924422540974820,8192
submit,841,4924422540975240,8192
submit,842,4924422540975730,8192
submit,843,4924422540976020,8192
submit,844,4924422540976290,8192
submit,845,4924422540976600,8192
submit,846,4924422564060066,8192
submit,847,4924422564065396,8192
submit,848,4924422564068916,8192
submit,849,4924422564071026,8192
submit,850,4924422564071516,8192
submit,851,4924422564072066,8192
submit,852,4924422564074516,8192
submit,853,4924422564076566,8192
submit,854,4924422564076866,8192
submit,855,4924422564077156,8192
submit,856,4924422564077446,8192
submit,857,4924422564077756,8192
submit,858,4924422582028460,8192
submit,859,4924422582033180,8192
submit,860,4924422582033600,8192
submit,861,4924422582033910,8192
submit,862,4924422582034380,8192
submit,863,4924422582036240,8192
submit,864,4924422582036660,8192
submit,865,4924422582040850,8192
submit,866,4924422582041310,8192
submit,867,4924422582041770,8192
submit,868,4924422582042050,8192
submit,869,4924422582048140,8192
submit,870,4924422582048530,8192
submit,871,4924422597151076,8192
submit,872,4924422597155596,8192
submit,873,4924422597163286,8192
submit,874,4924422597163916,8192
submit,875,4924422597164956,8192
submit,876,4924422597165626,8192
submit,877,4924422597166256,8192
submit,878,4924422597166876,8192
submit,879,4924422597167376,8192
submit,880,4924422597167866,8192
submit,881,4924422597168396,8192
submit,882,4924422597168946,8192
submit,883,4924422603627847,8192
submit,884,4924422603632007,8192
submit,885,4924422603632457,8192
submit,886,4924422603632967,8192
submit,887,4924422603637457,8192
submit,888,4924422603637997,8192
submit,889,4924422603638417,8192
submit,890,4924422603641297,8192
submit,891,4924422603641827,8192
submit,892,4924422603642447,8192
submit,893,4924422603642787,8192
submit,894,4924422603643217,8192
submit,895,4924422603643557,8192
submit,896,4924422611990424,8192
submit,897,4924422612010584,8192
submit,898,4924422612011104,8192
submit,899,4924422612014293,8192
submit,900,4924422612014723,8192
submit,901,4924422612015123,8192
submit,902,4924422612015423,8192
submit,903,4924422612015723,8192
submit,904,4924422612016013,8192
submit,905,4924422612016313,8192
submit,906,4924422612022723,8192
submit,907,4924422612023013,8192
submit,908,4924422626035178,8192
submit,909,4924422626041078,8192
submit,910,4924422626041468,8192
submit,911,4924422626041838,8192
submit,912,4924422626048807,8192
submit,913,4924422626051687,8192
submit,914,4924422626052397,8192
submit,915,4924422626052757,8192
submit,916,4924422626053217,8192
submit,917,4924422626055717,8192
submit,918,4924422626056037,8192
submit,919,4924422626056337,8192
submit,920,4924422643564895,8192
submit,921,4924422643570325,8192
submit,922,4924422643570715,8192
submit,923,4924422643571175,8192
submit,924,4924422643571785,8192
submit,925,4924422643572045,8192
submit,926,4924422643572325,8192
submit,927,4924422643572595,8192
submit,928,4924422643573205,8192
submit,929,4924422643579745,8192
submit,930,4924422643580085,8192
submit,931,4924422643580445,8192
submit,932,4924422643580845,8192
submit,933,4924422657725928,8192
submit,934,4924422657730948,8192
submit,935,4924422657731648,8192
submit,936,4924422657732178,8192
submit,937,4924422657732628,8192
submit,938,4924422657733478,8192
submit,939,4924422657740778,8192
submit,940,4924422657741468,8192
submit,941,4924422657741978,8192
submit,942,4924422657742588,8192
submit,943,4924422657742978,8192
submit,944,4924422657743528,8192
submit,945,4924422671439025,8192
submit,946,4924422671451274,8192
submit,947,4924422671451814,8192
submit,948,4924422671452794,8192
submit,949,4924422671455254,8192
submit,950,4924422671455874,8192
submit,951,4924422671456594,8192
submit,952,4924422671457264,8192
submit,953,4924422671458124,8192
submit,954,4924422671461424,8192
submit,955,4924422671462264,8192
submit,956,4924422671462664,8192
submit,957,4924422671465864,8192
submit,958,4924422678794419,8192
submit,959,4924422678799559,8192
submit,960,4924422678799959,8192
submit,961,4924422678807099,8192
submit,962,4924422678807579,8192
submit,963,4924422678807979,8192
submit,964,4924422678808539,8192
submit,965,4924422678808809,8192
submit,966,4924422678809609,8192
submit,967,4924422678809889,8192
submit,968,4924422678810169,8192
submit,969,4924422678810629,8192
submit,970,4924422690556240,8192
submit,971,4924422690561440,8192
submit,972,4924422690569100,8192
submit,973,4924422690576600,8192
submit,974,4924422690577220,8192
submit,975,4924422690577880,8192
submit,976,4924422690581660,8192
submit,977,4924422690582210,8192
submit,978,4924422690582720,8192
submit,979,4924422690583400,8192
submit,980,4924422690589260,8192
submit,981,4924422690589650,8192
submit,982,4924422690590030,8192
submit,983,4924422706197932,8192
submit,984,4924422706203312,8192
submit,985,4924422706203822,8192
submit,986,4924422706204352,8192
submit,987,4924422706204862,8192
submit,988,4924422706205462,8192
submit,989,4924422706205852,8192
submit,990,4924422706206772,8192
submit,991,4924422706207192,8192
submit,992,4924422706207652,8192
submit,993,4924422706214072,8192
submit,994,4924422706214342,8192
submit,995,4924422719843729,8192
submit,996,4924422719849079,8192
submit,997,4924422719855269,8192
submit,998,4924422719855689,8192
submit,999,4924422719859699,8192
submit,1000,4924422719861909,8192
submit,1001,4924422719862229,8192
submit,1002,4924422719862579,8192
submit,1003,4924422719862869,8192
submit,1004,4924422719863109,8192
submit,1005,4924422719863349,8192
submit,1006,4924422719867059,8192
submit,1007,4924422719867309,8192
submit,1008,4924422729078719,8192
submit,1009,4924422729084439,8192
submit,1010,4924422729088829,8192
submit,1011,4924422729089339,8192
submit,1012,4924422729089799,8192
submit,1013,4924422729090209,8192
submit,1014,4924422729090669,8192
submit,1015,4924422729091219,8192
submit,1016,4924422729091789,8192
submit,1017,4924422729092239,8192
submit,1018,4924422729094939,8192
submit,1019,4924422729095279,8192
submit,1020,4924422729120459,8192
submit,1021,4924422729120759,8192
submit,1022,4924422735711169,8192
submit,1023,4924422735715799,8192
submit,1024,4924422735716519,8192
submit,1025,4924422735851878,8192
submit,1026,4924422735852278,8192
submit,1027,4924422735852678,8192
submit,1028,4924422735852988,8192
submit,1029,4924422735853298,8192
submit,1030,4924422735853598,8192
submit,1031,4924422735853998,8192
submit,1032,4924422735854388,8192
submit,1033,4924422735854708,8192
submit,1034,4924422764382382,8192
submit,1035,4924422764387362,8192
submit,1036,4924422764387692,8192
submit,1037,4924422764390182,8192
submit,1038,4924422764390602,8192
submit,1039,4924422764393112,8192
submit,1040,4924422764395572,8192
submit,1041,4924422764395892,8192
submit,1042,4924422764396202,8192
submit,1043,4924422764398532,8192
submit,1044,4924422764398822,8192
submit,1045,4924422764399102,8192
submit,1046,4924422764399392,8192
submit,1047,4924422826690882,8192
submit,1048,4924422826695892,8192
submit,1049,4924422826698932,8192
submit,1050,4924422826699962,8192
submit,1051,4924422826700681,8192
submit,1052,4924422826701411,8192
submit,1053,4924422826701941,8192
submit,1054,4924422826702331,8192
submit,1055,4924422826702811,8192
submit,1056,4924422826703311,8192
submit,1057,4924422826707371,8192
submit,1058,4924422826721981,8192
submit,1059,4924422865380389,8192
submit,1060,4924422865384429,8192
submit,1061,4924422865384939,8192
submit,1062,4924422865385539,8192
submit,1063,4924422865385859,8192
submit,1064,4924422865386359,8192
submit,1065,4924422865391519,8192
submit,1066,4924422865391759,8192
submit,1067,4924422865392079,8192
submit,1068,4924422865392309,8192
submit,1069,4924422865392749,8192
submit,1070,4924422865393229,8192
submit,1071,4924422865393469,8192
submit,1072,4924422865393699,8192
submit,1073,4924422865393929,8192
submit,1074,4924422871713251,8192
submit,1075,4924422871718041,8192
submit,1076,4924422871718691,8192
submit,1077,4924422871719071,8192
submit,1078,4924422871719551,8192
submit,1079,4924422871719821,8192
submit,1080,4924422871731471,8192
submit,1081,4924422871731801,8192
submit,1082,4924422871732091,8192
submit,1083,4924422871732381,8192
submit,1084,4924422871732781,8192
submit,1085,4924422871733061,8192
submit,1086,4924422871733331,8192
submit,1087,4924422871733621,8192
submit,1088,4924422877218020,8192
submit,1089,4924422877226860,8192
submit,1090,4924422877227570,8192
submit,1091,4924422877228150,8192
submit,1092,4924422877228810,8192
submit,1093,4924422877229110,8192
submit,1094,4924422877229650,8192
submit,1095,4924422877229950,8192
submit,1096,4924422877230250,8192
submit,1097,4924422877230550,8192
submit,1098,4924422877230960,8192
submit,1099,4924422877232000,8192
submit,1100,4924422877232320,8192
submit,1101,4924422882675889,8192
submit,1102,4924422882680119,8192
submit,1103,4924422882680359,8192
submit,1104,4924422882680599,8192
submit,1105,4924422882680829,8192
submit,1106,4924422882681079,8192
submit,1107,4924422882681319,8192
submit,1108,4924422882681729,8192
submit,1109,4924422882681969,8192
submit,1110,4924422882682539,8192
submit,1111,4924422882682769,8192
submit,1112,4924422882683009,8192
submit,1113,4924422888091798,8192
submit,1114,4924422888096048,8192
submit,1115,4924422888096568,8192
submit,1116,4924422888097318,8192
submit,1117,4924422888097558,8192
submit,1118,4924422888097788,8192
submit,1119,4924422888098028,8192
submit,1120,4924422888098258,8192
submit,1121,4924422888102228,8192
submit,1122,4924422888102458,8192
submit,1123,4924422888108328,8192
submit,1124,4924422888108838,8192
submit,1125,4924422888110528,8192
submit,1126,4924422888110888,8192
submit,1127,4924422893343968,8192
submit,1128,4924422893349748,8192
submit,1129,4924422893350058,8192
submit,1130,4924422893350388,8192
submit,1131,4924422893350628,8192
submit,1132,4924422893353618,8192
submit,1133,4924422893353858,8192
submit,1134,4924422893354158,8192
submit,1135,4924422893354388,8192
submit,1136,4924422893354638,8192
submit,1137,4924422893354878,8192
submit,1138,4924422893355218,8192
submit,1139,4924422893355458,8192
submit,1140,4924422893355688,8192
submit,1141,4924422898594228,8192
submit,1142,4924422898598128,8192
submit,1143,4924422898598628,8192
submit,1144,4924422898604848,8192
submit,1145,4924422898605188,8192
submit,1146,4924422898605568,8192
submit,1147,4924422898605918,8192
submit,1148,4924422898606228,8192
submit,1149,4924422898611178,8192
submit,1150,4924422898611408,8192
submit,1151,4924422898611738,8192
submit,1152,4924422898612058,8192
submit,1153,4924422898613818,8192
submit,1154,4924422922753706,8192
submit,1155,4924422922758846,8192
submit,1156,4924422922759296,8192
submit,1157,4924422922760186,8192
submit,1158,4924422922760726,8192
submit,1159,4924422922761296,8192
submit,1160,4924422922761996,8192
submit,1161,4924422922762576,8192
submit,1162,4924422922762856,8192
submit,1163,4924422922763216,8192
submit,1164,4924422922763476,8192
submit,1165,4924422922771166,8192
submit,1166,4924422966673094,8192
submit,1167,4924422966678944,8192
submit,1168,4924422966679714,8192
submit,1169,4924422966680024,8192
submit,1170,4924422966680554,8192
submit,1171,4924422966680964,8192
submit,1172,4924422966681364,8192
submit,1173,4924422966681644,8192
submit,1174,4924422966681954,8192
submit,1175,4924422966682444,8192
submit,1176,4924422966682844,8192
submit,1177,4924422966683294,8192
submit,1178,4924422987070730,8192
submit,1179,4924422987077710,8192
submit,1180,4924422987078230,8192
submit,1181,4924422987078500,8192
submit,1182,4924422987079180,8192
submit,1183,4924422987079480,8192
submit,1184,4924422987090930,8192
submit,1185,4924422987092970,8192
submit,1186,4924422987108180,8192
submit,1187,4924422987110610,8192
submit,1188,4924422987111720,8192
submit,1189,4924422987112050,8192
submit,1190,4924422987112360,8192
submit,1191,4924422999467596,8192
submit,1192,4924422999472936,8192
submit,1193,4924422999473426,8192
submit,1194,4924422999474096,8192
submit,1195,4924422999475616,8192
submit,1196,4924422999475996,8192
submit,1197,4924422999476226,8192
submit,1198,4924422999476456,8192
submit,1199,4924422999479646,8192
submit,1200,4924422999480236,8192
submit,1201,4924422999480556,8192
submit,1202,4924422999480786,8192
submit,1203,4924423006410874,8192
submit,1204,4924423006416794,8192
submit,1205,4924423006417104,8192
submit,1206,4924423006417724,8192
submit,1207,4924423006418044,8192
submit,1208,4924423006422414,8192
submit,1209,4924423006422834,8192
submit,1210,4924423006423274,8192
submit,1211,4924423006423764,8192
submit,1212,4924423006424094,8192
submit,1213,4924423006424394,8192
submit,1214,4924423006424724,8192
submit,1215,4924423013477580,8192
submit,1216,4924423013482520,8192
submit,1217,4924423013484280,8192
submit,1218,4924423013484880,8192
submit,1219,4924423013485400,8192
submit,1220,4924423013486270,8192
submit,1221,4924423013486720,8192
submit,1222,4924423013487150,8192
submit,1223,4924423013487460,8192
submit,1224,4924423013488070,8192
submit,1225,4924423013488400,8192
submit,1226,4924423013488750,8192
submit,1227,4924423013489070,8192
submit,1228,4924423019119608,8192
submit,1229,4924423019130168,8192
submit,1230,4924423019130668,8192
submit,1231,4924423019130948,8192
submit,1232,4924423019131268,8192
submit,1233,4924423019131698,8192
submit,1234,4924423019132078,8192
submit,1235,4924423019132308,8192
submit,1236,4924423019132638,8192
submit,1237,4924423019132868,8192
submit,1238,4924423019133188,8192
submit,1239,4924423019133418,8192
submit,1240,4924423026387373,8192
submit,1241,4924423026391033,8192
submit,1242,4924423026391473,8192
submit,1243,4924423026395463,8192
submit,1244,4924423026395963,8192
submit,1245,4924423026396693,8192
submit,1246,4924423026397033,8192
submit,1247,4924423026397263,8192
submit,1248,4924423026397583,8192
submit,1249,4924423026399503,8192
submit,1250,4924423026399743,8192
submit,1251,4924423026411133,8192
submit,1252,4924423026411373,8192
submit,1253,4924423033099752,8192
submit,1254,4924423033104232,8192
submit,1255,4924423033104462,8192
submit,1256,4924423033104692,8192
submit,1257,4924423033104932,8192
submit,1258,4924423033105162,8192
submit,1259,4924423033105402,8192
submit,1260,4924423033105632,8192
submit,1261,4924423033105862,8192
submit,1262,4924423033106102,8192
submit,1263,4924423033106342,8192
submit,1264,4924423033106572,8192
submit,1265,4924423033106812,8192
submit,1266,4924423041557708,8192
submit,1267,4924423041562958,8192
submit,1268,4924423041563338,8192
submit,1269,4924423041563808,8192
submit,1270,4924423041564638,8192
submit,1271,4924423041564878,8192
submit,1272,4924423041572588,8192
submit,1273,4924423041572818,8192
submit,1274,4924423041573048,8192
submit,1275,4924423041573288,8192
submit,1276,4924423041573518,8192
submit,1277,4924423041573898,8192
submit,1278,4924423049029822,8192
submit,1279,4924423049035412,8192
submit,1280,4924423049035692,8192
submit,1281,4924423049039902,8192
submit,1282,4924423049040242,8192
submit,1283,4924423049040852,8192
submit,1284,4924423049041172,8192
submit,1285,4924423049041502,8192
submit,1286,4924423049041822,8192
submit,1287,4924423049042142,8192
submit,1288,4924423049042472,8192
submit,1289,4924423049042802,8192
submit,1290,4924423049043122,8192
submit,1291,4924423058745348,8192
submit,1292,4924423058750668,8192
submit,1293,4924423058758308,8192
submit,1294,4924423058758818,8192
submit,1295,4924423058759088,8192
submit,1296,4924423058759478,8192
submit,1297,4924423058765878,8192
submit,1298,4924423058766198,8192
submit,1299,4924423058768198,8192
submit,1300,4924423058768478,8192
submit,1301,4924423058768758,8192
submit,1302,4924423058769128,8192
submit,1303,4924423072334676,8192
submit,1304,4924423072339686,8192
submit,1305,4924423072339916,8192
submit,1306,4924423072340326,8192
submit,1307,4924423072340666,8192
submit,1308,4924423072341116,8192
submit,1309,4924423072341456,8192
submit,1310,4924423072341986,8192
submit,1311,4924423072342216,8192
submit,1312,4924423072342446,8192
submit,1313,4924423072346966,8192
submit,1314,4924423072352945,8192
submit,1315,4924423072355055,8192
submit,1316,4924423077704775,8192
submit,1317,4924423077709145,8192
submit,1318,4924423077709825,8192
submit,1319,4924423077710255,8192
submit,1320,4924423077710585,8192
submit,1321,4924423077710815,8192
submit,1322,4924423077711055,8192
submit,1323,4924423077711285,8192
submit,1324,4924423077711625,8192
submit,1325,4924423077712005,8192
submit,1326,4924423077712245,8192
submit,1327,4924423077712595,8192
submit,1328,4924423077712825,8192
submit,1329,4924423082357660,8192
submit,1330,4924423082362560,8192
submit,1331,4924423082362850,8192
submit,1332,4924423082363230,8192
submit,1333,4924423082363660,8192
submit,1334,4924423082364080,8192
submit,1335,4924423082364370,8192
submit,1336,4924423082369070,8192
submit,1337,4924423082369310,8192
submit,1338,4924423082369620,8192
submit,1339,4924423082369850,8192
submit,1340,4924423082370260,8192
submit,1341,4924423082370490,8192
submit,1342,4924423088221656,8192
submit,1343,4924423088225776,8192
submit,1344,4924423088226366,8192
submit,1345,4924423088232775,8192
submit,1346,4924423088233215,8192
submit,1347,4924423088233675,8192
submit,1348,4924423088234105,8192
submit,1349,4924423088235075,8192
submit,1350,4924423088235315,8192
submit,1351,4924423088235555,8192
submit,1352,4924423088235995,8192
submit,1353,4924423088236335,8192
submit,1354,4924423088236675,8192
submit,1355,4924423092658052,8192
submit,1356,4924423092662062,8192
submit,1357,4924423092669382,8192
submit,1358,4924423092669852,8192
submit,1359,4924423092670082,8192
submit,1360,4924423092670482,8192
submit,1361,4924423092670802,8192
submit,1362,4924423092674792,8192
submit,1363,4924423092675042,8192
submit,1364,4924423092675352,8192
submit,1365,4924423092675592,8192
submit,1366,4924423092676192,8192
submit,1367,4924423092676652,8192
submit,1368,4924423092676882,8192
submit,1369,4924423098485618,8192
submit,1370,4924423098489598,8192
submit,1371,4924423098490058,8192
submit,1372,4924423098490548,8192
submit,1373,4924423098491028,8192
submit,1374,4924423098491378,8192
submit,1375,4924423098491708,8192
submit,1376,4924423098492078,8192
submit,1377,4924423098493508,8192
submit,1378,4924423098493818,8192
submit,1379,4924423098500108,8192
submit,1380,4924423098500338,8192
submit,1381,4924423105427656,8192
submit,1382,4924423105433626,8192
submit,1383,4924423105434066,8192
submit,1384,4924423105434766,8192
submit,1385,4924423105435246,8192
submit,1386,4924423105435716,8192
submit,1387,4924423105436246,8192
submit,1388,4924423105436616,8192
submit,1389,4924423105436896,8192
submit,1390,4924423105437166,8192
submit,1391,4924423105437445,8192
submit,1392,4924423105437715,8192
submit,1393,4924423105437995,8192
submit,1394,4924423105438275,8192
submit,1395,4924423112128095,8192
submit,1396,4924423112134535,8192
submit,1397,4924423112134835,8192
submit,1398,4924423112135295,8192
submit,1399,4924423112141635,8192
submit,1400,4924423112150435,8192
submit,1401,4924423112150925,8192
submit,1402,4924423112151395,8192
submit,1403,4924423112152145,8192
submit,1404,4924423112152505,8192
submit,1405,4924423112154545,8192
submit,1406,4924423112154865,8192
submit,1407,4924423112155185,8192
submit,1408,4924423119384430,8192
submit,1409,4924423119393930,8192
submit,1410,4924423119394620,8192
submit,1411,4924423119395020,8192
submit,1412,4924423119395490,8192
submit,1413,4924423119395920,8192
submit,1414,4924423119396340,8192
submit,1415,4924423119396740,8192
submit,1416,4924423119397140,8192
submit,1417,4924423119397730,8192
submit,1418,4924423119398000,8192
submit,1419,4924423119398300,8192
submit,1420,4924423121730682,8192
submit,1421,4924423121766642,2232
submit_done,1422,4924423123278961,6702712
consume_begin,0,4924423123279831,0
consume_end,0,4924423123280671,0
yield_resumed,0,4924423123589318,0
consume_begin,1,4924423123590958,0
consume_end,1,4924423123591218,0
yield_resumed,1,4924423123903346,0
consume_begin,2,4924423123905156,0
consume_end,2,4924423123905396,0
yield_resumed,2,4924423124195514,0
consume_begin,3,4924423124197274,0
consume_end,3,4924423124197544,0
yield_resumed,3,4924423124504681,0
consume_begin,4,4924423124506801,0
consume_end,4,4924423124507001,0
yield_resumed,4,4924423124592341,0
consume_begin,5,4924423124594021,0
consume_end,5,4924423124594161,0
yield_resumed,5,4924423124669500,0
consume_begin,6,4924423124671270,0
consume_end,6,4924423124675970,0
yield_resumed,6,4924423124952158,0
consume_begin,7,4924423124953818,0
consume_end,7,4924423124954078,0
yield_resumed,7,4924423125029817,0
consume_begin,8,4924423125030907,0
consume_end,8,4924423125031087,0
yield_resumed,8,4924423125128957,0
consume_begin,9,4924423125130277,0
consume_end,9,4924423125130457,0
yield_resumed,9,4924423125207236,0
consume_begin,10,4924423125208796,0
consume_end,10,4924423125208976,0
yield_resumed,10,4924423125491934,0
consume_begin,11,4924423125493814,0
consume_end,11,4924423125494074,0
yield_resumed,11,4924423125573023,0
consume_begin,12,4924423125574453,0
consume_end,12,4924423125574583,0
yield_resumed,12,4924423125646213,0
consume_begin,13,4924423125648313,0
consume_end,13,4924423125648563,0
yield_resumed,13,4924423125739412,0
consume_begin,14,4924423125741202,0
consume_end,14,4924423125741482,0
yield_resumed,14,4924423126033420,0
consume_begin,15,4924423126036220,0
consume_end,15,4924423126036490,0
yield_resumed,15,4924423126154029,0
consume_begin,16,4924423126156649,0
consume_end,16,4924423126157199,0
yield_resumed,16,4924423126239318,0
consume_begin,17,4924423126242678,0
consume_end,17,4924423126243208,0
yield_resumed,17,4924423126351028,0
consume_begin,18,4924423126354097,0
consume_end,18,4924423126354457,0
yield_resumed,18,4924423126729975,0
consume_begin,19,4924423126731815,0
consume_end,19,4924423126732115,0
yield_resumed,19,4924423126817294,0
consume_begin,20,4924423126818384,0
consume_end,20,4924423126818964,0
yield_resumed,20,4924423127129672,0
consume_begin,21,4924423127132412,0
consume_end,21,4924423127132672,0
yield_resumed,21,4924423127218721,0
consume_begin,22,4924423127220641,0
consume_end,22,4924423127220861,0
yield_resumed,22,4924423127296810,0
consume_begin,23,4924423127298060,0
consume_end,23,4924423127298230,0
yield_resumed,23,4924423127388150,0
consume_begin,24,4924423127389690,0
consume_end,24,4924423127389980,0
yield_resumed,24,4924423127465549,0
consume_begin,25,4924423127467639,0
consume_end,25,4924423127467899,0
yield_resumed,25,4924423127554298,0
consume_begin,26,4924423127555408,0
consume_end,26,4924423127555918,0
yield_resumed,26,4924423127853286,0
consume_begin,27,4924423127855126,0
consume_end,27,4924423127855356,0
yield_resumed,27,4924423127937976,0
consume_begin,28,4924423127939116,0
consume_end,28,4924423127939346,0
yield_resumed,28,4924423128039755,0
consume_begin,29,4924423128041055,0
consume_end,29,4924423128041345,0
yield_resumed,29,4924423128138284,0
consume_begin,30,4924423128139734,0
consume_end,30,4924423128139944,0
yield_resumed,30,4924423128438612,0
consume_begin,31,4924423128440442,0
consume_end,31,4924423128440752,0
yield_resumed,31,4924423128528021,0
consume_begin,32,4924423128529141,0
consume_end,32,4924423128529521,0
yield_resumed,32,4924423128612790,0
consume_begin,33,4924423128615170,0
consume_end,33,4924423128615400,0
yield_resumed,33,4924423128917778,0
consume_begin,34,4924423128921158,0
consume_end,34,4924423128921578,0
yield_resumed,34,4924423129012997,0
consume_begin,35,4924423129015067,0
consume_end,35,4924423129015387,0
yield_resumed,35,4924423129091727,0
consume_begin,36,4924423129093167,0
consume_end,36,4924423129093487,0
yield_resumed,36,4924423129176046,0
consume_begin,37,4924423129178186,0
consume_end,37,4924423129178556,0
yield_resumed,37,4924423129490054,0
consume_begin,38,4924423129492804,0
consume_end,38,4924423129493124,0
yield_resumed,38,4924423129576313,0
consume_begin,39,4924423129577653,0
consume_end,39,4924423129577893,0
yield_resumed,39,4924423129653833,0
consume_begin,40,4924423129655962,0
consume_end,40,4924423129656262,0
yield_resumed,40,4924423129737262,0
consume_begin,41,4924423129738692,0
consume_end,41,4924423129739042,0
yield_resumed,41,4924423130051980,0
consume_begin,42,4924423130054340,0
consume_end,42,4924423130054670,0
yield_resumed,42,4924423130144369,0
consume_begin,43,4924423130146579,0
consume_end,43,4924423130146919,0
yield_resumed,43,4924423130231298,0
consume_begin,44,4924423130233648,0
consume_end,44,4924423130233958,0
yield_resumed,44,4924423130321058,0
consume_begin,45,4924423130323168,0
consume_end,45,4924423130323428,0
yield_resumed,45,4924423130615545,0
consume_begin,46,4924423130618275,0
consume_end,46,4924423130618595,0
yield_resumed,46,4924423130705825,0
consume_begin,47,4924423130707595,0
consume_end,47,4924423130707875,0
yield_resumed,47,4924423130790104,0
consume_begin,48,4924423130792394,0
consume_end,48,4924423130792784,0
yield_resumed,48,4924423130882653,0
consume_begin,49,4924423130889493,0
consume_end,49,4924423130889963,0
yield_resumed,49,4924423131226131,0
consume_begin,50,4924423131229461,0
consume_end,50,4924423131229721,0
yield_resumed,50,4924423131300030,0
consume_begin,51,4924423131300820,0
consume_end,51,4924423131300930,0
yield_resumed,51,4924423131374510,0
consume_begin,52,4924423131375560,0
consume_end,52,4924423131375770,0
yield_resumed,52,4924423131445049,0
consume_begin,53,4924423131445679,0
consume_end,53,4924423131445779,0
yield_resumed,53,4924423131706377,0
consume_begin,54,4924423131708367,0
consume_end,54,4924423131708467,0
yield_resumed,54,4924423131798076,0
consume_begin,55,4924423131799676,0
consume_end,55,4924423131799776,0
yield_resumed,55,4924423131873876,0
consume_begin,56,4924423131874926,0
consume_end,56,4924423131875106,0
yield_resumed,56,4924423131959365,0
consume_begin,57,4924423131960585,0
consume_end,57,4924423131960765,0
yield_resumed,57,4924423132214593,0
consume_begin,58,4924423132215643,0
consume_end,58,4924423132215903,0
yield_resumed,58,4924423132300353,0
consume_begin,59,4924423132301643,0
consume_end,59,4924423132301953,0
yield_resumed,59,4924423132381772,0
consume_begin,60,4924423132382632,0
consume_end,60,4924423132382932,0
yield_resumed,60,4924423132467821,0
consume_begin,61,4924423133068327,0
consume_end,61,4924423133068657,0
yield_resumed,61,4924423133161356,0
consume_begin,62,4924423133163436,0
consume_end,62,4924423133163696,0
yield_resumed,62,4924423133255465,0
consume_begin,63,4924423133257795,0
consume_end,63,4924423133257975,0
yield_resumed,63,4924423133349055,0
consume_begin,64,4924423133349915,0
consume_end,64,4924423133350165,0
yield_resumed,64,4924423133438234,0
consume_begin,65,4924423133440904,0
consume_end,65,4924423133441004,0
yield_resumed,65,4924423133536653,0
consume_begin,66,4924423133537343,0
consume_end,66,4924423151720336,0
yield_resumed,66,4924423151783135,0
consume_begin,67,4924423151785975,0
consume_end,67,4924423151786255,0
yield_resumed,67,4924423151844995,0
consume_begin,68,4924423151846135,0
consume_end,68,4924423166778072,0
yield_resumed,68,4924423166801692,0
consume_begin,69,4924423166803102,0
consume_end,69,4924423166803802,0
yield_resumed,69,4924423166838862,0
consume_begin,70,4924423166841612,0
consume_end,70,4924423179334057,0
yield_resumed,70,4924423179410167,0
consume_begin,71,4924423179411657,0
consume_end,71,4924423179411897,0
yield_resumed,71,4924423179441166,0
consume_begin,72,4924423179441896,0
consume_end,72,4924423191142608,0
yield_resumed,72,4924423191209638,0
consume_begin,73,4924423191211338,0
consume_end,73,4924423208123590,0
yield_resumed,73,4924423208171399,0
consume_begin,74,4924423208173259,0
consume_end,74,4924423208173769,0
yield_resumed,74,4924423208215359,0
consume_begin,75,4924423208216079,0
consume_end,75,4924423222258663,0
yield_resumed,75,4924423222313932,0
consume_begin,76,4924423222315682,0
consume_end,76,4924423222316232,0
yield_resumed,76,4924423222346852,0
consume_begin,77,4924423222347582,0
consume_end,77,4924423239894480,0
yield_resumed,77,4924423239955199,0
consume_begin,78,4924423239958059,0
consume_end,78,4924423239958629,0
yield_resumed,78,4924423240034168,0
consume_begin,79,4924423240035198,0
consume_end,79,4924423254232071,0
yield_resumed,79,4924423254292421,0
consume_begin,80,4924423254294311,0
consume_end,80,4924423254294881,0
yield_resumed,80,4924423254336800,0
consume_begin,81,4924423254338270,0
consume_end,81,4924423268191866,0
yield_resumed,81,4924423268269595,0
consume_begin,82,4924423268272205,0
consume_end,82,4924423268273125,0
yield_resumed,82,4924423268334935,0
consume_begin,83,4924423268337565,0
consume_end,83,4924423281348976,0
yield_resumed,83,4924423281372536,0
consume_begin,84,4924423281375566,0
consume_end,84,4924423281376136,0
yield_resumed,84,4924423281433326,0
consume_begin,85,4924423281435296,0
consume_end,85,4924423293367996,0
yield_resumed,85,4924423293425175,0
consume_begin,86,4924423293427475,0
consume_end,86,4924423293428225,0
yield_resumed,86,4924423293497025,0
consume_begin,87,4924423293497945,0
consume_end,87,4924423304555531,0
yield_resumed,87,4924423304618781,0
consume_begin,88,4924423304620971,0
consume_end,88,4924423304621701,0
yield_resumed,88,4924423304660090,0
consume_begin,89,4924423304661630,0
consume_end,89,4924423320637940,0
yield_resumed,89,4924423320707229,0
consume_begin,90,4924423320709389,0
consume_end,90,4924423320709899,0
yield_resumed,90,4924423320749009,0
consume_begin,91,4924423320750649,0
consume_end,91,4924423341345103,0
yield_resumed,91,4924423341394093,0
consume_begin,92,4924423341396293,0
consume_end,92,4924423341396773,0
yield_resumed,92,4924423341455332,0
consume_begin,93,4924423341456752,0
consume_end,93,4924423361930907,0
yield_resumed,93,4924423362021007,0
consume_begin,94,4924423362024507,0
consume_end,94,4924423362025127,0
yield_resumed,94,4924423362070096,0
consume_begin,95,4924423362071976,0
consume_end,95,4924423382814990,0
yield_resumed,95,4924423382856049,0
consume_begin,96,4924423382858239,0
consume_end,96,4924423382858699,0
yield_resumed,96,4924423382921419,0
consume_begin,97,4924423382923409,0
consume_end,97,4924423401364290,0
yield_resumed,97,4924423401434089,0
consume_begin,98,4924423401436359,0
consume_end,98,4924423401436839,0
yield_resumed,98,4924423401471519,0
consume_begin,99,4924423401472829,0
consume_end,99,4924423419525722,0
yield_resumed,99,4924423419580492,0
consume_begin,100,4924423419582432,0
consume_end,100,4924423419582822,0
yield_resumed,100,4924423419630852,0
consume_begin,101,4924423419631762,0
consume_end,101,4924423419631892,0
yield_resumed,101,4924423419696151,0
consume_begin,102,4924423419697071,0
consume_end,102,4924423435375423,0
yield_resumed,102,4924423435429462,0
consume_begin,103,4924423435431312,0
consume_end,103,4924423451856328,0
yield_resumed,103,4924423451923138,0
consume_begin,104,4924423451925558,0
consume_end,104,4924423451926078,0
yield_resumed,104,4924423451983677,0
consume_begin,105,4924423451987077,0
consume_end,105,4924423471971896,0
yield_resumed,105,4924423472048226,0
consume_begin,106,4924423472050686,0
consume_end,106,4924423472051276,0
yield_resumed,106,4924423472088075,0
consume_begin,107,4924423472089765,0
consume_end,107,4924423472089995,0
yield_resumed,107,4924423472154165,0
consume_begin,108,4924423472155605,0
consume_end,108,4924423491093442,0
yield_resumed,108,4924423491156621,0
consume_begin,109,4924423491159001,0
consume_end,109,4924423507651357,0
yield_resumed,109,4924423507693596,0
consume_begin,110,4924423507695916,0
consume_end,110,4924423507696486,0
yield_resumed,110,4924423507740216,0
consume_begin,111,4924423507741166,0
consume_end,111,4924423527317378,0
yield_resumed,111,4924423527389087,0
consume_begin,112,4924423527391637,0
consume_end,112,4924423527392197,0
yield_resumed,112,4924423527466797,0
consume_begin,113,4924423527469727,0
consume_end,113,4924423545645870,0
yield_resumed,113,4924423545684369,0
consume_begin,114,4924423545686529,0
consume_end,114,4924423545687039,0
yield_resumed,114,4924423545732049,0
consume_begin,115,4924423545733459,0
consume_end,115,4924423563349716,0
yield_resumed,115,4924423563429765,0
consume_begin,116,4924423563432505,0
consume_end,116,4924423563433255,0
yield_resumed,116,4924423563496635,0
consume_begin,117,4924423563498905,0
consume_end,117,4924423579505844,0
yield_resumed,117,4924423579561693,0
consume_begin,118,4924423579563953,0
consume_end,118,4924423579564493,0
yield_resumed,118,4924423579640473,0
consume_begin,119,4924423579641663,0
consume_end,119,4924423596659314,0
yield_resumed,119,4924423596695064,0
consume_begin,120,4924423596697924,0
consume_end,120,4924423596698404,0
yield_resumed,120,4924423596745364,0
consume_begin,121,4924423596746604,0
consume_end,121,4924423613915204,0
yield_resumed,121,4924423613953814,0
consume_begin,122,4924423613955944,0
consume_end,122,4924423613956624,0
yield_resumed,122,4924423614010963,0
consume_begin,123,4924423614012143,0
consume_end,123,4924423630804346,0
yield_resumed,123,4924423630841766,0
consume_begin,124,4924423630844036,0
consume_end,124,4924423630844646,0
yield_resumed,124,4924423630899656,0
consume_begin,125,4924423630901946,0
consume_end,125,4924423648371913,0
yield_resumed,125,4924423648412273,0
consume_begin,126,4924423648414503,0
consume_end,126,4924423648415323,0
yield_resumed,126,4924423648457963,0
consume_begin,127,4924423648459653,0
consume_end,127,4924423665686623,0
yield_resumed,127,4924423665749492,0
consume_begin,128,4924423665751982,0
consume_end,128,4924423665752512,0
yield_resumed,128,4924423665815812,0
consume_begin,129,4924423665817462,0
consume_end,129,4924423682831093,0
yield_resumed,129,4924423682872373,0
consume_begin,130,4924423682874723,0
consume_end,130,4924423682875563,0
yield_resumed,130,4924423682922762,0
consume_begin,131,4924423682924362,0
consume_end,131,4924423700984976,0
yield_resumed,131,4924423701059436,0
consume_begin,132,4924423701062016,0
consume_end,132,4924423701062516,0
yield_resumed,132,4924423701128165,0
consume_begin,133,4924423701130565,0
consume_end,133,4924423720693397,0
yield_resumed,133,4924423720764167,0
consume_begin,134,4924423720766457,0
consume_end,134,4924423720774387,0
yield_resumed,134,4924423720832796,0
consume_begin,135,4924423720834046,0
consume_end,135,4924423739893042,0
yield_resumed,135,4924423739961352,0
consume_begin,136,4924423739964592,0
consume_end,136,4924423739965292,0
yield_resumed,136,4924423740018391,0
consume_begin,137,4924423740020121,0
consume_end,137,4924423759756452,0
yield_resumed,137,4924423759824062,0
consume_begin,138,4924423759826571,0
consume_end,138,4924423759827261,0
yield_resumed,138,4924423759887181,0
consume_begin,139,4924423759888561,0
consume_end,139,4924423778718689,0
yield_resumed,139,4924423778761908,0
consume_begin,140,4924423778764318,0
consume_end,140,4924423778764968,0
yield_resumed,140,4924423778810648,0
consume_begin,141,4924423778812208,0
consume_end,141,4924423797274019,0
yield_resumed,141,4924423797311948,0
consume_begin,142,4924423797313848,0
consume_end,142,4924423797314218,0
yield_resumed,142,4924423797353368,0
consume_begin,143,4924423797354268,0
consume_end,143,4924423797354388,0
yield_resumed,143,4924423797402268,0
consume_begin,144,4924423797403028,0
consume_end,144,4924423814266970,0
yield_resumed,144,4924423814336440,0
consume_begin,145,4924423814339930,0
consume_end,145,4924423831306962,0
yield_resumed,145,4924423831367651,0
consume_begin,146,4924423831370071,0
consume_end,146,4924423831370491,0
yield_resumed,146,4924423831426261,0
consume_begin,147,4924423831427151,0
consume_end,147,4924423831427271,0
yield_resumed,147,4924423831481660,0
consume_begin,148,4924423831482900,0
consume_end,148,4924423846066020,0
yield_resumed,148,4924423846104910,0
consume_begin,149,4924423846106940,0
consume_end,149,4924423846107440,0
yield_resumed,149,4924423846145269,0
consume_begin,150,4924423846146579,0
consume_end,150,4924423861671252,0
yield_resumed,150,4924423861707902,0
consume_begin,151,4924423861709842,0
consume_end,151,4924423861710092,0
yield_resumed,151,4924423861757131,0
consume_begin,152,4924423861758431,0
consume_end,152,4924423878096968,0
yield_resumed,152,4924423878136418,0
consume_begin,153,4924423878138178,0
consume_end,153,4924423878138778,0
yield_resumed,153,4924423878180627,0
consume_begin,154,4924423878181457,0
consume_end,154,4924423893715300,0
yield_resumed,154,4924423893779120,0
consume_begin,155,4924423893781180,0
consume_end,155,4924423893781510,0
yield_resumed,155,4924423893841359,0
consume_begin,156,4924423893842229,0
consume_end,156,4924423911833203,0
yield_resumed,156,4924423911903823,0
consume_begin,157,4924423911906393,0
consume_end,157,4924423911907003,0
yield_resumed,157,4924423911951912,0
consume_begin,158,4924423911954462,0
consume_end,158,4924423931525934,0
yield_resumed,158,4924423931574334,0
consume_begin,159,4924423931577654,0
consume_end,159,4924423931578644,0
yield_resumed,159,4924423931651223,0
consume_begin,160,4924423931654043,0
consume_end,160,4924423951732642,0
yield_resumed,160,4924423951813011,0
consume_begin,161,4924423951816411,0
consume_end,161,4924423951817041,0
yield_resumed,161,4924423951866701,0
consume_begin,162,4924423951869671,0
consume_end,162,4924423971584272,0
yield_resumed,162,4924423971645831,0
consume_begin,163,4924423971648481,0
consume_end,163,4924423971649041,0
yield_resumed,163,4924423971715371,0
consume_begin,164,4924423971718011,0
consume_end,164,4924423990430019,0
yield_resumed,164,4924423990500859,0
consume_begin,165,4924423990503669,0
consume_end,165,4924423990504319,0
yield_resumed,165,4924423990547018,0
consume_begin,166,4924423990549618,0
consume_end,166,4924424010043691,0
yield_resumed,166,4924424010125051,0
consume_begin,167,4924424010127531,0
consume_end,167,4924424031150902,0
yield_resumed,167,4924424031211401,0
consume_begin,168,4924424031213621,0
consume_end,168,4924424031214051,0
yield_resumed,168,4924424031247701,0
consume_begin,169,4924424031249511,0
consume_end,169,4924424031249741,0
yield_resumed,169,4924424031307671,0
consume_begin,170,4924424031309361,0
consume_end,170,4924424052191923,0
yield_resumed,170,4924424052232902,0
consume_begin,171,4924424052235112,0
consume_end,171,4924424052235562,0
yield_resumed,171,4924424052294112,0
consume_begin,172,4924424052295482,0
consume_end,172,4924424069496962,0
yield_resumed,172,4924424069540562,0
consume_begin,173,4924424069543622,0
consume_end,173,4924424069544172,0
yield_resumed,173,4924424069614071,0
consume_begin,174,4924424069615131,0
consume_end,174,4924424087870943,0
yield_resumed,174,4924424087929993,0
consume_begin,175,4924424087931923,0
consume_end,175,4924424087932743,0
yield_resumed,175,4924424087968232,0
consume_begin,176,4924424087969112,0
consume_end,176,4924424106966899,0
yield_resumed,176,4924424107055278,0
consume_begin,177,4924424107076538,0
consume_end,177,4924424107077318,0
yield_resumed,177,4924424107144628,0
consume_begin,178,4924424107146018,0
consume_end,178,4924424126955868,0
yield_resumed,178,4924424127025667,0
consume_begin,179,4924424127028797,0
consume_end,179,4924424127029347,0
yield_resumed,179,4924424127089937,0
consume_begin,180,4924424127093227,0
consume_end,180,4924424149328379,0
yield_resumed,180,4924424149370249,0
consume_begin,181,4924424149372759,0
consume_end,181,4924424149373249,0
yield_resumed,181,4924424149414768,0
consume_begin,182,4924424149416638,0
consume_end,182,4924424166779017,0
yield_resumed,182,4924424166826837,0
consume_begin,183,4924424166828937,0
consume_end,183,4924424166829447,0
yield_resumed,183,4924424166872016,0
consume_begin,184,4924424166875196,0
consume_end,184,4924424187986147,0
yield_resumed,184,4924424188043596,0
consume_begin,185,4924424188046506,0
consume_end,185,4924424188047086,0
yield_resumed,185,4924424188086156,0
consume_begin,186,4924424188088946,0
consume_end,186,4924424207326461,0
yield_resumed,186,4924424207362640,0
consume_begin,187,4924424207364940,0
consume_end,187,4924424207365460,0
yield_resumed,187,4924424207405460,0
consume_begin,188,4924424207408330,0
consume_end,188,4924424207408470,0
yield_resumed,188,4924424207486499,0
consume_begin,189,4924424207488469,0
consume_end,189,4924424228649660,0
yield_resumed,189,4924424228714799,0
consume_begin,190,4924424228717549,0
consume_end,190,4924424228718069,0
yield_resumed,190,4924424228751809,0
consume_begin,191,4924424228753619,0
consume_end,191,4924424249076785,0
yield_resumed,191,4924424249140495,0
consume_begin,192,4924424249143925,0
consume_end,192,4924424249144545,0
yield_resumed,192,4924424249203594,0
consume_begin,193,4924424249206334,0
consume_end,193,4924424269973737,0
yield_resumed,193,4924424270041327,0
consume_begin,194,4924424270044387,0
consume_end,194,4924424270044937,0
yield_resumed,194,4924424270083137,0
consume_begin,195,4924424270084577,0
consume_end,195,4924424288475448,0
yield_resumed,195,4924424288531477,0
consume_begin,196,4924424288534367,0
consume_end,196,4924424288535147,0
yield_resumed,196,4924424288570247,0
consume_begin,197,4924424288571477,0
consume_end,197,4924424307412355,0
yield_resumed,197,4924424307471074,0
consume_begin,198,4924424307473484,0
consume_end,198,4924424307474024,0
yield_resumed,198,4924424307506934,0
consume_begin,199,4924424307508454,0
consume_end,199,4924424326349012,0
yield_resumed,199,4924424326384541,0
consume_begin,200,4924424326386621,0
consume_end,200,4924424326387101,0
yield_resumed,200,4924424326433341,0
consume_begin,201,4924424326434271,0
consume_end,201,4924424346330141,0
yield_resumed,201,4924424346389140,0
consume_begin,202,4924424346391870,0
consume_end,202,4924424346392350,0
yield_resumed,202,4924424346423730,0
consume_begin,203,4924424346426020,0
consume_end,203,4924424367337722,0
yield_resumed,203,4924424367378652,0
consume_begin,204,4924424367381212,0
consume_end,204,4924424367382052,0
yield_resumed,204,4924424367419721,0
consume_begin,205,4924424367421871,0
consume_end,205,4924424387954436,0
yield_resumed,205,4924424388018446,0
consume_begin,206,4924424388021006,0
consume_end,206,4924424388021586,0
yield_resumed,206,4924424388059735,0
consume_begin,207,4924424388068035,0
consume_end,207,4924424408283773,0
yield_resumed,207,4924424408345132,0
consume_begin,208,4924424408348022,0
consume_end,208,4924424408348632,0
yield_resumed,208,4924424408407792,0
consume_begin,209,4924424408410212,0
consume_end,209,4924424430817992,0
yield_resumed,209,4924424430859842,0
consume_begin,210,4924424430864152,0
consume_end,210,4924424430864842,0
yield_resumed,210,4924424430932621,0
consume_begin,211,4924424430935661,0
consume_end,211,4924424449977728,0
yield_resumed,211,4924424450042377,0
consume_begin,212,4924424450045517,0
consume_end,212,4924424450046027,0
yield_resumed,212,4924424450102397,0
consume_begin,213,4924424450104177,0
consume_end,213,4924424469185372,0
yield_resumed,213,4924424469220072,0
consume_begin,214,4924424469222892,0
consume_end,214,4924424469223482,0
yield_resumed,214,4924424469281172,0
consume_begin,215,4924424469282482,0
consume_end,215,4924424489485899,0
yield_resumed,215,4924424489550529,0
consume_begin,216,4924424489553399,0
consume_end,216,4924424489554119,0
yield_resumed,216,4924424489597848,0
consume_begin,217,4924424489599998,0
consume_end,217,4924424509248010,0
yield_resumed,217,4924424509320529,0
consume_begin,218,4924424509323239,0
consume_end,218,4924424509324029,0
yield_resumed,218,4924424509369359,0
consume_begin,219,4924424509371439,0
consume_end,219,4924424529968663,0
yield_resumed,219,4924424530027083,0
consume_begin,220,4924424530031283,0
consume_end,220,4924424530031873,0
yield_resumed,220,4924424530075572,0
consume_begin,221,4924424530077502,0
consume_end,221,4924424550765076,0
yield_resumed,221,4924424550838146,0
consume_begin,222,4924424550841436,0
consume_end,222,4924424550842036,0
yield_resumed,222,4924424550891485,0
consume_begin,223,4924424550894385,0
consume_end,223,4924424572126015,0
yield_resumed,223,4924424572195494,0
consume_begin,224,4924424572199494,0
consume_end,224,4924424572200084,0
yield_resumed,224,4924424572267464,0
consume_begin,225,4924424572270184,0
consume_end,225,4924424593567153,0
yield_resumed,225,4924424593606373,0
consume_begin,226,4924424593610052,0
consume_end,226,4924424593610702,0
yield_resumed,226,4924424593694022,0
consume_begin,227,4924424593697192,0
consume_end,227,4924424613048346,0
yield_resumed,227,4924424613082965,0
consume_begin,228,4924424613085845,0
consume_end,228,4924424613086345,0
yield_resumed,228,4924424613145745,0
consume_begin,229,4924424613146905,0
consume_end,229,4924424630336325,0
yield_resumed,229,4924424630392925,0
consume_begin,230,4924424630397515,0
consume_end,230,4924424630398355,0
yield_resumed,230,4924424630446484,0
consume_begin,231,4924424630448174,0
consume_end,231,4924424647099808,0
yield_resumed,231,4924424647159808,0
consume_begin,232,4924424647163598,0
consume_end,232,4924424647164268,0
yield_resumed,232,4924424647209768,0
consume_begin,233,4924424647211418,0
consume_end,233,4924424665934206,0
yield_resumed,233,4924424665995156,0
consume_begin,234,4924424665999166,0
consume_end,234,4924424665999856,0
yield_resumed,234,4924424666050955,0
consume_begin,235,4924424666053815,0
consume_end,235,4924424687322555,0
yield_resumed,235,4924424687377104,0
consume_begin,236,4924424687379984,0
consume_end,236,4924424687380584,0
yield_resumed,236,4924424687438174,0
consume_begin,237,4924424687441294,0
consume_end,237,4924424687441614,0
yield_resumed,237,4924424687508753,0
consume_begin,238,4924424687511983,0
consume_end,238,4924424710181632,0
yield_resumed,238,4924424710240172,0
consume_begin,239,4924424710243582,0
consume_end,239,4924424710244202,0
yield_resumed,239,4924424710309931,0
consume_begin,240,4924424710312721,0
consume_end,240,4924424732744242,0
yield_resumed,240,4924424732783721,0
consume_begin,241,4924424732787961,0
consume_end,241,4924424732788581,0
yield_resumed,241,4924424732859661,0
consume_begin,242,4924424732862791,0
consume_end,242,4924424752844060,0
yield_resumed,242,4924424752896069,0
consume_begin,243,4924424752900169,0
consume_end,243,4924424752900959,0
yield_resumed,243,4924424752970879,0
consume_begin,244,4924424752973089,0
consume_end,244,4924424772326352,0
yield_resumed,244,4924424772388232,0
consume_begin,245,4924424772392132,0
consume_end,245,4924424772393112,0
yield_resumed,245,4924424772459031,0
consume_begin,246,4924424772461901,0
consume_end,246,4924424792265922,0
yield_resumed,246,4924424792324891,0
consume_begin,247,4924424792328931,0
consume_end,247,4924424792329661,0
yield_resumed,247,4924424792388921,0
consume_begin,248,4924424792391971,0
consume_end,248,4924424813085315,0
yield_resumed,248,4924424813139134,0
consume_begin,249,4924424813141654,0
consume_end,249,4924424813142154,0
yield_resumed,249,4924424813198864,0
consume_begin,250,4924424813200054,0
consume_end,250,4924424830213825,0
yield_resumed,250,4924424830264085,0
consume_begin,251,4924424830267425,0
consume_end,251,4924424830267995,0
yield_resumed,251,4924424830333744,0
consume_begin,252,4924424830335794,0
consume_end,252,4924424847489205,0
yield_resumed,252,4924424847547254,0
consume_begin,253,4924424847551874,0
consume_end,253,4924424847552714,0
yield_resumed,253,4924424847616204,0
consume_begin,254,4924424847617294,0
consume_end,254,4924424864580056,0
yield_resumed,254,4924424864647085,0
consume_begin,255,4924424864651465,0
consume_end,255,4924424864652535,0
yield_resumed,255,4924424864692505,0
consume_begin,256,4924424864694215,0
consume_end,256,4924424881442908,0
yield_resumed,256,4924424881496548,0
consume_begin,257,4924424881501088,0
consume_end,257,4924424881501878,0
yield_resumed,257,4924424881557147,0
consume_begin,258,4924424881558477,0
consume_end,258,4924424901538776,0
yield_resumed,258,4924424901581766,0
consume_begin,259,4924424901584776,0
consume_end,259,4924424901585256,0
yield_resumed,259,4924424901629086,0
consume_begin,260,4924424901631396,0
consume_end,260,4924424921874163,0
yield_resumed,260,4924424921930392,0
consume_begin,261,4924424921934072,0
consume_end,261,4924424921935012,0
yield_resumed,261,4924424921976502,0
consume_begin,262,4924424921981452,0
consume_end,262,4924424941050238,0
yield_resumed,262,4924424941099978,0
consume_begin,263,4924424941103098,0
consume_end,263,4924424941103618,0
yield_resumed,263,4924424941143657,0
consume_begin,264,4924424941145497,0
consume_end,264,4924424941145727,0
yield_resumed,264,4924424941208987,0
consume_begin,265,4924424941210857,0
consume_end,265,4924424957763822,0
yield_resumed,265,4924424957841081,0
consume_begin,266,4924424957845481,0
consume_end,266,4924424957846061,0
yield_resumed,266,4924424957881521,0
consume_begin,267,4924424957883581,0
consume_end,267,4924424980961636,0
yield_resumed,267,4924424980995856,0
consume_begin,268,4924424980999546,0
consume_end,268,4924424981008116,0
yield_resumed,268,4924424981055096,0
consume_begin,269,4924424981057646,0
consume_end,269,4924424999809914,0
yield_resumed,269,4924424999845954,0
consume_begin,270,4924424999848694,0
consume_end,270,4924424999849174,0
yield_resumed,270,4924424999888713,0
consume_begin,271,4924424999890993,0
consume_end,271,4924425017316912,0
yield_resumed,271,4924425017346831,0
consume_begin,272,4924425017350271,0
consume_end,272,4924425017350961,0
yield_resumed,272,4924425017418811,0
consume_begin,273,4924425017420931,0
consume_end,273,4924425037172402,0
yield_resumed,273,4924425037226471,0
consume_begin,274,4924425037229291,0
consume_end,274,4924425037229771,0
yield_resumed,274,4924425037270051,0
consume_begin,275,4924425037272081,0
consume_end,275,4924425056015589,0
yield_resumed,275,4924425056074359,0
consume_begin,276,4924425056078359,0
consume_end,276,4924425056079119,0
yield_resumed,276,4924425056143978,0
consume_begin,277,4924425056147038,0
consume_end,277,4924425076891592,0
yield_resumed,277,4924425076959421,0
consume_begin,278,4924425076962531,0
consume_end,278,4924425076963091,0
yield_resumed,278,4924425077008091,0
consume_begin,279,4924425077010191,0
consume_end,279,4924425095490591,0
yield_resumed,279,4924425095549591,0
consume_begin,280,4924425095554321,0
consume_end,280,4924425095554931,0
yield_resumed,280,4924425095595610,0
consume_begin,281,4924425095598340,0
consume_end,281,4924425115690509,0
yield_resumed,281,4924425115726748,0
consume_begin,282,4924425115730198,0
consume_end,282,4924425115730838,0
yield_resumed,282,4924425115785908,0
consume_begin,283,4924425115789018,0
consume_end,283,4924425136692540,0
yield_resumed,283,4924425136732570,0
consume_begin,284,4924425136736450,0
consume_end,284,4924425136737170,0
yield_resumed,284,4924425136806739,0
consume_begin,285,4924425136809199,0
consume_end,285,4924425156617240,0
yield_resumed,285,4924425156674729,0
consume_begin,286,4924425156679969,0
consume_end,286,4924425156680619,0
yield_resumed,286,4924425156744179,0
consume_begin,287,4924425156747119,0
consume_end,287,4924425177550571,0
yield_resumed,287,4924425177585831,0
consume_begin,288,4924425177588821,0
consume_end,288,4924425177589771,0
yield_resumed,288,4924425177649341,0
consume_begin,289,4924425177651841,0
consume_end,289,4924425193304632,0
yield_resumed,289,4924425193352772,0
consume_begin,290,4924425193357402,0
consume_end,290,4924425193358232,0
yield_resumed,290,4924425193428891,0
consume_begin,291,4924425193432731,0
consume_end,291,4924425214664121,0
yield_resumed,291,4924425214733140,0
consume_begin,292,4924425214736900,0
consume_end,292,4924425214737520,0
yield_resumed,292,4924425214800980,0
consume_begin,293,4924425214803720,0
consume_end,293,4924425236550896,0
yield_resumed,293,4924425236617245,0
consume_begin,294,4924425236622015,0
consume_end,294,4924425236622615,0
yield_resumed,294,4924425236686765,0
consume_begin,295,4924425236689345,0
consume_end,295,4924425255957209,0
yield_resumed,295,4924425256011499,0
consume_begin,296,4924425256015999,0
consume_end,296,4924425256016668,0
yield_resumed,296,4924425256069008,0
consume_begin,297,4924425256071868,0
consume_end,297,4924425274579708,0
yield_resumed,297,4924425274639078,0
consume_begin,298,4924425274642738,0
consume_end,298,4924425274643218,0
yield_resumed,298,4924425274698097,0
consume_begin,299,4924425274700797,0
consume_end,299,4924425288394524,0
yield_resumed,299,4924425288447624,0
consume_begin,300,4924425288450594,0
consume_end,300,4924425288451154,0
yield_resumed,300,4924425288506163,0
consume_begin,301,4924425288508003,0
consume_end,301,4924425308966329,0
yield_resumed,301,4924425309051268,0
consume_begin,302,4924425309054108,0
consume_end,302,4924425309054608,0
yield_resumed,302,4924425309090458,0
consume_begin,303,4924425309092508,0
consume_end,303,4924425326957673,0
yield_resumed,303,4924425327042922,0
consume_begin,304,4924425327048192,0
consume_end,304,4924425327048872,0
yield_resumed,304,4924425327113311,0
consume_begin,305,4924425327116751,0
consume_end,305,4924425346785153,0
yield_resumed,305,4924425346864172,0
consume_begin,306,4924425346867262,0
consume_end,306,4924425346867862,0
yield_resumed,306,4924425346902322,0
consume_begin,307,4924425346904372,0
consume_end,307,4924425364095152,0
yield_resumed,307,4924425364121022,0
consume_begin,308,4924425364123942,0
consume_end,308,4924425364124472,0
yield_resumed,308,4924425364157262,0
consume_begin,309,4924425364159542,0
consume_end,309,4924425382576473,0
yield_resumed,309,4924425382642022,0
consume_begin,310,4924425382646832,0
consume_end,310,4924425382647662,0
yield_resumed,310,4924425382706072,0
consume_begin,311,4924425382709082,0
consume_end,311,4924425400909924,0
yield_resumed,311,4924425400963064,0
consume_begin,312,4924425400968233,0
consume_end,312,4924425400969173,0
yield_resumed,312,4924425401043363,0
consume_begin,313,4924425401046253,0
consume_end,313,4924425421258850,0
yield_resumed,313,4924425421314420,0
consume_begin,314,4924425421318150,0
consume_end,314,4924425421318780,0
yield_resumed,314,4924425421378129,0
consume_begin,315,4924425421380629,0
consume_end,315,4924425440789213,0
yield_resumed,315,4924425440830993,0
consume_begin,316,4924425440834173,0
consume_end,316,4924425440834683,0
yield_resumed,316,4924425440908482,0
consume_begin,317,4924425440911512,0
consume_end,317,4924425460391685,0
yield_resumed,317,4924425460425814,0
consume_begin,318,4924425460430594,0
consume_end,318,4924425460431464,0
yield_resumed,318,4924425460500394,0
consume_begin,319,4924425460503394,0
consume_end,319,4924425479696399,0
yield_resumed,319,4924425479761228,0
consume_begin,320,4924425479765638,0
consume_end,320,4924425479766608,0
yield_resumed,320,4924425479828798,0
consume_begin,321,4924425479831768,0
consume_end,321,4924425492688891,0
yield_resumed,321,4924425492721080,0
consume_begin,322,4924425492725390,0
consume_end,322,4924425492726100,0
yield_resumed,322,4924425492797700,0
consume_begin,323,4924425492801440,0
consume_end,323,4924425512033255,0
yield_resumed,323,4924425512094734,0
consume_begin,324,4924425512099794,0
consume_end,324,4924425512100704,0
yield_resumed,324,4924425512181063,0
consume_begin,325,4924425512184083,0
consume_end,325,4924425531132770,0
yield_resumed,325,4924425531169160,0
consume_begin,326,4924425531173490,0
consume_end,326,4924425531174440,0
yield_resumed,326,4924425531239530,0
consume_begin,327,4924425531242110,0
consume_end,327,4924425548688678,0
yield_resumed,327,4924425548752327,0
consume_begin,328,4924425548756757,0
consume_end,328,4924425548757327,0
yield_resumed,328,4924425548810837,0
consume_begin,329,4924425548813627,0
consume_end,329,4924425569022794,0
yield_resumed,329,4924425569060104,0
consume_begin,330,4924425569063214,0
consume_end,330,4924425569063784,0
yield_resumed,330,4924425569120753,0
consume_begin,331,4924425569122823,0
consume_end,331,4924425591814002,0
yield_resumed,331,4924425591879281,0
consume_begin,332,4924425591882391,0
consume_end,332,4924425591882941,0
yield_resumed,332,4924425591938861,0
consume_begin,333,4924425591941101,0
consume_end,333,4924425612663965,0
yield_resumed,333,4924425612702344,0
consume_begin,334,4924425612706004,0
consume_end,334,4924425612706814,0
yield_resumed,334,4924425612746314,0
consume_begin,335,4924425612748654,0
consume_end,335,4924425633606296,0
yield_resumed,335,4924425633672046,0
consume_begin,336,4924425633677356,0
consume_end,336,4924425633678276,0
yield_resumed,336,4924425633723656,0
consume_begin,337,4924425633726435,0
consume_end,337,4924425653742414,0
yield_resumed,337,4924425653801274,0
consume_begin,338,4924425653804604,0
consume_end,338,4924425653805494,0
yield_resumed,338,4924425653849663,0
consume_begin,339,4924425653852013,0
consume_end,339,4924425672217055,0
yield_resumed,339,4924425672272864,0
consume_begin,340,4924425672277404,0
consume_end,340,4924425672278134,0
yield_resumed,340,4924425672336604,0
consume_begin,341,4924425672339324,0
consume_end,341,4924425690874364,0
yield_resumed,341,4924425690931733,0
consume_begin,342,4924425690936903,0
consume_end,342,4924425690937593,0
yield_resumed,342,4924425691006913,0
consume_begin,343,4924425691010123,0
consume_end,343,4924425709679982,0
yield_resumed,343,4924425709714251,0
consume_begin,344,4924425709718431,0
consume_end,344,4924425709719191,0
yield_resumed,344,4924425709783881,0
consume_begin,345,4924425709787051,0
consume_end,345,4924425728646338,0
yield_resumed,345,4924425728703228,0
consume_begin,346,4924425728708418,0
consume_end,346,4924425728709278,0
yield_resumed,346,4924425728775577,0
consume_begin,347,4924425728778177,0
consume_end,347,4924425746353215,0
yield_resumed,347,4924425746406734,0
consume_begin,348,4924425746411474,0
consume_end,348,4924425746412224,0
yield_resumed,348,4924425746485264,0
consume_begin,349,4924425746488324,0
consume_end,349,4924425767121848,0
yield_resumed,349,4924425767155398,0
consume_begin,350,4924425767160287,0
consume_end,350,4924425767160947,0
yield_resumed,350,4924425767242557,0
consume_begin,351,4924425767245327,0
consume_end,351,4924425788262938,0
yield_resumed,351,4924425788331848,0
consume_begin,352,4924425788338778,0
consume_end,352,4924425788339668,0
yield_resumed,352,4924425788402667,0
consume_begin,353,4924425788405957,0
consume_end,353,4924425805988774,0
yield_resumed,353,4924425806047014,0
consume_begin,354,4924425806050624,0
consume_end,354,4924425806051234,0
yield_resumed,354,4924425806113933,0
consume_begin,355,4924425806116433,0
consume_end,355,4924425824973881,0
yield_resumed,355,4924425825018751,0
consume_begin,356,4924425825024681,0
consume_end,356,4924425825025721,0
yield_resumed,356,4924425825096740,0
consume_begin,357,4924425825100440,0
consume_end,357,4924425844141656,0
yield_resumed,357,4924425844199946,0
consume_begin,358,4924425844205246,0
consume_end,358,4924425844205986,0
yield_resumed,358,4924425844262315,0
consume_begin,359,4924425844265085,0
consume_end,359,4924425863287581,0
yield_resumed,359,4924425863324121,0
consume_begin,360,4924425863328121,0
consume_end,360,4924425863329011,0
yield_resumed,360,4924425863394051,0
consume_begin,361,4924425863396791,0
consume_end,361,4924425882606436,0
yield_resumed,361,4924425882681645,0
consume_begin,362,4924425882687485,0
consume_end,362,4924425882688535,0
yield_resumed,362,4924425882732145,0
consume_begin,363,4924425882734785,0
consume_end,363,4924425904835958,0
yield_resumed,363,4924425904893417,0
consume_begin,364,4924425904898237,0
consume_end,364,4924425904899017,0
yield_resumed,364,4924425904947847,0
consume_begin,365,4924425904951347,0
consume_end,365,4924425924588798,0
yield_resumed,365,4924425924647308,0
consume_begin,366,4924425924650838,0
consume_end,366,4924425924651418,0
yield_resumed,366,4924425924712097,0
consume_begin,367,4924425924715037,0
consume_end,367,4924425944686947,0
yield_resumed,367,4924425944734076,0
consume_begin,368,4924425944740526,0
consume_end,368,4924425944741456,0
yield_resumed,368,4924425944814156,0
consume_begin,369,4924425944816916,0
consume_end,369,4924425965289921,0
yield_resumed,369,4924425965326121,0
consume_begin,370,4924425965329851,0
consume_end,370,4924425965330421,0
yield_resumed,370,4924425965384280,0
consume_begin,371,4924425965386670,0
consume_end,371,4924425987816151,0
yield_resumed,371,4924425987880120,0
consume_begin,372,4924425987886040,0
consume_end,372,4924425987886930,0
yield_resumed,372,4924425987960190,0
consume_begin,373,4924425987963400,0
consume_end,373,4924426004104748,0
yield_resumed,373,4924426004145237,0
consume_begin,374,4924426004150557,0
consume_end,374,4924426004151297,0
yield_resumed,374,4924426004221377,0
consume_begin,375,4924426004229307,0
consume_end,375,4924426025356907,0
yield_resumed,375,4924426025415607,0
consume_begin,376,4924426025420857,0
consume_end,376,4924426025421667,0
yield_resumed,376,4924426025488286,0
consume_begin,377,4924426025491226,0
consume_end,377,4924426046210890,0
yield_resumed,377,4924426046289949,0
consume_begin,378,4924426046295579,0
consume_end,378,4924426046296539,0
yield_resumed,378,4924426046362479,0
consume_begin,379,4924426046366689,0
consume_end,379,4924426068125524,0
yield_resumed,379,4924426068163124,0
consume_begin,380,4924426068166664,0
consume_end,380,4924426068167284,0
yield_resumed,380,4924426068233653,0
consume_begin,381,4924426068236483,0
consume_end,381,4924426068236953,0
yield_resumed,381,4924426068308353,0
consume_begin,382,4924426068311163,0
consume_end,382,4924426091489598,0
yield_resumed,382,4924426091536197,0
consume_begin,383,4924426091541807,0
consume_end,383,4924426091542607,0
yield_resumed,383,4924426091608197,0
consume_begin,384,4924426091610757,0
consume_end,384,4924426114688083,0
yield_resumed,384,4924426114750172,0
consume_begin,385,4924426114756092,0
consume_end,385,4924426114756812,0
yield_resumed,385,4924426114826081,0
consume_begin,386,4924426114830251,0
consume_end,386,4924426138364324,0
yield_resumed,386,4924426138404833,0
consume_begin,387,4924426138410103,0
consume_end,387,4924426138410923,0
yield_resumed,387,4924426138476963,0
consume_begin,388,4924426138479813,0
consume_end,388,4924426160326928,0
yield_resumed,388,4924426160384157,0
consume_begin,389,4924426160389607,0
consume_end,389,4924426160390447,0
yield_resumed,389,4924426160456417,0
consume_begin,390,4924426160460047,0
consume_end,390,4924426181289079,0
yield_resumed,390,4924426181356189,0
consume_begin,391,4924426181361449,0
consume_end,391,4924426181362159,0
yield_resumed,391,4924426181404639,0
consume_begin,392,4924426181407569,0
consume_end,392,4924426203304183,0
yield_resumed,392,4924426203368823,0
consume_begin,393,4924426203374353,0
consume_end,393,4924426203375203,0
yield_resumed,393,4924426203416932,0
consume_begin,394,4924426203420752,0
consume_end,394,4924426224159215,0
yield_resumed,394,4924426224219005,0
consume_begin,395,4924426224222725,0
consume_end,395,4924426224223325,0
yield_resumed,395,4924426224275425,0
consume_begin,396,4924426224277605,0
consume_end,396,4924426239931667,0
yield_resumed,396,4924426239994726,0
consume_begin,397,4924426239998926,0
consume_end,397,4924426239999686,0
yield_resumed,397,4924426240069785,0
consume_begin,398,4924426240072115,0
consume_end,398,4924426257456314,0
yield_resumed,398,4924426257514544,0
consume_begin,399,4924426257518864,0
consume_end,399,4924426257519434,0
yield_resumed,399,4924426257585863,0
consume_begin,400,4924426257589153,0
consume_end,400,4924426279468428,0
yield_resumed,400,4924426279533127,0
consume_begin,401,4924426279538157,0
consume_end,401,4924426279538967,0
yield_resumed,401,4924426279602137,0
consume_begin,402,4924426279605067,0
consume_end,402,4924426297825389,0
yield_resumed,402,4924426297879659,0
consume_begin,403,4924426297883499,0
consume_end,403,4924426297884419,0
yield_resumed,403,4924426297955538,0
consume_begin,404,4924426297958348,0
consume_end,404,4924426314295975,0
yield_resumed,404,4924426314336804,0
consume_begin,405,4924426314342164,0
consume_end,405,4924426314342994,0
yield_resumed,405,4924426314388914,0
consume_begin,406,4924426314392114,0
consume_end,406,4924426333607009,0
yield_resumed,406,4924426333651609,0
consume_begin,407,4924426333655138,0
consume_end,407,4924426333655698,0
yield_resumed,407,4924426333696688,0
consume_begin,408,4924426333699058,0
consume_end,408,4924426349820766,0
yield_resumed,408,4924426349859676,0
consume_begin,409,4924426349865106,0
consume_end,409,4924426349865896,0
yield_resumed,409,4924426349912286,0
consume_begin,410,4924426349915836,0
consume_end,410,4924426365826125,0
yield_resumed,410,4924426365889795,0
consume_begin,411,4924426365893725,0
consume_end,411,4924426365894285,0
yield_resumed,411,4924426365985954,0
consume_begin,412,4924426365989004,0
consume_end,412,4924426383615871,0
yield_resumed,412,4924426383677811,0
consume_begin,413,4924426383682321,0
consume_end,413,4924426383682781,0
yield_resumed,413,4924426383741790,0
consume_begin,414,4924426383744480,0
consume_end,414,4924426400690182,0
yield_resumed,414,4924426400739222,0
consume_begin,415,4924426400743962,0
consume_end,415,4924426400744462,0
yield_resumed,415,4924426400780232,0
consume_begin,416,4924426400782632,0
consume_end,416,4924426419847488,0
yield_resumed,416,4924426419898367,0
consume_begin,417,4924426419901887,0
consume_end,417,4924426419902527,0
yield_resumed,417,4924426419937937,0
consume_begin,418,4924426419940127,0
consume_end,418,4924426440378172,0
yield_resumed,418,4924426440423022,0
consume_begin,419,4924426440429392,0
consume_end,419,4924426440430272,0
yield_resumed,419,4924426440493292,0
consume_begin,420,4924426440496262,0
consume_end,420,4924426463544847,0
yield_resumed,420,4924426463595347,0
consume_begin,421,4924426463600717,0
consume_end,421,4924426463601477,0
yield_resumed,421,4924426463658207,0
consume_begin,422,4924426463662437,0
consume_end,422,4924426485434712,0
yield_resumed,422,4924426485495952,0
consume_begin,423,4924426485501232,0
consume_end,423,4924426485502112,0
yield_resumed,423,4924426485550521,0
consume_begin,424,4924426485553401,0
consume_end,424,4924426506707181,0
yield_resumed,424,4924426506764071,0
consume_begin,425,4924426506767591,0
consume_end,425,4924426506768141,0
yield_resumed,425,4924426506823681,0
consume_begin,426,4924426506825921,0
consume_end,426,4924426528396528,0
yield_resumed,426,4924426528459247,0
consume_begin,427,4924426528464107,0
consume_end,427,4924426528465287,0
yield_resumed,427,4924426528526247,0
consume_begin,428,4924426528529017,0
consume_end,428,4924426547031457,0
yield_resumed,428,4924426547093386,0
consume_begin,429,4924426547098406,0
consume_end,429,4924426547099246,0
yield_resumed,429,4924426547163806,0
consume_begin,430,4924426547166506,0
consume_end,430,4924426565311459,0
yield_resumed,430,4924426565372698,0
consume_begin,431,4924426565378038,0
consume_end,431,4924426565378838,0
yield_resumed,431,4924426565439578,0
consume_begin,432,4924426565442008,0
consume_end,432,4924426586562578,0
yield_resumed,432,4924426586635008,0
consume_begin,433,4924426586641798,0
consume_end,433,4924426586642678,0
yield_resumed,433,4924426586711207,0
consume_begin,434,4924426586714327,0
consume_end,434,4924426608796620,0
yield_resumed,434,4924426608851120,0
consume_begin,435,4924426608855430,0
consume_end,435,4924426608856020,0
yield_resumed,435,4924426608917179,0
consume_begin,436,4924426608920459,0
consume_end,436,4924426629453764,0
yield_resumed,436,4924426629515354,0
consume_begin,437,4924426629519814,0
consume_end,437,4924426629520754,0
yield_resumed,437,4924426629582863,0
consume_begin,438,4924426629584873,0
consume_end,438,4924426650044069,0
yield_resumed,438,4924426650079969,0
consume_begin,439,4924426650085069,0
consume_end,439,4924426650085869,0
yield_resumed,439,4924426650142748,0
consume_begin,440,4924426650146058,0
consume_end,440,4924426672437380,0
yield_resumed,440,4924426672478029,0
consume_begin,441,4924426672483509,0
consume_end,441,4924426672484409,0
yield_resumed,441,4924426672543819,0
consume_begin,442,4924426672546469,0
consume_end,442,4924426672546939,0
yield_resumed,442,4924426672582599,0
consume_begin,443,4924426672584709,0
consume_end,443,4924426695153558,0
yield_resumed,443,4924426695187758,0
consume_begin,444,4924426695192658,0
consume_end,444,4924426695193408,0
yield_resumed,444,4924426695235078,0
consume_begin,445,4924426695238317,0
consume_end,445,4924426717998416,0
yield_resumed,445,4924426718045705,0
consume_begin,446,4924426718049555,0
consume_end,446,4924426718050295,0
yield_resumed,446,4924426718107595,0
consume_begin,447,4924426718109655,0
consume_end,447,4924426740077619,0
yield_resumed,447,4924426740118109,0
consume_begin,448,4924426740122098,0
consume_end,448,4924426740122658,0
yield_resumed,448,4924426740174988,0
consume_begin,449,4924426740177228,0
consume_end,449,4924426740177498,0
yield_resumed,449,4924426740221528,0
consume_begin,450,4924426740223668,0
consume_end,450,4924426764406655,0
yield_resumed,450,4924426764467795,0
consume_begin,451,4924426764473435,0
consume_end,451,4924426764474335,0
yield_resumed,451,4924426764523544,0
consume_begin,452,4924426764526424,0
consume_end,452,4924426786978485,0
yield_resumed,452,4924426787037554,0
consume_begin,453,4924426787043384,0
consume_end,453,4924426787044244,0
yield_resumed,453,4924426787102394,0
consume_begin,454,4924426787105244,0
consume_end,454,4924426806967184,0
yield_resumed,454,4924426806994853,0
consume_begin,455,4924426807007783,0
consume_end,455,4924426807008683,0
yield_resumed,455,4924426807055283,0
consume_begin,456,4924426807057933,0
consume_end,456,4924426828293283,0
yield_resumed,456,4924426828346582,0
consume_begin,457,4924426828351622,0
consume_end,457,4924426828352382,0
yield_resumed,457,4924426828429841,0
consume_begin,458,4924426828433651,0
consume_end,458,4924426847780725,0
yield_resumed,458,4924426847819105,0
consume_begin,459,4924426847823155,0
consume_end,459,4924426847823895,0
yield_resumed,459,4924426847881885,0
consume_begin,460,4924426847884074,0
consume_end,460,4924426869210804,0
yield_resumed,460,4924426869242983,0
consume_begin,461,4924426869246903,0
consume_end,461,4924426869247513,0
yield_resumed,461,4924426869306173,0
consume_begin,462,4924426869308943,0
consume_end,462,4924426891358486,0
yield_resumed,462,4924426891420916,0
consume_begin,463,4924426891426116,0
consume_end,463,4924426891426876,0
yield_resumed,463,4924426891495425,0
consume_begin,464,4924426891500155,0
consume_end,464,4924426913034622,0
yield_resumed,464,4924426913079992,0
consume_begin,465,4924426913084102,0
consume_end,465,4924426913085092,0
yield_resumed,465,4924426913151482,0
consume_begin,466,4924426913154232,0
consume_end,466,4924426934732659,0
yield_resumed,466,4924426934769308,0
consume_begin,467,4924426934774878,0
consume_end,467,4924426934775738,0
yield_resumed,467,4924426934850108,0
consume_begin,468,4924426934852398,0
consume_end,468,4924426934852768,0
yield_resumed,468,4924426934932517,0
consume_begin,469,4924426934934757,0
consume_end,469,4924426957153769,0
yield_resumed,469,4924426957221459,0
consume_begin,470,4924426957226819,0
consume_end,470,4924426957227659,0
yield_resumed,470,4924426957287568,0
consume_begin,471,4924426957290188,0
consume_end,471,4924426977864373,0
yield_resumed,471,4924426977928182,0
consume_begin,472,4924426977935242,0
consume_end,472,4924426977936142,0
yield_resumed,472,4924426978012722,0
consume_begin,473,4924426978016292,0
consume_end,473,4924426999258191,0
yield_resumed,473,4924426999294271,0
consume_begin,474,4924426999300701,0
consume_end,474,4924426999301571,0
yield_resumed,474,4924426999368770,0
consume_begin,475,4924426999371420,0
consume_end,475,4924427021984240,0
yield_resumed,475,4924427022029589,0
consume_begin,476,4924427022035209,0
consume_end,476,4924427022036429,0
yield_resumed,476,4924427022115719,0
consume_begin,477,4924427022118679,0
consume_end,477,4924427043843805,0
yield_resumed,477,4924427043898804,0
consume_begin,478,4924427043903074,0
consume_end,478,4924427043904044,0
yield_resumed,478,4924427043967074,0
consume_begin,479,4924427043969464,0
consume_end,479,4924427064195511,0
yield_resumed,479,4924427064232810,0
consume_begin,480,4924427064236830,0
consume_end,480,4924427064237430,0
yield_resumed,480,4924427064299480,0
consume_begin,481,4924427064302230,0
consume_end,481,4924427085542340,0
yield_resumed,481,4924427085617949,0
consume_begin,482,4924427085624229,0
consume_end,482,4924427085625259,0
yield_resumed,482,4924427085688418,0
consume_begin,483,4924427085691058,0
consume_end,483,4924427107339845,0
yield_resumed,483,4924427107392754,0
consume_begin,484,4924427107399654,0
consume_end,484,4924427107400364,0
yield_resumed,484,4924427107475454,0
consume_begin,485,4924427107478164,0
consume_end,485,4924427128773293,0
yield_resumed,485,4924427128830693,0
consume_begin,486,4924427128836413,0
consume_end,486,4924427128837263,0
yield_resumed,486,4924427128909842,0
consume_begin,487,4924427128913502,0
consume_end,487,4924427150085582,0
yield_resumed,487,4924427150153102,0
consume_begin,488,4924427150159641,0
consume_end,488,4924427150160661,0
yield_resumed,488,4924427150202251,0
consume_begin,489,4924427150206061,0
consume_end,489,4924427172980299,0
yield_resumed,489,4924427173064419,0
consume_begin,490,4924427173071779,0
consume_end,490,4924427173072629,0
yield_resumed,490,4924427173144828,0
consume_begin,491,4924427173148368,0
consume_end,491,4924427194523736,0
yield_resumed,491,4924427194587126,0
consume_begin,492,4924427194591416,0
consume_end,492,4924427194592096,0
yield_resumed,492,4924427194646305,0
consume_begin,493,4924427194648865,0
consume_end,493,4924427214614115,0
yield_resumed,493,4924427214685154,0
consume_begin,494,4924427214691934,0
consume_end,494,4924427214692874,0
yield_resumed,494,4924427214754114,0
consume_begin,495,4924427214757384,0
consume_end,495,4924427237228774,0
yield_resumed,495,4924427237300073,0
consume_begin,496,4924427237304103,0
consume_end,496,4924427237304763,0
yield_resumed,496,4924427237359213,0
consume_begin,497,4924427237361253,0
consume_end,497,4924427260271870,0
yield_resumed,497,4924427260335549,0
consume_begin,498,4924427260341399,0
consume_end,498,4924427260343149,0
yield_resumed,498,4924427260405329,0
consume_begin,499,4924427260408409,0
consume_end,499,4924427283406315,0
yield_resumed,499,4924427283451005,0
consume_begin,500,4924427283456275,0
consume_end,500,4924427283457165,0
yield_resumed,500,4924427283515254,0
consume_begin,501,4924427283518744,0
consume_end,501,4924427283519254,0
yield_resumed,501,4924427283562614,0
consume_begin,502,4924427283564154,0
consume_end,502,4924427307335404,0
yield_resumed,502,4924427307406774,0
consume_begin,503,4924427307413444,0
consume_end,503,4924427307414294,0
yield_resumed,503,4924427307458693,0
consume_begin,504,4924427307462453,0
consume_end,504,4924427330204192,0
yield_resumed,504,4924427330273761,0
consume_begin,505,4924427330279781,0
consume_end,505,4924427330280741,0
yield_resumed,505,4924427330340551,0
consume_begin,506,4924427330343971,0
consume_end,506,4924427353438716,0
yield_resumed,506,4924427353502486,0
consume_begin,507,4924427353508876,0
consume_end,507,4924427353509656,0
yield_resumed,507,4924427353580325,0
consume_begin,508,4924427353583435,0
consume_end,508,4924427353583975,0
yield_resumed,508,4924427353660764,0
consume_begin,509,4924427353663804,0
consume_end,509,4924427372755550,0
yield_resumed,509,4924427372796860,0
consume_begin,510,4924427372801730,0
consume_end,510,4924427372802410,0
yield_resumed,510,4924427372867979,0
consume_begin,511,4924427372870269,0
consume_end,511,4924427394240308,0
yield_resumed,511,4924427394290798,0
consume_begin,512,4924427394296418,0
consume_end,512,4924427394297258,0
yield_resumed,512,4924427394374027,0
consume_begin,513,4924427394376387,0
consume_end,513,4924427407301319,0
yield_resumed,513,4924427407335699,0
consume_begin,514,4924427407339869,0
consume_end,514,4924427407340749,0
yield_resumed,514,4924427407386799,0
consume_begin,515,4924427407389189,0
consume_end,515,4924427428638868,0
yield_resumed,515,4924427428690228,0
consume_begin,516,4924427428694798,0
consume_end,516,4924427428695458,0
yield_resumed,516,4924427428760887,0
consume_begin,517,4924427428764377,0
consume_end,517,4924427449121824,0
yield_resumed,517,4924427449157763,0
consume_begin,518,4924427449162233,0
consume_end,518,4924427449163003,0
yield_resumed,518,4924427449224503,0
consume_begin,519,4924427449227363,0
consume_end,519,4924427470862929,0
yield_resumed,519,4924427470919229,0
consume_begin,520,4924427470924119,0
consume_end,520,4924427470924949,0
yield_resumed,520,4924427470983498,0
consume_begin,521,4924427470985958,0
consume_end,521,4924427491399674,0
yield_resumed,521,4924427491456044,0
consume_begin,522,4924427491460574,0
consume_end,522,4924427491461404,0
yield_resumed,522,4924427491526773,0
consume_begin,523,4924427491529593,0
consume_end,523,4924427512944292,0
yield_resumed,523,4924427512983021,0
consume_begin,524,4924427512988231,0
consume_end,524,4924427512989101,0
yield_resumed,524,4924427513041781,0
consume_begin,525,4924427513044001,0
consume_end,525,4924427531230723,0
yield_resumed,525,4924427531289033,0
consume_begin,526,4924427531293973,0
consume_end,526,4924427531294593,0
yield_resumed,526,4924427531327583,0
consume_begin,527,4924427531329943,0
consume_end,527,4924427551430311,0
yield_resumed,527,4924427551484251,0
consume_begin,528,4924427551488600,0
consume_end,528,4924427551489310,0
yield_resumed,528,4924427551551050,0
consume_begin,529,4924427551553760,0
consume_end,529,4924427571237711,0
yield_resumed,529,4924427571274501,0
consume_begin,530,4924427571278311,0
consume_end,530,4924427591976765,0
yield_resumed,530,4924427592031094,0
consume_begin,531,4924427592037524,0
consume_end,531,4924427592038444,0
yield_resumed,531,4924427592077294,0
consume_begin,532,4924427592079574,0
consume_end,532,4924427608662899,0
yield_resumed,532,4924427608699268,0
consume_begin,533,4924427608703758,0
consume_end,533,4924427608704408,0
yield_resumed,533,4924427608751358,0
consume_begin,534,4924427608754268,0
consume_end,534,4924427629602250,0
yield_resumed,534,4924427629680810,0
consume_begin,535,4924427629687230,0
consume_end,535,4924427629688090,0
yield_resumed,535,4924427629733819,0
consume_begin,536,4924427629737869,0
consume_end,536,4924427653538670,0
yield_resumed,536,4924427653581789,0
consume_begin,537,4924427653588329,0
consume_end,537,4924427653589399,0
yield_resumed,537,4924427653643369,0
consume_begin,538,4924427653647119,0
consume_end,538,4924427674999738,0
yield_resumed,538,4924427675082237,0
consume_begin,539,4924427675088717,0
consume_end,539,4924427675089527,0
yield_resumed,539,4924427675126587,0
consume_begin,540,4924427675130317,0
consume_end,540,4924427675130857,0
yield_resumed,540,4924427675195446,0
consume_begin,541,4924427675198806,0
consume_end,541,4924427693935175,0
yield_resumed,541,4924427693994524,0
consume_begin,542,4924427694009614,0
consume_end,542,4924427694010674,0
yield_resumed,542,4924427694076724,0
consume_begin,543,4924427694079664,0
consume_end,543,4924427709675596,0
yield_resumed,543,4924427709709386,0
consume_begin,544,4924427709716246,0
consume_end,544,4924427709717056,0
yield_resumed,544,4924427709783125,0
consume_begin,545,4924427709786085,0
consume_end,545,4924427729979832,0
yield_resumed,545,4924427730049782,0
consume_begin,546,4924427730056392,0
consume_end,546,4924427730057562,0
yield_resumed,546,4924427730095032,0
consume_begin,547,4924427730097672,0
consume_end,547,4924427748430553,0
yield_resumed,547,4924427748484843,0
consume_begin,548,4924427748489103,0
consume_end,548,4924427748489923,0
yield_resumed,548,4924427748521892,0
consume_begin,549,4924427748524152,0
consume_end,549,4924427765285306,0
yield_resumed,549,4924427765317696,0
consume_begin,550,4924427765321946,0
consume_end,550,4924427765322716,0
yield_resumed,550,4924427765358265,0
consume_begin,551,4924427765360585,0
consume_end,551,4924427776691780,0
yield_resumed,551,4924427776756949,0
consume_begin,552,4924427776763379,0
consume_end,552,4924427790209518,0
yield_resumed,552,4924427790264347,0
consume_begin,553,4924427790271407,0
consume_end,553,4924427790272517,0
yield_resumed,553,4924427790314987,0
consume_begin,554,4924427790318387,0
consume_end,554,4924427809995558,0
yield_resumed,554,4924427810038238,0
consume_begin,555,4924427810044328,0
consume_end,555,4924427810045128,0
yield_resumed,555,4924427810150547,0
consume_begin,556,4924427810152227,0
consume_end,556,4924427827842693,0
yield_resumed,556,4924427827897393,0
consume_begin,557,4924427827902693,0
consume_end,557,4924427827903763,0
yield_resumed,557,4924427827945793,0
consume_begin,558,4924427827948393,0
consume_end,558,4924427845992706,0
yield_resumed,558,4924427846042796,0
consume_begin,559,4924427846047676,0
consume_end,559,4924427846048586,0
yield_resumed,559,4924427846115325,0
consume_begin,560,4924427846118155,0
consume_end,560,4924427864620756,0
yield_resumed,560,4924427864664195,0
consume_begin,561,4924427864670745,0
consume_end,561,4924427864671865,0
yield_resumed,561,4924427864712465,0
consume_begin,562,4924427864716145,0
consume_end,562,4924427864716615,0
yield_resumed,562,4924427864773324,0
consume_begin,563,4924427864775214,0
consume_end,563,4924427884535555,0
yield_resumed,563,4924427884774583,0
consume_begin,564,4924427884779433,0
consume_end,564,4924427884780123,0
yield_resumed,564,4924427884828643,0
consume_begin,565,4924427884830893,0
consume_end,565,4924427907082065,0
yield_resumed,565,4924427907154304,0
consume_begin,566,4924427907160594,0
consume_end,566,4924427907161774,0
yield_resumed,566,4924427907204124,0
consume_begin,567,4924427907206634,0
consume_end,567,4924427928037647,0
yield_resumed,567,4924427928106636,0
consume_begin,568,4924427928113006,0
consume_end,568,4924427928113846,0
yield_resumed,568,4924427928161866,0
consume_begin,569,4924427928164946,0
consume_end,569,4924427946619736,0
yield_resumed,569,4924427946686996,0
consume_begin,570,4924427946693276,0
consume_end,570,4924427946694106,0
yield_resumed,570,4924427946735496,0
consume_begin,571,4924427946738605,0
consume_end,571,4924427946739175,0
yield_resumed,571,4924427946807715,0
consume_begin,572,4924427946810535,0
consume_end,572,4924427964359532,0
yield_resumed,572,4924427964401212,0
consume_begin,573,4924427964409872,0
consume_end,573,4924427964411192,0
yield_resumed,573,4924427964461152,0
consume_begin,574,4924427964464481,0
consume_end,574,4924427979870455,0
yield_resumed,574,4924427979936025,0
consume_begin,575,4924427979942755,0
consume_end,575,4924427979943735,0
yield_resumed,575,4924427979982574,0
consume_begin,576,4924427979985374,0
consume_end,576,4924427999768065,0
yield_resumed,576,4924427999951523,0
consume_begin,577,4924427999959263,0
consume_end,577,4924427999960313,0
yield_resumed,577,4924428000014303,0
consume_begin,578,4924428000017413,0
consume_end,578,4924428018324185,0
yield_resumed,578,4924428018394174,0
consume_begin,579,4924428018399814,0
consume_end,579,4924428018400584,0
yield_resumed,579,4924428018442474,0
consume_begin,580,4924428018445304,0
consume_end,580,4924428036750506,0
yield_resumed,580,4924428037060013,0
consume_begin,581,4924428037071163,0
consume_end,581,4924428037072063,0
yield_resumed,581,4924428037134983,0
consume_begin,582,4924428037137533,0
consume_end,582,4924428037137943,0
yield_resumed,582,4924428037208072,0
consume_begin,583,4924428037211132,0
consume_end,583,4924428053536869,0
yield_resumed,583,4924428053586498,0
consume_begin,584,4924428053591008,0
consume_end,584,4924428053591708,0
yield_resumed,584,4924428053625538,0
consume_begin,585,4924428053627828,0
consume_end,585,4924428070160053,0
yield_resumed,585,4924428070216383,0
consume_begin,586,4924428070221013,0
consume_end,586,4924428070221753,0
yield_resumed,586,4924428070259883,0
consume_begin,587,4924428070262253,0
consume_end,587,4924428088138528,0
yield_resumed,587,4924428088190037,0
consume_begin,588,4924428088195057,0
consume_end,588,4924428088195717,0
yield_resumed,588,4924428088227677,0
consume_begin,589,4924428088230437,0
consume_end,589,4924428106512159,0
yield_resumed,589,4924428106560108,0
consume_begin,590,4924428106564958,0
consume_end,590,4924428106566038,0
yield_resumed,590,4924428106603898,0
consume_begin,591,4924428106606518,0
consume_end,591,4924428125008339,0
yield_resumed,591,4924428125069529,0
consume_begin,592,4924428125076729,0
consume_end,592,4924428125077599,0
yield_resumed,592,4924428125115868,0
consume_begin,593,4924428125119028,0
consume_end,593,4924428145781902,0
yield_resumed,593,4924428145841272,0
consume_begin,594,4924428145848232,0
consume_end,594,4924428145848912,0
yield_resumed,594,4924428145881611,0
consume_begin,595,4924428145884381,0
consume_end,595,4924428166370267,0
yield_resumed,595,4924428166403686,0
consume_begin,596,4924428166408346,0
consume_end,596,4924428166409156,0
yield_resumed,596,4924428166449846,0
consume_begin,597,4924428166452276,0
consume_end,597,4924428188280491,0
yield_resumed,597,4924428188314301,0
consume_begin,598,4924428188321671,0
consume_end,598,4924428188322991,0
yield_resumed,598,4924428188369641,0
consume_begin,599,4924428188372961,0
consume_end,599,4924428208013142,0
yield_resumed,599,4924428208072302,0
consume_begin,600,4924428208079342,0
consume_end,600,4924428208080242,0
yield_resumed,600,4924428208129721,0
consume_begin,601,4924428208132811,0
consume_end,601,4924428224354289,0
yield_resumed,601,4924428224412898,0
consume_begin,602,4924428224419488,0
consume_end,602,4924428224420518,0
yield_resumed,602,4924428224459388,0
consume_begin,603,4924428224462068,0
consume_end,603,4924428243250846,0
yield_resumed,603,4924428243279366,0
consume_begin,604,4924428243284656,0
consume_end,604,4924428243285376,0
yield_resumed,604,4924428243321116,0
consume_begin,605,4924428243323636,0
consume_end,605,4924428262990557,0
yield_resumed,605,4924428263063106,0
consume_begin,606,4924428263068126,0
consume_end,606,4924428263068866,0
yield_resumed,606,4924428263100676,0
consume_begin,607,4924428263105256,0
consume_end,607,4924428280864532,0
yield_resumed,607,4924428280919482,0
consume_begin,608,4924428280925292,0
consume_end,608,4924428280926092,0
yield_resumed,608,4924428280980711,0
consume_begin,609,4924428280983191,0
consume_end,609,4924428296488924,0
yield_resumed,609,4924428296558973,0
consume_begin,610,4924428296563633,0
consume_end,610,4924428296564373,0
yield_resumed,610,4924428296616213,0
consume_begin,611,4924428296618773,0
consume_end,611,4924428310344959,0
yield_resumed,611,4924428310382429,0
consume_begin,612,4924428310389229,0
consume_end,612,4924428310390239,0
yield_resumed,612,4924428310436759,0
consume_begin,613,4924428310440869,0
consume_end,613,4924428331568959,0
yield_resumed,613,4924428331623689,0
consume_begin,614,4924428331628899,0
consume_end,614,4924428331629619,0
yield_resumed,614,4924428331678818,0
consume_begin,615,4924428331681298,0
consume_end,615,4924428353545473,0
yield_resumed,615,4924428353584103,0
consume_begin,616,4924428353590453,0
consume_end,616,4924428353591523,0
yield_resumed,616,4924428353638582,0
consume_begin,617,4924428353641332,0
consume_end,617,4924428373966739,0
yield_resumed,617,4924428374058388,0
consume_begin,618,4924428374067048,0
consume_end,618,4924428374068198,0
yield_resumed,618,4924428374126748,0
consume_begin,619,4924428374131218,0
consume_end,619,4924428393859229,0
yield_resumed,619,4924428393919888,0
consume_begin,620,4924428393925478,0
consume_end,620,4924428393926208,0
yield_resumed,620,4924428393973518,0
consume_begin,621,4924428393976608,0
consume_end,621,4924428413154703,0
yield_resumed,621,4924428413218203,0
consume_begin,622,4924428413223062,0
consume_end,622,4924428413223852,0
yield_resumed,622,4924428413271562,0
consume_begin,623,4924428413273742,0
consume_end,623,4924428432374228,0
yield_resumed,623,4924428432424497,0
consume_begin,624,4924428432432427,0
consume_end,624,4924428432433517,0
yield_resumed,624,4924428432479967,0
consume_begin,625,4924428432483087,0
consume_end,625,4924428452436746,0
yield_resumed,625,4924428452518496,0
consume_begin,626,4924428452526386,0
consume_end,626,4924428452527386,0
yield_resumed,626,4924428452584745,0
consume_begin,627,4924428452588935,0
consume_end,627,4924428472949241,0
yield_resumed,627,4924428473021431,0
consume_begin,628,4924428473029031,0
consume_end,628,4924428473029971,0
yield_resumed,628,4924428473069981,0
consume_begin,629,4924428473073430,0
consume_end,629,4924428492369915,0
yield_resumed,629,4924428492405955,0
consume_begin,630,4924428492411804,0
consume_end,630,4924428492412734,0
yield_resumed,630,4924428492450314,0
consume_begin,631,4924428492452654,0
consume_end,631,4924428511452641,0
yield_resumed,631,4924428511490310,0
consume_begin,632,4924428511497200,0
consume_end,632,4924428511498240,0
yield_resumed,632,4924428511546110,0
consume_begin,633,4924428511548960,0
consume_end,633,4924428532844379,0
yield_resumed,633,4924428532911779,0
consume_begin,634,4924428532916619,0
consume_end,634,4924428532917479,0
yield_resumed,634,4924428532962548,0
consume_begin,635,4924428532963778,0
consume_end,635,4924428553269905,0
yield_resumed,635,4924428553313095,0
consume_begin,636,4924428553320614,0
consume_end,636,4924428553321504,0
yield_resumed,636,4924428553386354,0
consume_begin,637,4924428553391064,0
consume_end,637,4924428573260594,0
yield_resumed,637,4924428573295404,0
consume_begin,638,4924428573302244,0
consume_end,638,4924428573303254,0
yield_resumed,638,4924428573350563,0
consume_begin,639,4924428573353383,0
consume_end,639,4924428594789901,0
yield_resumed,639,4924428594843211,0
consume_begin,640,4924428594848541,0
consume_end,640,4924428594849371,0
yield_resumed,640,4924428594905830,0
consume_begin,641,4924428594907190,0
consume_end,641,4924428594907580,0
yield_resumed,641,4924428594961370,0
consume_begin,642,4924428594962800,0
consume_end,642,4924428613985946,0
yield_resumed,642,4924428614029526,0
consume_begin,643,4924428614038356,0
consume_end,643,4924428614039496,0
yield_resumed,643,4924428614104596,0
consume_begin,644,4924428614106066,0
consume_end,644,4924428630809339,0
yield_resumed,644,4924428630869759,0
consume_begin,645,4924428630875949,0
consume_end,645,4924428630876799,0
yield_resumed,645,4924428630913909,0
consume_begin,646,4924428630915369,0
consume_end,646,4924428646928448,0
yield_resumed,646,4924428646989627,0
consume_begin,647,4924428646994487,0
consume_end,647,4924428646995287,0
yield_resumed,647,4924428647045517,0
consume_begin,648,4924428647046757,0
consume_end,648,4924428664748243,0
yield_resumed,648,4924428664784883,0
consume_begin,649,4924428664789723,0
consume_end,649,4924428664790443,0
yield_resumed,649,4924428664827562,0
consume_begin,650,4924428664828942,0
consume_end,650,4924428681260988,0
yield_resumed,650,4924428681331968,0
consume_begin,651,4924428681337008,0
consume_end,651,4924428681337878,0
yield_resumed,651,4924428681376087,0
consume_begin,652,4924428681377287,0
consume_end,652,4924428699411681,0
yield_resumed,652,4924428699464721,0
consume_begin,653,4924428699470281,0
consume_end,653,4924428699470951,0
yield_resumed,653,4924428699502221,0
consume_begin,654,4924428699504971,0
consume_end,654,4924428715671128,0
yield_resumed,654,4924428715745888,0
consume_begin,655,4924428715752818,0
consume_end,655,4924428715753828,0
yield_resumed,655,4924428715775238,0
consume_begin,656,4924428715776638,0
consume_end,656,4924428735435249,0
yield_resumed,656,4924428735466979,0
consume_begin,657,4924428735473609,0
consume_end,657,4924428755821545,0
yield_resumed,657,4924428755895855,0
consume_begin,658,4924428755901835,0
consume_end,658,4924428755902615,0
yield_resumed,658,4924428755950824,0
consume_begin,659,4924428755952554,0
consume_end,659,4924428755952964,0
yield_resumed,659,4924428756033274,0
consume_begin,660,4924428756034624,0
consume_end,660,4924428774866272,0
yield_resumed,660,4924428774925501,0
consume_begin,661,4924428774930541,0
consume_end,661,4924428774931271,0
yield_resumed,661,4924428774961301,0
consume_begin,662,4924428774962641,0
consume_end,662,4924428794567703,0
yield_resumed,662,4924428794598412,0
consume_begin,663,4924428794604892,0
consume_end,663,4924428794605622,0
yield_resumed,663,4924428794667772,0
consume_begin,664,4924428794669622,0
consume_end,664,4924428813548219,0
yield_resumed,664,4924428813581659,0
consume_begin,665,4924428813586209,0
consume_end,665,4924428813586759,0
yield_resumed,665,4924428813620329,0
consume_begin,666,4924428813621679,0
consume_end,666,4924428831092827,0
yield_resumed,666,4924428831166116,0
consume_begin,667,4924428831172996,0
consume_end,667,4924428849113201,0
yield_resumed,667,4924428849177660,0
consume_begin,668,4924428849188860,0
consume_end,668,4924428849189900,0
yield_resumed,668,4924428849238720,0
consume_begin,669,4924428849241040,0
consume_end,669,4924428867959908,0
yield_resumed,669,4924428868031528,0
consume_begin,670,4924428868039748,0
consume_end,670,4924428868040658,0
yield_resumed,670,4924428868081578,0
consume_begin,671,4924428868083058,0
consume_end,671,4924428887131434,0
yield_resumed,671,4924428887182973,0
consume_begin,672,4924428887188223,0
consume_end,672,4924428887189073,0
yield_resumed,672,4924428887223013,0
consume_begin,673,4924428887224073,0
consume_end,673,4924428904977489,0
yield_resumed,673,4924428905055758,0
consume_begin,674,4924428905063368,0
consume_end,674,4924428905064228,0
yield_resumed,674,4924428905101188,0
consume_begin,675,4924428905104118,0
consume_end,675,4924428921726282,0
yield_resumed,675,4924428921765972,0
consume_begin,676,4924428921772302,0
consume_end,676,4924428921773192,0
yield_resumed,676,4924428921818642,0
consume_begin,677,4924428921819962,0
consume_end,677,4924428941654492,0
yield_resumed,677,4924428941717702,0
consume_begin,678,4924428941723632,0
consume_end,678,4924428941724342,0
yield_resumed,678,4924428941775811,0
consume_begin,679,4924428941777361,0
consume_end,679,4924428961055596,0
yield_resumed,679,4924428961103715,0
consume_begin,680,4924428961109435,0
consume_end,680,4924428961110345,0
yield_resumed,680,4924428961145765,0
consume_begin,681,4924428961147045,0
consume_end,681,4924428980469379,0
yield_resumed,681,4924428980503359,0
consume_begin,682,4924428980508589,0
consume_end,682,4924428980509359,0
yield_resumed,682,4924428980570108,0
consume_begin,683,4924428980571368,0
consume_end,683,4924428998510223,0
yield_resumed,683,4924428998542042,0
consume_begin,684,4924428998547652,0
consume_end,684,4924428998548492,0
yield_resumed,684,4924428998587952,0
consume_begin,685,4924428998590262,0
consume_end,685,4924429016325698,0
yield_resumed,685,4924429016387668,0
consume_begin,686,4924429016393608,0
consume_end,686,4924429016394348,0
yield_resumed,686,4924429016443397,0
consume_begin,687,4924429016444877,0
consume_end,687,4924429033453269,0
yield_resumed,687,4924429033509328,0
consume_begin,688,4924429033515288,0
consume_end,688,4924429033516068,0
yield_resumed,688,4924429033547368,0
consume_begin,689,4924429033549818,0
consume_end,689,4924429051247014,0
yield_resumed,689,4924429051301984,0
consume_begin,690,4924429051306864,0
consume_end,690,4924429051307774,0
yield_resumed,690,4924429051360933,0
consume_begin,691,4924429051362243,0
consume_end,691,4924429069789694,0
yield_resumed,691,4924429069848164,0
consume_begin,692,4924429069853534,0
consume_end,692,4924429069854554,0
yield_resumed,692,4924429069888534,0
consume_begin,693,4924429069892014,0
consume_end,693,4924429087236943,0
yield_resumed,693,4924429087269602,0
consume_begin,694,4924429087275342,0
consume_end,694,4924429087276232,0
yield_resumed,694,4924429087343502,0
consume_begin,695,4924429087346262,0
consume_end,695,4924429100864990,0
yield_resumed,695,4924429100922309,0
consume_begin,696,4924429100929469,0
consume_end,696,4924429117935071,0
yield_resumed,696,4924429117994000,0
consume_begin,697,4924429118009970,0
consume_end,697,4924429118011130,0
yield_resumed,697,4924429118055830,0
consume_begin,698,4924429118057700,0
consume_end,698,4924429135094581,0
yield_resumed,698,4924429135146951,0
consume_begin,699,4924429135152371,0
consume_end,699,4924429135153201,0
yield_resumed,699,4924429135197120,0
consume_begin,700,4924429135199590,0
consume_end,700,4924429150161187,0
yield_resumed,700,4924429150190057,0
consume_begin,701,4924429150195377,0
consume_end,701,4924429150196127,0
yield_resumed,701,4924429150230347,0
consume_begin,702,4924429150231947,0
consume_end,702,4924429165292203,0
yield_resumed,702,4924429165326583,0
consume_begin,703,4924429165332593,0
consume_end,703,4924429165333243,0
yield_resumed,703,4924429165376503,0
consume_begin,704,4924429165377693,0
consume_end,704,4924429183860683,0
yield_resumed,704,4924429183925332,0
consume_begin,705,4924429183932902,0
consume_end,705,4924429183933832,0
yield_resumed,705,4924429183985272,0
consume_begin,706,4924429183987122,0
consume_end,706,4924429202378263,0
yield_resumed,706,4924429202445303,0
consume_begin,707,4924429202451873,0
consume_end,707,4924429202452813,0
yield_resumed,707,4924429202502572,0
consume_begin,708,4924429202504872,0
consume_end,708,4924429220286228,0
yield_resumed,708,4924429220362017,0
consume_begin,709,4924429220370377,0
consume_end,709,4924429220371357,0
yield_resumed,709,4924429220422727,0
consume_begin,710,4924429220424427,0
consume_end,710,4924429220424977,0
yield_resumed,710,4924429220505196,0
consume_begin,711,4924429220507756,0
consume_end,711,4924429238395361,0
yield_resumed,711,4924429238443991,0
consume_begin,712,4924429238451221,0
consume_end,712,4924429238452251,0
yield_resumed,712,4924429238490230,0
consume_begin,713,4924429238491620,0
consume_end,713,4924429256177407,0
yield_resumed,713,4924429256239896,0
consume_begin,714,4924429256245836,0
consume_end,714,4924429256246956,0
yield_resumed,714,4924429256298686,0
consume_begin,715,4924429256299806,0
consume_end,715,4924429272494764,0
yield_resumed,715,4924429272551533,0
consume_begin,716,4924429272560183,0
consume_end,716,4924429272561403,0
yield_resumed,716,4924429272606773,0
consume_begin,717,4924429272609163,0
consume_end,717,4924429288852120,0
yield_resumed,717,4924429288921530,0
consume_begin,718,4924429288929690,0
consume_end,718,4924429288930770,0
yield_resumed,718,4924429288986289,0
consume_begin,719,4924429288989139,0
consume_end,719,4924429302505977,0
yield_resumed,719,4924429302562287,0
consume_begin,720,4924429302568607,0
consume_end,720,4924429302569417,0
yield_resumed,720,4924429302610286,0
consume_begin,721,4924429302611366,0
consume_end,721,4924429315993695,0
yield_resumed,721,4924429316074524,0
consume_begin,722,4924429316080584,0
consume_end,722,4924429316081574,0
yield_resumed,722,4924429316130904,0
consume_begin,723,4924429316133334,0
consume_end,723,4924429325176396,0
yield_resumed,723,4924429325217576,0
consume_begin,724,4924429325225165,0
consume_end,724,4924429337329104,0
yield_resumed,724,4924429337389324,0
consume_begin,725,4924429337395204,0
consume_end,725,4924429337395894,0
yield_resumed,725,4924429337430303,0
consume_begin,726,4924429337432213,0
consume_end,726,4924429337432663,0
yield_resumed,726,4924429337480163,0
consume_begin,727,4924429337481403,0
consume_end,727,4924429352837097,0
yield_resumed,727,4924429352875707,0
consume_begin,728,4924429352885287,0
consume_end,728,4924429368772377,0
yield_resumed,728,4924429368812716,0
consume_begin,729,4924429368821736,0
consume_end,729,4924429368823086,0
yield_resumed,729,4924429368872796,0
consume_begin,730,4924429368876186,0
consume_end,730,4924429382606472,0
yield_resumed,730,4924429382653802,0
consume_begin,731,4924429382661292,0
consume_end,731,4924429382662172,0
yield_resumed,731,4924429382702641,0
consume_begin,732,4924429382703941,0
consume_end,732,4924429399044528,0
yield_resumed,732,4924429399099068,0
consume_begin,733,4924429399107008,0
consume_end,733,4924429399107978,0
yield_resumed,733,4924429399140807,0
consume_begin,734,4924429399142047,0
consume_end,734,4924429412537276,0
yield_resumed,734,4924429412577726,0
consume_begin,735,4924429412582716,0
consume_end,735,4924429412583686,0
yield_resumed,735,4924429412622135,0
consume_begin,736,4924429412623335,0
consume_end,736,4924429425774086,0
yield_resumed,736,4924429425829926,0
consume_begin,737,4924429425838106,0
consume_end,737,4924429425839216,0
yield_resumed,737,4924429425880015,0
consume_begin,738,4924429425882235,0
consume_end,738,4924429443054266,0
yield_resumed,738,4924429443118225,0
consume_begin,739,4924429443127105,0
consume_end,739,4924429443128575,0
yield_resumed,739,4924429443165825,0
consume_begin,740,4924429443168445,0
consume_end,740,4924429459491762,0
yield_resumed,740,4924429459525131,0
consume_begin,741,4924429459530261,0
consume_end,741,4924429459531501,0
yield_resumed,741,4924429459592251,0
consume_begin,742,4924429459593971,0
consume_end,742,4924429470957335,0
yield_resumed,742,4924429471035564,0
consume_begin,743,4924429471045534,0
consume_end,743,4924429471046474,0
yield_resumed,743,4924429471098214,0
consume_begin,744,4924429471099444,0
consume_end,744,4924429485650524,0
yield_resumed,744,4924429485705234,0
consume_begin,745,4924429485711014,0
consume_end,745,4924429485711774,0
yield_resumed,745,4924429485749293,0
consume_begin,746,4924429485752313,0
consume_end,746,4924429502372578,0
yield_resumed,746,4924429502440027,0
consume_begin,747,4924429502449607,0
consume_end,747,4924429502450807,0
yield_resumed,747,4924429502505297,0
consume_begin,748,4924429502507077,0
consume_end,748,4924429516339672,0
yield_resumed,748,4924429516391852,0
consume_begin,749,4924429516398432,0
consume_end,749,4924429516399152,0
yield_resumed,749,4924429516413552,0
consume_begin,750,4924429516415932,0
consume_end,750,4924429534166058,0
yield_resumed,750,4924429534224007,0
consume_begin,751,4924429534229267,0
consume_end,751,4924429534230117,0
yield_resumed,751,4924429534263257,0
consume_begin,752,4924429534265387,0
consume_end,752,4924429551309028,0
yield_resumed,752,4924429551375268,0
consume_begin,753,4924429551381098,0
consume_end,753,4924429551381908,0
yield_resumed,753,4924429551417417,0
consume_begin,754,4924429551420617,0
consume_end,754,4924429568968975,0
yield_resumed,754,4924429569017725,0
consume_begin,755,4924429569025754,0
consume_end,755,4924429569027074,0
yield_resumed,755,4924429569071154,0
consume_begin,756,4924429569075074,0
consume_end,756,4924429587444005,0
yield_resumed,756,4924429587520915,0
consume_begin,757,4924429587529475,0
consume_end,757,4924429587530505,0
yield_resumed,757,4924429587572764,0
consume_begin,758,4924429587576124,0
consume_end,758,4924429606606161,0
yield_resumed,758,4924429606682760,0
consume_begin,759,4924429606690930,0
consume_end,759,4924429606692040,0
yield_resumed,759,4924429606731160,0
consume_begin,760,4924429606734080,0
consume_end,760,4924429627235755,0
yield_resumed,760,4924429627277425,0
consume_begin,761,4924429627286575,0
consume_end,761,4924429627287725,0
yield_resumed,761,4924429627341994,0
consume_begin,762,4924429627346764,0
consume_end,762,4924429647820640,0
yield_resumed,762,4924429647859819,0
consume_begin,763,4924429647865219,0
consume_end,763,4924429647865969,0
yield_resumed,763,4924429647904499,0
consume_begin,764,4924429647906819,0
consume_end,764,4924429647907289,0
yield_resumed,764,4924429647974108,0
consume_begin,765,4924429647976108,0
consume_end,765,4924429669320487,0
yield_resumed,765,4924429669390147,0
consume_begin,766,4924429669401697,0
consume_end,766,4924429669403187,0
yield_resumed,766,4924429669464136,0
consume_begin,767,4924429669467716,0
consume_end,767,4924429691063093,0
yield_resumed,767,4924429691096823,0
consume_begin,768,4924429691102733,0
consume_end,768,4924429691103593,0
yield_resumed,768,4924429691148022,0
consume_begin,769,4924429691151212,0
consume_end,769,4924429711323160,0
yield_resumed,769,4924429711385990,0
consume_begin,770,4924429711395609,0
consume_end,770,4924429711396539,0
yield_resumed,770,4924429711440299,0
consume_begin,771,4924429711442679,0
consume_end,771,4924429731579807,0
yield_resumed,771,4924429731637547,0
consume_begin,772,4924429731644977,0
consume_end,772,4924429731645947,0
yield_resumed,772,4924429731690656,0
consume_begin,773,4924429731694976,0
consume_end,773,4924429754688132,0
yield_resumed,773,4924429754746912,0
consume_begin,774,4924429754752482,0
consume_end,774,4924429754753462,0
yield_resumed,774,4924429754787852,0
consume_begin,775,4924429754790042,0
consume_end,775,4924429776178910,0
yield_resumed,775,4924429776243090,0
consume_begin,776,4924429776249280,0
consume_end,776,4924429776250190,0
yield_resumed,776,4924429776303359,0
consume_begin,777,4924429776306239,0
consume_end,777,4924429799430805,0
yield_resumed,777,4924429799473854,0
consume_begin,778,4924429799481944,0
consume_end,778,4924429799482964,0
yield_resumed,778,4924429799533074,0
consume_begin,779,4924429799537604,0
consume_end,779,4924429822074784,0
yield_resumed,779,4924429822132753,0
consume_begin,780,4924429822140343,0
consume_end,780,4924429822141373,0
yield_resumed,780,4924429822177983,0
consume_begin,781,4924429822180743,0
consume_end,781,4924429822181453,0
yield_resumed,781,4924429822242992,0
consume_begin,782,4924429822245702,0
consume_end,782,4924429843974088,0
yield_resumed,782,4924429844034218,0
consume_begin,783,4924429844042548,0
consume_end,783,4924429844043548,0
yield_resumed,783,4924429844085118,0
consume_begin,784,4924429844088028,0
consume_end,784,4924429866627767,0
yield_resumed,784,4924429866668877,0
consume_begin,785,4924429866675427,0
consume_end,785,4924429866676217,0
yield_resumed,785,4924429866715937,0
consume_begin,786,4924429866720387,0
consume_end,786,4924429879622429,0
yield_resumed,786,4924429879667369,0
consume_begin,787,4924429879676399,0
consume_end,787,4924429892480762,0
yield_resumed,787,4924429892529212,0
consume_begin,788,4924429892537542,0
consume_end,788,4924429892538862,0
yield_resumed,788,4924429892580841,0
consume_begin,789,4924429892583001,0
consume_end,789,4924429905267106,0
yield_resumed,789,4924429905332965,0
consume_begin,790,4924429905339165,0
consume_end,790,4924429905339975,0
yield_resumed,790,4924429905390205,0
consume_begin,791,4924429905393005,0
consume_end,791,4924429918181558,0
yield_resumed,791,4924429918216968,0
consume_begin,792,4924429918225688,0
consume_end,792,4924429918226818,0
yield_resumed,792,4924429918267777,0
consume_begin,793,4924429918271577,0
consume_end,793,4924429918272437,0
yield_resumed,793,4924429918337697,0
consume_begin,794,4924429918339987,0
consume_end,794,4924429931061441,0
yield_resumed,794,4924429931105080,0
consume_begin,795,4924429931111610,0
consume_end,795,4924429931112390,0
yield_resumed,795,4924429931162770,0
consume_begin,796,4924429931165610,0
consume_end,796,4924429943896064,0
yield_resumed,796,4924429943944664,0
consume_begin,797,4924429943951224,0
consume_end,797,4924429943952324,0
yield_resumed,797,4924429943983783,0
consume_begin,798,4924429943986423,0
consume_end,798,4924429956888226,0
yield_resumed,798,4924429956924985,0
consume_begin,799,4924429956934185,0
consume_end,799,4924429956935255,0
yield_resumed,799,4924429957017425,0
consume_begin,800,4924429957021405,0
consume_end,800,4924429970453233,0
yield_resumed,800,4924429970514703,0
consume_begin,801,4924429970524663,0
consume_end,801,4924429970525773,0
yield_resumed,801,4924429970563333,0
consume_begin,802,4924429970566313,0
consume_end,802,4924429983581854,0
yield_resumed,802,4924429983631224,0
consume_begin,803,4924429983640514,0
consume_end,803,4924429983641484,0
yield_resumed,803,4924429983705243,0
consume_begin,804,4924429983709573,0
consume_end,804,4924429983710193,0
yield_resumed,804,4924429983773733,0
consume_begin,805,4924429983776233,0
consume_end,805,4924429995852442,0
yield_resumed,805,4924429995873581,0
consume_begin,806,4924429995879731,0
consume_end,806,4924429995880581,0
yield_resumed,806,4924429995915311,0
consume_begin,807,4924429995918291,0
consume_end,807,4924430005905456,0
yield_resumed,807,4924430005943935,0
consume_begin,808,4924430005950055,0
consume_end,808,4924430005950865,0
yield_resumed,808,4924430005988205,0
consume_begin,809,4924430005990785,0
consume_end,809,4924430015746661,0
yield_resumed,809,4924430015799211,0
consume_begin,810,4924430015806421,0
consume_end,810,4924430025793735,0
yield_resumed,810,4924430025814155,0
consume_begin,811,4924430025820055,0
consume_end,811,4924430025820825,0
yield_resumed,811,4924430025871225,0
consume_begin,812,4924430025873815,0
consume_end,812,4924430035305064,0
yield_resumed,812,4924430035334173,0
consume_begin,813,4924430035340183,0
consume_end,813,4924430035340863,0
yield_resumed,813,4924430035377633,0
consume_begin,814,4924430035380033,0
consume_end,814,4924430046982615,0
yield_resumed,814,4924430047061385,0
consume_begin,815,4924430047072815,0
consume_end,815,4924430047074105,0
yield_resumed,815,4924430047123714,0
consume_begin,816,4924430047126224,0
consume_end,816,4924430058584908,0
yield_resumed,816,4924430058628428,0
consume_begin,817,4924430058635307,0
consume_end,817,4924430058636297,0
yield_resumed,817,4924430058678477,0
consume_begin,818,4924430058681087,0
consume_end,818,4924430069058899,0
yield_resumed,818,4924430069120138,0
consume_begin,819,4924430069127808,0
consume_end,819,4924430069128618,0
yield_resumed,819,4924430069182788,0
consume_begin,820,4924430069185318,0
consume_end,820,4924430093662383,0
yield_resumed,820,4924430093712393,0
consume_begin,821,4924430093720863,0
consume_end,821,4924430093721973,0
yield_resumed,821,4924430093782612,0
consume_begin,822,4924430093786952,0
consume_end,822,4924430111811376,0
yield_resumed,822,4924430111859416,0
consume_begin,823,4924430111869345,0
consume_end,823,4924430111870615,0
yield_resumed,823,4924430111934785,0
consume_begin,824,4924430111938485,0
consume_end,824,4924430131765915,0
yield_resumed,824,4924430131822635,0
consume_begin,825,4924430131832255,0
consume_end,825,4924430131833725,0
yield_resumed,825,4924430131897354,0
consume_begin,826,4924430131901694,0
consume_end,826,4924430151877743,0
yield_resumed,826,4924430151923173,0
consume_begin,827,4924430151933013,0
consume_end,827,4924430151933953,0
yield_resumed,827,4924430151979433,0
consume_begin,828,4924430151982693,0
consume_end,828,4924430151983363,0
yield_resumed,828,4924430152061842,0
consume_begin,829,4924430152064192,0
consume_end,829,4924430172363859,0
yield_resumed,829,4924430172416618,0
consume_begin,830,4924430172426278,0
consume_end,830,4924430172427408,0
yield_resumed,830,4924430172499468,0
consume_begin,831,4924430172503398,0
consume_end,831,4924430190054535,0
yield_resumed,831,4924430190111715,0
consume_begin,832,4924430190121085,0
consume_end,832,4924430190122405,0
yield_resumed,832,4924430190184784,0
consume_begin,833,4924430190187904,0
consume_end,833,4924430206495471,0
yield_resumed,833,4924430206570360,0
consume_begin,834,4924430206579430,0
consume_end,834,4924430206580600,0
yield_resumed,834,4924430206615140,0
consume_begin,835,4924430206617670,0
consume_end,835,4924430225680266,0
yield_resumed,835,4924430225725766,0
consume_begin,836,4924430225735176,0
consume_end,836,4924430225736406,0
yield_resumed,836,4924430225802235,0
consume_begin,837,4924430225805455,0
consume_end,837,4924430225806045,0
yield_resumed,837,4924430225866735,0
consume_begin,838,4924430225868745,0
consume_end,838,4924430243281173,0
yield_resumed,838,4924430243335893,0
consume_begin,839,4924430243342873,0
consume_end,839,4924430258750366,0
yield_resumed,839,4924430258802276,0
consume_begin,840,4924430258809416,0
consume_end,840,4924430258810286,0
yield_resumed,840,4924430258867936,0
consume_begin,841,4924430258870576,0
consume_end,841,4924430258871086,0
yield_resumed,841,4924430258939295,0
consume_begin,842,4924430258941425,0
consume_end,842,4924430272450103,0
yield_resumed,842,4924430272502503,0
consume_begin,843,4924430272512073,0
consume_end,843,4924430272513123,0
yield_resumed,843,4924430272574322,0
consume_begin,844,4924430272577952,0
consume_end,844,4924430292922488,0
yield_resumed,844,4924430292952818,0
consume_begin,845,4924430292962278,0
consume_end,845,4924430292963628,0
yield_resumed,845,4924430293030498,0
consume_begin,846,4924430293034428,0
consume_end,846,4924430308947807,0
yield_resumed,846,4924430309000087,0
consume_begin,847,4924430309017547,0
consume_end,847,4924430328619189,0
yield_resumed,847,4924430328676878,0
consume_begin,848,4924430328683068,0
consume_end,848,4924430328684108,0
yield_resumed,848,4924430328737278,0
consume_begin,849,4924430328740108,0
consume_end,849,4924430328740618,0
yield_resumed,849,4924430328778068,0
consume_begin,850,4924430328779988,0
consume_end,850,4924430347451207,0
yield_resumed,850,4924430347507986,0
consume_begin,851,4924430347516256,0
consume_end,851,4924430347517396,0
yield_resumed,851,4924430347577586,0
consume_begin,852,4924430347580586,0
consume_end,852,4924430365460061,0
yield_resumed,852,4924430365497950,0
consume_begin,853,4924430365505210,0
consume_end,853,4924430365506100,0
yield_resumed,853,4924430365572970,0
consume_begin,854,4924430365575610,0
consume_end,854,4924430384062660,0
yield_resumed,854,4924430384095990,0
consume_begin,855,4924430384104320,0
consume_end,855,4924430384105620,0
yield_resumed,855,4924430384168929,0
consume_begin,856,4924430384172259,0
consume_end,856,4924430401093232,0
yield_resumed,856,4924430401146011,0
consume_begin,857,4924430401154561,0
consume_end,857,4924430401155701,0
yield_resumed,857,4924430401220291,0
consume_begin,858,4924430401224381,0
consume_end,858,4924430414688569,0
yield_resumed,858,4924430414740419,0
consume_begin,859,4924430414750549,0
consume_end,859,4924430414751949,0
yield_resumed,859,4924430414823428,0
consume_begin,860,4924430414827338,0
consume_end,860,4924430430484670,0
yield_resumed,860,4924430430523789,0
consume_begin,861,4924430430532799,0
consume_end,861,4924430430533869,0
yield_resumed,861,4924430430577109,0
consume_begin,862,4924430430580499,0
consume_end,862,4924430447864658,0
yield_resumed,862,4924430447929328,0
consume_begin,863,4924430447940598,0
consume_end,863,4924430447941968,0
yield_resumed,863,4924430448011537,0
consume_begin,864,4924430448015407,0
consume_end,864,4924430460583413,0
yield_resumed,864,4924430460637282,0
consume_begin,865,4924430460646922,0
consume_end,865,4924430460647992,0
yield_resumed,865,4924430460709932,0
consume_begin,866,4924430460714491,0
consume_end,866,4924430474980714,0
yield_resumed,866,4924430475056553,0
consume_begin,867,4924430475067823,0
consume_end,867,4924430475069053,0
yield_resumed,867,4924430475125893,0
consume_begin,868,4924430475129783,0
consume_end,868,4924430492032205,0
yield_resumed,868,4924430492106124,0
consume_begin,869,4924430492115414,0
consume_end,869,4924430492116434,0
yield_resumed,869,4924430492181704,0
consume_begin,870,4924430492185214,0
consume_end,870,4924430510650534,0
yield_resumed,870,4924430510670924,0
consume_begin,871,4924430510680244,0
consume_end,871,4924430510681344,0
yield_resumed,871,4924430510723434,0
consume_begin,872,4924430510726604,0
consume_end,872,4924430528195532,0
yield_resumed,872,4924430528234962,0
consume_begin,873,4924430528243252,0
consume_end,873,4924430528244372,0
yield_resumed,873,4924430528287861,0
consume_begin,874,4924430528291321,0
consume_end,874,4924430544612818,0
yield_resumed,874,4924430544666058,0
consume_begin,875,4924430544675108,0
consume_end,875,4924430544675978,0
yield_resumed,875,4924430544712077,0
consume_begin,876,4924430544714717,0
consume_end,876,4924430564554398,0
yield_resumed,876,4924430564594767,0
consume_begin,877,4924430564602787,0
consume_end,877,4924430564603847,0
yield_resumed,877,4924430564644307,0
consume_begin,878,4924430564647907,0
consume_end,878,4924430564648587,0
yield_resumed,878,4924430564737056,0
consume_begin,879,4924430564740246,0
consume_end,879,4924430582706680,0
yield_resumed,879,4924430582762650,0
consume_begin,880,4924430582772940,0
consume_end,880,4924430582774250,0
yield_resumed,880,4924430582829229,0
consume_begin,881,4924430582832419,0
consume_end,881,4924430598239733,0
yield_resumed,881,4924430598285323,0
consume_begin,882,4924430598293183,0
consume_end,882,4924430598294563,0
yield_resumed,882,4924430598330632,0
consume_begin,883,4924430598333482,0
consume_end,883,4924430614799928,0
yield_resumed,883,4924430614858818,0
consume_begin,884,4924430614869328,0
consume_end,884,4924430614870548,0
yield_resumed,884,4924430614909177,0
consume_begin,885,4924430614912687,0
consume_end,885,4924430632811852,0
yield_resumed,885,4924430632855802,0
consume_begin,886,4924430632863982,0
consume_end,886,4924430632865142,0
yield_resumed,886,4924430632905021,0
consume_begin,887,4924430632908361,0
consume_end,887,4924430649433847,0
yield_resumed,887,4924430649500026,0
consume_begin,888,4924430649510006,0
consume_end,888,4924430649511186,0
yield_resumed,888,4924430649552676,0
consume_begin,889,4924430649555546,0
consume_end,889,4924430668843960,0
yield_resumed,889,4924430668907500,0
consume_begin,890,4924430668916659,0
consume_end,890,4924430668917809,0
yield_resumed,890,4924430668963559,0
consume_begin,891,4924430668967739,0
consume_end,891,4924430683770697,0
yield_resumed,891,4924430683813617,0
consume_begin,892,4924430683824577,0
consume_end,892,4924430683825677,0
yield_resumed,892,4924430683874257,0
consume_begin,893,4924430683877707,0
consume_end,893,4924430699223351,0
yield_resumed,893,4924430699298810,0
consume_begin,894,4924430699305360,0
consume_end,894,4924430715075401,0
yield_resumed,894,4924430715141290,0
consume_begin,895,4924430715150380,0
consume_end,895,4924430715151960,0
yield_resumed,895,4924430715196840,0
consume_begin,896,4924430715200040,0
consume_end,896,4924430733304803,0
yield_resumed,896,4924430733373043,0
consume_begin,897,4924430733381793,0
consume_end,897,4924430733382803,0
yield_resumed,897,4924430733439292,0
consume_begin,898,4924430733443192,0
consume_end,898,4924430752075942,0
yield_resumed,898,4924430752128231,0
consume_begin,899,4924430752136941,0
consume_end,899,4924430752138091,0
yield_resumed,899,4924430752190411,0
consume_begin,900,4924430752194401,0
consume_end,900,4924430771814233,0
yield_resumed,900,4924430771854582,0
consume_begin,901,4924430771863792,0
consume_end,901,4924430771865262,0
yield_resumed,901,4924430771916072,0
consume_begin,902,4924430771919322,0
consume_end,902,4924430791124347,0
yield_resumed,902,4924430791189186,0
consume_begin,903,4924430791199106,0
consume_end,903,4924430791200126,0
yield_resumed,903,4924430791264306,0
consume_begin,904,4924430791267616,0
consume_end,904,4924430809529438,0
yield_resumed,904,4924430809599317,0
consume_begin,905,4924430809610947,0
consume_end,905,4924430809612327,0
yield_resumed,905,4924430809651267,0
consume_begin,906,4924430809655617,0
consume_end,906,4924430829490727,0
yield_resumed,906,4924430829527567,0
consume_begin,907,4924430829538637,0
consume_end,907,4924430829539807,0
yield_resumed,907,4924430829585146,0
consume_begin,908,4924430829589096,0
consume_end,908,4924430850779076,0
yield_resumed,908,4924430850836956,0
consume_begin,909,4924430850847156,0
consume_end,909,4924430850848296,0
yield_resumed,909,4924430850887436,0
consume_begin,910,4924430850890596,0
consume_end,910,4924430871766428,0
yield_resumed,910,4924430871821688,0
consume_begin,911,4924430871831197,0
consume_end,911,4924430871832297,0
yield_resumed,911,4924430871872207,0
consume_begin,912,4924430871874827,0
consume_end,912,4924430893049277,0
yield_resumed,912,4924430893114627,0
consume_begin,913,4924430893123317,0
consume_end,913,4924430893124367,0
yield_resumed,913,4924430893168856,0
consume_begin,914,4924430893173216,0
consume_end,914,4924430911801616,0
yield_resumed,914,4924430911838105,0
consume_begin,915,4924430911847805,0
consume_end,915,4924430911848905,0
yield_resumed,915,4924430911920975,0
consume_begin,916,4924430911924175,0
consume_end,916,4924430931952714,0
yield_resumed,916,4924430931990833,0
consume_begin,917,4924430931998403,0
consume_end,917,4924430931999573,0
yield_resumed,917,4924430932061753,0
consume_begin,918,4924430932065143,0
consume_end,918,4924430952582708,0
yield_resumed,918,4924430952620507,0
consume_begin,919,4924430952630467,0
consume_end,919,4924430952631497,0
yield_resumed,919,4924430952693047,0
consume_begin,920,4924430952696087,0
consume_end,920,4924430974317504,0
yield_resumed,920,4924430974362763,0
consume_begin,921,4924430974374333,0
consume_end,921,4924430974375433,0
yield_resumed,921,4924430974430913,0
consume_begin,922,4924430974434183,0
consume_end,922,4924430996865853,0
yield_resumed,922,4924430996933733,0
consume_begin,923,4924430996942013,0
consume_end,923,4924430996943073,0
yield_resumed,923,4924430996999182,0
consume_begin,924,4924430997012892,0
consume_end,924,4924431018132183,0
yield_resumed,924,4924431018191332,0
consume_begin,925,4924431018200282,0
consume_end,925,4924431018201282,0
yield_resumed,925,4924431018240922,0
consume_begin,926,4924431018244702,0
consume_end,926,4924431039142774,0
yield_resumed,926,4924431039205294,0
consume_begin,927,4924431039215854,0
consume_end,927,4924431039217224,0
yield_resumed,927,4924431039289943,0
consume_begin,928,4924431039293813,0
consume_end,928,4924431061257397,0
yield_resumed,928,4924431061315357,0
consume_begin,929,4924431061324897,0
consume_end,929,4924431061325927,0
yield_resumed,929,4924431061378666,0
consume_begin,930,4924431061381376,0
consume_end,930,4924431081186227,0
yield_resumed,930,4924431081225767,0
consume_begin,931,4924431081232316,0
consume_end,931,4924431081233506,0
yield_resumed,931,4924431081300256,0
consume_begin,932,4924431081303186,0
consume_end,932,4924431081303736,0
yield_resumed,932,4924431081377925,0
consume_begin,933,4924431081379445,0
consume_end,933,4924431101477554,0
yield_resumed,933,4924431101532443,0
consume_begin,934,4924431101546003,0
consume_end,934,4924431124380881,0
yield_resumed,934,4924431124483470,0
consume_begin,935,4924431124493960,0
consume_end,935,4924431124495210,0
yield_resumed,935,4924431124540399,0
consume_begin,936,4924431124544339,0
consume_end,936,4924431124545179,0
yield_resumed,936,4924431124629679,0
consume_begin,937,4924431124632489,0
consume_end,937,4924431142904541,0
yield_resumed,937,4924431142932360,0
consume_begin,938,4924431142941530,0
consume_end,938,4924431142942850,0
yield_resumed,938,4924431143143979,0
consume_begin,939,4924431143146869,0
consume_end,939,4924431164051051,0
yield_resumed,939,4924431164074081,0
consume_begin,940,4924431164083301,0
consume_end,940,4924431164084431,0
yield_resumed,940,4924431164157960,0
consume_begin,941,4924431164161740,0
consume_end,941,4924431185397590,0
yield_resumed,941,4924431185436720,0
consume_begin,942,4924431185443270,0
consume_end,942,4924431185444150,0
yield_resumed,942,4924431185485259,0
consume_begin,943,4924431185487829,0
consume_end,943,4924431207077896,0
yield_resumed,943,4924431207116796,0
consume_begin,944,4924431207126116,0
consume_end,944,4924431207127246,0
yield_resumed,944,4924431207174465,0
consume_begin,945,4924431207177745,0
consume_end,945,4924431227861679,0
yield_resumed,945,4924431227917819,0
consume_begin,946,4924431227928049,0
consume_end,946,4924431227929209,0
yield_resumed,946,4924431227966699,0
consume_begin,947,4924431227970089,0
consume_end,947,4924431247368012,0
yield_resumed,947,4924431247430632,0
consume_begin,948,4924431247439321,0
consume_end,948,4924431247440391,0
yield_resumed,948,4924431247496201,0
consume_begin,949,4924431247499541,0
consume_end,949,4924431269527195,0
yield_resumed,949,4924431269551745,0
consume_begin,950,4924431269559944,0
consume_end,950,4924431269561044,0
yield_resumed,950,4924431269619414,0
consume_begin,951,4924431269622214,0
consume_end,951,4924431292578311,0
yield_resumed,951,4924431292599001,0
consume_begin,952,4924431292609681,0
consume_end,952,4924431292610730,0
yield_resumed,952,4924431292660970,0
consume_begin,953,4924431292664860,0
consume_end,953,4924431292665580,0
yield_resumed,953,4924431292751919,0
consume_begin,954,4924431292754839,0
consume_end,954,4924431315666536,0
yield_resumed,954,4924431315727796,0
consume_begin,955,4924431315733996,0
consume_end,955,4924431315734866,0
yield_resumed,955,4924431315767636,0
consume_begin,956,4924431315769906,0
consume_end,956,4924431337134194,0
yield_resumed,956,4924431337169814,0
consume_begin,957,4924431337177014,0
consume_end,957,4924431337177954,0
yield_resumed,957,4924431337215524,0
consume_begin,958,4924431337217454,0
consume_end,958,4924431356580467,0
yield_resumed,958,4924431356624787,0
consume_begin,959,4924431356635227,0
consume_end,959,4924431356636357,0
yield_resumed,959,4924431356681307,0
consume_begin,960,4924431356684407,0
consume_end,960,4924431376830035,0
yield_resumed,960,4924431376893454,0
consume_begin,961,4924431376902554,0
consume_end,961,4924431376903734,0
yield_resumed,961,4924431376945344,0
consume_begin,962,4924431376949654,0
consume_end,962,4924431397771546,0
yield_resumed,962,4924431397833166,0
consume_begin,963,4924431397840266,0
consume_end,963,4924431397841156,0
yield_resumed,963,4924431397876416,0
consume_begin,964,4924431397878746,0
consume_end,964,4924431417459518,0
yield_resumed,964,4924431417515307,0
consume_begin,965,4924431417522307,0
consume_end,965,4924431417523397,0
yield_resumed,965,4924431417558157,0
consume_begin,966,4924431417560997,0
consume_end,966,4924431437035890,0
yield_resumed,966,4924431437059220,0
consume_begin,967,4924431437069620,0
consume_end,967,4924431437070780,0
yield_resumed,967,4924431437113479,0
consume_begin,968,4924431437116829,0
consume_end,968,4924431450448539,0
yield_resumed,968,4924431450470989,0
consume_begin,969,4924431450477649,0
consume_end,969,4924431450478539,0
yield_resumed,969,4924431450542458,0
consume_begin,970,4924431450546338,0
consume_end,970,4924431466725806,0
yield_resumed,970,4924431466752446,0
consume_begin,971,4924431466759766,0
consume_end,971,4924431466760756,0
yield_resumed,971,4924431466797385,0
consume_begin,972,4924431466800185,0
consume_end,972,4924431484959328,0
yield_resumed,972,4924431485021108,0
consume_begin,973,4924431485028448,0
consume_end,973,4924431485029378,0
yield_resumed,973,4924431485062467,0
consume_begin,974,4924431485065227,0
consume_end,974,4924431504696089,0
yield_resumed,974,4924431504738139,0
consume_begin,975,4924431504748079,0
consume_end,975,4924431504749279,0
yield_resumed,975,4924431504791349,0
consume_begin,976,4924431504794439,0
consume_end,976,4924431522402496,0
yield_resumed,976,4924431522425275,0
consume_begin,977,4924431522435535,0
consume_end,977,4924431522436715,0
yield_resumed,977,4924431522481545,0
consume_begin,978,4924431522485065,0
consume_end,978,4924431540794687,0
yield_resumed,978,4924431540873656,0
consume_begin,979,4924431540881876,0
consume_end,979,4924431540882906,0
yield_resumed,979,4924431540922996,0
consume_begin,980,4924431540926186,0
consume_end,980,4924431552887135,0
yield_resumed,980,4924431552953675,0
consume_begin,981,4924431552963055,0
consume_end,981,4924431552964305,0
yield_resumed,981,4924431553013264,0
consume_begin,982,4924431553016944,0
consume_end,982,4924431569256892,0
yield_resumed,982,4924431569284872,0
consume_begin,983,4924431569293152,0
consume_end,983,4924431569294242,0
yield_resumed,983,4924431569360541,0
consume_begin,984,4924431569364481,0
consume_end,984,4924431586294553,0
yield_resumed,984,4924431586317443,0
consume_begin,985,4924431586325203,0
consume_end,985,4924431586326263,0
yield_resumed,985,4924431586367723,0
consume_begin,986,4924431586370513,0
consume_end,986,4924431605208980,0
yield_resumed,986,4924431605279120,0
consume_begin,987,4924431605289650,0
consume_end,987,4924431605290790,0
yield_resumed,987,4924431605333879,0
consume_begin,988,4924431605337759,0
consume_end,988,4924431626694008,0
yield_resumed,988,4924431626758278,0
consume_begin,989,4924431626767748,0
consume_end,989,4924431626768948,0
yield_resumed,989,4924431626810447,0
consume_begin,990,4924431626813477,0
consume_end,990,4924431626814247,0
yield_resumed,990,4924431626887007,0
consume_begin,991,4924431626889637,0
consume_end,991,4924431647614840,0
yield_resumed,991,4924431647679370,0
consume_begin,992,4924431647686060,0
consume_end,992,4924431647687520,0
yield_resumed,992,4924431647720499,0
consume_begin,993,4924431647723369,0
consume_end,993,4924431664769171,0
yield_resumed,993,4924431664835940,0
consume_begin,994,4924431664843520,0
consume_end,994,4924431664844530,0
yield_resumed,994,4924431664877930,0
consume_begin,995,4924431664881240,0
consume_end,995,4924431683365790,0
yield_resumed,995,4924431683388600,0
consume_begin,996,4924431683395960,0
consume_end,996,4924431683396870,0
yield_resumed,996,4924431683455840,0
consume_begin,997,4924431683458700,0
consume_end,997,4924431702566475,0
yield_resumed,997,4924431702633715,0
consume_begin,998,4924431702643745,0
consume_end,998,4924431702644935,0
yield_resumed,998,4924431702683295,0
consume_begin,999,4924431702686755,0
consume_end,999,4924431722792253,0
yield_resumed,999,4924431722819912,0
consume_begin,1000,4924431722829392,0
consume_end,1000,4924431722830562,0
yield_resumed,1000,4924431722898672,0
consume_begin,1001,4924431722902092,0
consume_end,1001,4924431744584448,0
yield_resumed,1001,4924431744607528,0
consume_begin,1002,4924431744616418,0
consume_end,1002,4924431744617468,0
yield_resumed,1002,4924431744657528,0
consume_begin,1003,4924431744660898,0
consume_end,1003,4924431766291564,0
yield_resumed,1003,4924431766357114,0
consume_begin,1004,4924431766366774,0
consume_end,1004,4924431766367854,0
yield_resumed,1004,4924431766408223,0
consume_begin,1005,4924431766411313,0
consume_end,1005,4924431766412103,0
yield_resumed,1005,4924431766482903,0
consume_begin,1006,4924431766485443,0
consume_end,1006,4924431787223716,0
yield_resumed,1006,4924431787291316,0
consume_begin,1007,4924431787302716,0
consume_end,1007,4924431787304106,0
yield_resumed,1007,4924431787349495,0
consume_begin,1008,4924431787354025,0
consume_end,1008,4924431807263895,0
yield_resumed,1008,4924431807329054,0
consume_begin,1009,4924431807336234,0
consume_end,1009,4924431807337134,0
yield_resumed,1009,4924431807368744,0
consume_begin,1010,4924431807372564,0
consume_end,1010,4924431823501902,0
yield_resumed,1010,4924431823564422,0
consume_begin,1011,4924431823572252,0
consume_end,1011,4924431823573302,0
yield_resumed,1011,4924431823607382,0
consume_begin,1012,4924431823609942,0
consume_end,1012,4924431836109507,0
yield_resumed,1012,4924431836132037,0
consume_begin,1013,4924431836140527,0
consume_end,1013,4924431836141677,0
yield_resumed,1013,4924431836198117,0
consume_begin,1014,4924431836201737,0
consume_end,1014,4924431848106147,0
yield_resumed,1014,4924431848129127,0
consume_begin,1015,4924431848139436,0
consume_end,1015,4924431848140746,0
yield_resumed,1015,4924431848184266,0
consume_begin,1016,4924431848187376,0
consume_end,1016,4924431870793045,0
yield_resumed,1016,4924431870816415,0
consume_begin,1017,4924431870822855,0
consume_end,1017,4924431870823755,0
yield_resumed,1017,4924431870891185,0
consume_begin,1018,4924431870893985,0
consume_end,1018,4924431870894575,0
yield_resumed,1018,4924431870964564,0
consume_begin,1019,4924431870966324,0
consume_end,1019,4924431870966924,0
yield_resumed,1019,4924431871056793,0
consume_begin,1020,4924431871059033,0
consume_end,1020,4924431880333183,0
yield_resumed,1020,4924431880383663,0
consume_begin,1021,4924431880395063,0
consume_end,1021,4924431880396143,0
yield_resumed,1021,4924431880431913,0
consume_begin,1022,4924431880435293,0
consume_end,1022,4924431889329885,0
yield_resumed,1022,4924431889391525,0
consume_begin,1023,4924431889403085,0
consume_end,1023,4924431889404225,0
yield_resumed,1023,4924431889442975,0
consume_begin,1024,4924431889446335,0
consume_end,1024,4924431897905241,0
yield_resumed,1024,4924431897960210,0
consume_begin,1025,4924431897970770,0
consume_end,1025,4924431897972230,0
yield_resumed,1025,4924431898019550,0
consume_begin,1026,4924431898023010,0
consume_end,1026,4924431907129521,0
yield_resumed,1026,4924431907169421,0
consume_begin,1027,4924431907181271,0
consume_end,1027,4924431907182501,0
yield_resumed,1027,4924431907226160,0
consume_begin,1028,4924431907229920,0
consume_end,1028,4924431907230850,0
yield_resumed,1028,4924431907304560,0
consume_begin,1029,4924431907307650,0
consume_end,1029,4924431919391109,0
yield_resumed,1029,4924431919453418,0
consume_begin,1030,4924431919463518,0
consume_end,1030,4924431919464948,0
yield_resumed,1030,4924431919510038,0
consume_begin,1031,4924431919513918,0
consume_end,1031,4924431936121692,0
yield_resumed,1031,4924431936157742,0
consume_begin,1032,4924431936167672,0
consume_end,1032,4924431936169122,0
yield_resumed,1032,4924431936209202,0
consume_begin,1033,4924431936213711,0
consume_end,1033,4924431957643280,0
yield_resumed,1033,4924431957710939,0
consume_begin,1034,4924431957717859,0
consume_end,1034,4924431957718799,0
yield_resumed,1034,4924431957749919,0
consume_begin,1035,4924431957752919,0
consume_end,1035,4924431978076675,0
yield_resumed,1035,4924431978113535,0
consume_begin,1036,4924431978121205,0
consume_end,1036,4924431978122155,0
yield_resumed,1036,4924431978165405,0
consume_begin,1037,4924431978168085,0
consume_end,1037,4924431999194226,0
yield_resumed,1037,4924431999233936,0
consume_begin,1038,4924431999244686,0
consume_end,1038,4924431999245926,0
yield_resumed,1038,4924431999297235,0
consume_begin,1039,4924431999301575,0
consume_end,1039,4924432019872030,0
yield_resumed,1039,4924432019920380,0
consume_begin,1040,4924432019927959,0
consume_end,1040,4924432019928849,0
yield_resumed,1040,4924432019960889,0
consume_begin,1041,4924432019963899,0
consume_end,1041,4924432019964499,0
yield_resumed,1041,4924432020036129,0
consume_begin,1042,4924432020038039,0
consume_end,1042,4924432032009148,0
yield_resumed,1042,4924432032044848,0
consume_begin,1043,4924432032055718,0
consume_end,1043,4924432032056888,0
yield_resumed,1043,4924432032099638,0
consume_begin,1044,4924432032103048,0
consume_end,1044,4924432044106927,0
yield_resumed,1044,4924432044172106,0
consume_begin,1045,4924432044180396,0
consume_end,1045,4924432044181306,0
yield_resumed,1045,4924432044215526,0
consume_begin,1046,4924432044219036,0
consume_end,1046,4924432060345764,0
yield_resumed,1046,4924432060391714,0
consume_begin,1047,4924432060405594,0
consume_end,1047,4924432060407144,0
yield_resumed,1047,4924432060463803,0
consume_begin,1048,4924432060468143,0
consume_end,1048,4924432078953444,0
yield_resumed,1048,4924432079026293,0
consume_begin,1049,4924432079036373,0
consume_end,1049,4924432079037493,0
yield_resumed,1049,4924432079086253,0
consume_begin,1050,4924432079089623,0
consume_end,1050,4924432096484112,0
yield_resumed,1050,4924432096521191,0
consume_begin,1051,4924432096532551,0
consume_end,1051,4924432096533921,0
yield_resumed,1051,4924432096585421,0
consume_begin,1052,4924432096589401,0
consume_end,1052,4924432116841318,0
yield_resumed,1052,4924432116903797,0
consume_begin,1053,4924432116917427,0
consume_end,1053,4924432116918757,0
yield_resumed,1053,4924432116955827,0
consume_begin,1054,4924432116959317,0
consume_end,1054,4924432129392013,0
yield_resumed,1054,4924432129450273,0
consume_begin,1055,4924432129461113,0
consume_end,1055,4924432129462323,0
yield_resumed,1055,4924432129505962,0
consume_begin,1056,4924432129509452,0
consume_end,1056,4924432144028553,0
yield_resumed,1056,4924432144066202,0
consume_begin,1057,4924432144075722,0
consume_end,1057,4924432144077172,0
yield_resumed,1057,4924432144120452,0
consume_begin,1058,4924432144123472,0
consume_end,1058,4924432167838483,0
yield_resumed,1058,4924432167912572,0
consume_begin,1059,4924432167926882,0
consume_end,1059,4924432167928262,0
yield_resumed,1059,4924432167977922,0
consume_begin,1060,4924432167983042,0
consume_end,1060,4924432167983962,0
yield_resumed,1060,4924432168063821,0
consume_begin,1061,4924432168066721,0
consume_end,1061,4924432181765178,0
yield_resumed,1061,4924432181802457,0
consume_begin,1062,4924432181809827,0
consume_end,1062,4924432181810757,0
yield_resumed,1062,4924432181852977,0
consume_begin,1063,4924432181855877,0
consume_end,1063,4924432193927196,0
yield_resumed,1063,4924432193995915,0
consume_begin,1064,4924432194018845,0
consume_end,1064,4924432194020295,0
yield_resumed,1064,4924432194071085,0
consume_begin,1065,4924432194076505,0
consume_end,1065,4924432208938812,0
yield_resumed,1065,4924432208999402,0
consume_begin,1066,4924432209016852,0
consume_end,1066,4924432209017852,0
yield_resumed,1066,4924432209052792,0
consume_begin,1067,4924432209055452,0
consume_end,1067,4924432224535755,0
yield_resumed,1067,4924432224595894,0
consume_begin,1068,4924432224602954,0
consume_end,1068,4924432224604014,0
yield_resumed,1068,4924432224634534,0
consume_begin,1069,4924432224637534,0
consume_end,1069,4924432240255416,0
yield_resumed,1069,4924432240312956,0
consume_begin,1070,4924432240323556,0
consume_end,1070,4924432240324736,0
yield_resumed,1070,4924432240365615,0
consume_begin,1071,4924432240369285,0
consume_end,1071,4924432258022572,0
yield_resumed,1071,4924432258106861,0
consume_begin,1072,4924432258119181,0
consume_end,1072,4924432258120381,0
yield_resumed,1072,4924432258167431,0
consume_begin,1073,4924432258170831,0
consume_end,1073,4924432274968314,0
yield_resumed,1073,4924432274995524,0
consume_begin,1074,4924432275013894,0
consume_end,1074,4924432275014944,0
yield_resumed,1074,4924432275056913,0
consume_begin,1075,4924432275059493,0
consume_end,1075,4924432292172794,0
yield_resumed,1075,4924432292216554,0
consume_begin,1076,4924432292229304,0
consume_end,1076,4924432292230994,0
yield_resumed,1076,4924432292377663,0
consume_begin,1077,4924432292381843,0
consume_end,1077,4924432310010029,0
yield_resumed,1077,4924432310070719,0
consume_begin,1078,4924432310077739,0
consume_end,1078,4924432310078689,0
yield_resumed,1078,4924432310112359,0
consume_begin,1079,4924432310114779,0
consume_end,1079,4924432328182042,0
yield_resumed,1079,4924432328218632,0
consume_begin,1080,4924432328229462,0
consume_end,1080,4924432328230832,0
yield_resumed,1080,4924432328342201,0
consume_begin,1081,4924432328345581,0
consume_end,1081,4924432345302553,0
yield_resumed,1081,4924432345329253,0
consume_begin,1082,4924432345336623,0
consume_end,1082,4924432345337583,0
yield_resumed,1082,4924432345407932,0
consume_begin,1083,4924432345410702,0
consume_end,1083,4924432363669264,0
yield_resumed,1083,4924432363748064,0
consume_begin,1084,4924432363760974,0
consume_end,1084,4924432363762324,0
yield_resumed,1084,4924432363812813,0
consume_begin,1085,4924432363816433,0
consume_end,1085,4924432381152462,0
yield_resumed,1085,4924432381217202,0
consume_begin,1086,4924432381224542,0
consume_end,1086,4924432381225532,0
yield_resumed,1086,4924432381267682,0
consume_begin,1087,4924432381270232,0
consume_end,1087,4924432401345230,0
yield_resumed,1087,4924432401411559,0
consume_begin,1088,4924432401419419,0
consume_end,1088,4924432401420489,0
yield_resumed,1088,4924432401456899,0
consume_begin,1089,4924432401459969,0
consume_end,1089,4924432401460609,0
yield_resumed,1089,4924432401536699,0
consume_begin,1090,4924432401539159,0
consume_end,1090,4924432419330124,0
yield_resumed,1090,4924432419405414,0
consume_begin,1091,4924432419415494,0
consume_end,1091,4924432419416613,0
yield_resumed,1091,4924432419458383,0
consume_begin,1092,4924432419461843,0
consume_end,1092,4924432437703096,0
yield_resumed,1092,4924432437729175,0
consume_begin,1093,4924432437736855,0
consume_end,1093,4924432437737935,0
yield_resumed,1093,4924432437800655,0
consume_begin,1094,4924432437804785,0
consume_end,1094,4924432455538531,0
yield_resumed,1094,4924432455561851,0
consume_begin,1095,4924432455568931,0
consume_end,1095,4924432455570031,0
yield_resumed,1095,4924432455613940,0
consume_begin,1096,4924432455617130,0
consume_end,1096,4924432473014969,0
yield_resumed,1096,4924432473091408,0
consume_begin,1097,4924432473102018,0
consume_end,1097,4924432473103168,0
yield_resumed,1097,4924432473150218,0
consume_begin,1098,4924432473152698,0
consume_end,1098,4924432489420395,0
yield_resumed,1098,4924432489493545,0
consume_begin,1099,4924432489505114,0
consume_end,1099,4924432489506284,0
yield_resumed,1099,4924432489550144,0
consume_begin,1100,4924432489552584,0
consume_end,1100,4924432507976435,0
yield_resumed,1100,4924432508060404,0
consume_begin,1101,4924432508067464,0
consume_end,1101,4924432508068484,0
yield_resumed,1101,4924432508132194,0
consume_begin,1102,4924432508134734,0
consume_end,1102,4924432526484435,0
yield_resumed,1102,4924432526537045,0
consume_begin,1103,4924432526544865,0
consume_end,1103,4924432526546165,0
yield_resumed,1103,4924432526582715,0
consume_begin,1104,4924432526585735,0
consume_end,1104,4924432546807442,0
yield_resumed,1104,4924432546886891,0
consume_begin,1105,4924432546900161,0
consume_end,1105,4924432546901611,0
yield_resumed,1105,4924432546950171,0
consume_begin,1106,4924432546954151,0
consume_end,1106,4924432546955411,0
yield_resumed,1106,4924432547053990,0
consume_begin,1107,4924432547056550,0
consume_end,1107,4924432565126904,0
yield_resumed,1107,4924432565205703,0
consume_begin,1108,4924432565222633,0
consume_end,1108,4924432565224193,0
yield_resumed,1108,4924432565306292,0
consume_begin,1109,4924432565310272,0
consume_end,1109,4924432582955749,0
yield_resumed,1109,4924432583036198,0
consume_begin,1110,4924432583048868,0
consume_end,1110,4924432583050198,0
yield_resumed,1110,4924432583092898,0
consume_begin,1111,4924432583096068,0
consume_end,1111,4924432601009793,0
yield_resumed,1111,4924432601081912,0
consume_begin,1112,4924432601094532,0
consume_end,1112,4924432601096022,0
yield_resumed,1112,4924432601136062,0
consume_begin,1113,4924432601139422,0
consume_end,1113,4924432619139536,0
yield_resumed,1113,4924432619209125,0
consume_begin,1114,4924432619221655,0
consume_end,1114,4924432619223165,0
yield_resumed,1114,4924432619269485,0
consume_begin,1115,4924432619273285,0
consume_end,1115,4924432638084603,0
yield_resumed,1115,4924432638168502,0
consume_begin,1116,4924432638180552,0
consume_end,1116,4924432638181832,0
yield_resumed,1116,4924432638224352,0
consume_begin,1117,4924432638227712,0
consume_end,1117,4924432638228692,0
yield_resumed,1117,4924432638308681,0
consume_begin,1118,4924432638311811,0
consume_end,1118,4924432656767242,0
yield_resumed,1118,4924432656860731,0
consume_begin,1119,4924432656871241,0
consume_end,1119,4924432656872401,0
yield_resumed,1119,4924432656939821,0
consume_begin,1120,4924432656942921,0
consume_end,1120,4924432674314899,0
yield_resumed,1120,4924432674348319,0
consume_begin,1121,4924432674355649,0
consume_end,1121,4924432674356659,0
yield_resumed,1121,4924432674394159,0
consume_begin,1122,4924432674397199,0
consume_end,1122,4924432690721015,0
yield_resumed,1122,4924432690771235,0
consume_begin,1123,4924432690779435,0
consume_end,1123,4924432690780405,0
yield_resumed,1123,4924432690819425,0
consume_begin,1124,4924432690822085,0
consume_end,1124,4924432708994428,0
yield_resumed,1124,4924432709082237,0
consume_begin,1125,4924432709094407,0
consume_end,1125,4924432709095697,0
yield_resumed,1125,4924432709141856,0
consume_begin,1126,4924432709146506,0
consume_end,1126,4924432728506390,0
yield_resumed,1126,4924432728585060,0
consume_begin,1127,4924432728604180,0
consume_end,1127,4924432728605540,0
yield_resumed,1127,4924432728683499,0
consume_begin,1128,4924432728688539,0
consume_end,1128,4924432748035953,0
yield_resumed,1128,4924432748106322,0
consume_begin,1129,4924432748120702,0
consume_end,1129,4924432748122072,0
yield_resumed,1129,4924432748179042,0
consume_begin,1130,4924432748182522,0
consume_end,1130,4924432764610128,0
yield_resumed,1130,4924432764685187,0
consume_begin,1131,4924432764698057,0
consume_end,1131,4924432764699457,0
yield_resumed,1131,4924432764747627,0
consume_begin,1132,4924432764751547,0
consume_end,1132,4924432782766901,0
yield_resumed,1132,4924432782803280,0
consume_begin,1133,4924432782814180,0
consume_end,1133,4924432782815480,0
yield_resumed,1133,4924432782863810,0
consume_begin,1134,4924432782867180,0
consume_end,1134,4924432800695455,0
yield_resumed,1134,4924432800765335,0
consume_begin,1135,4924432800776325,0
consume_end,1135,4924432800777645,0
yield_resumed,1135,4924432800819464,0
consume_begin,1136,4924432800823044,0
consume_end,1136,4924432800823974,0
yield_resumed,1136,4924432800898564,0
consume_begin,1137,4924432800900784,0
consume_end,1137,4924432819457214,0
yield_resumed,1137,4924432819534613,0
consume_begin,1138,4924432819545833,0
consume_end,1138,4924432819547113,0
yield_resumed,1138,4924432819613242,0
consume_begin,1139,4924432819618162,0
consume_end,1139,4924432838513470,0
yield_resumed,1139,4924432838547180,0
consume_begin,1140,4924432838554809,0
consume_end,1140,4924432838555789,0
yield_resumed,1140,4924432838595139,0
consume_begin,1141,4924432838597719,0
consume_end,1141,4924432855585551,0
yield_resumed,1141,4924432855648510,0
consume_begin,1142,4924432855655340,0
consume_end,1142,4924432855656530,0
yield_resumed,1142,4924432855690250,0
consume_begin,1143,4924432855693460,0
consume_end,1143,4924432873927672,0
yield_resumed,1143,4924432873964292,0
consume_begin,1144,4924432873972112,0
consume_end,1144,4924432873973142,0
yield_resumed,1144,4924432874023962,0
consume_begin,1145,4924432874027242,0
consume_end,1145,4924432874027922,0
yield_resumed,1145,4924432874095731,0
consume_begin,1146,4924432874098511,0
consume_end,1146,4924432892623721,0
yield_resumed,1146,4924432892681301,0
consume_begin,1147,4924432892690601,0
consume_end,1147,4924432892691661,0
yield_resumed,1147,4924432892730211,0
consume_begin,1148,4924432892733191,0
consume_end,1148,4924432911167001,0
yield_resumed,1148,4924432911212731,0
consume_begin,1149,4924432911226931,0
consume_end,1149,4924432911228251,0
yield_resumed,1149,4924432911290290,0
consume_begin,1150,4924432911294280,0
consume_end,1150,4924432928658059,0
yield_resumed,1150,4924432928716789,0
consume_begin,1151,4924432928724349,0
consume_end,1151,4924432928725429,0
yield_resumed,1151,4924432928761988,0
consume_begin,1152,4924432928763358,0
consume_end,1152,4924432945692271,0
yield_resumed,1152,4924432945752900,0
consume_begin,1153,4924432945764720,0
consume_end,1153,4924432945765930,0
yield_resumed,1153,4924432945823400,0
consume_begin,1154,4924432945827980,0
consume_end,1154,4924432961853409,0
yield_resumed,1154,4924432961905268,0
consume_begin,1155,4924432961915628,0
consume_end,1155,4924432961916958,0
yield_resumed,1155,4924432961952688,0
consume_begin,1156,4924432961954788,0
consume_end,1156,4924432980683267,0
yield_resumed,1156,4924432980721606,0
consume_begin,1157,4924432980733996,0
consume_end,1157,4924432980735196,0
yield_resumed,1157,4924432980781046,0
consume_begin,1158,4924432980783356,0
consume_end,1158,4924432997027893,0
yield_resumed,1158,4924432997076033,0
consume_begin,1159,4924432997089663,0
consume_end,1159,4924432997091033,0
yield_resumed,1159,4924432997136552,0
consume_begin,1160,4924432997139112,0
consume_end,1160,4924432997140272,0
yield_resumed,1160,4924432997203352,0
consume_begin,1161,4924432997206572,0
consume_end,1161,4924433014313233,0
yield_resumed,1161,4924433014338312,0
consume_begin,1162,4924433014351302,0
consume_end,1162,4924433029768166,0
yield_resumed,1162,4924433029799476,0
consume_begin,1163,4924433029810596,0
consume_end,1163,4924433029812326,0
yield_resumed,1163,4924433029852625,0
consume_begin,1164,4924433029854785,0
consume_end,1164,4924433042118663,0
yield_resumed,1164,4924433042186612,0
consume_begin,1165,4924433042194642,0
consume_end,1165,4924433042195672,0
yield_resumed,1165,4924433042259392,0
consume_begin,1166,4924433042260962,0
consume_end,1166,4924433053189279,0
yield_resumed,1166,4924433053240249,0
consume_begin,1167,4924433053248359,0
consume_end,1167,4924433053249379,0
yield_resumed,1167,4924433053286268,0
consume_begin,1168,4924433053288098,0
consume_end,1168,4924433069168809,0
yield_resumed,1168,4924433069234308,0
consume_begin,1169,4924433069246498,0
consume_end,1169,4924433069247998,0
yield_resumed,1169,4924433069288968,0
consume_begin,1170,4924433069290998,0
consume_end,1170,4924433089683944,0
yield_resumed,1170,4924433089733353,0
consume_begin,1171,4924433089741953,0
consume_end,1171,4924433089742983,0
yield_resumed,1171,4924433089777363,0
consume_begin,1172,4924433089779093,0
consume_end,1172,4924433109499984,0
yield_resumed,1172,4924433109538924,0
consume_begin,1173,4924433109549714,0
consume_end,1173,4924433109550964,0
yield_resumed,1173,4924433109592033,0
consume_begin,1174,4924433109594603,0
consume_end,1174,4924433130964982,0
yield_resumed,1174,4924433131038282,0
consume_begin,1175,4924433131051751,0
consume_end,1175,4924433131053051,0
yield_resumed,1175,4924433131092971,0
consume_begin,1176,4924433131096321,0
consume_end,1176,4924433153933729,0
yield_resumed,1176,4924433154014848,0
consume_begin,1177,4924433154028418,0
consume_end,1177,4924433154029938,0
yield_resumed,1177,4924433154067948,0
consume_begin,1178,4924433154071198,0
consume_end,1178,4924433176897825,0
yield_resumed,1178,4924433176947755,0
consume_begin,1179,4924433176959095,0
consume_end,1179,4924433176960575,0
yield_resumed,1179,4924433177008024,0
consume_begin,1180,4924433177010884,0
consume_end,1180,4924433177011764,0
yield_resumed,1180,4924433177082274,0
consume_begin,1181,4924433177084864,0
consume_end,1181,4924433198846680,0
yield_resumed,1181,4924433198876219,0
consume_begin,1182,4924433198883859,0
consume_end,1182,4924433198884939,0
yield_resumed,1182,4924433198932039,0
consume_begin,1183,4924433198934049,0
consume_end,1183,4924433219608173,0
yield_resumed,1183,4924433219670012,0
consume_begin,1184,4924433219683972,0
consume_end,1184,4924433219686302,0
yield_resumed,1184,4924433219728612,0
consume_begin,1185,4924433219732302,0
consume_end,1185,4924433238407341,0
yield_resumed,1185,4924433238479120,0
consume_begin,1186,4924433238493110,0
consume_end,1186,4924433238494420,0
yield_resumed,1186,4924433238543510,0
consume_begin,1187,4924433238547280,0
consume_end,1187,4924433254336651,0
yield_resumed,1187,4924433254398310,0
consume_begin,1188,4924433254409980,0
consume_end,1188,4924433254411440,0
yield_resumed,1188,4924433254451010,0
consume_begin,1189,4924433254453480,0
consume_end,1189,4924433272378715,0
yield_resumed,1189,4924433272444734,0
consume_begin,1190,4924433272456444,0
consume_end,1190,4924433272457744,0
yield_resumed,1190,4924433272495924,0
consume_begin,1191,4924433272498224,0
consume_end,1191,4924433291953017,0
yield_resumed,1191,4924433291976967,0
consume_begin,1192,4924433291988987,0
consume_end,1192,4924433291990377,0
yield_resumed,1192,4924433292036976,0
consume_begin,1193,4924433292039376,0
consume_end,1193,4924433310393568,0
yield_resumed,1193,4924433310458587,0
consume_begin,1194,4924433310469697,0
consume_end,1194,4924433310471087,0
yield_resumed,1194,4924433310510847,0
consume_begin,1195,4924433310514917,0
consume_end,1195,4924433327826956,0
yield_resumed,1195,4924433327851426,0
consume_begin,1196,4924433327866346,0
consume_end,1196,4924433327867626,0
yield_resumed,1196,4924433327905315,0
consume_begin,1197,4924433327907845,0
consume_end,1197,4924433345084156,0
yield_resumed,1197,4924433345107276,0
consume_begin,1198,4924433345117106,0
consume_end,1198,4924433345118466,0
yield_resumed,1198,4924433345178675,0
consume_begin,1199,4924433345182495,0
consume_end,1199,4924433363800954,0
yield_resumed,1199,4924433363875534,0
consume_begin,1200,4924433363888634,0
consume_end,1200,4924433363890234,0
yield_resumed,1200,4924433363934353,0
consume_begin,1201,4924433363936583,0
consume_end,1201,4924433382707832,0
yield_resumed,1201,4924433382734221,0
consume_begin,1202,4924433382747411,0
consume_end,1202,4924433382749041,0
yield_resumed,1202,4924433382816211,0
consume_begin,1203,4924433382818391,0
consume_end,1203,4924433401118923,0
yield_resumed,1203,4924433401141183,0
consume_begin,1204,4924433401152442,0
consume_end,1204,4924433401153832,0
yield_resumed,1204,4924433401187802,0
consume_begin,1205,4924433401189782,0
consume_end,1205,4924433419459544,0
yield_resumed,1205,4924433419519934,0
consume_begin,1206,4924433419532724,0
consume_end,1206,4924433419534024,0
yield_resumed,1206,4924433419570794,0
consume_begin,1207,4924433419572794,0
consume_end,1207,4924433436751154,0
yield_resumed,1207,4924433436818443,0
consume_begin,1208,4924433436830073,0
consume_end,1208,4924433436831423,0
yield_resumed,1208,4924433436868283,0
consume_begin,1209,4924433436870423,0
consume_end,1209,4924433454089343,0
yield_resumed,1209,4924433454123943,0
consume_begin,1210,4924433454136183,0
consume_end,1210,4924433454137573,0
yield_resumed,1210,4924433454191172,0
consume_begin,1211,4924433454194442,0
consume_end,1211,4924433471577411,0
yield_resumed,1211,4924433471637140,0
consume_begin,1212,4924433471648100,0
consume_end,1212,4924433471649330,0
yield_resumed,1212,4924433471684980,0
consume_begin,1213,4924433471687220,0
consume_end,1213,4924433488742421,0
yield_resumed,1213,4924433488801831,0
consume_begin,1214,4924433488813381,0
consume_end,1214,4924433488814801,0
yield_resumed,1214,4924433488853080,0
consume_begin,1215,4924433488855720,0
consume_end,1215,4924433506543297,0
yield_resumed,1215,4924433506597197,0
consume_begin,1216,4924433506609456,0
consume_end,1216,4924433506610756,0
yield_resumed,1216,4924433506651616,0
consume_begin,1217,4924433506654166,0
consume_end,1217,4924433523269531,0
yield_resumed,1217,4924433523301900,0
consume_begin,1218,4924433523313260,0
consume_end,1218,4924433523314840,0
yield_resumed,1218,4924433523357170,0
consume_begin,1219,4924433523359240,0
consume_end,1219,4924433541167046,0
yield_resumed,1219,4924433541206385,0
consume_begin,1220,4924433541216795,0
consume_end,1220,4924433541218375,0
yield_resumed,1220,4924433541259235,0
consume_begin,1221,4924433541261755,0
consume_end,1221,4924433560120143,0
yield_resumed,1221,4924433560177942,0
consume_begin,1222,4924433560191812,0
consume_end,1222,4924433560193692,0
yield_resumed,1222,4924433560239902,0
consume_begin,1223,4924433560242062,0
consume_end,1223,4924433579337588,0
yield_resumed,1223,4924433579376447,0
consume_begin,1224,4924433579386197,0
consume_end,1224,4924433579387777,0
yield_resumed,1224,4924433579422247,0
consume_begin,1225,4924433579424627,0
consume_end,1225,4924433597418921,0
yield_resumed,1225,4924433597469161,0
consume_begin,1226,4924433597481551,0
consume_end,1226,4924433597482911,0
yield_resumed,1226,4924433597519930,0
consume_begin,1227,4924433597522680,0
consume_end,1227,4924433616354038,0
yield_resumed,1227,4924433616426738,0
consume_begin,1228,4924433616440397,0
consume_end,1228,4924433616441627,0
yield_resumed,1228,4924433616483327,0
consume_begin,1229,4924433616486287,0
consume_end,1229,4924433635328345,0
yield_resumed,1229,4924433635400224,0
consume_begin,1230,4924433635411844,0
consume_end,1230,4924433635413094,0
yield_resumed,1230,4924433635452514,0
consume_begin,1231,4924433635455384,0
consume_end,1231,4924433652484075,0
yield_resumed,1231,4924433652523705,0
consume_begin,1232,4924433652533775,0
consume_end,1232,4924433652535195,0
yield_resumed,1232,4924433652574755,0
consume_begin,1233,4924433652577015,0
consume_end,1233,4924433669576596,0
yield_resumed,1233,4924433669611006,0
consume_begin,1234,4924433669623706,0
consume_end,1234,4924433669625136,0
yield_resumed,1234,4924433669667966,0
consume_begin,1235,4924433669670896,0
consume_end,1235,4924433687716000,0
yield_resumed,1235,4924433687759719,0
consume_begin,1236,4924433687771049,0
consume_end,1236,4924433687772479,0
yield_resumed,1236,4924433687816219,0
consume_begin,1237,4924433687818949,0
consume_end,1237,4924433704471523,0
yield_resumed,1237,4924433704491973,0
consume_begin,1238,4924433704503163,0
consume_end,1238,4924433704504473,0
yield_resumed,1238,4924433704537432,0
consume_begin,1239,4924433704539522,0
consume_end,1239,4924433721527414,0
yield_resumed,1239,4924433721547714,0
consume_begin,1240,4924433721559804,0
consume_end,1240,4924433721561034,0
yield_resumed,1240,4924433721620483,0
consume_begin,1241,4924433721622553,0
consume_end,1241,4924433738305778,0
yield_resumed,1241,4924433738328787,0
consume_begin,1242,4924433738343917,0
consume_end,1242,4924433738345557,0
yield_resumed,1242,4924433738386327,0
consume_begin,1243,4924433738389887,0
consume_end,1243,4924433755872915,0
yield_resumed,1243,4924433755898445,0
consume_begin,1244,4924433755908015,0
consume_end,1244,4924433755909055,0
yield_resumed,1244,4924433755969014,0
consume_begin,1245,4924433755972314,0
consume_end,1245,4924433772070943,0
yield_resumed,1245,4924433772135512,0
consume_begin,1246,4924433772144352,0
consume_end,1246,4924433789684030,0
yield_resumed,1246,4924433789750039,0
consume_begin,1247,4924433789760919,0
consume_end,1247,4924433789762489,0
yield_resumed,1247,4924433789804529,0
consume_begin,1248,4924433789807799,0
consume_end,1248,4924433808317409,0
yield_resumed,1248,4924433808381209,0
consume_begin,1249,4924433808394479,0
consume_end,1249,4924433808396119,0
yield_resumed,1249,4924433808442038,0
consume_begin,1250,4924433808444908,0
consume_end,1250,4924433826630351,0
yield_resumed,1250,4924433826654751,0
consume_begin,1251,4924433826667511,0
consume_end,1251,4924433826668681,0
yield_resumed,1251,4924433826748430,0
consume_begin,1252,4924433826751380,0
consume_end,1252,4924433846427581,0
yield_resumed,1252,4924433846489681,0
consume_begin,1253,4924433846499031,0
consume_end,1253,4924433846500151,0
yield_resumed,1253,4924433846532841,0
consume_begin,1254,4924433846535931,0
consume_end,1254,4924433865633456,0
yield_resumed,1254,4924433865654476,0
consume_begin,1255,4924433865662486,0
consume_end,1255,4924433865663646,0
yield_resumed,1255,4924433865732916,0
consume_begin,1256,4924433865735686,0
consume_end,1256,4924433883369023,0
yield_resumed,1256,4924433883401072,0
consume_begin,1257,4924433883411172,0
consume_end,1257,4924433883412232,0
yield_resumed,1257,4924433883450392,0
consume_begin,1258,4924433883453572,0
consume_end,1258,4924433900970600,0
yield_resumed,1258,4924433901049019,0
consume_begin,1259,4924433901058159,0
consume_end,1259,4924433901059299,0
yield_resumed,1259,4924433901109329,0
consume_begin,1260,4924433901111259,0
consume_end,1260,4924433918500257,0
yield_resumed,1260,4924433918526297,0
consume_begin,1261,4924433918535457,0
consume_end,1261,4924433918536617,0
yield_resumed,1261,4924433918575627,0
consume_begin,1262,4924433918578197,0
consume_end,1262,4924433935838486,0
yield_resumed,1262,4924433935891436,0
consume_begin,1263,4924433935899676,0
consume_end,1263,4924433935900726,0
yield_resumed,1263,4924433935930546,0
consume_begin,1264,4924433935933156,0
consume_end,1264,4924433952744759,0
yield_resumed,1264,4924433952773489,0
consume_begin,1265,4924433952781769,0
consume_end,1265,4924433952782969,0
yield_resumed,1265,4924433952818828,0
consume_begin,1266,4924433952822078,0
consume_end,1266,4924433968924907,0
yield_resumed,1266,4924433968976996,0
consume_begin,1267,4924433968985786,0
consume_end,1267,4924433983957323,0
yield_resumed,1267,4924433983983233,0
consume_begin,1268,4924433983992463,0
consume_end,1268,4924433983993763,0
yield_resumed,1268,4924433984054223,0
consume_begin,1269,4924433984058722,0
consume_end,1269,4924434002431984,0
yield_resumed,1269,4924434002491043,0
consume_begin,1270,4924434002499363,0
consume_end,1270,4924434002500733,0
yield_resumed,1270,4924434002557073,0
consume_begin,1271,4924434002560833,0
consume_end,1271,4924434019156668,0
yield_resumed,1271,4924434019201197,0
consume_begin,1272,4924434019210847,0
consume_end,1272,4924434019212367,0
yield_resumed,1272,4924434019245547,0
consume_begin,1273,4924434019248627,0
consume_end,1273,4924434035849622,0
yield_resumed,1273,4924434035886931,0
consume_begin,1274,4924434035896051,0
consume_end,1274,4924434052122249,0
yield_resumed,1274,4924434052181948,0
consume_begin,1275,4924434052195718,0
consume_end,1275,4924434052197678,0
yield_resumed,1275,4924434052238828,0
consume_begin,1276,4924434052243578,0
consume_end,1276,4924434071644431,0
yield_resumed,1276,4924434071674121,0
consume_begin,1277,4924434071686491,0
consume_end,1277,4924434071687851,0
yield_resumed,1277,4924434071733451,0
consume_begin,1278,4924434071737221,0
consume_end,1278,4924434089489777,0
yield_resumed,1278,4924434089545626,0
consume_begin,1279,4924434089554166,0
consume_end,1279,4924434089555236,0
yield_resumed,1279,4924434089586546,0
consume_begin,1280,4924434089588996,0
consume_end,1280,4924434107625770,0
yield_resumed,1280,4924434107650980,0
consume_begin,1281,4924434107658730,0
consume_end,1281,4924434107659790,0
yield_resumed,1281,4924434107695129,0
consume_begin,1282,4924434107697789,0
consume_end,1282,4924434128317924,0
yield_resumed,1282,4924434128355073,0
consume_begin,1283,4924434128363183,0
consume_end,1283,4924434128364483,0
yield_resumed,1283,4924434128402753,0
consume_begin,1284,4924434128405943,0
consume_end,1284,4924434148983138,0
yield_resumed,1284,4924434149020387,0
consume_begin,1285,4924434149028777,0
consume_end,1285,4924434149029897,0
yield_resumed,1285,4924434149065167,0
consume_begin,1286,4924434149066537,0
consume_end,1286,4924434167424918,0
yield_resumed,1286,4924434167462388,0
consume_begin,1287,4924434167475058,0
consume_end,1287,4924434167476398,0
yield_resumed,1287,4924434167515038,0
consume_begin,1288,4924434167516948,0
consume_end,1288,4924434186130997,0
yield_resumed,1288,4924434186180847,0
consume_begin,1289,4924434186188697,0
consume_end,1289,4924434186189767,0
yield_resumed,1289,4924434186219257,0
consume_begin,1290,4924434186220827,0
consume_end,1290,4924434205400222,0
yield_resumed,1290,4924434205446511,0
consume_begin,1291,4924434205454391,0
consume_end,1291,4924434205455491,0
yield_resumed,1291,4924434205490631,0
consume_begin,1292,4924434205492781,0
consume_end,1292,4924434224110810,0
yield_resumed,1292,4924434224134470,0
consume_begin,1293,4924434224146650,0
consume_end,1293,4924434224148440,0
yield_resumed,1293,4924434224186540,0
consume_begin,1294,4924434224188850,0
consume_end,1294,4924434242961338,0
yield_resumed,1294,4924434242996178,0
consume_begin,1295,4924434243014398,0
consume_end,1295,4924434243015538,0
yield_resumed,1295,4924434243055598,0
consume_begin,1296,4924434243057248,0
consume_end,1296,4924434261869596,0
yield_resumed,1296,4924434261934725,0
consume_begin,1297,4924434261948705,0
consume_end,1297,4924434261950335,0
yield_resumed,1297,4924434261991435,0
consume_begin,1298,4924434261993185,0
consume_end,1298,4924434279506412,0
yield_resumed,1298,4924434279567072,0
consume_begin,1299,4924434279579332,0
consume_end,1299,4924434279580792,0
yield_resumed,1299,4924434279616282,0
consume_begin,1300,4924434279618142,0
consume_end,1300,4924434296166617,0
yield_resumed,1300,4924434296207086,0
consume_begin,1301,4924434296219776,0
consume_end,1301,4924434296221096,0
yield_resumed,1301,4924434296263596,0
consume_begin,1302,4924434296265616,0
consume_end,1302,4924434310063962,0
yield_resumed,1302,4924434310084842,0
consume_begin,1303,4924434310096622,0
consume_end,1303,4924434310097772,0
yield_resumed,1303,4924434310134891,0
consume_begin,1304,4924434310136931,0
consume_end,1304,4924434329162798,0
yield_resumed,1304,4924434329226207,0
consume_begin,1305,4924434329234447,0
consume_end,1305,4924434329235567,0
yield_resumed,1305,4924434329275437,0
consume_begin,1306,4924434329277497,0
consume_end,1306,4924434348358973,0
yield_resumed,1306,4924434348404492,0
consume_begin,1307,4924434348415282,0
consume_end,1307,4924434348416482,0
yield_resumed,1307,4924434348460512,0
consume_begin,1308,4924434348461942,0
consume_end,1308,4924434367786526,0
yield_resumed,1308,4924434367848656,0
consume_begin,1309,4924434367857386,0
consume_end,1309,4924434367858536,0
yield_resumed,1309,4924434367892205,0
consume_begin,1310,4924434367893675,0
consume_end,1310,4924434386835002,0
yield_resumed,1310,4924434386895782,0
consume_begin,1311,4924434386904632,0
consume_end,1311,4924434386905982,0
yield_resumed,1311,4924434386942441,0
consume_begin,1312,4924434386945351,0
consume_end,1312,4924434405463282,0
yield_resumed,1312,4924434405502401,0
consume_begin,1313,4924434405510901,0
consume_end,1313,4924434405511961,0
yield_resumed,1313,4924434405551771,0
consume_begin,1314,4924434405554081,0
consume_end,1314,4924434421346332,0
yield_resumed,1314,4924434421388291,0
consume_begin,1315,4924434421397101,0
consume_end,1315,4924434421398211,0
yield_resumed,1315,4924434421436431,0
consume_begin,1316,4924434421437951,0
consume_end,1316,4924434434714681,0
yield_resumed,1316,4924434434734411,0
consume_begin,1317,4924434434746511,0
consume_end,1317,4924434448109720,0
yield_resumed,1317,4924434448163719,0
consume_begin,1318,4924434448175869,0
consume_end,1318,4924434448177119,0
yield_resumed,1318,4924434448217809,0
consume_begin,1319,4924434448219549,0
consume_end,1319,4924434448220509,0
yield_resumed,1319,4924434448304018,0
consume_begin,1320,4924434448305938,0
consume_end,1320,4924434462090284,0
yield_resumed,1320,4924434462157394,0
consume_begin,1321,4924434462167264,0
consume_end,1321,4924434462168494,0
yield_resumed,1321,4924434462206403,0
consume_begin,1322,4924434462208223,0
consume_end,1322,4924434476581055,0
yield_resumed,1322,4924434476645794,0
consume_begin,1323,4924434476658754,0
consume_end,1323,4924434476661004,0
yield_resumed,1323,4924434476702264,0
consume_begin,1324,4924434476705464,0
consume_end,1324,4924434492090598,0
yield_resumed,1324,4924434492139118,0
consume_begin,1325,4924434492148927,0
consume_end,1325,4924434492150007,0
yield_resumed,1325,4924434492185447,0
consume_begin,1326,4924434492187547,0
consume_end,1326,4924434504786722,0
yield_resumed,1326,4924434504844412,0
consume_begin,1327,4924434504853582,0
consume_end,1327,4924434504854682,0
yield_resumed,1327,4924434504888011,0
consume_begin,1328,4924434504889491,0
consume_end,1328,4924434516736732,0
yield_resumed,1328,4924434516800361,0
consume_begin,1329,4924434516815281,0
consume_end,1329,4924434516816931,0
yield_resumed,1329,4924434516855181,0
consume_begin,1330,4924434516857701,0
consume_end,1330,4924434529509375,0
yield_resumed,1330,4924434529570895,0
consume_begin,1331,4924434529580175,0
consume_end,1331,4924434529581325,0
yield_resumed,1331,4924434529617835,0
consume_begin,1332,4924434529619935,0
consume_end,1332,4924434544738701,0
yield_resumed,1332,4924434544779790,0
consume_begin,1333,4924434544791890,0
consume_end,1333,4924434544793330,0
yield_resumed,1333,4924434544835810,0
consume_begin,1334,4924434544839310,0
consume_end,1334,4924434559209141,0
yield_resumed,1334,4924434559250431,0
consume_begin,1335,4924434559258861,0
consume_end,1335,4924434559259831,0
yield_resumed,1335,4924434559294501,0
consume_begin,1336,4924434559296531,0
consume_end,1336,4924434559297301,0
yield_resumed,1336,4924434559357530,0
consume_begin,1337,4924434559359810,0
consume_end,1337,4924434574412667,0
yield_resumed,1337,4924434574441156,0
consume_begin,1338,4924434574449586,0
consume_end,1338,4924434574450656,0
yield_resumed,1338,4924434574492646,0
consume_begin,1339,4924434574494826,0
consume_end,1339,4924434589046106,0
yield_resumed,1339,4924434589104936,0
consume_begin,1340,4924434589118745,0
consume_end,1340,4924434589120545,0
yield_resumed,1340,4924434589165525,0
consume_begin,1341,4924434589168335,0
consume_end,1341,4924434601998668,0
yield_resumed,1341,4924434602074618,0
consume_begin,1342,4924434602086698,0
consume_end,1342,4924434602088218,0
yield_resumed,1342,4924434602135137,0
consume_begin,1343,4924434602137147,0
consume_end,1343,4924434614795622,0
yield_resumed,1343,4924434614862431,0
consume_begin,1344,4924434614877491,0
consume_end,1344,4924434614879671,0
yield_resumed,1344,4924434614924211,0
consume_begin,1345,4924434614929491,0
consume_end,1345,4924434631410016,0
yield_resumed,1345,4924434631471036,0
consume_begin,1346,4924434631480196,0
consume_end,1346,4924434631481346,0
yield_resumed,1346,4924434631516676,0
consume_begin,1347,4924434631519606,0
consume_end,1347,4924434645419021,0
yield_resumed,1347,4924434645456050,0
consume_begin,1348,4924434645464980,0
consume_end,1348,4924434645466040,0
yield_resumed,1348,4924434645503720,0
consume_begin,1349,4924434645505750,0
consume_end,1349,4924434658860199,0
yield_resumed,1349,4924434658920379,0
consume_begin,1350,4924434658929049,0
consume_end,1350,4924434658930129,0
yield_resumed,1350,4924434658960578,0
consume_begin,1351,4924434658962598,0
consume_end,1351,4924434672892423,0
yield_resumed,1351,4924434672947373,0
consume_begin,1352,4924434672956033,0
consume_end,1352,4924434672957703,0
yield_resumed,1352,4924434672990443,0
consume_begin,1353,4924434672992402,0
consume_end,1353,4924434687199575,0
yield_resumed,1353,4924434687238145,0
consume_begin,1354,4924434687246545,0
consume_end,1354,4924434687247775,0
yield_resumed,1354,4924434687282855,0
consume_begin,1355,4924434687284775,0
consume_end,1355,4924434701508967,0
yield_resumed,1355,4924434701564097,0
consume_begin,1356,4924434701573707,0
consume_end,1356,4924434701574667,0
yield_resumed,1356,4924434701609436,0
consume_begin,1357,4924434701611386,0
consume_end,1357,4924434716870881,0
yield_resumed,1357,4924434716924761,0
consume_begin,1358,4924434716933701,0
consume_end,1358,4924434716934691,0
yield_resumed,1358,4924434716966531,0
consume_begin,1359,4924434716969241,0
consume_end,1359,4924434731307732,0
yield_resumed,1359,4924434731338302,0
consume_begin,1360,4924434731346452,0
consume_end,1360,4924434731347452,0
yield_resumed,1360,4924434731378772,0
consume_begin,1361,4924434731380922,0
consume_end,1361,4924434747164293,0
yield_resumed,1361,4924434747232782,0
consume_begin,1362,4924434747244742,0
consume_end,1362,4924434747245972,0
yield_resumed,1362,4924434747284692,0
consume_begin,1363,4924434747287172,0
consume_end,1363,4924434763698408,0
yield_resumed,1363,4924434763742898,0
consume_begin,1364,4924434763751407,0
consume_end,1364,4924434763752627,0
yield_resumed,1364,4924434763784787,0
consume_begin,1365,4924434763786247,0
consume_end,1365,4924434780066084,0
yield_resumed,1365,4924434780104624,0
consume_begin,1366,4924434780112674,0
consume_end,1366,4924434780113784,0
yield_resumed,1366,4924434780143314,0
consume_begin,1367,4924434780144934,0
consume_end,1367,4924434796734329,0
yield_resumed,1367,4924434796785088,0
consume_begin,1368,4924434796794868,0
consume_end,1368,4924434796796018,0
yield_resumed,1368,4924434796833268,0
consume_begin,1369,4924434796835428,0
consume_end,1369,4924434813038305,0
yield_resumed,1369,4924434813100315,0
consume_begin,1370,4924434813110095,0
consume_end,1370,4924434813111315,0
yield_resumed,1370,4924434813145825,0
consume_begin,1371,4924434813147195,0
consume_end,1371,4924434829133734,0
yield_resumed,1371,4924434829183434,0
consume_begin,1372,4924434829192834,0
consume_end,1372,4924434829194024,0
yield_resumed,1372,4924434829227913,0
consume_begin,1373,4924434829229623,0
consume_end,1373,4924434845070804,0
yield_resumed,1373,4924434845111023,0
consume_begin,1374,4924434845121953,0
consume_end,1374,4924434845123203,0
yield_resumed,1374,4924434845159703,0
consume_begin,1375,4924434845161573,0
consume_end,1375,4924434859989951,0
yield_resumed,1375,4924434860061531,0
consume_begin,1376,4924434860071921,0
consume_end,1376,4924434860073101,0
yield_resumed,1376,4924434860108730,0
consume_begin,1377,4924434860110570,0
consume_end,1377,4924434878296003,0
yield_resumed,1377,4924434878344113,0
consume_begin,1378,4924434878358522,0
consume_end,1378,4924434878360062,0
yield_resumed,1378,4924434878406372,0
consume_begin,1379,4924434878409772,0
consume_end,1379,4924434896614705,0
yield_resumed,1379,4924434896663834,0
consume_begin,1380,4924434896675494,0
consume_end,1380,4924434896677164,0
yield_resumed,1380,4924434896724724,0
consume_begin,1381,4924434896726464,0
consume_end,1381,4924434912415865,0
yield_resumed,1381,4924434912473675,0
consume_begin,1382,4924434912484255,0
consume_end,1382,4924434912485645,0
yield_resumed,1382,4924434912520065,0
consume_begin,1383,4924434912522005,0
consume_end,1383,4924434928161167,0
yield_resumed,1383,4924434928215036,0
consume_begin,1384,4924434928223396,0
consume_end,1384,4924434928224536,0
yield_resumed,1384,4924434928258816,0
consume_begin,1385,4924434928260236,0
consume_end,1385,4924434944694192,0
yield_resumed,1385,4924434944751551,0
consume_begin,1386,4924434944761251,0
consume_end,1386,4924434944762261,0
yield_resumed,1386,4924434944796111,0
consume_begin,1387,4924434944797841,0
consume_end,1387,4924434960996859,0
yield_resumed,1387,4924434961056358,0
consume_begin,1388,4924434961066048,0
consume_end,1388,4924434961067338,0
yield_resumed,1388,4924434961098448,0
consume_begin,1389,4924434961100368,0
consume_end,1389,4924434977623463,0
yield_resumed,1389,4924434977664043,0
consume_begin,1390,4924434977674633,0
consume_end,1390,4924434977675753,0
yield_resumed,1390,4924434977711153,0
consume_begin,1391,4924434977713423,0
consume_end,1391,4924434992300152,0
yield_resumed,1391,4924434992352082,0
consume_begin,1392,4924434992363332,0
consume_end,1392,4924434992364592,0
yield_resumed,1392,4924434992396862,0
consume_begin,1393,4924434992398752,0
consume_end,1393,4924435008716589,0
yield_resumed,1393,4924435008776748,0
consume_begin,1394,4924435008787018,0
consume_end,1394,4924435008788138,0
yield_resumed,1394,4924435008822008,0
consume_begin,1395,4924435008824048,0
consume_end,1395,4924435025730850,0
yield_resumed,1395,4924435025785170,0
consume_begin,1396,4924435025794800,0
consume_end,1396,4924435025796060,0
yield_resumed,1396,4924435025842529,0
consume_begin,1397,4924435025844269,0
consume_end,1397,4924435042187016,0
yield_resumed,1397,4924435042241766,0
consume_begin,1398,4924435042250486,0
consume_end,1398,4924435042251675,0
yield_resumed,1398,4924435042287915,0
consume_begin,1399,4924435042289555,0
consume_end,1399,4924435055060819,0
yield_resumed,1399,4924435055109868,0
consume_begin,1400,4924435055118178,0
consume_end,1400,4924435055119508,0
yield_resumed,1400,4924435055159578,0
consume_begin,1401,4924435055161728,0
consume_end,1401,4924435072201419,0
yield_resumed,1401,4924435072239699,0
consume_begin,1402,4924435072247939,0
consume_end,1402,4924435072249379,0
yield_resumed,1402,4924435072283479,0
consume_begin,1403,4924435072285469,0
consume_end,1403,4924435089364200,0
yield_resumed,1403,4924435089425449,0
consume_begin,1404,4924435089438229,0
consume_end,1404,4924435089439499,0
yield_resumed,1404,4924435089477549,0
consume_begin,1405,4924435089479599,0
consume_end,1405,4924435105338879,0
yield_resumed,1405,4924435105391209,0
consume_begin,1406,4924435105401249,0
consume_end,1406,4924435105402389,0
yield_resumed,1406,4924435105437089,0
consume_begin,1407,4924435105439599,0
consume_end,1407,4924435121804495,0
yield_resumed,1407,4924435121865305,0
consume_begin,1408,4924435121875314,0
consume_end,1408,4924435121876584,0
yield_resumed,1408,4924435121940214,0
consume_begin,1409,4924435121943154,0
consume_end,1409,4924435139023485,0
yield_resumed,1409,4924435139069265,0
consume_begin,1410,4924435139079745,0
consume_end,1410,4924435139080995,0
yield_resumed,1410,4924435139119334,0
consume_begin,1411,4924435139122514,0
consume_end,1411,4924435155143693,0
yield_resumed,1411,4924435155175103,0
consume_begin,1412,4924435155185813,0
consume_end,1412,4924435169344836,0
yield_resumed,1412,4924435169377206,0
consume_begin,1413,4924435169387976,0
consume_end,1413,4924435169389246,0
yield_resumed,1413,4924435169445235,0
consume_begin,1414,4924435169447915,0
consume_end,1414,4924435183624188,0
yield_resumed,1414,4924435183674528,0
consume_begin,1415,4924435183684718,0
consume_end,1415,4924435183685968,0
yield_resumed,1415,4924435183758957,0
consume_begin,1416,4924435183763487,0
consume_end,1416,4924435201268655,0
yield_resumed,1416,4924435201310835,0
consume_begin,1417,4924435201319845,0
consume_end,1417,4924435201321015,0
yield_resumed,1417,4924435201355235,0
consume_begin,1418,4924435201358775,0
consume_end,1418,4924435218255417,0
yield_resumed,1418,4924435218310587,0
consume_begin,1419,4924435218325856,0
consume_end,1419,4924435236216822,0
yield_resumed,1419,4924435236247431,0
consume_begin,1420,4924435236260611,0
consume_end,1420,4924435236262491,0
yield_resumed,1420,4924435236315591,0
consume_begin,1421,4924435236321571,0
consume_end,1421,4924435236322651,0
yield_resumed,1421,4924435236336281,0
drain_done,1422,4924435236340191,12104123397
