t_ns,tid,comm,state,utime,stime,run_ns,wait_ns,slices,cpu,wchan
4924489700026806,3125313,qlever-server-d,S,925,1653,25796536701,16526421,786,9,futex_do_wait
4924489700026806,3125317,qlever-server-d,S,0,0,2998042,0,26,4,futex_do_wait
4924489700026806,3126029,qlever-server-d,S,1652,6,16598339511,14602377,192,9,futex_do_wait
4924489700026806,3126030,qlever-server-d,S,1655,7,16628298079,7136624,148,8,futex_do_wait
4924489700026806,3126031,qlever-server-d,S,0,0,19980,0,1,11,futex_do_wait
4924489700026806,3126032,qlever-server-d,S,0,0,127190,0,4,0,ep_poll
4924489700026806,3126033,qlever-server-d,S,0,0,437610,0,7,8,futex_do_wait
4924489700026806,3126034,qlever-server-d,S,4,33,382359593,47863234,1586,7,futex_do_wait
4924489700026806,3126035,qlever-server-d,S,2,15,172579292,72098625,2249,5,ep_poll
4924489700026806,0,__system__,-,1024791452,7867812659,0,0,0,-1,-
4924489720120485,3125313,qlever-server-d,S,925,1653,25796536701,16526421,786,9,futex_do_wait
4924489720120485,3125317,qlever-server-d,S,0,0,2998042,0,26,4,futex_do_wait
4924489720120485,3126029,qlever-server-d,S,1652,6,16598339511,14602377,192,9,futex_do_wait
4924489720120485,3126030,qlever-server-d,S,1655,7,16628298079,7136624,148,8,futex_do_wait
4924489720120485,3126031,qlever-server-d,S,0,0,19980,0,1,11,futex_do_wait
4924489720120485,3126032,qlever-server-d,S,0,0,127190,0,4,0,ep_poll
4924489720120485,3126033,qlever-server-d,S,0,0,437610,0,7,8,futex_do_wait
4924489720120485,3126034,qlever-server-d,S,4,33,382359593,47863234,1586,7,futex_do_wait
4924489720120485,3126035,qlever-server-d,S,2,15,172579292,72098625,2249,5,ep_poll
4924489720120485,0,__system__,-,1024791468,7867812692,0,0,0,-1,-
4924489740093005,3125313,qlever-server-d,S,925,1653,25796536701,16526421,786,9,futex_do_wait
4924489740093005,3125317,qlever-server-d,S,0,0,2998042,0,26,4,futex_do_wait
4924489740093005,3126029,qlever-server-d,S,1652,6,16598339511,14602377,192,9,futex_do_wait
4924489740093005,3126030,qlever-server-d,S,1655,7,16628298079,7136624,148,8,futex_do_wait
4924489740093005,3126031,qlever-server-d,S,0,0,19980,0,1,11,futex_do_wait
4924489740093005,3126032,qlever-server-d,S,0,0,127190,0,4,0,ep_poll
4924489740093005,3126033,qlever-server-d,S,0,0,437610,0,7,8,futex_do_wait
4924489740093005,3126034,qlever-server-d,S,4,33,382359593,47863234,1586,7,futex_do_wait
4924489740093005,3126035,qlever-server-d,S,2,15,172579292,72098625,2249,5,ep_poll
4924489740093005,0,__system__,-,1024791483,7867812724,0,0,0,-1,-
4924489760089115,3125313,qlever-server-d,S,925,1653,25796536701,16526421,786,9,futex_do_wait
4924489760089115,3125317,qlever-server-d,S,0,0,2998042,0,26,4,futex_do_wait
4924489760089115,3126029,qlever-server-d,S,1652,6,16598339511,14602377,192,9,futex_do_wait
4924489760089115,3126030,qlever-server-d,S,1655,7,16628298079,7136624,148,8,futex_do_wait
4924489760089115,3126031,qlever-server-d,S,0,0,19980,0,1,11,futex_do_wait
4924489760089115,3126032,qlever-server-d,S,0,0,127190,0,4,0,ep_poll
4924489760089115,3126033,qlever-server-d,S,0,0,437610,0,7,8,futex_do_wait
4924489760089115,3126034,qlever-server-d,S,4,33,382359593,47863234,1586,7,futex_do_wait
4924489760089115,3126035,qlever-server-d,S,2,15,172579292,72098625,2249,5,ep_poll
4924489760089115,0,__system__,-,1024791496,7867812755,0,0,0,-1,-
4924489780086544,3125313,qlever-server-d,S,925,1653,25796536701,16526421,786,9,futex_do_wait
4924489780086544,3125317,qlever-server-d,S,0,0,2998042,0,26,4,futex_do_wait
4924489780086544,3126029,qlever-server-d,S,1652,6,16598339511,14602377,192,9,futex_do_wait
4924489780086544,3126030,qlever-server-d,S,1655,7,16628298079,7136624,148,8,futex_do_wait
4924489780086544,3126031,qlever-server-d,S,0,0,19980,0,1,11,futex_do_wait
4924489780086544,3126032,qlever-server-d,S,0,0,127190,0,4,0,ep_poll
4924489780086544,3126033,qlever-server-d,S,0,0,437610,0,7,8,futex_do_wait
4924489780086544,3126034,qlever-server-d,S,4,33,382359593,47863234,1586,7,futex_do_wait
4924489780086544,3126035,qlever-server-d,S,2,15,172579292,72098625,2249,5,ep_poll
4924489780086544,0,__system__,-,1024791510,7867812787,0,0,0,-1,-
4924489800085974,3125313,qlever-server-d,S,925,1653,25796536701,16526421,786,9,futex_do_wait
4924489800085974,3125317,qlever-server-d,S,0,0,2998042,0,26,4,futex_do_wait
4924489800085974,3126029,qlever-server-d,S,1652,6,16598339511,14602377,192,9,futex_do_wait
4924489800085974,3126030,qlever-server-d,S,1655,7,16628298079,7136624,148,8,futex_do_wait
4924489800085974,3126031,qlever-server-d,S,0,0,19980,0,1,11,futex_do_wait
4924489800085974,3126032,qlever-server-d,S,0,0,127190,0,4,0,ep_poll
4924489800085974,3126033,qlever-server-d,S,0,0,437610,0,7,8,futex_do_wait
4924489800085974,3126034,qlever-server-d,S,4,33,382359593,47863234,1586,7,futex_do_wait
4924489800085974,3126035,qlever-server-d,S,2,15,172579292,72098625,2249,5,ep_poll
4924489800085974,0,__system__,-,1024791524,7867812819,0,0,0,-1,-
4924489820083674,3125313,qlever-server-d,S,925,1653,25796536701,16526421,786,9,futex_do_wait
4924489820083674,3125317,qlever-server-d,S,0,0,2998042,0,26,4,futex_do_wait
4924489820083674,3126029,qlever-server-d,S,1652,6,16598339511,14602377,192,9,futex_do_wait
4924489820083674,3126030,qlever-server-d,S,1655,7,16628298079,7136624,148,8,futex_do_wait
4924489820083674,3126031,qlever-server-d,S,0,0,19980,0,1,11,futex_do_wait
4924489820083674,3126032,qlever-server-d,S,0,0,127190,0,4,0,ep_poll
4924489820083674,3126033,qlever-server-d,S,0,0,437610,0,7,8,futex_do_wait
4924489820083674,3126034,qlever-server-d,S,4,33,382359593,47863234,1586,7,futex_do_wait
4924489820083674,3126035,qlever-server-d,S,2,15,172579292,72098625,2249,5,ep_poll
4924489820083674,0,__system__,-,1024791539,7867812851,0,0,0,-1,-
4924489840106633,3125313,qlever-server-d,S,925,1653,25796536701,16526421,786,9,futex_do_wait
4924489840106633,3125317,qlever-server-d,S,0,0,2998042,0,26,4,futex_do_wait
4924489840106633,3126029,qlever-server-d,S,1652,6,16598339511,14602377,192,9,futex_do_wait
4924489840106633,3126030,qlever-server-d,S,1655,7,16628298079,7136624,148,8,futex_do_wait
4924489840106633,3126031,qlever-server-d,S,0,0,19980,0,1,11,futex_do_wait
4924489840106633,3126032,qlever-server-d,S,0,0,127190,0,4,0,ep_poll
4924489840106633,3126033,qlever-server-d,S,0,0,437610,0,7,8,futex_do_wait
4924489840106633,3126034,qlever-server-d,S,4,33,382359593,47863234,1586,7,futex_do_wait
4924489840106633,3126035,qlever-server-d,S,2,15,172579292,72098625,2249,5,ep_poll
4924489840106633,0,__system__,-,1024791554,7867812882,0,0,0,-1,-
4924489860131733,3125313,qlever-server-d,S,925,1653,25796536701,16526421,786,9,futex_do_wait
4924489860131733,3125317,qlever-server-d,S,0,0,2998042,0,26,4,futex_do_wait
4924489860131733,3126029,qlever-server-d,S,1652,6,16598339511,14602377,192,9,futex_do_wait
4924489860131733,3126030,qlever-server-d,S,1655,7,16628298079,7136624,148,8,futex_do_wait
4924489860131733,3126031,qlever-server-d,S,0,0,19980,0,1,11,futex_do_wait
4924489860131733,3126032,qlever-server-d,S,0,0,127190,0,4,0,ep_poll
4924489860131733,3126033,qlever-server-d,S,0,0,437610,0,7,8,futex_do_wait
4924489860131733,3126034,qlever-server-d,S,4,33,382359593,47863234,1586,7,futex_do_wait
4924489860131733,3126035,qlever-server-d,S,2,15,172579292,72098625,2249,5,ep_poll
4924489860131733,0,__system__,-,1024791569,7867812915,0,0,0,-1,-
4924489880123193,3125313,qlever-server-d,S,925,1653,25796536701,16526421,786,9,futex_do_wait
4924489880123193,3125317,qlever-server-d,S,0,0,2998042,0,26,4,futex_do_wait
4924489880123193,3126029,qlever-server-d,S,1652,6,16598339511,14602377,192,9,futex_do_wait
4924489880123193,3126030,qlever-server-d,S,1655,7,16628298079,7136624,148,8,futex_do_wait
4924489880123193,3126031,qlever-server-d,S,0,0,19980,0,1,11,futex_do_wait
4924489880123193,3126032,qlever-server-d,S,0,0,127190,0,4,0,ep_poll
4924489880123193,3126033,qlever-server-d,S,0,0,437610,0,7,8,futex_do_wait
4924489880123193,3126034,qlever-server-d,S,4,33,382359593,47863234,1586,7,futex_do_wait
4924489880123193,3126035,qlever-server-d,S,2,15,172579292,72098625,2249,5,ep_poll
4924489880123193,0,__system__,-,1024791584,7867812947,0,0,0,-1,-
4924489900089832,3125313,qlever-server-d,S,925,1653,25796536701,16526421,786,9,futex_do_wait
4924489900089832,3125317,qlever-server-d,S,0,0,2998042,0,26,4,futex_do_wait
4924489900089832,3126029,qlever-server-d,S,1652,6,16598339511,14602377,192,9,futex_do_wait
4924489900089832,3126030,qlever-server-d,S,1655,7,16628298079,7136624,148,8,futex_do_wait
4924489900089832,3126031,qlever-server-d,S,0,0,19980,0,1,11,futex_do_wait
4924489900089832,3126032,qlever-server-d,S,0,0,127190,0,4,0,ep_poll
4924489900089832,3126033,qlever-server-d,S,0,0,437610,0,7,8,futex_do_wait
4924489900089832,3126034,qlever-server-d,S,4,33,382359593,47863234,1586,7,futex_do_wait
4924489900089832,3126035,qlever-server-d,S,2,15,172579292,72098625,2249,5,ep_poll
4924489900089832,0,__system__,-,1024791597,7867812978,0,0,0,-1,-
4924489920090222,3125313,qlever-server-d,S,925,1653,25796536701,16526421,786,9,futex_do_wait
4924489920090222,3125317,qlever-server-d,S,0,0,2998042,0,26,4,futex_do_wait
4924489920090222,3126029,qlever-server-d,S,1652,6,16598339511,14602377,192,9,futex_do_wait
4924489920090222,3126030,qlever-server-d,S,1655,7,16628298079,7136624,148,8,futex_do_wait
4924489920090222,3126031,qlever-server-d,S,0,0,19980,0,1,11,futex_do_wait
4924489920090222,3126032,qlever-server-d,S,0,0,127190,0,4,0,ep_poll
4924489920090222,3126033,qlever-server-d,S,0,0,437610,0,7,8,futex_do_wait
4924489920090222,3126034,qlever-server-d,S,4,33,382359593,47863234,1586,7,futex_do_wait
4924489920090222,3126035,qlever-server-d,S,2,15,172579292,72098625,2249,5,ep_poll
4924489920090222,0,__system__,-,1024791611,7867813009,0,0,0,-1,-
4924489940092342,3125313,qlever-server-d,S,925,1653,25796536701,16526421,786,9,futex_do_wait
4924489940092342,3125317,qlever-server-d,S,0,0,2998042,0,26,4,futex_do_wait
4924489940092342,3126029,qlever-server-d,S,1652,6,16598339511,14602377,192,9,futex_do_wait
4924489940092342,3126030,qlever-server-d,S,1655,7,16628298079,7136624,148,8,futex_do_wait
4924489940092342,3126031,qlever-server-d,S,0,0,19980,0,1,11,futex_do_wait
4924489940092342,3126032,qlever-server-d,S,0,0,127190,0,4,0,ep_poll
4924489940092342,3126033,qlever-server-d,S,0,0,437610,0,7,8,futex_do_wait
4924489940092342,3126034,qlever-server-d,S,4,33,382359593,47863234,1586,7,futex_do_wait
4924489940092342,3126035,qlever-server-d,S,2,15,172579292,72098625,2249,5,ep_poll
4924489940092342,0,__system__,-,1024791626,7867813042,0,0,0,-1,-
4924489960104982,3125313,qlever-server-d,S,925,1653,25796536701,16526421,786,9,futex_do_wait
4924489960104982,3125317,qlever-server-d,S,0,0,2998042,0,26,4,futex_do_wait
4924489960104982,3126029,qlever-server-d,S,1652,6,16598339511,14602377,192,9,futex_do_wait
4924489960104982,3126030,qlever-server-d,S,1655,7,16628298079,7136624,148,8,futex_do_wait
4924489960104982,3126031,qlever-server-d,S,0,0,19980,0,1,11,futex_do_wait
4924489960104982,3126032,qlever-server-d,S,0,0,127190,0,4,0,ep_poll
4924489960104982,3126033,qlever-server-d,S,0,0,437610,0,7,8,futex_do_wait
4924489960104982,3126034,qlever-server-d,S,4,33,382359593,47863234,1586,7,futex_do_wait
4924489960104982,3126035,qlever-server-d,S,2,15,172579292,72098625,2249,5,ep_poll
4924489960104982,0,__system__,-,1024791641,7867813073,0,0,0,-1,-
4924489980121031,3125313,qlever-server-d,S,925,1653,25796536701,16526421,786,9,futex_do_wait
4924489980121031,3125317,qlever-server-d,S,0,0,2998042,0,26,4,futex_do_wait
4924489980121031,3126029,qlever-server-d,S,1652,6,16598339511,14602377,192,9,futex_do_wait
4924489980121031,3126030,qlever-server-d,S,1655,7,16628298079,7136624,148,8,futex_do_wait
4924489980121031,3126031,qlever-server-d,S,0,0,19980,0,1,11,futex_do_wait
4924489980121031,3126032,qlever-server-d,S,0,0,127190,0,4,0,ep_poll
4924489980121031,3126033,qlever-server-d,S,0,0,437610,0,7,8,futex_do_wait
4924489980121031,3126034,qlever-server-d,S,4,33,382359593,47863234,1586,7,futex_do_wait
4924489980121031,3126035,qlever-server-d,S,2,15,172579292,72098625,2249,5,ep_poll
4924489980121031,0,__system__,-,1024791656,7867813105,0,0,0,-1,-
4924490000112221,3125313,qlever-server-d,S,925,1653,25796536701,16526421,786,9,futex_do_wait
4924490000112221,3125317,qlever-server-d,S,0,0,2998042,0,26,4,futex_do_wait
4924490000112221,3126029,qlever-server-d,S,1652,6,16598339511,14602377,192,9,futex_do_wait
4924490000112221,3126030,qlever-server-d,S,1655,7,16628298079,7136624,148,8,futex_do_wait
4924490000112221,3126031,qlever-server-d,S,0,0,19980,0,1,11,futex_do_wait
4924490000112221,3126032,qlever-server-d,S,0,0,127190,0,4,0,ep_poll
4924490000112221,3126033,qlever-server-d,S,0,0,437610,0,7,8,futex_do_wait
4924490000112221,3126034,qlever-server-d,S,4,33,382359593,47863234,1586,7,futex_do_wait
4924490000112221,3126035,qlever-server-d,S,2,15,172579292,72098625,2249,5,ep_poll
4924490000112221,0,__system__,-,1024791670,7867813137,0,0,0,-1,-
4924490020111351,3125313,qlever-server-d,S,925,1653,25796536701,16526421,786,9,futex_do_wait
4924490020111351,3125317,qlever-server-d,S,0,0,2998042,0,26,4,futex_do_wait
4924490020111351,3126029,qlever-server-d,S,1652,6,16598339511,14602377,192,9,futex_do_wait
4924490020111351,3126030,qlever-server-d,S,1655,7,16628298079,7136624,148,8,futex_do_wait
4924490020111351,3126031,qlever-server-d,S,0,0,19980,0,1,11,futex_do_wait
4924490020111351,3126032,qlever-server-d,S,0,0,127190,0,4,0,ep_poll
4924490020111351,3126033,qlever-server-d,S,0,0,437610,0,7,8,futex_do_wait
4924490020111351,3126034,qlever-server-d,S,4,33,382359593,47863234,1586,7,futex_do_wait
4924490020111351,3126035,qlever-server-d,S,2,15,172579292,72098625,2249,5,ep_poll
4924490020111351,0,__system__,-,1024791685,7867813170,0,0,0,-1,-
4924490040089081,3125313,qlever-server-d,S,925,1653,25796536701,16526421,786,9,futex_do_wait
4924490040089081,3125317,qlever-server-d,S,0,0,2998042,0,26,4,futex_do_wait
4924490040089081,3126029,qlever-server-d,S,1652,6,16598339511,14602377,192,9,futex_do_wait
4924490040089081,3126030,qlever-server-d,S,1655,7,16628298079,7136624,148,8,futex_do_wait
4924490040089081,3126031,qlever-server-d,S,0,0,19980,0,1,11,futex_do_wait
4924490040089081,3126032,qlever-server-d,S,0,0,127190,0,4,0,ep_poll
4924490040089081,3126033,qlever-server-d,S,0,0,437610,0,7,8,futex_do_wait
4924490040089081,3126034,qlever-server-d,S,4,33,382359593,47863234,1586,7,futex_do_wait
4924490040089081,3126035,qlever-server-d,S,2,15,172579292,72098625,2249,5,ep_poll
4924490040089081,0,__system__,-,1024791699,7867813202,0,0,0,-1,-
4924490060085340,3125313,qlever-server-d,S,925,1653,25796536701,16526421,786,9,futex_do_wait
4924490060085340,3125317,qlever-server-d,S,0,0,2998042,0,26,4,futex_do_wait
4924490060085340,3126029,qlever-server-d,S,1652,6,16598339511,14602377,192,9,futex_do_wait
4924490060085340,3126030,qlever-server-d,S,1655,7,16628298079,7136624,148,8,futex_do_wait
4924490060085340,3126031,qlever-server-d,S,0,0,19980,0,1,11,futex_do_wait
4924490060085340,3126032,qlever-server-d,S,0,0,127190,0,4,0,ep_poll
4924490060085340,3126033,qlever-server-d,S,0,0,437610,0,7,8,futex_do_wait
4924490060085340,3126034,qlever-server-d,S,4,33,382359593,47863234,1586,7,futex_do_wait
4924490060085340,3126035,qlever-server-d,S,2,15,172579292,72098625,2249,5,ep_poll
4924490060085340,0,__system__,-,1024791712,7867813232,0,0,0,-1,-
4924490080086540,3125313,qlever-server-d,S,925,1653,25796536701,16526421,786,9,futex_do_wait
4924490080086540,3125317,qlever-server-d,S,0,0,2998042,0,26,4,futex_do_wait
4924490080086540,3126029,qlever-server-d,S,1652,6,16598339511,14602377,192,9,futex_do_wait
4924490080086540,3126030,qlever-server-d,S,1655,7,16628298079,7136624,148,8,futex_do_wait
4924490080086540,3126031,qlever-server-d,S,0,0,19980,0,1,11,futex_do_wait
4924490080086540,3126032,qlever-server-d,S,0,0,127190,0,4,0,ep_poll
4924490080086540,3126033,qlever-server-d,S,0,0,437610,0,7,8,futex_do_wait
4924490080086540,3126034,qlever-server-d,S,4,33,382359593,47863234,1586,7,futex_do_wait
4924490080086540,3126035,qlever-server-d,S,2,15,172579292,72098625,2249,5,ep_poll
4924490080086540,0,__system__,-,1024791729,7867813265,0,0,0,-1,-
4924490100085730,3125313,qlever-server-d,S,925,1653,25796536701,16526421,786,9,futex_do_wait
4924490100085730,3125317,qlever-server-d,S,0,0,2998042,0,26,4,futex_do_wait
4924490100085730,3126029,qlever-server-d,S,1652,6,16598339511,14602377,192,9,futex_do_wait
4924490100085730,3126030,qlever-server-d,S,1655,7,16628298079,7136624,148,8,futex_do_wait
4924490100085730,3126031,qlever-server-d,S,0,0,19980,0,1,11,futex_do_wait
4924490100085730,3126032,qlever-server-d,S,0,0,127190,0,4,0,ep_poll
4924490100085730,3126033,qlever-server-d,S,0,0,437610,0,7,8,futex_do_wait
4924490100085730,3126034,qlever-server-d,S,4,33,382359593,47863234,1586,7,futex_do_wait
4924490100085730,3126035,qlever-server-d,S,2,15,172579292,72098625,2249,5,ep_poll
4924490100085730,0,__system__,-,1024791744,7867813298,0,0,0,-1,-
4924490120110039,3125313,qlever-server-d,S,925,1653,25796536701,16526421,786,9,futex_do_wait
4924490120110039,3125317,qlever-server-d,S,0,0,2998042,0,26,4,futex_do_wait
4924490120110039,3126029,qlever-server-d,S,1652,6,16598339511,14602377,192,9,futex_do_wait
4924490120110039,3126030,qlever-server-d,S,1655,7,16628298079,7136624,148,8,futex_do_wait
4924490120110039,3126031,qlever-server-d,S,0,0,19980,0,1,11,futex_do_wait
4924490120110039,3126032,qlever-server-d,S,0,0,127190,0,4,0,ep_poll
4924490120110039,3126033,qlever-server-d,S,0,0,437610,0,7,8,futex_do_wait
4924490120110039,3126034,qlever-server-d,S,4,33,382359593,47863234,1586,7,futex_do_wait
4924490120110039,3126035,qlever-server-d,S,2,15,172579292,72098625,2249,5,ep_poll
4924490120110039,0,__system__,-,1024791757,7867813328,0,0,0,-1,-
4924490140089329,3125313,qlever-server-d,S,925,1653,25796536701,16526421,786,9,futex_do_wait
4924490140089329,3125317,qlever-server-d,S,0,0,2998042,0,26,4,futex_do_wait
4924490140089329,3126029,qlever-server-d,S,1652,6,16598339511,14602377,192,9,futex_do_wait
4924490140089329,3126030,qlever-server-d,S,1655,7,16628298079,7136624,148,8,futex_do_wait
4924490140089329,3126031,qlever-server-d,S,0,0,19980,0,1,11,futex_do_wait
4924490140089329,3126032,qlever-server-d,S,0,0,127190,0,4,0,ep_poll
4924490140089329,3126033,qlever-server-d,S,0,0,437610,0,7,8,futex_do_wait
4924490140089329,3126034,qlever-server-d,S,4,33,382359593,47863234,1586,7,futex_do_wait
4924490140089329,3126035,qlever-server-d,S,2,15,172579292,72098625,2249,5,ep_poll
4924490140089329,0,__system__,-,1024791771,7867813360,0,0,0,-1,-
4924490160085829,3125313,qlever-server-d,S,925,1653,25796536701,16526421,786,9,futex_do_wait
4924490160085829,3125317,qlever-server-d,S,0,0,2998042,0,26,4,futex_do_wait
4924490160085829,3126029,qlever-server-d,S,1652,6,16598339511,14602377,192,9,futex_do_wait
4924490160085829,3126030,qlever-server-d,S,1655,7,16628298079,7136624,148,8,futex_do_wait
4924490160085829,3126031,qlever-server-d,S,0,0,19980,0,1,11,futex_do_wait
4924490160085829,3126032,qlever-server-d,S,0,0,127190,0,4,0,ep_poll
4924490160085829,3126033,qlever-server-d,S,0,0,437610,0,7,8,futex_do_wait
4924490160085829,3126034,qlever-server-d,S,4,33,382359593,47863234,1586,7,futex_do_wait
4924490160085829,3126035,qlever-server-d,S,2,15,172579292,72098625,2249,5,ep_poll
4924490160085829,0,__system__,-,1024791785,7867813392,0,0,0,-1,-
4924490180084409,3125313,qlever-server-d,S,925,1653,25796536701,16526421,786,9,futex_do_wait
4924490180084409,3125317,qlever-server-d,S,0,0,2998042,0,26,4,futex_do_wait
4924490180084409,3126029,qlever-server-d,S,1652,6,16598339511,14602377,192,9,futex_do_wait
4924490180084409,3126030,qlever-server-d,S,1655,7,16628298079,7136624,148,8,futex_do_wait
4924490180084409,3126031,qlever-server-d,S,0,0,19980,0,1,11,futex_do_wait
4924490180084409,3126032,qlever-server-d,S,0,0,127190,0,4,0,ep_poll
4924490180084409,3126033,qlever-server-d,S,0,0,437610,0,7,8,futex_do_wait
4924490180084409,3126034,qlever-server-d,S,4,33,382359593,47863234,1586,7,futex_do_wait
4924490180084409,3126035,qlever-server-d,S,2,15,172579292,72098625,2249,5,ep_poll
4924490180084409,0,__system__,-,1024791799,7867813424,0,0,0,-1,-
4924490200091828,3125313,qlever-server-d,S,925,1653,25796536701,16526421,786,9,futex_do_wait
4924490200091828,3125317,qlever-server-d,S,0,0,2998042,0,26,4,futex_do_wait
4924490200091828,3126029,qlever-server-d,S,1652,6,16598339511,14602377,192,9,futex_do_wait
4924490200091828,3126030,qlever-server-d,S,1655,7,16628298079,7136624,148,8,futex_do_wait
4924490200091828,3126031,qlever-server-d,S,0,0,19980,0,1,11,futex_do_wait
4924490200091828,3126032,qlever-server-d,S,0,0,127190,0,4,0,ep_poll
4924490200091828,3126033,qlever-server-d,S,0,0,437610,0,7,8,futex_do_wait
4924490200091828,3126034,qlever-server-d,S,4,33,382359593,47863234,1586,7,futex_do_wait
4924490200091828,3126035,qlever-server-d,S,2,15,172579292,72098625,2249,5,ep_poll
4924490200091828,0,__system__,-,1024791815,7867813455,0,0,0,-1,-
4924490220091748,3125313,qlever-server-d,S,925,1653,25796536701,16526421,786,9,futex_do_wait
4924490220091748,3125317,qlever-server-d,S,0,0,2998042,0,26,4,futex_do_wait
4924490220091748,3126029,qlever-server-d,S,1652,6,16598339511,14602377,192,9,futex_do_wait
4924490220091748,3126030,qlever-server-d,S,1655,7,16628298079,7136624,148,8,futex_do_wait
4924490220091748,3126031,qlever-server-d,S,0,0,19980,0,1,11,futex_do_wait
4924490220091748,3126032,qlever-server-d,S,0,0,127190,0,4,0,ep_poll
4924490220091748,3126033,qlever-server-d,S,0,0,437610,0,7,8,futex_do_wait
4924490220091748,3126034,qlever-server-d,S,4,33,382359593,47863234,1586,7,futex_do_wait
4924490220091748,3126035,qlever-server-d,S,2,15,172579292,72098625,2249,5,ep_poll
4924490220091748,0,__system__,-,1024791829,7867813487,0,0,0,-1,-
4924490240089498,3125313,qlever-server-d,S,925,1653,25796536701,16526421,786,9,futex_do_wait
4924490240089498,3125317,qlever-server-d,S,0,0,2998042,0,26,4,futex_do_wait
4924490240089498,3126029,qlever-server-d,S,1652,6,16598339511,14602377,192,9,futex_do_wait
4924490240089498,3126030,qlever-server-d,S,1655,7,16628298079,7136624,148,8,futex_do_wait
4924490240089498,3126031,qlever-server-d,S,0,0,19980,0,1,11,futex_do_wait
4924490240089498,3126032,qlever-server-d,S,0,0,127190,0,4,0,ep_poll
4924490240089498,3126033,qlever-server-d,S,0,0,437610,0,7,8,futex_do_wait
4924490240089498,3126034,qlever-server-d,S,4,33,382359593,47863234,1586,7,futex_do_wait
4924490240089498,3126035,qlever-server-d,S,2,15,172579292,72098625,2249,5,ep_poll
4924490240089498,0,__system__,-,1024791844,7867813520,0,0,0,-1,-
4924490260084958,3125313,qlever-server-d,S,925,1653,25796536701,16526421,786,9,futex_do_wait
4924490260084958,3125317,qlever-server-d,S,0,0,2998042,0,26,4,futex_do_wait
4924490260084958,3126029,qlever-server-d,S,1652,6,16598339511,14602377,192,9,futex_do_wait
4924490260084958,3126030,qlever-server-d,S,1655,7,16628298079,7136624,148,8,futex_do_wait
4924490260084958,3126031,qlever-server-d,S,0,0,19980,0,1,11,futex_do_wait
4924490260084958,3126032,qlever-server-d,S,0,0,127190,0,4,0,ep_poll
4924490260084958,3126033,qlever-server-d,S,0,0,437610,0,7,8,futex_do_wait
4924490260084958,3126034,qlever-server-d,S,4,33,382359593,47863234,1586,7,futex_do_wait
4924490260084958,3126035,qlever-server-d,S,2,15,172579292,72098625,2249,5,ep_poll
4924490260084958,0,__system__,-,1024791857,7867813551,0,0,0,-1,-
4924490280084897,3125313,qlever-server-d,S,925,1653,25796536701,16526421,786,9,futex_do_wait
4924490280084897,3125317,qlever-server-d,S,0,0,2998042,0,26,4,futex_do_wait
4924490280084897,3126029,qlever-server-d,S,1652,6,16598339511,14602377,192,9,futex_do_wait
4924490280084897,3126030,qlever-server-d,S,1655,7,16628298079,7136624,148,8,futex_do_wait
4924490280084897,3126031,qlever-server-d,S,0,0,19980,0,1,11,futex_do_wait
4924490280084897,3126032,qlever-server-d,S,0,0,127190,0,4,0,ep_poll
4924490280084897,3126033,qlever-server-d,S,0,0,437610,0,7,8,futex_do_wait
4924490280084897,3126034,qlever-server-d,S,4,33,382359593,47863234,1586,7,futex_do_wait
4924490280084897,3126035,qlever-server-d,S,2,15,172579292,72098625,2249,5,ep_poll
4924490280084897,0,__system__,-,1024791872,7867813583,0,0,0,-1,-
4924490300093717,3125313,qlever-server-d,S,925,1653,25796536701,16526421,786,9,futex_do_wait
4924490300093717,3125317,qlever-server-d,S,0,0,2998042,0,26,4,futex_do_wait
4924490300093717,3126029,qlever-server-d,S,1652,6,16598339511,14602377,192,9,futex_do_wait
4924490300093717,3126030,qlever-server-d,S,1655,7,16628298079,7136624,148,8,futex_do_wait
4924490300093717,3126031,qlever-server-d,S,0,0,19980,0,1,11,futex_do_wait
4924490300093717,3126032,qlever-server-d,S,0,0,127190,0,4,0,ep_poll
4924490300093717,3126033,qlever-server-d,S,0,0,437610,0,7,8,futex_do_wait
4924490300093717,3126034,qlever-server-d,S,4,33,382359593,47863234,1586,7,futex_do_wait
4924490300093717,3126035,qlever-server-d,S,2,15,172579292,72098625,2249,5,ep_poll
4924490300093717,0,__system__,-,1024791886,7867813615,0,0,0,-1,-
4924490320096127,3125313,qlever-server-d,S,925,1653,25796536701,16526421,786,9,futex_do_wait
4924490320096127,3125317,qlever-server-d,S,0,0,2998042,0,26,4,futex_do_wait
4924490320096127,3126029,qlever-server-d,S,1652,6,16598339511,14602377,192,9,futex_do_wait
4924490320096127,3126030,qlever-server-d,S,1655,7,16628298079,7136624,148,8,futex_do_wait
4924490320096127,3126031,qlever-server-d,S,0,0,19980,0,1,11,futex_do_wait
4924490320096127,3126032,qlever-server-d,S,0,0,127190,0,4,0,ep_poll
4924490320096127,3126033,qlever-server-d,S,0,0,437610,0,7,8,futex_do_wait
4924490320096127,3126034,qlever-server-d,S,4,33,382359593,47863234,1586,7,futex_do_wait
4924490320096127,3126035,qlever-server-d,S,2,15,172579292,72098625,2249,5,ep_poll
4924490320096127,0,__system__,-,1024791901,7867813646,0,0,0,-1,-
4924490340088427,3125313,qlever-server-d,S,925,1653,25796536701,16526421,786,9,futex_do_wait
4924490340088427,3125317,qlever-server-d,S,0,0,2998042,0,26,4,futex_do_wait
4924490340088427,3126029,qlever-server-d,S,1652,6,16598339511,14602377,192,9,futex_do_wait
4924490340088427,3126030,qlever-server-d,S,1655,7,16628298079,7136624,148,8,futex_do_wait
4924490340088427,3126031,qlever-server-d,S,0,0,19980,0,1,11,futex_do_wait
4924490340088427,3126032,qlever-server-d,S,0,0,127190,0,4,0,ep_poll
4924490340088427,3126033,qlever-server-d,S,0,0,437610,0,7,8,futex_do_wait
4924490340088427,3126034,qlever-server-d,S,4,33,382359593,47863234,1586,7,futex_do_wait
4924490340088427,3126035,qlever-server-d,S,2,15,172579292,72098625,2249,5,ep_poll
4924490340088427,0,__system__,-,1024791916,7867813679,0,0,0,-1,-
4924490360119906,3125313,qlever-server-d,S,925,1653,25796536701,16526421,786,9,futex_do_wait
4924490360119906,3125317,qlever-server-d,S,0,0,2998042,0,26,4,futex_do_wait
4924490360119906,3126029,qlever-server-d,S,1652,6,16598339511,14602377,192,9,futex_do_wait
4924490360119906,3126030,qlever-server-d,S,1655,7,16628298079,7136624,148,8,futex_do_wait
4924490360119906,3126031,qlever-server-d,S,0,0,19980,0,1,11,futex_do_wait
4924490360119906,3126032,qlever-server-d,S,0,0,127190,0,4,0,ep_poll
4924490360119906,3126033,qlever-server-d,S,0,0,437610,0,7,8,futex_do_wait
4924490360119906,3126034,qlever-server-d,S,4,33,382359593,47863234,1586,7,futex_do_wait
4924490360119906,3126035,qlever-server-d,S,2,15,172579292,72098625,2249,5,ep_poll
4924490360119906,0,__system__,-,1024791931,7867813711,0,0,0,-1,-
4924490380086706,3125313,qlever-server-d,S,925,1653,25796536701,16526421,786,9,futex_do_wait
4924490380086706,3125317,qlever-server-d,S,0,0,2998042,0,26,4,futex_do_wait
4924490380086706,3126029,qlever-server-d,S,1652,6,16598339511,14602377,192,9,futex_do_wait
4924490380086706,3126030,qlever-server-d,S,1655,7,16628298079,7136624,148,8,futex_do_wait
4924490380086706,3126031,qlever-server-d,S,0,0,19980,0,1,11,futex_do_wait
4924490380086706,3126032,qlever-server-d,S,0,0,127190,0,4,0,ep_poll
4924490380086706,3126033,qlever-server-d,S,0,0,437610,0,7,8,futex_do_wait
4924490380086706,3126034,qlever-server-d,S,4,33,382359593,47863234,1586,7,futex_do_wait
4924490380086706,3126035,qlever-server-d,S,2,15,172579292,72098625,2249,5,ep_poll
4924490380086706,0,__system__,-,1024791942,7867813741,0,0,0,-1,-
4924490400104496,3125313,qlever-server-d,S,925,1653,25796536701,16526421,786,9,futex_do_wait
4924490400104496,3125317,qlever-server-d,S,0,0,2998042,0,26,4,futex_do_wait
4924490400104496,3126029,qlever-server-d,S,1652,6,16598339511,14602377,192,9,futex_do_wait
4924490400104496,3126030,qlever-server-d,S,1655,7,16628298079,7136624,148,8,futex_do_wait
4924490400104496,3126031,qlever-server-d,S,0,0,19980,0,1,11,futex_do_wait
4924490400104496,3126032,qlever-server-d,S,0,0,127190,0,4,0,ep_poll
4924490400104496,3126033,qlever-server-d,S,0,0,437610,0,7,8,futex_do_wait
4924490400104496,3126034,qlever-server-d,S,4,33,382359593,47863234,1586,7,futex_do_wait
4924490400104496,3126035,qlever-server-d,S,2,15,172579292,72098625,2249,5,ep_poll
4924490400104496,0,__system__,-,1024791955,7867813774,0,0,0,-1,-
4924490420094616,3125313,qlever-server-d,S,925,1653,25796536701,16526421,786,9,futex_do_wait
4924490420094616,3125317,qlever-server-d,S,0,0,2998042,0,26,4,futex_do_wait
4924490420094616,3126029,qlever-server-d,S,1652,6,16598339511,14602377,192,9,futex_do_wait
4924490420094616,3126030,qlever-server-d,S,1655,7,16628298079,7136624,148,8,futex_do_wait
4924490420094616,3126031,qlever-server-d,S,0,0,19980,0,1,11,futex_do_wait
4924490420094616,3126032,qlever-server-d,S,0,0,127190,0,4,0,ep_poll
4924490420094616,3126033,qlever-server-d,S,0,0,437610,0,7,8,futex_do_wait
4924490420094616,3126034,qlever-server-d,S,4,33,382359593,47863234,1586,7,futex_do_wait
4924490420094616,3126035,qlever-server-d,S,2,15,172579292,72098625,2249,5,ep_poll
4924490420094616,0,__system__,-,1024791968,7867813806,0,0,0,-1,-
4924490440096065,3125313,qlever-server-d,S,925,1653,25796536701,16526421,786,9,futex_do_wait
4924490440096065,3125317,qlever-server-d,S,0,0,2998042,0,26,4,futex_do_wait
4924490440096065,3126029,qlever-server-d,S,1652,6,16598339511,14602377,192,9,futex_do_wait
4924490440096065,3126030,qlever-server-d,S,1655,7,16628298079,7136624,148,8,futex_do_wait
4924490440096065,3126031,qlever-server-d,S,0,0,19980,0,1,11,futex_do_wait
4924490440096065,3126032,qlever-server-d,S,0,0,127190,0,4,0,ep_poll
4924490440096065,3126033,qlever-server-d,S,0,0,437610,0,7,8,futex_do_wait
4924490440096065,3126034,qlever-server-d,S,4,33,382359593,47863234,1586,7,futex_do_wait
4924490440096065,3126035,qlever-server-d,S,2,15,172579292,72098625,2249,5,ep_poll
4924490440096065,0,__system__,-,1024791981,7867813837,0,0,0,-1,-
4924490460092565,3125313,qlever-server-d,S,925,1653,25796536701,16526421,786,9,futex_do_wait
4924490460092565,3125317,qlever-server-d,S,0,0,2998042,0,26,4,futex_do_wait
4924490460092565,3126029,qlever-server-d,S,1652,6,16598339511,14602377,192,9,futex_do_wait
4924490460092565,3126030,qlever-server-d,S,1655,7,16628298079,7136624,148,8,futex_do_wait
4924490460092565,3126031,qlever-server-d,S,0,0,19980,0,1,11,futex_do_wait
4924490460092565,3126032,qlever-server-d,S,0,0,127190,0,4,0,ep_poll
4924490460092565,3126033,qlever-server-d,S,0,0,437610,0,7,8,futex_do_wait
4924490460092565,3126034,qlever-server-d,S,4,33,382359593,47863234,1586,7,futex_do_wait
4924490460092565,3126035,qlever-server-d,S,2,15,172579292,72098625,2249,5,ep_poll
4924490460092565,0,__system__,-,1024791994,7867813869,0,0,0,-1,-
4924490480105175,3125313,qlever-server-d,S,925,1653,25796536701,16526421,786,9,futex_do_wait
4924490480105175,3125317,qlever-server-d,S,0,0,2998042,0,26,4,futex_do_wait
4924490480105175,3126029,qlever-server-d,S,1652,6,16598339511,14602377,192,9,futex_do_wait
4924490480105175,3126030,qlever-server-d,S,1655,7,16628298079,7136624,148,8,futex_do_wait
4924490480105175,3126031,qlever-server-d,S,0,0,19980,0,1,11,futex_do_wait
4924490480105175,3126032,qlever-server-d,S,0,0,127190,0,4,0,ep_poll
4924490480105175,3126033,qlever-server-d,S,0,0,437610,0,7,8,futex_do_wait
4924490480105175,3126034,qlever-server-d,S,4,33,382359593,47863234,1586,7,futex_do_wait
4924490480105175,3126035,qlever-server-d,S,2,15,172579292,72098625,2249,5,ep_poll
4924490480105175,0,__system__,-,1024792006,7867813901,0,0,0,-1,-
4924490500106134,3125313,qlever-server-d,S,925,1653,25796536701,16526421,786,9,futex_do_wait
4924490500106134,3125317,qlever-server-d,S,0,0,2998042,0,26,4,futex_do_wait
4924490500106134,3126029,qlever-server-d,S,1652,6,16598339511,14602377,192,9,futex_do_wait
4924490500106134,3126030,qlever-server-d,S,1655,7,16628298079,7136624,148,8,futex_do_wait
4924490500106134,3126031,qlever-server-d,S,0,0,19980,0,1,11,futex_do_wait
4924490500106134,3126032,qlever-server-d,S,0,0,127190,0,4,0,ep_poll
4924490500106134,3126033,qlever-server-d,S,0,0,437610,0,7,8,futex_do_wait
4924490500106134,3126034,qlever-server-d,S,4,33,382359593,47863234,1586,7,futex_do_wait
4924490500106134,3126035,qlever-server-d,S,2,15,172579292,72098625,2249,5,ep_poll
4924490500106134,0,__system__,-,1024792018,7867813933,0,0,0,-1,-
4924490520117814,3125313,qlever-server-d,S,925,1653,25796536701,16526421,786,9,futex_do_wait
4924490520117814,3125317,qlever-server-d,S,0,0,2998042,0,26,4,futex_do_wait
4924490520117814,3126029,qlever-server-d,S,1652,6,16598339511,14602377,192,9,futex_do_wait
4924490520117814,3126030,qlever-server-d,S,1655,7,16628298079,7136624,148,8,futex_do_wait
4924490520117814,3126031,qlever-server-d,S,0,0,19980,0,1,11,futex_do_wait
4924490520117814,3126032,qlever-server-d,S,0,0,127190,0,4,0,ep_poll
4924490520117814,3126033,qlever-server-d,S,0,0,437610,0,7,8,futex_do_wait
4924490520117814,3126034,qlever-server-d,S,4,33,382359593,47863234,1586,7,futex_do_wait
4924490520117814,3126035,qlever-server-d,S,2,15,172579292,72098625,2249,5,ep_poll
4924490520117814,0,__system__,-,1024792029,7867813963,0,0,0,-1,-
4924490540100514,3125313,qlever-server-d,S,925,1653,25796536701,16526421,786,9,futex_do_wait
4924490540100514,3125317,qlever-server-d,S,0,0,3099702,0,27,4,futex_do_wait
4924490540100514,3126029,qlever-server-d,S,1652,6,16598339511,14602377,192,9,futex_do_wait
4924490540100514,3126030,qlever-server-d,S,1655,7,16628298079,7136624,148,8,futex_do_wait
4924490540100514,3126031,qlever-server-d,S,0,0,19980,0,1,11,futex_do_wait
4924490540100514,3126032,qlever-server-d,S,0,0,127190,0,4,0,ep_poll
4924490540100514,3126033,qlever-server-d,S,0,0,437610,0,7,8,futex_do_wait
4924490540100514,3126034,qlever-server-d,S,4,33,382359593,47863234,1586,7,futex_do_wait
4924490540100514,3126035,qlever-server-d,S,2,15,172579292,72098625,2249,5,ep_poll
4924490540100514,0,__system__,-,1024792042,7867813996,0,0,0,-1,-
4924490560126643,3125313,qlever-server-d,S,925,1653,25796536701,16526421,786,9,futex_do_wait
4924490560126643,3125317,qlever-server-d,S,0,0,3099702,0,27,4,futex_do_wait
4924490560126643,3126029,qlever-server-d,S,1652,6,16598339511,14602377,192,9,futex_do_wait
4924490560126643,3126030,qlever-server-d,S,1655,7,16628298079,7136624,148,8,futex_do_wait
4924490560126643,3126031,qlever-server-d,S,0,0,19980,0,1,11,futex_do_wait
4924490560126643,3126032,qlever-server-d,S,0,0,127190,0,4,0,ep_poll
4924490560126643,3126033,qlever-server-d,S,0,0,437610,0,7,8,futex_do_wait
4924490560126643,3126034,qlever-server-d,S,4,33,382359593,47863234,1586,7,futex_do_wait
4924490560126643,3126035,qlever-server-d,S,2,15,172579292,72098625,2249,5,ep_poll
4924490560126643,0,__system__,-,1024792055,7867814027,0,0,0,-1,-
4924490580124283,3125313,qlever-server-d,S,925,1653,25796536701,16526421,786,9,futex_do_wait
4924490580124283,3125317,qlever-server-d,S,0,0,3099702,0,27,4,futex_do_wait
4924490580124283,3126029,qlever-server-d,S,1652,6,16598339511,14602377,192,9,futex_do_wait
4924490580124283,3126030,qlever-server-d,S,1655,7,16628298079,7136624,148,8,futex_do_wait
4924490580124283,3126031,qlever-server-d,S,0,0,19980,0,1,11,futex_do_wait
4924490580124283,3126032,qlever-server-d,S,0,0,127190,0,4,0,ep_poll
4924490580124283,3126033,qlever-server-d,S,0,0,437610,0,7,8,futex_do_wait
4924490580124283,3126034,qlever-server-d,S,4,33,382359593,47863234,1586,7,futex_do_wait
4924490580124283,3126035,qlever-server-d,S,2,15,172579292,72098625,2249,5,ep_poll
4924490580124283,0,__system__,-,1024792070,7867814059,0,0,0,-1,-
4924490600125553,3125313,qlever-server-d,S,925,1653,25796536701,16526421,786,9,futex_do_wait
4924490600125553,3125317,qlever-server-d,S,0,0,3099702,0,27,4,futex_do_wait
4924490600125553,3126029,qlever-server-d,S,1652,6,16598339511,14602377,192,9,futex_do_wait
4924490600125553,3126030,qlever-server-d,S,1655,7,16628298079,7136624,148,8,futex_do_wait
4924490600125553,3126031,qlever-server-d,S,0,0,19980,0,1,11,futex_do_wait
4924490600125553,3126032,qlever-server-d,S,0,0,127190,0,4,0,ep_poll
4924490600125553,3126033,qlever-server-d,S,0,0,437610,0,7,8,futex_do_wait
4924490600125553,3126034,qlever-server-d,S,4,33,382359593,47863234,1586,7,futex_do_wait
4924490600125553,3126035,qlever-server-d,S,2,15,172579292,72098625,2249,5,ep_poll
4924490600125553,0,__system__,-,1024792085,7867814092,0,0,0,-1,-
4924490620127703,3125313,qlever-server-d,S,925,1653,25796536701,16526421,786,9,futex_do_wait
4924490620127703,3125317,qlever-server-d,S,0,0,3099702,0,27,4,futex_do_wait
4924490620127703,3126029,qlever-server-d,S,1652,6,16598339511,14602377,192,9,futex_do_wait
4924490620127703,3126030,qlever-server-d,S,1655,7,16628298079,7136624,148,8,futex_do_wait
4924490620127703,3126031,qlever-server-d,S,0,0,19980,0,1,11,futex_do_wait
4924490620127703,3126032,qlever-server-d,S,0,0,127190,0,4,0,ep_poll
4924490620127703,3126033,qlever-server-d,S,0,0,437610,0,7,8,futex_do_wait
4924490620127703,3126034,qlever-server-d,S,4,33,382359593,47863234,1586,7,futex_do_wait
4924490620127703,3126035,qlever-server-d,S,2,15,172579292,72098625,2249,5,ep_poll
4924490620127703,0,__system__,-,1024792099,7867814123,0,0,0,-1,-
4924490640132672,3125313,qlever-server-d,S,925,1653,25796536701,16526421,786,9,futex_do_wait
4924490640132672,3125317,qlever-server-d,S,0,0,3099702,0,27,4,futex_do_wait
4924490640132672,3126029,qlever-server-d,S,1652,6,16598339511,14602377,192,9,futex_do_wait
4924490640132672,3126030,qlever-server-d,S,1655,7,16628298079,7136624,148,8,futex_do_wait
4924490640132672,3126031,qlever-server-d,S,0,0,19980,0,1,11,futex_do_wait
4924490640132672,3126032,qlever-server-d,S,0,0,127190,0,4,0,ep_poll
4924490640132672,3126033,qlever-server-d,S,0,0,437610,0,7,8,futex_do_wait
4924490640132672,3126034,qlever-server-d,S,4,33,382359593,47863234,1586,7,futex_do_wait
4924490640132672,3126035,qlever-server-d,S,2,15,172579292,72098625,2249,5,ep_poll
4924490640132672,0,__system__,-,1024792111,7867814153,0,0,0,-1,-
4924490660132232,3125313,qlever-server-d,S,925,1653,25796536701,16526421,786,9,futex_do_wait
4924490660132232,3125317,qlever-server-d,S,0,0,3099702,0,27,4,futex_do_wait
4924490660132232,3126029,qlever-server-d,S,1652,6,16598339511,14602377,192,9,futex_do_wait
4924490660132232,3126030,qlever-server-d,S,1655,7,16628298079,7136624,148,8,futex_do_wait
4924490660132232,3126031,qlever-server-d,S,0,0,19980,0,1,11,futex_do_wait
4924490660132232,3126032,qlever-server-d,S,0,0,127190,0,4,0,ep_poll
4924490660132232,3126033,qlever-server-d,S,0,0,437610,0,7,8,futex_do_wait
4924490660132232,3126034,qlever-server-d,S,4,33,382359593,47863234,1586,7,futex_do_wait
4924490660132232,3126035,qlever-server-d,S,2,15,172579292,72098625,2249,5,ep_poll
4924490660132232,0,__system__,-,1024792124,7867814186,0,0,0,-1,-
4924490680134402,3125313,qlever-server-d,S,925,1653,25796536701,16526421,786,9,futex_do_wait
4924490680134402,3125317,qlever-server-d,S,0,0,3099702,0,27,4,futex_do_wait
4924490680134402,3126029,qlever-server-d,S,1652,6,16598339511,14602377,192,9,futex_do_wait
4924490680134402,3126030,qlever-server-d,S,1655,7,16628298079,7136624,148,8,futex_do_wait
4924490680134402,3126031,qlever-server-d,S,0,0,19980,0,1,11,futex_do_wait
4924490680134402,3126032,qlever-server-d,S,0,0,127190,0,4,0,ep_poll
4924490680134402,3126033,qlever-server-d,S,0,0,437610,0,7,8,futex_do_wait
4924490680134402,3126034,qlever-server-d,S,4,33,382359593,47863234,1586,7,futex_do_wait
4924490680134402,3126035,qlever-server-d,S,2,15,172579292,72098625,2249,5,ep_poll
4924490680134402,0,__system__,-,1024792137,7867814217,0,0,0,-1,-
4924490700122672,3125313,qlever-server-d,S,925,1653,25796536701,16526421,786,9,futex_do_wait
4924490700122672,3125317,qlever-server-d,S,0,0,3099702,0,27,4,futex_do_wait
4924490700122672,3126029,qlever-server-d,S,1652,6,16598339511,14602377,192,9,futex_do_wait
4924490700122672,3126030,qlever-server-d,S,1655,7,16628298079,7136624,148,8,futex_do_wait
4924490700122672,3126031,qlever-server-d,S,0,0,19980,0,1,11,futex_do_wait
4924490700122672,3126032,qlever-server-d,S,0,0,127190,0,4,0,ep_poll
4924490700122672,3126033,qlever-server-d,S,0,0,437610,0,7,8,futex_do_wait
4924490700122672,3126034,qlever-server-d,S,4,33,382359593,47863234,1586,7,futex_do_wait
4924490700122672,3126035,qlever-server-d,S,2,15,172579292,72098625,2249,5,ep_poll
4924490700122672,0,__system__,-,1024792152,7867814250,0,0,0,-1,-
4924490720125511,3125313,qlever-server-d,S,925,1653,25796536701,16526421,786,9,futex_do_wait
4924490720125511,3125317,qlever-server-d,S,0,0,3099702,0,27,4,futex_do_wait
4924490720125511,3126029,qlever-server-d,S,1652,6,16598709871,14602377,193,12,futex_do_wait
4924490720125511,3126030,qlever-server-d,S,1655,7,16628298079,7136624,148,8,futex_do_wait
4924490720125511,3126031,qlever-server-d,S,0,0,19980,0,1,11,futex_do_wait
4924490720125511,3126032,qlever-server-d,S,0,0,127190,0,4,0,ep_poll
4924490720125511,3126033,qlever-server-d,S,0,0,522531,0,8,8,futex_do_wait
4924490720125511,3126034,qlever-server-d,S,4,33,383114684,47863234,1591,7,futex_do_wait
4924490720125511,3126035,qlever-server-d,S,2,15,172738482,72098625,2254,13,ep_poll
4924490720125511,3126838,qlever-server-d,S,0,0,16400,0,1,5,futex_do_wait
4924490720125511,3126839,qlever-server-d,S,0,0,243230,0,1,5,futex_do_wait
4924490720125511,3126840,qlever-server-d,R,0,0,82770,0,1,7,0
4924490720125511,0,__system__,-,1024792168,7867814283,0,0,0,-1,-
4924490740123021,3125313,qlever-server-d,S,925,1653,25796536701,16526421,786,9,futex_do_wait
4924490740123021,3125317,qlever-server-d,S,0,0,3099702,0,27,4,futex_do_wait
4924490740123021,3126029,qlever-server-d,R,1653,7,16601515192,14602377,194,13,0
4924490740123021,3126030,qlever-server-d,R,1655,7,16631131780,7136624,150,15,0
4924490740123021,3126031,qlever-server-d,S,0,0,19980,0,1,11,futex_do_wait
4924490740123021,3126032,qlever-server-d,S,0,0,127190,0,4,0,ep_poll
4924490740123021,3126033,qlever-server-d,S,0,0,522531,0,8,8,futex_do_wait
4924490740123021,3126034,qlever-server-d,S,4,33,383114684,47863234,1591,7,futex_do_wait
4924490740123021,3126035,qlever-server-d,S,2,15,172738482,72098625,2254,13,ep_poll
4924490740123021,3126838,qlever-server-d,S,0,0,16400,0,1,5,futex_do_wait
4924490740123021,3126839,qlever-server-d,S,0,0,312731,0,3,6,futex_do_wait
4924490740123021,3126840,qlever-server-d,R,1,0,14625340,795560,16,12,0
4924490740123021,3126841,qlever-server-d,S,0,0,5043074,0,7,7,0
4924490740123021,3126842,qlever-server-d,S,0,0,5228983,0,6,6,futex_do_wait
4924490740123021,3126843,qlever-server-d,R,1,0,11791876,259301,10,12,0
4924490740123021,3126844,qlever-server-d,R,1,0,14479949,40860,7,8,0
4924490740123021,0,__system__,-,1024792186,7867814314,0,0,0,-1,-
4924490761511010,3125313,qlever-server-d,S,925,1653,25796536701,16526421,786,9,futex_do_wait
4924490761511010,3125317,qlever-server-d,S,0,0,3099702,0,27,4,futex_do_wait
4924490761511010,3126029,qlever-server-d,R,1655,7,16622513154,14602377,194,13,0
4924490761511010,3126030,qlever-server-d,R,1658,7,16652131922,7136624,150,15,0
4924490761511010,3126031,qlever-server-d,S,0,0,19980,0,1,11,futex_do_wait
4924490761511010,3126032,qlever-server-d,S,0,0,127190,0,4,0,ep_poll
4924490761511010,3126033,qlever-server-d,S,0,0,522531,0,8,8,futex_do_wait
4924490761511010,3126034,qlever-server-d,S,4,33,383114684,47863234,1591,7,futex_do_wait
4924490761511010,3126035,qlever-server-d,S,2,15,172773462,72098625,2255,5,ep_poll
4924490761511010,3126838,qlever-server-d,S,0,0,16400,0,1,5,futex_do_wait
4924490761511010,3126839,qlever-server-d,S,0,0,605391,0,7,5,futex_do_wait
4924490761511010,3126840,qlever-server-d,R,3,0,35844612,999190,23,2,0
4924490761511010,3126841,qlever-server-d,S,0,0,7842817,478311,18,7,0
4924490761511010,3126842,qlever-server-d,S,0,0,7852694,0,17,7,0
4924490761511010,3126843,qlever-server-d,R,2,0,32482307,1370542,18,12,0
4924490761511010,3126844,qlever-server-d,R,3,0,35563090,40860,8,8,0
4924490761511010,0,__system__,-,1024792210,7867814348,0,0,0,-1,-
4924490781917317,3125313,qlever-server-d,S,925,1653,25796536701,16526421,786,9,futex_do_wait
4924490781917317,3125317,qlever-server-d,S,0,0,3099702,0,27,4,futex_do_wait
4924490781917317,3126029,qlever-server-d,R,1657,7,16643513415,14602377,194,13,0
4924490781917317,3126030,qlever-server-d,R,1660,7,16673103423,7163214,151,12,0
4924490781917317,3126031,qlever-server-d,S,0,0,19980,0,1,11,futex_do_wait
4924490781917317,3126032,qlever-server-d,S,0,0,127190,0,4,0,ep_poll
4924490781917317,3126033,qlever-server-d,S,0,0,522531,0,8,8,futex_do_wait
4924490781917317,3126034,qlever-server-d,S,4,33,383114684,47863234,1591,7,futex_do_wait
4924490781917317,3126035,qlever-server-d,S,2,15,172773462,72098625,2255,5,ep_poll
4924490781917317,3126838,qlever-server-d,S,0,0,36070,0,2,5,futex_do_wait
4924490781917317,3126839,qlever-server-d,S,0,0,749191,0,9,5,futex_do_wait
4924490781917317,3126840,qlever-server-d,S,4,0,52050304,1550860,33,2,0
4924490781917317,3126841,qlever-server-d,S,0,0,10947419,487341,28,4,futex_do_wait
4924490781917317,3126842,qlever-server-d,S,0,0,9583015,0,26,7,futex_do_wait
4924490781917317,3126843,qlever-server-d,R,4,0,51381848,2086992,25,0,0
4924490781917317,3126844,qlever-server-d,R,4,0,53782260,905510,16,8,0
4924490781917317,0,__system__,-,1024792230,7867814379,0,0,0,-1,-
4924490800133360,3125313,qlever-server-d,S,925,1653,25796536701,16526421,786,9,futex_do_wait
4924490800133360,3125317,qlever-server-d,S,0,0,3099702,0,27,4,futex_do_wait
4924490800133360,3126029,qlever-server-d,R,1658,7,16661516685,14602377,194,13,0
4924490800133360,3126030,qlever-server-d,R,1661,7,16691106373,7163214,151,12,0
4924490800133360,3126031,qlever-server-d,S,0,0,19980,0,1,11,futex_do_wait
4924490800133360,3126032,qlever-server-d,S,0,0,127190,0,4,0,ep_poll
4924490800133360,3126033,qlever-server-d,S,0,0,522531,0,8,8,futex_do_wait
4924490800133360,3126034,qlever-server-d,S,4,33,383114684,47863234,1591,7,futex_do_wait
4924490800133360,3126035,qlever-server-d,S,2,15,172773462,72098625,2255,5,ep_poll
4924490800133360,3126838,qlever-server-d,S,0,0,36070,0,2,5,futex_do_wait
4924490800133360,3126839,qlever-server-d,S,0,0,896291,0,11,5,futex_do_wait
4924490800133360,3126840,qlever-server-d,R,6,0,63395951,1550860,57,2,0
4924490800133360,3126841,qlever-server-d,S,1,0,12683522,487341,34,4,futex_do_wait
4924490800133360,3126842,qlever-server-d,S,0,0,11084395,0,32,7,futex_do_wait
4924490800133360,3126843,qlever-server-d,R,6,0,68521247,3156533,26,0,0
4924490800133360,3126844,qlever-server-d,R,6,0,71782280,905510,16,8,0
4924490800133360,0,__system__,-,1024792253,7867814410,0,0,0,-1,-
4924490820160360,3125313,qlever-server-d,S,925,1653,25796536701,16526421,786,9,futex_do_wait
4924490820160360,3125317,qlever-server-d,S,0,0,3099702,0,27,4,futex_do_wait
4924490820160360,3126029,qlever-server-d,R,1660,7,16681494187,14619577,195,6,0
4924490820160360,3126030,qlever-server-d,R,1663,7,16711040735,7223174,153,8,0
4924490820160360,3126031,qlever-server-d,S,0,0,19980,0,1,11,futex_do_wait
4924490820160360,3126032,qlever-server-d,S,0,0,127190,0,4,0,ep_poll
4924490820160360,3126033,qlever-server-d,S,0,0,522531,0,8,8,futex_do_wait
4924490820160360,3126034,qlever-server-d,S,4,33,383114684,47863234,1591,7,futex_do_wait
4924490820160360,3126035,qlever-server-d,S,2,15,172773462,72098625,2255,5,ep_poll
4924490820160360,3126838,qlever-server-d,S,0,0,59230,0,3,5,futex_do_wait
4924490820160360,3126839,qlever-server-d,S,0,0,989861,0,12,6,futex_do_wait
4924490820160360,3126840,qlever-server-d,S,7,0,73050417,5460152,75,7,futex_do_wait
4924490820160360,3126841,qlever-server-d,S,1,0,13722352,487341,39,5,futex_do_wait
4924490820160360,3126842,qlever-server-d,S,1,0,12505755,0,37,14,futex_do_wait
4924490820160360,3126843,qlever-server-d,R,7,1,84044528,5812474,40,1,0
4924490820160360,3126844,qlever-server-d,R,8,0,88072150,3175892,29,10,0
4924490820160360,0,__system__,-,1024792275,7867814442,0,0,0,-1,-
4924490840145740,3125313,qlever-server-d,S,925,1653,25796536701,16526421,786,9,futex_do_wait
4924490840145740,3125317,qlever-server-d,S,0,0,3099702,0,27,4,futex_do_wait
4924490840145740,3126029,qlever-server-d,R,1662,7,16701469608,14644147,196,6,0
4924490840145740,3126030,qlever-server-d,R,1665,7,16731040436,7223174,153,8,0
4924490840145740,3126031,qlever-server-d,S,0,0,19980,0,1,11,futex_do_wait
4924490840145740,3126032,qlever-server-d,S,0,0,127190,0,4,0,ep_poll
4924490840145740,3126033,qlever-server-d,S,0,0,522531,0,8,8,futex_do_wait
4924490840145740,3126034,qlever-server-d,S,4,33,383114684,47863234,1591,7,futex_do_wait
4924490840145740,3126035,qlever-server-d,S,2,15,172773462,72098625,2255,5,ep_poll
4924490840145740,3126838,qlever-server-d,S,0,0,59230,0,3,5,futex_do_wait
4924490840145740,3126839,qlever-server-d,S,0,0,1131111,0,14,15,0
4924490840145740,3126840,qlever-server-d,S,8,0,89623918,5467092,86,13,futex_do_wait
4924490840145740,3126841,qlever-server-d,S,1,0,16046623,2103801,49,3,futex_do_wait
4924490840145740,3126842,qlever-server-d,R,1,0,14604515,603140,48,1,0
4924490840145740,3126843,qlever-server-d,R,9,1,101756288,6107764,63,5,0
4924490840145740,3126844,qlever-server-d,R,10,0,108072531,3175892,29,10,0
4924490840145740,0,__system__,-,1024792297,7867814473,0,0,0,-1,-
4924490860674865,3125313,qlever-server-d,S,925,1653,25796536701,16526421,786,9,futex_do_wait
4924490860674865,3125317,qlever-server-d,S,0,0,3099702,0,27,4,futex_do_wait
4924490860674865,3126029,qlever-server-d,R,1664,7,16721449679,14661027,197,5,0
4924490860674865,3126030,qlever-server-d,R,1667,7,16752042177,7223174,153,8,0
4924490860674865,3126031,qlever-server-d,S,0,0,19980,0,1,11,futex_do_wait
4924490860674865,3126032,qlever-server-d,S,0,0,127190,0,4,0,ep_poll
4924490860674865,3126033,qlever-server-d,S,0,0,522531,0,8,8,futex_do_wait
4924490860674865,3126034,qlever-server-d,S,4,33,383114684,47863234,1591,7,futex_do_wait
4924490860674865,3126035,qlever-server-d,S,2,15,172773462,72098625,2255,5,ep_poll
4924490860674865,3126838,qlever-server-d,S,0,0,59230,0,3,5,futex_do_wait
4924490860674865,3126839,qlever-server-d,R,0,0,1303011,7690,17,7,0
4924490860674865,3126840,qlever-server-d,R,9,0,103765197,5468552,106,7,0
4924490860674865,3126841,qlever-server-d,S,1,0,18140893,2103801,57,0,futex_do_wait
4924490860674865,3126842,qlever-server-d,R,1,0,17159505,603140,56,1,0
4924490860674865,3126843,qlever-server-d,R,10,1,119654837,6113384,92,13,0
4924490860674865,3126844,qlever-server-d,R,12,0,128071562,3175892,29,10,0
4924490860674865,0,__system__,-,1024792319,7867814506,0,0,0,-1,-
4924490881070802,3125313,qlever-server-d,S,925,1653,25796536701,16526421,786,9,futex_do_wait
4924490881070802,3125317,qlever-server-d,S,0,0,3099702,0,27,4,futex_do_wait
4924490881070802,3126029,qlever-server-d,R,1666,7,16742248060,14862747,199,5,0
4924490881070802,3126030,qlever-server-d,R,1669,7,16772041028,7223174,153,8,0
4924490881070802,3126031,qlever-server-d,S,0,0,19980,0,1,11,futex_do_wait
4924490881070802,3126032,qlever-server-d,S,0,0,127190,0,4,0,ep_poll
4924490881070802,3126033,qlever-server-d,S,0,0,522531,0,8,8,futex_do_wait
4924490881070802,3126034,qlever-server-d,S,4,33,383114684,47863234,1591,7,futex_do_wait
4924490881070802,3126035,qlever-server-d,S,2,15,172773462,72098625,2255,5,ep_poll
4924490881070802,3126838,qlever-server-d,S,0,0,100370,636630,4,5,futex_do_wait
4924490881070802,3126839,qlever-server-d,S,0,0,1532921,1303411,22,7,futex_do_wait
4924490881070802,3126840,qlever-server-d,R,11,0,123335058,5899652,111,7,0
4924490881070802,3126841,qlever-server-d,S,1,0,21346404,2103801,68,3,futex_do_wait
4924490881070802,3126842,qlever-server-d,S,1,0,21451917,603140,67,1,0
4924490881070802,3126843,qlever-server-d,R,12,1,139602328,6165904,94,13,0
4924490881070802,3126844,qlever-server-d,R,14,0,148610023,3175892,35,2,0
4924490881070802,0,__system__,-,1024792343,7867814539,0,0,0,-1,-
4924490900129139,3125313,qlever-server-d,S,925,1653,25796536701,16526421,786,9,futex_do_wait
4924490900129139,3125317,qlever-server-d,S,0,0,3099702,0,27,4,futex_do_wait
4924490900129139,3126029,qlever-server-d,R,1668,7,16761224951,14881997,200,12,0
4924490900129139,3126030,qlever-server-d,R,1671,7,16791018619,7246694,154,8,0
4924490900129139,3126031,qlever-server-d,S,0,0,19980,0,1,11,futex_do_wait
4924490900129139,3126032,qlever-server-d,S,0,0,127190,0,4,0,ep_poll
4924490900129139,3126033,qlever-server-d,S,0,0,522531,0,8,8,futex_do_wait
4924490900129139,3126034,qlever-server-d,S,4,33,383114684,47863234,1591,7,futex_do_wait
4924490900129139,3126035,qlever-server-d,S,2,15,172773462,72098625,2255,5,ep_poll
4924490900129139,3126838,qlever-server-d,S,0,0,100370,636630,4,5,futex_do_wait
4924490900129139,3126839,qlever-server-d,S,0,0,1769781,1308401,25,15,futex_do_wait
4924490900129139,3126840,qlever-server-d,R,13,0,142097889,5972062,114,7,0
4924490900129139,3126841,qlever-server-d,S,1,0,23509974,2103801,79,3,futex_do_wait
4924490900129139,3126842,qlever-server-d,S,2,0,25794639,603140,78,1,futex_do_wait
4924490900129139,3126843,qlever-server-d,R,14,1,157612270,6165904,102,13,0
4924490900129139,3126844,qlever-server-d,R,16,0,167512404,3175892,39,2,0
4924490900129139,0,__system__,-,1024792364,7867814569,0,0,0,-1,-
4924490920127549,3125313,qlever-server-d,S,925,1653,25796536701,16526421,786,9,futex_do_wait
4924490920127549,3125317,qlever-server-d,S,0,0,3099702,0,27,4,futex_do_wait
4924490920127549,3126029,qlever-server-d,R,1670,7,16781226242,14881997,200,12,0
4924490920127549,3126030,qlever-server-d,R,1673,7,16811018180,7246694,154,8,0
4924490920127549,3126031,qlever-server-d,S,0,0,19980,0,1,11,futex_do_wait
4924490920127549,3126032,qlever-server-d,S,0,0,127190,0,4,0,ep_poll
4924490920127549,3126033,qlever-server-d,S,0,0,522531,0,8,8,futex_do_wait
4924490920127549,3126034,qlever-server-d,S,4,33,383114684,47863234,1591,7,futex_do_wait
4924490920127549,3126035,qlever-server-d,S,2,15,172773462,72098625,2255,5,ep_poll
4924490920127549,3126838,qlever-server-d,S,0,0,119310,636630,5,6,futex_do_wait
4924490920127549,3126839,qlever-server-d,S,0,0,1943442,1308401,28,15,futex_do_wait
4924490920127549,3126840,qlever-server-d,R,15,0,157758326,5972062,129,6,0
4924490920127549,3126841,qlever-server-d,S,2,0,26913174,2103801,88,3,futex_do_wait
4924490920127549,3126842,qlever-server-d,S,2,0,28603390,603140,87,1,futex_do_wait
4924490920127549,3126843,qlever-server-d,R,15,1,172077297,6165904,131,4,0
4924490920127549,3126844,qlever-server-d,R,17,1,187512695,3175892,39,2,0
4924490920127549,0,__system__,-,1024792387,7867814601,0,0,0,-1,-
4924490941086471,3125313,qlever-server-d,S,925,1653,25796536701,16526421,786,9,futex_do_wait
4924490941086471,3125317,qlever-server-d,S,0,0,3099702,0,27,4,futex_do_wait
4924490941086471,3126029,qlever-server-d,R,1672,7,16802225214,14881997,200,12,0
4924490941086471,3126030,qlever-server-d,R,1675,7,16832017842,7246694,154,8,0
4924490941086471,3126031,qlever-server-d,S,0,0,19980,0,1,11,futex_do_wait
4924490941086471,3126032,qlever-server-d,S,0,0,127190,0,4,0,ep_poll
4924490941086471,3126033,qlever-server-d,S,0,0,522531,0,8,8,futex_do_wait
4924490941086471,3126034,qlever-server-d,S,4,33,383114684,47863234,1591,7,futex_do_wait
4924490941086471,3126035,qlever-server-d,S,2,15,172773462,72098625,2255,5,ep_poll
4924490941086471,3126838,qlever-server-d,S,0,0,119310,636630,5,6,futex_do_wait
4924490941086471,3126839,qlever-server-d,S,0,0,2018372,2793202,30,6,futex_do_wait
4924490941086471,3126840,qlever-server-d,S,16,0,168787443,7232663,147,6,futex_do_wait
4924490941086471,3126841,qlever-server-d,S,2,0,28108695,2103801,93,10,futex_do_wait
4924490941086471,3126842,qlever-server-d,S,2,0,30084500,2535171,93,3,futex_do_wait
4924490941086471,3126843,qlever-server-d,S,17,1,189431447,6439704,156,7,0
4924490941086471,3126844,qlever-server-d,R,19,1,207512066,3175892,39,2,0
4924490941086471,0,__system__,-,1024792409,7867814632,0,0,0,-1,-
4924490960131608,3125313,qlever-server-d,S,925,1653,25796536701,16526421,786,9,futex_do_wait
4924490960131608,3125317,qlever-server-d,S,0,0,3099702,0,27,4,futex_do_wait
4924490960131608,3126029,qlever-server-d,R,1674,7,16821226024,14881997,200,12,0
4924490960131608,3126030,qlever-server-d,R,1677,7,16850995972,7269804,155,8,0
4924490960131608,3126031,qlever-server-d,S,0,0,19980,0,1,11,futex_do_wait
4924490960131608,3126032,qlever-server-d,S,0,0,127190,0,4,0,ep_poll
4924490960131608,3126033,qlever-server-d,S,0,0,522531,0,8,8,futex_do_wait
4924490960131608,3126034,qlever-server-d,S,4,33,383114684,47863234,1591,7,futex_do_wait
4924490960131608,3126035,qlever-server-d,S,2,15,172773462,72098625,2255,5,ep_poll
4924490960131608,3126838,qlever-server-d,S,0,0,119310,636630,5,6,futex_do_wait
4924490960131608,3126839,qlever-server-d,S,0,0,2135402,2793202,32,15,futex_do_wait
4924490960131608,3126840,qlever-server-d,S,17,0,183144470,7402113,162,13,futex_do_wait
4924490960131608,3126841,qlever-server-d,S,2,0,30914665,2103801,100,10,futex_do_wait
4924490960131608,3126842,qlever-server-d,S,2,0,32130050,2535171,100,1,futex_do_wait
4924490960131608,3126843,qlever-server-d,R,18,1,205937755,6439704,180,4,0
4924490960131608,3126844,qlever-server-d,R,21,1,226512236,3175892,39,2,0
4924490960131608,0,__system__,-,1024792431,7867814663,0,0,0,-1,-
4924490980134508,3125313,qlever-server-d,S,925,1653,25796536701,16526421,786,9,futex_do_wait
4924490980134508,3125317,qlever-server-d,S,0,0,3099702,0,27,4,futex_do_wait
4924490980134508,3126029,qlever-server-d,R,1676,7,16841225705,14881997,200,12,0
4924490980134508,3126030,qlever-server-d,R,1679,7,16870995043,7269804,155,8,0
4924490980134508,3126031,qlever-server-d,S,0,0,19980,0,1,11,futex_do_wait
4924490980134508,3126032,qlever-server-d,S,0,0,127190,0,4,0,ep_poll
4924490980134508,3126033,qlever-server-d,S,0,0,522531,0,8,8,futex_do_wait
4924490980134508,3126034,qlever-server-d,S,4,33,383114684,47863234,1591,7,futex_do_wait
4924490980134508,3126035,qlever-server-d,S,2,15,172773462,72098625,2255,5,ep_poll
4924490980134508,3126838,qlever-server-d,S,0,0,147300,636630,6,5,futex_do_wait
4924490980134508,3126839,qlever-server-d,S,0,0,2254782,2793202,34,15,futex_do_wait
4924490980134508,3126840,qlever-server-d,R,18,1,197856178,7402113,180,14,0
4924490980134508,3126841,qlever-server-d,S,3,0,33713458,2103801,108,3,futex_do_wait
4924490980134508,3126842,qlever-server-d,S,3,0,34996623,2535171,108,1,futex_do_wait
4924490980134508,3126843,qlever-server-d,R,20,1,221563294,6881744,211,4,0
4924490980134508,3126844,qlever-server-d,R,23,1,247513168,3175892,39,2,0
4924490980134508,0,__system__,-,1024792456,7867814698,0,0,0,-1,-
4924491000133668,3125313,qlever-server-d,S,925,1653,25796536701,16526421,786,9,futex_do_wait
4924491000133668,3125317,qlever-server-d,S,0,0,3099702,0,27,4,futex_do_wait
4924491000133668,3126029,qlever-server-d,R,1678,7,16861225757,14881997,200,12,0
4924491000133668,3126030,qlever-server-d,R,1681,7,16890994535,7269804,155,8,0
4924491000133668,3126031,qlever-server-d,S,0,0,19980,0,1,11,futex_do_wait
4924491000133668,3126032,qlever-server-d,S,0,0,127190,0,4,0,ep_poll
4924491000133668,3126033,qlever-server-d,S,0,0,522531,0,8,8,futex_do_wait
4924491000133668,3126034,qlever-server-d,S,4,33,383114684,47863234,1591,7,futex_do_wait
4924491000133668,3126035,qlever-server-d,S,2,15,172773462,72098625,2255,5,ep_poll
4924491000133668,3126838,qlever-server-d,S,0,0,147300,636630,6,5,futex_do_wait
4924491000133668,3126839,qlever-server-d,S,0,0,2367122,2793202,36,7,futex_do_wait
4924491000133668,3126840,qlever-server-d,S,19,1,211101225,7402113,196,13,futex_do_wait
4924491000133668,3126841,qlever-server-d,S,3,0,35523439,2103801,115,3,futex_do_wait
4924491000133668,3126842,qlever-server-d,S,3,0,37821304,2535171,115,0,futex_do_wait
4924491000133668,3126843,qlever-server-d,R,21,1,237421752,6891384,248,4,0
4924491000133668,3126844,qlever-server-d,R,25,1,267513139,3175892,39,2,0
4924491000133668,0,__system__,-,1024792477,7867814729,0,0,0,-1,-
4924491020136657,3125313,qlever-server-d,S,925,1653,25796536701,16526421,786,9,futex_do_wait
4924491020136657,3125317,qlever-server-d,S,0,0,3099702,0,27,4,futex_do_wait
4924491020136657,3126029,qlever-server-d,R,1680,7,16881225758,14881997,200,12,0
4924491020136657,3126030,qlever-server-d,R,1683,7,16910960976,7304494,156,8,0
4924491020136657,3126031,qlever-server-d,S,0,0,19980,0,1,11,futex_do_wait
4924491020136657,3126032,qlever-server-d,S,0,0,127190,0,4,0,ep_poll
4924491020136657,3126033,qlever-server-d,S,0,0,522531,0,8,8,futex_do_wait
4924491020136657,3126034,qlever-server-d,S,4,33,383114684,47863234,1591,7,futex_do_wait
4924491020136657,3126035,qlever-server-d,S,2,15,172773462,72098625,2255,5,ep_poll
4924491020136657,3126838,qlever-server-d,S,0,0,169850,636630,7,6,futex_do_wait
4924491020136657,3126839,qlever-server-d,S,0,0,2410012,2793202,37,7,futex_do_wait
4924491020136657,3126840,qlever-server-d,R,20,1,219743842,7402113,221,14,0
4924491020136657,3126841,qlever-server-d,S,3,0,36694562,2103801,118,11,futex_do_wait
4924491020136657,3126842,qlever-server-d,S,3,0,38570245,2535171,118,0,futex_do_wait
4924491020136657,3126843,qlever-server-d,R,23,1,256519932,6904684,264,3,0
4924491020136657,3126844,qlever-server-d,R,27,1,286836469,3175892,46,2,0
4924491020136657,0,__system__,-,1024792498,7867814760,0,0,0,-1,-
4924491040130017,3125313,qlever-server-d,S,925,1653,25796536701,16526421,786,9,futex_do_wait
4924491040130017,3125317,qlever-server-d,S,0,0,3099702,0,27,4,futex_do_wait
4924491040130017,3126029,qlever-server-d,R,1682,7,16901225289,14881997,200,12,0
4924491040130017,3126030,qlever-server-d,R,1685,7,16930961557,7304494,156,8,0
4924491040130017,3126031,qlever-server-d,S,0,0,19980,0,1,11,futex_do_wait
4924491040130017,3126032,qlever-server-d,S,0,0,127190,0,4,0,ep_poll
4924491040130017,3126033,qlever-server-d,S,0,0,522531,0,8,8,futex_do_wait
4924491040130017,3126034,qlever-server-d,S,4,33,383114684,47863234,1591,7,futex_do_wait
4924491040130017,3126035,qlever-server-d,S,2,15,172773462,72098625,2255,5,ep_poll
4924491040130017,3126838,qlever-server-d,S,0,0,169850,636630,7,6,futex_do_wait
4924491040130017,3126839,qlever-server-d,S,0,0,2410012,2793202,37,7,futex_do_wait
4924491040130017,3126840,qlever-server-d,S,21,1,226025454,7402113,240,13,futex_do_wait
4924491040130017,3126841,qlever-server-d,S,3,0,37114572,2103801,120,14,futex_do_wait
4924491040130017,3126842,qlever-server-d,S,3,0,39094645,2535171,120,3,futex_do_wait
4924491040130017,3126843,qlever-server-d,R,25,1,275497503,6920344,265,2,0
4924491040130017,3126844,qlever-server-d,R,29,1,304887759,3184652,69,10,0
4924491040130017,0,__system__,-,1024792518,7867814791,0,0,0,-1,-
4924491060136237,3125313,qlever-server-d,S,925,1653,25796536701,16526421,786,9,futex_do_wait
4924491060136237,3125317,qlever-server-d,S,0,0,3099702,0,27,4,futex_do_wait
4924491060136237,3126029,qlever-server-d,R,1684,7,16921226920,14881997,200,12,0
4924491060136237,3126030,qlever-server-d,R,1687,7,16950961308,7304494,156,8,0
4924491060136237,3126031,qlever-server-d,S,0,0,19980,0,1,11,futex_do_wait
4924491060136237,3126032,qlever-server-d,S,0,0,127190,0,4,0,ep_poll
4924491060136237,3126033,qlever-server-d,S,0,0,522531,0,8,8,futex_do_wait
4924491060136237,3126034,qlever-server-d,S,4,33,383114684,47863234,1591,7,futex_do_wait
4924491060136237,3126035,qlever-server-d,S,2,15,172773462,72098625,2255,5,ep_poll
4924491060136237,3126838,qlever-server-d,S,0,0,169850,636630,7,6,futex_do_wait
4924491060136237,3126839,qlever-server-d,S,0,0,2476342,2793202,38,15,futex_do_wait
4924491060136237,3126840,qlever-server-d,R,21,1,230509945,7402113,268,2,0
4924491060136237,3126841,qlever-server-d,S,3,0,37138312,2103801,121,6,futex_do_wait
4924491060136237,3126842,qlever-server-d,S,3,0,39500995,2535171,121,15,futex_do_wait
4924491060136237,3126843,qlever-server-d,R,27,1,296501604,6920344,265,2,0
4924491060136237,3126844,qlever-server-d,R,31,1,324775860,3463542,80,10,0
4924491060136237,0,__system__,-,1024792541,7867814824,0,0,0,-1,-
4924491080136277,3125313,qlever-server-d,S,925,1653,25796536701,16526421,786,9,futex_do_wait
4924491080136277,3125317,qlever-server-d,S,0,0,3099702,0,27,4,futex_do_wait
4924491080136277,3126029,qlever-server-d,R,1686,7,16941225841,14881997,200,12,0
4924491080136277,3126030,qlever-server-d,R,1689,7,16970962129,7304494,156,8,0
4924491080136277,3126031,qlever-server-d,S,0,0,19980,0,1,11,futex_do_wait
4924491080136277,3126032,qlever-server-d,S,0,0,127190,0,4,0,ep_poll
4924491080136277,3126033,qlever-server-d,S,0,0,522531,0,8,8,futex_do_wait
4924491080136277,3126034,qlever-server-d,S,4,33,383114684,47863234,1591,7,futex_do_wait
4924491080136277,3126035,qlever-server-d,S,2,15,172773462,72098625,2255,5,ep_poll
4924491080136277,3126838,qlever-server-d,S,0,0,195540,636630,8,6,futex_do_wait
4924491080136277,3126839,qlever-server-d,S,0,0,2592652,2809772,40,2,futex_do_wait
4924491080136277,3126840,qlever-server-d,R,22,1,245328084,9393843,281,2,0
4924491080136277,3126841,qlever-server-d,S,3,0,39179602,2628972,129,6,futex_do_wait
4924491080136277,3126842,qlever-server-d,R,3,0,41656126,3004761,129,4,0
4924491080136277,3126843,qlever-server-d,R,29,1,313995134,8418885,270,10,0
4924491080136277,3126844,qlever-server-d,R,32,1,342494821,3976962,104,0,0
4924491080136277,0,__system__,-,1024792565,7867814857,0,0,0,-1,-
4924491100137516,3125313,qlever-server-d,S,925,1653,25796536701,16526421,786,9,futex_do_wait
4924491100137516,3125317,qlever-server-d,S,0,0,3099702,0,27,4,futex_do_wait
4924491100137516,3126029,qlever-server-d,R,1688,7,16961227972,14881997,200,12,0
4924491100137516,3126030,qlever-server-d,R,1690,8,16990962310,7304494,156,8,0
4924491100137516,3126031,qlever-server-d,S,0,0,19980,0,1,11,futex_do_wait
4924491100137516,3126032,qlever-server-d,S,0,0,127190,0,4,0,ep_poll
4924491100137516,3126033,qlever-server-d,S,0,0,522531,0,8,8,futex_do_wait
4924491100137516,3126034,qlever-server-d,S,4,33,383114684,47863234,1591,7,futex_do_wait
4924491100137516,3126035,qlever-server-d,S,2,15,172773462,72098625,2255,5,ep_poll
4924491100137516,3126838,qlever-server-d,S,0,0,195540,636630,8,6,futex_do_wait
4924491100137516,3126839,qlever-server-d,S,0,0,2721422,2823232,42,4,futex_do_wait
4924491100137516,3126840,qlever-server-d,R,24,2,263494264,11094254,284,13,0
4924491100137516,3126841,qlever-server-d,R,4,0,46414936,3274523,139,2,0
4924491100137516,3126842,qlever-server-d,S,4,0,48321659,3004761,146,3,futex_do_wait
4924491100137516,3126843,qlever-server-d,R,31,2,333182775,8418885,280,10,0
4924491100137516,3126844,qlever-server-d,R,34,1,361513851,4801923,108,5,0
4924491100137516,0,__system__,-,1024792587,7867814887,0,0,0,-1,-
4924491120141946,3125313,qlever-server-d,S,925,1653,25796536701,16526421,786,9,futex_do_wait
4924491120141946,3125317,qlever-server-d,S,0,0,3099702,0,27,4,futex_do_wait
4924491120141946,3126029,qlever-server-d,R,1690,7,16981226483,14881997,200,12,0
4924491120141946,3126030,qlever-server-d,R,1692,8,17010961301,7304494,156,8,0
4924491120141946,3126031,qlever-server-d,S,0,0,19980,0,1,11,futex_do_wait
4924491120141946,3126032,qlever-server-d,S,0,0,127190,0,4,0,ep_poll
4924491120141946,3126033,qlever-server-d,S,0,0,522531,0,8,8,futex_do_wait
4924491120141946,3126034,qlever-server-d,S,4,33,383114684,47863234,1591,7,futex_do_wait
4924491120141946,3126035,qlever-server-d,S,2,15,172773462,72098625,2255,5,ep_poll
4924491120141946,3126838,qlever-server-d,S,0,0,223230,636630,9,6,futex_do_wait
4924491120141946,3126839,qlever-server-d,S,0,0,2860602,2823232,44,14,futex_do_wait
4924491120141946,3126840,qlever-server-d,R,25,2,283351015,11094254,286,13,0
4924491120141946,3126841,qlever-server-d,S,4,0,50134038,3274523,149,14,futex_do_wait
4924491120141946,3126842,qlever-server-d,S,4,0,51139660,3172391,156,4,futex_do_wait
4924491120141946,3126843,qlever-server-d,R,33,2,353624457,8418885,282,10,0
4924491120141946,3126844,qlever-server-d,R,36,1,380126230,4801923,123,5,0
4924491120141946,0,__system__,-,1024792611,7867814920,0,0,0,-1,-
4924491140154716,3125313,qlever-server-d,S,925,1653,25796536701,16526421,786,9,futex_do_wait
4924491140154716,3125317,qlever-server-d,S,0,0,3099702,0,27,4,futex_do_wait
4924491140154716,3126029,qlever-server-d,R,1692,7,17001228194,14881997,200,12,0
4924491140154716,3126030,qlever-server-d,R,1694,8,17030962022,7304494,156,8,0
4924491140154716,3126031,qlever-server-d,S,0,0,19980,0,1,11,futex_do_wait
4924491140154716,3126032,qlever-server-d,S,0,0,127190,0,4,0,ep_poll
4924491140154716,3126033,qlever-server-d,S,0,0,522531,0,8,8,futex_do_wait
4924491140154716,3126034,qlever-server-d,S,4,33,383114684,47863234,1591,7,futex_do_wait
4924491140154716,3126035,qlever-server-d,S,2,15,172773462,72098625,2255,5,ep_poll
4924491140154716,3126838,qlever-server-d,S,0,0,223230,636630,9,6,futex_do_wait
4924491140154716,3126839,qlever-server-d,S,0,0,3088112,2851922,46,4,futex_do_wait
4924491140154716,3126840,qlever-server-d,R,27,2,303089686,11094254,288,13,0
4924491140154716,3126841,qlever-server-d,R,4,0,53815681,4703683,164,7,0
4924491140154716,3126842,qlever-server-d,S,4,0,55342381,4234372,170,4,futex_do_wait
4924491140154716,3126843,qlever-server-d,R,35,2,373623938,8418885,282,10,0
4924491140154716,3126844,qlever-server-d,R,38,1,399825741,4818743,130,5,0
4924491140154716,0,__system__,-,1024792635,7867814953,0,0,0,-1,-
4924491160365444,3125313,qlever-server-d,S,925,1653,25796536701,16526421,786,9,futex_do_wait
4924491160365444,3125317,qlever-server-d,S,0,0,3099702,0,27,4,futex_do_wait
4924491160365444,3126029,qlever-server-d,R,1694,7,17021206045,14903547,201,12,0
4924491160365444,3126030,qlever-server-d,R,1696,8,17050940303,7325834,157,8,0
4924491160365444,3126031,qlever-server-d,S,0,0,19980,0,1,11,futex_do_wait
4924491160365444,3126032,qlever-server-d,S,0,0,127190,0,4,0,ep_poll
4924491160365444,3126033,qlever-server-d,S,0,0,522531,0,8,8,futex_do_wait
4924491160365444,3126034,qlever-server-d,S,4,33,383114684,47863234,1591,7,futex_do_wait
4924491160365444,3126035,qlever-server-d,S,2,15,172773462,72098625,2255,5,ep_poll
4924491160365444,3126838,qlever-server-d,S,0,0,223230,636630,9,6,futex_do_wait
4924491160365444,3126839,qlever-server-d,S,0,0,3208512,2851922,48,14,futex_do_wait
4924491160365444,3126840,qlever-server-d,R,29,2,323238878,11109614,293,13,0
4924491160365444,3126841,qlever-server-d,S,5,0,57410394,5855863,177,4,futex_do_wait
4924491160365444,3126842,qlever-server-d,S,5,0,59262202,5897634,180,7,futex_do_wait
4924491160365444,3126843,qlever-server-d,R,37,2,393610639,8433275,283,10,0
4924491160365444,3126844,qlever-server-d,R,40,1,419179182,4850653,139,5,0
4924491160365444,0,__system__,-,1024792658,7867814985,0,0,0,-1,-
4924491180139495,3125313,qlever-server-d,S,925,1653,25796536701,16526421,786,9,futex_do_wait
4924491180139495,3125317,qlever-server-d,S,0,0,3099702,0,27,4,futex_do_wait
4924491180139495,3126029,qlever-server-d,R,1696,7,17041206037,14903547,201,12,0
4924491180139495,3126030,qlever-server-d,R,1698,8,17070942885,7325834,157,8,0
4924491180139495,3126031,qlever-server-d,S,0,0,19980,0,1,11,futex_do_wait
4924491180139495,3126032,qlever-server-d,S,0,0,127190,0,4,0,ep_poll
4924491180139495,3126033,qlever-server-d,S,0,0,522531,0,8,8,futex_do_wait
4924491180139495,3126034,qlever-server-d,S,4,33,383114684,47863234,1591,7,futex_do_wait
4924491180139495,3126035,qlever-server-d,S,2,15,172773462,72098625,2255,5,ep_poll
4924491180139495,3126838,qlever-server-d,S,0,0,249980,636630,10,6,futex_do_wait
4924491180139495,3126839,qlever-server-d,S,0,0,3313452,2851922,50,7,futex_do_wait
4924491180139495,3126840,qlever-server-d,R,30,2,337511316,12120644,306,6,0
4924491180139495,3126841,qlever-server-d,S,5,0,59432974,10226375,183,13,futex_do_wait
4924491180139495,3126842,qlever-server-d,S,5,0,61158763,5897634,187,7,futex_do_wait
4924491180139495,3126843,qlever-server-d,R,38,2,413609650,8433275,283,10,0
4924491180139495,3126844,qlever-server-d,R,41,1,434439758,6063383,166,11,0
4924491180139495,0,__system__,-,1024792680,7867815016,0,0,0,-1,-
4924491200142755,3125313,qlever-server-d,S,925,1653,25796536701,16526421,786,9,futex_do_wait
4924491200142755,3125317,qlever-server-d,S,0,0,3099702,0,27,4,futex_do_wait
4924491200142755,3126029,qlever-server-d,R,1698,8,17061206558,14903547,201,12,0
4924491200142755,3126030,qlever-server-d,R,1700,8,17090944026,7325834,157,8,0
4924491200142755,3126031,qlever-server-d,S,0,0,19980,0,1,11,futex_do_wait
4924491200142755,3126032,qlever-server-d,S,0,0,127190,0,4,0,ep_poll
4924491200142755,3126033,qlever-server-d,S,0,0,522531,0,8,8,futex_do_wait
4924491200142755,3126034,qlever-server-d,S,4,33,383114684,47863234,1591,7,futex_do_wait
4924491200142755,3126035,qlever-server-d,S,2,15,172773462,72098625,2255,5,ep_poll
4924491200142755,3126838,qlever-server-d,S,0,0,249980,636630,10,6,futex_do_wait
4924491200142755,3126839,qlever-server-d,S,0,0,3426982,2851922,52,13,futex_do_wait
4924491200142755,3126840,qlever-server-d,S,32,2,354592756,12132844,315,14,futex_do_wait
4924491200142755,3126841,qlever-server-d,R,5,0,61809294,10226375,192,7,0
4924491200142755,3126842,qlever-server-d,S,5,0,63180054,6328264,196,7,futex_do_wait
4924491200142755,3126843,qlever-server-d,R,40,2,432162471,8433275,285,10,0
4924491200142755,3126844,qlever-server-d,R,43,2,450050316,8624704,179,4,0
4924491200142755,0,__system__,-,1024792702,7867815046,0,0,0,-1,-
4924491220183764,3125313,qlever-server-d,S,925,1653,25796536701,16526421,786,9,futex_do_wait
4924491220183764,3125317,qlever-server-d,S,0,0,3099702,0,27,4,futex_do_wait
4924491220183764,3126029,qlever-server-d,R,1700,8,17081205599,14903547,201,12,0
4924491220183764,3126030,qlever-server-d,R,1702,8,17110940697,7325834,157,8,0
4924491220183764,3126031,qlever-server-d,S,0,0,19980,0,1,11,futex_do_wait
4924491220183764,3126032,qlever-server-d,S,0,0,127190,0,4,0,ep_poll
4924491220183764,3126033,qlever-server-d,S,0,0,522531,0,8,8,futex_do_wait
4924491220183764,3126034,qlever-server-d,S,4,33,383114684,47863234,1591,7,futex_do_wait
4924491220183764,3126035,qlever-server-d,S,2,15,172773462,72098625,2255,5,ep_poll
4924491220183764,3126838,qlever-server-d,S,0,0,281370,636630,11,5,futex_do_wait
4924491220183764,3126839,qlever-server-d,R,0,0,3613592,2862002,55,14,0
4924491220183764,3126840,qlever-server-d,R,33,3,370879524,12193404,326,14,0
4924491220183764,3126841,qlever-server-d,R,5,0,63177964,10861905,200,15,0
4924491220183764,3126842,qlever-server-d,R,5,0,64791674,6990384,203,15,0
4924491220183764,3126843,qlever-server-d,R,42,2,453162122,8433275,285,10,0
4924491220183764,3126844,qlever-server-d,R,44,2,467964766,8639024,199,4,0
4924491220183764,0,__system__,-,1024792725,7867815079,0,0,0,-1,-
4924491240135255,3125313,qlever-server-d,S,925,1653,25796536701,16526421,786,9,futex_do_wait
4924491240135255,3125317,qlever-server-d,S,0,0,3099702,0,27,4,futex_do_wait
4924491240135255,3126029,qlever-server-d,R,1702,8,17101206140,14903547,201,12,0
4924491240135255,3126030,qlever-server-d,R,1704,8,17130940848,7325834,157,8,0
4924491240135255,3126031,qlever-server-d,S,0,0,19980,0,1,11,futex_do_wait
4924491240135255,3126032,qlever-server-d,S,0,0,127190,0,4,0,ep_poll
4924491240135255,3126033,qlever-server-d,S,0,0,522531,0,8,8,futex_do_wait
4924491240135255,3126034,qlever-server-d,S,4,33,383114684,47863234,1591,7,futex_do_wait
4924491240135255,3126035,qlever-server-d,S,2,15,172773462,72098625,2255,5,ep_poll
4924491240135255,3126838,qlever-server-d,S,0,0,281370,636630,11,5,futex_do_wait
4924491240135255,3126839,qlever-server-d,S,0,0,3698582,4678693,57,6,futex_do_wait
4924491240135255,3126840,qlever-server-d,S,35,3,385897731,12224444,342,5,futex_do_wait
4924491240135255,3126841,qlever-server-d,S,5,0,65112195,11801686,206,6,futex_do_wait
4924491240135255,3126842,qlever-server-d,S,5,0,66277415,7451155,210,5,futex_do_wait
4924491240135255,3126843,qlever-server-d,R,44,2,473162373,8433275,285,10,0
4924491240135255,3126844,qlever-server-d,S,46,2,486092468,8662484,221,4,futex_do_wait
4924491240135255,0,__system__,-,1024792746,7867815110,0,0,0,-1,-
4924491260142634,3125313,qlever-server-d,S,925,1653,25796536701,16526421,786,9,futex_do_wait
4924491260142634,3125317,qlever-server-d,S,0,0,3099702,0,27,4,futex_do_wait
4924491260142634,3126029,qlever-server-d,R,1704,8,17121205731,14903547,201,12,0
4924491260142634,3126030,qlever-server-d,R,1706,8,17151042679,7325834,157,8,0
4924491260142634,3126031,qlever-server-d,S,0,0,19980,0,1,11,futex_do_wait
4924491260142634,3126032,qlever-server-d,S,0,0,127190,0,4,0,ep_poll
4924491260142634,3126033,qlever-server-d,S,0,0,522531,0,8,8,futex_do_wait
4924491260142634,3126034,qlever-server-d,S,4,33,383114684,47863234,1591,7,futex_do_wait
4924491260142634,3126035,qlever-server-d,S,2,15,172773462,72098625,2255,5,ep_poll
4924491260142634,3126838,qlever-server-d,S,0,0,281370,636630,11,5,futex_do_wait
4924491260142634,3126839,qlever-server-d,S,0,0,3752252,4678693,58,6,futex_do_wait
4924491260142634,3126840,qlever-server-d,S,36,3,394678437,12224444,375,14,futex_do_wait
4924491260142634,3126841,qlever-server-d,S,6,0,65734986,11801686,209,6,futex_do_wait
4924491260142634,3126842,qlever-server-d,S,6,0,67348195,7451155,213,14,futex_do_wait
4924491260142634,3126843,qlever-server-d,R,46,2,493163975,8433275,285,10,0
4924491260142634,3126844,qlever-server-d,R,48,2,505591569,8675824,225,3,0
4924491260142634,0,__system__,-,1024792767,7867815141,0,0,0,-1,-
4924491280135064,3125313,qlever-server-d,S,925,1653,25796536701,16526421,786,9,futex_do_wait
4924491280135064,3125317,qlever-server-d,S,0,0,3099702,0,27,4,futex_do_wait
4924491280135064,3126029,qlever-server-d,R,1706,8,17141388302,14903547,201,12,0
4924491280135064,3126030,qlever-server-d,R,1708,8,17170941870,7325834,157,8,0
4924491280135064,3126031,qlever-server-d,S,0,0,19980,0,1,11,futex_do_wait
4924491280135064,3126032,qlever-server-d,S,0,0,127190,0,4,0,ep_poll
4924491280135064,3126033,qlever-server-d,S,0,0,522531,0,8,8,futex_do_wait
4924491280135064,3126034,qlever-server-d,S,4,33,383114684,47863234,1591,7,futex_do_wait
4924491280135064,3126035,qlever-server-d,S,2,15,172773462,72098625,2255,5,ep_poll
4924491280135064,3126838,qlever-server-d,S,0,0,305310,636630,12,5,futex_do_wait
4924491280135064,3126839,qlever-server-d,S,0,0,3807212,4678693,59,6,futex_do_wait
4924491280135064,3126840,qlever-server-d,S,37,3,405203243,12224444,395,14,futex_do_wait
4924491280135064,3126841,qlever-server-d,S,6,0,66968787,11801686,213,6,futex_do_wait
4924491280135064,3126842,qlever-server-d,S,6,0,68282667,7451155,217,4,futex_do_wait
4924491280135064,3126843,qlever-server-d,R,48,2,513164556,8433275,285,10,0
4924491280135064,3126844,qlever-server-d,R,50,2,524605840,8675824,240,0,0
4924491280135064,0,__system__,-,1024792789,7867815173,0,0,0,-1,-
4924491300137524,3125313,qlever-server-d,S,925,1653,25796536701,16526421,786,9,futex_do_wait
4924491300137524,3125317,qlever-server-d,S,0,0,3099702,0,27,4,futex_do_wait
4924491300137524,3126029,qlever-server-d,R,1708,8,17161208263,14903547,201,12,0
4924491300137524,3126030,qlever-server-d,R,1710,8,17190942431,7325834,157,8,0
4924491300137524,3126031,qlever-server-d,S,0,0,19980,0,1,11,futex_do_wait
4924491300137524,3126032,qlever-server-d,S,0,0,127190,0,4,0,ep_poll
4924491300137524,3126033,qlever-server-d,S,0,0,522531,0,8,8,futex_do_wait
4924491300137524,3126034,qlever-server-d,S,4,33,383114684,47863234,1591,7,futex_do_wait
4924491300137524,3126035,qlever-server-d,S,2,15,172773462,72098625,2255,5,ep_poll
4924491300137524,3126838,qlever-server-d,S,0,0,305310,636630,12,5,futex_do_wait
4924491300137524,3126839,qlever-server-d,S,0,0,3865082,4678693,60,6,futex_do_wait
4924491300137524,3126840,qlever-server-d,S,37,3,414651630,12224444,413,14,futex_do_wait
4924491300137524,3126841,qlever-server-d,S,6,0,68066668,11801686,216,15,futex_do_wait
4924491300137524,3126842,qlever-server-d,S,6,0,68785957,7451155,220,6,futex_do_wait
4924491300137524,3126843,qlever-server-d,S,50,2,531793207,8433275,299,10,futex_do_wait
4924491300137524,3126844,qlever-server-d,R,52,2,544500531,8675824,244,0,0
4924491300137524,0,__system__,-,1024792810,7867815205,0,0,0,-1,-
4924491322089269,3125313,qlever-server-d,S,925,1653,25796536701,16526421,786,9,futex_do_wait
4924491322089269,3125317,qlever-server-d,S,0,0,3099702,0,27,4,futex_do_wait
4924491322089269,3126029,qlever-server-d,R,1710,8,17183207595,14903547,201,12,0
4924491322089269,3126030,qlever-server-d,R,1712,8,17212941893,7325834,157,8,0
4924491322089269,3126031,qlever-server-d,S,0,0,19980,0,1,11,futex_do_wait
4924491322089269,3126032,qlever-server-d,S,0,0,127190,0,4,0,ep_poll
4924491322089269,3126033,qlever-server-d,S,0,0,522531,0,8,8,futex_do_wait
4924491322089269,3126034,qlever-server-d,S,4,33,383114684,47863234,1591,7,futex_do_wait
4924491322089269,3126035,qlever-server-d,S,2,15,172773462,72098625,2255,5,ep_poll
4924491322089269,3126838,qlever-server-d,S,0,0,334900,636630,13,7,futex_do_wait
4924491322089269,3126839,qlever-server-d,S,0,0,3964472,4678693,62,4,futex_do_wait
4924491322089269,3126840,qlever-server-d,S,39,3,429323678,12224444,431,15,futex_do_wait
4924491322089269,3126841,qlever-server-d,S,6,0,69052608,11801686,221,4,futex_do_wait
4924491322089269,3126842,qlever-server-d,S,6,0,70402127,7451155,225,5,futex_do_wait
4924491322089269,3126843,qlever-server-d,R,52,2,550691109,8433275,333,10,0
4924491322089269,3126844,qlever-server-d,R,54,2,566500373,8675824,244,0,0
4924491322089269,0,__system__,-,1024792837,7867815240,0,0,0,-1,-
4924491340143563,3125313,qlever-server-d,S,925,1653,25796536701,16526421,786,9,futex_do_wait
4924491340143563,3125317,qlever-server-d,S,0,0,3099702,0,27,4,futex_do_wait
4924491340143563,3126029,qlever-server-d,R,1712,8,17201206045,14903547,201,12,0
4924491340143563,3126030,qlever-server-d,R,1714,8,17230942883,7325834,157,8,0
4924491340143563,3126031,qlever-server-d,S,0,0,19980,0,1,11,futex_do_wait
4924491340143563,3126032,qlever-server-d,S,0,0,127190,0,4,0,ep_poll
4924491340143563,3126033,qlever-server-d,S,0,0,522531,0,8,8,futex_do_wait
4924491340143563,3126034,qlever-server-d,S,4,33,383114684,47863234,1591,7,futex_do_wait
4924491340143563,3126035,qlever-server-d,S,2,15,172773462,72098625,2255,5,ep_poll
4924491340143563,3126838,qlever-server-d,S,0,0,334900,636630,13,7,futex_do_wait
4924491340143563,3126839,qlever-server-d,S,0,0,3964472,4678693,62,4,futex_do_wait
4924491340143563,3126840,qlever-server-d,S,39,4,437574263,12224444,445,15,futex_do_wait
4924491340143563,3126841,qlever-server-d,S,6,0,70101069,12289866,224,15,futex_do_wait
4924491340143563,3126842,qlever-server-d,S,6,0,70965997,7451155,228,14,futex_do_wait
4924491340143563,3126843,qlever-server-d,S,53,2,564483846,8901175,360,7,futex_do_wait
4924491340143563,3126844,qlever-server-d,R,56,2,584499983,8675824,244,0,0
4924491340143563,0,__system__,-,1024792856,7867815269,0,0,0,-1,-
4924491360130143,3125313,qlever-server-d,S,925,1653,25796536701,16526421,786,9,futex_do_wait
4924491360130143,3125317,qlever-server-d,S,0,0,3099702,0,27,4,futex_do_wait
4924491360130143,3126029,qlever-server-d,R,1714,8,17221207947,14903547,201,12,0
4924491360130143,3126030,qlever-server-d,R,1716,8,17250941905,7325834,157,8,0
4924491360130143,3126031,qlever-server-d,S,0,0,19980,0,1,11,futex_do_wait
4924491360130143,3126032,qlever-server-d,S,0,0,127190,0,4,0,ep_poll
4924491360130143,3126033,qlever-server-d,S,0,0,522531,0,8,8,futex_do_wait
4924491360130143,3126034,qlever-server-d,S,4,33,383114684,47863234,1591,7,futex_do_wait
4924491360130143,3126035,qlever-server-d,S,2,15,172773462,72098625,2255,5,ep_poll
4924491360130143,3126838,qlever-server-d,S,0,0,334900,636630,13,7,futex_do_wait
4924491360130143,3126839,qlever-server-d,S,0,0,4023562,4678693,63,4,futex_do_wait
4924491360130143,3126840,qlever-server-d,S,40,4,448172548,12224444,462,15,futex_do_wait
4924491360130143,3126841,qlever-server-d,S,6,0,70553699,12289866,227,4,futex_do_wait
4924491360130143,3126842,qlever-server-d,S,6,0,71958199,7451155,231,14,futex_do_wait
4924491360130143,3126843,qlever-server-d,R,55,2,580801617,8918015,395,6,0
4924491360130143,3126844,qlever-server-d,R,58,2,604499704,8675824,244,0,0
4924491360130143,0,__system__,-,1024792877,7867815300,0,0,0,-1,-
4924491380149343,3125313,qlever-server-d,S,925,1653,25796536701,16526421,786,9,futex_do_wait
4924491380149343,3125317,qlever-server-d,S,0,0,3099702,0,27,4,futex_do_wait
4924491380149343,3126029,qlever-server-d,R,1716,8,17241206408,14903547,201,12,0
4924491380149343,3126030,qlever-server-d,R,1718,8,17270942846,7325834,157,8,0
4924491380149343,3126031,qlever-server-d,S,0,0,19980,0,1,11,futex_do_wait
4924491380149343,3126032,qlever-server-d,S,0,0,127190,0,4,0,ep_poll
4924491380149343,3126033,qlever-server-d,S,0,0,522531,0,8,8,futex_do_wait
4924491380149343,3126034,qlever-server-d,S,4,33,383114684,47863234,1591,7,futex_do_wait
4924491380149343,3126035,qlever-server-d,S,2,15,172773462,72098625,2255,5,ep_poll
4924491380149343,3126838,qlever-server-d,S,0,0,363320,636630,14,13,futex_do_wait
4924491380149343,3126839,qlever-server-d,S,0,0,4081922,4678693,64,5,futex_do_wait
4924491380149343,3126840,qlever-server-d,R,41,4,458537823,12224444,489,15,0
4924491380149343,3126841,qlever-server-d,S,6,0,71006429,12295716,229,5,futex_do_wait
4924491380149343,3126842,qlever-server-d,S,6,0,72418409,7451155,233,4,futex_do_wait
4924491380149343,3126843,qlever-server-d,R,57,2,600072298,8918015,405,6,0
4924491380149343,3126844,qlever-server-d,R,60,2,624475425,8695104,245,7,0
4924491380149343,0,__system__,-,1024792898,7867815331,0,0,0,-1,-
4924491400133662,3125313,qlever-server-d,S,925,1653,25796536701,16526421,786,9,futex_do_wait
4924491400133662,3125317,qlever-server-d,S,0,0,3099702,0,27,4,futex_do_wait
4924491400133662,3126029,qlever-server-d,R,1718,8,17261207059,14903547,201,12,0
4924491400133662,3126030,qlever-server-d,R,1720,8,17290945197,7325834,157,8,0
4924491400133662,3126031,qlever-server-d,S,0,0,19980,0,1,11,futex_do_wait
4924491400133662,3126032,qlever-server-d,S,0,0,127190,0,4,0,ep_poll
4924491400133662,3126033,qlever-server-d,S,0,0,522531,0,8,8,futex_do_wait
4924491400133662,3126034,qlever-server-d,S,4,33,383114684,47863234,1591,7,futex_do_wait
4924491400133662,3126035,qlever-server-d,S,2,15,172773462,72098625,2255,5,ep_poll
4924491400133662,3126838,qlever-server-d,S,0,0,363320,636630,14,13,futex_do_wait
4924491400133662,3126839,qlever-server-d,S,0,0,4081922,4678693,64,5,futex_do_wait
4924491400133662,3126840,qlever-server-d,R,42,4,465243477,12224444,514,5,0
4924491400133662,3126841,qlever-server-d,S,6,0,71438389,12295716,230,5,futex_do_wait
4924491400133662,3126842,qlever-server-d,S,6,0,72443369,7451155,234,4,futex_do_wait
4924491400133662,3126843,qlever-server-d,R,59,2,618827528,8943065,418,4,0
4924491400133662,3126844,qlever-server-d,R,61,2,643303996,9640094,254,2,0
4924491400133662,0,__system__,-,1024792917,7867815362,0,0,0,-1,-
4924491420133192,3125313,qlever-server-d,S,925,1653,25796536701,16526421,786,9,futex_do_wait
4924491420133192,3125317,qlever-server-d,S,0,0,3099702,0,27,4,futex_do_wait
4924491420133192,3126029,qlever-server-d,R,1719,8,17281207700,14903547,201,12,0
4924491420133192,3126030,qlever-server-d,R,1722,8,17310942078,7325834,157,8,0
4924491420133192,3126031,qlever-server-d,S,0,0,19980,0,1,11,futex_do_wait
4924491420133192,3126032,qlever-server-d,S,0,0,127190,0,4,0,ep_poll
4924491420133192,3126033,qlever-server-d,S,0,0,522531,0,8,8,futex_do_wait
4924491420133192,3126034,qlever-server-d,S,4,33,383114684,47863234,1591,7,futex_do_wait
4924491420133192,3126035,qlever-server-d,S,2,15,172773462,72098625,2255,5,ep_poll
4924491420133192,3126838,qlever-server-d,S,0,0,363320,636630,14,13,0
4924491420133192,3126839,qlever-server-d,S,0,0,4136972,4678693,65,14,futex_do_wait
4924491420133192,3126840,qlever-server-d,R,43,4,473277289,12224444,533,5,0
4924491420133192,3126841,qlever-server-d,S,6,0,71454039,12295716,231,4,futex_do_wait
4924491420133192,3126842,qlever-server-d,S,6,0,72950099,8251106,235,5,futex_do_wait
4924491420133192,3126843,qlever-server-d,R,60,2,636251948,8943065,443,13,0
4924491420133192,3126844,qlever-server-d,R,64,2,663301767,9640094,254,2,0
4924491420133192,0,__system__,-,1024792938,7867815394,0,0,0,-1,-
4924491440147182,3125313,qlever-server-d,S,925,1653,25796536701,16526421,786,9,futex_do_wait
4924491440147182,3125317,qlever-server-d,S,0,0,3099702,0,27,4,futex_do_wait
4924491440147182,3126029,qlever-server-d,R,1721,8,17301209261,14903547,201,12,0
4924491440147182,3126030,qlever-server-d,R,1724,8,17330942699,7325834,157,8,0
4924491440147182,3126031,qlever-server-d,S,0,0,19980,0,1,11,futex_do_wait
4924491440147182,3126032,qlever-server-d,S,0,0,127190,0,4,0,ep_poll
4924491440147182,3126033,qlever-server-d,S,0,0,522531,0,8,8,futex_do_wait
4924491440147182,3126034,qlever-server-d,S,4,33,383114684,47863234,1591,7,futex_do_wait
4924491440147182,3126035,qlever-server-d,S,2,15,172773462,72098625,2255,5,ep_poll
4924491440147182,3126838,qlever-server-d,S,0,0,392280,636630,15,4,futex_do_wait
4924491440147182,3126839,qlever-server-d,S,0,0,4136972,4678693,65,14,futex_do_wait
4924491440147182,3126840,qlever-server-d,R,43,4,480961261,13535275,558,7,0
4924491440147182,3126841,qlever-server-d,S,6,0,71959619,12861136,233,0,futex_do_wait
4924491440147182,3126842,qlever-server-d,S,6,0,73451519,9089456,237,1,futex_do_wait
4924491440147182,3126843,qlever-server-d,R,62,2,655003208,8943065,455,13,0
4924491440147182,3126844,qlever-server-d,R,66,2,683302769,9640094,254,2,0
4924491440147182,0,__system__,-,1024792960,7867815425,0,0,0,-1,-
4924491460137142,3125313,qlever-server-d,S,925,1653,25796536701,16526421,786,9,futex_do_wait
4924491460137142,3125317,qlever-server-d,S,0,0,3099702,0,27,4,futex_do_wait
4924491460137142,3126029,qlever-server-d,R,1723,8,17321207932,14903547,201,12,0
4924491460137142,3126030,qlever-server-d,R,1726,8,17350911460,7357084,158,8,0
4924491460137142,3126031,qlever-server-d,S,0,0,19980,0,1,11,futex_do_wait
4924491460137142,3126032,qlever-server-d,S,0,0,127190,0,4,0,ep_poll
4924491460137142,3126033,qlever-server-d,S,0,0,522531,0,8,8,futex_do_wait
4924491460137142,3126034,qlever-server-d,S,4,33,383114684,47863234,1591,7,futex_do_wait
4924491460137142,3126035,qlever-server-d,S,2,15,172773462,72098625,2255,5,ep_poll
4924491460137142,3126838,qlever-server-d,S,0,0,392280,636630,15,4,futex_do_wait
4924491460137142,3126839,qlever-server-d,S,0,0,4136972,4678693,65,14,futex_do_wait
4924491460137142,3126840,qlever-server-d,S,44,4,488563287,13535275,577,6,futex_do_wait
4924491460137142,3126841,qlever-server-d,S,6,0,72519589,12861136,234,7,futex_do_wait
4924491460137142,3126842,qlever-server-d,S,6,0,73487199,9089456,238,1,futex_do_wait
4924491460137142,3126843,qlever-server-d,S,64,2,673665278,8943065,469,13,futex_do_wait
4924491460137142,3126844,qlever-server-d,R,68,2,703303040,9640094,254,2,0
4924491460137142,0,__system__,-,1024792984,7867815459,0,0,0,-1,-
4924491480137621,3125313,qlever-server-d,S,925,1653,25796536701,16526421,786,9,futex_do_wait
4924491480137621,3125317,qlever-server-d,S,0,0,3099702,0,27,4,futex_do_wait
4924491480137621,3126029,qlever-server-d,R,1725,8,17341207693,14903547,201,12,0
4924491480137621,3126030,qlever-server-d,R,1728,8,17370912721,7357084,158,8,0
4924491480137621,3126031,qlever-server-d,S,0,0,19980,0,1,11,futex_do_wait
4924491480137621,3126032,qlever-server-d,S,0,0,127190,0,4,0,ep_poll
4924491480137621,3126033,qlever-server-d,S,0,0,522531,0,8,8,futex_do_wait
4924491480137621,3126034,qlever-server-d,S,4,33,383114684,47863234,1591,7,futex_do_wait
4924491480137621,3126035,qlever-server-d,S,2,15,172773462,72098625,2255,5,ep_poll
4924491480137621,3126838,qlever-server-d,S,0,0,421240,636630,16,13,futex_do_wait
4924491480137621,3126839,qlever-server-d,S,0,0,4207832,4678693,66,14,futex_do_wait
4924491480137621,3126840,qlever-server-d,S,45,4,494989471,13543445,598,14,futex_do_wait
4924491480137621,3126841,qlever-server-d,S,6,0,72542129,12861136,235,7,futex_do_wait
4924491480137621,3126842,qlever-server-d,S,6,0,74009309,9089456,239,1,futex_do_wait
4924491480137621,3126843,qlever-server-d,S,65,3,690726289,8953125,500,5,0
4924491480137621,3126844,qlever-server-d,R,69,2,723302631,9640094,254,2,0
4924491480137621,0,__system__,-,1024793005,7867815490,0,0,0,-1,-
4924491500130591,3125313,qlever-server-d,S,925,1653,25796536701,16526421,786,9,futex_do_wait
4924491500130591,3125317,qlever-server-d,S,0,0,3099702,0,27,4,futex_do_wait
4924491500130591,3126029,qlever-server-d,R,1727,8,17361208684,14903547,201,12,0
4924491500130591,3126030,qlever-server-d,R,1730,8,17390913352,7357084,158,8,0
4924491500130591,3126031,qlever-server-d,S,0,0,19980,0,1,11,futex_do_wait
4924491500130591,3126032,qlever-server-d,S,0,0,127190,0,4,0,ep_poll
4924491500130591,3126033,qlever-server-d,S,0,0,522531,0,8,8,futex_do_wait
4924491500130591,3126034,qlever-server-d,S,4,33,383114684,47863234,1591,7,futex_do_wait
4924491500130591,3126035,qlever-server-d,S,2,15,172773462,72098625,2255,5,ep_poll
4924491500130591,3126838,qlever-server-d,S,0,0,421240,636630,16,13,futex_do_wait
4924491500130591,3126839,qlever-server-d,S,0,0,4207832,4678693,66,14,futex_do_wait
4924491500130591,3126840,qlever-server-d,R,45,4,501342733,13543445,619,14,0
4924491500130591,3126841,qlever-server-d,S,6,0,73152199,12861136,237,7,futex_do_wait
4924491500130591,3126842,qlever-server-d,S,6,0,74529819,9089456,241,1,futex_do_wait
4924491500130591,3126843,qlever-server-d,R,66,3,706851886,8963155,529,7,0
4924491500130591,3126844,qlever-server-d,R,71,2,743302682,9640094,254,2,0
4924491500130591,0,__system__,-,1024793025,7867815521,0,0,0,-1,-
4924491520138631,3125313,qlever-server-d,S,925,1653,25796536701,16526421,786,9,futex_do_wait
4924491520138631,3125317,qlever-server-d,S,0,0,3099702,0,27,4,futex_do_wait
4924491520138631,3126029,qlever-server-d,R,1729,8,17381207665,14903547,201,12,0
4924491520138631,3126030,qlever-server-d,R,1732,8,17410914313,7357084,158,8,0
4924491520138631,3126031,qlever-server-d,S,0,0,19980,0,1,11,futex_do_wait
4924491520138631,3126032,qlever-server-d,S,0,0,127190,0,4,0,ep_poll
4924491520138631,3126033,qlever-server-d,S,0,0,522531,0,8,8,futex_do_wait
4924491520138631,3126034,qlever-server-d,S,4,33,383114684,47863234,1591,7,futex_do_wait
4924491520138631,3126035,qlever-server-d,S,2,15,172773462,72098625,2255,5,ep_poll
4924491520138631,3126838,qlever-server-d,S,0,0,421240,636630,16,13,futex_do_wait
4924491520138631,3126839,qlever-server-d,S,0,0,4265922,4678693,67,0,futex_do_wait
4924491520138631,3126840,qlever-server-d,R,46,4,509802758,14324255,644,2,0
4924491520138631,3126841,qlever-server-d,S,6,0,73734329,12861136,239,10,futex_do_wait
4924491520138631,3126842,qlever-server-d,S,6,0,75019110,9089456,243,1,futex_do_wait
4924491520138631,3126843,qlever-server-d,R,68,3,726710687,8963155,541,14,0
4924491520138631,3126844,qlever-server-d,R,73,2,762690473,9640094,256,5,0
4924491520138631,0,__system__,-,1024793047,7867815554,0,0,0,-1,-
4924491540144541,3125313,qlever-server-d,S,925,1653,25796536701,16526421,786,9,futex_do_wait
4924491540144541,3125317,qlever-server-d,S,0,0,3099702,0,27,4,futex_do_wait
4924491540144541,3126029,qlever-server-d,R,1731,8,17401207327,14903547,201,12,0
4924491540144541,3126030,qlever-server-d,R,1734,8,17430913795,7357084,158,8,0
4924491540144541,3126031,qlever-server-d,S,0,0,19980,0,1,11,futex_do_wait
4924491540144541,3126032,qlever-server-d,S,0,0,127190,0,4,0,ep_poll
4924491540144541,3126033,qlever-server-d,S,0,0,522531,0,8,8,futex_do_wait
4924491540144541,3126034,qlever-server-d,S,4,33,383114684,47863234,1591,7,futex_do_wait
4924491540144541,3126035,qlever-server-d,S,2,15,172773462,72098625,2255,5,ep_poll
4924491540144541,3126838,qlever-server-d,S,0,0,459280,636630,17,6,futex_do_wait
4924491540144541,3126839,qlever-server-d,S,0,0,4265922,4678693,67,0,futex_do_wait
4924491540144541,3126840,qlever-server-d,S,46,4,517062540,14960745,663,0,futex_do_wait
4924491540144541,3126841,qlever-server-d,S,6,0,74249099,13290136,241,1,futex_do_wait
4924491540144541,3126842,qlever-server-d,S,6,0,75505220,9089456,245,1,futex_do_wait
4924491540144541,3126843,qlever-server-d,R,70,3,743085206,8963155,572,14,0
4924491540144541,3126844,qlever-server-d,R,75,2,782670184,9656304,257,7,0
4924491540144541,0,__system__,-,1024793068,7867815586,0,0,0,-1,-
4924491560134890,3125313,qlever-server-d,S,925,1653,25796536701,16526421,786,9,futex_do_wait
4924491560134890,3125317,qlever-server-d,S,0,0,3099702,0,27,4,futex_do_wait
4924491560134890,3126029,qlever-server-d,R,1733,8,17421208138,14903547,201,12,0
4924491560134890,3126030,qlever-server-d,R,1736,8,17450913256,7357084,158,8,0
4924491560134890,3126031,qlever-server-d,S,0,0,19980,0,1,11,futex_do_wait
4924491560134890,3126032,qlever-server-d,S,0,0,127190,0,4,0,ep_poll
4924491560134890,3126033,qlever-server-d,S,0,0,522531,0,8,8,futex_do_wait
4924491560134890,3126034,qlever-server-d,S,4,33,383114684,47863234,1591,7,futex_do_wait
4924491560134890,3126035,qlever-server-d,S,2,15,172773462,72098625,2255,5,ep_poll
4924491560134890,3126838,qlever-server-d,S,0,0,459280,636630,17,6,futex_do_wait
4924491560134890,3126839,qlever-server-d,S,0,0,4325402,4678693,68,5,futex_do_wait
4924491560134890,3126840,qlever-server-d,R,47,4,524804824,15237645,690,6,0
4924491560134890,3126841,qlever-server-d,S,6,0,74793419,13290136,243,5,futex_do_wait
4924491560134890,3126842,qlever-server-d,S,6,0,76143150,9089456,247,6,futex_do_wait
4924491560134890,3126843,qlever-server-d,R,72,3,761807086,8963155,597,14,0
4924491560134890,3126844,qlever-server-d,R,77,2,802669875,9656304,257,7,0
4924491560134890,0,__system__,-,1024793090,7867815618,0,0,0,-1,-
4924491580135730,3125313,qlever-server-d,S,925,1653,25796536701,16526421,786,9,futex_do_wait
4924491580135730,3125317,qlever-server-d,S,0,0,3099702,0,27,4,futex_do_wait
4924491580135730,3126029,qlever-server-d,R,1735,8,17441209779,14903547,201,12,0
4924491580135730,3126030,qlever-server-d,R,1738,8,17470912997,7357084,158,8,0
4924491580135730,3126031,qlever-server-d,S,0,0,19980,0,1,11,futex_do_wait
4924491580135730,3126032,qlever-server-d,S,0,0,127190,0,4,0,ep_poll
4924491580135730,3126033,qlever-server-d,S,0,0,522531,0,8,8,futex_do_wait
4924491580135730,3126034,qlever-server-d,S,4,33,383114684,47863234,1591,7,futex_do_wait
4924491580135730,3126035,qlever-server-d,S,2,15,172773462,72098625,2255,5,ep_poll
4924491580135730,3126838,qlever-server-d,S,0,0,477900,636630,18,7,futex_do_wait
4924491580135730,3126839,qlever-server-d,S,0,0,4501792,4678693,71,7,futex_do_wait
4924491580135730,3126840,qlever-server-d,R,49,4,544064575,15237645,693,6,0
4924491580135730,3126841,qlever-server-d,S,7,0,77282900,13290136,252,13,futex_do_wait
4924491580135730,3126842,qlever-server-d,S,7,0,78208102,9089456,256,7,futex_do_wait
4924491580135730,3126843,qlever-server-d,R,73,4,780404605,8963155,600,14,0
4924491580135730,3126844,qlever-server-d,R,78,3,818765605,9669114,273,5,0
4924491580135730,0,__system__,-,1024793114,7867815649,0,0,0,-1,-
4924491600132850,3125313,qlever-server-d,S,925,1653,25796536701,16526421,786,9,futex_do_wait
4924491600132850,3125317,qlever-server-d,S,0,0,3099702,0,27,4,futex_do_wait
4924491600132850,3126029,qlever-server-d,R,1737,8,17461210190,14903547,201,12,0
4924491600132850,3126030,qlever-server-d,R,1740,8,17490913868,7357084,158,8,0
4924491600132850,3126031,qlever-server-d,S,0,0,19980,0,1,11,futex_do_wait
4924491600132850,3126032,qlever-server-d,S,0,0,127190,0,4,0,ep_poll
4924491600132850,3126033,qlever-server-d,S,0,0,522531,0,8,8,futex_do_wait
4924491600132850,3126034,qlever-server-d,S,4,33,383114684,47863234,1591,7,futex_do_wait
4924491600132850,3126035,qlever-server-d,S,2,15,172773462,72098625,2255,5,ep_poll
4924491600132850,3126838,qlever-server-d,S,0,0,477900,636630,18,7,futex_do_wait
4924491600132850,3126839,qlever-server-d,S,0,0,4572502,4678693,72,7,futex_do_wait
4924491600132850,3126840,qlever-server-d,S,51,4,559086925,15237645,711,6,futex_do_wait
4924491600132850,3126841,qlever-server-d,S,7,0,78369100,13290136,256,4,futex_do_wait
4924491600132850,3126842,qlever-server-d,S,7,0,79247912,9421786,260,15,futex_do_wait
4924491600132850,3126843,qlever-server-d,R,75,4,800404657,8963155,600,14,0
4924491600132850,3126844,qlever-server-d,R,80,3,837706265,9669114,290,5,0
4924491600132850,0,__system__,-,1024793136,7867815681,0,0,0,-1,-
4924491620139390,3125313,qlever-server-d,S,925,1653,25796536701,16526421,786,9,futex_do_wait
4924491620139390,3125317,qlever-server-d,S,0,0,3099702,0,27,4,futex_do_wait
4924491620139390,3126029,qlever-server-d,R,1739,8,17481209221,14903547,201,12,0
4924491620139390,3126030,qlever-server-d,R,1742,8,17510913479,7357084,158,8,0
4924491620139390,3126031,qlever-server-d,S,0,0,19980,0,1,11,futex_do_wait
4924491620139390,3126032,qlever-server-d,S,0,0,127190,0,4,0,ep_poll
4924491620139390,3126033,qlever-server-d,S,0,0,522531,0,8,8,futex_do_wait
4924491620139390,3126034,qlever-server-d,S,4,33,383114684,47863234,1591,7,futex_do_wait
4924491620139390,3126035,qlever-server-d,S,2,15,172773462,72098625,2255,5,ep_poll
4924491620139390,3126838,qlever-server-d,S,0,0,477900,636630,18,7,futex_do_wait
4924491620139390,3126839,qlever-server-d,S,0,0,4572502,4678693,72,7,futex_do_wait
4924491620139390,3126840,qlever-server-d,S,51,4,568493057,15237645,740,6,0
4924491620139390,3126841,qlever-server-d,S,7,0,78809531,13290136,258,4,futex_do_wait
4924491620139390,3126842,qlever-server-d,S,7,0,79891602,9989297,262,13,futex_do_wait
4924491620139390,3126843,qlever-server-d,R,77,4,820405208,8963155,600,14,0
4924491620139390,3126844,qlever-server-d,R,82,3,857230366,9669114,301,5,0
4924491620139390,0,__system__,-,1024793157,7867815712,0,0,0,-1,-
4924491640129480,3125313,qlever-server-d,S,925,1653,25796536701,16526421,786,9,futex_do_wait
4924491640129480,3125317,qlever-server-d,S,0,0,3099702,0,27,4,futex_do_wait
4924491640129480,3126029,qlever-server-d,R,1741,8,17501209032,14903547,201,12,0
4924491640129480,3126030,qlever-server-d,R,1744,8,17530914510,7357084,158,8,0
4924491640129480,3126031,qlever-server-d,S,0,0,19980,0,1,11,futex_do_wait
4924491640129480,3126032,qlever-server-d,S,0,0,127190,0,4,0,ep_poll
4924491640129480,3126033,qlever-server-d,S,0,0,522531,0,8,8,futex_do_wait
4924491640129480,3126034,qlever-server-d,S,4,33,383114684,47863234,1591,7,futex_do_wait
4924491640129480,3126035,qlever-server-d,S,2,15,172773462,72098625,2255,5,ep_poll
4924491640129480,3126838,qlever-server-d,S,0,0,500390,636630,19,13,futex_do_wait
4924491640129480,3126839,qlever-server-d,S,0,0,4621422,4678693,73,7,futex_do_wait
4924491640129480,3126840,qlever-server-d,R,52,4,579435965,15237645,762,6,0
4924491640129480,3126841,qlever-server-d,S,7,0,79399821,13806316,260,15,futex_do_wait
4924491640129480,3126842,qlever-server-d,S,7,0,80460082,9989297,264,13,futex_do_wait
4924491640129480,3126843,qlever-server-d,R,79,4,840404449,8963155,600,14,0
4924491640129480,3126844,qlever-server-d,R,84,3,876583685,9669114,317,5,0
4924491640129480,0,__system__,-,1024793179,7867815744,0,0,0,-1,-
4924491660139709,3125313,qlever-server-d,S,925,1653,25796536701,16526421,786,9,futex_do_wait
4924491660139709,3125317,qlever-server-d,S,0,0,3099702,0,27,4,futex_do_wait
4924491660139709,3126029,qlever-server-d,R,1743,8,17521209093,14903547,201,12,0
4924491660139709,3126030,qlever-server-d,R,1746,8,17550915391,7357084,158,8,0
4924491660139709,3126031,qlever-server-d,S,0,0,19980,0,1,11,futex_do_wait
4924491660139709,3126032,qlever-server-d,S,0,0,127190,0,4,0,ep_poll
4924491660139709,3126033,qlever-server-d,S,0,0,522531,0,8,8,futex_do_wait
4924491660139709,3126034,qlever-server-d,S,4,33,383114684,47863234,1591,7,futex_do_wait
4924491660139709,3126035,qlever-server-d,S,2,15,172773462,72098625,2255,5,ep_poll
4924491660139709,3126838,qlever-server-d,S,0,0,500390,636630,19,13,futex_do_wait
4924491660139709,3126839,qlever-server-d,S,0,0,4686652,4678693,74,4,futex_do_wait
4924491660139709,3126840,qlever-server-d,R,53,5,589664188,15247255,792,5,0
4924491660139709,3126841,qlever-server-d,S,7,0,79847931,13806316,263,4,futex_do_wait
4924491660139709,3126842,qlever-server-d,R,7,0,81215212,9989297,267,13,0
4924491660139709,3126843,qlever-server-d,R,81,4,860072289,8963155,606,14,0
4924491660139709,3126844,qlever-server-d,R,86,3,895783406,9682434,334,7,0
4924491660139709,0,__system__,-,1024793201,7867815776,0,0,0,-1,-
4924491680132869,3125313,qlever-server-d,S,925,1653,25796536701,16526421,786,9,futex_do_wait
4924491680132869,3125317,qlever-server-d,S,0,0,3099702,0,27,4,futex_do_wait
4924491680132869,3126029,qlever-server-d,R,1745,8,17541208914,14903547,201,12,0
4924491680132869,3126030,qlever-server-d,R,1748,8,17570913712,7357084,158,8,0
4924491680132869,3126031,qlever-server-d,S,0,0,19980,0,1,11,futex_do_wait
4924491680132869,3126032,qlever-server-d,S,0,0,127190,0,4,0,ep_poll
4924491680132869,3126033,qlever-server-d,S,0,0,522531,0,8,8,futex_do_wait
4924491680132869,3126034,qlever-server-d,S,4,33,383114684,47863234,1591,7,futex_do_wait
4924491680132869,3126035,qlever-server-d,S,2,15,172773462,72098625,2255,5,ep_poll
4924491680132869,3126838,qlever-server-d,S,0,0,524650,636630,20,13,futex_do_wait
4924491680132869,3126839,qlever-server-d,S,0,0,4686652,4678693,74,4,futex_do_wait
4924491680132869,3126840,qlever-server-d,S,54,5,599835872,15260845,813,7,futex_do_wait
4924491680132869,3126841,qlever-server-d,S,7,0,80692941,13806316,266,4,futex_do_wait
4924491680132869,3126842,qlever-server-d,S,7,0,81891652,9989297,270,15,futex_do_wait
4924491680132869,3126843,qlever-server-d,R,83,4,876221338,8963155,638,14,0
4924491680132869,3126844,qlever-server-d,R,88,3,915760127,9700654,335,10,0
4924491680132869,0,__system__,-,1024793221,7867815807,0,0,0,-1,-
4924491700140569,3125313,qlever-server-d,S,925,1653,25796536701,16526421,786,9,futex_do_wait
4924491700140569,3125317,qlever-server-d,S,0,0,3099702,0,27,4,futex_do_wait
4924491700140569,3126029,qlever-server-d,R,1747,8,17561212606,14903547,201,12,0
4924491700140569,3126030,qlever-server-d,R,1750,8,17590913214,7357084,158,8,0
4924491700140569,3126031,qlever-server-d,S,0,0,19980,0,1,11,futex_do_wait
4924491700140569,3126032,qlever-server-d,S,0,0,127190,0,4,0,ep_poll
4924491700140569,3126033,qlever-server-d,S,0,0,522531,0,8,8,futex_do_wait
4924491700140569,3126034,qlever-server-d,S,4,33,383114684,47863234,1591,7,futex_do_wait
4924491700140569,3126035,qlever-server-d,S,2,15,172773462,72098625,2255,5,ep_poll
4924491700140569,3126838,qlever-server-d,S,0,0,524650,636630,20,13,futex_do_wait
4924491700140569,3126839,qlever-server-d,S,0,0,4738842,4678693,75,4,futex_do_wait
4924491700140569,3126840,qlever-server-d,R,55,5,609583968,15260845,830,15,0
4924491700140569,3126841,qlever-server-d,R,7,0,81331192,13806316,268,14,0
4924491700140569,3126842,qlever-server-d,S,7,0,83019672,11322478,273,15,futex_do_wait
4924491700140569,3126843,qlever-server-d,R,85,4,893538988,8967535,660,6,0
4924491700140569,3126844,qlever-server-d,R,90,3,935758898,9700654,335,10,0
4924491700140569,0,__system__,-,1024793244,7867815839,0,0,0,-1,-
4924491720133608,3125313,qlever-server-d,S,925,1653,25796536701,16526421,786,9,futex_do_wait
4924491720133608,3125317,qlever-server-d,S,0,0,3099702,0,27,4,futex_do_wait
4924491720133608,3126029,qlever-server-d,R,1749,8,17581210257,14903547,201,12,0
4924491720133608,3126030,qlever-server-d,R,1752,8,17610889075,7381484,159,8,0
4924491720133608,3126031,qlever-server-d,S,0,0,19980,0,1,11,futex_do_wait
4924491720133608,3126032,qlever-server-d,S,0,0,127190,0,4,0,ep_poll
4924491720133608,3126033,qlever-server-d,S,0,0,522531,0,8,8,futex_do_wait
4924491720133608,3126034,qlever-server-d,S,4,33,383114684,47863234,1591,7,futex_do_wait
4924491720133608,3126035,qlever-server-d,S,2,15,172773462,72098625,2255,5,ep_poll
4924491720133608,3126838,qlever-server-d,S,0,0,524650,636630,20,13,futex_do_wait
4924491720133608,3126839,qlever-server-d,S,0,0,4941872,4678693,78,5,futex_do_wait
4924491720133608,3126840,qlever-server-d,R,57,5,626696008,17507676,839,15,0
4924491720133608,3126841,qlever-server-d,S,7,0,83577314,18871387,276,13,futex_do_wait
4924491720133608,3126842,qlever-server-d,S,7,0,84626453,12810260,279,5,futex_do_wait
4924491720133608,3126843,qlever-server-d,R,86,4,912816989,8979025,670,14,0
4924491720133608,3126844,qlever-server-d,R,92,3,955734429,9700654,336,10,0
4924491720133608,0,__system__,-,1024793267,7867815870,0,0,0,-1,-
4924491740151438,3125313,qlever-server-d,S,925,1653,25796536701,16526421,786,9,futex_do_wait
4924491740151438,3125317,qlever-server-d,S,0,0,3099702,0,27,4,futex_do_wait
4924491740151438,3126029,qlever-server-d,R,1751,8,17601209188,14903547,201,12,0
4924491740151438,3126030,qlever-server-d,R,1754,8,17630889166,7381484,159,8,0
4924491740151438,3126031,qlever-server-d,S,0,0,19980,0,1,11,futex_do_wait
4924491740151438,3126032,qlever-server-d,S,0,0,127190,0,4,0,ep_poll
4924491740151438,3126033,qlever-server-d,S,0,0,522531,0,8,8,futex_do_wait
4924491740151438,3126034,qlever-server-d,S,4,33,383114684,47863234,1591,7,futex_do_wait
4924491740151438,3126035,qlever-server-d,S,2,15,172773462,72098625,2255,5,ep_poll
4924491740151438,3126838,qlever-server-d,S,0,0,555170,636630,21,13,futex_do_wait
4924491740151438,3126839,qlever-server-d,S,0,0,4993142,4678693,79,5,futex_do_wait
4924491740151438,3126840,qlever-server-d,R,58,5,640382926,17507676,854,14,0
4924491740151438,3126841,qlever-server-d,S,7,0,84662215,19308208,281,5,futex_do_wait
4924491740151438,3126842,qlever-server-d,S,7,0,86066024,13554030,284,13,futex_do_wait
4924491740151438,3126843,qlever-server-d,R,88,4,930030428,9950276,688,7,0
4924491740151438,3126844,qlever-server-d,R,94,3,975734180,9700654,336,10,0
4924491740151438,0,__system__,-,1024793288,7867815901,0,0,0,-1,-
4924491760136838,3125313,qlever-server-d,S,925,1653,25796536701,16526421,786,9,futex_do_wait
4924491760136838,3125317,qlever-server-d,S,0,0,3099702,0,27,4,futex_do_wait
4924491760136838,3126029,qlever-server-d,R,1753,8,17621210349,14903547,201,12,0
4924491760136838,3126030,qlever-server-d,R,1756,8,17650889567,7381484,159,8,0
4924491760136838,3126031,qlever-server-d,S,0,0,19980,0,1,11,futex_do_wait
4924491760136838,3126032,qlever-server-d,S,0,0,127190,0,4,0,ep_poll
4924491760136838,3126033,qlever-server-d,S,0,0,522531,0,8,8,futex_do_wait
4924491760136838,3126034,qlever-server-d,S,4,33,383114684,47863234,1591,7,futex_do_wait
4924491760136838,3126035,qlever-server-d,S,2,15,172773462,72098625,2255,5,ep_poll
4924491760136838,3126838,qlever-server-d,S,0,0,555170,636630,21,13,futex_do_wait
4924491760136838,3126839,qlever-server-d,S,0,0,5057072,4678693,80,14,futex_do_wait
4924491760136838,3126840,qlever-server-d,R,59,5,650475883,17507676,873,5,0
4924491760136838,3126841,qlever-server-d,S,8,0,85837286,19308208,284,6,futex_do_wait
4924491760136838,3126842,qlever-server-d,S,7,0,86617954,13554030,287,7,futex_do_wait
4924491760136838,3126843,qlever-server-d,R,90,4,946419307,9950276,717,4,0
4924491760136838,3126844,qlever-server-d,R,96,3,995733521,9700654,336,10,0
4924491760136838,0,__system__,-,1024793310,7867815933,0,0,0,-1,-
4924491780133538,3125313,qlever-server-d,S,925,1653,25796536701,16526421,786,9,futex_do_wait
4924491780133538,3125317,qlever-server-d,S,0,0,3099702,0,27,4,futex_do_wait
4924491780133538,3126029,qlever-server-d,R,1755,8,17641210940,14903547,201,12,0
4924491780133538,3126030,qlever-server-d,R,1758,8,17670890858,7381484,159,8,0
4924491780133538,3126031,qlever-server-d,S,0,0,19980,0,1,11,futex_do_wait
4924491780133538,3126032,qlever-server-d,S,0,0,127190,0,4,0,ep_poll
4924491780133538,3126033,qlever-server-d,S,0,0,522531,0,8,8,futex_do_wait
4924491780133538,3126034,qlever-server-d,S,4,33,383114684,47863234,1591,7,futex_do_wait
4924491780133538,3126035,qlever-server-d,S,2,15,172773462,72098625,2255,5,ep_poll
4924491780133538,3126838,qlever-server-d,S,0,0,578780,636630,22,14,futex_do_wait
4924491780133538,3126839,qlever-server-d,S,0,0,5135052,5867724,82,5,futex_do_wait
4924491780133538,3126840,qlever-server-d,R,60,5,663890221,17530646,889,14,0
4924491780133538,3126841,qlever-server-d,S,8,0,86984536,19308208,289,5,futex_do_wait
4924491780133538,3126842,qlever-server-d,S,7,0,88411844,13554030,292,4,futex_do_wait
4924491780133538,3126843,qlever-server-d,R,91,4,962492085,9960626,747,3,0
4924491780133538,3126844,qlever-server-d,R,98,3,1015733983,9700654,336,10,0
4924491780133538,0,__system__,-,1024793332,7867815965,0,0,0,-1,-
4924491800138897,3125313,qlever-server-d,S,925,1653,25796536701,16526421,786,9,futex_do_wait
4924491800138897,3125317,qlever-server-d,S,0,0,3099702,0,27,4,futex_do_wait
4924491800138897,3126029,qlever-server-d,R,1757,8,17661211311,14903547,201,12,0
4924491800138897,3126030,qlever-server-d,R,1760,8,17690890389,7381484,159,8,0
4924491800138897,3126031,qlever-server-d,S,0,0,19980,0,1,11,futex_do_wait
4924491800138897,3126032,qlever-server-d,S,0,0,127190,0,4,0,ep_poll
4924491800138897,3126033,qlever-server-d,S,0,0,522531,0,8,8,futex_do_wait
4924491800138897,3126034,qlever-server-d,S,4,33,383114684,47863234,1591,7,futex_do_wait
4924491800138897,3126035,qlever-server-d,S,2,15,172773462,72098625,2255,5,ep_poll
4924491800138897,3126838,qlever-server-d,S,0,0,578780,636630,22,14,futex_do_wait
4924491800138897,3126839,qlever-server-d,S,0,0,5256202,5867724,84,6,futex_do_wait
4924491800138897,3126840,qlever-server-d,R,62,5,680237050,17530646,897,14,0
4924491800138897,3126841,qlever-server-d,S,8,0,89234047,19308208,296,13,futex_do_wait
4924491800138897,3126842,qlever-server-d,S,8,0,90057215,13554030,299,15,futex_do_wait
4924491800138897,3126843,qlever-server-d,R,93,4,982059566,9960626,755,3,0
4924491800138897,3126844,qlever-server-d,R,100,3,1035735004,9700654,336,10,0
4924491800138897,0,__system__,-,1024793353,7867815995,0,0,0,-1,-
4924491821071370,3125313,qlever-server-d,S,925,1653,25796536701,16526421,786,9,futex_do_wait
4924491821071370,3125317,qlever-server-d,S,0,0,3099702,0,27,4,futex_do_wait
4924491821071370,3126029,qlever-server-d,R,1759,8,17682211793,14903547,201,12,0
4924491821071370,3126030,qlever-server-d,R,1762,9,17711844391,7426804,160,8,0
4924491821071370,3126031,qlever-server-d,S,0,0,19980,0,1,11,futex_do_wait
4924491821071370,3126032,qlever-server-d,S,0,0,127190,0,4,0,ep_poll
4924491821071370,3126033,qlever-server-d,S,0,0,522531,0,8,8,futex_do_wait
4924491821071370,3126034,qlever-server-d,S,4,33,383114684,47863234,1591,7,futex_do_wait
4924491821071370,3126035,qlever-server-d,S,2,15,172773462,72098625,2255,5,ep_poll
4924491821071370,3126838,qlever-server-d,S,0,0,604390,636630,23,6,futex_do_wait
4924491821071370,3126839,qlever-server-d,S,0,0,5398072,5867724,86,14,futex_do_wait
4924491821071370,3126840,qlever-server-d,R,63,5,692383189,17530646,915,14,0
4924491821071370,3126841,qlever-server-d,S,8,0,90469207,19308208,300,13,futex_do_wait
4924491821071370,3126842,qlever-server-d,S,8,0,91172285,14102690,303,13,futex_do_wait
4924491821071370,3126843,qlever-server-d,R,95,4,1001239706,9960626,782,0,0
4924491821071370,3126844,qlever-server-d,R,102,3,1056735185,9700654,336,10,0
4924491821071370,0,__system__,-,1024793378,7867816031,0,0,0,-1,-
4924491840137307,3125313,qlever-server-d,S,925,1653,25796536701,16526421,786,9,futex_do_wait
4924491840137307,3125317,qlever-server-d,S,0,0,3099702,0,27,4,futex_do_wait
4924491840137307,3126029,qlever-server-d,R,1761,9,17701212633,14903547,201,12,0
4924491840137307,3126030,qlever-server-d,R,1763,9,17730845901,7426804,160,8,0
4924491840137307,3126031,qlever-server-d,S,0,0,19980,0,1,11,futex_do_wait
4924491840137307,3126032,qlever-server-d,S,0,0,127190,0,4,0,ep_poll
4924491840137307,3126033,qlever-server-d,S,0,0,522531,0,8,8,futex_do_wait
4924491840137307,3126034,qlever-server-d,S,4,33,383114684,47863234,1591,7,futex_do_wait
4924491840137307,3126035,qlever-server-d,S,2,15,172773462,72098625,2255,5,ep_poll
4924491840137307,3126838,qlever-server-d,S,0,0,604390,636630,23,6,futex_do_wait
4924491840137307,3126839,qlever-server-d,S,0,0,5487162,5867724,87,6,futex_do_wait
4924491840137307,3126840,qlever-server-d,S,64,5,704386867,17530646,942,13,futex_do_wait
4924491840137307,3126841,qlever-server-d,S,8,0,91452368,19781839,305,4,futex_do_wait
4924491840137307,3126842,qlever-server-d,R,8,0,92625077,14102690,308,5,0
4924491840137307,3126843,qlever-server-d,R,97,4,1020239777,9960626,782,0,0
4924491840137307,3126844,qlever-server-d,R,104,3,1075735186,9700654,336,10,0
4924491840137307,0,__system__,-,1024793399,7867816059,0,0,0,-1,-
4924491860151277,3125313,qlever-server-d,S,925,1653,25796536701,16526421,786,9,futex_do_wait
4924491860151277,3125317,qlever-server-d,S,0,0,3099702,0,27,4,futex_do_wait
4924491860151277,3126029,qlever-server-d,R,1762,9,17721211944,14903547,201,12,0
4924491860151277,3126030,qlever-server-d,R,1765,9,17750845522,7426804,160,8,0
4924491860151277,3126031,qlever-server-d,S,0,0,19980,0,1,11,futex_do_wait
4924491860151277,3126032,qlever-server-d,S,0,0,127190,0,4,0,ep_poll
4924491860151277,3126033,qlever-server-d,S,0,0,522531,0,8,8,futex_do_wait
4924491860151277,3126034,qlever-server-d,S,4,33,383114684,47863234,1591,7,futex_do_wait
4924491860151277,3126035,qlever-server-d,S,2,15,172773462,72098625,2255,5,ep_poll
4924491860151277,3126838,qlever-server-d,S,0,0,604390,636630,23,6,futex_do_wait
4924491860151277,3126839,qlever-server-d,S,0,0,5803882,5878614,90,5,futex_do_wait
4924491860151277,3126840,qlever-server-d,S,65,6,718903285,17530646,957,13,0
4924491860151277,3126841,qlever-server-d,S,8,0,93187840,19781839,311,15,futex_do_wait
4924491860151277,3126842,qlever-server-d,S,8,0,94378878,14109060,314,14,futex_do_wait
4924491860151277,3126843,qlever-server-d,R,99,4,1038561217,11095257,788,5,0
4924491860151277,3126844,qlever-server-d,R,106,3,1095124266,9700654,340,10,0
4924491860151277,0,__system__,-,1024793422,7867816091,0,0,0,-1,-
4924491880806012,3125313,qlever-server-d,S,925,1653,25796536701,16526421,786,9,futex_do_wait
4924491880806012,3125317,qlever-server-d,S,0,0,3099702,0,27,4,futex_do_wait
4924491880806012,3126029,qlever-server-d,R,1765,9,17742212366,14903547,201,12,0
4924491880806012,3126030,qlever-server-d,R,1768,9,17771845784,7426804,160,8,0
4924491880806012,3126031,qlever-server-d,S,0,0,19980,0,1,11,futex_do_wait
4924491880806012,3126032,qlever-server-d,S,0,0,127190,0,4,0,ep_poll
4924491880806012,3126033,qlever-server-d,S,0,0,522531,0,8,8,futex_do_wait
4924491880806012,3126034,qlever-server-d,S,4,33,383114684,47863234,1591,7,futex_do_wait
4924491880806012,3126035,qlever-server-d,S,2,15,172773462,72098625,2255,5,ep_poll
4924491880806012,3126838,qlever-server-d,S,0,0,623280,636630,24,7,futex_do_wait
4924491880806012,3126839,qlever-server-d,S,0,0,5803882,5878614,90,5,futex_do_wait
4924491880806012,3126840,qlever-server-d,S,66,6,728435240,17530646,980,13,futex_do_wait
4924491880806012,3126841,qlever-server-d,S,8,0,94228510,19781839,314,5,futex_do_wait
4924491880806012,3126842,qlever-server-d,S,8,0,95049248,14109060,317,14,futex_do_wait
4924491880806012,3126843,qlever-server-d,R,101,4,1056907118,11095257,808,15,0
4924491880806012,3126844,qlever-server-d,R,108,3,1115124487,9700654,340,10,0
4924491880806012,0,__system__,-,1024793444,7867816124,0,0,0,-1,-
4924491900134116,3125313,qlever-server-d,S,925,1653,25796536701,16526421,786,9,futex_do_wait
4924491900134116,3125317,qlever-server-d,S,0,0,3099702,0,27,4,futex_do_wait
4924491900134116,3126029,qlever-server-d,R,1766,9,17761212787,14903547,201,12,0
4924491900134116,3126030,qlever-server-d,R,1769,9,17790846155,7426804,160,8,0
4924491900134116,3126031,qlever-server-d,S,0,0,19980,0,1,11,futex_do_wait
4924491900134116,3126032,qlever-server-d,S,0,0,127190,0,4,0,ep_poll
4924491900134116,3126033,qlever-server-d,S,0,0,522531,0,8,8,futex_do_wait
4924491900134116,3126034,qlever-server-d,S,4,33,383114684,47863234,1591,7,futex_do_wait
4924491900134116,3126035,qlever-server-d,S,2,15,172773462,72098625,2255,5,ep_poll
4924491900134116,3126838,qlever-server-d,S,0,0,623280,636630,24,7,futex_do_wait
4924491900134116,3126839,qlever-server-d,S,0,0,5864272,5878614,91,14,futex_do_wait
4924491900134116,3126840,qlever-server-d,S,67,6,734449513,17530646,1001,13,futex_do_wait
4924491900134116,3126841,qlever-server-d,R,8,0,94259210,20262169,315,14,futex_do_wait
4924491900134116,3126842,qlever-server-d,S,8,0,95555298,14139880,318,14,futex_do_wait
4924491900134116,3126843,qlever-server-d,R,102,4,1074225727,11095257,833,15,0
4924491900134116,3126844,qlever-server-d,R,110,3,1135124148,9700654,340,10,0
4924491900134116,0,__system__,-,1024793464,7867816155,0,0,0,-1,-
4924491920149336,3125313,qlever-server-d,S,925,1653,25796536701,16526421,786,9,futex_do_wait
4924491920149336,3125317,qlever-server-d,S,0,0,3099702,0,27,4,futex_do_wait
4924491920149336,3126029,qlever-server-d,R,1768,9,17781212288,14903547,201,12,0
4924491920149336,3126030,qlever-server-d,R,1771,9,17810816306,7455914,161,8,0
4924491920149336,3126031,qlever-server-d,S,0,0,19980,0,1,11,futex_do_wait
4924491920149336,3126032,qlever-server-d,S,0,0,127190,0,4,0,ep_poll
4924491920149336,3126033,qlever-server-d,S,0,0,522531,0,8,8,futex_do_wait
4924491920149336,3126034,qlever-server-d,S,4,33,383114684,47863234,1591,7,futex_do_wait
4924491920149336,3126035,qlever-server-d,S,2,15,172773462,72098625,2255,5,ep_poll
4924491920149336,3126838,qlever-server-d,S,0,0,623280,636630,24,7,futex_do_wait
4924491920149336,3126839,qlever-server-d,S,0,0,5864272,5878614,91,14,futex_do_wait
4924491920149336,3126840,qlever-server-d,R,67,6,740256906,17530646,1021,7,0
4924491920149336,3126841,qlever-server-d,S,8,0,94259210,20262169,315,14,futex_do_wait
4924491920149336,3126842,qlever-server-d,S,8,0,95555298,14139880,318,14,futex_do_wait
4924491920149336,3126843,qlever-server-d,R,104,4,1089873704,11107047,871,4,0
4924491920149336,3126844,qlever-server-d,R,112,3,1154125679,9700654,340,10,0
4924491920149336,0,__system__,-,1024793483,7867816185,0,0,0,-1,-
4924491940144836,3125313,qlever-server-d,S,925,1653,25796536701,16526421,786,9,futex_do_wait
4924491940144836,3125317,qlever-server-d,S,0,0,3099702,0,27,4,futex_do_wait
4924491940144836,3126029,qlever-server-d,R,1770,9,17801213149,14903547,201,12,0
4924491940144836,3126030,qlever-server-d,R,1773,9,17830816427,7455914,161,8,0
4924491940144836,3126031,qlever-server-d,S,0,0,19980,0,1,11,futex_do_wait
4924491940144836,3126032,qlever-server-d,S,0,0,127190,0,4,0,ep_poll
4924491940144836,3126033,qlever-server-d,S,0,0,522531,0,8,8,futex_do_wait
4924491940144836,3126034,qlever-server-d,S,4,33,383114684,47863234,1591,7,futex_do_wait
4924491940144836,3126035,qlever-server-d,S,2,15,172773462,72098625,2255,5,ep_poll
4924491940144836,3126838,qlever-server-d,S,0,0,644710,636630,25,7,futex_do_wait
4924491940144836,3126839,qlever-server-d,S,0,0,5864272,5878614,91,14,futex_do_wait
4924491940144836,3126840,qlever-server-d,R,68,6,746967280,17530646,1040,7,0
4924491940144836,3126841,qlever-server-d,S,8,0,94724121,20262169,317,15,futex_do_wait
4924491940144836,3126842,qlever-server-d,S,8,0,96201159,14139880,320,14,futex_do_wait
4924491940144836,3126843,qlever-server-d,R,105,4,1105858574,11107047,909,13,0
4924491940144836,3126844,qlever-server-d,R,114,3,1175124130,9700654,340,10,0
4924491940144836,0,__system__,-,1024793506,7867816219,0,0,0,-1,-
4924491960135935,3125313,qlever-server-d,S,925,1653,25796536701,16526421,786,9,futex_do_wait
4924491960135935,3125317,qlever-server-d,S,0,0,3099702,0,27,4,futex_do_wait
4924491960135935,3126029,qlever-server-d,R,1772,9,17821212170,14903547,201,12,0
4924491960135935,3126030,qlever-server-d,R,1775,9,17850818178,7455914,161,8,0
4924491960135935,3126031,qlever-server-d,S,0,0,19980,0,1,11,futex_do_wait
4924491960135935,3126032,qlever-server-d,S,0,0,127190,0,4,0,ep_poll
4924491960135935,3126033,qlever-server-d,S,0,0,522531,0,8,8,futex_do_wait
4924491960135935,3126034,qlever-server-d,S,4,33,383114684,47863234,1591,7,futex_do_wait
4924491960135935,3126035,qlever-server-d,S,2,15,172773462,72098625,2255,5,ep_poll
4924491960135935,3126838,qlever-server-d,S,0,0,644710,636630,25,7,futex_do_wait
4924491960135935,3126839,qlever-server-d,S,0,0,5927042,5878614,92,14,futex_do_wait
4924491960135935,3126840,qlever-server-d,R,69,6,754246734,17672606,1063,0,0
4924491960135935,3126841,qlever-server-d,S,8,0,95131581,20303049,318,0,futex_do_wait
4924491960135935,3126842,qlever-server-d,S,8,0,96223799,14139880,321,14,futex_do_wait
4924491960135935,3126843,qlever-server-d,R,107,4,1123201445,11107047,930,15,0
4924491960135935,3126844,qlever-server-d,R,116,3,1194594572,9700654,346,10,0
4924491960135935,0,__system__,-,1024793527,7867816250,0,0,0,-1,-
4924491980130225,3125313,qlever-server-d,S,925,1653,25796536701,16526421,786,9,futex_do_wait
4924491980130225,3125317,qlever-server-d,S,0,0,3099702,0,27,4,futex_do_wait
4924491980130225,3126029,qlever-server-d,R,1774,9,17841211911,14903547,201,12,0
4924491980130225,3126030,qlever-server-d,R,1777,9,17870817069,7455914,161,8,0
4924491980130225,3126031,qlever-server-d,S,0,0,19980,0,1,11,futex_do_wait
4924491980130225,3126032,qlever-server-d,S,0,0,127190,0,4,0,ep_poll
4924491980130225,3126033,qlever-server-d,S,0,0,522531,0,8,8,futex_do_wait
4924491980130225,3126034,qlever-server-d,S,4,33,383114684,47863234,1591,7,futex_do_wait
4924491980130225,3126035,qlever-server-d,S,2,15,172773462,72098625,2255,5,ep_poll
4924491980130225,3126838,qlever-server-d,S,0,0,680400,636630,26,7,futex_do_wait
4924491980130225,3126839,qlever-server-d,S,0,0,5927042,5878614,92,14,futex_do_wait
4924491980130225,3126840,qlever-server-d,R,69,6,760768119,17672606,1082,2,0
4924491980130225,3126841,qlever-server-d,S,8,0,95609361,20433239,320,0,futex_do_wait
4924491980130225,3126842,qlever-server-d,S,8,0,96747180,14609280,324,0,futex_do_wait
4924491980130225,3126843,qlever-server-d,R,109,4,1142201575,11107047,930,15,0
4924491980130225,3126844,qlever-server-d,R,117,3,1208939650,9700654,383,3,0
4924491980130225,0,__system__,-,1024793550,7867816282,0,0,0,-1,-
4924492000136115,3125313,qlever-server-d,S,925,1653,25796536701,16526421,786,9,futex_do_wait
4924492000136115,3125317,qlever-server-d,S,0,0,3099702,0,27,4,futex_do_wait
4924492000136115,3126029,qlever-server-d,R,1776,9,17861213012,14903547,201,12,0
4924492000136115,3126030,qlever-server-d,R,1779,9,17890818090,7455914,161,8,0
4924492000136115,3126031,qlever-server-d,S,0,0,19980,0,1,11,futex_do_wait
4924492000136115,3126032,qlever-server-d,S,0,0,127190,0,4,0,ep_poll
4924492000136115,3126033,qlever-server-d,S,0,0,522531,0,8,8,futex_do_wait
4924492000136115,3126034,qlever-server-d,S,4,33,383114684,47863234,1591,7,futex_do_wait
4924492000136115,3126035,qlever-server-d,S,2,15,172773462,72098625,2255,5,ep_poll
4924492000136115,3126838,qlever-server-d,S,0,0,680400,636630,26,7,futex_do_wait
4924492000136115,3126839,qlever-server-d,S,0,0,5984122,5878614,93,10,futex_do_wait
4924492000136115,3126840,qlever-server-d,R,70,6,770074985,17672606,1096,3,0
4924492000136115,3126841,qlever-server-d,S,8,0,96545972,20433239,325,2,futex_do_wait
4924492000136115,3126842,qlever-server-d,R,8,0,97920532,14675200,329,4,0
4924492000136115,3126843,qlever-server-d,R,111,4,1162202896,11107047,930,15,0
4924492000136115,3126844,qlever-server-d,R,119,3,1225621911,9700654,414,5,0
4924492000136115,0,__system__,-,1024793572,7867816315,0,0,0,-1,-
4924492020132285,3125313,qlever-server-d,S,925,1653,25796536701,16526421,786,9,futex_do_wait
4924492020132285,3125317,qlever-server-d,S,0,0,3099702,0,27,4,futex_do_wait
4924492020132285,3126029,qlever-server-d,R,1778,9,17881212513,14903547,201,12,0
4924492020132285,3126030,qlever-server-d,R,1781,9,17910817821,7455914,161,8,0
4924492020132285,3126031,qlever-server-d,S,0,0,19980,0,1,11,futex_do_wait
4924492020132285,3126032,qlever-server-d,S,0,0,127190,0,4,0,ep_poll
4924492020132285,3126033,qlever-server-d,S,0,0,522531,0,8,8,futex_do_wait
4924492020132285,3126034,qlever-server-d,S,4,33,383114684,47863234,1591,7,futex_do_wait
4924492020132285,3126035,qlever-server-d,S,2,15,172773462,72098625,2255,5,ep_poll
4924492020132285,3126838,qlever-server-d,S,0,0,680400,636630,26,7,futex_do_wait
4924492020132285,3126839,qlever-server-d,S,0,0,6293752,7427725,99,2,futex_do_wait
4924492020132285,3126840,qlever-server-d,R,72,6,789822366,17675436,1100,3,0
4924492020132285,3126841,qlever-server-d,S,9,0,101815833,20433239,338,7,futex_do_wait
4924492020132285,3126842,qlever-server-d,S,9,0,101263806,16127151,341,4,futex_do_wait
4924492020132285,3126843,qlever-server-d,S,113,4,1182021927,11107047,932,15,futex_do_wait
4924492020132285,3126844,qlever-server-d,R,120,3,1240818380,9700654,437,6,0
4924492020132285,0,__system__,-,1024793595,7867816347,0,0,0,-1,-
4924492040141944,3125313,qlever-server-d,S,925,1653,25796536701,16526421,786,9,futex_do_wait
4924492040141944,3125317,qlever-server-d,S,0,0,3099702,0,27,4,futex_do_wait
4924492040141944,3126029,qlever-server-d,R,1780,9,17901213164,14903547,201,12,0
4924492040141944,3126030,qlever-server-d,R,1783,9,17930818342,7455914,161,8,0
4924492040141944,3126031,qlever-server-d,S,0,0,19980,0,1,11,futex_do_wait
4924492040141944,3126032,qlever-server-d,S,0,0,127190,0,4,0,ep_poll
4924492040141944,3126033,qlever-server-d,S,0,0,522531,0,8,8,futex_do_wait
4924492040141944,3126034,qlever-server-d,S,4,33,383114684,47863234,1591,7,futex_do_wait
4924492040141944,3126035,qlever-server-d,S,2,15,172773462,72098625,2255,5,ep_poll
4924492040141944,3126838,qlever-server-d,S,0,0,701820,636630,27,7,futex_do_wait
4924492040141944,3126839,qlever-server-d,S,0,0,6417762,7816615,101,4,futex_do_wait
4924492040141944,3126840,qlever-server-d,R,73,6,804013973,19015318,1115,6,0
4924492040141944,3126841,qlever-server-d,S,9,0,103593804,20433239,344,4,futex_do_wait
4924492040141944,3126842,qlever-server-d,S,9,0,102650477,16599951,347,6,futex_do_wait
4924492040141944,3126843,qlever-server-d,R,115,4,1196858904,11107047,939,15,0
4924492040141944,3126844,qlever-server-d,R,122,3,1257019279,9700654,442,7,0
4924492040141944,0,__system__,-,1024793616,7867816379,0,0,0,-1,-
4924492060146504,3125313,qlever-server-d,S,925,1653,25796536701,16526421,786,9,futex_do_wait
4924492060146504,3125317,qlever-server-d,S,0,0,3099702,0,27,4,futex_do_wait
4924492060146504,3126029,qlever-server-d,R,1782,9,17921212336,14903547,201,12,0
4924492060146504,3126030,qlever-server-d,R,1785,9,17950817934,7455914,161,8,0
4924492060146504,3126031,qlever-server-d,S,0,0,19980,0,1,11,futex_do_wait
4924492060146504,3126032,qlever-server-d,S,0,0,127190,0,4,0,ep_poll
4924492060146504,3126033,qlever-server-d,S,0,0,522531,0,8,8,futex_do_wait
4924492060146504,3126034,qlever-server-d,S,4,33,383114684,47863234,1591,7,futex_do_wait
4924492060146504,3126035,qlever-server-d,S,2,15,172773462,72098625,2255,5,ep_poll
4924492060146504,3126838,qlever-server-d,S,0,0,701820,636630,27,7,futex_do_wait
4924492060146504,3126839,qlever-server-d,S,0,0,6494472,7816615,102,4,futex_do_wait
4924492060146504,3126840,qlever-server-d,S,74,6,812662578,19015318,1144,13,futex_do_wait
4924492060146504,3126841,qlever-server-d,S,9,0,104251305,21449349,347,0,futex_do_wait
4924492060146504,3126842,qlever-server-d,S,9,0,103691547,16599951,350,0,futex_do_wait
4924492060146504,3126843,qlever-server-d,R,117,4,1217859146,11107047,939,15,0
4924492060146504,3126844,qlever-server-d,R,124,3,1276996940,9717824,443,5,0
4924492060146504,0,__system__,-,1024793637,7867816410,0,0,0,-1,-
4924492080127864,3125313,qlever-server-d,S,925,1653,25796536701,16526421,786,9,futex_do_wait
4924492080127864,3125317,qlever-server-d,S,0,0,3099702,0,27,4,futex_do_wait
4924492080127864,3126029,qlever-server-d,R,1784,9,17941214557,14903547,201,12,0
4924492080127864,3126030,qlever-server-d,R,1787,9,17970819815,7455914,161,8,0
4924492080127864,3126031,qlever-server-d,S,0,0,19980,0,1,11,futex_do_wait
4924492080127864,3126032,qlever-server-d,S,0,0,127190,0,4,0,ep_poll
4924492080127864,3126033,qlever-server-d,S,0,0,522531,0,8,8,futex_do_wait
4924492080127864,3126034,qlever-server-d,S,4,33,383114684,47863234,1591,7,futex_do_wait
4924492080127864,3126035,qlever-server-d,S,2,15,172773462,72098625,2255,5,ep_poll
4924492080127864,3126838,qlever-server-d,S,0,0,718490,636630,28,7,futex_do_wait
4924492080127864,3126839,qlever-server-d,S,0,0,6494472,7816615,102,4,futex_do_wait
4924492080127864,3126840,qlever-server-d,S,74,6,818156293,19024328,1164,6,futex_do_wait
4924492080127864,3126841,qlever-server-d,S,9,0,104702606,21449349,348,4,futex_do_wait
4924492080127864,3126842,qlever-server-d,S,9,0,103715267,16599951,351,13,futex_do_wait
4924492080127864,3126843,qlever-server-d,S,118,4,1231154783,11193087,967,5,futex_do_wait
4924492080127864,3126844,qlever-server-d,R,126,3,1296940601,9729004,447,2,0
4924492080127864,0,__system__,-,1024793658,7867816443,0,0,0,-1,-
4924492101084167,3125313,qlever-server-d,S,925,1653,25796536701,16526421,786,9,futex_do_wait
4924492101084167,3125317,qlever-server-d,S,0,0,3099702,0,27,4,futex_do_wait
4924492101084167,3126029,qlever-server-d,R,1786,9,17962225878,14923627,202,12,0
4924492101084167,3126030,qlever-server-d,R,1789,9,17991819516,7455914,161,8,0
4924492101084167,3126031,qlever-server-d,S,0,0,19980,0,1,11,futex_do_wait
4924492101084167,3126032,qlever-server-d,S,0,0,127190,0,4,0,ep_poll
4924492101084167,3126033,qlever-server-d,S,0,0,522531,0,8,8,futex_do_wait
4924492101084167,3126034,qlever-server-d,S,4,33,383114684,47863234,1591,7,futex_do_wait
4924492101084167,3126035,qlever-server-d,S,2,15,172773462,72098625,2255,5,ep_poll
4924492101084167,3126838,qlever-server-d,S,0,0,718490,636630,28,7,futex_do_wait
4924492101084167,3126839,qlever-server-d,S,0,0,6555602,7816615,103,14,futex_do_wait
4924492101084167,3126840,qlever-server-d,R,75,7,825534105,19038938,1185,13,futex_do_wait
4924492101084167,3126841,qlever-server-d,S,9,0,104729166,21449349,349,4,futex_do_wait
4924492101084167,3126842,qlever-server-d,S,9,0,104282277,16605991,352,15,futex_do_wait
4924492101084167,3126843,qlever-server-d,S,120,4,1248125781,12969288,992,9,futex_do_wait
4924492101084167,3126844,qlever-server-d,R,127,3,1315328911,11300375,449,4,0
4924492101084167,0,__system__,-,1024793681,7867816476,0,0,0,-1,-
4924492120136833,3125313,qlever-server-d,S,925,1653,25796536701,16526421,786,9,futex_do_wait
4924492120136833,3125317,qlever-server-d,S,0,0,3099702,0,27,4,futex_do_wait
4924492120136833,3126029,qlever-server-d,R,1788,9,17981197519,14923627,202,12,0
4924492120136833,3126030,qlever-server-d,R,1791,9,18010818917,7455914,161,8,0
4924492120136833,3126031,qlever-server-d,S,0,0,19980,0,1,11,futex_do_wait
4924492120136833,3126032,qlever-server-d,S,0,0,127190,0,4,0,ep_poll
4924492120136833,3126033,qlever-server-d,S,0,0,522531,0,8,8,futex_do_wait
4924492120136833,3126034,qlever-server-d,S,4,33,383114684,47863234,1591,7,futex_do_wait
4924492120136833,3126035,qlever-server-d,S,2,15,172773462,72098625,2255,5,ep_poll
4924492120136833,3126838,qlever-server-d,S,0,0,718490,636630,28,7,futex_do_wait
4924492120136833,3126839,qlever-server-d,S,0,0,6555602,7816615,103,14,futex_do_wait
4924492120136833,3126840,qlever-server-d,R,76,7,834353399,19038938,1202,13,0
4924492120136833,3126841,qlever-server-d,S,9,0,105925397,21462549,354,15,futex_do_wait
4924492120136833,3126842,qlever-server-d,R,9,0,104774767,16605991,356,6,0
4924492120136833,3126843,qlever-server-d,R,121,4,1265533711,12978978,995,9,0
4924492120136833,3126844,qlever-server-d,R,129,3,1330609178,12426116,478,7,0
4924492120136833,0,__system__,-,1024793701,7867816505,0,0,0,-1,-
4924492140133023,3125313,qlever-server-d,S,925,1653,25796536701,16526421,786,9,futex_do_wait
4924492140133023,3125317,qlever-server-d,S,0,0,3099702,0,27,4,futex_do_wait
4924492140133023,3126029,qlever-server-d,R,1790,9,18001196570,14923627,202,12,0
4924492140133023,3126030,qlever-server-d,R,1793,9,18030819058,7455914,161,8,0
4924492140133023,3126031,qlever-server-d,S,0,0,19980,0,1,11,futex_do_wait
4924492140133023,3126032,qlever-server-d,S,0,0,127190,0,4,0,ep_poll
4924492140133023,3126033,qlever-server-d,S,0,0,522531,0,8,8,futex_do_wait
4924492140133023,3126034,qlever-server-d,S,4,33,383114684,47863234,1591,7,futex_do_wait
4924492140133023,3126035,qlever-server-d,S,2,15,172773462,72098625,2255,5,ep_poll
4924492140133023,3126838,qlever-server-d,S,0,0,735360,636630,29,4,futex_do_wait
4924492140133023,3126839,qlever-server-d,S,0,0,6732472,7816615,106,4,futex_do_wait
4924492140133023,3126840,qlever-server-d,R,77,7,849600608,19038938,1214,13,0
4924492140133023,3126841,qlever-server-d,S,10,0,108404508,21462549,361,15,futex_do_wait
4924492140133023,3126842,qlever-server-d,S,9,0,106706177,16605991,363,4,futex_do_wait
4924492140133023,3126843,qlever-server-d,R,123,4,1285533262,12978978,995,9,0
4924492140133023,3126844,qlever-server-d,R,130,3,1346045036,12442526,513,7,0
4924492140133023,0,__system__,-,1024793724,7867816538,0,0,0,-1,-
4924492160142363,3125313,qlever-server-d,S,925,1653,25796536701,16526421,786,9,futex_do_wait
4924492160142363,3125317,qlever-server-d,S,0,0,3099702,0,27,4,futex_do_wait
4924492160142363,3126029,qlever-server-d,R,1792,9,18021198131,14923627,202,12,0
4924492160142363,3126030,qlever-server-d,R,1795,9,18050819379,7455914,161,8,0
4924492160142363,3126031,qlever-server-d,S,0,0,19980,0,1,11,futex_do_wait
4924492160142363,3126032,qlever-server-d,S,0,0,127190,0,4,0,ep_poll
4924492160142363,3126033,qlever-server-d,S,0,0,522531,0,8,8,futex_do_wait
4924492160142363,3126034,qlever-server-d,S,4,33,383114684,47863234,1591,7,futex_do_wait
4924492160142363,3126035,qlever-server-d,S,2,15,172773462,72098625,2255,5,ep_poll
4924492160142363,3126838,qlever-server-d,S,0,0,735360,636630,29,4,futex_do_wait
4924492160142363,3126839,qlever-server-d,S,0,0,6857632,7858305,108,4,futex_do_wait
4924492160142363,3126840,qlever-server-d,R,79,7,869253079,19038938,1220,13,0
4924492160142363,3126841,qlever-server-d,S,10,0,110452949,21462549,370,14,futex_do_wait
4924492160142363,3126842,qlever-server-d,S,9,0,109366538,16605991,372,4,futex_do_wait
4924492160142363,3126843,qlever-server-d,R,125,4,1302332900,13433269,1016,6,0
4924492160142363,3126844,qlever-server-d,R,132,4,1364391047,13428766,521,9,0
4924492160142363,0,__system__,-,1024793749,7867816571,0,0,0,-1,-
4924492180137943,3125313,qlever-server-d,S,925,1653,25796536701,16526421,786,9,futex_do_wait
4924492180137943,3125317,qlever-server-d,S,0,0,3099702,0,27,4,futex_do_wait
4924492180137943,3126029,qlever-server-d,R,1794,9,18041195812,14923627,202,12,0
4924492180137943,3126030,qlever-server-d,R,1797,9,18070797880,7477064,162,8,0
4924492180137943,3126031,qlever-server-d,S,0,0,19980,0,1,11,futex_do_wait
4924492180137943,3126032,qlever-server-d,S,0,0,127190,0,4,0,ep_poll
4924492180137943,3126033,qlever-server-d,S,0,0,522531,0,8,8,futex_do_wait
4924492180137943,3126034,qlever-server-d,S,4,33,383114684,47863234,1591,7,futex_do_wait
4924492180137943,3126035,qlever-server-d,S,2,15,172773462,72098625,2255,5,ep_poll
4924492180137943,3126838,qlever-server-d,S,0,0,773710,636630,30,4,futex_do_wait
4924492180137943,3126839,qlever-server-d,S,0,0,6998592,8512076,111,6,futex_do_wait
4924492180137943,3126840,qlever-server-d,R,80,7,883316718,19040678,1234,13,0
4924492180137943,3126841,qlever-server-d,S,10,0,112242290,21462549,377,6,futex_do_wait
4924492180137943,3126842,qlever-server-d,S,10,0,110787909,16656401,379,4,futex_do_wait
4924492180137943,3126843,qlever-server-d,R,126,4,1315865066,13447119,1046,11,0
4924492180137943,3126844,qlever-server-d,R,134,4,1383390727,13428766,521,9,0
4924492180137943,0,__system__,-,1024793770,7867816600,0,0,0,-1,-
4924492200138983,3125313,qlever-server-d,S,925,1653,25796536701,16526421,786,9,futex_do_wait
4924492200138983,3125317,qlever-server-d,S,0,0,3099702,0,27,4,futex_do_wait
4924492200138983,3126029,qlever-server-d,R,1796,9,18061197343,14923627,202,12,0
4924492200138983,3126030,qlever-server-d,R,1799,9,18090798541,7477064,162,8,0
4924492200138983,3126031,qlever-server-d,S,0,0,19980,0,1,11,futex_do_wait
4924492200138983,3126032,qlever-server-d,S,0,0,127190,0,4,0,ep_poll
4924492200138983,3126033,qlever-server-d,S,0,0,522531,0,8,8,futex_do_wait
4924492200138983,3126034,qlever-server-d,S,4,33,383114684,47863234,1591,7,futex_do_wait
4924492200138983,3126035,qlever-server-d,S,2,15,172773462,72098625,2255,5,ep_poll
4924492200138983,3126838,qlever-server-d,S,0,0,773710,636630,30,4,futex_do_wait
4924492200138983,3126839,qlever-server-d,S,0,0,7123792,8517776,113,13,futex_do_wait
4924492200138983,3126840,qlever-server-d,R,81,7,898668557,19101448,1248,13,0
4924492200138983,3126841,qlever-server-d,S,10,0,113651031,22765579,383,15,futex_do_wait
4924492200138983,3126842,qlever-server-d,S,10,0,112227529,18578762,385,7,futex_do_wait
4924492200138983,3126843,qlever-server-d,R,128,4,1332538996,13447119,1077,11,0
4924492200138983,3126844,qlever-server-d,R,136,4,1403390938,13428766,521,9,0
4924492200138983,0,__system__,-,1024793795,7867816633,0,0,0,-1,-
4924492220744968,3125313,qlever-server-d,S,925,1653,25796536701,16526421,786,9,futex_do_wait
4924492220744968,3125317,qlever-server-d,S,0,0,3099702,0,27,4,futex_do_wait
4924492220744968,3126029,qlever-server-d,R,1798,9,18081200064,14923627,202,12,0
4924492220744968,3126030,qlever-server-d,R,1801,9,18111798233,7477064,162,8,0
4924492220744968,3126031,qlever-server-d,S,0,0,19980,0,1,11,futex_do_wait
4924492220744968,3126032,qlever-server-d,S,0,0,127190,0,4,0,ep_poll
4924492220744968,3126033,qlever-server-d,S,0,0,522531,0,8,8,futex_do_wait
4924492220744968,3126034,qlever-server-d,S,4,33,383114684,47863234,1591,7,futex_do_wait
4924492220744968,3126035,qlever-server-d,S,2,15,172773462,72098625,2255,5,ep_poll
4924492220744968,3126838,qlever-server-d,S,0,0,773710,636630,30,4,futex_do_wait
4924492220744968,3126839,qlever-server-d,S,0,0,7301562,8555416,116,6,futex_do_wait
4924492220744968,3126840,qlever-server-d,R,83,8,912528286,21001678,1259,15,0
4924492220744968,3126841,qlever-server-d,S,10,0,115136411,27141843,390,4,futex_do_wait
4924492220744968,3126842,qlever-server-d,S,10,0,114144142,19653832,391,4,futex_do_wait
4924492220744968,3126843,qlever-server-d,R,129,5,1351082165,13455449,1098,3,0
4924492220744968,3126844,qlever-server-d,R,138,4,1424391760,13428766,521,9,0
4924492220744968,0,__system__,-,1024793820,7867816665,0,0,0,-1,-
4924492240142772,3125313,qlever-server-d,S,925,1653,25796536701,16526421,786,9,futex_do_wait
4924492240142772,3125317,qlever-server-d,S,0,0,3099702,0,27,4,futex_do_wait
4924492240142772,3126029,qlever-server-d,R,1800,9,18101198676,14923627,202,12,0
4924492240142772,3126030,qlever-server-d,R,1803,9,18130797374,7477064,162,8,0
4924492240142772,3126031,qlever-server-d,S,0,0,19980,0,1,11,futex_do_wait
4924492240142772,3126032,qlever-server-d,S,0,0,127190,0,4,0,ep_poll
4924492240142772,3126033,qlever-server-d,S,0,0,522531,0,8,8,futex_do_wait
4924492240142772,3126034,qlever-server-d,S,4,33,383114684,47863234,1591,7,futex_do_wait
4924492240142772,3126035,qlever-server-d,S,2,15,172773462,72098625,2255,5,ep_poll
4924492240142772,3126838,qlever-server-d,S,0,0,801240,1577380,31,13,futex_do_wait
4924492240142772,3126839,qlever-server-d,S,0,0,7508372,8723926,119,7,futex_do_wait
4924492240142772,3126840,qlever-server-d,R,84,8,929615206,22821479,1265,15,0
4924492240142772,3126843,qlever-server-d,R,131,5,1365798974,13455449,1111,11,0
4924492240142772,3126844,qlever-server-d,R,139,4,1441127609,13428766,528,9,0
4924492240142772,0,__system__,-,1024793842,7867816695,0,0,0,-1,-
4924492260149382,3125313,qlever-server-d,S,925,1653,25796536701,16526421,786,9,futex_do_wait
4924492260149382,3125317,qlever-server-d,S,0,0,3099702,0,27,4,futex_do_wait
4924492260149382,3126029,qlever-server-d,R,1802,9,18121200737,14923627,202,12,0
4924492260149382,3126030,qlever-server-d,R,1805,9,18151051885,7477064,162,8,0
4924492260149382,3126031,qlever-server-d,S,0,0,19980,0,1,11,futex_do_wait
4924492260149382,3126032,qlever-server-d,S,0,0,127190,0,4,0,ep_poll
4924492260149382,3126033,qlever-server-d,S,0,0,522531,0,8,8,futex_do_wait
4924492260149382,3126034,qlever-server-d,S,4,33,383114684,47863234,1591,7,futex_do_wait
4924492260149382,3126035,qlever-server-d,S,2,15,172773462,72098625,2255,5,ep_poll
4924492260149382,3126838,qlever-server-d,S,0,0,801240,1577380,31,13,futex_do_wait
4924492260149382,3126839,qlever-server-d,S,0,0,7707772,8723926,122,7,futex_do_wait
4924492260149382,3126840,qlever-server-d,R,86,8,949419407,22821479,1268,15,0
4924492260149382,3126843,qlever-server-d,R,133,5,1385174695,13466909,1120,9,0
4924492260149382,3126844,qlever-server-d,R,141,4,1460262720,13428766,534,2,0
4924492260149382,0,__system__,-,1024793865,7867816727,0,0,0,-1,-
4924492280134232,3125313,qlever-server-d,S,925,1653,25796536701,16526421,786,9,futex_do_wait
4924492280134232,3125317,qlever-server-d,S,0,0,3099702,0,27,4,futex_do_wait
4924492280134232,3126029,qlever-server-d,R,1804,9,18141197248,14923627,202,12,0
4924492280134232,3126030,qlever-server-d,R,1807,9,18170798366,7477064,162,8,0
4924492280134232,3126031,qlever-server-d,S,0,0,19980,0,1,11,futex_do_wait
4924492280134232,3126032,qlever-server-d,S,0,0,127190,0,4,0,ep_poll
4924492280134232,3126033,qlever-server-d,S,0,0,522531,0,8,8,futex_do_wait
4924492280134232,3126034,qlever-server-d,R,4,34,395072631,48018884,1604,15,0
4924492280134232,3126035,qlever-server-d,R,2,15,173618754,75329007,2313,15,0
4924492280134232,3126838,qlever-server-d,S,0,0,838300,4489472,32,13,futex_do_wait
4924492280134232,3126839,qlever-server-d,R,1,0,20283639,8749696,127,6,0
4924492280134232,0,__system__,-,1024793886,7867816759,0,0,0,-1,-
4924492300146411,3125313,qlever-server-d,S,925,1653,25796536701,16526421,786,9,futex_do_wait
4924492300146411,3125317,qlever-server-d,S,0,0,3099702,0,27,4,futex_do_wait
4924492300146411,3126029,qlever-server-d,R,1806,9,18161195379,14923627,202,12,0
4924492300146411,3126030,qlever-server-d,R,1809,9,18190798817,7477064,162,8,0
4924492300146411,3126031,qlever-server-d,S,0,0,19980,0,1,11,futex_do_wait
4924492300146411,3126032,qlever-server-d,S,0,0,127190,0,4,0,ep_poll
4924492300146411,3126033,qlever-server-d,S,0,0,522531,0,8,8,futex_do_wait
4924492300146411,3126034,qlever-server-d,S,4,34,398046582,53174527,1665,13,futex_do_wait
4924492300146411,3126035,qlever-server-d,S,2,16,188383132,75962068,2325,4,ep_poll
4924492300146411,3126838,qlever-server-d,S,0,0,838300,4489472,32,13,futex_do_wait
4924492300146411,3126839,qlever-server-d,R,2,1,40284030,8749696,127,6,0
4924492300146411,0,__system__,-,1024793906,7867816790,0,0,0,-1,-
4924492320121881,3125313,qlever-server-d,S,925,1653,25796536701,16526421,786,9,futex_do_wait
4924492320121881,3125317,qlever-server-d,S,0,0,3099702,0,27,4,futex_do_wait
4924492320121881,3126029,qlever-server-d,R,1808,9,18181194480,14923627,202,12,0
4924492320121881,3126030,qlever-server-d,R,1811,9,18210958198,7477064,162,8,0
4924492320121881,3126031,qlever-server-d,S,0,0,19980,0,1,11,futex_do_wait
4924492320121881,3126032,qlever-server-d,S,0,0,127190,0,4,0,ep_poll
4924492320121881,3126033,qlever-server-d,S,0,0,522531,0,8,8,futex_do_wait
4924492320121881,3126034,qlever-server-d,S,4,34,398462682,53174527,1666,13,futex_do_wait
4924492320121881,3126035,qlever-server-d,S,2,16,188436582,75962068,2328,4,ep_poll
4924492320121881,3126838,qlever-server-d,S,0,0,838300,4489472,32,13,futex_do_wait
4924492320121881,3126839,qlever-server-d,R,4,1,60134321,8891156,129,10,0
4924492320121881,0,__system__,-,1024793926,7867816823,0,0,0,-1,-
4924492340138001,3125313,qlever-server-d,S,925,1653,25796536701,16526421,786,9,futex_do_wait
4924492340138001,3125317,qlever-server-d,S,0,0,3099702,0,27,4,futex_do_wait
4924492340138001,3126029,qlever-server-d,R,1810,9,18201197301,14923627,202,12,0
4924492340138001,3126030,qlever-server-d,R,1813,9,18230800779,7477064,162,8,0
4924492340138001,3126031,qlever-server-d,S,0,0,19980,0,1,11,futex_do_wait
4924492340138001,3126032,qlever-server-d,S,0,0,127190,0,4,0,ep_poll
4924492340138001,3126033,qlever-server-d,S,0,0,522531,0,8,8,futex_do_wait
4924492340138001,3126034,qlever-server-d,S,4,34,399121522,53174527,1667,13,futex_do_wait
4924492340138001,3126035,qlever-server-d,S,2,16,188490722,75962068,2331,14,ep_poll
4924492340138001,3126838,qlever-server-d,S,0,0,878820,4489472,33,13,futex_do_wait
4924492340138001,3126839,qlever-server-d,R,6,1,80135732,8891156,129,10,0
4924492340138001,0,__system__,-,1024793943,7867816853,0,0,0,-1,-
4924492360148290,3125313,qlever-server-d,S,925,1653,25796536701,16526421,786,9,futex_do_wait
4924492360148290,3125317,qlever-server-d,S,0,0,3099702,0,27,4,futex_do_wait
4924492360148290,3126029,qlever-server-d,R,1812,9,18221196542,14923627,202,12,0
4924492360148290,3126030,qlever-server-d,R,1815,9,18250781040,7498834,163,8,0
4924492360148290,3126031,qlever-server-d,S,0,0,19980,0,1,11,futex_do_wait
4924492360148290,3126032,qlever-server-d,S,0,0,127190,0,4,0,ep_poll
4924492360148290,3126033,qlever-server-d,S,0,0,522531,0,8,8,futex_do_wait
4924492360148290,3126034,qlever-server-d,S,4,35,399728623,53174527,1668,13,futex_do_wait
4924492360148290,3126035,qlever-server-d,S,2,16,188557312,76063958,2334,5,ep_poll
4924492360148290,3126838,qlever-server-d,S,0,0,878820,4489472,33,13,futex_do_wait
4924492360148290,3126839,qlever-server-d,R,8,1,100137183,8891156,129,10,0
4924492360148290,0,__system__,-,1024793964,7867816885,0,0,0,-1,-
4924492380127190,3125313,qlever-server-d,S,925,1653,25796536701,16526421,786,9,futex_do_wait
4924492380127190,3125317,qlever-server-d,S,0,0,3099702,0,27,4,futex_do_wait
4924492380127190,3126029,qlever-server-d,R,1814,9,18241196873,14923627,202,12,0
4924492380127190,3126030,qlever-server-d,R,1817,9,18270778251,7498834,163,8,0
4924492380127190,3126031,qlever-server-d,S,0,0,19980,0,1,11,futex_do_wait
4924492380127190,3126032,qlever-server-d,S,0,0,127190,0,4,0,ep_poll
4924492380127190,3126033,qlever-server-d,S,0,0,522531,0,8,8,futex_do_wait
4924492380127190,3126034,qlever-server-d,S,4,35,400321503,53174527,1669,13,futex_do_wait
4924492380127190,3126035,qlever-server-d,S,2,16,188605842,76063958,2337,5,ep_poll
4924492380127190,3126838,qlever-server-d,S,0,0,906680,4489472,34,13,futex_do_wait
4924492380127190,3126839,qlever-server-d,R,10,1,120135954,8891156,129,10,0
4924492380127190,0,__system__,-,1024793983,7867816918,0,0,0,-1,-
4924492400131630,3125313,qlever-server-d,S,925,1653,25796536701,16526421,786,9,futex_do_wait
4924492400131630,3125317,qlever-server-d,S,0,0,3099702,0,27,4,futex_do_wait
4924492400131630,3126029,qlever-server-d,R,1816,9,18261197874,14923627,202,12,0
4924492400131630,3126030,qlever-server-d,R,1819,9,18290778262,7498834,163,8,0
4924492400131630,3126031,qlever-server-d,S,0,0,19980,0,1,11,futex_do_wait
4924492400131630,3126032,qlever-server-d,S,0,0,127190,0,4,0,ep_poll
4924492400131630,3126033,qlever-server-d,S,0,0,522531,0,8,8,futex_do_wait
4924492400131630,3126034,qlever-server-d,S,4,35,400775643,53174527,1670,11,futex_do_wait
4924492400131630,3126035,qlever-server-d,S,2,16,188666462,76063958,2340,5,ep_poll
4924492400131630,3126838,qlever-server-d,S,0,0,906680,4489472,34,13,futex_do_wait
4924492400131630,3126839,qlever-server-d,R,12,1,140135005,8891156,129,10,0
4924492400131630,0,__system__,-,1024794000,7867816948,0,0,0,-1,-
4924492420141280,3125313,qlever-server-d,S,925,1653,25796536701,16526421,786,9,futex_do_wait
4924492420141280,3125317,qlever-server-d,S,0,0,3099702,0,27,4,futex_do_wait
4924492420141280,3126029,qlever-server-d,R,1818,9,18281197206,14923627,202,12,0
4924492420141280,3126030,qlever-server-d,R,1821,9,18310779364,7498834,163,8,0
4924492420141280,3126031,qlever-server-d,S,0,0,19980,0,1,11,futex_do_wait
4924492420141280,3126032,qlever-server-d,S,0,0,127190,0,4,0,ep_poll
4924492420141280,3126033,qlever-server-d,S,0,0,522531,0,8,8,futex_do_wait
4924492420141280,3126034,qlever-server-d,S,4,35,401948274,53174527,1672,3,futex_do_wait
4924492420141280,3126035,qlever-server-d,S,2,16,188764912,76137378,2346,2,ep_poll
4924492420141280,3126838,qlever-server-d,S,0,0,906680,4489472,34,13,futex_do_wait
4924492420141280,3126839,qlever-server-d,R,14,1,160135397,8891156,129,10,0
4924492420141280,0,__system__,-,1024794019,7867816980,0,0,0,-1,-
4924492440149129,3125313,qlever-server-d,S,925,1653,25796536701,16526421,786,9,futex_do_wait
4924492440149129,3125317,qlever-server-d,S,0,0,3099702,0,27,4,futex_do_wait
4924492440149129,3126029,qlever-server-d,R,1820,9,18301197437,14923627,202,12,0
4924492440149129,3126030,qlever-server-d,R,1823,9,18330778455,7498834,163,8,0
4924492440149129,3126031,qlever-server-d,S,0,0,19980,0,1,11,futex_do_wait
4924492440149129,3126032,qlever-server-d,S,0,0,127190,0,4,0,ep_poll
4924492440149129,3126033,qlever-server-d,S,0,0,522531,0,8,8,futex_do_wait
4924492440149129,3126034,qlever-server-d,S,4,35,402559764,53174527,1673,11,futex_do_wait
4924492440149129,3126035,qlever-server-d,S,2,16,188805772,76142328,2349,2,ep_poll
4924492440149129,3126838,qlever-server-d,S,0,0,941160,4489472,35,14,futex_do_wait
4924492440149129,3126839,qlever-server-d,R,16,1,180136328,8891156,129,10,0
4924492440149129,0,__system__,-,1024794037,7867817011,0,0,0,-1,-
4924492460137719,3125313,qlever-server-d,S,925,1653,25796536701,16526421,786,9,futex_do_wait
4924492460137719,3125317,qlever-server-d,S,0,0,3099702,0,27,4,futex_do_wait
4924492460137719,3126029,qlever-server-d,R,1822,9,18321197378,14923627,202,12,0
4924492460137719,3126030,qlever-server-d,R,1825,9,18350780266,7498834,163,8,0
4924492460137719,3126031,qlever-server-d,S,0,0,19980,0,1,11,futex_do_wait
4924492460137719,3126032,qlever-server-d,S,0,0,127190,0,4,0,ep_poll
4924492460137719,3126033,qlever-server-d,S,0,0,522531,0,8,8,futex_do_wait
4924492460137719,3126034,qlever-server-d,S,4,35,403022794,53174527,1674,11,futex_do_wait
4924492460137719,3126035,qlever-server-d,S,2,16,188862172,76142328,2352,3,ep_poll
4924492460137719,3126838,qlever-server-d,S,0,0,941160,4489472,35,14,futex_do_wait
4924492460137719,3126839,qlever-server-d,R,18,1,200135909,8891156,129,10,0
4924492460137719,0,__system__,-,1024794055,7867817043,0,0,0,-1,-
4924492480140289,3125313,qlever-server-d,S,925,1653,25796536701,16526421,786,9,futex_do_wait
4924492480140289,3125317,qlever-server-d,S,0,0,3099702,0,27,4,futex_do_wait
4924492480140289,3126029,qlever-server-d,R,1824,9,18341200599,14923627,202,12,0
4924492480140289,3126030,qlever-server-d,R,1827,9,18370778277,7498834,163,8,0
4924492480140289,3126031,qlever-server-d,S,0,0,19980,0,1,11,futex_do_wait
4924492480140289,3126032,qlever-server-d,S,0,0,127190,0,4,0,ep_poll
4924492480140289,3126033,qlever-server-d,S,0,0,522531,0,8,8,futex_do_wait
4924492480140289,3126034,qlever-server-d,S,4,35,403565905,53174527,1675,3,futex_do_wait
4924492480140289,3126035,qlever-server-d,S,2,16,188928832,76142328,2355,9,ep_poll
4924492480140289,3126838,qlever-server-d,S,0,0,974470,4489472,36,13,futex_do_wait
4924492480140289,3126839,qlever-server-d,R,20,1,220113260,8907086,130,1,0
4924492480140289,0,__system__,-,1024794076,7867817075,0,0,0,-1,-
4924492500131849,3125313,qlever-server-d,S,925,1653,25796536701,16526421,786,9,futex_do_wait
4924492500131849,3125317,qlever-server-d,S,0,0,3099702,0,27,4,futex_do_wait
4924492500131849,3126029,qlever-server-d,R,1826,9,18361199040,14923627,202,12,0
4924492500131849,3126030,qlever-server-d,R,1829,9,18390778958,7498834,163,8,0
4924492500131849,3126031,qlever-server-d,S,0,0,19980,0,1,11,futex_do_wait
4924492500131849,3126032,qlever-server-d,S,0,0,127190,0,4,0,ep_poll
4924492500131849,3126033,qlever-server-d,S,0,0,522531,0,8,8,futex_do_wait
4924492500131849,3126034,qlever-server-d,S,5,35,404132165,53174527,1676,3,futex_do_wait
4924492500131849,3126035,qlever-server-d,S,2,16,188951292,76465238,2356,9,ep_poll
4924492500131849,3126838,qlever-server-d,S,0,0,974470,4489472,36,13,futex_do_wait
4924492500131849,3126839,qlever-server-d,R,22,1,240113811,8907086,130,1,0
4924492500131849,0,__system__,-,1024794096,7867817108,0,0,0,-1,-
4924492520129209,3125313,qlever-server-d,S,925,1653,25796536701,16526421,786,9,futex_do_wait
4924492520129209,3125317,qlever-server-d,S,0,0,3099702,0,27,4,futex_do_wait
4924492520129209,3126029,qlever-server-d,R,1828,9,18381197531,14923627,202,12,0
4924492520129209,3126030,qlever-server-d,R,1831,9,18410780599,7498834,163,8,0
4924492520129209,3126031,qlever-server-d,S,0,0,19980,0,1,11,futex_do_wait
4924492520129209,3126032,qlever-server-d,S,0,0,127190,0,4,0,ep_poll
4924492520129209,3126033,qlever-server-d,S,0,0,522531,0,8,8,futex_do_wait
4924492520129209,3126034,qlever-server-d,S,5,35,404676755,53174527,1677,3,futex_do_wait
4924492520129209,3126035,qlever-server-d,S,2,16,188987182,76588968,2358,3,ep_poll
4924492520129209,3126838,qlever-server-d,S,0,0,974470,4489472,36,13,futex_do_wait
4924492520129209,3126839,qlever-server-d,R,24,1,260115852,8907086,130,1,0
4924492520129209,0,__system__,-,1024794115,7867817140,0,0,0,-1,-
4924492540126418,3125313,qlever-server-d,S,925,1653,25796536701,16526421,786,9,futex_do_wait
4924492540126418,3125317,qlever-server-d,S,0,0,3234812,0,28,4,futex_do_wait
4924492540126418,3126029,qlever-server-d,R,1830,9,18401197852,14923627,202,12,0
4924492540126418,3126030,qlever-server-d,R,1833,9,18430780880,7498834,163,8,0
4924492540126418,3126031,qlever-server-d,S,0,0,19980,0,1,11,futex_do_wait
4924492540126418,3126032,qlever-server-d,S,0,0,127190,0,4,0,ep_poll
4924492540126418,3126033,qlever-server-d,S,0,0,522531,0,8,8,futex_do_wait
4924492540126418,3126034,qlever-server-d,S,5,35,404938925,53968608,1682,3,ep_poll
4924492540126418,3126035,qlever-server-d,S,2,16,189330663,76598738,2362,3,futex_do_wait
4924492540126418,3126838,qlever-server-d,S,0,0,1005150,4489472,37,14,futex_do_wait
4924492540126418,3126839,qlever-server-d,R,26,1,280114373,8907086,130,1,0
4924492540126418,0,__system__,-,1024794133,7867817172,0,0,0,-1,-
4924492560113658,3125313,qlever-server-d,S,925,1653,25796536701,16526421,786,9,futex_do_wait
4924492560113658,3125317,qlever-server-d,S,0,0,3234812,0,28,4,futex_do_wait
4924492560113658,3126029,qlever-server-d,R,1832,9,18421196843,14923627,202,12,0
4924492560113658,3126030,qlever-server-d,R,1835,9,18450780401,7498834,163,8,0
4924492560113658,3126031,qlever-server-d,S,0,0,19980,0,1,11,futex_do_wait
4924492560113658,3126032,qlever-server-d,S,0,0,127190,0,4,0,ep_poll
4924492560113658,3126033,qlever-server-d,S,0,0,522531,0,8,8,futex_do_wait
4924492560113658,3126034,qlever-server-d,S,5,35,404995095,54113898,1685,9,ep_poll
4924492560113658,3126035,qlever-server-d,S,2,16,189849633,76621428,2364,9,futex_do_wait
4924492560113658,3126838,qlever-server-d,S,0,0,1005150,4489472,37,14,futex_do_wait
4924492560113658,3126839,qlever-server-d,R,28,1,300114534,8907086,130,1,0
4924492560113658,0,__system__,-,1024794150,7867817202,0,0,0,-1,-
4924492580132218,3125313,qlever-server-d,S,925,1653,25796536701,16526421,786,9,futex_do_wait
4924492580132218,3125317,qlever-server-d,S,0,0,3234812,0,28,4,futex_do_wait
4924492580132218,3126029,qlever-server-d,R,1834,9,18441198864,14923627,202,12,0
4924492580132218,3126030,qlever-server-d,R,1837,9,18470779232,7498834,163,8,0
4924492580132218,3126031,qlever-server-d,S,0,0,19980,0,1,11,futex_do_wait
4924492580132218,3126032,qlever-server-d,S,0,0,127190,0,4,0,ep_poll
4924492580132218,3126033,qlever-server-d,S,0,0,522531,0,8,8,futex_do_wait
4924492580132218,3126034,qlever-server-d,S,5,35,405060565,54455108,1689,3,ep_poll
4924492580132218,3126035,qlever-server-d,S,2,17,191122544,76621428,2366,3,futex_do_wait
4924492580132218,3126838,qlever-server-d,S,0,0,1037100,4489472,38,14,futex_do_wait
4924492580132218,3126839,qlever-server-d,R,30,1,320056745,8955036,133,5,0
4924492580132218,0,__system__,-,1024794168,7867817234,0,0,0,-1,-
4924492600140608,3125313,qlever-server-d,S,925,1653,25796536701,16526421,786,9,futex_do_wait
4924492600140608,3125317,qlever-server-d,S,0,0,3234812,0,28,4,futex_do_wait
4924492600140608,3126029,qlever-server-d,R,1836,9,18461173686,14948197,203,12,0
4924492600140608,3126030,qlever-server-d,R,1839,9,18490759914,7518514,164,8,0
4924492600140608,3126031,qlever-server-d,S,0,0,19980,0,1,11,futex_do_wait
4924492600140608,3126032,qlever-server-d,S,0,0,127190,0,4,0,ep_poll
4924492600140608,3126033,qlever-server-d,S,0,0,522531,0,8,8,futex_do_wait
4924492600140608,3126034,qlever-server-d,S,5,35,405115685,54455108,1692,1,ep_poll
4924492600140608,3126035,qlever-server-d,S,2,17,191781155,76621428,2367,3,futex_do_wait
4924492600140608,3126838,qlever-server-d,S,0,0,1037100,4489472,38,14,futex_do_wait
4924492600140608,3126839,qlever-server-d,R,32,1,340044927,8955036,134,5,0
4924492600140608,0,__system__,-,1024794189,7867817266,0,0,0,-1,-
4924492620136347,3125313,qlever-server-d,S,925,1653,25796536701,16526421,786,9,futex_do_wait
4924492620136347,3125317,qlever-server-d,S,0,0,3234812,0,28,4,futex_do_wait
4924492620136347,3126029,qlever-server-d,R,1838,9,18481173317,14948197,203,12,0
4924492620136347,3126030,qlever-server-d,R,1841,9,18510760125,7518514,164,8,0
4924492620136347,3126031,qlever-server-d,S,0,0,19980,0,1,11,futex_do_wait
4924492620136347,3126032,qlever-server-d,S,0,0,127190,0,4,0,ep_poll
4924492620136347,3126033,qlever-server-d,S,0,0,522531,0,8,8,futex_do_wait
4924492620136347,3126034,qlever-server-d,S,5,35,405161615,54455108,1695,1,ep_poll
4924492620136347,3126035,qlever-server-d,S,2,17,192445696,76621428,2368,3,futex_do_wait
4924492620136347,3126838,qlever-server-d,S,0,0,1037100,4489472,38,14,futex_do_wait
4924492620136347,3126839,qlever-server-d,R,34,1,360020418,9045146,137,7,0
4924492620136347,0,__system__,-,1024794208,7867817298,0,0,0,-1,-
4924492640133827,3125313,qlever-server-d,S,925,1653,25796536701,16526421,786,9,futex_do_wait
4924492640133827,3125317,qlever-server-d,S,0,0,3234812,0,28,4,futex_do_wait
4924492640133827,3126029,qlever-server-d,R,1840,9,18501172708,14948197,203,12,0
4924492640133827,3126030,qlever-server-d,R,1843,9,18530760566,7518514,164,8,0
4924492640133827,3126031,qlever-server-d,S,0,0,19980,0,1,11,futex_do_wait
4924492640133827,3126032,qlever-server-d,S,0,0,127190,0,4,0,ep_poll
4924492640133827,3126033,qlever-server-d,S,0,0,522531,0,8,8,futex_do_wait
4924492640133827,3126034,qlever-server-d,S,5,35,405221015,54455108,1698,10,ep_poll
4924492640133827,3126035,qlever-server-d,S,2,17,193044806,76621428,2369,2,futex_do_wait
4924492640133827,3126838,qlever-server-d,S,0,0,1072490,4489472,39,13,futex_do_wait
4924492640133827,3126839,qlever-server-d,R,36,1,379880409,9095166,140,6,0
4924492640133827,0,__system__,-,1024794226,7867817329,0,0,0,-1,-
4924492660131127,3125313,qlever-server-d,S,925,1653,25796536701,16526421,786,9,futex_do_wait
4924492660131127,3125317,qlever-server-d,S,0,0,3234812,0,28,4,futex_do_wait
4924492660131127,3126029,qlever-server-d,R,1842,9,18521172779,14948197,203,12,0
4924492660131127,3126030,qlever-server-d,R,1845,9,18550761277,7518514,164,8,0
4924492660131127,3126031,qlever-server-d,S,0,0,19980,0,1,11,futex_do_wait
4924492660131127,3126032,qlever-server-d,S,0,0,127190,0,4,0,ep_poll
4924492660131127,3126033,qlever-server-d,S,0,0,522531,0,8,8,futex_do_wait
4924492660131127,3126034,qlever-server-d,S,5,35,405239925,54783309,1699,2,ep_poll
4924492660131127,3126035,qlever-server-d,S,2,17,193374047,76621428,2370,2,futex_do_wait
4924492660131127,3126838,qlever-server-d,S,0,0,1072490,4489472,39,13,futex_do_wait
4924492660131127,3126839,qlever-server-d,R,38,1,399859790,9114836,141,10,0
4924492660131127,0,__system__,-,1024794244,7867817361,0,0,0,-1,-
4924492680127727,3125313,qlever-server-d,S,925,1653,25796536701,16526421,786,9,futex_do_wait
4924492680127727,3125317,qlever-server-d,S,0,0,3234812,0,28,4,futex_do_wait
4924492680127727,3126029,qlever-server-d,R,1844,9,18541173130,14948197,203,12,0
4924492680127727,3126030,qlever-server-d,R,1847,9,18570736388,7543454,165,8,0
4924492680127727,3126031,qlever-server-d,S,0,0,19980,0,1,11,futex_do_wait
4924492680127727,3126032,qlever-server-d,S,0,0,127190,0,4,0,ep_poll
4924492680127727,3126033,qlever-server-d,S,0,0,522531,0,8,8,futex_do_wait
4924492680127727,3126034,qlever-server-d,S,5,35,405265295,55465760,1700,2,ep_poll
4924492680127727,3126035,qlever-server-d,S,2,17,193947257,77390208,2371,1,futex_do_wait
4924492680127727,3126838,qlever-server-d,S,0,0,1103670,4489472,40,13,futex_do_wait
4924492680127727,3126839,qlever-server-d,R,40,1,419860211,9114836,141,10,0
4924492680127727,0,__system__,-,1024794262,7867817392,0,0,0,-1,-
4924492700130926,3125313,qlever-server-d,S,925,1653,25796536701,16526421,786,9,futex_do_wait
4924492700130926,3125317,qlever-server-d,S,0,0,3234812,0,28,4,futex_do_wait
4924492700130926,3126029,qlever-server-d,R,1846,9,18561173011,14948197,203,12,0
4924492700130926,3126030,qlever-server-d,R,1849,9,18590736949,7543454,165,8,0
4924492700130926,3126031,qlever-server-d,S,0,0,19980,0,1,11,futex_do_wait
4924492700130926,3126032,qlever-server-d,S,0,0,127190,0,4,0,ep_poll
4924492700130926,3126033,qlever-server-d,S,0,0,522531,0,8,8,futex_do_wait
4924492700130926,3126034,qlever-server-d,S,5,35,405359025,56288342,1706,1,futex_do_wait
4924492700130926,3126035,qlever-server-d,S,2,17,195019498,79313069,2381,1,ep_poll
4924492700130926,3126838,qlever-server-d,S,0,0,1103670,4489472,40,13,futex_do_wait
4924492700130926,3126839,qlever-server-d,R,42,1,439860432,9114836,141,10,0
4924492700130926,0,__system__,-,1024794280,7867817424,0,0,0,-1,-
4924492720127516,3125313,qlever-server-d,S,925,1653,25796536701,16526421,786,9,futex_do_wait
4924492720127516,3125317,qlever-server-d,S,0,0,3234812,0,28,4,futex_do_wait
4924492720127516,3126029,qlever-server-d,R,1848,9,18581175072,14948197,203,12,0
4924492720127516,3126030,qlever-server-d,R,1851,9,18610738620,7543454,165,8,0
4924492720127516,3126031,qlever-server-d,S,0,0,19980,0,1,11,futex_do_wait
4924492720127516,3126032,qlever-server-d,S,0,0,127190,0,4,0,ep_poll
4924492720127516,3126033,qlever-server-d,S,0,0,522531,0,8,8,futex_do_wait
4924492720127516,3126034,qlever-server-d,S,5,35,405892435,57274223,1717,1,futex_do_wait
4924492720127516,3126035,qlever-server-d,S,2,17,195326248,79721159,2391,1,ep_poll
4924492720127516,3126838,qlever-server-d,S,0,0,1103670,4489472,40,13,futex_do_wait
4924492720127516,3126839,qlever-server-d,R,44,1,459861903,9114836,141,10,0
4924492720127516,0,__system__,-,1024794299,7867817456,0,0,0,-1,-
4924492740135566,3125313,qlever-server-d,S,925,1653,25796536701,16526421,786,9,futex_do_wait
4924492740135566,3125317,qlever-server-d,S,0,0,3234812,0,28,4,futex_do_wait
4924492740135566,3126029,qlever-server-d,R,1850,9,18601176123,14948197,203,12,0
4924492740135566,3126030,qlever-server-d,R,1853,9,18630736111,7543454,165,8,0
4924492740135566,3126031,qlever-server-d,S,0,0,19980,0,1,11,futex_do_wait
4924492740135566,3126032,qlever-server-d,S,0,0,127190,0,4,0,ep_poll
4924492740135566,3126033,qlever-server-d,S,0,0,522531,0,8,8,futex_do_wait
4924492740135566,3126034,qlever-server-d,S,5,35,406474985,57274223,1718,1,futex_do_wait
4924492740135566,3126035,qlever-server-d,S,2,17,195349938,80045559,2392,1,ep_poll
4924492740135566,3126838,qlever-server-d,S,0,0,1141850,4489472,41,13,futex_do_wait
4924492740135566,3126839,qlever-server-d,R,46,1,479859714,9114836,141,10,0
4924492740135566,0,__system__,-,1024794319,7867817488,0,0,0,-1,-
4924492760124226,3125313,qlever-server-d,S,925,1653,25796536701,16526421,786,9,futex_do_wait
4924492760124226,3125317,qlever-server-d,S,0,0,3234812,0,28,4,futex_do_wait
4924492760124226,3126029,qlever-server-d,R,1852,9,18621176394,14948197,203,12,0
4924492760124226,3126030,qlever-server-d,R,1855,9,18650737002,7543454,165,8,0
4924492760124226,3126031,qlever-server-d,S,0,0,19980,0,1,11,futex_do_wait
4924492760124226,3126032,qlever-server-d,S,0,0,127190,0,4,0,ep_poll
4924492760124226,3126033,qlever-server-d,S,0,0,522531,0,8,8,futex_do_wait
4924492760124226,3126034,qlever-server-d,S,5,35,407035695,57274223,1719,1,futex_do_wait
4924492760124226,3126035,qlever-server-d,S,2,17,195385998,80045559,2395,3,ep_poll
4924492760124226,3126838,qlever-server-d,S,0,0,1141850,4489472,41,13,futex_do_wait
4924492760124226,3126839,qlever-server-d,R,48,1,499861975,9114836,141,10,0
4924492760124226,0,__system__,-,1024794337,7867817520,0,0,0,-1,-
4924492780137986,3125313,qlever-server-d,S,925,1653,25796536701,16526421,786,9,futex_do_wait
4924492780137986,3125317,qlever-server-d,S,0,0,3234812,0,28,4,futex_do_wait
4924492780137986,3126029,qlever-server-d,R,1854,9,18641174656,14948197,203,12,0
4924492780137986,3126030,qlever-server-d,R,1857,9,18670736034,7543454,165,8,0
4924492780137986,3126031,qlever-server-d,S,0,0,19980,0,1,11,futex_do_wait
4924492780137986,3126032,qlever-server-d,S,0,0,127190,0,4,0,ep_poll
4924492780137986,3126033,qlever-server-d,S,0,0,522531,0,8,8,futex_do_wait
4924492780137986,3126034,qlever-server-d,S,5,35,407624295,57274223,1720,1,futex_do_wait
4924492780137986,3126035,qlever-server-d,S,2,17,195436988,80045559,2398,0,ep_poll
4924492780137986,3126838,qlever-server-d,S,0,0,1168380,4489472,42,13,futex_do_wait
4924492780137986,3126839,qlever-server-d,R,50,1,519860587,9114836,141,10,0
4924492780137986,0,__system__,-,1024794355,7867817551,0,0,0,-1,-
4924492800140365,3125313,qlever-server-d,S,925,1653,25796536701,16526421,786,9,futex_do_wait
4924492800140365,3125317,qlever-server-d,S,0,0,3234812,0,28,4,futex_do_wait
4924492800140365,3126029,qlever-server-d,R,1856,9,18661175857,14948197,203,12,0
4924492800140365,3126030,qlever-server-d,R,1859,9,18690736025,7543454,165,8,0
4924492800140365,3126031,qlever-server-d,S,0,0,19980,0,1,11,futex_do_wait
4924492800140365,3126032,qlever-server-d,S,0,0,127190,0,4,0,ep_poll
4924492800140365,3126033,qlever-server-d,S,0,0,522531,0,8,8,futex_do_wait
4924492800140365,3126034,qlever-server-d,S,5,35,408194115,57274223,1721,1,futex_do_wait
4924492800140365,3126035,qlever-server-d,S,2,17,195487878,80045559,2401,0,ep_poll
4924492800140365,3126838,qlever-server-d,S,0,0,1168380,4489472,42,13,futex_do_wait
4924492800140365,3126839,qlever-server-d,R,52,1,539861378,9114836,141,10,0
4924492800140365,0,__system__,-,1024794373,7867817582,0,0,0,-1,-
4924492820139635,3125313,qlever-server-d,S,925,1653,25796536701,16526421,786,9,futex_do_wait
4924492820139635,3125317,qlever-server-d,S,0,0,3234812,0,28,4,futex_do_wait
4924492820139635,3126029,qlever-server-d,R,1858,9,18681175118,14948197,203,12,0
4924492820139635,3126030,qlever-server-d,R,1861,9,18710681106,7595794,166,0,0
4924492820139635,3126031,qlever-server-d,S,0,0,19980,0,1,11,futex_do_wait
4924492820139635,3126032,qlever-server-d,S,0,0,127190,0,4,0,ep_poll
4924492820139635,3126033,qlever-server-d,S,0,0,522531,0,8,8,futex_do_wait
4924492820139635,3126034,qlever-server-d,S,5,35,408783605,57274223,1722,1,futex_do_wait
4924492820139635,3126035,qlever-server-d,S,2,17,195538898,80045559,2404,0,ep_poll
4924492820139635,3126838,qlever-server-d,S,0,0,1168380,4489472,42,13,futex_do_wait
4924492820139635,3126839,qlever-server-d,R,54,1,559861489,9114836,141,10,0
4924492820139635,0,__system__,-,1024794392,7867817615,0,0,0,-1,-
4924492840132805,3125313,qlever-server-d,S,925,1653,25796536701,16526421,786,9,futex_do_wait
4924492840132805,3125317,qlever-server-d,S,0,0,3234812,0,28,4,futex_do_wait
4924492840132805,3126029,qlever-server-d,R,1860,9,18701177299,14948197,203,12,0
4924492840132805,3126030,qlever-server-d,R,1863,9,18730680747,7595794,166,0,0
4924492840132805,3126031,qlever-server-d,S,0,0,19980,0,1,11,futex_do_wait
4924492840132805,3126032,qlever-server-d,S,0,0,127190,0,4,0,ep_poll
4924492840132805,3126033,qlever-server-d,S,0,0,522531,0,8,8,futex_do_wait
4924492840132805,3126034,qlever-server-d,S,5,35,409327645,57305633,1723,1,futex_do_wait
4924492840132805,3126035,qlever-server-d,S,2,17,195591148,80045559,2407,8,ep_poll
4924492840132805,3126838,qlever-server-d,S,0,0,1207100,4489472,43,13,futex_do_wait
4924492840132805,3126839,qlever-server-d,R,56,1,579861540,9114836,141,10,0
4924492840132805,0,__system__,-,1024794411,7867817646,0,0,0,-1,-
4924492860126355,3125313,qlever-server-d,S,925,1653,25796536701,16526421,786,9,futex_do_wait
4924492860126355,3125317,qlever-server-d,S,0,0,3234812,0,28,4,futex_do_wait
4924492860126355,3126029,qlever-server-d,R,1862,9,18721174870,14948197,203,12,0
4924492860126355,3126030,qlever-server-d,R,1865,9,18750681208,7595794,166,0,0
4924492860126355,3126031,qlever-server-d,S,0,0,19980,0,1,11,futex_do_wait
4924492860126355,3126032,qlever-server-d,S,0,0,127190,0,4,0,ep_poll
4924492860126355,3126033,qlever-server-d,S,0,0,522531,0,8,8,futex_do_wait
4924492860126355,3126034,qlever-server-d,R,5,35,409907886,57305633,1725,1,0
4924492860126355,3126035,qlever-server-d,S,2,17,195615758,80351299,2408,1,ep_poll
4924492860126355,3126838,qlever-server-d,S,0,0,1207100,4489472,43,13,futex_do_wait
4924492860126355,3126839,qlever-server-d,R,58,1,600332221,9114836,141,10,0
4924492860126355,0,__system__,-,1024794431,7867817678,0,0,0,-1,-
4924492880133304,3125313,qlever-server-d,S,925,1653,25796536701,16526421,786,9,futex_do_wait
4924492880133304,3125317,qlever-server-d,S,0,0,3234812,0,28,4,futex_do_wait
4924492880133304,3126029,qlever-server-d,R,1864,9,18741174721,14948197,203,12,0
4924492880133304,3126030,qlever-server-d,R,1867,9,18770681929,7595794,166,0,0
4924492880133304,3126031,qlever-server-d,S,0,0,19980,0,1,11,futex_do_wait
4924492880133304,3126032,qlever-server-d,S,0,0,127190,0,4,0,ep_poll
4924492880133304,3126033,qlever-server-d,S,0,0,522531,0,8,8,futex_do_wait
4924492880133304,3126034,qlever-server-d,S,5,35,410279246,57966254,1733,1,ep_poll
4924492880133304,3126035,qlever-server-d,S,2,17,196706619,80398369,2415,1,futex_do_wait
4924492880133304,3126838,qlever-server-d,S,0,0,1243041,4489472,44,14,futex_do_wait
4924492880133304,3126839,qlever-server-d,R,60,1,619860782,9114836,141,10,0
4924492880133304,0,__system__,-,1024794449,7867817710,0,0,0,-1,-
4924492900137954,3125313,qlever-server-d,S,925,1653,25796536701,16526421,786,9,futex_do_wait
4924492900137954,3125317,qlever-server-d,S,0,0,3234812,0,28,4,futex_do_wait
4924492900137954,3126029,qlever-server-d,R,1866,9,18761175372,14948197,203,12,0
4924492900137954,3126030,qlever-server-d,R,1869,9,18790656610,7615414,167,7,0
4924492900137954,3126031,qlever-server-d,S,0,0,19980,0,1,11,futex_do_wait
4924492900137954,3126032,qlever-server-d,S,0,0,127190,0,4,0,ep_poll
4924492900137954,3126033,qlever-server-d,S,0,0,522531,0,8,8,futex_do_wait
4924492900137954,3126034,qlever-server-d,S,5,35,410329296,57966254,1736,8,ep_poll
4924492900137954,3126035,qlever-server-d,S,2,17,197222349,80398369,2416,1,futex_do_wait
4924492900137954,3126838,qlever-server-d,S,0,0,1243041,4489472,44,14,futex_do_wait
4924492900137954,3126839,qlever-server-d,R,62,1,639860583,9114836,141,10,0
4924492900137954,0,__system__,-,1024794467,7867817741,0,0,0,-1,-
4924492920139004,3125313,qlever-server-d,S,925,1653,25796536701,16526421,786,9,futex_do_wait
4924492920139004,3125317,qlever-server-d,S,0,0,3234812,0,28,4,futex_do_wait
4924492920139004,3126029,qlever-server-d,R,1868,9,18781532194,14948197,203,12,0
4924492920139004,3126030,qlever-server-d,R,1871,9,18810966752,7615414,167,7,0
4924492920139004,3126031,qlever-server-d,S,0,0,19980,0,1,11,futex_do_wait
4924492920139004,3126032,qlever-server-d,S,0,0,127190,0,4,0,ep_poll
4924492920139004,3126033,qlever-server-d,S,0,0,522531,0,8,8,futex_do_wait
4924492920139004,3126034,qlever-server-d,S,5,35,410373296,57966254,1739,1,ep_poll
4924492920139004,3126035,qlever-server-d,S,2,17,197737699,80398369,2417,2,futex_do_wait
4924492920139004,3126838,qlever-server-d,S,0,0,1243041,4489472,44,14,futex_do_wait
4924492920139004,3126839,qlever-server-d,R,64,1,659860614,9114836,141,10,0
4924492920139004,0,__system__,-,1024794486,7867817773,0,0,0,-1,-
4924492940147954,3125313,qlever-server-d,S,925,1653,25796536701,16526421,786,9,futex_do_wait
4924492940147954,3125317,qlever-server-d,S,0,0,3234812,0,28,4,futex_do_wait
4924492940147954,3126029,qlever-server-d,R,1870,9,18801175044,14948197,203,12,0
4924492940147954,3126030,qlever-server-d,R,1873,9,18830620961,7645295,169,6,0
4924492940147954,3126031,qlever-server-d,S,0,0,19980,0,1,11,futex_do_wait
4924492940147954,3126032,qlever-server-d,S,0,0,127190,0,4,0,ep_poll
4924492940147954,3126033,qlever-server-d,S,0,0,522531,0,8,8,futex_do_wait
4924492940147954,3126034,qlever-server-d,S,5,35,410403846,58245624,1741,1,ep_poll
4924492940147954,3126035,qlever-server-d,S,2,17,198311909,80463449,2418,2,futex_do_wait
4924492940147954,3126838,qlever-server-d,S,0,0,1276611,4489472,45,13,futex_do_wait
4924492940147954,3126839,qlever-server-d,R,66,1,679861575,9114836,141,10,0
4924492940147954,0,__system__,-,1024794504,7867817805,0,0,0,-1,-
4924492960132763,3125313,qlever-server-d,S,925,1653,25796536701,16526421,786,9,futex_do_wait
4924492960132763,3125317,qlever-server-d,S,0,0,3234812,0,28,4,futex_do_wait
4924492960132763,3126029,qlever-server-d,R,1872,9,18821175526,14948197,203,12,0
4924492960132763,3126030,qlever-server-d,R,1875,9,18850621603,7645295,169,6,0
4924492960132763,3126031,qlever-server-d,S,0,0,19980,0,1,11,futex_do_wait
4924492960132763,3126032,qlever-server-d,S,0,0,127190,0,4,0,ep_poll
4924492960132763,3126033,qlever-server-d,S,0,0,522531,0,8,8,futex_do_wait
4924492960132763,3126034,qlever-server-d,S,5,35,410442066,58717204,1743,1,ep_poll
4924492960132763,3126035,qlever-server-d,S,2,17,199154080,80987439,2419,2,futex_do_wait
4924492960132763,3126838,qlever-server-d,S,0,0,1276611,4489472,45,13,futex_do_wait
4924492960132763,3126839,qlever-server-d,R,68,1,699862957,9114836,141,10,0
4924492960132763,0,__system__,-,1024794522,7867817836,0,0,0,-1,-
4924492980118633,3125313,qlever-server-d,S,925,1653,25796536701,16526421,786,9,futex_do_wait
4924492980118633,3125317,qlever-server-d,S,0,0,3234812,0,28,4,futex_do_wait
4924492980118633,3126029,qlever-server-d,R,1874,9,18841175167,14948197,203,12,0
4924492980118633,3126030,qlever-server-d,R,1877,9,18870622004,7645295,169,6,0
4924492980118633,3126031,qlever-server-d,S,0,0,19980,0,1,11,futex_do_wait
4924492980118633,3126032,qlever-server-d,S,0,0,127190,0,4,0,ep_poll
4924492980118633,3126033,qlever-server-d,S,0,0,522531,0,8,8,futex_do_wait
4924492980118633,3126034,qlever-server-d,S,5,35,410511006,58717204,1748,1,ep_poll
4924492980118633,3126035,qlever-server-d,S,2,17,200029641,81511869,2420,2,futex_do_wait
4924492980118633,3126838,qlever-server-d,S,0,0,1317051,4489472,46,13,futex_do_wait
4924492980118633,3126839,qlever-server-d,R,70,1,719861828,9114836,141,10,0
4924492980118633,0,__system__,-,1024794541,7867817867,0,0,0,-1,-
4924493000136823,3125313,qlever-server-d,S,925,1653,25796536701,16526421,786,9,futex_do_wait
4924493000136823,3125317,qlever-server-d,S,0,0,3234812,0,28,4,futex_do_wait
4924493000136823,3126029,qlever-server-d,R,1876,9,18861175398,14948197,203,12,0
4924493000136823,3126030,qlever-server-d,R,1879,9,18890621605,7645295,169,6,0
4924493000136823,3126031,qlever-server-d,S,0,0,19980,0,1,11,futex_do_wait
4924493000136823,3126032,qlever-server-d,S,0,0,127190,0,4,0,ep_poll
4924493000136823,3126033,qlever-server-d,S,0,0,522531,0,8,8,futex_do_wait
4924493000136823,3126034,qlever-server-d,R,5,35,410511006,58717204,1748,1,0
4924493000136823,3126035,qlever-server-d,R,2,17,200029641,81760939,2421,2,0
4924493000136823,3126838,qlever-server-d,S,0,0,1317051,4489472,46,13,futex_do_wait
4924493000136823,3126839,qlever-server-d,R,72,1,740147449,9114836,141,10,0
4924493000136823,0,__system__,-,1024794560,7867817900,0,0,0,-1,-
4924493020136843,3125313,qlever-server-d,S,925,1653,25796536701,16526421,786,9,futex_do_wait
4924493020136843,3125317,qlever-server-d,S,0,0,3234812,0,28,4,futex_do_wait
4924493020136843,3126029,qlever-server-d,R,1878,9,18881175769,14948197,203,12,0
4924493020136843,3126030,qlever-server-d,R,1881,9,18910621356,7645295,169,6,0
4924493020136843,3126031,qlever-server-d,S,0,0,19980,0,1,11,futex_do_wait
4924493020136843,3126032,qlever-server-d,S,0,0,127190,0,4,0,ep_poll
4924493020136843,3126033,qlever-server-d,S,0,0,522531,0,8,8,futex_do_wait
4924493020136843,3126034,qlever-server-d,S,5,35,410536186,59253034,1749,1,ep_poll
4924493020136843,3126035,qlever-server-d,S,2,17,200710071,81760939,2421,2,futex_do_wait
4924493020136843,3126838,qlever-server-d,S,0,0,1317051,4489472,46,13,futex_do_wait
4924493020136843,3126839,qlever-server-d,R,74,1,759861100,9114836,141,10,0
4924493020136843,0,__system__,-,1024794577,7867817930,0,0,0,-1,-
4924493040136912,3125313,qlever-server-d,S,925,1653,25796536701,16526421,786,9,futex_do_wait
4924493040136912,3125317,qlever-server-d,S,0,0,3234812,0,28,4,futex_do_wait
4924493040136912,3126029,qlever-server-d,R,1880,9,18901590110,14948197,203,12,0
4924493040136912,3126030,qlever-server-d,R,1883,9,18930601577,7664105,170,8,0
4924493040136912,3126031,qlever-server-d,S,0,0,19980,0,1,11,futex_do_wait
4924493040136912,3126032,qlever-server-d,S,0,0,127190,0,4,0,ep_poll
4924493040136912,3126033,qlever-server-d,S,0,0,522531,0,8,8,futex_do_wait
4924493040136912,3126034,qlever-server-d,S,5,35,410572346,59723195,1751,1,ep_poll
4924493040136912,3126035,qlever-server-d,S,2,17,201249462,81760939,2422,2,futex_do_wait
4924493040136912,3126838,qlever-server-d,S,0,0,1359321,4489472,47,13,futex_do_wait
4924493040136912,3126839,qlever-server-d,R,76,1,779861611,9114836,141,10,0
4924493040136912,0,__system__,-,1024794596,7867817963,0,0,0,-1,-
4924493060139232,3125313,qlever-server-d,S,925,1653,25796536701,16526421,786,9,futex_do_wait
4924493060139232,3125317,qlever-server-d,S,0,0,3234812,0,28,4,futex_do_wait
4924493060139232,3126029,qlever-server-d,R,1882,9,18921175851,14948197,203,12,0
4924493060139232,3126030,qlever-server-d,R,1885,9,18950601568,7664105,170,8,0
4924493060139232,3126031,qlever-server-d,S,0,0,19980,0,1,11,futex_do_wait
4924493060139232,3126032,qlever-server-d,S,0,0,127190,0,4,0,ep_poll
4924493060139232,3126033,qlever-server-d,S,0,0,522531,0,8,8,futex_do_wait
4924493060139232,3126034,qlever-server-d,S,5,35,410645586,59723195,1755,1,ep_poll
4924493060139232,3126035,qlever-server-d,S,2,17,201937192,81760939,2423,2,futex_do_wait
4924493060139232,3126838,qlever-server-d,S,0,0,1359321,4489472,47,13,futex_do_wait
4924493060139232,3126839,qlever-server-d,R,78,1,799862772,9114836,141,10,0
4924493060139232,0,__system__,-,1024794616,7867817996,0,0,0,-1,-
4924493080124902,3125313,qlever-server-d,S,925,1653,25796536701,16526421,786,9,futex_do_wait
4924493080124902,3125317,qlever-server-d,S,0,0,3234812,0,28,4,futex_do_wait
4924493080124902,3126029,qlever-server-d,R,1884,9,18941178002,14948197,203,12,0
4924493080124902,3126030,qlever-server-d,R,1887,9,18970601079,7664105,170,8,0
4924493080124902,3126031,qlever-server-d,S,0,0,19980,0,1,11,futex_do_wait
4924493080124902,3126032,qlever-server-d,S,0,0,127190,0,4,0,ep_poll
4924493080124902,3126033,qlever-server-d,S,0,0,522531,0,8,8,futex_do_wait
4924493080124902,3126034,qlever-server-d,S,5,35,410753406,61372276,1760,1,ep_poll
4924493080124902,3126035,qlever-server-d,S,2,18,203126892,81760939,2425,11,futex_do_wait
4924493080124902,3126838,qlever-server-d,S,0,0,1391981,4489472,48,13,futex_do_wait
4924493080124902,3126839,qlever-server-d,R,80,1,819862603,9114836,141,10,0
4924493080124902,0,__system__,-,1024794634,7867818027,0,0,0,-1,-
4924493100137432,3125313,qlever-server-d,S,925,1653,25796536701,16526421,786,9,futex_do_wait
4924493100137432,3125317,qlever-server-d,S,0,0,3234812,0,28,4,futex_do_wait
4924493100137432,3126029,qlever-server-d,R,1886,9,18961178643,14948197,203,12,0
4924493100137432,3126030,qlever-server-d,R,1889,9,18990601330,7664105,170,8,0
4924493100137432,3126031,qlever-server-d,S,0,0,19980,0,1,11,futex_do_wait
4924493100137432,3126032,qlever-server-d,S,0,0,127190,0,4,0,ep_poll
4924493100137432,3126033,qlever-server-d,S,0,0,522531,0,8,8,futex_do_wait
4924493100137432,3126034,qlever-server-d,S,5,35,410795886,61431086,1763,1,ep_poll
4924493100137432,3126035,qlever-server-d,S,2,18,203623923,81760939,2426,11,futex_do_wait
4924493100137432,3126838,qlever-server-d,S,0,0,1391981,4489472,48,13,futex_do_wait
4924493100137432,3126839,qlever-server-d,R,82,1,839863254,9114836,141,10,0
4924493100137432,0,__system__,-,1024794653,7867818058,0,0,0,-1,-
4924493120129902,3125313,qlever-server-d,S,925,1653,25796536701,16526421,786,9,futex_do_wait
4924493120129902,3125317,qlever-server-d,S,0,0,3234812,0,28,4,futex_do_wait
4924493120129902,3126029,qlever-server-d,R,1888,9,18981179165,14948197,203,12,0
4924493120129902,3126030,qlever-server-d,R,1891,9,19010600082,7664105,170,8,0
4924493120129902,3126031,qlever-server-d,S,0,0,19980,0,1,11,futex_do_wait
4924493120129902,3126032,qlever-server-d,S,0,0,127190,0,4,0,ep_poll
4924493120129902,3126033,qlever-server-d,S,0,0,522531,0,8,8,futex_do_wait
4924493120129902,3126034,qlever-server-d,S,5,36,410854386,61431086,1766,3,ep_poll
4924493120129902,3126035,qlever-server-d,S,2,18,204099303,81760939,2427,11,futex_do_wait
4924493120129902,3126838,qlever-server-d,S,0,0,1391981,4489472,48,13,futex_do_wait
4924493120129902,3126839,qlever-server-d,R,84,1,859862106,9114836,141,10,0
4924493120129902,0,__system__,-,1024794673,7867818091,0,0,0,-1,-
4924493140135691,3125313,qlever-server-d,S,925,1653,25796536701,16526421,786,9,futex_do_wait
4924493140135691,3125317,qlever-server-d,S,0,0,3234812,0,28,4,futex_do_wait
4924493140135691,3126029,qlever-server-d,R,1890,9,19001158036,14967177,204,12,0
4924493140135691,3126030,qlever-server-d,R,1893,9,19030585373,7681085,171,8,0
4924493140135691,3126031,qlever-server-d,S,0,0,19980,0,1,11,futex_do_wait
4924493140135691,3126032,qlever-server-d,S,0,0,127190,0,4,0,ep_poll
4924493140135691,3126033,qlever-server-d,S,0,0,522531,0,8,8,futex_do_wait
4924493140135691,3126034,qlever-server-d,S,5,36,410912336,61431086,1769,0,ep_poll
4924493140135691,3126035,qlever-server-d,S,2,18,204641824,81760939,2428,11,futex_do_wait
4924493140135691,3126838,qlever-server-d,S,0,0,1427391,4489472,49,13,futex_do_wait
4924493140135691,3126839,qlever-server-d,R,86,1,879845697,9132126,142,10,0
4924493140135691,0,__system__,-,1024794691,7867818122,0,0,0,-1,-
4924493160145551,3125313,qlever-server-d,S,925,1653,25796536701,16526421,786,9,futex_do_wait
4924493160145551,3125317,qlever-server-d,S,0,0,3234812,0,28,4,futex_do_wait
4924493160145551,3126029,qlever-server-d,R,1892,9,19021158847,14967177,204,12,0
4924493160145551,3126030,qlever-server-d,R,1895,9,19050584024,7681085,171,8,0
4924493160145551,3126031,qlever-server-d,S,0,0,19980,0,1,11,futex_do_wait
4924493160145551,3126032,qlever-server-d,S,0,0,127190,0,4,0,ep_poll
4924493160145551,3126033,qlever-server-d,S,0,0,522531,0,8,8,futex_do_wait
4924493160145551,3126034,qlever-server-d,S,5,36,410967937,61431086,1772,0,ep_poll
4924493160145551,3126035,qlever-server-d,S,2,18,205206345,81760939,2429,11,futex_do_wait
4924493160145551,3126838,qlever-server-d,S,0,0,1427391,4489472,49,13,futex_do_wait
4924493160145551,3126839,qlever-server-d,R,88,1,899846518,9132126,142,10,0
4924493160145551,0,__system__,-,1024794709,7867818154,0,0,0,-1,-
4924493180133671,3125313,qlever-server-d,S,925,1653,25796536701,16526421,786,9,futex_do_wait
4924493180133671,3125317,qlever-server-d,S,0,0,3234812,0,28,4,futex_do_wait
4924493180133671,3126029,qlever-server-d,R,1894,9,19041160148,14967177,204,12,0
4924493180133671,3126030,qlever-server-d,R,1897,9,19070586775,7681085,171,8,0
4924493180133671,3126031,qlever-server-d,S,0,0,19980,0,1,11,futex_do_wait
4924493180133671,3126032,qlever-server-d,S,0,0,127190,0,4,0,ep_poll
4924493180133671,3126033,qlever-server-d,S,0,0,522531,0,8,8,futex_do_wait
4924493180133671,3126034,qlever-server-d,S,5,36,411019567,61431086,1775,2,ep_poll
4924493180133671,3126035,qlever-server-d,S,2,18,205714576,81760939,2430,11,futex_do_wait
4924493180133671,3126838,qlever-server-d,S,0,0,1456071,4489472,50,13,futex_do_wait
4924493180133671,3126839,qlever-server-d,R,90,1,919846499,9132126,142,10,0
4924493180133671,0,__system__,-,1024794726,7867818184,0,0,0,-1,-
4924493200151960,3125313,qlever-server-d,S,925,1653,25796536701,16526421,786,9,futex_do_wait
4924493200151960,3125317,qlever-server-d,S,0,0,3234812,0,28,4,futex_do_wait
4924493200151960,3126029,qlever-server-d,R,1896,9,19061159279,14967177,204,12,0
4924493200151960,3126030,qlever-server-d,R,1899,9,19090587726,7681085,171,8,0
4924493200151960,3126031,qlever-server-d,S,0,0,19980,0,1,11,futex_do_wait
4924493200151960,3126032,qlever-server-d,S,0,0,127190,0,4,0,ep_poll
4924493200151960,3126033,qlever-server-d,S,0,0,522531,0,8,8,futex_do_wait
4924493200151960,3126034,qlever-server-d,S,5,36,411116717,61569666,1780,2,ep_poll
4924493200151960,3126035,qlever-server-d,S,2,18,206755126,81760939,2432,2,futex_do_wait
4924493200151960,3126838,qlever-server-d,S,0,0,1456071,4489472,50,13,futex_do_wait
4924493200151960,3126839,qlever-server-d,R,92,1,939882450,9132126,142,10,0
4924493200151960,0,__system__,-,1024794746,7867818217,0,0,0,-1,-
4924493220138160,3125313,qlever-server-d,S,925,1653,25796536701,16526421,786,9,futex_do_wait
4924493220138160,3125317,qlever-server-d,S,0,0,3234812,0,28,4,futex_do_wait
4924493220138160,3126029,qlever-server-d,R,1898,9,19081159790,14967177,204,12,0
4924493220138160,3126030,qlever-server-d,R,1901,9,19110585007,7681085,171,8,0
4924493220138160,3126031,qlever-server-d,S,0,0,19980,0,1,11,futex_do_wait
4924493220138160,3126032,qlever-server-d,S,0,0,127190,0,4,0,ep_poll
4924493220138160,3126033,qlever-server-d,S,0,0,522531,0,8,8,futex_do_wait
4924493220138160,3126034,qlever-server-d,S,5,36,411172668,61569666,1783,0,ep_poll
4924493220138160,3126035,qlever-server-d,S,2,18,207299117,81760939,2433,2,futex_do_wait
4924493220138160,3126838,qlever-server-d,S,0,0,1456071,4489472,50,13,futex_do_wait
4924493220138160,3126839,qlever-server-d,R,94,1,959846631,9132126,142,10,0
4924493220138160,0,__system__,-,1024794766,7867818249,0,0,0,-1,-
4924493240138360,3125313,qlever-server-d,S,925,1653,25796536701,16526421,786,9,futex_do_wait
4924493240138360,3125317,qlever-server-d,S,0,0,3234812,0,28,4,futex_do_wait
4924493240138360,3126029,qlever-server-d,R,1900,9,19101161521,14967177,204,12,0
4924493240138360,3126030,qlever-server-d,R,1903,9,19130584638,7681085,171,8,0
4924493240138360,3126031,qlever-server-d,S,0,0,19980,0,1,11,futex_do_wait
4924493240138360,3126032,qlever-server-d,S,0,0,127190,0,4,0,ep_poll
4924493240138360,3126033,qlever-server-d,S,0,0,522531,0,8,8,futex_do_wait
4924493240138360,3126034,qlever-server-d,S,5,36,411224658,61569666,1786,0,ep_poll
4924493240138360,3126035,qlever-server-d,S,2,18,207826067,81760939,2434,3,futex_do_wait
4924493240138360,3126838,qlever-server-d,S,0,0,1492991,5894053,51,5,futex_do_wait
4924493240138360,3126839,qlever-server-d,R,96,1,979846592,9132126,142,10,0
4924493240138360,0,__system__,-,1024794786,7867818281,0,0,0,-1,-
4924493260137920,3125313,qlever-server-d,S,925,1653,25796536701,16526421,786,9,futex_do_wait
4924493260137920,3125317,qlever-server-d,S,0,0,3234812,0,28,4,futex_do_wait
4924493260137920,3126029,qlever-server-d,R,1902,9,19121161072,14967177,204,12,0
4924493260137920,3126030,qlever-server-d,R,1905,9,19150585259,7681085,171,8,0
4924493260137920,3126031,qlever-server-d,S,0,0,19980,0,1,11,futex_do_wait
4924493260137920,3126032,qlever-server-d,S,0,0,127190,0,4,0,ep_poll
4924493260137920,3126033,qlever-server-d,S,0,0,522531,0,8,8,futex_do_wait
4924493260137920,3126034,qlever-server-d,S,5,36,411247008,61843687,1787,11,ep_poll
4924493260137920,3126035,qlever-server-d,S,2,18,208372688,81760939,2435,11,futex_do_wait
4924493260137920,3126838,qlever-server-d,S,0,0,1492991,5894053,51,5,futex_do_wait
4924493260137920,3126839,qlever-server-d,R,98,1,999845973,9132126,142,10,0
4924493260137920,0,__system__,-,1024794804,7867818313,0,0,0,-1,-
4924493280131810,3125313,qlever-server-d,S,925,1653,25796536701,16526421,786,9,futex_do_wait
4924493280131810,3125317,qlever-server-d,S,0,0,3234812,0,28,4,futex_do_wait
4924493280131810,3126029,qlever-server-d,R,1904,9,19141162053,14967177,204,12,0
4924493280131810,3126030,qlever-server-d,R,1907,9,19170587170,7681085,171,8,0
4924493280131810,3126031,qlever-server-d,S,0,0,19980,0,1,11,futex_do_wait
4924493280131810,3126032,qlever-server-d,S,0,0,127190,0,4,0,ep_poll
4924493280131810,3126033,qlever-server-d,S,0,0,522531,0,8,8,futex_do_wait
4924493280131810,3126034,qlever-server-d,S,5,36,411323698,61843687,1790,3,ep_poll
4924493280131810,3126035,qlever-server-d,S,2,18,208949968,81760939,2436,11,futex_do_wait
4924493280131810,3126838,qlever-server-d,S,0,0,1527051,5894053,52,14,futex_do_wait
4924493280131810,3126839,qlever-server-d,R,100,1,1019848894,9132126,142,10,0
4924493280131810,0,__system__,-,1024794823,7867818345,0,0,0,-1,-
4924493300134389,3125313,qlever-server-d,S,925,1653,25796536701,16526421,786,9,futex_do_wait
4924493300134389,3125317,qlever-server-d,S,0,0,3234812,0,28,4,futex_do_wait
4924493300134389,3126029,qlever-server-d,R,1906,9,19161159145,14967177,204,12,0
4924493300134389,3126030,qlever-server-d,R,1909,9,19190586462,7681085,171,8,0
4924493300134389,3126031,qlever-server-d,S,0,0,19980,0,1,11,futex_do_wait
4924493300134389,3126032,qlever-server-d,S,0,0,127190,0,4,0,ep_poll
4924493300134389,3126033,qlever-server-d,S,0,0,522531,0,8,8,futex_do_wait
4924493300134389,3126034,qlever-server-d,S,5,36,411376988,61843687,1793,0,ep_poll
4924493300134389,3126035,qlever-server-d,S,2,18,209489929,81760939,2437,11,futex_do_wait
4924493300134389,3126838,qlever-server-d,S,0,0,1527051,5894053,52,14,futex_do_wait
4924493300134389,3126839,qlever-server-d,R,102,1,1039847576,9132126,142,10,0
4924493300134389,0,__system__,-,1024794841,7867818376,0,0,0,-1,-
4924493320128999,3125313,qlever-server-d,S,925,1653,25796536701,16526421,786,9,futex_do_wait
4924493320128999,3125317,qlever-server-d,S,0,0,3234812,0,28,4,futex_do_wait
4924493320128999,3126029,qlever-server-d,R,1908,9,19181161196,14967177,204,12,0
4924493320128999,3126030,qlever-server-d,R,1911,9,19210585853,7681085,171,8,0
4924493320128999,3126031,qlever-server-d,S,0,0,19980,0,1,11,futex_do_wait
4924493320128999,3126032,qlever-server-d,S,0,0,127190,0,4,0,ep_poll
4924493320128999,3126033,qlever-server-d,S,0,0,522531,0,8,8,futex_do_wait
4924493320128999,3126034,qlever-server-d,S,5,36,411412988,63809568,1794,10,ep_poll
4924493320128999,3126035,qlever-server-d,S,2,18,210018149,81912279,2438,10,futex_do_wait
4924493320128999,3126838,qlever-server-d,S,0,0,1527051,5894053,52,14,futex_do_wait
4924493320128999,3126839,qlever-server-d,R,104,1,1059282857,9696346,144,10,0
4924493320128999,0,__system__,-,1024794859,7867818408,0,0,0,-1,-
4924493340143639,3125313,qlever-server-d,S,925,1653,25796536701,16526421,786,9,futex_do_wait
4924493340143639,3125317,qlever-server-d,S,0,0,3234812,0,28,4,futex_do_wait
4924493340143639,3126029,qlever-server-d,R,1910,9,19201160537,14967177,204,12,0
4924493340143639,3126030,qlever-server-d,R,1913,9,19230586314,7681085,171,8,0
4924493340143639,3126031,qlever-server-d,S,0,0,19980,0,1,11,futex_do_wait
4924493340143639,3126032,qlever-server-d,S,0,0,127190,0,4,0,ep_poll
4924493340143639,3126033,qlever-server-d,S,0,0,522531,0,8,8,futex_do_wait
4924493340143639,3126034,qlever-server-d,S,5,36,411930388,63820458,1798,11,futex_do_wait
4924493340143639,3126035,qlever-server-d,S,2,18,210352480,82429679,2443,11,ep_poll
4924493340143639,3126838,qlever-server-d,S,0,0,1560081,5894053,53,14,futex_do_wait
4924493340143639,3126839,qlever-server-d,R,106,1,1079283188,9696346,144,10,0
4924493340143639,0,__system__,-,1024794879,7867818440,0,0,0,-1,-
4924493360153009,3125313,qlever-server-d,S,925,1653,25796536701,16526421,786,9,futex_do_wait
4924493360153009,3125317,qlever-server-d,S,0,0,3234812,0,28,4,futex_do_wait
4924493360153009,3126029,qlever-server-d,R,1912,9,19221163618,14967177,204,12,0
4924493360153009,3126030,qlever-server-d,R,1915,9,19250586805,7681085,171,8,0
4924493360153009,3126031,qlever-server-d,S,0,0,19980,0,1,11,futex_do_wait
4924493360153009,3126032,qlever-server-d,S,0,0,127190,0,4,0,ep_poll
4924493360153009,3126033,qlever-server-d,S,0,0,522531,0,8,8,futex_do_wait
4924493360153009,3126034,qlever-server-d,S,5,36,412878269,63820458,1800,0,futex_do_wait
4924493360153009,3126035,qlever-server-d,S,2,18,210449570,82429679,2448,11,ep_poll
4924493360153009,3126838,qlever-server-d,S,0,0,1560081,5894053,53,14,futex_do_wait
4924493360153009,3126839,qlever-server-d,R,108,1,1099282639,9696346,144,10,0
4924493360153009,0,__system__,-,1024794899,7867818472,0,0,0,-1,-
4924493380125739,3125313,qlever-server-d,S,925,1653,25796536701,16526421,786,9,futex_do_wait
4924493380125739,3125317,qlever-server-d,S,0,0,3234812,0,28,4,futex_do_wait
4924493380125739,3126029,qlever-server-d,R,1914,9,19241161549,14967177,204,12,0
4924493380125739,3126030,qlever-server-d,R,1917,9,19270587366,7681085,171,8,0
4924493380125739,3126031,qlever-server-d,S,0,0,19980,0,1,11,futex_do_wait
4924493380125739,3126032,qlever-server-d,S,0,0,127190,0,4,0,ep_poll
4924493380125739,3126033,qlever-server-d,S,0,0,522531,0,8,8,futex_do_wait
4924493380125739,3126034,qlever-server-d,S,5,36,413565479,63820458,1801,0,futex_do_wait
4924493380125739,3126035,qlever-server-d,S,2,18,210506500,82429679,2452,11,ep_poll
4924493380125739,3126838,qlever-server-d,S,0,0,1590201,5894053,54,14,futex_do_wait
4924493380125739,3126839,qlever-server-d,R,110,1,1119283780,9696346,144,10,0
4924493380125739,0,__system__,-,1024794918,7867818504,0,0,0,-1,-
4924493400140378,3125313,qlever-server-d,S,925,1653,25796536701,16526421,786,9,futex_do_wait
4924493400140378,3125317,qlever-server-d,S,0,0,3234812,0,28,4,futex_do_wait
4924493400140378,3126029,qlever-server-d,R,1916,9,19261159780,14967177,204,12,0
4924493400140378,3126030,qlever-server-d,R,1919,9,19290586967,7681085,171,8,0
4924493400140378,3126031,qlever-server-d,S,0,0,19980,0,1,11,futex_do_wait
4924493400140378,3126032,qlever-server-d,S,0,0,127190,0,4,0,ep_poll
4924493400140378,3126033,qlever-server-d,S,0,0,522531,0,8,8,futex_do_wait
4924493400140378,3126034,qlever-server-d,S,5,36,414084249,63820458,1802,0,futex_do_wait
4924493400140378,3126035,qlever-server-d,S,2,18,210554020,82429679,2455,2,ep_poll
4924493400140378,3126838,qlever-server-d,S,0,0,1590201,5894053,54,14,futex_do_wait
4924493400140378,3126839,qlever-server-d,R,112,1,1139284061,9696346,144,10,0
4924493400140378,0,__system__,-,1024794936,7867818536,0,0,0,-1,-
4924493420141238,3125313,qlever-server-d,S,925,1653,25796536701,16526421,786,9,futex_do_wait
4924493420141238,3125317,qlever-server-d,S,0,0,3234812,0,28,4,futex_do_wait
4924493420141238,3126029,qlever-server-d,R,1918,9,19281162271,14967177,204,12,0
4924493420141238,3126030,qlever-server-d,R,1921,9,19310587128,7681085,171,8,0
4924493420141238,3126031,qlever-server-d,S,0,0,19980,0,1,11,futex_do_wait
4924493420141238,3126032,qlever-server-d,S,0,0,127190,0,4,0,ep_poll
4924493420141238,3126033,qlever-server-d,S,0,0,522531,0,8,8,futex_do_wait
4924493420141238,3126034,qlever-server-d,S,5,36,414546059,63820458,1803,11,futex_do_wait
4924493420141238,3126035,qlever-server-d,S,2,18,210603180,82429679,2458,3,ep_poll
4924493420141238,3126838,qlever-server-d,S,0,0,1590201,5894053,54,14,futex_do_wait
4924493420141238,3126839,qlever-server-d,R,114,1,1159283472,9696346,144,10,0
4924493420141238,0,__system__,-,1024794954,7867818567,0,0,0,-1,-
4924493440147178,3125313,qlever-server-d,S,925,1653,25796536701,16526421,786,9,futex_do_wait
4924493440147178,3125317,qlever-server-d,S,0,0,3234812,0,28,4,futex_do_wait
4924493440147178,3126029,qlever-server-d,R,1920,9,19301161152,14967177,204,12,0
4924493440147178,3126030,qlever-server-d,R,1923,9,19330588099,7681085,171,8,0
4924493440147178,3126031,qlever-server-d,S,0,0,19980,0,1,11,futex_do_wait
4924493440147178,3126032,qlever-server-d,S,0,0,127190,0,4,0,ep_poll
4924493440147178,3126033,qlever-server-d,S,0,0,522531,0,8,8,futex_do_wait
4924493440147178,3126034,qlever-server-d,S,5,36,415139050,63820458,1804,1,futex_do_wait
4924493440147178,3126035,qlever-server-d,S,2,18,210643480,82429679,2461,3,ep_poll
4924493440147178,3126838,qlever-server-d,S,0,0,1631751,5894053,55,5,futex_do_wait
4924493440147178,3126839,qlever-server-d,R,116,1,1179285003,9696346,144,10,0
4924493440147178,0,__system__,-,1024794972,7867818598,0,0,0,-1,-
4924493460139048,3125313,qlever-server-d,S,925,1653,25796536701,16526421,786,9,futex_do_wait
4924493460139048,3125317,qlever-server-d,S,0,0,3234812,0,28,4,futex_do_wait
4924493460139048,3126029,qlever-server-d,R,1922,9,19321162013,14967177,204,12,0
4924493460139048,3126030,qlever-server-d,R,1925,9,19350586890,7681085,171,8,0
4924493460139048,3126031,qlever-server-d,S,0,0,19980,0,1,11,futex_do_wait
4924493460139048,3126032,qlever-server-d,S,0,0,127190,0,4,0,ep_poll
4924493460139048,3126033,qlever-server-d,S,0,0,522531,0,8,8,futex_do_wait
4924493460139048,3126034,qlever-server-d,S,5,36,415835881,63820458,1805,1,futex_do_wait
4924493460139048,3126035,qlever-server-d,S,2,18,210701050,82429679,2465,2,ep_poll
4924493460139048,3126838,qlever-server-d,S,0,0,1631751,5894053,55,5,futex_do_wait
4924493460139048,3126839,qlever-server-d,R,118,1,1199284014,9696346,144,10,0
4924493460139048,0,__system__,-,1024794992,7867818631,0,0,0,-1,-
4924493480137147,3125313,qlever-server-d,S,925,1653,25796536701,16526421,786,9,futex_do_wait
4924493480137147,3125317,qlever-server-d,S,0,0,3234812,0,28,4,futex_do_wait
4924493480137147,3126029,qlever-server-d,R,1924,9,19341160565,14967177,204,12,0
4924493480137147,3126030,qlever-server-d,R,1927,9,19370586752,7681085,171,8,0
4924493480137147,3126031,qlever-server-d,S,0,0,19980,0,1,11,futex_do_wait
4924493480137147,3126032,qlever-server-d,S,0,0,127190,0,4,0,ep_poll
4924493480137147,3126033,qlever-server-d,S,0,0,522531,0,8,8,futex_do_wait
4924493480137147,3126034,qlever-server-d,S,5,36,416403961,63820458,1806,1,futex_do_wait
4924493480137147,3126035,qlever-server-d,S,2,18,210725350,82737079,2466,1,ep_poll
4924493480137147,3126838,qlever-server-d,S,0,0,1666121,5894053,56,5,futex_do_wait
4924493480137147,3126839,qlever-server-d,R,120,1,1219283446,9696346,144,10,0
4924493480137147,0,__system__,-,1024795012,7867818662,0,0,0,-1,-
4924493500133607,3125313,qlever-server-d,S,925,1653,25796536701,16526421,786,9,futex_do_wait
4924493500133607,3125317,qlever-server-d,S,0,0,3234812,0,28,4,futex_do_wait
4924493500133607,3126029,qlever-server-d,R,1926,9,19361161686,14967177,204,12,0
4924493500133607,3126030,qlever-server-d,R,1929,9,19390587103,7681085,171,8,0
4924493500133607,3126031,qlever-server-d,S,0,0,19980,0,1,11,futex_do_wait
4924493500133607,3126032,qlever-server-d,S,0,0,127190,0,4,0,ep_poll
4924493500133607,3126033,qlever-server-d,S,0,0,522531,0,8,8,futex_do_wait
4924493500133607,3126034,qlever-server-d,S,5,36,417022961,63820458,1807,1,futex_do_wait
4924493500133607,3126035,qlever-server-d,S,2,18,210776810,82737079,2469,0,ep_poll
4924493500133607,3126838,qlever-server-d,S,0,0,1666121,5894053,56,5,futex_do_wait
4924493500133607,3126839,qlever-server-d,R,122,1,1239284267,9696346,144,10,0
4924493500133607,0,__system__,-,1024795030,7867818694,0,0,0,-1,-
4924493520137427,3125313,qlever-server-d,S,925,1653,25796536701,16526421,786,9,futex_do_wait
4924493520137427,3125317,qlever-server-d,S,0,0,3234812,0,28,4,futex_do_wait
4924493520137427,3126029,qlever-server-d,R,1928,9,19381161487,14967177,204,12,0
4924493520137427,3126030,qlever-server-d,R,1931,9,19410587344,7681085,171,8,0
4924493520137427,3126031,qlever-server-d,S,0,0,19980,0,1,11,futex_do_wait
4924493520137427,3126032,qlever-server-d,S,0,0,127190,0,4,0,ep_poll
4924493520137427,3126033,qlever-server-d,S,0,0,522531,0,8,8,futex_do_wait
4924493520137427,3126034,qlever-server-d,S,5,36,417560251,63820458,1808,1,futex_do_wait
4924493520137427,3126035,qlever-server-d,S,2,18,210834011,82737079,2472,11,ep_poll
4924493520137427,3126838,qlever-server-d,S,0,0,1666121,5894053,56,5,futex_do_wait
4924493520137427,3126839,qlever-server-d,R,124,1,1259284968,9696346,144,10,0
4924493520137427,0,__system__,-,1024795049,7867818726,0,0,0,-1,-
4924493540139787,3125313,qlever-server-d,S,925,1653,25796536701,16526421,786,9,futex_do_wait
4924493540139787,3125317,qlever-server-d,S,0,0,3234812,0,28,4,futex_do_wait
4924493540139787,3126029,qlever-server-d,R,1930,9,19401161908,14967177,204,12,0
4924493540139787,3126030,qlever-server-d,R,1933,9,19430588945,7681085,171,8,0
4924493540139787,3126031,qlever-server-d,S,0,0,19980,0,1,11,futex_do_wait
4924493540139787,3126032,qlever-server-d,S,0,0,127190,0,4,0,ep_poll
4924493540139787,3126033,qlever-server-d,S,0,0,522531,0,8,8,futex_do_wait
4924493540139787,3126034,qlever-server-d,S,5,36,418101131,63820458,1809,1,futex_do_wait
4924493540139787,3126035,qlever-server-d,S,2,18,210858371,83033659,2473,1,ep_poll
4924493540139787,3126838,qlever-server-d,S,0,0,1707481,5894053,57,5,futex_do_wait
4924493540139787,3126839,qlever-server-d,R,126,1,1279285109,9696346,144,10,0
4924493540139787,0,__system__,-,1024795067,7867818757,0,0,0,-1,-
4924493560137026,3125313,qlever-server-d,S,925,1653,25796536701,16526421,786,9,futex_do_wait
4924493560137026,3125317,qlever-server-d,S,0,0,3234812,0,28,4,futex_do_wait
4924493560137026,3126029,qlever-server-d,R,1932,9,19421162969,14967177,204,12,0
4924493560137026,3126030,qlever-server-d,R,1935,9,19450587036,7681085,171,8,0
4924493560137026,3126031,qlever-server-d,S,0,0,19980,0,1,11,futex_do_wait
4924493560137026,3126032,qlever-server-d,S,0,0,127190,0,4,0,ep_poll
4924493560137026,3126033,qlever-server-d,S,0,0,522531,0,8,8,futex_do_wait
4924493560137026,3126034,qlever-server-d,S,5,36,418653471,63843988,1811,1,futex_do_wait
4924493560137026,3126035,qlever-server-d,S,2,18,210927661,83048509,2477,3,ep_poll
4924493560137026,3126838,qlever-server-d,S,0,0,1707481,5894053,57,5,futex_do_wait
4924493560137026,3126839,qlever-server-d,R,128,1,1299283890,9696346,144,10,0
4924493560137026,0,__system__,-,1024795086,7867818789,0,0,0,-1,-
4924493580133906,3125313,qlever-server-d,S,925,1653,25796536701,16526421,786,9,futex_do_wait
4924493580133906,3125317,qlever-server-d,S,0,0,3234812,0,28,4,futex_do_wait
4924493580133906,3126029,qlever-server-d,R,1934,9,19441163100,14967177,204,12,0
4924493580133906,3126030,qlever-server-d,R,1937,9,19470588437,7681085,171,8,0
4924493580133906,3126031,qlever-server-d,S,0,0,19980,0,1,11,futex_do_wait
4924493580133906,3126032,qlever-server-d,S,0,0,127190,0,4,0,ep_poll
4924493580133906,3126033,qlever-server-d,S,0,0,522531,0,8,8,futex_do_wait
4924493580133906,3126034,qlever-server-d,S,5,36,419234811,63843988,1812,11,futex_do_wait
4924493580133906,3126035,qlever-server-d,S,2,18,210993571,83048509,2480,1,ep_poll
4924493580133906,3126838,qlever-server-d,S,0,0,1736601,5894053,58,7,futex_do_wait
4924493580133906,3126839,qlever-server-d,R,130,1,1319287101,9696346,144,10,0
4924493580133906,0,__system__,-,1024795104,7867818821,0,0,0,-1,-
4924493600137176,3125313,qlever-server-d,S,925,1653,25796536701,16526421,786,9,futex_do_wait
4924493600137176,3125317,qlever-server-d,S,0,0,3234812,0,28,4,futex_do_wait
4924493600137176,3126029,qlever-server-d,R,1936,9,19461162921,14967177,204,12,0
4924493600137176,3126030,qlever-server-d,R,1939,9,19490587608,7681085,171,8,0
4924493600137176,3126031,qlever-server-d,S,0,0,19980,0,1,11,futex_do_wait
4924493600137176,3126032,qlever-server-d,S,0,0,127190,0,4,0,ep_poll
4924493600137176,3126033,qlever-server-d,S,0,0,522531,0,8,8,futex_do_wait
4924493600137176,3126034,qlever-server-d,S,5,36,419738371,63843988,1813,3,futex_do_wait
4924493600137176,3126035,qlever-server-d,S,2,18,211016391,83305549,2481,3,ep_poll
4924493600137176,3126838,qlever-server-d,S,0,0,1736601,5894053,58,7,futex_do_wait
4924493600137176,3126839,qlever-server-d,R,132,1,1339257102,9723756,145,10,0
4924493600137176,0,__system__,-,1024795123,7867818851,0,0,0,-1,-
4924493620134906,3125313,qlever-server-d,S,925,1653,25796536701,16526421,786,9,futex_do_wait
4924493620134906,3125317,qlever-server-d,S,0,0,3234812,0,28,4,futex_do_wait
4924493620134906,3126029,qlever-server-d,R,1938,9,19481164462,14967177,204,12,0
4924493620134906,3126030,qlever-server-d,R,1941,9,19510588329,7681085,171,8,0
4924493620134906,3126031,qlever-server-d,S,0,0,19980,0,1,11,futex_do_wait
4924493620134906,3126032,qlever-server-d,S,0,0,127190,0,4,0,ep_poll
4924493620134906,3126033,qlever-server-d,S,0,0,522531,0,8,8,futex_do_wait
4924493620134906,3126034,qlever-server-d,S,5,36,420758121,63843988,1815,3,futex_do_wait
4924493620134906,3126035,qlever-server-d,S,2,18,211134841,84422899,2486,1,ep_poll
4924493620134906,3126838,qlever-server-d,S,0,0,1736601,5894053,58,7,futex_do_wait
4924493620134906,3126839,qlever-server-d,R,134,1,1359258133,9723756,145,10,0
4924493620134906,0,__system__,-,1024795143,7867818884,0,0,0,-1,-
4924493640139565,3125313,qlever-server-d,S,925,1653,25796536701,16526421,786,9,futex_do_wait
4924493640139565,3125317,qlever-server-d,S,0,0,3234812,0,28,4,futex_do_wait
4924493640139565,3126029,qlever-server-d,R,1940,9,19501163033,14967177,204,12,0
4924493640139565,3126030,qlever-server-d,R,1943,9,19530588880,7681085,171,8,0
4924493640139565,3126031,qlever-server-d,S,0,0,19980,0,1,11,futex_do_wait
4924493640139565,3126032,qlever-server-d,S,0,0,127190,0,4,0,ep_poll
4924493640139565,3126033,qlever-server-d,S,0,0,522531,0,8,8,futex_do_wait
4924493640139565,3126034,qlever-server-d,S,5,37,421131972,63843988,1816,0,futex_do_wait
4924493640139565,3126035,qlever-server-d,S,2,18,211192781,85662759,2488,2,ep_poll
4924493640139565,3126838,qlever-server-d,S,0,0,1787561,5894053,59,7,futex_do_wait
4924493640139565,3126839,qlever-server-d,R,136,1,1379259534,9723756,145,10,0
4924493640139565,0,__system__,-,1024795163,7867818917,0,0,0,-1,-
4924493660135775,3125313,qlever-server-d,S,925,1653,25796536701,16526421,786,9,futex_do_wait
4924493660135775,3125317,qlever-server-d,S,0,0,3234812,0,28,4,futex_do_wait
4924493660135775,3126029,qlever-server-d,R,1942,9,19521163855,14967177,204,12,0
4924493660135775,3126030,qlever-server-d,R,1945,9,19550588922,7681085,171,8,0
4924493660135775,3126031,qlever-server-d,S,0,0,19980,0,1,11,futex_do_wait
4924493660135775,3126032,qlever-server-d,S,0,0,127190,0,4,0,ep_poll
4924493660135775,3126033,qlever-server-d,S,0,0,522531,0,8,8,futex_do_wait
4924493660135775,3126034,qlever-server-d,S,5,37,421777372,63843988,1817,0,futex_do_wait
4924493660135775,3126035,qlever-server-d,S,2,18,211231801,86043429,2490,2,ep_poll
4924493660135775,3126838,qlever-server-d,S,0,0,1787561,5894053,59,7,futex_do_wait
4924493660135775,3126839,qlever-server-d,R,138,1,1399258946,9723756,145,10,0
4924493660135775,0,__system__,-,1024795180,7867818947,0,0,0,-1,-
4924493680139235,3125313,qlever-server-d,S,925,1653,25796536701,16526421,786,9,futex_do_wait
4924493680139235,3125317,qlever-server-d,S,0,0,3234812,0,28,4,futex_do_wait
4924493680139235,3126029,qlever-server-d,R,1944,9,19541164006,14967177,204,12,0
4924493680139235,3126030,qlever-server-d,R,1947,9,19570587773,7681085,171,8,0
4924493680139235,3126031,qlever-server-d,S,0,0,19980,0,1,11,futex_do_wait
4924493680139235,3126032,qlever-server-d,S,0,0,127190,0,4,0,ep_poll
4924493680139235,3126033,qlever-server-d,S,0,0,522531,0,8,8,futex_do_wait
4924493680139235,3126034,qlever-server-d,S,5,37,422320362,63843988,1818,0,futex_do_wait
4924493680139235,3126035,qlever-server-d,S,2,18,211291771,86043429,2493,3,ep_poll
4924493680139235,3126838,qlever-server-d,S,0,0,1818481,5894053,60,7,futex_do_wait
4924493680139235,3126839,qlever-server-d,R,140,1,1419258097,9723756,145,10,0
4924493680139235,0,__system__,-,1024795199,7867818980,0,0,0,-1,-
4924493700137425,3125313,qlever-server-d,S,925,1653,25796536701,16526421,786,9,futex_do_wait
4924493700137425,3125317,qlever-server-d,S,0,0,3234812,0,28,4,futex_do_wait
4924493700137425,3126029,qlever-server-d,R,1946,9,19561164407,14967177,204,12,0
4924493700137425,3126030,qlever-server-d,R,1949,9,19590589004,7681085,171,8,0
4924493700137425,3126031,qlever-server-d,S,0,0,19980,0,1,11,futex_do_wait
4924493700137425,3126032,qlever-server-d,S,0,0,127190,0,4,0,ep_poll
4924493700137425,3126033,qlever-server-d,S,0,0,522531,0,8,8,futex_do_wait
4924493700137425,3126034,qlever-server-d,S,5,37,422938412,63843988,1819,1,futex_do_wait
4924493700137425,3126035,qlever-server-d,S,2,18,211339801,86043429,2496,11,ep_poll
4924493700137425,3126838,qlever-server-d,S,0,0,1818481,5894053,60,7,futex_do_wait
4924493700137425,3126839,qlever-server-d,R,142,1,1439258858,9723756,145,10,0
4924493700137425,0,__system__,-,1024795217,7867819011,0,0,0,-1,-
4924493720130985,3125313,qlever-server-d,S,925,1653,25796536701,16526421,786,9,futex_do_wait
4924493720130985,3125317,qlever-server-d,S,0,0,3234812,0,28,4,futex_do_wait
4924493720130985,3126029,qlever-server-d,R,1948,9,19581164528,14967177,204,12,0
4924493720130985,3126030,qlever-server-d,R,1951,9,19610561605,7709265,172,8,0
4924493720130985,3126031,qlever-server-d,S,0,0,19980,0,1,11,futex_do_wait
4924493720130985,3126032,qlever-server-d,S,0,0,127190,0,4,0,ep_poll
4924493720130985,3126033,qlever-server-d,S,0,0,522531,0,8,8,futex_do_wait
4924493720130985,3126034,qlever-server-d,S,5,37,424123362,63843988,1821,1,futex_do_wait
4924493720130985,3126035,qlever-server-d,S,2,18,211472311,86054149,2502,3,ep_poll
4924493720130985,3126838,qlever-server-d,S,0,0,1818481,5894053,60,7,futex_do_wait
4924493720130985,3126839,qlever-server-d,R,144,1,1459259629,9723756,145,10,0
4924493720130985,0,__system__,-,1024795236,7867819042,0,0,0,-1,-
4924493740137524,3125313,qlever-server-d,S,925,1653,25796536701,16526421,786,9,futex_do_wait
4924493740137524,3125317,qlever-server-d,S,0,0,3234812,0,28,4,futex_do_wait
4924493740137524,3126029,qlever-server-d,R,1950,9,19601164659,14967177,204,12,0
4924493740137524,3126030,qlever-server-d,R,1953,9,19630560876,7709265,172,8,0
4924493740137524,3126031,qlever-server-d,S,0,0,19980,0,1,11,futex_do_wait
4924493740137524,3126032,qlever-server-d,S,0,0,127190,0,4,0,ep_poll
4924493740137524,3126033,qlever-server-d,S,0,0,522531,0,8,8,futex_do_wait
4924493740137524,3126034,qlever-server-d,S,5,37,424681982,63843988,1822,0,futex_do_wait
4924493740137524,3126035,qlever-server-d,S,2,18,211495471,86364179,2503,0,ep_poll
4924493740137524,3126838,qlever-server-d,S,0,0,1854491,5894053,61,4,futex_do_wait
4924493740137524,3126839,qlever-server-d,R,146,1,1479258470,9723756,145,10,0
4924493740137524,0,__system__,-,1024795256,7867819073,0,0,0,-1,-
4924493760140294,3125313,qlever-server-d,S,925,1653,25796536701,16526421,786,9,futex_do_wait
4924493760140294,3125317,qlever-server-d,S,0,0,3234812,0,28,4,futex_do_wait
4924493760140294,3126029,qlever-server-d,R,1952,9,19621165610,14967177,204,12,0
4924493760140294,3126030,qlever-server-d,R,1955,9,19650560617,7709265,172,8,0
4924493760140294,3126031,qlever-server-d,S,0,0,19980,0,1,11,futex_do_wait
4924493760140294,3126032,qlever-server-d,S,0,0,127190,0,4,0,ep_poll
4924493760140294,3126033,qlever-server-d,S,0,0,522531,0,8,8,futex_do_wait
4924493760140294,3126034,qlever-server-d,S,5,37,425246312,63843988,1823,0,futex_do_wait
4924493760140294,3126035,qlever-server-d,S,2,18,211554521,86372259,2506,2,ep_poll
4924493760140294,3126838,qlever-server-d,S,0,0,1854491,5894053,61,4,futex_do_wait
4924493760140294,3126839,qlever-server-d,R,148,1,1499259181,9723756,145,10,0
4924493760140294,0,__system__,-,1024795277,7867819105,0,0,0,-1,-
4924493780137264,3125313,qlever-server-d,S,925,1653,25796536701,16526421,786,9,futex_do_wait
4924493780137264,3125317,qlever-server-d,S,0,0,3234812,0,28,4,futex_do_wait
4924493780137264,3126029,qlever-server-d,R,1954,9,19641164351,14967177,204,12,0
4924493780137264,3126030,qlever-server-d,R,1957,9,19670559628,7709265,172,8,0
4924493780137264,3126031,qlever-server-d,S,0,0,19980,0,1,11,futex_do_wait
4924493780137264,3126032,qlever-server-d,S,0,0,127190,0,4,0,ep_poll
4924493780137264,3126033,qlever-server-d,S,0,0,522531,0,8,8,futex_do_wait
4924493780137264,3126034,qlever-server-d,S,5,37,425627612,63843988,1824,0,futex_do_wait
4924493780137264,3126035,qlever-server-d,S,2,18,211597131,86372259,2508,3,ep_poll
4924493780137264,3126838,qlever-server-d,S,0,0,1889841,5894053,62,7,futex_do_wait
4924493780137264,3126839,qlever-server-d,R,150,1,1519258392,9723756,145,10,0
4924493780137264,0,__system__,-,1024795297,7867819137,0,0,0,-1,-
4924493800137004,3125313,qlever-server-d,S,925,1653,25796536701,16526421,786,9,futex_do_wait
4924493800137004,3125317,qlever-server-d,S,0,0,3234812,0,28,4,futex_do_wait
4924493800137004,3126029,qlever-server-d,R,1956,9,19661165632,14967177,204,12,0
4924493800137004,3126030,qlever-server-d,R,1959,9,19690561459,7709265,172,8,0
4924493800137004,3126031,qlever-server-d,S,0,0,19980,0,1,11,futex_do_wait
4924493800137004,3126032,qlever-server-d,S,0,0,127190,0,4,0,ep_poll
4924493800137004,3126033,qlever-server-d,S,0,0,522531,0,8,8,futex_do_wait
4924493800137004,3126034,qlever-server-d,R,5,37,426163612,63843988,1826,0,0
4924493800137004,3126035,qlever-server-d,S,2,18,211687961,86372259,2513,11,ep_poll
4924493800137004,3126838,qlever-server-d,S,0,0,1889841,5894053,62,7,futex_do_wait
4924493800137004,3126839,qlever-server-d,R,152,1,1539583134,9723756,145,10,0
4924493800137004,0,__system__,-,1024795316,7867819167,0,0,0,-1,-
4924493820137363,3125313,qlever-server-d,S,925,1653,25796536701,16526421,786,9,futex_do_wait
4924493820137363,3125317,qlever-server-d,S,0,0,3234812,0,28,4,futex_do_wait
4924493820137363,3126029,qlever-server-d,R,1958,9,19681165753,14967177,204,12,0
4924493820137363,3126030,qlever-server-d,R,1961,9,19710521300,7751325,173,8,0
4924493820137363,3126031,qlever-server-d,S,0,0,19980,0,1,11,futex_do_wait
4924493820137363,3126032,qlever-server-d,S,0,0,127190,0,4,0,ep_poll
4924493820137363,3126033,qlever-server-d,S,0,0,522531,0,8,8,futex_do_wait
4924493820137363,3126034,qlever-server-d,S,5,37,427227573,63843988,1827,0,futex_do_wait
4924493820137363,3126035,qlever-server-d,S,2,18,211752681,86372259,2517,11,ep_poll
4924493820137363,3126838,qlever-server-d,S,0,0,1889841,5894053,62,7,futex_do_wait
4924493820137363,3126839,qlever-server-d,R,154,1,1559259414,9723756,145,10,0
4924493820137363,0,__system__,-,1024795339,7867819201,0,0,0,-1,-
4924493840134113,3125313,qlever-server-d,S,925,1653,25796536701,16526421,786,9,futex_do_wait
4924493840134113,3125317,qlever-server-d,S,0,0,3234812,0,28,4,futex_do_wait
4924493840134113,3126029,qlever-server-d,R,1960,9,19701165685,14967177,204,12,0
4924493840134113,3126030,qlever-server-d,R,1963,9,19730518892,7751325,173,8,0
4924493840134113,3126031,qlever-server-d,S,0,0,19980,0,1,11,futex_do_wait
4924493840134113,3126032,qlever-server-d,S,0,0,127190,0,4,0,ep_poll
4924493840134113,3126033,qlever-server-d,S,0,0,522531,0,8,8,futex_do_wait
4924493840134113,3126034,qlever-server-d,S,5,37,427586273,63843988,1828,0,futex_do_wait
4924493840134113,3126035,qlever-server-d,S,2,18,211790581,86372259,2519,11,ep_poll
4924493840134113,3126838,qlever-server-d,S,0,0,1924941,5894053,63,4,futex_do_wait
4924493840134113,3126839,qlever-server-d,R,156,1,1579258976,9723756,145,10,0
4924493840134113,0,__system__,-,1024795360,7867819233,0,0,0,-1,-
4924493860141283,3125313,qlever-server-d,S,925,1653,25796536701,16526421,786,9,futex_do_wait
4924493860141283,3125317,qlever-server-d,S,0,0,3234812,0,28,4,futex_do_wait
4924493860141283,3126029,qlever-server-d,R,1962,9,19721165506,14967177,204,12,0
4924493860141283,3126030,qlever-server-d,R,1965,9,19750519583,7751325,173,8,0
4924493860141283,3126031,qlever-server-d,S,0,0,19980,0,1,11,futex_do_wait
4924493860141283,3126032,qlever-server-d,S,0,0,127190,0,4,0,ep_poll
4924493860141283,3126033,qlever-server-d,S,0,0,522531,0,8,8,futex_do_wait
4924493860141283,3126034,qlever-server-d,S,5,37,428154844,63843988,1829,1,futex_do_wait
4924493860141283,3126035,qlever-server-d,S,2,18,211845181,86457799,2522,11,ep_poll
4924493860141283,3126838,qlever-server-d,S,0,0,1924941,5894053,63,4,futex_do_wait
4924493860141283,3126839,qlever-server-d,R,158,1,1599259017,9723756,145,10,0
4924493860141283,0,__system__,-,1024795379,7867819264,0,0,0,-1,-
4924493880146223,3125313,qlever-server-d,S,925,1653,25796536701,16526421,786,9,futex_do_wait
4924493880146223,3125317,qlever-server-d,S,0,0,3234812,0,28,4,futex_do_wait
4924493880146223,3126029,qlever-server-d,R,1964,9,19741165337,14967177,204,12,0
4924493880146223,3126030,qlever-server-d,R,1967,9,19770520294,7751325,173,8,0
4924493880146223,3126031,qlever-server-d,S,0,0,19980,0,1,11,futex_do_wait
4924493880146223,3126032,qlever-server-d,S,0,0,127190,0,4,0,ep_poll
4924493880146223,3126033,qlever-server-d,S,0,0,522531,0,8,8,futex_do_wait
4924493880146223,3126034,qlever-server-d,S,5,37,429244564,63843988,1831,1,futex_do_wait
4924493880146223,3126035,qlever-server-d,S,2,18,211981601,86457799,2528,0,ep_poll
4924493880146223,3126838,qlever-server-d,R,0,0,1924941,5894053,63,4,0
4924493880146223,3126839,qlever-server-d,R,160,1,1619259928,9723756,145,10,0
4924493880146223,0,__system__,-,1024795398,7867819296,0,0,0,-1,-
4924493900138073,3125313,qlever-server-d,S,925,1653,25796536701,16526421,786,9,futex_do_wait
4924493900138073,3125317,qlever-server-d,S,0,0,3234812,0,28,4,futex_do_wait
4924493900138073,3126029,qlever-server-d,R,1966,9,19761166568,14967177,204,12,0
4924493900138073,3126030,qlever-server-d,R,1969,9,19790496505,7774795,174,8,0
4924493900138073,3126031,qlever-server-d,S,0,0,19980,0,1,11,futex_do_wait
4924493900138073,3126032,qlever-server-d,S,0,0,127190,0,4,0,ep_poll
4924493900138073,3126033,qlever-server-d,S,0,0,522531,0,8,8,futex_do_wait
4924493900138073,3126034,qlever-server-d,S,5,37,429628645,63843988,1832,1,futex_do_wait
4924493900138073,3126035,qlever-server-d,S,2,18,212018481,86457799,2530,0,ep_poll
4924493900138073,3126838,qlever-server-d,S,0,0,1957631,6749383,64,4,futex_do_wait
4924493900138073,3126839,qlever-server-d,R,162,1,1639259249,9723756,145,10,0
4924493900138073,0,__system__,-,1024795415,7867819327,0,0,0,-1,-
4924493920130132,3125313,qlever-server-d,S,925,1653,25796536701,16526421,786,9,futex_do_wait
4924493920130132,3125317,qlever-server-d,S,0,0,3234812,0,28,4,futex_do_wait
4924493920130132,3126029,qlever-server-d,R,1968,9,19781165619,14967177,204,12,0
4924493920130132,3126030,qlever-server-d,R,1971,9,19810496006,7774795,174,8,0
4924493920130132,3126031,qlever-server-d,S,0,0,19980,0,1,11,futex_do_wait
4924493920130132,3126032,qlever-server-d,S,0,0,127190,0,4,0,ep_poll
4924493920130132,3126033,qlever-server-d,S,0,0,522531,0,8,8,futex_do_wait
4924493920130132,3126034,qlever-server-d,S,5,37,430161405,63843988,1833,1,futex_do_wait
4924493920130132,3126035,qlever-server-d,S,2,18,212069741,86457799,2533,0,ep_poll
4924493920130132,3126838,qlever-server-d,S,0,0,1957631,6749383,64,4,futex_do_wait
4924493920130132,3126839,qlever-server-d,R,164,1,1659259070,9723756,145,10,0
4924493920130132,0,__system__,-,1024795433,7867819358,0,0,0,-1,-
4924493940140712,3125313,qlever-server-d,S,925,1653,25796536701,16526421,786,9,futex_do_wait
4924493940140712,3125317,qlever-server-d,S,0,0,3234812,0,28,4,futex_do_wait
4924493940140712,3126029,qlever-server-d,R,1970,9,19801164320,14967177,204,12,0
4924493940140712,3126030,qlever-server-d,R,1973,9,19830497517,7774795,174,8,0
4924493940140712,3126031,qlever-server-d,S,0,0,19980,0,1,11,futex_do_wait
4924493940140712,3126032,qlever-server-d,S,0,0,127190,0,4,0,ep_poll
4924493940140712,3126033,qlever-server-d,S,0,0,522531,0,8,8,futex_do_wait
4924493940140712,3126034,qlever-server-d,S,5,37,431139507,63843988,1835,1,futex_do_wait
4924493940140712,3126035,qlever-server-d,S,2,18,212160982,86457799,2538,0,ep_poll
4924493940140712,3126838,qlever-server-d,S,0,0,1994041,6749383,65,14,futex_do_wait
4924493940140712,3126839,qlever-server-d,R,166,1,1679260241,9723756,145,10,0
4924493940140712,0,__system__,-,1024795452,7867819391,0,0,0,-1,-
4924493960139172,3125313,qlever-server-d,S,925,1653,25796536701,16526421,786,9,futex_do_wait
4924493960139172,3125317,qlever-server-d,S,0,0,3234812,0,28,4,futex_do_wait
4924493960139172,3126029,qlever-server-d,R,1972,9,19821150421,14984607,205,12,0
4924493960139172,3126030,qlever-server-d,R,1975,9,19850497878,7774795,174,8,0
4924493960139172,3126031,qlever-server-d,S,0,0,19980,0,1,11,futex_do_wait
4924493960139172,3126032,qlever-server-d,S,0,0,127190,0,4,0,ep_poll
4924493960139172,3126033,qlever-server-d,S,0,0,522531,0,8,8,futex_do_wait
4924493960139172,3126034,qlever-server-d,S,5,37,431687498,63843988,1836,1,futex_do_wait
4924493960139172,3126035,qlever-server-d,S,2,18,212206232,86457799,2541,0,ep_poll
4924493960139172,3126838,qlever-server-d,S,0,0,1994041,6749383,65,14,futex_do_wait
4924493960139172,3126839,qlever-server-d,R,168,1,1699260962,9723756,145,10,0
4924493960139172,0,__system__,-,1024795471,7867819423,0,0,0,-1,-
4924493980136622,3125313,qlever-server-d,S,925,1653,25796536701,16526421,786,9,futex_do_wait
4924493980136622,3125317,qlever-server-d,S,0,0,3234812,0,28,4,futex_do_wait
4924493980136622,3126029,qlever-server-d,R,1974,9,19841150712,14984607,205,12,0
4924493980136622,3126030,qlever-server-d,R,1977,9,19870496539,7774795,174,8,0
4924493980136622,3126031,qlever-server-d,S,0,0,19980,0,1,11,futex_do_wait
4924493980136622,3126032,qlever-server-d,S,0,0,127190,0,4,0,ep_poll
4924493980136622,3126033,qlever-server-d,S,0,0,522531,0,8,8,futex_do_wait
4924493980136622,3126034,qlever-server-d,S,5,37,432109788,63843988,1837,1,futex_do_wait
4924493980136622,3126035,qlever-server-d,S,2,18,212241582,86457799,2543,11,ep_poll
4924493980136622,3126838,qlever-server-d,S,0,0,1994041,6749383,65,14,futex_do_wait
4924493980136622,3126839,qlever-server-d,R,170,1,1719259993,9723756,145,10,0
4924493980136622,0,__system__,-,1024795492,7867819455,0,0,0,-1,-
4924494000141121,3125313,qlever-server-d,S,925,1653,25796536701,16526421,786,9,futex_do_wait
4924494000141121,3125317,qlever-server-d,S,0,0,3234812,0,28,4,futex_do_wait
4924494000141121,3126029,qlever-server-d,R,1976,9,19861150963,14984607,205,12,0
4924494000141121,3126030,qlever-server-d,R,1979,9,19890498070,7774795,174,8,0
4924494000141121,3126031,qlever-server-d,S,0,0,19980,0,1,11,futex_do_wait
4924494000141121,3126032,qlever-server-d,S,0,0,127190,0,4,0,ep_poll
4924494000141121,3126033,qlever-server-d,S,0,0,522531,0,8,8,futex_do_wait
4924494000141121,3126034,qlever-server-d,S,5,37,432670048,63843988,1838,1,futex_do_wait
4924494000141121,3126035,qlever-server-d,S,2,18,212293422,86457799,2546,11,ep_poll
4924494000141121,3126838,qlever-server-d,S,0,0,2033861,6749383,66,4,futex_do_wait
4924494000141121,3126839,qlever-server-d,R,172,1,1739261824,9723756,145,10,0
4924494000141121,0,__system__,-,1024795510,7867819486,0,0,0,-1,-
4924494020128821,3125313,qlever-server-d,S,925,1653,25796536701,16526421,786,9,futex_do_wait
4924494020128821,3125317,qlever-server-d,S,0,0,3234812,0,28,4,futex_do_wait
4924494020128821,3126029,qlever-server-d,R,1978,9,19881149775,14984607,205,12,0
4924494020128821,3126030,qlever-server-d,R,1981,9,19910497802,7774795,174,8,0
4924494020128821,3126031,qlever-server-d,S,0,0,19980,0,1,11,futex_do_wait
4924494020128821,3126032,qlever-server-d,S,0,0,127190,0,4,0,ep_poll
4924494020128821,3126033,qlever-server-d,S,0,0,522531,0,8,8,futex_do_wait
4924494020128821,3126034,qlever-server-d,S,5,37,433248358,63843988,1840,1,0
4924494020128821,3126035,qlever-server-d,S,2,18,212343552,86457799,2549,11,ep_poll
4924494020128821,3126838,qlever-server-d,S,0,0,2033861,6749383,66,4,futex_do_wait
4924494020128821,3126839,qlever-server-d,R,174,1,1759981056,9723756,145,10,0
4924494020128821,0,__system__,-,1024795529,7867819518,0,0,0,-1,-
4924494040130471,3125313,qlever-server-d,S,925,1653,25796536701,16526421,786,9,futex_do_wait
4924494040130471,3125317,qlever-server-d,S,0,0,3234812,0,28,4,futex_do_wait
4924494040130471,3126029,qlever-server-d,R,1980,9,19901151406,14984607,205,12,0
4924494040130471,3126030,qlever-server-d,R,1983,9,19930496363,7774795,174,8,0
4924494040130471,3126031,qlever-server-d,S,0,0,19980,0,1,11,futex_do_wait
4924494040130471,3126032,qlever-server-d,S,0,0,127190,0,4,0,ep_poll
4924494040130471,3126033,qlever-server-d,S,0,0,522531,0,8,8,futex_do_wait
4924494040130471,3126034,qlever-server-d,S,5,38,434362769,63843988,1841,1,futex_do_wait
4924494040130471,3126035,qlever-server-d,S,2,18,212463612,86457799,2555,0,ep_poll
4924494040130471,3126838,qlever-server-d,S,0,0,2069311,6749383,67,4,futex_do_wait
4924494040130471,3126839,qlever-server-d,R,176,1,1779259727,9723756,145,10,0
4924494040130471,0,__system__,-,1024795548,7867819551,0,0,0,-1,-
4924494060138331,3125313,qlever-server-d,S,925,1653,25796536701,16526421,786,9,futex_do_wait
4924494060138331,3125317,qlever-server-d,S,0,0,3234812,0,28,4,futex_do_wait
4924494060138331,3126029,qlever-server-d,R,1982,9,19921150927,14984607,205,12,0
4924494060138331,3126030,qlever-server-d,R,1984,10,19950497364,7774795,174,8,0
4924494060138331,3126031,qlever-server-d,S,0,0,19980,0,1,11,futex_do_wait
4924494060138331,3126032,qlever-server-d,S,0,0,127190,0,4,0,ep_poll
4924494060138331,3126033,qlever-server-d,S,0,0,522531,0,8,8,futex_do_wait
4924494060138331,3126034,qlever-server-d,S,5,38,434757959,63843988,1842,1,futex_do_wait
4924494060138331,3126035,qlever-server-d,S,2,18,212504192,86457799,2557,0,ep_poll
4924494060138331,3126838,qlever-server-d,S,0,0,2069311,6749383,67,4,futex_do_wait
4924494060138331,3126839,qlever-server-d,R,178,1,1799260548,9723756,145,10,0
4924494060138331,0,__system__,-,1024795566,7867819582,0,0,0,-1,-
4924494080142280,3125313,qlever-server-d,S,925,1653,25796536701,16526421,786,9,futex_do_wait
4924494080142280,3125317,qlever-server-d,S,0,0,3234812,0,28,4,futex_do_wait
4924494080142280,3126029,qlever-server-d,R,1984,9,19941149818,14984607,205,12,0
4924494080142280,3126030,qlever-server-d,R,1986,10,19970497165,7774795,174,8,0
4924494080142280,3126031,qlever-server-d,S,0,0,19980,0,1,11,futex_do_wait
4924494080142280,3126032,qlever-server-d,S,0,0,127190,0,4,0,ep_poll
4924494080142280,3126033,qlever-server-d,S,0,0,522531,0,8,8,futex_do_wait
4924494080142280,3126034,qlever-server-d,S,5,38,435269479,63843988,1843,1,futex_do_wait
4924494080142280,3126035,qlever-server-d,S,2,18,212552612,86457799,2560,0,ep_poll
4924494080142280,3126838,qlever-server-d,S,0,0,2069311,6749383,67,4,futex_do_wait
4924494080142280,3126839,qlever-server-d,R,180,1,1819260309,9723756,145,10,0
4924494080142280,0,__system__,-,1024795583,7867819612,0,0,0,-1,-
4924494100122770,3125313,qlever-server-d,S,925,1653,25796536701,16526421,786,9,futex_do_wait
4924494100122770,3125317,qlever-server-d,S,0,0,3234812,0,28,4,futex_do_wait
4924494100122770,3126029,qlever-server-d,R,1986,9,19961234079,14984607,205,12,0
4924494100122770,3126030,qlever-server-d,R,1988,10,19990498266,7774795,174,8,0
4924494100122770,3126031,qlever-server-d,S,0,0,19980,0,1,11,futex_do_wait
4924494100122770,3126032,qlever-server-d,S,0,0,127190,0,4,0,ep_poll
4924494100122770,3126033,qlever-server-d,S,0,0,522531,0,8,8,futex_do_wait
4924494100122770,3126034,qlever-server-d,S,5,38,435809110,63843988,1844,1,futex_do_wait
4924494100122770,3126035,qlever-server-d,S,2,18,212616502,86457799,2563,3,ep_poll
4924494100122770,3126838,qlever-server-d,S,0,0,2107111,6749383,68,4,futex_do_wait
4924494100122770,3126839,qlever-server-d,R,182,1,1839261260,9723756,145,10,0
4924494100122770,0,__system__,-,1024795604,7867819645,0,0,0,-1,-
4924494120135810,3125313,qlever-server-d,S,925,1653,25796536701,16526421,786,9,futex_do_wait
4924494120135810,3125317,qlever-server-d,S,0,0,3234812,0,28,4,futex_do_wait
4924494120135810,3126029,qlever-server-d,R,1988,9,19981150020,14984607,205,12,0
4924494120135810,3126030,qlever-server-d,R,1990,10,20010499027,7774795,174,8,0
4924494120135810,3126031,qlever-server-d,S,0,0,19980,0,1,11,futex_do_wait
4924494120135810,3126032,qlever-server-d,S,0,0,127190,0,4,0,ep_poll
4924494120135810,3126033,qlever-server-d,S,0,0,522531,0,8,8,futex_do_wait
4924494120135810,3126034,qlever-server-d,S,5,38,436348951,63843988,1845,1,futex_do_wait
4924494120135810,3126035,qlever-server-d,S,2,18,212668302,86457799,2566,0,ep_poll
4924494120135810,3126838,qlever-server-d,S,0,0,2107111,6749383,68,4,futex_do_wait
4924494120135810,3126839,qlever-server-d,R,184,1,1859262131,9723756,145,10,0
4924494120135810,0,__system__,-,1024795623,7867819677,0,0,0,-1,-
4924494140128520,3125313,qlever-server-d,S,925,1653,25796536701,16526421,786,9,futex_do_wait
4924494140128520,3125317,qlever-server-d,S,0,0,3234812,0,28,4,futex_do_wait
4924494140128520,3126029,qlever-server-d,R,1990,9,20001153911,14984607,205,12,0
4924494140128520,3126030,qlever-server-d,R,1992,10,20030498758,7774795,174,8,0
4924494140128520,3126031,qlever-server-d,S,0,0,19980,0,1,11,futex_do_wait
4924494140128520,3126032,qlever-server-d,S,0,0,127190,0,4,0,ep_poll
4924494140128520,3126033,qlever-server-d,S,0,0,522531,0,8,8,futex_do_wait
4924494140128520,3126034,qlever-server-d,R,5,38,436936731,63843988,1847,1,0
4924494140128520,3126035,qlever-server-d,S,2,18,212741532,86457799,2570,0,ep_poll
4924494140128520,3126838,qlever-server-d,S,0,0,2142881,6749383,69,7,futex_do_wait
4924494140128520,3126839,qlever-server-d,R,186,1,1879575692,9723756,146,10,0
4924494140128520,0,__system__,-,1024795641,7867819708,0,0,0,-1,-
4924494160138860,3125313,qlever-server-d,S,925,1653,25796536701,16526421,786,9,futex_do_wait
4924494160138860,3125317,qlever-server-d,S,0,0,3234812,0,28,4,futex_do_wait
4924494160138860,3126029,qlever-server-d,R,1992,9,20021132612,15001627,206,12,0
4924494160138860,3126030,qlever-server-d,R,1994,10,20050478249,7794335,175,8,0
4924494160138860,3126031,qlever-server-d,S,0,0,19980,0,1,11,futex_do_wait
4924494160138860,3126032,qlever-server-d,S,0,0,127190,0,4,0,ep_poll
4924494160138860,3126033,qlever-server-d,S,0,0,522531,0,8,8,futex_do_wait
4924494160138860,3126034,qlever-server-d,S,5,38,437894942,63843988,1848,1,futex_do_wait
4924494160138860,3126035,qlever-server-d,S,2,18,212802102,86457799,2574,0,ep_poll
4924494160138860,3126838,qlever-server-d,S,0,0,2142881,6749383,69,7,futex_do_wait
4924494160138860,3126839,qlever-server-d,R,188,1,1899231753,9739036,147,10,0
4924494160138860,0,__system__,-,1024795660,7867819740,0,0,0,-1,-
4924494180140649,3125313,qlever-server-d,S,925,1653,25796536701,16526421,786,9,futex_do_wait
4924494180140649,3125317,qlever-server-d,S,0,0,3234812,0,28,4,futex_do_wait
4924494180140649,3126029,qlever-server-d,R,1994,9,20041133923,15001627,206,12,0
4924494180140649,3126030,qlever-server-d,R,1996,10,20070478170,7794335,175,8,0
4924494180140649,3126031,qlever-server-d,S,0,0,19980,0,1,11,futex_do_wait
4924494180140649,3126032,qlever-server-d,S,0,0,127190,0,4,0,ep_poll
4924494180140649,3126033,qlever-server-d,S,0,0,522531,0,8,8,futex_do_wait
4924494180140649,3126034,qlever-server-d,S,5,38,438442952,63843988,1849,1,futex_do_wait
4924494180140649,3126035,qlever-server-d,S,2,18,212850832,86457799,2577,0,ep_poll
4924494180140649,3126838,qlever-server-d,S,0,0,2142881,6749383,69,7,futex_do_wait
4924494180140649,3126839,qlever-server-d,R,190,1,1919231364,9739036,147,10,0
4924494180140649,0,__system__,-,1024795677,7867819771,0,0,0,-1,-
4924494200155859,3125313,qlever-server-d,S,925,1653,25796536701,16526421,786,9,futex_do_wait
4924494200155859,3125317,qlever-server-d,S,0,0,3234812,0,28,4,futex_do_wait
4924494200155859,3126029,qlever-server-d,R,1996,9,20061133765,15001627,206,12,0
4924494200155859,3126030,qlever-server-d,R,1998,10,20090479322,7794335,175,8,0
4924494200155859,3126031,qlever-server-d,S,0,0,19980,0,1,11,futex_do_wait
4924494200155859,3126032,qlever-server-d,S,0,0,127190,0,4,0,ep_poll
4924494200155859,3126033,qlever-server-d,S,0,0,522531,0,8,8,futex_do_wait
4924494200155859,3126034,qlever-server-d,S,5,38,438999312,63843988,1850,1,futex_do_wait
4924494200155859,3126035,qlever-server-d,S,2,18,212899722,86457799,2580,0,ep_poll
4924494200155859,3126838,qlever-server-d,S,0,0,2171461,6749383,70,7,futex_do_wait
4924494200155859,3126839,qlever-server-d,R,192,1,1939232486,9739036,147,10,0
4924494200155859,0,__system__,-,1024795696,7867819803,0,0,0,-1,-
4924494220123299,3125313,qlever-server-d,S,925,1653,25796536701,16526421,786,9,futex_do_wait
4924494220123299,3125317,qlever-server-d,S,0,0,3234812,0,28,4,futex_do_wait
4924494220123299,3126029,qlever-server-d,R,1998,9,20081133706,15001627,206,12,0
4924494220123299,3126030,qlever-server-d,R,2000,10,20110479813,7794335,175,8,0
4924494220123299,3126031,qlever-server-d,S,0,0,19980,0,1,11,futex_do_wait
4924494220123299,3126032,qlever-server-d,S,0,0,127190,0,4,0,ep_poll
4924494220123299,3126033,qlever-server-d,S,0,0,522531,0,8,8,futex_do_wait
4924494220123299,3126034,qlever-server-d,S,5,38,439530973,63843988,1851,1,futex_do_wait
4924494220123299,3126035,qlever-server-d,S,2,18,212947232,86457799,2583,0,ep_poll
4924494220123299,3126838,qlever-server-d,S,0,0,2171461,6749383,70,7,futex_do_wait
4924494220123299,3126839,qlever-server-d,R,194,1,1959232397,9739036,147,10,0
4924494220123299,0,__system__,-,1024795716,7867819835,0,0,0,-1,-
4924494240132229,3125313,qlever-server-d,S,925,1653,25796536701,16526421,786,9,futex_do_wait
4924494240132229,3125317,qlever-server-d,S,0,0,3234812,0,28,4,futex_do_wait
4924494240132229,3126029,qlever-server-d,R,2000,9,20101135257,15001627,206,12,0
4924494240132229,3126030,qlever-server-d,R,2002,10,20130479244,7794335,175,8,0
4924494240132229,3126031,qlever-server-d,S,0,0,19980,0,1,11,futex_do_wait
4924494240132229,3126032,qlever-server-d,S,0,0,127190,0,4,0,ep_poll
4924494240132229,3126033,qlever-server-d,S,0,0,522531,0,8,8,futex_do_wait
4924494240132229,3126034,qlever-server-d,R,5,38,440185203,63843988,1853,1,0
4924494240132229,3126035,qlever-server-d,R,2,18,213006822,86457799,2587,3,ep_poll
4924494240132229,3126838,qlever-server-d,S,0,0,2208401,6749383,71,7,futex_do_wait
4924494240132229,3126839,qlever-server-d,R,196,1,1979726118,9739036,147,10,0
4924494240132229,0,__system__,-,1024795736,7867819867,0,0,0,-1,-
4924494260138098,3125313,qlever-server-d,S,925,1653,25796536701,16526421,786,9,futex_do_wait
4924494260138098,3125317,qlever-server-d,S,0,0,3234812,0,28,4,futex_do_wait
4924494260138098,3126029,qlever-server-d,R,2002,9,20121134178,15001627,206,12,0
4924494260138098,3126030,qlever-server-d,R,2004,10,20150480145,7794335,175,8,0
4924494260138098,3126031,qlever-server-d,S,0,0,19980,0,1,11,futex_do_wait
4924494260138098,3126032,qlever-server-d,S,0,0,127190,0,4,0,ep_poll
4924494260138098,3126033,qlever-server-d,S,0,0,522531,0,8,8,futex_do_wait
4924494260138098,3126034,qlever-server-d,S,5,38,441181764,63843988,1854,1,futex_do_wait
4924494260138098,3126035,qlever-server-d,S,2,18,213098782,86457799,2591,3,ep_poll
4924494260138098,3126838,qlever-server-d,S,0,0,2208401,6749383,71,7,futex_do_wait
4924494260138098,3126839,qlever-server-d,R,198,1,1999231899,9739036,147,10,0
4924494260138098,0,__system__,-,1024795753,7867819898,0,0,0,-1,-
4924494280133438,3125313,qlever-server-d,S,925,1653,25796536701,16526421,786,9,futex_do_wait
4924494280133438,3125317,qlever-server-d,S,0,0,3234812,0,28,4,futex_do_wait
4924494280133438,3126029,qlever-server-d,R,2004,9,20141135229,15001627,206,12,0
4924494280133438,3126030,qlever-server-d,R,2006,10,20170480656,7794335,175,8,0
4924494280133438,3126031,qlever-server-d,S,0,0,19980,0,1,11,futex_do_wait
4924494280133438,3126032,qlever-server-d,S,0,0,127190,0,4,0,ep_poll
4924494280133438,3126033,qlever-server-d,S,0,0,522531,0,8,8,futex_do_wait
4924494280133438,3126034,qlever-server-d,S,5,38,441756894,63843988,1855,1,futex_do_wait
4924494280133438,3126035,qlever-server-d,S,2,18,213157602,86457799,2594,2,ep_poll
4924494280133438,3126838,qlever-server-d,S,0,0,2208401,6749383,71,7,futex_do_wait
4924494280133438,3126839,qlever-server-d,R,200,1,2019232880,9739036,147,10,0
4924494280133438,0,__system__,-,1024795772,7867819930,0,0,0,-1,-
4924494300133658,3125313,qlever-server-d,S,925,1653,25796536701,16526421,786,9,futex_do_wait
4924494300133658,3125317,qlever-server-d,S,0,0,3234812,0,28,4,futex_do_wait
4924494300133658,3126029,qlever-server-d,R,2006,9,20161135040,15001627,206,12,0
4924494300133658,3126030,qlever-server-d,R,2008,10,20190479407,7794335,175,8,0
4924494300133658,3126031,qlever-server-d,S,0,0,19980,0,1,11,futex_do_wait
4924494300133658,3126032,qlever-server-d,S,0,0,127190,0,4,0,ep_poll
4924494300133658,3126033,qlever-server-d,S,0,0,522531,0,8,8,futex_do_wait
4924494300133658,3126034,qlever-server-d,S,5,38,442310355,63843988,1856,1,futex_do_wait
4924494300133658,3126035,qlever-server-d,S,2,18,213204772,86457799,2597,3,ep_poll
4924494300133658,3126838,qlever-server-d,S,0,0,2239891,6749383,72,14,futex_do_wait
4924494300133658,3126839,qlever-server-d,R,202,1,2039232641,9739036,147,10,0
4924494300133658,0,__system__,-,1024795790,7867819961,0,0,0,-1,-
4924494320145868,3125313,qlever-server-d,S,925,1653,25796536701,16526421,786,9,futex_do_wait
4924494320145868,3125317,qlever-server-d,S,0,0,3234812,0,28,4,futex_do_wait
4924494320145868,3126029,qlever-server-d,R,2008,9,20181133741,15001627,206,12,0
4924494320145868,3126030,qlever-server-d,R,2010,10,20210481438,7794335,175,8,0
4924494320145868,3126031,qlever-server-d,S,0,0,19980,0,1,11,futex_do_wait
4924494320145868,3126032,qlever-server-d,S,0,0,127190,0,4,0,ep_poll
4924494320145868,3126033,qlever-server-d,S,0,0,522531,0,8,8,futex_do_wait
4924494320145868,3126034,qlever-server-d,S,5,38,442875816,63843988,1857,1,futex_do_wait
4924494320145868,3126035,qlever-server-d,S,2,18,213255132,86457799,2600,11,ep_poll
4924494320145868,3126838,qlever-server-d,S,0,0,2239891,6749383,72,14,futex_do_wait
4924494320145868,3126839,qlever-server-d,R,204,1,2059234312,9739036,147,10,0
4924494320145868,0,__system__,-,1024795808,7867819993,0,0,0,-1,-
4924494340138928,3125313,qlever-server-d,S,925,1653,25796536701,16526421,786,9,futex_do_wait
4924494340138928,3125317,qlever-server-d,S,0,0,3234812,0,28,4,futex_do_wait
4924494340138928,3126029,qlever-server-d,R,2010,9,20201135412,15001627,206,12,0
4924494340138928,3126030,qlever-server-d,R,2012,10,20230481729,7794335,175,8,0
4924494340138928,3126031,qlever-server-d,S,0,0,19980,0,1,11,futex_do_wait
4924494340138928,3126032,qlever-server-d,S,0,0,127190,0,4,0,ep_poll
4924494340138928,3126033,qlever-server-d,S,0,0,522531,0,8,8,futex_do_wait
4924494340138928,3126034,qlever-server-d,S,5,38,443877427,63843988,1859,1,futex_do_wait
4924494340138928,3126035,qlever-server-d,S,2,18,213356012,86457799,2605,3,ep_poll
4924494340138928,3126838,qlever-server-d,S,0,0,2278461,6749383,73,14,futex_do_wait
4924494340138928,3126839,qlever-server-d,R,206,1,2079234853,9739036,147,10,0
4924494340138928,0,__system__,-,1024795827,7867820024,0,0,0,-1,-
4924494360146597,3125313,qlever-server-d,S,925,1653,25796536701,16526421,786,9,futex_do_wait
4924494360146597,3125317,qlever-server-d,S,0,0,3234812,0,28,4,futex_do_wait
4924494360146597,3126029,qlever-server-d,R,2012,9,20221135133,15001627,206,12,0
4924494360146597,3126030,qlever-server-d,R,2014,10,20250480930,7794335,175,8,0
4924494360146597,3126031,qlever-server-d,S,0,0,19980,0,1,11,futex_do_wait
4924494360146597,3126032,qlever-server-d,S,0,0,127190,0,4,0,ep_poll
4924494360146597,3126033,qlever-server-d,S,0,0,522531,0,8,8,futex_do_wait
4924494360146597,3126034,qlever-server-d,S,5,38,444435618,63843988,1860,1,futex_do_wait
4924494360146597,3126035,qlever-server-d,S,2,18,213405282,86457799,2608,11,ep_poll
4924494360146597,3126838,qlever-server-d,S,0,0,2278461,6749383,73,14,futex_do_wait
4924494360146597,3126839,qlever-server-d,R,208,1,2099234324,9739036,147,10,0
4924494360146597,0,__system__,-,1024795849,7867820057,0,0,0,-1,-
4924494380131337,3125313,qlever-server-d,S,925,1653,25796536701,16526421,786,9,futex_do_wait
4924494380131337,3125317,qlever-server-d,S,0,0,3234812,0,28,4,futex_do_wait
4924494380131337,3126029,qlever-server-d,R,2014,9,20241134275,15001627,206,12,0
4924494380131337,3126030,qlever-server-d,R,2016,10,20270481342,7794335,175,8,0
4924494380131337,3126031,qlever-server-d,S,0,0,19980,0,1,11,futex_do_wait
4924494380131337,3126032,qlever-server-d,S,0,0,127190,0,4,0,ep_poll
4924494380131337,3126033,qlever-server-d,S,0,0,522531,0,8,8,futex_do_wait
4924494380131337,3126034,qlever-server-d,S,5,38,445026709,63843988,1861,1,futex_do_wait
4924494380131337,3126035,qlever-server-d,S,2,18,213470782,86469169,2611,1,ep_poll
4924494380131337,3126838,qlever-server-d,S,0,0,2278461,6749383,73,14,futex_do_wait
4924494380131337,3126839,qlever-server-d,R,210,1,2119236186,9739036,147,10,0
4924494380131337,0,__system__,-,1024795868,7867820089,0,0,0,-1,-
4924494400132677,3125313,qlever-server-d,S,925,1653,25796536701,16526421,786,9,futex_do_wait
4924494400132677,3125317,qlever-server-d,S,0,0,3234812,0,28,4,futex_do_wait
4924494400132677,3126029,qlever-server-d,R,2016,9,20261133936,15001627,206,12,0
4924494400132677,3126030,qlever-server-d,R,2018,10,20290481103,7794335,175,8,0
4924494400132677,3126031,qlever-server-d,S,0,0,19980,0,1,11,futex_do_wait
4924494400132677,3126032,qlever-server-d,S,0,0,127190,0,4,0,ep_poll
4924494400132677,3126033,qlever-server-d,S,0,0,522531,0,8,8,futex_do_wait
4924494400132677,3126034,qlever-server-d,S,5,39,445597430,63843988,1862,1,futex_do_wait
4924494400132677,3126035,qlever-server-d,S,2,18,213496482,86768960,2612,1,ep_poll
4924494400132677,3126838,qlever-server-d,S,0,0,2315671,6749383,74,7,futex_do_wait
4924494400132677,3126839,qlever-server-d,R,212,1,2139235017,9739036,147,10,0
4924494400132677,0,__system__,-,1024795886,7867820120,0,0,0,-1,-
4924494420131267,3125313,qlever-server-d,S,925,1653,25796536701,16526421,786,9,futex_do_wait
4924494420131267,3125317,qlever-server-d,S,0,0,3234812,0,28,4,futex_do_wait
4924494420131267,3126029,qlever-server-d,R,2018,9,20281158007,15001627,206,12,0
4924494420131267,3126030,qlever-server-d,R,2020,10,20310451403,7852476,178,15,0
4924494420131267,3126031,qlever-server-d,S,0,0,19980,0,1,11,futex_do_wait
4924494420131267,3126032,qlever-server-d,S,0,0,127190,0,4,0,ep_poll
4924494420131267,3126033,qlever-server-d,S,0,0,522531,0,8,8,futex_do_wait
4924494420131267,3126034,qlever-server-d,S,5,39,445888990,64045178,1867,1,ep_poll
4924494420131267,3126035,qlever-server-d,S,2,18,213697672,86779230,2616,1,futex_do_wait
4924494420131267,3126838,qlever-server-d,S,0,0,2315671,6749383,74,7,futex_do_wait
4924494420131267,3126839,qlever-server-d,R,214,1,2159235018,9739036,147,10,0
4924494420131267,0,__system__,-,1024795904,7867820152,0,0,0,-1,-
4924494440151816,3125313,qlever-server-d,S,925,1653,25796536701,16526421,786,9,futex_do_wait
4924494440151816,3125317,qlever-server-d,S,0,0,3234812,0,28,4,futex_do_wait
4924494440151816,3126029,qlever-server-d,R,2020,9,20301136198,15001627,206,12,0
4924494440151816,3126030,qlever-server-d,R,2022,10,20330363694,7886796,180,6,0
4924494440151816,3126031,qlever-server-d,S,0,0,19980,0,1,11,futex_do_wait
4924494440151816,3126032,qlever-server-d,S,0,0,127190,0,4,0,ep_poll
4924494440151816,3126033,qlever-server-d,S,0,0,522531,0,8,8,futex_do_wait
4924494440151816,3126034,qlever-server-d,S,5,39,445910870,64842638,1868,1,ep_poll
4924494440151816,3126035,qlever-server-d,S,2,19,214315493,86779230,2617,1,futex_do_wait
4924494440151816,3126838,qlever-server-d,S,0,0,2354251,6749383,75,7,futex_do_wait
4924494440151816,3126839,qlever-server-d,R,216,1,2179234149,9739036,147,10,0
4924494440151816,0,__system__,-,1024795922,7867820183,0,0,0,-1,-
4924494460140266,3125313,qlever-server-d,S,925,1653,25796536701,16526421,786,9,futex_do_wait
4924494460140266,3125317,qlever-server-d,S,0,0,3234812,0,28,4,futex_do_wait
4924494460140266,3126029,qlever-server-d,R,2022,9,20321136359,15001627,206,12,0
4924494460140266,3126030,qlever-server-d,R,2024,10,20350342165,7905456,181,8,0
4924494460140266,3126031,qlever-server-d,S,0,0,19980,0,1,11,futex_do_wait
4924494460140266,3126032,qlever-server-d,S,0,0,127190,0,4,0,ep_poll
4924494460140266,3126033,qlever-server-d,S,0,0,522531,0,8,8,futex_do_wait
4924494460140266,3126034,qlever-server-d,S,5,39,446442630,64853498,1872,1,futex_do_wait
4924494460140266,3126035,qlever-server-d,S,2,19,214644013,87310990,2622,1,ep_poll
4924494460140266,3126838,qlever-server-d,S,0,0,2354251,6749383,75,7,futex_do_wait
4924494460140266,3126839,qlever-server-d,R,218,1,2199233980,9739036,147,10,0
4924494460140266,0,__system__,-,1024795941,7867820215,0,0,0,-1,-
4924494480129876,3125313,qlever-server-d,S,925,1653,25796536701,16526421,786,9,futex_do_wait
4924494480129876,3125317,qlever-server-d,S,0,0,3234812,0,28,4,futex_do_wait
4924494480129876,3126029,qlever-server-d,R,2024,9,20341135840,15001627,206,12,0
4924494480129876,3126030,qlever-server-d,R,2026,10,20370343896,7905456,181,8,0
4924494480129876,3126031,qlever-server-d,S,0,0,19980,0,1,11,futex_do_wait
4924494480129876,3126032,qlever-server-d,S,0,0,127190,0,4,0,ep_poll
4924494480129876,3126033,qlever-server-d,S,0,0,522531,0,8,8,futex_do_wait
4924494480129876,3126034,qlever-server-d,S,5,39,447005300,64875268,1874,1,futex_do_wait
4924494480129876,3126035,qlever-server-d,S,2,19,214683523,87628020,2624,1,ep_poll
4924494480129876,3126838,qlever-server-d,S,0,0,2354251,6749383,75,7,futex_do_wait
4924494480129876,3126839,qlever-server-d,R,220,1,2219215511,9758846,148,10,0
4924494480129876,0,__system__,-,1024795961,7867820247,0,0,0,-1,-
4924494500129816,3125313,qlever-server-d,S,925,1653,25796536701,16526421,786,9,futex_do_wait
4924494500129816,3125317,qlever-server-d,S,0,0,3234812,0,28,4,futex_do_wait
4924494500129816,3126029,qlever-server-d,R,2026,9,20361136621,15001627,206,12,0
4924494500129816,3126030,qlever-server-d,R,2028,10,20390342647,7905456,181,8,0
4924494500129816,3126031,qlever-server-d,S,0,0,19980,0,1,11,futex_do_wait
4924494500129816,3126032,qlever-server-d,S,0,0,127190,0,4,0,ep_poll
4924494500129816,3126033,qlever-server-d,S,0,0,522531,0,8,8,futex_do_wait
4924494500129816,3126034,qlever-server-d,S,5,39,447829760,64875268,1877,3,ep_poll
4924494500129816,3126035,qlever-server-d,S,2,19,215007793,87771200,2627,4,futex_do_wait
4924494500129816,3126838,qlever-server-d,S,0,0,2386551,6749383,76,14,futex_do_wait
4924494500129816,3126839,qlever-server-d,R,222,1,2239214292,9758846,148,10,0
4924494500129816,0,__system__,-,1024795980,7867820278,0,0,0,-1,-
4924494520132926,3125313,qlever-server-d,S,925,1653,25796536701,16526421,786,9,futex_do_wait
4924494520132926,3125317,qlever-server-d,S,0,0,3234812,0,28,4,futex_do_wait
4924494520132926,3126029,qlever-server-d,R,2028,9,20381134382,15001627,206,12,0
4924494520132926,3126030,qlever-server-d,R,2030,10,20410344528,7905456,181,8,0
4924494520132926,3126031,qlever-server-d,S,0,0,19980,0,1,11,futex_do_wait
4924494520132926,3126032,qlever-server-d,S,0,0,127190,0,4,0,ep_poll
4924494520132926,3126033,qlever-server-d,S,0,0,522531,0,8,8,futex_do_wait
4924494520132926,3126034,qlever-server-d,S,5,39,447878480,64875268,1880,3,ep_poll
4924494520132926,3126035,qlever-server-d,S,2,19,215661263,87771200,2628,4,futex_do_wait
4924494520132926,3126838,qlever-server-d,S,0,0,2386551,6749383,76,14,futex_do_wait
4924494520132926,3126839,qlever-server-d,R,224,1,2259216503,9758846,148,10,0
4924494520132926,0,__system__,-,1024795998,7867820310,0,0,0,-1,-
4924494540124736,3125313,qlever-server-d,S,925,1653,25796536701,16526421,786,9,futex_do_wait
4924494540124736,3125317,qlever-server-d,S,0,0,3361752,0,29,5,futex_do_wait
4924494540124736,3126029,qlever-server-d,R,2030,9,20401137954,15001627,206,12,0
4924494540124736,3126030,qlever-server-d,R,2032,10,20430344130,7905456,181,8,0
4924494540124736,3126031,qlever-server-d,S,0,0,19980,0,1,11,futex_do_wait
4924494540124736,3126032,qlever-server-d,S,0,0,127190,0,4,0,ep_poll
4924494540124736,3126033,qlever-server-d,S,0,0,522531,0,8,8,futex_do_wait
4924494540124736,3126034,qlever-server-d,S,5,39,447946520,64875268,1883,3,ep_poll
4924494540124736,3126035,qlever-server-d,S,2,19,216231304,87771200,2629,5,futex_do_wait
4924494540124736,3126838,qlever-server-d,S,0,0,2408821,6749383,77,7,futex_do_wait
4924494540124736,3126839,qlever-server-d,R,226,1,2279215995,9758846,148,10,0
4924494540124736,0,__system__,-,1024796017,7867820342,0,0,0,-1,-
4924494560122575,3125313,qlever-server-d,S,925,1653,25796536701,16526421,786,9,futex_do_wait
4924494560122575,3125317,qlever-server-d,S,0,0,3361752,0,29,5,futex_do_wait
4924494560122575,3126029,qlever-server-d,R,2032,9,20421135455,15001627,206,12,0
4924494560122575,3126030,qlever-server-d,R,2034,10,20450343271,7905456,181,8,0
4924494560122575,3126031,qlever-server-d,S,0,0,19980,0,1,11,futex_do_wait
4924494560122575,3126032,qlever-server-d,S,0,0,127190,0,4,0,ep_poll
4924494560122575,3126033,qlever-server-d,S,0,0,522531,0,8,8,futex_do_wait
4924494560122575,3126034,qlever-server-d,S,5,39,448008940,64875268,1886,3,ep_poll
4924494560122575,3126035,qlever-server-d,R,2,19,216824485,87771200,2631,5,0
4924494560122575,3126838,qlever-server-d,S,0,0,2408821,6749383,77,7,futex_do_wait
4924494560122575,3126839,qlever-server-d,R,228,1,2299788006,9758846,148,10,0
4924494560122575,0,__system__,-,1024796035,7867820373,0,0,0,-1,-
4924494580138455,3125313,qlever-server-d,S,925,1653,25796536701,16526421,786,9,futex_do_wait
4924494580138455,3125317,qlever-server-d,S,0,0,3361752,0,29,5,futex_do_wait
4924494580138455,3126029,qlever-server-d,R,2034,9,20441135736,15001627,206,12,0
4924494580138455,3126030,qlever-server-d,R,2036,10,20470343622,7905456,181,8,0
4924494580138455,3126031,qlever-server-d,S,0,0,19980,0,1,11,futex_do_wait
4924494580138455,3126032,qlever-server-d,S,0,0,127190,0,4,0,ep_poll
4924494580138455,3126033,qlever-server-d,S,0,0,522531,0,8,8,futex_do_wait
4924494580138455,3126034,qlever-server-d,S,5,39,448154460,64875268,1892,1,ep_poll
4924494580138455,3126035,qlever-server-d,S,2,19,218084735,87771200,2632,4,futex_do_wait
4924494580138455,3126838,qlever-server-d,S,0,0,2408821,6749383,77,7,futex_do_wait
4924494580138455,3126839,qlever-server-d,R,230,1,2319215877,9758846,148,10,0
4924494580138455,0,__system__,-,1024796053,7867820405,0,0,0,-1,-
4924494600132995,3125313,qlever-server-d,S,925,1653,25796536701,16526421,786,9,futex_do_wait
4924494600132995,3125317,qlever-server-d,S,0,0,3361752,0,29,5,futex_do_wait
4924494600132995,3126029,qlever-server-d,R,2036,9,20461138727,15001627,206,12,0
4924494600132995,3126030,qlever-server-d,R,2038,10,20490347653,7905456,181,8,0
4924494600132995,3126031,qlever-server-d,S,0,0,19980,0,1,11,futex_do_wait
4924494600132995,3126032,qlever-server-d,S,0,0,127190,0,4,0,ep_poll
4924494600132995,3126033,qlever-server-d,S,0,0,522531,0,8,8,futex_do_wait
4924494600132995,3126034,qlever-server-d,S,5,39,448205730,64875268,1894,1,ep_poll
4924494600132995,3126035,qlever-server-d,S,2,19,218515825,87771200,2633,5,futex_do_wait
4924494600132995,3126838,qlever-server-d,S,0,0,2443691,6749383,78,4,futex_do_wait
4924494600132995,3126839,qlever-server-d,R,232,1,2339217838,9758846,148,10,0
4924494600132995,0,__system__,-,1024796073,7867820437,0,0,0,-1,-
4924494620140325,3125313,qlever-server-d,S,925,1653,25796536701,16526421,786,9,futex_do_wait
4924494620140325,3125317,qlever-server-d,S,0,0,3361752,0,29,5,futex_do_wait
4924494620140325,3126029,qlever-server-d,R,2038,9,20481137438,15001627,206,12,0
4924494620140325,3126030,qlever-server-d,R,2040,10,20510345034,7905456,181,8,0
4924494620140325,3126031,qlever-server-d,S,0,0,19980,0,1,11,futex_do_wait
4924494620140325,3126032,qlever-server-d,S,0,0,127190,0,4,0,ep_poll
4924494620140325,3126033,qlever-server-d,S,0,0,522531,0,8,8,futex_do_wait
4924494620140325,3126034,qlever-server-d,S,5,39,448275220,64875268,1897,1,ep_poll
4924494620140325,3126035,qlever-server-d,S,2,19,219116315,87771200,2634,5,futex_do_wait
4924494620140325,3126838,qlever-server-d,S,0,0,2443691,6749383,78,4,futex_do_wait
4924494620140325,3126839,qlever-server-d,R,234,1,2359216429,9758846,148,10,0
4924494620140325,0,__system__,-,1024796093,7867820469,0,0,0,-1,-
4924494640123095,3125313,qlever-server-d,S,925,1653,25796536701,16526421,786,9,futex_do_wait
4924494640123095,3125317,qlever-server-d,S,0,0,3361752,0,29,5,futex_do_wait
4924494640123095,3126029,qlever-server-d,R,2040,9,20501137219,15001627,206,12,0
4924494640123095,3126030,qlever-server-d,R,2042,10,20530344765,7905456,181,8,0
4924494640123095,3126031,qlever-server-d,S,0,0,19980,0,1,11,futex_do_wait
4924494640123095,3126032,qlever-server-d,S,0,0,127190,0,4,0,ep_poll
4924494640123095,3126033,qlever-server-d,S,0,0,522531,0,8,8,futex_do_wait
4924494640123095,3126034,qlever-server-d,S,5,39,448426390,64875268,1903,2,ep_poll
4924494640123095,3126035,qlever-server-d,S,2,19,220254146,87771200,2636,6,futex_do_wait
4924494640123095,3126838,qlever-server-d,S,0,0,2479551,6749383,79,7,futex_do_wait
4924494640123095,3126839,qlever-server-d,R,236,1,2379216170,9758846,148,10,0
4924494640123095,0,__system__,-,1024796111,7867820500,0,0,0,-1,-
4924494660129514,3125313,qlever-server-d,S,925,1653,25796536701,16526421,786,9,futex_do_wait
4924494660129514,3125317,qlever-server-d,S,0,0,3361752,0,29,5,futex_do_wait
4924494660129514,3126029,qlever-server-d,R,2042,9,20521136000,15001627,206,12,0
4924494660129514,3126030,qlever-server-d,R,2044,10,20550345126,7905456,181,8,0
4924494660129514,3126031,qlever-server-d,S,0,0,19980,0,1,11,futex_do_wait
4924494660129514,3126032,qlever-server-d,S,0,0,127190,0,4,0,ep_poll
4924494660129514,3126033,qlever-server-d,S,0,0,522531,0,8,8,futex_do_wait
4924494660129514,3126034,qlever-server-d,S,5,39,448495650,64875268,1906,2,ep_poll
4924494660129514,3126035,qlever-server-d,S,2,19,220859326,87771200,2637,6,futex_do_wait
4924494660129514,3126838,qlever-server-d,S,0,0,2479551,6749383,79,7,futex_do_wait
4924494660129514,3126839,qlever-server-d,R,238,1,2399216231,9758846,148,10,0
4924494660129514,0,__system__,-,1024796129,7867820532,0,0,0,-1,-
4924494680140514,3125313,qlever-server-d,S,925,1653,25796536701,16526421,786,9,futex_do_wait
4924494680140514,3125317,qlever-server-d,S,0,0,3361752,0,29,5,futex_do_wait
4924494680140514,3126029,qlever-server-d,R,2044,9,20541136661,15001627,206,12,0
4924494680140514,3126030,qlever-server-d,R,2046,10,20570295907,7945506,183,3,0
4924494680140514,3126031,qlever-server-d,S,0,0,19980,0,1,11,futex_do_wait
4924494680140514,3126032,qlever-server-d,S,0,0,127190,0,4,0,ep_poll
4924494680140514,3126033,qlever-server-d,S,0,0,522531,0,8,8,futex_do_wait
4924494680140514,3126034,qlever-server-d,S,5,39,448555340,64875268,1909,11,ep_poll
4924494680140514,3126035,qlever-server-d,S,2,19,221498457,87771200,2638,6,futex_do_wait
4924494680140514,3126838,qlever-server-d,S,0,0,2479551,6749383,79,7,futex_do_wait
4924494680140514,3126839,qlever-server-d,R,240,1,2419216552,9758846,148,10,0
4924494680140514,0,__system__,-,1024796148,7867820564,0,0,0,-1,-
4924494700134154,3125313,qlever-server-d,S,925,1653,25796536701,16526421,786,9,futex_do_wait
4924494700134154,3125317,qlever-server-d,S,0,0,3361752,0,29,5,futex_do_wait
4924494700134154,3126029,qlever-server-d,R,2046,9,20561137052,15001627,206,12,0
4924494700134154,3126030,qlever-server-d,R,2048,10,20590295608,7945506,183,3,0
4924494700134154,3126031,qlever-server-d,S,0,0,19980,0,1,11,futex_do_wait
4924494700134154,3126032,qlever-server-d,S,0,0,127190,0,4,0,ep_poll
4924494700134154,3126033,qlever-server-d,S,0,0,522531,0,8,8,futex_do_wait
4924494700134154,3126034,qlever-server-d,S,5,39,448651090,64875268,1915,7,ep_poll
4924494700134154,3126035,qlever-server-d,S,2,19,222757778,87771200,2640,5,futex_do_wait
4924494700134154,3126838,qlever-server-d,S,0,0,2499711,6749383,80,7,futex_do_wait
4924494700134154,3126839,qlever-server-d,R,242,1,2439216813,9758846,148,10,0
4924494700134154,0,__system__,-,1024796167,7867820596,0,0,0,-1,-
4924494720127864,3125313,qlever-server-d,S,925,1653,25796536701,16526421,786,9,futex_do_wait
4924494720127864,3125317,qlever-server-d,S,0,0,3361752,0,29,5,futex_do_wait
4924494720127864,3126029,qlever-server-d,R,2048,9,20581137344,15001627,206,12,0
4924494720127864,3126030,qlever-server-d,R,2050,10,20610298560,7945506,183,3,0
4924494720127864,3126031,qlever-server-d,S,0,0,19980,0,1,11,futex_do_wait
4924494720127864,3126032,qlever-server-d,S,0,0,127190,0,4,0,ep_poll
4924494720127864,3126033,qlever-server-d,S,0,0,522531,0,8,8,futex_do_wait
4924494720127864,3126034,qlever-server-d,S,5,39,448697670,64875268,1918,14,ep_poll
4924494720127864,3126035,qlever-server-d,S,2,19,223314429,87771200,2641,5,futex_do_wait
4924494720127864,3126838,qlever-server-d,S,0,0,2499711,6749383,80,7,futex_do_wait
4924494720127864,3126839,qlever-server-d,R,244,1,2459198345,9776566,149,1,0
4924494720127864,0,__system__,-,1024796185,7867820627,0,0,0,-1,-
4924494740143053,3125313,qlever-server-d,S,925,1653,25796536701,16526421,786,9,futex_do_wait
4924494740143053,3125317,qlever-server-d,S,0,0,3361752,0,29,5,futex_do_wait
4924494740143053,3126029,qlever-server-d,R,2050,9,20601136755,15001627,206,12,0
4924494740143053,3126030,qlever-server-d,R,2052,10,20630297101,7945506,183,3,0
4924494740143053,3126031,qlever-server-d,S,0,0,19980,0,1,11,futex_do_wait
4924494740143053,3126032,qlever-server-d,S,0,0,127190,0,4,0,ep_poll
4924494740143053,3126033,qlever-server-d,S,0,0,522531,0,8,8,futex_do_wait
4924494740143053,3126034,qlever-server-d,S,5,39,448809681,64883678,1922,1,ep_poll
4924494740143053,3126035,qlever-server-d,S,2,19,223977990,87922790,2642,1,futex_do_wait
4924494740143053,3126838,qlever-server-d,S,0,0,2522741,6749383,81,4,futex_do_wait
4924494740143053,3126839,qlever-server-d,R,246,1,2478612125,10347077,151,8,0
4924494740143053,0,__system__,-,1024796205,7867820659,0,0,0,-1,-
4924494760136203,3125313,qlever-server-d,S,925,1653,25796536701,16526421,786,9,futex_do_wait
4924494760136203,3125317,qlever-server-d,S,0,0,3361752,0,29,5,futex_do_wait
4924494760136203,3126029,qlever-server-d,R,2052,9,20621138776,15001627,206,12,0
4924494760136203,3126030,qlever-server-d,R,2054,10,20650272062,7965446,184,10,0
4924494760136203,3126031,qlever-server-d,S,0,0,19980,0,1,11,futex_do_wait
4924494760136203,3126032,qlever-server-d,S,0,0,127190,0,4,0,ep_poll
4924494760136203,3126033,qlever-server-d,S,0,0,522531,0,8,8,futex_do_wait
4924494760136203,3126034,qlever-server-d,S,5,39,448831581,65145348,1923,3,ep_poll
4924494760136203,3126035,qlever-server-d,S,2,19,224452660,87922790,2643,3,futex_do_wait
4924494760136203,3126838,qlever-server-d,S,0,0,2522741,6749383,81,4,futex_do_wait
4924494760136203,3126839,qlever-server-d,R,248,1,2498612666,10347077,151,8,0
4924494760136203,0,__system__,-,1024796223,7867820690,0,0,0,-1,-
4924494780143653,3125313,qlever-server-d,S,925,1653,25796536701,16526421,786,9,futex_do_wait
4924494780143653,3125317,qlever-server-d,S,0,0,3361752,0,29,5,futex_do_wait
4924494780143653,3126029,qlever-server-d,R,2054,9,20641137787,15001627,206,12,0
4924494780143653,3126030,qlever-server-d,R,2056,10,20670272393,7965446,184,10,0
4924494780143653,3126031,qlever-server-d,S,0,0,19980,0,1,11,futex_do_wait
4924494780143653,3126032,qlever-server-d,S,0,0,127190,0,4,0,ep_poll
4924494780143653,3126033,qlever-server-d,S,0,0,522531,0,8,8,futex_do_wait
4924494780143653,3126034,qlever-server-d,S,5,39,448916541,65224018,1928,2,ep_poll
4924494780143653,3126035,qlever-server-d,S,2,19,225255541,87922790,2645,3,futex_do_wait
4924494780143653,3126838,qlever-server-d,S,0,0,2522741,6749383,81,4,futex_do_wait
4924494780143653,3126839,qlever-server-d,R,250,1,2518924387,10347077,151,8,0
4924494780143653,0,__system__,-,1024796242,7867820723,0,0,0,-1,-
4924494800138353,3125313,qlever-server-d,S,925,1653,25796536701,16526421,786,9,futex_do_wait
4924494800138353,3125317,qlever-server-d,S,0,0,3361752,0,29,5,futex_do_wait
4924494800138353,3126029,qlever-server-d,R,2056,9,20661136508,15001627,206,12,0
4924494800138353,3126030,qlever-server-d,R,2058,10,20690272594,7965446,184,10,0
4924494800138353,3126031,qlever-server-d,S,0,0,19980,0,1,11,futex_do_wait
4924494800138353,3126032,qlever-server-d,S,0,0,127190,0,4,0,ep_poll
4924494800138353,3126033,qlever-server-d,S,0,0,522531,0,8,8,futex_do_wait
4924494800138353,3126034,qlever-server-d,S,5,39,448968171,65224018,1931,0,ep_poll
4924494800138353,3126035,qlever-server-d,S,2,19,225741661,87922790,2646,3,futex_do_wait
4924494800138353,3126838,qlever-server-d,S,0,0,2559781,6749383,82,7,futex_do_wait
4924494800138353,3126839,qlever-server-d,R,252,1,2538613008,10347077,151,8,0
4924494800138353,0,__system__,-,1024796261,7867820755,0,0,0,-1,-
4924494820143192,3125313,qlever-server-d,S,925,1653,25796536701,16526421,786,9,futex_do_wait
4924494820143192,3125317,qlever-server-d,S,0,0,3361752,0,29,5,futex_do_wait
4924494820143192,3126029,qlever-server-d,R,2058,9,20681139409,15001627,206,12,0
4924494820143192,3126030,qlever-server-d,R,2060,10,20710272995,7965446,184,10,0
4924494820143192,3126031,qlever-server-d,S,0,0,19980,0,1,11,futex_do_wait
4924494820143192,3126032,qlever-server-d,S,0,0,127190,0,4,0,ep_poll
4924494820143192,3126033,qlever-server-d,S,0,0,522531,0,8,8,futex_do_wait
4924494820143192,3126034,qlever-server-d,S,5,39,448989181,65482898,1932,3,ep_poll
4924494820143192,3126035,qlever-server-d,S,2,19,226246971,87922790,2647,3,futex_do_wait
4924494820143192,3126838,qlever-server-d,S,0,0,2559781,6749383,82,7,futex_do_wait
4924494820143192,3126839,qlever-server-d,R,254,1,2558559349,10400537,152,8,0
4924494820143192,0,__system__,-,1024796279,7867820787,0,0,0,-1,-
4924494840140252,3125313,qlever-server-d,S,925,1653,25796536701,16526421,786,9,futex_do_wait
4924494840140252,3125317,qlever-server-d,S,0,0,3361752,0,29,5,futex_do_wait
4924494840140252,3126029,qlever-server-d,R,2060,9,20701142680,15001627,206,12,0
4924494840140252,3126030,qlever-server-d,R,2062,10,20730273476,7965446,184,10,0
4924494840140252,3126031,qlever-server-d,S,0,0,19980,0,1,11,futex_do_wait
4924494840140252,3126032,qlever-server-d,S,0,0,127190,0,4,0,ep_poll
4924494840140252,3126033,qlever-server-d,S,0,0,522531,0,8,8,futex_do_wait
4924494840140252,3126034,qlever-server-d,S,5,39,449043721,65482898,1935,11,ep_poll
4924494840140252,3126035,qlever-server-d,S,2,19,226714812,87922790,2648,3,futex_do_wait
4924494840140252,3126838,qlever-server-d,S,0,0,2597821,6749383,83,7,futex_do_wait
4924494840140252,3126839,qlever-server-d,R,256,1,2578560440,10400537,152,8,0
4924494840140252,0,__system__,-,1024796298,7867820818,0,0,0,-1,-
4924494860125242,3125313,qlever-server-d,S,925,1653,25796536701,16526421,786,9,futex_do_wait
4924494860125242,3125317,qlever-server-d,S,0,0,3361752,0,29,5,futex_do_wait
4924494860125242,3126029,qlever-server-d,R,2062,9,20721138131,15001627,206,12,0
4924494860125242,3126030,qlever-server-d,R,2064,10,20750273317,7965446,184,10,0
4924494860125242,3126031,qlever-server-d,S,0,0,19980,0,1,11,futex_do_wait
4924494860125242,3126032,qlever-server-d,S,0,0,127190,0,4,0,ep_poll
4924494860125242,3126033,qlever-server-d,S,0,0,522531,0,8,8,futex_do_wait
4924494860125242,3126034,qlever-server-d,S,5,39,449088361,65963608,1938,2,ep_poll
4924494860125242,3126035,qlever-server-d,S,2,20,227203762,87922790,2649,11,futex_do_wait
4924494860125242,3126838,qlever-server-d,S,0,0,2597821,6749383,83,7,futex_do_wait
4924494860125242,3126839,qlever-server-d,R,258,1,2598538341,10422597,153,8,0
4924494860125242,0,__system__,-,1024796319,7867820851,0,0,0,-1,-
4924494880125622,3125313,qlever-server-d,S,925,1653,25796536701,16526421,786,9,futex_do_wait
4924494880125622,3125317,qlever-server-d,S,0,0,3361752,0,29,5,futex_do_wait
4924494880125622,3126029,qlever-server-d,R,2064,9,20741138732,15001627,206,12,0
4924494880125622,3126030,qlever-server-d,R,2066,10,20770275668,7965446,184,10,0
4924494880125622,3126031,qlever-server-d,S,0,0,19980,0,1,11,futex_do_wait
4924494880125622,3126032,qlever-server-d,S,0,0,127190,0,4,0,ep_poll
4924494880125622,3126033,qlever-server-d,S,0,0,522531,0,8,8,futex_do_wait
4924494880125622,3126034,qlever-server-d,S,5,39,449548451,65972488,1942,3,futex_do_wait
4924494880125622,3126035,qlever-server-d,S,2,20,227509553,88750890,2655,3,ep_poll
4924494880125622,3126838,qlever-server-d,S,0,0,2597821,6749383,83,7,futex_do_wait
4924494880125622,3126839,qlever-server-d,R,260,1,2618540702,10422597,153,8,0
4924494880125622,0,__system__,-,1024796337,7867820882,0,0,0,-1,-
4924494900132102,3125313,qlever-server-d,S,925,1653,25796536701,16526421,786,9,futex_do_wait
4924494900132102,3125317,qlever-server-d,S,0,0,3361752,0,29,5,futex_do_wait
4924494900132102,3126029,qlever-server-d,R,2066,9,20761138894,15001627,206,12,0
4924494900132102,3126030,qlever-server-d,R,2068,10,20790272850,7965446,184,10,0
4924494900132102,3126031,qlever-server-d,S,0,0,19980,0,1,11,futex_do_wait
4924494900132102,3126032,qlever-server-d,S,0,0,127190,0,4,0,ep_poll
4924494900132102,3126033,qlever-server-d,S,0,0,522531,0,8,8,futex_do_wait
4924494900132102,3126034,qlever-server-d,S,5,39,450046031,65972488,1944,3,0
4924494900132102,3126035,qlever-server-d,S,2,20,227565073,89743321,2657,11,ep_poll
4924494900132102,3126838,qlever-server-d,S,0,0,2630691,6749383,84,7,futex_do_wait
4924494900132102,3126839,qlever-server-d,R,262,1,2639282804,10422597,153,8,0
4924494900132102,0,__system__,-,1024796354,7867820913,0,0,0,-1,-
4924494920126541,3125313,qlever-server-d,S,925,1653,25796536701,16526421,786,9,futex_do_wait
4924494920126541,3125317,qlever-server-d,S,0,0,3361752,0,29,5,futex_do_wait
4924494920126541,3126029,qlever-server-d,R,2068,9,20781138585,15001627,206,12,0
4924494920126541,3126030,qlever-server-d,R,2070,10,20810273161,7965446,184,10,0
4924494920126541,3126031,qlever-server-d,S,0,0,19980,0,1,11,futex_do_wait
4924494920126541,3126032,qlever-server-d,S,0,0,127190,0,4,0,ep_poll
4924494920126541,3126033,qlever-server-d,S,0,0,522531,0,8,8,futex_do_wait
4924494920126541,3126034,qlever-server-d,S,5,39,451131662,65972488,1945,9,futex_do_wait
4924494920126541,3126035,qlever-server-d,S,2,20,227672163,89743321,2663,11,ep_poll
4924494920126541,3126838,qlever-server-d,S,0,0,2630691,6749383,84,7,futex_do_wait
4924494920126541,3126839,qlever-server-d,R,264,1,2658514385,10445927,154,8,0
4924494920126541,0,__system__,-,1024796373,7867820945,0,0,0,-1,-
4924494940141901,3125313,qlever-server-d,S,925,1653,25796536701,16526421,786,9,futex_do_wait
4924494940141901,3125317,qlever-server-d,S,0,0,3361752,0,29,5,futex_do_wait
4924494940141901,3126029,qlever-server-d,R,2070,9,20801140366,15001627,206,12,0
4924494940141901,3126030,qlever-server-d,R,2072,10,20830274532,7965446,184,10,0
4924494940141901,3126031,qlever-server-d,S,0,0,19980,0,1,11,futex_do_wait
4924494940141901,3126032,qlever-server-d,S,0,0,127190,0,4,0,ep_poll
4924494940141901,3126033,qlever-server-d,S,0,0,522531,0,8,8,futex_do_wait
4924494940141901,3126034,qlever-server-d,S,5,39,451600552,65972488,1946,9,futex_do_wait
4924494940141901,3126035,qlever-server-d,S,2,20,227726753,89743321,2666,1,ep_poll
4924494940141901,3126838,qlever-server-d,S,0,0,2668661,6749383,85,5,futex_do_wait
4924494940141901,3126839,qlever-server-d,R,266,1,2678514896,10445927,154,8,0
4924494940141901,0,__system__,-,1024796390,7867820976,0,0,0,-1,-
4924494960135511,3125313,qlever-server-d,S,925,1653,25796536701,16526421,786,9,futex_do_wait
4924494960135511,3125317,qlever-server-d,S,0,0,3361752,0,29,5,futex_do_wait
4924494960135511,3126029,qlever-server-d,R,2072,9,20821141597,15001627,206,12,0
4924494960135511,3126030,qlever-server-d,R,2074,10,20850273913,7965446,184,10,0
4924494960135511,3126031,qlever-server-d,S,0,0,19980,0,1,11,futex_do_wait
4924494960135511,3126032,qlever-server-d,S,0,0,127190,0,4,0,ep_poll
4924494960135511,3126033,qlever-server-d,S,0,0,522531,0,8,8,futex_do_wait
4924494960135511,3126034,qlever-server-d,S,5,39,452123002,65972488,1947,3,futex_do_wait
4924494960135511,3126035,qlever-server-d,S,2,20,227778173,89743321,2669,1,ep_poll
4924494960135511,3126838,qlever-server-d,S,0,0,2668661,6749383,85,5,futex_do_wait
4924494960135511,3126839,qlever-server-d,R,268,1,2698514657,10445927,154,8,0
4924494960135511,0,__system__,-,1024796409,7867821008,0,0,0,-1,-
4924494980139361,3125313,qlever-server-d,S,925,1653,25796536701,16526421,786,9,futex_do_wait
4924494980139361,3125317,qlever-server-d,S,0,0,3361752,0,29,5,futex_do_wait
4924494980139361,3126029,qlever-server-d,R,2074,9,20841139688,15001627,206,12,0
4924494980139361,3126030,qlever-server-d,R,2076,10,20870273904,7965446,184,10,0
4924494980139361,3126031,qlever-server-d,S,0,0,19980,0,1,11,futex_do_wait
4924494980139361,3126032,qlever-server-d,S,0,0,127190,0,4,0,ep_poll
4924494980139361,3126033,qlever-server-d,S,0,0,522531,0,8,8,futex_do_wait
4924494980139361,3126034,qlever-server-d,S,5,39,452682852,65988128,1950,9,futex_do_wait
4924494980139361,3126035,qlever-server-d,S,2,20,227831903,89919431,2672,0,ep_poll
4924494980139361,3126838,qlever-server-d,S,0,0,2668661,6749383,85,5,futex_do_wait
4924494980139361,3126839,qlever-server-d,R,270,1,2718515938,10445927,154,8,0
4924494980139361,0,__system__,-,1024796430,7867821041,0,0,0,-1,-
4924495000152870,3125313,qlever-server-d,S,925,1653,25796536701,16526421,786,9,futex_do_wait
4924495000152870,3125317,qlever-server-d,S,0,0,3361752,0,29,5,futex_do_wait
4924495000152870,3126029,qlever-server-d,R,2076,9,20861141359,15001627,206,12,0
4924495000152870,3126030,qlever-server-d,R,2078,10,20890275105,7965446,184,10,0
4924495000152870,3126031,qlever-server-d,S,0,0,19980,0,1,11,futex_do_wait
4924495000152870,3126032,qlever-server-d,S,0,0,127190,0,4,0,ep_poll
4924495000152870,3126033,qlever-server-d,S,0,0,522531,0,8,8,futex_do_wait
4924495000152870,3126034,qlever-server-d,S,5,39,453455303,65988128,1952,3,futex_do_wait
4924495000152870,3126035,qlever-server-d,S,2,20,227907953,89919431,2676,0,ep_poll
4924495000152870,3126838,qlever-server-d,S,0,0,2700212,6749383,86,5,futex_do_wait
4924495000152870,3126839,qlever-server-d,R,272,1,2738484179,10477597,155,8,0
4924495000152870,0,__system__,-,1024796449,7867821073,0,0,0,-1,-
4924495020140640,3125313,qlever-server-d,S,925,1653,25796536701,16526421,786,9,futex_do_wait
4924495020140640,3125317,qlever-server-d,S,0,0,3361752,0,29,5,futex_do_wait
4924495020140640,3126029,qlever-server-d,R,2078,9,20881141960,15001627,206,12,0
4924495020140640,3126030,qlever-server-d,R,2080,10,20910273256,7965446,184,10,0
4924495020140640,3126031,qlever-server-d,S,0,0,19980,0,1,11,futex_do_wait
4924495020140640,3126032,qlever-server-d,S,0,0,127190,0,4,0,ep_poll
4924495020140640,3126033,qlever-server-d,S,0,0,522531,0,8,8,futex_do_wait
4924495020140640,3126034,qlever-server-d,S,5,39,453929573,65988128,1953,3,futex_do_wait
4924495020140640,3126035,qlever-server-d,S,2,20,227959253,89919431,2679,2,ep_poll
4924495020140640,3126838,qlever-server-d,S,0,0,2700212,6749383,86,5,futex_do_wait
4924495020140640,3126839,qlever-server-d,R,274,1,2758483720,10477597,155,8,0
4924495020140640,0,__system__,-,1024796467,7867821104,0,0,0,-1,-
4924495040135050,3125313,qlever-server-d,S,925,1653,25796536701,16526421,786,9,futex_do_wait
4924495040135050,3125317,qlever-server-d,S,0,0,3361752,0,29,5,futex_do_wait
4924495040135050,3126029,qlever-server-d,R,2080,9,20901141141,15001627,206,12,0
4924495040135050,3126030,qlever-server-d,R,2082,10,20930273577,7965446,184,10,0
4924495040135050,3126031,qlever-server-d,S,0,0,19980,0,1,11,futex_do_wait
4924495040135050,3126032,qlever-server-d,S,0,0,127190,0,4,0,ep_poll
4924495040135050,3126033,qlever-server-d,S,0,0,522531,0,8,8,futex_do_wait
4924495040135050,3126034,qlever-server-d,S,5,39,454804194,65988128,1955,9,futex_do_wait
4924495040135050,3126035,qlever-server-d,S,2,20,228070083,89919431,2684,3,ep_poll
4924495040135050,3126838,qlever-server-d,S,0,0,2742172,6749383,87,7,futex_do_wait
4924495040135050,3126839,qlever-server-d,R,276,1,2778484401,10477597,155,8,0
4924495040135050,0,__system__,-,1024796485,7867821135,0,0,0,-1,-
4924495060142020,3125313,qlever-server-d,S,925,1653,25796536701,16526421,786,9,futex_do_wait
4924495060142020,3125317,qlever-server-d,S,0,0,3361752,0,29,5,futex_do_wait
4924495060142020,3126029,qlever-server-d,R,2082,9,20921139702,15001627,206,12,0
4924495060142020,3126030,qlever-server-d,R,2084,10,20950275868,7965446,184,10,0
4924495060142020,3126031,qlever-server-d,S,0,0,19980,0,1,11,futex_do_wait
4924495060142020,3126032,qlever-server-d,S,0,0,127190,0,4,0,ep_poll
4924495060142020,3126033,qlever-server-d,S,0,0,522531,0,8,8,futex_do_wait
4924495060142020,3126034,qlever-server-d,S,5,40,455493014,65988128,1956,9,futex_do_wait
4924495060142020,3126035,qlever-server-d,S,2,20,228132513,89919431,2688,2,ep_poll
4924495060142020,3126838,qlever-server-d,S,0,0,2742172,6749383,87,7,futex_do_wait
4924495060142020,3126839,qlever-server-d,R,278,1,2798484502,10477597,155,8,0
4924495060142020,0,__system__,-,1024796505,7867821169,0,0,0,-1,-
4924495080145850,3125313,qlever-server-d,S,925,1653,25796536701,16526421,786,9,futex_do_wait
4924495080145850,3125317,qlever-server-d,S,0,0,3361752,0,29,5,futex_do_wait
4924495080145850,3126029,qlever-server-d,R,2084,9,20941140074,15001627,206,12,0
4924495080145850,3126030,qlever-server-d,R,2086,10,20970275360,7965446,184,10,0
4924495080145850,3126031,qlever-server-d,S,0,0,19980,0,1,11,futex_do_wait
4924495080145850,3126032,qlever-server-d,S,0,0,127190,0,4,0,ep_poll
4924495080145850,3126033,qlever-server-d,S,0,0,522531,0,8,8,futex_do_wait
4924495080145850,3126034,qlever-server-d,S,5,40,456005265,65988128,1957,9,futex_do_wait
4924495080145850,3126035,qlever-server-d,S,2,20,228180363,89919431,2691,2,ep_poll
4924495080145850,3126838,qlever-server-d,S,0,0,2742172,6749383,87,7,futex_do_wait
4924495080145850,3126839,qlever-server-d,R,280,1,2818485404,10477597,155,8,0
4924495080145850,0,__system__,-,1024796522,7867821199,0,0,0,-1,-
4924495100146619,3125313,qlever-server-d,S,925,1653,25796536701,16526421,786,9,futex_do_wait
4924495100146619,3125317,qlever-server-d,S,0,0,3361752,0,29,5,futex_do_wait
4924495100146619,3126029,qlever-server-d,R,2086,9,20961141475,15001627,206,12,0
4924495100146619,3126030,qlever-server-d,R,2088,10,20990275671,7965446,184,10,0
4924495100146619,3126031,qlever-server-d,S,0,0,19980,0,1,11,futex_do_wait
4924495100146619,3126032,qlever-server-d,S,0,0,127190,0,4,0,ep_poll
4924495100146619,3126033,qlever-server-d,S,0,0,522531,0,8,8,futex_do_wait
4924495100146619,3126034,qlever-server-d,S,5,40,456550766,65988128,1958,9,futex_do_wait
4924495100146619,3126035,qlever-server-d,S,2,20,228242023,89919431,2694,2,ep_poll
4924495100146619,3126838,qlever-server-d,S,0,0,2779392,6749383,88,7,futex_do_wait
4924495100146619,3126839,qlever-server-d,R,282,1,2838485085,10477597,155,8,0
4924495100146619,0,__system__,-,1024796542,7867821231,0,0,0,-1,-
4924495120150819,3125313,qlever-server-d,S,925,1653,25796536701,16526421,786,9,futex_do_wait
4924495120150819,3125317,qlever-server-d,S,0,0,3361752,0,29,5,futex_do_wait
4924495120150819,3126029,qlever-server-d,R,2088,9,20981119316,15021837,207,12,0
4924495120150819,3126030,qlever-server-d,R,2090,10,21010255312,7984746,185,10,0
4924495120150819,3126031,qlever-server-d,S,0,0,19980,0,1,11,futex_do_wait
4924495120150819,3126032,qlever-server-d,S,0,0,127190,0,4,0,ep_poll
4924495120150819,3126033,qlever-server-d,S,0,0,522531,0,8,8,futex_do_wait
4924495120150819,3126034,qlever-server-d,S,5,40,457060306,65988128,1959,9,futex_do_wait
4924495120150819,3126035,qlever-server-d,S,2,20,228266933,90201941,2695,9,ep_poll
4924495120150819,3126838,qlever-server-d,S,0,0,2779392,6749383,88,7,futex_do_wait
4924495120150819,3126839,qlever-server-d,R,284,1,2858467246,10495927,156,8,0
4924495120150819,0,__system__,-,1024796561,7867821262,0,0,0,-1,-
4924495140140129,3125313,qlever-server-d,S,925,1653,25796536701,16526421,786,9,futex_do_wait
4924495140140129,3125317,qlever-server-d,S,0,0,3361752,0,29,5,futex_do_wait
4924495140140129,3126029,qlever-server-d,R,2090,9,21001120917,15021837,207,12,0
4924495140140129,3126030,qlever-server-d,R,2092,10,21030255763,7984746,185,10,0
4924495140140129,3126031,qlever-server-d,S,0,0,19980,0,1,11,futex_do_wait
4924495140140129,3126032,qlever-server-d,S,0,0,127190,0,4,0,ep_poll
4924495140140129,3126033,qlever-server-d,S,0,0,522531,0,8,8,futex_do_wait
4924495140140129,3126034,qlever-server-d,S,5,40,457554646,65988128,1960,3,futex_do_wait
4924495140140129,3126035,qlever-server-d,S,2,20,228322473,90201941,2698,0,ep_poll
4924495140140129,3126838,qlever-server-d,S,0,0,2825332,6749383,89,4,futex_do_wait
4924495140140129,3126839,qlever-server-d,R,286,1,2878466827,10495927,156,8,0
4924495140140129,0,__system__,-,1024796580,7867821295,0,0,0,-1,-
4924495160148929,3125313,qlever-server-d,S,925,1653,25796536701,16526421,786,9,futex_do_wait
4924495160148929,3125317,qlever-server-d,S,0,0,3361752,0,29,5,futex_do_wait
4924495160148929,3126029,qlever-server-d,R,2092,9,21021120118,15021837,207,12,0
4924495160148929,3126030,qlever-server-d,R,2094,10,21050255734,7984746,185,10,0
4924495160148929,3126031,qlever-server-d,S,0,0,19980,0,1,11,futex_do_wait
4924495160148929,3126032,qlever-server-d,S,0,0,127190,0,4,0,ep_poll
4924495160148929,3126033,qlever-server-d,S,0,0,522531,0,8,8,futex_do_wait
4924495160148929,3126034,qlever-server-d,S,5,40,458067566,65988128,1961,3,futex_do_wait
4924495160148929,3126035,qlever-server-d,S,2,20,228372543,90201941,2701,9,ep_poll
4924495160148929,3126838,qlever-server-d,S,0,0,2825332,6749383,89,4,futex_do_wait
4924495160148929,3126839,qlever-server-d,R,288,1,2898468208,10495927,156,8,0
4924495160148929,0,__system__,-,1024796599,7867821327,0,0,0,-1,-
4924495180137729,3125313,qlever-server-d,S,925,1653,25796536701,16526421,786,9,futex_do_wait
4924495180137729,3125317,qlever-server-d,S,0,0,3361752,0,29,5,futex_do_wait
4924495180137729,3126029,qlever-server-d,R,2094,9,21041121299,15021837,207,12,0
4924495180137729,3126030,qlever-server-d,R,2096,10,21070255745,7984746,185,10,0
4924495180137729,3126031,qlever-server-d,S,0,0,19980,0,1,11,futex_do_wait
4924495180137729,3126032,qlever-server-d,S,0,0,127190,0,4,0,ep_poll
4924495180137729,3126033,qlever-server-d,S,0,0,522531,0,8,8,futex_do_wait
4924495180137729,3126034,qlever-server-d,S,5,40,458610196,65988128,1962,11,futex_do_wait
4924495180137729,3126035,qlever-server-d,S,2,20,228424933,90201941,2704,0,ep_poll
4924495180137729,3126838,qlever-server-d,S,0,0,2825332,6749383,89,4,futex_do_wait
4924495180137729,3126839,qlever-server-d,R,290,1,2918469149,10495927,156,8,0
4924495180137729,0,__system__,-,1024796617,7867821358,0,0,0,-1,-
4924495200135458,3125313,qlever-server-d,S,925,1653,25796536701,16526421,786,9,futex_do_wait
4924495200135458,3125317,qlever-server-d,S,0,0,3361752,0,29,5,futex_do_wait
4924495200135458,3126029,qlever-server-d,R,2096,9,21061365370,15021837,207,12,0
4924495200135458,3126030,qlever-server-d,R,2098,10,21090230566,8003256,186,1,0
4924495200135458,3126031,qlever-server-d,S,0,0,19980,0,1,11,futex_do_wait
4924495200135458,3126032,qlever-server-d,S,0,0,127190,0,4,0,ep_poll
4924495200135458,3126033,qlever-server-d,S,0,0,522531,0,8,8,futex_do_wait
4924495200135458,3126034,qlever-server-d,S,5,40,459102336,65988128,1963,11,futex_do_wait
4924495200135458,3126035,qlever-server-d,S,2,20,228482783,90383941,2706,0,ep_poll
4924495200135458,3126838,qlever-server-d,S,0,0,2870732,6749383,90,4,futex_do_wait
4924495200135458,3126839,qlever-server-d,R,292,1,2938466730,10495927,156,8,0
4924495200135458,0,__system__,-,1024796635,7867821390,0,0,0,-1,-
4924495220133998,3125313,qlever-server-d,S,925,1653,25796536701,16526421,786,9,futex_do_wait
4924495220133998,3125317,qlever-server-d,S,0,0,3361752,0,29,5,futex_do_wait
4924495220133998,3126029,qlever-server-d,R,2098,9,21081120891,15021837,207,12,0
4924495220133998,3126030,qlever-server-d,R,2100,10,21110230137,8003256,186,1,0
4924495220133998,3126031,qlever-server-d,S,0,0,19980,0,1,11,futex_do_wait
4924495220133998,3126032,qlever-server-d,S,0,0,127190,0,4,0,ep_poll
4924495220133998,3126033,qlever-server-d,S,0,0,522531,0,8,8,futex_do_wait
4924495220133998,3126034,qlever-server-d,S,5,40,459662086,65988128,1964,11,futex_do_wait
4924495220133998,3126035,qlever-server-d,S,2,20,228506553,90878901,2707,0,ep_poll
4924495220133998,3126838,qlever-server-d,S,0,0,2870732,6749383,90,4,futex_do_wait
4924495220133998,3126839,qlever-server-d,R,294,1,2958467091,10495927,156,8,0
4924495220133998,0,__system__,-,1024796654,7867821421,0,0,0,-1,-
4924495240141608,3125313,qlever-server-d,S,925,1653,25796536701,16526421,786,9,futex_do_wait
4924495240141608,3125317,qlever-server-d,S,0,0,3361752,0,29,5,futex_do_wait
4924495240141608,3126029,qlever-server-d,R,2100,9,21101121502,15021837,207,12,0
4924495240141608,3126030,qlever-server-d,R,2102,10,21130232958,8003256,186,1,0
4924495240141608,3126031,qlever-server-d,S,0,0,19980,0,1,11,futex_do_wait
4924495240141608,3126032,qlever-server-d,S,0,0,127190,0,4,0,ep_poll
4924495240141608,3126033,qlever-server-d,S,0,0,522531,0,8,8,futex_do_wait
4924495240141608,3126034,qlever-server-d,S,5,40,460215097,65988128,1965,3,futex_do_wait
4924495240141608,3126035,qlever-server-d,S,2,20,228557593,90878901,2710,0,ep_poll
4924495240141608,3126838,qlever-server-d,S,0,0,2909162,6749383,91,4,futex_do_wait
4924495240141608,3126839,qlever-server-d,R,296,1,2978469412,10495927,156,8,0
4924495240141608,0,__system__,-,1024796673,7867821452,0,0,0,-1,-
4924495260150838,3125313,qlever-server-d,S,925,1653,25796536701,16526421,786,9,futex_do_wait
4924495260150838,3125317,qlever-server-d,S,0,0,3361752,0,29,5,futex_do_wait
4924495260150838,3126029,qlever-server-d,R,2102,9,21121122704,15021837,207,12,0
4924495260150838,3126030,qlever-server-d,R,2104,10,21150183160,8043476,188,6,0
4924495260150838,3126031,qlever-server-d,S,0,0,19980,0,1,11,futex_do_wait
4924495260150838,3126032,qlever-server-d,S,0,0,127190,0,4,0,ep_poll
4924495260150838,3126033,qlever-server-d,S,0,0,522531,0,8,8,futex_do_wait
4924495260150838,3126034,qlever-server-d,S,5,40,461261739,65988128,1967,1,futex_do_wait
4924495260150838,3126035,qlever-server-d,S,2,20,228656143,90878901,2716,9,ep_poll
4924495260150838,3126838,qlever-server-d,S,0,0,2909162,6749383,91,4,futex_do_wait
4924495260150838,3126839,qlever-server-d,R,298,1,2998452164,10495927,157,8,0
4924495260150838,0,__system__,-,1024796694,7867821486,0,0,0,-1,-
4924495280134758,3125313,qlever-server-d,S,925,1653,25796536701,16526421,786,9,futex_do_wait
4924495280134758,3125317,qlever-server-d,S,0,0,3361752,0,29,5,futex_do_wait
4924495280134758,3126029,qlever-server-d,R,2104,9,21141123125,15021837,207,12,0
4924495280134758,3126030,qlever-server-d,R,2106,10,21170158001,8066366,189,1,0
4924495280134758,3126031,qlever-server-d,S,0,0,19980,0,1,11,futex_do_wait
4924495280134758,3126032,qlever-server-d,S,0,0,127190,0,4,0,ep_poll
4924495280134758,3126033,qlever-server-d,S,0,0,522531,0,8,8,futex_do_wait
4924495280134758,3126034,qlever-server-d,S,5,40,461261739,65988128,1967,1,futex_do_wait
4924495280134758,3126035,qlever-server-d,S,2,20,228656143,90878901,2716,9,ep_poll
4924495280134758,3126838,qlever-server-d,S,0,0,2909162,6749383,91,4,futex_do_wait
4924495280134758,3126839,qlever-server-d,R,300,1,3018452415,10495927,157,8,0
4924495280134758,0,__system__,-,1024796713,7867821518,0,0,0,-1,-
4924495300139877,3125313,qlever-server-d,S,925,1653,25796536701,16526421,786,9,futex_do_wait
4924495300139877,3125317,qlever-server-d,S,0,0,3361752,0,29,5,futex_do_wait
4924495300139877,3126029,qlever-server-d,R,2106,9,21161122246,15021837,207,12,0
4924495300139877,3126030,qlever-server-d,R,2108,10,21190155872,8066366,189,1,0
4924495300139877,3126031,qlever-server-d,S,0,0,19980,0,1,11,futex_do_wait
4924495300139877,3126032,qlever-server-d,S,0,0,127190,0,4,0,ep_poll
4924495300139877,3126033,qlever-server-d,S,0,0,522531,0,8,8,futex_do_wait
4924495300139877,3126034,qlever-server-d,S,5,40,461854919,65988128,1968,9,futex_do_wait
4924495300139877,3126035,qlever-server-d,S,2,20,228688773,91029691,2718,2,ep_poll
4924495300139877,3126838,qlever-server-d,S,0,0,2943103,6749383,92,5,futex_do_wait
4924495300139877,3126839,qlever-server-d,R,302,1,3038453136,10495927,157,8,0
4924495300139877,0,__system__,-,1024796731,7867821549,0,0,0,-1,-
4924495320150587,3125313,qlever-server-d,S,925,1653,25796536701,16526421,786,9,futex_do_wait
4924495320150587,3125317,qlever-server-d,S,0,0,3361752,0,29,5,futex_do_wait
4924495320150587,3126029,qlever-server-d,R,2108,9,21181123697,15021837,207,12,0
4924495320150587,3126030,qlever-server-d,R,2110,10,21210109163,8107366,191,6,0
4924495320150587,3126031,qlever-server-d,S,0,0,19980,0,1,11,futex_do_wait
4924495320150587,3126032,qlever-server-d,S,0,0,127190,0,4,0,ep_poll
4924495320150587,3126033,qlever-server-d,S,0,0,522531,0,8,8,futex_do_wait
4924495320150587,3126034,qlever-server-d,S,5,40,462403219,65988128,1969,0,futex_do_wait
4924495320150587,3126035,qlever-server-d,S,2,20,228755913,91029691,2721,11,ep_poll
4924495320150587,3126838,qlever-server-d,S,0,0,2943103,6749383,92,5,futex_do_wait
4924495320150587,3126839,qlever-server-d,R,303,1,3058452827,10495927,157,8,0
4924495320150587,0,__system__,-,1024796749,7867821580,0,0,0,-1,-
4924495340137987,3125313,qlever-server-d,S,925,1653,25796536701,16526421,786,9,futex_do_wait
4924495340137987,3125317,qlever-server-d,S,0,0,3361752,0,29,5,futex_do_wait
4924495340137987,3126029,qlever-server-d,R,2110,9,21201122518,15021837,207,12,0
4924495340137987,3126030,qlever-server-d,R,2112,10,21230087124,8125736,192,10,0
4924495340137987,3126031,qlever-server-d,S,0,0,19980,0,1,11,futex_do_wait
4924495340137987,3126032,qlever-server-d,S,0,0,127190,0,4,0,ep_poll
4924495340137987,3126033,qlever-server-d,S,0,0,522531,0,8,8,futex_do_wait
4924495340137987,3126034,qlever-server-d,S,5,40,462921499,65988128,1970,0,futex_do_wait
4924495340137987,3126035,qlever-server-d,S,2,20,228817933,91029691,2724,1,ep_poll
4924495340137987,3126838,qlever-server-d,S,0,0,2986843,6749383,93,4,futex_do_wait
4924495340137987,3126839,qlever-server-d,R,305,1,3078453148,10495927,157,8,0
4924495340137987,0,__system__,-,1024796768,7867821612,0,0,0,-1,-
4924495360152077,3125313,qlever-server-d,S,925,1653,25796536701,16526421,786,9,futex_do_wait
4924495360152077,3125317,qlever-server-d,S,0,0,3361752,0,29,5,futex_do_wait
4924495360152077,3126029,qlever-server-d,R,2112,9,21221122699,15021837,207,12,0
4924495360152077,3126030,qlever-server-d,R,2114,10,21250086805,8125736,192,10,0
4924495360152077,3126031,qlever-server-d,S,0,0,19980,0,1,11,futex_do_wait
4924495360152077,3126032,qlever-server-d,S,0,0,127190,0,4,0,ep_poll
4924495360152077,3126033,qlever-server-d,S,0,0,522531,0,8,8,futex_do_wait
4924495360152077,3126034,qlever-server-d,S,5,40,463942479,66125378,1972,0,futex_do_wait
4924495360152077,3126035,qlever-server-d,S,2,20,228891033,91345041,2728,0,ep_poll
4924495360152077,3126838,qlever-server-d,S,0,0,2986843,6749383,93,4,futex_do_wait
4924495360152077,3126839,qlever-server-d,R,307,1,3098453319,10495927,157,8,0
4924495360152077,0,__system__,-,1024796790,7867821643,0,0,0,-1,-
4924495380141106,3125313,qlever-server-d,S,925,1653,25796536701,16526421,786,9,futex_do_wait
4924495380141106,3125317,qlever-server-d,S,0,0,3361752,0,29,5,futex_do_wait
4924495380141106,3126029,qlever-server-d,R,2114,9,21241123680,15021837,207,12,0
4924495380141106,3126030,qlever-server-d,R,2116,10,21270085986,8125736,192,10,0
4924495380141106,3126031,qlever-server-d,S,0,0,19980,0,1,11,futex_do_wait
4924495380141106,3126032,qlever-server-d,S,0,0,127190,0,4,0,ep_poll
4924495380141106,3126033,qlever-server-d,S,0,0,522531,0,8,8,futex_do_wait
4924495380141106,3126034,qlever-server-d,S,5,40,464314889,66146108,1974,0,futex_do_wait
4924495380141106,3126035,qlever-server-d,S,2,20,228943763,91356541,2731,0,ep_poll
4924495380141106,3126838,qlever-server-d,S,0,0,2986843,6749383,93,4,futex_do_wait
4924495380141106,3126839,qlever-server-d,R,309,1,3118453200,10495927,157,8,0
4924495380141106,0,__system__,-,1024796812,7867821677,0,0,0,-1,-
4924495400140896,3125313,qlever-server-d,S,925,1653,25796536701,16526421,786,9,futex_do_wait
4924495400140896,3125317,qlever-server-d,S,0,0,3361752,0,29,5,futex_do_wait
4924495400140896,3126029,qlever-server-d,R,2116,9,21261122111,15021837,207,12,0
4924495400140896,3126030,qlever-server-d,R,2118,10,21290087077,8125736,192,10,0
4924495400140896,3126031,qlever-server-d,S,0,0,19980,0,1,11,futex_do_wait
4924495400140896,3126032,qlever-server-d,S,0,0,127190,0,4,0,ep_poll
4924495400140896,3126033,qlever-server-d,S,0,0,522531,0,8,8,futex_do_wait
4924495400140896,3126034,qlever-server-d,S,5,40,464874890,66161938,1976,0,futex_do_wait
4924495400140896,3126035,qlever-server-d,S,2,20,229004273,91456321,2735,2,ep_poll
4924495400140896,3126838,qlever-server-d,S,0,0,3027173,6749383,94,5,futex_do_wait
4924495400140896,3126839,qlever-server-d,R,311,1,3138452881,10495927,157,8,0
4924495400140896,0,__system__,-,1024796832,7867821708,0,0,0,-1,-
4924495420139616,3125313,qlever-server-d,S,925,1653,25796536701,16526421,786,9,futex_do_wait
4924495420139616,3125317,qlever-server-d,S,0,0,3361752,0,29,5,futex_do_wait
4924495420139616,3126029,qlever-server-d,R,2117,10,21281124482,15021837,207,12,0
4924495420139616,3126030,qlever-server-d,R,2120,10,21310086918,8125736,192,10,0
4924495420139616,3126031,qlever-server-d,S,0,0,19980,0,1,11,futex_do_wait
4924495420139616,3126032,qlever-server-d,S,0,0,127190,0,4,0,ep_poll
4924495420139616,3126033,qlever-server-d,S,0,0,522531,0,8,8,futex_do_wait
4924495420139616,3126034,qlever-server-d,S,5,40,465606620,66161938,1977,2,futex_do_wait
4924495420139616,3126035,qlever-server-d,S,2,20,229060663,91593971,2739,9,ep_poll
4924495420139616,3126838,qlever-server-d,S,0,0,3027173,6749383,94,5,futex_do_wait
4924495420139616,3126839,qlever-server-d,R,313,1,3158453992,10495927,157,8,0
4924495420139616,0,__system__,-,1024796852,7867821739,0,0,0,-1,-
4924495440138436,3125313,qlever-server-d,S,925,1653,25796536701,16526421,786,9,futex_do_wait
4924495440138436,3125317,qlever-server-d,S,0,0,3361752,0,29,5,futex_do_wait
4924495440138436,3126029,qlever-server-d,R,2119,10,21301123394,15021837,207,12,0
4924495440138436,3126030,qlever-server-d,R,2122,10,21330088920,8125736,192,10,0
4924495440138436,3126031,qlever-server-d,S,0,0,19980,0,1,11,futex_do_wait
4924495440138436,3126032,qlever-server-d,S,0,0,127190,0,4,0,ep_poll
4924495440138436,3126033,qlever-server-d,S,0,0,522531,0,8,8,futex_do_wait
4924495440138436,3126034,qlever-server-d,S,5,40,466142101,66161938,1978,2,futex_do_wait
4924495440138436,3126035,qlever-server-d,S,2,20,229117773,91593971,2742,9,ep_poll
4924495440138436,3126838,qlever-server-d,S,0,0,3060673,6749383,95,4,futex_do_wait
4924495440138436,3126839,qlever-server-d,R,315,1,3178455284,10495927,157,8,0
4924495440138436,0,__system__,-,1024796870,7867821770,0,0,0,-1,-
4924495460153446,3125313,qlever-server-d,S,925,1653,25796536701,16526421,786,9,futex_do_wait
4924495460153446,3125317,qlever-server-d,S,0,0,3361752,0,29,5,futex_do_wait
4924495460153446,3126029,qlever-server-d,R,2121,10,21321123405,15021837,207,12,0
4924495460153446,3126030,qlever-server-d,R,2124,10,21350088071,8125736,192,10,0
4924495460153446,3126031,qlever-server-d,S,0,0,19980,0,1,11,futex_do_wait
4924495460153446,3126032,qlever-server-d,S,0,0,127190,0,4,0,ep_poll
4924495460153446,3126033,qlever-server-d,S,0,0,522531,0,8,8,futex_do_wait
4924495460153446,3126034,qlever-server-d,S,5,41,467255732,66161938,1980,2,futex_do_wait
4924495460153446,3126035,qlever-server-d,S,2,20,229214533,91820831,2747,2,ep_poll
4924495460153446,3126838,qlever-server-d,S,0,0,3060673,6749383,95,4,futex_do_wait
4924495460153446,3126839,qlever-server-d,R,317,1,3198461965,10495927,157,8,0
4924495460153446,0,__system__,-,1024796889,7867821802,0,0,0,-1,-
4924495480140105,3125313,qlever-server-d,S,925,1653,25796536701,16526421,786,9,futex_do_wait
4924495480140105,3125317,qlever-server-d,S,0,0,3361752,0,29,5,futex_do_wait
4924495480140105,3126029,qlever-server-d,R,2123,10,21341123926,15021837,207,12,0
4924495480140105,3126030,qlever-server-d,R,2126,10,21370089002,8125736,192,10,0
4924495480140105,3126031,qlever-server-d,S,0,0,19980,0,1,11,futex_do_wait
4924495480140105,3126032,qlever-server-d,S,0,0,127190,0,4,0,ep_poll
4924495480140105,3126033,qlever-server-d,S,0,0,522531,0,8,8,futex_do_wait
4924495480140105,3126034,qlever-server-d,S,5,41,467865622,66185168,1982,3,futex_do_wait
4924495480140105,3126035,qlever-server-d,S,2,20,229278383,91835911,2751,11,ep_poll
4924495480140105,3126838,qlever-server-d,S,0,0,3060673,6749383,95,4,futex_do_wait
4924495480140105,3126839,qlever-server-d,R,319,1,3218454386,10495927,157,8,0
4924495480140105,0,__system__,-,1024796910,7867821834,0,0,0,-1,-
4924495500127745,3125313,qlever-server-d,S,925,1653,25796536701,16526421,786,9,futex_do_wait
4924495500127745,3125317,qlever-server-d,S,0,0,3361752,0,29,5,futex_do_wait
4924495500127745,3126029,qlever-server-d,R,2125,10,21361122757,15021837,207,12,0
4924495500127745,3126030,qlever-server-d,R,2128,10,21390088323,8125736,192,10,0
4924495500127745,3126031,qlever-server-d,S,0,0,19980,0,1,11,futex_do_wait
4924495500127745,3126032,qlever-server-d,S,0,0,127190,0,4,0,ep_poll
4924495500127745,3126033,qlever-server-d,S,0,0,522531,0,8,8,futex_do_wait
4924495500127745,3126034,qlever-server-d,S,5,41,468332942,66185168,1983,9,futex_do_wait
4924495500127745,3126035,qlever-server-d,S,2,20,229297353,92103251,2752,9,ep_poll
4924495500127745,3126838,qlever-server-d,S,0,0,3094993,6749383,96,4,futex_do_wait
4924495500127745,3126839,qlever-server-d,R,321,1,3238454927,10495927,157,8,0
4924495500127745,0,__system__,-,1024796929,7867821865,0,0,0,-1,-
4924495520135205,3125313,qlever-server-d,S,925,1653,25796536701,16526421,786,9,futex_do_wait
4924495520135205,3125317,qlever-server-d,S,0,0,3361752,0,29,5,futex_do_wait
4924495520135205,3126029,qlever-server-d,R,2127,10,21381124048,15021837,207,12,0
4924495520135205,3126030,qlever-server-d,R,2130,10,21410088374,8125736,192,10,0
4924495520135205,3126031,qlever-server-d,S,0,0,19980,0,1,11,futex_do_wait
4924495520135205,3126032,qlever-server-d,S,0,0,127190,0,4,0,ep_poll
4924495520135205,3126033,qlever-server-d,S,0,0,522531,0,8,8,futex_do_wait
4924495520135205,3126034,qlever-server-d,S,5,41,468832632,66185168,1984,9,futex_do_wait
4924495520135205,3126035,qlever-server-d,S,2,20,229346073,92103251,2755,2,ep_poll
4924495520135205,3126838,qlever-server-d,S,0,0,3094993,6749383,96,4,futex_do_wait
4924495520135205,3126839,qlever-server-d,R,323,1,3258454908,10495927,157,8,0
4924495520135205,0,__system__,-,1024796949,7867821898,0,0,0,-1,-
4924495540133025,3125313,qlever-server-d,S,925,1653,25796536701,16526421,786,9,futex_do_wait
4924495540133025,3125317,qlever-server-d,S,0,0,3361752,0,29,5,futex_do_wait
4924495540133025,3126029,qlever-server-d,R,2129,10,21401123819,15021837,207,12,0
4924495540133025,3126030,qlever-server-d,R,2132,10,21430089175,8125736,192,10,0
4924495540133025,3126031,qlever-server-d,S,0,0,19980,0,1,11,futex_do_wait
4924495540133025,3126032,qlever-server-d,S,0,0,127190,0,4,0,ep_poll
4924495540133025,3126033,qlever-server-d,S,0,0,522531,0,8,8,futex_do_wait
4924495540133025,3126034,qlever-server-d,S,5,41,469826222,66185168,1986,9,futex_do_wait
4924495540133025,3126035,qlever-server-d,S,2,20,229443973,92242071,2760,9,ep_poll
4924495540133025,3126838,qlever-server-d,S,0,0,3126343,6749383,97,7,futex_do_wait
4924495540133025,3126839,qlever-server-d,R,325,1,3278454459,10495927,157,8,0
4924495540133025,0,__system__,-,1024796966,7867821929,0,0,0,-1,-
4924495560141305,3125313,qlever-server-d,S,925,1653,25796536701,16526421,786,9,futex_do_wait
4924495560141305,3125317,qlever-server-d,S,0,0,3361752,0,29,5,futex_do_wait
4924495560141305,3126029,qlever-server-d,R,2131,10,21421123370,15021837,207,12,0
4924495560141305,3126030,qlever-server-d,R,2134,10,21450088256,8125736,192,10,0
4924495560141305,3126031,qlever-server-d,S,0,0,19980,0,1,11,futex_do_wait
4924495560141305,3126032,qlever-server-d,S,0,0,127190,0,4,0,ep_poll
4924495560141305,3126033,qlever-server-d,S,0,0,522531,0,8,8,futex_do_wait
4924495560141305,3126034,qlever-server-d,S,5,41,470333433,66185168,1987,3,futex_do_wait
4924495560141305,3126035,qlever-server-d,S,2,20,229491993,92242071,2763,2,ep_poll
4924495560141305,3126838,qlever-server-d,S,0,0,3126343,6749383,97,7,futex_do_wait
4924495560141305,3126839,qlever-server-d,R,327,1,3298455520,10495927,157,8,0
4924495560141305,0,__system__,-,1024796984,7867821960,0,0,0,-1,-
4924495580142294,3125313,qlever-server-d,S,925,1653,25796536701,16526421,786,9,futex_do_wait
4924495580142294,3125317,qlever-server-d,S,0,0,3361752,0,29,5,futex_do_wait
4924495580142294,3126029,qlever-server-d,R,2133,10,21441122781,15021837,207,12,0
4924495580142294,3126030,qlever-server-d,R,2136,10,21470089357,8125736,192,10,0
4924495580142294,3126031,qlever-server-d,S,0,0,19980,0,1,11,futex_do_wait
4924495580142294,3126032,qlever-server-d,S,0,0,127190,0,4,0,ep_poll
4924495580142294,3126033,qlever-server-d,S,0,0,522531,0,8,8,futex_do_wait
4924495580142294,3126034,qlever-server-d,S,5,41,471219353,66678239,1993,2,ep_poll
4924495580142294,3126035,qlever-server-d,S,2,20,230007364,92563701,2768,2,futex_do_wait
4924495580142294,3126838,qlever-server-d,S,0,0,3126343,6749383,97,7,futex_do_wait
4924495580142294,3126839,qlever-server-d,R,329,1,3318454501,10495927,157,8,0
4924495580142294,0,__system__,-,1024797003,7867821992,0,0,0,-1,-
4924495600139704,3125313,qlever-server-d,S,925,1653,25796536701,16526421,786,9,futex_do_wait
4924495600139704,3125317,qlever-server-d,S,0,0,3361752,0,29,5,futex_do_wait
4924495600139704,3126029,qlever-server-d,R,2135,10,21461125572,15021837,207,12,0
4924495600139704,3126030,qlever-server-d,R,2138,10,21490088978,8125736,192,10,0
4924495600139704,3126031,qlever-server-d,S,0,0,19980,0,1,11,futex_do_wait
4924495600139704,3126032,qlever-server-d,S,0,0,127190,0,4,0,ep_poll
4924495600139704,3126033,qlever-server-d,S,0,0,522531,0,8,8,futex_do_wait
4924495600139704,3126034,qlever-server-d,S,5,41,471270743,66678239,1996,1,ep_poll
4924495600139704,3126035,qlever-server-d,S,2,20,230438455,92563701,2769,9,futex_do_wait
4924495600139704,3126838,qlever-server-d,S,0,0,3163063,6749383,98,4,futex_do_wait
4924495600139704,3126839,qlever-server-d,R,331,1,3338454352,10495927,157,8,0
4924495600139704,0,__system__,-,1024797023,7867822024,0,0,0,-1,-
4924495620153834,3125313,qlever-server-d,S,925,1653,25796536701,16526421,786,9,futex_do_wait
4924495620153834,3125317,qlever-server-d,S,0,0,3361752,0,29,5,futex_do_wait
4924495620153834,3126029,qlever-server-d,R,2137,10,21481123514,15021837,207,12,0
4924495620153834,3126030,qlever-server-d,R,2140,10,21510070080,8179846,195,5,0
4924495620153834,3126031,qlever-server-d,S,0,0,19980,0,1,11,futex_do_wait
4924495620153834,3126032,qlever-server-d,S,0,0,127190,0,4,0,ep_poll
4924495620153834,3126033,qlever-server-d,S,0,0,522531,0,8,8,futex_do_wait
4924495620153834,3126034,qlever-server-d,S,5,41,471311383,66678239,1998,1,ep_poll
4924495620153834,3126035,qlever-server-d,R,2,20,230813646,92563701,2771,0,0
4924495620153834,3126838,qlever-server-d,S,0,0,3163063,6749383,98,4,futex_do_wait
4924495620153834,3126839,qlever-server-d,R,334,1,3359244874,10495927,157,8,0
4924495620153834,0,__system__,-,1024797043,7867822056,0,0,0,-1,-
4924495640132014,3125313,qlever-server-d,S,925,1653,25796536701,16526421,786,9,futex_do_wait
4924495640132014,3125317,qlever-server-d,S,0,0,3361752,0,29,5,futex_do_wait
4924495640132014,3126029,qlever-server-d,R,2139,10,21501126025,15021837,207,12,0
4924495640132014,3126030,qlever-server-d,R,2142,10,21529984401,8212626,197,5,0
4924495640132014,3126031,qlever-server-d,S,0,0,19980,0,1,11,futex_do_wait
4924495640132014,3126032,qlever-server-d,S,0,0,127190,0,4,0,ep_poll
4924495640132014,3126033,qlever-server-d,S,0,0,522531,0,8,8,futex_do_wait
4924495640132014,3126034,qlever-server-d,S,5,41,471383503,67097190,2002,0,ep_poll
4924495640132014,3126035,qlever-server-d,S,2,20,232001087,92563701,2772,0,futex_do_wait
4924495640132014,3126838,qlever-server-d,S,0,0,3203803,6749383,99,4,futex_do_wait
4924495640132014,3126839,qlever-server-d,R,335,1,3378455325,10495927,157,8,0
4924495640132014,0,__system__,-,1024797062,7867822088,0,0,0,-1,-
4924495660153144,3125313,qlever-server-d,S,925,1653,25796536701,16526421,786,9,futex_do_wait
4924495660153144,3125317,qlever-server-d,S,0,0,3361752,0,29,5,futex_do_wait
4924495660153144,3126029,qlever-server-d,R,2141,10,21521126236,15021837,207,12,0
4924495660153144,3126030,qlever-server-d,R,2144,10,21549984222,8212626,197,5,0
4924495660153144,3126031,qlever-server-d,S,0,0,19980,0,1,11,futex_do_wait
4924495660153144,3126032,qlever-server-d,S,0,0,127190,0,4,0,ep_poll
4924495660153144,3126033,qlever-server-d,S,0,0,522531,0,8,8,futex_do_wait
4924495660153144,3126034,qlever-server-d,S,5,41,471407143,67385100,2003,0,ep_poll
4924495660153144,3126035,qlever-server-d,S,2,20,232364687,92563701,2773,2,futex_do_wait
4924495660153144,3126838,qlever-server-d,S,0,0,3203803,6749383,99,4,futex_do_wait
4924495660153144,3126839,qlever-server-d,R,337,1,3398457866,10495927,157,8,0
4924495660153144,0,__system__,-,1024797080,7867822120,0,0,0,-1,-
4924495680143703,3125313,qlever-server-d,S,925,1653,25796536701,16526421,786,9,futex_do_wait
4924495680143703,3125317,qlever-server-d,S,0,0,3361752,0,29,5,futex_do_wait
4924495680143703,3126029,qlever-server-d,R,2143,10,21541124357,15021837,207,12,0
4924495680143703,3126030,qlever-server-d,R,2146,10,21569923373,8261416,200,3,0
4924495680143703,3126031,qlever-server-d,S,0,0,19980,0,1,11,futex_do_wait
4924495680143703,3126032,qlever-server-d,S,0,0,127190,0,4,0,ep_poll
4924495680143703,3126033,qlever-server-d,S,0,0,522531,0,8,8,futex_do_wait
4924495680143703,3126034,qlever-server-d,S,5,41,471432343,67825870,2004,9,ep_poll
4924495680143703,3126035,qlever-server-d,S,2,20,233046438,92563701,2774,9,futex_do_wait
4924495680143703,3126838,qlever-server-d,S,0,0,3203803,6749383,99,4,futex_do_wait
4924495680143703,3126839,qlever-server-d,R,339,1,3418456927,10495927,157,8,0
4924495680143703,0,__system__,-,1024797100,7867822153,0,0,0,-1,-
4924495700152783,3125313,qlever-server-d,S,925,1653,25796536701,16526421,786,9,futex_do_wait
4924495700152783,3125317,qlever-server-d,S,0,0,3361752,0,29,5,futex_do_wait
4924495700152783,3126029,qlever-server-d,R,2145,10,21561124138,15021837,207,12,0
4924495700152783,3126030,qlever-server-d,R,2148,10,21589897414,8282716,201,2,0
4924495700152783,3126031,qlever-server-d,S,0,0,19980,0,1,11,futex_do_wait
4924495700152783,3126032,qlever-server-d,S,0,0,127190,0,4,0,ep_poll
4924495700152783,3126033,qlever-server-d,S,0,0,522531,0,8,8,futex_do_wait
4924495700152783,3126034,qlever-server-d,S,5,41,471567633,68391030,2009,0,ep_poll
4924495700152783,3126035,qlever-server-d,S,2,20,234128678,92563701,2776,9,futex_do_wait
4924495700152783,3126838,qlever-server-d,S,0,0,3234103,6749383,100,4,futex_do_wait
4924495700152783,3126839,qlever-server-d,R,341,1,3438431388,10519307,158,8,0
4924495700152783,0,__system__,-,1024797118,7867822184,0,0,0,-1,-
4924495720140853,3125313,qlever-server-d,S,925,1653,25796536701,16526421,786,9,futex_do_wait
4924495720140853,3125317,qlever-server-d,S,0,0,3361752,0,29,5,futex_do_wait
4924495720140853,3126029,qlever-server-d,R,2147,10,21581125839,15021837,207,12,0
4924495720140853,3126030,qlever-server-d,R,2150,10,21609897765,8282716,201,2,0
4924495720140853,3126031,qlever-server-d,S,0,0,19980,0,1,11,futex_do_wait
4924495720140853,3126032,qlever-server-d,S,0,0,127190,0,4,0,ep_poll
4924495720140853,3126033,qlever-server-d,S,0,0,522531,0,8,8,futex_do_wait
4924495720140853,3126034,qlever-server-d,S,5,41,471605443,68391030,2011,3,ep_poll
4924495720140853,3126035,qlever-server-d,S,2,20,234520108,92563701,2777,9,futex_do_wait
4924495720140853,3126838,qlever-server-d,S,0,0,3234103,6749383,100,4,futex_do_wait
4924495720140853,3126839,qlever-server-d,R,343,1,3458433879,10519307,158,8,0
4924495720140853,0,__system__,-,1024797137,7867822215,0,0,0,-1,-
4924495740135023,3125313,qlever-server-d,S,925,1653,25796536701,16526421,786,9,futex_do_wait
4924495740135023,3125317,qlever-server-d,S,0,0,3361752,0,29,5,futex_do_wait
4924495740135023,3126029,qlever-server-d,R,2149,10,21601126200,15021837,207,12,0
4924495740135023,3126030,qlever-server-d,R,2152,10,21629898236,8282716,201,2,0
4924495740135023,3126031,qlever-server-d,S,0,0,19980,0,1,11,futex_do_wait
4924495740135023,3126032,qlever-server-d,S,0,0,127190,0,4,0,ep_poll
4924495740135023,3126033,qlever-server-d,S,0,0,522531,0,8,8,futex_do_wait
4924495740135023,3126034,qlever-server-d,S,5,41,471667573,68391030,2014,9,ep_poll
4924495740135023,3126035,qlever-server-d,S,2,20,235050938,92563701,2778,10,futex_do_wait
4924495740135023,3126838,qlever-server-d,S,0,0,3289653,6756093,101,4,futex_do_wait
4924495740135023,3126839,qlever-server-d,R,345,1,3478433950,10519307,158,8,0
4924495740135023,0,__system__,-,1024797156,7867822246,0,0,0,-1,-
4924495760145003,3125313,qlever-server-d,S,925,1653,25796536701,16526421,786,9,futex_do_wait
4924495760145003,3125317,qlever-server-d,S,0,0,3361752,0,29,5,futex_do_wait
4924495760145003,3126029,qlever-server-d,R,2151,10,21621128371,15021837,207,12,0
4924495760145003,3126030,qlever-server-d,R,2154,10,21649855627,8318326,203,7,0
4924495760145003,3126031,qlever-server-d,S,0,0,19980,0,1,11,futex_do_wait
4924495760145003,3126032,qlever-server-d,S,0,0,127190,0,4,0,ep_poll
4924495760145003,3126033,qlever-server-d,S,0,0,522531,0,8,8,futex_do_wait
4924495760145003,3126034,qlever-server-d,S,5,41,471706203,68391030,2017,10,ep_poll
4924495760145003,3126035,qlever-server-d,S,2,20,235567019,92563701,2779,9,futex_do_wait
4924495760145003,3126838,qlever-server-d,S,0,0,3289653,6756093,101,4,futex_do_wait
4924495760145003,3126839,qlever-server-d,R,347,1,3498433341,10519307,158,8,0
4924495760145003,0,__system__,-,1024797175,7867822278,0,0,0,-1,-
4924495780152662,3125313,qlever-server-d,S,925,1653,25796536701,16526421,786,9,futex_do_wait
4924495780152662,3125317,qlever-server-d,S,0,0,3361752,0,29,5,futex_do_wait
4924495780152662,3126029,qlever-server-d,R,2153,10,21641125882,15021837,207,12,0
4924495780152662,3126030,qlever-server-d,R,2156,10,21669854278,8318326,203,7,0
4924495780152662,3126031,qlever-server-d,S,0,0,19980,0,1,11,futex_do_wait
4924495780152662,3126032,qlever-server-d,S,0,0,127190,0,4,0,ep_poll
4924495780152662,3126033,qlever-server-d,S,0,0,522531,0,8,8,futex_do_wait
4924495780152662,3126034,qlever-server-d,S,5,41,471771863,68406720,2021,10,ep_poll
4924495780152662,3126035,qlever-server-d,S,2,20,236295260,92563701,2780,9,futex_do_wait
4924495780152662,3126838,qlever-server-d,S,0,0,3289653,6756093,101,4,futex_do_wait
4924495780152662,3126839,qlever-server-d,R,349,1,3518432302,10519307,158,8,0
4924495780152662,0,__system__,-,1024797193,7867822310,0,0,0,-1,-
4924495800143222,3125313,qlever-server-d,S,925,1653,25796536701,16526421,786,9,futex_do_wait
4924495800143222,3125317,qlever-server-d,S,0,0,3361752,0,29,5,futex_do_wait
4924495800143222,3126029,qlever-server-d,R,2155,10,21661126534,15021837,207,12,0
4924495800143222,3126030,qlever-server-d,R,2158,10,21689826670,8342936,204,3,0
4924495800143222,3126031,qlever-server-d,S,0,0,19980,0,1,11,futex_do_wait
4924495800143222,3126032,qlever-server-d,S,0,0,127190,0,4,0,ep_poll
4924495800143222,3126033,qlever-server-d,S,0,0,522531,0,8,8,futex_do_wait
4924495800143222,3126034,qlever-server-d,S,5,41,471825383,68406720,2024,2,ep_poll
4924495800143222,3126035,qlever-server-d,S,2,20,236795420,92563701,2781,9,futex_do_wait
4924495800143222,3126838,qlever-server-d,S,0,0,3324443,6756093,102,4,futex_do_wait
4924495800143222,3126839,qlever-server-d,R,351,1,3538432504,10519307,158,8,0
4924495800143222,0,__system__,-,1024797212,7867822342,0,0,0,-1,-
4924495820146882,3125313,qlever-server-d,S,925,1653,25796536701,16526421,786,9,futex_do_wait
4924495820146882,3125317,qlever-server-d,S,0,0,3361752,0,29,5,futex_do_wait
4924495820146882,3126029,qlever-server-d,R,2157,10,21681125555,15021837,207,12,0
4924495820146882,3126030,qlever-server-d,R,2160,10,21709799081,8371236,205,3,0
4924495820146882,3126031,qlever-server-d,S,0,0,19980,0,1,11,futex_do_wait
4924495820146882,3126032,qlever-server-d,S,0,0,127190,0,4,0,ep_poll
4924495820146882,3126033,qlever-server-d,S,0,0,522531,0,8,8,futex_do_wait
4924495820146882,3126034,qlever-server-d,S,5,41,471896603,68661330,2027,7,ep_poll
4924495820146882,3126035,qlever-server-d,S,2,20,237373210,92563701,2782,9,futex_do_wait
4924495820146882,3126838,qlever-server-d,S,0,0,3324443,6756093,102,4,futex_do_wait
4924495820146882,3126839,qlever-server-d,R,353,1,3558382895,10569867,159,8,0
4924495820146882,0,__system__,-,1024797231,7867822374,0,0,0,-1,-
4924495840132912,3125313,qlever-server-d,S,925,1653,25796536701,16526421,786,9,futex_do_wait
4924495840132912,3125317,qlever-server-d,S,0,0,3361752,0,29,5,futex_do_wait
4924495840132912,3126029,qlever-server-d,R,2159,10,21701126746,15021837,207,12,0
4924495840132912,3126030,qlever-server-d,R,2162,10,21729778062,8389286,206,2,0
4924495840132912,3126031,qlever-server-d,S,0,0,19980,0,1,11,futex_do_wait
4924495840132912,3126032,qlever-server-d,S,0,0,127190,0,4,0,ep_poll
4924495840132912,3126033,qlever-server-d,S,0,0,522531,0,8,8,futex_do_wait
4924495840132912,3126034,qlever-server-d,S,5,41,471947413,68661330,2030,11,ep_poll
4924495840132912,3126035,qlever-server-d,S,2,20,237890580,92563701,2783,9,futex_do_wait
4924495840132912,3126838,qlever-server-d,S,0,0,3360063,6756093,103,7,futex_do_wait
4924495840132912,3126839,qlever-server-d,R,355,1,3578384286,10569867,159,8,0
4924495840132912,0,__system__,-,1024797249,7867822405,0,0,0,-1,-
4924495860146531,3125313,qlever-server-d,S,925,1653,25796536701,16526421,786,9,futex_do_wait
4924495860146531,3125317,qlever-server-d,S,0,0,3361752,0,29,5,futex_do_wait
4924495860146531,3126029,qlever-server-d,R,2161,10,21721105507,15039087,208,1,0
4924495860146531,3126030,qlever-server-d,R,2164,10,21749046923,9107416,208,12,0
4924495860146531,3126031,qlever-server-d,S,0,0,19980,0,1,11,futex_do_wait
4924495860146531,3126032,qlever-server-d,S,0,0,127190,0,4,0,ep_poll
4924495860146531,3126033,qlever-server-d,S,0,0,522531,0,8,8,futex_do_wait
4924495860146531,3126034,qlever-server-d,S,5,41,472008293,68661330,2033,11,ep_poll
4924495860146531,3126035,qlever-server-d,S,2,20,238344800,92563701,2784,10,futex_do_wait
4924495860146531,3126838,qlever-server-d,S,0,0,3360063,6756093,103,7,futex_do_wait
4924495860146531,3126839,qlever-server-d,R,357,1,3598383007,10569867,159,8,0
4924495860146531,0,__system__,-,1024797270,7867822438,0,0,0,-1,-
4924495880141951,3125313,qlever-server-d,S,925,1653,25796536701,16526421,786,9,futex_do_wait
4924495880141951,3125317,qlever-server-d,S,0,0,3361752,0,29,5,futex_do_wait
4924495880141951,3126029,qlever-server-d,R,2163,10,21741082058,15058137,209,7,0
4924495880141951,3126030,qlever-server-d,R,2166,10,21769049704,9107416,208,12,0
4924495880141951,3126031,qlever-server-d,S,0,0,19980,0,1,11,futex_do_wait
4924495880141951,3126032,qlever-server-d,S,0,0,127190,0,4,0,ep_poll
4924495880141951,3126033,qlever-server-d,S,0,0,522531,0,8,8,futex_do_wait
4924495880141951,3126034,qlever-server-d,S,5,41,472065333,68661330,2037,0,ep_poll
4924495880141951,3126035,qlever-server-d,S,2,20,238968490,92563701,2785,10,futex_do_wait
4924495880141951,3126838,qlever-server-d,S,0,0,3360063,6756093,103,7,futex_do_wait
4924495880141951,3126839,qlever-server-d,R,359,1,3618384528,10569867,159,8,0
4924495880141951,0,__system__,-,1024797288,7867822469,0,0,0,-1,-
4924495900152731,3125313,qlever-server-d,S,925,1653,25796536701,16526421,786,9,futex_do_wait
4924495900152731,3125317,qlever-server-d,S,0,0,3361752,0,29,5,futex_do_wait
4924495900152731,3126029,qlever-server-d,R,2165,10,21761081629,15058137,209,7,0
4924495900152731,3126030,qlever-server-d,R,2168,10,21789047645,9107416,208,12,0
4924495900152731,3126031,qlever-server-d,S,0,0,19980,0,1,11,futex_do_wait
4924495900152731,3126032,qlever-server-d,S,0,0,127190,0,4,0,ep_poll
4924495900152731,3126033,qlever-server-d,S,0,0,522531,0,8,8,futex_do_wait
4924495900152731,3126034,qlever-server-d,S,5,41,472196143,68661330,2044,0,ep_poll
4924495900152731,3126035,qlever-server-d,R,2,21,239794441,92563701,2788,11,0
4924495900152731,3126838,qlever-server-d,S,0,0,3391753,6756093,104,4,futex_do_wait
4924495900152731,3126839,qlever-server-d,R,361,1,3638917419,10569867,159,8,0
4924495900152731,0,__system__,-,1024797307,7867822502,0,0,0,-1,-
4924495920145471,3125313,qlever-server-d,S,925,1653,25796536701,16526421,786,9,futex_do_wait
4924495920145471,3125317,qlever-server-d,S,0,0,3361752,0,29,5,futex_do_wait
4924495920145471,3126029,qlever-server-d,R,2167,10,21780945650,15171067,214,7,0
4924495920145471,3126030,qlever-server-d,R,2170,10,21809047116,9107416,208,12,0
4924495920145471,3126031,qlever-server-d,S,0,0,19980,0,1,11,futex_do_wait
4924495920145471,3126032,qlever-server-d,S,0,0,127190,0,4,0,ep_poll
4924495920145471,3126033,qlever-server-d,S,0,0,522531,0,8,8,futex_do_wait
4924495920145471,3126034,qlever-server-d,S,5,41,472277613,68661330,2049,2,ep_poll
4924495920145471,3126035,qlever-server-d,S,2,21,240739732,92563701,2789,1,futex_do_wait
4924495920145471,3126838,qlever-server-d,S,0,0,3391753,6756093,104,4,futex_do_wait
4924495920145471,3126839,qlever-server-d,R,363,1,3658387270,10569867,159,8,0
4924495920145471,0,__system__,-,1024797325,7867822533,0,0,0,-1,-
4924495940147511,3125313,qlever-server-d,S,925,1653,25796536701,16526421,786,9,futex_do_wait
4924495940147511,3125317,qlever-server-d,S,0,0,3361752,0,29,5,futex_do_wait
4924495940147511,3126029,qlever-server-d,R,2169,10,21800841021,15255847,219,10,0
4924495940147511,3126030,qlever-server-d,R,2172,10,21829046377,9107416,208,12,0
4924495940147511,3126031,qlever-server-d,S,0,0,19980,0,1,11,futex_do_wait
4924495940147511,3126032,qlever-server-d,S,0,0,127190,0,4,0,ep_poll
4924495940147511,3126033,qlever-server-d,S,0,0,522531,0,8,8,futex_do_wait
4924495940147511,3126034,qlever-server-d,S,5,41,472379583,69216290,2053,2,ep_poll
4924495940147511,3126035,qlever-server-d,S,2,21,241970732,92563701,2791,2,futex_do_wait
4924495940147511,3126838,qlever-server-d,S,0,0,3438933,6756093,105,4,futex_do_wait
4924495940147511,3126839,qlever-server-d,R,365,1,3678387001,10569867,159,8,0
4924495940147511,0,__system__,-,1024797342,7867822563,0,0,0,-1,-
4924495960137031,3125313,qlever-server-d,S,925,1653,25796536701,16526421,786,9,futex_do_wait
4924495960137031,3125317,qlever-server-d,S,0,0,3361752,0,29,5,futex_do_wait
4924495960137031,3126029,qlever-server-d,R,2171,10,21820840072,15255847,219,10,0
4924495960137031,3126030,qlever-server-d,R,2174,10,21849047938,9107416,208,12,0
4924495960137031,3126031,qlever-server-d,S,0,0,19980,0,1,11,futex_do_wait
4924495960137031,3126032,qlever-server-d,S,0,0,127190,0,4,0,ep_poll
4924495960137031,3126033,qlever-server-d,S,0,0,522531,0,8,8,futex_do_wait
4924495960137031,3126034,qlever-server-d,S,5,41,472478603,69216290,2059,9,ep_poll
4924495960137031,3126035,qlever-server-d,S,2,21,242991813,92563701,2793,3,futex_do_wait
4924495960137031,3126838,qlever-server-d,S,0,0,3438933,6756093,105,4,futex_do_wait
4924495960137031,3126839,qlever-server-d,R,367,1,3698360632,10594667,160,8,0
4924495960137031,0,__system__,-,1024797362,7867822596,0,0,0,-1,-
4924495980147260,3125313,qlever-server-d,S,925,1653,25796536701,16526421,786,9,futex_do_wait
4924495980147260,3125317,qlever-server-d,S,0,0,3361752,0,29,5,futex_do_wait
4924495980147260,3126029,qlever-server-d,R,2173,10,21840841044,15255847,219,10,0
4924495980147260,3126030,qlever-server-d,R,2176,10,21869048660,9107416,208,12,0
4924495980147260,3126031,qlever-server-d,S,0,0,19980,0,1,11,futex_do_wait
4924495980147260,3126032,qlever-server-d,S,0,0,127190,0,4,0,ep_poll
4924495980147260,3126033,qlever-server-d,S,0,0,522531,0,8,8,futex_do_wait
4924495980147260,3126034,qlever-server-d,S,5,41,472579093,69339380,2064,11,ep_poll
4924495980147260,3126035,qlever-server-d,S,2,21,243963214,92563701,2795,2,futex_do_wait
4924495980147260,3126838,qlever-server-d,S,0,0,3438933,6756093,105,4,futex_do_wait
4924495980147260,3126839,qlever-server-d,R,369,1,3718360944,10594667,160,8,0
4924495980147260,0,__system__,-,1024797383,7867822628,0,0,0,-1,-
4924496000138240,3125313,qlever-server-d,S,925,1653,25796536701,16526421,786,9,futex_do_wait
4924496000138240,3125317,qlever-server-d,S,0,0,3361752,0,29,5,futex_do_wait
4924496000138240,3126029,qlever-server-d,R,2175,10,21860842385,15255847,219,10,0
4924496000138240,3126030,qlever-server-d,R,2178,10,21889047941,9107416,208,12,0
4924496000138240,3126031,qlever-server-d,S,0,0,19980,0,1,11,futex_do_wait
4924496000138240,3126032,qlever-server-d,S,0,0,127190,0,4,0,ep_poll
4924496000138240,3126033,qlever-server-d,S,0,0,522531,0,8,8,futex_do_wait
4924496000138240,3126034,qlever-server-d,S,5,41,472641643,69339380,2068,3,ep_poll
4924496000138240,3126035,qlever-server-d,S,2,21,244599304,92563701,2796,2,futex_do_wait
4924496000138240,3126838,qlever-server-d,S,0,0,3480343,6756093,106,13,futex_do_wait
4924496000138240,3126839,qlever-server-d,R,371,1,3738361175,10594667,160,8,0
4924496000138240,0,__system__,-,1024797402,7867822660,0,0,0,-1,-
4924496020148640,3125313,qlever-server-d,S,925,1653,25796536701,16526421,786,9,futex_do_wait
4924496020148640,3125317,qlever-server-d,S,0,0,3361752,0,29,5,futex_do_wait
4924496020148640,3126029,qlever-server-d,R,2177,10,21880840896,15255847,219,10,0
4924496020148640,3126030,qlever-server-d,R,2180,10,21909048152,9107416,208,12,0
4924496020148640,3126031,qlever-server-d,S,0,0,19980,0,1,11,futex_do_wait
4924496020148640,3126032,qlever-server-d,S,0,0,127190,0,4,0,ep_poll
4924496020148640,3126033,qlever-server-d,S,0,0,522531,0,8,8,futex_do_wait
4924496020148640,3126034,qlever-server-d,S,5,41,472680153,69339380,2070,3,ep_poll
4924496020148640,3126035,qlever-server-d,S,2,21,244943004,92563701,2797,2,futex_do_wait
4924496020148640,3126838,qlever-server-d,S,0,0,3480343,6756093,106,13,futex_do_wait
4924496020148640,3126839,qlever-server-d,R,373,1,3758316056,10639707,161,8,0
4924496020148640,0,__system__,-,1024797420,7867822692,0,0,0,-1,-
4924496040146660,3125313,qlever-server-d,S,925,1653,25796536701,16526421,786,9,futex_do_wait
4924496040146660,3125317,qlever-server-d,S,0,0,3361752,0,29,5,futex_do_wait
4924496040146660,3126029,qlever-server-d,R,2179,10,21900841607,15255847,219,10,0
4924496040146660,3126030,qlever-server-d,R,2182,10,21929047933,9107416,208,12,0
4924496040146660,3126031,qlever-server-d,S,0,0,19980,0,1,11,futex_do_wait
4924496040146660,3126032,qlever-server-d,S,0,0,127190,0,4,0,ep_poll
4924496040146660,3126033,qlever-server-d,S,0,0,522531,0,8,8,futex_do_wait
4924496040146660,3126034,qlever-server-d,S,5,41,472728663,69339380,2073,0,ep_poll
4924496040146660,3126035,qlever-server-d,S,3,21,245461954,92563701,2798,2,futex_do_wait
4924496040146660,3126838,qlever-server-d,S,0,0,3519263,6756093,107,13,futex_do_wait
4924496040146660,3126839,qlever-server-d,R,375,1,3778317817,10639707,161,8,0
4924496040146660,0,__system__,-,1024797438,7867822723,0,0,0,-1,-
4924496060142980,3125313,qlever-server-d,S,925,1653,25796536701,16526421,786,9,futex_do_wait
4924496060142980,3125317,qlever-server-d,S,0,0,3361752,0,29,5,futex_do_wait
4924496060142980,3126029,qlever-server-d,R,2181,10,21920842618,15255847,219,10,0
4924496060142980,3126030,qlever-server-d,R,2184,10,21949048604,9107416,208,12,0
4924496060142980,3126031,qlever-server-d,S,0,0,19980,0,1,11,futex_do_wait
4924496060142980,3126032,qlever-server-d,S,0,0,127190,0,4,0,ep_poll
4924496060142980,3126033,qlever-server-d,S,0,0,522531,0,8,8,futex_do_wait
4924496060142980,3126034,qlever-server-d,S,5,41,472835183,69339380,2079,0,ep_poll
4924496060142980,3126035,qlever-server-d,S,3,21,246477254,92563701,2800,3,futex_do_wait
4924496060142980,3126838,qlever-server-d,S,0,0,3519263,6756093,107,13,futex_do_wait
4924496060142980,3126839,qlever-server-d,R,377,1,3798317878,10639707,161,8,0
4924496060142980,0,__system__,-,1024797456,7867822754,0,0,0,-1,-
4924496080134699,3125313,qlever-server-d,S,925,1653,25796536701,16526421,786,9,futex_do_wait
4924496080134699,3125317,qlever-server-d,S,0,0,3361752,0,29,5,futex_do_wait
4924496080134699,3126029,qlever-server-d,R,2183,10,21940842179,15255847,219,10,0
4924496080134699,3126030,qlever-server-d,R,2186,10,21969048715,9107416,208,12,0
4924496080134699,3126031,qlever-server-d,S,0,0,19980,0,1,11,futex_do_wait
4924496080134699,3126032,qlever-server-d,S,0,0,127190,0,4,0,ep_poll
4924496080134699,3126033,qlever-server-d,S,0,0,522531,0,8,8,futex_do_wait
4924496080134699,3126034,qlever-server-d,S,5,41,472859003,69764710,2080,2,ep_poll
4924496080134699,3126035,qlever-server-d,S,3,21,247135364,92563701,2801,2,futex_do_wait
4924496080134699,3126838,qlever-server-d,S,0,0,3519263,6756093,107,13,futex_do_wait
4924496080134699,3126839,qlever-server-d,R,379,1,3818317309,10639707,161,8,0
4924496080134699,0,__system__,-,1024797475,7867822787,0,0,0,-1,-
4924496100140159,3125313,qlever-server-d,S,925,1653,25796536701,16526421,786,9,futex_do_wait
4924496100140159,3125317,qlever-server-d,S,0,0,3361752,0,29,5,futex_do_wait
4924496100140159,3126029,qlever-server-d,R,2185,10,21960842060,15255847,219,10,0
4924496100140159,3126030,qlever-server-d,R,2188,10,21989049246,9107416,208,12,0
4924496100140159,3126031,qlever-server-d,S,0,0,19980,0,1,11,futex_do_wait
4924496100140159,3126032,qlever-server-d,S,0,0,127190,0,4,0,ep_poll
4924496100140159,3126033,qlever-server-d,S,0,0,522531,0,8,8,futex_do_wait
4924496100140159,3126034,qlever-server-d,S,5,41,472923683,69774630,2083,0,ep_poll
4924496100140159,3126035,qlever-server-d,R,3,21,247491974,92563701,2803,2,0
4924496100140159,3126838,qlever-server-d,S,0,0,3561773,6756093,108,6,futex_do_wait
4924496100140159,3126839,qlever-server-d,R,381,1,3838720651,10639707,161,8,0
4924496100140159,0,__system__,-,1024797495,7867822818,0,0,0,-1,-
4924496120130589,3125313,qlever-server-d,S,925,1653,25796536701,16526421,786,9,futex_do_wait
4924496120130589,3125317,qlever-server-d,S,0,0,3361752,0,29,5,futex_do_wait
4924496120130589,3126029,qlever-server-d,R,2187,10,21980842911,15255847,219,10,0
4924496120130589,3126030,qlever-server-d,R,2190,10,22008823677,9329446,209,3,0
4924496120130589,3126031,qlever-server-d,S,0,0,19980,0,1,11,futex_do_wait
4924496120130589,3126032,qlever-server-d,S,0,0,127190,0,4,0,ep_poll
4924496120130589,3126033,qlever-server-d,S,0,0,522531,0,8,8,futex_do_wait
4924496120130589,3126034,qlever-server-d,S,5,41,473007833,69774630,2089,9,ep_poll
4924496120130589,3126035,qlever-server-d,S,3,21,248680645,92563701,2804,2,futex_do_wait
4924496120130589,3126838,qlever-server-d,S,0,0,3561773,6756093,108,6,futex_do_wait
4924496120130589,3126839,qlever-server-d,R,383,1,3858317631,10639707,161,8,0
4924496120130589,0,__system__,-,1024797515,7867822851,0,0,0,-1,-
4924496140130309,3125313,qlever-server-d,S,925,1653,25796536701,16526421,786,9,futex_do_wait
4924496140130309,3125317,qlever-server-d,S,0,0,3361752,0,29,5,futex_do_wait
4924496140130309,3126029,qlever-server-d,R,2189,10,22000821143,15276767,220,10,0
4924496140130309,3126030,qlever-server-d,R,2192,10,22028801999,9350746,210,3,0
4924496140130309,3126031,qlever-server-d,S,0,0,19980,0,1,11,futex_do_wait
4924496140130309,3126032,qlever-server-d,S,0,0,127190,0,4,0,ep_poll
4924496140130309,3126033,qlever-server-d,S,0,0,522531,0,8,8,futex_do_wait
4924496140130309,3126034,qlever-server-d,S,5,41,473057643,69959040,2091,7,ep_poll
4924496140130309,3126035,qlever-server-d,S,3,21,249256255,92563701,2805,2,futex_do_wait
4924496140130309,3126838,qlever-server-d,S,0,0,3591843,6756093,109,7,futex_do_wait
4924496140130309,3126839,qlever-server-d,R,385,1,3878014663,10941947,162,8,0
4924496140130309,0,__system__,-,1024797533,7867822883,0,0,0,-1,-
4924496160143439,3125313,qlever-server-d,S,925,1653,25796536701,16526421,786,9,futex_do_wait
4924496160143439,3125317,qlever-server-d,S,0,0,3361752,0,29,5,futex_do_wait
4924496160143439,3126029,qlever-server-d,R,2191,10,22020820944,15276767,220,10,0
4924496160143439,3126030,qlever-server-d,R,2194,10,22048801630,9350746,210,3,0
4924496160143439,3126031,qlever-server-d,S,0,0,19980,0,1,11,futex_do_wait
4924496160143439,3126032,qlever-server-d,S,0,0,127190,0,4,0,ep_poll
4924496160143439,3126033,qlever-server-d,S,0,0,522531,0,8,8,futex_do_wait
4924496160143439,3126034,qlever-server-d,S,5,41,473158513,69959040,2097,9,ep_poll
4924496160143439,3126035,qlever-server-d,S,3,21,250371335,92563701,2807,2,futex_do_wait
4924496160143439,3126838,qlever-server-d,S,0,0,3591843,6756093,109,7,futex_do_wait
4924496160143439,3126839,qlever-server-d,R,387,1,3898082104,10941947,162,8,0
4924496160143439,0,__system__,-,1024797551,7867822914,0,0,0,-1,-
4924496180129389,3125313,qlever-server-d,S,925,1653,25796536701,16526421,786,9,futex_do_wait
4924496180129389,3125317,qlever-server-d,S,0,0,3361752,0,29,5,futex_do_wait
4924496180129389,3126029,qlever-server-d,R,2193,10,22040820725,15276767,220,10,0
4924496180129389,3126030,qlever-server-d,R,2196,10,22068801791,9350746,210,3,0
4924496180129389,3126031,qlever-server-d,S,0,0,19980,0,1,11,futex_do_wait
4924496180129389,3126032,qlever-server-d,S,0,0,127190,0,4,0,ep_poll
4924496180129389,3126033,qlever-server-d,S,0,0,522531,0,8,8,futex_do_wait
4924496180129389,3126034,qlever-server-d,S,5,41,473208163,69959040,2100,9,ep_poll
4924496180129389,3126035,qlever-server-d,S,3,21,250918305,92563701,2808,2,futex_do_wait
4924496180129389,3126838,qlever-server-d,S,0,0,3591843,6756093,109,7,futex_do_wait
4924496180129389,3126839,qlever-server-d,R,389,1,3918013915,10941947,162,8,0
4924496180129389,0,__system__,-,1024797569,7867822945,0,0,0,-1,-
4924496200130778,3125313,qlever-server-d,S,925,1653,25796536701,16526421,786,9,futex_do_wait
4924496200130778,3125317,qlever-server-d,S,0,0,3361752,0,29,5,futex_do_wait
4924496200130778,3126029,qlever-server-d,R,2195,10,22060988256,15276767,220,10,0
4924496200130778,3126030,qlever-server-d,R,2198,10,22088801702,9350746,210,3,0
4924496200130778,3126031,qlever-server-d,S,0,0,19980,0,1,11,futex_do_wait
4924496200130778,3126032,qlever-server-d,S,0,0,127190,0,4,0,ep_poll
4924496200130778,3126033,qlever-server-d,S,0,0,522531,0,8,8,futex_do_wait
4924496200130778,3126034,qlever-server-d,S,5,41,473295983,69959040,2105,9,ep_poll
4924496200130778,3126035,qlever-server-d,S,3,21,251882775,92563701,2810,2,futex_do_wait
4924496200130778,3126838,qlever-server-d,S,0,0,3637163,6756093,110,6,futex_do_wait
4924496200130778,3126839,qlever-server-d,R,391,1,3938652866,10941947,162,8,0
4924496200130778,0,__system__,-,1024797588,7867822978,0,0,0,-1,-
4924496220133938,3125313,qlever-server-d,S,925,1653,25796536701,16526421,786,9,futex_do_wait
4924496220133938,3125317,qlever-server-d,S,0,0,3361752,0,29,5,futex_do_wait
4924496220133938,3126029,qlever-server-d,R,2197,10,22080821287,15276767,220,10,0
4924496220133938,3126030,qlever-server-d,R,2200,10,22108802873,9350746,210,3,0
4924496220133938,3126031,qlever-server-d,S,0,0,19980,0,1,11,futex_do_wait
4924496220133938,3126032,qlever-server-d,S,0,0,127190,0,4,0,ep_poll
4924496220133938,3126033,qlever-server-d,S,0,0,522531,0,8,8,futex_do_wait
4924496220133938,3126034,qlever-server-d,S,5,41,473397653,69959040,2111,0,ep_poll
4924496220133938,3126035,qlever-server-d,S,3,22,253015626,92563701,2812,2,futex_do_wait
4924496220133938,3126838,qlever-server-d,S,0,0,3637163,6756093,110,6,futex_do_wait
4924496220133938,3126839,qlever-server-d,R,393,1,3958015927,10941947,162,8,0
4924496220133938,0,__system__,-,1024797607,7867823009,0,0,0,-1,-
4924496240140768,3125313,qlever-server-d,S,925,1653,25796536701,16526421,786,9,futex_do_wait
4924496240140768,3125317,qlever-server-d,S,0,0,3361752,0,29,5,futex_do_wait
4924496240140768,3126029,qlever-server-d,R,2199,10,22100821588,15276767,220,10,0
4924496240140768,3126030,qlever-server-d,R,2202,10,22128804004,9350746,210,3,0
4924496240140768,3126031,qlever-server-d,S,0,0,19980,0,1,11,futex_do_wait
4924496240140768,3126032,qlever-server-d,S,0,0,127190,0,4,0,ep_poll
4924496240140768,3126033,qlever-server-d,S,0,0,522531,0,8,8,futex_do_wait
4924496240140768,3126034,qlever-server-d,S,5,41,473497643,69959040,2116,0,ep_poll
4924496240140768,3126035,qlever-server-d,S,3,22,253994326,92563701,2814,2,futex_do_wait
4924496240140768,3126838,qlever-server-d,S,0,0,3669743,6756093,111,13,futex_do_wait
4924496240140768,3126839,qlever-server-d,R,395,1,3978015048,10941947,162,8,0
4924496240140768,0,__system__,-,1024797628,7867823042,0,0,0,-1,-
4924496260143978,3125313,qlever-server-d,S,925,1653,25796536701,16526421,786,9,futex_do_wait
4924496260143978,3125317,qlever-server-d,S,0,0,3361752,0,29,5,futex_do_wait
4924496260143978,3126029,qlever-server-d,R,2201,10,22120821499,15276767,220,10,0
4924496260143978,3126030,qlever-server-d,R,2204,10,22148802345,9350746,210,3,0
4924496260143978,3126031,qlever-server-d,S,0,0,19980,0,1,11,futex_do_wait
4924496260143978,3126032,qlever-server-d,S,0,0,127190,0,4,0,ep_poll
4924496260143978,3126033,qlever-server-d,S,0,0,522531,0,8,8,futex_do_wait
4924496260143978,3126034,qlever-server-d,S,5,41,473543893,69959040,2119,0,ep_poll
4924496260143978,3126035,qlever-server-d,S,3,22,254539487,92563701,2815,2,futex_do_wait
4924496260143978,3126838,qlever-server-d,S,0,0,3669743,6756093,111,13,futex_do_wait
4924496260143978,3126839,qlever-server-d,R,397,1,3998014689,10941947,162,8,0
4924496260143978,0,__system__,-,1024797646,7867823074,0,0,0,-1,-
4924496280132277,3125313,qlever-server-d,S,925,1653,25796536701,16526421,786,9,futex_do_wait
4924496280132277,3125317,qlever-server-d,S,0,0,3361752,0,29,5,futex_do_wait
4924496280132277,3126029,qlever-server-d,R,2203,10,22140821440,15276767,220,10,0
4924496280132277,3126030,qlever-server-d,R,2206,10,22168802796,9350746,210,3,0
4924496280132277,3126031,qlever-server-d,S,0,0,19980,0,1,11,futex_do_wait
4924496280132277,3126032,qlever-server-d,S,0,0,127190,0,4,0,ep_poll
4924496280132277,3126033,qlever-server-d,S,0,0,522531,0,8,8,futex_do_wait
4924496280132277,3126034,qlever-server-d,S,5,41,473661043,69959040,2126,0,ep_poll
4924496280132277,3126035,qlever-server-d,S,3,22,255817517,92563701,2817,2,futex_do_wait
4924496280132277,3126838,qlever-server-d,S,0,0,3669743,6756093,111,13,futex_do_wait
4924496280132277,3126839,qlever-server-d,R,399,1,4018015500,10941947,162,8,0
4924496280132277,0,__system__,-,1024797664,7867823105,0,0,0,-1,-
4924496300137317,3125313,qlever-server-d,S,925,1653,25796536701,16526421,786,9,futex_do_wait
4924496300137317,3125317,qlever-server-d,S,0,0,3361752,0,29,5,futex_do_wait
4924496300137317,3126029,qlever-server-d,R,2205,10,22160822211,15276767,220,10,0
4924496300137317,3126030,qlever-server-d,R,2208,10,22188803057,9350746,210,3,0
4924496300137317,3126031,qlever-server-d,S,0,0,19980,0,1,11,futex_do_wait
4924496300137317,3126032,qlever-server-d,S,0,0,127190,0,4,0,ep_poll
4924496300137317,3126033,qlever-server-d,S,0,0,522531,0,8,8,futex_do_wait
4924496300137317,3126034,qlever-server-d,S,5,41,473758353,69959040,2132,0,ep_poll
4924496300137317,3126035,qlever-server-d,S,3,22,256961397,92563701,2819,2,futex_do_wait
4924496300137317,3126838,qlever-server-d,S,0,0,3711463,6756093,112,14,futex_do_wait
4924496300137317,3126839,qlever-server-d,R,401,1,4038015871,10941947,162,8,0
4924496300137317,0,__system__,-,1024797682,7867823136,0,0,0,-1,-
4924496320142237,3125313,qlever-server-d,S,925,1653,25796536701,16526421,786,9,futex_do_wait
4924496320142237,3125317,qlever-server-d,S,0,0,3361752,0,29,5,futex_do_wait
4924496320142237,3126029,qlever-server-d,R,2207,10,22180823243,15276767,220,10,0
4924496320142237,3126030,qlever-server-d,R,2210,10,22208804129,9350746,210,3,0
4924496320142237,3126031,qlever-server-d,S,0,0,19980,0,1,11,futex_do_wait
4924496320142237,3126032,qlever-server-d,S,0,0,127190,0,4,0,ep_poll
4924496320142237,3126033,qlever-server-d,S,0,0,522531,0,8,8,futex_do_wait
4924496320142237,3126034,qlever-server-d,S,5,41,473796743,69959040,2134,0,ep_poll
4924496320142237,3126035,qlever-server-d,S,3,22,257407767,92563701,2820,2,futex_do_wait
4924496320142237,3126838,qlever-server-d,S,0,0,3711463,6756093,112,14,futex_do_wait
4924496320142237,3126839,qlever-server-d,R,403,1,4058016683,10941947,162,8,0
4924496320142237,0,__system__,-,1024797700,7867823168,0,0,0,-1,-
4924496340141797,3125313,qlever-server-d,S,925,1653,25796536701,16526421,786,9,futex_do_wait
4924496340141797,3125317,qlever-server-d,S,0,0,3361752,0,29,5,futex_do_wait
4924496340141797,3126029,qlever-server-d,R,2209,10,22200822664,15276767,220,10,0
4924496340141797,3126030,qlever-server-d,R,2212,10,22228803940,9350746,210,3,0
4924496340141797,3126031,qlever-server-d,S,0,0,19980,0,1,11,futex_do_wait
4924496340141797,3126032,qlever-server-d,S,0,0,127190,0,4,0,ep_poll
4924496340141797,3126033,qlever-server-d,S,0,0,522531,0,8,8,futex_do_wait
4924496340141797,3126034,qlever-server-d,S,5,41,473860213,69959040,2138,0,ep_poll
4924496340141797,3126035,qlever-server-d,S,3,22,258120397,92563701,2821,2,futex_do_wait
4924496340141797,3126838,qlever-server-d,S,0,0,3747413,6756093,113,4,futex_do_wait
4924496340141797,3126839,qlever-server-d,R,405,1,4078016674,10941947,162,8,0
4924496340141797,0,__system__,-,1024797720,7867823200,0,0,0,-1,-
4924496360130407,3125313,qlever-server-d,S,925,1653,25796536701,16526421,786,9,futex_do_wait
4924496360130407,3125317,qlever-server-d,S,0,0,3361752,0,29,5,futex_do_wait
4924496360130407,3126029,qlever-server-d,R,2211,10,22220822955,15276767,220,10,0
4924496360130407,3126030,qlever-server-d,R,2214,10,22248804541,9350746,210,3,0
4924496360130407,3126031,qlever-server-d,S,0,0,19980,0,1,11,futex_do_wait
4924496360130407,3126032,qlever-server-d,S,0,0,127190,0,4,0,ep_poll
4924496360130407,3126033,qlever-server-d,S,0,0,522531,0,8,8,futex_do_wait
4924496360130407,3126034,qlever-server-d,S,5,41,473955223,69959040,2144,0,ep_poll
4924496360130407,3126035,qlever-server-d,S,3,22,259280007,92563701,2823,2,futex_do_wait
4924496360130407,3126838,qlever-server-d,S,0,0,3747413,6756093,113,4,futex_do_wait
4924496360130407,3126839,qlever-server-d,R,407,1,4098016565,10941947,162,8,0
4924496360130407,0,__system__,-,1024797741,7867823232,0,0,0,-1,-
4924496380138966,3125313,qlever-server-d,S,925,1653,25796536701,16526421,786,9,futex_do_wait
4924496380138966,3125317,qlever-server-d,S,0,0,3361752,0,29,5,futex_do_wait
4924496380138966,3126029,qlever-server-d,R,2213,10,22240822386,15276767,220,10,0
4924496380138966,3126030,qlever-server-d,R,2216,10,22268803642,9350746,210,3,0
4924496380138966,3126031,qlever-server-d,S,0,0,19980,0,1,11,futex_do_wait
4924496380138966,3126032,qlever-server-d,S,0,0,127190,0,4,0,ep_poll
4924496380138966,3126033,qlever-server-d,S,0,0,522531,0,8,8,futex_do_wait
4924496380138966,3126034,qlever-server-d,S,5,41,474005173,69959040,2147,0,ep_poll
4924496380138966,3126035,qlever-server-d,S,3,22,259832648,92563701,2824,2,futex_do_wait
4924496380138966,3126838,qlever-server-d,S,0,0,3747413,6756093,113,4,futex_do_wait
4924496380138966,3126839,qlever-server-d,R,409,1,4118015326,10941947,162,8,0
4924496380138966,0,__system__,-,1024797759,7867823264,0,0,0,-1,-
4924496400141296,3125313,qlever-server-d,S,925,1653,25796536701,16526421,786,9,futex_do_wait
4924496400141296,3125317,qlever-server-d,S,0,0,3361752,0,29,5,futex_do_wait
4924496400141296,3126029,qlever-server-d,R,2215,10,22260822487,15276767,220,10,0
4924496400141296,3126030,qlever-server-d,R,2218,10,22288773743,9380236,211,3,0
4924496400141296,3126031,qlever-server-d,S,0,0,19980,0,1,11,futex_do_wait
4924496400141296,3126032,qlever-server-d,S,0,0,127190,0,4,0,ep_poll
4924496400141296,3126033,qlever-server-d,S,0,0,522531,0,8,8,futex_do_wait
4924496400141296,3126034,qlever-server-d,S,5,41,474108133,69959040,2153,0,ep_poll
4924496400141296,3126035,qlever-server-d,S,3,22,260969068,92563701,2826,2,futex_do_wait
4924496400141296,3126838,qlever-server-d,S,0,0,3782123,6756093,114,4,futex_do_wait
4924496400141296,3126839,qlever-server-d,R,411,1,4137990827,10966927,163,8,0
4924496400141296,0,__system__,-,1024797778,7867823296,0,0,0,-1,-
4924496420144596,3125313,qlever-server-d,S,925,1653,25796536701,16526421,786,9,futex_do_wait
4924496420144596,3125317,qlever-server-d,S,0,0,3361752,0,29,5,futex_do_wait
4924496420144596,3126029,qlever-server-d,R,2217,10,22280823208,15276767,220,10,0
4924496420144596,3126030,qlever-server-d,R,2220,10,22308775134,9380236,211,3,0
4924496420144596,3126031,qlever-server-d,S,0,0,19980,0,1,11,futex_do_wait
4924496420144596,3126032,qlever-server-d,S,0,0,127190,0,4,0,ep_poll
4924496420144596,3126033,qlever-server-d,S,0,0,522531,0,8,8,futex_do_wait
4924496420144596,3126034,qlever-server-d,S,5,41,474158753,69959040,2156,0,ep_poll
4924496420144596,3126035,qlever-server-d,S,3,22,261554249,92563701,2827,2,futex_do_wait
4924496420144596,3126838,qlever-server-d,S,0,0,3782123,6756093,114,4,futex_do_wait
4924496420144596,3126839,qlever-server-d,R,413,1,4157992318,10966927,163,8,0
4924496420144596,0,__system__,-,1024797796,7867823328,0,0,0,-1,-
4924496440144346,3125313,qlever-server-d,S,925,1653,25796536701,16526421,786,9,futex_do_wait
4924496440144346,3125317,qlever-server-d,S,0,0,3361752,0,29,5,futex_do_wait
4924496440144346,3126029,qlever-server-d,R,2219,10,22300823369,15276767,220,10,0
4924496440144346,3126030,qlever-server-d,R,2222,10,22328774725,9380236,211,3,0
4924496440144346,3126031,qlever-server-d,S,0,0,19980,0,1,11,futex_do_wait
4924496440144346,3126032,qlever-server-d,S,0,0,127190,0,4,0,ep_poll
4924496440144346,3126033,qlever-server-d,S,0,0,522531,0,8,8,futex_do_wait
4924496440144346,3126034,qlever-server-d,S,5,41,474206913,69959040,2159,0,ep_poll
4924496440144346,3126035,qlever-server-d,S,3,22,262120569,92563701,2828,2,futex_do_wait
4924496440144346,3126838,qlever-server-d,S,0,0,3814293,6756093,115,5,futex_do_wait
4924496440144346,3126839,qlever-server-d,R,415,1,4177994379,10966927,163,8,0
4924496440144346,0,__system__,-,1024797814,7867823359,0,0,0,-1,-
4924496460133096,3125313,qlever-server-d,S,925,1653,25796536701,16526421,786,9,futex_do_wait
4924496460133096,3125317,qlever-server-d,S,0,0,3361752,0,29,5,futex_do_wait
4924496460133096,3126029,qlever-server-d,R,2221,10,22320796200,15304457,221,10,0
4924496460133096,3126030,qlever-server-d,R,2224,10,22348776166,9380236,211,3,0
4924496460133096,3126031,qlever-server-d,S,0,0,19980,0,1,11,futex_do_wait
4924496460133096,3126032,qlever-server-d,S,0,0,127190,0,4,0,ep_poll
4924496460133096,3126033,qlever-server-d,S,0,0,522531,0,8,8,futex_do_wait
4924496460133096,3126034,qlever-server-d,S,5,41,474308953,69959040,2165,0,ep_poll
4924496460133096,3126035,qlever-server-d,S,3,23,263239720,92563701,2830,2,futex_do_wait
4924496460133096,3126838,qlever-server-d,S,0,0,3814293,6756093,115,5,futex_do_wait
4924496460133096,3126839,qlever-server-d,R,417,1,4197993200,10966927,163,8,0
4924496460133096,0,__system__,-,1024797833,7867823391,0,0,0,-1,-
4924496480137985,3125313,qlever-server-d,S,925,1653,25796536701,16526421,786,9,futex_do_wait
4924496480137985,3125317,qlever-server-d,S,0,0,3361752,0,29,5,futex_do_wait
4924496480137985,3126029,qlever-server-d,R,2223,10,22340797541,15304457,221,10,0
4924496480137985,3126030,qlever-server-d,R,2226,10,22368776827,9380236,211,3,0
4924496480137985,3126031,qlever-server-d,S,0,0,19980,0,1,11,futex_do_wait
4924496480137985,3126032,qlever-server-d,S,0,0,127190,0,4,0,ep_poll
4924496480137985,3126033,qlever-server-d,S,0,0,522531,0,8,8,futex_do_wait
4924496480137985,3126034,qlever-server-d,S,5,41,474337533,70229460,2166,9,ep_poll
4924496480137985,3126035,qlever-server-d,S,3,23,263848290,92563701,2831,2,futex_do_wait
4924496480137985,3126838,qlever-server-d,S,0,0,3814293,6756093,115,5,futex_do_wait
4924496480137985,3126839,qlever-server-d,R,419,1,4217994451,10966927,163,8,0
4924496480137985,0,__system__,-,1024797853,7867823422,0,0,0,-1,-
4924496500140605,3125313,qlever-server-d,S,925,1653,25796536701,16526421,786,9,futex_do_wait
4924496500140605,3125317,qlever-server-d,S,0,0,3361752,0,29,5,futex_do_wait
4924496500140605,3126029,qlever-server-d,R,2225,10,22360795973,15304457,221,10,0
4924496500140605,3126030,qlever-server-d,R,2228,10,22388775599,9380236,211,3,0
4924496500140605,3126031,qlever-server-d,S,0,0,19980,0,1,11,futex_do_wait
4924496500140605,3126032,qlever-server-d,S,0,0,127190,0,4,0,ep_poll
4924496500140605,3126033,qlever-server-d,S,0,0,522531,0,8,8,futex_do_wait
4924496500140605,3126034,qlever-server-d,S,5,41,474404173,70229460,2169,0,ep_poll
4924496500140605,3126035,qlever-server-d,S,3,23,264458320,92563701,2832,2,futex_do_wait
4924496500140605,3126838,qlever-server-d,S,0,0,3850793,6756093,116,7,futex_do_wait
4924496500140605,3126839,qlever-server-d,R,421,1,4237993173,10966927,163,8,0
4924496500140605,0,__system__,-,1024797871,7867823453,0,0,0,-1,-
4924496520134905,3125313,qlever-server-d,S,925,1653,25796536701,16526421,786,9,futex_do_wait
4924496520134905,3125317,qlever-server-d,S,0,0,3361752,0,29,5,futex_do_wait
4924496520134905,3126029,qlever-server-d,R,2227,10,22380796254,15304457,221,10,0
4924496520134905,3126030,qlever-server-d,R,2230,10,22408775420,9380236,211,3,0
4924496520134905,3126031,qlever-server-d,S,0,0,19980,0,1,11,futex_do_wait
4924496520134905,3126032,qlever-server-d,S,0,0,127190,0,4,0,ep_poll
4924496520134905,3126033,qlever-server-d,S,0,0,522531,0,8,8,futex_do_wait
4924496520134905,3126034,qlever-server-d,S,5,41,474449153,70229460,2172,0,ep_poll
4924496520134905,3126035,qlever-server-d,S,3,23,265042881,92563701,2833,2,futex_do_wait
4924496520134905,3126838,qlever-server-d,S,0,0,3850793,6756093,116,7,futex_do_wait
4924496520134905,3126839,qlever-server-d,R,423,1,4257992194,10966927,163,8,0
4924496520134905,0,__system__,-,1024797889,7867823485,0,0,0,-1,-
4924496540140255,3125313,qlever-server-d,S,925,1653,25796536701,16526421,786,9,futex_do_wait
4924496540140255,3125317,qlever-server-d,S,0,0,3508542,0,30,7,futex_do_wait
4924496540140255,3126029,qlever-server-d,R,2229,10,22400797185,15304457,221,10,0
4924496540140255,3126030,qlever-server-d,R,2232,10,22428776031,9380236,211,3,0
4924496540140255,3126031,qlever-server-d,S,0,0,19980,0,1,11,futex_do_wait
4924496540140255,3126032,qlever-server-d,S,0,0,127190,0,4,0,ep_poll
4924496540140255,3126033,qlever-server-d,S,0,0,522531,0,8,8,futex_do_wait
4924496540140255,3126034,qlever-server-d,S,5,41,474545583,70229460,2178,0,ep_poll
4924496540140255,3126035,qlever-server-d,S,3,23,266192621,92563701,2835,2,futex_do_wait
4924496540140255,3126838,qlever-server-d,S,0,0,3876973,6756093,117,14,futex_do_wait
4924496540140255,3126839,qlever-server-d,R,425,1,4277993085,10966927,163,8,0
4924496540140255,0,__system__,-,1024797909,7867823518,0,0,0,-1,-
4924496560143405,3125313,qlever-server-d,S,925,1653,25796536701,16526421,786,9,futex_do_wait
4924496560143405,3125317,qlever-server-d,S,0,0,3508542,0,30,7,futex_do_wait
4924496560143405,3126029,qlever-server-d,R,2231,10,22420795906,15304457,221,10,0
4924496560143405,3126030,qlever-server-d,R,2234,10,22448775592,9380236,211,3,0
4924496560143405,3126031,qlever-server-d,S,0,0,19980,0,1,11,futex_do_wait
4924496560143405,3126032,qlever-server-d,S,0,0,127190,0,4,0,ep_poll
4924496560143405,3126033,qlever-server-d,S,0,0,522531,0,8,8,futex_do_wait
4924496560143405,3126034,qlever-server-d,S,5,41,474594583,70229460,2181,0,ep_poll
4924496560143405,3126035,qlever-server-d,S,3,23,266740881,92563701,2836,2,futex_do_wait
4924496560143405,3126838,qlever-server-d,S,0,0,3876973,6756093,117,14,futex_do_wait
4924496560143405,3126839,qlever-server-d,R,427,1,4297992926,10966927,163,8,0
4924496560143405,0,__system__,-,1024797926,7867823549,0,0,0,-1,-
4924496580140904,3125313,qlever-server-d,S,925,1653,25796536701,16526421,786,9,futex_do_wait
4924496580140904,3125317,qlever-server-d,S,0,0,3508542,0,30,7,futex_do_wait
4924496580140904,3126029,qlever-server-d,R,2233,10,22440796467,15304457,221,10,0
4924496580140904,3126030,qlever-server-d,R,2236,10,22468752473,9403516,212,3,0
4924496580140904,3126031,qlever-server-d,S,0,0,19980,0,1,11,futex_do_wait
4924496580140904,3126032,qlever-server-d,S,0,0,127190,0,4,0,ep_poll
4924496580140904,3126033,qlever-server-d,S,0,0,522531,0,8,8,futex_do_wait
4924496580140904,3126034,qlever-server-d,S,5,41,474642273,70229460,2184,0,ep_poll
4924496580140904,3126035,qlever-server-d,S,3,23,267313032,92563701,2837,2,futex_do_wait
4924496580140904,3126838,qlever-server-d,S,0,0,3876973,6756093,117,14,futex_do_wait
4924496580140904,3126839,qlever-server-d,R,429,2,4317992947,10966927,163,8,0
4924496580140904,0,__system__,-,1024797945,7867823581,0,0,0,-1,-
4924496600142434,3125313,qlever-server-d,S,925,1653,25796536701,16526421,786,9,futex_do_wait
4924496600142434,3125317,qlever-server-d,S,0,0,3508542,0,30,7,futex_do_wait
4924496600142434,3126029,qlever-server-d,R,2235,10,22460779538,15321487,222,10,0
4924496600142434,3126030,qlever-server-d,R,2238,10,22488751834,9403516,212,3,0
4924496600142434,3126031,qlever-server-d,S,0,0,19980,0,1,11,futex_do_wait
4924496600142434,3126032,qlever-server-d,S,0,0,127190,0,4,0,ep_poll
4924496600142434,3126033,qlever-server-d,S,0,0,522531,0,8,8,futex_do_wait
4924496600142434,3126034,qlever-server-d,S,5,41,474719343,70257420,2188,0,ep_poll
4924496600142434,3126035,qlever-server-d,R,3,23,268038962,92563701,2839,2,0
4924496600142434,3126838,qlever-server-d,S,0,0,3905713,6756093,118,14,futex_do_wait
4924496600142434,3126839,qlever-server-d,R,431,2,4338469458,11011967,165,8,0
4924496600142434,0,__system__,-,1024797965,7867823613,0,0,0,-1,-
4924496620138104,3125313,qlever-server-d,S,925,1653,25796536701,16526421,786,9,futex_do_wait
4924496620138104,3125317,qlever-server-d,S,0,0,3508542,0,30,7,futex_do_wait
4924496620138104,3126029,qlever-server-d,R,2237,10,22480779329,15321487,222,10,0
4924496620138104,3126030,qlever-server-d,R,2240,10,22508752295,9403516,212,3,0
4924496620138104,3126031,qlever-server-d,S,0,0,19980,0,1,11,futex_do_wait
4924496620138104,3126032,qlever-server-d,S,0,0,127190,0,4,0,ep_poll
4924496620138104,3126033,qlever-server-d,S,0,0,522531,0,8,8,futex_do_wait
4924496620138104,3126034,qlever-server-d,S,5,41,474822613,70257420,2194,0,ep_poll
4924496620138104,3126035,qlever-server-d,S,3,23,269154023,92563701,2840,2,futex_do_wait
4924496620138104,3126838,qlever-server-d,S,0,0,3905713,6756093,118,14,futex_do_wait
4924496620138104,3126839,qlever-server-d,R,433,2,4357918729,11011967,166,8,0
4924496620138104,0,__system__,-,1024797983,7867823643,0,0,0,-1,-
4924496640131874,3125313,qlever-server-d,S,925,1653,25796536701,16526421,786,9,futex_do_wait
4924496640131874,3125317,qlever-server-d,S,0,0,3508542,0,30,7,futex_do_wait
4924496640131874,3126029,qlever-server-d,R,2239,10,22500779480,15321487,222,10,0
4924496640131874,3126030,qlever-server-d,R,2242,10,22528752376,9403516,212,3,0
4924496640131874,3126031,qlever-server-d,S,0,0,19980,0,1,11,futex_do_wait
4924496640131874,3126032,qlever-server-d,S,0,0,127190,0,4,0,ep_poll
4924496640131874,3126033,qlever-server-d,S,0,0,522531,0,8,8,futex_do_wait
4924496640131874,3126034,qlever-server-d,S,5,41,474875523,70257420,2197,0,ep_poll
4924496640131874,3126035,qlever-server-d,S,3,23,269758823,92563701,2841,2,futex_do_wait
4924496640131874,3126838,qlever-server-d,S,0,0,3940423,6756093,119,14,futex_do_wait
4924496640131874,3126839,qlever-server-d,R,435,2,4377919570,11011967,166,8,0
4924496640131874,0,__system__,-,1024798002,7867823676,0,0,0,-1,-
4924496660141594,3125313,qlever-server-d,S,925,1653,25796536701,16526421,786,9,futex_do_wait
4924496660141594,3125317,qlever-server-d,S,0,0,3508542,0,30,7,futex_do_wait
4924496660141594,3126029,qlever-server-d,R,2241,10,22520779621,15321487,222,10,0
4924496660141594,3126030,qlever-server-d,R,2244,10,22548715487,9434296,213,11,0
4924496660141594,3126031,qlever-server-d,S,0,0,19980,0,1,11,futex_do_wait
4924496660141594,3126032,qlever-server-d,S,0,0,127190,0,4,0,ep_poll
4924496660141594,3126033,qlever-server-d,S,0,0,522531,0,8,8,futex_do_wait
4924496660141594,3126034,qlever-server-d,S,5,41,474929013,70257420,2200,0,ep_poll
4924496660141594,3126035,qlever-server-d,S,3,23,270336263,92563701,2842,2,futex_do_wait
4924496660141594,3126838,qlever-server-d,S,0,0,3940423,6756093,119,14,futex_do_wait
4924496660141594,3126839,qlever-server-d,R,437,2,4397920911,11011967,166,8,0
4924496660141594,0,__system__,-,1024798020,7867823707,0,0,0,-1,-
4924496680127844,3125313,qlever-server-d,S,925,1653,25796536701,16526421,786,9,futex_do_wait
4924496680127844,3125317,qlever-server-d,S,0,0,3508542,0,30,7,futex_do_wait
4924496680127844,3126029,qlever-server-d,R,2243,10,22540780433,15321487,222,10,0
4924496680127844,3126030,qlever-server-d,R,2246,10,22568716219,9434296,213,11,0
4924496680127844,3126031,qlever-server-d,S,0,0,19980,0,1,11,futex_do_wait
4924496680127844,3126032,qlever-server-d,S,0,0,127190,0,4,0,ep_poll
4924496680127844,3126033,qlever-server-d,S,0,0,522531,0,8,8,futex_do_wait
4924496680127844,3126034,qlever-server-d,S,5,41,475020283,70257420,2205,0,ep_poll
4924496680127844,3126035,qlever-server-d,S,3,23,271354783,92563701,2844,2,futex_do_wait
4924496680127844,3126838,qlever-server-d,S,0,0,3940423,6756093,119,14,futex_do_wait
4924496680127844,3126839,qlever-server-d,R,439,2,4417919653,11011967,166,8,0
4924496680127844,0,__system__,-,1024798038,7867823739,0,0,0,-1,-
4924496700144243,3125313,qlever-server-d,S,925,1653,25796536701,16526421,786,9,futex_do_wait
4924496700144243,3125317,qlever-server-d,S,0,0,3508542,0,30,7,futex_do_wait
4924496700144243,3126029,qlever-server-d,R,2245,10,22560781394,15321487,222,10,0
4924496700144243,3126030,qlever-server-d,R,2248,10,22588715990,9434296,213,11,0
4924496700144243,3126031,qlever-server-d,S,0,0,19980,0,1,11,futex_do_wait
4924496700144243,3126032,qlever-server-d,S,0,0,127190,0,4,0,ep_poll
4924496700144243,3126033,qlever-server-d,S,0,0,522531,0,8,8,futex_do_wait
4924496700144243,3126034,qlever-server-d,S,5,41,475118113,70257420,2211,0,ep_poll
4924496700144243,3126035,qlever-server-d,S,3,23,272489023,92563701,2846,2,futex_do_wait
4924496700144243,3126838,qlever-server-d,S,0,0,3979783,6756093,120,5,futex_do_wait
4924496700144243,3126839,qlever-server-d,R,441,2,4437919314,11011967,166,8,0
4924496700144243,0,__system__,-,1024798058,7867823772,0,0,0,-1,-
4924496720137183,3125313,qlever-server-d,S,925,1653,25796536701,16526421,786,9,futex_do_wait
4924496720137183,3125317,qlever-server-d,S,0,0,3508542,0,30,7,futex_do_wait
4924496720137183,3126029,qlever-server-d,R,2247,10,22580781875,15321487,222,10,0
4924496720137183,3126030,qlever-server-d,R,2250,10,22608717501,9434296,213,11,0
4924496720137183,3126031,qlever-server-d,S,0,0,19980,0,1,11,futex_do_wait
4924496720137183,3126032,qlever-server-d,S,0,0,127190,0,4,0,ep_poll
4924496720137183,3126033,qlever-server-d,S,0,0,522531,0,8,8,futex_do_wait
4924496720137183,3126034,qlever-server-d,S,5,41,475149163,70422630,2213,9,ep_poll
4924496720137183,3126035,qlever-server-d,S,3,23,273059773,92563701,2847,3,futex_do_wait
4924496720137183,3126838,qlever-server-d,S,0,0,3979783,6756093,120,5,futex_do_wait
4924496720137183,3126839,qlever-server-d,R,443,2,4457891335,11043087,167,8,0
4924496720137183,0,__system__,-,1024798078,7867823804,0,0,0,-1,-
4924496740138923,3125313,qlever-server-d,S,925,1653,25796536701,16526421,786,9,futex_do_wait
4924496740138923,3125317,qlever-server-d,S,0,0,3508542,0,30,7,futex_do_wait
4924496740138923,3126029,qlever-server-d,R,2249,10,22600781966,15321487,222,10,0
4924496740138923,3126030,qlever-server-d,R,2252,10,22628716802,9434296,213,11,0
4924496740138923,3126031,qlever-server-d,S,0,0,19980,0,1,11,futex_do_wait
4924496740138923,3126032,qlever-server-d,S,0,0,127190,0,4,0,ep_poll
4924496740138923,3126033,qlever-server-d,S,0,0,522531,0,8,8,futex_do_wait
4924496740138923,3126034,qlever-server-d,S,5,41,475197453,70448340,2217,9,ep_poll
4924496740138923,3126035,qlever-server-d,S,3,23,273810993,92563701,2848,3,futex_do_wait
4924496740138923,3126838,qlever-server-d,S,0,0,4015503,6756093,121,5,futex_do_wait
4924496740138923,3126839,qlever-server-d,R,445,2,4477891256,11043087,167,8,0
4924496740138923,0,__system__,-,1024798097,7867823835,0,0,0,-1,-
4924496760131773,3125313,qlever-server-d,S,925,1653,25796536701,16526421,786,9,futex_do_wait
4924496760131773,3125317,qlever-server-d,S,0,0,3508542,0,30,7,futex_do_wait
4924496760131773,3126029,qlever-server-d,R,2251,10,22620781757,15321487,222,10,0
4924496760131773,3126030,qlever-server-d,R,2254,10,22648717423,9434296,213,11,0
4924496760131773,3126031,qlever-server-d,S,0,0,19980,0,1,11,futex_do_wait
4924496760131773,3126032,qlever-server-d,S,0,0,127190,0,4,0,ep_poll
4924496760131773,3126033,qlever-server-d,S,0,0,522531,0,8,8,futex_do_wait
4924496760131773,3126034,qlever-server-d,S,5,41,475341273,70540200,2223,5,ep_poll
4924496760131773,3126035,qlever-server-d,S,3,24,275011694,92563701,2850,3,futex_do_wait
4924496760131773,3126838,qlever-server-d,S,0,0,4015503,6756093,121,5,futex_do_wait
4924496760131773,3126839,qlever-server-d,R,447,2,4497889607,11043087,167,8,0
4924496760131773,0,__system__,-,1024798116,7867823867,0,0,0,-1,-
4924496780139703,3125313,qlever-server-d,S,925,1653,25796536701,16526421,786,9,futex_do_wait
4924496780139703,3125317,qlever-server-d,S,0,0,3508542,0,30,7,futex_do_wait
4924496780139703,3126029,qlever-server-d,R,2253,10,22640780958,15321487,222,10,0
4924496780139703,3126030,qlever-server-d,R,2256,10,22668716624,9434296,213,11,0
4924496780139703,3126031,qlever-server-d,S,0,0,19980,0,1,11,futex_do_wait
4924496780139703,3126032,qlever-server-d,S,0,0,127190,0,4,0,ep_poll
4924496780139703,3126033,qlever-server-d,S,0,0,522531,0,8,8,futex_do_wait
4924496780139703,3126034,qlever-server-d,S,5,41,475402203,70540200,2226,0,ep_poll
4924496780139703,3126035,qlever-server-d,S,3,24,275610604,92563701,2851,3,futex_do_wait
4924496780139703,3126838,qlever-server-d,S,0,0,4015503,6756093,121,5,futex_do_wait
4924496780139703,3126839,qlever-server-d,R,449,2,4517857628,11074887,168,8,0
4924496780139703,0,__system__,-,1024798134,7867823899,0,0,0,-1,-
4924496800139422,3125313,qlever-server-d,S,925,1653,25796536701,16526421,786,9,futex_do_wait
4924496800139422,3125317,qlever-server-d,S,0,0,3508542,0,30,7,futex_do_wait
4924496800139422,3126029,qlever-server-d,R,2255,10,22660780979,15321487,222,10,0
4924496800139422,3126030,qlever-server-d,R,2258,10,22688716755,9434296,213,11,0
4924496800139422,3126031,qlever-server-d,S,0,0,19980,0,1,11,futex_do_wait
4924496800139422,3126032,qlever-server-d,S,0,0,127190,0,4,0,ep_poll
4924496800139422,3126033,qlever-server-d,S,0,0,522531,0,8,8,futex_do_wait
4924496800139422,3126034,qlever-server-d,S,5,41,475508263,70540200,2232,0,ep_poll
4924496800139422,3126035,qlever-server-d,S,3,24,276746694,92563701,2853,3,futex_do_wait
4924496800139422,3126838,qlever-server-d,S,0,0,4050593,6756093,122,5,futex_do_wait
4924496800139422,3126839,qlever-server-d,R,451,2,4537857419,11074887,168,8,0
4924496800139422,0,__system__,-,1024798152,7867823930,0,0,0,-1,-
4924496820135672,3125313,qlever-server-d,S,925,1653,25796536701,16526421,786,9,futex_do_wait
4924496820135672,3125317,qlever-server-d,S,0,0,3508542,0,30,7,futex_do_wait
4924496820135672,3126029,qlever-server-d,R,2257,10,22680781190,15321487,222,10,0
4924496820135672,3126030,qlever-server-d,R,2260,10,22708716896,9434296,213,11,0
4924496820135672,3126031,qlever-server-d,S,0,0,19980,0,1,11,futex_do_wait
4924496820135672,3126032,qlever-server-d,S,0,0,127190,0,4,0,ep_poll
4924496820135672,3126033,qlever-server-d,S,0,0,522531,0,8,8,futex_do_wait
4924496820135672,3126034,qlever-server-d,S,5,41,475560123,70540200,2235,0,ep_poll
4924496820135672,3126035,qlever-server-d,S,3,24,277314555,92563701,2854,3,futex_do_wait
4924496820135672,3126838,qlever-server-d,S,0,0,4050593,6756093,122,5,futex_do_wait
4924496820135672,3126839,qlever-server-d,R,453,2,4557805910,11126407,169,8,0
4924496820135672,0,__system__,-,1024798170,7867823961,0,0,0,-1,-
4924496840141732,3125313,qlever-server-d,S,925,1653,25796536701,16526421,786,9,futex_do_wait
4924496840141732,3125317,qlever-server-d,S,0,0,3508542,0,30,7,futex_do_wait
4924496840141732,3126029,qlever-server-d,R,2259,10,22700782061,15321487,222,10,0
4924496840141732,3126030,qlever-server-d,R,2262,10,22728717757,9434296,213,11,0
4924496840141732,3126031,qlever-server-d,S,0,0,19980,0,1,11,futex_do_wait
4924496840141732,3126032,qlever-server-d,S,0,0,127190,0,4,0,ep_poll
4924496840141732,3126033,qlever-server-d,S,0,0,522531,0,8,8,futex_do_wait
4924496840141732,3126034,qlever-server-d,S,5,41,475609023,70540200,2238,0,ep_poll
4924496840141732,3126035,qlever-server-d,S,3,24,277856465,92563701,2855,3,futex_do_wait
4924496840141732,3126838,qlever-server-d,S,0,0,4095313,6756093,123,5,futex_do_wait
4924496840141732,3126839,qlever-server-d,R,455,2,4577809101,11126407,169,8,0
4924496840141732,0,__system__,-,1024798189,7867823993,0,0,0,-1,-
4924496860139282,3125313,qlever-server-d,S,925,1653,25796536701,16526421,786,9,futex_do_wait
4924496860139282,3125317,qlever-server-d,S,0,0,3508542,0,30,7,futex_do_wait
4924496860139282,3126029,qlever-server-d,R,2261,10,22720782513,15321487,222,10,0
4924496860139282,3126030,qlever-server-d,R,2264,10,22748717879,9434296,213,11,0
4924496860139282,3126031,qlever-server-d,S,0,0,19980,0,1,11,futex_do_wait
4924496860139282,3126032,qlever-server-d,S,0,0,127190,0,4,0,ep_poll
4924496860139282,3126033,qlever-server-d,S,0,0,522531,0,8,8,futex_do_wait
4924496860139282,3126034,qlever-server-d,S,5,41,475720963,70540200,2244,0,ep_poll
4924496860139282,3126035,qlever-server-d,S,3,24,278958206,92707641,2858,3,futex_do_wait
4924496860139282,3126838,qlever-server-d,S,0,0,4095313,6756093,123,5,futex_do_wait
4924496860139282,3126839,qlever-server-d,R,457,2,4597807533,11126407,169,8,0
4924496860139282,0,__system__,-,1024798210,7867824026,0,0,0,-1,-
4924496880130552,3125313,qlever-server-d,S,925,1653,25796536701,16526421,786,9,futex_do_wait
4924496880130552,3125317,qlever-server-d,S,0,0,3508542,0,30,7,futex_do_wait
4924496880130552,3126029,qlever-server-d,R,2263,10,22740782364,15321487,222,10,0
4924496880130552,3126030,qlever-server-d,R,2266,10,22768717640,9434296,213,11,0
4924496880130552,3126031,qlever-server-d,S,0,0,19980,0,1,11,futex_do_wait
4924496880130552,3126032,qlever-server-d,S,0,0,127190,0,4,0,ep_poll
4924496880130552,3126033,qlever-server-d,S,0,0,522531,0,8,8,futex_do_wait
4924496880130552,3126034,qlever-server-d,S,5,41,475783423,70540200,2248,0,ep_poll
4924496880130552,3126035,qlever-server-d,S,3,24,279683507,92707641,2859,3,futex_do_wait
4924496880130552,3126838,qlever-server-d,S,0,0,4095313,6756093,123,5,futex_do_wait
4924496880130552,3126839,qlever-server-d,R,459,2,4617806644,11126407,169,8,0
4924496880130552,0,__system__,-,1024798229,7867824058,0,0,0,-1,-
4924496900129151,3125313,qlever-server-d,S,925,1653,25796536701,16526421,786,9,futex_do_wait
4924496900129151,3125317,qlever-server-d,S,0,0,3508542,0,30,7,futex_do_wait
4924496900129151,3126029,qlever-server-d,R,2265,10,22760782805,15321487,222,10,0
4924496900129151,3126030,qlever-server-d,R,2268,10,22788718671,9434296,213,11,0
4924496900129151,3126031,qlever-server-d,S,0,0,19980,0,1,11,futex_do_wait
4924496900129151,3126032,qlever-server-d,S,0,0,127190,0,4,0,ep_poll
4924496900129151,3126033,qlever-server-d,S,0,0,522531,0,8,8,futex_do_wait
4924496900129151,3126034,qlever-server-d,S,5,41,475907333,70558190,2255,0,ep_poll
4924496900129151,3126035,qlever-server-d,S,3,24,281127219,92707641,2862,3,futex_do_wait
4924496900129151,3126838,qlever-server-d,S,0,0,4140563,6756093,124,6,futex_do_wait
4924496900129151,3126839,qlever-server-d,R,461,2,4637808325,11126407,169,8,0
4924496900129151,0,__system__,-,1024798247,7867824089,0,0,0,-1,-
4924496920118601,3125313,qlever-server-d,S,925,1653,25796536701,16526421,786,9,futex_do_wait
4924496920118601,3125317,qlever-server-d,S,0,0,3508542,0,30,7,futex_do_wait
4924496920118601,3126029,qlever-server-d,R,2267,10,22780782316,15321487,222,10,0
4924496920118601,3126030,qlever-server-d,R,2270,10,22808718022,9434296,213,11,0
4924496920118601,3126031,qlever-server-d,S,0,0,19980,0,1,11,futex_do_wait
4924496920118601,3126032,qlever-server-d,S,0,0,127190,0,4,0,ep_poll
4924496920118601,3126033,qlever-server-d,S,0,0,522531,0,8,8,futex_do_wait
4924496920118601,3126034,qlever-server-d,S,5,41,476058203,70558190,2264,0,ep_poll
4924496920118601,3126035,qlever-server-d,S,3,24,282676480,92707641,2865,3,futex_do_wait
4924496920118601,3126838,qlever-server-d,S,0,0,4140563,6756093,124,6,futex_do_wait
4924496920118601,3126839,qlever-server-d,R,463,2,4657772876,11160557,170,8,0
4924496920118601,0,__system__,-,1024798264,7867824120,0,0,0,-1,-
4924496940141841,3125313,qlever-server-d,S,925,1653,25796536701,16526421,786,9,futex_do_wait
4924496940141841,3125317,qlever-server-d,S,0,0,3508542,0,30,7,futex_do_wait
4924496940141841,3126029,qlever-server-d,R,2269,10,22800783397,15321487,222,10,0
4924496940141841,3126030,qlever-server-d,R,2272,10,22828717773,9434296,213,11,0
4924496940141841,3126031,qlever-server-d,S,0,0,19980,0,1,11,futex_do_wait
4924496940141841,3126032,qlever-server-d,S,0,0,127190,0,4,0,ep_poll
4924496940141841,3126033,qlever-server-d,S,0,0,522531,0,8,8,futex_do_wait
4924496940141841,3126034,qlever-server-d,S,5,41,476154014,70558190,2270,0,ep_poll
4924496940141841,3126035,qlever-server-d,S,3,24,283668141,92707641,2867,3,futex_do_wait
4924496940141841,3126838,qlever-server-d,S,0,0,4182173,6756093,125,5,futex_do_wait
4924496940141841,3126839,qlever-server-d,R,465,2,4677773637,11160557,170,8,0
4924496940141841,0,__system__,-,1024798284,7867824151,0,0,0,-1,-
4924496960130511,3125313,qlever-server-d,S,925,1653,25796536701,16526421,786,9,futex_do_wait
4924496960130511,3125317,qlever-server-d,S,0,0,3508542,0,30,7,futex_do_wait
4924496960130511,3126029,qlever-server-d,R,2271,10,22820783358,15321487,222,10,0
4924496960130511,3126030,qlever-server-d,R,2274,10,22848718184,9434296,213,11,0
4924496960130511,3126031,qlever-server-d,S,0,0,19980,0,1,11,futex_do_wait
4924496960130511,3126032,qlever-server-d,S,0,0,127190,0,4,0,ep_poll
4924496960130511,3126033,qlever-server-d,S,0,0,522531,0,8,8,futex_do_wait
4924496960130511,3126034,qlever-server-d,S,5,41,476192634,70571840,2272,0,ep_poll
4924496960130511,3126035,qlever-server-d,S,3,24,284087152,92707641,2868,3,futex_do_wait
4924496960130511,3126838,qlever-server-d,S,0,0,4182173,6756093,125,5,futex_do_wait
4924496960130511,3126839,qlever-server-d,R,467,2,4697774368,11160557,170,8,0
4924496960130511,0,__system__,-,1024798304,7867824183,0,0,0,-1,-
4924496980154801,3125313,qlever-server-d,S,925,1653,25796536701,16526421,786,9,futex_do_wait
4924496980154801,3125317,qlever-server-d,S,0,0,3508542,0,30,7,futex_do_wait
4924496980154801,3126029,qlever-server-d,R,2273,10,22840783079,15321487,222,10,0
4924496980154801,3126030,qlever-server-d,R,2276,10,22868718595,9434296,213,11,0
4924496980154801,3126031,qlever-server-d,S,0,0,19980,0,1,11,futex_do_wait
4924496980154801,3126032,qlever-server-d,S,0,0,127190,0,4,0,ep_poll
4924496980154801,3126033,qlever-server-d,S,0,0,522531,0,8,8,futex_do_wait
4924496980154801,3126034,qlever-server-d,S,5,42,476293604,70571840,2278,0,ep_poll
4924496980154801,3126035,qlever-server-d,S,3,25,285194973,92707641,2870,3,futex_do_wait
4924496980154801,3126838,qlever-server-d,S,0,0,4182173,6756093,125,5,futex_do_wait
4924496980154801,3126839,qlever-server-d,R,469,2,4717990579,11177737,171,8,0
4924496980154801,0,__system__,-,1024798327,7867824215,0,0,0,-1,-
4924497000130931,3125313,qlever-server-d,S,925,1653,25796536701,16526421,786,9,futex_do_wait
4924497000130931,3125317,qlever-server-d,S,0,0,3508542,0,30,7,futex_do_wait
4924497000130931,3126029,qlever-server-d,R,2275,10,22860783210,15321487,222,10,0
4924497000130931,3126030,qlever-server-d,R,2278,10,22888718716,9434296,213,11,0
4924497000130931,3126031,qlever-server-d,S,0,0,19980,0,1,11,futex_do_wait
4924497000130931,3126032,qlever-server-d,S,0,0,127190,0,4,0,ep_poll
4924497000130931,3126033,qlever-server-d,S,0,0,522531,0,8,8,futex_do_wait
4924497000130931,3126034,qlever-server-d,S,5,42,476335934,70571840,2281,0,ep_poll
4924497000130931,3126035,qlever-server-d,S,3,25,285759233,92707641,2871,3,futex_do_wait
4924497000130931,3126838,qlever-server-d,S,0,0,4227113,6756093,126,7,futex_do_wait
4924497000130931,3126839,qlever-server-d,R,471,2,4737756420,11177737,171,8,0
4924497000130931,0,__system__,-,1024798348,7867824247,0,0,0,-1,-
4924497020138680,3125313,qlever-server-d,S,925,1653,25796536701,16526421,786,9,futex_do_wait
4924497020138680,3125317,qlever-server-d,S,0,0,3508542,0,30,7,futex_do_wait
4924497020138680,3126029,qlever-server-d,R,2277,10,22880783611,15321487,222,10,0
4924497020138680,3126030,qlever-server-d,R,2280,10,22908718867,9434296,213,11,0
4924497020138680,3126031,qlever-server-d,S,0,0,19980,0,1,11,futex_do_wait
4924497020138680,3126032,qlever-server-d,S,0,0,127190,0,4,0,ep_poll
4924497020138680,3126033,qlever-server-d,S,0,0,522531,0,8,8,futex_do_wait
4924497020138680,3126034,qlever-server-d,S,5,42,476424164,70571840,2286,0,ep_poll
4924497020138680,3126035,qlever-server-d,S,3,25,286733424,92707641,2873,3,futex_do_wait
4924497020138680,3126838,qlever-server-d,S,0,0,4227113,6756093,126,7,futex_do_wait
4924497020138680,3126839,qlever-server-d,R,473,2,4757756921,11177737,171,8,0
4924497020138680,0,__system__,-,1024798367,7867824278,0,0,0,-1,-
4924497040144240,3125313,qlever-server-d,S,925,1653,25796536701,16526421,786,9,futex_do_wait
4924497040144240,3125317,qlever-server-d,S,0,0,3508542,0,30,7,futex_do_wait
4924497040144240,3126029,qlever-server-d,R,2279,10,22900784993,15321487,222,10,0
4924497040144240,3126030,qlever-server-d,R,2282,10,22928718899,9434296,213,11,0
4924497040144240,3126031,qlever-server-d,S,0,0,19980,0,1,11,futex_do_wait
4924497040144240,3126032,qlever-server-d,S,0,0,127190,0,4,0,ep_poll
4924497040144240,3126033,qlever-server-d,S,0,0,522531,0,8,8,futex_do_wait
4924497040144240,3126034,qlever-server-d,S,5,42,476460474,70571840,2288,0,ep_poll
4924497040144240,3126035,qlever-server-d,S,3,25,287124994,92707641,2874,3,futex_do_wait
4924497040144240,3126838,qlever-server-d,S,0,0,4267193,6756093,127,7,futex_do_wait
4924497040144240,3126839,qlever-server-d,R,475,2,4777733523,11193967,172,0,0
4924497040144240,0,__system__,-,1024798385,7867824310,0,0,0,-1,-
4924497060147220,3125313,qlever-server-d,S,925,1653,25796536701,16526421,786,9,futex_do_wait
4924497060147220,3125317,qlever-server-d,S,0,0,3508542,0,30,7,futex_do_wait
4924497060147220,3126029,qlever-server-d,R,2281,10,22920784544,15321487,222,10,0
4924497060147220,3126030,qlever-server-d,R,2284,10,22948718700,9434296,213,11,0
4924497060147220,3126031,qlever-server-d,S,0,0,19980,0,1,11,futex_do_wait
4924497060147220,3126032,qlever-server-d,S,0,0,127190,0,4,0,ep_poll
4924497060147220,3126033,qlever-server-d,S,0,0,522531,0,8,8,futex_do_wait
4924497060147220,3126034,qlever-server-d,S,5,42,476578204,70571840,2295,8,ep_poll
4924497060147220,3126035,qlever-server-d,S,3,25,288389104,92707641,2876,3,futex_do_wait
4924497060147220,3126838,qlever-server-d,S,0,0,4267193,6756093,127,7,futex_do_wait
4924497060147220,3126839,qlever-server-d,R,477,2,4797734974,11193967,172,0,0
4924497060147220,0,__system__,-,1024798405,7867824343,0,0,0,-1,-
4924497080148390,3125313,qlever-server-d,S,925,1653,25796536701,16526421,786,9,futex_do_wait
4924497080148390,3125317,qlever-server-d,S,0,0,3508542,0,30,7,futex_do_wait
4924497080148390,3126029,qlever-server-d,R,2283,10,22940784235,15321487,222,10,0
4924497080148390,3126030,qlever-server-d,R,2286,10,22968719191,9434296,213,11,0
4924497080148390,3126031,qlever-server-d,S,0,0,19980,0,1,11,futex_do_wait
4924497080148390,3126032,qlever-server-d,S,0,0,127190,0,4,0,ep_poll
4924497080148390,3126033,qlever-server-d,S,0,0,522531,0,8,8,futex_do_wait
4924497080148390,3126034,qlever-server-d,S,5,42,476660954,70571840,2299,8,ep_poll
4924497080148390,3126035,qlever-server-d,R,3,25,289272315,92707641,2879,3,0
4924497080148390,3126838,qlever-server-d,S,0,0,4267193,6756093,127,7,futex_do_wait
4924497080148390,3126839,qlever-server-d,R,479,2,4818556885,11193967,172,0,0
4924497080148390,0,__system__,-,1024798423,7867824375,0,0,0,-1,-
4924497100145000,3125313,qlever-server-d,S,925,1653,25796536701,16526421,786,9,futex_do_wait
4924497100145000,3125317,qlever-server-d,S,0,0,3508542,0,30,7,futex_do_wait
4924497100145000,3126029,qlever-server-d,R,2285,10,22960785246,15321487,222,10,0
4924497100145000,3126030,qlever-server-d,R,2288,10,22988696522,9457996,214,11,0
4924497100145000,3126031,qlever-server-d,S,0,0,19980,0,1,11,futex_do_wait
4924497100145000,3126032,qlever-server-d,S,0,0,127190,0,4,0,ep_poll
4924497100145000,3126033,qlever-server-d,S,0,0,522531,0,8,8,futex_do_wait
4924497100145000,3126034,qlever-server-d,S,5,42,476768306,70626160,2305,8,ep_poll
4924497100145000,3126035,qlever-server-d,S,3,25,290414346,92707641,2880,3,futex_do_wait
4924497100145000,3126838,qlever-server-d,S,0,0,4309723,6756093,128,7,futex_do_wait
4924497100145000,3126839,qlever-server-d,R,481,2,4837735076,11193967,172,0,0
4924497100145000,0,__system__,-,1024798443,7867824407,0,0,0,-1,-
4924497120143059,3125313,qlever-server-d,S,925,1653,25796536701,16526421,786,9,futex_do_wait
4924497120143059,3125317,qlever-server-d,S,0,0,3508542,0,30,7,futex_do_wait
4924497120143059,3126029,qlever-server-d,R,2287,10,22980785467,15321487,222,10,0
4924497120143059,3126030,qlever-server-d,R,2290,10,23008696523,9457996,214,11,0
4924497120143059,3126031,qlever-server-d,S,0,0,19980,0,1,11,futex_do_wait
4924497120143059,3126032,qlever-server-d,S,0,0,127190,0,4,0,ep_poll
4924497120143059,3126033,qlever-server-d,S,0,0,522531,0,8,8,futex_do_wait
4924497120143059,3126034,qlever-server-d,S,5,42,476869356,70646270,2311,9,ep_poll
4924497120143059,3126035,qlever-server-d,S,3,25,291573217,92707641,2882,3,futex_do_wait
4924497120143059,3126838,qlever-server-d,S,0,0,4309723,6756093,128,7,futex_do_wait
4924497120143059,3126839,qlever-server-d,R,483,2,4857735657,11193967,172,0,0
4924497120143059,0,__system__,-,1024798463,7867824439,0,0,0,-1,-
4924497140141009,3125313,qlever-server-d,S,925,1653,25796536701,16526421,786,9,futex_do_wait
4924497140141009,3125317,qlever-server-d,S,0,0,3508542,0,30,7,futex_do_wait
4924497140141009,3126029,qlever-server-d,R,2289,10,23000785768,15321487,222,10,0
4924497140141009,3126030,qlever-server-d,R,2292,10,23028695814,9457996,214,11,0
4924497140141009,3126031,qlever-server-d,S,0,0,19980,0,1,11,futex_do_wait
4924497140141009,3126032,qlever-server-d,S,0,0,127190,0,4,0,ep_poll
4924497140141009,3126033,qlever-server-d,S,0,0,522531,0,8,8,futex_do_wait
4924497140141009,3126034,qlever-server-d,S,5,42,476915807,70646270,2314,9,ep_poll
4924497140141009,3126035,qlever-server-d,S,3,25,292168558,92707641,2883,3,futex_do_wait
4924497140141009,3126838,qlever-server-d,S,0,0,4346433,6756093,129,5,futex_do_wait
4924497140141009,3126839,qlever-server-d,R,485,2,4877734528,11193967,172,0,0
4924497140141009,0,__system__,-,1024798480,7867824469,0,0,0,-1,-
4924497160138079,3125313,qlever-server-d,S,925,1653,25796536701,16526421,786,9,futex_do_wait
4924497160138079,3125317,qlever-server-d,S,0,0,3508542,0,30,7,futex_do_wait
4924497160138079,3126029,qlever-server-d,R,2291,10,23020766169,15342027,223,10,0
4924497160138079,3126030,qlever-server-d,R,2294,10,23048696275,9457996,214,11,0
4924497160138079,3126031,qlever-server-d,S,0,0,19980,0,1,11,futex_do_wait
4924497160138079,3126032,qlever-server-d,S,0,0,127190,0,4,0,ep_poll
4924497160138079,3126033,qlever-server-d,S,0,0,522531,0,8,8,futex_do_wait
4924497160138079,3126034,qlever-server-d,S,5,42,477008537,70646270,2320,9,ep_poll
4924497160138079,3126035,qlever-server-d,S,3,25,293422028,92707641,2885,3,futex_do_wait
4924497160138079,3126838,qlever-server-d,S,0,0,4346433,6756093,129,5,futex_do_wait
4924497160138079,3126839,qlever-server-d,R,487,2,4897710799,11218387,173,0,0
4924497160138079,0,__system__,-,1024798499,7867824502,0,0,0,-1,-
4924497180138219,3125313,qlever-server-d,S,925,1653,25796536701,16526421,786,9,futex_do_wait
4924497180138219,3125317,qlever-server-d,S,0,0,3508542,0,30,7,futex_do_wait
4924497180138219,3126029,qlever-server-d,R,2293,10,23040765450,15342027,223,10,0
4924497180138219,3126030,qlever-server-d,R,2296,10,23068696186,9457996,214,11,0
4924497180138219,3126031,qlever-server-d,S,0,0,19980,0,1,11,futex_do_wait
4924497180138219,3126032,qlever-server-d,S,0,0,127190,0,4,0,ep_poll
4924497180138219,3126033,qlever-server-d,S,0,0,522531,0,8,8,futex_do_wait
4924497180138219,3126034,qlever-server-d,S,5,42,477054767,70646270,2323,9,ep_poll
4924497180138219,3126035,qlever-server-d,S,3,25,293996728,92707641,2886,3,futex_do_wait
4924497180138219,3126838,qlever-server-d,S,0,0,4346433,6756093,129,5,futex_do_wait
4924497180138219,3126839,qlever-server-d,R,489,2,4917711360,11218387,173,0,0
4924497180138219,0,__system__,-,1024798517,7867824533,0,0,0,-1,-
4924497200134149,3125313,qlever-server-d,S,925,1653,25796536701,16526421,786,9,futex_do_wait
4924497200134149,3125317,qlever-server-d,S,0,0,3508542,0,30,7,futex_do_wait
4924497200134149,3126029,qlever-server-d,R,2295,10,23060764951,15342027,223,10,0
4924497200134149,3126030,qlever-server-d,R,2298,10,23088696287,9457996,214,11,0
4924497200134149,3126031,qlever-server-d,S,0,0,19980,0,1,11,futex_do_wait
4924497200134149,3126032,qlever-server-d,S,0,0,127190,0,4,0,ep_poll
4924497200134149,3126033,qlever-server-d,S,0,0,522531,0,8,8,futex_do_wait
4924497200134149,3126034,qlever-server-d,S,5,42,477147867,70646270,2329,9,ep_poll
4924497200134149,3126035,qlever-server-d,S,3,26,295211660,92707641,2888,3,futex_do_wait
4924497200134149,3126838,qlever-server-d,S,0,0,4385313,6756093,130,7,futex_do_wait
4924497200134149,3126839,qlever-server-d,R,491,2,4937695781,11218387,174,0,0
4924497200134149,0,__system__,-,1024798535,7867824564,0,0,0,-1,-
4924497220137228,3125313,qlever-server-d,S,925,1653,25796536701,16526421,786,9,futex_do_wait
4924497220137228,3125317,qlever-server-d,S,0,0,3508542,0,30,7,futex_do_wait
4924497220137228,3126029,qlever-server-d,R,2297,10,23080766483,15342027,223,10,0
4924497220137228,3126030,qlever-server-d,R,2300,10,23108681509,9471366,215,0,0
4924497220137228,3126031,qlever-server-d,S,0,0,19980,0,1,11,futex_do_wait
4924497220137228,3126032,qlever-server-d,S,0,0,127190,0,4,0,ep_poll
4924497220137228,3126033,qlever-server-d,S,0,0,522531,0,8,8,futex_do_wait
4924497220137228,3126034,qlever-server-d,S,5,42,477213307,70646270,2332,2,ep_poll
4924497220137228,3126035,qlever-server-d,S,3,26,295812341,92707641,2889,3,futex_do_wait
4924497220137228,3126838,qlever-server-d,S,0,0,4385313,6756093,130,7,futex_do_wait
4924497220137228,3126839,qlever-server-d,R,493,2,4956907322,11982207,177,7,0
4924497220137228,0,__system__,-,1024798554,7867824596,0,0,0,-1,-
4924497240146988,3125313,qlever-server-d,S,925,1653,25796536701,16526421,786,9,futex_do_wait
4924497240146988,3125317,qlever-server-d,S,0,0,3508542,0,30,7,futex_do_wait
4924497240146988,3126029,qlever-server-d,R,2299,10,23100765964,15342027,223,10,0
4924497240146988,3126030,qlever-server-d,R,2302,10,23128680740,9471366,215,0,0
4924497240146988,3126031,qlever-server-d,S,0,0,19980,0,1,11,futex_do_wait
4924497240146988,3126032,qlever-server-d,S,0,0,127190,0,4,0,ep_poll
4924497240146988,3126033,qlever-server-d,S,0,0,522531,0,8,8,futex_do_wait
4924497240146988,3126034,qlever-server-d,S,5,42,477256237,71009380,2334,2,ep_poll
4924497240146988,3126035,qlever-server-d,S,3,26,296706541,92707641,2890,2,futex_do_wait
4924497240146988,3126838,qlever-server-d,S,0,0,4420253,6756093,131,14,futex_do_wait
4924497240146988,3126839,qlever-server-d,R,495,2,4977072533,12024427,179,6,0
4924497240146988,0,__system__,-,1024798574,7867824628,0,0,0,-1,-
4924497260137638,3125313,qlever-server-d,S,925,1653,25796536701,16526421,786,9,futex_do_wait
4924497260137638,3125317,qlever-server-d,S,0,0,3508542,0,30,7,futex_do_wait
4924497260137638,3126029,qlever-server-d,R,2301,10,23120765865,15342027,223,10,0
4924497260137638,3126030,qlever-server-d,R,2304,10,23148680891,9471366,215,0,0
4924497260137638,3126031,qlever-server-d,S,0,0,19980,0,1,11,futex_do_wait
4924497260137638,3126032,qlever-server-d,S,0,0,127190,0,4,0,ep_poll
4924497260137638,3126033,qlever-server-d,S,0,0,522531,0,8,8,futex_do_wait
4924497260137638,3126034,qlever-server-d,S,5,42,477306887,71009380,2337,11,ep_poll
4924497260137638,3126035,qlever-server-d,S,3,26,297384741,92707641,2891,2,futex_do_wait
4924497260137638,3126838,qlever-server-d,S,0,0,4420253,6756093,131,14,futex_do_wait
4924497260137638,3126839,qlever-server-d,R,497,2,4996860854,12024427,179,6,0
4924497260137638,0,__system__,-,1024798592,7867824659,0,0,0,-1,-
4924497280170848,3125313,qlever-server-d,S,925,1653,25796536701,16526421,786,9,futex_do_wait
4924497280170848,3125317,qlever-server-d,S,0,0,3508542,0,30,7,futex_do_wait
4924497280170848,3126029,qlever-server-d,R,2303,10,23140717026,15378797,225,7,0
4924497280170848,3126030,qlever-server-d,R,2306,10,23168632542,9511626,217,2,0
4924497280170848,3126031,qlever-server-d,S,0,0,19980,0,1,11,futex_do_wait
4924497280170848,3126032,qlever-server-d,S,0,0,127190,0,4,0,ep_poll
4924497280170848,3126033,qlever-server-d,S,0,0,522531,0,8,8,futex_do_wait
4924497280170848,3126034,qlever-server-d,S,5,42,477423667,71009380,2345,10,ep_poll
4924497280170848,3126035,qlever-server-d,S,3,26,299108952,92707641,2893,11,futex_do_wait
4924497280170848,3126838,qlever-server-d,S,0,0,4420253,6756093,131,14,futex_do_wait
4924497280170848,3126839,qlever-server-d,R,499,2,5016863915,12024427,179,6,0
4924497280170848,0,__system__,-,1024798610,7867824691,0,0,0,-1,-
4924497300149348,3125313,qlever-server-d,S,925,1653,25796536701,16526421,786,9,futex_do_wait
4924497300149348,3125317,qlever-server-d,S,0,0,3508542,0,30,7,futex_do_wait
4924497300149348,3126029,qlever-server-d,R,2305,10,23160718667,15378797,225,7,0
4924497300149348,3126030,qlever-server-d,R,2308,10,23188630953,9511626,217,2,0
4924497300149348,3126031,qlever-server-d,S,0,0,19980,0,1,11,futex_do_wait
4924497300149348,3126032,qlever-server-d,S,0,0,127190,0,4,0,ep_poll
4924497300149348,3126033,qlever-server-d,S,0,0,522531,0,8,8,futex_do_wait
4924497300149348,3126034,qlever-server-d,S,5,42,477469037,71009380,2348,10,ep_poll
4924497300149348,3126035,qlever-server-d,S,3,26,299783602,92707641,2894,11,futex_do_wait
4924497300149348,3126838,qlever-server-d,S,0,0,4460713,6756093,132,15,futex_do_wait
4924497300149348,3126839,qlever-server-d,R,501,2,5036865136,12024427,179,6,0
4924497300149348,0,__system__,-,1024798629,7867824723,0,0,0,-1,-
4924497320140217,3125313,qlever-server-d,S,925,1653,25796536701,16526421,786,9,futex_do_wait
4924497320140217,3125317,qlever-server-d,S,0,0,3508542,0,30,7,futex_do_wait
4924497320140217,3126029,qlever-server-d,R,2307,10,23180318318,15763127,228,5,0
4924497320140217,3126030,qlever-server-d,R,2310,10,23208631964,9511626,217,2,0
4924497320140217,3126031,qlever-server-d,S,0,0,19980,0,1,11,futex_do_wait
4924497320140217,3126032,qlever-server-d,S,0,0,127190,0,4,0,ep_poll
4924497320140217,3126033,qlever-server-d,S,0,0,522531,0,8,8,futex_do_wait
4924497320140217,3126034,qlever-server-d,S,5,42,477529967,71009380,2351,3,ep_poll
4924497320140217,3126035,qlever-server-d,S,3,26,300439422,92707641,2895,11,futex_do_wait
4924497320140217,3126838,qlever-server-d,S,0,0,4460713,6756093,132,15,futex_do_wait
4924497320140217,3126839,qlever-server-d,R,503,2,5056862117,12024427,179,6,0
4924497320140217,0,__system__,-,1024798649,7867824756,0,0,0,-1,-
4924497340151817,3125313,qlever-server-d,S,925,1653,25796536701,16526421,786,9,futex_do_wait
4924497340151817,3125317,qlever-server-d,S,0,0,3508542,0,30,7,futex_do_wait
4924497340151817,3126029,qlever-server-d,R,2309,10,23200298389,15781127,229,0,0
4924497340151817,3126030,qlever-server-d,R,2312,10,23228632065,9511626,217,2,0
4924497340151817,3126031,qlever-server-d,S,0,0,19980,0,1,11,futex_do_wait
4924497340151817,3126032,qlever-server-d,S,0,0,127190,0,4,0,ep_poll
4924497340151817,3126033,qlever-server-d,S,0,0,522531,0,8,8,futex_do_wait
4924497340151817,3126034,qlever-server-d,S,5,42,477610967,71009380,2355,10,0
4924497340151817,3126035,qlever-server-d,R,3,26,301071153,92707641,2897,1,0
4924497340151817,3126838,qlever-server-d,S,0,0,4508473,6756093,133,4,futex_do_wait
4924497340151817,3126839,qlever-server-d,R,505,2,5077279979,12045427,180,7,0
4924497340151817,0,__system__,-,1024798666,7867824786,0,0,0,-1,-
4924497360139767,3125313,qlever-server-d,S,925,1653,25796536701,16526421,786,9,futex_do_wait
4924497360139767,3125317,qlever-server-d,S,0,0,3508542,0,30,7,futex_do_wait
4924497360139767,3126029,qlever-server-d,R,2311,10,23220272790,15804647,230,3,0
4924497360139767,3126030,qlever-server-d,R,2314,10,23248634826,9511626,217,2,0
4924497360139767,3126031,qlever-server-d,S,0,0,19980,0,1,11,futex_do_wait
4924497360139767,3126032,qlever-server-d,S,0,0,127190,0,4,0,ep_poll
4924497360139767,3126033,qlever-server-d,S,0,0,522531,0,8,8,futex_do_wait
4924497360139767,3126034,qlever-server-d,S,5,42,477696877,71018090,2361,7,ep_poll
4924497360139767,3126035,qlever-server-d,S,3,26,302409324,92719621,2899,7,futex_do_wait
4924497360139767,3126838,qlever-server-d,S,0,0,4508473,6756093,133,4,futex_do_wait
4924497360139767,3126839,qlever-server-d,R,507,2,5096815229,12063757,181,5,0
4924497360139767,0,__system__,-,1024798687,7867824819,0,0,0,-1,-
4924497380144477,3125313,qlever-server-d,S,925,1653,25796536701,16526421,786,9,futex_do_wait
4924497380144477,3125317,qlever-server-d,S,0,0,3508542,0,30,7,futex_do_wait
4924497380144477,3126029,qlever-server-d,R,2313,10,23240252811,15818847,231,2,0
4924497380144477,3126030,qlever-server-d,R,2316,10,23268612057,9528996,218,0,0
4924497380144477,3126031,qlever-server-d,S,0,0,19980,0,1,11,futex_do_wait
4924497380144477,3126032,qlever-server-d,S,0,0,127190,0,4,0,ep_poll
4924497380144477,3126033,qlever-server-d,S,0,0,522531,0,8,8,futex_do_wait
4924497380144477,3126034,qlever-server-d,S,5,42,477757257,71018090,2364,15,ep_poll
4924497380144477,3126035,qlever-server-d,S,3,26,302892944,92719621,2900,13,futex_do_wait
4924497380144477,3126838,qlever-server-d,S,0,0,4508473,6756093,133,4,futex_do_wait
4924497380144477,3126839,qlever-server-d,R,509,2,5116753520,12116197,184,5,0
4924497380144477,0,__system__,-,1024798705,7867824850,0,0,0,-1,-
4924497400139417,3125313,qlever-server-d,S,925,1653,25796536701,16526421,786,9,futex_do_wait
4924497400139417,3125317,qlever-server-d,S,0,0,3508542,0,30,7,futex_do_wait
4924497400139417,3126029,qlever-server-d,R,2315,10,23260253643,15818847,231,2,0
4924497400139417,3126030,qlever-server-d,R,2318,10,23288611409,9528996,218,0,0
4924497400139417,3126031,qlever-server-d,S,0,0,19980,0,1,11,futex_do_wait
4924497400139417,3126032,qlever-server-d,S,0,0,127190,0,4,0,ep_poll
4924497400139417,3126033,qlever-server-d,S,0,0,522531,0,8,8,futex_do_wait
4924497400139417,3126034,qlever-server-d,S,5,42,477818307,71018090,2367,7,ep_poll
4924497400139417,3126035,qlever-server-d,S,3,26,303454284,92719621,2901,13,futex_do_wait
4924497400139417,3126838,qlever-server-d,S,0,0,4549473,6756093,134,4,futex_do_wait
4924497400139417,3126839,qlever-server-d,R,511,2,5136731192,12133337,185,3,0
4924497400139417,0,__system__,-,1024798723,7867824882,0,0,0,-1,-
4924497420136197,3125313,qlever-server-d,S,925,1653,25796536701,16526421,786,9,futex_do_wait
4924497420136197,3125317,qlever-server-d,S,0,0,3508542,0,30,7,futex_do_wait
4924497420136197,3126029,qlever-server-d,R,2317,10,23280253724,15818847,231,2,0
4924497420136197,3126030,qlever-server-d,R,2320,10,23308612510,9528996,218,0,0
4924497420136197,3126031,qlever-server-d,S,0,0,19980,0,1,11,futex_do_wait
4924497420136197,3126032,qlever-server-d,S,0,0,127190,0,4,0,ep_poll
4924497420136197,3126033,qlever-server-d,S,0,0,522531,0,8,8,futex_do_wait
4924497420136197,3126034,qlever-server-d,S,5,42,477919947,71040060,2373,7,ep_poll
4924497420136197,3126035,qlever-server-d,S,3,26,304662194,92719621,2903,13,futex_do_wait
4924497420136197,3126838,qlever-server-d,S,0,0,4549473,6756093,134,4,futex_do_wait
4924497420136197,3126839,qlever-server-d,R,513,2,5156732083,12133337,185,3,0
4924497420136197,0,__system__,-,1024798743,7867824915,0,0,0,-1,-
4924497440138446,3125313,qlever-server-d,S,925,1653,25796536701,16526421,786,9,futex_do_wait
4924497440138446,3125317,qlever-server-d,S,0,0,3508542,0,30,7,futex_do_wait
4924497440138446,3126029,qlever-server-d,R,2319,10,23300256425,15818847,231,2,0
4924497440138446,3126030,qlever-server-d,R,2322,10,23328613081,9528996,218,0,0
4924497440138446,3126031,qlever-server-d,S,0,0,19980,0,1,11,futex_do_wait
4924497440138446,3126032,qlever-server-d,S,0,0,127190,0,4,0,ep_poll
4924497440138446,3126033,qlever-server-d,S,0,0,522531,0,8,8,futex_do_wait
4924497440138446,3126034,qlever-server-d,S,5,42,477984777,71040060,2376,6,ep_poll
4924497440138446,3126035,qlever-server-d,S,3,26,305348265,92719621,2904,13,futex_do_wait
4924497440138446,3126838,qlever-server-d,S,0,0,4585943,6756093,135,4,futex_do_wait
4924497440138446,3126839,qlever-server-d,R,515,2,5176733234,12133337,185,3,0
4924497440138446,0,__system__,-,1024798761,7867824946,0,0,0,-1,-
4924497460125946,3125313,qlever-server-d,S,925,1653,25796536701,16526421,786,9,futex_do_wait
4924497460125946,3125317,qlever-server-d,S,0,0,3508542,0,30,7,futex_do_wait
4924497460125946,3126029,qlever-server-d,R,2321,10,23320258076,15818847,231,2,0
4924497460125946,3126030,qlever-server-d,R,2324,10,23348614752,9528996,218,0,0
4924497460125946,3126031,qlever-server-d,S,0,0,19980,0,1,11,futex_do_wait
4924497460125946,3126032,qlever-server-d,S,0,0,127190,0,4,0,ep_poll
4924497460125946,3126033,qlever-server-d,S,0,0,522531,0,8,8,futex_do_wait
4924497460125946,3126034,qlever-server-d,S,5,42,478038697,71040060,2379,6,ep_poll
4924497460125946,3126035,qlever-server-d,R,3,26,305980096,92719621,2906,13,0
4924497460125946,3126838,qlever-server-d,S,0,0,4585943,6756093,135,4,futex_do_wait
4924497460125946,3126839,qlever-server-d,R,517,2,5197329235,12133337,185,3,0
4924497460125946,0,__system__,-,1024798779,7867824977,0,0,0,-1,-
4924497480141836,3125313,qlever-server-d,S,925,1653,25796536701,16526421,786,9,futex_do_wait
4924497480141836,3125317,qlever-server-d,S,0,0,3508542,0,30,7,futex_do_wait
4924497480141836,3126029,qlever-server-d,R,2323,10,23340254727,15818847,231,2,0
4924497480141836,3126030,qlever-server-d,R,2326,10,23368613603,9528996,218,0,0
4924497480141836,3126031,qlever-server-d,S,0,0,19980,0,1,11,futex_do_wait
4924497480141836,3126032,qlever-server-d,S,0,0,127190,0,4,0,ep_poll
4924497480141836,3126033,qlever-server-d,S,0,0,522531,0,8,8,futex_do_wait
4924497480141836,3126034,qlever-server-d,S,5,42,478184447,71053060,2387,4,ep_poll
4924497480141836,3126035,qlever-server-d,S,3,27,307731657,92719621,2907,14,futex_do_wait
4924497480141836,3126838,qlever-server-d,S,0,0,4585943,6756093,135,4,futex_do_wait
4924497480141836,3126839,qlever-server-d,R,519,2,5216734556,12133337,185,3,0
4924497480141836,0,__system__,-,1024798801,7867825010,0,0,0,-1,-
4924497500137526,3125313,qlever-server-d,S,925,1653,25796536701,16526421,786,9,futex_do_wait
4924497500137526,3125317,qlever-server-d,S,0,0,3508542,0,30,7,futex_do_wait
4924497500137526,3126029,qlever-server-d,R,2325,10,23360254248,15818847,231,2,0
4924497500137526,3126030,qlever-server-d,R,2328,10,23388613144,9528996,218,0,0
4924497500137526,3126031,qlever-server-d,S,0,0,19980,0,1,11,futex_do_wait
4924497500137526,3126032,qlever-server-d,S,0,0,127190,0,4,0,ep_poll
4924497500137526,3126033,qlever-server-d,S,0,0,522531,0,8,8,futex_do_wait
4924497500137526,3126034,qlever-server-d,S,5,42,478243607,71053060,2390,15,ep_poll
4924497500137526,3126035,qlever-server-d,S,3,27,308372648,92719621,2908,7,futex_do_wait
4924497500137526,3126838,qlever-server-d,S,0,0,4621893,6756093,136,15,futex_do_wait
4924497500137526,3126839,qlever-server-d,R,521,2,5236732187,12133337,185,3,0
4924497500137526,0,__system__,-,1024798819,7867825041,0,0,0,-1,-
4924497520135416,3125313,qlever-server-d,S,925,1653,25796536701,16526421,786,9,futex_do_wait
4924497520135416,3125317,qlever-server-d,S,0,0,3508542,0,30,7,futex_do_wait
4924497520135416,3126029,qlever-server-d,R,2327,10,23380254829,15818847,231,2,0
4924497520135416,3126030,qlever-server-d,R,2330,10,23408613585,9528996,218,0,0
4924497520135416,3126031,qlever-server-d,S,0,0,19980,0,1,11,futex_do_wait
4924497520135416,3126032,qlever-server-d,S,0,0,127190,0,4,0,ep_poll
4924497520135416,3126033,qlever-server-d,S,0,0,522531,0,8,8,futex_do_wait
4924497520135416,3126034,qlever-server-d,S,5,42,478337577,71053060,2394,7,ep_poll
4924497520135416,3126035,qlever-server-d,S,3,27,309280278,92719621,2910,14,futex_do_wait
4924497520135416,3126838,qlever-server-d,S,0,0,4621893,6756093,136,15,futex_do_wait
4924497520135416,3126839,qlever-server-d,R,523,2,5256732838,12133337,185,3,0
4924497520135416,0,__system__,-,1024798838,7867825073,0,0,0,-1,-
4924497540929870,3125313,qlever-server-d,S,925,1653,25796536701,16526421,786,9,futex_do_wait
4924497540929870,3125317,qlever-server-d,S,0,0,3508542,0,30,7,futex_do_wait
4924497540929870,3126029,qlever-server-d,R,2329,10,23401255201,15818847,231,2,0
4924497540929870,3126030,qlever-server-d,R,2332,10,23429588167,9552136,219,5,0
4924497540929870,3126031,qlever-server-d,S,0,0,19980,0,1,11,futex_do_wait
4924497540929870,3126032,qlever-server-d,S,0,0,127190,0,4,0,ep_poll
4924497540929870,3126033,qlever-server-d,S,0,0,522531,0,8,8,futex_do_wait
4924497540929870,3126034,qlever-server-d,S,5,42,478441567,71081030,2400,4,ep_poll
4924497540929870,3126035,qlever-server-d,S,3,27,310513509,92719621,2912,15,futex_do_wait
4924497540929870,3126838,qlever-server-d,S,0,0,4659823,6756093,137,4,futex_do_wait
4924497540929870,3126839,qlever-server-d,R,525,2,5277732060,12133337,185,3,0
4924497540929870,0,__system__,-,1024798858,7867825107,0,0,0,-1,-
4924497560136435,3125313,qlever-server-d,S,925,1653,25796536701,16526421,786,9,futex_do_wait
4924497560136435,3125317,qlever-server-d,S,0,0,3508542,0,30,7,futex_do_wait
4924497560136435,3126029,qlever-server-d,R,2331,10,23420255082,15818847,231,2,0
4924497560136435,3126030,qlever-server-d,R,2334,10,23448562738,9571866,220,8,0
4924497560136435,3126031,qlever-server-d,S,0,0,19980,0,1,11,futex_do_wait
4924497560136435,3126032,qlever-server-d,S,0,0,127190,0,4,0,ep_poll
4924497560136435,3126033,qlever-server-d,S,0,0,522531,0,8,8,futex_do_wait
4924497560136435,3126034,qlever-server-d,S,5,42,478510817,71231670,2403,4,ep_poll
4924497560136435,3126035,qlever-server-d,S,3,27,311200590,92719621,2913,15,futex_do_wait
4924497560136435,3126838,qlever-server-d,S,0,0,4659823,6756093,137,4,futex_do_wait
4924497560136435,3126839,qlever-server-d,R,527,2,5296734951,12133337,185,3,0
4924497560136435,0,__system__,-,1024798876,7867825138,0,0,0,-1,-
4924497580141125,3125313,qlever-server-d,S,925,1653,25796536701,16526421,786,9,futex_do_wait
4924497580141125,3125317,qlever-server-d,S,0,0,3508542,0,30,7,futex_do_wait
4924497580141125,3126029,qlever-server-d,R,2333,10,23440255003,15818847,231,2,0
4924497580141125,3126030,qlever-server-d,R,2336,10,23468562029,9571866,220,8,0
4924497580141125,3126031,qlever-server-d,S,0,0,19980,0,1,11,futex_do_wait
4924497580141125,3126032,qlever-server-d,S,0,0,127190,0,4,0,ep_poll
4924497580141125,3126033,qlever-server-d,S,0,0,522531,0,8,8,futex_do_wait
4924497580141125,3126034,qlever-server-d,S,5,42,478579627,71231670,2406,7,ep_poll
4924497580141125,3126035,qlever-server-d,S,3,27,311806840,92725811,2914,15,futex_do_wait
4924497580141125,3126838,qlever-server-d,S,0,0,4659823,6756093,137,4,futex_do_wait
4924497580141125,3126839,qlever-server-d,R,529,2,5316733252,12133337,185,3,0
4924497580141125,0,__system__,-,1024798894,7867825169,0,0,0,-1,-
4924497600131045,3125313,qlever-server-d,S,925,1653,25796536701,16526421,786,9,futex_do_wait
4924497600131045,3125317,qlever-server-d,S,0,0,3508542,0,30,7,futex_do_wait
4924497600131045,3126029,qlever-server-d,R,2335,10,23460256844,15818847,231,2,0
4924497600131045,3126030,qlever-server-d,R,2338,10,23488562360,9571866,220,8,0
4924497600131045,3126031,qlever-server-d,S,0,0,19980,0,1,11,futex_do_wait
4924497600131045,3126032,qlever-server-d,S,0,0,127190,0,4,0,ep_poll
4924497600131045,3126033,qlever-server-d,S,0,0,522531,0,8,8,futex_do_wait
4924497600131045,3126034,qlever-server-d,S,5,42,478654907,71231670,2410,6,ep_poll
4924497600131045,3126035,qlever-server-d,S,3,27,312639081,92725811,2915,15,futex_do_wait
4924497600131045,3126838,qlever-server-d,S,0,0,4704823,6756093,138,4,futex_do_wait
4924497600131045,3126839,qlever-server-d,R,531,2,5336733943,12133337,185,3,0
4924497600131045,0,__system__,-,1024798913,7867825200,0,0,0,-1,-
4924497620151694,3125313,qlever-server-d,S,925,1653,25796536701,16526421,786,9,futex_do_wait
4924497620151694,3125317,qlever-server-d,S,0,0,3508542,0,30,7,futex_do_wait
4924497620151694,3126029,qlever-server-d,R,2337,10,23480256485,15818847,231,2,0
4924497620151694,3126030,qlever-server-d,R,2340,10,23508563801,9571866,220,8,0
4924497620151694,3126031,qlever-server-d,S,0,0,19980,0,1,11,futex_do_wait
4924497620151694,3126032,qlever-server-d,S,0,0,127190,0,4,0,ep_poll
4924497620151694,3126033,qlever-server-d,S,0,0,522531,0,8,8,futex_do_wait
4924497620151694,3126034,qlever-server-d,S,5,42,478712547,71393900,2413,4,ep_poll
4924497620151694,3126035,qlever-server-d,S,3,27,313263791,92725811,2916,15,futex_do_wait
4924497620151694,3126838,qlever-server-d,S,0,0,4704823,6756093,138,4,futex_do_wait
4924497620151694,3126839,qlever-server-d,R,533,2,5356734904,12133337,185,3,0
4924497620151694,0,__system__,-,1024798933,7867825233,0,0,0,-1,-
4924497640130465,3125313,qlever-server-d,S,925,1653,25796536701,16526421,786,9,futex_do_wait
4924497640130465,3125317,qlever-server-d,S,0,0,3508542,0,30,7,futex_do_wait
4924497640130465,3126029,qlever-server-d,R,2339,10,23500257366,15818847,231,2,0
4924497640130465,3126030,qlever-server-d,R,2342,10,23528565752,9571866,220,8,0
4924497640130465,3126031,qlever-server-d,S,0,0,19980,0,1,11,futex_do_wait
4924497640130465,3126032,qlever-server-d,S,0,0,127190,0,4,0,ep_poll
4924497640130465,3126033,qlever-server-d,S,0,0,522531,0,8,8,futex_do_wait
4924497640130465,3126034,qlever-server-d,S,5,42,478783127,71393900,2416,14,ep_poll
4924497640130465,3126035,qlever-server-d,S,3,27,313905942,92725811,2917,5,futex_do_wait
4924497640130465,3126838,qlever-server-d,S,0,0,4739824,6756093,139,4,futex_do_wait
4924497640130465,3126839,qlever-server-d,R,535,2,5376736005,12133337,185,3,0
4924497640130465,0,__system__,-,1024798951,7867825263,0,0,0,-1,-
4924497660140874,3125313,qlever-server-d,S,925,1653,25796536701,16526421,786,9,futex_do_wait
4924497660140874,3125317,qlever-server-d,S,0,0,3508542,0,30,7,futex_do_wait
4924497660140874,3126029,qlever-server-d,R,2341,10,23520256387,15818847,231,2,0
4924497660140874,3126030,qlever-server-d,R,2343,10,23548564553,9571866,220,8,0
4924497660140874,3126031,qlever-server-d,S,0,0,19980,0,1,11,futex_do_wait
4924497660140874,3126032,qlever-server-d,S,0,0,127190,0,4,0,ep_poll
4924497660140874,3126033,qlever-server-d,S,0,0,522531,0,8,8,futex_do_wait
4924497660140874,3126034,qlever-server-d,S,5,42,478839557,71393900,2419,4,ep_poll
4924497660140874,3126035,qlever-server-d,S,3,27,314560742,92725811,2918,6,futex_do_wait
4924497660140874,3126838,qlever-server-d,S,0,0,4739824,6756093,139,4,futex_do_wait
4924497660140874,3126839,qlever-server-d,R,537,2,5396734946,12133337,185,3,0
4924497660140874,0,__system__,-,1024798970,7867825296,0,0,0,-1,-
4924497680141374,3125313,qlever-server-d,S,925,1653,25796536701,16526421,786,9,futex_do_wait
4924497680141374,3125317,qlever-server-d,S,0,0,3508542,0,30,7,futex_do_wait
4924497680141374,3126029,qlever-server-d,R,2343,10,23540255968,15818847,231,2,0
4924497680141374,3126030,qlever-server-d,R,2345,10,23568536984,9600046,221,8,0
4924497680141374,3126031,qlever-server-d,S,0,0,19980,0,1,11,futex_do_wait
4924497680141374,3126032,qlever-server-d,S,0,0,127190,0,4,0,ep_poll
4924497680141374,3126033,qlever-server-d,S,0,0,522531,0,8,8,futex_do_wait
4924497680141374,3126034,qlever-server-d,S,5,42,478896517,71393900,2422,7,ep_poll
4924497680141374,3126035,qlever-server-d,S,3,27,315228483,92725811,2919,6,futex_do_wait
4924497680141374,3126838,qlever-server-d,S,0,0,4739824,6756093,139,4,futex_do_wait
4924497680141374,3126839,qlever-server-d,R,539,2,5416734787,12133337,185,3,0
4924497680141374,0,__system__,-,1024798988,7867825327,0,0,0,-1,-
4924497700143644,3125313,qlever-server-d,S,925,1653,25796536701,16526421,786,9,futex_do_wait
4924497700143644,3125317,qlever-server-d,S,0,0,3508542,0,30,7,futex_do_wait
4924497700143644,3126029,qlever-server-d,R,2345,10,23560256299,15818847,231,2,0
4924497700143644,3126030,qlever-server-d,R,2347,10,23588535585,9600046,221,8,0
4924497700143644,3126031,qlever-server-d,S,0,0,19980,0,1,11,futex_do_wait
4924497700143644,3126032,qlever-server-d,S,0,0,127190,0,4,0,ep_poll
4924497700143644,3126033,qlever-server-d,S,0,0,522531,0,8,8,futex_do_wait
4924497700143644,3126034,qlever-server-d,S,5,42,478960787,71393900,2425,15,ep_poll
4924497700143644,3126035,qlever-server-d,S,3,27,315899394,92725811,2920,6,futex_do_wait
4924497700143644,3126838,qlever-server-d,S,0,0,4777004,6756093,140,4,futex_do_wait
4924497700143644,3126839,qlever-server-d,R,541,2,5436735388,12133337,185,3,0
4924497700143644,0,__system__,-,1024799007,7867825360,0,0,0,-1,-
4924497720137734,3125313,qlever-server-d,S,925,1653,25796536701,16526421,786,9,futex_do_wait
4924497720137734,3125317,qlever-server-d,S,0,0,3508542,0,30,7,futex_do_wait
4924497720137734,3126029,qlever-server-d,R,2347,10,23580257310,15818847,231,2,0
4924497720137734,3126030,qlever-server-d,R,2349,10,23608536916,9600046,221,8,0
4924497720137734,3126031,qlever-server-d,S,0,0,19980,0,1,11,futex_do_wait
4924497720137734,3126032,qlever-server-d,S,0,0,127190,0,4,0,ep_poll
4924497720137734,3126033,qlever-server-d,S,0,0,522531,0,8,8,futex_do_wait
4924497720137734,3126034,qlever-server-d,S,5,42,479030357,71393900,2428,5,ep_poll
4924497720137734,3126035,qlever-server-d,S,3,27,316521995,92725811,2921,6,futex_do_wait
4924497720137734,3126838,qlever-server-d,S,0,0,4777004,6756093,140,4,futex_do_wait
4924497720137734,3126839,qlever-server-d,R,543,2,5456735159,12133337,185,3,0
4924497720137734,0,__system__,-,1024799027,7867825392,0,0,0,-1,-
4924497740143654,3125313,qlever-server-d,S,925,1653,25796536701,16526421,786,9,futex_do_wait
4924497740143654,3125317,qlever-server-d,S,0,0,3508542,0,30,7,futex_do_wait
4924497740143654,3126029,qlever-server-d,R,2349,10,23600256652,15818847,231,2,0
4924497740143654,3126030,qlever-server-d,R,2351,10,23628536288,9600046,221,8,0
4924497740143654,3126031,qlever-server-d,S,0,0,19980,0,1,11,futex_do_wait
4924497740143654,3126032,qlever-server-d,S,0,0,127190,0,4,0,ep_poll
4924497740143654,3126033,qlever-server-d,S,0,0,522531,0,8,8,futex_do_wait
4924497740143654,3126034,qlever-server-d,S,5,42,479078387,71393900,2431,13,ep_poll
4924497740143654,3126035,qlever-server-d,S,3,27,317130555,92725811,2922,6,futex_do_wait
4924497740143654,3126838,qlever-server-d,S,0,0,4815384,6756093,141,15,futex_do_wait
4924497740143654,3126839,qlever-server-d,R,545,2,5476734451,12133337,185,3,0
4924497740143654,0,__system__,-,1024799047,7867825424,0,0,0,-1,-
4924497760142933,3125313,qlever-server-d,S,925,1653,25796536701,16526421,786,9,futex_do_wait
4924497760142933,3125317,qlever-server-d,S,0,0,3508542,0,30,7,futex_do_wait
4924497760142933,3126029,qlever-server-d,R,2351,10,23620256593,15818847,231,2,0
4924497760142933,3126030,qlever-server-d,R,2353,10,23648536759,9600046,221,8,0
4924497760142933,3126031,qlever-server-d,S,0,0,19980,0,1,11,futex_do_wait
4924497760142933,3126032,qlever-server-d,S,0,0,127190,0,4,0,ep_poll
4924497760142933,3126033,qlever-server-d,S,0,0,522531,0,8,8,futex_do_wait
4924497760142933,3126034,qlever-server-d,S,5,42,479123397,71393900,2434,14,ep_poll
4924497760142933,3126035,qlever-server-d,S,3,27,317751045,92725811,2923,5,futex_do_wait
4924497760142933,3126838,qlever-server-d,S,0,0,4815384,6756093,141,15,futex_do_wait
4924497760142933,3126839,qlever-server-d,R,547,2,5497590602,12133337,185,3,0
4924497760142933,0,__system__,-,1024799064,7867825454,0,0,0,-1,-
4924497780134403,3125313,qlever-server-d,S,925,1653,25796536701,16526421,786,9,futex_do_wait
4924497780134403,3125317,qlever-server-d,S,0,0,3508542,0,30,7,futex_do_wait
4924497780134403,3126029,qlever-server-d,R,2353,10,23640257384,15818847,231,2,0
4924497780134403,3126030,qlever-server-d,R,2355,10,23668535160,9600046,221,8,0
4924497780134403,3126031,qlever-server-d,S,0,0,19980,0,1,11,futex_do_wait
4924497780134403,3126032,qlever-server-d,S,0,0,127190,0,4,0,ep_poll
4924497780134403,3126033,qlever-server-d,S,0,0,522531,0,8,8,futex_do_wait
4924497780134403,3126034,qlever-server-d,S,5,42,479265578,71393900,2442,15,ep_poll
4924497780134403,3126035,qlever-server-d,S,4,27,319376917,92725811,2925,5,futex_do_wait
4924497780134403,3126838,qlever-server-d,S,0,0,4815384,6756093,141,15,futex_do_wait
4924497780134403,3126839,qlever-server-d,R,549,2,5516733503,12133337,185,3,0
4924497780134403,0,__system__,-,1024799084,7867825488,0,0,0,-1,-
4924497800145463,3125313,qlever-server-d,S,925,1653,25796536701,16526421,786,9,futex_do_wait
4924497800145463,3125317,qlever-server-d,S,0,0,3508542,0,30,7,futex_do_wait
4924497800145463,3126029,qlever-server-d,R,2355,10,23660257055,15818847,231,2,0
4924497800145463,3126030,qlever-server-d,R,2357,10,23688537521,9600046,221,8,0
4924497800145463,3126031,qlever-server-d,S,0,0,19980,0,1,11,futex_do_wait
4924497800145463,3126032,qlever-server-d,S,0,0,127190,0,4,0,ep_poll
4924497800145463,3126033,qlever-server-d,S,0,0,522531,0,8,8,futex_do_wait
4924497800145463,3126034,qlever-server-d,S,5,42,479325588,71393900,2445,13,ep_poll
4924497800145463,3126035,qlever-server-d,S,4,27,319993157,92725811,2926,5,futex_do_wait
4924497800145463,3126838,qlever-server-d,S,0,0,4857944,6756093,142,15,futex_do_wait
4924497800145463,3126839,qlever-server-d,R,551,2,5536713284,12155407,186,3,0
4924497800145463,0,__system__,-,1024799101,7867825518,0,0,0,-1,-
4924497820148653,3125313,qlever-server-d,S,925,1653,25796536701,16526421,786,9,futex_do_wait
4924497820148653,3125317,qlever-server-d,S,0,0,3508542,0,30,7,futex_do_wait
4924497820148653,3126029,qlever-server-d,R,2357,10,23680256806,15818847,231,2,0
4924497820148653,3126030,qlever-server-d,R,2359,10,23708483162,9652926,222,8,0
4924497820148653,3126031,qlever-server-d,S,0,0,19980,0,1,11,futex_do_wait
4924497820148653,3126032,qlever-server-d,S,0,0,127190,0,4,0,ep_poll
4924497820148653,3126033,qlever-server-d,S,0,0,522531,0,8,8,futex_do_wait
4924497820148653,3126034,qlever-server-d,S,5,42,479375858,71393900,2448,7,ep_poll
4924497820148653,3126035,qlever-server-d,S,4,28,320671468,92725811,2927,5,futex_do_wait
4924497820148653,3126838,qlever-server-d,S,0,0,4857944,6756093,142,15,futex_do_wait
4924497820148653,3126839,qlever-server-d,R,553,2,5556713835,12155407,186,3,0
4924497820148653,0,__system__,-,1024799119,7867825549,0,0,0,-1,-
4924497840138393,3125313,qlever-server-d,S,925,1653,25796536701,16526421,786,9,futex_do_wait
4924497840138393,3125317,qlever-server-d,S,0,0,3508542,0,30,7,futex_do_wait
4924497840138393,3126029,qlever-server-d,R,2359,10,23700258857,15818847,231,2,0
4924497840138393,3126030,qlever-server-d,R,2361,10,23728486403,9652926,222,8,0
4924497840138393,3126031,qlever-server-d,S,0,0,19980,0,1,11,futex_do_wait
4924497840138393,3126032,qlever-server-d,S,0,0,127190,0,4,0,ep_poll
4924497840138393,3126033,qlever-server-d,S,0,0,522531,0,8,8,futex_do_wait
4924497840138393,3126034,qlever-server-d,S,5,42,479436838,71716530,2451,15,ep_poll
4924497840138393,3126035,qlever-server-d,S,4,28,321304989,92725811,2928,13,futex_do_wait
4924497840138393,3126838,qlever-server-d,S,0,0,4901594,6756093,143,4,futex_do_wait
4924497840138393,3126839,qlever-server-d,R,555,2,5576714326,12155407,186,3,0
4924497840138393,0,__system__,-,1024799139,7867825582,0,0,0,-1,-
4924497860134173,3125313,qlever-server-d,S,925,1653,25796536701,16526421,786,9,futex_do_wait
4924497860134173,3125317,qlever-server-d,S,0,0,3508542,0,30,7,futex_do_wait
4924497860134173,3126029,qlever-server-d,R,2361,10,23720257358,15818847,231,2,0
4924497860134173,3126030,qlever-server-d,R,2363,10,23748483924,9652926,222,8,0
4924497860134173,3126031,qlever-server-d,S,0,0,19980,0,1,11,futex_do_wait
4924497860134173,3126032,qlever-server-d,S,0,0,127190,0,4,0,ep_poll
4924497860134173,3126033,qlever-server-d,S,0,0,522531,0,8,8,futex_do_wait
4924497860134173,3126034,qlever-server-d,S,5,42,479494718,71716530,2454,5,ep_poll
4924497860134173,3126035,qlever-server-d,S,4,28,321872499,92725811,2929,13,futex_do_wait
4924497860134173,3126838,qlever-server-d,S,0,0,4901594,6756093,143,4,futex_do_wait
4924497860134173,3126839,qlever-server-d,R,557,2,5596712837,12155407,186,3,0
4924497860134173,0,__system__,-,1024799159,7867825614,0,0,0,-1,-
4924497880149422,3125313,qlever-server-d,S,925,1653,25796536701,16526421,786,9,futex_do_wait
4924497880149422,3125317,qlever-server-d,S,0,0,3508542,0,30,7,futex_do_wait
4924497880149422,3126029,qlever-server-d,R,2363,10,23740257659,15818847,231,2,0
4924497880149422,3126030,qlever-server-d,R,2365,10,23768484815,9652926,222,8,0
4924497880149422,3126031,qlever-server-d,S,0,0,19980,0,1,11,futex_do_wait
4924497880149422,3126032,qlever-server-d,S,0,0,127190,0,4,0,ep_poll
4924497880149422,3126033,qlever-server-d,S,0,0,522531,0,8,8,futex_do_wait
4924497880149422,3126034,qlever-server-d,S,5,42,479545628,71716530,2457,5,ep_poll
4924497880149422,3126035,qlever-server-d,S,4,28,322475349,92725811,2930,13,futex_do_wait
4924497880149422,3126838,qlever-server-d,S,0,0,4901594,6756093,143,4,futex_do_wait
4924497880149422,3126839,qlever-server-d,R,559,2,5616685938,12184337,187,3,0
4924497880149422,0,__system__,-,1024799178,7867825646,0,0,0,-1,-
4924497900138562,3125313,qlever-server-d,S,925,1653,25796536701,16526421,786,9,futex_do_wait
4924497900138562,3125317,qlever-server-d,S,0,0,3508542,0,30,7,futex_do_wait
4924497900138562,3126029,qlever-server-d,R,2365,10,23760258490,15818847,231,2,0
4924497900138562,3126030,qlever-server-d,R,2367,10,23788485356,9652926,222,8,0
4924497900138562,3126031,qlever-server-d,S,0,0,19980,0,1,11,futex_do_wait
4924497900138562,3126032,qlever-server-d,S,0,0,127190,0,4,0,ep_poll
4924497900138562,3126033,qlever-server-d,S,0,0,522531,0,8,8,futex_do_wait
4924497900138562,3126034,qlever-server-d,S,5,42,479614658,71716530,2460,14,ep_poll
4924497900138562,3126035,qlever-server-d,S,4,28,323095610,92725811,2931,5,futex_do_wait
4924497900138562,3126838,qlever-server-d,S,0,0,4944664,6756093,144,4,futex_do_wait
4924497900138562,3126839,qlever-server-d,R,561,2,5636684909,12184337,187,3,0
4924497900138562,0,__system__,-,1024799196,7867825678,0,0,0,-1,-
4924497920140372,3125313,qlever-server-d,S,925,1653,25796536701,16526421,786,9,futex_do_wait
4924497920140372,3125317,qlever-server-d,S,0,0,3508542,0,30,7,futex_do_wait
4924497920140372,3126029,qlever-server-d,R,2367,10,23780258642,15818847,231,2,0
4924497920140372,3126030,qlever-server-d,R,2369,10,23808485098,9652926,222,8,0
4924497920140372,3126031,qlever-server-d,S,0,0,19980,0,1,11,futex_do_wait
4924497920140372,3126032,qlever-server-d,S,0,0,127190,0,4,0,ep_poll
4924497920140372,3126033,qlever-server-d,S,0,0,522531,0,8,8,futex_do_wait
4924497920140372,3126034,qlever-server-d,S,5,42,479673268,71729290,2463,5,ep_poll
4924497920140372,3126035,qlever-server-d,S,4,28,323754960,92725811,2932,5,futex_do_wait
4924497920140372,3126838,qlever-server-d,S,0,0,4944664,6756093,144,4,futex_do_wait
4924497920140372,3126839,qlever-server-d,R,563,2,5656685341,12184337,187,3,0
4924497920140372,0,__system__,-,1024799213,7867825708,0,0,0,-1,-
4924497940143462,3125313,qlever-server-d,S,925,1653,25796536701,16526421,786,9,futex_do_wait
4924497940143462,3125317,qlever-server-d,S,0,0,3508542,0,30,7,futex_do_wait
4924497940143462,3126029,qlever-server-d,R,2369,10,23800257993,15818847,231,2,0
4924497940143462,3126030,qlever-server-d,R,2371,10,23828451929,9685416,223,8,0
4924497940143462,3126031,qlever-server-d,S,0,0,19980,0,1,11,futex_do_wait
4924497940143462,3126032,qlever-server-d,S,0,0,127190,0,4,0,ep_poll
4924497940143462,3126033,qlever-server-d,S,0,0,522531,0,8,8,futex_do_wait
4924497940143462,3126034,qlever-server-d,S,5,42,479742178,71729290,2467,7,ep_poll
4924497940143462,3126035,qlever-server-d,S,4,28,324608480,92725811,2933,13,futex_do_wait
4924497940143462,3126838,qlever-server-d,S,0,0,4988164,6756093,145,4,futex_do_wait
4924497940143462,3126839,qlever-server-d,R,565,2,5676684772,12184337,187,3,0
4924497940143462,0,__system__,-,1024799232,7867825740,0,0,0,-1,-
4924497960152232,3125313,qlever-server-d,S,925,1653,25796536701,16526421,786,9,futex_do_wait
4924497960152232,3125317,qlever-server-d,S,0,0,3508542,0,30,7,futex_do_wait
4924497960152232,3126029,qlever-server-d,R,2371,10,23820257454,15818847,231,2,0
4924497960152232,3126030,qlever-server-d,R,2373,10,23848452580,9685416,223,8,0
4924497960152232,3126031,qlever-server-d,S,0,0,19980,0,1,11,futex_do_wait
4924497960152232,3126032,qlever-server-d,S,0,0,127190,0,4,0,ep_poll
4924497960152232,3126033,qlever-server-d,S,0,0,522531,0,8,8,futex_do_wait
4924497960152232,3126034,qlever-server-d,S,5,42,479761968,72038860,2468,6,ep_poll
4924497960152232,3126035,qlever-server-d,S,4,28,325212830,92725811,2934,6,futex_do_wait
4924497960152232,3126838,qlever-server-d,S,0,0,4988164,6756093,145,4,futex_do_wait
4924497960152232,3126839,qlever-server-d,R,567,2,5696685163,12184337,187,3,0
4924497960152232,0,__system__,-,1024799251,7867825773,0,0,0,-1,-
4924497980142971,3125313,qlever-server-d,S,925,1653,25796536701,16526421,786,9,futex_do_wait
4924497980142971,3125317,qlever-server-d,S,0,0,3508542,0,30,7,futex_do_wait
4924497980142971,3126029,qlever-server-d,R,2373,10,23840258805,15818847,231,2,0
4924497980142971,3126030,qlever-server-d,R,2375,10,23868453071,9685416,223,8,0
4924497980142971,3126031,qlever-server-d,S,0,0,19980,0,1,11,futex_do_wait
4924497980142971,3126032,qlever-server-d,S,0,0,127190,0,4,0,ep_poll
4924497980142971,3126033,qlever-server-d,S,0,0,522531,0,8,8,futex_do_wait
4924497980142971,3126034,qlever-server-d,S,5,42,479822188,72038860,2471,15,ep_poll
4924497980142971,3126035,qlever-server-d,S,4,28,325841170,92725811,2935,6,futex_do_wait
4924497980142971,3126838,qlever-server-d,S,0,0,4988164,6756093,145,4,futex_do_wait
4924497980142971,3126839,qlever-server-d,R,569,2,5716688474,12184337,187,3,0
4924497980142971,0,__system__,-,1024799271,7867825804,0,0,0,-1,-
4924498000151931,3125313,qlever-server-d,S,925,1653,25796536701,16526421,786,9,futex_do_wait
4924498000151931,3125317,qlever-server-d,S,0,0,3508542,0,30,7,futex_do_wait
4924498000151931,3126029,qlever-server-d,R,2375,10,23860260056,15818847,231,2,0
4924498000151931,3126030,qlever-server-d,R,2377,10,23888433892,9701036,224,0,0
4924498000151931,3126031,qlever-server-d,S,0,0,19980,0,1,11,futex_do_wait
4924498000151931,3126032,qlever-server-d,S,0,0,127190,0,4,0,ep_poll
4924498000151931,3126033,qlever-server-d,S,0,0,522531,0,8,8,futex_do_wait
4924498000151931,3126034,qlever-server-d,S,5,42,479882559,72038860,2474,15,ep_poll
4924498000151931,3126035,qlever-server-d,S,4,28,326503501,92725811,2936,13,futex_do_wait
4924498000151931,3126838,qlever-server-d,S,0,0,5049024,6771073,147,7,futex_do_wait
4924498000151931,3126839,qlever-server-d,R,571,2,5736686845,12184337,187,3,0
4924498000151931,0,__system__,-,1024799289,7867825835,0,0,0,-1,-
4924498020134071,3125313,qlever-server-d,S,925,1653,25796536701,16526421,786,9,futex_do_wait
4924498020134071,3125317,qlever-server-d,S,0,0,3508542,0,30,7,futex_do_wait
4924498020134071,3126029,qlever-server-d,R,2377,10,23880258947,15818847,231,2,0
4924498020134071,3126030,qlever-server-d,R,2379,10,23908433033,9701036,224,0,0
4924498020134071,3126031,qlever-server-d,S,0,0,19980,0,1,11,futex_do_wait
4924498020134071,3126032,qlever-server-d,S,0,0,127190,0,4,0,ep_poll
4924498020134071,3126033,qlever-server-d,S,0,0,522531,0,8,8,futex_do_wait
4924498020134071,3126034,qlever-server-d,S,5,42,479978829,72038860,2480,13,ep_poll
4924498020134071,3126035,qlever-server-d,S,4,28,327783351,92725811,2938,6,futex_do_wait
4924498020134071,3126838,qlever-server-d,S,0,0,5049024,6771073,147,7,futex_do_wait
4924498020134071,3126839,qlever-server-d,R,573,2,5756684756,12184337,187,3,0
4924498020134071,0,__system__,-,1024799308,7867825868,0,0,0,-1,-
4924498040128721,3125313,qlever-server-d,S,925,1653,25796536701,16526421,786,9,futex_do_wait
4924498040128721,3125317,qlever-server-d,S,0,0,3508542,0,30,7,futex_do_wait
4924498040128721,3126029,qlever-server-d,R,2379,10,23900261598,15818847,231,2,0
4924498040128721,3126030,qlever-server-d,R,2381,10,23928433324,9701036,224,0,0
4924498040128721,3126031,qlever-server-d,S,0,0,19980,0,1,11,futex_do_wait
4924498040128721,3126032,qlever-server-d,S,0,0,127190,0,4,0,ep_poll
4924498040128721,3126033,qlever-server-d,S,0,0,522531,0,8,8,futex_do_wait
4924498040128721,3126034,qlever-server-d,S,5,42,480055869,72038860,2484,4,ep_poll
4924498040128721,3126035,qlever-server-d,S,4,28,328522951,92725811,2939,6,futex_do_wait
4924498040128721,3126838,qlever-server-d,S,0,0,5079274,6771073,148,14,futex_do_wait
4924498040128721,3126839,qlever-server-d,R,575,2,5776686827,12184337,187,3,0
4924498040128721,0,__system__,-,1024799326,7867825899,0,0,0,-1,-
4924498060138751,3125313,qlever-server-d,S,925,1653,25796536701,16526421,786,9,futex_do_wait
4924498060138751,3125317,qlever-server-d,S,0,0,3508542,0,30,7,futex_do_wait
4924498060138751,3126029,qlever-server-d,R,2381,10,23920259359,15818847,231,2,0
4924498060138751,3126030,qlever-server-d,R,2383,10,23948432985,9701036,224,0,0
4924498060138751,3126031,qlever-server-d,S,0,0,19980,0,1,11,futex_do_wait
4924498060138751,3126032,qlever-server-d,S,0,0,127190,0,4,0,ep_poll
4924498060138751,3126033,qlever-server-d,S,0,0,522531,0,8,8,futex_do_wait
4924498060138751,3126034,qlever-server-d,S,5,42,480117159,72038860,2487,4,ep_poll
4924498060138751,3126035,qlever-server-d,S,4,28,329126461,92725811,2940,15,futex_do_wait
4924498060138751,3126838,qlever-server-d,S,0,0,5079274,6771073,148,14,futex_do_wait
4924498060138751,3126839,qlever-server-d,R,577,2,5796685918,12184337,187,3,0
4924498060138751,0,__system__,-,1024799346,7867825933,0,0,0,-1,-
4924498080137251,3125313,qlever-server-d,S,925,1653,25796536701,16526421,786,9,futex_do_wait
4924498080137251,3125317,qlever-server-d,S,0,0,3508542,0,30,7,futex_do_wait
4924498080137251,3126029,qlever-server-d,R,2383,10,23940259670,15818847,231,2,0
4924498080137251,3126030,qlever-server-d,R,2385,10,23968432966,9701036,224,0,0
4924498080137251,3126031,qlever-server-d,S,0,0,19980,0,1,11,futex_do_wait
4924498080137251,3126032,qlever-server-d,S,0,0,127190,0,4,0,ep_poll
4924498080137251,3126033,qlever-server-d,S,0,0,522531,0,8,8,futex_do_wait
4924498080137251,3126034,qlever-server-d,S,5,42,480173539,72038860,2490,4,ep_poll
4924498080137251,3126035,qlever-server-d,S,4,28,329743402,92725811,2941,15,futex_do_wait
4924498080137251,3126838,qlever-server-d,S,0,0,5079274,6771073,148,14,futex_do_wait
4924498080137251,3126839,qlever-server-d,R,579,2,5816685939,12184337,187,3,0
4924498080137251,0,__system__,-,1024799364,7867825964,0,0,0,-1,-
4924498100136080,3125313,qlever-server-d,S,925,1653,25796536701,16526421,786,9,futex_do_wait
4924498100136080,3125317,qlever-server-d,S,0,0,3508542,0,30,7,futex_do_wait
4924498100136080,3126029,qlever-server-d,R,2385,10,23960260412,15818847,231,2,0
4924498100136080,3126030,qlever-server-d,R,2387,10,23988433778,9701036,224,0,0
4924498100136080,3126031,qlever-server-d,S,0,0,19980,0,1,11,futex_do_wait
4924498100136080,3126032,qlever-server-d,S,0,0,127190,0,4,0,ep_poll
4924498100136080,3126033,qlever-server-d,S,0,0,522531,0,8,8,futex_do_wait
4924498100136080,3126034,qlever-server-d,S,5,42,480232719,72038860,2493,7,ep_poll
4924498100136080,3126035,qlever-server-d,S,4,29,330351382,92725811,2942,6,futex_do_wait
4924498100136080,3126838,qlever-server-d,S,0,0,5116194,6771073,149,7,futex_do_wait
4924498100136080,3126839,qlever-server-d,R,581,2,5836687421,12184337,187,3,0
4924498100136080,0,__system__,-,1024799384,7867825996,0,0,0,-1,-
4924498120140280,3125313,qlever-server-d,S,925,1653,25796536701,16526421,786,9,futex_do_wait
4924498120140280,3125317,qlever-server-d,S,0,0,3508542,0,30,7,futex_do_wait
4924498120140280,3126029,qlever-server-d,R,2387,10,23979507283,16568447,232,7,0
4924498120140280,3126030,qlever-server-d,R,2389,10,24008432459,9701036,224,0,0
4924498120140280,3126031,qlever-server-d,S,0,0,19980,0,1,11,futex_do_wait
4924498120140280,3126032,qlever-server-d,S,0,0,127190,0,4,0,ep_poll
4924498120140280,3126033,qlever-server-d,S,0,0,522531,0,8,8,futex_do_wait
4924498120140280,3126034,qlever-server-d,S,5,42,480286959,72038860,2496,4,ep_poll
4924498120140280,3126035,qlever-server-d,S,4,29,330973742,92725811,2943,6,futex_do_wait
4924498120140280,3126838,qlever-server-d,S,0,0,5116194,6771073,149,7,futex_do_wait
4924498120140280,3126839,qlever-server-d,R,583,2,5856509062,12365037,188,3,0
4924498120140280,0,__system__,-,1024799403,7867826027,0,0,0,-1,-
4924498140149330,3125313,qlever-server-d,S,925,1653,25796536701,16526421,786,9,futex_do_wait
4924498140149330,3125317,qlever-server-d,S,0,0,3508542,0,30,7,futex_do_wait
4924498140149330,3126029,qlever-server-d,R,2389,10,23999506664,16568447,232,7,0
4924498140149330,3126030,qlever-server-d,R,2391,10,24028432930,9701036,224,0,0
4924498140149330,3126031,qlever-server-d,S,0,0,19980,0,1,11,futex_do_wait
4924498140149330,3126032,qlever-server-d,S,0,0,127190,0,4,0,ep_poll
4924498140149330,3126033,qlever-server-d,S,0,0,522531,0,8,8,futex_do_wait
4924498140149330,3126034,qlever-server-d,S,5,42,480333419,72038860,2499,15,ep_poll
4924498140149330,3126035,qlever-server-d,S,4,29,331587782,92725811,2944,6,futex_do_wait
4924498140149330,3126838,qlever-server-d,S,0,0,5159224,6771073,150,14,futex_do_wait
4924498140149330,3126839,qlever-server-d,R,585,2,5876462233,12401287,190,3,0
4924498140149330,0,__system__,-,1024799420,7867826058,0,0,0,-1,-
4924498160141810,3125313,qlever-server-d,S,925,1653,25796536701,16526421,786,9,futex_do_wait
4924498160141810,3125317,qlever-server-d,S,0,0,3508542,0,30,7,futex_do_wait
4924498160141810,3126029,qlever-server-d,R,2391,10,24019460145,16606617,234,11,0
4924498160141810,3126030,qlever-server-d,R,2393,10,24048435281,9701036,224,0,0
4924498160141810,3126031,qlever-server-d,S,0,0,19980,0,1,11,futex_do_wait
4924498160141810,3126032,qlever-server-d,S,0,0,127190,0,4,0,ep_poll
4924498160141810,3126033,qlever-server-d,S,0,0,522531,0,8,8,futex_do_wait
4924498160141810,3126034,qlever-server-d,S,5,42,480353529,72385060,2500,13,ep_poll
4924498160141810,3126035,qlever-server-d,S,4,29,332197322,92725811,2945,13,futex_do_wait
4924498160141810,3126838,qlever-server-d,S,0,0,5159224,6771073,150,14,futex_do_wait
4924498160141810,3126839,qlever-server-d,R,587,2,5896399064,12449547,193,2,0
4924498160141810,0,__system__,-,1024799439,7867826091,0,0,0,-1,-
4924498180149520,3125313,qlever-server-d,S,925,1653,25796536701,16526421,786,9,futex_do_wait
4924498180149520,3125317,qlever-server-d,S,0,0,3508542,0,30,7,futex_do_wait
4924498180149520,3126029,qlever-server-d,R,2393,10,24039460336,16606617,234,11,0
4924498180149520,3126030,qlever-server-d,R,2395,10,24068390422,9736476,226,10,0
4924498180149520,3126031,qlever-server-d,S,0,0,19980,0,1,11,futex_do_wait
4924498180149520,3126032,qlever-server-d,S,0,0,127190,0,4,0,ep_poll
4924498180149520,3126033,qlever-server-d,S,0,0,522531,0,8,8,futex_do_wait
4924498180149520,3126034,qlever-server-d,S,5,42,480417979,72385060,2504,15,ep_poll
4924498180149520,3126035,qlever-server-d,S,4,29,332958933,92731731,2946,6,futex_do_wait
4924498180149520,3126838,qlever-server-d,S,0,0,5159224,6771073,150,14,futex_do_wait
4924498180149520,3126839,qlever-server-d,R,589,2,5916379135,12464417,194,0,0
4924498180149520,0,__system__,-,1024799456,7867826121,0,0,0,-1,-
4924498200141839,3125313,qlever-server-d,S,925,1653,25796536701,16526421,786,9,futex_do_wait
4924498200141839,3125317,qlever-server-d,S,0,0,3508542,0,30,7,futex_do_wait
4924498200141839,3126029,qlever-server-d,R,2395,10,24059460347,16606617,234,11,0
4924498200141839,3126030,qlever-server-d,R,2397,10,24088390413,9736476,226,10,0
4924498200141839,3126031,qlever-server-d,S,0,0,19980,0,1,11,futex_do_wait
4924498200141839,3126032,qlever-server-d,S,0,0,127190,0,4,0,ep_poll
4924498200141839,3126033,qlever-server-d,S,0,0,522531,0,8,8,futex_do_wait
4924498200141839,3126034,qlever-server-d,S,5,42,480475799,72385060,2507,15,ep_poll
4924498200141839,3126035,qlever-server-d,S,4,29,333570404,92731731,2947,6,futex_do_wait
4924498200141839,3126838,qlever-server-d,S,0,0,5193544,6771073,151,14,futex_do_wait
4924498200141839,3126839,qlever-server-d,R,591,2,5936349266,12496587,195,0,0
4924498200141839,0,__system__,-,1024799475,7867826153,0,0,0,-1,-
4924498220134819,3125313,qlever-server-d,S,925,1653,25796536701,16526421,786,9,futex_do_wait
4924498220134819,3125317,qlever-server-d,S,0,0,3508542,0,30,7,futex_do_wait
4924498220134819,3126029,qlever-server-d,R,2396,10,24079459648,16606617,234,11,0
4924498220134819,3126030,qlever-server-d,R,2399,10,24108390534,9736476,226,10,0
4924498220134819,3126031,qlever-server-d,S,0,0,19980,0,1,11,futex_do_wait
4924498220134819,3126032,qlever-server-d,S,0,0,127190,0,4,0,ep_poll
4924498220134819,3126033,qlever-server-d,S,0,0,522531,0,8,8,futex_do_wait
4924498220134819,3126034,qlever-server-d,S,5,42,480525889,72385060,2510,7,ep_poll
4924498220134819,3126035,qlever-server-d,S,4,29,334181044,92731731,2948,6,futex_do_wait
4924498220134819,3126838,qlever-server-d,S,0,0,5193544,6771073,151,14,futex_do_wait
4924498220134819,3126839,qlever-server-d,R,593,2,5956346147,12496587,195,0,0
4924498220134819,0,__system__,-,1024799495,7867826186,0,0,0,-1,-
4924498240143149,3125313,qlever-server-d,S,925,1653,25796536701,16526421,786,9,futex_do_wait
4924498240143149,3125317,qlever-server-d,S,0,0,3508542,0,30,7,futex_do_wait
4924498240143149,3126029,qlever-server-d,R,2398,10,24099459799,16606617,234,11,0
4924498240143149,3126030,qlever-server-d,R,2401,10,24128390895,9736476,226,10,0
4924498240143149,3126031,qlever-server-d,S,0,0,19980,0,1,11,futex_do_wait
4924498240143149,3126032,qlever-server-d,S,0,0,127190,0,4,0,ep_poll
4924498240143149,3126033,qlever-server-d,S,0,0,522531,0,8,8,futex_do_wait
4924498240143149,3126034,qlever-server-d,S,5,42,480654400,72385060,2516,5,ep_poll
4924498240143149,3126035,qlever-server-d,S,4,29,335414865,92731731,2950,13,futex_do_wait
4924498240143149,3126838,qlever-server-d,S,0,0,5226684,6771073,152,14,futex_do_wait
4924498240143149,3126839,qlever-server-d,R,595,2,5976346778,12496587,195,0,0
4924498240143149,0,__system__,-,1024799515,7867826218,0,0,0,-1,-
4924498260137699,3125313,qlever-server-d,S,925,1653,25796536701,16526421,786,9,futex_do_wait
4924498260137699,3125317,qlever-server-d,S,0,0,3508542,0,30,7,futex_do_wait
4924498260137699,3126029,qlever-server-d,R,2400,10,24119461200,16606617,234,11,0
4924498260137699,3126030,qlever-server-d,R,2403,10,24148391726,9736476,226,10,0
4924498260137699,3126031,qlever-server-d,S,0,0,19980,0,1,11,futex_do_wait
4924498260137699,3126032,qlever-server-d,S,0,0,127190,0,4,0,ep_poll
4924498260137699,3126033,qlever-server-d,S,0,0,522531,0,8,8,futex_do_wait
4924498260137699,3126034,qlever-server-d,S,5,42,480708200,72385060,2519,15,ep_poll
4924498260137699,3126035,qlever-server-d,S,4,29,336056655,92731731,2951,6,futex_do_wait
4924498260137699,3126838,qlever-server-d,S,0,0,5226684,6771073,152,14,futex_do_wait
4924498260137699,3126839,qlever-server-d,R,597,2,5996347969,12496587,195,0,0
4924498260137699,0,__system__,-,1024799533,7867826249,0,0,0,-1,-
4924498280137779,3125313,qlever-server-d,S,925,1653,25796536701,16526421,786,9,futex_do_wait
4924498280137779,3125317,qlever-server-d,S,0,0,3508542,0,30,7,futex_do_wait
4924498280137779,3126029,qlever-server-d,R,2402,10,24139460242,16606617,234,11,0
4924498280137779,3126030,qlever-server-d,R,2405,10,24168390838,9736476,226,10,0
4924498280137779,3126031,qlever-server-d,S,0,0,19980,0,1,11,futex_do_wait
4924498280137779,3126032,qlever-server-d,S,0,0,127190,0,4,0,ep_poll
4924498280137779,3126033,qlever-server-d,S,0,0,522531,0,8,8,futex_do_wait
4924498280137779,3126034,qlever-server-d,S,5,42,480751360,72385060,2522,5,ep_poll
4924498280137779,3126035,qlever-server-d,S,4,29,336676285,92731731,2952,7,futex_do_wait
4924498280137779,3126838,qlever-server-d,S,0,0,5226684,6771073,152,14,futex_do_wait
4924498280137779,3126839,qlever-server-d,R,599,2,6016346941,12496587,195,0,0
4924498280137779,0,__system__,-,1024799551,7867826281,0,0,0,-1,-
4924498300141618,3125313,qlever-server-d,S,925,1653,25796536701,16526421,786,9,futex_do_wait
4924498300141618,3125317,qlever-server-d,S,0,0,3508542,0,30,7,futex_do_wait
4924498300141618,3126029,qlever-server-d,R,2404,10,24159459443,16606617,234,11,0
4924498300141618,3126030,qlever-server-d,R,2407,10,24188390509,9736476,226,10,0
4924498300141618,3126031,qlever-server-d,S,0,0,19980,0,1,11,futex_do_wait
4924498300141618,3126032,qlever-server-d,S,0,0,127190,0,4,0,ep_poll
4924498300141618,3126033,qlever-server-d,S,0,0,522531,0,8,8,futex_do_wait
4924498300141618,3126034,qlever-server-d,S,5,42,480788550,72385060,2525,5,ep_poll
4924498300141618,3126035,qlever-server-d,S,4,29,337274646,92731731,2953,7,futex_do_wait
4924498300141618,3126838,qlever-server-d,S,0,0,5272514,6771073,153,6,futex_do_wait
4924498300141618,3126839,qlever-server-d,R,601,2,6036346712,12496587,195,0,0
4924498300141618,0,__system__,-,1024799570,7867826313,0,0,0,-1,-
4924498320136268,3125313,qlever-server-d,S,925,1653,25796536701,16526421,786,9,futex_do_wait
4924498320136268,3125317,qlever-server-d,S,0,0,3508542,0,30,7,futex_do_wait
4924498320136268,3126029,qlever-server-d,R,2406,10,24179460784,16606617,234,11,0
4924498320136268,3126030,qlever-server-d,R,2409,10,24208391520,9736476,226,10,0
4924498320136268,3126031,qlever-server-d,S,0,0,19980,0,1,11,futex_do_wait
4924498320136268,3126032,qlever-server-d,S,0,0,127190,0,4,0,ep_poll
4924498320136268,3126033,qlever-server-d,S,0,0,522531,0,8,8,futex_do_wait
4924498320136268,3126034,qlever-server-d,S,5,42,480841040,72385060,2528,14,ep_poll
4924498320136268,3126035,qlever-server-d,S,4,29,337839997,92731731,2954,6,futex_do_wait
4924498320136268,3126838,qlever-server-d,S,0,0,5272514,6771073,153,6,futex_do_wait
4924498320136268,3126839,qlever-server-d,R,603,2,6056348723,12496587,195,0,0
4924498320136268,0,__system__,-,1024799588,7867826344,0,0,0,-1,-
4924498340132968,3125313,qlever-server-d,S,925,1653,25796536701,16526421,786,9,futex_do_wait
4924498340132968,3125317,qlever-server-d,S,0,0,3508542,0,30,7,futex_do_wait
4924498340132968,3126029,qlever-server-d,R,2408,10,24199462485,16606617,234,11,0
4924498340132968,3126030,qlever-server-d,R,2411,10,24228391491,9736476,226,10,0
4924498340132968,3126031,qlever-server-d,S,0,0,19980,0,1,11,futex_do_wait
4924498340132968,3126032,qlever-server-d,S,0,0,127190,0,4,0,ep_poll
4924498340132968,3126033,qlever-server-d,S,0,0,522531,0,8,8,futex_do_wait
4924498340132968,3126034,qlever-server-d,S,5,42,480894360,72385060,2531,14,ep_poll
4924498340132968,3126035,qlever-server-d,S,4,29,338415167,92731731,2955,6,futex_do_wait
4924498340132968,3126838,qlever-server-d,S,0,0,5313674,6771073,154,6,futex_do_wait
4924498340132968,3126839,qlever-server-d,R,605,2,6076349614,12496587,195,0,0
4924498340132968,0,__system__,-,1024799607,7867826376,0,0,0,-1,-
4924498360135328,3125313,qlever-server-d,S,925,1653,25796536701,16526421,786,9,futex_do_wait
4924498360135328,3125317,qlever-server-d,S,0,0,3508542,0,30,7,futex_do_wait
4924498360135328,3126029,qlever-server-d,R,2410,10,24219460416,16606617,234,11,0
4924498360135328,3126030,qlever-server-d,R,2413,10,24248391092,9736476,226,10,0
4924498360135328,3126031,qlever-server-d,S,0,0,19980,0,1,11,futex_do_wait
4924498360135328,3126032,qlever-server-d,S,0,0,127190,0,4,0,ep_poll
4924498360135328,3126033,qlever-server-d,S,0,0,522531,0,8,8,futex_do_wait
4924498360135328,3126034,qlever-server-d,S,5,42,481032040,72385060,2537,13,ep_poll
4924498360135328,3126035,qlever-server-d,S,4,29,339707387,92731731,2957,6,futex_do_wait
4924498360135328,3126838,qlever-server-d,S,0,0,5313674,6771073,154,6,futex_do_wait
4924498360135328,3126839,qlever-server-d,R,607,2,6096347535,12496587,195,0,0
4924498360135328,0,__system__,-,1024799627,7867826408,0,0,0,-1,-
4924498380137978,3125313,qlever-server-d,S,925,1653,25796536701,16526421,786,9,futex_do_wait
4924498380137978,3125317,qlever-server-d,S,0,0,3508542,0,30,7,futex_do_wait
4924498380137978,3126029,qlever-server-d,R,2412,10,24239462077,16606617,234,11,0
4924498380137978,3126030,qlever-server-d,R,2415,10,24268391713,9736476,226,10,0
4924498380137978,3126031,qlever-server-d,S,0,0,19980,0,1,11,futex_do_wait
4924498380137978,3126032,qlever-server-d,S,0,0,127190,0,4,0,ep_poll
4924498380137978,3126033,qlever-server-d,S,0,0,522531,0,8,8,futex_do_wait
4924498380137978,3126034,qlever-server-d,S,5,42,481090390,72385060,2540,5,ep_poll
4924498380137978,3126035,qlever-server-d,S,4,29,340325488,92731731,2958,6,futex_do_wait
4924498380137978,3126838,qlever-server-d,S,0,0,5313674,6771073,154,6,futex_do_wait
4924498380137978,3126839,qlever-server-d,R,609,2,6116328846,12511237,196,8,0
4924498380137978,0,__system__,-,1024799645,7867826439,0,0,0,-1,-
4924498400137168,3125313,qlever-server-d,S,925,1653,25796536701,16526421,786,9,futex_do_wait
4924498400137168,3125317,qlever-server-d,S,0,0,3508542,0,30,7,futex_do_wait
4924498400137168,3126029,qlever-server-d,R,2414,10,24259461738,16606617,234,11,0
4924498400137168,3126030,qlever-server-d,R,2417,10,24288392364,9736476,226,10,0
4924498400137168,3126031,qlever-server-d,S,0,0,19980,0,1,11,futex_do_wait
4924498400137168,3126032,qlever-server-d,S,0,0,127190,0,4,0,ep_poll
4924498400137168,3126033,qlever-server-d,S,0,0,522531,0,8,8,futex_do_wait
4924498400137168,3126034,qlever-server-d,S,5,42,481152320,72402990,2543,14,ep_poll
4924498400137168,3126035,qlever-server-d,S,4,29,341006668,92731731,2959,7,futex_do_wait
4924498400137168,3126838,qlever-server-d,S,0,0,5352784,6771073,155,14,futex_do_wait
4924498400137168,3126839,qlever-server-d,R,611,2,6136327927,12511237,196,8,0
4924498400137168,0,__system__,-,1024799664,7867826471,0,0,0,-1,-
4924498420134348,3125313,qlever-server-d,S,925,1653,25796536701,16526421,786,9,futex_do_wait
4924498420134348,3125317,qlever-server-d,S,0,0,3508542,0,30,7,futex_do_wait
4924498420134348,3126029,qlever-server-d,R,2416,10,24279462729,16606617,234,11,0
4924498420134348,3126030,qlever-server-d,R,2419,10,24308392065,9736476,226,10,0
4924498420134348,3126031,qlever-server-d,S,0,0,19980,0,1,11,futex_do_wait
4924498420134348,3126032,qlever-server-d,S,0,0,127190,0,4,0,ep_poll
4924498420134348,3126033,qlever-server-d,S,0,0,522531,0,8,8,futex_do_wait
4924498420134348,3126034,qlever-server-d,S,5,42,481230070,72402990,2547,15,ep_poll
4924498420134348,3126035,qlever-server-d,S,4,30,341810669,92731731,2960,7,futex_do_wait
4924498420134348,3126838,qlever-server-d,S,0,0,5352784,6771073,155,14,futex_do_wait
4924498420134348,3126839,qlever-server-d,R,613,2,6156328528,12511237,196,8,0
4924498420134348,0,__system__,-,1024799682,7867826503,0,0,0,-1,-
4924498440127047,3125313,qlever-server-d,S,925,1653,25796536701,16526421,786,9,futex_do_wait
4924498440127047,3125317,qlever-server-d,S,0,0,3508542,0,30,7,futex_do_wait
4924498440127047,3126029,qlever-server-d,R,2418,10,24299462860,16606617,234,11,0
4924498440127047,3126030,qlever-server-d,R,2421,10,24328393616,9736476,226,10,0
4924498440127047,3126031,qlever-server-d,S,0,0,19980,0,1,11,futex_do_wait
4924498440127047,3126032,qlever-server-d,S,0,0,127190,0,4,0,ep_poll
4924498440127047,3126033,qlever-server-d,S,0,0,522531,0,8,8,futex_do_wait
4924498440127047,3126034,qlever-server-d,S,5,42,481344500,72402990,2553,4,ep_poll
4924498440127047,3126035,qlever-server-d,S,4,30,343046370,92731731,2962,6,futex_do_wait
4924498440127047,3126838,qlever-server-d,S,0,0,5375274,6771073,156,14,futex_do_wait
4924498440127047,3126839,qlever-server-d,R,615,2,6176328459,12511237,196,8,0
4924498440127047,0,__system__,-,1024799700,7867826534,0,0,0,-1,-
4924498460127847,3125313,qlever-server-d,S,925,1653,25796536701,16526421,786,9,futex_do_wait
4924498460127847,3125317,qlever-server-d,S,0,0,3508542,0,30,7,futex_do_wait
4924498460127847,3126029,qlever-server-d,R,2420,10,24319461232,16606617,234,11,0
4924498460127847,3126030,qlever-server-d,R,2423,10,24348392258,9736476,226,10,0
4924498460127847,3126031,qlever-server-d,S,0,0,19980,0,1,11,futex_do_wait
4924498460127847,3126032,qlever-server-d,S,0,0,127190,0,4,0,ep_poll
4924498460127847,3126033,qlever-server-d,S,0,0,522531,0,8,8,futex_do_wait
4924498460127847,3126034,qlever-server-d,S,5,42,481406550,72402990,2556,5,ep_poll
4924498460127847,3126035,qlever-server-d,S,4,30,343672231,92731731,2963,15,futex_do_wait
4924498460127847,3126838,qlever-server-d,S,0,0,5375274,6771073,156,14,futex_do_wait
4924498460127847,3126839,qlever-server-d,R,617,2,6196327841,12511237,196,8,0
4924498460127847,0,__system__,-,1024799719,7867826566,0,0,0,-1,-
4924498480126097,3125313,qlever-server-d,S,925,1653,25796536701,16526421,786,9,futex_do_wait
4924498480126097,3125317,qlever-server-d,S,0,0,3508542,0,30,7,futex_do_wait
4924498480126097,3126029,qlever-server-d,R,2422,10,24339461913,16606617,234,11,0
4924498480126097,3126030,qlever-server-d,R,2425,10,24368392559,9736476,226,10,0
4924498480126097,3126031,qlever-server-d,S,0,0,19980,0,1,11,futex_do_wait
4924498480126097,3126032,qlever-server-d,S,0,0,127190,0,4,0,ep_poll
4924498480126097,3126033,qlever-server-d,S,0,0,522531,0,8,8,futex_do_wait
4924498480126097,3126034,qlever-server-d,S,5,42,481484510,72784670,2560,4,ep_poll
4924498480126097,3126035,qlever-server-d,S,4,30,345001611,92731731,2965,4,futex_do_wait
4924498480126097,3126838,qlever-server-d,S,0,0,5375274,6771073,156,14,futex_do_wait
4924498480126097,3126839,qlever-server-d,R,619,2,6216327282,12511237,196,8,0
4924498480126097,0,__system__,-,1024799740,7867826599,0,0,0,-1,-
4924498500141217,3125313,qlever-server-d,S,925,1653,25796536701,16526421,786,9,futex_do_wait
4924498500141217,3125317,qlever-server-d,S,0,0,3508542,0,30,7,futex_do_wait
4924498500141217,3126029,qlever-server-d,R,2424,10,24359462754,16606617,234,11,0
4924498500141217,3126030,qlever-server-d,R,2427,10,24388393640,9736476,226,10,0
4924498500141217,3126031,qlever-server-d,S,0,0,19980,0,1,11,futex_do_wait
4924498500141217,3126032,qlever-server-d,S,0,0,127190,0,4,0,ep_poll
4924498500141217,3126033,qlever-server-d,S,0,0,522531,0,8,8,futex_do_wait
4924498500141217,3126034,qlever-server-d,S,5,42,481532870,72784670,2563,13,ep_poll
4924498500141217,3126035,qlever-server-d,S,4,30,345645241,92731731,2966,4,futex_do_wait
4924498500141217,3126838,qlever-server-d,S,0,0,5418404,6771073,157,14,futex_do_wait
4924498500141217,3126839,qlever-server-d,R,621,2,6236329623,12511237,196,8,0
4924498500141217,0,__system__,-,1024799758,7867826630,0,0,0,-1,-
4924498520132597,3125313,qlever-server-d,S,925,1653,25796536701,16526421,786,9,futex_do_wait
4924498520132597,3125317,qlever-server-d,S,0,0,3508542,0,30,7,futex_do_wait
4924498520132597,3126029,qlever-server-d,R,2426,10,24379460555,16606617,234,11,0
4924498520132597,3126030,qlever-server-d,R,2429,10,24408367461,9761526,227,10,0
4924498520132597,3126031,qlever-server-d,S,0,0,19980,0,1,11,futex_do_wait
4924498520132597,3126032,qlever-server-d,S,0,0,127190,0,4,0,ep_poll
4924498520132597,3126033,qlever-server-d,S,0,0,522531,0,8,8,futex_do_wait
4924498520132597,3126034,qlever-server-d,S,5,42,481643331,72784670,2569,14,ep_poll
4924498520132597,3126035,qlever-server-d,S,4,30,346979593,92731731,2968,4,futex_do_wait
4924498520132597,3126838,qlever-server-d,S,0,0,5418404,6771073,157,14,futex_do_wait
4924498520132597,3126839,qlever-server-d,R,623,2,6256327164,12511237,196,8,0
4924498520132597,0,__system__,-,1024799777,7867826661,0,0,0,-1,-
4924498540139637,3125313,qlever-server-d,S,925,1653,25796536701,16526421,786,9,futex_do_wait
4924498540139637,3125317,qlever-server-d,S,0,0,3644922,0,31,5,futex_do_wait
4924498540139637,3126029,qlever-server-d,R,2428,11,24399461136,16606617,234,11,0
4924498540139637,3126030,qlever-server-d,R,2431,10,24428368212,9761526,227,10,0
4924498540139637,3126031,qlever-server-d,S,0,0,19980,0,1,11,futex_do_wait
4924498540139637,3126032,qlever-server-d,S,0,0,127190,0,4,0,ep_poll
4924498540139637,3126033,qlever-server-d,S,0,0,522531,0,8,8,futex_do_wait
4924498540139637,3126034,qlever-server-d,S,5,42,481665901,73105980,2570,15,ep_poll
4924498540139637,3126035,qlever-server-d,R,4,30,347846123,92731731,2970,15,0
4924498540139637,3126838,qlever-server-d,S,0,0,5468924,6771073,158,14,futex_do_wait
4924498540139637,3126839,qlever-server-d,R,625,2,6276934815,12511237,196,8,0
4924498540139637,0,__system__,-,1024799797,7867826693,0,0,0,-1,-
4924498560138926,3125313,qlever-server-d,S,925,1653,25796536701,16526421,786,9,futex_do_wait
4924498560138926,3125317,qlever-server-d,S,0,0,3644922,0,31,5,futex_do_wait
4924498560138926,3126029,qlever-server-d,R,2430,11,24419461817,16606617,234,11,0
4924498560138926,3126030,qlever-server-d,R,2433,10,24448369293,9761526,227,10,0
4924498560138926,3126031,qlever-server-d,S,0,0,19980,0,1,11,futex_do_wait
4924498560138926,3126032,qlever-server-d,S,0,0,127190,0,4,0,ep_poll
4924498560138926,3126033,qlever-server-d,S,0,0,522531,0,8,8,futex_do_wait
4924498560138926,3126034,qlever-server-d,S,5,42,481758611,73495451,2575,4,ep_poll
4924498560138926,3126035,qlever-server-d,S,4,30,348902055,92752271,2972,4,futex_do_wait
4924498560138926,3126838,qlever-server-d,S,0,0,5468924,6771073,158,14,futex_do_wait
4924498560138926,3126839,qlever-server-d,R,627,2,6296327716,12511237,196,8,0
4924498560138926,0,__system__,-,1024799817,7867826724,0,0,0,-1,-
4924498580132676,3125313,qlever-server-d,S,925,1653,25796536701,16526421,786,9,futex_do_wait
4924498580132676,3125317,qlever-server-d,S,0,0,3644922,0,31,5,futex_do_wait
4924498580132676,3126029,qlever-server-d,R,2432,11,24439461418,16606617,234,11,0
4924498580132676,3126030,qlever-server-d,R,2435,10,24468367804,9761526,227,10,0
4924498580132676,3126031,qlever-server-d,S,0,0,19980,0,1,11,futex_do_wait
4924498580132676,3126032,qlever-server-d,S,0,0,127190,0,4,0,ep_poll
4924498580132676,3126033,qlever-server-d,S,0,0,522531,0,8,8,futex_do_wait
4924498580132676,3126034,qlever-server-d,S,5,42,481826271,74070151,2578,4,ep_poll
4924498580132676,3126035,qlever-server-d,S,4,30,349989696,92752271,2974,15,futex_do_wait
4924498580132676,3126838,qlever-server-d,S,0,0,5468924,6771073,158,14,futex_do_wait
4924498580132676,3126839,qlever-server-d,R,629,2,6316327327,12511237,196,8,0
4924498580132676,0,__system__,-,1024799839,7867826758,0,0,0,-1,-
4924498600136466,3125313,qlever-server-d,S,925,1653,25796536701,16526421,786,9,futex_do_wait
4924498600136466,3125317,qlever-server-d,S,0,0,3644922,0,31,5,futex_do_wait
4924498600136466,3126029,qlever-server-d,R,2434,11,24459462819,16606617,234,11,0
4924498600136466,3126030,qlever-server-d,R,2437,10,24488368855,9761526,227,10,0
4924498600136466,3126031,qlever-server-d,S,0,0,19980,0,1,11,futex_do_wait
4924498600136466,3126032,qlever-server-d,S,0,0,127190,0,4,0,ep_poll
4924498600136466,3126033,qlever-server-d,S,0,0,522531,0,8,8,futex_do_wait
4924498600136466,3126034,qlever-server-d,S,5,42,481875101,74082041,2581,4,ep_poll
4924498600136466,3126035,qlever-server-d,S,4,30,350641846,92752271,2975,4,futex_do_wait
4924498600136466,3126838,qlever-server-d,S,0,0,5507494,6776993,159,14,futex_do_wait
4924498600136466,3126839,qlever-server-d,R,631,2,6336328708,12511237,196,8,0
4924498600136466,0,__system__,-,1024799860,7867826788,0,0,0,-1,-
4924498620134206,3125313,qlever-server-d,S,925,1653,25796536701,16526421,786,9,futex_do_wait
4924498620134206,3125317,qlever-server-d,S,0,0,3644922,0,31,5,futex_do_wait
4924498620134206,3126029,qlever-server-d,R,2436,11,24479462620,16606617,234,11,0
4924498620134206,3126030,qlever-server-d,R,2439,10,24508368546,9761526,227,10,0
4924498620134206,3126031,qlever-server-d,S,0,0,19980,0,1,11,futex_do_wait
4924498620134206,3126032,qlever-server-d,S,0,0,127190,0,4,0,ep_poll
4924498620134206,3126033,qlever-server-d,S,0,0,522531,0,8,8,futex_do_wait
4924498620134206,3126034,qlever-server-d,S,5,42,481901111,74425831,2582,6,ep_poll
4924498620134206,3126035,qlever-server-d,S,4,30,351252606,92752271,2976,6,futex_do_wait
4924498620134206,3126838,qlever-server-d,S,0,0,5507494,6776993,159,14,futex_do_wait
4924498620134206,3126839,qlever-server-d,R,633,2,6356328639,12511237,196,8,0
4924498620134206,0,__system__,-,1024799879,7867826819,0,0,0,-1,-
4924498640139986,3125313,qlever-server-d,S,925,1653,25796536701,16526421,786,9,futex_do_wait
4924498640139986,3125317,qlever-server-d,S,0,0,3644922,0,31,5,futex_do_wait
4924498640139986,3126029,qlever-server-d,R,2438,11,24499463242,16606617,234,11,0
4924498640139986,3126030,qlever-server-d,R,2441,10,24528368608,9761526,227,10,0
4924498640139986,3126031,qlever-server-d,S,0,0,19980,0,1,11,futex_do_wait
4924498640139986,3126032,qlever-server-d,S,0,0,127190,0,4,0,ep_poll
4924498640139986,3126033,qlever-server-d,S,0,0,522531,0,8,8,futex_do_wait
4924498640139986,3126034,qlever-server-d,S,5,42,481994431,74425831,2588,6,ep_poll
4924498640139986,3126035,qlever-server-d,S,4,31,352486797,92752271,2978,5,futex_do_wait
4924498640139986,3126838,qlever-server-d,S,0,0,5533294,6776993,160,5,futex_do_wait
4924498640139986,3126839,qlever-server-d,R,635,2,6376304841,12535427,197,8,0
4924498640139986,0,__system__,-,1024799898,7867826852,0,0,0,-1,-
4924498660149455,3125313,qlever-server-d,S,925,1653,25796536701,16526421,786,9,futex_do_wait
4924498660149455,3125317,qlever-server-d,S,0,0,3644922,0,31,5,futex_do_wait
4924498660149455,3126029,qlever-server-d,R,2440,11,24519462393,16606617,234,11,0
4924498660149455,3126030,qlever-server-d,R,2443,10,24548368639,9761526,227,10,0
4924498660149455,3126031,qlever-server-d,S,0,0,19980,0,1,11,futex_do_wait
4924498660149455,3126032,qlever-server-d,S,0,0,127190,0,4,0,ep_poll
4924498660149455,3126033,qlever-server-d,S,0,0,522531,0,8,8,futex_do_wait
4924498660149455,3126034,qlever-server-d,S,5,42,482036461,74425831,2591,7,ep_poll
4924498660149455,3126035,qlever-server-d,S,4,31,353166987,92752271,2979,4,futex_do_wait
4924498660149455,3126838,qlever-server-d,S,0,0,5533294,6776993,160,5,futex_do_wait
4924498660149455,3126839,qlever-server-d,R,637,2,6396304312,12535427,197,8,0
4924498660149455,0,__system__,-,1024799916,7867826883,0,0,0,-1,-
4924498680146245,3125313,qlever-server-d,S,925,1653,25796536701,16526421,786,9,futex_do_wait
4924498680146245,3125317,qlever-server-d,S,0,0,3644922,0,31,5,futex_do_wait
4924498680146245,3126029,qlever-server-d,R,2442,11,24539462264,16606617,234,11,0
4924498680146245,3126030,qlever-server-d,R,2445,10,24568367780,9761526,227,10,0
4924498680146245,3126031,qlever-server-d,S,0,0,19980,0,1,11,futex_do_wait
4924498680146245,3126032,qlever-server-d,S,0,0,127190,0,4,0,ep_poll
4924498680146245,3126033,qlever-server-d,S,0,0,522531,0,8,8,futex_do_wait
4924498680146245,3126034,qlever-server-d,S,5,42,482061051,74763951,2592,5,ep_poll
4924498680146245,3126035,qlever-server-d,S,4,31,353789208,92752271,2980,5,futex_do_wait
4924498680146245,3126838,qlever-server-d,S,0,0,5533294,6776993,160,5,futex_do_wait
4924498680146245,3126839,qlever-server-d,R,639,2,6416304103,12535427,197,8,0
4924498680146245,0,__system__,-,1024799934,7867826915,0,0,0,-1,-
4924498700140115,3125313,qlever-server-d,S,925,1653,25796536701,16526421,786,9,futex_do_wait
4924498700140115,3125317,qlever-server-d,S,0,0,3644922,0,31,5,futex_do_wait
4924498700140115,3126029,qlever-server-d,R,2444,11,24559462815,16606617,234,11,0
4924498700140115,3126030,qlever-server-d,R,2447,10,24588368901,9761526,227,10,0
4924498700140115,3126031,qlever-server-d,S,0,0,19980,0,1,11,futex_do_wait
4924498700140115,3126032,qlever-server-d,S,0,0,127190,0,4,0,ep_poll
4924498700140115,3126033,qlever-server-d,S,0,0,522531,0,8,8,futex_do_wait
4924498700140115,3126034,qlever-server-d,S,5,42,482178121,74782541,2598,7,ep_poll
4924498700140115,3126035,qlever-server-d,S,4,31,355070438,92752271,2982,5,futex_do_wait
4924498700140115,3126838,qlever-server-d,S,0,0,5572264,6776993,161,5,futex_do_wait
4924498700140115,3126839,qlever-server-d,R,641,2,6436270114,12569747,198,8,0
4924498700140115,0,__system__,-,1024799953,7867826947,0,0,0,-1,-
4924498720132835,3125313,qlever-server-d,S,925,1653,25796536701,16526421,786,9,futex_do_wait
4924498720132835,3125317,qlever-server-d,S,0,0,3644922,0,31,5,futex_do_wait
4924498720132835,3126029,qlever-server-d,R,2446,11,24579465626,16606617,234,11,0
4924498720132835,3126030,qlever-server-d,R,2449,10,24608369652,9761526,227,10,0
4924498720132835,3126031,qlever-server-d,S,0,0,19980,0,1,11,futex_do_wait
4924498720132835,3126032,qlever-server-d,S,0,0,127190,0,4,0,ep_poll
4924498720132835,3126033,qlever-server-d,S,0,0,522531,0,8,8,futex_do_wait
4924498720132835,3126034,qlever-server-d,S,5,42,482228331,74782541,2601,13,ep_poll
4924498720132835,3126035,qlever-server-d,S,4,31,355718148,92752271,2983,14,futex_do_wait
4924498720132835,3126838,qlever-server-d,S,0,0,5572264,6776993,161,5,futex_do_wait
4924498720132835,3126839,qlever-server-d,R,643,2,6456271545,12569747,198,8,0
4924498720132835,0,__system__,-,1024799974,7867826980,0,0,0,-1,-
4924498740142565,3125313,qlever-server-d,S,925,1653,25796536701,16526421,786,9,futex_do_wait
4924498740142565,3125317,qlever-server-d,S,0,0,3644922,0,31,5,futex_do_wait
4924498740142565,3126029,qlever-server-d,R,2448,11,24599463497,16606617,234,11,0
4924498740142565,3126030,qlever-server-d,R,2451,10,24628368593,9761526,227,10,0
4924498740142565,3126031,qlever-server-d,S,0,0,19980,0,1,11,futex_do_wait
4924498740142565,3126032,qlever-server-d,S,0,0,127190,0,4,0,ep_poll
4924498740142565,3126033,qlever-server-d,S,0,0,522531,0,8,8,futex_do_wait
4924498740142565,3126034,qlever-server-d,S,5,42,482288561,74782541,2604,13,ep_poll
4924498740142565,3126035,qlever-server-d,S,4,31,356365268,92752271,2984,5,futex_do_wait
4924498740142565,3126838,qlever-server-d,S,0,0,5612014,6776993,162,5,futex_do_wait
4924498740142565,3126839,qlever-server-d,R,645,2,6476270976,12569747,198,8,0
4924498740142565,0,__system__,-,1024799993,7867827011,0,0,0,-1,-
4924498760143315,3125313,qlever-server-d,S,925,1653,25796536701,16526421,786,9,futex_do_wait
4924498760143315,3125317,qlever-server-d,S,0,0,3644922,0,31,5,futex_do_wait
4924498760143315,3126029,qlever-server-d,R,2450,11,24619463808,16606617,234,11,0
4924498760143315,3126030,qlever-server-d,R,2453,10,24648369614,9761526,227,10,0
4924498760143315,3126031,qlever-server-d,S,0,0,19980,0,1,11,futex_do_wait
4924498760143315,3126032,qlever-server-d,S,0,0,127190,0,4,0,ep_poll
4924498760143315,3126033,qlever-server-d,S,0,0,522531,0,8,8,futex_do_wait
4924498760143315,3126034,qlever-server-d,S,5,42,482349561,74792131,2607,5,ep_poll
4924498760143315,3126035,qlever-server-d,S,4,31,356979838,92752271,2985,5,futex_do_wait
4924498760143315,3126838,qlever-server-d,S,0,0,5612014,6776993,162,5,futex_do_wait
4924498760143315,3126839,qlever-server-d,R,647,2,6496271027,12569747,198,8,0
4924498760143315,0,__system__,-,1024800012,7867827043,0,0,0,-1,-
4924498780137675,3125313,qlever-server-d,S,925,1653,25796536701,16526421,786,9,futex_do_wait
4924498780137675,3125317,qlever-server-d,S,0,0,3644922,0,31,5,futex_do_wait
4924498780137675,3126029,qlever-server-d,R,2452,11,24639462859,16606617,234,11,0
4924498780137675,3126030,qlever-server-d,R,2455,10,24668368955,9761526,227,10,0
4924498780137675,3126031,qlever-server-d,S,0,0,19980,0,1,11,futex_do_wait
4924498780137675,3126032,qlever-server-d,S,0,0,127190,0,4,0,ep_poll
4924498780137675,3126033,qlever-server-d,S,0,0,522531,0,8,8,futex_do_wait
4924498780137675,3126034,qlever-server-d,S,5,42,482462401,74825791,2613,14,ep_poll
4924498780137675,3126035,qlever-server-d,S,4,31,358301698,92752271,2987,4,futex_do_wait
4924498780137675,3126838,qlever-server-d,S,0,0,5612014,6776993,162,5,futex_do_wait
4924498780137675,3126839,qlever-server-d,R,649,2,6516270318,12569747,198,8,0
4924498780137675,0,__system__,-,1024800029,7867827074,0,0,0,-1,-
4924498800150724,3125313,qlever-server-d,S,925,1653,25796536701,16526421,786,9,futex_do_wait
4924498800150724,3125317,qlever-server-d,S,0,0,3644922,0,31,5,futex_do_wait
4924498800150724,3126029,qlever-server-d,R,2454,11,24659463230,16606617,234,11,0
4924498800150724,3126030,qlever-server-d,R,2457,10,24688369286,9761526,227,10,0
4924498800150724,3126031,qlever-server-d,S,0,0,19980,0,1,11,futex_do_wait
4924498800150724,3126032,qlever-server-d,S,0,0,127190,0,4,0,ep_poll
4924498800150724,3126033,qlever-server-d,S,0,0,522531,0,8,8,futex_do_wait
4924498800150724,3126034,qlever-server-d,S,5,42,482511861,74825791,2616,6,ep_poll
4924498800150724,3126035,qlever-server-d,S,4,31,358981388,92752271,2988,4,futex_do_wait
4924498800150724,3126838,qlever-server-d,S,0,0,5650794,6776993,163,5,futex_do_wait
4924498800150724,3126839,qlever-server-d,R,651,2,6536247419,12569747,199,8,0
4924498800150724,0,__system__,-,1024800048,7867827106,0,0,0,-1,-
4924498820142324,3125313,qlever-server-d,S,925,1653,25796536701,16526421,786,9,futex_do_wait
4924498820142324,3125317,qlever-server-d,S,0,0,3644922,0,31,5,futex_do_wait
4924498820142324,3126029,qlever-server-d,R,2456,11,24679463872,16606617,234,11,0
4924498820142324,3126030,qlever-server-d,R,2459,10,24708371378,9761526,227,10,0
4924498820142324,3126031,qlever-server-d,S,0,0,19980,0,1,11,futex_do_wait
4924498820142324,3126032,qlever-server-d,S,0,0,127190,0,4,0,ep_poll
4924498820142324,3126033,qlever-server-d,S,0,0,522531,0,8,8,futex_do_wait
4924498820142324,3126034,qlever-server-d,S,5,42,482533881,75411421,2617,7,ep_poll
4924498820142324,3126035,qlever-server-d,S,4,31,359666939,92752271,2989,4,futex_do_wait
4924498820142324,3126838,qlever-server-d,S,0,0,5650794,6776993,163,5,futex_do_wait
4924498820142324,3126839,qlever-server-d,R,653,2,6556193161,12626047,200,8,0
4924498820142324,0,__system__,-,1024800067,7867827138,0,0,0,-1,-
4924498840137204,3125313,qlever-server-d,S,925,1653,25796536701,16526421,786,9,futex_do_wait
4924498840137204,3125317,qlever-server-d,S,0,0,3644922,0,31,5,futex_do_wait
4924498840137204,3126029,qlever-server-d,R,2458,11,24699427963,16643587,235,11,0
4924498840137204,3126030,qlever-server-d,R,2461,11,24728330879,9800696,228,10,0
4924498840137204,3126031,qlever-server-d,S,0,0,19980,0,1,11,futex_do_wait
4924498840137204,3126032,qlever-server-d,S,0,0,127190,0,4,0,ep_poll
4924498840137204,3126033,qlever-server-d,S,0,0,522531,0,8,8,futex_do_wait
4924498840137204,3126034,qlever-server-d,S,5,42,482640091,75411421,2623,15,ep_poll
4924498840137204,3126035,qlever-server-d,S,4,31,360962460,92752271,2991,4,futex_do_wait
4924498840137204,3126838,qlever-server-d,S,0,0,5670594,6776993,164,14,futex_do_wait
4924498840137204,3126839,qlever-server-d,R,655,2,6576141702,12676377,202,8,0
4924498840137204,0,__system__,-,1024800084,7867827168,0,0,0,-1,-
4924498860143414,3125313,qlever-server-d,S,925,1653,25796536701,16526421,786,9,futex_do_wait
4924498860143414,3125317,qlever-server-d,S,0,0,3644922,0,31,5,futex_do_wait
4924498860143414,3126029,qlever-server-d,R,2460,11,24719427174,16643587,235,11,0
4924498860143414,3126030,qlever-server-d,R,2463,11,24748330290,9800696,228,10,0
4924498860143414,3126031,qlever-server-d,S,0,0,19980,0,1,11,futex_do_wait
4924498860143414,3126032,qlever-server-d,S,0,0,127190,0,4,0,ep_poll
4924498860143414,3126033,qlever-server-d,S,0,0,522531,0,8,8,futex_do_wait
4924498860143414,3126034,qlever-server-d,S,5,42,482692671,75411421,2626,14,ep_poll
4924498860143414,3126035,qlever-server-d,S,4,31,361565551,92752271,2992,7,futex_do_wait
4924498860143414,3126838,qlever-server-d,S,0,0,5670594,6776993,164,14,futex_do_wait
4924498860143414,3126839,qlever-server-d,R,657,2,6596141663,12676377,202,8,0
4924498860143414,0,__system__,-,1024800106,7867827202,0,0,0,-1,-
4924498880138604,3125313,qlever-server-d,S,925,1653,25796536701,16526421,786,9,futex_do_wait
4924498880138604,3125317,qlever-server-d,S,0,0,3644922,0,31,5,futex_do_wait
4924498880138604,3126029,qlever-server-d,R,2462,11,24739427185,16643587,235,11,0
4924498880138604,3126030,qlever-server-d,R,2465,11,24768331271,9800696,228,10,0
4924498880138604,3126031,qlever-server-d,S,0,0,19980,0,1,11,futex_do_wait
4924498880138604,3126032,qlever-server-d,S,0,0,127190,0,4,0,ep_poll
4924498880138604,3126033,qlever-server-d,S,0,0,522531,0,8,8,futex_do_wait
4924498880138604,3126034,qlever-server-d,S,5,42,482733681,75417151,2629,14,ep_poll
4924498880138604,3126035,qlever-server-d,S,4,31,362238821,92752271,2993,7,futex_do_wait
4924498880138604,3126838,qlever-server-d,S,0,0,5670594,6776993,164,14,futex_do_wait
4924498880138604,3126839,qlever-server-d,R,659,2,6616142134,12676377,202,8,0
4924498880138604,0,__system__,-,1024800125,7867827234,0,0,0,-1,-
4924498900135634,3125313,qlever-server-d,S,925,1653,25796536701,16526421,786,9,futex_do_wait
4924498900135634,3125317,qlever-server-d,S,0,0,3644922,0,31,5,futex_do_wait
4924498900135634,3126029,qlever-server-d,R,2464,11,24759426826,16643587,235,11,0
4924498900135634,3126030,qlever-server-d,R,2467,11,24788331452,9800696,228,10,0
4924498900135634,3126031,qlever-server-d,S,0,0,19980,0,1,11,futex_do_wait
4924498900135634,3126032,qlever-server-d,S,0,0,127190,0,4,0,ep_poll
4924498900135634,3126033,qlever-server-d,S,0,0,522531,0,8,8,futex_do_wait
4924498900135634,3126034,qlever-server-d,S,5,42,482847471,75417151,2635,14,ep_poll
4924498900135634,3126035,qlever-server-d,S,4,31,363537831,92752271,2995,7,futex_do_wait
4924498900135634,3126838,qlever-server-d,S,0,0,5713194,6776993,165,14,futex_do_wait
4924498900135634,3126839,qlever-server-d,R,661,2,6636109975,12707737,203,8,0
4924498900135634,0,__system__,-,1024800142,7867827264,0,0,0,-1,-
4924498920132743,3125313,qlever-server-d,S,925,1653,25796536701,16526421,786,9,futex_do_wait
4924498920132743,3125317,qlever-server-d,S,0,0,3644922,0,31,5,futex_do_wait
4924498920132743,3126029,qlever-server-d,R,2466,11,24779426757,16643587,235,11,0
4924498920132743,3126030,qlever-server-d,R,2469,11,24808330643,9800696,228,10,0
4924498920132743,3126031,qlever-server-d,S,0,0,19980,0,1,11,futex_do_wait
4924498920132743,3126032,qlever-server-d,S,0,0,127190,0,4,0,ep_poll
4924498920132743,3126033,qlever-server-d,S,0,0,522531,0,8,8,futex_do_wait
4924498920132743,3126034,qlever-server-d,S,5,42,482926511,75417151,2639,6,ep_poll
4924498920132743,3126035,qlever-server-d,S,4,31,364288852,92752271,2997,7,futex_do_wait
4924498920132743,3126838,qlever-server-d,S,0,0,5713194,6776993,165,14,futex_do_wait
4924498920132743,3126839,qlever-server-d,S,663,2,6653709695,12707737,203,8,futex_do_wait
4924498920132743,0,__system__,-,1024800160,7867827296,0,0,0,-1,-
4924498940139253,3125313,qlever-server-d,S,925,1653,25796536701,16526421,786,9,futex_do_wait
4924498940139253,3125317,qlever-server-d,S,0,0,3644922,0,31,5,futex_do_wait
4924498940139253,3126029,qlever-server-d,S,2467,11,24784248530,16656117,236,3,futex_do_wait
4924498940139253,3126030,qlever-server-d,S,2469,11,24809594814,9800696,228,10,futex_do_wait
4924498940139253,3126031,qlever-server-d,S,0,0,19980,0,1,11,futex_do_wait
4924498940139253,3126032,qlever-server-d,S,0,0,169310,0,5,0,ep_poll
4924498940139253,3126033,qlever-server-d,S,0,0,559311,0,9,10,futex_do_wait
4924498940139253,3126034,qlever-server-d,S,5,42,483075641,75417151,2647,7,ep_poll
4924498940139253,3126035,qlever-server-d,S,4,32,365326152,92752271,3002,6,futex_do_wait
4924498940139253,0,__system__,-,1024800175,7867827328,0,0,0,-1,-
4924498960121383,3125313,qlever-server-d,S,925,1653,25796536701,16526421,786,9,futex_do_wait
4924498960121383,3125317,qlever-server-d,S,0,0,3644922,0,31,5,futex_do_wait
4924498960121383,3126029,qlever-server-d,S,2467,11,24784248530,16656117,236,3,futex_do_wait
4924498960121383,3126030,qlever-server-d,S,2469,11,24809594814,9800696,228,10,futex_do_wait
4924498960121383,3126031,qlever-server-d,S,0,0,19980,0,1,11,futex_do_wait
4924498960121383,3126032,qlever-server-d,S,0,0,169310,0,5,0,ep_poll
4924498960121383,3126033,qlever-server-d,S,0,0,559311,0,9,10,futex_do_wait
4924498960121383,3126034,qlever-server-d,S,5,42,483075641,75417151,2647,7,ep_poll
4924498960121383,3126035,qlever-server-d,S,4,32,365326152,92752271,3002,6,futex_do_wait
4924498960121383,0,__system__,-,1024800188,7867827360,0,0,0,-1,-
4924498980126993,3125313,qlever-server-d,S,925,1653,25796536701,16526421,786,9,futex_do_wait
4924498980126993,3125317,qlever-server-d,S,0,0,3644922,0,31,5,futex_do_wait
4924498980126993,3126029,qlever-server-d,S,2467,11,24784248530,16656117,236,3,futex_do_wait
4924498980126993,3126030,qlever-server-d,S,2469,11,24809594814,9800696,228,10,futex_do_wait
4924498980126993,3126031,qlever-server-d,S,0,0,19980,0,1,11,futex_do_wait
4924498980126993,3126032,qlever-server-d,S,0,0,169310,0,5,0,ep_poll
4924498980126993,3126033,qlever-server-d,S,0,0,559311,0,9,10,futex_do_wait
4924498980126993,3126034,qlever-server-d,S,5,42,483075641,75417151,2647,7,ep_poll
4924498980126993,3126035,qlever-server-d,S,4,32,365326152,92752271,3002,6,futex_do_wait
4924498980126993,0,__system__,-,1024800203,7867827393,0,0,0,-1,-
4924499000125223,3125313,qlever-server-d,S,925,1653,25796536701,16526421,786,9,futex_do_wait
4924499000125223,3125317,qlever-server-d,S,0,0,3644922,0,31,5,futex_do_wait
4924499000125223,3126029,qlever-server-d,S,2467,11,24784248530,16656117,236,3,futex_do_wait
4924499000125223,3126030,qlever-server-d,S,2469,11,24809594814,9800696,228,10,futex_do_wait
4924499000125223,3126031,qlever-server-d,S,0,0,19980,0,1,11,futex_do_wait
4924499000125223,3126032,qlever-server-d,S,0,0,169310,0,5,0,ep_poll
4924499000125223,3126033,qlever-server-d,S,0,0,559311,0,9,10,futex_do_wait
4924499000125223,3126034,qlever-server-d,S,5,42,483075641,75417151,2647,7,ep_poll
4924499000125223,3126035,qlever-server-d,S,4,32,365326152,92752271,3002,6,futex_do_wait
4924499000125223,0,__system__,-,1024800215,7867827424,0,0,0,-1,-
4924499020123843,3125313,qlever-server-d,S,925,1653,25796536701,16526421,786,9,futex_do_wait
4924499020123843,3125317,qlever-server-d,S,0,0,3644922,0,31,5,futex_do_wait
4924499020123843,3126029,qlever-server-d,S,2467,11,24784248530,16656117,236,3,futex_do_wait
4924499020123843,3126030,qlever-server-d,S,2469,11,24809594814,9800696,228,10,futex_do_wait
4924499020123843,3126031,qlever-server-d,S,0,0,19980,0,1,11,futex_do_wait
4924499020123843,3126032,qlever-server-d,S,0,0,169310,0,5,0,ep_poll
4924499020123843,3126033,qlever-server-d,S,0,0,559311,0,9,10,futex_do_wait
4924499020123843,3126034,qlever-server-d,S,5,42,483075641,75417151,2647,7,ep_poll
4924499020123843,3126035,qlever-server-d,S,4,32,365326152,92752271,3002,6,futex_do_wait
4924499020123843,0,__system__,-,1024800227,7867827455,0,0,0,-1,-
4924499040121932,3125313,qlever-server-d,S,925,1653,25796536701,16526421,786,9,futex_do_wait
4924499040121932,3125317,qlever-server-d,S,0,0,3644922,0,31,5,futex_do_wait
4924499040121932,3126029,qlever-server-d,S,2467,11,24784248530,16656117,236,3,futex_do_wait
4924499040121932,3126030,qlever-server-d,S,2469,11,24809594814,9800696,228,10,futex_do_wait
4924499040121932,3126031,qlever-server-d,S,0,0,19980,0,1,11,futex_do_wait
4924499040121932,3126032,qlever-server-d,S,0,0,169310,0,5,0,ep_poll
4924499040121932,3126033,qlever-server-d,S,0,0,559311,0,9,10,futex_do_wait
4924499040121932,3126034,qlever-server-d,S,5,42,483075641,75417151,2647,7,ep_poll
4924499040121932,3126035,qlever-server-d,S,4,32,365326152,92752271,3002,6,futex_do_wait
4924499040121932,0,__system__,-,1024800239,7867827487,0,0,0,-1,-
4924499060125882,3125313,qlever-server-d,S,925,1653,25796536701,16526421,786,9,futex_do_wait
4924499060125882,3125317,qlever-server-d,S,0,0,3644922,0,31,5,futex_do_wait
4924499060125882,3126029,qlever-server-d,S,2467,11,24784248530,16656117,236,3,futex_do_wait
4924499060125882,3126030,qlever-server-d,S,2469,11,24809594814,9800696,228,10,futex_do_wait
4924499060125882,3126031,qlever-server-d,S,0,0,19980,0,1,11,futex_do_wait
4924499060125882,3126032,qlever-server-d,S,0,0,169310,0,5,0,ep_poll
4924499060125882,3126033,qlever-server-d,S,0,0,559311,0,9,10,futex_do_wait
4924499060125882,3126034,qlever-server-d,S,5,42,483075641,75417151,2647,7,ep_poll
4924499060125882,3126035,qlever-server-d,S,4,32,365326152,92752271,3002,6,futex_do_wait
4924499060125882,0,__system__,-,1024800252,7867827520,0,0,0,-1,-
4924499080126752,3125313,qlever-server-d,S,925,1653,25796536701,16526421,786,9,futex_do_wait
4924499080126752,3125317,qlever-server-d,S,0,0,3644922,0,31,5,futex_do_wait
4924499080126752,3126029,qlever-server-d,S,2467,11,24784248530,16656117,236,3,futex_do_wait
4924499080126752,3126030,qlever-server-d,S,2469,11,24809594814,9800696,228,10,futex_do_wait
4924499080126752,3126031,qlever-server-d,S,0,0,19980,0,1,11,futex_do_wait
4924499080126752,3126032,qlever-server-d,S,0,0,169310,0,5,0,ep_poll
4924499080126752,3126033,qlever-server-d,S,0,0,559311,0,9,10,futex_do_wait
4924499080126752,3126034,qlever-server-d,S,5,42,483075641,75417151,2647,7,ep_poll
4924499080126752,3126035,qlever-server-d,S,4,32,365326152,92752271,3002,6,futex_do_wait
4924499080126752,0,__system__,-,1024800263,7867827550,0,0,0,-1,-
4924499100122822,3125313,qlever-server-d,S,925,1653,25796536701,16526421,786,9,futex_do_wait
4924499100122822,3125317,qlever-server-d,S,0,0,3644922,0,31,5,futex_do_wait
4924499100122822,3126029,qlever-server-d,S,2467,11,24784248530,16656117,236,3,futex_do_wait
4924499100122822,3126030,qlever-server-d,S,2469,11,24809594814,9800696,228,10,futex_do_wait
4924499100122822,3126031,qlever-server-d,S,0,0,19980,0,1,11,futex_do_wait
4924499100122822,3126032,qlever-server-d,S,0,0,169310,0,5,0,ep_poll
4924499100122822,3126033,qlever-server-d,S,0,0,559311,0,9,10,futex_do_wait
4924499100122822,3126034,qlever-server-d,S,5,42,483075641,75417151,2647,7,ep_poll
4924499100122822,3126035,qlever-server-d,S,4,32,365326152,92752271,3002,6,futex_do_wait
4924499100122822,0,__system__,-,1024800276,7867827581,0,0,0,-1,-
4924499120126712,3125313,qlever-server-d,S,925,1653,25796536701,16526421,786,9,futex_do_wait
4924499120126712,3125317,qlever-server-d,S,0,0,3644922,0,31,5,futex_do_wait
4924499120126712,3126029,qlever-server-d,S,2467,11,24784248530,16656117,236,3,futex_do_wait
4924499120126712,3126030,qlever-server-d,S,2469,11,24809594814,9800696,228,10,futex_do_wait
4924499120126712,3126031,qlever-server-d,S,0,0,19980,0,1,11,futex_do_wait
4924499120126712,3126032,qlever-server-d,S,0,0,169310,0,5,0,ep_poll
4924499120126712,3126033,qlever-server-d,S,0,0,559311,0,9,10,futex_do_wait
4924499120126712,3126034,qlever-server-d,S,5,42,483075641,75417151,2647,7,ep_poll
4924499120126712,3126035,qlever-server-d,S,4,32,365326152,92752271,3002,6,futex_do_wait
4924499120126712,0,__system__,-,1024800291,7867827616,0,0,0,-1,-
4924499140123302,3125313,qlever-server-d,S,925,1653,25796536701,16526421,786,9,futex_do_wait
4924499140123302,3125317,qlever-server-d,S,0,0,3644922,0,31,5,futex_do_wait
4924499140123302,3126029,qlever-server-d,S,2467,11,24784248530,16656117,236,3,futex_do_wait
4924499140123302,3126030,qlever-server-d,S,2469,11,24809594814,9800696,228,10,futex_do_wait
4924499140123302,3126031,qlever-server-d,S,0,0,19980,0,1,11,futex_do_wait
4924499140123302,3126032,qlever-server-d,S,0,0,169310,0,5,0,ep_poll
4924499140123302,3126033,qlever-server-d,S,0,0,559311,0,9,10,futex_do_wait
4924499140123302,3126034,qlever-server-d,S,5,42,483075641,75417151,2647,7,ep_poll
4924499140123302,3126035,qlever-server-d,S,4,32,365326152,92752271,3002,6,futex_do_wait
4924499140123302,0,__system__,-,1024800303,7867827647,0,0,0,-1,-
4924499160118542,3125313,qlever-server-d,S,925,1653,25796536701,16526421,786,9,futex_do_wait
4924499160118542,3125317,qlever-server-d,S,0,0,3644922,0,31,5,futex_do_wait
4924499160118542,3126029,qlever-server-d,S,2467,11,24784248530,16656117,236,3,futex_do_wait
4924499160118542,3126030,qlever-server-d,S,2469,11,24809594814,9800696,228,10,futex_do_wait
4924499160118542,3126031,qlever-server-d,S,0,0,19980,0,1,11,futex_do_wait
4924499160118542,3126032,qlever-server-d,S,0,0,169310,0,5,0,ep_poll
4924499160118542,3126033,qlever-server-d,S,0,0,559311,0,9,10,futex_do_wait
4924499160118542,3126034,qlever-server-d,S,5,42,483075641,75417151,2647,7,ep_poll
4924499160118542,3126035,qlever-server-d,S,4,32,365326152,92752271,3002,6,futex_do_wait
4924499160118542,0,__system__,-,1024800314,7867827677,0,0,0,-1,-
4924499180104671,3125313,qlever-server-d,S,925,1653,25796536701,16526421,786,9,futex_do_wait
4924499180104671,3125317,qlever-server-d,S,0,0,3644922,0,31,5,futex_do_wait
4924499180104671,3126029,qlever-server-d,S,2467,11,24784248530,16656117,236,3,futex_do_wait
4924499180104671,3126030,qlever-server-d,S,2469,11,24809594814,9800696,228,10,futex_do_wait
4924499180104671,3126031,qlever-server-d,S,0,0,19980,0,1,11,futex_do_wait
4924499180104671,3126032,qlever-server-d,S,0,0,169310,0,5,0,ep_poll
4924499180104671,3126033,qlever-server-d,S,0,0,559311,0,9,10,futex_do_wait
4924499180104671,3126034,qlever-server-d,S,5,42,483075641,75417151,2647,7,ep_poll
4924499180104671,3126035,qlever-server-d,S,4,32,365326152,92752271,3002,6,futex_do_wait
4924499180104671,0,__system__,-,1024800327,7867827710,0,0,0,-1,-
4924499200117871,3125313,qlever-server-d,S,925,1653,25796536701,16526421,786,9,futex_do_wait
4924499200117871,3125317,qlever-server-d,S,0,0,3644922,0,31,5,futex_do_wait
4924499200117871,3126029,qlever-server-d,S,2467,11,24784248530,16656117,236,3,futex_do_wait
4924499200117871,3126030,qlever-server-d,S,2469,11,24809594814,9800696,228,10,futex_do_wait
4924499200117871,3126031,qlever-server-d,S,0,0,19980,0,1,11,futex_do_wait
4924499200117871,3126032,qlever-server-d,S,0,0,169310,0,5,0,ep_poll
4924499200117871,3126033,qlever-server-d,S,0,0,559311,0,9,10,futex_do_wait
4924499200117871,3126034,qlever-server-d,S,5,42,483075641,75417151,2647,7,ep_poll
4924499200117871,3126035,qlever-server-d,S,4,32,365326152,92752271,3002,6,futex_do_wait
4924499200117871,0,__system__,-,1024800338,7867827741,0,0,0,-1,-
4924499220125561,3125313,qlever-server-d,S,925,1653,25796536701,16526421,786,9,futex_do_wait
4924499220125561,3125317,qlever-server-d,S,0,0,3644922,0,31,5,futex_do_wait
4924499220125561,3126029,qlever-server-d,S,2467,11,24784248530,16656117,236,3,futex_do_wait
4924499220125561,3126030,qlever-server-d,S,2469,11,24809594814,9800696,228,10,futex_do_wait
4924499220125561,3126031,qlever-server-d,S,0,0,19980,0,1,11,futex_do_wait
4924499220125561,3126032,qlever-server-d,S,0,0,169310,0,5,0,ep_poll
4924499220125561,3126033,qlever-server-d,S,0,0,559311,0,9,10,futex_do_wait
4924499220125561,3126034,qlever-server-d,S,5,42,483075641,75417151,2647,7,ep_poll
4924499220125561,3126035,qlever-server-d,S,4,32,365326152,92752271,3002,6,futex_do_wait
4924499220125561,0,__system__,-,1024800351,7867827772,0,0,0,-1,-
4924499240124421,3125313,qlever-server-d,S,925,1653,25796536701,16526421,786,9,futex_do_wait
4924499240124421,3125317,qlever-server-d,S,0,0,3644922,0,31,5,futex_do_wait
4924499240124421,3126029,qlever-server-d,S,2467,11,24784248530,16656117,236,3,futex_do_wait
4924499240124421,3126030,qlever-server-d,S,2469,11,24809594814,9800696,228,10,futex_do_wait
4924499240124421,3126031,qlever-server-d,S,0,0,19980,0,1,11,futex_do_wait
4924499240124421,3126032,qlever-server-d,S,0,0,169310,0,5,0,ep_poll
4924499240124421,3126033,qlever-server-d,S,0,0,559311,0,9,10,futex_do_wait
4924499240124421,3126034,qlever-server-d,S,5,42,483075641,75417151,2647,7,ep_poll
4924499240124421,3126035,qlever-server-d,S,4,32,365326152,92752271,3002,6,futex_do_wait
4924499240124421,0,__system__,-,1024800364,7867827804,0,0,0,-1,-
4924499260126921,3125313,qlever-server-d,S,925,1653,25796536701,16526421,786,9,futex_do_wait
4924499260126921,3125317,qlever-server-d,S,0,0,3644922,0,31,5,futex_do_wait
4924499260126921,3126029,qlever-server-d,S,2467,11,24784248530,16656117,236,3,futex_do_wait
4924499260126921,3126030,qlever-server-d,S,2469,11,24809594814,9800696,228,10,futex_do_wait
4924499260126921,3126031,qlever-server-d,S,0,0,19980,0,1,11,futex_do_wait
4924499260126921,3126032,qlever-server-d,S,0,0,169310,0,5,0,ep_poll
4924499260126921,3126033,qlever-server-d,S,0,0,559311,0,9,10,futex_do_wait
4924499260126921,3126034,qlever-server-d,S,5,42,483075641,75417151,2647,7,ep_poll
4924499260126921,3126035,qlever-server-d,S,4,32,365326152,92752271,3002,6,futex_do_wait
4924499260126921,0,__system__,-,1024800377,7867827835,0,0,0,-1,-
4924499280134750,3125313,qlever-server-d,S,925,1653,25796536701,16526421,786,9,futex_do_wait
4924499280134750,3125317,qlever-server-d,S,0,0,3644922,0,31,5,futex_do_wait
4924499280134750,3126029,qlever-server-d,S,2467,11,24784248530,16656117,236,3,futex_do_wait
4924499280134750,3126030,qlever-server-d,S,2469,11,24809594814,9800696,228,10,futex_do_wait
4924499280134750,3126031,qlever-server-d,S,0,0,19980,0,1,11,futex_do_wait
4924499280134750,3126032,qlever-server-d,S,0,0,169310,0,5,0,ep_poll
4924499280134750,3126033,qlever-server-d,S,0,0,559311,0,9,10,futex_do_wait
4924499280134750,3126034,qlever-server-d,S,5,42,483075641,75417151,2647,7,ep_poll
4924499280134750,3126035,qlever-server-d,S,4,32,365326152,92752271,3002,6,futex_do_wait
4924499280134750,0,__system__,-,1024800392,7867827868,0,0,0,-1,-
4924499300120330,3125313,qlever-server-d,S,925,1653,25796536701,16526421,786,9,futex_do_wait
4924499300120330,3125317,qlever-server-d,S,0,0,3644922,0,31,5,futex_do_wait
4924499300120330,3126029,qlever-server-d,S,2467,11,24784248530,16656117,236,3,futex_do_wait
4924499300120330,3126030,qlever-server-d,S,2469,11,24809594814,9800696,228,10,futex_do_wait
4924499300120330,3126031,qlever-server-d,S,0,0,19980,0,1,11,futex_do_wait
4924499300120330,3126032,qlever-server-d,S,0,0,169310,0,5,0,ep_poll
4924499300120330,3126033,qlever-server-d,S,0,0,559311,0,9,10,futex_do_wait
4924499300120330,3126034,qlever-server-d,S,5,42,483075641,75417151,2647,7,ep_poll
4924499300120330,3126035,qlever-server-d,S,4,32,365326152,92752271,3002,6,futex_do_wait
4924499300120330,0,__system__,-,1024800404,7867827900,0,0,0,-1,-
4924499320118250,3125313,qlever-server-d,S,925,1653,25796536701,16526421,786,9,futex_do_wait
4924499320118250,3125317,qlever-server-d,S,0,0,3644922,0,31,5,futex_do_wait
4924499320118250,3126029,qlever-server-d,S,2467,11,24784248530,16656117,236,3,futex_do_wait
4924499320118250,3126030,qlever-server-d,S,2469,11,24809594814,9800696,228,10,futex_do_wait
4924499320118250,3126031,qlever-server-d,S,0,0,19980,0,1,11,futex_do_wait
4924499320118250,3126032,qlever-server-d,S,0,0,169310,0,5,0,ep_poll
4924499320118250,3126033,qlever-server-d,S,0,0,559311,0,9,10,futex_do_wait
4924499320118250,3126034,qlever-server-d,S,5,42,483075641,75417151,2647,7,ep_poll
4924499320118250,3126035,qlever-server-d,S,4,32,365326152,92752271,3002,6,futex_do_wait
4924499320118250,0,__system__,-,1024800415,7867827931,0,0,0,-1,-
4924499340127330,3125313,qlever-server-d,S,925,1653,25796536701,16526421,786,9,futex_do_wait
4924499340127330,3125317,qlever-server-d,S,0,0,3644922,0,31,5,futex_do_wait
4924499340127330,3126029,qlever-server-d,S,2467,11,24784248530,16656117,236,3,futex_do_wait
4924499340127330,3126030,qlever-server-d,S,2469,11,24809594814,9800696,228,10,futex_do_wait
4924499340127330,3126031,qlever-server-d,S,0,0,19980,0,1,11,futex_do_wait
4924499340127330,3126032,qlever-server-d,S,0,0,169310,0,5,0,ep_poll
4924499340127330,3126033,qlever-server-d,S,0,0,559311,0,9,10,futex_do_wait
4924499340127330,3126034,qlever-server-d,S,5,42,483075641,75417151,2647,7,ep_poll
4924499340127330,3126035,qlever-server-d,S,4,32,365326152,92752271,3002,6,futex_do_wait
4924499340127330,0,__system__,-,1024800428,7867827962,0,0,0,-1,-
4924499360130040,3125313,qlever-server-d,S,925,1653,25796536701,16526421,786,9,futex_do_wait
4924499360130040,3125317,qlever-server-d,S,0,0,3644922,0,31,5,futex_do_wait
4924499360130040,3126029,qlever-server-d,S,2467,11,24784248530,16656117,236,3,futex_do_wait
4924499360130040,3126030,qlever-server-d,S,2469,11,24809594814,9800696,228,10,futex_do_wait
4924499360130040,3126031,qlever-server-d,S,0,0,19980,0,1,11,futex_do_wait
4924499360130040,3126032,qlever-server-d,S,0,0,169310,0,5,0,ep_poll
4924499360130040,3126033,qlever-server-d,S,0,0,559311,0,9,10,futex_do_wait
4924499360130040,3126034,qlever-server-d,S,5,42,483075641,75417151,2647,7,ep_poll
4924499360130040,3126035,qlever-server-d,S,4,32,365326152,92752271,3002,6,futex_do_wait
4924499360130040,0,__system__,-,1024800442,7867827995,0,0,0,-1,-
4924499380123230,3125313,qlever-server-d,S,925,1653,25796536701,16526421,786,9,futex_do_wait
4924499380123230,3125317,qlever-server-d,S,0,0,3644922,0,31,5,futex_do_wait
4924499380123230,3126029,qlever-server-d,S,2467,11,24784248530,16656117,236,3,futex_do_wait
4924499380123230,3126030,qlever-server-d,S,2469,11,24809594814,9800696,228,10,futex_do_wait
4924499380123230,3126031,qlever-server-d,S,0,0,19980,0,1,11,futex_do_wait
4924499380123230,3126032,qlever-server-d,S,0,0,169310,0,5,0,ep_poll
4924499380123230,3126033,qlever-server-d,S,0,0,559311,0,9,10,futex_do_wait
4924499380123230,3126034,qlever-server-d,S,5,42,483075641,75417151,2647,7,ep_poll
4924499380123230,3126035,qlever-server-d,S,4,32,365326152,92752271,3002,6,futex_do_wait
4924499380123230,0,__system__,-,1024800454,7867828026,0,0,0,-1,-
4924499400126199,3125313,qlever-server-d,S,925,1653,25796536701,16526421,786,9,futex_do_wait
4924499400126199,3125317,qlever-server-d,S,0,0,3644922,0,31,5,futex_do_wait
4924499400126199,3126029,qlever-server-d,S,2467,11,24784248530,16656117,236,3,futex_do_wait
4924499400126199,3126030,qlever-server-d,S,2469,11,24809594814,9800696,228,10,futex_do_wait
4924499400126199,3126031,qlever-server-d,S,0,0,19980,0,1,11,futex_do_wait
4924499400126199,3126032,qlever-server-d,S,0,0,169310,0,5,0,ep_poll
4924499400126199,3126033,qlever-server-d,S,0,0,559311,0,9,10,futex_do_wait
4924499400126199,3126034,qlever-server-d,S,5,42,483075641,75417151,2647,7,ep_poll
4924499400126199,3126035,qlever-server-d,S,4,32,365326152,92752271,3002,6,futex_do_wait
4924499400126199,0,__system__,-,1024800465,7867828057,0,0,0,-1,-
4924499420121889,3125313,qlever-server-d,S,925,1653,25796536701,16526421,786,9,futex_do_wait
4924499420121889,3125317,qlever-server-d,S,0,0,3644922,0,31,5,futex_do_wait
4924499420121889,3126029,qlever-server-d,S,2467,11,24784248530,16656117,236,3,futex_do_wait
4924499420121889,3126030,qlever-server-d,S,2469,11,24809594814,9800696,228,10,futex_do_wait
4924499420121889,3126031,qlever-server-d,S,0,0,19980,0,1,11,futex_do_wait
4924499420121889,3126032,qlever-server-d,S,0,0,169310,0,5,0,ep_poll
4924499420121889,3126033,qlever-server-d,S,0,0,559311,0,9,10,futex_do_wait
4924499420121889,3126034,qlever-server-d,S,5,42,483075641,75417151,2647,7,ep_poll
4924499420121889,3126035,qlever-server-d,S,4,32,365326152,92752271,3002,6,futex_do_wait
4924499420121889,0,__system__,-,1024800478,7867828089,0,0,0,-1,-
4924499440129769,3125313,qlever-server-d,S,925,1653,25796536701,16526421,786,9,futex_do_wait
4924499440129769,3125317,qlever-server-d,S,0,0,3644922,0,31,5,futex_do_wait
4924499440129769,3126029,qlever-server-d,S,2467,11,24784248530,16656117,236,3,futex_do_wait
4924499440129769,3126030,qlever-server-d,S,2469,11,24809594814,9800696,228,10,futex_do_wait
4924499440129769,3126031,qlever-server-d,S,0,0,19980,0,1,11,futex_do_wait
4924499440129769,3126032,qlever-server-d,S,0,0,169310,0,5,0,ep_poll
4924499440129769,3126033,qlever-server-d,S,0,0,559311,0,9,10,futex_do_wait
4924499440129769,3126034,qlever-server-d,S,5,42,483075641,75417151,2647,7,ep_poll
4924499440129769,3126035,qlever-server-d,S,4,32,365326152,92752271,3002,6,futex_do_wait
4924499440129769,0,__system__,-,1024800490,7867828121,0,0,0,-1,-
4924499460124659,3125313,qlever-server-d,S,925,1653,25796536701,16526421,786,9,futex_do_wait
4924499460124659,3125317,qlever-server-d,S,0,0,3644922,0,31,5,futex_do_wait
4924499460124659,3126029,qlever-server-d,S,2467,11,24784248530,16656117,236,3,futex_do_wait
4924499460124659,3126030,qlever-server-d,S,2469,11,24809594814,9800696,228,10,futex_do_wait
4924499460124659,3126031,qlever-server-d,S,0,0,19980,0,1,11,futex_do_wait
4924499460124659,3126032,qlever-server-d,S,0,0,169310,0,5,0,ep_poll
4924499460124659,3126033,qlever-server-d,S,0,0,559311,0,9,10,futex_do_wait
4924499460124659,3126034,qlever-server-d,S,5,42,483075641,75417151,2647,7,ep_poll
4924499460124659,3126035,qlever-server-d,S,4,32,365326152,92752271,3002,6,futex_do_wait
4924499460124659,0,__system__,-,1024800505,7867828155,0,0,0,-1,-
4924499480142159,3125313,qlever-server-d,S,925,1653,25796536701,16526421,786,9,futex_do_wait
4924499480142159,3125317,qlever-server-d,S,0,0,3644922,0,31,5,futex_do_wait
4924499480142159,3126029,qlever-server-d,S,2467,11,24784248530,16656117,236,3,futex_do_wait
4924499480142159,3126030,qlever-server-d,S,2469,11,24809594814,9800696,228,10,futex_do_wait
4924499480142159,3126031,qlever-server-d,S,0,0,19980,0,1,11,futex_do_wait
4924499480142159,3126032,qlever-server-d,S,0,0,169310,0,5,0,ep_poll
4924499480142159,3126033,qlever-server-d,S,0,0,559311,0,9,10,futex_do_wait
4924499480142159,3126034,qlever-server-d,S,5,42,483075641,75417151,2647,7,ep_poll
4924499480142159,3126035,qlever-server-d,S,4,32,365326152,92752271,3002,6,futex_do_wait
4924499480142159,0,__system__,-,1024800518,7867828186,0,0,0,-1,-
4924499500130599,3125313,qlever-server-d,S,925,1653,25796536701,16526421,786,9,futex_do_wait
4924499500130599,3125317,qlever-server-d,S,0,0,3644922,0,31,5,futex_do_wait
4924499500130599,3126029,qlever-server-d,S,2467,11,24784248530,16656117,236,3,futex_do_wait
4924499500130599,3126030,qlever-server-d,S,2469,11,24809594814,9800696,228,10,futex_do_wait
4924499500130599,3126031,qlever-server-d,S,0,0,19980,0,1,11,futex_do_wait
4924499500130599,3126032,qlever-server-d,S,0,0,169310,0,5,0,ep_poll
4924499500130599,3126033,qlever-server-d,S,0,0,559311,0,9,10,futex_do_wait
4924499500130599,3126034,qlever-server-d,S,5,42,483075641,75417151,2647,7,ep_poll
4924499500130599,3126035,qlever-server-d,S,4,32,365326152,92752271,3002,6,futex_do_wait
4924499500130599,0,__system__,-,1024800530,7867828217,0,0,0,-1,-
4924499520130688,3125313,qlever-server-d,S,925,1653,25796536701,16526421,786,9,futex_do_wait
4924499520130688,3125317,qlever-server-d,S,0,0,3644922,0,31,5,futex_do_wait
4924499520130688,3126029,qlever-server-d,S,2467,11,24784248530,16656117,236,3,futex_do_wait
4924499520130688,3126030,qlever-server-d,S,2469,11,24809594814,9800696,228,10,futex_do_wait
4924499520130688,3126031,qlever-server-d,S,0,0,19980,0,1,11,futex_do_wait
4924499520130688,3126032,qlever-server-d,S,0,0,169310,0,5,0,ep_poll
4924499520130688,3126033,qlever-server-d,S,0,0,559311,0,9,10,futex_do_wait
4924499520130688,3126034,qlever-server-d,S,5,42,483075641,75417151,2647,7,ep_poll
4924499520130688,3126035,qlever-server-d,S,4,32,365326152,92752271,3002,6,futex_do_wait
4924499520130688,0,__system__,-,1024800542,7867828249,0,0,0,-1,-
4924499540117528,3125313,qlever-server-d,S,925,1653,25796536701,16526421,786,9,futex_do_wait
4924499540117528,3125317,qlever-server-d,S,0,0,3644922,0,31,5,futex_do_wait
4924499540117528,3126029,qlever-server-d,S,2467,11,24784248530,16656117,236,3,futex_do_wait
4924499540117528,3126030,qlever-server-d,S,2469,11,24809594814,9800696,228,10,futex_do_wait
4924499540117528,3126031,qlever-server-d,S,0,0,19980,0,1,11,futex_do_wait
4924499540117528,3126032,qlever-server-d,S,0,0,169310,0,5,0,ep_poll
4924499540117528,3126033,qlever-server-d,S,0,0,559311,0,9,10,futex_do_wait
4924499540117528,3126034,qlever-server-d,S,5,42,483075641,75417151,2647,7,ep_poll
4924499540117528,3126035,qlever-server-d,S,4,32,365326152,92752271,3002,6,futex_do_wait
4924499540117528,0,__system__,-,1024800554,7867828280,0,0,0,-1,-
4924499560118318,3125313,qlever-server-d,S,925,1653,25796536701,16526421,786,9,futex_do_wait
4924499560118318,3125317,qlever-server-d,S,0,0,3644922,0,31,5,futex_do_wait
4924499560118318,3126029,qlever-server-d,S,2467,11,24784248530,16656117,236,3,futex_do_wait
4924499560118318,3126030,qlever-server-d,S,2469,11,24809594814,9800696,228,10,futex_do_wait
4924499560118318,3126031,qlever-server-d,S,0,0,19980,0,1,11,futex_do_wait
4924499560118318,3126032,qlever-server-d,S,0,0,169310,0,5,0,ep_poll
4924499560118318,3126033,qlever-server-d,S,0,0,559311,0,9,10,futex_do_wait
4924499560118318,3126034,qlever-server-d,S,5,42,483075641,75417151,2647,7,ep_poll
4924499560118318,3126035,qlever-server-d,S,4,32,365326152,92752271,3002,6,futex_do_wait
4924499560118318,0,__system__,-,1024800566,7867828311,0,0,0,-1,-
4924499580131168,3125313,qlever-server-d,S,925,1653,25796536701,16526421,786,9,futex_do_wait
4924499580131168,3125317,qlever-server-d,S,0,0,3644922,0,31,5,futex_do_wait
4924499580131168,3126029,qlever-server-d,S,2467,11,24784248530,16656117,236,3,futex_do_wait
4924499580131168,3126030,qlever-server-d,S,2469,11,24809594814,9800696,228,10,futex_do_wait
4924499580131168,3126031,qlever-server-d,S,0,0,19980,0,1,11,futex_do_wait
4924499580131168,3126032,qlever-server-d,S,0,0,169310,0,5,0,ep_poll
4924499580131168,3126033,qlever-server-d,S,0,0,559311,0,9,10,futex_do_wait
4924499580131168,3126034,qlever-server-d,S,5,42,483075641,75417151,2647,7,ep_poll
4924499580131168,3126035,qlever-server-d,S,4,32,365326152,92752271,3002,6,futex_do_wait
4924499580131168,0,__system__,-,1024800578,7867828342,0,0,0,-1,-
4924499600134508,3125313,qlever-server-d,S,925,1653,25796536701,16526421,786,9,futex_do_wait
4924499600134508,3125317,qlever-server-d,S,0,0,3644922,0,31,5,futex_do_wait
4924499600134508,3126029,qlever-server-d,S,2467,11,24784248530,16656117,236,3,futex_do_wait
4924499600134508,3126030,qlever-server-d,S,2469,11,24809594814,9800696,228,10,futex_do_wait
4924499600134508,3126031,qlever-server-d,S,0,0,19980,0,1,11,futex_do_wait
4924499600134508,3126032,qlever-server-d,S,0,0,169310,0,5,0,ep_poll
4924499600134508,3126033,qlever-server-d,S,0,0,559311,0,9,10,futex_do_wait
4924499600134508,3126034,qlever-server-d,S,5,42,483075641,75417151,2647,7,ep_poll
4924499600134508,3126035,qlever-server-d,S,4,32,365326152,92752271,3002,6,futex_do_wait
4924499600134508,0,__system__,-,1024800594,7867828376,0,0,0,-1,-
4924499620122528,3125313,qlever-server-d,S,925,1653,25796536701,16526421,786,9,futex_do_wait
4924499620122528,3125317,qlever-server-d,S,0,0,3644922,0,31,5,futex_do_wait
4924499620122528,3126029,qlever-server-d,S,2467,11,24784248530,16656117,236,3,futex_do_wait
4924499620122528,3126030,qlever-server-d,S,2469,11,24809594814,9800696,228,10,futex_do_wait
4924499620122528,3126031,qlever-server-d,S,0,0,19980,0,1,11,futex_do_wait
4924499620122528,3126032,qlever-server-d,S,0,0,169310,0,5,0,ep_poll
4924499620122528,3126033,qlever-server-d,S,0,0,559311,0,9,10,futex_do_wait
4924499620122528,3126034,qlever-server-d,S,5,42,483075641,75417151,2647,7,ep_poll
4924499620122528,3126035,qlever-server-d,S,4,32,365326152,92752271,3002,6,futex_do_wait
4924499620122528,0,__system__,-,1024800605,7867828407,0,0,0,-1,-
4924499640128218,3125313,qlever-server-d,S,925,1653,25796536701,16526421,786,9,futex_do_wait
4924499640128218,3125317,qlever-server-d,S,0,0,3644922,0,31,5,futex_do_wait
4924499640128218,3126029,qlever-server-d,S,2467,11,24784248530,16656117,236,3,futex_do_wait
4924499640128218,3126030,qlever-server-d,S,2469,11,24809594814,9800696,228,10,futex_do_wait
4924499640128218,3126031,qlever-server-d,S,0,0,19980,0,1,11,futex_do_wait
4924499640128218,3126032,qlever-server-d,S,0,0,169310,0,5,0,ep_poll
4924499640128218,3126033,qlever-server-d,S,0,0,559311,0,9,10,futex_do_wait
4924499640128218,3126034,qlever-server-d,S,5,42,483075641,75417151,2647,7,ep_poll
4924499640128218,3126035,qlever-server-d,S,4,32,365326152,92752271,3002,6,futex_do_wait
4924499640128218,0,__system__,-,1024800618,7867828439,0,0,0,-1,-
4924499660120748,3125313,qlever-server-d,S,925,1653,25796536701,16526421,786,9,futex_do_wait
4924499660120748,3125317,qlever-server-d,S,0,0,3644922,0,31,5,futex_do_wait
4924499660120748,3126029,qlever-server-d,S,2467,11,24784248530,16656117,236,3,futex_do_wait
4924499660120748,3126030,qlever-server-d,S,2469,11,24809594814,9800696,228,10,futex_do_wait
4924499660120748,3126031,qlever-server-d,S,0,0,19980,0,1,11,futex_do_wait
4924499660120748,3126032,qlever-server-d,S,0,0,169310,0,5,0,ep_poll
4924499660120748,3126033,qlever-server-d,S,0,0,559311,0,9,10,futex_do_wait
4924499660120748,3126034,qlever-server-d,S,5,42,483075641,75417151,2647,7,ep_poll
4924499660120748,3126035,qlever-server-d,S,4,32,365326152,92752271,3002,6,futex_do_wait
4924499660120748,0,__system__,-,1024800631,7867828471,0,0,0,-1,-
4924499680121907,3125313,qlever-server-d,S,925,1653,25796536701,16526421,786,9,futex_do_wait
4924499680121907,3125317,qlever-server-d,S,0,0,3644922,0,31,5,futex_do_wait
4924499680121907,3126029,qlever-server-d,S,2467,11,24784248530,16656117,236,3,futex_do_wait
4924499680121907,3126030,qlever-server-d,S,2469,11,24809594814,9800696,228,10,futex_do_wait
4924499680121907,3126031,qlever-server-d,S,0,0,19980,0,1,11,futex_do_wait
4924499680121907,3126032,qlever-server-d,S,0,0,169310,0,5,0,ep_poll
4924499680121907,3126033,qlever-server-d,S,0,0,559311,0,9,10,futex_do_wait
4924499680121907,3126034,qlever-server-d,S,5,42,483075641,75417151,2647,7,ep_poll
4924499680121907,3126035,qlever-server-d,S,4,32,365326152,92752271,3002,6,futex_do_wait
4924499680121907,0,__system__,-,1024800642,7867828502,0,0,0,-1,-
4924499700131917,3125313,qlever-server-d,S,925,1653,25796536701,16526421,786,9,futex_do_wait
4924499700131917,3125317,qlever-server-d,S,0,0,3644922,0,31,5,futex_do_wait
4924499700131917,3126029,qlever-server-d,S,2467,11,24784248530,16656117,236,3,futex_do_wait
4924499700131917,3126030,qlever-server-d,S,2469,11,24809594814,9800696,228,10,futex_do_wait
4924499700131917,3126031,qlever-server-d,S,0,0,19980,0,1,11,futex_do_wait
4924499700131917,3126032,qlever-server-d,S,0,0,169310,0,5,0,ep_poll
4924499700131917,3126033,qlever-server-d,S,0,0,559311,0,9,10,futex_do_wait
4924499700131917,3126034,qlever-server-d,S,5,42,483075641,75417151,2647,7,ep_poll
4924499700131917,3126035,qlever-server-d,S,4,32,365326152,92752271,3002,6,futex_do_wait
4924499700131917,0,__system__,-,1024800655,7867828534,0,0,0,-1,-
4924499720138217,3125313,qlever-server-d,S,925,1653,25796536701,16526421,786,9,futex_do_wait
4924499720138217,3125317,qlever-server-d,S,0,0,3644922,0,31,5,futex_do_wait
4924499720138217,3126029,qlever-server-d,S,2467,11,24784248530,16656117,236,3,futex_do_wait
4924499720138217,3126030,qlever-server-d,S,2469,11,24809594814,9800696,228,10,futex_do_wait
4924499720138217,3126031,qlever-server-d,S,0,0,19980,0,1,11,futex_do_wait
4924499720138217,3126032,qlever-server-d,S,0,0,169310,0,5,0,ep_poll
4924499720138217,3126033,qlever-server-d,S,0,0,559311,0,9,10,futex_do_wait
4924499720138217,3126034,qlever-server-d,S,5,42,483075641,75417151,2647,7,ep_poll
4924499720138217,3126035,qlever-server-d,S,4,32,365326152,92752271,3002,6,futex_do_wait
4924499720138217,0,__system__,-,1024800669,7867828566,0,0,0,-1,-
4924499740129917,3125313,qlever-server-d,S,925,1653,25796536701,16526421,786,9,futex_do_wait
4924499740129917,3125317,qlever-server-d,S,0,0,3644922,0,31,5,futex_do_wait
4924499740129917,3126029,qlever-server-d,S,2467,11,24784248530,16656117,236,3,futex_do_wait
4924499740129917,3126030,qlever-server-d,S,2469,11,24809594814,9800696,228,10,futex_do_wait
4924499740129917,3126031,qlever-server-d,S,0,0,19980,0,1,11,futex_do_wait
4924499740129917,3126032,qlever-server-d,S,0,0,169310,0,5,0,ep_poll
4924499740129917,3126033,qlever-server-d,S,0,0,559311,0,9,10,futex_do_wait
4924499740129917,3126034,qlever-server-d,S,5,42,483075641,75417151,2647,7,ep_poll
4924499740129917,3126035,qlever-server-d,S,4,32,365326152,92752271,3002,6,futex_do_wait
4924499740129917,0,__system__,-,1024800681,7867828597,0,0,0,-1,-
4924499760122797,3125313,qlever-server-d,S,925,1653,25796536701,16526421,786,9,futex_do_wait
4924499760122797,3125317,qlever-server-d,S,0,0,3644922,0,31,5,futex_do_wait
4924499760122797,3126029,qlever-server-d,S,2467,11,24784248530,16656117,236,3,futex_do_wait
4924499760122797,3126030,qlever-server-d,S,2469,11,24809594814,9800696,228,10,futex_do_wait
4924499760122797,3126031,qlever-server-d,S,0,0,19980,0,1,11,futex_do_wait
4924499760122797,3126032,qlever-server-d,S,0,0,169310,0,5,0,ep_poll
4924499760122797,3126033,qlever-server-d,S,0,0,559311,0,9,10,futex_do_wait
4924499760122797,3126034,qlever-server-d,S,5,42,483075641,75417151,2647,7,ep_poll
4924499760122797,3126035,qlever-server-d,S,4,32,365326152,92752271,3002,6,futex_do_wait
4924499760122797,0,__system__,-,1024800693,7867828629,0,0,0,-1,-
4924499780117656,3125313,qlever-server-d,S,925,1653,25796536701,16526421,786,9,futex_do_wait
4924499780117656,3125317,qlever-server-d,S,0,0,3644922,0,31,5,futex_do_wait
4924499780117656,3126029,qlever-server-d,S,2467,11,24784248530,16656117,236,3,futex_do_wait
4924499780117656,3126030,qlever-server-d,S,2469,11,24809594814,9800696,228,10,futex_do_wait
4924499780117656,3126031,qlever-server-d,S,0,0,19980,0,1,11,futex_do_wait
4924499780117656,3126032,qlever-server-d,S,0,0,169310,0,5,0,ep_poll
4924499780117656,3126033,qlever-server-d,S,0,0,559311,0,9,10,futex_do_wait
4924499780117656,3126034,qlever-server-d,S,5,42,483075641,75417151,2647,7,ep_poll
4924499780117656,3126035,qlever-server-d,S,4,32,365326152,92752271,3002,6,futex_do_wait
4924499780117656,0,__system__,-,1024800705,7867828661,0,0,0,-1,-
4924499800123986,3125313,qlever-server-d,S,925,1653,25796536701,16526421,786,9,futex_do_wait
4924499800123986,3125317,qlever-server-d,S,0,0,3644922,0,31,5,futex_do_wait
4924499800123986,3126029,qlever-server-d,S,2467,11,24784248530,16656117,236,3,futex_do_wait
4924499800123986,3126030,qlever-server-d,S,2469,11,24809594814,9800696,228,10,futex_do_wait
4924499800123986,3126031,qlever-server-d,S,0,0,19980,0,1,11,futex_do_wait
4924499800123986,3126032,qlever-server-d,S,0,0,169310,0,5,0,ep_poll
4924499800123986,3126033,qlever-server-d,S,0,0,559311,0,9,10,futex_do_wait
4924499800123986,3126034,qlever-server-d,S,5,42,483075641,75417151,2647,7,ep_poll
4924499800123986,3126035,qlever-server-d,S,4,32,365326152,92752271,3002,6,futex_do_wait
4924499800123986,0,__system__,-,1024800718,7867828693,0,0,0,-1,-
4924499820124026,3125313,qlever-server-d,S,925,1653,25796536701,16526421,786,9,futex_do_wait
4924499820124026,3125317,qlever-server-d,S,0,0,3644922,0,31,5,futex_do_wait
4924499820124026,3126029,qlever-server-d,S,2467,11,24784248530,16656117,236,3,futex_do_wait
4924499820124026,3126030,qlever-server-d,S,2469,11,24809594814,9800696,228,10,futex_do_wait
4924499820124026,3126031,qlever-server-d,S,0,0,19980,0,1,11,futex_do_wait
4924499820124026,3126032,qlever-server-d,S,0,0,169310,0,5,0,ep_poll
4924499820124026,3126033,qlever-server-d,S,0,0,559311,0,9,10,futex_do_wait
4924499820124026,3126034,qlever-server-d,S,5,42,483075641,75417151,2647,7,ep_poll
4924499820124026,3126035,qlever-server-d,S,4,32,365326152,92752271,3002,6,futex_do_wait
4924499820124026,0,__system__,-,1024800730,7867828725,0,0,0,-1,-
4924499840123776,3125313,qlever-server-d,S,925,1653,25796536701,16526421,786,9,futex_do_wait
4924499840123776,3125317,qlever-server-d,S,0,0,3644922,0,31,5,futex_do_wait
4924499840123776,3126029,qlever-server-d,S,2467,11,24784248530,16656117,236,3,futex_do_wait
4924499840123776,3126030,qlever-server-d,S,2469,11,24809594814,9800696,228,10,futex_do_wait
4924499840123776,3126031,qlever-server-d,S,0,0,19980,0,1,11,futex_do_wait
4924499840123776,3126032,qlever-server-d,S,0,0,169310,0,5,0,ep_poll
4924499840123776,3126033,qlever-server-d,S,0,0,559311,0,9,10,futex_do_wait
4924499840123776,3126034,qlever-server-d,S,5,42,483075641,75417151,2647,7,ep_poll
4924499840123776,3126035,qlever-server-d,S,4,32,365326152,92752271,3002,6,futex_do_wait
4924499840123776,0,__system__,-,1024800745,7867828757,0,0,0,-1,-
4924499860118946,3125313,qlever-server-d,S,925,1653,25796536701,16526421,786,9,futex_do_wait
4924499860118946,3125317,qlever-server-d,S,0,0,3644922,0,31,5,futex_do_wait
4924499860118946,3126029,qlever-server-d,S,2467,11,24784248530,16656117,236,3,futex_do_wait
4924499860118946,3126030,qlever-server-d,S,2469,11,24809594814,9800696,228,10,futex_do_wait
4924499860118946,3126031,qlever-server-d,S,0,0,19980,0,1,11,futex_do_wait
4924499860118946,3126032,qlever-server-d,S,0,0,169310,0,5,0,ep_poll
4924499860118946,3126033,qlever-server-d,S,0,0,559311,0,9,10,futex_do_wait
4924499860118946,3126034,qlever-server-d,S,5,42,483075641,75417151,2647,7,ep_poll
4924499860118946,3126035,qlever-server-d,S,4,32,365326152,92752271,3002,6,futex_do_wait
4924499860118946,0,__system__,-,1024800757,7867828788,0,0,0,-1,-
4924499880102446,3125313,qlever-server-d,S,925,1653,25796536701,16526421,786,9,futex_do_wait
4924499880102446,3125317,qlever-server-d,S,0,0,3644922,0,31,5,futex_do_wait
4924499880102446,3126029,qlever-server-d,S,2467,11,24784248530,16656117,236,3,futex_do_wait
4924499880102446,3126030,qlever-server-d,S,2469,11,24809594814,9800696,228,10,futex_do_wait
4924499880102446,3126031,qlever-server-d,S,0,0,19980,0,1,11,futex_do_wait
4924499880102446,3126032,qlever-server-d,S,0,0,169310,0,5,0,ep_poll
4924499880102446,3126033,qlever-server-d,S,0,0,559311,0,9,10,futex_do_wait
4924499880102446,3126034,qlever-server-d,S,5,42,483075641,75417151,2647,7,ep_poll
4924499880102446,3126035,qlever-server-d,S,4,32,365326152,92752271,3002,6,futex_do_wait
4924499880102446,0,__system__,-,1024800768,7867828819,0,0,0,-1,-
4924499900098316,3125313,qlever-server-d,S,925,1653,25796536701,16526421,786,9,futex_do_wait
4924499900098316,3125317,qlever-server-d,S,0,0,3644922,0,31,5,futex_do_wait
4924499900098316,3126029,qlever-server-d,S,2467,11,24784248530,16656117,236,3,futex_do_wait
4924499900098316,3126030,qlever-server-d,S,2469,11,24809594814,9800696,228,10,futex_do_wait
4924499900098316,3126031,qlever-server-d,S,0,0,19980,0,1,11,futex_do_wait
4924499900098316,3126032,qlever-server-d,S,0,0,169310,0,5,0,ep_poll
4924499900098316,3126033,qlever-server-d,S,0,0,559311,0,9,10,futex_do_wait
4924499900098316,3126034,qlever-server-d,S,5,42,483075641,75417151,2647,7,ep_poll
4924499900098316,3126035,qlever-server-d,S,4,32,365326152,92752271,3002,6,futex_do_wait
4924499900098316,0,__system__,-,1024800781,7867828852,0,0,0,-1,-
4924499920097906,3125313,qlever-server-d,S,925,1653,25796536701,16526421,786,9,futex_do_wait
4924499920097906,3125317,qlever-server-d,S,0,0,3644922,0,31,5,futex_do_wait
4924499920097906,3126029,qlever-server-d,S,2467,11,24784248530,16656117,236,3,futex_do_wait
4924499920097906,3126030,qlever-server-d,S,2469,11,24809594814,9800696,228,10,futex_do_wait
4924499920097906,3126031,qlever-server-d,S,0,0,19980,0,1,11,futex_do_wait
4924499920097906,3126032,qlever-server-d,S,0,0,169310,0,5,0,ep_poll
4924499920097906,3126033,qlever-server-d,S,0,0,559311,0,9,10,futex_do_wait
4924499920097906,3126034,qlever-server-d,S,5,42,483075641,75417151,2647,7,ep_poll
4924499920097906,3126035,qlever-server-d,S,4,32,365326152,92752271,3002,6,futex_do_wait
4924499920097906,0,__system__,-,1024800792,7867828882,0,0,0,-1,-
4924499940097866,3125313,qlever-server-d,S,925,1653,25796536701,16526421,786,9,futex_do_wait
4924499940097866,3125317,qlever-server-d,S,0,0,3644922,0,31,5,futex_do_wait
4924499940097866,3126029,qlever-server-d,S,2467,11,24784248530,16656117,236,3,futex_do_wait
4924499940097866,3126030,qlever-server-d,S,2469,11,24809594814,9800696,228,10,futex_do_wait
4924499940097866,3126031,qlever-server-d,S,0,0,19980,0,1,11,futex_do_wait
4924499940097866,3126032,qlever-server-d,S,0,0,169310,0,5,0,ep_poll
4924499940097866,3126033,qlever-server-d,S,0,0,559311,0,9,10,futex_do_wait
4924499940097866,3126034,qlever-server-d,S,5,42,483075641,75417151,2647,7,ep_poll
4924499940097866,3126035,qlever-server-d,S,4,32,365326152,92752271,3002,6,futex_do_wait
4924499940097866,0,__system__,-,1024800805,7867828915,0,0,0,-1,-
4924499960122215,3125313,qlever-server-d,S,925,1653,25796536701,16526421,786,9,futex_do_wait
4924499960122215,3125317,qlever-server-d,S,0,0,3644922,0,31,5,futex_do_wait
4924499960122215,3126029,qlever-server-d,S,2467,11,24784248530,16656117,236,3,futex_do_wait
4924499960122215,3126030,qlever-server-d,S,2469,11,24809594814,9800696,228,10,futex_do_wait
4924499960122215,3126031,qlever-server-d,S,0,0,19980,0,1,11,futex_do_wait
4924499960122215,3126032,qlever-server-d,S,0,0,169310,0,5,0,ep_poll
4924499960122215,3126033,qlever-server-d,S,0,0,559311,0,9,10,futex_do_wait
4924499960122215,3126034,qlever-server-d,S,5,42,483075641,75417151,2647,7,ep_poll
4924499960122215,3126035,qlever-server-d,S,4,32,365326152,92752271,3002,6,futex_do_wait
4924499960122215,0,__system__,-,1024800819,7867828947,0,0,0,-1,-
4924499980130005,3125313,qlever-server-d,S,925,1653,25796536701,16526421,786,9,futex_do_wait
4924499980130005,3125317,qlever-server-d,S,0,0,3644922,0,31,5,futex_do_wait
4924499980130005,3126029,qlever-server-d,S,2467,11,24784248530,16656117,236,3,futex_do_wait
4924499980130005,3126030,qlever-server-d,S,2469,11,24809594814,9800696,228,10,futex_do_wait
4924499980130005,3126031,qlever-server-d,S,0,0,19980,0,1,11,futex_do_wait
4924499980130005,3126032,qlever-server-d,S,0,0,169310,0,5,0,ep_poll
4924499980130005,3126033,qlever-server-d,S,0,0,559311,0,9,10,futex_do_wait
4924499980130005,3126034,qlever-server-d,S,5,42,483075641,75417151,2647,7,ep_poll
4924499980130005,3126035,qlever-server-d,S,4,32,365326152,92752271,3002,6,futex_do_wait
4924499980130005,0,__system__,-,1024800833,7867828979,0,0,0,-1,-
4924500000123135,3125313,qlever-server-d,S,925,1653,25796536701,16526421,786,9,futex_do_wait
4924500000123135,3125317,qlever-server-d,S,0,0,3644922,0,31,5,futex_do_wait
4924500000123135,3126029,qlever-server-d,S,2467,11,24784248530,16656117,236,3,futex_do_wait
4924500000123135,3126030,qlever-server-d,S,2469,11,24809594814,9800696,228,10,futex_do_wait
4924500000123135,3126031,qlever-server-d,S,0,0,19980,0,1,11,futex_do_wait
4924500000123135,3126032,qlever-server-d,S,0,0,169310,0,5,0,ep_poll
4924500000123135,3126033,qlever-server-d,S,0,0,559311,0,9,10,futex_do_wait
4924500000123135,3126034,qlever-server-d,S,5,42,483075641,75417151,2647,7,ep_poll
4924500000123135,3126035,qlever-server-d,S,4,32,365326152,92752271,3002,6,futex_do_wait
4924500000123135,0,__system__,-,1024800847,7867829011,0,0,0,-1,-
4924500020122245,3125313,qlever-server-d,S,925,1653,25796536701,16526421,786,9,futex_do_wait
4924500020122245,3125317,qlever-server-d,S,0,0,3644922,0,31,5,futex_do_wait
4924500020122245,3126029,qlever-server-d,S,2467,11,24784248530,16656117,236,3,futex_do_wait
4924500020122245,3126030,qlever-server-d,S,2469,11,24809594814,9800696,228,10,futex_do_wait
4924500020122245,3126031,qlever-server-d,S,0,0,19980,0,1,11,futex_do_wait
4924500020122245,3126032,qlever-server-d,S,0,0,169310,0,5,0,ep_poll
4924500020122245,3126033,qlever-server-d,S,0,0,559311,0,9,10,futex_do_wait
4924500020122245,3126034,qlever-server-d,S,5,42,483075641,75417151,2647,7,ep_poll
4924500020122245,3126035,qlever-server-d,S,4,32,365326152,92752271,3002,6,futex_do_wait
4924500020122245,0,__system__,-,1024800861,7867829044,0,0,0,-1,-
4924500040118165,3125313,qlever-server-d,S,925,1653,25796536701,16526421,786,9,futex_do_wait
4924500040118165,3125317,qlever-server-d,S,0,0,3644922,0,31,5,futex_do_wait
4924500040118165,3126029,qlever-server-d,S,2467,11,24784248530,16656117,236,3,futex_do_wait
4924500040118165,3126030,qlever-server-d,S,2469,11,24809594814,9800696,228,10,futex_do_wait
4924500040118165,3126031,qlever-server-d,S,0,0,19980,0,1,11,futex_do_wait
4924500040118165,3126032,qlever-server-d,S,0,0,169310,0,5,0,ep_poll
4924500040118165,3126033,qlever-server-d,S,0,0,559311,0,9,10,futex_do_wait
4924500040118165,3126034,qlever-server-d,S,5,42,483075641,75417151,2647,7,ep_poll
4924500040118165,3126035,qlever-server-d,S,4,32,365326152,92752271,3002,6,futex_do_wait
4924500040118165,0,__system__,-,1024800873,7867829075,0,0,0,-1,-
4924500060113384,3125313,qlever-server-d,S,925,1653,25796536701,16526421,786,9,futex_do_wait
4924500060113384,3125317,qlever-server-d,S,0,0,3644922,0,31,5,futex_do_wait
4924500060113384,3126029,qlever-server-d,S,2467,11,24784248530,16656117,236,3,futex_do_wait
4924500060113384,3126030,qlever-server-d,S,2469,11,24809594814,9800696,228,10,futex_do_wait
4924500060113384,3126031,qlever-server-d,S,0,0,19980,0,1,11,futex_do_wait
4924500060113384,3126032,qlever-server-d,S,0,0,169310,0,5,0,ep_poll
4924500060113384,3126033,qlever-server-d,S,0,0,559311,0,9,10,futex_do_wait
4924500060113384,3126034,qlever-server-d,S,5,42,483075641,75417151,2647,7,ep_poll
4924500060113384,3126035,qlever-server-d,S,4,32,365326152,92752271,3002,6,futex_do_wait
4924500060113384,0,__system__,-,1024800884,7867829106,0,0,0,-1,-
4924500080120464,3125313,qlever-server-d,S,925,1653,25796536701,16526421,786,9,futex_do_wait
4924500080120464,3125317,qlever-server-d,S,0,0,3644922,0,31,5,futex_do_wait
4924500080120464,3126029,qlever-server-d,S,2467,11,24784248530,16656117,236,3,futex_do_wait
4924500080120464,3126030,qlever-server-d,S,2469,11,24809594814,9800696,228,10,futex_do_wait
4924500080120464,3126031,qlever-server-d,S,0,0,19980,0,1,11,futex_do_wait
4924500080120464,3126032,qlever-server-d,S,0,0,169310,0,5,0,ep_poll
4924500080120464,3126033,qlever-server-d,S,0,0,559311,0,9,10,futex_do_wait
4924500080120464,3126034,qlever-server-d,S,5,42,483075641,75417151,2647,7,ep_poll
4924500080120464,3126035,qlever-server-d,S,4,32,365326152,92752271,3002,6,futex_do_wait
4924500080120464,0,__system__,-,1024800898,7867829138,0,0,0,-1,-
4924500100121234,3125313,qlever-server-d,S,925,1653,25796536701,16526421,786,9,futex_do_wait
4924500100121234,3125317,qlever-server-d,S,0,0,3644922,0,31,5,futex_do_wait
4924500100121234,3126029,qlever-server-d,S,2467,11,24784248530,16656117,236,3,futex_do_wait
4924500100121234,3126030,qlever-server-d,S,2469,11,24809594814,9800696,228,10,futex_do_wait
4924500100121234,3126031,qlever-server-d,S,0,0,19980,0,1,11,futex_do_wait
4924500100121234,3126032,qlever-server-d,S,0,0,169310,0,5,0,ep_poll
4924500100121234,3126033,qlever-server-d,S,0,0,559311,0,9,10,futex_do_wait
4924500100121234,3126034,qlever-server-d,S,5,42,483075641,75417151,2647,7,ep_poll
4924500100121234,3126035,qlever-server-d,S,4,32,365326152,92752271,3002,6,futex_do_wait
4924500100121234,0,__system__,-,1024800910,7867829169,0,0,0,-1,-
4924500120130564,3125313,qlever-server-d,S,925,1653,25796536701,16526421,786,9,futex_do_wait
4924500120130564,3125317,qlever-server-d,S,0,0,3644922,0,31,5,futex_do_wait
4924500120130564,3126029,qlever-server-d,S,2467,11,24784248530,16656117,236,3,futex_do_wait
4924500120130564,3126030,qlever-server-d,S,2469,11,24809594814,9800696,228,10,futex_do_wait
4924500120130564,3126031,qlever-server-d,S,0,0,19980,0,1,11,futex_do_wait
4924500120130564,3126032,qlever-server-d,S,0,0,169310,0,5,0,ep_poll
4924500120130564,3126033,qlever-server-d,S,0,0,559311,0,9,10,futex_do_wait
4924500120130564,3126034,qlever-server-d,S,5,42,483075641,75417151,2647,7,ep_poll
4924500120130564,3126035,qlever-server-d,S,4,32,365326152,92752271,3002,6,futex_do_wait
4924500120130564,0,__system__,-,1024800924,7867829201,0,0,0,-1,-
4924500140127384,3125313,qlever-server-d,S,925,1653,25796536701,16526421,786,9,futex_do_wait
4924500140127384,3125317,qlever-server-d,S,0,0,3644922,0,31,5,futex_do_wait
4924500140127384,3126029,qlever-server-d,S,2467,11,24784248530,16656117,236,3,futex_do_wait
4924500140127384,3126030,qlever-server-d,S,2469,11,24809594814,9800696,228,10,futex_do_wait
4924500140127384,3126031,qlever-server-d,S,0,0,19980,0,1,11,futex_do_wait
4924500140127384,3126032,qlever-server-d,S,0,0,169310,0,5,0,ep_poll
4924500140127384,3126033,qlever-server-d,S,0,0,559311,0,9,10,futex_do_wait
4924500140127384,3126034,qlever-server-d,S,5,42,483075641,75417151,2647,7,ep_poll
4924500140127384,3126035,qlever-server-d,S,4,32,365326152,92752271,3002,6,futex_do_wait
4924500140127384,0,__system__,-,1024800939,7867829233,0,0,0,-1,-
