kind,index,t_ns,value
enter,0,4924490719722884,3126839
header_yield,0,4924490719752194,0
header_resumed,0,4924490719755604,0
getresult_done,0,4924490719824244,101420
plan_begin,0,4924490719827904,0
submit,0,4924490737143123,8192
submit,1,4924490737152163,8192
submit,2,4924490737198623,8192
submit,3,4924490737199063,8192
submit,4,4924490737201463,8192
submit,5,4924490737202243,8192
submit,6,4924490737204863,8192
submit,7,4924490737205203,8192
submit,8,4924490737205673,8192
submit,9,4924490737210753,8192
submit,10,4924490737211083,8192
submit,11,4924490737211323,8192
submit,12,4924490745050494,8192
submit,13,4924490745053944,8192
submit,14,4924490745054284,8192
submit,15,4924490745054594,8192
submit,16,4924490745054934,8192
submit,17,4924490745069224,8192
submit,18,4924490745069504,8192
submit,19,4924490745069834,8192
submit,20,4924490745070154,8192
submit,21,4924490745070404,8192
submit,22,4924490745072764,8192
submit,23,4924490745073004,8192
submit,24,4924490745073334,8192
submit,25,4924490750378764,8192
submit,26,4924490750383174,8192
submit,27,4924490750384004,8192
submit,28,4924490750395014,8192
submit,29,4924490750395484,8192
submit,30,4924490750396294,8192
submit,31,4924490750404944,8192
submit,32,4924490750405764,8192
submit,33,4924490750423424,8192
submit,34,4924490750424674,8192
submit,35,4924490750425134,8192
submit,36,4924490750425664,8192
submit,37,4924490750426134,8192
submit,38,4924490755812423,8192
submit,39,4924490755818063,8192
submit,40,4924490755818823,8192
submit,41,4924490755819063,8192
submit,42,4924490755819293,8192
submit,43,4924490755825413,8192
submit,44,4924490755825903,8192
submit,45,4924490755826143,8192
submit,46,4924490755826373,8192
submit,47,4924490755826613,8192
submit,48,4924490755826943,8192
submit,49,4924490755828663,8192
submit,50,4924490755828903,8192
submit,51,4924490762040066,8192
submit,52,4924490762045126,8192
submit,53,4924490762045566,8192
submit,54,4924490762046066,8192
submit,55,4924490762046546,8192
submit,56,4924490762047146,8192
submit,57,4924490762051796,8192
submit,58,4924490762052106,8192
submit,59,4924490762052416,8192
submit,60,4924490762077246,8192
submit,61,4924490762077516,8192
submit,62,4924490762077806,8192
submit,63,4924490762078196,8192
submit,64,4924490768569247,8192
submit,65,4924490768590567,8192
submit,66,4924490768591097,8192
submit,67,4924490768593767,8192
submit,68,4924490768594167,8192
submit,69,4924490768594477,8192
submit,70,4924490768594987,8192
submit,71,4924490768595367,8192
submit,72,4924490768595737,8192
submit,73,4924490768596117,8192
submit,74,4924490768596397,8192
submit,75,4924490768596767,8192
submit,76,4924490777182453,8192
submit,77,4924490777185863,8192
submit,78,4924490777200953,8192
submit,79,4924490777201473,8192
submit,80,4924490777202083,8192
submit,81,4924490777202363,8192
submit,82,4924490777202733,8192
submit,83,4924490777203043,8192
submit,84,4924490777203513,8192
submit,85,4924490777203793,8192
submit,86,4924490777204103,8192
submit,87,4924490777204453,8192
submit,88,4924490777204753,8192
submit,89,4924490788797435,8192
submit,90,4924490788801885,8192
submit,91,4924490788802195,8192
submit,92,4924490788802645,8192
submit,93,4924490788802945,8192
submit,94,4924490788803235,8192
submit,95,4924490788803535,8192
submit,96,4924490788803955,8192
submit,97,4924490788809745,8192
submit,98,4924490788810145,8192
submit,99,4924490788824665,8192
submit,100,4924490788824985,8192
submit,101,4924490788827525,8192
submit,102,4924490798120935,8192
submit,103,4924490798127265,8192
submit,104,4924490798128015,8192
submit,105,4924490798128515,8192
submit,106,4924490798128795,8192
submit,107,4924490798129325,8192
submit,108,4924490798129615,8192
submit,109,4924490798129885,8192
submit,110,4924490798130255,8192
submit,111,4924490798130545,8192
submit,112,4924490798140545,8192
submit,113,4924490798141515,8192
submit,114,4924490798141785,8192
submit,115,4924490817038763,8192
submit,116,4924490817049773,8192
submit,117,4924490817050313,8192
submit,118,4924490817050753,8192
submit,119,4924490817051063,8192
submit,120,4924490817065853,8192
submit,121,4924490817066263,8192
submit,122,4924490817066753,8192
submit,123,4924490817067053,8192
submit,124,4924490817080983,8192
submit,125,4924490817081273,8192
submit,126,4924490817081683,8192
submit,127,4924490826299584,8192
submit,128,4924490826304054,8192
submit,129,4924490826331323,8192
submit,130,4924490826331653,8192
submit,131,4924490826331943,8192
submit,132,4924490826332313,8192
submit,133,4924490826332693,8192
submit,134,4924490826335203,8192
submit,135,4924490826335543,8192
submit,136,4924490826335823,8192
submit,137,4924490826336093,8192
submit,138,4924490826336363,8192
submit,139,4924490826339213,8192
submit,140,4924490834139875,8192
submit,141,4924490834144815,8192
submit,142,4924490834145615,8192
submit,143,4924490834146425,8192
submit,144,4924490834147055,8192
submit,145,4924490834148115,8192
submit,146,4924490834148695,8192
submit,147,4924490834148995,8192
submit,148,4924490834149465,8192
submit,149,4924490834151855,8192
submit,150,4924490834152315,8192
submit,151,4924490834152825,8192
submit,152,4924490834153375,8192
submit,153,4924490840857334,8192
submit,154,4924490840860954,8192
submit,155,4924490840861374,8192
submit,156,4924490840861774,8192
submit,157,4924490840862164,8192
submit,158,4924490840862594,8192
submit,159,4924490840862894,8192
submit,160,4924490840863204,8192
submit,161,4924490840875254,8192
submit,162,4924490840875664,8192
submit,163,4924490840875964,8192
submit,164,4924490840876274,8192
submit,165,4924490840876574,8192
submit,166,4924490852609496,8192
submit,167,4924490852612936,8192
submit,168,4924490852613366,8192
submit,169,4924490852613806,8192
submit,170,4924490852614116,8192
submit,171,4924490852614636,8192
submit,172,4924490852614926,8192
submit,173,4924490852628556,8192
submit,174,4924490852628876,8192
submit,175,4924490852631456,8192
submit,176,4924490852632676,8192
submit,177,4924490852632986,8192
submit,178,4924490860915574,8192
submit,179,4924490860919694,8192
submit,180,4924490860920474,8192
submit,181,4924490860920844,8192
submit,182,4924490860927153,8192
submit,183,4924490860927463,8192
submit,184,4924490860927823,8192
submit,185,4924490860928223,8192
submit,186,4924490860928693,8192
submit,187,4924490860929023,8192
submit,188,4924490860929403,8192
submit,189,4924490860929703,8192
submit,190,4924490860930093,8192
submit,191,4924490865932076,8192
submit,192,4924490865936406,8192
submit,193,4924490865941926,8192
submit,194,4924490865942326,8192
submit,195,4924490865942816,8192
submit,196,4924490865943216,8192
submit,197,4924490865943506,8192
submit,198,4924490865943806,8192
submit,199,4924490865944886,8192
submit,200,4924490865945226,8192
submit,201,4924490865945516,8192
submit,202,4924490865945826,8192
submit,203,4924490873612598,8192
submit,204,4924490873619418,8192
submit,205,4924490873619888,8192
submit,206,4924490873620288,8192
submit,207,4924490873622788,8192
submit,208,4924490873623238,8192
submit,209,4924490873623538,8192
submit,210,4924490873623818,8192
submit,211,4924490873626018,8192
submit,212,4924490873626388,8192
submit,213,4924490873626718,8192
submit,214,4924490873627068,8192
submit,215,4924490873627538,8192
submit,216,4924490879075137,8192
submit,217,4924490879079467,8192
submit,218,4924490879079857,8192
submit,219,4924490879080637,8192
submit,220,4924490879081757,8192
submit,221,4924490879082387,8192
submit,222,4924490879082797,8192
submit,223,4924490879083457,8192
submit,224,4924490879083747,8192
submit,225,4924490879095637,8192
submit,226,4924490879095977,8192
submit,227,4924490879096557,8192
submit,228,4924490885145261,8192
submit,229,4924490885150321,8192
submit,230,4924490885150861,8192
submit,231,4924490885151521,8192
submit,232,4924490885152061,8192
submit,233,4924490885152341,8192
submit,234,4924490885152731,8192
submit,235,4924490885159471,8192
submit,236,4924490885159971,8192
submit,237,4924490885160261,8192
submit,238,4924490885160551,8192
submit,239,4924490885161111,8192
submit,240,4924490885161661,8192
submit,241,4924490892082349,8192
submit,242,4924490892086509,8192
submit,243,4924490892086829,8192
submit,244,4924490892087319,8192
submit,245,4924490892087609,8192
submit,246,4924490892089839,8192
submit,247,4924490892090079,8192
submit,248,4924490892090399,8192
submit,249,4924490892096749,8192
submit,250,4924490892097219,8192
submit,251,4924490892097459,8192
submit,252,4924490892105439,8192
submit,253,4924490898077854,8192
submit,254,4924490898082254,8192
submit,255,4924490898082664,8192
submit,256,4924490898083164,8192
submit,257,4924490898123694,8192
submit,258,4924490898124194,8192
submit,259,4924490898124434,8192
submit,260,4924490898126694,8192
submit,261,4924490898126984,8192
submit,262,4924490898127224,8192
submit,263,4924490898129424,8192
submit,264,4924490898129664,8192
submit,265,4924490898130024,8192
submit,266,4924490903723182,8192
submit,267,4924490903728602,8192
submit,268,4924490903729042,8192
submit,269,4924490903729472,8192
submit,270,4924490903729992,8192
submit,271,4924490903730452,8192
submit,272,4924490903730912,8192
submit,273,4924490903731502,8192
submit,274,4924490903731842,8192
submit,275,4924490903734782,8192
submit,276,4924490903735102,8192
submit,277,4924490903735422,8192
submit,278,4924490910911498,8192
submit,279,4924490910916938,8192
submit,280,4924490910917658,8192
submit,281,4924490910918608,8192
submit,282,4924490910919208,8192
submit,283,4924490910919648,8192
submit,284,4924490910929338,8192
submit,285,4924490910929818,8192
submit,286,4924490910930148,8192
submit,287,4924490910930578,8192
submit,288,4924490910930898,8192
submit,289,4924490910935468,8192
submit,290,4924490910935978,8192
submit,291,4924490918905298,8192
submit,292,4924490918909798,8192
submit,293,4924490918910398,8192
submit,294,4924490918915468,8192
submit,295,4924490918915918,8192
submit,296,4924490918916218,8192
submit,297,4924490918916698,8192
submit,298,4924490918917218,8192
submit,299,4924490918918458,8192
submit,300,4924490918918898,8192
submit,301,4924490918919318,8192
submit,302,4924490918919708,8192
submit,303,4924490934173283,8192
submit,304,4924490934179643,8192
submit,305,4924490934182203,8192
submit,306,4924490934182493,8192
submit,307,4924490934183033,8192
submit,308,4924490934183473,8192
submit,309,4924490934183893,8192
submit,310,4924490934184133,8192
submit,311,4924490934184373,8192
submit,312,4924490934184693,8192
submit,313,4924490934184933,8192
submit,314,4924490934185253,8192
submit,315,4924490934185493,8192
submit,316,4924490946471521,8192
submit,317,4924490946476241,8192
submit,318,4924490946476651,8192
submit,319,4924490946477581,8192
submit,320,4924490946480141,8192
submit,321,4924490946484151,8192
submit,322,4924490946484741,8192
submit,323,4924490946485281,8192
submit,324,4924490946485811,8192
submit,325,4924490946486141,8192
submit,326,4924490946486541,8192
submit,327,4924490946493431,8192
submit,328,4924490957189470,8192
submit,329,4924490957194780,8192
submit,330,4924490957195080,8192
submit,331,4924490957195460,8192
submit,332,4924490957195910,8192
submit,333,4924490957196200,8192
submit,334,4924490957196600,8192
submit,335,4924490957196900,8192
submit,336,4924490957197170,8192
submit,337,4924490957197460,8192
submit,338,4924490957197750,8192
submit,339,4924490957198140,8192
submit,340,4924490957198570,8192
submit,341,4924490966855938,8192
submit,342,4924490966866758,8192
submit,343,4924490966867408,8192
submit,344,4924490966867808,8192
submit,345,4924490966868078,8192
submit,346,4924490966870908,8192
submit,347,4924490966871197,8192
submit,348,4924490966873867,8192
submit,349,4924490966879707,8192
submit,350,4924490966880127,8192
submit,351,4924490966880417,8192
submit,352,4924490966880717,8192
submit,353,4924490975460653,8192
submit,354,4924490975464923,8192
submit,355,4924490975465343,8192
submit,356,4924490975465733,8192
submit,357,4924490975466433,8192
submit,358,4924490975467083,8192
submit,359,4924490975467383,8192
submit,360,4924490975467663,8192
submit,361,4924490975467943,8192
submit,362,4924490975468403,8192
submit,363,4924490975468683,8192
submit,364,4924490975468973,8192
submit,365,4924490975469263,8192
submit,366,4924490975469563,8192
submit,367,4924490986078853,8192
submit,368,4924490986082903,8192
submit,369,4924490986090573,8192
submit,370,4924490986091203,8192
submit,371,4924490986091513,8192
submit,372,4924490986091973,8192
submit,373,4924490986092273,8192
submit,374,4924490986092783,8192
submit,375,4924490986093303,8192
submit,376,4924490986093683,8192
submit,377,4924490986094073,8192
submit,378,4924490986094453,8192
submit,379,4924490993232299,8192
submit,380,4924490993236509,8192
submit,381,4924490993237129,8192
submit,382,4924490993237719,8192
submit,383,4924490993238239,8192
submit,384,4924490993238759,8192
submit,385,4924490993244029,8192
submit,386,4924490993244349,8192
submit,387,4924490993244769,8192
submit,388,4924490993245169,8192
submit,389,4924490993245559,8192
submit,390,4924490993245979,8192
submit,391,4924490993252739,8192
submit,392,4924491012979271,8192
submit,393,4924491012983651,8192
submit,394,4924491012984031,8192
submit,395,4924491012984351,8192
submit,396,4924491012985011,8192
submit,397,4924491012985501,8192
submit,398,4924491012985921,8192
submit,399,4924491012987681,8192
submit,400,4924491012988031,8192
submit,401,4924491012988421,8192
submit,402,4924491012988661,8192
submit,403,4924491012988901,8192
submit,404,4924491047094255,8192
submit,405,4924491047099035,8192
submit,406,4924491047099875,8192
submit,407,4924491047100445,8192
submit,408,4924491047100875,8192
submit,409,4924491047101485,8192
submit,410,4924491047101905,8192
submit,411,4924491047102215,8192
submit,412,4924491047110125,8192
submit,413,4924491047111855,8192
submit,414,4924491047112195,8192
submit,415,4924491047112605,8192
submit,416,4924491072052377,8192
submit,417,4924491072058777,8192
submit,418,4924491072059607,8192
submit,419,4924491072060177,8192
submit,420,4924491072060677,8192
submit,421,4924491072061407,8192
submit,422,4924491072061727,8192
submit,423,4924491072062137,8192
submit,424,4924491072062577,8192
submit,425,4924491072062887,8192
submit,426,4924491072063297,8192
submit,427,4924491072064037,8192
submit,428,4924491072070097,8192
submit,429,4924491072070637,8192
submit,430,4924491079434042,8192
submit,431,4924491079438912,8192
submit,432,4924491079439642,8192
submit,433,4924491079443042,8192
submit,434,4924491079443392,8192
submit,435,4924491079443702,8192
submit,436,4924491079444292,8192
submit,437,4924491079444622,8192
submit,438,4924491079445172,8192
submit,439,4924491079445482,8192
submit,440,4924491079446042,8192
submit,441,4924491079446362,8192
submit,442,4924491079449152,8192
submit,443,4924491087247983,8192
submit,444,4924491087253173,8192
submit,445,4924491087253623,8192
submit,446,4924491087254153,8192
submit,447,4924491087254573,8192
submit,448,4924491087255593,8192
submit,449,4924491087263713,8192
submit,450,4924491087264293,8192
submit,451,4924491087264863,8192
submit,452,4924491087265703,8192
submit,453,4924491087273293,8192
submit,454,4924491087273753,8192
submit,455,4924491099949298,8192
submit,456,4924491099954558,8192
submit,457,4924491099954978,8192
submit,458,4924491099955638,8192
submit,459,4924491099955908,8192
submit,460,4924491099956368,8192
submit,461,4924491099956648,8192
submit,462,4924491099957048,8192
submit,463,4924491099957448,8192
submit,464,4924491099958018,8192
submit,465,4924491099958318,8192
submit,466,4924491099958698,8192
submit,467,4924491099958998,8192
submit,468,4924491110557138,8192
submit,469,4924491110563548,8192
submit,470,4924491110571428,8192
submit,471,4924491110572138,8192
submit,472,4924491110580098,8192
submit,473,4924491110580898,8192
submit,474,4924491110581528,8192
submit,475,4924491110582328,8192
submit,476,4924491110585218,8192
submit,477,4924491110585848,8192
submit,478,4924491110586448,8192
submit,479,4924491110587068,8192
submit,480,4924491110587378,8192
submit,481,4924491117895663,8192
submit,482,4924491117899803,8192
submit,483,4924491117900543,8192
submit,484,4924491117901173,8192
submit,485,4924491117901553,8192
submit,486,4924491117902163,8192
submit,487,4924491117910003,8192
submit,488,4924491117910443,8192
submit,489,4924491117910783,8192
submit,490,4924491117911213,8192
submit,491,4924491117911543,8192
submit,492,4924491117911873,8192
submit,493,4924491117912203,8192
submit,494,4924491127385422,8192
submit,495,4924491127388722,8192
submit,496,4924491127389172,8192
submit,497,4924491127396222,8192
submit,498,4924491127396682,8192
submit,499,4924491127404841,8192
submit,500,4924491127405351,8192
submit,501,4924491127405731,8192
submit,502,4924491127406101,8192
submit,503,4924491127406471,8192
submit,504,4924491127406771,8192
submit,505,4924491127407051,8192
submit,506,4924491135530030,8192
submit,507,4924491135536040,8192
submit,508,4924491135562570,8192
submit,509,4924491135563120,8192
submit,510,4924491135564140,8192
submit,511,4924491135565050,8192
submit,512,4924491135565570,8192
submit,513,4924491135652789,8192
submit,514,4924491135653229,8192
submit,515,4924491135653519,8192
submit,516,4924491135654109,8192
submit,517,4924491135654429,8192
submit,518,4924491135654719,8192
submit,519,4924491147740889,8192
submit,520,4924491147745409,8192
submit,521,4924491147753029,8192
submit,522,4924491147753609,8192
submit,523,4924491147754179,8192
submit,524,4924491147754679,8192
submit,525,4924491147754969,8192
submit,526,4924491147755319,8192
submit,527,4924491147757819,8192
submit,528,4924491147758249,8192
submit,529,4924491147758559,8192
submit,530,4924491147758869,8192
submit,531,4924491158207410,8192
submit,532,4924491158219540,8192
submit,533,4924491158219980,8192
submit,534,4924491158220460,8192
submit,535,4924491158220940,8192
submit,536,4924491158221480,8192
submit,537,4924491158223260,8192
submit,538,4924491158223890,8192
submit,539,4924491158224190,8192
submit,540,4924491158224490,8192
submit,541,4924491158224800,8192
submit,542,4924491158225090,8192
submit,543,4924491171731308,8192
submit,544,4924491171737028,8192
submit,545,4924491171743748,8192
submit,546,4924491171744188,8192
submit,547,4924491171744568,8192
submit,548,4924491171745098,8192
submit,549,4924491171747098,8192
submit,550,4924491171747458,8192
submit,551,4924491171747748,8192
submit,552,4924491171748118,8192
submit,553,4924491171748388,8192
submit,554,4924491171757778,8192
submit,555,4924491171758348,8192
submit,556,4924491178844585,8192
submit,557,4924491178848485,8192
submit,558,4924491178849095,8192
submit,559,4924491178849565,8192
submit,560,4924491178849955,8192
submit,561,4924491178850255,8192
submit,562,4924491178850635,8192
submit,563,4924491178850935,8192
submit,564,4924491178851345,8192
submit,565,4924491178851735,8192
submit,566,4924491178852135,8192
submit,567,4924491178852435,8192
submit,568,4924491178852905,8192
submit,569,4924491184904859,8192
submit,570,4924491184908889,8192
submit,571,4924491184917149,8192
submit,572,4924491184917649,8192
submit,573,4924491184918049,8192
submit,574,4924491184918599,8192
submit,575,4924491184921079,8192
submit,576,4924491184921369,8192
submit,577,4924491184925269,8192
submit,578,4924491184925649,8192
submit,579,4924491184925949,8192
submit,580,4924491184926439,8192
submit,581,4924491190751816,8192
submit,582,4924491190756516,8192
submit,583,4924491190756836,8192
submit,584,4924491190757476,8192
submit,585,4924491190757966,8192
submit,586,4924491190758206,8192
submit,587,4924491190758446,8192
submit,588,4924491190758756,8192
submit,589,4924491190759096,8192
submit,590,4924491190759326,8192
submit,591,4924491190763606,8192
submit,592,4924491190763936,8192
submit,593,4924491190764336,8192
submit,594,4924491202902114,8192
submit,595,4924491202906174,8192
submit,596,4924491202913344,8192
submit,597,4924491202913684,8192
submit,598,4924491202914004,8192
submit,599,4924491202916444,8192
submit,600,4924491202917024,8192
submit,601,4924491202917364,8192
submit,602,4924491202917664,8192
submit,603,4924491202917954,8192
submit,604,4924491202918254,8192
submit,605,4924491202918664,8192
submit,606,4924491202918954,8192
submit,607,4924491212068925,8192
submit,608,4924491212073125,8192
submit,609,4924491212074505,8192
submit,610,4924491212075145,8192
submit,611,4924491212075675,8192
submit,612,4924491212076205,8192
submit,613,4924491212076445,8192
submit,614,4924491212076765,8192
submit,615,4924491212080235,8192
submit,616,4924491212080555,8192
submit,617,4924491212080795,8192
submit,618,4924491212084395,8192
submit,619,4924491220177294,8192
submit,620,4924491220184064,8192
submit,621,4924491220184534,8192
submit,622,4924491220185084,8192
submit,623,4924491220185514,8192
submit,624,4924491220186644,8192
submit,625,4924491220187074,8192
submit,626,4924491220187354,8192
submit,627,4924491220187624,8192
submit,628,4924491220187894,8192
submit,629,4924491220188184,8192
submit,630,4924491220188454,8192
submit,631,4924491227629358,8192
submit,632,4924491227633368,8192
submit,633,4924491227633728,8192
submit,634,4924491227634058,8192
submit,635,4924491227634338,8192
submit,636,4924491227634898,8192
submit,637,4924491227635128,8192
submit,638,4924491227635368,8192
submit,639,4924491227642438,8192
submit,640,4924491227642758,8192
submit,641,4924491227646538,8192
submit,642,4924491227646868,8192
submit,643,4924491227647108,8192
submit,644,4924491227647658,8192
submit,645,4924491243411910,8192
submit,646,4924491243416770,8192
submit,647,4924491243417180,8192
submit,648,4924491243417750,8192
submit,649,4924491243422240,8192
submit,650,4924491243424660,8192
submit,651,4924491243425070,8192
submit,652,4924491243425600,8192
submit,653,4924491243425910,8192
submit,654,4924491243426540,8192
submit,655,4924491243426920,8192
submit,656,4924491243427370,8192
submit,657,4924491243427760,8192
submit,658,4924491268174094,8192
submit,659,4924491268178874,8192
submit,660,4924491268187154,8192
submit,661,4924491268187594,8192
submit,662,4924491268188034,8192
submit,663,4924491268188384,8192
submit,664,4924491268188864,8192
submit,665,4924491268189254,8192
submit,666,4924491268189714,8192
submit,667,4924491268190094,8192
submit,668,4924491268190484,8192
submit,669,4924491268190814,8192
submit,670,4924491290439047,8192
submit,671,4924491290443047,8192
submit,672,4924491290443777,8192
submit,673,4924491290447836,8192
submit,674,4924491290448376,8192
submit,675,4924491290448776,8192
submit,676,4924491290449066,8192
submit,677,4924491290449356,8192
submit,678,4924491290449646,8192
submit,679,4924491290450016,8192
submit,680,4924491290450306,8192
submit,681,4924491290450596,8192
submit,682,4924491290456646,8192
submit,683,4924491306545625,8192
submit,684,4924491306550185,8192
submit,685,4924491306550545,8192
submit,686,4924491306551215,8192
submit,687,4924491306551485,8192
submit,688,4924491306551935,8192
submit,689,4924491306552205,8192
submit,690,4924491306552575,8192
submit,691,4924491306552835,8192
submit,692,4924491306553495,8192
submit,693,4924491306553765,8192
submit,694,4924491306554255,8192
submit,695,4924491321171746,8192
submit,696,4924491321177426,8192
submit,697,4924491321177846,8192
submit,698,4924491321178686,8192
submit,699,4924491321180596,8192
submit,700,4924491321181056,8192
submit,701,4924491321181526,8192
submit,702,4924491321181816,8192
submit,703,4924491321189316,8192
submit,704,4924491321189686,8192
submit,705,4924491321193206,8192
submit,706,4924491321193556,8192
submit,707,4924491344322312,8192
submit,708,4924491344327602,8192
submit,709,4924491344332532,8192
submit,710,4924491344333552,8192
submit,711,4924491344334162,8192
submit,712,4924491344335032,8192
submit,713,4924491344335432,8192
submit,714,4924491344335892,8192
submit,715,4924491344336582,8192
submit,716,4924491344336982,8192
submit,717,4924491344337372,8192
submit,718,4924491344337752,8192
submit,719,4924491344338122,8192
submit,720,4924491365837900,8192
submit,721,4924491365842420,8192
submit,722,4924491365842870,8192
submit,723,4924491365843250,8192
submit,724,4924491365858410,8192
submit,725,4924491365858700,8192
submit,726,4924491365859070,8192
submit,727,4924491365859360,8192
submit,728,4924491365859650,8192
submit,729,4924491365859940,8192
submit,730,4924491365860300,8192
submit,731,4924491365860580,8192
submit,732,4924491418299426,8192
submit,733,4924491418303506,8192
submit,734,4924491418303956,8192
submit,735,4924491418304916,8192
submit,736,4924491418305806,8192
submit,737,4924491418308606,8192
submit,738,4924491418309256,8192
submit,739,4924491418309726,8192
submit,740,4924491418310336,8192
submit,741,4924491418310976,8192
submit,742,4924491418311346,8192
submit,743,4924491418311796,8192
submit,744,4924491461444222,8192
submit,745,4924491461448712,8192
submit,746,4924491461468992,8192
submit,747,4924491461469402,8192
submit,748,4924491461469792,8192
submit,749,4924491461471772,8192
submit,750,4924491461472132,8192
submit,751,4924491461472472,8192
submit,752,4924491461472842,8192
submit,753,4924491461473212,8192
submit,754,4924491461474722,8192
submit,755,4924491461475322,8192
submit,756,4924491461475832,8192
submit,757,4924491512648027,8192
submit,758,4924491512653197,8192
submit,759,4924491512653757,8192
submit,760,4924491512654447,8192
submit,761,4924491512655037,8192
submit,762,4924491512655557,8192
submit,763,4924491512656107,8192
submit,764,4924491512656507,8192
submit,765,4924491512656937,8192
submit,766,4924491512657247,8192
submit,767,4924491512663437,8192
submit,768,4924491512663757,8192
submit,769,4924491512668547,8192
submit,770,4924491542297174,8192
submit,771,4924491542302574,8192
submit,772,4924491542303034,8192
submit,773,4924491542303434,8192
submit,774,4924491542303924,8192
submit,775,4924491542304314,8192
submit,776,4924491542304704,8192
submit,777,4924491542305114,8192
submit,778,4924491542305524,8192
submit,779,4924491542306144,8192
submit,780,4924491542306764,8192
submit,781,4924491542307334,8192
submit,782,4924491567244477,8192
submit,783,4924491567248287,8192
submit,784,4924491567248837,8192
submit,785,4924491567249297,8192
submit,786,4924491567249807,8192
submit,787,4924491567250217,8192
submit,788,4924491567256877,8192
submit,789,4924491567257157,8192
submit,790,4924491567257607,8192
submit,791,4924491567257887,8192
submit,792,4924491567258337,8192
submit,793,4924491567258617,8192
submit,794,4924491567258907,8192
submit,795,4924491567259197,8192
submit,796,4924491574421653,8192
submit,797,4924491574425453,8192
submit,798,4924491574426003,8192
submit,799,4924491574431733,8192
submit,800,4924491574432463,8192
submit,801,4924491574434493,8192
submit,802,4924491574435223,8192
submit,803,4924491574435713,8192
submit,804,4924491574435983,8192
submit,805,4924491574436433,8192
submit,806,4924491574436843,8192
submit,807,4924491574437113,8192
submit,808,4924491574437523,8192
submit,809,4924491580411418,8192
submit,810,4924491580431288,8192
submit,811,4924491580431728,8192
submit,812,4924491580432238,8192
submit,813,4924491580432528,8192
submit,814,4924491580432818,8192
submit,815,4924491580433108,8192
submit,816,4924491580433468,8192
submit,817,4924491580433758,8192
submit,818,4924491580434048,8192
submit,819,4924491580434338,8192
submit,820,4924491580434718,8192
submit,821,4924491599729353,8192
submit,822,4924491599734693,8192
submit,823,4924491599735233,8192
submit,824,4924491599735873,8192
submit,825,4924491599736373,8192
submit,826,4924491599737393,8192
submit,827,4924491599737793,8192
submit,828,4924491599743513,8192
submit,829,4924491599743913,8192
submit,830,4924491599744273,8192
submit,831,4924491599753043,8192
submit,832,4924491599753433,8192
submit,833,4924491599755163,8192
submit,834,4924491633731018,8192
submit,835,4924491633735468,8192
submit,836,4924491633735988,8192
submit,837,4924491633736428,8192
submit,838,4924491633737217,8192
submit,839,4924491633737957,8192
submit,840,4924491633738367,8192
submit,841,4924491633738957,8192
submit,842,4924491633739547,8192
submit,843,4924491633740217,8192
submit,844,4924491633740747,8192
submit,845,4924491633741327,8192
submit,846,4924491660241548,8192
submit,847,4924491660248018,8192
submit,848,4924491660248808,8192
submit,849,4924491660252048,8192
submit,850,4924491660252508,8192
submit,851,4924491660253268,8192
submit,852,4924491660264878,8192
submit,853,4924491660265538,8192
submit,854,4924491660265808,8192
submit,855,4924491660266258,8192
submit,856,4924491660266568,8192
submit,857,4924491660266848,8192
submit,858,4924491682624030,8192
submit,859,4924491682628740,8192
submit,860,4924491682629450,8192
submit,861,4924491682630230,8192
submit,862,4924491682630590,8192
submit,863,4924491682636400,8192
submit,864,4924491682637020,8192
submit,865,4924491682638000,8192
submit,866,4924491682638490,8192
submit,867,4924491682638750,8192
submit,868,4924491682639250,8192
submit,869,4924491682639660,8192
submit,870,4924491682640080,8192
submit,871,4924491702889468,8192
submit,872,4924491702893908,8192
submit,873,4924491702894918,8192
submit,874,4924491702901718,8192
submit,875,4924491702902818,8192
submit,876,4924491702903388,8192
submit,877,4924491702904028,8192
submit,878,4924491702904578,8192
submit,879,4924491702905058,8192
submit,880,4924491702905628,8192
submit,881,4924491702906108,8192
submit,882,4924491702906598,8192
submit,883,4924491711098256,8192
submit,884,4924491711103106,8192
submit,885,4924491711103786,8192
submit,886,4924491711104276,8192
submit,887,4924491711109836,8192
submit,888,4924491711110586,8192
submit,889,4924491711111276,8192
submit,890,4924491711111796,8192
submit,891,4924491711112156,8192
submit,892,4924491711112506,8192
submit,893,4924491711112866,8192
submit,894,4924491711113236,8192
submit,895,4924491711121696,8192
submit,896,4924491719991290,8192
submit,897,4924491719999369,8192
submit,898,4924491720010839,8192
submit,899,4924491720013939,8192
submit,900,4924491720014759,8192
submit,901,4924491720015519,8192
submit,902,4924491720016379,8192
submit,903,4924491720017159,8192
submit,904,4924491720017709,8192
submit,905,4924491720038419,8192
submit,906,4924491720038899,8192
submit,907,4924491720039229,8192
submit,908,4924491729651457,8192
submit,909,4924491729655607,8192
submit,910,4924491729656137,8192
submit,911,4924491729656887,8192
submit,912,4924491729657407,8192
submit,913,4924491729657807,8192
submit,914,4924491729658397,8192
submit,915,4924491729658687,8192
submit,916,4924491729665737,8192
submit,917,4924491729666027,8192
submit,918,4924491729666307,8192
submit,919,4924491729666597,8192
submit,920,4924491751478813,8192
submit,921,4924491751483563,8192
submit,922,4924491751484093,8192
submit,923,4924491751484433,8192
submit,924,4924491751492353,8192
submit,925,4924491751492733,8192
submit,926,4924491751495683,8192
submit,927,4924491751496253,8192
submit,928,4924491751496933,8192
submit,929,4924491751503553,8192
submit,930,4924491751503893,8192
submit,931,4924491751504683,8192
submit,932,4924491751505023,8192
submit,933,4924491767807330,8192
submit,934,4924491767812200,8192
submit,935,4924491767812960,8192
submit,936,4924491767813780,8192
submit,937,4924491767814070,8192
submit,938,4924491767816610,8192
submit,939,4924491767816890,8192
submit,940,4924491767819200,8192
submit,941,4924491767819490,8192
submit,942,4924491767819780,8192
submit,943,4924491767821970,8192
submit,944,4924491767822410,8192
submit,945,4924491782678489,8192
submit,946,4924491782689448,8192
submit,947,4924491782690038,8192
submit,948,4924491782690808,8192
submit,949,4924491782692098,8192
submit,950,4924491782692498,8192
submit,951,4924491782692788,8192
submit,952,4924491782693168,8192
submit,953,4924491782693458,8192
submit,954,4924491782693818,8192
submit,955,4924491782694168,8192
submit,956,4924491782694668,8192
submit,957,4924491782694948,8192
submit,958,4924491790115673,8192
submit,959,4924491790126063,8192
submit,960,4924491790126623,8192
submit,961,4924491790131903,8192
submit,962,4924491790132543,8192
submit,963,4924491790133153,8192
submit,964,4924491790133503,8192
submit,965,4924491790133863,8192
submit,966,4924491790134223,8192
submit,967,4924491790134603,8192
submit,968,4924491790134983,8192
submit,969,4924491790135273,8192
submit,970,4924491803101705,8192
submit,971,4924491803105605,8192
submit,972,4924491803110515,8192
submit,973,4924491803110885,8192
submit,974,4924491803111265,8192
submit,975,4924491803111625,8192
submit,976,4924491803117975,8192
submit,977,4924491803118265,8192
submit,978,4924491803118555,8192
submit,979,4924491803118925,8192
submit,980,4924491803121605,8192
submit,981,4924491803121895,8192
submit,982,4924491803122175,8192
submit,983,4924491821021431,8192
submit,984,4924491821027141,8192
submit,985,4924491821028611,8192
submit,986,4924491821029401,8192
submit,987,4924491821030241,8192
submit,988,4924491821030881,8192
submit,989,4924491821038631,8192
submit,990,4924491821041770,8192
submit,991,4924491821042200,8192
submit,992,4924491821042910,8192
submit,993,4924491821049230,8192
submit,994,4924491821049920,8192
submit,995,4924491837168259,8192
submit,996,4924491837172849,8192
submit,997,4924491837173539,8192
submit,998,4924491837173989,8192
submit,999,4924491837176029,8192
submit,1000,4924491837176949,8192
submit,1001,4924491837177589,8192
submit,1002,4924491837195739,8192
submit,1003,4924491837196189,8192
submit,1004,4924491837196869,8192
submit,1005,4924491837197339,8192
submit,1006,4924491837202389,8192
submit,1007,4924491837202779,8192
submit,1008,4924491846892876,8192
submit,1009,4924491846898716,8192
submit,1010,4924491846899426,8192
submit,1011,4924491846900046,8192
submit,1012,4924491846909416,8192
submit,1013,4924491846909926,8192
submit,1014,4924491846910336,8192
submit,1015,4924491846910806,8192
submit,1016,4924491846911156,8192
submit,1017,4924491846911426,8192
submit,1018,4924491846911686,8192
submit,1019,4924491846911956,8192
submit,1020,4924491846945566,8192
submit,1021,4924491846945886,8192
submit,1022,4924491853877104,8192
submit,1023,4924491853888104,8192
submit,1024,4924491853888474,8192
submit,1025,4924491854065132,8192
submit,1026,4924491854065742,8192
submit,1027,4924491854066132,8192
submit,1028,4924491854066492,8192
submit,1029,4924491854066782,8192
submit,1030,4924491854067152,8192
submit,1031,4924491854067442,8192
submit,1032,4924491854067822,8192
submit,1033,4924491854068112,8192
submit,1034,4924491890631288,8192
submit,1035,4924491890635968,8192
submit,1036,4924491890636468,8192
submit,1037,4924491890636808,8192
submit,1038,4924491890637358,8192
submit,1039,4924491890637858,8192
submit,1040,4924491890638328,8192
submit,1041,4924491890638678,8192
submit,1042,4924491890639058,8192
submit,1043,4924491890639428,8192
submit,1044,4924491890640018,8192
submit,1045,4924491890640398,8192
submit,1046,4924491890648107,8192
submit,1047,4924491954654157,8192
submit,1048,4924491954658177,8192
submit,1049,4924491954663387,8192
submit,1050,4924491954663957,8192
submit,1051,4924491954664327,8192
submit,1052,4924491954664557,8192
submit,1053,4924491954664937,8192
submit,1054,4924491954677046,8192
submit,1055,4924491954679196,8192
submit,1056,4924491954679426,8192
submit,1057,4924491954680096,8192
submit,1058,4924491954680336,8192
submit,1059,4924491996730781,8192
submit,1060,4924491996736461,8192
submit,1061,4924491996736741,8192
submit,1062,4924491996737011,8192
submit,1063,4924491996737381,8192
submit,1064,4924491996737901,8192
submit,1065,4924491996739631,8192
submit,1066,4924491996739921,8192
submit,1067,4924491996740391,8192
submit,1068,4924491996740771,8192
submit,1069,4924491996741161,8192
submit,1070,4924491996741431,8192
submit,1071,4924491996741721,8192
submit,1072,4924491996742001,8192
submit,1073,4924491996742271,8192
submit,1074,4924492002093330,8192
submit,1075,4924492002098750,8192
submit,1076,4924492002099400,8192
submit,1077,4924492002106520,8192
submit,1078,4924492002109230,8192
submit,1079,4924492002109780,8192
submit,1080,4924492002113170,8192
submit,1081,4924492002113670,8192
submit,1082,4924492002114280,8192
submit,1083,4924492002114860,8192
submit,1084,4924492002117830,8192
submit,1085,4924492002118200,8192
submit,1086,4924492002118570,8192
submit,1087,4924492002118880,8192
submit,1088,4924492007240932,8192
submit,1089,4924492007250681,8192
submit,1090,4924492007251221,8192
submit,1091,4924492007251631,8192
submit,1092,4924492007252061,8192
submit,1093,4924492007252411,8192
submit,1094,4924492007255281,8192
submit,1095,4924492007255511,8192
submit,1096,4924492007255741,8192
submit,1097,4924492007255971,8192
submit,1098,4924492007258101,8192
submit,1099,4924492007259371,8192
submit,1100,4924492007259771,8192
submit,1101,4924492011858767,8192
submit,1102,4924492011863187,8192
submit,1103,4924492011863787,8192
submit,1104,4924492011864647,8192
submit,1105,4924492011865617,8192
submit,1106,4924492011866357,8192
submit,1107,4924492011867117,8192
submit,1108,4924492011867887,8192
submit,1109,4924492011868357,8192
submit,1110,4924492011868807,8192
submit,1111,4924492011869257,8192
submit,1112,4924492011869777,8192
submit,1113,4924492016975498,8192
submit,1114,4924492016980378,8192
submit,1115,4924492016980658,8192
submit,1116,4924492016981618,8192
submit,1117,4924492016982168,8192
submit,1118,4924492016982708,8192
submit,1119,4924492016986368,8192
submit,1120,4924492016986818,8192
submit,1121,4924492016991688,8192
submit,1122,4924492016991968,8192
submit,1123,4924492016992308,8192
submit,1124,4924492016992588,8192
submit,1125,4924492016995348,8192
submit,1126,4924492016998708,8192
submit,1127,4924492023087643,8192
submit,1128,4924492023105482,8192
submit,1129,4924492023105882,8192
submit,1130,4924492023106282,8192
submit,1131,4924492023106772,8192
submit,1132,4924492023107082,8192
submit,1133,4924492023109682,8192
submit,1134,4924492023110092,8192
submit,1135,4924492023110392,8192
submit,1136,4924492023110772,8192
submit,1137,4924492023111082,8192
submit,1138,4924492023111392,8192
submit,1139,4924492023111712,8192
submit,1140,4924492023112032,8192
submit,1141,4924492028338423,8192
submit,1142,4924492028342523,8192
submit,1143,4924492028343103,8192
submit,1144,4924492028351363,8192
submit,1145,4924492028351633,8192
submit,1146,4924492028352113,8192
submit,1147,4924492028352383,8192
submit,1148,4924492028352653,8192
submit,1149,4924492028355143,8192
submit,1150,4924492028355433,8192
submit,1151,4924492028355833,8192
submit,1152,4924492028356123,8192
submit,1153,4924492028361543,8192
submit,1154,4924492055883696,8192
submit,1155,4924492055889796,8192
submit,1156,4924492055890646,8192
submit,1157,4924492055891466,8192
submit,1158,4924492055892246,8192
submit,1159,4924492055892936,8192
submit,1160,4924492055902796,8192
submit,1161,4924492055903556,8192
submit,1162,4924492055907676,8192
submit,1163,4924492055908066,8192
submit,1164,4924492055908576,8192
submit,1165,4924492055908976,8192
submit,1166,4924492101397444,8192
submit,1167,4924492101402594,8192
submit,1168,4924492101402984,8192
submit,1169,4924492101406204,8192
submit,1170,4924492101406704,8192
submit,1171,4924492101407134,8192
submit,1172,4924492101407844,8192
submit,1173,4924492101408164,8192
submit,1174,4924492101408574,8192
submit,1175,4924492101408864,8192
submit,1176,4924492101409184,8192
submit,1177,4924492101409484,8192
submit,1178,4924492121310015,8192
submit,1179,4924492121314265,8192
submit,1180,4924492121314735,8192
submit,1181,4924492121315305,8192
submit,1182,4924492121316285,8192
submit,1183,4924492121321785,8192
submit,1184,4924492121329155,8192
submit,1185,4924492121332025,8192
submit,1186,4924492121332645,8192
submit,1187,4924492121333565,8192
submit,1188,4924492121336335,8192
submit,1189,4924492121336915,8192
submit,1190,4924492121337335,8192
submit,1191,4924492134018709,8192
submit,1192,4924492134023509,8192
submit,1193,4924492134024119,8192
submit,1194,4924492134024489,8192
submit,1195,4924492134025249,8192
submit,1196,4924492134025679,8192
submit,1197,4924492134026059,8192
submit,1198,4924492134026749,8192
submit,1199,4924492134033799,8192
submit,1200,4924492134034489,8192
submit,1201,4924492134035059,8192
submit,1202,4924492134035349,8192
submit,1203,4924492139563728,8192
submit,1204,4924492139567857,8192
submit,1205,4924492139570487,8192
submit,1206,4924492139570797,8192
submit,1207,4924492139571077,8192
submit,1208,4924492139571587,8192
submit,1209,4924492139571987,8192
submit,1210,4924492139572557,8192
submit,1211,4924492139572867,8192
submit,1212,4924492139573427,8192
submit,1213,4924492139573807,8192
submit,1214,4924492139574117,8192
submit,1215,4924492146737874,8192
submit,1216,4924492146742384,8192
submit,1217,4924492146744494,8192
submit,1218,4924492146744934,8192
submit,1219,4924492146745584,8192
submit,1220,4924492146746444,8192
submit,1221,4924492146754554,8192
submit,1222,4924492146754944,8192
submit,1223,4924492146755214,8192
submit,1224,4924492146755744,8192
submit,1225,4924492146756294,8192
submit,1226,4924492146758874,8192
submit,1227,4924492146759254,8192
submit,1228,4924492153407723,8192
submit,1229,4924492153411883,8192
submit,1230,4924492153412803,8192
submit,1231,4924492153413463,8192
submit,1232,4924492153414443,8192
submit,1233,4924492153415083,8192
submit,1234,4924492153415703,8192
submit,1235,4924492153416473,8192
submit,1236,4924492153416863,8192
submit,1237,4924492153423873,8192
submit,1238,4924492153424243,8192
submit,1239,4924492153424623,8192
submit,1240,4924492161702861,8192
submit,1241,4924492161706841,8192
submit,1242,4924492161707441,8192
submit,1243,4924492161714361,8192
submit,1244,4924492161714981,8192
submit,1245,4924492161715501,8192
submit,1246,4924492161716031,8192
submit,1247,4924492161722461,8192
submit,1248,4924492161722861,8192
submit,1249,4924492161727981,8192
submit,1250,4924492161728411,8192
submit,1251,4924492161728731,8192
submit,1252,4924492161729441,8192
submit,1253,4924492172703969,8192
submit,1254,4924492172708349,8192
submit,1255,4924492172708709,8192
submit,1256,4924492172709509,8192
submit,1257,4924492172710019,8192
submit,1258,4924492172710599,8192
submit,1259,4924492172711019,8192
submit,1260,4924492172711549,8192
submit,1261,4924492172711879,8192
submit,1262,4924492172712199,8192
submit,1263,4924492172712479,8192
submit,1264,4924492172717119,8192
submit,1265,4924492172717469,8192
submit,1266,4924492181817020,8192
submit,1267,4924492181822160,8192
submit,1268,4924492181822660,8192
submit,1269,4924492181825220,8192
submit,1270,4924492181825600,8192
submit,1271,4924492181827820,8192
submit,1272,4924492181830390,8192
submit,1273,4924492181830730,8192
submit,1274,4924492181831180,8192
submit,1275,4924492181831530,8192
submit,1276,4924492181831880,8192
submit,1277,4924492181832220,8192
submit,1278,4924492190727303,8192
submit,1279,4924492190731413,8192
submit,1280,4924492190731833,8192
submit,1281,4924492190737193,8192
submit,1282,4924492190737973,8192
submit,1283,4924492190738423,8192
submit,1284,4924492190738713,8192
submit,1285,4924492190739013,8192
submit,1286,4924492190739333,8192
submit,1287,4924492190739783,8192
submit,1288,4924492190740113,8192
submit,1289,4924492190740433,8192
submit,1290,4924492190745573,8192
submit,1291,4924492201664661,8192
submit,1292,4924492201669651,8192
submit,1293,4924492201670051,8192
submit,1294,4924492201670641,8192
submit,1295,4924492201671351,8192
submit,1296,4924492201671911,8192
submit,1297,4924492201677521,8192
submit,1298,4924492201678401,8192
submit,1299,4924492201679751,8192
submit,1300,4924492201680221,8192
submit,1301,4924492201680641,8192
submit,1302,4924492201681061,8192
submit,1303,4924492214034178,8192
submit,1304,4924492214039248,8192
submit,1305,4924492214039828,8192
submit,1306,4924492214046648,8192
submit,1307,4924492214047088,8192
submit,1308,4924492214050018,8192
submit,1309,4924492214050528,8192
submit,1310,4924492214050898,8192
submit,1311,4924492214053478,8192
submit,1312,4924492214053788,8192
submit,1313,4924492214060378,8192
submit,1314,4924492214060688,8192
submit,1315,4924492214061108,8192
submit,1316,4924492220717058,8192
submit,1317,4924492220723968,8192
submit,1318,4924492220724628,8192
submit,1319,4924492220725038,8192
submit,1320,4924492220725668,8192
submit,1321,4924492220726128,8192
submit,1322,4924492220726448,8192
submit,1323,4924492220726898,8192
submit,1324,4924492220727568,8192
submit,1325,4924492220727898,8192
submit,1326,4924492220728358,8192
submit,1327,4924492220728678,8192
submit,1328,4924492220729088,8192
submit,1329,4924492228578229,8192
submit,1330,4924492228583639,8192
submit,1331,4924492228584399,8192
submit,1332,4924492228592449,8192
submit,1333,4924492228595319,8192
submit,1334,4924492228595799,8192
submit,1335,4924492228596539,8192
submit,1336,4924492228597089,8192
submit,1337,4924492228597809,8192
submit,1338,4924492228598329,8192
submit,1339,4924492228599369,8192
submit,1340,4924492228599829,8192
submit,1341,4924492228602759,8192
submit,1342,4924492235069900,8192
submit,1343,4924492235074940,8192
submit,1344,4924492235075770,8192
submit,1345,4924492235082060,8192
submit,1346,4924492235082380,8192
submit,1347,4924492235082720,8192
submit,1348,4924492235083130,8192
submit,1349,4924492235085230,8192
submit,1350,4924492235085470,8192
submit,1351,4924492235085940,8192
submit,1352,4924492235086310,8192
submit,1353,4924492235086540,8192
submit,1354,4924492235090460,8192
submit,1355,4924492239854324,8192
submit,1356,4924492239858904,8192
submit,1357,4924492239859194,8192
submit,1358,4924492239859724,8192
submit,1359,4924492239860014,8192
submit,1360,4924492239860684,8192
submit,1361,4924492239861094,8192
submit,1362,4924492239867714,8192
submit,1363,4924492239868014,8192
submit,1364,4924492239868304,8192
submit,1365,4924492239868604,8192
submit,1366,4924492239869284,8192
submit,1367,4924492239869574,8192
submit,1368,4924492239869864,8192
submit,1369,4924492245526422,8192
submit,1370,4924492245531421,8192
submit,1371,4924492245531871,8192
submit,1372,4924492245532321,8192
submit,1373,4924492245532551,8192
submit,1374,4924492245532871,8192
submit,1375,4924492245556921,8192
submit,1376,4924492245557241,8192
submit,1377,4924492245564191,8192
submit,1378,4924492245564421,8192
submit,1379,4924492245564661,8192
submit,1380,4924492245564891,8192
submit,1381,4924492252183091,8192
submit,1382,4924492252187421,8192
submit,1383,4924492252187801,8192
submit,1384,4924492252188411,8192
submit,1385,4924492252188731,8192
submit,1386,4924492252189051,8192
submit,1387,4924492252189381,8192
submit,1388,4924492252189611,8192
submit,1389,4924492252189851,8192
submit,1390,4924492252190301,8192
submit,1391,4924492252190531,8192
submit,1392,4924492252191001,8192
submit,1393,4924492252191231,8192
submit,1394,4924492252191471,8192
submit,1395,4924492258671933,8192
submit,1396,4924492258676533,8192
submit,1397,4924492258680783,8192
submit,1398,4924492258681133,8192
submit,1399,4924492258683233,8192
submit,1400,4924492258685383,8192
submit,1401,4924492258685613,8192
submit,1402,4924492258685843,8192
submit,1403,4924492258686083,8192
submit,1404,4924492258686513,8192
submit,1405,4924492258687663,8192
submit,1406,4924492258687893,8192
submit,1407,4924492258689873,8192
submit,1408,4924492264613348,8192
submit,1409,4924492264619048,8192
submit,1410,4924492264619488,8192
submit,1411,4924492264619918,8192
submit,1412,4924492264620408,8192
submit,1413,4924492264620808,8192
submit,1414,4924492264621038,8192
submit,1415,4924492264621268,8192
submit,1416,4924492264621498,8192
submit,1417,4924492264621858,8192
submit,1418,4924492264624178,8192
submit,1419,4924492264624418,8192
submit,1420,4924492265724760,8192
submit,1421,4924492265754459,2232
submit_done,1422,4924492267564186,7833682
consume_begin,0,4924492267564966,0
consume_end,0,4924492267565866,0
yield_resumed,0,4924492267825274,0
consume_begin,1,4924492267827694,0
consume_end,1,4924492267827824,0
yield_resumed,1,4924492268104052,0
consume_begin,2,4924492268105372,0
consume_end,2,4924492268105642,0
yield_resumed,2,4924492268376840,0
consume_begin,3,4924492268378540,0
consume_end,3,4924492268378720,0
yield_resumed,3,4924492268649568,0
consume_begin,4,4924492268652308,0
consume_end,4,4924492268652498,0
yield_resumed,4,4924492268725547,0
consume_begin,5,4924492268726587,0
consume_end,5,4924492268726717,0
yield_resumed,5,4924492268809417,0
consume_begin,6,4924492268810487,0
consume_end,6,4924492268810777,0
yield_resumed,6,4924492269111194,0
consume_begin,7,4924492269112624,0
consume_end,7,4924492269112814,0
yield_resumed,7,4924492269180284,0
consume_begin,8,4924492269181404,0
consume_end,8,4924492269181644,0
yield_resumed,8,4924492269256363,0
consume_begin,9,4924492269257753,0
consume_end,9,4924492269257983,0
yield_resumed,9,4924492269339013,0
consume_begin,10,4924492269340103,0
consume_end,10,4924492269340603,0
yield_resumed,10,4924492269430322,0
consume_begin,11,4924492269432052,0
consume_end,11,4924492269432212,0
yield_resumed,11,4924492269731180,0
consume_begin,12,4924492269733410,0
consume_end,12,4924492269733620,0
yield_resumed,12,4924492269836709,0
consume_begin,13,4924492269839659,0
consume_end,13,4924492269840019,0
yield_resumed,13,4924492269914938,0
consume_begin,14,4924492269916448,0
consume_end,14,4924492269916678,0
yield_resumed,14,4924492269994588,0
consume_begin,15,4924492269996818,0
consume_end,15,4924492269996978,0
yield_resumed,15,4924492270100137,0
consume_begin,16,4924492270103767,0
consume_end,16,4924492270103927,0
yield_resumed,16,4924492270375935,0
consume_begin,17,4924492270379805,0
consume_end,17,4924492270380075,0
yield_resumed,17,4924492270499304,0
consume_begin,18,4924492270501564,0
consume_end,18,4924492270501824,0
yield_resumed,18,4924492270605803,0
consume_begin,19,4924492270609693,0
consume_end,19,4924492270609833,0
yield_resumed,19,4924492270900461,0
consume_begin,20,4924492270902471,0
consume_end,20,4924492270902701,0
yield_resumed,20,4924492270993460,0
consume_begin,21,4924492270995230,0
consume_end,21,4924492270995510,0
yield_resumed,21,4924492271092409,0
consume_begin,22,4924492271093859,0
consume_end,22,4924492271094119,0
yield_resumed,22,4924492271180459,0
consume_begin,23,4924492271181969,0
consume_end,23,4924492271182369,0
yield_resumed,23,4924492271279528,0
consume_begin,24,4924492271281728,0
consume_end,24,4924492271282238,0
yield_resumed,24,4924492271369507,0
consume_begin,25,4924492271371107,0
consume_end,25,4924492271371387,0
yield_resumed,25,4924492271458867,0
consume_begin,26,4924492271460667,0
consume_end,26,4924492271460927,0
yield_resumed,26,4924492271554306,0
consume_begin,27,4924492271556046,0
consume_end,27,4924492271556286,0
yield_resumed,27,4924492271652895,0
consume_begin,28,4924492271654175,0
consume_end,28,4924492271654515,0
yield_resumed,28,4924492271956993,0
consume_begin,29,4924492271958223,0
consume_end,29,4924492271958513,0
yield_resumed,29,4924492272049402,0
consume_begin,30,4924492272050932,0
consume_end,30,4924492272051322,0
yield_resumed,30,4924492272141172,0
consume_begin,31,4924492272142642,0
consume_end,31,4924492272142862,0
yield_resumed,31,4924492272217791,0
consume_begin,32,4924492272219071,0
consume_end,32,4924492272219331,0
yield_resumed,32,4924492272317200,0
consume_begin,33,4924492272319990,0
consume_end,33,4924492272320200,0
yield_resumed,33,4924492272720037,0
consume_begin,34,4924492272724017,0
consume_end,34,4924492272724187,0
yield_resumed,34,4924492272818567,0
consume_begin,35,4924492272826107,0
consume_end,35,4924492272826247,0
yield_resumed,35,4924492272898636,0
consume_begin,36,4924492272900356,0
consume_end,36,4924492272900516,0
yield_resumed,36,4924492272998115,0
consume_begin,37,4924492273009675,0
consume_end,37,4924492273009815,0
yield_resumed,37,4924492273103634,0
consume_begin,38,4924492273105404,0
consume_end,38,4924492273105614,0
yield_resumed,38,4924492273392872,0
consume_begin,39,4924492273395482,0
consume_end,39,4924492273395902,0
yield_resumed,39,4924492273484041,0
consume_begin,40,4924492273486271,0
consume_end,40,4924492273486741,0
yield_resumed,40,4924492273573811,0
consume_begin,41,4924492273576551,0
consume_end,41,4924492273576861,0
yield_resumed,41,4924492273860649,0
consume_begin,42,4924492273862679,0
consume_end,42,4924492273862949,0
yield_resumed,42,4924492273940568,0
consume_begin,43,4924492273942018,0
consume_end,43,4924492273942278,0
yield_resumed,43,4924492274033187,0
consume_begin,44,4924492274035157,0
consume_end,44,4924492274035847,0
yield_resumed,44,4924492274115087,0
consume_begin,45,4924492274116607,0
consume_end,45,4924492274116827,0
yield_resumed,45,4924492274423814,0
consume_begin,46,4924492274426674,0
consume_end,46,4924492274427044,0
yield_resumed,46,4924492274511454,0
consume_begin,47,4924492274513254,0
consume_end,47,4924492274513404,0
yield_resumed,47,4924492274602333,0
consume_begin,48,4924492274603973,0
consume_end,48,4924492274604153,0
yield_resumed,48,4924492274714472,0
consume_begin,49,4924492274717692,0
consume_end,49,4924492274717952,0
yield_resumed,49,4924492274982720,0
consume_begin,50,4924492274984790,0
consume_end,50,4924492274985130,0
yield_resumed,50,4924492275073310,0
consume_begin,51,4924492275075440,0
consume_end,51,4924492275075710,0
yield_resumed,51,4924492275175509,0
consume_begin,52,4924492275177739,0
consume_end,52,4924492275178079,0
yield_resumed,52,4924492275241788,0
consume_begin,53,4924492275243898,0
consume_end,53,4924492275244188,0
yield_resumed,53,4924492275323648,0
consume_begin,54,4924492275325248,0
consume_end,54,4924492275325548,0
yield_resumed,54,4924492275412297,0
consume_begin,55,4924492275414597,0
consume_end,55,4924492275414777,0
yield_resumed,55,4924492275662275,0
consume_begin,56,4924492275664585,0
consume_end,56,4924492275665145,0
yield_resumed,56,4924492275769034,0
consume_begin,57,4924492275770894,0
consume_end,57,4924492275771064,0
yield_resumed,57,4924492275864104,0
consume_begin,58,4924492275865514,0
consume_end,58,4924492275865784,0
yield_resumed,58,4924492275970943,0
consume_begin,59,4924492275972153,0
consume_end,59,4924492275972543,0
yield_resumed,59,4924492276259381,0
consume_begin,60,4924492276261251,0
consume_end,60,4924492276261731,0
yield_resumed,60,4924492276368290,0
consume_begin,61,4924492276370400,0
consume_end,61,4924492276370960,0
yield_resumed,61,4924492276466159,0
consume_begin,62,4924492276469329,0
consume_end,62,4924492276469559,0
yield_resumed,62,4924492276750457,0
consume_begin,63,4924492276754227,0
consume_end,63,4924492276754567,0
yield_resumed,63,4924492276851756,0
consume_begin,64,4924492276853006,0
consume_end,64,4924492276853346,0
yield_resumed,64,4924492276931306,0
consume_begin,65,4924492276933546,0
consume_end,65,4924492276933796,0
yield_resumed,65,4924492277223403,0
consume_begin,66,4924492277224893,0
consume_end,66,4924492277225333,0
yield_resumed,66,4924492277304933,0
consume_begin,67,4924492277307393,0
consume_end,67,4924492277307643,0
yield_resumed,67,4924492277402552,0
consume_begin,68,4924492277403762,0
consume_end,68,4924492277404102,0
yield_resumed,68,4924492277485511,0
consume_begin,69,4924492277486951,0
consume_end,69,4924492277487191,0
yield_resumed,69,4924492277753669,0
consume_begin,70,4924492277755369,0
consume_end,70,4924492277755879,0
yield_resumed,70,4924492277852839,0
consume_begin,71,4924492277854409,0
consume_end,71,4924492277854689,0
yield_resumed,71,4924492277926898,0
consume_begin,72,4924492277929428,0
consume_end,72,4924492277929838,0
yield_resumed,72,4924492278020267,0
consume_begin,73,4924492278022007,0
consume_end,73,4924492278022327,0
yield_resumed,73,4924492278356145,0
consume_begin,74,4924492278358405,0
consume_end,74,4924492278358865,0
yield_resumed,74,4924492278442524,0
consume_begin,75,4924492278444744,0
consume_end,75,4924492278445194,0
yield_resumed,75,4924492278524804,0
consume_begin,76,4924492278526874,0
consume_end,76,4924492278527124,0
yield_resumed,76,4924492278617523,0
consume_begin,77,4924492278619913,0
consume_end,77,4924492278620163,0
yield_resumed,77,4924492278873191,0
consume_begin,78,4924492278875061,0
consume_end,78,4924492278875621,0
yield_resumed,78,4924492278971650,0
consume_begin,79,4924492278973040,0
consume_end,79,4924492278973240,0
yield_resumed,79,4924492279083509,0
consume_begin,80,4924492279084669,0
consume_end,80,4924492279084899,0
yield_resumed,80,4924492279190069,0
consume_begin,81,4924492279190929,0
consume_end,81,4924492279191219,0
yield_resumed,81,4924492279438827,0
consume_begin,82,4924492279439967,0
consume_end,82,4924492279440187,0
yield_resumed,82,4924492279535206,0
consume_begin,83,4924492279536116,0
consume_end,83,4924492279536316,0
yield_resumed,83,4924492279612095,0
consume_begin,84,4924492279613405,0
consume_end,84,4924492279613685,0
yield_resumed,84,4924492279853984,0
consume_begin,85,4924492279854984,0
consume_end,85,4924492279855184,0
yield_resumed,85,4924492279929153,0
consume_begin,86,4924492279930153,0
consume_end,86,4924492279930253,0
yield_resumed,86,4924492280008532,0
consume_begin,87,4924492280010762,0
consume_end,87,4924492280010882,0
yield_resumed,87,4924492280305100,0
consume_begin,88,4924492280306130,0
consume_end,88,4924492280306240,0
yield_resumed,88,4924492280393940,0
consume_begin,89,4924492280395440,0
consume_end,89,4924492280395560,0
yield_resumed,89,4924492280629388,0
consume_begin,90,4924492280630818,0
consume_end,90,4924492280631068,0
yield_resumed,90,4924492280719307,0
consume_begin,91,4924492280720937,0
consume_end,91,4924492280721097,0
yield_resumed,91,4924492280803187,0
consume_begin,92,4924492280804397,0
consume_end,92,4924492280804727,0
yield_resumed,92,4924492280888666,0
consume_begin,93,4924492280890426,0
consume_end,93,4924492280890596,0
yield_resumed,93,4924492281032685,0
consume_begin,94,4924492281033865,0
consume_end,94,4924492281034215,0
yield_resumed,94,4924492281122324,0
consume_begin,95,4924492281123554,0
consume_end,95,4924492281123894,0
yield_resumed,95,4924492281390502,0
consume_begin,96,4924492281393632,0
consume_end,96,4924492281393872,0
yield_resumed,96,4924492281662280,0
consume_begin,97,4924492281663530,0
consume_end,97,4924492281663730,0
yield_resumed,97,4924492281745669,0
consume_begin,98,4924492281746609,0
consume_end,98,4924492281746739,0
yield_resumed,98,4924492281838629,0
consume_begin,99,4924492281839609,0
consume_end,99,4924492281839719,0
yield_resumed,99,4924492282084217,0
consume_begin,100,4924492282085137,0
consume_end,100,4924492282085277,0
yield_resumed,100,4924492282163586,0
consume_begin,101,4924492282164656,0
consume_end,101,4924492282164776,0
yield_resumed,101,4924492282385075,0
consume_begin,102,4924492282385925,0
consume_end,102,4924492282386045,0
yield_resumed,102,4924492282458284,0
consume_begin,103,4924492282459154,0
consume_end,103,4924492282459264,0
yield_resumed,103,4924492282541113,0
consume_begin,104,4924492282542243,0
consume_end,104,4924492282542503,0
yield_resumed,104,4924492282787662,0
consume_begin,105,4924492282789132,0
consume_end,105,4924492282789252,0
yield_resumed,105,4924492282870951,0
consume_begin,106,4924492282872011,0
consume_end,106,4924492282872231,0
yield_resumed,106,4924492282943540,0
consume_begin,107,4924492282945420,0
consume_end,107,4924492282945530,0
yield_resumed,107,4924492283030170,0
consume_begin,108,4924492283031310,0
consume_end,108,4924492283031530,0
yield_resumed,108,4924492283282538,0
consume_begin,109,4924492283284768,0
consume_end,109,4924492283284988,0
yield_resumed,109,4924492283380677,0
consume_begin,110,4924492283381917,0
consume_end,110,4924492283382067,0
yield_resumed,110,4924492283468296,0
consume_begin,111,4924492283469746,0
consume_end,111,4924492283469906,0
yield_resumed,111,4924492283897953,0
consume_begin,112,4924492283900083,0
consume_end,112,4924492283900433,0
yield_resumed,112,4924492283996203,0
consume_begin,113,4924492283998732,0
consume_end,113,4924492283998942,0
yield_resumed,113,4924492284082762,0
consume_begin,114,4924492284084522,0
consume_end,114,4924492284084822,0
yield_resumed,114,4924492284157041,0
consume_begin,115,4924492284158691,0
consume_end,115,4924492284159031,0
yield_resumed,115,4924492284237481,0
consume_begin,116,4924492284238951,0
consume_end,116,4924492284239351,0
yield_resumed,116,4924492284525289,0
consume_begin,117,4924492284527349,0
consume_end,117,4924492284527839,0
yield_resumed,117,4924492284610148,0
consume_begin,118,4924492284611128,0
consume_end,118,4924492284611378,0
yield_resumed,118,4924492284688147,0
consume_begin,119,4924492284689677,0
consume_end,119,4924492284689967,0
yield_resumed,119,4924492284775487,0
consume_begin,120,4924492284776647,0
consume_end,120,4924492284781357,0
yield_resumed,120,4924492285041685,0
consume_begin,121,4924492285042955,0
consume_end,121,4924492285043215,0
yield_resumed,121,4924492285113044,0
consume_begin,122,4924492285113964,0
consume_end,122,4924492285114304,0
yield_resumed,122,4924492285202544,0
consume_begin,123,4924492285203593,0
consume_end,123,4924492285203843,0
yield_resumed,123,4924492285447562,0
consume_begin,124,4924492285448662,0
consume_end,124,4924492285449072,0
yield_resumed,124,4924492285525561,0
consume_begin,125,4924492285526841,0
consume_end,125,4924492285526951,0
yield_resumed,125,4924492285601531,0
consume_begin,126,4924492285602381,0
consume_end,126,4924492285602561,0
yield_resumed,126,4924492285674730,0
consume_begin,127,4924492285677420,0
consume_end,127,4924492285677540,0
yield_resumed,127,4924492285961728,0
consume_begin,128,4924492285963518,0
consume_end,128,4924492285963788,0
yield_resumed,128,4924492286067507,0
consume_begin,129,4924492286069787,0
consume_end,129,4924492286069997,0
yield_resumed,129,4924492286159086,0
consume_begin,130,4924492286160506,0
consume_end,130,4924492286160726,0
yield_resumed,130,4924492286252696,0
consume_begin,131,4924492286253956,0
consume_end,131,4924492286254166,0
yield_resumed,131,4924492286562873,0
consume_begin,132,4924492286564873,0
consume_end,132,4924492286565083,0
yield_resumed,132,4924492286664592,0
consume_begin,133,4924492287347867,0
consume_end,133,4924492287348297,0
yield_resumed,133,4924492287431487,0
consume_begin,134,4924492287433097,0
consume_end,134,4924492287433437,0
yield_resumed,134,4924492287518946,0
consume_begin,135,4924492287519816,0
consume_end,135,4924492287519946,0
yield_resumed,135,4924492287597515,0
consume_begin,136,4924492288184261,0
consume_end,136,4924492288184611,0
yield_resumed,136,4924492288264190,0
consume_begin,137,4924492288266560,0
consume_end,137,4924492288266810,0
yield_resumed,137,4924492288352970,0
consume_begin,138,4924492288353850,0
consume_end,138,4924492288354140,0
yield_resumed,138,4924492288431219,0
consume_begin,139,4924492288432909,0
consume_end,139,4924492288433139,0
yield_resumed,139,4924492288518189,0
consume_begin,140,4924492288519099,0
consume_end,140,4924492288519479,0
yield_resumed,140,4924492288591148,0
consume_begin,141,4924492288592198,0
consume_end,141,4924492288592418,0
yield_resumed,141,4924492288664447,0
consume_begin,142,4924492288665527,0
consume_end,142,4924492288666027,0
yield_resumed,142,4924492288748477,0
consume_begin,143,4924492288749947,0
consume_end,143,4924492288750237,0
yield_resumed,143,4924492288845066,0
consume_begin,144,4924492288845846,0
consume_end,144,4924492288846116,0
yield_resumed,144,4924492288931025,0
consume_begin,145,4924492289387642,0
consume_end,145,4924492289387832,0
yield_resumed,145,4924492289473501,0
consume_begin,146,4924492289954758,0
consume_end,146,4924492289954948,0
yield_resumed,146,4924492290062407,0
consume_begin,147,4924492290063547,0
consume_end,147,4924492290063777,0
yield_resumed,147,4924492290142696,0
consume_begin,148,4924492290143916,0
consume_end,148,4924492290144306,0
yield_resumed,148,4924492290230316,0
consume_begin,149,4924492290231456,0
consume_end,149,4924492290231936,0
yield_resumed,149,4924492290323135,0
consume_begin,150,4924492290324125,0
consume_end,150,4924492290324385,0
yield_resumed,150,4924492290412754,0
consume_begin,151,4924492290413414,0
consume_end,151,4924492290413554,0
yield_resumed,151,4924492290496934,0
consume_begin,152,4924492290498164,0
consume_end,152,4924492290498464,0
yield_resumed,152,4924492290586723,0
consume_begin,153,4924492290587823,0
consume_end,153,4924492290588093,0
yield_resumed,153,4924492290669352,0
consume_begin,154,4924492290670962,0
consume_end,154,4924492290671302,0
yield_resumed,154,4924492290766912,0
consume_begin,155,4924492290767982,0
consume_end,155,4924492290768192,0
yield_resumed,155,4924492290870251,0
consume_begin,156,4924492290871571,0
consume_end,156,4924492290872061,0
yield_resumed,156,4924492290988500,0
consume_begin,157,4924492290989520,0
consume_end,157,4924492290990030,0
yield_resumed,157,4924492291110039,0
consume_begin,158,4924492291111359,0
consume_end,158,4924492291111719,0
yield_resumed,158,4924492291228748,0
consume_begin,159,4924492291230208,0
consume_end,159,4924492291230578,0
yield_resumed,159,4924492291517156,0
consume_begin,160,4924492291519006,0
consume_end,160,4924492291519396,0
yield_resumed,160,4924492291641905,0
consume_begin,161,4924492291643585,0
consume_end,161,4924492291643955,0
yield_resumed,161,4924492291936073,0
consume_begin,162,4924492291936933,0
consume_end,162,4924492291937343,0
yield_resumed,162,4924492292242891,0
consume_begin,163,4924492292246611,0
consume_end,163,4924492292246751,0
yield_resumed,163,4924492292334670,0
consume_begin,164,4924492292336090,0
consume_end,164,4924492311173718,0
yield_resumed,164,4924492311215778,0
consume_begin,165,4924492311218308,0
consume_end,165,4924492311218708,0
yield_resumed,165,4924492311260658,0
consume_begin,166,4924492311263648,0
consume_end,166,4924492311263878,0
yield_resumed,166,4924492311304517,0
consume_begin,167,4924492311306107,0
consume_end,167,4924492329894148,0
yield_resumed,167,4924492329960757,0
consume_begin,168,4924492329964267,0
consume_end,168,4924492329965007,0
yield_resumed,168,4924492330007497,0
consume_begin,169,4924492330008477,0
consume_end,169,4924492330008727,0
yield_resumed,169,4924492330078766,0
consume_begin,170,4924492330080836,0
consume_end,170,4924492347583605,0
yield_resumed,170,4924492347652634,0
consume_begin,171,4924492347655124,0
consume_end,171,4924492347655614,0
yield_resumed,171,4924492347698734,0
consume_begin,172,4924492347699514,0
consume_end,172,4924492347699734,0
yield_resumed,172,4924492347768343,0
consume_begin,173,4924492347770833,0
consume_end,173,4924492366367054,0
yield_resumed,173,4924492366464773,0
consume_begin,174,4924492366467973,0
consume_end,174,4924492366468563,0
yield_resumed,174,4924492366511313,0
consume_begin,175,4924492366512673,0
consume_end,175,4924492366512943,0
yield_resumed,175,4924492366589412,0
consume_begin,176,4924492366591922,0
consume_end,176,4924492384990444,0
yield_resumed,176,4924492385062833,0
consume_begin,177,4924492385065343,0
consume_end,177,4924492385065813,0
yield_resumed,177,4924492385099883,0
consume_begin,178,4924492385102043,0
consume_end,178,4924492385102263,0
yield_resumed,178,4924492385166133,0
consume_begin,179,4924492385169273,0
consume_end,179,4924492402714571,0
yield_resumed,179,4924492402760000,0
consume_begin,180,4924492402762400,0
consume_end,180,4924492402763030,0
yield_resumed,180,4924492402808290,0
consume_begin,181,4924492402809730,0
consume_end,181,4924492402809860,0
yield_resumed,181,4924492402845230,0
consume_begin,182,4924492402847850,0
consume_end,182,4924492419464705,0
yield_resumed,182,4924492419515035,0
consume_begin,183,4924492419516925,0
consume_end,183,4924492419517495,0
yield_resumed,183,4924492419554494,0
consume_begin,184,4924492419556414,0
consume_end,184,4924492419556644,0
yield_resumed,184,4924492419625614,0
consume_begin,185,4924492419627294,0
consume_end,185,4924492436239679,0
yield_resumed,185,4924492436277319,0
consume_begin,186,4924492436279499,0
consume_end,186,4924492436279999,0
yield_resumed,186,4924492436320258,0
consume_begin,187,4924492436321508,0
consume_end,187,4924492436321778,0
yield_resumed,187,4924492436388068,0
consume_begin,188,4924492436391468,0
consume_end,188,4924492453314751,0
yield_resumed,188,4924492453365380,0
consume_begin,189,4924492453367800,0
consume_end,189,4924492453368280,0
yield_resumed,189,4924492453399150,0
consume_begin,190,4924492453400750,0
consume_end,190,4924492453400980,0
yield_resumed,190,4924492453457310,0
consume_begin,191,4924492453459250,0
consume_end,191,4924492469931276,0
yield_resumed,191,4924492469976895,0
consume_begin,192,4924492469979535,0
consume_end,192,4924492469980245,0
yield_resumed,192,4924492470036215,0
consume_begin,193,4924492470038055,0
consume_end,193,4924492470038485,0
yield_resumed,193,4924492470101084,0
consume_begin,194,4924492470103274,0
consume_end,194,4924492488698075,0
yield_resumed,194,4924492488754994,0
consume_begin,195,4924492488758614,0
consume_end,195,4924492488759414,0
yield_resumed,195,4924492488802204,0
consume_begin,196,4924492488804484,0
consume_end,196,4924492488804744,0
yield_resumed,196,4924492488875513,0
consume_begin,197,4924492488878123,0
consume_end,197,4924492506682000,0
yield_resumed,197,4924492506735949,0
consume_begin,198,4924492506738569,0
consume_end,198,4924492506739119,0
yield_resumed,198,4924492506778879,0
consume_begin,199,4924492506780859,0
consume_end,199,4924492506781079,0
yield_resumed,199,4924492506847049,0
consume_begin,200,4924492506848949,0
consume_end,200,4924492525163541,0
yield_resumed,200,4924492525224120,0
consume_begin,201,4924492525227100,0
consume_end,201,4924492525227810,0
yield_resumed,201,4924492525263950,0
consume_begin,202,4924492525265090,0
consume_end,202,4924492525265410,0
yield_resumed,202,4924492525338149,0
consume_begin,203,4924492525340879,0
consume_end,203,4924492545202990,0
yield_resumed,203,4924492545260200,0
consume_begin,204,4924492545263330,0
consume_end,204,4924492545263980,0
yield_resumed,204,4924492545303920,0
consume_begin,205,4924492545305770,0
consume_end,205,4924492545306070,0
yield_resumed,205,4924492545384689,0
consume_begin,206,4924492545387919,0
consume_end,206,4924492563593932,0
yield_resumed,206,4924492563660782,0
consume_begin,207,4924492563669112,0
consume_end,207,4924492563669632,0
yield_resumed,207,4924492563705211,0
consume_begin,208,4924492563707271,0
consume_end,208,4924492563707501,0
yield_resumed,208,4924492563767111,0
consume_begin,209,4924492563768021,0
consume_end,209,4924492579217445,0
yield_resumed,209,4924492579250115,0
consume_begin,210,4924492579252875,0
consume_end,210,4924492579253365,0
yield_resumed,210,4924492579295334,0
consume_begin,211,4924492579297434,0
consume_end,211,4924492579297664,0
yield_resumed,211,4924492579360734,0
consume_begin,212,4924492579361854,0
consume_end,212,4924492597379558,0
yield_resumed,212,4924492597420538,0
consume_begin,213,4924492597423388,0
consume_end,213,4924492597423888,0
yield_resumed,213,4924492597489898,0
consume_begin,214,4924492597491668,0
consume_end,214,4924492597491998,0
yield_resumed,214,4924492597571757,0
consume_begin,215,4924492597573117,0
consume_end,215,4924492615929859,0
yield_resumed,215,4924492615965779,0
consume_begin,216,4924492615968619,0
consume_end,216,4924492615969429,0
yield_resumed,216,4924492616022508,0
consume_begin,217,4924492616026148,0
consume_end,217,4924492616026388,0
yield_resumed,217,4924492616088308,0
consume_begin,218,4924492616089508,0
consume_end,218,4924492633348298,0
yield_resumed,218,4924492633387948,0
consume_begin,219,4924492633391778,0
consume_end,219,4924492633392418,0
yield_resumed,219,4924492633438118,0
consume_begin,220,4924492633440837,0
consume_end,220,4924492633441447,0
yield_resumed,220,4924492633507717,0
consume_begin,221,4924492633509477,0
consume_end,221,4924492649948914,0
yield_resumed,221,4924492650017313,0
consume_begin,222,4924492650020943,0
consume_end,222,4924492650021883,0
yield_resumed,222,4924492650073083,0
consume_begin,223,4924492650075703,0
consume_end,223,4924492670249351,0
yield_resumed,223,4924492670320390,0
consume_begin,224,4924492670323290,0
consume_end,224,4924492670324270,0
yield_resumed,224,4924492670359020,0
consume_begin,225,4924492670360370,0
consume_end,225,4924492670360720,0
yield_resumed,225,4924492670420570,0
consume_begin,226,4924492670422390,0
consume_end,226,4924492690719937,0
yield_resumed,226,4924492690754177,0
consume_begin,227,4924492690757377,0
consume_end,227,4924492690757727,0
yield_resumed,227,4924492690798587,0
consume_begin,228,4924492690800037,0
consume_end,228,4924492690800277,0
yield_resumed,228,4924492690865636,0
consume_begin,229,4924492690867846,0
consume_end,229,4924492690868166,0
yield_resumed,229,4924492690913856,0
consume_begin,230,4924492690915076,0
consume_end,230,4924492690915376,0
yield_resumed,230,4924492690963555,0
consume_begin,231,4924492690965385,0
consume_end,231,4924492709248428,0
yield_resumed,231,4924492709315798,0
consume_begin,232,4924492709319217,0
consume_end,232,4924492709319827,0
yield_resumed,232,4924492709354737,0
consume_begin,233,4924492709357077,0
consume_end,233,4924492709357327,0
yield_resumed,233,4924492709420317,0
consume_begin,234,4924492709422477,0
consume_end,234,4924492728214246,0
yield_resumed,234,4924492728271975,0
consume_begin,235,4924492728275065,0
consume_end,235,4924492728275675,0
yield_resumed,235,4924492728320345,0
consume_begin,236,4924492728322055,0
consume_end,236,4924492728322325,0
yield_resumed,236,4924492728386264,0
consume_begin,237,4924492728388524,0
consume_end,237,4924492748313205,0
yield_resumed,237,4924492748384174,0
consume_begin,238,4924492748387554,0
consume_end,238,4924492748388544,0
yield_resumed,238,4924492748427594,0
consume_begin,239,4924492748430624,0
consume_end,239,4924492748430954,0
yield_resumed,239,4924492748490693,0
consume_begin,240,4924492748492193,0
consume_end,240,4924492767746599,0
yield_resumed,240,4924492767798838,0
consume_begin,241,4924492767802078,0
consume_end,241,4924492767802758,0
yield_resumed,241,4924492767843048,0
consume_begin,242,4924492767845078,0
consume_end,242,4924492767845358,0
yield_resumed,242,4924492767905227,0
consume_begin,243,4924492767906607,0
consume_end,243,4924492785192938,0
yield_resumed,243,4924492785250947,0
consume_begin,244,4924492785253637,0
consume_end,244,4924492785254137,0
yield_resumed,244,4924492785289027,0
consume_begin,245,4924492785290927,0
consume_end,245,4924492785291167,0
yield_resumed,245,4924492785353896,0
consume_begin,246,4924492785356186,0
consume_end,246,4924492804278274,0
yield_resumed,246,4924492804314344,0
consume_begin,247,4924492804317044,0
consume_end,247,4924492804317504,0
yield_resumed,247,4924492804353904,0
consume_begin,248,4924492804356644,0
consume_end,248,4924492804356944,0
yield_resumed,248,4924492804426163,0
consume_begin,249,4924492804427333,0
consume_end,249,4924492822982174,0
yield_resumed,249,4924492823047973,0
consume_begin,250,4924492823050683,0
consume_end,250,4924492823051413,0
yield_resumed,250,4924492823088473,0
consume_begin,251,4924492823090943,0
consume_end,251,4924492823091183,0
yield_resumed,251,4924492823155512,0
consume_begin,252,4924492823157212,0
consume_end,252,4924492840744440,0
yield_resumed,252,4924492840798390,0
consume_begin,253,4924492840801650,0
consume_end,253,4924492840802150,0
yield_resumed,253,4924492840838070,0
consume_begin,254,4924492840839930,0
consume_end,254,4924492840840180,0
yield_resumed,254,4924492840903879,0
consume_begin,255,4924492840905249,0
consume_end,255,4924492860310223,0
yield_resumed,255,4924492860366093,0
consume_begin,256,4924492860368923,0
consume_end,256,4924492860369463,0
yield_resumed,256,4924492860403022,0
consume_begin,257,4924492860404562,0
consume_end,257,4924492860404872,0
yield_resumed,257,4924492860463302,0
consume_begin,258,4924492860465132,0
consume_end,258,4924492879468979,0
yield_resumed,258,4924492879525479,0
consume_begin,259,4924492879528549,0
consume_end,259,4924492879529069,0
yield_resumed,259,4924492879565609,0
consume_begin,260,4924492879567529,0
consume_end,260,4924492879567909,0
yield_resumed,260,4924492879633208,0
consume_begin,261,4924492879635338,0
consume_end,261,4924492879635518,0
yield_resumed,261,4924492879711598,0
consume_begin,262,4924492879713908,0
consume_end,262,4924492894387447,0
yield_resumed,262,4924492894453787,0
consume_begin,263,4924492894457877,0
consume_end,263,4924492894458507,0
yield_resumed,263,4924492894494966,0
consume_begin,264,4924492894497316,0
consume_end,264,4924492894497586,0
yield_resumed,264,4924492894556276,0
consume_begin,265,4924492894558606,0
consume_end,265,4924492913831001,0
yield_resumed,265,4924492913871631,0
consume_begin,266,4924492913875591,0
consume_end,266,4924492913876491,0
yield_resumed,266,4924492913922491,0
consume_begin,267,4924492913924921,0
consume_end,267,4924492913925181,0
yield_resumed,267,4924492914010670,0
consume_begin,268,4924492914012620,0
consume_end,268,4924492932918388,0
yield_resumed,268,4924492932947828,0
consume_begin,269,4924492932951018,0
consume_end,269,4924492932951608,0
yield_resumed,269,4924492932988227,0
consume_begin,270,4924492932991387,0
consume_end,270,4924492932991737,0
yield_resumed,270,4924492933062707,0
consume_begin,271,4924492933064597,0
consume_end,271,4924492933064917,0
yield_resumed,271,4924492933153306,0
consume_begin,272,4924492933155466,0
consume_end,272,4924492955425319,0
yield_resumed,272,4924492955496088,0
consume_begin,273,4924492955500118,0
consume_end,273,4924492955500778,0
yield_resumed,273,4924492955548998,0
consume_begin,274,4924492955551678,0
consume_end,274,4924492955551938,0
yield_resumed,274,4924492955646357,0
consume_begin,275,4924492955648967,0
consume_end,275,4924492955649267,0
yield_resumed,275,4924492955723137,0
consume_begin,276,4924492955724836,0
consume_end,276,4924492978426906,0
yield_resumed,276,4924492978491185,0
consume_begin,277,4924492978495175,0
consume_end,277,4924492978495935,0
yield_resumed,277,4924492978531295,0
consume_begin,278,4924492978535585,0
consume_end,278,4924492978536015,0
yield_resumed,278,4924492978608675,0
consume_begin,279,4924492978611265,0
consume_end,279,4924492978611745,0
yield_resumed,279,4924492978671254,0
consume_begin,280,4924492978674174,0
consume_end,280,4924492978674524,0
yield_resumed,280,4924492978733954,0
consume_begin,281,4924492978735634,0
consume_end,281,4924492999936074,0
yield_resumed,281,4924493000021994,0
consume_begin,282,4924493000027224,0
consume_end,282,4924493000027924,0
yield_resumed,282,4924493000073573,0
consume_begin,283,4924493000076723,0
consume_end,283,4924493000077023,0
yield_resumed,283,4924493000139863,0
consume_begin,284,4924493000142803,0
consume_end,284,4924493000143063,0
yield_resumed,284,4924493000206742,0
consume_begin,285,4924493000208592,0
consume_end,285,4924493000208892,0
yield_resumed,285,4924493000275282,0
consume_begin,286,4924493000276932,0
consume_end,286,4924493022504165,0
yield_resumed,286,4924493022542855,0
consume_begin,287,4924493022547705,0
consume_end,287,4924493022548595,0
yield_resumed,287,4924493022599494,0
consume_begin,288,4924493022601914,0
consume_end,288,4924493022602294,0
yield_resumed,288,4924493022680624,0
consume_begin,289,4924493022683174,0
consume_end,289,4924493041341173,0
yield_resumed,289,4924493041377883,0
consume_begin,290,4924493041381683,0
consume_end,290,4924493041382323,0
yield_resumed,290,4924493041426753,0
consume_begin,291,4924493041429643,0
consume_end,291,4924493041429923,0
yield_resumed,291,4924493041498122,0
consume_begin,292,4924493041500882,0
consume_end,292,4924493041501152,0
yield_resumed,292,4924493041555242,0
consume_begin,293,4924493041556572,0
consume_end,293,4924493061206704,0
yield_resumed,293,4924493061268034,0
consume_begin,294,4924493061272304,0
consume_end,294,4924493061273244,0
yield_resumed,294,4924493061315603,0
consume_begin,295,4924493061317823,0
consume_end,295,4924493061318083,0
yield_resumed,295,4924493061388513,0
consume_begin,296,4924493061390893,0
consume_end,296,4924493079293238,0
yield_resumed,296,4924493079350968,0
consume_begin,297,4924493079355198,0
consume_end,297,4924493079355648,0
yield_resumed,297,4924493079392838,0
consume_begin,298,4924493079394698,0
consume_end,298,4924493079395048,0
yield_resumed,298,4924493079469197,0
consume_begin,299,4924493079472097,0
consume_end,299,4924493079472457,0
yield_resumed,299,4924493079546836,0
consume_begin,300,4924493079548726,0
consume_end,300,4924493097996858,0
yield_resumed,300,4924493098073467,0
consume_begin,301,4924493098078477,0
consume_end,301,4924493098079187,0
yield_resumed,301,4924493098118187,0
consume_begin,302,4924493098120537,0
consume_end,302,4924493098120877,0
yield_resumed,302,4924493098185866,0
consume_begin,303,4924493098189256,0
consume_end,303,4924493116607398,0
yield_resumed,303,4924493116646988,0
consume_begin,304,4924493116650898,0
consume_end,304,4924493116651828,0
yield_resumed,304,4924493116694067,0
consume_begin,305,4924493116697547,0
consume_end,305,4924493116697877,0
yield_resumed,305,4924493116769267,0
consume_begin,306,4924493116771757,0
consume_end,306,4924493132078062,0
yield_resumed,306,4924493132110352,0
consume_begin,307,4924493132113522,0
consume_end,307,4924493132114112,0
yield_resumed,307,4924493132152581,0
consume_begin,308,4924493132154081,0
consume_end,308,4924493132154271,0
yield_resumed,308,4924493132218651,0
consume_begin,309,4924493132219511,0
consume_end,309,4924493148304290,0
yield_resumed,309,4924493148348110,0
consume_begin,310,4924493148352140,0
consume_end,310,4924493148353029,0
yield_resumed,310,4924493148399429,0
consume_begin,311,4924493148401739,0
consume_end,311,4924493148402039,0
yield_resumed,311,4924493148475819,0
consume_begin,312,4924493148476779,0
consume_end,312,4924493166329984,0
yield_resumed,312,4924493166390524,0
consume_begin,313,4924493166393674,0
consume_end,313,4924493166394214,0
yield_resumed,313,4924493166430874,0
consume_begin,314,4924493166433584,0
consume_end,314,4924493166433884,0
yield_resumed,314,4924493166500173,0
consume_begin,315,4924493166501233,0
consume_end,315,4924493183303657,0
yield_resumed,315,4924493183359467,0
consume_begin,316,4924493183364217,0
consume_end,316,4924493183364886,0
yield_resumed,316,4924493183407076,0
consume_begin,317,4924493183409516,0
consume_end,317,4924493183409926,0
yield_resumed,317,4924493183471256,0
consume_begin,318,4924493183472946,0
consume_end,318,4924493199852173,0
yield_resumed,318,4924493199902792,0
consume_begin,319,4924493199906492,0
consume_end,319,4924493199907292,0
yield_resumed,319,4924493199943872,0
consume_begin,320,4924493199945892,0
consume_end,320,4924493199946312,0
yield_resumed,320,4924493200022391,0
consume_begin,321,4924493200023551,0
consume_end,321,4924493214803070,0
yield_resumed,321,4924493214841340,0
consume_begin,322,4924493214845920,0
consume_end,322,4924493214846780,0
yield_resumed,322,4924493214892230,0
consume_begin,323,4924493214895170,0
consume_end,323,4924493214895490,0
yield_resumed,323,4924493214963599,0
consume_begin,324,4924493214965009,0
consume_end,324,4924493233665149,0
yield_resumed,324,4924493233710188,0
consume_begin,325,4924493233714468,0
consume_end,325,4924493233715328,0
yield_resumed,325,4924493233759858,0
consume_begin,326,4924493233761548,0
consume_end,326,4924493233761898,0
yield_resumed,326,4924493233819948,0
consume_begin,327,4924493233822508,0
consume_end,327,4924493252740155,0
yield_resumed,327,4924493252796585,0
consume_begin,328,4924493252800795,0
consume_end,328,4924493252801715,0
yield_resumed,328,4924493252840625,0
consume_begin,329,4924493252842565,0
consume_end,329,4924493252842935,0
yield_resumed,329,4924493252931584,0
consume_begin,330,4924493252934104,0
consume_end,330,4924493271305366,0
yield_resumed,330,4924493271365835,0
consume_begin,331,4924493271369135,0
consume_end,331,4924493271369675,0
yield_resumed,331,4924493271408185,0
consume_begin,332,4924493271410335,0
consume_end,332,4924493271410535,0
yield_resumed,332,4924493271479325,0
consume_begin,333,4924493271480565,0
consume_end,333,4924493290731540,0
yield_resumed,333,4924493290771120,0
consume_begin,334,4924493290775800,0
consume_end,334,4924493290776510,0
yield_resumed,334,4924493290824229,0
consume_begin,335,4924493290827109,0
consume_end,335,4924493290827489,0
yield_resumed,335,4924493290903739,0
consume_begin,336,4924493290905839,0
consume_end,336,4924493307589753,0
yield_resumed,336,4924493307662903,0
consume_begin,337,4924493307668363,0
consume_end,337,4924493307669073,0
yield_resumed,337,4924493307724832,0
consume_begin,338,4924493307726442,0
consume_end,338,4924493307726732,0
yield_resumed,338,4924493307792812,0
consume_begin,339,4924493307795912,0
consume_end,339,4924493325075202,0
yield_resumed,339,4924493325142152,0
consume_begin,340,4924493325145772,0
consume_end,340,4924493325146392,0
yield_resumed,340,4924493325180361,0
consume_begin,341,4924493325182711,0
consume_end,341,4924493325182991,0
yield_resumed,341,4924493325259061,0
consume_begin,342,4924493325263261,0
consume_end,342,4924493325263631,0
yield_resumed,342,4924493325336180,0
consume_begin,343,4924493325338280,0
consume_end,343,4924493342727319,0
yield_resumed,343,4924493342788229,0
consume_begin,344,4924493342790959,0
consume_end,344,4924493342791549,0
yield_resumed,344,4924493342820659,0
consume_begin,345,4924493342821539,0
consume_end,345,4924493342821829,0
yield_resumed,345,4924493342885198,0
consume_begin,346,4924493342887718,0
consume_end,346,4924493359659232,0
yield_resumed,346,4924493359721972,0
consume_begin,347,4924493359725872,0
consume_end,347,4924493359726692,0
yield_resumed,347,4924493359770221,0
consume_begin,348,4924493359771841,0
consume_end,348,4924493377777546,0
yield_resumed,348,4924493377799136,0
consume_begin,349,4924493377803566,0
consume_end,349,4924493377804316,0
yield_resumed,349,4924493377854965,0
consume_begin,350,4924493377857175,0
consume_end,350,4924493377857505,0
yield_resumed,350,4924493377929935,0
consume_begin,351,4924493377931715,0
consume_end,351,4924493377932195,0
yield_resumed,351,4924493378027214,0
consume_begin,352,4924493378028774,0
consume_end,352,4924493394617980,0
yield_resumed,352,4924493394683789,0
consume_begin,353,4924493394686909,0
consume_end,353,4924493394687919,0
yield_resumed,353,4924493394750219,0
consume_begin,354,4924493394752899,0
consume_end,354,4924493394753249,0
yield_resumed,354,4924493394815048,0
consume_begin,355,4924493394817278,0
consume_end,355,4924493412606305,0
yield_resumed,355,4924493412670394,0
consume_begin,356,4924493412674284,0
consume_end,356,4924493412675314,0
yield_resumed,356,4924493412716034,0
consume_begin,357,4924493412718184,0
consume_end,357,4924493412718534,0
yield_resumed,357,4924493412784553,0
consume_begin,358,4924493412786043,0
consume_end,358,4924493429495948,0
yield_resumed,358,4924493429538777,0
consume_begin,359,4924493429543407,0
consume_end,359,4924493429544557,0
yield_resumed,359,4924493429588407,0
consume_begin,360,4924493429591107,0
consume_end,360,4924493429591567,0
yield_resumed,360,4924493429658197,0
consume_begin,361,4924493429660096,0
consume_end,361,4924493448642294,0
yield_resumed,361,4924493448689893,0
consume_begin,362,4924493448693123,0
consume_end,362,4924493448693633,0
yield_resumed,362,4924493448723483,0
consume_begin,363,4924493448725273,0
consume_end,363,4924493448725573,0
yield_resumed,363,4924493448787653,0
consume_begin,364,4924493448788843,0
consume_end,364,4924493448789143,0
yield_resumed,364,4924493448856862,0
consume_begin,365,4924493448858532,0
consume_end,365,4924493468036648,0
yield_resumed,365,4924493468091618,0
consume_begin,366,4924493468096388,0
consume_end,366,4924493468097148,0
yield_resumed,366,4924493468156327,0
consume_begin,367,4924493468157327,0
consume_end,367,4924493468157627,0
yield_resumed,367,4924493468218047,0
consume_begin,368,4924493468220327,0
consume_end,368,4924493487769050,0
yield_resumed,368,4924493487812180,0
consume_begin,369,4924493487817180,0
consume_end,369,4924493487817950,0
yield_resumed,369,4924493487863349,0
consume_begin,370,4924493487865629,0
consume_end,370,4924493487865989,0
yield_resumed,370,4924493487936769,0
consume_begin,371,4924493487939319,0
consume_end,371,4924493506361800,0
yield_resumed,371,4924493506399830,0
consume_begin,372,4924493506404350,0
consume_end,372,4924493506405230,0
yield_resumed,372,4924493506450020,0
consume_begin,373,4924493506451940,0
consume_end,373,4924493506452250,0
yield_resumed,373,4924493506510339,0
consume_begin,374,4924493506512539,0
consume_end,374,4924493525114089,0
yield_resumed,374,4924493525171229,0
consume_begin,375,4924493525175629,0
consume_end,375,4924493525176559,0
yield_resumed,375,4924493525214659,0
consume_begin,376,4924493525216069,0
consume_end,376,4924493525216449,0
yield_resumed,376,4924493525281298,0
consume_begin,377,4924493525283838,0
consume_end,377,4924493543326733,0
yield_resumed,377,4924493543379862,0
consume_begin,378,4924493543383962,0
consume_end,378,4924493543384572,0
yield_resumed,378,4924493543427462,0
consume_begin,379,4924493543429722,0
consume_end,379,4924493543429942,0
yield_resumed,379,4924493543488301,0
consume_begin,380,4924493543490551,0
consume_end,380,4924493563054424,0
yield_resumed,380,4924493563097614,0
consume_begin,381,4924493563101234,0
consume_end,381,4924493563101854,0
yield_resumed,381,4924493563140994,0
consume_begin,382,4924493563143684,0
consume_end,382,4924493563144084,0
yield_resumed,382,4924493563212353,0
consume_begin,383,4924493563215163,0
consume_end,383,4924493581778314,0
yield_resumed,383,4924493581836483,0
consume_begin,384,4924493581839733,0
consume_end,384,4924493581840263,0
yield_resumed,384,4924493581874573,0
consume_begin,385,4924493581875953,0
consume_end,385,4924493581876323,0
yield_resumed,385,4924493581951642,0
consume_begin,386,4924493581954232,0
consume_end,386,4924493602292660,0
yield_resumed,386,4924493602347079,0
consume_begin,387,4924493602351479,0
consume_end,387,4924493602352229,0
yield_resumed,387,4924493602388449,0
consume_begin,388,4924493602389549,0
consume_end,388,4924493602390009,0
yield_resumed,388,4924493602447269,0
consume_begin,389,4924493602450499,0
consume_end,389,4924493618472718,0
yield_resumed,389,4924493618528998,0
consume_begin,390,4924493618532848,0
consume_end,390,4924493618533418,0
yield_resumed,390,4924493618571078,0
consume_begin,391,4924493618572507,0
consume_end,391,4924493618572847,0
yield_resumed,391,4924493618636117,0
consume_begin,392,4924493618638877,0
consume_end,392,4924493636283084,0
yield_resumed,392,4924493636307934,0
consume_begin,393,4924493636311524,0
consume_end,393,4924493636312114,0
yield_resumed,393,4924493636373514,0
consume_begin,394,4924493636375734,0
consume_end,394,4924493654598217,0
yield_resumed,394,4924493654660526,0
consume_begin,395,4924493654665466,0
consume_end,395,4924493654666326,0
yield_resumed,395,4924493654705856,0
consume_begin,396,4924493654707976,0
consume_end,396,4924493654708426,0
yield_resumed,396,4924493654771146,0
consume_begin,397,4924493654772356,0
consume_end,397,4924493654772746,0
yield_resumed,397,4924493654855195,0
consume_begin,398,4924493654858065,0
consume_end,398,4924493670703646,0
yield_resumed,398,4924493670743336,0
consume_begin,399,4924493670748466,0
consume_end,399,4924493670749616,0
yield_resumed,399,4924493670792515,0
consume_begin,400,4924493670794115,0
consume_end,400,4924493670794575,0
yield_resumed,400,4924493670858705,0
consume_begin,401,4924493670862155,0
consume_end,401,4924493687883827,0
yield_resumed,401,4924493687939616,0
consume_begin,402,4924493687943516,0
consume_end,402,4924493687944056,0
yield_resumed,402,4924493687978836,0
consume_begin,403,4924493687979926,0
consume_end,403,4924493687980336,0
yield_resumed,403,4924493688071095,0
consume_begin,404,4924493688074165,0
consume_end,404,4924493704965208,0
yield_resumed,404,4924493705008338,0
consume_begin,405,4924493705013068,0
consume_end,405,4924493705013908,0
yield_resumed,405,4924493705060238,0
consume_begin,406,4924493705062558,0
consume_end,406,4924493705062868,0
yield_resumed,406,4924493705124087,0
consume_begin,407,4924493705127377,0
consume_end,407,4924493718247649,0
yield_resumed,407,4924493718282288,0
consume_begin,408,4924493718285338,0
consume_end,408,4924493718285948,0
yield_resumed,408,4924493718321098,0
consume_begin,409,4924493718322448,0
consume_end,409,4924493718322778,0
yield_resumed,409,4924493718356788,0
consume_begin,410,4924493718358348,0
consume_end,410,4924493733892971,0
yield_resumed,410,4924493733942981,0
consume_begin,411,4924493733946491,0
consume_end,411,4924493733947331,0
yield_resumed,411,4924493733990081,0
consume_begin,412,4924493733992881,0
consume_end,412,4924493733993281,0
yield_resumed,412,4924493734087320,0
consume_begin,413,4924493734088740,0
consume_end,413,4924493750070640,0
yield_resumed,413,4924493750128809,0
consume_begin,414,4924493750132959,0
consume_end,414,4924493750133879,0
yield_resumed,414,4924493750173219,0
consume_begin,415,4924493750175399,0
consume_end,415,4924493750175659,0
yield_resumed,415,4924493750237798,0
consume_begin,416,4924493750239178,0
consume_end,416,4924493767018982,0
yield_resumed,416,4924493767094322,0
consume_begin,417,4924493767097982,0
consume_end,417,4924493767098802,0
yield_resumed,417,4924493767131112,0
consume_begin,418,4924493767132242,0
consume_end,418,4924493784098134,0
yield_resumed,418,4924493784154764,0
consume_begin,419,4924493784158314,0
consume_end,419,4924493784159114,0
yield_resumed,419,4924493784199113,0
consume_begin,420,4924493784200773,0
consume_end,420,4924493784201173,0
yield_resumed,420,4924493784268473,0
consume_begin,421,4924493784270303,0
consume_end,421,4924493800125624,0
yield_resumed,421,4924493800192673,0
consume_begin,422,4924493800196693,0
consume_end,422,4924493800197443,0
yield_resumed,422,4924493800239253,0
consume_begin,423,4924493800241913,0
consume_end,423,4924493800242243,0
yield_resumed,423,4924493800313172,0
consume_begin,424,4924493800314962,0
consume_end,424,4924493816650920,0
yield_resumed,424,4924493816711729,0
consume_begin,425,4924493816715419,0
consume_end,425,4924493816716119,0
yield_resumed,425,4924493816748839,0
consume_begin,426,4924493816751089,0
consume_end,426,4924493816751419,0
yield_resumed,426,4924493816811398,0
consume_begin,427,4924493816812598,0
consume_end,427,4924493830460756,0
yield_resumed,427,4924493830522156,0
consume_begin,428,4924493830526215,0
consume_end,428,4924493830527245,0
yield_resumed,428,4924493830582445,0
consume_begin,429,4924493830584045,0
consume_end,429,4924493844842808,0
yield_resumed,429,4924493844891557,0
consume_begin,430,4924493844895377,0
consume_end,430,4924493844895887,0
yield_resumed,430,4924493844928887,0
consume_begin,431,4924493844930597,0
consume_end,431,4924493844930847,0
yield_resumed,431,4924493844999687,0
consume_begin,432,4924493845009137,0
consume_end,432,4924493860843398,0
yield_resumed,432,4924493860878107,0
consume_begin,433,4924493860881457,0
consume_end,433,4924493860882047,0
yield_resumed,433,4924493860918197,0
consume_begin,434,4924493860920547,0
consume_end,434,4924493860920807,0
yield_resumed,434,4924493860975737,0
consume_begin,435,4924493860977057,0
consume_end,435,4924493876616789,0
yield_resumed,435,4924493876664619,0
consume_begin,436,4924493876668509,0
consume_end,436,4924493876669249,0
yield_resumed,436,4924493876701589,0
consume_begin,437,4924493876705349,0
consume_end,437,4924493876705588,0
yield_resumed,437,4924493876763088,0
consume_begin,438,4924493876764648,0
consume_end,438,4924493891999614,0
yield_resumed,438,4924493892056083,0
consume_begin,439,4924493892060803,0
consume_end,439,4924493892061493,0
yield_resumed,439,4924493892103263,0
consume_begin,440,4924493892105573,0
consume_end,440,4924493907393588,0
yield_resumed,440,4924493907446758,0
consume_begin,441,4924493907450638,0
consume_end,441,4924493907451418,0
yield_resumed,441,4924493907503607,0
consume_begin,442,4924493907505047,0
consume_end,442,4924493907505327,0
yield_resumed,442,4924493907536347,0
consume_begin,443,4924493907538367,0
consume_end,443,4924493922398985,0
yield_resumed,443,4924493922454065,0
consume_begin,444,4924493922458155,0
consume_end,444,4924493922459145,0
yield_resumed,444,4924493922495555,0
consume_begin,445,4924493922497875,0
consume_end,445,4924493938414835,0
yield_resumed,445,4924493938454005,0
consume_begin,446,4924493938457395,0
consume_end,446,4924493938458135,0
yield_resumed,446,4924493938491934,0
consume_begin,447,4924493938492984,0
consume_end,447,4924493938493324,0
yield_resumed,447,4924493938526994,0
consume_begin,448,4924493938528984,0
consume_end,448,4924493954993141,0
yield_resumed,448,4924493955036140,0
consume_begin,449,4924493955040750,0
consume_end,449,4924493955041480,0
yield_resumed,449,4924493955082540,0
consume_begin,450,4924493955084780,0
consume_end,450,4924493955085130,0
yield_resumed,450,4924493955156839,0
consume_begin,451,4924493955159169,0
consume_end,451,4924493971402907,0
yield_resumed,451,4924493971424027,0
consume_begin,452,4924493971428017,0
consume_end,452,4924493971428787,0
yield_resumed,452,4924493971459027,0
consume_begin,453,4924493971459857,0
consume_end,453,4924493988326440,0
yield_resumed,453,4924493988366430,0
consume_begin,454,4924493988370260,0
consume_end,454,4924493988370890,0
yield_resumed,454,4924493988407590,0
consume_begin,455,4924493988410160,0
consume_end,455,4924493988410570,0
yield_resumed,455,4924493988491749,0
consume_begin,456,4924493988493029,0
consume_end,456,4924494003876383,0
yield_resumed,456,4924494003914463,0
consume_begin,457,4924494003918373,0
consume_end,457,4924494003919063,0
yield_resumed,457,4924494003958443,0
consume_begin,458,4924494003961433,0
consume_end,458,4924494003961783,0
yield_resumed,458,4924494004041082,0
consume_begin,459,4924494004042332,0
consume_end,459,4924494020557138,0
yield_resumed,459,4924494020590478,0
consume_begin,460,4924494020594708,0
consume_end,460,4924494020595448,0
yield_resumed,460,4924494020648037,0
consume_begin,461,4924494020649947,0
consume_end,461,4924494020650227,0
yield_resumed,461,4924494020711247,0
consume_begin,462,4924494020713597,0
consume_end,462,4924494037539811,0
yield_resumed,462,4924494037576690,0
consume_begin,463,4924494037581380,0
consume_end,463,4924494037582440,0
yield_resumed,463,4924494037624040,0
consume_begin,464,4924494037625030,0
consume_end,464,4924494037625390,0
yield_resumed,464,4924494037662000,0
consume_begin,465,4924494037663860,0
consume_end,465,4924494054334344,0
yield_resumed,465,4924494054367074,0
consume_begin,466,4924494054370484,0
consume_end,466,4924494054371004,0
yield_resumed,466,4924494054412204,0
consume_begin,467,4924494054413554,0
consume_end,467,4924494071368186,0
yield_resumed,467,4924494071426946,0
consume_begin,468,4924494071430406,0
consume_end,468,4924494071431246,0
yield_resumed,468,4924494071463436,0
consume_begin,469,4924494071464936,0
consume_end,469,4924494071465226,0
yield_resumed,469,4924494071525015,0
consume_begin,470,4924494071526235,0
consume_end,470,4924494088014341,0
yield_resumed,470,4924494088081481,0
consume_begin,471,4924494088087241,0
consume_end,471,4924494088088491,0
yield_resumed,471,4924494088125610,0
consume_begin,472,4924494088128910,0
consume_end,472,4924494088129430,0
yield_resumed,472,4924494088202980,0
consume_begin,473,4924494088204890,0
consume_end,473,4924494107673944,0
yield_resumed,473,4924494107707823,0
consume_begin,474,4924494107712903,0
consume_end,474,4924494107713933,0
yield_resumed,474,4924494107751603,0
consume_begin,475,4924494107753453,0
consume_end,475,4924494107753883,0
yield_resumed,475,4924494107822213,0
consume_begin,476,4924494107825203,0
consume_end,476,4924494125074553,0
yield_resumed,476,4924494125137533,0
consume_begin,477,4924494125143403,0
consume_end,477,4924494125144492,0
yield_resumed,477,4924494125209502,0
consume_begin,478,4924494125210752,0
consume_end,478,4924494125211182,0
yield_resumed,478,4924494125273922,0
consume_begin,479,4924494125276402,0
consume_end,479,4924494140243599,0
yield_resumed,479,4924494140281219,0
consume_begin,480,4924494140285289,0
consume_end,480,4924494140285869,0
yield_resumed,480,4924494140319449,0
consume_begin,481,4924494140322099,0
consume_end,481,4924494157371440,0
yield_resumed,481,4924494157411940,0
consume_begin,482,4924494157415370,0
consume_end,482,4924494157416020,0
yield_resumed,482,4924494157447020,0
consume_begin,483,4924494157449450,0
consume_end,483,4924494157449820,0
yield_resumed,483,4924494157490520,0
consume_begin,484,4924494157491559,0
consume_end,484,4924494174043655,0
yield_resumed,484,4924494174093255,0
consume_begin,485,4924494174096495,0
consume_end,485,4924494174097495,0
yield_resumed,485,4924494174133535,0
consume_begin,486,4924494174136075,0
consume_end,486,4924494174136455,0
yield_resumed,486,4924494174198914,0
consume_begin,487,4924494174199924,0
consume_end,487,4924494190919928,0
yield_resumed,487,4924494190958088,0
consume_begin,488,4924494190962168,0
consume_end,488,4924494190962968,0
yield_resumed,488,4924494190998718,0
consume_begin,489,4924494191006908,0
consume_end,489,4924494191007328,0
yield_resumed,489,4924494191044557,0
consume_begin,490,4924494191046647,0
consume_end,490,4924494206937708,0
yield_resumed,490,4924494207011187,0
consume_begin,491,4924494207015117,0
consume_end,491,4924494207015917,0
yield_resumed,491,4924494207061597,0
consume_begin,492,4924494207062877,0
consume_end,492,4924494207063267,0
yield_resumed,492,4924494207123797,0
consume_begin,493,4924494207127007,0
consume_end,493,4924494223313065,0
yield_resumed,493,4924494223376755,0
consume_begin,494,4924494223381975,0
consume_end,494,4924494223382765,0
yield_resumed,494,4924494223444654,0
consume_begin,495,4924494223446074,0
consume_end,495,4924494223446384,0
yield_resumed,495,4924494223510014,0
consume_begin,496,4924494223512314,0
consume_end,496,4924494240380177,0
yield_resumed,496,4924494240440837,0
consume_begin,497,4924494240444546,0
consume_end,497,4924494240445116,0
yield_resumed,497,4924494240483966,0
consume_begin,498,4924494240485846,0
consume_end,498,4924494257072012,0
yield_resumed,498,4924494257107791,0
consume_begin,499,4924494257111321,0
consume_end,499,4924494257112071,0
yield_resumed,499,4924494257148291,0
consume_begin,500,4924494257150871,0
consume_end,500,4924494257151271,0
yield_resumed,500,4924494257230820,0
consume_begin,501,4924494257232040,0
consume_end,501,4924494274545750,0
yield_resumed,501,4924494274610300,0
consume_begin,502,4924494274615380,0
consume_end,502,4924494274616160,0
yield_resumed,502,4924494274658279,0
consume_begin,503,4924494274660679,0
consume_end,503,4924494274661089,0
yield_resumed,503,4924494274717539,0
consume_begin,504,4924494274718689,0
consume_end,504,4924494289311529,0
yield_resumed,504,4924494289351089,0
consume_begin,505,4924494289355889,0
consume_end,505,4924494289356749,0
yield_resumed,505,4924494289404129,0
consume_begin,506,4924494289407099,0
consume_end,506,4924494289407499,0
yield_resumed,506,4924494289466988,0
consume_begin,507,4924494289468018,0
consume_end,507,4924494305620457,0
yield_resumed,507,4924494305674986,0
consume_begin,508,4924494305680186,0
consume_end,508,4924494305680946,0
yield_resumed,508,4924494305722296,0
consume_begin,509,4924494305723196,0
consume_end,509,4924494305723586,0
yield_resumed,509,4924494305778726,0
consume_begin,510,4924494305780846,0
consume_end,510,4924494321674206,0
yield_resumed,510,4924494321729306,0
consume_begin,511,4924494321733236,0
consume_end,511,4924494321734196,0
yield_resumed,511,4924494321767096,0
consume_begin,512,4924494321768576,0
consume_end,512,4924494332698494,0
yield_resumed,512,4924494332719753,0
consume_begin,513,4924494332723513,0
consume_end,513,4924494332724953,0
yield_resumed,513,4924494332764843,0
consume_begin,514,4924494332768183,0
consume_end,514,4924494332768633,0
yield_resumed,514,4924494332834393,0
consume_begin,515,4924494332836722,0
consume_end,515,4924494350855257,0
yield_resumed,515,4924494350917987,0
consume_begin,516,4924494350921777,0
consume_end,516,4924494350922757,0
yield_resumed,516,4924494350974626,0
consume_begin,517,4924494350976796,0
consume_end,517,4924494350977126,0
yield_resumed,517,4924494351055666,0
consume_begin,518,4924494351058916,0
consume_end,518,4924494370322551,0
yield_resumed,518,4924494370388060,0
consume_begin,519,4924494370392920,0
consume_end,519,4924494370394070,0
yield_resumed,519,4924494370432200,0
consume_begin,520,4924494370434180,0
consume_end,520,4924494370434510,0
yield_resumed,520,4924494370499550,0
consume_begin,521,4924494370502119,0
consume_end,521,4924494390274231,0
yield_resumed,521,4924494390334781,0
consume_begin,522,4924494390340151,0
consume_end,522,4924494390340971,0
yield_resumed,522,4924494390385600,0
consume_begin,523,4924494390387620,0
consume_end,523,4924494390388050,0
yield_resumed,523,4924494390453640,0
consume_begin,524,4924494390454810,0
consume_end,524,4924494406847617,0
yield_resumed,524,4924494406909076,0
consume_begin,525,4924494406915056,0
consume_end,525,4924494406915976,0
yield_resumed,525,4924494406952806,0
consume_begin,526,4924494406955996,0
consume_end,526,4924494428264576,0
yield_resumed,526,4924494428331475,0
consume_begin,527,4924494428337035,0
consume_end,527,4924494428337925,0
yield_resumed,527,4924494428378075,0
consume_begin,528,4924494428381565,0
consume_end,528,4924494428381995,0
yield_resumed,528,4924494428446554,0
consume_begin,529,4924494428448854,0
consume_end,529,4924494428449284,0
yield_resumed,529,4924494428520594,0
consume_begin,530,4924494428522364,0
consume_end,530,4924494450484979,0
yield_resumed,530,4924494450518838,0
consume_begin,531,4924494450524928,0
consume_end,531,4924494450526178,0
yield_resumed,531,4924494450564898,0
consume_begin,532,4924494450567638,0
consume_end,532,4924494450568068,0
yield_resumed,532,4924494450636738,0
consume_begin,533,4924494450638568,0
consume_end,533,4924494450638998,0
yield_resumed,533,4924494450709807,0
consume_begin,534,4924494450712067,0
consume_end,534,4924494468175856,0
yield_resumed,534,4924494468232405,0
consume_begin,535,4924494468237505,0
consume_end,535,4924494468238405,0
yield_resumed,535,4924494468273405,0
consume_begin,536,4924494468275825,0
consume_end,536,4924494468276255,0
yield_resumed,536,4924494468342615,0
consume_begin,537,4924494468345075,0
consume_end,537,4924494484750422,0
yield_resumed,537,4924494484808901,0
consume_begin,538,4924494484813961,0
consume_end,538,4924494484814741,0
yield_resumed,538,4924494484850231,0
consume_begin,539,4924494484853231,0
consume_end,539,4924494499304032,0
yield_resumed,539,4924494499343032,0
consume_begin,540,4924494499349332,0
consume_end,540,4924494499350312,0
yield_resumed,540,4924494499419611,0
consume_begin,541,4924494499422801,0
consume_end,541,4924494499423331,0
yield_resumed,541,4924494499488941,0
consume_begin,542,4924494499491791,0
consume_end,542,4924494513296527,0
yield_resumed,542,4924494513333217,0
consume_begin,543,4924494513338207,0
consume_end,543,4924494513339147,0
yield_resumed,543,4924494513383286,0
consume_begin,544,4924494513386166,0
consume_end,544,4924494513386656,0
yield_resumed,544,4924494513463496,0
consume_begin,545,4924494513465026,0
consume_end,545,4924494530903885,0
yield_resumed,545,4924494530945004,0
consume_begin,546,4924494530951324,0
consume_end,546,4924494530952334,0
yield_resumed,546,4924494530998704,0
consume_begin,547,4924494531008414,0
consume_end,547,4924494531008834,0
yield_resumed,547,4924494531081293,0
consume_begin,548,4924494531083873,0
consume_end,548,4924494547054284,0
yield_resumed,548,4924494547093633,0
consume_begin,549,4924494547101413,0
consume_end,549,4924494547102323,0
yield_resumed,549,4924494547155663,0
consume_begin,550,4924494547158273,0
consume_end,550,4924494547158713,0
yield_resumed,550,4924494547225362,0
consume_begin,551,4924494547227152,0
consume_end,551,4924494560391753,0
yield_resumed,551,4924494560448983,0
consume_begin,552,4924494560455873,0
consume_end,552,4924494560456883,0
yield_resumed,552,4924494560495133,0
consume_begin,553,4924494560498533,0
consume_end,553,4924494560498982,0
yield_resumed,553,4924494560563462,0
consume_begin,554,4924494560564632,0
consume_end,554,4924494576009246,0
yield_resumed,554,4924494576084655,0
consume_begin,555,4924494576091865,0
consume_end,555,4924494576092575,0
yield_resumed,555,4924494576131965,0
consume_begin,556,4924494576134295,0
consume_end,556,4924494576134875,0
yield_resumed,556,4924494576203275,0
consume_begin,557,4924494576207025,0
consume_end,557,4924494591157212,0
yield_resumed,557,4924494591193482,0
consume_begin,558,4924494591198142,0
consume_end,558,4924494591199122,0
yield_resumed,558,4924494591234452,0
consume_begin,559,4924494591237152,0
consume_end,559,4924494607062163,0
yield_resumed,559,4924494607095033,0
consume_begin,560,4924494607100452,0
consume_end,560,4924494607101712,0
yield_resumed,560,4924494607142362,0
consume_begin,561,4924494607144752,0
consume_end,561,4924494607145372,0
yield_resumed,561,4924494607214502,0
consume_begin,562,4924494607215622,0
consume_end,562,4924494622337818,0
yield_resumed,562,4924494622404848,0
consume_begin,563,4924494622409838,0
consume_end,563,4924494622410688,0
yield_resumed,563,4924494622449057,0
consume_begin,564,4924494622451827,0
consume_end,564,4924494622452277,0
yield_resumed,564,4924494622510487,0
consume_begin,565,4924494622511777,0
consume_end,565,4924494639450970,0
yield_resumed,565,4924494639513999,0
consume_begin,566,4924494639518479,0
consume_end,566,4924494639519419,0
yield_resumed,566,4924494639555389,0
consume_begin,567,4924494639557059,0
consume_end,567,4924494639557509,0
yield_resumed,567,4924494639621548,0
consume_begin,568,4924494639623318,0
consume_end,568,4924494653337785,0
yield_resumed,568,4924494653389255,0
consume_begin,569,4924494653394205,0
consume_end,569,4924494653395325,0
yield_resumed,569,4924494653429165,0
consume_begin,570,4924494653431525,0
consume_end,570,4924494653431985,0
yield_resumed,570,4924494653493504,0
consume_begin,571,4924494653494884,0
consume_end,571,4924494665609683,0
yield_resumed,571,4924494665643403,0
consume_begin,572,4924494665648903,0
consume_end,572,4924494665649763,0
yield_resumed,572,4924494665691052,0
consume_begin,573,4924494665693792,0
consume_end,573,4924494665694272,0
yield_resumed,573,4924494665731262,0
consume_begin,574,4924494665732792,0
consume_end,574,4924494681227216,0
yield_resumed,574,4924494681267166,0
consume_begin,575,4924494681271725,0
consume_end,575,4924494681272395,0
yield_resumed,575,4924494681327465,0
consume_begin,576,4924494681329645,0
consume_end,576,4924494681330095,0
yield_resumed,576,4924494681401194,0
consume_begin,577,4924494681404414,0
consume_end,577,4924494697888381,0
yield_resumed,577,4924494697950510,0
consume_begin,578,4924494697956770,0
consume_end,578,4924494697957610,0
yield_resumed,578,4924494697998670,0
consume_begin,579,4924494698009100,0
consume_end,579,4924494698009610,0
yield_resumed,579,4924494698084839,0
consume_begin,580,4924494698086029,0
consume_end,580,4924494714066039,0
yield_resumed,580,4924494714103309,0
consume_begin,581,4924494714108849,0
consume_end,581,4924494714109859,0
yield_resumed,581,4924494714152108,0
consume_begin,582,4924494714155248,0
consume_end,582,4924494714155728,0
yield_resumed,582,4924494714222158,0
consume_begin,583,4924494714223668,0
consume_end,583,4924494730400386,0
yield_resumed,583,4924494730440546,0
consume_begin,584,4924494730446286,0
consume_end,584,4924494730447346,0
yield_resumed,584,4924494730490676,0
consume_begin,585,4924494730493006,0
consume_end,585,4924494730493466,0
yield_resumed,585,4924494730524186,0
consume_begin,586,4924494730526136,0
consume_end,586,4924494730526506,0
yield_resumed,586,4924494730578455,0
consume_begin,587,4924494730580095,0
consume_end,587,4924494747024032,0
yield_resumed,587,4924494747075801,0
consume_begin,588,4924494747080071,0
consume_end,588,4924494747080741,0
yield_resumed,588,4924494747115231,0
consume_begin,589,4924494747116421,0
consume_end,589,4924494747116801,0
yield_resumed,589,4924494747172221,0
consume_begin,590,4924494747174491,0
consume_end,590,4924494762821443,0
yield_resumed,590,4924494762879242,0
consume_begin,591,4924494762885852,0
consume_end,591,4924494762887022,0
yield_resumed,591,4924494762921432,0
consume_begin,592,4924494762925582,0
consume_end,592,4924494762926202,0
yield_resumed,592,4924494762990382,0
consume_begin,593,4924494762993572,0
consume_end,593,4924494780206082,0
yield_resumed,593,4924494780242192,0
consume_begin,594,4924494780249772,0
consume_end,594,4924494780250912,0
yield_resumed,594,4924494780301022,0
consume_begin,595,4924494780303932,0
consume_end,595,4924494797460223,0
yield_resumed,595,4924494797511652,0
consume_begin,596,4924494797516822,0
consume_end,596,4924494797517502,0
yield_resumed,596,4924494797565892,0
consume_begin,597,4924494797567852,0
consume_end,597,4924494797568302,0
yield_resumed,597,4924494797624582,0
consume_begin,598,4924494797625842,0
consume_end,598,4924494814088658,0
yield_resumed,598,4924494814154397,0
consume_begin,599,4924494814160087,0
consume_end,599,4924494814161197,0
yield_resumed,599,4924494814194437,0
consume_begin,600,4924494814196697,0
consume_end,600,4924494814197497,0
yield_resumed,600,4924494814257177,0
consume_begin,601,4924494814259037,0
consume_end,601,4924494829666871,0
yield_resumed,601,4924494829727540,0
consume_begin,602,4924494829733910,0
consume_end,602,4924494829734830,0
yield_resumed,602,4924494829768010,0
consume_begin,603,4924494829771170,0
consume_end,603,4924494829771750,0
yield_resumed,603,4924494829835730,0
consume_begin,604,4924494829838410,0
consume_end,604,4924494846502444,0
yield_resumed,604,4924494846553964,0
consume_begin,605,4924494846560344,0
consume_end,605,4924494846561144,0
yield_resumed,605,4924494846597004,0
consume_begin,606,4924494846599994,0
consume_end,606,4924494846600484,0
yield_resumed,606,4924494846657333,0
consume_begin,607,4924494846659653,0
consume_end,607,4924494863863954,0
yield_resumed,607,4924494863920734,0
consume_begin,608,4924494863925634,0
consume_end,608,4924494863926454,0
yield_resumed,608,4924494863962633,0
consume_begin,609,4924494863965183,0
consume_end,609,4924494863965663,0
yield_resumed,609,4924494864035323,0
consume_begin,610,4924494864037873,0
consume_end,610,4924494864038323,0
yield_resumed,610,4924494864099342,0
consume_begin,611,4924494864102592,0
consume_end,611,4924494881244654,0
yield_resumed,611,4924494881306283,0
consume_begin,612,4924494881317143,0
consume_end,612,4924494881318233,0
yield_resumed,612,4924494881381252,0
consume_begin,613,4924494881384352,0
consume_end,613,4924494881384852,0
yield_resumed,613,4924494881463272,0
consume_begin,614,4924494881468072,0
consume_end,614,4924494900569778,0
yield_resumed,614,4924494900600808,0
consume_begin,615,4924494900605518,0
consume_end,615,4924494900606548,0
yield_resumed,615,4924494900649678,0
consume_begin,616,4924494900650878,0
consume_end,616,4924494900651408,0
yield_resumed,616,4924494900731937,0
consume_begin,617,4924494900734457,0
consume_end,617,4924494919267508,0
yield_resumed,617,4924494919289068,0
consume_begin,618,4924494919295118,0
consume_end,618,4924494919296268,0
yield_resumed,618,4924494919333817,0
consume_begin,619,4924494919336527,0
consume_end,619,4924494919337047,0
yield_resumed,619,4924494919406707,0
consume_begin,620,4924494919410297,0
consume_end,620,4924494936150091,0
yield_resumed,620,4924494936197071,0
consume_begin,621,4924494936202031,0
consume_end,621,4924494936202741,0
yield_resumed,621,4924494936235450,0
consume_begin,622,4924494936236440,0
consume_end,622,4924494936236920,0
yield_resumed,622,4924494936300850,0
consume_begin,623,4924494936303720,0
consume_end,623,4924494951441896,0
yield_resumed,623,4924494951492206,0
consume_begin,624,4924494951497146,0
consume_end,624,4924494951497966,0
yield_resumed,624,4924494951530136,0
consume_begin,625,4924494951532546,0
consume_end,625,4924494951533036,0
yield_resumed,625,4924494951591335,0
consume_begin,626,4924494951592515,0
consume_end,626,4924494967664624,0
yield_resumed,626,4924494967716864,0
consume_begin,627,4924494967721894,0
consume_end,627,4924494967722714,0
yield_resumed,627,4924494967756984,0
consume_begin,628,4924494967759654,0
consume_end,628,4924494967760154,0
yield_resumed,628,4924494967837683,0
consume_begin,629,4924494967841343,0
consume_end,629,4924494982701722,0
yield_resumed,629,4924494982737531,0
consume_begin,630,4924494982744651,0
consume_end,630,4924494997988867,0
yield_resumed,630,4924494998035796,0
consume_begin,631,4924494998040856,0
consume_end,631,4924494998041786,0
yield_resumed,631,4924494998086286,0
consume_begin,632,4924494998088436,0
consume_end,632,4924494998088906,0
yield_resumed,632,4924494998154165,0
consume_begin,633,4924494998156335,0
consume_end,633,4924495014287174,0
yield_resumed,633,4924495014340414,0
consume_begin,634,4924495014345374,0
consume_end,634,4924495014346204,0
yield_resumed,634,4924495014380994,0
consume_begin,635,4924495014382604,0
consume_end,635,4924495014383334,0
yield_resumed,635,4924495014447173,0
consume_begin,636,4924495014449783,0
consume_end,636,4924495029164142,0
yield_resumed,636,4924495029200682,0
consume_begin,637,4924495029205872,0
consume_end,637,4924495029206962,0
yield_resumed,637,4924495029247582,0
consume_begin,638,4924495029249042,0
consume_end,638,4924495029249622,0
yield_resumed,638,4924495029322601,0
consume_begin,639,4924495029326741,0
consume_end,639,4924495039653794,0
yield_resumed,639,4924495039687283,0
consume_begin,640,4924495039692433,0
consume_end,640,4924495039693003,0
yield_resumed,640,4924495039735013,0
consume_begin,641,4924495039736433,0
consume_end,641,4924495057556169,0
yield_resumed,641,4924495057596449,0
consume_begin,642,4924495057601529,0
consume_end,642,4924495057602259,0
yield_resumed,642,4924495057651459,0
consume_begin,643,4924495057653909,0
consume_end,643,4924495057654439,0
yield_resumed,643,4924495057721498,0
consume_begin,644,4924495057722698,0
consume_end,644,4924495057723178,0
yield_resumed,644,4924495057778908,0
consume_begin,645,4924495057781228,0
consume_end,645,4924495075829862,0
yield_resumed,645,4924495075895222,0
consume_begin,646,4924495075902861,0
consume_end,646,4924495075903901,0
yield_resumed,646,4924495075943771,0
consume_begin,647,4924495075945281,0
consume_end,647,4924495075945761,0
yield_resumed,647,4924495076046580,0
consume_begin,648,4924495076051300,0
consume_end,648,4924495095669843,0
yield_resumed,648,4924495095725543,0
consume_begin,649,4924495095731033,0
consume_end,649,4924495095731882,0
yield_resumed,649,4924495095763822,0
consume_begin,650,4924495095765072,0
consume_end,650,4924495095765772,0
yield_resumed,650,4924495095828902,0
consume_begin,651,4924495095831932,0
consume_end,651,4924495115137277,0
yield_resumed,651,4924495115194756,0
consume_begin,652,4924495115201986,0
consume_end,652,4924495115202886,0
yield_resumed,652,4924495115244746,0
consume_begin,653,4924495115246306,0
consume_end,653,4924495115246916,0
yield_resumed,653,4924495115315855,0
consume_begin,654,4924495115319205,0
consume_end,654,4924495133299070,0
yield_resumed,654,4924495133358630,0
consume_begin,655,4924495133364110,0
consume_end,655,4924495133364950,0
yield_resumed,655,4924495133397840,0
consume_begin,656,4924495133400060,0
consume_end,656,4924495133400580,0
yield_resumed,656,4924495133455359,0
consume_begin,657,4924495133457179,0
consume_end,657,4924495152484846,0
yield_resumed,657,4924495152539676,0
consume_begin,658,4924495152545986,0
consume_end,658,4924495152546886,0
yield_resumed,658,4924495152580566,0
consume_begin,659,4924495152581746,0
consume_end,659,4924495152582236,0
yield_resumed,659,4924495152640925,0
consume_begin,660,4924495152643755,0
consume_end,660,4924495172041649,0
yield_resumed,660,4924495172105029,0
consume_begin,661,4924495172110919,0
consume_end,661,4924495172111829,0
yield_resumed,661,4924495172153448,0
consume_begin,662,4924495172154938,0
consume_end,662,4924495172155498,0
yield_resumed,662,4924495172218708,0
consume_begin,663,4924495172221778,0
consume_end,663,4924495191987410,0
yield_resumed,663,4924495192038629,0
consume_begin,664,4924495192046739,0
consume_end,664,4924495192047689,0
yield_resumed,664,4924495192091779,0
consume_begin,665,4924495192095049,0
consume_end,665,4924495192095519,0
yield_resumed,665,4924495192163938,0
consume_begin,666,4924495192167808,0
consume_end,666,4924495208008089,0
yield_resumed,666,4924495208069719,0
consume_begin,667,4924495208075209,0
consume_end,667,4924495208076079,0
yield_resumed,667,4924495208113448,0
consume_begin,668,4924495208115128,0
consume_end,668,4924495208115548,0
yield_resumed,668,4924495208188248,0
consume_begin,669,4924495208190128,0
consume_end,669,4924495226940217,0
yield_resumed,669,4924495226961687,0
consume_begin,670,4924495226966587,0
consume_end,670,4924495226967377,0
yield_resumed,670,4924495227013327,0
consume_begin,671,4924495227014857,0
consume_end,671,4924495227015347,0
yield_resumed,671,4924495227077936,0
consume_begin,672,4924495227079506,0
consume_end,672,4924495243196865,0
yield_resumed,672,4924495243253724,0
consume_begin,673,4924495243258524,0
consume_end,673,4924495243259584,0
yield_resumed,673,4924495243322174,0
consume_begin,674,4924495243324254,0
consume_end,674,4924495243324764,0
yield_resumed,674,4924495243397983,0
consume_begin,675,4924495243401173,0
consume_end,675,4924495259573582,0
yield_resumed,675,4924495259638382,0
consume_begin,676,4924495259646351,0
consume_end,676,4924495259647461,0
yield_resumed,676,4924495259689061,0
consume_begin,677,4924495259692191,0
consume_end,677,4924495259692841,0
yield_resumed,677,4924495259770931,0
consume_begin,678,4924495259775331,0
consume_end,678,4924495280700073,0
yield_resumed,678,4924495280775623,0
consume_begin,679,4924495280784023,0
consume_end,679,4924495280785133,0
yield_resumed,679,4924495280828112,0
consume_begin,680,4924495280830022,0
consume_end,680,4924495280830602,0
yield_resumed,680,4924495280894752,0
consume_begin,681,4924495280898832,0
consume_end,681,4924495301421198,0
yield_resumed,681,4924495301491237,0
consume_begin,682,4924495301499347,0
consume_end,682,4924495301500347,0
yield_resumed,682,4924495301541297,0
consume_begin,683,4924495301543047,0
consume_end,683,4924495301543687,0
yield_resumed,683,4924495301614056,0
consume_begin,684,4924495301617516,0
consume_end,684,4924495321228799,0
yield_resumed,684,4924495321289348,0
consume_begin,685,4924495321296888,0
consume_end,685,4924495321297868,0
yield_resumed,685,4924495321338138,0
consume_begin,686,4924495321341538,0
consume_end,686,4924495321342158,0
yield_resumed,686,4924495321418858,0
consume_begin,687,4924495321421737,0
consume_end,687,4924495341567396,0
yield_resumed,687,4924495341630996,0
consume_begin,688,4924495341639876,0
consume_end,688,4924495341641166,0
yield_resumed,688,4924495341681375,0
consume_begin,689,4924495341683655,0
consume_end,689,4924495341684185,0
yield_resumed,689,4924495341748105,0
consume_begin,690,4924495341750965,0
consume_end,690,4924495359120474,0
yield_resumed,690,4924495359183854,0
consume_begin,691,4924495359192444,0
consume_end,691,4924495359193444,0
yield_resumed,691,4924495359234343,0
consume_begin,692,4924495359235683,0
consume_end,692,4924495359236343,0
yield_resumed,692,4924495359304023,0
consume_begin,693,4924495359306803,0
consume_end,693,4924495376210866,0
yield_resumed,693,4924495376249096,0
consume_begin,694,4924495376257516,0
consume_end,694,4924495376259316,0
yield_resumed,694,4924495376300425,0
consume_begin,695,4924495376302315,0
consume_end,695,4924495390760557,0
yield_resumed,695,4924495390812476,0
consume_begin,696,4924495390820096,0
consume_end,696,4924495390821226,0
yield_resumed,696,4924495390863746,0
consume_begin,697,4924495390867276,0
consume_end,697,4924495390867886,0
yield_resumed,697,4924495390933335,0
consume_begin,698,4924495390934785,0
consume_end,698,4924495406454029,0
yield_resumed,698,4924495406509848,0
consume_begin,699,4924495406516448,0
consume_end,699,4924495406517448,0
yield_resumed,699,4924495406551138,0
consume_begin,700,4924495406552948,0
consume_end,700,4924495406553528,0
yield_resumed,700,4924495406615598,0
consume_begin,701,4924495406618638,0
consume_end,701,4924495406619138,0
yield_resumed,701,4924495406665457,0
consume_begin,702,4924495406666737,0
consume_end,702,4924495425043349,0
yield_resumed,702,4924495425080349,0
consume_begin,703,4924495425085179,0
consume_end,703,4924495425086009,0
yield_resumed,703,4924495425122109,0
consume_begin,704,4924495425124539,0
consume_end,704,4924495425125039,0
yield_resumed,704,4924495425191198,0
consume_begin,705,4924495425193168,0
consume_end,705,4924495444734241,0
yield_resumed,705,4924495444804431,0
consume_begin,706,4924495444814111,0
consume_end,706,4924495444815061,0
yield_resumed,706,4924495444859730,0
consume_begin,707,4924495444864000,0
consume_end,707,4924495444864540,0
yield_resumed,707,4924495444930100,0
consume_begin,708,4924495444932450,0
consume_end,708,4924495459819558,0
yield_resumed,708,4924495459859278,0
consume_begin,709,4924495459866798,0
consume_end,709,4924495459867968,0
yield_resumed,709,4924495459912827,0
consume_begin,710,4924495459916447,0
consume_end,710,4924495459917087,0
yield_resumed,710,4924495459988937,0
consume_begin,711,4924495459990717,0
consume_end,711,4924495479434181,0
yield_resumed,711,4924495479502390,0
consume_begin,712,4924495479509920,0
consume_end,712,4924495479510770,0
yield_resumed,712,4924495479550140,0
consume_begin,713,4924495479553330,0
consume_end,713,4924495479553890,0
yield_resumed,713,4924495479622729,0
consume_begin,714,4924495479625919,0
consume_end,714,4924495497566665,0
yield_resumed,714,4924495497629254,0
consume_begin,715,4924495497637544,0
consume_end,715,4924495497638734,0
yield_resumed,715,4924495497677084,0
consume_begin,716,4924495497680574,0
consume_end,716,4924495497681204,0
yield_resumed,716,4924495497746153,0
consume_begin,717,4924495497749473,0
consume_end,717,4924495510529117,0
yield_resumed,717,4924495510592447,0
consume_begin,718,4924495510601617,0
consume_end,718,4924495510602897,0
yield_resumed,718,4924495510639846,0
consume_begin,719,4924495510643456,0
consume_end,719,4924495510644006,0
yield_resumed,719,4924495510700676,0
consume_begin,720,4924495510702296,0
consume_end,720,4924495523792918,0
yield_resumed,720,4924495523844017,0
consume_begin,721,4924495523849647,0
consume_end,721,4924495523850317,0
yield_resumed,721,4924495523880247,0
consume_begin,722,4924495523883057,0
consume_end,722,4924495523883517,0
yield_resumed,722,4924495523929597,0
consume_begin,723,4924495523931037,0
consume_end,723,4924495535351731,0
yield_resumed,723,4924495535407230,0
consume_begin,724,4924495535412460,0
consume_end,724,4924495535413240,0
yield_resumed,724,4924495535443740,0
consume_begin,725,4924495535445790,0
consume_end,725,4924495535446310,0
yield_resumed,725,4924495535503540,0
consume_begin,726,4924495535505180,0
consume_end,726,4924495549374285,0
yield_resumed,726,4924495549411435,0
consume_begin,727,4924495549418465,0
consume_end,727,4924495549419725,0
yield_resumed,727,4924495549457645,0
consume_begin,728,4924495549459905,0
consume_end,728,4924495549460645,0
yield_resumed,728,4924495549532224,0
consume_begin,729,4924495549533964,0
consume_end,729,4924495563236891,0
yield_resumed,729,4924495563282481,0
consume_begin,730,4924495563291831,0
consume_end,730,4924495563292951,0
yield_resumed,730,4924495563360780,0
consume_begin,731,4924495563363410,0
consume_end,731,4924495563363910,0
yield_resumed,731,4924495563424350,0
consume_begin,732,4924495563427810,0
consume_end,732,4924495579619908,0
yield_resumed,732,4924495579673628,0
consume_begin,733,4924495579678788,0
consume_end,733,4924495579679878,0
yield_resumed,733,4924495579711948,0
consume_begin,734,4924495579714738,0
consume_end,734,4924495579715198,0
yield_resumed,734,4924495579777957,0
consume_begin,735,4924495579780417,0
consume_end,735,4924495579780957,0
yield_resumed,735,4924495579863766,0
consume_begin,736,4924495579867146,0
consume_end,736,4924495594208959,0
yield_resumed,736,4924495594247308,0
consume_begin,737,4924495594255018,0
consume_end,737,4924495594256128,0
yield_resumed,737,4924495594304288,0
consume_begin,738,4924495594307868,0
consume_end,738,4924495594308548,0
yield_resumed,738,4924495594378937,0
consume_begin,739,4924495594381347,0
consume_end,739,4924495608712840,0
yield_resumed,739,4924495608752680,0
consume_begin,740,4924495608761849,0
consume_end,740,4924495608763079,0
yield_resumed,740,4924495608810129,0
consume_begin,741,4924495608813849,0
consume_end,741,4924495620581731,0
yield_resumed,741,4924495620640940,0
consume_begin,742,4924495620649010,0
consume_end,742,4924495620649930,0
yield_resumed,742,4924495620710870,0
consume_begin,743,4924495620714740,0
consume_end,743,4924495620715330,0
yield_resumed,743,4924495620778999,0
consume_begin,744,4924495620782379,0
consume_end,744,4924495637303105,0
yield_resumed,744,4924495637358455,0
consume_begin,745,4924495637367065,0
consume_end,745,4924495637367995,0
yield_resumed,745,4924495637411244,0
consume_begin,746,4924495637414754,0
consume_end,746,4924495637415374,0
yield_resumed,746,4924495637476644,0
consume_begin,747,4924495637480414,0
consume_end,747,4924495637481164,0
yield_resumed,747,4924495637561973,0
consume_begin,748,4924495637563913,0
consume_end,748,4924495648807229,0
yield_resumed,748,4924495648849418,0
consume_begin,749,4924495648857868,0
consume_end,749,4924495648859158,0
yield_resumed,749,4924495648911628,0
consume_begin,750,4924495648914768,0
consume_end,750,4924495666574305,0
yield_resumed,750,4924495666642825,0
consume_begin,751,4924495666651175,0
consume_end,751,4924495666652195,0
yield_resumed,751,4924495666688314,0
consume_begin,752,4924495666691424,0
consume_end,752,4924495666692024,0
yield_resumed,752,4924495666761734,0
consume_begin,753,4924495666765504,0
consume_end,753,4924495666766084,0
yield_resumed,753,4924495666847793,0
consume_begin,754,4924495666850623,0
consume_end,754,4924495682917303,0
yield_resumed,754,4924495682961062,0
consume_begin,755,4924495682970072,0
consume_end,755,4924495682971122,0
yield_resumed,755,4924495683022392,0
consume_begin,756,4924495683025862,0
consume_end,756,4924495683026432,0
yield_resumed,756,4924495683084431,0
consume_begin,757,4924495683087011,0
consume_end,757,4924495699518898,0
yield_resumed,757,4924495699580027,0
consume_begin,758,4924495699585857,0
consume_end,758,4924495699586717,0
yield_resumed,758,4924495699624377,0
consume_begin,759,4924495699626687,0
consume_end,759,4924495699627237,0
yield_resumed,759,4924495699685807,0
consume_begin,760,4924495699688387,0
consume_end,760,4924495716172813,0
yield_resumed,760,4924495716208502,0
consume_begin,761,4924495716216382,0
consume_end,761,4924495716217452,0
yield_resumed,761,4924495716259512,0
consume_begin,762,4924495716262832,0
consume_end,762,4924495734393036,0
yield_resumed,762,4924495734449605,0
consume_begin,763,4924495734455785,0
consume_end,763,4924495734456575,0
yield_resumed,763,4924495734503415,0
consume_begin,764,4924495734504805,0
consume_end,764,4924495734505365,0
yield_resumed,764,4924495734575865,0
consume_begin,765,4924495734579685,0
consume_end,765,4924495752649179,0
yield_resumed,765,4924495752704958,0
consume_begin,766,4924495752712568,0
consume_end,766,4924495752713688,0
yield_resumed,766,4924495752752268,0
consume_begin,767,4924495752755298,0
consume_end,767,4924495752755898,0
yield_resumed,767,4924495752836657,0
consume_begin,768,4924495752840777,0
consume_end,768,4924495772358631,0
yield_resumed,768,4924495772419980,0
consume_begin,769,4924495772428440,0
consume_end,769,4924495772429600,0
yield_resumed,769,4924495772481480,0
consume_begin,770,4924495772484160,0
consume_end,770,4924495772484760,0
yield_resumed,770,4924495772550499,0
consume_begin,771,4924495772553499,0
consume_end,771,4924495772554069,0
yield_resumed,771,4924495772649629,0
consume_begin,772,4924495772652569,0
consume_end,772,4924495793316943,0
yield_resumed,772,4924495793376613,0
consume_begin,773,4924495793385433,0
consume_end,773,4924495793386663,0
yield_resumed,773,4924495793430353,0
consume_begin,774,4924495793433423,0
consume_end,774,4924495793434223,0
yield_resumed,774,4924495793501682,0
consume_begin,775,4924495793503522,0
consume_end,775,4924495812584559,0
yield_resumed,775,4924495812616679,0
consume_begin,776,4924495812622438,0
consume_end,776,4924495812623268,0
yield_resumed,776,4924495812657598,0
consume_begin,777,4924495812660048,0
consume_end,777,4924495812660598,0
yield_resumed,777,4924495812716398,0
consume_begin,778,4924495812718438,0
consume_end,778,4924495831090840,0
yield_resumed,778,4924495831147349,0
consume_begin,779,4924495831152989,0
consume_end,779,4924495831153779,0
yield_resumed,779,4924495831205569,0
consume_begin,780,4924495831208239,0
consume_end,780,4924495831208889,0
yield_resumed,780,4924495831266718,0
consume_begin,781,4924495831268828,0
consume_end,781,4924495851484227,0
yield_resumed,781,4924495851506926,0
consume_begin,782,4924495851514196,0
consume_end,782,4924495851515366,0
yield_resumed,782,4924495851573826,0
consume_begin,783,4924495851577466,0
consume_end,783,4924495851578256,0
yield_resumed,783,4924495851642155,0
consume_begin,784,4924495851644025,0
consume_end,784,4924495870158346,0
yield_resumed,784,4924495870220496,0
consume_begin,785,4924495870229946,0
consume_end,785,4924495870230856,0
yield_resumed,785,4924495870263496,0
consume_begin,786,4924495870265056,0
consume_end,786,4924495870265566,0
yield_resumed,786,4924495870319995,0
consume_begin,787,4924495870322845,0
consume_end,787,4924495870323325,0
yield_resumed,787,4924495870391775,0
consume_begin,788,4924495870393475,0
consume_end,788,4924495881323043,0
yield_resumed,788,4924495881367322,0
consume_begin,789,4924495881375892,0
consume_end,789,4924495881376982,0
yield_resumed,789,4924495881410912,0
consume_begin,790,4924495881413592,0
consume_end,790,4924495881414212,0
yield_resumed,790,4924495881474261,0
consume_begin,791,4924495881477841,0
consume_end,791,4924495891340267,0
yield_resumed,791,4924495891361717,0
consume_begin,792,4924495891366937,0
consume_end,792,4924495891368027,0
yield_resumed,792,4924495891399037,0
consume_begin,793,4924495891400897,0
consume_end,793,4924495891401367,0
yield_resumed,793,4924495891463976,0
consume_begin,794,4924495891468006,0
consume_end,794,4924495900388519,0
yield_resumed,794,4924495900413809,0
consume_begin,795,4924495900419079,0
consume_end,795,4924495900420119,0
yield_resumed,795,4924495900460749,0
consume_begin,796,4924495900463949,0
consume_end,796,4924495900464539,0
yield_resumed,796,4924495900526728,0
consume_begin,797,4924495900529278,0
consume_end,797,4924495911412627,0
yield_resumed,797,4924495911442236,0
consume_begin,798,4924495911451216,0
consume_end,798,4924495911452606,0
yield_resumed,798,4924495911496026,0
consume_begin,799,4924495911498586,0
consume_end,799,4924495911499446,0
yield_resumed,799,4924495911566405,0
consume_begin,800,4924495911569975,0
consume_end,800,4924495923099959,0
yield_resumed,800,4924495923144538,0
consume_begin,801,4924495923151388,0
consume_end,801,4924495923152188,0
yield_resumed,801,4924495923182478,0
consume_begin,802,4924495923184848,0
consume_end,802,4924495923185398,0
yield_resumed,802,4924495923236498,0
consume_begin,803,4924495923238828,0
consume_end,803,4924495923239308,0
yield_resumed,803,4924495923293417,0
consume_begin,804,4924495923295747,0
consume_end,804,4924495935266657,0
yield_resumed,804,4924495935294847,0
consume_begin,805,4924495935301337,0
consume_end,805,4924495935302377,0
yield_resumed,805,4924495935343857,0
consume_begin,806,4924495935346377,0
consume_end,806,4924495935347017,0
yield_resumed,806,4924495935414066,0
consume_begin,807,4924495935418416,0
consume_end,807,4924495935418986,0
yield_resumed,807,4924495935499346,0
consume_begin,808,4924495935502606,0
consume_end,808,4924495945987207,0
yield_resumed,808,4924495946045306,0
consume_begin,809,4924495946052296,0
consume_end,809,4924495946053406,0
yield_resumed,809,4924495946089366,0
consume_begin,810,4924495946091986,0
consume_end,810,4924495946092476,0
yield_resumed,810,4924495946158196,0
consume_begin,811,4924495946159986,0
consume_end,811,4924495956201880,0
yield_resumed,811,4924495956231690,0
consume_begin,812,4924495956238480,0
consume_end,812,4924495956239640,0
yield_resumed,812,4924495956276750,0
consume_begin,813,4924495956279690,0
consume_end,813,4924495956280190,0
yield_resumed,813,4924495956337499,0
consume_begin,814,4924495956339099,0
consume_end,814,4924495966584972,0
yield_resumed,814,4924495966621032,0
consume_begin,815,4924495966633442,0
consume_end,815,4924495966634772,0
yield_resumed,815,4924495966682661,0
consume_begin,816,4924495966685821,0
consume_end,816,4924495966686441,0
yield_resumed,816,4924495966759721,0
consume_begin,817,4924495966761391,0
consume_end,817,4924495975991482,0
yield_resumed,817,4924495976051091,0
consume_begin,818,4924495976058701,0
consume_end,818,4924495976059821,0
yield_resumed,818,4924495976093601,0
consume_begin,819,4924495976095331,0
consume_end,819,4924495976096141,0
yield_resumed,819,4924495976155730,0
consume_begin,820,4924495976158940,0
consume_end,820,4924495996913704,0
yield_resumed,820,4924495996973454,0
consume_begin,821,4924495996981984,0
consume_end,821,4924495996983064,0
yield_resumed,821,4924495997029704,0
consume_begin,822,4924495997031764,0
consume_end,822,4924495997032414,0
yield_resumed,822,4924495997100183,0
consume_begin,823,4924495997103883,0
consume_end,823,4924495997104463,0
yield_resumed,823,4924495997180392,0
consume_begin,824,4924495997182522,0
consume_end,824,4924496013073703,0
yield_resumed,824,4924496013123753,0
consume_begin,825,4924496013131613,0
consume_end,825,4924496013132683,0
yield_resumed,825,4924496013170732,0
consume_begin,826,4924496013172582,0
consume_end,826,4924496025345131,0
yield_resumed,826,4924496025403421,0
consume_begin,827,4924496025409210,0
consume_end,827,4924496025410010,0
yield_resumed,827,4924496025443450,0
consume_begin,828,4924496025446230,0
consume_end,828,4924496025446720,0
yield_resumed,828,4924496025498480,0
consume_begin,829,4924496025499850,0
consume_end,829,4924496042784700,0
yield_resumed,829,4924496042846399,0
consume_begin,830,4924496042852539,0
consume_end,830,4924496042853199,0
yield_resumed,830,4924496042908839,0
consume_begin,831,4924496042911269,0
consume_end,831,4924496042911769,0
yield_resumed,831,4924496042974449,0
consume_begin,832,4924496042976599,0
consume_end,832,4924496057285301,0
yield_resumed,832,4924496057354371,0
consume_begin,833,4924496057359681,0
consume_end,833,4924496057360481,0
yield_resumed,833,4924496057394300,0
consume_begin,834,4924496057396580,0
consume_end,834,4924496057397230,0
yield_resumed,834,4924496057457720,0
consume_begin,835,4924496057460420,0
consume_end,835,4924496075452195,0
yield_resumed,835,4924496075488954,0
consume_begin,836,4924496075497464,0
consume_end,836,4924496075498624,0
yield_resumed,836,4924496075541454,0
consume_begin,837,4924496075544684,0
consume_end,837,4924496075545274,0
yield_resumed,837,4924496075610073,0
consume_begin,838,4924496075613133,0
consume_end,838,4924496075613923,0
yield_resumed,838,4924496075657623,0
consume_begin,839,4924496075660323,0
consume_end,839,4924496087039128,0
yield_resumed,839,4924496087065807,0
consume_begin,840,4924496087071657,0
consume_end,840,4924496087072767,0
yield_resumed,840,4924496087111197,0
consume_begin,841,4924496087112767,0
consume_end,841,4924496100235458,0
yield_resumed,841,4924496100304348,0
consume_begin,842,4924496100310118,0
consume_end,842,4924496100310928,0
yield_resumed,842,4924496100342718,0
consume_begin,843,4924496100345218,0
consume_end,843,4924496100345718,0
yield_resumed,843,4924496100400567,0
consume_begin,844,4924496100401817,0
consume_end,844,4924496118402432,0
yield_resumed,844,4924496118463782,0
consume_begin,845,4924496118472891,0
consume_end,845,4924496118474071,0
yield_resumed,845,4924496118527511,0
consume_begin,846,4924496118530031,0
consume_end,846,4924496118530811,0
yield_resumed,846,4924496118573531,0
consume_begin,847,4924496118575321,0
consume_end,847,4924496118576051,0
yield_resumed,847,4924496118646410,0
consume_begin,848,4924496118648580,0
consume_end,848,4924496132743024,0
yield_resumed,848,4924496132794954,0
consume_begin,849,4924496132801324,0
consume_end,849,4924496132802124,0
yield_resumed,849,4924496132832444,0
consume_begin,850,4924496132833844,0
consume_end,850,4924496132834334,0
yield_resumed,850,4924496132892683,0
consume_begin,851,4924496132894233,0
consume_end,851,4924496146090134,0
yield_resumed,851,4924496146126794,0
consume_begin,852,4924496146133374,0
consume_end,852,4924496146134464,0
yield_resumed,852,4924496146180493,0
consume_begin,853,4924496146182503,0
consume_end,853,4924496146183083,0
yield_resumed,853,4924496146228553,0
consume_begin,854,4924496146229693,0
consume_end,854,4924496159893190,0
yield_resumed,854,4924496159944090,0
consume_begin,855,4924496159950220,0
consume_end,855,4924496159951080,0
yield_resumed,855,4924496160017080,0
consume_begin,856,4924496160019359,0
consume_end,856,4924496160020119,0
yield_resumed,856,4924496160061539,0
consume_begin,857,4924496160065099,0
consume_end,857,4924496169890475,0
yield_resumed,857,4924496169932085,0
consume_begin,858,4924496169937965,0
consume_end,858,4924496169938945,0
yield_resumed,858,4924496169971365,0
consume_begin,859,4924496169973175,0
consume_end,859,4924496169973715,0
yield_resumed,859,4924496170041564,0
consume_begin,860,4924496170044794,0
consume_end,860,4924496181400689,0
yield_resumed,860,4924496181457538,0
consume_begin,861,4924496181464278,0
consume_end,861,4924496181465638,0
yield_resumed,861,4924496181515028,0
consume_begin,862,4924496181516258,0
consume_end,862,4924496181516878,0
yield_resumed,862,4924496181574388,0
consume_begin,863,4924496181576218,0
consume_end,863,4924496190503530,0
yield_resumed,863,4924496190545660,0
consume_begin,864,4924496190551220,0
consume_end,864,4924496190552160,0
yield_resumed,864,4924496190580950,0
consume_begin,865,4924496190582300,0
consume_end,865,4924496200643664,0
yield_resumed,865,4924496200688764,0
consume_begin,866,4924496200694794,0
consume_end,866,4924496200695584,0
yield_resumed,866,4924496200728834,0
consume_begin,867,4924496200730914,0
consume_end,867,4924496200731434,0
yield_resumed,867,4924496200785663,0
consume_begin,868,4924496200787313,0
consume_end,868,4924496212625024,0
yield_resumed,868,4924496212652064,0
consume_begin,869,4924496212658104,0
consume_end,869,4924496212658834,0
yield_resumed,869,4924496212693364,0
consume_begin,870,4924496212695324,0
consume_end,870,4924496212695924,0
yield_resumed,870,4924496212751483,0
consume_begin,871,4924496212754163,0
consume_end,871,4924496225553217,0
yield_resumed,871,4924496225582747,0
consume_begin,872,4924496225590977,0
consume_end,872,4924496225591857,0
yield_resumed,872,4924496225625947,0
consume_begin,873,4924496225627647,0
consume_end,873,4924496225628167,0
yield_resumed,873,4924496225686356,0
consume_begin,874,4924496225687546,0
consume_end,874,4924496236541855,0
yield_resumed,874,4924496236592164,0
consume_begin,875,4924496236597464,0
consume_end,875,4924496236598654,0
yield_resumed,875,4924496236628904,0
consume_begin,876,4924496236630534,0
consume_end,876,4924496249250169,0
yield_resumed,876,4924496249304459,0
consume_begin,877,4924496249310519,0
consume_end,877,4924496249311389,0
yield_resumed,877,4924496249344039,0
consume_begin,878,4924496249345169,0
consume_end,878,4924496249345779,0
yield_resumed,878,4924496249408318,0
consume_begin,879,4924496249410348,0
consume_end,879,4924496261198720,0
yield_resumed,879,4924496261221779,0
consume_begin,880,4924496261229969,0
consume_end,880,4924496261230879,0
yield_resumed,880,4924496261270779,0
consume_begin,881,4924496261272359,0
consume_end,881,4924496261272959,0
yield_resumed,881,4924496261352458,0
consume_begin,882,4924496261354088,0
consume_end,882,4924496261354608,0
yield_resumed,882,4924496261403208,0
consume_begin,883,4924496261404458,0
consume_end,883,4924496274362531,0
yield_resumed,883,4924496274393411,0
consume_begin,884,4924496274398510,0
consume_end,884,4924496274399450,0
yield_resumed,884,4924496274430500,0
consume_begin,885,4924496274431920,0
consume_end,885,4924496274432430,0
yield_resumed,885,4924496274489090,0
consume_begin,886,4924496274490540,0
consume_end,886,4924496286106573,0
yield_resumed,886,4924496286162212,0
consume_begin,887,4924496286168232,0
consume_end,887,4924496286169162,0
yield_resumed,887,4924496286206592,0
consume_begin,888,4924496286208292,0
consume_end,888,4924496286208822,0
yield_resumed,888,4924496286266721,0
consume_begin,889,4924496286268071,0
consume_end,889,4924496298849317,0
yield_resumed,889,4924496298880677,0
consume_begin,890,4924496298887377,0
consume_end,890,4924496298888147,0
yield_resumed,890,4924496298947946,0
consume_begin,891,4924496298949366,0
consume_end,891,4924496298949906,0
yield_resumed,891,4924496298997046,0
consume_begin,892,4924496298998346,0
consume_end,892,4924496310218701,0
yield_resumed,892,4924496310288461,0
consume_begin,893,4924496310295471,0
consume_end,893,4924496310296461,0
yield_resumed,893,4924496310350800,0
consume_begin,894,4924496310352140,0
consume_end,894,4924496325662535,0
yield_resumed,894,4924496325725705,0
consume_begin,895,4924496325732215,0
consume_end,895,4924496325733065,0
yield_resumed,895,4924496325767085,0
consume_begin,896,4924496325768375,0
consume_end,896,4924496325768985,0
yield_resumed,896,4924496325854164,0
consume_begin,897,4924496325855264,0
consume_end,897,4924496325855794,0
yield_resumed,897,4924496325919394,0
consume_begin,898,4924496325921153,0
consume_end,898,4924496340817422,0
yield_resumed,898,4924496340850711,0
consume_begin,899,4924496340857321,0
consume_end,899,4924496340858281,0
yield_resumed,899,4924496340916211,0
consume_begin,900,4924496340918621,0
consume_end,900,4924496340919491,0
yield_resumed,900,4924496340976550,0
consume_begin,901,4924496340978120,0
consume_end,901,4924496354843516,0
yield_resumed,901,4924496354900216,0
consume_begin,902,4924496354906636,0
consume_end,902,4924496354907546,0
yield_resumed,902,4924496354960286,0
consume_begin,903,4924496354962035,0
consume_end,903,4924496354962565,0
yield_resumed,903,4924496355029385,0
consume_begin,904,4924496355030955,0
consume_end,904,4924496368234886,0
yield_resumed,904,4924496368299005,0
consume_begin,905,4924496368304965,0
consume_end,905,4924496368306005,0
yield_resumed,905,4924496368336975,0
consume_begin,906,4924496368338865,0
consume_end,906,4924496368339475,0
yield_resumed,906,4924496368399155,0
consume_begin,907,4924496368401065,0
consume_end,907,4924496383376422,0
yield_resumed,907,4924496383430942,0
consume_begin,908,4924496383437702,0
consume_end,908,4924496383438542,0
yield_resumed,908,4924496383484031,0
consume_begin,909,4924496383485851,0
consume_end,909,4924496383486491,0
yield_resumed,909,4924496383546231,0
consume_begin,910,4924496383547511,0
consume_end,910,4924496397926873,0
yield_resumed,910,4924496397948393,0
consume_begin,911,4924496397954283,0
consume_end,911,4924496397955243,0
yield_resumed,911,4924496397984352,0
consume_begin,912,4924496397985862,0
consume_end,912,4924496397986532,0
yield_resumed,912,4924496398055882,0
consume_begin,913,4924496398057462,0
consume_end,913,4924496411588070,0
yield_resumed,913,4924496411618730,0
consume_begin,914,4924496411625310,0
consume_end,914,4924496411626410,0
yield_resumed,914,4924496411680509,0
consume_begin,915,4924496411682239,0
consume_end,915,4924496411682849,0
yield_resumed,915,4924496411756699,0
consume_begin,916,4924496411757909,0
consume_end,916,4924496426994455,0
yield_resumed,916,4924496427070124,0
consume_begin,917,4924496427078234,0
consume_end,917,4924496427079104,0
yield_resumed,917,4924496427127094,0
consume_begin,918,4924496427128334,0
consume_end,918,4924496427129094,0
yield_resumed,918,4924496427186653,0
consume_begin,919,4924496427188333,0
consume_end,919,4924496442901725,0
yield_resumed,919,4924496442923085,0
consume_begin,920,4924496442930185,0
consume_end,920,4924496442931775,0
yield_resumed,920,4924496442966954,0
consume_begin,921,4924496442969694,0
consume_end,921,4924496442970324,0
yield_resumed,921,4924496443047334,0
consume_begin,922,4924496443048664,0
consume_end,922,4924496458336279,0
yield_resumed,922,4924496458397439,0
consume_begin,923,4924496458403999,0
consume_end,923,4924496458405019,0
yield_resumed,923,4924496458438058,0
consume_begin,924,4924496458440328,0
consume_end,924,4924496458440878,0
yield_resumed,924,4924496458504398,0
consume_begin,925,4924496458507048,0
consume_end,925,4924496476858780,0
yield_resumed,925,4924496476931489,0
consume_begin,926,4924496476942509,0
consume_end,926,4924496476943799,0
yield_resumed,926,4924496476997929,0
consume_begin,927,4924496476999989,0
consume_end,927,4924496477008639,0
yield_resumed,927,4924496477076048,0
consume_begin,928,4924496477077708,0
consume_end,928,4924496493634164,0
yield_resumed,928,4924496493654974,0
consume_begin,929,4924496493661024,0
consume_end,929,4924496493661994,0
yield_resumed,929,4924496493697594,0
consume_begin,930,4924496493699404,0
consume_end,930,4924496493700194,0
yield_resumed,930,4924496493764873,0
consume_begin,931,4924496493766373,0
consume_end,931,4924496508821410,0
yield_resumed,931,4924496508840200,0
consume_begin,932,4924496508847340,0
consume_end,932,4924496508848310,0
yield_resumed,932,4924496508907249,0
consume_begin,933,4924496508908819,0
consume_end,933,4924496508909719,0
yield_resumed,933,4924496508974909,0
consume_begin,934,4924496508977039,0
consume_end,934,4924496523940457,0
yield_resumed,934,4924496523998946,0
consume_begin,935,4924496524017506,0
consume_end,935,4924496524018836,0
yield_resumed,935,4924496524062416,0
consume_begin,936,4924496524064416,0
consume_end,936,4924496524065036,0
yield_resumed,936,4924496524122855,0
consume_begin,937,4924496524124055,0
consume_end,937,4924496537737453,0
yield_resumed,937,4924496537805762,0
consume_begin,938,4924496537812982,0
consume_end,938,4924496537814132,0
yield_resumed,938,4924496537849172,0
consume_begin,939,4924496537850322,0
consume_end,939,4924496537850942,0
yield_resumed,939,4924496537909892,0
consume_begin,940,4924496537911252,0
consume_end,940,4924496553204867,0
yield_resumed,940,4924496553234236,0
consume_begin,941,4924496553239816,0
consume_end,941,4924496553240786,0
yield_resumed,941,4924496553269666,0
consume_begin,942,4924496553271266,0
consume_end,942,4924496553271916,0
yield_resumed,942,4924496553329996,0
consume_begin,943,4924496553331046,0
consume_end,943,4924496569846932,0
yield_resumed,943,4924496569916331,0
consume_begin,944,4924496569925111,0
consume_end,944,4924496569925991,0
yield_resumed,944,4924496569974251,0
consume_begin,945,4924496569977691,0
consume_end,945,4924496569978241,0
yield_resumed,945,4924496570057550,0
consume_begin,946,4924496570059970,0
consume_end,946,4924496584698260,0
yield_resumed,946,4924496584766460,0
consume_begin,947,4924496584776070,0
consume_end,947,4924496584776990,0
yield_resumed,947,4924496584817079,0
consume_begin,948,4924496584818869,0
consume_end,948,4924496584819839,0
yield_resumed,948,4924496584888189,0
consume_begin,949,4924496584889829,0
consume_end,949,4924496584890689,0
yield_resumed,949,4924496584956048,0
consume_begin,950,4924496584958608,0
consume_end,950,4924496600377332,0
yield_resumed,950,4924496600400492,0
consume_begin,951,4924496600407742,0
consume_end,951,4924496600408442,0
yield_resumed,951,4924496600467102,0
consume_begin,952,4924496600469322,0
consume_end,952,4924496600470082,0
yield_resumed,952,4924496600518061,0
consume_begin,953,4924496600519341,0
consume_end,953,4924496616135044,0
yield_resumed,953,4924496616189224,0
consume_begin,954,4924496616196104,0
consume_end,954,4924496616196864,0
yield_resumed,954,4924496616233353,0
consume_begin,955,4924496616234473,0
consume_end,955,4924496616235053,0
yield_resumed,955,4924496616273443,0
consume_begin,956,4924496616274783,0
consume_end,956,4924496631578068,0
yield_resumed,956,4924496631646988,0
consume_begin,957,4924496631654158,0
consume_end,957,4924496631654918,0
yield_resumed,957,4924496631706237,0
consume_begin,958,4924496631707987,0
consume_end,958,4924496631708537,0
yield_resumed,958,4924496631751387,0
consume_begin,959,4924496631752667,0
consume_end,959,4924496646355147,0
yield_resumed,959,4924496646419267,0
consume_begin,960,4924496646426737,0
consume_end,960,4924496646427527,0
yield_resumed,960,4924496646461866,0
consume_begin,961,4924496646463196,0
consume_end,961,4924496646463756,0
yield_resumed,961,4924496646527636,0
consume_begin,962,4924496646529446,0
consume_end,962,4924496661154176,0
yield_resumed,962,4924496661183036,0
consume_begin,963,4924496661190336,0
consume_end,963,4924496661191456,0
yield_resumed,963,4924496661253745,0
consume_begin,964,4924496661254975,0
consume_end,964,4924496661255535,0
yield_resumed,964,4924496661319145,0
consume_begin,965,4924496661320705,0
consume_end,965,4924496675277020,0
yield_resumed,965,4924496675306600,0
consume_begin,966,4924496675313490,0
consume_end,966,4924496675314410,0
yield_resumed,966,4924496675349419,0
consume_begin,967,4924496675351049,0
consume_end,967,4924496686015439,0
yield_resumed,967,4924496686037519,0
consume_begin,968,4924496686050069,0
consume_end,968,4924496686051409,0
yield_resumed,968,4924496686115709,0
consume_begin,969,4924496686117929,0
consume_end,969,4924496686118569,0
yield_resumed,969,4924496686173918,0
consume_begin,970,4924496686175878,0
consume_end,970,4924496699820406,0
yield_resumed,970,4924496699883665,0
consume_begin,971,4924496699890695,0
consume_end,971,4924496699891675,0
yield_resumed,971,4924496699923855,0
consume_begin,972,4924496699925555,0
consume_end,972,4924496699926205,0
yield_resumed,972,4924496699978124,0
consume_begin,973,4924496699979794,0
consume_end,973,4924496715157951,0
yield_resumed,973,4924496715189610,0
consume_begin,974,4924496715199960,0
consume_end,974,4924496715201420,0
yield_resumed,974,4924496715238690,0
consume_begin,975,4924496715241070,0
consume_end,975,4924496715241830,0
yield_resumed,975,4924496715313519,0
consume_begin,976,4924496715315089,0
consume_end,976,4924496732403291,0
yield_resumed,976,4924496732473750,0
consume_begin,977,4924496732484790,0
consume_end,977,4924496732485640,0
yield_resumed,977,4924496732534470,0
consume_begin,978,4924496732537360,0
consume_end,978,4924496732538140,0
yield_resumed,978,4924496732602300,0
consume_begin,979,4924496732604000,0
consume_end,979,4924496732604809,0
yield_resumed,979,4924496732657209,0
consume_begin,980,4924496732659029,0
consume_end,980,4924496742826783,0
yield_resumed,980,4924496742886352,0
consume_begin,981,4924496742894302,0
consume_end,981,4924496742895262,0
yield_resumed,981,4924496742939322,0
consume_begin,982,4924496742940982,0
consume_end,982,4924496742941562,0
yield_resumed,982,4924496743023291,0
consume_begin,983,4924496743024631,0
consume_end,983,4924496755643096,0
yield_resumed,983,4924496755674416,0
consume_begin,984,4924496755681496,0
consume_end,984,4924496755682836,0
yield_resumed,984,4924496755746326,0
consume_begin,985,4924496755748356,0
consume_end,985,4924496755749046,0
yield_resumed,985,4924496755807035,0
consume_begin,986,4924496755808255,0
consume_end,986,4924496768831027,0
yield_resumed,986,4924496768865267,0
consume_begin,987,4924496768874007,0
consume_end,987,4924496768875207,0
yield_resumed,987,4924496768911777,0
consume_begin,988,4924496768913157,0
consume_end,988,4924496768913827,0
yield_resumed,988,4924496768974566,0
consume_begin,989,4924496768975686,0
consume_end,989,4924496784616099,0
yield_resumed,989,4924496784650189,0
consume_begin,990,4924496784656819,0
consume_end,990,4924496784657809,0
yield_resumed,990,4924496784721138,0
consume_begin,991,4924496784722618,0
consume_end,991,4924496784723278,0
yield_resumed,991,4924496784791478,0
consume_begin,992,4924496784793428,0
consume_end,992,4924496797318644,0
yield_resumed,992,4924496797395033,0
consume_begin,993,4924496797402433,0
consume_end,993,4924496797403303,0
yield_resumed,993,4924496797452283,0
consume_begin,994,4924496797453943,0
consume_end,994,4924496797454603,0
yield_resumed,994,4924496797515752,0
consume_begin,995,4924496797518032,0
consume_end,995,4924496812596449,0
yield_resumed,995,4924496812662078,0
consume_begin,996,4924496812670058,0
consume_end,996,4924496812671278,0
yield_resumed,996,4924496812706178,0
consume_begin,997,4924496812707928,0
consume_end,997,4924496812708588,0
yield_resumed,997,4924496812763267,0
consume_begin,998,4924496812764907,0
consume_end,998,4924496828050213,0
yield_resumed,998,4924496828079203,0
consume_begin,999,4924496828085122,0
consume_end,999,4924496828086042,0
yield_resumed,999,4924496828134882,0
consume_begin,1000,4924496828136452,0
consume_end,1000,4924496828137162,0
yield_resumed,1000,4924496828195212,0
consume_begin,1001,4924496828196482,0
consume_end,1001,4924496843246099,0
yield_resumed,1001,4924496843313448,0
consume_begin,1002,4924496843320938,0
consume_end,1002,4924496843322038,0
yield_resumed,1002,4924496843368098,0
consume_begin,1003,4924496843369438,0
consume_end,1003,4924496843370028,0
yield_resumed,1003,4924496843434017,0
consume_begin,1004,4924496843436187,0
consume_end,1004,4924496858614503,0
yield_resumed,1004,4924496858687433,0
consume_begin,1005,4924496858696363,0
consume_end,1005,4924496858697523,0
yield_resumed,1005,4924496858738832,0
consume_begin,1006,4924496858740592,0
consume_end,1006,4924496858741262,0
yield_resumed,1006,4924496858844141,0
consume_begin,1007,4924496858846801,0
consume_end,1007,4924496873576851,0
yield_resumed,1007,4924496873639890,0
consume_begin,1008,4924496873646530,0
consume_end,1008,4924496873647680,0
yield_resumed,1008,4924496873700610,0
consume_begin,1009,4924496873701850,0
consume_end,1009,4924496873702590,0
yield_resumed,1009,4924496873761159,0
consume_begin,1010,4924496873762379,0
consume_end,1010,4924496873762959,0
yield_resumed,1010,4924496873820029,0
consume_begin,1011,4924496873821429,0
consume_end,1011,4924496882912711,0
yield_resumed,1011,4924496882944230,0
consume_begin,1012,4924496882952360,0
consume_end,1012,4924496882953390,0
yield_resumed,1012,4924496883031600,0
consume_begin,1013,4924496883033450,0
consume_end,1013,4924496891696975,0
yield_resumed,1013,4924496891718565,0
consume_begin,1014,4924496891726955,0
consume_end,1014,4924496891728035,0
yield_resumed,1014,4924496891766544,0
consume_begin,1015,4924496891768084,0
consume_end,1015,4924496891768764,0
yield_resumed,1015,4924496891834924,0
consume_begin,1016,4924496891836534,0
consume_end,1016,4924496898365015,0
yield_resumed,1016,4924496898426054,0
consume_begin,1017,4924496898434214,0
consume_end,1017,4924496898435334,0
yield_resumed,1017,4924496898483464,0
consume_begin,1018,4924496898485534,0
consume_end,1018,4924496904930305,0
yield_resumed,1018,4924496904983385,0
consume_begin,1019,4924496904990145,0
consume_end,1019,4924496904991055,0
yield_resumed,1019,4924496905035175,0
consume_begin,1020,4924496905037375,0
consume_end,1020,4924496911794644,0
yield_resumed,1020,4924496911835904,0
consume_begin,1021,4924496911843454,0
consume_end,1021,4924496911844844,0
yield_resumed,1021,4924496911894363,0
consume_begin,1022,4924496911896033,0
consume_end,1022,4924496911896713,0
yield_resumed,1022,4924496911956233,0
consume_begin,1023,4924496911957643,0
consume_end,1023,4924496911958243,0
yield_resumed,1023,4924496911988422,0
consume_begin,1024,4924496911990002,0
consume_end,1024,4924496918421474,0
yield_resumed,1024,4924496918457924,0
consume_begin,1025,4924496918465004,0
consume_end,1025,4924496918465994,0
yield_resumed,1025,4924496918500283,0
consume_begin,1026,4924496918501773,0
consume_end,1026,4924496918502373,0
yield_resumed,1026,4924496918553963,0
consume_begin,1027,4924496918555473,0
consume_end,1027,4924496924401819,0
yield_resumed,1027,4924496924428789,0
consume_begin,1028,4924496924436149,0
consume_end,1028,4924496924436939,0
yield_resumed,1028,4924496924482019,0
consume_begin,1029,4924496924483569,0
consume_end,1029,4924496924484159,0
yield_resumed,1029,4924496924540028,0
consume_begin,1030,4924496924542248,0
consume_end,1030,4924496936119771,0
yield_resumed,1030,4924496936160271,0
consume_begin,1031,4924496936167331,0
consume_end,1031,4924496936168421,0
yield_resumed,1031,4924496936201291,0
consume_begin,1032,4924496936203181,0
consume_end,1032,4924496936203851,0
yield_resumed,1032,4924496936235420,0
consume_begin,1033,4924496936236600,0
consume_end,1033,4924496951534745,0
yield_resumed,1033,4924496951604535,0
consume_begin,1034,4924496951613085,0
consume_end,1034,4924496951614105,0
yield_resumed,1034,4924496951668774,0
consume_begin,1035,4924496951670754,0
consume_end,1035,4924496964356419,0
yield_resumed,1035,4924496964419049,0
consume_begin,1036,4924496964426709,0
consume_end,1036,4924496964427629,0
yield_resumed,1036,4924496964459888,0
consume_begin,1037,4924496964461878,0
consume_end,1037,4924496964462558,0
yield_resumed,1037,4924496964524658,0
consume_begin,1038,4924496964526778,0
consume_end,1038,4924496980042611,0
yield_resumed,1038,4924496980107341,0
consume_begin,1039,4924496980116011,0
consume_end,1039,4924496980117081,0
yield_resumed,1039,4924496980166740,0
consume_begin,1040,4924496980168200,0
consume_end,1040,4924496980169090,0
yield_resumed,1040,4924496980231420,0
consume_begin,1041,4924496980232970,0
consume_end,1041,4924496989809758,0
yield_resumed,1041,4924496989853968,0
consume_begin,1042,4924496989861728,0
consume_end,1042,4924496989862738,0
yield_resumed,1042,4924496989898667,0
consume_begin,1043,4924496989900487,0
consume_end,1043,4924496989901187,0
yield_resumed,1043,4924496989935307,0
consume_begin,1044,4924496989936837,0
consume_end,1044,4924497001703929,0
yield_resumed,1044,4924497001768298,0
consume_begin,1045,4924497001777038,0
consume_end,1045,4924497001777838,0
yield_resumed,1045,4924497001820948,0
consume_begin,1046,4924497001823338,0
consume_end,1046,4924497001823958,0
yield_resumed,1046,4924497001886477,0
consume_begin,1047,4924497001888037,0
consume_end,1047,4924497015565795,0
yield_resumed,1047,4924497015642554,0
consume_begin,1048,4924497015654324,0
consume_end,1048,4924497015655134,0
yield_resumed,1048,4924497015692874,0
consume_begin,1049,4924497015694264,0
consume_end,1049,4924497028330139,0
yield_resumed,1049,4924497028358438,0
consume_begin,1050,4924497028366368,0
consume_end,1050,4924497028367368,0
yield_resumed,1050,4924497028423528,0
consume_begin,1051,4924497028424818,0
consume_end,1051,4924497042060106,0
yield_resumed,1051,4924497042125095,0
consume_begin,1052,4924497042133985,0
consume_end,1052,4924497042135015,0
yield_resumed,1052,4924497042167815,0
consume_begin,1053,4924497042169065,0
consume_end,1053,4924497042169785,0
yield_resumed,1053,4924497042228234,0
consume_begin,1054,4924497042230674,0
consume_end,1054,4924497042231384,0
yield_resumed,1054,4924497042293674,0
consume_begin,1055,4924497042295504,0
consume_end,1055,4924497051511115,0
yield_resumed,1055,4924497051553424,0
consume_begin,1056,4924497051561004,0
consume_end,1056,4924497051562264,0
yield_resumed,1056,4924497051602724,0
consume_begin,1057,4924497051604314,0
consume_end,1057,4924497051605004,0
yield_resumed,1057,4924497051664943,0
consume_begin,1058,4924497051666783,0
consume_end,1058,4924497062356523,0
yield_resumed,1058,4924497062425573,0
consume_begin,1059,4924497062434213,0
consume_end,1059,4924497062435013,0
yield_resumed,1059,4924497062469252,0
consume_begin,1060,4924497062470982,0
consume_end,1060,4924497071812492,0
yield_resumed,1060,4924497071833222,0
consume_begin,1061,4924497071840712,0
consume_end,1061,4924497071842292,0
yield_resumed,1061,4924497071879402,0
consume_begin,1062,4924497071881302,0
consume_end,1062,4924497080619386,0
yield_resumed,1062,4924497080683326,0
consume_begin,1063,4924497080691276,0
consume_end,1063,4924497080692406,0
yield_resumed,1063,4924497080735365,0
consume_begin,1064,4924497080737845,0
consume_end,1064,4924497080738455,0
yield_resumed,1064,4924497080816765,0
consume_begin,1065,4924497080818755,0
consume_end,1065,4924497093455050,0
yield_resumed,1065,4924497093527009,0
consume_begin,1066,4924497093535449,0
consume_end,1066,4924497093536599,0
yield_resumed,1066,4924497093592859,0
consume_begin,1067,4924497093594469,0
consume_end,1067,4924497093595259,0
yield_resumed,1067,4924497093654388,0
consume_begin,1068,4924497093655848,0
consume_end,1068,4924497105994805,0
yield_resumed,1068,4924497106067805,0
consume_begin,1069,4924497106075935,0
consume_end,1069,4924497106077065,0
yield_resumed,1069,4924497106112515,0
consume_begin,1070,4924497106114245,0
consume_end,1070,4924497106114945,0
yield_resumed,1070,4924497106177134,0
consume_begin,1071,4924497106179184,0
consume_end,1071,4924497118146484,0
yield_resumed,1071,4924497118170724,0
consume_begin,1072,4924497118177754,0
consume_end,1072,4924497118178814,0
yield_resumed,1072,4924497118217524,0
consume_begin,1073,4924497118219044,0
consume_end,1073,4924497118219674,0
yield_resumed,1073,4924497118289783,0
consume_begin,1074,4924497118291953,0
consume_end,1074,4924497131327105,0
yield_resumed,1074,4924497131366235,0
consume_begin,1075,4924497131373665,0
consume_end,1075,4924497131374765,0
yield_resumed,1075,4924497131431355,0
consume_begin,1076,4924497131432855,0
consume_end,1076,4924497131433485,0
yield_resumed,1076,4924497131496774,0
consume_begin,1077,4924497131498304,0
consume_end,1077,4924497144693045,0
yield_resumed,1077,4924497144736175,0
consume_begin,1078,4924497144743845,0
consume_end,1078,4924497144744935,0
yield_resumed,1078,4924497144789024,0
consume_begin,1079,4924497144790364,0
consume_end,1079,4924497144791064,0
yield_resumed,1079,4924497144863914,0
consume_begin,1080,4924497144866084,0
consume_end,1080,4924497157524369,0
yield_resumed,1080,4924497157554258,0
consume_begin,1081,4924497157560668,0
consume_end,1081,4924497157561688,0
yield_resumed,1081,4924497157599388,0
consume_begin,1082,4924497157600998,0
consume_end,1082,4924497157601708,0
yield_resumed,1082,4924497157668137,0
consume_begin,1083,4924497157670077,0
consume_end,1083,4924497170052234,0
yield_resumed,1083,4924497170083324,0
consume_begin,1084,4924497170090434,0
consume_end,1084,4924497170091554,0
yield_resumed,1084,4924497170149144,0
consume_begin,1085,4924497170150524,0
consume_end,1085,4924497170151264,0
yield_resumed,1085,4924497170214563,0
consume_begin,1086,4924497170215773,0
consume_end,1086,4924497183484644,0
yield_resumed,1086,4924497183553093,0
consume_begin,1087,4924497183561323,0
consume_end,1087,4924497183562323,0
yield_resumed,1087,4924497183640602,0
consume_begin,1088,4924497183642512,0
consume_end,1088,4924497183643252,0
yield_resumed,1088,4924497183708242,0
consume_begin,1089,4924497183710102,0
consume_end,1089,4924497196325987,0
yield_resumed,1089,4924497196393727,0
consume_begin,1090,4924497196401847,0
consume_end,1090,4924497196402977,0
yield_resumed,1090,4924497196434346,0
consume_begin,1091,4924497196435596,0
consume_end,1091,4924497196436316,0
yield_resumed,1091,4924497196495876,0
consume_begin,1092,4924497196497046,0
consume_end,1092,4924497208632635,0
yield_resumed,1092,4924497208701934,0
consume_begin,1093,4924497208709594,0
consume_end,1093,4924497208710734,0
yield_resumed,1093,4924497208763364,0
consume_begin,1094,4924497208765804,0
consume_end,1094,4924497208766754,0
yield_resumed,1094,4924497208832633,0
consume_begin,1095,4924497208834003,0
consume_end,1095,4924497227710212,0
yield_resumed,1095,4924497227776421,0
consume_begin,1096,4924497227784951,0
consume_end,1096,4924497227785911,0
yield_resumed,1096,4924497227821651,0
consume_begin,1097,4924497227824811,0
consume_end,1097,4924497227825701,0
yield_resumed,1097,4924497227887740,0
consume_begin,1098,4924497227890280,0
consume_end,1098,4924497227890930,0
yield_resumed,1098,4924497227955210,0
consume_begin,1099,4924497227957820,0
consume_end,1099,4924497244967222,0
yield_resumed,1099,4924497245046871,0
consume_begin,1100,4924497245055101,0
consume_end,1100,4924497245056231,0
yield_resumed,1100,4924497245089931,0
consume_begin,1101,4924497245092791,0
consume_end,1101,4924497245093531,0
yield_resumed,1101,4924497245163230,0
consume_begin,1102,4924497245166050,0
consume_end,1102,4924497262247382,0
yield_resumed,1102,4924497262331481,0
consume_begin,1103,4924497262339661,0
consume_end,1103,4924497262340601,0
yield_resumed,1103,4924497262378921,0
consume_begin,1104,4924497262383021,0
consume_end,1104,4924497262384101,0
yield_resumed,1104,4924497262461441,0
consume_begin,1105,4924497262464180,0
consume_end,1105,4924497262464840,0
yield_resumed,1105,4924497262552750,0
consume_begin,1106,4924497262555310,0
consume_end,1106,4924497262556040,0
yield_resumed,1106,4924497262643179,0
consume_begin,1107,4924497262645469,0
consume_end,1107,4924497279432333,0
yield_resumed,1107,4924497279509352,0
consume_begin,1108,4924497279522802,0
consume_end,1108,4924497279523922,0
yield_resumed,1108,4924497279589912,0
consume_begin,1109,4924497279593082,0
consume_end,1109,4924497279593922,0
yield_resumed,1109,4924497279680051,0
consume_begin,1110,4924497279682011,0
consume_end,1110,4924497294333741,0
yield_resumed,1110,4924497294401341,0
consume_begin,1111,4924497294412141,0
consume_end,1111,4924497294413471,0
yield_resumed,1111,4924497294454120,0
consume_begin,1112,4924497294457960,0
consume_end,1112,4924497294458780,0
yield_resumed,1112,4924497294529830,0
consume_begin,1113,4924497294532450,0
consume_end,1113,4924497310544009,0
yield_resumed,1113,4924497310619059,0
consume_begin,1114,4924497310629109,0
consume_end,1114,4924497310630329,0
yield_resumed,1114,4924497310669358,0
consume_begin,1115,4924497310672628,0
consume_end,1115,4924497310673418,0
yield_resumed,1115,4924497310743398,0
consume_begin,1116,4924497310745158,0
consume_end,1116,4924497325937234,0
yield_resumed,1116,4924497325972664,0
consume_begin,1117,4924497325981373,0
consume_end,1117,4924497325982463,0
yield_resumed,1117,4924497326032853,0
consume_begin,1118,4924497326035773,0
consume_end,1118,4924497326036443,0
yield_resumed,1118,4924497326104023,0
consume_begin,1119,4924497326105613,0
consume_end,1119,4924497340204187,0
yield_resumed,1119,4924497340244426,0
consume_begin,1120,4924497340259586,0
consume_end,1120,4924497340260916,0
yield_resumed,1120,4924497340335726,0
consume_begin,1121,4924497340339636,0
consume_end,1121,4924497340340426,0
yield_resumed,1121,4924497340435455,0
consume_begin,1122,4924497340439295,0
consume_end,1122,4924497357584286,0
yield_resumed,1122,4924497357659186,0
consume_begin,1123,4924497357669856,0
consume_end,1123,4924497357670826,0
yield_resumed,1123,4924497357718485,0
consume_begin,1124,4924497357720895,0
consume_end,1124,4924497357721715,0
yield_resumed,1124,4924497357792605,0
consume_begin,1125,4924497357795605,0
consume_end,1125,4924497373195219,0
yield_resumed,1125,4924497373215559,0
consume_begin,1126,4924497373223019,0
consume_end,1126,4924497373224049,0
yield_resumed,1126,4924497373262029,0
consume_begin,1127,4924497373265238,0
consume_end,1127,4924497373266248,0
yield_resumed,1127,4924497373346608,0
consume_begin,1128,4924497373350398,0
consume_end,1128,4924497387264203,0
yield_resumed,1128,4924497387333463,0
consume_begin,1129,4924497387346273,0
consume_end,1129,4924497387347563,0
yield_resumed,1129,4924497387400462,0
consume_begin,1130,4924497387402662,0
consume_end,1130,4924497387403492,0
yield_resumed,1130,4924497387501262,0
consume_begin,1131,4924497387503402,0
consume_end,1131,4924497401845074,0
yield_resumed,1131,4924497401878774,0
consume_begin,1132,4924497401889744,0
consume_end,1132,4924497401890994,0
yield_resumed,1132,4924497401958523,0
consume_begin,1133,4924497401960633,0
consume_end,1133,4924497401961403,0
yield_resumed,1133,4924497402064622,0
consume_begin,1134,4924497402066632,0
consume_end,1134,4924497416705212,0
yield_resumed,1134,4924497416738122,0
consume_begin,1135,4924497416749092,0
consume_end,1135,4924497416750532,0
yield_resumed,1135,4924497416791622,0
consume_begin,1136,4924497416793582,0
consume_end,1136,4924497416794462,0
yield_resumed,1136,4924497416872831,0
consume_begin,1137,4924497416876241,0
consume_end,1137,4924497431751319,0
yield_resumed,1137,4924497431815879,0
consume_begin,1138,4924497431826809,0
consume_end,1138,4924497431828299,0
yield_resumed,1138,4924497431877348,0
consume_begin,1139,4924497431879338,0
consume_end,1139,4924497431880208,0
yield_resumed,1139,4924497431945478,0
consume_begin,1140,4924497431947358,0
consume_end,1140,4924497446039962,0
yield_resumed,1140,4924497446108931,0
consume_begin,1141,4924497446120501,0
consume_end,1141,4924497446121891,0
yield_resumed,1141,4924497446163951,0
consume_begin,1142,4924497446165551,0
consume_end,1142,4924497446166391,0
yield_resumed,1142,4924497446242000,0
consume_begin,1143,4924497446243830,0
consume_end,1143,4924497460359544,0
yield_resumed,1143,4924497460443604,0
consume_begin,1144,4924497460455414,0
consume_end,1144,4924497460456714,0
yield_resumed,1144,4924497460501973,0
consume_begin,1145,4924497460503903,0
consume_end,1145,4924497460504893,0
yield_resumed,1145,4924497460590973,0
consume_begin,1146,4924497460593993,0
consume_end,1146,4924497475509941,0
yield_resumed,1146,4924497475543251,0
consume_begin,1147,4924497475551930,0
consume_end,1147,4924497475552820,0
yield_resumed,1147,4924497475590350,0
consume_begin,1148,4924497475591920,0
consume_end,1148,4924497475592670,0
yield_resumed,1148,4924497475664990,0
consume_begin,1149,4924497475666260,0
consume_end,1149,4924497475666940,0
yield_resumed,1149,4924497475759869,0
consume_begin,1150,4924497475761889,0
consume_end,1150,4924497475762569,0
yield_resumed,1150,4924497475852798,0
consume_begin,1151,4924497475854148,0
consume_end,1151,4924497489314037,0
yield_resumed,1151,4924497489382357,0
consume_begin,1152,4924497489390767,0
consume_end,1152,4924497489392107,0
yield_resumed,1152,4924497489439686,0
consume_begin,1153,4924497489441656,0
consume_end,1153,4924497489442346,0
yield_resumed,1153,4924497489507526,0
consume_begin,1154,4924497489508846,0
consume_end,1154,4924497505072729,0
yield_resumed,1154,4924497505095188,0
consume_begin,1155,4924497505104028,0
consume_end,1155,4924497505105058,0
yield_resumed,1155,4924497505142178,0
consume_begin,1156,4924497505145088,0
consume_end,1156,4924497513969722,0
yield_resumed,1156,4924497514053421,0
consume_begin,1157,4924497514060941,0
consume_end,1157,4924497514062321,0
yield_resumed,1157,4924497514113371,0
consume_begin,1158,4924497514116821,0
consume_end,1158,4924497524729561,0
yield_resumed,1158,4924497524768351,0
consume_begin,1159,4924497524775911,0
consume_end,1159,4924497524776961,0
yield_resumed,1159,4924497524817700,0
consume_begin,1160,4924497524819520,0
consume_end,1160,4924497524820480,0
yield_resumed,1160,4924497524883280,0
consume_begin,1161,4924497524884630,0
consume_end,1161,4924497538332629,0
yield_resumed,1161,4924497538368359,0
consume_begin,1162,4924497538377029,0
consume_end,1162,4924497538378159,0
yield_resumed,1162,4924497538417618,0
consume_begin,1163,4924497538420948,0
consume_end,1163,4924497538421758,0
yield_resumed,1163,4924497538487038,0
consume_begin,1164,4924497538488838,0
consume_end,1164,4924497552521342,0
yield_resumed,1164,4924497552551372,0
consume_begin,1165,4924497552559222,0
consume_end,1165,4924497552560242,0
yield_resumed,1165,4924497552622122,0
consume_begin,1166,4924497552623482,0
consume_end,1166,4924497552624172,0
yield_resumed,1166,4924497552712431,0
consume_begin,1167,4924497552716011,0
consume_end,1167,4924497568982719,0
yield_resumed,1167,4924497569057478,0
consume_begin,1168,4924497569068918,0
consume_end,1168,4924497569070128,0
yield_resumed,1168,4924497569119788,0
consume_begin,1169,4924497569121458,0
consume_end,1169,4924497569122288,0
yield_resumed,1169,4924497569186657,0
consume_begin,1170,4924497569190257,0
consume_end,1170,4924497588446343,0
yield_resumed,1170,4924497588468432,0
consume_begin,1171,4924497588481552,0
consume_end,1171,4924497588482752,0
yield_resumed,1171,4924497588530322,0
consume_begin,1172,4924497588532062,0
consume_end,1172,4924497588533052,0
yield_resumed,1172,4924497588620231,0
consume_begin,1173,4924497588622391,0
consume_end,1173,4924497588623381,0
yield_resumed,1173,4924497588684181,0
consume_begin,1174,4924497588685931,0
consume_end,1174,4924497608599881,0
yield_resumed,1174,4924497608662961,0
consume_begin,1175,4924497608674631,0
consume_end,1175,4924497608676091,0
yield_resumed,1175,4924497608714770,0
consume_begin,1176,4924497608716770,0
consume_end,1176,4924497608717820,0
yield_resumed,1176,4924497608787070,0
consume_begin,1177,4924497608790710,0
consume_end,1177,4924497627845157,0
yield_resumed,1177,4924497627871877,0
consume_begin,1178,4924497627880097,0
consume_end,1178,4924497627881167,0
yield_resumed,1178,4924497627915246,0
consume_begin,1179,4924497627916626,0
consume_end,1179,4924497627917396,0
yield_resumed,1179,4924497627980986,0
consume_begin,1180,4924497627982736,0
consume_end,1180,4924497646779745,0
yield_resumed,1180,4924497646814704,0
consume_begin,1181,4924497646826984,0
consume_end,1181,4924497646828254,0
yield_resumed,1181,4924497646897634,0
consume_begin,1182,4924497646899714,0
consume_end,1182,4924497646900614,0
yield_resumed,1182,4924497646991693,0
consume_begin,1183,4924497646996563,0
consume_end,1183,4924497665903961,0
yield_resumed,1183,4924497665935271,0
consume_begin,1184,4924497665946271,0
consume_end,1184,4924497665947791,0
yield_resumed,1184,4924497666024940,0
consume_begin,1185,4924497666027290,0
consume_end,1185,4924497666028150,0
yield_resumed,1185,4924497666099820,0
consume_begin,1186,4924497666102970,0
consume_end,1186,4924497683597348,0
yield_resumed,1186,4924497683662548,0
consume_begin,1187,4924497683674838,0
consume_end,1187,4924497683676698,0
yield_resumed,1187,4924497683726797,0
consume_begin,1188,4924497683728537,0
consume_end,1188,4924497683729447,0
yield_resumed,1188,4924497683789217,0
consume_begin,1189,4924497683791087,0
consume_end,1189,4924497703360910,0
yield_resumed,1189,4924497703384960,0
consume_begin,1190,4924497703399360,0
consume_end,1190,4924497703400750,0
yield_resumed,1190,4924497703453699,0
consume_begin,1191,4924497703457129,0
consume_end,1191,4924497703457969,0
yield_resumed,1191,4924497703536328,0
consume_begin,1192,4924497703538328,0
consume_end,1192,4924497722388207,0
yield_resumed,1192,4924497722448626,0
consume_begin,1193,4924497722457746,0
consume_end,1193,4924497722458726,0
yield_resumed,1193,4924497722494016,0
consume_begin,1194,4924497722496006,0
consume_end,1194,4924497722496816,0
yield_resumed,1194,4924497722561656,0
consume_begin,1195,4924497722563496,0
consume_end,1195,4924497742075809,0
yield_resumed,1195,4924497742147269,0
consume_begin,1196,4924497742161238,0
consume_end,1196,4924497742162518,0
yield_resumed,1196,4924497742218538,0
consume_begin,1197,4924497742220368,0
consume_end,1197,4924497742221408,0
yield_resumed,1197,4924497742293587,0
consume_begin,1198,4924497742295697,0
consume_end,1198,4924497760860838,0
yield_resumed,1198,4924497760936087,0
consume_begin,1199,4924497760951597,0
consume_end,1199,4924497760952777,0
yield_resumed,1199,4924497760992137,0
consume_begin,1200,4924497760993877,0
consume_end,1200,4924497760994777,0
yield_resumed,1200,4924497761075846,0
consume_begin,1201,4924497761078416,0
consume_end,1201,4924497761079346,0
yield_resumed,1201,4924497761164346,0
consume_begin,1202,4924497761166286,0
consume_end,1202,4924497779227600,0
yield_resumed,1202,4924497779248560,0
consume_begin,1203,4924497779261000,0
consume_end,1203,4924497779262210,0
yield_resumed,1203,4924497779306509,0
consume_begin,1204,4924497779309009,0
consume_end,1204,4924497779310309,0
yield_resumed,1204,4924497779379099,0
consume_begin,1205,4924497779381839,0
consume_end,1205,4924497779382919,0
yield_resumed,1205,4924497779470148,0
consume_begin,1206,4924497779472008,0
consume_end,1206,4924497798110518,0
yield_resumed,1206,4924497798177348,0
consume_begin,1207,4924497798190468,0
consume_end,1207,4924497798191838,0
yield_resumed,1207,4924497798231627,0
consume_begin,1208,4924497798233597,0
consume_end,1208,4924497798234497,0
yield_resumed,1208,4924497798301667,0
consume_begin,1209,4924497798303957,0
consume_end,1209,4924497816837308,0
yield_resumed,1209,4924497816903387,0
consume_begin,1210,4924497816913697,0
consume_end,1210,4924497816914707,0
yield_resumed,1210,4924497816951687,0
consume_begin,1211,4924497816954227,0
consume_end,1211,4924497816955017,0
yield_resumed,1211,4924497817019816,0
consume_begin,1212,4924497817021976,0
consume_end,1212,4924497835081351,0
yield_resumed,1212,4924497835143510,0
consume_begin,1213,4924497835152690,0
consume_end,1213,4924497835153970,0
yield_resumed,1213,4924497835200860,0
consume_begin,1214,4924497835202230,0
consume_end,1214,4924497835203130,0
yield_resumed,1214,4924497835268269,0
consume_begin,1215,4924497835270239,0
consume_end,1215,4924497853487642,0
yield_resumed,1215,4924497853549322,0
consume_begin,1216,4924497853562652,0
consume_end,1216,4924497853564222,0
yield_resumed,1216,4924497853607022,0
consume_begin,1217,4924497853608802,0
consume_end,1217,4924497853609672,0
yield_resumed,1217,4924497853689091,0
consume_begin,1218,4924497853691201,0
consume_end,1218,4924497872265771,0
yield_resumed,1218,4924497872286141,0
consume_begin,1219,4924497872295561,0
consume_end,1219,4924497872296671,0
yield_resumed,1219,4924497872329061,0
consume_begin,1220,4924497872330831,0
consume_end,1220,4924497872331631,0
yield_resumed,1220,4924497872397701,0
consume_begin,1221,4924497872399250,0
consume_end,1221,4924497890622464,0
yield_resumed,1221,4924497890654443,0
consume_begin,1222,4924497890666643,0
consume_end,1222,4924497890668163,0
yield_resumed,1222,4924497890733553,0
consume_begin,1223,4924497890737083,0
consume_end,1223,4924497890738073,0
yield_resumed,1223,4924497890813092,0
consume_begin,1224,4924497890814662,0
consume_end,1224,4924497909206904,0
yield_resumed,1224,4924497909285524,0
consume_begin,1225,4924497909297633,0
consume_end,1225,4924497909299033,0
yield_resumed,1225,4924497909345443,0
consume_begin,1226,4924497909349133,0
consume_end,1226,4924497909350063,0
yield_resumed,1226,4924497909415833,0
consume_begin,1227,4924497909417693,0
consume_end,1227,4924497927481667,0
yield_resumed,1227,4924497927547196,0
consume_begin,1228,4924497927557156,0
consume_end,1228,4924497927558296,0
yield_resumed,1228,4924497927594006,0
consume_begin,1229,4924497927595826,0
consume_end,1229,4924497927596546,0
yield_resumed,1229,4924497927661106,0
consume_begin,1230,4924497927662406,0
consume_end,1230,4924497927663126,0
yield_resumed,1230,4924497927741645,0
consume_begin,1231,4924497927743265,0
consume_end,1231,4924497945917088,0
yield_resumed,1231,4924497945948778,0
consume_begin,1232,4924497945968918,0
consume_end,1232,4924497945970228,0
yield_resumed,1232,4924497946019348,0
consume_begin,1233,4924497946021148,0
consume_end,1233,4924497946022048,0
yield_resumed,1233,4924497946094837,0
consume_begin,1234,4924497946096907,0
consume_end,1234,4924497964243461,0
yield_resumed,1234,4924497964277001,0
consume_begin,1235,4924497964289630,0
consume_end,1235,4924497964291230,0
yield_resumed,1235,4924497964362350,0
consume_begin,1236,4924497964364250,0
consume_end,1236,4924497964365460,0
yield_resumed,1236,4924497964448979,0
consume_begin,1237,4924497964451399,0
consume_end,1237,4924497982582003,0
yield_resumed,1237,4924497982618153,0
consume_begin,1238,4924497982630613,0
consume_end,1238,4924497982632333,0
yield_resumed,1238,4924497982675822,0
consume_begin,1239,4924497982678592,0
consume_end,1239,4924497982679742,0
yield_resumed,1239,4924497982751782,0
consume_begin,1240,4924497982754112,0
consume_end,1240,4924498001024175,0
yield_resumed,1240,4924498001057374,0
consume_begin,1241,4924498001066874,0
consume_end,1241,4924498001068134,0
yield_resumed,1241,4924498001125944,0
consume_begin,1242,4924498001128374,0
consume_end,1242,4924498001129184,0
yield_resumed,1242,4924498001191803,0
consume_begin,1243,4924498001193213,0
consume_end,1243,4924498019067009,0
yield_resumed,1243,4924498019136989,0
consume_begin,1244,4924498019146129,0
consume_end,1244,4924498019147319,0
yield_resumed,1244,4924498019196478,0
consume_begin,1245,4924498019197878,0
consume_end,1245,4924498019198608,0
yield_resumed,1245,4924498019262718,0
consume_begin,1246,4924498019264808,0
consume_end,1246,4924498037736259,0
yield_resumed,1246,4924498037759199,0
consume_begin,1247,4924498037767329,0
consume_end,1247,4924498037768379,0
yield_resumed,1247,4924498037801798,0
consume_begin,1248,4924498037803228,0
consume_end,1248,4924498037804038,0
yield_resumed,1248,4924498037867208,0
consume_begin,1249,4924498037868748,0
consume_end,1249,4924498037869488,0
yield_resumed,1249,4924498037947767,0
consume_begin,1250,4924498037949407,0
consume_end,1250,4924498055954632,0
yield_resumed,1250,4924498055982842,0
consume_begin,1251,4924498055995472,0
consume_end,1251,4924498055997112,0
yield_resumed,1251,4924498056048771,0
consume_begin,1252,4924498056051331,0
consume_end,1252,4924498056052241,0
yield_resumed,1252,4924498056127191,0
consume_begin,1253,4924498056129661,0
consume_end,1253,4924498074625812,0
yield_resumed,1253,4924498074654382,0
consume_begin,1254,4924498074666082,0
consume_end,1254,4924498074667542,0
yield_resumed,1254,4924498074732941,0
consume_begin,1255,4924498074736621,0
consume_end,1255,4924498074737491,0
yield_resumed,1255,4924498074804961,0
consume_begin,1256,4924498074807081,0
consume_end,1256,4924498093240752,0
yield_resumed,1256,4924498093274732,0
consume_begin,1257,4924498093287542,0
consume_end,1257,4924498093288902,0
yield_resumed,1257,4924498093337141,0
consume_begin,1258,4924498093339411,0
consume_end,1258,4924498093340311,0
yield_resumed,1258,4924498093419521,0
consume_begin,1259,4924498093422281,0
consume_end,1259,4924498111788473,0
yield_resumed,1259,4924498111819763,0
consume_begin,1260,4924498111831603,0
consume_end,1260,4924498111833153,0
yield_resumed,1260,4924498111897892,0
consume_begin,1261,4924498111900162,0
consume_end,1261,4924498111901102,0
yield_resumed,1261,4924498111980351,0
consume_begin,1262,4924498111982411,0
consume_end,1262,4924498130975329,0
yield_resumed,1262,4924498131046208,0
consume_begin,1263,4924498131054718,0
consume_end,1263,4924498131055878,0
yield_resumed,1263,4924498131105318,0
consume_begin,1264,4924498131108348,0
consume_end,1264,4924498131109188,0
yield_resumed,1264,4924498131173667,0
consume_begin,1265,4924498131175107,0
consume_end,1265,4924498148924854,0
yield_resumed,1265,4924498148991024,0
consume_begin,1266,4924498149009423,0
consume_end,1266,4924498149011103,0
yield_resumed,1266,4924498149048383,0
consume_begin,1267,4924498149052633,0
consume_end,1267,4924498149053573,0
yield_resumed,1267,4924498149117663,0
consume_begin,1268,4924498149119593,0
consume_end,1268,4924498167938311,0
yield_resumed,1268,4924498168034671,0
consume_begin,1269,4924498168048220,0
consume_end,1269,4924498168049740,0
yield_resumed,1269,4924498168086710,0
consume_begin,1270,4924498168088930,0
consume_end,1270,4924498168089820,0
yield_resumed,1270,4924498168157720,0
consume_begin,1271,4924498168159790,0
consume_end,1271,4924498168160830,0
yield_resumed,1271,4924498168214999,0
consume_begin,1272,4924498168216849,0
consume_end,1272,4924498185686888,0
yield_resumed,1272,4924498185720118,0
consume_begin,1273,4924498185733668,0
consume_end,1273,4924498185735198,0
yield_resumed,1273,4924498185778147,0
consume_begin,1274,4924498185780057,0
consume_end,1274,4924498185781337,0
yield_resumed,1274,4924498185858147,0
consume_begin,1275,4924498185861157,0
consume_end,1275,4924498203485924,0
yield_resumed,1275,4924498203515964,0
consume_begin,1276,4924498203526334,0
consume_end,1276,4924498203527824,0
yield_resumed,1276,4924498203565474,0
consume_begin,1277,4924498203567884,0
consume_end,1277,4924498203568774,0
yield_resumed,1277,4924498203636373,0
consume_begin,1278,4924498203638013,0
consume_end,1278,4924498221594508,0
yield_resumed,1278,4924498221627838,0
consume_begin,1279,4924498221641148,0
consume_end,1279,4924498221643088,0
yield_resumed,1279,4924498221717137,0
consume_begin,1280,4924498221720467,0
consume_end,1280,4924498221721507,0
yield_resumed,1280,4924498221807487,0
consume_begin,1281,4924498221810307,0
consume_end,1281,4924498239760982,0
yield_resumed,1281,4924498239792972,0
consume_begin,1282,4924498239806622,0
consume_end,1282,4924498239808262,0
yield_resumed,1282,4924498239875491,0
consume_begin,1283,4924498239880031,0
consume_end,1283,4924498239881151,0
yield_resumed,1283,4924498239958370,0
consume_begin,1284,4924498239963570,0
consume_end,1284,4924498257445489,0
yield_resumed,1284,4924498257512159,0
consume_begin,1285,4924498257521849,0
consume_end,1285,4924498257522929,0
yield_resumed,1285,4924498257573748,0
consume_begin,1286,4924498257575748,0
consume_end,1286,4924498257576898,0
yield_resumed,1286,4924498257642268,0
consume_begin,1287,4924498257644708,0
consume_end,1287,4924498274682060,0
yield_resumed,1287,4924498274746259,0
consume_begin,1288,4924498274757959,0
consume_end,1288,4924498274759609,0
yield_resumed,1288,4924498274798249,0
consume_begin,1289,4924498274800869,0
consume_end,1289,4924498274801989,0
yield_resumed,1289,4924498274868848,0
consume_begin,1290,4924498274871408,0
consume_end,1290,4924498292180898,0
yield_resumed,1290,4924498292204618,0
consume_begin,1291,4924498292212598,0
consume_end,1291,4924498292213728,0
yield_resumed,1291,4924498292247038,0
consume_begin,1292,4924498292250278,0
consume_end,1292,4924498292251028,0
yield_resumed,1292,4924498292313577,0
consume_begin,1293,4924498292315837,0
consume_end,1293,4924498310062224,0
yield_resumed,1293,4924498310092604,0
consume_begin,1294,4924498310104604,0
consume_end,1294,4924498310106064,0
yield_resumed,1294,4924498310161173,0
consume_begin,1295,4924498310163343,0
consume_end,1295,4924498310164493,0
yield_resumed,1295,4924498310231593,0
consume_begin,1296,4924498310235923,0
consume_end,1296,4924498327327414,0
yield_resumed,1296,4924498327358064,0
consume_begin,1297,4924498327367354,0
consume_end,1297,4924498327368514,0
yield_resumed,1297,4924498327429384,0
consume_begin,1298,4924498327430884,0
consume_end,1298,4924498327431734,0
yield_resumed,1298,4924498327500763,0
consume_begin,1299,4924498327502203,0
consume_end,1299,4924498343455893,0
yield_resumed,1299,4924498343487773,0
consume_begin,1300,4924498343496913,0
consume_end,1300,4924498343498433,0
yield_resumed,1300,4924498343534573,0
consume_begin,1301,4924498343536413,0
consume_end,1301,4924498343537203,0
yield_resumed,1301,4924498343612452,0
consume_begin,1302,4924498343613892,0
consume_end,1302,4924498358062124,0
yield_resumed,1302,4924498358124433,0
consume_begin,1303,4924498358133183,0
consume_end,1303,4924498358134423,0
yield_resumed,1303,4924498358181073,0
consume_begin,1304,4924498358183163,0
consume_end,1304,4924498358184183,0
yield_resumed,1304,4924498358253412,0
consume_begin,1305,4924498358258512,0
consume_end,1305,4924498376609964,0
yield_resumed,1305,4924498376632344,0
consume_begin,1306,4924498376640044,0
consume_end,1306,4924498376641254,0
yield_resumed,1306,4924498376675104,0
consume_begin,1307,4924498376676464,0
consume_end,1307,4924498376677304,0
yield_resumed,1307,4924498376735683,0
consume_begin,1308,4924498376736873,0
consume_end,1308,4924498394317921,0
yield_resumed,1308,4924498394352291,0
consume_begin,1309,4924498394361751,0
consume_end,1309,4924498394363181,0
yield_resumed,1309,4924498394425051,0
consume_begin,1310,4924498394427481,0
consume_end,1310,4924498394428311,0
yield_resumed,1310,4924498394495960,0
consume_begin,1311,4924498394497700,0
consume_end,1311,4924498412419995,0
yield_resumed,1311,4924498412444655,0
consume_begin,1312,4924498412459135,0
consume_end,1312,4924498412460635,0
yield_resumed,1312,4924498412505135,0
consume_begin,1313,4924498412507145,0
consume_end,1313,4924498412507955,0
yield_resumed,1313,4924498412573064,0
consume_begin,1314,4924498412574794,0
consume_end,1314,4924498412575564,0
yield_resumed,1314,4924498412672354,0
consume_begin,1315,4924498412674564,0
consume_end,1315,4924498425161550,0
yield_resumed,1315,4924498425192480,0
consume_begin,1316,4924498425205540,0
consume_end,1316,4924498425207160,0
yield_resumed,1316,4924498425247729,0
consume_begin,1317,4924498425250279,0
consume_end,1317,4924498425251339,0
yield_resumed,1317,4924498425332789,0
consume_begin,1318,4924498425335709,0
consume_end,1318,4924498436772683,0
yield_resumed,1318,4924498436804982,0
consume_begin,1319,4924498436815232,0
consume_end,1319,4924498436816302,0
yield_resumed,1319,4924498436862262,0
consume_begin,1320,4924498436864492,0
consume_end,1320,4924498436865622,0
yield_resumed,1320,4924498436955481,0
consume_begin,1321,4924498436958491,0
consume_end,1321,4924498450552889,0
yield_resumed,1321,4924498450630839,0
consume_begin,1322,4924498450640479,0
consume_end,1322,4924498450641619,0
yield_resumed,1322,4924498450685188,0
consume_begin,1323,4924498450686608,0
consume_end,1323,4924498450687528,0
yield_resumed,1323,4924498450749318,0
consume_begin,1324,4924498450751798,0
consume_end,1324,4924498463784620,0
yield_resumed,1324,4924498463855589,0
consume_begin,1325,4924498463864739,0
consume_end,1325,4924498463866199,0
yield_resumed,1325,4924498463899819,0
consume_begin,1326,4924498463901709,0
consume_end,1326,4924498463902769,0
yield_resumed,1326,4924498463970418,0
consume_begin,1327,4924498463971638,0
consume_end,1327,4924498475223784,0
yield_resumed,1327,4924498475303093,0
consume_begin,1328,4924498475317313,0
consume_end,1328,4924498475318873,0
yield_resumed,1328,4924498475370013,0
consume_begin,1329,4924498475372043,0
consume_end,1329,4924498475373383,0
yield_resumed,1329,4924498475438972,0
consume_begin,1330,4924498475441982,0
consume_end,1330,4924498490615598,0
yield_resumed,1330,4924498490637248,0
consume_begin,1331,4924498490647178,0
consume_end,1331,4924498490648448,0
yield_resumed,1331,4924498490683378,0
consume_begin,1332,4924498490685518,0
consume_end,1332,4924498490686388,0
yield_resumed,1332,4924498490752027,0
consume_begin,1333,4924498490753477,0
consume_end,1333,4924498504582134,0
yield_resumed,1333,4924498504603333,0
consume_begin,1334,4924498504614673,0
consume_end,1334,4924498504616033,0
yield_resumed,1334,4924498504683553,0
consume_begin,1335,4924498504685053,0
consume_end,1335,4924498504686113,0
yield_resumed,1335,4924498504744802,0
consume_begin,1336,4924498504746782,0
consume_end,1336,4924498518917576,0
yield_resumed,1336,4924498518948886,0
consume_begin,1337,4924498518958186,0
consume_end,1337,4924498518959596,0
yield_resumed,1337,4924498519028515,0
consume_begin,1338,4924498519031055,0
consume_end,1338,4924498519032235,0
yield_resumed,1338,4924498519092685,0
consume_begin,1339,4924498519094385,0
consume_end,1339,4924498530112752,0
yield_resumed,1339,4924498530180091,0
consume_begin,1340,4924498530190601,0
consume_end,1340,4924498530191801,0
yield_resumed,1340,4924498530237511,0
consume_begin,1341,4924498530239401,0
consume_end,1341,4924498530240191,0
yield_resumed,1341,4924498530304920,0
consume_begin,1342,4924498530306380,0
consume_end,1342,4924498540441664,0
yield_resumed,1342,4924498540495674,0
consume_begin,1343,4924498540503724,0
consume_end,1343,4924498540505194,0
yield_resumed,1343,4924498540536194,0
consume_begin,1344,4924498540537484,0
consume_end,1344,4924498540538334,0
yield_resumed,1344,4924498540604343,0
consume_begin,1345,4924498540606313,0
consume_end,1345,4924498552746852,0
yield_resumed,1345,4924498552820491,0
consume_begin,1346,4924498552833661,0
consume_end,1346,4924498552834841,0
yield_resumed,1346,4924498552868261,0
consume_begin,1347,4924498552869841,0
consume_end,1347,4924498552870951,0
yield_resumed,1347,4924498552930270,0
consume_begin,1348,4924498552933640,0
consume_end,1348,4924498565788524,0
yield_resumed,1348,4924498565849233,0
consume_begin,1349,4924498565858403,0
consume_end,1349,4924498565859603,0
yield_resumed,1349,4924498565913273,0
consume_begin,1350,4924498565915893,0
consume_end,1350,4924498579212803,0
yield_resumed,1350,4924498579272843,0
consume_begin,1351,4924498579281823,0
consume_end,1351,4924498579283213,0
yield_resumed,1351,4924498579317622,0
consume_begin,1352,4924498579319522,0
consume_end,1352,4924498579320382,0
yield_resumed,1352,4924498579391022,0
consume_begin,1353,4924498579392312,0
consume_end,1353,4924498593147409,0
yield_resumed,1353,4924498593214358,0
consume_begin,1354,4924498593224268,0
consume_end,1354,4924498593225528,0
yield_resumed,1354,4924498593269478,0
consume_begin,1355,4924498593273038,0
consume_end,1355,4924498593273918,0
yield_resumed,1355,4924498593335097,0
consume_begin,1356,4924498593337337,0
consume_end,1356,4924498607956767,0
yield_resumed,1356,4924498608038077,0
consume_begin,1357,4924498608047467,0
consume_end,1357,4924498608048797,0
yield_resumed,1357,4924498608081957,0
consume_begin,1358,4924498608083466,0
consume_end,1358,4924498608084296,0
yield_resumed,1358,4924498608144006,0
consume_begin,1359,4924498608145406,0
consume_end,1359,4924498621712324,0
yield_resumed,1359,4924498621746644,0
consume_begin,1360,4924498621756284,0
consume_end,1360,4924498621757444,0
yield_resumed,1360,4924498621819603,0
consume_begin,1361,4924498621821613,0
consume_end,1361,4924498621822473,0
yield_resumed,1361,4924498621891493,0
consume_begin,1362,4924498621893883,0
consume_end,1362,4924498637225918,0
yield_resumed,1362,4924498637291587,0
consume_begin,1363,4924498637301137,0
consume_end,1363,4924498637302247,0
yield_resumed,1363,4924498637341927,0
consume_begin,1364,4924498637343387,0
consume_end,1364,4924498637344187,0
yield_resumed,1364,4924498637403996,0
consume_begin,1365,4924498637406286,0
consume_end,1365,4924498651130683,0
yield_resumed,1365,4924498651153193,0
consume_begin,1366,4924498651162093,0
consume_end,1366,4924498651163273,0
yield_resumed,1366,4924498651197833,0
consume_begin,1367,4924498651199183,0
consume_end,1367,4924498651200083,0
yield_resumed,1367,4924498651261552,0
consume_begin,1368,4924498651263022,0
consume_end,1368,4924498666725326,0
yield_resumed,1368,4924498666799716,0
consume_begin,1369,4924498666809105,0
consume_end,1369,4924498666810425,0
yield_resumed,1369,4924498666859605,0
consume_begin,1370,4924498666861055,0
consume_end,1370,4924498666862125,0
yield_resumed,1370,4924498666922085,0
consume_begin,1371,4924498666924375,0
consume_end,1371,4924498681675054,0
yield_resumed,1371,4924498681701104,0
consume_begin,1372,4924498681712314,0
consume_end,1372,4924498681713474,0
yield_resumed,1372,4924498681753833,0
consume_begin,1373,4924498681755403,0
consume_end,1373,4924498681756323,0
yield_resumed,1373,4924498681815523,0
consume_begin,1374,4924498681817223,0
consume_end,1374,4924498696255924,0
yield_resumed,1374,4924498696325594,0
consume_begin,1375,4924498696335914,0
consume_end,1375,4924498696337394,0
yield_resumed,1375,4924498696376084,0
consume_begin,1376,4924498696379384,0
consume_end,1376,4924498696380354,0
yield_resumed,1376,4924498696445813,0
consume_begin,1377,4924498696448893,0
consume_end,1377,4924498712532442,0
yield_resumed,1377,4924498712561082,0
consume_begin,1378,4924498712570102,0
consume_end,1378,4924498712571672,0
yield_resumed,1378,4924498712638281,0
consume_begin,1379,4924498712639851,0
consume_end,1379,4924498712640801,0
yield_resumed,1379,4924498712713551,0
consume_begin,1380,4924498712715671,0
consume_end,1380,4924498730411298,0
yield_resumed,1380,4924498730480647,0
consume_begin,1381,4924498730495437,0
consume_end,1381,4924498730496887,0
yield_resumed,1381,4924498730546017,0
consume_begin,1382,4924498730547947,0
consume_end,1382,4924498730548997,0
yield_resumed,1382,4924498730616166,0
consume_begin,1383,4924498730618316,0
consume_end,1383,4924498747051423,0
yield_resumed,1383,4924498747117113,0
consume_begin,1384,4924498747125562,0
consume_end,1384,4924498747126782,0
yield_resumed,1384,4924498747157682,0
consume_begin,1385,4924498747159052,0
consume_end,1385,4924498747159862,0
yield_resumed,1385,4924498747222032,0
consume_begin,1386,4924498747223392,0
consume_end,1386,4924498762877094,0
yield_resumed,1386,4924498762944134,0
consume_begin,1387,4924498762952904,0
consume_end,1387,4924498762954043,0
yield_resumed,1387,4924498762998293,0
consume_begin,1388,4924498762999683,0
consume_end,1388,4924498763008283,0
yield_resumed,1388,4924498763070743,0
consume_begin,1389,4924498763072173,0
consume_end,1389,4924498778652386,0
yield_resumed,1389,4924498778903734,0
consume_begin,1390,4924498778915304,0
consume_end,1390,4924498778916444,0
yield_resumed,1390,4924498778973043,0
consume_begin,1391,4924498778975163,0
consume_end,1391,4924498778976073,0
yield_resumed,1391,4924498779057343,0
consume_begin,1392,4924498779060193,0
consume_end,1392,4924498793203686,0
yield_resumed,1392,4924498793280136,0
consume_begin,1393,4924498793290116,0
consume_end,1393,4924498793291306,0
yield_resumed,1393,4924498793364995,0
consume_begin,1394,4924498793366995,0
consume_end,1394,4924498793367995,0
yield_resumed,1394,4924498793435135,0
consume_begin,1395,4924498793436845,0
consume_end,1395,4924498808852109,0
yield_resumed,1395,4924498808896639,0
consume_begin,1396,4924498808905689,0
consume_end,1396,4924498808906789,0
yield_resumed,1396,4924498808957778,0
consume_begin,1397,4924498808960318,0
consume_end,1397,4924498808961278,0
yield_resumed,1397,4924498809060787,0
consume_begin,1398,4924498809062517,0
consume_end,1398,4924498821394095,0
yield_resumed,1398,4924498821456624,0
consume_begin,1399,4924498821466464,0
consume_end,1399,4924498821467864,0
yield_resumed,1399,4924498821503704,0
consume_begin,1400,4924498821505844,0
consume_end,1400,4924498821506674,0
yield_resumed,1400,4924498821571733,0
consume_begin,1401,4924498821574003,0
consume_end,1401,4924498838032400,0
yield_resumed,1401,4924498838123599,0
consume_begin,1402,4924498838133289,0
consume_end,1402,4924498838134519,0
yield_resumed,1402,4924498838167289,0
consume_begin,1403,4924498838169559,0
consume_end,1403,4924498838170399,0
yield_resumed,1403,4924498838227938,0
consume_begin,1404,4924498838229778,0
consume_end,1404,4924498853718682,0
yield_resumed,1404,4924498853783892,0
consume_begin,1405,4924498853794352,0
consume_end,1405,4924498853795821,0
yield_resumed,1405,4924498853833841,0
consume_begin,1406,4924498853836211,0
consume_end,1406,4924498853837101,0
yield_resumed,1406,4924498853900551,0
consume_begin,1407,4924498853902431,0
consume_end,1407,4924498868917788,0
yield_resumed,1407,4924498868940888,0
consume_begin,1408,4924498868951918,0
consume_end,1408,4924498868953208,0
yield_resumed,1408,4924498868992567,0
consume_begin,1409,4924498868995247,0
consume_end,1409,4924498868996157,0
yield_resumed,1409,4924498869079157,0
consume_begin,1410,4924498869081177,0
consume_end,1410,4924498883602608,0
yield_resumed,1410,4924498883624178,0
consume_begin,1411,4924498883632788,0
consume_end,1411,4924498883633998,0
yield_resumed,1411,4924498883710797,0
consume_begin,1412,4924498883712597,0
consume_end,1412,4924498883713507,0
yield_resumed,1412,4924498883786676,0
consume_begin,1413,4924498883788476,0
consume_end,1413,4924498897294785,0
yield_resumed,1413,4924498897393204,0
consume_begin,1414,4924498897403094,0
consume_end,1414,4924498897404424,0
yield_resumed,1414,4924498897458674,0
consume_begin,1415,4924498897460404,0
consume_end,1415,4924498897461324,0
yield_resumed,1415,4924498897510513,0
consume_begin,1416,4924498897513643,0
consume_end,1416,4924498913278415,0
yield_resumed,1416,4924498913298875,0
consume_begin,1417,4924498913309225,0
consume_end,1417,4924498913310945,0
yield_resumed,1417,4924498913351854,0
consume_begin,1418,4924498913353734,0
consume_end,1418,4924498913354874,0
yield_resumed,1418,4924498913419254,0
consume_begin,1419,4924498913420794,0
consume_end,1419,4924498917571763,0
yield_resumed,1419,4924498917584613,0
consume_begin,1420,4924498917595212,0
consume_end,1420,4924498921285285,0
yield_resumed,1420,4924498921343774,0
consume_begin,1421,4924498921348164,0
consume_end,1421,4924498924852048,0
yield_resumed,1421,4924498924889878,0
drain_done,1422,4924498924894778,6653812645
