[2026-10-07T08:08:08Z] PR #3528 wikidata turtle_export queries=H-vocab-label-large-de H-vocab-random-label-de-200k H-vocab-label-large scenarios=cold,warm reps=10 mode=same binary, runtime-flag A/B layout=ural
[2026-10-07T08:08:08Z] base:    /local/data-ssd/stoetzem/thesis/experiments/runs/batch-ring-verdict-p10/bin/qlever-server-ab (52ca007a) args='--set-runtime-parameter construct-export-row-batch-size=1024 --set-runtime-parameter vocabulary-iouring-ring-size=256' form=''
[2026-10-07T08:08:08Z] variant: /local/data-ssd/stoetzem/thesis/experiments/runs/batch-ring-verdict-p10/bin/qlever-server-ab (52ca007a) args='--set-runtime-parameter construct-export-row-batch-size=16384 --set-runtime-parameter vocabulary-iouring-ring-size=256' form=''
Caches dropped successfully (synced, then wrote 1
 to /proc/sys/vm/drop_caches).
fatal: not a git repository (or any parent up to mount point /local)
Stopping at filesystem boundary (GIT_DISCOVERY_ACROSS_FILESYSTEM not set).
fatal: not a git repository (or any parent up to mount point /local)
Stopping at filesystem boundary (GIT_DISCOVERY_ACROSS_FILESYSTEM not set).
fatal: not a git repository (or any parent up to mount point /local)
Stopping at filesystem boundary (GIT_DISCOVERY_ACROSS_FILESYSTEM not set).
fatal: not a git repository (or any parent up to mount point /local)
Stopping at filesystem boundary (GIT_DISCOVERY_ACROSS_FILESYSTEM not set).
fatal: not a git repository (or any parent up to mount point /local)
Stopping at filesystem boundary (GIT_DISCOVERY_ACROSS_FILESYSTEM not set).
rep 1/1: complete export=s e2e=34.095744540s 504927346 bytes syscr=8881602 pread64=2633 io_uring_enter=168430 read_bytes=9443692544 cpu_s=38.150000
[2026-10-07T08:09:21Z] pr3528-H-vocab-label-large-de-cold-b1024-r256-r1 digest {"bytes": 504927346, "lines": 4515802, "multiset": "75eb7a67996ae056829a3d17083d349b", "xxh3_128": "667b4be896acd8fd34c3a99219789510"}
[2026-10-07T08:09:21Z] pr3528-H-vocab-label-large-de-cold-b1024-r256-r1 done
Caches dropped successfully (synced, then wrote 1
 to /proc/sys/vm/drop_caches).
fatal: not a git repository (or any parent up to mount point /local)
Stopping at filesystem boundary (GIT_DISCOVERY_ACROSS_FILESYSTEM not set).
fatal: not a git repository (or any parent up to mount point /local)
Stopping at filesystem boundary (GIT_DISCOVERY_ACROSS_FILESYSTEM not set).
fatal: not a git repository (or any parent up to mount point /local)
Stopping at filesystem boundary (GIT_DISCOVERY_ACROSS_FILESYSTEM not set).
fatal: not a git repository (or any parent up to mount point /local)
Stopping at filesystem boundary (GIT_DISCOVERY_ACROSS_FILESYSTEM not set).
fatal: not a git repository (or any parent up to mount point /local)
Stopping at filesystem boundary (GIT_DISCOVERY_ACROSS_FILESYSTEM not set).
rep 1/1: complete export=s e2e=29.431077354s 504927346 bytes syscr=8864666 pread64=2633 io_uring_enter=463261 read_bytes=9567952896 cpu_s=33.730000
[2026-10-07T08:10:31Z] pr3528-H-vocab-label-large-de-cold-b16384-r256-r1 digest {"bytes": 504927346, "lines": 4515802, "multiset": "75eb7a67996ae056829a3d17083d349b", "xxh3_128": "667b4be896acd8fd34c3a99219789510"}
[2026-10-07T08:10:31Z] pr3528-H-vocab-label-large-de-cold-b16384-r256-r1 done
Caches dropped successfully (synced, then wrote 1
 to /proc/sys/vm/drop_caches).
fatal: not a git repository (or any parent up to mount point /local)
Stopping at filesystem boundary (GIT_DISCOVERY_ACROSS_FILESYSTEM not set).
fatal: not a git repository (or any parent up to mount point /local)
Stopping at filesystem boundary (GIT_DISCOVERY_ACROSS_FILESYSTEM not set).
fatal: not a git repository (or any parent up to mount point /local)
Stopping at filesystem boundary (GIT_DISCOVERY_ACROSS_FILESYSTEM not set).
fatal: not a git repository (or any parent up to mount point /local)
Stopping at filesystem boundary (GIT_DISCOVERY_ACROSS_FILESYSTEM not set).
fatal: not a git repository (or any parent up to mount point /local)
Stopping at filesystem boundary (GIT_DISCOVERY_ACROSS_FILESYSTEM not set).
rep 1/1: complete export=s e2e=29.214763792s 504927346 bytes syscr=8864666 pread64=2633 io_uring_enter=327697 read_bytes=9567539200 cpu_s=33.360000
[2026-10-07T08:11:41Z] pr3528-H-vocab-label-large-de-cold-b16384-r1024-r1 digest {"bytes": 504927346, "lines": 4515802, "multiset": "75eb7a67996ae056829a3d17083d349b", "xxh3_128": "667b4be896acd8fd34c3a99219789510"}
[2026-10-07T08:11:41Z] pr3528-H-vocab-label-large-de-cold-b16384-r1024-r1 done
Caches dropped successfully (synced, then wrote 1
 to /proc/sys/vm/drop_caches).
fatal: not a git repository (or any parent up to mount point /local)
Stopping at filesystem boundary (GIT_DISCOVERY_ACROSS_FILESYSTEM not set).
fatal: not a git repository (or any parent up to mount point /local)
Stopping at filesystem boundary (GIT_DISCOVERY_ACROSS_FILESYSTEM not set).
fatal: not a git repository (or any parent up to mount point /local)
Stopping at filesystem boundary (GIT_DISCOVERY_ACROSS_FILESYSTEM not set).
fatal: not a git repository (or any parent up to mount point /local)
Stopping at filesystem boundary (GIT_DISCOVERY_ACROSS_FILESYSTEM not set).
fatal: not a git repository (or any parent up to mount point /local)
Stopping at filesystem boundary (GIT_DISCOVERY_ACROSS_FILESYSTEM not set).
rep 1/1: complete export=s e2e=29.226247519s 504927346 bytes syscr=8864670 pread64=2633 io_uring_enter=463345 read_bytes=9565818880 cpu_s=33.360000
[2026-10-07T08:12:50Z] pr3528-H-vocab-label-large-de-cold-b16384-r256-r2 digest {"bytes": 504927346, "lines": 4515802, "multiset": "75eb7a67996ae056829a3d17083d349b", "xxh3_128": "667b4be896acd8fd34c3a99219789510"}
[2026-10-07T08:12:50Z] pr3528-H-vocab-label-large-de-cold-b16384-r256-r2 done
Caches dropped successfully (synced, then wrote 1
 to /proc/sys/vm/drop_caches).
fatal: not a git repository (or any parent up to mount point /local)
Stopping at filesystem boundary (GIT_DISCOVERY_ACROSS_FILESYSTEM not set).
fatal: not a git repository (or any parent up to mount point /local)
Stopping at filesystem boundary (GIT_DISCOVERY_ACROSS_FILESYSTEM not set).
fatal: not a git repository (or any parent up to mount point /local)
Stopping at filesystem boundary (GIT_DISCOVERY_ACROSS_FILESYSTEM not set).
fatal: not a git repository (or any parent up to mount point /local)
Stopping at filesystem boundary (GIT_DISCOVERY_ACROSS_FILESYSTEM not set).
fatal: not a git repository (or any parent up to mount point /local)
Stopping at filesystem boundary (GIT_DISCOVERY_ACROSS_FILESYSTEM not set).
rep 1/1: complete export=s e2e=28.806989485s 504927346 bytes syscr=8864670 pread64=2633 io_uring_enter=327359 read_bytes=9565818880 cpu_s=32.950000
[2026-10-07T08:13:59Z] pr3528-H-vocab-label-large-de-cold-b16384-r1024-r2 digest {"bytes": 504927346, "lines": 4515802, "multiset": "75eb7a67996ae056829a3d17083d349b", "xxh3_128": "667b4be896acd8fd34c3a99219789510"}
[2026-10-07T08:13:59Z] pr3528-H-vocab-label-large-de-cold-b16384-r1024-r2 done
Caches dropped successfully (synced, then wrote 1
 to /proc/sys/vm/drop_caches).
fatal: not a git repository (or any parent up to mount point /local)
Stopping at filesystem boundary (GIT_DISCOVERY_ACROSS_FILESYSTEM not set).
fatal: not a git repository (or any parent up to mount point /local)
Stopping at filesystem boundary (GIT_DISCOVERY_ACROSS_FILESYSTEM not set).
fatal: not a git repository (or any parent up to mount point /local)
Stopping at filesystem boundary (GIT_DISCOVERY_ACROSS_FILESYSTEM not set).
fatal: not a git repository (or any parent up to mount point /local)
Stopping at filesystem boundary (GIT_DISCOVERY_ACROSS_FILESYSTEM not set).
fatal: not a git repository (or any parent up to mount point /local)
Stopping at filesystem boundary (GIT_DISCOVERY_ACROSS_FILESYSTEM not set).
rep 1/1: complete export=s e2e=33.218435854s 504927346 bytes syscr=8881602 pread64=2633 io_uring_enter=168453 read_bytes=9443692544 cpu_s=37.290000
[2026-10-07T08:15:12Z] pr3528-H-vocab-label-large-de-cold-b1024-r256-r2 digest {"bytes": 504927346, "lines": 4515802, "multiset": "75eb7a67996ae056829a3d17083d349b", "xxh3_128": "667b4be896acd8fd34c3a99219789510"}
[2026-10-07T08:15:12Z] pr3528-H-vocab-label-large-de-cold-b1024-r256-r2 done
Caches dropped successfully (synced, then wrote 1
 to /proc/sys/vm/drop_caches).
fatal: not a git repository (or any parent up to mount point /local)
Stopping at filesystem boundary (GIT_DISCOVERY_ACROSS_FILESYSTEM not set).
fatal: not a git repository (or any parent up to mount point /local)
Stopping at filesystem boundary (GIT_DISCOVERY_ACROSS_FILESYSTEM not set).
fatal: not a git repository (or any parent up to mount point /local)
Stopping at filesystem boundary (GIT_DISCOVERY_ACROSS_FILESYSTEM not set).
fatal: not a git repository (or any parent up to mount point /local)
Stopping at filesystem boundary (GIT_DISCOVERY_ACROSS_FILESYSTEM not set).
fatal: not a git repository (or any parent up to mount point /local)
Stopping at filesystem boundary (GIT_DISCOVERY_ACROSS_FILESYSTEM not set).
rep 1/1: complete export=s e2e=28.375319449s 504927346 bytes syscr=8864666 pread64=2633 io_uring_enter=327822 read_bytes=9568456704 cpu_s=32.570000
[2026-10-07T08:16:20Z] pr3528-H-vocab-label-large-de-cold-b16384-r1024-r3 digest {"bytes": 504927346, "lines": 4515802, "multiset": "75eb7a67996ae056829a3d17083d349b", "xxh3_128": "667b4be896acd8fd34c3a99219789510"}
[2026-10-07T08:16:20Z] pr3528-H-vocab-label-large-de-cold-b16384-r1024-r3 done
Caches dropped successfully (synced, then wrote 1
 to /proc/sys/vm/drop_caches).
fatal: not a git repository (or any parent up to mount point /local)
Stopping at filesystem boundary (GIT_DISCOVERY_ACROSS_FILESYSTEM not set).
fatal: not a git repository (or any parent up to mount point /local)
Stopping at filesystem boundary (GIT_DISCOVERY_ACROSS_FILESYSTEM not set).
fatal: not a git repository (or any parent up to mount point /local)
Stopping at filesystem boundary (GIT_DISCOVERY_ACROSS_FILESYSTEM not set).
fatal: not a git repository (or any parent up to mount point /local)
Stopping at filesystem boundary (GIT_DISCOVERY_ACROSS_FILESYSTEM not set).
fatal: not a git repository (or any parent up to mount point /local)
Stopping at filesystem boundary (GIT_DISCOVERY_ACROSS_FILESYSTEM not set).
rep 1/1: complete export=s e2e=33.562733181s 504927346 bytes syscr=8881602 pread64=2633 io_uring_enter=168308 read_bytes=9443692544 cpu_s=37.580000
[2026-10-07T08:17:34Z] pr3528-H-vocab-label-large-de-cold-b1024-r256-r3 digest {"bytes": 504927346, "lines": 4515802, "multiset": "75eb7a67996ae056829a3d17083d349b", "xxh3_128": "667b4be896acd8fd34c3a99219789510"}
[2026-10-07T08:17:34Z] pr3528-H-vocab-label-large-de-cold-b1024-r256-r3 done
Caches dropped successfully (synced, then wrote 1
 to /proc/sys/vm/drop_caches).
fatal: not a git repository (or any parent up to mount point /local)
Stopping at filesystem boundary (GIT_DISCOVERY_ACROSS_FILESYSTEM not set).
fatal: not a git repository (or any parent up to mount point /local)
Stopping at filesystem boundary (GIT_DISCOVERY_ACROSS_FILESYSTEM not set).
fatal: not a git repository (or any parent up to mount point /local)
Stopping at filesystem boundary (GIT_DISCOVERY_ACROSS_FILESYSTEM not set).
fatal: not a git repository (or any parent up to mount point /local)
Stopping at filesystem boundary (GIT_DISCOVERY_ACROSS_FILESYSTEM not set).
fatal: not a git repository (or any parent up to mount point /local)
Stopping at filesystem boundary (GIT_DISCOVERY_ACROSS_FILESYSTEM not set).
rep 1/1: complete export=s e2e=28.935811664s 504927346 bytes syscr=8864670 pread64=2633 io_uring_enter=463424 read_bytes=9565818880 cpu_s=33.060000
[2026-10-07T08:18:43Z] pr3528-H-vocab-label-large-de-cold-b16384-r256-r3 digest {"bytes": 504927346, "lines": 4515802, "multiset": "75eb7a67996ae056829a3d17083d349b", "xxh3_128": "667b4be896acd8fd34c3a99219789510"}
[2026-10-07T08:18:43Z] pr3528-H-vocab-label-large-de-cold-b16384-r256-r3 done
Caches dropped successfully (synced, then wrote 1
 to /proc/sys/vm/drop_caches).
fatal: not a git repository (or any parent up to mount point /local)
Stopping at filesystem boundary (GIT_DISCOVERY_ACROSS_FILESYSTEM not set).
fatal: not a git repository (or any parent up to mount point /local)
Stopping at filesystem boundary (GIT_DISCOVERY_ACROSS_FILESYSTEM not set).
fatal: not a git repository (or any parent up to mount point /local)
Stopping at filesystem boundary (GIT_DISCOVERY_ACROSS_FILESYSTEM not set).
fatal: not a git repository (or any parent up to mount point /local)
Stopping at filesystem boundary (GIT_DISCOVERY_ACROSS_FILESYSTEM not set).
fatal: not a git repository (or any parent up to mount point /local)
Stopping at filesystem boundary (GIT_DISCOVERY_ACROSS_FILESYSTEM not set).
rep 1/1: complete export=s e2e=33.626210773s 504927346 bytes syscr=8881602 pread64=2633 io_uring_enter=168354 read_bytes=9443692544 cpu_s=37.700000
[2026-10-07T08:19:57Z] pr3528-H-vocab-label-large-de-cold-b1024-r256-r4 digest {"bytes": 504927346, "lines": 4515802, "multiset": "75eb7a67996ae056829a3d17083d349b", "xxh3_128": "667b4be896acd8fd34c3a99219789510"}
[2026-10-07T08:19:57Z] pr3528-H-vocab-label-large-de-cold-b1024-r256-r4 done
Caches dropped successfully (synced, then wrote 1
 to /proc/sys/vm/drop_caches).
fatal: not a git repository (or any parent up to mount point /local)
Stopping at filesystem boundary (GIT_DISCOVERY_ACROSS_FILESYSTEM not set).
fatal: not a git repository (or any parent up to mount point /local)
Stopping at filesystem boundary (GIT_DISCOVERY_ACROSS_FILESYSTEM not set).
fatal: not a git repository (or any parent up to mount point /local)
Stopping at filesystem boundary (GIT_DISCOVERY_ACROSS_FILESYSTEM not set).
fatal: not a git repository (or any parent up to mount point /local)
Stopping at filesystem boundary (GIT_DISCOVERY_ACROSS_FILESYSTEM not set).
fatal: not a git repository (or any parent up to mount point /local)
Stopping at filesystem boundary (GIT_DISCOVERY_ACROSS_FILESYSTEM not set).
rep 1/1: complete export=s e2e=29.168612816s 504927346 bytes syscr=8864670 pread64=2633 io_uring_enter=463265 read_bytes=9566322688 cpu_s=33.350000
[2026-10-07T08:21:06Z] pr3528-H-vocab-label-large-de-cold-b16384-r256-r4 digest {"bytes": 504927346, "lines": 4515802, "multiset": "75eb7a67996ae056829a3d17083d349b", "xxh3_128": "667b4be896acd8fd34c3a99219789510"}
[2026-10-07T08:21:06Z] pr3528-H-vocab-label-large-de-cold-b16384-r256-r4 done
Caches dropped successfully (synced, then wrote 1
 to /proc/sys/vm/drop_caches).
fatal: not a git repository (or any parent up to mount point /local)
Stopping at filesystem boundary (GIT_DISCOVERY_ACROSS_FILESYSTEM not set).
fatal: not a git repository (or any parent up to mount point /local)
Stopping at filesystem boundary (GIT_DISCOVERY_ACROSS_FILESYSTEM not set).
fatal: not a git repository (or any parent up to mount point /local)
Stopping at filesystem boundary (GIT_DISCOVERY_ACROSS_FILESYSTEM not set).
fatal: not a git repository (or any parent up to mount point /local)
Stopping at filesystem boundary (GIT_DISCOVERY_ACROSS_FILESYSTEM not set).
fatal: not a git repository (or any parent up to mount point /local)
Stopping at filesystem boundary (GIT_DISCOVERY_ACROSS_FILESYSTEM not set).
rep 1/1: complete export=s e2e=28.828240598s 504927346 bytes syscr=8864670 pread64=2633 io_uring_enter=327309 read_bytes=9565818880 cpu_s=32.960000
[2026-10-07T08:22:15Z] pr3528-H-vocab-label-large-de-cold-b16384-r1024-r4 digest {"bytes": 504927346, "lines": 4515802, "multiset": "75eb7a67996ae056829a3d17083d349b", "xxh3_128": "667b4be896acd8fd34c3a99219789510"}
[2026-10-07T08:22:15Z] pr3528-H-vocab-label-large-de-cold-b16384-r1024-r4 done
Caches dropped successfully (synced, then wrote 1
 to /proc/sys/vm/drop_caches).
fatal: not a git repository (or any parent up to mount point /local)
Stopping at filesystem boundary (GIT_DISCOVERY_ACROSS_FILESYSTEM not set).
fatal: not a git repository (or any parent up to mount point /local)
Stopping at filesystem boundary (GIT_DISCOVERY_ACROSS_FILESYSTEM not set).
fatal: not a git repository (or any parent up to mount point /local)
Stopping at filesystem boundary (GIT_DISCOVERY_ACROSS_FILESYSTEM not set).
fatal: not a git repository (or any parent up to mount point /local)
Stopping at filesystem boundary (GIT_DISCOVERY_ACROSS_FILESYSTEM not set).
fatal: not a git repository (or any parent up to mount point /local)
Stopping at filesystem boundary (GIT_DISCOVERY_ACROSS_FILESYSTEM not set).
rep 1/1: complete export=s e2e=28.905409253s 504927346 bytes syscr=8864670 pread64=2633 io_uring_enter=463303 read_bytes=9565818880 cpu_s=33.060000
[2026-10-07T08:23:24Z] pr3528-H-vocab-label-large-de-cold-b16384-r256-r5 digest {"bytes": 504927346, "lines": 4515802, "multiset": "75eb7a67996ae056829a3d17083d349b", "xxh3_128": "667b4be896acd8fd34c3a99219789510"}
[2026-10-07T08:23:24Z] pr3528-H-vocab-label-large-de-cold-b16384-r256-r5 done
Caches dropped successfully (synced, then wrote 1
 to /proc/sys/vm/drop_caches).
fatal: not a git repository (or any parent up to mount point /local)
Stopping at filesystem boundary (GIT_DISCOVERY_ACROSS_FILESYSTEM not set).
fatal: not a git repository (or any parent up to mount point /local)
Stopping at filesystem boundary (GIT_DISCOVERY_ACROSS_FILESYSTEM not set).
fatal: not a git repository (or any parent up to mount point /local)
Stopping at filesystem boundary (GIT_DISCOVERY_ACROSS_FILESYSTEM not set).
fatal: not a git repository (or any parent up to mount point /local)
Stopping at filesystem boundary (GIT_DISCOVERY_ACROSS_FILESYSTEM not set).
fatal: not a git repository (or any parent up to mount point /local)
Stopping at filesystem boundary (GIT_DISCOVERY_ACROSS_FILESYSTEM not set).
rep 1/1: complete export=s e2e=28.636625705s 504927346 bytes syscr=8864670 pread64=2633 io_uring_enter=327494 read_bytes=9568456704 cpu_s=32.790000
[2026-10-07T08:24:33Z] pr3528-H-vocab-label-large-de-cold-b16384-r1024-r5 digest {"bytes": 504927346, "lines": 4515802, "multiset": "75eb7a67996ae056829a3d17083d349b", "xxh3_128": "667b4be896acd8fd34c3a99219789510"}
[2026-10-07T08:24:33Z] pr3528-H-vocab-label-large-de-cold-b16384-r1024-r5 done
Caches dropped successfully (synced, then wrote 1
 to /proc/sys/vm/drop_caches).
fatal: not a git repository (or any parent up to mount point /local)
Stopping at filesystem boundary (GIT_DISCOVERY_ACROSS_FILESYSTEM not set).
fatal: not a git repository (or any parent up to mount point /local)
Stopping at filesystem boundary (GIT_DISCOVERY_ACROSS_FILESYSTEM not set).
fatal: not a git repository (or any parent up to mount point /local)
Stopping at filesystem boundary (GIT_DISCOVERY_ACROSS_FILESYSTEM not set).
fatal: not a git repository (or any parent up to mount point /local)
Stopping at filesystem boundary (GIT_DISCOVERY_ACROSS_FILESYSTEM not set).
fatal: not a git repository (or any parent up to mount point /local)
Stopping at filesystem boundary (GIT_DISCOVERY_ACROSS_FILESYSTEM not set).
rep 1/1: complete export=s e2e=33.914601232s 504927346 bytes syscr=8881602 pread64=2633 io_uring_enter=168295 read_bytes=9443692544 cpu_s=37.960000
[2026-10-07T08:25:47Z] pr3528-H-vocab-label-large-de-cold-b1024-r256-r5 digest {"bytes": 504927346, "lines": 4515802, "multiset": "75eb7a67996ae056829a3d17083d349b", "xxh3_128": "667b4be896acd8fd34c3a99219789510"}
[2026-10-07T08:25:47Z] pr3528-H-vocab-label-large-de-cold-b1024-r256-r5 done
Caches dropped successfully (synced, then wrote 1
 to /proc/sys/vm/drop_caches).
fatal: not a git repository (or any parent up to mount point /local)
Stopping at filesystem boundary (GIT_DISCOVERY_ACROSS_FILESYSTEM not set).
fatal: not a git repository (or any parent up to mount point /local)
Stopping at filesystem boundary (GIT_DISCOVERY_ACROSS_FILESYSTEM not set).
fatal: not a git repository (or any parent up to mount point /local)
Stopping at filesystem boundary (GIT_DISCOVERY_ACROSS_FILESYSTEM not set).
fatal: not a git repository (or any parent up to mount point /local)
Stopping at filesystem boundary (GIT_DISCOVERY_ACROSS_FILESYSTEM not set).
fatal: not a git repository (or any parent up to mount point /local)
Stopping at filesystem boundary (GIT_DISCOVERY_ACROSS_FILESYSTEM not set).
rep 1/1: complete export=s e2e=28.792202900s 504927346 bytes syscr=8864670 pread64=2633 io_uring_enter=327674 read_bytes=9565818880 cpu_s=32.890000
[2026-10-07T08:26:55Z] pr3528-H-vocab-label-large-de-cold-b16384-r1024-r6 digest {"bytes": 504927346, "lines": 4515802, "multiset": "75eb7a67996ae056829a3d17083d349b", "xxh3_128": "667b4be896acd8fd34c3a99219789510"}
[2026-10-07T08:26:56Z] pr3528-H-vocab-label-large-de-cold-b16384-r1024-r6 done
Caches dropped successfully (synced, then wrote 1
 to /proc/sys/vm/drop_caches).
fatal: not a git repository (or any parent up to mount point /local)
Stopping at filesystem boundary (GIT_DISCOVERY_ACROSS_FILESYSTEM not set).
fatal: not a git repository (or any parent up to mount point /local)
Stopping at filesystem boundary (GIT_DISCOVERY_ACROSS_FILESYSTEM not set).
fatal: not a git repository (or any parent up to mount point /local)
Stopping at filesystem boundary (GIT_DISCOVERY_ACROSS_FILESYSTEM not set).
fatal: not a git repository (or any parent up to mount point /local)
Stopping at filesystem boundary (GIT_DISCOVERY_ACROSS_FILESYSTEM not set).
fatal: not a git repository (or any parent up to mount point /local)
Stopping at filesystem boundary (GIT_DISCOVERY_ACROSS_FILESYSTEM not set).
rep 1/1: complete export=s e2e=33.871104723s 504927346 bytes syscr=8881602 pread64=2633 io_uring_enter=168320 read_bytes=9443692544 cpu_s=37.860000
[2026-10-07T08:28:09Z] pr3528-H-vocab-label-large-de-cold-b1024-r256-r6 digest {"bytes": 504927346, "lines": 4515802, "multiset": "75eb7a67996ae056829a3d17083d349b", "xxh3_128": "667b4be896acd8fd34c3a99219789510"}
[2026-10-07T08:28:09Z] pr3528-H-vocab-label-large-de-cold-b1024-r256-r6 done
Caches dropped successfully (synced, then wrote 1
 to /proc/sys/vm/drop_caches).
fatal: not a git repository (or any parent up to mount point /local)
Stopping at filesystem boundary (GIT_DISCOVERY_ACROSS_FILESYSTEM not set).
fatal: not a git repository (or any parent up to mount point /local)
Stopping at filesystem boundary (GIT_DISCOVERY_ACROSS_FILESYSTEM not set).
fatal: not a git repository (or any parent up to mount point /local)
Stopping at filesystem boundary (GIT_DISCOVERY_ACROSS_FILESYSTEM not set).
fatal: not a git repository (or any parent up to mount point /local)
Stopping at filesystem boundary (GIT_DISCOVERY_ACROSS_FILESYSTEM not set).
fatal: not a git repository (or any parent up to mount point /local)
Stopping at filesystem boundary (GIT_DISCOVERY_ACROSS_FILESYSTEM not set).
rep 1/1: complete export=s e2e=28.909736983s 504927346 bytes syscr=8864670 pread64=2633 io_uring_enter=463451 read_bytes=9565818880 cpu_s=33.020000
[2026-10-07T08:29:18Z] pr3528-H-vocab-label-large-de-cold-b16384-r256-r6 digest {"bytes": 504927346, "lines": 4515802, "multiset": "75eb7a67996ae056829a3d17083d349b", "xxh3_128": "667b4be896acd8fd34c3a99219789510"}
[2026-10-07T08:29:18Z] pr3528-H-vocab-label-large-de-cold-b16384-r256-r6 done
Caches dropped successfully (synced, then wrote 1
 to /proc/sys/vm/drop_caches).
fatal: not a git repository (or any parent up to mount point /local)
Stopping at filesystem boundary (GIT_DISCOVERY_ACROSS_FILESYSTEM not set).
fatal: not a git repository (or any parent up to mount point /local)
Stopping at filesystem boundary (GIT_DISCOVERY_ACROSS_FILESYSTEM not set).
fatal: not a git repository (or any parent up to mount point /local)
Stopping at filesystem boundary (GIT_DISCOVERY_ACROSS_FILESYSTEM not set).
fatal: not a git repository (or any parent up to mount point /local)
Stopping at filesystem boundary (GIT_DISCOVERY_ACROSS_FILESYSTEM not set).
fatal: not a git repository (or any parent up to mount point /local)
Stopping at filesystem boundary (GIT_DISCOVERY_ACROSS_FILESYSTEM not set).
rep 1/1: complete export=s e2e=31.234878202s 504927346 bytes syscr=8881598 pread64=2633 io_uring_enter=169131 read_bytes=9443692544 cpu_s=35.120000
[2026-10-07T08:30:28Z] pr3528-H-vocab-label-large-de-cold-b1024-r256-r7 digest {"bytes": 504927346, "lines": 4515802, "multiset": "75eb7a67996ae056829a3d17083d349b", "xxh3_128": "667b4be896acd8fd34c3a99219789510"}
[2026-10-07T08:30:28Z] pr3528-H-vocab-label-large-de-cold-b1024-r256-r7 done
Caches dropped successfully (synced, then wrote 1
 to /proc/sys/vm/drop_caches).
fatal: not a git repository (or any parent up to mount point /local)
Stopping at filesystem boundary (GIT_DISCOVERY_ACROSS_FILESYSTEM not set).
fatal: not a git repository (or any parent up to mount point /local)
Stopping at filesystem boundary (GIT_DISCOVERY_ACROSS_FILESYSTEM not set).
fatal: not a git repository (or any parent up to mount point /local)
Stopping at filesystem boundary (GIT_DISCOVERY_ACROSS_FILESYSTEM not set).
fatal: not a git repository (or any parent up to mount point /local)
Stopping at filesystem boundary (GIT_DISCOVERY_ACROSS_FILESYSTEM not set).
fatal: not a git repository (or any parent up to mount point /local)
Stopping at filesystem boundary (GIT_DISCOVERY_ACROSS_FILESYSTEM not set).
rep 1/1: complete export=s e2e=25.576264456s 504927346 bytes syscr=8864662 pread64=2633 io_uring_enter=465166 read_bytes=9567952896 cpu_s=29.320000
[2026-10-07T08:31:30Z] pr3528-H-vocab-label-large-de-cold-b16384-r256-r7 digest {"bytes": 504927346, "lines": 4515802, "multiset": "75eb7a67996ae056829a3d17083d349b", "xxh3_128": "667b4be896acd8fd34c3a99219789510"}
[2026-10-07T08:31:30Z] pr3528-H-vocab-label-large-de-cold-b16384-r256-r7 done
Caches dropped successfully (synced, then wrote 1
 to /proc/sys/vm/drop_caches).
fatal: not a git repository (or any parent up to mount point /local)
Stopping at filesystem boundary (GIT_DISCOVERY_ACROSS_FILESYSTEM not set).
fatal: not a git repository (or any parent up to mount point /local)
Stopping at filesystem boundary (GIT_DISCOVERY_ACROSS_FILESYSTEM not set).
fatal: not a git repository (or any parent up to mount point /local)
Stopping at filesystem boundary (GIT_DISCOVERY_ACROSS_FILESYSTEM not set).
fatal: not a git repository (or any parent up to mount point /local)
Stopping at filesystem boundary (GIT_DISCOVERY_ACROSS_FILESYSTEM not set).
fatal: not a git repository (or any parent up to mount point /local)
Stopping at filesystem boundary (GIT_DISCOVERY_ACROSS_FILESYSTEM not set).
rep 1/1: complete export=s e2e=24.967555471s 504927346 bytes syscr=8864658 pread64=2633 io_uring_enter=329051 read_bytes=9567952896 cpu_s=28.750000
[2026-10-07T08:32:30Z] pr3528-H-vocab-label-large-de-cold-b16384-r1024-r7 digest {"bytes": 504927346, "lines": 4515802, "multiset": "75eb7a67996ae056829a3d17083d349b", "xxh3_128": "667b4be896acd8fd34c3a99219789510"}
[2026-10-07T08:32:30Z] pr3528-H-vocab-label-large-de-cold-b16384-r1024-r7 done
Caches dropped successfully (synced, then wrote 1
 to /proc/sys/vm/drop_caches).
fatal: not a git repository (or any parent up to mount point /local)
Stopping at filesystem boundary (GIT_DISCOVERY_ACROSS_FILESYSTEM not set).
fatal: not a git repository (or any parent up to mount point /local)
Stopping at filesystem boundary (GIT_DISCOVERY_ACROSS_FILESYSTEM not set).
fatal: not a git repository (or any parent up to mount point /local)
Stopping at filesystem boundary (GIT_DISCOVERY_ACROSS_FILESYSTEM not set).
fatal: not a git repository (or any parent up to mount point /local)
Stopping at filesystem boundary (GIT_DISCOVERY_ACROSS_FILESYSTEM not set).
fatal: not a git repository (or any parent up to mount point /local)
Stopping at filesystem boundary (GIT_DISCOVERY_ACROSS_FILESYSTEM not set).
rep 1/1: complete export=s e2e=24.822148349s 504927346 bytes syscr=8864658 pread64=2633 io_uring_enter=465036 read_bytes=9568456704 cpu_s=28.550000
[2026-10-07T08:33:31Z] pr3528-H-vocab-label-large-de-cold-b16384-r256-r8 digest {"bytes": 504927346, "lines": 4515802, "multiset": "75eb7a67996ae056829a3d17083d349b", "xxh3_128": "667b4be896acd8fd34c3a99219789510"}
[2026-10-07T08:33:31Z] pr3528-H-vocab-label-large-de-cold-b16384-r256-r8 done
Caches dropped successfully (synced, then wrote 1
 to /proc/sys/vm/drop_caches).
fatal: not a git repository (or any parent up to mount point /local)
Stopping at filesystem boundary (GIT_DISCOVERY_ACROSS_FILESYSTEM not set).
fatal: not a git repository (or any parent up to mount point /local)
Stopping at filesystem boundary (GIT_DISCOVERY_ACROSS_FILESYSTEM not set).
fatal: not a git repository (or any parent up to mount point /local)
Stopping at filesystem boundary (GIT_DISCOVERY_ACROSS_FILESYSTEM not set).
fatal: not a git repository (or any parent up to mount point /local)
Stopping at filesystem boundary (GIT_DISCOVERY_ACROSS_FILESYSTEM not set).
fatal: not a git repository (or any parent up to mount point /local)
Stopping at filesystem boundary (GIT_DISCOVERY_ACROSS_FILESYSTEM not set).
rep 1/1: complete export=s e2e=24.095227509s 504927346 bytes syscr=8864658 pread64=2633 io_uring_enter=329113 read_bytes=9568456704 cpu_s=27.870000
[2026-10-07T08:34:30Z] pr3528-H-vocab-label-large-de-cold-b16384-r1024-r8 digest {"bytes": 504927346, "lines": 4515802, "multiset": "75eb7a67996ae056829a3d17083d349b", "xxh3_128": "667b4be896acd8fd34c3a99219789510"}
[2026-10-07T08:34:30Z] pr3528-H-vocab-label-large-de-cold-b16384-r1024-r8 done
Caches dropped successfully (synced, then wrote 1
 to /proc/sys/vm/drop_caches).
fatal: not a git repository (or any parent up to mount point /local)
Stopping at filesystem boundary (GIT_DISCOVERY_ACROSS_FILESYSTEM not set).
fatal: not a git repository (or any parent up to mount point /local)
Stopping at filesystem boundary (GIT_DISCOVERY_ACROSS_FILESYSTEM not set).
fatal: not a git repository (or any parent up to mount point /local)
Stopping at filesystem boundary (GIT_DISCOVERY_ACROSS_FILESYSTEM not set).
fatal: not a git repository (or any parent up to mount point /local)
Stopping at filesystem boundary (GIT_DISCOVERY_ACROSS_FILESYSTEM not set).
fatal: not a git repository (or any parent up to mount point /local)
Stopping at filesystem boundary (GIT_DISCOVERY_ACROSS_FILESYSTEM not set).
rep 1/1: complete export=s e2e=27.093279231s 504927346 bytes syscr=8881590 pread64=2633 io_uring_enter=171291 read_bytes=9443692544 cpu_s=30.580000
[2026-10-07T08:35:31Z] pr3528-H-vocab-label-large-de-cold-b1024-r256-r8 digest {"bytes": 504927346, "lines": 4515802, "multiset": "75eb7a67996ae056829a3d17083d349b", "xxh3_128": "667b4be896acd8fd34c3a99219789510"}
[2026-10-07T08:35:31Z] pr3528-H-vocab-label-large-de-cold-b1024-r256-r8 done
Caches dropped successfully (synced, then wrote 1
 to /proc/sys/vm/drop_caches).
fatal: not a git repository (or any parent up to mount point /local)
Stopping at filesystem boundary (GIT_DISCOVERY_ACROSS_FILESYSTEM not set).
fatal: not a git repository (or any parent up to mount point /local)
Stopping at filesystem boundary (GIT_DISCOVERY_ACROSS_FILESYSTEM not set).
fatal: not a git repository (or any parent up to mount point /local)
Stopping at filesystem boundary (GIT_DISCOVERY_ACROSS_FILESYSTEM not set).
fatal: not a git repository (or any parent up to mount point /local)
Stopping at filesystem boundary (GIT_DISCOVERY_ACROSS_FILESYSTEM not set).
fatal: not a git repository (or any parent up to mount point /local)
Stopping at filesystem boundary (GIT_DISCOVERY_ACROSS_FILESYSTEM not set).
rep 1/1: complete export=s e2e=23.226825319s 504927346 bytes syscr=8864658 pread64=2633 io_uring_enter=329729 read_bytes=9568456704 cpu_s=26.790000
[2026-10-07T08:36:28Z] pr3528-H-vocab-label-large-de-cold-b16384-r1024-r9 digest {"bytes": 504927346, "lines": 4515802, "multiset": "75eb7a67996ae056829a3d17083d349b", "xxh3_128": "667b4be896acd8fd34c3a99219789510"}
[2026-10-07T08:36:28Z] pr3528-H-vocab-label-large-de-cold-b16384-r1024-r9 done
Caches dropped successfully (synced, then wrote 1
 to /proc/sys/vm/drop_caches).
fatal: not a git repository (or any parent up to mount point /local)
Stopping at filesystem boundary (GIT_DISCOVERY_ACROSS_FILESYSTEM not set).
fatal: not a git repository (or any parent up to mount point /local)
Stopping at filesystem boundary (GIT_DISCOVERY_ACROSS_FILESYSTEM not set).
fatal: not a git repository (or any parent up to mount point /local)
Stopping at filesystem boundary (GIT_DISCOVERY_ACROSS_FILESYSTEM not set).
fatal: not a git repository (or any parent up to mount point /local)
Stopping at filesystem boundary (GIT_DISCOVERY_ACROSS_FILESYSTEM not set).
fatal: not a git repository (or any parent up to mount point /local)
Stopping at filesystem boundary (GIT_DISCOVERY_ACROSS_FILESYSTEM not set).
rep 1/1: complete export=s e2e=24.941902843s 504927346 bytes syscr=8881582 pread64=2633 io_uring_enter=172196 read_bytes=9443692544 cpu_s=28.470000
[2026-10-07T08:37:25Z] pr3528-H-vocab-label-large-de-cold-b1024-r256-r9 digest {"bytes": 504927346, "lines": 4515802, "multiset": "75eb7a67996ae056829a3d17083d349b", "xxh3_128": "667b4be896acd8fd34c3a99219789510"}
[2026-10-07T08:37:26Z] pr3528-H-vocab-label-large-de-cold-b1024-r256-r9 done
Caches dropped successfully (synced, then wrote 1
 to /proc/sys/vm/drop_caches).
fatal: not a git repository (or any parent up to mount point /local)
Stopping at filesystem boundary (GIT_DISCOVERY_ACROSS_FILESYSTEM not set).
fatal: not a git repository (or any parent up to mount point /local)
Stopping at filesystem boundary (GIT_DISCOVERY_ACROSS_FILESYSTEM not set).
fatal: not a git repository (or any parent up to mount point /local)
Stopping at filesystem boundary (GIT_DISCOVERY_ACROSS_FILESYSTEM not set).
fatal: not a git repository (or any parent up to mount point /local)
Stopping at filesystem boundary (GIT_DISCOVERY_ACROSS_FILESYSTEM not set).
fatal: not a git repository (or any parent up to mount point /local)
Stopping at filesystem boundary (GIT_DISCOVERY_ACROSS_FILESYSTEM not set).
rep 1/1: complete export=s e2e=29.594000379s 504927346 bytes syscr=8864666 pread64=2633 io_uring_enter=462428 read_bytes=9565818880 cpu_s=33.830000
[2026-10-07T08:38:33Z] pr3528-H-vocab-label-large-de-cold-b16384-r256-r9 digest {"bytes": 504927346, "lines": 4515802, "multiset": "75eb7a67996ae056829a3d17083d349b", "xxh3_128": "667b4be896acd8fd34c3a99219789510"}
[2026-10-07T08:38:33Z] pr3528-H-vocab-label-large-de-cold-b16384-r256-r9 done
Caches dropped successfully (synced, then wrote 1
 to /proc/sys/vm/drop_caches).
fatal: not a git repository (or any parent up to mount point /local)
Stopping at filesystem boundary (GIT_DISCOVERY_ACROSS_FILESYSTEM not set).
fatal: not a git repository (or any parent up to mount point /local)
Stopping at filesystem boundary (GIT_DISCOVERY_ACROSS_FILESYSTEM not set).
fatal: not a git repository (or any parent up to mount point /local)
Stopping at filesystem boundary (GIT_DISCOVERY_ACROSS_FILESYSTEM not set).
fatal: not a git repository (or any parent up to mount point /local)
Stopping at filesystem boundary (GIT_DISCOVERY_ACROSS_FILESYSTEM not set).
fatal: not a git repository (or any parent up to mount point /local)
Stopping at filesystem boundary (GIT_DISCOVERY_ACROSS_FILESYSTEM not set).
rep 1/1: complete export=s e2e=33.855603711s 504927346 bytes syscr=8881598 pread64=2633 io_uring_enter=167957 read_bytes=9443692544 cpu_s=38.010000
[2026-10-07T08:39:47Z] pr3528-H-vocab-label-large-de-cold-b1024-r256-r10 digest {"bytes": 504927346, "lines": 4515802, "multiset": "75eb7a67996ae056829a3d17083d349b", "xxh3_128": "667b4be896acd8fd34c3a99219789510"}
[2026-10-07T08:39:47Z] pr3528-H-vocab-label-large-de-cold-b1024-r256-r10 done
Caches dropped successfully (synced, then wrote 1
 to /proc/sys/vm/drop_caches).
fatal: not a git repository (or any parent up to mount point /local)
Stopping at filesystem boundary (GIT_DISCOVERY_ACROSS_FILESYSTEM not set).
fatal: not a git repository (or any parent up to mount point /local)
Stopping at filesystem boundary (GIT_DISCOVERY_ACROSS_FILESYSTEM not set).
fatal: not a git repository (or any parent up to mount point /local)
Stopping at filesystem boundary (GIT_DISCOVERY_ACROSS_FILESYSTEM not set).
fatal: not a git repository (or any parent up to mount point /local)
Stopping at filesystem boundary (GIT_DISCOVERY_ACROSS_FILESYSTEM not set).
fatal: not a git repository (or any parent up to mount point /local)
Stopping at filesystem boundary (GIT_DISCOVERY_ACROSS_FILESYSTEM not set).
rep 1/1: complete export=s e2e=29.544118888s 504927346 bytes syscr=8864666 pread64=2633 io_uring_enter=462904 read_bytes=9565818880 cpu_s=33.830000
[2026-10-07T08:40:58Z] pr3528-H-vocab-label-large-de-cold-b16384-r256-r10 digest {"bytes": 504927346, "lines": 4515802, "multiset": "75eb7a67996ae056829a3d17083d349b", "xxh3_128": "667b4be896acd8fd34c3a99219789510"}
[2026-10-07T08:40:58Z] pr3528-H-vocab-label-large-de-cold-b16384-r256-r10 done
Caches dropped successfully (synced, then wrote 1
 to /proc/sys/vm/drop_caches).
fatal: not a git repository (or any parent up to mount point /local)
Stopping at filesystem boundary (GIT_DISCOVERY_ACROSS_FILESYSTEM not set).
fatal: not a git repository (or any parent up to mount point /local)
Stopping at filesystem boundary (GIT_DISCOVERY_ACROSS_FILESYSTEM not set).
fatal: not a git repository (or any parent up to mount point /local)
Stopping at filesystem boundary (GIT_DISCOVERY_ACROSS_FILESYSTEM not set).
fatal: not a git repository (or any parent up to mount point /local)
Stopping at filesystem boundary (GIT_DISCOVERY_ACROSS_FILESYSTEM not set).
fatal: not a git repository (or any parent up to mount point /local)
Stopping at filesystem boundary (GIT_DISCOVERY_ACROSS_FILESYSTEM not set).
rep 1/1: complete export=s e2e=29.616068271s 504927346 bytes syscr=8864666 pread64=2633 io_uring_enter=327419 read_bytes=9568985088 cpu_s=33.830000
[2026-10-07T08:42:08Z] pr3528-H-vocab-label-large-de-cold-b16384-r1024-r10 digest {"bytes": 504927346, "lines": 4515802, "multiset": "75eb7a67996ae056829a3d17083d349b", "xxh3_128": "667b4be896acd8fd34c3a99219789510"}
[2026-10-07T08:42:08Z] pr3528-H-vocab-label-large-de-cold-b16384-r1024-r10 done
fatal: not a git repository (or any parent up to mount point /local)
Stopping at filesystem boundary (GIT_DISCOVERY_ACROSS_FILESYSTEM not set).
fatal: not a git repository (or any parent up to mount point /local)
Stopping at filesystem boundary (GIT_DISCOVERY_ACROSS_FILESYSTEM not set).
fatal: not a git repository (or any parent up to mount point /local)
Stopping at filesystem boundary (GIT_DISCOVERY_ACROSS_FILESYSTEM not set).
fatal: not a git repository (or any parent up to mount point /local)
Stopping at filesystem boundary (GIT_DISCOVERY_ACROSS_FILESYSTEM not set).
fatal: not a git repository (or any parent up to mount point /local)
Stopping at filesystem boundary (GIT_DISCOVERY_ACROSS_FILESYSTEM not set).
rep 1/1: complete export=s e2e=23.713008855s 504927346 bytes syscr=8881582 pread64=2633 io_uring_enter=0 read_bytes=0 cpu_s=27.930000
[2026-10-07T08:43:44Z] pr3528-H-vocab-label-large-de-warm-b1024-r256-r1 digest {"bytes": 504927346, "lines": 4515802, "multiset": "75eb7a67996ae056829a3d17083d349b", "xxh3_128": "667b4be896acd8fd34c3a99219789510"}
[2026-10-07T08:43:44Z] pr3528-H-vocab-label-large-de-warm-b1024-r256-r1 done
fatal: not a git repository (or any parent up to mount point /local)
Stopping at filesystem boundary (GIT_DISCOVERY_ACROSS_FILESYSTEM not set).
fatal: not a git repository (or any parent up to mount point /local)
Stopping at filesystem boundary (GIT_DISCOVERY_ACROSS_FILESYSTEM not set).
fatal: not a git repository (or any parent up to mount point /local)
Stopping at filesystem boundary (GIT_DISCOVERY_ACROSS_FILESYSTEM not set).
fatal: not a git repository (or any parent up to mount point /local)
Stopping at filesystem boundary (GIT_DISCOVERY_ACROSS_FILESYSTEM not set).
fatal: not a git repository (or any parent up to mount point /local)
Stopping at filesystem boundary (GIT_DISCOVERY_ACROSS_FILESYSTEM not set).
rep 1/1: complete export=s e2e=16.817385099s 504927346 bytes syscr=8864646 pread64=2633 io_uring_enter=0 read_bytes=0 cpu_s=20.720000
[2026-10-07T08:45:05Z] pr3528-H-vocab-label-large-de-warm-b16384-r256-r1 digest {"bytes": 504927346, "lines": 4515802, "multiset": "75eb7a67996ae056829a3d17083d349b", "xxh3_128": "667b4be896acd8fd34c3a99219789510"}
[2026-10-07T08:45:05Z] pr3528-H-vocab-label-large-de-warm-b16384-r256-r1 done
fatal: not a git repository (or any parent up to mount point /local)
Stopping at filesystem boundary (GIT_DISCOVERY_ACROSS_FILESYSTEM not set).
fatal: not a git repository (or any parent up to mount point /local)
Stopping at filesystem boundary (GIT_DISCOVERY_ACROSS_FILESYSTEM not set).
fatal: not a git repository (or any parent up to mount point /local)
Stopping at filesystem boundary (GIT_DISCOVERY_ACROSS_FILESYSTEM not set).
fatal: not a git repository (or any parent up to mount point /local)
Stopping at filesystem boundary (GIT_DISCOVERY_ACROSS_FILESYSTEM not set).
fatal: not a git repository (or any parent up to mount point /local)
Stopping at filesystem boundary (GIT_DISCOVERY_ACROSS_FILESYSTEM not set).
rep 1/1: complete export=s e2e=14.888968629s 504927346 bytes syscr=8864638 pread64=2633 io_uring_enter=0 read_bytes=0 cpu_s=18.630000
[2026-10-07T08:46:15Z] pr3528-H-vocab-label-large-de-warm-b16384-r1024-r1 digest {"bytes": 504927346, "lines": 4515802, "multiset": "75eb7a67996ae056829a3d17083d349b", "xxh3_128": "667b4be896acd8fd34c3a99219789510"}
[2026-10-07T08:46:15Z] pr3528-H-vocab-label-large-de-warm-b16384-r1024-r1 done
fatal: not a git repository (or any parent up to mount point /local)
Stopping at filesystem boundary (GIT_DISCOVERY_ACROSS_FILESYSTEM not set).
fatal: not a git repository (or any parent up to mount point /local)
Stopping at filesystem boundary (GIT_DISCOVERY_ACROSS_FILESYSTEM not set).
fatal: not a git repository (or any parent up to mount point /local)
Stopping at filesystem boundary (GIT_DISCOVERY_ACROSS_FILESYSTEM not set).
fatal: not a git repository (or any parent up to mount point /local)
Stopping at filesystem boundary (GIT_DISCOVERY_ACROSS_FILESYSTEM not set).
fatal: not a git repository (or any parent up to mount point /local)
Stopping at filesystem boundary (GIT_DISCOVERY_ACROSS_FILESYSTEM not set).
rep 1/1: complete export=s e2e=14.665009775s 504927346 bytes syscr=8864638 pread64=2633 io_uring_enter=0 read_bytes=0 cpu_s=18.600000
[2026-10-07T08:47:21Z] pr3528-H-vocab-label-large-de-warm-b16384-r256-r2 digest {"bytes": 504927346, "lines": 4515802, "multiset": "75eb7a67996ae056829a3d17083d349b", "xxh3_128": "667b4be896acd8fd34c3a99219789510"}
[2026-10-07T08:47:21Z] pr3528-H-vocab-label-large-de-warm-b16384-r256-r2 done
fatal: not a git repository (or any parent up to mount point /local)
Stopping at filesystem boundary (GIT_DISCOVERY_ACROSS_FILESYSTEM not set).
fatal: not a git repository (or any parent up to mount point /local)
Stopping at filesystem boundary (GIT_DISCOVERY_ACROSS_FILESYSTEM not set).
fatal: not a git repository (or any parent up to mount point /local)
Stopping at filesystem boundary (GIT_DISCOVERY_ACROSS_FILESYSTEM not set).
fatal: not a git repository (or any parent up to mount point /local)
Stopping at filesystem boundary (GIT_DISCOVERY_ACROSS_FILESYSTEM not set).
fatal: not a git repository (or any parent up to mount point /local)
Stopping at filesystem boundary (GIT_DISCOVERY_ACROSS_FILESYSTEM not set).
rep 1/1: complete export=s e2e=15.423597283s 504927346 bytes syscr=8864642 pread64=2633 io_uring_enter=0 read_bytes=0 cpu_s=19.180000
[2026-10-07T08:48:34Z] pr3528-H-vocab-label-large-de-warm-b16384-r1024-r2 digest {"bytes": 504927346, "lines": 4515802, "multiset": "75eb7a67996ae056829a3d17083d349b", "xxh3_128": "667b4be896acd8fd34c3a99219789510"}
[2026-10-07T08:48:34Z] pr3528-H-vocab-label-large-de-warm-b16384-r1024-r2 done
fatal: not a git repository (or any parent up to mount point /local)
Stopping at filesystem boundary (GIT_DISCOVERY_ACROSS_FILESYSTEM not set).
fatal: not a git repository (or any parent up to mount point /local)
Stopping at filesystem boundary (GIT_DISCOVERY_ACROSS_FILESYSTEM not set).
fatal: not a git repository (or any parent up to mount point /local)
Stopping at filesystem boundary (GIT_DISCOVERY_ACROSS_FILESYSTEM not set).
fatal: not a git repository (or any parent up to mount point /local)
Stopping at filesystem boundary (GIT_DISCOVERY_ACROSS_FILESYSTEM not set).
fatal: not a git repository (or any parent up to mount point /local)
Stopping at filesystem boundary (GIT_DISCOVERY_ACROSS_FILESYSTEM not set).
rep 1/1: complete export=s e2e=16.907173967s 504927346 bytes syscr=8881566 pread64=2633 io_uring_enter=0 read_bytes=0 cpu_s=20.660000
[2026-10-07T08:49:45Z] pr3528-H-vocab-label-large-de-warm-b1024-r256-r2 digest {"bytes": 504927346, "lines": 4515802, "multiset": "75eb7a67996ae056829a3d17083d349b", "xxh3_128": "667b4be896acd8fd34c3a99219789510"}
[2026-10-07T08:49:46Z] pr3528-H-vocab-label-large-de-warm-b1024-r256-r2 done
fatal: not a git repository (or any parent up to mount point /local)
Stopping at filesystem boundary (GIT_DISCOVERY_ACROSS_FILESYSTEM not set).
fatal: not a git repository (or any parent up to mount point /local)
Stopping at filesystem boundary (GIT_DISCOVERY_ACROSS_FILESYSTEM not set).
fatal: not a git repository (or any parent up to mount point /local)
Stopping at filesystem boundary (GIT_DISCOVERY_ACROSS_FILESYSTEM not set).
fatal: not a git repository (or any parent up to mount point /local)
Stopping at filesystem boundary (GIT_DISCOVERY_ACROSS_FILESYSTEM not set).
fatal: not a git repository (or any parent up to mount point /local)
Stopping at filesystem boundary (GIT_DISCOVERY_ACROSS_FILESYSTEM not set).
rep 1/1: complete export=s e2e=17.186442244s 504927346 bytes syscr=8864646 pread64=2633 io_uring_enter=0 read_bytes=0 cpu_s=21.060000
[2026-10-07T08:50:57Z] pr3528-H-vocab-label-large-de-warm-b16384-r1024-r3 digest {"bytes": 504927346, "lines": 4515802, "multiset": "75eb7a67996ae056829a3d17083d349b", "xxh3_128": "667b4be896acd8fd34c3a99219789510"}
[2026-10-07T08:50:57Z] pr3528-H-vocab-label-large-de-warm-b16384-r1024-r3 done
fatal: not a git repository (or any parent up to mount point /local)
Stopping at filesystem boundary (GIT_DISCOVERY_ACROSS_FILESYSTEM not set).
fatal: not a git repository (or any parent up to mount point /local)
Stopping at filesystem boundary (GIT_DISCOVERY_ACROSS_FILESYSTEM not set).
fatal: not a git repository (or any parent up to mount point /local)
Stopping at filesystem boundary (GIT_DISCOVERY_ACROSS_FILESYSTEM not set).
fatal: not a git repository (or any parent up to mount point /local)
Stopping at filesystem boundary (GIT_DISCOVERY_ACROSS_FILESYSTEM not set).
fatal: not a git repository (or any parent up to mount point /local)
Stopping at filesystem boundary (GIT_DISCOVERY_ACROSS_FILESYSTEM not set).
rep 1/1: complete export=s e2e=17.173073463s 504927346 bytes syscr=8881566 pread64=2633 io_uring_enter=0 read_bytes=0 cpu_s=20.980000
[2026-10-07T08:52:12Z] pr3528-H-vocab-label-large-de-warm-b1024-r256-r3 digest {"bytes": 504927346, "lines": 4515802, "multiset": "75eb7a67996ae056829a3d17083d349b", "xxh3_128": "667b4be896acd8fd34c3a99219789510"}
[2026-10-07T08:52:12Z] pr3528-H-vocab-label-large-de-warm-b1024-r256-r3 done
fatal: not a git repository (or any parent up to mount point /local)
Stopping at filesystem boundary (GIT_DISCOVERY_ACROSS_FILESYSTEM not set).
fatal: not a git repository (or any parent up to mount point /local)
Stopping at filesystem boundary (GIT_DISCOVERY_ACROSS_FILESYSTEM not set).
fatal: not a git repository (or any parent up to mount point /local)
Stopping at filesystem boundary (GIT_DISCOVERY_ACROSS_FILESYSTEM not set).
fatal: not a git repository (or any parent up to mount point /local)
Stopping at filesystem boundary (GIT_DISCOVERY_ACROSS_FILESYSTEM not set).
fatal: not a git repository (or any parent up to mount point /local)
Stopping at filesystem boundary (GIT_DISCOVERY_ACROSS_FILESYSTEM not set).
rep 1/1: complete export=s e2e=17.465693327s 504927346 bytes syscr=8864646 pread64=2633 io_uring_enter=0 read_bytes=0 cpu_s=21.520000
[2026-10-07T08:53:23Z] pr3528-H-vocab-label-large-de-warm-b16384-r256-r3 digest {"bytes": 504927346, "lines": 4515802, "multiset": "75eb7a67996ae056829a3d17083d349b", "xxh3_128": "667b4be896acd8fd34c3a99219789510"}
[2026-10-07T08:53:23Z] pr3528-H-vocab-label-large-de-warm-b16384-r256-r3 done
fatal: not a git repository (or any parent up to mount point /local)
Stopping at filesystem boundary (GIT_DISCOVERY_ACROSS_FILESYSTEM not set).
fatal: not a git repository (or any parent up to mount point /local)
Stopping at filesystem boundary (GIT_DISCOVERY_ACROSS_FILESYSTEM not set).
fatal: not a git repository (or any parent up to mount point /local)
Stopping at filesystem boundary (GIT_DISCOVERY_ACROSS_FILESYSTEM not set).
fatal: not a git repository (or any parent up to mount point /local)
Stopping at filesystem boundary (GIT_DISCOVERY_ACROSS_FILESYSTEM not set).
fatal: not a git repository (or any parent up to mount point /local)
Stopping at filesystem boundary (GIT_DISCOVERY_ACROSS_FILESYSTEM not set).
rep 1/1: complete export=s e2e=23.650309132s 504927346 bytes syscr=8881582 pread64=2633 io_uring_enter=0 read_bytes=0 cpu_s=27.780000
[2026-10-07T08:54:58Z] pr3528-H-vocab-label-large-de-warm-b1024-r256-r4 digest {"bytes": 504927346, "lines": 4515802, "multiset": "75eb7a67996ae056829a3d17083d349b", "xxh3_128": "667b4be896acd8fd34c3a99219789510"}
[2026-10-07T08:54:58Z] pr3528-H-vocab-label-large-de-warm-b1024-r256-r4 done
fatal: not a git repository (or any parent up to mount point /local)
Stopping at filesystem boundary (GIT_DISCOVERY_ACROSS_FILESYSTEM not set).
fatal: not a git repository (or any parent up to mount point /local)
Stopping at filesystem boundary (GIT_DISCOVERY_ACROSS_FILESYSTEM not set).
fatal: not a git repository (or any parent up to mount point /local)
Stopping at filesystem boundary (GIT_DISCOVERY_ACROSS_FILESYSTEM not set).
fatal: not a git repository (or any parent up to mount point /local)
Stopping at filesystem boundary (GIT_DISCOVERY_ACROSS_FILESYSTEM not set).
fatal: not a git repository (or any parent up to mount point /local)
Stopping at filesystem boundary (GIT_DISCOVERY_ACROSS_FILESYSTEM not set).
rep 1/1: complete export=s e2e=19.803995129s 504927346 bytes syscr=8864650 pread64=2633 io_uring_enter=0 read_bytes=0 cpu_s=23.990000
[2026-10-07T08:56:25Z] pr3528-H-vocab-label-large-de-warm-b16384-r256-r4 digest {"bytes": 504927346, "lines": 4515802, "multiset": "75eb7a67996ae056829a3d17083d349b", "xxh3_128": "667b4be896acd8fd34c3a99219789510"}
[2026-10-07T08:56:25Z] pr3528-H-vocab-label-large-de-warm-b16384-r256-r4 done
fatal: not a git repository (or any parent up to mount point /local)
Stopping at filesystem boundary (GIT_DISCOVERY_ACROSS_FILESYSTEM not set).
fatal: not a git repository (or any parent up to mount point /local)
Stopping at filesystem boundary (GIT_DISCOVERY_ACROSS_FILESYSTEM not set).
fatal: not a git repository (or any parent up to mount point /local)
Stopping at filesystem boundary (GIT_DISCOVERY_ACROSS_FILESYSTEM not set).
fatal: not a git repository (or any parent up to mount point /local)
Stopping at filesystem boundary (GIT_DISCOVERY_ACROSS_FILESYSTEM not set).
fatal: not a git repository (or any parent up to mount point /local)
Stopping at filesystem boundary (GIT_DISCOVERY_ACROSS_FILESYSTEM not set).
rep 1/1: complete export=s e2e=19.837603360s 504927346 bytes syscr=8864650 pread64=2633 io_uring_enter=0 read_bytes=0 cpu_s=23.990000
[2026-10-07T08:57:53Z] pr3528-H-vocab-label-large-de-warm-b16384-r1024-r4 digest {"bytes": 504927346, "lines": 4515802, "multiset": "75eb7a67996ae056829a3d17083d349b", "xxh3_128": "667b4be896acd8fd34c3a99219789510"}
[2026-10-07T08:57:53Z] pr3528-H-vocab-label-large-de-warm-b16384-r1024-r4 done
fatal: not a git repository (or any parent up to mount point /local)
Stopping at filesystem boundary (GIT_DISCOVERY_ACROSS_FILESYSTEM not set).
fatal: not a git repository (or any parent up to mount point /local)
Stopping at filesystem boundary (GIT_DISCOVERY_ACROSS_FILESYSTEM not set).
fatal: not a git repository (or any parent up to mount point /local)
Stopping at filesystem boundary (GIT_DISCOVERY_ACROSS_FILESYSTEM not set).
fatal: not a git repository (or any parent up to mount point /local)
Stopping at filesystem boundary (GIT_DISCOVERY_ACROSS_FILESYSTEM not set).
fatal: not a git repository (or any parent up to mount point /local)
Stopping at filesystem boundary (GIT_DISCOVERY_ACROSS_FILESYSTEM not set).
rep 1/1: complete export=s e2e=20.051430719s 504927346 bytes syscr=8864650 pread64=2633 io_uring_enter=0 read_bytes=0 cpu_s=24.200000
[2026-10-07T08:59:20Z] pr3528-H-vocab-label-large-de-warm-b16384-r256-r5 digest {"bytes": 504927346, "lines": 4515802, "multiset": "75eb7a67996ae056829a3d17083d349b", "xxh3_128": "667b4be896acd8fd34c3a99219789510"}
[2026-10-07T08:59:21Z] pr3528-H-vocab-label-large-de-warm-b16384-r256-r5 done
fatal: not a git repository (or any parent up to mount point /local)
Stopping at filesystem boundary (GIT_DISCOVERY_ACROSS_FILESYSTEM not set).
fatal: not a git repository (or any parent up to mount point /local)
Stopping at filesystem boundary (GIT_DISCOVERY_ACROSS_FILESYSTEM not set).
fatal: not a git repository (or any parent up to mount point /local)
Stopping at filesystem boundary (GIT_DISCOVERY_ACROSS_FILESYSTEM not set).
fatal: not a git repository (or any parent up to mount point /local)
Stopping at filesystem boundary (GIT_DISCOVERY_ACROSS_FILESYSTEM not set).
fatal: not a git repository (or any parent up to mount point /local)
Stopping at filesystem boundary (GIT_DISCOVERY_ACROSS_FILESYSTEM not set).
rep 1/1: complete export=s e2e=19.600955277s 504927346 bytes syscr=8864650 pread64=2633 io_uring_enter=0 read_bytes=0 cpu_s=23.760000
[2026-10-07T09:00:47Z] pr3528-H-vocab-label-large-de-warm-b16384-r1024-r5 digest {"bytes": 504927346, "lines": 4515802, "multiset": "75eb7a67996ae056829a3d17083d349b", "xxh3_128": "667b4be896acd8fd34c3a99219789510"}
[2026-10-07T09:00:48Z] pr3528-H-vocab-label-large-de-warm-b16384-r1024-r5 done
fatal: not a git repository (or any parent up to mount point /local)
Stopping at filesystem boundary (GIT_DISCOVERY_ACROSS_FILESYSTEM not set).
fatal: not a git repository (or any parent up to mount point /local)
Stopping at filesystem boundary (GIT_DISCOVERY_ACROSS_FILESYSTEM not set).
fatal: not a git repository (or any parent up to mount point /local)
Stopping at filesystem boundary (GIT_DISCOVERY_ACROSS_FILESYSTEM not set).
fatal: not a git repository (or any parent up to mount point /local)
Stopping at filesystem boundary (GIT_DISCOVERY_ACROSS_FILESYSTEM not set).
fatal: not a git repository (or any parent up to mount point /local)
Stopping at filesystem boundary (GIT_DISCOVERY_ACROSS_FILESYSTEM not set).
rep 1/1: complete export=s e2e=23.168511466s 504927346 bytes syscr=8881582 pread64=2633 io_uring_enter=0 read_bytes=0 cpu_s=27.330000
[2026-10-07T09:02:22Z] pr3528-H-vocab-label-large-de-warm-b1024-r256-r5 digest {"bytes": 504927346, "lines": 4515802, "multiset": "75eb7a67996ae056829a3d17083d349b", "xxh3_128": "667b4be896acd8fd34c3a99219789510"}
[2026-10-07T09:02:22Z] pr3528-H-vocab-label-large-de-warm-b1024-r256-r5 done
fatal: not a git repository (or any parent up to mount point /local)
Stopping at filesystem boundary (GIT_DISCOVERY_ACROSS_FILESYSTEM not set).
fatal: not a git repository (or any parent up to mount point /local)
Stopping at filesystem boundary (GIT_DISCOVERY_ACROSS_FILESYSTEM not set).
fatal: not a git repository (or any parent up to mount point /local)
Stopping at filesystem boundary (GIT_DISCOVERY_ACROSS_FILESYSTEM not set).
fatal: not a git repository (or any parent up to mount point /local)
Stopping at filesystem boundary (GIT_DISCOVERY_ACROSS_FILESYSTEM not set).
fatal: not a git repository (or any parent up to mount point /local)
Stopping at filesystem boundary (GIT_DISCOVERY_ACROSS_FILESYSTEM not set).
rep 1/1: complete export=s e2e=19.610100304s 504927346 bytes syscr=8864650 pread64=2633 io_uring_enter=0 read_bytes=0 cpu_s=23.780000
[2026-10-07T09:03:48Z] pr3528-H-vocab-label-large-de-warm-b16384-r1024-r6 digest {"bytes": 504927346, "lines": 4515802, "multiset": "75eb7a67996ae056829a3d17083d349b", "xxh3_128": "667b4be896acd8fd34c3a99219789510"}
[2026-10-07T09:03:48Z] pr3528-H-vocab-label-large-de-warm-b16384-r1024-r6 done
fatal: not a git repository (or any parent up to mount point /local)
Stopping at filesystem boundary (GIT_DISCOVERY_ACROSS_FILESYSTEM not set).
fatal: not a git repository (or any parent up to mount point /local)
Stopping at filesystem boundary (GIT_DISCOVERY_ACROSS_FILESYSTEM not set).
fatal: not a git repository (or any parent up to mount point /local)
Stopping at filesystem boundary (GIT_DISCOVERY_ACROSS_FILESYSTEM not set).
fatal: not a git repository (or any parent up to mount point /local)
Stopping at filesystem boundary (GIT_DISCOVERY_ACROSS_FILESYSTEM not set).
fatal: not a git repository (or any parent up to mount point /local)
Stopping at filesystem boundary (GIT_DISCOVERY_ACROSS_FILESYSTEM not set).
rep 1/1: complete export=s e2e=23.318948687s 504927346 bytes syscr=8881582 pread64=2633 io_uring_enter=0 read_bytes=0 cpu_s=27.540000
[2026-10-07T09:05:23Z] pr3528-H-vocab-label-large-de-warm-b1024-r256-r6 digest {"bytes": 504927346, "lines": 4515802, "multiset": "75eb7a67996ae056829a3d17083d349b", "xxh3_128": "667b4be896acd8fd34c3a99219789510"}
[2026-10-07T09:05:23Z] pr3528-H-vocab-label-large-de-warm-b1024-r256-r6 done
fatal: not a git repository (or any parent up to mount point /local)
Stopping at filesystem boundary (GIT_DISCOVERY_ACROSS_FILESYSTEM not set).
fatal: not a git repository (or any parent up to mount point /local)
Stopping at filesystem boundary (GIT_DISCOVERY_ACROSS_FILESYSTEM not set).
fatal: not a git repository (or any parent up to mount point /local)
Stopping at filesystem boundary (GIT_DISCOVERY_ACROSS_FILESYSTEM not set).
fatal: not a git repository (or any parent up to mount point /local)
Stopping at filesystem boundary (GIT_DISCOVERY_ACROSS_FILESYSTEM not set).
fatal: not a git repository (or any parent up to mount point /local)
Stopping at filesystem boundary (GIT_DISCOVERY_ACROSS_FILESYSTEM not set).
rep 1/1: complete export=s e2e=19.828879879s 504927346 bytes syscr=8864650 pread64=2633 io_uring_enter=0 read_bytes=0 cpu_s=24.080000
[2026-10-07T09:06:51Z] pr3528-H-vocab-label-large-de-warm-b16384-r256-r6 digest {"bytes": 504927346, "lines": 4515802, "multiset": "75eb7a67996ae056829a3d17083d349b", "xxh3_128": "667b4be896acd8fd34c3a99219789510"}
[2026-10-07T09:06:51Z] pr3528-H-vocab-label-large-de-warm-b16384-r256-r6 done
fatal: not a git repository (or any parent up to mount point /local)
Stopping at filesystem boundary (GIT_DISCOVERY_ACROSS_FILESYSTEM not set).
fatal: not a git repository (or any parent up to mount point /local)
Stopping at filesystem boundary (GIT_DISCOVERY_ACROSS_FILESYSTEM not set).
fatal: not a git repository (or any parent up to mount point /local)
Stopping at filesystem boundary (GIT_DISCOVERY_ACROSS_FILESYSTEM not set).
fatal: not a git repository (or any parent up to mount point /local)
Stopping at filesystem boundary (GIT_DISCOVERY_ACROSS_FILESYSTEM not set).
fatal: not a git repository (or any parent up to mount point /local)
Stopping at filesystem boundary (GIT_DISCOVERY_ACROSS_FILESYSTEM not set).
rep 1/1: complete export=s e2e=23.477038338s 504927346 bytes syscr=8881582 pread64=2633 io_uring_enter=0 read_bytes=0 cpu_s=27.710000
[2026-10-07T09:08:26Z] pr3528-H-vocab-label-large-de-warm-b1024-r256-r7 digest {"bytes": 504927346, "lines": 4515802, "multiset": "75eb7a67996ae056829a3d17083d349b", "xxh3_128": "667b4be896acd8fd34c3a99219789510"}
[2026-10-07T09:08:26Z] pr3528-H-vocab-label-large-de-warm-b1024-r256-r7 done
fatal: not a git repository (or any parent up to mount point /local)
Stopping at filesystem boundary (GIT_DISCOVERY_ACROSS_FILESYSTEM not set).
fatal: not a git repository (or any parent up to mount point /local)
Stopping at filesystem boundary (GIT_DISCOVERY_ACROSS_FILESYSTEM not set).
fatal: not a git repository (or any parent up to mount point /local)
Stopping at filesystem boundary (GIT_DISCOVERY_ACROSS_FILESYSTEM not set).
fatal: not a git repository (or any parent up to mount point /local)
Stopping at filesystem boundary (GIT_DISCOVERY_ACROSS_FILESYSTEM not set).
fatal: not a git repository (or any parent up to mount point /local)
Stopping at filesystem boundary (GIT_DISCOVERY_ACROSS_FILESYSTEM not set).
rep 1/1: complete export=s e2e=19.622387726s 504927346 bytes syscr=8864650 pread64=2633 io_uring_enter=0 read_bytes=0 cpu_s=23.840000
[2026-10-07T09:09:52Z] pr3528-H-vocab-label-large-de-warm-b16384-r256-r7 digest {"bytes": 504927346, "lines": 4515802, "multiset": "75eb7a67996ae056829a3d17083d349b", "xxh3_128": "667b4be896acd8fd34c3a99219789510"}
[2026-10-07T09:09:53Z] pr3528-H-vocab-label-large-de-warm-b16384-r256-r7 done
fatal: not a git repository (or any parent up to mount point /local)
Stopping at filesystem boundary (GIT_DISCOVERY_ACROSS_FILESYSTEM not set).
fatal: not a git repository (or any parent up to mount point /local)
Stopping at filesystem boundary (GIT_DISCOVERY_ACROSS_FILESYSTEM not set).
fatal: not a git repository (or any parent up to mount point /local)
Stopping at filesystem boundary (GIT_DISCOVERY_ACROSS_FILESYSTEM not set).
fatal: not a git repository (or any parent up to mount point /local)
Stopping at filesystem boundary (GIT_DISCOVERY_ACROSS_FILESYSTEM not set).
fatal: not a git repository (or any parent up to mount point /local)
Stopping at filesystem boundary (GIT_DISCOVERY_ACROSS_FILESYSTEM not set).
rep 1/1: complete export=s e2e=19.862723259s 504927346 bytes syscr=8864650 pread64=2633 io_uring_enter=0 read_bytes=0 cpu_s=24.040000
[2026-10-07T09:11:19Z] pr3528-H-vocab-label-large-de-warm-b16384-r1024-r7 digest {"bytes": 504927346, "lines": 4515802, "multiset": "75eb7a67996ae056829a3d17083d349b", "xxh3_128": "667b4be896acd8fd34c3a99219789510"}
[2026-10-07T09:11:19Z] pr3528-H-vocab-label-large-de-warm-b16384-r1024-r7 done
fatal: not a git repository (or any parent up to mount point /local)
Stopping at filesystem boundary (GIT_DISCOVERY_ACROSS_FILESYSTEM not set).
fatal: not a git repository (or any parent up to mount point /local)
Stopping at filesystem boundary (GIT_DISCOVERY_ACROSS_FILESYSTEM not set).
fatal: not a git repository (or any parent up to mount point /local)
Stopping at filesystem boundary (GIT_DISCOVERY_ACROSS_FILESYSTEM not set).
fatal: not a git repository (or any parent up to mount point /local)
Stopping at filesystem boundary (GIT_DISCOVERY_ACROSS_FILESYSTEM not set).
fatal: not a git repository (or any parent up to mount point /local)
Stopping at filesystem boundary (GIT_DISCOVERY_ACROSS_FILESYSTEM not set).
rep 1/1: complete export=s e2e=19.801826925s 504927346 bytes syscr=8864650 pread64=2633 io_uring_enter=0 read_bytes=0 cpu_s=23.980000
[2026-10-07T09:12:47Z] pr3528-H-vocab-label-large-de-warm-b16384-r256-r8 digest {"bytes": 504927346, "lines": 4515802, "multiset": "75eb7a67996ae056829a3d17083d349b", "xxh3_128": "667b4be896acd8fd34c3a99219789510"}
[2026-10-07T09:12:47Z] pr3528-H-vocab-label-large-de-warm-b16384-r256-r8 done
fatal: not a git repository (or any parent up to mount point /local)
Stopping at filesystem boundary (GIT_DISCOVERY_ACROSS_FILESYSTEM not set).
fatal: not a git repository (or any parent up to mount point /local)
Stopping at filesystem boundary (GIT_DISCOVERY_ACROSS_FILESYSTEM not set).
fatal: not a git repository (or any parent up to mount point /local)
Stopping at filesystem boundary (GIT_DISCOVERY_ACROSS_FILESYSTEM not set).
fatal: not a git repository (or any parent up to mount point /local)
Stopping at filesystem boundary (GIT_DISCOVERY_ACROSS_FILESYSTEM not set).
fatal: not a git repository (or any parent up to mount point /local)
Stopping at filesystem boundary (GIT_DISCOVERY_ACROSS_FILESYSTEM not set).
rep 1/1: complete export=s e2e=19.697167773s 504927346 bytes syscr=8864650 pread64=2633 io_uring_enter=0 read_bytes=0 cpu_s=23.830000
[2026-10-07T09:14:13Z] pr3528-H-vocab-label-large-de-warm-b16384-r1024-r8 digest {"bytes": 504927346, "lines": 4515802, "multiset": "75eb7a67996ae056829a3d17083d349b", "xxh3_128": "667b4be896acd8fd34c3a99219789510"}
[2026-10-07T09:14:13Z] pr3528-H-vocab-label-large-de-warm-b16384-r1024-r8 done
fatal: not a git repository (or any parent up to mount point /local)
Stopping at filesystem boundary (GIT_DISCOVERY_ACROSS_FILESYSTEM not set).
fatal: not a git repository (or any parent up to mount point /local)
Stopping at filesystem boundary (GIT_DISCOVERY_ACROSS_FILESYSTEM not set).
fatal: not a git repository (or any parent up to mount point /local)
Stopping at filesystem boundary (GIT_DISCOVERY_ACROSS_FILESYSTEM not set).
fatal: not a git repository (or any parent up to mount point /local)
Stopping at filesystem boundary (GIT_DISCOVERY_ACROSS_FILESYSTEM not set).
fatal: not a git repository (or any parent up to mount point /local)
Stopping at filesystem boundary (GIT_DISCOVERY_ACROSS_FILESYSTEM not set).
rep 1/1: complete export=s e2e=23.183509604s 504927346 bytes syscr=8881582 pread64=2633 io_uring_enter=0 read_bytes=0 cpu_s=27.320000
[2026-10-07T09:15:48Z] pr3528-H-vocab-label-large-de-warm-b1024-r256-r8 digest {"bytes": 504927346, "lines": 4515802, "multiset": "75eb7a67996ae056829a3d17083d349b", "xxh3_128": "667b4be896acd8fd34c3a99219789510"}
[2026-10-07T09:15:48Z] pr3528-H-vocab-label-large-de-warm-b1024-r256-r8 done
fatal: not a git repository (or any parent up to mount point /local)
Stopping at filesystem boundary (GIT_DISCOVERY_ACROSS_FILESYSTEM not set).
fatal: not a git repository (or any parent up to mount point /local)
Stopping at filesystem boundary (GIT_DISCOVERY_ACROSS_FILESYSTEM not set).
fatal: not a git repository (or any parent up to mount point /local)
Stopping at filesystem boundary (GIT_DISCOVERY_ACROSS_FILESYSTEM not set).
fatal: not a git repository (or any parent up to mount point /local)
Stopping at filesystem boundary (GIT_DISCOVERY_ACROSS_FILESYSTEM not set).
fatal: not a git repository (or any parent up to mount point /local)
Stopping at filesystem boundary (GIT_DISCOVERY_ACROSS_FILESYSTEM not set).
rep 1/1: complete export=s e2e=17.406943201s 504927346 bytes syscr=8864646 pread64=2633 io_uring_enter=0 read_bytes=0 cpu_s=21.230000
[2026-10-07T09:17:06Z] pr3528-H-vocab-label-large-de-warm-b16384-r1024-r9 digest {"bytes": 504927346, "lines": 4515802, "multiset": "75eb7a67996ae056829a3d17083d349b", "xxh3_128": "667b4be896acd8fd34c3a99219789510"}
[2026-10-07T09:17:06Z] pr3528-H-vocab-label-large-de-warm-b16384-r1024-r9 done
fatal: not a git repository (or any parent up to mount point /local)
Stopping at filesystem boundary (GIT_DISCOVERY_ACROSS_FILESYSTEM not set).
fatal: not a git repository (or any parent up to mount point /local)
Stopping at filesystem boundary (GIT_DISCOVERY_ACROSS_FILESYSTEM not set).
fatal: not a git repository (or any parent up to mount point /local)
Stopping at filesystem boundary (GIT_DISCOVERY_ACROSS_FILESYSTEM not set).
fatal: not a git repository (or any parent up to mount point /local)
Stopping at filesystem boundary (GIT_DISCOVERY_ACROSS_FILESYSTEM not set).
fatal: not a git repository (or any parent up to mount point /local)
Stopping at filesystem boundary (GIT_DISCOVERY_ACROSS_FILESYSTEM not set).
rep 1/1: complete export=s e2e=20.145784615s 504927346 bytes syscr=8881574 pread64=2633 io_uring_enter=0 read_bytes=0 cpu_s=23.970000
[2026-10-07T09:18:30Z] pr3528-H-vocab-label-large-de-warm-b1024-r256-r9 digest {"bytes": 504927346, "lines": 4515802, "multiset": "75eb7a67996ae056829a3d17083d349b", "xxh3_128": "667b4be896acd8fd34c3a99219789510"}
[2026-10-07T09:18:30Z] pr3528-H-vocab-label-large-de-warm-b1024-r256-r9 done
fatal: not a git repository (or any parent up to mount point /local)
Stopping at filesystem boundary (GIT_DISCOVERY_ACROSS_FILESYSTEM not set).
fatal: not a git repository (or any parent up to mount point /local)
Stopping at filesystem boundary (GIT_DISCOVERY_ACROSS_FILESYSTEM not set).
fatal: not a git repository (or any parent up to mount point /local)
Stopping at filesystem boundary (GIT_DISCOVERY_ACROSS_FILESYSTEM not set).
fatal: not a git repository (or any parent up to mount point /local)
Stopping at filesystem boundary (GIT_DISCOVERY_ACROSS_FILESYSTEM not set).
fatal: not a git repository (or any parent up to mount point /local)
Stopping at filesystem boundary (GIT_DISCOVERY_ACROSS_FILESYSTEM not set).
rep 1/1: complete export=s e2e=16.503296970s 504927346 bytes syscr=8864642 pread64=2633 io_uring_enter=0 read_bytes=0 cpu_s=20.180000
[2026-10-07T09:19:45Z] pr3528-H-vocab-label-large-de-warm-b16384-r256-r9 digest {"bytes": 504927346, "lines": 4515802, "multiset": "75eb7a67996ae056829a3d17083d349b", "xxh3_128": "667b4be896acd8fd34c3a99219789510"}
[2026-10-07T09:19:45Z] pr3528-H-vocab-label-large-de-warm-b16384-r256-r9 done
fatal: not a git repository (or any parent up to mount point /local)
Stopping at filesystem boundary (GIT_DISCOVERY_ACROSS_FILESYSTEM not set).
fatal: not a git repository (or any parent up to mount point /local)
Stopping at filesystem boundary (GIT_DISCOVERY_ACROSS_FILESYSTEM not set).
fatal: not a git repository (or any parent up to mount point /local)
Stopping at filesystem boundary (GIT_DISCOVERY_ACROSS_FILESYSTEM not set).
fatal: not a git repository (or any parent up to mount point /local)
Stopping at filesystem boundary (GIT_DISCOVERY_ACROSS_FILESYSTEM not set).
fatal: not a git repository (or any parent up to mount point /local)
Stopping at filesystem boundary (GIT_DISCOVERY_ACROSS_FILESYSTEM not set).
rep 1/1: complete export=s e2e=19.345972472s 504927346 bytes syscr=8881574 pread64=2633 io_uring_enter=0 read_bytes=0 cpu_s=23.060000
[2026-10-07T09:21:04Z] pr3528-H-vocab-label-large-de-warm-b1024-r256-r10 digest {"bytes": 504927346, "lines": 4515802, "multiset": "75eb7a67996ae056829a3d17083d349b", "xxh3_128": "667b4be896acd8fd34c3a99219789510"}
[2026-10-07T09:21:04Z] pr3528-H-vocab-label-large-de-warm-b1024-r256-r10 done
fatal: not a git repository (or any parent up to mount point /local)
Stopping at filesystem boundary (GIT_DISCOVERY_ACROSS_FILESYSTEM not set).
fatal: not a git repository (or any parent up to mount point /local)
Stopping at filesystem boundary (GIT_DISCOVERY_ACROSS_FILESYSTEM not set).
fatal: not a git repository (or any parent up to mount point /local)
Stopping at filesystem boundary (GIT_DISCOVERY_ACROSS_FILESYSTEM not set).
fatal: not a git repository (or any parent up to mount point /local)
Stopping at filesystem boundary (GIT_DISCOVERY_ACROSS_FILESYSTEM not set).
fatal: not a git repository (or any parent up to mount point /local)
Stopping at filesystem boundary (GIT_DISCOVERY_ACROSS_FILESYSTEM not set).
rep 1/1: complete export=s e2e=14.849314359s 504927346 bytes syscr=8864642 pread64=2633 io_uring_enter=0 read_bytes=0 cpu_s=18.550000
[2026-10-07T09:22:13Z] pr3528-H-vocab-label-large-de-warm-b16384-r256-r10 digest {"bytes": 504927346, "lines": 4515802, "multiset": "75eb7a67996ae056829a3d17083d349b", "xxh3_128": "667b4be896acd8fd34c3a99219789510"}
[2026-10-07T09:22:13Z] pr3528-H-vocab-label-large-de-warm-b16384-r256-r10 done
fatal: not a git repository (or any parent up to mount point /local)
Stopping at filesystem boundary (GIT_DISCOVERY_ACROSS_FILESYSTEM not set).
fatal: not a git repository (or any parent up to mount point /local)
Stopping at filesystem boundary (GIT_DISCOVERY_ACROSS_FILESYSTEM not set).
fatal: not a git repository (or any parent up to mount point /local)
Stopping at filesystem boundary (GIT_DISCOVERY_ACROSS_FILESYSTEM not set).
fatal: not a git repository (or any parent up to mount point /local)
Stopping at filesystem boundary (GIT_DISCOVERY_ACROSS_FILESYSTEM not set).
fatal: not a git repository (or any parent up to mount point /local)
Stopping at filesystem boundary (GIT_DISCOVERY_ACROSS_FILESYSTEM not set).
rep 1/1: complete export=s e2e=20.132374701s 504927346 bytes syscr=8864650 pread64=2633 io_uring_enter=0 read_bytes=0 cpu_s=24.430000
[2026-10-07T09:23:35Z] pr3528-H-vocab-label-large-de-warm-b16384-r1024-r10 digest {"bytes": 504927346, "lines": 4515802, "multiset": "75eb7a67996ae056829a3d17083d349b", "xxh3_128": "667b4be896acd8fd34c3a99219789510"}
[2026-10-07T09:23:35Z] pr3528-H-vocab-label-large-de-warm-b16384-r1024-r10 done
Caches dropped successfully (synced, then wrote 1
 to /proc/sys/vm/drop_caches).
fatal: not a git repository (or any parent up to mount point /local)
Stopping at filesystem boundary (GIT_DISCOVERY_ACROSS_FILESYSTEM not set).
fatal: not a git repository (or any parent up to mount point /local)
Stopping at filesystem boundary (GIT_DISCOVERY_ACROSS_FILESYSTEM not set).
fatal: not a git repository (or any parent up to mount point /local)
Stopping at filesystem boundary (GIT_DISCOVERY_ACROSS_FILESYSTEM not set).
fatal: not a git repository (or any parent up to mount point /local)
Stopping at filesystem boundary (GIT_DISCOVERY_ACROSS_FILESYSTEM not set).
fatal: not a git repository (or any parent up to mount point /local)
Stopping at filesystem boundary (GIT_DISCOVERY_ACROSS_FILESYSTEM not set).
rep 1/1: complete export=s e2e=15.074892585s 19297737 bytes syscr=1550682 pread64=1201735 io_uring_enter=173695 read_bytes=2992893952 cpu_s=10.990000
[2026-10-07T09:24:29Z] pr3528-H-vocab-random-label-de-200k-cold-b1024-r256-r1 digest {"bytes": 19297737, "lines": 177845, "multiset": "f37756d7d28605fce036cc80f489bdb0", "xxh3_128": "1ad67f5d778a56661d17804e27bc74f9"}
[2026-10-07T09:24:29Z] pr3528-H-vocab-random-label-de-200k-cold-b1024-r256-r1 done
Caches dropped successfully (synced, then wrote 1
 to /proc/sys/vm/drop_caches).
fatal: not a git repository (or any parent up to mount point /local)
Stopping at filesystem boundary (GIT_DISCOVERY_ACROSS_FILESYSTEM not set).
fatal: not a git repository (or any parent up to mount point /local)
Stopping at filesystem boundary (GIT_DISCOVERY_ACROSS_FILESYSTEM not set).
fatal: not a git repository (or any parent up to mount point /local)
Stopping at filesystem boundary (GIT_DISCOVERY_ACROSS_FILESYSTEM not set).
fatal: not a git repository (or any parent up to mount point /local)
Stopping at filesystem boundary (GIT_DISCOVERY_ACROSS_FILESYSTEM not set).
fatal: not a git repository (or any parent up to mount point /local)
Stopping at filesystem boundary (GIT_DISCOVERY_ACROSS_FILESYSTEM not set).
rep 1/1: complete export=s e2e=14.216205536s 19297737 bytes syscr=1547844 pread64=1201735 io_uring_enter=255040 read_bytes=3379744768 cpu_s=10.730000
[2026-10-07T09:25:23Z] pr3528-H-vocab-random-label-de-200k-cold-b16384-r256-r1 digest {"bytes": 19297737, "lines": 177845, "multiset": "f37756d7d28605fce036cc80f489bdb0", "xxh3_128": "1ad67f5d778a56661d17804e27bc74f9"}
[2026-10-07T09:25:23Z] pr3528-H-vocab-random-label-de-200k-cold-b16384-r256-r1 done
Caches dropped successfully (synced, then wrote 1
 to /proc/sys/vm/drop_caches).
fatal: not a git repository (or any parent up to mount point /local)
Stopping at filesystem boundary (GIT_DISCOVERY_ACROSS_FILESYSTEM not set).
fatal: not a git repository (or any parent up to mount point /local)
Stopping at filesystem boundary (GIT_DISCOVERY_ACROSS_FILESYSTEM not set).
fatal: not a git repository (or any parent up to mount point /local)
Stopping at filesystem boundary (GIT_DISCOVERY_ACROSS_FILESYSTEM not set).
fatal: not a git repository (or any parent up to mount point /local)
Stopping at filesystem boundary (GIT_DISCOVERY_ACROSS_FILESYSTEM not set).
fatal: not a git repository (or any parent up to mount point /local)
Stopping at filesystem boundary (GIT_DISCOVERY_ACROSS_FILESYSTEM not set).
rep 1/1: complete export=s e2e=13.097818180s 19297737 bytes syscr=1547844 pread64=1201735 io_uring_enter=236665 read_bytes=3379744768 cpu_s=9.910000
[2026-10-07T09:26:15Z] pr3528-H-vocab-random-label-de-200k-cold-b16384-r1024-r1 digest {"bytes": 19297737, "lines": 177845, "multiset": "f37756d7d28605fce036cc80f489bdb0", "xxh3_128": "1ad67f5d778a56661d17804e27bc74f9"}
[2026-10-07T09:26:15Z] pr3528-H-vocab-random-label-de-200k-cold-b16384-r1024-r1 done
Caches dropped successfully (synced, then wrote 1
 to /proc/sys/vm/drop_caches).
fatal: not a git repository (or any parent up to mount point /local)
Stopping at filesystem boundary (GIT_DISCOVERY_ACROSS_FILESYSTEM not set).
fatal: not a git repository (or any parent up to mount point /local)
Stopping at filesystem boundary (GIT_DISCOVERY_ACROSS_FILESYSTEM not set).
fatal: not a git repository (or any parent up to mount point /local)
Stopping at filesystem boundary (GIT_DISCOVERY_ACROSS_FILESYSTEM not set).
fatal: not a git repository (or any parent up to mount point /local)
Stopping at filesystem boundary (GIT_DISCOVERY_ACROSS_FILESYSTEM not set).
fatal: not a git repository (or any parent up to mount point /local)
Stopping at filesystem boundary (GIT_DISCOVERY_ACROSS_FILESYSTEM not set).
rep 1/1: complete export=s e2e=13.692808916s 19297737 bytes syscr=1547844 pread64=1201735 io_uring_enter=255491 read_bytes=3379744768 cpu_s=10.330000
[2026-10-07T09:27:08Z] pr3528-H-vocab-random-label-de-200k-cold-b16384-r256-r2 digest {"bytes": 19297737, "lines": 177845, "multiset": "f37756d7d28605fce036cc80f489bdb0", "xxh3_128": "1ad67f5d778a56661d17804e27bc74f9"}
[2026-10-07T09:27:08Z] pr3528-H-vocab-random-label-de-200k-cold-b16384-r256-r2 done
Caches dropped successfully (synced, then wrote 1
 to /proc/sys/vm/drop_caches).
fatal: not a git repository (or any parent up to mount point /local)
Stopping at filesystem boundary (GIT_DISCOVERY_ACROSS_FILESYSTEM not set).
fatal: not a git repository (or any parent up to mount point /local)
Stopping at filesystem boundary (GIT_DISCOVERY_ACROSS_FILESYSTEM not set).
fatal: not a git repository (or any parent up to mount point /local)
Stopping at filesystem boundary (GIT_DISCOVERY_ACROSS_FILESYSTEM not set).
fatal: not a git repository (or any parent up to mount point /local)
Stopping at filesystem boundary (GIT_DISCOVERY_ACROSS_FILESYSTEM not set).
fatal: not a git repository (or any parent up to mount point /local)
Stopping at filesystem boundary (GIT_DISCOVERY_ACROSS_FILESYSTEM not set).
rep 1/1: complete export=s e2e=12.453083279s 19297737 bytes syscr=1547840 pread64=1201735 io_uring_enter=237878 read_bytes=3379744768 cpu_s=9.410000
[2026-10-07T09:27:59Z] pr3528-H-vocab-random-label-de-200k-cold-b16384-r1024-r2 digest {"bytes": 19297737, "lines": 177845, "multiset": "f37756d7d28605fce036cc80f489bdb0", "xxh3_128": "1ad67f5d778a56661d17804e27bc74f9"}
[2026-10-07T09:28:00Z] pr3528-H-vocab-random-label-de-200k-cold-b16384-r1024-r2 done
Caches dropped successfully (synced, then wrote 1
 to /proc/sys/vm/drop_caches).
fatal: not a git repository (or any parent up to mount point /local)
Stopping at filesystem boundary (GIT_DISCOVERY_ACROSS_FILESYSTEM not set).
fatal: not a git repository (or any parent up to mount point /local)
Stopping at filesystem boundary (GIT_DISCOVERY_ACROSS_FILESYSTEM not set).
fatal: not a git repository (or any parent up to mount point /local)
Stopping at filesystem boundary (GIT_DISCOVERY_ACROSS_FILESYSTEM not set).
fatal: not a git repository (or any parent up to mount point /local)
Stopping at filesystem boundary (GIT_DISCOVERY_ACROSS_FILESYSTEM not set).
fatal: not a git repository (or any parent up to mount point /local)
Stopping at filesystem boundary (GIT_DISCOVERY_ACROSS_FILESYSTEM not set).
rep 1/1: complete export=s e2e=13.374106243s 19297737 bytes syscr=1550678 pread64=1201735 io_uring_enter=173644 read_bytes=2992893952 cpu_s=10.500000
[2026-10-07T09:28:51Z] pr3528-H-vocab-random-label-de-200k-cold-b1024-r256-r2 digest {"bytes": 19297737, "lines": 177845, "multiset": "f37756d7d28605fce036cc80f489bdb0", "xxh3_128": "1ad67f5d778a56661d17804e27bc74f9"}
[2026-10-07T09:28:51Z] pr3528-H-vocab-random-label-de-200k-cold-b1024-r256-r2 done
Caches dropped successfully (synced, then wrote 1
 to /proc/sys/vm/drop_caches).
fatal: not a git repository (or any parent up to mount point /local)
Stopping at filesystem boundary (GIT_DISCOVERY_ACROSS_FILESYSTEM not set).
fatal: not a git repository (or any parent up to mount point /local)
Stopping at filesystem boundary (GIT_DISCOVERY_ACROSS_FILESYSTEM not set).
fatal: not a git repository (or any parent up to mount point /local)
Stopping at filesystem boundary (GIT_DISCOVERY_ACROSS_FILESYSTEM not set).
fatal: not a git repository (or any parent up to mount point /local)
Stopping at filesystem boundary (GIT_DISCOVERY_ACROSS_FILESYSTEM not set).
fatal: not a git repository (or any parent up to mount point /local)
Stopping at filesystem boundary (GIT_DISCOVERY_ACROSS_FILESYSTEM not set).
rep 1/1: complete export=s e2e=10.657809009s 19297737 bytes syscr=1547836 pread64=1201735 io_uring_enter=238934 read_bytes=3379744768 cpu_s=7.860000
[2026-10-07T09:29:35Z] pr3528-H-vocab-random-label-de-200k-cold-b16384-r1024-r3 digest {"bytes": 19297737, "lines": 177845, "multiset": "f37756d7d28605fce036cc80f489bdb0", "xxh3_128": "1ad67f5d778a56661d17804e27bc74f9"}
[2026-10-07T09:29:35Z] pr3528-H-vocab-random-label-de-200k-cold-b16384-r1024-r3 done
Caches dropped successfully (synced, then wrote 1
 to /proc/sys/vm/drop_caches).
fatal: not a git repository (or any parent up to mount point /local)
Stopping at filesystem boundary (GIT_DISCOVERY_ACROSS_FILESYSTEM not set).
fatal: not a git repository (or any parent up to mount point /local)
Stopping at filesystem boundary (GIT_DISCOVERY_ACROSS_FILESYSTEM not set).
fatal: not a git repository (or any parent up to mount point /local)
Stopping at filesystem boundary (GIT_DISCOVERY_ACROSS_FILESYSTEM not set).
fatal: not a git repository (or any parent up to mount point /local)
Stopping at filesystem boundary (GIT_DISCOVERY_ACROSS_FILESYSTEM not set).
fatal: not a git repository (or any parent up to mount point /local)
Stopping at filesystem boundary (GIT_DISCOVERY_ACROSS_FILESYSTEM not set).
rep 1/1: complete export=s e2e=14.116729931s 19297737 bytes syscr=1550682 pread64=1201735 io_uring_enter=174043 read_bytes=2992893952 cpu_s=10.050000
[2026-10-07T09:30:28Z] pr3528-H-vocab-random-label-de-200k-cold-b1024-r256-r3 digest {"bytes": 19297737, "lines": 177845, "multiset": "f37756d7d28605fce036cc80f489bdb0", "xxh3_128": "1ad67f5d778a56661d17804e27bc74f9"}
[2026-10-07T09:30:28Z] pr3528-H-vocab-random-label-de-200k-cold-b1024-r256-r3 done
Caches dropped successfully (synced, then wrote 1
 to /proc/sys/vm/drop_caches).
fatal: not a git repository (or any parent up to mount point /local)
Stopping at filesystem boundary (GIT_DISCOVERY_ACROSS_FILESYSTEM not set).
fatal: not a git repository (or any parent up to mount point /local)
Stopping at filesystem boundary (GIT_DISCOVERY_ACROSS_FILESYSTEM not set).
fatal: not a git repository (or any parent up to mount point /local)
Stopping at filesystem boundary (GIT_DISCOVERY_ACROSS_FILESYSTEM not set).
fatal: not a git repository (or any parent up to mount point /local)
Stopping at filesystem boundary (GIT_DISCOVERY_ACROSS_FILESYSTEM not set).
fatal: not a git repository (or any parent up to mount point /local)
Stopping at filesystem boundary (GIT_DISCOVERY_ACROSS_FILESYSTEM not set).
rep 1/1: complete export=s e2e=14.666608791s 19297737 bytes syscr=1547844 pread64=1201735 io_uring_enter=254572 read_bytes=3379744768 cpu_s=10.660000
[2026-10-07T09:31:21Z] pr3528-H-vocab-random-label-de-200k-cold-b16384-r256-r3 digest {"bytes": 19297737, "lines": 177845, "multiset": "f37756d7d28605fce036cc80f489bdb0", "xxh3_128": "1ad67f5d778a56661d17804e27bc74f9"}
[2026-10-07T09:31:21Z] pr3528-H-vocab-random-label-de-200k-cold-b16384-r256-r3 done
Caches dropped successfully (synced, then wrote 1
 to /proc/sys/vm/drop_caches).
fatal: not a git repository (or any parent up to mount point /local)
Stopping at filesystem boundary (GIT_DISCOVERY_ACROSS_FILESYSTEM not set).
fatal: not a git repository (or any parent up to mount point /local)
Stopping at filesystem boundary (GIT_DISCOVERY_ACROSS_FILESYSTEM not set).
fatal: not a git repository (or any parent up to mount point /local)
Stopping at filesystem boundary (GIT_DISCOVERY_ACROSS_FILESYSTEM not set).
fatal: not a git repository (or any parent up to mount point /local)
Stopping at filesystem boundary (GIT_DISCOVERY_ACROSS_FILESYSTEM not set).
fatal: not a git repository (or any parent up to mount point /local)
Stopping at filesystem boundary (GIT_DISCOVERY_ACROSS_FILESYSTEM not set).
rep 1/1: complete export=s e2e=14.653935911s 19297737 bytes syscr=1550682 pread64=1201735 io_uring_enter=173895 read_bytes=2992893952 cpu_s=10.740000
[2026-10-07T09:32:19Z] pr3528-H-vocab-random-label-de-200k-cold-b1024-r256-r4 digest {"bytes": 19297737, "lines": 177845, "multiset": "f37756d7d28605fce036cc80f489bdb0", "xxh3_128": "1ad67f5d778a56661d17804e27bc74f9"}
[2026-10-07T09:32:19Z] pr3528-H-vocab-random-label-de-200k-cold-b1024-r256-r4 done
Caches dropped successfully (synced, then wrote 1
 to /proc/sys/vm/drop_caches).
fatal: not a git repository (or any parent up to mount point /local)
Stopping at filesystem boundary (GIT_DISCOVERY_ACROSS_FILESYSTEM not set).
fatal: not a git repository (or any parent up to mount point /local)
Stopping at filesystem boundary (GIT_DISCOVERY_ACROSS_FILESYSTEM not set).
fatal: not a git repository (or any parent up to mount point /local)
Stopping at filesystem boundary (GIT_DISCOVERY_ACROSS_FILESYSTEM not set).
fatal: not a git repository (or any parent up to mount point /local)
Stopping at filesystem boundary (GIT_DISCOVERY_ACROSS_FILESYSTEM not set).
fatal: not a git repository (or any parent up to mount point /local)
Stopping at filesystem boundary (GIT_DISCOVERY_ACROSS_FILESYSTEM not set).
rep 1/1: complete export=s e2e=14.216420713s 19297737 bytes syscr=1547844 pread64=1201735 io_uring_enter=255065 read_bytes=3379826688 cpu_s=10.310000
[2026-10-07T09:33:14Z] pr3528-H-vocab-random-label-de-200k-cold-b16384-r256-r4 digest {"bytes": 19297737, "lines": 177845, "multiset": "f37756d7d28605fce036cc80f489bdb0", "xxh3_128": "1ad67f5d778a56661d17804e27bc74f9"}
[2026-10-07T09:33:14Z] pr3528-H-vocab-random-label-de-200k-cold-b16384-r256-r4 done
Caches dropped successfully (synced, then wrote 1
 to /proc/sys/vm/drop_caches).
fatal: not a git repository (or any parent up to mount point /local)
Stopping at filesystem boundary (GIT_DISCOVERY_ACROSS_FILESYSTEM not set).
fatal: not a git repository (or any parent up to mount point /local)
Stopping at filesystem boundary (GIT_DISCOVERY_ACROSS_FILESYSTEM not set).
fatal: not a git repository (or any parent up to mount point /local)
Stopping at filesystem boundary (GIT_DISCOVERY_ACROSS_FILESYSTEM not set).
fatal: not a git repository (or any parent up to mount point /local)
Stopping at filesystem boundary (GIT_DISCOVERY_ACROSS_FILESYSTEM not set).
fatal: not a git repository (or any parent up to mount point /local)
Stopping at filesystem boundary (GIT_DISCOVERY_ACROSS_FILESYSTEM not set).
rep 1/1: complete export=s e2e=13.105072992s 19297737 bytes syscr=1547844 pread64=1201735 io_uring_enter=237379 read_bytes=3379744768 cpu_s=9.700000
[2026-10-07T09:34:06Z] pr3528-H-vocab-random-label-de-200k-cold-b16384-r1024-r4 digest {"bytes": 19297737, "lines": 177845, "multiset": "f37756d7d28605fce036cc80f489bdb0", "xxh3_128": "1ad67f5d778a56661d17804e27bc74f9"}
[2026-10-07T09:34:06Z] pr3528-H-vocab-random-label-de-200k-cold-b16384-r1024-r4 done
Caches dropped successfully (synced, then wrote 1
 to /proc/sys/vm/drop_caches).
fatal: not a git repository (or any parent up to mount point /local)
Stopping at filesystem boundary (GIT_DISCOVERY_ACROSS_FILESYSTEM not set).
fatal: not a git repository (or any parent up to mount point /local)
Stopping at filesystem boundary (GIT_DISCOVERY_ACROSS_FILESYSTEM not set).
fatal: not a git repository (or any parent up to mount point /local)
Stopping at filesystem boundary (GIT_DISCOVERY_ACROSS_FILESYSTEM not set).
fatal: not a git repository (or any parent up to mount point /local)
Stopping at filesystem boundary (GIT_DISCOVERY_ACROSS_FILESYSTEM not set).
fatal: not a git repository (or any parent up to mount point /local)
Stopping at filesystem boundary (GIT_DISCOVERY_ACROSS_FILESYSTEM not set).
rep 1/1: complete export=s e2e=14.193658870s 19297737 bytes syscr=1547844 pread64=1201735 io_uring_enter=255083 read_bytes=3379744768 cpu_s=10.460000
[2026-10-07T09:34:57Z] pr3528-H-vocab-random-label-de-200k-cold-b16384-r256-r5 digest {"bytes": 19297737, "lines": 177845, "multiset": "f37756d7d28605fce036cc80f489bdb0", "xxh3_128": "1ad67f5d778a56661d17804e27bc74f9"}
[2026-10-07T09:34:57Z] pr3528-H-vocab-random-label-de-200k-cold-b16384-r256-r5 done
Caches dropped successfully (synced, then wrote 1
 to /proc/sys/vm/drop_caches).
fatal: not a git repository (or any parent up to mount point /local)
Stopping at filesystem boundary (GIT_DISCOVERY_ACROSS_FILESYSTEM not set).
fatal: not a git repository (or any parent up to mount point /local)
Stopping at filesystem boundary (GIT_DISCOVERY_ACROSS_FILESYSTEM not set).
fatal: not a git repository (or any parent up to mount point /local)
Stopping at filesystem boundary (GIT_DISCOVERY_ACROSS_FILESYSTEM not set).
fatal: not a git repository (or any parent up to mount point /local)
Stopping at filesystem boundary (GIT_DISCOVERY_ACROSS_FILESYSTEM not set).
fatal: not a git repository (or any parent up to mount point /local)
Stopping at filesystem boundary (GIT_DISCOVERY_ACROSS_FILESYSTEM not set).
rep 1/1: complete export=s e2e=13.644585628s 19297737 bytes syscr=1547844 pread64=1201735 io_uring_enter=235944 read_bytes=3379744768 cpu_s=10.510000
[2026-10-07T09:35:47Z] pr3528-H-vocab-random-label-de-200k-cold-b16384-r1024-r5 digest {"bytes": 19297737, "lines": 177845, "multiset": "f37756d7d28605fce036cc80f489bdb0", "xxh3_128": "1ad67f5d778a56661d17804e27bc74f9"}
[2026-10-07T09:35:47Z] pr3528-H-vocab-random-label-de-200k-cold-b16384-r1024-r5 done
Caches dropped successfully (synced, then wrote 1
 to /proc/sys/vm/drop_caches).
fatal: not a git repository (or any parent up to mount point /local)
Stopping at filesystem boundary (GIT_DISCOVERY_ACROSS_FILESYSTEM not set).
fatal: not a git repository (or any parent up to mount point /local)
Stopping at filesystem boundary (GIT_DISCOVERY_ACROSS_FILESYSTEM not set).
fatal: not a git repository (or any parent up to mount point /local)
Stopping at filesystem boundary (GIT_DISCOVERY_ACROSS_FILESYSTEM not set).
fatal: not a git repository (or any parent up to mount point /local)
Stopping at filesystem boundary (GIT_DISCOVERY_ACROSS_FILESYSTEM not set).
fatal: not a git repository (or any parent up to mount point /local)
Stopping at filesystem boundary (GIT_DISCOVERY_ACROSS_FILESYSTEM not set).
rep 1/1: complete export=s e2e=10.973926391s 19297737 bytes syscr=1550678 pread64=1201735 io_uring_enter=174419 read_bytes=2992893952 cpu_s=7.990000
[2026-10-07T09:36:30Z] pr3528-H-vocab-random-label-de-200k-cold-b1024-r256-r5 digest {"bytes": 19297737, "lines": 177845, "multiset": "f37756d7d28605fce036cc80f489bdb0", "xxh3_128": "1ad67f5d778a56661d17804e27bc74f9"}
[2026-10-07T09:36:30Z] pr3528-H-vocab-random-label-de-200k-cold-b1024-r256-r5 done
Caches dropped successfully (synced, then wrote 1
 to /proc/sys/vm/drop_caches).
fatal: not a git repository (or any parent up to mount point /local)
Stopping at filesystem boundary (GIT_DISCOVERY_ACROSS_FILESYSTEM not set).
fatal: not a git repository (or any parent up to mount point /local)
Stopping at filesystem boundary (GIT_DISCOVERY_ACROSS_FILESYSTEM not set).
fatal: not a git repository (or any parent up to mount point /local)
Stopping at filesystem boundary (GIT_DISCOVERY_ACROSS_FILESYSTEM not set).
fatal: not a git repository (or any parent up to mount point /local)
Stopping at filesystem boundary (GIT_DISCOVERY_ACROSS_FILESYSTEM not set).
fatal: not a git repository (or any parent up to mount point /local)
Stopping at filesystem boundary (GIT_DISCOVERY_ACROSS_FILESYSTEM not set).
rep 1/1: complete export=s e2e=13.158645655s 19297737 bytes syscr=1547840 pread64=1201735 io_uring_enter=236307 read_bytes=3379744768 cpu_s=10.240000
[2026-10-07T09:37:20Z] pr3528-H-vocab-random-label-de-200k-cold-b16384-r1024-r6 digest {"bytes": 19297737, "lines": 177845, "multiset": "f37756d7d28605fce036cc80f489bdb0", "xxh3_128": "1ad67f5d778a56661d17804e27bc74f9"}
[2026-10-07T09:37:20Z] pr3528-H-vocab-random-label-de-200k-cold-b16384-r1024-r6 done
Caches dropped successfully (synced, then wrote 1
 to /proc/sys/vm/drop_caches).
fatal: not a git repository (or any parent up to mount point /local)
Stopping at filesystem boundary (GIT_DISCOVERY_ACROSS_FILESYSTEM not set).
fatal: not a git repository (or any parent up to mount point /local)
Stopping at filesystem boundary (GIT_DISCOVERY_ACROSS_FILESYSTEM not set).
fatal: not a git repository (or any parent up to mount point /local)
Stopping at filesystem boundary (GIT_DISCOVERY_ACROSS_FILESYSTEM not set).
fatal: not a git repository (or any parent up to mount point /local)
Stopping at filesystem boundary (GIT_DISCOVERY_ACROSS_FILESYSTEM not set).
fatal: not a git repository (or any parent up to mount point /local)
Stopping at filesystem boundary (GIT_DISCOVERY_ACROSS_FILESYSTEM not set).
rep 1/1: complete export=s e2e=13.960860137s 19297737 bytes syscr=1550682 pread64=1201735 io_uring_enter=173891 read_bytes=2992893952 cpu_s=10.790000
[2026-10-07T09:38:14Z] pr3528-H-vocab-random-label-de-200k-cold-b1024-r256-r6 digest {"bytes": 19297737, "lines": 177845, "multiset": "f37756d7d28605fce036cc80f489bdb0", "xxh3_128": "1ad67f5d778a56661d17804e27bc74f9"}
[2026-10-07T09:38:14Z] pr3528-H-vocab-random-label-de-200k-cold-b1024-r256-r6 done
Caches dropped successfully (synced, then wrote 1
 to /proc/sys/vm/drop_caches).
fatal: not a git repository (or any parent up to mount point /local)
Stopping at filesystem boundary (GIT_DISCOVERY_ACROSS_FILESYSTEM not set).
fatal: not a git repository (or any parent up to mount point /local)
Stopping at filesystem boundary (GIT_DISCOVERY_ACROSS_FILESYSTEM not set).
fatal: not a git repository (or any parent up to mount point /local)
Stopping at filesystem boundary (GIT_DISCOVERY_ACROSS_FILESYSTEM not set).
fatal: not a git repository (or any parent up to mount point /local)
Stopping at filesystem boundary (GIT_DISCOVERY_ACROSS_FILESYSTEM not set).
fatal: not a git repository (or any parent up to mount point /local)
Stopping at filesystem boundary (GIT_DISCOVERY_ACROSS_FILESYSTEM not set).
rep 1/1: complete export=s e2e=12.454390639s 19297737 bytes syscr=1547840 pread64=1201735 io_uring_enter=256247 read_bytes=3379744768 cpu_s=9.380000
[2026-10-07T09:39:05Z] pr3528-H-vocab-random-label-de-200k-cold-b16384-r256-r6 digest {"bytes": 19297737, "lines": 177845, "multiset": "f37756d7d28605fce036cc80f489bdb0", "xxh3_128": "1ad67f5d778a56661d17804e27bc74f9"}
[2026-10-07T09:39:05Z] pr3528-H-vocab-random-label-de-200k-cold-b16384-r256-r6 done
Caches dropped successfully (synced, then wrote 1
 to /proc/sys/vm/drop_caches).
fatal: not a git repository (or any parent up to mount point /local)
Stopping at filesystem boundary (GIT_DISCOVERY_ACROSS_FILESYSTEM not set).
fatal: not a git repository (or any parent up to mount point /local)
Stopping at filesystem boundary (GIT_DISCOVERY_ACROSS_FILESYSTEM not set).
fatal: not a git repository (or any parent up to mount point /local)
Stopping at filesystem boundary (GIT_DISCOVERY_ACROSS_FILESYSTEM not set).
fatal: not a git repository (or any parent up to mount point /local)
Stopping at filesystem boundary (GIT_DISCOVERY_ACROSS_FILESYSTEM not set).
fatal: not a git repository (or any parent up to mount point /local)
Stopping at filesystem boundary (GIT_DISCOVERY_ACROSS_FILESYSTEM not set).
rep 1/1: complete export=s e2e=11.318141551s 19297737 bytes syscr=1550678 pread64=1201735 io_uring_enter=173876 read_bytes=2992893952 cpu_s=8.380000
[2026-10-07T09:39:48Z] pr3528-H-vocab-random-label-de-200k-cold-b1024-r256-r7 digest {"bytes": 19297737, "lines": 177845, "multiset": "f37756d7d28605fce036cc80f489bdb0", "xxh3_128": "1ad67f5d778a56661d17804e27bc74f9"}
[2026-10-07T09:39:48Z] pr3528-H-vocab-random-label-de-200k-cold-b1024-r256-r7 done
Caches dropped successfully (synced, then wrote 1
 to /proc/sys/vm/drop_caches).
fatal: not a git repository (or any parent up to mount point /local)
Stopping at filesystem boundary (GIT_DISCOVERY_ACROSS_FILESYSTEM not set).
fatal: not a git repository (or any parent up to mount point /local)
Stopping at filesystem boundary (GIT_DISCOVERY_ACROSS_FILESYSTEM not set).
fatal: not a git repository (or any parent up to mount point /local)
Stopping at filesystem boundary (GIT_DISCOVERY_ACROSS_FILESYSTEM not set).
fatal: not a git repository (or any parent up to mount point /local)
Stopping at filesystem boundary (GIT_DISCOVERY_ACROSS_FILESYSTEM not set).
fatal: not a git repository (or any parent up to mount point /local)
Stopping at filesystem boundary (GIT_DISCOVERY_ACROSS_FILESYSTEM not set).
rep 1/1: complete export=s e2e=11.488481411s 19297737 bytes syscr=1547840 pread64=1201735 io_uring_enter=256209 read_bytes=3379744768 cpu_s=8.350000
[2026-10-07T09:40:32Z] pr3528-H-vocab-random-label-de-200k-cold-b16384-r256-r7 digest {"bytes": 19297737, "lines": 177845, "multiset": "f37756d7d28605fce036cc80f489bdb0", "xxh3_128": "1ad67f5d778a56661d17804e27bc74f9"}
[2026-10-07T09:40:32Z] pr3528-H-vocab-random-label-de-200k-cold-b16384-r256-r7 done
Caches dropped successfully (synced, then wrote 1
 to /proc/sys/vm/drop_caches).
fatal: not a git repository (or any parent up to mount point /local)
Stopping at filesystem boundary (GIT_DISCOVERY_ACROSS_FILESYSTEM not set).
fatal: not a git repository (or any parent up to mount point /local)
Stopping at filesystem boundary (GIT_DISCOVERY_ACROSS_FILESYSTEM not set).
fatal: not a git repository (or any parent up to mount point /local)
Stopping at filesystem boundary (GIT_DISCOVERY_ACROSS_FILESYSTEM not set).
fatal: not a git repository (or any parent up to mount point /local)
Stopping at filesystem boundary (GIT_DISCOVERY_ACROSS_FILESYSTEM not set).
fatal: not a git repository (or any parent up to mount point /local)
Stopping at filesystem boundary (GIT_DISCOVERY_ACROSS_FILESYSTEM not set).
rep 1/1: complete export=s e2e=13.955058133s 19297737 bytes syscr=1547844 pread64=1201735 io_uring_enter=235831 read_bytes=3380871168 cpu_s=10.380000
[2026-10-07T09:41:23Z] pr3528-H-vocab-random-label-de-200k-cold-b16384-r1024-r7 digest {"bytes": 19297737, "lines": 177845, "multiset": "f37756d7d28605fce036cc80f489bdb0", "xxh3_128": "1ad67f5d778a56661d17804e27bc74f9"}
[2026-10-07T09:41:23Z] pr3528-H-vocab-random-label-de-200k-cold-b16384-r1024-r7 done
Caches dropped successfully (synced, then wrote 1
 to /proc/sys/vm/drop_caches).
fatal: not a git repository (or any parent up to mount point /local)
Stopping at filesystem boundary (GIT_DISCOVERY_ACROSS_FILESYSTEM not set).
fatal: not a git repository (or any parent up to mount point /local)
Stopping at filesystem boundary (GIT_DISCOVERY_ACROSS_FILESYSTEM not set).
fatal: not a git repository (or any parent up to mount point /local)
Stopping at filesystem boundary (GIT_DISCOVERY_ACROSS_FILESYSTEM not set).
fatal: not a git repository (or any parent up to mount point /local)
Stopping at filesystem boundary (GIT_DISCOVERY_ACROSS_FILESYSTEM not set).
fatal: not a git repository (or any parent up to mount point /local)
Stopping at filesystem boundary (GIT_DISCOVERY_ACROSS_FILESYSTEM not set).
rep 1/1: complete export=s e2e=13.527718539s 19297737 bytes syscr=1547844 pread64=1201735 io_uring_enter=254160 read_bytes=3379785728 cpu_s=10.080000
[2026-10-07T09:42:17Z] pr3528-H-vocab-random-label-de-200k-cold-b16384-r256-r8 digest {"bytes": 19297737, "lines": 177845, "multiset": "f37756d7d28605fce036cc80f489bdb0", "xxh3_128": "1ad67f5d778a56661d17804e27bc74f9"}
[2026-10-07T09:42:17Z] pr3528-H-vocab-random-label-de-200k-cold-b16384-r256-r8 done
Caches dropped successfully (synced, then wrote 1
 to /proc/sys/vm/drop_caches).
fatal: not a git repository (or any parent up to mount point /local)
Stopping at filesystem boundary (GIT_DISCOVERY_ACROSS_FILESYSTEM not set).
fatal: not a git repository (or any parent up to mount point /local)
Stopping at filesystem boundary (GIT_DISCOVERY_ACROSS_FILESYSTEM not set).
fatal: not a git repository (or any parent up to mount point /local)
Stopping at filesystem boundary (GIT_DISCOVERY_ACROSS_FILESYSTEM not set).
fatal: not a git repository (or any parent up to mount point /local)
Stopping at filesystem boundary (GIT_DISCOVERY_ACROSS_FILESYSTEM not set).
fatal: not a git repository (or any parent up to mount point /local)
Stopping at filesystem boundary (GIT_DISCOVERY_ACROSS_FILESYSTEM not set).
rep 1/1: complete export=s e2e=13.434614996s 19297737 bytes syscr=1547844 pread64=1201735 io_uring_enter=236037 read_bytes=3379744768 cpu_s=10.280000
[2026-10-07T09:43:13Z] pr3528-H-vocab-random-label-de-200k-cold-b16384-r1024-r8 digest {"bytes": 19297737, "lines": 177845, "multiset": "f37756d7d28605fce036cc80f489bdb0", "xxh3_128": "1ad67f5d778a56661d17804e27bc74f9"}
[2026-10-07T09:43:13Z] pr3528-H-vocab-random-label-de-200k-cold-b16384-r1024-r8 done
Caches dropped successfully (synced, then wrote 1
 to /proc/sys/vm/drop_caches).
fatal: not a git repository (or any parent up to mount point /local)
Stopping at filesystem boundary (GIT_DISCOVERY_ACROSS_FILESYSTEM not set).
fatal: not a git repository (or any parent up to mount point /local)
Stopping at filesystem boundary (GIT_DISCOVERY_ACROSS_FILESYSTEM not set).
fatal: not a git repository (or any parent up to mount point /local)
Stopping at filesystem boundary (GIT_DISCOVERY_ACROSS_FILESYSTEM not set).
fatal: not a git repository (or any parent up to mount point /local)
Stopping at filesystem boundary (GIT_DISCOVERY_ACROSS_FILESYSTEM not set).
fatal: not a git repository (or any parent up to mount point /local)
Stopping at filesystem boundary (GIT_DISCOVERY_ACROSS_FILESYSTEM not set).
rep 1/1: complete export=s e2e=14.259175290s 19297737 bytes syscr=1550682 pread64=1201735 io_uring_enter=173983 read_bytes=2992893952 cpu_s=10.720000
[2026-10-07T09:44:09Z] pr3528-H-vocab-random-label-de-200k-cold-b1024-r256-r8 digest {"bytes": 19297737, "lines": 177845, "multiset": "f37756d7d28605fce036cc80f489bdb0", "xxh3_128": "1ad67f5d778a56661d17804e27bc74f9"}
[2026-10-07T09:44:09Z] pr3528-H-vocab-random-label-de-200k-cold-b1024-r256-r8 done
Caches dropped successfully (synced, then wrote 1
 to /proc/sys/vm/drop_caches).
fatal: not a git repository (or any parent up to mount point /local)
Stopping at filesystem boundary (GIT_DISCOVERY_ACROSS_FILESYSTEM not set).
fatal: not a git repository (or any parent up to mount point /local)
Stopping at filesystem boundary (GIT_DISCOVERY_ACROSS_FILESYSTEM not set).
fatal: not a git repository (or any parent up to mount point /local)
Stopping at filesystem boundary (GIT_DISCOVERY_ACROSS_FILESYSTEM not set).
fatal: not a git repository (or any parent up to mount point /local)
Stopping at filesystem boundary (GIT_DISCOVERY_ACROSS_FILESYSTEM not set).
fatal: not a git repository (or any parent up to mount point /local)
Stopping at filesystem boundary (GIT_DISCOVERY_ACROSS_FILESYSTEM not set).
rep 1/1: complete export=s e2e=13.278783731s 19297737 bytes syscr=1547844 pread64=1201735 io_uring_enter=236865 read_bytes=3379785728 cpu_s=9.980000
[2026-10-07T09:45:05Z] pr3528-H-vocab-random-label-de-200k-cold-b16384-r1024-r9 digest {"bytes": 19297737, "lines": 177845, "multiset": "f37756d7d28605fce036cc80f489bdb0", "xxh3_128": "1ad67f5d778a56661d17804e27bc74f9"}
[2026-10-07T09:45:05Z] pr3528-H-vocab-random-label-de-200k-cold-b16384-r1024-r9 done
Caches dropped successfully (synced, then wrote 1
 to /proc/sys/vm/drop_caches).
fatal: not a git repository (or any parent up to mount point /local)
Stopping at filesystem boundary (GIT_DISCOVERY_ACROSS_FILESYSTEM not set).
fatal: not a git repository (or any parent up to mount point /local)
Stopping at filesystem boundary (GIT_DISCOVERY_ACROSS_FILESYSTEM not set).
fatal: not a git repository (or any parent up to mount point /local)
Stopping at filesystem boundary (GIT_DISCOVERY_ACROSS_FILESYSTEM not set).
fatal: not a git repository (or any parent up to mount point /local)
Stopping at filesystem boundary (GIT_DISCOVERY_ACROSS_FILESYSTEM not set).
fatal: not a git repository (or any parent up to mount point /local)
Stopping at filesystem boundary (GIT_DISCOVERY_ACROSS_FILESYSTEM not set).
rep 1/1: complete export=s e2e=13.524345463s 19297737 bytes syscr=1550678 pread64=1201735 io_uring_enter=173556 read_bytes=2993070080 cpu_s=10.400000
[2026-10-07T09:46:01Z] pr3528-H-vocab-random-label-de-200k-cold-b1024-r256-r9 digest {"bytes": 19297737, "lines": 177845, "multiset": "f37756d7d28605fce036cc80f489bdb0", "xxh3_128": "1ad67f5d778a56661d17804e27bc74f9"}
[2026-10-07T09:46:01Z] pr3528-H-vocab-random-label-de-200k-cold-b1024-r256-r9 done
Caches dropped successfully (synced, then wrote 1
 to /proc/sys/vm/drop_caches).
fatal: not a git repository (or any parent up to mount point /local)
Stopping at filesystem boundary (GIT_DISCOVERY_ACROSS_FILESYSTEM not set).
fatal: not a git repository (or any parent up to mount point /local)
Stopping at filesystem boundary (GIT_DISCOVERY_ACROSS_FILESYSTEM not set).
fatal: not a git repository (or any parent up to mount point /local)
Stopping at filesystem boundary (GIT_DISCOVERY_ACROSS_FILESYSTEM not set).
fatal: not a git repository (or any parent up to mount point /local)
Stopping at filesystem boundary (GIT_DISCOVERY_ACROSS_FILESYSTEM not set).
fatal: not a git repository (or any parent up to mount point /local)
Stopping at filesystem boundary (GIT_DISCOVERY_ACROSS_FILESYSTEM not set).
rep 1/1: complete export=s e2e=13.664394158s 19297737 bytes syscr=1547844 pread64=1201735 io_uring_enter=253704 read_bytes=3379744768 cpu_s=10.050000
[2026-10-07T09:46:56Z] pr3528-H-vocab-random-label-de-200k-cold-b16384-r256-r9 digest {"bytes": 19297737, "lines": 177845, "multiset": "f37756d7d28605fce036cc80f489bdb0", "xxh3_128": "1ad67f5d778a56661d17804e27bc74f9"}
[2026-10-07T09:46:56Z] pr3528-H-vocab-random-label-de-200k-cold-b16384-r256-r9 done
Caches dropped successfully (synced, then wrote 1
 to /proc/sys/vm/drop_caches).
fatal: not a git repository (or any parent up to mount point /local)
Stopping at filesystem boundary (GIT_DISCOVERY_ACROSS_FILESYSTEM not set).
fatal: not a git repository (or any parent up to mount point /local)
Stopping at filesystem boundary (GIT_DISCOVERY_ACROSS_FILESYSTEM not set).
fatal: not a git repository (or any parent up to mount point /local)
Stopping at filesystem boundary (GIT_DISCOVERY_ACROSS_FILESYSTEM not set).
fatal: not a git repository (or any parent up to mount point /local)
Stopping at filesystem boundary (GIT_DISCOVERY_ACROSS_FILESYSTEM not set).
fatal: not a git repository (or any parent up to mount point /local)
Stopping at filesystem boundary (GIT_DISCOVERY_ACROSS_FILESYSTEM not set).
rep 1/1: complete export=s e2e=14.217222041s 19297737 bytes syscr=1550682 pread64=1201735 io_uring_enter=173843 read_bytes=2992934912 cpu_s=10.610000
[2026-10-07T09:47:53Z] pr3528-H-vocab-random-label-de-200k-cold-b1024-r256-r10 digest {"bytes": 19297737, "lines": 177845, "multiset": "f37756d7d28605fce036cc80f489bdb0", "xxh3_128": "1ad67f5d778a56661d17804e27bc74f9"}
[2026-10-07T09:47:54Z] pr3528-H-vocab-random-label-de-200k-cold-b1024-r256-r10 done
Caches dropped successfully (synced, then wrote 1
 to /proc/sys/vm/drop_caches).
fatal: not a git repository (or any parent up to mount point /local)
Stopping at filesystem boundary (GIT_DISCOVERY_ACROSS_FILESYSTEM not set).
fatal: not a git repository (or any parent up to mount point /local)
Stopping at filesystem boundary (GIT_DISCOVERY_ACROSS_FILESYSTEM not set).
fatal: not a git repository (or any parent up to mount point /local)
Stopping at filesystem boundary (GIT_DISCOVERY_ACROSS_FILESYSTEM not set).
fatal: not a git repository (or any parent up to mount point /local)
Stopping at filesystem boundary (GIT_DISCOVERY_ACROSS_FILESYSTEM not set).
fatal: not a git repository (or any parent up to mount point /local)
Stopping at filesystem boundary (GIT_DISCOVERY_ACROSS_FILESYSTEM not set).
rep 1/1: complete export=s e2e=13.557783418s 19297737 bytes syscr=1547844 pread64=1201735 io_uring_enter=254641 read_bytes=3379920896 cpu_s=10.250000
[2026-10-07T09:48:48Z] pr3528-H-vocab-random-label-de-200k-cold-b16384-r256-r10 digest {"bytes": 19297737, "lines": 177845, "multiset": "f37756d7d28605fce036cc80f489bdb0", "xxh3_128": "1ad67f5d778a56661d17804e27bc74f9"}
[2026-10-07T09:48:48Z] pr3528-H-vocab-random-label-de-200k-cold-b16384-r256-r10 done
Caches dropped successfully (synced, then wrote 1
 to /proc/sys/vm/drop_caches).
fatal: not a git repository (or any parent up to mount point /local)
Stopping at filesystem boundary (GIT_DISCOVERY_ACROSS_FILESYSTEM not set).
fatal: not a git repository (or any parent up to mount point /local)
Stopping at filesystem boundary (GIT_DISCOVERY_ACROSS_FILESYSTEM not set).
fatal: not a git repository (or any parent up to mount point /local)
Stopping at filesystem boundary (GIT_DISCOVERY_ACROSS_FILESYSTEM not set).
fatal: not a git repository (or any parent up to mount point /local)
Stopping at filesystem boundary (GIT_DISCOVERY_ACROSS_FILESYSTEM not set).
fatal: not a git repository (or any parent up to mount point /local)
Stopping at filesystem boundary (GIT_DISCOVERY_ACROSS_FILESYSTEM not set).
rep 1/1: complete export=s e2e=12.945760144s 19297737 bytes syscr=1547844 pread64=1201735 io_uring_enter=236589 read_bytes=3379806208 cpu_s=10.000000
[2026-10-07T09:49:43Z] pr3528-H-vocab-random-label-de-200k-cold-b16384-r1024-r10 digest {"bytes": 19297737, "lines": 177845, "multiset": "f37756d7d28605fce036cc80f489bdb0", "xxh3_128": "1ad67f5d778a56661d17804e27bc74f9"}
[2026-10-07T09:49:43Z] pr3528-H-vocab-random-label-de-200k-cold-b16384-r1024-r10 done
fatal: not a git repository (or any parent up to mount point /local)
Stopping at filesystem boundary (GIT_DISCOVERY_ACROSS_FILESYSTEM not set).
fatal: not a git repository (or any parent up to mount point /local)
Stopping at filesystem boundary (GIT_DISCOVERY_ACROSS_FILESYSTEM not set).
fatal: not a git repository (or any parent up to mount point /local)
Stopping at filesystem boundary (GIT_DISCOVERY_ACROSS_FILESYSTEM not set).
fatal: not a git repository (or any parent up to mount point /local)
Stopping at filesystem boundary (GIT_DISCOVERY_ACROSS_FILESYSTEM not set).
fatal: not a git repository (or any parent up to mount point /local)
Stopping at filesystem boundary (GIT_DISCOVERY_ACROSS_FILESYSTEM not set).
rep 1/1: complete export=s e2e=5.458246027s 19297737 bytes syscr=3101332 pread64=2403470 io_uring_enter=0 read_bytes=0 cpu_s=11.680000
[2026-10-07T09:50:45Z] pr3528-H-vocab-random-label-de-200k-warm-b1024-r256-r1 digest {"bytes": 19297737, "lines": 177845, "multiset": "f37756d7d28605fce036cc80f489bdb0", "xxh3_128": "1ad67f5d778a56661d17804e27bc74f9"}
[2026-10-07T09:50:45Z] pr3528-H-vocab-random-label-de-200k-warm-b1024-r256-r1 done
fatal: not a git repository (or any parent up to mount point /local)
Stopping at filesystem boundary (GIT_DISCOVERY_ACROSS_FILESYSTEM not set).
fatal: not a git repository (or any parent up to mount point /local)
Stopping at filesystem boundary (GIT_DISCOVERY_ACROSS_FILESYSTEM not set).
fatal: not a git repository (or any parent up to mount point /local)
Stopping at filesystem boundary (GIT_DISCOVERY_ACROSS_FILESYSTEM not set).
fatal: not a git repository (or any parent up to mount point /local)
Stopping at filesystem boundary (GIT_DISCOVERY_ACROSS_FILESYSTEM not set).
fatal: not a git repository (or any parent up to mount point /local)
Stopping at filesystem boundary (GIT_DISCOVERY_ACROSS_FILESYSTEM not set).
rep 1/1: complete export=s e2e=5.572280212s 19297737 bytes syscr=3095656 pread64=2403470 io_uring_enter=0 read_bytes=0 cpu_s=11.890000
[2026-10-07T09:51:46Z] pr3528-H-vocab-random-label-de-200k-warm-b16384-r256-r1 digest {"bytes": 19297737, "lines": 177845, "multiset": "f37756d7d28605fce036cc80f489bdb0", "xxh3_128": "1ad67f5d778a56661d17804e27bc74f9"}
[2026-10-07T09:51:46Z] pr3528-H-vocab-random-label-de-200k-warm-b16384-r256-r1 done
fatal: not a git repository (or any parent up to mount point /local)
Stopping at filesystem boundary (GIT_DISCOVERY_ACROSS_FILESYSTEM not set).
fatal: not a git repository (or any parent up to mount point /local)
Stopping at filesystem boundary (GIT_DISCOVERY_ACROSS_FILESYSTEM not set).
fatal: not a git repository (or any parent up to mount point /local)
Stopping at filesystem boundary (GIT_DISCOVERY_ACROSS_FILESYSTEM not set).
fatal: not a git repository (or any parent up to mount point /local)
Stopping at filesystem boundary (GIT_DISCOVERY_ACROSS_FILESYSTEM not set).
fatal: not a git repository (or any parent up to mount point /local)
Stopping at filesystem boundary (GIT_DISCOVERY_ACROSS_FILESYSTEM not set).
rep 1/1: complete export=s e2e=5.604852172s 19297737 bytes syscr=3095652 pread64=2403470 io_uring_enter=0 read_bytes=0 cpu_s=11.990000
[2026-10-07T09:52:45Z] pr3528-H-vocab-random-label-de-200k-warm-b16384-r1024-r1 digest {"bytes": 19297737, "lines": 177845, "multiset": "f37756d7d28605fce036cc80f489bdb0", "xxh3_128": "1ad67f5d778a56661d17804e27bc74f9"}
[2026-10-07T09:52:45Z] pr3528-H-vocab-random-label-de-200k-warm-b16384-r1024-r1 done
fatal: not a git repository (or any parent up to mount point /local)
Stopping at filesystem boundary (GIT_DISCOVERY_ACROSS_FILESYSTEM not set).
fatal: not a git repository (or any parent up to mount point /local)
Stopping at filesystem boundary (GIT_DISCOVERY_ACROSS_FILESYSTEM not set).
fatal: not a git repository (or any parent up to mount point /local)
Stopping at filesystem boundary (GIT_DISCOVERY_ACROSS_FILESYSTEM not set).
fatal: not a git repository (or any parent up to mount point /local)
Stopping at filesystem boundary (GIT_DISCOVERY_ACROSS_FILESYSTEM not set).
fatal: not a git repository (or any parent up to mount point /local)
Stopping at filesystem boundary (GIT_DISCOVERY_ACROSS_FILESYSTEM not set).
rep 1/1: complete export=s e2e=5.735465269s 19297737 bytes syscr=3095656 pread64=2403470 io_uring_enter=0 read_bytes=0 cpu_s=12.170000
[2026-10-07T09:53:49Z] pr3528-H-vocab-random-label-de-200k-warm-b16384-r256-r2 digest {"bytes": 19297737, "lines": 177845, "multiset": "f37756d7d28605fce036cc80f489bdb0", "xxh3_128": "1ad67f5d778a56661d17804e27bc74f9"}
[2026-10-07T09:53:49Z] pr3528-H-vocab-random-label-de-200k-warm-b16384-r256-r2 done
fatal: not a git repository (or any parent up to mount point /local)
Stopping at filesystem boundary (GIT_DISCOVERY_ACROSS_FILESYSTEM not set).
fatal: not a git repository (or any parent up to mount point /local)
Stopping at filesystem boundary (GIT_DISCOVERY_ACROSS_FILESYSTEM not set).
fatal: not a git repository (or any parent up to mount point /local)
Stopping at filesystem boundary (GIT_DISCOVERY_ACROSS_FILESYSTEM not set).
fatal: not a git repository (or any parent up to mount point /local)
Stopping at filesystem boundary (GIT_DISCOVERY_ACROSS_FILESYSTEM not set).
fatal: not a git repository (or any parent up to mount point /local)
Stopping at filesystem boundary (GIT_DISCOVERY_ACROSS_FILESYSTEM not set).
rep 1/1: complete export=s e2e=5.435289202s 19297737 bytes syscr=3095656 pread64=2403470 io_uring_enter=0 read_bytes=0 cpu_s=11.640000
[2026-10-07T09:54:49Z] pr3528-H-vocab-random-label-de-200k-warm-b16384-r1024-r2 digest {"bytes": 19297737, "lines": 177845, "multiset": "f37756d7d28605fce036cc80f489bdb0", "xxh3_128": "1ad67f5d778a56661d17804e27bc74f9"}
[2026-10-07T09:54:50Z] pr3528-H-vocab-random-label-de-200k-warm-b16384-r1024-r2 done
fatal: not a git repository (or any parent up to mount point /local)
Stopping at filesystem boundary (GIT_DISCOVERY_ACROSS_FILESYSTEM not set).
fatal: not a git repository (or any parent up to mount point /local)
Stopping at filesystem boundary (GIT_DISCOVERY_ACROSS_FILESYSTEM not set).
fatal: not a git repository (or any parent up to mount point /local)
Stopping at filesystem boundary (GIT_DISCOVERY_ACROSS_FILESYSTEM not set).
fatal: not a git repository (or any parent up to mount point /local)
Stopping at filesystem boundary (GIT_DISCOVERY_ACROSS_FILESYSTEM not set).
fatal: not a git repository (or any parent up to mount point /local)
Stopping at filesystem boundary (GIT_DISCOVERY_ACROSS_FILESYSTEM not set).
rep 1/1: complete export=s e2e=5.686102517s 19297737 bytes syscr=3101332 pread64=2403470 io_uring_enter=0 read_bytes=0 cpu_s=12.070000
[2026-10-07T09:55:53Z] pr3528-H-vocab-random-label-de-200k-warm-b1024-r256-r2 digest {"bytes": 19297737, "lines": 177845, "multiset": "f37756d7d28605fce036cc80f489bdb0", "xxh3_128": "1ad67f5d778a56661d17804e27bc74f9"}
[2026-10-07T09:55:53Z] pr3528-H-vocab-random-label-de-200k-warm-b1024-r256-r2 done
fatal: not a git repository (or any parent up to mount point /local)
Stopping at filesystem boundary (GIT_DISCOVERY_ACROSS_FILESYSTEM not set).
fatal: not a git repository (or any parent up to mount point /local)
Stopping at filesystem boundary (GIT_DISCOVERY_ACROSS_FILESYSTEM not set).
fatal: not a git repository (or any parent up to mount point /local)
Stopping at filesystem boundary (GIT_DISCOVERY_ACROSS_FILESYSTEM not set).
fatal: not a git repository (or any parent up to mount point /local)
Stopping at filesystem boundary (GIT_DISCOVERY_ACROSS_FILESYSTEM not set).
fatal: not a git repository (or any parent up to mount point /local)
Stopping at filesystem boundary (GIT_DISCOVERY_ACROSS_FILESYSTEM not set).
rep 1/1: complete export=s e2e=5.343362386s 19297737 bytes syscr=3095652 pread64=2403470 io_uring_enter=0 read_bytes=0 cpu_s=11.380000
[2026-10-07T09:56:54Z] pr3528-H-vocab-random-label-de-200k-warm-b16384-r1024-r3 digest {"bytes": 19297737, "lines": 177845, "multiset": "f37756d7d28605fce036cc80f489bdb0", "xxh3_128": "1ad67f5d778a56661d17804e27bc74f9"}
[2026-10-07T09:56:54Z] pr3528-H-vocab-random-label-de-200k-warm-b16384-r1024-r3 done
fatal: not a git repository (or any parent up to mount point /local)
Stopping at filesystem boundary (GIT_DISCOVERY_ACROSS_FILESYSTEM not set).
fatal: not a git repository (or any parent up to mount point /local)
Stopping at filesystem boundary (GIT_DISCOVERY_ACROSS_FILESYSTEM not set).
fatal: not a git repository (or any parent up to mount point /local)
Stopping at filesystem boundary (GIT_DISCOVERY_ACROSS_FILESYSTEM not set).
fatal: not a git repository (or any parent up to mount point /local)
Stopping at filesystem boundary (GIT_DISCOVERY_ACROSS_FILESYSTEM not set).
fatal: not a git repository (or any parent up to mount point /local)
Stopping at filesystem boundary (GIT_DISCOVERY_ACROSS_FILESYSTEM not set).
rep 1/1: complete export=s e2e=4.424982102s 19297737 bytes syscr=4651990 pread64=3605205 io_uring_enter=0 read_bytes=0 cpu_s=14.300000
[2026-10-07T09:57:51Z] pr3528-H-vocab-random-label-de-200k-warm-b1024-r256-r3 digest {"bytes": 19297737, "lines": 177845, "multiset": "f37756d7d28605fce036cc80f489bdb0", "xxh3_128": "1ad67f5d778a56661d17804e27bc74f9"}
[2026-10-07T09:57:51Z] pr3528-H-vocab-random-label-de-200k-warm-b1024-r256-r3 done
fatal: not a git repository (or any parent up to mount point /local)
Stopping at filesystem boundary (GIT_DISCOVERY_ACROSS_FILESYSTEM not set).
fatal: not a git repository (or any parent up to mount point /local)
Stopping at filesystem boundary (GIT_DISCOVERY_ACROSS_FILESYSTEM not set).
fatal: not a git repository (or any parent up to mount point /local)
Stopping at filesystem boundary (GIT_DISCOVERY_ACROSS_FILESYSTEM not set).
fatal: not a git repository (or any parent up to mount point /local)
Stopping at filesystem boundary (GIT_DISCOVERY_ACROSS_FILESYSTEM not set).
fatal: not a git repository (or any parent up to mount point /local)
Stopping at filesystem boundary (GIT_DISCOVERY_ACROSS_FILESYSTEM not set).
rep 1/1: complete export=s e2e=3.992378323s 19297737 bytes syscr=4643472 pread64=3605205 io_uring_enter=0 read_bytes=0 cpu_s=13.070000
[2026-10-07T09:58:42Z] pr3528-H-vocab-random-label-de-200k-warm-b16384-r256-r3 digest {"bytes": 19297737, "lines": 177845, "multiset": "f37756d7d28605fce036cc80f489bdb0", "xxh3_128": "1ad67f5d778a56661d17804e27bc74f9"}
[2026-10-07T09:58:42Z] pr3528-H-vocab-random-label-de-200k-warm-b16384-r256-r3 done
fatal: not a git repository (or any parent up to mount point /local)
Stopping at filesystem boundary (GIT_DISCOVERY_ACROSS_FILESYSTEM not set).
fatal: not a git repository (or any parent up to mount point /local)
Stopping at filesystem boundary (GIT_DISCOVERY_ACROSS_FILESYSTEM not set).
fatal: not a git repository (or any parent up to mount point /local)
Stopping at filesystem boundary (GIT_DISCOVERY_ACROSS_FILESYSTEM not set).
fatal: not a git repository (or any parent up to mount point /local)
Stopping at filesystem boundary (GIT_DISCOVERY_ACROSS_FILESYSTEM not set).
fatal: not a git repository (or any parent up to mount point /local)
Stopping at filesystem boundary (GIT_DISCOVERY_ACROSS_FILESYSTEM not set).
rep 1/1: complete export=s e2e=4.466882288s 19297737 bytes syscr=4651990 pread64=3605205 io_uring_enter=0 read_bytes=0 cpu_s=14.490000
[2026-10-07T09:59:41Z] pr3528-H-vocab-random-label-de-200k-warm-b1024-r256-r4 digest {"bytes": 19297737, "lines": 177845, "multiset": "f37756d7d28605fce036cc80f489bdb0", "xxh3_128": "1ad67f5d778a56661d17804e27bc74f9"}
[2026-10-07T09:59:41Z] pr3528-H-vocab-random-label-de-200k-warm-b1024-r256-r4 done
fatal: not a git repository (or any parent up to mount point /local)
Stopping at filesystem boundary (GIT_DISCOVERY_ACROSS_FILESYSTEM not set).
fatal: not a git repository (or any parent up to mount point /local)
Stopping at filesystem boundary (GIT_DISCOVERY_ACROSS_FILESYSTEM not set).
fatal: not a git repository (or any parent up to mount point /local)
Stopping at filesystem boundary (GIT_DISCOVERY_ACROSS_FILESYSTEM not set).
fatal: not a git repository (or any parent up to mount point /local)
Stopping at filesystem boundary (GIT_DISCOVERY_ACROSS_FILESYSTEM not set).
fatal: not a git repository (or any parent up to mount point /local)
Stopping at filesystem boundary (GIT_DISCOVERY_ACROSS_FILESYSTEM not set).
rep 1/1: complete export=s e2e=4.173457341s 19297737 bytes syscr=4643472 pread64=3605205 io_uring_enter=0 read_bytes=0 cpu_s=13.500000
[2026-10-07T10:00:34Z] pr3528-H-vocab-random-label-de-200k-warm-b16384-r256-r4 digest {"bytes": 19297737, "lines": 177845, "multiset": "f37756d7d28605fce036cc80f489bdb0", "xxh3_128": "1ad67f5d778a56661d17804e27bc74f9"}
[2026-10-07T10:00:34Z] pr3528-H-vocab-random-label-de-200k-warm-b16384-r256-r4 done
fatal: not a git repository (or any parent up to mount point /local)
Stopping at filesystem boundary (GIT_DISCOVERY_ACROSS_FILESYSTEM not set).
fatal: not a git repository (or any parent up to mount point /local)
Stopping at filesystem boundary (GIT_DISCOVERY_ACROSS_FILESYSTEM not set).
fatal: not a git repository (or any parent up to mount point /local)
Stopping at filesystem boundary (GIT_DISCOVERY_ACROSS_FILESYSTEM not set).
fatal: not a git repository (or any parent up to mount point /local)
Stopping at filesystem boundary (GIT_DISCOVERY_ACROSS_FILESYSTEM not set).
fatal: not a git repository (or any parent up to mount point /local)
Stopping at filesystem boundary (GIT_DISCOVERY_ACROSS_FILESYSTEM not set).
rep 1/1: complete export=s e2e=3.940972920s 19297737 bytes syscr=4643472 pread64=3605205 io_uring_enter=0 read_bytes=0 cpu_s=12.910000
[2026-10-07T10:01:24Z] pr3528-H-vocab-random-label-de-200k-warm-b16384-r1024-r4 digest {"bytes": 19297737, "lines": 177845, "multiset": "f37756d7d28605fce036cc80f489bdb0", "xxh3_128": "1ad67f5d778a56661d17804e27bc74f9"}
[2026-10-07T10:01:24Z] pr3528-H-vocab-random-label-de-200k-warm-b16384-r1024-r4 done
fatal: not a git repository (or any parent up to mount point /local)
Stopping at filesystem boundary (GIT_DISCOVERY_ACROSS_FILESYSTEM not set).
fatal: not a git repository (or any parent up to mount point /local)
Stopping at filesystem boundary (GIT_DISCOVERY_ACROSS_FILESYSTEM not set).
fatal: not a git repository (or any parent up to mount point /local)
Stopping at filesystem boundary (GIT_DISCOVERY_ACROSS_FILESYSTEM not set).
fatal: not a git repository (or any parent up to mount point /local)
Stopping at filesystem boundary (GIT_DISCOVERY_ACROSS_FILESYSTEM not set).
fatal: not a git repository (or any parent up to mount point /local)
Stopping at filesystem boundary (GIT_DISCOVERY_ACROSS_FILESYSTEM not set).
rep 1/1: complete export=s e2e=11.996960700s 19297737 bytes syscr=1547840 pread64=1201735 io_uring_enter=221440 read_bytes=2478129152 cpu_s=9.790000
[2026-10-07T10:02:26Z] pr3528-H-vocab-random-label-de-200k-warm-b16384-r256-r5 digest {"bytes": 19297737, "lines": 177845, "multiset": "f37756d7d28605fce036cc80f489bdb0", "xxh3_128": "1ad67f5d778a56661d17804e27bc74f9"}
[2026-10-07T10:02:26Z] pr3528-H-vocab-random-label-de-200k-warm-b16384-r256-r5 done
fatal: not a git repository (or any parent up to mount point /local)
Stopping at filesystem boundary (GIT_DISCOVERY_ACROSS_FILESYSTEM not set).
fatal: not a git repository (or any parent up to mount point /local)
Stopping at filesystem boundary (GIT_DISCOVERY_ACROSS_FILESYSTEM not set).
fatal: not a git repository (or any parent up to mount point /local)
Stopping at filesystem boundary (GIT_DISCOVERY_ACROSS_FILESYSTEM not set).
fatal: not a git repository (or any parent up to mount point /local)
Stopping at filesystem boundary (GIT_DISCOVERY_ACROSS_FILESYSTEM not set).
fatal: not a git repository (or any parent up to mount point /local)
Stopping at filesystem boundary (GIT_DISCOVERY_ACROSS_FILESYSTEM not set).
rep 1/1: complete export=s e2e=5.257907430s 19297737 bytes syscr=3095652 pread64=2403470 io_uring_enter=0 read_bytes=0 cpu_s=11.290000
[2026-10-07T10:03:26Z] pr3528-H-vocab-random-label-de-200k-warm-b16384-r1024-r5 digest {"bytes": 19297737, "lines": 177845, "multiset": "f37756d7d28605fce036cc80f489bdb0", "xxh3_128": "1ad67f5d778a56661d17804e27bc74f9"}
[2026-10-07T10:03:26Z] pr3528-H-vocab-random-label-de-200k-warm-b16384-r1024-r5 done
fatal: not a git repository (or any parent up to mount point /local)
Stopping at filesystem boundary (GIT_DISCOVERY_ACROSS_FILESYSTEM not set).
fatal: not a git repository (or any parent up to mount point /local)
Stopping at filesystem boundary (GIT_DISCOVERY_ACROSS_FILESYSTEM not set).
fatal: not a git repository (or any parent up to mount point /local)
Stopping at filesystem boundary (GIT_DISCOVERY_ACROSS_FILESYSTEM not set).
fatal: not a git repository (or any parent up to mount point /local)
Stopping at filesystem boundary (GIT_DISCOVERY_ACROSS_FILESYSTEM not set).
fatal: not a git repository (or any parent up to mount point /local)
Stopping at filesystem boundary (GIT_DISCOVERY_ACROSS_FILESYSTEM not set).
rep 1/1: complete export=s e2e=5.442251277s 19297737 bytes syscr=3101328 pread64=2403470 io_uring_enter=0 read_bytes=0 cpu_s=11.640000
[2026-10-07T10:04:26Z] pr3528-H-vocab-random-label-de-200k-warm-b1024-r256-r5 digest {"bytes": 19297737, "lines": 177845, "multiset": "f37756d7d28605fce036cc80f489bdb0", "xxh3_128": "1ad67f5d778a56661d17804e27bc74f9"}
[2026-10-07T10:04:26Z] pr3528-H-vocab-random-label-de-200k-warm-b1024-r256-r5 done
fatal: not a git repository (or any parent up to mount point /local)
Stopping at filesystem boundary (GIT_DISCOVERY_ACROSS_FILESYSTEM not set).
fatal: not a git repository (or any parent up to mount point /local)
Stopping at filesystem boundary (GIT_DISCOVERY_ACROSS_FILESYSTEM not set).
fatal: not a git repository (or any parent up to mount point /local)
Stopping at filesystem boundary (GIT_DISCOVERY_ACROSS_FILESYSTEM not set).
fatal: not a git repository (or any parent up to mount point /local)
Stopping at filesystem boundary (GIT_DISCOVERY_ACROSS_FILESYSTEM not set).
fatal: not a git repository (or any parent up to mount point /local)
Stopping at filesystem boundary (GIT_DISCOVERY_ACROSS_FILESYSTEM not set).
rep 1/1: complete export=s e2e=5.277753014s 19297737 bytes syscr=3095652 pread64=2403470 io_uring_enter=0 read_bytes=0 cpu_s=11.270000
[2026-10-07T10:05:26Z] pr3528-H-vocab-random-label-de-200k-warm-b16384-r1024-r6 digest {"bytes": 19297737, "lines": 177845, "multiset": "f37756d7d28605fce036cc80f489bdb0", "xxh3_128": "1ad67f5d778a56661d17804e27bc74f9"}
[2026-10-07T10:05:26Z] pr3528-H-vocab-random-label-de-200k-warm-b16384-r1024-r6 done
fatal: not a git repository (or any parent up to mount point /local)
Stopping at filesystem boundary (GIT_DISCOVERY_ACROSS_FILESYSTEM not set).
fatal: not a git repository (or any parent up to mount point /local)
Stopping at filesystem boundary (GIT_DISCOVERY_ACROSS_FILESYSTEM not set).
fatal: not a git repository (or any parent up to mount point /local)
Stopping at filesystem boundary (GIT_DISCOVERY_ACROSS_FILESYSTEM not set).
fatal: not a git repository (or any parent up to mount point /local)
Stopping at filesystem boundary (GIT_DISCOVERY_ACROSS_FILESYSTEM not set).
fatal: not a git repository (or any parent up to mount point /local)
Stopping at filesystem boundary (GIT_DISCOVERY_ACROSS_FILESYSTEM not set).
rep 1/1: complete export=s e2e=5.515251509s 19297737 bytes syscr=3101328 pread64=2403470 io_uring_enter=0 read_bytes=0 cpu_s=11.820000
[2026-10-07T10:06:27Z] pr3528-H-vocab-random-label-de-200k-warm-b1024-r256-r6 digest {"bytes": 19297737, "lines": 177845, "multiset": "f37756d7d28605fce036cc80f489bdb0", "xxh3_128": "1ad67f5d778a56661d17804e27bc74f9"}
[2026-10-07T10:06:27Z] pr3528-H-vocab-random-label-de-200k-warm-b1024-r256-r6 done
fatal: not a git repository (or any parent up to mount point /local)
Stopping at filesystem boundary (GIT_DISCOVERY_ACROSS_FILESYSTEM not set).
fatal: not a git repository (or any parent up to mount point /local)
Stopping at filesystem boundary (GIT_DISCOVERY_ACROSS_FILESYSTEM not set).
fatal: not a git repository (or any parent up to mount point /local)
Stopping at filesystem boundary (GIT_DISCOVERY_ACROSS_FILESYSTEM not set).
fatal: not a git repository (or any parent up to mount point /local)
Stopping at filesystem boundary (GIT_DISCOVERY_ACROSS_FILESYSTEM not set).
fatal: not a git repository (or any parent up to mount point /local)
Stopping at filesystem boundary (GIT_DISCOVERY_ACROSS_FILESYSTEM not set).
rep 1/1: complete export=s e2e=5.227815533s 19297737 bytes syscr=3095656 pread64=2403470 io_uring_enter=0 read_bytes=0 cpu_s=11.250000
[2026-10-07T10:07:26Z] pr3528-H-vocab-random-label-de-200k-warm-b16384-r256-r6 digest {"bytes": 19297737, "lines": 177845, "multiset": "f37756d7d28605fce036cc80f489bdb0", "xxh3_128": "1ad67f5d778a56661d17804e27bc74f9"}
[2026-10-07T10:07:26Z] pr3528-H-vocab-random-label-de-200k-warm-b16384-r256-r6 done
fatal: not a git repository (or any parent up to mount point /local)
Stopping at filesystem boundary (GIT_DISCOVERY_ACROSS_FILESYSTEM not set).
fatal: not a git repository (or any parent up to mount point /local)
Stopping at filesystem boundary (GIT_DISCOVERY_ACROSS_FILESYSTEM not set).
fatal: not a git repository (or any parent up to mount point /local)
Stopping at filesystem boundary (GIT_DISCOVERY_ACROSS_FILESYSTEM not set).
fatal: not a git repository (or any parent up to mount point /local)
Stopping at filesystem boundary (GIT_DISCOVERY_ACROSS_FILESYSTEM not set).
fatal: not a git repository (or any parent up to mount point /local)
Stopping at filesystem boundary (GIT_DISCOVERY_ACROSS_FILESYSTEM not set).
rep 1/1: complete export=s e2e=5.493450782s 19297737 bytes syscr=3101328 pread64=2403470 io_uring_enter=0 read_bytes=0 cpu_s=11.720000
[2026-10-07T10:08:26Z] pr3528-H-vocab-random-label-de-200k-warm-b1024-r256-r7 digest {"bytes": 19297737, "lines": 177845, "multiset": "f37756d7d28605fce036cc80f489bdb0", "xxh3_128": "1ad67f5d778a56661d17804e27bc74f9"}
[2026-10-07T10:08:27Z] pr3528-H-vocab-random-label-de-200k-warm-b1024-r256-r7 done
fatal: not a git repository (or any parent up to mount point /local)
Stopping at filesystem boundary (GIT_DISCOVERY_ACROSS_FILESYSTEM not set).
fatal: not a git repository (or any parent up to mount point /local)
Stopping at filesystem boundary (GIT_DISCOVERY_ACROSS_FILESYSTEM not set).
fatal: not a git repository (or any parent up to mount point /local)
Stopping at filesystem boundary (GIT_DISCOVERY_ACROSS_FILESYSTEM not set).
fatal: not a git repository (or any parent up to mount point /local)
Stopping at filesystem boundary (GIT_DISCOVERY_ACROSS_FILESYSTEM not set).
fatal: not a git repository (or any parent up to mount point /local)
Stopping at filesystem boundary (GIT_DISCOVERY_ACROSS_FILESYSTEM not set).
rep 1/1: complete export=s e2e=5.193095622s 19297737 bytes syscr=3095652 pread64=2403470 io_uring_enter=0 read_bytes=0 cpu_s=11.140000
[2026-10-07T10:09:26Z] pr3528-H-vocab-random-label-de-200k-warm-b16384-r256-r7 digest {"bytes": 19297737, "lines": 177845, "multiset": "f37756d7d28605fce036cc80f489bdb0", "xxh3_128": "1ad67f5d778a56661d17804e27bc74f9"}
[2026-10-07T10:09:26Z] pr3528-H-vocab-random-label-de-200k-warm-b16384-r256-r7 done
fatal: not a git repository (or any parent up to mount point /local)
Stopping at filesystem boundary (GIT_DISCOVERY_ACROSS_FILESYSTEM not set).
fatal: not a git repository (or any parent up to mount point /local)
Stopping at filesystem boundary (GIT_DISCOVERY_ACROSS_FILESYSTEM not set).
fatal: not a git repository (or any parent up to mount point /local)
Stopping at filesystem boundary (GIT_DISCOVERY_ACROSS_FILESYSTEM not set).
fatal: not a git repository (or any parent up to mount point /local)
Stopping at filesystem boundary (GIT_DISCOVERY_ACROSS_FILESYSTEM not set).
fatal: not a git repository (or any parent up to mount point /local)
Stopping at filesystem boundary (GIT_DISCOVERY_ACROSS_FILESYSTEM not set).
rep 1/1: complete export=s e2e=5.568010152s 19297737 bytes syscr=3095652 pread64=2403470 io_uring_enter=0 read_bytes=0 cpu_s=11.810000
[2026-10-07T10:10:29Z] pr3528-H-vocab-random-label-de-200k-warm-b16384-r1024-r7 digest {"bytes": 19297737, "lines": 177845, "multiset": "f37756d7d28605fce036cc80f489bdb0", "xxh3_128": "1ad67f5d778a56661d17804e27bc74f9"}
[2026-10-07T10:10:29Z] pr3528-H-vocab-random-label-de-200k-warm-b16384-r1024-r7 done
fatal: not a git repository (or any parent up to mount point /local)
Stopping at filesystem boundary (GIT_DISCOVERY_ACROSS_FILESYSTEM not set).
fatal: not a git repository (or any parent up to mount point /local)
Stopping at filesystem boundary (GIT_DISCOVERY_ACROSS_FILESYSTEM not set).
fatal: not a git repository (or any parent up to mount point /local)
Stopping at filesystem boundary (GIT_DISCOVERY_ACROSS_FILESYSTEM not set).
fatal: not a git repository (or any parent up to mount point /local)
Stopping at filesystem boundary (GIT_DISCOVERY_ACROSS_FILESYSTEM not set).
fatal: not a git repository (or any parent up to mount point /local)
Stopping at filesystem boundary (GIT_DISCOVERY_ACROSS_FILESYSTEM not set).
rep 1/1: complete export=s e2e=5.208825375s 19297737 bytes syscr=3095652 pread64=2403470 io_uring_enter=0 read_bytes=0 cpu_s=11.230000
[2026-10-07T10:11:28Z] pr3528-H-vocab-random-label-de-200k-warm-b16384-r256-r8 digest {"bytes": 19297737, "lines": 177845, "multiset": "f37756d7d28605fce036cc80f489bdb0", "xxh3_128": "1ad67f5d778a56661d17804e27bc74f9"}
[2026-10-07T10:11:29Z] pr3528-H-vocab-random-label-de-200k-warm-b16384-r256-r8 done
fatal: not a git repository (or any parent up to mount point /local)
Stopping at filesystem boundary (GIT_DISCOVERY_ACROSS_FILESYSTEM not set).
fatal: not a git repository (or any parent up to mount point /local)
Stopping at filesystem boundary (GIT_DISCOVERY_ACROSS_FILESYSTEM not set).
fatal: not a git repository (or any parent up to mount point /local)
Stopping at filesystem boundary (GIT_DISCOVERY_ACROSS_FILESYSTEM not set).
fatal: not a git repository (or any parent up to mount point /local)
Stopping at filesystem boundary (GIT_DISCOVERY_ACROSS_FILESYSTEM not set).
fatal: not a git repository (or any parent up to mount point /local)
Stopping at filesystem boundary (GIT_DISCOVERY_ACROSS_FILESYSTEM not set).
rep 1/1: complete export=s e2e=5.317972287s 19297737 bytes syscr=3095656 pread64=2403470 io_uring_enter=0 read_bytes=0 cpu_s=11.330000
[2026-10-07T10:12:28Z] pr3528-H-vocab-random-label-de-200k-warm-b16384-r1024-r8 digest {"bytes": 19297737, "lines": 177845, "multiset": "f37756d7d28605fce036cc80f489bdb0", "xxh3_128": "1ad67f5d778a56661d17804e27bc74f9"}
[2026-10-07T10:12:28Z] pr3528-H-vocab-random-label-de-200k-warm-b16384-r1024-r8 done
fatal: not a git repository (or any parent up to mount point /local)
Stopping at filesystem boundary (GIT_DISCOVERY_ACROSS_FILESYSTEM not set).
fatal: not a git repository (or any parent up to mount point /local)
Stopping at filesystem boundary (GIT_DISCOVERY_ACROSS_FILESYSTEM not set).
fatal: not a git repository (or any parent up to mount point /local)
Stopping at filesystem boundary (GIT_DISCOVERY_ACROSS_FILESYSTEM not set).
fatal: not a git repository (or any parent up to mount point /local)
Stopping at filesystem boundary (GIT_DISCOVERY_ACROSS_FILESYSTEM not set).
fatal: not a git repository (or any parent up to mount point /local)
Stopping at filesystem boundary (GIT_DISCOVERY_ACROSS_FILESYSTEM not set).
rep 1/1: complete export=s e2e=6.192904247s 19297737 bytes syscr=3101332 pread64=2403470 io_uring_enter=0 read_bytes=0 cpu_s=12.390000
[2026-10-07T10:13:32Z] pr3528-H-vocab-random-label-de-200k-warm-b1024-r256-r8 digest {"bytes": 19297737, "lines": 177845, "multiset": "f37756d7d28605fce036cc80f489bdb0", "xxh3_128": "1ad67f5d778a56661d17804e27bc74f9"}
[2026-10-07T10:13:32Z] pr3528-H-vocab-random-label-de-200k-warm-b1024-r256-r8 done
fatal: not a git repository (or any parent up to mount point /local)
Stopping at filesystem boundary (GIT_DISCOVERY_ACROSS_FILESYSTEM not set).
fatal: not a git repository (or any parent up to mount point /local)
Stopping at filesystem boundary (GIT_DISCOVERY_ACROSS_FILESYSTEM not set).
fatal: not a git repository (or any parent up to mount point /local)
Stopping at filesystem boundary (GIT_DISCOVERY_ACROSS_FILESYSTEM not set).
fatal: not a git repository (or any parent up to mount point /local)
Stopping at filesystem boundary (GIT_DISCOVERY_ACROSS_FILESYSTEM not set).
fatal: not a git repository (or any parent up to mount point /local)
Stopping at filesystem boundary (GIT_DISCOVERY_ACROSS_FILESYSTEM not set).
rep 1/1: complete export=s e2e=6.586621427s 19297737 bytes syscr=3095656 pread64=2403470 io_uring_enter=0 read_bytes=0 cpu_s=12.310000
[2026-10-07T10:14:55Z] pr3528-H-vocab-random-label-de-200k-warm-b16384-r1024-r9 digest {"bytes": 19297737, "lines": 177845, "multiset": "f37756d7d28605fce036cc80f489bdb0", "xxh3_128": "1ad67f5d778a56661d17804e27bc74f9"}
[2026-10-07T10:14:55Z] pr3528-H-vocab-random-label-de-200k-warm-b16384-r1024-r9 done
fatal: not a git repository (or any parent up to mount point /local)
Stopping at filesystem boundary (GIT_DISCOVERY_ACROSS_FILESYSTEM not set).
fatal: not a git repository (or any parent up to mount point /local)
Stopping at filesystem boundary (GIT_DISCOVERY_ACROSS_FILESYSTEM not set).
fatal: not a git repository (or any parent up to mount point /local)
Stopping at filesystem boundary (GIT_DISCOVERY_ACROSS_FILESYSTEM not set).
fatal: not a git repository (or any parent up to mount point /local)
Stopping at filesystem boundary (GIT_DISCOVERY_ACROSS_FILESYSTEM not set).
fatal: not a git repository (or any parent up to mount point /local)
Stopping at filesystem boundary (GIT_DISCOVERY_ACROSS_FILESYSTEM not set).
rep 1/1: failed export=s e2e=0.135791434s 0 bytes syscr=0 pread64=0 io_uring_enter=0 read_bytes=0 cpu_s=0.000000
[2026-10-07T10:15:37Z] !!!!!!!! harness failed: pr3528-H-vocab-random-label-de-200k-warm-b1024-r256-r9 !!!!!!!!
[2026-10-07T10:15:37Z] pr3528-H-vocab-random-label-de-200k-warm-b1024-r256-r9 digest {"bytes": 0, "lines": 0, "multiset": "00000000000000000000000000000000", "xxh3_128": "99aa06d3014798d86001c324468d497f"}
[2026-10-07T10:15:37Z] !!!!!!!! CORRECTNESS MISMATCH: pr3528-H-vocab-random-label-de-200k-warm-b1024-r256-r9 differs from H-vocab-random-label-de-200k base rep 1 (bodies kept in mismatch/) !!!!!!!!
[2026-10-07T10:15:37Z] pr3528-H-vocab-random-label-de-200k-warm-b1024-r256-r9 done
fatal: not a git repository (or any parent up to mount point /local)
Stopping at filesystem boundary (GIT_DISCOVERY_ACROSS_FILESYSTEM not set).
fatal: not a git repository (or any parent up to mount point /local)
Stopping at filesystem boundary (GIT_DISCOVERY_ACROSS_FILESYSTEM not set).
fatal: not a git repository (or any parent up to mount point /local)
Stopping at filesystem boundary (GIT_DISCOVERY_ACROSS_FILESYSTEM not set).
fatal: not a git repository (or any parent up to mount point /local)
Stopping at filesystem boundary (GIT_DISCOVERY_ACROSS_FILESYSTEM not set).
fatal: not a git repository (or any parent up to mount point /local)
Stopping at filesystem boundary (GIT_DISCOVERY_ACROSS_FILESYSTEM not set).
rep 1/1: complete export=s e2e=6.037738007s 19297737 bytes syscr=3095656 pread64=2403470 io_uring_enter=0 read_bytes=0 cpu_s=12.470000
[2026-10-07T10:16:45Z] pr3528-H-vocab-random-label-de-200k-warm-b16384-r256-r9 digest {"bytes": 19297737, "lines": 177845, "multiset": "f37756d7d28605fce036cc80f489bdb0", "xxh3_128": "1ad67f5d778a56661d17804e27bc74f9"}
[2026-10-07T10:16:45Z] pr3528-H-vocab-random-label-de-200k-warm-b16384-r256-r9 done
fatal: not a git repository (or any parent up to mount point /local)
Stopping at filesystem boundary (GIT_DISCOVERY_ACROSS_FILESYSTEM not set).
fatal: not a git repository (or any parent up to mount point /local)
Stopping at filesystem boundary (GIT_DISCOVERY_ACROSS_FILESYSTEM not set).
fatal: not a git repository (or any parent up to mount point /local)
Stopping at filesystem boundary (GIT_DISCOVERY_ACROSS_FILESYSTEM not set).
fatal: not a git repository (or any parent up to mount point /local)
Stopping at filesystem boundary (GIT_DISCOVERY_ACROSS_FILESYSTEM not set).
fatal: not a git repository (or any parent up to mount point /local)
Stopping at filesystem boundary (GIT_DISCOVERY_ACROSS_FILESYSTEM not set).
rep 1/1: complete export=s e2e=5.736411821s 19297737 bytes syscr=3101332 pread64=2403470 io_uring_enter=0 read_bytes=0 cpu_s=12.130000
[2026-10-07T10:17:49Z] pr3528-H-vocab-random-label-de-200k-warm-b1024-r256-r10 digest {"bytes": 19297737, "lines": 177845, "multiset": "f37756d7d28605fce036cc80f489bdb0", "xxh3_128": "1ad67f5d778a56661d17804e27bc74f9"}
[2026-10-07T10:17:49Z] pr3528-H-vocab-random-label-de-200k-warm-b1024-r256-r10 done
fatal: not a git repository (or any parent up to mount point /local)
Stopping at filesystem boundary (GIT_DISCOVERY_ACROSS_FILESYSTEM not set).
fatal: not a git repository (or any parent up to mount point /local)
Stopping at filesystem boundary (GIT_DISCOVERY_ACROSS_FILESYSTEM not set).
fatal: not a git repository (or any parent up to mount point /local)
Stopping at filesystem boundary (GIT_DISCOVERY_ACROSS_FILESYSTEM not set).
fatal: not a git repository (or any parent up to mount point /local)
Stopping at filesystem boundary (GIT_DISCOVERY_ACROSS_FILESYSTEM not set).
fatal: not a git repository (or any parent up to mount point /local)
Stopping at filesystem boundary (GIT_DISCOVERY_ACROSS_FILESYSTEM not set).
rep 1/1: complete export=s e2e=5.404899655s 19297737 bytes syscr=3095652 pread64=2403470 io_uring_enter=0 read_bytes=0 cpu_s=11.460000
[2026-10-07T10:18:49Z] pr3528-H-vocab-random-label-de-200k-warm-b16384-r256-r10 digest {"bytes": 19297737, "lines": 177845, "multiset": "f37756d7d28605fce036cc80f489bdb0", "xxh3_128": "1ad67f5d778a56661d17804e27bc74f9"}
[2026-10-07T10:18:49Z] pr3528-H-vocab-random-label-de-200k-warm-b16384-r256-r10 done
fatal: not a git repository (or any parent up to mount point /local)
Stopping at filesystem boundary (GIT_DISCOVERY_ACROSS_FILESYSTEM not set).
fatal: not a git repository (or any parent up to mount point /local)
Stopping at filesystem boundary (GIT_DISCOVERY_ACROSS_FILESYSTEM not set).
fatal: not a git repository (or any parent up to mount point /local)
Stopping at filesystem boundary (GIT_DISCOVERY_ACROSS_FILESYSTEM not set).
fatal: not a git repository (or any parent up to mount point /local)
Stopping at filesystem boundary (GIT_DISCOVERY_ACROSS_FILESYSTEM not set).
fatal: not a git repository (or any parent up to mount point /local)
Stopping at filesystem boundary (GIT_DISCOVERY_ACROSS_FILESYSTEM not set).
rep 1/1: complete export=s e2e=5.510776286s 19297737 bytes syscr=3095652 pread64=2403470 io_uring_enter=0 read_bytes=0 cpu_s=11.720000
[2026-10-07T10:19:49Z] pr3528-H-vocab-random-label-de-200k-warm-b16384-r1024-r10 digest {"bytes": 19297737, "lines": 177845, "multiset": "f37756d7d28605fce036cc80f489bdb0", "xxh3_128": "1ad67f5d778a56661d17804e27bc74f9"}
[2026-10-07T10:19:49Z] pr3528-H-vocab-random-label-de-200k-warm-b16384-r1024-r10 done
Caches dropped successfully (synced, then wrote 1
 to /proc/sys/vm/drop_caches).
fatal: not a git repository (or any parent up to mount point /local)
Stopping at filesystem boundary (GIT_DISCOVERY_ACROSS_FILESYSTEM not set).
fatal: not a git repository (or any parent up to mount point /local)
Stopping at filesystem boundary (GIT_DISCOVERY_ACROSS_FILESYSTEM not set).
fatal: not a git repository (or any parent up to mount point /local)
Stopping at filesystem boundary (GIT_DISCOVERY_ACROSS_FILESYSTEM not set).
fatal: not a git repository (or any parent up to mount point /local)
Stopping at filesystem boundary (GIT_DISCOVERY_ACROSS_FILESYSTEM not set).
fatal: not a git repository (or any parent up to mount point /local)
Stopping at filesystem boundary (GIT_DISCOVERY_ACROSS_FILESYSTEM not set).
rep 1/1: complete export=s e2e=43.621070842s 1302749672 bytes syscr=9924 pread64=9836 io_uring_enter=0 read_bytes=513314816 cpu_s=53.460000
[2026-10-07T10:21:23Z] pr3528-H-vocab-label-large-cold-b1024-r256-r1 digest {"bytes": 1302749672, "lines": 11643064, "multiset": "f5e829f8d2da8bad82dce60195f2a2d8", "xxh3_128": "cf2bbf8ee8a6414f7a14ff74cec09d1b"}
[2026-10-07T10:21:23Z] pr3528-H-vocab-label-large-cold-b1024-r256-r1 done
Caches dropped successfully (synced, then wrote 1
 to /proc/sys/vm/drop_caches).
fatal: not a git repository (or any parent up to mount point /local)
Stopping at filesystem boundary (GIT_DISCOVERY_ACROSS_FILESYSTEM not set).
fatal: not a git repository (or any parent up to mount point /local)
Stopping at filesystem boundary (GIT_DISCOVERY_ACROSS_FILESYSTEM not set).
fatal: not a git repository (or any parent up to mount point /local)
Stopping at filesystem boundary (GIT_DISCOVERY_ACROSS_FILESYSTEM not set).
fatal: not a git repository (or any parent up to mount point /local)
Stopping at filesystem boundary (GIT_DISCOVERY_ACROSS_FILESYSTEM not set).
fatal: not a git repository (or any parent up to mount point /local)
Stopping at filesystem boundary (GIT_DISCOVERY_ACROSS_FILESYSTEM not set).
rep 1/1: complete export=s e2e=34.120015517s 1302749672 bytes syscr=9904 pread64=9836 io_uring_enter=0 read_bytes=512098304 cpu_s=43.960000
[2026-10-07T10:22:43Z] pr3528-H-vocab-label-large-cold-b16384-r256-r1 digest {"bytes": 1302749672, "lines": 11643064, "multiset": "f5e829f8d2da8bad82dce60195f2a2d8", "xxh3_128": "cf2bbf8ee8a6414f7a14ff74cec09d1b"}
[2026-10-07T10:22:43Z] pr3528-H-vocab-label-large-cold-b16384-r256-r1 done
Caches dropped successfully (synced, then wrote 1
 to /proc/sys/vm/drop_caches).
fatal: not a git repository (or any parent up to mount point /local)
Stopping at filesystem boundary (GIT_DISCOVERY_ACROSS_FILESYSTEM not set).
fatal: not a git repository (or any parent up to mount point /local)
Stopping at filesystem boundary (GIT_DISCOVERY_ACROSS_FILESYSTEM not set).
fatal: not a git repository (or any parent up to mount point /local)
Stopping at filesystem boundary (GIT_DISCOVERY_ACROSS_FILESYSTEM not set).
fatal: not a git repository (or any parent up to mount point /local)
Stopping at filesystem boundary (GIT_DISCOVERY_ACROSS_FILESYSTEM not set).
fatal: not a git repository (or any parent up to mount point /local)
Stopping at filesystem boundary (GIT_DISCOVERY_ACROSS_FILESYSTEM not set).
rep 1/1: complete export=s e2e=32.733292867s 1302749672 bytes syscr=9904 pread64=9836 io_uring_enter=0 read_bytes=512233472 cpu_s=43.900000
[2026-10-07T10:23:56Z] pr3528-H-vocab-label-large-cold-b16384-r1024-r1 digest {"bytes": 1302749672, "lines": 11643064, "multiset": "f5e829f8d2da8bad82dce60195f2a2d8", "xxh3_128": "cf2bbf8ee8a6414f7a14ff74cec09d1b"}
[2026-10-07T10:23:56Z] pr3528-H-vocab-label-large-cold-b16384-r1024-r1 done
Caches dropped successfully (synced, then wrote 1
 to /proc/sys/vm/drop_caches).
fatal: not a git repository (or any parent up to mount point /local)
Stopping at filesystem boundary (GIT_DISCOVERY_ACROSS_FILESYSTEM not set).
fatal: not a git repository (or any parent up to mount point /local)
Stopping at filesystem boundary (GIT_DISCOVERY_ACROSS_FILESYSTEM not set).
fatal: not a git repository (or any parent up to mount point /local)
Stopping at filesystem boundary (GIT_DISCOVERY_ACROSS_FILESYSTEM not set).
fatal: not a git repository (or any parent up to mount point /local)
Stopping at filesystem boundary (GIT_DISCOVERY_ACROSS_FILESYSTEM not set).
fatal: not a git repository (or any parent up to mount point /local)
Stopping at filesystem boundary (GIT_DISCOVERY_ACROSS_FILESYSTEM not set).
rep 1/1: complete export=s e2e=35.810331336s 1302749672 bytes syscr=9908 pread64=9836 io_uring_enter=0 read_bytes=512233472 cpu_s=44.330000
[2026-10-07T10:25:17Z] pr3528-H-vocab-label-large-cold-b16384-r256-r2 digest {"bytes": 1302749672, "lines": 11643064, "multiset": "f5e829f8d2da8bad82dce60195f2a2d8", "xxh3_128": "cf2bbf8ee8a6414f7a14ff74cec09d1b"}
[2026-10-07T10:25:18Z] pr3528-H-vocab-label-large-cold-b16384-r256-r2 done
Caches dropped successfully (synced, then wrote 1
 to /proc/sys/vm/drop_caches).
fatal: not a git repository (or any parent up to mount point /local)
Stopping at filesystem boundary (GIT_DISCOVERY_ACROSS_FILESYSTEM not set).
fatal: not a git repository (or any parent up to mount point /local)
Stopping at filesystem boundary (GIT_DISCOVERY_ACROSS_FILESYSTEM not set).
fatal: not a git repository (or any parent up to mount point /local)
Stopping at filesystem boundary (GIT_DISCOVERY_ACROSS_FILESYSTEM not set).
fatal: not a git repository (or any parent up to mount point /local)
Stopping at filesystem boundary (GIT_DISCOVERY_ACROSS_FILESYSTEM not set).
fatal: not a git repository (or any parent up to mount point /local)
Stopping at filesystem boundary (GIT_DISCOVERY_ACROSS_FILESYSTEM not set).
rep 1/1: complete export=s e2e=35.092601119s 1302749672 bytes syscr=9908 pread64=9836 io_uring_enter=0 read_bytes=512098304 cpu_s=43.790000
[2026-10-07T10:26:38Z] pr3528-H-vocab-label-large-cold-b16384-r1024-r2 digest {"bytes": 1302749672, "lines": 11643064, "multiset": "f5e829f8d2da8bad82dce60195f2a2d8", "xxh3_128": "cf2bbf8ee8a6414f7a14ff74cec09d1b"}
[2026-10-07T10:26:39Z] pr3528-H-vocab-label-large-cold-b16384-r1024-r2 done
Caches dropped successfully (synced, then wrote 1
 to /proc/sys/vm/drop_caches).
fatal: not a git repository (or any parent up to mount point /local)
Stopping at filesystem boundary (GIT_DISCOVERY_ACROSS_FILESYSTEM not set).
fatal: not a git repository (or any parent up to mount point /local)
Stopping at filesystem boundary (GIT_DISCOVERY_ACROSS_FILESYSTEM not set).
fatal: not a git repository (or any parent up to mount point /local)
Stopping at filesystem boundary (GIT_DISCOVERY_ACROSS_FILESYSTEM not set).
fatal: not a git repository (or any parent up to mount point /local)
Stopping at filesystem boundary (GIT_DISCOVERY_ACROSS_FILESYSTEM not set).
fatal: not a git repository (or any parent up to mount point /local)
Stopping at filesystem boundary (GIT_DISCOVERY_ACROSS_FILESYSTEM not set).
rep 1/1: complete export=s e2e=44.691451721s 1302749672 bytes syscr=9924 pread64=9836 io_uring_enter=0 read_bytes=513314816 cpu_s=54.670000
[2026-10-07T10:28:07Z] pr3528-H-vocab-label-large-cold-b1024-r256-r2 digest {"bytes": 1302749672, "lines": 11643064, "multiset": "f5e829f8d2da8bad82dce60195f2a2d8", "xxh3_128": "cf2bbf8ee8a6414f7a14ff74cec09d1b"}
[2026-10-07T10:28:07Z] pr3528-H-vocab-label-large-cold-b1024-r256-r2 done
Caches dropped successfully (synced, then wrote 1
 to /proc/sys/vm/drop_caches).
fatal: not a git repository (or any parent up to mount point /local)
Stopping at filesystem boundary (GIT_DISCOVERY_ACROSS_FILESYSTEM not set).
fatal: not a git repository (or any parent up to mount point /local)
Stopping at filesystem boundary (GIT_DISCOVERY_ACROSS_FILESYSTEM not set).
fatal: not a git repository (or any parent up to mount point /local)
Stopping at filesystem boundary (GIT_DISCOVERY_ACROSS_FILESYSTEM not set).
fatal: not a git repository (or any parent up to mount point /local)
Stopping at filesystem boundary (GIT_DISCOVERY_ACROSS_FILESYSTEM not set).
fatal: not a git repository (or any parent up to mount point /local)
Stopping at filesystem boundary (GIT_DISCOVERY_ACROSS_FILESYSTEM not set).
rep 1/1: complete export=s e2e=35.707617801s 1302749672 bytes syscr=9908 pread64=9836 io_uring_enter=0 read_bytes=515399680 cpu_s=45.250000
[2026-10-07T10:29:30Z] pr3528-H-vocab-label-large-cold-b16384-r1024-r3 digest {"bytes": 1302749672, "lines": 11643064, "multiset": "f5e829f8d2da8bad82dce60195f2a2d8", "xxh3_128": "cf2bbf8ee8a6414f7a14ff74cec09d1b"}
[2026-10-07T10:29:30Z] pr3528-H-vocab-label-large-cold-b16384-r1024-r3 done
Caches dropped successfully (synced, then wrote 1
 to /proc/sys/vm/drop_caches).
fatal: not a git repository (or any parent up to mount point /local)
Stopping at filesystem boundary (GIT_DISCOVERY_ACROSS_FILESYSTEM not set).
fatal: not a git repository (or any parent up to mount point /local)
Stopping at filesystem boundary (GIT_DISCOVERY_ACROSS_FILESYSTEM not set).
fatal: not a git repository (or any parent up to mount point /local)
Stopping at filesystem boundary (GIT_DISCOVERY_ACROSS_FILESYSTEM not set).
fatal: not a git repository (or any parent up to mount point /local)
Stopping at filesystem boundary (GIT_DISCOVERY_ACROSS_FILESYSTEM not set).
fatal: not a git repository (or any parent up to mount point /local)
Stopping at filesystem boundary (GIT_DISCOVERY_ACROSS_FILESYSTEM not set).
rep 1/1: complete export=s e2e=46.081829943s 1302749672 bytes syscr=9928 pread64=9836 io_uring_enter=0 read_bytes=512233472 cpu_s=56.060000
[2026-10-07T10:31:01Z] pr3528-H-vocab-label-large-cold-b1024-r256-r3 digest {"bytes": 1302749672, "lines": 11643064, "multiset": "f5e829f8d2da8bad82dce60195f2a2d8", "xxh3_128": "cf2bbf8ee8a6414f7a14ff74cec09d1b"}
[2026-10-07T10:31:02Z] pr3528-H-vocab-label-large-cold-b1024-r256-r3 done
Caches dropped successfully (synced, then wrote 1
 to /proc/sys/vm/drop_caches).
fatal: not a git repository (or any parent up to mount point /local)
Stopping at filesystem boundary (GIT_DISCOVERY_ACROSS_FILESYSTEM not set).
fatal: not a git repository (or any parent up to mount point /local)
Stopping at filesystem boundary (GIT_DISCOVERY_ACROSS_FILESYSTEM not set).
fatal: not a git repository (or any parent up to mount point /local)
Stopping at filesystem boundary (GIT_DISCOVERY_ACROSS_FILESYSTEM not set).
fatal: not a git repository (or any parent up to mount point /local)
Stopping at filesystem boundary (GIT_DISCOVERY_ACROSS_FILESYSTEM not set).
fatal: not a git repository (or any parent up to mount point /local)
Stopping at filesystem boundary (GIT_DISCOVERY_ACROSS_FILESYSTEM not set).
rep 1/1: complete export=s e2e=33.236565279s 1302749672 bytes syscr=9904 pread64=9836 io_uring_enter=0 read_bytes=512098304 cpu_s=43.780000
[2026-10-07T10:32:17Z] pr3528-H-vocab-label-large-cold-b16384-r256-r3 digest {"bytes": 1302749672, "lines": 11643064, "multiset": "f5e829f8d2da8bad82dce60195f2a2d8", "xxh3_128": "cf2bbf8ee8a6414f7a14ff74cec09d1b"}
[2026-10-07T10:32:17Z] pr3528-H-vocab-label-large-cold-b16384-r256-r3 done
Caches dropped successfully (synced, then wrote 1
 to /proc/sys/vm/drop_caches).
fatal: not a git repository (or any parent up to mount point /local)
Stopping at filesystem boundary (GIT_DISCOVERY_ACROSS_FILESYSTEM not set).
fatal: not a git repository (or any parent up to mount point /local)
Stopping at filesystem boundary (GIT_DISCOVERY_ACROSS_FILESYSTEM not set).
fatal: not a git repository (or any parent up to mount point /local)
Stopping at filesystem boundary (GIT_DISCOVERY_ACROSS_FILESYSTEM not set).
fatal: not a git repository (or any parent up to mount point /local)
Stopping at filesystem boundary (GIT_DISCOVERY_ACROSS_FILESYSTEM not set).
fatal: not a git repository (or any parent up to mount point /local)
Stopping at filesystem boundary (GIT_DISCOVERY_ACROSS_FILESYSTEM not set).
rep 1/1: complete export=s e2e=50.671064536s 1302749672 bytes syscr=9936 pread64=9836 io_uring_enter=0 read_bytes=512098304 cpu_s=59.970000
[2026-10-07T10:33:55Z] pr3528-H-vocab-label-large-cold-b1024-r256-r4 digest {"bytes": 1302749672, "lines": 11643064, "multiset": "f5e829f8d2da8bad82dce60195f2a2d8", "xxh3_128": "cf2bbf8ee8a6414f7a14ff74cec09d1b"}
[2026-10-07T10:33:55Z] pr3528-H-vocab-label-large-cold-b1024-r256-r4 done
Caches dropped successfully (synced, then wrote 1
 to /proc/sys/vm/drop_caches).
fatal: not a git repository (or any parent up to mount point /local)
Stopping at filesystem boundary (GIT_DISCOVERY_ACROSS_FILESYSTEM not set).
fatal: not a git repository (or any parent up to mount point /local)
Stopping at filesystem boundary (GIT_DISCOVERY_ACROSS_FILESYSTEM not set).
fatal: not a git repository (or any parent up to mount point /local)
Stopping at filesystem boundary (GIT_DISCOVERY_ACROSS_FILESYSTEM not set).
fatal: not a git repository (or any parent up to mount point /local)
Stopping at filesystem boundary (GIT_DISCOVERY_ACROSS_FILESYSTEM not set).
fatal: not a git repository (or any parent up to mount point /local)
Stopping at filesystem boundary (GIT_DISCOVERY_ACROSS_FILESYSTEM not set).
rep 1/1: complete export=s e2e=36.010621886s 1302749672 bytes syscr=9908 pread64=9836 io_uring_enter=0 read_bytes=512274432 cpu_s=46.490000
[2026-10-07T10:35:20Z] pr3528-H-vocab-label-large-cold-b16384-r256-r4 digest {"bytes": 1302749672, "lines": 11643064, "multiset": "f5e829f8d2da8bad82dce60195f2a2d8", "xxh3_128": "cf2bbf8ee8a6414f7a14ff74cec09d1b"}
[2026-10-07T10:35:20Z] pr3528-H-vocab-label-large-cold-b16384-r256-r4 done
Caches dropped successfully (synced, then wrote 1
 to /proc/sys/vm/drop_caches).
fatal: not a git repository (or any parent up to mount point /local)
Stopping at filesystem boundary (GIT_DISCOVERY_ACROSS_FILESYSTEM not set).
fatal: not a git repository (or any parent up to mount point /local)
Stopping at filesystem boundary (GIT_DISCOVERY_ACROSS_FILESYSTEM not set).
fatal: not a git repository (or any parent up to mount point /local)
Stopping at filesystem boundary (GIT_DISCOVERY_ACROSS_FILESYSTEM not set).
fatal: not a git repository (or any parent up to mount point /local)
Stopping at filesystem boundary (GIT_DISCOVERY_ACROSS_FILESYSTEM not set).
fatal: not a git repository (or any parent up to mount point /local)
Stopping at filesystem boundary (GIT_DISCOVERY_ACROSS_FILESYSTEM not set).
rep 1/1: complete export=s e2e=36.631092919s 1302749672 bytes syscr=9908 pread64=9836 io_uring_enter=0 read_bytes=513449984 cpu_s=47.230000
[2026-10-07T10:36:48Z] pr3528-H-vocab-label-large-cold-b16384-r1024-r4 digest {"bytes": 1302749672, "lines": 11643064, "multiset": "f5e829f8d2da8bad82dce60195f2a2d8", "xxh3_128": "cf2bbf8ee8a6414f7a14ff74cec09d1b"}
[2026-10-07T10:36:48Z] pr3528-H-vocab-label-large-cold-b16384-r1024-r4 done
Caches dropped successfully (synced, then wrote 1
 to /proc/sys/vm/drop_caches).
fatal: not a git repository (or any parent up to mount point /local)
Stopping at filesystem boundary (GIT_DISCOVERY_ACROSS_FILESYSTEM not set).
fatal: not a git repository (or any parent up to mount point /local)
Stopping at filesystem boundary (GIT_DISCOVERY_ACROSS_FILESYSTEM not set).
fatal: not a git repository (or any parent up to mount point /local)
Stopping at filesystem boundary (GIT_DISCOVERY_ACROSS_FILESYSTEM not set).
fatal: not a git repository (or any parent up to mount point /local)
Stopping at filesystem boundary (GIT_DISCOVERY_ACROSS_FILESYSTEM not set).
fatal: not a git repository (or any parent up to mount point /local)
Stopping at filesystem boundary (GIT_DISCOVERY_ACROSS_FILESYSTEM not set).
rep 1/1: complete export=s e2e=33.674697109s 1302749672 bytes syscr=9904 pread64=9836 io_uring_enter=0 read_bytes=512233472 cpu_s=44.710000
[2026-10-07T10:38:13Z] pr3528-H-vocab-label-large-cold-b16384-r256-r5 digest {"bytes": 1302749672, "lines": 11643064, "multiset": "f5e829f8d2da8bad82dce60195f2a2d8", "xxh3_128": "cf2bbf8ee8a6414f7a14ff74cec09d1b"}
[2026-10-07T10:38:13Z] pr3528-H-vocab-label-large-cold-b16384-r256-r5 done
Caches dropped successfully (synced, then wrote 1
 to /proc/sys/vm/drop_caches).
fatal: not a git repository (or any parent up to mount point /local)
Stopping at filesystem boundary (GIT_DISCOVERY_ACROSS_FILESYSTEM not set).
fatal: not a git repository (or any parent up to mount point /local)
Stopping at filesystem boundary (GIT_DISCOVERY_ACROSS_FILESYSTEM not set).
fatal: not a git repository (or any parent up to mount point /local)
Stopping at filesystem boundary (GIT_DISCOVERY_ACROSS_FILESYSTEM not set).
fatal: not a git repository (or any parent up to mount point /local)
Stopping at filesystem boundary (GIT_DISCOVERY_ACROSS_FILESYSTEM not set).
fatal: not a git repository (or any parent up to mount point /local)
Stopping at filesystem boundary (GIT_DISCOVERY_ACROSS_FILESYSTEM not set).
rep 1/1: complete export=s e2e=33.204673074s 1302749672 bytes syscr=9900 pread64=9836 io_uring_enter=0 read_bytes=512237568 cpu_s=44.170000
[2026-10-07T10:39:35Z] pr3528-H-vocab-label-large-cold-b16384-r1024-r5 digest {"bytes": 1302749672, "lines": 11643064, "multiset": "f5e829f8d2da8bad82dce60195f2a2d8", "xxh3_128": "cf2bbf8ee8a6414f7a14ff74cec09d1b"}
[2026-10-07T10:39:35Z] pr3528-H-vocab-label-large-cold-b16384-r1024-r5 done
Caches dropped successfully (synced, then wrote 1
 to /proc/sys/vm/drop_caches).
fatal: not a git repository (or any parent up to mount point /local)
Stopping at filesystem boundary (GIT_DISCOVERY_ACROSS_FILESYSTEM not set).
fatal: not a git repository (or any parent up to mount point /local)
Stopping at filesystem boundary (GIT_DISCOVERY_ACROSS_FILESYSTEM not set).
fatal: not a git repository (or any parent up to mount point /local)
Stopping at filesystem boundary (GIT_DISCOVERY_ACROSS_FILESYSTEM not set).
fatal: not a git repository (or any parent up to mount point /local)
Stopping at filesystem boundary (GIT_DISCOVERY_ACROSS_FILESYSTEM not set).
fatal: not a git repository (or any parent up to mount point /local)
Stopping at filesystem boundary (GIT_DISCOVERY_ACROSS_FILESYSTEM not set).
rep 1/1: complete export=s e2e=44.108981749s 1302749672 bytes syscr=9924 pread64=9836 io_uring_enter=0 read_bytes=512286720 cpu_s=55.420000
[2026-10-07T10:41:08Z] pr3528-H-vocab-label-large-cold-b1024-r256-r5 digest {"bytes": 1302749672, "lines": 11643064, "multiset": "f5e829f8d2da8bad82dce60195f2a2d8", "xxh3_128": "cf2bbf8ee8a6414f7a14ff74cec09d1b"}
[2026-10-07T10:41:09Z] pr3528-H-vocab-label-large-cold-b1024-r256-r5 done
Caches dropped successfully (synced, then wrote 1
 to /proc/sys/vm/drop_caches).
fatal: not a git repository (or any parent up to mount point /local)
Stopping at filesystem boundary (GIT_DISCOVERY_ACROSS_FILESYSTEM not set).
fatal: not a git repository (or any parent up to mount point /local)
Stopping at filesystem boundary (GIT_DISCOVERY_ACROSS_FILESYSTEM not set).
fatal: not a git repository (or any parent up to mount point /local)
Stopping at filesystem boundary (GIT_DISCOVERY_ACROSS_FILESYSTEM not set).
fatal: not a git repository (or any parent up to mount point /local)
Stopping at filesystem boundary (GIT_DISCOVERY_ACROSS_FILESYSTEM not set).
fatal: not a git repository (or any parent up to mount point /local)
Stopping at filesystem boundary (GIT_DISCOVERY_ACROSS_FILESYSTEM not set).
rep 1/1: complete export=s e2e=32.494194811s 1302749672 bytes syscr=9900 pread64=9836 io_uring_enter=0 read_bytes=512274432 cpu_s=43.700000
[2026-10-07T10:42:29Z] pr3528-H-vocab-label-large-cold-b16384-r1024-r6 digest {"bytes": 1302749672, "lines": 11643064, "multiset": "f5e829f8d2da8bad82dce60195f2a2d8", "xxh3_128": "cf2bbf8ee8a6414f7a14ff74cec09d1b"}
[2026-10-07T10:42:29Z] pr3528-H-vocab-label-large-cold-b16384-r1024-r6 done
Caches dropped successfully (synced, then wrote 1
 to /proc/sys/vm/drop_caches).
fatal: not a git repository (or any parent up to mount point /local)
Stopping at filesystem boundary (GIT_DISCOVERY_ACROSS_FILESYSTEM not set).
fatal: not a git repository (or any parent up to mount point /local)
Stopping at filesystem boundary (GIT_DISCOVERY_ACROSS_FILESYSTEM not set).
fatal: not a git repository (or any parent up to mount point /local)
Stopping at filesystem boundary (GIT_DISCOVERY_ACROSS_FILESYSTEM not set).
fatal: not a git repository (or any parent up to mount point /local)
Stopping at filesystem boundary (GIT_DISCOVERY_ACROSS_FILESYSTEM not set).
fatal: not a git repository (or any parent up to mount point /local)
Stopping at filesystem boundary (GIT_DISCOVERY_ACROSS_FILESYSTEM not set).
rep 1/1: complete export=s e2e=46.453802967s 1302749672 bytes syscr=9932 pread64=9836 io_uring_enter=0 read_bytes=512233472 cpu_s=57.750000
[2026-10-07T10:44:04Z] pr3528-H-vocab-label-large-cold-b1024-r256-r6 digest {"bytes": 1302749672, "lines": 11643064, "multiset": "f5e829f8d2da8bad82dce60195f2a2d8", "xxh3_128": "cf2bbf8ee8a6414f7a14ff74cec09d1b"}
[2026-10-07T10:44:04Z] pr3528-H-vocab-label-large-cold-b1024-r256-r6 done
Caches dropped successfully (synced, then wrote 1
 to /proc/sys/vm/drop_caches).
fatal: not a git repository (or any parent up to mount point /local)
Stopping at filesystem boundary (GIT_DISCOVERY_ACROSS_FILESYSTEM not set).
fatal: not a git repository (or any parent up to mount point /local)
Stopping at filesystem boundary (GIT_DISCOVERY_ACROSS_FILESYSTEM not set).
fatal: not a git repository (or any parent up to mount point /local)
Stopping at filesystem boundary (GIT_DISCOVERY_ACROSS_FILESYSTEM not set).
fatal: not a git repository (or any parent up to mount point /local)
Stopping at filesystem boundary (GIT_DISCOVERY_ACROSS_FILESYSTEM not set).
fatal: not a git repository (or any parent up to mount point /local)
Stopping at filesystem boundary (GIT_DISCOVERY_ACROSS_FILESYSTEM not set).
rep 1/1: complete export=s e2e=33.992190364s 1302749672 bytes syscr=9904 pread64=9836 io_uring_enter=0 read_bytes=512237568 cpu_s=44.890000
[2026-10-07T10:45:25Z] pr3528-H-vocab-label-large-cold-b16384-r256-r6 digest {"bytes": 1302749672, "lines": 11643064, "multiset": "f5e829f8d2da8bad82dce60195f2a2d8", "xxh3_128": "cf2bbf8ee8a6414f7a14ff74cec09d1b"}
[2026-10-07T10:45:25Z] pr3528-H-vocab-label-large-cold-b16384-r256-r6 done
Caches dropped successfully (synced, then wrote 1
 to /proc/sys/vm/drop_caches).
fatal: not a git repository (or any parent up to mount point /local)
Stopping at filesystem boundary (GIT_DISCOVERY_ACROSS_FILESYSTEM not set).
fatal: not a git repository (or any parent up to mount point /local)
Stopping at filesystem boundary (GIT_DISCOVERY_ACROSS_FILESYSTEM not set).
fatal: not a git repository (or any parent up to mount point /local)
Stopping at filesystem boundary (GIT_DISCOVERY_ACROSS_FILESYSTEM not set).
fatal: not a git repository (or any parent up to mount point /local)
Stopping at filesystem boundary (GIT_DISCOVERY_ACROSS_FILESYSTEM not set).
fatal: not a git repository (or any parent up to mount point /local)
Stopping at filesystem boundary (GIT_DISCOVERY_ACROSS_FILESYSTEM not set).
rep 1/1: complete export=s e2e=44.356999386s 1302749672 bytes syscr=9928 pread64=9836 io_uring_enter=0 read_bytes=512233472 cpu_s=56.100000
[2026-10-07T10:46:56Z] pr3528-H-vocab-label-large-cold-b1024-r256-r7 digest {"bytes": 1302749672, "lines": 11643064, "multiset": "f5e829f8d2da8bad82dce60195f2a2d8", "xxh3_128": "cf2bbf8ee8a6414f7a14ff74cec09d1b"}
[2026-10-07T10:46:56Z] pr3528-H-vocab-label-large-cold-b1024-r256-r7 done
Caches dropped successfully (synced, then wrote 1
 to /proc/sys/vm/drop_caches).
fatal: not a git repository (or any parent up to mount point /local)
Stopping at filesystem boundary (GIT_DISCOVERY_ACROSS_FILESYSTEM not set).
fatal: not a git repository (or any parent up to mount point /local)
Stopping at filesystem boundary (GIT_DISCOVERY_ACROSS_FILESYSTEM not set).
fatal: not a git repository (or any parent up to mount point /local)
Stopping at filesystem boundary (GIT_DISCOVERY_ACROSS_FILESYSTEM not set).
fatal: not a git repository (or any parent up to mount point /local)
Stopping at filesystem boundary (GIT_DISCOVERY_ACROSS_FILESYSTEM not set).
fatal: not a git repository (or any parent up to mount point /local)
Stopping at filesystem boundary (GIT_DISCOVERY_ACROSS_FILESYSTEM not set).
rep 1/1: complete export=s e2e=31.763081380s 1302749672 bytes syscr=9896 pread64=9836 io_uring_enter=0 read_bytes=512233472 cpu_s=43.270000
[2026-10-07T10:48:14Z] pr3528-H-vocab-label-large-cold-b16384-r256-r7 digest {"bytes": 1302749672, "lines": 11643064, "multiset": "f5e829f8d2da8bad82dce60195f2a2d8", "xxh3_128": "cf2bbf8ee8a6414f7a14ff74cec09d1b"}
[2026-10-07T10:48:14Z] pr3528-H-vocab-label-large-cold-b16384-r256-r7 done
Caches dropped successfully (synced, then wrote 1
 to /proc/sys/vm/drop_caches).
fatal: not a git repository (or any parent up to mount point /local)
Stopping at filesystem boundary (GIT_DISCOVERY_ACROSS_FILESYSTEM not set).
fatal: not a git repository (or any parent up to mount point /local)
Stopping at filesystem boundary (GIT_DISCOVERY_ACROSS_FILESYSTEM not set).
fatal: not a git repository (or any parent up to mount point /local)
Stopping at filesystem boundary (GIT_DISCOVERY_ACROSS_FILESYSTEM not set).
fatal: not a git repository (or any parent up to mount point /local)
Stopping at filesystem boundary (GIT_DISCOVERY_ACROSS_FILESYSTEM not set).
fatal: not a git repository (or any parent up to mount point /local)
Stopping at filesystem boundary (GIT_DISCOVERY_ACROSS_FILESYSTEM not set).
rep 1/1: complete export=s e2e=25.535057568s 1302749672 bytes syscr=9884 pread64=9836 io_uring_enter=0 read_bytes=512274432 cpu_s=36.540000
[2026-10-07T10:49:22Z] pr3528-H-vocab-label-large-cold-b16384-r1024-r7 digest {"bytes": 1302749672, "lines": 11643064, "multiset": "f5e829f8d2da8bad82dce60195f2a2d8", "xxh3_128": "cf2bbf8ee8a6414f7a14ff74cec09d1b"}
[2026-10-07T10:49:22Z] pr3528-H-vocab-label-large-cold-b16384-r1024-r7 done
Caches dropped successfully (synced, then wrote 1
 to /proc/sys/vm/drop_caches).
fatal: not a git repository (or any parent up to mount point /local)
Stopping at filesystem boundary (GIT_DISCOVERY_ACROSS_FILESYSTEM not set).
fatal: not a git repository (or any parent up to mount point /local)
Stopping at filesystem boundary (GIT_DISCOVERY_ACROSS_FILESYSTEM not set).
fatal: not a git repository (or any parent up to mount point /local)
Stopping at filesystem boundary (GIT_DISCOVERY_ACROSS_FILESYSTEM not set).
fatal: not a git repository (or any parent up to mount point /local)
Stopping at filesystem boundary (GIT_DISCOVERY_ACROSS_FILESYSTEM not set).
fatal: not a git repository (or any parent up to mount point /local)
Stopping at filesystem boundary (GIT_DISCOVERY_ACROSS_FILESYSTEM not set).
[2026-10-07T10:49:57Z] !!!!!!!! terminated !!!!!!!!
