2026-09-28 20:36:21.629 - INFO: [1mQLever server CIKM-3057-gee089e9f0, compiled on Mon Sep 28 16:03:33 UTC 2026 using git hash ee089e9[22m
2026-09-28 20:36:21.629 - INFO: Runtime parameter set from the command line: use-fast-export-stream-formatter=false
2026-09-28 20:36:21.629 - INFO: Cleanup of previous index directories after each rebuild enabled (--rebuild-keep-previous-index-dirs original-and-most-recent)
2026-09-28 20:36:21.629 - INFO: The git hash used to build this index was "65f84b4"
2026-09-28 20:36:21.629 - INFO: Reading vocabulary from file /local/data-ssd/stoetzem/dblp/dblp.vocabulary.words ...
2026-09-28 20:36:21.636 - INFO: Done, number of words: 446,944,668
2026-09-28 20:36:21.636 - INFO: Number of words in internal vocabulary (these are also part of the external vocabulary): 446,955
2026-09-28 20:36:21.640 - INFO: Registered PSO permutation: #relations = 6, #blocks = 8,187, #triples = 255,805,025
2026-09-28 20:36:21.659 - INFO: Registered PSO permutation: #relations = 96, #blocks = 51,023, #triples = 1,593,245,022
2026-09-28 20:36:21.661 - INFO: Registered POS permutation: #relations = 6, #blocks = 8,187, #triples = 255,805,025
2026-09-28 20:36:21.680 - INFO: Registered POS permutation: #relations = 96, #blocks = 51,023, #triples = 1,593,245,022
2026-09-28 20:36:21.696 - INFO: Registered OPS permutation: #relations = 345,357,897, #blocks = 42,492, #triples = 1,593,245,022
2026-09-28 20:36:21.712 - INFO: Registered OSP permutation: #relations = 345,357,897, #blocks = 42,492, #triples = 1,593,245,022
2026-09-28 20:36:21.722 - INFO: Registered SPO permutation: #relations = 255,804,614, #blocks = 33,993, #triples = 1,593,245,022
2026-09-28 20:36:21.730 - INFO: Registered SOP permutation: #relations = 255,804,614, #blocks = 33,993, #triples = 1,593,245,022
2026-09-28 20:36:21.730 - INFO: Reading patterns from file /local/data-ssd/stoetzem/dblp/dblp.index.patterns ...
2026-09-28 20:36:21.730 - INFO: Sorting random result tables to estimate the sorting performance of this machine ...
2026-09-28 20:36:29.742 - INFO: Initializing server ...
2026-09-28 20:36:29.742 - INFO: No access token required for restricted API calls
2026-09-28 20:36:29.742 - INFO: The server is ready, listening for requests on port 7304 ...
2026-09-28 20:36:59.343 - INFO: 
2026-09-28 20:36:59.343 - INFO: Request received via GET, no content type specified
2026-09-28 20:36:59.343 - INFO: Processing command "clear-cache": clear the cache (unpinned elements only)
2026-09-28 20:36:59.361 - INFO: 
2026-09-28 20:36:59.361 - INFO: Request received via POST, content type "application/x-www-form-urlencoded"
2026-09-28 20:36:59.363 - INFO: Processing the following SPARQL query:
# Tier H-vocab — title literals, large
# Goal: external-vocabulary lookup pressure with larger bounded output.
PREFIX dblp: <https://dblp.org/rdf/schema#>

CONSTRUCT { ?paper dblp:title ?title }
WHERE {
  ?paper dblp:title ?title .
}
LIMIT 100000

2026-09-28 20:36:59.363 - INFO: Requested media types of the result are: "text/turtle"
2026-09-28 20:36:59.364 - INFO: Query planning done in 2 ms
2026-09-28 20:36:59.364 - INFO: Result has unknown size (not computed yet)
2026-09-28 20:36:59.899 - INFO: Done processing query and sending result, total time was 537 ms
2026-09-28 20:37:12.685 - INFO: 
2026-09-28 20:37:12.685 - INFO: Request received via GET, no content type specified
2026-09-28 20:37:12.685 - INFO: Processing command "clear-cache": clear the cache (unpinned elements only)
2026-09-28 20:37:12.703 - INFO: 
2026-09-28 20:37:12.703 - INFO: Request received via POST, content type "application/x-www-form-urlencoded"
2026-09-28 20:37:12.703 - INFO: Processing the following SPARQL query:
# Tier H-vocab — title literals, large
# Goal: external-vocabulary lookup pressure with larger bounded output.
PREFIX dblp: <https://dblp.org/rdf/schema#>

CONSTRUCT { ?paper dblp:title ?title }
WHERE {
  ?paper dblp:title ?title .
}
LIMIT 100000

2026-09-28 20:37:12.703 - INFO: Requested media types of the result are: "text/turtle"
2026-09-28 20:37:12.703 - INFO: Query planning done in 0 ms
2026-09-28 20:37:12.703 - INFO: Result has unknown size (not computed yet)
2026-09-28 20:37:13.241 - INFO: Done processing query and sending result, total time was 538 ms
2026-09-28 20:37:13.262 - INFO: 
2026-09-28 20:37:13.262 - INFO: Request received via GET, no content type specified
2026-09-28 20:37:13.262 - INFO: Processing command "clear-cache": clear the cache (unpinned elements only)
2026-09-28 20:37:13.287 - INFO: 
2026-09-28 20:37:13.287 - INFO: Request received via POST, content type "application/x-www-form-urlencoded"
2026-09-28 20:37:13.287 - INFO: Processing the following SPARQL query:
# Tier H-vocab — title literals, large
# Goal: external-vocabulary lookup pressure with larger bounded output.
PREFIX dblp: <https://dblp.org/rdf/schema#>

CONSTRUCT { ?paper dblp:title ?title }
WHERE {
  ?paper dblp:title ?title .
}
LIMIT 100000

2026-09-28 20:37:13.287 - INFO: Requested media types of the result are: "text/turtle"
2026-09-28 20:37:13.287 - INFO: Query planning done in 0 ms
2026-09-28 20:37:13.288 - INFO: Result has unknown size (not computed yet)
2026-09-28 20:37:13.822 - INFO: Done processing query and sending result, total time was 534 ms
2026-09-28 20:37:13.842 - INFO: 
2026-09-28 20:37:13.842 - INFO: Request received via GET, no content type specified
2026-09-28 20:37:13.842 - INFO: Processing command "clear-cache": clear the cache (unpinned elements only)
2026-09-28 20:37:13.860 - INFO: 
2026-09-28 20:37:13.860 - INFO: Request received via POST, content type "application/x-www-form-urlencoded"
2026-09-28 20:37:13.860 - INFO: Processing the following SPARQL query:
# Tier H-vocab — title literals, large
# Goal: external-vocabulary lookup pressure with larger bounded output.
PREFIX dblp: <https://dblp.org/rdf/schema#>

CONSTRUCT { ?paper dblp:title ?title }
WHERE {
  ?paper dblp:title ?title .
}
LIMIT 100000

2026-09-28 20:37:13.860 - INFO: Requested media types of the result are: "text/turtle"
2026-09-28 20:37:13.860 - INFO: Query planning done in 0 ms
2026-09-28 20:37:13.861 - INFO: Result has unknown size (not computed yet)
2026-09-28 20:37:14.357 - INFO: Done processing query and sending result, total time was 497 ms
2026-09-28 20:37:14.378 - INFO: 
2026-09-28 20:37:14.378 - INFO: Request received via GET, no content type specified
2026-09-28 20:37:14.378 - INFO: Processing command "clear-cache": clear the cache (unpinned elements only)
2026-09-28 20:37:14.396 - INFO: 
2026-09-28 20:37:14.396 - INFO: Request received via POST, content type "application/x-www-form-urlencoded"
2026-09-28 20:37:14.396 - INFO: Processing the following SPARQL query:
# Tier H-vocab — title literals, large
# Goal: external-vocabulary lookup pressure with larger bounded output.
PREFIX dblp: <https://dblp.org/rdf/schema#>

CONSTRUCT { ?paper dblp:title ?title }
WHERE {
  ?paper dblp:title ?title .
}
LIMIT 100000

2026-09-28 20:37:14.396 - INFO: Requested media types of the result are: "text/turtle"
2026-09-28 20:37:14.396 - INFO: Query planning done in 0 ms
2026-09-28 20:37:14.396 - INFO: Result has unknown size (not computed yet)
2026-09-28 20:37:14.890 - INFO: Done processing query and sending result, total time was 494 ms
2026-09-28 20:37:14.910 - INFO: 
2026-09-28 20:37:14.910 - INFO: Request received via GET, no content type specified
2026-09-28 20:37:14.910 - INFO: Processing command "clear-cache": clear the cache (unpinned elements only)
2026-09-28 20:37:14.928 - INFO: 
2026-09-28 20:37:14.928 - INFO: Request received via POST, content type "application/x-www-form-urlencoded"
2026-09-28 20:37:14.928 - INFO: Processing the following SPARQL query:
# Tier H-vocab — title literals, large
# Goal: external-vocabulary lookup pressure with larger bounded output.
PREFIX dblp: <https://dblp.org/rdf/schema#>

CONSTRUCT { ?paper dblp:title ?title }
WHERE {
  ?paper dblp:title ?title .
}
LIMIT 100000

2026-09-28 20:37:14.928 - INFO: Requested media types of the result are: "text/turtle"
2026-09-28 20:37:14.929 - INFO: Query planning done in 0 ms
2026-09-28 20:37:14.929 - INFO: Result has unknown size (not computed yet)
2026-09-28 20:37:15.443 - INFO: Done processing query and sending result, total time was 515 ms
2026-09-28 20:37:15.464 - INFO: 
2026-09-28 20:37:15.464 - INFO: Request received via GET, no content type specified
2026-09-28 20:37:15.464 - INFO: Processing command "clear-cache": clear the cache (unpinned elements only)
2026-09-28 20:37:15.481 - INFO: 
2026-09-28 20:37:15.481 - INFO: Request received via POST, content type "application/x-www-form-urlencoded"
2026-09-28 20:37:15.482 - INFO: Processing the following SPARQL query:
# Tier H-vocab — title literals, large
# Goal: external-vocabulary lookup pressure with larger bounded output.
PREFIX dblp: <https://dblp.org/rdf/schema#>

CONSTRUCT { ?paper dblp:title ?title }
WHERE {
  ?paper dblp:title ?title .
}
LIMIT 100000

2026-09-28 20:37:15.482 - INFO: Requested media types of the result are: "text/turtle"
2026-09-28 20:37:15.482 - INFO: Query planning done in 0 ms
2026-09-28 20:37:15.482 - INFO: Result has unknown size (not computed yet)
2026-09-28 20:37:15.992 - INFO: Done processing query and sending result, total time was 510 ms
2026-09-28 20:37:16.012 - INFO: 
2026-09-28 20:37:16.012 - INFO: Request received via GET, no content type specified
2026-09-28 20:37:16.012 - INFO: Processing command "clear-cache": clear the cache (unpinned elements only)
2026-09-28 20:37:16.030 - INFO: 
2026-09-28 20:37:16.030 - INFO: Request received via POST, content type "application/x-www-form-urlencoded"
2026-09-28 20:37:16.030 - INFO: Processing the following SPARQL query:
# Tier H-vocab — title literals, large
# Goal: external-vocabulary lookup pressure with larger bounded output.
PREFIX dblp: <https://dblp.org/rdf/schema#>

CONSTRUCT { ?paper dblp:title ?title }
WHERE {
  ?paper dblp:title ?title .
}
LIMIT 100000

2026-09-28 20:37:16.030 - INFO: Requested media types of the result are: "text/turtle"
2026-09-28 20:37:16.030 - INFO: Query planning done in 0 ms
2026-09-28 20:37:16.031 - INFO: Result has unknown size (not computed yet)
2026-09-28 20:37:16.524 - INFO: Done processing query and sending result, total time was 493 ms
2026-09-28 20:37:16.544 - INFO: 
2026-09-28 20:37:16.544 - INFO: Request received via GET, no content type specified
2026-09-28 20:37:16.544 - INFO: Processing command "clear-cache": clear the cache (unpinned elements only)
2026-09-28 20:37:16.568 - INFO: 
2026-09-28 20:37:16.568 - INFO: Request received via POST, content type "application/x-www-form-urlencoded"
2026-09-28 20:37:16.568 - INFO: Processing the following SPARQL query:
# Tier H-vocab — title literals, large
# Goal: external-vocabulary lookup pressure with larger bounded output.
PREFIX dblp: <https://dblp.org/rdf/schema#>

CONSTRUCT { ?paper dblp:title ?title }
WHERE {
  ?paper dblp:title ?title .
}
LIMIT 100000

2026-09-28 20:37:16.568 - INFO: Requested media types of the result are: "text/turtle"
2026-09-28 20:37:16.568 - INFO: Query planning done in 0 ms
2026-09-28 20:37:16.568 - INFO: Result has unknown size (not computed yet)
2026-09-28 20:37:17.061 - INFO: Done processing query and sending result, total time was 493 ms
2026-09-28 20:37:17.082 - INFO: 
2026-09-28 20:37:17.082 - INFO: Request received via GET, no content type specified
2026-09-28 20:37:17.082 - INFO: Processing command "clear-cache": clear the cache (unpinned elements only)
2026-09-28 20:37:17.100 - INFO: 
2026-09-28 20:37:17.100 - INFO: Request received via POST, content type "application/x-www-form-urlencoded"
2026-09-28 20:37:17.100 - INFO: Processing the following SPARQL query:
# Tier H-vocab — title literals, large
# Goal: external-vocabulary lookup pressure with larger bounded output.
PREFIX dblp: <https://dblp.org/rdf/schema#>

CONSTRUCT { ?paper dblp:title ?title }
WHERE {
  ?paper dblp:title ?title .
}
LIMIT 100000

2026-09-28 20:37:17.100 - INFO: Requested media types of the result are: "text/turtle"
2026-09-28 20:37:17.100 - INFO: Query planning done in 0 ms
2026-09-28 20:37:17.101 - INFO: Result has unknown size (not computed yet)
2026-09-28 20:37:17.594 - INFO: Done processing query and sending result, total time was 493 ms
2026-09-28 20:37:17.614 - INFO: 
2026-09-28 20:37:17.614 - INFO: Request received via GET, no content type specified
2026-09-28 20:37:17.614 - INFO: Processing command "clear-cache": clear the cache (unpinned elements only)
2026-09-28 20:37:17.632 - INFO: 
2026-09-28 20:37:17.632 - INFO: Request received via POST, content type "application/x-www-form-urlencoded"
2026-09-28 20:37:17.633 - INFO: Processing the following SPARQL query:
# Tier H-vocab — title literals, large
# Goal: external-vocabulary lookup pressure with larger bounded output.
PREFIX dblp: <https://dblp.org/rdf/schema#>

CONSTRUCT { ?paper dblp:title ?title }
WHERE {
  ?paper dblp:title ?title .
}
LIMIT 100000

2026-09-28 20:37:17.633 - INFO: Requested media types of the result are: "text/turtle"
2026-09-28 20:37:17.633 - INFO: Query planning done in 0 ms
2026-09-28 20:37:17.633 - INFO: Result has unknown size (not computed yet)
2026-09-28 20:37:18.119 - INFO: Done processing query and sending result, total time was 486 ms
2026-09-28 20:37:18.139 - INFO: 
2026-09-28 20:37:18.139 - INFO: Request received via GET, no content type specified
2026-09-28 20:37:18.139 - INFO: Processing command "clear-cache": clear the cache (unpinned elements only)
2026-09-28 20:37:18.157 - INFO: 
2026-09-28 20:37:18.157 - INFO: Request received via POST, content type "application/x-www-form-urlencoded"
2026-09-28 20:37:18.157 - INFO: Processing the following SPARQL query:
# Tier H-vocab — title literals, large
# Goal: external-vocabulary lookup pressure with larger bounded output.
PREFIX dblp: <https://dblp.org/rdf/schema#>

CONSTRUCT { ?paper dblp:title ?title }
WHERE {
  ?paper dblp:title ?title .
}
LIMIT 100000

2026-09-28 20:37:18.157 - INFO: Requested media types of the result are: "text/turtle"
2026-09-28 20:37:18.158 - INFO: Query planning done in 0 ms
2026-09-28 20:37:18.158 - INFO: Result has unknown size (not computed yet)
2026-09-28 20:37:18.652 - INFO: Done processing query and sending result, total time was 495 ms
2026-09-28 20:37:31.408 - INFO: 
2026-09-28 20:37:31.408 - INFO: Request received via GET, no content type specified
2026-09-28 20:37:31.408 - INFO: Processing command "clear-cache": clear the cache (unpinned elements only)
2026-09-28 20:37:31.433 - INFO: 
2026-09-28 20:37:31.433 - INFO: Request received via POST, content type "application/x-www-form-urlencoded"
2026-09-28 20:37:31.434 - INFO: Processing the following SPARQL query:
# Tier H-vocab — title literals, large
# Goal: external-vocabulary lookup pressure with larger bounded output.
PREFIX dblp: <https://dblp.org/rdf/schema#>

CONSTRUCT { ?paper dblp:title ?title }
WHERE {
  ?paper dblp:title ?title .
}
LIMIT 100000

2026-09-28 20:37:31.434 - INFO: Requested media types of the result are: "text/turtle"
2026-09-28 20:37:31.434 - INFO: Query planning done in 0 ms
2026-09-28 20:37:31.434 - INFO: Result has unknown size (not computed yet)
2026-09-28 20:37:31.972 - INFO: Done processing query and sending result, total time was 538 ms
2026-09-28 20:37:31.992 - INFO: 
2026-09-28 20:37:31.992 - INFO: Request received via GET, no content type specified
2026-09-28 20:37:31.992 - INFO: Processing command "clear-cache": clear the cache (unpinned elements only)
2026-09-28 20:37:32.010 - INFO: 
2026-09-28 20:37:32.010 - INFO: Request received via POST, content type "application/x-www-form-urlencoded"
2026-09-28 20:37:32.011 - INFO: Processing the following SPARQL query:
# Tier H-vocab — title literals, large
# Goal: external-vocabulary lookup pressure with larger bounded output.
PREFIX dblp: <https://dblp.org/rdf/schema#>

CONSTRUCT { ?paper dblp:title ?title }
WHERE {
  ?paper dblp:title ?title .
}
LIMIT 100000

2026-09-28 20:37:32.011 - INFO: Requested media types of the result are: "text/turtle"
2026-09-28 20:37:32.011 - INFO: Query planning done in 0 ms
2026-09-28 20:37:32.011 - INFO: Result has unknown size (not computed yet)
2026-09-28 20:37:32.547 - INFO: Done processing query and sending result, total time was 536 ms
2026-09-28 20:37:32.567 - INFO: 
2026-09-28 20:37:32.567 - INFO: Request received via GET, no content type specified
2026-09-28 20:37:32.567 - INFO: Processing command "clear-cache": clear the cache (unpinned elements only)
2026-09-28 20:37:32.585 - INFO: 
2026-09-28 20:37:32.585 - INFO: Request received via POST, content type "application/x-www-form-urlencoded"
2026-09-28 20:37:32.586 - INFO: Processing the following SPARQL query:
# Tier H-vocab — title literals, large
# Goal: external-vocabulary lookup pressure with larger bounded output.
PREFIX dblp: <https://dblp.org/rdf/schema#>

CONSTRUCT { ?paper dblp:title ?title }
WHERE {
  ?paper dblp:title ?title .
}
LIMIT 100000

2026-09-28 20:37:32.586 - INFO: Requested media types of the result are: "text/turtle"
2026-09-28 20:37:32.586 - INFO: Query planning done in 0 ms
2026-09-28 20:37:32.586 - INFO: Result has unknown size (not computed yet)
2026-09-28 20:37:33.117 - INFO: Done processing query and sending result, total time was 531 ms
2026-09-28 20:37:33.137 - INFO: 
2026-09-28 20:37:33.137 - INFO: Request received via GET, no content type specified
2026-09-28 20:37:33.137 - INFO: Processing command "clear-cache": clear the cache (unpinned elements only)
2026-09-28 20:37:33.155 - INFO: 
2026-09-28 20:37:33.155 - INFO: Request received via POST, content type "application/x-www-form-urlencoded"
2026-09-28 20:37:33.155 - INFO: Processing the following SPARQL query:
# Tier H-vocab — title literals, large
# Goal: external-vocabulary lookup pressure with larger bounded output.
PREFIX dblp: <https://dblp.org/rdf/schema#>

CONSTRUCT { ?paper dblp:title ?title }
WHERE {
  ?paper dblp:title ?title .
}
LIMIT 100000

2026-09-28 20:37:33.155 - INFO: Requested media types of the result are: "text/turtle"
2026-09-28 20:37:33.156 - INFO: Query planning done in 0 ms
2026-09-28 20:37:33.156 - INFO: Result has unknown size (not computed yet)
2026-09-28 20:37:33.696 - INFO: Done processing query and sending result, total time was 540 ms
2026-09-28 20:37:33.717 - INFO: 
2026-09-28 20:37:33.717 - INFO: Request received via GET, no content type specified
2026-09-28 20:37:33.717 - INFO: Processing command "clear-cache": clear the cache (unpinned elements only)
2026-09-28 20:37:33.734 - INFO: 
2026-09-28 20:37:33.734 - INFO: Request received via POST, content type "application/x-www-form-urlencoded"
2026-09-28 20:37:33.735 - INFO: Processing the following SPARQL query:
# Tier H-vocab — title literals, large
# Goal: external-vocabulary lookup pressure with larger bounded output.
PREFIX dblp: <https://dblp.org/rdf/schema#>

CONSTRUCT { ?paper dblp:title ?title }
WHERE {
  ?paper dblp:title ?title .
}
LIMIT 100000

2026-09-28 20:37:33.735 - INFO: Requested media types of the result are: "text/turtle"
2026-09-28 20:37:33.735 - INFO: Query planning done in 0 ms
2026-09-28 20:37:33.735 - INFO: Result has unknown size (not computed yet)
2026-09-28 20:37:34.250 - INFO: Done processing query and sending result, total time was 515 ms
2026-09-28 20:37:34.270 - INFO: 
2026-09-28 20:37:34.270 - INFO: Request received via GET, no content type specified
2026-09-28 20:37:34.270 - INFO: Processing command "clear-cache": clear the cache (unpinned elements only)
2026-09-28 20:37:34.288 - INFO: 
2026-09-28 20:37:34.288 - INFO: Request received via POST, content type "application/x-www-form-urlencoded"
2026-09-28 20:37:34.289 - INFO: Processing the following SPARQL query:
# Tier H-vocab — title literals, large
# Goal: external-vocabulary lookup pressure with larger bounded output.
PREFIX dblp: <https://dblp.org/rdf/schema#>

CONSTRUCT { ?paper dblp:title ?title }
WHERE {
  ?paper dblp:title ?title .
}
LIMIT 100000

2026-09-28 20:37:34.289 - INFO: Requested media types of the result are: "text/turtle"
2026-09-28 20:37:34.289 - INFO: Query planning done in 0 ms
2026-09-28 20:37:34.289 - INFO: Result has unknown size (not computed yet)
2026-09-28 20:37:34.791 - INFO: Done processing query and sending result, total time was 502 ms
2026-09-28 20:37:34.811 - INFO: 
2026-09-28 20:37:34.811 - INFO: Request received via GET, no content type specified
2026-09-28 20:37:34.811 - INFO: Processing command "clear-cache": clear the cache (unpinned elements only)
2026-09-28 20:37:34.829 - INFO: 
2026-09-28 20:37:34.829 - INFO: Request received via POST, content type "application/x-www-form-urlencoded"
2026-09-28 20:37:34.829 - INFO: Processing the following SPARQL query:
# Tier H-vocab — title literals, large
# Goal: external-vocabulary lookup pressure with larger bounded output.
PREFIX dblp: <https://dblp.org/rdf/schema#>

CONSTRUCT { ?paper dblp:title ?title }
WHERE {
  ?paper dblp:title ?title .
}
LIMIT 100000

2026-09-28 20:37:34.829 - INFO: Requested media types of the result are: "text/turtle"
2026-09-28 20:37:34.829 - INFO: Query planning done in 0 ms
2026-09-28 20:37:34.830 - INFO: Result has unknown size (not computed yet)
2026-09-28 20:37:35.364 - INFO: Done processing query and sending result, total time was 534 ms
2026-09-28 20:37:35.386 - INFO: 
2026-09-28 20:37:35.386 - INFO: Request received via GET, no content type specified
2026-09-28 20:37:35.386 - INFO: Processing command "clear-cache": clear the cache (unpinned elements only)
2026-09-28 20:37:35.412 - INFO: 
2026-09-28 20:37:35.412 - INFO: Request received via POST, content type "application/x-www-form-urlencoded"
2026-09-28 20:37:35.412 - INFO: Processing the following SPARQL query:
# Tier H-vocab — title literals, large
# Goal: external-vocabulary lookup pressure with larger bounded output.
PREFIX dblp: <https://dblp.org/rdf/schema#>

CONSTRUCT { ?paper dblp:title ?title }
WHERE {
  ?paper dblp:title ?title .
}
LIMIT 100000

2026-09-28 20:37:35.412 - INFO: Requested media types of the result are: "text/turtle"
2026-09-28 20:37:35.412 - INFO: Query planning done in 0 ms
2026-09-28 20:37:35.412 - INFO: Result has unknown size (not computed yet)
2026-09-28 20:37:35.955 - INFO: Done processing query and sending result, total time was 543 ms
2026-09-28 20:37:35.976 - INFO: 
2026-09-28 20:37:35.976 - INFO: Request received via GET, no content type specified
2026-09-28 20:37:35.976 - INFO: Processing command "clear-cache": clear the cache (unpinned elements only)
2026-09-28 20:37:35.994 - INFO: 
2026-09-28 20:37:35.994 - INFO: Request received via POST, content type "application/x-www-form-urlencoded"
2026-09-28 20:37:35.994 - INFO: Processing the following SPARQL query:
# Tier H-vocab — title literals, large
# Goal: external-vocabulary lookup pressure with larger bounded output.
PREFIX dblp: <https://dblp.org/rdf/schema#>

CONSTRUCT { ?paper dblp:title ?title }
WHERE {
  ?paper dblp:title ?title .
}
LIMIT 100000

2026-09-28 20:37:35.994 - INFO: Requested media types of the result are: "text/turtle"
2026-09-28 20:37:35.995 - INFO: Query planning done in 0 ms
2026-09-28 20:37:35.995 - INFO: Result has unknown size (not computed yet)
2026-09-28 20:37:36.537 - INFO: Done processing query and sending result, total time was 543 ms
2026-09-28 20:37:36.558 - INFO: 
2026-09-28 20:37:36.558 - INFO: Request received via GET, no content type specified
2026-09-28 20:37:36.558 - INFO: Processing command "clear-cache": clear the cache (unpinned elements only)
2026-09-28 20:37:36.576 - INFO: 
2026-09-28 20:37:36.576 - INFO: Request received via POST, content type "application/x-www-form-urlencoded"
2026-09-28 20:37:36.576 - INFO: Processing the following SPARQL query:
# Tier H-vocab — title literals, large
# Goal: external-vocabulary lookup pressure with larger bounded output.
PREFIX dblp: <https://dblp.org/rdf/schema#>

CONSTRUCT { ?paper dblp:title ?title }
WHERE {
  ?paper dblp:title ?title .
}
LIMIT 100000

2026-09-28 20:37:36.576 - INFO: Requested media types of the result are: "text/turtle"
2026-09-28 20:37:36.576 - INFO: Query planning done in 0 ms
2026-09-28 20:37:36.577 - INFO: Result has unknown size (not computed yet)
2026-09-28 20:37:37.112 - INFO: Done processing query and sending result, total time was 535 ms
2026-09-28 20:37:37.133 - INFO: 
2026-09-28 20:37:37.133 - INFO: Request received via GET, no content type specified
2026-09-28 20:37:37.133 - INFO: Processing command "clear-cache": clear the cache (unpinned elements only)
2026-09-28 20:37:37.151 - INFO: 
2026-09-28 20:37:37.151 - INFO: Request received via POST, content type "application/x-www-form-urlencoded"
2026-09-28 20:37:37.151 - INFO: Processing the following SPARQL query:
# Tier H-vocab — title literals, large
# Goal: external-vocabulary lookup pressure with larger bounded output.
PREFIX dblp: <https://dblp.org/rdf/schema#>

CONSTRUCT { ?paper dblp:title ?title }
WHERE {
  ?paper dblp:title ?title .
}
LIMIT 100000

2026-09-28 20:37:37.151 - INFO: Requested media types of the result are: "text/turtle"
2026-09-28 20:37:37.151 - INFO: Query planning done in 0 ms
2026-09-28 20:37:37.152 - INFO: Result has unknown size (not computed yet)
2026-09-28 20:37:37.690 - INFO: Done processing query and sending result, total time was 539 ms
2026-09-28 20:38:01.702 - INFO: 
2026-09-28 20:38:01.702 - INFO: Request received via GET, no content type specified
2026-09-28 20:38:01.702 - INFO: Processing command "clear-cache": clear the cache (unpinned elements only)
2026-09-28 20:38:01.721 - INFO: 
2026-09-28 20:38:01.721 - INFO: Request received via POST, content type "application/x-www-form-urlencoded"
2026-09-28 20:38:01.721 - INFO: Processing the following SPARQL query:
# Tier H-vocab — title literals, large
# Goal: external-vocabulary lookup pressure with larger bounded output.
PREFIX dblp: <https://dblp.org/rdf/schema#>

CONSTRUCT { ?paper dblp:title ?title }
WHERE {
  ?paper dblp:title ?title .
}
LIMIT 100000

2026-09-28 20:38:01.721 - INFO: Requested media types of the result are: "text/turtle"
2026-09-28 20:38:01.721 - INFO: Query planning done in 0 ms
2026-09-28 20:38:01.722 - INFO: Result has unknown size (not computed yet)
2026-09-28 20:38:02.254 - INFO: Done processing query and sending result, total time was 533 ms
2026-09-28 20:38:02.275 - INFO: 
2026-09-28 20:38:02.275 - INFO: Request received via GET, no content type specified
2026-09-28 20:38:02.275 - INFO: Processing command "clear-cache": clear the cache (unpinned elements only)
2026-09-28 20:38:02.300 - INFO: 
2026-09-28 20:38:02.300 - INFO: Request received via POST, content type "application/x-www-form-urlencoded"
2026-09-28 20:38:02.301 - INFO: Processing the following SPARQL query:
# Tier H-vocab — title literals, large
# Goal: external-vocabulary lookup pressure with larger bounded output.
PREFIX dblp: <https://dblp.org/rdf/schema#>

CONSTRUCT { ?paper dblp:title ?title }
WHERE {
  ?paper dblp:title ?title .
}
LIMIT 100000

2026-09-28 20:38:02.301 - INFO: Requested media types of the result are: "text/turtle"
2026-09-28 20:38:02.301 - INFO: Query planning done in 0 ms
2026-09-28 20:38:02.301 - INFO: Result has unknown size (not computed yet)
2026-09-28 20:38:02.832 - INFO: Done processing query and sending result, total time was 532 ms
2026-09-28 20:38:02.853 - INFO: 
2026-09-28 20:38:02.853 - INFO: Request received via GET, no content type specified
2026-09-28 20:38:02.853 - INFO: Processing command "clear-cache": clear the cache (unpinned elements only)
2026-09-28 20:38:02.871 - INFO: 
2026-09-28 20:38:02.871 - INFO: Request received via POST, content type "application/x-www-form-urlencoded"
2026-09-28 20:38:02.871 - INFO: Processing the following SPARQL query:
# Tier H-vocab — title literals, large
# Goal: external-vocabulary lookup pressure with larger bounded output.
PREFIX dblp: <https://dblp.org/rdf/schema#>

CONSTRUCT { ?paper dblp:title ?title }
WHERE {
  ?paper dblp:title ?title .
}
LIMIT 100000

2026-09-28 20:38:02.871 - INFO: Requested media types of the result are: "text/turtle"
2026-09-28 20:38:02.872 - INFO: Query planning done in 0 ms
2026-09-28 20:38:02.872 - INFO: Result has unknown size (not computed yet)
2026-09-28 20:38:03.401 - INFO: Done processing query and sending result, total time was 530 ms
2026-09-28 20:38:03.422 - INFO: 
2026-09-28 20:38:03.422 - INFO: Request received via GET, no content type specified
2026-09-28 20:38:03.422 - INFO: Processing command "clear-cache": clear the cache (unpinned elements only)
2026-09-28 20:38:03.440 - INFO: 
2026-09-28 20:38:03.440 - INFO: Request received via POST, content type "application/x-www-form-urlencoded"
2026-09-28 20:38:03.440 - INFO: Processing the following SPARQL query:
# Tier H-vocab — title literals, large
# Goal: external-vocabulary lookup pressure with larger bounded output.
PREFIX dblp: <https://dblp.org/rdf/schema#>

CONSTRUCT { ?paper dblp:title ?title }
WHERE {
  ?paper dblp:title ?title .
}
LIMIT 100000

2026-09-28 20:38:03.440 - INFO: Requested media types of the result are: "text/turtle"
2026-09-28 20:38:03.441 - INFO: Query planning done in 0 ms
2026-09-28 20:38:03.441 - INFO: Result has unknown size (not computed yet)
2026-09-28 20:38:03.972 - INFO: Done processing query and sending result, total time was 532 ms
2026-09-28 20:38:03.993 - INFO: 
2026-09-28 20:38:03.993 - INFO: Request received via GET, no content type specified
2026-09-28 20:38:03.993 - INFO: Processing command "clear-cache": clear the cache (unpinned elements only)
2026-09-28 20:38:04.011 - INFO: 
2026-09-28 20:38:04.011 - INFO: Request received via POST, content type "application/x-www-form-urlencoded"
2026-09-28 20:38:04.011 - INFO: Processing the following SPARQL query:
# Tier H-vocab — title literals, large
# Goal: external-vocabulary lookup pressure with larger bounded output.
PREFIX dblp: <https://dblp.org/rdf/schema#>

CONSTRUCT { ?paper dblp:title ?title }
WHERE {
  ?paper dblp:title ?title .
}
LIMIT 100000

2026-09-28 20:38:04.011 - INFO: Requested media types of the result are: "text/turtle"
2026-09-28 20:38:04.012 - INFO: Query planning done in 0 ms
2026-09-28 20:38:04.012 - INFO: Result has unknown size (not computed yet)
2026-09-28 20:38:04.547 - INFO: Done processing query and sending result, total time was 535 ms
2026-09-28 20:38:04.568 - INFO: 
2026-09-28 20:38:04.568 - INFO: Request received via GET, no content type specified
2026-09-28 20:38:04.568 - INFO: Processing command "clear-cache": clear the cache (unpinned elements only)
2026-09-28 20:38:04.586 - INFO: 
2026-09-28 20:38:04.586 - INFO: Request received via POST, content type "application/x-www-form-urlencoded"
2026-09-28 20:38:04.586 - INFO: Processing the following SPARQL query:
# Tier H-vocab — title literals, large
# Goal: external-vocabulary lookup pressure with larger bounded output.
PREFIX dblp: <https://dblp.org/rdf/schema#>

CONSTRUCT { ?paper dblp:title ?title }
WHERE {
  ?paper dblp:title ?title .
}
LIMIT 100000

2026-09-28 20:38:04.586 - INFO: Requested media types of the result are: "text/turtle"
2026-09-28 20:38:04.586 - INFO: Query planning done in 0 ms
2026-09-28 20:38:04.586 - INFO: Result has unknown size (not computed yet)
2026-09-28 20:38:05.112 - INFO: Done processing query and sending result, total time was 526 ms
2026-09-28 20:38:05.133 - INFO: 
2026-09-28 20:38:05.133 - INFO: Request received via GET, no content type specified
2026-09-28 20:38:05.133 - INFO: Processing command "clear-cache": clear the cache (unpinned elements only)
2026-09-28 20:38:05.151 - INFO: 
2026-09-28 20:38:05.151 - INFO: Request received via POST, content type "application/x-www-form-urlencoded"
2026-09-28 20:38:05.151 - INFO: Processing the following SPARQL query:
# Tier H-vocab — title literals, large
# Goal: external-vocabulary lookup pressure with larger bounded output.
PREFIX dblp: <https://dblp.org/rdf/schema#>

CONSTRUCT { ?paper dblp:title ?title }
WHERE {
  ?paper dblp:title ?title .
}
LIMIT 100000

2026-09-28 20:38:05.151 - INFO: Requested media types of the result are: "text/turtle"
2026-09-28 20:38:05.151 - INFO: Query planning done in 0 ms
2026-09-28 20:38:05.152 - INFO: Result has unknown size (not computed yet)
2026-09-28 20:38:05.660 - INFO: Done processing query and sending result, total time was 509 ms
2026-09-28 20:38:05.681 - INFO: 
2026-09-28 20:38:05.681 - INFO: Request received via GET, no content type specified
2026-09-28 20:38:05.681 - INFO: Processing command "clear-cache": clear the cache (unpinned elements only)
2026-09-28 20:38:05.699 - INFO: 
2026-09-28 20:38:05.699 - INFO: Request received via POST, content type "application/x-www-form-urlencoded"
2026-09-28 20:38:05.699 - INFO: Processing the following SPARQL query:
# Tier H-vocab — title literals, large
# Goal: external-vocabulary lookup pressure with larger bounded output.
PREFIX dblp: <https://dblp.org/rdf/schema#>

CONSTRUCT { ?paper dblp:title ?title }
WHERE {
  ?paper dblp:title ?title .
}
LIMIT 100000

2026-09-28 20:38:05.699 - INFO: Requested media types of the result are: "text/turtle"
2026-09-28 20:38:05.699 - INFO: Query planning done in 0 ms
2026-09-28 20:38:05.700 - INFO: Result has unknown size (not computed yet)
2026-09-28 20:38:06.204 - INFO: Done processing query and sending result, total time was 505 ms
2026-09-28 20:38:06.225 - INFO: 
2026-09-28 20:38:06.225 - INFO: Request received via GET, no content type specified
2026-09-28 20:38:06.225 - INFO: Processing command "clear-cache": clear the cache (unpinned elements only)
2026-09-28 20:38:06.251 - INFO: 
2026-09-28 20:38:06.251 - INFO: Request received via POST, content type "application/x-www-form-urlencoded"
2026-09-28 20:38:06.251 - INFO: Processing the following SPARQL query:
# Tier H-vocab — title literals, large
# Goal: external-vocabulary lookup pressure with larger bounded output.
PREFIX dblp: <https://dblp.org/rdf/schema#>

CONSTRUCT { ?paper dblp:title ?title }
WHERE {
  ?paper dblp:title ?title .
}
LIMIT 100000

2026-09-28 20:38:06.251 - INFO: Requested media types of the result are: "text/turtle"
2026-09-28 20:38:06.251 - INFO: Query planning done in 0 ms
2026-09-28 20:38:06.252 - INFO: Result has unknown size (not computed yet)
2026-09-28 20:38:06.758 - INFO: Done processing query and sending result, total time was 506 ms
2026-09-28 20:38:06.778 - INFO: 
2026-09-28 20:38:06.779 - INFO: Request received via GET, no content type specified
2026-09-28 20:38:06.779 - INFO: Processing command "clear-cache": clear the cache (unpinned elements only)
2026-09-28 20:38:06.797 - INFO: 
2026-09-28 20:38:06.797 - INFO: Request received via POST, content type "application/x-www-form-urlencoded"
2026-09-28 20:38:06.797 - INFO: Processing the following SPARQL query:
# Tier H-vocab — title literals, large
# Goal: external-vocabulary lookup pressure with larger bounded output.
PREFIX dblp: <https://dblp.org/rdf/schema#>

CONSTRUCT { ?paper dblp:title ?title }
WHERE {
  ?paper dblp:title ?title .
}
LIMIT 100000

2026-09-28 20:38:06.797 - INFO: Requested media types of the result are: "text/turtle"
2026-09-28 20:38:06.797 - INFO: Query planning done in 0 ms
2026-09-28 20:38:06.797 - INFO: Result has unknown size (not computed yet)
2026-09-28 20:38:07.343 - INFO: Done processing query and sending result, total time was 546 ms
2026-09-28 20:38:07.370 - INFO: 
2026-09-28 20:38:07.370 - INFO: Request received via GET, no content type specified
2026-09-28 20:38:07.370 - INFO: Processing command "clear-cache": clear the cache (unpinned elements only)
2026-09-28 20:38:07.395 - INFO: 
2026-09-28 20:38:07.395 - INFO: Request received via POST, content type "application/x-www-form-urlencoded"
2026-09-28 20:38:07.395 - INFO: Processing the following SPARQL query:
# Tier H-vocab — title literals, large
# Goal: external-vocabulary lookup pressure with larger bounded output.
PREFIX dblp: <https://dblp.org/rdf/schema#>

CONSTRUCT { ?paper dblp:title ?title }
WHERE {
  ?paper dblp:title ?title .
}
LIMIT 100000

2026-09-28 20:38:07.395 - INFO: Requested media types of the result are: "text/turtle"
2026-09-28 20:38:07.396 - INFO: Query planning done in 0 ms
2026-09-28 20:38:07.396 - INFO: Result has unknown size (not computed yet)
2026-09-28 20:38:07.939 - INFO: Done processing query and sending result, total time was 544 ms
2026-09-28 20:38:21.028 - INFO: 
2026-09-28 20:38:21.028 - INFO: Request received via GET, no content type specified
2026-09-28 20:38:21.028 - INFO: Processing command "clear-cache": clear the cache (unpinned elements only)
2026-09-28 20:38:21.046 - INFO: 
2026-09-28 20:38:21.046 - INFO: Request received via POST, content type "application/x-www-form-urlencoded"
2026-09-28 20:38:21.046 - INFO: Processing the following SPARQL query:
# Tier H-vocab — title literals, large
# Goal: external-vocabulary lookup pressure with larger bounded output.
PREFIX dblp: <https://dblp.org/rdf/schema#>

CONSTRUCT { ?paper dblp:title ?title }
WHERE {
  ?paper dblp:title ?title .
}
LIMIT 100000

2026-09-28 20:38:21.046 - INFO: Requested media types of the result are: "text/turtle"
2026-09-28 20:38:21.046 - INFO: Query planning done in 0 ms
2026-09-28 20:38:21.047 - INFO: Result has unknown size (not computed yet)
2026-09-28 20:38:21.587 - INFO: Done processing query and sending result, total time was 541 ms
2026-09-28 20:38:21.608 - INFO: 
2026-09-28 20:38:21.608 - INFO: Request received via GET, no content type specified
2026-09-28 20:38:21.608 - INFO: Processing command "clear-cache": clear the cache (unpinned elements only)
2026-09-28 20:38:21.633 - INFO: 
2026-09-28 20:38:21.633 - INFO: Request received via POST, content type "application/x-www-form-urlencoded"
2026-09-28 20:38:21.633 - INFO: Processing the following SPARQL query:
# Tier H-vocab — title literals, large
# Goal: external-vocabulary lookup pressure with larger bounded output.
PREFIX dblp: <https://dblp.org/rdf/schema#>

CONSTRUCT { ?paper dblp:title ?title }
WHERE {
  ?paper dblp:title ?title .
}
LIMIT 100000

2026-09-28 20:38:21.633 - INFO: Requested media types of the result are: "text/turtle"
2026-09-28 20:38:21.633 - INFO: Query planning done in 0 ms
2026-09-28 20:38:21.633 - INFO: Result has unknown size (not computed yet)
2026-09-28 20:38:22.174 - INFO: Done processing query and sending result, total time was 541 ms
2026-09-28 20:38:22.195 - INFO: 
2026-09-28 20:38:22.195 - INFO: Request received via GET, no content type specified
2026-09-28 20:38:22.195 - INFO: Processing command "clear-cache": clear the cache (unpinned elements only)
2026-09-28 20:38:22.213 - INFO: 
2026-09-28 20:38:22.213 - INFO: Request received via POST, content type "application/x-www-form-urlencoded"
2026-09-28 20:38:22.213 - INFO: Processing the following SPARQL query:
# Tier H-vocab — title literals, large
# Goal: external-vocabulary lookup pressure with larger bounded output.
PREFIX dblp: <https://dblp.org/rdf/schema#>

CONSTRUCT { ?paper dblp:title ?title }
WHERE {
  ?paper dblp:title ?title .
}
LIMIT 100000

2026-09-28 20:38:22.213 - INFO: Requested media types of the result are: "text/turtle"
2026-09-28 20:38:22.213 - INFO: Query planning done in 0 ms
2026-09-28 20:38:22.213 - INFO: Result has unknown size (not computed yet)
2026-09-28 20:38:22.755 - INFO: Done processing query and sending result, total time was 542 ms
2026-09-28 20:38:22.776 - INFO: 
2026-09-28 20:38:22.776 - INFO: Request received via GET, no content type specified
2026-09-28 20:38:22.776 - INFO: Processing command "clear-cache": clear the cache (unpinned elements only)
2026-09-28 20:38:22.794 - INFO: 
2026-09-28 20:38:22.794 - INFO: Request received via POST, content type "application/x-www-form-urlencoded"
2026-09-28 20:38:22.794 - INFO: Processing the following SPARQL query:
# Tier H-vocab — title literals, large
# Goal: external-vocabulary lookup pressure with larger bounded output.
PREFIX dblp: <https://dblp.org/rdf/schema#>

CONSTRUCT { ?paper dblp:title ?title }
WHERE {
  ?paper dblp:title ?title .
}
LIMIT 100000

2026-09-28 20:38:22.794 - INFO: Requested media types of the result are: "text/turtle"
2026-09-28 20:38:22.794 - INFO: Query planning done in 0 ms
2026-09-28 20:38:22.794 - INFO: Result has unknown size (not computed yet)
2026-09-28 20:38:23.336 - INFO: Done processing query and sending result, total time was 541 ms
2026-09-28 20:38:23.356 - INFO: 
2026-09-28 20:38:23.356 - INFO: Request received via GET, no content type specified
2026-09-28 20:38:23.356 - INFO: Processing command "clear-cache": clear the cache (unpinned elements only)
2026-09-28 20:38:23.374 - INFO: 
2026-09-28 20:38:23.374 - INFO: Request received via POST, content type "application/x-www-form-urlencoded"
2026-09-28 20:38:23.374 - INFO: Processing the following SPARQL query:
# Tier H-vocab — title literals, large
# Goal: external-vocabulary lookup pressure with larger bounded output.
PREFIX dblp: <https://dblp.org/rdf/schema#>

CONSTRUCT { ?paper dblp:title ?title }
WHERE {
  ?paper dblp:title ?title .
}
LIMIT 100000

2026-09-28 20:38:23.374 - INFO: Requested media types of the result are: "text/turtle"
2026-09-28 20:38:23.374 - INFO: Query planning done in 0 ms
2026-09-28 20:38:23.374 - INFO: Result has unknown size (not computed yet)
2026-09-28 20:38:23.914 - INFO: Done processing query and sending result, total time was 540 ms
2026-09-28 20:38:23.935 - INFO: 
2026-09-28 20:38:23.935 - INFO: Request received via GET, no content type specified
2026-09-28 20:38:23.935 - INFO: Processing command "clear-cache": clear the cache (unpinned elements only)
2026-09-28 20:38:23.952 - INFO: 
2026-09-28 20:38:23.952 - INFO: Request received via POST, content type "application/x-www-form-urlencoded"
2026-09-28 20:38:23.953 - INFO: Processing the following SPARQL query:
# Tier H-vocab — title literals, large
# Goal: external-vocabulary lookup pressure with larger bounded output.
PREFIX dblp: <https://dblp.org/rdf/schema#>

CONSTRUCT { ?paper dblp:title ?title }
WHERE {
  ?paper dblp:title ?title .
}
LIMIT 100000

2026-09-28 20:38:23.953 - INFO: Requested media types of the result are: "text/turtle"
2026-09-28 20:38:23.953 - INFO: Query planning done in 0 ms
2026-09-28 20:38:23.953 - INFO: Result has unknown size (not computed yet)
2026-09-28 20:38:24.491 - INFO: Done processing query and sending result, total time was 538 ms
2026-09-28 20:38:24.511 - INFO: 
2026-09-28 20:38:24.511 - INFO: Request received via GET, no content type specified
2026-09-28 20:38:24.511 - INFO: Processing command "clear-cache": clear the cache (unpinned elements only)
2026-09-28 20:38:24.529 - INFO: 
2026-09-28 20:38:24.529 - INFO: Request received via POST, content type "application/x-www-form-urlencoded"
2026-09-28 20:38:24.529 - INFO: Processing the following SPARQL query:
# Tier H-vocab — title literals, large
# Goal: external-vocabulary lookup pressure with larger bounded output.
PREFIX dblp: <https://dblp.org/rdf/schema#>

CONSTRUCT { ?paper dblp:title ?title }
WHERE {
  ?paper dblp:title ?title .
}
LIMIT 100000

2026-09-28 20:38:24.529 - INFO: Requested media types of the result are: "text/turtle"
2026-09-28 20:38:24.529 - INFO: Query planning done in 0 ms
2026-09-28 20:38:24.529 - INFO: Result has unknown size (not computed yet)
2026-09-28 20:38:25.067 - INFO: Done processing query and sending result, total time was 538 ms
2026-09-28 20:38:25.087 - INFO: 
2026-09-28 20:38:25.087 - INFO: Request received via GET, no content type specified
2026-09-28 20:38:25.088 - INFO: Processing command "clear-cache": clear the cache (unpinned elements only)
2026-09-28 20:38:25.105 - INFO: 
2026-09-28 20:38:25.105 - INFO: Request received via POST, content type "application/x-www-form-urlencoded"
2026-09-28 20:38:25.106 - INFO: Processing the following SPARQL query:
# Tier H-vocab — title literals, large
# Goal: external-vocabulary lookup pressure with larger bounded output.
PREFIX dblp: <https://dblp.org/rdf/schema#>

CONSTRUCT { ?paper dblp:title ?title }
WHERE {
  ?paper dblp:title ?title .
}
LIMIT 100000

2026-09-28 20:38:25.106 - INFO: Requested media types of the result are: "text/turtle"
2026-09-28 20:38:25.106 - INFO: Query planning done in 0 ms
2026-09-28 20:38:25.106 - INFO: Result has unknown size (not computed yet)
2026-09-28 20:38:25.642 - INFO: Done processing query and sending result, total time was 537 ms
2026-09-28 20:38:25.663 - INFO: 
2026-09-28 20:38:25.663 - INFO: Request received via GET, no content type specified
2026-09-28 20:38:25.663 - INFO: Processing command "clear-cache": clear the cache (unpinned elements only)
2026-09-28 20:38:25.681 - INFO: 
2026-09-28 20:38:25.681 - INFO: Request received via POST, content type "application/x-www-form-urlencoded"
2026-09-28 20:38:25.681 - INFO: Processing the following SPARQL query:
# Tier H-vocab — title literals, large
# Goal: external-vocabulary lookup pressure with larger bounded output.
PREFIX dblp: <https://dblp.org/rdf/schema#>

CONSTRUCT { ?paper dblp:title ?title }
WHERE {
  ?paper dblp:title ?title .
}
LIMIT 100000

2026-09-28 20:38:25.681 - INFO: Requested media types of the result are: "text/turtle"
2026-09-28 20:38:25.681 - INFO: Query planning done in 0 ms
2026-09-28 20:38:25.681 - INFO: Result has unknown size (not computed yet)
2026-09-28 20:38:26.191 - INFO: Done processing query and sending result, total time was 510 ms
2026-09-28 20:38:26.212 - INFO: 
2026-09-28 20:38:26.212 - INFO: Request received via GET, no content type specified
2026-09-28 20:38:26.212 - INFO: Processing command "clear-cache": clear the cache (unpinned elements only)
2026-09-28 20:38:26.229 - INFO: 
2026-09-28 20:38:26.229 - INFO: Request received via POST, content type "application/x-www-form-urlencoded"
2026-09-28 20:38:26.230 - INFO: Processing the following SPARQL query:
# Tier H-vocab — title literals, large
# Goal: external-vocabulary lookup pressure with larger bounded output.
PREFIX dblp: <https://dblp.org/rdf/schema#>

CONSTRUCT { ?paper dblp:title ?title }
WHERE {
  ?paper dblp:title ?title .
}
LIMIT 100000

2026-09-28 20:38:26.230 - INFO: Requested media types of the result are: "text/turtle"
2026-09-28 20:38:26.230 - INFO: Query planning done in 0 ms
2026-09-28 20:38:26.230 - INFO: Result has unknown size (not computed yet)
2026-09-28 20:38:26.725 - INFO: Done processing query and sending result, total time was 495 ms
2026-09-28 20:38:26.745 - INFO: 
2026-09-28 20:38:26.745 - INFO: Request received via GET, no content type specified
2026-09-28 20:38:26.745 - INFO: Processing command "clear-cache": clear the cache (unpinned elements only)
2026-09-28 20:38:26.763 - INFO: 
2026-09-28 20:38:26.763 - INFO: Request received via POST, content type "application/x-www-form-urlencoded"
2026-09-28 20:38:26.763 - INFO: Processing the following SPARQL query:
# Tier H-vocab — title literals, large
# Goal: external-vocabulary lookup pressure with larger bounded output.
PREFIX dblp: <https://dblp.org/rdf/schema#>

CONSTRUCT { ?paper dblp:title ?title }
WHERE {
  ?paper dblp:title ?title .
}
LIMIT 100000

2026-09-28 20:38:26.763 - INFO: Requested media types of the result are: "text/turtle"
2026-09-28 20:38:26.763 - INFO: Query planning done in 0 ms
2026-09-28 20:38:26.763 - INFO: Result has unknown size (not computed yet)
2026-09-28 20:38:27.260 - INFO: Done processing query and sending result, total time was 497 ms
2026-09-28 20:38:51.121 - INFO: 
2026-09-28 20:38:51.121 - INFO: Request received via GET, no content type specified
2026-09-28 20:38:51.121 - INFO: Processing command "clear-cache": clear the cache (unpinned elements only)
2026-09-28 20:38:51.139 - INFO: 
2026-09-28 20:38:51.139 - INFO: Request received via POST, content type "application/x-www-form-urlencoded"
2026-09-28 20:38:51.139 - INFO: Processing the following SPARQL query:
# Tier H-vocab — title literals, large
# Goal: external-vocabulary lookup pressure with larger bounded output.
PREFIX dblp: <https://dblp.org/rdf/schema#>

CONSTRUCT { ?paper dblp:title ?title }
WHERE {
  ?paper dblp:title ?title .
}
LIMIT 100000

2026-09-28 20:38:51.139 - INFO: Requested media types of the result are: "text/turtle"
2026-09-28 20:38:51.139 - INFO: Query planning done in 0 ms
2026-09-28 20:38:51.139 - INFO: Result has unknown size (not computed yet)
2026-09-28 20:38:51.681 - INFO: Done processing query and sending result, total time was 542 ms
2026-09-28 20:38:51.701 - INFO: 
2026-09-28 20:38:51.701 - INFO: Request received via GET, no content type specified
2026-09-28 20:38:51.701 - INFO: Processing command "clear-cache": clear the cache (unpinned elements only)
2026-09-28 20:38:51.719 - INFO: 
2026-09-28 20:38:51.719 - INFO: Request received via POST, content type "application/x-www-form-urlencoded"
2026-09-28 20:38:51.719 - INFO: Processing the following SPARQL query:
# Tier H-vocab — title literals, large
# Goal: external-vocabulary lookup pressure with larger bounded output.
PREFIX dblp: <https://dblp.org/rdf/schema#>

CONSTRUCT { ?paper dblp:title ?title }
WHERE {
  ?paper dblp:title ?title .
}
LIMIT 100000

2026-09-28 20:38:51.719 - INFO: Requested media types of the result are: "text/turtle"
2026-09-28 20:38:51.719 - INFO: Query planning done in 0 ms
2026-09-28 20:38:51.720 - INFO: Result has unknown size (not computed yet)
2026-09-28 20:38:52.258 - INFO: Done processing query and sending result, total time was 539 ms
2026-09-28 20:38:52.278 - INFO: 
2026-09-28 20:38:52.278 - INFO: Request received via GET, no content type specified
2026-09-28 20:38:52.278 - INFO: Processing command "clear-cache": clear the cache (unpinned elements only)
2026-09-28 20:38:52.303 - INFO: 
2026-09-28 20:38:52.303 - INFO: Request received via POST, content type "application/x-www-form-urlencoded"
2026-09-28 20:38:52.304 - INFO: Processing the following SPARQL query:
# Tier H-vocab — title literals, large
# Goal: external-vocabulary lookup pressure with larger bounded output.
PREFIX dblp: <https://dblp.org/rdf/schema#>

CONSTRUCT { ?paper dblp:title ?title }
WHERE {
  ?paper dblp:title ?title .
}
LIMIT 100000

2026-09-28 20:38:52.304 - INFO: Requested media types of the result are: "text/turtle"
2026-09-28 20:38:52.304 - INFO: Query planning done in 0 ms
2026-09-28 20:38:52.304 - INFO: Result has unknown size (not computed yet)
2026-09-28 20:38:52.844 - INFO: Done processing query and sending result, total time was 540 ms
2026-09-28 20:38:52.864 - INFO: 
2026-09-28 20:38:52.864 - INFO: Request received via GET, no content type specified
2026-09-28 20:38:52.864 - INFO: Processing command "clear-cache": clear the cache (unpinned elements only)
2026-09-28 20:38:52.882 - INFO: 
2026-09-28 20:38:52.882 - INFO: Request received via POST, content type "application/x-www-form-urlencoded"
2026-09-28 20:38:52.882 - INFO: Processing the following SPARQL query:
# Tier H-vocab — title literals, large
# Goal: external-vocabulary lookup pressure with larger bounded output.
PREFIX dblp: <https://dblp.org/rdf/schema#>

CONSTRUCT { ?paper dblp:title ?title }
WHERE {
  ?paper dblp:title ?title .
}
LIMIT 100000

2026-09-28 20:38:52.882 - INFO: Requested media types of the result are: "text/turtle"
2026-09-28 20:38:52.882 - INFO: Query planning done in 0 ms
2026-09-28 20:38:52.883 - INFO: Result has unknown size (not computed yet)
2026-09-28 20:38:53.413 - INFO: Done processing query and sending result, total time was 531 ms
2026-09-28 20:38:53.433 - INFO: 
2026-09-28 20:38:53.433 - INFO: Request received via GET, no content type specified
2026-09-28 20:38:53.433 - INFO: Processing command "clear-cache": clear the cache (unpinned elements only)
2026-09-28 20:38:53.451 - INFO: 
2026-09-28 20:38:53.451 - INFO: Request received via POST, content type "application/x-www-form-urlencoded"
2026-09-28 20:38:53.452 - INFO: Processing the following SPARQL query:
# Tier H-vocab — title literals, large
# Goal: external-vocabulary lookup pressure with larger bounded output.
PREFIX dblp: <https://dblp.org/rdf/schema#>

CONSTRUCT { ?paper dblp:title ?title }
WHERE {
  ?paper dblp:title ?title .
}
LIMIT 100000

2026-09-28 20:38:53.452 - INFO: Requested media types of the result are: "text/turtle"
2026-09-28 20:38:53.452 - INFO: Query planning done in 0 ms
2026-09-28 20:38:53.452 - INFO: Result has unknown size (not computed yet)
2026-09-28 20:38:53.963 - INFO: Done processing query and sending result, total time was 511 ms
2026-09-28 20:38:53.983 - INFO: 
2026-09-28 20:38:53.983 - INFO: Request received via GET, no content type specified
2026-09-28 20:38:53.983 - INFO: Processing command "clear-cache": clear the cache (unpinned elements only)
2026-09-28 20:38:54.001 - INFO: 
2026-09-28 20:38:54.001 - INFO: Request received via POST, content type "application/x-www-form-urlencoded"
2026-09-28 20:38:54.001 - INFO: Processing the following SPARQL query:
# Tier H-vocab — title literals, large
# Goal: external-vocabulary lookup pressure with larger bounded output.
PREFIX dblp: <https://dblp.org/rdf/schema#>

CONSTRUCT { ?paper dblp:title ?title }
WHERE {
  ?paper dblp:title ?title .
}
LIMIT 100000

2026-09-28 20:38:54.001 - INFO: Requested media types of the result are: "text/turtle"
2026-09-28 20:38:54.001 - INFO: Query planning done in 0 ms
2026-09-28 20:38:54.001 - INFO: Result has unknown size (not computed yet)
2026-09-28 20:38:54.571 - INFO: Done processing query and sending result, total time was 570 ms
2026-09-28 20:38:54.591 - INFO: 
2026-09-28 20:38:54.591 - INFO: Request received via GET, no content type specified
2026-09-28 20:38:54.591 - INFO: Processing command "clear-cache": clear the cache (unpinned elements only)
2026-09-28 20:38:54.609 - INFO: 
2026-09-28 20:38:54.609 - INFO: Request received via POST, content type "application/x-www-form-urlencoded"
2026-09-28 20:38:54.610 - INFO: Processing the following SPARQL query:
# Tier H-vocab — title literals, large
# Goal: external-vocabulary lookup pressure with larger bounded output.
PREFIX dblp: <https://dblp.org/rdf/schema#>

CONSTRUCT { ?paper dblp:title ?title }
WHERE {
  ?paper dblp:title ?title .
}
LIMIT 100000

2026-09-28 20:38:54.610 - INFO: Requested media types of the result are: "text/turtle"
2026-09-28 20:38:54.610 - INFO: Query planning done in 0 ms
2026-09-28 20:38:54.610 - INFO: Result has unknown size (not computed yet)
2026-09-28 20:38:55.160 - INFO: Done processing query and sending result, total time was 550 ms
2026-09-28 20:38:55.180 - INFO: 
2026-09-28 20:38:55.180 - INFO: Request received via GET, no content type specified
2026-09-28 20:38:55.180 - INFO: Processing command "clear-cache": clear the cache (unpinned elements only)
2026-09-28 20:38:55.198 - INFO: 
2026-09-28 20:38:55.198 - INFO: Request received via POST, content type "application/x-www-form-urlencoded"
2026-09-28 20:38:55.198 - INFO: Processing the following SPARQL query:
# Tier H-vocab — title literals, large
# Goal: external-vocabulary lookup pressure with larger bounded output.
PREFIX dblp: <https://dblp.org/rdf/schema#>

CONSTRUCT { ?paper dblp:title ?title }
WHERE {
  ?paper dblp:title ?title .
}
LIMIT 100000

2026-09-28 20:38:55.198 - INFO: Requested media types of the result are: "text/turtle"
2026-09-28 20:38:55.198 - INFO: Query planning done in 0 ms
2026-09-28 20:38:55.199 - INFO: Result has unknown size (not computed yet)
2026-09-28 20:38:55.743 - INFO: Done processing query and sending result, total time was 545 ms
2026-09-28 20:38:55.771 - INFO: 
2026-09-28 20:38:55.771 - INFO: Request received via GET, no content type specified
2026-09-28 20:38:55.771 - INFO: Processing command "clear-cache": clear the cache (unpinned elements only)
2026-09-28 20:38:55.789 - INFO: 
2026-09-28 20:38:55.789 - INFO: Request received via POST, content type "application/x-www-form-urlencoded"
2026-09-28 20:38:55.789 - INFO: Processing the following SPARQL query:
# Tier H-vocab — title literals, large
# Goal: external-vocabulary lookup pressure with larger bounded output.
PREFIX dblp: <https://dblp.org/rdf/schema#>

CONSTRUCT { ?paper dblp:title ?title }
WHERE {
  ?paper dblp:title ?title .
}
LIMIT 100000

2026-09-28 20:38:55.789 - INFO: Requested media types of the result are: "text/turtle"
2026-09-28 20:38:55.789 - INFO: Query planning done in 0 ms
2026-09-28 20:38:55.789 - INFO: Result has unknown size (not computed yet)
2026-09-28 20:38:56.328 - INFO: Done processing query and sending result, total time was 538 ms
2026-09-28 20:38:56.348 - INFO: 
2026-09-28 20:38:56.348 - INFO: Request received via GET, no content type specified
2026-09-28 20:38:56.348 - INFO: Processing command "clear-cache": clear the cache (unpinned elements only)
2026-09-28 20:38:56.366 - INFO: 
2026-09-28 20:38:56.366 - INFO: Request received via POST, content type "application/x-www-form-urlencoded"
2026-09-28 20:38:56.366 - INFO: Processing the following SPARQL query:
# Tier H-vocab — title literals, large
# Goal: external-vocabulary lookup pressure with larger bounded output.
PREFIX dblp: <https://dblp.org/rdf/schema#>

CONSTRUCT { ?paper dblp:title ?title }
WHERE {
  ?paper dblp:title ?title .
}
LIMIT 100000

2026-09-28 20:38:56.367 - INFO: Requested media types of the result are: "text/turtle"
2026-09-28 20:38:56.367 - INFO: Query planning done in 0 ms
2026-09-28 20:38:56.367 - INFO: Result has unknown size (not computed yet)
2026-09-28 20:38:56.904 - INFO: Done processing query and sending result, total time was 537 ms
2026-09-28 20:38:56.924 - INFO: 
2026-09-28 20:38:56.924 - INFO: Request received via GET, no content type specified
2026-09-28 20:38:56.924 - INFO: Processing command "clear-cache": clear the cache (unpinned elements only)
2026-09-28 20:38:56.942 - INFO: 
2026-09-28 20:38:56.942 - INFO: Request received via POST, content type "application/x-www-form-urlencoded"
2026-09-28 20:38:56.942 - INFO: Processing the following SPARQL query:
# Tier H-vocab — title literals, large
# Goal: external-vocabulary lookup pressure with larger bounded output.
PREFIX dblp: <https://dblp.org/rdf/schema#>

CONSTRUCT { ?paper dblp:title ?title }
WHERE {
  ?paper dblp:title ?title .
}
LIMIT 100000

2026-09-28 20:38:56.942 - INFO: Requested media types of the result are: "text/turtle"
2026-09-28 20:38:56.942 - INFO: Query planning done in 0 ms
2026-09-28 20:38:56.942 - INFO: Result has unknown size (not computed yet)
2026-09-28 20:38:57.480 - INFO: Done processing query and sending result, total time was 537 ms
2026-09-28 20:39:10.663 - INFO: 
2026-09-28 20:39:10.663 - INFO: Request received via GET, no content type specified
2026-09-28 20:39:10.663 - INFO: Processing command "clear-cache": clear the cache (unpinned elements only)
2026-09-28 20:39:10.681 - INFO: 
2026-09-28 20:39:10.681 - INFO: Request received via POST, content type "application/x-www-form-urlencoded"
2026-09-28 20:39:10.682 - INFO: Processing the following SPARQL query:
# Tier H-vocab — title literals, large
# Goal: external-vocabulary lookup pressure with larger bounded output.
PREFIX dblp: <https://dblp.org/rdf/schema#>

CONSTRUCT { ?paper dblp:title ?title }
WHERE {
  ?paper dblp:title ?title .
}
LIMIT 100000

2026-09-28 20:39:10.682 - INFO: Requested media types of the result are: "text/turtle"
2026-09-28 20:39:10.682 - INFO: Query planning done in 1 ms
2026-09-28 20:39:10.683 - INFO: Result has unknown size (not computed yet)
2026-09-28 20:39:11.224 - INFO: Done processing query and sending result, total time was 542 ms
2026-09-28 20:39:11.244 - INFO: 
2026-09-28 20:39:11.244 - INFO: Request received via GET, no content type specified
2026-09-28 20:39:11.244 - INFO: Processing command "clear-cache": clear the cache (unpinned elements only)
2026-09-28 20:39:11.262 - INFO: 
2026-09-28 20:39:11.262 - INFO: Request received via POST, content type "application/x-www-form-urlencoded"
2026-09-28 20:39:11.262 - INFO: Processing the following SPARQL query:
# Tier H-vocab — title literals, large
# Goal: external-vocabulary lookup pressure with larger bounded output.
PREFIX dblp: <https://dblp.org/rdf/schema#>

CONSTRUCT { ?paper dblp:title ?title }
WHERE {
  ?paper dblp:title ?title .
}
LIMIT 100000

2026-09-28 20:39:11.262 - INFO: Requested media types of the result are: "text/turtle"
2026-09-28 20:39:11.262 - INFO: Query planning done in 0 ms
2026-09-28 20:39:11.262 - INFO: Result has unknown size (not computed yet)
2026-09-28 20:39:11.800 - INFO: Done processing query and sending result, total time was 538 ms
2026-09-28 20:39:11.821 - INFO: 
2026-09-28 20:39:11.821 - INFO: Request received via GET, no content type specified
2026-09-28 20:39:11.821 - INFO: Processing command "clear-cache": clear the cache (unpinned elements only)
2026-09-28 20:39:11.839 - INFO: 
2026-09-28 20:39:11.839 - INFO: Request received via POST, content type "application/x-www-form-urlencoded"
2026-09-28 20:39:11.839 - INFO: Processing the following SPARQL query:
# Tier H-vocab — title literals, large
# Goal: external-vocabulary lookup pressure with larger bounded output.
PREFIX dblp: <https://dblp.org/rdf/schema#>

CONSTRUCT { ?paper dblp:title ?title }
WHERE {
  ?paper dblp:title ?title .
}
LIMIT 100000

2026-09-28 20:39:11.839 - INFO: Requested media types of the result are: "text/turtle"
2026-09-28 20:39:11.839 - INFO: Query planning done in 0 ms
2026-09-28 20:39:11.839 - INFO: Result has unknown size (not computed yet)
2026-09-28 20:39:12.378 - INFO: Done processing query and sending result, total time was 539 ms
2026-09-28 20:39:12.398 - INFO: 
2026-09-28 20:39:12.398 - INFO: Request received via GET, no content type specified
2026-09-28 20:39:12.398 - INFO: Processing command "clear-cache": clear the cache (unpinned elements only)
2026-09-28 20:39:12.416 - INFO: 
2026-09-28 20:39:12.416 - INFO: Request received via POST, content type "application/x-www-form-urlencoded"
2026-09-28 20:39:12.416 - INFO: Processing the following SPARQL query:
# Tier H-vocab — title literals, large
# Goal: external-vocabulary lookup pressure with larger bounded output.
PREFIX dblp: <https://dblp.org/rdf/schema#>

CONSTRUCT { ?paper dblp:title ?title }
WHERE {
  ?paper dblp:title ?title .
}
LIMIT 100000

2026-09-28 20:39:12.416 - INFO: Requested media types of the result are: "text/turtle"
2026-09-28 20:39:12.416 - INFO: Query planning done in 0 ms
2026-09-28 20:39:12.416 - INFO: Result has unknown size (not computed yet)
2026-09-28 20:39:12.958 - INFO: Done processing query and sending result, total time was 542 ms
2026-09-28 20:39:12.978 - INFO: 
2026-09-28 20:39:12.978 - INFO: Request received via GET, no content type specified
2026-09-28 20:39:12.978 - INFO: Processing command "clear-cache": clear the cache (unpinned elements only)
2026-09-28 20:39:12.996 - INFO: 
2026-09-28 20:39:12.996 - INFO: Request received via POST, content type "application/x-www-form-urlencoded"
2026-09-28 20:39:12.996 - INFO: Processing the following SPARQL query:
# Tier H-vocab — title literals, large
# Goal: external-vocabulary lookup pressure with larger bounded output.
PREFIX dblp: <https://dblp.org/rdf/schema#>

CONSTRUCT { ?paper dblp:title ?title }
WHERE {
  ?paper dblp:title ?title .
}
LIMIT 100000

2026-09-28 20:39:12.996 - INFO: Requested media types of the result are: "text/turtle"
2026-09-28 20:39:12.996 - INFO: Query planning done in 0 ms
2026-09-28 20:39:12.997 - INFO: Result has unknown size (not computed yet)
2026-09-28 20:39:13.529 - INFO: Done processing query and sending result, total time was 533 ms
2026-09-28 20:39:13.549 - INFO: 
2026-09-28 20:39:13.549 - INFO: Request received via GET, no content type specified
2026-09-28 20:39:13.549 - INFO: Processing command "clear-cache": clear the cache (unpinned elements only)
2026-09-28 20:39:13.567 - INFO: 
2026-09-28 20:39:13.567 - INFO: Request received via POST, content type "application/x-www-form-urlencoded"
2026-09-28 20:39:13.568 - INFO: Processing the following SPARQL query:
# Tier H-vocab — title literals, large
# Goal: external-vocabulary lookup pressure with larger bounded output.
PREFIX dblp: <https://dblp.org/rdf/schema#>

CONSTRUCT { ?paper dblp:title ?title }
WHERE {
  ?paper dblp:title ?title .
}
LIMIT 100000

2026-09-28 20:39:13.568 - INFO: Requested media types of the result are: "text/turtle"
2026-09-28 20:39:13.568 - INFO: Query planning done in 0 ms
2026-09-28 20:39:13.568 - INFO: Result has unknown size (not computed yet)
2026-09-28 20:39:14.105 - INFO: Done processing query and sending result, total time was 537 ms
2026-09-28 20:39:14.125 - INFO: 
2026-09-28 20:39:14.125 - INFO: Request received via GET, no content type specified
2026-09-28 20:39:14.125 - INFO: Processing command "clear-cache": clear the cache (unpinned elements only)
2026-09-28 20:39:14.143 - INFO: 
2026-09-28 20:39:14.143 - INFO: Request received via POST, content type "application/x-www-form-urlencoded"
2026-09-28 20:39:14.144 - INFO: Processing the following SPARQL query:
# Tier H-vocab — title literals, large
# Goal: external-vocabulary lookup pressure with larger bounded output.
PREFIX dblp: <https://dblp.org/rdf/schema#>

CONSTRUCT { ?paper dblp:title ?title }
WHERE {
  ?paper dblp:title ?title .
}
LIMIT 100000

2026-09-28 20:39:14.144 - INFO: Requested media types of the result are: "text/turtle"
2026-09-28 20:39:14.144 - INFO: Query planning done in 0 ms
2026-09-28 20:39:14.144 - INFO: Result has unknown size (not computed yet)
2026-09-28 20:39:14.659 - INFO: Done processing query and sending result, total time was 515 ms
2026-09-28 20:39:14.679 - INFO: 
2026-09-28 20:39:14.679 - INFO: Request received via GET, no content type specified
2026-09-28 20:39:14.679 - INFO: Processing command "clear-cache": clear the cache (unpinned elements only)
2026-09-28 20:39:14.697 - INFO: 
2026-09-28 20:39:14.697 - INFO: Request received via POST, content type "application/x-www-form-urlencoded"
2026-09-28 20:39:14.697 - INFO: Processing the following SPARQL query:
# Tier H-vocab — title literals, large
# Goal: external-vocabulary lookup pressure with larger bounded output.
PREFIX dblp: <https://dblp.org/rdf/schema#>

CONSTRUCT { ?paper dblp:title ?title }
WHERE {
  ?paper dblp:title ?title .
}
LIMIT 100000

2026-09-28 20:39:14.697 - INFO: Requested media types of the result are: "text/turtle"
2026-09-28 20:39:14.697 - INFO: Query planning done in 0 ms
2026-09-28 20:39:14.698 - INFO: Result has unknown size (not computed yet)
2026-09-28 20:39:15.192 - INFO: Done processing query and sending result, total time was 495 ms
2026-09-28 20:39:15.212 - INFO: 
2026-09-28 20:39:15.212 - INFO: Request received via GET, no content type specified
2026-09-28 20:39:15.212 - INFO: Processing command "clear-cache": clear the cache (unpinned elements only)
2026-09-28 20:39:15.238 - INFO: 
2026-09-28 20:39:15.238 - INFO: Request received via POST, content type "application/x-www-form-urlencoded"
2026-09-28 20:39:15.238 - INFO: Processing the following SPARQL query:
# Tier H-vocab — title literals, large
# Goal: external-vocabulary lookup pressure with larger bounded output.
PREFIX dblp: <https://dblp.org/rdf/schema#>

CONSTRUCT { ?paper dblp:title ?title }
WHERE {
  ?paper dblp:title ?title .
}
LIMIT 100000

2026-09-28 20:39:15.238 - INFO: Requested media types of the result are: "text/turtle"
2026-09-28 20:39:15.238 - INFO: Query planning done in 0 ms
2026-09-28 20:39:15.238 - INFO: Result has unknown size (not computed yet)
2026-09-28 20:39:15.738 - INFO: Done processing query and sending result, total time was 500 ms
2026-09-28 20:39:15.758 - INFO: 
2026-09-28 20:39:15.758 - INFO: Request received via GET, no content type specified
2026-09-28 20:39:15.758 - INFO: Processing command "clear-cache": clear the cache (unpinned elements only)
2026-09-28 20:39:15.776 - INFO: 
2026-09-28 20:39:15.776 - INFO: Request received via POST, content type "application/x-www-form-urlencoded"
2026-09-28 20:39:15.777 - INFO: Processing the following SPARQL query:
# Tier H-vocab — title literals, large
# Goal: external-vocabulary lookup pressure with larger bounded output.
PREFIX dblp: <https://dblp.org/rdf/schema#>

CONSTRUCT { ?paper dblp:title ?title }
WHERE {
  ?paper dblp:title ?title .
}
LIMIT 100000

2026-09-28 20:39:15.777 - INFO: Requested media types of the result are: "text/turtle"
2026-09-28 20:39:15.777 - INFO: Query planning done in 0 ms
2026-09-28 20:39:15.777 - INFO: Result has unknown size (not computed yet)
2026-09-28 20:39:16.278 - INFO: Done processing query and sending result, total time was 501 ms
2026-09-28 20:39:16.298 - INFO: 
2026-09-28 20:39:16.298 - INFO: Request received via GET, no content type specified
2026-09-28 20:39:16.298 - INFO: Processing command "clear-cache": clear the cache (unpinned elements only)
2026-09-28 20:39:16.316 - INFO: 
2026-09-28 20:39:16.316 - INFO: Request received via POST, content type "application/x-www-form-urlencoded"
2026-09-28 20:39:16.316 - INFO: Processing the following SPARQL query:
# Tier H-vocab — title literals, large
# Goal: external-vocabulary lookup pressure with larger bounded output.
PREFIX dblp: <https://dblp.org/rdf/schema#>

CONSTRUCT { ?paper dblp:title ?title }
WHERE {
  ?paper dblp:title ?title .
}
LIMIT 100000

2026-09-28 20:39:16.316 - INFO: Requested media types of the result are: "text/turtle"
2026-09-28 20:39:16.316 - INFO: Query planning done in 0 ms
2026-09-28 20:39:16.316 - INFO: Result has unknown size (not computed yet)
2026-09-28 20:39:16.822 - INFO: Done processing query and sending result, total time was 506 ms
2026-09-28 20:39:40.949 - INFO: 
2026-09-28 20:39:40.949 - INFO: Request received via GET, no content type specified
2026-09-28 20:39:40.949 - INFO: Processing command "clear-cache": clear the cache (unpinned elements only)
2026-09-28 20:39:40.967 - INFO: 
2026-09-28 20:39:40.967 - INFO: Request received via POST, content type "application/x-www-form-urlencoded"
2026-09-28 20:39:40.968 - INFO: Processing the following SPARQL query:
# Tier H-vocab — title literals, large
# Goal: external-vocabulary lookup pressure with larger bounded output.
PREFIX dblp: <https://dblp.org/rdf/schema#>

CONSTRUCT { ?paper dblp:title ?title }
WHERE {
  ?paper dblp:title ?title .
}
LIMIT 100000

2026-09-28 20:39:40.968 - INFO: Requested media types of the result are: "text/turtle"
2026-09-28 20:39:40.968 - INFO: Query planning done in 0 ms
2026-09-28 20:39:40.968 - INFO: Result has unknown size (not computed yet)
2026-09-28 20:39:41.518 - INFO: Done processing query and sending result, total time was 550 ms
2026-09-28 20:39:41.538 - INFO: 
2026-09-28 20:39:41.538 - INFO: Request received via GET, no content type specified
2026-09-28 20:39:41.538 - INFO: Processing command "clear-cache": clear the cache (unpinned elements only)
2026-09-28 20:39:41.556 - INFO: 
2026-09-28 20:39:41.556 - INFO: Request received via POST, content type "application/x-www-form-urlencoded"
2026-09-28 20:39:41.556 - INFO: Processing the following SPARQL query:
# Tier H-vocab — title literals, large
# Goal: external-vocabulary lookup pressure with larger bounded output.
PREFIX dblp: <https://dblp.org/rdf/schema#>

CONSTRUCT { ?paper dblp:title ?title }
WHERE {
  ?paper dblp:title ?title .
}
LIMIT 100000

2026-09-28 20:39:41.556 - INFO: Requested media types of the result are: "text/turtle"
2026-09-28 20:39:41.556 - INFO: Query planning done in 0 ms
2026-09-28 20:39:41.557 - INFO: Result has unknown size (not computed yet)
2026-09-28 20:39:42.096 - INFO: Done processing query and sending result, total time was 539 ms
2026-09-28 20:39:42.116 - INFO: 
2026-09-28 20:39:42.116 - INFO: Request received via GET, no content type specified
2026-09-28 20:39:42.116 - INFO: Processing command "clear-cache": clear the cache (unpinned elements only)
2026-09-28 20:39:42.134 - INFO: 
2026-09-28 20:39:42.134 - INFO: Request received via POST, content type "application/x-www-form-urlencoded"
2026-09-28 20:39:42.134 - INFO: Processing the following SPARQL query:
# Tier H-vocab — title literals, large
# Goal: external-vocabulary lookup pressure with larger bounded output.
PREFIX dblp: <https://dblp.org/rdf/schema#>

CONSTRUCT { ?paper dblp:title ?title }
WHERE {
  ?paper dblp:title ?title .
}
LIMIT 100000

2026-09-28 20:39:42.134 - INFO: Requested media types of the result are: "text/turtle"
2026-09-28 20:39:42.134 - INFO: Query planning done in 0 ms
2026-09-28 20:39:42.134 - INFO: Result has unknown size (not computed yet)
2026-09-28 20:39:42.678 - INFO: Done processing query and sending result, total time was 543 ms
2026-09-28 20:39:42.698 - INFO: 
2026-09-28 20:39:42.698 - INFO: Request received via GET, no content type specified
2026-09-28 20:39:42.698 - INFO: Processing command "clear-cache": clear the cache (unpinned elements only)
2026-09-28 20:39:42.716 - INFO: 
2026-09-28 20:39:42.716 - INFO: Request received via POST, content type "application/x-www-form-urlencoded"
2026-09-28 20:39:42.716 - INFO: Processing the following SPARQL query:
# Tier H-vocab — title literals, large
# Goal: external-vocabulary lookup pressure with larger bounded output.
PREFIX dblp: <https://dblp.org/rdf/schema#>

CONSTRUCT { ?paper dblp:title ?title }
WHERE {
  ?paper dblp:title ?title .
}
LIMIT 100000

2026-09-28 20:39:42.716 - INFO: Requested media types of the result are: "text/turtle"
2026-09-28 20:39:42.716 - INFO: Query planning done in 0 ms
2026-09-28 20:39:42.717 - INFO: Result has unknown size (not computed yet)
2026-09-28 20:39:43.255 - INFO: Done processing query and sending result, total time was 539 ms
2026-09-28 20:39:43.276 - INFO: 
2026-09-28 20:39:43.276 - INFO: Request received via GET, no content type specified
2026-09-28 20:39:43.276 - INFO: Processing command "clear-cache": clear the cache (unpinned elements only)
2026-09-28 20:39:43.294 - INFO: 
2026-09-28 20:39:43.294 - INFO: Request received via POST, content type "application/x-www-form-urlencoded"
2026-09-28 20:39:43.294 - INFO: Processing the following SPARQL query:
# Tier H-vocab — title literals, large
# Goal: external-vocabulary lookup pressure with larger bounded output.
PREFIX dblp: <https://dblp.org/rdf/schema#>

CONSTRUCT { ?paper dblp:title ?title }
WHERE {
  ?paper dblp:title ?title .
}
LIMIT 100000

2026-09-28 20:39:43.294 - INFO: Requested media types of the result are: "text/turtle"
2026-09-28 20:39:43.294 - INFO: Query planning done in 0 ms
2026-09-28 20:39:43.294 - INFO: Result has unknown size (not computed yet)
2026-09-28 20:39:43.832 - INFO: Done processing query and sending result, total time was 538 ms
2026-09-28 20:39:43.852 - INFO: 
2026-09-28 20:39:43.852 - INFO: Request received via GET, no content type specified
2026-09-28 20:39:43.852 - INFO: Processing command "clear-cache": clear the cache (unpinned elements only)
2026-09-28 20:39:43.870 - INFO: 
2026-09-28 20:39:43.870 - INFO: Request received via POST, content type "application/x-www-form-urlencoded"
2026-09-28 20:39:43.870 - INFO: Processing the following SPARQL query:
# Tier H-vocab — title literals, large
# Goal: external-vocabulary lookup pressure with larger bounded output.
PREFIX dblp: <https://dblp.org/rdf/schema#>

CONSTRUCT { ?paper dblp:title ?title }
WHERE {
  ?paper dblp:title ?title .
}
LIMIT 100000

2026-09-28 20:39:43.870 - INFO: Requested media types of the result are: "text/turtle"
2026-09-28 20:39:43.871 - INFO: Query planning done in 0 ms
2026-09-28 20:39:43.871 - INFO: Result has unknown size (not computed yet)
2026-09-28 20:39:44.407 - INFO: Done processing query and sending result, total time was 536 ms
2026-09-28 20:39:44.427 - INFO: 
2026-09-28 20:39:44.427 - INFO: Request received via GET, no content type specified
2026-09-28 20:39:44.427 - INFO: Processing command "clear-cache": clear the cache (unpinned elements only)
2026-09-28 20:39:44.445 - INFO: 
2026-09-28 20:39:44.445 - INFO: Request received via POST, content type "application/x-www-form-urlencoded"
2026-09-28 20:39:44.445 - INFO: Processing the following SPARQL query:
# Tier H-vocab — title literals, large
# Goal: external-vocabulary lookup pressure with larger bounded output.
PREFIX dblp: <https://dblp.org/rdf/schema#>

CONSTRUCT { ?paper dblp:title ?title }
WHERE {
  ?paper dblp:title ?title .
}
LIMIT 100000

2026-09-28 20:39:44.445 - INFO: Requested media types of the result are: "text/turtle"
2026-09-28 20:39:44.445 - INFO: Query planning done in 0 ms
2026-09-28 20:39:44.445 - INFO: Result has unknown size (not computed yet)
2026-09-28 20:39:44.968 - INFO: Done processing query and sending result, total time was 522 ms
2026-09-28 20:39:44.988 - INFO: 
2026-09-28 20:39:44.988 - INFO: Request received via GET, no content type specified
2026-09-28 20:39:44.988 - INFO: Processing command "clear-cache": clear the cache (unpinned elements only)
2026-09-28 20:39:45.006 - INFO: 
2026-09-28 20:39:45.006 - INFO: Request received via POST, content type "application/x-www-form-urlencoded"
2026-09-28 20:39:45.006 - INFO: Processing the following SPARQL query:
# Tier H-vocab — title literals, large
# Goal: external-vocabulary lookup pressure with larger bounded output.
PREFIX dblp: <https://dblp.org/rdf/schema#>

CONSTRUCT { ?paper dblp:title ?title }
WHERE {
  ?paper dblp:title ?title .
}
LIMIT 100000

2026-09-28 20:39:45.006 - INFO: Requested media types of the result are: "text/turtle"
2026-09-28 20:39:45.006 - INFO: Query planning done in 0 ms
2026-09-28 20:39:45.006 - INFO: Result has unknown size (not computed yet)
2026-09-28 20:39:45.514 - INFO: Done processing query and sending result, total time was 508 ms
2026-09-28 20:39:45.534 - INFO: 
2026-09-28 20:39:45.534 - INFO: Request received via GET, no content type specified
2026-09-28 20:39:45.534 - INFO: Processing command "clear-cache": clear the cache (unpinned elements only)
2026-09-28 20:39:45.552 - INFO: 
2026-09-28 20:39:45.552 - INFO: Request received via POST, content type "application/x-www-form-urlencoded"
2026-09-28 20:39:45.553 - INFO: Processing the following SPARQL query:
# Tier H-vocab — title literals, large
# Goal: external-vocabulary lookup pressure with larger bounded output.
PREFIX dblp: <https://dblp.org/rdf/schema#>

CONSTRUCT { ?paper dblp:title ?title }
WHERE {
  ?paper dblp:title ?title .
}
LIMIT 100000

2026-09-28 20:39:45.553 - INFO: Requested media types of the result are: "text/turtle"
2026-09-28 20:39:45.553 - INFO: Query planning done in 0 ms
2026-09-28 20:39:45.553 - INFO: Result has unknown size (not computed yet)
2026-09-28 20:39:46.062 - INFO: Done processing query and sending result, total time was 509 ms
2026-09-28 20:39:46.082 - INFO: 
2026-09-28 20:39:46.082 - INFO: Request received via GET, no content type specified
2026-09-28 20:39:46.082 - INFO: Processing command "clear-cache": clear the cache (unpinned elements only)
2026-09-28 20:39:46.108 - INFO: 
2026-09-28 20:39:46.108 - INFO: Request received via POST, content type "application/x-www-form-urlencoded"
2026-09-28 20:39:46.108 - INFO: Processing the following SPARQL query:
# Tier H-vocab — title literals, large
# Goal: external-vocabulary lookup pressure with larger bounded output.
PREFIX dblp: <https://dblp.org/rdf/schema#>

CONSTRUCT { ?paper dblp:title ?title }
WHERE {
  ?paper dblp:title ?title .
}
LIMIT 100000

2026-09-28 20:39:46.108 - INFO: Requested media types of the result are: "text/turtle"
2026-09-28 20:39:46.108 - INFO: Query planning done in 0 ms
2026-09-28 20:39:46.108 - INFO: Result has unknown size (not computed yet)
2026-09-28 20:39:46.611 - INFO: Done processing query and sending result, total time was 503 ms
2026-09-28 20:39:46.632 - INFO: 
2026-09-28 20:39:46.632 - INFO: Request received via GET, no content type specified
2026-09-28 20:39:46.632 - INFO: Processing command "clear-cache": clear the cache (unpinned elements only)
2026-09-28 20:39:46.650 - INFO: 
2026-09-28 20:39:46.650 - INFO: Request received via POST, content type "application/x-www-form-urlencoded"
2026-09-28 20:39:46.650 - INFO: Processing the following SPARQL query:
# Tier H-vocab — title literals, large
# Goal: external-vocabulary lookup pressure with larger bounded output.
PREFIX dblp: <https://dblp.org/rdf/schema#>

CONSTRUCT { ?paper dblp:title ?title }
WHERE {
  ?paper dblp:title ?title .
}
LIMIT 100000

2026-09-28 20:39:46.650 - INFO: Requested media types of the result are: "text/turtle"
2026-09-28 20:39:46.650 - INFO: Query planning done in 0 ms
2026-09-28 20:39:46.650 - INFO: Result has unknown size (not computed yet)
2026-09-28 20:39:47.155 - INFO: Done processing query and sending result, total time was 505 ms
2026-09-28 20:40:00.289 - INFO: 
2026-09-28 20:40:00.289 - INFO: Request received via GET, no content type specified
2026-09-28 20:40:00.289 - INFO: Processing command "clear-cache": clear the cache (unpinned elements only)
2026-09-28 20:40:00.307 - INFO: 
2026-09-28 20:40:00.307 - INFO: Request received via POST, content type "application/x-www-form-urlencoded"
2026-09-28 20:40:00.307 - INFO: Processing the following SPARQL query:
# Tier H-vocab — title literals, large
# Goal: external-vocabulary lookup pressure with larger bounded output.
PREFIX dblp: <https://dblp.org/rdf/schema#>

CONSTRUCT { ?paper dblp:title ?title }
WHERE {
  ?paper dblp:title ?title .
}
LIMIT 100000

2026-09-28 20:40:00.307 - INFO: Requested media types of the result are: "text/turtle"
2026-09-28 20:40:00.307 - INFO: Query planning done in 0 ms
2026-09-28 20:40:00.307 - INFO: Result has unknown size (not computed yet)
2026-09-28 20:40:00.850 - INFO: Done processing query and sending result, total time was 543 ms
2026-09-28 20:40:00.870 - INFO: 
2026-09-28 20:40:00.870 - INFO: Request received via GET, no content type specified
2026-09-28 20:40:00.871 - INFO: Processing command "clear-cache": clear the cache (unpinned elements only)
2026-09-28 20:40:00.888 - INFO: 
2026-09-28 20:40:00.888 - INFO: Request received via POST, content type "application/x-www-form-urlencoded"
2026-09-28 20:40:00.889 - INFO: Processing the following SPARQL query:
# Tier H-vocab — title literals, large
# Goal: external-vocabulary lookup pressure with larger bounded output.
PREFIX dblp: <https://dblp.org/rdf/schema#>

CONSTRUCT { ?paper dblp:title ?title }
WHERE {
  ?paper dblp:title ?title .
}
LIMIT 100000

2026-09-28 20:40:00.889 - INFO: Requested media types of the result are: "text/turtle"
2026-09-28 20:40:00.889 - INFO: Query planning done in 0 ms
2026-09-28 20:40:00.889 - INFO: Result has unknown size (not computed yet)
2026-09-28 20:40:01.430 - INFO: Done processing query and sending result, total time was 541 ms
2026-09-28 20:40:01.451 - INFO: 
2026-09-28 20:40:01.451 - INFO: Request received via GET, no content type specified
2026-09-28 20:40:01.451 - INFO: Processing command "clear-cache": clear the cache (unpinned elements only)
2026-09-28 20:40:01.483 - INFO: 
2026-09-28 20:40:01.483 - INFO: Request received via POST, content type "application/x-www-form-urlencoded"
2026-09-28 20:40:01.483 - INFO: Processing the following SPARQL query:
# Tier H-vocab — title literals, large
# Goal: external-vocabulary lookup pressure with larger bounded output.
PREFIX dblp: <https://dblp.org/rdf/schema#>

CONSTRUCT { ?paper dblp:title ?title }
WHERE {
  ?paper dblp:title ?title .
}
LIMIT 100000

2026-09-28 20:40:01.483 - INFO: Requested media types of the result are: "text/turtle"
2026-09-28 20:40:01.483 - INFO: Query planning done in 0 ms
2026-09-28 20:40:01.484 - INFO: Result has unknown size (not computed yet)
2026-09-28 20:40:02.033 - INFO: Done processing query and sending result, total time was 550 ms
2026-09-28 20:40:02.053 - INFO: 
2026-09-28 20:40:02.053 - INFO: Request received via GET, no content type specified
2026-09-28 20:40:02.053 - INFO: Processing command "clear-cache": clear the cache (unpinned elements only)
2026-09-28 20:40:02.071 - INFO: 
2026-09-28 20:40:02.071 - INFO: Request received via POST, content type "application/x-www-form-urlencoded"
2026-09-28 20:40:02.072 - INFO: Processing the following SPARQL query:
# Tier H-vocab — title literals, large
# Goal: external-vocabulary lookup pressure with larger bounded output.
PREFIX dblp: <https://dblp.org/rdf/schema#>

CONSTRUCT { ?paper dblp:title ?title }
WHERE {
  ?paper dblp:title ?title .
}
LIMIT 100000

2026-09-28 20:40:02.072 - INFO: Requested media types of the result are: "text/turtle"
2026-09-28 20:40:02.072 - INFO: Query planning done in 0 ms
2026-09-28 20:40:02.072 - INFO: Result has unknown size (not computed yet)
2026-09-28 20:40:02.614 - INFO: Done processing query and sending result, total time was 543 ms
2026-09-28 20:40:02.635 - INFO: 
2026-09-28 20:40:02.635 - INFO: Request received via GET, no content type specified
2026-09-28 20:40:02.635 - INFO: Processing command "clear-cache": clear the cache (unpinned elements only)
2026-09-28 20:40:02.653 - INFO: 
2026-09-28 20:40:02.653 - INFO: Request received via POST, content type "application/x-www-form-urlencoded"
2026-09-28 20:40:02.653 - INFO: Processing the following SPARQL query:
# Tier H-vocab — title literals, large
# Goal: external-vocabulary lookup pressure with larger bounded output.
PREFIX dblp: <https://dblp.org/rdf/schema#>

CONSTRUCT { ?paper dblp:title ?title }
WHERE {
  ?paper dblp:title ?title .
}
LIMIT 100000

2026-09-28 20:40:02.653 - INFO: Requested media types of the result are: "text/turtle"
2026-09-28 20:40:02.653 - INFO: Query planning done in 0 ms
2026-09-28 20:40:02.654 - INFO: Result has unknown size (not computed yet)
2026-09-28 20:40:03.188 - INFO: Done processing query and sending result, total time was 535 ms
2026-09-28 20:40:03.208 - INFO: 
2026-09-28 20:40:03.208 - INFO: Request received via GET, no content type specified
2026-09-28 20:40:03.208 - INFO: Processing command "clear-cache": clear the cache (unpinned elements only)
2026-09-28 20:40:03.226 - INFO: 
2026-09-28 20:40:03.226 - INFO: Request received via POST, content type "application/x-www-form-urlencoded"
2026-09-28 20:40:03.227 - INFO: Processing the following SPARQL query:
# Tier H-vocab — title literals, large
# Goal: external-vocabulary lookup pressure with larger bounded output.
PREFIX dblp: <https://dblp.org/rdf/schema#>

CONSTRUCT { ?paper dblp:title ?title }
WHERE {
  ?paper dblp:title ?title .
}
LIMIT 100000

2026-09-28 20:40:03.227 - INFO: Requested media types of the result are: "text/turtle"
2026-09-28 20:40:03.227 - INFO: Query planning done in 0 ms
2026-09-28 20:40:03.227 - INFO: Result has unknown size (not computed yet)
2026-09-28 20:40:03.766 - INFO: Done processing query and sending result, total time was 539 ms
2026-09-28 20:40:03.786 - INFO: 
2026-09-28 20:40:03.786 - INFO: Request received via GET, no content type specified
2026-09-28 20:40:03.786 - INFO: Processing command "clear-cache": clear the cache (unpinned elements only)
2026-09-28 20:40:03.804 - INFO: 
2026-09-28 20:40:03.804 - INFO: Request received via POST, content type "application/x-www-form-urlencoded"
2026-09-28 20:40:03.805 - INFO: Processing the following SPARQL query:
# Tier H-vocab — title literals, large
# Goal: external-vocabulary lookup pressure with larger bounded output.
PREFIX dblp: <https://dblp.org/rdf/schema#>

CONSTRUCT { ?paper dblp:title ?title }
WHERE {
  ?paper dblp:title ?title .
}
LIMIT 100000

2026-09-28 20:40:03.805 - INFO: Requested media types of the result are: "text/turtle"
2026-09-28 20:40:03.805 - INFO: Query planning done in 0 ms
2026-09-28 20:40:03.805 - INFO: Result has unknown size (not computed yet)
2026-09-28 20:40:04.339 - INFO: Done processing query and sending result, total time was 535 ms
2026-09-28 20:40:04.359 - INFO: 
2026-09-28 20:40:04.359 - INFO: Request received via GET, no content type specified
2026-09-28 20:40:04.359 - INFO: Processing command "clear-cache": clear the cache (unpinned elements only)
2026-09-28 20:40:04.377 - INFO: 
2026-09-28 20:40:04.377 - INFO: Request received via POST, content type "application/x-www-form-urlencoded"
2026-09-28 20:40:04.377 - INFO: Processing the following SPARQL query:
# Tier H-vocab — title literals, large
# Goal: external-vocabulary lookup pressure with larger bounded output.
PREFIX dblp: <https://dblp.org/rdf/schema#>

CONSTRUCT { ?paper dblp:title ?title }
WHERE {
  ?paper dblp:title ?title .
}
LIMIT 100000

2026-09-28 20:40:04.377 - INFO: Requested media types of the result are: "text/turtle"
2026-09-28 20:40:04.378 - INFO: Query planning done in 0 ms
2026-09-28 20:40:04.378 - INFO: Result has unknown size (not computed yet)
2026-09-28 20:40:04.926 - INFO: Done processing query and sending result, total time was 548 ms
2026-09-28 20:40:04.946 - INFO: 
2026-09-28 20:40:04.946 - INFO: Request received via GET, no content type specified
2026-09-28 20:40:04.946 - INFO: Processing command "clear-cache": clear the cache (unpinned elements only)
2026-09-28 20:40:04.964 - INFO: 
2026-09-28 20:40:04.964 - INFO: Request received via POST, content type "application/x-www-form-urlencoded"
2026-09-28 20:40:04.964 - INFO: Processing the following SPARQL query:
# Tier H-vocab — title literals, large
# Goal: external-vocabulary lookup pressure with larger bounded output.
PREFIX dblp: <https://dblp.org/rdf/schema#>

CONSTRUCT { ?paper dblp:title ?title }
WHERE {
  ?paper dblp:title ?title .
}
LIMIT 100000

2026-09-28 20:40:04.964 - INFO: Requested media types of the result are: "text/turtle"
2026-09-28 20:40:04.964 - INFO: Query planning done in 0 ms
2026-09-28 20:40:04.965 - INFO: Result has unknown size (not computed yet)
2026-09-28 20:40:05.485 - INFO: Done processing query and sending result, total time was 521 ms
2026-09-28 20:40:05.506 - INFO: 
2026-09-28 20:40:05.506 - INFO: Request received via GET, no content type specified
2026-09-28 20:40:05.506 - INFO: Processing command "clear-cache": clear the cache (unpinned elements only)
2026-09-28 20:40:05.524 - INFO: 
2026-09-28 20:40:05.524 - INFO: Request received via POST, content type "application/x-www-form-urlencoded"
2026-09-28 20:40:05.524 - INFO: Processing the following SPARQL query:
# Tier H-vocab — title literals, large
# Goal: external-vocabulary lookup pressure with larger bounded output.
PREFIX dblp: <https://dblp.org/rdf/schema#>

CONSTRUCT { ?paper dblp:title ?title }
WHERE {
  ?paper dblp:title ?title .
}
LIMIT 100000

2026-09-28 20:40:05.524 - INFO: Requested media types of the result are: "text/turtle"
2026-09-28 20:40:05.524 - INFO: Query planning done in 0 ms
2026-09-28 20:40:05.524 - INFO: Result has unknown size (not computed yet)
2026-09-28 20:40:06.033 - INFO: Done processing query and sending result, total time was 509 ms
2026-09-28 20:40:06.053 - INFO: 
2026-09-28 20:40:06.053 - INFO: Request received via GET, no content type specified
2026-09-28 20:40:06.053 - INFO: Processing command "clear-cache": clear the cache (unpinned elements only)
2026-09-28 20:40:06.071 - INFO: 
2026-09-28 20:40:06.071 - INFO: Request received via POST, content type "application/x-www-form-urlencoded"
2026-09-28 20:40:06.071 - INFO: Processing the following SPARQL query:
# Tier H-vocab — title literals, large
# Goal: external-vocabulary lookup pressure with larger bounded output.
PREFIX dblp: <https://dblp.org/rdf/schema#>

CONSTRUCT { ?paper dblp:title ?title }
WHERE {
  ?paper dblp:title ?title .
}
LIMIT 100000

2026-09-28 20:40:06.071 - INFO: Requested media types of the result are: "text/turtle"
2026-09-28 20:40:06.072 - INFO: Query planning done in 0 ms
2026-09-28 20:40:06.072 - INFO: Result has unknown size (not computed yet)
2026-09-28 20:40:06.591 - INFO: Done processing query and sending result, total time was 519 ms
2026-09-28 20:40:31.144 - INFO: 
2026-09-28 20:40:31.144 - INFO: Request received via GET, no content type specified
2026-09-28 20:40:31.144 - INFO: Processing command "clear-cache": clear the cache (unpinned elements only)
2026-09-28 20:40:31.163 - INFO: 
2026-09-28 20:40:31.163 - INFO: Request received via POST, content type "application/x-www-form-urlencoded"
2026-09-28 20:40:31.163 - INFO: Processing the following SPARQL query:
# Tier H-vocab — title literals, large
# Goal: external-vocabulary lookup pressure with larger bounded output.
PREFIX dblp: <https://dblp.org/rdf/schema#>

CONSTRUCT { ?paper dblp:title ?title }
WHERE {
  ?paper dblp:title ?title .
}
LIMIT 100000

2026-09-28 20:40:31.163 - INFO: Requested media types of the result are: "text/turtle"
2026-09-28 20:40:31.164 - INFO: Query planning done in 0 ms
2026-09-28 20:40:31.164 - INFO: Result has unknown size (not computed yet)
2026-09-28 20:40:31.708 - INFO: Done processing query and sending result, total time was 545 ms
2026-09-28 20:40:31.729 - INFO: 
2026-09-28 20:40:31.729 - INFO: Request received via GET, no content type specified
2026-09-28 20:40:31.729 - INFO: Processing command "clear-cache": clear the cache (unpinned elements only)
2026-09-28 20:40:31.747 - INFO: 
2026-09-28 20:40:31.747 - INFO: Request received via POST, content type "application/x-www-form-urlencoded"
2026-09-28 20:40:31.747 - INFO: Processing the following SPARQL query:
# Tier H-vocab — title literals, large
# Goal: external-vocabulary lookup pressure with larger bounded output.
PREFIX dblp: <https://dblp.org/rdf/schema#>

CONSTRUCT { ?paper dblp:title ?title }
WHERE {
  ?paper dblp:title ?title .
}
LIMIT 100000

2026-09-28 20:40:31.747 - INFO: Requested media types of the result are: "text/turtle"
2026-09-28 20:40:31.747 - INFO: Query planning done in 0 ms
2026-09-28 20:40:31.747 - INFO: Result has unknown size (not computed yet)
2026-09-28 20:40:32.290 - INFO: Done processing query and sending result, total time was 543 ms
2026-09-28 20:40:32.311 - INFO: 
2026-09-28 20:40:32.311 - INFO: Request received via GET, no content type specified
2026-09-28 20:40:32.311 - INFO: Processing command "clear-cache": clear the cache (unpinned elements only)
2026-09-28 20:40:32.329 - INFO: 
2026-09-28 20:40:32.329 - INFO: Request received via POST, content type "application/x-www-form-urlencoded"
2026-09-28 20:40:32.329 - INFO: Processing the following SPARQL query:
# Tier H-vocab — title literals, large
# Goal: external-vocabulary lookup pressure with larger bounded output.
PREFIX dblp: <https://dblp.org/rdf/schema#>

CONSTRUCT { ?paper dblp:title ?title }
WHERE {
  ?paper dblp:title ?title .
}
LIMIT 100000

2026-09-28 20:40:32.329 - INFO: Requested media types of the result are: "text/turtle"
2026-09-28 20:40:32.329 - INFO: Query planning done in 0 ms
2026-09-28 20:40:32.330 - INFO: Result has unknown size (not computed yet)
2026-09-28 20:40:32.874 - INFO: Done processing query and sending result, total time was 544 ms
2026-09-28 20:40:32.894 - INFO: 
2026-09-28 20:40:32.894 - INFO: Request received via GET, no content type specified
2026-09-28 20:40:32.894 - INFO: Processing command "clear-cache": clear the cache (unpinned elements only)
2026-09-28 20:40:32.926 - INFO: 
2026-09-28 20:40:32.926 - INFO: Request received via POST, content type "application/x-www-form-urlencoded"
2026-09-28 20:40:32.927 - INFO: Processing the following SPARQL query:
# Tier H-vocab — title literals, large
# Goal: external-vocabulary lookup pressure with larger bounded output.
PREFIX dblp: <https://dblp.org/rdf/schema#>

CONSTRUCT { ?paper dblp:title ?title }
WHERE {
  ?paper dblp:title ?title .
}
LIMIT 100000

2026-09-28 20:40:32.927 - INFO: Requested media types of the result are: "text/turtle"
2026-09-28 20:40:32.927 - INFO: Query planning done in 0 ms
2026-09-28 20:40:32.927 - INFO: Result has unknown size (not computed yet)
2026-09-28 20:40:33.465 - INFO: Done processing query and sending result, total time was 538 ms
2026-09-28 20:40:33.485 - INFO: 
2026-09-28 20:40:33.485 - INFO: Request received via GET, no content type specified
2026-09-28 20:40:33.485 - INFO: Processing command "clear-cache": clear the cache (unpinned elements only)
2026-09-28 20:40:33.503 - INFO: 
2026-09-28 20:40:33.503 - INFO: Request received via POST, content type "application/x-www-form-urlencoded"
2026-09-28 20:40:33.504 - INFO: Processing the following SPARQL query:
# Tier H-vocab — title literals, large
# Goal: external-vocabulary lookup pressure with larger bounded output.
PREFIX dblp: <https://dblp.org/rdf/schema#>

CONSTRUCT { ?paper dblp:title ?title }
WHERE {
  ?paper dblp:title ?title .
}
LIMIT 100000

2026-09-28 20:40:33.504 - INFO: Requested media types of the result are: "text/turtle"
2026-09-28 20:40:33.504 - INFO: Query planning done in 0 ms
2026-09-28 20:40:33.504 - INFO: Result has unknown size (not computed yet)
2026-09-28 20:40:34.024 - INFO: Done processing query and sending result, total time was 520 ms
2026-09-28 20:40:34.044 - INFO: 
2026-09-28 20:40:34.044 - INFO: Request received via GET, no content type specified
2026-09-28 20:40:34.044 - INFO: Processing command "clear-cache": clear the cache (unpinned elements only)
2026-09-28 20:40:34.062 - INFO: 
2026-09-28 20:40:34.062 - INFO: Request received via POST, content type "application/x-www-form-urlencoded"
2026-09-28 20:40:34.062 - INFO: Processing the following SPARQL query:
# Tier H-vocab — title literals, large
# Goal: external-vocabulary lookup pressure with larger bounded output.
PREFIX dblp: <https://dblp.org/rdf/schema#>

CONSTRUCT { ?paper dblp:title ?title }
WHERE {
  ?paper dblp:title ?title .
}
LIMIT 100000

2026-09-28 20:40:34.062 - INFO: Requested media types of the result are: "text/turtle"
2026-09-28 20:40:34.063 - INFO: Query planning done in 0 ms
2026-09-28 20:40:34.063 - INFO: Result has unknown size (not computed yet)
2026-09-28 20:40:34.571 - INFO: Done processing query and sending result, total time was 509 ms
2026-09-28 20:40:34.592 - INFO: 
2026-09-28 20:40:34.592 - INFO: Request received via GET, no content type specified
2026-09-28 20:40:34.592 - INFO: Processing command "clear-cache": clear the cache (unpinned elements only)
2026-09-28 20:40:34.610 - INFO: 
2026-09-28 20:40:34.610 - INFO: Request received via POST, content type "application/x-www-form-urlencoded"
2026-09-28 20:40:34.610 - INFO: Processing the following SPARQL query:
# Tier H-vocab — title literals, large
# Goal: external-vocabulary lookup pressure with larger bounded output.
PREFIX dblp: <https://dblp.org/rdf/schema#>

CONSTRUCT { ?paper dblp:title ?title }
WHERE {
  ?paper dblp:title ?title .
}
LIMIT 100000

2026-09-28 20:40:34.610 - INFO: Requested media types of the result are: "text/turtle"
2026-09-28 20:40:34.610 - INFO: Query planning done in 0 ms
2026-09-28 20:40:34.610 - INFO: Result has unknown size (not computed yet)
2026-09-28 20:40:35.116 - INFO: Done processing query and sending result, total time was 506 ms
2026-09-28 20:40:35.136 - INFO: 
2026-09-28 20:40:35.136 - INFO: Request received via GET, no content type specified
2026-09-28 20:40:35.136 - INFO: Processing command "clear-cache": clear the cache (unpinned elements only)
2026-09-28 20:40:35.154 - INFO: 
2026-09-28 20:40:35.154 - INFO: Request received via POST, content type "application/x-www-form-urlencoded"
2026-09-28 20:40:35.154 - INFO: Processing the following SPARQL query:
# Tier H-vocab — title literals, large
# Goal: external-vocabulary lookup pressure with larger bounded output.
PREFIX dblp: <https://dblp.org/rdf/schema#>

CONSTRUCT { ?paper dblp:title ?title }
WHERE {
  ?paper dblp:title ?title .
}
LIMIT 100000

2026-09-28 20:40:35.154 - INFO: Requested media types of the result are: "text/turtle"
2026-09-28 20:40:35.154 - INFO: Query planning done in 0 ms
2026-09-28 20:40:35.155 - INFO: Result has unknown size (not computed yet)
2026-09-28 20:40:35.659 - INFO: Done processing query and sending result, total time was 504 ms
2026-09-28 20:40:35.679 - INFO: 
2026-09-28 20:40:35.679 - INFO: Request received via GET, no content type specified
2026-09-28 20:40:35.679 - INFO: Processing command "clear-cache": clear the cache (unpinned elements only)
2026-09-28 20:40:35.697 - INFO: 
2026-09-28 20:40:35.697 - INFO: Request received via POST, content type "application/x-www-form-urlencoded"
2026-09-28 20:40:35.697 - INFO: Processing the following SPARQL query:
# Tier H-vocab — title literals, large
# Goal: external-vocabulary lookup pressure with larger bounded output.
PREFIX dblp: <https://dblp.org/rdf/schema#>

CONSTRUCT { ?paper dblp:title ?title }
WHERE {
  ?paper dblp:title ?title .
}
LIMIT 100000

2026-09-28 20:40:35.697 - INFO: Requested media types of the result are: "text/turtle"
2026-09-28 20:40:35.697 - INFO: Query planning done in 0 ms
2026-09-28 20:40:35.697 - INFO: Result has unknown size (not computed yet)
2026-09-28 20:40:36.205 - INFO: Done processing query and sending result, total time was 508 ms
2026-09-28 20:40:36.225 - INFO: 
2026-09-28 20:40:36.225 - INFO: Request received via GET, no content type specified
2026-09-28 20:40:36.225 - INFO: Processing command "clear-cache": clear the cache (unpinned elements only)
2026-09-28 20:40:36.243 - INFO: 
2026-09-28 20:40:36.243 - INFO: Request received via POST, content type "application/x-www-form-urlencoded"
2026-09-28 20:40:36.243 - INFO: Processing the following SPARQL query:
# Tier H-vocab — title literals, large
# Goal: external-vocabulary lookup pressure with larger bounded output.
PREFIX dblp: <https://dblp.org/rdf/schema#>

CONSTRUCT { ?paper dblp:title ?title }
WHERE {
  ?paper dblp:title ?title .
}
LIMIT 100000

2026-09-28 20:40:36.243 - INFO: Requested media types of the result are: "text/turtle"
2026-09-28 20:40:36.244 - INFO: Query planning done in 0 ms
2026-09-28 20:40:36.244 - INFO: Result has unknown size (not computed yet)
2026-09-28 20:40:36.753 - INFO: Done processing query and sending result, total time was 510 ms
2026-09-28 20:40:36.773 - INFO: 
2026-09-28 20:40:36.773 - INFO: Request received via GET, no content type specified
2026-09-28 20:40:36.773 - INFO: Processing command "clear-cache": clear the cache (unpinned elements only)
2026-09-28 20:40:36.791 - INFO: 
2026-09-28 20:40:36.791 - INFO: Request received via POST, content type "application/x-www-form-urlencoded"
2026-09-28 20:40:36.791 - INFO: Processing the following SPARQL query:
# Tier H-vocab — title literals, large
# Goal: external-vocabulary lookup pressure with larger bounded output.
PREFIX dblp: <https://dblp.org/rdf/schema#>

CONSTRUCT { ?paper dblp:title ?title }
WHERE {
  ?paper dblp:title ?title .
}
LIMIT 100000

2026-09-28 20:40:36.791 - INFO: Requested media types of the result are: "text/turtle"
2026-09-28 20:40:36.792 - INFO: Query planning done in 0 ms
2026-09-28 20:40:36.792 - INFO: Result has unknown size (not computed yet)
2026-09-28 20:40:37.310 - INFO: Done processing query and sending result, total time was 519 ms
2026-09-28 20:40:50.635 - INFO: 
2026-09-28 20:40:50.635 - INFO: Request received via GET, no content type specified
2026-09-28 20:40:50.635 - INFO: Processing command "clear-cache": clear the cache (unpinned elements only)
2026-09-28 20:40:50.653 - INFO: 
2026-09-28 20:40:50.653 - INFO: Request received via POST, content type "application/x-www-form-urlencoded"
2026-09-28 20:40:50.653 - INFO: Processing the following SPARQL query:
# Tier H-vocab — title literals, large
# Goal: external-vocabulary lookup pressure with larger bounded output.
PREFIX dblp: <https://dblp.org/rdf/schema#>

CONSTRUCT { ?paper dblp:title ?title }
WHERE {
  ?paper dblp:title ?title .
}
LIMIT 100000

2026-09-28 20:40:50.653 - INFO: Requested media types of the result are: "text/turtle"
2026-09-28 20:40:50.654 - INFO: Query planning done in 0 ms
2026-09-28 20:40:50.654 - INFO: Result has unknown size (not computed yet)
2026-09-28 20:40:51.199 - INFO: Done processing query and sending result, total time was 545 ms
2026-09-28 20:40:51.219 - INFO: 
2026-09-28 20:40:51.219 - INFO: Request received via GET, no content type specified
2026-09-28 20:40:51.219 - INFO: Processing command "clear-cache": clear the cache (unpinned elements only)
2026-09-28 20:40:51.237 - INFO: 
2026-09-28 20:40:51.237 - INFO: Request received via POST, content type "application/x-www-form-urlencoded"
2026-09-28 20:40:51.237 - INFO: Processing the following SPARQL query:
# Tier H-vocab — title literals, large
# Goal: external-vocabulary lookup pressure with larger bounded output.
PREFIX dblp: <https://dblp.org/rdf/schema#>

CONSTRUCT { ?paper dblp:title ?title }
WHERE {
  ?paper dblp:title ?title .
}
LIMIT 100000

2026-09-28 20:40:51.237 - INFO: Requested media types of the result are: "text/turtle"
2026-09-28 20:40:51.237 - INFO: Query planning done in 0 ms
2026-09-28 20:40:51.238 - INFO: Result has unknown size (not computed yet)
2026-09-28 20:40:51.783 - INFO: Done processing query and sending result, total time was 545 ms
2026-09-28 20:40:51.803 - INFO: 
2026-09-28 20:40:51.803 - INFO: Request received via GET, no content type specified
2026-09-28 20:40:51.803 - INFO: Processing command "clear-cache": clear the cache (unpinned elements only)
2026-09-28 20:40:51.821 - INFO: 
2026-09-28 20:40:51.821 - INFO: Request received via POST, content type "application/x-www-form-urlencoded"
2026-09-28 20:40:51.821 - INFO: Processing the following SPARQL query:
# Tier H-vocab — title literals, large
# Goal: external-vocabulary lookup pressure with larger bounded output.
PREFIX dblp: <https://dblp.org/rdf/schema#>

CONSTRUCT { ?paper dblp:title ?title }
WHERE {
  ?paper dblp:title ?title .
}
LIMIT 100000

2026-09-28 20:40:51.821 - INFO: Requested media types of the result are: "text/turtle"
2026-09-28 20:40:51.821 - INFO: Query planning done in 0 ms
2026-09-28 20:40:51.821 - INFO: Result has unknown size (not computed yet)
2026-09-28 20:40:52.367 - INFO: Done processing query and sending result, total time was 546 ms
2026-09-28 20:40:52.388 - INFO: 
2026-09-28 20:40:52.388 - INFO: Request received via GET, no content type specified
2026-09-28 20:40:52.388 - INFO: Processing command "clear-cache": clear the cache (unpinned elements only)
2026-09-28 20:40:52.405 - INFO: 
2026-09-28 20:40:52.405 - INFO: Request received via POST, content type "application/x-www-form-urlencoded"
2026-09-28 20:40:52.406 - INFO: Processing the following SPARQL query:
# Tier H-vocab — title literals, large
# Goal: external-vocabulary lookup pressure with larger bounded output.
PREFIX dblp: <https://dblp.org/rdf/schema#>

CONSTRUCT { ?paper dblp:title ?title }
WHERE {
  ?paper dblp:title ?title .
}
LIMIT 100000

2026-09-28 20:40:52.406 - INFO: Requested media types of the result are: "text/turtle"
2026-09-28 20:40:52.406 - INFO: Query planning done in 0 ms
2026-09-28 20:40:52.406 - INFO: Result has unknown size (not computed yet)
2026-09-28 20:40:52.948 - INFO: Done processing query and sending result, total time was 542 ms
2026-09-28 20:40:52.968 - INFO: 
2026-09-28 20:40:52.968 - INFO: Request received via GET, no content type specified
2026-09-28 20:40:52.968 - INFO: Processing command "clear-cache": clear the cache (unpinned elements only)
2026-09-28 20:40:52.986 - INFO: 
2026-09-28 20:40:52.986 - INFO: Request received via POST, content type "application/x-www-form-urlencoded"
2026-09-28 20:40:52.986 - INFO: Processing the following SPARQL query:
# Tier H-vocab — title literals, large
# Goal: external-vocabulary lookup pressure with larger bounded output.
PREFIX dblp: <https://dblp.org/rdf/schema#>

CONSTRUCT { ?paper dblp:title ?title }
WHERE {
  ?paper dblp:title ?title .
}
LIMIT 100000

2026-09-28 20:40:52.986 - INFO: Requested media types of the result are: "text/turtle"
2026-09-28 20:40:52.987 - INFO: Query planning done in 0 ms
2026-09-28 20:40:52.987 - INFO: Result has unknown size (not computed yet)
2026-09-28 20:40:53.509 - INFO: Done processing query and sending result, total time was 522 ms
2026-09-28 20:40:53.529 - INFO: 
2026-09-28 20:40:53.529 - INFO: Request received via GET, no content type specified
2026-09-28 20:40:53.529 - INFO: Processing command "clear-cache": clear the cache (unpinned elements only)
2026-09-28 20:40:53.547 - INFO: 
2026-09-28 20:40:53.547 - INFO: Request received via POST, content type "application/x-www-form-urlencoded"
2026-09-28 20:40:53.547 - INFO: Processing the following SPARQL query:
# Tier H-vocab — title literals, large
# Goal: external-vocabulary lookup pressure with larger bounded output.
PREFIX dblp: <https://dblp.org/rdf/schema#>

CONSTRUCT { ?paper dblp:title ?title }
WHERE {
  ?paper dblp:title ?title .
}
LIMIT 100000

2026-09-28 20:40:53.547 - INFO: Requested media types of the result are: "text/turtle"
2026-09-28 20:40:53.547 - INFO: Query planning done in 0 ms
2026-09-28 20:40:53.547 - INFO: Result has unknown size (not computed yet)
2026-09-28 20:40:54.064 - INFO: Done processing query and sending result, total time was 517 ms
2026-09-28 20:40:54.084 - INFO: 
2026-09-28 20:40:54.084 - INFO: Request received via GET, no content type specified
2026-09-28 20:40:54.084 - INFO: Processing command "clear-cache": clear the cache (unpinned elements only)
2026-09-28 20:40:54.109 - INFO: 
2026-09-28 20:40:54.109 - INFO: Request received via POST, content type "application/x-www-form-urlencoded"
2026-09-28 20:40:54.110 - INFO: Processing the following SPARQL query:
# Tier H-vocab — title literals, large
# Goal: external-vocabulary lookup pressure with larger bounded output.
PREFIX dblp: <https://dblp.org/rdf/schema#>

CONSTRUCT { ?paper dblp:title ?title }
WHERE {
  ?paper dblp:title ?title .
}
LIMIT 100000

2026-09-28 20:40:54.110 - INFO: Requested media types of the result are: "text/turtle"
2026-09-28 20:40:54.110 - INFO: Query planning done in 0 ms
2026-09-28 20:40:54.110 - INFO: Result has unknown size (not computed yet)
2026-09-28 20:40:54.631 - INFO: Done processing query and sending result, total time was 521 ms
2026-09-28 20:40:54.651 - INFO: 
2026-09-28 20:40:54.651 - INFO: Request received via GET, no content type specified
2026-09-28 20:40:54.651 - INFO: Processing command "clear-cache": clear the cache (unpinned elements only)
2026-09-28 20:40:54.669 - INFO: 
2026-09-28 20:40:54.669 - INFO: Request received via POST, content type "application/x-www-form-urlencoded"
2026-09-28 20:40:54.669 - INFO: Processing the following SPARQL query:
# Tier H-vocab — title literals, large
# Goal: external-vocabulary lookup pressure with larger bounded output.
PREFIX dblp: <https://dblp.org/rdf/schema#>

CONSTRUCT { ?paper dblp:title ?title }
WHERE {
  ?paper dblp:title ?title .
}
LIMIT 100000

2026-09-28 20:40:54.670 - INFO: Requested media types of the result are: "text/turtle"
2026-09-28 20:40:54.670 - INFO: Query planning done in 0 ms
2026-09-28 20:40:54.670 - INFO: Result has unknown size (not computed yet)
2026-09-28 20:40:55.181 - INFO: Done processing query and sending result, total time was 512 ms
2026-09-28 20:40:55.201 - INFO: 
2026-09-28 20:40:55.201 - INFO: Request received via GET, no content type specified
2026-09-28 20:40:55.202 - INFO: Processing command "clear-cache": clear the cache (unpinned elements only)
2026-09-28 20:40:55.219 - INFO: 
2026-09-28 20:40:55.219 - INFO: Request received via POST, content type "application/x-www-form-urlencoded"
2026-09-28 20:40:55.220 - INFO: Processing the following SPARQL query:
# Tier H-vocab — title literals, large
# Goal: external-vocabulary lookup pressure with larger bounded output.
PREFIX dblp: <https://dblp.org/rdf/schema#>

CONSTRUCT { ?paper dblp:title ?title }
WHERE {
  ?paper dblp:title ?title .
}
LIMIT 100000

2026-09-28 20:40:55.220 - INFO: Requested media types of the result are: "text/turtle"
2026-09-28 20:40:55.220 - INFO: Query planning done in 0 ms
2026-09-28 20:40:55.220 - INFO: Result has unknown size (not computed yet)
2026-09-28 20:40:55.733 - INFO: Done processing query and sending result, total time was 513 ms
2026-09-28 20:40:55.753 - INFO: 
2026-09-28 20:40:55.753 - INFO: Request received via GET, no content type specified
2026-09-28 20:40:55.753 - INFO: Processing command "clear-cache": clear the cache (unpinned elements only)
2026-09-28 20:40:55.771 - INFO: 
2026-09-28 20:40:55.771 - INFO: Request received via POST, content type "application/x-www-form-urlencoded"
2026-09-28 20:40:55.772 - INFO: Processing the following SPARQL query:
# Tier H-vocab — title literals, large
# Goal: external-vocabulary lookup pressure with larger bounded output.
PREFIX dblp: <https://dblp.org/rdf/schema#>

CONSTRUCT { ?paper dblp:title ?title }
WHERE {
  ?paper dblp:title ?title .
}
LIMIT 100000

2026-09-28 20:40:55.772 - INFO: Requested media types of the result are: "text/turtle"
2026-09-28 20:40:55.772 - INFO: Query planning done in 0 ms
2026-09-28 20:40:55.772 - INFO: Result has unknown size (not computed yet)
2026-09-28 20:40:56.290 - INFO: Done processing query and sending result, total time was 518 ms
2026-09-28 20:40:56.310 - INFO: 
2026-09-28 20:40:56.310 - INFO: Request received via GET, no content type specified
2026-09-28 20:40:56.310 - INFO: Processing command "clear-cache": clear the cache (unpinned elements only)
2026-09-28 20:40:56.328 - INFO: 
2026-09-28 20:40:56.328 - INFO: Request received via POST, content type "application/x-www-form-urlencoded"
2026-09-28 20:40:56.328 - INFO: Processing the following SPARQL query:
# Tier H-vocab — title literals, large
# Goal: external-vocabulary lookup pressure with larger bounded output.
PREFIX dblp: <https://dblp.org/rdf/schema#>

CONSTRUCT { ?paper dblp:title ?title }
WHERE {
  ?paper dblp:title ?title .
}
LIMIT 100000

2026-09-28 20:40:56.328 - INFO: Requested media types of the result are: "text/turtle"
2026-09-28 20:40:56.328 - INFO: Query planning done in 0 ms
2026-09-28 20:40:56.328 - INFO: Result has unknown size (not computed yet)
2026-09-28 20:40:56.842 - INFO: Done processing query and sending result, total time was 514 ms
2026-09-28 20:41:19.396 - INFO: 
2026-09-28 20:41:19.396 - INFO: Request received via GET, no content type specified
2026-09-28 20:41:19.396 - INFO: Processing command "clear-cache": clear the cache (unpinned elements only)
2026-09-28 20:41:19.429 - INFO: 
2026-09-28 20:41:19.429 - INFO: Request received via POST, content type "application/x-www-form-urlencoded"
2026-09-28 20:41:19.429 - INFO: Processing the following SPARQL query:
# Tier H-vocab — title literals, large
# Goal: external-vocabulary lookup pressure with larger bounded output.
PREFIX dblp: <https://dblp.org/rdf/schema#>

CONSTRUCT { ?paper dblp:title ?title }
WHERE {
  ?paper dblp:title ?title .
}
LIMIT 100000

2026-09-28 20:41:19.429 - INFO: Requested media types of the result are: "text/turtle"
2026-09-28 20:41:19.429 - INFO: Query planning done in 0 ms
2026-09-28 20:41:19.430 - INFO: Result has unknown size (not computed yet)
2026-09-28 20:41:19.983 - INFO: Done processing query and sending result, total time was 554 ms
2026-09-28 20:41:20.003 - INFO: 
2026-09-28 20:41:20.003 - INFO: Request received via GET, no content type specified
2026-09-28 20:41:20.003 - INFO: Processing command "clear-cache": clear the cache (unpinned elements only)
2026-09-28 20:41:20.021 - INFO: 
2026-09-28 20:41:20.021 - INFO: Request received via POST, content type "application/x-www-form-urlencoded"
2026-09-28 20:41:20.022 - INFO: Processing the following SPARQL query:
# Tier H-vocab — title literals, large
# Goal: external-vocabulary lookup pressure with larger bounded output.
PREFIX dblp: <https://dblp.org/rdf/schema#>

CONSTRUCT { ?paper dblp:title ?title }
WHERE {
  ?paper dblp:title ?title .
}
LIMIT 100000

2026-09-28 20:41:20.022 - INFO: Requested media types of the result are: "text/turtle"
2026-09-28 20:41:20.022 - INFO: Query planning done in 0 ms
2026-09-28 20:41:20.022 - INFO: Result has unknown size (not computed yet)
2026-09-28 20:41:20.570 - INFO: Done processing query and sending result, total time was 548 ms
2026-09-28 20:41:20.590 - INFO: 
2026-09-28 20:41:20.590 - INFO: Request received via GET, no content type specified
2026-09-28 20:41:20.590 - INFO: Processing command "clear-cache": clear the cache (unpinned elements only)
2026-09-28 20:41:20.608 - INFO: 
2026-09-28 20:41:20.608 - INFO: Request received via POST, content type "application/x-www-form-urlencoded"
2026-09-28 20:41:20.609 - INFO: Processing the following SPARQL query:
# Tier H-vocab — title literals, large
# Goal: external-vocabulary lookup pressure with larger bounded output.
PREFIX dblp: <https://dblp.org/rdf/schema#>

CONSTRUCT { ?paper dblp:title ?title }
WHERE {
  ?paper dblp:title ?title .
}
LIMIT 100000

2026-09-28 20:41:20.609 - INFO: Requested media types of the result are: "text/turtle"
2026-09-28 20:41:20.609 - INFO: Query planning done in 0 ms
2026-09-28 20:41:20.609 - INFO: Result has unknown size (not computed yet)
2026-09-28 20:41:21.158 - INFO: Done processing query and sending result, total time was 549 ms
2026-09-28 20:41:21.178 - INFO: 
2026-09-28 20:41:21.178 - INFO: Request received via GET, no content type specified
2026-09-28 20:41:21.178 - INFO: Processing command "clear-cache": clear the cache (unpinned elements only)
2026-09-28 20:41:21.197 - INFO: 
2026-09-28 20:41:21.197 - INFO: Request received via POST, content type "application/x-www-form-urlencoded"
2026-09-28 20:41:21.197 - INFO: Processing the following SPARQL query:
# Tier H-vocab — title literals, large
# Goal: external-vocabulary lookup pressure with larger bounded output.
PREFIX dblp: <https://dblp.org/rdf/schema#>

CONSTRUCT { ?paper dblp:title ?title }
WHERE {
  ?paper dblp:title ?title .
}
LIMIT 100000

2026-09-28 20:41:21.197 - INFO: Requested media types of the result are: "text/turtle"
2026-09-28 20:41:21.197 - INFO: Query planning done in 0 ms
2026-09-28 20:41:21.197 - INFO: Result has unknown size (not computed yet)
2026-09-28 20:41:21.744 - INFO: Done processing query and sending result, total time was 547 ms
2026-09-28 20:41:21.764 - INFO: 
2026-09-28 20:41:21.764 - INFO: Request received via GET, no content type specified
2026-09-28 20:41:21.764 - INFO: Processing command "clear-cache": clear the cache (unpinned elements only)
2026-09-28 20:41:21.783 - INFO: 
2026-09-28 20:41:21.783 - INFO: Request received via POST, content type "application/x-www-form-urlencoded"
2026-09-28 20:41:21.783 - INFO: Processing the following SPARQL query:
# Tier H-vocab — title literals, large
# Goal: external-vocabulary lookup pressure with larger bounded output.
PREFIX dblp: <https://dblp.org/rdf/schema#>

CONSTRUCT { ?paper dblp:title ?title }
WHERE {
  ?paper dblp:title ?title .
}
LIMIT 100000

2026-09-28 20:41:21.783 - INFO: Requested media types of the result are: "text/turtle"
2026-09-28 20:41:21.783 - INFO: Query planning done in 0 ms
2026-09-28 20:41:21.783 - INFO: Result has unknown size (not computed yet)
2026-09-28 20:41:22.330 - INFO: Done processing query and sending result, total time was 546 ms
2026-09-28 20:41:41.589 - INFO: 
2026-09-28 20:41:41.589 - INFO: Request received via GET, no content type specified
2026-09-28 20:41:41.589 - INFO: Processing command "clear-cache": clear the cache (unpinned elements only)
2026-09-28 20:41:41.607 - INFO: 
2026-09-28 20:41:41.607 - INFO: Request received via POST, content type "application/x-www-form-urlencoded"
2026-09-28 20:41:41.607 - INFO: Processing the following SPARQL query:
# Tier H-vocab — title literals, 1,000,000 rows (10x H-vocab-title-large)
# Goal: the H-vocab-title-large shape with a response long enough (several
# seconds warm) for a timing verdict on the per-literal formatting cost.
PREFIX dblp: <https://dblp.org/rdf/schema#>

CONSTRUCT { ?paper dblp:title ?title }
WHERE {
  ?paper dblp:title ?title .
}
LIMIT 1000000

2026-09-28 20:41:41.607 - INFO: Requested media types of the result are: "text/turtle"
2026-09-28 20:41:41.607 - INFO: Query planning done in 0 ms
2026-09-28 20:41:41.608 - INFO: Result has unknown size (not computed yet)
2026-09-28 20:41:46.562 - INFO: Done processing query and sending result, total time was 4,955 ms
2026-09-28 20:42:25.125 - INFO: 
2026-09-28 20:42:25.125 - INFO: Request received via GET, no content type specified
2026-09-28 20:42:25.125 - INFO: Processing command "clear-cache": clear the cache (unpinned elements only)
2026-09-28 20:42:25.143 - INFO: 
2026-09-28 20:42:25.143 - INFO: Request received via POST, content type "application/x-www-form-urlencoded"
2026-09-28 20:42:25.144 - INFO: Processing the following SPARQL query:
# Tier H-vocab — title literals, 1,000,000 rows (10x H-vocab-title-large)
# Goal: the H-vocab-title-large shape with a response long enough (several
# seconds warm) for a timing verdict on the per-literal formatting cost.
PREFIX dblp: <https://dblp.org/rdf/schema#>

CONSTRUCT { ?paper dblp:title ?title }
WHERE {
  ?paper dblp:title ?title .
}
LIMIT 1000000

2026-09-28 20:42:25.144 - INFO: Requested media types of the result are: "text/turtle"
2026-09-28 20:42:25.144 - INFO: Query planning done in 0 ms
2026-09-28 20:42:25.144 - INFO: Result has unknown size (not computed yet)
2026-09-28 20:42:29.952 - INFO: Done processing query and sending result, total time was 4,808 ms
2026-09-28 20:42:29.973 - INFO: 
2026-09-28 20:42:29.973 - INFO: Request received via GET, no content type specified
2026-09-28 20:42:29.973 - INFO: Processing command "clear-cache": clear the cache (unpinned elements only)
2026-09-28 20:42:29.991 - INFO: 
2026-09-28 20:42:29.991 - INFO: Request received via POST, content type "application/x-www-form-urlencoded"
2026-09-28 20:42:29.991 - INFO: Processing the following SPARQL query:
# Tier H-vocab — title literals, 1,000,000 rows (10x H-vocab-title-large)
# Goal: the H-vocab-title-large shape with a response long enough (several
# seconds warm) for a timing verdict on the per-literal formatting cost.
PREFIX dblp: <https://dblp.org/rdf/schema#>

CONSTRUCT { ?paper dblp:title ?title }
WHERE {
  ?paper dblp:title ?title .
}
LIMIT 1000000

2026-09-28 20:42:29.991 - INFO: Requested media types of the result are: "text/turtle"
2026-09-28 20:42:29.991 - INFO: Query planning done in 0 ms
2026-09-28 20:42:29.991 - INFO: Result has unknown size (not computed yet)
2026-09-28 20:42:35.004 - INFO: Done processing query and sending result, total time was 5,013 ms
2026-09-28 20:42:35.026 - INFO: 
2026-09-28 20:42:35.026 - INFO: Request received via GET, no content type specified
2026-09-28 20:42:35.026 - INFO: Processing command "clear-cache": clear the cache (unpinned elements only)
2026-09-28 20:42:35.045 - INFO: 
2026-09-28 20:42:35.045 - INFO: Request received via POST, content type "application/x-www-form-urlencoded"
2026-09-28 20:42:35.045 - INFO: Processing the following SPARQL query:
# Tier H-vocab — title literals, 1,000,000 rows (10x H-vocab-title-large)
# Goal: the H-vocab-title-large shape with a response long enough (several
# seconds warm) for a timing verdict on the per-literal formatting cost.
PREFIX dblp: <https://dblp.org/rdf/schema#>

CONSTRUCT { ?paper dblp:title ?title }
WHERE {
  ?paper dblp:title ?title .
}
LIMIT 1000000

2026-09-28 20:42:35.045 - INFO: Requested media types of the result are: "text/turtle"
2026-09-28 20:42:35.045 - INFO: Query planning done in 0 ms
2026-09-28 20:42:35.046 - INFO: Result has unknown size (not computed yet)
2026-09-28 20:42:39.906 - INFO: Done processing query and sending result, total time was 4,861 ms
2026-09-28 20:42:39.927 - INFO: 
2026-09-28 20:42:39.927 - INFO: Request received via GET, no content type specified
2026-09-28 20:42:39.927 - INFO: Processing command "clear-cache": clear the cache (unpinned elements only)
2026-09-28 20:42:39.945 - INFO: 
2026-09-28 20:42:39.945 - INFO: Request received via POST, content type "application/x-www-form-urlencoded"
2026-09-28 20:42:39.945 - INFO: Processing the following SPARQL query:
# Tier H-vocab — title literals, 1,000,000 rows (10x H-vocab-title-large)
# Goal: the H-vocab-title-large shape with a response long enough (several
# seconds warm) for a timing verdict on the per-literal formatting cost.
PREFIX dblp: <https://dblp.org/rdf/schema#>

CONSTRUCT { ?paper dblp:title ?title }
WHERE {
  ?paper dblp:title ?title .
}
LIMIT 1000000

2026-09-28 20:42:39.945 - INFO: Requested media types of the result are: "text/turtle"
2026-09-28 20:42:39.945 - INFO: Query planning done in 0 ms
2026-09-28 20:42:39.945 - INFO: Result has unknown size (not computed yet)
2026-09-28 20:42:44.839 - INFO: Done processing query and sending result, total time was 4,894 ms
2026-09-28 20:43:24.409 - INFO: 
2026-09-28 20:43:24.409 - INFO: Request received via GET, no content type specified
2026-09-28 20:43:24.409 - INFO: Processing command "clear-cache": clear the cache (unpinned elements only)
2026-09-28 20:43:24.427 - INFO: 
2026-09-28 20:43:24.427 - INFO: Request received via POST, content type "application/x-www-form-urlencoded"
2026-09-28 20:43:24.428 - INFO: Processing the following SPARQL query:
# Tier H-vocab — title literals, 1,000,000 rows (10x H-vocab-title-large)
# Goal: the H-vocab-title-large shape with a response long enough (several
# seconds warm) for a timing verdict on the per-literal formatting cost.
PREFIX dblp: <https://dblp.org/rdf/schema#>

CONSTRUCT { ?paper dblp:title ?title }
WHERE {
  ?paper dblp:title ?title .
}
LIMIT 1000000

2026-09-28 20:43:24.428 - INFO: Requested media types of the result are: "text/turtle"
2026-09-28 20:43:24.428 - INFO: Query planning done in 0 ms
2026-09-28 20:43:24.428 - INFO: Result has unknown size (not computed yet)
2026-09-28 20:43:29.231 - INFO: Done processing query and sending result, total time was 4,804 ms
2026-09-28 20:43:29.252 - INFO: 
2026-09-28 20:43:29.252 - INFO: Request received via GET, no content type specified
2026-09-28 20:43:29.252 - INFO: Processing command "clear-cache": clear the cache (unpinned elements only)
2026-09-28 20:43:29.270 - INFO: 
2026-09-28 20:43:29.270 - INFO: Request received via POST, content type "application/x-www-form-urlencoded"
2026-09-28 20:43:29.270 - INFO: Processing the following SPARQL query:
# Tier H-vocab — title literals, 1,000,000 rows (10x H-vocab-title-large)
# Goal: the H-vocab-title-large shape with a response long enough (several
# seconds warm) for a timing verdict on the per-literal formatting cost.
PREFIX dblp: <https://dblp.org/rdf/schema#>

CONSTRUCT { ?paper dblp:title ?title }
WHERE {
  ?paper dblp:title ?title .
}
LIMIT 1000000

2026-09-28 20:43:29.270 - INFO: Requested media types of the result are: "text/turtle"
2026-09-28 20:43:29.270 - INFO: Query planning done in 0 ms
2026-09-28 20:43:29.270 - INFO: Result has unknown size (not computed yet)
2026-09-28 20:43:34.192 - INFO: Done processing query and sending result, total time was 4,921 ms
2026-09-28 20:43:34.214 - INFO: 
2026-09-28 20:43:34.214 - INFO: Request received via GET, no content type specified
2026-09-28 20:43:34.214 - INFO: Processing command "clear-cache": clear the cache (unpinned elements only)
2026-09-28 20:43:34.233 - INFO: 
2026-09-28 20:43:34.233 - INFO: Request received via POST, content type "application/x-www-form-urlencoded"
2026-09-28 20:43:34.233 - INFO: Processing the following SPARQL query:
# Tier H-vocab — title literals, 1,000,000 rows (10x H-vocab-title-large)
# Goal: the H-vocab-title-large shape with a response long enough (several
# seconds warm) for a timing verdict on the per-literal formatting cost.
PREFIX dblp: <https://dblp.org/rdf/schema#>

CONSTRUCT { ?paper dblp:title ?title }
WHERE {
  ?paper dblp:title ?title .
}
LIMIT 1000000

2026-09-28 20:43:34.233 - INFO: Requested media types of the result are: "text/turtle"
2026-09-28 20:43:34.233 - INFO: Query planning done in 0 ms
2026-09-28 20:43:34.234 - INFO: Result has unknown size (not computed yet)
2026-09-28 20:43:39.271 - INFO: Done processing query and sending result, total time was 5,038 ms
2026-09-28 20:43:39.293 - INFO: 
2026-09-28 20:43:39.293 - INFO: Request received via GET, no content type specified
2026-09-28 20:43:39.293 - INFO: Processing command "clear-cache": clear the cache (unpinned elements only)
2026-09-28 20:43:39.312 - INFO: 
2026-09-28 20:43:39.312 - INFO: Request received via POST, content type "application/x-www-form-urlencoded"
2026-09-28 20:43:39.312 - INFO: Processing the following SPARQL query:
# Tier H-vocab — title literals, 1,000,000 rows (10x H-vocab-title-large)
# Goal: the H-vocab-title-large shape with a response long enough (several
# seconds warm) for a timing verdict on the per-literal formatting cost.
PREFIX dblp: <https://dblp.org/rdf/schema#>

CONSTRUCT { ?paper dblp:title ?title }
WHERE {
  ?paper dblp:title ?title .
}
LIMIT 1000000

2026-09-28 20:43:39.312 - INFO: Requested media types of the result are: "text/turtle"
2026-09-28 20:43:39.312 - INFO: Query planning done in 0 ms
2026-09-28 20:43:39.313 - INFO: Result has unknown size (not computed yet)
2026-09-28 20:43:44.178 - INFO: Done processing query and sending result, total time was 4,866 ms
2026-09-28 20:44:51.427 - INFO: 
2026-09-28 20:44:51.427 - INFO: Request received via GET, no content type specified
2026-09-28 20:44:51.427 - INFO: Processing command "clear-cache": clear the cache (unpinned elements only)
2026-09-28 20:44:51.445 - INFO: 
2026-09-28 20:44:51.445 - INFO: Request received via POST, content type "application/x-www-form-urlencoded"
2026-09-28 20:44:51.445 - INFO: Processing the following SPARQL query:
# Tier H-vocab — title literals, 1,000,000 rows (10x H-vocab-title-large)
# Goal: the H-vocab-title-large shape with a response long enough (several
# seconds warm) for a timing verdict on the per-literal formatting cost.
PREFIX dblp: <https://dblp.org/rdf/schema#>

CONSTRUCT { ?paper dblp:title ?title }
WHERE {
  ?paper dblp:title ?title .
}
LIMIT 1000000

2026-09-28 20:44:51.445 - INFO: Requested media types of the result are: "text/turtle"
2026-09-28 20:44:51.446 - INFO: Query planning done in 0 ms
2026-09-28 20:44:51.446 - INFO: Result has unknown size (not computed yet)
2026-09-28 20:44:56.350 - INFO: Done processing query and sending result, total time was 4,905 ms
2026-09-28 20:44:56.371 - INFO: 
2026-09-28 20:44:56.371 - INFO: Request received via GET, no content type specified
2026-09-28 20:44:56.371 - INFO: Processing command "clear-cache": clear the cache (unpinned elements only)
2026-09-28 20:44:56.400 - INFO: 
2026-09-28 20:44:56.400 - INFO: Request received via POST, content type "application/x-www-form-urlencoded"
2026-09-28 20:44:56.400 - INFO: Processing the following SPARQL query:
# Tier H-vocab — title literals, 1,000,000 rows (10x H-vocab-title-large)
# Goal: the H-vocab-title-large shape with a response long enough (several
# seconds warm) for a timing verdict on the per-literal formatting cost.
PREFIX dblp: <https://dblp.org/rdf/schema#>

CONSTRUCT { ?paper dblp:title ?title }
WHERE {
  ?paper dblp:title ?title .
}
LIMIT 1000000

2026-09-28 20:44:56.400 - INFO: Requested media types of the result are: "text/turtle"
2026-09-28 20:44:56.401 - INFO: Query planning done in 0 ms
2026-09-28 20:44:56.401 - INFO: Result has unknown size (not computed yet)
2026-09-28 20:45:01.146 - INFO: Done processing query and sending result, total time was 4,745 ms
2026-09-28 20:45:01.166 - INFO: 
2026-09-28 20:45:01.167 - INFO: Request received via GET, no content type specified
2026-09-28 20:45:01.167 - INFO: Processing command "clear-cache": clear the cache (unpinned elements only)
2026-09-28 20:45:01.185 - INFO: 
2026-09-28 20:45:01.185 - INFO: Request received via POST, content type "application/x-www-form-urlencoded"
2026-09-28 20:45:01.185 - INFO: Processing the following SPARQL query:
# Tier H-vocab — title literals, 1,000,000 rows (10x H-vocab-title-large)
# Goal: the H-vocab-title-large shape with a response long enough (several
# seconds warm) for a timing verdict on the per-literal formatting cost.
PREFIX dblp: <https://dblp.org/rdf/schema#>

CONSTRUCT { ?paper dblp:title ?title }
WHERE {
  ?paper dblp:title ?title .
}
LIMIT 1000000

2026-09-28 20:45:01.185 - INFO: Requested media types of the result are: "text/turtle"
2026-09-28 20:45:01.185 - INFO: Query planning done in 0 ms
2026-09-28 20:45:01.185 - INFO: Result has unknown size (not computed yet)
2026-09-28 20:45:05.955 - INFO: Done processing query and sending result, total time was 4,770 ms
2026-09-28 20:45:05.975 - INFO: 
2026-09-28 20:45:05.975 - INFO: Request received via GET, no content type specified
2026-09-28 20:45:05.975 - INFO: Processing command "clear-cache": clear the cache (unpinned elements only)
2026-09-28 20:45:05.993 - INFO: 
2026-09-28 20:45:05.993 - INFO: Request received via POST, content type "application/x-www-form-urlencoded"
2026-09-28 20:45:05.993 - INFO: Processing the following SPARQL query:
# Tier H-vocab — title literals, 1,000,000 rows (10x H-vocab-title-large)
# Goal: the H-vocab-title-large shape with a response long enough (several
# seconds warm) for a timing verdict on the per-literal formatting cost.
PREFIX dblp: <https://dblp.org/rdf/schema#>

CONSTRUCT { ?paper dblp:title ?title }
WHERE {
  ?paper dblp:title ?title .
}
LIMIT 1000000

2026-09-28 20:45:05.993 - INFO: Requested media types of the result are: "text/turtle"
2026-09-28 20:45:05.994 - INFO: Query planning done in 0 ms
2026-09-28 20:45:05.994 - INFO: Result has unknown size (not computed yet)
2026-09-28 20:45:10.768 - INFO: Done processing query and sending result, total time was 4,774 ms
2026-09-28 20:45:50.637 - INFO: 
2026-09-28 20:45:50.643 - INFO: Request received via GET, no content type specified
2026-09-28 20:45:50.643 - INFO: Processing command "clear-cache": clear the cache (unpinned elements only)
2026-09-28 20:45:50.661 - INFO: 
2026-09-28 20:45:50.661 - INFO: Request received via POST, content type "application/x-www-form-urlencoded"
2026-09-28 20:45:50.661 - INFO: Processing the following SPARQL query:
# Tier H-vocab — title literals, 1,000,000 rows (10x H-vocab-title-large)
# Goal: the H-vocab-title-large shape with a response long enough (several
# seconds warm) for a timing verdict on the per-literal formatting cost.
PREFIX dblp: <https://dblp.org/rdf/schema#>

CONSTRUCT { ?paper dblp:title ?title }
WHERE {
  ?paper dblp:title ?title .
}
LIMIT 1000000

2026-09-28 20:45:50.661 - INFO: Requested media types of the result are: "text/turtle"
2026-09-28 20:45:50.661 - INFO: Query planning done in 0 ms
2026-09-28 20:45:50.662 - INFO: Result has unknown size (not computed yet)
2026-09-28 20:45:55.462 - INFO: Done processing query and sending result, total time was 4,801 ms
2026-09-28 20:45:55.482 - INFO: 
2026-09-28 20:45:55.482 - INFO: Request received via GET, no content type specified
2026-09-28 20:45:55.482 - INFO: Processing command "clear-cache": clear the cache (unpinned elements only)
2026-09-28 20:45:55.500 - INFO: 
2026-09-28 20:45:55.500 - INFO: Request received via POST, content type "application/x-www-form-urlencoded"
2026-09-28 20:45:55.501 - INFO: Processing the following SPARQL query:
# Tier H-vocab — title literals, 1,000,000 rows (10x H-vocab-title-large)
# Goal: the H-vocab-title-large shape with a response long enough (several
# seconds warm) for a timing verdict on the per-literal formatting cost.
PREFIX dblp: <https://dblp.org/rdf/schema#>

CONSTRUCT { ?paper dblp:title ?title }
WHERE {
  ?paper dblp:title ?title .
}
LIMIT 1000000

2026-09-28 20:45:55.501 - INFO: Requested media types of the result are: "text/turtle"
2026-09-28 20:45:55.501 - INFO: Query planning done in 0 ms
2026-09-28 20:45:55.501 - INFO: Result has unknown size (not computed yet)
2026-09-28 20:46:00.240 - INFO: Done processing query and sending result, total time was 4,740 ms
2026-09-28 20:46:00.261 - INFO: 
2026-09-28 20:46:00.261 - INFO: Request received via GET, no content type specified
2026-09-28 20:46:00.261 - INFO: Processing command "clear-cache": clear the cache (unpinned elements only)
2026-09-28 20:46:00.279 - INFO: 
2026-09-28 20:46:00.279 - INFO: Request received via POST, content type "application/x-www-form-urlencoded"
2026-09-28 20:46:00.279 - INFO: Processing the following SPARQL query:
# Tier H-vocab — title literals, 1,000,000 rows (10x H-vocab-title-large)
# Goal: the H-vocab-title-large shape with a response long enough (several
# seconds warm) for a timing verdict on the per-literal formatting cost.
PREFIX dblp: <https://dblp.org/rdf/schema#>

CONSTRUCT { ?paper dblp:title ?title }
WHERE {
  ?paper dblp:title ?title .
}
LIMIT 1000000

2026-09-28 20:46:00.279 - INFO: Requested media types of the result are: "text/turtle"
2026-09-28 20:46:00.279 - INFO: Query planning done in 0 ms
2026-09-28 20:46:00.279 - INFO: Result has unknown size (not computed yet)
2026-09-28 20:46:05.038 - INFO: Done processing query and sending result, total time was 4,758 ms
2026-09-28 20:46:05.058 - INFO: 
2026-09-28 20:46:05.058 - INFO: Request received via GET, no content type specified
2026-09-28 20:46:05.058 - INFO: Processing command "clear-cache": clear the cache (unpinned elements only)
2026-09-28 20:46:05.076 - INFO: 
2026-09-28 20:46:05.076 - INFO: Request received via POST, content type "application/x-www-form-urlencoded"
2026-09-28 20:46:05.076 - INFO: Processing the following SPARQL query:
# Tier H-vocab — title literals, 1,000,000 rows (10x H-vocab-title-large)
# Goal: the H-vocab-title-large shape with a response long enough (several
# seconds warm) for a timing verdict on the per-literal formatting cost.
PREFIX dblp: <https://dblp.org/rdf/schema#>

CONSTRUCT { ?paper dblp:title ?title }
WHERE {
  ?paper dblp:title ?title .
}
LIMIT 1000000

2026-09-28 20:46:05.076 - INFO: Requested media types of the result are: "text/turtle"
2026-09-28 20:46:05.077 - INFO: Query planning done in 0 ms
2026-09-28 20:46:05.077 - INFO: Result has unknown size (not computed yet)
2026-09-28 20:46:09.934 - INFO: Done processing query and sending result, total time was 4,858 ms
2026-09-28 20:47:17.641 - INFO: 
2026-09-28 20:47:17.642 - INFO: Request received via GET, no content type specified
2026-09-28 20:47:17.642 - INFO: Processing command "clear-cache": clear the cache (unpinned elements only)
2026-09-28 20:47:17.660 - INFO: 
2026-09-28 20:47:17.660 - INFO: Request received via POST, content type "application/x-www-form-urlencoded"
2026-09-28 20:47:17.660 - INFO: Processing the following SPARQL query:
# Tier H-vocab — title literals, 1,000,000 rows (10x H-vocab-title-large)
# Goal: the H-vocab-title-large shape with a response long enough (several
# seconds warm) for a timing verdict on the per-literal formatting cost.
PREFIX dblp: <https://dblp.org/rdf/schema#>

CONSTRUCT { ?paper dblp:title ?title }
WHERE {
  ?paper dblp:title ?title .
}
LIMIT 1000000

2026-09-28 20:47:17.660 - INFO: Requested media types of the result are: "text/turtle"
2026-09-28 20:47:17.660 - INFO: Query planning done in 0 ms
2026-09-28 20:47:17.660 - INFO: Result has unknown size (not computed yet)
2026-09-28 20:47:22.703 - INFO: Done processing query and sending result, total time was 5,043 ms
2026-09-28 20:47:22.727 - INFO: 
2026-09-28 20:47:22.727 - INFO: Request received via GET, no content type specified
2026-09-28 20:47:22.727 - INFO: Processing command "clear-cache": clear the cache (unpinned elements only)
2026-09-28 20:47:22.746 - INFO: 
2026-09-28 20:47:22.746 - INFO: Request received via POST, content type "application/x-www-form-urlencoded"
2026-09-28 20:47:22.746 - INFO: Processing the following SPARQL query:
# Tier H-vocab — title literals, 1,000,000 rows (10x H-vocab-title-large)
# Goal: the H-vocab-title-large shape with a response long enough (several
# seconds warm) for a timing verdict on the per-literal formatting cost.
PREFIX dblp: <https://dblp.org/rdf/schema#>

CONSTRUCT { ?paper dblp:title ?title }
WHERE {
  ?paper dblp:title ?title .
}
LIMIT 1000000

2026-09-28 20:47:22.747 - INFO: Requested media types of the result are: "text/turtle"
2026-09-28 20:47:22.747 - INFO: Query planning done in 0 ms
2026-09-28 20:47:22.747 - INFO: Result has unknown size (not computed yet)
2026-09-28 20:47:27.653 - INFO: Done processing query and sending result, total time was 4,907 ms
2026-09-28 20:47:27.674 - INFO: 
2026-09-28 20:47:27.674 - INFO: Request received via GET, no content type specified
2026-09-28 20:47:27.674 - INFO: Processing command "clear-cache": clear the cache (unpinned elements only)
2026-09-28 20:47:27.692 - INFO: 
2026-09-28 20:47:27.692 - INFO: Request received via POST, content type "application/x-www-form-urlencoded"
2026-09-28 20:47:27.692 - INFO: Processing the following SPARQL query:
# Tier H-vocab — title literals, 1,000,000 rows (10x H-vocab-title-large)
# Goal: the H-vocab-title-large shape with a response long enough (several
# seconds warm) for a timing verdict on the per-literal formatting cost.
PREFIX dblp: <https://dblp.org/rdf/schema#>

CONSTRUCT { ?paper dblp:title ?title }
WHERE {
  ?paper dblp:title ?title .
}
LIMIT 1000000

2026-09-28 20:47:27.692 - INFO: Requested media types of the result are: "text/turtle"
2026-09-28 20:47:27.693 - INFO: Query planning done in 0 ms
2026-09-28 20:47:27.693 - INFO: Result has unknown size (not computed yet)
2026-09-28 20:47:32.576 - INFO: Done processing query and sending result, total time was 4,883 ms
2026-09-28 20:47:32.597 - INFO: 
2026-09-28 20:47:32.597 - INFO: Request received via GET, no content type specified
2026-09-28 20:47:32.597 - INFO: Processing command "clear-cache": clear the cache (unpinned elements only)
2026-09-28 20:47:32.616 - INFO: 
2026-09-28 20:47:32.616 - INFO: Request received via POST, content type "application/x-www-form-urlencoded"
2026-09-28 20:47:32.616 - INFO: Processing the following SPARQL query:
# Tier H-vocab — title literals, 1,000,000 rows (10x H-vocab-title-large)
# Goal: the H-vocab-title-large shape with a response long enough (several
# seconds warm) for a timing verdict on the per-literal formatting cost.
PREFIX dblp: <https://dblp.org/rdf/schema#>

CONSTRUCT { ?paper dblp:title ?title }
WHERE {
  ?paper dblp:title ?title .
}
LIMIT 1000000

2026-09-28 20:47:32.616 - INFO: Requested media types of the result are: "text/turtle"
2026-09-28 20:47:32.617 - INFO: Query planning done in 0 ms
2026-09-28 20:47:32.617 - INFO: Result has unknown size (not computed yet)
2026-09-28 20:47:37.808 - INFO: Done processing query and sending result, total time was 5,191 ms
2026-09-28 20:48:16.885 - INFO: 
2026-09-28 20:48:16.885 - INFO: Request received via GET, no content type specified
2026-09-28 20:48:16.885 - INFO: Processing command "clear-cache": clear the cache (unpinned elements only)
2026-09-28 20:48:16.903 - INFO: 
2026-09-28 20:48:16.903 - INFO: Request received via POST, content type "application/x-www-form-urlencoded"
2026-09-28 20:48:16.903 - INFO: Processing the following SPARQL query:
# Tier H-vocab — title literals, 1,000,000 rows (10x H-vocab-title-large)
# Goal: the H-vocab-title-large shape with a response long enough (several
# seconds warm) for a timing verdict on the per-literal formatting cost.
PREFIX dblp: <https://dblp.org/rdf/schema#>

CONSTRUCT { ?paper dblp:title ?title }
WHERE {
  ?paper dblp:title ?title .
}
LIMIT 1000000

2026-09-28 20:48:16.903 - INFO: Requested media types of the result are: "text/turtle"
2026-09-28 20:48:16.903 - INFO: Query planning done in 0 ms
2026-09-28 20:48:16.904 - INFO: Result has unknown size (not computed yet)
2026-09-28 20:48:21.931 - INFO: Done processing query and sending result, total time was 5,028 ms
2026-09-28 20:48:21.953 - INFO: 
2026-09-28 20:48:21.953 - INFO: Request received via GET, no content type specified
2026-09-28 20:48:21.953 - INFO: Processing command "clear-cache": clear the cache (unpinned elements only)
2026-09-28 20:48:21.971 - INFO: 
2026-09-28 20:48:21.971 - INFO: Request received via POST, content type "application/x-www-form-urlencoded"
2026-09-28 20:48:21.972 - INFO: Processing the following SPARQL query:
# Tier H-vocab — title literals, 1,000,000 rows (10x H-vocab-title-large)
# Goal: the H-vocab-title-large shape with a response long enough (several
# seconds warm) for a timing verdict on the per-literal formatting cost.
PREFIX dblp: <https://dblp.org/rdf/schema#>

CONSTRUCT { ?paper dblp:title ?title }
WHERE {
  ?paper dblp:title ?title .
}
LIMIT 1000000

2026-09-28 20:48:21.972 - INFO: Requested media types of the result are: "text/turtle"
2026-09-28 20:48:21.972 - INFO: Query planning done in 0 ms
2026-09-28 20:48:21.972 - INFO: Result has unknown size (not computed yet)
2026-09-28 20:48:26.854 - INFO: Done processing query and sending result, total time was 4,882 ms
2026-09-28 20:48:26.875 - INFO: 
2026-09-28 20:48:26.875 - INFO: Request received via GET, no content type specified
2026-09-28 20:48:26.875 - INFO: Processing command "clear-cache": clear the cache (unpinned elements only)
2026-09-28 20:48:26.893 - INFO: 
2026-09-28 20:48:26.893 - INFO: Request received via POST, content type "application/x-www-form-urlencoded"
2026-09-28 20:48:26.893 - INFO: Processing the following SPARQL query:
# Tier H-vocab — title literals, 1,000,000 rows (10x H-vocab-title-large)
# Goal: the H-vocab-title-large shape with a response long enough (several
# seconds warm) for a timing verdict on the per-literal formatting cost.
PREFIX dblp: <https://dblp.org/rdf/schema#>

CONSTRUCT { ?paper dblp:title ?title }
WHERE {
  ?paper dblp:title ?title .
}
LIMIT 1000000

2026-09-28 20:48:26.893 - INFO: Requested media types of the result are: "text/turtle"
2026-09-28 20:48:26.893 - INFO: Query planning done in 0 ms
2026-09-28 20:48:26.893 - INFO: Result has unknown size (not computed yet)
2026-09-28 20:48:31.856 - INFO: Done processing query and sending result, total time was 4,962 ms
2026-09-28 20:48:31.877 - INFO: 
2026-09-28 20:48:31.877 - INFO: Request received via GET, no content type specified
2026-09-28 20:48:31.877 - INFO: Processing command "clear-cache": clear the cache (unpinned elements only)
2026-09-28 20:48:31.896 - INFO: 
2026-09-28 20:48:31.896 - INFO: Request received via POST, content type "application/x-www-form-urlencoded"
2026-09-28 20:48:31.896 - INFO: Processing the following SPARQL query:
# Tier H-vocab — title literals, 1,000,000 rows (10x H-vocab-title-large)
# Goal: the H-vocab-title-large shape with a response long enough (several
# seconds warm) for a timing verdict on the per-literal formatting cost.
PREFIX dblp: <https://dblp.org/rdf/schema#>

CONSTRUCT { ?paper dblp:title ?title }
WHERE {
  ?paper dblp:title ?title .
}
LIMIT 1000000

2026-09-28 20:48:31.896 - INFO: Requested media types of the result are: "text/turtle"
2026-09-28 20:48:31.896 - INFO: Query planning done in 0 ms
2026-09-28 20:48:31.896 - INFO: Result has unknown size (not computed yet)
2026-09-28 20:48:36.770 - INFO: Done processing query and sending result, total time was 4,873 ms
2026-09-28 20:49:43.475 - INFO: 
2026-09-28 20:49:43.475 - INFO: Request received via GET, no content type specified
2026-09-28 20:49:43.475 - INFO: Processing command "clear-cache": clear the cache (unpinned elements only)
2026-09-28 20:49:43.493 - INFO: 
2026-09-28 20:49:43.493 - INFO: Request received via POST, content type "application/x-www-form-urlencoded"
2026-09-28 20:49:43.493 - INFO: Processing the following SPARQL query:
# Tier H-vocab — title literals, 1,000,000 rows (10x H-vocab-title-large)
# Goal: the H-vocab-title-large shape with a response long enough (several
# seconds warm) for a timing verdict on the per-literal formatting cost.
PREFIX dblp: <https://dblp.org/rdf/schema#>

CONSTRUCT { ?paper dblp:title ?title }
WHERE {
  ?paper dblp:title ?title .
}
LIMIT 1000000

2026-09-28 20:49:43.493 - INFO: Requested media types of the result are: "text/turtle"
2026-09-28 20:49:43.493 - INFO: Query planning done in 0 ms
2026-09-28 20:49:43.494 - INFO: Result has unknown size (not computed yet)
2026-09-28 20:49:48.285 - INFO: Done processing query and sending result, total time was 4,792 ms
2026-09-28 20:49:48.305 - INFO: 
2026-09-28 20:49:48.305 - INFO: Request received via GET, no content type specified
2026-09-28 20:49:48.305 - INFO: Processing command "clear-cache": clear the cache (unpinned elements only)
2026-09-28 20:49:48.323 - INFO: 
2026-09-28 20:49:48.324 - INFO: Request received via POST, content type "application/x-www-form-urlencoded"
2026-09-28 20:49:48.324 - INFO: Processing the following SPARQL query:
# Tier H-vocab — title literals, 1,000,000 rows (10x H-vocab-title-large)
# Goal: the H-vocab-title-large shape with a response long enough (several
# seconds warm) for a timing verdict on the per-literal formatting cost.
PREFIX dblp: <https://dblp.org/rdf/schema#>

CONSTRUCT { ?paper dblp:title ?title }
WHERE {
  ?paper dblp:title ?title .
}
LIMIT 1000000

2026-09-28 20:49:48.324 - INFO: Requested media types of the result are: "text/turtle"
2026-09-28 20:49:48.324 - INFO: Query planning done in 0 ms
2026-09-28 20:49:48.324 - INFO: Result has unknown size (not computed yet)
2026-09-28 20:49:53.302 - INFO: Done processing query and sending result, total time was 4,978 ms
2026-09-28 20:49:53.324 - INFO: 
2026-09-28 20:49:53.324 - INFO: Request received via GET, no content type specified
2026-09-28 20:49:53.324 - INFO: Processing command "clear-cache": clear the cache (unpinned elements only)
2026-09-28 20:49:53.343 - INFO: 
2026-09-28 20:49:53.343 - INFO: Request received via POST, content type "application/x-www-form-urlencoded"
2026-09-28 20:49:53.343 - INFO: Processing the following SPARQL query:
# Tier H-vocab — title literals, 1,000,000 rows (10x H-vocab-title-large)
# Goal: the H-vocab-title-large shape with a response long enough (several
# seconds warm) for a timing verdict on the per-literal formatting cost.
PREFIX dblp: <https://dblp.org/rdf/schema#>

CONSTRUCT { ?paper dblp:title ?title }
WHERE {
  ?paper dblp:title ?title .
}
LIMIT 1000000

2026-09-28 20:49:53.343 - INFO: Requested media types of the result are: "text/turtle"
2026-09-28 20:49:53.343 - INFO: Query planning done in 0 ms
2026-09-28 20:49:53.344 - INFO: Result has unknown size (not computed yet)
2026-09-28 20:49:58.230 - INFO: Done processing query and sending result, total time was 4,886 ms
2026-09-28 20:49:58.250 - INFO: 
2026-09-28 20:49:58.250 - INFO: Request received via GET, no content type specified
2026-09-28 20:49:58.250 - INFO: Processing command "clear-cache": clear the cache (unpinned elements only)
2026-09-28 20:49:58.268 - INFO: 
2026-09-28 20:49:58.268 - INFO: Request received via POST, content type "application/x-www-form-urlencoded"
2026-09-28 20:49:58.268 - INFO: Processing the following SPARQL query:
# Tier H-vocab — title literals, 1,000,000 rows (10x H-vocab-title-large)
# Goal: the H-vocab-title-large shape with a response long enough (several
# seconds warm) for a timing verdict on the per-literal formatting cost.
PREFIX dblp: <https://dblp.org/rdf/schema#>

CONSTRUCT { ?paper dblp:title ?title }
WHERE {
  ?paper dblp:title ?title .
}
LIMIT 1000000

2026-09-28 20:49:58.268 - INFO: Requested media types of the result are: "text/turtle"
2026-09-28 20:49:58.268 - INFO: Query planning done in 0 ms
2026-09-28 20:49:58.269 - INFO: Result has unknown size (not computed yet)
2026-09-28 20:50:03.121 - INFO: Done processing query and sending result, total time was 4,852 ms
2026-09-28 20:50:42.797 - INFO: 
2026-09-28 20:50:42.797 - INFO: Request received via GET, no content type specified
2026-09-28 20:50:42.797 - INFO: Processing command "clear-cache": clear the cache (unpinned elements only)
2026-09-28 20:50:42.815 - INFO: 
2026-09-28 20:50:42.815 - INFO: Request received via POST, content type "application/x-www-form-urlencoded"
2026-09-28 20:50:42.815 - INFO: Processing the following SPARQL query:
# Tier H-vocab — title literals, 1,000,000 rows (10x H-vocab-title-large)
# Goal: the H-vocab-title-large shape with a response long enough (several
# seconds warm) for a timing verdict on the per-literal formatting cost.
PREFIX dblp: <https://dblp.org/rdf/schema#>

CONSTRUCT { ?paper dblp:title ?title }
WHERE {
  ?paper dblp:title ?title .
}
LIMIT 1000000

2026-09-28 20:50:42.815 - INFO: Requested media types of the result are: "text/turtle"
2026-09-28 20:50:42.815 - INFO: Query planning done in 0 ms
2026-09-28 20:50:42.815 - INFO: Result has unknown size (not computed yet)
2026-09-28 20:50:47.776 - INFO: Done processing query and sending result, total time was 4,961 ms
2026-09-28 20:50:47.797 - INFO: 
2026-09-28 20:50:47.797 - INFO: Request received via GET, no content type specified
2026-09-28 20:50:47.797 - INFO: Processing command "clear-cache": clear the cache (unpinned elements only)
2026-09-28 20:50:47.815 - INFO: 
2026-09-28 20:50:47.815 - INFO: Request received via POST, content type "application/x-www-form-urlencoded"
2026-09-28 20:50:47.815 - INFO: Processing the following SPARQL query:
# Tier H-vocab — title literals, 1,000,000 rows (10x H-vocab-title-large)
# Goal: the H-vocab-title-large shape with a response long enough (several
# seconds warm) for a timing verdict on the per-literal formatting cost.
PREFIX dblp: <https://dblp.org/rdf/schema#>

CONSTRUCT { ?paper dblp:title ?title }
WHERE {
  ?paper dblp:title ?title .
}
LIMIT 1000000

2026-09-28 20:50:47.815 - INFO: Requested media types of the result are: "text/turtle"
2026-09-28 20:50:47.815 - INFO: Query planning done in 0 ms
2026-09-28 20:50:47.815 - INFO: Result has unknown size (not computed yet)
2026-09-28 20:50:52.687 - INFO: Done processing query and sending result, total time was 4,872 ms
2026-09-28 20:50:52.707 - INFO: 
2026-09-28 20:50:52.707 - INFO: Request received via GET, no content type specified
2026-09-28 20:50:52.708 - INFO: Processing command "clear-cache": clear the cache (unpinned elements only)
2026-09-28 20:50:52.726 - INFO: 
2026-09-28 20:50:52.726 - INFO: Request received via POST, content type "application/x-www-form-urlencoded"
2026-09-28 20:50:52.726 - INFO: Processing the following SPARQL query:
# Tier H-vocab — title literals, 1,000,000 rows (10x H-vocab-title-large)
# Goal: the H-vocab-title-large shape with a response long enough (several
# seconds warm) for a timing verdict on the per-literal formatting cost.
PREFIX dblp: <https://dblp.org/rdf/schema#>

CONSTRUCT { ?paper dblp:title ?title }
WHERE {
  ?paper dblp:title ?title .
}
LIMIT 1000000

2026-09-28 20:50:52.726 - INFO: Requested media types of the result are: "text/turtle"
2026-09-28 20:50:52.726 - INFO: Query planning done in 0 ms
2026-09-28 20:50:52.727 - INFO: Result has unknown size (not computed yet)
2026-09-28 20:50:57.580 - INFO: Done processing query and sending result, total time was 4,854 ms
2026-09-28 20:50:57.601 - INFO: 
2026-09-28 20:50:57.601 - INFO: Request received via GET, no content type specified
2026-09-28 20:50:57.601 - INFO: Processing command "clear-cache": clear the cache (unpinned elements only)
2026-09-28 20:50:57.619 - INFO: 
2026-09-28 20:50:57.619 - INFO: Request received via POST, content type "application/x-www-form-urlencoded"
2026-09-28 20:50:57.619 - INFO: Processing the following SPARQL query:
# Tier H-vocab — title literals, 1,000,000 rows (10x H-vocab-title-large)
# Goal: the H-vocab-title-large shape with a response long enough (several
# seconds warm) for a timing verdict on the per-literal formatting cost.
PREFIX dblp: <https://dblp.org/rdf/schema#>

CONSTRUCT { ?paper dblp:title ?title }
WHERE {
  ?paper dblp:title ?title .
}
LIMIT 1000000

2026-09-28 20:50:57.619 - INFO: Requested media types of the result are: "text/turtle"
2026-09-28 20:50:57.619 - INFO: Query planning done in 0 ms
2026-09-28 20:50:57.619 - INFO: Result has unknown size (not computed yet)
2026-09-28 20:51:02.363 - INFO: Done processing query and sending result, total time was 4,744 ms
2026-09-28 20:52:13.735 - INFO: 
2026-09-28 20:52:13.735 - INFO: Request received via GET, no content type specified
2026-09-28 20:52:13.735 - INFO: Processing command "clear-cache": clear the cache (unpinned elements only)
2026-09-28 20:52:13.754 - INFO: 
2026-09-28 20:52:13.754 - INFO: Request received via POST, content type "application/x-www-form-urlencoded"
2026-09-28 20:52:13.754 - INFO: Processing the following SPARQL query:
# Tier H-vocab — title literals, 1,000,000 rows (10x H-vocab-title-large)
# Goal: the H-vocab-title-large shape with a response long enough (several
# seconds warm) for a timing verdict on the per-literal formatting cost.
PREFIX dblp: <https://dblp.org/rdf/schema#>

CONSTRUCT { ?paper dblp:title ?title }
WHERE {
  ?paper dblp:title ?title .
}
LIMIT 1000000

2026-09-28 20:52:13.754 - INFO: Requested media types of the result are: "text/turtle"
2026-09-28 20:52:13.754 - INFO: Query planning done in 0 ms
2026-09-28 20:52:13.754 - INFO: Result has unknown size (not computed yet)
2026-09-28 20:52:18.807 - INFO: Done processing query and sending result, total time was 5,053 ms
2026-09-28 20:52:18.829 - INFO: 
2026-09-28 20:52:18.829 - INFO: Request received via GET, no content type specified
2026-09-28 20:52:18.829 - INFO: Processing command "clear-cache": clear the cache (unpinned elements only)
2026-09-28 20:52:18.847 - INFO: 
2026-09-28 20:52:18.847 - INFO: Request received via POST, content type "application/x-www-form-urlencoded"
2026-09-28 20:52:18.848 - INFO: Processing the following SPARQL query:
# Tier H-vocab — title literals, 1,000,000 rows (10x H-vocab-title-large)
# Goal: the H-vocab-title-large shape with a response long enough (several
# seconds warm) for a timing verdict on the per-literal formatting cost.
PREFIX dblp: <https://dblp.org/rdf/schema#>

CONSTRUCT { ?paper dblp:title ?title }
WHERE {
  ?paper dblp:title ?title .
}
LIMIT 1000000

2026-09-28 20:52:18.848 - INFO: Requested media types of the result are: "text/turtle"
2026-09-28 20:52:18.848 - INFO: Query planning done in 0 ms
2026-09-28 20:52:18.848 - INFO: Result has unknown size (not computed yet)
2026-09-28 20:52:24.026 - INFO: Done processing query and sending result, total time was 5,179 ms
2026-09-28 20:52:24.048 - INFO: 
2026-09-28 20:52:24.048 - INFO: Request received via GET, no content type specified
2026-09-28 20:52:24.048 - INFO: Processing command "clear-cache": clear the cache (unpinned elements only)
2026-09-28 20:52:24.066 - INFO: 
2026-09-28 20:52:24.066 - INFO: Request received via POST, content type "application/x-www-form-urlencoded"
2026-09-28 20:52:24.067 - INFO: Processing the following SPARQL query:
# Tier H-vocab — title literals, 1,000,000 rows (10x H-vocab-title-large)
# Goal: the H-vocab-title-large shape with a response long enough (several
# seconds warm) for a timing verdict on the per-literal formatting cost.
PREFIX dblp: <https://dblp.org/rdf/schema#>

CONSTRUCT { ?paper dblp:title ?title }
WHERE {
  ?paper dblp:title ?title .
}
LIMIT 1000000

2026-09-28 20:52:24.067 - INFO: Requested media types of the result are: "text/turtle"
2026-09-28 20:52:24.067 - INFO: Query planning done in 0 ms
2026-09-28 20:52:24.067 - INFO: Result has unknown size (not computed yet)
2026-09-28 20:52:29.615 - INFO: Done processing query and sending result, total time was 5,548 ms
2026-09-28 20:52:29.636 - INFO: 
2026-09-28 20:52:29.636 - INFO: Request received via GET, no content type specified
2026-09-28 20:52:29.636 - INFO: Processing command "clear-cache": clear the cache (unpinned elements only)
2026-09-28 20:52:29.655 - INFO: 
2026-09-28 20:52:29.655 - INFO: Request received via POST, content type "application/x-www-form-urlencoded"
2026-09-28 20:52:29.655 - INFO: Processing the following SPARQL query:
# Tier H-vocab — title literals, 1,000,000 rows (10x H-vocab-title-large)
# Goal: the H-vocab-title-large shape with a response long enough (several
# seconds warm) for a timing verdict on the per-literal formatting cost.
PREFIX dblp: <https://dblp.org/rdf/schema#>

CONSTRUCT { ?paper dblp:title ?title }
WHERE {
  ?paper dblp:title ?title .
}
LIMIT 1000000

2026-09-28 20:52:29.655 - INFO: Requested media types of the result are: "text/turtle"
2026-09-28 20:52:29.655 - INFO: Query planning done in 0 ms
2026-09-28 20:52:29.655 - INFO: Result has unknown size (not computed yet)
2026-09-28 20:52:34.753 - INFO: Done processing query and sending result, total time was 5,098 ms
2026-09-28 20:53:17.016 - INFO: 
2026-09-28 20:53:17.016 - INFO: Request received via GET, no content type specified
2026-09-28 20:53:17.016 - INFO: Processing command "clear-cache": clear the cache (unpinned elements only)
2026-09-28 20:53:17.034 - INFO: 
2026-09-28 20:53:17.034 - INFO: Request received via POST, content type "application/x-www-form-urlencoded"
2026-09-28 20:53:17.034 - INFO: Processing the following SPARQL query:
# Tier H-vocab — title literals, 1,000,000 rows (10x H-vocab-title-large)
# Goal: the H-vocab-title-large shape with a response long enough (several
# seconds warm) for a timing verdict on the per-literal formatting cost.
PREFIX dblp: <https://dblp.org/rdf/schema#>

CONSTRUCT { ?paper dblp:title ?title }
WHERE {
  ?paper dblp:title ?title .
}
LIMIT 1000000

2026-09-28 20:53:17.034 - INFO: Requested media types of the result are: "text/turtle"
2026-09-28 20:53:17.034 - INFO: Query planning done in 0 ms
2026-09-28 20:53:17.034 - INFO: Result has unknown size (not computed yet)
2026-09-28 20:53:22.249 - INFO: Done processing query and sending result, total time was 5,215 ms
2026-09-28 20:53:22.271 - INFO: 
2026-09-28 20:53:22.271 - INFO: Request received via GET, no content type specified
2026-09-28 20:53:22.271 - INFO: Processing command "clear-cache": clear the cache (unpinned elements only)
2026-09-28 20:53:22.289 - INFO: 
2026-09-28 20:53:22.289 - INFO: Request received via POST, content type "application/x-www-form-urlencoded"
2026-09-28 20:53:22.289 - INFO: Processing the following SPARQL query:
# Tier H-vocab — title literals, 1,000,000 rows (10x H-vocab-title-large)
# Goal: the H-vocab-title-large shape with a response long enough (several
# seconds warm) for a timing verdict on the per-literal formatting cost.
PREFIX dblp: <https://dblp.org/rdf/schema#>

CONSTRUCT { ?paper dblp:title ?title }
WHERE {
  ?paper dblp:title ?title .
}
LIMIT 1000000

2026-09-28 20:53:22.289 - INFO: Requested media types of the result are: "text/turtle"
2026-09-28 20:53:22.290 - INFO: Query planning done in 0 ms
2026-09-28 20:53:22.290 - INFO: Result has unknown size (not computed yet)
2026-09-28 20:53:27.994 - INFO: Done processing query and sending result, total time was 5,704 ms
2026-09-28 20:53:28.015 - INFO: 
2026-09-28 20:53:28.015 - INFO: Request received via GET, no content type specified
2026-09-28 20:53:28.015 - INFO: Processing command "clear-cache": clear the cache (unpinned elements only)
2026-09-28 20:53:28.033 - INFO: 
2026-09-28 20:53:28.033 - INFO: Request received via POST, content type "application/x-www-form-urlencoded"
2026-09-28 20:53:28.033 - INFO: Processing the following SPARQL query:
# Tier H-vocab — title literals, 1,000,000 rows (10x H-vocab-title-large)
# Goal: the H-vocab-title-large shape with a response long enough (several
# seconds warm) for a timing verdict on the per-literal formatting cost.
PREFIX dblp: <https://dblp.org/rdf/schema#>

CONSTRUCT { ?paper dblp:title ?title }
WHERE {
  ?paper dblp:title ?title .
}
LIMIT 1000000

2026-09-28 20:53:28.033 - INFO: Requested media types of the result are: "text/turtle"
2026-09-28 20:53:28.033 - INFO: Query planning done in 0 ms
2026-09-28 20:53:28.033 - INFO: Result has unknown size (not computed yet)
2026-09-28 20:53:33.426 - INFO: Done processing query and sending result, total time was 5,392 ms
2026-09-28 20:53:33.446 - INFO: 
2026-09-28 20:53:33.446 - INFO: Request received via GET, no content type specified
2026-09-28 20:53:33.446 - INFO: Processing command "clear-cache": clear the cache (unpinned elements only)
2026-09-28 20:53:33.464 - INFO: 
2026-09-28 20:53:33.464 - INFO: Request received via POST, content type "application/x-www-form-urlencoded"
2026-09-28 20:53:33.464 - INFO: Processing the following SPARQL query:
# Tier H-vocab — title literals, 1,000,000 rows (10x H-vocab-title-large)
# Goal: the H-vocab-title-large shape with a response long enough (several
# seconds warm) for a timing verdict on the per-literal formatting cost.
PREFIX dblp: <https://dblp.org/rdf/schema#>

CONSTRUCT { ?paper dblp:title ?title }
WHERE {
  ?paper dblp:title ?title .
}
LIMIT 1000000

2026-09-28 20:53:33.464 - INFO: Requested media types of the result are: "text/turtle"
2026-09-28 20:53:33.464 - INFO: Query planning done in 0 ms
2026-09-28 20:53:33.465 - INFO: Result has unknown size (not computed yet)
2026-09-28 20:53:38.465 - INFO: Done processing query and sending result, total time was 5,000 ms
2026-09-28 20:54:39.618 - INFO: 
2026-09-28 20:54:39.618 - INFO: Request received via GET, no content type specified
2026-09-28 20:54:39.618 - INFO: Processing command "clear-cache": clear the cache (unpinned elements only)
2026-09-28 20:54:39.653 - INFO: 
2026-09-28 20:54:39.653 - INFO: Request received via POST, content type "application/x-www-form-urlencoded"
2026-09-28 20:54:39.653 - INFO: Processing the following SPARQL query:
# Tier H-vocab — title literals, 1,000,000 rows (10x H-vocab-title-large)
# Goal: the H-vocab-title-large shape with a response long enough (several
# seconds warm) for a timing verdict on the per-literal formatting cost.
PREFIX dblp: <https://dblp.org/rdf/schema#>

CONSTRUCT { ?paper dblp:title ?title }
WHERE {
  ?paper dblp:title ?title .
}
LIMIT 1000000

2026-09-28 20:54:39.653 - INFO: Requested media types of the result are: "text/turtle"
2026-09-28 20:54:39.653 - INFO: Query planning done in 0 ms
2026-09-28 20:54:39.654 - INFO: Result has unknown size (not computed yet)
2026-09-28 20:54:44.786 - INFO: Done processing query and sending result, total time was 5,133 ms
2026-09-28 20:54:44.809 - INFO: 
2026-09-28 20:54:44.809 - INFO: Request received via GET, no content type specified
2026-09-28 20:54:44.809 - INFO: Processing command "clear-cache": clear the cache (unpinned elements only)
2026-09-28 20:54:44.827 - INFO: 
2026-09-28 20:54:44.827 - INFO: Request received via POST, content type "application/x-www-form-urlencoded"
2026-09-28 20:54:44.828 - INFO: Processing the following SPARQL query:
# Tier H-vocab — title literals, 1,000,000 rows (10x H-vocab-title-large)
# Goal: the H-vocab-title-large shape with a response long enough (several
# seconds warm) for a timing verdict on the per-literal formatting cost.
PREFIX dblp: <https://dblp.org/rdf/schema#>

CONSTRUCT { ?paper dblp:title ?title }
WHERE {
  ?paper dblp:title ?title .
}
LIMIT 1000000

2026-09-28 20:54:44.828 - INFO: Requested media types of the result are: "text/turtle"
2026-09-28 20:54:44.828 - INFO: Query planning done in 0 ms
2026-09-28 20:54:44.828 - INFO: Result has unknown size (not computed yet)
2026-09-28 20:54:50.148 - INFO: Done processing query and sending result, total time was 5,320 ms
2026-09-28 20:55:15.878 - INFO: 
2026-09-28 20:55:15.878 - INFO: Request received via GET, no content type specified
2026-09-28 20:55:15.878 - INFO: Processing command "clear-cache": clear the cache (unpinned elements only)
2026-09-28 20:55:15.896 - INFO: 
2026-09-28 20:55:15.896 - INFO: Request received via POST, content type "application/x-www-form-urlencoded"
2026-09-28 20:55:15.898 - INFO: Processing the following SPARQL query:
# Tier H — size-sweep
# Goal: isolate export cost from query-planning cost. Raise the year bound
# across runs, for example 1970, 1990, 2010, and 2023.
PREFIX dblp: <https://dblp.org/rdf/schema#>

CONSTRUCT { ?s ?p ?o }
WHERE {
  ?s a dblp:Publication ;
     dblp:yearOfPublication ?year ;
     ?p ?o .
  FILTER(?year <= "1970"^^<http://www.w3.org/2001/XMLSchema#gYear>)
}

2026-09-28 20:55:15.898 - INFO: Requested media types of the result are: "text/turtle"
2026-09-28 20:55:15.899 - INFO: Query planning done in 2 ms
2026-09-28 20:55:15.919 - INFO: Result has unknown size (not computed yet)
2026-09-28 20:55:16.560 - INFO: Done processing query and sending result, total time was 663 ms
2026-09-28 20:55:44.585 - INFO: 
2026-09-28 20:55:44.585 - INFO: Request received via GET, no content type specified
2026-09-28 20:55:44.585 - INFO: Processing command "clear-cache": clear the cache (unpinned elements only)
2026-09-28 20:55:44.603 - INFO: 
2026-09-28 20:55:44.603 - INFO: Request received via POST, content type "application/x-www-form-urlencoded"
2026-09-28 20:55:44.603 - INFO: Processing the following SPARQL query:
# Tier H — size-sweep
# Goal: isolate export cost from query-planning cost. Raise the year bound
# across runs, for example 1970, 1990, 2010, and 2023.
PREFIX dblp: <https://dblp.org/rdf/schema#>

CONSTRUCT { ?s ?p ?o }
WHERE {
  ?s a dblp:Publication ;
     dblp:yearOfPublication ?year ;
     ?p ?o .
  FILTER(?year <= "1970"^^<http://www.w3.org/2001/XMLSchema#gYear>)
}

2026-09-28 20:55:44.603 - INFO: Requested media types of the result are: "text/turtle"
2026-09-28 20:55:44.604 - INFO: Query planning done in 1 ms
2026-09-28 20:55:44.625 - INFO: Result has unknown size (not computed yet)
2026-09-28 20:55:45.246 - INFO: Done processing query and sending result, total time was 642 ms
2026-09-28 20:55:45.265 - INFO: 
2026-09-28 20:55:45.265 - INFO: Request received via GET, no content type specified
2026-09-28 20:55:45.265 - INFO: Processing command "clear-cache": clear the cache (unpinned elements only)
2026-09-28 20:55:45.283 - INFO: 
2026-09-28 20:55:45.283 - INFO: Request received via POST, content type "application/x-www-form-urlencoded"
2026-09-28 20:55:45.283 - INFO: Processing the following SPARQL query:
# Tier H — size-sweep
# Goal: isolate export cost from query-planning cost. Raise the year bound
# across runs, for example 1970, 1990, 2010, and 2023.
PREFIX dblp: <https://dblp.org/rdf/schema#>

CONSTRUCT { ?s ?p ?o }
WHERE {
  ?s a dblp:Publication ;
     dblp:yearOfPublication ?year ;
     ?p ?o .
  FILTER(?year <= "1970"^^<http://www.w3.org/2001/XMLSchema#gYear>)
}

2026-09-28 20:55:45.283 - INFO: Requested media types of the result are: "text/turtle"
2026-09-28 20:55:45.284 - INFO: Query planning done in 1 ms
2026-09-28 20:55:45.303 - INFO: Result has unknown size (not computed yet)
2026-09-28 20:55:45.914 - INFO: Done processing query and sending result, total time was 631 ms
2026-09-28 20:55:45.933 - INFO: 
2026-09-28 20:55:45.933 - INFO: Request received via GET, no content type specified
2026-09-28 20:55:45.933 - INFO: Processing command "clear-cache": clear the cache (unpinned elements only)
2026-09-28 20:55:45.951 - INFO: 
2026-09-28 20:55:45.951 - INFO: Request received via POST, content type "application/x-www-form-urlencoded"
2026-09-28 20:55:45.952 - INFO: Processing the following SPARQL query:
# Tier H — size-sweep
# Goal: isolate export cost from query-planning cost. Raise the year bound
# across runs, for example 1970, 1990, 2010, and 2023.
PREFIX dblp: <https://dblp.org/rdf/schema#>

CONSTRUCT { ?s ?p ?o }
WHERE {
  ?s a dblp:Publication ;
     dblp:yearOfPublication ?year ;
     ?p ?o .
  FILTER(?year <= "1970"^^<http://www.w3.org/2001/XMLSchema#gYear>)
}

2026-09-28 20:55:45.952 - INFO: Requested media types of the result are: "text/turtle"
2026-09-28 20:55:45.953 - INFO: Query planning done in 1 ms
2026-09-28 20:55:45.976 - INFO: Result has unknown size (not computed yet)
2026-09-28 20:55:46.672 - INFO: Done processing query and sending result, total time was 720 ms
2026-09-28 20:55:46.691 - INFO: 
2026-09-28 20:55:46.691 - INFO: Request received via GET, no content type specified
2026-09-28 20:55:46.691 - INFO: Processing command "clear-cache": clear the cache (unpinned elements only)
2026-09-28 20:55:46.709 - INFO: 
2026-09-28 20:55:46.709 - INFO: Request received via POST, content type "application/x-www-form-urlencoded"
2026-09-28 20:55:46.709 - INFO: Processing the following SPARQL query:
# Tier H — size-sweep
# Goal: isolate export cost from query-planning cost. Raise the year bound
# across runs, for example 1970, 1990, 2010, and 2023.
PREFIX dblp: <https://dblp.org/rdf/schema#>

CONSTRUCT { ?s ?p ?o }
WHERE {
  ?s a dblp:Publication ;
     dblp:yearOfPublication ?year ;
     ?p ?o .
  FILTER(?year <= "1970"^^<http://www.w3.org/2001/XMLSchema#gYear>)
}

2026-09-28 20:55:46.709 - INFO: Requested media types of the result are: "text/turtle"
2026-09-28 20:55:46.710 - INFO: Query planning done in 1 ms
2026-09-28 20:55:46.733 - INFO: Result has unknown size (not computed yet)
2026-09-28 20:55:47.417 - INFO: Done processing query and sending result, total time was 707 ms
2026-09-28 20:55:47.435 - INFO: 
2026-09-28 20:55:47.435 - INFO: Request received via GET, no content type specified
2026-09-28 20:55:47.435 - INFO: Processing command "clear-cache": clear the cache (unpinned elements only)
2026-09-28 20:55:47.454 - INFO: 
2026-09-28 20:55:47.454 - INFO: Request received via POST, content type "application/x-www-form-urlencoded"
2026-09-28 20:55:47.454 - INFO: Processing the following SPARQL query:
# Tier H — size-sweep
# Goal: isolate export cost from query-planning cost. Raise the year bound
# across runs, for example 1970, 1990, 2010, and 2023.
PREFIX dblp: <https://dblp.org/rdf/schema#>

CONSTRUCT { ?s ?p ?o }
WHERE {
  ?s a dblp:Publication ;
     dblp:yearOfPublication ?year ;
     ?p ?o .
  FILTER(?year <= "1970"^^<http://www.w3.org/2001/XMLSchema#gYear>)
}

2026-09-28 20:55:47.454 - INFO: Requested media types of the result are: "text/turtle"
2026-09-28 20:55:47.455 - INFO: Query planning done in 1 ms
2026-09-28 20:55:47.478 - INFO: Result has unknown size (not computed yet)
2026-09-28 20:55:48.113 - INFO: Done processing query and sending result, total time was 659 ms
2026-09-28 20:55:48.141 - INFO: 
2026-09-28 20:55:48.141 - INFO: Request received via GET, no content type specified
2026-09-28 20:55:48.141 - INFO: Processing command "clear-cache": clear the cache (unpinned elements only)
2026-09-28 20:55:48.171 - INFO: 
2026-09-28 20:55:48.171 - INFO: Request received via POST, content type "application/x-www-form-urlencoded"
2026-09-28 20:55:48.171 - INFO: Processing the following SPARQL query:
# Tier H — size-sweep
# Goal: isolate export cost from query-planning cost. Raise the year bound
# across runs, for example 1970, 1990, 2010, and 2023.
PREFIX dblp: <https://dblp.org/rdf/schema#>

CONSTRUCT { ?s ?p ?o }
WHERE {
  ?s a dblp:Publication ;
     dblp:yearOfPublication ?year ;
     ?p ?o .
  FILTER(?year <= "1970"^^<http://www.w3.org/2001/XMLSchema#gYear>)
}

2026-09-28 20:55:48.171 - INFO: Requested media types of the result are: "text/turtle"
2026-09-28 20:55:48.172 - INFO: Query planning done in 1 ms
2026-09-28 20:55:48.195 - INFO: Result has unknown size (not computed yet)
2026-09-28 20:55:48.887 - INFO: Done processing query and sending result, total time was 715 ms
2026-09-28 20:55:48.906 - INFO: 
2026-09-28 20:55:48.906 - INFO: Request received via GET, no content type specified
2026-09-28 20:55:48.906 - INFO: Processing command "clear-cache": clear the cache (unpinned elements only)
2026-09-28 20:55:48.924 - INFO: 
2026-09-28 20:55:48.924 - INFO: Request received via POST, content type "application/x-www-form-urlencoded"
2026-09-28 20:55:48.924 - INFO: Processing the following SPARQL query:
# Tier H — size-sweep
# Goal: isolate export cost from query-planning cost. Raise the year bound
# across runs, for example 1970, 1990, 2010, and 2023.
PREFIX dblp: <https://dblp.org/rdf/schema#>

CONSTRUCT { ?s ?p ?o }
WHERE {
  ?s a dblp:Publication ;
     dblp:yearOfPublication ?year ;
     ?p ?o .
  FILTER(?year <= "1970"^^<http://www.w3.org/2001/XMLSchema#gYear>)
}

2026-09-28 20:55:48.924 - INFO: Requested media types of the result are: "text/turtle"
2026-09-28 20:55:48.925 - INFO: Query planning done in 1 ms
2026-09-28 20:55:48.948 - INFO: Result has unknown size (not computed yet)
2026-09-28 20:55:49.641 - INFO: Done processing query and sending result, total time was 717 ms
2026-09-28 20:55:49.660 - INFO: 
2026-09-28 20:55:49.660 - INFO: Request received via GET, no content type specified
2026-09-28 20:55:49.660 - INFO: Processing command "clear-cache": clear the cache (unpinned elements only)
2026-09-28 20:55:49.678 - INFO: 
2026-09-28 20:55:49.678 - INFO: Request received via POST, content type "application/x-www-form-urlencoded"
2026-09-28 20:55:49.678 - INFO: Processing the following SPARQL query:
# Tier H — size-sweep
# Goal: isolate export cost from query-planning cost. Raise the year bound
# across runs, for example 1970, 1990, 2010, and 2023.
PREFIX dblp: <https://dblp.org/rdf/schema#>

CONSTRUCT { ?s ?p ?o }
WHERE {
  ?s a dblp:Publication ;
     dblp:yearOfPublication ?year ;
     ?p ?o .
  FILTER(?year <= "1970"^^<http://www.w3.org/2001/XMLSchema#gYear>)
}

2026-09-28 20:55:49.678 - INFO: Requested media types of the result are: "text/turtle"
2026-09-28 20:55:49.679 - INFO: Query planning done in 1 ms
2026-09-28 20:55:49.702 - INFO: Result has unknown size (not computed yet)
2026-09-28 20:55:50.370 - INFO: Done processing query and sending result, total time was 692 ms
2026-09-28 20:55:50.389 - INFO: 
2026-09-28 20:55:50.389 - INFO: Request received via GET, no content type specified
2026-09-28 20:55:50.389 - INFO: Processing command "clear-cache": clear the cache (unpinned elements only)
2026-09-28 20:55:50.407 - INFO: 
2026-09-28 20:55:50.407 - INFO: Request received via POST, content type "application/x-www-form-urlencoded"
2026-09-28 20:55:50.408 - INFO: Processing the following SPARQL query:
# Tier H — size-sweep
# Goal: isolate export cost from query-planning cost. Raise the year bound
# across runs, for example 1970, 1990, 2010, and 2023.
PREFIX dblp: <https://dblp.org/rdf/schema#>

CONSTRUCT { ?s ?p ?o }
WHERE {
  ?s a dblp:Publication ;
     dblp:yearOfPublication ?year ;
     ?p ?o .
  FILTER(?year <= "1970"^^<http://www.w3.org/2001/XMLSchema#gYear>)
}

2026-09-28 20:55:50.408 - INFO: Requested media types of the result are: "text/turtle"
2026-09-28 20:55:50.409 - INFO: Query planning done in 1 ms
2026-09-28 20:55:50.432 - INFO: Result has unknown size (not computed yet)
2026-09-28 20:55:51.125 - INFO: Done processing query and sending result, total time was 717 ms
2026-09-28 20:55:51.144 - INFO: 
2026-09-28 20:55:51.144 - INFO: Request received via GET, no content type specified
2026-09-28 20:55:51.144 - INFO: Processing command "clear-cache": clear the cache (unpinned elements only)
2026-09-28 20:55:51.162 - INFO: 
2026-09-28 20:55:51.162 - INFO: Request received via POST, content type "application/x-www-form-urlencoded"
2026-09-28 20:55:51.162 - INFO: Processing the following SPARQL query:
# Tier H — size-sweep
# Goal: isolate export cost from query-planning cost. Raise the year bound
# across runs, for example 1970, 1990, 2010, and 2023.
PREFIX dblp: <https://dblp.org/rdf/schema#>

CONSTRUCT { ?s ?p ?o }
WHERE {
  ?s a dblp:Publication ;
     dblp:yearOfPublication ?year ;
     ?p ?o .
  FILTER(?year <= "1970"^^<http://www.w3.org/2001/XMLSchema#gYear>)
}

2026-09-28 20:55:51.162 - INFO: Requested media types of the result are: "text/turtle"
2026-09-28 20:55:51.163 - INFO: Query planning done in 1 ms
2026-09-28 20:55:51.186 - INFO: Result has unknown size (not computed yet)
2026-09-28 20:55:51.808 - INFO: Done processing query and sending result, total time was 646 ms
2026-09-28 20:55:51.827 - INFO: 
2026-09-28 20:55:51.827 - INFO: Request received via GET, no content type specified
2026-09-28 20:55:51.827 - INFO: Processing command "clear-cache": clear the cache (unpinned elements only)
2026-09-28 20:55:51.845 - INFO: 
2026-09-28 20:55:51.845 - INFO: Request received via POST, content type "application/x-www-form-urlencoded"
2026-09-28 20:55:51.845 - INFO: Processing the following SPARQL query:
# Tier H — size-sweep
# Goal: isolate export cost from query-planning cost. Raise the year bound
# across runs, for example 1970, 1990, 2010, and 2023.
PREFIX dblp: <https://dblp.org/rdf/schema#>

CONSTRUCT { ?s ?p ?o }
WHERE {
  ?s a dblp:Publication ;
     dblp:yearOfPublication ?year ;
     ?p ?o .
  FILTER(?year <= "1970"^^<http://www.w3.org/2001/XMLSchema#gYear>)
}

2026-09-28 20:55:51.845 - INFO: Requested media types of the result are: "text/turtle"
2026-09-28 20:55:51.846 - INFO: Query planning done in 1 ms
2026-09-28 20:55:51.870 - INFO: Result has unknown size (not computed yet)
2026-09-28 20:55:52.565 - INFO: Done processing query and sending result, total time was 719 ms
2026-09-28 20:55:52.584 - INFO: 
2026-09-28 20:55:52.584 - INFO: Request received via GET, no content type specified
2026-09-28 20:55:52.584 - INFO: Processing command "clear-cache": clear the cache (unpinned elements only)
2026-09-28 20:55:52.601 - INFO: 
2026-09-28 20:55:52.601 - INFO: Request received via POST, content type "application/x-www-form-urlencoded"
2026-09-28 20:55:52.602 - INFO: Processing the following SPARQL query:
# Tier H — size-sweep
# Goal: isolate export cost from query-planning cost. Raise the year bound
# across runs, for example 1970, 1990, 2010, and 2023.
PREFIX dblp: <https://dblp.org/rdf/schema#>

CONSTRUCT { ?s ?p ?o }
WHERE {
  ?s a dblp:Publication ;
     dblp:yearOfPublication ?year ;
     ?p ?o .
  FILTER(?year <= "1970"^^<http://www.w3.org/2001/XMLSchema#gYear>)
}

2026-09-28 20:55:52.602 - INFO: Requested media types of the result are: "text/turtle"
2026-09-28 20:55:52.603 - INFO: Query planning done in 1 ms
2026-09-28 20:55:52.627 - INFO: Result has unknown size (not computed yet)
2026-09-28 20:55:53.298 - INFO: Done processing query and sending result, total time was 696 ms
2026-09-28 20:55:53.317 - INFO: 
2026-09-28 20:55:53.317 - INFO: Request received via GET, no content type specified
2026-09-28 20:55:53.317 - INFO: Processing command "clear-cache": clear the cache (unpinned elements only)
2026-09-28 20:55:53.343 - INFO: 
2026-09-28 20:55:53.343 - INFO: Request received via POST, content type "application/x-www-form-urlencoded"
2026-09-28 20:55:53.343 - INFO: Processing the following SPARQL query:
# Tier H — size-sweep
# Goal: isolate export cost from query-planning cost. Raise the year bound
# across runs, for example 1970, 1990, 2010, and 2023.
PREFIX dblp: <https://dblp.org/rdf/schema#>

CONSTRUCT { ?s ?p ?o }
WHERE {
  ?s a dblp:Publication ;
     dblp:yearOfPublication ?year ;
     ?p ?o .
  FILTER(?year <= "1970"^^<http://www.w3.org/2001/XMLSchema#gYear>)
}

2026-09-28 20:55:53.343 - INFO: Requested media types of the result are: "text/turtle"
2026-09-28 20:55:53.344 - INFO: Query planning done in 1 ms
2026-09-28 20:55:53.366 - INFO: Result has unknown size (not computed yet)
2026-09-28 20:55:53.965 - INFO: Done processing query and sending result, total time was 622 ms
2026-09-28 20:56:11.855 - INFO: 
2026-09-28 20:56:11.855 - INFO: Request received via GET, no content type specified
2026-09-28 20:56:11.855 - INFO: Processing command "clear-cache": clear the cache (unpinned elements only)
2026-09-28 20:56:11.873 - INFO: 
2026-09-28 20:56:11.873 - INFO: Request received via POST, content type "application/x-www-form-urlencoded"
2026-09-28 20:56:11.873 - INFO: Processing the following SPARQL query:
# Tier H — size-sweep
# Goal: isolate export cost from query-planning cost. Raise the year bound
# across runs, for example 1970, 1990, 2010, and 2023.
PREFIX dblp: <https://dblp.org/rdf/schema#>

CONSTRUCT { ?s ?p ?o }
WHERE {
  ?s a dblp:Publication ;
     dblp:yearOfPublication ?year ;
     ?p ?o .
  FILTER(?year <= "1970"^^<http://www.w3.org/2001/XMLSchema#gYear>)
}

2026-09-28 20:56:11.873 - INFO: Requested media types of the result are: "text/turtle"
2026-09-28 20:56:11.874 - INFO: Query planning done in 1 ms
2026-09-28 20:56:11.898 - INFO: Result has unknown size (not computed yet)
2026-09-28 20:56:12.511 - INFO: Done processing query and sending result, total time was 638 ms
2026-09-28 20:56:12.530 - INFO: 
2026-09-28 20:56:12.530 - INFO: Request received via GET, no content type specified
2026-09-28 20:56:12.530 - INFO: Processing command "clear-cache": clear the cache (unpinned elements only)
2026-09-28 20:56:12.548 - INFO: 
2026-09-28 20:56:12.548 - INFO: Request received via POST, content type "application/x-www-form-urlencoded"
2026-09-28 20:56:12.548 - INFO: Processing the following SPARQL query:
# Tier H — size-sweep
# Goal: isolate export cost from query-planning cost. Raise the year bound
# across runs, for example 1970, 1990, 2010, and 2023.
PREFIX dblp: <https://dblp.org/rdf/schema#>

CONSTRUCT { ?s ?p ?o }
WHERE {
  ?s a dblp:Publication ;
     dblp:yearOfPublication ?year ;
     ?p ?o .
  FILTER(?year <= "1970"^^<http://www.w3.org/2001/XMLSchema#gYear>)
}

2026-09-28 20:56:12.548 - INFO: Requested media types of the result are: "text/turtle"
2026-09-28 20:56:12.549 - INFO: Query planning done in 1 ms
2026-09-28 20:56:12.573 - INFO: Result has unknown size (not computed yet)
2026-09-28 20:56:13.262 - INFO: Done processing query and sending result, total time was 713 ms
2026-09-28 20:56:13.281 - INFO: 
2026-09-28 20:56:13.281 - INFO: Request received via GET, no content type specified
2026-09-28 20:56:13.281 - INFO: Processing command "clear-cache": clear the cache (unpinned elements only)
2026-09-28 20:56:13.299 - INFO: 
2026-09-28 20:56:13.299 - INFO: Request received via POST, content type "application/x-www-form-urlencoded"
2026-09-28 20:56:13.299 - INFO: Processing the following SPARQL query:
# Tier H — size-sweep
# Goal: isolate export cost from query-planning cost. Raise the year bound
# across runs, for example 1970, 1990, 2010, and 2023.
PREFIX dblp: <https://dblp.org/rdf/schema#>

CONSTRUCT { ?s ?p ?o }
WHERE {
  ?s a dblp:Publication ;
     dblp:yearOfPublication ?year ;
     ?p ?o .
  FILTER(?year <= "1970"^^<http://www.w3.org/2001/XMLSchema#gYear>)
}

2026-09-28 20:56:13.299 - INFO: Requested media types of the result are: "text/turtle"
2026-09-28 20:56:13.300 - INFO: Query planning done in 1 ms
2026-09-28 20:56:13.323 - INFO: Result has unknown size (not computed yet)
2026-09-28 20:56:14.014 - INFO: Done processing query and sending result, total time was 715 ms
2026-09-28 20:56:14.033 - INFO: 
2026-09-28 20:56:14.033 - INFO: Request received via GET, no content type specified
2026-09-28 20:56:14.033 - INFO: Processing command "clear-cache": clear the cache (unpinned elements only)
2026-09-28 20:56:14.051 - INFO: 
2026-09-28 20:56:14.051 - INFO: Request received via POST, content type "application/x-www-form-urlencoded"
2026-09-28 20:56:14.051 - INFO: Processing the following SPARQL query:
# Tier H — size-sweep
# Goal: isolate export cost from query-planning cost. Raise the year bound
# across runs, for example 1970, 1990, 2010, and 2023.
PREFIX dblp: <https://dblp.org/rdf/schema#>

CONSTRUCT { ?s ?p ?o }
WHERE {
  ?s a dblp:Publication ;
     dblp:yearOfPublication ?year ;
     ?p ?o .
  FILTER(?year <= "1970"^^<http://www.w3.org/2001/XMLSchema#gYear>)
}

2026-09-28 20:56:14.051 - INFO: Requested media types of the result are: "text/turtle"
2026-09-28 20:56:14.052 - INFO: Query planning done in 1 ms
2026-09-28 20:56:14.076 - INFO: Result has unknown size (not computed yet)
2026-09-28 20:56:14.770 - INFO: Done processing query and sending result, total time was 718 ms
2026-09-28 20:56:14.788 - INFO: 
2026-09-28 20:56:14.788 - INFO: Request received via GET, no content type specified
2026-09-28 20:56:14.788 - INFO: Processing command "clear-cache": clear the cache (unpinned elements only)
2026-09-28 20:56:14.806 - INFO: 
2026-09-28 20:56:14.806 - INFO: Request received via POST, content type "application/x-www-form-urlencoded"
2026-09-28 20:56:14.807 - INFO: Processing the following SPARQL query:
# Tier H — size-sweep
# Goal: isolate export cost from query-planning cost. Raise the year bound
# across runs, for example 1970, 1990, 2010, and 2023.
PREFIX dblp: <https://dblp.org/rdf/schema#>

CONSTRUCT { ?s ?p ?o }
WHERE {
  ?s a dblp:Publication ;
     dblp:yearOfPublication ?year ;
     ?p ?o .
  FILTER(?year <= "1970"^^<http://www.w3.org/2001/XMLSchema#gYear>)
}

2026-09-28 20:56:14.807 - INFO: Requested media types of the result are: "text/turtle"
2026-09-28 20:56:14.808 - INFO: Query planning done in 1 ms
2026-09-28 20:56:14.841 - INFO: Result has unknown size (not computed yet)
2026-09-28 20:56:15.465 - INFO: Done processing query and sending result, total time was 658 ms
2026-09-28 20:56:15.483 - INFO: 
2026-09-28 20:56:15.483 - INFO: Request received via GET, no content type specified
2026-09-28 20:56:15.483 - INFO: Processing command "clear-cache": clear the cache (unpinned elements only)
2026-09-28 20:56:15.501 - INFO: 
2026-09-28 20:56:15.501 - INFO: Request received via POST, content type "application/x-www-form-urlencoded"
2026-09-28 20:56:15.502 - INFO: Processing the following SPARQL query:
# Tier H — size-sweep
# Goal: isolate export cost from query-planning cost. Raise the year bound
# across runs, for example 1970, 1990, 2010, and 2023.
PREFIX dblp: <https://dblp.org/rdf/schema#>

CONSTRUCT { ?s ?p ?o }
WHERE {
  ?s a dblp:Publication ;
     dblp:yearOfPublication ?year ;
     ?p ?o .
  FILTER(?year <= "1970"^^<http://www.w3.org/2001/XMLSchema#gYear>)
}

2026-09-28 20:56:15.502 - INFO: Requested media types of the result are: "text/turtle"
2026-09-28 20:56:15.503 - INFO: Query planning done in 1 ms
2026-09-28 20:56:15.521 - INFO: Result has unknown size (not computed yet)
2026-09-28 20:56:16.133 - INFO: Done processing query and sending result, total time was 631 ms
2026-09-28 20:56:16.152 - INFO: 
2026-09-28 20:56:16.152 - INFO: Request received via GET, no content type specified
2026-09-28 20:56:16.152 - INFO: Processing command "clear-cache": clear the cache (unpinned elements only)
2026-09-28 20:56:16.170 - INFO: 
2026-09-28 20:56:16.170 - INFO: Request received via POST, content type "application/x-www-form-urlencoded"
2026-09-28 20:56:16.170 - INFO: Processing the following SPARQL query:
# Tier H — size-sweep
# Goal: isolate export cost from query-planning cost. Raise the year bound
# across runs, for example 1970, 1990, 2010, and 2023.
PREFIX dblp: <https://dblp.org/rdf/schema#>

CONSTRUCT { ?s ?p ?o }
WHERE {
  ?s a dblp:Publication ;
     dblp:yearOfPublication ?year ;
     ?p ?o .
  FILTER(?year <= "1970"^^<http://www.w3.org/2001/XMLSchema#gYear>)
}

2026-09-28 20:56:16.170 - INFO: Requested media types of the result are: "text/turtle"
2026-09-28 20:56:16.171 - INFO: Query planning done in 1 ms
2026-09-28 20:56:16.193 - INFO: Result has unknown size (not computed yet)
2026-09-28 20:56:16.811 - INFO: Done processing query and sending result, total time was 641 ms
2026-09-28 20:56:16.830 - INFO: 
2026-09-28 20:56:16.830 - INFO: Request received via GET, no content type specified
2026-09-28 20:56:16.830 - INFO: Processing command "clear-cache": clear the cache (unpinned elements only)
2026-09-28 20:56:16.848 - INFO: 
2026-09-28 20:56:16.848 - INFO: Request received via POST, content type "application/x-www-form-urlencoded"
2026-09-28 20:56:16.848 - INFO: Processing the following SPARQL query:
# Tier H — size-sweep
# Goal: isolate export cost from query-planning cost. Raise the year bound
# across runs, for example 1970, 1990, 2010, and 2023.
PREFIX dblp: <https://dblp.org/rdf/schema#>

CONSTRUCT { ?s ?p ?o }
WHERE {
  ?s a dblp:Publication ;
     dblp:yearOfPublication ?year ;
     ?p ?o .
  FILTER(?year <= "1970"^^<http://www.w3.org/2001/XMLSchema#gYear>)
}

2026-09-28 20:56:16.848 - INFO: Requested media types of the result are: "text/turtle"
2026-09-28 20:56:16.849 - INFO: Query planning done in 1 ms
2026-09-28 20:56:16.869 - INFO: Result has unknown size (not computed yet)
2026-09-28 20:56:17.559 - INFO: Done processing query and sending result, total time was 711 ms
2026-09-28 20:56:17.578 - INFO: 
2026-09-28 20:56:17.578 - INFO: Request received via GET, no content type specified
2026-09-28 20:56:17.578 - INFO: Processing command "clear-cache": clear the cache (unpinned elements only)
2026-09-28 20:56:17.596 - INFO: 
2026-09-28 20:56:17.596 - INFO: Request received via POST, content type "application/x-www-form-urlencoded"
2026-09-28 20:56:17.596 - INFO: Processing the following SPARQL query:
# Tier H — size-sweep
# Goal: isolate export cost from query-planning cost. Raise the year bound
# across runs, for example 1970, 1990, 2010, and 2023.
PREFIX dblp: <https://dblp.org/rdf/schema#>

CONSTRUCT { ?s ?p ?o }
WHERE {
  ?s a dblp:Publication ;
     dblp:yearOfPublication ?year ;
     ?p ?o .
  FILTER(?year <= "1970"^^<http://www.w3.org/2001/XMLSchema#gYear>)
}

2026-09-28 20:56:17.596 - INFO: Requested media types of the result are: "text/turtle"
2026-09-28 20:56:17.597 - INFO: Query planning done in 1 ms
2026-09-28 20:56:17.618 - INFO: Result has unknown size (not computed yet)
2026-09-28 20:56:18.323 - INFO: Done processing query and sending result, total time was 727 ms
2026-09-28 20:56:18.342 - INFO: 
2026-09-28 20:56:18.342 - INFO: Request received via GET, no content type specified
2026-09-28 20:56:18.342 - INFO: Processing command "clear-cache": clear the cache (unpinned elements only)
2026-09-28 20:56:18.361 - INFO: 
2026-09-28 20:56:18.361 - INFO: Request received via POST, content type "application/x-www-form-urlencoded"
2026-09-28 20:56:18.361 - INFO: Processing the following SPARQL query:
# Tier H — size-sweep
# Goal: isolate export cost from query-planning cost. Raise the year bound
# across runs, for example 1970, 1990, 2010, and 2023.
PREFIX dblp: <https://dblp.org/rdf/schema#>

CONSTRUCT { ?s ?p ?o }
WHERE {
  ?s a dblp:Publication ;
     dblp:yearOfPublication ?year ;
     ?p ?o .
  FILTER(?year <= "1970"^^<http://www.w3.org/2001/XMLSchema#gYear>)
}

2026-09-28 20:56:18.361 - INFO: Requested media types of the result are: "text/turtle"
2026-09-28 20:56:18.362 - INFO: Query planning done in 1 ms
2026-09-28 20:56:18.385 - INFO: Result has unknown size (not computed yet)
2026-09-28 20:56:19.081 - INFO: Done processing query and sending result, total time was 719 ms
2026-09-28 20:56:19.112 - INFO: 
2026-09-28 20:56:19.112 - INFO: Request received via GET, no content type specified
2026-09-28 20:56:19.112 - INFO: Processing command "clear-cache": clear the cache (unpinned elements only)
2026-09-28 20:56:19.140 - INFO: 
2026-09-28 20:56:19.140 - INFO: Request received via POST, content type "application/x-www-form-urlencoded"
2026-09-28 20:56:19.141 - INFO: Processing the following SPARQL query:
# Tier H — size-sweep
# Goal: isolate export cost from query-planning cost. Raise the year bound
# across runs, for example 1970, 1990, 2010, and 2023.
PREFIX dblp: <https://dblp.org/rdf/schema#>

CONSTRUCT { ?s ?p ?o }
WHERE {
  ?s a dblp:Publication ;
     dblp:yearOfPublication ?year ;
     ?p ?o .
  FILTER(?year <= "1970"^^<http://www.w3.org/2001/XMLSchema#gYear>)
}

2026-09-28 20:56:19.141 - INFO: Requested media types of the result are: "text/turtle"
2026-09-28 20:56:19.141 - INFO: Query planning done in 1 ms
2026-09-28 20:56:19.161 - INFO: Result has unknown size (not computed yet)
2026-09-28 20:56:19.781 - INFO: Done processing query and sending result, total time was 640 ms
2026-09-28 20:56:19.800 - INFO: 
2026-09-28 20:56:19.800 - INFO: Request received via GET, no content type specified
2026-09-28 20:56:19.800 - INFO: Processing command "clear-cache": clear the cache (unpinned elements only)
2026-09-28 20:56:19.818 - INFO: 
2026-09-28 20:56:19.818 - INFO: Request received via POST, content type "application/x-www-form-urlencoded"
2026-09-28 20:56:19.818 - INFO: Processing the following SPARQL query:
# Tier H — size-sweep
# Goal: isolate export cost from query-planning cost. Raise the year bound
# across runs, for example 1970, 1990, 2010, and 2023.
PREFIX dblp: <https://dblp.org/rdf/schema#>

CONSTRUCT { ?s ?p ?o }
WHERE {
  ?s a dblp:Publication ;
     dblp:yearOfPublication ?year ;
     ?p ?o .
  FILTER(?year <= "1970"^^<http://www.w3.org/2001/XMLSchema#gYear>)
}

2026-09-28 20:56:19.819 - INFO: Requested media types of the result are: "text/turtle"
2026-09-28 20:56:19.820 - INFO: Query planning done in 2 ms
2026-09-28 20:56:19.839 - INFO: Result has unknown size (not computed yet)
2026-09-28 20:56:20.449 - INFO: Done processing query and sending result, total time was 631 ms
2026-09-28 20:56:20.468 - INFO: 
2026-09-28 20:56:20.468 - INFO: Request received via GET, no content type specified
2026-09-28 20:56:20.468 - INFO: Processing command "clear-cache": clear the cache (unpinned elements only)
2026-09-28 20:56:20.493 - INFO: 
2026-09-28 20:56:20.493 - INFO: Request received via POST, content type "application/x-www-form-urlencoded"
2026-09-28 20:56:20.494 - INFO: Processing the following SPARQL query:
# Tier H — size-sweep
# Goal: isolate export cost from query-planning cost. Raise the year bound
# across runs, for example 1970, 1990, 2010, and 2023.
PREFIX dblp: <https://dblp.org/rdf/schema#>

CONSTRUCT { ?s ?p ?o }
WHERE {
  ?s a dblp:Publication ;
     dblp:yearOfPublication ?year ;
     ?p ?o .
  FILTER(?year <= "1970"^^<http://www.w3.org/2001/XMLSchema#gYear>)
}

2026-09-28 20:56:20.494 - INFO: Requested media types of the result are: "text/turtle"
2026-09-28 20:56:20.495 - INFO: Query planning done in 1 ms
2026-09-28 20:56:20.518 - INFO: Result has unknown size (not computed yet)
2026-09-28 20:56:21.212 - INFO: Done processing query and sending result, total time was 718 ms
2026-09-28 20:57:16.172 - INFO: 
2026-09-28 20:57:16.172 - INFO: Request received via GET, no content type specified
2026-09-28 20:57:16.172 - INFO: Processing command "clear-cache": clear the cache (unpinned elements only)
2026-09-28 20:57:16.190 - INFO: 
2026-09-28 20:57:16.190 - INFO: Request received via POST, content type "application/x-www-form-urlencoded"
2026-09-28 20:57:16.190 - INFO: Processing the following SPARQL query:
# Tier H — size-sweep
# Goal: isolate export cost from query-planning cost. Raise the year bound
# across runs, for example 1970, 1990, 2010, and 2023.
PREFIX dblp: <https://dblp.org/rdf/schema#>

CONSTRUCT { ?s ?p ?o }
WHERE {
  ?s a dblp:Publication ;
     dblp:yearOfPublication ?year ;
     ?p ?o .
  FILTER(?year <= "1970"^^<http://www.w3.org/2001/XMLSchema#gYear>)
}

2026-09-28 20:57:16.190 - INFO: Requested media types of the result are: "text/turtle"
2026-09-28 20:57:16.191 - INFO: Query planning done in 1 ms
2026-09-28 20:57:16.215 - INFO: Result has unknown size (not computed yet)
2026-09-28 20:57:16.920 - INFO: Done processing query and sending result, total time was 729 ms
2026-09-28 20:57:16.939 - INFO: 
2026-09-28 20:57:16.939 - INFO: Request received via GET, no content type specified
2026-09-28 20:57:16.939 - INFO: Processing command "clear-cache": clear the cache (unpinned elements only)
2026-09-28 20:57:16.957 - INFO: 
2026-09-28 20:57:16.957 - INFO: Request received via POST, content type "application/x-www-form-urlencoded"
2026-09-28 20:57:16.957 - INFO: Processing the following SPARQL query:
# Tier H — size-sweep
# Goal: isolate export cost from query-planning cost. Raise the year bound
# across runs, for example 1970, 1990, 2010, and 2023.
PREFIX dblp: <https://dblp.org/rdf/schema#>

CONSTRUCT { ?s ?p ?o }
WHERE {
  ?s a dblp:Publication ;
     dblp:yearOfPublication ?year ;
     ?p ?o .
  FILTER(?year <= "1970"^^<http://www.w3.org/2001/XMLSchema#gYear>)
}

2026-09-28 20:57:16.957 - INFO: Requested media types of the result are: "text/turtle"
2026-09-28 20:57:16.958 - INFO: Query planning done in 1 ms
2026-09-28 20:57:16.983 - INFO: Result has unknown size (not computed yet)
2026-09-28 20:57:17.674 - INFO: Done processing query and sending result, total time was 717 ms
2026-09-28 20:57:17.693 - INFO: 
2026-09-28 20:57:17.693 - INFO: Request received via GET, no content type specified
2026-09-28 20:57:17.693 - INFO: Processing command "clear-cache": clear the cache (unpinned elements only)
2026-09-28 20:57:17.711 - INFO: 
2026-09-28 20:57:17.711 - INFO: Request received via POST, content type "application/x-www-form-urlencoded"
2026-09-28 20:57:17.711 - INFO: Processing the following SPARQL query:
# Tier H — size-sweep
# Goal: isolate export cost from query-planning cost. Raise the year bound
# across runs, for example 1970, 1990, 2010, and 2023.
PREFIX dblp: <https://dblp.org/rdf/schema#>

CONSTRUCT { ?s ?p ?o }
WHERE {
  ?s a dblp:Publication ;
     dblp:yearOfPublication ?year ;
     ?p ?o .
  FILTER(?year <= "1970"^^<http://www.w3.org/2001/XMLSchema#gYear>)
}

2026-09-28 20:57:17.711 - INFO: Requested media types of the result are: "text/turtle"
2026-09-28 20:57:17.712 - INFO: Query planning done in 1 ms
2026-09-28 20:57:17.735 - INFO: Result has unknown size (not computed yet)
2026-09-28 20:57:18.427 - INFO: Done processing query and sending result, total time was 716 ms
2026-09-28 20:57:18.446 - INFO: 
2026-09-28 20:57:18.446 - INFO: Request received via GET, no content type specified
2026-09-28 20:57:18.446 - INFO: Processing command "clear-cache": clear the cache (unpinned elements only)
2026-09-28 20:57:18.464 - INFO: 
2026-09-28 20:57:18.464 - INFO: Request received via POST, content type "application/x-www-form-urlencoded"
2026-09-28 20:57:18.464 - INFO: Processing the following SPARQL query:
# Tier H — size-sweep
# Goal: isolate export cost from query-planning cost. Raise the year bound
# across runs, for example 1970, 1990, 2010, and 2023.
PREFIX dblp: <https://dblp.org/rdf/schema#>

CONSTRUCT { ?s ?p ?o }
WHERE {
  ?s a dblp:Publication ;
     dblp:yearOfPublication ?year ;
     ?p ?o .
  FILTER(?year <= "1970"^^<http://www.w3.org/2001/XMLSchema#gYear>)
}

2026-09-28 20:57:18.464 - INFO: Requested media types of the result are: "text/turtle"
2026-09-28 20:57:18.465 - INFO: Query planning done in 1 ms
2026-09-28 20:57:18.490 - INFO: Result has unknown size (not computed yet)
2026-09-28 20:57:19.109 - INFO: Done processing query and sending result, total time was 644 ms
2026-09-28 20:57:19.128 - INFO: 
2026-09-28 20:57:19.128 - INFO: Request received via GET, no content type specified
2026-09-28 20:57:19.128 - INFO: Processing command "clear-cache": clear the cache (unpinned elements only)
2026-09-28 20:57:19.146 - INFO: 
2026-09-28 20:57:19.146 - INFO: Request received via POST, content type "application/x-www-form-urlencoded"
2026-09-28 20:57:19.146 - INFO: Processing the following SPARQL query:
# Tier H — size-sweep
# Goal: isolate export cost from query-planning cost. Raise the year bound
# across runs, for example 1970, 1990, 2010, and 2023.
PREFIX dblp: <https://dblp.org/rdf/schema#>

CONSTRUCT { ?s ?p ?o }
WHERE {
  ?s a dblp:Publication ;
     dblp:yearOfPublication ?year ;
     ?p ?o .
  FILTER(?year <= "1970"^^<http://www.w3.org/2001/XMLSchema#gYear>)
}

2026-09-28 20:57:19.146 - INFO: Requested media types of the result are: "text/turtle"
2026-09-28 20:57:19.147 - INFO: Query planning done in 1 ms
2026-09-28 20:57:19.170 - INFO: Result has unknown size (not computed yet)
2026-09-28 20:57:19.862 - INFO: Done processing query and sending result, total time was 716 ms
2026-09-28 20:57:19.881 - INFO: 
2026-09-28 20:57:19.881 - INFO: Request received via GET, no content type specified
2026-09-28 20:57:19.881 - INFO: Processing command "clear-cache": clear the cache (unpinned elements only)
2026-09-28 20:57:19.899 - INFO: 
2026-09-28 20:57:19.899 - INFO: Request received via POST, content type "application/x-www-form-urlencoded"
2026-09-28 20:57:19.899 - INFO: Processing the following SPARQL query:
# Tier H — size-sweep
# Goal: isolate export cost from query-planning cost. Raise the year bound
# across runs, for example 1970, 1990, 2010, and 2023.
PREFIX dblp: <https://dblp.org/rdf/schema#>

CONSTRUCT { ?s ?p ?o }
WHERE {
  ?s a dblp:Publication ;
     dblp:yearOfPublication ?year ;
     ?p ?o .
  FILTER(?year <= "1970"^^<http://www.w3.org/2001/XMLSchema#gYear>)
}

2026-09-28 20:57:19.899 - INFO: Requested media types of the result are: "text/turtle"
2026-09-28 20:57:19.900 - INFO: Query planning done in 1 ms
2026-09-28 20:57:19.923 - INFO: Result has unknown size (not computed yet)
2026-09-28 20:57:20.535 - INFO: Done processing query and sending result, total time was 636 ms
2026-09-28 20:57:20.554 - INFO: 
2026-09-28 20:57:20.554 - INFO: Request received via GET, no content type specified
2026-09-28 20:57:20.554 - INFO: Processing command "clear-cache": clear the cache (unpinned elements only)
2026-09-28 20:57:20.573 - INFO: 
2026-09-28 20:57:20.573 - INFO: Request received via POST, content type "application/x-www-form-urlencoded"
2026-09-28 20:57:20.573 - INFO: Processing the following SPARQL query:
# Tier H — size-sweep
# Goal: isolate export cost from query-planning cost. Raise the year bound
# across runs, for example 1970, 1990, 2010, and 2023.
PREFIX dblp: <https://dblp.org/rdf/schema#>

CONSTRUCT { ?s ?p ?o }
WHERE {
  ?s a dblp:Publication ;
     dblp:yearOfPublication ?year ;
     ?p ?o .
  FILTER(?year <= "1970"^^<http://www.w3.org/2001/XMLSchema#gYear>)
}

2026-09-28 20:57:20.573 - INFO: Requested media types of the result are: "text/turtle"
2026-09-28 20:57:20.574 - INFO: Query planning done in 1 ms
2026-09-28 20:57:20.597 - INFO: Result has unknown size (not computed yet)
2026-09-28 20:57:21.197 - INFO: Done processing query and sending result, total time was 623 ms
2026-09-28 20:57:21.222 - INFO: 
2026-09-28 20:57:21.222 - INFO: Request received via GET, no content type specified
2026-09-28 20:57:21.222 - INFO: Processing command "clear-cache": clear the cache (unpinned elements only)
2026-09-28 20:57:21.240 - INFO: 
2026-09-28 20:57:21.240 - INFO: Request received via POST, content type "application/x-www-form-urlencoded"
2026-09-28 20:57:21.240 - INFO: Processing the following SPARQL query:
# Tier H — size-sweep
# Goal: isolate export cost from query-planning cost. Raise the year bound
# across runs, for example 1970, 1990, 2010, and 2023.
PREFIX dblp: <https://dblp.org/rdf/schema#>

CONSTRUCT { ?s ?p ?o }
WHERE {
  ?s a dblp:Publication ;
     dblp:yearOfPublication ?year ;
     ?p ?o .
  FILTER(?year <= "1970"^^<http://www.w3.org/2001/XMLSchema#gYear>)
}

2026-09-28 20:57:21.240 - INFO: Requested media types of the result are: "text/turtle"
2026-09-28 20:57:21.241 - INFO: Query planning done in 1 ms
2026-09-28 20:57:21.264 - INFO: Result has unknown size (not computed yet)
2026-09-28 20:57:21.872 - INFO: Done processing query and sending result, total time was 632 ms
2026-09-28 20:57:21.891 - INFO: 
2026-09-28 20:57:21.891 - INFO: Request received via GET, no content type specified
2026-09-28 20:57:21.891 - INFO: Processing command "clear-cache": clear the cache (unpinned elements only)
2026-09-28 20:57:21.909 - INFO: 
2026-09-28 20:57:21.909 - INFO: Request received via POST, content type "application/x-www-form-urlencoded"
2026-09-28 20:57:21.909 - INFO: Processing the following SPARQL query:
# Tier H — size-sweep
# Goal: isolate export cost from query-planning cost. Raise the year bound
# across runs, for example 1970, 1990, 2010, and 2023.
PREFIX dblp: <https://dblp.org/rdf/schema#>

CONSTRUCT { ?s ?p ?o }
WHERE {
  ?s a dblp:Publication ;
     dblp:yearOfPublication ?year ;
     ?p ?o .
  FILTER(?year <= "1970"^^<http://www.w3.org/2001/XMLSchema#gYear>)
}

2026-09-28 20:57:21.909 - INFO: Requested media types of the result are: "text/turtle"
2026-09-28 20:57:21.910 - INFO: Query planning done in 1 ms
2026-09-28 20:57:21.933 - INFO: Result has unknown size (not computed yet)
2026-09-28 20:57:22.525 - INFO: Done processing query and sending result, total time was 615 ms
2026-09-28 20:57:22.544 - INFO: 
2026-09-28 20:57:22.544 - INFO: Request received via GET, no content type specified
2026-09-28 20:57:22.544 - INFO: Processing command "clear-cache": clear the cache (unpinned elements only)
2026-09-28 20:57:22.561 - INFO: 
2026-09-28 20:57:22.561 - INFO: Request received via POST, content type "application/x-www-form-urlencoded"
2026-09-28 20:57:22.562 - INFO: Processing the following SPARQL query:
# Tier H — size-sweep
# Goal: isolate export cost from query-planning cost. Raise the year bound
# across runs, for example 1970, 1990, 2010, and 2023.
PREFIX dblp: <https://dblp.org/rdf/schema#>

CONSTRUCT { ?s ?p ?o }
WHERE {
  ?s a dblp:Publication ;
     dblp:yearOfPublication ?year ;
     ?p ?o .
  FILTER(?year <= "1970"^^<http://www.w3.org/2001/XMLSchema#gYear>)
}

2026-09-28 20:57:22.562 - INFO: Requested media types of the result are: "text/turtle"
2026-09-28 20:57:22.563 - INFO: Query planning done in 1 ms
2026-09-28 20:57:22.589 - INFO: Result has unknown size (not computed yet)
2026-09-28 20:57:23.183 - INFO: Done processing query and sending result, total time was 621 ms
2026-09-28 20:57:23.202 - INFO: 
2026-09-28 20:57:23.202 - INFO: Request received via GET, no content type specified
2026-09-28 20:57:23.202 - INFO: Processing command "clear-cache": clear the cache (unpinned elements only)
2026-09-28 20:57:23.220 - INFO: 
2026-09-28 20:57:23.220 - INFO: Request received via POST, content type "application/x-www-form-urlencoded"
2026-09-28 20:57:23.220 - INFO: Processing the following SPARQL query:
# Tier H — size-sweep
# Goal: isolate export cost from query-planning cost. Raise the year bound
# across runs, for example 1970, 1990, 2010, and 2023.
PREFIX dblp: <https://dblp.org/rdf/schema#>

CONSTRUCT { ?s ?p ?o }
WHERE {
  ?s a dblp:Publication ;
     dblp:yearOfPublication ?year ;
     ?p ?o .
  FILTER(?year <= "1970"^^<http://www.w3.org/2001/XMLSchema#gYear>)
}

2026-09-28 20:57:23.220 - INFO: Requested media types of the result are: "text/turtle"
2026-09-28 20:57:23.221 - INFO: Query planning done in 1 ms
2026-09-28 20:57:23.244 - INFO: Result has unknown size (not computed yet)
2026-09-28 20:57:23.836 - INFO: Done processing query and sending result, total time was 616 ms
2026-09-28 20:57:23.855 - INFO: 
2026-09-28 20:57:23.855 - INFO: Request received via GET, no content type specified
2026-09-28 20:57:23.855 - INFO: Processing command "clear-cache": clear the cache (unpinned elements only)
2026-09-28 20:57:23.873 - INFO: 
2026-09-28 20:57:23.873 - INFO: Request received via POST, content type "application/x-www-form-urlencoded"
2026-09-28 20:57:23.873 - INFO: Processing the following SPARQL query:
# Tier H — size-sweep
# Goal: isolate export cost from query-planning cost. Raise the year bound
# across runs, for example 1970, 1990, 2010, and 2023.
PREFIX dblp: <https://dblp.org/rdf/schema#>

CONSTRUCT { ?s ?p ?o }
WHERE {
  ?s a dblp:Publication ;
     dblp:yearOfPublication ?year ;
     ?p ?o .
  FILTER(?year <= "1970"^^<http://www.w3.org/2001/XMLSchema#gYear>)
}

2026-09-28 20:57:23.873 - INFO: Requested media types of the result are: "text/turtle"
2026-09-28 20:57:23.874 - INFO: Query planning done in 1 ms
2026-09-28 20:57:23.899 - INFO: Result has unknown size (not computed yet)
2026-09-28 20:57:24.488 - INFO: Done processing query and sending result, total time was 615 ms
2026-09-28 20:57:24.507 - INFO: 
2026-09-28 20:57:24.507 - INFO: Request received via GET, no content type specified
2026-09-28 20:57:24.507 - INFO: Processing command "clear-cache": clear the cache (unpinned elements only)
2026-09-28 20:57:24.532 - INFO: 
2026-09-28 20:57:24.532 - INFO: Request received via POST, content type "application/x-www-form-urlencoded"
2026-09-28 20:57:24.533 - INFO: Processing the following SPARQL query:
# Tier H — size-sweep
# Goal: isolate export cost from query-planning cost. Raise the year bound
# across runs, for example 1970, 1990, 2010, and 2023.
PREFIX dblp: <https://dblp.org/rdf/schema#>

CONSTRUCT { ?s ?p ?o }
WHERE {
  ?s a dblp:Publication ;
     dblp:yearOfPublication ?year ;
     ?p ?o .
  FILTER(?year <= "1970"^^<http://www.w3.org/2001/XMLSchema#gYear>)
}

2026-09-28 20:57:24.533 - INFO: Requested media types of the result are: "text/turtle"
2026-09-28 20:57:24.534 - INFO: Query planning done in 1 ms
2026-09-28 20:57:24.561 - INFO: Result has unknown size (not computed yet)
2026-09-28 20:57:25.154 - INFO: Done processing query and sending result, total time was 621 ms
2026-09-28 20:57:43.804 - INFO: 
2026-09-28 20:57:43.804 - INFO: Request received via GET, no content type specified
2026-09-28 20:57:43.804 - INFO: Processing command "clear-cache": clear the cache (unpinned elements only)
2026-09-28 20:57:43.822 - INFO: 
2026-09-28 20:57:43.822 - INFO: Request received via POST, content type "application/x-www-form-urlencoded"
2026-09-28 20:57:43.822 - INFO: Processing the following SPARQL query:
# Tier H — size-sweep
# Goal: isolate export cost from query-planning cost. Raise the year bound
# across runs, for example 1970, 1990, 2010, and 2023.
PREFIX dblp: <https://dblp.org/rdf/schema#>

CONSTRUCT { ?s ?p ?o }
WHERE {
  ?s a dblp:Publication ;
     dblp:yearOfPublication ?year ;
     ?p ?o .
  FILTER(?year <= "1970"^^<http://www.w3.org/2001/XMLSchema#gYear>)
}

2026-09-28 20:57:43.822 - INFO: Requested media types of the result are: "text/turtle"
2026-09-28 20:57:43.823 - INFO: Query planning done in 1 ms
2026-09-28 20:57:43.847 - INFO: Result has unknown size (not computed yet)
2026-09-28 20:57:44.550 - INFO: Done processing query and sending result, total time was 728 ms
2026-09-28 20:57:44.569 - INFO: 
2026-09-28 20:57:44.569 - INFO: Request received via GET, no content type specified
2026-09-28 20:57:44.569 - INFO: Processing command "clear-cache": clear the cache (unpinned elements only)
2026-09-28 20:57:44.587 - INFO: 
2026-09-28 20:57:44.587 - INFO: Request received via POST, content type "application/x-www-form-urlencoded"
2026-09-28 20:57:44.587 - INFO: Processing the following SPARQL query:
# Tier H — size-sweep
# Goal: isolate export cost from query-planning cost. Raise the year bound
# across runs, for example 1970, 1990, 2010, and 2023.
PREFIX dblp: <https://dblp.org/rdf/schema#>

CONSTRUCT { ?s ?p ?o }
WHERE {
  ?s a dblp:Publication ;
     dblp:yearOfPublication ?year ;
     ?p ?o .
  FILTER(?year <= "1970"^^<http://www.w3.org/2001/XMLSchema#gYear>)
}

2026-09-28 20:57:44.587 - INFO: Requested media types of the result are: "text/turtle"
2026-09-28 20:57:44.588 - INFO: Query planning done in 1 ms
2026-09-28 20:57:44.612 - INFO: Result has unknown size (not computed yet)
2026-09-28 20:57:45.303 - INFO: Done processing query and sending result, total time was 715 ms
2026-09-28 20:57:45.322 - INFO: 
2026-09-28 20:57:45.322 - INFO: Request received via GET, no content type specified
2026-09-28 20:57:45.322 - INFO: Processing command "clear-cache": clear the cache (unpinned elements only)
2026-09-28 20:57:45.340 - INFO: 
2026-09-28 20:57:45.340 - INFO: Request received via POST, content type "application/x-www-form-urlencoded"
2026-09-28 20:57:45.340 - INFO: Processing the following SPARQL query:
# Tier H — size-sweep
# Goal: isolate export cost from query-planning cost. Raise the year bound
# across runs, for example 1970, 1990, 2010, and 2023.
PREFIX dblp: <https://dblp.org/rdf/schema#>

CONSTRUCT { ?s ?p ?o }
WHERE {
  ?s a dblp:Publication ;
     dblp:yearOfPublication ?year ;
     ?p ?o .
  FILTER(?year <= "1970"^^<http://www.w3.org/2001/XMLSchema#gYear>)
}

2026-09-28 20:57:45.340 - INFO: Requested media types of the result are: "text/turtle"
2026-09-28 20:57:45.341 - INFO: Query planning done in 1 ms
2026-09-28 20:57:45.364 - INFO: Result has unknown size (not computed yet)
2026-09-28 20:57:45.996 - INFO: Done processing query and sending result, total time was 656 ms
2026-09-28 20:57:46.015 - INFO: 
2026-09-28 20:57:46.015 - INFO: Request received via GET, no content type specified
2026-09-28 20:57:46.015 - INFO: Processing command "clear-cache": clear the cache (unpinned elements only)
2026-09-28 20:57:46.033 - INFO: 
2026-09-28 20:57:46.033 - INFO: Request received via POST, content type "application/x-www-form-urlencoded"
2026-09-28 20:57:46.033 - INFO: Processing the following SPARQL query:
# Tier H — size-sweep
# Goal: isolate export cost from query-planning cost. Raise the year bound
# across runs, for example 1970, 1990, 2010, and 2023.
PREFIX dblp: <https://dblp.org/rdf/schema#>

CONSTRUCT { ?s ?p ?o }
WHERE {
  ?s a dblp:Publication ;
     dblp:yearOfPublication ?year ;
     ?p ?o .
  FILTER(?year <= "1970"^^<http://www.w3.org/2001/XMLSchema#gYear>)
}

2026-09-28 20:57:46.033 - INFO: Requested media types of the result are: "text/turtle"
2026-09-28 20:57:46.034 - INFO: Query planning done in 1 ms
2026-09-28 20:57:46.058 - INFO: Result has unknown size (not computed yet)
2026-09-28 20:57:46.655 - INFO: Done processing query and sending result, total time was 622 ms
2026-09-28 20:57:46.674 - INFO: 
2026-09-28 20:57:46.674 - INFO: Request received via GET, no content type specified
2026-09-28 20:57:46.674 - INFO: Processing command "clear-cache": clear the cache (unpinned elements only)
2026-09-28 20:57:46.692 - INFO: 
2026-09-28 20:57:46.692 - INFO: Request received via POST, content type "application/x-www-form-urlencoded"
2026-09-28 20:57:46.692 - INFO: Processing the following SPARQL query:
# Tier H — size-sweep
# Goal: isolate export cost from query-planning cost. Raise the year bound
# across runs, for example 1970, 1990, 2010, and 2023.
PREFIX dblp: <https://dblp.org/rdf/schema#>

CONSTRUCT { ?s ?p ?o }
WHERE {
  ?s a dblp:Publication ;
     dblp:yearOfPublication ?year ;
     ?p ?o .
  FILTER(?year <= "1970"^^<http://www.w3.org/2001/XMLSchema#gYear>)
}

2026-09-28 20:57:46.692 - INFO: Requested media types of the result are: "text/turtle"
2026-09-28 20:57:46.693 - INFO: Query planning done in 1 ms
2026-09-28 20:57:46.712 - INFO: Result has unknown size (not computed yet)
2026-09-28 20:57:47.317 - INFO: Done processing query and sending result, total time was 625 ms
2026-09-28 20:57:47.336 - INFO: 
2026-09-28 20:57:47.336 - INFO: Request received via GET, no content type specified
2026-09-28 20:57:47.336 - INFO: Processing command "clear-cache": clear the cache (unpinned elements only)
2026-09-28 20:57:47.354 - INFO: 
2026-09-28 20:57:47.354 - INFO: Request received via POST, content type "application/x-www-form-urlencoded"
2026-09-28 20:57:47.354 - INFO: Processing the following SPARQL query:
# Tier H — size-sweep
# Goal: isolate export cost from query-planning cost. Raise the year bound
# across runs, for example 1970, 1990, 2010, and 2023.
PREFIX dblp: <https://dblp.org/rdf/schema#>

CONSTRUCT { ?s ?p ?o }
WHERE {
  ?s a dblp:Publication ;
     dblp:yearOfPublication ?year ;
     ?p ?o .
  FILTER(?year <= "1970"^^<http://www.w3.org/2001/XMLSchema#gYear>)
}

2026-09-28 20:57:47.354 - INFO: Requested media types of the result are: "text/turtle"
2026-09-28 20:57:47.355 - INFO: Query planning done in 1 ms
2026-09-28 20:57:47.374 - INFO: Result has unknown size (not computed yet)
2026-09-28 20:57:47.981 - INFO: Done processing query and sending result, total time was 627 ms
2026-09-28 20:57:48.001 - INFO: 
2026-09-28 20:57:48.001 - INFO: Request received via GET, no content type specified
2026-09-28 20:57:48.001 - INFO: Processing command "clear-cache": clear the cache (unpinned elements only)
2026-09-28 20:57:48.019 - INFO: 
2026-09-28 20:57:48.019 - INFO: Request received via POST, content type "application/x-www-form-urlencoded"
2026-09-28 20:57:48.019 - INFO: Processing the following SPARQL query:
# Tier H — size-sweep
# Goal: isolate export cost from query-planning cost. Raise the year bound
# across runs, for example 1970, 1990, 2010, and 2023.
PREFIX dblp: <https://dblp.org/rdf/schema#>

CONSTRUCT { ?s ?p ?o }
WHERE {
  ?s a dblp:Publication ;
     dblp:yearOfPublication ?year ;
     ?p ?o .
  FILTER(?year <= "1970"^^<http://www.w3.org/2001/XMLSchema#gYear>)
}

2026-09-28 20:57:48.019 - INFO: Requested media types of the result are: "text/turtle"
2026-09-28 20:57:48.020 - INFO: Query planning done in 1 ms
2026-09-28 20:57:48.040 - INFO: Result has unknown size (not computed yet)
2026-09-28 20:57:48.648 - INFO: Done processing query and sending result, total time was 628 ms
2026-09-28 20:57:48.667 - INFO: 
2026-09-28 20:57:48.667 - INFO: Request received via GET, no content type specified
2026-09-28 20:57:48.667 - INFO: Processing command "clear-cache": clear the cache (unpinned elements only)
2026-09-28 20:57:48.685 - INFO: 
2026-09-28 20:57:48.685 - INFO: Request received via POST, content type "application/x-www-form-urlencoded"
2026-09-28 20:57:48.685 - INFO: Processing the following SPARQL query:
# Tier H — size-sweep
# Goal: isolate export cost from query-planning cost. Raise the year bound
# across runs, for example 1970, 1990, 2010, and 2023.
PREFIX dblp: <https://dblp.org/rdf/schema#>

CONSTRUCT { ?s ?p ?o }
WHERE {
  ?s a dblp:Publication ;
     dblp:yearOfPublication ?year ;
     ?p ?o .
  FILTER(?year <= "1970"^^<http://www.w3.org/2001/XMLSchema#gYear>)
}

2026-09-28 20:57:48.685 - INFO: Requested media types of the result are: "text/turtle"
2026-09-28 20:57:48.686 - INFO: Query planning done in 1 ms
2026-09-28 20:57:48.705 - INFO: Result has unknown size (not computed yet)
2026-09-28 20:57:49.313 - INFO: Done processing query and sending result, total time was 628 ms
2026-09-28 20:57:49.332 - INFO: 
2026-09-28 20:57:49.332 - INFO: Request received via GET, no content type specified
2026-09-28 20:57:49.332 - INFO: Processing command "clear-cache": clear the cache (unpinned elements only)
2026-09-28 20:57:49.350 - INFO: 
2026-09-28 20:57:49.350 - INFO: Request received via POST, content type "application/x-www-form-urlencoded"
2026-09-28 20:57:49.350 - INFO: Processing the following SPARQL query:
# Tier H — size-sweep
# Goal: isolate export cost from query-planning cost. Raise the year bound
# across runs, for example 1970, 1990, 2010, and 2023.
PREFIX dblp: <https://dblp.org/rdf/schema#>

CONSTRUCT { ?s ?p ?o }
WHERE {
  ?s a dblp:Publication ;
     dblp:yearOfPublication ?year ;
     ?p ?o .
  FILTER(?year <= "1970"^^<http://www.w3.org/2001/XMLSchema#gYear>)
}

2026-09-28 20:57:49.350 - INFO: Requested media types of the result are: "text/turtle"
2026-09-28 20:57:49.351 - INFO: Query planning done in 1 ms
2026-09-28 20:57:49.370 - INFO: Result has unknown size (not computed yet)
2026-09-28 20:57:49.977 - INFO: Done processing query and sending result, total time was 626 ms
2026-09-28 20:57:49.996 - INFO: 
2026-09-28 20:57:49.996 - INFO: Request received via GET, no content type specified
2026-09-28 20:57:49.996 - INFO: Processing command "clear-cache": clear the cache (unpinned elements only)
2026-09-28 20:57:50.014 - INFO: 
2026-09-28 20:57:50.014 - INFO: Request received via POST, content type "application/x-www-form-urlencoded"
2026-09-28 20:57:50.014 - INFO: Processing the following SPARQL query:
# Tier H — size-sweep
# Goal: isolate export cost from query-planning cost. Raise the year bound
# across runs, for example 1970, 1990, 2010, and 2023.
PREFIX dblp: <https://dblp.org/rdf/schema#>

CONSTRUCT { ?s ?p ?o }
WHERE {
  ?s a dblp:Publication ;
     dblp:yearOfPublication ?year ;
     ?p ?o .
  FILTER(?year <= "1970"^^<http://www.w3.org/2001/XMLSchema#gYear>)
}

2026-09-28 20:57:50.014 - INFO: Requested media types of the result are: "text/turtle"
2026-09-28 20:57:50.015 - INFO: Query planning done in 1 ms
2026-09-28 20:57:50.033 - INFO: Result has unknown size (not computed yet)
2026-09-28 20:57:50.647 - INFO: Done processing query and sending result, total time was 633 ms
2026-09-28 20:57:50.666 - INFO: 
2026-09-28 20:57:50.666 - INFO: Request received via GET, no content type specified
2026-09-28 20:57:50.666 - INFO: Processing command "clear-cache": clear the cache (unpinned elements only)
2026-09-28 20:57:50.684 - INFO: 
2026-09-28 20:57:50.684 - INFO: Request received via POST, content type "application/x-www-form-urlencoded"
2026-09-28 20:57:50.685 - INFO: Processing the following SPARQL query:
# Tier H — size-sweep
# Goal: isolate export cost from query-planning cost. Raise the year bound
# across runs, for example 1970, 1990, 2010, and 2023.
PREFIX dblp: <https://dblp.org/rdf/schema#>

CONSTRUCT { ?s ?p ?o }
WHERE {
  ?s a dblp:Publication ;
     dblp:yearOfPublication ?year ;
     ?p ?o .
  FILTER(?year <= "1970"^^<http://www.w3.org/2001/XMLSchema#gYear>)
}

2026-09-28 20:57:50.685 - INFO: Requested media types of the result are: "text/turtle"
2026-09-28 20:57:50.686 - INFO: Query planning done in 1 ms
2026-09-28 20:57:50.705 - INFO: Result has unknown size (not computed yet)
2026-09-28 20:57:51.311 - INFO: Done processing query and sending result, total time was 626 ms
2026-09-28 20:57:51.330 - INFO: 
2026-09-28 20:57:51.330 - INFO: Request received via GET, no content type specified
2026-09-28 20:57:51.330 - INFO: Processing command "clear-cache": clear the cache (unpinned elements only)
2026-09-28 20:57:51.348 - INFO: 
2026-09-28 20:57:51.348 - INFO: Request received via POST, content type "application/x-www-form-urlencoded"
2026-09-28 20:57:51.348 - INFO: Processing the following SPARQL query:
# Tier H — size-sweep
# Goal: isolate export cost from query-planning cost. Raise the year bound
# across runs, for example 1970, 1990, 2010, and 2023.
PREFIX dblp: <https://dblp.org/rdf/schema#>

CONSTRUCT { ?s ?p ?o }
WHERE {
  ?s a dblp:Publication ;
     dblp:yearOfPublication ?year ;
     ?p ?o .
  FILTER(?year <= "1970"^^<http://www.w3.org/2001/XMLSchema#gYear>)
}

2026-09-28 20:57:51.348 - INFO: Requested media types of the result are: "text/turtle"
2026-09-28 20:57:51.349 - INFO: Query planning done in 1 ms
2026-09-28 20:57:51.368 - INFO: Result has unknown size (not computed yet)
2026-09-28 20:57:52.037 - INFO: Done processing query and sending result, total time was 689 ms
2026-09-28 20:57:52.056 - INFO: 
2026-09-28 20:57:52.056 - INFO: Request received via GET, no content type specified
2026-09-28 20:57:52.056 - INFO: Processing command "clear-cache": clear the cache (unpinned elements only)
2026-09-28 20:57:52.082 - INFO: 
2026-09-28 20:57:52.082 - INFO: Request received via POST, content type "application/x-www-form-urlencoded"
2026-09-28 20:57:52.082 - INFO: Processing the following SPARQL query:
# Tier H — size-sweep
# Goal: isolate export cost from query-planning cost. Raise the year bound
# across runs, for example 1970, 1990, 2010, and 2023.
PREFIX dblp: <https://dblp.org/rdf/schema#>

CONSTRUCT { ?s ?p ?o }
WHERE {
  ?s a dblp:Publication ;
     dblp:yearOfPublication ?year ;
     ?p ?o .
  FILTER(?year <= "1970"^^<http://www.w3.org/2001/XMLSchema#gYear>)
}

2026-09-28 20:57:52.082 - INFO: Requested media types of the result are: "text/turtle"
2026-09-28 20:57:52.083 - INFO: Query planning done in 1 ms
2026-09-28 20:57:52.101 - INFO: Result has unknown size (not computed yet)
2026-09-28 20:57:52.738 - INFO: Done processing query and sending result, total time was 655 ms
2026-09-28 20:58:46.225 - INFO: 
2026-09-28 20:58:46.225 - INFO: Request received via GET, no content type specified
2026-09-28 20:58:46.225 - INFO: Processing command "clear-cache": clear the cache (unpinned elements only)
2026-09-28 20:58:46.243 - INFO: 
2026-09-28 20:58:46.243 - INFO: Request received via POST, content type "application/x-www-form-urlencoded"
2026-09-28 20:58:46.244 - INFO: Processing the following SPARQL query:
# Tier H — size-sweep
# Goal: isolate export cost from query-planning cost. Raise the year bound
# across runs, for example 1970, 1990, 2010, and 2023.
PREFIX dblp: <https://dblp.org/rdf/schema#>

CONSTRUCT { ?s ?p ?o }
WHERE {
  ?s a dblp:Publication ;
     dblp:yearOfPublication ?year ;
     ?p ?o .
  FILTER(?year <= "1970"^^<http://www.w3.org/2001/XMLSchema#gYear>)
}

2026-09-28 20:58:46.244 - INFO: Requested media types of the result are: "text/turtle"
2026-09-28 20:58:46.245 - INFO: Query planning done in 1 ms
2026-09-28 20:58:46.264 - INFO: Result has unknown size (not computed yet)
2026-09-28 20:58:46.940 - INFO: Done processing query and sending result, total time was 697 ms
2026-09-28 20:58:46.959 - INFO: 
2026-09-28 20:58:46.959 - INFO: Request received via GET, no content type specified
2026-09-28 20:58:46.959 - INFO: Processing command "clear-cache": clear the cache (unpinned elements only)
2026-09-28 20:58:46.977 - INFO: 
2026-09-28 20:58:46.977 - INFO: Request received via POST, content type "application/x-www-form-urlencoded"
2026-09-28 20:58:46.977 - INFO: Processing the following SPARQL query:
# Tier H — size-sweep
# Goal: isolate export cost from query-planning cost. Raise the year bound
# across runs, for example 1970, 1990, 2010, and 2023.
PREFIX dblp: <https://dblp.org/rdf/schema#>

CONSTRUCT { ?s ?p ?o }
WHERE {
  ?s a dblp:Publication ;
     dblp:yearOfPublication ?year ;
     ?p ?o .
  FILTER(?year <= "1970"^^<http://www.w3.org/2001/XMLSchema#gYear>)
}

2026-09-28 20:58:46.977 - INFO: Requested media types of the result are: "text/turtle"
2026-09-28 20:58:46.979 - INFO: Query planning done in 1 ms
2026-09-28 20:58:46.997 - INFO: Result has unknown size (not computed yet)
2026-09-28 20:58:47.606 - INFO: Done processing query and sending result, total time was 629 ms
2026-09-28 20:58:47.626 - INFO: 
2026-09-28 20:58:47.626 - INFO: Request received via GET, no content type specified
2026-09-28 20:58:47.626 - INFO: Processing command "clear-cache": clear the cache (unpinned elements only)
2026-09-28 20:58:47.644 - INFO: 
2026-09-28 20:58:47.644 - INFO: Request received via POST, content type "application/x-www-form-urlencoded"
2026-09-28 20:58:47.644 - INFO: Processing the following SPARQL query:
# Tier H — size-sweep
# Goal: isolate export cost from query-planning cost. Raise the year bound
# across runs, for example 1970, 1990, 2010, and 2023.
PREFIX dblp: <https://dblp.org/rdf/schema#>

CONSTRUCT { ?s ?p ?o }
WHERE {
  ?s a dblp:Publication ;
     dblp:yearOfPublication ?year ;
     ?p ?o .
  FILTER(?year <= "1970"^^<http://www.w3.org/2001/XMLSchema#gYear>)
}

2026-09-28 20:58:47.644 - INFO: Requested media types of the result are: "text/turtle"
2026-09-28 20:58:47.645 - INFO: Query planning done in 1 ms
2026-09-28 20:58:47.663 - INFO: Result has unknown size (not computed yet)
2026-09-28 20:58:48.272 - INFO: Done processing query and sending result, total time was 628 ms
2026-09-28 20:58:48.291 - INFO: 
2026-09-28 20:58:48.291 - INFO: Request received via GET, no content type specified
2026-09-28 20:58:48.291 - INFO: Processing command "clear-cache": clear the cache (unpinned elements only)
2026-09-28 20:58:48.309 - INFO: 
2026-09-28 20:58:48.309 - INFO: Request received via POST, content type "application/x-www-form-urlencoded"
2026-09-28 20:58:48.309 - INFO: Processing the following SPARQL query:
# Tier H — size-sweep
# Goal: isolate export cost from query-planning cost. Raise the year bound
# across runs, for example 1970, 1990, 2010, and 2023.
PREFIX dblp: <https://dblp.org/rdf/schema#>

CONSTRUCT { ?s ?p ?o }
WHERE {
  ?s a dblp:Publication ;
     dblp:yearOfPublication ?year ;
     ?p ?o .
  FILTER(?year <= "1970"^^<http://www.w3.org/2001/XMLSchema#gYear>)
}

2026-09-28 20:58:48.309 - INFO: Requested media types of the result are: "text/turtle"
2026-09-28 20:58:48.310 - INFO: Query planning done in 1 ms
2026-09-28 20:58:48.333 - INFO: Result has unknown size (not computed yet)
2026-09-28 20:58:48.942 - INFO: Done processing query and sending result, total time was 632 ms
2026-09-28 20:58:48.961 - INFO: 
2026-09-28 20:58:48.961 - INFO: Request received via GET, no content type specified
2026-09-28 20:58:48.961 - INFO: Processing command "clear-cache": clear the cache (unpinned elements only)
2026-09-28 20:58:48.978 - INFO: 
2026-09-28 20:58:48.978 - INFO: Request received via POST, content type "application/x-www-form-urlencoded"
2026-09-28 20:58:48.979 - INFO: Processing the following SPARQL query:
# Tier H — size-sweep
# Goal: isolate export cost from query-planning cost. Raise the year bound
# across runs, for example 1970, 1990, 2010, and 2023.
PREFIX dblp: <https://dblp.org/rdf/schema#>

CONSTRUCT { ?s ?p ?o }
WHERE {
  ?s a dblp:Publication ;
     dblp:yearOfPublication ?year ;
     ?p ?o .
  FILTER(?year <= "1970"^^<http://www.w3.org/2001/XMLSchema#gYear>)
}

2026-09-28 20:58:48.979 - INFO: Requested media types of the result are: "text/turtle"
2026-09-28 20:58:48.980 - INFO: Query planning done in 1 ms
2026-09-28 20:58:48.999 - INFO: Result has unknown size (not computed yet)
2026-09-28 20:58:49.608 - INFO: Done processing query and sending result, total time was 629 ms
2026-09-28 20:58:49.627 - INFO: 
2026-09-28 20:58:49.627 - INFO: Request received via GET, no content type specified
2026-09-28 20:58:49.627 - INFO: Processing command "clear-cache": clear the cache (unpinned elements only)
2026-09-28 20:58:49.645 - INFO: 
2026-09-28 20:58:49.645 - INFO: Request received via POST, content type "application/x-www-form-urlencoded"
2026-09-28 20:58:49.645 - INFO: Processing the following SPARQL query:
# Tier H — size-sweep
# Goal: isolate export cost from query-planning cost. Raise the year bound
# across runs, for example 1970, 1990, 2010, and 2023.
PREFIX dblp: <https://dblp.org/rdf/schema#>

CONSTRUCT { ?s ?p ?o }
WHERE {
  ?s a dblp:Publication ;
     dblp:yearOfPublication ?year ;
     ?p ?o .
  FILTER(?year <= "1970"^^<http://www.w3.org/2001/XMLSchema#gYear>)
}

2026-09-28 20:58:49.645 - INFO: Requested media types of the result are: "text/turtle"
2026-09-28 20:58:49.646 - INFO: Query planning done in 1 ms
2026-09-28 20:58:49.665 - INFO: Result has unknown size (not computed yet)
2026-09-28 20:58:50.276 - INFO: Done processing query and sending result, total time was 630 ms
2026-09-28 20:58:50.295 - INFO: 
2026-09-28 20:58:50.295 - INFO: Request received via GET, no content type specified
2026-09-28 20:58:50.295 - INFO: Processing command "clear-cache": clear the cache (unpinned elements only)
2026-09-28 20:58:50.313 - INFO: 
2026-09-28 20:58:50.313 - INFO: Request received via POST, content type "application/x-www-form-urlencoded"
2026-09-28 20:58:50.313 - INFO: Processing the following SPARQL query:
# Tier H — size-sweep
# Goal: isolate export cost from query-planning cost. Raise the year bound
# across runs, for example 1970, 1990, 2010, and 2023.
PREFIX dblp: <https://dblp.org/rdf/schema#>

CONSTRUCT { ?s ?p ?o }
WHERE {
  ?s a dblp:Publication ;
     dblp:yearOfPublication ?year ;
     ?p ?o .
  FILTER(?year <= "1970"^^<http://www.w3.org/2001/XMLSchema#gYear>)
}

2026-09-28 20:58:50.313 - INFO: Requested media types of the result are: "text/turtle"
2026-09-28 20:58:50.314 - INFO: Query planning done in 1 ms
2026-09-28 20:58:50.333 - INFO: Result has unknown size (not computed yet)
2026-09-28 20:58:50.942 - INFO: Done processing query and sending result, total time was 629 ms
2026-09-28 20:58:50.961 - INFO: 
2026-09-28 20:58:50.961 - INFO: Request received via GET, no content type specified
2026-09-28 20:58:50.961 - INFO: Processing command "clear-cache": clear the cache (unpinned elements only)
2026-09-28 20:58:50.979 - INFO: 
2026-09-28 20:58:50.979 - INFO: Request received via POST, content type "application/x-www-form-urlencoded"
2026-09-28 20:58:50.979 - INFO: Processing the following SPARQL query:
# Tier H — size-sweep
# Goal: isolate export cost from query-planning cost. Raise the year bound
# across runs, for example 1970, 1990, 2010, and 2023.
PREFIX dblp: <https://dblp.org/rdf/schema#>

CONSTRUCT { ?s ?p ?o }
WHERE {
  ?s a dblp:Publication ;
     dblp:yearOfPublication ?year ;
     ?p ?o .
  FILTER(?year <= "1970"^^<http://www.w3.org/2001/XMLSchema#gYear>)
}

2026-09-28 20:58:50.979 - INFO: Requested media types of the result are: "text/turtle"
2026-09-28 20:58:50.980 - INFO: Query planning done in 1 ms
2026-09-28 20:58:50.998 - INFO: Result has unknown size (not computed yet)
2026-09-28 20:58:51.603 - INFO: Done processing query and sending result, total time was 624 ms
2026-09-28 20:58:51.622 - INFO: 
2026-09-28 20:58:51.622 - INFO: Request received via GET, no content type specified
2026-09-28 20:58:51.622 - INFO: Processing command "clear-cache": clear the cache (unpinned elements only)
2026-09-28 20:58:51.640 - INFO: 
2026-09-28 20:58:51.640 - INFO: Request received via POST, content type "application/x-www-form-urlencoded"
2026-09-28 20:58:51.640 - INFO: Processing the following SPARQL query:
# Tier H — size-sweep
# Goal: isolate export cost from query-planning cost. Raise the year bound
# across runs, for example 1970, 1990, 2010, and 2023.
PREFIX dblp: <https://dblp.org/rdf/schema#>

CONSTRUCT { ?s ?p ?o }
WHERE {
  ?s a dblp:Publication ;
     dblp:yearOfPublication ?year ;
     ?p ?o .
  FILTER(?year <= "1970"^^<http://www.w3.org/2001/XMLSchema#gYear>)
}

2026-09-28 20:58:51.640 - INFO: Requested media types of the result are: "text/turtle"
2026-09-28 20:58:51.641 - INFO: Query planning done in 1 ms
2026-09-28 20:58:51.664 - INFO: Result has unknown size (not computed yet)
2026-09-28 20:58:52.359 - INFO: Done processing query and sending result, total time was 719 ms
2026-09-28 20:58:52.378 - INFO: 
2026-09-28 20:58:52.378 - INFO: Request received via GET, no content type specified
2026-09-28 20:58:52.378 - INFO: Processing command "clear-cache": clear the cache (unpinned elements only)
2026-09-28 20:58:52.396 - INFO: 
2026-09-28 20:58:52.396 - INFO: Request received via POST, content type "application/x-www-form-urlencoded"
2026-09-28 20:58:52.396 - INFO: Processing the following SPARQL query:
# Tier H — size-sweep
# Goal: isolate export cost from query-planning cost. Raise the year bound
# across runs, for example 1970, 1990, 2010, and 2023.
PREFIX dblp: <https://dblp.org/rdf/schema#>

CONSTRUCT { ?s ?p ?o }
WHERE {
  ?s a dblp:Publication ;
     dblp:yearOfPublication ?year ;
     ?p ?o .
  FILTER(?year <= "1970"^^<http://www.w3.org/2001/XMLSchema#gYear>)
}

2026-09-28 20:58:52.396 - INFO: Requested media types of the result are: "text/turtle"
2026-09-28 20:58:52.397 - INFO: Query planning done in 1 ms
2026-09-28 20:58:52.420 - INFO: Result has unknown size (not computed yet)
2026-09-28 20:58:53.053 - INFO: Done processing query and sending result, total time was 656 ms
2026-09-28 20:58:53.072 - INFO: 
2026-09-28 20:58:53.072 - INFO: Request received via GET, no content type specified
2026-09-28 20:58:53.072 - INFO: Processing command "clear-cache": clear the cache (unpinned elements only)
2026-09-28 20:58:53.089 - INFO: 
2026-09-28 20:58:53.089 - INFO: Request received via POST, content type "application/x-www-form-urlencoded"
2026-09-28 20:58:53.090 - INFO: Processing the following SPARQL query:
# Tier H — size-sweep
# Goal: isolate export cost from query-planning cost. Raise the year bound
# across runs, for example 1970, 1990, 2010, and 2023.
PREFIX dblp: <https://dblp.org/rdf/schema#>

CONSTRUCT { ?s ?p ?o }
WHERE {
  ?s a dblp:Publication ;
     dblp:yearOfPublication ?year ;
     ?p ?o .
  FILTER(?year <= "1970"^^<http://www.w3.org/2001/XMLSchema#gYear>)
}

2026-09-28 20:58:53.090 - INFO: Requested media types of the result are: "text/turtle"
2026-09-28 20:58:53.091 - INFO: Query planning done in 1 ms
2026-09-28 20:58:53.114 - INFO: Result has unknown size (not computed yet)
2026-09-28 20:58:53.735 - INFO: Done processing query and sending result, total time was 645 ms
2026-09-28 20:58:53.754 - INFO: 
2026-09-28 20:58:53.754 - INFO: Request received via GET, no content type specified
2026-09-28 20:58:53.754 - INFO: Processing command "clear-cache": clear the cache (unpinned elements only)
2026-09-28 20:58:53.772 - INFO: 
2026-09-28 20:58:53.772 - INFO: Request received via POST, content type "application/x-www-form-urlencoded"
2026-09-28 20:58:53.772 - INFO: Processing the following SPARQL query:
# Tier H — size-sweep
# Goal: isolate export cost from query-planning cost. Raise the year bound
# across runs, for example 1970, 1990, 2010, and 2023.
PREFIX dblp: <https://dblp.org/rdf/schema#>

CONSTRUCT { ?s ?p ?o }
WHERE {
  ?s a dblp:Publication ;
     dblp:yearOfPublication ?year ;
     ?p ?o .
  FILTER(?year <= "1970"^^<http://www.w3.org/2001/XMLSchema#gYear>)
}

2026-09-28 20:58:53.772 - INFO: Requested media types of the result are: "text/turtle"
2026-09-28 20:58:53.773 - INFO: Query planning done in 1 ms
2026-09-28 20:58:53.796 - INFO: Result has unknown size (not computed yet)
2026-09-28 20:58:54.490 - INFO: Done processing query and sending result, total time was 718 ms
2026-09-28 20:58:54.509 - INFO: 
2026-09-28 20:58:54.509 - INFO: Request received via GET, no content type specified
2026-09-28 20:58:54.509 - INFO: Processing command "clear-cache": clear the cache (unpinned elements only)
2026-09-28 20:58:54.534 - INFO: 
2026-09-28 20:58:54.534 - INFO: Request received via POST, content type "application/x-www-form-urlencoded"
2026-09-28 20:58:54.535 - INFO: Processing the following SPARQL query:
# Tier H — size-sweep
# Goal: isolate export cost from query-planning cost. Raise the year bound
# across runs, for example 1970, 1990, 2010, and 2023.
PREFIX dblp: <https://dblp.org/rdf/schema#>

CONSTRUCT { ?s ?p ?o }
WHERE {
  ?s a dblp:Publication ;
     dblp:yearOfPublication ?year ;
     ?p ?o .
  FILTER(?year <= "1970"^^<http://www.w3.org/2001/XMLSchema#gYear>)
}

2026-09-28 20:58:54.535 - INFO: Requested media types of the result are: "text/turtle"
2026-09-28 20:58:54.536 - INFO: Query planning done in 1 ms
2026-09-28 20:58:54.560 - INFO: Result has unknown size (not computed yet)
2026-09-28 20:58:55.257 - INFO: Done processing query and sending result, total time was 722 ms
2026-09-28 20:59:13.368 - INFO: 
2026-09-28 20:59:13.368 - INFO: Request received via GET, no content type specified
2026-09-28 20:59:13.368 - INFO: Processing command "clear-cache": clear the cache (unpinned elements only)
2026-09-28 20:59:13.386 - INFO: 
2026-09-28 20:59:13.386 - INFO: Request received via POST, content type "application/x-www-form-urlencoded"
2026-09-28 20:59:13.386 - INFO: Processing the following SPARQL query:
# Tier H — size-sweep
# Goal: isolate export cost from query-planning cost. Raise the year bound
# across runs, for example 1970, 1990, 2010, and 2023.
PREFIX dblp: <https://dblp.org/rdf/schema#>

CONSTRUCT { ?s ?p ?o }
WHERE {
  ?s a dblp:Publication ;
     dblp:yearOfPublication ?year ;
     ?p ?o .
  FILTER(?year <= "1970"^^<http://www.w3.org/2001/XMLSchema#gYear>)
}

2026-09-28 20:59:13.386 - INFO: Requested media types of the result are: "text/turtle"
2026-09-28 20:59:13.387 - INFO: Query planning done in 1 ms
2026-09-28 20:59:13.409 - INFO: Result has unknown size (not computed yet)
2026-09-28 20:59:14.106 - INFO: Done processing query and sending result, total time was 720 ms
2026-09-28 20:59:14.125 - INFO: 
2026-09-28 20:59:14.125 - INFO: Request received via GET, no content type specified
2026-09-28 20:59:14.125 - INFO: Processing command "clear-cache": clear the cache (unpinned elements only)
2026-09-28 20:59:14.143 - INFO: 
2026-09-28 20:59:14.143 - INFO: Request received via POST, content type "application/x-www-form-urlencoded"
2026-09-28 20:59:14.143 - INFO: Processing the following SPARQL query:
# Tier H — size-sweep
# Goal: isolate export cost from query-planning cost. Raise the year bound
# across runs, for example 1970, 1990, 2010, and 2023.
PREFIX dblp: <https://dblp.org/rdf/schema#>

CONSTRUCT { ?s ?p ?o }
WHERE {
  ?s a dblp:Publication ;
     dblp:yearOfPublication ?year ;
     ?p ?o .
  FILTER(?year <= "1970"^^<http://www.w3.org/2001/XMLSchema#gYear>)
}

2026-09-28 20:59:14.143 - INFO: Requested media types of the result are: "text/turtle"
2026-09-28 20:59:14.144 - INFO: Query planning done in 1 ms
2026-09-28 20:59:14.168 - INFO: Result has unknown size (not computed yet)
2026-09-28 20:59:14.856 - INFO: Done processing query and sending result, total time was 713 ms
2026-09-28 20:59:14.875 - INFO: 
2026-09-28 20:59:14.875 - INFO: Request received via GET, no content type specified
2026-09-28 20:59:14.875 - INFO: Processing command "clear-cache": clear the cache (unpinned elements only)
2026-09-28 20:59:14.893 - INFO: 
2026-09-28 20:59:14.893 - INFO: Request received via POST, content type "application/x-www-form-urlencoded"
2026-09-28 20:59:14.893 - INFO: Processing the following SPARQL query:
# Tier H — size-sweep
# Goal: isolate export cost from query-planning cost. Raise the year bound
# across runs, for example 1970, 1990, 2010, and 2023.
PREFIX dblp: <https://dblp.org/rdf/schema#>

CONSTRUCT { ?s ?p ?o }
WHERE {
  ?s a dblp:Publication ;
     dblp:yearOfPublication ?year ;
     ?p ?o .
  FILTER(?year <= "1970"^^<http://www.w3.org/2001/XMLSchema#gYear>)
}

2026-09-28 20:59:14.893 - INFO: Requested media types of the result are: "text/turtle"
2026-09-28 20:59:14.894 - INFO: Query planning done in 1 ms
2026-09-28 20:59:14.918 - INFO: Result has unknown size (not computed yet)
2026-09-28 20:59:15.599 - INFO: Done processing query and sending result, total time was 705 ms
2026-09-28 20:59:15.617 - INFO: 
2026-09-28 20:59:15.617 - INFO: Request received via GET, no content type specified
2026-09-28 20:59:15.617 - INFO: Processing command "clear-cache": clear the cache (unpinned elements only)
2026-09-28 20:59:15.635 - INFO: 
2026-09-28 20:59:15.635 - INFO: Request received via POST, content type "application/x-www-form-urlencoded"
2026-09-28 20:59:15.636 - INFO: Processing the following SPARQL query:
# Tier H — size-sweep
# Goal: isolate export cost from query-planning cost. Raise the year bound
# across runs, for example 1970, 1990, 2010, and 2023.
PREFIX dblp: <https://dblp.org/rdf/schema#>

CONSTRUCT { ?s ?p ?o }
WHERE {
  ?s a dblp:Publication ;
     dblp:yearOfPublication ?year ;
     ?p ?o .
  FILTER(?year <= "1970"^^<http://www.w3.org/2001/XMLSchema#gYear>)
}

2026-09-28 20:59:15.636 - INFO: Requested media types of the result are: "text/turtle"
2026-09-28 20:59:15.637 - INFO: Query planning done in 1 ms
2026-09-28 20:59:15.656 - INFO: Result has unknown size (not computed yet)
2026-09-28 20:59:16.265 - INFO: Done processing query and sending result, total time was 629 ms
2026-09-28 20:59:16.284 - INFO: 
2026-09-28 20:59:16.284 - INFO: Request received via GET, no content type specified
2026-09-28 20:59:16.284 - INFO: Processing command "clear-cache": clear the cache (unpinned elements only)
2026-09-28 20:59:16.302 - INFO: 
2026-09-28 20:59:16.302 - INFO: Request received via POST, content type "application/x-www-form-urlencoded"
2026-09-28 20:59:16.302 - INFO: Processing the following SPARQL query:
# Tier H — size-sweep
# Goal: isolate export cost from query-planning cost. Raise the year bound
# across runs, for example 1970, 1990, 2010, and 2023.
PREFIX dblp: <https://dblp.org/rdf/schema#>

CONSTRUCT { ?s ?p ?o }
WHERE {
  ?s a dblp:Publication ;
     dblp:yearOfPublication ?year ;
     ?p ?o .
  FILTER(?year <= "1970"^^<http://www.w3.org/2001/XMLSchema#gYear>)
}

2026-09-28 20:59:16.302 - INFO: Requested media types of the result are: "text/turtle"
2026-09-28 20:59:16.303 - INFO: Query planning done in 1 ms
2026-09-28 20:59:16.321 - INFO: Result has unknown size (not computed yet)
2026-09-28 20:59:16.940 - INFO: Done processing query and sending result, total time was 637 ms
2026-09-28 20:59:16.959 - INFO: 
2026-09-28 20:59:16.959 - INFO: Request received via GET, no content type specified
2026-09-28 20:59:16.959 - INFO: Processing command "clear-cache": clear the cache (unpinned elements only)
2026-09-28 20:59:16.977 - INFO: 
2026-09-28 20:59:16.977 - INFO: Request received via POST, content type "application/x-www-form-urlencoded"
2026-09-28 20:59:16.977 - INFO: Processing the following SPARQL query:
# Tier H — size-sweep
# Goal: isolate export cost from query-planning cost. Raise the year bound
# across runs, for example 1970, 1990, 2010, and 2023.
PREFIX dblp: <https://dblp.org/rdf/schema#>

CONSTRUCT { ?s ?p ?o }
WHERE {
  ?s a dblp:Publication ;
     dblp:yearOfPublication ?year ;
     ?p ?o .
  FILTER(?year <= "1970"^^<http://www.w3.org/2001/XMLSchema#gYear>)
}

2026-09-28 20:59:16.977 - INFO: Requested media types of the result are: "text/turtle"
2026-09-28 20:59:16.978 - INFO: Query planning done in 1 ms
2026-09-28 20:59:16.996 - INFO: Result has unknown size (not computed yet)
2026-09-28 20:59:17.608 - INFO: Done processing query and sending result, total time was 631 ms
2026-09-28 20:59:17.627 - INFO: 
2026-09-28 20:59:17.627 - INFO: Request received via GET, no content type specified
2026-09-28 20:59:17.627 - INFO: Processing command "clear-cache": clear the cache (unpinned elements only)
2026-09-28 20:59:17.645 - INFO: 
2026-09-28 20:59:17.645 - INFO: Request received via POST, content type "application/x-www-form-urlencoded"
2026-09-28 20:59:17.646 - INFO: Processing the following SPARQL query:
# Tier H — size-sweep
# Goal: isolate export cost from query-planning cost. Raise the year bound
# across runs, for example 1970, 1990, 2010, and 2023.
PREFIX dblp: <https://dblp.org/rdf/schema#>

CONSTRUCT { ?s ?p ?o }
WHERE {
  ?s a dblp:Publication ;
     dblp:yearOfPublication ?year ;
     ?p ?o .
  FILTER(?year <= "1970"^^<http://www.w3.org/2001/XMLSchema#gYear>)
}

2026-09-28 20:59:17.646 - INFO: Requested media types of the result are: "text/turtle"
2026-09-28 20:59:17.647 - INFO: Query planning done in 1 ms
2026-09-28 20:59:17.665 - INFO: Result has unknown size (not computed yet)
2026-09-28 20:59:18.278 - INFO: Done processing query and sending result, total time was 632 ms
2026-09-28 20:59:18.296 - INFO: 
2026-09-28 20:59:18.296 - INFO: Request received via GET, no content type specified
2026-09-28 20:59:18.296 - INFO: Processing command "clear-cache": clear the cache (unpinned elements only)
2026-09-28 20:59:18.314 - INFO: 
2026-09-28 20:59:18.314 - INFO: Request received via POST, content type "application/x-www-form-urlencoded"
2026-09-28 20:59:18.315 - INFO: Processing the following SPARQL query:
# Tier H — size-sweep
# Goal: isolate export cost from query-planning cost. Raise the year bound
# across runs, for example 1970, 1990, 2010, and 2023.
PREFIX dblp: <https://dblp.org/rdf/schema#>

CONSTRUCT { ?s ?p ?o }
WHERE {
  ?s a dblp:Publication ;
     dblp:yearOfPublication ?year ;
     ?p ?o .
  FILTER(?year <= "1970"^^<http://www.w3.org/2001/XMLSchema#gYear>)
}

2026-09-28 20:59:18.315 - INFO: Requested media types of the result are: "text/turtle"
2026-09-28 20:59:18.316 - INFO: Query planning done in 1 ms
2026-09-28 20:59:18.334 - INFO: Result has unknown size (not computed yet)
2026-09-28 20:59:18.944 - INFO: Done processing query and sending result, total time was 630 ms
2026-09-28 20:59:18.963 - INFO: 
2026-09-28 20:59:18.963 - INFO: Request received via GET, no content type specified
2026-09-28 20:59:18.963 - INFO: Processing command "clear-cache": clear the cache (unpinned elements only)
2026-09-28 20:59:18.981 - INFO: 
2026-09-28 20:59:18.981 - INFO: Request received via POST, content type "application/x-www-form-urlencoded"
2026-09-28 20:59:18.982 - INFO: Processing the following SPARQL query:
# Tier H — size-sweep
# Goal: isolate export cost from query-planning cost. Raise the year bound
# across runs, for example 1970, 1990, 2010, and 2023.
PREFIX dblp: <https://dblp.org/rdf/schema#>

CONSTRUCT { ?s ?p ?o }
WHERE {
  ?s a dblp:Publication ;
     dblp:yearOfPublication ?year ;
     ?p ?o .
  FILTER(?year <= "1970"^^<http://www.w3.org/2001/XMLSchema#gYear>)
}

2026-09-28 20:59:18.982 - INFO: Requested media types of the result are: "text/turtle"
2026-09-28 20:59:18.983 - INFO: Query planning done in 1 ms
2026-09-28 20:59:19.002 - INFO: Result has unknown size (not computed yet)
2026-09-28 20:59:19.610 - INFO: Done processing query and sending result, total time was 629 ms
2026-09-28 20:59:19.629 - INFO: 
2026-09-28 20:59:19.629 - INFO: Request received via GET, no content type specified
2026-09-28 20:59:19.629 - INFO: Processing command "clear-cache": clear the cache (unpinned elements only)
2026-09-28 20:59:19.647 - INFO: 
2026-09-28 20:59:19.647 - INFO: Request received via POST, content type "application/x-www-form-urlencoded"
2026-09-28 20:59:19.648 - INFO: Processing the following SPARQL query:
# Tier H — size-sweep
# Goal: isolate export cost from query-planning cost. Raise the year bound
# across runs, for example 1970, 1990, 2010, and 2023.
PREFIX dblp: <https://dblp.org/rdf/schema#>

CONSTRUCT { ?s ?p ?o }
WHERE {
  ?s a dblp:Publication ;
     dblp:yearOfPublication ?year ;
     ?p ?o .
  FILTER(?year <= "1970"^^<http://www.w3.org/2001/XMLSchema#gYear>)
}

2026-09-28 20:59:19.648 - INFO: Requested media types of the result are: "text/turtle"
2026-09-28 20:59:19.649 - INFO: Query planning done in 1 ms
2026-09-28 20:59:19.670 - INFO: Result has unknown size (not computed yet)
2026-09-28 20:59:20.279 - INFO: Done processing query and sending result, total time was 631 ms
2026-09-28 20:59:20.297 - INFO: 
2026-09-28 20:59:20.298 - INFO: Request received via GET, no content type specified
2026-09-28 20:59:20.298 - INFO: Processing command "clear-cache": clear the cache (unpinned elements only)
2026-09-28 20:59:20.315 - INFO: 
2026-09-28 20:59:20.316 - INFO: Request received via POST, content type "application/x-www-form-urlencoded"
2026-09-28 20:59:20.316 - INFO: Processing the following SPARQL query:
# Tier H — size-sweep
# Goal: isolate export cost from query-planning cost. Raise the year bound
# across runs, for example 1970, 1990, 2010, and 2023.
PREFIX dblp: <https://dblp.org/rdf/schema#>

CONSTRUCT { ?s ?p ?o }
WHERE {
  ?s a dblp:Publication ;
     dblp:yearOfPublication ?year ;
     ?p ?o .
  FILTER(?year <= "1970"^^<http://www.w3.org/2001/XMLSchema#gYear>)
}

2026-09-28 20:59:20.316 - INFO: Requested media types of the result are: "text/turtle"
2026-09-28 20:59:20.317 - INFO: Query planning done in 1 ms
2026-09-28 20:59:20.336 - INFO: Result has unknown size (not computed yet)
2026-09-28 20:59:21.001 - INFO: Done processing query and sending result, total time was 685 ms
2026-09-28 20:59:21.021 - INFO: 
2026-09-28 20:59:21.021 - INFO: Request received via GET, no content type specified
2026-09-28 20:59:21.021 - INFO: Processing command "clear-cache": clear the cache (unpinned elements only)
2026-09-28 20:59:21.039 - INFO: 
2026-09-28 20:59:21.039 - INFO: Request received via POST, content type "application/x-www-form-urlencoded"
2026-09-28 20:59:21.040 - INFO: Processing the following SPARQL query:
# Tier H — size-sweep
# Goal: isolate export cost from query-planning cost. Raise the year bound
# across runs, for example 1970, 1990, 2010, and 2023.
PREFIX dblp: <https://dblp.org/rdf/schema#>

CONSTRUCT { ?s ?p ?o }
WHERE {
  ?s a dblp:Publication ;
     dblp:yearOfPublication ?year ;
     ?p ?o .
  FILTER(?year <= "1970"^^<http://www.w3.org/2001/XMLSchema#gYear>)
}

2026-09-28 20:59:21.040 - INFO: Requested media types of the result are: "text/turtle"
2026-09-28 20:59:21.041 - INFO: Query planning done in 1 ms
2026-09-28 20:59:21.063 - INFO: Result has unknown size (not computed yet)
2026-09-28 20:59:21.701 - INFO: Done processing query and sending result, total time was 661 ms
2026-09-28 20:59:21.720 - INFO: 
2026-09-28 20:59:21.720 - INFO: Request received via GET, no content type specified
2026-09-28 20:59:21.720 - INFO: Processing command "clear-cache": clear the cache (unpinned elements only)
2026-09-28 20:59:21.746 - INFO: 
2026-09-28 20:59:21.746 - INFO: Request received via POST, content type "application/x-www-form-urlencoded"
2026-09-28 20:59:21.747 - INFO: Processing the following SPARQL query:
# Tier H — size-sweep
# Goal: isolate export cost from query-planning cost. Raise the year bound
# across runs, for example 1970, 1990, 2010, and 2023.
PREFIX dblp: <https://dblp.org/rdf/schema#>

CONSTRUCT { ?s ?p ?o }
WHERE {
  ?s a dblp:Publication ;
     dblp:yearOfPublication ?year ;
     ?p ?o .
  FILTER(?year <= "1970"^^<http://www.w3.org/2001/XMLSchema#gYear>)
}

2026-09-28 20:59:21.747 - INFO: Requested media types of the result are: "text/turtle"
2026-09-28 20:59:21.748 - INFO: Query planning done in 1 ms
2026-09-28 20:59:21.767 - INFO: Result has unknown size (not computed yet)
2026-09-28 20:59:22.428 - INFO: Done processing query and sending result, total time was 681 ms
2026-09-28 21:00:16.085 - INFO: 
2026-09-28 21:00:16.085 - INFO: Request received via GET, no content type specified
2026-09-28 21:00:16.085 - INFO: Processing command "clear-cache": clear the cache (unpinned elements only)
2026-09-28 21:00:16.103 - INFO: 
2026-09-28 21:00:16.103 - INFO: Request received via POST, content type "application/x-www-form-urlencoded"
2026-09-28 21:00:16.103 - INFO: Processing the following SPARQL query:
# Tier H — size-sweep
# Goal: isolate export cost from query-planning cost. Raise the year bound
# across runs, for example 1970, 1990, 2010, and 2023.
PREFIX dblp: <https://dblp.org/rdf/schema#>

CONSTRUCT { ?s ?p ?o }
WHERE {
  ?s a dblp:Publication ;
     dblp:yearOfPublication ?year ;
     ?p ?o .
  FILTER(?year <= "1970"^^<http://www.w3.org/2001/XMLSchema#gYear>)
}

2026-09-28 21:00:16.103 - INFO: Requested media types of the result are: "text/turtle"
2026-09-28 21:00:16.105 - INFO: Query planning done in 1 ms
2026-09-28 21:00:16.123 - INFO: Result has unknown size (not computed yet)
2026-09-28 21:00:16.741 - INFO: Done processing query and sending result, total time was 637 ms
2026-09-28 21:00:16.760 - INFO: 
2026-09-28 21:00:16.760 - INFO: Request received via GET, no content type specified
2026-09-28 21:00:16.760 - INFO: Processing command "clear-cache": clear the cache (unpinned elements only)
2026-09-28 21:00:16.778 - INFO: 
2026-09-28 21:00:16.778 - INFO: Request received via POST, content type "application/x-www-form-urlencoded"
2026-09-28 21:00:16.778 - INFO: Processing the following SPARQL query:
# Tier H — size-sweep
# Goal: isolate export cost from query-planning cost. Raise the year bound
# across runs, for example 1970, 1990, 2010, and 2023.
PREFIX dblp: <https://dblp.org/rdf/schema#>

CONSTRUCT { ?s ?p ?o }
WHERE {
  ?s a dblp:Publication ;
     dblp:yearOfPublication ?year ;
     ?p ?o .
  FILTER(?year <= "1970"^^<http://www.w3.org/2001/XMLSchema#gYear>)
}

2026-09-28 21:00:16.778 - INFO: Requested media types of the result are: "text/turtle"
2026-09-28 21:00:16.779 - INFO: Query planning done in 1 ms
2026-09-28 21:00:16.799 - INFO: Result has unknown size (not computed yet)
2026-09-28 21:00:17.407 - INFO: Done processing query and sending result, total time was 629 ms
2026-09-28 21:00:17.426 - INFO: 
2026-09-28 21:00:17.426 - INFO: Request received via GET, no content type specified
2026-09-28 21:00:17.426 - INFO: Processing command "clear-cache": clear the cache (unpinned elements only)
2026-09-28 21:00:17.444 - INFO: 
2026-09-28 21:00:17.444 - INFO: Request received via POST, content type "application/x-www-form-urlencoded"
2026-09-28 21:00:17.444 - INFO: Processing the following SPARQL query:
# Tier H — size-sweep
# Goal: isolate export cost from query-planning cost. Raise the year bound
# across runs, for example 1970, 1990, 2010, and 2023.
PREFIX dblp: <https://dblp.org/rdf/schema#>

CONSTRUCT { ?s ?p ?o }
WHERE {
  ?s a dblp:Publication ;
     dblp:yearOfPublication ?year ;
     ?p ?o .
  FILTER(?year <= "1970"^^<http://www.w3.org/2001/XMLSchema#gYear>)
}

2026-09-28 21:00:17.444 - INFO: Requested media types of the result are: "text/turtle"
2026-09-28 21:00:17.446 - INFO: Query planning done in 1 ms
2026-09-28 21:00:17.465 - INFO: Result has unknown size (not computed yet)
2026-09-28 21:00:18.072 - INFO: Done processing query and sending result, total time was 627 ms
2026-09-28 21:00:18.091 - INFO: 
2026-09-28 21:00:18.091 - INFO: Request received via GET, no content type specified
2026-09-28 21:00:18.091 - INFO: Processing command "clear-cache": clear the cache (unpinned elements only)
2026-09-28 21:00:18.109 - INFO: 
2026-09-28 21:00:18.109 - INFO: Request received via POST, content type "application/x-www-form-urlencoded"
2026-09-28 21:00:18.109 - INFO: Processing the following SPARQL query:
# Tier H — size-sweep
# Goal: isolate export cost from query-planning cost. Raise the year bound
# across runs, for example 1970, 1990, 2010, and 2023.
PREFIX dblp: <https://dblp.org/rdf/schema#>

CONSTRUCT { ?s ?p ?o }
WHERE {
  ?s a dblp:Publication ;
     dblp:yearOfPublication ?year ;
     ?p ?o .
  FILTER(?year <= "1970"^^<http://www.w3.org/2001/XMLSchema#gYear>)
}

2026-09-28 21:00:18.109 - INFO: Requested media types of the result are: "text/turtle"
2026-09-28 21:00:18.110 - INFO: Query planning done in 1 ms
2026-09-28 21:00:18.129 - INFO: Result has unknown size (not computed yet)
2026-09-28 21:00:18.737 - INFO: Done processing query and sending result, total time was 628 ms
2026-09-28 21:00:18.756 - INFO: 
2026-09-28 21:00:18.756 - INFO: Request received via GET, no content type specified
2026-09-28 21:00:18.756 - INFO: Processing command "clear-cache": clear the cache (unpinned elements only)
2026-09-28 21:00:18.774 - INFO: 
2026-09-28 21:00:18.774 - INFO: Request received via POST, content type "application/x-www-form-urlencoded"
2026-09-28 21:00:18.774 - INFO: Processing the following SPARQL query:
# Tier H — size-sweep
# Goal: isolate export cost from query-planning cost. Raise the year bound
# across runs, for example 1970, 1990, 2010, and 2023.
PREFIX dblp: <https://dblp.org/rdf/schema#>

CONSTRUCT { ?s ?p ?o }
WHERE {
  ?s a dblp:Publication ;
     dblp:yearOfPublication ?year ;
     ?p ?o .
  FILTER(?year <= "1970"^^<http://www.w3.org/2001/XMLSchema#gYear>)
}

2026-09-28 21:00:18.774 - INFO: Requested media types of the result are: "text/turtle"
2026-09-28 21:00:18.775 - INFO: Query planning done in 1 ms
2026-09-28 21:00:18.796 - INFO: Result has unknown size (not computed yet)
2026-09-28 21:00:19.410 - INFO: Done processing query and sending result, total time was 636 ms
2026-09-28 21:00:19.429 - INFO: 
2026-09-28 21:00:19.429 - INFO: Request received via GET, no content type specified
2026-09-28 21:00:19.429 - INFO: Processing command "clear-cache": clear the cache (unpinned elements only)
2026-09-28 21:00:19.447 - INFO: 
2026-09-28 21:00:19.447 - INFO: Request received via POST, content type "application/x-www-form-urlencoded"
2026-09-28 21:00:19.447 - INFO: Processing the following SPARQL query:
# Tier H — size-sweep
# Goal: isolate export cost from query-planning cost. Raise the year bound
# across runs, for example 1970, 1990, 2010, and 2023.
PREFIX dblp: <https://dblp.org/rdf/schema#>

CONSTRUCT { ?s ?p ?o }
WHERE {
  ?s a dblp:Publication ;
     dblp:yearOfPublication ?year ;
     ?p ?o .
  FILTER(?year <= "1970"^^<http://www.w3.org/2001/XMLSchema#gYear>)
}

2026-09-28 21:00:19.447 - INFO: Requested media types of the result are: "text/turtle"
2026-09-28 21:00:19.448 - INFO: Query planning done in 1 ms
2026-09-28 21:00:19.466 - INFO: Result has unknown size (not computed yet)
2026-09-28 21:00:20.074 - INFO: Done processing query and sending result, total time was 627 ms
2026-09-28 21:00:20.094 - INFO: 
2026-09-28 21:00:20.094 - INFO: Request received via GET, no content type specified
2026-09-28 21:00:20.094 - INFO: Processing command "clear-cache": clear the cache (unpinned elements only)
2026-09-28 21:00:20.112 - INFO: 
2026-09-28 21:00:20.112 - INFO: Request received via POST, content type "application/x-www-form-urlencoded"
2026-09-28 21:00:20.112 - INFO: Processing the following SPARQL query:
# Tier H — size-sweep
# Goal: isolate export cost from query-planning cost. Raise the year bound
# across runs, for example 1970, 1990, 2010, and 2023.
PREFIX dblp: <https://dblp.org/rdf/schema#>

CONSTRUCT { ?s ?p ?o }
WHERE {
  ?s a dblp:Publication ;
     dblp:yearOfPublication ?year ;
     ?p ?o .
  FILTER(?year <= "1970"^^<http://www.w3.org/2001/XMLSchema#gYear>)
}

2026-09-28 21:00:20.112 - INFO: Requested media types of the result are: "text/turtle"
2026-09-28 21:00:20.113 - INFO: Query planning done in 1 ms
2026-09-28 21:00:20.132 - INFO: Result has unknown size (not computed yet)
2026-09-28 21:00:20.743 - INFO: Done processing query and sending result, total time was 631 ms
2026-09-28 21:00:20.762 - INFO: 
2026-09-28 21:00:20.762 - INFO: Request received via GET, no content type specified
2026-09-28 21:00:20.762 - INFO: Processing command "clear-cache": clear the cache (unpinned elements only)
2026-09-28 21:00:20.780 - INFO: 
2026-09-28 21:00:20.780 - INFO: Request received via POST, content type "application/x-www-form-urlencoded"
2026-09-28 21:00:20.781 - INFO: Processing the following SPARQL query:
# Tier H — size-sweep
# Goal: isolate export cost from query-planning cost. Raise the year bound
# across runs, for example 1970, 1990, 2010, and 2023.
PREFIX dblp: <https://dblp.org/rdf/schema#>

CONSTRUCT { ?s ?p ?o }
WHERE {
  ?s a dblp:Publication ;
     dblp:yearOfPublication ?year ;
     ?p ?o .
  FILTER(?year <= "1970"^^<http://www.w3.org/2001/XMLSchema#gYear>)
}

2026-09-28 21:00:20.781 - INFO: Requested media types of the result are: "text/turtle"
2026-09-28 21:00:20.782 - INFO: Query planning done in 1 ms
2026-09-28 21:00:20.802 - INFO: Result has unknown size (not computed yet)
2026-09-28 21:00:21.410 - INFO: Done processing query and sending result, total time was 630 ms
2026-09-28 21:00:21.429 - INFO: 
2026-09-28 21:00:21.429 - INFO: Request received via GET, no content type specified
2026-09-28 21:00:21.429 - INFO: Processing command "clear-cache": clear the cache (unpinned elements only)
2026-09-28 21:00:21.447 - INFO: 
2026-09-28 21:00:21.447 - INFO: Request received via POST, content type "application/x-www-form-urlencoded"
2026-09-28 21:00:21.448 - INFO: Processing the following SPARQL query:
# Tier H — size-sweep
# Goal: isolate export cost from query-planning cost. Raise the year bound
# across runs, for example 1970, 1990, 2010, and 2023.
PREFIX dblp: <https://dblp.org/rdf/schema#>

CONSTRUCT { ?s ?p ?o }
WHERE {
  ?s a dblp:Publication ;
     dblp:yearOfPublication ?year ;
     ?p ?o .
  FILTER(?year <= "1970"^^<http://www.w3.org/2001/XMLSchema#gYear>)
}

2026-09-28 21:00:21.448 - INFO: Requested media types of the result are: "text/turtle"
2026-09-28 21:00:21.449 - INFO: Query planning done in 1 ms
2026-09-28 21:00:21.468 - INFO: Result has unknown size (not computed yet)
2026-09-28 21:00:22.076 - INFO: Done processing query and sending result, total time was 628 ms
2026-09-28 21:00:22.095 - INFO: 
2026-09-28 21:00:22.095 - INFO: Request received via GET, no content type specified
2026-09-28 21:00:22.095 - INFO: Processing command "clear-cache": clear the cache (unpinned elements only)
2026-09-28 21:00:22.113 - INFO: 
2026-09-28 21:00:22.113 - INFO: Request received via POST, content type "application/x-www-form-urlencoded"
2026-09-28 21:00:22.113 - INFO: Processing the following SPARQL query:
# Tier H — size-sweep
# Goal: isolate export cost from query-planning cost. Raise the year bound
# across runs, for example 1970, 1990, 2010, and 2023.
PREFIX dblp: <https://dblp.org/rdf/schema#>

CONSTRUCT { ?s ?p ?o }
WHERE {
  ?s a dblp:Publication ;
     dblp:yearOfPublication ?year ;
     ?p ?o .
  FILTER(?year <= "1970"^^<http://www.w3.org/2001/XMLSchema#gYear>)
}

2026-09-28 21:00:22.113 - INFO: Requested media types of the result are: "text/turtle"
2026-09-28 21:00:22.114 - INFO: Query planning done in 1 ms
2026-09-28 21:00:22.132 - INFO: Result has unknown size (not computed yet)
2026-09-28 21:00:22.741 - INFO: Done processing query and sending result, total time was 627 ms
2026-09-28 21:00:22.760 - INFO: 
2026-09-28 21:00:22.760 - INFO: Request received via GET, no content type specified
2026-09-28 21:00:22.760 - INFO: Processing command "clear-cache": clear the cache (unpinned elements only)
2026-09-28 21:00:22.778 - INFO: 
2026-09-28 21:00:22.778 - INFO: Request received via POST, content type "application/x-www-form-urlencoded"
2026-09-28 21:00:22.778 - INFO: Processing the following SPARQL query:
# Tier H — size-sweep
# Goal: isolate export cost from query-planning cost. Raise the year bound
# across runs, for example 1970, 1990, 2010, and 2023.
PREFIX dblp: <https://dblp.org/rdf/schema#>

CONSTRUCT { ?s ?p ?o }
WHERE {
  ?s a dblp:Publication ;
     dblp:yearOfPublication ?year ;
     ?p ?o .
  FILTER(?year <= "1970"^^<http://www.w3.org/2001/XMLSchema#gYear>)
}

2026-09-28 21:00:22.778 - INFO: Requested media types of the result are: "text/turtle"
2026-09-28 21:00:22.779 - INFO: Query planning done in 1 ms
2026-09-28 21:00:22.797 - INFO: Result has unknown size (not computed yet)
2026-09-28 21:00:23.407 - INFO: Done processing query and sending result, total time was 629 ms
2026-09-28 21:00:23.426 - INFO: 
2026-09-28 21:00:23.426 - INFO: Request received via GET, no content type specified
2026-09-28 21:00:23.426 - INFO: Processing command "clear-cache": clear the cache (unpinned elements only)
2026-09-28 21:00:23.443 - INFO: 
2026-09-28 21:00:23.443 - INFO: Request received via POST, content type "application/x-www-form-urlencoded"
2026-09-28 21:00:23.444 - INFO: Processing the following SPARQL query:
# Tier H — size-sweep
# Goal: isolate export cost from query-planning cost. Raise the year bound
# across runs, for example 1970, 1990, 2010, and 2023.
PREFIX dblp: <https://dblp.org/rdf/schema#>

CONSTRUCT { ?s ?p ?o }
WHERE {
  ?s a dblp:Publication ;
     dblp:yearOfPublication ?year ;
     ?p ?o .
  FILTER(?year <= "1970"^^<http://www.w3.org/2001/XMLSchema#gYear>)
}

2026-09-28 21:00:23.444 - INFO: Requested media types of the result are: "text/turtle"
2026-09-28 21:00:23.445 - INFO: Query planning done in 1 ms
2026-09-28 21:00:23.463 - INFO: Result has unknown size (not computed yet)
2026-09-28 21:00:24.155 - INFO: Done processing query and sending result, total time was 711 ms
2026-09-28 21:00:24.174 - INFO: 
2026-09-28 21:00:24.174 - INFO: Request received via GET, no content type specified
2026-09-28 21:00:24.174 - INFO: Processing command "clear-cache": clear the cache (unpinned elements only)
2026-09-28 21:00:24.201 - INFO: 
2026-09-28 21:00:24.201 - INFO: Request received via POST, content type "application/x-www-form-urlencoded"
2026-09-28 21:00:24.201 - INFO: Processing the following SPARQL query:
# Tier H — size-sweep
# Goal: isolate export cost from query-planning cost. Raise the year bound
# across runs, for example 1970, 1990, 2010, and 2023.
PREFIX dblp: <https://dblp.org/rdf/schema#>

CONSTRUCT { ?s ?p ?o }
WHERE {
  ?s a dblp:Publication ;
     dblp:yearOfPublication ?year ;
     ?p ?o .
  FILTER(?year <= "1970"^^<http://www.w3.org/2001/XMLSchema#gYear>)
}

2026-09-28 21:00:24.201 - INFO: Requested media types of the result are: "text/turtle"
2026-09-28 21:00:24.202 - INFO: Query planning done in 1 ms
2026-09-28 21:00:24.223 - INFO: Result has unknown size (not computed yet)
2026-09-28 21:00:24.884 - INFO: Done processing query and sending result, total time was 683 ms
2026-09-28 21:00:43.031 - INFO: 
2026-09-28 21:00:43.031 - INFO: Request received via GET, no content type specified
2026-09-28 21:00:43.031 - INFO: Processing command "clear-cache": clear the cache (unpinned elements only)
2026-09-28 21:00:43.049 - INFO: 
2026-09-28 21:00:43.049 - INFO: Request received via POST, content type "application/x-www-form-urlencoded"
2026-09-28 21:00:43.049 - INFO: Processing the following SPARQL query:
# Tier H — size-sweep
# Goal: isolate export cost from query-planning cost. Raise the year bound
# across runs, for example 1970, 1990, 2010, and 2023.
PREFIX dblp: <https://dblp.org/rdf/schema#>

CONSTRUCT { ?s ?p ?o }
WHERE {
  ?s a dblp:Publication ;
     dblp:yearOfPublication ?year ;
     ?p ?o .
  FILTER(?year <= "1970"^^<http://www.w3.org/2001/XMLSchema#gYear>)
}

2026-09-28 21:00:43.049 - INFO: Requested media types of the result are: "text/turtle"
2026-09-28 21:00:43.050 - INFO: Query planning done in 1 ms
2026-09-28 21:00:43.069 - INFO: Result has unknown size (not computed yet)
2026-09-28 21:00:43.687 - INFO: Done processing query and sending result, total time was 637 ms
2026-09-28 21:00:43.705 - INFO: 
2026-09-28 21:00:43.706 - INFO: Request received via GET, no content type specified
2026-09-28 21:00:43.706 - INFO: Processing command "clear-cache": clear the cache (unpinned elements only)
2026-09-28 21:00:43.724 - INFO: 
2026-09-28 21:00:43.724 - INFO: Request received via POST, content type "application/x-www-form-urlencoded"
2026-09-28 21:00:43.724 - INFO: Processing the following SPARQL query:
# Tier H — size-sweep
# Goal: isolate export cost from query-planning cost. Raise the year bound
# across runs, for example 1970, 1990, 2010, and 2023.
PREFIX dblp: <https://dblp.org/rdf/schema#>

CONSTRUCT { ?s ?p ?o }
WHERE {
  ?s a dblp:Publication ;
     dblp:yearOfPublication ?year ;
     ?p ?o .
  FILTER(?year <= "1970"^^<http://www.w3.org/2001/XMLSchema#gYear>)
}

2026-09-28 21:00:43.724 - INFO: Requested media types of the result are: "text/turtle"
2026-09-28 21:00:43.725 - INFO: Query planning done in 1 ms
2026-09-28 21:00:43.744 - INFO: Result has unknown size (not computed yet)
2026-09-28 21:00:44.358 - INFO: Done processing query and sending result, total time was 634 ms
2026-09-28 21:00:44.377 - INFO: 
2026-09-28 21:00:44.377 - INFO: Request received via GET, no content type specified
2026-09-28 21:00:44.377 - INFO: Processing command "clear-cache": clear the cache (unpinned elements only)
2026-09-28 21:00:44.395 - INFO: 
2026-09-28 21:00:44.395 - INFO: Request received via POST, content type "application/x-www-form-urlencoded"
2026-09-28 21:00:44.396 - INFO: Processing the following SPARQL query:
# Tier H — size-sweep
# Goal: isolate export cost from query-planning cost. Raise the year bound
# across runs, for example 1970, 1990, 2010, and 2023.
PREFIX dblp: <https://dblp.org/rdf/schema#>

CONSTRUCT { ?s ?p ?o }
WHERE {
  ?s a dblp:Publication ;
     dblp:yearOfPublication ?year ;
     ?p ?o .
  FILTER(?year <= "1970"^^<http://www.w3.org/2001/XMLSchema#gYear>)
}

2026-09-28 21:00:44.396 - INFO: Requested media types of the result are: "text/turtle"
2026-09-28 21:00:44.397 - INFO: Query planning done in 1 ms
2026-09-28 21:00:44.415 - INFO: Result has unknown size (not computed yet)
2026-09-28 21:00:45.027 - INFO: Done processing query and sending result, total time was 631 ms
2026-09-28 21:00:45.046 - INFO: 
2026-09-28 21:00:45.046 - INFO: Request received via GET, no content type specified
2026-09-28 21:00:45.046 - INFO: Processing command "clear-cache": clear the cache (unpinned elements only)
2026-09-28 21:00:45.064 - INFO: 
2026-09-28 21:00:45.064 - INFO: Request received via POST, content type "application/x-www-form-urlencoded"
2026-09-28 21:00:45.064 - INFO: Processing the following SPARQL query:
# Tier H — size-sweep
# Goal: isolate export cost from query-planning cost. Raise the year bound
# across runs, for example 1970, 1990, 2010, and 2023.
PREFIX dblp: <https://dblp.org/rdf/schema#>

CONSTRUCT { ?s ?p ?o }
WHERE {
  ?s a dblp:Publication ;
     dblp:yearOfPublication ?year ;
     ?p ?o .
  FILTER(?year <= "1970"^^<http://www.w3.org/2001/XMLSchema#gYear>)
}

2026-09-28 21:00:45.064 - INFO: Requested media types of the result are: "text/turtle"
2026-09-28 21:00:45.065 - INFO: Query planning done in 1 ms
2026-09-28 21:00:45.083 - INFO: Result has unknown size (not computed yet)
2026-09-28 21:00:45.692 - INFO: Done processing query and sending result, total time was 627 ms
2026-09-28 21:00:45.710 - INFO: 
2026-09-28 21:00:45.711 - INFO: Request received via GET, no content type specified
2026-09-28 21:00:45.711 - INFO: Processing command "clear-cache": clear the cache (unpinned elements only)
2026-09-28 21:00:45.728 - INFO: 
2026-09-28 21:00:45.728 - INFO: Request received via POST, content type "application/x-www-form-urlencoded"
2026-09-28 21:00:45.729 - INFO: Processing the following SPARQL query:
# Tier H — size-sweep
# Goal: isolate export cost from query-planning cost. Raise the year bound
# across runs, for example 1970, 1990, 2010, and 2023.
PREFIX dblp: <https://dblp.org/rdf/schema#>

CONSTRUCT { ?s ?p ?o }
WHERE {
  ?s a dblp:Publication ;
     dblp:yearOfPublication ?year ;
     ?p ?o .
  FILTER(?year <= "1970"^^<http://www.w3.org/2001/XMLSchema#gYear>)
}

2026-09-28 21:00:45.729 - INFO: Requested media types of the result are: "text/turtle"
2026-09-28 21:00:45.730 - INFO: Query planning done in 1 ms
2026-09-28 21:00:45.749 - INFO: Result has unknown size (not computed yet)
2026-09-28 21:00:46.359 - INFO: Done processing query and sending result, total time was 630 ms
2026-09-28 21:00:46.378 - INFO: 
2026-09-28 21:00:46.378 - INFO: Request received via GET, no content type specified
2026-09-28 21:00:46.378 - INFO: Processing command "clear-cache": clear the cache (unpinned elements only)
2026-09-28 21:00:46.396 - INFO: 
2026-09-28 21:00:46.396 - INFO: Request received via POST, content type "application/x-www-form-urlencoded"
2026-09-28 21:00:46.396 - INFO: Processing the following SPARQL query:
# Tier H — size-sweep
# Goal: isolate export cost from query-planning cost. Raise the year bound
# across runs, for example 1970, 1990, 2010, and 2023.
PREFIX dblp: <https://dblp.org/rdf/schema#>

CONSTRUCT { ?s ?p ?o }
WHERE {
  ?s a dblp:Publication ;
     dblp:yearOfPublication ?year ;
     ?p ?o .
  FILTER(?year <= "1970"^^<http://www.w3.org/2001/XMLSchema#gYear>)
}

2026-09-28 21:00:46.396 - INFO: Requested media types of the result are: "text/turtle"
2026-09-28 21:00:46.397 - INFO: Query planning done in 1 ms
2026-09-28 21:00:46.415 - INFO: Result has unknown size (not computed yet)
2026-09-28 21:00:47.027 - INFO: Done processing query and sending result, total time was 630 ms
2026-09-28 21:00:47.046 - INFO: 
2026-09-28 21:00:47.046 - INFO: Request received via GET, no content type specified
2026-09-28 21:00:47.046 - INFO: Processing command "clear-cache": clear the cache (unpinned elements only)
2026-09-28 21:00:47.064 - INFO: 
2026-09-28 21:00:47.064 - INFO: Request received via POST, content type "application/x-www-form-urlencoded"
2026-09-28 21:00:47.064 - INFO: Processing the following SPARQL query:
# Tier H — size-sweep
# Goal: isolate export cost from query-planning cost. Raise the year bound
# across runs, for example 1970, 1990, 2010, and 2023.
PREFIX dblp: <https://dblp.org/rdf/schema#>

CONSTRUCT { ?s ?p ?o }
WHERE {
  ?s a dblp:Publication ;
     dblp:yearOfPublication ?year ;
     ?p ?o .
  FILTER(?year <= "1970"^^<http://www.w3.org/2001/XMLSchema#gYear>)
}

2026-09-28 21:00:47.064 - INFO: Requested media types of the result are: "text/turtle"
2026-09-28 21:00:47.065 - INFO: Query planning done in 1 ms
2026-09-28 21:00:47.084 - INFO: Result has unknown size (not computed yet)
2026-09-28 21:00:47.768 - INFO: Done processing query and sending result, total time was 704 ms
2026-09-28 21:00:47.787 - INFO: 
2026-09-28 21:00:47.787 - INFO: Request received via GET, no content type specified
2026-09-28 21:00:47.787 - INFO: Processing command "clear-cache": clear the cache (unpinned elements only)
2026-09-28 21:00:47.805 - INFO: 
2026-09-28 21:00:47.805 - INFO: Request received via POST, content type "application/x-www-form-urlencoded"
2026-09-28 21:00:47.805 - INFO: Processing the following SPARQL query:
# Tier H — size-sweep
# Goal: isolate export cost from query-planning cost. Raise the year bound
# across runs, for example 1970, 1990, 2010, and 2023.
PREFIX dblp: <https://dblp.org/rdf/schema#>

CONSTRUCT { ?s ?p ?o }
WHERE {
  ?s a dblp:Publication ;
     dblp:yearOfPublication ?year ;
     ?p ?o .
  FILTER(?year <= "1970"^^<http://www.w3.org/2001/XMLSchema#gYear>)
}

2026-09-28 21:00:47.805 - INFO: Requested media types of the result are: "text/turtle"
2026-09-28 21:00:47.806 - INFO: Query planning done in 1 ms
2026-09-28 21:00:47.824 - INFO: Result has unknown size (not computed yet)
2026-09-28 21:00:48.430 - INFO: Done processing query and sending result, total time was 624 ms
2026-09-28 21:00:48.448 - INFO: 
2026-09-28 21:00:48.448 - INFO: Request received via GET, no content type specified
2026-09-28 21:00:48.448 - INFO: Processing command "clear-cache": clear the cache (unpinned elements only)
2026-09-28 21:00:48.466 - INFO: 
2026-09-28 21:00:48.466 - INFO: Request received via POST, content type "application/x-www-form-urlencoded"
2026-09-28 21:00:48.467 - INFO: Processing the following SPARQL query:
# Tier H — size-sweep
# Goal: isolate export cost from query-planning cost. Raise the year bound
# across runs, for example 1970, 1990, 2010, and 2023.
PREFIX dblp: <https://dblp.org/rdf/schema#>

CONSTRUCT { ?s ?p ?o }
WHERE {
  ?s a dblp:Publication ;
     dblp:yearOfPublication ?year ;
     ?p ?o .
  FILTER(?year <= "1970"^^<http://www.w3.org/2001/XMLSchema#gYear>)
}

2026-09-28 21:00:48.467 - INFO: Requested media types of the result are: "text/turtle"
2026-09-28 21:00:48.468 - INFO: Query planning done in 1 ms
2026-09-28 21:00:48.487 - INFO: Result has unknown size (not computed yet)
2026-09-28 21:00:49.097 - INFO: Done processing query and sending result, total time was 630 ms
2026-09-28 21:00:49.116 - INFO: 
2026-09-28 21:00:49.116 - INFO: Request received via GET, no content type specified
2026-09-28 21:00:49.116 - INFO: Processing command "clear-cache": clear the cache (unpinned elements only)
2026-09-28 21:00:49.134 - INFO: 
2026-09-28 21:00:49.134 - INFO: Request received via POST, content type "application/x-www-form-urlencoded"
2026-09-28 21:00:49.134 - INFO: Processing the following SPARQL query:
# Tier H — size-sweep
# Goal: isolate export cost from query-planning cost. Raise the year bound
# across runs, for example 1970, 1990, 2010, and 2023.
PREFIX dblp: <https://dblp.org/rdf/schema#>

CONSTRUCT { ?s ?p ?o }
WHERE {
  ?s a dblp:Publication ;
     dblp:yearOfPublication ?year ;
     ?p ?o .
  FILTER(?year <= "1970"^^<http://www.w3.org/2001/XMLSchema#gYear>)
}

2026-09-28 21:00:49.134 - INFO: Requested media types of the result are: "text/turtle"
2026-09-28 21:00:49.135 - INFO: Query planning done in 1 ms
2026-09-28 21:00:49.155 - INFO: Result has unknown size (not computed yet)
2026-09-28 21:00:49.764 - INFO: Done processing query and sending result, total time was 629 ms
2026-09-28 21:00:49.783 - INFO: 
2026-09-28 21:00:49.783 - INFO: Request received via GET, no content type specified
2026-09-28 21:00:49.783 - INFO: Processing command "clear-cache": clear the cache (unpinned elements only)
2026-09-28 21:00:49.801 - INFO: 
2026-09-28 21:00:49.801 - INFO: Request received via POST, content type "application/x-www-form-urlencoded"
2026-09-28 21:00:49.801 - INFO: Processing the following SPARQL query:
# Tier H — size-sweep
# Goal: isolate export cost from query-planning cost. Raise the year bound
# across runs, for example 1970, 1990, 2010, and 2023.
PREFIX dblp: <https://dblp.org/rdf/schema#>

CONSTRUCT { ?s ?p ?o }
WHERE {
  ?s a dblp:Publication ;
     dblp:yearOfPublication ?year ;
     ?p ?o .
  FILTER(?year <= "1970"^^<http://www.w3.org/2001/XMLSchema#gYear>)
}

2026-09-28 21:00:49.801 - INFO: Requested media types of the result are: "text/turtle"
2026-09-28 21:00:49.802 - INFO: Query planning done in 1 ms
2026-09-28 21:00:49.820 - INFO: Result has unknown size (not computed yet)
2026-09-28 21:00:50.433 - INFO: Done processing query and sending result, total time was 631 ms
2026-09-28 21:00:50.452 - INFO: 
2026-09-28 21:00:50.452 - INFO: Request received via GET, no content type specified
2026-09-28 21:00:50.452 - INFO: Processing command "clear-cache": clear the cache (unpinned elements only)
2026-09-28 21:00:50.469 - INFO: 
2026-09-28 21:00:50.469 - INFO: Request received via POST, content type "application/x-www-form-urlencoded"
2026-09-28 21:00:50.470 - INFO: Processing the following SPARQL query:
# Tier H — size-sweep
# Goal: isolate export cost from query-planning cost. Raise the year bound
# across runs, for example 1970, 1990, 2010, and 2023.
PREFIX dblp: <https://dblp.org/rdf/schema#>

CONSTRUCT { ?s ?p ?o }
WHERE {
  ?s a dblp:Publication ;
     dblp:yearOfPublication ?year ;
     ?p ?o .
  FILTER(?year <= "1970"^^<http://www.w3.org/2001/XMLSchema#gYear>)
}

2026-09-28 21:00:50.470 - INFO: Requested media types of the result are: "text/turtle"
2026-09-28 21:00:50.471 - INFO: Query planning done in 1 ms
2026-09-28 21:00:50.492 - INFO: Result has unknown size (not computed yet)
2026-09-28 21:00:51.099 - INFO: Done processing query and sending result, total time was 629 ms
2026-09-28 21:00:51.118 - INFO: 
2026-09-28 21:00:51.118 - INFO: Request received via GET, no content type specified
2026-09-28 21:00:51.118 - INFO: Processing command "clear-cache": clear the cache (unpinned elements only)
2026-09-28 21:00:51.144 - INFO: 
2026-09-28 21:00:51.144 - INFO: Request received via POST, content type "application/x-www-form-urlencoded"
2026-09-28 21:00:51.144 - INFO: Processing the following SPARQL query:
# Tier H — size-sweep
# Goal: isolate export cost from query-planning cost. Raise the year bound
# across runs, for example 1970, 1990, 2010, and 2023.
PREFIX dblp: <https://dblp.org/rdf/schema#>

CONSTRUCT { ?s ?p ?o }
WHERE {
  ?s a dblp:Publication ;
     dblp:yearOfPublication ?year ;
     ?p ?o .
  FILTER(?year <= "1970"^^<http://www.w3.org/2001/XMLSchema#gYear>)
}

2026-09-28 21:00:51.144 - INFO: Requested media types of the result are: "text/turtle"
2026-09-28 21:00:51.145 - INFO: Query planning done in 1 ms
2026-09-28 21:00:51.163 - INFO: Result has unknown size (not computed yet)
2026-09-28 21:00:51.855 - INFO: Done processing query and sending result, total time was 711 ms
2026-09-28 21:01:44.738 - INFO: 
2026-09-28 21:01:44.738 - INFO: Request received via GET, no content type specified
2026-09-28 21:01:44.738 - INFO: Processing command "clear-cache": clear the cache (unpinned elements only)
2026-09-28 21:01:44.756 - INFO: 
2026-09-28 21:01:44.756 - INFO: Request received via POST, content type "application/x-www-form-urlencoded"
2026-09-28 21:01:44.757 - INFO: Processing the following SPARQL query:
# Tier H — size-sweep
# Goal: isolate export cost from query-planning cost. Raise the year bound
# across runs, for example 1970, 1990, 2010, and 2023.
PREFIX dblp: <https://dblp.org/rdf/schema#>

CONSTRUCT { ?s ?p ?o }
WHERE {
  ?s a dblp:Publication ;
     dblp:yearOfPublication ?year ;
     ?p ?o .
  FILTER(?year <= "1970"^^<http://www.w3.org/2001/XMLSchema#gYear>)
}

2026-09-28 21:01:44.757 - INFO: Requested media types of the result are: "text/turtle"
2026-09-28 21:01:44.758 - INFO: Query planning done in 1 ms
2026-09-28 21:01:44.779 - INFO: Result has unknown size (not computed yet)
2026-09-28 21:01:45.398 - INFO: Done processing query and sending result, total time was 642 ms
2026-09-28 21:01:45.417 - INFO: 
2026-09-28 21:01:45.417 - INFO: Request received via GET, no content type specified
2026-09-28 21:01:45.417 - INFO: Processing command "clear-cache": clear the cache (unpinned elements only)
2026-09-28 21:01:45.435 - INFO: 
2026-09-28 21:01:45.435 - INFO: Request received via POST, content type "application/x-www-form-urlencoded"
2026-09-28 21:01:45.436 - INFO: Processing the following SPARQL query:
# Tier H — size-sweep
# Goal: isolate export cost from query-planning cost. Raise the year bound
# across runs, for example 1970, 1990, 2010, and 2023.
PREFIX dblp: <https://dblp.org/rdf/schema#>

CONSTRUCT { ?s ?p ?o }
WHERE {
  ?s a dblp:Publication ;
     dblp:yearOfPublication ?year ;
     ?p ?o .
  FILTER(?year <= "1970"^^<http://www.w3.org/2001/XMLSchema#gYear>)
}

2026-09-28 21:01:45.436 - INFO: Requested media types of the result are: "text/turtle"
2026-09-28 21:01:45.437 - INFO: Query planning done in 1 ms
2026-09-28 21:01:45.460 - INFO: Result has unknown size (not computed yet)
2026-09-28 21:01:46.080 - INFO: Done processing query and sending result, total time was 644 ms
2026-09-28 21:01:46.099 - INFO: 
2026-09-28 21:01:46.099 - INFO: Request received via GET, no content type specified
2026-09-28 21:01:46.099 - INFO: Processing command "clear-cache": clear the cache (unpinned elements only)
2026-09-28 21:01:46.116 - INFO: 
2026-09-28 21:01:46.116 - INFO: Request received via POST, content type "application/x-www-form-urlencoded"
2026-09-28 21:01:46.117 - INFO: Processing the following SPARQL query:
# Tier H — size-sweep
# Goal: isolate export cost from query-planning cost. Raise the year bound
# across runs, for example 1970, 1990, 2010, and 2023.
PREFIX dblp: <https://dblp.org/rdf/schema#>

CONSTRUCT { ?s ?p ?o }
WHERE {
  ?s a dblp:Publication ;
     dblp:yearOfPublication ?year ;
     ?p ?o .
  FILTER(?year <= "1970"^^<http://www.w3.org/2001/XMLSchema#gYear>)
}

2026-09-28 21:01:46.117 - INFO: Requested media types of the result are: "text/turtle"
2026-09-28 21:01:46.118 - INFO: Query planning done in 1 ms
2026-09-28 21:01:46.142 - INFO: Result has unknown size (not computed yet)
2026-09-28 21:01:46.807 - INFO: Done processing query and sending result, total time was 690 ms
2026-09-28 21:01:46.826 - INFO: 
2026-09-28 21:01:46.826 - INFO: Request received via GET, no content type specified
2026-09-28 21:01:46.826 - INFO: Processing command "clear-cache": clear the cache (unpinned elements only)
2026-09-28 21:01:46.844 - INFO: 
2026-09-28 21:01:46.844 - INFO: Request received via POST, content type "application/x-www-form-urlencoded"
2026-09-28 21:01:46.844 - INFO: Processing the following SPARQL query:
# Tier H — size-sweep
# Goal: isolate export cost from query-planning cost. Raise the year bound
# across runs, for example 1970, 1990, 2010, and 2023.
PREFIX dblp: <https://dblp.org/rdf/schema#>

CONSTRUCT { ?s ?p ?o }
WHERE {
  ?s a dblp:Publication ;
     dblp:yearOfPublication ?year ;
     ?p ?o .
  FILTER(?year <= "1970"^^<http://www.w3.org/2001/XMLSchema#gYear>)
}

2026-09-28 21:01:46.844 - INFO: Requested media types of the result are: "text/turtle"
2026-09-28 21:01:46.845 - INFO: Query planning done in 1 ms
2026-09-28 21:01:46.868 - INFO: Result has unknown size (not computed yet)
2026-09-28 21:01:47.554 - INFO: Done processing query and sending result, total time was 710 ms
2026-09-28 21:01:47.573 - INFO: 
2026-09-28 21:01:47.573 - INFO: Request received via GET, no content type specified
2026-09-28 21:01:47.573 - INFO: Processing command "clear-cache": clear the cache (unpinned elements only)
2026-09-28 21:01:47.591 - INFO: 
2026-09-28 21:01:47.591 - INFO: Request received via POST, content type "application/x-www-form-urlencoded"
2026-09-28 21:01:47.591 - INFO: Processing the following SPARQL query:
# Tier H — size-sweep
# Goal: isolate export cost from query-planning cost. Raise the year bound
# across runs, for example 1970, 1990, 2010, and 2023.
PREFIX dblp: <https://dblp.org/rdf/schema#>

CONSTRUCT { ?s ?p ?o }
WHERE {
  ?s a dblp:Publication ;
     dblp:yearOfPublication ?year ;
     ?p ?o .
  FILTER(?year <= "1970"^^<http://www.w3.org/2001/XMLSchema#gYear>)
}

2026-09-28 21:01:47.591 - INFO: Requested media types of the result are: "text/turtle"
2026-09-28 21:01:47.592 - INFO: Query planning done in 1 ms
2026-09-28 21:01:47.616 - INFO: Result has unknown size (not computed yet)
2026-09-28 21:01:48.303 - INFO: Done processing query and sending result, total time was 712 ms
2026-09-28 21:01:48.322 - INFO: 
2026-09-28 21:01:48.322 - INFO: Request received via GET, no content type specified
2026-09-28 21:01:48.322 - INFO: Processing command "clear-cache": clear the cache (unpinned elements only)
2026-09-28 21:01:48.340 - INFO: 
2026-09-28 21:01:48.340 - INFO: Request received via POST, content type "application/x-www-form-urlencoded"
2026-09-28 21:01:48.340 - INFO: Processing the following SPARQL query:
# Tier H — size-sweep
# Goal: isolate export cost from query-planning cost. Raise the year bound
# across runs, for example 1970, 1990, 2010, and 2023.
PREFIX dblp: <https://dblp.org/rdf/schema#>

CONSTRUCT { ?s ?p ?o }
WHERE {
  ?s a dblp:Publication ;
     dblp:yearOfPublication ?year ;
     ?p ?o .
  FILTER(?year <= "1970"^^<http://www.w3.org/2001/XMLSchema#gYear>)
}

2026-09-28 21:01:48.340 - INFO: Requested media types of the result are: "text/turtle"
2026-09-28 21:01:48.341 - INFO: Query planning done in 1 ms
2026-09-28 21:01:48.365 - INFO: Result has unknown size (not computed yet)
2026-09-28 21:01:49.018 - INFO: Done processing query and sending result, total time was 677 ms
2026-09-28 21:01:49.037 - INFO: 
2026-09-28 21:01:49.037 - INFO: Request received via GET, no content type specified
2026-09-28 21:01:49.037 - INFO: Processing command "clear-cache": clear the cache (unpinned elements only)
2026-09-28 21:01:49.055 - INFO: 
2026-09-28 21:01:49.055 - INFO: Request received via POST, content type "application/x-www-form-urlencoded"
2026-09-28 21:01:49.055 - INFO: Processing the following SPARQL query:
# Tier H — size-sweep
# Goal: isolate export cost from query-planning cost. Raise the year bound
# across runs, for example 1970, 1990, 2010, and 2023.
PREFIX dblp: <https://dblp.org/rdf/schema#>

CONSTRUCT { ?s ?p ?o }
WHERE {
  ?s a dblp:Publication ;
     dblp:yearOfPublication ?year ;
     ?p ?o .
  FILTER(?year <= "1970"^^<http://www.w3.org/2001/XMLSchema#gYear>)
}

2026-09-28 21:01:49.055 - INFO: Requested media types of the result are: "text/turtle"
2026-09-28 21:01:49.056 - INFO: Query planning done in 1 ms
2026-09-28 21:01:49.079 - INFO: Result has unknown size (not computed yet)
2026-09-28 21:01:49.679 - INFO: Done processing query and sending result, total time was 623 ms
2026-09-28 21:01:49.698 - INFO: 
2026-09-28 21:01:49.698 - INFO: Request received via GET, no content type specified
2026-09-28 21:01:49.698 - INFO: Processing command "clear-cache": clear the cache (unpinned elements only)
2026-09-28 21:01:49.716 - INFO: 
2026-09-28 21:01:49.716 - INFO: Request received via POST, content type "application/x-www-form-urlencoded"
2026-09-28 21:01:49.716 - INFO: Processing the following SPARQL query:
# Tier H — size-sweep
# Goal: isolate export cost from query-planning cost. Raise the year bound
# across runs, for example 1970, 1990, 2010, and 2023.
PREFIX dblp: <https://dblp.org/rdf/schema#>

CONSTRUCT { ?s ?p ?o }
WHERE {
  ?s a dblp:Publication ;
     dblp:yearOfPublication ?year ;
     ?p ?o .
  FILTER(?year <= "1970"^^<http://www.w3.org/2001/XMLSchema#gYear>)
}

2026-09-28 21:01:49.716 - INFO: Requested media types of the result are: "text/turtle"
2026-09-28 21:01:49.717 - INFO: Query planning done in 1 ms
2026-09-28 21:01:49.741 - INFO: Result has unknown size (not computed yet)
2026-09-28 21:01:50.431 - INFO: Done processing query and sending result, total time was 715 ms
2026-09-28 21:01:50.450 - INFO: 
2026-09-28 21:01:50.450 - INFO: Request received via GET, no content type specified
2026-09-28 21:01:50.450 - INFO: Processing command "clear-cache": clear the cache (unpinned elements only)
2026-09-28 21:01:50.468 - INFO: 
2026-09-28 21:01:50.468 - INFO: Request received via POST, content type "application/x-www-form-urlencoded"
2026-09-28 21:01:50.468 - INFO: Processing the following SPARQL query:
# Tier H — size-sweep
# Goal: isolate export cost from query-planning cost. Raise the year bound
# across runs, for example 1970, 1990, 2010, and 2023.
PREFIX dblp: <https://dblp.org/rdf/schema#>

CONSTRUCT { ?s ?p ?o }
WHERE {
  ?s a dblp:Publication ;
     dblp:yearOfPublication ?year ;
     ?p ?o .
  FILTER(?year <= "1970"^^<http://www.w3.org/2001/XMLSchema#gYear>)
}

2026-09-28 21:01:50.468 - INFO: Requested media types of the result are: "text/turtle"
2026-09-28 21:01:50.469 - INFO: Query planning done in 1 ms
2026-09-28 21:01:50.492 - INFO: Result has unknown size (not computed yet)
2026-09-28 21:01:51.124 - INFO: Done processing query and sending result, total time was 656 ms
2026-09-28 21:01:51.143 - INFO: 
2026-09-28 21:01:51.143 - INFO: Request received via GET, no content type specified
2026-09-28 21:01:51.143 - INFO: Processing command "clear-cache": clear the cache (unpinned elements only)
2026-09-28 21:01:51.161 - INFO: 
2026-09-28 21:01:51.161 - INFO: Request received via POST, content type "application/x-www-form-urlencoded"
2026-09-28 21:01:51.161 - INFO: Processing the following SPARQL query:
# Tier H — size-sweep
# Goal: isolate export cost from query-planning cost. Raise the year bound
# across runs, for example 1970, 1990, 2010, and 2023.
PREFIX dblp: <https://dblp.org/rdf/schema#>

CONSTRUCT { ?s ?p ?o }
WHERE {
  ?s a dblp:Publication ;
     dblp:yearOfPublication ?year ;
     ?p ?o .
  FILTER(?year <= "1970"^^<http://www.w3.org/2001/XMLSchema#gYear>)
}

2026-09-28 21:01:51.161 - INFO: Requested media types of the result are: "text/turtle"
2026-09-28 21:01:51.162 - INFO: Query planning done in 1 ms
2026-09-28 21:01:51.186 - INFO: Result has unknown size (not computed yet)
2026-09-28 21:01:51.875 - INFO: Done processing query and sending result, total time was 713 ms
2026-09-28 21:01:51.894 - INFO: 
2026-09-28 21:01:51.894 - INFO: Request received via GET, no content type specified
2026-09-28 21:01:51.894 - INFO: Processing command "clear-cache": clear the cache (unpinned elements only)
2026-09-28 21:01:51.912 - INFO: 
2026-09-28 21:01:51.912 - INFO: Request received via POST, content type "application/x-www-form-urlencoded"
2026-09-28 21:01:51.912 - INFO: Processing the following SPARQL query:
# Tier H — size-sweep
# Goal: isolate export cost from query-planning cost. Raise the year bound
# across runs, for example 1970, 1990, 2010, and 2023.
PREFIX dblp: <https://dblp.org/rdf/schema#>

CONSTRUCT { ?s ?p ?o }
WHERE {
  ?s a dblp:Publication ;
     dblp:yearOfPublication ?year ;
     ?p ?o .
  FILTER(?year <= "1970"^^<http://www.w3.org/2001/XMLSchema#gYear>)
}

2026-09-28 21:01:51.912 - INFO: Requested media types of the result are: "text/turtle"
2026-09-28 21:01:51.913 - INFO: Query planning done in 1 ms
2026-09-28 21:01:51.937 - INFO: Result has unknown size (not computed yet)
2026-09-28 21:01:52.627 - INFO: Done processing query and sending result, total time was 715 ms
2026-09-28 21:01:52.646 - INFO: 
2026-09-28 21:01:52.646 - INFO: Request received via GET, no content type specified
2026-09-28 21:01:52.646 - INFO: Processing command "clear-cache": clear the cache (unpinned elements only)
2026-09-28 21:01:52.664 - INFO: 
2026-09-28 21:01:52.664 - INFO: Request received via POST, content type "application/x-www-form-urlencoded"
2026-09-28 21:01:52.664 - INFO: Processing the following SPARQL query:
# Tier H — size-sweep
# Goal: isolate export cost from query-planning cost. Raise the year bound
# across runs, for example 1970, 1990, 2010, and 2023.
PREFIX dblp: <https://dblp.org/rdf/schema#>

CONSTRUCT { ?s ?p ?o }
WHERE {
  ?s a dblp:Publication ;
     dblp:yearOfPublication ?year ;
     ?p ?o .
  FILTER(?year <= "1970"^^<http://www.w3.org/2001/XMLSchema#gYear>)
}

2026-09-28 21:01:52.664 - INFO: Requested media types of the result are: "text/turtle"
2026-09-28 21:01:52.665 - INFO: Query planning done in 1 ms
2026-09-28 21:01:52.688 - INFO: Result has unknown size (not computed yet)
2026-09-28 21:01:53.310 - INFO: Done processing query and sending result, total time was 646 ms
2026-09-28 21:01:53.329 - INFO: 
2026-09-28 21:01:53.329 - INFO: Request received via GET, no content type specified
2026-09-28 21:01:53.329 - INFO: Processing command "clear-cache": clear the cache (unpinned elements only)
2026-09-28 21:01:53.354 - INFO: 
2026-09-28 21:01:53.354 - INFO: Request received via POST, content type "application/x-www-form-urlencoded"
2026-09-28 21:01:53.355 - INFO: Processing the following SPARQL query:
# Tier H — size-sweep
# Goal: isolate export cost from query-planning cost. Raise the year bound
# across runs, for example 1970, 1990, 2010, and 2023.
PREFIX dblp: <https://dblp.org/rdf/schema#>

CONSTRUCT { ?s ?p ?o }
WHERE {
  ?s a dblp:Publication ;
     dblp:yearOfPublication ?year ;
     ?p ?o .
  FILTER(?year <= "1970"^^<http://www.w3.org/2001/XMLSchema#gYear>)
}

2026-09-28 21:01:53.355 - INFO: Requested media types of the result are: "text/turtle"
2026-09-28 21:01:53.356 - INFO: Query planning done in 1 ms
2026-09-28 21:01:53.378 - INFO: Result has unknown size (not computed yet)
2026-09-28 21:01:53.964 - INFO: Done processing query and sending result, total time was 609 ms
2026-09-28 21:02:11.655 - INFO: 
2026-09-28 21:02:11.655 - INFO: Request received via GET, no content type specified
2026-09-28 21:02:11.655 - INFO: Processing command "clear-cache": clear the cache (unpinned elements only)
2026-09-28 21:02:11.673 - INFO: 
2026-09-28 21:02:11.673 - INFO: Request received via POST, content type "application/x-www-form-urlencoded"
2026-09-28 21:02:11.674 - INFO: Processing the following SPARQL query:
# Tier H — size-sweep
# Goal: isolate export cost from query-planning cost. Raise the year bound
# across runs, for example 1970, 1990, 2010, and 2023.
PREFIX dblp: <https://dblp.org/rdf/schema#>

CONSTRUCT { ?s ?p ?o }
WHERE {
  ?s a dblp:Publication ;
     dblp:yearOfPublication ?year ;
     ?p ?o .
  FILTER(?year <= "1970"^^<http://www.w3.org/2001/XMLSchema#gYear>)
}

2026-09-28 21:02:11.674 - INFO: Requested media types of the result are: "text/turtle"
2026-09-28 21:02:11.675 - INFO: Query planning done in 1 ms
2026-09-28 21:02:11.699 - INFO: Result has unknown size (not computed yet)
2026-09-28 21:02:12.394 - INFO: Done processing query and sending result, total time was 720 ms
2026-09-28 21:02:12.413 - INFO: 
2026-09-28 21:02:12.413 - INFO: Request received via GET, no content type specified
2026-09-28 21:02:12.413 - INFO: Processing command "clear-cache": clear the cache (unpinned elements only)
2026-09-28 21:02:12.431 - INFO: 
2026-09-28 21:02:12.431 - INFO: Request received via POST, content type "application/x-www-form-urlencoded"
2026-09-28 21:02:12.432 - INFO: Processing the following SPARQL query:
# Tier H — size-sweep
# Goal: isolate export cost from query-planning cost. Raise the year bound
# across runs, for example 1970, 1990, 2010, and 2023.
PREFIX dblp: <https://dblp.org/rdf/schema#>

CONSTRUCT { ?s ?p ?o }
WHERE {
  ?s a dblp:Publication ;
     dblp:yearOfPublication ?year ;
     ?p ?o .
  FILTER(?year <= "1970"^^<http://www.w3.org/2001/XMLSchema#gYear>)
}

2026-09-28 21:02:12.432 - INFO: Requested media types of the result are: "text/turtle"
2026-09-28 21:02:12.433 - INFO: Query planning done in 1 ms
2026-09-28 21:02:12.457 - INFO: Result has unknown size (not computed yet)
2026-09-28 21:02:13.147 - INFO: Done processing query and sending result, total time was 715 ms
2026-09-28 21:02:13.166 - INFO: 
2026-09-28 21:02:13.166 - INFO: Request received via GET, no content type specified
2026-09-28 21:02:13.166 - INFO: Processing command "clear-cache": clear the cache (unpinned elements only)
2026-09-28 21:02:13.184 - INFO: 
2026-09-28 21:02:13.184 - INFO: Request received via POST, content type "application/x-www-form-urlencoded"
2026-09-28 21:02:13.184 - INFO: Processing the following SPARQL query:
# Tier H — size-sweep
# Goal: isolate export cost from query-planning cost. Raise the year bound
# across runs, for example 1970, 1990, 2010, and 2023.
PREFIX dblp: <https://dblp.org/rdf/schema#>

CONSTRUCT { ?s ?p ?o }
WHERE {
  ?s a dblp:Publication ;
     dblp:yearOfPublication ?year ;
     ?p ?o .
  FILTER(?year <= "1970"^^<http://www.w3.org/2001/XMLSchema#gYear>)
}

2026-09-28 21:02:13.184 - INFO: Requested media types of the result are: "text/turtle"
2026-09-28 21:02:13.185 - INFO: Query planning done in 1 ms
2026-09-28 21:02:13.208 - INFO: Result has unknown size (not computed yet)
2026-09-28 21:02:13.878 - INFO: Done processing query and sending result, total time was 693 ms
2026-09-28 21:02:13.897 - INFO: 
2026-09-28 21:02:13.897 - INFO: Request received via GET, no content type specified
2026-09-28 21:02:13.897 - INFO: Processing command "clear-cache": clear the cache (unpinned elements only)
2026-09-28 21:02:13.915 - INFO: 
2026-09-28 21:02:13.915 - INFO: Request received via POST, content type "application/x-www-form-urlencoded"
2026-09-28 21:02:13.915 - INFO: Processing the following SPARQL query:
# Tier H — size-sweep
# Goal: isolate export cost from query-planning cost. Raise the year bound
# across runs, for example 1970, 1990, 2010, and 2023.
PREFIX dblp: <https://dblp.org/rdf/schema#>

CONSTRUCT { ?s ?p ?o }
WHERE {
  ?s a dblp:Publication ;
     dblp:yearOfPublication ?year ;
     ?p ?o .
  FILTER(?year <= "1970"^^<http://www.w3.org/2001/XMLSchema#gYear>)
}

2026-09-28 21:02:13.915 - INFO: Requested media types of the result are: "text/turtle"
2026-09-28 21:02:13.916 - INFO: Query planning done in 1 ms
2026-09-28 21:02:13.939 - INFO: Result has unknown size (not computed yet)
2026-09-28 21:02:14.523 - INFO: Done processing query and sending result, total time was 608 ms
2026-09-28 21:02:14.542 - INFO: 
2026-09-28 21:02:14.542 - INFO: Request received via GET, no content type specified
2026-09-28 21:02:14.542 - INFO: Processing command "clear-cache": clear the cache (unpinned elements only)
2026-09-28 21:02:14.559 - INFO: 
2026-09-28 21:02:14.559 - INFO: Request received via POST, content type "application/x-www-form-urlencoded"
2026-09-28 21:02:14.560 - INFO: Processing the following SPARQL query:
# Tier H — size-sweep
# Goal: isolate export cost from query-planning cost. Raise the year bound
# across runs, for example 1970, 1990, 2010, and 2023.
PREFIX dblp: <https://dblp.org/rdf/schema#>

CONSTRUCT { ?s ?p ?o }
WHERE {
  ?s a dblp:Publication ;
     dblp:yearOfPublication ?year ;
     ?p ?o .
  FILTER(?year <= "1970"^^<http://www.w3.org/2001/XMLSchema#gYear>)
}

2026-09-28 21:02:14.560 - INFO: Requested media types of the result are: "text/turtle"
2026-09-28 21:02:14.561 - INFO: Query planning done in 1 ms
2026-09-28 21:02:14.585 - INFO: Result has unknown size (not computed yet)
2026-09-28 21:02:15.171 - INFO: Done processing query and sending result, total time was 611 ms
2026-09-28 21:02:15.189 - INFO: 
2026-09-28 21:02:15.189 - INFO: Request received via GET, no content type specified
2026-09-28 21:02:15.189 - INFO: Processing command "clear-cache": clear the cache (unpinned elements only)
2026-09-28 21:02:15.207 - INFO: 
2026-09-28 21:02:15.207 - INFO: Request received via POST, content type "application/x-www-form-urlencoded"
2026-09-28 21:02:15.208 - INFO: Processing the following SPARQL query:
# Tier H — size-sweep
# Goal: isolate export cost from query-planning cost. Raise the year bound
# across runs, for example 1970, 1990, 2010, and 2023.
PREFIX dblp: <https://dblp.org/rdf/schema#>

CONSTRUCT { ?s ?p ?o }
WHERE {
  ?s a dblp:Publication ;
     dblp:yearOfPublication ?year ;
     ?p ?o .
  FILTER(?year <= "1970"^^<http://www.w3.org/2001/XMLSchema#gYear>)
}

2026-09-28 21:02:15.208 - INFO: Requested media types of the result are: "text/turtle"
2026-09-28 21:02:15.209 - INFO: Query planning done in 1 ms
2026-09-28 21:02:15.230 - INFO: Result has unknown size (not computed yet)
2026-09-28 21:02:15.817 - INFO: Done processing query and sending result, total time was 609 ms
2026-09-28 21:02:15.836 - INFO: 
2026-09-28 21:02:15.836 - INFO: Request received via GET, no content type specified
2026-09-28 21:02:15.836 - INFO: Processing command "clear-cache": clear the cache (unpinned elements only)
2026-09-28 21:02:15.854 - INFO: 
2026-09-28 21:02:15.854 - INFO: Request received via POST, content type "application/x-www-form-urlencoded"
2026-09-28 21:02:15.854 - INFO: Processing the following SPARQL query:
# Tier H — size-sweep
# Goal: isolate export cost from query-planning cost. Raise the year bound
# across runs, for example 1970, 1990, 2010, and 2023.
PREFIX dblp: <https://dblp.org/rdf/schema#>

CONSTRUCT { ?s ?p ?o }
WHERE {
  ?s a dblp:Publication ;
     dblp:yearOfPublication ?year ;
     ?p ?o .
  FILTER(?year <= "1970"^^<http://www.w3.org/2001/XMLSchema#gYear>)
}

2026-09-28 21:02:15.854 - INFO: Requested media types of the result are: "text/turtle"
2026-09-28 21:02:15.855 - INFO: Query planning done in 1 ms
2026-09-28 21:02:15.879 - INFO: Result has unknown size (not computed yet)
2026-09-28 21:02:16.473 - INFO: Done processing query and sending result, total time was 618 ms
2026-09-28 21:02:16.492 - INFO: 
2026-09-28 21:02:16.492 - INFO: Request received via GET, no content type specified
2026-09-28 21:02:16.492 - INFO: Processing command "clear-cache": clear the cache (unpinned elements only)
2026-09-28 21:02:16.510 - INFO: 
2026-09-28 21:02:16.510 - INFO: Request received via POST, content type "application/x-www-form-urlencoded"
2026-09-28 21:02:16.510 - INFO: Processing the following SPARQL query:
# Tier H — size-sweep
# Goal: isolate export cost from query-planning cost. Raise the year bound
# across runs, for example 1970, 1990, 2010, and 2023.
PREFIX dblp: <https://dblp.org/rdf/schema#>

CONSTRUCT { ?s ?p ?o }
WHERE {
  ?s a dblp:Publication ;
     dblp:yearOfPublication ?year ;
     ?p ?o .
  FILTER(?year <= "1970"^^<http://www.w3.org/2001/XMLSchema#gYear>)
}

2026-09-28 21:02:16.510 - INFO: Requested media types of the result are: "text/turtle"
2026-09-28 21:02:16.511 - INFO: Query planning done in 1 ms
2026-09-28 21:02:16.533 - INFO: Result has unknown size (not computed yet)
2026-09-28 21:02:17.125 - INFO: Done processing query and sending result, total time was 615 ms
2026-09-28 21:02:17.144 - INFO: 
2026-09-28 21:02:17.144 - INFO: Request received via GET, no content type specified
2026-09-28 21:02:17.144 - INFO: Processing command "clear-cache": clear the cache (unpinned elements only)
2026-09-28 21:02:17.162 - INFO: 
2026-09-28 21:02:17.162 - INFO: Request received via POST, content type "application/x-www-form-urlencoded"
2026-09-28 21:02:17.162 - INFO: Processing the following SPARQL query:
# Tier H — size-sweep
# Goal: isolate export cost from query-planning cost. Raise the year bound
# across runs, for example 1970, 1990, 2010, and 2023.
PREFIX dblp: <https://dblp.org/rdf/schema#>

CONSTRUCT { ?s ?p ?o }
WHERE {
  ?s a dblp:Publication ;
     dblp:yearOfPublication ?year ;
     ?p ?o .
  FILTER(?year <= "1970"^^<http://www.w3.org/2001/XMLSchema#gYear>)
}

2026-09-28 21:02:17.162 - INFO: Requested media types of the result are: "text/turtle"
2026-09-28 21:02:17.163 - INFO: Query planning done in 1 ms
2026-09-28 21:02:17.187 - INFO: Result has unknown size (not computed yet)
2026-09-28 21:02:17.814 - INFO: Done processing query and sending result, total time was 652 ms
2026-09-28 21:02:17.833 - INFO: 
2026-09-28 21:02:17.833 - INFO: Request received via GET, no content type specified
2026-09-28 21:02:17.833 - INFO: Processing command "clear-cache": clear the cache (unpinned elements only)
2026-09-28 21:02:17.851 - INFO: 
2026-09-28 21:02:17.851 - INFO: Request received via POST, content type "application/x-www-form-urlencoded"
2026-09-28 21:02:17.852 - INFO: Processing the following SPARQL query:
# Tier H — size-sweep
# Goal: isolate export cost from query-planning cost. Raise the year bound
# across runs, for example 1970, 1990, 2010, and 2023.
PREFIX dblp: <https://dblp.org/rdf/schema#>

CONSTRUCT { ?s ?p ?o }
WHERE {
  ?s a dblp:Publication ;
     dblp:yearOfPublication ?year ;
     ?p ?o .
  FILTER(?year <= "1970"^^<http://www.w3.org/2001/XMLSchema#gYear>)
}

2026-09-28 21:02:17.852 - INFO: Requested media types of the result are: "text/turtle"
2026-09-28 21:02:17.853 - INFO: Query planning done in 1 ms
2026-09-28 21:02:17.876 - INFO: Result has unknown size (not computed yet)
2026-09-28 21:02:18.459 - INFO: Done processing query and sending result, total time was 607 ms
2026-09-28 21:02:18.478 - INFO: 
2026-09-28 21:02:18.478 - INFO: Request received via GET, no content type specified
2026-09-28 21:02:18.478 - INFO: Processing command "clear-cache": clear the cache (unpinned elements only)
2026-09-28 21:02:18.496 - INFO: 
2026-09-28 21:02:18.496 - INFO: Request received via POST, content type "application/x-www-form-urlencoded"
2026-09-28 21:02:18.496 - INFO: Processing the following SPARQL query:
# Tier H — size-sweep
# Goal: isolate export cost from query-planning cost. Raise the year bound
# across runs, for example 1970, 1990, 2010, and 2023.
PREFIX dblp: <https://dblp.org/rdf/schema#>

CONSTRUCT { ?s ?p ?o }
WHERE {
  ?s a dblp:Publication ;
     dblp:yearOfPublication ?year ;
     ?p ?o .
  FILTER(?year <= "1970"^^<http://www.w3.org/2001/XMLSchema#gYear>)
}

2026-09-28 21:02:18.496 - INFO: Requested media types of the result are: "text/turtle"
2026-09-28 21:02:18.497 - INFO: Query planning done in 1 ms
2026-09-28 21:02:18.521 - INFO: Result has unknown size (not computed yet)
2026-09-28 21:02:19.108 - INFO: Done processing query and sending result, total time was 611 ms
2026-09-28 21:02:19.126 - INFO: 
2026-09-28 21:02:19.126 - INFO: Request received via GET, no content type specified
2026-09-28 21:02:19.126 - INFO: Processing command "clear-cache": clear the cache (unpinned elements only)
2026-09-28 21:02:19.144 - INFO: 
2026-09-28 21:02:19.144 - INFO: Request received via POST, content type "application/x-www-form-urlencoded"
2026-09-28 21:02:19.145 - INFO: Processing the following SPARQL query:
# Tier H — size-sweep
# Goal: isolate export cost from query-planning cost. Raise the year bound
# across runs, for example 1970, 1990, 2010, and 2023.
PREFIX dblp: <https://dblp.org/rdf/schema#>

CONSTRUCT { ?s ?p ?o }
WHERE {
  ?s a dblp:Publication ;
     dblp:yearOfPublication ?year ;
     ?p ?o .
  FILTER(?year <= "1970"^^<http://www.w3.org/2001/XMLSchema#gYear>)
}

2026-09-28 21:02:19.145 - INFO: Requested media types of the result are: "text/turtle"
2026-09-28 21:02:19.146 - INFO: Query planning done in 1 ms
2026-09-28 21:02:19.170 - INFO: Result has unknown size (not computed yet)
2026-09-28 21:02:19.755 - INFO: Done processing query and sending result, total time was 610 ms
2026-09-28 21:02:19.774 - INFO: 
2026-09-28 21:02:19.774 - INFO: Request received via GET, no content type specified
2026-09-28 21:02:19.774 - INFO: Processing command "clear-cache": clear the cache (unpinned elements only)
2026-09-28 21:02:19.800 - INFO: 
2026-09-28 21:02:19.800 - INFO: Request received via POST, content type "application/x-www-form-urlencoded"
2026-09-28 21:02:19.800 - INFO: Processing the following SPARQL query:
# Tier H — size-sweep
# Goal: isolate export cost from query-planning cost. Raise the year bound
# across runs, for example 1970, 1990, 2010, and 2023.
PREFIX dblp: <https://dblp.org/rdf/schema#>

CONSTRUCT { ?s ?p ?o }
WHERE {
  ?s a dblp:Publication ;
     dblp:yearOfPublication ?year ;
     ?p ?o .
  FILTER(?year <= "1970"^^<http://www.w3.org/2001/XMLSchema#gYear>)
}

2026-09-28 21:02:19.800 - INFO: Requested media types of the result are: "text/turtle"
2026-09-28 21:02:19.801 - INFO: Query planning done in 1 ms
2026-09-28 21:02:19.824 - INFO: Result has unknown size (not computed yet)
2026-09-28 21:02:20.421 - INFO: Done processing query and sending result, total time was 621 ms
2026-09-28 21:03:06.992 - INFO: 
2026-09-28 21:03:06.992 - INFO: Request received via GET, no content type specified
2026-09-28 21:03:06.992 - INFO: Processing command "clear-cache": clear the cache (unpinned elements only)
2026-09-28 21:03:07.026 - INFO: 
2026-09-28 21:03:07.026 - INFO: Request received via POST, content type "application/x-www-form-urlencoded"
2026-09-28 21:03:07.026 - INFO: Processing the following SPARQL query:
# Tier H — size-sweep
# Goal: isolate export cost from query-planning cost. Raise the year bound
# across runs, for example 1970, 1990, 2010, and 2023.
PREFIX dblp: <https://dblp.org/rdf/schema#>

CONSTRUCT { ?s ?p ?o }
WHERE {
  ?s a dblp:Publication ;
     dblp:yearOfPublication ?year ;
     ?p ?o .
  FILTER(?year <= "1970"^^<http://www.w3.org/2001/XMLSchema#gYear>)
}

2026-09-28 21:03:07.026 - INFO: Requested media types of the result are: "text/turtle"
2026-09-28 21:03:07.027 - INFO: Query planning done in 1 ms
2026-09-28 21:03:07.051 - INFO: Result has unknown size (not computed yet)
2026-09-28 21:03:07.764 - INFO: Done processing query and sending result, total time was 738 ms
2026-09-28 21:03:07.783 - INFO: 
2026-09-28 21:03:07.783 - INFO: Request received via GET, no content type specified
2026-09-28 21:03:07.783 - INFO: Processing command "clear-cache": clear the cache (unpinned elements only)
2026-09-28 21:03:07.801 - INFO: 
2026-09-28 21:03:07.801 - INFO: Request received via POST, content type "application/x-www-form-urlencoded"
2026-09-28 21:03:07.802 - INFO: Processing the following SPARQL query:
# Tier H — size-sweep
# Goal: isolate export cost from query-planning cost. Raise the year bound
# across runs, for example 1970, 1990, 2010, and 2023.
PREFIX dblp: <https://dblp.org/rdf/schema#>

CONSTRUCT { ?s ?p ?o }
WHERE {
  ?s a dblp:Publication ;
     dblp:yearOfPublication ?year ;
     ?p ?o .
  FILTER(?year <= "1970"^^<http://www.w3.org/2001/XMLSchema#gYear>)
}

2026-09-28 21:03:07.802 - INFO: Requested media types of the result are: "text/turtle"
2026-09-28 21:03:07.802 - INFO: Query planning done in 1 ms
2026-09-28 21:03:07.825 - INFO: Result has unknown size (not computed yet)
2026-09-28 21:03:08.532 - INFO: Done processing query and sending result, total time was 731 ms
2026-09-28 21:03:08.551 - INFO: 
2026-09-28 21:03:08.551 - INFO: Request received via GET, no content type specified
2026-09-28 21:03:08.551 - INFO: Processing command "clear-cache": clear the cache (unpinned elements only)
2026-09-28 21:03:08.569 - INFO: 
2026-09-28 21:03:08.569 - INFO: Request received via POST, content type "application/x-www-form-urlencoded"
2026-09-28 21:03:08.570 - INFO: Processing the following SPARQL query:
# Tier H — size-sweep
# Goal: isolate export cost from query-planning cost. Raise the year bound
# across runs, for example 1970, 1990, 2010, and 2023.
PREFIX dblp: <https://dblp.org/rdf/schema#>

CONSTRUCT { ?s ?p ?o }
WHERE {
  ?s a dblp:Publication ;
     dblp:yearOfPublication ?year ;
     ?p ?o .
  FILTER(?year <= "1970"^^<http://www.w3.org/2001/XMLSchema#gYear>)
}

2026-09-28 21:03:08.570 - INFO: Requested media types of the result are: "text/turtle"
2026-09-28 21:03:08.571 - INFO: Query planning done in 1 ms
2026-09-28 21:03:08.594 - INFO: Result has unknown size (not computed yet)
2026-09-28 21:03:09.291 - INFO: Done processing query and sending result, total time was 721 ms
2026-09-28 21:03:09.310 - INFO: 
2026-09-28 21:03:09.310 - INFO: Request received via GET, no content type specified
2026-09-28 21:03:09.310 - INFO: Processing command "clear-cache": clear the cache (unpinned elements only)
2026-09-28 21:03:09.328 - INFO: 
2026-09-28 21:03:09.328 - INFO: Request received via POST, content type "application/x-www-form-urlencoded"
2026-09-28 21:03:09.329 - INFO: Processing the following SPARQL query:
# Tier H — size-sweep
# Goal: isolate export cost from query-planning cost. Raise the year bound
# across runs, for example 1970, 1990, 2010, and 2023.
PREFIX dblp: <https://dblp.org/rdf/schema#>

CONSTRUCT { ?s ?p ?o }
WHERE {
  ?s a dblp:Publication ;
     dblp:yearOfPublication ?year ;
     ?p ?o .
  FILTER(?year <= "1970"^^<http://www.w3.org/2001/XMLSchema#gYear>)
}

2026-09-28 21:03:09.329 - INFO: Requested media types of the result are: "text/turtle"
2026-09-28 21:03:09.330 - INFO: Query planning done in 1 ms
2026-09-28 21:03:09.353 - INFO: Result has unknown size (not computed yet)
2026-09-28 21:03:10.059 - INFO: Done processing query and sending result, total time was 730 ms
2026-09-28 21:03:10.078 - INFO: 
2026-09-28 21:03:10.078 - INFO: Request received via GET, no content type specified
2026-09-28 21:03:10.078 - INFO: Processing command "clear-cache": clear the cache (unpinned elements only)
2026-09-28 21:03:10.096 - INFO: 
2026-09-28 21:03:10.096 - INFO: Request received via POST, content type "application/x-www-form-urlencoded"
2026-09-28 21:03:10.096 - INFO: Processing the following SPARQL query:
# Tier H — size-sweep
# Goal: isolate export cost from query-planning cost. Raise the year bound
# across runs, for example 1970, 1990, 2010, and 2023.
PREFIX dblp: <https://dblp.org/rdf/schema#>

CONSTRUCT { ?s ?p ?o }
WHERE {
  ?s a dblp:Publication ;
     dblp:yearOfPublication ?year ;
     ?p ?o .
  FILTER(?year <= "1970"^^<http://www.w3.org/2001/XMLSchema#gYear>)
}

2026-09-28 21:03:10.096 - INFO: Requested media types of the result are: "text/turtle"
2026-09-28 21:03:10.097 - INFO: Query planning done in 1 ms
2026-09-28 21:03:10.121 - INFO: Result has unknown size (not computed yet)
2026-09-28 21:03:10.741 - INFO: Done processing query and sending result, total time was 645 ms
2026-09-28 21:03:10.760 - INFO: 
2026-09-28 21:03:10.760 - INFO: Request received via GET, no content type specified
2026-09-28 21:03:10.760 - INFO: Processing command "clear-cache": clear the cache (unpinned elements only)
2026-09-28 21:03:10.779 - INFO: 
2026-09-28 21:03:10.779 - INFO: Request received via POST, content type "application/x-www-form-urlencoded"
2026-09-28 21:03:10.779 - INFO: Processing the following SPARQL query:
# Tier H — size-sweep
# Goal: isolate export cost from query-planning cost. Raise the year bound
# across runs, for example 1970, 1990, 2010, and 2023.
PREFIX dblp: <https://dblp.org/rdf/schema#>

CONSTRUCT { ?s ?p ?o }
WHERE {
  ?s a dblp:Publication ;
     dblp:yearOfPublication ?year ;
     ?p ?o .
  FILTER(?year <= "1970"^^<http://www.w3.org/2001/XMLSchema#gYear>)
}

2026-09-28 21:03:10.779 - INFO: Requested media types of the result are: "text/turtle"
2026-09-28 21:03:10.780 - INFO: Query planning done in 1 ms
2026-09-28 21:03:10.803 - INFO: Result has unknown size (not computed yet)
2026-09-28 21:03:11.393 - INFO: Done processing query and sending result, total time was 614 ms
2026-09-28 21:03:45.118 - INFO: 
2026-09-28 21:03:45.118 - INFO: Request received via GET, no content type specified
2026-09-28 21:03:45.118 - INFO: Processing command "clear-cache": clear the cache (unpinned elements only)
2026-09-28 21:03:45.136 - INFO: 
2026-09-28 21:03:45.136 - INFO: Request received via POST, content type "application/x-www-form-urlencoded"
2026-09-28 21:03:45.136 - INFO: Processing the following SPARQL query:
# Tier H — size-sweep, year <= 1990
# Goal: isolate export cost from query-planning cost. Raise the year bound
# across runs, for example 1970, 1990, 2010, and 2023.
PREFIX dblp: <https://dblp.org/rdf/schema#>

CONSTRUCT { ?s ?p ?o }
WHERE {
  ?s a dblp:Publication ;
     dblp:yearOfPublication ?year ;
     ?p ?o .
  FILTER(?year <= "1990"^^<http://www.w3.org/2001/XMLSchema#gYear>)
}

2026-09-28 21:03:45.136 - INFO: Requested media types of the result are: "text/turtle"
2026-09-28 21:03:45.137 - INFO: Query planning done in 1 ms
2026-09-28 21:03:45.239 - INFO: Result has unknown size (not computed yet)
2026-09-28 21:03:52.262 - INFO: Done processing query and sending result, total time was 7,125 ms
2026-09-28 21:04:40.408 - INFO: 
2026-09-28 21:04:40.408 - INFO: Request received via GET, no content type specified
2026-09-28 21:04:40.408 - INFO: Processing command "clear-cache": clear the cache (unpinned elements only)
2026-09-28 21:04:40.426 - INFO: 
2026-09-28 21:04:40.426 - INFO: Request received via POST, content type "application/x-www-form-urlencoded"
2026-09-28 21:04:40.427 - INFO: Processing the following SPARQL query:
# Tier H — size-sweep, year <= 1990
# Goal: isolate export cost from query-planning cost. Raise the year bound
# across runs, for example 1970, 1990, 2010, and 2023.
PREFIX dblp: <https://dblp.org/rdf/schema#>

CONSTRUCT { ?s ?p ?o }
WHERE {
  ?s a dblp:Publication ;
     dblp:yearOfPublication ?year ;
     ?p ?o .
  FILTER(?year <= "1990"^^<http://www.w3.org/2001/XMLSchema#gYear>)
}

2026-09-28 21:04:40.427 - INFO: Requested media types of the result are: "text/turtle"
2026-09-28 21:04:40.427 - INFO: Query planning done in 1 ms
2026-09-28 21:04:40.509 - INFO: Result has unknown size (not computed yet)
2026-09-28 21:04:47.603 - INFO: Done processing query and sending result, total time was 7,177 ms
2026-09-28 21:04:47.623 - INFO: 
2026-09-28 21:04:47.623 - INFO: Request received via GET, no content type specified
2026-09-28 21:04:47.623 - INFO: Processing command "clear-cache": clear the cache (unpinned elements only)
2026-09-28 21:04:47.641 - INFO: 
2026-09-28 21:04:47.641 - INFO: Request received via POST, content type "application/x-www-form-urlencoded"
2026-09-28 21:04:47.641 - INFO: Processing the following SPARQL query:
# Tier H — size-sweep, year <= 1990
# Goal: isolate export cost from query-planning cost. Raise the year bound
# across runs, for example 1970, 1990, 2010, and 2023.
PREFIX dblp: <https://dblp.org/rdf/schema#>

CONSTRUCT { ?s ?p ?o }
WHERE {
  ?s a dblp:Publication ;
     dblp:yearOfPublication ?year ;
     ?p ?o .
  FILTER(?year <= "1990"^^<http://www.w3.org/2001/XMLSchema#gYear>)
}

2026-09-28 21:04:47.641 - INFO: Requested media types of the result are: "text/turtle"
2026-09-28 21:04:47.642 - INFO: Query planning done in 1 ms
2026-09-28 21:04:47.742 - INFO: Result has unknown size (not computed yet)
2026-09-28 21:04:54.477 - INFO: Done processing query and sending result, total time was 6,836 ms
2026-09-28 21:05:21.315 - INFO: 
2026-09-28 21:05:21.315 - INFO: Request received via GET, no content type specified
2026-09-28 21:05:21.315 - INFO: Processing command "clear-cache": clear the cache (unpinned elements only)
2026-09-28 21:05:21.333 - INFO: 
2026-09-28 21:05:21.333 - INFO: Request received via POST, content type "application/x-www-form-urlencoded"
2026-09-28 21:05:21.333 - INFO: Processing the following SPARQL query:
# Tier H — size-sweep, year <= 1990
# Goal: isolate export cost from query-planning cost. Raise the year bound
# across runs, for example 1970, 1990, 2010, and 2023.
PREFIX dblp: <https://dblp.org/rdf/schema#>

CONSTRUCT { ?s ?p ?o }
WHERE {
  ?s a dblp:Publication ;
     dblp:yearOfPublication ?year ;
     ?p ?o .
  FILTER(?year <= "1990"^^<http://www.w3.org/2001/XMLSchema#gYear>)
}

2026-09-28 21:05:21.333 - INFO: Requested media types of the result are: "text/turtle"
2026-09-28 21:05:21.334 - INFO: Query planning done in 1 ms
2026-09-28 21:05:21.416 - INFO: Result has unknown size (not computed yet)
2026-09-28 21:05:28.116 - INFO: Done processing query and sending result, total time was 6,783 ms
2026-09-28 21:05:28.136 - INFO: 
2026-09-28 21:05:28.136 - INFO: Request received via GET, no content type specified
2026-09-28 21:05:28.136 - INFO: Processing command "clear-cache": clear the cache (unpinned elements only)
2026-09-28 21:05:28.154 - INFO: 
2026-09-28 21:05:28.154 - INFO: Request received via POST, content type "application/x-www-form-urlencoded"
2026-09-28 21:05:28.154 - INFO: Processing the following SPARQL query:
# Tier H — size-sweep, year <= 1990
# Goal: isolate export cost from query-planning cost. Raise the year bound
# across runs, for example 1970, 1990, 2010, and 2023.
PREFIX dblp: <https://dblp.org/rdf/schema#>

CONSTRUCT { ?s ?p ?o }
WHERE {
  ?s a dblp:Publication ;
     dblp:yearOfPublication ?year ;
     ?p ?o .
  FILTER(?year <= "1990"^^<http://www.w3.org/2001/XMLSchema#gYear>)
}

2026-09-28 21:05:28.154 - INFO: Requested media types of the result are: "text/turtle"
2026-09-28 21:05:28.155 - INFO: Query planning done in 1 ms
2026-09-28 21:05:28.259 - INFO: Result has unknown size (not computed yet)
2026-09-28 21:05:35.463 - INFO: Done processing query and sending result, total time was 7,309 ms
2026-09-28 21:06:57.296 - INFO: 
2026-09-28 21:06:57.296 - INFO: Request received via GET, no content type specified
2026-09-28 21:06:57.296 - INFO: Processing command "clear-cache": clear the cache (unpinned elements only)
2026-09-28 21:06:57.315 - INFO: 
2026-09-28 21:06:57.315 - INFO: Request received via POST, content type "application/x-www-form-urlencoded"
2026-09-28 21:06:57.315 - INFO: Processing the following SPARQL query:
# Tier H — size-sweep, year <= 1990
# Goal: isolate export cost from query-planning cost. Raise the year bound
# across runs, for example 1970, 1990, 2010, and 2023.
PREFIX dblp: <https://dblp.org/rdf/schema#>

CONSTRUCT { ?s ?p ?o }
WHERE {
  ?s a dblp:Publication ;
     dblp:yearOfPublication ?year ;
     ?p ?o .
  FILTER(?year <= "1990"^^<http://www.w3.org/2001/XMLSchema#gYear>)
}

2026-09-28 21:06:57.315 - INFO: Requested media types of the result are: "text/turtle"
2026-09-28 21:06:57.316 - INFO: Query planning done in 1 ms
2026-09-28 21:06:57.396 - INFO: Result has unknown size (not computed yet)
2026-09-28 21:07:04.207 - INFO: Done processing query and sending result, total time was 6,891 ms
2026-09-28 21:07:04.226 - INFO: 
2026-09-28 21:07:04.226 - INFO: Request received via GET, no content type specified
2026-09-28 21:07:04.226 - INFO: Processing command "clear-cache": clear the cache (unpinned elements only)
2026-09-28 21:07:04.252 - INFO: 
2026-09-28 21:07:04.252 - INFO: Request received via POST, content type "application/x-www-form-urlencoded"
2026-09-28 21:07:04.253 - INFO: Processing the following SPARQL query:
# Tier H — size-sweep, year <= 1990
# Goal: isolate export cost from query-planning cost. Raise the year bound
# across runs, for example 1970, 1990, 2010, and 2023.
PREFIX dblp: <https://dblp.org/rdf/schema#>

CONSTRUCT { ?s ?p ?o }
WHERE {
  ?s a dblp:Publication ;
     dblp:yearOfPublication ?year ;
     ?p ?o .
  FILTER(?year <= "1990"^^<http://www.w3.org/2001/XMLSchema#gYear>)
}

2026-09-28 21:07:04.253 - INFO: Requested media types of the result are: "text/turtle"
2026-09-28 21:07:04.254 - INFO: Query planning done in 1 ms
2026-09-28 21:07:04.338 - INFO: Result has unknown size (not computed yet)
2026-09-28 21:07:11.376 - INFO: Done processing query and sending result, total time was 7,124 ms
2026-09-28 21:07:37.776 - INFO: 
2026-09-28 21:07:37.776 - INFO: Request received via GET, no content type specified
2026-09-28 21:07:37.776 - INFO: Processing command "clear-cache": clear the cache (unpinned elements only)
2026-09-28 21:07:37.794 - INFO: 
2026-09-28 21:07:37.794 - INFO: Request received via POST, content type "application/x-www-form-urlencoded"
2026-09-28 21:07:37.794 - INFO: Processing the following SPARQL query:
# Tier H — size-sweep, year <= 1990
# Goal: isolate export cost from query-planning cost. Raise the year bound
# across runs, for example 1970, 1990, 2010, and 2023.
PREFIX dblp: <https://dblp.org/rdf/schema#>

CONSTRUCT { ?s ?p ?o }
WHERE {
  ?s a dblp:Publication ;
     dblp:yearOfPublication ?year ;
     ?p ?o .
  FILTER(?year <= "1990"^^<http://www.w3.org/2001/XMLSchema#gYear>)
}

2026-09-28 21:07:37.794 - INFO: Requested media types of the result are: "text/turtle"
2026-09-28 21:07:37.795 - INFO: Query planning done in 1 ms
2026-09-28 21:07:37.874 - INFO: Result has unknown size (not computed yet)
2026-09-28 21:07:44.930 - INFO: Done processing query and sending result, total time was 7,136 ms
2026-09-28 21:07:44.949 - INFO: 
2026-09-28 21:07:44.949 - INFO: Request received via GET, no content type specified
2026-09-28 21:07:44.949 - INFO: Processing command "clear-cache": clear the cache (unpinned elements only)
2026-09-28 21:07:44.967 - INFO: 
2026-09-28 21:07:44.967 - INFO: Request received via POST, content type "application/x-www-form-urlencoded"
2026-09-28 21:07:44.968 - INFO: Processing the following SPARQL query:
# Tier H — size-sweep, year <= 1990
# Goal: isolate export cost from query-planning cost. Raise the year bound
# across runs, for example 1970, 1990, 2010, and 2023.
PREFIX dblp: <https://dblp.org/rdf/schema#>

CONSTRUCT { ?s ?p ?o }
WHERE {
  ?s a dblp:Publication ;
     dblp:yearOfPublication ?year ;
     ?p ?o .
  FILTER(?year <= "1990"^^<http://www.w3.org/2001/XMLSchema#gYear>)
}

2026-09-28 21:07:44.968 - INFO: Requested media types of the result are: "text/turtle"
2026-09-28 21:07:44.969 - INFO: Query planning done in 1 ms
2026-09-28 21:07:45.075 - INFO: Result has unknown size (not computed yet)
2026-09-28 21:07:52.104 - INFO: Done processing query and sending result, total time was 7,137 ms
2026-09-28 21:09:15.187 - INFO: 
2026-09-28 21:09:15.187 - INFO: Request received via GET, no content type specified
2026-09-28 21:09:15.187 - INFO: Processing command "clear-cache": clear the cache (unpinned elements only)
2026-09-28 21:09:15.205 - INFO: 
2026-09-28 21:09:15.205 - INFO: Request received via POST, content type "application/x-www-form-urlencoded"
2026-09-28 21:09:15.205 - INFO: Processing the following SPARQL query:
# Tier H — size-sweep, year <= 1990
# Goal: isolate export cost from query-planning cost. Raise the year bound
# across runs, for example 1970, 1990, 2010, and 2023.
PREFIX dblp: <https://dblp.org/rdf/schema#>

CONSTRUCT { ?s ?p ?o }
WHERE {
  ?s a dblp:Publication ;
     dblp:yearOfPublication ?year ;
     ?p ?o .
  FILTER(?year <= "1990"^^<http://www.w3.org/2001/XMLSchema#gYear>)
}

2026-09-28 21:09:15.205 - INFO: Requested media types of the result are: "text/turtle"
2026-09-28 21:09:15.206 - INFO: Query planning done in 1 ms
2026-09-28 21:09:15.291 - INFO: Result has unknown size (not computed yet)
2026-09-28 21:09:22.078 - INFO: Done processing query and sending result, total time was 6,873 ms
2026-09-28 21:09:22.099 - INFO: 
2026-09-28 21:09:22.099 - INFO: Request received via GET, no content type specified
2026-09-28 21:09:22.099 - INFO: Processing command "clear-cache": clear the cache (unpinned elements only)
2026-09-28 21:09:22.117 - INFO: 
2026-09-28 21:09:22.117 - INFO: Request received via POST, content type "application/x-www-form-urlencoded"
2026-09-28 21:09:22.117 - INFO: Processing the following SPARQL query:
# Tier H — size-sweep, year <= 1990
# Goal: isolate export cost from query-planning cost. Raise the year bound
# across runs, for example 1970, 1990, 2010, and 2023.
PREFIX dblp: <https://dblp.org/rdf/schema#>

CONSTRUCT { ?s ?p ?o }
WHERE {
  ?s a dblp:Publication ;
     dblp:yearOfPublication ?year ;
     ?p ?o .
  FILTER(?year <= "1990"^^<http://www.w3.org/2001/XMLSchema#gYear>)
}

2026-09-28 21:09:22.117 - INFO: Requested media types of the result are: "text/turtle"
2026-09-28 21:09:22.118 - INFO: Query planning done in 1 ms
2026-09-28 21:09:22.198 - INFO: Result has unknown size (not computed yet)
2026-09-28 21:09:29.289 - INFO: Done processing query and sending result, total time was 7,172 ms
2026-09-28 21:09:56.218 - INFO: 
2026-09-28 21:09:56.218 - INFO: Request received via GET, no content type specified
2026-09-28 21:09:56.218 - INFO: Processing command "clear-cache": clear the cache (unpinned elements only)
2026-09-28 21:09:56.236 - INFO: 
2026-09-28 21:09:56.236 - INFO: Request received via POST, content type "application/x-www-form-urlencoded"
2026-09-28 21:09:56.237 - INFO: Processing the following SPARQL query:
# Tier H — size-sweep, year <= 1990
# Goal: isolate export cost from query-planning cost. Raise the year bound
# across runs, for example 1970, 1990, 2010, and 2023.
PREFIX dblp: <https://dblp.org/rdf/schema#>

CONSTRUCT { ?s ?p ?o }
WHERE {
  ?s a dblp:Publication ;
     dblp:yearOfPublication ?year ;
     ?p ?o .
  FILTER(?year <= "1990"^^<http://www.w3.org/2001/XMLSchema#gYear>)
}

2026-09-28 21:09:56.237 - INFO: Requested media types of the result are: "text/turtle"
2026-09-28 21:09:56.238 - INFO: Query planning done in 1 ms
2026-09-28 21:09:56.317 - INFO: Result has unknown size (not computed yet)
2026-09-28 21:10:03.112 - INFO: Done processing query and sending result, total time was 6,875 ms
2026-09-28 21:10:03.132 - INFO: 
2026-09-28 21:10:03.132 - INFO: Request received via GET, no content type specified
2026-09-28 21:10:03.132 - INFO: Processing command "clear-cache": clear the cache (unpinned elements only)
2026-09-28 21:10:03.158 - INFO: 
2026-09-28 21:10:03.158 - INFO: Request received via POST, content type "application/x-www-form-urlencoded"
2026-09-28 21:10:03.158 - INFO: Processing the following SPARQL query:
# Tier H — size-sweep, year <= 1990
# Goal: isolate export cost from query-planning cost. Raise the year bound
# across runs, for example 1970, 1990, 2010, and 2023.
PREFIX dblp: <https://dblp.org/rdf/schema#>

CONSTRUCT { ?s ?p ?o }
WHERE {
  ?s a dblp:Publication ;
     dblp:yearOfPublication ?year ;
     ?p ?o .
  FILTER(?year <= "1990"^^<http://www.w3.org/2001/XMLSchema#gYear>)
}

2026-09-28 21:10:03.158 - INFO: Requested media types of the result are: "text/turtle"
2026-09-28 21:10:03.159 - INFO: Query planning done in 1 ms
2026-09-28 21:10:03.241 - INFO: Result has unknown size (not computed yet)
2026-09-28 21:10:10.204 - INFO: Done processing query and sending result, total time was 7,046 ms
2026-09-28 21:11:31.244 - INFO: 
2026-09-28 21:11:31.244 - INFO: Request received via GET, no content type specified
2026-09-28 21:11:31.244 - INFO: Processing command "clear-cache": clear the cache (unpinned elements only)
2026-09-28 21:11:31.270 - INFO: 
2026-09-28 21:11:31.270 - INFO: Request received via POST, content type "application/x-www-form-urlencoded"
2026-09-28 21:11:31.270 - INFO: Processing the following SPARQL query:
# Tier H — size-sweep, year <= 1990
# Goal: isolate export cost from query-planning cost. Raise the year bound
# across runs, for example 1970, 1990, 2010, and 2023.
PREFIX dblp: <https://dblp.org/rdf/schema#>

CONSTRUCT { ?s ?p ?o }
WHERE {
  ?s a dblp:Publication ;
     dblp:yearOfPublication ?year ;
     ?p ?o .
  FILTER(?year <= "1990"^^<http://www.w3.org/2001/XMLSchema#gYear>)
}

2026-09-28 21:11:31.270 - INFO: Requested media types of the result are: "text/turtle"
2026-09-28 21:11:31.271 - INFO: Query planning done in 1 ms
2026-09-28 21:11:31.351 - INFO: Result has unknown size (not computed yet)
2026-09-28 21:11:38.138 - INFO: Done processing query and sending result, total time was 6,868 ms
2026-09-28 21:11:38.158 - INFO: 
2026-09-28 21:11:38.159 - INFO: Request received via GET, no content type specified
2026-09-28 21:11:38.159 - INFO: Processing command "clear-cache": clear the cache (unpinned elements only)
2026-09-28 21:11:38.182 - INFO: 
2026-09-28 21:11:38.182 - INFO: Request received via POST, content type "application/x-www-form-urlencoded"
2026-09-28 21:11:38.182 - INFO: Processing the following SPARQL query:
# Tier H — size-sweep, year <= 1990
# Goal: isolate export cost from query-planning cost. Raise the year bound
# across runs, for example 1970, 1990, 2010, and 2023.
PREFIX dblp: <https://dblp.org/rdf/schema#>

CONSTRUCT { ?s ?p ?o }
WHERE {
  ?s a dblp:Publication ;
     dblp:yearOfPublication ?year ;
     ?p ?o .
  FILTER(?year <= "1990"^^<http://www.w3.org/2001/XMLSchema#gYear>)
}

2026-09-28 21:11:38.182 - INFO: Requested media types of the result are: "text/turtle"
2026-09-28 21:11:38.183 - INFO: Query planning done in 1 ms
2026-09-28 21:11:38.288 - INFO: Result has unknown size (not computed yet)
2026-09-28 21:11:45.476 - INFO: Done processing query and sending result, total time was 7,294 ms
2026-09-28 21:12:13.028 - INFO: 
2026-09-28 21:12:13.028 - INFO: Request received via GET, no content type specified
2026-09-28 21:12:13.028 - INFO: Processing command "clear-cache": clear the cache (unpinned elements only)
2026-09-28 21:12:13.046 - INFO: 
2026-09-28 21:12:13.046 - INFO: Request received via POST, content type "application/x-www-form-urlencoded"
2026-09-28 21:12:13.046 - INFO: Processing the following SPARQL query:
# Tier H — size-sweep, year <= 1990
# Goal: isolate export cost from query-planning cost. Raise the year bound
# across runs, for example 1970, 1990, 2010, and 2023.
PREFIX dblp: <https://dblp.org/rdf/schema#>

CONSTRUCT { ?s ?p ?o }
WHERE {
  ?s a dblp:Publication ;
     dblp:yearOfPublication ?year ;
     ?p ?o .
  FILTER(?year <= "1990"^^<http://www.w3.org/2001/XMLSchema#gYear>)
}

2026-09-28 21:12:13.046 - INFO: Requested media types of the result are: "text/turtle"
2026-09-28 21:12:13.047 - INFO: Query planning done in 1 ms
2026-09-28 21:12:13.150 - INFO: Result has unknown size (not computed yet)
2026-09-28 21:12:20.089 - INFO: Done processing query and sending result, total time was 7,042 ms
2026-09-28 21:12:20.109 - INFO: 
2026-09-28 21:12:20.109 - INFO: Request received via GET, no content type specified
2026-09-28 21:12:20.109 - INFO: Processing command "clear-cache": clear the cache (unpinned elements only)
2026-09-28 21:12:20.128 - INFO: 
2026-09-28 21:12:20.128 - INFO: Request received via POST, content type "application/x-www-form-urlencoded"
2026-09-28 21:12:20.128 - INFO: Processing the following SPARQL query:
# Tier H — size-sweep, year <= 1990
# Goal: isolate export cost from query-planning cost. Raise the year bound
# across runs, for example 1970, 1990, 2010, and 2023.
PREFIX dblp: <https://dblp.org/rdf/schema#>

CONSTRUCT { ?s ?p ?o }
WHERE {
  ?s a dblp:Publication ;
     dblp:yearOfPublication ?year ;
     ?p ?o .
  FILTER(?year <= "1990"^^<http://www.w3.org/2001/XMLSchema#gYear>)
}

2026-09-28 21:12:20.128 - INFO: Requested media types of the result are: "text/turtle"
2026-09-28 21:12:20.129 - INFO: Query planning done in 1 ms
2026-09-28 21:12:20.231 - INFO: Result has unknown size (not computed yet)
2026-09-28 21:12:27.401 - INFO: Done processing query and sending result, total time was 7,273 ms
2026-09-28 21:13:48.743 - INFO: 
2026-09-28 21:13:48.743 - INFO: Request received via GET, no content type specified
2026-09-28 21:13:48.743 - INFO: Processing command "clear-cache": clear the cache (unpinned elements only)
2026-09-28 21:13:48.761 - INFO: 
2026-09-28 21:13:48.761 - INFO: Request received via POST, content type "application/x-www-form-urlencoded"
2026-09-28 21:13:48.761 - INFO: Processing the following SPARQL query:
# Tier H — size-sweep, year <= 1990
# Goal: isolate export cost from query-planning cost. Raise the year bound
# across runs, for example 1970, 1990, 2010, and 2023.
PREFIX dblp: <https://dblp.org/rdf/schema#>

CONSTRUCT { ?s ?p ?o }
WHERE {
  ?s a dblp:Publication ;
     dblp:yearOfPublication ?year ;
     ?p ?o .
  FILTER(?year <= "1990"^^<http://www.w3.org/2001/XMLSchema#gYear>)
}

2026-09-28 21:13:48.761 - INFO: Requested media types of the result are: "text/turtle"
2026-09-28 21:13:48.762 - INFO: Query planning done in 1 ms
2026-09-28 21:13:48.841 - INFO: Result has unknown size (not computed yet)
2026-09-28 21:13:55.995 - INFO: Done processing query and sending result, total time was 7,234 ms
2026-09-28 21:13:56.014 - INFO: 
2026-09-28 21:13:56.014 - INFO: Request received via GET, no content type specified
2026-09-28 21:13:56.014 - INFO: Processing command "clear-cache": clear the cache (unpinned elements only)
2026-09-28 21:13:56.033 - INFO: 
2026-09-28 21:13:56.033 - INFO: Request received via POST, content type "application/x-www-form-urlencoded"
2026-09-28 21:13:56.033 - INFO: Processing the following SPARQL query:
# Tier H — size-sweep, year <= 1990
# Goal: isolate export cost from query-planning cost. Raise the year bound
# across runs, for example 1970, 1990, 2010, and 2023.
PREFIX dblp: <https://dblp.org/rdf/schema#>

CONSTRUCT { ?s ?p ?o }
WHERE {
  ?s a dblp:Publication ;
     dblp:yearOfPublication ?year ;
     ?p ?o .
  FILTER(?year <= "1990"^^<http://www.w3.org/2001/XMLSchema#gYear>)
}

2026-09-28 21:13:56.033 - INFO: Requested media types of the result are: "text/turtle"
2026-09-28 21:13:56.034 - INFO: Query planning done in 1 ms
2026-09-28 21:13:56.110 - INFO: Result has unknown size (not computed yet)
2026-09-28 21:14:02.882 - INFO: Done processing query and sending result, total time was 6,849 ms
2026-09-28 21:14:29.896 - INFO: 
2026-09-28 21:14:29.896 - INFO: Request received via GET, no content type specified
2026-09-28 21:14:29.896 - INFO: Processing command "clear-cache": clear the cache (unpinned elements only)
2026-09-28 21:14:29.922 - INFO: 
2026-09-28 21:14:29.922 - INFO: Request received via POST, content type "application/x-www-form-urlencoded"
2026-09-28 21:14:29.922 - INFO: Processing the following SPARQL query:
# Tier H — size-sweep, year <= 1990
# Goal: isolate export cost from query-planning cost. Raise the year bound
# across runs, for example 1970, 1990, 2010, and 2023.
PREFIX dblp: <https://dblp.org/rdf/schema#>

CONSTRUCT { ?s ?p ?o }
WHERE {
  ?s a dblp:Publication ;
     dblp:yearOfPublication ?year ;
     ?p ?o .
  FILTER(?year <= "1990"^^<http://www.w3.org/2001/XMLSchema#gYear>)
}

2026-09-28 21:14:29.922 - INFO: Requested media types of the result are: "text/turtle"
2026-09-28 21:14:29.923 - INFO: Query planning done in 1 ms
2026-09-28 21:14:30.007 - INFO: Result has unknown size (not computed yet)
2026-09-28 21:14:36.704 - INFO: Done processing query and sending result, total time was 6,782 ms
2026-09-28 21:14:36.724 - INFO: 
2026-09-28 21:14:36.724 - INFO: Request received via GET, no content type specified
2026-09-28 21:14:36.724 - INFO: Processing command "clear-cache": clear the cache (unpinned elements only)
2026-09-28 21:14:36.743 - INFO: 
2026-09-28 21:14:36.743 - INFO: Request received via POST, content type "application/x-www-form-urlencoded"
2026-09-28 21:14:36.743 - INFO: Processing the following SPARQL query:
# Tier H — size-sweep, year <= 1990
# Goal: isolate export cost from query-planning cost. Raise the year bound
# across runs, for example 1970, 1990, 2010, and 2023.
PREFIX dblp: <https://dblp.org/rdf/schema#>

CONSTRUCT { ?s ?p ?o }
WHERE {
  ?s a dblp:Publication ;
     dblp:yearOfPublication ?year ;
     ?p ?o .
  FILTER(?year <= "1990"^^<http://www.w3.org/2001/XMLSchema#gYear>)
}

2026-09-28 21:14:36.743 - INFO: Requested media types of the result are: "text/turtle"
2026-09-28 21:14:36.744 - INFO: Query planning done in 1 ms
2026-09-28 21:14:36.824 - INFO: Result has unknown size (not computed yet)
2026-09-28 21:14:43.462 - INFO: Done processing query and sending result, total time was 6,719 ms
2026-09-28 21:15:54.889 - INFO: 
2026-09-28 21:15:54.889 - INFO: Request received via GET, no content type specified
2026-09-28 21:15:54.889 - INFO: Processing command "clear-cache": clear the cache (unpinned elements only)
2026-09-28 21:15:54.927 - INFO: 
2026-09-28 21:15:54.928 - INFO: Request received via POST, content type "application/x-www-form-urlencoded"
2026-09-28 21:15:54.928 - INFO: Processing the following SPARQL query:
# Tier H — size-sweep, year <= 1990
# Goal: isolate export cost from query-planning cost. Raise the year bound
# across runs, for example 1970, 1990, 2010, and 2023.
PREFIX dblp: <https://dblp.org/rdf/schema#>

CONSTRUCT { ?s ?p ?o }
WHERE {
  ?s a dblp:Publication ;
     dblp:yearOfPublication ?year ;
     ?p ?o .
  FILTER(?year <= "1990"^^<http://www.w3.org/2001/XMLSchema#gYear>)
}

2026-09-28 21:15:54.928 - INFO: Requested media types of the result are: "text/turtle"
2026-09-28 21:15:54.929 - INFO: Query planning done in 1 ms
2026-09-28 21:15:55.012 - INFO: Result has unknown size (not computed yet)
2026-09-28 21:16:02.555 - INFO: Done processing query and sending result, total time was 7,627 ms
