2026-09-28 20:36:12.583 - INFO: [1mQLever server v0.6.0-202-g13ccf0a8f, compiled on Mon Sep 28 17:53:31 UTC 2026 using git hash 13ccf0a[22m
2026-09-28 20:36:12.583 - INFO: Runtime parameter set from the command line: use-fast-export-stream-formatter=true
2026-09-28 20:36:12.583 - INFO: Cleanup of previous index directories after each rebuild enabled (--rebuild-keep-previous-index-dirs original-and-most-recent)
2026-09-28 20:36:12.584 - INFO: The git hash used to build this index was "65f84b4"
2026-09-28 20:36:12.584 - INFO: Reading vocabulary from file /local/data-ssd/stoetzem/dblp/dblp.vocabulary.words ...
2026-09-28 20:36:12.590 - INFO: Done, number of words: 446,944,668
2026-09-28 20:36:12.590 - INFO: Number of words in internal vocabulary (these are also part of the external vocabulary): 446,955
2026-09-28 20:36:12.594 - INFO: Registered PSO permutation: #relations = 6, #blocks = 8,187, #triples = 255,805,025
2026-09-28 20:36:12.615 - INFO: Registered PSO permutation: #relations = 96, #blocks = 51,023, #triples = 1,593,245,022
2026-09-28 20:36:12.617 - INFO: Registered POS permutation: #relations = 6, #blocks = 8,187, #triples = 255,805,025
2026-09-28 20:36:12.636 - INFO: Registered POS permutation: #relations = 96, #blocks = 51,023, #triples = 1,593,245,022
2026-09-28 20:36:12.652 - INFO: Registered OPS permutation: #relations = 345,357,897, #blocks = 42,492, #triples = 1,593,245,022
2026-09-28 20:36:12.668 - INFO: Registered OSP permutation: #relations = 345,357,897, #blocks = 42,492, #triples = 1,593,245,022
2026-09-28 20:36:12.678 - INFO: Registered SPO permutation: #relations = 255,804,614, #blocks = 33,993, #triples = 1,593,245,022
2026-09-28 20:36:12.686 - INFO: Registered SOP permutation: #relations = 255,804,614, #blocks = 33,993, #triples = 1,593,245,022
2026-09-28 20:36:12.686 - INFO: Reading patterns from file /local/data-ssd/stoetzem/dblp/dblp.index.patterns ...
2026-09-28 20:36:12.686 - INFO: Sorting random result tables to estimate the sorting performance of this machine ...
2026-09-28 20:36:20.749 - INFO: Initializing server ...
2026-09-28 20:36:20.749 - INFO: No access token required for restricted API calls
2026-09-28 20:36:20.749 - INFO: The server is ready, listening for requests on port 7303 ...
2026-09-28 20:36:59.007 - INFO: 
2026-09-28 20:36:59.007 - INFO: Request received via GET, no content type specified
2026-09-28 20:36:59.007 - INFO: Processing command "clear-cache": clear the cache (unpinned elements only)
2026-09-28 20:36:59.025 - INFO: 
2026-09-28 20:36:59.025 - INFO: Request received via POST, content type "application/x-www-form-urlencoded"
2026-09-28 20:36:59.027 - INFO: Processing the following SPARQL query:
# Tier H-vocab — title literals, large
# Goal: external-vocabulary lookup pressure with larger bounded output.
PREFIX dblp: <https://dblp.org/rdf/schema#>

CONSTRUCT { ?paper dblp:title ?title }
WHERE {
  ?paper dblp:title ?title .
}
LIMIT 100000

2026-09-28 20:36:59.027 - INFO: Requested media types of the result are: "text/turtle"
2026-09-28 20:36:59.028 - INFO: Query planning done in 2 ms
2026-09-28 20:36:59.028 - INFO: Result has unknown size (not computed yet)
2026-09-28 20:36:59.322 - INFO: Done processing query and sending result, total time was 296 ms
2026-09-28 20:37:08.846 - INFO: 
2026-09-28 20:37:08.846 - INFO: Request received via GET, no content type specified
2026-09-28 20:37:08.846 - INFO: Processing command "clear-cache": clear the cache (unpinned elements only)
2026-09-28 20:37:08.864 - INFO: 
2026-09-28 20:37:08.864 - INFO: Request received via POST, content type "application/x-www-form-urlencoded"
2026-09-28 20:37:08.864 - INFO: Processing the following SPARQL query:
# Tier H-vocab — title literals, large
# Goal: external-vocabulary lookup pressure with larger bounded output.
PREFIX dblp: <https://dblp.org/rdf/schema#>

CONSTRUCT { ?paper dblp:title ?title }
WHERE {
  ?paper dblp:title ?title .
}
LIMIT 100000

2026-09-28 20:37:08.864 - INFO: Requested media types of the result are: "text/turtle"
2026-09-28 20:37:08.864 - INFO: Query planning done in 0 ms
2026-09-28 20:37:08.864 - INFO: Result has unknown size (not computed yet)
2026-09-28 20:37:09.157 - INFO: Done processing query and sending result, total time was 293 ms
2026-09-28 20:37:09.177 - INFO: 
2026-09-28 20:37:09.177 - INFO: Request received via GET, no content type specified
2026-09-28 20:37:09.177 - INFO: Processing command "clear-cache": clear the cache (unpinned elements only)
2026-09-28 20:37:09.195 - INFO: 
2026-09-28 20:37:09.195 - INFO: Request received via POST, content type "application/x-www-form-urlencoded"
2026-09-28 20:37:09.196 - INFO: Processing the following SPARQL query:
# Tier H-vocab — title literals, large
# Goal: external-vocabulary lookup pressure with larger bounded output.
PREFIX dblp: <https://dblp.org/rdf/schema#>

CONSTRUCT { ?paper dblp:title ?title }
WHERE {
  ?paper dblp:title ?title .
}
LIMIT 100000

2026-09-28 20:37:09.196 - INFO: Requested media types of the result are: "text/turtle"
2026-09-28 20:37:09.196 - INFO: Query planning done in 0 ms
2026-09-28 20:37:09.196 - INFO: Result has unknown size (not computed yet)
2026-09-28 20:37:09.489 - INFO: Done processing query and sending result, total time was 293 ms
2026-09-28 20:37:09.509 - INFO: 
2026-09-28 20:37:09.509 - INFO: Request received via GET, no content type specified
2026-09-28 20:37:09.509 - INFO: Processing command "clear-cache": clear the cache (unpinned elements only)
2026-09-28 20:37:09.527 - INFO: 
2026-09-28 20:37:09.527 - INFO: Request received via POST, content type "application/x-www-form-urlencoded"
2026-09-28 20:37:09.527 - INFO: Processing the following SPARQL query:
# Tier H-vocab — title literals, large
# Goal: external-vocabulary lookup pressure with larger bounded output.
PREFIX dblp: <https://dblp.org/rdf/schema#>

CONSTRUCT { ?paper dblp:title ?title }
WHERE {
  ?paper dblp:title ?title .
}
LIMIT 100000

2026-09-28 20:37:09.527 - INFO: Requested media types of the result are: "text/turtle"
2026-09-28 20:37:09.528 - INFO: Query planning done in 0 ms
2026-09-28 20:37:09.528 - INFO: Result has unknown size (not computed yet)
2026-09-28 20:37:09.821 - INFO: Done processing query and sending result, total time was 293 ms
2026-09-28 20:37:09.841 - INFO: 
2026-09-28 20:37:09.841 - INFO: Request received via GET, no content type specified
2026-09-28 20:37:09.841 - INFO: Processing command "clear-cache": clear the cache (unpinned elements only)
2026-09-28 20:37:09.859 - INFO: 
2026-09-28 20:37:09.859 - INFO: Request received via POST, content type "application/x-www-form-urlencoded"
2026-09-28 20:37:09.859 - INFO: Processing the following SPARQL query:
# Tier H-vocab — title literals, large
# Goal: external-vocabulary lookup pressure with larger bounded output.
PREFIX dblp: <https://dblp.org/rdf/schema#>

CONSTRUCT { ?paper dblp:title ?title }
WHERE {
  ?paper dblp:title ?title .
}
LIMIT 100000

2026-09-28 20:37:09.859 - INFO: Requested media types of the result are: "text/turtle"
2026-09-28 20:37:09.859 - INFO: Query planning done in 0 ms
2026-09-28 20:37:09.859 - INFO: Result has unknown size (not computed yet)
2026-09-28 20:37:10.152 - INFO: Done processing query and sending result, total time was 293 ms
2026-09-28 20:37:10.172 - INFO: 
2026-09-28 20:37:10.172 - INFO: Request received via GET, no content type specified
2026-09-28 20:37:10.172 - INFO: Processing command "clear-cache": clear the cache (unpinned elements only)
2026-09-28 20:37:10.190 - INFO: 
2026-09-28 20:37:10.190 - INFO: Request received via POST, content type "application/x-www-form-urlencoded"
2026-09-28 20:37:10.190 - INFO: Processing the following SPARQL query:
# Tier H-vocab — title literals, large
# Goal: external-vocabulary lookup pressure with larger bounded output.
PREFIX dblp: <https://dblp.org/rdf/schema#>

CONSTRUCT { ?paper dblp:title ?title }
WHERE {
  ?paper dblp:title ?title .
}
LIMIT 100000

2026-09-28 20:37:10.190 - INFO: Requested media types of the result are: "text/turtle"
2026-09-28 20:37:10.190 - INFO: Query planning done in 0 ms
2026-09-28 20:37:10.190 - INFO: Result has unknown size (not computed yet)
2026-09-28 20:37:10.482 - INFO: Done processing query and sending result, total time was 292 ms
2026-09-28 20:37:10.502 - INFO: 
2026-09-28 20:37:10.502 - INFO: Request received via GET, no content type specified
2026-09-28 20:37:10.502 - INFO: Processing command "clear-cache": clear the cache (unpinned elements only)
2026-09-28 20:37:10.520 - INFO: 
2026-09-28 20:37:10.520 - INFO: Request received via POST, content type "application/x-www-form-urlencoded"
2026-09-28 20:37:10.520 - INFO: Processing the following SPARQL query:
# Tier H-vocab — title literals, large
# Goal: external-vocabulary lookup pressure with larger bounded output.
PREFIX dblp: <https://dblp.org/rdf/schema#>

CONSTRUCT { ?paper dblp:title ?title }
WHERE {
  ?paper dblp:title ?title .
}
LIMIT 100000

2026-09-28 20:37:10.520 - INFO: Requested media types of the result are: "text/turtle"
2026-09-28 20:37:10.520 - INFO: Query planning done in 0 ms
2026-09-28 20:37:10.520 - INFO: Result has unknown size (not computed yet)
2026-09-28 20:37:10.808 - INFO: Done processing query and sending result, total time was 287 ms
2026-09-28 20:37:10.828 - INFO: 
2026-09-28 20:37:10.828 - INFO: Request received via GET, no content type specified
2026-09-28 20:37:10.828 - INFO: Processing command "clear-cache": clear the cache (unpinned elements only)
2026-09-28 20:37:10.846 - INFO: 
2026-09-28 20:37:10.846 - INFO: Request received via POST, content type "application/x-www-form-urlencoded"
2026-09-28 20:37:10.846 - INFO: Processing the following SPARQL query:
# Tier H-vocab — title literals, large
# Goal: external-vocabulary lookup pressure with larger bounded output.
PREFIX dblp: <https://dblp.org/rdf/schema#>

CONSTRUCT { ?paper dblp:title ?title }
WHERE {
  ?paper dblp:title ?title .
}
LIMIT 100000

2026-09-28 20:37:10.846 - INFO: Requested media types of the result are: "text/turtle"
2026-09-28 20:37:10.846 - INFO: Query planning done in 0 ms
2026-09-28 20:37:10.847 - INFO: Result has unknown size (not computed yet)
2026-09-28 20:37:11.121 - INFO: Done processing query and sending result, total time was 274 ms
2026-09-28 20:37:11.141 - INFO: 
2026-09-28 20:37:11.141 - INFO: Request received via GET, no content type specified
2026-09-28 20:37:11.141 - INFO: Processing command "clear-cache": clear the cache (unpinned elements only)
2026-09-28 20:37:11.159 - INFO: 
2026-09-28 20:37:11.159 - INFO: Request received via POST, content type "application/x-www-form-urlencoded"
2026-09-28 20:37:11.159 - INFO: Processing the following SPARQL query:
# Tier H-vocab — title literals, large
# Goal: external-vocabulary lookup pressure with larger bounded output.
PREFIX dblp: <https://dblp.org/rdf/schema#>

CONSTRUCT { ?paper dblp:title ?title }
WHERE {
  ?paper dblp:title ?title .
}
LIMIT 100000

2026-09-28 20:37:11.159 - INFO: Requested media types of the result are: "text/turtle"
2026-09-28 20:37:11.160 - INFO: Query planning done in 0 ms
2026-09-28 20:37:11.160 - INFO: Result has unknown size (not computed yet)
2026-09-28 20:37:11.432 - INFO: Done processing query and sending result, total time was 273 ms
2026-09-28 20:37:11.452 - INFO: 
2026-09-28 20:37:11.453 - INFO: Request received via GET, no content type specified
2026-09-28 20:37:11.453 - INFO: Processing command "clear-cache": clear the cache (unpinned elements only)
2026-09-28 20:37:11.470 - INFO: 
2026-09-28 20:37:11.470 - INFO: Request received via POST, content type "application/x-www-form-urlencoded"
2026-09-28 20:37:11.471 - INFO: Processing the following SPARQL query:
# Tier H-vocab — title literals, large
# Goal: external-vocabulary lookup pressure with larger bounded output.
PREFIX dblp: <https://dblp.org/rdf/schema#>

CONSTRUCT { ?paper dblp:title ?title }
WHERE {
  ?paper dblp:title ?title .
}
LIMIT 100000

2026-09-28 20:37:11.471 - INFO: Requested media types of the result are: "text/turtle"
2026-09-28 20:37:11.471 - INFO: Query planning done in 0 ms
2026-09-28 20:37:11.471 - INFO: Result has unknown size (not computed yet)
2026-09-28 20:37:11.742 - INFO: Done processing query and sending result, total time was 271 ms
2026-09-28 20:37:11.762 - INFO: 
2026-09-28 20:37:11.762 - INFO: Request received via GET, no content type specified
2026-09-28 20:37:11.762 - INFO: Processing command "clear-cache": clear the cache (unpinned elements only)
2026-09-28 20:37:11.780 - INFO: 
2026-09-28 20:37:11.780 - INFO: Request received via POST, content type "application/x-www-form-urlencoded"
2026-09-28 20:37:11.780 - INFO: Processing the following SPARQL query:
# Tier H-vocab — title literals, large
# Goal: external-vocabulary lookup pressure with larger bounded output.
PREFIX dblp: <https://dblp.org/rdf/schema#>

CONSTRUCT { ?paper dblp:title ?title }
WHERE {
  ?paper dblp:title ?title .
}
LIMIT 100000

2026-09-28 20:37:11.780 - INFO: Requested media types of the result are: "text/turtle"
2026-09-28 20:37:11.781 - INFO: Query planning done in 0 ms
2026-09-28 20:37:11.781 - INFO: Result has unknown size (not computed yet)
2026-09-28 20:37:12.051 - INFO: Done processing query and sending result, total time was 270 ms
2026-09-28 20:37:12.071 - INFO: 
2026-09-28 20:37:12.071 - INFO: Request received via GET, no content type specified
2026-09-28 20:37:12.071 - INFO: Processing command "clear-cache": clear the cache (unpinned elements only)
2026-09-28 20:37:12.089 - INFO: 
2026-09-28 20:37:12.089 - INFO: Request received via POST, content type "application/x-www-form-urlencoded"
2026-09-28 20:37:12.089 - INFO: Processing the following SPARQL query:
# Tier H-vocab — title literals, large
# Goal: external-vocabulary lookup pressure with larger bounded output.
PREFIX dblp: <https://dblp.org/rdf/schema#>

CONSTRUCT { ?paper dblp:title ?title }
WHERE {
  ?paper dblp:title ?title .
}
LIMIT 100000

2026-09-28 20:37:12.089 - INFO: Requested media types of the result are: "text/turtle"
2026-09-28 20:37:12.089 - INFO: Query planning done in 0 ms
2026-09-28 20:37:12.089 - INFO: Result has unknown size (not computed yet)
2026-09-28 20:37:12.359 - INFO: Done processing query and sending result, total time was 270 ms
2026-09-28 20:37:38.015 - INFO: 
2026-09-28 20:37:38.015 - INFO: Request received via GET, no content type specified
2026-09-28 20:37:38.015 - INFO: Processing command "clear-cache": clear the cache (unpinned elements only)
2026-09-28 20:37:38.033 - INFO: 
2026-09-28 20:37:38.033 - INFO: Request received via POST, content type "application/x-www-form-urlencoded"
2026-09-28 20:37:38.034 - INFO: Processing the following SPARQL query:
# Tier H-vocab — title literals, large
# Goal: external-vocabulary lookup pressure with larger bounded output.
PREFIX dblp: <https://dblp.org/rdf/schema#>

CONSTRUCT { ?paper dblp:title ?title }
WHERE {
  ?paper dblp:title ?title .
}
LIMIT 100000

2026-09-28 20:37:38.034 - INFO: Requested media types of the result are: "text/turtle"
2026-09-28 20:37:38.034 - INFO: Query planning done in 0 ms
2026-09-28 20:37:38.035 - INFO: Result has unknown size (not computed yet)
2026-09-28 20:37:38.330 - INFO: Done processing query and sending result, total time was 296 ms
2026-09-28 20:37:38.350 - INFO: 
2026-09-28 20:37:38.350 - INFO: Request received via GET, no content type specified
2026-09-28 20:37:38.350 - INFO: Processing command "clear-cache": clear the cache (unpinned elements only)
2026-09-28 20:37:38.368 - INFO: 
2026-09-28 20:37:38.368 - INFO: Request received via POST, content type "application/x-www-form-urlencoded"
2026-09-28 20:37:38.368 - INFO: Processing the following SPARQL query:
# Tier H-vocab — title literals, large
# Goal: external-vocabulary lookup pressure with larger bounded output.
PREFIX dblp: <https://dblp.org/rdf/schema#>

CONSTRUCT { ?paper dblp:title ?title }
WHERE {
  ?paper dblp:title ?title .
}
LIMIT 100000

2026-09-28 20:37:38.368 - INFO: Requested media types of the result are: "text/turtle"
2026-09-28 20:37:38.368 - INFO: Query planning done in 0 ms
2026-09-28 20:37:38.369 - INFO: Result has unknown size (not computed yet)
2026-09-28 20:37:38.664 - INFO: Done processing query and sending result, total time was 295 ms
2026-09-28 20:37:38.684 - INFO: 
2026-09-28 20:37:38.684 - INFO: Request received via GET, no content type specified
2026-09-28 20:37:38.684 - INFO: Processing command "clear-cache": clear the cache (unpinned elements only)
2026-09-28 20:37:38.702 - INFO: 
2026-09-28 20:37:38.702 - INFO: Request received via POST, content type "application/x-www-form-urlencoded"
2026-09-28 20:37:38.702 - INFO: Processing the following SPARQL query:
# Tier H-vocab — title literals, large
# Goal: external-vocabulary lookup pressure with larger bounded output.
PREFIX dblp: <https://dblp.org/rdf/schema#>

CONSTRUCT { ?paper dblp:title ?title }
WHERE {
  ?paper dblp:title ?title .
}
LIMIT 100000

2026-09-28 20:37:38.702 - INFO: Requested media types of the result are: "text/turtle"
2026-09-28 20:37:38.703 - INFO: Query planning done in 0 ms
2026-09-28 20:37:38.703 - INFO: Result has unknown size (not computed yet)
2026-09-28 20:37:38.998 - INFO: Done processing query and sending result, total time was 295 ms
2026-09-28 20:37:39.018 - INFO: 
2026-09-28 20:37:39.018 - INFO: Request received via GET, no content type specified
2026-09-28 20:37:39.018 - INFO: Processing command "clear-cache": clear the cache (unpinned elements only)
2026-09-28 20:37:39.036 - INFO: 
2026-09-28 20:37:39.036 - INFO: Request received via POST, content type "application/x-www-form-urlencoded"
2026-09-28 20:37:39.037 - INFO: Processing the following SPARQL query:
# Tier H-vocab — title literals, large
# Goal: external-vocabulary lookup pressure with larger bounded output.
PREFIX dblp: <https://dblp.org/rdf/schema#>

CONSTRUCT { ?paper dblp:title ?title }
WHERE {
  ?paper dblp:title ?title .
}
LIMIT 100000

2026-09-28 20:37:39.037 - INFO: Requested media types of the result are: "text/turtle"
2026-09-28 20:37:39.037 - INFO: Query planning done in 0 ms
2026-09-28 20:37:39.037 - INFO: Result has unknown size (not computed yet)
2026-09-28 20:37:39.330 - INFO: Done processing query and sending result, total time was 293 ms
2026-09-28 20:37:39.350 - INFO: 
2026-09-28 20:37:39.350 - INFO: Request received via GET, no content type specified
2026-09-28 20:37:39.350 - INFO: Processing command "clear-cache": clear the cache (unpinned elements only)
2026-09-28 20:37:39.368 - INFO: 
2026-09-28 20:37:39.368 - INFO: Request received via POST, content type "application/x-www-form-urlencoded"
2026-09-28 20:37:39.369 - INFO: Processing the following SPARQL query:
# Tier H-vocab — title literals, large
# Goal: external-vocabulary lookup pressure with larger bounded output.
PREFIX dblp: <https://dblp.org/rdf/schema#>

CONSTRUCT { ?paper dblp:title ?title }
WHERE {
  ?paper dblp:title ?title .
}
LIMIT 100000

2026-09-28 20:37:39.369 - INFO: Requested media types of the result are: "text/turtle"
2026-09-28 20:37:39.369 - INFO: Query planning done in 0 ms
2026-09-28 20:37:39.369 - INFO: Result has unknown size (not computed yet)
2026-09-28 20:37:39.661 - INFO: Done processing query and sending result, total time was 292 ms
2026-09-28 20:37:39.681 - INFO: 
2026-09-28 20:37:39.681 - INFO: Request received via GET, no content type specified
2026-09-28 20:37:39.681 - INFO: Processing command "clear-cache": clear the cache (unpinned elements only)
2026-09-28 20:37:39.699 - INFO: 
2026-09-28 20:37:39.699 - INFO: Request received via POST, content type "application/x-www-form-urlencoded"
2026-09-28 20:37:39.699 - INFO: Processing the following SPARQL query:
# Tier H-vocab — title literals, large
# Goal: external-vocabulary lookup pressure with larger bounded output.
PREFIX dblp: <https://dblp.org/rdf/schema#>

CONSTRUCT { ?paper dblp:title ?title }
WHERE {
  ?paper dblp:title ?title .
}
LIMIT 100000

2026-09-28 20:37:39.699 - INFO: Requested media types of the result are: "text/turtle"
2026-09-28 20:37:39.700 - INFO: Query planning done in 0 ms
2026-09-28 20:37:39.700 - INFO: Result has unknown size (not computed yet)
2026-09-28 20:37:39.992 - INFO: Done processing query and sending result, total time was 292 ms
2026-09-28 20:37:40.013 - INFO: 
2026-09-28 20:37:40.013 - INFO: Request received via GET, no content type specified
2026-09-28 20:37:40.013 - INFO: Processing command "clear-cache": clear the cache (unpinned elements only)
2026-09-28 20:37:40.030 - INFO: 
2026-09-28 20:37:40.030 - INFO: Request received via POST, content type "application/x-www-form-urlencoded"
2026-09-28 20:37:40.031 - INFO: Processing the following SPARQL query:
# Tier H-vocab — title literals, large
# Goal: external-vocabulary lookup pressure with larger bounded output.
PREFIX dblp: <https://dblp.org/rdf/schema#>

CONSTRUCT { ?paper dblp:title ?title }
WHERE {
  ?paper dblp:title ?title .
}
LIMIT 100000

2026-09-28 20:37:40.031 - INFO: Requested media types of the result are: "text/turtle"
2026-09-28 20:37:40.031 - INFO: Query planning done in 0 ms
2026-09-28 20:37:40.031 - INFO: Result has unknown size (not computed yet)
2026-09-28 20:37:40.313 - INFO: Done processing query and sending result, total time was 282 ms
2026-09-28 20:37:40.334 - INFO: 
2026-09-28 20:37:40.334 - INFO: Request received via GET, no content type specified
2026-09-28 20:37:40.334 - INFO: Processing command "clear-cache": clear the cache (unpinned elements only)
2026-09-28 20:37:40.352 - INFO: 
2026-09-28 20:37:40.352 - INFO: Request received via POST, content type "application/x-www-form-urlencoded"
2026-09-28 20:37:40.352 - INFO: Processing the following SPARQL query:
# Tier H-vocab — title literals, large
# Goal: external-vocabulary lookup pressure with larger bounded output.
PREFIX dblp: <https://dblp.org/rdf/schema#>

CONSTRUCT { ?paper dblp:title ?title }
WHERE {
  ?paper dblp:title ?title .
}
LIMIT 100000

2026-09-28 20:37:40.352 - INFO: Requested media types of the result are: "text/turtle"
2026-09-28 20:37:40.352 - INFO: Query planning done in 0 ms
2026-09-28 20:37:40.352 - INFO: Result has unknown size (not computed yet)
2026-09-28 20:37:40.623 - INFO: Done processing query and sending result, total time was 271 ms
2026-09-28 20:37:40.644 - INFO: 
2026-09-28 20:37:40.644 - INFO: Request received via GET, no content type specified
2026-09-28 20:37:40.644 - INFO: Processing command "clear-cache": clear the cache (unpinned elements only)
2026-09-28 20:37:40.662 - INFO: 
2026-09-28 20:37:40.662 - INFO: Request received via POST, content type "application/x-www-form-urlencoded"
2026-09-28 20:37:40.662 - INFO: Processing the following SPARQL query:
# Tier H-vocab — title literals, large
# Goal: external-vocabulary lookup pressure with larger bounded output.
PREFIX dblp: <https://dblp.org/rdf/schema#>

CONSTRUCT { ?paper dblp:title ?title }
WHERE {
  ?paper dblp:title ?title .
}
LIMIT 100000

2026-09-28 20:37:40.662 - INFO: Requested media types of the result are: "text/turtle"
2026-09-28 20:37:40.662 - INFO: Query planning done in 0 ms
2026-09-28 20:37:40.662 - INFO: Result has unknown size (not computed yet)
2026-09-28 20:37:40.935 - INFO: Done processing query and sending result, total time was 272 ms
2026-09-28 20:37:40.955 - INFO: 
2026-09-28 20:37:40.955 - INFO: Request received via GET, no content type specified
2026-09-28 20:37:40.955 - INFO: Processing command "clear-cache": clear the cache (unpinned elements only)
2026-09-28 20:37:40.985 - INFO: 
2026-09-28 20:37:40.985 - INFO: Request received via POST, content type "application/x-www-form-urlencoded"
2026-09-28 20:37:40.985 - INFO: Processing the following SPARQL query:
# Tier H-vocab — title literals, large
# Goal: external-vocabulary lookup pressure with larger bounded output.
PREFIX dblp: <https://dblp.org/rdf/schema#>

CONSTRUCT { ?paper dblp:title ?title }
WHERE {
  ?paper dblp:title ?title .
}
LIMIT 100000

2026-09-28 20:37:40.985 - INFO: Requested media types of the result are: "text/turtle"
2026-09-28 20:37:40.985 - INFO: Query planning done in 0 ms
2026-09-28 20:37:40.985 - INFO: Result has unknown size (not computed yet)
2026-09-28 20:37:41.255 - INFO: Done processing query and sending result, total time was 269 ms
2026-09-28 20:37:41.275 - INFO: 
2026-09-28 20:37:41.275 - INFO: Request received via GET, no content type specified
2026-09-28 20:37:41.275 - INFO: Processing command "clear-cache": clear the cache (unpinned elements only)
2026-09-28 20:37:41.293 - INFO: 
2026-09-28 20:37:41.293 - INFO: Request received via POST, content type "application/x-www-form-urlencoded"
2026-09-28 20:37:41.293 - INFO: Processing the following SPARQL query:
# Tier H-vocab — title literals, large
# Goal: external-vocabulary lookup pressure with larger bounded output.
PREFIX dblp: <https://dblp.org/rdf/schema#>

CONSTRUCT { ?paper dblp:title ?title }
WHERE {
  ?paper dblp:title ?title .
}
LIMIT 100000

2026-09-28 20:37:41.293 - INFO: Requested media types of the result are: "text/turtle"
2026-09-28 20:37:41.293 - INFO: Query planning done in 0 ms
2026-09-28 20:37:41.293 - INFO: Result has unknown size (not computed yet)
2026-09-28 20:37:41.567 - INFO: Done processing query and sending result, total time was 273 ms
2026-09-28 20:37:57.863 - INFO: 
2026-09-28 20:37:57.863 - INFO: Request received via GET, no content type specified
2026-09-28 20:37:57.863 - INFO: Processing command "clear-cache": clear the cache (unpinned elements only)
2026-09-28 20:37:57.882 - INFO: 
2026-09-28 20:37:57.882 - INFO: Request received via POST, content type "application/x-www-form-urlencoded"
2026-09-28 20:37:57.882 - INFO: Processing the following SPARQL query:
# Tier H-vocab — title literals, large
# Goal: external-vocabulary lookup pressure with larger bounded output.
PREFIX dblp: <https://dblp.org/rdf/schema#>

CONSTRUCT { ?paper dblp:title ?title }
WHERE {
  ?paper dblp:title ?title .
}
LIMIT 100000

2026-09-28 20:37:57.882 - INFO: Requested media types of the result are: "text/turtle"
2026-09-28 20:37:57.882 - INFO: Query planning done in 0 ms
2026-09-28 20:37:57.882 - INFO: Result has unknown size (not computed yet)
2026-09-28 20:37:58.175 - INFO: Done processing query and sending result, total time was 293 ms
2026-09-28 20:37:58.195 - INFO: 
2026-09-28 20:37:58.195 - INFO: Request received via GET, no content type specified
2026-09-28 20:37:58.195 - INFO: Processing command "clear-cache": clear the cache (unpinned elements only)
2026-09-28 20:37:58.213 - INFO: 
2026-09-28 20:37:58.213 - INFO: Request received via POST, content type "application/x-www-form-urlencoded"
2026-09-28 20:37:58.213 - INFO: Processing the following SPARQL query:
# Tier H-vocab — title literals, large
# Goal: external-vocabulary lookup pressure with larger bounded output.
PREFIX dblp: <https://dblp.org/rdf/schema#>

CONSTRUCT { ?paper dblp:title ?title }
WHERE {
  ?paper dblp:title ?title .
}
LIMIT 100000

2026-09-28 20:37:58.213 - INFO: Requested media types of the result are: "text/turtle"
2026-09-28 20:37:58.214 - INFO: Query planning done in 0 ms
2026-09-28 20:37:58.214 - INFO: Result has unknown size (not computed yet)
2026-09-28 20:37:58.507 - INFO: Done processing query and sending result, total time was 294 ms
2026-09-28 20:37:58.527 - INFO: 
2026-09-28 20:37:58.527 - INFO: Request received via GET, no content type specified
2026-09-28 20:37:58.527 - INFO: Processing command "clear-cache": clear the cache (unpinned elements only)
2026-09-28 20:37:58.545 - INFO: 
2026-09-28 20:37:58.545 - INFO: Request received via POST, content type "application/x-www-form-urlencoded"
2026-09-28 20:37:58.546 - INFO: Processing the following SPARQL query:
# Tier H-vocab — title literals, large
# Goal: external-vocabulary lookup pressure with larger bounded output.
PREFIX dblp: <https://dblp.org/rdf/schema#>

CONSTRUCT { ?paper dblp:title ?title }
WHERE {
  ?paper dblp:title ?title .
}
LIMIT 100000

2026-09-28 20:37:58.546 - INFO: Requested media types of the result are: "text/turtle"
2026-09-28 20:37:58.546 - INFO: Query planning done in 0 ms
2026-09-28 20:37:58.546 - INFO: Result has unknown size (not computed yet)
2026-09-28 20:37:58.840 - INFO: Done processing query and sending result, total time was 294 ms
2026-09-28 20:37:58.860 - INFO: 
2026-09-28 20:37:58.860 - INFO: Request received via GET, no content type specified
2026-09-28 20:37:58.860 - INFO: Processing command "clear-cache": clear the cache (unpinned elements only)
2026-09-28 20:37:58.877 - INFO: 
2026-09-28 20:37:58.877 - INFO: Request received via POST, content type "application/x-www-form-urlencoded"
2026-09-28 20:37:58.878 - INFO: Processing the following SPARQL query:
# Tier H-vocab — title literals, large
# Goal: external-vocabulary lookup pressure with larger bounded output.
PREFIX dblp: <https://dblp.org/rdf/schema#>

CONSTRUCT { ?paper dblp:title ?title }
WHERE {
  ?paper dblp:title ?title .
}
LIMIT 100000

2026-09-28 20:37:58.878 - INFO: Requested media types of the result are: "text/turtle"
2026-09-28 20:37:58.878 - INFO: Query planning done in 0 ms
2026-09-28 20:37:58.878 - INFO: Result has unknown size (not computed yet)
2026-09-28 20:37:59.169 - INFO: Done processing query and sending result, total time was 291 ms
2026-09-28 20:37:59.189 - INFO: 
2026-09-28 20:37:59.189 - INFO: Request received via GET, no content type specified
2026-09-28 20:37:59.189 - INFO: Processing command "clear-cache": clear the cache (unpinned elements only)
2026-09-28 20:37:59.207 - INFO: 
2026-09-28 20:37:59.207 - INFO: Request received via POST, content type "application/x-www-form-urlencoded"
2026-09-28 20:37:59.208 - INFO: Processing the following SPARQL query:
# Tier H-vocab — title literals, large
# Goal: external-vocabulary lookup pressure with larger bounded output.
PREFIX dblp: <https://dblp.org/rdf/schema#>

CONSTRUCT { ?paper dblp:title ?title }
WHERE {
  ?paper dblp:title ?title .
}
LIMIT 100000

2026-09-28 20:37:59.208 - INFO: Requested media types of the result are: "text/turtle"
2026-09-28 20:37:59.208 - INFO: Query planning done in 0 ms
2026-09-28 20:37:59.208 - INFO: Result has unknown size (not computed yet)
2026-09-28 20:37:59.499 - INFO: Done processing query and sending result, total time was 291 ms
2026-09-28 20:37:59.519 - INFO: 
2026-09-28 20:37:59.519 - INFO: Request received via GET, no content type specified
2026-09-28 20:37:59.519 - INFO: Processing command "clear-cache": clear the cache (unpinned elements only)
2026-09-28 20:37:59.537 - INFO: 
2026-09-28 20:37:59.537 - INFO: Request received via POST, content type "application/x-www-form-urlencoded"
2026-09-28 20:37:59.537 - INFO: Processing the following SPARQL query:
# Tier H-vocab — title literals, large
# Goal: external-vocabulary lookup pressure with larger bounded output.
PREFIX dblp: <https://dblp.org/rdf/schema#>

CONSTRUCT { ?paper dblp:title ?title }
WHERE {
  ?paper dblp:title ?title .
}
LIMIT 100000

2026-09-28 20:37:59.537 - INFO: Requested media types of the result are: "text/turtle"
2026-09-28 20:37:59.538 - INFO: Query planning done in 0 ms
2026-09-28 20:37:59.538 - INFO: Result has unknown size (not computed yet)
2026-09-28 20:37:59.824 - INFO: Done processing query and sending result, total time was 286 ms
2026-09-28 20:37:59.845 - INFO: 
2026-09-28 20:37:59.845 - INFO: Request received via GET, no content type specified
2026-09-28 20:37:59.845 - INFO: Processing command "clear-cache": clear the cache (unpinned elements only)
2026-09-28 20:37:59.870 - INFO: 
2026-09-28 20:37:59.870 - INFO: Request received via POST, content type "application/x-www-form-urlencoded"
2026-09-28 20:37:59.870 - INFO: Processing the following SPARQL query:
# Tier H-vocab — title literals, large
# Goal: external-vocabulary lookup pressure with larger bounded output.
PREFIX dblp: <https://dblp.org/rdf/schema#>

CONSTRUCT { ?paper dblp:title ?title }
WHERE {
  ?paper dblp:title ?title .
}
LIMIT 100000

2026-09-28 20:37:59.870 - INFO: Requested media types of the result are: "text/turtle"
2026-09-28 20:37:59.870 - INFO: Query planning done in 0 ms
2026-09-28 20:37:59.870 - INFO: Result has unknown size (not computed yet)
2026-09-28 20:38:00.142 - INFO: Done processing query and sending result, total time was 271 ms
2026-09-28 20:38:00.162 - INFO: 
2026-09-28 20:38:00.162 - INFO: Request received via GET, no content type specified
2026-09-28 20:38:00.162 - INFO: Processing command "clear-cache": clear the cache (unpinned elements only)
2026-09-28 20:38:00.180 - INFO: 
2026-09-28 20:38:00.180 - INFO: Request received via POST, content type "application/x-www-form-urlencoded"
2026-09-28 20:38:00.180 - INFO: Processing the following SPARQL query:
# Tier H-vocab — title literals, large
# Goal: external-vocabulary lookup pressure with larger bounded output.
PREFIX dblp: <https://dblp.org/rdf/schema#>

CONSTRUCT { ?paper dblp:title ?title }
WHERE {
  ?paper dblp:title ?title .
}
LIMIT 100000

2026-09-28 20:38:00.181 - INFO: Requested media types of the result are: "text/turtle"
2026-09-28 20:38:00.181 - INFO: Query planning done in 0 ms
2026-09-28 20:38:00.181 - INFO: Result has unknown size (not computed yet)
2026-09-28 20:38:00.452 - INFO: Done processing query and sending result, total time was 271 ms
2026-09-28 20:38:00.472 - INFO: 
2026-09-28 20:38:00.472 - INFO: Request received via GET, no content type specified
2026-09-28 20:38:00.472 - INFO: Processing command "clear-cache": clear the cache (unpinned elements only)
2026-09-28 20:38:00.490 - INFO: 
2026-09-28 20:38:00.490 - INFO: Request received via POST, content type "application/x-www-form-urlencoded"
2026-09-28 20:38:00.490 - INFO: Processing the following SPARQL query:
# Tier H-vocab — title literals, large
# Goal: external-vocabulary lookup pressure with larger bounded output.
PREFIX dblp: <https://dblp.org/rdf/schema#>

CONSTRUCT { ?paper dblp:title ?title }
WHERE {
  ?paper dblp:title ?title .
}
LIMIT 100000

2026-09-28 20:38:00.491 - INFO: Requested media types of the result are: "text/turtle"
2026-09-28 20:38:00.491 - INFO: Query planning done in 0 ms
2026-09-28 20:38:00.491 - INFO: Result has unknown size (not computed yet)
2026-09-28 20:38:00.763 - INFO: Done processing query and sending result, total time was 272 ms
2026-09-28 20:38:00.783 - INFO: 
2026-09-28 20:38:00.783 - INFO: Request received via GET, no content type specified
2026-09-28 20:38:00.783 - INFO: Processing command "clear-cache": clear the cache (unpinned elements only)
2026-09-28 20:38:00.801 - INFO: 
2026-09-28 20:38:00.801 - INFO: Request received via POST, content type "application/x-www-form-urlencoded"
2026-09-28 20:38:00.801 - INFO: Processing the following SPARQL query:
# Tier H-vocab — title literals, large
# Goal: external-vocabulary lookup pressure with larger bounded output.
PREFIX dblp: <https://dblp.org/rdf/schema#>

CONSTRUCT { ?paper dblp:title ?title }
WHERE {
  ?paper dblp:title ?title .
}
LIMIT 100000

2026-09-28 20:38:00.801 - INFO: Requested media types of the result are: "text/turtle"
2026-09-28 20:38:00.801 - INFO: Query planning done in 0 ms
2026-09-28 20:38:00.802 - INFO: Result has unknown size (not computed yet)
2026-09-28 20:38:01.070 - INFO: Done processing query and sending result, total time was 268 ms
2026-09-28 20:38:01.090 - INFO: 
2026-09-28 20:38:01.090 - INFO: Request received via GET, no content type specified
2026-09-28 20:38:01.090 - INFO: Processing command "clear-cache": clear the cache (unpinned elements only)
2026-09-28 20:38:01.108 - INFO: 
2026-09-28 20:38:01.108 - INFO: Request received via POST, content type "application/x-www-form-urlencoded"
2026-09-28 20:38:01.108 - INFO: Processing the following SPARQL query:
# Tier H-vocab — title literals, large
# Goal: external-vocabulary lookup pressure with larger bounded output.
PREFIX dblp: <https://dblp.org/rdf/schema#>

CONSTRUCT { ?paper dblp:title ?title }
WHERE {
  ?paper dblp:title ?title .
}
LIMIT 100000

2026-09-28 20:38:01.109 - INFO: Requested media types of the result are: "text/turtle"
2026-09-28 20:38:01.109 - INFO: Query planning done in 0 ms
2026-09-28 20:38:01.109 - INFO: Result has unknown size (not computed yet)
2026-09-28 20:38:01.377 - INFO: Done processing query and sending result, total time was 268 ms
2026-09-28 20:38:27.585 - INFO: 
2026-09-28 20:38:27.586 - INFO: Request received via GET, no content type specified
2026-09-28 20:38:27.586 - INFO: Processing command "clear-cache": clear the cache (unpinned elements only)
2026-09-28 20:38:27.604 - INFO: 
2026-09-28 20:38:27.604 - INFO: Request received via POST, content type "application/x-www-form-urlencoded"
2026-09-28 20:38:27.604 - INFO: Processing the following SPARQL query:
# Tier H-vocab — title literals, large
# Goal: external-vocabulary lookup pressure with larger bounded output.
PREFIX dblp: <https://dblp.org/rdf/schema#>

CONSTRUCT { ?paper dblp:title ?title }
WHERE {
  ?paper dblp:title ?title .
}
LIMIT 100000

2026-09-28 20:38:27.604 - INFO: Requested media types of the result are: "text/turtle"
2026-09-28 20:38:27.604 - INFO: Query planning done in 0 ms
2026-09-28 20:38:27.604 - INFO: Result has unknown size (not computed yet)
2026-09-28 20:38:27.901 - INFO: Done processing query and sending result, total time was 297 ms
2026-09-28 20:38:27.921 - INFO: 
2026-09-28 20:38:27.921 - INFO: Request received via GET, no content type specified
2026-09-28 20:38:27.921 - INFO: Processing command "clear-cache": clear the cache (unpinned elements only)
2026-09-28 20:38:27.939 - INFO: 
2026-09-28 20:38:27.939 - INFO: Request received via POST, content type "application/x-www-form-urlencoded"
2026-09-28 20:38:27.939 - INFO: Processing the following SPARQL query:
# Tier H-vocab — title literals, large
# Goal: external-vocabulary lookup pressure with larger bounded output.
PREFIX dblp: <https://dblp.org/rdf/schema#>

CONSTRUCT { ?paper dblp:title ?title }
WHERE {
  ?paper dblp:title ?title .
}
LIMIT 100000

2026-09-28 20:38:27.939 - INFO: Requested media types of the result are: "text/turtle"
2026-09-28 20:38:27.939 - INFO: Query planning done in 0 ms
2026-09-28 20:38:27.940 - INFO: Result has unknown size (not computed yet)
2026-09-28 20:38:28.241 - INFO: Done processing query and sending result, total time was 301 ms
2026-09-28 20:38:28.260 - INFO: 
2026-09-28 20:38:28.260 - INFO: Request received via GET, no content type specified
2026-09-28 20:38:28.261 - INFO: Processing command "clear-cache": clear the cache (unpinned elements only)
2026-09-28 20:38:28.278 - INFO: 
2026-09-28 20:38:28.278 - INFO: Request received via POST, content type "application/x-www-form-urlencoded"
2026-09-28 20:38:28.279 - INFO: Processing the following SPARQL query:
# Tier H-vocab — title literals, large
# Goal: external-vocabulary lookup pressure with larger bounded output.
PREFIX dblp: <https://dblp.org/rdf/schema#>

CONSTRUCT { ?paper dblp:title ?title }
WHERE {
  ?paper dblp:title ?title .
}
LIMIT 100000

2026-09-28 20:38:28.279 - INFO: Requested media types of the result are: "text/turtle"
2026-09-28 20:38:28.279 - INFO: Query planning done in 0 ms
2026-09-28 20:38:28.279 - INFO: Result has unknown size (not computed yet)
2026-09-28 20:38:28.575 - INFO: Done processing query and sending result, total time was 296 ms
2026-09-28 20:38:28.595 - INFO: 
2026-09-28 20:38:28.595 - INFO: Request received via GET, no content type specified
2026-09-28 20:38:28.595 - INFO: Processing command "clear-cache": clear the cache (unpinned elements only)
2026-09-28 20:38:28.621 - INFO: 
2026-09-28 20:38:28.621 - INFO: Request received via POST, content type "application/x-www-form-urlencoded"
2026-09-28 20:38:28.621 - INFO: Processing the following SPARQL query:
# Tier H-vocab — title literals, large
# Goal: external-vocabulary lookup pressure with larger bounded output.
PREFIX dblp: <https://dblp.org/rdf/schema#>

CONSTRUCT { ?paper dblp:title ?title }
WHERE {
  ?paper dblp:title ?title .
}
LIMIT 100000

2026-09-28 20:38:28.621 - INFO: Requested media types of the result are: "text/turtle"
2026-09-28 20:38:28.621 - INFO: Query planning done in 0 ms
2026-09-28 20:38:28.621 - INFO: Result has unknown size (not computed yet)
2026-09-28 20:38:28.918 - INFO: Done processing query and sending result, total time was 297 ms
2026-09-28 20:38:28.938 - INFO: 
2026-09-28 20:38:28.938 - INFO: Request received via GET, no content type specified
2026-09-28 20:38:28.938 - INFO: Processing command "clear-cache": clear the cache (unpinned elements only)
2026-09-28 20:38:28.956 - INFO: 
2026-09-28 20:38:28.956 - INFO: Request received via POST, content type "application/x-www-form-urlencoded"
2026-09-28 20:38:28.957 - INFO: Processing the following SPARQL query:
# Tier H-vocab — title literals, large
# Goal: external-vocabulary lookup pressure with larger bounded output.
PREFIX dblp: <https://dblp.org/rdf/schema#>

CONSTRUCT { ?paper dblp:title ?title }
WHERE {
  ?paper dblp:title ?title .
}
LIMIT 100000

2026-09-28 20:38:28.957 - INFO: Requested media types of the result are: "text/turtle"
2026-09-28 20:38:28.957 - INFO: Query planning done in 0 ms
2026-09-28 20:38:28.957 - INFO: Result has unknown size (not computed yet)
2026-09-28 20:38:29.256 - INFO: Done processing query and sending result, total time was 299 ms
2026-09-28 20:38:29.277 - INFO: 
2026-09-28 20:38:29.277 - INFO: Request received via GET, no content type specified
2026-09-28 20:38:29.277 - INFO: Processing command "clear-cache": clear the cache (unpinned elements only)
2026-09-28 20:38:29.295 - INFO: 
2026-09-28 20:38:29.295 - INFO: Request received via POST, content type "application/x-www-form-urlencoded"
2026-09-28 20:38:29.295 - INFO: Processing the following SPARQL query:
# Tier H-vocab — title literals, large
# Goal: external-vocabulary lookup pressure with larger bounded output.
PREFIX dblp: <https://dblp.org/rdf/schema#>

CONSTRUCT { ?paper dblp:title ?title }
WHERE {
  ?paper dblp:title ?title .
}
LIMIT 100000

2026-09-28 20:38:29.295 - INFO: Requested media types of the result are: "text/turtle"
2026-09-28 20:38:29.295 - INFO: Query planning done in 0 ms
2026-09-28 20:38:29.295 - INFO: Result has unknown size (not computed yet)
2026-09-28 20:38:29.587 - INFO: Done processing query and sending result, total time was 292 ms
2026-09-28 20:38:29.607 - INFO: 
2026-09-28 20:38:29.607 - INFO: Request received via GET, no content type specified
2026-09-28 20:38:29.607 - INFO: Processing command "clear-cache": clear the cache (unpinned elements only)
2026-09-28 20:38:29.625 - INFO: 
2026-09-28 20:38:29.625 - INFO: Request received via POST, content type "application/x-www-form-urlencoded"
2026-09-28 20:38:29.625 - INFO: Processing the following SPARQL query:
# Tier H-vocab — title literals, large
# Goal: external-vocabulary lookup pressure with larger bounded output.
PREFIX dblp: <https://dblp.org/rdf/schema#>

CONSTRUCT { ?paper dblp:title ?title }
WHERE {
  ?paper dblp:title ?title .
}
LIMIT 100000

2026-09-28 20:38:29.625 - INFO: Requested media types of the result are: "text/turtle"
2026-09-28 20:38:29.625 - INFO: Query planning done in 0 ms
2026-09-28 20:38:29.626 - INFO: Result has unknown size (not computed yet)
2026-09-28 20:38:29.917 - INFO: Done processing query and sending result, total time was 292 ms
2026-09-28 20:38:29.937 - INFO: 
2026-09-28 20:38:29.937 - INFO: Request received via GET, no content type specified
2026-09-28 20:38:29.937 - INFO: Processing command "clear-cache": clear the cache (unpinned elements only)
2026-09-28 20:38:29.955 - INFO: 
2026-09-28 20:38:29.955 - INFO: Request received via POST, content type "application/x-www-form-urlencoded"
2026-09-28 20:38:29.955 - INFO: Processing the following SPARQL query:
# Tier H-vocab — title literals, large
# Goal: external-vocabulary lookup pressure with larger bounded output.
PREFIX dblp: <https://dblp.org/rdf/schema#>

CONSTRUCT { ?paper dblp:title ?title }
WHERE {
  ?paper dblp:title ?title .
}
LIMIT 100000

2026-09-28 20:38:29.955 - INFO: Requested media types of the result are: "text/turtle"
2026-09-28 20:38:29.955 - INFO: Query planning done in 0 ms
2026-09-28 20:38:29.955 - INFO: Result has unknown size (not computed yet)
2026-09-28 20:38:30.238 - INFO: Done processing query and sending result, total time was 283 ms
2026-09-28 20:38:30.258 - INFO: 
2026-09-28 20:38:30.258 - INFO: Request received via GET, no content type specified
2026-09-28 20:38:30.258 - INFO: Processing command "clear-cache": clear the cache (unpinned elements only)
2026-09-28 20:38:30.276 - INFO: 
2026-09-28 20:38:30.276 - INFO: Request received via POST, content type "application/x-www-form-urlencoded"
2026-09-28 20:38:30.277 - INFO: Processing the following SPARQL query:
# Tier H-vocab — title literals, large
# Goal: external-vocabulary lookup pressure with larger bounded output.
PREFIX dblp: <https://dblp.org/rdf/schema#>

CONSTRUCT { ?paper dblp:title ?title }
WHERE {
  ?paper dblp:title ?title .
}
LIMIT 100000

2026-09-28 20:38:30.277 - INFO: Requested media types of the result are: "text/turtle"
2026-09-28 20:38:30.277 - INFO: Query planning done in 0 ms
2026-09-28 20:38:30.277 - INFO: Result has unknown size (not computed yet)
2026-09-28 20:38:30.548 - INFO: Done processing query and sending result, total time was 271 ms
2026-09-28 20:38:30.568 - INFO: 
2026-09-28 20:38:30.568 - INFO: Request received via GET, no content type specified
2026-09-28 20:38:30.568 - INFO: Processing command "clear-cache": clear the cache (unpinned elements only)
2026-09-28 20:38:30.586 - INFO: 
2026-09-28 20:38:30.586 - INFO: Request received via POST, content type "application/x-www-form-urlencoded"
2026-09-28 20:38:30.586 - INFO: Processing the following SPARQL query:
# Tier H-vocab — title literals, large
# Goal: external-vocabulary lookup pressure with larger bounded output.
PREFIX dblp: <https://dblp.org/rdf/schema#>

CONSTRUCT { ?paper dblp:title ?title }
WHERE {
  ?paper dblp:title ?title .
}
LIMIT 100000

2026-09-28 20:38:30.586 - INFO: Requested media types of the result are: "text/turtle"
2026-09-28 20:38:30.586 - INFO: Query planning done in 0 ms
2026-09-28 20:38:30.586 - INFO: Result has unknown size (not computed yet)
2026-09-28 20:38:30.860 - INFO: Done processing query and sending result, total time was 273 ms
2026-09-28 20:38:30.880 - INFO: 
2026-09-28 20:38:30.880 - INFO: Request received via GET, no content type specified
2026-09-28 20:38:30.880 - INFO: Processing command "clear-cache": clear the cache (unpinned elements only)
2026-09-28 20:38:30.898 - INFO: 
2026-09-28 20:38:30.898 - INFO: Request received via POST, content type "application/x-www-form-urlencoded"
2026-09-28 20:38:30.898 - INFO: Processing the following SPARQL query:
# Tier H-vocab — title literals, large
# Goal: external-vocabulary lookup pressure with larger bounded output.
PREFIX dblp: <https://dblp.org/rdf/schema#>

CONSTRUCT { ?paper dblp:title ?title }
WHERE {
  ?paper dblp:title ?title .
}
LIMIT 100000

2026-09-28 20:38:30.898 - INFO: Requested media types of the result are: "text/turtle"
2026-09-28 20:38:30.898 - INFO: Query planning done in 0 ms
2026-09-28 20:38:30.899 - INFO: Result has unknown size (not computed yet)
2026-09-28 20:38:31.171 - INFO: Done processing query and sending result, total time was 272 ms
2026-09-28 20:38:47.281 - INFO: 
2026-09-28 20:38:47.281 - INFO: Request received via GET, no content type specified
2026-09-28 20:38:47.281 - INFO: Processing command "clear-cache": clear the cache (unpinned elements only)
2026-09-28 20:38:47.313 - INFO: 
2026-09-28 20:38:47.313 - INFO: Request received via POST, content type "application/x-www-form-urlencoded"
2026-09-28 20:38:47.313 - INFO: Processing the following SPARQL query:
# Tier H-vocab — title literals, large
# Goal: external-vocabulary lookup pressure with larger bounded output.
PREFIX dblp: <https://dblp.org/rdf/schema#>

CONSTRUCT { ?paper dblp:title ?title }
WHERE {
  ?paper dblp:title ?title .
}
LIMIT 100000

2026-09-28 20:38:47.313 - INFO: Requested media types of the result are: "text/turtle"
2026-09-28 20:38:47.313 - INFO: Query planning done in 0 ms
2026-09-28 20:38:47.314 - INFO: Result has unknown size (not computed yet)
2026-09-28 20:38:47.606 - INFO: Done processing query and sending result, total time was 293 ms
2026-09-28 20:38:47.627 - INFO: 
2026-09-28 20:38:47.627 - INFO: Request received via GET, no content type specified
2026-09-28 20:38:47.627 - INFO: Processing command "clear-cache": clear the cache (unpinned elements only)
2026-09-28 20:38:47.645 - INFO: 
2026-09-28 20:38:47.645 - INFO: Request received via POST, content type "application/x-www-form-urlencoded"
2026-09-28 20:38:47.645 - INFO: Processing the following SPARQL query:
# Tier H-vocab — title literals, large
# Goal: external-vocabulary lookup pressure with larger bounded output.
PREFIX dblp: <https://dblp.org/rdf/schema#>

CONSTRUCT { ?paper dblp:title ?title }
WHERE {
  ?paper dblp:title ?title .
}
LIMIT 100000

2026-09-28 20:38:47.645 - INFO: Requested media types of the result are: "text/turtle"
2026-09-28 20:38:47.645 - INFO: Query planning done in 0 ms
2026-09-28 20:38:47.645 - INFO: Result has unknown size (not computed yet)
2026-09-28 20:38:47.938 - INFO: Done processing query and sending result, total time was 293 ms
2026-09-28 20:38:47.958 - INFO: 
2026-09-28 20:38:47.958 - INFO: Request received via GET, no content type specified
2026-09-28 20:38:47.958 - INFO: Processing command "clear-cache": clear the cache (unpinned elements only)
2026-09-28 20:38:47.976 - INFO: 
2026-09-28 20:38:47.976 - INFO: Request received via POST, content type "application/x-www-form-urlencoded"
2026-09-28 20:38:47.977 - INFO: Processing the following SPARQL query:
# Tier H-vocab — title literals, large
# Goal: external-vocabulary lookup pressure with larger bounded output.
PREFIX dblp: <https://dblp.org/rdf/schema#>

CONSTRUCT { ?paper dblp:title ?title }
WHERE {
  ?paper dblp:title ?title .
}
LIMIT 100000

2026-09-28 20:38:47.977 - INFO: Requested media types of the result are: "text/turtle"
2026-09-28 20:38:47.977 - INFO: Query planning done in 0 ms
2026-09-28 20:38:47.977 - INFO: Result has unknown size (not computed yet)
2026-09-28 20:38:48.268 - INFO: Done processing query and sending result, total time was 291 ms
2026-09-28 20:38:48.288 - INFO: 
2026-09-28 20:38:48.288 - INFO: Request received via GET, no content type specified
2026-09-28 20:38:48.288 - INFO: Processing command "clear-cache": clear the cache (unpinned elements only)
2026-09-28 20:38:48.306 - INFO: 
2026-09-28 20:38:48.306 - INFO: Request received via POST, content type "application/x-www-form-urlencoded"
2026-09-28 20:38:48.306 - INFO: Processing the following SPARQL query:
# Tier H-vocab — title literals, large
# Goal: external-vocabulary lookup pressure with larger bounded output.
PREFIX dblp: <https://dblp.org/rdf/schema#>

CONSTRUCT { ?paper dblp:title ?title }
WHERE {
  ?paper dblp:title ?title .
}
LIMIT 100000

2026-09-28 20:38:48.306 - INFO: Requested media types of the result are: "text/turtle"
2026-09-28 20:38:48.306 - INFO: Query planning done in 0 ms
2026-09-28 20:38:48.306 - INFO: Result has unknown size (not computed yet)
2026-09-28 20:38:48.600 - INFO: Done processing query and sending result, total time was 293 ms
2026-09-28 20:38:48.620 - INFO: 
2026-09-28 20:38:48.620 - INFO: Request received via GET, no content type specified
2026-09-28 20:38:48.620 - INFO: Processing command "clear-cache": clear the cache (unpinned elements only)
2026-09-28 20:38:48.638 - INFO: 
2026-09-28 20:38:48.638 - INFO: Request received via POST, content type "application/x-www-form-urlencoded"
2026-09-28 20:38:48.638 - INFO: Processing the following SPARQL query:
# Tier H-vocab — title literals, large
# Goal: external-vocabulary lookup pressure with larger bounded output.
PREFIX dblp: <https://dblp.org/rdf/schema#>

CONSTRUCT { ?paper dblp:title ?title }
WHERE {
  ?paper dblp:title ?title .
}
LIMIT 100000

2026-09-28 20:38:48.638 - INFO: Requested media types of the result are: "text/turtle"
2026-09-28 20:38:48.638 - INFO: Query planning done in 0 ms
2026-09-28 20:38:48.638 - INFO: Result has unknown size (not computed yet)
2026-09-28 20:38:48.930 - INFO: Done processing query and sending result, total time was 292 ms
2026-09-28 20:38:48.950 - INFO: 
2026-09-28 20:38:48.950 - INFO: Request received via GET, no content type specified
2026-09-28 20:38:48.950 - INFO: Processing command "clear-cache": clear the cache (unpinned elements only)
2026-09-28 20:38:48.968 - INFO: 
2026-09-28 20:38:48.968 - INFO: Request received via POST, content type "application/x-www-form-urlencoded"
2026-09-28 20:38:48.968 - INFO: Processing the following SPARQL query:
# Tier H-vocab — title literals, large
# Goal: external-vocabulary lookup pressure with larger bounded output.
PREFIX dblp: <https://dblp.org/rdf/schema#>

CONSTRUCT { ?paper dblp:title ?title }
WHERE {
  ?paper dblp:title ?title .
}
LIMIT 100000

2026-09-28 20:38:48.968 - INFO: Requested media types of the result are: "text/turtle"
2026-09-28 20:38:48.968 - INFO: Query planning done in 0 ms
2026-09-28 20:38:48.968 - INFO: Result has unknown size (not computed yet)
2026-09-28 20:38:49.247 - INFO: Done processing query and sending result, total time was 278 ms
2026-09-28 20:38:49.267 - INFO: 
2026-09-28 20:38:49.267 - INFO: Request received via GET, no content type specified
2026-09-28 20:38:49.267 - INFO: Processing command "clear-cache": clear the cache (unpinned elements only)
2026-09-28 20:38:49.285 - INFO: 
2026-09-28 20:38:49.285 - INFO: Request received via POST, content type "application/x-www-form-urlencoded"
2026-09-28 20:38:49.285 - INFO: Processing the following SPARQL query:
# Tier H-vocab — title literals, large
# Goal: external-vocabulary lookup pressure with larger bounded output.
PREFIX dblp: <https://dblp.org/rdf/schema#>

CONSTRUCT { ?paper dblp:title ?title }
WHERE {
  ?paper dblp:title ?title .
}
LIMIT 100000

2026-09-28 20:38:49.285 - INFO: Requested media types of the result are: "text/turtle"
2026-09-28 20:38:49.285 - INFO: Query planning done in 0 ms
2026-09-28 20:38:49.285 - INFO: Result has unknown size (not computed yet)
2026-09-28 20:38:49.558 - INFO: Done processing query and sending result, total time was 272 ms
2026-09-28 20:38:49.578 - INFO: 
2026-09-28 20:38:49.578 - INFO: Request received via GET, no content type specified
2026-09-28 20:38:49.578 - INFO: Processing command "clear-cache": clear the cache (unpinned elements only)
2026-09-28 20:38:49.596 - INFO: 
2026-09-28 20:38:49.596 - INFO: Request received via POST, content type "application/x-www-form-urlencoded"
2026-09-28 20:38:49.596 - INFO: Processing the following SPARQL query:
# Tier H-vocab — title literals, large
# Goal: external-vocabulary lookup pressure with larger bounded output.
PREFIX dblp: <https://dblp.org/rdf/schema#>

CONSTRUCT { ?paper dblp:title ?title }
WHERE {
  ?paper dblp:title ?title .
}
LIMIT 100000

2026-09-28 20:38:49.596 - INFO: Requested media types of the result are: "text/turtle"
2026-09-28 20:38:49.596 - INFO: Query planning done in 0 ms
2026-09-28 20:38:49.596 - INFO: Result has unknown size (not computed yet)
2026-09-28 20:38:49.867 - INFO: Done processing query and sending result, total time was 270 ms
2026-09-28 20:38:49.887 - INFO: 
2026-09-28 20:38:49.887 - INFO: Request received via GET, no content type specified
2026-09-28 20:38:49.887 - INFO: Processing command "clear-cache": clear the cache (unpinned elements only)
2026-09-28 20:38:49.905 - INFO: 
2026-09-28 20:38:49.905 - INFO: Request received via POST, content type "application/x-www-form-urlencoded"
2026-09-28 20:38:49.905 - INFO: Processing the following SPARQL query:
# Tier H-vocab — title literals, large
# Goal: external-vocabulary lookup pressure with larger bounded output.
PREFIX dblp: <https://dblp.org/rdf/schema#>

CONSTRUCT { ?paper dblp:title ?title }
WHERE {
  ?paper dblp:title ?title .
}
LIMIT 100000

2026-09-28 20:38:49.905 - INFO: Requested media types of the result are: "text/turtle"
2026-09-28 20:38:49.905 - INFO: Query planning done in 0 ms
2026-09-28 20:38:49.905 - INFO: Result has unknown size (not computed yet)
2026-09-28 20:38:50.175 - INFO: Done processing query and sending result, total time was 270 ms
2026-09-28 20:38:50.195 - INFO: 
2026-09-28 20:38:50.195 - INFO: Request received via GET, no content type specified
2026-09-28 20:38:50.195 - INFO: Processing command "clear-cache": clear the cache (unpinned elements only)
2026-09-28 20:38:50.214 - INFO: 
2026-09-28 20:38:50.214 - INFO: Request received via POST, content type "application/x-www-form-urlencoded"
2026-09-28 20:38:50.214 - INFO: Processing the following SPARQL query:
# Tier H-vocab — title literals, large
# Goal: external-vocabulary lookup pressure with larger bounded output.
PREFIX dblp: <https://dblp.org/rdf/schema#>

CONSTRUCT { ?paper dblp:title ?title }
WHERE {
  ?paper dblp:title ?title .
}
LIMIT 100000

2026-09-28 20:38:50.214 - INFO: Requested media types of the result are: "text/turtle"
2026-09-28 20:38:50.214 - INFO: Query planning done in 0 ms
2026-09-28 20:38:50.214 - INFO: Result has unknown size (not computed yet)
2026-09-28 20:38:50.486 - INFO: Done processing query and sending result, total time was 272 ms
2026-09-28 20:38:50.506 - INFO: 
2026-09-28 20:38:50.506 - INFO: Request received via GET, no content type specified
2026-09-28 20:38:50.506 - INFO: Processing command "clear-cache": clear the cache (unpinned elements only)
2026-09-28 20:38:50.524 - INFO: 
2026-09-28 20:38:50.524 - INFO: Request received via POST, content type "application/x-www-form-urlencoded"
2026-09-28 20:38:50.524 - INFO: Processing the following SPARQL query:
# Tier H-vocab — title literals, large
# Goal: external-vocabulary lookup pressure with larger bounded output.
PREFIX dblp: <https://dblp.org/rdf/schema#>

CONSTRUCT { ?paper dblp:title ?title }
WHERE {
  ?paper dblp:title ?title .
}
LIMIT 100000

2026-09-28 20:38:50.524 - INFO: Requested media types of the result are: "text/turtle"
2026-09-28 20:38:50.524 - INFO: Query planning done in 0 ms
2026-09-28 20:38:50.524 - INFO: Result has unknown size (not computed yet)
2026-09-28 20:38:50.796 - INFO: Done processing query and sending result, total time was 271 ms
2026-09-28 20:39:17.148 - INFO: 
2026-09-28 20:39:17.148 - INFO: Request received via GET, no content type specified
2026-09-28 20:39:17.148 - INFO: Processing command "clear-cache": clear the cache (unpinned elements only)
2026-09-28 20:39:17.166 - INFO: 
2026-09-28 20:39:17.166 - INFO: Request received via POST, content type "application/x-www-form-urlencoded"
2026-09-28 20:39:17.166 - INFO: Processing the following SPARQL query:
# Tier H-vocab — title literals, large
# Goal: external-vocabulary lookup pressure with larger bounded output.
PREFIX dblp: <https://dblp.org/rdf/schema#>

CONSTRUCT { ?paper dblp:title ?title }
WHERE {
  ?paper dblp:title ?title .
}
LIMIT 100000

2026-09-28 20:39:17.166 - INFO: Requested media types of the result are: "text/turtle"
2026-09-28 20:39:17.166 - INFO: Query planning done in 0 ms
2026-09-28 20:39:17.166 - INFO: Result has unknown size (not computed yet)
2026-09-28 20:39:17.461 - INFO: Done processing query and sending result, total time was 295 ms
2026-09-28 20:39:17.481 - INFO: 
2026-09-28 20:39:17.481 - INFO: Request received via GET, no content type specified
2026-09-28 20:39:17.481 - INFO: Processing command "clear-cache": clear the cache (unpinned elements only)
2026-09-28 20:39:17.499 - INFO: 
2026-09-28 20:39:17.499 - INFO: Request received via POST, content type "application/x-www-form-urlencoded"
2026-09-28 20:39:17.499 - INFO: Processing the following SPARQL query:
# Tier H-vocab — title literals, large
# Goal: external-vocabulary lookup pressure with larger bounded output.
PREFIX dblp: <https://dblp.org/rdf/schema#>

CONSTRUCT { ?paper dblp:title ?title }
WHERE {
  ?paper dblp:title ?title .
}
LIMIT 100000

2026-09-28 20:39:17.499 - INFO: Requested media types of the result are: "text/turtle"
2026-09-28 20:39:17.499 - INFO: Query planning done in 0 ms
2026-09-28 20:39:17.499 - INFO: Result has unknown size (not computed yet)
2026-09-28 20:39:17.793 - INFO: Done processing query and sending result, total time was 294 ms
2026-09-28 20:39:17.813 - INFO: 
2026-09-28 20:39:17.813 - INFO: Request received via GET, no content type specified
2026-09-28 20:39:17.813 - INFO: Processing command "clear-cache": clear the cache (unpinned elements only)
2026-09-28 20:39:17.831 - INFO: 
2026-09-28 20:39:17.831 - INFO: Request received via POST, content type "application/x-www-form-urlencoded"
2026-09-28 20:39:17.831 - INFO: Processing the following SPARQL query:
# Tier H-vocab — title literals, large
# Goal: external-vocabulary lookup pressure with larger bounded output.
PREFIX dblp: <https://dblp.org/rdf/schema#>

CONSTRUCT { ?paper dblp:title ?title }
WHERE {
  ?paper dblp:title ?title .
}
LIMIT 100000

2026-09-28 20:39:17.831 - INFO: Requested media types of the result are: "text/turtle"
2026-09-28 20:39:17.831 - INFO: Query planning done in 0 ms
2026-09-28 20:39:17.832 - INFO: Result has unknown size (not computed yet)
2026-09-28 20:39:18.124 - INFO: Done processing query and sending result, total time was 293 ms
2026-09-28 20:39:18.144 - INFO: 
2026-09-28 20:39:18.144 - INFO: Request received via GET, no content type specified
2026-09-28 20:39:18.144 - INFO: Processing command "clear-cache": clear the cache (unpinned elements only)
2026-09-28 20:39:18.162 - INFO: 
2026-09-28 20:39:18.162 - INFO: Request received via POST, content type "application/x-www-form-urlencoded"
2026-09-28 20:39:18.162 - INFO: Processing the following SPARQL query:
# Tier H-vocab — title literals, large
# Goal: external-vocabulary lookup pressure with larger bounded output.
PREFIX dblp: <https://dblp.org/rdf/schema#>

CONSTRUCT { ?paper dblp:title ?title }
WHERE {
  ?paper dblp:title ?title .
}
LIMIT 100000

2026-09-28 20:39:18.162 - INFO: Requested media types of the result are: "text/turtle"
2026-09-28 20:39:18.162 - INFO: Query planning done in 0 ms
2026-09-28 20:39:18.162 - INFO: Result has unknown size (not computed yet)
2026-09-28 20:39:18.456 - INFO: Done processing query and sending result, total time was 293 ms
2026-09-28 20:39:18.476 - INFO: 
2026-09-28 20:39:18.476 - INFO: Request received via GET, no content type specified
2026-09-28 20:39:18.476 - INFO: Processing command "clear-cache": clear the cache (unpinned elements only)
2026-09-28 20:39:18.494 - INFO: 
2026-09-28 20:39:18.494 - INFO: Request received via POST, content type "application/x-www-form-urlencoded"
2026-09-28 20:39:18.494 - INFO: Processing the following SPARQL query:
# Tier H-vocab — title literals, large
# Goal: external-vocabulary lookup pressure with larger bounded output.
PREFIX dblp: <https://dblp.org/rdf/schema#>

CONSTRUCT { ?paper dblp:title ?title }
WHERE {
  ?paper dblp:title ?title .
}
LIMIT 100000

2026-09-28 20:39:18.494 - INFO: Requested media types of the result are: "text/turtle"
2026-09-28 20:39:18.495 - INFO: Query planning done in 0 ms
2026-09-28 20:39:18.495 - INFO: Result has unknown size (not computed yet)
2026-09-28 20:39:18.783 - INFO: Done processing query and sending result, total time was 288 ms
2026-09-28 20:39:18.803 - INFO: 
2026-09-28 20:39:18.803 - INFO: Request received via GET, no content type specified
2026-09-28 20:39:18.803 - INFO: Processing command "clear-cache": clear the cache (unpinned elements only)
2026-09-28 20:39:18.821 - INFO: 
2026-09-28 20:39:18.821 - INFO: Request received via POST, content type "application/x-www-form-urlencoded"
2026-09-28 20:39:18.821 - INFO: Processing the following SPARQL query:
# Tier H-vocab — title literals, large
# Goal: external-vocabulary lookup pressure with larger bounded output.
PREFIX dblp: <https://dblp.org/rdf/schema#>

CONSTRUCT { ?paper dblp:title ?title }
WHERE {
  ?paper dblp:title ?title .
}
LIMIT 100000

2026-09-28 20:39:18.821 - INFO: Requested media types of the result are: "text/turtle"
2026-09-28 20:39:18.821 - INFO: Query planning done in 0 ms
2026-09-28 20:39:18.822 - INFO: Result has unknown size (not computed yet)
2026-09-28 20:39:19.098 - INFO: Done processing query and sending result, total time was 276 ms
2026-09-28 20:39:19.118 - INFO: 
2026-09-28 20:39:19.118 - INFO: Request received via GET, no content type specified
2026-09-28 20:39:19.118 - INFO: Processing command "clear-cache": clear the cache (unpinned elements only)
2026-09-28 20:39:19.136 - INFO: 
2026-09-28 20:39:19.136 - INFO: Request received via POST, content type "application/x-www-form-urlencoded"
2026-09-28 20:39:19.136 - INFO: Processing the following SPARQL query:
# Tier H-vocab — title literals, large
# Goal: external-vocabulary lookup pressure with larger bounded output.
PREFIX dblp: <https://dblp.org/rdf/schema#>

CONSTRUCT { ?paper dblp:title ?title }
WHERE {
  ?paper dblp:title ?title .
}
LIMIT 100000

2026-09-28 20:39:19.136 - INFO: Requested media types of the result are: "text/turtle"
2026-09-28 20:39:19.136 - INFO: Query planning done in 0 ms
2026-09-28 20:39:19.136 - INFO: Result has unknown size (not computed yet)
2026-09-28 20:39:19.407 - INFO: Done processing query and sending result, total time was 270 ms
2026-09-28 20:39:19.427 - INFO: 
2026-09-28 20:39:19.427 - INFO: Request received via GET, no content type specified
2026-09-28 20:39:19.427 - INFO: Processing command "clear-cache": clear the cache (unpinned elements only)
2026-09-28 20:39:19.445 - INFO: 
2026-09-28 20:39:19.445 - INFO: Request received via POST, content type "application/x-www-form-urlencoded"
2026-09-28 20:39:19.445 - INFO: Processing the following SPARQL query:
# Tier H-vocab — title literals, large
# Goal: external-vocabulary lookup pressure with larger bounded output.
PREFIX dblp: <https://dblp.org/rdf/schema#>

CONSTRUCT { ?paper dblp:title ?title }
WHERE {
  ?paper dblp:title ?title .
}
LIMIT 100000

2026-09-28 20:39:19.445 - INFO: Requested media types of the result are: "text/turtle"
2026-09-28 20:39:19.445 - INFO: Query planning done in 0 ms
2026-09-28 20:39:19.445 - INFO: Result has unknown size (not computed yet)
2026-09-28 20:39:19.717 - INFO: Done processing query and sending result, total time was 271 ms
2026-09-28 20:39:19.737 - INFO: 
2026-09-28 20:39:19.737 - INFO: Request received via GET, no content type specified
2026-09-28 20:39:19.737 - INFO: Processing command "clear-cache": clear the cache (unpinned elements only)
2026-09-28 20:39:19.755 - INFO: 
2026-09-28 20:39:19.755 - INFO: Request received via POST, content type "application/x-www-form-urlencoded"
2026-09-28 20:39:19.755 - INFO: Processing the following SPARQL query:
# Tier H-vocab — title literals, large
# Goal: external-vocabulary lookup pressure with larger bounded output.
PREFIX dblp: <https://dblp.org/rdf/schema#>

CONSTRUCT { ?paper dblp:title ?title }
WHERE {
  ?paper dblp:title ?title .
}
LIMIT 100000

2026-09-28 20:39:19.755 - INFO: Requested media types of the result are: "text/turtle"
2026-09-28 20:39:19.755 - INFO: Query planning done in 0 ms
2026-09-28 20:39:19.755 - INFO: Result has unknown size (not computed yet)
2026-09-28 20:39:20.027 - INFO: Done processing query and sending result, total time was 272 ms
2026-09-28 20:39:20.048 - INFO: 
2026-09-28 20:39:20.048 - INFO: Request received via GET, no content type specified
2026-09-28 20:39:20.048 - INFO: Processing command "clear-cache": clear the cache (unpinned elements only)
2026-09-28 20:39:20.066 - INFO: 
2026-09-28 20:39:20.066 - INFO: Request received via POST, content type "application/x-www-form-urlencoded"
2026-09-28 20:39:20.066 - INFO: Processing the following SPARQL query:
# Tier H-vocab — title literals, large
# Goal: external-vocabulary lookup pressure with larger bounded output.
PREFIX dblp: <https://dblp.org/rdf/schema#>

CONSTRUCT { ?paper dblp:title ?title }
WHERE {
  ?paper dblp:title ?title .
}
LIMIT 100000

2026-09-28 20:39:20.066 - INFO: Requested media types of the result are: "text/turtle"
2026-09-28 20:39:20.066 - INFO: Query planning done in 0 ms
2026-09-28 20:39:20.066 - INFO: Result has unknown size (not computed yet)
2026-09-28 20:39:20.336 - INFO: Done processing query and sending result, total time was 270 ms
2026-09-28 20:39:20.356 - INFO: 
2026-09-28 20:39:20.356 - INFO: Request received via GET, no content type specified
2026-09-28 20:39:20.356 - INFO: Processing command "clear-cache": clear the cache (unpinned elements only)
2026-09-28 20:39:20.382 - INFO: 
2026-09-28 20:39:20.382 - INFO: Request received via POST, content type "application/x-www-form-urlencoded"
2026-09-28 20:39:20.382 - INFO: Processing the following SPARQL query:
# Tier H-vocab — title literals, large
# Goal: external-vocabulary lookup pressure with larger bounded output.
PREFIX dblp: <https://dblp.org/rdf/schema#>

CONSTRUCT { ?paper dblp:title ?title }
WHERE {
  ?paper dblp:title ?title .
}
LIMIT 100000

2026-09-28 20:39:20.382 - INFO: Requested media types of the result are: "text/turtle"
2026-09-28 20:39:20.382 - INFO: Query planning done in 0 ms
2026-09-28 20:39:20.383 - INFO: Result has unknown size (not computed yet)
2026-09-28 20:39:20.653 - INFO: Done processing query and sending result, total time was 270 ms
2026-09-28 20:39:36.948 - INFO: 
2026-09-28 20:39:36.948 - INFO: Request received via GET, no content type specified
2026-09-28 20:39:36.948 - INFO: Processing command "clear-cache": clear the cache (unpinned elements only)
2026-09-28 20:39:36.966 - INFO: 
2026-09-28 20:39:36.966 - INFO: Request received via POST, content type "application/x-www-form-urlencoded"
2026-09-28 20:39:36.966 - INFO: Processing the following SPARQL query:
# Tier H-vocab — title literals, large
# Goal: external-vocabulary lookup pressure with larger bounded output.
PREFIX dblp: <https://dblp.org/rdf/schema#>

CONSTRUCT { ?paper dblp:title ?title }
WHERE {
  ?paper dblp:title ?title .
}
LIMIT 100000

2026-09-28 20:39:36.966 - INFO: Requested media types of the result are: "text/turtle"
2026-09-28 20:39:36.967 - INFO: Query planning done in 0 ms
2026-09-28 20:39:36.967 - INFO: Result has unknown size (not computed yet)
2026-09-28 20:39:37.262 - INFO: Done processing query and sending result, total time was 295 ms
2026-09-28 20:39:37.282 - INFO: 
2026-09-28 20:39:37.282 - INFO: Request received via GET, no content type specified
2026-09-28 20:39:37.282 - INFO: Processing command "clear-cache": clear the cache (unpinned elements only)
2026-09-28 20:39:37.300 - INFO: 
2026-09-28 20:39:37.300 - INFO: Request received via POST, content type "application/x-www-form-urlencoded"
2026-09-28 20:39:37.300 - INFO: Processing the following SPARQL query:
# Tier H-vocab — title literals, large
# Goal: external-vocabulary lookup pressure with larger bounded output.
PREFIX dblp: <https://dblp.org/rdf/schema#>

CONSTRUCT { ?paper dblp:title ?title }
WHERE {
  ?paper dblp:title ?title .
}
LIMIT 100000

2026-09-28 20:39:37.300 - INFO: Requested media types of the result are: "text/turtle"
2026-09-28 20:39:37.301 - INFO: Query planning done in 0 ms
2026-09-28 20:39:37.301 - INFO: Result has unknown size (not computed yet)
2026-09-28 20:39:37.595 - INFO: Done processing query and sending result, total time was 295 ms
2026-09-28 20:39:37.615 - INFO: 
2026-09-28 20:39:37.615 - INFO: Request received via GET, no content type specified
2026-09-28 20:39:37.615 - INFO: Processing command "clear-cache": clear the cache (unpinned elements only)
2026-09-28 20:39:37.633 - INFO: 
2026-09-28 20:39:37.633 - INFO: Request received via POST, content type "application/x-www-form-urlencoded"
2026-09-28 20:39:37.634 - INFO: Processing the following SPARQL query:
# Tier H-vocab — title literals, large
# Goal: external-vocabulary lookup pressure with larger bounded output.
PREFIX dblp: <https://dblp.org/rdf/schema#>

CONSTRUCT { ?paper dblp:title ?title }
WHERE {
  ?paper dblp:title ?title .
}
LIMIT 100000

2026-09-28 20:39:37.634 - INFO: Requested media types of the result are: "text/turtle"
2026-09-28 20:39:37.634 - INFO: Query planning done in 0 ms
2026-09-28 20:39:37.634 - INFO: Result has unknown size (not computed yet)
2026-09-28 20:39:37.927 - INFO: Done processing query and sending result, total time was 293 ms
2026-09-28 20:39:37.947 - INFO: 
2026-09-28 20:39:37.947 - INFO: Request received via GET, no content type specified
2026-09-28 20:39:37.947 - INFO: Processing command "clear-cache": clear the cache (unpinned elements only)
2026-09-28 20:39:37.965 - INFO: 
2026-09-28 20:39:37.965 - INFO: Request received via POST, content type "application/x-www-form-urlencoded"
2026-09-28 20:39:37.965 - INFO: Processing the following SPARQL query:
# Tier H-vocab — title literals, large
# Goal: external-vocabulary lookup pressure with larger bounded output.
PREFIX dblp: <https://dblp.org/rdf/schema#>

CONSTRUCT { ?paper dblp:title ?title }
WHERE {
  ?paper dblp:title ?title .
}
LIMIT 100000

2026-09-28 20:39:37.965 - INFO: Requested media types of the result are: "text/turtle"
2026-09-28 20:39:37.966 - INFO: Query planning done in 0 ms
2026-09-28 20:39:37.966 - INFO: Result has unknown size (not computed yet)
2026-09-28 20:39:38.256 - INFO: Done processing query and sending result, total time was 290 ms
2026-09-28 20:39:38.276 - INFO: 
2026-09-28 20:39:38.276 - INFO: Request received via GET, no content type specified
2026-09-28 20:39:38.276 - INFO: Processing command "clear-cache": clear the cache (unpinned elements only)
2026-09-28 20:39:38.294 - INFO: 
2026-09-28 20:39:38.294 - INFO: Request received via POST, content type "application/x-www-form-urlencoded"
2026-09-28 20:39:38.294 - INFO: Processing the following SPARQL query:
# Tier H-vocab — title literals, large
# Goal: external-vocabulary lookup pressure with larger bounded output.
PREFIX dblp: <https://dblp.org/rdf/schema#>

CONSTRUCT { ?paper dblp:title ?title }
WHERE {
  ?paper dblp:title ?title .
}
LIMIT 100000

2026-09-28 20:39:38.294 - INFO: Requested media types of the result are: "text/turtle"
2026-09-28 20:39:38.294 - INFO: Query planning done in 0 ms
2026-09-28 20:39:38.295 - INFO: Result has unknown size (not computed yet)
2026-09-28 20:39:38.593 - INFO: Done processing query and sending result, total time was 298 ms
2026-09-28 20:39:38.613 - INFO: 
2026-09-28 20:39:38.613 - INFO: Request received via GET, no content type specified
2026-09-28 20:39:38.613 - INFO: Processing command "clear-cache": clear the cache (unpinned elements only)
2026-09-28 20:39:38.631 - INFO: 
2026-09-28 20:39:38.631 - INFO: Request received via POST, content type "application/x-www-form-urlencoded"
2026-09-28 20:39:38.631 - INFO: Processing the following SPARQL query:
# Tier H-vocab — title literals, large
# Goal: external-vocabulary lookup pressure with larger bounded output.
PREFIX dblp: <https://dblp.org/rdf/schema#>

CONSTRUCT { ?paper dblp:title ?title }
WHERE {
  ?paper dblp:title ?title .
}
LIMIT 100000

2026-09-28 20:39:38.631 - INFO: Requested media types of the result are: "text/turtle"
2026-09-28 20:39:38.631 - INFO: Query planning done in 0 ms
2026-09-28 20:39:38.631 - INFO: Result has unknown size (not computed yet)
2026-09-28 20:39:38.928 - INFO: Done processing query and sending result, total time was 297 ms
2026-09-28 20:39:38.948 - INFO: 
2026-09-28 20:39:38.948 - INFO: Request received via GET, no content type specified
2026-09-28 20:39:38.948 - INFO: Processing command "clear-cache": clear the cache (unpinned elements only)
2026-09-28 20:39:38.966 - INFO: 
2026-09-28 20:39:38.966 - INFO: Request received via POST, content type "application/x-www-form-urlencoded"
2026-09-28 20:39:38.966 - INFO: Processing the following SPARQL query:
# Tier H-vocab — title literals, large
# Goal: external-vocabulary lookup pressure with larger bounded output.
PREFIX dblp: <https://dblp.org/rdf/schema#>

CONSTRUCT { ?paper dblp:title ?title }
WHERE {
  ?paper dblp:title ?title .
}
LIMIT 100000

2026-09-28 20:39:38.966 - INFO: Requested media types of the result are: "text/turtle"
2026-09-28 20:39:38.966 - INFO: Query planning done in 0 ms
2026-09-28 20:39:38.966 - INFO: Result has unknown size (not computed yet)
2026-09-28 20:39:39.265 - INFO: Done processing query and sending result, total time was 299 ms
2026-09-28 20:39:39.285 - INFO: 
2026-09-28 20:39:39.285 - INFO: Request received via GET, no content type specified
2026-09-28 20:39:39.285 - INFO: Processing command "clear-cache": clear the cache (unpinned elements only)
2026-09-28 20:39:39.311 - INFO: 
2026-09-28 20:39:39.311 - INFO: Request received via POST, content type "application/x-www-form-urlencoded"
2026-09-28 20:39:39.311 - INFO: Processing the following SPARQL query:
# Tier H-vocab — title literals, large
# Goal: external-vocabulary lookup pressure with larger bounded output.
PREFIX dblp: <https://dblp.org/rdf/schema#>

CONSTRUCT { ?paper dblp:title ?title }
WHERE {
  ?paper dblp:title ?title .
}
LIMIT 100000

2026-09-28 20:39:39.311 - INFO: Requested media types of the result are: "text/turtle"
2026-09-28 20:39:39.312 - INFO: Query planning done in 0 ms
2026-09-28 20:39:39.312 - INFO: Result has unknown size (not computed yet)
2026-09-28 20:39:39.614 - INFO: Done processing query and sending result, total time was 302 ms
2026-09-28 20:39:39.634 - INFO: 
2026-09-28 20:39:39.634 - INFO: Request received via GET, no content type specified
2026-09-28 20:39:39.634 - INFO: Processing command "clear-cache": clear the cache (unpinned elements only)
2026-09-28 20:39:39.652 - INFO: 
2026-09-28 20:39:39.652 - INFO: Request received via POST, content type "application/x-www-form-urlencoded"
2026-09-28 20:39:39.652 - INFO: Processing the following SPARQL query:
# Tier H-vocab — title literals, large
# Goal: external-vocabulary lookup pressure with larger bounded output.
PREFIX dblp: <https://dblp.org/rdf/schema#>

CONSTRUCT { ?paper dblp:title ?title }
WHERE {
  ?paper dblp:title ?title .
}
LIMIT 100000

2026-09-28 20:39:39.652 - INFO: Requested media types of the result are: "text/turtle"
2026-09-28 20:39:39.652 - INFO: Query planning done in 0 ms
2026-09-28 20:39:39.652 - INFO: Result has unknown size (not computed yet)
2026-09-28 20:39:39.949 - INFO: Done processing query and sending result, total time was 296 ms
2026-09-28 20:39:39.969 - INFO: 
2026-09-28 20:39:39.969 - INFO: Request received via GET, no content type specified
2026-09-28 20:39:39.969 - INFO: Processing command "clear-cache": clear the cache (unpinned elements only)
2026-09-28 20:39:39.987 - INFO: 
2026-09-28 20:39:39.987 - INFO: Request received via POST, content type "application/x-www-form-urlencoded"
2026-09-28 20:39:39.987 - INFO: Processing the following SPARQL query:
# Tier H-vocab — title literals, large
# Goal: external-vocabulary lookup pressure with larger bounded output.
PREFIX dblp: <https://dblp.org/rdf/schema#>

CONSTRUCT { ?paper dblp:title ?title }
WHERE {
  ?paper dblp:title ?title .
}
LIMIT 100000

2026-09-28 20:39:39.987 - INFO: Requested media types of the result are: "text/turtle"
2026-09-28 20:39:39.987 - INFO: Query planning done in 0 ms
2026-09-28 20:39:39.987 - INFO: Result has unknown size (not computed yet)
2026-09-28 20:39:40.286 - INFO: Done processing query and sending result, total time was 299 ms
2026-09-28 20:39:40.306 - INFO: 
2026-09-28 20:39:40.306 - INFO: Request received via GET, no content type specified
2026-09-28 20:39:40.306 - INFO: Processing command "clear-cache": clear the cache (unpinned elements only)
2026-09-28 20:39:40.324 - INFO: 
2026-09-28 20:39:40.324 - INFO: Request received via POST, content type "application/x-www-form-urlencoded"
2026-09-28 20:39:40.324 - INFO: Processing the following SPARQL query:
# Tier H-vocab — title literals, large
# Goal: external-vocabulary lookup pressure with larger bounded output.
PREFIX dblp: <https://dblp.org/rdf/schema#>

CONSTRUCT { ?paper dblp:title ?title }
WHERE {
  ?paper dblp:title ?title .
}
LIMIT 100000

2026-09-28 20:39:40.324 - INFO: Requested media types of the result are: "text/turtle"
2026-09-28 20:39:40.325 - INFO: Query planning done in 0 ms
2026-09-28 20:39:40.325 - INFO: Result has unknown size (not computed yet)
2026-09-28 20:39:40.624 - INFO: Done processing query and sending result, total time was 300 ms
2026-09-28 20:40:06.916 - INFO: 
2026-09-28 20:40:06.916 - INFO: Request received via GET, no content type specified
2026-09-28 20:40:06.916 - INFO: Processing command "clear-cache": clear the cache (unpinned elements only)
2026-09-28 20:40:06.934 - INFO: 
2026-09-28 20:40:06.934 - INFO: Request received via POST, content type "application/x-www-form-urlencoded"
2026-09-28 20:40:06.934 - INFO: Processing the following SPARQL query:
# Tier H-vocab — title literals, large
# Goal: external-vocabulary lookup pressure with larger bounded output.
PREFIX dblp: <https://dblp.org/rdf/schema#>

CONSTRUCT { ?paper dblp:title ?title }
WHERE {
  ?paper dblp:title ?title .
}
LIMIT 100000

2026-09-28 20:40:06.934 - INFO: Requested media types of the result are: "text/turtle"
2026-09-28 20:40:06.934 - INFO: Query planning done in 0 ms
2026-09-28 20:40:06.934 - INFO: Result has unknown size (not computed yet)
2026-09-28 20:40:07.267 - INFO: Done processing query and sending result, total time was 333 ms
2026-09-28 20:40:07.287 - INFO: 
2026-09-28 20:40:07.287 - INFO: Request received via GET, no content type specified
2026-09-28 20:40:07.287 - INFO: Processing command "clear-cache": clear the cache (unpinned elements only)
2026-09-28 20:40:07.306 - INFO: 
2026-09-28 20:40:07.306 - INFO: Request received via POST, content type "application/x-www-form-urlencoded"
2026-09-28 20:40:07.306 - INFO: Processing the following SPARQL query:
# Tier H-vocab — title literals, large
# Goal: external-vocabulary lookup pressure with larger bounded output.
PREFIX dblp: <https://dblp.org/rdf/schema#>

CONSTRUCT { ?paper dblp:title ?title }
WHERE {
  ?paper dblp:title ?title .
}
LIMIT 100000

2026-09-28 20:40:07.306 - INFO: Requested media types of the result are: "text/turtle"
2026-09-28 20:40:07.306 - INFO: Query planning done in 0 ms
2026-09-28 20:40:07.307 - INFO: Result has unknown size (not computed yet)
2026-09-28 20:40:07.604 - INFO: Done processing query and sending result, total time was 297 ms
2026-09-28 20:40:07.624 - INFO: 
2026-09-28 20:40:07.624 - INFO: Request received via GET, no content type specified
2026-09-28 20:40:07.624 - INFO: Processing command "clear-cache": clear the cache (unpinned elements only)
2026-09-28 20:40:07.642 - INFO: 
2026-09-28 20:40:07.642 - INFO: Request received via POST, content type "application/x-www-form-urlencoded"
2026-09-28 20:40:07.642 - INFO: Processing the following SPARQL query:
# Tier H-vocab — title literals, large
# Goal: external-vocabulary lookup pressure with larger bounded output.
PREFIX dblp: <https://dblp.org/rdf/schema#>

CONSTRUCT { ?paper dblp:title ?title }
WHERE {
  ?paper dblp:title ?title .
}
LIMIT 100000

2026-09-28 20:40:07.642 - INFO: Requested media types of the result are: "text/turtle"
2026-09-28 20:40:07.642 - INFO: Query planning done in 0 ms
2026-09-28 20:40:07.642 - INFO: Result has unknown size (not computed yet)
2026-09-28 20:40:07.940 - INFO: Done processing query and sending result, total time was 297 ms
2026-09-28 20:40:07.959 - INFO: 
2026-09-28 20:40:07.959 - INFO: Request received via GET, no content type specified
2026-09-28 20:40:07.959 - INFO: Processing command "clear-cache": clear the cache (unpinned elements only)
2026-09-28 20:40:07.977 - INFO: 
2026-09-28 20:40:07.977 - INFO: Request received via POST, content type "application/x-www-form-urlencoded"
2026-09-28 20:40:07.978 - INFO: Processing the following SPARQL query:
# Tier H-vocab — title literals, large
# Goal: external-vocabulary lookup pressure with larger bounded output.
PREFIX dblp: <https://dblp.org/rdf/schema#>

CONSTRUCT { ?paper dblp:title ?title }
WHERE {
  ?paper dblp:title ?title .
}
LIMIT 100000

2026-09-28 20:40:07.978 - INFO: Requested media types of the result are: "text/turtle"
2026-09-28 20:40:07.978 - INFO: Query planning done in 0 ms
2026-09-28 20:40:07.978 - INFO: Result has unknown size (not computed yet)
2026-09-28 20:40:08.277 - INFO: Done processing query and sending result, total time was 299 ms
2026-09-28 20:40:08.297 - INFO: 
2026-09-28 20:40:08.297 - INFO: Request received via GET, no content type specified
2026-09-28 20:40:08.297 - INFO: Processing command "clear-cache": clear the cache (unpinned elements only)
2026-09-28 20:40:08.322 - INFO: 
2026-09-28 20:40:08.322 - INFO: Request received via POST, content type "application/x-www-form-urlencoded"
2026-09-28 20:40:08.322 - INFO: Processing the following SPARQL query:
# Tier H-vocab — title literals, large
# Goal: external-vocabulary lookup pressure with larger bounded output.
PREFIX dblp: <https://dblp.org/rdf/schema#>

CONSTRUCT { ?paper dblp:title ?title }
WHERE {
  ?paper dblp:title ?title .
}
LIMIT 100000

2026-09-28 20:40:08.322 - INFO: Requested media types of the result are: "text/turtle"
2026-09-28 20:40:08.323 - INFO: Query planning done in 0 ms
2026-09-28 20:40:08.323 - INFO: Result has unknown size (not computed yet)
2026-09-28 20:40:08.625 - INFO: Done processing query and sending result, total time was 302 ms
2026-09-28 20:40:08.646 - INFO: 
2026-09-28 20:40:08.646 - INFO: Request received via GET, no content type specified
2026-09-28 20:40:08.646 - INFO: Processing command "clear-cache": clear the cache (unpinned elements only)
2026-09-28 20:40:08.664 - INFO: 
2026-09-28 20:40:08.664 - INFO: Request received via POST, content type "application/x-www-form-urlencoded"
2026-09-28 20:40:08.664 - INFO: Processing the following SPARQL query:
# Tier H-vocab — title literals, large
# Goal: external-vocabulary lookup pressure with larger bounded output.
PREFIX dblp: <https://dblp.org/rdf/schema#>

CONSTRUCT { ?paper dblp:title ?title }
WHERE {
  ?paper dblp:title ?title .
}
LIMIT 100000

2026-09-28 20:40:08.664 - INFO: Requested media types of the result are: "text/turtle"
2026-09-28 20:40:08.664 - INFO: Query planning done in 0 ms
2026-09-28 20:40:08.665 - INFO: Result has unknown size (not computed yet)
2026-09-28 20:40:08.960 - INFO: Done processing query and sending result, total time was 296 ms
2026-09-28 20:40:08.980 - INFO: 
2026-09-28 20:40:08.980 - INFO: Request received via GET, no content type specified
2026-09-28 20:40:08.980 - INFO: Processing command "clear-cache": clear the cache (unpinned elements only)
2026-09-28 20:40:08.998 - INFO: 
2026-09-28 20:40:08.999 - INFO: Request received via POST, content type "application/x-www-form-urlencoded"
2026-09-28 20:40:08.999 - INFO: Processing the following SPARQL query:
# Tier H-vocab — title literals, large
# Goal: external-vocabulary lookup pressure with larger bounded output.
PREFIX dblp: <https://dblp.org/rdf/schema#>

CONSTRUCT { ?paper dblp:title ?title }
WHERE {
  ?paper dblp:title ?title .
}
LIMIT 100000

2026-09-28 20:40:08.999 - INFO: Requested media types of the result are: "text/turtle"
2026-09-28 20:40:08.999 - INFO: Query planning done in 0 ms
2026-09-28 20:40:08.999 - INFO: Result has unknown size (not computed yet)
2026-09-28 20:40:09.295 - INFO: Done processing query and sending result, total time was 296 ms
2026-09-28 20:40:09.315 - INFO: 
2026-09-28 20:40:09.315 - INFO: Request received via GET, no content type specified
2026-09-28 20:40:09.315 - INFO: Processing command "clear-cache": clear the cache (unpinned elements only)
2026-09-28 20:40:09.333 - INFO: 
2026-09-28 20:40:09.333 - INFO: Request received via POST, content type "application/x-www-form-urlencoded"
2026-09-28 20:40:09.333 - INFO: Processing the following SPARQL query:
# Tier H-vocab — title literals, large
# Goal: external-vocabulary lookup pressure with larger bounded output.
PREFIX dblp: <https://dblp.org/rdf/schema#>

CONSTRUCT { ?paper dblp:title ?title }
WHERE {
  ?paper dblp:title ?title .
}
LIMIT 100000

2026-09-28 20:40:09.333 - INFO: Requested media types of the result are: "text/turtle"
2026-09-28 20:40:09.334 - INFO: Query planning done in 0 ms
2026-09-28 20:40:09.334 - INFO: Result has unknown size (not computed yet)
2026-09-28 20:40:09.633 - INFO: Done processing query and sending result, total time was 299 ms
2026-09-28 20:40:09.653 - INFO: 
2026-09-28 20:40:09.653 - INFO: Request received via GET, no content type specified
2026-09-28 20:40:09.653 - INFO: Processing command "clear-cache": clear the cache (unpinned elements only)
2026-09-28 20:40:09.671 - INFO: 
2026-09-28 20:40:09.671 - INFO: Request received via POST, content type "application/x-www-form-urlencoded"
2026-09-28 20:40:09.671 - INFO: Processing the following SPARQL query:
# Tier H-vocab — title literals, large
# Goal: external-vocabulary lookup pressure with larger bounded output.
PREFIX dblp: <https://dblp.org/rdf/schema#>

CONSTRUCT { ?paper dblp:title ?title }
WHERE {
  ?paper dblp:title ?title .
}
LIMIT 100000

2026-09-28 20:40:09.671 - INFO: Requested media types of the result are: "text/turtle"
2026-09-28 20:40:09.671 - INFO: Query planning done in 0 ms
2026-09-28 20:40:09.671 - INFO: Result has unknown size (not computed yet)
2026-09-28 20:40:09.967 - INFO: Done processing query and sending result, total time was 296 ms
2026-09-28 20:40:09.987 - INFO: 
2026-09-28 20:40:09.987 - INFO: Request received via GET, no content type specified
2026-09-28 20:40:09.987 - INFO: Processing command "clear-cache": clear the cache (unpinned elements only)
2026-09-28 20:40:10.005 - INFO: 
2026-09-28 20:40:10.005 - INFO: Request received via POST, content type "application/x-www-form-urlencoded"
2026-09-28 20:40:10.005 - INFO: Processing the following SPARQL query:
# Tier H-vocab — title literals, large
# Goal: external-vocabulary lookup pressure with larger bounded output.
PREFIX dblp: <https://dblp.org/rdf/schema#>

CONSTRUCT { ?paper dblp:title ?title }
WHERE {
  ?paper dblp:title ?title .
}
LIMIT 100000

2026-09-28 20:40:10.005 - INFO: Requested media types of the result are: "text/turtle"
2026-09-28 20:40:10.006 - INFO: Query planning done in 0 ms
2026-09-28 20:40:10.006 - INFO: Result has unknown size (not computed yet)
2026-09-28 20:40:10.301 - INFO: Done processing query and sending result, total time was 295 ms
2026-09-28 20:40:10.321 - INFO: 
2026-09-28 20:40:10.321 - INFO: Request received via GET, no content type specified
2026-09-28 20:40:10.321 - INFO: Processing command "clear-cache": clear the cache (unpinned elements only)
2026-09-28 20:40:10.339 - INFO: 
2026-09-28 20:40:10.339 - INFO: Request received via POST, content type "application/x-www-form-urlencoded"
2026-09-28 20:40:10.339 - INFO: Processing the following SPARQL query:
# Tier H-vocab — title literals, large
# Goal: external-vocabulary lookup pressure with larger bounded output.
PREFIX dblp: <https://dblp.org/rdf/schema#>

CONSTRUCT { ?paper dblp:title ?title }
WHERE {
  ?paper dblp:title ?title .
}
LIMIT 100000

2026-09-28 20:40:10.339 - INFO: Requested media types of the result are: "text/turtle"
2026-09-28 20:40:10.340 - INFO: Query planning done in 0 ms
2026-09-28 20:40:10.340 - INFO: Result has unknown size (not computed yet)
2026-09-28 20:40:10.635 - INFO: Done processing query and sending result, total time was 296 ms
2026-09-28 20:40:27.088 - INFO: 
2026-09-28 20:40:27.088 - INFO: Request received via GET, no content type specified
2026-09-28 20:40:27.088 - INFO: Processing command "clear-cache": clear the cache (unpinned elements only)
2026-09-28 20:40:27.107 - INFO: 
2026-09-28 20:40:27.107 - INFO: Request received via POST, content type "application/x-www-form-urlencoded"
2026-09-28 20:40:27.108 - INFO: Processing the following SPARQL query:
# Tier H-vocab — title literals, large
# Goal: external-vocabulary lookup pressure with larger bounded output.
PREFIX dblp: <https://dblp.org/rdf/schema#>

CONSTRUCT { ?paper dblp:title ?title }
WHERE {
  ?paper dblp:title ?title .
}
LIMIT 100000

2026-09-28 20:40:27.108 - INFO: Requested media types of the result are: "text/turtle"
2026-09-28 20:40:27.108 - INFO: Query planning done in 0 ms
2026-09-28 20:40:27.109 - INFO: Result has unknown size (not computed yet)
2026-09-28 20:40:27.413 - INFO: Done processing query and sending result, total time was 305 ms
2026-09-28 20:40:27.433 - INFO: 
2026-09-28 20:40:27.433 - INFO: Request received via GET, no content type specified
2026-09-28 20:40:27.433 - INFO: Processing command "clear-cache": clear the cache (unpinned elements only)
2026-09-28 20:40:27.459 - INFO: 
2026-09-28 20:40:27.459 - INFO: Request received via POST, content type "application/x-www-form-urlencoded"
2026-09-28 20:40:27.459 - INFO: Processing the following SPARQL query:
# Tier H-vocab — title literals, large
# Goal: external-vocabulary lookup pressure with larger bounded output.
PREFIX dblp: <https://dblp.org/rdf/schema#>

CONSTRUCT { ?paper dblp:title ?title }
WHERE {
  ?paper dblp:title ?title .
}
LIMIT 100000

2026-09-28 20:40:27.459 - INFO: Requested media types of the result are: "text/turtle"
2026-09-28 20:40:27.459 - INFO: Query planning done in 0 ms
2026-09-28 20:40:27.459 - INFO: Result has unknown size (not computed yet)
2026-09-28 20:40:27.759 - INFO: Done processing query and sending result, total time was 300 ms
2026-09-28 20:40:27.779 - INFO: 
2026-09-28 20:40:27.779 - INFO: Request received via GET, no content type specified
2026-09-28 20:40:27.779 - INFO: Processing command "clear-cache": clear the cache (unpinned elements only)
2026-09-28 20:40:27.797 - INFO: 
2026-09-28 20:40:27.797 - INFO: Request received via POST, content type "application/x-www-form-urlencoded"
2026-09-28 20:40:27.798 - INFO: Processing the following SPARQL query:
# Tier H-vocab — title literals, large
# Goal: external-vocabulary lookup pressure with larger bounded output.
PREFIX dblp: <https://dblp.org/rdf/schema#>

CONSTRUCT { ?paper dblp:title ?title }
WHERE {
  ?paper dblp:title ?title .
}
LIMIT 100000

2026-09-28 20:40:27.798 - INFO: Requested media types of the result are: "text/turtle"
2026-09-28 20:40:27.798 - INFO: Query planning done in 0 ms
2026-09-28 20:40:27.798 - INFO: Result has unknown size (not computed yet)
2026-09-28 20:40:28.100 - INFO: Done processing query and sending result, total time was 302 ms
2026-09-28 20:40:28.121 - INFO: 
2026-09-28 20:40:28.121 - INFO: Request received via GET, no content type specified
2026-09-28 20:40:28.121 - INFO: Processing command "clear-cache": clear the cache (unpinned elements only)
2026-09-28 20:40:28.139 - INFO: 
2026-09-28 20:40:28.139 - INFO: Request received via POST, content type "application/x-www-form-urlencoded"
2026-09-28 20:40:28.139 - INFO: Processing the following SPARQL query:
# Tier H-vocab — title literals, large
# Goal: external-vocabulary lookup pressure with larger bounded output.
PREFIX dblp: <https://dblp.org/rdf/schema#>

CONSTRUCT { ?paper dblp:title ?title }
WHERE {
  ?paper dblp:title ?title .
}
LIMIT 100000

2026-09-28 20:40:28.139 - INFO: Requested media types of the result are: "text/turtle"
2026-09-28 20:40:28.139 - INFO: Query planning done in 0 ms
2026-09-28 20:40:28.139 - INFO: Result has unknown size (not computed yet)
2026-09-28 20:40:28.444 - INFO: Done processing query and sending result, total time was 305 ms
2026-09-28 20:40:28.465 - INFO: 
2026-09-28 20:40:28.465 - INFO: Request received via GET, no content type specified
2026-09-28 20:40:28.465 - INFO: Processing command "clear-cache": clear the cache (unpinned elements only)
2026-09-28 20:40:28.483 - INFO: 
2026-09-28 20:40:28.484 - INFO: Request received via POST, content type "application/x-www-form-urlencoded"
2026-09-28 20:40:28.484 - INFO: Processing the following SPARQL query:
# Tier H-vocab — title literals, large
# Goal: external-vocabulary lookup pressure with larger bounded output.
PREFIX dblp: <https://dblp.org/rdf/schema#>

CONSTRUCT { ?paper dblp:title ?title }
WHERE {
  ?paper dblp:title ?title .
}
LIMIT 100000

2026-09-28 20:40:28.484 - INFO: Requested media types of the result are: "text/turtle"
2026-09-28 20:40:28.484 - INFO: Query planning done in 0 ms
2026-09-28 20:40:28.484 - INFO: Result has unknown size (not computed yet)
2026-09-28 20:40:28.791 - INFO: Done processing query and sending result, total time was 307 ms
2026-09-28 20:40:28.811 - INFO: 
2026-09-28 20:40:28.811 - INFO: Request received via GET, no content type specified
2026-09-28 20:40:28.811 - INFO: Processing command "clear-cache": clear the cache (unpinned elements only)
2026-09-28 20:40:28.829 - INFO: 
2026-09-28 20:40:28.829 - INFO: Request received via POST, content type "application/x-www-form-urlencoded"
2026-09-28 20:40:28.829 - INFO: Processing the following SPARQL query:
# Tier H-vocab — title literals, large
# Goal: external-vocabulary lookup pressure with larger bounded output.
PREFIX dblp: <https://dblp.org/rdf/schema#>

CONSTRUCT { ?paper dblp:title ?title }
WHERE {
  ?paper dblp:title ?title .
}
LIMIT 100000

2026-09-28 20:40:28.829 - INFO: Requested media types of the result are: "text/turtle"
2026-09-28 20:40:28.830 - INFO: Query planning done in 0 ms
2026-09-28 20:40:28.830 - INFO: Result has unknown size (not computed yet)
2026-09-28 20:40:29.133 - INFO: Done processing query and sending result, total time was 303 ms
2026-09-28 20:40:29.154 - INFO: 
2026-09-28 20:40:29.154 - INFO: Request received via GET, no content type specified
2026-09-28 20:40:29.154 - INFO: Processing command "clear-cache": clear the cache (unpinned elements only)
2026-09-28 20:40:29.172 - INFO: 
2026-09-28 20:40:29.172 - INFO: Request received via POST, content type "application/x-www-form-urlencoded"
2026-09-28 20:40:29.172 - INFO: Processing the following SPARQL query:
# Tier H-vocab — title literals, large
# Goal: external-vocabulary lookup pressure with larger bounded output.
PREFIX dblp: <https://dblp.org/rdf/schema#>

CONSTRUCT { ?paper dblp:title ?title }
WHERE {
  ?paper dblp:title ?title .
}
LIMIT 100000

2026-09-28 20:40:29.172 - INFO: Requested media types of the result are: "text/turtle"
2026-09-28 20:40:29.172 - INFO: Query planning done in 0 ms
2026-09-28 20:40:29.173 - INFO: Result has unknown size (not computed yet)
2026-09-28 20:40:29.474 - INFO: Done processing query and sending result, total time was 302 ms
2026-09-28 20:40:29.495 - INFO: 
2026-09-28 20:40:29.495 - INFO: Request received via GET, no content type specified
2026-09-28 20:40:29.495 - INFO: Processing command "clear-cache": clear the cache (unpinned elements only)
2026-09-28 20:40:29.513 - INFO: 
2026-09-28 20:40:29.513 - INFO: Request received via POST, content type "application/x-www-form-urlencoded"
2026-09-28 20:40:29.513 - INFO: Processing the following SPARQL query:
# Tier H-vocab — title literals, large
# Goal: external-vocabulary lookup pressure with larger bounded output.
PREFIX dblp: <https://dblp.org/rdf/schema#>

CONSTRUCT { ?paper dblp:title ?title }
WHERE {
  ?paper dblp:title ?title .
}
LIMIT 100000

2026-09-28 20:40:29.513 - INFO: Requested media types of the result are: "text/turtle"
2026-09-28 20:40:29.513 - INFO: Query planning done in 0 ms
2026-09-28 20:40:29.513 - INFO: Result has unknown size (not computed yet)
2026-09-28 20:40:29.812 - INFO: Done processing query and sending result, total time was 299 ms
2026-09-28 20:40:29.833 - INFO: 
2026-09-28 20:40:29.833 - INFO: Request received via GET, no content type specified
2026-09-28 20:40:29.833 - INFO: Processing command "clear-cache": clear the cache (unpinned elements only)
2026-09-28 20:40:29.851 - INFO: 
2026-09-28 20:40:29.851 - INFO: Request received via POST, content type "application/x-www-form-urlencoded"
2026-09-28 20:40:29.851 - INFO: Processing the following SPARQL query:
# Tier H-vocab — title literals, large
# Goal: external-vocabulary lookup pressure with larger bounded output.
PREFIX dblp: <https://dblp.org/rdf/schema#>

CONSTRUCT { ?paper dblp:title ?title }
WHERE {
  ?paper dblp:title ?title .
}
LIMIT 100000

2026-09-28 20:40:29.851 - INFO: Requested media types of the result are: "text/turtle"
2026-09-28 20:40:29.852 - INFO: Query planning done in 0 ms
2026-09-28 20:40:29.852 - INFO: Result has unknown size (not computed yet)
2026-09-28 20:40:30.149 - INFO: Done processing query and sending result, total time was 298 ms
2026-09-28 20:40:30.170 - INFO: 
2026-09-28 20:40:30.170 - INFO: Request received via GET, no content type specified
2026-09-28 20:40:30.170 - INFO: Processing command "clear-cache": clear the cache (unpinned elements only)
2026-09-28 20:40:30.188 - INFO: 
2026-09-28 20:40:30.188 - INFO: Request received via POST, content type "application/x-www-form-urlencoded"
2026-09-28 20:40:30.188 - INFO: Processing the following SPARQL query:
# Tier H-vocab — title literals, large
# Goal: external-vocabulary lookup pressure with larger bounded output.
PREFIX dblp: <https://dblp.org/rdf/schema#>

CONSTRUCT { ?paper dblp:title ?title }
WHERE {
  ?paper dblp:title ?title .
}
LIMIT 100000

2026-09-28 20:40:30.188 - INFO: Requested media types of the result are: "text/turtle"
2026-09-28 20:40:30.188 - INFO: Query planning done in 0 ms
2026-09-28 20:40:30.189 - INFO: Result has unknown size (not computed yet)
2026-09-28 20:40:30.485 - INFO: Done processing query and sending result, total time was 296 ms
2026-09-28 20:40:30.505 - INFO: 
2026-09-28 20:40:30.505 - INFO: Request received via GET, no content type specified
2026-09-28 20:40:30.505 - INFO: Processing command "clear-cache": clear the cache (unpinned elements only)
2026-09-28 20:40:30.523 - INFO: 
2026-09-28 20:40:30.523 - INFO: Request received via POST, content type "application/x-www-form-urlencoded"
2026-09-28 20:40:30.524 - INFO: Processing the following SPARQL query:
# Tier H-vocab — title literals, large
# Goal: external-vocabulary lookup pressure with larger bounded output.
PREFIX dblp: <https://dblp.org/rdf/schema#>

CONSTRUCT { ?paper dblp:title ?title }
WHERE {
  ?paper dblp:title ?title .
}
LIMIT 100000

2026-09-28 20:40:30.524 - INFO: Requested media types of the result are: "text/turtle"
2026-09-28 20:40:30.524 - INFO: Query planning done in 0 ms
2026-09-28 20:40:30.524 - INFO: Result has unknown size (not computed yet)
2026-09-28 20:40:30.819 - INFO: Done processing query and sending result, total time was 295 ms
2026-09-28 20:40:57.167 - INFO: 
2026-09-28 20:40:57.167 - INFO: Request received via GET, no content type specified
2026-09-28 20:40:57.167 - INFO: Processing command "clear-cache": clear the cache (unpinned elements only)
2026-09-28 20:40:57.185 - INFO: 
2026-09-28 20:40:57.185 - INFO: Request received via POST, content type "application/x-www-form-urlencoded"
2026-09-28 20:40:57.185 - INFO: Processing the following SPARQL query:
# Tier H-vocab — title literals, large
# Goal: external-vocabulary lookup pressure with larger bounded output.
PREFIX dblp: <https://dblp.org/rdf/schema#>

CONSTRUCT { ?paper dblp:title ?title }
WHERE {
  ?paper dblp:title ?title .
}
LIMIT 100000

2026-09-28 20:40:57.185 - INFO: Requested media types of the result are: "text/turtle"
2026-09-28 20:40:57.186 - INFO: Query planning done in 0 ms
2026-09-28 20:40:57.186 - INFO: Result has unknown size (not computed yet)
2026-09-28 20:40:57.483 - INFO: Done processing query and sending result, total time was 297 ms
2026-09-28 20:40:57.503 - INFO: 
2026-09-28 20:40:57.503 - INFO: Request received via GET, no content type specified
2026-09-28 20:40:57.503 - INFO: Processing command "clear-cache": clear the cache (unpinned elements only)
2026-09-28 20:40:57.528 - INFO: 
2026-09-28 20:40:57.528 - INFO: Request received via POST, content type "application/x-www-form-urlencoded"
2026-09-28 20:40:57.528 - INFO: Processing the following SPARQL query:
# Tier H-vocab — title literals, large
# Goal: external-vocabulary lookup pressure with larger bounded output.
PREFIX dblp: <https://dblp.org/rdf/schema#>

CONSTRUCT { ?paper dblp:title ?title }
WHERE {
  ?paper dblp:title ?title .
}
LIMIT 100000

2026-09-28 20:40:57.528 - INFO: Requested media types of the result are: "text/turtle"
2026-09-28 20:40:57.528 - INFO: Query planning done in 0 ms
2026-09-28 20:40:57.528 - INFO: Result has unknown size (not computed yet)
2026-09-28 20:40:57.826 - INFO: Done processing query and sending result, total time was 298 ms
2026-09-28 20:40:57.846 - INFO: 
2026-09-28 20:40:57.846 - INFO: Request received via GET, no content type specified
2026-09-28 20:40:57.846 - INFO: Processing command "clear-cache": clear the cache (unpinned elements only)
2026-09-28 20:40:57.864 - INFO: 
2026-09-28 20:40:57.864 - INFO: Request received via POST, content type "application/x-www-form-urlencoded"
2026-09-28 20:40:57.865 - INFO: Processing the following SPARQL query:
# Tier H-vocab — title literals, large
# Goal: external-vocabulary lookup pressure with larger bounded output.
PREFIX dblp: <https://dblp.org/rdf/schema#>

CONSTRUCT { ?paper dblp:title ?title }
WHERE {
  ?paper dblp:title ?title .
}
LIMIT 100000

2026-09-28 20:40:57.865 - INFO: Requested media types of the result are: "text/turtle"
2026-09-28 20:40:57.865 - INFO: Query planning done in 0 ms
2026-09-28 20:40:57.865 - INFO: Result has unknown size (not computed yet)
2026-09-28 20:40:58.164 - INFO: Done processing query and sending result, total time was 299 ms
2026-09-28 20:40:58.184 - INFO: 
2026-09-28 20:40:58.184 - INFO: Request received via GET, no content type specified
2026-09-28 20:40:58.184 - INFO: Processing command "clear-cache": clear the cache (unpinned elements only)
2026-09-28 20:40:58.202 - INFO: 
2026-09-28 20:40:58.202 - INFO: Request received via POST, content type "application/x-www-form-urlencoded"
2026-09-28 20:40:58.202 - INFO: Processing the following SPARQL query:
# Tier H-vocab — title literals, large
# Goal: external-vocabulary lookup pressure with larger bounded output.
PREFIX dblp: <https://dblp.org/rdf/schema#>

CONSTRUCT { ?paper dblp:title ?title }
WHERE {
  ?paper dblp:title ?title .
}
LIMIT 100000

2026-09-28 20:40:58.202 - INFO: Requested media types of the result are: "text/turtle"
2026-09-28 20:40:58.203 - INFO: Query planning done in 0 ms
2026-09-28 20:40:58.203 - INFO: Result has unknown size (not computed yet)
2026-09-28 20:40:58.499 - INFO: Done processing query and sending result, total time was 297 ms
2026-09-28 20:40:58.519 - INFO: 
2026-09-28 20:40:58.519 - INFO: Request received via GET, no content type specified
2026-09-28 20:40:58.519 - INFO: Processing command "clear-cache": clear the cache (unpinned elements only)
2026-09-28 20:40:58.537 - INFO: 
2026-09-28 20:40:58.537 - INFO: Request received via POST, content type "application/x-www-form-urlencoded"
2026-09-28 20:40:58.537 - INFO: Processing the following SPARQL query:
# Tier H-vocab — title literals, large
# Goal: external-vocabulary lookup pressure with larger bounded output.
PREFIX dblp: <https://dblp.org/rdf/schema#>

CONSTRUCT { ?paper dblp:title ?title }
WHERE {
  ?paper dblp:title ?title .
}
LIMIT 100000

2026-09-28 20:40:58.537 - INFO: Requested media types of the result are: "text/turtle"
2026-09-28 20:40:58.538 - INFO: Query planning done in 0 ms
2026-09-28 20:40:58.538 - INFO: Result has unknown size (not computed yet)
2026-09-28 20:40:58.832 - INFO: Done processing query and sending result, total time was 294 ms
2026-09-28 20:40:58.852 - INFO: 
2026-09-28 20:40:58.852 - INFO: Request received via GET, no content type specified
2026-09-28 20:40:58.852 - INFO: Processing command "clear-cache": clear the cache (unpinned elements only)
2026-09-28 20:40:58.870 - INFO: 
2026-09-28 20:40:58.870 - INFO: Request received via POST, content type "application/x-www-form-urlencoded"
2026-09-28 20:40:58.870 - INFO: Processing the following SPARQL query:
# Tier H-vocab — title literals, large
# Goal: external-vocabulary lookup pressure with larger bounded output.
PREFIX dblp: <https://dblp.org/rdf/schema#>

CONSTRUCT { ?paper dblp:title ?title }
WHERE {
  ?paper dblp:title ?title .
}
LIMIT 100000

2026-09-28 20:40:58.870 - INFO: Requested media types of the result are: "text/turtle"
2026-09-28 20:40:58.870 - INFO: Query planning done in 0 ms
2026-09-28 20:40:58.870 - INFO: Result has unknown size (not computed yet)
2026-09-28 20:40:59.152 - INFO: Done processing query and sending result, total time was 282 ms
2026-09-28 20:40:59.172 - INFO: 
2026-09-28 20:40:59.172 - INFO: Request received via GET, no content type specified
2026-09-28 20:40:59.172 - INFO: Processing command "clear-cache": clear the cache (unpinned elements only)
2026-09-28 20:40:59.190 - INFO: 
2026-09-28 20:40:59.190 - INFO: Request received via POST, content type "application/x-www-form-urlencoded"
2026-09-28 20:40:59.191 - INFO: Processing the following SPARQL query:
# Tier H-vocab — title literals, large
# Goal: external-vocabulary lookup pressure with larger bounded output.
PREFIX dblp: <https://dblp.org/rdf/schema#>

CONSTRUCT { ?paper dblp:title ?title }
WHERE {
  ?paper dblp:title ?title .
}
LIMIT 100000

2026-09-28 20:40:59.191 - INFO: Requested media types of the result are: "text/turtle"
2026-09-28 20:40:59.191 - INFO: Query planning done in 0 ms
2026-09-28 20:40:59.191 - INFO: Result has unknown size (not computed yet)
2026-09-28 20:40:59.467 - INFO: Done processing query and sending result, total time was 276 ms
2026-09-28 20:40:59.487 - INFO: 
2026-09-28 20:40:59.487 - INFO: Request received via GET, no content type specified
2026-09-28 20:40:59.487 - INFO: Processing command "clear-cache": clear the cache (unpinned elements only)
2026-09-28 20:40:59.505 - INFO: 
2026-09-28 20:40:59.505 - INFO: Request received via POST, content type "application/x-www-form-urlencoded"
2026-09-28 20:40:59.505 - INFO: Processing the following SPARQL query:
# Tier H-vocab — title literals, large
# Goal: external-vocabulary lookup pressure with larger bounded output.
PREFIX dblp: <https://dblp.org/rdf/schema#>

CONSTRUCT { ?paper dblp:title ?title }
WHERE {
  ?paper dblp:title ?title .
}
LIMIT 100000

2026-09-28 20:40:59.505 - INFO: Requested media types of the result are: "text/turtle"
2026-09-28 20:40:59.505 - INFO: Query planning done in 0 ms
2026-09-28 20:40:59.505 - INFO: Result has unknown size (not computed yet)
2026-09-28 20:40:59.799 - INFO: Done processing query and sending result, total time was 294 ms
2026-09-28 20:40:59.819 - INFO: 
2026-09-28 20:40:59.819 - INFO: Request received via GET, no content type specified
2026-09-28 20:40:59.819 - INFO: Processing command "clear-cache": clear the cache (unpinned elements only)
2026-09-28 20:40:59.845 - INFO: 
2026-09-28 20:40:59.845 - INFO: Request received via POST, content type "application/x-www-form-urlencoded"
2026-09-28 20:40:59.845 - INFO: Processing the following SPARQL query:
# Tier H-vocab — title literals, large
# Goal: external-vocabulary lookup pressure with larger bounded output.
PREFIX dblp: <https://dblp.org/rdf/schema#>

CONSTRUCT { ?paper dblp:title ?title }
WHERE {
  ?paper dblp:title ?title .
}
LIMIT 100000

2026-09-28 20:40:59.845 - INFO: Requested media types of the result are: "text/turtle"
2026-09-28 20:40:59.846 - INFO: Query planning done in 0 ms
2026-09-28 20:40:59.846 - INFO: Result has unknown size (not computed yet)
2026-09-28 20:41:00.151 - INFO: Done processing query and sending result, total time was 305 ms
2026-09-28 20:41:00.172 - INFO: 
2026-09-28 20:41:00.172 - INFO: Request received via GET, no content type specified
2026-09-28 20:41:00.172 - INFO: Processing command "clear-cache": clear the cache (unpinned elements only)
2026-09-28 20:41:00.190 - INFO: 
2026-09-28 20:41:00.190 - INFO: Request received via POST, content type "application/x-www-form-urlencoded"
2026-09-28 20:41:00.190 - INFO: Processing the following SPARQL query:
# Tier H-vocab — title literals, large
# Goal: external-vocabulary lookup pressure with larger bounded output.
PREFIX dblp: <https://dblp.org/rdf/schema#>

CONSTRUCT { ?paper dblp:title ?title }
WHERE {
  ?paper dblp:title ?title .
}
LIMIT 100000

2026-09-28 20:41:00.190 - INFO: Requested media types of the result are: "text/turtle"
2026-09-28 20:41:00.190 - INFO: Query planning done in 0 ms
2026-09-28 20:41:00.190 - INFO: Result has unknown size (not computed yet)
2026-09-28 20:41:00.490 - INFO: Done processing query and sending result, total time was 300 ms
2026-09-28 20:41:00.510 - INFO: 
2026-09-28 20:41:00.510 - INFO: Request received via GET, no content type specified
2026-09-28 20:41:00.510 - INFO: Processing command "clear-cache": clear the cache (unpinned elements only)
2026-09-28 20:41:00.528 - INFO: 
2026-09-28 20:41:00.528 - INFO: Request received via POST, content type "application/x-www-form-urlencoded"
2026-09-28 20:41:00.528 - INFO: Processing the following SPARQL query:
# Tier H-vocab — title literals, large
# Goal: external-vocabulary lookup pressure with larger bounded output.
PREFIX dblp: <https://dblp.org/rdf/schema#>

CONSTRUCT { ?paper dblp:title ?title }
WHERE {
  ?paper dblp:title ?title .
}
LIMIT 100000

2026-09-28 20:41:00.528 - INFO: Requested media types of the result are: "text/turtle"
2026-09-28 20:41:00.529 - INFO: Query planning done in 0 ms
2026-09-28 20:41:00.529 - INFO: Result has unknown size (not computed yet)
2026-09-28 20:41:00.825 - INFO: Done processing query and sending result, total time was 296 ms
2026-09-28 20:41:16.130 - INFO: 
2026-09-28 20:41:16.131 - INFO: Request received via GET, no content type specified
2026-09-28 20:41:16.131 - INFO: Processing command "clear-cache": clear the cache (unpinned elements only)
2026-09-28 20:41:16.167 - INFO: 
2026-09-28 20:41:16.167 - INFO: Request received via POST, content type "application/x-www-form-urlencoded"
2026-09-28 20:41:16.168 - INFO: Processing the following SPARQL query:
# Tier H-vocab — title literals, large
# Goal: external-vocabulary lookup pressure with larger bounded output.
PREFIX dblp: <https://dblp.org/rdf/schema#>

CONSTRUCT { ?paper dblp:title ?title }
WHERE {
  ?paper dblp:title ?title .
}
LIMIT 100000

2026-09-28 20:41:16.168 - INFO: Requested media types of the result are: "text/turtle"
2026-09-28 20:41:16.168 - INFO: Query planning done in 1 ms
2026-09-28 20:41:16.168 - INFO: Result has unknown size (not computed yet)
2026-09-28 20:41:16.466 - INFO: Done processing query and sending result, total time was 299 ms
2026-09-28 20:41:16.486 - INFO: 
2026-09-28 20:41:16.486 - INFO: Request received via GET, no content type specified
2026-09-28 20:41:16.486 - INFO: Processing command "clear-cache": clear the cache (unpinned elements only)
2026-09-28 20:41:16.504 - INFO: 
2026-09-28 20:41:16.504 - INFO: Request received via POST, content type "application/x-www-form-urlencoded"
2026-09-28 20:41:16.505 - INFO: Processing the following SPARQL query:
# Tier H-vocab — title literals, large
# Goal: external-vocabulary lookup pressure with larger bounded output.
PREFIX dblp: <https://dblp.org/rdf/schema#>

CONSTRUCT { ?paper dblp:title ?title }
WHERE {
  ?paper dblp:title ?title .
}
LIMIT 100000

2026-09-28 20:41:16.505 - INFO: Requested media types of the result are: "text/turtle"
2026-09-28 20:41:16.505 - INFO: Query planning done in 0 ms
2026-09-28 20:41:16.506 - INFO: Result has unknown size (not computed yet)
2026-09-28 20:41:16.806 - INFO: Done processing query and sending result, total time was 301 ms
2026-09-28 20:41:16.826 - INFO: 
2026-09-28 20:41:16.826 - INFO: Request received via GET, no content type specified
2026-09-28 20:41:16.826 - INFO: Processing command "clear-cache": clear the cache (unpinned elements only)
2026-09-28 20:41:16.844 - INFO: 
2026-09-28 20:41:16.844 - INFO: Request received via POST, content type "application/x-www-form-urlencoded"
2026-09-28 20:41:16.844 - INFO: Processing the following SPARQL query:
# Tier H-vocab — title literals, large
# Goal: external-vocabulary lookup pressure with larger bounded output.
PREFIX dblp: <https://dblp.org/rdf/schema#>

CONSTRUCT { ?paper dblp:title ?title }
WHERE {
  ?paper dblp:title ?title .
}
LIMIT 100000

2026-09-28 20:41:16.844 - INFO: Requested media types of the result are: "text/turtle"
2026-09-28 20:41:16.844 - INFO: Query planning done in 0 ms
2026-09-28 20:41:16.845 - INFO: Result has unknown size (not computed yet)
2026-09-28 20:41:17.144 - INFO: Done processing query and sending result, total time was 299 ms
2026-09-28 20:41:17.164 - INFO: 
2026-09-28 20:41:17.164 - INFO: Request received via GET, no content type specified
2026-09-28 20:41:17.164 - INFO: Processing command "clear-cache": clear the cache (unpinned elements only)
2026-09-28 20:41:17.182 - INFO: 
2026-09-28 20:41:17.182 - INFO: Request received via POST, content type "application/x-www-form-urlencoded"
2026-09-28 20:41:17.182 - INFO: Processing the following SPARQL query:
# Tier H-vocab — title literals, large
# Goal: external-vocabulary lookup pressure with larger bounded output.
PREFIX dblp: <https://dblp.org/rdf/schema#>

CONSTRUCT { ?paper dblp:title ?title }
WHERE {
  ?paper dblp:title ?title .
}
LIMIT 100000

2026-09-28 20:41:17.182 - INFO: Requested media types of the result are: "text/turtle"
2026-09-28 20:41:17.182 - INFO: Query planning done in 0 ms
2026-09-28 20:41:17.182 - INFO: Result has unknown size (not computed yet)
2026-09-28 20:41:17.480 - INFO: Done processing query and sending result, total time was 298 ms
2026-09-28 20:41:17.500 - INFO: 
2026-09-28 20:41:17.500 - INFO: Request received via GET, no content type specified
2026-09-28 20:41:17.500 - INFO: Processing command "clear-cache": clear the cache (unpinned elements only)
2026-09-28 20:41:17.526 - INFO: 
2026-09-28 20:41:17.526 - INFO: Request received via POST, content type "application/x-www-form-urlencoded"
2026-09-28 20:41:17.526 - INFO: Processing the following SPARQL query:
# Tier H-vocab — title literals, large
# Goal: external-vocabulary lookup pressure with larger bounded output.
PREFIX dblp: <https://dblp.org/rdf/schema#>

CONSTRUCT { ?paper dblp:title ?title }
WHERE {
  ?paper dblp:title ?title .
}
LIMIT 100000

2026-09-28 20:41:17.526 - INFO: Requested media types of the result are: "text/turtle"
2026-09-28 20:41:17.526 - INFO: Query planning done in 0 ms
2026-09-28 20:41:17.526 - INFO: Result has unknown size (not computed yet)
2026-09-28 20:41:17.824 - INFO: Done processing query and sending result, total time was 298 ms
2026-09-28 20:41:38.939 - INFO: 
2026-09-28 20:41:38.939 - INFO: Request received via GET, no content type specified
2026-09-28 20:41:38.939 - INFO: Processing command "clear-cache": clear the cache (unpinned elements only)
2026-09-28 20:41:38.957 - INFO: 
2026-09-28 20:41:38.957 - INFO: Request received via POST, content type "application/x-www-form-urlencoded"
2026-09-28 20:41:38.957 - INFO: Processing the following SPARQL query:
# Tier H-vocab — title literals, 1,000,000 rows (10x H-vocab-title-large)
# Goal: the H-vocab-title-large shape with a response long enough (several
# seconds warm) for a timing verdict on the per-literal formatting cost.
PREFIX dblp: <https://dblp.org/rdf/schema#>

CONSTRUCT { ?paper dblp:title ?title }
WHERE {
  ?paper dblp:title ?title .
}
LIMIT 1000000

2026-09-28 20:41:38.957 - INFO: Requested media types of the result are: "text/turtle"
2026-09-28 20:41:38.957 - INFO: Query planning done in 0 ms
2026-09-28 20:41:38.957 - INFO: Result has unknown size (not computed yet)
2026-09-28 20:41:41.568 - INFO: Done processing query and sending result, total time was 2,611 ms
2026-09-28 20:42:14.397 - INFO: 
2026-09-28 20:42:14.397 - INFO: Request received via GET, no content type specified
2026-09-28 20:42:14.397 - INFO: Processing command "clear-cache": clear the cache (unpinned elements only)
2026-09-28 20:42:14.423 - INFO: 
2026-09-28 20:42:14.423 - INFO: Request received via POST, content type "application/x-www-form-urlencoded"
2026-09-28 20:42:14.424 - INFO: Processing the following SPARQL query:
# Tier H-vocab — title literals, 1,000,000 rows (10x H-vocab-title-large)
# Goal: the H-vocab-title-large shape with a response long enough (several
# seconds warm) for a timing verdict on the per-literal formatting cost.
PREFIX dblp: <https://dblp.org/rdf/schema#>

CONSTRUCT { ?paper dblp:title ?title }
WHERE {
  ?paper dblp:title ?title .
}
LIMIT 1000000

2026-09-28 20:42:14.424 - INFO: Requested media types of the result are: "text/turtle"
2026-09-28 20:42:14.424 - INFO: Query planning done in 0 ms
2026-09-28 20:42:14.424 - INFO: Result has unknown size (not computed yet)
2026-09-28 20:42:17.046 - INFO: Done processing query and sending result, total time was 2,622 ms
2026-09-28 20:42:17.066 - INFO: 
2026-09-28 20:42:17.066 - INFO: Request received via GET, no content type specified
2026-09-28 20:42:17.066 - INFO: Processing command "clear-cache": clear the cache (unpinned elements only)
2026-09-28 20:42:17.084 - INFO: 
2026-09-28 20:42:17.084 - INFO: Request received via POST, content type "application/x-www-form-urlencoded"
2026-09-28 20:42:17.085 - INFO: Processing the following SPARQL query:
# Tier H-vocab — title literals, 1,000,000 rows (10x H-vocab-title-large)
# Goal: the H-vocab-title-large shape with a response long enough (several
# seconds warm) for a timing verdict on the per-literal formatting cost.
PREFIX dblp: <https://dblp.org/rdf/schema#>

CONSTRUCT { ?paper dblp:title ?title }
WHERE {
  ?paper dblp:title ?title .
}
LIMIT 1000000

2026-09-28 20:42:17.085 - INFO: Requested media types of the result are: "text/turtle"
2026-09-28 20:42:17.085 - INFO: Query planning done in 0 ms
2026-09-28 20:42:17.085 - INFO: Result has unknown size (not computed yet)
2026-09-28 20:42:19.657 - INFO: Done processing query and sending result, total time was 2,572 ms
2026-09-28 20:42:19.677 - INFO: 
2026-09-28 20:42:19.677 - INFO: Request received via GET, no content type specified
2026-09-28 20:42:19.677 - INFO: Processing command "clear-cache": clear the cache (unpinned elements only)
2026-09-28 20:42:19.695 - INFO: 
2026-09-28 20:42:19.695 - INFO: Request received via POST, content type "application/x-www-form-urlencoded"
2026-09-28 20:42:19.696 - INFO: Processing the following SPARQL query:
# Tier H-vocab — title literals, 1,000,000 rows (10x H-vocab-title-large)
# Goal: the H-vocab-title-large shape with a response long enough (several
# seconds warm) for a timing verdict on the per-literal formatting cost.
PREFIX dblp: <https://dblp.org/rdf/schema#>

CONSTRUCT { ?paper dblp:title ?title }
WHERE {
  ?paper dblp:title ?title .
}
LIMIT 1000000

2026-09-28 20:42:19.696 - INFO: Requested media types of the result are: "text/turtle"
2026-09-28 20:42:19.696 - INFO: Query planning done in 0 ms
2026-09-28 20:42:19.696 - INFO: Result has unknown size (not computed yet)
2026-09-28 20:42:22.227 - INFO: Done processing query and sending result, total time was 2,531 ms
2026-09-28 20:42:22.248 - INFO: 
2026-09-28 20:42:22.248 - INFO: Request received via GET, no content type specified
2026-09-28 20:42:22.248 - INFO: Processing command "clear-cache": clear the cache (unpinned elements only)
2026-09-28 20:42:22.266 - INFO: 
2026-09-28 20:42:22.266 - INFO: Request received via POST, content type "application/x-www-form-urlencoded"
2026-09-28 20:42:22.266 - INFO: Processing the following SPARQL query:
# Tier H-vocab — title literals, 1,000,000 rows (10x H-vocab-title-large)
# Goal: the H-vocab-title-large shape with a response long enough (several
# seconds warm) for a timing verdict on the per-literal formatting cost.
PREFIX dblp: <https://dblp.org/rdf/schema#>

CONSTRUCT { ?paper dblp:title ?title }
WHERE {
  ?paper dblp:title ?title .
}
LIMIT 1000000

2026-09-28 20:42:22.266 - INFO: Requested media types of the result are: "text/turtle"
2026-09-28 20:42:22.266 - INFO: Query planning done in 0 ms
2026-09-28 20:42:22.266 - INFO: Result has unknown size (not computed yet)
2026-09-28 20:42:24.800 - INFO: Done processing query and sending result, total time was 2,534 ms
2026-09-28 20:43:44.503 - INFO: 
2026-09-28 20:43:44.503 - INFO: Request received via GET, no content type specified
2026-09-28 20:43:44.503 - INFO: Processing command "clear-cache": clear the cache (unpinned elements only)
2026-09-28 20:43:44.521 - INFO: 
2026-09-28 20:43:44.521 - INFO: Request received via POST, content type "application/x-www-form-urlencoded"
2026-09-28 20:43:44.522 - INFO: Processing the following SPARQL query:
# Tier H-vocab — title literals, 1,000,000 rows (10x H-vocab-title-large)
# Goal: the H-vocab-title-large shape with a response long enough (several
# seconds warm) for a timing verdict on the per-literal formatting cost.
PREFIX dblp: <https://dblp.org/rdf/schema#>

CONSTRUCT { ?paper dblp:title ?title }
WHERE {
  ?paper dblp:title ?title .
}
LIMIT 1000000

2026-09-28 20:43:44.522 - INFO: Requested media types of the result are: "text/turtle"
2026-09-28 20:43:44.522 - INFO: Query planning done in 0 ms
2026-09-28 20:43:44.522 - INFO: Result has unknown size (not computed yet)
2026-09-28 20:43:47.267 - INFO: Done processing query and sending result, total time was 2,745 ms
2026-09-28 20:43:47.288 - INFO: 
2026-09-28 20:43:47.288 - INFO: Request received via GET, no content type specified
2026-09-28 20:43:47.288 - INFO: Processing command "clear-cache": clear the cache (unpinned elements only)
2026-09-28 20:43:47.307 - INFO: 
2026-09-28 20:43:47.307 - INFO: Request received via POST, content type "application/x-www-form-urlencoded"
2026-09-28 20:43:47.307 - INFO: Processing the following SPARQL query:
# Tier H-vocab — title literals, 1,000,000 rows (10x H-vocab-title-large)
# Goal: the H-vocab-title-large shape with a response long enough (several
# seconds warm) for a timing verdict on the per-literal formatting cost.
PREFIX dblp: <https://dblp.org/rdf/schema#>

CONSTRUCT { ?paper dblp:title ?title }
WHERE {
  ?paper dblp:title ?title .
}
LIMIT 1000000

2026-09-28 20:43:47.307 - INFO: Requested media types of the result are: "text/turtle"
2026-09-28 20:43:47.307 - INFO: Query planning done in 0 ms
2026-09-28 20:43:47.308 - INFO: Result has unknown size (not computed yet)
2026-09-28 20:43:49.960 - INFO: Done processing query and sending result, total time was 2,652 ms
2026-09-28 20:43:49.980 - INFO: 
2026-09-28 20:43:49.980 - INFO: Request received via GET, no content type specified
2026-09-28 20:43:49.980 - INFO: Processing command "clear-cache": clear the cache (unpinned elements only)
2026-09-28 20:43:49.998 - INFO: 
2026-09-28 20:43:49.998 - INFO: Request received via POST, content type "application/x-www-form-urlencoded"
2026-09-28 20:43:49.999 - INFO: Processing the following SPARQL query:
# Tier H-vocab — title literals, 1,000,000 rows (10x H-vocab-title-large)
# Goal: the H-vocab-title-large shape with a response long enough (several
# seconds warm) for a timing verdict on the per-literal formatting cost.
PREFIX dblp: <https://dblp.org/rdf/schema#>

CONSTRUCT { ?paper dblp:title ?title }
WHERE {
  ?paper dblp:title ?title .
}
LIMIT 1000000

2026-09-28 20:43:49.999 - INFO: Requested media types of the result are: "text/turtle"
2026-09-28 20:43:49.999 - INFO: Query planning done in 0 ms
2026-09-28 20:43:49.999 - INFO: Result has unknown size (not computed yet)
2026-09-28 20:43:52.533 - INFO: Done processing query and sending result, total time was 2,534 ms
2026-09-28 20:43:52.553 - INFO: 
2026-09-28 20:43:52.553 - INFO: Request received via GET, no content type specified
2026-09-28 20:43:52.553 - INFO: Processing command "clear-cache": clear the cache (unpinned elements only)
2026-09-28 20:43:52.571 - INFO: 
2026-09-28 20:43:52.571 - INFO: Request received via POST, content type "application/x-www-form-urlencoded"
2026-09-28 20:43:52.571 - INFO: Processing the following SPARQL query:
# Tier H-vocab — title literals, 1,000,000 rows (10x H-vocab-title-large)
# Goal: the H-vocab-title-large shape with a response long enough (several
# seconds warm) for a timing verdict on the per-literal formatting cost.
PREFIX dblp: <https://dblp.org/rdf/schema#>

CONSTRUCT { ?paper dblp:title ?title }
WHERE {
  ?paper dblp:title ?title .
}
LIMIT 1000000

2026-09-28 20:43:52.571 - INFO: Requested media types of the result are: "text/turtle"
2026-09-28 20:43:52.572 - INFO: Query planning done in 0 ms
2026-09-28 20:43:52.572 - INFO: Result has unknown size (not computed yet)
2026-09-28 20:43:55.189 - INFO: Done processing query and sending result, total time was 2,618 ms
2026-09-28 20:44:40.332 - INFO: 
2026-09-28 20:44:40.332 - INFO: Request received via GET, no content type specified
2026-09-28 20:44:40.332 - INFO: Processing command "clear-cache": clear the cache (unpinned elements only)
2026-09-28 20:44:40.350 - INFO: 
2026-09-28 20:44:40.350 - INFO: Request received via POST, content type "application/x-www-form-urlencoded"
2026-09-28 20:44:40.350 - INFO: Processing the following SPARQL query:
# Tier H-vocab — title literals, 1,000,000 rows (10x H-vocab-title-large)
# Goal: the H-vocab-title-large shape with a response long enough (several
# seconds warm) for a timing verdict on the per-literal formatting cost.
PREFIX dblp: <https://dblp.org/rdf/schema#>

CONSTRUCT { ?paper dblp:title ?title }
WHERE {
  ?paper dblp:title ?title .
}
LIMIT 1000000

2026-09-28 20:44:40.350 - INFO: Requested media types of the result are: "text/turtle"
2026-09-28 20:44:40.350 - INFO: Query planning done in 0 ms
2026-09-28 20:44:40.350 - INFO: Result has unknown size (not computed yet)
2026-09-28 20:44:43.122 - INFO: Done processing query and sending result, total time was 2,771 ms
2026-09-28 20:44:43.144 - INFO: 
2026-09-28 20:44:43.144 - INFO: Request received via GET, no content type specified
2026-09-28 20:44:43.144 - INFO: Processing command "clear-cache": clear the cache (unpinned elements only)
2026-09-28 20:44:43.164 - INFO: 
2026-09-28 20:44:43.164 - INFO: Request received via POST, content type "application/x-www-form-urlencoded"
2026-09-28 20:44:43.164 - INFO: Processing the following SPARQL query:
# Tier H-vocab — title literals, 1,000,000 rows (10x H-vocab-title-large)
# Goal: the H-vocab-title-large shape with a response long enough (several
# seconds warm) for a timing verdict on the per-literal formatting cost.
PREFIX dblp: <https://dblp.org/rdf/schema#>

CONSTRUCT { ?paper dblp:title ?title }
WHERE {
  ?paper dblp:title ?title .
}
LIMIT 1000000

2026-09-28 20:44:43.164 - INFO: Requested media types of the result are: "text/turtle"
2026-09-28 20:44:43.164 - INFO: Query planning done in 0 ms
2026-09-28 20:44:43.164 - INFO: Result has unknown size (not computed yet)
2026-09-28 20:44:45.832 - INFO: Done processing query and sending result, total time was 2,668 ms
2026-09-28 20:44:45.853 - INFO: 
2026-09-28 20:44:45.853 - INFO: Request received via GET, no content type specified
2026-09-28 20:44:45.853 - INFO: Processing command "clear-cache": clear the cache (unpinned elements only)
2026-09-28 20:44:45.871 - INFO: 
2026-09-28 20:44:45.871 - INFO: Request received via POST, content type "application/x-www-form-urlencoded"
2026-09-28 20:44:45.871 - INFO: Processing the following SPARQL query:
# Tier H-vocab — title literals, 1,000,000 rows (10x H-vocab-title-large)
# Goal: the H-vocab-title-large shape with a response long enough (several
# seconds warm) for a timing verdict on the per-literal formatting cost.
PREFIX dblp: <https://dblp.org/rdf/schema#>

CONSTRUCT { ?paper dblp:title ?title }
WHERE {
  ?paper dblp:title ?title .
}
LIMIT 1000000

2026-09-28 20:44:45.871 - INFO: Requested media types of the result are: "text/turtle"
2026-09-28 20:44:45.871 - INFO: Query planning done in 0 ms
2026-09-28 20:44:45.872 - INFO: Result has unknown size (not computed yet)
2026-09-28 20:44:48.416 - INFO: Done processing query and sending result, total time was 2,545 ms
2026-09-28 20:44:48.437 - INFO: 
2026-09-28 20:44:48.437 - INFO: Request received via GET, no content type specified
2026-09-28 20:44:48.437 - INFO: Processing command "clear-cache": clear the cache (unpinned elements only)
2026-09-28 20:44:48.455 - INFO: 
2026-09-28 20:44:48.455 - INFO: Request received via POST, content type "application/x-www-form-urlencoded"
2026-09-28 20:44:48.455 - INFO: Processing the following SPARQL query:
# Tier H-vocab — title literals, 1,000,000 rows (10x H-vocab-title-large)
# Goal: the H-vocab-title-large shape with a response long enough (several
# seconds warm) for a timing verdict on the per-literal formatting cost.
PREFIX dblp: <https://dblp.org/rdf/schema#>

CONSTRUCT { ?paper dblp:title ?title }
WHERE {
  ?paper dblp:title ?title .
}
LIMIT 1000000

2026-09-28 20:44:48.455 - INFO: Requested media types of the result are: "text/turtle"
2026-09-28 20:44:48.455 - INFO: Query planning done in 0 ms
2026-09-28 20:44:48.455 - INFO: Result has unknown size (not computed yet)
2026-09-28 20:44:51.101 - INFO: Done processing query and sending result, total time was 2,646 ms
2026-09-28 20:46:10.261 - INFO: 
2026-09-28 20:46:10.261 - INFO: Request received via GET, no content type specified
2026-09-28 20:46:10.261 - INFO: Processing command "clear-cache": clear the cache (unpinned elements only)
2026-09-28 20:46:10.279 - INFO: 
2026-09-28 20:46:10.279 - INFO: Request received via POST, content type "application/x-www-form-urlencoded"
2026-09-28 20:46:10.279 - INFO: Processing the following SPARQL query:
# Tier H-vocab — title literals, 1,000,000 rows (10x H-vocab-title-large)
# Goal: the H-vocab-title-large shape with a response long enough (several
# seconds warm) for a timing verdict on the per-literal formatting cost.
PREFIX dblp: <https://dblp.org/rdf/schema#>

CONSTRUCT { ?paper dblp:title ?title }
WHERE {
  ?paper dblp:title ?title .
}
LIMIT 1000000

2026-09-28 20:46:10.279 - INFO: Requested media types of the result are: "text/turtle"
2026-09-28 20:46:10.279 - INFO: Query planning done in 0 ms
2026-09-28 20:46:10.280 - INFO: Result has unknown size (not computed yet)
2026-09-28 20:46:12.950 - INFO: Done processing query and sending result, total time was 2,671 ms
2026-09-28 20:46:12.971 - INFO: 
2026-09-28 20:46:12.971 - INFO: Request received via GET, no content type specified
2026-09-28 20:46:12.971 - INFO: Processing command "clear-cache": clear the cache (unpinned elements only)
2026-09-28 20:46:12.989 - INFO: 
2026-09-28 20:46:12.989 - INFO: Request received via POST, content type "application/x-www-form-urlencoded"
2026-09-28 20:46:12.989 - INFO: Processing the following SPARQL query:
# Tier H-vocab — title literals, 1,000,000 rows (10x H-vocab-title-large)
# Goal: the H-vocab-title-large shape with a response long enough (several
# seconds warm) for a timing verdict on the per-literal formatting cost.
PREFIX dblp: <https://dblp.org/rdf/schema#>

CONSTRUCT { ?paper dblp:title ?title }
WHERE {
  ?paper dblp:title ?title .
}
LIMIT 1000000

2026-09-28 20:46:12.989 - INFO: Requested media types of the result are: "text/turtle"
2026-09-28 20:46:12.990 - INFO: Query planning done in 0 ms
2026-09-28 20:46:12.990 - INFO: Result has unknown size (not computed yet)
2026-09-28 20:46:15.537 - INFO: Done processing query and sending result, total time was 2,547 ms
2026-09-28 20:46:15.557 - INFO: 
2026-09-28 20:46:15.557 - INFO: Request received via GET, no content type specified
2026-09-28 20:46:15.557 - INFO: Processing command "clear-cache": clear the cache (unpinned elements only)
2026-09-28 20:46:15.576 - INFO: 
2026-09-28 20:46:15.576 - INFO: Request received via POST, content type "application/x-www-form-urlencoded"
2026-09-28 20:46:15.576 - INFO: Processing the following SPARQL query:
# Tier H-vocab — title literals, 1,000,000 rows (10x H-vocab-title-large)
# Goal: the H-vocab-title-large shape with a response long enough (several
# seconds warm) for a timing verdict on the per-literal formatting cost.
PREFIX dblp: <https://dblp.org/rdf/schema#>

CONSTRUCT { ?paper dblp:title ?title }
WHERE {
  ?paper dblp:title ?title .
}
LIMIT 1000000

2026-09-28 20:46:15.576 - INFO: Requested media types of the result are: "text/turtle"
2026-09-28 20:46:15.576 - INFO: Query planning done in 0 ms
2026-09-28 20:46:15.576 - INFO: Result has unknown size (not computed yet)
2026-09-28 20:46:18.291 - INFO: Done processing query and sending result, total time was 2,715 ms
2026-09-28 20:46:18.314 - INFO: 
2026-09-28 20:46:18.314 - INFO: Request received via GET, no content type specified
2026-09-28 20:46:18.314 - INFO: Processing command "clear-cache": clear the cache (unpinned elements only)
2026-09-28 20:46:18.334 - INFO: 
2026-09-28 20:46:18.334 - INFO: Request received via POST, content type "application/x-www-form-urlencoded"
2026-09-28 20:46:18.334 - INFO: Processing the following SPARQL query:
# Tier H-vocab — title literals, 1,000,000 rows (10x H-vocab-title-large)
# Goal: the H-vocab-title-large shape with a response long enough (several
# seconds warm) for a timing verdict on the per-literal formatting cost.
PREFIX dblp: <https://dblp.org/rdf/schema#>

CONSTRUCT { ?paper dblp:title ?title }
WHERE {
  ?paper dblp:title ?title .
}
LIMIT 1000000

2026-09-28 20:46:18.334 - INFO: Requested media types of the result are: "text/turtle"
2026-09-28 20:46:18.334 - INFO: Query planning done in 0 ms
2026-09-28 20:46:18.334 - INFO: Result has unknown size (not computed yet)
2026-09-28 20:46:20.963 - INFO: Done processing query and sending result, total time was 2,629 ms
2026-09-28 20:47:06.746 - INFO: 
2026-09-28 20:47:06.746 - INFO: Request received via GET, no content type specified
2026-09-28 20:47:06.746 - INFO: Processing command "clear-cache": clear the cache (unpinned elements only)
2026-09-28 20:47:06.764 - INFO: 
2026-09-28 20:47:06.764 - INFO: Request received via POST, content type "application/x-www-form-urlencoded"
2026-09-28 20:47:06.764 - INFO: Processing the following SPARQL query:
# Tier H-vocab — title literals, 1,000,000 rows (10x H-vocab-title-large)
# Goal: the H-vocab-title-large shape with a response long enough (several
# seconds warm) for a timing verdict on the per-literal formatting cost.
PREFIX dblp: <https://dblp.org/rdf/schema#>

CONSTRUCT { ?paper dblp:title ?title }
WHERE {
  ?paper dblp:title ?title .
}
LIMIT 1000000

2026-09-28 20:47:06.764 - INFO: Requested media types of the result are: "text/turtle"
2026-09-28 20:47:06.764 - INFO: Query planning done in 0 ms
2026-09-28 20:47:06.764 - INFO: Result has unknown size (not computed yet)
2026-09-28 20:47:09.469 - INFO: Done processing query and sending result, total time was 2,705 ms
2026-09-28 20:47:09.490 - INFO: 
2026-09-28 20:47:09.490 - INFO: Request received via GET, no content type specified
2026-09-28 20:47:09.490 - INFO: Processing command "clear-cache": clear the cache (unpinned elements only)
2026-09-28 20:47:09.508 - INFO: 
2026-09-28 20:47:09.508 - INFO: Request received via POST, content type "application/x-www-form-urlencoded"
2026-09-28 20:47:09.508 - INFO: Processing the following SPARQL query:
# Tier H-vocab — title literals, 1,000,000 rows (10x H-vocab-title-large)
# Goal: the H-vocab-title-large shape with a response long enough (several
# seconds warm) for a timing verdict on the per-literal formatting cost.
PREFIX dblp: <https://dblp.org/rdf/schema#>

CONSTRUCT { ?paper dblp:title ?title }
WHERE {
  ?paper dblp:title ?title .
}
LIMIT 1000000

2026-09-28 20:47:09.508 - INFO: Requested media types of the result are: "text/turtle"
2026-09-28 20:47:09.508 - INFO: Query planning done in 0 ms
2026-09-28 20:47:09.508 - INFO: Result has unknown size (not computed yet)
2026-09-28 20:47:12.155 - INFO: Done processing query and sending result, total time was 2,647 ms
2026-09-28 20:47:12.175 - INFO: 
2026-09-28 20:47:12.175 - INFO: Request received via GET, no content type specified
2026-09-28 20:47:12.175 - INFO: Processing command "clear-cache": clear the cache (unpinned elements only)
2026-09-28 20:47:12.193 - INFO: 
2026-09-28 20:47:12.193 - INFO: Request received via POST, content type "application/x-www-form-urlencoded"
2026-09-28 20:47:12.194 - INFO: Processing the following SPARQL query:
# Tier H-vocab — title literals, 1,000,000 rows (10x H-vocab-title-large)
# Goal: the H-vocab-title-large shape with a response long enough (several
# seconds warm) for a timing verdict on the per-literal formatting cost.
PREFIX dblp: <https://dblp.org/rdf/schema#>

CONSTRUCT { ?paper dblp:title ?title }
WHERE {
  ?paper dblp:title ?title .
}
LIMIT 1000000

2026-09-28 20:47:12.194 - INFO: Requested media types of the result are: "text/turtle"
2026-09-28 20:47:12.194 - INFO: Query planning done in 0 ms
2026-09-28 20:47:12.194 - INFO: Result has unknown size (not computed yet)
2026-09-28 20:47:14.758 - INFO: Done processing query and sending result, total time was 2,564 ms
2026-09-28 20:47:14.778 - INFO: 
2026-09-28 20:47:14.778 - INFO: Request received via GET, no content type specified
2026-09-28 20:47:14.778 - INFO: Processing command "clear-cache": clear the cache (unpinned elements only)
2026-09-28 20:47:14.796 - INFO: 
2026-09-28 20:47:14.796 - INFO: Request received via POST, content type "application/x-www-form-urlencoded"
2026-09-28 20:47:14.796 - INFO: Processing the following SPARQL query:
# Tier H-vocab — title literals, 1,000,000 rows (10x H-vocab-title-large)
# Goal: the H-vocab-title-large shape with a response long enough (several
# seconds warm) for a timing verdict on the per-literal formatting cost.
PREFIX dblp: <https://dblp.org/rdf/schema#>

CONSTRUCT { ?paper dblp:title ?title }
WHERE {
  ?paper dblp:title ?title .
}
LIMIT 1000000

2026-09-28 20:47:14.796 - INFO: Requested media types of the result are: "text/turtle"
2026-09-28 20:47:14.796 - INFO: Query planning done in 0 ms
2026-09-28 20:47:14.797 - INFO: Result has unknown size (not computed yet)
2026-09-28 20:47:17.316 - INFO: Done processing query and sending result, total time was 2,520 ms
2026-09-28 20:48:37.095 - INFO: 
2026-09-28 20:48:37.095 - INFO: Request received via GET, no content type specified
2026-09-28 20:48:37.095 - INFO: Processing command "clear-cache": clear the cache (unpinned elements only)
2026-09-28 20:48:37.113 - INFO: 
2026-09-28 20:48:37.113 - INFO: Request received via POST, content type "application/x-www-form-urlencoded"
2026-09-28 20:48:37.114 - INFO: Processing the following SPARQL query:
# Tier H-vocab — title literals, 1,000,000 rows (10x H-vocab-title-large)
# Goal: the H-vocab-title-large shape with a response long enough (several
# seconds warm) for a timing verdict on the per-literal formatting cost.
PREFIX dblp: <https://dblp.org/rdf/schema#>

CONSTRUCT { ?paper dblp:title ?title }
WHERE {
  ?paper dblp:title ?title .
}
LIMIT 1000000

2026-09-28 20:48:37.114 - INFO: Requested media types of the result are: "text/turtle"
2026-09-28 20:48:37.114 - INFO: Query planning done in 0 ms
2026-09-28 20:48:37.114 - INFO: Result has unknown size (not computed yet)
2026-09-28 20:48:39.720 - INFO: Done processing query and sending result, total time was 2,606 ms
2026-09-28 20:48:39.741 - INFO: 
2026-09-28 20:48:39.741 - INFO: Request received via GET, no content type specified
2026-09-28 20:48:39.741 - INFO: Processing command "clear-cache": clear the cache (unpinned elements only)
2026-09-28 20:48:39.759 - INFO: 
2026-09-28 20:48:39.759 - INFO: Request received via POST, content type "application/x-www-form-urlencoded"
2026-09-28 20:48:39.759 - INFO: Processing the following SPARQL query:
# Tier H-vocab — title literals, 1,000,000 rows (10x H-vocab-title-large)
# Goal: the H-vocab-title-large shape with a response long enough (several
# seconds warm) for a timing verdict on the per-literal formatting cost.
PREFIX dblp: <https://dblp.org/rdf/schema#>

CONSTRUCT { ?paper dblp:title ?title }
WHERE {
  ?paper dblp:title ?title .
}
LIMIT 1000000

2026-09-28 20:48:39.759 - INFO: Requested media types of the result are: "text/turtle"
2026-09-28 20:48:39.759 - INFO: Query planning done in 0 ms
2026-09-28 20:48:39.760 - INFO: Result has unknown size (not computed yet)
2026-09-28 20:48:42.413 - INFO: Done processing query and sending result, total time was 2,654 ms
2026-09-28 20:48:42.433 - INFO: 
2026-09-28 20:48:42.433 - INFO: Request received via GET, no content type specified
2026-09-28 20:48:42.433 - INFO: Processing command "clear-cache": clear the cache (unpinned elements only)
2026-09-28 20:48:42.451 - INFO: 
2026-09-28 20:48:42.451 - INFO: Request received via POST, content type "application/x-www-form-urlencoded"
2026-09-28 20:48:42.451 - INFO: Processing the following SPARQL query:
# Tier H-vocab — title literals, 1,000,000 rows (10x H-vocab-title-large)
# Goal: the H-vocab-title-large shape with a response long enough (several
# seconds warm) for a timing verdict on the per-literal formatting cost.
PREFIX dblp: <https://dblp.org/rdf/schema#>

CONSTRUCT { ?paper dblp:title ?title }
WHERE {
  ?paper dblp:title ?title .
}
LIMIT 1000000

2026-09-28 20:48:42.451 - INFO: Requested media types of the result are: "text/turtle"
2026-09-28 20:48:42.451 - INFO: Query planning done in 0 ms
2026-09-28 20:48:42.452 - INFO: Result has unknown size (not computed yet)
2026-09-28 20:48:45.153 - INFO: Done processing query and sending result, total time was 2,702 ms
2026-09-28 20:48:45.175 - INFO: 
2026-09-28 20:48:45.175 - INFO: Request received via GET, no content type specified
2026-09-28 20:48:45.175 - INFO: Processing command "clear-cache": clear the cache (unpinned elements only)
2026-09-28 20:48:45.194 - INFO: 
2026-09-28 20:48:45.194 - INFO: Request received via POST, content type "application/x-www-form-urlencoded"
2026-09-28 20:48:45.195 - INFO: Processing the following SPARQL query:
# Tier H-vocab — title literals, 1,000,000 rows (10x H-vocab-title-large)
# Goal: the H-vocab-title-large shape with a response long enough (several
# seconds warm) for a timing verdict on the per-literal formatting cost.
PREFIX dblp: <https://dblp.org/rdf/schema#>

CONSTRUCT { ?paper dblp:title ?title }
WHERE {
  ?paper dblp:title ?title .
}
LIMIT 1000000

2026-09-28 20:48:45.195 - INFO: Requested media types of the result are: "text/turtle"
2026-09-28 20:48:45.195 - INFO: Query planning done in 0 ms
2026-09-28 20:48:45.195 - INFO: Result has unknown size (not computed yet)
2026-09-28 20:48:47.846 - INFO: Done processing query and sending result, total time was 2,651 ms
2026-09-28 20:49:32.789 - INFO: 
2026-09-28 20:49:32.789 - INFO: Request received via GET, no content type specified
2026-09-28 20:49:32.789 - INFO: Processing command "clear-cache": clear the cache (unpinned elements only)
2026-09-28 20:49:32.807 - INFO: 
2026-09-28 20:49:32.807 - INFO: Request received via POST, content type "application/x-www-form-urlencoded"
2026-09-28 20:49:32.808 - INFO: Processing the following SPARQL query:
# Tier H-vocab — title literals, 1,000,000 rows (10x H-vocab-title-large)
# Goal: the H-vocab-title-large shape with a response long enough (several
# seconds warm) for a timing verdict on the per-literal formatting cost.
PREFIX dblp: <https://dblp.org/rdf/schema#>

CONSTRUCT { ?paper dblp:title ?title }
WHERE {
  ?paper dblp:title ?title .
}
LIMIT 1000000

2026-09-28 20:49:32.808 - INFO: Requested media types of the result are: "text/turtle"
2026-09-28 20:49:32.808 - INFO: Query planning done in 1 ms
2026-09-28 20:49:32.808 - INFO: Result has unknown size (not computed yet)
2026-09-28 20:49:35.368 - INFO: Done processing query and sending result, total time was 2,561 ms
2026-09-28 20:49:35.388 - INFO: 
2026-09-28 20:49:35.388 - INFO: Request received via GET, no content type specified
2026-09-28 20:49:35.388 - INFO: Processing command "clear-cache": clear the cache (unpinned elements only)
2026-09-28 20:49:35.406 - INFO: 
2026-09-28 20:49:35.406 - INFO: Request received via POST, content type "application/x-www-form-urlencoded"
2026-09-28 20:49:35.407 - INFO: Processing the following SPARQL query:
# Tier H-vocab — title literals, 1,000,000 rows (10x H-vocab-title-large)
# Goal: the H-vocab-title-large shape with a response long enough (several
# seconds warm) for a timing verdict on the per-literal formatting cost.
PREFIX dblp: <https://dblp.org/rdf/schema#>

CONSTRUCT { ?paper dblp:title ?title }
WHERE {
  ?paper dblp:title ?title .
}
LIMIT 1000000

2026-09-28 20:49:35.407 - INFO: Requested media types of the result are: "text/turtle"
2026-09-28 20:49:35.407 - INFO: Query planning done in 0 ms
2026-09-28 20:49:35.407 - INFO: Result has unknown size (not computed yet)
2026-09-28 20:49:37.972 - INFO: Done processing query and sending result, total time was 2,565 ms
2026-09-28 20:49:37.993 - INFO: 
2026-09-28 20:49:37.993 - INFO: Request received via GET, no content type specified
2026-09-28 20:49:37.993 - INFO: Processing command "clear-cache": clear the cache (unpinned elements only)
2026-09-28 20:49:38.010 - INFO: 
2026-09-28 20:49:38.010 - INFO: Request received via POST, content type "application/x-www-form-urlencoded"
2026-09-28 20:49:38.011 - INFO: Processing the following SPARQL query:
# Tier H-vocab — title literals, 1,000,000 rows (10x H-vocab-title-large)
# Goal: the H-vocab-title-large shape with a response long enough (several
# seconds warm) for a timing verdict on the per-literal formatting cost.
PREFIX dblp: <https://dblp.org/rdf/schema#>

CONSTRUCT { ?paper dblp:title ?title }
WHERE {
  ?paper dblp:title ?title .
}
LIMIT 1000000

2026-09-28 20:49:38.011 - INFO: Requested media types of the result are: "text/turtle"
2026-09-28 20:49:38.011 - INFO: Query planning done in 0 ms
2026-09-28 20:49:38.011 - INFO: Result has unknown size (not computed yet)
2026-09-28 20:49:40.547 - INFO: Done processing query and sending result, total time was 2,536 ms
2026-09-28 20:49:40.568 - INFO: 
2026-09-28 20:49:40.568 - INFO: Request received via GET, no content type specified
2026-09-28 20:49:40.568 - INFO: Processing command "clear-cache": clear the cache (unpinned elements only)
2026-09-28 20:49:40.586 - INFO: 
2026-09-28 20:49:40.586 - INFO: Request received via POST, content type "application/x-www-form-urlencoded"
2026-09-28 20:49:40.586 - INFO: Processing the following SPARQL query:
# Tier H-vocab — title literals, 1,000,000 rows (10x H-vocab-title-large)
# Goal: the H-vocab-title-large shape with a response long enough (several
# seconds warm) for a timing verdict on the per-literal formatting cost.
PREFIX dblp: <https://dblp.org/rdf/schema#>

CONSTRUCT { ?paper dblp:title ?title }
WHERE {
  ?paper dblp:title ?title .
}
LIMIT 1000000

2026-09-28 20:49:40.586 - INFO: Requested media types of the result are: "text/turtle"
2026-09-28 20:49:40.586 - INFO: Query planning done in 0 ms
2026-09-28 20:49:40.586 - INFO: Result has unknown size (not computed yet)
2026-09-28 20:49:43.149 - INFO: Done processing query and sending result, total time was 2,563 ms
2026-09-28 20:51:02.691 - INFO: 
2026-09-28 20:51:02.691 - INFO: Request received via GET, no content type specified
2026-09-28 20:51:02.691 - INFO: Processing command "clear-cache": clear the cache (unpinned elements only)
2026-09-28 20:51:02.709 - INFO: 
2026-09-28 20:51:02.709 - INFO: Request received via POST, content type "application/x-www-form-urlencoded"
2026-09-28 20:51:02.709 - INFO: Processing the following SPARQL query:
# Tier H-vocab — title literals, 1,000,000 rows (10x H-vocab-title-large)
# Goal: the H-vocab-title-large shape with a response long enough (several
# seconds warm) for a timing verdict on the per-literal formatting cost.
PREFIX dblp: <https://dblp.org/rdf/schema#>

CONSTRUCT { ?paper dblp:title ?title }
WHERE {
  ?paper dblp:title ?title .
}
LIMIT 1000000

2026-09-28 20:51:02.709 - INFO: Requested media types of the result are: "text/turtle"
2026-09-28 20:51:02.710 - INFO: Query planning done in 0 ms
2026-09-28 20:51:02.710 - INFO: Result has unknown size (not computed yet)
2026-09-28 20:51:05.267 - INFO: Done processing query and sending result, total time was 2,558 ms
2026-09-28 20:51:05.288 - INFO: 
2026-09-28 20:51:05.288 - INFO: Request received via GET, no content type specified
2026-09-28 20:51:05.288 - INFO: Processing command "clear-cache": clear the cache (unpinned elements only)
2026-09-28 20:51:05.306 - INFO: 
2026-09-28 20:51:05.306 - INFO: Request received via POST, content type "application/x-www-form-urlencoded"
2026-09-28 20:51:05.306 - INFO: Processing the following SPARQL query:
# Tier H-vocab — title literals, 1,000,000 rows (10x H-vocab-title-large)
# Goal: the H-vocab-title-large shape with a response long enough (several
# seconds warm) for a timing verdict on the per-literal formatting cost.
PREFIX dblp: <https://dblp.org/rdf/schema#>

CONSTRUCT { ?paper dblp:title ?title }
WHERE {
  ?paper dblp:title ?title .
}
LIMIT 1000000

2026-09-28 20:51:05.306 - INFO: Requested media types of the result are: "text/turtle"
2026-09-28 20:51:05.306 - INFO: Query planning done in 0 ms
2026-09-28 20:51:05.306 - INFO: Result has unknown size (not computed yet)
2026-09-28 20:51:07.950 - INFO: Done processing query and sending result, total time was 2,644 ms
2026-09-28 20:51:07.970 - INFO: 
2026-09-28 20:51:07.970 - INFO: Request received via GET, no content type specified
2026-09-28 20:51:07.970 - INFO: Processing command "clear-cache": clear the cache (unpinned elements only)
2026-09-28 20:51:07.988 - INFO: 
2026-09-28 20:51:07.988 - INFO: Request received via POST, content type "application/x-www-form-urlencoded"
2026-09-28 20:51:07.988 - INFO: Processing the following SPARQL query:
# Tier H-vocab — title literals, 1,000,000 rows (10x H-vocab-title-large)
# Goal: the H-vocab-title-large shape with a response long enough (several
# seconds warm) for a timing verdict on the per-literal formatting cost.
PREFIX dblp: <https://dblp.org/rdf/schema#>

CONSTRUCT { ?paper dblp:title ?title }
WHERE {
  ?paper dblp:title ?title .
}
LIMIT 1000000

2026-09-28 20:51:07.988 - INFO: Requested media types of the result are: "text/turtle"
2026-09-28 20:51:07.988 - INFO: Query planning done in 0 ms
2026-09-28 20:51:07.989 - INFO: Result has unknown size (not computed yet)
2026-09-28 20:51:10.677 - INFO: Done processing query and sending result, total time was 2,688 ms
2026-09-28 20:51:10.701 - INFO: 
2026-09-28 20:51:10.701 - INFO: Request received via GET, no content type specified
2026-09-28 20:51:10.701 - INFO: Processing command "clear-cache": clear the cache (unpinned elements only)
2026-09-28 20:51:10.730 - INFO: 
2026-09-28 20:51:10.730 - INFO: Request received via POST, content type "application/x-www-form-urlencoded"
2026-09-28 20:51:10.731 - INFO: Processing the following SPARQL query:
# Tier H-vocab — title literals, 1,000,000 rows (10x H-vocab-title-large)
# Goal: the H-vocab-title-large shape with a response long enough (several
# seconds warm) for a timing verdict on the per-literal formatting cost.
PREFIX dblp: <https://dblp.org/rdf/schema#>

CONSTRUCT { ?paper dblp:title ?title }
WHERE {
  ?paper dblp:title ?title .
}
LIMIT 1000000

2026-09-28 20:51:10.731 - INFO: Requested media types of the result are: "text/turtle"
2026-09-28 20:51:10.731 - INFO: Query planning done in 0 ms
2026-09-28 20:51:10.731 - INFO: Result has unknown size (not computed yet)
2026-09-28 20:51:13.488 - INFO: Done processing query and sending result, total time was 2,757 ms
2026-09-28 20:52:01.669 - INFO: 
2026-09-28 20:52:01.669 - INFO: Request received via GET, no content type specified
2026-09-28 20:52:01.669 - INFO: Processing command "clear-cache": clear the cache (unpinned elements only)
2026-09-28 20:52:01.687 - INFO: 
2026-09-28 20:52:01.687 - INFO: Request received via POST, content type "application/x-www-form-urlencoded"
2026-09-28 20:52:01.687 - INFO: Processing the following SPARQL query:
# Tier H-vocab — title literals, 1,000,000 rows (10x H-vocab-title-large)
# Goal: the H-vocab-title-large shape with a response long enough (several
# seconds warm) for a timing verdict on the per-literal formatting cost.
PREFIX dblp: <https://dblp.org/rdf/schema#>

CONSTRUCT { ?paper dblp:title ?title }
WHERE {
  ?paper dblp:title ?title .
}
LIMIT 1000000

2026-09-28 20:52:01.687 - INFO: Requested media types of the result are: "text/turtle"
2026-09-28 20:52:01.687 - INFO: Query planning done in 0 ms
2026-09-28 20:52:01.688 - INFO: Result has unknown size (not computed yet)
2026-09-28 20:52:04.361 - INFO: Done processing query and sending result, total time was 2,674 ms
2026-09-28 20:52:04.382 - INFO: 
2026-09-28 20:52:04.382 - INFO: Request received via GET, no content type specified
2026-09-28 20:52:04.382 - INFO: Processing command "clear-cache": clear the cache (unpinned elements only)
2026-09-28 20:52:04.401 - INFO: 
2026-09-28 20:52:04.401 - INFO: Request received via POST, content type "application/x-www-form-urlencoded"
2026-09-28 20:52:04.401 - INFO: Processing the following SPARQL query:
# Tier H-vocab — title literals, 1,000,000 rows (10x H-vocab-title-large)
# Goal: the H-vocab-title-large shape with a response long enough (several
# seconds warm) for a timing verdict on the per-literal formatting cost.
PREFIX dblp: <https://dblp.org/rdf/schema#>

CONSTRUCT { ?paper dblp:title ?title }
WHERE {
  ?paper dblp:title ?title .
}
LIMIT 1000000

2026-09-28 20:52:04.401 - INFO: Requested media types of the result are: "text/turtle"
2026-09-28 20:52:04.401 - INFO: Query planning done in 0 ms
2026-09-28 20:52:04.401 - INFO: Result has unknown size (not computed yet)
2026-09-28 20:52:07.305 - INFO: Done processing query and sending result, total time was 2,904 ms
2026-09-28 20:52:07.326 - INFO: 
2026-09-28 20:52:07.326 - INFO: Request received via GET, no content type specified
2026-09-28 20:52:07.326 - INFO: Processing command "clear-cache": clear the cache (unpinned elements only)
2026-09-28 20:52:07.344 - INFO: 
2026-09-28 20:52:07.344 - INFO: Request received via POST, content type "application/x-www-form-urlencoded"
2026-09-28 20:52:07.345 - INFO: Processing the following SPARQL query:
# Tier H-vocab — title literals, 1,000,000 rows (10x H-vocab-title-large)
# Goal: the H-vocab-title-large shape with a response long enough (several
# seconds warm) for a timing verdict on the per-literal formatting cost.
PREFIX dblp: <https://dblp.org/rdf/schema#>

CONSTRUCT { ?paper dblp:title ?title }
WHERE {
  ?paper dblp:title ?title .
}
LIMIT 1000000

2026-09-28 20:52:07.345 - INFO: Requested media types of the result are: "text/turtle"
2026-09-28 20:52:07.345 - INFO: Query planning done in 0 ms
2026-09-28 20:52:07.345 - INFO: Result has unknown size (not computed yet)
2026-09-28 20:52:10.271 - INFO: Done processing query and sending result, total time was 2,926 ms
2026-09-28 20:52:10.292 - INFO: 
2026-09-28 20:52:10.292 - INFO: Request received via GET, no content type specified
2026-09-28 20:52:10.292 - INFO: Processing command "clear-cache": clear the cache (unpinned elements only)
2026-09-28 20:52:10.311 - INFO: 
2026-09-28 20:52:10.311 - INFO: Request received via POST, content type "application/x-www-form-urlencoded"
2026-09-28 20:52:10.311 - INFO: Processing the following SPARQL query:
# Tier H-vocab — title literals, 1,000,000 rows (10x H-vocab-title-large)
# Goal: the H-vocab-title-large shape with a response long enough (several
# seconds warm) for a timing verdict on the per-literal formatting cost.
PREFIX dblp: <https://dblp.org/rdf/schema#>

CONSTRUCT { ?paper dblp:title ?title }
WHERE {
  ?paper dblp:title ?title .
}
LIMIT 1000000

2026-09-28 20:52:10.311 - INFO: Requested media types of the result are: "text/turtle"
2026-09-28 20:52:10.311 - INFO: Query planning done in 0 ms
2026-09-28 20:52:10.312 - INFO: Result has unknown size (not computed yet)
2026-09-28 20:52:13.410 - INFO: Done processing query and sending result, total time was 3,098 ms
2026-09-28 20:53:38.790 - INFO: 
2026-09-28 20:53:38.790 - INFO: Request received via GET, no content type specified
2026-09-28 20:53:38.790 - INFO: Processing command "clear-cache": clear the cache (unpinned elements only)
2026-09-28 20:53:38.808 - INFO: 
2026-09-28 20:53:38.808 - INFO: Request received via POST, content type "application/x-www-form-urlencoded"
2026-09-28 20:53:38.808 - INFO: Processing the following SPARQL query:
# Tier H-vocab — title literals, 1,000,000 rows (10x H-vocab-title-large)
# Goal: the H-vocab-title-large shape with a response long enough (several
# seconds warm) for a timing verdict on the per-literal formatting cost.
PREFIX dblp: <https://dblp.org/rdf/schema#>

CONSTRUCT { ?paper dblp:title ?title }
WHERE {
  ?paper dblp:title ?title .
}
LIMIT 1000000

2026-09-28 20:53:38.808 - INFO: Requested media types of the result are: "text/turtle"
2026-09-28 20:53:38.809 - INFO: Query planning done in 0 ms
2026-09-28 20:53:38.809 - INFO: Result has unknown size (not computed yet)
2026-09-28 20:53:41.674 - INFO: Done processing query and sending result, total time was 2,866 ms
2026-09-28 20:53:41.696 - INFO: 
2026-09-28 20:53:41.696 - INFO: Request received via GET, no content type specified
2026-09-28 20:53:41.696 - INFO: Processing command "clear-cache": clear the cache (unpinned elements only)
2026-09-28 20:53:41.714 - INFO: 
2026-09-28 20:53:41.714 - INFO: Request received via POST, content type "application/x-www-form-urlencoded"
2026-09-28 20:53:41.714 - INFO: Processing the following SPARQL query:
# Tier H-vocab — title literals, 1,000,000 rows (10x H-vocab-title-large)
# Goal: the H-vocab-title-large shape with a response long enough (several
# seconds warm) for a timing verdict on the per-literal formatting cost.
PREFIX dblp: <https://dblp.org/rdf/schema#>

CONSTRUCT { ?paper dblp:title ?title }
WHERE {
  ?paper dblp:title ?title .
}
LIMIT 1000000

2026-09-28 20:53:41.714 - INFO: Requested media types of the result are: "text/turtle"
2026-09-28 20:53:41.714 - INFO: Query planning done in 0 ms
2026-09-28 20:53:41.714 - INFO: Result has unknown size (not computed yet)
2026-09-28 20:53:44.679 - INFO: Done processing query and sending result, total time was 2,965 ms
2026-09-28 20:53:44.699 - INFO: 
2026-09-28 20:53:44.699 - INFO: Request received via GET, no content type specified
2026-09-28 20:53:44.700 - INFO: Processing command "clear-cache": clear the cache (unpinned elements only)
2026-09-28 20:53:44.725 - INFO: 
2026-09-28 20:53:44.725 - INFO: Request received via POST, content type "application/x-www-form-urlencoded"
2026-09-28 20:53:44.726 - INFO: Processing the following SPARQL query:
# Tier H-vocab — title literals, 1,000,000 rows (10x H-vocab-title-large)
# Goal: the H-vocab-title-large shape with a response long enough (several
# seconds warm) for a timing verdict on the per-literal formatting cost.
PREFIX dblp: <https://dblp.org/rdf/schema#>

CONSTRUCT { ?paper dblp:title ?title }
WHERE {
  ?paper dblp:title ?title .
}
LIMIT 1000000

2026-09-28 20:53:44.726 - INFO: Requested media types of the result are: "text/turtle"
2026-09-28 20:53:44.726 - INFO: Query planning done in 0 ms
2026-09-28 20:53:44.726 - INFO: Result has unknown size (not computed yet)
2026-09-28 20:53:47.487 - INFO: Done processing query and sending result, total time was 2,761 ms
2026-09-28 20:53:47.510 - INFO: 
2026-09-28 20:53:47.510 - INFO: Request received via GET, no content type specified
2026-09-28 20:53:47.510 - INFO: Processing command "clear-cache": clear the cache (unpinned elements only)
2026-09-28 20:53:47.530 - INFO: 
2026-09-28 20:53:47.530 - INFO: Request received via POST, content type "application/x-www-form-urlencoded"
2026-09-28 20:53:47.531 - INFO: Processing the following SPARQL query:
# Tier H-vocab — title literals, 1,000,000 rows (10x H-vocab-title-large)
# Goal: the H-vocab-title-large shape with a response long enough (several
# seconds warm) for a timing verdict on the per-literal formatting cost.
PREFIX dblp: <https://dblp.org/rdf/schema#>

CONSTRUCT { ?paper dblp:title ?title }
WHERE {
  ?paper dblp:title ?title .
}
LIMIT 1000000

2026-09-28 20:53:47.531 - INFO: Requested media types of the result are: "text/turtle"
2026-09-28 20:53:47.531 - INFO: Query planning done in 0 ms
2026-09-28 20:53:47.531 - INFO: Result has unknown size (not computed yet)
2026-09-28 20:53:50.447 - INFO: Done processing query and sending result, total time was 2,916 ms
2026-09-28 20:54:32.072 - INFO: 
2026-09-28 20:54:32.072 - INFO: Request received via GET, no content type specified
2026-09-28 20:54:32.072 - INFO: Processing command "clear-cache": clear the cache (unpinned elements only)
2026-09-28 20:54:32.110 - INFO: 
2026-09-28 20:54:32.110 - INFO: Request received via POST, content type "application/x-www-form-urlencoded"
2026-09-28 20:54:32.111 - INFO: Processing the following SPARQL query:
# Tier H-vocab — title literals, 1,000,000 rows (10x H-vocab-title-large)
# Goal: the H-vocab-title-large shape with a response long enough (several
# seconds warm) for a timing verdict on the per-literal formatting cost.
PREFIX dblp: <https://dblp.org/rdf/schema#>

CONSTRUCT { ?paper dblp:title ?title }
WHERE {
  ?paper dblp:title ?title .
}
LIMIT 1000000

2026-09-28 20:54:32.111 - INFO: Requested media types of the result are: "text/turtle"
2026-09-28 20:54:32.111 - INFO: Query planning done in 0 ms
2026-09-28 20:54:32.111 - INFO: Result has unknown size (not computed yet)
2026-09-28 20:54:34.867 - INFO: Done processing query and sending result, total time was 2,756 ms
2026-09-28 20:54:34.887 - INFO: 
2026-09-28 20:54:34.887 - INFO: Request received via GET, no content type specified
2026-09-28 20:54:34.887 - INFO: Processing command "clear-cache": clear the cache (unpinned elements only)
2026-09-28 20:54:34.906 - INFO: 
2026-09-28 20:54:34.906 - INFO: Request received via POST, content type "application/x-www-form-urlencoded"
2026-09-28 20:54:34.906 - INFO: Processing the following SPARQL query:
# Tier H-vocab — title literals, 1,000,000 rows (10x H-vocab-title-large)
# Goal: the H-vocab-title-large shape with a response long enough (several
# seconds warm) for a timing verdict on the per-literal formatting cost.
PREFIX dblp: <https://dblp.org/rdf/schema#>

CONSTRUCT { ?paper dblp:title ?title }
WHERE {
  ?paper dblp:title ?title .
}
LIMIT 1000000

2026-09-28 20:54:34.906 - INFO: Requested media types of the result are: "text/turtle"
2026-09-28 20:54:34.906 - INFO: Query planning done in 0 ms
2026-09-28 20:54:34.906 - INFO: Result has unknown size (not computed yet)
2026-09-28 20:54:37.830 - INFO: Done processing query and sending result, total time was 2,924 ms
2026-09-28 20:55:15.172 - INFO: 
2026-09-28 20:55:15.172 - INFO: Request received via GET, no content type specified
2026-09-28 20:55:15.172 - INFO: Processing command "clear-cache": clear the cache (unpinned elements only)
2026-09-28 20:55:15.190 - INFO: 
2026-09-28 20:55:15.190 - INFO: Request received via POST, content type "application/x-www-form-urlencoded"
2026-09-28 20:55:15.192 - INFO: Processing the following SPARQL query:
# Tier H — size-sweep
# Goal: isolate export cost from query-planning cost. Raise the year bound
# across runs, for example 1970, 1990, 2010, and 2023.
PREFIX dblp: <https://dblp.org/rdf/schema#>

CONSTRUCT { ?s ?p ?o }
WHERE {
  ?s a dblp:Publication ;
     dblp:yearOfPublication ?year ;
     ?p ?o .
  FILTER(?year <= "1970"^^<http://www.w3.org/2001/XMLSchema#gYear>)
}

2026-09-28 20:55:15.192 - INFO: Requested media types of the result are: "text/turtle"
2026-09-28 20:55:15.193 - INFO: Query planning done in 2 ms
2026-09-28 20:55:15.211 - INFO: Result has unknown size (not computed yet)
2026-09-28 20:55:15.859 - INFO: Done processing query and sending result, total time was 668 ms
2026-09-28 20:55:35.558 - INFO: 
2026-09-28 20:55:35.558 - INFO: Request received via GET, no content type specified
2026-09-28 20:55:35.558 - INFO: Processing command "clear-cache": clear the cache (unpinned elements only)
2026-09-28 20:55:35.576 - INFO: 
2026-09-28 20:55:35.577 - INFO: Request received via POST, content type "application/x-www-form-urlencoded"
2026-09-28 20:55:35.577 - INFO: Processing the following SPARQL query:
# Tier H — size-sweep
# Goal: isolate export cost from query-planning cost. Raise the year bound
# across runs, for example 1970, 1990, 2010, and 2023.
PREFIX dblp: <https://dblp.org/rdf/schema#>

CONSTRUCT { ?s ?p ?o }
WHERE {
  ?s a dblp:Publication ;
     dblp:yearOfPublication ?year ;
     ?p ?o .
  FILTER(?year <= "1970"^^<http://www.w3.org/2001/XMLSchema#gYear>)
}

2026-09-28 20:55:35.577 - INFO: Requested media types of the result are: "text/turtle"
2026-09-28 20:55:35.578 - INFO: Query planning done in 1 ms
2026-09-28 20:55:35.598 - INFO: Result has unknown size (not computed yet)
2026-09-28 20:55:36.168 - INFO: Done processing query and sending result, total time was 591 ms
2026-09-28 20:55:36.187 - INFO: 
2026-09-28 20:55:36.187 - INFO: Request received via GET, no content type specified
2026-09-28 20:55:36.187 - INFO: Processing command "clear-cache": clear the cache (unpinned elements only)
2026-09-28 20:55:36.205 - INFO: 
2026-09-28 20:55:36.205 - INFO: Request received via POST, content type "application/x-www-form-urlencoded"
2026-09-28 20:55:36.205 - INFO: Processing the following SPARQL query:
# Tier H — size-sweep
# Goal: isolate export cost from query-planning cost. Raise the year bound
# across runs, for example 1970, 1990, 2010, and 2023.
PREFIX dblp: <https://dblp.org/rdf/schema#>

CONSTRUCT { ?s ?p ?o }
WHERE {
  ?s a dblp:Publication ;
     dblp:yearOfPublication ?year ;
     ?p ?o .
  FILTER(?year <= "1970"^^<http://www.w3.org/2001/XMLSchema#gYear>)
}

2026-09-28 20:55:36.205 - INFO: Requested media types of the result are: "text/turtle"
2026-09-28 20:55:36.206 - INFO: Query planning done in 1 ms
2026-09-28 20:55:36.230 - INFO: Result has unknown size (not computed yet)
2026-09-28 20:55:36.867 - INFO: Done processing query and sending result, total time was 662 ms
2026-09-28 20:55:36.886 - INFO: 
2026-09-28 20:55:36.886 - INFO: Request received via GET, no content type specified
2026-09-28 20:55:36.886 - INFO: Processing command "clear-cache": clear the cache (unpinned elements only)
2026-09-28 20:55:36.904 - INFO: 
2026-09-28 20:55:36.904 - INFO: Request received via POST, content type "application/x-www-form-urlencoded"
2026-09-28 20:55:36.905 - INFO: Processing the following SPARQL query:
# Tier H — size-sweep
# Goal: isolate export cost from query-planning cost. Raise the year bound
# across runs, for example 1970, 1990, 2010, and 2023.
PREFIX dblp: <https://dblp.org/rdf/schema#>

CONSTRUCT { ?s ?p ?o }
WHERE {
  ?s a dblp:Publication ;
     dblp:yearOfPublication ?year ;
     ?p ?o .
  FILTER(?year <= "1970"^^<http://www.w3.org/2001/XMLSchema#gYear>)
}

2026-09-28 20:55:36.905 - INFO: Requested media types of the result are: "text/turtle"
2026-09-28 20:55:36.906 - INFO: Query planning done in 1 ms
2026-09-28 20:55:36.929 - INFO: Result has unknown size (not computed yet)
2026-09-28 20:55:37.568 - INFO: Done processing query and sending result, total time was 663 ms
2026-09-28 20:55:37.587 - INFO: 
2026-09-28 20:55:37.587 - INFO: Request received via GET, no content type specified
2026-09-28 20:55:37.587 - INFO: Processing command "clear-cache": clear the cache (unpinned elements only)
2026-09-28 20:55:37.604 - INFO: 
2026-09-28 20:55:37.604 - INFO: Request received via POST, content type "application/x-www-form-urlencoded"
2026-09-28 20:55:37.605 - INFO: Processing the following SPARQL query:
# Tier H — size-sweep
# Goal: isolate export cost from query-planning cost. Raise the year bound
# across runs, for example 1970, 1990, 2010, and 2023.
PREFIX dblp: <https://dblp.org/rdf/schema#>

CONSTRUCT { ?s ?p ?o }
WHERE {
  ?s a dblp:Publication ;
     dblp:yearOfPublication ?year ;
     ?p ?o .
  FILTER(?year <= "1970"^^<http://www.w3.org/2001/XMLSchema#gYear>)
}

2026-09-28 20:55:37.605 - INFO: Requested media types of the result are: "text/turtle"
2026-09-28 20:55:37.606 - INFO: Query planning done in 1 ms
2026-09-28 20:55:37.630 - INFO: Result has unknown size (not computed yet)
2026-09-28 20:55:38.271 - INFO: Done processing query and sending result, total time was 666 ms
2026-09-28 20:55:38.290 - INFO: 
2026-09-28 20:55:38.290 - INFO: Request received via GET, no content type specified
2026-09-28 20:55:38.290 - INFO: Processing command "clear-cache": clear the cache (unpinned elements only)
2026-09-28 20:55:38.308 - INFO: 
2026-09-28 20:55:38.308 - INFO: Request received via POST, content type "application/x-www-form-urlencoded"
2026-09-28 20:55:38.309 - INFO: Processing the following SPARQL query:
# Tier H — size-sweep
# Goal: isolate export cost from query-planning cost. Raise the year bound
# across runs, for example 1970, 1990, 2010, and 2023.
PREFIX dblp: <https://dblp.org/rdf/schema#>

CONSTRUCT { ?s ?p ?o }
WHERE {
  ?s a dblp:Publication ;
     dblp:yearOfPublication ?year ;
     ?p ?o .
  FILTER(?year <= "1970"^^<http://www.w3.org/2001/XMLSchema#gYear>)
}

2026-09-28 20:55:38.309 - INFO: Requested media types of the result are: "text/turtle"
2026-09-28 20:55:38.310 - INFO: Query planning done in 1 ms
2026-09-28 20:55:38.333 - INFO: Result has unknown size (not computed yet)
2026-09-28 20:55:38.956 - INFO: Done processing query and sending result, total time was 647 ms
2026-09-28 20:55:38.975 - INFO: 
2026-09-28 20:55:38.975 - INFO: Request received via GET, no content type specified
2026-09-28 20:55:38.975 - INFO: Processing command "clear-cache": clear the cache (unpinned elements only)
2026-09-28 20:55:38.993 - INFO: 
2026-09-28 20:55:38.993 - INFO: Request received via POST, content type "application/x-www-form-urlencoded"
2026-09-28 20:55:38.993 - INFO: Processing the following SPARQL query:
# Tier H — size-sweep
# Goal: isolate export cost from query-planning cost. Raise the year bound
# across runs, for example 1970, 1990, 2010, and 2023.
PREFIX dblp: <https://dblp.org/rdf/schema#>

CONSTRUCT { ?s ?p ?o }
WHERE {
  ?s a dblp:Publication ;
     dblp:yearOfPublication ?year ;
     ?p ?o .
  FILTER(?year <= "1970"^^<http://www.w3.org/2001/XMLSchema#gYear>)
}

2026-09-28 20:55:38.993 - INFO: Requested media types of the result are: "text/turtle"
2026-09-28 20:55:38.994 - INFO: Query planning done in 1 ms
2026-09-28 20:55:39.016 - INFO: Result has unknown size (not computed yet)
2026-09-28 20:55:39.563 - INFO: Done processing query and sending result, total time was 570 ms
2026-09-28 20:55:39.583 - INFO: 
2026-09-28 20:55:39.583 - INFO: Request received via GET, no content type specified
2026-09-28 20:55:39.583 - INFO: Processing command "clear-cache": clear the cache (unpinned elements only)
2026-09-28 20:55:39.601 - INFO: 
2026-09-28 20:55:39.601 - INFO: Request received via POST, content type "application/x-www-form-urlencoded"
2026-09-28 20:55:39.601 - INFO: Processing the following SPARQL query:
# Tier H — size-sweep
# Goal: isolate export cost from query-planning cost. Raise the year bound
# across runs, for example 1970, 1990, 2010, and 2023.
PREFIX dblp: <https://dblp.org/rdf/schema#>

CONSTRUCT { ?s ?p ?o }
WHERE {
  ?s a dblp:Publication ;
     dblp:yearOfPublication ?year ;
     ?p ?o .
  FILTER(?year <= "1970"^^<http://www.w3.org/2001/XMLSchema#gYear>)
}

2026-09-28 20:55:39.601 - INFO: Requested media types of the result are: "text/turtle"
2026-09-28 20:55:39.602 - INFO: Query planning done in 1 ms
2026-09-28 20:55:39.624 - INFO: Result has unknown size (not computed yet)
2026-09-28 20:55:40.199 - INFO: Done processing query and sending result, total time was 598 ms
2026-09-28 20:55:40.218 - INFO: 
2026-09-28 20:55:40.218 - INFO: Request received via GET, no content type specified
2026-09-28 20:55:40.218 - INFO: Processing command "clear-cache": clear the cache (unpinned elements only)
2026-09-28 20:55:40.236 - INFO: 
2026-09-28 20:55:40.236 - INFO: Request received via POST, content type "application/x-www-form-urlencoded"
2026-09-28 20:55:40.236 - INFO: Processing the following SPARQL query:
# Tier H — size-sweep
# Goal: isolate export cost from query-planning cost. Raise the year bound
# across runs, for example 1970, 1990, 2010, and 2023.
PREFIX dblp: <https://dblp.org/rdf/schema#>

CONSTRUCT { ?s ?p ?o }
WHERE {
  ?s a dblp:Publication ;
     dblp:yearOfPublication ?year ;
     ?p ?o .
  FILTER(?year <= "1970"^^<http://www.w3.org/2001/XMLSchema#gYear>)
}

2026-09-28 20:55:40.236 - INFO: Requested media types of the result are: "text/turtle"
2026-09-28 20:55:40.237 - INFO: Query planning done in 1 ms
2026-09-28 20:55:40.261 - INFO: Result has unknown size (not computed yet)
2026-09-28 20:55:40.861 - INFO: Done processing query and sending result, total time was 625 ms
2026-09-28 20:55:40.880 - INFO: 
2026-09-28 20:55:40.880 - INFO: Request received via GET, no content type specified
2026-09-28 20:55:40.880 - INFO: Processing command "clear-cache": clear the cache (unpinned elements only)
2026-09-28 20:55:40.898 - INFO: 
2026-09-28 20:55:40.898 - INFO: Request received via POST, content type "application/x-www-form-urlencoded"
2026-09-28 20:55:40.898 - INFO: Processing the following SPARQL query:
# Tier H — size-sweep
# Goal: isolate export cost from query-planning cost. Raise the year bound
# across runs, for example 1970, 1990, 2010, and 2023.
PREFIX dblp: <https://dblp.org/rdf/schema#>

CONSTRUCT { ?s ?p ?o }
WHERE {
  ?s a dblp:Publication ;
     dblp:yearOfPublication ?year ;
     ?p ?o .
  FILTER(?year <= "1970"^^<http://www.w3.org/2001/XMLSchema#gYear>)
}

2026-09-28 20:55:40.898 - INFO: Requested media types of the result are: "text/turtle"
2026-09-28 20:55:40.899 - INFO: Query planning done in 1 ms
2026-09-28 20:55:40.923 - INFO: Result has unknown size (not computed yet)
2026-09-28 20:55:41.545 - INFO: Done processing query and sending result, total time was 646 ms
2026-09-28 20:55:41.564 - INFO: 
2026-09-28 20:55:41.564 - INFO: Request received via GET, no content type specified
2026-09-28 20:55:41.564 - INFO: Processing command "clear-cache": clear the cache (unpinned elements only)
2026-09-28 20:55:41.582 - INFO: 
2026-09-28 20:55:41.582 - INFO: Request received via POST, content type "application/x-www-form-urlencoded"
2026-09-28 20:55:41.582 - INFO: Processing the following SPARQL query:
# Tier H — size-sweep
# Goal: isolate export cost from query-planning cost. Raise the year bound
# across runs, for example 1970, 1990, 2010, and 2023.
PREFIX dblp: <https://dblp.org/rdf/schema#>

CONSTRUCT { ?s ?p ?o }
WHERE {
  ?s a dblp:Publication ;
     dblp:yearOfPublication ?year ;
     ?p ?o .
  FILTER(?year <= "1970"^^<http://www.w3.org/2001/XMLSchema#gYear>)
}

2026-09-28 20:55:41.582 - INFO: Requested media types of the result are: "text/turtle"
2026-09-28 20:55:41.583 - INFO: Query planning done in 1 ms
2026-09-28 20:55:41.606 - INFO: Result has unknown size (not computed yet)
2026-09-28 20:55:42.247 - INFO: Done processing query and sending result, total time was 664 ms
2026-09-28 20:55:42.265 - INFO: 
2026-09-28 20:55:42.265 - INFO: Request received via GET, no content type specified
2026-09-28 20:55:42.265 - INFO: Processing command "clear-cache": clear the cache (unpinned elements only)
2026-09-28 20:55:42.283 - INFO: 
2026-09-28 20:55:42.283 - INFO: Request received via POST, content type "application/x-www-form-urlencoded"
2026-09-28 20:55:42.284 - INFO: Processing the following SPARQL query:
# Tier H — size-sweep
# Goal: isolate export cost from query-planning cost. Raise the year bound
# across runs, for example 1970, 1990, 2010, and 2023.
PREFIX dblp: <https://dblp.org/rdf/schema#>

CONSTRUCT { ?s ?p ?o }
WHERE {
  ?s a dblp:Publication ;
     dblp:yearOfPublication ?year ;
     ?p ?o .
  FILTER(?year <= "1970"^^<http://www.w3.org/2001/XMLSchema#gYear>)
}

2026-09-28 20:55:42.284 - INFO: Requested media types of the result are: "text/turtle"
2026-09-28 20:55:42.285 - INFO: Query planning done in 1 ms
2026-09-28 20:55:42.309 - INFO: Result has unknown size (not computed yet)
2026-09-28 20:55:42.950 - INFO: Done processing query and sending result, total time was 666 ms
2026-09-28 20:55:42.969 - INFO: 
2026-09-28 20:55:42.969 - INFO: Request received via GET, no content type specified
2026-09-28 20:55:42.969 - INFO: Processing command "clear-cache": clear the cache (unpinned elements only)
2026-09-28 20:55:42.987 - INFO: 
2026-09-28 20:55:42.987 - INFO: Request received via POST, content type "application/x-www-form-urlencoded"
2026-09-28 20:55:42.987 - INFO: Processing the following SPARQL query:
# Tier H — size-sweep
# Goal: isolate export cost from query-planning cost. Raise the year bound
# across runs, for example 1970, 1990, 2010, and 2023.
PREFIX dblp: <https://dblp.org/rdf/schema#>

CONSTRUCT { ?s ?p ?o }
WHERE {
  ?s a dblp:Publication ;
     dblp:yearOfPublication ?year ;
     ?p ?o .
  FILTER(?year <= "1970"^^<http://www.w3.org/2001/XMLSchema#gYear>)
}

2026-09-28 20:55:42.987 - INFO: Requested media types of the result are: "text/turtle"
2026-09-28 20:55:42.988 - INFO: Query planning done in 1 ms
2026-09-28 20:55:43.012 - INFO: Result has unknown size (not computed yet)
2026-09-28 20:55:43.636 - INFO: Done processing query and sending result, total time was 649 ms
2026-09-28 20:55:43.655 - INFO: 
2026-09-28 20:55:43.655 - INFO: Request received via GET, no content type specified
2026-09-28 20:55:43.655 - INFO: Processing command "clear-cache": clear the cache (unpinned elements only)
2026-09-28 20:55:43.681 - INFO: 
2026-09-28 20:55:43.681 - INFO: Request received via POST, content type "application/x-www-form-urlencoded"
2026-09-28 20:55:43.682 - INFO: Processing the following SPARQL query:
# Tier H — size-sweep
# Goal: isolate export cost from query-planning cost. Raise the year bound
# across runs, for example 1970, 1990, 2010, and 2023.
PREFIX dblp: <https://dblp.org/rdf/schema#>

CONSTRUCT { ?s ?p ?o }
WHERE {
  ?s a dblp:Publication ;
     dblp:yearOfPublication ?year ;
     ?p ?o .
  FILTER(?year <= "1970"^^<http://www.w3.org/2001/XMLSchema#gYear>)
}

2026-09-28 20:55:43.682 - INFO: Requested media types of the result are: "text/turtle"
2026-09-28 20:55:43.683 - INFO: Query planning done in 1 ms
2026-09-28 20:55:43.705 - INFO: Result has unknown size (not computed yet)
2026-09-28 20:55:44.259 - INFO: Done processing query and sending result, total time was 577 ms
2026-09-28 20:56:21.536 - INFO: 
2026-09-28 20:56:21.536 - INFO: Request received via GET, no content type specified
2026-09-28 20:56:21.536 - INFO: Processing command "clear-cache": clear the cache (unpinned elements only)
2026-09-28 20:56:21.554 - INFO: 
2026-09-28 20:56:21.554 - INFO: Request received via POST, content type "application/x-www-form-urlencoded"
2026-09-28 20:56:21.554 - INFO: Processing the following SPARQL query:
# Tier H — size-sweep
# Goal: isolate export cost from query-planning cost. Raise the year bound
# across runs, for example 1970, 1990, 2010, and 2023.
PREFIX dblp: <https://dblp.org/rdf/schema#>

CONSTRUCT { ?s ?p ?o }
WHERE {
  ?s a dblp:Publication ;
     dblp:yearOfPublication ?year ;
     ?p ?o .
  FILTER(?year <= "1970"^^<http://www.w3.org/2001/XMLSchema#gYear>)
}

2026-09-28 20:56:21.554 - INFO: Requested media types of the result are: "text/turtle"
2026-09-28 20:56:21.556 - INFO: Query planning done in 1 ms
2026-09-28 20:56:21.579 - INFO: Result has unknown size (not computed yet)
2026-09-28 20:56:22.236 - INFO: Done processing query and sending result, total time was 681 ms
2026-09-28 20:56:22.255 - INFO: 
2026-09-28 20:56:22.255 - INFO: Request received via GET, no content type specified
2026-09-28 20:56:22.255 - INFO: Processing command "clear-cache": clear the cache (unpinned elements only)
2026-09-28 20:56:22.273 - INFO: 
2026-09-28 20:56:22.273 - INFO: Request received via POST, content type "application/x-www-form-urlencoded"
2026-09-28 20:56:22.273 - INFO: Processing the following SPARQL query:
# Tier H — size-sweep
# Goal: isolate export cost from query-planning cost. Raise the year bound
# across runs, for example 1970, 1990, 2010, and 2023.
PREFIX dblp: <https://dblp.org/rdf/schema#>

CONSTRUCT { ?s ?p ?o }
WHERE {
  ?s a dblp:Publication ;
     dblp:yearOfPublication ?year ;
     ?p ?o .
  FILTER(?year <= "1970"^^<http://www.w3.org/2001/XMLSchema#gYear>)
}

2026-09-28 20:56:22.273 - INFO: Requested media types of the result are: "text/turtle"
2026-09-28 20:56:22.274 - INFO: Query planning done in 1 ms
2026-09-28 20:56:22.293 - INFO: Result has unknown size (not computed yet)
2026-09-28 20:56:22.857 - INFO: Done processing query and sending result, total time was 584 ms
2026-09-28 20:56:22.876 - INFO: 
2026-09-28 20:56:22.876 - INFO: Request received via GET, no content type specified
2026-09-28 20:56:22.876 - INFO: Processing command "clear-cache": clear the cache (unpinned elements only)
2026-09-28 20:56:22.894 - INFO: 
2026-09-28 20:56:22.894 - INFO: Request received via POST, content type "application/x-www-form-urlencoded"
2026-09-28 20:56:22.895 - INFO: Processing the following SPARQL query:
# Tier H — size-sweep
# Goal: isolate export cost from query-planning cost. Raise the year bound
# across runs, for example 1970, 1990, 2010, and 2023.
PREFIX dblp: <https://dblp.org/rdf/schema#>

CONSTRUCT { ?s ?p ?o }
WHERE {
  ?s a dblp:Publication ;
     dblp:yearOfPublication ?year ;
     ?p ?o .
  FILTER(?year <= "1970"^^<http://www.w3.org/2001/XMLSchema#gYear>)
}

2026-09-28 20:56:22.895 - INFO: Requested media types of the result are: "text/turtle"
2026-09-28 20:56:22.896 - INFO: Query planning done in 1 ms
2026-09-28 20:56:22.920 - INFO: Result has unknown size (not computed yet)
2026-09-28 20:56:23.540 - INFO: Done processing query and sending result, total time was 645 ms
2026-09-28 20:56:23.558 - INFO: 
2026-09-28 20:56:23.558 - INFO: Request received via GET, no content type specified
2026-09-28 20:56:23.558 - INFO: Processing command "clear-cache": clear the cache (unpinned elements only)
2026-09-28 20:56:23.576 - INFO: 
2026-09-28 20:56:23.576 - INFO: Request received via POST, content type "application/x-www-form-urlencoded"
2026-09-28 20:56:23.577 - INFO: Processing the following SPARQL query:
# Tier H — size-sweep
# Goal: isolate export cost from query-planning cost. Raise the year bound
# across runs, for example 1970, 1990, 2010, and 2023.
PREFIX dblp: <https://dblp.org/rdf/schema#>

CONSTRUCT { ?s ?p ?o }
WHERE {
  ?s a dblp:Publication ;
     dblp:yearOfPublication ?year ;
     ?p ?o .
  FILTER(?year <= "1970"^^<http://www.w3.org/2001/XMLSchema#gYear>)
}

2026-09-28 20:56:23.577 - INFO: Requested media types of the result are: "text/turtle"
2026-09-28 20:56:23.578 - INFO: Query planning done in 1 ms
2026-09-28 20:56:23.601 - INFO: Result has unknown size (not computed yet)
2026-09-28 20:56:24.247 - INFO: Done processing query and sending result, total time was 670 ms
2026-09-28 20:56:24.266 - INFO: 
2026-09-28 20:56:24.266 - INFO: Request received via GET, no content type specified
2026-09-28 20:56:24.266 - INFO: Processing command "clear-cache": clear the cache (unpinned elements only)
2026-09-28 20:56:24.283 - INFO: 
2026-09-28 20:56:24.283 - INFO: Request received via POST, content type "application/x-www-form-urlencoded"
2026-09-28 20:56:24.284 - INFO: Processing the following SPARQL query:
# Tier H — size-sweep
# Goal: isolate export cost from query-planning cost. Raise the year bound
# across runs, for example 1970, 1990, 2010, and 2023.
PREFIX dblp: <https://dblp.org/rdf/schema#>

CONSTRUCT { ?s ?p ?o }
WHERE {
  ?s a dblp:Publication ;
     dblp:yearOfPublication ?year ;
     ?p ?o .
  FILTER(?year <= "1970"^^<http://www.w3.org/2001/XMLSchema#gYear>)
}

2026-09-28 20:56:24.284 - INFO: Requested media types of the result are: "text/turtle"
2026-09-28 20:56:24.285 - INFO: Query planning done in 1 ms
2026-09-28 20:56:24.308 - INFO: Result has unknown size (not computed yet)
2026-09-28 20:56:24.950 - INFO: Done processing query and sending result, total time was 666 ms
2026-09-28 20:56:24.969 - INFO: 
2026-09-28 20:56:24.969 - INFO: Request received via GET, no content type specified
2026-09-28 20:56:24.969 - INFO: Processing command "clear-cache": clear the cache (unpinned elements only)
2026-09-28 20:56:24.987 - INFO: 
2026-09-28 20:56:24.987 - INFO: Request received via POST, content type "application/x-www-form-urlencoded"
2026-09-28 20:56:24.987 - INFO: Processing the following SPARQL query:
# Tier H — size-sweep
# Goal: isolate export cost from query-planning cost. Raise the year bound
# across runs, for example 1970, 1990, 2010, and 2023.
PREFIX dblp: <https://dblp.org/rdf/schema#>

CONSTRUCT { ?s ?p ?o }
WHERE {
  ?s a dblp:Publication ;
     dblp:yearOfPublication ?year ;
     ?p ?o .
  FILTER(?year <= "1970"^^<http://www.w3.org/2001/XMLSchema#gYear>)
}

2026-09-28 20:56:24.987 - INFO: Requested media types of the result are: "text/turtle"
2026-09-28 20:56:24.988 - INFO: Query planning done in 1 ms
2026-09-28 20:56:25.011 - INFO: Result has unknown size (not computed yet)
2026-09-28 20:56:25.629 - INFO: Done processing query and sending result, total time was 642 ms
2026-09-28 20:56:25.648 - INFO: 
2026-09-28 20:56:25.648 - INFO: Request received via GET, no content type specified
2026-09-28 20:56:25.648 - INFO: Processing command "clear-cache": clear the cache (unpinned elements only)
2026-09-28 20:56:25.666 - INFO: 
2026-09-28 20:56:25.667 - INFO: Request received via POST, content type "application/x-www-form-urlencoded"
2026-09-28 20:56:25.667 - INFO: Processing the following SPARQL query:
# Tier H — size-sweep
# Goal: isolate export cost from query-planning cost. Raise the year bound
# across runs, for example 1970, 1990, 2010, and 2023.
PREFIX dblp: <https://dblp.org/rdf/schema#>

CONSTRUCT { ?s ?p ?o }
WHERE {
  ?s a dblp:Publication ;
     dblp:yearOfPublication ?year ;
     ?p ?o .
  FILTER(?year <= "1970"^^<http://www.w3.org/2001/XMLSchema#gYear>)
}

2026-09-28 20:56:25.667 - INFO: Requested media types of the result are: "text/turtle"
2026-09-28 20:56:25.668 - INFO: Query planning done in 1 ms
2026-09-28 20:56:25.689 - INFO: Result has unknown size (not computed yet)
2026-09-28 20:56:26.270 - INFO: Done processing query and sending result, total time was 603 ms
2026-09-28 20:56:26.289 - INFO: 
2026-09-28 20:56:26.289 - INFO: Request received via GET, no content type specified
2026-09-28 20:56:26.289 - INFO: Processing command "clear-cache": clear the cache (unpinned elements only)
2026-09-28 20:56:26.308 - INFO: 
2026-09-28 20:56:26.308 - INFO: Request received via POST, content type "application/x-www-form-urlencoded"
2026-09-28 20:56:26.308 - INFO: Processing the following SPARQL query:
# Tier H — size-sweep
# Goal: isolate export cost from query-planning cost. Raise the year bound
# across runs, for example 1970, 1990, 2010, and 2023.
PREFIX dblp: <https://dblp.org/rdf/schema#>

CONSTRUCT { ?s ?p ?o }
WHERE {
  ?s a dblp:Publication ;
     dblp:yearOfPublication ?year ;
     ?p ?o .
  FILTER(?year <= "1970"^^<http://www.w3.org/2001/XMLSchema#gYear>)
}

2026-09-28 20:56:26.308 - INFO: Requested media types of the result are: "text/turtle"
2026-09-28 20:56:26.309 - INFO: Query planning done in 1 ms
2026-09-28 20:56:26.327 - INFO: Result has unknown size (not computed yet)
2026-09-28 20:56:26.949 - INFO: Done processing query and sending result, total time was 641 ms
2026-09-28 20:56:26.969 - INFO: 
2026-09-28 20:56:26.969 - INFO: Request received via GET, no content type specified
2026-09-28 20:56:26.969 - INFO: Processing command "clear-cache": clear the cache (unpinned elements only)
2026-09-28 20:56:26.987 - INFO: 
2026-09-28 20:56:26.987 - INFO: Request received via POST, content type "application/x-www-form-urlencoded"
2026-09-28 20:56:26.987 - INFO: Processing the following SPARQL query:
# Tier H — size-sweep
# Goal: isolate export cost from query-planning cost. Raise the year bound
# across runs, for example 1970, 1990, 2010, and 2023.
PREFIX dblp: <https://dblp.org/rdf/schema#>

CONSTRUCT { ?s ?p ?o }
WHERE {
  ?s a dblp:Publication ;
     dblp:yearOfPublication ?year ;
     ?p ?o .
  FILTER(?year <= "1970"^^<http://www.w3.org/2001/XMLSchema#gYear>)
}

2026-09-28 20:56:26.987 - INFO: Requested media types of the result are: "text/turtle"
2026-09-28 20:56:26.988 - INFO: Query planning done in 1 ms
2026-09-28 20:56:27.007 - INFO: Result has unknown size (not computed yet)
2026-09-28 20:56:27.592 - INFO: Done processing query and sending result, total time was 605 ms
2026-09-28 20:56:27.625 - INFO: 
2026-09-28 20:56:27.625 - INFO: Request received via GET, no content type specified
2026-09-28 20:56:27.625 - INFO: Processing command "clear-cache": clear the cache (unpinned elements only)
2026-09-28 20:56:27.655 - INFO: 
2026-09-28 20:56:27.655 - INFO: Request received via POST, content type "application/x-www-form-urlencoded"
2026-09-28 20:56:27.655 - INFO: Processing the following SPARQL query:
# Tier H — size-sweep
# Goal: isolate export cost from query-planning cost. Raise the year bound
# across runs, for example 1970, 1990, 2010, and 2023.
PREFIX dblp: <https://dblp.org/rdf/schema#>

CONSTRUCT { ?s ?p ?o }
WHERE {
  ?s a dblp:Publication ;
     dblp:yearOfPublication ?year ;
     ?p ?o .
  FILTER(?year <= "1970"^^<http://www.w3.org/2001/XMLSchema#gYear>)
}

2026-09-28 20:56:27.655 - INFO: Requested media types of the result are: "text/turtle"
2026-09-28 20:56:27.656 - INFO: Query planning done in 1 ms
2026-09-28 20:56:27.674 - INFO: Result has unknown size (not computed yet)
2026-09-28 20:56:28.328 - INFO: Done processing query and sending result, total time was 673 ms
2026-09-28 20:56:28.348 - INFO: 
2026-09-28 20:56:28.348 - INFO: Request received via GET, no content type specified
2026-09-28 20:56:28.348 - INFO: Processing command "clear-cache": clear the cache (unpinned elements only)
2026-09-28 20:56:28.366 - INFO: 
2026-09-28 20:56:28.366 - INFO: Request received via POST, content type "application/x-www-form-urlencoded"
2026-09-28 20:56:28.366 - INFO: Processing the following SPARQL query:
# Tier H — size-sweep
# Goal: isolate export cost from query-planning cost. Raise the year bound
# across runs, for example 1970, 1990, 2010, and 2023.
PREFIX dblp: <https://dblp.org/rdf/schema#>

CONSTRUCT { ?s ?p ?o }
WHERE {
  ?s a dblp:Publication ;
     dblp:yearOfPublication ?year ;
     ?p ?o .
  FILTER(?year <= "1970"^^<http://www.w3.org/2001/XMLSchema#gYear>)
}

2026-09-28 20:56:28.366 - INFO: Requested media types of the result are: "text/turtle"
2026-09-28 20:56:28.367 - INFO: Query planning done in 1 ms
2026-09-28 20:56:28.386 - INFO: Result has unknown size (not computed yet)
2026-09-28 20:56:28.999 - INFO: Done processing query and sending result, total time was 632 ms
2026-09-28 20:56:29.018 - INFO: 
2026-09-28 20:56:29.018 - INFO: Request received via GET, no content type specified
2026-09-28 20:56:29.018 - INFO: Processing command "clear-cache": clear the cache (unpinned elements only)
2026-09-28 20:56:29.036 - INFO: 
2026-09-28 20:56:29.036 - INFO: Request received via POST, content type "application/x-www-form-urlencoded"
2026-09-28 20:56:29.037 - INFO: Processing the following SPARQL query:
# Tier H — size-sweep
# Goal: isolate export cost from query-planning cost. Raise the year bound
# across runs, for example 1970, 1990, 2010, and 2023.
PREFIX dblp: <https://dblp.org/rdf/schema#>

CONSTRUCT { ?s ?p ?o }
WHERE {
  ?s a dblp:Publication ;
     dblp:yearOfPublication ?year ;
     ?p ?o .
  FILTER(?year <= "1970"^^<http://www.w3.org/2001/XMLSchema#gYear>)
}

2026-09-28 20:56:29.037 - INFO: Requested media types of the result are: "text/turtle"
2026-09-28 20:56:29.038 - INFO: Query planning done in 1 ms
2026-09-28 20:56:29.062 - INFO: Result has unknown size (not computed yet)
2026-09-28 20:56:29.704 - INFO: Done processing query and sending result, total time was 667 ms
2026-09-28 20:56:29.734 - INFO: 
2026-09-28 20:56:29.735 - INFO: Request received via GET, no content type specified
2026-09-28 20:56:29.735 - INFO: Processing command "clear-cache": clear the cache (unpinned elements only)
2026-09-28 20:56:29.764 - INFO: 
2026-09-28 20:56:29.764 - INFO: Request received via POST, content type "application/x-www-form-urlencoded"
2026-09-28 20:56:29.764 - INFO: Processing the following SPARQL query:
# Tier H — size-sweep
# Goal: isolate export cost from query-planning cost. Raise the year bound
# across runs, for example 1970, 1990, 2010, and 2023.
PREFIX dblp: <https://dblp.org/rdf/schema#>

CONSTRUCT { ?s ?p ?o }
WHERE {
  ?s a dblp:Publication ;
     dblp:yearOfPublication ?year ;
     ?p ?o .
  FILTER(?year <= "1970"^^<http://www.w3.org/2001/XMLSchema#gYear>)
}

2026-09-28 20:56:29.764 - INFO: Requested media types of the result are: "text/turtle"
2026-09-28 20:56:29.765 - INFO: Query planning done in 1 ms
2026-09-28 20:56:29.788 - INFO: Result has unknown size (not computed yet)
2026-09-28 20:56:30.433 - INFO: Done processing query and sending result, total time was 669 ms
2026-09-28 20:57:07.364 - INFO: 
2026-09-28 20:57:07.364 - INFO: Request received via GET, no content type specified
2026-09-28 20:57:07.364 - INFO: Processing command "clear-cache": clear the cache (unpinned elements only)
2026-09-28 20:57:07.382 - INFO: 
2026-09-28 20:57:07.382 - INFO: Request received via POST, content type "application/x-www-form-urlencoded"
2026-09-28 20:57:07.382 - INFO: Processing the following SPARQL query:
# Tier H — size-sweep
# Goal: isolate export cost from query-planning cost. Raise the year bound
# across runs, for example 1970, 1990, 2010, and 2023.
PREFIX dblp: <https://dblp.org/rdf/schema#>

CONSTRUCT { ?s ?p ?o }
WHERE {
  ?s a dblp:Publication ;
     dblp:yearOfPublication ?year ;
     ?p ?o .
  FILTER(?year <= "1970"^^<http://www.w3.org/2001/XMLSchema#gYear>)
}

2026-09-28 20:57:07.382 - INFO: Requested media types of the result are: "text/turtle"
2026-09-28 20:57:07.384 - INFO: Query planning done in 1 ms
2026-09-28 20:57:07.407 - INFO: Result has unknown size (not computed yet)
2026-09-28 20:57:08.015 - INFO: Done processing query and sending result, total time was 633 ms
2026-09-28 20:57:08.034 - INFO: 
2026-09-28 20:57:08.034 - INFO: Request received via GET, no content type specified
2026-09-28 20:57:08.034 - INFO: Processing command "clear-cache": clear the cache (unpinned elements only)
2026-09-28 20:57:08.052 - INFO: 
2026-09-28 20:57:08.052 - INFO: Request received via POST, content type "application/x-www-form-urlencoded"
2026-09-28 20:57:08.053 - INFO: Processing the following SPARQL query:
# Tier H — size-sweep
# Goal: isolate export cost from query-planning cost. Raise the year bound
# across runs, for example 1970, 1990, 2010, and 2023.
PREFIX dblp: <https://dblp.org/rdf/schema#>

CONSTRUCT { ?s ?p ?o }
WHERE {
  ?s a dblp:Publication ;
     dblp:yearOfPublication ?year ;
     ?p ?o .
  FILTER(?year <= "1970"^^<http://www.w3.org/2001/XMLSchema#gYear>)
}

2026-09-28 20:57:08.053 - INFO: Requested media types of the result are: "text/turtle"
2026-09-28 20:57:08.054 - INFO: Query planning done in 1 ms
2026-09-28 20:57:08.078 - INFO: Result has unknown size (not computed yet)
2026-09-28 20:57:08.725 - INFO: Done processing query and sending result, total time was 672 ms
2026-09-28 20:57:08.744 - INFO: 
2026-09-28 20:57:08.744 - INFO: Request received via GET, no content type specified
2026-09-28 20:57:08.744 - INFO: Processing command "clear-cache": clear the cache (unpinned elements only)
2026-09-28 20:57:08.762 - INFO: 
2026-09-28 20:57:08.762 - INFO: Request received via POST, content type "application/x-www-form-urlencoded"
2026-09-28 20:57:08.762 - INFO: Processing the following SPARQL query:
# Tier H — size-sweep
# Goal: isolate export cost from query-planning cost. Raise the year bound
# across runs, for example 1970, 1990, 2010, and 2023.
PREFIX dblp: <https://dblp.org/rdf/schema#>

CONSTRUCT { ?s ?p ?o }
WHERE {
  ?s a dblp:Publication ;
     dblp:yearOfPublication ?year ;
     ?p ?o .
  FILTER(?year <= "1970"^^<http://www.w3.org/2001/XMLSchema#gYear>)
}

2026-09-28 20:57:08.762 - INFO: Requested media types of the result are: "text/turtle"
2026-09-28 20:57:08.763 - INFO: Query planning done in 1 ms
2026-09-28 20:57:08.787 - INFO: Result has unknown size (not computed yet)
2026-09-28 20:57:09.428 - INFO: Done processing query and sending result, total time was 666 ms
2026-09-28 20:57:09.447 - INFO: 
2026-09-28 20:57:09.447 - INFO: Request received via GET, no content type specified
2026-09-28 20:57:09.447 - INFO: Processing command "clear-cache": clear the cache (unpinned elements only)
2026-09-28 20:57:09.465 - INFO: 
2026-09-28 20:57:09.465 - INFO: Request received via POST, content type "application/x-www-form-urlencoded"
2026-09-28 20:57:09.466 - INFO: Processing the following SPARQL query:
# Tier H — size-sweep
# Goal: isolate export cost from query-planning cost. Raise the year bound
# across runs, for example 1970, 1990, 2010, and 2023.
PREFIX dblp: <https://dblp.org/rdf/schema#>

CONSTRUCT { ?s ?p ?o }
WHERE {
  ?s a dblp:Publication ;
     dblp:yearOfPublication ?year ;
     ?p ?o .
  FILTER(?year <= "1970"^^<http://www.w3.org/2001/XMLSchema#gYear>)
}

2026-09-28 20:57:09.466 - INFO: Requested media types of the result are: "text/turtle"
2026-09-28 20:57:09.467 - INFO: Query planning done in 1 ms
2026-09-28 20:57:09.490 - INFO: Result has unknown size (not computed yet)
2026-09-28 20:57:10.082 - INFO: Done processing query and sending result, total time was 616 ms
2026-09-28 20:57:10.100 - INFO: 
2026-09-28 20:57:10.100 - INFO: Request received via GET, no content type specified
2026-09-28 20:57:10.100 - INFO: Processing command "clear-cache": clear the cache (unpinned elements only)
2026-09-28 20:57:10.118 - INFO: 
2026-09-28 20:57:10.118 - INFO: Request received via POST, content type "application/x-www-form-urlencoded"
2026-09-28 20:57:10.119 - INFO: Processing the following SPARQL query:
# Tier H — size-sweep
# Goal: isolate export cost from query-planning cost. Raise the year bound
# across runs, for example 1970, 1990, 2010, and 2023.
PREFIX dblp: <https://dblp.org/rdf/schema#>

CONSTRUCT { ?s ?p ?o }
WHERE {
  ?s a dblp:Publication ;
     dblp:yearOfPublication ?year ;
     ?p ?o .
  FILTER(?year <= "1970"^^<http://www.w3.org/2001/XMLSchema#gYear>)
}

2026-09-28 20:57:10.119 - INFO: Requested media types of the result are: "text/turtle"
2026-09-28 20:57:10.120 - INFO: Query planning done in 1 ms
2026-09-28 20:57:10.143 - INFO: Result has unknown size (not computed yet)
2026-09-28 20:57:10.783 - INFO: Done processing query and sending result, total time was 664 ms
2026-09-28 20:57:10.802 - INFO: 
2026-09-28 20:57:10.802 - INFO: Request received via GET, no content type specified
2026-09-28 20:57:10.802 - INFO: Processing command "clear-cache": clear the cache (unpinned elements only)
2026-09-28 20:57:10.820 - INFO: 
2026-09-28 20:57:10.820 - INFO: Request received via POST, content type "application/x-www-form-urlencoded"
2026-09-28 20:57:10.820 - INFO: Processing the following SPARQL query:
# Tier H — size-sweep
# Goal: isolate export cost from query-planning cost. Raise the year bound
# across runs, for example 1970, 1990, 2010, and 2023.
PREFIX dblp: <https://dblp.org/rdf/schema#>

CONSTRUCT { ?s ?p ?o }
WHERE {
  ?s a dblp:Publication ;
     dblp:yearOfPublication ?year ;
     ?p ?o .
  FILTER(?year <= "1970"^^<http://www.w3.org/2001/XMLSchema#gYear>)
}

2026-09-28 20:57:10.820 - INFO: Requested media types of the result are: "text/turtle"
2026-09-28 20:57:10.821 - INFO: Query planning done in 1 ms
2026-09-28 20:57:10.844 - INFO: Result has unknown size (not computed yet)
2026-09-28 20:57:11.465 - INFO: Done processing query and sending result, total time was 645 ms
2026-09-28 20:57:11.484 - INFO: 
2026-09-28 20:57:11.484 - INFO: Request received via GET, no content type specified
2026-09-28 20:57:11.484 - INFO: Processing command "clear-cache": clear the cache (unpinned elements only)
2026-09-28 20:57:11.502 - INFO: 
2026-09-28 20:57:11.502 - INFO: Request received via POST, content type "application/x-www-form-urlencoded"
2026-09-28 20:57:11.503 - INFO: Processing the following SPARQL query:
# Tier H — size-sweep
# Goal: isolate export cost from query-planning cost. Raise the year bound
# across runs, for example 1970, 1990, 2010, and 2023.
PREFIX dblp: <https://dblp.org/rdf/schema#>

CONSTRUCT { ?s ?p ?o }
WHERE {
  ?s a dblp:Publication ;
     dblp:yearOfPublication ?year ;
     ?p ?o .
  FILTER(?year <= "1970"^^<http://www.w3.org/2001/XMLSchema#gYear>)
}

2026-09-28 20:57:11.503 - INFO: Requested media types of the result are: "text/turtle"
2026-09-28 20:57:11.504 - INFO: Query planning done in 1 ms
2026-09-28 20:57:11.521 - INFO: Result has unknown size (not computed yet)
2026-09-28 20:57:12.091 - INFO: Done processing query and sending result, total time was 589 ms
2026-09-28 20:57:12.110 - INFO: 
2026-09-28 20:57:12.110 - INFO: Request received via GET, no content type specified
2026-09-28 20:57:12.110 - INFO: Processing command "clear-cache": clear the cache (unpinned elements only)
2026-09-28 20:57:12.128 - INFO: 
2026-09-28 20:57:12.128 - INFO: Request received via POST, content type "application/x-www-form-urlencoded"
2026-09-28 20:57:12.129 - INFO: Processing the following SPARQL query:
# Tier H — size-sweep
# Goal: isolate export cost from query-planning cost. Raise the year bound
# across runs, for example 1970, 1990, 2010, and 2023.
PREFIX dblp: <https://dblp.org/rdf/schema#>

CONSTRUCT { ?s ?p ?o }
WHERE {
  ?s a dblp:Publication ;
     dblp:yearOfPublication ?year ;
     ?p ?o .
  FILTER(?year <= "1970"^^<http://www.w3.org/2001/XMLSchema#gYear>)
}

2026-09-28 20:57:12.129 - INFO: Requested media types of the result are: "text/turtle"
2026-09-28 20:57:12.130 - INFO: Query planning done in 1 ms
2026-09-28 20:57:12.149 - INFO: Result has unknown size (not computed yet)
2026-09-28 20:57:12.720 - INFO: Done processing query and sending result, total time was 591 ms
2026-09-28 20:57:12.739 - INFO: 
2026-09-28 20:57:12.739 - INFO: Request received via GET, no content type specified
2026-09-28 20:57:12.739 - INFO: Processing command "clear-cache": clear the cache (unpinned elements only)
2026-09-28 20:57:12.757 - INFO: 
2026-09-28 20:57:12.757 - INFO: Request received via POST, content type "application/x-www-form-urlencoded"
2026-09-28 20:57:12.757 - INFO: Processing the following SPARQL query:
# Tier H — size-sweep
# Goal: isolate export cost from query-planning cost. Raise the year bound
# across runs, for example 1970, 1990, 2010, and 2023.
PREFIX dblp: <https://dblp.org/rdf/schema#>

CONSTRUCT { ?s ?p ?o }
WHERE {
  ?s a dblp:Publication ;
     dblp:yearOfPublication ?year ;
     ?p ?o .
  FILTER(?year <= "1970"^^<http://www.w3.org/2001/XMLSchema#gYear>)
}

2026-09-28 20:57:12.757 - INFO: Requested media types of the result are: "text/turtle"
2026-09-28 20:57:12.758 - INFO: Query planning done in 1 ms
2026-09-28 20:57:12.777 - INFO: Result has unknown size (not computed yet)
2026-09-28 20:57:13.341 - INFO: Done processing query and sending result, total time was 584 ms
2026-09-28 20:57:13.360 - INFO: 
2026-09-28 20:57:13.360 - INFO: Request received via GET, no content type specified
2026-09-28 20:57:13.360 - INFO: Processing command "clear-cache": clear the cache (unpinned elements only)
2026-09-28 20:57:13.378 - INFO: 
2026-09-28 20:57:13.378 - INFO: Request received via POST, content type "application/x-www-form-urlencoded"
2026-09-28 20:57:13.378 - INFO: Processing the following SPARQL query:
# Tier H — size-sweep
# Goal: isolate export cost from query-planning cost. Raise the year bound
# across runs, for example 1970, 1990, 2010, and 2023.
PREFIX dblp: <https://dblp.org/rdf/schema#>

CONSTRUCT { ?s ?p ?o }
WHERE {
  ?s a dblp:Publication ;
     dblp:yearOfPublication ?year ;
     ?p ?o .
  FILTER(?year <= "1970"^^<http://www.w3.org/2001/XMLSchema#gYear>)
}

2026-09-28 20:57:13.378 - INFO: Requested media types of the result are: "text/turtle"
2026-09-28 20:57:13.379 - INFO: Query planning done in 1 ms
2026-09-28 20:57:13.397 - INFO: Result has unknown size (not computed yet)
2026-09-28 20:57:13.965 - INFO: Done processing query and sending result, total time was 587 ms
2026-09-28 20:57:13.984 - INFO: 
2026-09-28 20:57:13.984 - INFO: Request received via GET, no content type specified
2026-09-28 20:57:13.984 - INFO: Processing command "clear-cache": clear the cache (unpinned elements only)
2026-09-28 20:57:14.002 - INFO: 
2026-09-28 20:57:14.002 - INFO: Request received via POST, content type "application/x-www-form-urlencoded"
2026-09-28 20:57:14.003 - INFO: Processing the following SPARQL query:
# Tier H — size-sweep
# Goal: isolate export cost from query-planning cost. Raise the year bound
# across runs, for example 1970, 1990, 2010, and 2023.
PREFIX dblp: <https://dblp.org/rdf/schema#>

CONSTRUCT { ?s ?p ?o }
WHERE {
  ?s a dblp:Publication ;
     dblp:yearOfPublication ?year ;
     ?p ?o .
  FILTER(?year <= "1970"^^<http://www.w3.org/2001/XMLSchema#gYear>)
}

2026-09-28 20:57:14.003 - INFO: Requested media types of the result are: "text/turtle"
2026-09-28 20:57:14.004 - INFO: Query planning done in 1 ms
2026-09-28 20:57:14.023 - INFO: Result has unknown size (not computed yet)
2026-09-28 20:57:14.594 - INFO: Done processing query and sending result, total time was 592 ms
2026-09-28 20:57:14.613 - INFO: 
2026-09-28 20:57:14.613 - INFO: Request received via GET, no content type specified
2026-09-28 20:57:14.613 - INFO: Processing command "clear-cache": clear the cache (unpinned elements only)
2026-09-28 20:57:14.631 - INFO: 
2026-09-28 20:57:14.631 - INFO: Request received via POST, content type "application/x-www-form-urlencoded"
2026-09-28 20:57:14.632 - INFO: Processing the following SPARQL query:
# Tier H — size-sweep
# Goal: isolate export cost from query-planning cost. Raise the year bound
# across runs, for example 1970, 1990, 2010, and 2023.
PREFIX dblp: <https://dblp.org/rdf/schema#>

CONSTRUCT { ?s ?p ?o }
WHERE {
  ?s a dblp:Publication ;
     dblp:yearOfPublication ?year ;
     ?p ?o .
  FILTER(?year <= "1970"^^<http://www.w3.org/2001/XMLSchema#gYear>)
}

2026-09-28 20:57:14.632 - INFO: Requested media types of the result are: "text/turtle"
2026-09-28 20:57:14.633 - INFO: Query planning done in 1 ms
2026-09-28 20:57:14.651 - INFO: Result has unknown size (not computed yet)
2026-09-28 20:57:15.216 - INFO: Done processing query and sending result, total time was 584 ms
2026-09-28 20:57:15.235 - INFO: 
2026-09-28 20:57:15.235 - INFO: Request received via GET, no content type specified
2026-09-28 20:57:15.235 - INFO: Processing command "clear-cache": clear the cache (unpinned elements only)
2026-09-28 20:57:15.260 - INFO: 
2026-09-28 20:57:15.260 - INFO: Request received via POST, content type "application/x-www-form-urlencoded"
2026-09-28 20:57:15.260 - INFO: Processing the following SPARQL query:
# Tier H — size-sweep
# Goal: isolate export cost from query-planning cost. Raise the year bound
# across runs, for example 1970, 1990, 2010, and 2023.
PREFIX dblp: <https://dblp.org/rdf/schema#>

CONSTRUCT { ?s ?p ?o }
WHERE {
  ?s a dblp:Publication ;
     dblp:yearOfPublication ?year ;
     ?p ?o .
  FILTER(?year <= "1970"^^<http://www.w3.org/2001/XMLSchema#gYear>)
}

2026-09-28 20:57:15.260 - INFO: Requested media types of the result are: "text/turtle"
2026-09-28 20:57:15.261 - INFO: Query planning done in 1 ms
2026-09-28 20:57:15.280 - INFO: Result has unknown size (not computed yet)
2026-09-28 20:57:15.848 - INFO: Done processing query and sending result, total time was 587 ms
2026-09-28 20:57:53.062 - INFO: 
2026-09-28 20:57:53.062 - INFO: Request received via GET, no content type specified
2026-09-28 20:57:53.062 - INFO: Processing command "clear-cache": clear the cache (unpinned elements only)
2026-09-28 20:57:53.080 - INFO: 
2026-09-28 20:57:53.080 - INFO: Request received via POST, content type "application/x-www-form-urlencoded"
2026-09-28 20:57:53.080 - INFO: Processing the following SPARQL query:
# Tier H — size-sweep
# Goal: isolate export cost from query-planning cost. Raise the year bound
# across runs, for example 1970, 1990, 2010, and 2023.
PREFIX dblp: <https://dblp.org/rdf/schema#>

CONSTRUCT { ?s ?p ?o }
WHERE {
  ?s a dblp:Publication ;
     dblp:yearOfPublication ?year ;
     ?p ?o .
  FILTER(?year <= "1970"^^<http://www.w3.org/2001/XMLSchema#gYear>)
}

2026-09-28 20:57:53.080 - INFO: Requested media types of the result are: "text/turtle"
2026-09-28 20:57:53.081 - INFO: Query planning done in 1 ms
2026-09-28 20:57:53.100 - INFO: Result has unknown size (not computed yet)
2026-09-28 20:57:53.672 - INFO: Done processing query and sending result, total time was 592 ms
2026-09-28 20:57:53.691 - INFO: 
2026-09-28 20:57:53.691 - INFO: Request received via GET, no content type specified
2026-09-28 20:57:53.691 - INFO: Processing command "clear-cache": clear the cache (unpinned elements only)
2026-09-28 20:57:53.709 - INFO: 
2026-09-28 20:57:53.709 - INFO: Request received via POST, content type "application/x-www-form-urlencoded"
2026-09-28 20:57:53.709 - INFO: Processing the following SPARQL query:
# Tier H — size-sweep
# Goal: isolate export cost from query-planning cost. Raise the year bound
# across runs, for example 1970, 1990, 2010, and 2023.
PREFIX dblp: <https://dblp.org/rdf/schema#>

CONSTRUCT { ?s ?p ?o }
WHERE {
  ?s a dblp:Publication ;
     dblp:yearOfPublication ?year ;
     ?p ?o .
  FILTER(?year <= "1970"^^<http://www.w3.org/2001/XMLSchema#gYear>)
}

2026-09-28 20:57:53.709 - INFO: Requested media types of the result are: "text/turtle"
2026-09-28 20:57:53.710 - INFO: Query planning done in 1 ms
2026-09-28 20:57:53.729 - INFO: Result has unknown size (not computed yet)
2026-09-28 20:57:54.382 - INFO: Done processing query and sending result, total time was 672 ms
2026-09-28 20:57:54.401 - INFO: 
2026-09-28 20:57:54.401 - INFO: Request received via GET, no content type specified
2026-09-28 20:57:54.401 - INFO: Processing command "clear-cache": clear the cache (unpinned elements only)
2026-09-28 20:57:54.418 - INFO: 
2026-09-28 20:57:54.418 - INFO: Request received via POST, content type "application/x-www-form-urlencoded"
2026-09-28 20:57:54.419 - INFO: Processing the following SPARQL query:
# Tier H — size-sweep
# Goal: isolate export cost from query-planning cost. Raise the year bound
# across runs, for example 1970, 1990, 2010, and 2023.
PREFIX dblp: <https://dblp.org/rdf/schema#>

CONSTRUCT { ?s ?p ?o }
WHERE {
  ?s a dblp:Publication ;
     dblp:yearOfPublication ?year ;
     ?p ?o .
  FILTER(?year <= "1970"^^<http://www.w3.org/2001/XMLSchema#gYear>)
}

2026-09-28 20:57:54.419 - INFO: Requested media types of the result are: "text/turtle"
2026-09-28 20:57:54.420 - INFO: Query planning done in 1 ms
2026-09-28 20:57:54.438 - INFO: Result has unknown size (not computed yet)
2026-09-28 20:57:55.005 - INFO: Done processing query and sending result, total time was 586 ms
2026-09-28 20:57:55.024 - INFO: 
2026-09-28 20:57:55.024 - INFO: Request received via GET, no content type specified
2026-09-28 20:57:55.024 - INFO: Processing command "clear-cache": clear the cache (unpinned elements only)
2026-09-28 20:57:55.042 - INFO: 
2026-09-28 20:57:55.042 - INFO: Request received via POST, content type "application/x-www-form-urlencoded"
2026-09-28 20:57:55.042 - INFO: Processing the following SPARQL query:
# Tier H — size-sweep
# Goal: isolate export cost from query-planning cost. Raise the year bound
# across runs, for example 1970, 1990, 2010, and 2023.
PREFIX dblp: <https://dblp.org/rdf/schema#>

CONSTRUCT { ?s ?p ?o }
WHERE {
  ?s a dblp:Publication ;
     dblp:yearOfPublication ?year ;
     ?p ?o .
  FILTER(?year <= "1970"^^<http://www.w3.org/2001/XMLSchema#gYear>)
}

2026-09-28 20:57:55.042 - INFO: Requested media types of the result are: "text/turtle"
2026-09-28 20:57:55.043 - INFO: Query planning done in 1 ms
2026-09-28 20:57:55.061 - INFO: Result has unknown size (not computed yet)
2026-09-28 20:57:55.629 - INFO: Done processing query and sending result, total time was 586 ms
2026-09-28 20:57:55.647 - INFO: 
2026-09-28 20:57:55.647 - INFO: Request received via GET, no content type specified
2026-09-28 20:57:55.647 - INFO: Processing command "clear-cache": clear the cache (unpinned elements only)
2026-09-28 20:57:55.665 - INFO: 
2026-09-28 20:57:55.665 - INFO: Request received via POST, content type "application/x-www-form-urlencoded"
2026-09-28 20:57:55.666 - INFO: Processing the following SPARQL query:
# Tier H — size-sweep
# Goal: isolate export cost from query-planning cost. Raise the year bound
# across runs, for example 1970, 1990, 2010, and 2023.
PREFIX dblp: <https://dblp.org/rdf/schema#>

CONSTRUCT { ?s ?p ?o }
WHERE {
  ?s a dblp:Publication ;
     dblp:yearOfPublication ?year ;
     ?p ?o .
  FILTER(?year <= "1970"^^<http://www.w3.org/2001/XMLSchema#gYear>)
}

2026-09-28 20:57:55.666 - INFO: Requested media types of the result are: "text/turtle"
2026-09-28 20:57:55.667 - INFO: Query planning done in 1 ms
2026-09-28 20:57:55.686 - INFO: Result has unknown size (not computed yet)
2026-09-28 20:57:56.253 - INFO: Done processing query and sending result, total time was 588 ms
2026-09-28 20:57:56.272 - INFO: 
2026-09-28 20:57:56.272 - INFO: Request received via GET, no content type specified
2026-09-28 20:57:56.272 - INFO: Processing command "clear-cache": clear the cache (unpinned elements only)
2026-09-28 20:57:56.305 - INFO: 
2026-09-28 20:57:56.305 - INFO: Request received via POST, content type "application/x-www-form-urlencoded"
2026-09-28 20:57:56.305 - INFO: Processing the following SPARQL query:
# Tier H — size-sweep
# Goal: isolate export cost from query-planning cost. Raise the year bound
# across runs, for example 1970, 1990, 2010, and 2023.
PREFIX dblp: <https://dblp.org/rdf/schema#>

CONSTRUCT { ?s ?p ?o }
WHERE {
  ?s a dblp:Publication ;
     dblp:yearOfPublication ?year ;
     ?p ?o .
  FILTER(?year <= "1970"^^<http://www.w3.org/2001/XMLSchema#gYear>)
}

2026-09-28 20:57:56.305 - INFO: Requested media types of the result are: "text/turtle"
2026-09-28 20:57:56.306 - INFO: Query planning done in 1 ms
2026-09-28 20:57:56.324 - INFO: Result has unknown size (not computed yet)
2026-09-28 20:57:56.893 - INFO: Done processing query and sending result, total time was 587 ms
2026-09-28 20:57:56.912 - INFO: 
2026-09-28 20:57:56.912 - INFO: Request received via GET, no content type specified
2026-09-28 20:57:56.912 - INFO: Processing command "clear-cache": clear the cache (unpinned elements only)
2026-09-28 20:57:56.930 - INFO: 
2026-09-28 20:57:56.930 - INFO: Request received via POST, content type "application/x-www-form-urlencoded"
2026-09-28 20:57:56.930 - INFO: Processing the following SPARQL query:
# Tier H — size-sweep
# Goal: isolate export cost from query-planning cost. Raise the year bound
# across runs, for example 1970, 1990, 2010, and 2023.
PREFIX dblp: <https://dblp.org/rdf/schema#>

CONSTRUCT { ?s ?p ?o }
WHERE {
  ?s a dblp:Publication ;
     dblp:yearOfPublication ?year ;
     ?p ?o .
  FILTER(?year <= "1970"^^<http://www.w3.org/2001/XMLSchema#gYear>)
}

2026-09-28 20:57:56.930 - INFO: Requested media types of the result are: "text/turtle"
2026-09-28 20:57:56.931 - INFO: Query planning done in 1 ms
2026-09-28 20:57:56.949 - INFO: Result has unknown size (not computed yet)
2026-09-28 20:57:57.515 - INFO: Done processing query and sending result, total time was 585 ms
2026-09-28 20:57:57.534 - INFO: 
2026-09-28 20:57:57.534 - INFO: Request received via GET, no content type specified
2026-09-28 20:57:57.534 - INFO: Processing command "clear-cache": clear the cache (unpinned elements only)
2026-09-28 20:57:57.552 - INFO: 
2026-09-28 20:57:57.552 - INFO: Request received via POST, content type "application/x-www-form-urlencoded"
2026-09-28 20:57:57.552 - INFO: Processing the following SPARQL query:
# Tier H — size-sweep
# Goal: isolate export cost from query-planning cost. Raise the year bound
# across runs, for example 1970, 1990, 2010, and 2023.
PREFIX dblp: <https://dblp.org/rdf/schema#>

CONSTRUCT { ?s ?p ?o }
WHERE {
  ?s a dblp:Publication ;
     dblp:yearOfPublication ?year ;
     ?p ?o .
  FILTER(?year <= "1970"^^<http://www.w3.org/2001/XMLSchema#gYear>)
}

2026-09-28 20:57:57.552 - INFO: Requested media types of the result are: "text/turtle"
2026-09-28 20:57:57.553 - INFO: Query planning done in 1 ms
2026-09-28 20:57:57.573 - INFO: Result has unknown size (not computed yet)
2026-09-28 20:57:58.138 - INFO: Done processing query and sending result, total time was 586 ms
2026-09-28 20:57:58.157 - INFO: 
2026-09-28 20:57:58.157 - INFO: Request received via GET, no content type specified
2026-09-28 20:57:58.157 - INFO: Processing command "clear-cache": clear the cache (unpinned elements only)
2026-09-28 20:57:58.175 - INFO: 
2026-09-28 20:57:58.175 - INFO: Request received via POST, content type "application/x-www-form-urlencoded"
2026-09-28 20:57:58.175 - INFO: Processing the following SPARQL query:
# Tier H — size-sweep
# Goal: isolate export cost from query-planning cost. Raise the year bound
# across runs, for example 1970, 1990, 2010, and 2023.
PREFIX dblp: <https://dblp.org/rdf/schema#>

CONSTRUCT { ?s ?p ?o }
WHERE {
  ?s a dblp:Publication ;
     dblp:yearOfPublication ?year ;
     ?p ?o .
  FILTER(?year <= "1970"^^<http://www.w3.org/2001/XMLSchema#gYear>)
}

2026-09-28 20:57:58.175 - INFO: Requested media types of the result are: "text/turtle"
2026-09-28 20:57:58.176 - INFO: Query planning done in 1 ms
2026-09-28 20:57:58.194 - INFO: Result has unknown size (not computed yet)
2026-09-28 20:57:58.760 - INFO: Done processing query and sending result, total time was 585 ms
2026-09-28 20:57:58.779 - INFO: 
2026-09-28 20:57:58.779 - INFO: Request received via GET, no content type specified
2026-09-28 20:57:58.779 - INFO: Processing command "clear-cache": clear the cache (unpinned elements only)
2026-09-28 20:57:58.797 - INFO: 
2026-09-28 20:57:58.797 - INFO: Request received via POST, content type "application/x-www-form-urlencoded"
2026-09-28 20:57:58.797 - INFO: Processing the following SPARQL query:
# Tier H — size-sweep
# Goal: isolate export cost from query-planning cost. Raise the year bound
# across runs, for example 1970, 1990, 2010, and 2023.
PREFIX dblp: <https://dblp.org/rdf/schema#>

CONSTRUCT { ?s ?p ?o }
WHERE {
  ?s a dblp:Publication ;
     dblp:yearOfPublication ?year ;
     ?p ?o .
  FILTER(?year <= "1970"^^<http://www.w3.org/2001/XMLSchema#gYear>)
}

2026-09-28 20:57:58.797 - INFO: Requested media types of the result are: "text/turtle"
2026-09-28 20:57:58.798 - INFO: Query planning done in 1 ms
2026-09-28 20:57:58.816 - INFO: Result has unknown size (not computed yet)
2026-09-28 20:57:59.382 - INFO: Done processing query and sending result, total time was 584 ms
2026-09-28 20:57:59.400 - INFO: 
2026-09-28 20:57:59.400 - INFO: Request received via GET, no content type specified
2026-09-28 20:57:59.400 - INFO: Processing command "clear-cache": clear the cache (unpinned elements only)
2026-09-28 20:57:59.418 - INFO: 
2026-09-28 20:57:59.418 - INFO: Request received via POST, content type "application/x-www-form-urlencoded"
2026-09-28 20:57:59.419 - INFO: Processing the following SPARQL query:
# Tier H — size-sweep
# Goal: isolate export cost from query-planning cost. Raise the year bound
# across runs, for example 1970, 1990, 2010, and 2023.
PREFIX dblp: <https://dblp.org/rdf/schema#>

CONSTRUCT { ?s ?p ?o }
WHERE {
  ?s a dblp:Publication ;
     dblp:yearOfPublication ?year ;
     ?p ?o .
  FILTER(?year <= "1970"^^<http://www.w3.org/2001/XMLSchema#gYear>)
}

2026-09-28 20:57:59.419 - INFO: Requested media types of the result are: "text/turtle"
2026-09-28 20:57:59.420 - INFO: Query planning done in 1 ms
2026-09-28 20:57:59.440 - INFO: Result has unknown size (not computed yet)
2026-09-28 20:58:00.011 - INFO: Done processing query and sending result, total time was 592 ms
2026-09-28 20:58:00.030 - INFO: 
2026-09-28 20:58:00.030 - INFO: Request received via GET, no content type specified
2026-09-28 20:58:00.030 - INFO: Processing command "clear-cache": clear the cache (unpinned elements only)
2026-09-28 20:58:00.048 - INFO: 
2026-09-28 20:58:00.048 - INFO: Request received via POST, content type "application/x-www-form-urlencoded"
2026-09-28 20:58:00.048 - INFO: Processing the following SPARQL query:
# Tier H — size-sweep
# Goal: isolate export cost from query-planning cost. Raise the year bound
# across runs, for example 1970, 1990, 2010, and 2023.
PREFIX dblp: <https://dblp.org/rdf/schema#>

CONSTRUCT { ?s ?p ?o }
WHERE {
  ?s a dblp:Publication ;
     dblp:yearOfPublication ?year ;
     ?p ?o .
  FILTER(?year <= "1970"^^<http://www.w3.org/2001/XMLSchema#gYear>)
}

2026-09-28 20:58:00.048 - INFO: Requested media types of the result are: "text/turtle"
2026-09-28 20:58:00.049 - INFO: Query planning done in 1 ms
2026-09-28 20:58:00.067 - INFO: Result has unknown size (not computed yet)
2026-09-28 20:58:00.636 - INFO: Done processing query and sending result, total time was 588 ms
2026-09-28 20:58:00.655 - INFO: 
2026-09-28 20:58:00.655 - INFO: Request received via GET, no content type specified
2026-09-28 20:58:00.655 - INFO: Processing command "clear-cache": clear the cache (unpinned elements only)
2026-09-28 20:58:00.681 - INFO: 
2026-09-28 20:58:00.681 - INFO: Request received via POST, content type "application/x-www-form-urlencoded"
2026-09-28 20:58:00.681 - INFO: Processing the following SPARQL query:
# Tier H — size-sweep
# Goal: isolate export cost from query-planning cost. Raise the year bound
# across runs, for example 1970, 1990, 2010, and 2023.
PREFIX dblp: <https://dblp.org/rdf/schema#>

CONSTRUCT { ?s ?p ?o }
WHERE {
  ?s a dblp:Publication ;
     dblp:yearOfPublication ?year ;
     ?p ?o .
  FILTER(?year <= "1970"^^<http://www.w3.org/2001/XMLSchema#gYear>)
}

2026-09-28 20:58:00.681 - INFO: Requested media types of the result are: "text/turtle"
2026-09-28 20:58:00.683 - INFO: Query planning done in 1 ms
2026-09-28 20:58:00.705 - INFO: Result has unknown size (not computed yet)
2026-09-28 20:58:01.354 - INFO: Done processing query and sending result, total time was 672 ms
2026-09-28 20:58:37.715 - INFO: 
2026-09-28 20:58:37.715 - INFO: Request received via GET, no content type specified
2026-09-28 20:58:37.715 - INFO: Processing command "clear-cache": clear the cache (unpinned elements only)
2026-09-28 20:58:37.733 - INFO: 
2026-09-28 20:58:37.733 - INFO: Request received via POST, content type "application/x-www-form-urlencoded"
2026-09-28 20:58:37.733 - INFO: Processing the following SPARQL query:
# Tier H — size-sweep
# Goal: isolate export cost from query-planning cost. Raise the year bound
# across runs, for example 1970, 1990, 2010, and 2023.
PREFIX dblp: <https://dblp.org/rdf/schema#>

CONSTRUCT { ?s ?p ?o }
WHERE {
  ?s a dblp:Publication ;
     dblp:yearOfPublication ?year ;
     ?p ?o .
  FILTER(?year <= "1970"^^<http://www.w3.org/2001/XMLSchema#gYear>)
}

2026-09-28 20:58:37.733 - INFO: Requested media types of the result are: "text/turtle"
2026-09-28 20:58:37.734 - INFO: Query planning done in 1 ms
2026-09-28 20:58:37.753 - INFO: Result has unknown size (not computed yet)
2026-09-28 20:58:38.330 - INFO: Done processing query and sending result, total time was 596 ms
2026-09-28 20:58:38.349 - INFO: 
2026-09-28 20:58:38.349 - INFO: Request received via GET, no content type specified
2026-09-28 20:58:38.349 - INFO: Processing command "clear-cache": clear the cache (unpinned elements only)
2026-09-28 20:58:38.367 - INFO: 
2026-09-28 20:58:38.367 - INFO: Request received via POST, content type "application/x-www-form-urlencoded"
2026-09-28 20:58:38.367 - INFO: Processing the following SPARQL query:
# Tier H — size-sweep
# Goal: isolate export cost from query-planning cost. Raise the year bound
# across runs, for example 1970, 1990, 2010, and 2023.
PREFIX dblp: <https://dblp.org/rdf/schema#>

CONSTRUCT { ?s ?p ?o }
WHERE {
  ?s a dblp:Publication ;
     dblp:yearOfPublication ?year ;
     ?p ?o .
  FILTER(?year <= "1970"^^<http://www.w3.org/2001/XMLSchema#gYear>)
}

2026-09-28 20:58:38.367 - INFO: Requested media types of the result are: "text/turtle"
2026-09-28 20:58:38.368 - INFO: Query planning done in 1 ms
2026-09-28 20:58:38.387 - INFO: Result has unknown size (not computed yet)
2026-09-28 20:58:38.957 - INFO: Done processing query and sending result, total time was 589 ms
2026-09-28 20:58:38.975 - INFO: 
2026-09-28 20:58:38.975 - INFO: Request received via GET, no content type specified
2026-09-28 20:58:38.975 - INFO: Processing command "clear-cache": clear the cache (unpinned elements only)
2026-09-28 20:58:38.993 - INFO: 
2026-09-28 20:58:38.994 - INFO: Request received via POST, content type "application/x-www-form-urlencoded"
2026-09-28 20:58:38.994 - INFO: Processing the following SPARQL query:
# Tier H — size-sweep
# Goal: isolate export cost from query-planning cost. Raise the year bound
# across runs, for example 1970, 1990, 2010, and 2023.
PREFIX dblp: <https://dblp.org/rdf/schema#>

CONSTRUCT { ?s ?p ?o }
WHERE {
  ?s a dblp:Publication ;
     dblp:yearOfPublication ?year ;
     ?p ?o .
  FILTER(?year <= "1970"^^<http://www.w3.org/2001/XMLSchema#gYear>)
}

2026-09-28 20:58:38.994 - INFO: Requested media types of the result are: "text/turtle"
2026-09-28 20:58:38.995 - INFO: Query planning done in 1 ms
2026-09-28 20:58:39.014 - INFO: Result has unknown size (not computed yet)
2026-09-28 20:58:39.577 - INFO: Done processing query and sending result, total time was 583 ms
2026-09-28 20:58:39.595 - INFO: 
2026-09-28 20:58:39.595 - INFO: Request received via GET, no content type specified
2026-09-28 20:58:39.595 - INFO: Processing command "clear-cache": clear the cache (unpinned elements only)
2026-09-28 20:58:39.613 - INFO: 
2026-09-28 20:58:39.613 - INFO: Request received via POST, content type "application/x-www-form-urlencoded"
2026-09-28 20:58:39.614 - INFO: Processing the following SPARQL query:
# Tier H — size-sweep
# Goal: isolate export cost from query-planning cost. Raise the year bound
# across runs, for example 1970, 1990, 2010, and 2023.
PREFIX dblp: <https://dblp.org/rdf/schema#>

CONSTRUCT { ?s ?p ?o }
WHERE {
  ?s a dblp:Publication ;
     dblp:yearOfPublication ?year ;
     ?p ?o .
  FILTER(?year <= "1970"^^<http://www.w3.org/2001/XMLSchema#gYear>)
}

2026-09-28 20:58:39.614 - INFO: Requested media types of the result are: "text/turtle"
2026-09-28 20:58:39.615 - INFO: Query planning done in 1 ms
2026-09-28 20:58:39.633 - INFO: Result has unknown size (not computed yet)
2026-09-28 20:58:40.200 - INFO: Done processing query and sending result, total time was 586 ms
2026-09-28 20:58:40.219 - INFO: 
2026-09-28 20:58:40.219 - INFO: Request received via GET, no content type specified
2026-09-28 20:58:40.219 - INFO: Processing command "clear-cache": clear the cache (unpinned elements only)
2026-09-28 20:58:40.237 - INFO: 
2026-09-28 20:58:40.237 - INFO: Request received via POST, content type "application/x-www-form-urlencoded"
2026-09-28 20:58:40.237 - INFO: Processing the following SPARQL query:
# Tier H — size-sweep
# Goal: isolate export cost from query-planning cost. Raise the year bound
# across runs, for example 1970, 1990, 2010, and 2023.
PREFIX dblp: <https://dblp.org/rdf/schema#>

CONSTRUCT { ?s ?p ?o }
WHERE {
  ?s a dblp:Publication ;
     dblp:yearOfPublication ?year ;
     ?p ?o .
  FILTER(?year <= "1970"^^<http://www.w3.org/2001/XMLSchema#gYear>)
}

2026-09-28 20:58:40.237 - INFO: Requested media types of the result are: "text/turtle"
2026-09-28 20:58:40.239 - INFO: Query planning done in 1 ms
2026-09-28 20:58:40.257 - INFO: Result has unknown size (not computed yet)
2026-09-28 20:58:40.904 - INFO: Done processing query and sending result, total time was 667 ms
2026-09-28 20:58:40.923 - INFO: 
2026-09-28 20:58:40.923 - INFO: Request received via GET, no content type specified
2026-09-28 20:58:40.923 - INFO: Processing command "clear-cache": clear the cache (unpinned elements only)
2026-09-28 20:58:40.941 - INFO: 
2026-09-28 20:58:40.941 - INFO: Request received via POST, content type "application/x-www-form-urlencoded"
2026-09-28 20:58:40.941 - INFO: Processing the following SPARQL query:
# Tier H — size-sweep
# Goal: isolate export cost from query-planning cost. Raise the year bound
# across runs, for example 1970, 1990, 2010, and 2023.
PREFIX dblp: <https://dblp.org/rdf/schema#>

CONSTRUCT { ?s ?p ?o }
WHERE {
  ?s a dblp:Publication ;
     dblp:yearOfPublication ?year ;
     ?p ?o .
  FILTER(?year <= "1970"^^<http://www.w3.org/2001/XMLSchema#gYear>)
}

2026-09-28 20:58:40.941 - INFO: Requested media types of the result are: "text/turtle"
2026-09-28 20:58:40.942 - INFO: Query planning done in 1 ms
2026-09-28 20:58:40.961 - INFO: Result has unknown size (not computed yet)
2026-09-28 20:58:41.527 - INFO: Done processing query and sending result, total time was 585 ms
2026-09-28 20:58:41.546 - INFO: 
2026-09-28 20:58:41.546 - INFO: Request received via GET, no content type specified
2026-09-28 20:58:41.546 - INFO: Processing command "clear-cache": clear the cache (unpinned elements only)
2026-09-28 20:58:41.564 - INFO: 
2026-09-28 20:58:41.564 - INFO: Request received via POST, content type "application/x-www-form-urlencoded"
2026-09-28 20:58:41.565 - INFO: Processing the following SPARQL query:
# Tier H — size-sweep
# Goal: isolate export cost from query-planning cost. Raise the year bound
# across runs, for example 1970, 1990, 2010, and 2023.
PREFIX dblp: <https://dblp.org/rdf/schema#>

CONSTRUCT { ?s ?p ?o }
WHERE {
  ?s a dblp:Publication ;
     dblp:yearOfPublication ?year ;
     ?p ?o .
  FILTER(?year <= "1970"^^<http://www.w3.org/2001/XMLSchema#gYear>)
}

2026-09-28 20:58:41.565 - INFO: Requested media types of the result are: "text/turtle"
2026-09-28 20:58:41.566 - INFO: Query planning done in 1 ms
2026-09-28 20:58:41.585 - INFO: Result has unknown size (not computed yet)
2026-09-28 20:58:42.151 - INFO: Done processing query and sending result, total time was 586 ms
2026-09-28 20:58:42.170 - INFO: 
2026-09-28 20:58:42.170 - INFO: Request received via GET, no content type specified
2026-09-28 20:58:42.170 - INFO: Processing command "clear-cache": clear the cache (unpinned elements only)
2026-09-28 20:58:42.188 - INFO: 
2026-09-28 20:58:42.188 - INFO: Request received via POST, content type "application/x-www-form-urlencoded"
2026-09-28 20:58:42.188 - INFO: Processing the following SPARQL query:
# Tier H — size-sweep
# Goal: isolate export cost from query-planning cost. Raise the year bound
# across runs, for example 1970, 1990, 2010, and 2023.
PREFIX dblp: <https://dblp.org/rdf/schema#>

CONSTRUCT { ?s ?p ?o }
WHERE {
  ?s a dblp:Publication ;
     dblp:yearOfPublication ?year ;
     ?p ?o .
  FILTER(?year <= "1970"^^<http://www.w3.org/2001/XMLSchema#gYear>)
}

2026-09-28 20:58:42.188 - INFO: Requested media types of the result are: "text/turtle"
2026-09-28 20:58:42.189 - INFO: Query planning done in 1 ms
2026-09-28 20:58:42.207 - INFO: Result has unknown size (not computed yet)
2026-09-28 20:58:42.776 - INFO: Done processing query and sending result, total time was 587 ms
2026-09-28 20:58:42.795 - INFO: 
2026-09-28 20:58:42.795 - INFO: Request received via GET, no content type specified
2026-09-28 20:58:42.795 - INFO: Processing command "clear-cache": clear the cache (unpinned elements only)
2026-09-28 20:58:42.813 - INFO: 
2026-09-28 20:58:42.813 - INFO: Request received via POST, content type "application/x-www-form-urlencoded"
2026-09-28 20:58:42.813 - INFO: Processing the following SPARQL query:
# Tier H — size-sweep
# Goal: isolate export cost from query-planning cost. Raise the year bound
# across runs, for example 1970, 1990, 2010, and 2023.
PREFIX dblp: <https://dblp.org/rdf/schema#>

CONSTRUCT { ?s ?p ?o }
WHERE {
  ?s a dblp:Publication ;
     dblp:yearOfPublication ?year ;
     ?p ?o .
  FILTER(?year <= "1970"^^<http://www.w3.org/2001/XMLSchema#gYear>)
}

2026-09-28 20:58:42.813 - INFO: Requested media types of the result are: "text/turtle"
2026-09-28 20:58:42.814 - INFO: Query planning done in 1 ms
2026-09-28 20:58:42.833 - INFO: Result has unknown size (not computed yet)
2026-09-28 20:58:43.398 - INFO: Done processing query and sending result, total time was 585 ms
2026-09-28 20:58:43.417 - INFO: 
2026-09-28 20:58:43.417 - INFO: Request received via GET, no content type specified
2026-09-28 20:58:43.417 - INFO: Processing command "clear-cache": clear the cache (unpinned elements only)
2026-09-28 20:58:43.435 - INFO: 
2026-09-28 20:58:43.435 - INFO: Request received via POST, content type "application/x-www-form-urlencoded"
2026-09-28 20:58:43.436 - INFO: Processing the following SPARQL query:
# Tier H — size-sweep
# Goal: isolate export cost from query-planning cost. Raise the year bound
# across runs, for example 1970, 1990, 2010, and 2023.
PREFIX dblp: <https://dblp.org/rdf/schema#>

CONSTRUCT { ?s ?p ?o }
WHERE {
  ?s a dblp:Publication ;
     dblp:yearOfPublication ?year ;
     ?p ?o .
  FILTER(?year <= "1970"^^<http://www.w3.org/2001/XMLSchema#gYear>)
}

2026-09-28 20:58:43.436 - INFO: Requested media types of the result are: "text/turtle"
2026-09-28 20:58:43.437 - INFO: Query planning done in 1 ms
2026-09-28 20:58:43.456 - INFO: Result has unknown size (not computed yet)
2026-09-28 20:58:44.019 - INFO: Done processing query and sending result, total time was 583 ms
2026-09-28 20:58:44.038 - INFO: 
2026-09-28 20:58:44.038 - INFO: Request received via GET, no content type specified
2026-09-28 20:58:44.038 - INFO: Processing command "clear-cache": clear the cache (unpinned elements only)
2026-09-28 20:58:44.056 - INFO: 
2026-09-28 20:58:44.056 - INFO: Request received via POST, content type "application/x-www-form-urlencoded"
2026-09-28 20:58:44.056 - INFO: Processing the following SPARQL query:
# Tier H — size-sweep
# Goal: isolate export cost from query-planning cost. Raise the year bound
# across runs, for example 1970, 1990, 2010, and 2023.
PREFIX dblp: <https://dblp.org/rdf/schema#>

CONSTRUCT { ?s ?p ?o }
WHERE {
  ?s a dblp:Publication ;
     dblp:yearOfPublication ?year ;
     ?p ?o .
  FILTER(?year <= "1970"^^<http://www.w3.org/2001/XMLSchema#gYear>)
}

2026-09-28 20:58:44.056 - INFO: Requested media types of the result are: "text/turtle"
2026-09-28 20:58:44.058 - INFO: Query planning done in 1 ms
2026-09-28 20:58:44.077 - INFO: Result has unknown size (not computed yet)
2026-09-28 20:58:44.645 - INFO: Done processing query and sending result, total time was 589 ms
2026-09-28 20:58:44.664 - INFO: 
2026-09-28 20:58:44.664 - INFO: Request received via GET, no content type specified
2026-09-28 20:58:44.664 - INFO: Processing command "clear-cache": clear the cache (unpinned elements only)
2026-09-28 20:58:44.682 - INFO: 
2026-09-28 20:58:44.682 - INFO: Request received via POST, content type "application/x-www-form-urlencoded"
2026-09-28 20:58:44.682 - INFO: Processing the following SPARQL query:
# Tier H — size-sweep
# Goal: isolate export cost from query-planning cost. Raise the year bound
# across runs, for example 1970, 1990, 2010, and 2023.
PREFIX dblp: <https://dblp.org/rdf/schema#>

CONSTRUCT { ?s ?p ?o }
WHERE {
  ?s a dblp:Publication ;
     dblp:yearOfPublication ?year ;
     ?p ?o .
  FILTER(?year <= "1970"^^<http://www.w3.org/2001/XMLSchema#gYear>)
}

2026-09-28 20:58:44.682 - INFO: Requested media types of the result are: "text/turtle"
2026-09-28 20:58:44.684 - INFO: Query planning done in 1 ms
2026-09-28 20:58:44.702 - INFO: Result has unknown size (not computed yet)
2026-09-28 20:58:45.267 - INFO: Done processing query and sending result, total time was 585 ms
2026-09-28 20:58:45.286 - INFO: 
2026-09-28 20:58:45.286 - INFO: Request received via GET, no content type specified
2026-09-28 20:58:45.286 - INFO: Processing command "clear-cache": clear the cache (unpinned elements only)
2026-09-28 20:58:45.312 - INFO: 
2026-09-28 20:58:45.312 - INFO: Request received via POST, content type "application/x-www-form-urlencoded"
2026-09-28 20:58:45.312 - INFO: Processing the following SPARQL query:
# Tier H — size-sweep
# Goal: isolate export cost from query-planning cost. Raise the year bound
# across runs, for example 1970, 1990, 2010, and 2023.
PREFIX dblp: <https://dblp.org/rdf/schema#>

CONSTRUCT { ?s ?p ?o }
WHERE {
  ?s a dblp:Publication ;
     dblp:yearOfPublication ?year ;
     ?p ?o .
  FILTER(?year <= "1970"^^<http://www.w3.org/2001/XMLSchema#gYear>)
}

2026-09-28 20:58:45.312 - INFO: Requested media types of the result are: "text/turtle"
2026-09-28 20:58:45.313 - INFO: Query planning done in 1 ms
2026-09-28 20:58:45.333 - INFO: Result has unknown size (not computed yet)
2026-09-28 20:58:45.902 - INFO: Done processing query and sending result, total time was 589 ms
2026-09-28 20:59:22.752 - INFO: 
2026-09-28 20:59:22.752 - INFO: Request received via GET, no content type specified
2026-09-28 20:59:22.752 - INFO: Processing command "clear-cache": clear the cache (unpinned elements only)
2026-09-28 20:59:22.770 - INFO: 
2026-09-28 20:59:22.770 - INFO: Request received via POST, content type "application/x-www-form-urlencoded"
2026-09-28 20:59:22.770 - INFO: Processing the following SPARQL query:
# Tier H — size-sweep
# Goal: isolate export cost from query-planning cost. Raise the year bound
# across runs, for example 1970, 1990, 2010, and 2023.
PREFIX dblp: <https://dblp.org/rdf/schema#>

CONSTRUCT { ?s ?p ?o }
WHERE {
  ?s a dblp:Publication ;
     dblp:yearOfPublication ?year ;
     ?p ?o .
  FILTER(?year <= "1970"^^<http://www.w3.org/2001/XMLSchema#gYear>)
}

2026-09-28 20:59:22.770 - INFO: Requested media types of the result are: "text/turtle"
2026-09-28 20:59:22.771 - INFO: Query planning done in 1 ms
2026-09-28 20:59:22.791 - INFO: Result has unknown size (not computed yet)
2026-09-28 20:59:23.387 - INFO: Done processing query and sending result, total time was 617 ms
2026-09-28 20:59:23.406 - INFO: 
2026-09-28 20:59:23.406 - INFO: Request received via GET, no content type specified
2026-09-28 20:59:23.406 - INFO: Processing command "clear-cache": clear the cache (unpinned elements only)
2026-09-28 20:59:23.424 - INFO: 
2026-09-28 20:59:23.424 - INFO: Request received via POST, content type "application/x-www-form-urlencoded"
2026-09-28 20:59:23.424 - INFO: Processing the following SPARQL query:
# Tier H — size-sweep
# Goal: isolate export cost from query-planning cost. Raise the year bound
# across runs, for example 1970, 1990, 2010, and 2023.
PREFIX dblp: <https://dblp.org/rdf/schema#>

CONSTRUCT { ?s ?p ?o }
WHERE {
  ?s a dblp:Publication ;
     dblp:yearOfPublication ?year ;
     ?p ?o .
  FILTER(?year <= "1970"^^<http://www.w3.org/2001/XMLSchema#gYear>)
}

2026-09-28 20:59:23.424 - INFO: Requested media types of the result are: "text/turtle"
2026-09-28 20:59:23.425 - INFO: Query planning done in 1 ms
2026-09-28 20:59:23.444 - INFO: Result has unknown size (not computed yet)
2026-09-28 20:59:24.017 - INFO: Done processing query and sending result, total time was 593 ms
2026-09-28 20:59:24.036 - INFO: 
2026-09-28 20:59:24.036 - INFO: Request received via GET, no content type specified
2026-09-28 20:59:24.036 - INFO: Processing command "clear-cache": clear the cache (unpinned elements only)
2026-09-28 20:59:24.054 - INFO: 
2026-09-28 20:59:24.054 - INFO: Request received via POST, content type "application/x-www-form-urlencoded"
2026-09-28 20:59:24.055 - INFO: Processing the following SPARQL query:
# Tier H — size-sweep
# Goal: isolate export cost from query-planning cost. Raise the year bound
# across runs, for example 1970, 1990, 2010, and 2023.
PREFIX dblp: <https://dblp.org/rdf/schema#>

CONSTRUCT { ?s ?p ?o }
WHERE {
  ?s a dblp:Publication ;
     dblp:yearOfPublication ?year ;
     ?p ?o .
  FILTER(?year <= "1970"^^<http://www.w3.org/2001/XMLSchema#gYear>)
}

2026-09-28 20:59:24.055 - INFO: Requested media types of the result are: "text/turtle"
2026-09-28 20:59:24.056 - INFO: Query planning done in 1 ms
2026-09-28 20:59:24.075 - INFO: Result has unknown size (not computed yet)
2026-09-28 20:59:24.638 - INFO: Done processing query and sending result, total time was 583 ms
2026-09-28 20:59:24.657 - INFO: 
2026-09-28 20:59:24.657 - INFO: Request received via GET, no content type specified
2026-09-28 20:59:24.657 - INFO: Processing command "clear-cache": clear the cache (unpinned elements only)
2026-09-28 20:59:24.675 - INFO: 
2026-09-28 20:59:24.675 - INFO: Request received via POST, content type "application/x-www-form-urlencoded"
2026-09-28 20:59:24.675 - INFO: Processing the following SPARQL query:
# Tier H — size-sweep
# Goal: isolate export cost from query-planning cost. Raise the year bound
# across runs, for example 1970, 1990, 2010, and 2023.
PREFIX dblp: <https://dblp.org/rdf/schema#>

CONSTRUCT { ?s ?p ?o }
WHERE {
  ?s a dblp:Publication ;
     dblp:yearOfPublication ?year ;
     ?p ?o .
  FILTER(?year <= "1970"^^<http://www.w3.org/2001/XMLSchema#gYear>)
}

2026-09-28 20:59:24.675 - INFO: Requested media types of the result are: "text/turtle"
2026-09-28 20:59:24.676 - INFO: Query planning done in 1 ms
2026-09-28 20:59:24.696 - INFO: Result has unknown size (not computed yet)
2026-09-28 20:59:25.261 - INFO: Done processing query and sending result, total time was 586 ms
2026-09-28 20:59:25.280 - INFO: 
2026-09-28 20:59:25.280 - INFO: Request received via GET, no content type specified
2026-09-28 20:59:25.281 - INFO: Processing command "clear-cache": clear the cache (unpinned elements only)
2026-09-28 20:59:25.298 - INFO: 
2026-09-28 20:59:25.298 - INFO: Request received via POST, content type "application/x-www-form-urlencoded"
2026-09-28 20:59:25.299 - INFO: Processing the following SPARQL query:
# Tier H — size-sweep
# Goal: isolate export cost from query-planning cost. Raise the year bound
# across runs, for example 1970, 1990, 2010, and 2023.
PREFIX dblp: <https://dblp.org/rdf/schema#>

CONSTRUCT { ?s ?p ?o }
WHERE {
  ?s a dblp:Publication ;
     dblp:yearOfPublication ?year ;
     ?p ?o .
  FILTER(?year <= "1970"^^<http://www.w3.org/2001/XMLSchema#gYear>)
}

2026-09-28 20:59:25.299 - INFO: Requested media types of the result are: "text/turtle"
2026-09-28 20:59:25.300 - INFO: Query planning done in 1 ms
2026-09-28 20:59:25.319 - INFO: Result has unknown size (not computed yet)
2026-09-28 20:59:25.882 - INFO: Done processing query and sending result, total time was 583 ms
2026-09-28 20:59:25.901 - INFO: 
2026-09-28 20:59:25.901 - INFO: Request received via GET, no content type specified
2026-09-28 20:59:25.901 - INFO: Processing command "clear-cache": clear the cache (unpinned elements only)
2026-09-28 20:59:25.919 - INFO: 
2026-09-28 20:59:25.919 - INFO: Request received via POST, content type "application/x-www-form-urlencoded"
2026-09-28 20:59:25.919 - INFO: Processing the following SPARQL query:
# Tier H — size-sweep
# Goal: isolate export cost from query-planning cost. Raise the year bound
# across runs, for example 1970, 1990, 2010, and 2023.
PREFIX dblp: <https://dblp.org/rdf/schema#>

CONSTRUCT { ?s ?p ?o }
WHERE {
  ?s a dblp:Publication ;
     dblp:yearOfPublication ?year ;
     ?p ?o .
  FILTER(?year <= "1970"^^<http://www.w3.org/2001/XMLSchema#gYear>)
}

2026-09-28 20:59:25.919 - INFO: Requested media types of the result are: "text/turtle"
2026-09-28 20:59:25.920 - INFO: Query planning done in 1 ms
2026-09-28 20:59:25.939 - INFO: Result has unknown size (not computed yet)
2026-09-28 20:59:26.508 - INFO: Done processing query and sending result, total time was 589 ms
2026-09-28 20:59:26.528 - INFO: 
2026-09-28 20:59:26.528 - INFO: Request received via GET, no content type specified
2026-09-28 20:59:26.528 - INFO: Processing command "clear-cache": clear the cache (unpinned elements only)
2026-09-28 20:59:26.546 - INFO: 
2026-09-28 20:59:26.546 - INFO: Request received via POST, content type "application/x-www-form-urlencoded"
2026-09-28 20:59:26.546 - INFO: Processing the following SPARQL query:
# Tier H — size-sweep
# Goal: isolate export cost from query-planning cost. Raise the year bound
# across runs, for example 1970, 1990, 2010, and 2023.
PREFIX dblp: <https://dblp.org/rdf/schema#>

CONSTRUCT { ?s ?p ?o }
WHERE {
  ?s a dblp:Publication ;
     dblp:yearOfPublication ?year ;
     ?p ?o .
  FILTER(?year <= "1970"^^<http://www.w3.org/2001/XMLSchema#gYear>)
}

2026-09-28 20:59:26.546 - INFO: Requested media types of the result are: "text/turtle"
2026-09-28 20:59:26.547 - INFO: Query planning done in 1 ms
2026-09-28 20:59:26.565 - INFO: Result has unknown size (not computed yet)
2026-09-28 20:59:27.134 - INFO: Done processing query and sending result, total time was 588 ms
2026-09-28 20:59:27.153 - INFO: 
2026-09-28 20:59:27.153 - INFO: Request received via GET, no content type specified
2026-09-28 20:59:27.153 - INFO: Processing command "clear-cache": clear the cache (unpinned elements only)
2026-09-28 20:59:27.171 - INFO: 
2026-09-28 20:59:27.171 - INFO: Request received via POST, content type "application/x-www-form-urlencoded"
2026-09-28 20:59:27.171 - INFO: Processing the following SPARQL query:
# Tier H — size-sweep
# Goal: isolate export cost from query-planning cost. Raise the year bound
# across runs, for example 1970, 1990, 2010, and 2023.
PREFIX dblp: <https://dblp.org/rdf/schema#>

CONSTRUCT { ?s ?p ?o }
WHERE {
  ?s a dblp:Publication ;
     dblp:yearOfPublication ?year ;
     ?p ?o .
  FILTER(?year <= "1970"^^<http://www.w3.org/2001/XMLSchema#gYear>)
}

2026-09-28 20:59:27.171 - INFO: Requested media types of the result are: "text/turtle"
2026-09-28 20:59:27.172 - INFO: Query planning done in 1 ms
2026-09-28 20:59:27.195 - INFO: Result has unknown size (not computed yet)
2026-09-28 20:59:27.762 - INFO: Done processing query and sending result, total time was 590 ms
2026-09-28 20:59:27.781 - INFO: 
2026-09-28 20:59:27.781 - INFO: Request received via GET, no content type specified
2026-09-28 20:59:27.781 - INFO: Processing command "clear-cache": clear the cache (unpinned elements only)
2026-09-28 20:59:27.799 - INFO: 
2026-09-28 20:59:27.799 - INFO: Request received via POST, content type "application/x-www-form-urlencoded"
2026-09-28 20:59:27.799 - INFO: Processing the following SPARQL query:
# Tier H — size-sweep
# Goal: isolate export cost from query-planning cost. Raise the year bound
# across runs, for example 1970, 1990, 2010, and 2023.
PREFIX dblp: <https://dblp.org/rdf/schema#>

CONSTRUCT { ?s ?p ?o }
WHERE {
  ?s a dblp:Publication ;
     dblp:yearOfPublication ?year ;
     ?p ?o .
  FILTER(?year <= "1970"^^<http://www.w3.org/2001/XMLSchema#gYear>)
}

2026-09-28 20:59:27.799 - INFO: Requested media types of the result are: "text/turtle"
2026-09-28 20:59:27.800 - INFO: Query planning done in 1 ms
2026-09-28 20:59:27.818 - INFO: Result has unknown size (not computed yet)
2026-09-28 20:59:28.390 - INFO: Done processing query and sending result, total time was 591 ms
2026-09-28 20:59:28.409 - INFO: 
2026-09-28 20:59:28.409 - INFO: Request received via GET, no content type specified
2026-09-28 20:59:28.409 - INFO: Processing command "clear-cache": clear the cache (unpinned elements only)
2026-09-28 20:59:28.427 - INFO: 
2026-09-28 20:59:28.427 - INFO: Request received via POST, content type "application/x-www-form-urlencoded"
2026-09-28 20:59:28.428 - INFO: Processing the following SPARQL query:
# Tier H — size-sweep
# Goal: isolate export cost from query-planning cost. Raise the year bound
# across runs, for example 1970, 1990, 2010, and 2023.
PREFIX dblp: <https://dblp.org/rdf/schema#>

CONSTRUCT { ?s ?p ?o }
WHERE {
  ?s a dblp:Publication ;
     dblp:yearOfPublication ?year ;
     ?p ?o .
  FILTER(?year <= "1970"^^<http://www.w3.org/2001/XMLSchema#gYear>)
}

2026-09-28 20:59:28.428 - INFO: Requested media types of the result are: "text/turtle"
2026-09-28 20:59:28.429 - INFO: Query planning done in 1 ms
2026-09-28 20:59:28.448 - INFO: Result has unknown size (not computed yet)
2026-09-28 20:59:29.013 - INFO: Done processing query and sending result, total time was 585 ms
2026-09-28 20:59:29.032 - INFO: 
2026-09-28 20:59:29.032 - INFO: Request received via GET, no content type specified
2026-09-28 20:59:29.032 - INFO: Processing command "clear-cache": clear the cache (unpinned elements only)
2026-09-28 20:59:29.050 - INFO: 
2026-09-28 20:59:29.050 - INFO: Request received via POST, content type "application/x-www-form-urlencoded"
2026-09-28 20:59:29.050 - INFO: Processing the following SPARQL query:
# Tier H — size-sweep
# Goal: isolate export cost from query-planning cost. Raise the year bound
# across runs, for example 1970, 1990, 2010, and 2023.
PREFIX dblp: <https://dblp.org/rdf/schema#>

CONSTRUCT { ?s ?p ?o }
WHERE {
  ?s a dblp:Publication ;
     dblp:yearOfPublication ?year ;
     ?p ?o .
  FILTER(?year <= "1970"^^<http://www.w3.org/2001/XMLSchema#gYear>)
}

2026-09-28 20:59:29.050 - INFO: Requested media types of the result are: "text/turtle"
2026-09-28 20:59:29.051 - INFO: Query planning done in 1 ms
2026-09-28 20:59:29.071 - INFO: Result has unknown size (not computed yet)
2026-09-28 20:59:29.634 - INFO: Done processing query and sending result, total time was 583 ms
2026-09-28 20:59:29.652 - INFO: 
2026-09-28 20:59:29.652 - INFO: Request received via GET, no content type specified
2026-09-28 20:59:29.652 - INFO: Processing command "clear-cache": clear the cache (unpinned elements only)
2026-09-28 20:59:29.670 - INFO: 
2026-09-28 20:59:29.670 - INFO: Request received via POST, content type "application/x-www-form-urlencoded"
2026-09-28 20:59:29.671 - INFO: Processing the following SPARQL query:
# Tier H — size-sweep
# Goal: isolate export cost from query-planning cost. Raise the year bound
# across runs, for example 1970, 1990, 2010, and 2023.
PREFIX dblp: <https://dblp.org/rdf/schema#>

CONSTRUCT { ?s ?p ?o }
WHERE {
  ?s a dblp:Publication ;
     dblp:yearOfPublication ?year ;
     ?p ?o .
  FILTER(?year <= "1970"^^<http://www.w3.org/2001/XMLSchema#gYear>)
}

2026-09-28 20:59:29.671 - INFO: Requested media types of the result are: "text/turtle"
2026-09-28 20:59:29.672 - INFO: Query planning done in 1 ms
2026-09-28 20:59:29.690 - INFO: Result has unknown size (not computed yet)
2026-09-28 20:59:30.257 - INFO: Done processing query and sending result, total time was 586 ms
2026-09-28 20:59:30.276 - INFO: 
2026-09-28 20:59:30.276 - INFO: Request received via GET, no content type specified
2026-09-28 20:59:30.276 - INFO: Processing command "clear-cache": clear the cache (unpinned elements only)
2026-09-28 20:59:30.302 - INFO: 
2026-09-28 20:59:30.302 - INFO: Request received via POST, content type "application/x-www-form-urlencoded"
2026-09-28 20:59:30.302 - INFO: Processing the following SPARQL query:
# Tier H — size-sweep
# Goal: isolate export cost from query-planning cost. Raise the year bound
# across runs, for example 1970, 1990, 2010, and 2023.
PREFIX dblp: <https://dblp.org/rdf/schema#>

CONSTRUCT { ?s ?p ?o }
WHERE {
  ?s a dblp:Publication ;
     dblp:yearOfPublication ?year ;
     ?p ?o .
  FILTER(?year <= "1970"^^<http://www.w3.org/2001/XMLSchema#gYear>)
}

2026-09-28 20:59:30.302 - INFO: Requested media types of the result are: "text/turtle"
2026-09-28 20:59:30.303 - INFO: Query planning done in 1 ms
2026-09-28 20:59:30.323 - INFO: Result has unknown size (not computed yet)
2026-09-28 20:59:30.887 - INFO: Done processing query and sending result, total time was 585 ms
2026-09-28 21:00:07.640 - INFO: 
2026-09-28 21:00:07.640 - INFO: Request received via GET, no content type specified
2026-09-28 21:00:07.640 - INFO: Processing command "clear-cache": clear the cache (unpinned elements only)
2026-09-28 21:00:07.658 - INFO: 
2026-09-28 21:00:07.658 - INFO: Request received via POST, content type "application/x-www-form-urlencoded"
2026-09-28 21:00:07.658 - INFO: Processing the following SPARQL query:
# Tier H — size-sweep
# Goal: isolate export cost from query-planning cost. Raise the year bound
# across runs, for example 1970, 1990, 2010, and 2023.
PREFIX dblp: <https://dblp.org/rdf/schema#>

CONSTRUCT { ?s ?p ?o }
WHERE {
  ?s a dblp:Publication ;
     dblp:yearOfPublication ?year ;
     ?p ?o .
  FILTER(?year <= "1970"^^<http://www.w3.org/2001/XMLSchema#gYear>)
}

2026-09-28 21:00:07.658 - INFO: Requested media types of the result are: "text/turtle"
2026-09-28 21:00:07.659 - INFO: Query planning done in 1 ms
2026-09-28 21:00:07.678 - INFO: Result has unknown size (not computed yet)
2026-09-28 21:00:08.250 - INFO: Done processing query and sending result, total time was 592 ms
2026-09-28 21:00:08.269 - INFO: 
2026-09-28 21:00:08.269 - INFO: Request received via GET, no content type specified
2026-09-28 21:00:08.269 - INFO: Processing command "clear-cache": clear the cache (unpinned elements only)
2026-09-28 21:00:08.287 - INFO: 
2026-09-28 21:00:08.287 - INFO: Request received via POST, content type "application/x-www-form-urlencoded"
2026-09-28 21:00:08.288 - INFO: Processing the following SPARQL query:
# Tier H — size-sweep
# Goal: isolate export cost from query-planning cost. Raise the year bound
# across runs, for example 1970, 1990, 2010, and 2023.
PREFIX dblp: <https://dblp.org/rdf/schema#>

CONSTRUCT { ?s ?p ?o }
WHERE {
  ?s a dblp:Publication ;
     dblp:yearOfPublication ?year ;
     ?p ?o .
  FILTER(?year <= "1970"^^<http://www.w3.org/2001/XMLSchema#gYear>)
}

2026-09-28 21:00:08.288 - INFO: Requested media types of the result are: "text/turtle"
2026-09-28 21:00:08.289 - INFO: Query planning done in 1 ms
2026-09-28 21:00:08.306 - INFO: Result has unknown size (not computed yet)
2026-09-28 21:00:08.883 - INFO: Done processing query and sending result, total time was 595 ms
2026-09-28 21:00:08.902 - INFO: 
2026-09-28 21:00:08.902 - INFO: Request received via GET, no content type specified
2026-09-28 21:00:08.902 - INFO: Processing command "clear-cache": clear the cache (unpinned elements only)
2026-09-28 21:00:08.920 - INFO: 
2026-09-28 21:00:08.920 - INFO: Request received via POST, content type "application/x-www-form-urlencoded"
2026-09-28 21:00:08.920 - INFO: Processing the following SPARQL query:
# Tier H — size-sweep
# Goal: isolate export cost from query-planning cost. Raise the year bound
# across runs, for example 1970, 1990, 2010, and 2023.
PREFIX dblp: <https://dblp.org/rdf/schema#>

CONSTRUCT { ?s ?p ?o }
WHERE {
  ?s a dblp:Publication ;
     dblp:yearOfPublication ?year ;
     ?p ?o .
  FILTER(?year <= "1970"^^<http://www.w3.org/2001/XMLSchema#gYear>)
}

2026-09-28 21:00:08.920 - INFO: Requested media types of the result are: "text/turtle"
2026-09-28 21:00:08.921 - INFO: Query planning done in 1 ms
2026-09-28 21:00:08.939 - INFO: Result has unknown size (not computed yet)
2026-09-28 21:00:09.509 - INFO: Done processing query and sending result, total time was 589 ms
2026-09-28 21:00:09.528 - INFO: 
2026-09-28 21:00:09.528 - INFO: Request received via GET, no content type specified
2026-09-28 21:00:09.528 - INFO: Processing command "clear-cache": clear the cache (unpinned elements only)
2026-09-28 21:00:09.546 - INFO: 
2026-09-28 21:00:09.546 - INFO: Request received via POST, content type "application/x-www-form-urlencoded"
2026-09-28 21:00:09.546 - INFO: Processing the following SPARQL query:
# Tier H — size-sweep
# Goal: isolate export cost from query-planning cost. Raise the year bound
# across runs, for example 1970, 1990, 2010, and 2023.
PREFIX dblp: <https://dblp.org/rdf/schema#>

CONSTRUCT { ?s ?p ?o }
WHERE {
  ?s a dblp:Publication ;
     dblp:yearOfPublication ?year ;
     ?p ?o .
  FILTER(?year <= "1970"^^<http://www.w3.org/2001/XMLSchema#gYear>)
}

2026-09-28 21:00:09.546 - INFO: Requested media types of the result are: "text/turtle"
2026-09-28 21:00:09.547 - INFO: Query planning done in 1 ms
2026-09-28 21:00:09.565 - INFO: Result has unknown size (not computed yet)
2026-09-28 21:00:10.132 - INFO: Done processing query and sending result, total time was 586 ms
2026-09-28 21:00:10.151 - INFO: 
2026-09-28 21:00:10.151 - INFO: Request received via GET, no content type specified
2026-09-28 21:00:10.151 - INFO: Processing command "clear-cache": clear the cache (unpinned elements only)
2026-09-28 21:00:10.169 - INFO: 
2026-09-28 21:00:10.169 - INFO: Request received via POST, content type "application/x-www-form-urlencoded"
2026-09-28 21:00:10.169 - INFO: Processing the following SPARQL query:
# Tier H — size-sweep
# Goal: isolate export cost from query-planning cost. Raise the year bound
# across runs, for example 1970, 1990, 2010, and 2023.
PREFIX dblp: <https://dblp.org/rdf/schema#>

CONSTRUCT { ?s ?p ?o }
WHERE {
  ?s a dblp:Publication ;
     dblp:yearOfPublication ?year ;
     ?p ?o .
  FILTER(?year <= "1970"^^<http://www.w3.org/2001/XMLSchema#gYear>)
}

2026-09-28 21:00:10.169 - INFO: Requested media types of the result are: "text/turtle"
2026-09-28 21:00:10.170 - INFO: Query planning done in 1 ms
2026-09-28 21:00:10.189 - INFO: Result has unknown size (not computed yet)
2026-09-28 21:00:10.754 - INFO: Done processing query and sending result, total time was 584 ms
2026-09-28 21:00:10.773 - INFO: 
2026-09-28 21:00:10.773 - INFO: Request received via GET, no content type specified
2026-09-28 21:00:10.773 - INFO: Processing command "clear-cache": clear the cache (unpinned elements only)
2026-09-28 21:00:10.790 - INFO: 
2026-09-28 21:00:10.790 - INFO: Request received via POST, content type "application/x-www-form-urlencoded"
2026-09-28 21:00:10.791 - INFO: Processing the following SPARQL query:
# Tier H — size-sweep
# Goal: isolate export cost from query-planning cost. Raise the year bound
# across runs, for example 1970, 1990, 2010, and 2023.
PREFIX dblp: <https://dblp.org/rdf/schema#>

CONSTRUCT { ?s ?p ?o }
WHERE {
  ?s a dblp:Publication ;
     dblp:yearOfPublication ?year ;
     ?p ?o .
  FILTER(?year <= "1970"^^<http://www.w3.org/2001/XMLSchema#gYear>)
}

2026-09-28 21:00:10.791 - INFO: Requested media types of the result are: "text/turtle"
2026-09-28 21:00:10.792 - INFO: Query planning done in 1 ms
2026-09-28 21:00:10.811 - INFO: Result has unknown size (not computed yet)
2026-09-28 21:00:11.378 - INFO: Done processing query and sending result, total time was 587 ms
2026-09-28 21:00:11.397 - INFO: 
2026-09-28 21:00:11.397 - INFO: Request received via GET, no content type specified
2026-09-28 21:00:11.397 - INFO: Processing command "clear-cache": clear the cache (unpinned elements only)
2026-09-28 21:00:11.415 - INFO: 
2026-09-28 21:00:11.415 - INFO: Request received via POST, content type "application/x-www-form-urlencoded"
2026-09-28 21:00:11.415 - INFO: Processing the following SPARQL query:
# Tier H — size-sweep
# Goal: isolate export cost from query-planning cost. Raise the year bound
# across runs, for example 1970, 1990, 2010, and 2023.
PREFIX dblp: <https://dblp.org/rdf/schema#>

CONSTRUCT { ?s ?p ?o }
WHERE {
  ?s a dblp:Publication ;
     dblp:yearOfPublication ?year ;
     ?p ?o .
  FILTER(?year <= "1970"^^<http://www.w3.org/2001/XMLSchema#gYear>)
}

2026-09-28 21:00:11.415 - INFO: Requested media types of the result are: "text/turtle"
2026-09-28 21:00:11.416 - INFO: Query planning done in 1 ms
2026-09-28 21:00:11.435 - INFO: Result has unknown size (not computed yet)
2026-09-28 21:00:12.003 - INFO: Done processing query and sending result, total time was 587 ms
2026-09-28 21:00:12.022 - INFO: 
2026-09-28 21:00:12.022 - INFO: Request received via GET, no content type specified
2026-09-28 21:00:12.022 - INFO: Processing command "clear-cache": clear the cache (unpinned elements only)
2026-09-28 21:00:12.039 - INFO: 
2026-09-28 21:00:12.040 - INFO: Request received via POST, content type "application/x-www-form-urlencoded"
2026-09-28 21:00:12.040 - INFO: Processing the following SPARQL query:
# Tier H — size-sweep
# Goal: isolate export cost from query-planning cost. Raise the year bound
# across runs, for example 1970, 1990, 2010, and 2023.
PREFIX dblp: <https://dblp.org/rdf/schema#>

CONSTRUCT { ?s ?p ?o }
WHERE {
  ?s a dblp:Publication ;
     dblp:yearOfPublication ?year ;
     ?p ?o .
  FILTER(?year <= "1970"^^<http://www.w3.org/2001/XMLSchema#gYear>)
}

2026-09-28 21:00:12.040 - INFO: Requested media types of the result are: "text/turtle"
2026-09-28 21:00:12.041 - INFO: Query planning done in 1 ms
2026-09-28 21:00:12.058 - INFO: Result has unknown size (not computed yet)
2026-09-28 21:00:12.625 - INFO: Done processing query and sending result, total time was 585 ms
2026-09-28 21:00:12.644 - INFO: 
2026-09-28 21:00:12.644 - INFO: Request received via GET, no content type specified
2026-09-28 21:00:12.644 - INFO: Processing command "clear-cache": clear the cache (unpinned elements only)
2026-09-28 21:00:12.662 - INFO: 
2026-09-28 21:00:12.662 - INFO: Request received via POST, content type "application/x-www-form-urlencoded"
2026-09-28 21:00:12.663 - INFO: Processing the following SPARQL query:
# Tier H — size-sweep
# Goal: isolate export cost from query-planning cost. Raise the year bound
# across runs, for example 1970, 1990, 2010, and 2023.
PREFIX dblp: <https://dblp.org/rdf/schema#>

CONSTRUCT { ?s ?p ?o }
WHERE {
  ?s a dblp:Publication ;
     dblp:yearOfPublication ?year ;
     ?p ?o .
  FILTER(?year <= "1970"^^<http://www.w3.org/2001/XMLSchema#gYear>)
}

2026-09-28 21:00:12.663 - INFO: Requested media types of the result are: "text/turtle"
2026-09-28 21:00:12.664 - INFO: Query planning done in 1 ms
2026-09-28 21:00:12.683 - INFO: Result has unknown size (not computed yet)
2026-09-28 21:00:13.250 - INFO: Done processing query and sending result, total time was 587 ms
2026-09-28 21:00:13.269 - INFO: 
2026-09-28 21:00:13.269 - INFO: Request received via GET, no content type specified
2026-09-28 21:00:13.269 - INFO: Processing command "clear-cache": clear the cache (unpinned elements only)
2026-09-28 21:00:13.287 - INFO: 
2026-09-28 21:00:13.287 - INFO: Request received via POST, content type "application/x-www-form-urlencoded"
2026-09-28 21:00:13.287 - INFO: Processing the following SPARQL query:
# Tier H — size-sweep
# Goal: isolate export cost from query-planning cost. Raise the year bound
# across runs, for example 1970, 1990, 2010, and 2023.
PREFIX dblp: <https://dblp.org/rdf/schema#>

CONSTRUCT { ?s ?p ?o }
WHERE {
  ?s a dblp:Publication ;
     dblp:yearOfPublication ?year ;
     ?p ?o .
  FILTER(?year <= "1970"^^<http://www.w3.org/2001/XMLSchema#gYear>)
}

2026-09-28 21:00:13.287 - INFO: Requested media types of the result are: "text/turtle"
2026-09-28 21:00:13.288 - INFO: Query planning done in 1 ms
2026-09-28 21:00:13.318 - INFO: Result has unknown size (not computed yet)
2026-09-28 21:00:13.885 - INFO: Done processing query and sending result, total time was 598 ms
2026-09-28 21:00:13.904 - INFO: 
2026-09-28 21:00:13.904 - INFO: Request received via GET, no content type specified
2026-09-28 21:00:13.904 - INFO: Processing command "clear-cache": clear the cache (unpinned elements only)
2026-09-28 21:00:13.922 - INFO: 
2026-09-28 21:00:13.922 - INFO: Request received via POST, content type "application/x-www-form-urlencoded"
2026-09-28 21:00:13.922 - INFO: Processing the following SPARQL query:
# Tier H — size-sweep
# Goal: isolate export cost from query-planning cost. Raise the year bound
# across runs, for example 1970, 1990, 2010, and 2023.
PREFIX dblp: <https://dblp.org/rdf/schema#>

CONSTRUCT { ?s ?p ?o }
WHERE {
  ?s a dblp:Publication ;
     dblp:yearOfPublication ?year ;
     ?p ?o .
  FILTER(?year <= "1970"^^<http://www.w3.org/2001/XMLSchema#gYear>)
}

2026-09-28 21:00:13.922 - INFO: Requested media types of the result are: "text/turtle"
2026-09-28 21:00:13.923 - INFO: Query planning done in 1 ms
2026-09-28 21:00:13.942 - INFO: Result has unknown size (not computed yet)
2026-09-28 21:00:14.511 - INFO: Done processing query and sending result, total time was 588 ms
2026-09-28 21:00:14.529 - INFO: 
2026-09-28 21:00:14.529 - INFO: Request received via GET, no content type specified
2026-09-28 21:00:14.529 - INFO: Processing command "clear-cache": clear the cache (unpinned elements only)
2026-09-28 21:00:14.547 - INFO: 
2026-09-28 21:00:14.547 - INFO: Request received via POST, content type "application/x-www-form-urlencoded"
2026-09-28 21:00:14.548 - INFO: Processing the following SPARQL query:
# Tier H — size-sweep
# Goal: isolate export cost from query-planning cost. Raise the year bound
# across runs, for example 1970, 1990, 2010, and 2023.
PREFIX dblp: <https://dblp.org/rdf/schema#>

CONSTRUCT { ?s ?p ?o }
WHERE {
  ?s a dblp:Publication ;
     dblp:yearOfPublication ?year ;
     ?p ?o .
  FILTER(?year <= "1970"^^<http://www.w3.org/2001/XMLSchema#gYear>)
}

2026-09-28 21:00:14.548 - INFO: Requested media types of the result are: "text/turtle"
2026-09-28 21:00:14.549 - INFO: Query planning done in 1 ms
2026-09-28 21:00:14.568 - INFO: Result has unknown size (not computed yet)
2026-09-28 21:00:15.133 - INFO: Done processing query and sending result, total time was 585 ms
2026-09-28 21:00:15.151 - INFO: 
2026-09-28 21:00:15.151 - INFO: Request received via GET, no content type specified
2026-09-28 21:00:15.151 - INFO: Processing command "clear-cache": clear the cache (unpinned elements only)
2026-09-28 21:00:15.177 - INFO: 
2026-09-28 21:00:15.177 - INFO: Request received via POST, content type "application/x-www-form-urlencoded"
2026-09-28 21:00:15.177 - INFO: Processing the following SPARQL query:
# Tier H — size-sweep
# Goal: isolate export cost from query-planning cost. Raise the year bound
# across runs, for example 1970, 1990, 2010, and 2023.
PREFIX dblp: <https://dblp.org/rdf/schema#>

CONSTRUCT { ?s ?p ?o }
WHERE {
  ?s a dblp:Publication ;
     dblp:yearOfPublication ?year ;
     ?p ?o .
  FILTER(?year <= "1970"^^<http://www.w3.org/2001/XMLSchema#gYear>)
}

2026-09-28 21:00:15.177 - INFO: Requested media types of the result are: "text/turtle"
2026-09-28 21:00:15.178 - INFO: Query planning done in 1 ms
2026-09-28 21:00:15.196 - INFO: Result has unknown size (not computed yet)
2026-09-28 21:00:15.761 - INFO: Done processing query and sending result, total time was 584 ms
2026-09-28 21:00:52.178 - INFO: 
2026-09-28 21:00:52.179 - INFO: Request received via GET, no content type specified
2026-09-28 21:00:52.179 - INFO: Processing command "clear-cache": clear the cache (unpinned elements only)
2026-09-28 21:00:52.197 - INFO: 
2026-09-28 21:00:52.197 - INFO: Request received via POST, content type "application/x-www-form-urlencoded"
2026-09-28 21:00:52.197 - INFO: Processing the following SPARQL query:
# Tier H — size-sweep
# Goal: isolate export cost from query-planning cost. Raise the year bound
# across runs, for example 1970, 1990, 2010, and 2023.
PREFIX dblp: <https://dblp.org/rdf/schema#>

CONSTRUCT { ?s ?p ?o }
WHERE {
  ?s a dblp:Publication ;
     dblp:yearOfPublication ?year ;
     ?p ?o .
  FILTER(?year <= "1970"^^<http://www.w3.org/2001/XMLSchema#gYear>)
}

2026-09-28 21:00:52.197 - INFO: Requested media types of the result are: "text/turtle"
2026-09-28 21:00:52.198 - INFO: Query planning done in 1 ms
2026-09-28 21:00:52.217 - INFO: Result has unknown size (not computed yet)
2026-09-28 21:00:52.798 - INFO: Done processing query and sending result, total time was 601 ms
2026-09-28 21:00:52.817 - INFO: 
2026-09-28 21:00:52.817 - INFO: Request received via GET, no content type specified
2026-09-28 21:00:52.817 - INFO: Processing command "clear-cache": clear the cache (unpinned elements only)
2026-09-28 21:00:52.835 - INFO: 
2026-09-28 21:00:52.835 - INFO: Request received via POST, content type "application/x-www-form-urlencoded"
2026-09-28 21:00:52.835 - INFO: Processing the following SPARQL query:
# Tier H — size-sweep
# Goal: isolate export cost from query-planning cost. Raise the year bound
# across runs, for example 1970, 1990, 2010, and 2023.
PREFIX dblp: <https://dblp.org/rdf/schema#>

CONSTRUCT { ?s ?p ?o }
WHERE {
  ?s a dblp:Publication ;
     dblp:yearOfPublication ?year ;
     ?p ?o .
  FILTER(?year <= "1970"^^<http://www.w3.org/2001/XMLSchema#gYear>)
}

2026-09-28 21:00:52.835 - INFO: Requested media types of the result are: "text/turtle"
2026-09-28 21:00:52.836 - INFO: Query planning done in 1 ms
2026-09-28 21:00:52.855 - INFO: Result has unknown size (not computed yet)
2026-09-28 21:00:53.420 - INFO: Done processing query and sending result, total time was 584 ms
2026-09-28 21:00:53.439 - INFO: 
2026-09-28 21:00:53.439 - INFO: Request received via GET, no content type specified
2026-09-28 21:00:53.439 - INFO: Processing command "clear-cache": clear the cache (unpinned elements only)
2026-09-28 21:00:53.457 - INFO: 
2026-09-28 21:00:53.457 - INFO: Request received via POST, content type "application/x-www-form-urlencoded"
2026-09-28 21:00:53.457 - INFO: Processing the following SPARQL query:
# Tier H — size-sweep
# Goal: isolate export cost from query-planning cost. Raise the year bound
# across runs, for example 1970, 1990, 2010, and 2023.
PREFIX dblp: <https://dblp.org/rdf/schema#>

CONSTRUCT { ?s ?p ?o }
WHERE {
  ?s a dblp:Publication ;
     dblp:yearOfPublication ?year ;
     ?p ?o .
  FILTER(?year <= "1970"^^<http://www.w3.org/2001/XMLSchema#gYear>)
}

2026-09-28 21:00:53.457 - INFO: Requested media types of the result are: "text/turtle"
2026-09-28 21:00:53.458 - INFO: Query planning done in 1 ms
2026-09-28 21:00:53.477 - INFO: Result has unknown size (not computed yet)
2026-09-28 21:00:54.043 - INFO: Done processing query and sending result, total time was 585 ms
2026-09-28 21:00:54.061 - INFO: 
2026-09-28 21:00:54.061 - INFO: Request received via GET, no content type specified
2026-09-28 21:00:54.061 - INFO: Processing command "clear-cache": clear the cache (unpinned elements only)
2026-09-28 21:00:54.079 - INFO: 
2026-09-28 21:00:54.079 - INFO: Request received via POST, content type "application/x-www-form-urlencoded"
2026-09-28 21:00:54.080 - INFO: Processing the following SPARQL query:
# Tier H — size-sweep
# Goal: isolate export cost from query-planning cost. Raise the year bound
# across runs, for example 1970, 1990, 2010, and 2023.
PREFIX dblp: <https://dblp.org/rdf/schema#>

CONSTRUCT { ?s ?p ?o }
WHERE {
  ?s a dblp:Publication ;
     dblp:yearOfPublication ?year ;
     ?p ?o .
  FILTER(?year <= "1970"^^<http://www.w3.org/2001/XMLSchema#gYear>)
}

2026-09-28 21:00:54.080 - INFO: Requested media types of the result are: "text/turtle"
2026-09-28 21:00:54.081 - INFO: Query planning done in 1 ms
2026-09-28 21:00:54.099 - INFO: Result has unknown size (not computed yet)
2026-09-28 21:00:54.665 - INFO: Done processing query and sending result, total time was 585 ms
2026-09-28 21:00:54.684 - INFO: 
2026-09-28 21:00:54.684 - INFO: Request received via GET, no content type specified
2026-09-28 21:00:54.684 - INFO: Processing command "clear-cache": clear the cache (unpinned elements only)
2026-09-28 21:00:54.702 - INFO: 
2026-09-28 21:00:54.702 - INFO: Request received via POST, content type "application/x-www-form-urlencoded"
2026-09-28 21:00:54.703 - INFO: Processing the following SPARQL query:
# Tier H — size-sweep
# Goal: isolate export cost from query-planning cost. Raise the year bound
# across runs, for example 1970, 1990, 2010, and 2023.
PREFIX dblp: <https://dblp.org/rdf/schema#>

CONSTRUCT { ?s ?p ?o }
WHERE {
  ?s a dblp:Publication ;
     dblp:yearOfPublication ?year ;
     ?p ?o .
  FILTER(?year <= "1970"^^<http://www.w3.org/2001/XMLSchema#gYear>)
}

2026-09-28 21:00:54.703 - INFO: Requested media types of the result are: "text/turtle"
2026-09-28 21:00:54.704 - INFO: Query planning done in 1 ms
2026-09-28 21:00:54.723 - INFO: Result has unknown size (not computed yet)
2026-09-28 21:00:55.290 - INFO: Done processing query and sending result, total time was 587 ms
2026-09-28 21:00:55.309 - INFO: 
2026-09-28 21:00:55.309 - INFO: Request received via GET, no content type specified
2026-09-28 21:00:55.309 - INFO: Processing command "clear-cache": clear the cache (unpinned elements only)
2026-09-28 21:00:55.327 - INFO: 
2026-09-28 21:00:55.327 - INFO: Request received via POST, content type "application/x-www-form-urlencoded"
2026-09-28 21:00:55.327 - INFO: Processing the following SPARQL query:
# Tier H — size-sweep
# Goal: isolate export cost from query-planning cost. Raise the year bound
# across runs, for example 1970, 1990, 2010, and 2023.
PREFIX dblp: <https://dblp.org/rdf/schema#>

CONSTRUCT { ?s ?p ?o }
WHERE {
  ?s a dblp:Publication ;
     dblp:yearOfPublication ?year ;
     ?p ?o .
  FILTER(?year <= "1970"^^<http://www.w3.org/2001/XMLSchema#gYear>)
}

2026-09-28 21:00:55.327 - INFO: Requested media types of the result are: "text/turtle"
2026-09-28 21:00:55.328 - INFO: Query planning done in 1 ms
2026-09-28 21:00:55.351 - INFO: Result has unknown size (not computed yet)
2026-09-28 21:00:55.993 - INFO: Done processing query and sending result, total time was 666 ms
2026-09-28 21:00:56.012 - INFO: 
2026-09-28 21:00:56.012 - INFO: Request received via GET, no content type specified
2026-09-28 21:00:56.012 - INFO: Processing command "clear-cache": clear the cache (unpinned elements only)
2026-09-28 21:00:56.031 - INFO: 
2026-09-28 21:00:56.031 - INFO: Request received via POST, content type "application/x-www-form-urlencoded"
2026-09-28 21:00:56.031 - INFO: Processing the following SPARQL query:
# Tier H — size-sweep
# Goal: isolate export cost from query-planning cost. Raise the year bound
# across runs, for example 1970, 1990, 2010, and 2023.
PREFIX dblp: <https://dblp.org/rdf/schema#>

CONSTRUCT { ?s ?p ?o }
WHERE {
  ?s a dblp:Publication ;
     dblp:yearOfPublication ?year ;
     ?p ?o .
  FILTER(?year <= "1970"^^<http://www.w3.org/2001/XMLSchema#gYear>)
}

2026-09-28 21:00:56.031 - INFO: Requested media types of the result are: "text/turtle"
2026-09-28 21:00:56.032 - INFO: Query planning done in 1 ms
2026-09-28 21:00:56.056 - INFO: Result has unknown size (not computed yet)
2026-09-28 21:00:56.696 - INFO: Done processing query and sending result, total time was 665 ms
2026-09-28 21:00:56.715 - INFO: 
2026-09-28 21:00:56.715 - INFO: Request received via GET, no content type specified
2026-09-28 21:00:56.715 - INFO: Processing command "clear-cache": clear the cache (unpinned elements only)
2026-09-28 21:00:56.733 - INFO: 
2026-09-28 21:00:56.733 - INFO: Request received via POST, content type "application/x-www-form-urlencoded"
2026-09-28 21:00:56.733 - INFO: Processing the following SPARQL query:
# Tier H — size-sweep
# Goal: isolate export cost from query-planning cost. Raise the year bound
# across runs, for example 1970, 1990, 2010, and 2023.
PREFIX dblp: <https://dblp.org/rdf/schema#>

CONSTRUCT { ?s ?p ?o }
WHERE {
  ?s a dblp:Publication ;
     dblp:yearOfPublication ?year ;
     ?p ?o .
  FILTER(?year <= "1970"^^<http://www.w3.org/2001/XMLSchema#gYear>)
}

2026-09-28 21:00:56.733 - INFO: Requested media types of the result are: "text/turtle"
2026-09-28 21:00:56.734 - INFO: Query planning done in 1 ms
2026-09-28 21:00:56.758 - INFO: Result has unknown size (not computed yet)
2026-09-28 21:00:57.393 - INFO: Done processing query and sending result, total time was 659 ms
2026-09-28 21:00:57.411 - INFO: 
2026-09-28 21:00:57.412 - INFO: Request received via GET, no content type specified
2026-09-28 21:00:57.412 - INFO: Processing command "clear-cache": clear the cache (unpinned elements only)
2026-09-28 21:00:57.429 - INFO: 
2026-09-28 21:00:57.429 - INFO: Request received via POST, content type "application/x-www-form-urlencoded"
2026-09-28 21:00:57.430 - INFO: Processing the following SPARQL query:
# Tier H — size-sweep
# Goal: isolate export cost from query-planning cost. Raise the year bound
# across runs, for example 1970, 1990, 2010, and 2023.
PREFIX dblp: <https://dblp.org/rdf/schema#>

CONSTRUCT { ?s ?p ?o }
WHERE {
  ?s a dblp:Publication ;
     dblp:yearOfPublication ?year ;
     ?p ?o .
  FILTER(?year <= "1970"^^<http://www.w3.org/2001/XMLSchema#gYear>)
}

2026-09-28 21:00:57.430 - INFO: Requested media types of the result are: "text/turtle"
2026-09-28 21:00:57.431 - INFO: Query planning done in 1 ms
2026-09-28 21:00:57.456 - INFO: Result has unknown size (not computed yet)
2026-09-28 21:00:58.038 - INFO: Done processing query and sending result, total time was 608 ms
2026-09-28 21:00:58.057 - INFO: 
2026-09-28 21:00:58.057 - INFO: Request received via GET, no content type specified
2026-09-28 21:00:58.057 - INFO: Processing command "clear-cache": clear the cache (unpinned elements only)
2026-09-28 21:00:58.075 - INFO: 
2026-09-28 21:00:58.075 - INFO: Request received via POST, content type "application/x-www-form-urlencoded"
2026-09-28 21:00:58.075 - INFO: Processing the following SPARQL query:
# Tier H — size-sweep
# Goal: isolate export cost from query-planning cost. Raise the year bound
# across runs, for example 1970, 1990, 2010, and 2023.
PREFIX dblp: <https://dblp.org/rdf/schema#>

CONSTRUCT { ?s ?p ?o }
WHERE {
  ?s a dblp:Publication ;
     dblp:yearOfPublication ?year ;
     ?p ?o .
  FILTER(?year <= "1970"^^<http://www.w3.org/2001/XMLSchema#gYear>)
}

2026-09-28 21:00:58.075 - INFO: Requested media types of the result are: "text/turtle"
2026-09-28 21:00:58.076 - INFO: Query planning done in 1 ms
2026-09-28 21:00:58.099 - INFO: Result has unknown size (not computed yet)
2026-09-28 21:00:58.651 - INFO: Done processing query and sending result, total time was 575 ms
2026-09-28 21:00:58.669 - INFO: 
2026-09-28 21:00:58.669 - INFO: Request received via GET, no content type specified
2026-09-28 21:00:58.670 - INFO: Processing command "clear-cache": clear the cache (unpinned elements only)
2026-09-28 21:00:58.687 - INFO: 
2026-09-28 21:00:58.687 - INFO: Request received via POST, content type "application/x-www-form-urlencoded"
2026-09-28 21:00:58.688 - INFO: Processing the following SPARQL query:
# Tier H — size-sweep
# Goal: isolate export cost from query-planning cost. Raise the year bound
# across runs, for example 1970, 1990, 2010, and 2023.
PREFIX dblp: <https://dblp.org/rdf/schema#>

CONSTRUCT { ?s ?p ?o }
WHERE {
  ?s a dblp:Publication ;
     dblp:yearOfPublication ?year ;
     ?p ?o .
  FILTER(?year <= "1970"^^<http://www.w3.org/2001/XMLSchema#gYear>)
}

2026-09-28 21:00:58.688 - INFO: Requested media types of the result are: "text/turtle"
2026-09-28 21:00:58.689 - INFO: Query planning done in 1 ms
2026-09-28 21:00:58.712 - INFO: Result has unknown size (not computed yet)
2026-09-28 21:00:59.258 - INFO: Done processing query and sending result, total time was 570 ms
2026-09-28 21:00:59.277 - INFO: 
2026-09-28 21:00:59.277 - INFO: Request received via GET, no content type specified
2026-09-28 21:00:59.277 - INFO: Processing command "clear-cache": clear the cache (unpinned elements only)
2026-09-28 21:00:59.295 - INFO: 
2026-09-28 21:00:59.295 - INFO: Request received via POST, content type "application/x-www-form-urlencoded"
2026-09-28 21:00:59.295 - INFO: Processing the following SPARQL query:
# Tier H — size-sweep
# Goal: isolate export cost from query-planning cost. Raise the year bound
# across runs, for example 1970, 1990, 2010, and 2023.
PREFIX dblp: <https://dblp.org/rdf/schema#>

CONSTRUCT { ?s ?p ?o }
WHERE {
  ?s a dblp:Publication ;
     dblp:yearOfPublication ?year ;
     ?p ?o .
  FILTER(?year <= "1970"^^<http://www.w3.org/2001/XMLSchema#gYear>)
}

2026-09-28 21:00:59.295 - INFO: Requested media types of the result are: "text/turtle"
2026-09-28 21:00:59.296 - INFO: Query planning done in 1 ms
2026-09-28 21:00:59.319 - INFO: Result has unknown size (not computed yet)
2026-09-28 21:00:59.868 - INFO: Done processing query and sending result, total time was 573 ms
2026-09-28 21:00:59.887 - INFO: 
2026-09-28 21:00:59.887 - INFO: Request received via GET, no content type specified
2026-09-28 21:00:59.887 - INFO: Processing command "clear-cache": clear the cache (unpinned elements only)
2026-09-28 21:00:59.913 - INFO: 
2026-09-28 21:00:59.913 - INFO: Request received via POST, content type "application/x-www-form-urlencoded"
2026-09-28 21:00:59.913 - INFO: Processing the following SPARQL query:
# Tier H — size-sweep
# Goal: isolate export cost from query-planning cost. Raise the year bound
# across runs, for example 1970, 1990, 2010, and 2023.
PREFIX dblp: <https://dblp.org/rdf/schema#>

CONSTRUCT { ?s ?p ?o }
WHERE {
  ?s a dblp:Publication ;
     dblp:yearOfPublication ?year ;
     ?p ?o .
  FILTER(?year <= "1970"^^<http://www.w3.org/2001/XMLSchema#gYear>)
}

2026-09-28 21:00:59.913 - INFO: Requested media types of the result are: "text/turtle"
2026-09-28 21:00:59.915 - INFO: Query planning done in 1 ms
2026-09-28 21:00:59.938 - INFO: Result has unknown size (not computed yet)
2026-09-28 21:01:00.491 - INFO: Done processing query and sending result, total time was 577 ms
2026-09-28 21:01:35.794 - INFO: 
2026-09-28 21:01:35.794 - INFO: Request received via GET, no content type specified
2026-09-28 21:01:35.794 - INFO: Processing command "clear-cache": clear the cache (unpinned elements only)
2026-09-28 21:01:35.812 - INFO: 
2026-09-28 21:01:35.812 - INFO: Request received via POST, content type "application/x-www-form-urlencoded"
2026-09-28 21:01:35.813 - INFO: Processing the following SPARQL query:
# Tier H — size-sweep
# Goal: isolate export cost from query-planning cost. Raise the year bound
# across runs, for example 1970, 1990, 2010, and 2023.
PREFIX dblp: <https://dblp.org/rdf/schema#>

CONSTRUCT { ?s ?p ?o }
WHERE {
  ?s a dblp:Publication ;
     dblp:yearOfPublication ?year ;
     ?p ?o .
  FILTER(?year <= "1970"^^<http://www.w3.org/2001/XMLSchema#gYear>)
}

2026-09-28 21:01:35.813 - INFO: Requested media types of the result are: "text/turtle"
2026-09-28 21:01:35.814 - INFO: Query planning done in 1 ms
2026-09-28 21:01:35.836 - INFO: Result has unknown size (not computed yet)
2026-09-28 21:01:36.420 - INFO: Done processing query and sending result, total time was 608 ms
2026-09-28 21:01:36.440 - INFO: 
2026-09-28 21:01:36.440 - INFO: Request received via GET, no content type specified
2026-09-28 21:01:36.440 - INFO: Processing command "clear-cache": clear the cache (unpinned elements only)
2026-09-28 21:01:36.457 - INFO: 
2026-09-28 21:01:36.457 - INFO: Request received via POST, content type "application/x-www-form-urlencoded"
2026-09-28 21:01:36.458 - INFO: Processing the following SPARQL query:
# Tier H — size-sweep
# Goal: isolate export cost from query-planning cost. Raise the year bound
# across runs, for example 1970, 1990, 2010, and 2023.
PREFIX dblp: <https://dblp.org/rdf/schema#>

CONSTRUCT { ?s ?p ?o }
WHERE {
  ?s a dblp:Publication ;
     dblp:yearOfPublication ?year ;
     ?p ?o .
  FILTER(?year <= "1970"^^<http://www.w3.org/2001/XMLSchema#gYear>)
}

2026-09-28 21:01:36.458 - INFO: Requested media types of the result are: "text/turtle"
2026-09-28 21:01:36.459 - INFO: Query planning done in 1 ms
2026-09-28 21:01:36.481 - INFO: Result has unknown size (not computed yet)
2026-09-28 21:01:37.051 - INFO: Done processing query and sending result, total time was 593 ms
2026-09-28 21:01:37.070 - INFO: 
2026-09-28 21:01:37.070 - INFO: Request received via GET, no content type specified
2026-09-28 21:01:37.070 - INFO: Processing command "clear-cache": clear the cache (unpinned elements only)
2026-09-28 21:01:37.088 - INFO: 
2026-09-28 21:01:37.088 - INFO: Request received via POST, content type "application/x-www-form-urlencoded"
2026-09-28 21:01:37.088 - INFO: Processing the following SPARQL query:
# Tier H — size-sweep
# Goal: isolate export cost from query-planning cost. Raise the year bound
# across runs, for example 1970, 1990, 2010, and 2023.
PREFIX dblp: <https://dblp.org/rdf/schema#>

CONSTRUCT { ?s ?p ?o }
WHERE {
  ?s a dblp:Publication ;
     dblp:yearOfPublication ?year ;
     ?p ?o .
  FILTER(?year <= "1970"^^<http://www.w3.org/2001/XMLSchema#gYear>)
}

2026-09-28 21:01:37.088 - INFO: Requested media types of the result are: "text/turtle"
2026-09-28 21:01:37.090 - INFO: Query planning done in 1 ms
2026-09-28 21:01:37.113 - INFO: Result has unknown size (not computed yet)
2026-09-28 21:01:37.757 - INFO: Done processing query and sending result, total time was 668 ms
2026-09-28 21:01:37.776 - INFO: 
2026-09-28 21:01:37.776 - INFO: Request received via GET, no content type specified
2026-09-28 21:01:37.776 - INFO: Processing command "clear-cache": clear the cache (unpinned elements only)
2026-09-28 21:01:37.794 - INFO: 
2026-09-28 21:01:37.794 - INFO: Request received via POST, content type "application/x-www-form-urlencoded"
2026-09-28 21:01:37.794 - INFO: Processing the following SPARQL query:
# Tier H — size-sweep
# Goal: isolate export cost from query-planning cost. Raise the year bound
# across runs, for example 1970, 1990, 2010, and 2023.
PREFIX dblp: <https://dblp.org/rdf/schema#>

CONSTRUCT { ?s ?p ?o }
WHERE {
  ?s a dblp:Publication ;
     dblp:yearOfPublication ?year ;
     ?p ?o .
  FILTER(?year <= "1970"^^<http://www.w3.org/2001/XMLSchema#gYear>)
}

2026-09-28 21:01:37.794 - INFO: Requested media types of the result are: "text/turtle"
2026-09-28 21:01:37.795 - INFO: Query planning done in 1 ms
2026-09-28 21:01:37.818 - INFO: Result has unknown size (not computed yet)
2026-09-28 21:01:38.454 - INFO: Done processing query and sending result, total time was 660 ms
2026-09-28 21:01:38.473 - INFO: 
2026-09-28 21:01:38.473 - INFO: Request received via GET, no content type specified
2026-09-28 21:01:38.473 - INFO: Processing command "clear-cache": clear the cache (unpinned elements only)
2026-09-28 21:01:38.491 - INFO: 
2026-09-28 21:01:38.491 - INFO: Request received via POST, content type "application/x-www-form-urlencoded"
2026-09-28 21:01:38.491 - INFO: Processing the following SPARQL query:
# Tier H — size-sweep
# Goal: isolate export cost from query-planning cost. Raise the year bound
# across runs, for example 1970, 1990, 2010, and 2023.
PREFIX dblp: <https://dblp.org/rdf/schema#>

CONSTRUCT { ?s ?p ?o }
WHERE {
  ?s a dblp:Publication ;
     dblp:yearOfPublication ?year ;
     ?p ?o .
  FILTER(?year <= "1970"^^<http://www.w3.org/2001/XMLSchema#gYear>)
}

2026-09-28 21:01:38.491 - INFO: Requested media types of the result are: "text/turtle"
2026-09-28 21:01:38.492 - INFO: Query planning done in 1 ms
2026-09-28 21:01:38.515 - INFO: Result has unknown size (not computed yet)
2026-09-28 21:01:39.160 - INFO: Done processing query and sending result, total time was 669 ms
2026-09-28 21:01:39.179 - INFO: 
2026-09-28 21:01:39.179 - INFO: Request received via GET, no content type specified
2026-09-28 21:01:39.179 - INFO: Processing command "clear-cache": clear the cache (unpinned elements only)
2026-09-28 21:01:39.197 - INFO: 
2026-09-28 21:01:39.197 - INFO: Request received via POST, content type "application/x-www-form-urlencoded"
2026-09-28 21:01:39.197 - INFO: Processing the following SPARQL query:
# Tier H — size-sweep
# Goal: isolate export cost from query-planning cost. Raise the year bound
# across runs, for example 1970, 1990, 2010, and 2023.
PREFIX dblp: <https://dblp.org/rdf/schema#>

CONSTRUCT { ?s ?p ?o }
WHERE {
  ?s a dblp:Publication ;
     dblp:yearOfPublication ?year ;
     ?p ?o .
  FILTER(?year <= "1970"^^<http://www.w3.org/2001/XMLSchema#gYear>)
}

2026-09-28 21:01:39.197 - INFO: Requested media types of the result are: "text/turtle"
2026-09-28 21:01:39.199 - INFO: Query planning done in 1 ms
2026-09-28 21:01:39.222 - INFO: Result has unknown size (not computed yet)
2026-09-28 21:01:39.857 - INFO: Done processing query and sending result, total time was 660 ms
2026-09-28 21:01:39.876 - INFO: 
2026-09-28 21:01:39.876 - INFO: Request received via GET, no content type specified
2026-09-28 21:01:39.876 - INFO: Processing command "clear-cache": clear the cache (unpinned elements only)
2026-09-28 21:01:39.894 - INFO: 
2026-09-28 21:01:39.894 - INFO: Request received via POST, content type "application/x-www-form-urlencoded"
2026-09-28 21:01:39.895 - INFO: Processing the following SPARQL query:
# Tier H — size-sweep
# Goal: isolate export cost from query-planning cost. Raise the year bound
# across runs, for example 1970, 1990, 2010, and 2023.
PREFIX dblp: <https://dblp.org/rdf/schema#>

CONSTRUCT { ?s ?p ?o }
WHERE {
  ?s a dblp:Publication ;
     dblp:yearOfPublication ?year ;
     ?p ?o .
  FILTER(?year <= "1970"^^<http://www.w3.org/2001/XMLSchema#gYear>)
}

2026-09-28 21:01:39.895 - INFO: Requested media types of the result are: "text/turtle"
2026-09-28 21:01:39.896 - INFO: Query planning done in 1 ms
2026-09-28 21:01:39.919 - INFO: Result has unknown size (not computed yet)
2026-09-28 21:01:40.504 - INFO: Done processing query and sending result, total time was 609 ms
2026-09-28 21:01:40.523 - INFO: 
2026-09-28 21:01:40.523 - INFO: Request received via GET, no content type specified
2026-09-28 21:01:40.523 - INFO: Processing command "clear-cache": clear the cache (unpinned elements only)
2026-09-28 21:01:40.541 - INFO: 
2026-09-28 21:01:40.541 - INFO: Request received via POST, content type "application/x-www-form-urlencoded"
2026-09-28 21:01:40.542 - INFO: Processing the following SPARQL query:
# Tier H — size-sweep
# Goal: isolate export cost from query-planning cost. Raise the year bound
# across runs, for example 1970, 1990, 2010, and 2023.
PREFIX dblp: <https://dblp.org/rdf/schema#>

CONSTRUCT { ?s ?p ?o }
WHERE {
  ?s a dblp:Publication ;
     dblp:yearOfPublication ?year ;
     ?p ?o .
  FILTER(?year <= "1970"^^<http://www.w3.org/2001/XMLSchema#gYear>)
}

2026-09-28 21:01:40.542 - INFO: Requested media types of the result are: "text/turtle"
2026-09-28 21:01:40.543 - INFO: Query planning done in 1 ms
2026-09-28 21:01:40.565 - INFO: Result has unknown size (not computed yet)
2026-09-28 21:01:41.125 - INFO: Done processing query and sending result, total time was 584 ms
2026-09-28 21:01:41.144 - INFO: 
2026-09-28 21:01:41.144 - INFO: Request received via GET, no content type specified
2026-09-28 21:01:41.144 - INFO: Processing command "clear-cache": clear the cache (unpinned elements only)
2026-09-28 21:01:41.162 - INFO: 
2026-09-28 21:01:41.162 - INFO: Request received via POST, content type "application/x-www-form-urlencoded"
2026-09-28 21:01:41.162 - INFO: Processing the following SPARQL query:
# Tier H — size-sweep
# Goal: isolate export cost from query-planning cost. Raise the year bound
# across runs, for example 1970, 1990, 2010, and 2023.
PREFIX dblp: <https://dblp.org/rdf/schema#>

CONSTRUCT { ?s ?p ?o }
WHERE {
  ?s a dblp:Publication ;
     dblp:yearOfPublication ?year ;
     ?p ?o .
  FILTER(?year <= "1970"^^<http://www.w3.org/2001/XMLSchema#gYear>)
}

2026-09-28 21:01:41.162 - INFO: Requested media types of the result are: "text/turtle"
2026-09-28 21:01:41.163 - INFO: Query planning done in 1 ms
2026-09-28 21:01:41.188 - INFO: Result has unknown size (not computed yet)
2026-09-28 21:01:41.828 - INFO: Done processing query and sending result, total time was 665 ms
2026-09-28 21:01:41.847 - INFO: 
2026-09-28 21:01:41.847 - INFO: Request received via GET, no content type specified
2026-09-28 21:01:41.847 - INFO: Processing command "clear-cache": clear the cache (unpinned elements only)
2026-09-28 21:01:41.865 - INFO: 
2026-09-28 21:01:41.865 - INFO: Request received via POST, content type "application/x-www-form-urlencoded"
2026-09-28 21:01:41.865 - INFO: Processing the following SPARQL query:
# Tier H — size-sweep
# Goal: isolate export cost from query-planning cost. Raise the year bound
# across runs, for example 1970, 1990, 2010, and 2023.
PREFIX dblp: <https://dblp.org/rdf/schema#>

CONSTRUCT { ?s ?p ?o }
WHERE {
  ?s a dblp:Publication ;
     dblp:yearOfPublication ?year ;
     ?p ?o .
  FILTER(?year <= "1970"^^<http://www.w3.org/2001/XMLSchema#gYear>)
}

2026-09-28 21:01:41.865 - INFO: Requested media types of the result are: "text/turtle"
2026-09-28 21:01:41.866 - INFO: Query planning done in 1 ms
2026-09-28 21:01:41.889 - INFO: Result has unknown size (not computed yet)
2026-09-28 21:01:42.529 - INFO: Done processing query and sending result, total time was 663 ms
2026-09-28 21:01:42.547 - INFO: 
2026-09-28 21:01:42.547 - INFO: Request received via GET, no content type specified
2026-09-28 21:01:42.547 - INFO: Processing command "clear-cache": clear the cache (unpinned elements only)
2026-09-28 21:01:42.565 - INFO: 
2026-09-28 21:01:42.565 - INFO: Request received via POST, content type "application/x-www-form-urlencoded"
2026-09-28 21:01:42.566 - INFO: Processing the following SPARQL query:
# Tier H — size-sweep
# Goal: isolate export cost from query-planning cost. Raise the year bound
# across runs, for example 1970, 1990, 2010, and 2023.
PREFIX dblp: <https://dblp.org/rdf/schema#>

CONSTRUCT { ?s ?p ?o }
WHERE {
  ?s a dblp:Publication ;
     dblp:yearOfPublication ?year ;
     ?p ?o .
  FILTER(?year <= "1970"^^<http://www.w3.org/2001/XMLSchema#gYear>)
}

2026-09-28 21:01:42.566 - INFO: Requested media types of the result are: "text/turtle"
2026-09-28 21:01:42.567 - INFO: Query planning done in 1 ms
2026-09-28 21:01:42.590 - INFO: Result has unknown size (not computed yet)
2026-09-28 21:01:43.185 - INFO: Done processing query and sending result, total time was 619 ms
2026-09-28 21:01:43.203 - INFO: 
2026-09-28 21:01:43.203 - INFO: Request received via GET, no content type specified
2026-09-28 21:01:43.203 - INFO: Processing command "clear-cache": clear the cache (unpinned elements only)
2026-09-28 21:01:43.221 - INFO: 
2026-09-28 21:01:43.221 - INFO: Request received via POST, content type "application/x-www-form-urlencoded"
2026-09-28 21:01:43.221 - INFO: Processing the following SPARQL query:
# Tier H — size-sweep
# Goal: isolate export cost from query-planning cost. Raise the year bound
# across runs, for example 1970, 1990, 2010, and 2023.
PREFIX dblp: <https://dblp.org/rdf/schema#>

CONSTRUCT { ?s ?p ?o }
WHERE {
  ?s a dblp:Publication ;
     dblp:yearOfPublication ?year ;
     ?p ?o .
  FILTER(?year <= "1970"^^<http://www.w3.org/2001/XMLSchema#gYear>)
}

2026-09-28 21:01:43.221 - INFO: Requested media types of the result are: "text/turtle"
2026-09-28 21:01:43.223 - INFO: Query planning done in 1 ms
2026-09-28 21:01:43.245 - INFO: Result has unknown size (not computed yet)
2026-09-28 21:01:43.793 - INFO: Done processing query and sending result, total time was 572 ms
2026-09-28 21:01:43.812 - INFO: 
2026-09-28 21:01:43.812 - INFO: Request received via GET, no content type specified
2026-09-28 21:01:43.812 - INFO: Processing command "clear-cache": clear the cache (unpinned elements only)
2026-09-28 21:01:43.838 - INFO: 
2026-09-28 21:01:43.838 - INFO: Request received via POST, content type "application/x-www-form-urlencoded"
2026-09-28 21:01:43.838 - INFO: Processing the following SPARQL query:
# Tier H — size-sweep
# Goal: isolate export cost from query-planning cost. Raise the year bound
# across runs, for example 1970, 1990, 2010, and 2023.
PREFIX dblp: <https://dblp.org/rdf/schema#>

CONSTRUCT { ?s ?p ?o }
WHERE {
  ?s a dblp:Publication ;
     dblp:yearOfPublication ?year ;
     ?p ?o .
  FILTER(?year <= "1970"^^<http://www.w3.org/2001/XMLSchema#gYear>)
}

2026-09-28 21:01:43.838 - INFO: Requested media types of the result are: "text/turtle"
2026-09-28 21:01:43.839 - INFO: Query planning done in 1 ms
2026-09-28 21:01:43.862 - INFO: Result has unknown size (not computed yet)
2026-09-28 21:01:44.412 - INFO: Done processing query and sending result, total time was 574 ms
2026-09-28 21:02:20.746 - INFO: 
2026-09-28 21:02:20.746 - INFO: Request received via GET, no content type specified
2026-09-28 21:02:20.746 - INFO: Processing command "clear-cache": clear the cache (unpinned elements only)
2026-09-28 21:02:20.764 - INFO: 
2026-09-28 21:02:20.764 - INFO: Request received via POST, content type "application/x-www-form-urlencoded"
2026-09-28 21:02:20.764 - INFO: Processing the following SPARQL query:
# Tier H — size-sweep
# Goal: isolate export cost from query-planning cost. Raise the year bound
# across runs, for example 1970, 1990, 2010, and 2023.
PREFIX dblp: <https://dblp.org/rdf/schema#>

CONSTRUCT { ?s ?p ?o }
WHERE {
  ?s a dblp:Publication ;
     dblp:yearOfPublication ?year ;
     ?p ?o .
  FILTER(?year <= "1970"^^<http://www.w3.org/2001/XMLSchema#gYear>)
}

2026-09-28 21:02:20.764 - INFO: Requested media types of the result are: "text/turtle"
2026-09-28 21:02:20.765 - INFO: Query planning done in 1 ms
2026-09-28 21:02:20.789 - INFO: Result has unknown size (not computed yet)
2026-09-28 21:02:21.410 - INFO: Done processing query and sending result, total time was 646 ms
2026-09-28 21:02:21.429 - INFO: 
2026-09-28 21:02:21.429 - INFO: Request received via GET, no content type specified
2026-09-28 21:02:21.429 - INFO: Processing command "clear-cache": clear the cache (unpinned elements only)
2026-09-28 21:02:21.447 - INFO: 
2026-09-28 21:02:21.447 - INFO: Request received via POST, content type "application/x-www-form-urlencoded"
2026-09-28 21:02:21.448 - INFO: Processing the following SPARQL query:
# Tier H — size-sweep
# Goal: isolate export cost from query-planning cost. Raise the year bound
# across runs, for example 1970, 1990, 2010, and 2023.
PREFIX dblp: <https://dblp.org/rdf/schema#>

CONSTRUCT { ?s ?p ?o }
WHERE {
  ?s a dblp:Publication ;
     dblp:yearOfPublication ?year ;
     ?p ?o .
  FILTER(?year <= "1970"^^<http://www.w3.org/2001/XMLSchema#gYear>)
}

2026-09-28 21:02:21.448 - INFO: Requested media types of the result are: "text/turtle"
2026-09-28 21:02:21.449 - INFO: Query planning done in 1 ms
2026-09-28 21:02:21.472 - INFO: Result has unknown size (not computed yet)
2026-09-28 21:02:22.118 - INFO: Done processing query and sending result, total time was 671 ms
2026-09-28 21:02:22.138 - INFO: 
2026-09-28 21:02:22.138 - INFO: Request received via GET, no content type specified
2026-09-28 21:02:22.138 - INFO: Processing command "clear-cache": clear the cache (unpinned elements only)
2026-09-28 21:02:22.156 - INFO: 
2026-09-28 21:02:22.156 - INFO: Request received via POST, content type "application/x-www-form-urlencoded"
2026-09-28 21:02:22.156 - INFO: Processing the following SPARQL query:
# Tier H — size-sweep
# Goal: isolate export cost from query-planning cost. Raise the year bound
# across runs, for example 1970, 1990, 2010, and 2023.
PREFIX dblp: <https://dblp.org/rdf/schema#>

CONSTRUCT { ?s ?p ?o }
WHERE {
  ?s a dblp:Publication ;
     dblp:yearOfPublication ?year ;
     ?p ?o .
  FILTER(?year <= "1970"^^<http://www.w3.org/2001/XMLSchema#gYear>)
}

2026-09-28 21:02:22.156 - INFO: Requested media types of the result are: "text/turtle"
2026-09-28 21:02:22.157 - INFO: Query planning done in 1 ms
2026-09-28 21:02:22.180 - INFO: Result has unknown size (not computed yet)
2026-09-28 21:02:22.818 - INFO: Done processing query and sending result, total time was 662 ms
2026-09-28 21:02:22.838 - INFO: 
2026-09-28 21:02:22.838 - INFO: Request received via GET, no content type specified
2026-09-28 21:02:22.838 - INFO: Processing command "clear-cache": clear the cache (unpinned elements only)
2026-09-28 21:02:22.856 - INFO: 
2026-09-28 21:02:22.856 - INFO: Request received via POST, content type "application/x-www-form-urlencoded"
2026-09-28 21:02:22.856 - INFO: Processing the following SPARQL query:
# Tier H — size-sweep
# Goal: isolate export cost from query-planning cost. Raise the year bound
# across runs, for example 1970, 1990, 2010, and 2023.
PREFIX dblp: <https://dblp.org/rdf/schema#>

CONSTRUCT { ?s ?p ?o }
WHERE {
  ?s a dblp:Publication ;
     dblp:yearOfPublication ?year ;
     ?p ?o .
  FILTER(?year <= "1970"^^<http://www.w3.org/2001/XMLSchema#gYear>)
}

2026-09-28 21:02:22.856 - INFO: Requested media types of the result are: "text/turtle"
2026-09-28 21:02:22.857 - INFO: Query planning done in 1 ms
2026-09-28 21:02:22.880 - INFO: Result has unknown size (not computed yet)
2026-09-28 21:02:23.451 - INFO: Done processing query and sending result, total time was 595 ms
2026-09-28 21:02:23.470 - INFO: 
2026-09-28 21:02:23.470 - INFO: Request received via GET, no content type specified
2026-09-28 21:02:23.470 - INFO: Processing command "clear-cache": clear the cache (unpinned elements only)
2026-09-28 21:02:23.488 - INFO: 
2026-09-28 21:02:23.488 - INFO: Request received via POST, content type "application/x-www-form-urlencoded"
2026-09-28 21:02:23.489 - INFO: Processing the following SPARQL query:
# Tier H — size-sweep
# Goal: isolate export cost from query-planning cost. Raise the year bound
# across runs, for example 1970, 1990, 2010, and 2023.
PREFIX dblp: <https://dblp.org/rdf/schema#>

CONSTRUCT { ?s ?p ?o }
WHERE {
  ?s a dblp:Publication ;
     dblp:yearOfPublication ?year ;
     ?p ?o .
  FILTER(?year <= "1970"^^<http://www.w3.org/2001/XMLSchema#gYear>)
}

2026-09-28 21:02:23.489 - INFO: Requested media types of the result are: "text/turtle"
2026-09-28 21:02:23.490 - INFO: Query planning done in 1 ms
2026-09-28 21:02:23.514 - INFO: Result has unknown size (not computed yet)
2026-09-28 21:02:24.147 - INFO: Done processing query and sending result, total time was 658 ms
2026-09-28 21:02:24.166 - INFO: 
2026-09-28 21:02:24.166 - INFO: Request received via GET, no content type specified
2026-09-28 21:02:24.166 - INFO: Processing command "clear-cache": clear the cache (unpinned elements only)
2026-09-28 21:02:24.184 - INFO: 
2026-09-28 21:02:24.184 - INFO: Request received via POST, content type "application/x-www-form-urlencoded"
2026-09-28 21:02:24.184 - INFO: Processing the following SPARQL query:
# Tier H — size-sweep
# Goal: isolate export cost from query-planning cost. Raise the year bound
# across runs, for example 1970, 1990, 2010, and 2023.
PREFIX dblp: <https://dblp.org/rdf/schema#>

CONSTRUCT { ?s ?p ?o }
WHERE {
  ?s a dblp:Publication ;
     dblp:yearOfPublication ?year ;
     ?p ?o .
  FILTER(?year <= "1970"^^<http://www.w3.org/2001/XMLSchema#gYear>)
}

2026-09-28 21:02:24.185 - INFO: Requested media types of the result are: "text/turtle"
2026-09-28 21:02:24.186 - INFO: Query planning done in 1 ms
2026-09-28 21:02:24.209 - INFO: Result has unknown size (not computed yet)
2026-09-28 21:02:24.830 - INFO: Done processing query and sending result, total time was 645 ms
2026-09-28 21:02:24.849 - INFO: 
2026-09-28 21:02:24.849 - INFO: Request received via GET, no content type specified
2026-09-28 21:02:24.849 - INFO: Processing command "clear-cache": clear the cache (unpinned elements only)
2026-09-28 21:02:24.867 - INFO: 
2026-09-28 21:02:24.867 - INFO: Request received via POST, content type "application/x-www-form-urlencoded"
2026-09-28 21:02:24.867 - INFO: Processing the following SPARQL query:
# Tier H — size-sweep
# Goal: isolate export cost from query-planning cost. Raise the year bound
# across runs, for example 1970, 1990, 2010, and 2023.
PREFIX dblp: <https://dblp.org/rdf/schema#>

CONSTRUCT { ?s ?p ?o }
WHERE {
  ?s a dblp:Publication ;
     dblp:yearOfPublication ?year ;
     ?p ?o .
  FILTER(?year <= "1970"^^<http://www.w3.org/2001/XMLSchema#gYear>)
}

2026-09-28 21:02:24.867 - INFO: Requested media types of the result are: "text/turtle"
2026-09-28 21:02:24.868 - INFO: Query planning done in 1 ms
2026-09-28 21:02:24.891 - INFO: Result has unknown size (not computed yet)
2026-09-28 21:02:25.535 - INFO: Done processing query and sending result, total time was 667 ms
2026-09-28 21:02:25.553 - INFO: 
2026-09-28 21:02:25.553 - INFO: Request received via GET, no content type specified
2026-09-28 21:02:25.553 - INFO: Processing command "clear-cache": clear the cache (unpinned elements only)
2026-09-28 21:02:25.571 - INFO: 
2026-09-28 21:02:25.571 - INFO: Request received via POST, content type "application/x-www-form-urlencoded"
2026-09-28 21:02:25.572 - INFO: Processing the following SPARQL query:
# Tier H — size-sweep
# Goal: isolate export cost from query-planning cost. Raise the year bound
# across runs, for example 1970, 1990, 2010, and 2023.
PREFIX dblp: <https://dblp.org/rdf/schema#>

CONSTRUCT { ?s ?p ?o }
WHERE {
  ?s a dblp:Publication ;
     dblp:yearOfPublication ?year ;
     ?p ?o .
  FILTER(?year <= "1970"^^<http://www.w3.org/2001/XMLSchema#gYear>)
}

2026-09-28 21:02:25.572 - INFO: Requested media types of the result are: "text/turtle"
2026-09-28 21:02:25.573 - INFO: Query planning done in 1 ms
2026-09-28 21:02:25.596 - INFO: Result has unknown size (not computed yet)
2026-09-28 21:02:26.214 - INFO: Done processing query and sending result, total time was 642 ms
2026-09-28 21:02:26.233 - INFO: 
2026-09-28 21:02:26.233 - INFO: Request received via GET, no content type specified
2026-09-28 21:02:26.233 - INFO: Processing command "clear-cache": clear the cache (unpinned elements only)
2026-09-28 21:02:26.251 - INFO: 
2026-09-28 21:02:26.251 - INFO: Request received via POST, content type "application/x-www-form-urlencoded"
2026-09-28 21:02:26.251 - INFO: Processing the following SPARQL query:
# Tier H — size-sweep
# Goal: isolate export cost from query-planning cost. Raise the year bound
# across runs, for example 1970, 1990, 2010, and 2023.
PREFIX dblp: <https://dblp.org/rdf/schema#>

CONSTRUCT { ?s ?p ?o }
WHERE {
  ?s a dblp:Publication ;
     dblp:yearOfPublication ?year ;
     ?p ?o .
  FILTER(?year <= "1970"^^<http://www.w3.org/2001/XMLSchema#gYear>)
}

2026-09-28 21:02:26.251 - INFO: Requested media types of the result are: "text/turtle"
2026-09-28 21:02:26.252 - INFO: Query planning done in 1 ms
2026-09-28 21:02:26.273 - INFO: Result has unknown size (not computed yet)
2026-09-28 21:02:26.919 - INFO: Done processing query and sending result, total time was 668 ms
2026-09-28 21:02:26.938 - INFO: 
2026-09-28 21:02:26.938 - INFO: Request received via GET, no content type specified
2026-09-28 21:02:26.938 - INFO: Processing command "clear-cache": clear the cache (unpinned elements only)
2026-09-28 21:02:26.956 - INFO: 
2026-09-28 21:02:26.956 - INFO: Request received via POST, content type "application/x-www-form-urlencoded"
2026-09-28 21:02:26.957 - INFO: Processing the following SPARQL query:
# Tier H — size-sweep
# Goal: isolate export cost from query-planning cost. Raise the year bound
# across runs, for example 1970, 1990, 2010, and 2023.
PREFIX dblp: <https://dblp.org/rdf/schema#>

CONSTRUCT { ?s ?p ?o }
WHERE {
  ?s a dblp:Publication ;
     dblp:yearOfPublication ?year ;
     ?p ?o .
  FILTER(?year <= "1970"^^<http://www.w3.org/2001/XMLSchema#gYear>)
}

2026-09-28 21:02:26.957 - INFO: Requested media types of the result are: "text/turtle"
2026-09-28 21:02:26.958 - INFO: Query planning done in 1 ms
2026-09-28 21:02:26.975 - INFO: Result has unknown size (not computed yet)
2026-09-28 21:02:27.546 - INFO: Done processing query and sending result, total time was 589 ms
2026-09-28 21:02:27.565 - INFO: 
2026-09-28 21:02:27.565 - INFO: Request received via GET, no content type specified
2026-09-28 21:02:27.565 - INFO: Processing command "clear-cache": clear the cache (unpinned elements only)
2026-09-28 21:02:27.583 - INFO: 
2026-09-28 21:02:27.583 - INFO: Request received via POST, content type "application/x-www-form-urlencoded"
2026-09-28 21:02:27.583 - INFO: Processing the following SPARQL query:
# Tier H — size-sweep
# Goal: isolate export cost from query-planning cost. Raise the year bound
# across runs, for example 1970, 1990, 2010, and 2023.
PREFIX dblp: <https://dblp.org/rdf/schema#>

CONSTRUCT { ?s ?p ?o }
WHERE {
  ?s a dblp:Publication ;
     dblp:yearOfPublication ?year ;
     ?p ?o .
  FILTER(?year <= "1970"^^<http://www.w3.org/2001/XMLSchema#gYear>)
}

2026-09-28 21:02:27.583 - INFO: Requested media types of the result are: "text/turtle"
2026-09-28 21:02:27.584 - INFO: Query planning done in 1 ms
2026-09-28 21:02:27.603 - INFO: Result has unknown size (not computed yet)
2026-09-28 21:02:28.172 - INFO: Done processing query and sending result, total time was 589 ms
2026-09-28 21:02:28.191 - INFO: 
2026-09-28 21:02:28.191 - INFO: Request received via GET, no content type specified
2026-09-28 21:02:28.191 - INFO: Processing command "clear-cache": clear the cache (unpinned elements only)
2026-09-28 21:02:28.209 - INFO: 
2026-09-28 21:02:28.209 - INFO: Request received via POST, content type "application/x-www-form-urlencoded"
2026-09-28 21:02:28.209 - INFO: Processing the following SPARQL query:
# Tier H — size-sweep
# Goal: isolate export cost from query-planning cost. Raise the year bound
# across runs, for example 1970, 1990, 2010, and 2023.
PREFIX dblp: <https://dblp.org/rdf/schema#>

CONSTRUCT { ?s ?p ?o }
WHERE {
  ?s a dblp:Publication ;
     dblp:yearOfPublication ?year ;
     ?p ?o .
  FILTER(?year <= "1970"^^<http://www.w3.org/2001/XMLSchema#gYear>)
}

2026-09-28 21:02:28.209 - INFO: Requested media types of the result are: "text/turtle"
2026-09-28 21:02:28.210 - INFO: Query planning done in 1 ms
2026-09-28 21:02:28.229 - INFO: Result has unknown size (not computed yet)
2026-09-28 21:02:28.804 - INFO: Done processing query and sending result, total time was 595 ms
2026-09-28 21:02:28.823 - INFO: 
2026-09-28 21:02:28.823 - INFO: Request received via GET, no content type specified
2026-09-28 21:02:28.823 - INFO: Processing command "clear-cache": clear the cache (unpinned elements only)
2026-09-28 21:02:28.848 - INFO: 
2026-09-28 21:02:28.848 - INFO: Request received via POST, content type "application/x-www-form-urlencoded"
2026-09-28 21:02:28.849 - INFO: Processing the following SPARQL query:
# Tier H — size-sweep
# Goal: isolate export cost from query-planning cost. Raise the year bound
# across runs, for example 1970, 1990, 2010, and 2023.
PREFIX dblp: <https://dblp.org/rdf/schema#>

CONSTRUCT { ?s ?p ?o }
WHERE {
  ?s a dblp:Publication ;
     dblp:yearOfPublication ?year ;
     ?p ?o .
  FILTER(?year <= "1970"^^<http://www.w3.org/2001/XMLSchema#gYear>)
}

2026-09-28 21:02:28.849 - INFO: Requested media types of the result are: "text/turtle"
2026-09-28 21:02:28.850 - INFO: Query planning done in 1 ms
2026-09-28 21:02:28.874 - INFO: Result has unknown size (not computed yet)
2026-09-28 21:02:29.532 - INFO: Done processing query and sending result, total time was 684 ms
2026-09-28 21:03:00.545 - INFO: 
2026-09-28 21:03:00.545 - INFO: Request received via GET, no content type specified
2026-09-28 21:03:00.545 - INFO: Processing command "clear-cache": clear the cache (unpinned elements only)
2026-09-28 21:03:00.600 - INFO: 
2026-09-28 21:03:00.600 - INFO: Request received via POST, content type "application/x-www-form-urlencoded"
2026-09-28 21:03:00.601 - INFO: Processing the following SPARQL query:
# Tier H — size-sweep
# Goal: isolate export cost from query-planning cost. Raise the year bound
# across runs, for example 1970, 1990, 2010, and 2023.
PREFIX dblp: <https://dblp.org/rdf/schema#>

CONSTRUCT { ?s ?p ?o }
WHERE {
  ?s a dblp:Publication ;
     dblp:yearOfPublication ?year ;
     ?p ?o .
  FILTER(?year <= "1970"^^<http://www.w3.org/2001/XMLSchema#gYear>)
}

2026-09-28 21:03:00.601 - INFO: Requested media types of the result are: "text/turtle"
2026-09-28 21:03:00.602 - INFO: Query planning done in 1 ms
2026-09-28 21:03:00.628 - INFO: Result has unknown size (not computed yet)
2026-09-28 21:03:01.279 - INFO: Done processing query and sending result, total time was 679 ms
2026-09-28 21:03:01.298 - INFO: 
2026-09-28 21:03:01.298 - INFO: Request received via GET, no content type specified
2026-09-28 21:03:01.298 - INFO: Processing command "clear-cache": clear the cache (unpinned elements only)
2026-09-28 21:03:01.316 - INFO: 
2026-09-28 21:03:01.316 - INFO: Request received via POST, content type "application/x-www-form-urlencoded"
2026-09-28 21:03:01.317 - INFO: Processing the following SPARQL query:
# Tier H — size-sweep
# Goal: isolate export cost from query-planning cost. Raise the year bound
# across runs, for example 1970, 1990, 2010, and 2023.
PREFIX dblp: <https://dblp.org/rdf/schema#>

CONSTRUCT { ?s ?p ?o }
WHERE {
  ?s a dblp:Publication ;
     dblp:yearOfPublication ?year ;
     ?p ?o .
  FILTER(?year <= "1970"^^<http://www.w3.org/2001/XMLSchema#gYear>)
}

2026-09-28 21:03:01.317 - INFO: Requested media types of the result are: "text/turtle"
2026-09-28 21:03:01.318 - INFO: Query planning done in 1 ms
2026-09-28 21:03:01.342 - INFO: Result has unknown size (not computed yet)
2026-09-28 21:03:01.984 - INFO: Done processing query and sending result, total time was 667 ms
2026-09-28 21:03:02.003 - INFO: 
2026-09-28 21:03:02.003 - INFO: Request received via GET, no content type specified
2026-09-28 21:03:02.003 - INFO: Processing command "clear-cache": clear the cache (unpinned elements only)
2026-09-28 21:03:02.021 - INFO: 
2026-09-28 21:03:02.021 - INFO: Request received via POST, content type "application/x-www-form-urlencoded"
2026-09-28 21:03:02.021 - INFO: Processing the following SPARQL query:
# Tier H — size-sweep
# Goal: isolate export cost from query-planning cost. Raise the year bound
# across runs, for example 1970, 1990, 2010, and 2023.
PREFIX dblp: <https://dblp.org/rdf/schema#>

CONSTRUCT { ?s ?p ?o }
WHERE {
  ?s a dblp:Publication ;
     dblp:yearOfPublication ?year ;
     ?p ?o .
  FILTER(?year <= "1970"^^<http://www.w3.org/2001/XMLSchema#gYear>)
}

2026-09-28 21:03:02.021 - INFO: Requested media types of the result are: "text/turtle"
2026-09-28 21:03:02.022 - INFO: Query planning done in 1 ms
2026-09-28 21:03:02.046 - INFO: Result has unknown size (not computed yet)
2026-09-28 21:03:02.670 - INFO: Done processing query and sending result, total time was 649 ms
2026-09-28 21:03:02.689 - INFO: 
2026-09-28 21:03:02.689 - INFO: Request received via GET, no content type specified
2026-09-28 21:03:02.689 - INFO: Processing command "clear-cache": clear the cache (unpinned elements only)
2026-09-28 21:03:02.707 - INFO: 
2026-09-28 21:03:02.707 - INFO: Request received via POST, content type "application/x-www-form-urlencoded"
2026-09-28 21:03:02.708 - INFO: Processing the following SPARQL query:
# Tier H — size-sweep
# Goal: isolate export cost from query-planning cost. Raise the year bound
# across runs, for example 1970, 1990, 2010, and 2023.
PREFIX dblp: <https://dblp.org/rdf/schema#>

CONSTRUCT { ?s ?p ?o }
WHERE {
  ?s a dblp:Publication ;
     dblp:yearOfPublication ?year ;
     ?p ?o .
  FILTER(?year <= "1970"^^<http://www.w3.org/2001/XMLSchema#gYear>)
}

2026-09-28 21:03:02.708 - INFO: Requested media types of the result are: "text/turtle"
2026-09-28 21:03:02.709 - INFO: Query planning done in 1 ms
2026-09-28 21:03:02.731 - INFO: Result has unknown size (not computed yet)
2026-09-28 21:03:03.371 - INFO: Done processing query and sending result, total time was 663 ms
2026-09-28 21:03:03.390 - INFO: 
2026-09-28 21:03:03.390 - INFO: Request received via GET, no content type specified
2026-09-28 21:03:03.390 - INFO: Processing command "clear-cache": clear the cache (unpinned elements only)
2026-09-28 21:03:03.408 - INFO: 
2026-09-28 21:03:03.408 - INFO: Request received via POST, content type "application/x-www-form-urlencoded"
2026-09-28 21:03:03.408 - INFO: Processing the following SPARQL query:
# Tier H — size-sweep
# Goal: isolate export cost from query-planning cost. Raise the year bound
# across runs, for example 1970, 1990, 2010, and 2023.
PREFIX dblp: <https://dblp.org/rdf/schema#>

CONSTRUCT { ?s ?p ?o }
WHERE {
  ?s a dblp:Publication ;
     dblp:yearOfPublication ?year ;
     ?p ?o .
  FILTER(?year <= "1970"^^<http://www.w3.org/2001/XMLSchema#gYear>)
}

2026-09-28 21:03:03.408 - INFO: Requested media types of the result are: "text/turtle"
2026-09-28 21:03:03.409 - INFO: Query planning done in 1 ms
2026-09-28 21:03:03.433 - INFO: Result has unknown size (not computed yet)
2026-09-28 21:03:04.064 - INFO: Done processing query and sending result, total time was 655 ms
2026-09-28 21:03:04.083 - INFO: 
2026-09-28 21:03:04.083 - INFO: Request received via GET, no content type specified
2026-09-28 21:03:04.083 - INFO: Processing command "clear-cache": clear the cache (unpinned elements only)
2026-09-28 21:03:04.101 - INFO: 
2026-09-28 21:03:04.101 - INFO: Request received via POST, content type "application/x-www-form-urlencoded"
2026-09-28 21:03:04.101 - INFO: Processing the following SPARQL query:
# Tier H — size-sweep
# Goal: isolate export cost from query-planning cost. Raise the year bound
# across runs, for example 1970, 1990, 2010, and 2023.
PREFIX dblp: <https://dblp.org/rdf/schema#>

CONSTRUCT { ?s ?p ?o }
WHERE {
  ?s a dblp:Publication ;
     dblp:yearOfPublication ?year ;
     ?p ?o .
  FILTER(?year <= "1970"^^<http://www.w3.org/2001/XMLSchema#gYear>)
}

2026-09-28 21:03:04.101 - INFO: Requested media types of the result are: "text/turtle"
2026-09-28 21:03:04.102 - INFO: Query planning done in 1 ms
2026-09-28 21:03:04.125 - INFO: Result has unknown size (not computed yet)
2026-09-28 21:03:04.687 - INFO: Done processing query and sending result, total time was 586 ms
2026-09-28 21:03:38.540 - INFO: 
2026-09-28 21:03:38.540 - INFO: Request received via GET, no content type specified
2026-09-28 21:03:38.540 - INFO: Processing command "clear-cache": clear the cache (unpinned elements only)
2026-09-28 21:03:38.558 - INFO: 
2026-09-28 21:03:38.558 - INFO: Request received via POST, content type "application/x-www-form-urlencoded"
2026-09-28 21:03:38.558 - INFO: Processing the following SPARQL query:
# Tier H — size-sweep, year <= 1990
# Goal: isolate export cost from query-planning cost. Raise the year bound
# across runs, for example 1970, 1990, 2010, and 2023.
PREFIX dblp: <https://dblp.org/rdf/schema#>

CONSTRUCT { ?s ?p ?o }
WHERE {
  ?s a dblp:Publication ;
     dblp:yearOfPublication ?year ;
     ?p ?o .
  FILTER(?year <= "1990"^^<http://www.w3.org/2001/XMLSchema#gYear>)
}

2026-09-28 21:03:38.558 - INFO: Requested media types of the result are: "text/turtle"
2026-09-28 21:03:38.559 - INFO: Query planning done in 1 ms
2026-09-28 21:03:38.664 - INFO: Result has unknown size (not computed yet)
2026-09-28 21:03:45.098 - INFO: Done processing query and sending result, total time was 6,539 ms
2026-09-28 21:04:26.434 - INFO: 
2026-09-28 21:04:26.434 - INFO: Request received via GET, no content type specified
2026-09-28 21:04:26.434 - INFO: Processing command "clear-cache": clear the cache (unpinned elements only)
2026-09-28 21:04:26.452 - INFO: 
2026-09-28 21:04:26.452 - INFO: Request received via POST, content type "application/x-www-form-urlencoded"
2026-09-28 21:04:26.453 - INFO: Processing the following SPARQL query:
# Tier H — size-sweep, year <= 1990
# Goal: isolate export cost from query-planning cost. Raise the year bound
# across runs, for example 1970, 1990, 2010, and 2023.
PREFIX dblp: <https://dblp.org/rdf/schema#>

CONSTRUCT { ?s ?p ?o }
WHERE {
  ?s a dblp:Publication ;
     dblp:yearOfPublication ?year ;
     ?p ?o .
  FILTER(?year <= "1990"^^<http://www.w3.org/2001/XMLSchema#gYear>)
}

2026-09-28 21:04:26.453 - INFO: Requested media types of the result are: "text/turtle"
2026-09-28 21:04:26.454 - INFO: Query planning done in 1 ms
2026-09-28 21:04:26.555 - INFO: Result has unknown size (not computed yet)
2026-09-28 21:04:33.219 - INFO: Done processing query and sending result, total time was 6,766 ms
2026-09-28 21:04:33.239 - INFO: 
2026-09-28 21:04:33.240 - INFO: Request received via GET, no content type specified
2026-09-28 21:04:33.240 - INFO: Processing command "clear-cache": clear the cache (unpinned elements only)
2026-09-28 21:04:33.258 - INFO: 
2026-09-28 21:04:33.258 - INFO: Request received via POST, content type "application/x-www-form-urlencoded"
2026-09-28 21:04:33.258 - INFO: Processing the following SPARQL query:
# Tier H — size-sweep, year <= 1990
# Goal: isolate export cost from query-planning cost. Raise the year bound
# across runs, for example 1970, 1990, 2010, and 2023.
PREFIX dblp: <https://dblp.org/rdf/schema#>

CONSTRUCT { ?s ?p ?o }
WHERE {
  ?s a dblp:Publication ;
     dblp:yearOfPublication ?year ;
     ?p ?o .
  FILTER(?year <= "1990"^^<http://www.w3.org/2001/XMLSchema#gYear>)
}

2026-09-28 21:04:33.258 - INFO: Requested media types of the result are: "text/turtle"
2026-09-28 21:04:33.259 - INFO: Query planning done in 1 ms
2026-09-28 21:04:33.358 - INFO: Result has unknown size (not computed yet)
2026-09-28 21:04:40.084 - INFO: Done processing query and sending result, total time was 6,825 ms
2026-09-28 21:05:35.787 - INFO: 
2026-09-28 21:05:35.787 - INFO: Request received via GET, no content type specified
2026-09-28 21:05:35.788 - INFO: Processing command "clear-cache": clear the cache (unpinned elements only)
2026-09-28 21:05:35.813 - INFO: 
2026-09-28 21:05:35.813 - INFO: Request received via POST, content type "application/x-www-form-urlencoded"
2026-09-28 21:05:35.814 - INFO: Processing the following SPARQL query:
# Tier H — size-sweep, year <= 1990
# Goal: isolate export cost from query-planning cost. Raise the year bound
# across runs, for example 1970, 1990, 2010, and 2023.
PREFIX dblp: <https://dblp.org/rdf/schema#>

CONSTRUCT { ?s ?p ?o }
WHERE {
  ?s a dblp:Publication ;
     dblp:yearOfPublication ?year ;
     ?p ?o .
  FILTER(?year <= "1990"^^<http://www.w3.org/2001/XMLSchema#gYear>)
}

2026-09-28 21:05:35.814 - INFO: Requested media types of the result are: "text/turtle"
2026-09-28 21:05:35.815 - INFO: Query planning done in 1 ms
2026-09-28 21:05:35.918 - INFO: Result has unknown size (not computed yet)
2026-09-28 21:05:42.531 - INFO: Done processing query and sending result, total time was 6,718 ms
2026-09-28 21:05:42.551 - INFO: 
2026-09-28 21:05:42.551 - INFO: Request received via GET, no content type specified
2026-09-28 21:05:42.551 - INFO: Processing command "clear-cache": clear the cache (unpinned elements only)
2026-09-28 21:05:42.570 - INFO: 
2026-09-28 21:05:42.570 - INFO: Request received via POST, content type "application/x-www-form-urlencoded"
2026-09-28 21:05:42.570 - INFO: Processing the following SPARQL query:
# Tier H — size-sweep, year <= 1990
# Goal: isolate export cost from query-planning cost. Raise the year bound
# across runs, for example 1970, 1990, 2010, and 2023.
PREFIX dblp: <https://dblp.org/rdf/schema#>

CONSTRUCT { ?s ?p ?o }
WHERE {
  ?s a dblp:Publication ;
     dblp:yearOfPublication ?year ;
     ?p ?o .
  FILTER(?year <= "1990"^^<http://www.w3.org/2001/XMLSchema#gYear>)
}

2026-09-28 21:05:42.570 - INFO: Requested media types of the result are: "text/turtle"
2026-09-28 21:05:42.571 - INFO: Query planning done in 1 ms
2026-09-28 21:05:42.652 - INFO: Result has unknown size (not computed yet)
2026-09-28 21:05:48.781 - INFO: Done processing query and sending result, total time was 6,211 ms
2026-09-28 21:06:44.086 - INFO: 
2026-09-28 21:06:44.086 - INFO: Request received via GET, no content type specified
2026-09-28 21:06:44.086 - INFO: Processing command "clear-cache": clear the cache (unpinned elements only)
2026-09-28 21:06:44.104 - INFO: 
2026-09-28 21:06:44.104 - INFO: Request received via POST, content type "application/x-www-form-urlencoded"
2026-09-28 21:06:44.105 - INFO: Processing the following SPARQL query:
# Tier H — size-sweep, year <= 1990
# Goal: isolate export cost from query-planning cost. Raise the year bound
# across runs, for example 1970, 1990, 2010, and 2023.
PREFIX dblp: <https://dblp.org/rdf/schema#>

CONSTRUCT { ?s ?p ?o }
WHERE {
  ?s a dblp:Publication ;
     dblp:yearOfPublication ?year ;
     ?p ?o .
  FILTER(?year <= "1990"^^<http://www.w3.org/2001/XMLSchema#gYear>)
}

2026-09-28 21:06:44.105 - INFO: Requested media types of the result are: "text/turtle"
2026-09-28 21:06:44.106 - INFO: Query planning done in 2 ms
2026-09-28 21:06:44.191 - INFO: Result has unknown size (not computed yet)
2026-09-28 21:06:50.595 - INFO: Done processing query and sending result, total time was 6,491 ms
2026-09-28 21:06:50.614 - INFO: 
2026-09-28 21:06:50.614 - INFO: Request received via GET, no content type specified
2026-09-28 21:06:50.614 - INFO: Processing command "clear-cache": clear the cache (unpinned elements only)
2026-09-28 21:06:50.632 - INFO: 
2026-09-28 21:06:50.632 - INFO: Request received via POST, content type "application/x-www-form-urlencoded"
2026-09-28 21:06:50.633 - INFO: Processing the following SPARQL query:
# Tier H — size-sweep, year <= 1990
# Goal: isolate export cost from query-planning cost. Raise the year bound
# across runs, for example 1970, 1990, 2010, and 2023.
PREFIX dblp: <https://dblp.org/rdf/schema#>

CONSTRUCT { ?s ?p ?o }
WHERE {
  ?s a dblp:Publication ;
     dblp:yearOfPublication ?year ;
     ?p ?o .
  FILTER(?year <= "1990"^^<http://www.w3.org/2001/XMLSchema#gYear>)
}

2026-09-28 21:06:50.633 - INFO: Requested media types of the result are: "text/turtle"
2026-09-28 21:06:50.634 - INFO: Query planning done in 1 ms
2026-09-28 21:06:50.738 - INFO: Result has unknown size (not computed yet)
2026-09-28 21:06:56.972 - INFO: Done processing query and sending result, total time was 6,340 ms
2026-09-28 21:07:52.429 - INFO: 
2026-09-28 21:07:52.429 - INFO: Request received via GET, no content type specified
2026-09-28 21:07:52.429 - INFO: Processing command "clear-cache": clear the cache (unpinned elements only)
2026-09-28 21:07:52.447 - INFO: 
2026-09-28 21:07:52.447 - INFO: Request received via POST, content type "application/x-www-form-urlencoded"
2026-09-28 21:07:52.447 - INFO: Processing the following SPARQL query:
# Tier H — size-sweep, year <= 1990
# Goal: isolate export cost from query-planning cost. Raise the year bound
# across runs, for example 1970, 1990, 2010, and 2023.
PREFIX dblp: <https://dblp.org/rdf/schema#>

CONSTRUCT { ?s ?p ?o }
WHERE {
  ?s a dblp:Publication ;
     dblp:yearOfPublication ?year ;
     ?p ?o .
  FILTER(?year <= "1990"^^<http://www.w3.org/2001/XMLSchema#gYear>)
}

2026-09-28 21:07:52.447 - INFO: Requested media types of the result are: "text/turtle"
2026-09-28 21:07:52.448 - INFO: Query planning done in 1 ms
2026-09-28 21:07:52.530 - INFO: Result has unknown size (not computed yet)
2026-09-28 21:07:59.044 - INFO: Done processing query and sending result, total time was 6,597 ms
2026-09-28 21:07:59.064 - INFO: 
2026-09-28 21:07:59.064 - INFO: Request received via GET, no content type specified
2026-09-28 21:07:59.064 - INFO: Processing command "clear-cache": clear the cache (unpinned elements only)
2026-09-28 21:07:59.082 - INFO: 
2026-09-28 21:07:59.082 - INFO: Request received via POST, content type "application/x-www-form-urlencoded"
2026-09-28 21:07:59.082 - INFO: Processing the following SPARQL query:
# Tier H — size-sweep, year <= 1990
# Goal: isolate export cost from query-planning cost. Raise the year bound
# across runs, for example 1970, 1990, 2010, and 2023.
PREFIX dblp: <https://dblp.org/rdf/schema#>

CONSTRUCT { ?s ?p ?o }
WHERE {
  ?s a dblp:Publication ;
     dblp:yearOfPublication ?year ;
     ?p ?o .
  FILTER(?year <= "1990"^^<http://www.w3.org/2001/XMLSchema#gYear>)
}

2026-09-28 21:07:59.082 - INFO: Requested media types of the result are: "text/turtle"
2026-09-28 21:07:59.083 - INFO: Query planning done in 1 ms
2026-09-28 21:07:59.187 - INFO: Result has unknown size (not computed yet)
2026-09-28 21:08:06.073 - INFO: Done processing query and sending result, total time was 6,990 ms
2026-09-28 21:09:01.874 - INFO: 
2026-09-28 21:09:01.874 - INFO: Request received via GET, no content type specified
2026-09-28 21:09:01.874 - INFO: Processing command "clear-cache": clear the cache (unpinned elements only)
2026-09-28 21:09:01.892 - INFO: 
2026-09-28 21:09:01.892 - INFO: Request received via POST, content type "application/x-www-form-urlencoded"
2026-09-28 21:09:01.893 - INFO: Processing the following SPARQL query:
# Tier H — size-sweep, year <= 1990
# Goal: isolate export cost from query-planning cost. Raise the year bound
# across runs, for example 1970, 1990, 2010, and 2023.
PREFIX dblp: <https://dblp.org/rdf/schema#>

CONSTRUCT { ?s ?p ?o }
WHERE {
  ?s a dblp:Publication ;
     dblp:yearOfPublication ?year ;
     ?p ?o .
  FILTER(?year <= "1990"^^<http://www.w3.org/2001/XMLSchema#gYear>)
}

2026-09-28 21:09:01.893 - INFO: Requested media types of the result are: "text/turtle"
2026-09-28 21:09:01.894 - INFO: Query planning done in 1 ms
2026-09-28 21:09:01.975 - INFO: Result has unknown size (not computed yet)
2026-09-28 21:09:08.119 - INFO: Done processing query and sending result, total time was 6,226 ms
2026-09-28 21:09:08.138 - INFO: 
2026-09-28 21:09:08.138 - INFO: Request received via GET, no content type specified
2026-09-28 21:09:08.138 - INFO: Processing command "clear-cache": clear the cache (unpinned elements only)
2026-09-28 21:09:08.156 - INFO: 
2026-09-28 21:09:08.156 - INFO: Request received via POST, content type "application/x-www-form-urlencoded"
2026-09-28 21:09:08.157 - INFO: Processing the following SPARQL query:
# Tier H — size-sweep, year <= 1990
# Goal: isolate export cost from query-planning cost. Raise the year bound
# across runs, for example 1970, 1990, 2010, and 2023.
PREFIX dblp: <https://dblp.org/rdf/schema#>

CONSTRUCT { ?s ?p ?o }
WHERE {
  ?s a dblp:Publication ;
     dblp:yearOfPublication ?year ;
     ?p ?o .
  FILTER(?year <= "1990"^^<http://www.w3.org/2001/XMLSchema#gYear>)
}

2026-09-28 21:09:08.157 - INFO: Requested media types of the result are: "text/turtle"
2026-09-28 21:09:08.158 - INFO: Query planning done in 1 ms
2026-09-28 21:09:08.260 - INFO: Result has unknown size (not computed yet)
2026-09-28 21:09:14.863 - INFO: Done processing query and sending result, total time was 6,706 ms
2026-09-28 21:10:10.528 - INFO: 
2026-09-28 21:10:10.528 - INFO: Request received via GET, no content type specified
2026-09-28 21:10:10.528 - INFO: Processing command "clear-cache": clear the cache (unpinned elements only)
2026-09-28 21:10:10.546 - INFO: 
2026-09-28 21:10:10.546 - INFO: Request received via POST, content type "application/x-www-form-urlencoded"
2026-09-28 21:10:10.546 - INFO: Processing the following SPARQL query:
# Tier H — size-sweep, year <= 1990
# Goal: isolate export cost from query-planning cost. Raise the year bound
# across runs, for example 1970, 1990, 2010, and 2023.
PREFIX dblp: <https://dblp.org/rdf/schema#>

CONSTRUCT { ?s ?p ?o }
WHERE {
  ?s a dblp:Publication ;
     dblp:yearOfPublication ?year ;
     ?p ?o .
  FILTER(?year <= "1990"^^<http://www.w3.org/2001/XMLSchema#gYear>)
}

2026-09-28 21:10:10.546 - INFO: Requested media types of the result are: "text/turtle"
2026-09-28 21:10:10.548 - INFO: Query planning done in 1 ms
2026-09-28 21:10:10.630 - INFO: Result has unknown size (not computed yet)
2026-09-28 21:10:17.122 - INFO: Done processing query and sending result, total time was 6,575 ms
2026-09-28 21:10:17.141 - INFO: 
2026-09-28 21:10:17.141 - INFO: Request received via GET, no content type specified
2026-09-28 21:10:17.141 - INFO: Processing command "clear-cache": clear the cache (unpinned elements only)
2026-09-28 21:10:17.159 - INFO: 
2026-09-28 21:10:17.159 - INFO: Request received via POST, content type "application/x-www-form-urlencoded"
2026-09-28 21:10:17.159 - INFO: Processing the following SPARQL query:
# Tier H — size-sweep, year <= 1990
# Goal: isolate export cost from query-planning cost. Raise the year bound
# across runs, for example 1970, 1990, 2010, and 2023.
PREFIX dblp: <https://dblp.org/rdf/schema#>

CONSTRUCT { ?s ?p ?o }
WHERE {
  ?s a dblp:Publication ;
     dblp:yearOfPublication ?year ;
     ?p ?o .
  FILTER(?year <= "1990"^^<http://www.w3.org/2001/XMLSchema#gYear>)
}

2026-09-28 21:10:17.159 - INFO: Requested media types of the result are: "text/turtle"
2026-09-28 21:10:17.160 - INFO: Query planning done in 1 ms
2026-09-28 21:10:17.234 - INFO: Result has unknown size (not computed yet)
2026-09-28 21:10:23.492 - INFO: Done processing query and sending result, total time was 6,333 ms
2026-09-28 21:11:17.897 - INFO: 
2026-09-28 21:11:17.897 - INFO: Request received via GET, no content type specified
2026-09-28 21:11:17.897 - INFO: Processing command "clear-cache": clear the cache (unpinned elements only)
2026-09-28 21:11:17.915 - INFO: 
2026-09-28 21:11:17.915 - INFO: Request received via POST, content type "application/x-www-form-urlencoded"
2026-09-28 21:11:17.916 - INFO: Processing the following SPARQL query:
# Tier H — size-sweep, year <= 1990
# Goal: isolate export cost from query-planning cost. Raise the year bound
# across runs, for example 1970, 1990, 2010, and 2023.
PREFIX dblp: <https://dblp.org/rdf/schema#>

CONSTRUCT { ?s ?p ?o }
WHERE {
  ?s a dblp:Publication ;
     dblp:yearOfPublication ?year ;
     ?p ?o .
  FILTER(?year <= "1990"^^<http://www.w3.org/2001/XMLSchema#gYear>)
}

2026-09-28 21:11:17.916 - INFO: Requested media types of the result are: "text/turtle"
2026-09-28 21:11:17.917 - INFO: Query planning done in 1 ms
2026-09-28 21:11:18.023 - INFO: Result has unknown size (not computed yet)
2026-09-28 21:11:24.706 - INFO: Done processing query and sending result, total time was 6,791 ms
2026-09-28 21:11:24.726 - INFO: 
2026-09-28 21:11:24.726 - INFO: Request received via GET, no content type specified
2026-09-28 21:11:24.726 - INFO: Processing command "clear-cache": clear the cache (unpinned elements only)
2026-09-28 21:11:24.744 - INFO: 
2026-09-28 21:11:24.744 - INFO: Request received via POST, content type "application/x-www-form-urlencoded"
2026-09-28 21:11:24.745 - INFO: Processing the following SPARQL query:
# Tier H — size-sweep, year <= 1990
# Goal: isolate export cost from query-planning cost. Raise the year bound
# across runs, for example 1970, 1990, 2010, and 2023.
PREFIX dblp: <https://dblp.org/rdf/schema#>

CONSTRUCT { ?s ?p ?o }
WHERE {
  ?s a dblp:Publication ;
     dblp:yearOfPublication ?year ;
     ?p ?o .
  FILTER(?year <= "1990"^^<http://www.w3.org/2001/XMLSchema#gYear>)
}

2026-09-28 21:11:24.745 - INFO: Requested media types of the result are: "text/turtle"
2026-09-28 21:11:24.746 - INFO: Query planning done in 1 ms
2026-09-28 21:11:24.828 - INFO: Result has unknown size (not computed yet)
2026-09-28 21:11:30.910 - INFO: Done processing query and sending result, total time was 6,165 ms
2026-09-28 21:12:27.725 - INFO: 
2026-09-28 21:12:27.725 - INFO: Request received via GET, no content type specified
2026-09-28 21:12:27.725 - INFO: Processing command "clear-cache": clear the cache (unpinned elements only)
2026-09-28 21:12:27.743 - INFO: 
2026-09-28 21:12:27.743 - INFO: Request received via POST, content type "application/x-www-form-urlencoded"
2026-09-28 21:12:27.744 - INFO: Processing the following SPARQL query:
# Tier H — size-sweep, year <= 1990
# Goal: isolate export cost from query-planning cost. Raise the year bound
# across runs, for example 1970, 1990, 2010, and 2023.
PREFIX dblp: <https://dblp.org/rdf/schema#>

CONSTRUCT { ?s ?p ?o }
WHERE {
  ?s a dblp:Publication ;
     dblp:yearOfPublication ?year ;
     ?p ?o .
  FILTER(?year <= "1990"^^<http://www.w3.org/2001/XMLSchema#gYear>)
}

2026-09-28 21:12:27.744 - INFO: Requested media types of the result are: "text/turtle"
2026-09-28 21:12:27.745 - INFO: Query planning done in 1 ms
2026-09-28 21:12:27.825 - INFO: Result has unknown size (not computed yet)
2026-09-28 21:12:34.175 - INFO: Done processing query and sending result, total time was 6,431 ms
2026-09-28 21:12:34.195 - INFO: 
2026-09-28 21:12:34.195 - INFO: Request received via GET, no content type specified
2026-09-28 21:12:34.195 - INFO: Processing command "clear-cache": clear the cache (unpinned elements only)
2026-09-28 21:12:34.213 - INFO: 
2026-09-28 21:12:34.213 - INFO: Request received via POST, content type "application/x-www-form-urlencoded"
2026-09-28 21:12:34.214 - INFO: Processing the following SPARQL query:
# Tier H — size-sweep, year <= 1990
# Goal: isolate export cost from query-planning cost. Raise the year bound
# across runs, for example 1970, 1990, 2010, and 2023.
PREFIX dblp: <https://dblp.org/rdf/schema#>

CONSTRUCT { ?s ?p ?o }
WHERE {
  ?s a dblp:Publication ;
     dblp:yearOfPublication ?year ;
     ?p ?o .
  FILTER(?year <= "1990"^^<http://www.w3.org/2001/XMLSchema#gYear>)
}

2026-09-28 21:12:34.214 - INFO: Requested media types of the result are: "text/turtle"
2026-09-28 21:12:34.215 - INFO: Query planning done in 2 ms
2026-09-28 21:12:34.315 - INFO: Result has unknown size (not computed yet)
2026-09-28 21:12:40.656 - INFO: Done processing query and sending result, total time was 6,442 ms
2026-09-28 21:13:35.883 - INFO: 
2026-09-28 21:13:35.883 - INFO: Request received via GET, no content type specified
2026-09-28 21:13:35.883 - INFO: Processing command "clear-cache": clear the cache (unpinned elements only)
2026-09-28 21:13:35.901 - INFO: 
2026-09-28 21:13:35.901 - INFO: Request received via POST, content type "application/x-www-form-urlencoded"
2026-09-28 21:13:35.901 - INFO: Processing the following SPARQL query:
# Tier H — size-sweep, year <= 1990
# Goal: isolate export cost from query-planning cost. Raise the year bound
# across runs, for example 1970, 1990, 2010, and 2023.
PREFIX dblp: <https://dblp.org/rdf/schema#>

CONSTRUCT { ?s ?p ?o }
WHERE {
  ?s a dblp:Publication ;
     dblp:yearOfPublication ?year ;
     ?p ?o .
  FILTER(?year <= "1990"^^<http://www.w3.org/2001/XMLSchema#gYear>)
}

2026-09-28 21:13:35.901 - INFO: Requested media types of the result are: "text/turtle"
2026-09-28 21:13:35.903 - INFO: Query planning done in 1 ms
2026-09-28 21:13:35.985 - INFO: Result has unknown size (not computed yet)
2026-09-28 21:13:42.194 - INFO: Done processing query and sending result, total time was 6,292 ms
2026-09-28 21:13:42.215 - INFO: 
2026-09-28 21:13:42.215 - INFO: Request received via GET, no content type specified
2026-09-28 21:13:42.215 - INFO: Processing command "clear-cache": clear the cache (unpinned elements only)
2026-09-28 21:13:42.234 - INFO: 
2026-09-28 21:13:42.234 - INFO: Request received via POST, content type "application/x-www-form-urlencoded"
2026-09-28 21:13:42.234 - INFO: Processing the following SPARQL query:
# Tier H — size-sweep, year <= 1990
# Goal: isolate export cost from query-planning cost. Raise the year bound
# across runs, for example 1970, 1990, 2010, and 2023.
PREFIX dblp: <https://dblp.org/rdf/schema#>

CONSTRUCT { ?s ?p ?o }
WHERE {
  ?s a dblp:Publication ;
     dblp:yearOfPublication ?year ;
     ?p ?o .
  FILTER(?year <= "1990"^^<http://www.w3.org/2001/XMLSchema#gYear>)
}

2026-09-28 21:13:42.234 - INFO: Requested media types of the result are: "text/turtle"
2026-09-28 21:13:42.235 - INFO: Query planning done in 1 ms
2026-09-28 21:13:42.317 - INFO: Result has unknown size (not computed yet)
2026-09-28 21:13:48.418 - INFO: Done processing query and sending result, total time was 6,184 ms
2026-09-28 21:14:43.787 - INFO: 
2026-09-28 21:14:43.787 - INFO: Request received via GET, no content type specified
2026-09-28 21:14:43.787 - INFO: Processing command "clear-cache": clear the cache (unpinned elements only)
2026-09-28 21:14:43.805 - INFO: 
2026-09-28 21:14:43.805 - INFO: Request received via POST, content type "application/x-www-form-urlencoded"
2026-09-28 21:14:43.805 - INFO: Processing the following SPARQL query:
# Tier H — size-sweep, year <= 1990
# Goal: isolate export cost from query-planning cost. Raise the year bound
# across runs, for example 1970, 1990, 2010, and 2023.
PREFIX dblp: <https://dblp.org/rdf/schema#>

CONSTRUCT { ?s ?p ?o }
WHERE {
  ?s a dblp:Publication ;
     dblp:yearOfPublication ?year ;
     ?p ?o .
  FILTER(?year <= "1990"^^<http://www.w3.org/2001/XMLSchema#gYear>)
}

2026-09-28 21:14:43.805 - INFO: Requested media types of the result are: "text/turtle"
2026-09-28 21:14:43.806 - INFO: Query planning done in 1 ms
2026-09-28 21:14:43.887 - INFO: Result has unknown size (not computed yet)
2026-09-28 21:14:50.124 - INFO: Done processing query and sending result, total time was 6,318 ms
2026-09-28 21:14:50.144 - INFO: 
2026-09-28 21:14:50.144 - INFO: Request received via GET, no content type specified
2026-09-28 21:14:50.144 - INFO: Processing command "clear-cache": clear the cache (unpinned elements only)
2026-09-28 21:14:50.162 - INFO: 
2026-09-28 21:14:50.162 - INFO: Request received via POST, content type "application/x-www-form-urlencoded"
2026-09-28 21:14:50.162 - INFO: Processing the following SPARQL query:
# Tier H — size-sweep, year <= 1990
# Goal: isolate export cost from query-planning cost. Raise the year bound
# across runs, for example 1970, 1990, 2010, and 2023.
PREFIX dblp: <https://dblp.org/rdf/schema#>

CONSTRUCT { ?s ?p ?o }
WHERE {
  ?s a dblp:Publication ;
     dblp:yearOfPublication ?year ;
     ?p ?o .
  FILTER(?year <= "1990"^^<http://www.w3.org/2001/XMLSchema#gYear>)
}

2026-09-28 21:14:50.162 - INFO: Requested media types of the result are: "text/turtle"
2026-09-28 21:14:50.163 - INFO: Query planning done in 1 ms
2026-09-28 21:14:50.268 - INFO: Result has unknown size (not computed yet)
2026-09-28 21:14:56.765 - INFO: Done processing query and sending result, total time was 6,602 ms
2026-09-28 21:15:45.258 - INFO: 
2026-09-28 21:15:45.258 - INFO: Request received via GET, no content type specified
2026-09-28 21:15:45.258 - INFO: Processing command "clear-cache": clear the cache (unpinned elements only)
2026-09-28 21:15:45.297 - INFO: 
2026-09-28 21:15:45.297 - INFO: Request received via POST, content type "application/x-www-form-urlencoded"
2026-09-28 21:15:45.297 - INFO: Processing the following SPARQL query:
# Tier H — size-sweep, year <= 1990
# Goal: isolate export cost from query-planning cost. Raise the year bound
# across runs, for example 1970, 1990, 2010, and 2023.
PREFIX dblp: <https://dblp.org/rdf/schema#>

CONSTRUCT { ?s ?p ?o }
WHERE {
  ?s a dblp:Publication ;
     dblp:yearOfPublication ?year ;
     ?p ?o .
  FILTER(?year <= "1990"^^<http://www.w3.org/2001/XMLSchema#gYear>)
}

2026-09-28 21:15:45.297 - INFO: Requested media types of the result are: "text/turtle"
2026-09-28 21:15:45.298 - INFO: Query planning done in 1 ms
2026-09-28 21:15:45.383 - INFO: Result has unknown size (not computed yet)
2026-09-28 21:15:52.170 - INFO: Done processing query and sending result, total time was 6,873 ms
