2026-09-28 20:35:54.561 - INFO: [1mQLever server v0.6.0-199-g390a8de69, compiled on Mon Sep 28 17:53:16 UTC 2026 using git hash 390a8de[22m
2026-09-28 20:35:54.561 - INFO: Cleanup of previous index directories after each rebuild enabled (--rebuild-keep-previous-index-dirs original-and-most-recent)
2026-09-28 20:35:54.562 - INFO: The git hash used to build this index was "65f84b4"
2026-09-28 20:35:54.562 - INFO: Reading vocabulary from file /local/data-ssd/stoetzem/dblp/dblp.vocabulary.words ...
2026-09-28 20:35:54.571 - INFO: Done, number of words: 446,944,668
2026-09-28 20:35:54.571 - INFO: Number of words in internal vocabulary (these are also part of the external vocabulary): 446,955
2026-09-28 20:35:54.577 - INFO: Registered PSO permutation: #relations = 6, #blocks = 8,187, #triples = 255,805,025
2026-09-28 20:35:54.599 - INFO: Registered PSO permutation: #relations = 96, #blocks = 51,023, #triples = 1,593,245,022
2026-09-28 20:35:54.602 - INFO: Registered POS permutation: #relations = 6, #blocks = 8,187, #triples = 255,805,025
2026-09-28 20:35:54.624 - INFO: Registered POS permutation: #relations = 96, #blocks = 51,023, #triples = 1,593,245,022
2026-09-28 20:35:54.642 - INFO: Registered OPS permutation: #relations = 345,357,897, #blocks = 42,492, #triples = 1,593,245,022
2026-09-28 20:35:54.660 - INFO: Registered OSP permutation: #relations = 345,357,897, #blocks = 42,492, #triples = 1,593,245,022
2026-09-28 20:35:54.673 - INFO: Registered SPO permutation: #relations = 255,804,614, #blocks = 33,993, #triples = 1,593,245,022
2026-09-28 20:35:54.683 - INFO: Registered SOP permutation: #relations = 255,804,614, #blocks = 33,993, #triples = 1,593,245,022
2026-09-28 20:35:54.683 - INFO: Reading patterns from file /local/data-ssd/stoetzem/dblp/dblp.index.patterns ...
2026-09-28 20:35:54.683 - INFO: Sorting random result tables to estimate the sorting performance of this machine ...
2026-09-28 20:36:03.101 - INFO: Initializing server ...
2026-09-28 20:36:03.101 - INFO: No access token required for restricted API calls
2026-09-28 20:36:03.101 - INFO: The server is ready, listening for requests on port 7301 ...
2026-09-28 20:36:57.686 - INFO: 
2026-09-28 20:36:57.686 - INFO: Request received via GET, no content type specified
2026-09-28 20:36:57.686 - INFO: Processing command "clear-cache": clear the cache (unpinned elements only)
2026-09-28 20:36:57.705 - INFO: 
2026-09-28 20:36:57.705 - INFO: Request received via POST, content type "application/x-www-form-urlencoded"
2026-09-28 20:36:57.707 - INFO: Processing the following SPARQL query:
# Tier H-vocab — title literals, large
# Goal: external-vocabulary lookup pressure with larger bounded output.
PREFIX dblp: <https://dblp.org/rdf/schema#>

CONSTRUCT { ?paper dblp:title ?title }
WHERE {
  ?paper dblp:title ?title .
}
LIMIT 100000

2026-09-28 20:36:57.707 - INFO: Requested media types of the result are: "text/turtle"
2026-09-28 20:36:57.710 - INFO: Query planning done in 4 ms
2026-09-28 20:36:57.710 - INFO: Result has unknown size (not computed yet)
2026-09-28 20:36:58.640 - INFO: Done processing query and sending result, total time was 935 ms
2026-09-28 20:37:00.749 - INFO: 
2026-09-28 20:37:00.749 - INFO: Request received via GET, no content type specified
2026-09-28 20:37:00.749 - INFO: Processing command "clear-cache": clear the cache (unpinned elements only)
2026-09-28 20:37:00.767 - INFO: 
2026-09-28 20:37:00.767 - INFO: Request received via POST, content type "application/x-www-form-urlencoded"
2026-09-28 20:37:00.767 - INFO: Processing the following SPARQL query:
# Tier H-vocab — title literals, large
# Goal: external-vocabulary lookup pressure with larger bounded output.
PREFIX dblp: <https://dblp.org/rdf/schema#>

CONSTRUCT { ?paper dblp:title ?title }
WHERE {
  ?paper dblp:title ?title .
}
LIMIT 100000

2026-09-28 20:37:00.767 - INFO: Requested media types of the result are: "text/turtle"
2026-09-28 20:37:00.768 - INFO: Query planning done in 0 ms
2026-09-28 20:37:00.768 - INFO: Result has unknown size (not computed yet)
2026-09-28 20:37:01.066 - INFO: Done processing query and sending result, total time was 298 ms
2026-09-28 20:37:01.086 - INFO: 
2026-09-28 20:37:01.086 - INFO: Request received via GET, no content type specified
2026-09-28 20:37:01.086 - INFO: Processing command "clear-cache": clear the cache (unpinned elements only)
2026-09-28 20:37:01.105 - INFO: 
2026-09-28 20:37:01.105 - INFO: Request received via POST, content type "application/x-www-form-urlencoded"
2026-09-28 20:37:01.105 - INFO: Processing the following SPARQL query:
# Tier H-vocab — title literals, large
# Goal: external-vocabulary lookup pressure with larger bounded output.
PREFIX dblp: <https://dblp.org/rdf/schema#>

CONSTRUCT { ?paper dblp:title ?title }
WHERE {
  ?paper dblp:title ?title .
}
LIMIT 100000

2026-09-28 20:37:01.105 - INFO: Requested media types of the result are: "text/turtle"
2026-09-28 20:37:01.105 - INFO: Query planning done in 0 ms
2026-09-28 20:37:01.105 - INFO: Result has unknown size (not computed yet)
2026-09-28 20:37:01.404 - INFO: Done processing query and sending result, total time was 299 ms
2026-09-28 20:37:01.424 - INFO: 
2026-09-28 20:37:01.424 - INFO: Request received via GET, no content type specified
2026-09-28 20:37:01.424 - INFO: Processing command "clear-cache": clear the cache (unpinned elements only)
2026-09-28 20:37:01.442 - INFO: 
2026-09-28 20:37:01.442 - INFO: Request received via POST, content type "application/x-www-form-urlencoded"
2026-09-28 20:37:01.443 - INFO: Processing the following SPARQL query:
# Tier H-vocab — title literals, large
# Goal: external-vocabulary lookup pressure with larger bounded output.
PREFIX dblp: <https://dblp.org/rdf/schema#>

CONSTRUCT { ?paper dblp:title ?title }
WHERE {
  ?paper dblp:title ?title .
}
LIMIT 100000

2026-09-28 20:37:01.443 - INFO: Requested media types of the result are: "text/turtle"
2026-09-28 20:37:01.443 - INFO: Query planning done in 0 ms
2026-09-28 20:37:01.443 - INFO: Result has unknown size (not computed yet)
2026-09-28 20:37:01.741 - INFO: Done processing query and sending result, total time was 298 ms
2026-09-28 20:37:01.761 - INFO: 
2026-09-28 20:37:01.761 - INFO: Request received via GET, no content type specified
2026-09-28 20:37:01.761 - INFO: Processing command "clear-cache": clear the cache (unpinned elements only)
2026-09-28 20:37:01.778 - INFO: 
2026-09-28 20:37:01.778 - INFO: Request received via POST, content type "application/x-www-form-urlencoded"
2026-09-28 20:37:01.779 - INFO: Processing the following SPARQL query:
# Tier H-vocab — title literals, large
# Goal: external-vocabulary lookup pressure with larger bounded output.
PREFIX dblp: <https://dblp.org/rdf/schema#>

CONSTRUCT { ?paper dblp:title ?title }
WHERE {
  ?paper dblp:title ?title .
}
LIMIT 100000

2026-09-28 20:37:01.779 - INFO: Requested media types of the result are: "text/turtle"
2026-09-28 20:37:01.779 - INFO: Query planning done in 0 ms
2026-09-28 20:37:01.779 - INFO: Result has unknown size (not computed yet)
2026-09-28 20:37:02.077 - INFO: Done processing query and sending result, total time was 298 ms
2026-09-28 20:37:02.097 - INFO: 
2026-09-28 20:37:02.097 - INFO: Request received via GET, no content type specified
2026-09-28 20:37:02.097 - INFO: Processing command "clear-cache": clear the cache (unpinned elements only)
2026-09-28 20:37:02.115 - INFO: 
2026-09-28 20:37:02.115 - INFO: Request received via POST, content type "application/x-www-form-urlencoded"
2026-09-28 20:37:02.116 - INFO: Processing the following SPARQL query:
# Tier H-vocab — title literals, large
# Goal: external-vocabulary lookup pressure with larger bounded output.
PREFIX dblp: <https://dblp.org/rdf/schema#>

CONSTRUCT { ?paper dblp:title ?title }
WHERE {
  ?paper dblp:title ?title .
}
LIMIT 100000

2026-09-28 20:37:02.116 - INFO: Requested media types of the result are: "text/turtle"
2026-09-28 20:37:02.116 - INFO: Query planning done in 0 ms
2026-09-28 20:37:02.116 - INFO: Result has unknown size (not computed yet)
2026-09-28 20:37:02.408 - INFO: Done processing query and sending result, total time was 292 ms
2026-09-28 20:37:02.428 - INFO: 
2026-09-28 20:37:02.428 - INFO: Request received via GET, no content type specified
2026-09-28 20:37:02.428 - INFO: Processing command "clear-cache": clear the cache (unpinned elements only)
2026-09-28 20:37:02.446 - INFO: 
2026-09-28 20:37:02.446 - INFO: Request received via POST, content type "application/x-www-form-urlencoded"
2026-09-28 20:37:02.446 - INFO: Processing the following SPARQL query:
# Tier H-vocab — title literals, large
# Goal: external-vocabulary lookup pressure with larger bounded output.
PREFIX dblp: <https://dblp.org/rdf/schema#>

CONSTRUCT { ?paper dblp:title ?title }
WHERE {
  ?paper dblp:title ?title .
}
LIMIT 100000

2026-09-28 20:37:02.446 - INFO: Requested media types of the result are: "text/turtle"
2026-09-28 20:37:02.447 - INFO: Query planning done in 0 ms
2026-09-28 20:37:02.447 - INFO: Result has unknown size (not computed yet)
2026-09-28 20:37:02.737 - INFO: Done processing query and sending result, total time was 291 ms
2026-09-28 20:37:02.757 - INFO: 
2026-09-28 20:37:02.757 - INFO: Request received via GET, no content type specified
2026-09-28 20:37:02.757 - INFO: Processing command "clear-cache": clear the cache (unpinned elements only)
2026-09-28 20:37:02.775 - INFO: 
2026-09-28 20:37:02.775 - INFO: Request received via POST, content type "application/x-www-form-urlencoded"
2026-09-28 20:37:02.775 - INFO: Processing the following SPARQL query:
# Tier H-vocab — title literals, large
# Goal: external-vocabulary lookup pressure with larger bounded output.
PREFIX dblp: <https://dblp.org/rdf/schema#>

CONSTRUCT { ?paper dblp:title ?title }
WHERE {
  ?paper dblp:title ?title .
}
LIMIT 100000

2026-09-28 20:37:02.775 - INFO: Requested media types of the result are: "text/turtle"
2026-09-28 20:37:02.775 - INFO: Query planning done in 0 ms
2026-09-28 20:37:02.776 - INFO: Result has unknown size (not computed yet)
2026-09-28 20:37:03.076 - INFO: Done processing query and sending result, total time was 300 ms
2026-09-28 20:37:03.097 - INFO: 
2026-09-28 20:37:03.097 - INFO: Request received via GET, no content type specified
2026-09-28 20:37:03.097 - INFO: Processing command "clear-cache": clear the cache (unpinned elements only)
2026-09-28 20:37:03.115 - INFO: 
2026-09-28 20:37:03.115 - INFO: Request received via POST, content type "application/x-www-form-urlencoded"
2026-09-28 20:37:03.115 - INFO: Processing the following SPARQL query:
# Tier H-vocab — title literals, large
# Goal: external-vocabulary lookup pressure with larger bounded output.
PREFIX dblp: <https://dblp.org/rdf/schema#>

CONSTRUCT { ?paper dblp:title ?title }
WHERE {
  ?paper dblp:title ?title .
}
LIMIT 100000

2026-09-28 20:37:03.115 - INFO: Requested media types of the result are: "text/turtle"
2026-09-28 20:37:03.115 - INFO: Query planning done in 0 ms
2026-09-28 20:37:03.116 - INFO: Result has unknown size (not computed yet)
2026-09-28 20:37:03.443 - INFO: Done processing query and sending result, total time was 328 ms
2026-09-28 20:37:03.472 - INFO: 
2026-09-28 20:37:03.472 - INFO: Request received via GET, no content type specified
2026-09-28 20:37:03.472 - INFO: Processing command "clear-cache": clear the cache (unpinned elements only)
2026-09-28 20:37:03.490 - INFO: 
2026-09-28 20:37:03.490 - INFO: Request received via POST, content type "application/x-www-form-urlencoded"
2026-09-28 20:37:03.491 - INFO: Processing the following SPARQL query:
# Tier H-vocab — title literals, large
# Goal: external-vocabulary lookup pressure with larger bounded output.
PREFIX dblp: <https://dblp.org/rdf/schema#>

CONSTRUCT { ?paper dblp:title ?title }
WHERE {
  ?paper dblp:title ?title .
}
LIMIT 100000

2026-09-28 20:37:03.491 - INFO: Requested media types of the result are: "text/turtle"
2026-09-28 20:37:03.491 - INFO: Query planning done in 0 ms
2026-09-28 20:37:03.491 - INFO: Result has unknown size (not computed yet)
2026-09-28 20:37:03.779 - INFO: Done processing query and sending result, total time was 288 ms
2026-09-28 20:37:03.799 - INFO: 
2026-09-28 20:37:03.799 - INFO: Request received via GET, no content type specified
2026-09-28 20:37:03.799 - INFO: Processing command "clear-cache": clear the cache (unpinned elements only)
2026-09-28 20:37:03.817 - INFO: 
2026-09-28 20:37:03.817 - INFO: Request received via POST, content type "application/x-www-form-urlencoded"
2026-09-28 20:37:03.817 - INFO: Processing the following SPARQL query:
# Tier H-vocab — title literals, large
# Goal: external-vocabulary lookup pressure with larger bounded output.
PREFIX dblp: <https://dblp.org/rdf/schema#>

CONSTRUCT { ?paper dblp:title ?title }
WHERE {
  ?paper dblp:title ?title .
}
LIMIT 100000

2026-09-28 20:37:03.817 - INFO: Requested media types of the result are: "text/turtle"
2026-09-28 20:37:03.817 - INFO: Query planning done in 0 ms
2026-09-28 20:37:03.817 - INFO: Result has unknown size (not computed yet)
2026-09-28 20:37:04.098 - INFO: Done processing query and sending result, total time was 281 ms
2026-09-28 20:37:04.118 - INFO: 
2026-09-28 20:37:04.118 - INFO: Request received via GET, no content type specified
2026-09-28 20:37:04.118 - INFO: Processing command "clear-cache": clear the cache (unpinned elements only)
2026-09-28 20:37:04.136 - INFO: 
2026-09-28 20:37:04.136 - INFO: Request received via POST, content type "application/x-www-form-urlencoded"
2026-09-28 20:37:04.136 - INFO: Processing the following SPARQL query:
# Tier H-vocab — title literals, large
# Goal: external-vocabulary lookup pressure with larger bounded output.
PREFIX dblp: <https://dblp.org/rdf/schema#>

CONSTRUCT { ?paper dblp:title ?title }
WHERE {
  ?paper dblp:title ?title .
}
LIMIT 100000

2026-09-28 20:37:04.136 - INFO: Requested media types of the result are: "text/turtle"
2026-09-28 20:37:04.136 - INFO: Query planning done in 0 ms
2026-09-28 20:37:04.137 - INFO: Result has unknown size (not computed yet)
2026-09-28 20:37:04.419 - INFO: Done processing query and sending result, total time was 283 ms
2026-09-28 20:37:45.968 - INFO: 
2026-09-28 20:37:45.968 - INFO: Request received via GET, no content type specified
2026-09-28 20:37:45.968 - INFO: Processing command "clear-cache": clear the cache (unpinned elements only)
2026-09-28 20:37:45.993 - INFO: 
2026-09-28 20:37:45.993 - INFO: Request received via POST, content type "application/x-www-form-urlencoded"
2026-09-28 20:37:45.994 - INFO: Processing the following SPARQL query:
# Tier H-vocab — title literals, large
# Goal: external-vocabulary lookup pressure with larger bounded output.
PREFIX dblp: <https://dblp.org/rdf/schema#>

CONSTRUCT { ?paper dblp:title ?title }
WHERE {
  ?paper dblp:title ?title .
}
LIMIT 100000

2026-09-28 20:37:45.994 - INFO: Requested media types of the result are: "text/turtle"
2026-09-28 20:37:45.994 - INFO: Query planning done in 0 ms
2026-09-28 20:37:45.994 - INFO: Result has unknown size (not computed yet)
2026-09-28 20:37:46.295 - INFO: Done processing query and sending result, total time was 301 ms
2026-09-28 20:37:46.315 - INFO: 
2026-09-28 20:37:46.315 - INFO: Request received via GET, no content type specified
2026-09-28 20:37:46.315 - INFO: Processing command "clear-cache": clear the cache (unpinned elements only)
2026-09-28 20:37:46.333 - INFO: 
2026-09-28 20:37:46.333 - INFO: Request received via POST, content type "application/x-www-form-urlencoded"
2026-09-28 20:37:46.333 - INFO: Processing the following SPARQL query:
# Tier H-vocab — title literals, large
# Goal: external-vocabulary lookup pressure with larger bounded output.
PREFIX dblp: <https://dblp.org/rdf/schema#>

CONSTRUCT { ?paper dblp:title ?title }
WHERE {
  ?paper dblp:title ?title .
}
LIMIT 100000

2026-09-28 20:37:46.333 - INFO: Requested media types of the result are: "text/turtle"
2026-09-28 20:37:46.333 - INFO: Query planning done in 0 ms
2026-09-28 20:37:46.334 - INFO: Result has unknown size (not computed yet)
2026-09-28 20:37:46.634 - INFO: Done processing query and sending result, total time was 301 ms
2026-09-28 20:37:46.654 - INFO: 
2026-09-28 20:37:46.654 - INFO: Request received via GET, no content type specified
2026-09-28 20:37:46.654 - INFO: Processing command "clear-cache": clear the cache (unpinned elements only)
2026-09-28 20:37:46.672 - INFO: 
2026-09-28 20:37:46.672 - INFO: Request received via POST, content type "application/x-www-form-urlencoded"
2026-09-28 20:37:46.672 - INFO: Processing the following SPARQL query:
# Tier H-vocab — title literals, large
# Goal: external-vocabulary lookup pressure with larger bounded output.
PREFIX dblp: <https://dblp.org/rdf/schema#>

CONSTRUCT { ?paper dblp:title ?title }
WHERE {
  ?paper dblp:title ?title .
}
LIMIT 100000

2026-09-28 20:37:46.672 - INFO: Requested media types of the result are: "text/turtle"
2026-09-28 20:37:46.672 - INFO: Query planning done in 0 ms
2026-09-28 20:37:46.673 - INFO: Result has unknown size (not computed yet)
2026-09-28 20:37:46.972 - INFO: Done processing query and sending result, total time was 300 ms
2026-09-28 20:37:46.992 - INFO: 
2026-09-28 20:37:46.992 - INFO: Request received via GET, no content type specified
2026-09-28 20:37:46.992 - INFO: Processing command "clear-cache": clear the cache (unpinned elements only)
2026-09-28 20:37:47.010 - INFO: 
2026-09-28 20:37:47.010 - INFO: Request received via POST, content type "application/x-www-form-urlencoded"
2026-09-28 20:37:47.011 - INFO: Processing the following SPARQL query:
# Tier H-vocab — title literals, large
# Goal: external-vocabulary lookup pressure with larger bounded output.
PREFIX dblp: <https://dblp.org/rdf/schema#>

CONSTRUCT { ?paper dblp:title ?title }
WHERE {
  ?paper dblp:title ?title .
}
LIMIT 100000

2026-09-28 20:37:47.011 - INFO: Requested media types of the result are: "text/turtle"
2026-09-28 20:37:47.011 - INFO: Query planning done in 0 ms
2026-09-28 20:37:47.011 - INFO: Result has unknown size (not computed yet)
2026-09-28 20:37:47.310 - INFO: Done processing query and sending result, total time was 299 ms
2026-09-28 20:37:47.330 - INFO: 
2026-09-28 20:37:47.330 - INFO: Request received via GET, no content type specified
2026-09-28 20:37:47.330 - INFO: Processing command "clear-cache": clear the cache (unpinned elements only)
2026-09-28 20:37:47.347 - INFO: 
2026-09-28 20:37:47.347 - INFO: Request received via POST, content type "application/x-www-form-urlencoded"
2026-09-28 20:37:47.348 - INFO: Processing the following SPARQL query:
# Tier H-vocab — title literals, large
# Goal: external-vocabulary lookup pressure with larger bounded output.
PREFIX dblp: <https://dblp.org/rdf/schema#>

CONSTRUCT { ?paper dblp:title ?title }
WHERE {
  ?paper dblp:title ?title .
}
LIMIT 100000

2026-09-28 20:37:47.348 - INFO: Requested media types of the result are: "text/turtle"
2026-09-28 20:37:47.348 - INFO: Query planning done in 0 ms
2026-09-28 20:37:47.348 - INFO: Result has unknown size (not computed yet)
2026-09-28 20:37:47.645 - INFO: Done processing query and sending result, total time was 297 ms
2026-09-28 20:37:47.665 - INFO: 
2026-09-28 20:37:47.665 - INFO: Request received via GET, no content type specified
2026-09-28 20:37:47.665 - INFO: Processing command "clear-cache": clear the cache (unpinned elements only)
2026-09-28 20:37:47.683 - INFO: 
2026-09-28 20:37:47.683 - INFO: Request received via POST, content type "application/x-www-form-urlencoded"
2026-09-28 20:37:47.683 - INFO: Processing the following SPARQL query:
# Tier H-vocab — title literals, large
# Goal: external-vocabulary lookup pressure with larger bounded output.
PREFIX dblp: <https://dblp.org/rdf/schema#>

CONSTRUCT { ?paper dblp:title ?title }
WHERE {
  ?paper dblp:title ?title .
}
LIMIT 100000

2026-09-28 20:37:47.683 - INFO: Requested media types of the result are: "text/turtle"
2026-09-28 20:37:47.683 - INFO: Query planning done in 0 ms
2026-09-28 20:37:47.683 - INFO: Result has unknown size (not computed yet)
2026-09-28 20:37:47.971 - INFO: Done processing query and sending result, total time was 287 ms
2026-09-28 20:37:47.990 - INFO: 
2026-09-28 20:37:47.990 - INFO: Request received via GET, no content type specified
2026-09-28 20:37:47.990 - INFO: Processing command "clear-cache": clear the cache (unpinned elements only)
2026-09-28 20:37:48.008 - INFO: 
2026-09-28 20:37:48.008 - INFO: Request received via POST, content type "application/x-www-form-urlencoded"
2026-09-28 20:37:48.008 - INFO: Processing the following SPARQL query:
# Tier H-vocab — title literals, large
# Goal: external-vocabulary lookup pressure with larger bounded output.
PREFIX dblp: <https://dblp.org/rdf/schema#>

CONSTRUCT { ?paper dblp:title ?title }
WHERE {
  ?paper dblp:title ?title .
}
LIMIT 100000

2026-09-28 20:37:48.008 - INFO: Requested media types of the result are: "text/turtle"
2026-09-28 20:37:48.009 - INFO: Query planning done in 0 ms
2026-09-28 20:37:48.009 - INFO: Result has unknown size (not computed yet)
2026-09-28 20:37:48.296 - INFO: Done processing query and sending result, total time was 287 ms
2026-09-28 20:37:48.316 - INFO: 
2026-09-28 20:37:48.316 - INFO: Request received via GET, no content type specified
2026-09-28 20:37:48.316 - INFO: Processing command "clear-cache": clear the cache (unpinned elements only)
2026-09-28 20:37:48.334 - INFO: 
2026-09-28 20:37:48.334 - INFO: Request received via POST, content type "application/x-www-form-urlencoded"
2026-09-28 20:37:48.335 - INFO: Processing the following SPARQL query:
# Tier H-vocab — title literals, large
# Goal: external-vocabulary lookup pressure with larger bounded output.
PREFIX dblp: <https://dblp.org/rdf/schema#>

CONSTRUCT { ?paper dblp:title ?title }
WHERE {
  ?paper dblp:title ?title .
}
LIMIT 100000

2026-09-28 20:37:48.335 - INFO: Requested media types of the result are: "text/turtle"
2026-09-28 20:37:48.335 - INFO: Query planning done in 0 ms
2026-09-28 20:37:48.335 - INFO: Result has unknown size (not computed yet)
2026-09-28 20:37:48.614 - INFO: Done processing query and sending result, total time was 279 ms
2026-09-28 20:37:48.634 - INFO: 
2026-09-28 20:37:48.634 - INFO: Request received via GET, no content type specified
2026-09-28 20:37:48.634 - INFO: Processing command "clear-cache": clear the cache (unpinned elements only)
2026-09-28 20:37:48.652 - INFO: 
2026-09-28 20:37:48.652 - INFO: Request received via POST, content type "application/x-www-form-urlencoded"
2026-09-28 20:37:48.652 - INFO: Processing the following SPARQL query:
# Tier H-vocab — title literals, large
# Goal: external-vocabulary lookup pressure with larger bounded output.
PREFIX dblp: <https://dblp.org/rdf/schema#>

CONSTRUCT { ?paper dblp:title ?title }
WHERE {
  ?paper dblp:title ?title .
}
LIMIT 100000

2026-09-28 20:37:48.652 - INFO: Requested media types of the result are: "text/turtle"
2026-09-28 20:37:48.652 - INFO: Query planning done in 0 ms
2026-09-28 20:37:48.652 - INFO: Result has unknown size (not computed yet)
2026-09-28 20:37:48.933 - INFO: Done processing query and sending result, total time was 281 ms
2026-09-28 20:37:48.953 - INFO: 
2026-09-28 20:37:48.953 - INFO: Request received via GET, no content type specified
2026-09-28 20:37:48.953 - INFO: Processing command "clear-cache": clear the cache (unpinned elements only)
2026-09-28 20:37:48.971 - INFO: 
2026-09-28 20:37:48.971 - INFO: Request received via POST, content type "application/x-www-form-urlencoded"
2026-09-28 20:37:48.971 - INFO: Processing the following SPARQL query:
# Tier H-vocab — title literals, large
# Goal: external-vocabulary lookup pressure with larger bounded output.
PREFIX dblp: <https://dblp.org/rdf/schema#>

CONSTRUCT { ?paper dblp:title ?title }
WHERE {
  ?paper dblp:title ?title .
}
LIMIT 100000

2026-09-28 20:37:48.971 - INFO: Requested media types of the result are: "text/turtle"
2026-09-28 20:37:48.971 - INFO: Query planning done in 0 ms
2026-09-28 20:37:48.971 - INFO: Result has unknown size (not computed yet)
2026-09-28 20:37:49.246 - INFO: Done processing query and sending result, total time was 275 ms
2026-09-28 20:37:49.266 - INFO: 
2026-09-28 20:37:49.266 - INFO: Request received via GET, no content type specified
2026-09-28 20:37:49.266 - INFO: Processing command "clear-cache": clear the cache (unpinned elements only)
2026-09-28 20:37:49.284 - INFO: 
2026-09-28 20:37:49.284 - INFO: Request received via POST, content type "application/x-www-form-urlencoded"
2026-09-28 20:37:49.284 - INFO: Processing the following SPARQL query:
# Tier H-vocab — title literals, large
# Goal: external-vocabulary lookup pressure with larger bounded output.
PREFIX dblp: <https://dblp.org/rdf/schema#>

CONSTRUCT { ?paper dblp:title ?title }
WHERE {
  ?paper dblp:title ?title .
}
LIMIT 100000

2026-09-28 20:37:49.284 - INFO: Requested media types of the result are: "text/turtle"
2026-09-28 20:37:49.285 - INFO: Query planning done in 0 ms
2026-09-28 20:37:49.285 - INFO: Result has unknown size (not computed yet)
2026-09-28 20:37:49.564 - INFO: Done processing query and sending result, total time was 279 ms
2026-09-28 20:37:49.889 - INFO: 
2026-09-28 20:37:49.889 - INFO: Request received via GET, no content type specified
2026-09-28 20:37:49.889 - INFO: Processing command "clear-cache": clear the cache (unpinned elements only)
2026-09-28 20:37:49.907 - INFO: 
2026-09-28 20:37:49.907 - INFO: Request received via POST, content type "application/x-www-form-urlencoded"
2026-09-28 20:37:49.908 - INFO: Processing the following SPARQL query:
# Tier H-vocab — title literals, large
# Goal: external-vocabulary lookup pressure with larger bounded output.
PREFIX dblp: <https://dblp.org/rdf/schema#>

CONSTRUCT { ?paper dblp:title ?title }
WHERE {
  ?paper dblp:title ?title .
}
LIMIT 100000

2026-09-28 20:37:49.908 - INFO: Requested media types of the result are: "text/turtle"
2026-09-28 20:37:49.908 - INFO: Query planning done in 0 ms
2026-09-28 20:37:49.908 - INFO: Result has unknown size (not computed yet)
2026-09-28 20:37:50.206 - INFO: Done processing query and sending result, total time was 299 ms
2026-09-28 20:37:50.226 - INFO: 
2026-09-28 20:37:50.227 - INFO: Request received via GET, no content type specified
2026-09-28 20:37:50.227 - INFO: Processing command "clear-cache": clear the cache (unpinned elements only)
2026-09-28 20:37:50.245 - INFO: 
2026-09-28 20:37:50.245 - INFO: Request received via POST, content type "application/x-www-form-urlencoded"
2026-09-28 20:37:50.245 - INFO: Processing the following SPARQL query:
# Tier H-vocab — title literals, large
# Goal: external-vocabulary lookup pressure with larger bounded output.
PREFIX dblp: <https://dblp.org/rdf/schema#>

CONSTRUCT { ?paper dblp:title ?title }
WHERE {
  ?paper dblp:title ?title .
}
LIMIT 100000

2026-09-28 20:37:50.245 - INFO: Requested media types of the result are: "text/turtle"
2026-09-28 20:37:50.245 - INFO: Query planning done in 0 ms
2026-09-28 20:37:50.245 - INFO: Result has unknown size (not computed yet)
2026-09-28 20:37:50.543 - INFO: Done processing query and sending result, total time was 298 ms
2026-09-28 20:37:50.563 - INFO: 
2026-09-28 20:37:50.563 - INFO: Request received via GET, no content type specified
2026-09-28 20:37:50.563 - INFO: Processing command "clear-cache": clear the cache (unpinned elements only)
2026-09-28 20:37:50.588 - INFO: 
2026-09-28 20:37:50.588 - INFO: Request received via POST, content type "application/x-www-form-urlencoded"
2026-09-28 20:37:50.589 - INFO: Processing the following SPARQL query:
# Tier H-vocab — title literals, large
# Goal: external-vocabulary lookup pressure with larger bounded output.
PREFIX dblp: <https://dblp.org/rdf/schema#>

CONSTRUCT { ?paper dblp:title ?title }
WHERE {
  ?paper dblp:title ?title .
}
LIMIT 100000

2026-09-28 20:37:50.589 - INFO: Requested media types of the result are: "text/turtle"
2026-09-28 20:37:50.589 - INFO: Query planning done in 0 ms
2026-09-28 20:37:50.589 - INFO: Result has unknown size (not computed yet)
2026-09-28 20:37:50.887 - INFO: Done processing query and sending result, total time was 298 ms
2026-09-28 20:37:50.907 - INFO: 
2026-09-28 20:37:50.907 - INFO: Request received via GET, no content type specified
2026-09-28 20:37:50.907 - INFO: Processing command "clear-cache": clear the cache (unpinned elements only)
2026-09-28 20:37:50.925 - INFO: 
2026-09-28 20:37:50.925 - INFO: Request received via POST, content type "application/x-www-form-urlencoded"
2026-09-28 20:37:50.926 - INFO: Processing the following SPARQL query:
# Tier H-vocab — title literals, large
# Goal: external-vocabulary lookup pressure with larger bounded output.
PREFIX dblp: <https://dblp.org/rdf/schema#>

CONSTRUCT { ?paper dblp:title ?title }
WHERE {
  ?paper dblp:title ?title .
}
LIMIT 100000

2026-09-28 20:37:50.926 - INFO: Requested media types of the result are: "text/turtle"
2026-09-28 20:37:50.926 - INFO: Query planning done in 0 ms
2026-09-28 20:37:50.926 - INFO: Result has unknown size (not computed yet)
2026-09-28 20:37:51.223 - INFO: Done processing query and sending result, total time was 298 ms
2026-09-28 20:37:51.243 - INFO: 
2026-09-28 20:37:51.243 - INFO: Request received via GET, no content type specified
2026-09-28 20:37:51.243 - INFO: Processing command "clear-cache": clear the cache (unpinned elements only)
2026-09-28 20:37:51.261 - INFO: 
2026-09-28 20:37:51.261 - INFO: Request received via POST, content type "application/x-www-form-urlencoded"
2026-09-28 20:37:51.262 - INFO: Processing the following SPARQL query:
# Tier H-vocab — title literals, large
# Goal: external-vocabulary lookup pressure with larger bounded output.
PREFIX dblp: <https://dblp.org/rdf/schema#>

CONSTRUCT { ?paper dblp:title ?title }
WHERE {
  ?paper dblp:title ?title .
}
LIMIT 100000

2026-09-28 20:37:51.262 - INFO: Requested media types of the result are: "text/turtle"
2026-09-28 20:37:51.262 - INFO: Query planning done in 0 ms
2026-09-28 20:37:51.262 - INFO: Result has unknown size (not computed yet)
2026-09-28 20:37:51.557 - INFO: Done processing query and sending result, total time was 295 ms
2026-09-28 20:37:51.577 - INFO: 
2026-09-28 20:37:51.577 - INFO: Request received via GET, no content type specified
2026-09-28 20:37:51.577 - INFO: Processing command "clear-cache": clear the cache (unpinned elements only)
2026-09-28 20:37:51.595 - INFO: 
2026-09-28 20:37:51.595 - INFO: Request received via POST, content type "application/x-www-form-urlencoded"
2026-09-28 20:37:51.596 - INFO: Processing the following SPARQL query:
# Tier H-vocab — title literals, large
# Goal: external-vocabulary lookup pressure with larger bounded output.
PREFIX dblp: <https://dblp.org/rdf/schema#>

CONSTRUCT { ?paper dblp:title ?title }
WHERE {
  ?paper dblp:title ?title .
}
LIMIT 100000

2026-09-28 20:37:51.596 - INFO: Requested media types of the result are: "text/turtle"
2026-09-28 20:37:51.596 - INFO: Query planning done in 0 ms
2026-09-28 20:37:51.596 - INFO: Result has unknown size (not computed yet)
2026-09-28 20:37:51.880 - INFO: Done processing query and sending result, total time was 284 ms
2026-09-28 20:37:51.900 - INFO: 
2026-09-28 20:37:51.900 - INFO: Request received via GET, no content type specified
2026-09-28 20:37:51.900 - INFO: Processing command "clear-cache": clear the cache (unpinned elements only)
2026-09-28 20:37:51.918 - INFO: 
2026-09-28 20:37:51.918 - INFO: Request received via POST, content type "application/x-www-form-urlencoded"
2026-09-28 20:37:51.918 - INFO: Processing the following SPARQL query:
# Tier H-vocab — title literals, large
# Goal: external-vocabulary lookup pressure with larger bounded output.
PREFIX dblp: <https://dblp.org/rdf/schema#>

CONSTRUCT { ?paper dblp:title ?title }
WHERE {
  ?paper dblp:title ?title .
}
LIMIT 100000

2026-09-28 20:37:51.918 - INFO: Requested media types of the result are: "text/turtle"
2026-09-28 20:37:51.918 - INFO: Query planning done in 0 ms
2026-09-28 20:37:51.918 - INFO: Result has unknown size (not computed yet)
2026-09-28 20:37:52.192 - INFO: Done processing query and sending result, total time was 274 ms
2026-09-28 20:37:52.212 - INFO: 
2026-09-28 20:37:52.212 - INFO: Request received via GET, no content type specified
2026-09-28 20:37:52.212 - INFO: Processing command "clear-cache": clear the cache (unpinned elements only)
2026-09-28 20:37:52.230 - INFO: 
2026-09-28 20:37:52.230 - INFO: Request received via POST, content type "application/x-www-form-urlencoded"
2026-09-28 20:37:52.230 - INFO: Processing the following SPARQL query:
# Tier H-vocab — title literals, large
# Goal: external-vocabulary lookup pressure with larger bounded output.
PREFIX dblp: <https://dblp.org/rdf/schema#>

CONSTRUCT { ?paper dblp:title ?title }
WHERE {
  ?paper dblp:title ?title .
}
LIMIT 100000

2026-09-28 20:37:52.230 - INFO: Requested media types of the result are: "text/turtle"
2026-09-28 20:37:52.230 - INFO: Query planning done in 0 ms
2026-09-28 20:37:52.230 - INFO: Result has unknown size (not computed yet)
2026-09-28 20:37:52.505 - INFO: Done processing query and sending result, total time was 275 ms
2026-09-28 20:37:52.525 - INFO: 
2026-09-28 20:37:52.525 - INFO: Request received via GET, no content type specified
2026-09-28 20:37:52.525 - INFO: Processing command "clear-cache": clear the cache (unpinned elements only)
2026-09-28 20:37:52.543 - INFO: 
2026-09-28 20:37:52.543 - INFO: Request received via POST, content type "application/x-www-form-urlencoded"
2026-09-28 20:37:52.544 - INFO: Processing the following SPARQL query:
# Tier H-vocab — title literals, large
# Goal: external-vocabulary lookup pressure with larger bounded output.
PREFIX dblp: <https://dblp.org/rdf/schema#>

CONSTRUCT { ?paper dblp:title ?title }
WHERE {
  ?paper dblp:title ?title .
}
LIMIT 100000

2026-09-28 20:37:52.544 - INFO: Requested media types of the result are: "text/turtle"
2026-09-28 20:37:52.544 - INFO: Query planning done in 0 ms
2026-09-28 20:37:52.544 - INFO: Result has unknown size (not computed yet)
2026-09-28 20:37:52.822 - INFO: Done processing query and sending result, total time was 278 ms
2026-09-28 20:37:52.843 - INFO: 
2026-09-28 20:37:52.843 - INFO: Request received via GET, no content type specified
2026-09-28 20:37:52.843 - INFO: Processing command "clear-cache": clear the cache (unpinned elements only)
2026-09-28 20:37:52.861 - INFO: 
2026-09-28 20:37:52.861 - INFO: Request received via POST, content type "application/x-www-form-urlencoded"
2026-09-28 20:37:52.861 - INFO: Processing the following SPARQL query:
# Tier H-vocab — title literals, large
# Goal: external-vocabulary lookup pressure with larger bounded output.
PREFIX dblp: <https://dblp.org/rdf/schema#>

CONSTRUCT { ?paper dblp:title ?title }
WHERE {
  ?paper dblp:title ?title .
}
LIMIT 100000

2026-09-28 20:37:52.861 - INFO: Requested media types of the result are: "text/turtle"
2026-09-28 20:37:52.861 - INFO: Query planning done in 0 ms
2026-09-28 20:37:52.861 - INFO: Result has unknown size (not computed yet)
2026-09-28 20:37:53.137 - INFO: Done processing query and sending result, total time was 276 ms
2026-09-28 20:37:53.157 - INFO: 
2026-09-28 20:37:53.157 - INFO: Request received via GET, no content type specified
2026-09-28 20:37:53.157 - INFO: Processing command "clear-cache": clear the cache (unpinned elements only)
2026-09-28 20:37:53.175 - INFO: 
2026-09-28 20:37:53.175 - INFO: Request received via POST, content type "application/x-www-form-urlencoded"
2026-09-28 20:37:53.175 - INFO: Processing the following SPARQL query:
# Tier H-vocab — title literals, large
# Goal: external-vocabulary lookup pressure with larger bounded output.
PREFIX dblp: <https://dblp.org/rdf/schema#>

CONSTRUCT { ?paper dblp:title ?title }
WHERE {
  ?paper dblp:title ?title .
}
LIMIT 100000

2026-09-28 20:37:53.175 - INFO: Requested media types of the result are: "text/turtle"
2026-09-28 20:37:53.176 - INFO: Query planning done in 0 ms
2026-09-28 20:37:53.176 - INFO: Result has unknown size (not computed yet)
2026-09-28 20:37:53.449 - INFO: Done processing query and sending result, total time was 273 ms
2026-09-28 20:38:35.421 - INFO: 
2026-09-28 20:38:35.421 - INFO: Request received via GET, no content type specified
2026-09-28 20:38:35.421 - INFO: Processing command "clear-cache": clear the cache (unpinned elements only)
2026-09-28 20:38:35.440 - INFO: 
2026-09-28 20:38:35.440 - INFO: Request received via POST, content type "application/x-www-form-urlencoded"
2026-09-28 20:38:35.440 - INFO: Processing the following SPARQL query:
# Tier H-vocab — title literals, large
# Goal: external-vocabulary lookup pressure with larger bounded output.
PREFIX dblp: <https://dblp.org/rdf/schema#>

CONSTRUCT { ?paper dblp:title ?title }
WHERE {
  ?paper dblp:title ?title .
}
LIMIT 100000

2026-09-28 20:38:35.440 - INFO: Requested media types of the result are: "text/turtle"
2026-09-28 20:38:35.440 - INFO: Query planning done in 0 ms
2026-09-28 20:38:35.440 - INFO: Result has unknown size (not computed yet)
2026-09-28 20:38:35.741 - INFO: Done processing query and sending result, total time was 301 ms
2026-09-28 20:38:35.762 - INFO: 
2026-09-28 20:38:35.762 - INFO: Request received via GET, no content type specified
2026-09-28 20:38:35.762 - INFO: Processing command "clear-cache": clear the cache (unpinned elements only)
2026-09-28 20:38:35.780 - INFO: 
2026-09-28 20:38:35.780 - INFO: Request received via POST, content type "application/x-www-form-urlencoded"
2026-09-28 20:38:35.780 - INFO: Processing the following SPARQL query:
# Tier H-vocab — title literals, large
# Goal: external-vocabulary lookup pressure with larger bounded output.
PREFIX dblp: <https://dblp.org/rdf/schema#>

CONSTRUCT { ?paper dblp:title ?title }
WHERE {
  ?paper dblp:title ?title .
}
LIMIT 100000

2026-09-28 20:38:35.780 - INFO: Requested media types of the result are: "text/turtle"
2026-09-28 20:38:35.780 - INFO: Query planning done in 0 ms
2026-09-28 20:38:35.780 - INFO: Result has unknown size (not computed yet)
2026-09-28 20:38:36.082 - INFO: Done processing query and sending result, total time was 302 ms
2026-09-28 20:38:36.102 - INFO: 
2026-09-28 20:38:36.102 - INFO: Request received via GET, no content type specified
2026-09-28 20:38:36.102 - INFO: Processing command "clear-cache": clear the cache (unpinned elements only)
2026-09-28 20:38:36.120 - INFO: 
2026-09-28 20:38:36.120 - INFO: Request received via POST, content type "application/x-www-form-urlencoded"
2026-09-28 20:38:36.120 - INFO: Processing the following SPARQL query:
# Tier H-vocab — title literals, large
# Goal: external-vocabulary lookup pressure with larger bounded output.
PREFIX dblp: <https://dblp.org/rdf/schema#>

CONSTRUCT { ?paper dblp:title ?title }
WHERE {
  ?paper dblp:title ?title .
}
LIMIT 100000

2026-09-28 20:38:36.120 - INFO: Requested media types of the result are: "text/turtle"
2026-09-28 20:38:36.120 - INFO: Query planning done in 0 ms
2026-09-28 20:38:36.121 - INFO: Result has unknown size (not computed yet)
2026-09-28 20:38:36.426 - INFO: Done processing query and sending result, total time was 306 ms
2026-09-28 20:38:36.446 - INFO: 
2026-09-28 20:38:36.446 - INFO: Request received via GET, no content type specified
2026-09-28 20:38:36.446 - INFO: Processing command "clear-cache": clear the cache (unpinned elements only)
2026-09-28 20:38:36.464 - INFO: 
2026-09-28 20:38:36.464 - INFO: Request received via POST, content type "application/x-www-form-urlencoded"
2026-09-28 20:38:36.464 - INFO: Processing the following SPARQL query:
# Tier H-vocab — title literals, large
# Goal: external-vocabulary lookup pressure with larger bounded output.
PREFIX dblp: <https://dblp.org/rdf/schema#>

CONSTRUCT { ?paper dblp:title ?title }
WHERE {
  ?paper dblp:title ?title .
}
LIMIT 100000

2026-09-28 20:38:36.464 - INFO: Requested media types of the result are: "text/turtle"
2026-09-28 20:38:36.465 - INFO: Query planning done in 0 ms
2026-09-28 20:38:36.465 - INFO: Result has unknown size (not computed yet)
2026-09-28 20:38:36.768 - INFO: Done processing query and sending result, total time was 303 ms
2026-09-28 20:38:36.788 - INFO: 
2026-09-28 20:38:36.788 - INFO: Request received via GET, no content type specified
2026-09-28 20:38:36.788 - INFO: Processing command "clear-cache": clear the cache (unpinned elements only)
2026-09-28 20:38:36.806 - INFO: 
2026-09-28 20:38:36.806 - INFO: Request received via POST, content type "application/x-www-form-urlencoded"
2026-09-28 20:38:36.806 - INFO: Processing the following SPARQL query:
# Tier H-vocab — title literals, large
# Goal: external-vocabulary lookup pressure with larger bounded output.
PREFIX dblp: <https://dblp.org/rdf/schema#>

CONSTRUCT { ?paper dblp:title ?title }
WHERE {
  ?paper dblp:title ?title .
}
LIMIT 100000

2026-09-28 20:38:36.807 - INFO: Requested media types of the result are: "text/turtle"
2026-09-28 20:38:36.807 - INFO: Query planning done in 0 ms
2026-09-28 20:38:36.807 - INFO: Result has unknown size (not computed yet)
2026-09-28 20:38:37.103 - INFO: Done processing query and sending result, total time was 296 ms
2026-09-28 20:38:37.123 - INFO: 
2026-09-28 20:38:37.123 - INFO: Request received via GET, no content type specified
2026-09-28 20:38:37.123 - INFO: Processing command "clear-cache": clear the cache (unpinned elements only)
2026-09-28 20:38:37.141 - INFO: 
2026-09-28 20:38:37.141 - INFO: Request received via POST, content type "application/x-www-form-urlencoded"
2026-09-28 20:38:37.141 - INFO: Processing the following SPARQL query:
# Tier H-vocab — title literals, large
# Goal: external-vocabulary lookup pressure with larger bounded output.
PREFIX dblp: <https://dblp.org/rdf/schema#>

CONSTRUCT { ?paper dblp:title ?title }
WHERE {
  ?paper dblp:title ?title .
}
LIMIT 100000

2026-09-28 20:38:37.141 - INFO: Requested media types of the result are: "text/turtle"
2026-09-28 20:38:37.141 - INFO: Query planning done in 0 ms
2026-09-28 20:38:37.141 - INFO: Result has unknown size (not computed yet)
2026-09-28 20:38:37.426 - INFO: Done processing query and sending result, total time was 285 ms
2026-09-28 20:38:37.446 - INFO: 
2026-09-28 20:38:37.446 - INFO: Request received via GET, no content type specified
2026-09-28 20:38:37.446 - INFO: Processing command "clear-cache": clear the cache (unpinned elements only)
2026-09-28 20:38:37.464 - INFO: 
2026-09-28 20:38:37.464 - INFO: Request received via POST, content type "application/x-www-form-urlencoded"
2026-09-28 20:38:37.464 - INFO: Processing the following SPARQL query:
# Tier H-vocab — title literals, large
# Goal: external-vocabulary lookup pressure with larger bounded output.
PREFIX dblp: <https://dblp.org/rdf/schema#>

CONSTRUCT { ?paper dblp:title ?title }
WHERE {
  ?paper dblp:title ?title .
}
LIMIT 100000

2026-09-28 20:38:37.464 - INFO: Requested media types of the result are: "text/turtle"
2026-09-28 20:38:37.464 - INFO: Query planning done in 0 ms
2026-09-28 20:38:37.464 - INFO: Result has unknown size (not computed yet)
2026-09-28 20:38:37.741 - INFO: Done processing query and sending result, total time was 277 ms
2026-09-28 20:38:37.761 - INFO: 
2026-09-28 20:38:37.761 - INFO: Request received via GET, no content type specified
2026-09-28 20:38:37.761 - INFO: Processing command "clear-cache": clear the cache (unpinned elements only)
2026-09-28 20:38:37.787 - INFO: 
2026-09-28 20:38:37.787 - INFO: Request received via POST, content type "application/x-www-form-urlencoded"
2026-09-28 20:38:37.787 - INFO: Processing the following SPARQL query:
# Tier H-vocab — title literals, large
# Goal: external-vocabulary lookup pressure with larger bounded output.
PREFIX dblp: <https://dblp.org/rdf/schema#>

CONSTRUCT { ?paper dblp:title ?title }
WHERE {
  ?paper dblp:title ?title .
}
LIMIT 100000

2026-09-28 20:38:37.787 - INFO: Requested media types of the result are: "text/turtle"
2026-09-28 20:38:37.787 - INFO: Query planning done in 0 ms
2026-09-28 20:38:37.787 - INFO: Result has unknown size (not computed yet)
2026-09-28 20:38:38.071 - INFO: Done processing query and sending result, total time was 284 ms
2026-09-28 20:38:38.091 - INFO: 
2026-09-28 20:38:38.091 - INFO: Request received via GET, no content type specified
2026-09-28 20:38:38.091 - INFO: Processing command "clear-cache": clear the cache (unpinned elements only)
2026-09-28 20:38:38.109 - INFO: 
2026-09-28 20:38:38.109 - INFO: Request received via POST, content type "application/x-www-form-urlencoded"
2026-09-28 20:38:38.110 - INFO: Processing the following SPARQL query:
# Tier H-vocab — title literals, large
# Goal: external-vocabulary lookup pressure with larger bounded output.
PREFIX dblp: <https://dblp.org/rdf/schema#>

CONSTRUCT { ?paper dblp:title ?title }
WHERE {
  ?paper dblp:title ?title .
}
LIMIT 100000

2026-09-28 20:38:38.110 - INFO: Requested media types of the result are: "text/turtle"
2026-09-28 20:38:38.110 - INFO: Query planning done in 0 ms
2026-09-28 20:38:38.110 - INFO: Result has unknown size (not computed yet)
2026-09-28 20:38:38.392 - INFO: Done processing query and sending result, total time was 282 ms
2026-09-28 20:38:38.412 - INFO: 
2026-09-28 20:38:38.412 - INFO: Request received via GET, no content type specified
2026-09-28 20:38:38.412 - INFO: Processing command "clear-cache": clear the cache (unpinned elements only)
2026-09-28 20:38:38.430 - INFO: 
2026-09-28 20:38:38.430 - INFO: Request received via POST, content type "application/x-www-form-urlencoded"
2026-09-28 20:38:38.430 - INFO: Processing the following SPARQL query:
# Tier H-vocab — title literals, large
# Goal: external-vocabulary lookup pressure with larger bounded output.
PREFIX dblp: <https://dblp.org/rdf/schema#>

CONSTRUCT { ?paper dblp:title ?title }
WHERE {
  ?paper dblp:title ?title .
}
LIMIT 100000

2026-09-28 20:38:38.430 - INFO: Requested media types of the result are: "text/turtle"
2026-09-28 20:38:38.431 - INFO: Query planning done in 0 ms
2026-09-28 20:38:38.431 - INFO: Result has unknown size (not computed yet)
2026-09-28 20:38:38.710 - INFO: Done processing query and sending result, total time was 279 ms
2026-09-28 20:38:38.730 - INFO: 
2026-09-28 20:38:38.730 - INFO: Request received via GET, no content type specified
2026-09-28 20:38:38.730 - INFO: Processing command "clear-cache": clear the cache (unpinned elements only)
2026-09-28 20:38:38.748 - INFO: 
2026-09-28 20:38:38.748 - INFO: Request received via POST, content type "application/x-www-form-urlencoded"
2026-09-28 20:38:38.748 - INFO: Processing the following SPARQL query:
# Tier H-vocab — title literals, large
# Goal: external-vocabulary lookup pressure with larger bounded output.
PREFIX dblp: <https://dblp.org/rdf/schema#>

CONSTRUCT { ?paper dblp:title ?title }
WHERE {
  ?paper dblp:title ?title .
}
LIMIT 100000

2026-09-28 20:38:38.748 - INFO: Requested media types of the result are: "text/turtle"
2026-09-28 20:38:38.749 - INFO: Query planning done in 0 ms
2026-09-28 20:38:38.749 - INFO: Result has unknown size (not computed yet)
2026-09-28 20:38:39.025 - INFO: Done processing query and sending result, total time was 277 ms
2026-09-28 20:38:39.351 - INFO: 
2026-09-28 20:38:39.351 - INFO: Request received via GET, no content type specified
2026-09-28 20:38:39.351 - INFO: Processing command "clear-cache": clear the cache (unpinned elements only)
2026-09-28 20:38:39.369 - INFO: 
2026-09-28 20:38:39.369 - INFO: Request received via POST, content type "application/x-www-form-urlencoded"
2026-09-28 20:38:39.369 - INFO: Processing the following SPARQL query:
# Tier H-vocab — title literals, large
# Goal: external-vocabulary lookup pressure with larger bounded output.
PREFIX dblp: <https://dblp.org/rdf/schema#>

CONSTRUCT { ?paper dblp:title ?title }
WHERE {
  ?paper dblp:title ?title .
}
LIMIT 100000

2026-09-28 20:38:39.369 - INFO: Requested media types of the result are: "text/turtle"
2026-09-28 20:38:39.369 - INFO: Query planning done in 0 ms
2026-09-28 20:38:39.369 - INFO: Result has unknown size (not computed yet)
2026-09-28 20:38:39.666 - INFO: Done processing query and sending result, total time was 297 ms
2026-09-28 20:38:39.686 - INFO: 
2026-09-28 20:38:39.686 - INFO: Request received via GET, no content type specified
2026-09-28 20:38:39.686 - INFO: Processing command "clear-cache": clear the cache (unpinned elements only)
2026-09-28 20:38:39.704 - INFO: 
2026-09-28 20:38:39.704 - INFO: Request received via POST, content type "application/x-www-form-urlencoded"
2026-09-28 20:38:39.704 - INFO: Processing the following SPARQL query:
# Tier H-vocab — title literals, large
# Goal: external-vocabulary lookup pressure with larger bounded output.
PREFIX dblp: <https://dblp.org/rdf/schema#>

CONSTRUCT { ?paper dblp:title ?title }
WHERE {
  ?paper dblp:title ?title .
}
LIMIT 100000

2026-09-28 20:38:39.704 - INFO: Requested media types of the result are: "text/turtle"
2026-09-28 20:38:39.705 - INFO: Query planning done in 0 ms
2026-09-28 20:38:39.705 - INFO: Result has unknown size (not computed yet)
2026-09-28 20:38:40.001 - INFO: Done processing query and sending result, total time was 296 ms
2026-09-28 20:38:40.021 - INFO: 
2026-09-28 20:38:40.021 - INFO: Request received via GET, no content type specified
2026-09-28 20:38:40.021 - INFO: Processing command "clear-cache": clear the cache (unpinned elements only)
2026-09-28 20:38:40.039 - INFO: 
2026-09-28 20:38:40.039 - INFO: Request received via POST, content type "application/x-www-form-urlencoded"
2026-09-28 20:38:40.039 - INFO: Processing the following SPARQL query:
# Tier H-vocab — title literals, large
# Goal: external-vocabulary lookup pressure with larger bounded output.
PREFIX dblp: <https://dblp.org/rdf/schema#>

CONSTRUCT { ?paper dblp:title ?title }
WHERE {
  ?paper dblp:title ?title .
}
LIMIT 100000

2026-09-28 20:38:40.039 - INFO: Requested media types of the result are: "text/turtle"
2026-09-28 20:38:40.039 - INFO: Query planning done in 0 ms
2026-09-28 20:38:40.039 - INFO: Result has unknown size (not computed yet)
2026-09-28 20:38:40.336 - INFO: Done processing query and sending result, total time was 296 ms
2026-09-28 20:38:40.356 - INFO: 
2026-09-28 20:38:40.356 - INFO: Request received via GET, no content type specified
2026-09-28 20:38:40.356 - INFO: Processing command "clear-cache": clear the cache (unpinned elements only)
2026-09-28 20:38:40.374 - INFO: 
2026-09-28 20:38:40.375 - INFO: Request received via POST, content type "application/x-www-form-urlencoded"
2026-09-28 20:38:40.375 - INFO: Processing the following SPARQL query:
# Tier H-vocab — title literals, large
# Goal: external-vocabulary lookup pressure with larger bounded output.
PREFIX dblp: <https://dblp.org/rdf/schema#>

CONSTRUCT { ?paper dblp:title ?title }
WHERE {
  ?paper dblp:title ?title .
}
LIMIT 100000

2026-09-28 20:38:40.375 - INFO: Requested media types of the result are: "text/turtle"
2026-09-28 20:38:40.375 - INFO: Query planning done in 0 ms
2026-09-28 20:38:40.375 - INFO: Result has unknown size (not computed yet)
2026-09-28 20:38:40.673 - INFO: Done processing query and sending result, total time was 298 ms
2026-09-28 20:38:40.693 - INFO: 
2026-09-28 20:38:40.693 - INFO: Request received via GET, no content type specified
2026-09-28 20:38:40.693 - INFO: Processing command "clear-cache": clear the cache (unpinned elements only)
2026-09-28 20:38:40.712 - INFO: 
2026-09-28 20:38:40.712 - INFO: Request received via POST, content type "application/x-www-form-urlencoded"
2026-09-28 20:38:40.712 - INFO: Processing the following SPARQL query:
# Tier H-vocab — title literals, large
# Goal: external-vocabulary lookup pressure with larger bounded output.
PREFIX dblp: <https://dblp.org/rdf/schema#>

CONSTRUCT { ?paper dblp:title ?title }
WHERE {
  ?paper dblp:title ?title .
}
LIMIT 100000

2026-09-28 20:38:40.712 - INFO: Requested media types of the result are: "text/turtle"
2026-09-28 20:38:40.712 - INFO: Query planning done in 0 ms
2026-09-28 20:38:40.712 - INFO: Result has unknown size (not computed yet)
2026-09-28 20:38:41.017 - INFO: Done processing query and sending result, total time was 305 ms
2026-09-28 20:38:41.037 - INFO: 
2026-09-28 20:38:41.037 - INFO: Request received via GET, no content type specified
2026-09-28 20:38:41.037 - INFO: Processing command "clear-cache": clear the cache (unpinned elements only)
2026-09-28 20:38:41.055 - INFO: 
2026-09-28 20:38:41.055 - INFO: Request received via POST, content type "application/x-www-form-urlencoded"
2026-09-28 20:38:41.056 - INFO: Processing the following SPARQL query:
# Tier H-vocab — title literals, large
# Goal: external-vocabulary lookup pressure with larger bounded output.
PREFIX dblp: <https://dblp.org/rdf/schema#>

CONSTRUCT { ?paper dblp:title ?title }
WHERE {
  ?paper dblp:title ?title .
}
LIMIT 100000

2026-09-28 20:38:41.056 - INFO: Requested media types of the result are: "text/turtle"
2026-09-28 20:38:41.056 - INFO: Query planning done in 0 ms
2026-09-28 20:38:41.056 - INFO: Result has unknown size (not computed yet)
2026-09-28 20:38:41.354 - INFO: Done processing query and sending result, total time was 298 ms
2026-09-28 20:38:41.374 - INFO: 
2026-09-28 20:38:41.374 - INFO: Request received via GET, no content type specified
2026-09-28 20:38:41.374 - INFO: Processing command "clear-cache": clear the cache (unpinned elements only)
2026-09-28 20:38:41.392 - INFO: 
2026-09-28 20:38:41.392 - INFO: Request received via POST, content type "application/x-www-form-urlencoded"
2026-09-28 20:38:41.393 - INFO: Processing the following SPARQL query:
# Tier H-vocab — title literals, large
# Goal: external-vocabulary lookup pressure with larger bounded output.
PREFIX dblp: <https://dblp.org/rdf/schema#>

CONSTRUCT { ?paper dblp:title ?title }
WHERE {
  ?paper dblp:title ?title .
}
LIMIT 100000

2026-09-28 20:38:41.393 - INFO: Requested media types of the result are: "text/turtle"
2026-09-28 20:38:41.393 - INFO: Query planning done in 0 ms
2026-09-28 20:38:41.393 - INFO: Result has unknown size (not computed yet)
2026-09-28 20:38:41.690 - INFO: Done processing query and sending result, total time was 297 ms
2026-09-28 20:38:41.710 - INFO: 
2026-09-28 20:38:41.710 - INFO: Request received via GET, no content type specified
2026-09-28 20:38:41.710 - INFO: Processing command "clear-cache": clear the cache (unpinned elements only)
2026-09-28 20:38:41.728 - INFO: 
2026-09-28 20:38:41.728 - INFO: Request received via POST, content type "application/x-www-form-urlencoded"
2026-09-28 20:38:41.728 - INFO: Processing the following SPARQL query:
# Tier H-vocab — title literals, large
# Goal: external-vocabulary lookup pressure with larger bounded output.
PREFIX dblp: <https://dblp.org/rdf/schema#>

CONSTRUCT { ?paper dblp:title ?title }
WHERE {
  ?paper dblp:title ?title .
}
LIMIT 100000

2026-09-28 20:38:41.728 - INFO: Requested media types of the result are: "text/turtle"
2026-09-28 20:38:41.728 - INFO: Query planning done in 0 ms
2026-09-28 20:38:41.729 - INFO: Result has unknown size (not computed yet)
2026-09-28 20:38:42.021 - INFO: Done processing query and sending result, total time was 293 ms
2026-09-28 20:38:42.042 - INFO: 
2026-09-28 20:38:42.042 - INFO: Request received via GET, no content type specified
2026-09-28 20:38:42.042 - INFO: Processing command "clear-cache": clear the cache (unpinned elements only)
2026-09-28 20:38:42.060 - INFO: 
2026-09-28 20:38:42.060 - INFO: Request received via POST, content type "application/x-www-form-urlencoded"
2026-09-28 20:38:42.060 - INFO: Processing the following SPARQL query:
# Tier H-vocab — title literals, large
# Goal: external-vocabulary lookup pressure with larger bounded output.
PREFIX dblp: <https://dblp.org/rdf/schema#>

CONSTRUCT { ?paper dblp:title ?title }
WHERE {
  ?paper dblp:title ?title .
}
LIMIT 100000

2026-09-28 20:38:42.060 - INFO: Requested media types of the result are: "text/turtle"
2026-09-28 20:38:42.060 - INFO: Query planning done in 0 ms
2026-09-28 20:38:42.060 - INFO: Result has unknown size (not computed yet)
2026-09-28 20:38:42.343 - INFO: Done processing query and sending result, total time was 283 ms
2026-09-28 20:38:42.363 - INFO: 
2026-09-28 20:38:42.363 - INFO: Request received via GET, no content type specified
2026-09-28 20:38:42.363 - INFO: Processing command "clear-cache": clear the cache (unpinned elements only)
2026-09-28 20:38:42.389 - INFO: 
2026-09-28 20:38:42.389 - INFO: Request received via POST, content type "application/x-www-form-urlencoded"
2026-09-28 20:38:42.389 - INFO: Processing the following SPARQL query:
# Tier H-vocab — title literals, large
# Goal: external-vocabulary lookup pressure with larger bounded output.
PREFIX dblp: <https://dblp.org/rdf/schema#>

CONSTRUCT { ?paper dblp:title ?title }
WHERE {
  ?paper dblp:title ?title .
}
LIMIT 100000

2026-09-28 20:38:42.389 - INFO: Requested media types of the result are: "text/turtle"
2026-09-28 20:38:42.389 - INFO: Query planning done in 0 ms
2026-09-28 20:38:42.390 - INFO: Result has unknown size (not computed yet)
2026-09-28 20:38:42.668 - INFO: Done processing query and sending result, total time was 278 ms
2026-09-28 20:38:42.688 - INFO: 
2026-09-28 20:38:42.688 - INFO: Request received via GET, no content type specified
2026-09-28 20:38:42.688 - INFO: Processing command "clear-cache": clear the cache (unpinned elements only)
2026-09-28 20:38:42.706 - INFO: 
2026-09-28 20:38:42.706 - INFO: Request received via POST, content type "application/x-www-form-urlencoded"
2026-09-28 20:38:42.707 - INFO: Processing the following SPARQL query:
# Tier H-vocab — title literals, large
# Goal: external-vocabulary lookup pressure with larger bounded output.
PREFIX dblp: <https://dblp.org/rdf/schema#>

CONSTRUCT { ?paper dblp:title ?title }
WHERE {
  ?paper dblp:title ?title .
}
LIMIT 100000

2026-09-28 20:38:42.707 - INFO: Requested media types of the result are: "text/turtle"
2026-09-28 20:38:42.707 - INFO: Query planning done in 0 ms
2026-09-28 20:38:42.707 - INFO: Result has unknown size (not computed yet)
2026-09-28 20:38:42.997 - INFO: Done processing query and sending result, total time was 290 ms
2026-09-28 20:39:24.882 - INFO: 
2026-09-28 20:39:24.882 - INFO: Request received via GET, no content type specified
2026-09-28 20:39:24.882 - INFO: Processing command "clear-cache": clear the cache (unpinned elements only)
2026-09-28 20:39:24.900 - INFO: 
2026-09-28 20:39:24.900 - INFO: Request received via POST, content type "application/x-www-form-urlencoded"
2026-09-28 20:39:24.900 - INFO: Processing the following SPARQL query:
# Tier H-vocab — title literals, large
# Goal: external-vocabulary lookup pressure with larger bounded output.
PREFIX dblp: <https://dblp.org/rdf/schema#>

CONSTRUCT { ?paper dblp:title ?title }
WHERE {
  ?paper dblp:title ?title .
}
LIMIT 100000

2026-09-28 20:39:24.900 - INFO: Requested media types of the result are: "text/turtle"
2026-09-28 20:39:24.901 - INFO: Query planning done in 0 ms
2026-09-28 20:39:24.901 - INFO: Result has unknown size (not computed yet)
2026-09-28 20:39:25.201 - INFO: Done processing query and sending result, total time was 301 ms
2026-09-28 20:39:25.222 - INFO: 
2026-09-28 20:39:25.222 - INFO: Request received via GET, no content type specified
2026-09-28 20:39:25.222 - INFO: Processing command "clear-cache": clear the cache (unpinned elements only)
2026-09-28 20:39:25.254 - INFO: 
2026-09-28 20:39:25.254 - INFO: Request received via POST, content type "application/x-www-form-urlencoded"
2026-09-28 20:39:25.254 - INFO: Processing the following SPARQL query:
# Tier H-vocab — title literals, large
# Goal: external-vocabulary lookup pressure with larger bounded output.
PREFIX dblp: <https://dblp.org/rdf/schema#>

CONSTRUCT { ?paper dblp:title ?title }
WHERE {
  ?paper dblp:title ?title .
}
LIMIT 100000

2026-09-28 20:39:25.254 - INFO: Requested media types of the result are: "text/turtle"
2026-09-28 20:39:25.254 - INFO: Query planning done in 0 ms
2026-09-28 20:39:25.254 - INFO: Result has unknown size (not computed yet)
2026-09-28 20:39:25.552 - INFO: Done processing query and sending result, total time was 298 ms
2026-09-28 20:39:25.572 - INFO: 
2026-09-28 20:39:25.572 - INFO: Request received via GET, no content type specified
2026-09-28 20:39:25.572 - INFO: Processing command "clear-cache": clear the cache (unpinned elements only)
2026-09-28 20:39:25.591 - INFO: 
2026-09-28 20:39:25.591 - INFO: Request received via POST, content type "application/x-www-form-urlencoded"
2026-09-28 20:39:25.591 - INFO: Processing the following SPARQL query:
# Tier H-vocab — title literals, large
# Goal: external-vocabulary lookup pressure with larger bounded output.
PREFIX dblp: <https://dblp.org/rdf/schema#>

CONSTRUCT { ?paper dblp:title ?title }
WHERE {
  ?paper dblp:title ?title .
}
LIMIT 100000

2026-09-28 20:39:25.591 - INFO: Requested media types of the result are: "text/turtle"
2026-09-28 20:39:25.591 - INFO: Query planning done in 0 ms
2026-09-28 20:39:25.591 - INFO: Result has unknown size (not computed yet)
2026-09-28 20:39:25.891 - INFO: Done processing query and sending result, total time was 300 ms
2026-09-28 20:39:25.911 - INFO: 
2026-09-28 20:39:25.911 - INFO: Request received via GET, no content type specified
2026-09-28 20:39:25.911 - INFO: Processing command "clear-cache": clear the cache (unpinned elements only)
2026-09-28 20:39:25.931 - INFO: 
2026-09-28 20:39:25.931 - INFO: Request received via POST, content type "application/x-www-form-urlencoded"
2026-09-28 20:39:25.931 - INFO: Processing the following SPARQL query:
# Tier H-vocab — title literals, large
# Goal: external-vocabulary lookup pressure with larger bounded output.
PREFIX dblp: <https://dblp.org/rdf/schema#>

CONSTRUCT { ?paper dblp:title ?title }
WHERE {
  ?paper dblp:title ?title .
}
LIMIT 100000

2026-09-28 20:39:25.931 - INFO: Requested media types of the result are: "text/turtle"
2026-09-28 20:39:25.931 - INFO: Query planning done in 0 ms
2026-09-28 20:39:25.931 - INFO: Result has unknown size (not computed yet)
2026-09-28 20:39:26.233 - INFO: Done processing query and sending result, total time was 302 ms
2026-09-28 20:39:26.253 - INFO: 
2026-09-28 20:39:26.253 - INFO: Request received via GET, no content type specified
2026-09-28 20:39:26.253 - INFO: Processing command "clear-cache": clear the cache (unpinned elements only)
2026-09-28 20:39:26.271 - INFO: 
2026-09-28 20:39:26.271 - INFO: Request received via POST, content type "application/x-www-form-urlencoded"
2026-09-28 20:39:26.271 - INFO: Processing the following SPARQL query:
# Tier H-vocab — title literals, large
# Goal: external-vocabulary lookup pressure with larger bounded output.
PREFIX dblp: <https://dblp.org/rdf/schema#>

CONSTRUCT { ?paper dblp:title ?title }
WHERE {
  ?paper dblp:title ?title .
}
LIMIT 100000

2026-09-28 20:39:26.271 - INFO: Requested media types of the result are: "text/turtle"
2026-09-28 20:39:26.271 - INFO: Query planning done in 0 ms
2026-09-28 20:39:26.271 - INFO: Result has unknown size (not computed yet)
2026-09-28 20:39:26.580 - INFO: Done processing query and sending result, total time was 308 ms
2026-09-28 20:39:26.612 - INFO: 
2026-09-28 20:39:26.613 - INFO: Request received via GET, no content type specified
2026-09-28 20:39:26.613 - INFO: Processing command "clear-cache": clear the cache (unpinned elements only)
2026-09-28 20:39:26.642 - INFO: 
2026-09-28 20:39:26.642 - INFO: Request received via POST, content type "application/x-www-form-urlencoded"
2026-09-28 20:39:26.643 - INFO: Processing the following SPARQL query:
# Tier H-vocab — title literals, large
# Goal: external-vocabulary lookup pressure with larger bounded output.
PREFIX dblp: <https://dblp.org/rdf/schema#>

CONSTRUCT { ?paper dblp:title ?title }
WHERE {
  ?paper dblp:title ?title .
}
LIMIT 100000

2026-09-28 20:39:26.643 - INFO: Requested media types of the result are: "text/turtle"
2026-09-28 20:39:26.643 - INFO: Query planning done in 0 ms
2026-09-28 20:39:26.643 - INFO: Result has unknown size (not computed yet)
2026-09-28 20:39:26.951 - INFO: Done processing query and sending result, total time was 308 ms
2026-09-28 20:39:26.971 - INFO: 
2026-09-28 20:39:26.971 - INFO: Request received via GET, no content type specified
2026-09-28 20:39:26.971 - INFO: Processing command "clear-cache": clear the cache (unpinned elements only)
2026-09-28 20:39:26.989 - INFO: 
2026-09-28 20:39:26.989 - INFO: Request received via POST, content type "application/x-www-form-urlencoded"
2026-09-28 20:39:26.990 - INFO: Processing the following SPARQL query:
# Tier H-vocab — title literals, large
# Goal: external-vocabulary lookup pressure with larger bounded output.
PREFIX dblp: <https://dblp.org/rdf/schema#>

CONSTRUCT { ?paper dblp:title ?title }
WHERE {
  ?paper dblp:title ?title .
}
LIMIT 100000

2026-09-28 20:39:26.990 - INFO: Requested media types of the result are: "text/turtle"
2026-09-28 20:39:26.990 - INFO: Query planning done in 0 ms
2026-09-28 20:39:26.990 - INFO: Result has unknown size (not computed yet)
2026-09-28 20:39:27.294 - INFO: Done processing query and sending result, total time was 304 ms
2026-09-28 20:39:27.314 - INFO: 
2026-09-28 20:39:27.314 - INFO: Request received via GET, no content type specified
2026-09-28 20:39:27.314 - INFO: Processing command "clear-cache": clear the cache (unpinned elements only)
2026-09-28 20:39:27.332 - INFO: 
2026-09-28 20:39:27.332 - INFO: Request received via POST, content type "application/x-www-form-urlencoded"
2026-09-28 20:39:27.332 - INFO: Processing the following SPARQL query:
# Tier H-vocab — title literals, large
# Goal: external-vocabulary lookup pressure with larger bounded output.
PREFIX dblp: <https://dblp.org/rdf/schema#>

CONSTRUCT { ?paper dblp:title ?title }
WHERE {
  ?paper dblp:title ?title .
}
LIMIT 100000

2026-09-28 20:39:27.332 - INFO: Requested media types of the result are: "text/turtle"
2026-09-28 20:39:27.332 - INFO: Query planning done in 0 ms
2026-09-28 20:39:27.332 - INFO: Result has unknown size (not computed yet)
2026-09-28 20:39:27.629 - INFO: Done processing query and sending result, total time was 297 ms
2026-09-28 20:39:27.650 - INFO: 
2026-09-28 20:39:27.650 - INFO: Request received via GET, no content type specified
2026-09-28 20:39:27.650 - INFO: Processing command "clear-cache": clear the cache (unpinned elements only)
2026-09-28 20:39:27.668 - INFO: 
2026-09-28 20:39:27.668 - INFO: Request received via POST, content type "application/x-www-form-urlencoded"
2026-09-28 20:39:27.668 - INFO: Processing the following SPARQL query:
# Tier H-vocab — title literals, large
# Goal: external-vocabulary lookup pressure with larger bounded output.
PREFIX dblp: <https://dblp.org/rdf/schema#>

CONSTRUCT { ?paper dblp:title ?title }
WHERE {
  ?paper dblp:title ?title .
}
LIMIT 100000

2026-09-28 20:39:27.668 - INFO: Requested media types of the result are: "text/turtle"
2026-09-28 20:39:27.668 - INFO: Query planning done in 0 ms
2026-09-28 20:39:27.668 - INFO: Result has unknown size (not computed yet)
2026-09-28 20:39:27.968 - INFO: Done processing query and sending result, total time was 300 ms
2026-09-28 20:39:27.988 - INFO: 
2026-09-28 20:39:27.988 - INFO: Request received via GET, no content type specified
2026-09-28 20:39:27.988 - INFO: Processing command "clear-cache": clear the cache (unpinned elements only)
2026-09-28 20:39:28.006 - INFO: 
2026-09-28 20:39:28.006 - INFO: Request received via POST, content type "application/x-www-form-urlencoded"
2026-09-28 20:39:28.006 - INFO: Processing the following SPARQL query:
# Tier H-vocab — title literals, large
# Goal: external-vocabulary lookup pressure with larger bounded output.
PREFIX dblp: <https://dblp.org/rdf/schema#>

CONSTRUCT { ?paper dblp:title ?title }
WHERE {
  ?paper dblp:title ?title .
}
LIMIT 100000

2026-09-28 20:39:28.006 - INFO: Requested media types of the result are: "text/turtle"
2026-09-28 20:39:28.006 - INFO: Query planning done in 0 ms
2026-09-28 20:39:28.006 - INFO: Result has unknown size (not computed yet)
2026-09-28 20:39:28.303 - INFO: Done processing query and sending result, total time was 297 ms
2026-09-28 20:39:28.323 - INFO: 
2026-09-28 20:39:28.323 - INFO: Request received via GET, no content type specified
2026-09-28 20:39:28.323 - INFO: Processing command "clear-cache": clear the cache (unpinned elements only)
2026-09-28 20:39:28.341 - INFO: 
2026-09-28 20:39:28.341 - INFO: Request received via POST, content type "application/x-www-form-urlencoded"
2026-09-28 20:39:28.341 - INFO: Processing the following SPARQL query:
# Tier H-vocab — title literals, large
# Goal: external-vocabulary lookup pressure with larger bounded output.
PREFIX dblp: <https://dblp.org/rdf/schema#>

CONSTRUCT { ?paper dblp:title ?title }
WHERE {
  ?paper dblp:title ?title .
}
LIMIT 100000

2026-09-28 20:39:28.341 - INFO: Requested media types of the result are: "text/turtle"
2026-09-28 20:39:28.341 - INFO: Query planning done in 0 ms
2026-09-28 20:39:28.341 - INFO: Result has unknown size (not computed yet)
2026-09-28 20:39:28.640 - INFO: Done processing query and sending result, total time was 298 ms
2026-09-28 20:39:28.965 - INFO: 
2026-09-28 20:39:28.965 - INFO: Request received via GET, no content type specified
2026-09-28 20:39:28.965 - INFO: Processing command "clear-cache": clear the cache (unpinned elements only)
2026-09-28 20:39:28.982 - INFO: 
2026-09-28 20:39:28.982 - INFO: Request received via POST, content type "application/x-www-form-urlencoded"
2026-09-28 20:39:28.983 - INFO: Processing the following SPARQL query:
# Tier H-vocab — title literals, large
# Goal: external-vocabulary lookup pressure with larger bounded output.
PREFIX dblp: <https://dblp.org/rdf/schema#>

CONSTRUCT { ?paper dblp:title ?title }
WHERE {
  ?paper dblp:title ?title .
}
LIMIT 100000

2026-09-28 20:39:28.983 - INFO: Requested media types of the result are: "text/turtle"
2026-09-28 20:39:28.983 - INFO: Query planning done in 0 ms
2026-09-28 20:39:28.983 - INFO: Result has unknown size (not computed yet)
2026-09-28 20:39:29.282 - INFO: Done processing query and sending result, total time was 299 ms
2026-09-28 20:39:29.302 - INFO: 
2026-09-28 20:39:29.302 - INFO: Request received via GET, no content type specified
2026-09-28 20:39:29.302 - INFO: Processing command "clear-cache": clear the cache (unpinned elements only)
2026-09-28 20:39:29.320 - INFO: 
2026-09-28 20:39:29.320 - INFO: Request received via POST, content type "application/x-www-form-urlencoded"
2026-09-28 20:39:29.320 - INFO: Processing the following SPARQL query:
# Tier H-vocab — title literals, large
# Goal: external-vocabulary lookup pressure with larger bounded output.
PREFIX dblp: <https://dblp.org/rdf/schema#>

CONSTRUCT { ?paper dblp:title ?title }
WHERE {
  ?paper dblp:title ?title .
}
LIMIT 100000

2026-09-28 20:39:29.320 - INFO: Requested media types of the result are: "text/turtle"
2026-09-28 20:39:29.320 - INFO: Query planning done in 0 ms
2026-09-28 20:39:29.320 - INFO: Result has unknown size (not computed yet)
2026-09-28 20:39:29.618 - INFO: Done processing query and sending result, total time was 297 ms
2026-09-28 20:39:29.638 - INFO: 
2026-09-28 20:39:29.638 - INFO: Request received via GET, no content type specified
2026-09-28 20:39:29.638 - INFO: Processing command "clear-cache": clear the cache (unpinned elements only)
2026-09-28 20:39:29.655 - INFO: 
2026-09-28 20:39:29.655 - INFO: Request received via POST, content type "application/x-www-form-urlencoded"
2026-09-28 20:39:29.656 - INFO: Processing the following SPARQL query:
# Tier H-vocab — title literals, large
# Goal: external-vocabulary lookup pressure with larger bounded output.
PREFIX dblp: <https://dblp.org/rdf/schema#>

CONSTRUCT { ?paper dblp:title ?title }
WHERE {
  ?paper dblp:title ?title .
}
LIMIT 100000

2026-09-28 20:39:29.656 - INFO: Requested media types of the result are: "text/turtle"
2026-09-28 20:39:29.656 - INFO: Query planning done in 0 ms
2026-09-28 20:39:29.656 - INFO: Result has unknown size (not computed yet)
2026-09-28 20:39:29.952 - INFO: Done processing query and sending result, total time was 296 ms
2026-09-28 20:39:29.972 - INFO: 
2026-09-28 20:39:29.972 - INFO: Request received via GET, no content type specified
2026-09-28 20:39:29.972 - INFO: Processing command "clear-cache": clear the cache (unpinned elements only)
2026-09-28 20:39:29.998 - INFO: 
2026-09-28 20:39:29.998 - INFO: Request received via POST, content type "application/x-www-form-urlencoded"
2026-09-28 20:39:29.998 - INFO: Processing the following SPARQL query:
# Tier H-vocab — title literals, large
# Goal: external-vocabulary lookup pressure with larger bounded output.
PREFIX dblp: <https://dblp.org/rdf/schema#>

CONSTRUCT { ?paper dblp:title ?title }
WHERE {
  ?paper dblp:title ?title .
}
LIMIT 100000

2026-09-28 20:39:29.998 - INFO: Requested media types of the result are: "text/turtle"
2026-09-28 20:39:29.998 - INFO: Query planning done in 0 ms
2026-09-28 20:39:29.998 - INFO: Result has unknown size (not computed yet)
2026-09-28 20:39:30.295 - INFO: Done processing query and sending result, total time was 297 ms
2026-09-28 20:39:30.315 - INFO: 
2026-09-28 20:39:30.315 - INFO: Request received via GET, no content type specified
2026-09-28 20:39:30.315 - INFO: Processing command "clear-cache": clear the cache (unpinned elements only)
2026-09-28 20:39:30.333 - INFO: 
2026-09-28 20:39:30.333 - INFO: Request received via POST, content type "application/x-www-form-urlencoded"
2026-09-28 20:39:30.334 - INFO: Processing the following SPARQL query:
# Tier H-vocab — title literals, large
# Goal: external-vocabulary lookup pressure with larger bounded output.
PREFIX dblp: <https://dblp.org/rdf/schema#>

CONSTRUCT { ?paper dblp:title ?title }
WHERE {
  ?paper dblp:title ?title .
}
LIMIT 100000

2026-09-28 20:39:30.334 - INFO: Requested media types of the result are: "text/turtle"
2026-09-28 20:39:30.334 - INFO: Query planning done in 0 ms
2026-09-28 20:39:30.334 - INFO: Result has unknown size (not computed yet)
2026-09-28 20:39:30.632 - INFO: Done processing query and sending result, total time was 298 ms
2026-09-28 20:39:30.652 - INFO: 
2026-09-28 20:39:30.652 - INFO: Request received via GET, no content type specified
2026-09-28 20:39:30.652 - INFO: Processing command "clear-cache": clear the cache (unpinned elements only)
2026-09-28 20:39:30.670 - INFO: 
2026-09-28 20:39:30.670 - INFO: Request received via POST, content type "application/x-www-form-urlencoded"
2026-09-28 20:39:30.671 - INFO: Processing the following SPARQL query:
# Tier H-vocab — title literals, large
# Goal: external-vocabulary lookup pressure with larger bounded output.
PREFIX dblp: <https://dblp.org/rdf/schema#>

CONSTRUCT { ?paper dblp:title ?title }
WHERE {
  ?paper dblp:title ?title .
}
LIMIT 100000

2026-09-28 20:39:30.671 - INFO: Requested media types of the result are: "text/turtle"
2026-09-28 20:39:30.671 - INFO: Query planning done in 0 ms
2026-09-28 20:39:30.671 - INFO: Result has unknown size (not computed yet)
2026-09-28 20:39:30.964 - INFO: Done processing query and sending result, total time was 293 ms
2026-09-28 20:39:30.984 - INFO: 
2026-09-28 20:39:30.984 - INFO: Request received via GET, no content type specified
2026-09-28 20:39:30.984 - INFO: Processing command "clear-cache": clear the cache (unpinned elements only)
2026-09-28 20:39:31.002 - INFO: 
2026-09-28 20:39:31.002 - INFO: Request received via POST, content type "application/x-www-form-urlencoded"
2026-09-28 20:39:31.002 - INFO: Processing the following SPARQL query:
# Tier H-vocab — title literals, large
# Goal: external-vocabulary lookup pressure with larger bounded output.
PREFIX dblp: <https://dblp.org/rdf/schema#>

CONSTRUCT { ?paper dblp:title ?title }
WHERE {
  ?paper dblp:title ?title .
}
LIMIT 100000

2026-09-28 20:39:31.002 - INFO: Requested media types of the result are: "text/turtle"
2026-09-28 20:39:31.003 - INFO: Query planning done in 0 ms
2026-09-28 20:39:31.003 - INFO: Result has unknown size (not computed yet)
2026-09-28 20:39:31.289 - INFO: Done processing query and sending result, total time was 286 ms
2026-09-28 20:39:31.309 - INFO: 
2026-09-28 20:39:31.309 - INFO: Request received via GET, no content type specified
2026-09-28 20:39:31.309 - INFO: Processing command "clear-cache": clear the cache (unpinned elements only)
2026-09-28 20:39:31.327 - INFO: 
2026-09-28 20:39:31.327 - INFO: Request received via POST, content type "application/x-www-form-urlencoded"
2026-09-28 20:39:31.327 - INFO: Processing the following SPARQL query:
# Tier H-vocab — title literals, large
# Goal: external-vocabulary lookup pressure with larger bounded output.
PREFIX dblp: <https://dblp.org/rdf/schema#>

CONSTRUCT { ?paper dblp:title ?title }
WHERE {
  ?paper dblp:title ?title .
}
LIMIT 100000

2026-09-28 20:39:31.327 - INFO: Requested media types of the result are: "text/turtle"
2026-09-28 20:39:31.327 - INFO: Query planning done in 0 ms
2026-09-28 20:39:31.327 - INFO: Result has unknown size (not computed yet)
2026-09-28 20:39:31.609 - INFO: Done processing query and sending result, total time was 282 ms
2026-09-28 20:39:31.629 - INFO: 
2026-09-28 20:39:31.629 - INFO: Request received via GET, no content type specified
2026-09-28 20:39:31.629 - INFO: Processing command "clear-cache": clear the cache (unpinned elements only)
2026-09-28 20:39:31.647 - INFO: 
2026-09-28 20:39:31.647 - INFO: Request received via POST, content type "application/x-www-form-urlencoded"
2026-09-28 20:39:31.647 - INFO: Processing the following SPARQL query:
# Tier H-vocab — title literals, large
# Goal: external-vocabulary lookup pressure with larger bounded output.
PREFIX dblp: <https://dblp.org/rdf/schema#>

CONSTRUCT { ?paper dblp:title ?title }
WHERE {
  ?paper dblp:title ?title .
}
LIMIT 100000

2026-09-28 20:39:31.647 - INFO: Requested media types of the result are: "text/turtle"
2026-09-28 20:39:31.647 - INFO: Query planning done in 0 ms
2026-09-28 20:39:31.647 - INFO: Result has unknown size (not computed yet)
2026-09-28 20:39:31.923 - INFO: Done processing query and sending result, total time was 276 ms
2026-09-28 20:39:31.943 - INFO: 
2026-09-28 20:39:31.943 - INFO: Request received via GET, no content type specified
2026-09-28 20:39:31.943 - INFO: Processing command "clear-cache": clear the cache (unpinned elements only)
2026-09-28 20:39:31.961 - INFO: 
2026-09-28 20:39:31.961 - INFO: Request received via POST, content type "application/x-www-form-urlencoded"
2026-09-28 20:39:31.961 - INFO: Processing the following SPARQL query:
# Tier H-vocab — title literals, large
# Goal: external-vocabulary lookup pressure with larger bounded output.
PREFIX dblp: <https://dblp.org/rdf/schema#>

CONSTRUCT { ?paper dblp:title ?title }
WHERE {
  ?paper dblp:title ?title .
}
LIMIT 100000

2026-09-28 20:39:31.961 - INFO: Requested media types of the result are: "text/turtle"
2026-09-28 20:39:31.961 - INFO: Query planning done in 0 ms
2026-09-28 20:39:31.961 - INFO: Result has unknown size (not computed yet)
2026-09-28 20:39:32.238 - INFO: Done processing query and sending result, total time was 277 ms
2026-09-28 20:39:32.258 - INFO: 
2026-09-28 20:39:32.258 - INFO: Request received via GET, no content type specified
2026-09-28 20:39:32.258 - INFO: Processing command "clear-cache": clear the cache (unpinned elements only)
2026-09-28 20:39:32.276 - INFO: 
2026-09-28 20:39:32.276 - INFO: Request received via POST, content type "application/x-www-form-urlencoded"
2026-09-28 20:39:32.277 - INFO: Processing the following SPARQL query:
# Tier H-vocab — title literals, large
# Goal: external-vocabulary lookup pressure with larger bounded output.
PREFIX dblp: <https://dblp.org/rdf/schema#>

CONSTRUCT { ?paper dblp:title ?title }
WHERE {
  ?paper dblp:title ?title .
}
LIMIT 100000

2026-09-28 20:39:32.277 - INFO: Requested media types of the result are: "text/turtle"
2026-09-28 20:39:32.277 - INFO: Query planning done in 0 ms
2026-09-28 20:39:32.277 - INFO: Result has unknown size (not computed yet)
2026-09-28 20:39:32.552 - INFO: Done processing query and sending result, total time was 275 ms
2026-09-28 20:40:15.041 - INFO: 
2026-09-28 20:40:15.041 - INFO: Request received via GET, no content type specified
2026-09-28 20:40:15.041 - INFO: Processing command "clear-cache": clear the cache (unpinned elements only)
2026-09-28 20:40:15.071 - INFO: 
2026-09-28 20:40:15.071 - INFO: Request received via POST, content type "application/x-www-form-urlencoded"
2026-09-28 20:40:15.071 - INFO: Processing the following SPARQL query:
# Tier H-vocab — title literals, large
# Goal: external-vocabulary lookup pressure with larger bounded output.
PREFIX dblp: <https://dblp.org/rdf/schema#>

CONSTRUCT { ?paper dblp:title ?title }
WHERE {
  ?paper dblp:title ?title .
}
LIMIT 100000

2026-09-28 20:40:15.071 - INFO: Requested media types of the result are: "text/turtle"
2026-09-28 20:40:15.071 - INFO: Query planning done in 0 ms
2026-09-28 20:40:15.071 - INFO: Result has unknown size (not computed yet)
2026-09-28 20:40:15.371 - INFO: Done processing query and sending result, total time was 300 ms
2026-09-28 20:40:15.391 - INFO: 
2026-09-28 20:40:15.391 - INFO: Request received via GET, no content type specified
2026-09-28 20:40:15.391 - INFO: Processing command "clear-cache": clear the cache (unpinned elements only)
2026-09-28 20:40:15.409 - INFO: 
2026-09-28 20:40:15.409 - INFO: Request received via POST, content type "application/x-www-form-urlencoded"
2026-09-28 20:40:15.409 - INFO: Processing the following SPARQL query:
# Tier H-vocab — title literals, large
# Goal: external-vocabulary lookup pressure with larger bounded output.
PREFIX dblp: <https://dblp.org/rdf/schema#>

CONSTRUCT { ?paper dblp:title ?title }
WHERE {
  ?paper dblp:title ?title .
}
LIMIT 100000

2026-09-28 20:40:15.409 - INFO: Requested media types of the result are: "text/turtle"
2026-09-28 20:40:15.410 - INFO: Query planning done in 0 ms
2026-09-28 20:40:15.410 - INFO: Result has unknown size (not computed yet)
2026-09-28 20:40:15.710 - INFO: Done processing query and sending result, total time was 300 ms
2026-09-28 20:40:15.730 - INFO: 
2026-09-28 20:40:15.730 - INFO: Request received via GET, no content type specified
2026-09-28 20:40:15.730 - INFO: Processing command "clear-cache": clear the cache (unpinned elements only)
2026-09-28 20:40:15.748 - INFO: 
2026-09-28 20:40:15.748 - INFO: Request received via POST, content type "application/x-www-form-urlencoded"
2026-09-28 20:40:15.749 - INFO: Processing the following SPARQL query:
# Tier H-vocab — title literals, large
# Goal: external-vocabulary lookup pressure with larger bounded output.
PREFIX dblp: <https://dblp.org/rdf/schema#>

CONSTRUCT { ?paper dblp:title ?title }
WHERE {
  ?paper dblp:title ?title .
}
LIMIT 100000

2026-09-28 20:40:15.749 - INFO: Requested media types of the result are: "text/turtle"
2026-09-28 20:40:15.749 - INFO: Query planning done in 0 ms
2026-09-28 20:40:15.749 - INFO: Result has unknown size (not computed yet)
2026-09-28 20:40:16.047 - INFO: Done processing query and sending result, total time was 298 ms
2026-09-28 20:40:16.067 - INFO: 
2026-09-28 20:40:16.067 - INFO: Request received via GET, no content type specified
2026-09-28 20:40:16.067 - INFO: Processing command "clear-cache": clear the cache (unpinned elements only)
2026-09-28 20:40:16.085 - INFO: 
2026-09-28 20:40:16.085 - INFO: Request received via POST, content type "application/x-www-form-urlencoded"
2026-09-28 20:40:16.086 - INFO: Processing the following SPARQL query:
# Tier H-vocab — title literals, large
# Goal: external-vocabulary lookup pressure with larger bounded output.
PREFIX dblp: <https://dblp.org/rdf/schema#>

CONSTRUCT { ?paper dblp:title ?title }
WHERE {
  ?paper dblp:title ?title .
}
LIMIT 100000

2026-09-28 20:40:16.086 - INFO: Requested media types of the result are: "text/turtle"
2026-09-28 20:40:16.086 - INFO: Query planning done in 0 ms
2026-09-28 20:40:16.086 - INFO: Result has unknown size (not computed yet)
2026-09-28 20:40:16.386 - INFO: Done processing query and sending result, total time was 300 ms
2026-09-28 20:40:16.406 - INFO: 
2026-09-28 20:40:16.406 - INFO: Request received via GET, no content type specified
2026-09-28 20:40:16.406 - INFO: Processing command "clear-cache": clear the cache (unpinned elements only)
2026-09-28 20:40:16.424 - INFO: 
2026-09-28 20:40:16.424 - INFO: Request received via POST, content type "application/x-www-form-urlencoded"
2026-09-28 20:40:16.424 - INFO: Processing the following SPARQL query:
# Tier H-vocab — title literals, large
# Goal: external-vocabulary lookup pressure with larger bounded output.
PREFIX dblp: <https://dblp.org/rdf/schema#>

CONSTRUCT { ?paper dblp:title ?title }
WHERE {
  ?paper dblp:title ?title .
}
LIMIT 100000

2026-09-28 20:40:16.424 - INFO: Requested media types of the result are: "text/turtle"
2026-09-28 20:40:16.424 - INFO: Query planning done in 0 ms
2026-09-28 20:40:16.425 - INFO: Result has unknown size (not computed yet)
2026-09-28 20:40:16.726 - INFO: Done processing query and sending result, total time was 301 ms
2026-09-28 20:40:16.746 - INFO: 
2026-09-28 20:40:16.746 - INFO: Request received via GET, no content type specified
2026-09-28 20:40:16.746 - INFO: Processing command "clear-cache": clear the cache (unpinned elements only)
2026-09-28 20:40:16.764 - INFO: 
2026-09-28 20:40:16.764 - INFO: Request received via POST, content type "application/x-www-form-urlencoded"
2026-09-28 20:40:16.764 - INFO: Processing the following SPARQL query:
# Tier H-vocab — title literals, large
# Goal: external-vocabulary lookup pressure with larger bounded output.
PREFIX dblp: <https://dblp.org/rdf/schema#>

CONSTRUCT { ?paper dblp:title ?title }
WHERE {
  ?paper dblp:title ?title .
}
LIMIT 100000

2026-09-28 20:40:16.764 - INFO: Requested media types of the result are: "text/turtle"
2026-09-28 20:40:16.764 - INFO: Query planning done in 0 ms
2026-09-28 20:40:16.764 - INFO: Result has unknown size (not computed yet)
2026-09-28 20:40:17.071 - INFO: Done processing query and sending result, total time was 307 ms
2026-09-28 20:40:17.091 - INFO: 
2026-09-28 20:40:17.091 - INFO: Request received via GET, no content type specified
2026-09-28 20:40:17.091 - INFO: Processing command "clear-cache": clear the cache (unpinned elements only)
2026-09-28 20:40:17.109 - INFO: 
2026-09-28 20:40:17.109 - INFO: Request received via POST, content type "application/x-www-form-urlencoded"
2026-09-28 20:40:17.109 - INFO: Processing the following SPARQL query:
# Tier H-vocab — title literals, large
# Goal: external-vocabulary lookup pressure with larger bounded output.
PREFIX dblp: <https://dblp.org/rdf/schema#>

CONSTRUCT { ?paper dblp:title ?title }
WHERE {
  ?paper dblp:title ?title .
}
LIMIT 100000

2026-09-28 20:40:17.109 - INFO: Requested media types of the result are: "text/turtle"
2026-09-28 20:40:17.109 - INFO: Query planning done in 0 ms
2026-09-28 20:40:17.110 - INFO: Result has unknown size (not computed yet)
2026-09-28 20:40:17.411 - INFO: Done processing query and sending result, total time was 301 ms
2026-09-28 20:40:17.431 - INFO: 
2026-09-28 20:40:17.431 - INFO: Request received via GET, no content type specified
2026-09-28 20:40:17.431 - INFO: Processing command "clear-cache": clear the cache (unpinned elements only)
2026-09-28 20:40:17.449 - INFO: 
2026-09-28 20:40:17.449 - INFO: Request received via POST, content type "application/x-www-form-urlencoded"
2026-09-28 20:40:17.450 - INFO: Processing the following SPARQL query:
# Tier H-vocab — title literals, large
# Goal: external-vocabulary lookup pressure with larger bounded output.
PREFIX dblp: <https://dblp.org/rdf/schema#>

CONSTRUCT { ?paper dblp:title ?title }
WHERE {
  ?paper dblp:title ?title .
}
LIMIT 100000

2026-09-28 20:40:17.450 - INFO: Requested media types of the result are: "text/turtle"
2026-09-28 20:40:17.450 - INFO: Query planning done in 0 ms
2026-09-28 20:40:17.450 - INFO: Result has unknown size (not computed yet)
2026-09-28 20:40:17.748 - INFO: Done processing query and sending result, total time was 298 ms
2026-09-28 20:40:17.768 - INFO: 
2026-09-28 20:40:17.768 - INFO: Request received via GET, no content type specified
2026-09-28 20:40:17.768 - INFO: Processing command "clear-cache": clear the cache (unpinned elements only)
2026-09-28 20:40:17.794 - INFO: 
2026-09-28 20:40:17.794 - INFO: Request received via POST, content type "application/x-www-form-urlencoded"
2026-09-28 20:40:17.794 - INFO: Processing the following SPARQL query:
# Tier H-vocab — title literals, large
# Goal: external-vocabulary lookup pressure with larger bounded output.
PREFIX dblp: <https://dblp.org/rdf/schema#>

CONSTRUCT { ?paper dblp:title ?title }
WHERE {
  ?paper dblp:title ?title .
}
LIMIT 100000

2026-09-28 20:40:17.794 - INFO: Requested media types of the result are: "text/turtle"
2026-09-28 20:40:17.794 - INFO: Query planning done in 0 ms
2026-09-28 20:40:17.794 - INFO: Result has unknown size (not computed yet)
2026-09-28 20:40:18.080 - INFO: Done processing query and sending result, total time was 286 ms
2026-09-28 20:40:18.101 - INFO: 
2026-09-28 20:40:18.101 - INFO: Request received via GET, no content type specified
2026-09-28 20:40:18.101 - INFO: Processing command "clear-cache": clear the cache (unpinned elements only)
2026-09-28 20:40:18.119 - INFO: 
2026-09-28 20:40:18.119 - INFO: Request received via POST, content type "application/x-www-form-urlencoded"
2026-09-28 20:40:18.119 - INFO: Processing the following SPARQL query:
# Tier H-vocab — title literals, large
# Goal: external-vocabulary lookup pressure with larger bounded output.
PREFIX dblp: <https://dblp.org/rdf/schema#>

CONSTRUCT { ?paper dblp:title ?title }
WHERE {
  ?paper dblp:title ?title .
}
LIMIT 100000

2026-09-28 20:40:18.119 - INFO: Requested media types of the result are: "text/turtle"
2026-09-28 20:40:18.119 - INFO: Query planning done in 0 ms
2026-09-28 20:40:18.120 - INFO: Result has unknown size (not computed yet)
2026-09-28 20:40:18.397 - INFO: Done processing query and sending result, total time was 277 ms
2026-09-28 20:40:18.417 - INFO: 
2026-09-28 20:40:18.417 - INFO: Request received via GET, no content type specified
2026-09-28 20:40:18.417 - INFO: Processing command "clear-cache": clear the cache (unpinned elements only)
2026-09-28 20:40:18.435 - INFO: 
2026-09-28 20:40:18.435 - INFO: Request received via POST, content type "application/x-www-form-urlencoded"
2026-09-28 20:40:18.436 - INFO: Processing the following SPARQL query:
# Tier H-vocab — title literals, large
# Goal: external-vocabulary lookup pressure with larger bounded output.
PREFIX dblp: <https://dblp.org/rdf/schema#>

CONSTRUCT { ?paper dblp:title ?title }
WHERE {
  ?paper dblp:title ?title .
}
LIMIT 100000

2026-09-28 20:40:18.436 - INFO: Requested media types of the result are: "text/turtle"
2026-09-28 20:40:18.436 - INFO: Query planning done in 0 ms
2026-09-28 20:40:18.436 - INFO: Result has unknown size (not computed yet)
2026-09-28 20:40:18.716 - INFO: Done processing query and sending result, total time was 280 ms
2026-09-28 20:40:19.041 - INFO: 
2026-09-28 20:40:19.041 - INFO: Request received via GET, no content type specified
2026-09-28 20:40:19.041 - INFO: Processing command "clear-cache": clear the cache (unpinned elements only)
2026-09-28 20:40:19.059 - INFO: 
2026-09-28 20:40:19.059 - INFO: Request received via POST, content type "application/x-www-form-urlencoded"
2026-09-28 20:40:19.059 - INFO: Processing the following SPARQL query:
# Tier H-vocab — title literals, large
# Goal: external-vocabulary lookup pressure with larger bounded output.
PREFIX dblp: <https://dblp.org/rdf/schema#>

CONSTRUCT { ?paper dblp:title ?title }
WHERE {
  ?paper dblp:title ?title .
}
LIMIT 100000

2026-09-28 20:40:19.059 - INFO: Requested media types of the result are: "text/turtle"
2026-09-28 20:40:19.060 - INFO: Query planning done in 0 ms
2026-09-28 20:40:19.060 - INFO: Result has unknown size (not computed yet)
2026-09-28 20:40:19.361 - INFO: Done processing query and sending result, total time was 301 ms
2026-09-28 20:40:19.381 - INFO: 
2026-09-28 20:40:19.381 - INFO: Request received via GET, no content type specified
2026-09-28 20:40:19.381 - INFO: Processing command "clear-cache": clear the cache (unpinned elements only)
2026-09-28 20:40:19.399 - INFO: 
2026-09-28 20:40:19.399 - INFO: Request received via POST, content type "application/x-www-form-urlencoded"
2026-09-28 20:40:19.399 - INFO: Processing the following SPARQL query:
# Tier H-vocab — title literals, large
# Goal: external-vocabulary lookup pressure with larger bounded output.
PREFIX dblp: <https://dblp.org/rdf/schema#>

CONSTRUCT { ?paper dblp:title ?title }
WHERE {
  ?paper dblp:title ?title .
}
LIMIT 100000

2026-09-28 20:40:19.399 - INFO: Requested media types of the result are: "text/turtle"
2026-09-28 20:40:19.399 - INFO: Query planning done in 0 ms
2026-09-28 20:40:19.399 - INFO: Result has unknown size (not computed yet)
2026-09-28 20:40:19.700 - INFO: Done processing query and sending result, total time was 301 ms
2026-09-28 20:40:19.720 - INFO: 
2026-09-28 20:40:19.720 - INFO: Request received via GET, no content type specified
2026-09-28 20:40:19.720 - INFO: Processing command "clear-cache": clear the cache (unpinned elements only)
2026-09-28 20:40:19.738 - INFO: 
2026-09-28 20:40:19.738 - INFO: Request received via POST, content type "application/x-www-form-urlencoded"
2026-09-28 20:40:19.738 - INFO: Processing the following SPARQL query:
# Tier H-vocab — title literals, large
# Goal: external-vocabulary lookup pressure with larger bounded output.
PREFIX dblp: <https://dblp.org/rdf/schema#>

CONSTRUCT { ?paper dblp:title ?title }
WHERE {
  ?paper dblp:title ?title .
}
LIMIT 100000

2026-09-28 20:40:19.738 - INFO: Requested media types of the result are: "text/turtle"
2026-09-28 20:40:19.739 - INFO: Query planning done in 0 ms
2026-09-28 20:40:19.739 - INFO: Result has unknown size (not computed yet)
2026-09-28 20:40:20.040 - INFO: Done processing query and sending result, total time was 301 ms
2026-09-28 20:40:20.060 - INFO: 
2026-09-28 20:40:20.060 - INFO: Request received via GET, no content type specified
2026-09-28 20:40:20.060 - INFO: Processing command "clear-cache": clear the cache (unpinned elements only)
2026-09-28 20:40:20.078 - INFO: 
2026-09-28 20:40:20.078 - INFO: Request received via POST, content type "application/x-www-form-urlencoded"
2026-09-28 20:40:20.078 - INFO: Processing the following SPARQL query:
# Tier H-vocab — title literals, large
# Goal: external-vocabulary lookup pressure with larger bounded output.
PREFIX dblp: <https://dblp.org/rdf/schema#>

CONSTRUCT { ?paper dblp:title ?title }
WHERE {
  ?paper dblp:title ?title .
}
LIMIT 100000

2026-09-28 20:40:20.078 - INFO: Requested media types of the result are: "text/turtle"
2026-09-28 20:40:20.078 - INFO: Query planning done in 0 ms
2026-09-28 20:40:20.078 - INFO: Result has unknown size (not computed yet)
2026-09-28 20:40:20.380 - INFO: Done processing query and sending result, total time was 301 ms
2026-09-28 20:40:20.400 - INFO: 
2026-09-28 20:40:20.400 - INFO: Request received via GET, no content type specified
2026-09-28 20:40:20.400 - INFO: Processing command "clear-cache": clear the cache (unpinned elements only)
2026-09-28 20:40:20.418 - INFO: 
2026-09-28 20:40:20.418 - INFO: Request received via POST, content type "application/x-www-form-urlencoded"
2026-09-28 20:40:20.419 - INFO: Processing the following SPARQL query:
# Tier H-vocab — title literals, large
# Goal: external-vocabulary lookup pressure with larger bounded output.
PREFIX dblp: <https://dblp.org/rdf/schema#>

CONSTRUCT { ?paper dblp:title ?title }
WHERE {
  ?paper dblp:title ?title .
}
LIMIT 100000

2026-09-28 20:40:20.419 - INFO: Requested media types of the result are: "text/turtle"
2026-09-28 20:40:20.419 - INFO: Query planning done in 0 ms
2026-09-28 20:40:20.419 - INFO: Result has unknown size (not computed yet)
2026-09-28 20:40:20.711 - INFO: Done processing query and sending result, total time was 292 ms
2026-09-28 20:40:20.731 - INFO: 
2026-09-28 20:40:20.731 - INFO: Request received via GET, no content type specified
2026-09-28 20:40:20.731 - INFO: Processing command "clear-cache": clear the cache (unpinned elements only)
2026-09-28 20:40:20.749 - INFO: 
2026-09-28 20:40:20.749 - INFO: Request received via POST, content type "application/x-www-form-urlencoded"
2026-09-28 20:40:20.749 - INFO: Processing the following SPARQL query:
# Tier H-vocab — title literals, large
# Goal: external-vocabulary lookup pressure with larger bounded output.
PREFIX dblp: <https://dblp.org/rdf/schema#>

CONSTRUCT { ?paper dblp:title ?title }
WHERE {
  ?paper dblp:title ?title .
}
LIMIT 100000

2026-09-28 20:40:20.749 - INFO: Requested media types of the result are: "text/turtle"
2026-09-28 20:40:20.749 - INFO: Query planning done in 0 ms
2026-09-28 20:40:20.750 - INFO: Result has unknown size (not computed yet)
2026-09-28 20:40:21.031 - INFO: Done processing query and sending result, total time was 282 ms
2026-09-28 20:40:21.051 - INFO: 
2026-09-28 20:40:21.051 - INFO: Request received via GET, no content type specified
2026-09-28 20:40:21.051 - INFO: Processing command "clear-cache": clear the cache (unpinned elements only)
2026-09-28 20:40:21.069 - INFO: 
2026-09-28 20:40:21.069 - INFO: Request received via POST, content type "application/x-www-form-urlencoded"
2026-09-28 20:40:21.070 - INFO: Processing the following SPARQL query:
# Tier H-vocab — title literals, large
# Goal: external-vocabulary lookup pressure with larger bounded output.
PREFIX dblp: <https://dblp.org/rdf/schema#>

CONSTRUCT { ?paper dblp:title ?title }
WHERE {
  ?paper dblp:title ?title .
}
LIMIT 100000

2026-09-28 20:40:21.070 - INFO: Requested media types of the result are: "text/turtle"
2026-09-28 20:40:21.070 - INFO: Query planning done in 0 ms
2026-09-28 20:40:21.070 - INFO: Result has unknown size (not computed yet)
2026-09-28 20:40:21.351 - INFO: Done processing query and sending result, total time was 281 ms
2026-09-28 20:40:21.371 - INFO: 
2026-09-28 20:40:21.371 - INFO: Request received via GET, no content type specified
2026-09-28 20:40:21.371 - INFO: Processing command "clear-cache": clear the cache (unpinned elements only)
2026-09-28 20:40:21.389 - INFO: 
2026-09-28 20:40:21.389 - INFO: Request received via POST, content type "application/x-www-form-urlencoded"
2026-09-28 20:40:21.389 - INFO: Processing the following SPARQL query:
# Tier H-vocab — title literals, large
# Goal: external-vocabulary lookup pressure with larger bounded output.
PREFIX dblp: <https://dblp.org/rdf/schema#>

CONSTRUCT { ?paper dblp:title ?title }
WHERE {
  ?paper dblp:title ?title .
}
LIMIT 100000

2026-09-28 20:40:21.389 - INFO: Requested media types of the result are: "text/turtle"
2026-09-28 20:40:21.389 - INFO: Query planning done in 0 ms
2026-09-28 20:40:21.389 - INFO: Result has unknown size (not computed yet)
2026-09-28 20:40:21.672 - INFO: Done processing query and sending result, total time was 283 ms
2026-09-28 20:40:21.692 - INFO: 
2026-09-28 20:40:21.692 - INFO: Request received via GET, no content type specified
2026-09-28 20:40:21.692 - INFO: Processing command "clear-cache": clear the cache (unpinned elements only)
2026-09-28 20:40:21.710 - INFO: 
2026-09-28 20:40:21.710 - INFO: Request received via POST, content type "application/x-www-form-urlencoded"
2026-09-28 20:40:21.710 - INFO: Processing the following SPARQL query:
# Tier H-vocab — title literals, large
# Goal: external-vocabulary lookup pressure with larger bounded output.
PREFIX dblp: <https://dblp.org/rdf/schema#>

CONSTRUCT { ?paper dblp:title ?title }
WHERE {
  ?paper dblp:title ?title .
}
LIMIT 100000

2026-09-28 20:40:21.710 - INFO: Requested media types of the result are: "text/turtle"
2026-09-28 20:40:21.710 - INFO: Query planning done in 0 ms
2026-09-28 20:40:21.711 - INFO: Result has unknown size (not computed yet)
2026-09-28 20:40:21.992 - INFO: Done processing query and sending result, total time was 282 ms
2026-09-28 20:40:22.013 - INFO: 
2026-09-28 20:40:22.013 - INFO: Request received via GET, no content type specified
2026-09-28 20:40:22.013 - INFO: Processing command "clear-cache": clear the cache (unpinned elements only)
2026-09-28 20:40:22.030 - INFO: 
2026-09-28 20:40:22.030 - INFO: Request received via POST, content type "application/x-www-form-urlencoded"
2026-09-28 20:40:22.031 - INFO: Processing the following SPARQL query:
# Tier H-vocab — title literals, large
# Goal: external-vocabulary lookup pressure with larger bounded output.
PREFIX dblp: <https://dblp.org/rdf/schema#>

CONSTRUCT { ?paper dblp:title ?title }
WHERE {
  ?paper dblp:title ?title .
}
LIMIT 100000

2026-09-28 20:40:22.031 - INFO: Requested media types of the result are: "text/turtle"
2026-09-28 20:40:22.031 - INFO: Query planning done in 0 ms
2026-09-28 20:40:22.031 - INFO: Result has unknown size (not computed yet)
2026-09-28 20:40:22.328 - INFO: Done processing query and sending result, total time was 297 ms
2026-09-28 20:40:22.348 - INFO: 
2026-09-28 20:40:22.348 - INFO: Request received via GET, no content type specified
2026-09-28 20:40:22.348 - INFO: Processing command "clear-cache": clear the cache (unpinned elements only)
2026-09-28 20:40:22.374 - INFO: 
2026-09-28 20:40:22.374 - INFO: Request received via POST, content type "application/x-www-form-urlencoded"
2026-09-28 20:40:22.374 - INFO: Processing the following SPARQL query:
# Tier H-vocab — title literals, large
# Goal: external-vocabulary lookup pressure with larger bounded output.
PREFIX dblp: <https://dblp.org/rdf/schema#>

CONSTRUCT { ?paper dblp:title ?title }
WHERE {
  ?paper dblp:title ?title .
}
LIMIT 100000

2026-09-28 20:40:22.374 - INFO: Requested media types of the result are: "text/turtle"
2026-09-28 20:40:22.374 - INFO: Query planning done in 0 ms
2026-09-28 20:40:22.374 - INFO: Result has unknown size (not computed yet)
2026-09-28 20:40:22.655 - INFO: Done processing query and sending result, total time was 281 ms
2026-09-28 20:41:05.160 - INFO: 
2026-09-28 20:41:05.160 - INFO: Request received via GET, no content type specified
2026-09-28 20:41:05.160 - INFO: Processing command "clear-cache": clear the cache (unpinned elements only)
2026-09-28 20:41:05.178 - INFO: 
2026-09-28 20:41:05.178 - INFO: Request received via POST, content type "application/x-www-form-urlencoded"
2026-09-28 20:41:05.178 - INFO: Processing the following SPARQL query:
# Tier H-vocab — title literals, large
# Goal: external-vocabulary lookup pressure with larger bounded output.
PREFIX dblp: <https://dblp.org/rdf/schema#>

CONSTRUCT { ?paper dblp:title ?title }
WHERE {
  ?paper dblp:title ?title .
}
LIMIT 100000

2026-09-28 20:41:05.178 - INFO: Requested media types of the result are: "text/turtle"
2026-09-28 20:41:05.178 - INFO: Query planning done in 0 ms
2026-09-28 20:41:05.178 - INFO: Result has unknown size (not computed yet)
2026-09-28 20:41:05.481 - INFO: Done processing query and sending result, total time was 303 ms
2026-09-28 20:41:05.501 - INFO: 
2026-09-28 20:41:05.501 - INFO: Request received via GET, no content type specified
2026-09-28 20:41:05.501 - INFO: Processing command "clear-cache": clear the cache (unpinned elements only)
2026-09-28 20:41:05.520 - INFO: 
2026-09-28 20:41:05.520 - INFO: Request received via POST, content type "application/x-www-form-urlencoded"
2026-09-28 20:41:05.520 - INFO: Processing the following SPARQL query:
# Tier H-vocab — title literals, large
# Goal: external-vocabulary lookup pressure with larger bounded output.
PREFIX dblp: <https://dblp.org/rdf/schema#>

CONSTRUCT { ?paper dblp:title ?title }
WHERE {
  ?paper dblp:title ?title .
}
LIMIT 100000

2026-09-28 20:41:05.520 - INFO: Requested media types of the result are: "text/turtle"
2026-09-28 20:41:05.520 - INFO: Query planning done in 0 ms
2026-09-28 20:41:05.521 - INFO: Result has unknown size (not computed yet)
2026-09-28 20:41:05.823 - INFO: Done processing query and sending result, total time was 302 ms
2026-09-28 20:41:05.843 - INFO: 
2026-09-28 20:41:05.843 - INFO: Request received via GET, no content type specified
2026-09-28 20:41:05.843 - INFO: Processing command "clear-cache": clear the cache (unpinned elements only)
2026-09-28 20:41:05.861 - INFO: 
2026-09-28 20:41:05.861 - INFO: Request received via POST, content type "application/x-www-form-urlencoded"
2026-09-28 20:41:05.861 - INFO: Processing the following SPARQL query:
# Tier H-vocab — title literals, large
# Goal: external-vocabulary lookup pressure with larger bounded output.
PREFIX dblp: <https://dblp.org/rdf/schema#>

CONSTRUCT { ?paper dblp:title ?title }
WHERE {
  ?paper dblp:title ?title .
}
LIMIT 100000

2026-09-28 20:41:05.861 - INFO: Requested media types of the result are: "text/turtle"
2026-09-28 20:41:05.861 - INFO: Query planning done in 0 ms
2026-09-28 20:41:05.861 - INFO: Result has unknown size (not computed yet)
2026-09-28 20:41:06.162 - INFO: Done processing query and sending result, total time was 301 ms
2026-09-28 20:41:06.182 - INFO: 
2026-09-28 20:41:06.182 - INFO: Request received via GET, no content type specified
2026-09-28 20:41:06.182 - INFO: Processing command "clear-cache": clear the cache (unpinned elements only)
2026-09-28 20:41:06.200 - INFO: 
2026-09-28 20:41:06.200 - INFO: Request received via POST, content type "application/x-www-form-urlencoded"
2026-09-28 20:41:06.201 - INFO: Processing the following SPARQL query:
# Tier H-vocab — title literals, large
# Goal: external-vocabulary lookup pressure with larger bounded output.
PREFIX dblp: <https://dblp.org/rdf/schema#>

CONSTRUCT { ?paper dblp:title ?title }
WHERE {
  ?paper dblp:title ?title .
}
LIMIT 100000

2026-09-28 20:41:06.201 - INFO: Requested media types of the result are: "text/turtle"
2026-09-28 20:41:06.201 - INFO: Query planning done in 0 ms
2026-09-28 20:41:06.201 - INFO: Result has unknown size (not computed yet)
2026-09-28 20:41:06.505 - INFO: Done processing query and sending result, total time was 304 ms
2026-09-28 20:41:06.525 - INFO: 
2026-09-28 20:41:06.525 - INFO: Request received via GET, no content type specified
2026-09-28 20:41:06.525 - INFO: Processing command "clear-cache": clear the cache (unpinned elements only)
2026-09-28 20:41:06.543 - INFO: 
2026-09-28 20:41:06.543 - INFO: Request received via POST, content type "application/x-www-form-urlencoded"
2026-09-28 20:41:06.543 - INFO: Processing the following SPARQL query:
# Tier H-vocab — title literals, large
# Goal: external-vocabulary lookup pressure with larger bounded output.
PREFIX dblp: <https://dblp.org/rdf/schema#>

CONSTRUCT { ?paper dblp:title ?title }
WHERE {
  ?paper dblp:title ?title .
}
LIMIT 100000

2026-09-28 20:41:06.543 - INFO: Requested media types of the result are: "text/turtle"
2026-09-28 20:41:06.543 - INFO: Query planning done in 0 ms
2026-09-28 20:41:06.543 - INFO: Result has unknown size (not computed yet)
2026-09-28 20:41:06.826 - INFO: Done processing query and sending result, total time was 283 ms
2026-09-28 20:41:06.846 - INFO: 
2026-09-28 20:41:06.846 - INFO: Request received via GET, no content type specified
2026-09-28 20:41:06.846 - INFO: Processing command "clear-cache": clear the cache (unpinned elements only)
2026-09-28 20:41:06.871 - INFO: 
2026-09-28 20:41:06.871 - INFO: Request received via POST, content type "application/x-www-form-urlencoded"
2026-09-28 20:41:06.872 - INFO: Processing the following SPARQL query:
# Tier H-vocab — title literals, large
# Goal: external-vocabulary lookup pressure with larger bounded output.
PREFIX dblp: <https://dblp.org/rdf/schema#>

CONSTRUCT { ?paper dblp:title ?title }
WHERE {
  ?paper dblp:title ?title .
}
LIMIT 100000

2026-09-28 20:41:06.872 - INFO: Requested media types of the result are: "text/turtle"
2026-09-28 20:41:06.872 - INFO: Query planning done in 0 ms
2026-09-28 20:41:06.872 - INFO: Result has unknown size (not computed yet)
2026-09-28 20:41:07.154 - INFO: Done processing query and sending result, total time was 282 ms
2026-09-28 20:41:07.174 - INFO: 
2026-09-28 20:41:07.174 - INFO: Request received via GET, no content type specified
2026-09-28 20:41:07.174 - INFO: Processing command "clear-cache": clear the cache (unpinned elements only)
2026-09-28 20:41:07.192 - INFO: 
2026-09-28 20:41:07.192 - INFO: Request received via POST, content type "application/x-www-form-urlencoded"
2026-09-28 20:41:07.192 - INFO: Processing the following SPARQL query:
# Tier H-vocab — title literals, large
# Goal: external-vocabulary lookup pressure with larger bounded output.
PREFIX dblp: <https://dblp.org/rdf/schema#>

CONSTRUCT { ?paper dblp:title ?title }
WHERE {
  ?paper dblp:title ?title .
}
LIMIT 100000

2026-09-28 20:41:07.193 - INFO: Requested media types of the result are: "text/turtle"
2026-09-28 20:41:07.193 - INFO: Query planning done in 0 ms
2026-09-28 20:41:07.193 - INFO: Result has unknown size (not computed yet)
2026-09-28 20:41:07.475 - INFO: Done processing query and sending result, total time was 283 ms
2026-09-28 20:41:07.495 - INFO: 
2026-09-28 20:41:07.496 - INFO: Request received via GET, no content type specified
2026-09-28 20:41:07.496 - INFO: Processing command "clear-cache": clear the cache (unpinned elements only)
2026-09-28 20:41:07.513 - INFO: 
2026-09-28 20:41:07.513 - INFO: Request received via POST, content type "application/x-www-form-urlencoded"
2026-09-28 20:41:07.514 - INFO: Processing the following SPARQL query:
# Tier H-vocab — title literals, large
# Goal: external-vocabulary lookup pressure with larger bounded output.
PREFIX dblp: <https://dblp.org/rdf/schema#>

CONSTRUCT { ?paper dblp:title ?title }
WHERE {
  ?paper dblp:title ?title .
}
LIMIT 100000

2026-09-28 20:41:07.514 - INFO: Requested media types of the result are: "text/turtle"
2026-09-28 20:41:07.514 - INFO: Query planning done in 0 ms
2026-09-28 20:41:07.514 - INFO: Result has unknown size (not computed yet)
2026-09-28 20:41:07.806 - INFO: Done processing query and sending result, total time was 293 ms
2026-09-28 20:41:07.826 - INFO: 
2026-09-28 20:41:07.826 - INFO: Request received via GET, no content type specified
2026-09-28 20:41:07.826 - INFO: Processing command "clear-cache": clear the cache (unpinned elements only)
2026-09-28 20:41:07.844 - INFO: 
2026-09-28 20:41:07.844 - INFO: Request received via POST, content type "application/x-www-form-urlencoded"
2026-09-28 20:41:07.845 - INFO: Processing the following SPARQL query:
# Tier H-vocab — title literals, large
# Goal: external-vocabulary lookup pressure with larger bounded output.
PREFIX dblp: <https://dblp.org/rdf/schema#>

CONSTRUCT { ?paper dblp:title ?title }
WHERE {
  ?paper dblp:title ?title .
}
LIMIT 100000

2026-09-28 20:41:07.845 - INFO: Requested media types of the result are: "text/turtle"
2026-09-28 20:41:07.845 - INFO: Query planning done in 0 ms
2026-09-28 20:41:07.845 - INFO: Result has unknown size (not computed yet)
2026-09-28 20:41:08.146 - INFO: Done processing query and sending result, total time was 301 ms
2026-09-28 20:41:08.166 - INFO: 
2026-09-28 20:41:08.166 - INFO: Request received via GET, no content type specified
2026-09-28 20:41:08.166 - INFO: Processing command "clear-cache": clear the cache (unpinned elements only)
2026-09-28 20:41:08.184 - INFO: 
2026-09-28 20:41:08.184 - INFO: Request received via POST, content type "application/x-www-form-urlencoded"
2026-09-28 20:41:08.184 - INFO: Processing the following SPARQL query:
# Tier H-vocab — title literals, large
# Goal: external-vocabulary lookup pressure with larger bounded output.
PREFIX dblp: <https://dblp.org/rdf/schema#>

CONSTRUCT { ?paper dblp:title ?title }
WHERE {
  ?paper dblp:title ?title .
}
LIMIT 100000

2026-09-28 20:41:08.184 - INFO: Requested media types of the result are: "text/turtle"
2026-09-28 20:41:08.184 - INFO: Query planning done in 0 ms
2026-09-28 20:41:08.184 - INFO: Result has unknown size (not computed yet)
2026-09-28 20:41:08.483 - INFO: Done processing query and sending result, total time was 299 ms
2026-09-28 20:41:08.503 - INFO: 
2026-09-28 20:41:08.503 - INFO: Request received via GET, no content type specified
2026-09-28 20:41:08.503 - INFO: Processing command "clear-cache": clear the cache (unpinned elements only)
2026-09-28 20:41:08.521 - INFO: 
2026-09-28 20:41:08.521 - INFO: Request received via POST, content type "application/x-www-form-urlencoded"
2026-09-28 20:41:08.522 - INFO: Processing the following SPARQL query:
# Tier H-vocab — title literals, large
# Goal: external-vocabulary lookup pressure with larger bounded output.
PREFIX dblp: <https://dblp.org/rdf/schema#>

CONSTRUCT { ?paper dblp:title ?title }
WHERE {
  ?paper dblp:title ?title .
}
LIMIT 100000

2026-09-28 20:41:08.522 - INFO: Requested media types of the result are: "text/turtle"
2026-09-28 20:41:08.522 - INFO: Query planning done in 0 ms
2026-09-28 20:41:08.522 - INFO: Result has unknown size (not computed yet)
2026-09-28 20:41:08.868 - INFO: Done processing query and sending result, total time was 346 ms
2026-09-28 20:41:09.409 - INFO: 
2026-09-28 20:41:09.409 - INFO: Request received via GET, no content type specified
2026-09-28 20:41:09.409 - INFO: Processing command "clear-cache": clear the cache (unpinned elements only)
2026-09-28 20:41:09.444 - INFO: 
2026-09-28 20:41:09.444 - INFO: Request received via POST, content type "application/x-www-form-urlencoded"
2026-09-28 20:41:09.445 - INFO: Processing the following SPARQL query:
# Tier H-vocab — title literals, large
# Goal: external-vocabulary lookup pressure with larger bounded output.
PREFIX dblp: <https://dblp.org/rdf/schema#>

CONSTRUCT { ?paper dblp:title ?title }
WHERE {
  ?paper dblp:title ?title .
}
LIMIT 100000

2026-09-28 20:41:09.445 - INFO: Requested media types of the result are: "text/turtle"
2026-09-28 20:41:09.445 - INFO: Query planning done in 0 ms
2026-09-28 20:41:09.445 - INFO: Result has unknown size (not computed yet)
2026-09-28 20:41:09.754 - INFO: Done processing query and sending result, total time was 310 ms
2026-09-28 20:41:09.782 - INFO: 
2026-09-28 20:41:09.782 - INFO: Request received via GET, no content type specified
2026-09-28 20:41:09.782 - INFO: Processing command "clear-cache": clear the cache (unpinned elements only)
2026-09-28 20:41:09.800 - INFO: 
2026-09-28 20:41:09.800 - INFO: Request received via POST, content type "application/x-www-form-urlencoded"
2026-09-28 20:41:09.801 - INFO: Processing the following SPARQL query:
# Tier H-vocab — title literals, large
# Goal: external-vocabulary lookup pressure with larger bounded output.
PREFIX dblp: <https://dblp.org/rdf/schema#>

CONSTRUCT { ?paper dblp:title ?title }
WHERE {
  ?paper dblp:title ?title .
}
LIMIT 100000

2026-09-28 20:41:09.801 - INFO: Requested media types of the result are: "text/turtle"
2026-09-28 20:41:09.801 - INFO: Query planning done in 0 ms
2026-09-28 20:41:09.801 - INFO: Result has unknown size (not computed yet)
2026-09-28 20:41:10.105 - INFO: Done processing query and sending result, total time was 304 ms
2026-09-28 20:41:10.125 - INFO: 
2026-09-28 20:41:10.125 - INFO: Request received via GET, no content type specified
2026-09-28 20:41:10.125 - INFO: Processing command "clear-cache": clear the cache (unpinned elements only)
2026-09-28 20:41:10.143 - INFO: 
2026-09-28 20:41:10.143 - INFO: Request received via POST, content type "application/x-www-form-urlencoded"
2026-09-28 20:41:10.144 - INFO: Processing the following SPARQL query:
# Tier H-vocab — title literals, large
# Goal: external-vocabulary lookup pressure with larger bounded output.
PREFIX dblp: <https://dblp.org/rdf/schema#>

CONSTRUCT { ?paper dblp:title ?title }
WHERE {
  ?paper dblp:title ?title .
}
LIMIT 100000

2026-09-28 20:41:10.144 - INFO: Requested media types of the result are: "text/turtle"
2026-09-28 20:41:10.144 - INFO: Query planning done in 0 ms
2026-09-28 20:41:10.144 - INFO: Result has unknown size (not computed yet)
2026-09-28 20:41:10.456 - INFO: Done processing query and sending result, total time was 313 ms
2026-09-28 20:41:10.477 - INFO: 
2026-09-28 20:41:10.477 - INFO: Request received via GET, no content type specified
2026-09-28 20:41:10.477 - INFO: Processing command "clear-cache": clear the cache (unpinned elements only)
2026-09-28 20:41:10.495 - INFO: 
2026-09-28 20:41:10.495 - INFO: Request received via POST, content type "application/x-www-form-urlencoded"
2026-09-28 20:41:10.495 - INFO: Processing the following SPARQL query:
# Tier H-vocab — title literals, large
# Goal: external-vocabulary lookup pressure with larger bounded output.
PREFIX dblp: <https://dblp.org/rdf/schema#>

CONSTRUCT { ?paper dblp:title ?title }
WHERE {
  ?paper dblp:title ?title .
}
LIMIT 100000

2026-09-28 20:41:10.495 - INFO: Requested media types of the result are: "text/turtle"
2026-09-28 20:41:10.496 - INFO: Query planning done in 0 ms
2026-09-28 20:41:10.496 - INFO: Result has unknown size (not computed yet)
2026-09-28 20:41:10.803 - INFO: Done processing query and sending result, total time was 307 ms
2026-09-28 20:41:10.823 - INFO: 
2026-09-28 20:41:10.823 - INFO: Request received via GET, no content type specified
2026-09-28 20:41:10.823 - INFO: Processing command "clear-cache": clear the cache (unpinned elements only)
2026-09-28 20:41:10.841 - INFO: 
2026-09-28 20:41:10.841 - INFO: Request received via POST, content type "application/x-www-form-urlencoded"
2026-09-28 20:41:10.842 - INFO: Processing the following SPARQL query:
# Tier H-vocab — title literals, large
# Goal: external-vocabulary lookup pressure with larger bounded output.
PREFIX dblp: <https://dblp.org/rdf/schema#>

CONSTRUCT { ?paper dblp:title ?title }
WHERE {
  ?paper dblp:title ?title .
}
LIMIT 100000

2026-09-28 20:41:10.842 - INFO: Requested media types of the result are: "text/turtle"
2026-09-28 20:41:10.842 - INFO: Query planning done in 0 ms
2026-09-28 20:41:10.842 - INFO: Result has unknown size (not computed yet)
2026-09-28 20:41:11.145 - INFO: Done processing query and sending result, total time was 303 ms
2026-09-28 20:41:33.179 - INFO: 
2026-09-28 20:41:33.179 - INFO: Request received via GET, no content type specified
2026-09-28 20:41:33.179 - INFO: Processing command "clear-cache": clear the cache (unpinned elements only)
2026-09-28 20:41:33.197 - INFO: 
2026-09-28 20:41:33.197 - INFO: Request received via POST, content type "application/x-www-form-urlencoded"
2026-09-28 20:41:33.198 - INFO: Processing the following SPARQL query:
# Tier H-vocab — title literals, 1,000,000 rows (10x H-vocab-title-large)
# Goal: the H-vocab-title-large shape with a response long enough (several
# seconds warm) for a timing verdict on the per-literal formatting cost.
PREFIX dblp: <https://dblp.org/rdf/schema#>

CONSTRUCT { ?paper dblp:title ?title }
WHERE {
  ?paper dblp:title ?title .
}
LIMIT 1000000

2026-09-28 20:41:33.198 - INFO: Requested media types of the result are: "text/turtle"
2026-09-28 20:41:33.198 - INFO: Query planning done in 0 ms
2026-09-28 20:41:33.198 - INFO: Result has unknown size (not computed yet)
2026-09-28 20:41:36.192 - INFO: Done processing query and sending result, total time was 2,994 ms
2026-09-28 20:41:51.771 - INFO: 
2026-09-28 20:41:51.771 - INFO: Request received via GET, no content type specified
2026-09-28 20:41:51.771 - INFO: Processing command "clear-cache": clear the cache (unpinned elements only)
2026-09-28 20:41:51.789 - INFO: 
2026-09-28 20:41:51.789 - INFO: Request received via POST, content type "application/x-www-form-urlencoded"
2026-09-28 20:41:51.790 - INFO: Processing the following SPARQL query:
# Tier H-vocab — title literals, 1,000,000 rows (10x H-vocab-title-large)
# Goal: the H-vocab-title-large shape with a response long enough (several
# seconds warm) for a timing verdict on the per-literal formatting cost.
PREFIX dblp: <https://dblp.org/rdf/schema#>

CONSTRUCT { ?paper dblp:title ?title }
WHERE {
  ?paper dblp:title ?title .
}
LIMIT 1000000

2026-09-28 20:41:51.790 - INFO: Requested media types of the result are: "text/turtle"
2026-09-28 20:41:51.790 - INFO: Query planning done in 0 ms
2026-09-28 20:41:51.790 - INFO: Result has unknown size (not computed yet)
2026-09-28 20:41:54.517 - INFO: Done processing query and sending result, total time was 2,727 ms
2026-09-28 20:41:54.537 - INFO: 
2026-09-28 20:41:54.537 - INFO: Request received via GET, no content type specified
2026-09-28 20:41:54.537 - INFO: Processing command "clear-cache": clear the cache (unpinned elements only)
2026-09-28 20:41:54.555 - INFO: 
2026-09-28 20:41:54.555 - INFO: Request received via POST, content type "application/x-www-form-urlencoded"
2026-09-28 20:41:54.556 - INFO: Processing the following SPARQL query:
# Tier H-vocab — title literals, 1,000,000 rows (10x H-vocab-title-large)
# Goal: the H-vocab-title-large shape with a response long enough (several
# seconds warm) for a timing verdict on the per-literal formatting cost.
PREFIX dblp: <https://dblp.org/rdf/schema#>

CONSTRUCT { ?paper dblp:title ?title }
WHERE {
  ?paper dblp:title ?title .
}
LIMIT 1000000

2026-09-28 20:41:54.556 - INFO: Requested media types of the result are: "text/turtle"
2026-09-28 20:41:54.556 - INFO: Query planning done in 0 ms
2026-09-28 20:41:54.556 - INFO: Result has unknown size (not computed yet)
2026-09-28 20:41:57.176 - INFO: Done processing query and sending result, total time was 2,620 ms
2026-09-28 20:41:57.197 - INFO: 
2026-09-28 20:41:57.197 - INFO: Request received via GET, no content type specified
2026-09-28 20:41:57.197 - INFO: Processing command "clear-cache": clear the cache (unpinned elements only)
2026-09-28 20:41:57.215 - INFO: 
2026-09-28 20:41:57.215 - INFO: Request received via POST, content type "application/x-www-form-urlencoded"
2026-09-28 20:41:57.215 - INFO: Processing the following SPARQL query:
# Tier H-vocab — title literals, 1,000,000 rows (10x H-vocab-title-large)
# Goal: the H-vocab-title-large shape with a response long enough (several
# seconds warm) for a timing verdict on the per-literal formatting cost.
PREFIX dblp: <https://dblp.org/rdf/schema#>

CONSTRUCT { ?paper dblp:title ?title }
WHERE {
  ?paper dblp:title ?title .
}
LIMIT 1000000

2026-09-28 20:41:57.215 - INFO: Requested media types of the result are: "text/turtle"
2026-09-28 20:41:57.215 - INFO: Query planning done in 0 ms
2026-09-28 20:41:57.215 - INFO: Result has unknown size (not computed yet)
2026-09-28 20:41:59.836 - INFO: Done processing query and sending result, total time was 2,621 ms
2026-09-28 20:41:59.856 - INFO: 
2026-09-28 20:41:59.856 - INFO: Request received via GET, no content type specified
2026-09-28 20:41:59.856 - INFO: Processing command "clear-cache": clear the cache (unpinned elements only)
2026-09-28 20:41:59.874 - INFO: 
2026-09-28 20:41:59.874 - INFO: Request received via POST, content type "application/x-www-form-urlencoded"
2026-09-28 20:41:59.874 - INFO: Processing the following SPARQL query:
# Tier H-vocab — title literals, 1,000,000 rows (10x H-vocab-title-large)
# Goal: the H-vocab-title-large shape with a response long enough (several
# seconds warm) for a timing verdict on the per-literal formatting cost.
PREFIX dblp: <https://dblp.org/rdf/schema#>

CONSTRUCT { ?paper dblp:title ?title }
WHERE {
  ?paper dblp:title ?title .
}
LIMIT 1000000

2026-09-28 20:41:59.874 - INFO: Requested media types of the result are: "text/turtle"
2026-09-28 20:41:59.874 - INFO: Query planning done in 0 ms
2026-09-28 20:41:59.875 - INFO: Result has unknown size (not computed yet)
2026-09-28 20:42:02.546 - INFO: Done processing query and sending result, total time was 2,672 ms
2026-09-28 20:44:06.933 - INFO: 
2026-09-28 20:44:06.933 - INFO: Request received via GET, no content type specified
2026-09-28 20:44:06.933 - INFO: Processing command "clear-cache": clear the cache (unpinned elements only)
2026-09-28 20:44:06.951 - INFO: 
2026-09-28 20:44:06.951 - INFO: Request received via POST, content type "application/x-www-form-urlencoded"
2026-09-28 20:44:06.951 - INFO: Processing the following SPARQL query:
# Tier H-vocab — title literals, 1,000,000 rows (10x H-vocab-title-large)
# Goal: the H-vocab-title-large shape with a response long enough (several
# seconds warm) for a timing verdict on the per-literal formatting cost.
PREFIX dblp: <https://dblp.org/rdf/schema#>

CONSTRUCT { ?paper dblp:title ?title }
WHERE {
  ?paper dblp:title ?title .
}
LIMIT 1000000

2026-09-28 20:44:06.951 - INFO: Requested media types of the result are: "text/turtle"
2026-09-28 20:44:06.951 - INFO: Query planning done in 0 ms
2026-09-28 20:44:06.952 - INFO: Result has unknown size (not computed yet)
2026-09-28 20:44:09.574 - INFO: Done processing query and sending result, total time was 2,622 ms
2026-09-28 20:44:09.594 - INFO: 
2026-09-28 20:44:09.594 - INFO: Request received via GET, no content type specified
2026-09-28 20:44:09.594 - INFO: Processing command "clear-cache": clear the cache (unpinned elements only)
2026-09-28 20:44:09.612 - INFO: 
2026-09-28 20:44:09.612 - INFO: Request received via POST, content type "application/x-www-form-urlencoded"
2026-09-28 20:44:09.612 - INFO: Processing the following SPARQL query:
# Tier H-vocab — title literals, 1,000,000 rows (10x H-vocab-title-large)
# Goal: the H-vocab-title-large shape with a response long enough (several
# seconds warm) for a timing verdict on the per-literal formatting cost.
PREFIX dblp: <https://dblp.org/rdf/schema#>

CONSTRUCT { ?paper dblp:title ?title }
WHERE {
  ?paper dblp:title ?title .
}
LIMIT 1000000

2026-09-28 20:44:09.623 - INFO: Requested media types of the result are: "text/turtle"
2026-09-28 20:44:09.623 - INFO: Query planning done in 11 ms
2026-09-28 20:44:09.624 - INFO: Result has unknown size (not computed yet)
2026-09-28 20:44:12.467 - INFO: Done processing query and sending result, total time was 2,854 ms
2026-09-28 20:44:12.492 - INFO: 
2026-09-28 20:44:12.492 - INFO: Request received via GET, no content type specified
2026-09-28 20:44:12.492 - INFO: Processing command "clear-cache": clear the cache (unpinned elements only)
2026-09-28 20:44:12.510 - INFO: 
2026-09-28 20:44:12.510 - INFO: Request received via POST, content type "application/x-www-form-urlencoded"
2026-09-28 20:44:12.511 - INFO: Processing the following SPARQL query:
# Tier H-vocab — title literals, 1,000,000 rows (10x H-vocab-title-large)
# Goal: the H-vocab-title-large shape with a response long enough (several
# seconds warm) for a timing verdict on the per-literal formatting cost.
PREFIX dblp: <https://dblp.org/rdf/schema#>

CONSTRUCT { ?paper dblp:title ?title }
WHERE {
  ?paper dblp:title ?title .
}
LIMIT 1000000

2026-09-28 20:44:12.511 - INFO: Requested media types of the result are: "text/turtle"
2026-09-28 20:44:12.511 - INFO: Query planning done in 0 ms
2026-09-28 20:44:12.511 - INFO: Result has unknown size (not computed yet)
2026-09-28 20:44:15.286 - INFO: Done processing query and sending result, total time was 2,775 ms
2026-09-28 20:44:15.307 - INFO: 
2026-09-28 20:44:15.307 - INFO: Request received via GET, no content type specified
2026-09-28 20:44:15.307 - INFO: Processing command "clear-cache": clear the cache (unpinned elements only)
2026-09-28 20:44:15.325 - INFO: 
2026-09-28 20:44:15.325 - INFO: Request received via POST, content type "application/x-www-form-urlencoded"
2026-09-28 20:44:15.326 - INFO: Processing the following SPARQL query:
# Tier H-vocab — title literals, 1,000,000 rows (10x H-vocab-title-large)
# Goal: the H-vocab-title-large shape with a response long enough (several
# seconds warm) for a timing verdict on the per-literal formatting cost.
PREFIX dblp: <https://dblp.org/rdf/schema#>

CONSTRUCT { ?paper dblp:title ?title }
WHERE {
  ?paper dblp:title ?title .
}
LIMIT 1000000

2026-09-28 20:44:15.326 - INFO: Requested media types of the result are: "text/turtle"
2026-09-28 20:44:15.326 - INFO: Query planning done in 0 ms
2026-09-28 20:44:15.326 - INFO: Result has unknown size (not computed yet)
2026-09-28 20:44:17.980 - INFO: Done processing query and sending result, total time was 2,654 ms
2026-09-28 20:44:18.308 - INFO: 
2026-09-28 20:44:18.308 - INFO: Request received via GET, no content type specified
2026-09-28 20:44:18.308 - INFO: Processing command "clear-cache": clear the cache (unpinned elements only)
2026-09-28 20:44:18.326 - INFO: 
2026-09-28 20:44:18.326 - INFO: Request received via POST, content type "application/x-www-form-urlencoded"
2026-09-28 20:44:18.326 - INFO: Processing the following SPARQL query:
# Tier H-vocab — title literals, 1,000,000 rows (10x H-vocab-title-large)
# Goal: the H-vocab-title-large shape with a response long enough (several
# seconds warm) for a timing verdict on the per-literal formatting cost.
PREFIX dblp: <https://dblp.org/rdf/schema#>

CONSTRUCT { ?paper dblp:title ?title }
WHERE {
  ?paper dblp:title ?title .
}
LIMIT 1000000

2026-09-28 20:44:18.326 - INFO: Requested media types of the result are: "text/turtle"
2026-09-28 20:44:18.326 - INFO: Query planning done in 0 ms
2026-09-28 20:44:18.326 - INFO: Result has unknown size (not computed yet)
2026-09-28 20:44:20.957 - INFO: Done processing query and sending result, total time was 2,631 ms
2026-09-28 20:44:20.978 - INFO: 
2026-09-28 20:44:20.978 - INFO: Request received via GET, no content type specified
2026-09-28 20:44:20.978 - INFO: Processing command "clear-cache": clear the cache (unpinned elements only)
2026-09-28 20:44:20.996 - INFO: 
2026-09-28 20:44:20.996 - INFO: Request received via POST, content type "application/x-www-form-urlencoded"
2026-09-28 20:44:20.996 - INFO: Processing the following SPARQL query:
# Tier H-vocab — title literals, 1,000,000 rows (10x H-vocab-title-large)
# Goal: the H-vocab-title-large shape with a response long enough (several
# seconds warm) for a timing verdict on the per-literal formatting cost.
PREFIX dblp: <https://dblp.org/rdf/schema#>

CONSTRUCT { ?paper dblp:title ?title }
WHERE {
  ?paper dblp:title ?title .
}
LIMIT 1000000

2026-09-28 20:44:20.996 - INFO: Requested media types of the result are: "text/turtle"
2026-09-28 20:44:20.996 - INFO: Query planning done in 0 ms
2026-09-28 20:44:20.996 - INFO: Result has unknown size (not computed yet)
2026-09-28 20:44:23.578 - INFO: Done processing query and sending result, total time was 2,581 ms
2026-09-28 20:44:23.598 - INFO: 
2026-09-28 20:44:23.598 - INFO: Request received via GET, no content type specified
2026-09-28 20:44:23.598 - INFO: Processing command "clear-cache": clear the cache (unpinned elements only)
2026-09-28 20:44:23.616 - INFO: 
2026-09-28 20:44:23.616 - INFO: Request received via POST, content type "application/x-www-form-urlencoded"
2026-09-28 20:44:23.616 - INFO: Processing the following SPARQL query:
# Tier H-vocab — title literals, 1,000,000 rows (10x H-vocab-title-large)
# Goal: the H-vocab-title-large shape with a response long enough (several
# seconds warm) for a timing verdict on the per-literal formatting cost.
PREFIX dblp: <https://dblp.org/rdf/schema#>

CONSTRUCT { ?paper dblp:title ?title }
WHERE {
  ?paper dblp:title ?title .
}
LIMIT 1000000

2026-09-28 20:44:23.616 - INFO: Requested media types of the result are: "text/turtle"
2026-09-28 20:44:23.616 - INFO: Query planning done in 0 ms
2026-09-28 20:44:23.617 - INFO: Result has unknown size (not computed yet)
2026-09-28 20:44:26.189 - INFO: Done processing query and sending result, total time was 2,573 ms
2026-09-28 20:44:26.210 - INFO: 
2026-09-28 20:44:26.210 - INFO: Request received via GET, no content type specified
2026-09-28 20:44:26.210 - INFO: Processing command "clear-cache": clear the cache (unpinned elements only)
2026-09-28 20:44:26.228 - INFO: 
2026-09-28 20:44:26.228 - INFO: Request received via POST, content type "application/x-www-form-urlencoded"
2026-09-28 20:44:26.228 - INFO: Processing the following SPARQL query:
# Tier H-vocab — title literals, 1,000,000 rows (10x H-vocab-title-large)
# Goal: the H-vocab-title-large shape with a response long enough (several
# seconds warm) for a timing verdict on the per-literal formatting cost.
PREFIX dblp: <https://dblp.org/rdf/schema#>

CONSTRUCT { ?paper dblp:title ?title }
WHERE {
  ?paper dblp:title ?title .
}
LIMIT 1000000

2026-09-28 20:44:26.228 - INFO: Requested media types of the result are: "text/turtle"
2026-09-28 20:44:26.228 - INFO: Query planning done in 0 ms
2026-09-28 20:44:26.228 - INFO: Result has unknown size (not computed yet)
2026-09-28 20:44:28.797 - INFO: Done processing query and sending result, total time was 2,569 ms
2026-09-28 20:46:32.696 - INFO: 
2026-09-28 20:46:32.696 - INFO: Request received via GET, no content type specified
2026-09-28 20:46:32.696 - INFO: Processing command "clear-cache": clear the cache (unpinned elements only)
2026-09-28 20:46:32.714 - INFO: 
2026-09-28 20:46:32.714 - INFO: Request received via POST, content type "application/x-www-form-urlencoded"
2026-09-28 20:46:32.714 - INFO: Processing the following SPARQL query:
# Tier H-vocab — title literals, 1,000,000 rows (10x H-vocab-title-large)
# Goal: the H-vocab-title-large shape with a response long enough (several
# seconds warm) for a timing verdict on the per-literal formatting cost.
PREFIX dblp: <https://dblp.org/rdf/schema#>

CONSTRUCT { ?paper dblp:title ?title }
WHERE {
  ?paper dblp:title ?title .
}
LIMIT 1000000

2026-09-28 20:46:32.714 - INFO: Requested media types of the result are: "text/turtle"
2026-09-28 20:46:32.714 - INFO: Query planning done in 0 ms
2026-09-28 20:46:32.714 - INFO: Result has unknown size (not computed yet)
2026-09-28 20:46:35.381 - INFO: Done processing query and sending result, total time was 2,666 ms
2026-09-28 20:46:35.401 - INFO: 
2026-09-28 20:46:35.401 - INFO: Request received via GET, no content type specified
2026-09-28 20:46:35.401 - INFO: Processing command "clear-cache": clear the cache (unpinned elements only)
2026-09-28 20:46:35.419 - INFO: 
2026-09-28 20:46:35.419 - INFO: Request received via POST, content type "application/x-www-form-urlencoded"
2026-09-28 20:46:35.419 - INFO: Processing the following SPARQL query:
# Tier H-vocab — title literals, 1,000,000 rows (10x H-vocab-title-large)
# Goal: the H-vocab-title-large shape with a response long enough (several
# seconds warm) for a timing verdict on the per-literal formatting cost.
PREFIX dblp: <https://dblp.org/rdf/schema#>

CONSTRUCT { ?paper dblp:title ?title }
WHERE {
  ?paper dblp:title ?title .
}
LIMIT 1000000

2026-09-28 20:46:35.419 - INFO: Requested media types of the result are: "text/turtle"
2026-09-28 20:46:35.420 - INFO: Query planning done in 0 ms
2026-09-28 20:46:35.420 - INFO: Result has unknown size (not computed yet)
2026-09-28 20:46:38.177 - INFO: Done processing query and sending result, total time was 2,757 ms
2026-09-28 20:46:38.199 - INFO: 
2026-09-28 20:46:38.199 - INFO: Request received via GET, no content type specified
2026-09-28 20:46:38.199 - INFO: Processing command "clear-cache": clear the cache (unpinned elements only)
2026-09-28 20:46:38.219 - INFO: 
2026-09-28 20:46:38.219 - INFO: Request received via POST, content type "application/x-www-form-urlencoded"
2026-09-28 20:46:38.219 - INFO: Processing the following SPARQL query:
# Tier H-vocab — title literals, 1,000,000 rows (10x H-vocab-title-large)
# Goal: the H-vocab-title-large shape with a response long enough (several
# seconds warm) for a timing verdict on the per-literal formatting cost.
PREFIX dblp: <https://dblp.org/rdf/schema#>

CONSTRUCT { ?paper dblp:title ?title }
WHERE {
  ?paper dblp:title ?title .
}
LIMIT 1000000

2026-09-28 20:46:38.219 - INFO: Requested media types of the result are: "text/turtle"
2026-09-28 20:46:38.219 - INFO: Query planning done in 0 ms
2026-09-28 20:46:38.219 - INFO: Result has unknown size (not computed yet)
2026-09-28 20:46:40.903 - INFO: Done processing query and sending result, total time was 2,683 ms
2026-09-28 20:46:40.923 - INFO: 
2026-09-28 20:46:40.923 - INFO: Request received via GET, no content type specified
2026-09-28 20:46:40.923 - INFO: Processing command "clear-cache": clear the cache (unpinned elements only)
2026-09-28 20:46:40.941 - INFO: 
2026-09-28 20:46:40.941 - INFO: Request received via POST, content type "application/x-www-form-urlencoded"
2026-09-28 20:46:40.941 - INFO: Processing the following SPARQL query:
# Tier H-vocab — title literals, 1,000,000 rows (10x H-vocab-title-large)
# Goal: the H-vocab-title-large shape with a response long enough (several
# seconds warm) for a timing verdict on the per-literal formatting cost.
PREFIX dblp: <https://dblp.org/rdf/schema#>

CONSTRUCT { ?paper dblp:title ?title }
WHERE {
  ?paper dblp:title ?title .
}
LIMIT 1000000

2026-09-28 20:46:40.941 - INFO: Requested media types of the result are: "text/turtle"
2026-09-28 20:46:40.941 - INFO: Query planning done in 0 ms
2026-09-28 20:46:40.941 - INFO: Result has unknown size (not computed yet)
2026-09-28 20:46:43.709 - INFO: Done processing query and sending result, total time was 2,768 ms
2026-09-28 20:46:44.044 - INFO: 
2026-09-28 20:46:44.044 - INFO: Request received via GET, no content type specified
2026-09-28 20:46:44.044 - INFO: Processing command "clear-cache": clear the cache (unpinned elements only)
2026-09-28 20:46:44.062 - INFO: 
2026-09-28 20:46:44.062 - INFO: Request received via POST, content type "application/x-www-form-urlencoded"
2026-09-28 20:46:44.062 - INFO: Processing the following SPARQL query:
# Tier H-vocab — title literals, 1,000,000 rows (10x H-vocab-title-large)
# Goal: the H-vocab-title-large shape with a response long enough (several
# seconds warm) for a timing verdict on the per-literal formatting cost.
PREFIX dblp: <https://dblp.org/rdf/schema#>

CONSTRUCT { ?paper dblp:title ?title }
WHERE {
  ?paper dblp:title ?title .
}
LIMIT 1000000

2026-09-28 20:46:44.062 - INFO: Requested media types of the result are: "text/turtle"
2026-09-28 20:46:44.062 - INFO: Query planning done in 0 ms
2026-09-28 20:46:44.063 - INFO: Result has unknown size (not computed yet)
2026-09-28 20:46:46.737 - INFO: Done processing query and sending result, total time was 2,674 ms
2026-09-28 20:46:46.757 - INFO: 
2026-09-28 20:46:46.757 - INFO: Request received via GET, no content type specified
2026-09-28 20:46:46.757 - INFO: Processing command "clear-cache": clear the cache (unpinned elements only)
2026-09-28 20:46:46.775 - INFO: 
2026-09-28 20:46:46.775 - INFO: Request received via POST, content type "application/x-www-form-urlencoded"
2026-09-28 20:46:46.776 - INFO: Processing the following SPARQL query:
# Tier H-vocab — title literals, 1,000,000 rows (10x H-vocab-title-large)
# Goal: the H-vocab-title-large shape with a response long enough (several
# seconds warm) for a timing verdict on the per-literal formatting cost.
PREFIX dblp: <https://dblp.org/rdf/schema#>

CONSTRUCT { ?paper dblp:title ?title }
WHERE {
  ?paper dblp:title ?title .
}
LIMIT 1000000

2026-09-28 20:46:46.776 - INFO: Requested media types of the result are: "text/turtle"
2026-09-28 20:46:46.776 - INFO: Query planning done in 0 ms
2026-09-28 20:46:46.776 - INFO: Result has unknown size (not computed yet)
2026-09-28 20:46:49.464 - INFO: Done processing query and sending result, total time was 2,688 ms
2026-09-28 20:46:49.484 - INFO: 
2026-09-28 20:46:49.484 - INFO: Request received via GET, no content type specified
2026-09-28 20:46:49.484 - INFO: Processing command "clear-cache": clear the cache (unpinned elements only)
2026-09-28 20:46:49.502 - INFO: 
2026-09-28 20:46:49.502 - INFO: Request received via POST, content type "application/x-www-form-urlencoded"
2026-09-28 20:46:49.503 - INFO: Processing the following SPARQL query:
# Tier H-vocab — title literals, 1,000,000 rows (10x H-vocab-title-large)
# Goal: the H-vocab-title-large shape with a response long enough (several
# seconds warm) for a timing verdict on the per-literal formatting cost.
PREFIX dblp: <https://dblp.org/rdf/schema#>

CONSTRUCT { ?paper dblp:title ?title }
WHERE {
  ?paper dblp:title ?title .
}
LIMIT 1000000

2026-09-28 20:46:49.503 - INFO: Requested media types of the result are: "text/turtle"
2026-09-28 20:46:49.503 - INFO: Query planning done in 0 ms
2026-09-28 20:46:49.503 - INFO: Result has unknown size (not computed yet)
2026-09-28 20:46:52.059 - INFO: Done processing query and sending result, total time was 2,556 ms
2026-09-28 20:46:52.079 - INFO: 
2026-09-28 20:46:52.079 - INFO: Request received via GET, no content type specified
2026-09-28 20:46:52.079 - INFO: Processing command "clear-cache": clear the cache (unpinned elements only)
2026-09-28 20:46:52.097 - INFO: 
2026-09-28 20:46:52.097 - INFO: Request received via POST, content type "application/x-www-form-urlencoded"
2026-09-28 20:46:52.097 - INFO: Processing the following SPARQL query:
# Tier H-vocab — title literals, 1,000,000 rows (10x H-vocab-title-large)
# Goal: the H-vocab-title-large shape with a response long enough (several
# seconds warm) for a timing verdict on the per-literal formatting cost.
PREFIX dblp: <https://dblp.org/rdf/schema#>

CONSTRUCT { ?paper dblp:title ?title }
WHERE {
  ?paper dblp:title ?title .
}
LIMIT 1000000

2026-09-28 20:46:52.097 - INFO: Requested media types of the result are: "text/turtle"
2026-09-28 20:46:52.098 - INFO: Query planning done in 0 ms
2026-09-28 20:46:52.098 - INFO: Result has unknown size (not computed yet)
2026-09-28 20:46:54.801 - INFO: Done processing query and sending result, total time was 2,703 ms
2026-09-28 20:48:59.409 - INFO: 
2026-09-28 20:48:59.409 - INFO: Request received via GET, no content type specified
2026-09-28 20:48:59.409 - INFO: Processing command "clear-cache": clear the cache (unpinned elements only)
2026-09-28 20:48:59.427 - INFO: 
2026-09-28 20:48:59.427 - INFO: Request received via POST, content type "application/x-www-form-urlencoded"
2026-09-28 20:48:59.427 - INFO: Processing the following SPARQL query:
# Tier H-vocab — title literals, 1,000,000 rows (10x H-vocab-title-large)
# Goal: the H-vocab-title-large shape with a response long enough (several
# seconds warm) for a timing verdict on the per-literal formatting cost.
PREFIX dblp: <https://dblp.org/rdf/schema#>

CONSTRUCT { ?paper dblp:title ?title }
WHERE {
  ?paper dblp:title ?title .
}
LIMIT 1000000

2026-09-28 20:48:59.427 - INFO: Requested media types of the result are: "text/turtle"
2026-09-28 20:48:59.427 - INFO: Query planning done in 0 ms
2026-09-28 20:48:59.428 - INFO: Result has unknown size (not computed yet)
2026-09-28 20:49:02.225 - INFO: Done processing query and sending result, total time was 2,797 ms
2026-09-28 20:49:02.246 - INFO: 
2026-09-28 20:49:02.246 - INFO: Request received via GET, no content type specified
2026-09-28 20:49:02.246 - INFO: Processing command "clear-cache": clear the cache (unpinned elements only)
2026-09-28 20:49:02.264 - INFO: 
2026-09-28 20:49:02.264 - INFO: Request received via POST, content type "application/x-www-form-urlencoded"
2026-09-28 20:49:02.264 - INFO: Processing the following SPARQL query:
# Tier H-vocab — title literals, 1,000,000 rows (10x H-vocab-title-large)
# Goal: the H-vocab-title-large shape with a response long enough (several
# seconds warm) for a timing verdict on the per-literal formatting cost.
PREFIX dblp: <https://dblp.org/rdf/schema#>

CONSTRUCT { ?paper dblp:title ?title }
WHERE {
  ?paper dblp:title ?title .
}
LIMIT 1000000

2026-09-28 20:49:02.264 - INFO: Requested media types of the result are: "text/turtle"
2026-09-28 20:49:02.264 - INFO: Query planning done in 0 ms
2026-09-28 20:49:02.264 - INFO: Result has unknown size (not computed yet)
2026-09-28 20:49:05.007 - INFO: Done processing query and sending result, total time was 2,743 ms
2026-09-28 20:49:05.028 - INFO: 
2026-09-28 20:49:05.028 - INFO: Request received via GET, no content type specified
2026-09-28 20:49:05.028 - INFO: Processing command "clear-cache": clear the cache (unpinned elements only)
2026-09-28 20:49:05.052 - INFO: 
2026-09-28 20:49:05.052 - INFO: Request received via POST, content type "application/x-www-form-urlencoded"
2026-09-28 20:49:05.053 - INFO: Processing the following SPARQL query:
# Tier H-vocab — title literals, 1,000,000 rows (10x H-vocab-title-large)
# Goal: the H-vocab-title-large shape with a response long enough (several
# seconds warm) for a timing verdict on the per-literal formatting cost.
PREFIX dblp: <https://dblp.org/rdf/schema#>

CONSTRUCT { ?paper dblp:title ?title }
WHERE {
  ?paper dblp:title ?title .
}
LIMIT 1000000

2026-09-28 20:49:05.053 - INFO: Requested media types of the result are: "text/turtle"
2026-09-28 20:49:05.053 - INFO: Query planning done in 0 ms
2026-09-28 20:49:05.053 - INFO: Result has unknown size (not computed yet)
2026-09-28 20:49:07.679 - INFO: Done processing query and sending result, total time was 2,627 ms
2026-09-28 20:49:07.700 - INFO: 
2026-09-28 20:49:07.700 - INFO: Request received via GET, no content type specified
2026-09-28 20:49:07.700 - INFO: Processing command "clear-cache": clear the cache (unpinned elements only)
2026-09-28 20:49:07.718 - INFO: 
2026-09-28 20:49:07.718 - INFO: Request received via POST, content type "application/x-www-form-urlencoded"
2026-09-28 20:49:07.718 - INFO: Processing the following SPARQL query:
# Tier H-vocab — title literals, 1,000,000 rows (10x H-vocab-title-large)
# Goal: the H-vocab-title-large shape with a response long enough (several
# seconds warm) for a timing verdict on the per-literal formatting cost.
PREFIX dblp: <https://dblp.org/rdf/schema#>

CONSTRUCT { ?paper dblp:title ?title }
WHERE {
  ?paper dblp:title ?title .
}
LIMIT 1000000

2026-09-28 20:49:07.718 - INFO: Requested media types of the result are: "text/turtle"
2026-09-28 20:49:07.719 - INFO: Query planning done in 0 ms
2026-09-28 20:49:07.719 - INFO: Result has unknown size (not computed yet)
2026-09-28 20:49:10.337 - INFO: Done processing query and sending result, total time was 2,619 ms
2026-09-28 20:49:10.663 - INFO: 
2026-09-28 20:49:10.663 - INFO: Request received via GET, no content type specified
2026-09-28 20:49:10.663 - INFO: Processing command "clear-cache": clear the cache (unpinned elements only)
2026-09-28 20:49:10.681 - INFO: 
2026-09-28 20:49:10.681 - INFO: Request received via POST, content type "application/x-www-form-urlencoded"
2026-09-28 20:49:10.681 - INFO: Processing the following SPARQL query:
# Tier H-vocab — title literals, 1,000,000 rows (10x H-vocab-title-large)
# Goal: the H-vocab-title-large shape with a response long enough (several
# seconds warm) for a timing verdict on the per-literal formatting cost.
PREFIX dblp: <https://dblp.org/rdf/schema#>

CONSTRUCT { ?paper dblp:title ?title }
WHERE {
  ?paper dblp:title ?title .
}
LIMIT 1000000

2026-09-28 20:49:10.681 - INFO: Requested media types of the result are: "text/turtle"
2026-09-28 20:49:10.681 - INFO: Query planning done in 0 ms
2026-09-28 20:49:10.682 - INFO: Result has unknown size (not computed yet)
2026-09-28 20:49:13.325 - INFO: Done processing query and sending result, total time was 2,644 ms
2026-09-28 20:49:13.346 - INFO: 
2026-09-28 20:49:13.346 - INFO: Request received via GET, no content type specified
2026-09-28 20:49:13.346 - INFO: Processing command "clear-cache": clear the cache (unpinned elements only)
2026-09-28 20:49:13.364 - INFO: 
2026-09-28 20:49:13.364 - INFO: Request received via POST, content type "application/x-www-form-urlencoded"
2026-09-28 20:49:13.364 - INFO: Processing the following SPARQL query:
# Tier H-vocab — title literals, 1,000,000 rows (10x H-vocab-title-large)
# Goal: the H-vocab-title-large shape with a response long enough (several
# seconds warm) for a timing verdict on the per-literal formatting cost.
PREFIX dblp: <https://dblp.org/rdf/schema#>

CONSTRUCT { ?paper dblp:title ?title }
WHERE {
  ?paper dblp:title ?title .
}
LIMIT 1000000

2026-09-28 20:49:13.364 - INFO: Requested media types of the result are: "text/turtle"
2026-09-28 20:49:13.364 - INFO: Query planning done in 0 ms
2026-09-28 20:49:13.364 - INFO: Result has unknown size (not computed yet)
2026-09-28 20:49:15.969 - INFO: Done processing query and sending result, total time was 2,604 ms
2026-09-28 20:49:15.989 - INFO: 
2026-09-28 20:49:15.989 - INFO: Request received via GET, no content type specified
2026-09-28 20:49:15.989 - INFO: Processing command "clear-cache": clear the cache (unpinned elements only)
2026-09-28 20:49:16.007 - INFO: 
2026-09-28 20:49:16.007 - INFO: Request received via POST, content type "application/x-www-form-urlencoded"
2026-09-28 20:49:16.008 - INFO: Processing the following SPARQL query:
# Tier H-vocab — title literals, 1,000,000 rows (10x H-vocab-title-large)
# Goal: the H-vocab-title-large shape with a response long enough (several
# seconds warm) for a timing verdict on the per-literal formatting cost.
PREFIX dblp: <https://dblp.org/rdf/schema#>

CONSTRUCT { ?paper dblp:title ?title }
WHERE {
  ?paper dblp:title ?title .
}
LIMIT 1000000

2026-09-28 20:49:16.008 - INFO: Requested media types of the result are: "text/turtle"
2026-09-28 20:49:16.008 - INFO: Query planning done in 0 ms
2026-09-28 20:49:16.008 - INFO: Result has unknown size (not computed yet)
2026-09-28 20:49:18.612 - INFO: Done processing query and sending result, total time was 2,604 ms
2026-09-28 20:49:18.632 - INFO: 
2026-09-28 20:49:18.632 - INFO: Request received via GET, no content type specified
2026-09-28 20:49:18.632 - INFO: Processing command "clear-cache": clear the cache (unpinned elements only)
2026-09-28 20:49:18.650 - INFO: 
2026-09-28 20:49:18.650 - INFO: Request received via POST, content type "application/x-www-form-urlencoded"
2026-09-28 20:49:18.650 - INFO: Processing the following SPARQL query:
# Tier H-vocab — title literals, 1,000,000 rows (10x H-vocab-title-large)
# Goal: the H-vocab-title-large shape with a response long enough (several
# seconds warm) for a timing verdict on the per-literal formatting cost.
PREFIX dblp: <https://dblp.org/rdf/schema#>

CONSTRUCT { ?paper dblp:title ?title }
WHERE {
  ?paper dblp:title ?title .
}
LIMIT 1000000

2026-09-28 20:49:18.650 - INFO: Requested media types of the result are: "text/turtle"
2026-09-28 20:49:18.651 - INFO: Query planning done in 0 ms
2026-09-28 20:49:18.651 - INFO: Result has unknown size (not computed yet)
2026-09-28 20:49:21.412 - INFO: Done processing query and sending result, total time was 2,761 ms
2026-09-28 20:51:25.279 - INFO: 
2026-09-28 20:51:25.279 - INFO: Request received via GET, no content type specified
2026-09-28 20:51:25.279 - INFO: Processing command "clear-cache": clear the cache (unpinned elements only)
2026-09-28 20:51:25.297 - INFO: 
2026-09-28 20:51:25.297 - INFO: Request received via POST, content type "application/x-www-form-urlencoded"
2026-09-28 20:51:25.297 - INFO: Processing the following SPARQL query:
# Tier H-vocab — title literals, 1,000,000 rows (10x H-vocab-title-large)
# Goal: the H-vocab-title-large shape with a response long enough (several
# seconds warm) for a timing verdict on the per-literal formatting cost.
PREFIX dblp: <https://dblp.org/rdf/schema#>

CONSTRUCT { ?paper dblp:title ?title }
WHERE {
  ?paper dblp:title ?title .
}
LIMIT 1000000

2026-09-28 20:51:25.297 - INFO: Requested media types of the result are: "text/turtle"
2026-09-28 20:51:25.298 - INFO: Query planning done in 0 ms
2026-09-28 20:51:25.298 - INFO: Result has unknown size (not computed yet)
2026-09-28 20:51:28.272 - INFO: Done processing query and sending result, total time was 2,974 ms
2026-09-28 20:51:28.292 - INFO: 
2026-09-28 20:51:28.292 - INFO: Request received via GET, no content type specified
2026-09-28 20:51:28.292 - INFO: Processing command "clear-cache": clear the cache (unpinned elements only)
2026-09-28 20:51:28.310 - INFO: 
2026-09-28 20:51:28.310 - INFO: Request received via POST, content type "application/x-www-form-urlencoded"
2026-09-28 20:51:28.310 - INFO: Processing the following SPARQL query:
# Tier H-vocab — title literals, 1,000,000 rows (10x H-vocab-title-large)
# Goal: the H-vocab-title-large shape with a response long enough (several
# seconds warm) for a timing verdict on the per-literal formatting cost.
PREFIX dblp: <https://dblp.org/rdf/schema#>

CONSTRUCT { ?paper dblp:title ?title }
WHERE {
  ?paper dblp:title ?title .
}
LIMIT 1000000

2026-09-28 20:51:28.310 - INFO: Requested media types of the result are: "text/turtle"
2026-09-28 20:51:28.310 - INFO: Query planning done in 0 ms
2026-09-28 20:51:28.311 - INFO: Result has unknown size (not computed yet)
2026-09-28 20:51:31.058 - INFO: Done processing query and sending result, total time was 2,747 ms
2026-09-28 20:51:31.080 - INFO: 
2026-09-28 20:51:31.080 - INFO: Request received via GET, no content type specified
2026-09-28 20:51:31.080 - INFO: Processing command "clear-cache": clear the cache (unpinned elements only)
2026-09-28 20:51:31.099 - INFO: 
2026-09-28 20:51:31.099 - INFO: Request received via POST, content type "application/x-www-form-urlencoded"
2026-09-28 20:51:31.099 - INFO: Processing the following SPARQL query:
# Tier H-vocab — title literals, 1,000,000 rows (10x H-vocab-title-large)
# Goal: the H-vocab-title-large shape with a response long enough (several
# seconds warm) for a timing verdict on the per-literal formatting cost.
PREFIX dblp: <https://dblp.org/rdf/schema#>

CONSTRUCT { ?paper dblp:title ?title }
WHERE {
  ?paper dblp:title ?title .
}
LIMIT 1000000

2026-09-28 20:51:31.099 - INFO: Requested media types of the result are: "text/turtle"
2026-09-28 20:51:31.099 - INFO: Query planning done in 0 ms
2026-09-28 20:51:31.099 - INFO: Result has unknown size (not computed yet)
2026-09-28 20:51:34.028 - INFO: Done processing query and sending result, total time was 2,929 ms
2026-09-28 20:51:34.049 - INFO: 
2026-09-28 20:51:34.049 - INFO: Request received via GET, no content type specified
2026-09-28 20:51:34.049 - INFO: Processing command "clear-cache": clear the cache (unpinned elements only)
2026-09-28 20:51:34.067 - INFO: 
2026-09-28 20:51:34.067 - INFO: Request received via POST, content type "application/x-www-form-urlencoded"
2026-09-28 20:51:34.067 - INFO: Processing the following SPARQL query:
# Tier H-vocab — title literals, 1,000,000 rows (10x H-vocab-title-large)
# Goal: the H-vocab-title-large shape with a response long enough (several
# seconds warm) for a timing verdict on the per-literal formatting cost.
PREFIX dblp: <https://dblp.org/rdf/schema#>

CONSTRUCT { ?paper dblp:title ?title }
WHERE {
  ?paper dblp:title ?title .
}
LIMIT 1000000

2026-09-28 20:51:34.067 - INFO: Requested media types of the result are: "text/turtle"
2026-09-28 20:51:34.068 - INFO: Query planning done in 0 ms
2026-09-28 20:51:34.068 - INFO: Result has unknown size (not computed yet)
2026-09-28 20:51:36.875 - INFO: Done processing query and sending result, total time was 2,808 ms
2026-09-28 20:51:37.201 - INFO: 
2026-09-28 20:51:37.201 - INFO: Request received via GET, no content type specified
2026-09-28 20:51:37.201 - INFO: Processing command "clear-cache": clear the cache (unpinned elements only)
2026-09-28 20:51:37.219 - INFO: 
2026-09-28 20:51:37.220 - INFO: Request received via POST, content type "application/x-www-form-urlencoded"
2026-09-28 20:51:37.220 - INFO: Processing the following SPARQL query:
# Tier H-vocab — title literals, 1,000,000 rows (10x H-vocab-title-large)
# Goal: the H-vocab-title-large shape with a response long enough (several
# seconds warm) for a timing verdict on the per-literal formatting cost.
PREFIX dblp: <https://dblp.org/rdf/schema#>

CONSTRUCT { ?paper dblp:title ?title }
WHERE {
  ?paper dblp:title ?title .
}
LIMIT 1000000

2026-09-28 20:51:37.220 - INFO: Requested media types of the result are: "text/turtle"
2026-09-28 20:51:37.220 - INFO: Query planning done in 0 ms
2026-09-28 20:51:37.220 - INFO: Result has unknown size (not computed yet)
2026-09-28 20:51:40.334 - INFO: Done processing query and sending result, total time was 3,114 ms
2026-09-28 20:51:40.359 - INFO: 
2026-09-28 20:51:40.359 - INFO: Request received via GET, no content type specified
2026-09-28 20:51:40.359 - INFO: Processing command "clear-cache": clear the cache (unpinned elements only)
2026-09-28 20:51:40.381 - INFO: 
2026-09-28 20:51:40.381 - INFO: Request received via POST, content type "application/x-www-form-urlencoded"
2026-09-28 20:51:40.381 - INFO: Processing the following SPARQL query:
# Tier H-vocab — title literals, 1,000,000 rows (10x H-vocab-title-large)
# Goal: the H-vocab-title-large shape with a response long enough (several
# seconds warm) for a timing verdict on the per-literal formatting cost.
PREFIX dblp: <https://dblp.org/rdf/schema#>

CONSTRUCT { ?paper dblp:title ?title }
WHERE {
  ?paper dblp:title ?title .
}
LIMIT 1000000

2026-09-28 20:51:40.381 - INFO: Requested media types of the result are: "text/turtle"
2026-09-28 20:51:40.381 - INFO: Query planning done in 0 ms
2026-09-28 20:51:40.382 - INFO: Result has unknown size (not computed yet)
2026-09-28 20:51:43.560 - INFO: Done processing query and sending result, total time was 3,179 ms
2026-09-28 20:51:43.581 - INFO: 
2026-09-28 20:51:43.581 - INFO: Request received via GET, no content type specified
2026-09-28 20:51:43.581 - INFO: Processing command "clear-cache": clear the cache (unpinned elements only)
2026-09-28 20:51:43.599 - INFO: 
2026-09-28 20:51:43.599 - INFO: Request received via POST, content type "application/x-www-form-urlencoded"
2026-09-28 20:51:43.599 - INFO: Processing the following SPARQL query:
# Tier H-vocab — title literals, 1,000,000 rows (10x H-vocab-title-large)
# Goal: the H-vocab-title-large shape with a response long enough (several
# seconds warm) for a timing verdict on the per-literal formatting cost.
PREFIX dblp: <https://dblp.org/rdf/schema#>

CONSTRUCT { ?paper dblp:title ?title }
WHERE {
  ?paper dblp:title ?title .
}
LIMIT 1000000

2026-09-28 20:51:43.599 - INFO: Requested media types of the result are: "text/turtle"
2026-09-28 20:51:43.599 - INFO: Query planning done in 0 ms
2026-09-28 20:51:43.599 - INFO: Result has unknown size (not computed yet)
2026-09-28 20:51:46.361 - INFO: Done processing query and sending result, total time was 2,762 ms
2026-09-28 20:51:46.382 - INFO: 
2026-09-28 20:51:46.382 - INFO: Request received via GET, no content type specified
2026-09-28 20:51:46.382 - INFO: Processing command "clear-cache": clear the cache (unpinned elements only)
2026-09-28 20:51:46.400 - INFO: 
2026-09-28 20:51:46.400 - INFO: Request received via POST, content type "application/x-www-form-urlencoded"
2026-09-28 20:51:46.401 - INFO: Processing the following SPARQL query:
# Tier H-vocab — title literals, 1,000,000 rows (10x H-vocab-title-large)
# Goal: the H-vocab-title-large shape with a response long enough (several
# seconds warm) for a timing verdict on the per-literal formatting cost.
PREFIX dblp: <https://dblp.org/rdf/schema#>

CONSTRUCT { ?paper dblp:title ?title }
WHERE {
  ?paper dblp:title ?title .
}
LIMIT 1000000

2026-09-28 20:51:46.401 - INFO: Requested media types of the result are: "text/turtle"
2026-09-28 20:51:46.401 - INFO: Query planning done in 0 ms
2026-09-28 20:51:46.401 - INFO: Result has unknown size (not computed yet)
2026-09-28 20:51:49.133 - INFO: Done processing query and sending result, total time was 2,732 ms
2026-09-28 20:54:03.028 - INFO: 
2026-09-28 20:54:03.028 - INFO: Request received via GET, no content type specified
2026-09-28 20:54:03.028 - INFO: Processing command "clear-cache": clear the cache (unpinned elements only)
2026-09-28 20:54:03.046 - INFO: 
2026-09-28 20:54:03.046 - INFO: Request received via POST, content type "application/x-www-form-urlencoded"
2026-09-28 20:54:03.046 - INFO: Processing the following SPARQL query:
# Tier H-vocab — title literals, 1,000,000 rows (10x H-vocab-title-large)
# Goal: the H-vocab-title-large shape with a response long enough (several
# seconds warm) for a timing verdict on the per-literal formatting cost.
PREFIX dblp: <https://dblp.org/rdf/schema#>

CONSTRUCT { ?paper dblp:title ?title }
WHERE {
  ?paper dblp:title ?title .
}
LIMIT 1000000

2026-09-28 20:54:03.046 - INFO: Requested media types of the result are: "text/turtle"
2026-09-28 20:54:03.046 - INFO: Query planning done in 0 ms
2026-09-28 20:54:03.047 - INFO: Result has unknown size (not computed yet)
2026-09-28 20:54:05.945 - INFO: Done processing query and sending result, total time was 2,898 ms
2026-09-28 20:54:05.966 - INFO: 
2026-09-28 20:54:05.966 - INFO: Request received via GET, no content type specified
2026-09-28 20:54:05.966 - INFO: Processing command "clear-cache": clear the cache (unpinned elements only)
2026-09-28 20:54:05.984 - INFO: 
2026-09-28 20:54:05.984 - INFO: Request received via POST, content type "application/x-www-form-urlencoded"
2026-09-28 20:54:05.984 - INFO: Processing the following SPARQL query:
# Tier H-vocab — title literals, 1,000,000 rows (10x H-vocab-title-large)
# Goal: the H-vocab-title-large shape with a response long enough (several
# seconds warm) for a timing verdict on the per-literal formatting cost.
PREFIX dblp: <https://dblp.org/rdf/schema#>

CONSTRUCT { ?paper dblp:title ?title }
WHERE {
  ?paper dblp:title ?title .
}
LIMIT 1000000

2026-09-28 20:54:05.984 - INFO: Requested media types of the result are: "text/turtle"
2026-09-28 20:54:05.984 - INFO: Query planning done in 0 ms
2026-09-28 20:54:05.984 - INFO: Result has unknown size (not computed yet)
2026-09-28 20:54:08.742 - INFO: Done processing query and sending result, total time was 2,758 ms
2026-09-28 20:54:08.762 - INFO: 
2026-09-28 20:54:08.762 - INFO: Request received via GET, no content type specified
2026-09-28 20:54:08.762 - INFO: Processing command "clear-cache": clear the cache (unpinned elements only)
2026-09-28 20:54:08.780 - INFO: 
2026-09-28 20:54:08.780 - INFO: Request received via POST, content type "application/x-www-form-urlencoded"
2026-09-28 20:54:08.781 - INFO: Processing the following SPARQL query:
# Tier H-vocab — title literals, 1,000,000 rows (10x H-vocab-title-large)
# Goal: the H-vocab-title-large shape with a response long enough (several
# seconds warm) for a timing verdict on the per-literal formatting cost.
PREFIX dblp: <https://dblp.org/rdf/schema#>

CONSTRUCT { ?paper dblp:title ?title }
WHERE {
  ?paper dblp:title ?title .
}
LIMIT 1000000

2026-09-28 20:54:08.781 - INFO: Requested media types of the result are: "text/turtle"
2026-09-28 20:54:08.781 - INFO: Query planning done in 0 ms
2026-09-28 20:54:08.781 - INFO: Result has unknown size (not computed yet)
2026-09-28 20:54:11.547 - INFO: Done processing query and sending result, total time was 2,766 ms
2026-09-28 20:54:11.568 - INFO: 
2026-09-28 20:54:11.568 - INFO: Request received via GET, no content type specified
2026-09-28 20:54:11.568 - INFO: Processing command "clear-cache": clear the cache (unpinned elements only)
2026-09-28 20:54:11.586 - INFO: 
2026-09-28 20:54:11.586 - INFO: Request received via POST, content type "application/x-www-form-urlencoded"
2026-09-28 20:54:11.586 - INFO: Processing the following SPARQL query:
# Tier H-vocab — title literals, 1,000,000 rows (10x H-vocab-title-large)
# Goal: the H-vocab-title-large shape with a response long enough (several
# seconds warm) for a timing verdict on the per-literal formatting cost.
PREFIX dblp: <https://dblp.org/rdf/schema#>

CONSTRUCT { ?paper dblp:title ?title }
WHERE {
  ?paper dblp:title ?title .
}
LIMIT 1000000

2026-09-28 20:54:11.586 - INFO: Requested media types of the result are: "text/turtle"
2026-09-28 20:54:11.586 - INFO: Query planning done in 0 ms
2026-09-28 20:54:11.586 - INFO: Result has unknown size (not computed yet)
2026-09-28 20:54:14.339 - INFO: Done processing query and sending result, total time was 2,753 ms
2026-09-28 20:54:14.882 - INFO: 
2026-09-28 20:54:14.882 - INFO: Request received via GET, no content type specified
2026-09-28 20:54:14.882 - INFO: Processing command "clear-cache": clear the cache (unpinned elements only)
2026-09-28 20:54:14.917 - INFO: 
2026-09-28 20:54:14.917 - INFO: Request received via POST, content type "application/x-www-form-urlencoded"
2026-09-28 20:54:14.917 - INFO: Processing the following SPARQL query:
# Tier H-vocab — title literals, 1,000,000 rows (10x H-vocab-title-large)
# Goal: the H-vocab-title-large shape with a response long enough (several
# seconds warm) for a timing verdict on the per-literal formatting cost.
PREFIX dblp: <https://dblp.org/rdf/schema#>

CONSTRUCT { ?paper dblp:title ?title }
WHERE {
  ?paper dblp:title ?title .
}
LIMIT 1000000

2026-09-28 20:54:14.917 - INFO: Requested media types of the result are: "text/turtle"
2026-09-28 20:54:14.917 - INFO: Query planning done in 0 ms
2026-09-28 20:54:14.917 - INFO: Result has unknown size (not computed yet)
2026-09-28 20:54:17.932 - INFO: Done processing query and sending result, total time was 3,015 ms
2026-09-28 20:54:17.953 - INFO: 
2026-09-28 20:54:17.953 - INFO: Request received via GET, no content type specified
2026-09-28 20:54:17.953 - INFO: Processing command "clear-cache": clear the cache (unpinned elements only)
2026-09-28 20:54:17.971 - INFO: 
2026-09-28 20:54:17.971 - INFO: Request received via POST, content type "application/x-www-form-urlencoded"
2026-09-28 20:54:17.971 - INFO: Processing the following SPARQL query:
# Tier H-vocab — title literals, 1,000,000 rows (10x H-vocab-title-large)
# Goal: the H-vocab-title-large shape with a response long enough (several
# seconds warm) for a timing verdict on the per-literal formatting cost.
PREFIX dblp: <https://dblp.org/rdf/schema#>

CONSTRUCT { ?paper dblp:title ?title }
WHERE {
  ?paper dblp:title ?title .
}
LIMIT 1000000

2026-09-28 20:54:17.971 - INFO: Requested media types of the result are: "text/turtle"
2026-09-28 20:54:17.971 - INFO: Query planning done in 0 ms
2026-09-28 20:54:17.971 - INFO: Result has unknown size (not computed yet)
2026-09-28 20:54:20.757 - INFO: Done processing query and sending result, total time was 2,785 ms
2026-09-28 20:55:13.695 - INFO: 
2026-09-28 20:55:13.695 - INFO: Request received via GET, no content type specified
2026-09-28 20:55:13.695 - INFO: Processing command "clear-cache": clear the cache (unpinned elements only)
2026-09-28 20:55:13.713 - INFO: 
2026-09-28 20:55:13.713 - INFO: Request received via POST, content type "application/x-www-form-urlencoded"
2026-09-28 20:55:13.714 - INFO: Processing the following SPARQL query:
# Tier H — size-sweep
# Goal: isolate export cost from query-planning cost. Raise the year bound
# across runs, for example 1970, 1990, 2010, and 2023.
PREFIX dblp: <https://dblp.org/rdf/schema#>

CONSTRUCT { ?s ?p ?o }
WHERE {
  ?s a dblp:Publication ;
     dblp:yearOfPublication ?year ;
     ?p ?o .
  FILTER(?year <= "1970"^^<http://www.w3.org/2001/XMLSchema#gYear>)
}

2026-09-28 20:55:13.714 - INFO: Requested media types of the result are: "text/turtle"
2026-09-28 20:55:13.722 - INFO: Query planning done in 9 ms
2026-09-28 20:55:13.746 - INFO: Result has unknown size (not computed yet)
2026-09-28 20:55:14.509 - INFO: Done processing query and sending result, total time was 796 ms
2026-09-28 20:55:17.604 - INFO: 
2026-09-28 20:55:17.604 - INFO: Request received via GET, no content type specified
2026-09-28 20:55:17.605 - INFO: Processing command "clear-cache": clear the cache (unpinned elements only)
2026-09-28 20:55:17.623 - INFO: 
2026-09-28 20:55:17.623 - INFO: Request received via POST, content type "application/x-www-form-urlencoded"
2026-09-28 20:55:17.623 - INFO: Processing the following SPARQL query:
# Tier H — size-sweep
# Goal: isolate export cost from query-planning cost. Raise the year bound
# across runs, for example 1970, 1990, 2010, and 2023.
PREFIX dblp: <https://dblp.org/rdf/schema#>

CONSTRUCT { ?s ?p ?o }
WHERE {
  ?s a dblp:Publication ;
     dblp:yearOfPublication ?year ;
     ?p ?o .
  FILTER(?year <= "1970"^^<http://www.w3.org/2001/XMLSchema#gYear>)
}

2026-09-28 20:55:17.623 - INFO: Requested media types of the result are: "text/turtle"
2026-09-28 20:55:17.624 - INFO: Query planning done in 1 ms
2026-09-28 20:55:17.647 - INFO: Result has unknown size (not computed yet)
2026-09-28 20:55:18.300 - INFO: Done processing query and sending result, total time was 677 ms
2026-09-28 20:55:18.319 - INFO: 
2026-09-28 20:55:18.319 - INFO: Request received via GET, no content type specified
2026-09-28 20:55:18.319 - INFO: Processing command "clear-cache": clear the cache (unpinned elements only)
2026-09-28 20:55:18.337 - INFO: 
2026-09-28 20:55:18.337 - INFO: Request received via POST, content type "application/x-www-form-urlencoded"
2026-09-28 20:55:18.337 - INFO: Processing the following SPARQL query:
# Tier H — size-sweep
# Goal: isolate export cost from query-planning cost. Raise the year bound
# across runs, for example 1970, 1990, 2010, and 2023.
PREFIX dblp: <https://dblp.org/rdf/schema#>

CONSTRUCT { ?s ?p ?o }
WHERE {
  ?s a dblp:Publication ;
     dblp:yearOfPublication ?year ;
     ?p ?o .
  FILTER(?year <= "1970"^^<http://www.w3.org/2001/XMLSchema#gYear>)
}

2026-09-28 20:55:18.337 - INFO: Requested media types of the result are: "text/turtle"
2026-09-28 20:55:18.338 - INFO: Query planning done in 1 ms
2026-09-28 20:55:18.358 - INFO: Result has unknown size (not computed yet)
2026-09-28 20:55:18.933 - INFO: Done processing query and sending result, total time was 596 ms
2026-09-28 20:55:18.952 - INFO: 
2026-09-28 20:55:18.952 - INFO: Request received via GET, no content type specified
2026-09-28 20:55:18.952 - INFO: Processing command "clear-cache": clear the cache (unpinned elements only)
2026-09-28 20:55:18.970 - INFO: 
2026-09-28 20:55:18.970 - INFO: Request received via POST, content type "application/x-www-form-urlencoded"
2026-09-28 20:55:18.970 - INFO: Processing the following SPARQL query:
# Tier H — size-sweep
# Goal: isolate export cost from query-planning cost. Raise the year bound
# across runs, for example 1970, 1990, 2010, and 2023.
PREFIX dblp: <https://dblp.org/rdf/schema#>

CONSTRUCT { ?s ?p ?o }
WHERE {
  ?s a dblp:Publication ;
     dblp:yearOfPublication ?year ;
     ?p ?o .
  FILTER(?year <= "1970"^^<http://www.w3.org/2001/XMLSchema#gYear>)
}

2026-09-28 20:55:18.970 - INFO: Requested media types of the result are: "text/turtle"
2026-09-28 20:55:18.971 - INFO: Query planning done in 1 ms
2026-09-28 20:55:18.989 - INFO: Result has unknown size (not computed yet)
2026-09-28 20:55:19.558 - INFO: Done processing query and sending result, total time was 588 ms
2026-09-28 20:55:19.577 - INFO: 
2026-09-28 20:55:19.577 - INFO: Request received via GET, no content type specified
2026-09-28 20:55:19.577 - INFO: Processing command "clear-cache": clear the cache (unpinned elements only)
2026-09-28 20:55:19.595 - INFO: 
2026-09-28 20:55:19.595 - INFO: Request received via POST, content type "application/x-www-form-urlencoded"
2026-09-28 20:55:19.595 - INFO: Processing the following SPARQL query:
# Tier H — size-sweep
# Goal: isolate export cost from query-planning cost. Raise the year bound
# across runs, for example 1970, 1990, 2010, and 2023.
PREFIX dblp: <https://dblp.org/rdf/schema#>

CONSTRUCT { ?s ?p ?o }
WHERE {
  ?s a dblp:Publication ;
     dblp:yearOfPublication ?year ;
     ?p ?o .
  FILTER(?year <= "1970"^^<http://www.w3.org/2001/XMLSchema#gYear>)
}

2026-09-28 20:55:19.595 - INFO: Requested media types of the result are: "text/turtle"
2026-09-28 20:55:19.596 - INFO: Query planning done in 1 ms
2026-09-28 20:55:19.619 - INFO: Result has unknown size (not computed yet)
2026-09-28 20:55:20.268 - INFO: Done processing query and sending result, total time was 672 ms
2026-09-28 20:55:20.293 - INFO: 
2026-09-28 20:55:20.293 - INFO: Request received via GET, no content type specified
2026-09-28 20:55:20.293 - INFO: Processing command "clear-cache": clear the cache (unpinned elements only)
2026-09-28 20:55:20.311 - INFO: 
2026-09-28 20:55:20.311 - INFO: Request received via POST, content type "application/x-www-form-urlencoded"
2026-09-28 20:55:20.312 - INFO: Processing the following SPARQL query:
# Tier H — size-sweep
# Goal: isolate export cost from query-planning cost. Raise the year bound
# across runs, for example 1970, 1990, 2010, and 2023.
PREFIX dblp: <https://dblp.org/rdf/schema#>

CONSTRUCT { ?s ?p ?o }
WHERE {
  ?s a dblp:Publication ;
     dblp:yearOfPublication ?year ;
     ?p ?o .
  FILTER(?year <= "1970"^^<http://www.w3.org/2001/XMLSchema#gYear>)
}

2026-09-28 20:55:20.312 - INFO: Requested media types of the result are: "text/turtle"
2026-09-28 20:55:20.313 - INFO: Query planning done in 1 ms
2026-09-28 20:55:20.336 - INFO: Result has unknown size (not computed yet)
2026-09-28 20:55:20.965 - INFO: Done processing query and sending result, total time was 653 ms
2026-09-28 20:55:20.983 - INFO: 
2026-09-28 20:55:20.983 - INFO: Request received via GET, no content type specified
2026-09-28 20:55:20.983 - INFO: Processing command "clear-cache": clear the cache (unpinned elements only)
2026-09-28 20:55:21.001 - INFO: 
2026-09-28 20:55:21.001 - INFO: Request received via POST, content type "application/x-www-form-urlencoded"
2026-09-28 20:55:21.001 - INFO: Processing the following SPARQL query:
# Tier H — size-sweep
# Goal: isolate export cost from query-planning cost. Raise the year bound
# across runs, for example 1970, 1990, 2010, and 2023.
PREFIX dblp: <https://dblp.org/rdf/schema#>

CONSTRUCT { ?s ?p ?o }
WHERE {
  ?s a dblp:Publication ;
     dblp:yearOfPublication ?year ;
     ?p ?o .
  FILTER(?year <= "1970"^^<http://www.w3.org/2001/XMLSchema#gYear>)
}

2026-09-28 20:55:21.001 - INFO: Requested media types of the result are: "text/turtle"
2026-09-28 20:55:21.003 - INFO: Query planning done in 1 ms
2026-09-28 20:55:21.026 - INFO: Result has unknown size (not computed yet)
2026-09-28 20:55:21.677 - INFO: Done processing query and sending result, total time was 675 ms
2026-09-28 20:55:21.696 - INFO: 
2026-09-28 20:55:21.696 - INFO: Request received via GET, no content type specified
2026-09-28 20:55:21.696 - INFO: Processing command "clear-cache": clear the cache (unpinned elements only)
2026-09-28 20:55:21.714 - INFO: 
2026-09-28 20:55:21.714 - INFO: Request received via POST, content type "application/x-www-form-urlencoded"
2026-09-28 20:55:21.714 - INFO: Processing the following SPARQL query:
# Tier H — size-sweep
# Goal: isolate export cost from query-planning cost. Raise the year bound
# across runs, for example 1970, 1990, 2010, and 2023.
PREFIX dblp: <https://dblp.org/rdf/schema#>

CONSTRUCT { ?s ?p ?o }
WHERE {
  ?s a dblp:Publication ;
     dblp:yearOfPublication ?year ;
     ?p ?o .
  FILTER(?year <= "1970"^^<http://www.w3.org/2001/XMLSchema#gYear>)
}

2026-09-28 20:55:21.714 - INFO: Requested media types of the result are: "text/turtle"
2026-09-28 20:55:21.715 - INFO: Query planning done in 1 ms
2026-09-28 20:55:21.739 - INFO: Result has unknown size (not computed yet)
2026-09-28 20:55:22.329 - INFO: Done processing query and sending result, total time was 615 ms
2026-09-28 20:55:22.348 - INFO: 
2026-09-28 20:55:22.348 - INFO: Request received via GET, no content type specified
2026-09-28 20:55:22.348 - INFO: Processing command "clear-cache": clear the cache (unpinned elements only)
2026-09-28 20:55:22.366 - INFO: 
2026-09-28 20:55:22.366 - INFO: Request received via POST, content type "application/x-www-form-urlencoded"
2026-09-28 20:55:22.366 - INFO: Processing the following SPARQL query:
# Tier H — size-sweep
# Goal: isolate export cost from query-planning cost. Raise the year bound
# across runs, for example 1970, 1990, 2010, and 2023.
PREFIX dblp: <https://dblp.org/rdf/schema#>

CONSTRUCT { ?s ?p ?o }
WHERE {
  ?s a dblp:Publication ;
     dblp:yearOfPublication ?year ;
     ?p ?o .
  FILTER(?year <= "1970"^^<http://www.w3.org/2001/XMLSchema#gYear>)
}

2026-09-28 20:55:22.366 - INFO: Requested media types of the result are: "text/turtle"
2026-09-28 20:55:22.367 - INFO: Query planning done in 1 ms
2026-09-28 20:55:22.390 - INFO: Result has unknown size (not computed yet)
2026-09-28 20:55:23.039 - INFO: Done processing query and sending result, total time was 673 ms
2026-09-28 20:55:23.058 - INFO: 
2026-09-28 20:55:23.058 - INFO: Request received via GET, no content type specified
2026-09-28 20:55:23.058 - INFO: Processing command "clear-cache": clear the cache (unpinned elements only)
2026-09-28 20:55:23.076 - INFO: 
2026-09-28 20:55:23.076 - INFO: Request received via POST, content type "application/x-www-form-urlencoded"
2026-09-28 20:55:23.076 - INFO: Processing the following SPARQL query:
# Tier H — size-sweep
# Goal: isolate export cost from query-planning cost. Raise the year bound
# across runs, for example 1970, 1990, 2010, and 2023.
PREFIX dblp: <https://dblp.org/rdf/schema#>

CONSTRUCT { ?s ?p ?o }
WHERE {
  ?s a dblp:Publication ;
     dblp:yearOfPublication ?year ;
     ?p ?o .
  FILTER(?year <= "1970"^^<http://www.w3.org/2001/XMLSchema#gYear>)
}

2026-09-28 20:55:23.076 - INFO: Requested media types of the result are: "text/turtle"
2026-09-28 20:55:23.077 - INFO: Query planning done in 1 ms
2026-09-28 20:55:23.102 - INFO: Result has unknown size (not computed yet)
2026-09-28 20:55:23.749 - INFO: Done processing query and sending result, total time was 673 ms
2026-09-28 20:55:23.768 - INFO: 
2026-09-28 20:55:23.768 - INFO: Request received via GET, no content type specified
2026-09-28 20:55:23.768 - INFO: Processing command "clear-cache": clear the cache (unpinned elements only)
2026-09-28 20:55:23.786 - INFO: 
2026-09-28 20:55:23.786 - INFO: Request received via POST, content type "application/x-www-form-urlencoded"
2026-09-28 20:55:23.786 - INFO: Processing the following SPARQL query:
# Tier H — size-sweep
# Goal: isolate export cost from query-planning cost. Raise the year bound
# across runs, for example 1970, 1990, 2010, and 2023.
PREFIX dblp: <https://dblp.org/rdf/schema#>

CONSTRUCT { ?s ?p ?o }
WHERE {
  ?s a dblp:Publication ;
     dblp:yearOfPublication ?year ;
     ?p ?o .
  FILTER(?year <= "1970"^^<http://www.w3.org/2001/XMLSchema#gYear>)
}

2026-09-28 20:55:23.786 - INFO: Requested media types of the result are: "text/turtle"
2026-09-28 20:55:23.787 - INFO: Query planning done in 1 ms
2026-09-28 20:55:23.810 - INFO: Result has unknown size (not computed yet)
2026-09-28 20:55:24.404 - INFO: Done processing query and sending result, total time was 618 ms
2026-09-28 20:55:24.423 - INFO: 
2026-09-28 20:55:24.423 - INFO: Request received via GET, no content type specified
2026-09-28 20:55:24.423 - INFO: Processing command "clear-cache": clear the cache (unpinned elements only)
2026-09-28 20:55:24.441 - INFO: 
2026-09-28 20:55:24.441 - INFO: Request received via POST, content type "application/x-www-form-urlencoded"
2026-09-28 20:55:24.441 - INFO: Processing the following SPARQL query:
# Tier H — size-sweep
# Goal: isolate export cost from query-planning cost. Raise the year bound
# across runs, for example 1970, 1990, 2010, and 2023.
PREFIX dblp: <https://dblp.org/rdf/schema#>

CONSTRUCT { ?s ?p ?o }
WHERE {
  ?s a dblp:Publication ;
     dblp:yearOfPublication ?year ;
     ?p ?o .
  FILTER(?year <= "1970"^^<http://www.w3.org/2001/XMLSchema#gYear>)
}

2026-09-28 20:55:24.441 - INFO: Requested media types of the result are: "text/turtle"
2026-09-28 20:55:24.443 - INFO: Query planning done in 1 ms
2026-09-28 20:55:24.464 - INFO: Result has unknown size (not computed yet)
2026-09-28 20:55:25.029 - INFO: Done processing query and sending result, total time was 588 ms
2026-09-28 20:55:25.048 - INFO: 
2026-09-28 20:55:25.048 - INFO: Request received via GET, no content type specified
2026-09-28 20:55:25.048 - INFO: Processing command "clear-cache": clear the cache (unpinned elements only)
2026-09-28 20:55:25.066 - INFO: 
2026-09-28 20:55:25.066 - INFO: Request received via POST, content type "application/x-www-form-urlencoded"
2026-09-28 20:55:25.066 - INFO: Processing the following SPARQL query:
# Tier H — size-sweep
# Goal: isolate export cost from query-planning cost. Raise the year bound
# across runs, for example 1970, 1990, 2010, and 2023.
PREFIX dblp: <https://dblp.org/rdf/schema#>

CONSTRUCT { ?s ?p ?o }
WHERE {
  ?s a dblp:Publication ;
     dblp:yearOfPublication ?year ;
     ?p ?o .
  FILTER(?year <= "1970"^^<http://www.w3.org/2001/XMLSchema#gYear>)
}

2026-09-28 20:55:25.066 - INFO: Requested media types of the result are: "text/turtle"
2026-09-28 20:55:25.067 - INFO: Query planning done in 1 ms
2026-09-28 20:55:25.090 - INFO: Result has unknown size (not computed yet)
2026-09-28 20:55:25.648 - INFO: Done processing query and sending result, total time was 581 ms
2026-09-28 20:55:25.667 - INFO: 
2026-09-28 20:55:25.667 - INFO: Request received via GET, no content type specified
2026-09-28 20:55:25.667 - INFO: Processing command "clear-cache": clear the cache (unpinned elements only)
2026-09-28 20:55:25.692 - INFO: 
2026-09-28 20:55:25.692 - INFO: Request received via POST, content type "application/x-www-form-urlencoded"
2026-09-28 20:55:25.692 - INFO: Processing the following SPARQL query:
# Tier H — size-sweep
# Goal: isolate export cost from query-planning cost. Raise the year bound
# across runs, for example 1970, 1990, 2010, and 2023.
PREFIX dblp: <https://dblp.org/rdf/schema#>

CONSTRUCT { ?s ?p ?o }
WHERE {
  ?s a dblp:Publication ;
     dblp:yearOfPublication ?year ;
     ?p ?o .
  FILTER(?year <= "1970"^^<http://www.w3.org/2001/XMLSchema#gYear>)
}

2026-09-28 20:55:25.692 - INFO: Requested media types of the result are: "text/turtle"
2026-09-28 20:55:25.693 - INFO: Query planning done in 1 ms
2026-09-28 20:55:25.715 - INFO: Result has unknown size (not computed yet)
2026-09-28 20:55:26.279 - INFO: Done processing query and sending result, total time was 586 ms
2026-09-28 20:56:40.040 - INFO: 
2026-09-28 20:56:40.040 - INFO: Request received via GET, no content type specified
2026-09-28 20:56:40.040 - INFO: Processing command "clear-cache": clear the cache (unpinned elements only)
2026-09-28 20:56:40.058 - INFO: 
2026-09-28 20:56:40.058 - INFO: Request received via POST, content type "application/x-www-form-urlencoded"
2026-09-28 20:56:40.058 - INFO: Processing the following SPARQL query:
# Tier H — size-sweep
# Goal: isolate export cost from query-planning cost. Raise the year bound
# across runs, for example 1970, 1990, 2010, and 2023.
PREFIX dblp: <https://dblp.org/rdf/schema#>

CONSTRUCT { ?s ?p ?o }
WHERE {
  ?s a dblp:Publication ;
     dblp:yearOfPublication ?year ;
     ?p ?o .
  FILTER(?year <= "1970"^^<http://www.w3.org/2001/XMLSchema#gYear>)
}

2026-09-28 20:56:40.058 - INFO: Requested media types of the result are: "text/turtle"
2026-09-28 20:56:40.059 - INFO: Query planning done in 1 ms
2026-09-28 20:56:40.083 - INFO: Result has unknown size (not computed yet)
2026-09-28 20:56:40.689 - INFO: Done processing query and sending result, total time was 631 ms
2026-09-28 20:56:40.708 - INFO: 
2026-09-28 20:56:40.708 - INFO: Request received via GET, no content type specified
2026-09-28 20:56:40.708 - INFO: Processing command "clear-cache": clear the cache (unpinned elements only)
2026-09-28 20:56:40.726 - INFO: 
2026-09-28 20:56:40.726 - INFO: Request received via POST, content type "application/x-www-form-urlencoded"
2026-09-28 20:56:40.726 - INFO: Processing the following SPARQL query:
# Tier H — size-sweep
# Goal: isolate export cost from query-planning cost. Raise the year bound
# across runs, for example 1970, 1990, 2010, and 2023.
PREFIX dblp: <https://dblp.org/rdf/schema#>

CONSTRUCT { ?s ?p ?o }
WHERE {
  ?s a dblp:Publication ;
     dblp:yearOfPublication ?year ;
     ?p ?o .
  FILTER(?year <= "1970"^^<http://www.w3.org/2001/XMLSchema#gYear>)
}

2026-09-28 20:56:40.726 - INFO: Requested media types of the result are: "text/turtle"
2026-09-28 20:56:40.728 - INFO: Query planning done in 1 ms
2026-09-28 20:56:40.751 - INFO: Result has unknown size (not computed yet)
2026-09-28 20:56:41.340 - INFO: Done processing query and sending result, total time was 613 ms
2026-09-28 20:56:41.359 - INFO: 
2026-09-28 20:56:41.359 - INFO: Request received via GET, no content type specified
2026-09-28 20:56:41.359 - INFO: Processing command "clear-cache": clear the cache (unpinned elements only)
2026-09-28 20:56:41.377 - INFO: 
2026-09-28 20:56:41.377 - INFO: Request received via POST, content type "application/x-www-form-urlencoded"
2026-09-28 20:56:41.377 - INFO: Processing the following SPARQL query:
# Tier H — size-sweep
# Goal: isolate export cost from query-planning cost. Raise the year bound
# across runs, for example 1970, 1990, 2010, and 2023.
PREFIX dblp: <https://dblp.org/rdf/schema#>

CONSTRUCT { ?s ?p ?o }
WHERE {
  ?s a dblp:Publication ;
     dblp:yearOfPublication ?year ;
     ?p ?o .
  FILTER(?year <= "1970"^^<http://www.w3.org/2001/XMLSchema#gYear>)
}

2026-09-28 20:56:41.377 - INFO: Requested media types of the result are: "text/turtle"
2026-09-28 20:56:41.378 - INFO: Query planning done in 1 ms
2026-09-28 20:56:41.400 - INFO: Result has unknown size (not computed yet)
2026-09-28 20:56:42.051 - INFO: Done processing query and sending result, total time was 674 ms
2026-09-28 20:56:42.070 - INFO: 
2026-09-28 20:56:42.070 - INFO: Request received via GET, no content type specified
2026-09-28 20:56:42.070 - INFO: Processing command "clear-cache": clear the cache (unpinned elements only)
2026-09-28 20:56:42.088 - INFO: 
2026-09-28 20:56:42.088 - INFO: Request received via POST, content type "application/x-www-form-urlencoded"
2026-09-28 20:56:42.089 - INFO: Processing the following SPARQL query:
# Tier H — size-sweep
# Goal: isolate export cost from query-planning cost. Raise the year bound
# across runs, for example 1970, 1990, 2010, and 2023.
PREFIX dblp: <https://dblp.org/rdf/schema#>

CONSTRUCT { ?s ?p ?o }
WHERE {
  ?s a dblp:Publication ;
     dblp:yearOfPublication ?year ;
     ?p ?o .
  FILTER(?year <= "1970"^^<http://www.w3.org/2001/XMLSchema#gYear>)
}

2026-09-28 20:56:42.089 - INFO: Requested media types of the result are: "text/turtle"
2026-09-28 20:56:42.090 - INFO: Query planning done in 1 ms
2026-09-28 20:56:42.113 - INFO: Result has unknown size (not computed yet)
2026-09-28 20:56:42.763 - INFO: Done processing query and sending result, total time was 674 ms
2026-09-28 20:56:42.782 - INFO: 
2026-09-28 20:56:42.782 - INFO: Request received via GET, no content type specified
2026-09-28 20:56:42.782 - INFO: Processing command "clear-cache": clear the cache (unpinned elements only)
2026-09-28 20:56:42.800 - INFO: 
2026-09-28 20:56:42.800 - INFO: Request received via POST, content type "application/x-www-form-urlencoded"
2026-09-28 20:56:42.800 - INFO: Processing the following SPARQL query:
# Tier H — size-sweep
# Goal: isolate export cost from query-planning cost. Raise the year bound
# across runs, for example 1970, 1990, 2010, and 2023.
PREFIX dblp: <https://dblp.org/rdf/schema#>

CONSTRUCT { ?s ?p ?o }
WHERE {
  ?s a dblp:Publication ;
     dblp:yearOfPublication ?year ;
     ?p ?o .
  FILTER(?year <= "1970"^^<http://www.w3.org/2001/XMLSchema#gYear>)
}

2026-09-28 20:56:42.800 - INFO: Requested media types of the result are: "text/turtle"
2026-09-28 20:56:42.801 - INFO: Query planning done in 1 ms
2026-09-28 20:56:42.824 - INFO: Result has unknown size (not computed yet)
2026-09-28 20:56:43.462 - INFO: Done processing query and sending result, total time was 662 ms
2026-09-28 20:56:43.481 - INFO: 
2026-09-28 20:56:43.481 - INFO: Request received via GET, no content type specified
2026-09-28 20:56:43.481 - INFO: Processing command "clear-cache": clear the cache (unpinned elements only)
2026-09-28 20:56:43.499 - INFO: 
2026-09-28 20:56:43.499 - INFO: Request received via POST, content type "application/x-www-form-urlencoded"
2026-09-28 20:56:43.499 - INFO: Processing the following SPARQL query:
# Tier H — size-sweep
# Goal: isolate export cost from query-planning cost. Raise the year bound
# across runs, for example 1970, 1990, 2010, and 2023.
PREFIX dblp: <https://dblp.org/rdf/schema#>

CONSTRUCT { ?s ?p ?o }
WHERE {
  ?s a dblp:Publication ;
     dblp:yearOfPublication ?year ;
     ?p ?o .
  FILTER(?year <= "1970"^^<http://www.w3.org/2001/XMLSchema#gYear>)
}

2026-09-28 20:56:43.499 - INFO: Requested media types of the result are: "text/turtle"
2026-09-28 20:56:43.501 - INFO: Query planning done in 1 ms
2026-09-28 20:56:43.525 - INFO: Result has unknown size (not computed yet)
2026-09-28 20:56:44.104 - INFO: Done processing query and sending result, total time was 604 ms
2026-09-28 20:56:44.123 - INFO: 
2026-09-28 20:56:44.123 - INFO: Request received via GET, no content type specified
2026-09-28 20:56:44.123 - INFO: Processing command "clear-cache": clear the cache (unpinned elements only)
2026-09-28 20:56:44.141 - INFO: 
2026-09-28 20:56:44.141 - INFO: Request received via POST, content type "application/x-www-form-urlencoded"
2026-09-28 20:56:44.142 - INFO: Processing the following SPARQL query:
# Tier H — size-sweep
# Goal: isolate export cost from query-planning cost. Raise the year bound
# across runs, for example 1970, 1990, 2010, and 2023.
PREFIX dblp: <https://dblp.org/rdf/schema#>

CONSTRUCT { ?s ?p ?o }
WHERE {
  ?s a dblp:Publication ;
     dblp:yearOfPublication ?year ;
     ?p ?o .
  FILTER(?year <= "1970"^^<http://www.w3.org/2001/XMLSchema#gYear>)
}

2026-09-28 20:56:44.142 - INFO: Requested media types of the result are: "text/turtle"
2026-09-28 20:56:44.143 - INFO: Query planning done in 1 ms
2026-09-28 20:56:44.166 - INFO: Result has unknown size (not computed yet)
2026-09-28 20:56:44.813 - INFO: Done processing query and sending result, total time was 671 ms
2026-09-28 20:56:44.832 - INFO: 
2026-09-28 20:56:44.832 - INFO: Request received via GET, no content type specified
2026-09-28 20:56:44.832 - INFO: Processing command "clear-cache": clear the cache (unpinned elements only)
2026-09-28 20:56:44.850 - INFO: 
2026-09-28 20:56:44.850 - INFO: Request received via POST, content type "application/x-www-form-urlencoded"
2026-09-28 20:56:44.850 - INFO: Processing the following SPARQL query:
# Tier H — size-sweep
# Goal: isolate export cost from query-planning cost. Raise the year bound
# across runs, for example 1970, 1990, 2010, and 2023.
PREFIX dblp: <https://dblp.org/rdf/schema#>

CONSTRUCT { ?s ?p ?o }
WHERE {
  ?s a dblp:Publication ;
     dblp:yearOfPublication ?year ;
     ?p ?o .
  FILTER(?year <= "1970"^^<http://www.w3.org/2001/XMLSchema#gYear>)
}

2026-09-28 20:56:44.850 - INFO: Requested media types of the result are: "text/turtle"
2026-09-28 20:56:44.851 - INFO: Query planning done in 1 ms
2026-09-28 20:56:44.875 - INFO: Result has unknown size (not computed yet)
2026-09-28 20:56:45.519 - INFO: Done processing query and sending result, total time was 668 ms
2026-09-28 20:56:45.537 - INFO: 
2026-09-28 20:56:45.537 - INFO: Request received via GET, no content type specified
2026-09-28 20:56:45.537 - INFO: Processing command "clear-cache": clear the cache (unpinned elements only)
2026-09-28 20:56:45.555 - INFO: 
2026-09-28 20:56:45.555 - INFO: Request received via POST, content type "application/x-www-form-urlencoded"
2026-09-28 20:56:45.556 - INFO: Processing the following SPARQL query:
# Tier H — size-sweep
# Goal: isolate export cost from query-planning cost. Raise the year bound
# across runs, for example 1970, 1990, 2010, and 2023.
PREFIX dblp: <https://dblp.org/rdf/schema#>

CONSTRUCT { ?s ?p ?o }
WHERE {
  ?s a dblp:Publication ;
     dblp:yearOfPublication ?year ;
     ?p ?o .
  FILTER(?year <= "1970"^^<http://www.w3.org/2001/XMLSchema#gYear>)
}

2026-09-28 20:56:45.556 - INFO: Requested media types of the result are: "text/turtle"
2026-09-28 20:56:45.557 - INFO: Query planning done in 1 ms
2026-09-28 20:56:45.580 - INFO: Result has unknown size (not computed yet)
2026-09-28 20:56:46.228 - INFO: Done processing query and sending result, total time was 672 ms
2026-09-28 20:56:46.246 - INFO: 
2026-09-28 20:56:46.246 - INFO: Request received via GET, no content type specified
2026-09-28 20:56:46.246 - INFO: Processing command "clear-cache": clear the cache (unpinned elements only)
2026-09-28 20:56:46.264 - INFO: 
2026-09-28 20:56:46.264 - INFO: Request received via POST, content type "application/x-www-form-urlencoded"
2026-09-28 20:56:46.265 - INFO: Processing the following SPARQL query:
# Tier H — size-sweep
# Goal: isolate export cost from query-planning cost. Raise the year bound
# across runs, for example 1970, 1990, 2010, and 2023.
PREFIX dblp: <https://dblp.org/rdf/schema#>

CONSTRUCT { ?s ?p ?o }
WHERE {
  ?s a dblp:Publication ;
     dblp:yearOfPublication ?year ;
     ?p ?o .
  FILTER(?year <= "1970"^^<http://www.w3.org/2001/XMLSchema#gYear>)
}

2026-09-28 20:56:46.265 - INFO: Requested media types of the result are: "text/turtle"
2026-09-28 20:56:46.266 - INFO: Query planning done in 1 ms
2026-09-28 20:56:46.289 - INFO: Result has unknown size (not computed yet)
2026-09-28 20:56:46.857 - INFO: Done processing query and sending result, total time was 592 ms
2026-09-28 20:56:46.876 - INFO: 
2026-09-28 20:56:46.876 - INFO: Request received via GET, no content type specified
2026-09-28 20:56:46.876 - INFO: Processing command "clear-cache": clear the cache (unpinned elements only)
2026-09-28 20:56:46.894 - INFO: 
2026-09-28 20:56:46.894 - INFO: Request received via POST, content type "application/x-www-form-urlencoded"
2026-09-28 20:56:46.894 - INFO: Processing the following SPARQL query:
# Tier H — size-sweep
# Goal: isolate export cost from query-planning cost. Raise the year bound
# across runs, for example 1970, 1990, 2010, and 2023.
PREFIX dblp: <https://dblp.org/rdf/schema#>

CONSTRUCT { ?s ?p ?o }
WHERE {
  ?s a dblp:Publication ;
     dblp:yearOfPublication ?year ;
     ?p ?o .
  FILTER(?year <= "1970"^^<http://www.w3.org/2001/XMLSchema#gYear>)
}

2026-09-28 20:56:46.894 - INFO: Requested media types of the result are: "text/turtle"
2026-09-28 20:56:46.895 - INFO: Query planning done in 1 ms
2026-09-28 20:56:46.917 - INFO: Result has unknown size (not computed yet)
2026-09-28 20:56:47.482 - INFO: Done processing query and sending result, total time was 587 ms
2026-09-28 20:56:47.500 - INFO: 
2026-09-28 20:56:47.500 - INFO: Request received via GET, no content type specified
2026-09-28 20:56:47.500 - INFO: Processing command "clear-cache": clear the cache (unpinned elements only)
2026-09-28 20:56:47.518 - INFO: 
2026-09-28 20:56:47.518 - INFO: Request received via POST, content type "application/x-www-form-urlencoded"
2026-09-28 20:56:47.519 - INFO: Processing the following SPARQL query:
# Tier H — size-sweep
# Goal: isolate export cost from query-planning cost. Raise the year bound
# across runs, for example 1970, 1990, 2010, and 2023.
PREFIX dblp: <https://dblp.org/rdf/schema#>

CONSTRUCT { ?s ?p ?o }
WHERE {
  ?s a dblp:Publication ;
     dblp:yearOfPublication ?year ;
     ?p ?o .
  FILTER(?year <= "1970"^^<http://www.w3.org/2001/XMLSchema#gYear>)
}

2026-09-28 20:56:47.519 - INFO: Requested media types of the result are: "text/turtle"
2026-09-28 20:56:47.520 - INFO: Query planning done in 1 ms
2026-09-28 20:56:47.542 - INFO: Result has unknown size (not computed yet)
2026-09-28 20:56:48.099 - INFO: Done processing query and sending result, total time was 580 ms
2026-09-28 20:56:48.118 - INFO: 
2026-09-28 20:56:48.118 - INFO: Request received via GET, no content type specified
2026-09-28 20:56:48.118 - INFO: Processing command "clear-cache": clear the cache (unpinned elements only)
2026-09-28 20:56:48.143 - INFO: 
2026-09-28 20:56:48.143 - INFO: Request received via POST, content type "application/x-www-form-urlencoded"
2026-09-28 20:56:48.144 - INFO: Processing the following SPARQL query:
# Tier H — size-sweep
# Goal: isolate export cost from query-planning cost. Raise the year bound
# across runs, for example 1970, 1990, 2010, and 2023.
PREFIX dblp: <https://dblp.org/rdf/schema#>

CONSTRUCT { ?s ?p ?o }
WHERE {
  ?s a dblp:Publication ;
     dblp:yearOfPublication ?year ;
     ?p ?o .
  FILTER(?year <= "1970"^^<http://www.w3.org/2001/XMLSchema#gYear>)
}

2026-09-28 20:56:48.144 - INFO: Requested media types of the result are: "text/turtle"
2026-09-28 20:56:48.145 - INFO: Query planning done in 1 ms
2026-09-28 20:56:48.167 - INFO: Result has unknown size (not computed yet)
2026-09-28 20:56:48.731 - INFO: Done processing query and sending result, total time was 587 ms
2026-09-28 20:56:49.055 - INFO: 
2026-09-28 20:56:49.055 - INFO: Request received via GET, no content type specified
2026-09-28 20:56:49.055 - INFO: Processing command "clear-cache": clear the cache (unpinned elements only)
2026-09-28 20:56:49.073 - INFO: 
2026-09-28 20:56:49.073 - INFO: Request received via POST, content type "application/x-www-form-urlencoded"
2026-09-28 20:56:49.073 - INFO: Processing the following SPARQL query:
# Tier H — size-sweep
# Goal: isolate export cost from query-planning cost. Raise the year bound
# across runs, for example 1970, 1990, 2010, and 2023.
PREFIX dblp: <https://dblp.org/rdf/schema#>

CONSTRUCT { ?s ?p ?o }
WHERE {
  ?s a dblp:Publication ;
     dblp:yearOfPublication ?year ;
     ?p ?o .
  FILTER(?year <= "1970"^^<http://www.w3.org/2001/XMLSchema#gYear>)
}

2026-09-28 20:56:49.073 - INFO: Requested media types of the result are: "text/turtle"
2026-09-28 20:56:49.074 - INFO: Query planning done in 1 ms
2026-09-28 20:56:49.097 - INFO: Result has unknown size (not computed yet)
2026-09-28 20:56:49.719 - INFO: Done processing query and sending result, total time was 646 ms
2026-09-28 20:56:49.739 - INFO: 
2026-09-28 20:56:49.739 - INFO: Request received via GET, no content type specified
2026-09-28 20:56:49.739 - INFO: Processing command "clear-cache": clear the cache (unpinned elements only)
2026-09-28 20:56:49.757 - INFO: 
2026-09-28 20:56:49.757 - INFO: Request received via POST, content type "application/x-www-form-urlencoded"
2026-09-28 20:56:49.757 - INFO: Processing the following SPARQL query:
# Tier H — size-sweep
# Goal: isolate export cost from query-planning cost. Raise the year bound
# across runs, for example 1970, 1990, 2010, and 2023.
PREFIX dblp: <https://dblp.org/rdf/schema#>

CONSTRUCT { ?s ?p ?o }
WHERE {
  ?s a dblp:Publication ;
     dblp:yearOfPublication ?year ;
     ?p ?o .
  FILTER(?year <= "1970"^^<http://www.w3.org/2001/XMLSchema#gYear>)
}

2026-09-28 20:56:49.757 - INFO: Requested media types of the result are: "text/turtle"
2026-09-28 20:56:49.758 - INFO: Query planning done in 1 ms
2026-09-28 20:56:49.783 - INFO: Result has unknown size (not computed yet)
2026-09-28 20:56:50.394 - INFO: Done processing query and sending result, total time was 636 ms
2026-09-28 20:56:50.413 - INFO: 
2026-09-28 20:56:50.413 - INFO: Request received via GET, no content type specified
2026-09-28 20:56:50.413 - INFO: Processing command "clear-cache": clear the cache (unpinned elements only)
2026-09-28 20:56:50.431 - INFO: 
2026-09-28 20:56:50.431 - INFO: Request received via POST, content type "application/x-www-form-urlencoded"
2026-09-28 20:56:50.431 - INFO: Processing the following SPARQL query:
# Tier H — size-sweep
# Goal: isolate export cost from query-planning cost. Raise the year bound
# across runs, for example 1970, 1990, 2010, and 2023.
PREFIX dblp: <https://dblp.org/rdf/schema#>

CONSTRUCT { ?s ?p ?o }
WHERE {
  ?s a dblp:Publication ;
     dblp:yearOfPublication ?year ;
     ?p ?o .
  FILTER(?year <= "1970"^^<http://www.w3.org/2001/XMLSchema#gYear>)
}

2026-09-28 20:56:50.431 - INFO: Requested media types of the result are: "text/turtle"
2026-09-28 20:56:50.432 - INFO: Query planning done in 1 ms
2026-09-28 20:56:50.455 - INFO: Result has unknown size (not computed yet)
2026-09-28 20:56:51.106 - INFO: Done processing query and sending result, total time was 675 ms
2026-09-28 20:56:51.125 - INFO: 
2026-09-28 20:56:51.125 - INFO: Request received via GET, no content type specified
2026-09-28 20:56:51.125 - INFO: Processing command "clear-cache": clear the cache (unpinned elements only)
2026-09-28 20:56:51.143 - INFO: 
2026-09-28 20:56:51.143 - INFO: Request received via POST, content type "application/x-www-form-urlencoded"
2026-09-28 20:56:51.143 - INFO: Processing the following SPARQL query:
# Tier H — size-sweep
# Goal: isolate export cost from query-planning cost. Raise the year bound
# across runs, for example 1970, 1990, 2010, and 2023.
PREFIX dblp: <https://dblp.org/rdf/schema#>

CONSTRUCT { ?s ?p ?o }
WHERE {
  ?s a dblp:Publication ;
     dblp:yearOfPublication ?year ;
     ?p ?o .
  FILTER(?year <= "1970"^^<http://www.w3.org/2001/XMLSchema#gYear>)
}

2026-09-28 20:56:51.143 - INFO: Requested media types of the result are: "text/turtle"
2026-09-28 20:56:51.144 - INFO: Query planning done in 1 ms
2026-09-28 20:56:51.168 - INFO: Result has unknown size (not computed yet)
2026-09-28 20:56:51.815 - INFO: Done processing query and sending result, total time was 672 ms
2026-09-28 20:56:51.834 - INFO: 
2026-09-28 20:56:51.834 - INFO: Request received via GET, no content type specified
2026-09-28 20:56:51.834 - INFO: Processing command "clear-cache": clear the cache (unpinned elements only)
2026-09-28 20:56:51.852 - INFO: 
2026-09-28 20:56:51.852 - INFO: Request received via POST, content type "application/x-www-form-urlencoded"
2026-09-28 20:56:51.853 - INFO: Processing the following SPARQL query:
# Tier H — size-sweep
# Goal: isolate export cost from query-planning cost. Raise the year bound
# across runs, for example 1970, 1990, 2010, and 2023.
PREFIX dblp: <https://dblp.org/rdf/schema#>

CONSTRUCT { ?s ?p ?o }
WHERE {
  ?s a dblp:Publication ;
     dblp:yearOfPublication ?year ;
     ?p ?o .
  FILTER(?year <= "1970"^^<http://www.w3.org/2001/XMLSchema#gYear>)
}

2026-09-28 20:56:51.853 - INFO: Requested media types of the result are: "text/turtle"
2026-09-28 20:56:51.854 - INFO: Query planning done in 1 ms
2026-09-28 20:56:51.877 - INFO: Result has unknown size (not computed yet)
2026-09-28 20:56:52.468 - INFO: Done processing query and sending result, total time was 615 ms
2026-09-28 20:56:52.487 - INFO: 
2026-09-28 20:56:52.487 - INFO: Request received via GET, no content type specified
2026-09-28 20:56:52.487 - INFO: Processing command "clear-cache": clear the cache (unpinned elements only)
2026-09-28 20:56:52.505 - INFO: 
2026-09-28 20:56:52.505 - INFO: Request received via POST, content type "application/x-www-form-urlencoded"
2026-09-28 20:56:52.505 - INFO: Processing the following SPARQL query:
# Tier H — size-sweep
# Goal: isolate export cost from query-planning cost. Raise the year bound
# across runs, for example 1970, 1990, 2010, and 2023.
PREFIX dblp: <https://dblp.org/rdf/schema#>

CONSTRUCT { ?s ?p ?o }
WHERE {
  ?s a dblp:Publication ;
     dblp:yearOfPublication ?year ;
     ?p ?o .
  FILTER(?year <= "1970"^^<http://www.w3.org/2001/XMLSchema#gYear>)
}

2026-09-28 20:56:52.505 - INFO: Requested media types of the result are: "text/turtle"
2026-09-28 20:56:52.506 - INFO: Query planning done in 1 ms
2026-09-28 20:56:52.530 - INFO: Result has unknown size (not computed yet)
2026-09-28 20:56:53.177 - INFO: Done processing query and sending result, total time was 671 ms
2026-09-28 20:56:53.196 - INFO: 
2026-09-28 20:56:53.196 - INFO: Request received via GET, no content type specified
2026-09-28 20:56:53.196 - INFO: Processing command "clear-cache": clear the cache (unpinned elements only)
2026-09-28 20:56:53.214 - INFO: 
2026-09-28 20:56:53.214 - INFO: Request received via POST, content type "application/x-www-form-urlencoded"
2026-09-28 20:56:53.214 - INFO: Processing the following SPARQL query:
# Tier H — size-sweep
# Goal: isolate export cost from query-planning cost. Raise the year bound
# across runs, for example 1970, 1990, 2010, and 2023.
PREFIX dblp: <https://dblp.org/rdf/schema#>

CONSTRUCT { ?s ?p ?o }
WHERE {
  ?s a dblp:Publication ;
     dblp:yearOfPublication ?year ;
     ?p ?o .
  FILTER(?year <= "1970"^^<http://www.w3.org/2001/XMLSchema#gYear>)
}

2026-09-28 20:56:53.214 - INFO: Requested media types of the result are: "text/turtle"
2026-09-28 20:56:53.216 - INFO: Query planning done in 1 ms
2026-09-28 20:56:53.239 - INFO: Result has unknown size (not computed yet)
2026-09-28 20:56:53.891 - INFO: Done processing query and sending result, total time was 676 ms
2026-09-28 20:56:53.909 - INFO: 
2026-09-28 20:56:53.909 - INFO: Request received via GET, no content type specified
2026-09-28 20:56:53.909 - INFO: Processing command "clear-cache": clear the cache (unpinned elements only)
2026-09-28 20:56:53.927 - INFO: 
2026-09-28 20:56:53.927 - INFO: Request received via POST, content type "application/x-www-form-urlencoded"
2026-09-28 20:56:53.928 - INFO: Processing the following SPARQL query:
# Tier H — size-sweep
# Goal: isolate export cost from query-planning cost. Raise the year bound
# across runs, for example 1970, 1990, 2010, and 2023.
PREFIX dblp: <https://dblp.org/rdf/schema#>

CONSTRUCT { ?s ?p ?o }
WHERE {
  ?s a dblp:Publication ;
     dblp:yearOfPublication ?year ;
     ?p ?o .
  FILTER(?year <= "1970"^^<http://www.w3.org/2001/XMLSchema#gYear>)
}

2026-09-28 20:56:53.928 - INFO: Requested media types of the result are: "text/turtle"
2026-09-28 20:56:53.929 - INFO: Query planning done in 1 ms
2026-09-28 20:56:53.952 - INFO: Result has unknown size (not computed yet)
2026-09-28 20:56:54.543 - INFO: Done processing query and sending result, total time was 615 ms
2026-09-28 20:56:54.562 - INFO: 
2026-09-28 20:56:54.562 - INFO: Request received via GET, no content type specified
2026-09-28 20:56:54.562 - INFO: Processing command "clear-cache": clear the cache (unpinned elements only)
2026-09-28 20:56:54.580 - INFO: 
2026-09-28 20:56:54.580 - INFO: Request received via POST, content type "application/x-www-form-urlencoded"
2026-09-28 20:56:54.581 - INFO: Processing the following SPARQL query:
# Tier H — size-sweep
# Goal: isolate export cost from query-planning cost. Raise the year bound
# across runs, for example 1970, 1990, 2010, and 2023.
PREFIX dblp: <https://dblp.org/rdf/schema#>

CONSTRUCT { ?s ?p ?o }
WHERE {
  ?s a dblp:Publication ;
     dblp:yearOfPublication ?year ;
     ?p ?o .
  FILTER(?year <= "1970"^^<http://www.w3.org/2001/XMLSchema#gYear>)
}

2026-09-28 20:56:54.581 - INFO: Requested media types of the result are: "text/turtle"
2026-09-28 20:56:54.582 - INFO: Query planning done in 1 ms
2026-09-28 20:56:54.605 - INFO: Result has unknown size (not computed yet)
2026-09-28 20:56:55.248 - INFO: Done processing query and sending result, total time was 667 ms
2026-09-28 20:56:55.267 - INFO: 
2026-09-28 20:56:55.267 - INFO: Request received via GET, no content type specified
2026-09-28 20:56:55.267 - INFO: Processing command "clear-cache": clear the cache (unpinned elements only)
2026-09-28 20:56:55.285 - INFO: 
2026-09-28 20:56:55.285 - INFO: Request received via POST, content type "application/x-www-form-urlencoded"
2026-09-28 20:56:55.285 - INFO: Processing the following SPARQL query:
# Tier H — size-sweep
# Goal: isolate export cost from query-planning cost. Raise the year bound
# across runs, for example 1970, 1990, 2010, and 2023.
PREFIX dblp: <https://dblp.org/rdf/schema#>

CONSTRUCT { ?s ?p ?o }
WHERE {
  ?s a dblp:Publication ;
     dblp:yearOfPublication ?year ;
     ?p ?o .
  FILTER(?year <= "1970"^^<http://www.w3.org/2001/XMLSchema#gYear>)
}

2026-09-28 20:56:55.285 - INFO: Requested media types of the result are: "text/turtle"
2026-09-28 20:56:55.286 - INFO: Query planning done in 1 ms
2026-09-28 20:56:55.309 - INFO: Result has unknown size (not computed yet)
2026-09-28 20:56:55.960 - INFO: Done processing query and sending result, total time was 674 ms
2026-09-28 20:56:55.979 - INFO: 
2026-09-28 20:56:55.979 - INFO: Request received via GET, no content type specified
2026-09-28 20:56:55.979 - INFO: Processing command "clear-cache": clear the cache (unpinned elements only)
2026-09-28 20:56:55.997 - INFO: 
2026-09-28 20:56:55.997 - INFO: Request received via POST, content type "application/x-www-form-urlencoded"
2026-09-28 20:56:55.997 - INFO: Processing the following SPARQL query:
# Tier H — size-sweep
# Goal: isolate export cost from query-planning cost. Raise the year bound
# across runs, for example 1970, 1990, 2010, and 2023.
PREFIX dblp: <https://dblp.org/rdf/schema#>

CONSTRUCT { ?s ?p ?o }
WHERE {
  ?s a dblp:Publication ;
     dblp:yearOfPublication ?year ;
     ?p ?o .
  FILTER(?year <= "1970"^^<http://www.w3.org/2001/XMLSchema#gYear>)
}

2026-09-28 20:56:55.997 - INFO: Requested media types of the result are: "text/turtle"
2026-09-28 20:56:55.998 - INFO: Query planning done in 1 ms
2026-09-28 20:56:56.016 - INFO: Result has unknown size (not computed yet)
2026-09-28 20:56:56.589 - INFO: Done processing query and sending result, total time was 592 ms
2026-09-28 20:56:56.608 - INFO: 
2026-09-28 20:56:56.608 - INFO: Request received via GET, no content type specified
2026-09-28 20:56:56.608 - INFO: Processing command "clear-cache": clear the cache (unpinned elements only)
2026-09-28 20:56:56.626 - INFO: 
2026-09-28 20:56:56.626 - INFO: Request received via POST, content type "application/x-www-form-urlencoded"
2026-09-28 20:56:56.626 - INFO: Processing the following SPARQL query:
# Tier H — size-sweep
# Goal: isolate export cost from query-planning cost. Raise the year bound
# across runs, for example 1970, 1990, 2010, and 2023.
PREFIX dblp: <https://dblp.org/rdf/schema#>

CONSTRUCT { ?s ?p ?o }
WHERE {
  ?s a dblp:Publication ;
     dblp:yearOfPublication ?year ;
     ?p ?o .
  FILTER(?year <= "1970"^^<http://www.w3.org/2001/XMLSchema#gYear>)
}

2026-09-28 20:56:56.626 - INFO: Requested media types of the result are: "text/turtle"
2026-09-28 20:56:56.627 - INFO: Query planning done in 1 ms
2026-09-28 20:56:56.645 - INFO: Result has unknown size (not computed yet)
2026-09-28 20:56:57.217 - INFO: Done processing query and sending result, total time was 591 ms
2026-09-28 20:56:57.236 - INFO: 
2026-09-28 20:56:57.236 - INFO: Request received via GET, no content type specified
2026-09-28 20:56:57.236 - INFO: Processing command "clear-cache": clear the cache (unpinned elements only)
2026-09-28 20:56:57.262 - INFO: 
2026-09-28 20:56:57.262 - INFO: Request received via POST, content type "application/x-www-form-urlencoded"
2026-09-28 20:56:57.262 - INFO: Processing the following SPARQL query:
# Tier H — size-sweep
# Goal: isolate export cost from query-planning cost. Raise the year bound
# across runs, for example 1970, 1990, 2010, and 2023.
PREFIX dblp: <https://dblp.org/rdf/schema#>

CONSTRUCT { ?s ?p ?o }
WHERE {
  ?s a dblp:Publication ;
     dblp:yearOfPublication ?year ;
     ?p ?o .
  FILTER(?year <= "1970"^^<http://www.w3.org/2001/XMLSchema#gYear>)
}

2026-09-28 20:56:57.262 - INFO: Requested media types of the result are: "text/turtle"
2026-09-28 20:56:57.263 - INFO: Query planning done in 1 ms
2026-09-28 20:56:57.282 - INFO: Result has unknown size (not computed yet)
2026-09-28 20:56:57.860 - INFO: Done processing query and sending result, total time was 598 ms
2026-09-28 20:58:10.578 - INFO: 
2026-09-28 20:58:10.578 - INFO: Request received via GET, no content type specified
2026-09-28 20:58:10.578 - INFO: Processing command "clear-cache": clear the cache (unpinned elements only)
2026-09-28 20:58:10.596 - INFO: 
2026-09-28 20:58:10.596 - INFO: Request received via POST, content type "application/x-www-form-urlencoded"
2026-09-28 20:58:10.596 - INFO: Processing the following SPARQL query:
# Tier H — size-sweep
# Goal: isolate export cost from query-planning cost. Raise the year bound
# across runs, for example 1970, 1990, 2010, and 2023.
PREFIX dblp: <https://dblp.org/rdf/schema#>

CONSTRUCT { ?s ?p ?o }
WHERE {
  ?s a dblp:Publication ;
     dblp:yearOfPublication ?year ;
     ?p ?o .
  FILTER(?year <= "1970"^^<http://www.w3.org/2001/XMLSchema#gYear>)
}

2026-09-28 20:58:10.596 - INFO: Requested media types of the result are: "text/turtle"
2026-09-28 20:58:10.597 - INFO: Query planning done in 1 ms
2026-09-28 20:58:10.616 - INFO: Result has unknown size (not computed yet)
2026-09-28 20:58:11.190 - INFO: Done processing query and sending result, total time was 593 ms
2026-09-28 20:58:11.209 - INFO: 
2026-09-28 20:58:11.209 - INFO: Request received via GET, no content type specified
2026-09-28 20:58:11.209 - INFO: Processing command "clear-cache": clear the cache (unpinned elements only)
2026-09-28 20:58:11.227 - INFO: 
2026-09-28 20:58:11.227 - INFO: Request received via POST, content type "application/x-www-form-urlencoded"
2026-09-28 20:58:11.227 - INFO: Processing the following SPARQL query:
# Tier H — size-sweep
# Goal: isolate export cost from query-planning cost. Raise the year bound
# across runs, for example 1970, 1990, 2010, and 2023.
PREFIX dblp: <https://dblp.org/rdf/schema#>

CONSTRUCT { ?s ?p ?o }
WHERE {
  ?s a dblp:Publication ;
     dblp:yearOfPublication ?year ;
     ?p ?o .
  FILTER(?year <= "1970"^^<http://www.w3.org/2001/XMLSchema#gYear>)
}

2026-09-28 20:58:11.227 - INFO: Requested media types of the result are: "text/turtle"
2026-09-28 20:58:11.228 - INFO: Query planning done in 1 ms
2026-09-28 20:58:11.247 - INFO: Result has unknown size (not computed yet)
2026-09-28 20:58:11.814 - INFO: Done processing query and sending result, total time was 586 ms
2026-09-28 20:58:11.832 - INFO: 
2026-09-28 20:58:11.832 - INFO: Request received via GET, no content type specified
2026-09-28 20:58:11.832 - INFO: Processing command "clear-cache": clear the cache (unpinned elements only)
2026-09-28 20:58:11.850 - INFO: 
2026-09-28 20:58:11.850 - INFO: Request received via POST, content type "application/x-www-form-urlencoded"
2026-09-28 20:58:11.851 - INFO: Processing the following SPARQL query:
# Tier H — size-sweep
# Goal: isolate export cost from query-planning cost. Raise the year bound
# across runs, for example 1970, 1990, 2010, and 2023.
PREFIX dblp: <https://dblp.org/rdf/schema#>

CONSTRUCT { ?s ?p ?o }
WHERE {
  ?s a dblp:Publication ;
     dblp:yearOfPublication ?year ;
     ?p ?o .
  FILTER(?year <= "1970"^^<http://www.w3.org/2001/XMLSchema#gYear>)
}

2026-09-28 20:58:11.851 - INFO: Requested media types of the result are: "text/turtle"
2026-09-28 20:58:11.852 - INFO: Query planning done in 1 ms
2026-09-28 20:58:11.877 - INFO: Result has unknown size (not computed yet)
2026-09-28 20:58:12.530 - INFO: Done processing query and sending result, total time was 679 ms
2026-09-28 20:58:12.549 - INFO: 
2026-09-28 20:58:12.549 - INFO: Request received via GET, no content type specified
2026-09-28 20:58:12.549 - INFO: Processing command "clear-cache": clear the cache (unpinned elements only)
2026-09-28 20:58:12.567 - INFO: 
2026-09-28 20:58:12.567 - INFO: Request received via POST, content type "application/x-www-form-urlencoded"
2026-09-28 20:58:12.567 - INFO: Processing the following SPARQL query:
# Tier H — size-sweep
# Goal: isolate export cost from query-planning cost. Raise the year bound
# across runs, for example 1970, 1990, 2010, and 2023.
PREFIX dblp: <https://dblp.org/rdf/schema#>

CONSTRUCT { ?s ?p ?o }
WHERE {
  ?s a dblp:Publication ;
     dblp:yearOfPublication ?year ;
     ?p ?o .
  FILTER(?year <= "1970"^^<http://www.w3.org/2001/XMLSchema#gYear>)
}

2026-09-28 20:58:12.567 - INFO: Requested media types of the result are: "text/turtle"
2026-09-28 20:58:12.569 - INFO: Query planning done in 1 ms
2026-09-28 20:58:12.592 - INFO: Result has unknown size (not computed yet)
2026-09-28 20:58:13.188 - INFO: Done processing query and sending result, total time was 621 ms
2026-09-28 20:58:13.208 - INFO: 
2026-09-28 20:58:13.208 - INFO: Request received via GET, no content type specified
2026-09-28 20:58:13.208 - INFO: Processing command "clear-cache": clear the cache (unpinned elements only)
2026-09-28 20:58:13.226 - INFO: 
2026-09-28 20:58:13.226 - INFO: Request received via POST, content type "application/x-www-form-urlencoded"
2026-09-28 20:58:13.226 - INFO: Processing the following SPARQL query:
# Tier H — size-sweep
# Goal: isolate export cost from query-planning cost. Raise the year bound
# across runs, for example 1970, 1990, 2010, and 2023.
PREFIX dblp: <https://dblp.org/rdf/schema#>

CONSTRUCT { ?s ?p ?o }
WHERE {
  ?s a dblp:Publication ;
     dblp:yearOfPublication ?year ;
     ?p ?o .
  FILTER(?year <= "1970"^^<http://www.w3.org/2001/XMLSchema#gYear>)
}

2026-09-28 20:58:13.226 - INFO: Requested media types of the result are: "text/turtle"
2026-09-28 20:58:13.227 - INFO: Query planning done in 1 ms
2026-09-28 20:58:13.251 - INFO: Result has unknown size (not computed yet)
2026-09-28 20:58:13.904 - INFO: Done processing query and sending result, total time was 678 ms
2026-09-28 20:58:13.923 - INFO: 
2026-09-28 20:58:13.923 - INFO: Request received via GET, no content type specified
2026-09-28 20:58:13.923 - INFO: Processing command "clear-cache": clear the cache (unpinned elements only)
2026-09-28 20:58:13.941 - INFO: 
2026-09-28 20:58:13.941 - INFO: Request received via POST, content type "application/x-www-form-urlencoded"
2026-09-28 20:58:13.941 - INFO: Processing the following SPARQL query:
# Tier H — size-sweep
# Goal: isolate export cost from query-planning cost. Raise the year bound
# across runs, for example 1970, 1990, 2010, and 2023.
PREFIX dblp: <https://dblp.org/rdf/schema#>

CONSTRUCT { ?s ?p ?o }
WHERE {
  ?s a dblp:Publication ;
     dblp:yearOfPublication ?year ;
     ?p ?o .
  FILTER(?year <= "1970"^^<http://www.w3.org/2001/XMLSchema#gYear>)
}

2026-09-28 20:58:13.941 - INFO: Requested media types of the result are: "text/turtle"
2026-09-28 20:58:13.942 - INFO: Query planning done in 1 ms
2026-09-28 20:58:13.965 - INFO: Result has unknown size (not computed yet)
2026-09-28 20:58:14.614 - INFO: Done processing query and sending result, total time was 673 ms
2026-09-28 20:58:14.633 - INFO: 
2026-09-28 20:58:14.633 - INFO: Request received via GET, no content type specified
2026-09-28 20:58:14.633 - INFO: Processing command "clear-cache": clear the cache (unpinned elements only)
2026-09-28 20:58:14.651 - INFO: 
2026-09-28 20:58:14.651 - INFO: Request received via POST, content type "application/x-www-form-urlencoded"
2026-09-28 20:58:14.651 - INFO: Processing the following SPARQL query:
# Tier H — size-sweep
# Goal: isolate export cost from query-planning cost. Raise the year bound
# across runs, for example 1970, 1990, 2010, and 2023.
PREFIX dblp: <https://dblp.org/rdf/schema#>

CONSTRUCT { ?s ?p ?o }
WHERE {
  ?s a dblp:Publication ;
     dblp:yearOfPublication ?year ;
     ?p ?o .
  FILTER(?year <= "1970"^^<http://www.w3.org/2001/XMLSchema#gYear>)
}

2026-09-28 20:58:14.651 - INFO: Requested media types of the result are: "text/turtle"
2026-09-28 20:58:14.652 - INFO: Query planning done in 1 ms
2026-09-28 20:58:14.675 - INFO: Result has unknown size (not computed yet)
2026-09-28 20:58:15.311 - INFO: Done processing query and sending result, total time was 660 ms
2026-09-28 20:58:15.330 - INFO: 
2026-09-28 20:58:15.330 - INFO: Request received via GET, no content type specified
2026-09-28 20:58:15.330 - INFO: Processing command "clear-cache": clear the cache (unpinned elements only)
2026-09-28 20:58:15.348 - INFO: 
2026-09-28 20:58:15.348 - INFO: Request received via POST, content type "application/x-www-form-urlencoded"
2026-09-28 20:58:15.348 - INFO: Processing the following SPARQL query:
# Tier H — size-sweep
# Goal: isolate export cost from query-planning cost. Raise the year bound
# across runs, for example 1970, 1990, 2010, and 2023.
PREFIX dblp: <https://dblp.org/rdf/schema#>

CONSTRUCT { ?s ?p ?o }
WHERE {
  ?s a dblp:Publication ;
     dblp:yearOfPublication ?year ;
     ?p ?o .
  FILTER(?year <= "1970"^^<http://www.w3.org/2001/XMLSchema#gYear>)
}

2026-09-28 20:58:15.348 - INFO: Requested media types of the result are: "text/turtle"
2026-09-28 20:58:15.350 - INFO: Query planning done in 1 ms
2026-09-28 20:58:15.372 - INFO: Result has unknown size (not computed yet)
2026-09-28 20:58:15.933 - INFO: Done processing query and sending result, total time was 584 ms
2026-09-28 20:58:15.951 - INFO: 
2026-09-28 20:58:15.951 - INFO: Request received via GET, no content type specified
2026-09-28 20:58:15.952 - INFO: Processing command "clear-cache": clear the cache (unpinned elements only)
2026-09-28 20:58:15.969 - INFO: 
2026-09-28 20:58:15.969 - INFO: Request received via POST, content type "application/x-www-form-urlencoded"
2026-09-28 20:58:15.970 - INFO: Processing the following SPARQL query:
# Tier H — size-sweep
# Goal: isolate export cost from query-planning cost. Raise the year bound
# across runs, for example 1970, 1990, 2010, and 2023.
PREFIX dblp: <https://dblp.org/rdf/schema#>

CONSTRUCT { ?s ?p ?o }
WHERE {
  ?s a dblp:Publication ;
     dblp:yearOfPublication ?year ;
     ?p ?o .
  FILTER(?year <= "1970"^^<http://www.w3.org/2001/XMLSchema#gYear>)
}

2026-09-28 20:58:15.970 - INFO: Requested media types of the result are: "text/turtle"
2026-09-28 20:58:15.971 - INFO: Query planning done in 1 ms
2026-09-28 20:58:15.993 - INFO: Result has unknown size (not computed yet)
2026-09-28 20:58:16.556 - INFO: Done processing query and sending result, total time was 586 ms
2026-09-28 20:58:16.574 - INFO: 
2026-09-28 20:58:16.574 - INFO: Request received via GET, no content type specified
2026-09-28 20:58:16.574 - INFO: Processing command "clear-cache": clear the cache (unpinned elements only)
2026-09-28 20:58:16.592 - INFO: 
2026-09-28 20:58:16.592 - INFO: Request received via POST, content type "application/x-www-form-urlencoded"
2026-09-28 20:58:16.593 - INFO: Processing the following SPARQL query:
# Tier H — size-sweep
# Goal: isolate export cost from query-planning cost. Raise the year bound
# across runs, for example 1970, 1990, 2010, and 2023.
PREFIX dblp: <https://dblp.org/rdf/schema#>

CONSTRUCT { ?s ?p ?o }
WHERE {
  ?s a dblp:Publication ;
     dblp:yearOfPublication ?year ;
     ?p ?o .
  FILTER(?year <= "1970"^^<http://www.w3.org/2001/XMLSchema#gYear>)
}

2026-09-28 20:58:16.593 - INFO: Requested media types of the result are: "text/turtle"
2026-09-28 20:58:16.594 - INFO: Query planning done in 1 ms
2026-09-28 20:58:16.617 - INFO: Result has unknown size (not computed yet)
2026-09-28 20:58:17.177 - INFO: Done processing query and sending result, total time was 584 ms
2026-09-28 20:58:17.196 - INFO: 
2026-09-28 20:58:17.196 - INFO: Request received via GET, no content type specified
2026-09-28 20:58:17.196 - INFO: Processing command "clear-cache": clear the cache (unpinned elements only)
2026-09-28 20:58:17.214 - INFO: 
2026-09-28 20:58:17.214 - INFO: Request received via POST, content type "application/x-www-form-urlencoded"
2026-09-28 20:58:17.215 - INFO: Processing the following SPARQL query:
# Tier H — size-sweep
# Goal: isolate export cost from query-planning cost. Raise the year bound
# across runs, for example 1970, 1990, 2010, and 2023.
PREFIX dblp: <https://dblp.org/rdf/schema#>

CONSTRUCT { ?s ?p ?o }
WHERE {
  ?s a dblp:Publication ;
     dblp:yearOfPublication ?year ;
     ?p ?o .
  FILTER(?year <= "1970"^^<http://www.w3.org/2001/XMLSchema#gYear>)
}

2026-09-28 20:58:17.215 - INFO: Requested media types of the result are: "text/turtle"
2026-09-28 20:58:17.216 - INFO: Query planning done in 1 ms
2026-09-28 20:58:17.238 - INFO: Result has unknown size (not computed yet)
2026-09-28 20:58:17.806 - INFO: Done processing query and sending result, total time was 591 ms
2026-09-28 20:58:17.825 - INFO: 
2026-09-28 20:58:17.825 - INFO: Request received via GET, no content type specified
2026-09-28 20:58:17.825 - INFO: Processing command "clear-cache": clear the cache (unpinned elements only)
2026-09-28 20:58:17.843 - INFO: 
2026-09-28 20:58:17.843 - INFO: Request received via POST, content type "application/x-www-form-urlencoded"
2026-09-28 20:58:17.843 - INFO: Processing the following SPARQL query:
# Tier H — size-sweep
# Goal: isolate export cost from query-planning cost. Raise the year bound
# across runs, for example 1970, 1990, 2010, and 2023.
PREFIX dblp: <https://dblp.org/rdf/schema#>

CONSTRUCT { ?s ?p ?o }
WHERE {
  ?s a dblp:Publication ;
     dblp:yearOfPublication ?year ;
     ?p ?o .
  FILTER(?year <= "1970"^^<http://www.w3.org/2001/XMLSchema#gYear>)
}

2026-09-28 20:58:17.843 - INFO: Requested media types of the result are: "text/turtle"
2026-09-28 20:58:17.845 - INFO: Query planning done in 1 ms
2026-09-28 20:58:17.868 - INFO: Result has unknown size (not computed yet)
2026-09-28 20:58:18.509 - INFO: Done processing query and sending result, total time was 665 ms
2026-09-28 20:58:18.528 - INFO: 
2026-09-28 20:58:18.528 - INFO: Request received via GET, no content type specified
2026-09-28 20:58:18.528 - INFO: Processing command "clear-cache": clear the cache (unpinned elements only)
2026-09-28 20:58:18.553 - INFO: 
2026-09-28 20:58:18.553 - INFO: Request received via POST, content type "application/x-www-form-urlencoded"
2026-09-28 20:58:18.554 - INFO: Processing the following SPARQL query:
# Tier H — size-sweep
# Goal: isolate export cost from query-planning cost. Raise the year bound
# across runs, for example 1970, 1990, 2010, and 2023.
PREFIX dblp: <https://dblp.org/rdf/schema#>

CONSTRUCT { ?s ?p ?o }
WHERE {
  ?s a dblp:Publication ;
     dblp:yearOfPublication ?year ;
     ?p ?o .
  FILTER(?year <= "1970"^^<http://www.w3.org/2001/XMLSchema#gYear>)
}

2026-09-28 20:58:18.554 - INFO: Requested media types of the result are: "text/turtle"
2026-09-28 20:58:18.555 - INFO: Query planning done in 1 ms
2026-09-28 20:58:18.578 - INFO: Result has unknown size (not computed yet)
2026-09-28 20:58:19.225 - INFO: Done processing query and sending result, total time was 671 ms
2026-09-28 20:58:19.548 - INFO: 
2026-09-28 20:58:19.548 - INFO: Request received via GET, no content type specified
2026-09-28 20:58:19.548 - INFO: Processing command "clear-cache": clear the cache (unpinned elements only)
2026-09-28 20:58:19.566 - INFO: 
2026-09-28 20:58:19.566 - INFO: Request received via POST, content type "application/x-www-form-urlencoded"
2026-09-28 20:58:19.567 - INFO: Processing the following SPARQL query:
# Tier H — size-sweep
# Goal: isolate export cost from query-planning cost. Raise the year bound
# across runs, for example 1970, 1990, 2010, and 2023.
PREFIX dblp: <https://dblp.org/rdf/schema#>

CONSTRUCT { ?s ?p ?o }
WHERE {
  ?s a dblp:Publication ;
     dblp:yearOfPublication ?year ;
     ?p ?o .
  FILTER(?year <= "1970"^^<http://www.w3.org/2001/XMLSchema#gYear>)
}

2026-09-28 20:58:19.567 - INFO: Requested media types of the result are: "text/turtle"
2026-09-28 20:58:19.568 - INFO: Query planning done in 1 ms
2026-09-28 20:58:19.591 - INFO: Result has unknown size (not computed yet)
2026-09-28 20:58:20.185 - INFO: Done processing query and sending result, total time was 618 ms
2026-09-28 20:58:20.203 - INFO: 
2026-09-28 20:58:20.203 - INFO: Request received via GET, no content type specified
2026-09-28 20:58:20.203 - INFO: Processing command "clear-cache": clear the cache (unpinned elements only)
2026-09-28 20:58:20.221 - INFO: 
2026-09-28 20:58:20.221 - INFO: Request received via POST, content type "application/x-www-form-urlencoded"
2026-09-28 20:58:20.222 - INFO: Processing the following SPARQL query:
# Tier H — size-sweep
# Goal: isolate export cost from query-planning cost. Raise the year bound
# across runs, for example 1970, 1990, 2010, and 2023.
PREFIX dblp: <https://dblp.org/rdf/schema#>

CONSTRUCT { ?s ?p ?o }
WHERE {
  ?s a dblp:Publication ;
     dblp:yearOfPublication ?year ;
     ?p ?o .
  FILTER(?year <= "1970"^^<http://www.w3.org/2001/XMLSchema#gYear>)
}

2026-09-28 20:58:20.222 - INFO: Requested media types of the result are: "text/turtle"
2026-09-28 20:58:20.223 - INFO: Query planning done in 1 ms
2026-09-28 20:58:20.247 - INFO: Result has unknown size (not computed yet)
2026-09-28 20:58:20.895 - INFO: Done processing query and sending result, total time was 673 ms
2026-09-28 20:58:20.914 - INFO: 
2026-09-28 20:58:20.914 - INFO: Request received via GET, no content type specified
2026-09-28 20:58:20.914 - INFO: Processing command "clear-cache": clear the cache (unpinned elements only)
2026-09-28 20:58:20.932 - INFO: 
2026-09-28 20:58:20.932 - INFO: Request received via POST, content type "application/x-www-form-urlencoded"
2026-09-28 20:58:20.932 - INFO: Processing the following SPARQL query:
# Tier H — size-sweep
# Goal: isolate export cost from query-planning cost. Raise the year bound
# across runs, for example 1970, 1990, 2010, and 2023.
PREFIX dblp: <https://dblp.org/rdf/schema#>

CONSTRUCT { ?s ?p ?o }
WHERE {
  ?s a dblp:Publication ;
     dblp:yearOfPublication ?year ;
     ?p ?o .
  FILTER(?year <= "1970"^^<http://www.w3.org/2001/XMLSchema#gYear>)
}

2026-09-28 20:58:20.932 - INFO: Requested media types of the result are: "text/turtle"
2026-09-28 20:58:20.933 - INFO: Query planning done in 1 ms
2026-09-28 20:58:20.957 - INFO: Result has unknown size (not computed yet)
2026-09-28 20:58:21.545 - INFO: Done processing query and sending result, total time was 613 ms
2026-09-28 20:58:21.564 - INFO: 
2026-09-28 20:58:21.564 - INFO: Request received via GET, no content type specified
2026-09-28 20:58:21.564 - INFO: Processing command "clear-cache": clear the cache (unpinned elements only)
2026-09-28 20:58:21.582 - INFO: 
2026-09-28 20:58:21.582 - INFO: Request received via POST, content type "application/x-www-form-urlencoded"
2026-09-28 20:58:21.583 - INFO: Processing the following SPARQL query:
# Tier H — size-sweep
# Goal: isolate export cost from query-planning cost. Raise the year bound
# across runs, for example 1970, 1990, 2010, and 2023.
PREFIX dblp: <https://dblp.org/rdf/schema#>

CONSTRUCT { ?s ?p ?o }
WHERE {
  ?s a dblp:Publication ;
     dblp:yearOfPublication ?year ;
     ?p ?o .
  FILTER(?year <= "1970"^^<http://www.w3.org/2001/XMLSchema#gYear>)
}

2026-09-28 20:58:21.583 - INFO: Requested media types of the result are: "text/turtle"
2026-09-28 20:58:21.584 - INFO: Query planning done in 1 ms
2026-09-28 20:58:21.607 - INFO: Result has unknown size (not computed yet)
2026-09-28 20:58:22.202 - INFO: Done processing query and sending result, total time was 619 ms
2026-09-28 20:58:22.221 - INFO: 
2026-09-28 20:58:22.221 - INFO: Request received via GET, no content type specified
2026-09-28 20:58:22.221 - INFO: Processing command "clear-cache": clear the cache (unpinned elements only)
2026-09-28 20:58:22.239 - INFO: 
2026-09-28 20:58:22.239 - INFO: Request received via POST, content type "application/x-www-form-urlencoded"
2026-09-28 20:58:22.239 - INFO: Processing the following SPARQL query:
# Tier H — size-sweep
# Goal: isolate export cost from query-planning cost. Raise the year bound
# across runs, for example 1970, 1990, 2010, and 2023.
PREFIX dblp: <https://dblp.org/rdf/schema#>

CONSTRUCT { ?s ?p ?o }
WHERE {
  ?s a dblp:Publication ;
     dblp:yearOfPublication ?year ;
     ?p ?o .
  FILTER(?year <= "1970"^^<http://www.w3.org/2001/XMLSchema#gYear>)
}

2026-09-28 20:58:22.239 - INFO: Requested media types of the result are: "text/turtle"
2026-09-28 20:58:22.240 - INFO: Query planning done in 1 ms
2026-09-28 20:58:22.264 - INFO: Result has unknown size (not computed yet)
2026-09-28 20:58:22.862 - INFO: Done processing query and sending result, total time was 623 ms
2026-09-28 20:58:22.881 - INFO: 
2026-09-28 20:58:22.881 - INFO: Request received via GET, no content type specified
2026-09-28 20:58:22.881 - INFO: Processing command "clear-cache": clear the cache (unpinned elements only)
2026-09-28 20:58:22.899 - INFO: 
2026-09-28 20:58:22.899 - INFO: Request received via POST, content type "application/x-www-form-urlencoded"
2026-09-28 20:58:22.899 - INFO: Processing the following SPARQL query:
# Tier H — size-sweep
# Goal: isolate export cost from query-planning cost. Raise the year bound
# across runs, for example 1970, 1990, 2010, and 2023.
PREFIX dblp: <https://dblp.org/rdf/schema#>

CONSTRUCT { ?s ?p ?o }
WHERE {
  ?s a dblp:Publication ;
     dblp:yearOfPublication ?year ;
     ?p ?o .
  FILTER(?year <= "1970"^^<http://www.w3.org/2001/XMLSchema#gYear>)
}

2026-09-28 20:58:22.899 - INFO: Requested media types of the result are: "text/turtle"
2026-09-28 20:58:22.900 - INFO: Query planning done in 1 ms
2026-09-28 20:58:22.923 - INFO: Result has unknown size (not computed yet)
2026-09-28 20:58:23.580 - INFO: Done processing query and sending result, total time was 681 ms
2026-09-28 20:58:23.599 - INFO: 
2026-09-28 20:58:23.599 - INFO: Request received via GET, no content type specified
2026-09-28 20:58:23.599 - INFO: Processing command "clear-cache": clear the cache (unpinned elements only)
2026-09-28 20:58:23.618 - INFO: 
2026-09-28 20:58:23.618 - INFO: Request received via POST, content type "application/x-www-form-urlencoded"
2026-09-28 20:58:23.618 - INFO: Processing the following SPARQL query:
# Tier H — size-sweep
# Goal: isolate export cost from query-planning cost. Raise the year bound
# across runs, for example 1970, 1990, 2010, and 2023.
PREFIX dblp: <https://dblp.org/rdf/schema#>

CONSTRUCT { ?s ?p ?o }
WHERE {
  ?s a dblp:Publication ;
     dblp:yearOfPublication ?year ;
     ?p ?o .
  FILTER(?year <= "1970"^^<http://www.w3.org/2001/XMLSchema#gYear>)
}

2026-09-28 20:58:23.618 - INFO: Requested media types of the result are: "text/turtle"
2026-09-28 20:58:23.619 - INFO: Query planning done in 1 ms
2026-09-28 20:58:23.643 - INFO: Result has unknown size (not computed yet)
2026-09-28 20:58:24.212 - INFO: Done processing query and sending result, total time was 594 ms
2026-09-28 20:58:24.231 - INFO: 
2026-09-28 20:58:24.231 - INFO: Request received via GET, no content type specified
2026-09-28 20:58:24.231 - INFO: Processing command "clear-cache": clear the cache (unpinned elements only)
2026-09-28 20:58:24.249 - INFO: 
2026-09-28 20:58:24.249 - INFO: Request received via POST, content type "application/x-www-form-urlencoded"
2026-09-28 20:58:24.249 - INFO: Processing the following SPARQL query:
# Tier H — size-sweep
# Goal: isolate export cost from query-planning cost. Raise the year bound
# across runs, for example 1970, 1990, 2010, and 2023.
PREFIX dblp: <https://dblp.org/rdf/schema#>

CONSTRUCT { ?s ?p ?o }
WHERE {
  ?s a dblp:Publication ;
     dblp:yearOfPublication ?year ;
     ?p ?o .
  FILTER(?year <= "1970"^^<http://www.w3.org/2001/XMLSchema#gYear>)
}

2026-09-28 20:58:24.249 - INFO: Requested media types of the result are: "text/turtle"
2026-09-28 20:58:24.250 - INFO: Query planning done in 1 ms
2026-09-28 20:58:24.273 - INFO: Result has unknown size (not computed yet)
2026-09-28 20:58:24.923 - INFO: Done processing query and sending result, total time was 673 ms
2026-09-28 20:58:24.942 - INFO: 
2026-09-28 20:58:24.942 - INFO: Request received via GET, no content type specified
2026-09-28 20:58:24.942 - INFO: Processing command "clear-cache": clear the cache (unpinned elements only)
2026-09-28 20:58:24.960 - INFO: 
2026-09-28 20:58:24.960 - INFO: Request received via POST, content type "application/x-www-form-urlencoded"
2026-09-28 20:58:24.960 - INFO: Processing the following SPARQL query:
# Tier H — size-sweep
# Goal: isolate export cost from query-planning cost. Raise the year bound
# across runs, for example 1970, 1990, 2010, and 2023.
PREFIX dblp: <https://dblp.org/rdf/schema#>

CONSTRUCT { ?s ?p ?o }
WHERE {
  ?s a dblp:Publication ;
     dblp:yearOfPublication ?year ;
     ?p ?o .
  FILTER(?year <= "1970"^^<http://www.w3.org/2001/XMLSchema#gYear>)
}

2026-09-28 20:58:24.960 - INFO: Requested media types of the result are: "text/turtle"
2026-09-28 20:58:24.961 - INFO: Query planning done in 1 ms
2026-09-28 20:58:24.984 - INFO: Result has unknown size (not computed yet)
2026-09-28 20:58:25.628 - INFO: Done processing query and sending result, total time was 667 ms
2026-09-28 20:58:25.647 - INFO: 
2026-09-28 20:58:25.647 - INFO: Request received via GET, no content type specified
2026-09-28 20:58:25.647 - INFO: Processing command "clear-cache": clear the cache (unpinned elements only)
2026-09-28 20:58:25.665 - INFO: 
2026-09-28 20:58:25.665 - INFO: Request received via POST, content type "application/x-www-form-urlencoded"
2026-09-28 20:58:25.665 - INFO: Processing the following SPARQL query:
# Tier H — size-sweep
# Goal: isolate export cost from query-planning cost. Raise the year bound
# across runs, for example 1970, 1990, 2010, and 2023.
PREFIX dblp: <https://dblp.org/rdf/schema#>

CONSTRUCT { ?s ?p ?o }
WHERE {
  ?s a dblp:Publication ;
     dblp:yearOfPublication ?year ;
     ?p ?o .
  FILTER(?year <= "1970"^^<http://www.w3.org/2001/XMLSchema#gYear>)
}

2026-09-28 20:58:25.665 - INFO: Requested media types of the result are: "text/turtle"
2026-09-28 20:58:25.666 - INFO: Query planning done in 1 ms
2026-09-28 20:58:25.689 - INFO: Result has unknown size (not computed yet)
2026-09-28 20:58:26.335 - INFO: Done processing query and sending result, total time was 670 ms
2026-09-28 20:58:26.353 - INFO: 
2026-09-28 20:58:26.353 - INFO: Request received via GET, no content type specified
2026-09-28 20:58:26.353 - INFO: Processing command "clear-cache": clear the cache (unpinned elements only)
2026-09-28 20:58:26.371 - INFO: 
2026-09-28 20:58:26.371 - INFO: Request received via POST, content type "application/x-www-form-urlencoded"
2026-09-28 20:58:26.372 - INFO: Processing the following SPARQL query:
# Tier H — size-sweep
# Goal: isolate export cost from query-planning cost. Raise the year bound
# across runs, for example 1970, 1990, 2010, and 2023.
PREFIX dblp: <https://dblp.org/rdf/schema#>

CONSTRUCT { ?s ?p ?o }
WHERE {
  ?s a dblp:Publication ;
     dblp:yearOfPublication ?year ;
     ?p ?o .
  FILTER(?year <= "1970"^^<http://www.w3.org/2001/XMLSchema#gYear>)
}

2026-09-28 20:58:26.372 - INFO: Requested media types of the result are: "text/turtle"
2026-09-28 20:58:26.373 - INFO: Query planning done in 1 ms
2026-09-28 20:58:26.396 - INFO: Result has unknown size (not computed yet)
2026-09-28 20:58:27.031 - INFO: Done processing query and sending result, total time was 659 ms
2026-09-28 20:58:27.049 - INFO: 
2026-09-28 20:58:27.049 - INFO: Request received via GET, no content type specified
2026-09-28 20:58:27.049 - INFO: Processing command "clear-cache": clear the cache (unpinned elements only)
2026-09-28 20:58:27.067 - INFO: 
2026-09-28 20:58:27.067 - INFO: Request received via POST, content type "application/x-www-form-urlencoded"
2026-09-28 20:58:27.068 - INFO: Processing the following SPARQL query:
# Tier H — size-sweep
# Goal: isolate export cost from query-planning cost. Raise the year bound
# across runs, for example 1970, 1990, 2010, and 2023.
PREFIX dblp: <https://dblp.org/rdf/schema#>

CONSTRUCT { ?s ?p ?o }
WHERE {
  ?s a dblp:Publication ;
     dblp:yearOfPublication ?year ;
     ?p ?o .
  FILTER(?year <= "1970"^^<http://www.w3.org/2001/XMLSchema#gYear>)
}

2026-09-28 20:58:27.068 - INFO: Requested media types of the result are: "text/turtle"
2026-09-28 20:58:27.069 - INFO: Query planning done in 1 ms
2026-09-28 20:58:27.091 - INFO: Result has unknown size (not computed yet)
2026-09-28 20:58:27.652 - INFO: Done processing query and sending result, total time was 585 ms
2026-09-28 20:58:27.671 - INFO: 
2026-09-28 20:58:27.671 - INFO: Request received via GET, no content type specified
2026-09-28 20:58:27.671 - INFO: Processing command "clear-cache": clear the cache (unpinned elements only)
2026-09-28 20:58:27.697 - INFO: 
2026-09-28 20:58:27.697 - INFO: Request received via POST, content type "application/x-www-form-urlencoded"
2026-09-28 20:58:27.697 - INFO: Processing the following SPARQL query:
# Tier H — size-sweep
# Goal: isolate export cost from query-planning cost. Raise the year bound
# across runs, for example 1970, 1990, 2010, and 2023.
PREFIX dblp: <https://dblp.org/rdf/schema#>

CONSTRUCT { ?s ?p ?o }
WHERE {
  ?s a dblp:Publication ;
     dblp:yearOfPublication ?year ;
     ?p ?o .
  FILTER(?year <= "1970"^^<http://www.w3.org/2001/XMLSchema#gYear>)
}

2026-09-28 20:58:27.697 - INFO: Requested media types of the result are: "text/turtle"
2026-09-28 20:58:27.698 - INFO: Query planning done in 1 ms
2026-09-28 20:58:27.721 - INFO: Result has unknown size (not computed yet)
2026-09-28 20:58:28.369 - INFO: Done processing query and sending result, total time was 672 ms
2026-09-28 20:59:40.569 - INFO: 
2026-09-28 20:59:40.569 - INFO: Request received via GET, no content type specified
2026-09-28 20:59:40.569 - INFO: Processing command "clear-cache": clear the cache (unpinned elements only)
2026-09-28 20:59:40.587 - INFO: 
2026-09-28 20:59:40.587 - INFO: Request received via POST, content type "application/x-www-form-urlencoded"
2026-09-28 20:59:40.587 - INFO: Processing the following SPARQL query:
# Tier H — size-sweep
# Goal: isolate export cost from query-planning cost. Raise the year bound
# across runs, for example 1970, 1990, 2010, and 2023.
PREFIX dblp: <https://dblp.org/rdf/schema#>

CONSTRUCT { ?s ?p ?o }
WHERE {
  ?s a dblp:Publication ;
     dblp:yearOfPublication ?year ;
     ?p ?o .
  FILTER(?year <= "1970"^^<http://www.w3.org/2001/XMLSchema#gYear>)
}

2026-09-28 20:59:40.587 - INFO: Requested media types of the result are: "text/turtle"
2026-09-28 20:59:40.588 - INFO: Query planning done in 1 ms
2026-09-28 20:59:40.612 - INFO: Result has unknown size (not computed yet)
2026-09-28 20:59:41.263 - INFO: Done processing query and sending result, total time was 676 ms
2026-09-28 20:59:41.283 - INFO: 
2026-09-28 20:59:41.283 - INFO: Request received via GET, no content type specified
2026-09-28 20:59:41.283 - INFO: Processing command "clear-cache": clear the cache (unpinned elements only)
2026-09-28 20:59:41.301 - INFO: 
2026-09-28 20:59:41.301 - INFO: Request received via POST, content type "application/x-www-form-urlencoded"
2026-09-28 20:59:41.301 - INFO: Processing the following SPARQL query:
# Tier H — size-sweep
# Goal: isolate export cost from query-planning cost. Raise the year bound
# across runs, for example 1970, 1990, 2010, and 2023.
PREFIX dblp: <https://dblp.org/rdf/schema#>

CONSTRUCT { ?s ?p ?o }
WHERE {
  ?s a dblp:Publication ;
     dblp:yearOfPublication ?year ;
     ?p ?o .
  FILTER(?year <= "1970"^^<http://www.w3.org/2001/XMLSchema#gYear>)
}

2026-09-28 20:59:41.301 - INFO: Requested media types of the result are: "text/turtle"
2026-09-28 20:59:41.302 - INFO: Query planning done in 1 ms
2026-09-28 20:59:41.326 - INFO: Result has unknown size (not computed yet)
2026-09-28 20:59:41.970 - INFO: Done processing query and sending result, total time was 669 ms
2026-09-28 20:59:41.990 - INFO: 
2026-09-28 20:59:41.990 - INFO: Request received via GET, no content type specified
2026-09-28 20:59:41.990 - INFO: Processing command "clear-cache": clear the cache (unpinned elements only)
2026-09-28 20:59:42.008 - INFO: 
2026-09-28 20:59:42.008 - INFO: Request received via POST, content type "application/x-www-form-urlencoded"
2026-09-28 20:59:42.008 - INFO: Processing the following SPARQL query:
# Tier H — size-sweep
# Goal: isolate export cost from query-planning cost. Raise the year bound
# across runs, for example 1970, 1990, 2010, and 2023.
PREFIX dblp: <https://dblp.org/rdf/schema#>

CONSTRUCT { ?s ?p ?o }
WHERE {
  ?s a dblp:Publication ;
     dblp:yearOfPublication ?year ;
     ?p ?o .
  FILTER(?year <= "1970"^^<http://www.w3.org/2001/XMLSchema#gYear>)
}

2026-09-28 20:59:42.008 - INFO: Requested media types of the result are: "text/turtle"
2026-09-28 20:59:42.009 - INFO: Query planning done in 1 ms
2026-09-28 20:59:42.032 - INFO: Result has unknown size (not computed yet)
2026-09-28 20:59:42.612 - INFO: Done processing query and sending result, total time was 604 ms
2026-09-28 20:59:42.631 - INFO: 
2026-09-28 20:59:42.631 - INFO: Request received via GET, no content type specified
2026-09-28 20:59:42.631 - INFO: Processing command "clear-cache": clear the cache (unpinned elements only)
2026-09-28 20:59:42.649 - INFO: 
2026-09-28 20:59:42.649 - INFO: Request received via POST, content type "application/x-www-form-urlencoded"
2026-09-28 20:59:42.650 - INFO: Processing the following SPARQL query:
# Tier H — size-sweep
# Goal: isolate export cost from query-planning cost. Raise the year bound
# across runs, for example 1970, 1990, 2010, and 2023.
PREFIX dblp: <https://dblp.org/rdf/schema#>

CONSTRUCT { ?s ?p ?o }
WHERE {
  ?s a dblp:Publication ;
     dblp:yearOfPublication ?year ;
     ?p ?o .
  FILTER(?year <= "1970"^^<http://www.w3.org/2001/XMLSchema#gYear>)
}

2026-09-28 20:59:42.650 - INFO: Requested media types of the result are: "text/turtle"
2026-09-28 20:59:42.651 - INFO: Query planning done in 1 ms
2026-09-28 20:59:42.673 - INFO: Result has unknown size (not computed yet)
2026-09-28 20:59:43.228 - INFO: Done processing query and sending result, total time was 578 ms
2026-09-28 20:59:43.246 - INFO: 
2026-09-28 20:59:43.246 - INFO: Request received via GET, no content type specified
2026-09-28 20:59:43.246 - INFO: Processing command "clear-cache": clear the cache (unpinned elements only)
2026-09-28 20:59:43.264 - INFO: 
2026-09-28 20:59:43.264 - INFO: Request received via POST, content type "application/x-www-form-urlencoded"
2026-09-28 20:59:43.265 - INFO: Processing the following SPARQL query:
# Tier H — size-sweep
# Goal: isolate export cost from query-planning cost. Raise the year bound
# across runs, for example 1970, 1990, 2010, and 2023.
PREFIX dblp: <https://dblp.org/rdf/schema#>

CONSTRUCT { ?s ?p ?o }
WHERE {
  ?s a dblp:Publication ;
     dblp:yearOfPublication ?year ;
     ?p ?o .
  FILTER(?year <= "1970"^^<http://www.w3.org/2001/XMLSchema#gYear>)
}

2026-09-28 20:59:43.265 - INFO: Requested media types of the result are: "text/turtle"
2026-09-28 20:59:43.266 - INFO: Query planning done in 1 ms
2026-09-28 20:59:43.291 - INFO: Result has unknown size (not computed yet)
2026-09-28 20:59:43.860 - INFO: Done processing query and sending result, total time was 595 ms
2026-09-28 20:59:43.879 - INFO: 
2026-09-28 20:59:43.879 - INFO: Request received via GET, no content type specified
2026-09-28 20:59:43.879 - INFO: Processing command "clear-cache": clear the cache (unpinned elements only)
2026-09-28 20:59:43.912 - INFO: 
2026-09-28 20:59:43.912 - INFO: Request received via POST, content type "application/x-www-form-urlencoded"
2026-09-28 20:59:43.912 - INFO: Processing the following SPARQL query:
# Tier H — size-sweep
# Goal: isolate export cost from query-planning cost. Raise the year bound
# across runs, for example 1970, 1990, 2010, and 2023.
PREFIX dblp: <https://dblp.org/rdf/schema#>

CONSTRUCT { ?s ?p ?o }
WHERE {
  ?s a dblp:Publication ;
     dblp:yearOfPublication ?year ;
     ?p ?o .
  FILTER(?year <= "1970"^^<http://www.w3.org/2001/XMLSchema#gYear>)
}

2026-09-28 20:59:43.912 - INFO: Requested media types of the result are: "text/turtle"
2026-09-28 20:59:43.913 - INFO: Query planning done in 1 ms
2026-09-28 20:59:43.938 - INFO: Result has unknown size (not computed yet)
2026-09-28 20:59:44.587 - INFO: Done processing query and sending result, total time was 675 ms
2026-09-28 20:59:44.606 - INFO: 
2026-09-28 20:59:44.606 - INFO: Request received via GET, no content type specified
2026-09-28 20:59:44.606 - INFO: Processing command "clear-cache": clear the cache (unpinned elements only)
2026-09-28 20:59:44.624 - INFO: 
2026-09-28 20:59:44.624 - INFO: Request received via POST, content type "application/x-www-form-urlencoded"
2026-09-28 20:59:44.624 - INFO: Processing the following SPARQL query:
# Tier H — size-sweep
# Goal: isolate export cost from query-planning cost. Raise the year bound
# across runs, for example 1970, 1990, 2010, and 2023.
PREFIX dblp: <https://dblp.org/rdf/schema#>

CONSTRUCT { ?s ?p ?o }
WHERE {
  ?s a dblp:Publication ;
     dblp:yearOfPublication ?year ;
     ?p ?o .
  FILTER(?year <= "1970"^^<http://www.w3.org/2001/XMLSchema#gYear>)
}

2026-09-28 20:59:44.624 - INFO: Requested media types of the result are: "text/turtle"
2026-09-28 20:59:44.625 - INFO: Query planning done in 1 ms
2026-09-28 20:59:44.648 - INFO: Result has unknown size (not computed yet)
2026-09-28 20:59:45.288 - INFO: Done processing query and sending result, total time was 663 ms
2026-09-28 20:59:45.307 - INFO: 
2026-09-28 20:59:45.307 - INFO: Request received via GET, no content type specified
2026-09-28 20:59:45.307 - INFO: Processing command "clear-cache": clear the cache (unpinned elements only)
2026-09-28 20:59:45.325 - INFO: 
2026-09-28 20:59:45.325 - INFO: Request received via POST, content type "application/x-www-form-urlencoded"
2026-09-28 20:59:45.325 - INFO: Processing the following SPARQL query:
# Tier H — size-sweep
# Goal: isolate export cost from query-planning cost. Raise the year bound
# across runs, for example 1970, 1990, 2010, and 2023.
PREFIX dblp: <https://dblp.org/rdf/schema#>

CONSTRUCT { ?s ?p ?o }
WHERE {
  ?s a dblp:Publication ;
     dblp:yearOfPublication ?year ;
     ?p ?o .
  FILTER(?year <= "1970"^^<http://www.w3.org/2001/XMLSchema#gYear>)
}

2026-09-28 20:59:45.325 - INFO: Requested media types of the result are: "text/turtle"
2026-09-28 20:59:45.326 - INFO: Query planning done in 1 ms
2026-09-28 20:59:45.350 - INFO: Result has unknown size (not computed yet)
2026-09-28 20:59:45.904 - INFO: Done processing query and sending result, total time was 578 ms
2026-09-28 20:59:45.922 - INFO: 
2026-09-28 20:59:45.922 - INFO: Request received via GET, no content type specified
2026-09-28 20:59:45.922 - INFO: Processing command "clear-cache": clear the cache (unpinned elements only)
2026-09-28 20:59:45.940 - INFO: 
2026-09-28 20:59:45.940 - INFO: Request received via POST, content type "application/x-www-form-urlencoded"
2026-09-28 20:59:45.941 - INFO: Processing the following SPARQL query:
# Tier H — size-sweep
# Goal: isolate export cost from query-planning cost. Raise the year bound
# across runs, for example 1970, 1990, 2010, and 2023.
PREFIX dblp: <https://dblp.org/rdf/schema#>

CONSTRUCT { ?s ?p ?o }
WHERE {
  ?s a dblp:Publication ;
     dblp:yearOfPublication ?year ;
     ?p ?o .
  FILTER(?year <= "1970"^^<http://www.w3.org/2001/XMLSchema#gYear>)
}

2026-09-28 20:59:45.941 - INFO: Requested media types of the result are: "text/turtle"
2026-09-28 20:59:45.942 - INFO: Query planning done in 1 ms
2026-09-28 20:59:45.964 - INFO: Result has unknown size (not computed yet)
2026-09-28 20:59:46.516 - INFO: Done processing query and sending result, total time was 575 ms
2026-09-28 20:59:46.535 - INFO: 
2026-09-28 20:59:46.535 - INFO: Request received via GET, no content type specified
2026-09-28 20:59:46.535 - INFO: Processing command "clear-cache": clear the cache (unpinned elements only)
2026-09-28 20:59:46.553 - INFO: 
2026-09-28 20:59:46.553 - INFO: Request received via POST, content type "application/x-www-form-urlencoded"
2026-09-28 20:59:46.553 - INFO: Processing the following SPARQL query:
# Tier H — size-sweep
# Goal: isolate export cost from query-planning cost. Raise the year bound
# across runs, for example 1970, 1990, 2010, and 2023.
PREFIX dblp: <https://dblp.org/rdf/schema#>

CONSTRUCT { ?s ?p ?o }
WHERE {
  ?s a dblp:Publication ;
     dblp:yearOfPublication ?year ;
     ?p ?o .
  FILTER(?year <= "1970"^^<http://www.w3.org/2001/XMLSchema#gYear>)
}

2026-09-28 20:59:46.553 - INFO: Requested media types of the result are: "text/turtle"
2026-09-28 20:59:46.554 - INFO: Query planning done in 1 ms
2026-09-28 20:59:46.576 - INFO: Result has unknown size (not computed yet)
2026-09-28 20:59:47.130 - INFO: Done processing query and sending result, total time was 576 ms
2026-09-28 20:59:47.149 - INFO: 
2026-09-28 20:59:47.149 - INFO: Request received via GET, no content type specified
2026-09-28 20:59:47.149 - INFO: Processing command "clear-cache": clear the cache (unpinned elements only)
2026-09-28 20:59:47.166 - INFO: 
2026-09-28 20:59:47.166 - INFO: Request received via POST, content type "application/x-www-form-urlencoded"
2026-09-28 20:59:47.167 - INFO: Processing the following SPARQL query:
# Tier H — size-sweep
# Goal: isolate export cost from query-planning cost. Raise the year bound
# across runs, for example 1970, 1990, 2010, and 2023.
PREFIX dblp: <https://dblp.org/rdf/schema#>

CONSTRUCT { ?s ?p ?o }
WHERE {
  ?s a dblp:Publication ;
     dblp:yearOfPublication ?year ;
     ?p ?o .
  FILTER(?year <= "1970"^^<http://www.w3.org/2001/XMLSchema#gYear>)
}

2026-09-28 20:59:47.167 - INFO: Requested media types of the result are: "text/turtle"
2026-09-28 20:59:47.168 - INFO: Query planning done in 1 ms
2026-09-28 20:59:47.190 - INFO: Result has unknown size (not computed yet)
2026-09-28 20:59:47.740 - INFO: Done processing query and sending result, total time was 573 ms
2026-09-28 20:59:47.758 - INFO: 
2026-09-28 20:59:47.758 - INFO: Request received via GET, no content type specified
2026-09-28 20:59:47.758 - INFO: Processing command "clear-cache": clear the cache (unpinned elements only)
2026-09-28 20:59:47.776 - INFO: 
2026-09-28 20:59:47.776 - INFO: Request received via POST, content type "application/x-www-form-urlencoded"
2026-09-28 20:59:47.776 - INFO: Processing the following SPARQL query:
# Tier H — size-sweep
# Goal: isolate export cost from query-planning cost. Raise the year bound
# across runs, for example 1970, 1990, 2010, and 2023.
PREFIX dblp: <https://dblp.org/rdf/schema#>

CONSTRUCT { ?s ?p ?o }
WHERE {
  ?s a dblp:Publication ;
     dblp:yearOfPublication ?year ;
     ?p ?o .
  FILTER(?year <= "1970"^^<http://www.w3.org/2001/XMLSchema#gYear>)
}

2026-09-28 20:59:47.777 - INFO: Requested media types of the result are: "text/turtle"
2026-09-28 20:59:47.778 - INFO: Query planning done in 1 ms
2026-09-28 20:59:47.801 - INFO: Result has unknown size (not computed yet)
2026-09-28 20:59:48.353 - INFO: Done processing query and sending result, total time was 576 ms
2026-09-28 20:59:48.372 - INFO: 
2026-09-28 20:59:48.372 - INFO: Request received via GET, no content type specified
2026-09-28 20:59:48.372 - INFO: Processing command "clear-cache": clear the cache (unpinned elements only)
2026-09-28 20:59:48.398 - INFO: 
2026-09-28 20:59:48.398 - INFO: Request received via POST, content type "application/x-www-form-urlencoded"
2026-09-28 20:59:48.398 - INFO: Processing the following SPARQL query:
# Tier H — size-sweep
# Goal: isolate export cost from query-planning cost. Raise the year bound
# across runs, for example 1970, 1990, 2010, and 2023.
PREFIX dblp: <https://dblp.org/rdf/schema#>

CONSTRUCT { ?s ?p ?o }
WHERE {
  ?s a dblp:Publication ;
     dblp:yearOfPublication ?year ;
     ?p ?o .
  FILTER(?year <= "1970"^^<http://www.w3.org/2001/XMLSchema#gYear>)
}

2026-09-28 20:59:48.398 - INFO: Requested media types of the result are: "text/turtle"
2026-09-28 20:59:48.399 - INFO: Query planning done in 1 ms
2026-09-28 20:59:48.423 - INFO: Result has unknown size (not computed yet)
2026-09-28 20:59:48.981 - INFO: Done processing query and sending result, total time was 582 ms
2026-09-28 20:59:49.305 - INFO: 
2026-09-28 20:59:49.305 - INFO: Request received via GET, no content type specified
2026-09-28 20:59:49.305 - INFO: Processing command "clear-cache": clear the cache (unpinned elements only)
2026-09-28 20:59:49.323 - INFO: 
2026-09-28 20:59:49.323 - INFO: Request received via POST, content type "application/x-www-form-urlencoded"
2026-09-28 20:59:49.323 - INFO: Processing the following SPARQL query:
# Tier H — size-sweep
# Goal: isolate export cost from query-planning cost. Raise the year bound
# across runs, for example 1970, 1990, 2010, and 2023.
PREFIX dblp: <https://dblp.org/rdf/schema#>

CONSTRUCT { ?s ?p ?o }
WHERE {
  ?s a dblp:Publication ;
     dblp:yearOfPublication ?year ;
     ?p ?o .
  FILTER(?year <= "1970"^^<http://www.w3.org/2001/XMLSchema#gYear>)
}

2026-09-28 20:59:49.323 - INFO: Requested media types of the result are: "text/turtle"
2026-09-28 20:59:49.324 - INFO: Query planning done in 1 ms
2026-09-28 20:59:49.347 - INFO: Result has unknown size (not computed yet)
2026-09-28 20:59:49.992 - INFO: Done processing query and sending result, total time was 669 ms
2026-09-28 20:59:50.011 - INFO: 
2026-09-28 20:59:50.011 - INFO: Request received via GET, no content type specified
2026-09-28 20:59:50.011 - INFO: Processing command "clear-cache": clear the cache (unpinned elements only)
2026-09-28 20:59:50.029 - INFO: 
2026-09-28 20:59:50.029 - INFO: Request received via POST, content type "application/x-www-form-urlencoded"
2026-09-28 20:59:50.029 - INFO: Processing the following SPARQL query:
# Tier H — size-sweep
# Goal: isolate export cost from query-planning cost. Raise the year bound
# across runs, for example 1970, 1990, 2010, and 2023.
PREFIX dblp: <https://dblp.org/rdf/schema#>

CONSTRUCT { ?s ?p ?o }
WHERE {
  ?s a dblp:Publication ;
     dblp:yearOfPublication ?year ;
     ?p ?o .
  FILTER(?year <= "1970"^^<http://www.w3.org/2001/XMLSchema#gYear>)
}

2026-09-28 20:59:50.029 - INFO: Requested media types of the result are: "text/turtle"
2026-09-28 20:59:50.030 - INFO: Query planning done in 1 ms
2026-09-28 20:59:50.054 - INFO: Result has unknown size (not computed yet)
2026-09-28 20:59:50.700 - INFO: Done processing query and sending result, total time was 670 ms
2026-09-28 20:59:50.719 - INFO: 
2026-09-28 20:59:50.719 - INFO: Request received via GET, no content type specified
2026-09-28 20:59:50.719 - INFO: Processing command "clear-cache": clear the cache (unpinned elements only)
2026-09-28 20:59:50.737 - INFO: 
2026-09-28 20:59:50.737 - INFO: Request received via POST, content type "application/x-www-form-urlencoded"
2026-09-28 20:59:50.737 - INFO: Processing the following SPARQL query:
# Tier H — size-sweep
# Goal: isolate export cost from query-planning cost. Raise the year bound
# across runs, for example 1970, 1990, 2010, and 2023.
PREFIX dblp: <https://dblp.org/rdf/schema#>

CONSTRUCT { ?s ?p ?o }
WHERE {
  ?s a dblp:Publication ;
     dblp:yearOfPublication ?year ;
     ?p ?o .
  FILTER(?year <= "1970"^^<http://www.w3.org/2001/XMLSchema#gYear>)
}

2026-09-28 20:59:50.737 - INFO: Requested media types of the result are: "text/turtle"
2026-09-28 20:59:50.738 - INFO: Query planning done in 1 ms
2026-09-28 20:59:50.761 - INFO: Result has unknown size (not computed yet)
2026-09-28 20:59:51.324 - INFO: Done processing query and sending result, total time was 587 ms
2026-09-28 20:59:51.343 - INFO: 
2026-09-28 20:59:51.343 - INFO: Request received via GET, no content type specified
2026-09-28 20:59:51.343 - INFO: Processing command "clear-cache": clear the cache (unpinned elements only)
2026-09-28 20:59:51.361 - INFO: 
2026-09-28 20:59:51.361 - INFO: Request received via POST, content type "application/x-www-form-urlencoded"
2026-09-28 20:59:51.361 - INFO: Processing the following SPARQL query:
# Tier H — size-sweep
# Goal: isolate export cost from query-planning cost. Raise the year bound
# across runs, for example 1970, 1990, 2010, and 2023.
PREFIX dblp: <https://dblp.org/rdf/schema#>

CONSTRUCT { ?s ?p ?o }
WHERE {
  ?s a dblp:Publication ;
     dblp:yearOfPublication ?year ;
     ?p ?o .
  FILTER(?year <= "1970"^^<http://www.w3.org/2001/XMLSchema#gYear>)
}

2026-09-28 20:59:51.361 - INFO: Requested media types of the result are: "text/turtle"
2026-09-28 20:59:51.362 - INFO: Query planning done in 1 ms
2026-09-28 20:59:51.386 - INFO: Result has unknown size (not computed yet)
2026-09-28 20:59:51.981 - INFO: Done processing query and sending result, total time was 620 ms
2026-09-28 20:59:52.000 - INFO: 
2026-09-28 20:59:52.000 - INFO: Request received via GET, no content type specified
2026-09-28 20:59:52.000 - INFO: Processing command "clear-cache": clear the cache (unpinned elements only)
2026-09-28 20:59:52.018 - INFO: 
2026-09-28 20:59:52.018 - INFO: Request received via POST, content type "application/x-www-form-urlencoded"
2026-09-28 20:59:52.018 - INFO: Processing the following SPARQL query:
# Tier H — size-sweep
# Goal: isolate export cost from query-planning cost. Raise the year bound
# across runs, for example 1970, 1990, 2010, and 2023.
PREFIX dblp: <https://dblp.org/rdf/schema#>

CONSTRUCT { ?s ?p ?o }
WHERE {
  ?s a dblp:Publication ;
     dblp:yearOfPublication ?year ;
     ?p ?o .
  FILTER(?year <= "1970"^^<http://www.w3.org/2001/XMLSchema#gYear>)
}

2026-09-28 20:59:52.019 - INFO: Requested media types of the result are: "text/turtle"
2026-09-28 20:59:52.020 - INFO: Query planning done in 1 ms
2026-09-28 20:59:52.043 - INFO: Result has unknown size (not computed yet)
2026-09-28 20:59:52.687 - INFO: Done processing query and sending result, total time was 668 ms
2026-09-28 20:59:52.706 - INFO: 
2026-09-28 20:59:52.706 - INFO: Request received via GET, no content type specified
2026-09-28 20:59:52.706 - INFO: Processing command "clear-cache": clear the cache (unpinned elements only)
2026-09-28 20:59:52.725 - INFO: 
2026-09-28 20:59:52.725 - INFO: Request received via POST, content type "application/x-www-form-urlencoded"
2026-09-28 20:59:52.725 - INFO: Processing the following SPARQL query:
# Tier H — size-sweep
# Goal: isolate export cost from query-planning cost. Raise the year bound
# across runs, for example 1970, 1990, 2010, and 2023.
PREFIX dblp: <https://dblp.org/rdf/schema#>

CONSTRUCT { ?s ?p ?o }
WHERE {
  ?s a dblp:Publication ;
     dblp:yearOfPublication ?year ;
     ?p ?o .
  FILTER(?year <= "1970"^^<http://www.w3.org/2001/XMLSchema#gYear>)
}

2026-09-28 20:59:52.725 - INFO: Requested media types of the result are: "text/turtle"
2026-09-28 20:59:52.726 - INFO: Query planning done in 1 ms
2026-09-28 20:59:52.749 - INFO: Result has unknown size (not computed yet)
2026-09-28 20:59:53.369 - INFO: Done processing query and sending result, total time was 644 ms
2026-09-28 20:59:53.399 - INFO: 
2026-09-28 20:59:53.399 - INFO: Request received via GET, no content type specified
2026-09-28 20:59:53.399 - INFO: Processing command "clear-cache": clear the cache (unpinned elements only)
2026-09-28 20:59:53.417 - INFO: 
2026-09-28 20:59:53.417 - INFO: Request received via POST, content type "application/x-www-form-urlencoded"
2026-09-28 20:59:53.417 - INFO: Processing the following SPARQL query:
# Tier H — size-sweep
# Goal: isolate export cost from query-planning cost. Raise the year bound
# across runs, for example 1970, 1990, 2010, and 2023.
PREFIX dblp: <https://dblp.org/rdf/schema#>

CONSTRUCT { ?s ?p ?o }
WHERE {
  ?s a dblp:Publication ;
     dblp:yearOfPublication ?year ;
     ?p ?o .
  FILTER(?year <= "1970"^^<http://www.w3.org/2001/XMLSchema#gYear>)
}

2026-09-28 20:59:53.417 - INFO: Requested media types of the result are: "text/turtle"
2026-09-28 20:59:53.418 - INFO: Query planning done in 1 ms
2026-09-28 20:59:53.437 - INFO: Result has unknown size (not computed yet)
2026-09-28 20:59:54.012 - INFO: Done processing query and sending result, total time was 595 ms
2026-09-28 20:59:54.031 - INFO: 
2026-09-28 20:59:54.031 - INFO: Request received via GET, no content type specified
2026-09-28 20:59:54.031 - INFO: Processing command "clear-cache": clear the cache (unpinned elements only)
2026-09-28 20:59:54.049 - INFO: 
2026-09-28 20:59:54.049 - INFO: Request received via POST, content type "application/x-www-form-urlencoded"
2026-09-28 20:59:54.049 - INFO: Processing the following SPARQL query:
# Tier H — size-sweep
# Goal: isolate export cost from query-planning cost. Raise the year bound
# across runs, for example 1970, 1990, 2010, and 2023.
PREFIX dblp: <https://dblp.org/rdf/schema#>

CONSTRUCT { ?s ?p ?o }
WHERE {
  ?s a dblp:Publication ;
     dblp:yearOfPublication ?year ;
     ?p ?o .
  FILTER(?year <= "1970"^^<http://www.w3.org/2001/XMLSchema#gYear>)
}

2026-09-28 20:59:54.049 - INFO: Requested media types of the result are: "text/turtle"
2026-09-28 20:59:54.050 - INFO: Query planning done in 1 ms
2026-09-28 20:59:54.074 - INFO: Result has unknown size (not computed yet)
2026-09-28 20:59:54.717 - INFO: Done processing query and sending result, total time was 667 ms
2026-09-28 20:59:54.735 - INFO: 
2026-09-28 20:59:54.735 - INFO: Request received via GET, no content type specified
2026-09-28 20:59:54.735 - INFO: Processing command "clear-cache": clear the cache (unpinned elements only)
2026-09-28 20:59:54.753 - INFO: 
2026-09-28 20:59:54.753 - INFO: Request received via POST, content type "application/x-www-form-urlencoded"
2026-09-28 20:59:54.754 - INFO: Processing the following SPARQL query:
# Tier H — size-sweep
# Goal: isolate export cost from query-planning cost. Raise the year bound
# across runs, for example 1970, 1990, 2010, and 2023.
PREFIX dblp: <https://dblp.org/rdf/schema#>

CONSTRUCT { ?s ?p ?o }
WHERE {
  ?s a dblp:Publication ;
     dblp:yearOfPublication ?year ;
     ?p ?o .
  FILTER(?year <= "1970"^^<http://www.w3.org/2001/XMLSchema#gYear>)
}

2026-09-28 20:59:54.754 - INFO: Requested media types of the result are: "text/turtle"
2026-09-28 20:59:54.755 - INFO: Query planning done in 1 ms
2026-09-28 20:59:54.778 - INFO: Result has unknown size (not computed yet)
2026-09-28 20:59:55.390 - INFO: Done processing query and sending result, total time was 636 ms
2026-09-28 20:59:55.409 - INFO: 
2026-09-28 20:59:55.409 - INFO: Request received via GET, no content type specified
2026-09-28 20:59:55.409 - INFO: Processing command "clear-cache": clear the cache (unpinned elements only)
2026-09-28 20:59:55.427 - INFO: 
2026-09-28 20:59:55.427 - INFO: Request received via POST, content type "application/x-www-form-urlencoded"
2026-09-28 20:59:55.427 - INFO: Processing the following SPARQL query:
# Tier H — size-sweep
# Goal: isolate export cost from query-planning cost. Raise the year bound
# across runs, for example 1970, 1990, 2010, and 2023.
PREFIX dblp: <https://dblp.org/rdf/schema#>

CONSTRUCT { ?s ?p ?o }
WHERE {
  ?s a dblp:Publication ;
     dblp:yearOfPublication ?year ;
     ?p ?o .
  FILTER(?year <= "1970"^^<http://www.w3.org/2001/XMLSchema#gYear>)
}

2026-09-28 20:59:55.427 - INFO: Requested media types of the result are: "text/turtle"
2026-09-28 20:59:55.428 - INFO: Query planning done in 1 ms
2026-09-28 20:59:55.451 - INFO: Result has unknown size (not computed yet)
2026-09-28 20:59:56.093 - INFO: Done processing query and sending result, total time was 666 ms
2026-09-28 20:59:56.112 - INFO: 
2026-09-28 20:59:56.112 - INFO: Request received via GET, no content type specified
2026-09-28 20:59:56.112 - INFO: Processing command "clear-cache": clear the cache (unpinned elements only)
2026-09-28 20:59:56.130 - INFO: 
2026-09-28 20:59:56.130 - INFO: Request received via POST, content type "application/x-www-form-urlencoded"
2026-09-28 20:59:56.130 - INFO: Processing the following SPARQL query:
# Tier H — size-sweep
# Goal: isolate export cost from query-planning cost. Raise the year bound
# across runs, for example 1970, 1990, 2010, and 2023.
PREFIX dblp: <https://dblp.org/rdf/schema#>

CONSTRUCT { ?s ?p ?o }
WHERE {
  ?s a dblp:Publication ;
     dblp:yearOfPublication ?year ;
     ?p ?o .
  FILTER(?year <= "1970"^^<http://www.w3.org/2001/XMLSchema#gYear>)
}

2026-09-28 20:59:56.130 - INFO: Requested media types of the result are: "text/turtle"
2026-09-28 20:59:56.131 - INFO: Query planning done in 1 ms
2026-09-28 20:59:56.155 - INFO: Result has unknown size (not computed yet)
2026-09-28 20:59:56.799 - INFO: Done processing query and sending result, total time was 669 ms
2026-09-28 20:59:56.818 - INFO: 
2026-09-28 20:59:56.818 - INFO: Request received via GET, no content type specified
2026-09-28 20:59:56.818 - INFO: Processing command "clear-cache": clear the cache (unpinned elements only)
2026-09-28 20:59:56.836 - INFO: 
2026-09-28 20:59:56.836 - INFO: Request received via POST, content type "application/x-www-form-urlencoded"
2026-09-28 20:59:56.837 - INFO: Processing the following SPARQL query:
# Tier H — size-sweep
# Goal: isolate export cost from query-planning cost. Raise the year bound
# across runs, for example 1970, 1990, 2010, and 2023.
PREFIX dblp: <https://dblp.org/rdf/schema#>

CONSTRUCT { ?s ?p ?o }
WHERE {
  ?s a dblp:Publication ;
     dblp:yearOfPublication ?year ;
     ?p ?o .
  FILTER(?year <= "1970"^^<http://www.w3.org/2001/XMLSchema#gYear>)
}

2026-09-28 20:59:56.837 - INFO: Requested media types of the result are: "text/turtle"
2026-09-28 20:59:56.838 - INFO: Query planning done in 1 ms
2026-09-28 20:59:56.861 - INFO: Result has unknown size (not computed yet)
2026-09-28 20:59:57.465 - INFO: Done processing query and sending result, total time was 628 ms
2026-09-28 20:59:57.484 - INFO: 
2026-09-28 20:59:57.484 - INFO: Request received via GET, no content type specified
2026-09-28 20:59:57.484 - INFO: Processing command "clear-cache": clear the cache (unpinned elements only)
2026-09-28 20:59:57.509 - INFO: 
2026-09-28 20:59:57.509 - INFO: Request received via POST, content type "application/x-www-form-urlencoded"
2026-09-28 20:59:57.509 - INFO: Processing the following SPARQL query:
# Tier H — size-sweep
# Goal: isolate export cost from query-planning cost. Raise the year bound
# across runs, for example 1970, 1990, 2010, and 2023.
PREFIX dblp: <https://dblp.org/rdf/schema#>

CONSTRUCT { ?s ?p ?o }
WHERE {
  ?s a dblp:Publication ;
     dblp:yearOfPublication ?year ;
     ?p ?o .
  FILTER(?year <= "1970"^^<http://www.w3.org/2001/XMLSchema#gYear>)
}

2026-09-28 20:59:57.509 - INFO: Requested media types of the result are: "text/turtle"
2026-09-28 20:59:57.510 - INFO: Query planning done in 1 ms
2026-09-28 20:59:57.533 - INFO: Result has unknown size (not computed yet)
2026-09-28 20:59:58.179 - INFO: Done processing query and sending result, total time was 670 ms
2026-09-28 21:01:09.527 - INFO: 
2026-09-28 21:01:09.527 - INFO: Request received via GET, no content type specified
2026-09-28 21:01:09.527 - INFO: Processing command "clear-cache": clear the cache (unpinned elements only)
2026-09-28 21:01:09.545 - INFO: 
2026-09-28 21:01:09.545 - INFO: Request received via POST, content type "application/x-www-form-urlencoded"
2026-09-28 21:01:09.546 - INFO: Processing the following SPARQL query:
# Tier H — size-sweep
# Goal: isolate export cost from query-planning cost. Raise the year bound
# across runs, for example 1970, 1990, 2010, and 2023.
PREFIX dblp: <https://dblp.org/rdf/schema#>

CONSTRUCT { ?s ?p ?o }
WHERE {
  ?s a dblp:Publication ;
     dblp:yearOfPublication ?year ;
     ?p ?o .
  FILTER(?year <= "1970"^^<http://www.w3.org/2001/XMLSchema#gYear>)
}

2026-09-28 21:01:09.546 - INFO: Requested media types of the result are: "text/turtle"
2026-09-28 21:01:09.547 - INFO: Query planning done in 1 ms
2026-09-28 21:01:09.570 - INFO: Result has unknown size (not computed yet)
2026-09-28 21:01:10.196 - INFO: Done processing query and sending result, total time was 651 ms
2026-09-28 21:01:10.215 - INFO: 
2026-09-28 21:01:10.215 - INFO: Request received via GET, no content type specified
2026-09-28 21:01:10.215 - INFO: Processing command "clear-cache": clear the cache (unpinned elements only)
2026-09-28 21:01:10.233 - INFO: 
2026-09-28 21:01:10.234 - INFO: Request received via POST, content type "application/x-www-form-urlencoded"
2026-09-28 21:01:10.234 - INFO: Processing the following SPARQL query:
# Tier H — size-sweep
# Goal: isolate export cost from query-planning cost. Raise the year bound
# across runs, for example 1970, 1990, 2010, and 2023.
PREFIX dblp: <https://dblp.org/rdf/schema#>

CONSTRUCT { ?s ?p ?o }
WHERE {
  ?s a dblp:Publication ;
     dblp:yearOfPublication ?year ;
     ?p ?o .
  FILTER(?year <= "1970"^^<http://www.w3.org/2001/XMLSchema#gYear>)
}

2026-09-28 21:01:10.234 - INFO: Requested media types of the result are: "text/turtle"
2026-09-28 21:01:10.235 - INFO: Query planning done in 1 ms
2026-09-28 21:01:10.259 - INFO: Result has unknown size (not computed yet)
2026-09-28 21:01:10.908 - INFO: Done processing query and sending result, total time was 674 ms
2026-09-28 21:01:10.927 - INFO: 
2026-09-28 21:01:10.927 - INFO: Request received via GET, no content type specified
2026-09-28 21:01:10.927 - INFO: Processing command "clear-cache": clear the cache (unpinned elements only)
2026-09-28 21:01:10.945 - INFO: 
2026-09-28 21:01:10.945 - INFO: Request received via POST, content type "application/x-www-form-urlencoded"
2026-09-28 21:01:10.945 - INFO: Processing the following SPARQL query:
# Tier H — size-sweep
# Goal: isolate export cost from query-planning cost. Raise the year bound
# across runs, for example 1970, 1990, 2010, and 2023.
PREFIX dblp: <https://dblp.org/rdf/schema#>

CONSTRUCT { ?s ?p ?o }
WHERE {
  ?s a dblp:Publication ;
     dblp:yearOfPublication ?year ;
     ?p ?o .
  FILTER(?year <= "1970"^^<http://www.w3.org/2001/XMLSchema#gYear>)
}

2026-09-28 21:01:10.945 - INFO: Requested media types of the result are: "text/turtle"
2026-09-28 21:01:10.946 - INFO: Query planning done in 1 ms
2026-09-28 21:01:10.969 - INFO: Result has unknown size (not computed yet)
2026-09-28 21:01:11.615 - INFO: Done processing query and sending result, total time was 669 ms
2026-09-28 21:01:11.634 - INFO: 
2026-09-28 21:01:11.634 - INFO: Request received via GET, no content type specified
2026-09-28 21:01:11.634 - INFO: Processing command "clear-cache": clear the cache (unpinned elements only)
2026-09-28 21:01:11.651 - INFO: 
2026-09-28 21:01:11.651 - INFO: Request received via POST, content type "application/x-www-form-urlencoded"
2026-09-28 21:01:11.652 - INFO: Processing the following SPARQL query:
# Tier H — size-sweep
# Goal: isolate export cost from query-planning cost. Raise the year bound
# across runs, for example 1970, 1990, 2010, and 2023.
PREFIX dblp: <https://dblp.org/rdf/schema#>

CONSTRUCT { ?s ?p ?o }
WHERE {
  ?s a dblp:Publication ;
     dblp:yearOfPublication ?year ;
     ?p ?o .
  FILTER(?year <= "1970"^^<http://www.w3.org/2001/XMLSchema#gYear>)
}

2026-09-28 21:01:11.652 - INFO: Requested media types of the result are: "text/turtle"
2026-09-28 21:01:11.653 - INFO: Query planning done in 1 ms
2026-09-28 21:01:11.676 - INFO: Result has unknown size (not computed yet)
2026-09-28 21:01:12.322 - INFO: Done processing query and sending result, total time was 670 ms
2026-09-28 21:01:12.341 - INFO: 
2026-09-28 21:01:12.341 - INFO: Request received via GET, no content type specified
2026-09-28 21:01:12.341 - INFO: Processing command "clear-cache": clear the cache (unpinned elements only)
2026-09-28 21:01:12.359 - INFO: 
2026-09-28 21:01:12.359 - INFO: Request received via POST, content type "application/x-www-form-urlencoded"
2026-09-28 21:01:12.359 - INFO: Processing the following SPARQL query:
# Tier H — size-sweep
# Goal: isolate export cost from query-planning cost. Raise the year bound
# across runs, for example 1970, 1990, 2010, and 2023.
PREFIX dblp: <https://dblp.org/rdf/schema#>

CONSTRUCT { ?s ?p ?o }
WHERE {
  ?s a dblp:Publication ;
     dblp:yearOfPublication ?year ;
     ?p ?o .
  FILTER(?year <= "1970"^^<http://www.w3.org/2001/XMLSchema#gYear>)
}

2026-09-28 21:01:12.359 - INFO: Requested media types of the result are: "text/turtle"
2026-09-28 21:01:12.361 - INFO: Query planning done in 1 ms
2026-09-28 21:01:12.384 - INFO: Result has unknown size (not computed yet)
2026-09-28 21:01:12.974 - INFO: Done processing query and sending result, total time was 614 ms
2026-09-28 21:01:12.993 - INFO: 
2026-09-28 21:01:12.993 - INFO: Request received via GET, no content type specified
2026-09-28 21:01:12.993 - INFO: Processing command "clear-cache": clear the cache (unpinned elements only)
2026-09-28 21:01:13.011 - INFO: 
2026-09-28 21:01:13.011 - INFO: Request received via POST, content type "application/x-www-form-urlencoded"
2026-09-28 21:01:13.011 - INFO: Processing the following SPARQL query:
# Tier H — size-sweep
# Goal: isolate export cost from query-planning cost. Raise the year bound
# across runs, for example 1970, 1990, 2010, and 2023.
PREFIX dblp: <https://dblp.org/rdf/schema#>

CONSTRUCT { ?s ?p ?o }
WHERE {
  ?s a dblp:Publication ;
     dblp:yearOfPublication ?year ;
     ?p ?o .
  FILTER(?year <= "1970"^^<http://www.w3.org/2001/XMLSchema#gYear>)
}

2026-09-28 21:01:13.011 - INFO: Requested media types of the result are: "text/turtle"
2026-09-28 21:01:13.012 - INFO: Query planning done in 1 ms
2026-09-28 21:01:13.035 - INFO: Result has unknown size (not computed yet)
2026-09-28 21:01:13.588 - INFO: Done processing query and sending result, total time was 577 ms
2026-09-28 21:01:13.607 - INFO: 
2026-09-28 21:01:13.607 - INFO: Request received via GET, no content type specified
2026-09-28 21:01:13.607 - INFO: Processing command "clear-cache": clear the cache (unpinned elements only)
2026-09-28 21:01:13.625 - INFO: 
2026-09-28 21:01:13.625 - INFO: Request received via POST, content type "application/x-www-form-urlencoded"
2026-09-28 21:01:13.626 - INFO: Processing the following SPARQL query:
# Tier H — size-sweep
# Goal: isolate export cost from query-planning cost. Raise the year bound
# across runs, for example 1970, 1990, 2010, and 2023.
PREFIX dblp: <https://dblp.org/rdf/schema#>

CONSTRUCT { ?s ?p ?o }
WHERE {
  ?s a dblp:Publication ;
     dblp:yearOfPublication ?year ;
     ?p ?o .
  FILTER(?year <= "1970"^^<http://www.w3.org/2001/XMLSchema#gYear>)
}

2026-09-28 21:01:13.626 - INFO: Requested media types of the result are: "text/turtle"
2026-09-28 21:01:13.627 - INFO: Query planning done in 1 ms
2026-09-28 21:01:13.650 - INFO: Result has unknown size (not computed yet)
2026-09-28 21:01:14.206 - INFO: Done processing query and sending result, total time was 580 ms
2026-09-28 21:01:14.225 - INFO: 
2026-09-28 21:01:14.225 - INFO: Request received via GET, no content type specified
2026-09-28 21:01:14.225 - INFO: Processing command "clear-cache": clear the cache (unpinned elements only)
2026-09-28 21:01:14.243 - INFO: 
2026-09-28 21:01:14.243 - INFO: Request received via POST, content type "application/x-www-form-urlencoded"
2026-09-28 21:01:14.244 - INFO: Processing the following SPARQL query:
# Tier H — size-sweep
# Goal: isolate export cost from query-planning cost. Raise the year bound
# across runs, for example 1970, 1990, 2010, and 2023.
PREFIX dblp: <https://dblp.org/rdf/schema#>

CONSTRUCT { ?s ?p ?o }
WHERE {
  ?s a dblp:Publication ;
     dblp:yearOfPublication ?year ;
     ?p ?o .
  FILTER(?year <= "1970"^^<http://www.w3.org/2001/XMLSchema#gYear>)
}

2026-09-28 21:01:14.244 - INFO: Requested media types of the result are: "text/turtle"
2026-09-28 21:01:14.245 - INFO: Query planning done in 1 ms
2026-09-28 21:01:14.268 - INFO: Result has unknown size (not computed yet)
2026-09-28 21:01:14.843 - INFO: Done processing query and sending result, total time was 599 ms
2026-09-28 21:01:14.862 - INFO: 
2026-09-28 21:01:14.862 - INFO: Request received via GET, no content type specified
2026-09-28 21:01:14.862 - INFO: Processing command "clear-cache": clear the cache (unpinned elements only)
2026-09-28 21:01:14.880 - INFO: 
2026-09-28 21:01:14.880 - INFO: Request received via POST, content type "application/x-www-form-urlencoded"
2026-09-28 21:01:14.880 - INFO: Processing the following SPARQL query:
# Tier H — size-sweep
# Goal: isolate export cost from query-planning cost. Raise the year bound
# across runs, for example 1970, 1990, 2010, and 2023.
PREFIX dblp: <https://dblp.org/rdf/schema#>

CONSTRUCT { ?s ?p ?o }
WHERE {
  ?s a dblp:Publication ;
     dblp:yearOfPublication ?year ;
     ?p ?o .
  FILTER(?year <= "1970"^^<http://www.w3.org/2001/XMLSchema#gYear>)
}

2026-09-28 21:01:14.880 - INFO: Requested media types of the result are: "text/turtle"
2026-09-28 21:01:14.881 - INFO: Query planning done in 1 ms
2026-09-28 21:01:14.904 - INFO: Result has unknown size (not computed yet)
2026-09-28 21:01:15.489 - INFO: Done processing query and sending result, total time was 609 ms
2026-09-28 21:01:15.508 - INFO: 
2026-09-28 21:01:15.508 - INFO: Request received via GET, no content type specified
2026-09-28 21:01:15.508 - INFO: Processing command "clear-cache": clear the cache (unpinned elements only)
2026-09-28 21:01:15.526 - INFO: 
2026-09-28 21:01:15.526 - INFO: Request received via POST, content type "application/x-www-form-urlencoded"
2026-09-28 21:01:15.526 - INFO: Processing the following SPARQL query:
# Tier H — size-sweep
# Goal: isolate export cost from query-planning cost. Raise the year bound
# across runs, for example 1970, 1990, 2010, and 2023.
PREFIX dblp: <https://dblp.org/rdf/schema#>

CONSTRUCT { ?s ?p ?o }
WHERE {
  ?s a dblp:Publication ;
     dblp:yearOfPublication ?year ;
     ?p ?o .
  FILTER(?year <= "1970"^^<http://www.w3.org/2001/XMLSchema#gYear>)
}

2026-09-28 21:01:15.526 - INFO: Requested media types of the result are: "text/turtle"
2026-09-28 21:01:15.527 - INFO: Query planning done in 1 ms
2026-09-28 21:01:15.544 - INFO: Result has unknown size (not computed yet)
2026-09-28 21:01:16.120 - INFO: Done processing query and sending result, total time was 593 ms
2026-09-28 21:01:16.138 - INFO: 
2026-09-28 21:01:16.138 - INFO: Request received via GET, no content type specified
2026-09-28 21:01:16.138 - INFO: Processing command "clear-cache": clear the cache (unpinned elements only)
2026-09-28 21:01:16.156 - INFO: 
2026-09-28 21:01:16.156 - INFO: Request received via POST, content type "application/x-www-form-urlencoded"
2026-09-28 21:01:16.157 - INFO: Processing the following SPARQL query:
# Tier H — size-sweep
# Goal: isolate export cost from query-planning cost. Raise the year bound
# across runs, for example 1970, 1990, 2010, and 2023.
PREFIX dblp: <https://dblp.org/rdf/schema#>

CONSTRUCT { ?s ?p ?o }
WHERE {
  ?s a dblp:Publication ;
     dblp:yearOfPublication ?year ;
     ?p ?o .
  FILTER(?year <= "1970"^^<http://www.w3.org/2001/XMLSchema#gYear>)
}

2026-09-28 21:01:16.157 - INFO: Requested media types of the result are: "text/turtle"
2026-09-28 21:01:16.158 - INFO: Query planning done in 1 ms
2026-09-28 21:01:16.176 - INFO: Result has unknown size (not computed yet)
2026-09-28 21:01:16.751 - INFO: Done processing query and sending result, total time was 594 ms
2026-09-28 21:01:16.770 - INFO: 
2026-09-28 21:01:16.770 - INFO: Request received via GET, no content type specified
2026-09-28 21:01:16.770 - INFO: Processing command "clear-cache": clear the cache (unpinned elements only)
2026-09-28 21:01:16.788 - INFO: 
2026-09-28 21:01:16.788 - INFO: Request received via POST, content type "application/x-www-form-urlencoded"
2026-09-28 21:01:16.788 - INFO: Processing the following SPARQL query:
# Tier H — size-sweep
# Goal: isolate export cost from query-planning cost. Raise the year bound
# across runs, for example 1970, 1990, 2010, and 2023.
PREFIX dblp: <https://dblp.org/rdf/schema#>

CONSTRUCT { ?s ?p ?o }
WHERE {
  ?s a dblp:Publication ;
     dblp:yearOfPublication ?year ;
     ?p ?o .
  FILTER(?year <= "1970"^^<http://www.w3.org/2001/XMLSchema#gYear>)
}

2026-09-28 21:01:16.788 - INFO: Requested media types of the result are: "text/turtle"
2026-09-28 21:01:16.789 - INFO: Query planning done in 1 ms
2026-09-28 21:01:16.808 - INFO: Result has unknown size (not computed yet)
2026-09-28 21:01:17.379 - INFO: Done processing query and sending result, total time was 591 ms
2026-09-28 21:01:17.398 - INFO: 
2026-09-28 21:01:17.398 - INFO: Request received via GET, no content type specified
2026-09-28 21:01:17.398 - INFO: Processing command "clear-cache": clear the cache (unpinned elements only)
2026-09-28 21:01:17.424 - INFO: 
2026-09-28 21:01:17.424 - INFO: Request received via POST, content type "application/x-www-form-urlencoded"
2026-09-28 21:01:17.424 - INFO: Processing the following SPARQL query:
# Tier H — size-sweep
# Goal: isolate export cost from query-planning cost. Raise the year bound
# across runs, for example 1970, 1990, 2010, and 2023.
PREFIX dblp: <https://dblp.org/rdf/schema#>

CONSTRUCT { ?s ?p ?o }
WHERE {
  ?s a dblp:Publication ;
     dblp:yearOfPublication ?year ;
     ?p ?o .
  FILTER(?year <= "1970"^^<http://www.w3.org/2001/XMLSchema#gYear>)
}

2026-09-28 21:01:17.424 - INFO: Requested media types of the result are: "text/turtle"
2026-09-28 21:01:17.425 - INFO: Query planning done in 1 ms
2026-09-28 21:01:17.442 - INFO: Result has unknown size (not computed yet)
2026-09-28 21:01:18.018 - INFO: Done processing query and sending result, total time was 594 ms
2026-09-28 21:01:18.342 - INFO: 
2026-09-28 21:01:18.342 - INFO: Request received via GET, no content type specified
2026-09-28 21:01:18.342 - INFO: Processing command "clear-cache": clear the cache (unpinned elements only)
2026-09-28 21:01:18.360 - INFO: 
2026-09-28 21:01:18.360 - INFO: Request received via POST, content type "application/x-www-form-urlencoded"
2026-09-28 21:01:18.360 - INFO: Processing the following SPARQL query:
# Tier H — size-sweep
# Goal: isolate export cost from query-planning cost. Raise the year bound
# across runs, for example 1970, 1990, 2010, and 2023.
PREFIX dblp: <https://dblp.org/rdf/schema#>

CONSTRUCT { ?s ?p ?o }
WHERE {
  ?s a dblp:Publication ;
     dblp:yearOfPublication ?year ;
     ?p ?o .
  FILTER(?year <= "1970"^^<http://www.w3.org/2001/XMLSchema#gYear>)
}

2026-09-28 21:01:18.361 - INFO: Requested media types of the result are: "text/turtle"
2026-09-28 21:01:18.362 - INFO: Query planning done in 1 ms
2026-09-28 21:01:18.379 - INFO: Result has unknown size (not computed yet)
2026-09-28 21:01:18.950 - INFO: Done processing query and sending result, total time was 590 ms
2026-09-28 21:01:18.969 - INFO: 
2026-09-28 21:01:18.969 - INFO: Request received via GET, no content type specified
2026-09-28 21:01:18.969 - INFO: Processing command "clear-cache": clear the cache (unpinned elements only)
2026-09-28 21:01:18.987 - INFO: 
2026-09-28 21:01:18.987 - INFO: Request received via POST, content type "application/x-www-form-urlencoded"
2026-09-28 21:01:18.988 - INFO: Processing the following SPARQL query:
# Tier H — size-sweep
# Goal: isolate export cost from query-planning cost. Raise the year bound
# across runs, for example 1970, 1990, 2010, and 2023.
PREFIX dblp: <https://dblp.org/rdf/schema#>

CONSTRUCT { ?s ?p ?o }
WHERE {
  ?s a dblp:Publication ;
     dblp:yearOfPublication ?year ;
     ?p ?o .
  FILTER(?year <= "1970"^^<http://www.w3.org/2001/XMLSchema#gYear>)
}

2026-09-28 21:01:18.988 - INFO: Requested media types of the result are: "text/turtle"
2026-09-28 21:01:18.989 - INFO: Query planning done in 1 ms
2026-09-28 21:01:19.007 - INFO: Result has unknown size (not computed yet)
2026-09-28 21:01:19.581 - INFO: Done processing query and sending result, total time was 593 ms
2026-09-28 21:01:19.600 - INFO: 
2026-09-28 21:01:19.600 - INFO: Request received via GET, no content type specified
2026-09-28 21:01:19.600 - INFO: Processing command "clear-cache": clear the cache (unpinned elements only)
2026-09-28 21:01:19.618 - INFO: 
2026-09-28 21:01:19.618 - INFO: Request received via POST, content type "application/x-www-form-urlencoded"
2026-09-28 21:01:19.618 - INFO: Processing the following SPARQL query:
# Tier H — size-sweep
# Goal: isolate export cost from query-planning cost. Raise the year bound
# across runs, for example 1970, 1990, 2010, and 2023.
PREFIX dblp: <https://dblp.org/rdf/schema#>

CONSTRUCT { ?s ?p ?o }
WHERE {
  ?s a dblp:Publication ;
     dblp:yearOfPublication ?year ;
     ?p ?o .
  FILTER(?year <= "1970"^^<http://www.w3.org/2001/XMLSchema#gYear>)
}

2026-09-28 21:01:19.618 - INFO: Requested media types of the result are: "text/turtle"
2026-09-28 21:01:19.619 - INFO: Query planning done in 1 ms
2026-09-28 21:01:19.637 - INFO: Result has unknown size (not computed yet)
2026-09-28 21:01:20.214 - INFO: Done processing query and sending result, total time was 596 ms
2026-09-28 21:01:20.233 - INFO: 
2026-09-28 21:01:20.233 - INFO: Request received via GET, no content type specified
2026-09-28 21:01:20.233 - INFO: Processing command "clear-cache": clear the cache (unpinned elements only)
2026-09-28 21:01:20.251 - INFO: 
2026-09-28 21:01:20.251 - INFO: Request received via POST, content type "application/x-www-form-urlencoded"
2026-09-28 21:01:20.251 - INFO: Processing the following SPARQL query:
# Tier H — size-sweep
# Goal: isolate export cost from query-planning cost. Raise the year bound
# across runs, for example 1970, 1990, 2010, and 2023.
PREFIX dblp: <https://dblp.org/rdf/schema#>

CONSTRUCT { ?s ?p ?o }
WHERE {
  ?s a dblp:Publication ;
     dblp:yearOfPublication ?year ;
     ?p ?o .
  FILTER(?year <= "1970"^^<http://www.w3.org/2001/XMLSchema#gYear>)
}

2026-09-28 21:01:20.251 - INFO: Requested media types of the result are: "text/turtle"
2026-09-28 21:01:20.252 - INFO: Query planning done in 1 ms
2026-09-28 21:01:20.271 - INFO: Result has unknown size (not computed yet)
2026-09-28 21:01:20.843 - INFO: Done processing query and sending result, total time was 591 ms
2026-09-28 21:01:20.861 - INFO: 
2026-09-28 21:01:20.861 - INFO: Request received via GET, no content type specified
2026-09-28 21:01:20.861 - INFO: Processing command "clear-cache": clear the cache (unpinned elements only)
2026-09-28 21:01:20.879 - INFO: 
2026-09-28 21:01:20.879 - INFO: Request received via POST, content type "application/x-www-form-urlencoded"
2026-09-28 21:01:20.880 - INFO: Processing the following SPARQL query:
# Tier H — size-sweep
# Goal: isolate export cost from query-planning cost. Raise the year bound
# across runs, for example 1970, 1990, 2010, and 2023.
PREFIX dblp: <https://dblp.org/rdf/schema#>

CONSTRUCT { ?s ?p ?o }
WHERE {
  ?s a dblp:Publication ;
     dblp:yearOfPublication ?year ;
     ?p ?o .
  FILTER(?year <= "1970"^^<http://www.w3.org/2001/XMLSchema#gYear>)
}

2026-09-28 21:01:20.880 - INFO: Requested media types of the result are: "text/turtle"
2026-09-28 21:01:20.881 - INFO: Query planning done in 1 ms
2026-09-28 21:01:20.899 - INFO: Result has unknown size (not computed yet)
2026-09-28 21:01:21.466 - INFO: Done processing query and sending result, total time was 586 ms
2026-09-28 21:01:21.485 - INFO: 
2026-09-28 21:01:21.485 - INFO: Request received via GET, no content type specified
2026-09-28 21:01:21.485 - INFO: Processing command "clear-cache": clear the cache (unpinned elements only)
2026-09-28 21:01:21.503 - INFO: 
2026-09-28 21:01:21.503 - INFO: Request received via POST, content type "application/x-www-form-urlencoded"
2026-09-28 21:01:21.503 - INFO: Processing the following SPARQL query:
# Tier H — size-sweep
# Goal: isolate export cost from query-planning cost. Raise the year bound
# across runs, for example 1970, 1990, 2010, and 2023.
PREFIX dblp: <https://dblp.org/rdf/schema#>

CONSTRUCT { ?s ?p ?o }
WHERE {
  ?s a dblp:Publication ;
     dblp:yearOfPublication ?year ;
     ?p ?o .
  FILTER(?year <= "1970"^^<http://www.w3.org/2001/XMLSchema#gYear>)
}

2026-09-28 21:01:21.503 - INFO: Requested media types of the result are: "text/turtle"
2026-09-28 21:01:21.504 - INFO: Query planning done in 1 ms
2026-09-28 21:01:21.522 - INFO: Result has unknown size (not computed yet)
2026-09-28 21:01:22.093 - INFO: Done processing query and sending result, total time was 590 ms
2026-09-28 21:01:22.113 - INFO: 
2026-09-28 21:01:22.113 - INFO: Request received via GET, no content type specified
2026-09-28 21:01:22.113 - INFO: Processing command "clear-cache": clear the cache (unpinned elements only)
2026-09-28 21:01:22.131 - INFO: 
2026-09-28 21:01:22.131 - INFO: Request received via POST, content type "application/x-www-form-urlencoded"
2026-09-28 21:01:22.131 - INFO: Processing the following SPARQL query:
# Tier H — size-sweep
# Goal: isolate export cost from query-planning cost. Raise the year bound
# across runs, for example 1970, 1990, 2010, and 2023.
PREFIX dblp: <https://dblp.org/rdf/schema#>

CONSTRUCT { ?s ?p ?o }
WHERE {
  ?s a dblp:Publication ;
     dblp:yearOfPublication ?year ;
     ?p ?o .
  FILTER(?year <= "1970"^^<http://www.w3.org/2001/XMLSchema#gYear>)
}

2026-09-28 21:01:22.131 - INFO: Requested media types of the result are: "text/turtle"
2026-09-28 21:01:22.132 - INFO: Query planning done in 1 ms
2026-09-28 21:01:22.152 - INFO: Result has unknown size (not computed yet)
2026-09-28 21:01:22.722 - INFO: Done processing query and sending result, total time was 591 ms
2026-09-28 21:01:22.741 - INFO: 
2026-09-28 21:01:22.741 - INFO: Request received via GET, no content type specified
2026-09-28 21:01:22.741 - INFO: Processing command "clear-cache": clear the cache (unpinned elements only)
2026-09-28 21:01:22.759 - INFO: 
2026-09-28 21:01:22.759 - INFO: Request received via POST, content type "application/x-www-form-urlencoded"
2026-09-28 21:01:22.759 - INFO: Processing the following SPARQL query:
# Tier H — size-sweep
# Goal: isolate export cost from query-planning cost. Raise the year bound
# across runs, for example 1970, 1990, 2010, and 2023.
PREFIX dblp: <https://dblp.org/rdf/schema#>

CONSTRUCT { ?s ?p ?o }
WHERE {
  ?s a dblp:Publication ;
     dblp:yearOfPublication ?year ;
     ?p ?o .
  FILTER(?year <= "1970"^^<http://www.w3.org/2001/XMLSchema#gYear>)
}

2026-09-28 21:01:22.759 - INFO: Requested media types of the result are: "text/turtle"
2026-09-28 21:01:22.761 - INFO: Query planning done in 1 ms
2026-09-28 21:01:22.778 - INFO: Result has unknown size (not computed yet)
2026-09-28 21:01:23.352 - INFO: Done processing query and sending result, total time was 593 ms
2026-09-28 21:01:23.371 - INFO: 
2026-09-28 21:01:23.371 - INFO: Request received via GET, no content type specified
2026-09-28 21:01:23.371 - INFO: Processing command "clear-cache": clear the cache (unpinned elements only)
2026-09-28 21:01:23.389 - INFO: 
2026-09-28 21:01:23.389 - INFO: Request received via POST, content type "application/x-www-form-urlencoded"
2026-09-28 21:01:23.390 - INFO: Processing the following SPARQL query:
# Tier H — size-sweep
# Goal: isolate export cost from query-planning cost. Raise the year bound
# across runs, for example 1970, 1990, 2010, and 2023.
PREFIX dblp: <https://dblp.org/rdf/schema#>

CONSTRUCT { ?s ?p ?o }
WHERE {
  ?s a dblp:Publication ;
     dblp:yearOfPublication ?year ;
     ?p ?o .
  FILTER(?year <= "1970"^^<http://www.w3.org/2001/XMLSchema#gYear>)
}

2026-09-28 21:01:23.390 - INFO: Requested media types of the result are: "text/turtle"
2026-09-28 21:01:23.391 - INFO: Query planning done in 1 ms
2026-09-28 21:01:23.408 - INFO: Result has unknown size (not computed yet)
2026-09-28 21:01:23.985 - INFO: Done processing query and sending result, total time was 595 ms
2026-09-28 21:01:24.004 - INFO: 
2026-09-28 21:01:24.004 - INFO: Request received via GET, no content type specified
2026-09-28 21:01:24.004 - INFO: Processing command "clear-cache": clear the cache (unpinned elements only)
2026-09-28 21:01:24.022 - INFO: 
2026-09-28 21:01:24.022 - INFO: Request received via POST, content type "application/x-www-form-urlencoded"
2026-09-28 21:01:24.022 - INFO: Processing the following SPARQL query:
# Tier H — size-sweep
# Goal: isolate export cost from query-planning cost. Raise the year bound
# across runs, for example 1970, 1990, 2010, and 2023.
PREFIX dblp: <https://dblp.org/rdf/schema#>

CONSTRUCT { ?s ?p ?o }
WHERE {
  ?s a dblp:Publication ;
     dblp:yearOfPublication ?year ;
     ?p ?o .
  FILTER(?year <= "1970"^^<http://www.w3.org/2001/XMLSchema#gYear>)
}

2026-09-28 21:01:24.022 - INFO: Requested media types of the result are: "text/turtle"
2026-09-28 21:01:24.023 - INFO: Query planning done in 1 ms
2026-09-28 21:01:24.042 - INFO: Result has unknown size (not computed yet)
2026-09-28 21:01:24.616 - INFO: Done processing query and sending result, total time was 594 ms
2026-09-28 21:01:24.635 - INFO: 
2026-09-28 21:01:24.635 - INFO: Request received via GET, no content type specified
2026-09-28 21:01:24.635 - INFO: Processing command "clear-cache": clear the cache (unpinned elements only)
2026-09-28 21:01:24.653 - INFO: 
2026-09-28 21:01:24.653 - INFO: Request received via POST, content type "application/x-www-form-urlencoded"
2026-09-28 21:01:24.653 - INFO: Processing the following SPARQL query:
# Tier H — size-sweep
# Goal: isolate export cost from query-planning cost. Raise the year bound
# across runs, for example 1970, 1990, 2010, and 2023.
PREFIX dblp: <https://dblp.org/rdf/schema#>

CONSTRUCT { ?s ?p ?o }
WHERE {
  ?s a dblp:Publication ;
     dblp:yearOfPublication ?year ;
     ?p ?o .
  FILTER(?year <= "1970"^^<http://www.w3.org/2001/XMLSchema#gYear>)
}

2026-09-28 21:01:24.653 - INFO: Requested media types of the result are: "text/turtle"
2026-09-28 21:01:24.654 - INFO: Query planning done in 1 ms
2026-09-28 21:01:24.673 - INFO: Result has unknown size (not computed yet)
2026-09-28 21:01:25.246 - INFO: Done processing query and sending result, total time was 592 ms
2026-09-28 21:01:25.264 - INFO: 
2026-09-28 21:01:25.265 - INFO: Request received via GET, no content type specified
2026-09-28 21:01:25.265 - INFO: Processing command "clear-cache": clear the cache (unpinned elements only)
2026-09-28 21:01:25.283 - INFO: 
2026-09-28 21:01:25.283 - INFO: Request received via POST, content type "application/x-www-form-urlencoded"
2026-09-28 21:01:25.283 - INFO: Processing the following SPARQL query:
# Tier H — size-sweep
# Goal: isolate export cost from query-planning cost. Raise the year bound
# across runs, for example 1970, 1990, 2010, and 2023.
PREFIX dblp: <https://dblp.org/rdf/schema#>

CONSTRUCT { ?s ?p ?o }
WHERE {
  ?s a dblp:Publication ;
     dblp:yearOfPublication ?year ;
     ?p ?o .
  FILTER(?year <= "1970"^^<http://www.w3.org/2001/XMLSchema#gYear>)
}

2026-09-28 21:01:25.283 - INFO: Requested media types of the result are: "text/turtle"
2026-09-28 21:01:25.284 - INFO: Query planning done in 1 ms
2026-09-28 21:01:25.303 - INFO: Result has unknown size (not computed yet)
2026-09-28 21:01:25.872 - INFO: Done processing query and sending result, total time was 589 ms
2026-09-28 21:01:25.891 - INFO: 
2026-09-28 21:01:25.891 - INFO: Request received via GET, no content type specified
2026-09-28 21:01:25.891 - INFO: Processing command "clear-cache": clear the cache (unpinned elements only)
2026-09-28 21:01:25.917 - INFO: 
2026-09-28 21:01:25.917 - INFO: Request received via POST, content type "application/x-www-form-urlencoded"
2026-09-28 21:01:25.917 - INFO: Processing the following SPARQL query:
# Tier H — size-sweep
# Goal: isolate export cost from query-planning cost. Raise the year bound
# across runs, for example 1970, 1990, 2010, and 2023.
PREFIX dblp: <https://dblp.org/rdf/schema#>

CONSTRUCT { ?s ?p ?o }
WHERE {
  ?s a dblp:Publication ;
     dblp:yearOfPublication ?year ;
     ?p ?o .
  FILTER(?year <= "1970"^^<http://www.w3.org/2001/XMLSchema#gYear>)
}

2026-09-28 21:01:25.917 - INFO: Requested media types of the result are: "text/turtle"
2026-09-28 21:01:25.918 - INFO: Query planning done in 1 ms
2026-09-28 21:01:25.937 - INFO: Result has unknown size (not computed yet)
2026-09-28 21:01:26.523 - INFO: Done processing query and sending result, total time was 606 ms
2026-09-28 21:02:38.683 - INFO: 
2026-09-28 21:02:38.683 - INFO: Request received via GET, no content type specified
2026-09-28 21:02:38.683 - INFO: Processing command "clear-cache": clear the cache (unpinned elements only)
2026-09-28 21:02:38.701 - INFO: 
2026-09-28 21:02:38.701 - INFO: Request received via POST, content type "application/x-www-form-urlencoded"
2026-09-28 21:02:38.701 - INFO: Processing the following SPARQL query:
# Tier H — size-sweep
# Goal: isolate export cost from query-planning cost. Raise the year bound
# across runs, for example 1970, 1990, 2010, and 2023.
PREFIX dblp: <https://dblp.org/rdf/schema#>

CONSTRUCT { ?s ?p ?o }
WHERE {
  ?s a dblp:Publication ;
     dblp:yearOfPublication ?year ;
     ?p ?o .
  FILTER(?year <= "1970"^^<http://www.w3.org/2001/XMLSchema#gYear>)
}

2026-09-28 21:02:38.701 - INFO: Requested media types of the result are: "text/turtle"
2026-09-28 21:02:38.702 - INFO: Query planning done in 1 ms
2026-09-28 21:02:38.723 - INFO: Result has unknown size (not computed yet)
2026-09-28 21:02:39.376 - INFO: Done processing query and sending result, total time was 674 ms
2026-09-28 21:02:39.395 - INFO: 
2026-09-28 21:02:39.395 - INFO: Request received via GET, no content type specified
2026-09-28 21:02:39.395 - INFO: Processing command "clear-cache": clear the cache (unpinned elements only)
2026-09-28 21:02:39.413 - INFO: 
2026-09-28 21:02:39.413 - INFO: Request received via POST, content type "application/x-www-form-urlencoded"
2026-09-28 21:02:39.413 - INFO: Processing the following SPARQL query:
# Tier H — size-sweep
# Goal: isolate export cost from query-planning cost. Raise the year bound
# across runs, for example 1970, 1990, 2010, and 2023.
PREFIX dblp: <https://dblp.org/rdf/schema#>

CONSTRUCT { ?s ?p ?o }
WHERE {
  ?s a dblp:Publication ;
     dblp:yearOfPublication ?year ;
     ?p ?o .
  FILTER(?year <= "1970"^^<http://www.w3.org/2001/XMLSchema#gYear>)
}

2026-09-28 21:02:39.413 - INFO: Requested media types of the result are: "text/turtle"
2026-09-28 21:02:39.414 - INFO: Query planning done in 1 ms
2026-09-28 21:02:39.434 - INFO: Result has unknown size (not computed yet)
2026-09-28 21:02:40.012 - INFO: Done processing query and sending result, total time was 599 ms
2026-09-28 21:02:40.031 - INFO: 
2026-09-28 21:02:40.031 - INFO: Request received via GET, no content type specified
2026-09-28 21:02:40.031 - INFO: Processing command "clear-cache": clear the cache (unpinned elements only)
2026-09-28 21:02:40.049 - INFO: 
2026-09-28 21:02:40.049 - INFO: Request received via POST, content type "application/x-www-form-urlencoded"
2026-09-28 21:02:40.049 - INFO: Processing the following SPARQL query:
# Tier H — size-sweep
# Goal: isolate export cost from query-planning cost. Raise the year bound
# across runs, for example 1970, 1990, 2010, and 2023.
PREFIX dblp: <https://dblp.org/rdf/schema#>

CONSTRUCT { ?s ?p ?o }
WHERE {
  ?s a dblp:Publication ;
     dblp:yearOfPublication ?year ;
     ?p ?o .
  FILTER(?year <= "1970"^^<http://www.w3.org/2001/XMLSchema#gYear>)
}

2026-09-28 21:02:40.049 - INFO: Requested media types of the result are: "text/turtle"
2026-09-28 21:02:40.050 - INFO: Query planning done in 1 ms
2026-09-28 21:02:40.072 - INFO: Result has unknown size (not computed yet)
2026-09-28 21:02:40.650 - INFO: Done processing query and sending result, total time was 601 ms
2026-09-28 21:02:40.669 - INFO: 
2026-09-28 21:02:40.669 - INFO: Request received via GET, no content type specified
2026-09-28 21:02:40.669 - INFO: Processing command "clear-cache": clear the cache (unpinned elements only)
2026-09-28 21:02:40.687 - INFO: 
2026-09-28 21:02:40.687 - INFO: Request received via POST, content type "application/x-www-form-urlencoded"
2026-09-28 21:02:40.688 - INFO: Processing the following SPARQL query:
# Tier H — size-sweep
# Goal: isolate export cost from query-planning cost. Raise the year bound
# across runs, for example 1970, 1990, 2010, and 2023.
PREFIX dblp: <https://dblp.org/rdf/schema#>

CONSTRUCT { ?s ?p ?o }
WHERE {
  ?s a dblp:Publication ;
     dblp:yearOfPublication ?year ;
     ?p ?o .
  FILTER(?year <= "1970"^^<http://www.w3.org/2001/XMLSchema#gYear>)
}

2026-09-28 21:02:40.688 - INFO: Requested media types of the result are: "text/turtle"
2026-09-28 21:02:40.689 - INFO: Query planning done in 1 ms
2026-09-28 21:02:40.707 - INFO: Result has unknown size (not computed yet)
2026-09-28 21:02:41.280 - INFO: Done processing query and sending result, total time was 592 ms
2026-09-28 21:02:41.298 - INFO: 
2026-09-28 21:02:41.298 - INFO: Request received via GET, no content type specified
2026-09-28 21:02:41.298 - INFO: Processing command "clear-cache": clear the cache (unpinned elements only)
2026-09-28 21:02:41.316 - INFO: 
2026-09-28 21:02:41.316 - INFO: Request received via POST, content type "application/x-www-form-urlencoded"
2026-09-28 21:02:41.317 - INFO: Processing the following SPARQL query:
# Tier H — size-sweep
# Goal: isolate export cost from query-planning cost. Raise the year bound
# across runs, for example 1970, 1990, 2010, and 2023.
PREFIX dblp: <https://dblp.org/rdf/schema#>

CONSTRUCT { ?s ?p ?o }
WHERE {
  ?s a dblp:Publication ;
     dblp:yearOfPublication ?year ;
     ?p ?o .
  FILTER(?year <= "1970"^^<http://www.w3.org/2001/XMLSchema#gYear>)
}

2026-09-28 21:02:41.317 - INFO: Requested media types of the result are: "text/turtle"
2026-09-28 21:02:41.318 - INFO: Query planning done in 1 ms
2026-09-28 21:02:41.336 - INFO: Result has unknown size (not computed yet)
2026-09-28 21:02:41.914 - INFO: Done processing query and sending result, total time was 597 ms
2026-09-28 21:02:41.932 - INFO: 
2026-09-28 21:02:41.932 - INFO: Request received via GET, no content type specified
2026-09-28 21:02:41.932 - INFO: Processing command "clear-cache": clear the cache (unpinned elements only)
2026-09-28 21:02:41.950 - INFO: 
2026-09-28 21:02:41.950 - INFO: Request received via POST, content type "application/x-www-form-urlencoded"
2026-09-28 21:02:41.951 - INFO: Processing the following SPARQL query:
# Tier H — size-sweep
# Goal: isolate export cost from query-planning cost. Raise the year bound
# across runs, for example 1970, 1990, 2010, and 2023.
PREFIX dblp: <https://dblp.org/rdf/schema#>

CONSTRUCT { ?s ?p ?o }
WHERE {
  ?s a dblp:Publication ;
     dblp:yearOfPublication ?year ;
     ?p ?o .
  FILTER(?year <= "1970"^^<http://www.w3.org/2001/XMLSchema#gYear>)
}

2026-09-28 21:02:41.951 - INFO: Requested media types of the result are: "text/turtle"
2026-09-28 21:02:41.952 - INFO: Query planning done in 1 ms
2026-09-28 21:02:41.972 - INFO: Result has unknown size (not computed yet)
2026-09-28 21:02:42.544 - INFO: Done processing query and sending result, total time was 594 ms
2026-09-28 21:02:42.564 - INFO: 
2026-09-28 21:02:42.564 - INFO: Request received via GET, no content type specified
2026-09-28 21:02:42.564 - INFO: Processing command "clear-cache": clear the cache (unpinned elements only)
2026-09-28 21:02:42.582 - INFO: 
2026-09-28 21:02:42.582 - INFO: Request received via POST, content type "application/x-www-form-urlencoded"
2026-09-28 21:02:42.582 - INFO: Processing the following SPARQL query:
# Tier H — size-sweep
# Goal: isolate export cost from query-planning cost. Raise the year bound
# across runs, for example 1970, 1990, 2010, and 2023.
PREFIX dblp: <https://dblp.org/rdf/schema#>

CONSTRUCT { ?s ?p ?o }
WHERE {
  ?s a dblp:Publication ;
     dblp:yearOfPublication ?year ;
     ?p ?o .
  FILTER(?year <= "1970"^^<http://www.w3.org/2001/XMLSchema#gYear>)
}

2026-09-28 21:02:42.582 - INFO: Requested media types of the result are: "text/turtle"
2026-09-28 21:02:42.583 - INFO: Query planning done in 1 ms
2026-09-28 21:02:42.602 - INFO: Result has unknown size (not computed yet)
2026-09-28 21:02:43.177 - INFO: Done processing query and sending result, total time was 594 ms
2026-09-28 21:02:43.196 - INFO: 
2026-09-28 21:02:43.196 - INFO: Request received via GET, no content type specified
2026-09-28 21:02:43.196 - INFO: Processing command "clear-cache": clear the cache (unpinned elements only)
2026-09-28 21:02:43.214 - INFO: 
2026-09-28 21:02:43.214 - INFO: Request received via POST, content type "application/x-www-form-urlencoded"
2026-09-28 21:02:43.214 - INFO: Processing the following SPARQL query:
# Tier H — size-sweep
# Goal: isolate export cost from query-planning cost. Raise the year bound
# across runs, for example 1970, 1990, 2010, and 2023.
PREFIX dblp: <https://dblp.org/rdf/schema#>

CONSTRUCT { ?s ?p ?o }
WHERE {
  ?s a dblp:Publication ;
     dblp:yearOfPublication ?year ;
     ?p ?o .
  FILTER(?year <= "1970"^^<http://www.w3.org/2001/XMLSchema#gYear>)
}

2026-09-28 21:02:43.214 - INFO: Requested media types of the result are: "text/turtle"
2026-09-28 21:02:43.215 - INFO: Query planning done in 1 ms
2026-09-28 21:02:43.233 - INFO: Result has unknown size (not computed yet)
2026-09-28 21:02:43.806 - INFO: Done processing query and sending result, total time was 592 ms
2026-09-28 21:02:43.826 - INFO: 
2026-09-28 21:02:43.826 - INFO: Request received via GET, no content type specified
2026-09-28 21:02:43.826 - INFO: Processing command "clear-cache": clear the cache (unpinned elements only)
2026-09-28 21:02:43.844 - INFO: 
2026-09-28 21:02:43.844 - INFO: Request received via POST, content type "application/x-www-form-urlencoded"
2026-09-28 21:02:43.844 - INFO: Processing the following SPARQL query:
# Tier H — size-sweep
# Goal: isolate export cost from query-planning cost. Raise the year bound
# across runs, for example 1970, 1990, 2010, and 2023.
PREFIX dblp: <https://dblp.org/rdf/schema#>

CONSTRUCT { ?s ?p ?o }
WHERE {
  ?s a dblp:Publication ;
     dblp:yearOfPublication ?year ;
     ?p ?o .
  FILTER(?year <= "1970"^^<http://www.w3.org/2001/XMLSchema#gYear>)
}

2026-09-28 21:02:43.844 - INFO: Requested media types of the result are: "text/turtle"
2026-09-28 21:02:43.845 - INFO: Query planning done in 1 ms
2026-09-28 21:02:43.864 - INFO: Result has unknown size (not computed yet)
2026-09-28 21:02:44.437 - INFO: Done processing query and sending result, total time was 593 ms
2026-09-28 21:02:44.456 - INFO: 
2026-09-28 21:02:44.456 - INFO: Request received via GET, no content type specified
2026-09-28 21:02:44.456 - INFO: Processing command "clear-cache": clear the cache (unpinned elements only)
2026-09-28 21:02:44.474 - INFO: 
2026-09-28 21:02:44.474 - INFO: Request received via POST, content type "application/x-www-form-urlencoded"
2026-09-28 21:02:44.474 - INFO: Processing the following SPARQL query:
# Tier H — size-sweep
# Goal: isolate export cost from query-planning cost. Raise the year bound
# across runs, for example 1970, 1990, 2010, and 2023.
PREFIX dblp: <https://dblp.org/rdf/schema#>

CONSTRUCT { ?s ?p ?o }
WHERE {
  ?s a dblp:Publication ;
     dblp:yearOfPublication ?year ;
     ?p ?o .
  FILTER(?year <= "1970"^^<http://www.w3.org/2001/XMLSchema#gYear>)
}

2026-09-28 21:02:44.474 - INFO: Requested media types of the result are: "text/turtle"
2026-09-28 21:02:44.475 - INFO: Query planning done in 1 ms
2026-09-28 21:02:44.494 - INFO: Result has unknown size (not computed yet)
2026-09-28 21:02:45.068 - INFO: Done processing query and sending result, total time was 593 ms
2026-09-28 21:02:45.086 - INFO: 
2026-09-28 21:02:45.086 - INFO: Request received via GET, no content type specified
2026-09-28 21:02:45.086 - INFO: Processing command "clear-cache": clear the cache (unpinned elements only)
2026-09-28 21:02:45.104 - INFO: 
2026-09-28 21:02:45.104 - INFO: Request received via POST, content type "application/x-www-form-urlencoded"
2026-09-28 21:02:45.105 - INFO: Processing the following SPARQL query:
# Tier H — size-sweep
# Goal: isolate export cost from query-planning cost. Raise the year bound
# across runs, for example 1970, 1990, 2010, and 2023.
PREFIX dblp: <https://dblp.org/rdf/schema#>

CONSTRUCT { ?s ?p ?o }
WHERE {
  ?s a dblp:Publication ;
     dblp:yearOfPublication ?year ;
     ?p ?o .
  FILTER(?year <= "1970"^^<http://www.w3.org/2001/XMLSchema#gYear>)
}

2026-09-28 21:02:45.105 - INFO: Requested media types of the result are: "text/turtle"
2026-09-28 21:02:45.106 - INFO: Query planning done in 1 ms
2026-09-28 21:02:45.128 - INFO: Result has unknown size (not computed yet)
2026-09-28 21:02:45.772 - INFO: Done processing query and sending result, total time was 667 ms
2026-09-28 21:02:45.790 - INFO: 
2026-09-28 21:02:45.790 - INFO: Request received via GET, no content type specified
2026-09-28 21:02:45.790 - INFO: Processing command "clear-cache": clear the cache (unpinned elements only)
2026-09-28 21:02:45.808 - INFO: 
2026-09-28 21:02:45.808 - INFO: Request received via POST, content type "application/x-www-form-urlencoded"
2026-09-28 21:02:45.809 - INFO: Processing the following SPARQL query:
# Tier H — size-sweep
# Goal: isolate export cost from query-planning cost. Raise the year bound
# across runs, for example 1970, 1990, 2010, and 2023.
PREFIX dblp: <https://dblp.org/rdf/schema#>

CONSTRUCT { ?s ?p ?o }
WHERE {
  ?s a dblp:Publication ;
     dblp:yearOfPublication ?year ;
     ?p ?o .
  FILTER(?year <= "1970"^^<http://www.w3.org/2001/XMLSchema#gYear>)
}

2026-09-28 21:02:45.809 - INFO: Requested media types of the result are: "text/turtle"
2026-09-28 21:02:45.810 - INFO: Query planning done in 1 ms
2026-09-28 21:02:45.832 - INFO: Result has unknown size (not computed yet)
2026-09-28 21:02:46.477 - INFO: Done processing query and sending result, total time was 668 ms
2026-09-28 21:02:46.495 - INFO: 
2026-09-28 21:02:46.495 - INFO: Request received via GET, no content type specified
2026-09-28 21:02:46.495 - INFO: Processing command "clear-cache": clear the cache (unpinned elements only)
2026-09-28 21:02:46.521 - INFO: 
2026-09-28 21:02:46.521 - INFO: Request received via POST, content type "application/x-www-form-urlencoded"
2026-09-28 21:02:46.521 - INFO: Processing the following SPARQL query:
# Tier H — size-sweep
# Goal: isolate export cost from query-planning cost. Raise the year bound
# across runs, for example 1970, 1990, 2010, and 2023.
PREFIX dblp: <https://dblp.org/rdf/schema#>

CONSTRUCT { ?s ?p ?o }
WHERE {
  ?s a dblp:Publication ;
     dblp:yearOfPublication ?year ;
     ?p ?o .
  FILTER(?year <= "1970"^^<http://www.w3.org/2001/XMLSchema#gYear>)
}

2026-09-28 21:02:46.521 - INFO: Requested media types of the result are: "text/turtle"
2026-09-28 21:02:46.522 - INFO: Query planning done in 1 ms
2026-09-28 21:02:46.546 - INFO: Result has unknown size (not computed yet)
2026-09-28 21:02:47.116 - INFO: Done processing query and sending result, total time was 594 ms
2026-09-28 21:02:47.656 - INFO: 
2026-09-28 21:02:47.656 - INFO: Request received via GET, no content type specified
2026-09-28 21:02:47.656 - INFO: Processing command "clear-cache": clear the cache (unpinned elements only)
2026-09-28 21:02:47.695 - INFO: 
2026-09-28 21:02:47.695 - INFO: Request received via POST, content type "application/x-www-form-urlencoded"
2026-09-28 21:02:47.696 - INFO: Processing the following SPARQL query:
# Tier H — size-sweep
# Goal: isolate export cost from query-planning cost. Raise the year bound
# across runs, for example 1970, 1990, 2010, and 2023.
PREFIX dblp: <https://dblp.org/rdf/schema#>

CONSTRUCT { ?s ?p ?o }
WHERE {
  ?s a dblp:Publication ;
     dblp:yearOfPublication ?year ;
     ?p ?o .
  FILTER(?year <= "1970"^^<http://www.w3.org/2001/XMLSchema#gYear>)
}

2026-09-28 21:02:47.696 - INFO: Requested media types of the result are: "text/turtle"
2026-09-28 21:02:47.697 - INFO: Query planning done in 1 ms
2026-09-28 21:02:47.721 - INFO: Result has unknown size (not computed yet)
2026-09-28 21:02:48.366 - INFO: Done processing query and sending result, total time was 670 ms
2026-09-28 21:02:48.385 - INFO: 
2026-09-28 21:02:48.385 - INFO: Request received via GET, no content type specified
2026-09-28 21:02:48.385 - INFO: Processing command "clear-cache": clear the cache (unpinned elements only)
2026-09-28 21:02:48.403 - INFO: 
2026-09-28 21:02:48.403 - INFO: Request received via POST, content type "application/x-www-form-urlencoded"
2026-09-28 21:02:48.404 - INFO: Processing the following SPARQL query:
# Tier H — size-sweep
# Goal: isolate export cost from query-planning cost. Raise the year bound
# across runs, for example 1970, 1990, 2010, and 2023.
PREFIX dblp: <https://dblp.org/rdf/schema#>

CONSTRUCT { ?s ?p ?o }
WHERE {
  ?s a dblp:Publication ;
     dblp:yearOfPublication ?year ;
     ?p ?o .
  FILTER(?year <= "1970"^^<http://www.w3.org/2001/XMLSchema#gYear>)
}

2026-09-28 21:02:48.404 - INFO: Requested media types of the result are: "text/turtle"
2026-09-28 21:02:48.405 - INFO: Query planning done in 1 ms
2026-09-28 21:02:48.428 - INFO: Result has unknown size (not computed yet)
2026-09-28 21:02:49.078 - INFO: Done processing query and sending result, total time was 674 ms
2026-09-28 21:02:49.097 - INFO: 
2026-09-28 21:02:49.097 - INFO: Request received via GET, no content type specified
2026-09-28 21:02:49.097 - INFO: Processing command "clear-cache": clear the cache (unpinned elements only)
2026-09-28 21:02:49.115 - INFO: 
2026-09-28 21:02:49.115 - INFO: Request received via POST, content type "application/x-www-form-urlencoded"
2026-09-28 21:02:49.115 - INFO: Processing the following SPARQL query:
# Tier H — size-sweep
# Goal: isolate export cost from query-planning cost. Raise the year bound
# across runs, for example 1970, 1990, 2010, and 2023.
PREFIX dblp: <https://dblp.org/rdf/schema#>

CONSTRUCT { ?s ?p ?o }
WHERE {
  ?s a dblp:Publication ;
     dblp:yearOfPublication ?year ;
     ?p ?o .
  FILTER(?year <= "1970"^^<http://www.w3.org/2001/XMLSchema#gYear>)
}

2026-09-28 21:02:49.115 - INFO: Requested media types of the result are: "text/turtle"
2026-09-28 21:02:49.117 - INFO: Query planning done in 1 ms
2026-09-28 21:02:49.140 - INFO: Result has unknown size (not computed yet)
2026-09-28 21:02:49.789 - INFO: Done processing query and sending result, total time was 674 ms
2026-09-28 21:02:49.808 - INFO: 
2026-09-28 21:02:49.808 - INFO: Request received via GET, no content type specified
2026-09-28 21:02:49.808 - INFO: Processing command "clear-cache": clear the cache (unpinned elements only)
2026-09-28 21:02:49.827 - INFO: 
2026-09-28 21:02:49.827 - INFO: Request received via POST, content type "application/x-www-form-urlencoded"
2026-09-28 21:02:49.827 - INFO: Processing the following SPARQL query:
# Tier H — size-sweep
# Goal: isolate export cost from query-planning cost. Raise the year bound
# across runs, for example 1970, 1990, 2010, and 2023.
PREFIX dblp: <https://dblp.org/rdf/schema#>

CONSTRUCT { ?s ?p ?o }
WHERE {
  ?s a dblp:Publication ;
     dblp:yearOfPublication ?year ;
     ?p ?o .
  FILTER(?year <= "1970"^^<http://www.w3.org/2001/XMLSchema#gYear>)
}

2026-09-28 21:02:49.827 - INFO: Requested media types of the result are: "text/turtle"
2026-09-28 21:02:49.828 - INFO: Query planning done in 1 ms
2026-09-28 21:02:49.852 - INFO: Result has unknown size (not computed yet)
2026-09-28 21:02:50.469 - INFO: Done processing query and sending result, total time was 642 ms
2026-09-28 21:02:50.488 - INFO: 
2026-09-28 21:02:50.488 - INFO: Request received via GET, no content type specified
2026-09-28 21:02:50.488 - INFO: Processing command "clear-cache": clear the cache (unpinned elements only)
2026-09-28 21:02:50.506 - INFO: 
2026-09-28 21:02:50.506 - INFO: Request received via POST, content type "application/x-www-form-urlencoded"
2026-09-28 21:02:50.507 - INFO: Processing the following SPARQL query:
# Tier H — size-sweep
# Goal: isolate export cost from query-planning cost. Raise the year bound
# across runs, for example 1970, 1990, 2010, and 2023.
PREFIX dblp: <https://dblp.org/rdf/schema#>

CONSTRUCT { ?s ?p ?o }
WHERE {
  ?s a dblp:Publication ;
     dblp:yearOfPublication ?year ;
     ?p ?o .
  FILTER(?year <= "1970"^^<http://www.w3.org/2001/XMLSchema#gYear>)
}

2026-09-28 21:02:50.507 - INFO: Requested media types of the result are: "text/turtle"
2026-09-28 21:02:50.508 - INFO: Query planning done in 1 ms
2026-09-28 21:02:50.531 - INFO: Result has unknown size (not computed yet)
2026-09-28 21:02:51.090 - INFO: Done processing query and sending result, total time was 583 ms
2026-09-28 21:02:51.109 - INFO: 
2026-09-28 21:02:51.109 - INFO: Request received via GET, no content type specified
2026-09-28 21:02:51.109 - INFO: Processing command "clear-cache": clear the cache (unpinned elements only)
2026-09-28 21:02:51.127 - INFO: 
2026-09-28 21:02:51.127 - INFO: Request received via POST, content type "application/x-www-form-urlencoded"
2026-09-28 21:02:51.127 - INFO: Processing the following SPARQL query:
# Tier H — size-sweep
# Goal: isolate export cost from query-planning cost. Raise the year bound
# across runs, for example 1970, 1990, 2010, and 2023.
PREFIX dblp: <https://dblp.org/rdf/schema#>

CONSTRUCT { ?s ?p ?o }
WHERE {
  ?s a dblp:Publication ;
     dblp:yearOfPublication ?year ;
     ?p ?o .
  FILTER(?year <= "1970"^^<http://www.w3.org/2001/XMLSchema#gYear>)
}

2026-09-28 21:02:51.127 - INFO: Requested media types of the result are: "text/turtle"
2026-09-28 21:02:51.128 - INFO: Query planning done in 1 ms
2026-09-28 21:02:51.150 - INFO: Result has unknown size (not computed yet)
2026-09-28 21:02:51.721 - INFO: Done processing query and sending result, total time was 594 ms
2026-09-28 21:03:23.669 - INFO: 
2026-09-28 21:03:23.669 - INFO: Request received via GET, no content type specified
2026-09-28 21:03:23.669 - INFO: Processing command "clear-cache": clear the cache (unpinned elements only)
2026-09-28 21:03:23.687 - INFO: 
2026-09-28 21:03:23.687 - INFO: Request received via POST, content type "application/x-www-form-urlencoded"
2026-09-28 21:03:23.687 - INFO: Processing the following SPARQL query:
# Tier H — size-sweep, year <= 1990
# Goal: isolate export cost from query-planning cost. Raise the year bound
# across runs, for example 1970, 1990, 2010, and 2023.
PREFIX dblp: <https://dblp.org/rdf/schema#>

CONSTRUCT { ?s ?p ?o }
WHERE {
  ?s a dblp:Publication ;
     dblp:yearOfPublication ?year ;
     ?p ?o .
  FILTER(?year <= "1990"^^<http://www.w3.org/2001/XMLSchema#gYear>)
}

2026-09-28 21:03:23.687 - INFO: Requested media types of the result are: "text/turtle"
2026-09-28 21:03:23.688 - INFO: Query planning done in 1 ms
2026-09-28 21:03:23.799 - INFO: Result has unknown size (not computed yet)
2026-09-28 21:03:31.438 - INFO: Done processing query and sending result, total time was 7,750 ms
2026-09-28 21:03:59.215 - INFO: 
2026-09-28 21:03:59.215 - INFO: Request received via GET, no content type specified
2026-09-28 21:03:59.215 - INFO: Processing command "clear-cache": clear the cache (unpinned elements only)
2026-09-28 21:03:59.233 - INFO: 
2026-09-28 21:03:59.233 - INFO: Request received via POST, content type "application/x-www-form-urlencoded"
2026-09-28 21:03:59.233 - INFO: Processing the following SPARQL query:
# Tier H — size-sweep, year <= 1990
# Goal: isolate export cost from query-planning cost. Raise the year bound
# across runs, for example 1970, 1990, 2010, and 2023.
PREFIX dblp: <https://dblp.org/rdf/schema#>

CONSTRUCT { ?s ?p ?o }
WHERE {
  ?s a dblp:Publication ;
     dblp:yearOfPublication ?year ;
     ?p ?o .
  FILTER(?year <= "1990"^^<http://www.w3.org/2001/XMLSchema#gYear>)
}

2026-09-28 21:03:59.233 - INFO: Requested media types of the result are: "text/turtle"
2026-09-28 21:03:59.234 - INFO: Query planning done in 1 ms
2026-09-28 21:03:59.338 - INFO: Result has unknown size (not computed yet)
2026-09-28 21:04:05.929 - INFO: Done processing query and sending result, total time was 6,696 ms
2026-09-28 21:04:05.949 - INFO: 
2026-09-28 21:04:05.949 - INFO: Request received via GET, no content type specified
2026-09-28 21:04:05.949 - INFO: Processing command "clear-cache": clear the cache (unpinned elements only)
2026-09-28 21:04:05.976 - INFO: 
2026-09-28 21:04:05.976 - INFO: Request received via POST, content type "application/x-www-form-urlencoded"
2026-09-28 21:04:05.976 - INFO: Processing the following SPARQL query:
# Tier H — size-sweep, year <= 1990
# Goal: isolate export cost from query-planning cost. Raise the year bound
# across runs, for example 1970, 1990, 2010, and 2023.
PREFIX dblp: <https://dblp.org/rdf/schema#>

CONSTRUCT { ?s ?p ?o }
WHERE {
  ?s a dblp:Publication ;
     dblp:yearOfPublication ?year ;
     ?p ?o .
  FILTER(?year <= "1990"^^<http://www.w3.org/2001/XMLSchema#gYear>)
}

2026-09-28 21:04:05.976 - INFO: Requested media types of the result are: "text/turtle"
2026-09-28 21:04:05.977 - INFO: Query planning done in 1 ms
2026-09-28 21:04:06.057 - INFO: Result has unknown size (not computed yet)
2026-09-28 21:04:12.291 - INFO: Done processing query and sending result, total time was 6,315 ms
2026-09-28 21:06:02.748 - INFO: 
2026-09-28 21:06:02.748 - INFO: Request received via GET, no content type specified
2026-09-28 21:06:02.748 - INFO: Processing command "clear-cache": clear the cache (unpinned elements only)
2026-09-28 21:06:02.766 - INFO: 
2026-09-28 21:06:02.766 - INFO: Request received via POST, content type "application/x-www-form-urlencoded"
2026-09-28 21:06:02.767 - INFO: Processing the following SPARQL query:
# Tier H — size-sweep, year <= 1990
# Goal: isolate export cost from query-planning cost. Raise the year bound
# across runs, for example 1970, 1990, 2010, and 2023.
PREFIX dblp: <https://dblp.org/rdf/schema#>

CONSTRUCT { ?s ?p ?o }
WHERE {
  ?s a dblp:Publication ;
     dblp:yearOfPublication ?year ;
     ?p ?o .
  FILTER(?year <= "1990"^^<http://www.w3.org/2001/XMLSchema#gYear>)
}

2026-09-28 21:06:02.767 - INFO: Requested media types of the result are: "text/turtle"
2026-09-28 21:06:02.768 - INFO: Query planning done in 1 ms
2026-09-28 21:06:02.855 - INFO: Result has unknown size (not computed yet)
2026-09-28 21:06:09.518 - INFO: Done processing query and sending result, total time was 6,751 ms
2026-09-28 21:06:09.538 - INFO: 
2026-09-28 21:06:09.538 - INFO: Request received via GET, no content type specified
2026-09-28 21:06:09.538 - INFO: Processing command "clear-cache": clear the cache (unpinned elements only)
2026-09-28 21:06:09.556 - INFO: 
2026-09-28 21:06:09.556 - INFO: Request received via POST, content type "application/x-www-form-urlencoded"
2026-09-28 21:06:09.556 - INFO: Processing the following SPARQL query:
# Tier H — size-sweep, year <= 1990
# Goal: isolate export cost from query-planning cost. Raise the year bound
# across runs, for example 1970, 1990, 2010, and 2023.
PREFIX dblp: <https://dblp.org/rdf/schema#>

CONSTRUCT { ?s ?p ?o }
WHERE {
  ?s a dblp:Publication ;
     dblp:yearOfPublication ?year ;
     ?p ?o .
  FILTER(?year <= "1990"^^<http://www.w3.org/2001/XMLSchema#gYear>)
}

2026-09-28 21:06:09.556 - INFO: Requested media types of the result are: "text/turtle"
2026-09-28 21:06:09.557 - INFO: Query planning done in 1 ms
2026-09-28 21:06:09.660 - INFO: Result has unknown size (not computed yet)
2026-09-28 21:06:16.075 - INFO: Done processing query and sending result, total time was 6,518 ms
2026-09-28 21:06:16.399 - INFO: 
2026-09-28 21:06:16.399 - INFO: Request received via GET, no content type specified
2026-09-28 21:06:16.399 - INFO: Processing command "clear-cache": clear the cache (unpinned elements only)
2026-09-28 21:06:16.417 - INFO: 
2026-09-28 21:06:16.417 - INFO: Request received via POST, content type "application/x-www-form-urlencoded"
2026-09-28 21:06:16.418 - INFO: Processing the following SPARQL query:
# Tier H — size-sweep, year <= 1990
# Goal: isolate export cost from query-planning cost. Raise the year bound
# across runs, for example 1970, 1990, 2010, and 2023.
PREFIX dblp: <https://dblp.org/rdf/schema#>

CONSTRUCT { ?s ?p ?o }
WHERE {
  ?s a dblp:Publication ;
     dblp:yearOfPublication ?year ;
     ?p ?o .
  FILTER(?year <= "1990"^^<http://www.w3.org/2001/XMLSchema#gYear>)
}

2026-09-28 21:06:16.418 - INFO: Requested media types of the result are: "text/turtle"
2026-09-28 21:06:16.419 - INFO: Query planning done in 2 ms
2026-09-28 21:06:16.501 - INFO: Result has unknown size (not computed yet)
2026-09-28 21:06:23.087 - INFO: Done processing query and sending result, total time was 6,670 ms
2026-09-28 21:06:23.107 - INFO: 
2026-09-28 21:06:23.107 - INFO: Request received via GET, no content type specified
2026-09-28 21:06:23.107 - INFO: Processing command "clear-cache": clear the cache (unpinned elements only)
2026-09-28 21:06:23.125 - INFO: 
2026-09-28 21:06:23.125 - INFO: Request received via POST, content type "application/x-www-form-urlencoded"
2026-09-28 21:06:23.125 - INFO: Processing the following SPARQL query:
# Tier H — size-sweep, year <= 1990
# Goal: isolate export cost from query-planning cost. Raise the year bound
# across runs, for example 1970, 1990, 2010, and 2023.
PREFIX dblp: <https://dblp.org/rdf/schema#>

CONSTRUCT { ?s ?p ?o }
WHERE {
  ?s a dblp:Publication ;
     dblp:yearOfPublication ?year ;
     ?p ?o .
  FILTER(?year <= "1990"^^<http://www.w3.org/2001/XMLSchema#gYear>)
}

2026-09-28 21:06:23.125 - INFO: Requested media types of the result are: "text/turtle"
2026-09-28 21:06:23.126 - INFO: Query planning done in 1 ms
2026-09-28 21:06:23.203 - INFO: Result has unknown size (not computed yet)
2026-09-28 21:06:29.957 - INFO: Done processing query and sending result, total time was 6,831 ms
2026-09-28 21:08:20.487 - INFO: 
2026-09-28 21:08:20.487 - INFO: Request received via GET, no content type specified
2026-09-28 21:08:20.487 - INFO: Processing command "clear-cache": clear the cache (unpinned elements only)
2026-09-28 21:08:20.505 - INFO: 
2026-09-28 21:08:20.505 - INFO: Request received via POST, content type "application/x-www-form-urlencoded"
2026-09-28 21:08:20.505 - INFO: Processing the following SPARQL query:
# Tier H — size-sweep, year <= 1990
# Goal: isolate export cost from query-planning cost. Raise the year bound
# across runs, for example 1970, 1990, 2010, and 2023.
PREFIX dblp: <https://dblp.org/rdf/schema#>

CONSTRUCT { ?s ?p ?o }
WHERE {
  ?s a dblp:Publication ;
     dblp:yearOfPublication ?year ;
     ?p ?o .
  FILTER(?year <= "1990"^^<http://www.w3.org/2001/XMLSchema#gYear>)
}

2026-09-28 21:08:20.505 - INFO: Requested media types of the result are: "text/turtle"
2026-09-28 21:08:20.506 - INFO: Query planning done in 1 ms
2026-09-28 21:08:20.607 - INFO: Result has unknown size (not computed yet)
2026-09-28 21:08:27.292 - INFO: Done processing query and sending result, total time was 6,787 ms
2026-09-28 21:08:27.311 - INFO: 
2026-09-28 21:08:27.311 - INFO: Request received via GET, no content type specified
2026-09-28 21:08:27.311 - INFO: Processing command "clear-cache": clear the cache (unpinned elements only)
2026-09-28 21:08:27.329 - INFO: 
2026-09-28 21:08:27.329 - INFO: Request received via POST, content type "application/x-www-form-urlencoded"
2026-09-28 21:08:27.330 - INFO: Processing the following SPARQL query:
# Tier H — size-sweep, year <= 1990
# Goal: isolate export cost from query-planning cost. Raise the year bound
# across runs, for example 1970, 1990, 2010, and 2023.
PREFIX dblp: <https://dblp.org/rdf/schema#>

CONSTRUCT { ?s ?p ?o }
WHERE {
  ?s a dblp:Publication ;
     dblp:yearOfPublication ?year ;
     ?p ?o .
  FILTER(?year <= "1990"^^<http://www.w3.org/2001/XMLSchema#gYear>)
}

2026-09-28 21:08:27.330 - INFO: Requested media types of the result are: "text/turtle"
2026-09-28 21:08:27.331 - INFO: Query planning done in 1 ms
2026-09-28 21:08:27.434 - INFO: Result has unknown size (not computed yet)
2026-09-28 21:08:33.896 - INFO: Done processing query and sending result, total time was 6,566 ms
2026-09-28 21:08:34.221 - INFO: 
2026-09-28 21:08:34.221 - INFO: Request received via GET, no content type specified
2026-09-28 21:08:34.221 - INFO: Processing command "clear-cache": clear the cache (unpinned elements only)
2026-09-28 21:08:34.247 - INFO: 
2026-09-28 21:08:34.247 - INFO: Request received via POST, content type "application/x-www-form-urlencoded"
2026-09-28 21:08:34.247 - INFO: Processing the following SPARQL query:
# Tier H — size-sweep, year <= 1990
# Goal: isolate export cost from query-planning cost. Raise the year bound
# across runs, for example 1970, 1990, 2010, and 2023.
PREFIX dblp: <https://dblp.org/rdf/schema#>

CONSTRUCT { ?s ?p ?o }
WHERE {
  ?s a dblp:Publication ;
     dblp:yearOfPublication ?year ;
     ?p ?o .
  FILTER(?year <= "1990"^^<http://www.w3.org/2001/XMLSchema#gYear>)
}

2026-09-28 21:08:34.247 - INFO: Requested media types of the result are: "text/turtle"
2026-09-28 21:08:34.248 - INFO: Query planning done in 1 ms
2026-09-28 21:08:34.351 - INFO: Result has unknown size (not computed yet)
2026-09-28 21:08:41.102 - INFO: Done processing query and sending result, total time was 6,855 ms
2026-09-28 21:08:41.122 - INFO: 
2026-09-28 21:08:41.122 - INFO: Request received via GET, no content type specified
2026-09-28 21:08:41.122 - INFO: Processing command "clear-cache": clear the cache (unpinned elements only)
2026-09-28 21:08:41.140 - INFO: 
2026-09-28 21:08:41.140 - INFO: Request received via POST, content type "application/x-www-form-urlencoded"
2026-09-28 21:08:41.141 - INFO: Processing the following SPARQL query:
# Tier H — size-sweep, year <= 1990
# Goal: isolate export cost from query-planning cost. Raise the year bound
# across runs, for example 1970, 1990, 2010, and 2023.
PREFIX dblp: <https://dblp.org/rdf/schema#>

CONSTRUCT { ?s ?p ?o }
WHERE {
  ?s a dblp:Publication ;
     dblp:yearOfPublication ?year ;
     ?p ?o .
  FILTER(?year <= "1990"^^<http://www.w3.org/2001/XMLSchema#gYear>)
}

2026-09-28 21:08:41.141 - INFO: Requested media types of the result are: "text/turtle"
2026-09-28 21:08:41.142 - INFO: Query planning done in 1 ms
2026-09-28 21:08:41.244 - INFO: Result has unknown size (not computed yet)
2026-09-28 21:08:47.787 - INFO: Done processing query and sending result, total time was 6,647 ms
2026-09-28 21:10:37.732 - INFO: 
2026-09-28 21:10:37.732 - INFO: Request received via GET, no content type specified
2026-09-28 21:10:37.732 - INFO: Processing command "clear-cache": clear the cache (unpinned elements only)
2026-09-28 21:10:37.750 - INFO: 
2026-09-28 21:10:37.750 - INFO: Request received via POST, content type "application/x-www-form-urlencoded"
2026-09-28 21:10:37.751 - INFO: Processing the following SPARQL query:
# Tier H — size-sweep, year <= 1990
# Goal: isolate export cost from query-planning cost. Raise the year bound
# across runs, for example 1970, 1990, 2010, and 2023.
PREFIX dblp: <https://dblp.org/rdf/schema#>

CONSTRUCT { ?s ?p ?o }
WHERE {
  ?s a dblp:Publication ;
     dblp:yearOfPublication ?year ;
     ?p ?o .
  FILTER(?year <= "1990"^^<http://www.w3.org/2001/XMLSchema#gYear>)
}

2026-09-28 21:10:37.751 - INFO: Requested media types of the result are: "text/turtle"
2026-09-28 21:10:37.752 - INFO: Query planning done in 1 ms
2026-09-28 21:10:37.834 - INFO: Result has unknown size (not computed yet)
2026-09-28 21:10:44.111 - INFO: Done processing query and sending result, total time was 6,360 ms
2026-09-28 21:10:44.130 - INFO: 
2026-09-28 21:10:44.130 - INFO: Request received via GET, no content type specified
2026-09-28 21:10:44.130 - INFO: Processing command "clear-cache": clear the cache (unpinned elements only)
2026-09-28 21:10:44.148 - INFO: 
2026-09-28 21:10:44.148 - INFO: Request received via POST, content type "application/x-www-form-urlencoded"
2026-09-28 21:10:44.149 - INFO: Processing the following SPARQL query:
# Tier H — size-sweep, year <= 1990
# Goal: isolate export cost from query-planning cost. Raise the year bound
# across runs, for example 1970, 1990, 2010, and 2023.
PREFIX dblp: <https://dblp.org/rdf/schema#>

CONSTRUCT { ?s ?p ?o }
WHERE {
  ?s a dblp:Publication ;
     dblp:yearOfPublication ?year ;
     ?p ?o .
  FILTER(?year <= "1990"^^<http://www.w3.org/2001/XMLSchema#gYear>)
}

2026-09-28 21:10:44.149 - INFO: Requested media types of the result are: "text/turtle"
2026-09-28 21:10:44.150 - INFO: Query planning done in 1 ms
2026-09-28 21:10:44.234 - INFO: Result has unknown size (not computed yet)
2026-09-28 21:10:50.439 - INFO: Done processing query and sending result, total time was 6,290 ms
2026-09-28 21:10:50.764 - INFO: 
2026-09-28 21:10:50.764 - INFO: Request received via GET, no content type specified
2026-09-28 21:10:50.764 - INFO: Processing command "clear-cache": clear the cache (unpinned elements only)
2026-09-28 21:10:50.782 - INFO: 
2026-09-28 21:10:50.782 - INFO: Request received via POST, content type "application/x-www-form-urlencoded"
2026-09-28 21:10:50.782 - INFO: Processing the following SPARQL query:
# Tier H — size-sweep, year <= 1990
# Goal: isolate export cost from query-planning cost. Raise the year bound
# across runs, for example 1970, 1990, 2010, and 2023.
PREFIX dblp: <https://dblp.org/rdf/schema#>

CONSTRUCT { ?s ?p ?o }
WHERE {
  ?s a dblp:Publication ;
     dblp:yearOfPublication ?year ;
     ?p ?o .
  FILTER(?year <= "1990"^^<http://www.w3.org/2001/XMLSchema#gYear>)
}

2026-09-28 21:10:50.782 - INFO: Requested media types of the result are: "text/turtle"
2026-09-28 21:10:50.784 - INFO: Query planning done in 1 ms
2026-09-28 21:10:50.885 - INFO: Result has unknown size (not computed yet)
2026-09-28 21:10:57.606 - INFO: Done processing query and sending result, total time was 6,823 ms
2026-09-28 21:10:57.625 - INFO: 
2026-09-28 21:10:57.625 - INFO: Request received via GET, no content type specified
2026-09-28 21:10:57.625 - INFO: Processing command "clear-cache": clear the cache (unpinned elements only)
2026-09-28 21:10:57.644 - INFO: 
2026-09-28 21:10:57.644 - INFO: Request received via POST, content type "application/x-www-form-urlencoded"
2026-09-28 21:10:57.645 - INFO: Processing the following SPARQL query:
# Tier H — size-sweep, year <= 1990
# Goal: isolate export cost from query-planning cost. Raise the year bound
# across runs, for example 1970, 1990, 2010, and 2023.
PREFIX dblp: <https://dblp.org/rdf/schema#>

CONSTRUCT { ?s ?p ?o }
WHERE {
  ?s a dblp:Publication ;
     dblp:yearOfPublication ?year ;
     ?p ?o .
  FILTER(?year <= "1990"^^<http://www.w3.org/2001/XMLSchema#gYear>)
}

2026-09-28 21:10:57.645 - INFO: Requested media types of the result are: "text/turtle"
2026-09-28 21:10:57.646 - INFO: Query planning done in 1 ms
2026-09-28 21:10:57.748 - INFO: Result has unknown size (not computed yet)
2026-09-28 21:11:04.040 - INFO: Done processing query and sending result, total time was 6,395 ms
2026-09-28 21:12:54.929 - INFO: 
2026-09-28 21:12:54.929 - INFO: Request received via GET, no content type specified
2026-09-28 21:12:54.929 - INFO: Processing command "clear-cache": clear the cache (unpinned elements only)
2026-09-28 21:12:54.947 - INFO: 
2026-09-28 21:12:54.947 - INFO: Request received via POST, content type "application/x-www-form-urlencoded"
2026-09-28 21:12:54.947 - INFO: Processing the following SPARQL query:
# Tier H — size-sweep, year <= 1990
# Goal: isolate export cost from query-planning cost. Raise the year bound
# across runs, for example 1970, 1990, 2010, and 2023.
PREFIX dblp: <https://dblp.org/rdf/schema#>

CONSTRUCT { ?s ?p ?o }
WHERE {
  ?s a dblp:Publication ;
     dblp:yearOfPublication ?year ;
     ?p ?o .
  FILTER(?year <= "1990"^^<http://www.w3.org/2001/XMLSchema#gYear>)
}

2026-09-28 21:12:54.947 - INFO: Requested media types of the result are: "text/turtle"
2026-09-28 21:12:54.948 - INFO: Query planning done in 1 ms
2026-09-28 21:12:55.027 - INFO: Result has unknown size (not computed yet)
2026-09-28 21:13:01.715 - INFO: Done processing query and sending result, total time was 6,768 ms
2026-09-28 21:13:01.735 - INFO: 
2026-09-28 21:13:01.735 - INFO: Request received via GET, no content type specified
2026-09-28 21:13:01.735 - INFO: Processing command "clear-cache": clear the cache (unpinned elements only)
2026-09-28 21:13:01.761 - INFO: 
2026-09-28 21:13:01.762 - INFO: Request received via POST, content type "application/x-www-form-urlencoded"
2026-09-28 21:13:01.762 - INFO: Processing the following SPARQL query:
# Tier H — size-sweep, year <= 1990
# Goal: isolate export cost from query-planning cost. Raise the year bound
# across runs, for example 1970, 1990, 2010, and 2023.
PREFIX dblp: <https://dblp.org/rdf/schema#>

CONSTRUCT { ?s ?p ?o }
WHERE {
  ?s a dblp:Publication ;
     dblp:yearOfPublication ?year ;
     ?p ?o .
  FILTER(?year <= "1990"^^<http://www.w3.org/2001/XMLSchema#gYear>)
}

2026-09-28 21:13:01.762 - INFO: Requested media types of the result are: "text/turtle"
2026-09-28 21:13:01.763 - INFO: Query planning done in 1 ms
2026-09-28 21:13:01.843 - INFO: Result has unknown size (not computed yet)
2026-09-28 21:13:08.149 - INFO: Done processing query and sending result, total time was 6,387 ms
2026-09-28 21:13:08.474 - INFO: 
2026-09-28 21:13:08.474 - INFO: Request received via GET, no content type specified
2026-09-28 21:13:08.474 - INFO: Processing command "clear-cache": clear the cache (unpinned elements only)
2026-09-28 21:13:08.492 - INFO: 
2026-09-28 21:13:08.492 - INFO: Request received via POST, content type "application/x-www-form-urlencoded"
2026-09-28 21:13:08.492 - INFO: Processing the following SPARQL query:
# Tier H — size-sweep, year <= 1990
# Goal: isolate export cost from query-planning cost. Raise the year bound
# across runs, for example 1970, 1990, 2010, and 2023.
PREFIX dblp: <https://dblp.org/rdf/schema#>

CONSTRUCT { ?s ?p ?o }
WHERE {
  ?s a dblp:Publication ;
     dblp:yearOfPublication ?year ;
     ?p ?o .
  FILTER(?year <= "1990"^^<http://www.w3.org/2001/XMLSchema#gYear>)
}

2026-09-28 21:13:08.492 - INFO: Requested media types of the result are: "text/turtle"
2026-09-28 21:13:08.493 - INFO: Query planning done in 1 ms
2026-09-28 21:13:08.597 - INFO: Result has unknown size (not computed yet)
2026-09-28 21:13:15.223 - INFO: Done processing query and sending result, total time was 6,730 ms
2026-09-28 21:13:15.243 - INFO: 
2026-09-28 21:13:15.243 - INFO: Request received via GET, no content type specified
2026-09-28 21:13:15.243 - INFO: Processing command "clear-cache": clear the cache (unpinned elements only)
2026-09-28 21:13:15.261 - INFO: 
2026-09-28 21:13:15.261 - INFO: Request received via POST, content type "application/x-www-form-urlencoded"
2026-09-28 21:13:15.262 - INFO: Processing the following SPARQL query:
# Tier H — size-sweep, year <= 1990
# Goal: isolate export cost from query-planning cost. Raise the year bound
# across runs, for example 1970, 1990, 2010, and 2023.
PREFIX dblp: <https://dblp.org/rdf/schema#>

CONSTRUCT { ?s ?p ?o }
WHERE {
  ?s a dblp:Publication ;
     dblp:yearOfPublication ?year ;
     ?p ?o .
  FILTER(?year <= "1990"^^<http://www.w3.org/2001/XMLSchema#gYear>)
}

2026-09-28 21:13:15.262 - INFO: Requested media types of the result are: "text/turtle"
2026-09-28 21:13:15.263 - INFO: Query planning done in 1 ms
2026-09-28 21:13:15.343 - INFO: Result has unknown size (not computed yet)
2026-09-28 21:13:21.658 - INFO: Done processing query and sending result, total time was 6,396 ms
2026-09-28 21:15:11.455 - INFO: 
2026-09-28 21:15:11.455 - INFO: Request received via GET, no content type specified
2026-09-28 21:15:11.455 - INFO: Processing command "clear-cache": clear the cache (unpinned elements only)
2026-09-28 21:15:11.476 - INFO: 
2026-09-28 21:15:11.476 - INFO: Request received via POST, content type "application/x-www-form-urlencoded"
2026-09-28 21:15:11.476 - INFO: Processing the following SPARQL query:
# Tier H — size-sweep, year <= 1990
# Goal: isolate export cost from query-planning cost. Raise the year bound
# across runs, for example 1970, 1990, 2010, and 2023.
PREFIX dblp: <https://dblp.org/rdf/schema#>

CONSTRUCT { ?s ?p ?o }
WHERE {
  ?s a dblp:Publication ;
     dblp:yearOfPublication ?year ;
     ?p ?o .
  FILTER(?year <= "1990"^^<http://www.w3.org/2001/XMLSchema#gYear>)
}

2026-09-28 21:15:11.476 - INFO: Requested media types of the result are: "text/turtle"
2026-09-28 21:15:11.477 - INFO: Query planning done in 1 ms
2026-09-28 21:15:11.574 - INFO: Result has unknown size (not computed yet)
2026-09-28 21:15:18.419 - INFO: Done processing query and sending result, total time was 6,943 ms
2026-09-28 21:15:18.442 - INFO: 
2026-09-28 21:15:18.442 - INFO: Request received via GET, no content type specified
2026-09-28 21:15:18.443 - INFO: Processing command "clear-cache": clear the cache (unpinned elements only)
2026-09-28 21:15:18.464 - INFO: 
2026-09-28 21:15:18.464 - INFO: Request received via POST, content type "application/x-www-form-urlencoded"
2026-09-28 21:15:18.464 - INFO: Processing the following SPARQL query:
# Tier H — size-sweep, year <= 1990
# Goal: isolate export cost from query-planning cost. Raise the year bound
# across runs, for example 1970, 1990, 2010, and 2023.
PREFIX dblp: <https://dblp.org/rdf/schema#>

CONSTRUCT { ?s ?p ?o }
WHERE {
  ?s a dblp:Publication ;
     dblp:yearOfPublication ?year ;
     ?p ?o .
  FILTER(?year <= "1990"^^<http://www.w3.org/2001/XMLSchema#gYear>)
}

2026-09-28 21:15:18.464 - INFO: Requested media types of the result are: "text/turtle"
2026-09-28 21:15:18.465 - INFO: Query planning done in 1 ms
2026-09-28 21:15:18.547 - INFO: Result has unknown size (not computed yet)
2026-09-28 21:15:25.335 - INFO: Done processing query and sending result, total time was 6,870 ms
2026-09-28 21:15:25.880 - INFO: 
2026-09-28 21:15:25.880 - INFO: Request received via GET, no content type specified
2026-09-28 21:15:25.880 - INFO: Processing command "clear-cache": clear the cache (unpinned elements only)
2026-09-28 21:15:25.917 - INFO: 
2026-09-28 21:15:25.917 - INFO: Request received via POST, content type "application/x-www-form-urlencoded"
2026-09-28 21:15:25.917 - INFO: Processing the following SPARQL query:
# Tier H — size-sweep, year <= 1990
# Goal: isolate export cost from query-planning cost. Raise the year bound
# across runs, for example 1970, 1990, 2010, and 2023.
PREFIX dblp: <https://dblp.org/rdf/schema#>

CONSTRUCT { ?s ?p ?o }
WHERE {
  ?s a dblp:Publication ;
     dblp:yearOfPublication ?year ;
     ?p ?o .
  FILTER(?year <= "1990"^^<http://www.w3.org/2001/XMLSchema#gYear>)
}

2026-09-28 21:15:25.917 - INFO: Requested media types of the result are: "text/turtle"
2026-09-28 21:15:25.918 - INFO: Query planning done in 1 ms
2026-09-28 21:15:26.012 - INFO: Result has unknown size (not computed yet)
2026-09-28 21:15:32.872 - INFO: Done processing query and sending result, total time was 6,955 ms
