2026-09-28 20:36:30.602 - INFO: [1mQLever server CIKM-3057-gee089e9f0, compiled on Mon Sep 28 16:03:33 UTC 2026 using git hash ee089e9[22m
2026-09-28 20:36:30.602 - INFO: Runtime parameter set from the command line: use-fast-export-stream-formatter=true
2026-09-28 20:36:30.602 - INFO: Cleanup of previous index directories after each rebuild enabled (--rebuild-keep-previous-index-dirs original-and-most-recent)
2026-09-28 20:36:30.603 - INFO: The git hash used to build this index was "65f84b4"
2026-09-28 20:36:30.603 - INFO: Reading vocabulary from file /local/data-ssd/stoetzem/dblp/dblp.vocabulary.words ...
2026-09-28 20:36:30.609 - INFO: Done, number of words: 446,944,668
2026-09-28 20:36:30.609 - INFO: Number of words in internal vocabulary (these are also part of the external vocabulary): 446,955
2026-09-28 20:36:30.613 - INFO: Registered PSO permutation: #relations = 6, #blocks = 8,187, #triples = 255,805,025
2026-09-28 20:36:30.633 - INFO: Registered PSO permutation: #relations = 96, #blocks = 51,023, #triples = 1,593,245,022
2026-09-28 20:36:30.635 - INFO: Registered POS permutation: #relations = 6, #blocks = 8,187, #triples = 255,805,025
2026-09-28 20:36:30.654 - INFO: Registered POS permutation: #relations = 96, #blocks = 51,023, #triples = 1,593,245,022
2026-09-28 20:36:30.670 - INFO: Registered OPS permutation: #relations = 345,357,897, #blocks = 42,492, #triples = 1,593,245,022
2026-09-28 20:36:30.686 - INFO: Registered OSP permutation: #relations = 345,357,897, #blocks = 42,492, #triples = 1,593,245,022
2026-09-28 20:36:30.696 - INFO: Registered SPO permutation: #relations = 255,804,614, #blocks = 33,993, #triples = 1,593,245,022
2026-09-28 20:36:30.704 - INFO: Registered SOP permutation: #relations = 255,804,614, #blocks = 33,993, #triples = 1,593,245,022
2026-09-28 20:36:30.704 - INFO: Reading patterns from file /local/data-ssd/stoetzem/dblp/dblp.index.patterns ...
2026-09-28 20:36:30.704 - INFO: Sorting random result tables to estimate the sorting performance of this machine ...
2026-09-28 20:36:39.025 - INFO: Initializing server ...
2026-09-28 20:36:39.025 - INFO: No access token required for restricted API calls
2026-09-28 20:36:39.025 - INFO: The server is ready, listening for requests on port 7305 ...
2026-09-28 20:36:59.919 - INFO: 
2026-09-28 20:36:59.919 - INFO: Request received via GET, no content type specified
2026-09-28 20:36:59.919 - INFO: Processing command "clear-cache": clear the cache (unpinned elements only)
2026-09-28 20:36:59.938 - INFO: 
2026-09-28 20:36:59.938 - INFO: Request received via POST, content type "application/x-www-form-urlencoded"
2026-09-28 20:36:59.940 - INFO: Processing the following SPARQL query:
# Tier H-vocab — title literals, large
# Goal: external-vocabulary lookup pressure with larger bounded output.
PREFIX dblp: <https://dblp.org/rdf/schema#>

CONSTRUCT { ?paper dblp:title ?title }
WHERE {
  ?paper dblp:title ?title .
}
LIMIT 100000

2026-09-28 20:36:59.940 - INFO: Requested media types of the result are: "text/turtle"
2026-09-28 20:36:59.940 - INFO: Query planning done in 2 ms
2026-09-28 20:36:59.941 - INFO: Result has unknown size (not computed yet)
2026-09-28 20:37:00.427 - INFO: Done processing query and sending result, total time was 489 ms
2026-09-28 20:37:18.977 - INFO: 
2026-09-28 20:37:18.977 - INFO: Request received via GET, no content type specified
2026-09-28 20:37:18.977 - INFO: Processing command "clear-cache": clear the cache (unpinned elements only)
2026-09-28 20:37:18.995 - INFO: 
2026-09-28 20:37:18.995 - INFO: Request received via POST, content type "application/x-www-form-urlencoded"
2026-09-28 20:37:18.996 - INFO: Processing the following SPARQL query:
# Tier H-vocab — title literals, large
# Goal: external-vocabulary lookup pressure with larger bounded output.
PREFIX dblp: <https://dblp.org/rdf/schema#>

CONSTRUCT { ?paper dblp:title ?title }
WHERE {
  ?paper dblp:title ?title .
}
LIMIT 100000

2026-09-28 20:37:18.996 - INFO: Requested media types of the result are: "text/turtle"
2026-09-28 20:37:18.996 - INFO: Query planning done in 0 ms
2026-09-28 20:37:18.996 - INFO: Result has unknown size (not computed yet)
2026-09-28 20:37:19.521 - INFO: Done processing query and sending result, total time was 525 ms
2026-09-28 20:37:19.541 - INFO: 
2026-09-28 20:37:19.541 - INFO: Request received via GET, no content type specified
2026-09-28 20:37:19.541 - INFO: Processing command "clear-cache": clear the cache (unpinned elements only)
2026-09-28 20:37:19.559 - INFO: 
2026-09-28 20:37:19.559 - INFO: Request received via POST, content type "application/x-www-form-urlencoded"
2026-09-28 20:37:19.559 - INFO: Processing the following SPARQL query:
# Tier H-vocab — title literals, large
# Goal: external-vocabulary lookup pressure with larger bounded output.
PREFIX dblp: <https://dblp.org/rdf/schema#>

CONSTRUCT { ?paper dblp:title ?title }
WHERE {
  ?paper dblp:title ?title .
}
LIMIT 100000

2026-09-28 20:37:19.559 - INFO: Requested media types of the result are: "text/turtle"
2026-09-28 20:37:19.559 - INFO: Query planning done in 0 ms
2026-09-28 20:37:19.559 - INFO: Result has unknown size (not computed yet)
2026-09-28 20:37:20.074 - INFO: Done processing query and sending result, total time was 515 ms
2026-09-28 20:37:20.094 - INFO: 
2026-09-28 20:37:20.094 - INFO: Request received via GET, no content type specified
2026-09-28 20:37:20.094 - INFO: Processing command "clear-cache": clear the cache (unpinned elements only)
2026-09-28 20:37:20.112 - INFO: 
2026-09-28 20:37:20.112 - INFO: Request received via POST, content type "application/x-www-form-urlencoded"
2026-09-28 20:37:20.112 - INFO: Processing the following SPARQL query:
# Tier H-vocab — title literals, large
# Goal: external-vocabulary lookup pressure with larger bounded output.
PREFIX dblp: <https://dblp.org/rdf/schema#>

CONSTRUCT { ?paper dblp:title ?title }
WHERE {
  ?paper dblp:title ?title .
}
LIMIT 100000

2026-09-28 20:37:20.112 - INFO: Requested media types of the result are: "text/turtle"
2026-09-28 20:37:20.113 - INFO: Query planning done in 0 ms
2026-09-28 20:37:20.113 - INFO: Result has unknown size (not computed yet)
2026-09-28 20:37:20.592 - INFO: Done processing query and sending result, total time was 479 ms
2026-09-28 20:37:20.612 - INFO: 
2026-09-28 20:37:20.612 - INFO: Request received via GET, no content type specified
2026-09-28 20:37:20.612 - INFO: Processing command "clear-cache": clear the cache (unpinned elements only)
2026-09-28 20:37:20.638 - INFO: 
2026-09-28 20:37:20.638 - INFO: Request received via POST, content type "application/x-www-form-urlencoded"
2026-09-28 20:37:20.639 - INFO: Processing the following SPARQL query:
# Tier H-vocab — title literals, large
# Goal: external-vocabulary lookup pressure with larger bounded output.
PREFIX dblp: <https://dblp.org/rdf/schema#>

CONSTRUCT { ?paper dblp:title ?title }
WHERE {
  ?paper dblp:title ?title .
}
LIMIT 100000

2026-09-28 20:37:20.639 - INFO: Requested media types of the result are: "text/turtle"
2026-09-28 20:37:20.639 - INFO: Query planning done in 0 ms
2026-09-28 20:37:20.639 - INFO: Result has unknown size (not computed yet)
2026-09-28 20:37:21.112 - INFO: Done processing query and sending result, total time was 474 ms
2026-09-28 20:37:21.133 - INFO: 
2026-09-28 20:37:21.133 - INFO: Request received via GET, no content type specified
2026-09-28 20:37:21.133 - INFO: Processing command "clear-cache": clear the cache (unpinned elements only)
2026-09-28 20:37:21.151 - INFO: 
2026-09-28 20:37:21.151 - INFO: Request received via POST, content type "application/x-www-form-urlencoded"
2026-09-28 20:37:21.151 - INFO: Processing the following SPARQL query:
# Tier H-vocab — title literals, large
# Goal: external-vocabulary lookup pressure with larger bounded output.
PREFIX dblp: <https://dblp.org/rdf/schema#>

CONSTRUCT { ?paper dblp:title ?title }
WHERE {
  ?paper dblp:title ?title .
}
LIMIT 100000

2026-09-28 20:37:21.151 - INFO: Requested media types of the result are: "text/turtle"
2026-09-28 20:37:21.151 - INFO: Query planning done in 0 ms
2026-09-28 20:37:21.151 - INFO: Result has unknown size (not computed yet)
2026-09-28 20:37:21.634 - INFO: Done processing query and sending result, total time was 483 ms
2026-09-28 20:37:21.654 - INFO: 
2026-09-28 20:37:21.654 - INFO: Request received via GET, no content type specified
2026-09-28 20:37:21.654 - INFO: Processing command "clear-cache": clear the cache (unpinned elements only)
2026-09-28 20:37:21.672 - INFO: 
2026-09-28 20:37:21.672 - INFO: Request received via POST, content type "application/x-www-form-urlencoded"
2026-09-28 20:37:21.672 - INFO: Processing the following SPARQL query:
# Tier H-vocab — title literals, large
# Goal: external-vocabulary lookup pressure with larger bounded output.
PREFIX dblp: <https://dblp.org/rdf/schema#>

CONSTRUCT { ?paper dblp:title ?title }
WHERE {
  ?paper dblp:title ?title .
}
LIMIT 100000

2026-09-28 20:37:21.672 - INFO: Requested media types of the result are: "text/turtle"
2026-09-28 20:37:21.673 - INFO: Query planning done in 0 ms
2026-09-28 20:37:21.673 - INFO: Result has unknown size (not computed yet)
2026-09-28 20:37:22.151 - INFO: Done processing query and sending result, total time was 478 ms
2026-09-28 20:37:22.171 - INFO: 
2026-09-28 20:37:22.171 - INFO: Request received via GET, no content type specified
2026-09-28 20:37:22.171 - INFO: Processing command "clear-cache": clear the cache (unpinned elements only)
2026-09-28 20:37:22.189 - INFO: 
2026-09-28 20:37:22.189 - INFO: Request received via POST, content type "application/x-www-form-urlencoded"
2026-09-28 20:37:22.189 - INFO: Processing the following SPARQL query:
# Tier H-vocab — title literals, large
# Goal: external-vocabulary lookup pressure with larger bounded output.
PREFIX dblp: <https://dblp.org/rdf/schema#>

CONSTRUCT { ?paper dblp:title ?title }
WHERE {
  ?paper dblp:title ?title .
}
LIMIT 100000

2026-09-28 20:37:22.189 - INFO: Requested media types of the result are: "text/turtle"
2026-09-28 20:37:22.189 - INFO: Query planning done in 0 ms
2026-09-28 20:37:22.190 - INFO: Result has unknown size (not computed yet)
2026-09-28 20:37:22.665 - INFO: Done processing query and sending result, total time was 475 ms
2026-09-28 20:37:22.685 - INFO: 
2026-09-28 20:37:22.685 - INFO: Request received via GET, no content type specified
2026-09-28 20:37:22.685 - INFO: Processing command "clear-cache": clear the cache (unpinned elements only)
2026-09-28 20:37:22.703 - INFO: 
2026-09-28 20:37:22.703 - INFO: Request received via POST, content type "application/x-www-form-urlencoded"
2026-09-28 20:37:22.704 - INFO: Processing the following SPARQL query:
# Tier H-vocab — title literals, large
# Goal: external-vocabulary lookup pressure with larger bounded output.
PREFIX dblp: <https://dblp.org/rdf/schema#>

CONSTRUCT { ?paper dblp:title ?title }
WHERE {
  ?paper dblp:title ?title .
}
LIMIT 100000

2026-09-28 20:37:22.704 - INFO: Requested media types of the result are: "text/turtle"
2026-09-28 20:37:22.704 - INFO: Query planning done in 0 ms
2026-09-28 20:37:22.704 - INFO: Result has unknown size (not computed yet)
2026-09-28 20:37:23.187 - INFO: Done processing query and sending result, total time was 483 ms
2026-09-28 20:37:23.207 - INFO: 
2026-09-28 20:37:23.207 - INFO: Request received via GET, no content type specified
2026-09-28 20:37:23.207 - INFO: Processing command "clear-cache": clear the cache (unpinned elements only)
2026-09-28 20:37:23.225 - INFO: 
2026-09-28 20:37:23.225 - INFO: Request received via POST, content type "application/x-www-form-urlencoded"
2026-09-28 20:37:23.226 - INFO: Processing the following SPARQL query:
# Tier H-vocab — title literals, large
# Goal: external-vocabulary lookup pressure with larger bounded output.
PREFIX dblp: <https://dblp.org/rdf/schema#>

CONSTRUCT { ?paper dblp:title ?title }
WHERE {
  ?paper dblp:title ?title .
}
LIMIT 100000

2026-09-28 20:37:23.226 - INFO: Requested media types of the result are: "text/turtle"
2026-09-28 20:37:23.226 - INFO: Query planning done in 0 ms
2026-09-28 20:37:23.226 - INFO: Result has unknown size (not computed yet)
2026-09-28 20:37:23.710 - INFO: Done processing query and sending result, total time was 484 ms
2026-09-28 20:37:23.731 - INFO: 
2026-09-28 20:37:23.731 - INFO: Request received via GET, no content type specified
2026-09-28 20:37:23.731 - INFO: Processing command "clear-cache": clear the cache (unpinned elements only)
2026-09-28 20:37:23.748 - INFO: 
2026-09-28 20:37:23.748 - INFO: Request received via POST, content type "application/x-www-form-urlencoded"
2026-09-28 20:37:23.749 - INFO: Processing the following SPARQL query:
# Tier H-vocab — title literals, large
# Goal: external-vocabulary lookup pressure with larger bounded output.
PREFIX dblp: <https://dblp.org/rdf/schema#>

CONSTRUCT { ?paper dblp:title ?title }
WHERE {
  ?paper dblp:title ?title .
}
LIMIT 100000

2026-09-28 20:37:23.749 - INFO: Requested media types of the result are: "text/turtle"
2026-09-28 20:37:23.749 - INFO: Query planning done in 0 ms
2026-09-28 20:37:23.749 - INFO: Result has unknown size (not computed yet)
2026-09-28 20:37:24.233 - INFO: Done processing query and sending result, total time was 484 ms
2026-09-28 20:37:24.254 - INFO: 
2026-09-28 20:37:24.254 - INFO: Request received via GET, no content type specified
2026-09-28 20:37:24.254 - INFO: Processing command "clear-cache": clear the cache (unpinned elements only)
2026-09-28 20:37:24.272 - INFO: 
2026-09-28 20:37:24.272 - INFO: Request received via POST, content type "application/x-www-form-urlencoded"
2026-09-28 20:37:24.272 - INFO: Processing the following SPARQL query:
# Tier H-vocab — title literals, large
# Goal: external-vocabulary lookup pressure with larger bounded output.
PREFIX dblp: <https://dblp.org/rdf/schema#>

CONSTRUCT { ?paper dblp:title ?title }
WHERE {
  ?paper dblp:title ?title .
}
LIMIT 100000

2026-09-28 20:37:24.272 - INFO: Requested media types of the result are: "text/turtle"
2026-09-28 20:37:24.272 - INFO: Query planning done in 0 ms
2026-09-28 20:37:24.273 - INFO: Result has unknown size (not computed yet)
2026-09-28 20:37:24.761 - INFO: Done processing query and sending result, total time was 488 ms
2026-09-28 20:37:25.086 - INFO: 
2026-09-28 20:37:25.086 - INFO: Request received via GET, no content type specified
2026-09-28 20:37:25.086 - INFO: Processing command "clear-cache": clear the cache (unpinned elements only)
2026-09-28 20:37:25.104 - INFO: 
2026-09-28 20:37:25.104 - INFO: Request received via POST, content type "application/x-www-form-urlencoded"
2026-09-28 20:37:25.104 - INFO: Processing the following SPARQL query:
# Tier H-vocab — title literals, large
# Goal: external-vocabulary lookup pressure with larger bounded output.
PREFIX dblp: <https://dblp.org/rdf/schema#>

CONSTRUCT { ?paper dblp:title ?title }
WHERE {
  ?paper dblp:title ?title .
}
LIMIT 100000

2026-09-28 20:37:25.104 - INFO: Requested media types of the result are: "text/turtle"
2026-09-28 20:37:25.105 - INFO: Query planning done in 0 ms
2026-09-28 20:37:25.105 - INFO: Result has unknown size (not computed yet)
2026-09-28 20:37:25.635 - INFO: Done processing query and sending result, total time was 531 ms
2026-09-28 20:37:25.656 - INFO: 
2026-09-28 20:37:25.656 - INFO: Request received via GET, no content type specified
2026-09-28 20:37:25.656 - INFO: Processing command "clear-cache": clear the cache (unpinned elements only)
2026-09-28 20:37:25.674 - INFO: 
2026-09-28 20:37:25.674 - INFO: Request received via POST, content type "application/x-www-form-urlencoded"
2026-09-28 20:37:25.674 - INFO: Processing the following SPARQL query:
# Tier H-vocab — title literals, large
# Goal: external-vocabulary lookup pressure with larger bounded output.
PREFIX dblp: <https://dblp.org/rdf/schema#>

CONSTRUCT { ?paper dblp:title ?title }
WHERE {
  ?paper dblp:title ?title .
}
LIMIT 100000

2026-09-28 20:37:25.674 - INFO: Requested media types of the result are: "text/turtle"
2026-09-28 20:37:25.674 - INFO: Query planning done in 0 ms
2026-09-28 20:37:25.674 - INFO: Result has unknown size (not computed yet)
2026-09-28 20:37:26.202 - INFO: Done processing query and sending result, total time was 528 ms
2026-09-28 20:37:26.223 - INFO: 
2026-09-28 20:37:26.223 - INFO: Request received via GET, no content type specified
2026-09-28 20:37:26.223 - INFO: Processing command "clear-cache": clear the cache (unpinned elements only)
2026-09-28 20:37:26.241 - INFO: 
2026-09-28 20:37:26.241 - INFO: Request received via POST, content type "application/x-www-form-urlencoded"
2026-09-28 20:37:26.241 - INFO: Processing the following SPARQL query:
# Tier H-vocab — title literals, large
# Goal: external-vocabulary lookup pressure with larger bounded output.
PREFIX dblp: <https://dblp.org/rdf/schema#>

CONSTRUCT { ?paper dblp:title ?title }
WHERE {
  ?paper dblp:title ?title .
}
LIMIT 100000

2026-09-28 20:37:26.241 - INFO: Requested media types of the result are: "text/turtle"
2026-09-28 20:37:26.242 - INFO: Query planning done in 0 ms
2026-09-28 20:37:26.242 - INFO: Result has unknown size (not computed yet)
2026-09-28 20:37:26.770 - INFO: Done processing query and sending result, total time was 529 ms
2026-09-28 20:37:26.791 - INFO: 
2026-09-28 20:37:26.791 - INFO: Request received via GET, no content type specified
2026-09-28 20:37:26.791 - INFO: Processing command "clear-cache": clear the cache (unpinned elements only)
2026-09-28 20:37:26.809 - INFO: 
2026-09-28 20:37:26.809 - INFO: Request received via POST, content type "application/x-www-form-urlencoded"
2026-09-28 20:37:26.809 - INFO: Processing the following SPARQL query:
# Tier H-vocab — title literals, large
# Goal: external-vocabulary lookup pressure with larger bounded output.
PREFIX dblp: <https://dblp.org/rdf/schema#>

CONSTRUCT { ?paper dblp:title ?title }
WHERE {
  ?paper dblp:title ?title .
}
LIMIT 100000

2026-09-28 20:37:26.809 - INFO: Requested media types of the result are: "text/turtle"
2026-09-28 20:37:26.809 - INFO: Query planning done in 0 ms
2026-09-28 20:37:26.810 - INFO: Result has unknown size (not computed yet)
2026-09-28 20:37:27.331 - INFO: Done processing query and sending result, total time was 522 ms
2026-09-28 20:37:27.352 - INFO: 
2026-09-28 20:37:27.352 - INFO: Request received via GET, no content type specified
2026-09-28 20:37:27.352 - INFO: Processing command "clear-cache": clear the cache (unpinned elements only)
2026-09-28 20:37:27.370 - INFO: 
2026-09-28 20:37:27.370 - INFO: Request received via POST, content type "application/x-www-form-urlencoded"
2026-09-28 20:37:27.370 - INFO: Processing the following SPARQL query:
# Tier H-vocab — title literals, large
# Goal: external-vocabulary lookup pressure with larger bounded output.
PREFIX dblp: <https://dblp.org/rdf/schema#>

CONSTRUCT { ?paper dblp:title ?title }
WHERE {
  ?paper dblp:title ?title .
}
LIMIT 100000

2026-09-28 20:37:27.370 - INFO: Requested media types of the result are: "text/turtle"
2026-09-28 20:37:27.371 - INFO: Query planning done in 0 ms
2026-09-28 20:37:27.371 - INFO: Result has unknown size (not computed yet)
2026-09-28 20:37:27.880 - INFO: Done processing query and sending result, total time was 510 ms
2026-09-28 20:37:27.901 - INFO: 
2026-09-28 20:37:27.901 - INFO: Request received via GET, no content type specified
2026-09-28 20:37:27.901 - INFO: Processing command "clear-cache": clear the cache (unpinned elements only)
2026-09-28 20:37:27.926 - INFO: 
2026-09-28 20:37:27.926 - INFO: Request received via POST, content type "application/x-www-form-urlencoded"
2026-09-28 20:37:27.927 - INFO: Processing the following SPARQL query:
# Tier H-vocab — title literals, large
# Goal: external-vocabulary lookup pressure with larger bounded output.
PREFIX dblp: <https://dblp.org/rdf/schema#>

CONSTRUCT { ?paper dblp:title ?title }
WHERE {
  ?paper dblp:title ?title .
}
LIMIT 100000

2026-09-28 20:37:27.927 - INFO: Requested media types of the result are: "text/turtle"
2026-09-28 20:37:27.927 - INFO: Query planning done in 0 ms
2026-09-28 20:37:27.927 - INFO: Result has unknown size (not computed yet)
2026-09-28 20:37:28.424 - INFO: Done processing query and sending result, total time was 498 ms
2026-09-28 20:37:28.445 - INFO: 
2026-09-28 20:37:28.445 - INFO: Request received via GET, no content type specified
2026-09-28 20:37:28.445 - INFO: Processing command "clear-cache": clear the cache (unpinned elements only)
2026-09-28 20:37:28.463 - INFO: 
2026-09-28 20:37:28.463 - INFO: Request received via POST, content type "application/x-www-form-urlencoded"
2026-09-28 20:37:28.464 - INFO: Processing the following SPARQL query:
# Tier H-vocab — title literals, large
# Goal: external-vocabulary lookup pressure with larger bounded output.
PREFIX dblp: <https://dblp.org/rdf/schema#>

CONSTRUCT { ?paper dblp:title ?title }
WHERE {
  ?paper dblp:title ?title .
}
LIMIT 100000

2026-09-28 20:37:28.464 - INFO: Requested media types of the result are: "text/turtle"
2026-09-28 20:37:28.464 - INFO: Query planning done in 0 ms
2026-09-28 20:37:28.464 - INFO: Result has unknown size (not computed yet)
2026-09-28 20:37:28.958 - INFO: Done processing query and sending result, total time was 495 ms
2026-09-28 20:37:28.979 - INFO: 
2026-09-28 20:37:28.979 - INFO: Request received via GET, no content type specified
2026-09-28 20:37:28.979 - INFO: Processing command "clear-cache": clear the cache (unpinned elements only)
2026-09-28 20:37:28.997 - INFO: 
2026-09-28 20:37:28.997 - INFO: Request received via POST, content type "application/x-www-form-urlencoded"
2026-09-28 20:37:28.997 - INFO: Processing the following SPARQL query:
# Tier H-vocab — title literals, large
# Goal: external-vocabulary lookup pressure with larger bounded output.
PREFIX dblp: <https://dblp.org/rdf/schema#>

CONSTRUCT { ?paper dblp:title ?title }
WHERE {
  ?paper dblp:title ?title .
}
LIMIT 100000

2026-09-28 20:37:28.997 - INFO: Requested media types of the result are: "text/turtle"
2026-09-28 20:37:28.997 - INFO: Query planning done in 0 ms
2026-09-28 20:37:28.998 - INFO: Result has unknown size (not computed yet)
2026-09-28 20:37:29.488 - INFO: Done processing query and sending result, total time was 490 ms
2026-09-28 20:37:29.508 - INFO: 
2026-09-28 20:37:29.509 - INFO: Request received via GET, no content type specified
2026-09-28 20:37:29.509 - INFO: Processing command "clear-cache": clear the cache (unpinned elements only)
2026-09-28 20:37:29.527 - INFO: 
2026-09-28 20:37:29.527 - INFO: Request received via POST, content type "application/x-www-form-urlencoded"
2026-09-28 20:37:29.527 - INFO: Processing the following SPARQL query:
# Tier H-vocab — title literals, large
# Goal: external-vocabulary lookup pressure with larger bounded output.
PREFIX dblp: <https://dblp.org/rdf/schema#>

CONSTRUCT { ?paper dblp:title ?title }
WHERE {
  ?paper dblp:title ?title .
}
LIMIT 100000

2026-09-28 20:37:29.527 - INFO: Requested media types of the result are: "text/turtle"
2026-09-28 20:37:29.527 - INFO: Query planning done in 0 ms
2026-09-28 20:37:29.528 - INFO: Result has unknown size (not computed yet)
2026-09-28 20:37:30.020 - INFO: Done processing query and sending result, total time was 492 ms
2026-09-28 20:37:30.040 - INFO: 
2026-09-28 20:37:30.040 - INFO: Request received via GET, no content type specified
2026-09-28 20:37:30.040 - INFO: Processing command "clear-cache": clear the cache (unpinned elements only)
2026-09-28 20:37:30.058 - INFO: 
2026-09-28 20:37:30.058 - INFO: Request received via POST, content type "application/x-www-form-urlencoded"
2026-09-28 20:37:30.059 - INFO: Processing the following SPARQL query:
# Tier H-vocab — title literals, large
# Goal: external-vocabulary lookup pressure with larger bounded output.
PREFIX dblp: <https://dblp.org/rdf/schema#>

CONSTRUCT { ?paper dblp:title ?title }
WHERE {
  ?paper dblp:title ?title .
}
LIMIT 100000

2026-09-28 20:37:30.059 - INFO: Requested media types of the result are: "text/turtle"
2026-09-28 20:37:30.059 - INFO: Query planning done in 0 ms
2026-09-28 20:37:30.059 - INFO: Result has unknown size (not computed yet)
2026-09-28 20:37:30.552 - INFO: Done processing query and sending result, total time was 493 ms
2026-09-28 20:37:30.572 - INFO: 
2026-09-28 20:37:30.572 - INFO: Request received via GET, no content type specified
2026-09-28 20:37:30.572 - INFO: Processing command "clear-cache": clear the cache (unpinned elements only)
2026-09-28 20:37:30.590 - INFO: 
2026-09-28 20:37:30.590 - INFO: Request received via POST, content type "application/x-www-form-urlencoded"
2026-09-28 20:37:30.591 - INFO: Processing the following SPARQL query:
# Tier H-vocab — title literals, large
# Goal: external-vocabulary lookup pressure with larger bounded output.
PREFIX dblp: <https://dblp.org/rdf/schema#>

CONSTRUCT { ?paper dblp:title ?title }
WHERE {
  ?paper dblp:title ?title .
}
LIMIT 100000

2026-09-28 20:37:30.591 - INFO: Requested media types of the result are: "text/turtle"
2026-09-28 20:37:30.591 - INFO: Query planning done in 0 ms
2026-09-28 20:37:30.591 - INFO: Result has unknown size (not computed yet)
2026-09-28 20:37:31.083 - INFO: Done processing query and sending result, total time was 492 ms
2026-09-28 20:38:08.265 - INFO: 
2026-09-28 20:38:08.265 - INFO: Request received via GET, no content type specified
2026-09-28 20:38:08.265 - INFO: Processing command "clear-cache": clear the cache (unpinned elements only)
2026-09-28 20:38:08.283 - INFO: 
2026-09-28 20:38:08.283 - INFO: Request received via POST, content type "application/x-www-form-urlencoded"
2026-09-28 20:38:08.284 - INFO: Processing the following SPARQL query:
# Tier H-vocab — title literals, large
# Goal: external-vocabulary lookup pressure with larger bounded output.
PREFIX dblp: <https://dblp.org/rdf/schema#>

CONSTRUCT { ?paper dblp:title ?title }
WHERE {
  ?paper dblp:title ?title .
}
LIMIT 100000

2026-09-28 20:38:08.284 - INFO: Requested media types of the result are: "text/turtle"
2026-09-28 20:38:08.284 - INFO: Query planning done in 1 ms
2026-09-28 20:38:08.285 - INFO: Result has unknown size (not computed yet)
2026-09-28 20:38:08.811 - INFO: Done processing query and sending result, total time was 527 ms
2026-09-28 20:38:08.831 - INFO: 
2026-09-28 20:38:08.831 - INFO: Request received via GET, no content type specified
2026-09-28 20:38:08.831 - INFO: Processing command "clear-cache": clear the cache (unpinned elements only)
2026-09-28 20:38:08.849 - INFO: 
2026-09-28 20:38:08.849 - INFO: Request received via POST, content type "application/x-www-form-urlencoded"
2026-09-28 20:38:08.850 - INFO: Processing the following SPARQL query:
# Tier H-vocab — title literals, large
# Goal: external-vocabulary lookup pressure with larger bounded output.
PREFIX dblp: <https://dblp.org/rdf/schema#>

CONSTRUCT { ?paper dblp:title ?title }
WHERE {
  ?paper dblp:title ?title .
}
LIMIT 100000

2026-09-28 20:38:08.850 - INFO: Requested media types of the result are: "text/turtle"
2026-09-28 20:38:08.850 - INFO: Query planning done in 0 ms
2026-09-28 20:38:08.850 - INFO: Result has unknown size (not computed yet)
2026-09-28 20:38:09.372 - INFO: Done processing query and sending result, total time was 522 ms
2026-09-28 20:38:09.392 - INFO: 
2026-09-28 20:38:09.392 - INFO: Request received via GET, no content type specified
2026-09-28 20:38:09.392 - INFO: Processing command "clear-cache": clear the cache (unpinned elements only)
2026-09-28 20:38:09.410 - INFO: 
2026-09-28 20:38:09.410 - INFO: Request received via POST, content type "application/x-www-form-urlencoded"
2026-09-28 20:38:09.411 - INFO: Processing the following SPARQL query:
# Tier H-vocab — title literals, large
# Goal: external-vocabulary lookup pressure with larger bounded output.
PREFIX dblp: <https://dblp.org/rdf/schema#>

CONSTRUCT { ?paper dblp:title ?title }
WHERE {
  ?paper dblp:title ?title .
}
LIMIT 100000

2026-09-28 20:38:09.411 - INFO: Requested media types of the result are: "text/turtle"
2026-09-28 20:38:09.411 - INFO: Query planning done in 0 ms
2026-09-28 20:38:09.411 - INFO: Result has unknown size (not computed yet)
2026-09-28 20:38:09.929 - INFO: Done processing query and sending result, total time was 518 ms
2026-09-28 20:38:09.950 - INFO: 
2026-09-28 20:38:09.950 - INFO: Request received via GET, no content type specified
2026-09-28 20:38:09.950 - INFO: Processing command "clear-cache": clear the cache (unpinned elements only)
2026-09-28 20:38:09.968 - INFO: 
2026-09-28 20:38:09.968 - INFO: Request received via POST, content type "application/x-www-form-urlencoded"
2026-09-28 20:38:09.968 - INFO: Processing the following SPARQL query:
# Tier H-vocab — title literals, large
# Goal: external-vocabulary lookup pressure with larger bounded output.
PREFIX dblp: <https://dblp.org/rdf/schema#>

CONSTRUCT { ?paper dblp:title ?title }
WHERE {
  ?paper dblp:title ?title .
}
LIMIT 100000

2026-09-28 20:38:09.968 - INFO: Requested media types of the result are: "text/turtle"
2026-09-28 20:38:09.968 - INFO: Query planning done in 0 ms
2026-09-28 20:38:09.968 - INFO: Result has unknown size (not computed yet)
2026-09-28 20:38:10.489 - INFO: Done processing query and sending result, total time was 520 ms
2026-09-28 20:38:10.509 - INFO: 
2026-09-28 20:38:10.509 - INFO: Request received via GET, no content type specified
2026-09-28 20:38:10.509 - INFO: Processing command "clear-cache": clear the cache (unpinned elements only)
2026-09-28 20:38:10.527 - INFO: 
2026-09-28 20:38:10.527 - INFO: Request received via POST, content type "application/x-www-form-urlencoded"
2026-09-28 20:38:10.528 - INFO: Processing the following SPARQL query:
# Tier H-vocab — title literals, large
# Goal: external-vocabulary lookup pressure with larger bounded output.
PREFIX dblp: <https://dblp.org/rdf/schema#>

CONSTRUCT { ?paper dblp:title ?title }
WHERE {
  ?paper dblp:title ?title .
}
LIMIT 100000

2026-09-28 20:38:10.528 - INFO: Requested media types of the result are: "text/turtle"
2026-09-28 20:38:10.528 - INFO: Query planning done in 0 ms
2026-09-28 20:38:10.528 - INFO: Result has unknown size (not computed yet)
2026-09-28 20:38:11.047 - INFO: Done processing query and sending result, total time was 519 ms
2026-09-28 20:38:11.068 - INFO: 
2026-09-28 20:38:11.068 - INFO: Request received via GET, no content type specified
2026-09-28 20:38:11.068 - INFO: Processing command "clear-cache": clear the cache (unpinned elements only)
2026-09-28 20:38:11.086 - INFO: 
2026-09-28 20:38:11.086 - INFO: Request received via POST, content type "application/x-www-form-urlencoded"
2026-09-28 20:38:11.086 - INFO: Processing the following SPARQL query:
# Tier H-vocab — title literals, large
# Goal: external-vocabulary lookup pressure with larger bounded output.
PREFIX dblp: <https://dblp.org/rdf/schema#>

CONSTRUCT { ?paper dblp:title ?title }
WHERE {
  ?paper dblp:title ?title .
}
LIMIT 100000

2026-09-28 20:38:11.086 - INFO: Requested media types of the result are: "text/turtle"
2026-09-28 20:38:11.086 - INFO: Query planning done in 0 ms
2026-09-28 20:38:11.086 - INFO: Result has unknown size (not computed yet)
2026-09-28 20:38:11.603 - INFO: Done processing query and sending result, total time was 517 ms
2026-09-28 20:38:11.624 - INFO: 
2026-09-28 20:38:11.624 - INFO: Request received via GET, no content type specified
2026-09-28 20:38:11.624 - INFO: Processing command "clear-cache": clear the cache (unpinned elements only)
2026-09-28 20:38:11.642 - INFO: 
2026-09-28 20:38:11.642 - INFO: Request received via POST, content type "application/x-www-form-urlencoded"
2026-09-28 20:38:11.642 - INFO: Processing the following SPARQL query:
# Tier H-vocab — title literals, large
# Goal: external-vocabulary lookup pressure with larger bounded output.
PREFIX dblp: <https://dblp.org/rdf/schema#>

CONSTRUCT { ?paper dblp:title ?title }
WHERE {
  ?paper dblp:title ?title .
}
LIMIT 100000

2026-09-28 20:38:11.642 - INFO: Requested media types of the result are: "text/turtle"
2026-09-28 20:38:11.642 - INFO: Query planning done in 0 ms
2026-09-28 20:38:11.642 - INFO: Result has unknown size (not computed yet)
2026-09-28 20:38:12.147 - INFO: Done processing query and sending result, total time was 504 ms
2026-09-28 20:38:12.167 - INFO: 
2026-09-28 20:38:12.167 - INFO: Request received via GET, no content type specified
2026-09-28 20:38:12.167 - INFO: Processing command "clear-cache": clear the cache (unpinned elements only)
2026-09-28 20:38:12.185 - INFO: 
2026-09-28 20:38:12.185 - INFO: Request received via POST, content type "application/x-www-form-urlencoded"
2026-09-28 20:38:12.186 - INFO: Processing the following SPARQL query:
# Tier H-vocab — title literals, large
# Goal: external-vocabulary lookup pressure with larger bounded output.
PREFIX dblp: <https://dblp.org/rdf/schema#>

CONSTRUCT { ?paper dblp:title ?title }
WHERE {
  ?paper dblp:title ?title .
}
LIMIT 100000

2026-09-28 20:38:12.186 - INFO: Requested media types of the result are: "text/turtle"
2026-09-28 20:38:12.186 - INFO: Query planning done in 0 ms
2026-09-28 20:38:12.186 - INFO: Result has unknown size (not computed yet)
2026-09-28 20:38:12.699 - INFO: Done processing query and sending result, total time was 513 ms
2026-09-28 20:38:12.720 - INFO: 
2026-09-28 20:38:12.720 - INFO: Request received via GET, no content type specified
2026-09-28 20:38:12.720 - INFO: Processing command "clear-cache": clear the cache (unpinned elements only)
2026-09-28 20:38:12.738 - INFO: 
2026-09-28 20:38:12.738 - INFO: Request received via POST, content type "application/x-www-form-urlencoded"
2026-09-28 20:38:12.738 - INFO: Processing the following SPARQL query:
# Tier H-vocab — title literals, large
# Goal: external-vocabulary lookup pressure with larger bounded output.
PREFIX dblp: <https://dblp.org/rdf/schema#>

CONSTRUCT { ?paper dblp:title ?title }
WHERE {
  ?paper dblp:title ?title .
}
LIMIT 100000

2026-09-28 20:38:12.738 - INFO: Requested media types of the result are: "text/turtle"
2026-09-28 20:38:12.738 - INFO: Query planning done in 0 ms
2026-09-28 20:38:12.738 - INFO: Result has unknown size (not computed yet)
2026-09-28 20:38:13.239 - INFO: Done processing query and sending result, total time was 501 ms
2026-09-28 20:38:13.260 - INFO: 
2026-09-28 20:38:13.260 - INFO: Request received via GET, no content type specified
2026-09-28 20:38:13.260 - INFO: Processing command "clear-cache": clear the cache (unpinned elements only)
2026-09-28 20:38:13.278 - INFO: 
2026-09-28 20:38:13.278 - INFO: Request received via POST, content type "application/x-www-form-urlencoded"
2026-09-28 20:38:13.278 - INFO: Processing the following SPARQL query:
# Tier H-vocab — title literals, large
# Goal: external-vocabulary lookup pressure with larger bounded output.
PREFIX dblp: <https://dblp.org/rdf/schema#>

CONSTRUCT { ?paper dblp:title ?title }
WHERE {
  ?paper dblp:title ?title .
}
LIMIT 100000

2026-09-28 20:38:13.278 - INFO: Requested media types of the result are: "text/turtle"
2026-09-28 20:38:13.278 - INFO: Query planning done in 0 ms
2026-09-28 20:38:13.278 - INFO: Result has unknown size (not computed yet)
2026-09-28 20:38:13.770 - INFO: Done processing query and sending result, total time was 492 ms
2026-09-28 20:38:13.791 - INFO: 
2026-09-28 20:38:13.791 - INFO: Request received via GET, no content type specified
2026-09-28 20:38:13.791 - INFO: Processing command "clear-cache": clear the cache (unpinned elements only)
2026-09-28 20:38:13.822 - INFO: 
2026-09-28 20:38:13.822 - INFO: Request received via POST, content type "application/x-www-form-urlencoded"
2026-09-28 20:38:13.822 - INFO: Processing the following SPARQL query:
# Tier H-vocab — title literals, large
# Goal: external-vocabulary lookup pressure with larger bounded output.
PREFIX dblp: <https://dblp.org/rdf/schema#>

CONSTRUCT { ?paper dblp:title ?title }
WHERE {
  ?paper dblp:title ?title .
}
LIMIT 100000

2026-09-28 20:38:13.822 - INFO: Requested media types of the result are: "text/turtle"
2026-09-28 20:38:13.823 - INFO: Query planning done in 0 ms
2026-09-28 20:38:13.823 - INFO: Result has unknown size (not computed yet)
2026-09-28 20:38:14.344 - INFO: Done processing query and sending result, total time was 521 ms
2026-09-28 20:38:14.668 - INFO: 
2026-09-28 20:38:14.668 - INFO: Request received via GET, no content type specified
2026-09-28 20:38:14.668 - INFO: Processing command "clear-cache": clear the cache (unpinned elements only)
2026-09-28 20:38:14.686 - INFO: 
2026-09-28 20:38:14.686 - INFO: Request received via POST, content type "application/x-www-form-urlencoded"
2026-09-28 20:38:14.687 - INFO: Processing the following SPARQL query:
# Tier H-vocab — title literals, large
# Goal: external-vocabulary lookup pressure with larger bounded output.
PREFIX dblp: <https://dblp.org/rdf/schema#>

CONSTRUCT { ?paper dblp:title ?title }
WHERE {
  ?paper dblp:title ?title .
}
LIMIT 100000

2026-09-28 20:38:14.687 - INFO: Requested media types of the result are: "text/turtle"
2026-09-28 20:38:14.687 - INFO: Query planning done in 0 ms
2026-09-28 20:38:14.687 - INFO: Result has unknown size (not computed yet)
2026-09-28 20:38:15.213 - INFO: Done processing query and sending result, total time was 526 ms
2026-09-28 20:38:15.233 - INFO: 
2026-09-28 20:38:15.233 - INFO: Request received via GET, no content type specified
2026-09-28 20:38:15.233 - INFO: Processing command "clear-cache": clear the cache (unpinned elements only)
2026-09-28 20:38:15.251 - INFO: 
2026-09-28 20:38:15.251 - INFO: Request received via POST, content type "application/x-www-form-urlencoded"
2026-09-28 20:38:15.251 - INFO: Processing the following SPARQL query:
# Tier H-vocab — title literals, large
# Goal: external-vocabulary lookup pressure with larger bounded output.
PREFIX dblp: <https://dblp.org/rdf/schema#>

CONSTRUCT { ?paper dblp:title ?title }
WHERE {
  ?paper dblp:title ?title .
}
LIMIT 100000

2026-09-28 20:38:15.251 - INFO: Requested media types of the result are: "text/turtle"
2026-09-28 20:38:15.251 - INFO: Query planning done in 0 ms
2026-09-28 20:38:15.251 - INFO: Result has unknown size (not computed yet)
2026-09-28 20:38:15.774 - INFO: Done processing query and sending result, total time was 523 ms
2026-09-28 20:38:15.795 - INFO: 
2026-09-28 20:38:15.795 - INFO: Request received via GET, no content type specified
2026-09-28 20:38:15.795 - INFO: Processing command "clear-cache": clear the cache (unpinned elements only)
2026-09-28 20:38:15.812 - INFO: 
2026-09-28 20:38:15.812 - INFO: Request received via POST, content type "application/x-www-form-urlencoded"
2026-09-28 20:38:15.813 - INFO: Processing the following SPARQL query:
# Tier H-vocab — title literals, large
# Goal: external-vocabulary lookup pressure with larger bounded output.
PREFIX dblp: <https://dblp.org/rdf/schema#>

CONSTRUCT { ?paper dblp:title ?title }
WHERE {
  ?paper dblp:title ?title .
}
LIMIT 100000

2026-09-28 20:38:15.813 - INFO: Requested media types of the result are: "text/turtle"
2026-09-28 20:38:15.813 - INFO: Query planning done in 0 ms
2026-09-28 20:38:15.813 - INFO: Result has unknown size (not computed yet)
2026-09-28 20:38:16.338 - INFO: Done processing query and sending result, total time was 525 ms
2026-09-28 20:38:16.358 - INFO: 
2026-09-28 20:38:16.358 - INFO: Request received via GET, no content type specified
2026-09-28 20:38:16.358 - INFO: Processing command "clear-cache": clear the cache (unpinned elements only)
2026-09-28 20:38:16.376 - INFO: 
2026-09-28 20:38:16.376 - INFO: Request received via POST, content type "application/x-www-form-urlencoded"
2026-09-28 20:38:16.377 - INFO: Processing the following SPARQL query:
# Tier H-vocab — title literals, large
# Goal: external-vocabulary lookup pressure with larger bounded output.
PREFIX dblp: <https://dblp.org/rdf/schema#>

CONSTRUCT { ?paper dblp:title ?title }
WHERE {
  ?paper dblp:title ?title .
}
LIMIT 100000

2026-09-28 20:38:16.377 - INFO: Requested media types of the result are: "text/turtle"
2026-09-28 20:38:16.377 - INFO: Query planning done in 0 ms
2026-09-28 20:38:16.377 - INFO: Result has unknown size (not computed yet)
2026-09-28 20:38:16.903 - INFO: Done processing query and sending result, total time was 527 ms
2026-09-28 20:38:16.924 - INFO: 
2026-09-28 20:38:16.924 - INFO: Request received via GET, no content type specified
2026-09-28 20:38:16.924 - INFO: Processing command "clear-cache": clear the cache (unpinned elements only)
2026-09-28 20:38:16.942 - INFO: 
2026-09-28 20:38:16.942 - INFO: Request received via POST, content type "application/x-www-form-urlencoded"
2026-09-28 20:38:16.942 - INFO: Processing the following SPARQL query:
# Tier H-vocab — title literals, large
# Goal: external-vocabulary lookup pressure with larger bounded output.
PREFIX dblp: <https://dblp.org/rdf/schema#>

CONSTRUCT { ?paper dblp:title ?title }
WHERE {
  ?paper dblp:title ?title .
}
LIMIT 100000

2026-09-28 20:38:16.942 - INFO: Requested media types of the result are: "text/turtle"
2026-09-28 20:38:16.942 - INFO: Query planning done in 0 ms
2026-09-28 20:38:16.942 - INFO: Result has unknown size (not computed yet)
2026-09-28 20:38:17.468 - INFO: Done processing query and sending result, total time was 526 ms
2026-09-28 20:38:17.488 - INFO: 
2026-09-28 20:38:17.488 - INFO: Request received via GET, no content type specified
2026-09-28 20:38:17.488 - INFO: Processing command "clear-cache": clear the cache (unpinned elements only)
2026-09-28 20:38:17.506 - INFO: 
2026-09-28 20:38:17.506 - INFO: Request received via POST, content type "application/x-www-form-urlencoded"
2026-09-28 20:38:17.506 - INFO: Processing the following SPARQL query:
# Tier H-vocab — title literals, large
# Goal: external-vocabulary lookup pressure with larger bounded output.
PREFIX dblp: <https://dblp.org/rdf/schema#>

CONSTRUCT { ?paper dblp:title ?title }
WHERE {
  ?paper dblp:title ?title .
}
LIMIT 100000

2026-09-28 20:38:17.506 - INFO: Requested media types of the result are: "text/turtle"
2026-09-28 20:38:17.506 - INFO: Query planning done in 0 ms
2026-09-28 20:38:17.507 - INFO: Result has unknown size (not computed yet)
2026-09-28 20:38:18.028 - INFO: Done processing query and sending result, total time was 522 ms
2026-09-28 20:38:18.048 - INFO: 
2026-09-28 20:38:18.048 - INFO: Request received via GET, no content type specified
2026-09-28 20:38:18.049 - INFO: Processing command "clear-cache": clear the cache (unpinned elements only)
2026-09-28 20:38:18.066 - INFO: 
2026-09-28 20:38:18.066 - INFO: Request received via POST, content type "application/x-www-form-urlencoded"
2026-09-28 20:38:18.067 - INFO: Processing the following SPARQL query:
# Tier H-vocab — title literals, large
# Goal: external-vocabulary lookup pressure with larger bounded output.
PREFIX dblp: <https://dblp.org/rdf/schema#>

CONSTRUCT { ?paper dblp:title ?title }
WHERE {
  ?paper dblp:title ?title .
}
LIMIT 100000

2026-09-28 20:38:18.067 - INFO: Requested media types of the result are: "text/turtle"
2026-09-28 20:38:18.067 - INFO: Query planning done in 0 ms
2026-09-28 20:38:18.067 - INFO: Result has unknown size (not computed yet)
2026-09-28 20:38:18.578 - INFO: Done processing query and sending result, total time was 511 ms
2026-09-28 20:38:18.598 - INFO: 
2026-09-28 20:38:18.598 - INFO: Request received via GET, no content type specified
2026-09-28 20:38:18.598 - INFO: Processing command "clear-cache": clear the cache (unpinned elements only)
2026-09-28 20:38:18.616 - INFO: 
2026-09-28 20:38:18.616 - INFO: Request received via POST, content type "application/x-www-form-urlencoded"
2026-09-28 20:38:18.616 - INFO: Processing the following SPARQL query:
# Tier H-vocab — title literals, large
# Goal: external-vocabulary lookup pressure with larger bounded output.
PREFIX dblp: <https://dblp.org/rdf/schema#>

CONSTRUCT { ?paper dblp:title ?title }
WHERE {
  ?paper dblp:title ?title .
}
LIMIT 100000

2026-09-28 20:38:18.616 - INFO: Requested media types of the result are: "text/turtle"
2026-09-28 20:38:18.616 - INFO: Query planning done in 0 ms
2026-09-28 20:38:18.616 - INFO: Result has unknown size (not computed yet)
2026-09-28 20:38:19.111 - INFO: Done processing query and sending result, total time was 494 ms
2026-09-28 20:38:19.131 - INFO: 
2026-09-28 20:38:19.131 - INFO: Request received via GET, no content type specified
2026-09-28 20:38:19.131 - INFO: Processing command "clear-cache": clear the cache (unpinned elements only)
2026-09-28 20:38:19.149 - INFO: 
2026-09-28 20:38:19.149 - INFO: Request received via POST, content type "application/x-www-form-urlencoded"
2026-09-28 20:38:19.149 - INFO: Processing the following SPARQL query:
# Tier H-vocab — title literals, large
# Goal: external-vocabulary lookup pressure with larger bounded output.
PREFIX dblp: <https://dblp.org/rdf/schema#>

CONSTRUCT { ?paper dblp:title ?title }
WHERE {
  ?paper dblp:title ?title .
}
LIMIT 100000

2026-09-28 20:38:19.149 - INFO: Requested media types of the result are: "text/turtle"
2026-09-28 20:38:19.149 - INFO: Query planning done in 0 ms
2026-09-28 20:38:19.149 - INFO: Result has unknown size (not computed yet)
2026-09-28 20:38:19.640 - INFO: Done processing query and sending result, total time was 491 ms
2026-09-28 20:38:19.660 - INFO: 
2026-09-28 20:38:19.660 - INFO: Request received via GET, no content type specified
2026-09-28 20:38:19.660 - INFO: Processing command "clear-cache": clear the cache (unpinned elements only)
2026-09-28 20:38:19.678 - INFO: 
2026-09-28 20:38:19.678 - INFO: Request received via POST, content type "application/x-www-form-urlencoded"
2026-09-28 20:38:19.678 - INFO: Processing the following SPARQL query:
# Tier H-vocab — title literals, large
# Goal: external-vocabulary lookup pressure with larger bounded output.
PREFIX dblp: <https://dblp.org/rdf/schema#>

CONSTRUCT { ?paper dblp:title ?title }
WHERE {
  ?paper dblp:title ?title .
}
LIMIT 100000

2026-09-28 20:38:19.678 - INFO: Requested media types of the result are: "text/turtle"
2026-09-28 20:38:19.679 - INFO: Query planning done in 0 ms
2026-09-28 20:38:19.679 - INFO: Result has unknown size (not computed yet)
2026-09-28 20:38:20.171 - INFO: Done processing query and sending result, total time was 492 ms
2026-09-28 20:38:20.191 - INFO: 
2026-09-28 20:38:20.191 - INFO: Request received via GET, no content type specified
2026-09-28 20:38:20.191 - INFO: Processing command "clear-cache": clear the cache (unpinned elements only)
2026-09-28 20:38:20.209 - INFO: 
2026-09-28 20:38:20.209 - INFO: Request received via POST, content type "application/x-www-form-urlencoded"
2026-09-28 20:38:20.209 - INFO: Processing the following SPARQL query:
# Tier H-vocab — title literals, large
# Goal: external-vocabulary lookup pressure with larger bounded output.
PREFIX dblp: <https://dblp.org/rdf/schema#>

CONSTRUCT { ?paper dblp:title ?title }
WHERE {
  ?paper dblp:title ?title .
}
LIMIT 100000

2026-09-28 20:38:20.209 - INFO: Requested media types of the result are: "text/turtle"
2026-09-28 20:38:20.209 - INFO: Query planning done in 0 ms
2026-09-28 20:38:20.210 - INFO: Result has unknown size (not computed yet)
2026-09-28 20:38:20.703 - INFO: Done processing query and sending result, total time was 493 ms
2026-09-28 20:38:57.805 - INFO: 
2026-09-28 20:38:57.805 - INFO: Request received via GET, no content type specified
2026-09-28 20:38:57.805 - INFO: Processing command "clear-cache": clear the cache (unpinned elements only)
2026-09-28 20:38:57.823 - INFO: 
2026-09-28 20:38:57.823 - INFO: Request received via POST, content type "application/x-www-form-urlencoded"
2026-09-28 20:38:57.823 - INFO: Processing the following SPARQL query:
# Tier H-vocab — title literals, large
# Goal: external-vocabulary lookup pressure with larger bounded output.
PREFIX dblp: <https://dblp.org/rdf/schema#>

CONSTRUCT { ?paper dblp:title ?title }
WHERE {
  ?paper dblp:title ?title .
}
LIMIT 100000

2026-09-28 20:38:57.823 - INFO: Requested media types of the result are: "text/turtle"
2026-09-28 20:38:57.823 - INFO: Query planning done in 0 ms
2026-09-28 20:38:57.823 - INFO: Result has unknown size (not computed yet)
2026-09-28 20:38:58.350 - INFO: Done processing query and sending result, total time was 527 ms
2026-09-28 20:38:58.370 - INFO: 
2026-09-28 20:38:58.370 - INFO: Request received via GET, no content type specified
2026-09-28 20:38:58.370 - INFO: Processing command "clear-cache": clear the cache (unpinned elements only)
2026-09-28 20:38:58.388 - INFO: 
2026-09-28 20:38:58.388 - INFO: Request received via POST, content type "application/x-www-form-urlencoded"
2026-09-28 20:38:58.388 - INFO: Processing the following SPARQL query:
# Tier H-vocab — title literals, large
# Goal: external-vocabulary lookup pressure with larger bounded output.
PREFIX dblp: <https://dblp.org/rdf/schema#>

CONSTRUCT { ?paper dblp:title ?title }
WHERE {
  ?paper dblp:title ?title .
}
LIMIT 100000

2026-09-28 20:38:58.388 - INFO: Requested media types of the result are: "text/turtle"
2026-09-28 20:38:58.389 - INFO: Query planning done in 0 ms
2026-09-28 20:38:58.389 - INFO: Result has unknown size (not computed yet)
2026-09-28 20:38:58.919 - INFO: Done processing query and sending result, total time was 531 ms
2026-09-28 20:38:58.940 - INFO: 
2026-09-28 20:38:58.940 - INFO: Request received via GET, no content type specified
2026-09-28 20:38:58.940 - INFO: Processing command "clear-cache": clear the cache (unpinned elements only)
2026-09-28 20:38:58.957 - INFO: 
2026-09-28 20:38:58.957 - INFO: Request received via POST, content type "application/x-www-form-urlencoded"
2026-09-28 20:38:58.958 - INFO: Processing the following SPARQL query:
# Tier H-vocab — title literals, large
# Goal: external-vocabulary lookup pressure with larger bounded output.
PREFIX dblp: <https://dblp.org/rdf/schema#>

CONSTRUCT { ?paper dblp:title ?title }
WHERE {
  ?paper dblp:title ?title .
}
LIMIT 100000

2026-09-28 20:38:58.958 - INFO: Requested media types of the result are: "text/turtle"
2026-09-28 20:38:58.958 - INFO: Query planning done in 0 ms
2026-09-28 20:38:58.958 - INFO: Result has unknown size (not computed yet)
2026-09-28 20:38:59.481 - INFO: Done processing query and sending result, total time was 523 ms
2026-09-28 20:38:59.501 - INFO: 
2026-09-28 20:38:59.501 - INFO: Request received via GET, no content type specified
2026-09-28 20:38:59.501 - INFO: Processing command "clear-cache": clear the cache (unpinned elements only)
2026-09-28 20:38:59.519 - INFO: 
2026-09-28 20:38:59.519 - INFO: Request received via POST, content type "application/x-www-form-urlencoded"
2026-09-28 20:38:59.519 - INFO: Processing the following SPARQL query:
# Tier H-vocab — title literals, large
# Goal: external-vocabulary lookup pressure with larger bounded output.
PREFIX dblp: <https://dblp.org/rdf/schema#>

CONSTRUCT { ?paper dblp:title ?title }
WHERE {
  ?paper dblp:title ?title .
}
LIMIT 100000

2026-09-28 20:38:59.519 - INFO: Requested media types of the result are: "text/turtle"
2026-09-28 20:38:59.520 - INFO: Query planning done in 0 ms
2026-09-28 20:38:59.520 - INFO: Result has unknown size (not computed yet)
2026-09-28 20:39:00.044 - INFO: Done processing query and sending result, total time was 525 ms
2026-09-28 20:39:00.064 - INFO: 
2026-09-28 20:39:00.064 - INFO: Request received via GET, no content type specified
2026-09-28 20:39:00.064 - INFO: Processing command "clear-cache": clear the cache (unpinned elements only)
2026-09-28 20:39:00.090 - INFO: 
2026-09-28 20:39:00.090 - INFO: Request received via POST, content type "application/x-www-form-urlencoded"
2026-09-28 20:39:00.090 - INFO: Processing the following SPARQL query:
# Tier H-vocab — title literals, large
# Goal: external-vocabulary lookup pressure with larger bounded output.
PREFIX dblp: <https://dblp.org/rdf/schema#>

CONSTRUCT { ?paper dblp:title ?title }
WHERE {
  ?paper dblp:title ?title .
}
LIMIT 100000

2026-09-28 20:39:00.090 - INFO: Requested media types of the result are: "text/turtle"
2026-09-28 20:39:00.090 - INFO: Query planning done in 0 ms
2026-09-28 20:39:00.090 - INFO: Result has unknown size (not computed yet)
2026-09-28 20:39:00.614 - INFO: Done processing query and sending result, total time was 524 ms
2026-09-28 20:39:00.634 - INFO: 
2026-09-28 20:39:00.634 - INFO: Request received via GET, no content type specified
2026-09-28 20:39:00.634 - INFO: Processing command "clear-cache": clear the cache (unpinned elements only)
2026-09-28 20:39:00.652 - INFO: 
2026-09-28 20:39:00.652 - INFO: Request received via POST, content type "application/x-www-form-urlencoded"
2026-09-28 20:39:00.652 - INFO: Processing the following SPARQL query:
# Tier H-vocab — title literals, large
# Goal: external-vocabulary lookup pressure with larger bounded output.
PREFIX dblp: <https://dblp.org/rdf/schema#>

CONSTRUCT { ?paper dblp:title ?title }
WHERE {
  ?paper dblp:title ?title .
}
LIMIT 100000

2026-09-28 20:39:00.652 - INFO: Requested media types of the result are: "text/turtle"
2026-09-28 20:39:00.653 - INFO: Query planning done in 0 ms
2026-09-28 20:39:00.653 - INFO: Result has unknown size (not computed yet)
2026-09-28 20:39:01.176 - INFO: Done processing query and sending result, total time was 523 ms
2026-09-28 20:39:01.196 - INFO: 
2026-09-28 20:39:01.196 - INFO: Request received via GET, no content type specified
2026-09-28 20:39:01.196 - INFO: Processing command "clear-cache": clear the cache (unpinned elements only)
2026-09-28 20:39:01.214 - INFO: 
2026-09-28 20:39:01.214 - INFO: Request received via POST, content type "application/x-www-form-urlencoded"
2026-09-28 20:39:01.214 - INFO: Processing the following SPARQL query:
# Tier H-vocab — title literals, large
# Goal: external-vocabulary lookup pressure with larger bounded output.
PREFIX dblp: <https://dblp.org/rdf/schema#>

CONSTRUCT { ?paper dblp:title ?title }
WHERE {
  ?paper dblp:title ?title .
}
LIMIT 100000

2026-09-28 20:39:01.214 - INFO: Requested media types of the result are: "text/turtle"
2026-09-28 20:39:01.215 - INFO: Query planning done in 0 ms
2026-09-28 20:39:01.215 - INFO: Result has unknown size (not computed yet)
2026-09-28 20:39:01.724 - INFO: Done processing query and sending result, total time was 509 ms
2026-09-28 20:39:01.744 - INFO: 
2026-09-28 20:39:01.744 - INFO: Request received via GET, no content type specified
2026-09-28 20:39:01.744 - INFO: Processing command "clear-cache": clear the cache (unpinned elements only)
2026-09-28 20:39:01.762 - INFO: 
2026-09-28 20:39:01.762 - INFO: Request received via POST, content type "application/x-www-form-urlencoded"
2026-09-28 20:39:01.762 - INFO: Processing the following SPARQL query:
# Tier H-vocab — title literals, large
# Goal: external-vocabulary lookup pressure with larger bounded output.
PREFIX dblp: <https://dblp.org/rdf/schema#>

CONSTRUCT { ?paper dblp:title ?title }
WHERE {
  ?paper dblp:title ?title .
}
LIMIT 100000

2026-09-28 20:39:01.762 - INFO: Requested media types of the result are: "text/turtle"
2026-09-28 20:39:01.762 - INFO: Query planning done in 0 ms
2026-09-28 20:39:01.762 - INFO: Result has unknown size (not computed yet)
2026-09-28 20:39:02.255 - INFO: Done processing query and sending result, total time was 492 ms
2026-09-28 20:39:02.275 - INFO: 
2026-09-28 20:39:02.275 - INFO: Request received via GET, no content type specified
2026-09-28 20:39:02.275 - INFO: Processing command "clear-cache": clear the cache (unpinned elements only)
2026-09-28 20:39:02.292 - INFO: 
2026-09-28 20:39:02.292 - INFO: Request received via POST, content type "application/x-www-form-urlencoded"
2026-09-28 20:39:02.293 - INFO: Processing the following SPARQL query:
# Tier H-vocab — title literals, large
# Goal: external-vocabulary lookup pressure with larger bounded output.
PREFIX dblp: <https://dblp.org/rdf/schema#>

CONSTRUCT { ?paper dblp:title ?title }
WHERE {
  ?paper dblp:title ?title .
}
LIMIT 100000

2026-09-28 20:39:02.293 - INFO: Requested media types of the result are: "text/turtle"
2026-09-28 20:39:02.293 - INFO: Query planning done in 0 ms
2026-09-28 20:39:02.293 - INFO: Result has unknown size (not computed yet)
2026-09-28 20:39:02.786 - INFO: Done processing query and sending result, total time was 493 ms
2026-09-28 20:39:02.806 - INFO: 
2026-09-28 20:39:02.806 - INFO: Request received via GET, no content type specified
2026-09-28 20:39:02.806 - INFO: Processing command "clear-cache": clear the cache (unpinned elements only)
2026-09-28 20:39:02.824 - INFO: 
2026-09-28 20:39:02.824 - INFO: Request received via POST, content type "application/x-www-form-urlencoded"
2026-09-28 20:39:02.824 - INFO: Processing the following SPARQL query:
# Tier H-vocab — title literals, large
# Goal: external-vocabulary lookup pressure with larger bounded output.
PREFIX dblp: <https://dblp.org/rdf/schema#>

CONSTRUCT { ?paper dblp:title ?title }
WHERE {
  ?paper dblp:title ?title .
}
LIMIT 100000

2026-09-28 20:39:02.824 - INFO: Requested media types of the result are: "text/turtle"
2026-09-28 20:39:02.824 - INFO: Query planning done in 0 ms
2026-09-28 20:39:02.825 - INFO: Result has unknown size (not computed yet)
2026-09-28 20:39:03.312 - INFO: Done processing query and sending result, total time was 487 ms
2026-09-28 20:39:03.332 - INFO: 
2026-09-28 20:39:03.332 - INFO: Request received via GET, no content type specified
2026-09-28 20:39:03.332 - INFO: Processing command "clear-cache": clear the cache (unpinned elements only)
2026-09-28 20:39:03.350 - INFO: 
2026-09-28 20:39:03.350 - INFO: Request received via POST, content type "application/x-www-form-urlencoded"
2026-09-28 20:39:03.350 - INFO: Processing the following SPARQL query:
# Tier H-vocab — title literals, large
# Goal: external-vocabulary lookup pressure with larger bounded output.
PREFIX dblp: <https://dblp.org/rdf/schema#>

CONSTRUCT { ?paper dblp:title ?title }
WHERE {
  ?paper dblp:title ?title .
}
LIMIT 100000

2026-09-28 20:39:03.350 - INFO: Requested media types of the result are: "text/turtle"
2026-09-28 20:39:03.350 - INFO: Query planning done in 0 ms
2026-09-28 20:39:03.351 - INFO: Result has unknown size (not computed yet)
2026-09-28 20:39:03.845 - INFO: Done processing query and sending result, total time was 494 ms
2026-09-28 20:39:04.170 - INFO: 
2026-09-28 20:39:04.170 - INFO: Request received via GET, no content type specified
2026-09-28 20:39:04.170 - INFO: Processing command "clear-cache": clear the cache (unpinned elements only)
2026-09-28 20:39:04.188 - INFO: 
2026-09-28 20:39:04.188 - INFO: Request received via POST, content type "application/x-www-form-urlencoded"
2026-09-28 20:39:04.188 - INFO: Processing the following SPARQL query:
# Tier H-vocab — title literals, large
# Goal: external-vocabulary lookup pressure with larger bounded output.
PREFIX dblp: <https://dblp.org/rdf/schema#>

CONSTRUCT { ?paper dblp:title ?title }
WHERE {
  ?paper dblp:title ?title .
}
LIMIT 100000

2026-09-28 20:39:04.188 - INFO: Requested media types of the result are: "text/turtle"
2026-09-28 20:39:04.188 - INFO: Query planning done in 0 ms
2026-09-28 20:39:04.188 - INFO: Result has unknown size (not computed yet)
2026-09-28 20:39:04.717 - INFO: Done processing query and sending result, total time was 528 ms
2026-09-28 20:39:04.737 - INFO: 
2026-09-28 20:39:04.737 - INFO: Request received via GET, no content type specified
2026-09-28 20:39:04.737 - INFO: Processing command "clear-cache": clear the cache (unpinned elements only)
2026-09-28 20:39:04.755 - INFO: 
2026-09-28 20:39:04.755 - INFO: Request received via POST, content type "application/x-www-form-urlencoded"
2026-09-28 20:39:04.755 - INFO: Processing the following SPARQL query:
# Tier H-vocab — title literals, large
# Goal: external-vocabulary lookup pressure with larger bounded output.
PREFIX dblp: <https://dblp.org/rdf/schema#>

CONSTRUCT { ?paper dblp:title ?title }
WHERE {
  ?paper dblp:title ?title .
}
LIMIT 100000

2026-09-28 20:39:04.755 - INFO: Requested media types of the result are: "text/turtle"
2026-09-28 20:39:04.756 - INFO: Query planning done in 0 ms
2026-09-28 20:39:04.756 - INFO: Result has unknown size (not computed yet)
2026-09-28 20:39:05.280 - INFO: Done processing query and sending result, total time was 525 ms
2026-09-28 20:39:05.300 - INFO: 
2026-09-28 20:39:05.300 - INFO: Request received via GET, no content type specified
2026-09-28 20:39:05.300 - INFO: Processing command "clear-cache": clear the cache (unpinned elements only)
2026-09-28 20:39:05.318 - INFO: 
2026-09-28 20:39:05.318 - INFO: Request received via POST, content type "application/x-www-form-urlencoded"
2026-09-28 20:39:05.319 - INFO: Processing the following SPARQL query:
# Tier H-vocab — title literals, large
# Goal: external-vocabulary lookup pressure with larger bounded output.
PREFIX dblp: <https://dblp.org/rdf/schema#>

CONSTRUCT { ?paper dblp:title ?title }
WHERE {
  ?paper dblp:title ?title .
}
LIMIT 100000

2026-09-28 20:39:05.319 - INFO: Requested media types of the result are: "text/turtle"
2026-09-28 20:39:05.319 - INFO: Query planning done in 0 ms
2026-09-28 20:39:05.319 - INFO: Result has unknown size (not computed yet)
2026-09-28 20:39:05.845 - INFO: Done processing query and sending result, total time was 526 ms
2026-09-28 20:39:05.865 - INFO: 
2026-09-28 20:39:05.865 - INFO: Request received via GET, no content type specified
2026-09-28 20:39:05.865 - INFO: Processing command "clear-cache": clear the cache (unpinned elements only)
2026-09-28 20:39:05.883 - INFO: 
2026-09-28 20:39:05.883 - INFO: Request received via POST, content type "application/x-www-form-urlencoded"
2026-09-28 20:39:05.884 - INFO: Processing the following SPARQL query:
# Tier H-vocab — title literals, large
# Goal: external-vocabulary lookup pressure with larger bounded output.
PREFIX dblp: <https://dblp.org/rdf/schema#>

CONSTRUCT { ?paper dblp:title ?title }
WHERE {
  ?paper dblp:title ?title .
}
LIMIT 100000

2026-09-28 20:39:05.884 - INFO: Requested media types of the result are: "text/turtle"
2026-09-28 20:39:05.884 - INFO: Query planning done in 0 ms
2026-09-28 20:39:05.884 - INFO: Result has unknown size (not computed yet)
2026-09-28 20:39:06.406 - INFO: Done processing query and sending result, total time was 522 ms
2026-09-28 20:39:06.426 - INFO: 
2026-09-28 20:39:06.426 - INFO: Request received via GET, no content type specified
2026-09-28 20:39:06.426 - INFO: Processing command "clear-cache": clear the cache (unpinned elements only)
2026-09-28 20:39:06.444 - INFO: 
2026-09-28 20:39:06.444 - INFO: Request received via POST, content type "application/x-www-form-urlencoded"
2026-09-28 20:39:06.444 - INFO: Processing the following SPARQL query:
# Tier H-vocab — title literals, large
# Goal: external-vocabulary lookup pressure with larger bounded output.
PREFIX dblp: <https://dblp.org/rdf/schema#>

CONSTRUCT { ?paper dblp:title ?title }
WHERE {
  ?paper dblp:title ?title .
}
LIMIT 100000

2026-09-28 20:39:06.444 - INFO: Requested media types of the result are: "text/turtle"
2026-09-28 20:39:06.444 - INFO: Query planning done in 0 ms
2026-09-28 20:39:06.445 - INFO: Result has unknown size (not computed yet)
2026-09-28 20:39:06.968 - INFO: Done processing query and sending result, total time was 524 ms
2026-09-28 20:39:06.989 - INFO: 
2026-09-28 20:39:06.989 - INFO: Request received via GET, no content type specified
2026-09-28 20:39:06.989 - INFO: Processing command "clear-cache": clear the cache (unpinned elements only)
2026-09-28 20:39:07.006 - INFO: 
2026-09-28 20:39:07.006 - INFO: Request received via POST, content type "application/x-www-form-urlencoded"
2026-09-28 20:39:07.007 - INFO: Processing the following SPARQL query:
# Tier H-vocab — title literals, large
# Goal: external-vocabulary lookup pressure with larger bounded output.
PREFIX dblp: <https://dblp.org/rdf/schema#>

CONSTRUCT { ?paper dblp:title ?title }
WHERE {
  ?paper dblp:title ?title .
}
LIMIT 100000

2026-09-28 20:39:07.007 - INFO: Requested media types of the result are: "text/turtle"
2026-09-28 20:39:07.007 - INFO: Query planning done in 0 ms
2026-09-28 20:39:07.007 - INFO: Result has unknown size (not computed yet)
2026-09-28 20:39:07.538 - INFO: Done processing query and sending result, total time was 531 ms
2026-09-28 20:39:07.558 - INFO: 
2026-09-28 20:39:07.558 - INFO: Request received via GET, no content type specified
2026-09-28 20:39:07.558 - INFO: Processing command "clear-cache": clear the cache (unpinned elements only)
2026-09-28 20:39:07.583 - INFO: 
2026-09-28 20:39:07.583 - INFO: Request received via POST, content type "application/x-www-form-urlencoded"
2026-09-28 20:39:07.584 - INFO: Processing the following SPARQL query:
# Tier H-vocab — title literals, large
# Goal: external-vocabulary lookup pressure with larger bounded output.
PREFIX dblp: <https://dblp.org/rdf/schema#>

CONSTRUCT { ?paper dblp:title ?title }
WHERE {
  ?paper dblp:title ?title .
}
LIMIT 100000

2026-09-28 20:39:07.584 - INFO: Requested media types of the result are: "text/turtle"
2026-09-28 20:39:07.584 - INFO: Query planning done in 0 ms
2026-09-28 20:39:07.584 - INFO: Result has unknown size (not computed yet)
2026-09-28 20:39:08.120 - INFO: Done processing query and sending result, total time was 536 ms
2026-09-28 20:39:08.141 - INFO: 
2026-09-28 20:39:08.141 - INFO: Request received via GET, no content type specified
2026-09-28 20:39:08.141 - INFO: Processing command "clear-cache": clear the cache (unpinned elements only)
2026-09-28 20:39:08.159 - INFO: 
2026-09-28 20:39:08.159 - INFO: Request received via POST, content type "application/x-www-form-urlencoded"
2026-09-28 20:39:08.159 - INFO: Processing the following SPARQL query:
# Tier H-vocab — title literals, large
# Goal: external-vocabulary lookup pressure with larger bounded output.
PREFIX dblp: <https://dblp.org/rdf/schema#>

CONSTRUCT { ?paper dblp:title ?title }
WHERE {
  ?paper dblp:title ?title .
}
LIMIT 100000

2026-09-28 20:39:08.159 - INFO: Requested media types of the result are: "text/turtle"
2026-09-28 20:39:08.159 - INFO: Query planning done in 0 ms
2026-09-28 20:39:08.159 - INFO: Result has unknown size (not computed yet)
2026-09-28 20:39:08.661 - INFO: Done processing query and sending result, total time was 502 ms
2026-09-28 20:39:08.681 - INFO: 
2026-09-28 20:39:08.681 - INFO: Request received via GET, no content type specified
2026-09-28 20:39:08.681 - INFO: Processing command "clear-cache": clear the cache (unpinned elements only)
2026-09-28 20:39:08.699 - INFO: 
2026-09-28 20:39:08.699 - INFO: Request received via POST, content type "application/x-www-form-urlencoded"
2026-09-28 20:39:08.699 - INFO: Processing the following SPARQL query:
# Tier H-vocab — title literals, large
# Goal: external-vocabulary lookup pressure with larger bounded output.
PREFIX dblp: <https://dblp.org/rdf/schema#>

CONSTRUCT { ?paper dblp:title ?title }
WHERE {
  ?paper dblp:title ?title .
}
LIMIT 100000

2026-09-28 20:39:08.699 - INFO: Requested media types of the result are: "text/turtle"
2026-09-28 20:39:08.699 - INFO: Query planning done in 0 ms
2026-09-28 20:39:08.699 - INFO: Result has unknown size (not computed yet)
2026-09-28 20:39:09.203 - INFO: Done processing query and sending result, total time was 504 ms
2026-09-28 20:39:09.223 - INFO: 
2026-09-28 20:39:09.223 - INFO: Request received via GET, no content type specified
2026-09-28 20:39:09.223 - INFO: Processing command "clear-cache": clear the cache (unpinned elements only)
2026-09-28 20:39:09.241 - INFO: 
2026-09-28 20:39:09.241 - INFO: Request received via POST, content type "application/x-www-form-urlencoded"
2026-09-28 20:39:09.242 - INFO: Processing the following SPARQL query:
# Tier H-vocab — title literals, large
# Goal: external-vocabulary lookup pressure with larger bounded output.
PREFIX dblp: <https://dblp.org/rdf/schema#>

CONSTRUCT { ?paper dblp:title ?title }
WHERE {
  ?paper dblp:title ?title .
}
LIMIT 100000

2026-09-28 20:39:09.242 - INFO: Requested media types of the result are: "text/turtle"
2026-09-28 20:39:09.242 - INFO: Query planning done in 0 ms
2026-09-28 20:39:09.242 - INFO: Result has unknown size (not computed yet)
2026-09-28 20:39:09.770 - INFO: Done processing query and sending result, total time was 529 ms
2026-09-28 20:39:09.791 - INFO: 
2026-09-28 20:39:09.791 - INFO: Request received via GET, no content type specified
2026-09-28 20:39:09.791 - INFO: Processing command "clear-cache": clear the cache (unpinned elements only)
2026-09-28 20:39:09.809 - INFO: 
2026-09-28 20:39:09.809 - INFO: Request received via POST, content type "application/x-www-form-urlencoded"
2026-09-28 20:39:09.809 - INFO: Processing the following SPARQL query:
# Tier H-vocab — title literals, large
# Goal: external-vocabulary lookup pressure with larger bounded output.
PREFIX dblp: <https://dblp.org/rdf/schema#>

CONSTRUCT { ?paper dblp:title ?title }
WHERE {
  ?paper dblp:title ?title .
}
LIMIT 100000

2026-09-28 20:39:09.809 - INFO: Requested media types of the result are: "text/turtle"
2026-09-28 20:39:09.809 - INFO: Query planning done in 0 ms
2026-09-28 20:39:09.809 - INFO: Result has unknown size (not computed yet)
2026-09-28 20:39:10.338 - INFO: Done processing query and sending result, total time was 529 ms
2026-09-28 20:39:47.480 - INFO: 
2026-09-28 20:39:47.480 - INFO: Request received via GET, no content type specified
2026-09-28 20:39:47.480 - INFO: Processing command "clear-cache": clear the cache (unpinned elements only)
2026-09-28 20:39:47.499 - INFO: 
2026-09-28 20:39:47.499 - INFO: Request received via POST, content type "application/x-www-form-urlencoded"
2026-09-28 20:39:47.499 - INFO: Processing the following SPARQL query:
# Tier H-vocab — title literals, large
# Goal: external-vocabulary lookup pressure with larger bounded output.
PREFIX dblp: <https://dblp.org/rdf/schema#>

CONSTRUCT { ?paper dblp:title ?title }
WHERE {
  ?paper dblp:title ?title .
}
LIMIT 100000

2026-09-28 20:39:47.499 - INFO: Requested media types of the result are: "text/turtle"
2026-09-28 20:39:47.499 - INFO: Query planning done in 0 ms
2026-09-28 20:39:47.499 - INFO: Result has unknown size (not computed yet)
2026-09-28 20:39:48.025 - INFO: Done processing query and sending result, total time was 526 ms
2026-09-28 20:39:48.045 - INFO: 
2026-09-28 20:39:48.045 - INFO: Request received via GET, no content type specified
2026-09-28 20:39:48.045 - INFO: Processing command "clear-cache": clear the cache (unpinned elements only)
2026-09-28 20:39:48.063 - INFO: 
2026-09-28 20:39:48.063 - INFO: Request received via POST, content type "application/x-www-form-urlencoded"
2026-09-28 20:39:48.064 - INFO: Processing the following SPARQL query:
# Tier H-vocab — title literals, large
# Goal: external-vocabulary lookup pressure with larger bounded output.
PREFIX dblp: <https://dblp.org/rdf/schema#>

CONSTRUCT { ?paper dblp:title ?title }
WHERE {
  ?paper dblp:title ?title .
}
LIMIT 100000

2026-09-28 20:39:48.064 - INFO: Requested media types of the result are: "text/turtle"
2026-09-28 20:39:48.064 - INFO: Query planning done in 0 ms
2026-09-28 20:39:48.065 - INFO: Result has unknown size (not computed yet)
2026-09-28 20:39:48.590 - INFO: Done processing query and sending result, total time was 526 ms
2026-09-28 20:39:48.610 - INFO: 
2026-09-28 20:39:48.610 - INFO: Request received via GET, no content type specified
2026-09-28 20:39:48.610 - INFO: Processing command "clear-cache": clear the cache (unpinned elements only)
2026-09-28 20:39:48.628 - INFO: 
2026-09-28 20:39:48.628 - INFO: Request received via POST, content type "application/x-www-form-urlencoded"
2026-09-28 20:39:48.628 - INFO: Processing the following SPARQL query:
# Tier H-vocab — title literals, large
# Goal: external-vocabulary lookup pressure with larger bounded output.
PREFIX dblp: <https://dblp.org/rdf/schema#>

CONSTRUCT { ?paper dblp:title ?title }
WHERE {
  ?paper dblp:title ?title .
}
LIMIT 100000

2026-09-28 20:39:48.628 - INFO: Requested media types of the result are: "text/turtle"
2026-09-28 20:39:48.628 - INFO: Query planning done in 0 ms
2026-09-28 20:39:48.628 - INFO: Result has unknown size (not computed yet)
2026-09-28 20:39:49.153 - INFO: Done processing query and sending result, total time was 525 ms
2026-09-28 20:39:49.173 - INFO: 
2026-09-28 20:39:49.173 - INFO: Request received via GET, no content type specified
2026-09-28 20:39:49.173 - INFO: Processing command "clear-cache": clear the cache (unpinned elements only)
2026-09-28 20:39:49.191 - INFO: 
2026-09-28 20:39:49.191 - INFO: Request received via POST, content type "application/x-www-form-urlencoded"
2026-09-28 20:39:49.191 - INFO: Processing the following SPARQL query:
# Tier H-vocab — title literals, large
# Goal: external-vocabulary lookup pressure with larger bounded output.
PREFIX dblp: <https://dblp.org/rdf/schema#>

CONSTRUCT { ?paper dblp:title ?title }
WHERE {
  ?paper dblp:title ?title .
}
LIMIT 100000

2026-09-28 20:39:49.191 - INFO: Requested media types of the result are: "text/turtle"
2026-09-28 20:39:49.192 - INFO: Query planning done in 0 ms
2026-09-28 20:39:49.192 - INFO: Result has unknown size (not computed yet)
2026-09-28 20:39:49.713 - INFO: Done processing query and sending result, total time was 522 ms
2026-09-28 20:39:49.733 - INFO: 
2026-09-28 20:39:49.733 - INFO: Request received via GET, no content type specified
2026-09-28 20:39:49.733 - INFO: Processing command "clear-cache": clear the cache (unpinned elements only)
2026-09-28 20:39:49.751 - INFO: 
2026-09-28 20:39:49.751 - INFO: Request received via POST, content type "application/x-www-form-urlencoded"
2026-09-28 20:39:49.751 - INFO: Processing the following SPARQL query:
# Tier H-vocab — title literals, large
# Goal: external-vocabulary lookup pressure with larger bounded output.
PREFIX dblp: <https://dblp.org/rdf/schema#>

CONSTRUCT { ?paper dblp:title ?title }
WHERE {
  ?paper dblp:title ?title .
}
LIMIT 100000

2026-09-28 20:39:49.751 - INFO: Requested media types of the result are: "text/turtle"
2026-09-28 20:39:49.752 - INFO: Query planning done in 0 ms
2026-09-28 20:39:49.752 - INFO: Result has unknown size (not computed yet)
2026-09-28 20:39:50.260 - INFO: Done processing query and sending result, total time was 508 ms
2026-09-28 20:39:50.281 - INFO: 
2026-09-28 20:39:50.281 - INFO: Request received via GET, no content type specified
2026-09-28 20:39:50.281 - INFO: Processing command "clear-cache": clear the cache (unpinned elements only)
2026-09-28 20:39:50.299 - INFO: 
2026-09-28 20:39:50.299 - INFO: Request received via POST, content type "application/x-www-form-urlencoded"
2026-09-28 20:39:50.299 - INFO: Processing the following SPARQL query:
# Tier H-vocab — title literals, large
# Goal: external-vocabulary lookup pressure with larger bounded output.
PREFIX dblp: <https://dblp.org/rdf/schema#>

CONSTRUCT { ?paper dblp:title ?title }
WHERE {
  ?paper dblp:title ?title .
}
LIMIT 100000

2026-09-28 20:39:50.299 - INFO: Requested media types of the result are: "text/turtle"
2026-09-28 20:39:50.299 - INFO: Query planning done in 0 ms
2026-09-28 20:39:50.299 - INFO: Result has unknown size (not computed yet)
2026-09-28 20:39:50.792 - INFO: Done processing query and sending result, total time was 493 ms
2026-09-28 20:39:50.812 - INFO: 
2026-09-28 20:39:50.812 - INFO: Request received via GET, no content type specified
2026-09-28 20:39:50.812 - INFO: Processing command "clear-cache": clear the cache (unpinned elements only)
2026-09-28 20:39:50.830 - INFO: 
2026-09-28 20:39:50.830 - INFO: Request received via POST, content type "application/x-www-form-urlencoded"
2026-09-28 20:39:50.830 - INFO: Processing the following SPARQL query:
# Tier H-vocab — title literals, large
# Goal: external-vocabulary lookup pressure with larger bounded output.
PREFIX dblp: <https://dblp.org/rdf/schema#>

CONSTRUCT { ?paper dblp:title ?title }
WHERE {
  ?paper dblp:title ?title .
}
LIMIT 100000

2026-09-28 20:39:50.830 - INFO: Requested media types of the result are: "text/turtle"
2026-09-28 20:39:50.831 - INFO: Query planning done in 0 ms
2026-09-28 20:39:50.831 - INFO: Result has unknown size (not computed yet)
2026-09-28 20:39:51.325 - INFO: Done processing query and sending result, total time was 495 ms
2026-09-28 20:39:51.345 - INFO: 
2026-09-28 20:39:51.345 - INFO: Request received via GET, no content type specified
2026-09-28 20:39:51.345 - INFO: Processing command "clear-cache": clear the cache (unpinned elements only)
2026-09-28 20:39:51.363 - INFO: 
2026-09-28 20:39:51.363 - INFO: Request received via POST, content type "application/x-www-form-urlencoded"
2026-09-28 20:39:51.364 - INFO: Processing the following SPARQL query:
# Tier H-vocab — title literals, large
# Goal: external-vocabulary lookup pressure with larger bounded output.
PREFIX dblp: <https://dblp.org/rdf/schema#>

CONSTRUCT { ?paper dblp:title ?title }
WHERE {
  ?paper dblp:title ?title .
}
LIMIT 100000

2026-09-28 20:39:51.364 - INFO: Requested media types of the result are: "text/turtle"
2026-09-28 20:39:51.364 - INFO: Query planning done in 0 ms
2026-09-28 20:39:51.364 - INFO: Result has unknown size (not computed yet)
2026-09-28 20:39:51.854 - INFO: Done processing query and sending result, total time was 490 ms
2026-09-28 20:39:51.874 - INFO: 
2026-09-28 20:39:51.874 - INFO: Request received via GET, no content type specified
2026-09-28 20:39:51.874 - INFO: Processing command "clear-cache": clear the cache (unpinned elements only)
2026-09-28 20:39:51.892 - INFO: 
2026-09-28 20:39:51.892 - INFO: Request received via POST, content type "application/x-www-form-urlencoded"
2026-09-28 20:39:51.892 - INFO: Processing the following SPARQL query:
# Tier H-vocab — title literals, large
# Goal: external-vocabulary lookup pressure with larger bounded output.
PREFIX dblp: <https://dblp.org/rdf/schema#>

CONSTRUCT { ?paper dblp:title ?title }
WHERE {
  ?paper dblp:title ?title .
}
LIMIT 100000

2026-09-28 20:39:51.892 - INFO: Requested media types of the result are: "text/turtle"
2026-09-28 20:39:51.892 - INFO: Query planning done in 0 ms
2026-09-28 20:39:51.893 - INFO: Result has unknown size (not computed yet)
2026-09-28 20:39:52.384 - INFO: Done processing query and sending result, total time was 492 ms
2026-09-28 20:39:52.405 - INFO: 
2026-09-28 20:39:52.405 - INFO: Request received via GET, no content type specified
2026-09-28 20:39:52.405 - INFO: Processing command "clear-cache": clear the cache (unpinned elements only)
2026-09-28 20:39:52.422 - INFO: 
2026-09-28 20:39:52.422 - INFO: Request received via POST, content type "application/x-www-form-urlencoded"
2026-09-28 20:39:52.423 - INFO: Processing the following SPARQL query:
# Tier H-vocab — title literals, large
# Goal: external-vocabulary lookup pressure with larger bounded output.
PREFIX dblp: <https://dblp.org/rdf/schema#>

CONSTRUCT { ?paper dblp:title ?title }
WHERE {
  ?paper dblp:title ?title .
}
LIMIT 100000

2026-09-28 20:39:52.423 - INFO: Requested media types of the result are: "text/turtle"
2026-09-28 20:39:52.423 - INFO: Query planning done in 0 ms
2026-09-28 20:39:52.423 - INFO: Result has unknown size (not computed yet)
2026-09-28 20:39:52.913 - INFO: Done processing query and sending result, total time was 490 ms
2026-09-28 20:39:52.933 - INFO: 
2026-09-28 20:39:52.933 - INFO: Request received via GET, no content type specified
2026-09-28 20:39:52.933 - INFO: Processing command "clear-cache": clear the cache (unpinned elements only)
2026-09-28 20:39:52.951 - INFO: 
2026-09-28 20:39:52.951 - INFO: Request received via POST, content type "application/x-www-form-urlencoded"
2026-09-28 20:39:52.952 - INFO: Processing the following SPARQL query:
# Tier H-vocab — title literals, large
# Goal: external-vocabulary lookup pressure with larger bounded output.
PREFIX dblp: <https://dblp.org/rdf/schema#>

CONSTRUCT { ?paper dblp:title ?title }
WHERE {
  ?paper dblp:title ?title .
}
LIMIT 100000

2026-09-28 20:39:52.952 - INFO: Requested media types of the result are: "text/turtle"
2026-09-28 20:39:52.952 - INFO: Query planning done in 0 ms
2026-09-28 20:39:52.952 - INFO: Result has unknown size (not computed yet)
2026-09-28 20:39:53.445 - INFO: Done processing query and sending result, total time was 493 ms
2026-09-28 20:39:53.771 - INFO: 
2026-09-28 20:39:53.771 - INFO: Request received via GET, no content type specified
2026-09-28 20:39:53.771 - INFO: Processing command "clear-cache": clear the cache (unpinned elements only)
2026-09-28 20:39:53.797 - INFO: 
2026-09-28 20:39:53.797 - INFO: Request received via POST, content type "application/x-www-form-urlencoded"
2026-09-28 20:39:53.797 - INFO: Processing the following SPARQL query:
# Tier H-vocab — title literals, large
# Goal: external-vocabulary lookup pressure with larger bounded output.
PREFIX dblp: <https://dblp.org/rdf/schema#>

CONSTRUCT { ?paper dblp:title ?title }
WHERE {
  ?paper dblp:title ?title .
}
LIMIT 100000

2026-09-28 20:39:53.797 - INFO: Requested media types of the result are: "text/turtle"
2026-09-28 20:39:53.797 - INFO: Query planning done in 0 ms
2026-09-28 20:39:53.797 - INFO: Result has unknown size (not computed yet)
2026-09-28 20:39:54.322 - INFO: Done processing query and sending result, total time was 525 ms
2026-09-28 20:39:54.343 - INFO: 
2026-09-28 20:39:54.343 - INFO: Request received via GET, no content type specified
2026-09-28 20:39:54.343 - INFO: Processing command "clear-cache": clear the cache (unpinned elements only)
2026-09-28 20:39:54.361 - INFO: 
2026-09-28 20:39:54.361 - INFO: Request received via POST, content type "application/x-www-form-urlencoded"
2026-09-28 20:39:54.361 - INFO: Processing the following SPARQL query:
# Tier H-vocab — title literals, large
# Goal: external-vocabulary lookup pressure with larger bounded output.
PREFIX dblp: <https://dblp.org/rdf/schema#>

CONSTRUCT { ?paper dblp:title ?title }
WHERE {
  ?paper dblp:title ?title .
}
LIMIT 100000

2026-09-28 20:39:54.361 - INFO: Requested media types of the result are: "text/turtle"
2026-09-28 20:39:54.361 - INFO: Query planning done in 0 ms
2026-09-28 20:39:54.362 - INFO: Result has unknown size (not computed yet)
2026-09-28 20:39:54.889 - INFO: Done processing query and sending result, total time was 528 ms
2026-09-28 20:39:54.909 - INFO: 
2026-09-28 20:39:54.910 - INFO: Request received via GET, no content type specified
2026-09-28 20:39:54.910 - INFO: Processing command "clear-cache": clear the cache (unpinned elements only)
2026-09-28 20:39:54.928 - INFO: 
2026-09-28 20:39:54.928 - INFO: Request received via POST, content type "application/x-www-form-urlencoded"
2026-09-28 20:39:54.928 - INFO: Processing the following SPARQL query:
# Tier H-vocab — title literals, large
# Goal: external-vocabulary lookup pressure with larger bounded output.
PREFIX dblp: <https://dblp.org/rdf/schema#>

CONSTRUCT { ?paper dblp:title ?title }
WHERE {
  ?paper dblp:title ?title .
}
LIMIT 100000

2026-09-28 20:39:54.928 - INFO: Requested media types of the result are: "text/turtle"
2026-09-28 20:39:54.929 - INFO: Query planning done in 0 ms
2026-09-28 20:39:54.929 - INFO: Result has unknown size (not computed yet)
2026-09-28 20:39:55.454 - INFO: Done processing query and sending result, total time was 525 ms
2026-09-28 20:39:55.474 - INFO: 
2026-09-28 20:39:55.474 - INFO: Request received via GET, no content type specified
2026-09-28 20:39:55.474 - INFO: Processing command "clear-cache": clear the cache (unpinned elements only)
2026-09-28 20:39:55.492 - INFO: 
2026-09-28 20:39:55.492 - INFO: Request received via POST, content type "application/x-www-form-urlencoded"
2026-09-28 20:39:55.493 - INFO: Processing the following SPARQL query:
# Tier H-vocab — title literals, large
# Goal: external-vocabulary lookup pressure with larger bounded output.
PREFIX dblp: <https://dblp.org/rdf/schema#>

CONSTRUCT { ?paper dblp:title ?title }
WHERE {
  ?paper dblp:title ?title .
}
LIMIT 100000

2026-09-28 20:39:55.493 - INFO: Requested media types of the result are: "text/turtle"
2026-09-28 20:39:55.493 - INFO: Query planning done in 0 ms
2026-09-28 20:39:55.493 - INFO: Result has unknown size (not computed yet)
2026-09-28 20:39:56.014 - INFO: Done processing query and sending result, total time was 521 ms
2026-09-28 20:39:56.035 - INFO: 
2026-09-28 20:39:56.035 - INFO: Request received via GET, no content type specified
2026-09-28 20:39:56.035 - INFO: Processing command "clear-cache": clear the cache (unpinned elements only)
2026-09-28 20:39:56.053 - INFO: 
2026-09-28 20:39:56.053 - INFO: Request received via POST, content type "application/x-www-form-urlencoded"
2026-09-28 20:39:56.053 - INFO: Processing the following SPARQL query:
# Tier H-vocab — title literals, large
# Goal: external-vocabulary lookup pressure with larger bounded output.
PREFIX dblp: <https://dblp.org/rdf/schema#>

CONSTRUCT { ?paper dblp:title ?title }
WHERE {
  ?paper dblp:title ?title .
}
LIMIT 100000

2026-09-28 20:39:56.053 - INFO: Requested media types of the result are: "text/turtle"
2026-09-28 20:39:56.053 - INFO: Query planning done in 0 ms
2026-09-28 20:39:56.054 - INFO: Result has unknown size (not computed yet)
2026-09-28 20:39:56.567 - INFO: Done processing query and sending result, total time was 514 ms
2026-09-28 20:39:56.587 - INFO: 
2026-09-28 20:39:56.587 - INFO: Request received via GET, no content type specified
2026-09-28 20:39:56.588 - INFO: Processing command "clear-cache": clear the cache (unpinned elements only)
2026-09-28 20:39:56.606 - INFO: 
2026-09-28 20:39:56.606 - INFO: Request received via POST, content type "application/x-www-form-urlencoded"
2026-09-28 20:39:56.606 - INFO: Processing the following SPARQL query:
# Tier H-vocab — title literals, large
# Goal: external-vocabulary lookup pressure with larger bounded output.
PREFIX dblp: <https://dblp.org/rdf/schema#>

CONSTRUCT { ?paper dblp:title ?title }
WHERE {
  ?paper dblp:title ?title .
}
LIMIT 100000

2026-09-28 20:39:56.606 - INFO: Requested media types of the result are: "text/turtle"
2026-09-28 20:39:56.606 - INFO: Query planning done in 0 ms
2026-09-28 20:39:56.606 - INFO: Result has unknown size (not computed yet)
2026-09-28 20:39:57.108 - INFO: Done processing query and sending result, total time was 501 ms
2026-09-28 20:39:57.128 - INFO: 
2026-09-28 20:39:57.128 - INFO: Request received via GET, no content type specified
2026-09-28 20:39:57.128 - INFO: Processing command "clear-cache": clear the cache (unpinned elements only)
2026-09-28 20:39:57.146 - INFO: 
2026-09-28 20:39:57.146 - INFO: Request received via POST, content type "application/x-www-form-urlencoded"
2026-09-28 20:39:57.146 - INFO: Processing the following SPARQL query:
# Tier H-vocab — title literals, large
# Goal: external-vocabulary lookup pressure with larger bounded output.
PREFIX dblp: <https://dblp.org/rdf/schema#>

CONSTRUCT { ?paper dblp:title ?title }
WHERE {
  ?paper dblp:title ?title .
}
LIMIT 100000

2026-09-28 20:39:57.146 - INFO: Requested media types of the result are: "text/turtle"
2026-09-28 20:39:57.147 - INFO: Query planning done in 0 ms
2026-09-28 20:39:57.147 - INFO: Result has unknown size (not computed yet)
2026-09-28 20:39:57.685 - INFO: Done processing query and sending result, total time was 538 ms
2026-09-28 20:39:57.706 - INFO: 
2026-09-28 20:39:57.706 - INFO: Request received via GET, no content type specified
2026-09-28 20:39:57.706 - INFO: Processing command "clear-cache": clear the cache (unpinned elements only)
2026-09-28 20:39:57.724 - INFO: 
2026-09-28 20:39:57.724 - INFO: Request received via POST, content type "application/x-www-form-urlencoded"
2026-09-28 20:39:57.725 - INFO: Processing the following SPARQL query:
# Tier H-vocab — title literals, large
# Goal: external-vocabulary lookup pressure with larger bounded output.
PREFIX dblp: <https://dblp.org/rdf/schema#>

CONSTRUCT { ?paper dblp:title ?title }
WHERE {
  ?paper dblp:title ?title .
}
LIMIT 100000

2026-09-28 20:39:57.725 - INFO: Requested media types of the result are: "text/turtle"
2026-09-28 20:39:57.725 - INFO: Query planning done in 0 ms
2026-09-28 20:39:57.725 - INFO: Result has unknown size (not computed yet)
2026-09-28 20:39:58.268 - INFO: Done processing query and sending result, total time was 543 ms
2026-09-28 20:39:58.289 - INFO: 
2026-09-28 20:39:58.289 - INFO: Request received via GET, no content type specified
2026-09-28 20:39:58.289 - INFO: Processing command "clear-cache": clear the cache (unpinned elements only)
2026-09-28 20:39:58.307 - INFO: 
2026-09-28 20:39:58.307 - INFO: Request received via POST, content type "application/x-www-form-urlencoded"
2026-09-28 20:39:58.307 - INFO: Processing the following SPARQL query:
# Tier H-vocab — title literals, large
# Goal: external-vocabulary lookup pressure with larger bounded output.
PREFIX dblp: <https://dblp.org/rdf/schema#>

CONSTRUCT { ?paper dblp:title ?title }
WHERE {
  ?paper dblp:title ?title .
}
LIMIT 100000

2026-09-28 20:39:58.307 - INFO: Requested media types of the result are: "text/turtle"
2026-09-28 20:39:58.307 - INFO: Query planning done in 0 ms
2026-09-28 20:39:58.307 - INFO: Result has unknown size (not computed yet)
2026-09-28 20:39:58.835 - INFO: Done processing query and sending result, total time was 528 ms
2026-09-28 20:39:58.855 - INFO: 
2026-09-28 20:39:58.855 - INFO: Request received via GET, no content type specified
2026-09-28 20:39:58.855 - INFO: Processing command "clear-cache": clear the cache (unpinned elements only)
2026-09-28 20:39:58.873 - INFO: 
2026-09-28 20:39:58.873 - INFO: Request received via POST, content type "application/x-www-form-urlencoded"
2026-09-28 20:39:58.874 - INFO: Processing the following SPARQL query:
# Tier H-vocab — title literals, large
# Goal: external-vocabulary lookup pressure with larger bounded output.
PREFIX dblp: <https://dblp.org/rdf/schema#>

CONSTRUCT { ?paper dblp:title ?title }
WHERE {
  ?paper dblp:title ?title .
}
LIMIT 100000

2026-09-28 20:39:58.874 - INFO: Requested media types of the result are: "text/turtle"
2026-09-28 20:39:58.874 - INFO: Query planning done in 0 ms
2026-09-28 20:39:58.874 - INFO: Result has unknown size (not computed yet)
2026-09-28 20:39:59.398 - INFO: Done processing query and sending result, total time was 524 ms
2026-09-28 20:39:59.419 - INFO: 
2026-09-28 20:39:59.419 - INFO: Request received via GET, no content type specified
2026-09-28 20:39:59.419 - INFO: Processing command "clear-cache": clear the cache (unpinned elements only)
2026-09-28 20:39:59.437 - INFO: 
2026-09-28 20:39:59.437 - INFO: Request received via POST, content type "application/x-www-form-urlencoded"
2026-09-28 20:39:59.437 - INFO: Processing the following SPARQL query:
# Tier H-vocab — title literals, large
# Goal: external-vocabulary lookup pressure with larger bounded output.
PREFIX dblp: <https://dblp.org/rdf/schema#>

CONSTRUCT { ?paper dblp:title ?title }
WHERE {
  ?paper dblp:title ?title .
}
LIMIT 100000

2026-09-28 20:39:59.437 - INFO: Requested media types of the result are: "text/turtle"
2026-09-28 20:39:59.437 - INFO: Query planning done in 0 ms
2026-09-28 20:39:59.437 - INFO: Result has unknown size (not computed yet)
2026-09-28 20:39:59.963 - INFO: Done processing query and sending result, total time was 525 ms
2026-09-28 20:40:37.635 - INFO: 
2026-09-28 20:40:37.635 - INFO: Request received via GET, no content type specified
2026-09-28 20:40:37.635 - INFO: Processing command "clear-cache": clear the cache (unpinned elements only)
2026-09-28 20:40:37.653 - INFO: 
2026-09-28 20:40:37.653 - INFO: Request received via POST, content type "application/x-www-form-urlencoded"
2026-09-28 20:40:37.654 - INFO: Processing the following SPARQL query:
# Tier H-vocab — title literals, large
# Goal: external-vocabulary lookup pressure with larger bounded output.
PREFIX dblp: <https://dblp.org/rdf/schema#>

CONSTRUCT { ?paper dblp:title ?title }
WHERE {
  ?paper dblp:title ?title .
}
LIMIT 100000

2026-09-28 20:40:37.654 - INFO: Requested media types of the result are: "text/turtle"
2026-09-28 20:40:37.654 - INFO: Query planning done in 0 ms
2026-09-28 20:40:37.654 - INFO: Result has unknown size (not computed yet)
2026-09-28 20:40:38.187 - INFO: Done processing query and sending result, total time was 533 ms
2026-09-28 20:40:38.207 - INFO: 
2026-09-28 20:40:38.207 - INFO: Request received via GET, no content type specified
2026-09-28 20:40:38.207 - INFO: Processing command "clear-cache": clear the cache (unpinned elements only)
2026-09-28 20:40:38.225 - INFO: 
2026-09-28 20:40:38.225 - INFO: Request received via POST, content type "application/x-www-form-urlencoded"
2026-09-28 20:40:38.225 - INFO: Processing the following SPARQL query:
# Tier H-vocab — title literals, large
# Goal: external-vocabulary lookup pressure with larger bounded output.
PREFIX dblp: <https://dblp.org/rdf/schema#>

CONSTRUCT { ?paper dblp:title ?title }
WHERE {
  ?paper dblp:title ?title .
}
LIMIT 100000

2026-09-28 20:40:38.225 - INFO: Requested media types of the result are: "text/turtle"
2026-09-28 20:40:38.225 - INFO: Query planning done in 0 ms
2026-09-28 20:40:38.225 - INFO: Result has unknown size (not computed yet)
2026-09-28 20:40:38.758 - INFO: Done processing query and sending result, total time was 533 ms
2026-09-28 20:40:38.778 - INFO: 
2026-09-28 20:40:38.778 - INFO: Request received via GET, no content type specified
2026-09-28 20:40:38.778 - INFO: Processing command "clear-cache": clear the cache (unpinned elements only)
2026-09-28 20:40:38.800 - INFO: 
2026-09-28 20:40:38.800 - INFO: Request received via POST, content type "application/x-www-form-urlencoded"
2026-09-28 20:40:38.800 - INFO: Processing the following SPARQL query:
# Tier H-vocab — title literals, large
# Goal: external-vocabulary lookup pressure with larger bounded output.
PREFIX dblp: <https://dblp.org/rdf/schema#>

CONSTRUCT { ?paper dblp:title ?title }
WHERE {
  ?paper dblp:title ?title .
}
LIMIT 100000

2026-09-28 20:40:38.800 - INFO: Requested media types of the result are: "text/turtle"
2026-09-28 20:40:38.800 - INFO: Query planning done in 0 ms
2026-09-28 20:40:38.801 - INFO: Result has unknown size (not computed yet)
2026-09-28 20:40:39.344 - INFO: Done processing query and sending result, total time was 543 ms
2026-09-28 20:40:39.364 - INFO: 
2026-09-28 20:40:39.364 - INFO: Request received via GET, no content type specified
2026-09-28 20:40:39.364 - INFO: Processing command "clear-cache": clear the cache (unpinned elements only)
2026-09-28 20:40:39.388 - INFO: 
2026-09-28 20:40:39.388 - INFO: Request received via POST, content type "application/x-www-form-urlencoded"
2026-09-28 20:40:39.388 - INFO: Processing the following SPARQL query:
# Tier H-vocab — title literals, large
# Goal: external-vocabulary lookup pressure with larger bounded output.
PREFIX dblp: <https://dblp.org/rdf/schema#>

CONSTRUCT { ?paper dblp:title ?title }
WHERE {
  ?paper dblp:title ?title .
}
LIMIT 100000

2026-09-28 20:40:39.388 - INFO: Requested media types of the result are: "text/turtle"
2026-09-28 20:40:39.388 - INFO: Query planning done in 0 ms
2026-09-28 20:40:39.388 - INFO: Result has unknown size (not computed yet)
2026-09-28 20:40:39.916 - INFO: Done processing query and sending result, total time was 527 ms
2026-09-28 20:40:39.936 - INFO: 
2026-09-28 20:40:39.936 - INFO: Request received via GET, no content type specified
2026-09-28 20:40:39.936 - INFO: Processing command "clear-cache": clear the cache (unpinned elements only)
2026-09-28 20:40:39.954 - INFO: 
2026-09-28 20:40:39.954 - INFO: Request received via POST, content type "application/x-www-form-urlencoded"
2026-09-28 20:40:39.954 - INFO: Processing the following SPARQL query:
# Tier H-vocab — title literals, large
# Goal: external-vocabulary lookup pressure with larger bounded output.
PREFIX dblp: <https://dblp.org/rdf/schema#>

CONSTRUCT { ?paper dblp:title ?title }
WHERE {
  ?paper dblp:title ?title .
}
LIMIT 100000

2026-09-28 20:40:39.954 - INFO: Requested media types of the result are: "text/turtle"
2026-09-28 20:40:39.954 - INFO: Query planning done in 0 ms
2026-09-28 20:40:39.954 - INFO: Result has unknown size (not computed yet)
2026-09-28 20:40:40.484 - INFO: Done processing query and sending result, total time was 529 ms
2026-09-28 20:40:40.504 - INFO: 
2026-09-28 20:40:40.504 - INFO: Request received via GET, no content type specified
2026-09-28 20:40:40.504 - INFO: Processing command "clear-cache": clear the cache (unpinned elements only)
2026-09-28 20:40:40.522 - INFO: 
2026-09-28 20:40:40.522 - INFO: Request received via POST, content type "application/x-www-form-urlencoded"
2026-09-28 20:40:40.522 - INFO: Processing the following SPARQL query:
# Tier H-vocab — title literals, large
# Goal: external-vocabulary lookup pressure with larger bounded output.
PREFIX dblp: <https://dblp.org/rdf/schema#>

CONSTRUCT { ?paper dblp:title ?title }
WHERE {
  ?paper dblp:title ?title .
}
LIMIT 100000

2026-09-28 20:40:40.522 - INFO: Requested media types of the result are: "text/turtle"
2026-09-28 20:40:40.522 - INFO: Query planning done in 0 ms
2026-09-28 20:40:40.522 - INFO: Result has unknown size (not computed yet)
2026-09-28 20:40:41.046 - INFO: Done processing query and sending result, total time was 524 ms
2026-09-28 20:40:41.066 - INFO: 
2026-09-28 20:40:41.067 - INFO: Request received via GET, no content type specified
2026-09-28 20:40:41.067 - INFO: Processing command "clear-cache": clear the cache (unpinned elements only)
2026-09-28 20:40:41.084 - INFO: 
2026-09-28 20:40:41.084 - INFO: Request received via POST, content type "application/x-www-form-urlencoded"
2026-09-28 20:40:41.085 - INFO: Processing the following SPARQL query:
# Tier H-vocab — title literals, large
# Goal: external-vocabulary lookup pressure with larger bounded output.
PREFIX dblp: <https://dblp.org/rdf/schema#>

CONSTRUCT { ?paper dblp:title ?title }
WHERE {
  ?paper dblp:title ?title .
}
LIMIT 100000

2026-09-28 20:40:41.085 - INFO: Requested media types of the result are: "text/turtle"
2026-09-28 20:40:41.085 - INFO: Query planning done in 0 ms
2026-09-28 20:40:41.085 - INFO: Result has unknown size (not computed yet)
2026-09-28 20:40:41.587 - INFO: Done processing query and sending result, total time was 502 ms
2026-09-28 20:40:41.607 - INFO: 
2026-09-28 20:40:41.607 - INFO: Request received via GET, no content type specified
2026-09-28 20:40:41.607 - INFO: Processing command "clear-cache": clear the cache (unpinned elements only)
2026-09-28 20:40:41.625 - INFO: 
2026-09-28 20:40:41.625 - INFO: Request received via POST, content type "application/x-www-form-urlencoded"
2026-09-28 20:40:41.625 - INFO: Processing the following SPARQL query:
# Tier H-vocab — title literals, large
# Goal: external-vocabulary lookup pressure with larger bounded output.
PREFIX dblp: <https://dblp.org/rdf/schema#>

CONSTRUCT { ?paper dblp:title ?title }
WHERE {
  ?paper dblp:title ?title .
}
LIMIT 100000

2026-09-28 20:40:41.625 - INFO: Requested media types of the result are: "text/turtle"
2026-09-28 20:40:41.625 - INFO: Query planning done in 0 ms
2026-09-28 20:40:41.625 - INFO: Result has unknown size (not computed yet)
2026-09-28 20:40:42.135 - INFO: Done processing query and sending result, total time was 510 ms
2026-09-28 20:40:42.155 - INFO: 
2026-09-28 20:40:42.155 - INFO: Request received via GET, no content type specified
2026-09-28 20:40:42.155 - INFO: Processing command "clear-cache": clear the cache (unpinned elements only)
2026-09-28 20:40:42.180 - INFO: 
2026-09-28 20:40:42.180 - INFO: Request received via POST, content type "application/x-www-form-urlencoded"
2026-09-28 20:40:42.180 - INFO: Processing the following SPARQL query:
# Tier H-vocab — title literals, large
# Goal: external-vocabulary lookup pressure with larger bounded output.
PREFIX dblp: <https://dblp.org/rdf/schema#>

CONSTRUCT { ?paper dblp:title ?title }
WHERE {
  ?paper dblp:title ?title .
}
LIMIT 100000

2026-09-28 20:40:42.180 - INFO: Requested media types of the result are: "text/turtle"
2026-09-28 20:40:42.180 - INFO: Query planning done in 0 ms
2026-09-28 20:40:42.181 - INFO: Result has unknown size (not computed yet)
2026-09-28 20:40:42.677 - INFO: Done processing query and sending result, total time was 496 ms
2026-09-28 20:40:42.697 - INFO: 
2026-09-28 20:40:42.697 - INFO: Request received via GET, no content type specified
2026-09-28 20:40:42.697 - INFO: Processing command "clear-cache": clear the cache (unpinned elements only)
2026-09-28 20:40:42.715 - INFO: 
2026-09-28 20:40:42.715 - INFO: Request received via POST, content type "application/x-www-form-urlencoded"
2026-09-28 20:40:42.716 - INFO: Processing the following SPARQL query:
# Tier H-vocab — title literals, large
# Goal: external-vocabulary lookup pressure with larger bounded output.
PREFIX dblp: <https://dblp.org/rdf/schema#>

CONSTRUCT { ?paper dblp:title ?title }
WHERE {
  ?paper dblp:title ?title .
}
LIMIT 100000

2026-09-28 20:40:42.716 - INFO: Requested media types of the result are: "text/turtle"
2026-09-28 20:40:42.716 - INFO: Query planning done in 0 ms
2026-09-28 20:40:42.716 - INFO: Result has unknown size (not computed yet)
2026-09-28 20:40:43.211 - INFO: Done processing query and sending result, total time was 495 ms
2026-09-28 20:40:43.231 - INFO: 
2026-09-28 20:40:43.231 - INFO: Request received via GET, no content type specified
2026-09-28 20:40:43.231 - INFO: Processing command "clear-cache": clear the cache (unpinned elements only)
2026-09-28 20:40:43.249 - INFO: 
2026-09-28 20:40:43.249 - INFO: Request received via POST, content type "application/x-www-form-urlencoded"
2026-09-28 20:40:43.249 - INFO: Processing the following SPARQL query:
# Tier H-vocab — title literals, large
# Goal: external-vocabulary lookup pressure with larger bounded output.
PREFIX dblp: <https://dblp.org/rdf/schema#>

CONSTRUCT { ?paper dblp:title ?title }
WHERE {
  ?paper dblp:title ?title .
}
LIMIT 100000

2026-09-28 20:40:43.249 - INFO: Requested media types of the result are: "text/turtle"
2026-09-28 20:40:43.249 - INFO: Query planning done in 0 ms
2026-09-28 20:40:43.251 - INFO: Result has unknown size (not computed yet)
2026-09-28 20:40:43.752 - INFO: Done processing query and sending result, total time was 503 ms
2026-09-28 20:40:44.077 - INFO: 
2026-09-28 20:40:44.077 - INFO: Request received via GET, no content type specified
2026-09-28 20:40:44.077 - INFO: Processing command "clear-cache": clear the cache (unpinned elements only)
2026-09-28 20:40:44.095 - INFO: 
2026-09-28 20:40:44.095 - INFO: Request received via POST, content type "application/x-www-form-urlencoded"
2026-09-28 20:40:44.096 - INFO: Processing the following SPARQL query:
# Tier H-vocab — title literals, large
# Goal: external-vocabulary lookup pressure with larger bounded output.
PREFIX dblp: <https://dblp.org/rdf/schema#>

CONSTRUCT { ?paper dblp:title ?title }
WHERE {
  ?paper dblp:title ?title .
}
LIMIT 100000

2026-09-28 20:40:44.096 - INFO: Requested media types of the result are: "text/turtle"
2026-09-28 20:40:44.096 - INFO: Query planning done in 0 ms
2026-09-28 20:40:44.096 - INFO: Result has unknown size (not computed yet)
2026-09-28 20:40:44.622 - INFO: Done processing query and sending result, total time was 527 ms
2026-09-28 20:40:44.643 - INFO: 
2026-09-28 20:40:44.643 - INFO: Request received via GET, no content type specified
2026-09-28 20:40:44.643 - INFO: Processing command "clear-cache": clear the cache (unpinned elements only)
2026-09-28 20:40:44.660 - INFO: 
2026-09-28 20:40:44.660 - INFO: Request received via POST, content type "application/x-www-form-urlencoded"
2026-09-28 20:40:44.661 - INFO: Processing the following SPARQL query:
# Tier H-vocab — title literals, large
# Goal: external-vocabulary lookup pressure with larger bounded output.
PREFIX dblp: <https://dblp.org/rdf/schema#>

CONSTRUCT { ?paper dblp:title ?title }
WHERE {
  ?paper dblp:title ?title .
}
LIMIT 100000

2026-09-28 20:40:44.661 - INFO: Requested media types of the result are: "text/turtle"
2026-09-28 20:40:44.661 - INFO: Query planning done in 0 ms
2026-09-28 20:40:44.661 - INFO: Result has unknown size (not computed yet)
2026-09-28 20:40:45.191 - INFO: Done processing query and sending result, total time was 530 ms
2026-09-28 20:40:45.211 - INFO: 
2026-09-28 20:40:45.211 - INFO: Request received via GET, no content type specified
2026-09-28 20:40:45.211 - INFO: Processing command "clear-cache": clear the cache (unpinned elements only)
2026-09-28 20:40:45.229 - INFO: 
2026-09-28 20:40:45.229 - INFO: Request received via POST, content type "application/x-www-form-urlencoded"
2026-09-28 20:40:45.230 - INFO: Processing the following SPARQL query:
# Tier H-vocab — title literals, large
# Goal: external-vocabulary lookup pressure with larger bounded output.
PREFIX dblp: <https://dblp.org/rdf/schema#>

CONSTRUCT { ?paper dblp:title ?title }
WHERE {
  ?paper dblp:title ?title .
}
LIMIT 100000

2026-09-28 20:40:45.230 - INFO: Requested media types of the result are: "text/turtle"
2026-09-28 20:40:45.230 - INFO: Query planning done in 0 ms
2026-09-28 20:40:45.230 - INFO: Result has unknown size (not computed yet)
2026-09-28 20:40:45.759 - INFO: Done processing query and sending result, total time was 529 ms
2026-09-28 20:40:45.779 - INFO: 
2026-09-28 20:40:45.779 - INFO: Request received via GET, no content type specified
2026-09-28 20:40:45.779 - INFO: Processing command "clear-cache": clear the cache (unpinned elements only)
2026-09-28 20:40:45.797 - INFO: 
2026-09-28 20:40:45.797 - INFO: Request received via POST, content type "application/x-www-form-urlencoded"
2026-09-28 20:40:45.798 - INFO: Processing the following SPARQL query:
# Tier H-vocab — title literals, large
# Goal: external-vocabulary lookup pressure with larger bounded output.
PREFIX dblp: <https://dblp.org/rdf/schema#>

CONSTRUCT { ?paper dblp:title ?title }
WHERE {
  ?paper dblp:title ?title .
}
LIMIT 100000

2026-09-28 20:40:45.798 - INFO: Requested media types of the result are: "text/turtle"
2026-09-28 20:40:45.798 - INFO: Query planning done in 0 ms
2026-09-28 20:40:45.798 - INFO: Result has unknown size (not computed yet)
2026-09-28 20:40:46.330 - INFO: Done processing query and sending result, total time was 532 ms
2026-09-28 20:40:46.350 - INFO: 
2026-09-28 20:40:46.350 - INFO: Request received via GET, no content type specified
2026-09-28 20:40:46.350 - INFO: Processing command "clear-cache": clear the cache (unpinned elements only)
2026-09-28 20:40:46.376 - INFO: 
2026-09-28 20:40:46.376 - INFO: Request received via POST, content type "application/x-www-form-urlencoded"
2026-09-28 20:40:46.376 - INFO: Processing the following SPARQL query:
# Tier H-vocab — title literals, large
# Goal: external-vocabulary lookup pressure with larger bounded output.
PREFIX dblp: <https://dblp.org/rdf/schema#>

CONSTRUCT { ?paper dblp:title ?title }
WHERE {
  ?paper dblp:title ?title .
}
LIMIT 100000

2026-09-28 20:40:46.376 - INFO: Requested media types of the result are: "text/turtle"
2026-09-28 20:40:46.376 - INFO: Query planning done in 0 ms
2026-09-28 20:40:46.376 - INFO: Result has unknown size (not computed yet)
2026-09-28 20:40:46.908 - INFO: Done processing query and sending result, total time was 532 ms
2026-09-28 20:40:46.928 - INFO: 
2026-09-28 20:40:46.928 - INFO: Request received via GET, no content type specified
2026-09-28 20:40:46.928 - INFO: Processing command "clear-cache": clear the cache (unpinned elements only)
2026-09-28 20:40:46.947 - INFO: 
2026-09-28 20:40:46.947 - INFO: Request received via POST, content type "application/x-www-form-urlencoded"
2026-09-28 20:40:46.947 - INFO: Processing the following SPARQL query:
# Tier H-vocab — title literals, large
# Goal: external-vocabulary lookup pressure with larger bounded output.
PREFIX dblp: <https://dblp.org/rdf/schema#>

CONSTRUCT { ?paper dblp:title ?title }
WHERE {
  ?paper dblp:title ?title .
}
LIMIT 100000

2026-09-28 20:40:46.947 - INFO: Requested media types of the result are: "text/turtle"
2026-09-28 20:40:46.947 - INFO: Query planning done in 0 ms
2026-09-28 20:40:46.947 - INFO: Result has unknown size (not computed yet)
2026-09-28 20:40:47.475 - INFO: Done processing query and sending result, total time was 527 ms
2026-09-28 20:40:47.495 - INFO: 
2026-09-28 20:40:47.495 - INFO: Request received via GET, no content type specified
2026-09-28 20:40:47.495 - INFO: Processing command "clear-cache": clear the cache (unpinned elements only)
2026-09-28 20:40:47.513 - INFO: 
2026-09-28 20:40:47.513 - INFO: Request received via POST, content type "application/x-www-form-urlencoded"
2026-09-28 20:40:47.513 - INFO: Processing the following SPARQL query:
# Tier H-vocab — title literals, large
# Goal: external-vocabulary lookup pressure with larger bounded output.
PREFIX dblp: <https://dblp.org/rdf/schema#>

CONSTRUCT { ?paper dblp:title ?title }
WHERE {
  ?paper dblp:title ?title .
}
LIMIT 100000

2026-09-28 20:40:47.513 - INFO: Requested media types of the result are: "text/turtle"
2026-09-28 20:40:47.513 - INFO: Query planning done in 0 ms
2026-09-28 20:40:47.513 - INFO: Result has unknown size (not computed yet)
2026-09-28 20:40:48.042 - INFO: Done processing query and sending result, total time was 528 ms
2026-09-28 20:40:48.062 - INFO: 
2026-09-28 20:40:48.062 - INFO: Request received via GET, no content type specified
2026-09-28 20:40:48.062 - INFO: Processing command "clear-cache": clear the cache (unpinned elements only)
2026-09-28 20:40:48.080 - INFO: 
2026-09-28 20:40:48.080 - INFO: Request received via POST, content type "application/x-www-form-urlencoded"
2026-09-28 20:40:48.080 - INFO: Processing the following SPARQL query:
# Tier H-vocab — title literals, large
# Goal: external-vocabulary lookup pressure with larger bounded output.
PREFIX dblp: <https://dblp.org/rdf/schema#>

CONSTRUCT { ?paper dblp:title ?title }
WHERE {
  ?paper dblp:title ?title .
}
LIMIT 100000

2026-09-28 20:40:48.080 - INFO: Requested media types of the result are: "text/turtle"
2026-09-28 20:40:48.080 - INFO: Query planning done in 0 ms
2026-09-28 20:40:48.080 - INFO: Result has unknown size (not computed yet)
2026-09-28 20:40:48.608 - INFO: Done processing query and sending result, total time was 528 ms
2026-09-28 20:40:48.629 - INFO: 
2026-09-28 20:40:48.629 - INFO: Request received via GET, no content type specified
2026-09-28 20:40:48.629 - INFO: Processing command "clear-cache": clear the cache (unpinned elements only)
2026-09-28 20:40:48.647 - INFO: 
2026-09-28 20:40:48.647 - INFO: Request received via POST, content type "application/x-www-form-urlencoded"
2026-09-28 20:40:48.647 - INFO: Processing the following SPARQL query:
# Tier H-vocab — title literals, large
# Goal: external-vocabulary lookup pressure with larger bounded output.
PREFIX dblp: <https://dblp.org/rdf/schema#>

CONSTRUCT { ?paper dblp:title ?title }
WHERE {
  ?paper dblp:title ?title .
}
LIMIT 100000

2026-09-28 20:40:48.647 - INFO: Requested media types of the result are: "text/turtle"
2026-09-28 20:40:48.647 - INFO: Query planning done in 0 ms
2026-09-28 20:40:48.647 - INFO: Result has unknown size (not computed yet)
2026-09-28 20:40:49.175 - INFO: Done processing query and sending result, total time was 528 ms
2026-09-28 20:40:49.195 - INFO: 
2026-09-28 20:40:49.195 - INFO: Request received via GET, no content type specified
2026-09-28 20:40:49.195 - INFO: Processing command "clear-cache": clear the cache (unpinned elements only)
2026-09-28 20:40:49.213 - INFO: 
2026-09-28 20:40:49.213 - INFO: Request received via POST, content type "application/x-www-form-urlencoded"
2026-09-28 20:40:49.213 - INFO: Processing the following SPARQL query:
# Tier H-vocab — title literals, large
# Goal: external-vocabulary lookup pressure with larger bounded output.
PREFIX dblp: <https://dblp.org/rdf/schema#>

CONSTRUCT { ?paper dblp:title ?title }
WHERE {
  ?paper dblp:title ?title .
}
LIMIT 100000

2026-09-28 20:40:49.213 - INFO: Requested media types of the result are: "text/turtle"
2026-09-28 20:40:49.213 - INFO: Query planning done in 0 ms
2026-09-28 20:40:49.214 - INFO: Result has unknown size (not computed yet)
2026-09-28 20:40:49.742 - INFO: Done processing query and sending result, total time was 528 ms
2026-09-28 20:40:49.762 - INFO: 
2026-09-28 20:40:49.762 - INFO: Request received via GET, no content type specified
2026-09-28 20:40:49.762 - INFO: Processing command "clear-cache": clear the cache (unpinned elements only)
2026-09-28 20:40:49.780 - INFO: 
2026-09-28 20:40:49.780 - INFO: Request received via POST, content type "application/x-www-form-urlencoded"
2026-09-28 20:40:49.780 - INFO: Processing the following SPARQL query:
# Tier H-vocab — title literals, large
# Goal: external-vocabulary lookup pressure with larger bounded output.
PREFIX dblp: <https://dblp.org/rdf/schema#>

CONSTRUCT { ?paper dblp:title ?title }
WHERE {
  ?paper dblp:title ?title .
}
LIMIT 100000

2026-09-28 20:40:49.780 - INFO: Requested media types of the result are: "text/turtle"
2026-09-28 20:40:49.780 - INFO: Query planning done in 0 ms
2026-09-28 20:40:49.781 - INFO: Result has unknown size (not computed yet)
2026-09-28 20:40:50.310 - INFO: Done processing query and sending result, total time was 530 ms
2026-09-28 20:41:25.106 - INFO: 
2026-09-28 20:41:25.106 - INFO: Request received via GET, no content type specified
2026-09-28 20:41:25.106 - INFO: Processing command "clear-cache": clear the cache (unpinned elements only)
2026-09-28 20:41:25.139 - INFO: 
2026-09-28 20:41:25.139 - INFO: Request received via POST, content type "application/x-www-form-urlencoded"
2026-09-28 20:41:25.139 - INFO: Processing the following SPARQL query:
# Tier H-vocab — title literals, large
# Goal: external-vocabulary lookup pressure with larger bounded output.
PREFIX dblp: <https://dblp.org/rdf/schema#>

CONSTRUCT { ?paper dblp:title ?title }
WHERE {
  ?paper dblp:title ?title .
}
LIMIT 100000

2026-09-28 20:41:25.139 - INFO: Requested media types of the result are: "text/turtle"
2026-09-28 20:41:25.139 - INFO: Query planning done in 0 ms
2026-09-28 20:41:25.140 - INFO: Result has unknown size (not computed yet)
2026-09-28 20:41:25.679 - INFO: Done processing query and sending result, total time was 540 ms
2026-09-28 20:41:25.699 - INFO: 
2026-09-28 20:41:25.699 - INFO: Request received via GET, no content type specified
2026-09-28 20:41:25.699 - INFO: Processing command "clear-cache": clear the cache (unpinned elements only)
2026-09-28 20:41:25.717 - INFO: 
2026-09-28 20:41:25.717 - INFO: Request received via POST, content type "application/x-www-form-urlencoded"
2026-09-28 20:41:25.717 - INFO: Processing the following SPARQL query:
# Tier H-vocab — title literals, large
# Goal: external-vocabulary lookup pressure with larger bounded output.
PREFIX dblp: <https://dblp.org/rdf/schema#>

CONSTRUCT { ?paper dblp:title ?title }
WHERE {
  ?paper dblp:title ?title .
}
LIMIT 100000

2026-09-28 20:41:25.717 - INFO: Requested media types of the result are: "text/turtle"
2026-09-28 20:41:25.717 - INFO: Query planning done in 0 ms
2026-09-28 20:41:25.718 - INFO: Result has unknown size (not computed yet)
2026-09-28 20:41:26.251 - INFO: Done processing query and sending result, total time was 534 ms
2026-09-28 20:41:26.271 - INFO: 
2026-09-28 20:41:26.271 - INFO: Request received via GET, no content type specified
2026-09-28 20:41:26.271 - INFO: Processing command "clear-cache": clear the cache (unpinned elements only)
2026-09-28 20:41:26.289 - INFO: 
2026-09-28 20:41:26.289 - INFO: Request received via POST, content type "application/x-www-form-urlencoded"
2026-09-28 20:41:26.290 - INFO: Processing the following SPARQL query:
# Tier H-vocab — title literals, large
# Goal: external-vocabulary lookup pressure with larger bounded output.
PREFIX dblp: <https://dblp.org/rdf/schema#>

CONSTRUCT { ?paper dblp:title ?title }
WHERE {
  ?paper dblp:title ?title .
}
LIMIT 100000

2026-09-28 20:41:26.290 - INFO: Requested media types of the result are: "text/turtle"
2026-09-28 20:41:26.290 - INFO: Query planning done in 0 ms
2026-09-28 20:41:26.290 - INFO: Result has unknown size (not computed yet)
2026-09-28 20:41:26.822 - INFO: Done processing query and sending result, total time was 532 ms
2026-09-28 20:41:26.842 - INFO: 
2026-09-28 20:41:26.842 - INFO: Request received via GET, no content type specified
2026-09-28 20:41:26.842 - INFO: Processing command "clear-cache": clear the cache (unpinned elements only)
2026-09-28 20:41:26.860 - INFO: 
2026-09-28 20:41:26.860 - INFO: Request received via POST, content type "application/x-www-form-urlencoded"
2026-09-28 20:41:26.860 - INFO: Processing the following SPARQL query:
# Tier H-vocab — title literals, large
# Goal: external-vocabulary lookup pressure with larger bounded output.
PREFIX dblp: <https://dblp.org/rdf/schema#>

CONSTRUCT { ?paper dblp:title ?title }
WHERE {
  ?paper dblp:title ?title .
}
LIMIT 100000

2026-09-28 20:41:26.860 - INFO: Requested media types of the result are: "text/turtle"
2026-09-28 20:41:26.860 - INFO: Query planning done in 0 ms
2026-09-28 20:41:26.860 - INFO: Result has unknown size (not computed yet)
2026-09-28 20:41:27.393 - INFO: Done processing query and sending result, total time was 532 ms
2026-09-28 20:41:27.413 - INFO: 
2026-09-28 20:41:27.413 - INFO: Request received via GET, no content type specified
2026-09-28 20:41:27.413 - INFO: Processing command "clear-cache": clear the cache (unpinned elements only)
2026-09-28 20:41:27.431 - INFO: 
2026-09-28 20:41:27.431 - INFO: Request received via POST, content type "application/x-www-form-urlencoded"
2026-09-28 20:41:27.431 - INFO: Processing the following SPARQL query:
# Tier H-vocab — title literals, large
# Goal: external-vocabulary lookup pressure with larger bounded output.
PREFIX dblp: <https://dblp.org/rdf/schema#>

CONSTRUCT { ?paper dblp:title ?title }
WHERE {
  ?paper dblp:title ?title .
}
LIMIT 100000

2026-09-28 20:41:27.431 - INFO: Requested media types of the result are: "text/turtle"
2026-09-28 20:41:27.431 - INFO: Query planning done in 0 ms
2026-09-28 20:41:27.431 - INFO: Result has unknown size (not computed yet)
2026-09-28 20:41:27.964 - INFO: Done processing query and sending result, total time was 533 ms
2026-09-28 20:41:46.585 - INFO: 
2026-09-28 20:41:46.585 - INFO: Request received via GET, no content type specified
2026-09-28 20:41:46.585 - INFO: Processing command "clear-cache": clear the cache (unpinned elements only)
2026-09-28 20:41:46.604 - INFO: 
2026-09-28 20:41:46.604 - INFO: Request received via POST, content type "application/x-www-form-urlencoded"
2026-09-28 20:41:46.604 - INFO: Processing the following SPARQL query:
# Tier H-vocab — title literals, 1,000,000 rows (10x H-vocab-title-large)
# Goal: the H-vocab-title-large shape with a response long enough (several
# seconds warm) for a timing verdict on the per-literal formatting cost.
PREFIX dblp: <https://dblp.org/rdf/schema#>

CONSTRUCT { ?paper dblp:title ?title }
WHERE {
  ?paper dblp:title ?title .
}
LIMIT 1000000

2026-09-28 20:41:46.604 - INFO: Requested media types of the result are: "text/turtle"
2026-09-28 20:41:46.604 - INFO: Query planning done in 0 ms
2026-09-28 20:41:46.604 - INFO: Result has unknown size (not computed yet)
2026-09-28 20:41:51.450 - INFO: Done processing query and sending result, total time was 4,846 ms
2026-09-28 20:42:45.164 - INFO: 
2026-09-28 20:42:45.164 - INFO: Request received via GET, no content type specified
2026-09-28 20:42:45.164 - INFO: Processing command "clear-cache": clear the cache (unpinned elements only)
2026-09-28 20:42:45.182 - INFO: 
2026-09-28 20:42:45.182 - INFO: Request received via POST, content type "application/x-www-form-urlencoded"
2026-09-28 20:42:45.183 - INFO: Processing the following SPARQL query:
# Tier H-vocab — title literals, 1,000,000 rows (10x H-vocab-title-large)
# Goal: the H-vocab-title-large shape with a response long enough (several
# seconds warm) for a timing verdict on the per-literal formatting cost.
PREFIX dblp: <https://dblp.org/rdf/schema#>

CONSTRUCT { ?paper dblp:title ?title }
WHERE {
  ?paper dblp:title ?title .
}
LIMIT 1000000

2026-09-28 20:42:45.183 - INFO: Requested media types of the result are: "text/turtle"
2026-09-28 20:42:45.183 - INFO: Query planning done in 0 ms
2026-09-28 20:42:45.183 - INFO: Result has unknown size (not computed yet)
2026-09-28 20:42:49.920 - INFO: Done processing query and sending result, total time was 4,738 ms
2026-09-28 20:42:49.941 - INFO: 
2026-09-28 20:42:49.941 - INFO: Request received via GET, no content type specified
2026-09-28 20:42:49.941 - INFO: Processing command "clear-cache": clear the cache (unpinned elements only)
2026-09-28 20:42:49.959 - INFO: 
2026-09-28 20:42:49.959 - INFO: Request received via POST, content type "application/x-www-form-urlencoded"
2026-09-28 20:42:49.959 - INFO: Processing the following SPARQL query:
# Tier H-vocab — title literals, 1,000,000 rows (10x H-vocab-title-large)
# Goal: the H-vocab-title-large shape with a response long enough (several
# seconds warm) for a timing verdict on the per-literal formatting cost.
PREFIX dblp: <https://dblp.org/rdf/schema#>

CONSTRUCT { ?paper dblp:title ?title }
WHERE {
  ?paper dblp:title ?title .
}
LIMIT 1000000

2026-09-28 20:42:49.959 - INFO: Requested media types of the result are: "text/turtle"
2026-09-28 20:42:49.960 - INFO: Query planning done in 0 ms
2026-09-28 20:42:49.960 - INFO: Result has unknown size (not computed yet)
2026-09-28 20:42:54.622 - INFO: Done processing query and sending result, total time was 4,663 ms
2026-09-28 20:42:54.643 - INFO: 
2026-09-28 20:42:54.643 - INFO: Request received via GET, no content type specified
2026-09-28 20:42:54.643 - INFO: Processing command "clear-cache": clear the cache (unpinned elements only)
2026-09-28 20:42:54.661 - INFO: 
2026-09-28 20:42:54.661 - INFO: Request received via POST, content type "application/x-www-form-urlencoded"
2026-09-28 20:42:54.661 - INFO: Processing the following SPARQL query:
# Tier H-vocab — title literals, 1,000,000 rows (10x H-vocab-title-large)
# Goal: the H-vocab-title-large shape with a response long enough (several
# seconds warm) for a timing verdict on the per-literal formatting cost.
PREFIX dblp: <https://dblp.org/rdf/schema#>

CONSTRUCT { ?paper dblp:title ?title }
WHERE {
  ?paper dblp:title ?title .
}
LIMIT 1000000

2026-09-28 20:42:54.661 - INFO: Requested media types of the result are: "text/turtle"
2026-09-28 20:42:54.661 - INFO: Query planning done in 0 ms
2026-09-28 20:42:54.662 - INFO: Result has unknown size (not computed yet)
2026-09-28 20:42:59.320 - INFO: Done processing query and sending result, total time was 4,659 ms
2026-09-28 20:42:59.340 - INFO: 
2026-09-28 20:42:59.340 - INFO: Request received via GET, no content type specified
2026-09-28 20:42:59.340 - INFO: Processing command "clear-cache": clear the cache (unpinned elements only)
2026-09-28 20:42:59.359 - INFO: 
2026-09-28 20:42:59.359 - INFO: Request received via POST, content type "application/x-www-form-urlencoded"
2026-09-28 20:42:59.359 - INFO: Processing the following SPARQL query:
# Tier H-vocab — title literals, 1,000,000 rows (10x H-vocab-title-large)
# Goal: the H-vocab-title-large shape with a response long enough (several
# seconds warm) for a timing verdict on the per-literal formatting cost.
PREFIX dblp: <https://dblp.org/rdf/schema#>

CONSTRUCT { ?paper dblp:title ?title }
WHERE {
  ?paper dblp:title ?title .
}
LIMIT 1000000

2026-09-28 20:42:59.359 - INFO: Requested media types of the result are: "text/turtle"
2026-09-28 20:42:59.359 - INFO: Query planning done in 0 ms
2026-09-28 20:42:59.359 - INFO: Result has unknown size (not computed yet)
2026-09-28 20:43:04.249 - INFO: Done processing query and sending result, total time was 4,889 ms
2026-09-28 20:43:04.575 - INFO: 
2026-09-28 20:43:04.575 - INFO: Request received via GET, no content type specified
2026-09-28 20:43:04.575 - INFO: Processing command "clear-cache": clear the cache (unpinned elements only)
2026-09-28 20:43:04.593 - INFO: 
2026-09-28 20:43:04.593 - INFO: Request received via POST, content type "application/x-www-form-urlencoded"
2026-09-28 20:43:04.593 - INFO: Processing the following SPARQL query:
# Tier H-vocab — title literals, 1,000,000 rows (10x H-vocab-title-large)
# Goal: the H-vocab-title-large shape with a response long enough (several
# seconds warm) for a timing verdict on the per-literal formatting cost.
PREFIX dblp: <https://dblp.org/rdf/schema#>

CONSTRUCT { ?paper dblp:title ?title }
WHERE {
  ?paper dblp:title ?title .
}
LIMIT 1000000

2026-09-28 20:43:04.593 - INFO: Requested media types of the result are: "text/turtle"
2026-09-28 20:43:04.593 - INFO: Query planning done in 0 ms
2026-09-28 20:43:04.594 - INFO: Result has unknown size (not computed yet)
2026-09-28 20:43:09.523 - INFO: Done processing query and sending result, total time was 4,930 ms
2026-09-28 20:43:09.544 - INFO: 
2026-09-28 20:43:09.544 - INFO: Request received via GET, no content type specified
2026-09-28 20:43:09.544 - INFO: Processing command "clear-cache": clear the cache (unpinned elements only)
2026-09-28 20:43:09.569 - INFO: 
2026-09-28 20:43:09.569 - INFO: Request received via POST, content type "application/x-www-form-urlencoded"
2026-09-28 20:43:09.569 - INFO: Processing the following SPARQL query:
# Tier H-vocab — title literals, 1,000,000 rows (10x H-vocab-title-large)
# Goal: the H-vocab-title-large shape with a response long enough (several
# seconds warm) for a timing verdict on the per-literal formatting cost.
PREFIX dblp: <https://dblp.org/rdf/schema#>

CONSTRUCT { ?paper dblp:title ?title }
WHERE {
  ?paper dblp:title ?title .
}
LIMIT 1000000

2026-09-28 20:43:09.569 - INFO: Requested media types of the result are: "text/turtle"
2026-09-28 20:43:09.569 - INFO: Query planning done in 0 ms
2026-09-28 20:43:09.570 - INFO: Result has unknown size (not computed yet)
2026-09-28 20:43:14.385 - INFO: Done processing query and sending result, total time was 4,816 ms
2026-09-28 20:43:14.408 - INFO: 
2026-09-28 20:43:14.408 - INFO: Request received via GET, no content type specified
2026-09-28 20:43:14.408 - INFO: Processing command "clear-cache": clear the cache (unpinned elements only)
2026-09-28 20:43:14.428 - INFO: 
2026-09-28 20:43:14.428 - INFO: Request received via POST, content type "application/x-www-form-urlencoded"
2026-09-28 20:43:14.428 - INFO: Processing the following SPARQL query:
# Tier H-vocab — title literals, 1,000,000 rows (10x H-vocab-title-large)
# Goal: the H-vocab-title-large shape with a response long enough (several
# seconds warm) for a timing verdict on the per-literal formatting cost.
PREFIX dblp: <https://dblp.org/rdf/schema#>

CONSTRUCT { ?paper dblp:title ?title }
WHERE {
  ?paper dblp:title ?title .
}
LIMIT 1000000

2026-09-28 20:43:14.428 - INFO: Requested media types of the result are: "text/turtle"
2026-09-28 20:43:14.428 - INFO: Query planning done in 0 ms
2026-09-28 20:43:14.428 - INFO: Result has unknown size (not computed yet)
2026-09-28 20:43:19.288 - INFO: Done processing query and sending result, total time was 4,860 ms
2026-09-28 20:43:19.310 - INFO: 
2026-09-28 20:43:19.310 - INFO: Request received via GET, no content type specified
2026-09-28 20:43:19.310 - INFO: Processing command "clear-cache": clear the cache (unpinned elements only)
2026-09-28 20:43:19.329 - INFO: 
2026-09-28 20:43:19.329 - INFO: Request received via POST, content type "application/x-www-form-urlencoded"
2026-09-28 20:43:19.329 - INFO: Processing the following SPARQL query:
# Tier H-vocab — title literals, 1,000,000 rows (10x H-vocab-title-large)
# Goal: the H-vocab-title-large shape with a response long enough (several
# seconds warm) for a timing verdict on the per-literal formatting cost.
PREFIX dblp: <https://dblp.org/rdf/schema#>

CONSTRUCT { ?paper dblp:title ?title }
WHERE {
  ?paper dblp:title ?title .
}
LIMIT 1000000

2026-09-28 20:43:19.329 - INFO: Requested media types of the result are: "text/turtle"
2026-09-28 20:43:19.329 - INFO: Query planning done in 0 ms
2026-09-28 20:43:19.329 - INFO: Result has unknown size (not computed yet)
2026-09-28 20:43:24.083 - INFO: Done processing query and sending result, total time was 4,754 ms
2026-09-28 20:45:11.093 - INFO: 
2026-09-28 20:45:11.093 - INFO: Request received via GET, no content type specified
2026-09-28 20:45:11.093 - INFO: Processing command "clear-cache": clear the cache (unpinned elements only)
2026-09-28 20:45:11.111 - INFO: 
2026-09-28 20:45:11.111 - INFO: Request received via POST, content type "application/x-www-form-urlencoded"
2026-09-28 20:45:11.111 - INFO: Processing the following SPARQL query:
# Tier H-vocab — title literals, 1,000,000 rows (10x H-vocab-title-large)
# Goal: the H-vocab-title-large shape with a response long enough (several
# seconds warm) for a timing verdict on the per-literal formatting cost.
PREFIX dblp: <https://dblp.org/rdf/schema#>

CONSTRUCT { ?paper dblp:title ?title }
WHERE {
  ?paper dblp:title ?title .
}
LIMIT 1000000

2026-09-28 20:45:11.111 - INFO: Requested media types of the result are: "text/turtle"
2026-09-28 20:45:11.112 - INFO: Query planning done in 0 ms
2026-09-28 20:45:11.112 - INFO: Result has unknown size (not computed yet)
2026-09-28 20:45:16.092 - INFO: Done processing query and sending result, total time was 4,980 ms
2026-09-28 20:45:16.113 - INFO: 
2026-09-28 20:45:16.113 - INFO: Request received via GET, no content type specified
2026-09-28 20:45:16.113 - INFO: Processing command "clear-cache": clear the cache (unpinned elements only)
2026-09-28 20:45:16.131 - INFO: 
2026-09-28 20:45:16.131 - INFO: Request received via POST, content type "application/x-www-form-urlencoded"
2026-09-28 20:45:16.132 - INFO: Processing the following SPARQL query:
# Tier H-vocab — title literals, 1,000,000 rows (10x H-vocab-title-large)
# Goal: the H-vocab-title-large shape with a response long enough (several
# seconds warm) for a timing verdict on the per-literal formatting cost.
PREFIX dblp: <https://dblp.org/rdf/schema#>

CONSTRUCT { ?paper dblp:title ?title }
WHERE {
  ?paper dblp:title ?title .
}
LIMIT 1000000

2026-09-28 20:45:16.132 - INFO: Requested media types of the result are: "text/turtle"
2026-09-28 20:45:16.132 - INFO: Query planning done in 0 ms
2026-09-28 20:45:16.132 - INFO: Result has unknown size (not computed yet)
2026-09-28 20:45:20.956 - INFO: Done processing query and sending result, total time was 4,825 ms
2026-09-28 20:45:20.977 - INFO: 
2026-09-28 20:45:20.977 - INFO: Request received via GET, no content type specified
2026-09-28 20:45:20.977 - INFO: Processing command "clear-cache": clear the cache (unpinned elements only)
2026-09-28 20:45:20.995 - INFO: 
2026-09-28 20:45:20.995 - INFO: Request received via POST, content type "application/x-www-form-urlencoded"
2026-09-28 20:45:20.995 - INFO: Processing the following SPARQL query:
# Tier H-vocab — title literals, 1,000,000 rows (10x H-vocab-title-large)
# Goal: the H-vocab-title-large shape with a response long enough (several
# seconds warm) for a timing verdict on the per-literal formatting cost.
PREFIX dblp: <https://dblp.org/rdf/schema#>

CONSTRUCT { ?paper dblp:title ?title }
WHERE {
  ?paper dblp:title ?title .
}
LIMIT 1000000

2026-09-28 20:45:20.995 - INFO: Requested media types of the result are: "text/turtle"
2026-09-28 20:45:20.996 - INFO: Query planning done in 0 ms
2026-09-28 20:45:20.996 - INFO: Result has unknown size (not computed yet)
2026-09-28 20:45:25.811 - INFO: Done processing query and sending result, total time was 4,815 ms
2026-09-28 20:45:25.831 - INFO: 
2026-09-28 20:45:25.831 - INFO: Request received via GET, no content type specified
2026-09-28 20:45:25.831 - INFO: Processing command "clear-cache": clear the cache (unpinned elements only)
2026-09-28 20:45:25.849 - INFO: 
2026-09-28 20:45:25.849 - INFO: Request received via POST, content type "application/x-www-form-urlencoded"
2026-09-28 20:45:25.849 - INFO: Processing the following SPARQL query:
# Tier H-vocab — title literals, 1,000,000 rows (10x H-vocab-title-large)
# Goal: the H-vocab-title-large shape with a response long enough (several
# seconds warm) for a timing verdict on the per-literal formatting cost.
PREFIX dblp: <https://dblp.org/rdf/schema#>

CONSTRUCT { ?paper dblp:title ?title }
WHERE {
  ?paper dblp:title ?title .
}
LIMIT 1000000

2026-09-28 20:45:25.849 - INFO: Requested media types of the result are: "text/turtle"
2026-09-28 20:45:25.850 - INFO: Query planning done in 0 ms
2026-09-28 20:45:25.850 - INFO: Result has unknown size (not computed yet)
2026-09-28 20:45:30.568 - INFO: Done processing query and sending result, total time was 4,718 ms
2026-09-28 20:45:30.893 - INFO: 
2026-09-28 20:45:30.893 - INFO: Request received via GET, no content type specified
2026-09-28 20:45:30.893 - INFO: Processing command "clear-cache": clear the cache (unpinned elements only)
2026-09-28 20:45:30.919 - INFO: 
2026-09-28 20:45:30.919 - INFO: Request received via POST, content type "application/x-www-form-urlencoded"
2026-09-28 20:45:30.919 - INFO: Processing the following SPARQL query:
# Tier H-vocab — title literals, 1,000,000 rows (10x H-vocab-title-large)
# Goal: the H-vocab-title-large shape with a response long enough (several
# seconds warm) for a timing verdict on the per-literal formatting cost.
PREFIX dblp: <https://dblp.org/rdf/schema#>

CONSTRUCT { ?paper dblp:title ?title }
WHERE {
  ?paper dblp:title ?title .
}
LIMIT 1000000

2026-09-28 20:45:30.919 - INFO: Requested media types of the result are: "text/turtle"
2026-09-28 20:45:30.919 - INFO: Query planning done in 0 ms
2026-09-28 20:45:30.919 - INFO: Result has unknown size (not computed yet)
2026-09-28 20:45:35.781 - INFO: Done processing query and sending result, total time was 4,862 ms
2026-09-28 20:45:35.802 - INFO: 
2026-09-28 20:45:35.802 - INFO: Request received via GET, no content type specified
2026-09-28 20:45:35.802 - INFO: Processing command "clear-cache": clear the cache (unpinned elements only)
2026-09-28 20:45:35.821 - INFO: 
2026-09-28 20:45:35.821 - INFO: Request received via POST, content type "application/x-www-form-urlencoded"
2026-09-28 20:45:35.821 - INFO: Processing the following SPARQL query:
# Tier H-vocab — title literals, 1,000,000 rows (10x H-vocab-title-large)
# Goal: the H-vocab-title-large shape with a response long enough (several
# seconds warm) for a timing verdict on the per-literal formatting cost.
PREFIX dblp: <https://dblp.org/rdf/schema#>

CONSTRUCT { ?paper dblp:title ?title }
WHERE {
  ?paper dblp:title ?title .
}
LIMIT 1000000

2026-09-28 20:45:35.821 - INFO: Requested media types of the result are: "text/turtle"
2026-09-28 20:45:35.821 - INFO: Query planning done in 0 ms
2026-09-28 20:45:35.821 - INFO: Result has unknown size (not computed yet)
2026-09-28 20:45:40.605 - INFO: Done processing query and sending result, total time was 4,784 ms
2026-09-28 20:45:40.626 - INFO: 
2026-09-28 20:45:40.626 - INFO: Request received via GET, no content type specified
2026-09-28 20:45:40.626 - INFO: Processing command "clear-cache": clear the cache (unpinned elements only)
2026-09-28 20:45:40.643 - INFO: 
2026-09-28 20:45:40.643 - INFO: Request received via POST, content type "application/x-www-form-urlencoded"
2026-09-28 20:45:40.644 - INFO: Processing the following SPARQL query:
# Tier H-vocab — title literals, 1,000,000 rows (10x H-vocab-title-large)
# Goal: the H-vocab-title-large shape with a response long enough (several
# seconds warm) for a timing verdict on the per-literal formatting cost.
PREFIX dblp: <https://dblp.org/rdf/schema#>

CONSTRUCT { ?paper dblp:title ?title }
WHERE {
  ?paper dblp:title ?title .
}
LIMIT 1000000

2026-09-28 20:45:40.644 - INFO: Requested media types of the result are: "text/turtle"
2026-09-28 20:45:40.644 - INFO: Query planning done in 0 ms
2026-09-28 20:45:40.644 - INFO: Result has unknown size (not computed yet)
2026-09-28 20:45:45.513 - INFO: Done processing query and sending result, total time was 4,869 ms
2026-09-28 20:45:45.534 - INFO: 
2026-09-28 20:45:45.534 - INFO: Request received via GET, no content type specified
2026-09-28 20:45:45.534 - INFO: Processing command "clear-cache": clear the cache (unpinned elements only)
2026-09-28 20:45:45.553 - INFO: 
2026-09-28 20:45:45.553 - INFO: Request received via POST, content type "application/x-www-form-urlencoded"
2026-09-28 20:45:45.553 - INFO: Processing the following SPARQL query:
# Tier H-vocab — title literals, 1,000,000 rows (10x H-vocab-title-large)
# Goal: the H-vocab-title-large shape with a response long enough (several
# seconds warm) for a timing verdict on the per-literal formatting cost.
PREFIX dblp: <https://dblp.org/rdf/schema#>

CONSTRUCT { ?paper dblp:title ?title }
WHERE {
  ?paper dblp:title ?title .
}
LIMIT 1000000

2026-09-28 20:45:45.553 - INFO: Requested media types of the result are: "text/turtle"
2026-09-28 20:45:45.553 - INFO: Query planning done in 0 ms
2026-09-28 20:45:45.554 - INFO: Result has unknown size (not computed yet)
2026-09-28 20:45:50.312 - INFO: Done processing query and sending result, total time was 4,759 ms
2026-09-28 20:47:38.133 - INFO: 
2026-09-28 20:47:38.133 - INFO: Request received via GET, no content type specified
2026-09-28 20:47:38.133 - INFO: Processing command "clear-cache": clear the cache (unpinned elements only)
2026-09-28 20:47:38.151 - INFO: 
2026-09-28 20:47:38.151 - INFO: Request received via POST, content type "application/x-www-form-urlencoded"
2026-09-28 20:47:38.152 - INFO: Processing the following SPARQL query:
# Tier H-vocab — title literals, 1,000,000 rows (10x H-vocab-title-large)
# Goal: the H-vocab-title-large shape with a response long enough (several
# seconds warm) for a timing verdict on the per-literal formatting cost.
PREFIX dblp: <https://dblp.org/rdf/schema#>

CONSTRUCT { ?paper dblp:title ?title }
WHERE {
  ?paper dblp:title ?title .
}
LIMIT 1000000

2026-09-28 20:47:38.152 - INFO: Requested media types of the result are: "text/turtle"
2026-09-28 20:47:38.152 - INFO: Query planning done in 0 ms
2026-09-28 20:47:38.152 - INFO: Result has unknown size (not computed yet)
2026-09-28 20:47:42.977 - INFO: Done processing query and sending result, total time was 4,825 ms
2026-09-28 20:47:42.999 - INFO: 
2026-09-28 20:47:42.999 - INFO: Request received via GET, no content type specified
2026-09-28 20:47:42.999 - INFO: Processing command "clear-cache": clear the cache (unpinned elements only)
2026-09-28 20:47:43.017 - INFO: 
2026-09-28 20:47:43.017 - INFO: Request received via POST, content type "application/x-www-form-urlencoded"
2026-09-28 20:47:43.018 - INFO: Processing the following SPARQL query:
# Tier H-vocab — title literals, 1,000,000 rows (10x H-vocab-title-large)
# Goal: the H-vocab-title-large shape with a response long enough (several
# seconds warm) for a timing verdict on the per-literal formatting cost.
PREFIX dblp: <https://dblp.org/rdf/schema#>

CONSTRUCT { ?paper dblp:title ?title }
WHERE {
  ?paper dblp:title ?title .
}
LIMIT 1000000

2026-09-28 20:47:43.018 - INFO: Requested media types of the result are: "text/turtle"
2026-09-28 20:47:43.018 - INFO: Query planning done in 0 ms
2026-09-28 20:47:43.018 - INFO: Result has unknown size (not computed yet)
2026-09-28 20:47:47.732 - INFO: Done processing query and sending result, total time was 4,714 ms
2026-09-28 20:47:47.753 - INFO: 
2026-09-28 20:47:47.753 - INFO: Request received via GET, no content type specified
2026-09-28 20:47:47.753 - INFO: Processing command "clear-cache": clear the cache (unpinned elements only)
2026-09-28 20:47:47.771 - INFO: 
2026-09-28 20:47:47.771 - INFO: Request received via POST, content type "application/x-www-form-urlencoded"
2026-09-28 20:47:47.771 - INFO: Processing the following SPARQL query:
# Tier H-vocab — title literals, 1,000,000 rows (10x H-vocab-title-large)
# Goal: the H-vocab-title-large shape with a response long enough (several
# seconds warm) for a timing verdict on the per-literal formatting cost.
PREFIX dblp: <https://dblp.org/rdf/schema#>

CONSTRUCT { ?paper dblp:title ?title }
WHERE {
  ?paper dblp:title ?title .
}
LIMIT 1000000

2026-09-28 20:47:47.771 - INFO: Requested media types of the result are: "text/turtle"
2026-09-28 20:47:47.771 - INFO: Query planning done in 0 ms
2026-09-28 20:47:47.772 - INFO: Result has unknown size (not computed yet)
2026-09-28 20:47:52.617 - INFO: Done processing query and sending result, total time was 4,846 ms
2026-09-28 20:47:52.639 - INFO: 
2026-09-28 20:47:52.639 - INFO: Request received via GET, no content type specified
2026-09-28 20:47:52.639 - INFO: Processing command "clear-cache": clear the cache (unpinned elements only)
2026-09-28 20:47:52.665 - INFO: 
2026-09-28 20:47:52.665 - INFO: Request received via POST, content type "application/x-www-form-urlencoded"
2026-09-28 20:47:52.665 - INFO: Processing the following SPARQL query:
# Tier H-vocab — title literals, 1,000,000 rows (10x H-vocab-title-large)
# Goal: the H-vocab-title-large shape with a response long enough (several
# seconds warm) for a timing verdict on the per-literal formatting cost.
PREFIX dblp: <https://dblp.org/rdf/schema#>

CONSTRUCT { ?paper dblp:title ?title }
WHERE {
  ?paper dblp:title ?title .
}
LIMIT 1000000

2026-09-28 20:47:52.665 - INFO: Requested media types of the result are: "text/turtle"
2026-09-28 20:47:52.665 - INFO: Query planning done in 0 ms
2026-09-28 20:47:52.666 - INFO: Result has unknown size (not computed yet)
2026-09-28 20:47:57.399 - INFO: Done processing query and sending result, total time was 4,734 ms
2026-09-28 20:47:57.725 - INFO: 
2026-09-28 20:47:57.725 - INFO: Request received via GET, no content type specified
2026-09-28 20:47:57.725 - INFO: Processing command "clear-cache": clear the cache (unpinned elements only)
2026-09-28 20:47:57.743 - INFO: 
2026-09-28 20:47:57.743 - INFO: Request received via POST, content type "application/x-www-form-urlencoded"
2026-09-28 20:47:57.743 - INFO: Processing the following SPARQL query:
# Tier H-vocab — title literals, 1,000,000 rows (10x H-vocab-title-large)
# Goal: the H-vocab-title-large shape with a response long enough (several
# seconds warm) for a timing verdict on the per-literal formatting cost.
PREFIX dblp: <https://dblp.org/rdf/schema#>

CONSTRUCT { ?paper dblp:title ?title }
WHERE {
  ?paper dblp:title ?title .
}
LIMIT 1000000

2026-09-28 20:47:57.743 - INFO: Requested media types of the result are: "text/turtle"
2026-09-28 20:47:57.743 - INFO: Query planning done in 0 ms
2026-09-28 20:47:57.743 - INFO: Result has unknown size (not computed yet)
2026-09-28 20:48:02.405 - INFO: Done processing query and sending result, total time was 4,662 ms
2026-09-28 20:48:02.425 - INFO: 
2026-09-28 20:48:02.425 - INFO: Request received via GET, no content type specified
2026-09-28 20:48:02.425 - INFO: Processing command "clear-cache": clear the cache (unpinned elements only)
2026-09-28 20:48:02.443 - INFO: 
2026-09-28 20:48:02.443 - INFO: Request received via POST, content type "application/x-www-form-urlencoded"
2026-09-28 20:48:02.444 - INFO: Processing the following SPARQL query:
# Tier H-vocab — title literals, 1,000,000 rows (10x H-vocab-title-large)
# Goal: the H-vocab-title-large shape with a response long enough (several
# seconds warm) for a timing verdict on the per-literal formatting cost.
PREFIX dblp: <https://dblp.org/rdf/schema#>

CONSTRUCT { ?paper dblp:title ?title }
WHERE {
  ?paper dblp:title ?title .
}
LIMIT 1000000

2026-09-28 20:48:02.444 - INFO: Requested media types of the result are: "text/turtle"
2026-09-28 20:48:02.444 - INFO: Query planning done in 0 ms
2026-09-28 20:48:02.444 - INFO: Result has unknown size (not computed yet)
2026-09-28 20:48:07.051 - INFO: Done processing query and sending result, total time was 4,607 ms
2026-09-28 20:48:07.072 - INFO: 
2026-09-28 20:48:07.072 - INFO: Request received via GET, no content type specified
2026-09-28 20:48:07.072 - INFO: Processing command "clear-cache": clear the cache (unpinned elements only)
2026-09-28 20:48:07.090 - INFO: 
2026-09-28 20:48:07.090 - INFO: Request received via POST, content type "application/x-www-form-urlencoded"
2026-09-28 20:48:07.090 - INFO: Processing the following SPARQL query:
# Tier H-vocab — title literals, 1,000,000 rows (10x H-vocab-title-large)
# Goal: the H-vocab-title-large shape with a response long enough (several
# seconds warm) for a timing verdict on the per-literal formatting cost.
PREFIX dblp: <https://dblp.org/rdf/schema#>

CONSTRUCT { ?paper dblp:title ?title }
WHERE {
  ?paper dblp:title ?title .
}
LIMIT 1000000

2026-09-28 20:48:07.090 - INFO: Requested media types of the result are: "text/turtle"
2026-09-28 20:48:07.090 - INFO: Query planning done in 0 ms
2026-09-28 20:48:07.091 - INFO: Result has unknown size (not computed yet)
2026-09-28 20:48:11.771 - INFO: Done processing query and sending result, total time was 4,681 ms
2026-09-28 20:48:11.792 - INFO: 
2026-09-28 20:48:11.792 - INFO: Request received via GET, no content type specified
2026-09-28 20:48:11.792 - INFO: Processing command "clear-cache": clear the cache (unpinned elements only)
2026-09-28 20:48:11.810 - INFO: 
2026-09-28 20:48:11.810 - INFO: Request received via POST, content type "application/x-www-form-urlencoded"
2026-09-28 20:48:11.810 - INFO: Processing the following SPARQL query:
# Tier H-vocab — title literals, 1,000,000 rows (10x H-vocab-title-large)
# Goal: the H-vocab-title-large shape with a response long enough (several
# seconds warm) for a timing verdict on the per-literal formatting cost.
PREFIX dblp: <https://dblp.org/rdf/schema#>

CONSTRUCT { ?paper dblp:title ?title }
WHERE {
  ?paper dblp:title ?title .
}
LIMIT 1000000

2026-09-28 20:48:11.810 - INFO: Requested media types of the result are: "text/turtle"
2026-09-28 20:48:11.810 - INFO: Query planning done in 0 ms
2026-09-28 20:48:11.810 - INFO: Result has unknown size (not computed yet)
2026-09-28 20:48:16.548 - INFO: Done processing query and sending result, total time was 4,738 ms
2026-09-28 20:50:03.446 - INFO: 
2026-09-28 20:50:03.447 - INFO: Request received via GET, no content type specified
2026-09-28 20:50:03.447 - INFO: Processing command "clear-cache": clear the cache (unpinned elements only)
2026-09-28 20:50:03.464 - INFO: 
2026-09-28 20:50:03.464 - INFO: Request received via POST, content type "application/x-www-form-urlencoded"
2026-09-28 20:50:03.465 - INFO: Processing the following SPARQL query:
# Tier H-vocab — title literals, 1,000,000 rows (10x H-vocab-title-large)
# Goal: the H-vocab-title-large shape with a response long enough (several
# seconds warm) for a timing verdict on the per-literal formatting cost.
PREFIX dblp: <https://dblp.org/rdf/schema#>

CONSTRUCT { ?paper dblp:title ?title }
WHERE {
  ?paper dblp:title ?title .
}
LIMIT 1000000

2026-09-28 20:50:03.465 - INFO: Requested media types of the result are: "text/turtle"
2026-09-28 20:50:03.465 - INFO: Query planning done in 0 ms
2026-09-28 20:50:03.465 - INFO: Result has unknown size (not computed yet)
2026-09-28 20:50:08.196 - INFO: Done processing query and sending result, total time was 4,731 ms
2026-09-28 20:50:08.217 - INFO: 
2026-09-28 20:50:08.217 - INFO: Request received via GET, no content type specified
2026-09-28 20:50:08.217 - INFO: Processing command "clear-cache": clear the cache (unpinned elements only)
2026-09-28 20:50:08.235 - INFO: 
2026-09-28 20:50:08.235 - INFO: Request received via POST, content type "application/x-www-form-urlencoded"
2026-09-28 20:50:08.235 - INFO: Processing the following SPARQL query:
# Tier H-vocab — title literals, 1,000,000 rows (10x H-vocab-title-large)
# Goal: the H-vocab-title-large shape with a response long enough (several
# seconds warm) for a timing verdict on the per-literal formatting cost.
PREFIX dblp: <https://dblp.org/rdf/schema#>

CONSTRUCT { ?paper dblp:title ?title }
WHERE {
  ?paper dblp:title ?title .
}
LIMIT 1000000

2026-09-28 20:50:08.235 - INFO: Requested media types of the result are: "text/turtle"
2026-09-28 20:50:08.235 - INFO: Query planning done in 0 ms
2026-09-28 20:50:08.236 - INFO: Result has unknown size (not computed yet)
2026-09-28 20:50:13.090 - INFO: Done processing query and sending result, total time was 4,855 ms
2026-09-28 20:50:13.112 - INFO: 
2026-09-28 20:50:13.112 - INFO: Request received via GET, no content type specified
2026-09-28 20:50:13.112 - INFO: Processing command "clear-cache": clear the cache (unpinned elements only)
2026-09-28 20:50:13.137 - INFO: 
2026-09-28 20:50:13.137 - INFO: Request received via POST, content type "application/x-www-form-urlencoded"
2026-09-28 20:50:13.137 - INFO: Processing the following SPARQL query:
# Tier H-vocab — title literals, 1,000,000 rows (10x H-vocab-title-large)
# Goal: the H-vocab-title-large shape with a response long enough (several
# seconds warm) for a timing verdict on the per-literal formatting cost.
PREFIX dblp: <https://dblp.org/rdf/schema#>

CONSTRUCT { ?paper dblp:title ?title }
WHERE {
  ?paper dblp:title ?title .
}
LIMIT 1000000

2026-09-28 20:50:13.137 - INFO: Requested media types of the result are: "text/turtle"
2026-09-28 20:50:13.138 - INFO: Query planning done in 0 ms
2026-09-28 20:50:13.138 - INFO: Result has unknown size (not computed yet)
2026-09-28 20:50:18.033 - INFO: Done processing query and sending result, total time was 4,896 ms
2026-09-28 20:50:18.054 - INFO: 
2026-09-28 20:50:18.054 - INFO: Request received via GET, no content type specified
2026-09-28 20:50:18.054 - INFO: Processing command "clear-cache": clear the cache (unpinned elements only)
2026-09-28 20:50:18.072 - INFO: 
2026-09-28 20:50:18.072 - INFO: Request received via POST, content type "application/x-www-form-urlencoded"
2026-09-28 20:50:18.072 - INFO: Processing the following SPARQL query:
# Tier H-vocab — title literals, 1,000,000 rows (10x H-vocab-title-large)
# Goal: the H-vocab-title-large shape with a response long enough (several
# seconds warm) for a timing verdict on the per-literal formatting cost.
PREFIX dblp: <https://dblp.org/rdf/schema#>

CONSTRUCT { ?paper dblp:title ?title }
WHERE {
  ?paper dblp:title ?title .
}
LIMIT 1000000

2026-09-28 20:50:18.072 - INFO: Requested media types of the result are: "text/turtle"
2026-09-28 20:50:18.072 - INFO: Query planning done in 0 ms
2026-09-28 20:50:18.073 - INFO: Result has unknown size (not computed yet)
2026-09-28 20:50:22.927 - INFO: Done processing query and sending result, total time was 4,855 ms
2026-09-28 20:50:23.252 - INFO: 
2026-09-28 20:50:23.252 - INFO: Request received via GET, no content type specified
2026-09-28 20:50:23.252 - INFO: Processing command "clear-cache": clear the cache (unpinned elements only)
2026-09-28 20:50:23.270 - INFO: 
2026-09-28 20:50:23.271 - INFO: Request received via POST, content type "application/x-www-form-urlencoded"
2026-09-28 20:50:23.271 - INFO: Processing the following SPARQL query:
# Tier H-vocab — title literals, 1,000,000 rows (10x H-vocab-title-large)
# Goal: the H-vocab-title-large shape with a response long enough (several
# seconds warm) for a timing verdict on the per-literal formatting cost.
PREFIX dblp: <https://dblp.org/rdf/schema#>

CONSTRUCT { ?paper dblp:title ?title }
WHERE {
  ?paper dblp:title ?title .
}
LIMIT 1000000

2026-09-28 20:50:23.271 - INFO: Requested media types of the result are: "text/turtle"
2026-09-28 20:50:23.271 - INFO: Query planning done in 0 ms
2026-09-28 20:50:23.271 - INFO: Result has unknown size (not computed yet)
2026-09-28 20:50:28.125 - INFO: Done processing query and sending result, total time was 4,854 ms
2026-09-28 20:50:28.147 - INFO: 
2026-09-28 20:50:28.148 - INFO: Request received via GET, no content type specified
2026-09-28 20:50:28.148 - INFO: Processing command "clear-cache": clear the cache (unpinned elements only)
2026-09-28 20:50:28.166 - INFO: 
2026-09-28 20:50:28.166 - INFO: Request received via POST, content type "application/x-www-form-urlencoded"
2026-09-28 20:50:28.167 - INFO: Processing the following SPARQL query:
# Tier H-vocab — title literals, 1,000,000 rows (10x H-vocab-title-large)
# Goal: the H-vocab-title-large shape with a response long enough (several
# seconds warm) for a timing verdict on the per-literal formatting cost.
PREFIX dblp: <https://dblp.org/rdf/schema#>

CONSTRUCT { ?paper dblp:title ?title }
WHERE {
  ?paper dblp:title ?title .
}
LIMIT 1000000

2026-09-28 20:50:28.167 - INFO: Requested media types of the result are: "text/turtle"
2026-09-28 20:50:28.167 - INFO: Query planning done in 0 ms
2026-09-28 20:50:28.167 - INFO: Result has unknown size (not computed yet)
2026-09-28 20:50:33.020 - INFO: Done processing query and sending result, total time was 4,853 ms
2026-09-28 20:50:33.043 - INFO: 
2026-09-28 20:50:33.043 - INFO: Request received via GET, no content type specified
2026-09-28 20:50:33.043 - INFO: Processing command "clear-cache": clear the cache (unpinned elements only)
2026-09-28 20:50:33.062 - INFO: 
2026-09-28 20:50:33.062 - INFO: Request received via POST, content type "application/x-www-form-urlencoded"
2026-09-28 20:50:33.062 - INFO: Processing the following SPARQL query:
# Tier H-vocab — title literals, 1,000,000 rows (10x H-vocab-title-large)
# Goal: the H-vocab-title-large shape with a response long enough (several
# seconds warm) for a timing verdict on the per-literal formatting cost.
PREFIX dblp: <https://dblp.org/rdf/schema#>

CONSTRUCT { ?paper dblp:title ?title }
WHERE {
  ?paper dblp:title ?title .
}
LIMIT 1000000

2026-09-28 20:50:33.062 - INFO: Requested media types of the result are: "text/turtle"
2026-09-28 20:50:33.063 - INFO: Query planning done in 0 ms
2026-09-28 20:50:33.063 - INFO: Result has unknown size (not computed yet)
2026-09-28 20:50:37.803 - INFO: Done processing query and sending result, total time was 4,740 ms
2026-09-28 20:50:37.823 - INFO: 
2026-09-28 20:50:37.823 - INFO: Request received via GET, no content type specified
2026-09-28 20:50:37.823 - INFO: Processing command "clear-cache": clear the cache (unpinned elements only)
2026-09-28 20:50:37.841 - INFO: 
2026-09-28 20:50:37.841 - INFO: Request received via POST, content type "application/x-www-form-urlencoded"
2026-09-28 20:50:37.842 - INFO: Processing the following SPARQL query:
# Tier H-vocab — title literals, 1,000,000 rows (10x H-vocab-title-large)
# Goal: the H-vocab-title-large shape with a response long enough (several
# seconds warm) for a timing verdict on the per-literal formatting cost.
PREFIX dblp: <https://dblp.org/rdf/schema#>

CONSTRUCT { ?paper dblp:title ?title }
WHERE {
  ?paper dblp:title ?title .
}
LIMIT 1000000

2026-09-28 20:50:37.842 - INFO: Requested media types of the result are: "text/turtle"
2026-09-28 20:50:37.842 - INFO: Query planning done in 0 ms
2026-09-28 20:50:37.842 - INFO: Result has unknown size (not computed yet)
2026-09-28 20:50:42.471 - INFO: Done processing query and sending result, total time was 4,629 ms
2026-09-28 20:52:35.079 - INFO: 
2026-09-28 20:52:35.079 - INFO: Request received via GET, no content type specified
2026-09-28 20:52:35.079 - INFO: Processing command "clear-cache": clear the cache (unpinned elements only)
2026-09-28 20:52:35.097 - INFO: 
2026-09-28 20:52:35.097 - INFO: Request received via POST, content type "application/x-www-form-urlencoded"
2026-09-28 20:52:35.098 - INFO: Processing the following SPARQL query:
# Tier H-vocab — title literals, 1,000,000 rows (10x H-vocab-title-large)
# Goal: the H-vocab-title-large shape with a response long enough (several
# seconds warm) for a timing verdict on the per-literal formatting cost.
PREFIX dblp: <https://dblp.org/rdf/schema#>

CONSTRUCT { ?paper dblp:title ?title }
WHERE {
  ?paper dblp:title ?title .
}
LIMIT 1000000

2026-09-28 20:52:35.098 - INFO: Requested media types of the result are: "text/turtle"
2026-09-28 20:52:35.098 - INFO: Query planning done in 0 ms
2026-09-28 20:52:35.098 - INFO: Result has unknown size (not computed yet)
2026-09-28 20:52:39.977 - INFO: Done processing query and sending result, total time was 4,879 ms
2026-09-28 20:52:39.999 - INFO: 
2026-09-28 20:52:39.999 - INFO: Request received via GET, no content type specified
2026-09-28 20:52:39.999 - INFO: Processing command "clear-cache": clear the cache (unpinned elements only)
2026-09-28 20:52:40.025 - INFO: 
2026-09-28 20:52:40.025 - INFO: Request received via POST, content type "application/x-www-form-urlencoded"
2026-09-28 20:52:40.025 - INFO: Processing the following SPARQL query:
# Tier H-vocab — title literals, 1,000,000 rows (10x H-vocab-title-large)
# Goal: the H-vocab-title-large shape with a response long enough (several
# seconds warm) for a timing verdict on the per-literal formatting cost.
PREFIX dblp: <https://dblp.org/rdf/schema#>

CONSTRUCT { ?paper dblp:title ?title }
WHERE {
  ?paper dblp:title ?title .
}
LIMIT 1000000

2026-09-28 20:52:40.025 - INFO: Requested media types of the result are: "text/turtle"
2026-09-28 20:52:40.025 - INFO: Query planning done in 0 ms
2026-09-28 20:52:40.025 - INFO: Result has unknown size (not computed yet)
2026-09-28 20:52:45.287 - INFO: Done processing query and sending result, total time was 5,262 ms
2026-09-28 20:52:45.308 - INFO: 
2026-09-28 20:52:45.308 - INFO: Request received via GET, no content type specified
2026-09-28 20:52:45.308 - INFO: Processing command "clear-cache": clear the cache (unpinned elements only)
2026-09-28 20:52:45.326 - INFO: 
2026-09-28 20:52:45.326 - INFO: Request received via POST, content type "application/x-www-form-urlencoded"
2026-09-28 20:52:45.326 - INFO: Processing the following SPARQL query:
# Tier H-vocab — title literals, 1,000,000 rows (10x H-vocab-title-large)
# Goal: the H-vocab-title-large shape with a response long enough (several
# seconds warm) for a timing verdict on the per-literal formatting cost.
PREFIX dblp: <https://dblp.org/rdf/schema#>

CONSTRUCT { ?paper dblp:title ?title }
WHERE {
  ?paper dblp:title ?title .
}
LIMIT 1000000

2026-09-28 20:52:45.326 - INFO: Requested media types of the result are: "text/turtle"
2026-09-28 20:52:45.327 - INFO: Query planning done in 0 ms
2026-09-28 20:52:45.327 - INFO: Result has unknown size (not computed yet)
2026-09-28 20:52:50.389 - INFO: Done processing query and sending result, total time was 5,063 ms
2026-09-28 20:52:50.411 - INFO: 
2026-09-28 20:52:50.411 - INFO: Request received via GET, no content type specified
2026-09-28 20:52:50.411 - INFO: Processing command "clear-cache": clear the cache (unpinned elements only)
2026-09-28 20:52:50.429 - INFO: 
2026-09-28 20:52:50.429 - INFO: Request received via POST, content type "application/x-www-form-urlencoded"
2026-09-28 20:52:50.430 - INFO: Processing the following SPARQL query:
# Tier H-vocab — title literals, 1,000,000 rows (10x H-vocab-title-large)
# Goal: the H-vocab-title-large shape with a response long enough (several
# seconds warm) for a timing verdict on the per-literal formatting cost.
PREFIX dblp: <https://dblp.org/rdf/schema#>

CONSTRUCT { ?paper dblp:title ?title }
WHERE {
  ?paper dblp:title ?title .
}
LIMIT 1000000

2026-09-28 20:52:50.430 - INFO: Requested media types of the result are: "text/turtle"
2026-09-28 20:52:50.430 - INFO: Query planning done in 0 ms
2026-09-28 20:52:50.430 - INFO: Result has unknown size (not computed yet)
2026-09-28 20:52:55.748 - INFO: Done processing query and sending result, total time was 5,318 ms
2026-09-28 20:52:56.074 - INFO: 
2026-09-28 20:52:56.074 - INFO: Request received via GET, no content type specified
2026-09-28 20:52:56.074 - INFO: Processing command "clear-cache": clear the cache (unpinned elements only)
2026-09-28 20:52:56.092 - INFO: 
2026-09-28 20:52:56.092 - INFO: Request received via POST, content type "application/x-www-form-urlencoded"
2026-09-28 20:52:56.092 - INFO: Processing the following SPARQL query:
# Tier H-vocab — title literals, 1,000,000 rows (10x H-vocab-title-large)
# Goal: the H-vocab-title-large shape with a response long enough (several
# seconds warm) for a timing verdict on the per-literal formatting cost.
PREFIX dblp: <https://dblp.org/rdf/schema#>

CONSTRUCT { ?paper dblp:title ?title }
WHERE {
  ?paper dblp:title ?title .
}
LIMIT 1000000

2026-09-28 20:52:56.092 - INFO: Requested media types of the result are: "text/turtle"
2026-09-28 20:52:56.092 - INFO: Query planning done in 0 ms
2026-09-28 20:52:56.093 - INFO: Result has unknown size (not computed yet)
2026-09-28 20:53:01.416 - INFO: Done processing query and sending result, total time was 5,324 ms
2026-09-28 20:53:01.437 - INFO: 
2026-09-28 20:53:01.437 - INFO: Request received via GET, no content type specified
2026-09-28 20:53:01.437 - INFO: Processing command "clear-cache": clear the cache (unpinned elements only)
2026-09-28 20:53:01.455 - INFO: 
2026-09-28 20:53:01.455 - INFO: Request received via POST, content type "application/x-www-form-urlencoded"
2026-09-28 20:53:01.455 - INFO: Processing the following SPARQL query:
# Tier H-vocab — title literals, 1,000,000 rows (10x H-vocab-title-large)
# Goal: the H-vocab-title-large shape with a response long enough (several
# seconds warm) for a timing verdict on the per-literal formatting cost.
PREFIX dblp: <https://dblp.org/rdf/schema#>

CONSTRUCT { ?paper dblp:title ?title }
WHERE {
  ?paper dblp:title ?title .
}
LIMIT 1000000

2026-09-28 20:53:01.455 - INFO: Requested media types of the result are: "text/turtle"
2026-09-28 20:53:01.455 - INFO: Query planning done in 0 ms
2026-09-28 20:53:01.455 - INFO: Result has unknown size (not computed yet)
2026-09-28 20:53:06.365 - INFO: Done processing query and sending result, total time was 4,910 ms
2026-09-28 20:53:06.387 - INFO: 
2026-09-28 20:53:06.387 - INFO: Request received via GET, no content type specified
2026-09-28 20:53:06.387 - INFO: Processing command "clear-cache": clear the cache (unpinned elements only)
2026-09-28 20:53:06.405 - INFO: 
2026-09-28 20:53:06.405 - INFO: Request received via POST, content type "application/x-www-form-urlencoded"
2026-09-28 20:53:06.405 - INFO: Processing the following SPARQL query:
# Tier H-vocab — title literals, 1,000,000 rows (10x H-vocab-title-large)
# Goal: the H-vocab-title-large shape with a response long enough (several
# seconds warm) for a timing verdict on the per-literal formatting cost.
PREFIX dblp: <https://dblp.org/rdf/schema#>

CONSTRUCT { ?paper dblp:title ?title }
WHERE {
  ?paper dblp:title ?title .
}
LIMIT 1000000

2026-09-28 20:53:06.405 - INFO: Requested media types of the result are: "text/turtle"
2026-09-28 20:53:06.406 - INFO: Query planning done in 0 ms
2026-09-28 20:53:06.406 - INFO: Result has unknown size (not computed yet)
2026-09-28 20:53:11.569 - INFO: Done processing query and sending result, total time was 5,164 ms
2026-09-28 20:53:11.590 - INFO: 
2026-09-28 20:53:11.590 - INFO: Request received via GET, no content type specified
2026-09-28 20:53:11.590 - INFO: Processing command "clear-cache": clear the cache (unpinned elements only)
2026-09-28 20:53:11.608 - INFO: 
2026-09-28 20:53:11.608 - INFO: Request received via POST, content type "application/x-www-form-urlencoded"
2026-09-28 20:53:11.608 - INFO: Processing the following SPARQL query:
# Tier H-vocab — title literals, 1,000,000 rows (10x H-vocab-title-large)
# Goal: the H-vocab-title-large shape with a response long enough (several
# seconds warm) for a timing verdict on the per-literal formatting cost.
PREFIX dblp: <https://dblp.org/rdf/schema#>

CONSTRUCT { ?paper dblp:title ?title }
WHERE {
  ?paper dblp:title ?title .
}
LIMIT 1000000

2026-09-28 20:53:11.608 - INFO: Requested media types of the result are: "text/turtle"
2026-09-28 20:53:11.608 - INFO: Query planning done in 0 ms
2026-09-28 20:53:11.609 - INFO: Result has unknown size (not computed yet)
2026-09-28 20:53:16.685 - INFO: Done processing query and sending result, total time was 5,076 ms
2026-09-28 20:54:52.772 - INFO: 
2026-09-28 20:54:52.772 - INFO: Request received via GET, no content type specified
2026-09-28 20:54:52.772 - INFO: Processing command "clear-cache": clear the cache (unpinned elements only)
2026-09-28 20:54:52.804 - INFO: 
2026-09-28 20:54:52.804 - INFO: Request received via POST, content type "application/x-www-form-urlencoded"
2026-09-28 20:54:52.804 - INFO: Processing the following SPARQL query:
# Tier H-vocab — title literals, 1,000,000 rows (10x H-vocab-title-large)
# Goal: the H-vocab-title-large shape with a response long enough (several
# seconds warm) for a timing verdict on the per-literal formatting cost.
PREFIX dblp: <https://dblp.org/rdf/schema#>

CONSTRUCT { ?paper dblp:title ?title }
WHERE {
  ?paper dblp:title ?title .
}
LIMIT 1000000

2026-09-28 20:54:52.804 - INFO: Requested media types of the result are: "text/turtle"
2026-09-28 20:54:52.804 - INFO: Query planning done in 0 ms
2026-09-28 20:54:52.805 - INFO: Result has unknown size (not computed yet)
2026-09-28 20:54:57.810 - INFO: Done processing query and sending result, total time was 5,005 ms
2026-09-28 20:54:57.831 - INFO: 
2026-09-28 20:54:57.831 - INFO: Request received via GET, no content type specified
2026-09-28 20:54:57.831 - INFO: Processing command "clear-cache": clear the cache (unpinned elements only)
2026-09-28 20:54:57.865 - INFO: 
2026-09-28 20:54:57.865 - INFO: Request received via POST, content type "application/x-www-form-urlencoded"
2026-09-28 20:54:57.865 - INFO: Processing the following SPARQL query:
# Tier H-vocab — title literals, 1,000,000 rows (10x H-vocab-title-large)
# Goal: the H-vocab-title-large shape with a response long enough (several
# seconds warm) for a timing verdict on the per-literal formatting cost.
PREFIX dblp: <https://dblp.org/rdf/schema#>

CONSTRUCT { ?paper dblp:title ?title }
WHERE {
  ?paper dblp:title ?title .
}
LIMIT 1000000

2026-09-28 20:54:57.865 - INFO: Requested media types of the result are: "text/turtle"
2026-09-28 20:54:57.866 - INFO: Query planning done in 0 ms
2026-09-28 20:54:57.866 - INFO: Result has unknown size (not computed yet)
2026-09-28 20:55:02.887 - INFO: Done processing query and sending result, total time was 5,021 ms
2026-09-28 20:55:16.579 - INFO: 
2026-09-28 20:55:16.579 - INFO: Request received via GET, no content type specified
2026-09-28 20:55:16.579 - INFO: Processing command "clear-cache": clear the cache (unpinned elements only)
2026-09-28 20:55:16.605 - INFO: 
2026-09-28 20:55:16.605 - INFO: Request received via POST, content type "application/x-www-form-urlencoded"
2026-09-28 20:55:16.606 - INFO: Processing the following SPARQL query:
# Tier H — size-sweep
# Goal: isolate export cost from query-planning cost. Raise the year bound
# across runs, for example 1970, 1990, 2010, and 2023.
PREFIX dblp: <https://dblp.org/rdf/schema#>

CONSTRUCT { ?s ?p ?o }
WHERE {
  ?s a dblp:Publication ;
     dblp:yearOfPublication ?year ;
     ?p ?o .
  FILTER(?year <= "1970"^^<http://www.w3.org/2001/XMLSchema#gYear>)
}

2026-09-28 20:55:16.606 - INFO: Requested media types of the result are: "text/turtle"
2026-09-28 20:55:16.607 - INFO: Query planning done in 2 ms
2026-09-28 20:55:16.630 - INFO: Result has unknown size (not computed yet)
2026-09-28 20:55:17.285 - INFO: Done processing query and sending result, total time was 679 ms
2026-09-28 20:55:54.289 - INFO: 
2026-09-28 20:55:54.289 - INFO: Request received via GET, no content type specified
2026-09-28 20:55:54.289 - INFO: Processing command "clear-cache": clear the cache (unpinned elements only)
2026-09-28 20:55:54.307 - INFO: 
2026-09-28 20:55:54.307 - INFO: Request received via POST, content type "application/x-www-form-urlencoded"
2026-09-28 20:55:54.307 - INFO: Processing the following SPARQL query:
# Tier H — size-sweep
# Goal: isolate export cost from query-planning cost. Raise the year bound
# across runs, for example 1970, 1990, 2010, and 2023.
PREFIX dblp: <https://dblp.org/rdf/schema#>

CONSTRUCT { ?s ?p ?o }
WHERE {
  ?s a dblp:Publication ;
     dblp:yearOfPublication ?year ;
     ?p ?o .
  FILTER(?year <= "1970"^^<http://www.w3.org/2001/XMLSchema#gYear>)
}

2026-09-28 20:55:54.307 - INFO: Requested media types of the result are: "text/turtle"
2026-09-28 20:55:54.308 - INFO: Query planning done in 1 ms
2026-09-28 20:55:54.326 - INFO: Result has unknown size (not computed yet)
2026-09-28 20:55:54.907 - INFO: Done processing query and sending result, total time was 599 ms
2026-09-28 20:55:54.926 - INFO: 
2026-09-28 20:55:54.926 - INFO: Request received via GET, no content type specified
2026-09-28 20:55:54.926 - INFO: Processing command "clear-cache": clear the cache (unpinned elements only)
2026-09-28 20:55:54.944 - INFO: 
2026-09-28 20:55:54.944 - INFO: Request received via POST, content type "application/x-www-form-urlencoded"
2026-09-28 20:55:54.944 - INFO: Processing the following SPARQL query:
# Tier H — size-sweep
# Goal: isolate export cost from query-planning cost. Raise the year bound
# across runs, for example 1970, 1990, 2010, and 2023.
PREFIX dblp: <https://dblp.org/rdf/schema#>

CONSTRUCT { ?s ?p ?o }
WHERE {
  ?s a dblp:Publication ;
     dblp:yearOfPublication ?year ;
     ?p ?o .
  FILTER(?year <= "1970"^^<http://www.w3.org/2001/XMLSchema#gYear>)
}

2026-09-28 20:55:54.944 - INFO: Requested media types of the result are: "text/turtle"
2026-09-28 20:55:54.945 - INFO: Query planning done in 1 ms
2026-09-28 20:55:54.965 - INFO: Result has unknown size (not computed yet)
2026-09-28 20:55:55.540 - INFO: Done processing query and sending result, total time was 596 ms
2026-09-28 20:55:55.559 - INFO: 
2026-09-28 20:55:55.559 - INFO: Request received via GET, no content type specified
2026-09-28 20:55:55.559 - INFO: Processing command "clear-cache": clear the cache (unpinned elements only)
2026-09-28 20:55:55.577 - INFO: 
2026-09-28 20:55:55.577 - INFO: Request received via POST, content type "application/x-www-form-urlencoded"
2026-09-28 20:55:55.577 - INFO: Processing the following SPARQL query:
# Tier H — size-sweep
# Goal: isolate export cost from query-planning cost. Raise the year bound
# across runs, for example 1970, 1990, 2010, and 2023.
PREFIX dblp: <https://dblp.org/rdf/schema#>

CONSTRUCT { ?s ?p ?o }
WHERE {
  ?s a dblp:Publication ;
     dblp:yearOfPublication ?year ;
     ?p ?o .
  FILTER(?year <= "1970"^^<http://www.w3.org/2001/XMLSchema#gYear>)
}

2026-09-28 20:55:55.577 - INFO: Requested media types of the result are: "text/turtle"
2026-09-28 20:55:55.578 - INFO: Query planning done in 1 ms
2026-09-28 20:55:55.597 - INFO: Result has unknown size (not computed yet)
2026-09-28 20:55:56.165 - INFO: Done processing query and sending result, total time was 588 ms
2026-09-28 20:55:56.184 - INFO: 
2026-09-28 20:55:56.184 - INFO: Request received via GET, no content type specified
2026-09-28 20:55:56.184 - INFO: Processing command "clear-cache": clear the cache (unpinned elements only)
2026-09-28 20:55:56.202 - INFO: 
2026-09-28 20:55:56.202 - INFO: Request received via POST, content type "application/x-www-form-urlencoded"
2026-09-28 20:55:56.202 - INFO: Processing the following SPARQL query:
# Tier H — size-sweep
# Goal: isolate export cost from query-planning cost. Raise the year bound
# across runs, for example 1970, 1990, 2010, and 2023.
PREFIX dblp: <https://dblp.org/rdf/schema#>

CONSTRUCT { ?s ?p ?o }
WHERE {
  ?s a dblp:Publication ;
     dblp:yearOfPublication ?year ;
     ?p ?o .
  FILTER(?year <= "1970"^^<http://www.w3.org/2001/XMLSchema#gYear>)
}

2026-09-28 20:55:56.202 - INFO: Requested media types of the result are: "text/turtle"
2026-09-28 20:55:56.203 - INFO: Query planning done in 1 ms
2026-09-28 20:55:56.226 - INFO: Result has unknown size (not computed yet)
2026-09-28 20:55:56.871 - INFO: Done processing query and sending result, total time was 669 ms
2026-09-28 20:55:56.890 - INFO: 
2026-09-28 20:55:56.890 - INFO: Request received via GET, no content type specified
2026-09-28 20:55:56.890 - INFO: Processing command "clear-cache": clear the cache (unpinned elements only)
2026-09-28 20:55:56.908 - INFO: 
2026-09-28 20:55:56.908 - INFO: Request received via POST, content type "application/x-www-form-urlencoded"
2026-09-28 20:55:56.908 - INFO: Processing the following SPARQL query:
# Tier H — size-sweep
# Goal: isolate export cost from query-planning cost. Raise the year bound
# across runs, for example 1970, 1990, 2010, and 2023.
PREFIX dblp: <https://dblp.org/rdf/schema#>

CONSTRUCT { ?s ?p ?o }
WHERE {
  ?s a dblp:Publication ;
     dblp:yearOfPublication ?year ;
     ?p ?o .
  FILTER(?year <= "1970"^^<http://www.w3.org/2001/XMLSchema#gYear>)
}

2026-09-28 20:55:56.908 - INFO: Requested media types of the result are: "text/turtle"
2026-09-28 20:55:56.909 - INFO: Query planning done in 1 ms
2026-09-28 20:55:56.933 - INFO: Result has unknown size (not computed yet)
2026-09-28 20:55:57.581 - INFO: Done processing query and sending result, total time was 673 ms
2026-09-28 20:55:57.600 - INFO: 
2026-09-28 20:55:57.600 - INFO: Request received via GET, no content type specified
2026-09-28 20:55:57.600 - INFO: Processing command "clear-cache": clear the cache (unpinned elements only)
2026-09-28 20:55:57.618 - INFO: 
2026-09-28 20:55:57.618 - INFO: Request received via POST, content type "application/x-www-form-urlencoded"
2026-09-28 20:55:57.618 - INFO: Processing the following SPARQL query:
# Tier H — size-sweep
# Goal: isolate export cost from query-planning cost. Raise the year bound
# across runs, for example 1970, 1990, 2010, and 2023.
PREFIX dblp: <https://dblp.org/rdf/schema#>

CONSTRUCT { ?s ?p ?o }
WHERE {
  ?s a dblp:Publication ;
     dblp:yearOfPublication ?year ;
     ?p ?o .
  FILTER(?year <= "1970"^^<http://www.w3.org/2001/XMLSchema#gYear>)
}

2026-09-28 20:55:57.618 - INFO: Requested media types of the result are: "text/turtle"
2026-09-28 20:55:57.619 - INFO: Query planning done in 1 ms
2026-09-28 20:55:57.644 - INFO: Result has unknown size (not computed yet)
2026-09-28 20:55:58.294 - INFO: Done processing query and sending result, total time was 675 ms
2026-09-28 20:55:58.313 - INFO: 
2026-09-28 20:55:58.313 - INFO: Request received via GET, no content type specified
2026-09-28 20:55:58.313 - INFO: Processing command "clear-cache": clear the cache (unpinned elements only)
2026-09-28 20:55:58.331 - INFO: 
2026-09-28 20:55:58.331 - INFO: Request received via POST, content type "application/x-www-form-urlencoded"
2026-09-28 20:55:58.331 - INFO: Processing the following SPARQL query:
# Tier H — size-sweep
# Goal: isolate export cost from query-planning cost. Raise the year bound
# across runs, for example 1970, 1990, 2010, and 2023.
PREFIX dblp: <https://dblp.org/rdf/schema#>

CONSTRUCT { ?s ?p ?o }
WHERE {
  ?s a dblp:Publication ;
     dblp:yearOfPublication ?year ;
     ?p ?o .
  FILTER(?year <= "1970"^^<http://www.w3.org/2001/XMLSchema#gYear>)
}

2026-09-28 20:55:58.331 - INFO: Requested media types of the result are: "text/turtle"
2026-09-28 20:55:58.332 - INFO: Query planning done in 1 ms
2026-09-28 20:55:58.357 - INFO: Result has unknown size (not computed yet)
2026-09-28 20:55:59.005 - INFO: Done processing query and sending result, total time was 674 ms
2026-09-28 20:55:59.024 - INFO: 
2026-09-28 20:55:59.024 - INFO: Request received via GET, no content type specified
2026-09-28 20:55:59.024 - INFO: Processing command "clear-cache": clear the cache (unpinned elements only)
2026-09-28 20:55:59.042 - INFO: 
2026-09-28 20:55:59.042 - INFO: Request received via POST, content type "application/x-www-form-urlencoded"
2026-09-28 20:55:59.043 - INFO: Processing the following SPARQL query:
# Tier H — size-sweep
# Goal: isolate export cost from query-planning cost. Raise the year bound
# across runs, for example 1970, 1990, 2010, and 2023.
PREFIX dblp: <https://dblp.org/rdf/schema#>

CONSTRUCT { ?s ?p ?o }
WHERE {
  ?s a dblp:Publication ;
     dblp:yearOfPublication ?year ;
     ?p ?o .
  FILTER(?year <= "1970"^^<http://www.w3.org/2001/XMLSchema#gYear>)
}

2026-09-28 20:55:59.043 - INFO: Requested media types of the result are: "text/turtle"
2026-09-28 20:55:59.044 - INFO: Query planning done in 1 ms
2026-09-28 20:55:59.065 - INFO: Result has unknown size (not computed yet)
2026-09-28 20:55:59.633 - INFO: Done processing query and sending result, total time was 590 ms
2026-09-28 20:55:59.652 - INFO: 
2026-09-28 20:55:59.652 - INFO: Request received via GET, no content type specified
2026-09-28 20:55:59.652 - INFO: Processing command "clear-cache": clear the cache (unpinned elements only)
2026-09-28 20:55:59.670 - INFO: 
2026-09-28 20:55:59.671 - INFO: Request received via POST, content type "application/x-www-form-urlencoded"
2026-09-28 20:55:59.671 - INFO: Processing the following SPARQL query:
# Tier H — size-sweep
# Goal: isolate export cost from query-planning cost. Raise the year bound
# across runs, for example 1970, 1990, 2010, and 2023.
PREFIX dblp: <https://dblp.org/rdf/schema#>

CONSTRUCT { ?s ?p ?o }
WHERE {
  ?s a dblp:Publication ;
     dblp:yearOfPublication ?year ;
     ?p ?o .
  FILTER(?year <= "1970"^^<http://www.w3.org/2001/XMLSchema#gYear>)
}

2026-09-28 20:55:59.671 - INFO: Requested media types of the result are: "text/turtle"
2026-09-28 20:55:59.672 - INFO: Query planning done in 1 ms
2026-09-28 20:55:59.694 - INFO: Result has unknown size (not computed yet)
2026-09-28 20:56:00.257 - INFO: Done processing query and sending result, total time was 586 ms
2026-09-28 20:56:00.276 - INFO: 
2026-09-28 20:56:00.276 - INFO: Request received via GET, no content type specified
2026-09-28 20:56:00.276 - INFO: Processing command "clear-cache": clear the cache (unpinned elements only)
2026-09-28 20:56:00.294 - INFO: 
2026-09-28 20:56:00.294 - INFO: Request received via POST, content type "application/x-www-form-urlencoded"
2026-09-28 20:56:00.295 - INFO: Processing the following SPARQL query:
# Tier H — size-sweep
# Goal: isolate export cost from query-planning cost. Raise the year bound
# across runs, for example 1970, 1990, 2010, and 2023.
PREFIX dblp: <https://dblp.org/rdf/schema#>

CONSTRUCT { ?s ?p ?o }
WHERE {
  ?s a dblp:Publication ;
     dblp:yearOfPublication ?year ;
     ?p ?o .
  FILTER(?year <= "1970"^^<http://www.w3.org/2001/XMLSchema#gYear>)
}

2026-09-28 20:56:00.295 - INFO: Requested media types of the result are: "text/turtle"
2026-09-28 20:56:00.296 - INFO: Query planning done in 1 ms
2026-09-28 20:56:00.318 - INFO: Result has unknown size (not computed yet)
2026-09-28 20:56:00.884 - INFO: Done processing query and sending result, total time was 589 ms
2026-09-28 20:56:00.903 - INFO: 
2026-09-28 20:56:00.903 - INFO: Request received via GET, no content type specified
2026-09-28 20:56:00.903 - INFO: Processing command "clear-cache": clear the cache (unpinned elements only)
2026-09-28 20:56:00.920 - INFO: 
2026-09-28 20:56:00.920 - INFO: Request received via POST, content type "application/x-www-form-urlencoded"
2026-09-28 20:56:00.921 - INFO: Processing the following SPARQL query:
# Tier H — size-sweep
# Goal: isolate export cost from query-planning cost. Raise the year bound
# across runs, for example 1970, 1990, 2010, and 2023.
PREFIX dblp: <https://dblp.org/rdf/schema#>

CONSTRUCT { ?s ?p ?o }
WHERE {
  ?s a dblp:Publication ;
     dblp:yearOfPublication ?year ;
     ?p ?o .
  FILTER(?year <= "1970"^^<http://www.w3.org/2001/XMLSchema#gYear>)
}

2026-09-28 20:56:00.921 - INFO: Requested media types of the result are: "text/turtle"
2026-09-28 20:56:00.922 - INFO: Query planning done in 1 ms
2026-09-28 20:56:00.945 - INFO: Result has unknown size (not computed yet)
2026-09-28 20:56:01.513 - INFO: Done processing query and sending result, total time was 592 ms
2026-09-28 20:56:01.532 - INFO: 
2026-09-28 20:56:01.532 - INFO: Request received via GET, no content type specified
2026-09-28 20:56:01.532 - INFO: Processing command "clear-cache": clear the cache (unpinned elements only)
2026-09-28 20:56:01.550 - INFO: 
2026-09-28 20:56:01.550 - INFO: Request received via POST, content type "application/x-www-form-urlencoded"
2026-09-28 20:56:01.550 - INFO: Processing the following SPARQL query:
# Tier H — size-sweep
# Goal: isolate export cost from query-planning cost. Raise the year bound
# across runs, for example 1970, 1990, 2010, and 2023.
PREFIX dblp: <https://dblp.org/rdf/schema#>

CONSTRUCT { ?s ?p ?o }
WHERE {
  ?s a dblp:Publication ;
     dblp:yearOfPublication ?year ;
     ?p ?o .
  FILTER(?year <= "1970"^^<http://www.w3.org/2001/XMLSchema#gYear>)
}

2026-09-28 20:56:01.550 - INFO: Requested media types of the result are: "text/turtle"
2026-09-28 20:56:01.551 - INFO: Query planning done in 1 ms
2026-09-28 20:56:01.574 - INFO: Result has unknown size (not computed yet)
2026-09-28 20:56:02.155 - INFO: Done processing query and sending result, total time was 604 ms
2026-09-28 20:56:02.174 - INFO: 
2026-09-28 20:56:02.174 - INFO: Request received via GET, no content type specified
2026-09-28 20:56:02.174 - INFO: Processing command "clear-cache": clear the cache (unpinned elements only)
2026-09-28 20:56:02.200 - INFO: 
2026-09-28 20:56:02.200 - INFO: Request received via POST, content type "application/x-www-form-urlencoded"
2026-09-28 20:56:02.200 - INFO: Processing the following SPARQL query:
# Tier H — size-sweep
# Goal: isolate export cost from query-planning cost. Raise the year bound
# across runs, for example 1970, 1990, 2010, and 2023.
PREFIX dblp: <https://dblp.org/rdf/schema#>

CONSTRUCT { ?s ?p ?o }
WHERE {
  ?s a dblp:Publication ;
     dblp:yearOfPublication ?year ;
     ?p ?o .
  FILTER(?year <= "1970"^^<http://www.w3.org/2001/XMLSchema#gYear>)
}

2026-09-28 20:56:02.200 - INFO: Requested media types of the result are: "text/turtle"
2026-09-28 20:56:02.201 - INFO: Query planning done in 1 ms
2026-09-28 20:56:02.219 - INFO: Result has unknown size (not computed yet)
2026-09-28 20:56:02.795 - INFO: Done processing query and sending result, total time was 595 ms
2026-09-28 20:56:03.119 - INFO: 
2026-09-28 20:56:03.119 - INFO: Request received via GET, no content type specified
2026-09-28 20:56:03.119 - INFO: Processing command "clear-cache": clear the cache (unpinned elements only)
2026-09-28 20:56:03.137 - INFO: 
2026-09-28 20:56:03.137 - INFO: Request received via POST, content type "application/x-www-form-urlencoded"
2026-09-28 20:56:03.137 - INFO: Processing the following SPARQL query:
# Tier H — size-sweep
# Goal: isolate export cost from query-planning cost. Raise the year bound
# across runs, for example 1970, 1990, 2010, and 2023.
PREFIX dblp: <https://dblp.org/rdf/schema#>

CONSTRUCT { ?s ?p ?o }
WHERE {
  ?s a dblp:Publication ;
     dblp:yearOfPublication ?year ;
     ?p ?o .
  FILTER(?year <= "1970"^^<http://www.w3.org/2001/XMLSchema#gYear>)
}

2026-09-28 20:56:03.137 - INFO: Requested media types of the result are: "text/turtle"
2026-09-28 20:56:03.138 - INFO: Query planning done in 1 ms
2026-09-28 20:56:03.156 - INFO: Result has unknown size (not computed yet)
2026-09-28 20:56:03.729 - INFO: Done processing query and sending result, total time was 592 ms
2026-09-28 20:56:03.748 - INFO: 
2026-09-28 20:56:03.748 - INFO: Request received via GET, no content type specified
2026-09-28 20:56:03.748 - INFO: Processing command "clear-cache": clear the cache (unpinned elements only)
2026-09-28 20:56:03.766 - INFO: 
2026-09-28 20:56:03.766 - INFO: Request received via POST, content type "application/x-www-form-urlencoded"
2026-09-28 20:56:03.767 - INFO: Processing the following SPARQL query:
# Tier H — size-sweep
# Goal: isolate export cost from query-planning cost. Raise the year bound
# across runs, for example 1970, 1990, 2010, and 2023.
PREFIX dblp: <https://dblp.org/rdf/schema#>

CONSTRUCT { ?s ?p ?o }
WHERE {
  ?s a dblp:Publication ;
     dblp:yearOfPublication ?year ;
     ?p ?o .
  FILTER(?year <= "1970"^^<http://www.w3.org/2001/XMLSchema#gYear>)
}

2026-09-28 20:56:03.767 - INFO: Requested media types of the result are: "text/turtle"
2026-09-28 20:56:03.768 - INFO: Query planning done in 1 ms
2026-09-28 20:56:03.787 - INFO: Result has unknown size (not computed yet)
2026-09-28 20:56:04.363 - INFO: Done processing query and sending result, total time was 596 ms
2026-09-28 20:56:04.382 - INFO: 
2026-09-28 20:56:04.382 - INFO: Request received via GET, no content type specified
2026-09-28 20:56:04.382 - INFO: Processing command "clear-cache": clear the cache (unpinned elements only)
2026-09-28 20:56:04.400 - INFO: 
2026-09-28 20:56:04.400 - INFO: Request received via POST, content type "application/x-www-form-urlencoded"
2026-09-28 20:56:04.400 - INFO: Processing the following SPARQL query:
# Tier H — size-sweep
# Goal: isolate export cost from query-planning cost. Raise the year bound
# across runs, for example 1970, 1990, 2010, and 2023.
PREFIX dblp: <https://dblp.org/rdf/schema#>

CONSTRUCT { ?s ?p ?o }
WHERE {
  ?s a dblp:Publication ;
     dblp:yearOfPublication ?year ;
     ?p ?o .
  FILTER(?year <= "1970"^^<http://www.w3.org/2001/XMLSchema#gYear>)
}

2026-09-28 20:56:04.400 - INFO: Requested media types of the result are: "text/turtle"
2026-09-28 20:56:04.401 - INFO: Query planning done in 1 ms
2026-09-28 20:56:04.420 - INFO: Result has unknown size (not computed yet)
2026-09-28 20:56:04.992 - INFO: Done processing query and sending result, total time was 591 ms
2026-09-28 20:56:05.011 - INFO: 
2026-09-28 20:56:05.011 - INFO: Request received via GET, no content type specified
2026-09-28 20:56:05.011 - INFO: Processing command "clear-cache": clear the cache (unpinned elements only)
2026-09-28 20:56:05.029 - INFO: 
2026-09-28 20:56:05.029 - INFO: Request received via POST, content type "application/x-www-form-urlencoded"
2026-09-28 20:56:05.029 - INFO: Processing the following SPARQL query:
# Tier H — size-sweep
# Goal: isolate export cost from query-planning cost. Raise the year bound
# across runs, for example 1970, 1990, 2010, and 2023.
PREFIX dblp: <https://dblp.org/rdf/schema#>

CONSTRUCT { ?s ?p ?o }
WHERE {
  ?s a dblp:Publication ;
     dblp:yearOfPublication ?year ;
     ?p ?o .
  FILTER(?year <= "1970"^^<http://www.w3.org/2001/XMLSchema#gYear>)
}

2026-09-28 20:56:05.029 - INFO: Requested media types of the result are: "text/turtle"
2026-09-28 20:56:05.030 - INFO: Query planning done in 1 ms
2026-09-28 20:56:05.049 - INFO: Result has unknown size (not computed yet)
2026-09-28 20:56:05.621 - INFO: Done processing query and sending result, total time was 592 ms
2026-09-28 20:56:05.640 - INFO: 
2026-09-28 20:56:05.640 - INFO: Request received via GET, no content type specified
2026-09-28 20:56:05.640 - INFO: Processing command "clear-cache": clear the cache (unpinned elements only)
2026-09-28 20:56:05.658 - INFO: 
2026-09-28 20:56:05.658 - INFO: Request received via POST, content type "application/x-www-form-urlencoded"
2026-09-28 20:56:05.658 - INFO: Processing the following SPARQL query:
# Tier H — size-sweep
# Goal: isolate export cost from query-planning cost. Raise the year bound
# across runs, for example 1970, 1990, 2010, and 2023.
PREFIX dblp: <https://dblp.org/rdf/schema#>

CONSTRUCT { ?s ?p ?o }
WHERE {
  ?s a dblp:Publication ;
     dblp:yearOfPublication ?year ;
     ?p ?o .
  FILTER(?year <= "1970"^^<http://www.w3.org/2001/XMLSchema#gYear>)
}

2026-09-28 20:56:05.658 - INFO: Requested media types of the result are: "text/turtle"
2026-09-28 20:56:05.659 - INFO: Query planning done in 1 ms
2026-09-28 20:56:05.678 - INFO: Result has unknown size (not computed yet)
2026-09-28 20:56:06.247 - INFO: Done processing query and sending result, total time was 588 ms
2026-09-28 20:56:06.265 - INFO: 
2026-09-28 20:56:06.265 - INFO: Request received via GET, no content type specified
2026-09-28 20:56:06.265 - INFO: Processing command "clear-cache": clear the cache (unpinned elements only)
2026-09-28 20:56:06.283 - INFO: 
2026-09-28 20:56:06.283 - INFO: Request received via POST, content type "application/x-www-form-urlencoded"
2026-09-28 20:56:06.284 - INFO: Processing the following SPARQL query:
# Tier H — size-sweep
# Goal: isolate export cost from query-planning cost. Raise the year bound
# across runs, for example 1970, 1990, 2010, and 2023.
PREFIX dblp: <https://dblp.org/rdf/schema#>

CONSTRUCT { ?s ?p ?o }
WHERE {
  ?s a dblp:Publication ;
     dblp:yearOfPublication ?year ;
     ?p ?o .
  FILTER(?year <= "1970"^^<http://www.w3.org/2001/XMLSchema#gYear>)
}

2026-09-28 20:56:06.284 - INFO: Requested media types of the result are: "text/turtle"
2026-09-28 20:56:06.285 - INFO: Query planning done in 1 ms
2026-09-28 20:56:06.304 - INFO: Result has unknown size (not computed yet)
2026-09-28 20:56:06.879 - INFO: Done processing query and sending result, total time was 595 ms
2026-09-28 20:56:06.898 - INFO: 
2026-09-28 20:56:06.898 - INFO: Request received via GET, no content type specified
2026-09-28 20:56:06.898 - INFO: Processing command "clear-cache": clear the cache (unpinned elements only)
2026-09-28 20:56:06.916 - INFO: 
2026-09-28 20:56:06.916 - INFO: Request received via POST, content type "application/x-www-form-urlencoded"
2026-09-28 20:56:06.916 - INFO: Processing the following SPARQL query:
# Tier H — size-sweep
# Goal: isolate export cost from query-planning cost. Raise the year bound
# across runs, for example 1970, 1990, 2010, and 2023.
PREFIX dblp: <https://dblp.org/rdf/schema#>

CONSTRUCT { ?s ?p ?o }
WHERE {
  ?s a dblp:Publication ;
     dblp:yearOfPublication ?year ;
     ?p ?o .
  FILTER(?year <= "1970"^^<http://www.w3.org/2001/XMLSchema#gYear>)
}

2026-09-28 20:56:06.916 - INFO: Requested media types of the result are: "text/turtle"
2026-09-28 20:56:06.917 - INFO: Query planning done in 1 ms
2026-09-28 20:56:06.938 - INFO: Result has unknown size (not computed yet)
2026-09-28 20:56:07.505 - INFO: Done processing query and sending result, total time was 589 ms
2026-09-28 20:56:07.524 - INFO: 
2026-09-28 20:56:07.524 - INFO: Request received via GET, no content type specified
2026-09-28 20:56:07.524 - INFO: Processing command "clear-cache": clear the cache (unpinned elements only)
2026-09-28 20:56:07.542 - INFO: 
2026-09-28 20:56:07.542 - INFO: Request received via POST, content type "application/x-www-form-urlencoded"
2026-09-28 20:56:07.542 - INFO: Processing the following SPARQL query:
# Tier H — size-sweep
# Goal: isolate export cost from query-planning cost. Raise the year bound
# across runs, for example 1970, 1990, 2010, and 2023.
PREFIX dblp: <https://dblp.org/rdf/schema#>

CONSTRUCT { ?s ?p ?o }
WHERE {
  ?s a dblp:Publication ;
     dblp:yearOfPublication ?year ;
     ?p ?o .
  FILTER(?year <= "1970"^^<http://www.w3.org/2001/XMLSchema#gYear>)
}

2026-09-28 20:56:07.542 - INFO: Requested media types of the result are: "text/turtle"
2026-09-28 20:56:07.543 - INFO: Query planning done in 1 ms
2026-09-28 20:56:07.563 - INFO: Result has unknown size (not computed yet)
2026-09-28 20:56:08.135 - INFO: Done processing query and sending result, total time was 593 ms
2026-09-28 20:56:08.154 - INFO: 
2026-09-28 20:56:08.154 - INFO: Request received via GET, no content type specified
2026-09-28 20:56:08.154 - INFO: Processing command "clear-cache": clear the cache (unpinned elements only)
2026-09-28 20:56:08.172 - INFO: 
2026-09-28 20:56:08.172 - INFO: Request received via POST, content type "application/x-www-form-urlencoded"
2026-09-28 20:56:08.173 - INFO: Processing the following SPARQL query:
# Tier H — size-sweep
# Goal: isolate export cost from query-planning cost. Raise the year bound
# across runs, for example 1970, 1990, 2010, and 2023.
PREFIX dblp: <https://dblp.org/rdf/schema#>

CONSTRUCT { ?s ?p ?o }
WHERE {
  ?s a dblp:Publication ;
     dblp:yearOfPublication ?year ;
     ?p ?o .
  FILTER(?year <= "1970"^^<http://www.w3.org/2001/XMLSchema#gYear>)
}

2026-09-28 20:56:08.173 - INFO: Requested media types of the result are: "text/turtle"
2026-09-28 20:56:08.174 - INFO: Query planning done in 1 ms
2026-09-28 20:56:08.192 - INFO: Result has unknown size (not computed yet)
2026-09-28 20:56:08.769 - INFO: Done processing query and sending result, total time was 596 ms
2026-09-28 20:56:08.788 - INFO: 
2026-09-28 20:56:08.788 - INFO: Request received via GET, no content type specified
2026-09-28 20:56:08.788 - INFO: Processing command "clear-cache": clear the cache (unpinned elements only)
2026-09-28 20:56:08.806 - INFO: 
2026-09-28 20:56:08.806 - INFO: Request received via POST, content type "application/x-www-form-urlencoded"
2026-09-28 20:56:08.806 - INFO: Processing the following SPARQL query:
# Tier H — size-sweep
# Goal: isolate export cost from query-planning cost. Raise the year bound
# across runs, for example 1970, 1990, 2010, and 2023.
PREFIX dblp: <https://dblp.org/rdf/schema#>

CONSTRUCT { ?s ?p ?o }
WHERE {
  ?s a dblp:Publication ;
     dblp:yearOfPublication ?year ;
     ?p ?o .
  FILTER(?year <= "1970"^^<http://www.w3.org/2001/XMLSchema#gYear>)
}

2026-09-28 20:56:08.806 - INFO: Requested media types of the result are: "text/turtle"
2026-09-28 20:56:08.807 - INFO: Query planning done in 1 ms
2026-09-28 20:56:08.825 - INFO: Result has unknown size (not computed yet)
2026-09-28 20:56:09.393 - INFO: Done processing query and sending result, total time was 586 ms
2026-09-28 20:56:09.411 - INFO: 
2026-09-28 20:56:09.411 - INFO: Request received via GET, no content type specified
2026-09-28 20:56:09.411 - INFO: Processing command "clear-cache": clear the cache (unpinned elements only)
2026-09-28 20:56:09.429 - INFO: 
2026-09-28 20:56:09.429 - INFO: Request received via POST, content type "application/x-www-form-urlencoded"
2026-09-28 20:56:09.430 - INFO: Processing the following SPARQL query:
# Tier H — size-sweep
# Goal: isolate export cost from query-planning cost. Raise the year bound
# across runs, for example 1970, 1990, 2010, and 2023.
PREFIX dblp: <https://dblp.org/rdf/schema#>

CONSTRUCT { ?s ?p ?o }
WHERE {
  ?s a dblp:Publication ;
     dblp:yearOfPublication ?year ;
     ?p ?o .
  FILTER(?year <= "1970"^^<http://www.w3.org/2001/XMLSchema#gYear>)
}

2026-09-28 20:56:09.430 - INFO: Requested media types of the result are: "text/turtle"
2026-09-28 20:56:09.431 - INFO: Query planning done in 1 ms
2026-09-28 20:56:09.453 - INFO: Result has unknown size (not computed yet)
2026-09-28 20:56:10.103 - INFO: Done processing query and sending result, total time was 673 ms
2026-09-28 20:56:10.121 - INFO: 
2026-09-28 20:56:10.122 - INFO: Request received via GET, no content type specified
2026-09-28 20:56:10.122 - INFO: Processing command "clear-cache": clear the cache (unpinned elements only)
2026-09-28 20:56:10.139 - INFO: 
2026-09-28 20:56:10.139 - INFO: Request received via POST, content type "application/x-www-form-urlencoded"
2026-09-28 20:56:10.140 - INFO: Processing the following SPARQL query:
# Tier H — size-sweep
# Goal: isolate export cost from query-planning cost. Raise the year bound
# across runs, for example 1970, 1990, 2010, and 2023.
PREFIX dblp: <https://dblp.org/rdf/schema#>

CONSTRUCT { ?s ?p ?o }
WHERE {
  ?s a dblp:Publication ;
     dblp:yearOfPublication ?year ;
     ?p ?o .
  FILTER(?year <= "1970"^^<http://www.w3.org/2001/XMLSchema#gYear>)
}

2026-09-28 20:56:10.140 - INFO: Requested media types of the result are: "text/turtle"
2026-09-28 20:56:10.141 - INFO: Query planning done in 1 ms
2026-09-28 20:56:10.164 - INFO: Result has unknown size (not computed yet)
2026-09-28 20:56:10.813 - INFO: Done processing query and sending result, total time was 673 ms
2026-09-28 20:56:10.832 - INFO: 
2026-09-28 20:56:10.832 - INFO: Request received via GET, no content type specified
2026-09-28 20:56:10.832 - INFO: Processing command "clear-cache": clear the cache (unpinned elements only)
2026-09-28 20:56:10.858 - INFO: 
2026-09-28 20:56:10.858 - INFO: Request received via POST, content type "application/x-www-form-urlencoded"
2026-09-28 20:56:10.858 - INFO: Processing the following SPARQL query:
# Tier H — size-sweep
# Goal: isolate export cost from query-planning cost. Raise the year bound
# across runs, for example 1970, 1990, 2010, and 2023.
PREFIX dblp: <https://dblp.org/rdf/schema#>

CONSTRUCT { ?s ?p ?o }
WHERE {
  ?s a dblp:Publication ;
     dblp:yearOfPublication ?year ;
     ?p ?o .
  FILTER(?year <= "1970"^^<http://www.w3.org/2001/XMLSchema#gYear>)
}

2026-09-28 20:56:10.858 - INFO: Requested media types of the result are: "text/turtle"
2026-09-28 20:56:10.859 - INFO: Query planning done in 1 ms
2026-09-28 20:56:10.883 - INFO: Result has unknown size (not computed yet)
2026-09-28 20:56:11.531 - INFO: Done processing query and sending result, total time was 673 ms
2026-09-28 20:57:25.477 - INFO: 
2026-09-28 20:57:25.477 - INFO: Request received via GET, no content type specified
2026-09-28 20:57:25.477 - INFO: Processing command "clear-cache": clear the cache (unpinned elements only)
2026-09-28 20:57:25.496 - INFO: 
2026-09-28 20:57:25.496 - INFO: Request received via POST, content type "application/x-www-form-urlencoded"
2026-09-28 20:57:25.496 - INFO: Processing the following SPARQL query:
# Tier H — size-sweep
# Goal: isolate export cost from query-planning cost. Raise the year bound
# across runs, for example 1970, 1990, 2010, and 2023.
PREFIX dblp: <https://dblp.org/rdf/schema#>

CONSTRUCT { ?s ?p ?o }
WHERE {
  ?s a dblp:Publication ;
     dblp:yearOfPublication ?year ;
     ?p ?o .
  FILTER(?year <= "1970"^^<http://www.w3.org/2001/XMLSchema#gYear>)
}

2026-09-28 20:57:25.496 - INFO: Requested media types of the result are: "text/turtle"
2026-09-28 20:57:25.497 - INFO: Query planning done in 1 ms
2026-09-28 20:57:25.520 - INFO: Result has unknown size (not computed yet)
2026-09-28 20:57:26.175 - INFO: Done processing query and sending result, total time was 679 ms
2026-09-28 20:57:26.194 - INFO: 
2026-09-28 20:57:26.194 - INFO: Request received via GET, no content type specified
2026-09-28 20:57:26.194 - INFO: Processing command "clear-cache": clear the cache (unpinned elements only)
2026-09-28 20:57:26.212 - INFO: 
2026-09-28 20:57:26.212 - INFO: Request received via POST, content type "application/x-www-form-urlencoded"
2026-09-28 20:57:26.213 - INFO: Processing the following SPARQL query:
# Tier H — size-sweep
# Goal: isolate export cost from query-planning cost. Raise the year bound
# across runs, for example 1970, 1990, 2010, and 2023.
PREFIX dblp: <https://dblp.org/rdf/schema#>

CONSTRUCT { ?s ?p ?o }
WHERE {
  ?s a dblp:Publication ;
     dblp:yearOfPublication ?year ;
     ?p ?o .
  FILTER(?year <= "1970"^^<http://www.w3.org/2001/XMLSchema#gYear>)
}

2026-09-28 20:57:26.213 - INFO: Requested media types of the result are: "text/turtle"
2026-09-28 20:57:26.214 - INFO: Query planning done in 1 ms
2026-09-28 20:57:26.238 - INFO: Result has unknown size (not computed yet)
2026-09-28 20:57:26.823 - INFO: Done processing query and sending result, total time was 610 ms
2026-09-28 20:57:26.842 - INFO: 
2026-09-28 20:57:26.842 - INFO: Request received via GET, no content type specified
2026-09-28 20:57:26.842 - INFO: Processing command "clear-cache": clear the cache (unpinned elements only)
2026-09-28 20:57:26.860 - INFO: 
2026-09-28 20:57:26.860 - INFO: Request received via POST, content type "application/x-www-form-urlencoded"
2026-09-28 20:57:26.860 - INFO: Processing the following SPARQL query:
# Tier H — size-sweep
# Goal: isolate export cost from query-planning cost. Raise the year bound
# across runs, for example 1970, 1990, 2010, and 2023.
PREFIX dblp: <https://dblp.org/rdf/schema#>

CONSTRUCT { ?s ?p ?o }
WHERE {
  ?s a dblp:Publication ;
     dblp:yearOfPublication ?year ;
     ?p ?o .
  FILTER(?year <= "1970"^^<http://www.w3.org/2001/XMLSchema#gYear>)
}

2026-09-28 20:57:26.860 - INFO: Requested media types of the result are: "text/turtle"
2026-09-28 20:57:26.861 - INFO: Query planning done in 1 ms
2026-09-28 20:57:26.884 - INFO: Result has unknown size (not computed yet)
2026-09-28 20:57:27.532 - INFO: Done processing query and sending result, total time was 672 ms
2026-09-28 20:57:27.551 - INFO: 
2026-09-28 20:57:27.551 - INFO: Request received via GET, no content type specified
2026-09-28 20:57:27.551 - INFO: Processing command "clear-cache": clear the cache (unpinned elements only)
2026-09-28 20:57:27.569 - INFO: 
2026-09-28 20:57:27.569 - INFO: Request received via POST, content type "application/x-www-form-urlencoded"
2026-09-28 20:57:27.569 - INFO: Processing the following SPARQL query:
# Tier H — size-sweep
# Goal: isolate export cost from query-planning cost. Raise the year bound
# across runs, for example 1970, 1990, 2010, and 2023.
PREFIX dblp: <https://dblp.org/rdf/schema#>

CONSTRUCT { ?s ?p ?o }
WHERE {
  ?s a dblp:Publication ;
     dblp:yearOfPublication ?year ;
     ?p ?o .
  FILTER(?year <= "1970"^^<http://www.w3.org/2001/XMLSchema#gYear>)
}

2026-09-28 20:57:27.569 - INFO: Requested media types of the result are: "text/turtle"
2026-09-28 20:57:27.570 - INFO: Query planning done in 1 ms
2026-09-28 20:57:27.594 - INFO: Result has unknown size (not computed yet)
2026-09-28 20:57:28.257 - INFO: Done processing query and sending result, total time was 687 ms
2026-09-28 20:57:28.276 - INFO: 
2026-09-28 20:57:28.276 - INFO: Request received via GET, no content type specified
2026-09-28 20:57:28.276 - INFO: Processing command "clear-cache": clear the cache (unpinned elements only)
2026-09-28 20:57:28.294 - INFO: 
2026-09-28 20:57:28.294 - INFO: Request received via POST, content type "application/x-www-form-urlencoded"
2026-09-28 20:57:28.294 - INFO: Processing the following SPARQL query:
# Tier H — size-sweep
# Goal: isolate export cost from query-planning cost. Raise the year bound
# across runs, for example 1970, 1990, 2010, and 2023.
PREFIX dblp: <https://dblp.org/rdf/schema#>

CONSTRUCT { ?s ?p ?o }
WHERE {
  ?s a dblp:Publication ;
     dblp:yearOfPublication ?year ;
     ?p ?o .
  FILTER(?year <= "1970"^^<http://www.w3.org/2001/XMLSchema#gYear>)
}

2026-09-28 20:57:28.294 - INFO: Requested media types of the result are: "text/turtle"
2026-09-28 20:57:28.295 - INFO: Query planning done in 1 ms
2026-09-28 20:57:28.317 - INFO: Result has unknown size (not computed yet)
2026-09-28 20:57:28.991 - INFO: Done processing query and sending result, total time was 696 ms
2026-09-28 20:57:29.009 - INFO: 
2026-09-28 20:57:29.009 - INFO: Request received via GET, no content type specified
2026-09-28 20:57:29.009 - INFO: Processing command "clear-cache": clear the cache (unpinned elements only)
2026-09-28 20:57:29.027 - INFO: 
2026-09-28 20:57:29.027 - INFO: Request received via POST, content type "application/x-www-form-urlencoded"
2026-09-28 20:57:29.028 - INFO: Processing the following SPARQL query:
# Tier H — size-sweep
# Goal: isolate export cost from query-planning cost. Raise the year bound
# across runs, for example 1970, 1990, 2010, and 2023.
PREFIX dblp: <https://dblp.org/rdf/schema#>

CONSTRUCT { ?s ?p ?o }
WHERE {
  ?s a dblp:Publication ;
     dblp:yearOfPublication ?year ;
     ?p ?o .
  FILTER(?year <= "1970"^^<http://www.w3.org/2001/XMLSchema#gYear>)
}

2026-09-28 20:57:29.028 - INFO: Requested media types of the result are: "text/turtle"
2026-09-28 20:57:29.029 - INFO: Query planning done in 1 ms
2026-09-28 20:57:29.052 - INFO: Result has unknown size (not computed yet)
2026-09-28 20:57:29.651 - INFO: Done processing query and sending result, total time was 624 ms
2026-09-28 20:57:29.671 - INFO: 
2026-09-28 20:57:29.671 - INFO: Request received via GET, no content type specified
2026-09-28 20:57:29.671 - INFO: Processing command "clear-cache": clear the cache (unpinned elements only)
2026-09-28 20:57:29.689 - INFO: 
2026-09-28 20:57:29.689 - INFO: Request received via POST, content type "application/x-www-form-urlencoded"
2026-09-28 20:57:29.690 - INFO: Processing the following SPARQL query:
# Tier H — size-sweep
# Goal: isolate export cost from query-planning cost. Raise the year bound
# across runs, for example 1970, 1990, 2010, and 2023.
PREFIX dblp: <https://dblp.org/rdf/schema#>

CONSTRUCT { ?s ?p ?o }
WHERE {
  ?s a dblp:Publication ;
     dblp:yearOfPublication ?year ;
     ?p ?o .
  FILTER(?year <= "1970"^^<http://www.w3.org/2001/XMLSchema#gYear>)
}

2026-09-28 20:57:29.690 - INFO: Requested media types of the result are: "text/turtle"
2026-09-28 20:57:29.691 - INFO: Query planning done in 1 ms
2026-09-28 20:57:29.711 - INFO: Result has unknown size (not computed yet)
2026-09-28 20:57:30.298 - INFO: Done processing query and sending result, total time was 608 ms
2026-09-28 20:57:30.317 - INFO: 
2026-09-28 20:57:30.317 - INFO: Request received via GET, no content type specified
2026-09-28 20:57:30.317 - INFO: Processing command "clear-cache": clear the cache (unpinned elements only)
2026-09-28 20:57:30.335 - INFO: 
2026-09-28 20:57:30.335 - INFO: Request received via POST, content type "application/x-www-form-urlencoded"
2026-09-28 20:57:30.335 - INFO: Processing the following SPARQL query:
# Tier H — size-sweep
# Goal: isolate export cost from query-planning cost. Raise the year bound
# across runs, for example 1970, 1990, 2010, and 2023.
PREFIX dblp: <https://dblp.org/rdf/schema#>

CONSTRUCT { ?s ?p ?o }
WHERE {
  ?s a dblp:Publication ;
     dblp:yearOfPublication ?year ;
     ?p ?o .
  FILTER(?year <= "1970"^^<http://www.w3.org/2001/XMLSchema#gYear>)
}

2026-09-28 20:57:30.335 - INFO: Requested media types of the result are: "text/turtle"
2026-09-28 20:57:30.336 - INFO: Query planning done in 1 ms
2026-09-28 20:57:30.355 - INFO: Result has unknown size (not computed yet)
2026-09-28 20:57:30.990 - INFO: Done processing query and sending result, total time was 654 ms
2026-09-28 20:57:31.009 - INFO: 
2026-09-28 20:57:31.009 - INFO: Request received via GET, no content type specified
2026-09-28 20:57:31.009 - INFO: Processing command "clear-cache": clear the cache (unpinned elements only)
2026-09-28 20:57:31.027 - INFO: 
2026-09-28 20:57:31.027 - INFO: Request received via POST, content type "application/x-www-form-urlencoded"
2026-09-28 20:57:31.027 - INFO: Processing the following SPARQL query:
# Tier H — size-sweep
# Goal: isolate export cost from query-planning cost. Raise the year bound
# across runs, for example 1970, 1990, 2010, and 2023.
PREFIX dblp: <https://dblp.org/rdf/schema#>

CONSTRUCT { ?s ?p ?o }
WHERE {
  ?s a dblp:Publication ;
     dblp:yearOfPublication ?year ;
     ?p ?o .
  FILTER(?year <= "1970"^^<http://www.w3.org/2001/XMLSchema#gYear>)
}

2026-09-28 20:57:31.027 - INFO: Requested media types of the result are: "text/turtle"
2026-09-28 20:57:31.028 - INFO: Query planning done in 1 ms
2026-09-28 20:57:31.049 - INFO: Result has unknown size (not computed yet)
2026-09-28 20:57:31.627 - INFO: Done processing query and sending result, total time was 599 ms
2026-09-28 20:57:31.645 - INFO: 
2026-09-28 20:57:31.645 - INFO: Request received via GET, no content type specified
2026-09-28 20:57:31.645 - INFO: Processing command "clear-cache": clear the cache (unpinned elements only)
2026-09-28 20:57:31.663 - INFO: 
2026-09-28 20:57:31.663 - INFO: Request received via POST, content type "application/x-www-form-urlencoded"
2026-09-28 20:57:31.664 - INFO: Processing the following SPARQL query:
# Tier H — size-sweep
# Goal: isolate export cost from query-planning cost. Raise the year bound
# across runs, for example 1970, 1990, 2010, and 2023.
PREFIX dblp: <https://dblp.org/rdf/schema#>

CONSTRUCT { ?s ?p ?o }
WHERE {
  ?s a dblp:Publication ;
     dblp:yearOfPublication ?year ;
     ?p ?o .
  FILTER(?year <= "1970"^^<http://www.w3.org/2001/XMLSchema#gYear>)
}

2026-09-28 20:57:31.664 - INFO: Requested media types of the result are: "text/turtle"
2026-09-28 20:57:31.665 - INFO: Query planning done in 1 ms
2026-09-28 20:57:31.688 - INFO: Result has unknown size (not computed yet)
2026-09-28 20:57:32.342 - INFO: Done processing query and sending result, total time was 678 ms
2026-09-28 20:57:32.360 - INFO: 
2026-09-28 20:57:32.360 - INFO: Request received via GET, no content type specified
2026-09-28 20:57:32.360 - INFO: Processing command "clear-cache": clear the cache (unpinned elements only)
2026-09-28 20:57:32.378 - INFO: 
2026-09-28 20:57:32.378 - INFO: Request received via POST, content type "application/x-www-form-urlencoded"
2026-09-28 20:57:32.379 - INFO: Processing the following SPARQL query:
# Tier H — size-sweep
# Goal: isolate export cost from query-planning cost. Raise the year bound
# across runs, for example 1970, 1990, 2010, and 2023.
PREFIX dblp: <https://dblp.org/rdf/schema#>

CONSTRUCT { ?s ?p ?o }
WHERE {
  ?s a dblp:Publication ;
     dblp:yearOfPublication ?year ;
     ?p ?o .
  FILTER(?year <= "1970"^^<http://www.w3.org/2001/XMLSchema#gYear>)
}

2026-09-28 20:57:32.379 - INFO: Requested media types of the result are: "text/turtle"
2026-09-28 20:57:32.380 - INFO: Query planning done in 1 ms
2026-09-28 20:57:32.403 - INFO: Result has unknown size (not computed yet)
2026-09-28 20:57:33.051 - INFO: Done processing query and sending result, total time was 672 ms
2026-09-28 20:57:33.070 - INFO: 
2026-09-28 20:57:33.070 - INFO: Request received via GET, no content type specified
2026-09-28 20:57:33.070 - INFO: Processing command "clear-cache": clear the cache (unpinned elements only)
2026-09-28 20:57:33.088 - INFO: 
2026-09-28 20:57:33.088 - INFO: Request received via POST, content type "application/x-www-form-urlencoded"
2026-09-28 20:57:33.088 - INFO: Processing the following SPARQL query:
# Tier H — size-sweep
# Goal: isolate export cost from query-planning cost. Raise the year bound
# across runs, for example 1970, 1990, 2010, and 2023.
PREFIX dblp: <https://dblp.org/rdf/schema#>

CONSTRUCT { ?s ?p ?o }
WHERE {
  ?s a dblp:Publication ;
     dblp:yearOfPublication ?year ;
     ?p ?o .
  FILTER(?year <= "1970"^^<http://www.w3.org/2001/XMLSchema#gYear>)
}

2026-09-28 20:57:33.088 - INFO: Requested media types of the result are: "text/turtle"
2026-09-28 20:57:33.089 - INFO: Query planning done in 1 ms
2026-09-28 20:57:33.112 - INFO: Result has unknown size (not computed yet)
2026-09-28 20:57:33.760 - INFO: Done processing query and sending result, total time was 672 ms
2026-09-28 20:57:33.779 - INFO: 
2026-09-28 20:57:33.779 - INFO: Request received via GET, no content type specified
2026-09-28 20:57:33.779 - INFO: Processing command "clear-cache": clear the cache (unpinned elements only)
2026-09-28 20:57:33.805 - INFO: 
2026-09-28 20:57:33.805 - INFO: Request received via POST, content type "application/x-www-form-urlencoded"
2026-09-28 20:57:33.805 - INFO: Processing the following SPARQL query:
# Tier H — size-sweep
# Goal: isolate export cost from query-planning cost. Raise the year bound
# across runs, for example 1970, 1990, 2010, and 2023.
PREFIX dblp: <https://dblp.org/rdf/schema#>

CONSTRUCT { ?s ?p ?o }
WHERE {
  ?s a dblp:Publication ;
     dblp:yearOfPublication ?year ;
     ?p ?o .
  FILTER(?year <= "1970"^^<http://www.w3.org/2001/XMLSchema#gYear>)
}

2026-09-28 20:57:33.805 - INFO: Requested media types of the result are: "text/turtle"
2026-09-28 20:57:33.806 - INFO: Query planning done in 1 ms
2026-09-28 20:57:33.829 - INFO: Result has unknown size (not computed yet)
2026-09-28 20:57:34.423 - INFO: Done processing query and sending result, total time was 618 ms
2026-09-28 20:57:34.747 - INFO: 
2026-09-28 20:57:34.747 - INFO: Request received via GET, no content type specified
2026-09-28 20:57:34.747 - INFO: Processing command "clear-cache": clear the cache (unpinned elements only)
2026-09-28 20:57:34.765 - INFO: 
2026-09-28 20:57:34.765 - INFO: Request received via POST, content type "application/x-www-form-urlencoded"
2026-09-28 20:57:34.766 - INFO: Processing the following SPARQL query:
# Tier H — size-sweep
# Goal: isolate export cost from query-planning cost. Raise the year bound
# across runs, for example 1970, 1990, 2010, and 2023.
PREFIX dblp: <https://dblp.org/rdf/schema#>

CONSTRUCT { ?s ?p ?o }
WHERE {
  ?s a dblp:Publication ;
     dblp:yearOfPublication ?year ;
     ?p ?o .
  FILTER(?year <= "1970"^^<http://www.w3.org/2001/XMLSchema#gYear>)
}

2026-09-28 20:57:34.766 - INFO: Requested media types of the result are: "text/turtle"
2026-09-28 20:57:34.767 - INFO: Query planning done in 1 ms
2026-09-28 20:57:34.790 - INFO: Result has unknown size (not computed yet)
2026-09-28 20:57:35.435 - INFO: Done processing query and sending result, total time was 669 ms
2026-09-28 20:57:35.454 - INFO: 
2026-09-28 20:57:35.454 - INFO: Request received via GET, no content type specified
2026-09-28 20:57:35.454 - INFO: Processing command "clear-cache": clear the cache (unpinned elements only)
2026-09-28 20:57:35.472 - INFO: 
2026-09-28 20:57:35.472 - INFO: Request received via POST, content type "application/x-www-form-urlencoded"
2026-09-28 20:57:35.472 - INFO: Processing the following SPARQL query:
# Tier H — size-sweep
# Goal: isolate export cost from query-planning cost. Raise the year bound
# across runs, for example 1970, 1990, 2010, and 2023.
PREFIX dblp: <https://dblp.org/rdf/schema#>

CONSTRUCT { ?s ?p ?o }
WHERE {
  ?s a dblp:Publication ;
     dblp:yearOfPublication ?year ;
     ?p ?o .
  FILTER(?year <= "1970"^^<http://www.w3.org/2001/XMLSchema#gYear>)
}

2026-09-28 20:57:35.472 - INFO: Requested media types of the result are: "text/turtle"
2026-09-28 20:57:35.473 - INFO: Query planning done in 1 ms
2026-09-28 20:57:35.496 - INFO: Result has unknown size (not computed yet)
2026-09-28 20:57:36.146 - INFO: Done processing query and sending result, total time was 674 ms
2026-09-28 20:57:36.165 - INFO: 
2026-09-28 20:57:36.165 - INFO: Request received via GET, no content type specified
2026-09-28 20:57:36.165 - INFO: Processing command "clear-cache": clear the cache (unpinned elements only)
2026-09-28 20:57:36.183 - INFO: 
2026-09-28 20:57:36.183 - INFO: Request received via POST, content type "application/x-www-form-urlencoded"
2026-09-28 20:57:36.183 - INFO: Processing the following SPARQL query:
# Tier H — size-sweep
# Goal: isolate export cost from query-planning cost. Raise the year bound
# across runs, for example 1970, 1990, 2010, and 2023.
PREFIX dblp: <https://dblp.org/rdf/schema#>

CONSTRUCT { ?s ?p ?o }
WHERE {
  ?s a dblp:Publication ;
     dblp:yearOfPublication ?year ;
     ?p ?o .
  FILTER(?year <= "1970"^^<http://www.w3.org/2001/XMLSchema#gYear>)
}

2026-09-28 20:57:36.183 - INFO: Requested media types of the result are: "text/turtle"
2026-09-28 20:57:36.184 - INFO: Query planning done in 1 ms
2026-09-28 20:57:36.207 - INFO: Result has unknown size (not computed yet)
2026-09-28 20:57:36.794 - INFO: Done processing query and sending result, total time was 611 ms
2026-09-28 20:57:36.813 - INFO: 
2026-09-28 20:57:36.813 - INFO: Request received via GET, no content type specified
2026-09-28 20:57:36.813 - INFO: Processing command "clear-cache": clear the cache (unpinned elements only)
2026-09-28 20:57:36.831 - INFO: 
2026-09-28 20:57:36.831 - INFO: Request received via POST, content type "application/x-www-form-urlencoded"
2026-09-28 20:57:36.831 - INFO: Processing the following SPARQL query:
# Tier H — size-sweep
# Goal: isolate export cost from query-planning cost. Raise the year bound
# across runs, for example 1970, 1990, 2010, and 2023.
PREFIX dblp: <https://dblp.org/rdf/schema#>

CONSTRUCT { ?s ?p ?o }
WHERE {
  ?s a dblp:Publication ;
     dblp:yearOfPublication ?year ;
     ?p ?o .
  FILTER(?year <= "1970"^^<http://www.w3.org/2001/XMLSchema#gYear>)
}

2026-09-28 20:57:36.831 - INFO: Requested media types of the result are: "text/turtle"
2026-09-28 20:57:36.832 - INFO: Query planning done in 1 ms
2026-09-28 20:57:36.855 - INFO: Result has unknown size (not computed yet)
2026-09-28 20:57:37.479 - INFO: Done processing query and sending result, total time was 648 ms
2026-09-28 20:57:37.499 - INFO: 
2026-09-28 20:57:37.499 - INFO: Request received via GET, no content type specified
2026-09-28 20:57:37.499 - INFO: Processing command "clear-cache": clear the cache (unpinned elements only)
2026-09-28 20:57:37.517 - INFO: 
2026-09-28 20:57:37.517 - INFO: Request received via POST, content type "application/x-www-form-urlencoded"
2026-09-28 20:57:37.517 - INFO: Processing the following SPARQL query:
# Tier H — size-sweep
# Goal: isolate export cost from query-planning cost. Raise the year bound
# across runs, for example 1970, 1990, 2010, and 2023.
PREFIX dblp: <https://dblp.org/rdf/schema#>

CONSTRUCT { ?s ?p ?o }
WHERE {
  ?s a dblp:Publication ;
     dblp:yearOfPublication ?year ;
     ?p ?o .
  FILTER(?year <= "1970"^^<http://www.w3.org/2001/XMLSchema#gYear>)
}

2026-09-28 20:57:37.517 - INFO: Requested media types of the result are: "text/turtle"
2026-09-28 20:57:37.518 - INFO: Query planning done in 1 ms
2026-09-28 20:57:37.540 - INFO: Result has unknown size (not computed yet)
2026-09-28 20:57:38.186 - INFO: Done processing query and sending result, total time was 669 ms
2026-09-28 20:57:38.205 - INFO: 
2026-09-28 20:57:38.205 - INFO: Request received via GET, no content type specified
2026-09-28 20:57:38.205 - INFO: Processing command "clear-cache": clear the cache (unpinned elements only)
2026-09-28 20:57:38.223 - INFO: 
2026-09-28 20:57:38.223 - INFO: Request received via POST, content type "application/x-www-form-urlencoded"
2026-09-28 20:57:38.223 - INFO: Processing the following SPARQL query:
# Tier H — size-sweep
# Goal: isolate export cost from query-planning cost. Raise the year bound
# across runs, for example 1970, 1990, 2010, and 2023.
PREFIX dblp: <https://dblp.org/rdf/schema#>

CONSTRUCT { ?s ?p ?o }
WHERE {
  ?s a dblp:Publication ;
     dblp:yearOfPublication ?year ;
     ?p ?o .
  FILTER(?year <= "1970"^^<http://www.w3.org/2001/XMLSchema#gYear>)
}

2026-09-28 20:57:38.223 - INFO: Requested media types of the result are: "text/turtle"
2026-09-28 20:57:38.224 - INFO: Query planning done in 1 ms
2026-09-28 20:57:38.247 - INFO: Result has unknown size (not computed yet)
2026-09-28 20:57:38.892 - INFO: Done processing query and sending result, total time was 668 ms
2026-09-28 20:57:38.911 - INFO: 
2026-09-28 20:57:38.911 - INFO: Request received via GET, no content type specified
2026-09-28 20:57:38.911 - INFO: Processing command "clear-cache": clear the cache (unpinned elements only)
2026-09-28 20:57:38.929 - INFO: 
2026-09-28 20:57:38.929 - INFO: Request received via POST, content type "application/x-www-form-urlencoded"
2026-09-28 20:57:38.929 - INFO: Processing the following SPARQL query:
# Tier H — size-sweep
# Goal: isolate export cost from query-planning cost. Raise the year bound
# across runs, for example 1970, 1990, 2010, and 2023.
PREFIX dblp: <https://dblp.org/rdf/schema#>

CONSTRUCT { ?s ?p ?o }
WHERE {
  ?s a dblp:Publication ;
     dblp:yearOfPublication ?year ;
     ?p ?o .
  FILTER(?year <= "1970"^^<http://www.w3.org/2001/XMLSchema#gYear>)
}

2026-09-28 20:57:38.929 - INFO: Requested media types of the result are: "text/turtle"
2026-09-28 20:57:38.930 - INFO: Query planning done in 1 ms
2026-09-28 20:57:38.953 - INFO: Result has unknown size (not computed yet)
2026-09-28 20:57:39.528 - INFO: Done processing query and sending result, total time was 599 ms
2026-09-28 20:57:39.547 - INFO: 
2026-09-28 20:57:39.547 - INFO: Request received via GET, no content type specified
2026-09-28 20:57:39.547 - INFO: Processing command "clear-cache": clear the cache (unpinned elements only)
2026-09-28 20:57:39.565 - INFO: 
2026-09-28 20:57:39.565 - INFO: Request received via POST, content type "application/x-www-form-urlencoded"
2026-09-28 20:57:39.565 - INFO: Processing the following SPARQL query:
# Tier H — size-sweep
# Goal: isolate export cost from query-planning cost. Raise the year bound
# across runs, for example 1970, 1990, 2010, and 2023.
PREFIX dblp: <https://dblp.org/rdf/schema#>

CONSTRUCT { ?s ?p ?o }
WHERE {
  ?s a dblp:Publication ;
     dblp:yearOfPublication ?year ;
     ?p ?o .
  FILTER(?year <= "1970"^^<http://www.w3.org/2001/XMLSchema#gYear>)
}

2026-09-28 20:57:39.565 - INFO: Requested media types of the result are: "text/turtle"
2026-09-28 20:57:39.566 - INFO: Query planning done in 1 ms
2026-09-28 20:57:39.590 - INFO: Result has unknown size (not computed yet)
2026-09-28 20:57:40.146 - INFO: Done processing query and sending result, total time was 580 ms
2026-09-28 20:57:40.165 - INFO: 
2026-09-28 20:57:40.165 - INFO: Request received via GET, no content type specified
2026-09-28 20:57:40.165 - INFO: Processing command "clear-cache": clear the cache (unpinned elements only)
2026-09-28 20:57:40.183 - INFO: 
2026-09-28 20:57:40.183 - INFO: Request received via POST, content type "application/x-www-form-urlencoded"
2026-09-28 20:57:40.183 - INFO: Processing the following SPARQL query:
# Tier H — size-sweep
# Goal: isolate export cost from query-planning cost. Raise the year bound
# across runs, for example 1970, 1990, 2010, and 2023.
PREFIX dblp: <https://dblp.org/rdf/schema#>

CONSTRUCT { ?s ?p ?o }
WHERE {
  ?s a dblp:Publication ;
     dblp:yearOfPublication ?year ;
     ?p ?o .
  FILTER(?year <= "1970"^^<http://www.w3.org/2001/XMLSchema#gYear>)
}

2026-09-28 20:57:40.183 - INFO: Requested media types of the result are: "text/turtle"
2026-09-28 20:57:40.184 - INFO: Query planning done in 1 ms
2026-09-28 20:57:40.206 - INFO: Result has unknown size (not computed yet)
2026-09-28 20:57:40.764 - INFO: Done processing query and sending result, total time was 581 ms
2026-09-28 20:57:40.783 - INFO: 
2026-09-28 20:57:40.783 - INFO: Request received via GET, no content type specified
2026-09-28 20:57:40.783 - INFO: Processing command "clear-cache": clear the cache (unpinned elements only)
2026-09-28 20:57:40.801 - INFO: 
2026-09-28 20:57:40.801 - INFO: Request received via POST, content type "application/x-www-form-urlencoded"
2026-09-28 20:57:40.801 - INFO: Processing the following SPARQL query:
# Tier H — size-sweep
# Goal: isolate export cost from query-planning cost. Raise the year bound
# across runs, for example 1970, 1990, 2010, and 2023.
PREFIX dblp: <https://dblp.org/rdf/schema#>

CONSTRUCT { ?s ?p ?o }
WHERE {
  ?s a dblp:Publication ;
     dblp:yearOfPublication ?year ;
     ?p ?o .
  FILTER(?year <= "1970"^^<http://www.w3.org/2001/XMLSchema#gYear>)
}

2026-09-28 20:57:40.801 - INFO: Requested media types of the result are: "text/turtle"
2026-09-28 20:57:40.802 - INFO: Query planning done in 1 ms
2026-09-28 20:57:40.824 - INFO: Result has unknown size (not computed yet)
2026-09-28 20:57:41.390 - INFO: Done processing query and sending result, total time was 589 ms
2026-09-28 20:57:41.409 - INFO: 
2026-09-28 20:57:41.409 - INFO: Request received via GET, no content type specified
2026-09-28 20:57:41.409 - INFO: Processing command "clear-cache": clear the cache (unpinned elements only)
2026-09-28 20:57:41.427 - INFO: 
2026-09-28 20:57:41.427 - INFO: Request received via POST, content type "application/x-www-form-urlencoded"
2026-09-28 20:57:41.427 - INFO: Processing the following SPARQL query:
# Tier H — size-sweep
# Goal: isolate export cost from query-planning cost. Raise the year bound
# across runs, for example 1970, 1990, 2010, and 2023.
PREFIX dblp: <https://dblp.org/rdf/schema#>

CONSTRUCT { ?s ?p ?o }
WHERE {
  ?s a dblp:Publication ;
     dblp:yearOfPublication ?year ;
     ?p ?o .
  FILTER(?year <= "1970"^^<http://www.w3.org/2001/XMLSchema#gYear>)
}

2026-09-28 20:57:41.427 - INFO: Requested media types of the result are: "text/turtle"
2026-09-28 20:57:41.428 - INFO: Query planning done in 1 ms
2026-09-28 20:57:41.452 - INFO: Result has unknown size (not computed yet)
2026-09-28 20:57:42.100 - INFO: Done processing query and sending result, total time was 672 ms
2026-09-28 20:57:42.118 - INFO: 
2026-09-28 20:57:42.118 - INFO: Request received via GET, no content type specified
2026-09-28 20:57:42.118 - INFO: Processing command "clear-cache": clear the cache (unpinned elements only)
2026-09-28 20:57:42.136 - INFO: 
2026-09-28 20:57:42.136 - INFO: Request received via POST, content type "application/x-www-form-urlencoded"
2026-09-28 20:57:42.137 - INFO: Processing the following SPARQL query:
# Tier H — size-sweep
# Goal: isolate export cost from query-planning cost. Raise the year bound
# across runs, for example 1970, 1990, 2010, and 2023.
PREFIX dblp: <https://dblp.org/rdf/schema#>

CONSTRUCT { ?s ?p ?o }
WHERE {
  ?s a dblp:Publication ;
     dblp:yearOfPublication ?year ;
     ?p ?o .
  FILTER(?year <= "1970"^^<http://www.w3.org/2001/XMLSchema#gYear>)
}

2026-09-28 20:57:42.137 - INFO: Requested media types of the result are: "text/turtle"
2026-09-28 20:57:42.138 - INFO: Query planning done in 1 ms
2026-09-28 20:57:42.161 - INFO: Result has unknown size (not computed yet)
2026-09-28 20:57:42.812 - INFO: Done processing query and sending result, total time was 675 ms
2026-09-28 20:57:42.830 - INFO: 
2026-09-28 20:57:42.830 - INFO: Request received via GET, no content type specified
2026-09-28 20:57:42.830 - INFO: Processing command "clear-cache": clear the cache (unpinned elements only)
2026-09-28 20:57:42.856 - INFO: 
2026-09-28 20:57:42.856 - INFO: Request received via POST, content type "application/x-www-form-urlencoded"
2026-09-28 20:57:42.856 - INFO: Processing the following SPARQL query:
# Tier H — size-sweep
# Goal: isolate export cost from query-planning cost. Raise the year bound
# across runs, for example 1970, 1990, 2010, and 2023.
PREFIX dblp: <https://dblp.org/rdf/schema#>

CONSTRUCT { ?s ?p ?o }
WHERE {
  ?s a dblp:Publication ;
     dblp:yearOfPublication ?year ;
     ?p ?o .
  FILTER(?year <= "1970"^^<http://www.w3.org/2001/XMLSchema#gYear>)
}

2026-09-28 20:57:42.856 - INFO: Requested media types of the result are: "text/turtle"
2026-09-28 20:57:42.857 - INFO: Query planning done in 1 ms
2026-09-28 20:57:42.882 - INFO: Result has unknown size (not computed yet)
2026-09-28 20:57:43.480 - INFO: Done processing query and sending result, total time was 624 ms
2026-09-28 20:58:55.581 - INFO: 
2026-09-28 20:58:55.581 - INFO: Request received via GET, no content type specified
2026-09-28 20:58:55.581 - INFO: Processing command "clear-cache": clear the cache (unpinned elements only)
2026-09-28 20:58:55.599 - INFO: 
2026-09-28 20:58:55.599 - INFO: Request received via POST, content type "application/x-www-form-urlencoded"
2026-09-28 20:58:55.599 - INFO: Processing the following SPARQL query:
# Tier H — size-sweep
# Goal: isolate export cost from query-planning cost. Raise the year bound
# across runs, for example 1970, 1990, 2010, and 2023.
PREFIX dblp: <https://dblp.org/rdf/schema#>

CONSTRUCT { ?s ?p ?o }
WHERE {
  ?s a dblp:Publication ;
     dblp:yearOfPublication ?year ;
     ?p ?o .
  FILTER(?year <= "1970"^^<http://www.w3.org/2001/XMLSchema#gYear>)
}

2026-09-28 20:58:55.599 - INFO: Requested media types of the result are: "text/turtle"
2026-09-28 20:58:55.600 - INFO: Query planning done in 1 ms
2026-09-28 20:58:55.623 - INFO: Result has unknown size (not computed yet)
2026-09-28 20:58:56.281 - INFO: Done processing query and sending result, total time was 681 ms
2026-09-28 20:58:56.299 - INFO: 
2026-09-28 20:58:56.299 - INFO: Request received via GET, no content type specified
2026-09-28 20:58:56.299 - INFO: Processing command "clear-cache": clear the cache (unpinned elements only)
2026-09-28 20:58:56.318 - INFO: 
2026-09-28 20:58:56.318 - INFO: Request received via POST, content type "application/x-www-form-urlencoded"
2026-09-28 20:58:56.318 - INFO: Processing the following SPARQL query:
# Tier H — size-sweep
# Goal: isolate export cost from query-planning cost. Raise the year bound
# across runs, for example 1970, 1990, 2010, and 2023.
PREFIX dblp: <https://dblp.org/rdf/schema#>

CONSTRUCT { ?s ?p ?o }
WHERE {
  ?s a dblp:Publication ;
     dblp:yearOfPublication ?year ;
     ?p ?o .
  FILTER(?year <= "1970"^^<http://www.w3.org/2001/XMLSchema#gYear>)
}

2026-09-28 20:58:56.318 - INFO: Requested media types of the result are: "text/turtle"
2026-09-28 20:58:56.319 - INFO: Query planning done in 1 ms
2026-09-28 20:58:56.342 - INFO: Result has unknown size (not computed yet)
2026-09-28 20:58:56.994 - INFO: Done processing query and sending result, total time was 676 ms
2026-09-28 20:58:57.013 - INFO: 
2026-09-28 20:58:57.013 - INFO: Request received via GET, no content type specified
2026-09-28 20:58:57.013 - INFO: Processing command "clear-cache": clear the cache (unpinned elements only)
2026-09-28 20:58:57.031 - INFO: 
2026-09-28 20:58:57.031 - INFO: Request received via POST, content type "application/x-www-form-urlencoded"
2026-09-28 20:58:57.032 - INFO: Processing the following SPARQL query:
# Tier H — size-sweep
# Goal: isolate export cost from query-planning cost. Raise the year bound
# across runs, for example 1970, 1990, 2010, and 2023.
PREFIX dblp: <https://dblp.org/rdf/schema#>

CONSTRUCT { ?s ?p ?o }
WHERE {
  ?s a dblp:Publication ;
     dblp:yearOfPublication ?year ;
     ?p ?o .
  FILTER(?year <= "1970"^^<http://www.w3.org/2001/XMLSchema#gYear>)
}

2026-09-28 20:58:57.032 - INFO: Requested media types of the result are: "text/turtle"
2026-09-28 20:58:57.033 - INFO: Query planning done in 1 ms
2026-09-28 20:58:57.057 - INFO: Result has unknown size (not computed yet)
2026-09-28 20:58:57.706 - INFO: Done processing query and sending result, total time was 674 ms
2026-09-28 20:58:57.725 - INFO: 
2026-09-28 20:58:57.725 - INFO: Request received via GET, no content type specified
2026-09-28 20:58:57.725 - INFO: Processing command "clear-cache": clear the cache (unpinned elements only)
2026-09-28 20:58:57.743 - INFO: 
2026-09-28 20:58:57.743 - INFO: Request received via POST, content type "application/x-www-form-urlencoded"
2026-09-28 20:58:57.743 - INFO: Processing the following SPARQL query:
# Tier H — size-sweep
# Goal: isolate export cost from query-planning cost. Raise the year bound
# across runs, for example 1970, 1990, 2010, and 2023.
PREFIX dblp: <https://dblp.org/rdf/schema#>

CONSTRUCT { ?s ?p ?o }
WHERE {
  ?s a dblp:Publication ;
     dblp:yearOfPublication ?year ;
     ?p ?o .
  FILTER(?year <= "1970"^^<http://www.w3.org/2001/XMLSchema#gYear>)
}

2026-09-28 20:58:57.743 - INFO: Requested media types of the result are: "text/turtle"
2026-09-28 20:58:57.744 - INFO: Query planning done in 1 ms
2026-09-28 20:58:57.763 - INFO: Result has unknown size (not computed yet)
2026-09-28 20:58:58.344 - INFO: Done processing query and sending result, total time was 601 ms
2026-09-28 20:58:58.363 - INFO: 
2026-09-28 20:58:58.363 - INFO: Request received via GET, no content type specified
2026-09-28 20:58:58.363 - INFO: Processing command "clear-cache": clear the cache (unpinned elements only)
2026-09-28 20:58:58.381 - INFO: 
2026-09-28 20:58:58.381 - INFO: Request received via POST, content type "application/x-www-form-urlencoded"
2026-09-28 20:58:58.381 - INFO: Processing the following SPARQL query:
# Tier H — size-sweep
# Goal: isolate export cost from query-planning cost. Raise the year bound
# across runs, for example 1970, 1990, 2010, and 2023.
PREFIX dblp: <https://dblp.org/rdf/schema#>

CONSTRUCT { ?s ?p ?o }
WHERE {
  ?s a dblp:Publication ;
     dblp:yearOfPublication ?year ;
     ?p ?o .
  FILTER(?year <= "1970"^^<http://www.w3.org/2001/XMLSchema#gYear>)
}

2026-09-28 20:58:58.381 - INFO: Requested media types of the result are: "text/turtle"
2026-09-28 20:58:58.382 - INFO: Query planning done in 1 ms
2026-09-28 20:58:58.401 - INFO: Result has unknown size (not computed yet)
2026-09-28 20:58:58.970 - INFO: Done processing query and sending result, total time was 589 ms
2026-09-28 20:58:58.989 - INFO: 
2026-09-28 20:58:58.989 - INFO: Request received via GET, no content type specified
2026-09-28 20:58:58.989 - INFO: Processing command "clear-cache": clear the cache (unpinned elements only)
2026-09-28 20:58:59.007 - INFO: 
2026-09-28 20:58:59.007 - INFO: Request received via POST, content type "application/x-www-form-urlencoded"
2026-09-28 20:58:59.007 - INFO: Processing the following SPARQL query:
# Tier H — size-sweep
# Goal: isolate export cost from query-planning cost. Raise the year bound
# across runs, for example 1970, 1990, 2010, and 2023.
PREFIX dblp: <https://dblp.org/rdf/schema#>

CONSTRUCT { ?s ?p ?o }
WHERE {
  ?s a dblp:Publication ;
     dblp:yearOfPublication ?year ;
     ?p ?o .
  FILTER(?year <= "1970"^^<http://www.w3.org/2001/XMLSchema#gYear>)
}

2026-09-28 20:58:59.007 - INFO: Requested media types of the result are: "text/turtle"
2026-09-28 20:58:59.008 - INFO: Query planning done in 1 ms
2026-09-28 20:58:59.031 - INFO: Result has unknown size (not computed yet)
2026-09-28 20:58:59.671 - INFO: Done processing query and sending result, total time was 664 ms
2026-09-28 20:58:59.690 - INFO: 
2026-09-28 20:58:59.690 - INFO: Request received via GET, no content type specified
2026-09-28 20:58:59.690 - INFO: Processing command "clear-cache": clear the cache (unpinned elements only)
2026-09-28 20:58:59.708 - INFO: 
2026-09-28 20:58:59.708 - INFO: Request received via POST, content type "application/x-www-form-urlencoded"
2026-09-28 20:58:59.708 - INFO: Processing the following SPARQL query:
# Tier H — size-sweep
# Goal: isolate export cost from query-planning cost. Raise the year bound
# across runs, for example 1970, 1990, 2010, and 2023.
PREFIX dblp: <https://dblp.org/rdf/schema#>

CONSTRUCT { ?s ?p ?o }
WHERE {
  ?s a dblp:Publication ;
     dblp:yearOfPublication ?year ;
     ?p ?o .
  FILTER(?year <= "1970"^^<http://www.w3.org/2001/XMLSchema#gYear>)
}

2026-09-28 20:58:59.708 - INFO: Requested media types of the result are: "text/turtle"
2026-09-28 20:58:59.709 - INFO: Query planning done in 1 ms
2026-09-28 20:58:59.734 - INFO: Result has unknown size (not computed yet)
2026-09-28 20:59:00.377 - INFO: Done processing query and sending result, total time was 668 ms
2026-09-28 20:59:00.395 - INFO: 
2026-09-28 20:59:00.395 - INFO: Request received via GET, no content type specified
2026-09-28 20:59:00.395 - INFO: Processing command "clear-cache": clear the cache (unpinned elements only)
2026-09-28 20:59:00.413 - INFO: 
2026-09-28 20:59:00.413 - INFO: Request received via POST, content type "application/x-www-form-urlencoded"
2026-09-28 20:59:00.414 - INFO: Processing the following SPARQL query:
# Tier H — size-sweep
# Goal: isolate export cost from query-planning cost. Raise the year bound
# across runs, for example 1970, 1990, 2010, and 2023.
PREFIX dblp: <https://dblp.org/rdf/schema#>

CONSTRUCT { ?s ?p ?o }
WHERE {
  ?s a dblp:Publication ;
     dblp:yearOfPublication ?year ;
     ?p ?o .
  FILTER(?year <= "1970"^^<http://www.w3.org/2001/XMLSchema#gYear>)
}

2026-09-28 20:59:00.414 - INFO: Requested media types of the result are: "text/turtle"
2026-09-28 20:59:00.415 - INFO: Query planning done in 1 ms
2026-09-28 20:59:00.438 - INFO: Result has unknown size (not computed yet)
2026-09-28 20:59:01.081 - INFO: Done processing query and sending result, total time was 667 ms
2026-09-28 20:59:01.100 - INFO: 
2026-09-28 20:59:01.100 - INFO: Request received via GET, no content type specified
2026-09-28 20:59:01.100 - INFO: Processing command "clear-cache": clear the cache (unpinned elements only)
2026-09-28 20:59:01.117 - INFO: 
2026-09-28 20:59:01.117 - INFO: Request received via POST, content type "application/x-www-form-urlencoded"
2026-09-28 20:59:01.118 - INFO: Processing the following SPARQL query:
# Tier H — size-sweep
# Goal: isolate export cost from query-planning cost. Raise the year bound
# across runs, for example 1970, 1990, 2010, and 2023.
PREFIX dblp: <https://dblp.org/rdf/schema#>

CONSTRUCT { ?s ?p ?o }
WHERE {
  ?s a dblp:Publication ;
     dblp:yearOfPublication ?year ;
     ?p ?o .
  FILTER(?year <= "1970"^^<http://www.w3.org/2001/XMLSchema#gYear>)
}

2026-09-28 20:59:01.118 - INFO: Requested media types of the result are: "text/turtle"
2026-09-28 20:59:01.119 - INFO: Query planning done in 1 ms
2026-09-28 20:59:01.142 - INFO: Result has unknown size (not computed yet)
2026-09-28 20:59:01.748 - INFO: Done processing query and sending result, total time was 631 ms
2026-09-28 20:59:01.767 - INFO: 
2026-09-28 20:59:01.767 - INFO: Request received via GET, no content type specified
2026-09-28 20:59:01.767 - INFO: Processing command "clear-cache": clear the cache (unpinned elements only)
2026-09-28 20:59:01.785 - INFO: 
2026-09-28 20:59:01.785 - INFO: Request received via POST, content type "application/x-www-form-urlencoded"
2026-09-28 20:59:01.786 - INFO: Processing the following SPARQL query:
# Tier H — size-sweep
# Goal: isolate export cost from query-planning cost. Raise the year bound
# across runs, for example 1970, 1990, 2010, and 2023.
PREFIX dblp: <https://dblp.org/rdf/schema#>

CONSTRUCT { ?s ?p ?o }
WHERE {
  ?s a dblp:Publication ;
     dblp:yearOfPublication ?year ;
     ?p ?o .
  FILTER(?year <= "1970"^^<http://www.w3.org/2001/XMLSchema#gYear>)
}

2026-09-28 20:59:01.786 - INFO: Requested media types of the result are: "text/turtle"
2026-09-28 20:59:01.786 - INFO: Query planning done in 1 ms
2026-09-28 20:59:01.810 - INFO: Result has unknown size (not computed yet)
2026-09-28 20:59:02.362 - INFO: Done processing query and sending result, total time was 577 ms
2026-09-28 20:59:02.381 - INFO: 
2026-09-28 20:59:02.381 - INFO: Request received via GET, no content type specified
2026-09-28 20:59:02.381 - INFO: Processing command "clear-cache": clear the cache (unpinned elements only)
2026-09-28 20:59:02.399 - INFO: 
2026-09-28 20:59:02.399 - INFO: Request received via POST, content type "application/x-www-form-urlencoded"
2026-09-28 20:59:02.399 - INFO: Processing the following SPARQL query:
# Tier H — size-sweep
# Goal: isolate export cost from query-planning cost. Raise the year bound
# across runs, for example 1970, 1990, 2010, and 2023.
PREFIX dblp: <https://dblp.org/rdf/schema#>

CONSTRUCT { ?s ?p ?o }
WHERE {
  ?s a dblp:Publication ;
     dblp:yearOfPublication ?year ;
     ?p ?o .
  FILTER(?year <= "1970"^^<http://www.w3.org/2001/XMLSchema#gYear>)
}

2026-09-28 20:59:02.399 - INFO: Requested media types of the result are: "text/turtle"
2026-09-28 20:59:02.400 - INFO: Query planning done in 1 ms
2026-09-28 20:59:02.425 - INFO: Result has unknown size (not computed yet)
2026-09-28 20:59:02.990 - INFO: Done processing query and sending result, total time was 591 ms
2026-09-28 20:59:03.009 - INFO: 
2026-09-28 20:59:03.009 - INFO: Request received via GET, no content type specified
2026-09-28 20:59:03.009 - INFO: Processing command "clear-cache": clear the cache (unpinned elements only)
2026-09-28 20:59:03.027 - INFO: 
2026-09-28 20:59:03.027 - INFO: Request received via POST, content type "application/x-www-form-urlencoded"
2026-09-28 20:59:03.027 - INFO: Processing the following SPARQL query:
# Tier H — size-sweep
# Goal: isolate export cost from query-planning cost. Raise the year bound
# across runs, for example 1970, 1990, 2010, and 2023.
PREFIX dblp: <https://dblp.org/rdf/schema#>

CONSTRUCT { ?s ?p ?o }
WHERE {
  ?s a dblp:Publication ;
     dblp:yearOfPublication ?year ;
     ?p ?o .
  FILTER(?year <= "1970"^^<http://www.w3.org/2001/XMLSchema#gYear>)
}

2026-09-28 20:59:03.027 - INFO: Requested media types of the result are: "text/turtle"
2026-09-28 20:59:03.028 - INFO: Query planning done in 1 ms
2026-09-28 20:59:03.052 - INFO: Result has unknown size (not computed yet)
2026-09-28 20:59:03.700 - INFO: Done processing query and sending result, total time was 673 ms
2026-09-28 20:59:03.719 - INFO: 
2026-09-28 20:59:03.719 - INFO: Request received via GET, no content type specified
2026-09-28 20:59:03.719 - INFO: Processing command "clear-cache": clear the cache (unpinned elements only)
2026-09-28 20:59:03.745 - INFO: 
2026-09-28 20:59:03.745 - INFO: Request received via POST, content type "application/x-www-form-urlencoded"
2026-09-28 20:59:03.745 - INFO: Processing the following SPARQL query:
# Tier H — size-sweep
# Goal: isolate export cost from query-planning cost. Raise the year bound
# across runs, for example 1970, 1990, 2010, and 2023.
PREFIX dblp: <https://dblp.org/rdf/schema#>

CONSTRUCT { ?s ?p ?o }
WHERE {
  ?s a dblp:Publication ;
     dblp:yearOfPublication ?year ;
     ?p ?o .
  FILTER(?year <= "1970"^^<http://www.w3.org/2001/XMLSchema#gYear>)
}

2026-09-28 20:59:03.745 - INFO: Requested media types of the result are: "text/turtle"
2026-09-28 20:59:03.746 - INFO: Query planning done in 1 ms
2026-09-28 20:59:03.769 - INFO: Result has unknown size (not computed yet)
2026-09-28 20:59:04.408 - INFO: Done processing query and sending result, total time was 662 ms
2026-09-28 20:59:04.731 - INFO: 
2026-09-28 20:59:04.731 - INFO: Request received via GET, no content type specified
2026-09-28 20:59:04.731 - INFO: Processing command "clear-cache": clear the cache (unpinned elements only)
2026-09-28 20:59:04.750 - INFO: 
2026-09-28 20:59:04.750 - INFO: Request received via POST, content type "application/x-www-form-urlencoded"
2026-09-28 20:59:04.750 - INFO: Processing the following SPARQL query:
# Tier H — size-sweep
# Goal: isolate export cost from query-planning cost. Raise the year bound
# across runs, for example 1970, 1990, 2010, and 2023.
PREFIX dblp: <https://dblp.org/rdf/schema#>

CONSTRUCT { ?s ?p ?o }
WHERE {
  ?s a dblp:Publication ;
     dblp:yearOfPublication ?year ;
     ?p ?o .
  FILTER(?year <= "1970"^^<http://www.w3.org/2001/XMLSchema#gYear>)
}

2026-09-28 20:59:04.750 - INFO: Requested media types of the result are: "text/turtle"
2026-09-28 20:59:04.751 - INFO: Query planning done in 1 ms
2026-09-28 20:59:04.773 - INFO: Result has unknown size (not computed yet)
2026-09-28 20:59:05.341 - INFO: Done processing query and sending result, total time was 591 ms
2026-09-28 20:59:05.360 - INFO: 
2026-09-28 20:59:05.360 - INFO: Request received via GET, no content type specified
2026-09-28 20:59:05.360 - INFO: Processing command "clear-cache": clear the cache (unpinned elements only)
2026-09-28 20:59:05.378 - INFO: 
2026-09-28 20:59:05.378 - INFO: Request received via POST, content type "application/x-www-form-urlencoded"
2026-09-28 20:59:05.378 - INFO: Processing the following SPARQL query:
# Tier H — size-sweep
# Goal: isolate export cost from query-planning cost. Raise the year bound
# across runs, for example 1970, 1990, 2010, and 2023.
PREFIX dblp: <https://dblp.org/rdf/schema#>

CONSTRUCT { ?s ?p ?o }
WHERE {
  ?s a dblp:Publication ;
     dblp:yearOfPublication ?year ;
     ?p ?o .
  FILTER(?year <= "1970"^^<http://www.w3.org/2001/XMLSchema#gYear>)
}

2026-09-28 20:59:05.378 - INFO: Requested media types of the result are: "text/turtle"
2026-09-28 20:59:05.379 - INFO: Query planning done in 1 ms
2026-09-28 20:59:05.396 - INFO: Result has unknown size (not computed yet)
2026-09-28 20:59:05.964 - INFO: Done processing query and sending result, total time was 586 ms
2026-09-28 20:59:05.983 - INFO: 
2026-09-28 20:59:05.983 - INFO: Request received via GET, no content type specified
2026-09-28 20:59:05.983 - INFO: Processing command "clear-cache": clear the cache (unpinned elements only)
2026-09-28 20:59:06.001 - INFO: 
2026-09-28 20:59:06.001 - INFO: Request received via POST, content type "application/x-www-form-urlencoded"
2026-09-28 20:59:06.001 - INFO: Processing the following SPARQL query:
# Tier H — size-sweep
# Goal: isolate export cost from query-planning cost. Raise the year bound
# across runs, for example 1970, 1990, 2010, and 2023.
PREFIX dblp: <https://dblp.org/rdf/schema#>

CONSTRUCT { ?s ?p ?o }
WHERE {
  ?s a dblp:Publication ;
     dblp:yearOfPublication ?year ;
     ?p ?o .
  FILTER(?year <= "1970"^^<http://www.w3.org/2001/XMLSchema#gYear>)
}

2026-09-28 20:59:06.001 - INFO: Requested media types of the result are: "text/turtle"
2026-09-28 20:59:06.002 - INFO: Query planning done in 1 ms
2026-09-28 20:59:06.021 - INFO: Result has unknown size (not computed yet)
2026-09-28 20:59:06.600 - INFO: Done processing query and sending result, total time was 598 ms
2026-09-28 20:59:06.619 - INFO: 
2026-09-28 20:59:06.619 - INFO: Request received via GET, no content type specified
2026-09-28 20:59:06.619 - INFO: Processing command "clear-cache": clear the cache (unpinned elements only)
2026-09-28 20:59:06.637 - INFO: 
2026-09-28 20:59:06.637 - INFO: Request received via POST, content type "application/x-www-form-urlencoded"
2026-09-28 20:59:06.637 - INFO: Processing the following SPARQL query:
# Tier H — size-sweep
# Goal: isolate export cost from query-planning cost. Raise the year bound
# across runs, for example 1970, 1990, 2010, and 2023.
PREFIX dblp: <https://dblp.org/rdf/schema#>

CONSTRUCT { ?s ?p ?o }
WHERE {
  ?s a dblp:Publication ;
     dblp:yearOfPublication ?year ;
     ?p ?o .
  FILTER(?year <= "1970"^^<http://www.w3.org/2001/XMLSchema#gYear>)
}

2026-09-28 20:59:06.637 - INFO: Requested media types of the result are: "text/turtle"
2026-09-28 20:59:06.638 - INFO: Query planning done in 1 ms
2026-09-28 20:59:06.657 - INFO: Result has unknown size (not computed yet)
2026-09-28 20:59:07.227 - INFO: Done processing query and sending result, total time was 590 ms
2026-09-28 20:59:07.246 - INFO: 
2026-09-28 20:59:07.246 - INFO: Request received via GET, no content type specified
2026-09-28 20:59:07.246 - INFO: Processing command "clear-cache": clear the cache (unpinned elements only)
2026-09-28 20:59:07.264 - INFO: 
2026-09-28 20:59:07.264 - INFO: Request received via POST, content type "application/x-www-form-urlencoded"
2026-09-28 20:59:07.265 - INFO: Processing the following SPARQL query:
# Tier H — size-sweep
# Goal: isolate export cost from query-planning cost. Raise the year bound
# across runs, for example 1970, 1990, 2010, and 2023.
PREFIX dblp: <https://dblp.org/rdf/schema#>

CONSTRUCT { ?s ?p ?o }
WHERE {
  ?s a dblp:Publication ;
     dblp:yearOfPublication ?year ;
     ?p ?o .
  FILTER(?year <= "1970"^^<http://www.w3.org/2001/XMLSchema#gYear>)
}

2026-09-28 20:59:07.265 - INFO: Requested media types of the result are: "text/turtle"
2026-09-28 20:59:07.266 - INFO: Query planning done in 1 ms
2026-09-28 20:59:07.285 - INFO: Result has unknown size (not computed yet)
2026-09-28 20:59:07.857 - INFO: Done processing query and sending result, total time was 592 ms
2026-09-28 20:59:07.876 - INFO: 
2026-09-28 20:59:07.876 - INFO: Request received via GET, no content type specified
2026-09-28 20:59:07.876 - INFO: Processing command "clear-cache": clear the cache (unpinned elements only)
2026-09-28 20:59:07.894 - INFO: 
2026-09-28 20:59:07.894 - INFO: Request received via POST, content type "application/x-www-form-urlencoded"
2026-09-28 20:59:07.894 - INFO: Processing the following SPARQL query:
# Tier H — size-sweep
# Goal: isolate export cost from query-planning cost. Raise the year bound
# across runs, for example 1970, 1990, 2010, and 2023.
PREFIX dblp: <https://dblp.org/rdf/schema#>

CONSTRUCT { ?s ?p ?o }
WHERE {
  ?s a dblp:Publication ;
     dblp:yearOfPublication ?year ;
     ?p ?o .
  FILTER(?year <= "1970"^^<http://www.w3.org/2001/XMLSchema#gYear>)
}

2026-09-28 20:59:07.894 - INFO: Requested media types of the result are: "text/turtle"
2026-09-28 20:59:07.895 - INFO: Query planning done in 1 ms
2026-09-28 20:59:07.913 - INFO: Result has unknown size (not computed yet)
2026-09-28 20:59:08.485 - INFO: Done processing query and sending result, total time was 590 ms
2026-09-28 20:59:08.504 - INFO: 
2026-09-28 20:59:08.504 - INFO: Request received via GET, no content type specified
2026-09-28 20:59:08.504 - INFO: Processing command "clear-cache": clear the cache (unpinned elements only)
2026-09-28 20:59:08.522 - INFO: 
2026-09-28 20:59:08.522 - INFO: Request received via POST, content type "application/x-www-form-urlencoded"
2026-09-28 20:59:08.522 - INFO: Processing the following SPARQL query:
# Tier H — size-sweep
# Goal: isolate export cost from query-planning cost. Raise the year bound
# across runs, for example 1970, 1990, 2010, and 2023.
PREFIX dblp: <https://dblp.org/rdf/schema#>

CONSTRUCT { ?s ?p ?o }
WHERE {
  ?s a dblp:Publication ;
     dblp:yearOfPublication ?year ;
     ?p ?o .
  FILTER(?year <= "1970"^^<http://www.w3.org/2001/XMLSchema#gYear>)
}

2026-09-28 20:59:08.522 - INFO: Requested media types of the result are: "text/turtle"
2026-09-28 20:59:08.523 - INFO: Query planning done in 1 ms
2026-09-28 20:59:08.541 - INFO: Result has unknown size (not computed yet)
2026-09-28 20:59:09.114 - INFO: Done processing query and sending result, total time was 591 ms
2026-09-28 20:59:09.133 - INFO: 
2026-09-28 20:59:09.133 - INFO: Request received via GET, no content type specified
2026-09-28 20:59:09.133 - INFO: Processing command "clear-cache": clear the cache (unpinned elements only)
2026-09-28 20:59:09.150 - INFO: 
2026-09-28 20:59:09.150 - INFO: Request received via POST, content type "application/x-www-form-urlencoded"
2026-09-28 20:59:09.151 - INFO: Processing the following SPARQL query:
# Tier H — size-sweep
# Goal: isolate export cost from query-planning cost. Raise the year bound
# across runs, for example 1970, 1990, 2010, and 2023.
PREFIX dblp: <https://dblp.org/rdf/schema#>

CONSTRUCT { ?s ?p ?o }
WHERE {
  ?s a dblp:Publication ;
     dblp:yearOfPublication ?year ;
     ?p ?o .
  FILTER(?year <= "1970"^^<http://www.w3.org/2001/XMLSchema#gYear>)
}

2026-09-28 20:59:09.151 - INFO: Requested media types of the result are: "text/turtle"
2026-09-28 20:59:09.152 - INFO: Query planning done in 1 ms
2026-09-28 20:59:09.172 - INFO: Result has unknown size (not computed yet)
2026-09-28 20:59:09.744 - INFO: Done processing query and sending result, total time was 593 ms
2026-09-28 20:59:09.763 - INFO: 
2026-09-28 20:59:09.763 - INFO: Request received via GET, no content type specified
2026-09-28 20:59:09.763 - INFO: Processing command "clear-cache": clear the cache (unpinned elements only)
2026-09-28 20:59:09.781 - INFO: 
2026-09-28 20:59:09.781 - INFO: Request received via POST, content type "application/x-www-form-urlencoded"
2026-09-28 20:59:09.782 - INFO: Processing the following SPARQL query:
# Tier H — size-sweep
# Goal: isolate export cost from query-planning cost. Raise the year bound
# across runs, for example 1970, 1990, 2010, and 2023.
PREFIX dblp: <https://dblp.org/rdf/schema#>

CONSTRUCT { ?s ?p ?o }
WHERE {
  ?s a dblp:Publication ;
     dblp:yearOfPublication ?year ;
     ?p ?o .
  FILTER(?year <= "1970"^^<http://www.w3.org/2001/XMLSchema#gYear>)
}

2026-09-28 20:59:09.782 - INFO: Requested media types of the result are: "text/turtle"
2026-09-28 20:59:09.783 - INFO: Query planning done in 1 ms
2026-09-28 20:59:09.802 - INFO: Result has unknown size (not computed yet)
2026-09-28 20:59:10.379 - INFO: Done processing query and sending result, total time was 597 ms
2026-09-28 20:59:10.398 - INFO: 
2026-09-28 20:59:10.398 - INFO: Request received via GET, no content type specified
2026-09-28 20:59:10.398 - INFO: Processing command "clear-cache": clear the cache (unpinned elements only)
2026-09-28 20:59:10.416 - INFO: 
2026-09-28 20:59:10.416 - INFO: Request received via POST, content type "application/x-www-form-urlencoded"
2026-09-28 20:59:10.416 - INFO: Processing the following SPARQL query:
# Tier H — size-sweep
# Goal: isolate export cost from query-planning cost. Raise the year bound
# across runs, for example 1970, 1990, 2010, and 2023.
PREFIX dblp: <https://dblp.org/rdf/schema#>

CONSTRUCT { ?s ?p ?o }
WHERE {
  ?s a dblp:Publication ;
     dblp:yearOfPublication ?year ;
     ?p ?o .
  FILTER(?year <= "1970"^^<http://www.w3.org/2001/XMLSchema#gYear>)
}

2026-09-28 20:59:10.416 - INFO: Requested media types of the result are: "text/turtle"
2026-09-28 20:59:10.417 - INFO: Query planning done in 1 ms
2026-09-28 20:59:10.436 - INFO: Result has unknown size (not computed yet)
2026-09-28 20:59:11.077 - INFO: Done processing query and sending result, total time was 661 ms
2026-09-28 20:59:11.096 - INFO: 
2026-09-28 20:59:11.096 - INFO: Request received via GET, no content type specified
2026-09-28 20:59:11.096 - INFO: Processing command "clear-cache": clear the cache (unpinned elements only)
2026-09-28 20:59:11.114 - INFO: 
2026-09-28 20:59:11.114 - INFO: Request received via POST, content type "application/x-www-form-urlencoded"
2026-09-28 20:59:11.114 - INFO: Processing the following SPARQL query:
# Tier H — size-sweep
# Goal: isolate export cost from query-planning cost. Raise the year bound
# across runs, for example 1970, 1990, 2010, and 2023.
PREFIX dblp: <https://dblp.org/rdf/schema#>

CONSTRUCT { ?s ?p ?o }
WHERE {
  ?s a dblp:Publication ;
     dblp:yearOfPublication ?year ;
     ?p ?o .
  FILTER(?year <= "1970"^^<http://www.w3.org/2001/XMLSchema#gYear>)
}

2026-09-28 20:59:11.114 - INFO: Requested media types of the result are: "text/turtle"
2026-09-28 20:59:11.115 - INFO: Query planning done in 1 ms
2026-09-28 20:59:11.134 - INFO: Result has unknown size (not computed yet)
2026-09-28 20:59:11.706 - INFO: Done processing query and sending result, total time was 592 ms
2026-09-28 20:59:11.725 - INFO: 
2026-09-28 20:59:11.725 - INFO: Request received via GET, no content type specified
2026-09-28 20:59:11.725 - INFO: Processing command "clear-cache": clear the cache (unpinned elements only)
2026-09-28 20:59:11.743 - INFO: 
2026-09-28 20:59:11.743 - INFO: Request received via POST, content type "application/x-www-form-urlencoded"
2026-09-28 20:59:11.744 - INFO: Processing the following SPARQL query:
# Tier H — size-sweep
# Goal: isolate export cost from query-planning cost. Raise the year bound
# across runs, for example 1970, 1990, 2010, and 2023.
PREFIX dblp: <https://dblp.org/rdf/schema#>

CONSTRUCT { ?s ?p ?o }
WHERE {
  ?s a dblp:Publication ;
     dblp:yearOfPublication ?year ;
     ?p ?o .
  FILTER(?year <= "1970"^^<http://www.w3.org/2001/XMLSchema#gYear>)
}

2026-09-28 20:59:11.744 - INFO: Requested media types of the result are: "text/turtle"
2026-09-28 20:59:11.745 - INFO: Query planning done in 1 ms
2026-09-28 20:59:11.763 - INFO: Result has unknown size (not computed yet)
2026-09-28 20:59:12.331 - INFO: Done processing query and sending result, total time was 587 ms
2026-09-28 20:59:12.350 - INFO: 
2026-09-28 20:59:12.350 - INFO: Request received via GET, no content type specified
2026-09-28 20:59:12.350 - INFO: Processing command "clear-cache": clear the cache (unpinned elements only)
2026-09-28 20:59:12.375 - INFO: 
2026-09-28 20:59:12.375 - INFO: Request received via POST, content type "application/x-www-form-urlencoded"
2026-09-28 20:59:12.376 - INFO: Processing the following SPARQL query:
# Tier H — size-sweep
# Goal: isolate export cost from query-planning cost. Raise the year bound
# across runs, for example 1970, 1990, 2010, and 2023.
PREFIX dblp: <https://dblp.org/rdf/schema#>

CONSTRUCT { ?s ?p ?o }
WHERE {
  ?s a dblp:Publication ;
     dblp:yearOfPublication ?year ;
     ?p ?o .
  FILTER(?year <= "1970"^^<http://www.w3.org/2001/XMLSchema#gYear>)
}

2026-09-28 20:59:12.376 - INFO: Requested media types of the result are: "text/turtle"
2026-09-28 20:59:12.377 - INFO: Query planning done in 1 ms
2026-09-28 20:59:12.402 - INFO: Result has unknown size (not computed yet)
2026-09-28 20:59:13.044 - INFO: Done processing query and sending result, total time was 668 ms
2026-09-28 21:00:25.208 - INFO: 
2026-09-28 21:00:25.208 - INFO: Request received via GET, no content type specified
2026-09-28 21:00:25.208 - INFO: Processing command "clear-cache": clear the cache (unpinned elements only)
2026-09-28 21:00:25.226 - INFO: 
2026-09-28 21:00:25.226 - INFO: Request received via POST, content type "application/x-www-form-urlencoded"
2026-09-28 21:00:25.227 - INFO: Processing the following SPARQL query:
# Tier H — size-sweep
# Goal: isolate export cost from query-planning cost. Raise the year bound
# across runs, for example 1970, 1990, 2010, and 2023.
PREFIX dblp: <https://dblp.org/rdf/schema#>

CONSTRUCT { ?s ?p ?o }
WHERE {
  ?s a dblp:Publication ;
     dblp:yearOfPublication ?year ;
     ?p ?o .
  FILTER(?year <= "1970"^^<http://www.w3.org/2001/XMLSchema#gYear>)
}

2026-09-28 21:00:25.227 - INFO: Requested media types of the result are: "text/turtle"
2026-09-28 21:00:25.228 - INFO: Query planning done in 1 ms
2026-09-28 21:00:25.251 - INFO: Result has unknown size (not computed yet)
2026-09-28 21:00:25.841 - INFO: Done processing query and sending result, total time was 614 ms
2026-09-28 21:00:25.859 - INFO: 
2026-09-28 21:00:25.860 - INFO: Request received via GET, no content type specified
2026-09-28 21:00:25.860 - INFO: Processing command "clear-cache": clear the cache (unpinned elements only)
2026-09-28 21:00:25.878 - INFO: 
2026-09-28 21:00:25.878 - INFO: Request received via POST, content type "application/x-www-form-urlencoded"
2026-09-28 21:00:25.878 - INFO: Processing the following SPARQL query:
# Tier H — size-sweep
# Goal: isolate export cost from query-planning cost. Raise the year bound
# across runs, for example 1970, 1990, 2010, and 2023.
PREFIX dblp: <https://dblp.org/rdf/schema#>

CONSTRUCT { ?s ?p ?o }
WHERE {
  ?s a dblp:Publication ;
     dblp:yearOfPublication ?year ;
     ?p ?o .
  FILTER(?year <= "1970"^^<http://www.w3.org/2001/XMLSchema#gYear>)
}

2026-09-28 21:00:25.878 - INFO: Requested media types of the result are: "text/turtle"
2026-09-28 21:00:25.879 - INFO: Query planning done in 1 ms
2026-09-28 21:00:25.904 - INFO: Result has unknown size (not computed yet)
2026-09-28 21:00:26.546 - INFO: Done processing query and sending result, total time was 668 ms
2026-09-28 21:00:26.565 - INFO: 
2026-09-28 21:00:26.565 - INFO: Request received via GET, no content type specified
2026-09-28 21:00:26.565 - INFO: Processing command "clear-cache": clear the cache (unpinned elements only)
2026-09-28 21:00:26.583 - INFO: 
2026-09-28 21:00:26.583 - INFO: Request received via POST, content type "application/x-www-form-urlencoded"
2026-09-28 21:00:26.583 - INFO: Processing the following SPARQL query:
# Tier H — size-sweep
# Goal: isolate export cost from query-planning cost. Raise the year bound
# across runs, for example 1970, 1990, 2010, and 2023.
PREFIX dblp: <https://dblp.org/rdf/schema#>

CONSTRUCT { ?s ?p ?o }
WHERE {
  ?s a dblp:Publication ;
     dblp:yearOfPublication ?year ;
     ?p ?o .
  FILTER(?year <= "1970"^^<http://www.w3.org/2001/XMLSchema#gYear>)
}

2026-09-28 21:00:26.583 - INFO: Requested media types of the result are: "text/turtle"
2026-09-28 21:00:26.584 - INFO: Query planning done in 1 ms
2026-09-28 21:00:26.608 - INFO: Result has unknown size (not computed yet)
2026-09-28 21:00:27.250 - INFO: Done processing query and sending result, total time was 666 ms
2026-09-28 21:00:27.269 - INFO: 
2026-09-28 21:00:27.269 - INFO: Request received via GET, no content type specified
2026-09-28 21:00:27.269 - INFO: Processing command "clear-cache": clear the cache (unpinned elements only)
2026-09-28 21:00:27.287 - INFO: 
2026-09-28 21:00:27.287 - INFO: Request received via POST, content type "application/x-www-form-urlencoded"
2026-09-28 21:00:27.287 - INFO: Processing the following SPARQL query:
# Tier H — size-sweep
# Goal: isolate export cost from query-planning cost. Raise the year bound
# across runs, for example 1970, 1990, 2010, and 2023.
PREFIX dblp: <https://dblp.org/rdf/schema#>

CONSTRUCT { ?s ?p ?o }
WHERE {
  ?s a dblp:Publication ;
     dblp:yearOfPublication ?year ;
     ?p ?o .
  FILTER(?year <= "1970"^^<http://www.w3.org/2001/XMLSchema#gYear>)
}

2026-09-28 21:00:27.287 - INFO: Requested media types of the result are: "text/turtle"
2026-09-28 21:00:27.288 - INFO: Query planning done in 1 ms
2026-09-28 21:00:27.311 - INFO: Result has unknown size (not computed yet)
2026-09-28 21:00:27.915 - INFO: Done processing query and sending result, total time was 628 ms
2026-09-28 21:00:27.934 - INFO: 
2026-09-28 21:00:27.934 - INFO: Request received via GET, no content type specified
2026-09-28 21:00:27.934 - INFO: Processing command "clear-cache": clear the cache (unpinned elements only)
2026-09-28 21:00:27.952 - INFO: 
2026-09-28 21:00:27.952 - INFO: Request received via POST, content type "application/x-www-form-urlencoded"
2026-09-28 21:00:27.953 - INFO: Processing the following SPARQL query:
# Tier H — size-sweep
# Goal: isolate export cost from query-planning cost. Raise the year bound
# across runs, for example 1970, 1990, 2010, and 2023.
PREFIX dblp: <https://dblp.org/rdf/schema#>

CONSTRUCT { ?s ?p ?o }
WHERE {
  ?s a dblp:Publication ;
     dblp:yearOfPublication ?year ;
     ?p ?o .
  FILTER(?year <= "1970"^^<http://www.w3.org/2001/XMLSchema#gYear>)
}

2026-09-28 21:00:27.953 - INFO: Requested media types of the result are: "text/turtle"
2026-09-28 21:00:27.954 - INFO: Query planning done in 1 ms
2026-09-28 21:00:27.976 - INFO: Result has unknown size (not computed yet)
2026-09-28 21:00:28.521 - INFO: Done processing query and sending result, total time was 568 ms
2026-09-28 21:00:28.540 - INFO: 
2026-09-28 21:00:28.540 - INFO: Request received via GET, no content type specified
2026-09-28 21:00:28.540 - INFO: Processing command "clear-cache": clear the cache (unpinned elements only)
2026-09-28 21:00:28.558 - INFO: 
2026-09-28 21:00:28.558 - INFO: Request received via POST, content type "application/x-www-form-urlencoded"
2026-09-28 21:00:28.558 - INFO: Processing the following SPARQL query:
# Tier H — size-sweep
# Goal: isolate export cost from query-planning cost. Raise the year bound
# across runs, for example 1970, 1990, 2010, and 2023.
PREFIX dblp: <https://dblp.org/rdf/schema#>

CONSTRUCT { ?s ?p ?o }
WHERE {
  ?s a dblp:Publication ;
     dblp:yearOfPublication ?year ;
     ?p ?o .
  FILTER(?year <= "1970"^^<http://www.w3.org/2001/XMLSchema#gYear>)
}

2026-09-28 21:00:28.558 - INFO: Requested media types of the result are: "text/turtle"
2026-09-28 21:00:28.559 - INFO: Query planning done in 1 ms
2026-09-28 21:00:28.584 - INFO: Result has unknown size (not computed yet)
2026-09-28 21:00:29.131 - INFO: Done processing query and sending result, total time was 572 ms
2026-09-28 21:00:29.150 - INFO: 
2026-09-28 21:00:29.150 - INFO: Request received via GET, no content type specified
2026-09-28 21:00:29.150 - INFO: Processing command "clear-cache": clear the cache (unpinned elements only)
2026-09-28 21:00:29.168 - INFO: 
2026-09-28 21:00:29.168 - INFO: Request received via POST, content type "application/x-www-form-urlencoded"
2026-09-28 21:00:29.168 - INFO: Processing the following SPARQL query:
# Tier H — size-sweep
# Goal: isolate export cost from query-planning cost. Raise the year bound
# across runs, for example 1970, 1990, 2010, and 2023.
PREFIX dblp: <https://dblp.org/rdf/schema#>

CONSTRUCT { ?s ?p ?o }
WHERE {
  ?s a dblp:Publication ;
     dblp:yearOfPublication ?year ;
     ?p ?o .
  FILTER(?year <= "1970"^^<http://www.w3.org/2001/XMLSchema#gYear>)
}

2026-09-28 21:00:29.168 - INFO: Requested media types of the result are: "text/turtle"
2026-09-28 21:00:29.169 - INFO: Query planning done in 1 ms
2026-09-28 21:00:29.191 - INFO: Result has unknown size (not computed yet)
2026-09-28 21:00:29.754 - INFO: Done processing query and sending result, total time was 585 ms
2026-09-28 21:00:29.773 - INFO: 
2026-09-28 21:00:29.773 - INFO: Request received via GET, no content type specified
2026-09-28 21:00:29.773 - INFO: Processing command "clear-cache": clear the cache (unpinned elements only)
2026-09-28 21:00:29.791 - INFO: 
2026-09-28 21:00:29.791 - INFO: Request received via POST, content type "application/x-www-form-urlencoded"
2026-09-28 21:00:29.791 - INFO: Processing the following SPARQL query:
# Tier H — size-sweep
# Goal: isolate export cost from query-planning cost. Raise the year bound
# across runs, for example 1970, 1990, 2010, and 2023.
PREFIX dblp: <https://dblp.org/rdf/schema#>

CONSTRUCT { ?s ?p ?o }
WHERE {
  ?s a dblp:Publication ;
     dblp:yearOfPublication ?year ;
     ?p ?o .
  FILTER(?year <= "1970"^^<http://www.w3.org/2001/XMLSchema#gYear>)
}

2026-09-28 21:00:29.791 - INFO: Requested media types of the result are: "text/turtle"
2026-09-28 21:00:29.792 - INFO: Query planning done in 1 ms
2026-09-28 21:00:29.814 - INFO: Result has unknown size (not computed yet)
2026-09-28 21:00:30.452 - INFO: Done processing query and sending result, total time was 661 ms
2026-09-28 21:00:30.471 - INFO: 
2026-09-28 21:00:30.471 - INFO: Request received via GET, no content type specified
2026-09-28 21:00:30.471 - INFO: Processing command "clear-cache": clear the cache (unpinned elements only)
2026-09-28 21:00:30.489 - INFO: 
2026-09-28 21:00:30.489 - INFO: Request received via POST, content type "application/x-www-form-urlencoded"
2026-09-28 21:00:30.489 - INFO: Processing the following SPARQL query:
# Tier H — size-sweep
# Goal: isolate export cost from query-planning cost. Raise the year bound
# across runs, for example 1970, 1990, 2010, and 2023.
PREFIX dblp: <https://dblp.org/rdf/schema#>

CONSTRUCT { ?s ?p ?o }
WHERE {
  ?s a dblp:Publication ;
     dblp:yearOfPublication ?year ;
     ?p ?o .
  FILTER(?year <= "1970"^^<http://www.w3.org/2001/XMLSchema#gYear>)
}

2026-09-28 21:00:30.489 - INFO: Requested media types of the result are: "text/turtle"
2026-09-28 21:00:30.490 - INFO: Query planning done in 1 ms
2026-09-28 21:00:30.513 - INFO: Result has unknown size (not computed yet)
2026-09-28 21:00:31.155 - INFO: Done processing query and sending result, total time was 666 ms
2026-09-28 21:00:31.174 - INFO: 
2026-09-28 21:00:31.174 - INFO: Request received via GET, no content type specified
2026-09-28 21:00:31.174 - INFO: Processing command "clear-cache": clear the cache (unpinned elements only)
2026-09-28 21:00:31.192 - INFO: 
2026-09-28 21:00:31.192 - INFO: Request received via POST, content type "application/x-www-form-urlencoded"
2026-09-28 21:00:31.193 - INFO: Processing the following SPARQL query:
# Tier H — size-sweep
# Goal: isolate export cost from query-planning cost. Raise the year bound
# across runs, for example 1970, 1990, 2010, and 2023.
PREFIX dblp: <https://dblp.org/rdf/schema#>

CONSTRUCT { ?s ?p ?o }
WHERE {
  ?s a dblp:Publication ;
     dblp:yearOfPublication ?year ;
     ?p ?o .
  FILTER(?year <= "1970"^^<http://www.w3.org/2001/XMLSchema#gYear>)
}

2026-09-28 21:00:31.193 - INFO: Requested media types of the result are: "text/turtle"
2026-09-28 21:00:31.194 - INFO: Query planning done in 1 ms
2026-09-28 21:00:31.217 - INFO: Result has unknown size (not computed yet)
2026-09-28 21:00:31.838 - INFO: Done processing query and sending result, total time was 645 ms
2026-09-28 21:00:31.857 - INFO: 
2026-09-28 21:00:31.857 - INFO: Request received via GET, no content type specified
2026-09-28 21:00:31.857 - INFO: Processing command "clear-cache": clear the cache (unpinned elements only)
2026-09-28 21:00:31.875 - INFO: 
2026-09-28 21:00:31.875 - INFO: Request received via POST, content type "application/x-www-form-urlencoded"
2026-09-28 21:00:31.876 - INFO: Processing the following SPARQL query:
# Tier H — size-sweep
# Goal: isolate export cost from query-planning cost. Raise the year bound
# across runs, for example 1970, 1990, 2010, and 2023.
PREFIX dblp: <https://dblp.org/rdf/schema#>

CONSTRUCT { ?s ?p ?o }
WHERE {
  ?s a dblp:Publication ;
     dblp:yearOfPublication ?year ;
     ?p ?o .
  FILTER(?year <= "1970"^^<http://www.w3.org/2001/XMLSchema#gYear>)
}

2026-09-28 21:00:31.876 - INFO: Requested media types of the result are: "text/turtle"
2026-09-28 21:00:31.876 - INFO: Query planning done in 1 ms
2026-09-28 21:00:31.900 - INFO: Result has unknown size (not computed yet)
2026-09-28 21:00:32.546 - INFO: Done processing query and sending result, total time was 670 ms
2026-09-28 21:00:32.565 - INFO: 
2026-09-28 21:00:32.565 - INFO: Request received via GET, no content type specified
2026-09-28 21:00:32.565 - INFO: Processing command "clear-cache": clear the cache (unpinned elements only)
2026-09-28 21:00:32.583 - INFO: 
2026-09-28 21:00:32.583 - INFO: Request received via POST, content type "application/x-www-form-urlencoded"
2026-09-28 21:00:32.584 - INFO: Processing the following SPARQL query:
# Tier H — size-sweep
# Goal: isolate export cost from query-planning cost. Raise the year bound
# across runs, for example 1970, 1990, 2010, and 2023.
PREFIX dblp: <https://dblp.org/rdf/schema#>

CONSTRUCT { ?s ?p ?o }
WHERE {
  ?s a dblp:Publication ;
     dblp:yearOfPublication ?year ;
     ?p ?o .
  FILTER(?year <= "1970"^^<http://www.w3.org/2001/XMLSchema#gYear>)
}

2026-09-28 21:00:32.584 - INFO: Requested media types of the result are: "text/turtle"
2026-09-28 21:00:32.585 - INFO: Query planning done in 1 ms
2026-09-28 21:00:32.605 - INFO: Result has unknown size (not computed yet)
2026-09-28 21:00:33.241 - INFO: Done processing query and sending result, total time was 657 ms
2026-09-28 21:00:33.260 - INFO: 
2026-09-28 21:00:33.260 - INFO: Request received via GET, no content type specified
2026-09-28 21:00:33.260 - INFO: Processing command "clear-cache": clear the cache (unpinned elements only)
2026-09-28 21:00:33.286 - INFO: 
2026-09-28 21:00:33.286 - INFO: Request received via POST, content type "application/x-www-form-urlencoded"
2026-09-28 21:00:33.286 - INFO: Processing the following SPARQL query:
# Tier H — size-sweep
# Goal: isolate export cost from query-planning cost. Raise the year bound
# across runs, for example 1970, 1990, 2010, and 2023.
PREFIX dblp: <https://dblp.org/rdf/schema#>

CONSTRUCT { ?s ?p ?o }
WHERE {
  ?s a dblp:Publication ;
     dblp:yearOfPublication ?year ;
     ?p ?o .
  FILTER(?year <= "1970"^^<http://www.w3.org/2001/XMLSchema#gYear>)
}

2026-09-28 21:00:33.286 - INFO: Requested media types of the result are: "text/turtle"
2026-09-28 21:00:33.287 - INFO: Query planning done in 1 ms
2026-09-28 21:00:33.311 - INFO: Result has unknown size (not computed yet)
2026-09-28 21:00:33.894 - INFO: Done processing query and sending result, total time was 607 ms
2026-09-28 21:00:34.218 - INFO: 
2026-09-28 21:00:34.218 - INFO: Request received via GET, no content type specified
2026-09-28 21:00:34.218 - INFO: Processing command "clear-cache": clear the cache (unpinned elements only)
2026-09-28 21:00:34.236 - INFO: 
2026-09-28 21:00:34.236 - INFO: Request received via POST, content type "application/x-www-form-urlencoded"
2026-09-28 21:00:34.236 - INFO: Processing the following SPARQL query:
# Tier H — size-sweep
# Goal: isolate export cost from query-planning cost. Raise the year bound
# across runs, for example 1970, 1990, 2010, and 2023.
PREFIX dblp: <https://dblp.org/rdf/schema#>

CONSTRUCT { ?s ?p ?o }
WHERE {
  ?s a dblp:Publication ;
     dblp:yearOfPublication ?year ;
     ?p ?o .
  FILTER(?year <= "1970"^^<http://www.w3.org/2001/XMLSchema#gYear>)
}

2026-09-28 21:00:34.236 - INFO: Requested media types of the result are: "text/turtle"
2026-09-28 21:00:34.237 - INFO: Query planning done in 1 ms
2026-09-28 21:00:34.260 - INFO: Result has unknown size (not computed yet)
2026-09-28 21:00:34.909 - INFO: Done processing query and sending result, total time was 672 ms
2026-09-28 21:00:34.927 - INFO: 
2026-09-28 21:00:34.927 - INFO: Request received via GET, no content type specified
2026-09-28 21:00:34.927 - INFO: Processing command "clear-cache": clear the cache (unpinned elements only)
2026-09-28 21:00:34.945 - INFO: 
2026-09-28 21:00:34.945 - INFO: Request received via POST, content type "application/x-www-form-urlencoded"
2026-09-28 21:00:34.946 - INFO: Processing the following SPARQL query:
# Tier H — size-sweep
# Goal: isolate export cost from query-planning cost. Raise the year bound
# across runs, for example 1970, 1990, 2010, and 2023.
PREFIX dblp: <https://dblp.org/rdf/schema#>

CONSTRUCT { ?s ?p ?o }
WHERE {
  ?s a dblp:Publication ;
     dblp:yearOfPublication ?year ;
     ?p ?o .
  FILTER(?year <= "1970"^^<http://www.w3.org/2001/XMLSchema#gYear>)
}

2026-09-28 21:00:34.946 - INFO: Requested media types of the result are: "text/turtle"
2026-09-28 21:00:34.947 - INFO: Query planning done in 1 ms
2026-09-28 21:00:34.965 - INFO: Result has unknown size (not computed yet)
2026-09-28 21:00:35.535 - INFO: Done processing query and sending result, total time was 590 ms
2026-09-28 21:00:35.554 - INFO: 
2026-09-28 21:00:35.554 - INFO: Request received via GET, no content type specified
2026-09-28 21:00:35.554 - INFO: Processing command "clear-cache": clear the cache (unpinned elements only)
2026-09-28 21:00:35.572 - INFO: 
2026-09-28 21:00:35.572 - INFO: Request received via POST, content type "application/x-www-form-urlencoded"
2026-09-28 21:00:35.573 - INFO: Processing the following SPARQL query:
# Tier H — size-sweep
# Goal: isolate export cost from query-planning cost. Raise the year bound
# across runs, for example 1970, 1990, 2010, and 2023.
PREFIX dblp: <https://dblp.org/rdf/schema#>

CONSTRUCT { ?s ?p ?o }
WHERE {
  ?s a dblp:Publication ;
     dblp:yearOfPublication ?year ;
     ?p ?o .
  FILTER(?year <= "1970"^^<http://www.w3.org/2001/XMLSchema#gYear>)
}

2026-09-28 21:00:35.573 - INFO: Requested media types of the result are: "text/turtle"
2026-09-28 21:00:35.574 - INFO: Query planning done in 1 ms
2026-09-28 21:00:35.591 - INFO: Result has unknown size (not computed yet)
2026-09-28 21:00:36.166 - INFO: Done processing query and sending result, total time was 593 ms
2026-09-28 21:00:36.185 - INFO: 
2026-09-28 21:00:36.185 - INFO: Request received via GET, no content type specified
2026-09-28 21:00:36.185 - INFO: Processing command "clear-cache": clear the cache (unpinned elements only)
2026-09-28 21:00:36.203 - INFO: 
2026-09-28 21:00:36.203 - INFO: Request received via POST, content type "application/x-www-form-urlencoded"
2026-09-28 21:00:36.204 - INFO: Processing the following SPARQL query:
# Tier H — size-sweep
# Goal: isolate export cost from query-planning cost. Raise the year bound
# across runs, for example 1970, 1990, 2010, and 2023.
PREFIX dblp: <https://dblp.org/rdf/schema#>

CONSTRUCT { ?s ?p ?o }
WHERE {
  ?s a dblp:Publication ;
     dblp:yearOfPublication ?year ;
     ?p ?o .
  FILTER(?year <= "1970"^^<http://www.w3.org/2001/XMLSchema#gYear>)
}

2026-09-28 21:00:36.204 - INFO: Requested media types of the result are: "text/turtle"
2026-09-28 21:00:36.205 - INFO: Query planning done in 1 ms
2026-09-28 21:00:36.222 - INFO: Result has unknown size (not computed yet)
2026-09-28 21:00:36.802 - INFO: Done processing query and sending result, total time was 599 ms
2026-09-28 21:00:36.821 - INFO: 
2026-09-28 21:00:36.821 - INFO: Request received via GET, no content type specified
2026-09-28 21:00:36.821 - INFO: Processing command "clear-cache": clear the cache (unpinned elements only)
2026-09-28 21:00:36.839 - INFO: 
2026-09-28 21:00:36.839 - INFO: Request received via POST, content type "application/x-www-form-urlencoded"
2026-09-28 21:00:36.840 - INFO: Processing the following SPARQL query:
# Tier H — size-sweep
# Goal: isolate export cost from query-planning cost. Raise the year bound
# across runs, for example 1970, 1990, 2010, and 2023.
PREFIX dblp: <https://dblp.org/rdf/schema#>

CONSTRUCT { ?s ?p ?o }
WHERE {
  ?s a dblp:Publication ;
     dblp:yearOfPublication ?year ;
     ?p ?o .
  FILTER(?year <= "1970"^^<http://www.w3.org/2001/XMLSchema#gYear>)
}

2026-09-28 21:00:36.840 - INFO: Requested media types of the result are: "text/turtle"
2026-09-28 21:00:36.841 - INFO: Query planning done in 1 ms
2026-09-28 21:00:36.858 - INFO: Result has unknown size (not computed yet)
2026-09-28 21:00:37.432 - INFO: Done processing query and sending result, total time was 592 ms
2026-09-28 21:00:37.451 - INFO: 
2026-09-28 21:00:37.451 - INFO: Request received via GET, no content type specified
2026-09-28 21:00:37.451 - INFO: Processing command "clear-cache": clear the cache (unpinned elements only)
2026-09-28 21:00:37.469 - INFO: 
2026-09-28 21:00:37.469 - INFO: Request received via POST, content type "application/x-www-form-urlencoded"
2026-09-28 21:00:37.469 - INFO: Processing the following SPARQL query:
# Tier H — size-sweep
# Goal: isolate export cost from query-planning cost. Raise the year bound
# across runs, for example 1970, 1990, 2010, and 2023.
PREFIX dblp: <https://dblp.org/rdf/schema#>

CONSTRUCT { ?s ?p ?o }
WHERE {
  ?s a dblp:Publication ;
     dblp:yearOfPublication ?year ;
     ?p ?o .
  FILTER(?year <= "1970"^^<http://www.w3.org/2001/XMLSchema#gYear>)
}

2026-09-28 21:00:37.469 - INFO: Requested media types of the result are: "text/turtle"
2026-09-28 21:00:37.470 - INFO: Query planning done in 1 ms
2026-09-28 21:00:37.488 - INFO: Result has unknown size (not computed yet)
2026-09-28 21:00:38.061 - INFO: Done processing query and sending result, total time was 591 ms
2026-09-28 21:00:38.080 - INFO: 
2026-09-28 21:00:38.080 - INFO: Request received via GET, no content type specified
2026-09-28 21:00:38.080 - INFO: Processing command "clear-cache": clear the cache (unpinned elements only)
2026-09-28 21:00:38.098 - INFO: 
2026-09-28 21:00:38.098 - INFO: Request received via POST, content type "application/x-www-form-urlencoded"
2026-09-28 21:00:38.098 - INFO: Processing the following SPARQL query:
# Tier H — size-sweep
# Goal: isolate export cost from query-planning cost. Raise the year bound
# across runs, for example 1970, 1990, 2010, and 2023.
PREFIX dblp: <https://dblp.org/rdf/schema#>

CONSTRUCT { ?s ?p ?o }
WHERE {
  ?s a dblp:Publication ;
     dblp:yearOfPublication ?year ;
     ?p ?o .
  FILTER(?year <= "1970"^^<http://www.w3.org/2001/XMLSchema#gYear>)
}

2026-09-28 21:00:38.098 - INFO: Requested media types of the result are: "text/turtle"
2026-09-28 21:00:38.099 - INFO: Query planning done in 1 ms
2026-09-28 21:00:38.117 - INFO: Result has unknown size (not computed yet)
2026-09-28 21:00:38.690 - INFO: Done processing query and sending result, total time was 592 ms
2026-09-28 21:00:38.709 - INFO: 
2026-09-28 21:00:38.709 - INFO: Request received via GET, no content type specified
2026-09-28 21:00:38.709 - INFO: Processing command "clear-cache": clear the cache (unpinned elements only)
2026-09-28 21:00:38.727 - INFO: 
2026-09-28 21:00:38.727 - INFO: Request received via POST, content type "application/x-www-form-urlencoded"
2026-09-28 21:00:38.728 - INFO: Processing the following SPARQL query:
# Tier H — size-sweep
# Goal: isolate export cost from query-planning cost. Raise the year bound
# across runs, for example 1970, 1990, 2010, and 2023.
PREFIX dblp: <https://dblp.org/rdf/schema#>

CONSTRUCT { ?s ?p ?o }
WHERE {
  ?s a dblp:Publication ;
     dblp:yearOfPublication ?year ;
     ?p ?o .
  FILTER(?year <= "1970"^^<http://www.w3.org/2001/XMLSchema#gYear>)
}

2026-09-28 21:00:38.728 - INFO: Requested media types of the result are: "text/turtle"
2026-09-28 21:00:38.729 - INFO: Query planning done in 1 ms
2026-09-28 21:00:38.752 - INFO: Result has unknown size (not computed yet)
2026-09-28 21:00:39.389 - INFO: Done processing query and sending result, total time was 662 ms
2026-09-28 21:00:39.408 - INFO: 
2026-09-28 21:00:39.408 - INFO: Request received via GET, no content type specified
2026-09-28 21:00:39.408 - INFO: Processing command "clear-cache": clear the cache (unpinned elements only)
2026-09-28 21:00:39.426 - INFO: 
2026-09-28 21:00:39.426 - INFO: Request received via POST, content type "application/x-www-form-urlencoded"
2026-09-28 21:00:39.427 - INFO: Processing the following SPARQL query:
# Tier H — size-sweep
# Goal: isolate export cost from query-planning cost. Raise the year bound
# across runs, for example 1970, 1990, 2010, and 2023.
PREFIX dblp: <https://dblp.org/rdf/schema#>

CONSTRUCT { ?s ?p ?o }
WHERE {
  ?s a dblp:Publication ;
     dblp:yearOfPublication ?year ;
     ?p ?o .
  FILTER(?year <= "1970"^^<http://www.w3.org/2001/XMLSchema#gYear>)
}

2026-09-28 21:00:39.427 - INFO: Requested media types of the result are: "text/turtle"
2026-09-28 21:00:39.428 - INFO: Query planning done in 1 ms
2026-09-28 21:00:39.461 - INFO: Result has unknown size (not computed yet)
2026-09-28 21:00:40.098 - INFO: Done processing query and sending result, total time was 671 ms
2026-09-28 21:00:40.117 - INFO: 
2026-09-28 21:00:40.117 - INFO: Request received via GET, no content type specified
2026-09-28 21:00:40.117 - INFO: Processing command "clear-cache": clear the cache (unpinned elements only)
2026-09-28 21:00:40.135 - INFO: 
2026-09-28 21:00:40.135 - INFO: Request received via POST, content type "application/x-www-form-urlencoded"
2026-09-28 21:00:40.135 - INFO: Processing the following SPARQL query:
# Tier H — size-sweep
# Goal: isolate export cost from query-planning cost. Raise the year bound
# across runs, for example 1970, 1990, 2010, and 2023.
PREFIX dblp: <https://dblp.org/rdf/schema#>

CONSTRUCT { ?s ?p ?o }
WHERE {
  ?s a dblp:Publication ;
     dblp:yearOfPublication ?year ;
     ?p ?o .
  FILTER(?year <= "1970"^^<http://www.w3.org/2001/XMLSchema#gYear>)
}

2026-09-28 21:00:40.135 - INFO: Requested media types of the result are: "text/turtle"
2026-09-28 21:00:40.136 - INFO: Query planning done in 1 ms
2026-09-28 21:00:40.155 - INFO: Result has unknown size (not computed yet)
2026-09-28 21:00:40.729 - INFO: Done processing query and sending result, total time was 593 ms
2026-09-28 21:00:40.747 - INFO: 
2026-09-28 21:00:40.747 - INFO: Request received via GET, no content type specified
2026-09-28 21:00:40.747 - INFO: Processing command "clear-cache": clear the cache (unpinned elements only)
2026-09-28 21:00:40.765 - INFO: 
2026-09-28 21:00:40.765 - INFO: Request received via POST, content type "application/x-www-form-urlencoded"
2026-09-28 21:00:40.766 - INFO: Processing the following SPARQL query:
# Tier H — size-sweep
# Goal: isolate export cost from query-planning cost. Raise the year bound
# across runs, for example 1970, 1990, 2010, and 2023.
PREFIX dblp: <https://dblp.org/rdf/schema#>

CONSTRUCT { ?s ?p ?o }
WHERE {
  ?s a dblp:Publication ;
     dblp:yearOfPublication ?year ;
     ?p ?o .
  FILTER(?year <= "1970"^^<http://www.w3.org/2001/XMLSchema#gYear>)
}

2026-09-28 21:00:40.766 - INFO: Requested media types of the result are: "text/turtle"
2026-09-28 21:00:40.767 - INFO: Query planning done in 1 ms
2026-09-28 21:00:40.784 - INFO: Result has unknown size (not computed yet)
2026-09-28 21:00:41.438 - INFO: Done processing query and sending result, total time was 672 ms
2026-09-28 21:00:41.457 - INFO: 
2026-09-28 21:00:41.457 - INFO: Request received via GET, no content type specified
2026-09-28 21:00:41.457 - INFO: Processing command "clear-cache": clear the cache (unpinned elements only)
2026-09-28 21:00:41.475 - INFO: 
2026-09-28 21:00:41.475 - INFO: Request received via POST, content type "application/x-www-form-urlencoded"
2026-09-28 21:00:41.475 - INFO: Processing the following SPARQL query:
# Tier H — size-sweep
# Goal: isolate export cost from query-planning cost. Raise the year bound
# across runs, for example 1970, 1990, 2010, and 2023.
PREFIX dblp: <https://dblp.org/rdf/schema#>

CONSTRUCT { ?s ?p ?o }
WHERE {
  ?s a dblp:Publication ;
     dblp:yearOfPublication ?year ;
     ?p ?o .
  FILTER(?year <= "1970"^^<http://www.w3.org/2001/XMLSchema#gYear>)
}

2026-09-28 21:00:41.475 - INFO: Requested media types of the result are: "text/turtle"
2026-09-28 21:00:41.476 - INFO: Query planning done in 1 ms
2026-09-28 21:00:41.494 - INFO: Result has unknown size (not computed yet)
2026-09-28 21:00:42.067 - INFO: Done processing query and sending result, total time was 592 ms
2026-09-28 21:00:42.086 - INFO: 
2026-09-28 21:00:42.086 - INFO: Request received via GET, no content type specified
2026-09-28 21:00:42.086 - INFO: Processing command "clear-cache": clear the cache (unpinned elements only)
2026-09-28 21:00:42.112 - INFO: 
2026-09-28 21:00:42.112 - INFO: Request received via POST, content type "application/x-www-form-urlencoded"
2026-09-28 21:00:42.112 - INFO: Processing the following SPARQL query:
# Tier H — size-sweep
# Goal: isolate export cost from query-planning cost. Raise the year bound
# across runs, for example 1970, 1990, 2010, and 2023.
PREFIX dblp: <https://dblp.org/rdf/schema#>

CONSTRUCT { ?s ?p ?o }
WHERE {
  ?s a dblp:Publication ;
     dblp:yearOfPublication ?year ;
     ?p ?o .
  FILTER(?year <= "1970"^^<http://www.w3.org/2001/XMLSchema#gYear>)
}

2026-09-28 21:00:42.112 - INFO: Requested media types of the result are: "text/turtle"
2026-09-28 21:00:42.113 - INFO: Query planning done in 1 ms
2026-09-28 21:00:42.132 - INFO: Result has unknown size (not computed yet)
2026-09-28 21:00:42.707 - INFO: Done processing query and sending result, total time was 594 ms
2026-09-28 21:01:54.287 - INFO: 
2026-09-28 21:01:54.287 - INFO: Request received via GET, no content type specified
2026-09-28 21:01:54.287 - INFO: Processing command "clear-cache": clear the cache (unpinned elements only)
2026-09-28 21:01:54.305 - INFO: 
2026-09-28 21:01:54.305 - INFO: Request received via POST, content type "application/x-www-form-urlencoded"
2026-09-28 21:01:54.306 - INFO: Processing the following SPARQL query:
# Tier H — size-sweep
# Goal: isolate export cost from query-planning cost. Raise the year bound
# across runs, for example 1970, 1990, 2010, and 2023.
PREFIX dblp: <https://dblp.org/rdf/schema#>

CONSTRUCT { ?s ?p ?o }
WHERE {
  ?s a dblp:Publication ;
     dblp:yearOfPublication ?year ;
     ?p ?o .
  FILTER(?year <= "1970"^^<http://www.w3.org/2001/XMLSchema#gYear>)
}

2026-09-28 21:01:54.306 - INFO: Requested media types of the result are: "text/turtle"
2026-09-28 21:01:54.307 - INFO: Query planning done in 1 ms
2026-09-28 21:01:54.325 - INFO: Result has unknown size (not computed yet)
2026-09-28 21:01:54.905 - INFO: Done processing query and sending result, total time was 599 ms
2026-09-28 21:01:54.924 - INFO: 
2026-09-28 21:01:54.924 - INFO: Request received via GET, no content type specified
2026-09-28 21:01:54.924 - INFO: Processing command "clear-cache": clear the cache (unpinned elements only)
2026-09-28 21:01:54.942 - INFO: 
2026-09-28 21:01:54.942 - INFO: Request received via POST, content type "application/x-www-form-urlencoded"
2026-09-28 21:01:54.942 - INFO: Processing the following SPARQL query:
# Tier H — size-sweep
# Goal: isolate export cost from query-planning cost. Raise the year bound
# across runs, for example 1970, 1990, 2010, and 2023.
PREFIX dblp: <https://dblp.org/rdf/schema#>

CONSTRUCT { ?s ?p ?o }
WHERE {
  ?s a dblp:Publication ;
     dblp:yearOfPublication ?year ;
     ?p ?o .
  FILTER(?year <= "1970"^^<http://www.w3.org/2001/XMLSchema#gYear>)
}

2026-09-28 21:01:54.942 - INFO: Requested media types of the result are: "text/turtle"
2026-09-28 21:01:54.943 - INFO: Query planning done in 1 ms
2026-09-28 21:01:54.962 - INFO: Result has unknown size (not computed yet)
2026-09-28 21:01:55.534 - INFO: Done processing query and sending result, total time was 591 ms
2026-09-28 21:01:55.553 - INFO: 
2026-09-28 21:01:55.553 - INFO: Request received via GET, no content type specified
2026-09-28 21:01:55.553 - INFO: Processing command "clear-cache": clear the cache (unpinned elements only)
2026-09-28 21:01:55.571 - INFO: 
2026-09-28 21:01:55.571 - INFO: Request received via POST, content type "application/x-www-form-urlencoded"
2026-09-28 21:01:55.571 - INFO: Processing the following SPARQL query:
# Tier H — size-sweep
# Goal: isolate export cost from query-planning cost. Raise the year bound
# across runs, for example 1970, 1990, 2010, and 2023.
PREFIX dblp: <https://dblp.org/rdf/schema#>

CONSTRUCT { ?s ?p ?o }
WHERE {
  ?s a dblp:Publication ;
     dblp:yearOfPublication ?year ;
     ?p ?o .
  FILTER(?year <= "1970"^^<http://www.w3.org/2001/XMLSchema#gYear>)
}

2026-09-28 21:01:55.571 - INFO: Requested media types of the result are: "text/turtle"
2026-09-28 21:01:55.572 - INFO: Query planning done in 1 ms
2026-09-28 21:01:55.590 - INFO: Result has unknown size (not computed yet)
2026-09-28 21:01:56.167 - INFO: Done processing query and sending result, total time was 596 ms
2026-09-28 21:01:56.186 - INFO: 
2026-09-28 21:01:56.186 - INFO: Request received via GET, no content type specified
2026-09-28 21:01:56.186 - INFO: Processing command "clear-cache": clear the cache (unpinned elements only)
2026-09-28 21:01:56.204 - INFO: 
2026-09-28 21:01:56.204 - INFO: Request received via POST, content type "application/x-www-form-urlencoded"
2026-09-28 21:01:56.204 - INFO: Processing the following SPARQL query:
# Tier H — size-sweep
# Goal: isolate export cost from query-planning cost. Raise the year bound
# across runs, for example 1970, 1990, 2010, and 2023.
PREFIX dblp: <https://dblp.org/rdf/schema#>

CONSTRUCT { ?s ?p ?o }
WHERE {
  ?s a dblp:Publication ;
     dblp:yearOfPublication ?year ;
     ?p ?o .
  FILTER(?year <= "1970"^^<http://www.w3.org/2001/XMLSchema#gYear>)
}

2026-09-28 21:01:56.204 - INFO: Requested media types of the result are: "text/turtle"
2026-09-28 21:01:56.205 - INFO: Query planning done in 1 ms
2026-09-28 21:01:56.224 - INFO: Result has unknown size (not computed yet)
2026-09-28 21:01:56.804 - INFO: Done processing query and sending result, total time was 599 ms
2026-09-28 21:01:56.822 - INFO: 
2026-09-28 21:01:56.822 - INFO: Request received via GET, no content type specified
2026-09-28 21:01:56.822 - INFO: Processing command "clear-cache": clear the cache (unpinned elements only)
2026-09-28 21:01:56.840 - INFO: 
2026-09-28 21:01:56.840 - INFO: Request received via POST, content type "application/x-www-form-urlencoded"
2026-09-28 21:01:56.841 - INFO: Processing the following SPARQL query:
# Tier H — size-sweep
# Goal: isolate export cost from query-planning cost. Raise the year bound
# across runs, for example 1970, 1990, 2010, and 2023.
PREFIX dblp: <https://dblp.org/rdf/schema#>

CONSTRUCT { ?s ?p ?o }
WHERE {
  ?s a dblp:Publication ;
     dblp:yearOfPublication ?year ;
     ?p ?o .
  FILTER(?year <= "1970"^^<http://www.w3.org/2001/XMLSchema#gYear>)
}

2026-09-28 21:01:56.841 - INFO: Requested media types of the result are: "text/turtle"
2026-09-28 21:01:56.842 - INFO: Query planning done in 1 ms
2026-09-28 21:01:56.861 - INFO: Result has unknown size (not computed yet)
2026-09-28 21:01:57.435 - INFO: Done processing query and sending result, total time was 595 ms
2026-09-28 21:01:57.454 - INFO: 
2026-09-28 21:01:57.454 - INFO: Request received via GET, no content type specified
2026-09-28 21:01:57.454 - INFO: Processing command "clear-cache": clear the cache (unpinned elements only)
2026-09-28 21:01:57.472 - INFO: 
2026-09-28 21:01:57.472 - INFO: Request received via POST, content type "application/x-www-form-urlencoded"
2026-09-28 21:01:57.472 - INFO: Processing the following SPARQL query:
# Tier H — size-sweep
# Goal: isolate export cost from query-planning cost. Raise the year bound
# across runs, for example 1970, 1990, 2010, and 2023.
PREFIX dblp: <https://dblp.org/rdf/schema#>

CONSTRUCT { ?s ?p ?o }
WHERE {
  ?s a dblp:Publication ;
     dblp:yearOfPublication ?year ;
     ?p ?o .
  FILTER(?year <= "1970"^^<http://www.w3.org/2001/XMLSchema#gYear>)
}

2026-09-28 21:01:57.473 - INFO: Requested media types of the result are: "text/turtle"
2026-09-28 21:01:57.473 - INFO: Query planning done in 1 ms
2026-09-28 21:01:57.492 - INFO: Result has unknown size (not computed yet)
2026-09-28 21:01:58.070 - INFO: Done processing query and sending result, total time was 598 ms
2026-09-28 21:01:58.090 - INFO: 
2026-09-28 21:01:58.090 - INFO: Request received via GET, no content type specified
2026-09-28 21:01:58.090 - INFO: Processing command "clear-cache": clear the cache (unpinned elements only)
2026-09-28 21:01:58.108 - INFO: 
2026-09-28 21:01:58.108 - INFO: Request received via POST, content type "application/x-www-form-urlencoded"
2026-09-28 21:01:58.108 - INFO: Processing the following SPARQL query:
# Tier H — size-sweep
# Goal: isolate export cost from query-planning cost. Raise the year bound
# across runs, for example 1970, 1990, 2010, and 2023.
PREFIX dblp: <https://dblp.org/rdf/schema#>

CONSTRUCT { ?s ?p ?o }
WHERE {
  ?s a dblp:Publication ;
     dblp:yearOfPublication ?year ;
     ?p ?o .
  FILTER(?year <= "1970"^^<http://www.w3.org/2001/XMLSchema#gYear>)
}

2026-09-28 21:01:58.108 - INFO: Requested media types of the result are: "text/turtle"
2026-09-28 21:01:58.109 - INFO: Query planning done in 1 ms
2026-09-28 21:01:58.128 - INFO: Result has unknown size (not computed yet)
2026-09-28 21:01:58.699 - INFO: Done processing query and sending result, total time was 590 ms
2026-09-28 21:01:58.717 - INFO: 
2026-09-28 21:01:58.717 - INFO: Request received via GET, no content type specified
2026-09-28 21:01:58.717 - INFO: Processing command "clear-cache": clear the cache (unpinned elements only)
2026-09-28 21:01:58.735 - INFO: 
2026-09-28 21:01:58.735 - INFO: Request received via POST, content type "application/x-www-form-urlencoded"
2026-09-28 21:01:58.736 - INFO: Processing the following SPARQL query:
# Tier H — size-sweep
# Goal: isolate export cost from query-planning cost. Raise the year bound
# across runs, for example 1970, 1990, 2010, and 2023.
PREFIX dblp: <https://dblp.org/rdf/schema#>

CONSTRUCT { ?s ?p ?o }
WHERE {
  ?s a dblp:Publication ;
     dblp:yearOfPublication ?year ;
     ?p ?o .
  FILTER(?year <= "1970"^^<http://www.w3.org/2001/XMLSchema#gYear>)
}

2026-09-28 21:01:58.736 - INFO: Requested media types of the result are: "text/turtle"
2026-09-28 21:01:58.737 - INFO: Query planning done in 1 ms
2026-09-28 21:01:58.754 - INFO: Result has unknown size (not computed yet)
2026-09-28 21:01:59.324 - INFO: Done processing query and sending result, total time was 588 ms
2026-09-28 21:01:59.343 - INFO: 
2026-09-28 21:01:59.343 - INFO: Request received via GET, no content type specified
2026-09-28 21:01:59.343 - INFO: Processing command "clear-cache": clear the cache (unpinned elements only)
2026-09-28 21:01:59.361 - INFO: 
2026-09-28 21:01:59.361 - INFO: Request received via POST, content type "application/x-www-form-urlencoded"
2026-09-28 21:01:59.361 - INFO: Processing the following SPARQL query:
# Tier H — size-sweep
# Goal: isolate export cost from query-planning cost. Raise the year bound
# across runs, for example 1970, 1990, 2010, and 2023.
PREFIX dblp: <https://dblp.org/rdf/schema#>

CONSTRUCT { ?s ?p ?o }
WHERE {
  ?s a dblp:Publication ;
     dblp:yearOfPublication ?year ;
     ?p ?o .
  FILTER(?year <= "1970"^^<http://www.w3.org/2001/XMLSchema#gYear>)
}

2026-09-28 21:01:59.361 - INFO: Requested media types of the result are: "text/turtle"
2026-09-28 21:01:59.362 - INFO: Query planning done in 1 ms
2026-09-28 21:01:59.380 - INFO: Result has unknown size (not computed yet)
2026-09-28 21:01:59.950 - INFO: Done processing query and sending result, total time was 588 ms
2026-09-28 21:01:59.969 - INFO: 
2026-09-28 21:01:59.969 - INFO: Request received via GET, no content type specified
2026-09-28 21:01:59.969 - INFO: Processing command "clear-cache": clear the cache (unpinned elements only)
2026-09-28 21:01:59.987 - INFO: 
2026-09-28 21:01:59.987 - INFO: Request received via POST, content type "application/x-www-form-urlencoded"
2026-09-28 21:01:59.987 - INFO: Processing the following SPARQL query:
# Tier H — size-sweep
# Goal: isolate export cost from query-planning cost. Raise the year bound
# across runs, for example 1970, 1990, 2010, and 2023.
PREFIX dblp: <https://dblp.org/rdf/schema#>

CONSTRUCT { ?s ?p ?o }
WHERE {
  ?s a dblp:Publication ;
     dblp:yearOfPublication ?year ;
     ?p ?o .
  FILTER(?year <= "1970"^^<http://www.w3.org/2001/XMLSchema#gYear>)
}

2026-09-28 21:01:59.987 - INFO: Requested media types of the result are: "text/turtle"
2026-09-28 21:01:59.988 - INFO: Query planning done in 1 ms
2026-09-28 21:02:00.005 - INFO: Result has unknown size (not computed yet)
2026-09-28 21:02:00.575 - INFO: Done processing query and sending result, total time was 588 ms
2026-09-28 21:02:00.594 - INFO: 
2026-09-28 21:02:00.594 - INFO: Request received via GET, no content type specified
2026-09-28 21:02:00.594 - INFO: Processing command "clear-cache": clear the cache (unpinned elements only)
2026-09-28 21:02:00.612 - INFO: 
2026-09-28 21:02:00.612 - INFO: Request received via POST, content type "application/x-www-form-urlencoded"
2026-09-28 21:02:00.613 - INFO: Processing the following SPARQL query:
# Tier H — size-sweep
# Goal: isolate export cost from query-planning cost. Raise the year bound
# across runs, for example 1970, 1990, 2010, and 2023.
PREFIX dblp: <https://dblp.org/rdf/schema#>

CONSTRUCT { ?s ?p ?o }
WHERE {
  ?s a dblp:Publication ;
     dblp:yearOfPublication ?year ;
     ?p ?o .
  FILTER(?year <= "1970"^^<http://www.w3.org/2001/XMLSchema#gYear>)
}

2026-09-28 21:02:00.613 - INFO: Requested media types of the result are: "text/turtle"
2026-09-28 21:02:00.614 - INFO: Query planning done in 1 ms
2026-09-28 21:02:00.631 - INFO: Result has unknown size (not computed yet)
2026-09-28 21:02:01.204 - INFO: Done processing query and sending result, total time was 591 ms
2026-09-28 21:02:01.223 - INFO: 
2026-09-28 21:02:01.223 - INFO: Request received via GET, no content type specified
2026-09-28 21:02:01.223 - INFO: Processing command "clear-cache": clear the cache (unpinned elements only)
2026-09-28 21:02:01.241 - INFO: 
2026-09-28 21:02:01.241 - INFO: Request received via POST, content type "application/x-www-form-urlencoded"
2026-09-28 21:02:01.241 - INFO: Processing the following SPARQL query:
# Tier H — size-sweep
# Goal: isolate export cost from query-planning cost. Raise the year bound
# across runs, for example 1970, 1990, 2010, and 2023.
PREFIX dblp: <https://dblp.org/rdf/schema#>

CONSTRUCT { ?s ?p ?o }
WHERE {
  ?s a dblp:Publication ;
     dblp:yearOfPublication ?year ;
     ?p ?o .
  FILTER(?year <= "1970"^^<http://www.w3.org/2001/XMLSchema#gYear>)
}

2026-09-28 21:02:01.241 - INFO: Requested media types of the result are: "text/turtle"
2026-09-28 21:02:01.242 - INFO: Query planning done in 1 ms
2026-09-28 21:02:01.260 - INFO: Result has unknown size (not computed yet)
2026-09-28 21:02:01.845 - INFO: Done processing query and sending result, total time was 603 ms
2026-09-28 21:02:01.864 - INFO: 
2026-09-28 21:02:01.864 - INFO: Request received via GET, no content type specified
2026-09-28 21:02:01.864 - INFO: Processing command "clear-cache": clear the cache (unpinned elements only)
2026-09-28 21:02:01.889 - INFO: 
2026-09-28 21:02:01.889 - INFO: Request received via POST, content type "application/x-www-form-urlencoded"
2026-09-28 21:02:01.890 - INFO: Processing the following SPARQL query:
# Tier H — size-sweep
# Goal: isolate export cost from query-planning cost. Raise the year bound
# across runs, for example 1970, 1990, 2010, and 2023.
PREFIX dblp: <https://dblp.org/rdf/schema#>

CONSTRUCT { ?s ?p ?o }
WHERE {
  ?s a dblp:Publication ;
     dblp:yearOfPublication ?year ;
     ?p ?o .
  FILTER(?year <= "1970"^^<http://www.w3.org/2001/XMLSchema#gYear>)
}

2026-09-28 21:02:01.890 - INFO: Requested media types of the result are: "text/turtle"
2026-09-28 21:02:01.891 - INFO: Query planning done in 1 ms
2026-09-28 21:02:01.908 - INFO: Result has unknown size (not computed yet)
2026-09-28 21:02:02.480 - INFO: Done processing query and sending result, total time was 590 ms
2026-09-28 21:02:02.805 - INFO: 
2026-09-28 21:02:02.805 - INFO: Request received via GET, no content type specified
2026-09-28 21:02:02.805 - INFO: Processing command "clear-cache": clear the cache (unpinned elements only)
2026-09-28 21:02:02.823 - INFO: 
2026-09-28 21:02:02.823 - INFO: Request received via POST, content type "application/x-www-form-urlencoded"
2026-09-28 21:02:02.823 - INFO: Processing the following SPARQL query:
# Tier H — size-sweep
# Goal: isolate export cost from query-planning cost. Raise the year bound
# across runs, for example 1970, 1990, 2010, and 2023.
PREFIX dblp: <https://dblp.org/rdf/schema#>

CONSTRUCT { ?s ?p ?o }
WHERE {
  ?s a dblp:Publication ;
     dblp:yearOfPublication ?year ;
     ?p ?o .
  FILTER(?year <= "1970"^^<http://www.w3.org/2001/XMLSchema#gYear>)
}

2026-09-28 21:02:02.823 - INFO: Requested media types of the result are: "text/turtle"
2026-09-28 21:02:02.824 - INFO: Query planning done in 1 ms
2026-09-28 21:02:02.841 - INFO: Result has unknown size (not computed yet)
2026-09-28 21:02:03.416 - INFO: Done processing query and sending result, total time was 593 ms
2026-09-28 21:02:03.435 - INFO: 
2026-09-28 21:02:03.435 - INFO: Request received via GET, no content type specified
2026-09-28 21:02:03.435 - INFO: Processing command "clear-cache": clear the cache (unpinned elements only)
2026-09-28 21:02:03.453 - INFO: 
2026-09-28 21:02:03.453 - INFO: Request received via POST, content type "application/x-www-form-urlencoded"
2026-09-28 21:02:03.454 - INFO: Processing the following SPARQL query:
# Tier H — size-sweep
# Goal: isolate export cost from query-planning cost. Raise the year bound
# across runs, for example 1970, 1990, 2010, and 2023.
PREFIX dblp: <https://dblp.org/rdf/schema#>

CONSTRUCT { ?s ?p ?o }
WHERE {
  ?s a dblp:Publication ;
     dblp:yearOfPublication ?year ;
     ?p ?o .
  FILTER(?year <= "1970"^^<http://www.w3.org/2001/XMLSchema#gYear>)
}

2026-09-28 21:02:03.454 - INFO: Requested media types of the result are: "text/turtle"
2026-09-28 21:02:03.455 - INFO: Query planning done in 1 ms
2026-09-28 21:02:03.473 - INFO: Result has unknown size (not computed yet)
2026-09-28 21:02:04.043 - INFO: Done processing query and sending result, total time was 589 ms
2026-09-28 21:02:04.061 - INFO: 
2026-09-28 21:02:04.061 - INFO: Request received via GET, no content type specified
2026-09-28 21:02:04.061 - INFO: Processing command "clear-cache": clear the cache (unpinned elements only)
2026-09-28 21:02:04.079 - INFO: 
2026-09-28 21:02:04.079 - INFO: Request received via POST, content type "application/x-www-form-urlencoded"
2026-09-28 21:02:04.080 - INFO: Processing the following SPARQL query:
# Tier H — size-sweep
# Goal: isolate export cost from query-planning cost. Raise the year bound
# across runs, for example 1970, 1990, 2010, and 2023.
PREFIX dblp: <https://dblp.org/rdf/schema#>

CONSTRUCT { ?s ?p ?o }
WHERE {
  ?s a dblp:Publication ;
     dblp:yearOfPublication ?year ;
     ?p ?o .
  FILTER(?year <= "1970"^^<http://www.w3.org/2001/XMLSchema#gYear>)
}

2026-09-28 21:02:04.080 - INFO: Requested media types of the result are: "text/turtle"
2026-09-28 21:02:04.081 - INFO: Query planning done in 1 ms
2026-09-28 21:02:04.098 - INFO: Result has unknown size (not computed yet)
2026-09-28 21:02:04.671 - INFO: Done processing query and sending result, total time was 591 ms
2026-09-28 21:02:04.690 - INFO: 
2026-09-28 21:02:04.690 - INFO: Request received via GET, no content type specified
2026-09-28 21:02:04.690 - INFO: Processing command "clear-cache": clear the cache (unpinned elements only)
2026-09-28 21:02:04.708 - INFO: 
2026-09-28 21:02:04.708 - INFO: Request received via POST, content type "application/x-www-form-urlencoded"
2026-09-28 21:02:04.708 - INFO: Processing the following SPARQL query:
# Tier H — size-sweep
# Goal: isolate export cost from query-planning cost. Raise the year bound
# across runs, for example 1970, 1990, 2010, and 2023.
PREFIX dblp: <https://dblp.org/rdf/schema#>

CONSTRUCT { ?s ?p ?o }
WHERE {
  ?s a dblp:Publication ;
     dblp:yearOfPublication ?year ;
     ?p ?o .
  FILTER(?year <= "1970"^^<http://www.w3.org/2001/XMLSchema#gYear>)
}

2026-09-28 21:02:04.708 - INFO: Requested media types of the result are: "text/turtle"
2026-09-28 21:02:04.709 - INFO: Query planning done in 1 ms
2026-09-28 21:02:04.727 - INFO: Result has unknown size (not computed yet)
2026-09-28 21:02:05.305 - INFO: Done processing query and sending result, total time was 596 ms
2026-09-28 21:02:05.359 - INFO: 
2026-09-28 21:02:05.359 - INFO: Request received via GET, no content type specified
2026-09-28 21:02:05.359 - INFO: Processing command "clear-cache": clear the cache (unpinned elements only)
2026-09-28 21:02:05.377 - INFO: 
2026-09-28 21:02:05.377 - INFO: Request received via POST, content type "application/x-www-form-urlencoded"
2026-09-28 21:02:05.377 - INFO: Processing the following SPARQL query:
# Tier H — size-sweep
# Goal: isolate export cost from query-planning cost. Raise the year bound
# across runs, for example 1970, 1990, 2010, and 2023.
PREFIX dblp: <https://dblp.org/rdf/schema#>

CONSTRUCT { ?s ?p ?o }
WHERE {
  ?s a dblp:Publication ;
     dblp:yearOfPublication ?year ;
     ?p ?o .
  FILTER(?year <= "1970"^^<http://www.w3.org/2001/XMLSchema#gYear>)
}

2026-09-28 21:02:05.377 - INFO: Requested media types of the result are: "text/turtle"
2026-09-28 21:02:05.378 - INFO: Query planning done in 1 ms
2026-09-28 21:02:05.405 - INFO: Result has unknown size (not computed yet)
2026-09-28 21:02:06.053 - INFO: Done processing query and sending result, total time was 676 ms
2026-09-28 21:02:06.072 - INFO: 
2026-09-28 21:02:06.072 - INFO: Request received via GET, no content type specified
2026-09-28 21:02:06.072 - INFO: Processing command "clear-cache": clear the cache (unpinned elements only)
2026-09-28 21:02:06.090 - INFO: 
2026-09-28 21:02:06.090 - INFO: Request received via POST, content type "application/x-www-form-urlencoded"
2026-09-28 21:02:06.090 - INFO: Processing the following SPARQL query:
# Tier H — size-sweep
# Goal: isolate export cost from query-planning cost. Raise the year bound
# across runs, for example 1970, 1990, 2010, and 2023.
PREFIX dblp: <https://dblp.org/rdf/schema#>

CONSTRUCT { ?s ?p ?o }
WHERE {
  ?s a dblp:Publication ;
     dblp:yearOfPublication ?year ;
     ?p ?o .
  FILTER(?year <= "1970"^^<http://www.w3.org/2001/XMLSchema#gYear>)
}

2026-09-28 21:02:06.090 - INFO: Requested media types of the result are: "text/turtle"
2026-09-28 21:02:06.091 - INFO: Query planning done in 1 ms
2026-09-28 21:02:06.114 - INFO: Result has unknown size (not computed yet)
2026-09-28 21:02:06.760 - INFO: Done processing query and sending result, total time was 670 ms
2026-09-28 21:02:06.779 - INFO: 
2026-09-28 21:02:06.779 - INFO: Request received via GET, no content type specified
2026-09-28 21:02:06.779 - INFO: Processing command "clear-cache": clear the cache (unpinned elements only)
2026-09-28 21:02:06.798 - INFO: 
2026-09-28 21:02:06.798 - INFO: Request received via POST, content type "application/x-www-form-urlencoded"
2026-09-28 21:02:06.798 - INFO: Processing the following SPARQL query:
# Tier H — size-sweep
# Goal: isolate export cost from query-planning cost. Raise the year bound
# across runs, for example 1970, 1990, 2010, and 2023.
PREFIX dblp: <https://dblp.org/rdf/schema#>

CONSTRUCT { ?s ?p ?o }
WHERE {
  ?s a dblp:Publication ;
     dblp:yearOfPublication ?year ;
     ?p ?o .
  FILTER(?year <= "1970"^^<http://www.w3.org/2001/XMLSchema#gYear>)
}

2026-09-28 21:02:06.798 - INFO: Requested media types of the result are: "text/turtle"
2026-09-28 21:02:06.799 - INFO: Query planning done in 1 ms
2026-09-28 21:02:06.822 - INFO: Result has unknown size (not computed yet)
2026-09-28 21:02:07.479 - INFO: Done processing query and sending result, total time was 681 ms
2026-09-28 21:02:07.498 - INFO: 
2026-09-28 21:02:07.498 - INFO: Request received via GET, no content type specified
2026-09-28 21:02:07.498 - INFO: Processing command "clear-cache": clear the cache (unpinned elements only)
2026-09-28 21:02:07.516 - INFO: 
2026-09-28 21:02:07.516 - INFO: Request received via POST, content type "application/x-www-form-urlencoded"
2026-09-28 21:02:07.516 - INFO: Processing the following SPARQL query:
# Tier H — size-sweep
# Goal: isolate export cost from query-planning cost. Raise the year bound
# across runs, for example 1970, 1990, 2010, and 2023.
PREFIX dblp: <https://dblp.org/rdf/schema#>

CONSTRUCT { ?s ?p ?o }
WHERE {
  ?s a dblp:Publication ;
     dblp:yearOfPublication ?year ;
     ?p ?o .
  FILTER(?year <= "1970"^^<http://www.w3.org/2001/XMLSchema#gYear>)
}

2026-09-28 21:02:07.516 - INFO: Requested media types of the result are: "text/turtle"
2026-09-28 21:02:07.517 - INFO: Query planning done in 1 ms
2026-09-28 21:02:07.535 - INFO: Result has unknown size (not computed yet)
2026-09-28 21:02:08.117 - INFO: Done processing query and sending result, total time was 601 ms
2026-09-28 21:02:08.136 - INFO: 
2026-09-28 21:02:08.136 - INFO: Request received via GET, no content type specified
2026-09-28 21:02:08.136 - INFO: Processing command "clear-cache": clear the cache (unpinned elements only)
2026-09-28 21:02:08.154 - INFO: 
2026-09-28 21:02:08.154 - INFO: Request received via POST, content type "application/x-www-form-urlencoded"
2026-09-28 21:02:08.155 - INFO: Processing the following SPARQL query:
# Tier H — size-sweep
# Goal: isolate export cost from query-planning cost. Raise the year bound
# across runs, for example 1970, 1990, 2010, and 2023.
PREFIX dblp: <https://dblp.org/rdf/schema#>

CONSTRUCT { ?s ?p ?o }
WHERE {
  ?s a dblp:Publication ;
     dblp:yearOfPublication ?year ;
     ?p ?o .
  FILTER(?year <= "1970"^^<http://www.w3.org/2001/XMLSchema#gYear>)
}

2026-09-28 21:02:08.155 - INFO: Requested media types of the result are: "text/turtle"
2026-09-28 21:02:08.156 - INFO: Query planning done in 1 ms
2026-09-28 21:02:08.175 - INFO: Result has unknown size (not computed yet)
2026-09-28 21:02:08.749 - INFO: Done processing query and sending result, total time was 594 ms
2026-09-28 21:02:08.768 - INFO: 
2026-09-28 21:02:08.768 - INFO: Request received via GET, no content type specified
2026-09-28 21:02:08.768 - INFO: Processing command "clear-cache": clear the cache (unpinned elements only)
2026-09-28 21:02:08.786 - INFO: 
2026-09-28 21:02:08.786 - INFO: Request received via POST, content type "application/x-www-form-urlencoded"
2026-09-28 21:02:08.786 - INFO: Processing the following SPARQL query:
# Tier H — size-sweep
# Goal: isolate export cost from query-planning cost. Raise the year bound
# across runs, for example 1970, 1990, 2010, and 2023.
PREFIX dblp: <https://dblp.org/rdf/schema#>

CONSTRUCT { ?s ?p ?o }
WHERE {
  ?s a dblp:Publication ;
     dblp:yearOfPublication ?year ;
     ?p ?o .
  FILTER(?year <= "1970"^^<http://www.w3.org/2001/XMLSchema#gYear>)
}

2026-09-28 21:02:08.786 - INFO: Requested media types of the result are: "text/turtle"
2026-09-28 21:02:08.787 - INFO: Query planning done in 1 ms
2026-09-28 21:02:08.804 - INFO: Result has unknown size (not computed yet)
2026-09-28 21:02:09.374 - INFO: Done processing query and sending result, total time was 588 ms
2026-09-28 21:02:09.393 - INFO: 
2026-09-28 21:02:09.393 - INFO: Request received via GET, no content type specified
2026-09-28 21:02:09.393 - INFO: Processing command "clear-cache": clear the cache (unpinned elements only)
2026-09-28 21:02:09.411 - INFO: 
2026-09-28 21:02:09.411 - INFO: Request received via POST, content type "application/x-www-form-urlencoded"
2026-09-28 21:02:09.411 - INFO: Processing the following SPARQL query:
# Tier H — size-sweep
# Goal: isolate export cost from query-planning cost. Raise the year bound
# across runs, for example 1970, 1990, 2010, and 2023.
PREFIX dblp: <https://dblp.org/rdf/schema#>

CONSTRUCT { ?s ?p ?o }
WHERE {
  ?s a dblp:Publication ;
     dblp:yearOfPublication ?year ;
     ?p ?o .
  FILTER(?year <= "1970"^^<http://www.w3.org/2001/XMLSchema#gYear>)
}

2026-09-28 21:02:09.411 - INFO: Requested media types of the result are: "text/turtle"
2026-09-28 21:02:09.412 - INFO: Query planning done in 1 ms
2026-09-28 21:02:09.430 - INFO: Result has unknown size (not computed yet)
2026-09-28 21:02:10.050 - INFO: Done processing query and sending result, total time was 639 ms
2026-09-28 21:02:10.069 - INFO: 
2026-09-28 21:02:10.069 - INFO: Request received via GET, no content type specified
2026-09-28 21:02:10.069 - INFO: Processing command "clear-cache": clear the cache (unpinned elements only)
2026-09-28 21:02:10.087 - INFO: 
2026-09-28 21:02:10.087 - INFO: Request received via POST, content type "application/x-www-form-urlencoded"
2026-09-28 21:02:10.087 - INFO: Processing the following SPARQL query:
# Tier H — size-sweep
# Goal: isolate export cost from query-planning cost. Raise the year bound
# across runs, for example 1970, 1990, 2010, and 2023.
PREFIX dblp: <https://dblp.org/rdf/schema#>

CONSTRUCT { ?s ?p ?o }
WHERE {
  ?s a dblp:Publication ;
     dblp:yearOfPublication ?year ;
     ?p ?o .
  FILTER(?year <= "1970"^^<http://www.w3.org/2001/XMLSchema#gYear>)
}

2026-09-28 21:02:10.087 - INFO: Requested media types of the result are: "text/turtle"
2026-09-28 21:02:10.088 - INFO: Query planning done in 1 ms
2026-09-28 21:02:10.106 - INFO: Result has unknown size (not computed yet)
2026-09-28 21:02:10.696 - INFO: Done processing query and sending result, total time was 608 ms
2026-09-28 21:02:10.715 - INFO: 
2026-09-28 21:02:10.715 - INFO: Request received via GET, no content type specified
2026-09-28 21:02:10.715 - INFO: Processing command "clear-cache": clear the cache (unpinned elements only)
2026-09-28 21:02:10.740 - INFO: 
2026-09-28 21:02:10.740 - INFO: Request received via POST, content type "application/x-www-form-urlencoded"
2026-09-28 21:02:10.741 - INFO: Processing the following SPARQL query:
# Tier H — size-sweep
# Goal: isolate export cost from query-planning cost. Raise the year bound
# across runs, for example 1970, 1990, 2010, and 2023.
PREFIX dblp: <https://dblp.org/rdf/schema#>

CONSTRUCT { ?s ?p ?o }
WHERE {
  ?s a dblp:Publication ;
     dblp:yearOfPublication ?year ;
     ?p ?o .
  FILTER(?year <= "1970"^^<http://www.w3.org/2001/XMLSchema#gYear>)
}

2026-09-28 21:02:10.741 - INFO: Requested media types of the result are: "text/turtle"
2026-09-28 21:02:10.742 - INFO: Query planning done in 1 ms
2026-09-28 21:02:10.761 - INFO: Result has unknown size (not computed yet)
2026-09-28 21:02:11.331 - INFO: Done processing query and sending result, total time was 591 ms
2026-09-28 21:03:13.835 - INFO: 
2026-09-28 21:03:13.835 - INFO: Request received via GET, no content type specified
2026-09-28 21:03:13.835 - INFO: Processing command "clear-cache": clear the cache (unpinned elements only)
2026-09-28 21:03:13.868 - INFO: 
2026-09-28 21:03:13.868 - INFO: Request received via POST, content type "application/x-www-form-urlencoded"
2026-09-28 21:03:13.868 - INFO: Processing the following SPARQL query:
# Tier H — size-sweep
# Goal: isolate export cost from query-planning cost. Raise the year bound
# across runs, for example 1970, 1990, 2010, and 2023.
PREFIX dblp: <https://dblp.org/rdf/schema#>

CONSTRUCT { ?s ?p ?o }
WHERE {
  ?s a dblp:Publication ;
     dblp:yearOfPublication ?year ;
     ?p ?o .
  FILTER(?year <= "1970"^^<http://www.w3.org/2001/XMLSchema#gYear>)
}

2026-09-28 21:03:13.868 - INFO: Requested media types of the result are: "text/turtle"
2026-09-28 21:03:13.869 - INFO: Query planning done in 1 ms
2026-09-28 21:03:13.893 - INFO: Result has unknown size (not computed yet)
2026-09-28 21:03:14.542 - INFO: Done processing query and sending result, total time was 674 ms
2026-09-28 21:03:14.561 - INFO: 
2026-09-28 21:03:14.561 - INFO: Request received via GET, no content type specified
2026-09-28 21:03:14.561 - INFO: Processing command "clear-cache": clear the cache (unpinned elements only)
2026-09-28 21:03:14.587 - INFO: 
2026-09-28 21:03:14.587 - INFO: Request received via POST, content type "application/x-www-form-urlencoded"
2026-09-28 21:03:14.588 - INFO: Processing the following SPARQL query:
# Tier H — size-sweep
# Goal: isolate export cost from query-planning cost. Raise the year bound
# across runs, for example 1970, 1990, 2010, and 2023.
PREFIX dblp: <https://dblp.org/rdf/schema#>

CONSTRUCT { ?s ?p ?o }
WHERE {
  ?s a dblp:Publication ;
     dblp:yearOfPublication ?year ;
     ?p ?o .
  FILTER(?year <= "1970"^^<http://www.w3.org/2001/XMLSchema#gYear>)
}

2026-09-28 21:03:14.588 - INFO: Requested media types of the result are: "text/turtle"
2026-09-28 21:03:14.588 - INFO: Query planning done in 1 ms
2026-09-28 21:03:14.614 - INFO: Result has unknown size (not computed yet)
2026-09-28 21:03:15.261 - INFO: Done processing query and sending result, total time was 674 ms
2026-09-28 21:03:15.280 - INFO: 
2026-09-28 21:03:15.280 - INFO: Request received via GET, no content type specified
2026-09-28 21:03:15.280 - INFO: Processing command "clear-cache": clear the cache (unpinned elements only)
2026-09-28 21:03:15.299 - INFO: 
2026-09-28 21:03:15.299 - INFO: Request received via POST, content type "application/x-www-form-urlencoded"
2026-09-28 21:03:15.299 - INFO: Processing the following SPARQL query:
# Tier H — size-sweep
# Goal: isolate export cost from query-planning cost. Raise the year bound
# across runs, for example 1970, 1990, 2010, and 2023.
PREFIX dblp: <https://dblp.org/rdf/schema#>

CONSTRUCT { ?s ?p ?o }
WHERE {
  ?s a dblp:Publication ;
     dblp:yearOfPublication ?year ;
     ?p ?o .
  FILTER(?year <= "1970"^^<http://www.w3.org/2001/XMLSchema#gYear>)
}

2026-09-28 21:03:15.299 - INFO: Requested media types of the result are: "text/turtle"
2026-09-28 21:03:15.300 - INFO: Query planning done in 1 ms
2026-09-28 21:03:15.324 - INFO: Result has unknown size (not computed yet)
2026-09-28 21:03:15.972 - INFO: Done processing query and sending result, total time was 673 ms
2026-09-28 21:03:15.991 - INFO: 
2026-09-28 21:03:15.991 - INFO: Request received via GET, no content type specified
2026-09-28 21:03:15.991 - INFO: Processing command "clear-cache": clear the cache (unpinned elements only)
2026-09-28 21:03:16.010 - INFO: 
2026-09-28 21:03:16.010 - INFO: Request received via POST, content type "application/x-www-form-urlencoded"
2026-09-28 21:03:16.010 - INFO: Processing the following SPARQL query:
# Tier H — size-sweep
# Goal: isolate export cost from query-planning cost. Raise the year bound
# across runs, for example 1970, 1990, 2010, and 2023.
PREFIX dblp: <https://dblp.org/rdf/schema#>

CONSTRUCT { ?s ?p ?o }
WHERE {
  ?s a dblp:Publication ;
     dblp:yearOfPublication ?year ;
     ?p ?o .
  FILTER(?year <= "1970"^^<http://www.w3.org/2001/XMLSchema#gYear>)
}

2026-09-28 21:03:16.010 - INFO: Requested media types of the result are: "text/turtle"
2026-09-28 21:03:16.011 - INFO: Query planning done in 1 ms
2026-09-28 21:03:16.034 - INFO: Result has unknown size (not computed yet)
2026-09-28 21:03:16.659 - INFO: Done processing query and sending result, total time was 649 ms
2026-09-28 21:03:16.678 - INFO: 
2026-09-28 21:03:16.678 - INFO: Request received via GET, no content type specified
2026-09-28 21:03:16.678 - INFO: Processing command "clear-cache": clear the cache (unpinned elements only)
2026-09-28 21:03:16.696 - INFO: 
2026-09-28 21:03:16.696 - INFO: Request received via POST, content type "application/x-www-form-urlencoded"
2026-09-28 21:03:16.696 - INFO: Processing the following SPARQL query:
# Tier H — size-sweep
# Goal: isolate export cost from query-planning cost. Raise the year bound
# across runs, for example 1970, 1990, 2010, and 2023.
PREFIX dblp: <https://dblp.org/rdf/schema#>

CONSTRUCT { ?s ?p ?o }
WHERE {
  ?s a dblp:Publication ;
     dblp:yearOfPublication ?year ;
     ?p ?o .
  FILTER(?year <= "1970"^^<http://www.w3.org/2001/XMLSchema#gYear>)
}

2026-09-28 21:03:16.696 - INFO: Requested media types of the result are: "text/turtle"
2026-09-28 21:03:16.697 - INFO: Query planning done in 1 ms
2026-09-28 21:03:16.719 - INFO: Result has unknown size (not computed yet)
2026-09-28 21:03:17.274 - INFO: Done processing query and sending result, total time was 577 ms
2026-09-28 21:03:17.293 - INFO: 
2026-09-28 21:03:17.293 - INFO: Request received via GET, no content type specified
2026-09-28 21:03:17.293 - INFO: Processing command "clear-cache": clear the cache (unpinned elements only)
2026-09-28 21:03:17.311 - INFO: 
2026-09-28 21:03:17.311 - INFO: Request received via POST, content type "application/x-www-form-urlencoded"
2026-09-28 21:03:17.311 - INFO: Processing the following SPARQL query:
# Tier H — size-sweep
# Goal: isolate export cost from query-planning cost. Raise the year bound
# across runs, for example 1970, 1990, 2010, and 2023.
PREFIX dblp: <https://dblp.org/rdf/schema#>

CONSTRUCT { ?s ?p ?o }
WHERE {
  ?s a dblp:Publication ;
     dblp:yearOfPublication ?year ;
     ?p ?o .
  FILTER(?year <= "1970"^^<http://www.w3.org/2001/XMLSchema#gYear>)
}

2026-09-28 21:03:17.311 - INFO: Requested media types of the result are: "text/turtle"
2026-09-28 21:03:17.312 - INFO: Query planning done in 1 ms
2026-09-28 21:03:17.335 - INFO: Result has unknown size (not computed yet)
2026-09-28 21:03:17.888 - INFO: Done processing query and sending result, total time was 577 ms
2026-09-28 21:03:52.281 - INFO: 
2026-09-28 21:03:52.281 - INFO: Request received via GET, no content type specified
2026-09-28 21:03:52.281 - INFO: Processing command "clear-cache": clear the cache (unpinned elements only)
2026-09-28 21:03:52.300 - INFO: 
2026-09-28 21:03:52.300 - INFO: Request received via POST, content type "application/x-www-form-urlencoded"
2026-09-28 21:03:52.300 - INFO: Processing the following SPARQL query:
# Tier H — size-sweep, year <= 1990
# Goal: isolate export cost from query-planning cost. Raise the year bound
# across runs, for example 1970, 1990, 2010, and 2023.
PREFIX dblp: <https://dblp.org/rdf/schema#>

CONSTRUCT { ?s ?p ?o }
WHERE {
  ?s a dblp:Publication ;
     dblp:yearOfPublication ?year ;
     ?p ?o .
  FILTER(?year <= "1990"^^<http://www.w3.org/2001/XMLSchema#gYear>)
}

2026-09-28 21:03:52.300 - INFO: Requested media types of the result are: "text/turtle"
2026-09-28 21:03:52.301 - INFO: Query planning done in 1 ms
2026-09-28 21:03:52.403 - INFO: Result has unknown size (not computed yet)
2026-09-28 21:03:58.894 - INFO: Done processing query and sending result, total time was 6,594 ms
2026-09-28 21:04:54.802 - INFO: 
2026-09-28 21:04:54.802 - INFO: Request received via GET, no content type specified
2026-09-28 21:04:54.802 - INFO: Processing command "clear-cache": clear the cache (unpinned elements only)
2026-09-28 21:04:54.820 - INFO: 
2026-09-28 21:04:54.820 - INFO: Request received via POST, content type "application/x-www-form-urlencoded"
2026-09-28 21:04:54.821 - INFO: Processing the following SPARQL query:
# Tier H — size-sweep, year <= 1990
# Goal: isolate export cost from query-planning cost. Raise the year bound
# across runs, for example 1970, 1990, 2010, and 2023.
PREFIX dblp: <https://dblp.org/rdf/schema#>

CONSTRUCT { ?s ?p ?o }
WHERE {
  ?s a dblp:Publication ;
     dblp:yearOfPublication ?year ;
     ?p ?o .
  FILTER(?year <= "1990"^^<http://www.w3.org/2001/XMLSchema#gYear>)
}

2026-09-28 21:04:54.821 - INFO: Requested media types of the result are: "text/turtle"
2026-09-28 21:04:54.822 - INFO: Query planning done in 1 ms
2026-09-28 21:04:54.902 - INFO: Result has unknown size (not computed yet)
2026-09-28 21:05:01.448 - INFO: Done processing query and sending result, total time was 6,627 ms
2026-09-28 21:05:01.468 - INFO: 
2026-09-28 21:05:01.468 - INFO: Request received via GET, no content type specified
2026-09-28 21:05:01.468 - INFO: Processing command "clear-cache": clear the cache (unpinned elements only)
2026-09-28 21:05:01.486 - INFO: 
2026-09-28 21:05:01.486 - INFO: Request received via POST, content type "application/x-www-form-urlencoded"
2026-09-28 21:05:01.486 - INFO: Processing the following SPARQL query:
# Tier H — size-sweep, year <= 1990
# Goal: isolate export cost from query-planning cost. Raise the year bound
# across runs, for example 1970, 1990, 2010, and 2023.
PREFIX dblp: <https://dblp.org/rdf/schema#>

CONSTRUCT { ?s ?p ?o }
WHERE {
  ?s a dblp:Publication ;
     dblp:yearOfPublication ?year ;
     ?p ?o .
  FILTER(?year <= "1990"^^<http://www.w3.org/2001/XMLSchema#gYear>)
}

2026-09-28 21:05:01.486 - INFO: Requested media types of the result are: "text/turtle"
2026-09-28 21:05:01.487 - INFO: Query planning done in 1 ms
2026-09-28 21:05:01.558 - INFO: Result has unknown size (not computed yet)
2026-09-28 21:05:07.849 - INFO: Done processing query and sending result, total time was 6,363 ms
2026-09-28 21:05:08.173 - INFO: 
2026-09-28 21:05:08.174 - INFO: Request received via GET, no content type specified
2026-09-28 21:05:08.174 - INFO: Processing command "clear-cache": clear the cache (unpinned elements only)
2026-09-28 21:05:08.192 - INFO: 
2026-09-28 21:05:08.192 - INFO: Request received via POST, content type "application/x-www-form-urlencoded"
2026-09-28 21:05:08.192 - INFO: Processing the following SPARQL query:
# Tier H — size-sweep, year <= 1990
# Goal: isolate export cost from query-planning cost. Raise the year bound
# across runs, for example 1970, 1990, 2010, and 2023.
PREFIX dblp: <https://dblp.org/rdf/schema#>

CONSTRUCT { ?s ?p ?o }
WHERE {
  ?s a dblp:Publication ;
     dblp:yearOfPublication ?year ;
     ?p ?o .
  FILTER(?year <= "1990"^^<http://www.w3.org/2001/XMLSchema#gYear>)
}

2026-09-28 21:05:08.192 - INFO: Requested media types of the result are: "text/turtle"
2026-09-28 21:05:08.193 - INFO: Query planning done in 1 ms
2026-09-28 21:05:08.274 - INFO: Result has unknown size (not computed yet)
2026-09-28 21:05:14.733 - INFO: Done processing query and sending result, total time was 6,541 ms
2026-09-28 21:05:14.753 - INFO: 
2026-09-28 21:05:14.753 - INFO: Request received via GET, no content type specified
2026-09-28 21:05:14.753 - INFO: Processing command "clear-cache": clear the cache (unpinned elements only)
2026-09-28 21:05:14.771 - INFO: 
2026-09-28 21:05:14.771 - INFO: Request received via POST, content type "application/x-www-form-urlencoded"
2026-09-28 21:05:14.771 - INFO: Processing the following SPARQL query:
# Tier H — size-sweep, year <= 1990
# Goal: isolate export cost from query-planning cost. Raise the year bound
# across runs, for example 1970, 1990, 2010, and 2023.
PREFIX dblp: <https://dblp.org/rdf/schema#>

CONSTRUCT { ?s ?p ?o }
WHERE {
  ?s a dblp:Publication ;
     dblp:yearOfPublication ?year ;
     ?p ?o .
  FILTER(?year <= "1990"^^<http://www.w3.org/2001/XMLSchema#gYear>)
}

2026-09-28 21:05:14.771 - INFO: Requested media types of the result are: "text/turtle"
2026-09-28 21:05:14.772 - INFO: Query planning done in 1 ms
2026-09-28 21:05:14.856 - INFO: Result has unknown size (not computed yet)
2026-09-28 21:05:20.991 - INFO: Done processing query and sending result, total time was 6,219 ms
2026-09-28 21:07:11.711 - INFO: 
2026-09-28 21:07:11.711 - INFO: Request received via GET, no content type specified
2026-09-28 21:07:11.711 - INFO: Processing command "clear-cache": clear the cache (unpinned elements only)
2026-09-28 21:07:11.729 - INFO: 
2026-09-28 21:07:11.729 - INFO: Request received via POST, content type "application/x-www-form-urlencoded"
2026-09-28 21:07:11.729 - INFO: Processing the following SPARQL query:
# Tier H — size-sweep, year <= 1990
# Goal: isolate export cost from query-planning cost. Raise the year bound
# across runs, for example 1970, 1990, 2010, and 2023.
PREFIX dblp: <https://dblp.org/rdf/schema#>

CONSTRUCT { ?s ?p ?o }
WHERE {
  ?s a dblp:Publication ;
     dblp:yearOfPublication ?year ;
     ?p ?o .
  FILTER(?year <= "1990"^^<http://www.w3.org/2001/XMLSchema#gYear>)
}

2026-09-28 21:07:11.729 - INFO: Requested media types of the result are: "text/turtle"
2026-09-28 21:07:11.730 - INFO: Query planning done in 1 ms
2026-09-28 21:07:11.811 - INFO: Result has unknown size (not computed yet)
2026-09-28 21:07:18.093 - INFO: Done processing query and sending result, total time was 6,364 ms
2026-09-28 21:07:18.112 - INFO: 
2026-09-28 21:07:18.112 - INFO: Request received via GET, no content type specified
2026-09-28 21:07:18.112 - INFO: Processing command "clear-cache": clear the cache (unpinned elements only)
2026-09-28 21:07:18.131 - INFO: 
2026-09-28 21:07:18.131 - INFO: Request received via POST, content type "application/x-www-form-urlencoded"
2026-09-28 21:07:18.131 - INFO: Processing the following SPARQL query:
# Tier H — size-sweep, year <= 1990
# Goal: isolate export cost from query-planning cost. Raise the year bound
# across runs, for example 1970, 1990, 2010, and 2023.
PREFIX dblp: <https://dblp.org/rdf/schema#>

CONSTRUCT { ?s ?p ?o }
WHERE {
  ?s a dblp:Publication ;
     dblp:yearOfPublication ?year ;
     ?p ?o .
  FILTER(?year <= "1990"^^<http://www.w3.org/2001/XMLSchema#gYear>)
}

2026-09-28 21:07:18.131 - INFO: Requested media types of the result are: "text/turtle"
2026-09-28 21:07:18.132 - INFO: Query planning done in 1 ms
2026-09-28 21:07:18.216 - INFO: Result has unknown size (not computed yet)
2026-09-28 21:07:24.386 - INFO: Done processing query and sending result, total time was 6,255 ms
2026-09-28 21:07:24.711 - INFO: 
2026-09-28 21:07:24.711 - INFO: Request received via GET, no content type specified
2026-09-28 21:07:24.711 - INFO: Processing command "clear-cache": clear the cache (unpinned elements only)
2026-09-28 21:07:24.729 - INFO: 
2026-09-28 21:07:24.729 - INFO: Request received via POST, content type "application/x-www-form-urlencoded"
2026-09-28 21:07:24.729 - INFO: Processing the following SPARQL query:
# Tier H — size-sweep, year <= 1990
# Goal: isolate export cost from query-planning cost. Raise the year bound
# across runs, for example 1970, 1990, 2010, and 2023.
PREFIX dblp: <https://dblp.org/rdf/schema#>

CONSTRUCT { ?s ?p ?o }
WHERE {
  ?s a dblp:Publication ;
     dblp:yearOfPublication ?year ;
     ?p ?o .
  FILTER(?year <= "1990"^^<http://www.w3.org/2001/XMLSchema#gYear>)
}

2026-09-28 21:07:24.729 - INFO: Requested media types of the result are: "text/turtle"
2026-09-28 21:07:24.730 - INFO: Query planning done in 1 ms
2026-09-28 21:07:24.811 - INFO: Result has unknown size (not computed yet)
2026-09-28 21:07:30.995 - INFO: Done processing query and sending result, total time was 6,266 ms
2026-09-28 21:07:31.015 - INFO: 
2026-09-28 21:07:31.015 - INFO: Request received via GET, no content type specified
2026-09-28 21:07:31.015 - INFO: Processing command "clear-cache": clear the cache (unpinned elements only)
2026-09-28 21:07:31.033 - INFO: 
2026-09-28 21:07:31.033 - INFO: Request received via POST, content type "application/x-www-form-urlencoded"
2026-09-28 21:07:31.033 - INFO: Processing the following SPARQL query:
# Tier H — size-sweep, year <= 1990
# Goal: isolate export cost from query-planning cost. Raise the year bound
# across runs, for example 1970, 1990, 2010, and 2023.
PREFIX dblp: <https://dblp.org/rdf/schema#>

CONSTRUCT { ?s ?p ?o }
WHERE {
  ?s a dblp:Publication ;
     dblp:yearOfPublication ?year ;
     ?p ?o .
  FILTER(?year <= "1990"^^<http://www.w3.org/2001/XMLSchema#gYear>)
}

2026-09-28 21:07:31.033 - INFO: Requested media types of the result are: "text/turtle"
2026-09-28 21:07:31.034 - INFO: Query planning done in 1 ms
2026-09-28 21:07:31.136 - INFO: Result has unknown size (not computed yet)
2026-09-28 21:07:37.451 - INFO: Done processing query and sending result, total time was 6,418 ms
2026-09-28 21:09:29.613 - INFO: 
2026-09-28 21:09:29.613 - INFO: Request received via GET, no content type specified
2026-09-28 21:09:29.613 - INFO: Processing command "clear-cache": clear the cache (unpinned elements only)
2026-09-28 21:09:29.631 - INFO: 
2026-09-28 21:09:29.631 - INFO: Request received via POST, content type "application/x-www-form-urlencoded"
2026-09-28 21:09:29.631 - INFO: Processing the following SPARQL query:
# Tier H — size-sweep, year <= 1990
# Goal: isolate export cost from query-planning cost. Raise the year bound
# across runs, for example 1970, 1990, 2010, and 2023.
PREFIX dblp: <https://dblp.org/rdf/schema#>

CONSTRUCT { ?s ?p ?o }
WHERE {
  ?s a dblp:Publication ;
     dblp:yearOfPublication ?year ;
     ?p ?o .
  FILTER(?year <= "1990"^^<http://www.w3.org/2001/XMLSchema#gYear>)
}

2026-09-28 21:09:29.631 - INFO: Requested media types of the result are: "text/turtle"
2026-09-28 21:09:29.632 - INFO: Query planning done in 1 ms
2026-09-28 21:09:29.712 - INFO: Result has unknown size (not computed yet)
2026-09-28 21:09:35.953 - INFO: Done processing query and sending result, total time was 6,321 ms
2026-09-28 21:09:35.973 - INFO: 
2026-09-28 21:09:35.973 - INFO: Request received via GET, no content type specified
2026-09-28 21:09:35.973 - INFO: Processing command "clear-cache": clear the cache (unpinned elements only)
2026-09-28 21:09:35.992 - INFO: 
2026-09-28 21:09:35.992 - INFO: Request received via POST, content type "application/x-www-form-urlencoded"
2026-09-28 21:09:35.992 - INFO: Processing the following SPARQL query:
# Tier H — size-sweep, year <= 1990
# Goal: isolate export cost from query-planning cost. Raise the year bound
# across runs, for example 1970, 1990, 2010, and 2023.
PREFIX dblp: <https://dblp.org/rdf/schema#>

CONSTRUCT { ?s ?p ?o }
WHERE {
  ?s a dblp:Publication ;
     dblp:yearOfPublication ?year ;
     ?p ?o .
  FILTER(?year <= "1990"^^<http://www.w3.org/2001/XMLSchema#gYear>)
}

2026-09-28 21:09:35.992 - INFO: Requested media types of the result are: "text/turtle"
2026-09-28 21:09:35.993 - INFO: Query planning done in 1 ms
2026-09-28 21:09:36.073 - INFO: Result has unknown size (not computed yet)
2026-09-28 21:09:42.427 - INFO: Done processing query and sending result, total time was 6,435 ms
2026-09-28 21:09:42.752 - INFO: 
2026-09-28 21:09:42.752 - INFO: Request received via GET, no content type specified
2026-09-28 21:09:42.752 - INFO: Processing command "clear-cache": clear the cache (unpinned elements only)
2026-09-28 21:09:42.770 - INFO: 
2026-09-28 21:09:42.770 - INFO: Request received via POST, content type "application/x-www-form-urlencoded"
2026-09-28 21:09:42.770 - INFO: Processing the following SPARQL query:
# Tier H — size-sweep, year <= 1990
# Goal: isolate export cost from query-planning cost. Raise the year bound
# across runs, for example 1970, 1990, 2010, and 2023.
PREFIX dblp: <https://dblp.org/rdf/schema#>

CONSTRUCT { ?s ?p ?o }
WHERE {
  ?s a dblp:Publication ;
     dblp:yearOfPublication ?year ;
     ?p ?o .
  FILTER(?year <= "1990"^^<http://www.w3.org/2001/XMLSchema#gYear>)
}

2026-09-28 21:09:42.770 - INFO: Requested media types of the result are: "text/turtle"
2026-09-28 21:09:42.771 - INFO: Query planning done in 1 ms
2026-09-28 21:09:42.875 - INFO: Result has unknown size (not computed yet)
2026-09-28 21:09:49.204 - INFO: Done processing query and sending result, total time was 6,434 ms
2026-09-28 21:09:49.225 - INFO: 
2026-09-28 21:09:49.225 - INFO: Request received via GET, no content type specified
2026-09-28 21:09:49.225 - INFO: Processing command "clear-cache": clear the cache (unpinned elements only)
2026-09-28 21:09:49.243 - INFO: 
2026-09-28 21:09:49.243 - INFO: Request received via POST, content type "application/x-www-form-urlencoded"
2026-09-28 21:09:49.243 - INFO: Processing the following SPARQL query:
# Tier H — size-sweep, year <= 1990
# Goal: isolate export cost from query-planning cost. Raise the year bound
# across runs, for example 1970, 1990, 2010, and 2023.
PREFIX dblp: <https://dblp.org/rdf/schema#>

CONSTRUCT { ?s ?p ?o }
WHERE {
  ?s a dblp:Publication ;
     dblp:yearOfPublication ?year ;
     ?p ?o .
  FILTER(?year <= "1990"^^<http://www.w3.org/2001/XMLSchema#gYear>)
}

2026-09-28 21:09:49.243 - INFO: Requested media types of the result are: "text/turtle"
2026-09-28 21:09:49.244 - INFO: Query planning done in 1 ms
2026-09-28 21:09:49.346 - INFO: Result has unknown size (not computed yet)
2026-09-28 21:09:55.894 - INFO: Done processing query and sending result, total time was 6,650 ms
2026-09-28 21:11:45.801 - INFO: 
2026-09-28 21:11:45.801 - INFO: Request received via GET, no content type specified
2026-09-28 21:11:45.801 - INFO: Processing command "clear-cache": clear the cache (unpinned elements only)
2026-09-28 21:11:45.819 - INFO: 
2026-09-28 21:11:45.819 - INFO: Request received via POST, content type "application/x-www-form-urlencoded"
2026-09-28 21:11:45.819 - INFO: Processing the following SPARQL query:
# Tier H — size-sweep, year <= 1990
# Goal: isolate export cost from query-planning cost. Raise the year bound
# across runs, for example 1970, 1990, 2010, and 2023.
PREFIX dblp: <https://dblp.org/rdf/schema#>

CONSTRUCT { ?s ?p ?o }
WHERE {
  ?s a dblp:Publication ;
     dblp:yearOfPublication ?year ;
     ?p ?o .
  FILTER(?year <= "1990"^^<http://www.w3.org/2001/XMLSchema#gYear>)
}

2026-09-28 21:11:45.819 - INFO: Requested media types of the result are: "text/turtle"
2026-09-28 21:11:45.821 - INFO: Query planning done in 1 ms
2026-09-28 21:11:45.921 - INFO: Result has unknown size (not computed yet)
2026-09-28 21:11:52.617 - INFO: Done processing query and sending result, total time was 6,797 ms
2026-09-28 21:11:52.636 - INFO: 
2026-09-28 21:11:52.636 - INFO: Request received via GET, no content type specified
2026-09-28 21:11:52.636 - INFO: Processing command "clear-cache": clear the cache (unpinned elements only)
2026-09-28 21:11:52.654 - INFO: 
2026-09-28 21:11:52.654 - INFO: Request received via POST, content type "application/x-www-form-urlencoded"
2026-09-28 21:11:52.655 - INFO: Processing the following SPARQL query:
# Tier H — size-sweep, year <= 1990
# Goal: isolate export cost from query-planning cost. Raise the year bound
# across runs, for example 1970, 1990, 2010, and 2023.
PREFIX dblp: <https://dblp.org/rdf/schema#>

CONSTRUCT { ?s ?p ?o }
WHERE {
  ?s a dblp:Publication ;
     dblp:yearOfPublication ?year ;
     ?p ?o .
  FILTER(?year <= "1990"^^<http://www.w3.org/2001/XMLSchema#gYear>)
}

2026-09-28 21:11:52.655 - INFO: Requested media types of the result are: "text/turtle"
2026-09-28 21:11:52.656 - INFO: Query planning done in 1 ms
2026-09-28 21:11:52.739 - INFO: Result has unknown size (not computed yet)
2026-09-28 21:11:58.951 - INFO: Done processing query and sending result, total time was 6,297 ms
2026-09-28 21:11:59.276 - INFO: 
2026-09-28 21:11:59.276 - INFO: Request received via GET, no content type specified
2026-09-28 21:11:59.276 - INFO: Processing command "clear-cache": clear the cache (unpinned elements only)
2026-09-28 21:11:59.294 - INFO: 
2026-09-28 21:11:59.294 - INFO: Request received via POST, content type "application/x-www-form-urlencoded"
2026-09-28 21:11:59.295 - INFO: Processing the following SPARQL query:
# Tier H — size-sweep, year <= 1990
# Goal: isolate export cost from query-planning cost. Raise the year bound
# across runs, for example 1970, 1990, 2010, and 2023.
PREFIX dblp: <https://dblp.org/rdf/schema#>

CONSTRUCT { ?s ?p ?o }
WHERE {
  ?s a dblp:Publication ;
     dblp:yearOfPublication ?year ;
     ?p ?o .
  FILTER(?year <= "1990"^^<http://www.w3.org/2001/XMLSchema#gYear>)
}

2026-09-28 21:11:59.295 - INFO: Requested media types of the result are: "text/turtle"
2026-09-28 21:11:59.296 - INFO: Query planning done in 1 ms
2026-09-28 21:11:59.399 - INFO: Result has unknown size (not computed yet)
2026-09-28 21:12:05.972 - INFO: Done processing query and sending result, total time was 6,678 ms
2026-09-28 21:12:05.992 - INFO: 
2026-09-28 21:12:05.992 - INFO: Request received via GET, no content type specified
2026-09-28 21:12:05.992 - INFO: Processing command "clear-cache": clear the cache (unpinned elements only)
2026-09-28 21:12:06.010 - INFO: 
2026-09-28 21:12:06.010 - INFO: Request received via POST, content type "application/x-www-form-urlencoded"
2026-09-28 21:12:06.010 - INFO: Processing the following SPARQL query:
# Tier H — size-sweep, year <= 1990
# Goal: isolate export cost from query-planning cost. Raise the year bound
# across runs, for example 1970, 1990, 2010, and 2023.
PREFIX dblp: <https://dblp.org/rdf/schema#>

CONSTRUCT { ?s ?p ?o }
WHERE {
  ?s a dblp:Publication ;
     dblp:yearOfPublication ?year ;
     ?p ?o .
  FILTER(?year <= "1990"^^<http://www.w3.org/2001/XMLSchema#gYear>)
}

2026-09-28 21:12:06.010 - INFO: Requested media types of the result are: "text/turtle"
2026-09-28 21:12:06.011 - INFO: Query planning done in 1 ms
2026-09-28 21:12:06.093 - INFO: Result has unknown size (not computed yet)
2026-09-28 21:12:12.703 - INFO: Done processing query and sending result, total time was 6,693 ms
2026-09-28 21:14:03.206 - INFO: 
2026-09-28 21:14:03.206 - INFO: Request received via GET, no content type specified
2026-09-28 21:14:03.206 - INFO: Processing command "clear-cache": clear the cache (unpinned elements only)
2026-09-28 21:14:03.224 - INFO: 
2026-09-28 21:14:03.224 - INFO: Request received via POST, content type "application/x-www-form-urlencoded"
2026-09-28 21:14:03.224 - INFO: Processing the following SPARQL query:
# Tier H — size-sweep, year <= 1990
# Goal: isolate export cost from query-planning cost. Raise the year bound
# across runs, for example 1970, 1990, 2010, and 2023.
PREFIX dblp: <https://dblp.org/rdf/schema#>

CONSTRUCT { ?s ?p ?o }
WHERE {
  ?s a dblp:Publication ;
     dblp:yearOfPublication ?year ;
     ?p ?o .
  FILTER(?year <= "1990"^^<http://www.w3.org/2001/XMLSchema#gYear>)
}

2026-09-28 21:14:03.224 - INFO: Requested media types of the result are: "text/turtle"
2026-09-28 21:14:03.225 - INFO: Query planning done in 1 ms
2026-09-28 21:14:03.330 - INFO: Result has unknown size (not computed yet)
2026-09-28 21:14:09.765 - INFO: Done processing query and sending result, total time was 6,540 ms
2026-09-28 21:14:09.784 - INFO: 
2026-09-28 21:14:09.784 - INFO: Request received via GET, no content type specified
2026-09-28 21:14:09.784 - INFO: Processing command "clear-cache": clear the cache (unpinned elements only)
2026-09-28 21:14:09.803 - INFO: 
2026-09-28 21:14:09.803 - INFO: Request received via POST, content type "application/x-www-form-urlencoded"
2026-09-28 21:14:09.803 - INFO: Processing the following SPARQL query:
# Tier H — size-sweep, year <= 1990
# Goal: isolate export cost from query-planning cost. Raise the year bound
# across runs, for example 1970, 1990, 2010, and 2023.
PREFIX dblp: <https://dblp.org/rdf/schema#>

CONSTRUCT { ?s ?p ?o }
WHERE {
  ?s a dblp:Publication ;
     dblp:yearOfPublication ?year ;
     ?p ?o .
  FILTER(?year <= "1990"^^<http://www.w3.org/2001/XMLSchema#gYear>)
}

2026-09-28 21:14:09.803 - INFO: Requested media types of the result are: "text/turtle"
2026-09-28 21:14:09.804 - INFO: Query planning done in 1 ms
2026-09-28 21:14:09.908 - INFO: Result has unknown size (not computed yet)
2026-09-28 21:14:16.464 - INFO: Done processing query and sending result, total time was 6,661 ms
2026-09-28 21:14:16.788 - INFO: 
2026-09-28 21:14:16.788 - INFO: Request received via GET, no content type specified
2026-09-28 21:14:16.788 - INFO: Processing command "clear-cache": clear the cache (unpinned elements only)
2026-09-28 21:14:16.806 - INFO: 
2026-09-28 21:14:16.806 - INFO: Request received via POST, content type "application/x-www-form-urlencoded"
2026-09-28 21:14:16.807 - INFO: Processing the following SPARQL query:
# Tier H — size-sweep, year <= 1990
# Goal: isolate export cost from query-planning cost. Raise the year bound
# across runs, for example 1970, 1990, 2010, and 2023.
PREFIX dblp: <https://dblp.org/rdf/schema#>

CONSTRUCT { ?s ?p ?o }
WHERE {
  ?s a dblp:Publication ;
     dblp:yearOfPublication ?year ;
     ?p ?o .
  FILTER(?year <= "1990"^^<http://www.w3.org/2001/XMLSchema#gYear>)
}

2026-09-28 21:14:16.807 - INFO: Requested media types of the result are: "text/turtle"
2026-09-28 21:14:16.808 - INFO: Query planning done in 1 ms
2026-09-28 21:14:16.912 - INFO: Result has unknown size (not computed yet)
2026-09-28 21:14:23.171 - INFO: Done processing query and sending result, total time was 6,364 ms
2026-09-28 21:14:23.191 - INFO: 
2026-09-28 21:14:23.191 - INFO: Request received via GET, no content type specified
2026-09-28 21:14:23.191 - INFO: Processing command "clear-cache": clear the cache (unpinned elements only)
2026-09-28 21:14:23.209 - INFO: 
2026-09-28 21:14:23.209 - INFO: Request received via POST, content type "application/x-www-form-urlencoded"
2026-09-28 21:14:23.210 - INFO: Processing the following SPARQL query:
# Tier H — size-sweep, year <= 1990
# Goal: isolate export cost from query-planning cost. Raise the year bound
# across runs, for example 1970, 1990, 2010, and 2023.
PREFIX dblp: <https://dblp.org/rdf/schema#>

CONSTRUCT { ?s ?p ?o }
WHERE {
  ?s a dblp:Publication ;
     dblp:yearOfPublication ?year ;
     ?p ?o .
  FILTER(?year <= "1990"^^<http://www.w3.org/2001/XMLSchema#gYear>)
}

2026-09-28 21:14:23.210 - INFO: Requested media types of the result are: "text/turtle"
2026-09-28 21:14:23.211 - INFO: Query planning done in 1 ms
2026-09-28 21:14:23.313 - INFO: Result has unknown size (not computed yet)
2026-09-28 21:14:29.572 - INFO: Done processing query and sending result, total time was 6,362 ms
2026-09-28 21:16:04.948 - INFO: 
2026-09-28 21:16:04.948 - INFO: Request received via GET, no content type specified
2026-09-28 21:16:04.948 - INFO: Processing command "clear-cache": clear the cache (unpinned elements only)
2026-09-28 21:16:04.986 - INFO: 
2026-09-28 21:16:04.986 - INFO: Request received via POST, content type "application/x-www-form-urlencoded"
2026-09-28 21:16:04.986 - INFO: Processing the following SPARQL query:
# Tier H — size-sweep, year <= 1990
# Goal: isolate export cost from query-planning cost. Raise the year bound
# across runs, for example 1970, 1990, 2010, and 2023.
PREFIX dblp: <https://dblp.org/rdf/schema#>

CONSTRUCT { ?s ?p ?o }
WHERE {
  ?s a dblp:Publication ;
     dblp:yearOfPublication ?year ;
     ?p ?o .
  FILTER(?year <= "1990"^^<http://www.w3.org/2001/XMLSchema#gYear>)
}

2026-09-28 21:16:04.986 - INFO: Requested media types of the result are: "text/turtle"
2026-09-28 21:16:04.987 - INFO: Query planning done in 1 ms
2026-09-28 21:16:05.077 - INFO: Result has unknown size (not computed yet)
2026-09-28 21:16:12.125 - INFO: Done processing query and sending result, total time was 7,139 ms
