2026-09-28 20:36:03.574 - INFO: [1mQLever server v0.6.0-202-g13ccf0a8f, compiled on Mon Sep 28 17:53:31 UTC 2026 using git hash 13ccf0a[22m
2026-09-28 20:36:03.574 - INFO: Runtime parameter set from the command line: use-fast-export-stream-formatter=false
2026-09-28 20:36:03.574 - INFO: Cleanup of previous index directories after each rebuild enabled (--rebuild-keep-previous-index-dirs original-and-most-recent)
2026-09-28 20:36:03.574 - INFO: The git hash used to build this index was "65f84b4"
2026-09-28 20:36:03.574 - INFO: Reading vocabulary from file /local/data-ssd/stoetzem/dblp/dblp.vocabulary.words ...
2026-09-28 20:36:03.581 - INFO: Done, number of words: 446,944,668
2026-09-28 20:36:03.581 - INFO: Number of words in internal vocabulary (these are also part of the external vocabulary): 446,955
2026-09-28 20:36:03.585 - INFO: Registered PSO permutation: #relations = 6, #blocks = 8,187, #triples = 255,805,025
2026-09-28 20:36:03.605 - INFO: Registered PSO permutation: #relations = 96, #blocks = 51,023, #triples = 1,593,245,022
2026-09-28 20:36:03.607 - INFO: Registered POS permutation: #relations = 6, #blocks = 8,187, #triples = 255,805,025
2026-09-28 20:36:03.626 - INFO: Registered POS permutation: #relations = 96, #blocks = 51,023, #triples = 1,593,245,022
2026-09-28 20:36:03.642 - INFO: Registered OPS permutation: #relations = 345,357,897, #blocks = 42,492, #triples = 1,593,245,022
2026-09-28 20:36:03.658 - INFO: Registered OSP permutation: #relations = 345,357,897, #blocks = 42,492, #triples = 1,593,245,022
2026-09-28 20:36:03.668 - INFO: Registered SPO permutation: #relations = 255,804,614, #blocks = 33,993, #triples = 1,593,245,022
2026-09-28 20:36:03.676 - INFO: Registered SOP permutation: #relations = 255,804,614, #blocks = 33,993, #triples = 1,593,245,022
2026-09-28 20:36:03.676 - INFO: Reading patterns from file /local/data-ssd/stoetzem/dblp/dblp.index.patterns ...
2026-09-28 20:36:03.676 - INFO: Sorting random result tables to estimate the sorting performance of this machine ...
2026-09-28 20:36:11.901 - INFO: Initializing server ...
2026-09-28 20:36:11.901 - INFO: No access token required for restricted API calls
2026-09-28 20:36:11.901 - INFO: The server is ready, listening for requests on port 7302 ...
2026-09-28 20:36:58.661 - INFO: 
2026-09-28 20:36:58.661 - INFO: Request received via GET, no content type specified
2026-09-28 20:36:58.661 - INFO: Processing command "clear-cache": clear the cache (unpinned elements only)
2026-09-28 20:36:58.682 - INFO: 
2026-09-28 20:36:58.682 - INFO: Request received via POST, content type "application/x-www-form-urlencoded"
2026-09-28 20:36:58.684 - INFO: Processing the following SPARQL query:
# Tier H-vocab — title literals, large
# Goal: external-vocabulary lookup pressure with larger bounded output.
PREFIX dblp: <https://dblp.org/rdf/schema#>

CONSTRUCT { ?paper dblp:title ?title }
WHERE {
  ?paper dblp:title ?title .
}
LIMIT 100000

2026-09-28 20:36:58.684 - INFO: Requested media types of the result are: "text/turtle"
2026-09-28 20:36:58.684 - INFO: Query planning done in 2 ms
2026-09-28 20:36:58.684 - INFO: Result has unknown size (not computed yet)
2026-09-28 20:36:58.986 - INFO: Done processing query and sending result, total time was 304 ms
2026-09-28 20:37:04.747 - INFO: 
2026-09-28 20:37:04.747 - INFO: Request received via GET, no content type specified
2026-09-28 20:37:04.747 - INFO: Processing command "clear-cache": clear the cache (unpinned elements only)
2026-09-28 20:37:04.765 - INFO: 
2026-09-28 20:37:04.765 - INFO: Request received via POST, content type "application/x-www-form-urlencoded"
2026-09-28 20:37:04.765 - INFO: Processing the following SPARQL query:
# Tier H-vocab — title literals, large
# Goal: external-vocabulary lookup pressure with larger bounded output.
PREFIX dblp: <https://dblp.org/rdf/schema#>

CONSTRUCT { ?paper dblp:title ?title }
WHERE {
  ?paper dblp:title ?title .
}
LIMIT 100000

2026-09-28 20:37:04.765 - INFO: Requested media types of the result are: "text/turtle"
2026-09-28 20:37:04.765 - INFO: Query planning done in 0 ms
2026-09-28 20:37:04.765 - INFO: Result has unknown size (not computed yet)
2026-09-28 20:37:05.072 - INFO: Done processing query and sending result, total time was 307 ms
2026-09-28 20:37:05.108 - INFO: 
2026-09-28 20:37:05.108 - INFO: Request received via GET, no content type specified
2026-09-28 20:37:05.108 - INFO: Processing command "clear-cache": clear the cache (unpinned elements only)
2026-09-28 20:37:05.127 - INFO: 
2026-09-28 20:37:05.127 - INFO: Request received via POST, content type "application/x-www-form-urlencoded"
2026-09-28 20:37:05.127 - INFO: Processing the following SPARQL query:
# Tier H-vocab — title literals, large
# Goal: external-vocabulary lookup pressure with larger bounded output.
PREFIX dblp: <https://dblp.org/rdf/schema#>

CONSTRUCT { ?paper dblp:title ?title }
WHERE {
  ?paper dblp:title ?title .
}
LIMIT 100000

2026-09-28 20:37:05.127 - INFO: Requested media types of the result are: "text/turtle"
2026-09-28 20:37:05.127 - INFO: Query planning done in 0 ms
2026-09-28 20:37:05.127 - INFO: Result has unknown size (not computed yet)
2026-09-28 20:37:05.438 - INFO: Done processing query and sending result, total time was 310 ms
2026-09-28 20:37:05.458 - INFO: 
2026-09-28 20:37:05.458 - INFO: Request received via GET, no content type specified
2026-09-28 20:37:05.458 - INFO: Processing command "clear-cache": clear the cache (unpinned elements only)
2026-09-28 20:37:05.476 - INFO: 
2026-09-28 20:37:05.476 - INFO: Request received via POST, content type "application/x-www-form-urlencoded"
2026-09-28 20:37:05.476 - INFO: Processing the following SPARQL query:
# Tier H-vocab — title literals, large
# Goal: external-vocabulary lookup pressure with larger bounded output.
PREFIX dblp: <https://dblp.org/rdf/schema#>

CONSTRUCT { ?paper dblp:title ?title }
WHERE {
  ?paper dblp:title ?title .
}
LIMIT 100000

2026-09-28 20:37:05.476 - INFO: Requested media types of the result are: "text/turtle"
2026-09-28 20:37:05.476 - INFO: Query planning done in 0 ms
2026-09-28 20:37:05.476 - INFO: Result has unknown size (not computed yet)
2026-09-28 20:37:05.778 - INFO: Done processing query and sending result, total time was 302 ms
2026-09-28 20:37:05.798 - INFO: 
2026-09-28 20:37:05.798 - INFO: Request received via GET, no content type specified
2026-09-28 20:37:05.798 - INFO: Processing command "clear-cache": clear the cache (unpinned elements only)
2026-09-28 20:37:05.816 - INFO: 
2026-09-28 20:37:05.816 - INFO: Request received via POST, content type "application/x-www-form-urlencoded"
2026-09-28 20:37:05.816 - INFO: Processing the following SPARQL query:
# Tier H-vocab — title literals, large
# Goal: external-vocabulary lookup pressure with larger bounded output.
PREFIX dblp: <https://dblp.org/rdf/schema#>

CONSTRUCT { ?paper dblp:title ?title }
WHERE {
  ?paper dblp:title ?title .
}
LIMIT 100000

2026-09-28 20:37:05.817 - INFO: Requested media types of the result are: "text/turtle"
2026-09-28 20:37:05.817 - INFO: Query planning done in 0 ms
2026-09-28 20:37:05.817 - INFO: Result has unknown size (not computed yet)
2026-09-28 20:37:06.121 - INFO: Done processing query and sending result, total time was 304 ms
2026-09-28 20:37:06.141 - INFO: 
2026-09-28 20:37:06.141 - INFO: Request received via GET, no content type specified
2026-09-28 20:37:06.141 - INFO: Processing command "clear-cache": clear the cache (unpinned elements only)
2026-09-28 20:37:06.159 - INFO: 
2026-09-28 20:37:06.159 - INFO: Request received via POST, content type "application/x-www-form-urlencoded"
2026-09-28 20:37:06.159 - INFO: Processing the following SPARQL query:
# Tier H-vocab — title literals, large
# Goal: external-vocabulary lookup pressure with larger bounded output.
PREFIX dblp: <https://dblp.org/rdf/schema#>

CONSTRUCT { ?paper dblp:title ?title }
WHERE {
  ?paper dblp:title ?title .
}
LIMIT 100000

2026-09-28 20:37:06.159 - INFO: Requested media types of the result are: "text/turtle"
2026-09-28 20:37:06.159 - INFO: Query planning done in 0 ms
2026-09-28 20:37:06.160 - INFO: Result has unknown size (not computed yet)
2026-09-28 20:37:06.460 - INFO: Done processing query and sending result, total time was 301 ms
2026-09-28 20:37:06.481 - INFO: 
2026-09-28 20:37:06.481 - INFO: Request received via GET, no content type specified
2026-09-28 20:37:06.481 - INFO: Processing command "clear-cache": clear the cache (unpinned elements only)
2026-09-28 20:37:06.498 - INFO: 
2026-09-28 20:37:06.498 - INFO: Request received via POST, content type "application/x-www-form-urlencoded"
2026-09-28 20:37:06.499 - INFO: Processing the following SPARQL query:
# Tier H-vocab — title literals, large
# Goal: external-vocabulary lookup pressure with larger bounded output.
PREFIX dblp: <https://dblp.org/rdf/schema#>

CONSTRUCT { ?paper dblp:title ?title }
WHERE {
  ?paper dblp:title ?title .
}
LIMIT 100000

2026-09-28 20:37:06.499 - INFO: Requested media types of the result are: "text/turtle"
2026-09-28 20:37:06.499 - INFO: Query planning done in 0 ms
2026-09-28 20:37:06.499 - INFO: Result has unknown size (not computed yet)
2026-09-28 20:37:06.806 - INFO: Done processing query and sending result, total time was 307 ms
2026-09-28 20:37:06.826 - INFO: 
2026-09-28 20:37:06.826 - INFO: Request received via GET, no content type specified
2026-09-28 20:37:06.826 - INFO: Processing command "clear-cache": clear the cache (unpinned elements only)
2026-09-28 20:37:06.844 - INFO: 
2026-09-28 20:37:06.844 - INFO: Request received via POST, content type "application/x-www-form-urlencoded"
2026-09-28 20:37:06.845 - INFO: Processing the following SPARQL query:
# Tier H-vocab — title literals, large
# Goal: external-vocabulary lookup pressure with larger bounded output.
PREFIX dblp: <https://dblp.org/rdf/schema#>

CONSTRUCT { ?paper dblp:title ?title }
WHERE {
  ?paper dblp:title ?title .
}
LIMIT 100000

2026-09-28 20:37:06.845 - INFO: Requested media types of the result are: "text/turtle"
2026-09-28 20:37:06.845 - INFO: Query planning done in 0 ms
2026-09-28 20:37:06.845 - INFO: Result has unknown size (not computed yet)
2026-09-28 20:37:07.147 - INFO: Done processing query and sending result, total time was 303 ms
2026-09-28 20:37:07.168 - INFO: 
2026-09-28 20:37:07.168 - INFO: Request received via GET, no content type specified
2026-09-28 20:37:07.168 - INFO: Processing command "clear-cache": clear the cache (unpinned elements only)
2026-09-28 20:37:07.186 - INFO: 
2026-09-28 20:37:07.186 - INFO: Request received via POST, content type "application/x-www-form-urlencoded"
2026-09-28 20:37:07.186 - INFO: Processing the following SPARQL query:
# Tier H-vocab — title literals, large
# Goal: external-vocabulary lookup pressure with larger bounded output.
PREFIX dblp: <https://dblp.org/rdf/schema#>

CONSTRUCT { ?paper dblp:title ?title }
WHERE {
  ?paper dblp:title ?title .
}
LIMIT 100000

2026-09-28 20:37:07.186 - INFO: Requested media types of the result are: "text/turtle"
2026-09-28 20:37:07.186 - INFO: Query planning done in 0 ms
2026-09-28 20:37:07.186 - INFO: Result has unknown size (not computed yet)
2026-09-28 20:37:07.489 - INFO: Done processing query and sending result, total time was 303 ms
2026-09-28 20:37:07.509 - INFO: 
2026-09-28 20:37:07.509 - INFO: Request received via GET, no content type specified
2026-09-28 20:37:07.509 - INFO: Processing command "clear-cache": clear the cache (unpinned elements only)
2026-09-28 20:37:07.527 - INFO: 
2026-09-28 20:37:07.527 - INFO: Request received via POST, content type "application/x-www-form-urlencoded"
2026-09-28 20:37:07.528 - INFO: Processing the following SPARQL query:
# Tier H-vocab — title literals, large
# Goal: external-vocabulary lookup pressure with larger bounded output.
PREFIX dblp: <https://dblp.org/rdf/schema#>

CONSTRUCT { ?paper dblp:title ?title }
WHERE {
  ?paper dblp:title ?title .
}
LIMIT 100000

2026-09-28 20:37:07.528 - INFO: Requested media types of the result are: "text/turtle"
2026-09-28 20:37:07.528 - INFO: Query planning done in 0 ms
2026-09-28 20:37:07.528 - INFO: Result has unknown size (not computed yet)
2026-09-28 20:37:07.831 - INFO: Done processing query and sending result, total time was 303 ms
2026-09-28 20:37:07.851 - INFO: 
2026-09-28 20:37:07.851 - INFO: Request received via GET, no content type specified
2026-09-28 20:37:07.851 - INFO: Processing command "clear-cache": clear the cache (unpinned elements only)
2026-09-28 20:37:07.869 - INFO: 
2026-09-28 20:37:07.869 - INFO: Request received via POST, content type "application/x-www-form-urlencoded"
2026-09-28 20:37:07.869 - INFO: Processing the following SPARQL query:
# Tier H-vocab — title literals, large
# Goal: external-vocabulary lookup pressure with larger bounded output.
PREFIX dblp: <https://dblp.org/rdf/schema#>

CONSTRUCT { ?paper dblp:title ?title }
WHERE {
  ?paper dblp:title ?title .
}
LIMIT 100000

2026-09-28 20:37:07.869 - INFO: Requested media types of the result are: "text/turtle"
2026-09-28 20:37:07.869 - INFO: Query planning done in 0 ms
2026-09-28 20:37:07.869 - INFO: Result has unknown size (not computed yet)
2026-09-28 20:37:08.170 - INFO: Done processing query and sending result, total time was 301 ms
2026-09-28 20:37:08.191 - INFO: 
2026-09-28 20:37:08.191 - INFO: Request received via GET, no content type specified
2026-09-28 20:37:08.191 - INFO: Processing command "clear-cache": clear the cache (unpinned elements only)
2026-09-28 20:37:08.217 - INFO: 
2026-09-28 20:37:08.217 - INFO: Request received via POST, content type "application/x-www-form-urlencoded"
2026-09-28 20:37:08.218 - INFO: Processing the following SPARQL query:
# Tier H-vocab — title literals, large
# Goal: external-vocabulary lookup pressure with larger bounded output.
PREFIX dblp: <https://dblp.org/rdf/schema#>

CONSTRUCT { ?paper dblp:title ?title }
WHERE {
  ?paper dblp:title ?title .
}
LIMIT 100000

2026-09-28 20:37:08.218 - INFO: Requested media types of the result are: "text/turtle"
2026-09-28 20:37:08.218 - INFO: Query planning done in 0 ms
2026-09-28 20:37:08.218 - INFO: Result has unknown size (not computed yet)
2026-09-28 20:37:08.521 - INFO: Done processing query and sending result, total time was 303 ms
2026-09-28 20:37:41.900 - INFO: 
2026-09-28 20:37:41.900 - INFO: Request received via GET, no content type specified
2026-09-28 20:37:41.900 - INFO: Processing command "clear-cache": clear the cache (unpinned elements only)
2026-09-28 20:37:41.918 - INFO: 
2026-09-28 20:37:41.918 - INFO: Request received via POST, content type "application/x-www-form-urlencoded"
2026-09-28 20:37:41.919 - INFO: Processing the following SPARQL query:
# Tier H-vocab — title literals, large
# Goal: external-vocabulary lookup pressure with larger bounded output.
PREFIX dblp: <https://dblp.org/rdf/schema#>

CONSTRUCT { ?paper dblp:title ?title }
WHERE {
  ?paper dblp:title ?title .
}
LIMIT 100000

2026-09-28 20:37:41.919 - INFO: Requested media types of the result are: "text/turtle"
2026-09-28 20:37:41.919 - INFO: Query planning done in 0 ms
2026-09-28 20:37:41.919 - INFO: Result has unknown size (not computed yet)
2026-09-28 20:37:42.224 - INFO: Done processing query and sending result, total time was 305 ms
2026-09-28 20:37:42.244 - INFO: 
2026-09-28 20:37:42.244 - INFO: Request received via GET, no content type specified
2026-09-28 20:37:42.244 - INFO: Processing command "clear-cache": clear the cache (unpinned elements only)
2026-09-28 20:37:42.262 - INFO: 
2026-09-28 20:37:42.262 - INFO: Request received via POST, content type "application/x-www-form-urlencoded"
2026-09-28 20:37:42.263 - INFO: Processing the following SPARQL query:
# Tier H-vocab — title literals, large
# Goal: external-vocabulary lookup pressure with larger bounded output.
PREFIX dblp: <https://dblp.org/rdf/schema#>

CONSTRUCT { ?paper dblp:title ?title }
WHERE {
  ?paper dblp:title ?title .
}
LIMIT 100000

2026-09-28 20:37:42.263 - INFO: Requested media types of the result are: "text/turtle"
2026-09-28 20:37:42.263 - INFO: Query planning done in 0 ms
2026-09-28 20:37:42.263 - INFO: Result has unknown size (not computed yet)
2026-09-28 20:37:42.567 - INFO: Done processing query and sending result, total time was 304 ms
2026-09-28 20:37:42.587 - INFO: 
2026-09-28 20:37:42.587 - INFO: Request received via GET, no content type specified
2026-09-28 20:37:42.587 - INFO: Processing command "clear-cache": clear the cache (unpinned elements only)
2026-09-28 20:37:42.605 - INFO: 
2026-09-28 20:37:42.605 - INFO: Request received via POST, content type "application/x-www-form-urlencoded"
2026-09-28 20:37:42.605 - INFO: Processing the following SPARQL query:
# Tier H-vocab — title literals, large
# Goal: external-vocabulary lookup pressure with larger bounded output.
PREFIX dblp: <https://dblp.org/rdf/schema#>

CONSTRUCT { ?paper dblp:title ?title }
WHERE {
  ?paper dblp:title ?title .
}
LIMIT 100000

2026-09-28 20:37:42.605 - INFO: Requested media types of the result are: "text/turtle"
2026-09-28 20:37:42.605 - INFO: Query planning done in 0 ms
2026-09-28 20:37:42.605 - INFO: Result has unknown size (not computed yet)
2026-09-28 20:37:42.909 - INFO: Done processing query and sending result, total time was 304 ms
2026-09-28 20:37:42.930 - INFO: 
2026-09-28 20:37:42.930 - INFO: Request received via GET, no content type specified
2026-09-28 20:37:42.930 - INFO: Processing command "clear-cache": clear the cache (unpinned elements only)
2026-09-28 20:37:42.947 - INFO: 
2026-09-28 20:37:42.947 - INFO: Request received via POST, content type "application/x-www-form-urlencoded"
2026-09-28 20:37:42.948 - INFO: Processing the following SPARQL query:
# Tier H-vocab — title literals, large
# Goal: external-vocabulary lookup pressure with larger bounded output.
PREFIX dblp: <https://dblp.org/rdf/schema#>

CONSTRUCT { ?paper dblp:title ?title }
WHERE {
  ?paper dblp:title ?title .
}
LIMIT 100000

2026-09-28 20:37:42.948 - INFO: Requested media types of the result are: "text/turtle"
2026-09-28 20:37:42.948 - INFO: Query planning done in 0 ms
2026-09-28 20:37:42.948 - INFO: Result has unknown size (not computed yet)
2026-09-28 20:37:43.251 - INFO: Done processing query and sending result, total time was 303 ms
2026-09-28 20:37:43.271 - INFO: 
2026-09-28 20:37:43.271 - INFO: Request received via GET, no content type specified
2026-09-28 20:37:43.271 - INFO: Processing command "clear-cache": clear the cache (unpinned elements only)
2026-09-28 20:37:43.289 - INFO: 
2026-09-28 20:37:43.289 - INFO: Request received via POST, content type "application/x-www-form-urlencoded"
2026-09-28 20:37:43.289 - INFO: Processing the following SPARQL query:
# Tier H-vocab — title literals, large
# Goal: external-vocabulary lookup pressure with larger bounded output.
PREFIX dblp: <https://dblp.org/rdf/schema#>

CONSTRUCT { ?paper dblp:title ?title }
WHERE {
  ?paper dblp:title ?title .
}
LIMIT 100000

2026-09-28 20:37:43.289 - INFO: Requested media types of the result are: "text/turtle"
2026-09-28 20:37:43.289 - INFO: Query planning done in 0 ms
2026-09-28 20:37:43.290 - INFO: Result has unknown size (not computed yet)
2026-09-28 20:37:43.594 - INFO: Done processing query and sending result, total time was 305 ms
2026-09-28 20:37:43.614 - INFO: 
2026-09-28 20:37:43.614 - INFO: Request received via GET, no content type specified
2026-09-28 20:37:43.614 - INFO: Processing command "clear-cache": clear the cache (unpinned elements only)
2026-09-28 20:37:43.632 - INFO: 
2026-09-28 20:37:43.632 - INFO: Request received via POST, content type "application/x-www-form-urlencoded"
2026-09-28 20:37:43.632 - INFO: Processing the following SPARQL query:
# Tier H-vocab — title literals, large
# Goal: external-vocabulary lookup pressure with larger bounded output.
PREFIX dblp: <https://dblp.org/rdf/schema#>

CONSTRUCT { ?paper dblp:title ?title }
WHERE {
  ?paper dblp:title ?title .
}
LIMIT 100000

2026-09-28 20:37:43.632 - INFO: Requested media types of the result are: "text/turtle"
2026-09-28 20:37:43.633 - INFO: Query planning done in 0 ms
2026-09-28 20:37:43.633 - INFO: Result has unknown size (not computed yet)
2026-09-28 20:37:43.936 - INFO: Done processing query and sending result, total time was 304 ms
2026-09-28 20:37:43.956 - INFO: 
2026-09-28 20:37:43.956 - INFO: Request received via GET, no content type specified
2026-09-28 20:37:43.956 - INFO: Processing command "clear-cache": clear the cache (unpinned elements only)
2026-09-28 20:37:43.974 - INFO: 
2026-09-28 20:37:43.974 - INFO: Request received via POST, content type "application/x-www-form-urlencoded"
2026-09-28 20:37:43.974 - INFO: Processing the following SPARQL query:
# Tier H-vocab — title literals, large
# Goal: external-vocabulary lookup pressure with larger bounded output.
PREFIX dblp: <https://dblp.org/rdf/schema#>

CONSTRUCT { ?paper dblp:title ?title }
WHERE {
  ?paper dblp:title ?title .
}
LIMIT 100000

2026-09-28 20:37:43.974 - INFO: Requested media types of the result are: "text/turtle"
2026-09-28 20:37:43.975 - INFO: Query planning done in 0 ms
2026-09-28 20:37:43.975 - INFO: Result has unknown size (not computed yet)
2026-09-28 20:37:44.279 - INFO: Done processing query and sending result, total time was 304 ms
2026-09-28 20:37:44.299 - INFO: 
2026-09-28 20:37:44.299 - INFO: Request received via GET, no content type specified
2026-09-28 20:37:44.299 - INFO: Processing command "clear-cache": clear the cache (unpinned elements only)
2026-09-28 20:37:44.317 - INFO: 
2026-09-28 20:37:44.317 - INFO: Request received via POST, content type "application/x-www-form-urlencoded"
2026-09-28 20:37:44.317 - INFO: Processing the following SPARQL query:
# Tier H-vocab — title literals, large
# Goal: external-vocabulary lookup pressure with larger bounded output.
PREFIX dblp: <https://dblp.org/rdf/schema#>

CONSTRUCT { ?paper dblp:title ?title }
WHERE {
  ?paper dblp:title ?title .
}
LIMIT 100000

2026-09-28 20:37:44.317 - INFO: Requested media types of the result are: "text/turtle"
2026-09-28 20:37:44.317 - INFO: Query planning done in 0 ms
2026-09-28 20:37:44.318 - INFO: Result has unknown size (not computed yet)
2026-09-28 20:37:44.620 - INFO: Done processing query and sending result, total time was 303 ms
2026-09-28 20:37:44.640 - INFO: 
2026-09-28 20:37:44.640 - INFO: Request received via GET, no content type specified
2026-09-28 20:37:44.640 - INFO: Processing command "clear-cache": clear the cache (unpinned elements only)
2026-09-28 20:37:44.658 - INFO: 
2026-09-28 20:37:44.658 - INFO: Request received via POST, content type "application/x-www-form-urlencoded"
2026-09-28 20:37:44.659 - INFO: Processing the following SPARQL query:
# Tier H-vocab — title literals, large
# Goal: external-vocabulary lookup pressure with larger bounded output.
PREFIX dblp: <https://dblp.org/rdf/schema#>

CONSTRUCT { ?paper dblp:title ?title }
WHERE {
  ?paper dblp:title ?title .
}
LIMIT 100000

2026-09-28 20:37:44.659 - INFO: Requested media types of the result are: "text/turtle"
2026-09-28 20:37:44.659 - INFO: Query planning done in 0 ms
2026-09-28 20:37:44.659 - INFO: Result has unknown size (not computed yet)
2026-09-28 20:37:44.960 - INFO: Done processing query and sending result, total time was 301 ms
2026-09-28 20:37:44.980 - INFO: 
2026-09-28 20:37:44.980 - INFO: Request received via GET, no content type specified
2026-09-28 20:37:44.980 - INFO: Processing command "clear-cache": clear the cache (unpinned elements only)
2026-09-28 20:37:44.998 - INFO: 
2026-09-28 20:37:44.998 - INFO: Request received via POST, content type "application/x-www-form-urlencoded"
2026-09-28 20:37:44.998 - INFO: Processing the following SPARQL query:
# Tier H-vocab — title literals, large
# Goal: external-vocabulary lookup pressure with larger bounded output.
PREFIX dblp: <https://dblp.org/rdf/schema#>

CONSTRUCT { ?paper dblp:title ?title }
WHERE {
  ?paper dblp:title ?title .
}
LIMIT 100000

2026-09-28 20:37:44.998 - INFO: Requested media types of the result are: "text/turtle"
2026-09-28 20:37:44.999 - INFO: Query planning done in 0 ms
2026-09-28 20:37:44.999 - INFO: Result has unknown size (not computed yet)
2026-09-28 20:37:45.301 - INFO: Done processing query and sending result, total time was 303 ms
2026-09-28 20:37:45.321 - INFO: 
2026-09-28 20:37:45.322 - INFO: Request received via GET, no content type specified
2026-09-28 20:37:45.322 - INFO: Processing command "clear-cache": clear the cache (unpinned elements only)
2026-09-28 20:37:45.339 - INFO: 
2026-09-28 20:37:45.339 - INFO: Request received via POST, content type "application/x-www-form-urlencoded"
2026-09-28 20:37:45.340 - INFO: Processing the following SPARQL query:
# Tier H-vocab — title literals, large
# Goal: external-vocabulary lookup pressure with larger bounded output.
PREFIX dblp: <https://dblp.org/rdf/schema#>

CONSTRUCT { ?paper dblp:title ?title }
WHERE {
  ?paper dblp:title ?title .
}
LIMIT 100000

2026-09-28 20:37:45.340 - INFO: Requested media types of the result are: "text/turtle"
2026-09-28 20:37:45.340 - INFO: Query planning done in 0 ms
2026-09-28 20:37:45.340 - INFO: Result has unknown size (not computed yet)
2026-09-28 20:37:45.644 - INFO: Done processing query and sending result, total time was 304 ms
2026-09-28 20:37:53.774 - INFO: 
2026-09-28 20:37:53.774 - INFO: Request received via GET, no content type specified
2026-09-28 20:37:53.774 - INFO: Processing command "clear-cache": clear the cache (unpinned elements only)
2026-09-28 20:37:53.792 - INFO: 
2026-09-28 20:37:53.792 - INFO: Request received via POST, content type "application/x-www-form-urlencoded"
2026-09-28 20:37:53.792 - INFO: Processing the following SPARQL query:
# Tier H-vocab — title literals, large
# Goal: external-vocabulary lookup pressure with larger bounded output.
PREFIX dblp: <https://dblp.org/rdf/schema#>

CONSTRUCT { ?paper dblp:title ?title }
WHERE {
  ?paper dblp:title ?title .
}
LIMIT 100000

2026-09-28 20:37:53.792 - INFO: Requested media types of the result are: "text/turtle"
2026-09-28 20:37:53.792 - INFO: Query planning done in 0 ms
2026-09-28 20:37:53.792 - INFO: Result has unknown size (not computed yet)
2026-09-28 20:37:54.098 - INFO: Done processing query and sending result, total time was 306 ms
2026-09-28 20:37:54.118 - INFO: 
2026-09-28 20:37:54.118 - INFO: Request received via GET, no content type specified
2026-09-28 20:37:54.118 - INFO: Processing command "clear-cache": clear the cache (unpinned elements only)
2026-09-28 20:37:54.136 - INFO: 
2026-09-28 20:37:54.136 - INFO: Request received via POST, content type "application/x-www-form-urlencoded"
2026-09-28 20:37:54.136 - INFO: Processing the following SPARQL query:
# Tier H-vocab — title literals, large
# Goal: external-vocabulary lookup pressure with larger bounded output.
PREFIX dblp: <https://dblp.org/rdf/schema#>

CONSTRUCT { ?paper dblp:title ?title }
WHERE {
  ?paper dblp:title ?title .
}
LIMIT 100000

2026-09-28 20:37:54.136 - INFO: Requested media types of the result are: "text/turtle"
2026-09-28 20:37:54.136 - INFO: Query planning done in 0 ms
2026-09-28 20:37:54.137 - INFO: Result has unknown size (not computed yet)
2026-09-28 20:37:54.442 - INFO: Done processing query and sending result, total time was 306 ms
2026-09-28 20:37:54.462 - INFO: 
2026-09-28 20:37:54.462 - INFO: Request received via GET, no content type specified
2026-09-28 20:37:54.462 - INFO: Processing command "clear-cache": clear the cache (unpinned elements only)
2026-09-28 20:37:54.480 - INFO: 
2026-09-28 20:37:54.480 - INFO: Request received via POST, content type "application/x-www-form-urlencoded"
2026-09-28 20:37:54.481 - INFO: Processing the following SPARQL query:
# Tier H-vocab — title literals, large
# Goal: external-vocabulary lookup pressure with larger bounded output.
PREFIX dblp: <https://dblp.org/rdf/schema#>

CONSTRUCT { ?paper dblp:title ?title }
WHERE {
  ?paper dblp:title ?title .
}
LIMIT 100000

2026-09-28 20:37:54.481 - INFO: Requested media types of the result are: "text/turtle"
2026-09-28 20:37:54.481 - INFO: Query planning done in 0 ms
2026-09-28 20:37:54.481 - INFO: Result has unknown size (not computed yet)
2026-09-28 20:37:54.785 - INFO: Done processing query and sending result, total time was 304 ms
2026-09-28 20:37:54.805 - INFO: 
2026-09-28 20:37:54.805 - INFO: Request received via GET, no content type specified
2026-09-28 20:37:54.805 - INFO: Processing command "clear-cache": clear the cache (unpinned elements only)
2026-09-28 20:37:54.823 - INFO: 
2026-09-28 20:37:54.823 - INFO: Request received via POST, content type "application/x-www-form-urlencoded"
2026-09-28 20:37:54.824 - INFO: Processing the following SPARQL query:
# Tier H-vocab — title literals, large
# Goal: external-vocabulary lookup pressure with larger bounded output.
PREFIX dblp: <https://dblp.org/rdf/schema#>

CONSTRUCT { ?paper dblp:title ?title }
WHERE {
  ?paper dblp:title ?title .
}
LIMIT 100000

2026-09-28 20:37:54.824 - INFO: Requested media types of the result are: "text/turtle"
2026-09-28 20:37:54.824 - INFO: Query planning done in 0 ms
2026-09-28 20:37:54.824 - INFO: Result has unknown size (not computed yet)
2026-09-28 20:37:55.130 - INFO: Done processing query and sending result, total time was 306 ms
2026-09-28 20:37:55.150 - INFO: 
2026-09-28 20:37:55.150 - INFO: Request received via GET, no content type specified
2026-09-28 20:37:55.150 - INFO: Processing command "clear-cache": clear the cache (unpinned elements only)
2026-09-28 20:37:55.175 - INFO: 
2026-09-28 20:37:55.175 - INFO: Request received via POST, content type "application/x-www-form-urlencoded"
2026-09-28 20:37:55.176 - INFO: Processing the following SPARQL query:
# Tier H-vocab — title literals, large
# Goal: external-vocabulary lookup pressure with larger bounded output.
PREFIX dblp: <https://dblp.org/rdf/schema#>

CONSTRUCT { ?paper dblp:title ?title }
WHERE {
  ?paper dblp:title ?title .
}
LIMIT 100000

2026-09-28 20:37:55.176 - INFO: Requested media types of the result are: "text/turtle"
2026-09-28 20:37:55.176 - INFO: Query planning done in 0 ms
2026-09-28 20:37:55.176 - INFO: Result has unknown size (not computed yet)
2026-09-28 20:37:55.481 - INFO: Done processing query and sending result, total time was 305 ms
2026-09-28 20:37:55.501 - INFO: 
2026-09-28 20:37:55.501 - INFO: Request received via GET, no content type specified
2026-09-28 20:37:55.501 - INFO: Processing command "clear-cache": clear the cache (unpinned elements only)
2026-09-28 20:37:55.519 - INFO: 
2026-09-28 20:37:55.519 - INFO: Request received via POST, content type "application/x-www-form-urlencoded"
2026-09-28 20:37:55.519 - INFO: Processing the following SPARQL query:
# Tier H-vocab — title literals, large
# Goal: external-vocabulary lookup pressure with larger bounded output.
PREFIX dblp: <https://dblp.org/rdf/schema#>

CONSTRUCT { ?paper dblp:title ?title }
WHERE {
  ?paper dblp:title ?title .
}
LIMIT 100000

2026-09-28 20:37:55.519 - INFO: Requested media types of the result are: "text/turtle"
2026-09-28 20:37:55.519 - INFO: Query planning done in 0 ms
2026-09-28 20:37:55.519 - INFO: Result has unknown size (not computed yet)
2026-09-28 20:37:55.825 - INFO: Done processing query and sending result, total time was 305 ms
2026-09-28 20:37:55.845 - INFO: 
2026-09-28 20:37:55.845 - INFO: Request received via GET, no content type specified
2026-09-28 20:37:55.845 - INFO: Processing command "clear-cache": clear the cache (unpinned elements only)
2026-09-28 20:37:55.863 - INFO: 
2026-09-28 20:37:55.863 - INFO: Request received via POST, content type "application/x-www-form-urlencoded"
2026-09-28 20:37:55.863 - INFO: Processing the following SPARQL query:
# Tier H-vocab — title literals, large
# Goal: external-vocabulary lookup pressure with larger bounded output.
PREFIX dblp: <https://dblp.org/rdf/schema#>

CONSTRUCT { ?paper dblp:title ?title }
WHERE {
  ?paper dblp:title ?title .
}
LIMIT 100000

2026-09-28 20:37:55.863 - INFO: Requested media types of the result are: "text/turtle"
2026-09-28 20:37:55.863 - INFO: Query planning done in 0 ms
2026-09-28 20:37:55.863 - INFO: Result has unknown size (not computed yet)
2026-09-28 20:37:56.163 - INFO: Done processing query and sending result, total time was 299 ms
2026-09-28 20:37:56.183 - INFO: 
2026-09-28 20:37:56.183 - INFO: Request received via GET, no content type specified
2026-09-28 20:37:56.183 - INFO: Processing command "clear-cache": clear the cache (unpinned elements only)
2026-09-28 20:37:56.201 - INFO: 
2026-09-28 20:37:56.201 - INFO: Request received via POST, content type "application/x-www-form-urlencoded"
2026-09-28 20:37:56.201 - INFO: Processing the following SPARQL query:
# Tier H-vocab — title literals, large
# Goal: external-vocabulary lookup pressure with larger bounded output.
PREFIX dblp: <https://dblp.org/rdf/schema#>

CONSTRUCT { ?paper dblp:title ?title }
WHERE {
  ?paper dblp:title ?title .
}
LIMIT 100000

2026-09-28 20:37:56.201 - INFO: Requested media types of the result are: "text/turtle"
2026-09-28 20:37:56.201 - INFO: Query planning done in 0 ms
2026-09-28 20:37:56.202 - INFO: Result has unknown size (not computed yet)
2026-09-28 20:37:56.506 - INFO: Done processing query and sending result, total time was 305 ms
2026-09-28 20:37:56.526 - INFO: 
2026-09-28 20:37:56.526 - INFO: Request received via GET, no content type specified
2026-09-28 20:37:56.526 - INFO: Processing command "clear-cache": clear the cache (unpinned elements only)
2026-09-28 20:37:56.544 - INFO: 
2026-09-28 20:37:56.544 - INFO: Request received via POST, content type "application/x-www-form-urlencoded"
2026-09-28 20:37:56.544 - INFO: Processing the following SPARQL query:
# Tier H-vocab — title literals, large
# Goal: external-vocabulary lookup pressure with larger bounded output.
PREFIX dblp: <https://dblp.org/rdf/schema#>

CONSTRUCT { ?paper dblp:title ?title }
WHERE {
  ?paper dblp:title ?title .
}
LIMIT 100000

2026-09-28 20:37:56.544 - INFO: Requested media types of the result are: "text/turtle"
2026-09-28 20:37:56.544 - INFO: Query planning done in 0 ms
2026-09-28 20:37:56.545 - INFO: Result has unknown size (not computed yet)
2026-09-28 20:37:56.849 - INFO: Done processing query and sending result, total time was 305 ms
2026-09-28 20:37:56.869 - INFO: 
2026-09-28 20:37:56.869 - INFO: Request received via GET, no content type specified
2026-09-28 20:37:56.869 - INFO: Processing command "clear-cache": clear the cache (unpinned elements only)
2026-09-28 20:37:56.887 - INFO: 
2026-09-28 20:37:56.887 - INFO: Request received via POST, content type "application/x-www-form-urlencoded"
2026-09-28 20:37:56.887 - INFO: Processing the following SPARQL query:
# Tier H-vocab — title literals, large
# Goal: external-vocabulary lookup pressure with larger bounded output.
PREFIX dblp: <https://dblp.org/rdf/schema#>

CONSTRUCT { ?paper dblp:title ?title }
WHERE {
  ?paper dblp:title ?title .
}
LIMIT 100000

2026-09-28 20:37:56.887 - INFO: Requested media types of the result are: "text/turtle"
2026-09-28 20:37:56.888 - INFO: Query planning done in 0 ms
2026-09-28 20:37:56.888 - INFO: Result has unknown size (not computed yet)
2026-09-28 20:37:57.197 - INFO: Done processing query and sending result, total time was 310 ms
2026-09-28 20:37:57.223 - INFO: 
2026-09-28 20:37:57.223 - INFO: Request received via GET, no content type specified
2026-09-28 20:37:57.223 - INFO: Processing command "clear-cache": clear the cache (unpinned elements only)
2026-09-28 20:37:57.241 - INFO: 
2026-09-28 20:37:57.241 - INFO: Request received via POST, content type "application/x-www-form-urlencoded"
2026-09-28 20:37:57.241 - INFO: Processing the following SPARQL query:
# Tier H-vocab — title literals, large
# Goal: external-vocabulary lookup pressure with larger bounded output.
PREFIX dblp: <https://dblp.org/rdf/schema#>

CONSTRUCT { ?paper dblp:title ?title }
WHERE {
  ?paper dblp:title ?title .
}
LIMIT 100000

2026-09-28 20:37:57.241 - INFO: Requested media types of the result are: "text/turtle"
2026-09-28 20:37:57.241 - INFO: Query planning done in 0 ms
2026-09-28 20:37:57.241 - INFO: Result has unknown size (not computed yet)
2026-09-28 20:37:57.538 - INFO: Done processing query and sending result, total time was 297 ms
2026-09-28 20:38:31.496 - INFO: 
2026-09-28 20:38:31.496 - INFO: Request received via GET, no content type specified
2026-09-28 20:38:31.496 - INFO: Processing command "clear-cache": clear the cache (unpinned elements only)
2026-09-28 20:38:31.514 - INFO: 
2026-09-28 20:38:31.514 - INFO: Request received via POST, content type "application/x-www-form-urlencoded"
2026-09-28 20:38:31.514 - INFO: Processing the following SPARQL query:
# Tier H-vocab — title literals, large
# Goal: external-vocabulary lookup pressure with larger bounded output.
PREFIX dblp: <https://dblp.org/rdf/schema#>

CONSTRUCT { ?paper dblp:title ?title }
WHERE {
  ?paper dblp:title ?title .
}
LIMIT 100000

2026-09-28 20:38:31.514 - INFO: Requested media types of the result are: "text/turtle"
2026-09-28 20:38:31.515 - INFO: Query planning done in 0 ms
2026-09-28 20:38:31.515 - INFO: Result has unknown size (not computed yet)
2026-09-28 20:38:31.817 - INFO: Done processing query and sending result, total time was 302 ms
2026-09-28 20:38:31.837 - INFO: 
2026-09-28 20:38:31.837 - INFO: Request received via GET, no content type specified
2026-09-28 20:38:31.837 - INFO: Processing command "clear-cache": clear the cache (unpinned elements only)
2026-09-28 20:38:31.855 - INFO: 
2026-09-28 20:38:31.855 - INFO: Request received via POST, content type "application/x-www-form-urlencoded"
2026-09-28 20:38:31.855 - INFO: Processing the following SPARQL query:
# Tier H-vocab — title literals, large
# Goal: external-vocabulary lookup pressure with larger bounded output.
PREFIX dblp: <https://dblp.org/rdf/schema#>

CONSTRUCT { ?paper dblp:title ?title }
WHERE {
  ?paper dblp:title ?title .
}
LIMIT 100000

2026-09-28 20:38:31.855 - INFO: Requested media types of the result are: "text/turtle"
2026-09-28 20:38:31.855 - INFO: Query planning done in 0 ms
2026-09-28 20:38:31.855 - INFO: Result has unknown size (not computed yet)
2026-09-28 20:38:32.157 - INFO: Done processing query and sending result, total time was 301 ms
2026-09-28 20:38:32.176 - INFO: 
2026-09-28 20:38:32.177 - INFO: Request received via GET, no content type specified
2026-09-28 20:38:32.177 - INFO: Processing command "clear-cache": clear the cache (unpinned elements only)
2026-09-28 20:38:32.194 - INFO: 
2026-09-28 20:38:32.194 - INFO: Request received via POST, content type "application/x-www-form-urlencoded"
2026-09-28 20:38:32.195 - INFO: Processing the following SPARQL query:
# Tier H-vocab — title literals, large
# Goal: external-vocabulary lookup pressure with larger bounded output.
PREFIX dblp: <https://dblp.org/rdf/schema#>

CONSTRUCT { ?paper dblp:title ?title }
WHERE {
  ?paper dblp:title ?title .
}
LIMIT 100000

2026-09-28 20:38:32.195 - INFO: Requested media types of the result are: "text/turtle"
2026-09-28 20:38:32.195 - INFO: Query planning done in 0 ms
2026-09-28 20:38:32.195 - INFO: Result has unknown size (not computed yet)
2026-09-28 20:38:32.496 - INFO: Done processing query and sending result, total time was 301 ms
2026-09-28 20:38:32.516 - INFO: 
2026-09-28 20:38:32.516 - INFO: Request received via GET, no content type specified
2026-09-28 20:38:32.516 - INFO: Processing command "clear-cache": clear the cache (unpinned elements only)
2026-09-28 20:38:32.534 - INFO: 
2026-09-28 20:38:32.534 - INFO: Request received via POST, content type "application/x-www-form-urlencoded"
2026-09-28 20:38:32.534 - INFO: Processing the following SPARQL query:
# Tier H-vocab — title literals, large
# Goal: external-vocabulary lookup pressure with larger bounded output.
PREFIX dblp: <https://dblp.org/rdf/schema#>

CONSTRUCT { ?paper dblp:title ?title }
WHERE {
  ?paper dblp:title ?title .
}
LIMIT 100000

2026-09-28 20:38:32.534 - INFO: Requested media types of the result are: "text/turtle"
2026-09-28 20:38:32.534 - INFO: Query planning done in 0 ms
2026-09-28 20:38:32.534 - INFO: Result has unknown size (not computed yet)
2026-09-28 20:38:32.836 - INFO: Done processing query and sending result, total time was 301 ms
2026-09-28 20:38:32.855 - INFO: 
2026-09-28 20:38:32.855 - INFO: Request received via GET, no content type specified
2026-09-28 20:38:32.855 - INFO: Processing command "clear-cache": clear the cache (unpinned elements only)
2026-09-28 20:38:32.873 - INFO: 
2026-09-28 20:38:32.873 - INFO: Request received via POST, content type "application/x-www-form-urlencoded"
2026-09-28 20:38:32.874 - INFO: Processing the following SPARQL query:
# Tier H-vocab — title literals, large
# Goal: external-vocabulary lookup pressure with larger bounded output.
PREFIX dblp: <https://dblp.org/rdf/schema#>

CONSTRUCT { ?paper dblp:title ?title }
WHERE {
  ?paper dblp:title ?title .
}
LIMIT 100000

2026-09-28 20:38:32.874 - INFO: Requested media types of the result are: "text/turtle"
2026-09-28 20:38:32.874 - INFO: Query planning done in 0 ms
2026-09-28 20:38:32.874 - INFO: Result has unknown size (not computed yet)
2026-09-28 20:38:33.172 - INFO: Done processing query and sending result, total time was 298 ms
2026-09-28 20:38:33.192 - INFO: 
2026-09-28 20:38:33.192 - INFO: Request received via GET, no content type specified
2026-09-28 20:38:33.192 - INFO: Processing command "clear-cache": clear the cache (unpinned elements only)
2026-09-28 20:38:33.217 - INFO: 
2026-09-28 20:38:33.217 - INFO: Request received via POST, content type "application/x-www-form-urlencoded"
2026-09-28 20:38:33.217 - INFO: Processing the following SPARQL query:
# Tier H-vocab — title literals, large
# Goal: external-vocabulary lookup pressure with larger bounded output.
PREFIX dblp: <https://dblp.org/rdf/schema#>

CONSTRUCT { ?paper dblp:title ?title }
WHERE {
  ?paper dblp:title ?title .
}
LIMIT 100000

2026-09-28 20:38:33.217 - INFO: Requested media types of the result are: "text/turtle"
2026-09-28 20:38:33.218 - INFO: Query planning done in 0 ms
2026-09-28 20:38:33.218 - INFO: Result has unknown size (not computed yet)
2026-09-28 20:38:33.505 - INFO: Done processing query and sending result, total time was 287 ms
2026-09-28 20:38:33.525 - INFO: 
2026-09-28 20:38:33.525 - INFO: Request received via GET, no content type specified
2026-09-28 20:38:33.525 - INFO: Processing command "clear-cache": clear the cache (unpinned elements only)
2026-09-28 20:38:33.543 - INFO: 
2026-09-28 20:38:33.543 - INFO: Request received via POST, content type "application/x-www-form-urlencoded"
2026-09-28 20:38:33.543 - INFO: Processing the following SPARQL query:
# Tier H-vocab — title literals, large
# Goal: external-vocabulary lookup pressure with larger bounded output.
PREFIX dblp: <https://dblp.org/rdf/schema#>

CONSTRUCT { ?paper dblp:title ?title }
WHERE {
  ?paper dblp:title ?title .
}
LIMIT 100000

2026-09-28 20:38:33.543 - INFO: Requested media types of the result are: "text/turtle"
2026-09-28 20:38:33.543 - INFO: Query planning done in 0 ms
2026-09-28 20:38:33.543 - INFO: Result has unknown size (not computed yet)
2026-09-28 20:38:33.820 - INFO: Done processing query and sending result, total time was 277 ms
2026-09-28 20:38:33.840 - INFO: 
2026-09-28 20:38:33.840 - INFO: Request received via GET, no content type specified
2026-09-28 20:38:33.840 - INFO: Processing command "clear-cache": clear the cache (unpinned elements only)
2026-09-28 20:38:33.858 - INFO: 
2026-09-28 20:38:33.858 - INFO: Request received via POST, content type "application/x-www-form-urlencoded"
2026-09-28 20:38:33.858 - INFO: Processing the following SPARQL query:
# Tier H-vocab — title literals, large
# Goal: external-vocabulary lookup pressure with larger bounded output.
PREFIX dblp: <https://dblp.org/rdf/schema#>

CONSTRUCT { ?paper dblp:title ?title }
WHERE {
  ?paper dblp:title ?title .
}
LIMIT 100000

2026-09-28 20:38:33.858 - INFO: Requested media types of the result are: "text/turtle"
2026-09-28 20:38:33.858 - INFO: Query planning done in 0 ms
2026-09-28 20:38:33.858 - INFO: Result has unknown size (not computed yet)
2026-09-28 20:38:34.138 - INFO: Done processing query and sending result, total time was 279 ms
2026-09-28 20:38:34.158 - INFO: 
2026-09-28 20:38:34.158 - INFO: Request received via GET, no content type specified
2026-09-28 20:38:34.158 - INFO: Processing command "clear-cache": clear the cache (unpinned elements only)
2026-09-28 20:38:34.176 - INFO: 
2026-09-28 20:38:34.176 - INFO: Request received via POST, content type "application/x-www-form-urlencoded"
2026-09-28 20:38:34.176 - INFO: Processing the following SPARQL query:
# Tier H-vocab — title literals, large
# Goal: external-vocabulary lookup pressure with larger bounded output.
PREFIX dblp: <https://dblp.org/rdf/schema#>

CONSTRUCT { ?paper dblp:title ?title }
WHERE {
  ?paper dblp:title ?title .
}
LIMIT 100000

2026-09-28 20:38:34.176 - INFO: Requested media types of the result are: "text/turtle"
2026-09-28 20:38:34.176 - INFO: Query planning done in 0 ms
2026-09-28 20:38:34.176 - INFO: Result has unknown size (not computed yet)
2026-09-28 20:38:34.458 - INFO: Done processing query and sending result, total time was 282 ms
2026-09-28 20:38:34.478 - INFO: 
2026-09-28 20:38:34.478 - INFO: Request received via GET, no content type specified
2026-09-28 20:38:34.478 - INFO: Processing command "clear-cache": clear the cache (unpinned elements only)
2026-09-28 20:38:34.496 - INFO: 
2026-09-28 20:38:34.496 - INFO: Request received via POST, content type "application/x-www-form-urlencoded"
2026-09-28 20:38:34.496 - INFO: Processing the following SPARQL query:
# Tier H-vocab — title literals, large
# Goal: external-vocabulary lookup pressure with larger bounded output.
PREFIX dblp: <https://dblp.org/rdf/schema#>

CONSTRUCT { ?paper dblp:title ?title }
WHERE {
  ?paper dblp:title ?title .
}
LIMIT 100000

2026-09-28 20:38:34.496 - INFO: Requested media types of the result are: "text/turtle"
2026-09-28 20:38:34.496 - INFO: Query planning done in 0 ms
2026-09-28 20:38:34.496 - INFO: Result has unknown size (not computed yet)
2026-09-28 20:38:34.777 - INFO: Done processing query and sending result, total time was 281 ms
2026-09-28 20:38:34.797 - INFO: 
2026-09-28 20:38:34.797 - INFO: Request received via GET, no content type specified
2026-09-28 20:38:34.797 - INFO: Processing command "clear-cache": clear the cache (unpinned elements only)
2026-09-28 20:38:34.815 - INFO: 
2026-09-28 20:38:34.815 - INFO: Request received via POST, content type "application/x-www-form-urlencoded"
2026-09-28 20:38:34.815 - INFO: Processing the following SPARQL query:
# Tier H-vocab — title literals, large
# Goal: external-vocabulary lookup pressure with larger bounded output.
PREFIX dblp: <https://dblp.org/rdf/schema#>

CONSTRUCT { ?paper dblp:title ?title }
WHERE {
  ?paper dblp:title ?title .
}
LIMIT 100000

2026-09-28 20:38:34.815 - INFO: Requested media types of the result are: "text/turtle"
2026-09-28 20:38:34.815 - INFO: Query planning done in 0 ms
2026-09-28 20:38:34.815 - INFO: Result has unknown size (not computed yet)
2026-09-28 20:38:35.096 - INFO: Done processing query and sending result, total time was 281 ms
2026-09-28 20:38:43.331 - INFO: 
2026-09-28 20:38:43.331 - INFO: Request received via GET, no content type specified
2026-09-28 20:38:43.331 - INFO: Processing command "clear-cache": clear the cache (unpinned elements only)
2026-09-28 20:38:43.349 - INFO: 
2026-09-28 20:38:43.349 - INFO: Request received via POST, content type "application/x-www-form-urlencoded"
2026-09-28 20:38:43.349 - INFO: Processing the following SPARQL query:
# Tier H-vocab — title literals, large
# Goal: external-vocabulary lookup pressure with larger bounded output.
PREFIX dblp: <https://dblp.org/rdf/schema#>

CONSTRUCT { ?paper dblp:title ?title }
WHERE {
  ?paper dblp:title ?title .
}
LIMIT 100000

2026-09-28 20:38:43.349 - INFO: Requested media types of the result are: "text/turtle"
2026-09-28 20:38:43.349 - INFO: Query planning done in 0 ms
2026-09-28 20:38:43.349 - INFO: Result has unknown size (not computed yet)
2026-09-28 20:38:43.652 - INFO: Done processing query and sending result, total time was 303 ms
2026-09-28 20:38:43.672 - INFO: 
2026-09-28 20:38:43.672 - INFO: Request received via GET, no content type specified
2026-09-28 20:38:43.672 - INFO: Processing command "clear-cache": clear the cache (unpinned elements only)
2026-09-28 20:38:43.690 - INFO: 
2026-09-28 20:38:43.690 - INFO: Request received via POST, content type "application/x-www-form-urlencoded"
2026-09-28 20:38:43.690 - INFO: Processing the following SPARQL query:
# Tier H-vocab — title literals, large
# Goal: external-vocabulary lookup pressure with larger bounded output.
PREFIX dblp: <https://dblp.org/rdf/schema#>

CONSTRUCT { ?paper dblp:title ?title }
WHERE {
  ?paper dblp:title ?title .
}
LIMIT 100000

2026-09-28 20:38:43.690 - INFO: Requested media types of the result are: "text/turtle"
2026-09-28 20:38:43.691 - INFO: Query planning done in 0 ms
2026-09-28 20:38:43.691 - INFO: Result has unknown size (not computed yet)
2026-09-28 20:38:43.992 - INFO: Done processing query and sending result, total time was 301 ms
2026-09-28 20:38:44.013 - INFO: 
2026-09-28 20:38:44.013 - INFO: Request received via GET, no content type specified
2026-09-28 20:38:44.013 - INFO: Processing command "clear-cache": clear the cache (unpinned elements only)
2026-09-28 20:38:44.031 - INFO: 
2026-09-28 20:38:44.031 - INFO: Request received via POST, content type "application/x-www-form-urlencoded"
2026-09-28 20:38:44.031 - INFO: Processing the following SPARQL query:
# Tier H-vocab — title literals, large
# Goal: external-vocabulary lookup pressure with larger bounded output.
PREFIX dblp: <https://dblp.org/rdf/schema#>

CONSTRUCT { ?paper dblp:title ?title }
WHERE {
  ?paper dblp:title ?title .
}
LIMIT 100000

2026-09-28 20:38:44.031 - INFO: Requested media types of the result are: "text/turtle"
2026-09-28 20:38:44.031 - INFO: Query planning done in 0 ms
2026-09-28 20:38:44.031 - INFO: Result has unknown size (not computed yet)
2026-09-28 20:38:44.332 - INFO: Done processing query and sending result, total time was 301 ms
2026-09-28 20:38:44.353 - INFO: 
2026-09-28 20:38:44.353 - INFO: Request received via GET, no content type specified
2026-09-28 20:38:44.353 - INFO: Processing command "clear-cache": clear the cache (unpinned elements only)
2026-09-28 20:38:44.371 - INFO: 
2026-09-28 20:38:44.371 - INFO: Request received via POST, content type "application/x-www-form-urlencoded"
2026-09-28 20:38:44.371 - INFO: Processing the following SPARQL query:
# Tier H-vocab — title literals, large
# Goal: external-vocabulary lookup pressure with larger bounded output.
PREFIX dblp: <https://dblp.org/rdf/schema#>

CONSTRUCT { ?paper dblp:title ?title }
WHERE {
  ?paper dblp:title ?title .
}
LIMIT 100000

2026-09-28 20:38:44.371 - INFO: Requested media types of the result are: "text/turtle"
2026-09-28 20:38:44.371 - INFO: Query planning done in 0 ms
2026-09-28 20:38:44.371 - INFO: Result has unknown size (not computed yet)
2026-09-28 20:38:44.673 - INFO: Done processing query and sending result, total time was 302 ms
2026-09-28 20:38:44.694 - INFO: 
2026-09-28 20:38:44.694 - INFO: Request received via GET, no content type specified
2026-09-28 20:38:44.694 - INFO: Processing command "clear-cache": clear the cache (unpinned elements only)
2026-09-28 20:38:44.717 - INFO: 
2026-09-28 20:38:44.717 - INFO: Request received via POST, content type "application/x-www-form-urlencoded"
2026-09-28 20:38:44.717 - INFO: Processing the following SPARQL query:
# Tier H-vocab — title literals, large
# Goal: external-vocabulary lookup pressure with larger bounded output.
PREFIX dblp: <https://dblp.org/rdf/schema#>

CONSTRUCT { ?paper dblp:title ?title }
WHERE {
  ?paper dblp:title ?title .
}
LIMIT 100000

2026-09-28 20:38:44.717 - INFO: Requested media types of the result are: "text/turtle"
2026-09-28 20:38:44.717 - INFO: Query planning done in 0 ms
2026-09-28 20:38:44.718 - INFO: Result has unknown size (not computed yet)
2026-09-28 20:38:45.019 - INFO: Done processing query and sending result, total time was 302 ms
2026-09-28 20:38:45.040 - INFO: 
2026-09-28 20:38:45.040 - INFO: Request received via GET, no content type specified
2026-09-28 20:38:45.040 - INFO: Processing command "clear-cache": clear the cache (unpinned elements only)
2026-09-28 20:38:45.058 - INFO: 
2026-09-28 20:38:45.058 - INFO: Request received via POST, content type "application/x-www-form-urlencoded"
2026-09-28 20:38:45.058 - INFO: Processing the following SPARQL query:
# Tier H-vocab — title literals, large
# Goal: external-vocabulary lookup pressure with larger bounded output.
PREFIX dblp: <https://dblp.org/rdf/schema#>

CONSTRUCT { ?paper dblp:title ?title }
WHERE {
  ?paper dblp:title ?title .
}
LIMIT 100000

2026-09-28 20:38:45.058 - INFO: Requested media types of the result are: "text/turtle"
2026-09-28 20:38:45.059 - INFO: Query planning done in 0 ms
2026-09-28 20:38:45.059 - INFO: Result has unknown size (not computed yet)
2026-09-28 20:38:45.358 - INFO: Done processing query and sending result, total time was 300 ms
2026-09-28 20:38:45.379 - INFO: 
2026-09-28 20:38:45.379 - INFO: Request received via GET, no content type specified
2026-09-28 20:38:45.379 - INFO: Processing command "clear-cache": clear the cache (unpinned elements only)
2026-09-28 20:38:45.397 - INFO: 
2026-09-28 20:38:45.397 - INFO: Request received via POST, content type "application/x-www-form-urlencoded"
2026-09-28 20:38:45.397 - INFO: Processing the following SPARQL query:
# Tier H-vocab — title literals, large
# Goal: external-vocabulary lookup pressure with larger bounded output.
PREFIX dblp: <https://dblp.org/rdf/schema#>

CONSTRUCT { ?paper dblp:title ?title }
WHERE {
  ?paper dblp:title ?title .
}
LIMIT 100000

2026-09-28 20:38:45.397 - INFO: Requested media types of the result are: "text/turtle"
2026-09-28 20:38:45.398 - INFO: Query planning done in 0 ms
2026-09-28 20:38:45.398 - INFO: Result has unknown size (not computed yet)
2026-09-28 20:38:45.684 - INFO: Done processing query and sending result, total time was 287 ms
2026-09-28 20:38:45.705 - INFO: 
2026-09-28 20:38:45.705 - INFO: Request received via GET, no content type specified
2026-09-28 20:38:45.705 - INFO: Processing command "clear-cache": clear the cache (unpinned elements only)
2026-09-28 20:38:45.723 - INFO: 
2026-09-28 20:38:45.723 - INFO: Request received via POST, content type "application/x-www-form-urlencoded"
2026-09-28 20:38:45.723 - INFO: Processing the following SPARQL query:
# Tier H-vocab — title literals, large
# Goal: external-vocabulary lookup pressure with larger bounded output.
PREFIX dblp: <https://dblp.org/rdf/schema#>

CONSTRUCT { ?paper dblp:title ?title }
WHERE {
  ?paper dblp:title ?title .
}
LIMIT 100000

2026-09-28 20:38:45.723 - INFO: Requested media types of the result are: "text/turtle"
2026-09-28 20:38:45.723 - INFO: Query planning done in 0 ms
2026-09-28 20:38:45.724 - INFO: Result has unknown size (not computed yet)
2026-09-28 20:38:45.999 - INFO: Done processing query and sending result, total time was 275 ms
2026-09-28 20:38:46.019 - INFO: 
2026-09-28 20:38:46.019 - INFO: Request received via GET, no content type specified
2026-09-28 20:38:46.019 - INFO: Processing command "clear-cache": clear the cache (unpinned elements only)
2026-09-28 20:38:46.037 - INFO: 
2026-09-28 20:38:46.037 - INFO: Request received via POST, content type "application/x-www-form-urlencoded"
2026-09-28 20:38:46.038 - INFO: Processing the following SPARQL query:
# Tier H-vocab — title literals, large
# Goal: external-vocabulary lookup pressure with larger bounded output.
PREFIX dblp: <https://dblp.org/rdf/schema#>

CONSTRUCT { ?paper dblp:title ?title }
WHERE {
  ?paper dblp:title ?title .
}
LIMIT 100000

2026-09-28 20:38:46.038 - INFO: Requested media types of the result are: "text/turtle"
2026-09-28 20:38:46.038 - INFO: Query planning done in 0 ms
2026-09-28 20:38:46.038 - INFO: Result has unknown size (not computed yet)
2026-09-28 20:38:46.314 - INFO: Done processing query and sending result, total time was 276 ms
2026-09-28 20:38:46.334 - INFO: 
2026-09-28 20:38:46.334 - INFO: Request received via GET, no content type specified
2026-09-28 20:38:46.335 - INFO: Processing command "clear-cache": clear the cache (unpinned elements only)
2026-09-28 20:38:46.352 - INFO: 
2026-09-28 20:38:46.352 - INFO: Request received via POST, content type "application/x-www-form-urlencoded"
2026-09-28 20:38:46.353 - INFO: Processing the following SPARQL query:
# Tier H-vocab — title literals, large
# Goal: external-vocabulary lookup pressure with larger bounded output.
PREFIX dblp: <https://dblp.org/rdf/schema#>

CONSTRUCT { ?paper dblp:title ?title }
WHERE {
  ?paper dblp:title ?title .
}
LIMIT 100000

2026-09-28 20:38:46.353 - INFO: Requested media types of the result are: "text/turtle"
2026-09-28 20:38:46.353 - INFO: Query planning done in 0 ms
2026-09-28 20:38:46.353 - INFO: Result has unknown size (not computed yet)
2026-09-28 20:38:46.639 - INFO: Done processing query and sending result, total time was 286 ms
2026-09-28 20:38:46.659 - INFO: 
2026-09-28 20:38:46.659 - INFO: Request received via GET, no content type specified
2026-09-28 20:38:46.659 - INFO: Processing command "clear-cache": clear the cache (unpinned elements only)
2026-09-28 20:38:46.677 - INFO: 
2026-09-28 20:38:46.677 - INFO: Request received via POST, content type "application/x-www-form-urlencoded"
2026-09-28 20:38:46.677 - INFO: Processing the following SPARQL query:
# Tier H-vocab — title literals, large
# Goal: external-vocabulary lookup pressure with larger bounded output.
PREFIX dblp: <https://dblp.org/rdf/schema#>

CONSTRUCT { ?paper dblp:title ?title }
WHERE {
  ?paper dblp:title ?title .
}
LIMIT 100000

2026-09-28 20:38:46.678 - INFO: Requested media types of the result are: "text/turtle"
2026-09-28 20:38:46.678 - INFO: Query planning done in 0 ms
2026-09-28 20:38:46.678 - INFO: Result has unknown size (not computed yet)
2026-09-28 20:38:46.955 - INFO: Done processing query and sending result, total time was 277 ms
2026-09-28 20:39:20.978 - INFO: 
2026-09-28 20:39:20.978 - INFO: Request received via GET, no content type specified
2026-09-28 20:39:20.978 - INFO: Processing command "clear-cache": clear the cache (unpinned elements only)
2026-09-28 20:39:20.996 - INFO: 
2026-09-28 20:39:20.996 - INFO: Request received via POST, content type "application/x-www-form-urlencoded"
2026-09-28 20:39:20.996 - INFO: Processing the following SPARQL query:
# Tier H-vocab — title literals, large
# Goal: external-vocabulary lookup pressure with larger bounded output.
PREFIX dblp: <https://dblp.org/rdf/schema#>

CONSTRUCT { ?paper dblp:title ?title }
WHERE {
  ?paper dblp:title ?title .
}
LIMIT 100000

2026-09-28 20:39:20.996 - INFO: Requested media types of the result are: "text/turtle"
2026-09-28 20:39:20.996 - INFO: Query planning done in 0 ms
2026-09-28 20:39:20.996 - INFO: Result has unknown size (not computed yet)
2026-09-28 20:39:21.298 - INFO: Done processing query and sending result, total time was 302 ms
2026-09-28 20:39:21.318 - INFO: 
2026-09-28 20:39:21.318 - INFO: Request received via GET, no content type specified
2026-09-28 20:39:21.318 - INFO: Processing command "clear-cache": clear the cache (unpinned elements only)
2026-09-28 20:39:21.336 - INFO: 
2026-09-28 20:39:21.336 - INFO: Request received via POST, content type "application/x-www-form-urlencoded"
2026-09-28 20:39:21.336 - INFO: Processing the following SPARQL query:
# Tier H-vocab — title literals, large
# Goal: external-vocabulary lookup pressure with larger bounded output.
PREFIX dblp: <https://dblp.org/rdf/schema#>

CONSTRUCT { ?paper dblp:title ?title }
WHERE {
  ?paper dblp:title ?title .
}
LIMIT 100000

2026-09-28 20:39:21.336 - INFO: Requested media types of the result are: "text/turtle"
2026-09-28 20:39:21.336 - INFO: Query planning done in 0 ms
2026-09-28 20:39:21.337 - INFO: Result has unknown size (not computed yet)
2026-09-28 20:39:21.639 - INFO: Done processing query and sending result, total time was 302 ms
2026-09-28 20:39:21.659 - INFO: 
2026-09-28 20:39:21.659 - INFO: Request received via GET, no content type specified
2026-09-28 20:39:21.659 - INFO: Processing command "clear-cache": clear the cache (unpinned elements only)
2026-09-28 20:39:21.677 - INFO: 
2026-09-28 20:39:21.677 - INFO: Request received via POST, content type "application/x-www-form-urlencoded"
2026-09-28 20:39:21.678 - INFO: Processing the following SPARQL query:
# Tier H-vocab — title literals, large
# Goal: external-vocabulary lookup pressure with larger bounded output.
PREFIX dblp: <https://dblp.org/rdf/schema#>

CONSTRUCT { ?paper dblp:title ?title }
WHERE {
  ?paper dblp:title ?title .
}
LIMIT 100000

2026-09-28 20:39:21.678 - INFO: Requested media types of the result are: "text/turtle"
2026-09-28 20:39:21.678 - INFO: Query planning done in 0 ms
2026-09-28 20:39:21.678 - INFO: Result has unknown size (not computed yet)
2026-09-28 20:39:21.980 - INFO: Done processing query and sending result, total time was 302 ms
2026-09-28 20:39:22.000 - INFO: 
2026-09-28 20:39:22.000 - INFO: Request received via GET, no content type specified
2026-09-28 20:39:22.000 - INFO: Processing command "clear-cache": clear the cache (unpinned elements only)
2026-09-28 20:39:22.018 - INFO: 
2026-09-28 20:39:22.018 - INFO: Request received via POST, content type "application/x-www-form-urlencoded"
2026-09-28 20:39:22.019 - INFO: Processing the following SPARQL query:
# Tier H-vocab — title literals, large
# Goal: external-vocabulary lookup pressure with larger bounded output.
PREFIX dblp: <https://dblp.org/rdf/schema#>

CONSTRUCT { ?paper dblp:title ?title }
WHERE {
  ?paper dblp:title ?title .
}
LIMIT 100000

2026-09-28 20:39:22.019 - INFO: Requested media types of the result are: "text/turtle"
2026-09-28 20:39:22.019 - INFO: Query planning done in 0 ms
2026-09-28 20:39:22.019 - INFO: Result has unknown size (not computed yet)
2026-09-28 20:39:22.319 - INFO: Done processing query and sending result, total time was 300 ms
2026-09-28 20:39:22.340 - INFO: 
2026-09-28 20:39:22.340 - INFO: Request received via GET, no content type specified
2026-09-28 20:39:22.340 - INFO: Processing command "clear-cache": clear the cache (unpinned elements only)
2026-09-28 20:39:22.358 - INFO: 
2026-09-28 20:39:22.358 - INFO: Request received via POST, content type "application/x-www-form-urlencoded"
2026-09-28 20:39:22.358 - INFO: Processing the following SPARQL query:
# Tier H-vocab — title literals, large
# Goal: external-vocabulary lookup pressure with larger bounded output.
PREFIX dblp: <https://dblp.org/rdf/schema#>

CONSTRUCT { ?paper dblp:title ?title }
WHERE {
  ?paper dblp:title ?title .
}
LIMIT 100000

2026-09-28 20:39:22.358 - INFO: Requested media types of the result are: "text/turtle"
2026-09-28 20:39:22.358 - INFO: Query planning done in 0 ms
2026-09-28 20:39:22.358 - INFO: Result has unknown size (not computed yet)
2026-09-28 20:39:22.654 - INFO: Done processing query and sending result, total time was 296 ms
2026-09-28 20:39:22.674 - INFO: 
2026-09-28 20:39:22.674 - INFO: Request received via GET, no content type specified
2026-09-28 20:39:22.674 - INFO: Processing command "clear-cache": clear the cache (unpinned elements only)
2026-09-28 20:39:22.692 - INFO: 
2026-09-28 20:39:22.692 - INFO: Request received via POST, content type "application/x-www-form-urlencoded"
2026-09-28 20:39:22.693 - INFO: Processing the following SPARQL query:
# Tier H-vocab — title literals, large
# Goal: external-vocabulary lookup pressure with larger bounded output.
PREFIX dblp: <https://dblp.org/rdf/schema#>

CONSTRUCT { ?paper dblp:title ?title }
WHERE {
  ?paper dblp:title ?title .
}
LIMIT 100000

2026-09-28 20:39:22.693 - INFO: Requested media types of the result are: "text/turtle"
2026-09-28 20:39:22.693 - INFO: Query planning done in 0 ms
2026-09-28 20:39:22.693 - INFO: Result has unknown size (not computed yet)
2026-09-28 20:39:22.974 - INFO: Done processing query and sending result, total time was 281 ms
2026-09-28 20:39:22.994 - INFO: 
2026-09-28 20:39:22.994 - INFO: Request received via GET, no content type specified
2026-09-28 20:39:22.994 - INFO: Processing command "clear-cache": clear the cache (unpinned elements only)
2026-09-28 20:39:23.012 - INFO: 
2026-09-28 20:39:23.012 - INFO: Request received via POST, content type "application/x-www-form-urlencoded"
2026-09-28 20:39:23.012 - INFO: Processing the following SPARQL query:
# Tier H-vocab — title literals, large
# Goal: external-vocabulary lookup pressure with larger bounded output.
PREFIX dblp: <https://dblp.org/rdf/schema#>

CONSTRUCT { ?paper dblp:title ?title }
WHERE {
  ?paper dblp:title ?title .
}
LIMIT 100000

2026-09-28 20:39:23.012 - INFO: Requested media types of the result are: "text/turtle"
2026-09-28 20:39:23.013 - INFO: Query planning done in 0 ms
2026-09-28 20:39:23.013 - INFO: Result has unknown size (not computed yet)
2026-09-28 20:39:23.288 - INFO: Done processing query and sending result, total time was 276 ms
2026-09-28 20:39:23.309 - INFO: 
2026-09-28 20:39:23.309 - INFO: Request received via GET, no content type specified
2026-09-28 20:39:23.309 - INFO: Processing command "clear-cache": clear the cache (unpinned elements only)
2026-09-28 20:39:23.327 - INFO: 
2026-09-28 20:39:23.327 - INFO: Request received via POST, content type "application/x-www-form-urlencoded"
2026-09-28 20:39:23.327 - INFO: Processing the following SPARQL query:
# Tier H-vocab — title literals, large
# Goal: external-vocabulary lookup pressure with larger bounded output.
PREFIX dblp: <https://dblp.org/rdf/schema#>

CONSTRUCT { ?paper dblp:title ?title }
WHERE {
  ?paper dblp:title ?title .
}
LIMIT 100000

2026-09-28 20:39:23.327 - INFO: Requested media types of the result are: "text/turtle"
2026-09-28 20:39:23.327 - INFO: Query planning done in 0 ms
2026-09-28 20:39:23.327 - INFO: Result has unknown size (not computed yet)
2026-09-28 20:39:23.606 - INFO: Done processing query and sending result, total time was 279 ms
2026-09-28 20:39:23.626 - INFO: 
2026-09-28 20:39:23.626 - INFO: Request received via GET, no content type specified
2026-09-28 20:39:23.626 - INFO: Processing command "clear-cache": clear the cache (unpinned elements only)
2026-09-28 20:39:23.644 - INFO: 
2026-09-28 20:39:23.644 - INFO: Request received via POST, content type "application/x-www-form-urlencoded"
2026-09-28 20:39:23.645 - INFO: Processing the following SPARQL query:
# Tier H-vocab — title literals, large
# Goal: external-vocabulary lookup pressure with larger bounded output.
PREFIX dblp: <https://dblp.org/rdf/schema#>

CONSTRUCT { ?paper dblp:title ?title }
WHERE {
  ?paper dblp:title ?title .
}
LIMIT 100000

2026-09-28 20:39:23.645 - INFO: Requested media types of the result are: "text/turtle"
2026-09-28 20:39:23.645 - INFO: Query planning done in 0 ms
2026-09-28 20:39:23.645 - INFO: Result has unknown size (not computed yet)
2026-09-28 20:39:23.922 - INFO: Done processing query and sending result, total time was 277 ms
2026-09-28 20:39:23.943 - INFO: 
2026-09-28 20:39:23.943 - INFO: Request received via GET, no content type specified
2026-09-28 20:39:23.943 - INFO: Processing command "clear-cache": clear the cache (unpinned elements only)
2026-09-28 20:39:23.961 - INFO: 
2026-09-28 20:39:23.961 - INFO: Request received via POST, content type "application/x-www-form-urlencoded"
2026-09-28 20:39:23.961 - INFO: Processing the following SPARQL query:
# Tier H-vocab — title literals, large
# Goal: external-vocabulary lookup pressure with larger bounded output.
PREFIX dblp: <https://dblp.org/rdf/schema#>

CONSTRUCT { ?paper dblp:title ?title }
WHERE {
  ?paper dblp:title ?title .
}
LIMIT 100000

2026-09-28 20:39:23.961 - INFO: Requested media types of the result are: "text/turtle"
2026-09-28 20:39:23.961 - INFO: Query planning done in 0 ms
2026-09-28 20:39:23.961 - INFO: Result has unknown size (not computed yet)
2026-09-28 20:39:24.239 - INFO: Done processing query and sending result, total time was 278 ms
2026-09-28 20:39:24.260 - INFO: 
2026-09-28 20:39:24.260 - INFO: Request received via GET, no content type specified
2026-09-28 20:39:24.260 - INFO: Processing command "clear-cache": clear the cache (unpinned elements only)
2026-09-28 20:39:24.278 - INFO: 
2026-09-28 20:39:24.278 - INFO: Request received via POST, content type "application/x-www-form-urlencoded"
2026-09-28 20:39:24.278 - INFO: Processing the following SPARQL query:
# Tier H-vocab — title literals, large
# Goal: external-vocabulary lookup pressure with larger bounded output.
PREFIX dblp: <https://dblp.org/rdf/schema#>

CONSTRUCT { ?paper dblp:title ?title }
WHERE {
  ?paper dblp:title ?title .
}
LIMIT 100000

2026-09-28 20:39:24.278 - INFO: Requested media types of the result are: "text/turtle"
2026-09-28 20:39:24.278 - INFO: Query planning done in 0 ms
2026-09-28 20:39:24.279 - INFO: Result has unknown size (not computed yet)
2026-09-28 20:39:24.557 - INFO: Done processing query and sending result, total time was 278 ms
2026-09-28 20:39:32.877 - INFO: 
2026-09-28 20:39:32.877 - INFO: Request received via GET, no content type specified
2026-09-28 20:39:32.877 - INFO: Processing command "clear-cache": clear the cache (unpinned elements only)
2026-09-28 20:39:32.895 - INFO: 
2026-09-28 20:39:32.895 - INFO: Request received via POST, content type "application/x-www-form-urlencoded"
2026-09-28 20:39:32.895 - INFO: Processing the following SPARQL query:
# Tier H-vocab — title literals, large
# Goal: external-vocabulary lookup pressure with larger bounded output.
PREFIX dblp: <https://dblp.org/rdf/schema#>

CONSTRUCT { ?paper dblp:title ?title }
WHERE {
  ?paper dblp:title ?title .
}
LIMIT 100000

2026-09-28 20:39:32.895 - INFO: Requested media types of the result are: "text/turtle"
2026-09-28 20:39:32.895 - INFO: Query planning done in 0 ms
2026-09-28 20:39:32.896 - INFO: Result has unknown size (not computed yet)
2026-09-28 20:39:33.198 - INFO: Done processing query and sending result, total time was 303 ms
2026-09-28 20:39:33.218 - INFO: 
2026-09-28 20:39:33.218 - INFO: Request received via GET, no content type specified
2026-09-28 20:39:33.218 - INFO: Processing command "clear-cache": clear the cache (unpinned elements only)
2026-09-28 20:39:33.236 - INFO: 
2026-09-28 20:39:33.236 - INFO: Request received via POST, content type "application/x-www-form-urlencoded"
2026-09-28 20:39:33.236 - INFO: Processing the following SPARQL query:
# Tier H-vocab — title literals, large
# Goal: external-vocabulary lookup pressure with larger bounded output.
PREFIX dblp: <https://dblp.org/rdf/schema#>

CONSTRUCT { ?paper dblp:title ?title }
WHERE {
  ?paper dblp:title ?title .
}
LIMIT 100000

2026-09-28 20:39:33.237 - INFO: Requested media types of the result are: "text/turtle"
2026-09-28 20:39:33.237 - INFO: Query planning done in 0 ms
2026-09-28 20:39:33.237 - INFO: Result has unknown size (not computed yet)
2026-09-28 20:39:33.538 - INFO: Done processing query and sending result, total time was 301 ms
2026-09-28 20:39:33.558 - INFO: 
2026-09-28 20:39:33.558 - INFO: Request received via GET, no content type specified
2026-09-28 20:39:33.558 - INFO: Processing command "clear-cache": clear the cache (unpinned elements only)
2026-09-28 20:39:33.576 - INFO: 
2026-09-28 20:39:33.576 - INFO: Request received via POST, content type "application/x-www-form-urlencoded"
2026-09-28 20:39:33.577 - INFO: Processing the following SPARQL query:
# Tier H-vocab — title literals, large
# Goal: external-vocabulary lookup pressure with larger bounded output.
PREFIX dblp: <https://dblp.org/rdf/schema#>

CONSTRUCT { ?paper dblp:title ?title }
WHERE {
  ?paper dblp:title ?title .
}
LIMIT 100000

2026-09-28 20:39:33.577 - INFO: Requested media types of the result are: "text/turtle"
2026-09-28 20:39:33.577 - INFO: Query planning done in 0 ms
2026-09-28 20:39:33.577 - INFO: Result has unknown size (not computed yet)
2026-09-28 20:39:33.878 - INFO: Done processing query and sending result, total time was 302 ms
2026-09-28 20:39:33.898 - INFO: 
2026-09-28 20:39:33.898 - INFO: Request received via GET, no content type specified
2026-09-28 20:39:33.898 - INFO: Processing command "clear-cache": clear the cache (unpinned elements only)
2026-09-28 20:39:33.916 - INFO: 
2026-09-28 20:39:33.916 - INFO: Request received via POST, content type "application/x-www-form-urlencoded"
2026-09-28 20:39:33.916 - INFO: Processing the following SPARQL query:
# Tier H-vocab — title literals, large
# Goal: external-vocabulary lookup pressure with larger bounded output.
PREFIX dblp: <https://dblp.org/rdf/schema#>

CONSTRUCT { ?paper dblp:title ?title }
WHERE {
  ?paper dblp:title ?title .
}
LIMIT 100000

2026-09-28 20:39:33.916 - INFO: Requested media types of the result are: "text/turtle"
2026-09-28 20:39:33.917 - INFO: Query planning done in 0 ms
2026-09-28 20:39:33.917 - INFO: Result has unknown size (not computed yet)
2026-09-28 20:39:34.222 - INFO: Done processing query and sending result, total time was 305 ms
2026-09-28 20:39:34.242 - INFO: 
2026-09-28 20:39:34.242 - INFO: Request received via GET, no content type specified
2026-09-28 20:39:34.242 - INFO: Processing command "clear-cache": clear the cache (unpinned elements only)
2026-09-28 20:39:34.260 - INFO: 
2026-09-28 20:39:34.260 - INFO: Request received via POST, content type "application/x-www-form-urlencoded"
2026-09-28 20:39:34.260 - INFO: Processing the following SPARQL query:
# Tier H-vocab — title literals, large
# Goal: external-vocabulary lookup pressure with larger bounded output.
PREFIX dblp: <https://dblp.org/rdf/schema#>

CONSTRUCT { ?paper dblp:title ?title }
WHERE {
  ?paper dblp:title ?title .
}
LIMIT 100000

2026-09-28 20:39:34.260 - INFO: Requested media types of the result are: "text/turtle"
2026-09-28 20:39:34.260 - INFO: Query planning done in 0 ms
2026-09-28 20:39:34.260 - INFO: Result has unknown size (not computed yet)
2026-09-28 20:39:34.562 - INFO: Done processing query and sending result, total time was 302 ms
2026-09-28 20:39:34.583 - INFO: 
2026-09-28 20:39:34.583 - INFO: Request received via GET, no content type specified
2026-09-28 20:39:34.583 - INFO: Processing command "clear-cache": clear the cache (unpinned elements only)
2026-09-28 20:39:34.608 - INFO: 
2026-09-28 20:39:34.608 - INFO: Request received via POST, content type "application/x-www-form-urlencoded"
2026-09-28 20:39:34.608 - INFO: Processing the following SPARQL query:
# Tier H-vocab — title literals, large
# Goal: external-vocabulary lookup pressure with larger bounded output.
PREFIX dblp: <https://dblp.org/rdf/schema#>

CONSTRUCT { ?paper dblp:title ?title }
WHERE {
  ?paper dblp:title ?title .
}
LIMIT 100000

2026-09-28 20:39:34.608 - INFO: Requested media types of the result are: "text/turtle"
2026-09-28 20:39:34.609 - INFO: Query planning done in 0 ms
2026-09-28 20:39:34.609 - INFO: Result has unknown size (not computed yet)
2026-09-28 20:39:34.912 - INFO: Done processing query and sending result, total time was 304 ms
2026-09-28 20:39:34.933 - INFO: 
2026-09-28 20:39:34.933 - INFO: Request received via GET, no content type specified
2026-09-28 20:39:34.933 - INFO: Processing command "clear-cache": clear the cache (unpinned elements only)
2026-09-28 20:39:34.951 - INFO: 
2026-09-28 20:39:34.951 - INFO: Request received via POST, content type "application/x-www-form-urlencoded"
2026-09-28 20:39:34.951 - INFO: Processing the following SPARQL query:
# Tier H-vocab — title literals, large
# Goal: external-vocabulary lookup pressure with larger bounded output.
PREFIX dblp: <https://dblp.org/rdf/schema#>

CONSTRUCT { ?paper dblp:title ?title }
WHERE {
  ?paper dblp:title ?title .
}
LIMIT 100000

2026-09-28 20:39:34.951 - INFO: Requested media types of the result are: "text/turtle"
2026-09-28 20:39:34.951 - INFO: Query planning done in 0 ms
2026-09-28 20:39:34.951 - INFO: Result has unknown size (not computed yet)
2026-09-28 20:39:35.255 - INFO: Done processing query and sending result, total time was 304 ms
2026-09-28 20:39:35.276 - INFO: 
2026-09-28 20:39:35.276 - INFO: Request received via GET, no content type specified
2026-09-28 20:39:35.276 - INFO: Processing command "clear-cache": clear the cache (unpinned elements only)
2026-09-28 20:39:35.294 - INFO: 
2026-09-28 20:39:35.294 - INFO: Request received via POST, content type "application/x-www-form-urlencoded"
2026-09-28 20:39:35.294 - INFO: Processing the following SPARQL query:
# Tier H-vocab — title literals, large
# Goal: external-vocabulary lookup pressure with larger bounded output.
PREFIX dblp: <https://dblp.org/rdf/schema#>

CONSTRUCT { ?paper dblp:title ?title }
WHERE {
  ?paper dblp:title ?title .
}
LIMIT 100000

2026-09-28 20:39:35.294 - INFO: Requested media types of the result are: "text/turtle"
2026-09-28 20:39:35.294 - INFO: Query planning done in 0 ms
2026-09-28 20:39:35.295 - INFO: Result has unknown size (not computed yet)
2026-09-28 20:39:35.596 - INFO: Done processing query and sending result, total time was 302 ms
2026-09-28 20:39:35.617 - INFO: 
2026-09-28 20:39:35.617 - INFO: Request received via GET, no content type specified
2026-09-28 20:39:35.617 - INFO: Processing command "clear-cache": clear the cache (unpinned elements only)
2026-09-28 20:39:35.634 - INFO: 
2026-09-28 20:39:35.635 - INFO: Request received via POST, content type "application/x-www-form-urlencoded"
2026-09-28 20:39:35.635 - INFO: Processing the following SPARQL query:
# Tier H-vocab — title literals, large
# Goal: external-vocabulary lookup pressure with larger bounded output.
PREFIX dblp: <https://dblp.org/rdf/schema#>

CONSTRUCT { ?paper dblp:title ?title }
WHERE {
  ?paper dblp:title ?title .
}
LIMIT 100000

2026-09-28 20:39:35.635 - INFO: Requested media types of the result are: "text/turtle"
2026-09-28 20:39:35.635 - INFO: Query planning done in 0 ms
2026-09-28 20:39:35.635 - INFO: Result has unknown size (not computed yet)
2026-09-28 20:39:35.938 - INFO: Done processing query and sending result, total time was 303 ms
2026-09-28 20:39:35.958 - INFO: 
2026-09-28 20:39:35.958 - INFO: Request received via GET, no content type specified
2026-09-28 20:39:35.958 - INFO: Processing command "clear-cache": clear the cache (unpinned elements only)
2026-09-28 20:39:35.976 - INFO: 
2026-09-28 20:39:35.976 - INFO: Request received via POST, content type "application/x-www-form-urlencoded"
2026-09-28 20:39:35.976 - INFO: Processing the following SPARQL query:
# Tier H-vocab — title literals, large
# Goal: external-vocabulary lookup pressure with larger bounded output.
PREFIX dblp: <https://dblp.org/rdf/schema#>

CONSTRUCT { ?paper dblp:title ?title }
WHERE {
  ?paper dblp:title ?title .
}
LIMIT 100000

2026-09-28 20:39:35.976 - INFO: Requested media types of the result are: "text/turtle"
2026-09-28 20:39:35.976 - INFO: Query planning done in 0 ms
2026-09-28 20:39:35.977 - INFO: Result has unknown size (not computed yet)
2026-09-28 20:39:36.281 - INFO: Done processing query and sending result, total time was 304 ms
2026-09-28 20:39:36.301 - INFO: 
2026-09-28 20:39:36.301 - INFO: Request received via GET, no content type specified
2026-09-28 20:39:36.301 - INFO: Processing command "clear-cache": clear the cache (unpinned elements only)
2026-09-28 20:39:36.319 - INFO: 
2026-09-28 20:39:36.319 - INFO: Request received via POST, content type "application/x-www-form-urlencoded"
2026-09-28 20:39:36.319 - INFO: Processing the following SPARQL query:
# Tier H-vocab — title literals, large
# Goal: external-vocabulary lookup pressure with larger bounded output.
PREFIX dblp: <https://dblp.org/rdf/schema#>

CONSTRUCT { ?paper dblp:title ?title }
WHERE {
  ?paper dblp:title ?title .
}
LIMIT 100000

2026-09-28 20:39:36.319 - INFO: Requested media types of the result are: "text/turtle"
2026-09-28 20:39:36.320 - INFO: Query planning done in 0 ms
2026-09-28 20:39:36.320 - INFO: Result has unknown size (not computed yet)
2026-09-28 20:39:36.623 - INFO: Done processing query and sending result, total time was 304 ms
2026-09-28 20:40:10.961 - INFO: 
2026-09-28 20:40:10.961 - INFO: Request received via GET, no content type specified
2026-09-28 20:40:10.961 - INFO: Processing command "clear-cache": clear the cache (unpinned elements only)
2026-09-28 20:40:10.980 - INFO: 
2026-09-28 20:40:10.980 - INFO: Request received via POST, content type "application/x-www-form-urlencoded"
2026-09-28 20:40:10.980 - INFO: Processing the following SPARQL query:
# Tier H-vocab — title literals, large
# Goal: external-vocabulary lookup pressure with larger bounded output.
PREFIX dblp: <https://dblp.org/rdf/schema#>

CONSTRUCT { ?paper dblp:title ?title }
WHERE {
  ?paper dblp:title ?title .
}
LIMIT 100000

2026-09-28 20:40:10.980 - INFO: Requested media types of the result are: "text/turtle"
2026-09-28 20:40:10.980 - INFO: Query planning done in 0 ms
2026-09-28 20:40:10.980 - INFO: Result has unknown size (not computed yet)
2026-09-28 20:40:11.285 - INFO: Done processing query and sending result, total time was 305 ms
2026-09-28 20:40:11.305 - INFO: 
2026-09-28 20:40:11.305 - INFO: Request received via GET, no content type specified
2026-09-28 20:40:11.305 - INFO: Processing command "clear-cache": clear the cache (unpinned elements only)
2026-09-28 20:40:11.324 - INFO: 
2026-09-28 20:40:11.324 - INFO: Request received via POST, content type "application/x-www-form-urlencoded"
2026-09-28 20:40:11.324 - INFO: Processing the following SPARQL query:
# Tier H-vocab — title literals, large
# Goal: external-vocabulary lookup pressure with larger bounded output.
PREFIX dblp: <https://dblp.org/rdf/schema#>

CONSTRUCT { ?paper dblp:title ?title }
WHERE {
  ?paper dblp:title ?title .
}
LIMIT 100000

2026-09-28 20:40:11.324 - INFO: Requested media types of the result are: "text/turtle"
2026-09-28 20:40:11.324 - INFO: Query planning done in 0 ms
2026-09-28 20:40:11.325 - INFO: Result has unknown size (not computed yet)
2026-09-28 20:40:11.629 - INFO: Done processing query and sending result, total time was 304 ms
2026-09-28 20:40:11.649 - INFO: 
2026-09-28 20:40:11.649 - INFO: Request received via GET, no content type specified
2026-09-28 20:40:11.649 - INFO: Processing command "clear-cache": clear the cache (unpinned elements only)
2026-09-28 20:40:11.667 - INFO: 
2026-09-28 20:40:11.667 - INFO: Request received via POST, content type "application/x-www-form-urlencoded"
2026-09-28 20:40:11.667 - INFO: Processing the following SPARQL query:
# Tier H-vocab — title literals, large
# Goal: external-vocabulary lookup pressure with larger bounded output.
PREFIX dblp: <https://dblp.org/rdf/schema#>

CONSTRUCT { ?paper dblp:title ?title }
WHERE {
  ?paper dblp:title ?title .
}
LIMIT 100000

2026-09-28 20:40:11.667 - INFO: Requested media types of the result are: "text/turtle"
2026-09-28 20:40:11.667 - INFO: Query planning done in 0 ms
2026-09-28 20:40:11.667 - INFO: Result has unknown size (not computed yet)
2026-09-28 20:40:11.974 - INFO: Done processing query and sending result, total time was 306 ms
2026-09-28 20:40:11.994 - INFO: 
2026-09-28 20:40:11.994 - INFO: Request received via GET, no content type specified
2026-09-28 20:40:11.994 - INFO: Processing command "clear-cache": clear the cache (unpinned elements only)
2026-09-28 20:40:12.012 - INFO: 
2026-09-28 20:40:12.012 - INFO: Request received via POST, content type "application/x-www-form-urlencoded"
2026-09-28 20:40:12.012 - INFO: Processing the following SPARQL query:
# Tier H-vocab — title literals, large
# Goal: external-vocabulary lookup pressure with larger bounded output.
PREFIX dblp: <https://dblp.org/rdf/schema#>

CONSTRUCT { ?paper dblp:title ?title }
WHERE {
  ?paper dblp:title ?title .
}
LIMIT 100000

2026-09-28 20:40:12.012 - INFO: Requested media types of the result are: "text/turtle"
2026-09-28 20:40:12.012 - INFO: Query planning done in 0 ms
2026-09-28 20:40:12.012 - INFO: Result has unknown size (not computed yet)
2026-09-28 20:40:12.312 - INFO: Done processing query and sending result, total time was 300 ms
2026-09-28 20:40:12.332 - INFO: 
2026-09-28 20:40:12.333 - INFO: Request received via GET, no content type specified
2026-09-28 20:40:12.333 - INFO: Processing command "clear-cache": clear the cache (unpinned elements only)
2026-09-28 20:40:12.350 - INFO: 
2026-09-28 20:40:12.350 - INFO: Request received via POST, content type "application/x-www-form-urlencoded"
2026-09-28 20:40:12.351 - INFO: Processing the following SPARQL query:
# Tier H-vocab — title literals, large
# Goal: external-vocabulary lookup pressure with larger bounded output.
PREFIX dblp: <https://dblp.org/rdf/schema#>

CONSTRUCT { ?paper dblp:title ?title }
WHERE {
  ?paper dblp:title ?title .
}
LIMIT 100000

2026-09-28 20:40:12.351 - INFO: Requested media types of the result are: "text/turtle"
2026-09-28 20:40:12.351 - INFO: Query planning done in 0 ms
2026-09-28 20:40:12.351 - INFO: Result has unknown size (not computed yet)
2026-09-28 20:40:12.657 - INFO: Done processing query and sending result, total time was 306 ms
2026-09-28 20:40:12.677 - INFO: 
2026-09-28 20:40:12.677 - INFO: Request received via GET, no content type specified
2026-09-28 20:40:12.677 - INFO: Processing command "clear-cache": clear the cache (unpinned elements only)
2026-09-28 20:40:12.695 - INFO: 
2026-09-28 20:40:12.695 - INFO: Request received via POST, content type "application/x-www-form-urlencoded"
2026-09-28 20:40:12.695 - INFO: Processing the following SPARQL query:
# Tier H-vocab — title literals, large
# Goal: external-vocabulary lookup pressure with larger bounded output.
PREFIX dblp: <https://dblp.org/rdf/schema#>

CONSTRUCT { ?paper dblp:title ?title }
WHERE {
  ?paper dblp:title ?title .
}
LIMIT 100000

2026-09-28 20:40:12.695 - INFO: Requested media types of the result are: "text/turtle"
2026-09-28 20:40:12.695 - INFO: Query planning done in 0 ms
2026-09-28 20:40:12.695 - INFO: Result has unknown size (not computed yet)
2026-09-28 20:40:12.999 - INFO: Done processing query and sending result, total time was 303 ms
2026-09-28 20:40:13.019 - INFO: 
2026-09-28 20:40:13.019 - INFO: Request received via GET, no content type specified
2026-09-28 20:40:13.019 - INFO: Processing command "clear-cache": clear the cache (unpinned elements only)
2026-09-28 20:40:13.044 - INFO: 
2026-09-28 20:40:13.044 - INFO: Request received via POST, content type "application/x-www-form-urlencoded"
2026-09-28 20:40:13.044 - INFO: Processing the following SPARQL query:
# Tier H-vocab — title literals, large
# Goal: external-vocabulary lookup pressure with larger bounded output.
PREFIX dblp: <https://dblp.org/rdf/schema#>

CONSTRUCT { ?paper dblp:title ?title }
WHERE {
  ?paper dblp:title ?title .
}
LIMIT 100000

2026-09-28 20:40:13.044 - INFO: Requested media types of the result are: "text/turtle"
2026-09-28 20:40:13.045 - INFO: Query planning done in 0 ms
2026-09-28 20:40:13.045 - INFO: Result has unknown size (not computed yet)
2026-09-28 20:40:13.349 - INFO: Done processing query and sending result, total time was 305 ms
2026-09-28 20:40:13.370 - INFO: 
2026-09-28 20:40:13.370 - INFO: Request received via GET, no content type specified
2026-09-28 20:40:13.370 - INFO: Processing command "clear-cache": clear the cache (unpinned elements only)
2026-09-28 20:40:13.387 - INFO: 
2026-09-28 20:40:13.387 - INFO: Request received via POST, content type "application/x-www-form-urlencoded"
2026-09-28 20:40:13.388 - INFO: Processing the following SPARQL query:
# Tier H-vocab — title literals, large
# Goal: external-vocabulary lookup pressure with larger bounded output.
PREFIX dblp: <https://dblp.org/rdf/schema#>

CONSTRUCT { ?paper dblp:title ?title }
WHERE {
  ?paper dblp:title ?title .
}
LIMIT 100000

2026-09-28 20:40:13.388 - INFO: Requested media types of the result are: "text/turtle"
2026-09-28 20:40:13.388 - INFO: Query planning done in 0 ms
2026-09-28 20:40:13.388 - INFO: Result has unknown size (not computed yet)
2026-09-28 20:40:13.692 - INFO: Done processing query and sending result, total time was 304 ms
2026-09-28 20:40:13.712 - INFO: 
2026-09-28 20:40:13.712 - INFO: Request received via GET, no content type specified
2026-09-28 20:40:13.712 - INFO: Processing command "clear-cache": clear the cache (unpinned elements only)
2026-09-28 20:40:13.730 - INFO: 
2026-09-28 20:40:13.730 - INFO: Request received via POST, content type "application/x-www-form-urlencoded"
2026-09-28 20:40:13.731 - INFO: Processing the following SPARQL query:
# Tier H-vocab — title literals, large
# Goal: external-vocabulary lookup pressure with larger bounded output.
PREFIX dblp: <https://dblp.org/rdf/schema#>

CONSTRUCT { ?paper dblp:title ?title }
WHERE {
  ?paper dblp:title ?title .
}
LIMIT 100000

2026-09-28 20:40:13.731 - INFO: Requested media types of the result are: "text/turtle"
2026-09-28 20:40:13.731 - INFO: Query planning done in 0 ms
2026-09-28 20:40:13.731 - INFO: Result has unknown size (not computed yet)
2026-09-28 20:40:14.032 - INFO: Done processing query and sending result, total time was 301 ms
2026-09-28 20:40:14.052 - INFO: 
2026-09-28 20:40:14.052 - INFO: Request received via GET, no content type specified
2026-09-28 20:40:14.052 - INFO: Processing command "clear-cache": clear the cache (unpinned elements only)
2026-09-28 20:40:14.070 - INFO: 
2026-09-28 20:40:14.070 - INFO: Request received via POST, content type "application/x-www-form-urlencoded"
2026-09-28 20:40:14.071 - INFO: Processing the following SPARQL query:
# Tier H-vocab — title literals, large
# Goal: external-vocabulary lookup pressure with larger bounded output.
PREFIX dblp: <https://dblp.org/rdf/schema#>

CONSTRUCT { ?paper dblp:title ?title }
WHERE {
  ?paper dblp:title ?title .
}
LIMIT 100000

2026-09-28 20:40:14.071 - INFO: Requested media types of the result are: "text/turtle"
2026-09-28 20:40:14.071 - INFO: Query planning done in 0 ms
2026-09-28 20:40:14.071 - INFO: Result has unknown size (not computed yet)
2026-09-28 20:40:14.373 - INFO: Done processing query and sending result, total time was 303 ms
2026-09-28 20:40:14.394 - INFO: 
2026-09-28 20:40:14.394 - INFO: Request received via GET, no content type specified
2026-09-28 20:40:14.394 - INFO: Processing command "clear-cache": clear the cache (unpinned elements only)
2026-09-28 20:40:14.412 - INFO: 
2026-09-28 20:40:14.412 - INFO: Request received via POST, content type "application/x-www-form-urlencoded"
2026-09-28 20:40:14.412 - INFO: Processing the following SPARQL query:
# Tier H-vocab — title literals, large
# Goal: external-vocabulary lookup pressure with larger bounded output.
PREFIX dblp: <https://dblp.org/rdf/schema#>

CONSTRUCT { ?paper dblp:title ?title }
WHERE {
  ?paper dblp:title ?title .
}
LIMIT 100000

2026-09-28 20:40:14.412 - INFO: Requested media types of the result are: "text/turtle"
2026-09-28 20:40:14.412 - INFO: Query planning done in 0 ms
2026-09-28 20:40:14.412 - INFO: Result has unknown size (not computed yet)
2026-09-28 20:40:14.716 - INFO: Done processing query and sending result, total time was 304 ms
2026-09-28 20:40:22.980 - INFO: 
2026-09-28 20:40:22.980 - INFO: Request received via GET, no content type specified
2026-09-28 20:40:22.980 - INFO: Processing command "clear-cache": clear the cache (unpinned elements only)
2026-09-28 20:40:22.999 - INFO: 
2026-09-28 20:40:22.999 - INFO: Request received via POST, content type "application/x-www-form-urlencoded"
2026-09-28 20:40:22.999 - INFO: Processing the following SPARQL query:
# Tier H-vocab — title literals, large
# Goal: external-vocabulary lookup pressure with larger bounded output.
PREFIX dblp: <https://dblp.org/rdf/schema#>

CONSTRUCT { ?paper dblp:title ?title }
WHERE {
  ?paper dblp:title ?title .
}
LIMIT 100000

2026-09-28 20:40:22.999 - INFO: Requested media types of the result are: "text/turtle"
2026-09-28 20:40:22.999 - INFO: Query planning done in 0 ms
2026-09-28 20:40:23.000 - INFO: Result has unknown size (not computed yet)
2026-09-28 20:40:23.307 - INFO: Done processing query and sending result, total time was 308 ms
2026-09-28 20:40:23.327 - INFO: 
2026-09-28 20:40:23.327 - INFO: Request received via GET, no content type specified
2026-09-28 20:40:23.327 - INFO: Processing command "clear-cache": clear the cache (unpinned elements only)
2026-09-28 20:40:23.345 - INFO: 
2026-09-28 20:40:23.345 - INFO: Request received via POST, content type "application/x-www-form-urlencoded"
2026-09-28 20:40:23.345 - INFO: Processing the following SPARQL query:
# Tier H-vocab — title literals, large
# Goal: external-vocabulary lookup pressure with larger bounded output.
PREFIX dblp: <https://dblp.org/rdf/schema#>

CONSTRUCT { ?paper dblp:title ?title }
WHERE {
  ?paper dblp:title ?title .
}
LIMIT 100000

2026-09-28 20:40:23.345 - INFO: Requested media types of the result are: "text/turtle"
2026-09-28 20:40:23.346 - INFO: Query planning done in 0 ms
2026-09-28 20:40:23.346 - INFO: Result has unknown size (not computed yet)
2026-09-28 20:40:23.655 - INFO: Done processing query and sending result, total time was 309 ms
2026-09-28 20:40:23.675 - INFO: 
2026-09-28 20:40:23.675 - INFO: Request received via GET, no content type specified
2026-09-28 20:40:23.675 - INFO: Processing command "clear-cache": clear the cache (unpinned elements only)
2026-09-28 20:40:23.693 - INFO: 
2026-09-28 20:40:23.693 - INFO: Request received via POST, content type "application/x-www-form-urlencoded"
2026-09-28 20:40:23.693 - INFO: Processing the following SPARQL query:
# Tier H-vocab — title literals, large
# Goal: external-vocabulary lookup pressure with larger bounded output.
PREFIX dblp: <https://dblp.org/rdf/schema#>

CONSTRUCT { ?paper dblp:title ?title }
WHERE {
  ?paper dblp:title ?title .
}
LIMIT 100000

2026-09-28 20:40:23.693 - INFO: Requested media types of the result are: "text/turtle"
2026-09-28 20:40:23.693 - INFO: Query planning done in 0 ms
2026-09-28 20:40:23.693 - INFO: Result has unknown size (not computed yet)
2026-09-28 20:40:23.997 - INFO: Done processing query and sending result, total time was 303 ms
2026-09-28 20:40:24.017 - INFO: 
2026-09-28 20:40:24.017 - INFO: Request received via GET, no content type specified
2026-09-28 20:40:24.017 - INFO: Processing command "clear-cache": clear the cache (unpinned elements only)
2026-09-28 20:40:24.035 - INFO: 
2026-09-28 20:40:24.035 - INFO: Request received via POST, content type "application/x-www-form-urlencoded"
2026-09-28 20:40:24.035 - INFO: Processing the following SPARQL query:
# Tier H-vocab — title literals, large
# Goal: external-vocabulary lookup pressure with larger bounded output.
PREFIX dblp: <https://dblp.org/rdf/schema#>

CONSTRUCT { ?paper dblp:title ?title }
WHERE {
  ?paper dblp:title ?title .
}
LIMIT 100000

2026-09-28 20:40:24.035 - INFO: Requested media types of the result are: "text/turtle"
2026-09-28 20:40:24.036 - INFO: Query planning done in 0 ms
2026-09-28 20:40:24.036 - INFO: Result has unknown size (not computed yet)
2026-09-28 20:40:24.343 - INFO: Done processing query and sending result, total time was 307 ms
2026-09-28 20:40:24.363 - INFO: 
2026-09-28 20:40:24.363 - INFO: Request received via GET, no content type specified
2026-09-28 20:40:24.363 - INFO: Processing command "clear-cache": clear the cache (unpinned elements only)
2026-09-28 20:40:24.381 - INFO: 
2026-09-28 20:40:24.381 - INFO: Request received via POST, content type "application/x-www-form-urlencoded"
2026-09-28 20:40:24.381 - INFO: Processing the following SPARQL query:
# Tier H-vocab — title literals, large
# Goal: external-vocabulary lookup pressure with larger bounded output.
PREFIX dblp: <https://dblp.org/rdf/schema#>

CONSTRUCT { ?paper dblp:title ?title }
WHERE {
  ?paper dblp:title ?title .
}
LIMIT 100000

2026-09-28 20:40:24.381 - INFO: Requested media types of the result are: "text/turtle"
2026-09-28 20:40:24.381 - INFO: Query planning done in 0 ms
2026-09-28 20:40:24.381 - INFO: Result has unknown size (not computed yet)
2026-09-28 20:40:24.688 - INFO: Done processing query and sending result, total time was 307 ms
2026-09-28 20:40:24.708 - INFO: 
2026-09-28 20:40:24.708 - INFO: Request received via GET, no content type specified
2026-09-28 20:40:24.709 - INFO: Processing command "clear-cache": clear the cache (unpinned elements only)
2026-09-28 20:40:24.727 - INFO: 
2026-09-28 20:40:24.727 - INFO: Request received via POST, content type "application/x-www-form-urlencoded"
2026-09-28 20:40:24.727 - INFO: Processing the following SPARQL query:
# Tier H-vocab — title literals, large
# Goal: external-vocabulary lookup pressure with larger bounded output.
PREFIX dblp: <https://dblp.org/rdf/schema#>

CONSTRUCT { ?paper dblp:title ?title }
WHERE {
  ?paper dblp:title ?title .
}
LIMIT 100000

2026-09-28 20:40:24.727 - INFO: Requested media types of the result are: "text/turtle"
2026-09-28 20:40:24.727 - INFO: Query planning done in 0 ms
2026-09-28 20:40:24.727 - INFO: Result has unknown size (not computed yet)
2026-09-28 20:40:25.035 - INFO: Done processing query and sending result, total time was 308 ms
2026-09-28 20:40:25.056 - INFO: 
2026-09-28 20:40:25.056 - INFO: Request received via GET, no content type specified
2026-09-28 20:40:25.056 - INFO: Processing command "clear-cache": clear the cache (unpinned elements only)
2026-09-28 20:40:25.074 - INFO: 
2026-09-28 20:40:25.074 - INFO: Request received via POST, content type "application/x-www-form-urlencoded"
2026-09-28 20:40:25.074 - INFO: Processing the following SPARQL query:
# Tier H-vocab — title literals, large
# Goal: external-vocabulary lookup pressure with larger bounded output.
PREFIX dblp: <https://dblp.org/rdf/schema#>

CONSTRUCT { ?paper dblp:title ?title }
WHERE {
  ?paper dblp:title ?title .
}
LIMIT 100000

2026-09-28 20:40:25.074 - INFO: Requested media types of the result are: "text/turtle"
2026-09-28 20:40:25.074 - INFO: Query planning done in 0 ms
2026-09-28 20:40:25.074 - INFO: Result has unknown size (not computed yet)
2026-09-28 20:40:25.380 - INFO: Done processing query and sending result, total time was 306 ms
2026-09-28 20:40:25.401 - INFO: 
2026-09-28 20:40:25.401 - INFO: Request received via GET, no content type specified
2026-09-28 20:40:25.401 - INFO: Processing command "clear-cache": clear the cache (unpinned elements only)
2026-09-28 20:40:25.419 - INFO: 
2026-09-28 20:40:25.419 - INFO: Request received via POST, content type "application/x-www-form-urlencoded"
2026-09-28 20:40:25.419 - INFO: Processing the following SPARQL query:
# Tier H-vocab — title literals, large
# Goal: external-vocabulary lookup pressure with larger bounded output.
PREFIX dblp: <https://dblp.org/rdf/schema#>

CONSTRUCT { ?paper dblp:title ?title }
WHERE {
  ?paper dblp:title ?title .
}
LIMIT 100000

2026-09-28 20:40:25.419 - INFO: Requested media types of the result are: "text/turtle"
2026-09-28 20:40:25.419 - INFO: Query planning done in 0 ms
2026-09-28 20:40:25.419 - INFO: Result has unknown size (not computed yet)
2026-09-28 20:40:25.725 - INFO: Done processing query and sending result, total time was 306 ms
2026-09-28 20:40:25.745 - INFO: 
2026-09-28 20:40:25.745 - INFO: Request received via GET, no content type specified
2026-09-28 20:40:25.745 - INFO: Processing command "clear-cache": clear the cache (unpinned elements only)
2026-09-28 20:40:25.763 - INFO: 
2026-09-28 20:40:25.763 - INFO: Request received via POST, content type "application/x-www-form-urlencoded"
2026-09-28 20:40:25.763 - INFO: Processing the following SPARQL query:
# Tier H-vocab — title literals, large
# Goal: external-vocabulary lookup pressure with larger bounded output.
PREFIX dblp: <https://dblp.org/rdf/schema#>

CONSTRUCT { ?paper dblp:title ?title }
WHERE {
  ?paper dblp:title ?title .
}
LIMIT 100000

2026-09-28 20:40:25.763 - INFO: Requested media types of the result are: "text/turtle"
2026-09-28 20:40:25.764 - INFO: Query planning done in 0 ms
2026-09-28 20:40:25.764 - INFO: Result has unknown size (not computed yet)
2026-09-28 20:40:26.070 - INFO: Done processing query and sending result, total time was 306 ms
2026-09-28 20:40:26.090 - INFO: 
2026-09-28 20:40:26.090 - INFO: Request received via GET, no content type specified
2026-09-28 20:40:26.090 - INFO: Processing command "clear-cache": clear the cache (unpinned elements only)
2026-09-28 20:40:26.108 - INFO: 
2026-09-28 20:40:26.108 - INFO: Request received via POST, content type "application/x-www-form-urlencoded"
2026-09-28 20:40:26.109 - INFO: Processing the following SPARQL query:
# Tier H-vocab — title literals, large
# Goal: external-vocabulary lookup pressure with larger bounded output.
PREFIX dblp: <https://dblp.org/rdf/schema#>

CONSTRUCT { ?paper dblp:title ?title }
WHERE {
  ?paper dblp:title ?title .
}
LIMIT 100000

2026-09-28 20:40:26.109 - INFO: Requested media types of the result are: "text/turtle"
2026-09-28 20:40:26.109 - INFO: Query planning done in 0 ms
2026-09-28 20:40:26.109 - INFO: Result has unknown size (not computed yet)
2026-09-28 20:40:26.417 - INFO: Done processing query and sending result, total time was 308 ms
2026-09-28 20:40:26.437 - INFO: 
2026-09-28 20:40:26.437 - INFO: Request received via GET, no content type specified
2026-09-28 20:40:26.437 - INFO: Processing command "clear-cache": clear the cache (unpinned elements only)
2026-09-28 20:40:26.455 - INFO: 
2026-09-28 20:40:26.455 - INFO: Request received via POST, content type "application/x-www-form-urlencoded"
2026-09-28 20:40:26.455 - INFO: Processing the following SPARQL query:
# Tier H-vocab — title literals, large
# Goal: external-vocabulary lookup pressure with larger bounded output.
PREFIX dblp: <https://dblp.org/rdf/schema#>

CONSTRUCT { ?paper dblp:title ?title }
WHERE {
  ?paper dblp:title ?title .
}
LIMIT 100000

2026-09-28 20:40:26.455 - INFO: Requested media types of the result are: "text/turtle"
2026-09-28 20:40:26.455 - INFO: Query planning done in 0 ms
2026-09-28 20:40:26.456 - INFO: Result has unknown size (not computed yet)
2026-09-28 20:40:26.763 - INFO: Done processing query and sending result, total time was 308 ms
2026-09-28 20:41:01.150 - INFO: 
2026-09-28 20:41:01.150 - INFO: Request received via GET, no content type specified
2026-09-28 20:41:01.150 - INFO: Processing command "clear-cache": clear the cache (unpinned elements only)
2026-09-28 20:41:01.168 - INFO: 
2026-09-28 20:41:01.168 - INFO: Request received via POST, content type "application/x-www-form-urlencoded"
2026-09-28 20:41:01.168 - INFO: Processing the following SPARQL query:
# Tier H-vocab — title literals, large
# Goal: external-vocabulary lookup pressure with larger bounded output.
PREFIX dblp: <https://dblp.org/rdf/schema#>

CONSTRUCT { ?paper dblp:title ?title }
WHERE {
  ?paper dblp:title ?title .
}
LIMIT 100000

2026-09-28 20:41:01.168 - INFO: Requested media types of the result are: "text/turtle"
2026-09-28 20:41:01.168 - INFO: Query planning done in 0 ms
2026-09-28 20:41:01.168 - INFO: Result has unknown size (not computed yet)
2026-09-28 20:41:01.476 - INFO: Done processing query and sending result, total time was 308 ms
2026-09-28 20:41:01.496 - INFO: 
2026-09-28 20:41:01.496 - INFO: Request received via GET, no content type specified
2026-09-28 20:41:01.497 - INFO: Processing command "clear-cache": clear the cache (unpinned elements only)
2026-09-28 20:41:01.514 - INFO: 
2026-09-28 20:41:01.514 - INFO: Request received via POST, content type "application/x-www-form-urlencoded"
2026-09-28 20:41:01.515 - INFO: Processing the following SPARQL query:
# Tier H-vocab — title literals, large
# Goal: external-vocabulary lookup pressure with larger bounded output.
PREFIX dblp: <https://dblp.org/rdf/schema#>

CONSTRUCT { ?paper dblp:title ?title }
WHERE {
  ?paper dblp:title ?title .
}
LIMIT 100000

2026-09-28 20:41:01.515 - INFO: Requested media types of the result are: "text/turtle"
2026-09-28 20:41:01.515 - INFO: Query planning done in 0 ms
2026-09-28 20:41:01.516 - INFO: Result has unknown size (not computed yet)
2026-09-28 20:41:01.823 - INFO: Done processing query and sending result, total time was 308 ms
2026-09-28 20:41:01.843 - INFO: 
2026-09-28 20:41:01.843 - INFO: Request received via GET, no content type specified
2026-09-28 20:41:01.843 - INFO: Processing command "clear-cache": clear the cache (unpinned elements only)
2026-09-28 20:41:01.861 - INFO: 
2026-09-28 20:41:01.861 - INFO: Request received via POST, content type "application/x-www-form-urlencoded"
2026-09-28 20:41:01.862 - INFO: Processing the following SPARQL query:
# Tier H-vocab — title literals, large
# Goal: external-vocabulary lookup pressure with larger bounded output.
PREFIX dblp: <https://dblp.org/rdf/schema#>

CONSTRUCT { ?paper dblp:title ?title }
WHERE {
  ?paper dblp:title ?title .
}
LIMIT 100000

2026-09-28 20:41:01.862 - INFO: Requested media types of the result are: "text/turtle"
2026-09-28 20:41:01.862 - INFO: Query planning done in 0 ms
2026-09-28 20:41:01.862 - INFO: Result has unknown size (not computed yet)
2026-09-28 20:41:02.169 - INFO: Done processing query and sending result, total time was 308 ms
2026-09-28 20:41:02.189 - INFO: 
2026-09-28 20:41:02.189 - INFO: Request received via GET, no content type specified
2026-09-28 20:41:02.189 - INFO: Processing command "clear-cache": clear the cache (unpinned elements only)
2026-09-28 20:41:02.207 - INFO: 
2026-09-28 20:41:02.207 - INFO: Request received via POST, content type "application/x-www-form-urlencoded"
2026-09-28 20:41:02.208 - INFO: Processing the following SPARQL query:
# Tier H-vocab — title literals, large
# Goal: external-vocabulary lookup pressure with larger bounded output.
PREFIX dblp: <https://dblp.org/rdf/schema#>

CONSTRUCT { ?paper dblp:title ?title }
WHERE {
  ?paper dblp:title ?title .
}
LIMIT 100000

2026-09-28 20:41:02.208 - INFO: Requested media types of the result are: "text/turtle"
2026-09-28 20:41:02.208 - INFO: Query planning done in 0 ms
2026-09-28 20:41:02.208 - INFO: Result has unknown size (not computed yet)
2026-09-28 20:41:02.514 - INFO: Done processing query and sending result, total time was 307 ms
2026-09-28 20:41:02.535 - INFO: 
2026-09-28 20:41:02.535 - INFO: Request received via GET, no content type specified
2026-09-28 20:41:02.535 - INFO: Processing command "clear-cache": clear the cache (unpinned elements only)
2026-09-28 20:41:02.553 - INFO: 
2026-09-28 20:41:02.553 - INFO: Request received via POST, content type "application/x-www-form-urlencoded"
2026-09-28 20:41:02.553 - INFO: Processing the following SPARQL query:
# Tier H-vocab — title literals, large
# Goal: external-vocabulary lookup pressure with larger bounded output.
PREFIX dblp: <https://dblp.org/rdf/schema#>

CONSTRUCT { ?paper dblp:title ?title }
WHERE {
  ?paper dblp:title ?title .
}
LIMIT 100000

2026-09-28 20:41:02.553 - INFO: Requested media types of the result are: "text/turtle"
2026-09-28 20:41:02.553 - INFO: Query planning done in 0 ms
2026-09-28 20:41:02.553 - INFO: Result has unknown size (not computed yet)
2026-09-28 20:41:02.856 - INFO: Done processing query and sending result, total time was 303 ms
2026-09-28 20:41:02.876 - INFO: 
2026-09-28 20:41:02.876 - INFO: Request received via GET, no content type specified
2026-09-28 20:41:02.876 - INFO: Processing command "clear-cache": clear the cache (unpinned elements only)
2026-09-28 20:41:02.895 - INFO: 
2026-09-28 20:41:02.895 - INFO: Request received via POST, content type "application/x-www-form-urlencoded"
2026-09-28 20:41:02.895 - INFO: Processing the following SPARQL query:
# Tier H-vocab — title literals, large
# Goal: external-vocabulary lookup pressure with larger bounded output.
PREFIX dblp: <https://dblp.org/rdf/schema#>

CONSTRUCT { ?paper dblp:title ?title }
WHERE {
  ?paper dblp:title ?title .
}
LIMIT 100000

2026-09-28 20:41:02.895 - INFO: Requested media types of the result are: "text/turtle"
2026-09-28 20:41:02.895 - INFO: Query planning done in 0 ms
2026-09-28 20:41:02.895 - INFO: Result has unknown size (not computed yet)
2026-09-28 20:41:03.199 - INFO: Done processing query and sending result, total time was 304 ms
2026-09-28 20:41:03.219 - INFO: 
2026-09-28 20:41:03.219 - INFO: Request received via GET, no content type specified
2026-09-28 20:41:03.219 - INFO: Processing command "clear-cache": clear the cache (unpinned elements only)
2026-09-28 20:41:03.237 - INFO: 
2026-09-28 20:41:03.237 - INFO: Request received via POST, content type "application/x-www-form-urlencoded"
2026-09-28 20:41:03.237 - INFO: Processing the following SPARQL query:
# Tier H-vocab — title literals, large
# Goal: external-vocabulary lookup pressure with larger bounded output.
PREFIX dblp: <https://dblp.org/rdf/schema#>

CONSTRUCT { ?paper dblp:title ?title }
WHERE {
  ?paper dblp:title ?title .
}
LIMIT 100000

2026-09-28 20:41:03.237 - INFO: Requested media types of the result are: "text/turtle"
2026-09-28 20:41:03.237 - INFO: Query planning done in 0 ms
2026-09-28 20:41:03.237 - INFO: Result has unknown size (not computed yet)
2026-09-28 20:41:03.539 - INFO: Done processing query and sending result, total time was 302 ms
2026-09-28 20:41:03.559 - INFO: 
2026-09-28 20:41:03.559 - INFO: Request received via GET, no content type specified
2026-09-28 20:41:03.559 - INFO: Processing command "clear-cache": clear the cache (unpinned elements only)
2026-09-28 20:41:03.577 - INFO: 
2026-09-28 20:41:03.577 - INFO: Request received via POST, content type "application/x-www-form-urlencoded"
2026-09-28 20:41:03.577 - INFO: Processing the following SPARQL query:
# Tier H-vocab — title literals, large
# Goal: external-vocabulary lookup pressure with larger bounded output.
PREFIX dblp: <https://dblp.org/rdf/schema#>

CONSTRUCT { ?paper dblp:title ?title }
WHERE {
  ?paper dblp:title ?title .
}
LIMIT 100000

2026-09-28 20:41:03.577 - INFO: Requested media types of the result are: "text/turtle"
2026-09-28 20:41:03.578 - INFO: Query planning done in 0 ms
2026-09-28 20:41:03.578 - INFO: Result has unknown size (not computed yet)
2026-09-28 20:41:03.867 - INFO: Done processing query and sending result, total time was 290 ms
2026-09-28 20:41:03.887 - INFO: 
2026-09-28 20:41:03.887 - INFO: Request received via GET, no content type specified
2026-09-28 20:41:03.887 - INFO: Processing command "clear-cache": clear the cache (unpinned elements only)
2026-09-28 20:41:03.905 - INFO: 
2026-09-28 20:41:03.905 - INFO: Request received via POST, content type "application/x-www-form-urlencoded"
2026-09-28 20:41:03.905 - INFO: Processing the following SPARQL query:
# Tier H-vocab — title literals, large
# Goal: external-vocabulary lookup pressure with larger bounded output.
PREFIX dblp: <https://dblp.org/rdf/schema#>

CONSTRUCT { ?paper dblp:title ?title }
WHERE {
  ?paper dblp:title ?title .
}
LIMIT 100000

2026-09-28 20:41:03.905 - INFO: Requested media types of the result are: "text/turtle"
2026-09-28 20:41:03.906 - INFO: Query planning done in 0 ms
2026-09-28 20:41:03.906 - INFO: Result has unknown size (not computed yet)
2026-09-28 20:41:04.184 - INFO: Done processing query and sending result, total time was 278 ms
2026-09-28 20:41:04.204 - INFO: 
2026-09-28 20:41:04.204 - INFO: Request received via GET, no content type specified
2026-09-28 20:41:04.204 - INFO: Processing command "clear-cache": clear the cache (unpinned elements only)
2026-09-28 20:41:04.222 - INFO: 
2026-09-28 20:41:04.222 - INFO: Request received via POST, content type "application/x-www-form-urlencoded"
2026-09-28 20:41:04.222 - INFO: Processing the following SPARQL query:
# Tier H-vocab — title literals, large
# Goal: external-vocabulary lookup pressure with larger bounded output.
PREFIX dblp: <https://dblp.org/rdf/schema#>

CONSTRUCT { ?paper dblp:title ?title }
WHERE {
  ?paper dblp:title ?title .
}
LIMIT 100000

2026-09-28 20:41:04.222 - INFO: Requested media types of the result are: "text/turtle"
2026-09-28 20:41:04.222 - INFO: Query planning done in 0 ms
2026-09-28 20:41:04.223 - INFO: Result has unknown size (not computed yet)
2026-09-28 20:41:04.503 - INFO: Done processing query and sending result, total time was 281 ms
2026-09-28 20:41:04.523 - INFO: 
2026-09-28 20:41:04.523 - INFO: Request received via GET, no content type specified
2026-09-28 20:41:04.523 - INFO: Processing command "clear-cache": clear the cache (unpinned elements only)
2026-09-28 20:41:04.549 - INFO: 
2026-09-28 20:41:04.549 - INFO: Request received via POST, content type "application/x-www-form-urlencoded"
2026-09-28 20:41:04.549 - INFO: Processing the following SPARQL query:
# Tier H-vocab — title literals, large
# Goal: external-vocabulary lookup pressure with larger bounded output.
PREFIX dblp: <https://dblp.org/rdf/schema#>

CONSTRUCT { ?paper dblp:title ?title }
WHERE {
  ?paper dblp:title ?title .
}
LIMIT 100000

2026-09-28 20:41:04.549 - INFO: Requested media types of the result are: "text/turtle"
2026-09-28 20:41:04.549 - INFO: Query planning done in 0 ms
2026-09-28 20:41:04.549 - INFO: Result has unknown size (not computed yet)
2026-09-28 20:41:04.835 - INFO: Done processing query and sending result, total time was 286 ms
2026-09-28 20:41:12.861 - INFO: 
2026-09-28 20:41:12.861 - INFO: Request received via GET, no content type specified
2026-09-28 20:41:12.861 - INFO: Processing command "clear-cache": clear the cache (unpinned elements only)
2026-09-28 20:41:12.898 - INFO: 
2026-09-28 20:41:12.898 - INFO: Request received via POST, content type "application/x-www-form-urlencoded"
2026-09-28 20:41:12.898 - INFO: Processing the following SPARQL query:
# Tier H-vocab — title literals, large
# Goal: external-vocabulary lookup pressure with larger bounded output.
PREFIX dblp: <https://dblp.org/rdf/schema#>

CONSTRUCT { ?paper dblp:title ?title }
WHERE {
  ?paper dblp:title ?title .
}
LIMIT 100000

2026-09-28 20:41:12.898 - INFO: Requested media types of the result are: "text/turtle"
2026-09-28 20:41:12.898 - INFO: Query planning done in 0 ms
2026-09-28 20:41:12.899 - INFO: Result has unknown size (not computed yet)
2026-09-28 20:41:13.203 - INFO: Done processing query and sending result, total time was 305 ms
2026-09-28 20:41:13.223 - INFO: 
2026-09-28 20:41:13.223 - INFO: Request received via GET, no content type specified
2026-09-28 20:41:13.223 - INFO: Processing command "clear-cache": clear the cache (unpinned elements only)
2026-09-28 20:41:13.241 - INFO: 
2026-09-28 20:41:13.241 - INFO: Request received via POST, content type "application/x-www-form-urlencoded"
2026-09-28 20:41:13.242 - INFO: Processing the following SPARQL query:
# Tier H-vocab — title literals, large
# Goal: external-vocabulary lookup pressure with larger bounded output.
PREFIX dblp: <https://dblp.org/rdf/schema#>

CONSTRUCT { ?paper dblp:title ?title }
WHERE {
  ?paper dblp:title ?title .
}
LIMIT 100000

2026-09-28 20:41:13.242 - INFO: Requested media types of the result are: "text/turtle"
2026-09-28 20:41:13.242 - INFO: Query planning done in 0 ms
2026-09-28 20:41:13.242 - INFO: Result has unknown size (not computed yet)
2026-09-28 20:41:13.547 - INFO: Done processing query and sending result, total time was 305 ms
2026-09-28 20:41:13.567 - INFO: 
2026-09-28 20:41:13.567 - INFO: Request received via GET, no content type specified
2026-09-28 20:41:13.567 - INFO: Processing command "clear-cache": clear the cache (unpinned elements only)
2026-09-28 20:41:13.595 - INFO: 
2026-09-28 20:41:13.595 - INFO: Request received via POST, content type "application/x-www-form-urlencoded"
2026-09-28 20:41:13.595 - INFO: Processing the following SPARQL query:
# Tier H-vocab — title literals, large
# Goal: external-vocabulary lookup pressure with larger bounded output.
PREFIX dblp: <https://dblp.org/rdf/schema#>

CONSTRUCT { ?paper dblp:title ?title }
WHERE {
  ?paper dblp:title ?title .
}
LIMIT 100000

2026-09-28 20:41:13.595 - INFO: Requested media types of the result are: "text/turtle"
2026-09-28 20:41:13.595 - INFO: Query planning done in 0 ms
2026-09-28 20:41:13.595 - INFO: Result has unknown size (not computed yet)
2026-09-28 20:41:13.900 - INFO: Done processing query and sending result, total time was 304 ms
2026-09-28 20:41:13.920 - INFO: 
2026-09-28 20:41:13.920 - INFO: Request received via GET, no content type specified
2026-09-28 20:41:13.920 - INFO: Processing command "clear-cache": clear the cache (unpinned elements only)
2026-09-28 20:41:13.938 - INFO: 
2026-09-28 20:41:13.938 - INFO: Request received via POST, content type "application/x-www-form-urlencoded"
2026-09-28 20:41:13.938 - INFO: Processing the following SPARQL query:
# Tier H-vocab — title literals, large
# Goal: external-vocabulary lookup pressure with larger bounded output.
PREFIX dblp: <https://dblp.org/rdf/schema#>

CONSTRUCT { ?paper dblp:title ?title }
WHERE {
  ?paper dblp:title ?title .
}
LIMIT 100000

2026-09-28 20:41:13.938 - INFO: Requested media types of the result are: "text/turtle"
2026-09-28 20:41:13.938 - INFO: Query planning done in 0 ms
2026-09-28 20:41:13.939 - INFO: Result has unknown size (not computed yet)
2026-09-28 20:41:14.242 - INFO: Done processing query and sending result, total time was 303 ms
2026-09-28 20:41:14.262 - INFO: 
2026-09-28 20:41:14.262 - INFO: Request received via GET, no content type specified
2026-09-28 20:41:14.262 - INFO: Processing command "clear-cache": clear the cache (unpinned elements only)
2026-09-28 20:41:14.280 - INFO: 
2026-09-28 20:41:14.280 - INFO: Request received via POST, content type "application/x-www-form-urlencoded"
2026-09-28 20:41:14.280 - INFO: Processing the following SPARQL query:
# Tier H-vocab — title literals, large
# Goal: external-vocabulary lookup pressure with larger bounded output.
PREFIX dblp: <https://dblp.org/rdf/schema#>

CONSTRUCT { ?paper dblp:title ?title }
WHERE {
  ?paper dblp:title ?title .
}
LIMIT 100000

2026-09-28 20:41:14.280 - INFO: Requested media types of the result are: "text/turtle"
2026-09-28 20:41:14.280 - INFO: Query planning done in 0 ms
2026-09-28 20:41:14.280 - INFO: Result has unknown size (not computed yet)
2026-09-28 20:41:14.584 - INFO: Done processing query and sending result, total time was 304 ms
2026-09-28 20:41:36.212 - INFO: 
2026-09-28 20:41:36.212 - INFO: Request received via GET, no content type specified
2026-09-28 20:41:36.212 - INFO: Processing command "clear-cache": clear the cache (unpinned elements only)
2026-09-28 20:41:36.230 - INFO: 
2026-09-28 20:41:36.230 - INFO: Request received via POST, content type "application/x-www-form-urlencoded"
2026-09-28 20:41:36.230 - INFO: Processing the following SPARQL query:
# Tier H-vocab — title literals, 1,000,000 rows (10x H-vocab-title-large)
# Goal: the H-vocab-title-large shape with a response long enough (several
# seconds warm) for a timing verdict on the per-literal formatting cost.
PREFIX dblp: <https://dblp.org/rdf/schema#>

CONSTRUCT { ?paper dblp:title ?title }
WHERE {
  ?paper dblp:title ?title .
}
LIMIT 1000000

2026-09-28 20:41:36.230 - INFO: Requested media types of the result are: "text/turtle"
2026-09-28 20:41:36.230 - INFO: Query planning done in 0 ms
2026-09-28 20:41:36.231 - INFO: Result has unknown size (not computed yet)
2026-09-28 20:41:38.918 - INFO: Done processing query and sending result, total time was 2,688 ms
2026-09-28 20:42:02.872 - INFO: 
2026-09-28 20:42:02.872 - INFO: Request received via GET, no content type specified
2026-09-28 20:42:02.872 - INFO: Processing command "clear-cache": clear the cache (unpinned elements only)
2026-09-28 20:42:02.890 - INFO: 
2026-09-28 20:42:02.890 - INFO: Request received via POST, content type "application/x-www-form-urlencoded"
2026-09-28 20:42:02.890 - INFO: Processing the following SPARQL query:
# Tier H-vocab — title literals, 1,000,000 rows (10x H-vocab-title-large)
# Goal: the H-vocab-title-large shape with a response long enough (several
# seconds warm) for a timing verdict on the per-literal formatting cost.
PREFIX dblp: <https://dblp.org/rdf/schema#>

CONSTRUCT { ?paper dblp:title ?title }
WHERE {
  ?paper dblp:title ?title .
}
LIMIT 1000000

2026-09-28 20:42:02.890 - INFO: Requested media types of the result are: "text/turtle"
2026-09-28 20:42:02.890 - INFO: Query planning done in 0 ms
2026-09-28 20:42:02.890 - INFO: Result has unknown size (not computed yet)
2026-09-28 20:42:05.694 - INFO: Done processing query and sending result, total time was 2,804 ms
2026-09-28 20:42:05.714 - INFO: 
2026-09-28 20:42:05.714 - INFO: Request received via GET, no content type specified
2026-09-28 20:42:05.714 - INFO: Processing command "clear-cache": clear the cache (unpinned elements only)
2026-09-28 20:42:05.732 - INFO: 
2026-09-28 20:42:05.732 - INFO: Request received via POST, content type "application/x-www-form-urlencoded"
2026-09-28 20:42:05.733 - INFO: Processing the following SPARQL query:
# Tier H-vocab — title literals, 1,000,000 rows (10x H-vocab-title-large)
# Goal: the H-vocab-title-large shape with a response long enough (several
# seconds warm) for a timing verdict on the per-literal formatting cost.
PREFIX dblp: <https://dblp.org/rdf/schema#>

CONSTRUCT { ?paper dblp:title ?title }
WHERE {
  ?paper dblp:title ?title .
}
LIMIT 1000000

2026-09-28 20:42:05.733 - INFO: Requested media types of the result are: "text/turtle"
2026-09-28 20:42:05.733 - INFO: Query planning done in 0 ms
2026-09-28 20:42:05.733 - INFO: Result has unknown size (not computed yet)
2026-09-28 20:42:08.391 - INFO: Done processing query and sending result, total time was 2,658 ms
2026-09-28 20:42:08.412 - INFO: 
2026-09-28 20:42:08.412 - INFO: Request received via GET, no content type specified
2026-09-28 20:42:08.412 - INFO: Processing command "clear-cache": clear the cache (unpinned elements only)
2026-09-28 20:42:08.429 - INFO: 
2026-09-28 20:42:08.429 - INFO: Request received via POST, content type "application/x-www-form-urlencoded"
2026-09-28 20:42:08.430 - INFO: Processing the following SPARQL query:
# Tier H-vocab — title literals, 1,000,000 rows (10x H-vocab-title-large)
# Goal: the H-vocab-title-large shape with a response long enough (several
# seconds warm) for a timing verdict on the per-literal formatting cost.
PREFIX dblp: <https://dblp.org/rdf/schema#>

CONSTRUCT { ?paper dblp:title ?title }
WHERE {
  ?paper dblp:title ?title .
}
LIMIT 1000000

2026-09-28 20:42:08.430 - INFO: Requested media types of the result are: "text/turtle"
2026-09-28 20:42:08.430 - INFO: Query planning done in 0 ms
2026-09-28 20:42:08.430 - INFO: Result has unknown size (not computed yet)
2026-09-28 20:42:11.257 - INFO: Done processing query and sending result, total time was 2,827 ms
2026-09-28 20:42:11.277 - INFO: 
2026-09-28 20:42:11.277 - INFO: Request received via GET, no content type specified
2026-09-28 20:42:11.277 - INFO: Processing command "clear-cache": clear the cache (unpinned elements only)
2026-09-28 20:42:11.295 - INFO: 
2026-09-28 20:42:11.295 - INFO: Request received via POST, content type "application/x-www-form-urlencoded"
2026-09-28 20:42:11.295 - INFO: Processing the following SPARQL query:
# Tier H-vocab — title literals, 1,000,000 rows (10x H-vocab-title-large)
# Goal: the H-vocab-title-large shape with a response long enough (several
# seconds warm) for a timing verdict on the per-literal formatting cost.
PREFIX dblp: <https://dblp.org/rdf/schema#>

CONSTRUCT { ?paper dblp:title ?title }
WHERE {
  ?paper dblp:title ?title .
}
LIMIT 1000000

2026-09-28 20:42:11.295 - INFO: Requested media types of the result are: "text/turtle"
2026-09-28 20:42:11.295 - INFO: Query planning done in 0 ms
2026-09-28 20:42:11.295 - INFO: Result has unknown size (not computed yet)
2026-09-28 20:42:14.071 - INFO: Done processing query and sending result, total time was 2,775 ms
2026-09-28 20:43:55.515 - INFO: 
2026-09-28 20:43:55.515 - INFO: Request received via GET, no content type specified
2026-09-28 20:43:55.515 - INFO: Processing command "clear-cache": clear the cache (unpinned elements only)
2026-09-28 20:43:55.533 - INFO: 
2026-09-28 20:43:55.533 - INFO: Request received via POST, content type "application/x-www-form-urlencoded"
2026-09-28 20:43:55.533 - INFO: Processing the following SPARQL query:
# Tier H-vocab — title literals, 1,000,000 rows (10x H-vocab-title-large)
# Goal: the H-vocab-title-large shape with a response long enough (several
# seconds warm) for a timing verdict on the per-literal formatting cost.
PREFIX dblp: <https://dblp.org/rdf/schema#>

CONSTRUCT { ?paper dblp:title ?title }
WHERE {
  ?paper dblp:title ?title .
}
LIMIT 1000000

2026-09-28 20:43:55.533 - INFO: Requested media types of the result are: "text/turtle"
2026-09-28 20:43:55.534 - INFO: Query planning done in 0 ms
2026-09-28 20:43:55.534 - INFO: Result has unknown size (not computed yet)
2026-09-28 20:43:58.237 - INFO: Done processing query and sending result, total time was 2,703 ms
2026-09-28 20:43:58.259 - INFO: 
2026-09-28 20:43:58.259 - INFO: Request received via GET, no content type specified
2026-09-28 20:43:58.259 - INFO: Processing command "clear-cache": clear the cache (unpinned elements only)
2026-09-28 20:43:58.277 - INFO: 
2026-09-28 20:43:58.277 - INFO: Request received via POST, content type "application/x-www-form-urlencoded"
2026-09-28 20:43:58.278 - INFO: Processing the following SPARQL query:
# Tier H-vocab — title literals, 1,000,000 rows (10x H-vocab-title-large)
# Goal: the H-vocab-title-large shape with a response long enough (several
# seconds warm) for a timing verdict on the per-literal formatting cost.
PREFIX dblp: <https://dblp.org/rdf/schema#>

CONSTRUCT { ?paper dblp:title ?title }
WHERE {
  ?paper dblp:title ?title .
}
LIMIT 1000000

2026-09-28 20:43:58.278 - INFO: Requested media types of the result are: "text/turtle"
2026-09-28 20:43:58.278 - INFO: Query planning done in 0 ms
2026-09-28 20:43:58.278 - INFO: Result has unknown size (not computed yet)
2026-09-28 20:44:01.062 - INFO: Done processing query and sending result, total time was 2,785 ms
2026-09-28 20:44:01.083 - INFO: 
2026-09-28 20:44:01.083 - INFO: Request received via GET, no content type specified
2026-09-28 20:44:01.083 - INFO: Processing command "clear-cache": clear the cache (unpinned elements only)
2026-09-28 20:44:01.109 - INFO: 
2026-09-28 20:44:01.109 - INFO: Request received via POST, content type "application/x-www-form-urlencoded"
2026-09-28 20:44:01.109 - INFO: Processing the following SPARQL query:
# Tier H-vocab — title literals, 1,000,000 rows (10x H-vocab-title-large)
# Goal: the H-vocab-title-large shape with a response long enough (several
# seconds warm) for a timing verdict on the per-literal formatting cost.
PREFIX dblp: <https://dblp.org/rdf/schema#>

CONSTRUCT { ?paper dblp:title ?title }
WHERE {
  ?paper dblp:title ?title .
}
LIMIT 1000000

2026-09-28 20:44:01.109 - INFO: Requested media types of the result are: "text/turtle"
2026-09-28 20:44:01.109 - INFO: Query planning done in 0 ms
2026-09-28 20:44:01.110 - INFO: Result has unknown size (not computed yet)
2026-09-28 20:44:03.878 - INFO: Done processing query and sending result, total time was 2,769 ms
2026-09-28 20:44:03.900 - INFO: 
2026-09-28 20:44:03.900 - INFO: Request received via GET, no content type specified
2026-09-28 20:44:03.901 - INFO: Processing command "clear-cache": clear the cache (unpinned elements only)
2026-09-28 20:44:03.919 - INFO: 
2026-09-28 20:44:03.919 - INFO: Request received via POST, content type "application/x-www-form-urlencoded"
2026-09-28 20:44:03.919 - INFO: Processing the following SPARQL query:
# Tier H-vocab — title literals, 1,000,000 rows (10x H-vocab-title-large)
# Goal: the H-vocab-title-large shape with a response long enough (several
# seconds warm) for a timing verdict on the per-literal formatting cost.
PREFIX dblp: <https://dblp.org/rdf/schema#>

CONSTRUCT { ?paper dblp:title ?title }
WHERE {
  ?paper dblp:title ?title .
}
LIMIT 1000000

2026-09-28 20:44:03.919 - INFO: Requested media types of the result are: "text/turtle"
2026-09-28 20:44:03.919 - INFO: Query planning done in 0 ms
2026-09-28 20:44:03.919 - INFO: Result has unknown size (not computed yet)
2026-09-28 20:44:06.607 - INFO: Done processing query and sending result, total time was 2,688 ms
2026-09-28 20:44:29.122 - INFO: 
2026-09-28 20:44:29.122 - INFO: Request received via GET, no content type specified
2026-09-28 20:44:29.122 - INFO: Processing command "clear-cache": clear the cache (unpinned elements only)
2026-09-28 20:44:29.140 - INFO: 
2026-09-28 20:44:29.140 - INFO: Request received via POST, content type "application/x-www-form-urlencoded"
2026-09-28 20:44:29.141 - INFO: Processing the following SPARQL query:
# Tier H-vocab — title literals, 1,000,000 rows (10x H-vocab-title-large)
# Goal: the H-vocab-title-large shape with a response long enough (several
# seconds warm) for a timing verdict on the per-literal formatting cost.
PREFIX dblp: <https://dblp.org/rdf/schema#>

CONSTRUCT { ?paper dblp:title ?title }
WHERE {
  ?paper dblp:title ?title .
}
LIMIT 1000000

2026-09-28 20:44:29.141 - INFO: Requested media types of the result are: "text/turtle"
2026-09-28 20:44:29.141 - INFO: Query planning done in 1 ms
2026-09-28 20:44:29.141 - INFO: Result has unknown size (not computed yet)
2026-09-28 20:44:31.782 - INFO: Done processing query and sending result, total time was 2,642 ms
2026-09-28 20:44:31.803 - INFO: 
2026-09-28 20:44:31.803 - INFO: Request received via GET, no content type specified
2026-09-28 20:44:31.803 - INFO: Processing command "clear-cache": clear the cache (unpinned elements only)
2026-09-28 20:44:31.821 - INFO: 
2026-09-28 20:44:31.821 - INFO: Request received via POST, content type "application/x-www-form-urlencoded"
2026-09-28 20:44:31.821 - INFO: Processing the following SPARQL query:
# Tier H-vocab — title literals, 1,000,000 rows (10x H-vocab-title-large)
# Goal: the H-vocab-title-large shape with a response long enough (several
# seconds warm) for a timing verdict on the per-literal formatting cost.
PREFIX dblp: <https://dblp.org/rdf/schema#>

CONSTRUCT { ?paper dblp:title ?title }
WHERE {
  ?paper dblp:title ?title .
}
LIMIT 1000000

2026-09-28 20:44:31.821 - INFO: Requested media types of the result are: "text/turtle"
2026-09-28 20:44:31.821 - INFO: Query planning done in 0 ms
2026-09-28 20:44:31.822 - INFO: Result has unknown size (not computed yet)
2026-09-28 20:44:34.611 - INFO: Done processing query and sending result, total time was 2,790 ms
2026-09-28 20:44:34.633 - INFO: 
2026-09-28 20:44:34.633 - INFO: Request received via GET, no content type specified
2026-09-28 20:44:34.633 - INFO: Processing command "clear-cache": clear the cache (unpinned elements only)
2026-09-28 20:44:34.651 - INFO: 
2026-09-28 20:44:34.651 - INFO: Request received via POST, content type "application/x-www-form-urlencoded"
2026-09-28 20:44:34.651 - INFO: Processing the following SPARQL query:
# Tier H-vocab — title literals, 1,000,000 rows (10x H-vocab-title-large)
# Goal: the H-vocab-title-large shape with a response long enough (several
# seconds warm) for a timing verdict on the per-literal formatting cost.
PREFIX dblp: <https://dblp.org/rdf/schema#>

CONSTRUCT { ?paper dblp:title ?title }
WHERE {
  ?paper dblp:title ?title .
}
LIMIT 1000000

2026-09-28 20:44:34.651 - INFO: Requested media types of the result are: "text/turtle"
2026-09-28 20:44:34.652 - INFO: Query planning done in 0 ms
2026-09-28 20:44:34.652 - INFO: Result has unknown size (not computed yet)
2026-09-28 20:44:37.354 - INFO: Done processing query and sending result, total time was 2,703 ms
2026-09-28 20:44:37.375 - INFO: 
2026-09-28 20:44:37.375 - INFO: Request received via GET, no content type specified
2026-09-28 20:44:37.375 - INFO: Processing command "clear-cache": clear the cache (unpinned elements only)
2026-09-28 20:44:37.400 - INFO: 
2026-09-28 20:44:37.400 - INFO: Request received via POST, content type "application/x-www-form-urlencoded"
2026-09-28 20:44:37.400 - INFO: Processing the following SPARQL query:
# Tier H-vocab — title literals, 1,000,000 rows (10x H-vocab-title-large)
# Goal: the H-vocab-title-large shape with a response long enough (several
# seconds warm) for a timing verdict on the per-literal formatting cost.
PREFIX dblp: <https://dblp.org/rdf/schema#>

CONSTRUCT { ?paper dblp:title ?title }
WHERE {
  ?paper dblp:title ?title .
}
LIMIT 1000000

2026-09-28 20:44:37.400 - INFO: Requested media types of the result are: "text/turtle"
2026-09-28 20:44:37.401 - INFO: Query planning done in 0 ms
2026-09-28 20:44:37.401 - INFO: Result has unknown size (not computed yet)
2026-09-28 20:44:40.006 - INFO: Done processing query and sending result, total time was 2,605 ms
2026-09-28 20:46:21.290 - INFO: 
2026-09-28 20:46:21.290 - INFO: Request received via GET, no content type specified
2026-09-28 20:46:21.290 - INFO: Processing command "clear-cache": clear the cache (unpinned elements only)
2026-09-28 20:46:21.308 - INFO: 
2026-09-28 20:46:21.308 - INFO: Request received via POST, content type "application/x-www-form-urlencoded"
2026-09-28 20:46:21.309 - INFO: Processing the following SPARQL query:
# Tier H-vocab — title literals, 1,000,000 rows (10x H-vocab-title-large)
# Goal: the H-vocab-title-large shape with a response long enough (several
# seconds warm) for a timing verdict on the per-literal formatting cost.
PREFIX dblp: <https://dblp.org/rdf/schema#>

CONSTRUCT { ?paper dblp:title ?title }
WHERE {
  ?paper dblp:title ?title .
}
LIMIT 1000000

2026-09-28 20:46:21.309 - INFO: Requested media types of the result are: "text/turtle"
2026-09-28 20:46:21.309 - INFO: Query planning done in 0 ms
2026-09-28 20:46:21.309 - INFO: Result has unknown size (not computed yet)
2026-09-28 20:46:23.941 - INFO: Done processing query and sending result, total time was 2,632 ms
2026-09-28 20:46:23.961 - INFO: 
2026-09-28 20:46:23.961 - INFO: Request received via GET, no content type specified
2026-09-28 20:46:23.961 - INFO: Processing command "clear-cache": clear the cache (unpinned elements only)
2026-09-28 20:46:23.987 - INFO: 
2026-09-28 20:46:23.987 - INFO: Request received via POST, content type "application/x-www-form-urlencoded"
2026-09-28 20:46:23.987 - INFO: Processing the following SPARQL query:
# Tier H-vocab — title literals, 1,000,000 rows (10x H-vocab-title-large)
# Goal: the H-vocab-title-large shape with a response long enough (several
# seconds warm) for a timing verdict on the per-literal formatting cost.
PREFIX dblp: <https://dblp.org/rdf/schema#>

CONSTRUCT { ?paper dblp:title ?title }
WHERE {
  ?paper dblp:title ?title .
}
LIMIT 1000000

2026-09-28 20:46:23.987 - INFO: Requested media types of the result are: "text/turtle"
2026-09-28 20:46:23.987 - INFO: Query planning done in 0 ms
2026-09-28 20:46:23.987 - INFO: Result has unknown size (not computed yet)
2026-09-28 20:46:26.803 - INFO: Done processing query and sending result, total time was 2,816 ms
2026-09-28 20:46:26.824 - INFO: 
2026-09-28 20:46:26.824 - INFO: Request received via GET, no content type specified
2026-09-28 20:46:26.824 - INFO: Processing command "clear-cache": clear the cache (unpinned elements only)
2026-09-28 20:46:26.842 - INFO: 
2026-09-28 20:46:26.842 - INFO: Request received via POST, content type "application/x-www-form-urlencoded"
2026-09-28 20:46:26.842 - INFO: Processing the following SPARQL query:
# Tier H-vocab — title literals, 1,000,000 rows (10x H-vocab-title-large)
# Goal: the H-vocab-title-large shape with a response long enough (several
# seconds warm) for a timing verdict on the per-literal formatting cost.
PREFIX dblp: <https://dblp.org/rdf/schema#>

CONSTRUCT { ?paper dblp:title ?title }
WHERE {
  ?paper dblp:title ?title .
}
LIMIT 1000000

2026-09-28 20:46:26.842 - INFO: Requested media types of the result are: "text/turtle"
2026-09-28 20:46:26.842 - INFO: Query planning done in 0 ms
2026-09-28 20:46:26.842 - INFO: Result has unknown size (not computed yet)
2026-09-28 20:46:29.564 - INFO: Done processing query and sending result, total time was 2,721 ms
2026-09-28 20:46:29.585 - INFO: 
2026-09-28 20:46:29.585 - INFO: Request received via GET, no content type specified
2026-09-28 20:46:29.585 - INFO: Processing command "clear-cache": clear the cache (unpinned elements only)
2026-09-28 20:46:29.604 - INFO: 
2026-09-28 20:46:29.604 - INFO: Request received via POST, content type "application/x-www-form-urlencoded"
2026-09-28 20:46:29.605 - INFO: Processing the following SPARQL query:
# Tier H-vocab — title literals, 1,000,000 rows (10x H-vocab-title-large)
# Goal: the H-vocab-title-large shape with a response long enough (several
# seconds warm) for a timing verdict on the per-literal formatting cost.
PREFIX dblp: <https://dblp.org/rdf/schema#>

CONSTRUCT { ?paper dblp:title ?title }
WHERE {
  ?paper dblp:title ?title .
}
LIMIT 1000000

2026-09-28 20:46:29.605 - INFO: Requested media types of the result are: "text/turtle"
2026-09-28 20:46:29.605 - INFO: Query planning done in 0 ms
2026-09-28 20:46:29.605 - INFO: Result has unknown size (not computed yet)
2026-09-28 20:46:32.370 - INFO: Done processing query and sending result, total time was 2,765 ms
2026-09-28 20:46:55.126 - INFO: 
2026-09-28 20:46:55.126 - INFO: Request received via GET, no content type specified
2026-09-28 20:46:55.126 - INFO: Processing command "clear-cache": clear the cache (unpinned elements only)
2026-09-28 20:46:55.144 - INFO: 
2026-09-28 20:46:55.144 - INFO: Request received via POST, content type "application/x-www-form-urlencoded"
2026-09-28 20:46:55.144 - INFO: Processing the following SPARQL query:
# Tier H-vocab — title literals, 1,000,000 rows (10x H-vocab-title-large)
# Goal: the H-vocab-title-large shape with a response long enough (several
# seconds warm) for a timing verdict on the per-literal formatting cost.
PREFIX dblp: <https://dblp.org/rdf/schema#>

CONSTRUCT { ?paper dblp:title ?title }
WHERE {
  ?paper dblp:title ?title .
}
LIMIT 1000000

2026-09-28 20:46:55.145 - INFO: Requested media types of the result are: "text/turtle"
2026-09-28 20:46:55.145 - INFO: Query planning done in 0 ms
2026-09-28 20:46:55.145 - INFO: Result has unknown size (not computed yet)
2026-09-28 20:46:57.878 - INFO: Done processing query and sending result, total time was 2,733 ms
2026-09-28 20:46:57.900 - INFO: 
2026-09-28 20:46:57.900 - INFO: Request received via GET, no content type specified
2026-09-28 20:46:57.900 - INFO: Processing command "clear-cache": clear the cache (unpinned elements only)
2026-09-28 20:46:57.920 - INFO: 
2026-09-28 20:46:57.920 - INFO: Request received via POST, content type "application/x-www-form-urlencoded"
2026-09-28 20:46:57.920 - INFO: Processing the following SPARQL query:
# Tier H-vocab — title literals, 1,000,000 rows (10x H-vocab-title-large)
# Goal: the H-vocab-title-large shape with a response long enough (several
# seconds warm) for a timing verdict on the per-literal formatting cost.
PREFIX dblp: <https://dblp.org/rdf/schema#>

CONSTRUCT { ?paper dblp:title ?title }
WHERE {
  ?paper dblp:title ?title .
}
LIMIT 1000000

2026-09-28 20:46:57.920 - INFO: Requested media types of the result are: "text/turtle"
2026-09-28 20:46:57.920 - INFO: Query planning done in 0 ms
2026-09-28 20:46:57.920 - INFO: Result has unknown size (not computed yet)
2026-09-28 20:47:00.697 - INFO: Done processing query and sending result, total time was 2,777 ms
2026-09-28 20:47:00.720 - INFO: 
2026-09-28 20:47:00.720 - INFO: Request received via GET, no content type specified
2026-09-28 20:47:00.720 - INFO: Processing command "clear-cache": clear the cache (unpinned elements only)
2026-09-28 20:47:00.746 - INFO: 
2026-09-28 20:47:00.746 - INFO: Request received via POST, content type "application/x-www-form-urlencoded"
2026-09-28 20:47:00.746 - INFO: Processing the following SPARQL query:
# Tier H-vocab — title literals, 1,000,000 rows (10x H-vocab-title-large)
# Goal: the H-vocab-title-large shape with a response long enough (several
# seconds warm) for a timing verdict on the per-literal formatting cost.
PREFIX dblp: <https://dblp.org/rdf/schema#>

CONSTRUCT { ?paper dblp:title ?title }
WHERE {
  ?paper dblp:title ?title .
}
LIMIT 1000000

2026-09-28 20:47:00.746 - INFO: Requested media types of the result are: "text/turtle"
2026-09-28 20:47:00.747 - INFO: Query planning done in 0 ms
2026-09-28 20:47:00.747 - INFO: Result has unknown size (not computed yet)
2026-09-28 20:47:03.558 - INFO: Done processing query and sending result, total time was 2,811 ms
2026-09-28 20:47:03.579 - INFO: 
2026-09-28 20:47:03.579 - INFO: Request received via GET, no content type specified
2026-09-28 20:47:03.579 - INFO: Processing command "clear-cache": clear the cache (unpinned elements only)
2026-09-28 20:47:03.597 - INFO: 
2026-09-28 20:47:03.597 - INFO: Request received via POST, content type "application/x-www-form-urlencoded"
2026-09-28 20:47:03.597 - INFO: Processing the following SPARQL query:
# Tier H-vocab — title literals, 1,000,000 rows (10x H-vocab-title-large)
# Goal: the H-vocab-title-large shape with a response long enough (several
# seconds warm) for a timing verdict on the per-literal formatting cost.
PREFIX dblp: <https://dblp.org/rdf/schema#>

CONSTRUCT { ?paper dblp:title ?title }
WHERE {
  ?paper dblp:title ?title .
}
LIMIT 1000000

2026-09-28 20:47:03.597 - INFO: Requested media types of the result are: "text/turtle"
2026-09-28 20:47:03.597 - INFO: Query planning done in 0 ms
2026-09-28 20:47:03.597 - INFO: Result has unknown size (not computed yet)
2026-09-28 20:47:06.419 - INFO: Done processing query and sending result, total time was 2,821 ms
2026-09-28 20:48:48.171 - INFO: 
2026-09-28 20:48:48.171 - INFO: Request received via GET, no content type specified
2026-09-28 20:48:48.171 - INFO: Processing command "clear-cache": clear the cache (unpinned elements only)
2026-09-28 20:48:48.197 - INFO: 
2026-09-28 20:48:48.197 - INFO: Request received via POST, content type "application/x-www-form-urlencoded"
2026-09-28 20:48:48.197 - INFO: Processing the following SPARQL query:
# Tier H-vocab — title literals, 1,000,000 rows (10x H-vocab-title-large)
# Goal: the H-vocab-title-large shape with a response long enough (several
# seconds warm) for a timing verdict on the per-literal formatting cost.
PREFIX dblp: <https://dblp.org/rdf/schema#>

CONSTRUCT { ?paper dblp:title ?title }
WHERE {
  ?paper dblp:title ?title .
}
LIMIT 1000000

2026-09-28 20:48:48.197 - INFO: Requested media types of the result are: "text/turtle"
2026-09-28 20:48:48.198 - INFO: Query planning done in 0 ms
2026-09-28 20:48:48.198 - INFO: Result has unknown size (not computed yet)
2026-09-28 20:48:51.017 - INFO: Done processing query and sending result, total time was 2,820 ms
2026-09-28 20:48:51.039 - INFO: 
2026-09-28 20:48:51.039 - INFO: Request received via GET, no content type specified
2026-09-28 20:48:51.039 - INFO: Processing command "clear-cache": clear the cache (unpinned elements only)
2026-09-28 20:48:51.057 - INFO: 
2026-09-28 20:48:51.057 - INFO: Request received via POST, content type "application/x-www-form-urlencoded"
2026-09-28 20:48:51.057 - INFO: Processing the following SPARQL query:
# Tier H-vocab — title literals, 1,000,000 rows (10x H-vocab-title-large)
# Goal: the H-vocab-title-large shape with a response long enough (several
# seconds warm) for a timing verdict on the per-literal formatting cost.
PREFIX dblp: <https://dblp.org/rdf/schema#>

CONSTRUCT { ?paper dblp:title ?title }
WHERE {
  ?paper dblp:title ?title .
}
LIMIT 1000000

2026-09-28 20:48:51.057 - INFO: Requested media types of the result are: "text/turtle"
2026-09-28 20:48:51.057 - INFO: Query planning done in 0 ms
2026-09-28 20:48:51.058 - INFO: Result has unknown size (not computed yet)
2026-09-28 20:48:53.745 - INFO: Done processing query and sending result, total time was 2,688 ms
2026-09-28 20:48:53.766 - INFO: 
2026-09-28 20:48:53.766 - INFO: Request received via GET, no content type specified
2026-09-28 20:48:53.766 - INFO: Processing command "clear-cache": clear the cache (unpinned elements only)
2026-09-28 20:48:53.784 - INFO: 
2026-09-28 20:48:53.784 - INFO: Request received via POST, content type "application/x-www-form-urlencoded"
2026-09-28 20:48:53.785 - INFO: Processing the following SPARQL query:
# Tier H-vocab — title literals, 1,000,000 rows (10x H-vocab-title-large)
# Goal: the H-vocab-title-large shape with a response long enough (several
# seconds warm) for a timing verdict on the per-literal formatting cost.
PREFIX dblp: <https://dblp.org/rdf/schema#>

CONSTRUCT { ?paper dblp:title ?title }
WHERE {
  ?paper dblp:title ?title .
}
LIMIT 1000000

2026-09-28 20:48:53.785 - INFO: Requested media types of the result are: "text/turtle"
2026-09-28 20:48:53.785 - INFO: Query planning done in 0 ms
2026-09-28 20:48:53.785 - INFO: Result has unknown size (not computed yet)
2026-09-28 20:48:56.433 - INFO: Done processing query and sending result, total time was 2,648 ms
2026-09-28 20:48:56.454 - INFO: 
2026-09-28 20:48:56.454 - INFO: Request received via GET, no content type specified
2026-09-28 20:48:56.454 - INFO: Processing command "clear-cache": clear the cache (unpinned elements only)
2026-09-28 20:48:56.472 - INFO: 
2026-09-28 20:48:56.472 - INFO: Request received via POST, content type "application/x-www-form-urlencoded"
2026-09-28 20:48:56.472 - INFO: Processing the following SPARQL query:
# Tier H-vocab — title literals, 1,000,000 rows (10x H-vocab-title-large)
# Goal: the H-vocab-title-large shape with a response long enough (several
# seconds warm) for a timing verdict on the per-literal formatting cost.
PREFIX dblp: <https://dblp.org/rdf/schema#>

CONSTRUCT { ?paper dblp:title ?title }
WHERE {
  ?paper dblp:title ?title .
}
LIMIT 1000000

2026-09-28 20:48:56.472 - INFO: Requested media types of the result are: "text/turtle"
2026-09-28 20:48:56.472 - INFO: Query planning done in 0 ms
2026-09-28 20:48:56.472 - INFO: Result has unknown size (not computed yet)
2026-09-28 20:48:59.083 - INFO: Done processing query and sending result, total time was 2,611 ms
2026-09-28 20:49:21.738 - INFO: 
2026-09-28 20:49:21.738 - INFO: Request received via GET, no content type specified
2026-09-28 20:49:21.738 - INFO: Processing command "clear-cache": clear the cache (unpinned elements only)
2026-09-28 20:49:21.756 - INFO: 
2026-09-28 20:49:21.756 - INFO: Request received via POST, content type "application/x-www-form-urlencoded"
2026-09-28 20:49:21.757 - INFO: Processing the following SPARQL query:
# Tier H-vocab — title literals, 1,000,000 rows (10x H-vocab-title-large)
# Goal: the H-vocab-title-large shape with a response long enough (several
# seconds warm) for a timing verdict on the per-literal formatting cost.
PREFIX dblp: <https://dblp.org/rdf/schema#>

CONSTRUCT { ?paper dblp:title ?title }
WHERE {
  ?paper dblp:title ?title .
}
LIMIT 1000000

2026-09-28 20:49:21.757 - INFO: Requested media types of the result are: "text/turtle"
2026-09-28 20:49:21.757 - INFO: Query planning done in 1 ms
2026-09-28 20:49:21.757 - INFO: Result has unknown size (not computed yet)
2026-09-28 20:49:24.533 - INFO: Done processing query and sending result, total time was 2,777 ms
2026-09-28 20:49:24.554 - INFO: 
2026-09-28 20:49:24.554 - INFO: Request received via GET, no content type specified
2026-09-28 20:49:24.554 - INFO: Processing command "clear-cache": clear the cache (unpinned elements only)
2026-09-28 20:49:24.580 - INFO: 
2026-09-28 20:49:24.580 - INFO: Request received via POST, content type "application/x-www-form-urlencoded"
2026-09-28 20:49:24.580 - INFO: Processing the following SPARQL query:
# Tier H-vocab — title literals, 1,000,000 rows (10x H-vocab-title-large)
# Goal: the H-vocab-title-large shape with a response long enough (several
# seconds warm) for a timing verdict on the per-literal formatting cost.
PREFIX dblp: <https://dblp.org/rdf/schema#>

CONSTRUCT { ?paper dblp:title ?title }
WHERE {
  ?paper dblp:title ?title .
}
LIMIT 1000000

2026-09-28 20:49:24.580 - INFO: Requested media types of the result are: "text/turtle"
2026-09-28 20:49:24.581 - INFO: Query planning done in 0 ms
2026-09-28 20:49:24.581 - INFO: Result has unknown size (not computed yet)
2026-09-28 20:49:27.182 - INFO: Done processing query and sending result, total time was 2,601 ms
2026-09-28 20:49:27.202 - INFO: 
2026-09-28 20:49:27.202 - INFO: Request received via GET, no content type specified
2026-09-28 20:49:27.202 - INFO: Processing command "clear-cache": clear the cache (unpinned elements only)
2026-09-28 20:49:27.220 - INFO: 
2026-09-28 20:49:27.220 - INFO: Request received via POST, content type "application/x-www-form-urlencoded"
2026-09-28 20:49:27.221 - INFO: Processing the following SPARQL query:
# Tier H-vocab — title literals, 1,000,000 rows (10x H-vocab-title-large)
# Goal: the H-vocab-title-large shape with a response long enough (several
# seconds warm) for a timing verdict on the per-literal formatting cost.
PREFIX dblp: <https://dblp.org/rdf/schema#>

CONSTRUCT { ?paper dblp:title ?title }
WHERE {
  ?paper dblp:title ?title .
}
LIMIT 1000000

2026-09-28 20:49:27.221 - INFO: Requested media types of the result are: "text/turtle"
2026-09-28 20:49:27.221 - INFO: Query planning done in 0 ms
2026-09-28 20:49:27.222 - INFO: Result has unknown size (not computed yet)
2026-09-28 20:49:29.820 - INFO: Done processing query and sending result, total time was 2,599 ms
2026-09-28 20:49:29.840 - INFO: 
2026-09-28 20:49:29.840 - INFO: Request received via GET, no content type specified
2026-09-28 20:49:29.840 - INFO: Processing command "clear-cache": clear the cache (unpinned elements only)
2026-09-28 20:49:29.858 - INFO: 
2026-09-28 20:49:29.858 - INFO: Request received via POST, content type "application/x-www-form-urlencoded"
2026-09-28 20:49:29.859 - INFO: Processing the following SPARQL query:
# Tier H-vocab — title literals, 1,000,000 rows (10x H-vocab-title-large)
# Goal: the H-vocab-title-large shape with a response long enough (several
# seconds warm) for a timing verdict on the per-literal formatting cost.
PREFIX dblp: <https://dblp.org/rdf/schema#>

CONSTRUCT { ?paper dblp:title ?title }
WHERE {
  ?paper dblp:title ?title .
}
LIMIT 1000000

2026-09-28 20:49:29.859 - INFO: Requested media types of the result are: "text/turtle"
2026-09-28 20:49:29.859 - INFO: Query planning done in 0 ms
2026-09-28 20:49:29.859 - INFO: Result has unknown size (not computed yet)
2026-09-28 20:49:32.463 - INFO: Done processing query and sending result, total time was 2,604 ms
2026-09-28 20:51:13.814 - INFO: 
2026-09-28 20:51:13.814 - INFO: Request received via GET, no content type specified
2026-09-28 20:51:13.814 - INFO: Processing command "clear-cache": clear the cache (unpinned elements only)
2026-09-28 20:51:13.832 - INFO: 
2026-09-28 20:51:13.832 - INFO: Request received via POST, content type "application/x-www-form-urlencoded"
2026-09-28 20:51:13.832 - INFO: Processing the following SPARQL query:
# Tier H-vocab — title literals, 1,000,000 rows (10x H-vocab-title-large)
# Goal: the H-vocab-title-large shape with a response long enough (several
# seconds warm) for a timing verdict on the per-literal formatting cost.
PREFIX dblp: <https://dblp.org/rdf/schema#>

CONSTRUCT { ?paper dblp:title ?title }
WHERE {
  ?paper dblp:title ?title .
}
LIMIT 1000000

2026-09-28 20:51:13.832 - INFO: Requested media types of the result are: "text/turtle"
2026-09-28 20:51:13.832 - INFO: Query planning done in 0 ms
2026-09-28 20:51:13.832 - INFO: Result has unknown size (not computed yet)
2026-09-28 20:51:16.620 - INFO: Done processing query and sending result, total time was 2,787 ms
2026-09-28 20:51:16.640 - INFO: 
2026-09-28 20:51:16.640 - INFO: Request received via GET, no content type specified
2026-09-28 20:51:16.640 - INFO: Processing command "clear-cache": clear the cache (unpinned elements only)
2026-09-28 20:51:16.658 - INFO: 
2026-09-28 20:51:16.658 - INFO: Request received via POST, content type "application/x-www-form-urlencoded"
2026-09-28 20:51:16.658 - INFO: Processing the following SPARQL query:
# Tier H-vocab — title literals, 1,000,000 rows (10x H-vocab-title-large)
# Goal: the H-vocab-title-large shape with a response long enough (several
# seconds warm) for a timing verdict on the per-literal formatting cost.
PREFIX dblp: <https://dblp.org/rdf/schema#>

CONSTRUCT { ?paper dblp:title ?title }
WHERE {
  ?paper dblp:title ?title .
}
LIMIT 1000000

2026-09-28 20:51:16.658 - INFO: Requested media types of the result are: "text/turtle"
2026-09-28 20:51:16.659 - INFO: Query planning done in 0 ms
2026-09-28 20:51:16.659 - INFO: Result has unknown size (not computed yet)
2026-09-28 20:51:19.436 - INFO: Done processing query and sending result, total time was 2,777 ms
2026-09-28 20:51:19.457 - INFO: 
2026-09-28 20:51:19.457 - INFO: Request received via GET, no content type specified
2026-09-28 20:51:19.457 - INFO: Processing command "clear-cache": clear the cache (unpinned elements only)
2026-09-28 20:51:19.476 - INFO: 
2026-09-28 20:51:19.476 - INFO: Request received via POST, content type "application/x-www-form-urlencoded"
2026-09-28 20:51:19.476 - INFO: Processing the following SPARQL query:
# Tier H-vocab — title literals, 1,000,000 rows (10x H-vocab-title-large)
# Goal: the H-vocab-title-large shape with a response long enough (several
# seconds warm) for a timing verdict on the per-literal formatting cost.
PREFIX dblp: <https://dblp.org/rdf/schema#>

CONSTRUCT { ?paper dblp:title ?title }
WHERE {
  ?paper dblp:title ?title .
}
LIMIT 1000000

2026-09-28 20:51:19.476 - INFO: Requested media types of the result are: "text/turtle"
2026-09-28 20:51:19.476 - INFO: Query planning done in 0 ms
2026-09-28 20:51:19.476 - INFO: Result has unknown size (not computed yet)
2026-09-28 20:51:22.140 - INFO: Done processing query and sending result, total time was 2,664 ms
2026-09-28 20:51:22.160 - INFO: 
2026-09-28 20:51:22.160 - INFO: Request received via GET, no content type specified
2026-09-28 20:51:22.160 - INFO: Processing command "clear-cache": clear the cache (unpinned elements only)
2026-09-28 20:51:22.178 - INFO: 
2026-09-28 20:51:22.178 - INFO: Request received via POST, content type "application/x-www-form-urlencoded"
2026-09-28 20:51:22.179 - INFO: Processing the following SPARQL query:
# Tier H-vocab — title literals, 1,000,000 rows (10x H-vocab-title-large)
# Goal: the H-vocab-title-large shape with a response long enough (several
# seconds warm) for a timing verdict on the per-literal formatting cost.
PREFIX dblp: <https://dblp.org/rdf/schema#>

CONSTRUCT { ?paper dblp:title ?title }
WHERE {
  ?paper dblp:title ?title .
}
LIMIT 1000000

2026-09-28 20:51:22.179 - INFO: Requested media types of the result are: "text/turtle"
2026-09-28 20:51:22.179 - INFO: Query planning done in 0 ms
2026-09-28 20:51:22.179 - INFO: Result has unknown size (not computed yet)
2026-09-28 20:51:24.954 - INFO: Done processing query and sending result, total time was 2,775 ms
2026-09-28 20:51:49.458 - INFO: 
2026-09-28 20:51:49.458 - INFO: Request received via GET, no content type specified
2026-09-28 20:51:49.458 - INFO: Processing command "clear-cache": clear the cache (unpinned elements only)
2026-09-28 20:51:49.483 - INFO: 
2026-09-28 20:51:49.483 - INFO: Request received via POST, content type "application/x-www-form-urlencoded"
2026-09-28 20:51:49.484 - INFO: Processing the following SPARQL query:
# Tier H-vocab — title literals, 1,000,000 rows (10x H-vocab-title-large)
# Goal: the H-vocab-title-large shape with a response long enough (several
# seconds warm) for a timing verdict on the per-literal formatting cost.
PREFIX dblp: <https://dblp.org/rdf/schema#>

CONSTRUCT { ?paper dblp:title ?title }
WHERE {
  ?paper dblp:title ?title .
}
LIMIT 1000000

2026-09-28 20:51:49.484 - INFO: Requested media types of the result are: "text/turtle"
2026-09-28 20:51:49.484 - INFO: Query planning done in 0 ms
2026-09-28 20:51:49.485 - INFO: Result has unknown size (not computed yet)
2026-09-28 20:51:52.415 - INFO: Done processing query and sending result, total time was 2,931 ms
2026-09-28 20:51:52.436 - INFO: 
2026-09-28 20:51:52.436 - INFO: Request received via GET, no content type specified
2026-09-28 20:51:52.436 - INFO: Processing command "clear-cache": clear the cache (unpinned elements only)
2026-09-28 20:51:52.454 - INFO: 
2026-09-28 20:51:52.454 - INFO: Request received via POST, content type "application/x-www-form-urlencoded"
2026-09-28 20:51:52.454 - INFO: Processing the following SPARQL query:
# Tier H-vocab — title literals, 1,000,000 rows (10x H-vocab-title-large)
# Goal: the H-vocab-title-large shape with a response long enough (several
# seconds warm) for a timing verdict on the per-literal formatting cost.
PREFIX dblp: <https://dblp.org/rdf/schema#>

CONSTRUCT { ?paper dblp:title ?title }
WHERE {
  ?paper dblp:title ?title .
}
LIMIT 1000000

2026-09-28 20:51:52.454 - INFO: Requested media types of the result are: "text/turtle"
2026-09-28 20:51:52.454 - INFO: Query planning done in 0 ms
2026-09-28 20:51:52.455 - INFO: Result has unknown size (not computed yet)
2026-09-28 20:51:55.261 - INFO: Done processing query and sending result, total time was 2,807 ms
2026-09-28 20:51:55.282 - INFO: 
2026-09-28 20:51:55.282 - INFO: Request received via GET, no content type specified
2026-09-28 20:51:55.282 - INFO: Processing command "clear-cache": clear the cache (unpinned elements only)
2026-09-28 20:51:55.300 - INFO: 
2026-09-28 20:51:55.300 - INFO: Request received via POST, content type "application/x-www-form-urlencoded"
2026-09-28 20:51:55.301 - INFO: Processing the following SPARQL query:
# Tier H-vocab — title literals, 1,000,000 rows (10x H-vocab-title-large)
# Goal: the H-vocab-title-large shape with a response long enough (several
# seconds warm) for a timing verdict on the per-literal formatting cost.
PREFIX dblp: <https://dblp.org/rdf/schema#>

CONSTRUCT { ?paper dblp:title ?title }
WHERE {
  ?paper dblp:title ?title .
}
LIMIT 1000000

2026-09-28 20:51:55.301 - INFO: Requested media types of the result are: "text/turtle"
2026-09-28 20:51:55.301 - INFO: Query planning done in 0 ms
2026-09-28 20:51:55.301 - INFO: Result has unknown size (not computed yet)
2026-09-28 20:51:58.240 - INFO: Done processing query and sending result, total time was 2,939 ms
2026-09-28 20:51:58.262 - INFO: 
2026-09-28 20:51:58.262 - INFO: Request received via GET, no content type specified
2026-09-28 20:51:58.262 - INFO: Processing command "clear-cache": clear the cache (unpinned elements only)
2026-09-28 20:51:58.281 - INFO: 
2026-09-28 20:51:58.281 - INFO: Request received via POST, content type "application/x-www-form-urlencoded"
2026-09-28 20:51:58.281 - INFO: Processing the following SPARQL query:
# Tier H-vocab — title literals, 1,000,000 rows (10x H-vocab-title-large)
# Goal: the H-vocab-title-large shape with a response long enough (several
# seconds warm) for a timing verdict on the per-literal formatting cost.
PREFIX dblp: <https://dblp.org/rdf/schema#>

CONSTRUCT { ?paper dblp:title ?title }
WHERE {
  ?paper dblp:title ?title .
}
LIMIT 1000000

2026-09-28 20:51:58.281 - INFO: Requested media types of the result are: "text/turtle"
2026-09-28 20:51:58.281 - INFO: Query planning done in 0 ms
2026-09-28 20:51:58.281 - INFO: Result has unknown size (not computed yet)
2026-09-28 20:52:01.343 - INFO: Done processing query and sending result, total time was 3,062 ms
2026-09-28 20:53:50.772 - INFO: 
2026-09-28 20:53:50.772 - INFO: Request received via GET, no content type specified
2026-09-28 20:53:50.772 - INFO: Processing command "clear-cache": clear the cache (unpinned elements only)
2026-09-28 20:53:50.790 - INFO: 
2026-09-28 20:53:50.790 - INFO: Request received via POST, content type "application/x-www-form-urlencoded"
2026-09-28 20:53:50.790 - INFO: Processing the following SPARQL query:
# Tier H-vocab — title literals, 1,000,000 rows (10x H-vocab-title-large)
# Goal: the H-vocab-title-large shape with a response long enough (several
# seconds warm) for a timing verdict on the per-literal formatting cost.
PREFIX dblp: <https://dblp.org/rdf/schema#>

CONSTRUCT { ?paper dblp:title ?title }
WHERE {
  ?paper dblp:title ?title .
}
LIMIT 1000000

2026-09-28 20:53:50.790 - INFO: Requested media types of the result are: "text/turtle"
2026-09-28 20:53:50.791 - INFO: Query planning done in 0 ms
2026-09-28 20:53:50.791 - INFO: Result has unknown size (not computed yet)
2026-09-28 20:53:53.742 - INFO: Done processing query and sending result, total time was 2,952 ms
2026-09-28 20:53:53.763 - INFO: 
2026-09-28 20:53:53.763 - INFO: Request received via GET, no content type specified
2026-09-28 20:53:53.763 - INFO: Processing command "clear-cache": clear the cache (unpinned elements only)
2026-09-28 20:53:53.781 - INFO: 
2026-09-28 20:53:53.781 - INFO: Request received via POST, content type "application/x-www-form-urlencoded"
2026-09-28 20:53:53.781 - INFO: Processing the following SPARQL query:
# Tier H-vocab — title literals, 1,000,000 rows (10x H-vocab-title-large)
# Goal: the H-vocab-title-large shape with a response long enough (several
# seconds warm) for a timing verdict on the per-literal formatting cost.
PREFIX dblp: <https://dblp.org/rdf/schema#>

CONSTRUCT { ?paper dblp:title ?title }
WHERE {
  ?paper dblp:title ?title .
}
LIMIT 1000000

2026-09-28 20:53:53.781 - INFO: Requested media types of the result are: "text/turtle"
2026-09-28 20:53:53.781 - INFO: Query planning done in 0 ms
2026-09-28 20:53:53.782 - INFO: Result has unknown size (not computed yet)
2026-09-28 20:53:56.611 - INFO: Done processing query and sending result, total time was 2,830 ms
2026-09-28 20:53:56.632 - INFO: 
2026-09-28 20:53:56.632 - INFO: Request received via GET, no content type specified
2026-09-28 20:53:56.632 - INFO: Processing command "clear-cache": clear the cache (unpinned elements only)
2026-09-28 20:53:56.649 - INFO: 
2026-09-28 20:53:56.650 - INFO: Request received via POST, content type "application/x-www-form-urlencoded"
2026-09-28 20:53:56.650 - INFO: Processing the following SPARQL query:
# Tier H-vocab — title literals, 1,000,000 rows (10x H-vocab-title-large)
# Goal: the H-vocab-title-large shape with a response long enough (several
# seconds warm) for a timing verdict on the per-literal formatting cost.
PREFIX dblp: <https://dblp.org/rdf/schema#>

CONSTRUCT { ?paper dblp:title ?title }
WHERE {
  ?paper dblp:title ?title .
}
LIMIT 1000000

2026-09-28 20:53:56.650 - INFO: Requested media types of the result are: "text/turtle"
2026-09-28 20:53:56.650 - INFO: Query planning done in 0 ms
2026-09-28 20:53:56.650 - INFO: Result has unknown size (not computed yet)
2026-09-28 20:53:59.535 - INFO: Done processing query and sending result, total time was 2,885 ms
2026-09-28 20:53:59.556 - INFO: 
2026-09-28 20:53:59.556 - INFO: Request received via GET, no content type specified
2026-09-28 20:53:59.556 - INFO: Processing command "clear-cache": clear the cache (unpinned elements only)
2026-09-28 20:53:59.575 - INFO: 
2026-09-28 20:53:59.575 - INFO: Request received via POST, content type "application/x-www-form-urlencoded"
2026-09-28 20:53:59.575 - INFO: Processing the following SPARQL query:
# Tier H-vocab — title literals, 1,000,000 rows (10x H-vocab-title-large)
# Goal: the H-vocab-title-large shape with a response long enough (several
# seconds warm) for a timing verdict on the per-literal formatting cost.
PREFIX dblp: <https://dblp.org/rdf/schema#>

CONSTRUCT { ?paper dblp:title ?title }
WHERE {
  ?paper dblp:title ?title .
}
LIMIT 1000000

2026-09-28 20:53:59.575 - INFO: Requested media types of the result are: "text/turtle"
2026-09-28 20:53:59.575 - INFO: Query planning done in 0 ms
2026-09-28 20:53:59.576 - INFO: Result has unknown size (not computed yet)
2026-09-28 20:54:02.703 - INFO: Done processing query and sending result, total time was 3,127 ms
2026-09-28 20:54:23.490 - INFO: 
2026-09-28 20:54:23.490 - INFO: Request received via GET, no content type specified
2026-09-28 20:54:23.490 - INFO: Processing command "clear-cache": clear the cache (unpinned elements only)
2026-09-28 20:54:23.525 - INFO: 
2026-09-28 20:54:23.525 - INFO: Request received via POST, content type "application/x-www-form-urlencoded"
2026-09-28 20:54:23.525 - INFO: Processing the following SPARQL query:
# Tier H-vocab — title literals, 1,000,000 rows (10x H-vocab-title-large)
# Goal: the H-vocab-title-large shape with a response long enough (several
# seconds warm) for a timing verdict on the per-literal formatting cost.
PREFIX dblp: <https://dblp.org/rdf/schema#>

CONSTRUCT { ?paper dblp:title ?title }
WHERE {
  ?paper dblp:title ?title .
}
LIMIT 1000000

2026-09-28 20:54:23.525 - INFO: Requested media types of the result are: "text/turtle"
2026-09-28 20:54:23.525 - INFO: Query planning done in 0 ms
2026-09-28 20:54:23.526 - INFO: Result has unknown size (not computed yet)
2026-09-28 20:54:26.686 - INFO: Done processing query and sending result, total time was 3,161 ms
2026-09-28 20:54:26.707 - INFO: 
2026-09-28 20:54:26.707 - INFO: Request received via GET, no content type specified
2026-09-28 20:54:26.707 - INFO: Processing command "clear-cache": clear the cache (unpinned elements only)
2026-09-28 20:54:26.733 - INFO: 
2026-09-28 20:54:26.733 - INFO: Request received via POST, content type "application/x-www-form-urlencoded"
2026-09-28 20:54:26.733 - INFO: Processing the following SPARQL query:
# Tier H-vocab — title literals, 1,000,000 rows (10x H-vocab-title-large)
# Goal: the H-vocab-title-large shape with a response long enough (several
# seconds warm) for a timing verdict on the per-literal formatting cost.
PREFIX dblp: <https://dblp.org/rdf/schema#>

CONSTRUCT { ?paper dblp:title ?title }
WHERE {
  ?paper dblp:title ?title .
}
LIMIT 1000000

2026-09-28 20:54:26.733 - INFO: Requested media types of the result are: "text/turtle"
2026-09-28 20:54:26.733 - INFO: Query planning done in 0 ms
2026-09-28 20:54:26.733 - INFO: Result has unknown size (not computed yet)
2026-09-28 20:54:29.701 - INFO: Done processing query and sending result, total time was 2,967 ms
2026-09-28 20:55:14.528 - INFO: 
2026-09-28 20:55:14.528 - INFO: Request received via GET, no content type specified
2026-09-28 20:55:14.528 - INFO: Processing command "clear-cache": clear the cache (unpinned elements only)
2026-09-28 20:55:14.546 - INFO: 
2026-09-28 20:55:14.546 - INFO: Request received via POST, content type "application/x-www-form-urlencoded"
2026-09-28 20:55:14.548 - INFO: Processing the following SPARQL query:
# Tier H — size-sweep
# Goal: isolate export cost from query-planning cost. Raise the year bound
# across runs, for example 1970, 1990, 2010, and 2023.
PREFIX dblp: <https://dblp.org/rdf/schema#>

CONSTRUCT { ?s ?p ?o }
WHERE {
  ?s a dblp:Publication ;
     dblp:yearOfPublication ?year ;
     ?p ?o .
  FILTER(?year <= "1970"^^<http://www.w3.org/2001/XMLSchema#gYear>)
}

2026-09-28 20:55:14.548 - INFO: Requested media types of the result are: "text/turtle"
2026-09-28 20:55:14.549 - INFO: Query planning done in 2 ms
2026-09-28 20:55:14.568 - INFO: Result has unknown size (not computed yet)
2026-09-28 20:55:15.153 - INFO: Done processing query and sending result, total time was 606 ms
2026-09-28 20:55:26.603 - INFO: 
2026-09-28 20:55:26.603 - INFO: Request received via GET, no content type specified
2026-09-28 20:55:26.603 - INFO: Processing command "clear-cache": clear the cache (unpinned elements only)
2026-09-28 20:55:26.621 - INFO: 
2026-09-28 20:55:26.621 - INFO: Request received via POST, content type "application/x-www-form-urlencoded"
2026-09-28 20:55:26.621 - INFO: Processing the following SPARQL query:
# Tier H — size-sweep
# Goal: isolate export cost from query-planning cost. Raise the year bound
# across runs, for example 1970, 1990, 2010, and 2023.
PREFIX dblp: <https://dblp.org/rdf/schema#>

CONSTRUCT { ?s ?p ?o }
WHERE {
  ?s a dblp:Publication ;
     dblp:yearOfPublication ?year ;
     ?p ?o .
  FILTER(?year <= "1970"^^<http://www.w3.org/2001/XMLSchema#gYear>)
}

2026-09-28 20:55:26.621 - INFO: Requested media types of the result are: "text/turtle"
2026-09-28 20:55:26.622 - INFO: Query planning done in 1 ms
2026-09-28 20:55:26.640 - INFO: Result has unknown size (not computed yet)
2026-09-28 20:55:27.232 - INFO: Done processing query and sending result, total time was 611 ms
2026-09-28 20:55:27.251 - INFO: 
2026-09-28 20:55:27.251 - INFO: Request received via GET, no content type specified
2026-09-28 20:55:27.251 - INFO: Processing command "clear-cache": clear the cache (unpinned elements only)
2026-09-28 20:55:27.269 - INFO: 
2026-09-28 20:55:27.269 - INFO: Request received via POST, content type "application/x-www-form-urlencoded"
2026-09-28 20:55:27.270 - INFO: Processing the following SPARQL query:
# Tier H — size-sweep
# Goal: isolate export cost from query-planning cost. Raise the year bound
# across runs, for example 1970, 1990, 2010, and 2023.
PREFIX dblp: <https://dblp.org/rdf/schema#>

CONSTRUCT { ?s ?p ?o }
WHERE {
  ?s a dblp:Publication ;
     dblp:yearOfPublication ?year ;
     ?p ?o .
  FILTER(?year <= "1970"^^<http://www.w3.org/2001/XMLSchema#gYear>)
}

2026-09-28 20:55:27.270 - INFO: Requested media types of the result are: "text/turtle"
2026-09-28 20:55:27.271 - INFO: Query planning done in 1 ms
2026-09-28 20:55:27.290 - INFO: Result has unknown size (not computed yet)
2026-09-28 20:55:27.882 - INFO: Done processing query and sending result, total time was 612 ms
2026-09-28 20:55:27.901 - INFO: 
2026-09-28 20:55:27.901 - INFO: Request received via GET, no content type specified
2026-09-28 20:55:27.901 - INFO: Processing command "clear-cache": clear the cache (unpinned elements only)
2026-09-28 20:55:27.919 - INFO: 
2026-09-28 20:55:27.919 - INFO: Request received via POST, content type "application/x-www-form-urlencoded"
2026-09-28 20:55:27.920 - INFO: Processing the following SPARQL query:
# Tier H — size-sweep
# Goal: isolate export cost from query-planning cost. Raise the year bound
# across runs, for example 1970, 1990, 2010, and 2023.
PREFIX dblp: <https://dblp.org/rdf/schema#>

CONSTRUCT { ?s ?p ?o }
WHERE {
  ?s a dblp:Publication ;
     dblp:yearOfPublication ?year ;
     ?p ?o .
  FILTER(?year <= "1970"^^<http://www.w3.org/2001/XMLSchema#gYear>)
}

2026-09-28 20:55:27.920 - INFO: Requested media types of the result are: "text/turtle"
2026-09-28 20:55:27.921 - INFO: Query planning done in 1 ms
2026-09-28 20:55:27.940 - INFO: Result has unknown size (not computed yet)
2026-09-28 20:55:28.527 - INFO: Done processing query and sending result, total time was 607 ms
2026-09-28 20:55:28.546 - INFO: 
2026-09-28 20:55:28.546 - INFO: Request received via GET, no content type specified
2026-09-28 20:55:28.546 - INFO: Processing command "clear-cache": clear the cache (unpinned elements only)
2026-09-28 20:55:28.564 - INFO: 
2026-09-28 20:55:28.564 - INFO: Request received via POST, content type "application/x-www-form-urlencoded"
2026-09-28 20:55:28.564 - INFO: Processing the following SPARQL query:
# Tier H — size-sweep
# Goal: isolate export cost from query-planning cost. Raise the year bound
# across runs, for example 1970, 1990, 2010, and 2023.
PREFIX dblp: <https://dblp.org/rdf/schema#>

CONSTRUCT { ?s ?p ?o }
WHERE {
  ?s a dblp:Publication ;
     dblp:yearOfPublication ?year ;
     ?p ?o .
  FILTER(?year <= "1970"^^<http://www.w3.org/2001/XMLSchema#gYear>)
}

2026-09-28 20:55:28.564 - INFO: Requested media types of the result are: "text/turtle"
2026-09-28 20:55:28.565 - INFO: Query planning done in 1 ms
2026-09-28 20:55:28.585 - INFO: Result has unknown size (not computed yet)
2026-09-28 20:55:29.182 - INFO: Done processing query and sending result, total time was 617 ms
2026-09-28 20:55:29.207 - INFO: 
2026-09-28 20:55:29.207 - INFO: Request received via GET, no content type specified
2026-09-28 20:55:29.207 - INFO: Processing command "clear-cache": clear the cache (unpinned elements only)
2026-09-28 20:55:29.225 - INFO: 
2026-09-28 20:55:29.225 - INFO: Request received via POST, content type "application/x-www-form-urlencoded"
2026-09-28 20:55:29.225 - INFO: Processing the following SPARQL query:
# Tier H — size-sweep
# Goal: isolate export cost from query-planning cost. Raise the year bound
# across runs, for example 1970, 1990, 2010, and 2023.
PREFIX dblp: <https://dblp.org/rdf/schema#>

CONSTRUCT { ?s ?p ?o }
WHERE {
  ?s a dblp:Publication ;
     dblp:yearOfPublication ?year ;
     ?p ?o .
  FILTER(?year <= "1970"^^<http://www.w3.org/2001/XMLSchema#gYear>)
}

2026-09-28 20:55:29.225 - INFO: Requested media types of the result are: "text/turtle"
2026-09-28 20:55:29.226 - INFO: Query planning done in 1 ms
2026-09-28 20:55:29.250 - INFO: Result has unknown size (not computed yet)
2026-09-28 20:55:29.925 - INFO: Done processing query and sending result, total time was 699 ms
2026-09-28 20:55:29.944 - INFO: 
2026-09-28 20:55:29.944 - INFO: Request received via GET, no content type specified
2026-09-28 20:55:29.944 - INFO: Processing command "clear-cache": clear the cache (unpinned elements only)
2026-09-28 20:55:29.962 - INFO: 
2026-09-28 20:55:29.962 - INFO: Request received via POST, content type "application/x-www-form-urlencoded"
2026-09-28 20:55:29.962 - INFO: Processing the following SPARQL query:
# Tier H — size-sweep
# Goal: isolate export cost from query-planning cost. Raise the year bound
# across runs, for example 1970, 1990, 2010, and 2023.
PREFIX dblp: <https://dblp.org/rdf/schema#>

CONSTRUCT { ?s ?p ?o }
WHERE {
  ?s a dblp:Publication ;
     dblp:yearOfPublication ?year ;
     ?p ?o .
  FILTER(?year <= "1970"^^<http://www.w3.org/2001/XMLSchema#gYear>)
}

2026-09-28 20:55:29.962 - INFO: Requested media types of the result are: "text/turtle"
2026-09-28 20:55:29.963 - INFO: Query planning done in 1 ms
2026-09-28 20:55:29.986 - INFO: Result has unknown size (not computed yet)
2026-09-28 20:55:30.667 - INFO: Done processing query and sending result, total time was 704 ms
2026-09-28 20:55:30.686 - INFO: 
2026-09-28 20:55:30.686 - INFO: Request received via GET, no content type specified
2026-09-28 20:55:30.686 - INFO: Processing command "clear-cache": clear the cache (unpinned elements only)
2026-09-28 20:55:30.704 - INFO: 
2026-09-28 20:55:30.704 - INFO: Request received via POST, content type "application/x-www-form-urlencoded"
2026-09-28 20:55:30.704 - INFO: Processing the following SPARQL query:
# Tier H — size-sweep
# Goal: isolate export cost from query-planning cost. Raise the year bound
# across runs, for example 1970, 1990, 2010, and 2023.
PREFIX dblp: <https://dblp.org/rdf/schema#>

CONSTRUCT { ?s ?p ?o }
WHERE {
  ?s a dblp:Publication ;
     dblp:yearOfPublication ?year ;
     ?p ?o .
  FILTER(?year <= "1970"^^<http://www.w3.org/2001/XMLSchema#gYear>)
}

2026-09-28 20:55:30.704 - INFO: Requested media types of the result are: "text/turtle"
2026-09-28 20:55:30.705 - INFO: Query planning done in 1 ms
2026-09-28 20:55:30.729 - INFO: Result has unknown size (not computed yet)
2026-09-28 20:55:31.345 - INFO: Done processing query and sending result, total time was 640 ms
2026-09-28 20:55:31.376 - INFO: 
2026-09-28 20:55:31.376 - INFO: Request received via GET, no content type specified
2026-09-28 20:55:31.376 - INFO: Processing command "clear-cache": clear the cache (unpinned elements only)
2026-09-28 20:55:31.405 - INFO: 
2026-09-28 20:55:31.405 - INFO: Request received via POST, content type "application/x-www-form-urlencoded"
2026-09-28 20:55:31.406 - INFO: Processing the following SPARQL query:
# Tier H — size-sweep
# Goal: isolate export cost from query-planning cost. Raise the year bound
# across runs, for example 1970, 1990, 2010, and 2023.
PREFIX dblp: <https://dblp.org/rdf/schema#>

CONSTRUCT { ?s ?p ?o }
WHERE {
  ?s a dblp:Publication ;
     dblp:yearOfPublication ?year ;
     ?p ?o .
  FILTER(?year <= "1970"^^<http://www.w3.org/2001/XMLSchema#gYear>)
}

2026-09-28 20:55:31.406 - INFO: Requested media types of the result are: "text/turtle"
2026-09-28 20:55:31.407 - INFO: Query planning done in 1 ms
2026-09-28 20:55:31.430 - INFO: Result has unknown size (not computed yet)
2026-09-28 20:55:31.995 - INFO: Done processing query and sending result, total time was 589 ms
2026-09-28 20:55:32.014 - INFO: 
2026-09-28 20:55:32.014 - INFO: Request received via GET, no content type specified
2026-09-28 20:55:32.014 - INFO: Processing command "clear-cache": clear the cache (unpinned elements only)
2026-09-28 20:55:32.032 - INFO: 
2026-09-28 20:55:32.032 - INFO: Request received via POST, content type "application/x-www-form-urlencoded"
2026-09-28 20:55:32.032 - INFO: Processing the following SPARQL query:
# Tier H — size-sweep
# Goal: isolate export cost from query-planning cost. Raise the year bound
# across runs, for example 1970, 1990, 2010, and 2023.
PREFIX dblp: <https://dblp.org/rdf/schema#>

CONSTRUCT { ?s ?p ?o }
WHERE {
  ?s a dblp:Publication ;
     dblp:yearOfPublication ?year ;
     ?p ?o .
  FILTER(?year <= "1970"^^<http://www.w3.org/2001/XMLSchema#gYear>)
}

2026-09-28 20:55:32.032 - INFO: Requested media types of the result are: "text/turtle"
2026-09-28 20:55:32.033 - INFO: Query planning done in 1 ms
2026-09-28 20:55:32.056 - INFO: Result has unknown size (not computed yet)
2026-09-28 20:55:32.623 - INFO: Done processing query and sending result, total time was 590 ms
2026-09-28 20:55:32.641 - INFO: 
2026-09-28 20:55:32.641 - INFO: Request received via GET, no content type specified
2026-09-28 20:55:32.641 - INFO: Processing command "clear-cache": clear the cache (unpinned elements only)
2026-09-28 20:55:32.659 - INFO: 
2026-09-28 20:55:32.659 - INFO: Request received via POST, content type "application/x-www-form-urlencoded"
2026-09-28 20:55:32.660 - INFO: Processing the following SPARQL query:
# Tier H — size-sweep
# Goal: isolate export cost from query-planning cost. Raise the year bound
# across runs, for example 1970, 1990, 2010, and 2023.
PREFIX dblp: <https://dblp.org/rdf/schema#>

CONSTRUCT { ?s ?p ?o }
WHERE {
  ?s a dblp:Publication ;
     dblp:yearOfPublication ?year ;
     ?p ?o .
  FILTER(?year <= "1970"^^<http://www.w3.org/2001/XMLSchema#gYear>)
}

2026-09-28 20:55:32.660 - INFO: Requested media types of the result are: "text/turtle"
2026-09-28 20:55:32.661 - INFO: Query planning done in 1 ms
2026-09-28 20:55:32.685 - INFO: Result has unknown size (not computed yet)
2026-09-28 20:55:33.255 - INFO: Done processing query and sending result, total time was 595 ms
2026-09-28 20:55:33.274 - INFO: 
2026-09-28 20:55:33.274 - INFO: Request received via GET, no content type specified
2026-09-28 20:55:33.274 - INFO: Processing command "clear-cache": clear the cache (unpinned elements only)
2026-09-28 20:55:33.292 - INFO: 
2026-09-28 20:55:33.292 - INFO: Request received via POST, content type "application/x-www-form-urlencoded"
2026-09-28 20:55:33.292 - INFO: Processing the following SPARQL query:
# Tier H — size-sweep
# Goal: isolate export cost from query-planning cost. Raise the year bound
# across runs, for example 1970, 1990, 2010, and 2023.
PREFIX dblp: <https://dblp.org/rdf/schema#>

CONSTRUCT { ?s ?p ?o }
WHERE {
  ?s a dblp:Publication ;
     dblp:yearOfPublication ?year ;
     ?p ?o .
  FILTER(?year <= "1970"^^<http://www.w3.org/2001/XMLSchema#gYear>)
}

2026-09-28 20:55:33.292 - INFO: Requested media types of the result are: "text/turtle"
2026-09-28 20:55:33.293 - INFO: Query planning done in 1 ms
2026-09-28 20:55:33.316 - INFO: Result has unknown size (not computed yet)
2026-09-28 20:55:33.898 - INFO: Done processing query and sending result, total time was 606 ms
2026-09-28 20:55:33.916 - INFO: 
2026-09-28 20:55:33.916 - INFO: Request received via GET, no content type specified
2026-09-28 20:55:33.916 - INFO: Processing command "clear-cache": clear the cache (unpinned elements only)
2026-09-28 20:55:33.935 - INFO: 
2026-09-28 20:55:33.935 - INFO: Request received via POST, content type "application/x-www-form-urlencoded"
2026-09-28 20:55:33.935 - INFO: Processing the following SPARQL query:
# Tier H — size-sweep
# Goal: isolate export cost from query-planning cost. Raise the year bound
# across runs, for example 1970, 1990, 2010, and 2023.
PREFIX dblp: <https://dblp.org/rdf/schema#>

CONSTRUCT { ?s ?p ?o }
WHERE {
  ?s a dblp:Publication ;
     dblp:yearOfPublication ?year ;
     ?p ?o .
  FILTER(?year <= "1970"^^<http://www.w3.org/2001/XMLSchema#gYear>)
}

2026-09-28 20:55:33.935 - INFO: Requested media types of the result are: "text/turtle"
2026-09-28 20:55:33.936 - INFO: Query planning done in 1 ms
2026-09-28 20:55:33.959 - INFO: Result has unknown size (not computed yet)
2026-09-28 20:55:34.533 - INFO: Done processing query and sending result, total time was 597 ms
2026-09-28 20:55:34.551 - INFO: 
2026-09-28 20:55:34.552 - INFO: Request received via GET, no content type specified
2026-09-28 20:55:34.552 - INFO: Processing command "clear-cache": clear the cache (unpinned elements only)
2026-09-28 20:55:34.577 - INFO: 
2026-09-28 20:55:34.577 - INFO: Request received via POST, content type "application/x-www-form-urlencoded"
2026-09-28 20:55:34.577 - INFO: Processing the following SPARQL query:
# Tier H — size-sweep
# Goal: isolate export cost from query-planning cost. Raise the year bound
# across runs, for example 1970, 1990, 2010, and 2023.
PREFIX dblp: <https://dblp.org/rdf/schema#>

CONSTRUCT { ?s ?p ?o }
WHERE {
  ?s a dblp:Publication ;
     dblp:yearOfPublication ?year ;
     ?p ?o .
  FILTER(?year <= "1970"^^<http://www.w3.org/2001/XMLSchema#gYear>)
}

2026-09-28 20:55:34.577 - INFO: Requested media types of the result are: "text/turtle"
2026-09-28 20:55:34.578 - INFO: Query planning done in 1 ms
2026-09-28 20:55:34.602 - INFO: Result has unknown size (not computed yet)
2026-09-28 20:55:35.234 - INFO: Done processing query and sending result, total time was 657 ms
2026-09-28 20:56:30.757 - INFO: 
2026-09-28 20:56:30.757 - INFO: Request received via GET, no content type specified
2026-09-28 20:56:30.757 - INFO: Processing command "clear-cache": clear the cache (unpinned elements only)
2026-09-28 20:56:30.775 - INFO: 
2026-09-28 20:56:30.775 - INFO: Request received via POST, content type "application/x-www-form-urlencoded"
2026-09-28 20:56:30.776 - INFO: Processing the following SPARQL query:
# Tier H — size-sweep
# Goal: isolate export cost from query-planning cost. Raise the year bound
# across runs, for example 1970, 1990, 2010, and 2023.
PREFIX dblp: <https://dblp.org/rdf/schema#>

CONSTRUCT { ?s ?p ?o }
WHERE {
  ?s a dblp:Publication ;
     dblp:yearOfPublication ?year ;
     ?p ?o .
  FILTER(?year <= "1970"^^<http://www.w3.org/2001/XMLSchema#gYear>)
}

2026-09-28 20:56:30.776 - INFO: Requested media types of the result are: "text/turtle"
2026-09-28 20:56:30.777 - INFO: Query planning done in 1 ms
2026-09-28 20:56:30.800 - INFO: Result has unknown size (not computed yet)
2026-09-28 20:56:31.417 - INFO: Done processing query and sending result, total time was 641 ms
2026-09-28 20:56:31.436 - INFO: 
2026-09-28 20:56:31.436 - INFO: Request received via GET, no content type specified
2026-09-28 20:56:31.436 - INFO: Processing command "clear-cache": clear the cache (unpinned elements only)
2026-09-28 20:56:31.454 - INFO: 
2026-09-28 20:56:31.454 - INFO: Request received via POST, content type "application/x-www-form-urlencoded"
2026-09-28 20:56:31.454 - INFO: Processing the following SPARQL query:
# Tier H — size-sweep
# Goal: isolate export cost from query-planning cost. Raise the year bound
# across runs, for example 1970, 1990, 2010, and 2023.
PREFIX dblp: <https://dblp.org/rdf/schema#>

CONSTRUCT { ?s ?p ?o }
WHERE {
  ?s a dblp:Publication ;
     dblp:yearOfPublication ?year ;
     ?p ?o .
  FILTER(?year <= "1970"^^<http://www.w3.org/2001/XMLSchema#gYear>)
}

2026-09-28 20:56:31.454 - INFO: Requested media types of the result are: "text/turtle"
2026-09-28 20:56:31.455 - INFO: Query planning done in 1 ms
2026-09-28 20:56:31.480 - INFO: Result has unknown size (not computed yet)
2026-09-28 20:56:32.141 - INFO: Done processing query and sending result, total time was 686 ms
2026-09-28 20:56:32.160 - INFO: 
2026-09-28 20:56:32.160 - INFO: Request received via GET, no content type specified
2026-09-28 20:56:32.160 - INFO: Processing command "clear-cache": clear the cache (unpinned elements only)
2026-09-28 20:56:32.178 - INFO: 
2026-09-28 20:56:32.178 - INFO: Request received via POST, content type "application/x-www-form-urlencoded"
2026-09-28 20:56:32.178 - INFO: Processing the following SPARQL query:
# Tier H — size-sweep
# Goal: isolate export cost from query-planning cost. Raise the year bound
# across runs, for example 1970, 1990, 2010, and 2023.
PREFIX dblp: <https://dblp.org/rdf/schema#>

CONSTRUCT { ?s ?p ?o }
WHERE {
  ?s a dblp:Publication ;
     dblp:yearOfPublication ?year ;
     ?p ?o .
  FILTER(?year <= "1970"^^<http://www.w3.org/2001/XMLSchema#gYear>)
}

2026-09-28 20:56:32.178 - INFO: Requested media types of the result are: "text/turtle"
2026-09-28 20:56:32.179 - INFO: Query planning done in 1 ms
2026-09-28 20:56:32.202 - INFO: Result has unknown size (not computed yet)
2026-09-28 20:56:32.864 - INFO: Done processing query and sending result, total time was 686 ms
2026-09-28 20:56:32.883 - INFO: 
2026-09-28 20:56:32.883 - INFO: Request received via GET, no content type specified
2026-09-28 20:56:32.883 - INFO: Processing command "clear-cache": clear the cache (unpinned elements only)
2026-09-28 20:56:32.901 - INFO: 
2026-09-28 20:56:32.901 - INFO: Request received via POST, content type "application/x-www-form-urlencoded"
2026-09-28 20:56:32.901 - INFO: Processing the following SPARQL query:
# Tier H — size-sweep
# Goal: isolate export cost from query-planning cost. Raise the year bound
# across runs, for example 1970, 1990, 2010, and 2023.
PREFIX dblp: <https://dblp.org/rdf/schema#>

CONSTRUCT { ?s ?p ?o }
WHERE {
  ?s a dblp:Publication ;
     dblp:yearOfPublication ?year ;
     ?p ?o .
  FILTER(?year <= "1970"^^<http://www.w3.org/2001/XMLSchema#gYear>)
}

2026-09-28 20:56:32.901 - INFO: Requested media types of the result are: "text/turtle"
2026-09-28 20:56:32.902 - INFO: Query planning done in 1 ms
2026-09-28 20:56:32.925 - INFO: Result has unknown size (not computed yet)
2026-09-28 20:56:33.512 - INFO: Done processing query and sending result, total time was 611 ms
2026-09-28 20:56:33.531 - INFO: 
2026-09-28 20:56:33.531 - INFO: Request received via GET, no content type specified
2026-09-28 20:56:33.531 - INFO: Processing command "clear-cache": clear the cache (unpinned elements only)
2026-09-28 20:56:33.549 - INFO: 
2026-09-28 20:56:33.549 - INFO: Request received via POST, content type "application/x-www-form-urlencoded"
2026-09-28 20:56:33.549 - INFO: Processing the following SPARQL query:
# Tier H — size-sweep
# Goal: isolate export cost from query-planning cost. Raise the year bound
# across runs, for example 1970, 1990, 2010, and 2023.
PREFIX dblp: <https://dblp.org/rdf/schema#>

CONSTRUCT { ?s ?p ?o }
WHERE {
  ?s a dblp:Publication ;
     dblp:yearOfPublication ?year ;
     ?p ?o .
  FILTER(?year <= "1970"^^<http://www.w3.org/2001/XMLSchema#gYear>)
}

2026-09-28 20:56:33.549 - INFO: Requested media types of the result are: "text/turtle"
2026-09-28 20:56:33.550 - INFO: Query planning done in 1 ms
2026-09-28 20:56:33.575 - INFO: Result has unknown size (not computed yet)
2026-09-28 20:56:34.233 - INFO: Done processing query and sending result, total time was 684 ms
2026-09-28 20:56:34.252 - INFO: 
2026-09-28 20:56:34.252 - INFO: Request received via GET, no content type specified
2026-09-28 20:56:34.252 - INFO: Processing command "clear-cache": clear the cache (unpinned elements only)
2026-09-28 20:56:34.270 - INFO: 
2026-09-28 20:56:34.270 - INFO: Request received via POST, content type "application/x-www-form-urlencoded"
2026-09-28 20:56:34.270 - INFO: Processing the following SPARQL query:
# Tier H — size-sweep
# Goal: isolate export cost from query-planning cost. Raise the year bound
# across runs, for example 1970, 1990, 2010, and 2023.
PREFIX dblp: <https://dblp.org/rdf/schema#>

CONSTRUCT { ?s ?p ?o }
WHERE {
  ?s a dblp:Publication ;
     dblp:yearOfPublication ?year ;
     ?p ?o .
  FILTER(?year <= "1970"^^<http://www.w3.org/2001/XMLSchema#gYear>)
}

2026-09-28 20:56:34.270 - INFO: Requested media types of the result are: "text/turtle"
2026-09-28 20:56:34.271 - INFO: Query planning done in 1 ms
2026-09-28 20:56:34.295 - INFO: Result has unknown size (not computed yet)
2026-09-28 20:56:34.957 - INFO: Done processing query and sending result, total time was 687 ms
2026-09-28 20:56:34.976 - INFO: 
2026-09-28 20:56:34.976 - INFO: Request received via GET, no content type specified
2026-09-28 20:56:34.976 - INFO: Processing command "clear-cache": clear the cache (unpinned elements only)
2026-09-28 20:56:34.994 - INFO: 
2026-09-28 20:56:34.994 - INFO: Request received via POST, content type "application/x-www-form-urlencoded"
2026-09-28 20:56:34.995 - INFO: Processing the following SPARQL query:
# Tier H — size-sweep
# Goal: isolate export cost from query-planning cost. Raise the year bound
# across runs, for example 1970, 1990, 2010, and 2023.
PREFIX dblp: <https://dblp.org/rdf/schema#>

CONSTRUCT { ?s ?p ?o }
WHERE {
  ?s a dblp:Publication ;
     dblp:yearOfPublication ?year ;
     ?p ?o .
  FILTER(?year <= "1970"^^<http://www.w3.org/2001/XMLSchema#gYear>)
}

2026-09-28 20:56:34.995 - INFO: Requested media types of the result are: "text/turtle"
2026-09-28 20:56:34.996 - INFO: Query planning done in 1 ms
2026-09-28 20:56:35.019 - INFO: Result has unknown size (not computed yet)
2026-09-28 20:56:35.683 - INFO: Done processing query and sending result, total time was 688 ms
2026-09-28 20:56:35.702 - INFO: 
2026-09-28 20:56:35.702 - INFO: Request received via GET, no content type specified
2026-09-28 20:56:35.702 - INFO: Processing command "clear-cache": clear the cache (unpinned elements only)
2026-09-28 20:56:35.720 - INFO: 
2026-09-28 20:56:35.720 - INFO: Request received via POST, content type "application/x-www-form-urlencoded"
2026-09-28 20:56:35.720 - INFO: Processing the following SPARQL query:
# Tier H — size-sweep
# Goal: isolate export cost from query-planning cost. Raise the year bound
# across runs, for example 1970, 1990, 2010, and 2023.
PREFIX dblp: <https://dblp.org/rdf/schema#>

CONSTRUCT { ?s ?p ?o }
WHERE {
  ?s a dblp:Publication ;
     dblp:yearOfPublication ?year ;
     ?p ?o .
  FILTER(?year <= "1970"^^<http://www.w3.org/2001/XMLSchema#gYear>)
}

2026-09-28 20:56:35.720 - INFO: Requested media types of the result are: "text/turtle"
2026-09-28 20:56:35.721 - INFO: Query planning done in 1 ms
2026-09-28 20:56:35.745 - INFO: Result has unknown size (not computed yet)
2026-09-28 20:56:36.364 - INFO: Done processing query and sending result, total time was 644 ms
2026-09-28 20:56:36.383 - INFO: 
2026-09-28 20:56:36.383 - INFO: Request received via GET, no content type specified
2026-09-28 20:56:36.383 - INFO: Processing command "clear-cache": clear the cache (unpinned elements only)
2026-09-28 20:56:36.401 - INFO: 
2026-09-28 20:56:36.401 - INFO: Request received via POST, content type "application/x-www-form-urlencoded"
2026-09-28 20:56:36.401 - INFO: Processing the following SPARQL query:
# Tier H — size-sweep
# Goal: isolate export cost from query-planning cost. Raise the year bound
# across runs, for example 1970, 1990, 2010, and 2023.
PREFIX dblp: <https://dblp.org/rdf/schema#>

CONSTRUCT { ?s ?p ?o }
WHERE {
  ?s a dblp:Publication ;
     dblp:yearOfPublication ?year ;
     ?p ?o .
  FILTER(?year <= "1970"^^<http://www.w3.org/2001/XMLSchema#gYear>)
}

2026-09-28 20:56:36.401 - INFO: Requested media types of the result are: "text/turtle"
2026-09-28 20:56:36.402 - INFO: Query planning done in 1 ms
2026-09-28 20:56:36.422 - INFO: Result has unknown size (not computed yet)
2026-09-28 20:56:36.989 - INFO: Done processing query and sending result, total time was 588 ms
2026-09-28 20:56:37.008 - INFO: 
2026-09-28 20:56:37.008 - INFO: Request received via GET, no content type specified
2026-09-28 20:56:37.008 - INFO: Processing command "clear-cache": clear the cache (unpinned elements only)
2026-09-28 20:56:37.026 - INFO: 
2026-09-28 20:56:37.026 - INFO: Request received via POST, content type "application/x-www-form-urlencoded"
2026-09-28 20:56:37.026 - INFO: Processing the following SPARQL query:
# Tier H — size-sweep
# Goal: isolate export cost from query-planning cost. Raise the year bound
# across runs, for example 1970, 1990, 2010, and 2023.
PREFIX dblp: <https://dblp.org/rdf/schema#>

CONSTRUCT { ?s ?p ?o }
WHERE {
  ?s a dblp:Publication ;
     dblp:yearOfPublication ?year ;
     ?p ?o .
  FILTER(?year <= "1970"^^<http://www.w3.org/2001/XMLSchema#gYear>)
}

2026-09-28 20:56:37.026 - INFO: Requested media types of the result are: "text/turtle"
2026-09-28 20:56:37.027 - INFO: Query planning done in 1 ms
2026-09-28 20:56:37.051 - INFO: Result has unknown size (not computed yet)
2026-09-28 20:56:37.617 - INFO: Done processing query and sending result, total time was 590 ms
2026-09-28 20:56:37.636 - INFO: 
2026-09-28 20:56:37.636 - INFO: Request received via GET, no content type specified
2026-09-28 20:56:37.636 - INFO: Processing command "clear-cache": clear the cache (unpinned elements only)
2026-09-28 20:56:37.654 - INFO: 
2026-09-28 20:56:37.654 - INFO: Request received via POST, content type "application/x-www-form-urlencoded"
2026-09-28 20:56:37.654 - INFO: Processing the following SPARQL query:
# Tier H — size-sweep
# Goal: isolate export cost from query-planning cost. Raise the year bound
# across runs, for example 1970, 1990, 2010, and 2023.
PREFIX dblp: <https://dblp.org/rdf/schema#>

CONSTRUCT { ?s ?p ?o }
WHERE {
  ?s a dblp:Publication ;
     dblp:yearOfPublication ?year ;
     ?p ?o .
  FILTER(?year <= "1970"^^<http://www.w3.org/2001/XMLSchema#gYear>)
}

2026-09-28 20:56:37.654 - INFO: Requested media types of the result are: "text/turtle"
2026-09-28 20:56:37.655 - INFO: Query planning done in 1 ms
2026-09-28 20:56:37.679 - INFO: Result has unknown size (not computed yet)
2026-09-28 20:56:38.258 - INFO: Done processing query and sending result, total time was 604 ms
2026-09-28 20:56:38.277 - INFO: 
2026-09-28 20:56:38.277 - INFO: Request received via GET, no content type specified
2026-09-28 20:56:38.277 - INFO: Processing command "clear-cache": clear the cache (unpinned elements only)
2026-09-28 20:56:38.295 - INFO: 
2026-09-28 20:56:38.295 - INFO: Request received via POST, content type "application/x-www-form-urlencoded"
2026-09-28 20:56:38.295 - INFO: Processing the following SPARQL query:
# Tier H — size-sweep
# Goal: isolate export cost from query-planning cost. Raise the year bound
# across runs, for example 1970, 1990, 2010, and 2023.
PREFIX dblp: <https://dblp.org/rdf/schema#>

CONSTRUCT { ?s ?p ?o }
WHERE {
  ?s a dblp:Publication ;
     dblp:yearOfPublication ?year ;
     ?p ?o .
  FILTER(?year <= "1970"^^<http://www.w3.org/2001/XMLSchema#gYear>)
}

2026-09-28 20:56:38.295 - INFO: Requested media types of the result are: "text/turtle"
2026-09-28 20:56:38.296 - INFO: Query planning done in 1 ms
2026-09-28 20:56:38.319 - INFO: Result has unknown size (not computed yet)
2026-09-28 20:56:38.984 - INFO: Done processing query and sending result, total time was 689 ms
2026-09-28 20:56:39.003 - INFO: 
2026-09-28 20:56:39.003 - INFO: Request received via GET, no content type specified
2026-09-28 20:56:39.003 - INFO: Processing command "clear-cache": clear the cache (unpinned elements only)
2026-09-28 20:56:39.028 - INFO: 
2026-09-28 20:56:39.028 - INFO: Request received via POST, content type "application/x-www-form-urlencoded"
2026-09-28 20:56:39.029 - INFO: Processing the following SPARQL query:
# Tier H — size-sweep
# Goal: isolate export cost from query-planning cost. Raise the year bound
# across runs, for example 1970, 1990, 2010, and 2023.
PREFIX dblp: <https://dblp.org/rdf/schema#>

CONSTRUCT { ?s ?p ?o }
WHERE {
  ?s a dblp:Publication ;
     dblp:yearOfPublication ?year ;
     ?p ?o .
  FILTER(?year <= "1970"^^<http://www.w3.org/2001/XMLSchema#gYear>)
}

2026-09-28 20:56:39.029 - INFO: Requested media types of the result are: "text/turtle"
2026-09-28 20:56:39.030 - INFO: Query planning done in 1 ms
2026-09-28 20:56:39.053 - INFO: Result has unknown size (not computed yet)
2026-09-28 20:56:39.716 - INFO: Done processing query and sending result, total time was 687 ms
2026-09-28 20:56:58.184 - INFO: 
2026-09-28 20:56:58.184 - INFO: Request received via GET, no content type specified
2026-09-28 20:56:58.184 - INFO: Processing command "clear-cache": clear the cache (unpinned elements only)
2026-09-28 20:56:58.202 - INFO: 
2026-09-28 20:56:58.202 - INFO: Request received via POST, content type "application/x-www-form-urlencoded"
2026-09-28 20:56:58.203 - INFO: Processing the following SPARQL query:
# Tier H — size-sweep
# Goal: isolate export cost from query-planning cost. Raise the year bound
# across runs, for example 1970, 1990, 2010, and 2023.
PREFIX dblp: <https://dblp.org/rdf/schema#>

CONSTRUCT { ?s ?p ?o }
WHERE {
  ?s a dblp:Publication ;
     dblp:yearOfPublication ?year ;
     ?p ?o .
  FILTER(?year <= "1970"^^<http://www.w3.org/2001/XMLSchema#gYear>)
}

2026-09-28 20:56:58.203 - INFO: Requested media types of the result are: "text/turtle"
2026-09-28 20:56:58.204 - INFO: Query planning done in 1 ms
2026-09-28 20:56:58.227 - INFO: Result has unknown size (not computed yet)
2026-09-28 20:56:58.908 - INFO: Done processing query and sending result, total time was 705 ms
2026-09-28 20:56:58.927 - INFO: 
2026-09-28 20:56:58.927 - INFO: Request received via GET, no content type specified
2026-09-28 20:56:58.927 - INFO: Processing command "clear-cache": clear the cache (unpinned elements only)
2026-09-28 20:56:58.945 - INFO: 
2026-09-28 20:56:58.945 - INFO: Request received via POST, content type "application/x-www-form-urlencoded"
2026-09-28 20:56:58.945 - INFO: Processing the following SPARQL query:
# Tier H — size-sweep
# Goal: isolate export cost from query-planning cost. Raise the year bound
# across runs, for example 1970, 1990, 2010, and 2023.
PREFIX dblp: <https://dblp.org/rdf/schema#>

CONSTRUCT { ?s ?p ?o }
WHERE {
  ?s a dblp:Publication ;
     dblp:yearOfPublication ?year ;
     ?p ?o .
  FILTER(?year <= "1970"^^<http://www.w3.org/2001/XMLSchema#gYear>)
}

2026-09-28 20:56:58.945 - INFO: Requested media types of the result are: "text/turtle"
2026-09-28 20:56:58.946 - INFO: Query planning done in 1 ms
2026-09-28 20:56:58.968 - INFO: Result has unknown size (not computed yet)
2026-09-28 20:56:59.641 - INFO: Done processing query and sending result, total time was 695 ms
2026-09-28 20:56:59.660 - INFO: 
2026-09-28 20:56:59.660 - INFO: Request received via GET, no content type specified
2026-09-28 20:56:59.660 - INFO: Processing command "clear-cache": clear the cache (unpinned elements only)
2026-09-28 20:56:59.678 - INFO: 
2026-09-28 20:56:59.678 - INFO: Request received via POST, content type "application/x-www-form-urlencoded"
2026-09-28 20:56:59.678 - INFO: Processing the following SPARQL query:
# Tier H — size-sweep
# Goal: isolate export cost from query-planning cost. Raise the year bound
# across runs, for example 1970, 1990, 2010, and 2023.
PREFIX dblp: <https://dblp.org/rdf/schema#>

CONSTRUCT { ?s ?p ?o }
WHERE {
  ?s a dblp:Publication ;
     dblp:yearOfPublication ?year ;
     ?p ?o .
  FILTER(?year <= "1970"^^<http://www.w3.org/2001/XMLSchema#gYear>)
}

2026-09-28 20:56:59.678 - INFO: Requested media types of the result are: "text/turtle"
2026-09-28 20:56:59.679 - INFO: Query planning done in 1 ms
2026-09-28 20:56:59.698 - INFO: Result has unknown size (not computed yet)
2026-09-28 20:57:00.285 - INFO: Done processing query and sending result, total time was 607 ms
2026-09-28 20:57:00.304 - INFO: 
2026-09-28 20:57:00.304 - INFO: Request received via GET, no content type specified
2026-09-28 20:57:00.304 - INFO: Processing command "clear-cache": clear the cache (unpinned elements only)
2026-09-28 20:57:00.322 - INFO: 
2026-09-28 20:57:00.322 - INFO: Request received via POST, content type "application/x-www-form-urlencoded"
2026-09-28 20:57:00.322 - INFO: Processing the following SPARQL query:
# Tier H — size-sweep
# Goal: isolate export cost from query-planning cost. Raise the year bound
# across runs, for example 1970, 1990, 2010, and 2023.
PREFIX dblp: <https://dblp.org/rdf/schema#>

CONSTRUCT { ?s ?p ?o }
WHERE {
  ?s a dblp:Publication ;
     dblp:yearOfPublication ?year ;
     ?p ?o .
  FILTER(?year <= "1970"^^<http://www.w3.org/2001/XMLSchema#gYear>)
}

2026-09-28 20:57:00.322 - INFO: Requested media types of the result are: "text/turtle"
2026-09-28 20:57:00.323 - INFO: Query planning done in 1 ms
2026-09-28 20:57:00.343 - INFO: Result has unknown size (not computed yet)
2026-09-28 20:57:00.940 - INFO: Done processing query and sending result, total time was 617 ms
2026-09-28 20:57:00.959 - INFO: 
2026-09-28 20:57:00.959 - INFO: Request received via GET, no content type specified
2026-09-28 20:57:00.959 - INFO: Processing command "clear-cache": clear the cache (unpinned elements only)
2026-09-28 20:57:00.977 - INFO: 
2026-09-28 20:57:00.977 - INFO: Request received via POST, content type "application/x-www-form-urlencoded"
2026-09-28 20:57:00.977 - INFO: Processing the following SPARQL query:
# Tier H — size-sweep
# Goal: isolate export cost from query-planning cost. Raise the year bound
# across runs, for example 1970, 1990, 2010, and 2023.
PREFIX dblp: <https://dblp.org/rdf/schema#>

CONSTRUCT { ?s ?p ?o }
WHERE {
  ?s a dblp:Publication ;
     dblp:yearOfPublication ?year ;
     ?p ?o .
  FILTER(?year <= "1970"^^<http://www.w3.org/2001/XMLSchema#gYear>)
}

2026-09-28 20:57:00.977 - INFO: Requested media types of the result are: "text/turtle"
2026-09-28 20:57:00.978 - INFO: Query planning done in 1 ms
2026-09-28 20:57:01.002 - INFO: Result has unknown size (not computed yet)
2026-09-28 20:57:01.662 - INFO: Done processing query and sending result, total time was 685 ms
2026-09-28 20:57:01.681 - INFO: 
2026-09-28 20:57:01.681 - INFO: Request received via GET, no content type specified
2026-09-28 20:57:01.681 - INFO: Processing command "clear-cache": clear the cache (unpinned elements only)
2026-09-28 20:57:01.699 - INFO: 
2026-09-28 20:57:01.699 - INFO: Request received via POST, content type "application/x-www-form-urlencoded"
2026-09-28 20:57:01.699 - INFO: Processing the following SPARQL query:
# Tier H — size-sweep
# Goal: isolate export cost from query-planning cost. Raise the year bound
# across runs, for example 1970, 1990, 2010, and 2023.
PREFIX dblp: <https://dblp.org/rdf/schema#>

CONSTRUCT { ?s ?p ?o }
WHERE {
  ?s a dblp:Publication ;
     dblp:yearOfPublication ?year ;
     ?p ?o .
  FILTER(?year <= "1970"^^<http://www.w3.org/2001/XMLSchema#gYear>)
}

2026-09-28 20:57:01.699 - INFO: Requested media types of the result are: "text/turtle"
2026-09-28 20:57:01.700 - INFO: Query planning done in 1 ms
2026-09-28 20:57:01.725 - INFO: Result has unknown size (not computed yet)
2026-09-28 20:57:02.310 - INFO: Done processing query and sending result, total time was 611 ms
2026-09-28 20:57:02.329 - INFO: 
2026-09-28 20:57:02.329 - INFO: Request received via GET, no content type specified
2026-09-28 20:57:02.329 - INFO: Processing command "clear-cache": clear the cache (unpinned elements only)
2026-09-28 20:57:02.347 - INFO: 
2026-09-28 20:57:02.347 - INFO: Request received via POST, content type "application/x-www-form-urlencoded"
2026-09-28 20:57:02.348 - INFO: Processing the following SPARQL query:
# Tier H — size-sweep
# Goal: isolate export cost from query-planning cost. Raise the year bound
# across runs, for example 1970, 1990, 2010, and 2023.
PREFIX dblp: <https://dblp.org/rdf/schema#>

CONSTRUCT { ?s ?p ?o }
WHERE {
  ?s a dblp:Publication ;
     dblp:yearOfPublication ?year ;
     ?p ?o .
  FILTER(?year <= "1970"^^<http://www.w3.org/2001/XMLSchema#gYear>)
}

2026-09-28 20:57:02.348 - INFO: Requested media types of the result are: "text/turtle"
2026-09-28 20:57:02.349 - INFO: Query planning done in 1 ms
2026-09-28 20:57:02.373 - INFO: Result has unknown size (not computed yet)
2026-09-28 20:57:03.035 - INFO: Done processing query and sending result, total time was 687 ms
2026-09-28 20:57:03.054 - INFO: 
2026-09-28 20:57:03.054 - INFO: Request received via GET, no content type specified
2026-09-28 20:57:03.054 - INFO: Processing command "clear-cache": clear the cache (unpinned elements only)
2026-09-28 20:57:03.072 - INFO: 
2026-09-28 20:57:03.072 - INFO: Request received via POST, content type "application/x-www-form-urlencoded"
2026-09-28 20:57:03.072 - INFO: Processing the following SPARQL query:
# Tier H — size-sweep
# Goal: isolate export cost from query-planning cost. Raise the year bound
# across runs, for example 1970, 1990, 2010, and 2023.
PREFIX dblp: <https://dblp.org/rdf/schema#>

CONSTRUCT { ?s ?p ?o }
WHERE {
  ?s a dblp:Publication ;
     dblp:yearOfPublication ?year ;
     ?p ?o .
  FILTER(?year <= "1970"^^<http://www.w3.org/2001/XMLSchema#gYear>)
}

2026-09-28 20:57:03.072 - INFO: Requested media types of the result are: "text/turtle"
2026-09-28 20:57:03.073 - INFO: Query planning done in 1 ms
2026-09-28 20:57:03.097 - INFO: Result has unknown size (not computed yet)
2026-09-28 20:57:03.759 - INFO: Done processing query and sending result, total time was 687 ms
2026-09-28 20:57:03.778 - INFO: 
2026-09-28 20:57:03.778 - INFO: Request received via GET, no content type specified
2026-09-28 20:57:03.778 - INFO: Processing command "clear-cache": clear the cache (unpinned elements only)
2026-09-28 20:57:03.796 - INFO: 
2026-09-28 20:57:03.796 - INFO: Request received via POST, content type "application/x-www-form-urlencoded"
2026-09-28 20:57:03.796 - INFO: Processing the following SPARQL query:
# Tier H — size-sweep
# Goal: isolate export cost from query-planning cost. Raise the year bound
# across runs, for example 1970, 1990, 2010, and 2023.
PREFIX dblp: <https://dblp.org/rdf/schema#>

CONSTRUCT { ?s ?p ?o }
WHERE {
  ?s a dblp:Publication ;
     dblp:yearOfPublication ?year ;
     ?p ?o .
  FILTER(?year <= "1970"^^<http://www.w3.org/2001/XMLSchema#gYear>)
}

2026-09-28 20:57:03.796 - INFO: Requested media types of the result are: "text/turtle"
2026-09-28 20:57:03.797 - INFO: Query planning done in 1 ms
2026-09-28 20:57:03.822 - INFO: Result has unknown size (not computed yet)
2026-09-28 20:57:04.483 - INFO: Done processing query and sending result, total time was 687 ms
2026-09-28 20:57:04.502 - INFO: 
2026-09-28 20:57:04.502 - INFO: Request received via GET, no content type specified
2026-09-28 20:57:04.502 - INFO: Processing command "clear-cache": clear the cache (unpinned elements only)
2026-09-28 20:57:04.520 - INFO: 
2026-09-28 20:57:04.520 - INFO: Request received via POST, content type "application/x-www-form-urlencoded"
2026-09-28 20:57:04.520 - INFO: Processing the following SPARQL query:
# Tier H — size-sweep
# Goal: isolate export cost from query-planning cost. Raise the year bound
# across runs, for example 1970, 1990, 2010, and 2023.
PREFIX dblp: <https://dblp.org/rdf/schema#>

CONSTRUCT { ?s ?p ?o }
WHERE {
  ?s a dblp:Publication ;
     dblp:yearOfPublication ?year ;
     ?p ?o .
  FILTER(?year <= "1970"^^<http://www.w3.org/2001/XMLSchema#gYear>)
}

2026-09-28 20:57:04.521 - INFO: Requested media types of the result are: "text/turtle"
2026-09-28 20:57:04.522 - INFO: Query planning done in 1 ms
2026-09-28 20:57:04.545 - INFO: Result has unknown size (not computed yet)
2026-09-28 20:57:05.144 - INFO: Done processing query and sending result, total time was 623 ms
2026-09-28 20:57:05.163 - INFO: 
2026-09-28 20:57:05.163 - INFO: Request received via GET, no content type specified
2026-09-28 20:57:05.163 - INFO: Processing command "clear-cache": clear the cache (unpinned elements only)
2026-09-28 20:57:05.181 - INFO: 
2026-09-28 20:57:05.181 - INFO: Request received via POST, content type "application/x-www-form-urlencoded"
2026-09-28 20:57:05.181 - INFO: Processing the following SPARQL query:
# Tier H — size-sweep
# Goal: isolate export cost from query-planning cost. Raise the year bound
# across runs, for example 1970, 1990, 2010, and 2023.
PREFIX dblp: <https://dblp.org/rdf/schema#>

CONSTRUCT { ?s ?p ?o }
WHERE {
  ?s a dblp:Publication ;
     dblp:yearOfPublication ?year ;
     ?p ?o .
  FILTER(?year <= "1970"^^<http://www.w3.org/2001/XMLSchema#gYear>)
}

2026-09-28 20:57:05.181 - INFO: Requested media types of the result are: "text/turtle"
2026-09-28 20:57:05.182 - INFO: Query planning done in 1 ms
2026-09-28 20:57:05.206 - INFO: Result has unknown size (not computed yet)
2026-09-28 20:57:05.770 - INFO: Done processing query and sending result, total time was 588 ms
2026-09-28 20:57:05.789 - INFO: 
2026-09-28 20:57:05.789 - INFO: Request received via GET, no content type specified
2026-09-28 20:57:05.789 - INFO: Processing command "clear-cache": clear the cache (unpinned elements only)
2026-09-28 20:57:05.807 - INFO: 
2026-09-28 20:57:05.807 - INFO: Request received via POST, content type "application/x-www-form-urlencoded"
2026-09-28 20:57:05.807 - INFO: Processing the following SPARQL query:
# Tier H — size-sweep
# Goal: isolate export cost from query-planning cost. Raise the year bound
# across runs, for example 1970, 1990, 2010, and 2023.
PREFIX dblp: <https://dblp.org/rdf/schema#>

CONSTRUCT { ?s ?p ?o }
WHERE {
  ?s a dblp:Publication ;
     dblp:yearOfPublication ?year ;
     ?p ?o .
  FILTER(?year <= "1970"^^<http://www.w3.org/2001/XMLSchema#gYear>)
}

2026-09-28 20:57:05.807 - INFO: Requested media types of the result are: "text/turtle"
2026-09-28 20:57:05.808 - INFO: Query planning done in 1 ms
2026-09-28 20:57:05.830 - INFO: Result has unknown size (not computed yet)
2026-09-28 20:57:06.400 - INFO: Done processing query and sending result, total time was 593 ms
2026-09-28 20:57:06.419 - INFO: 
2026-09-28 20:57:06.419 - INFO: Request received via GET, no content type specified
2026-09-28 20:57:06.419 - INFO: Processing command "clear-cache": clear the cache (unpinned elements only)
2026-09-28 20:57:06.444 - INFO: 
2026-09-28 20:57:06.444 - INFO: Request received via POST, content type "application/x-www-form-urlencoded"
2026-09-28 20:57:06.445 - INFO: Processing the following SPARQL query:
# Tier H — size-sweep
# Goal: isolate export cost from query-planning cost. Raise the year bound
# across runs, for example 1970, 1990, 2010, and 2023.
PREFIX dblp: <https://dblp.org/rdf/schema#>

CONSTRUCT { ?s ?p ?o }
WHERE {
  ?s a dblp:Publication ;
     dblp:yearOfPublication ?year ;
     ?p ?o .
  FILTER(?year <= "1970"^^<http://www.w3.org/2001/XMLSchema#gYear>)
}

2026-09-28 20:57:06.445 - INFO: Requested media types of the result are: "text/turtle"
2026-09-28 20:57:06.446 - INFO: Query planning done in 1 ms
2026-09-28 20:57:06.470 - INFO: Result has unknown size (not computed yet)
2026-09-28 20:57:07.040 - INFO: Done processing query and sending result, total time was 596 ms
2026-09-28 20:58:01.678 - INFO: 
2026-09-28 20:58:01.678 - INFO: Request received via GET, no content type specified
2026-09-28 20:58:01.678 - INFO: Processing command "clear-cache": clear the cache (unpinned elements only)
2026-09-28 20:58:01.696 - INFO: 
2026-09-28 20:58:01.696 - INFO: Request received via POST, content type "application/x-www-form-urlencoded"
2026-09-28 20:58:01.697 - INFO: Processing the following SPARQL query:
# Tier H — size-sweep
# Goal: isolate export cost from query-planning cost. Raise the year bound
# across runs, for example 1970, 1990, 2010, and 2023.
PREFIX dblp: <https://dblp.org/rdf/schema#>

CONSTRUCT { ?s ?p ?o }
WHERE {
  ?s a dblp:Publication ;
     dblp:yearOfPublication ?year ;
     ?p ?o .
  FILTER(?year <= "1970"^^<http://www.w3.org/2001/XMLSchema#gYear>)
}

2026-09-28 20:58:01.697 - INFO: Requested media types of the result are: "text/turtle"
2026-09-28 20:58:01.697 - INFO: Query planning done in 1 ms
2026-09-28 20:58:01.722 - INFO: Result has unknown size (not computed yet)
2026-09-28 20:58:02.341 - INFO: Done processing query and sending result, total time was 644 ms
2026-09-28 20:58:02.360 - INFO: 
2026-09-28 20:58:02.360 - INFO: Request received via GET, no content type specified
2026-09-28 20:58:02.360 - INFO: Processing command "clear-cache": clear the cache (unpinned elements only)
2026-09-28 20:58:02.378 - INFO: 
2026-09-28 20:58:02.378 - INFO: Request received via POST, content type "application/x-www-form-urlencoded"
2026-09-28 20:58:02.379 - INFO: Processing the following SPARQL query:
# Tier H — size-sweep
# Goal: isolate export cost from query-planning cost. Raise the year bound
# across runs, for example 1970, 1990, 2010, and 2023.
PREFIX dblp: <https://dblp.org/rdf/schema#>

CONSTRUCT { ?s ?p ?o }
WHERE {
  ?s a dblp:Publication ;
     dblp:yearOfPublication ?year ;
     ?p ?o .
  FILTER(?year <= "1970"^^<http://www.w3.org/2001/XMLSchema#gYear>)
}

2026-09-28 20:58:02.379 - INFO: Requested media types of the result are: "text/turtle"
2026-09-28 20:58:02.380 - INFO: Query planning done in 1 ms
2026-09-28 20:58:02.403 - INFO: Result has unknown size (not computed yet)
2026-09-28 20:58:02.985 - INFO: Done processing query and sending result, total time was 606 ms
2026-09-28 20:58:03.004 - INFO: 
2026-09-28 20:58:03.004 - INFO: Request received via GET, no content type specified
2026-09-28 20:58:03.004 - INFO: Processing command "clear-cache": clear the cache (unpinned elements only)
2026-09-28 20:58:03.022 - INFO: 
2026-09-28 20:58:03.022 - INFO: Request received via POST, content type "application/x-www-form-urlencoded"
2026-09-28 20:58:03.022 - INFO: Processing the following SPARQL query:
# Tier H — size-sweep
# Goal: isolate export cost from query-planning cost. Raise the year bound
# across runs, for example 1970, 1990, 2010, and 2023.
PREFIX dblp: <https://dblp.org/rdf/schema#>

CONSTRUCT { ?s ?p ?o }
WHERE {
  ?s a dblp:Publication ;
     dblp:yearOfPublication ?year ;
     ?p ?o .
  FILTER(?year <= "1970"^^<http://www.w3.org/2001/XMLSchema#gYear>)
}

2026-09-28 20:58:03.022 - INFO: Requested media types of the result are: "text/turtle"
2026-09-28 20:58:03.023 - INFO: Query planning done in 1 ms
2026-09-28 20:58:03.049 - INFO: Result has unknown size (not computed yet)
2026-09-28 20:58:03.709 - INFO: Done processing query and sending result, total time was 687 ms
2026-09-28 20:58:03.728 - INFO: 
2026-09-28 20:58:03.728 - INFO: Request received via GET, no content type specified
2026-09-28 20:58:03.728 - INFO: Processing command "clear-cache": clear the cache (unpinned elements only)
2026-09-28 20:58:03.746 - INFO: 
2026-09-28 20:58:03.746 - INFO: Request received via POST, content type "application/x-www-form-urlencoded"
2026-09-28 20:58:03.746 - INFO: Processing the following SPARQL query:
# Tier H — size-sweep
# Goal: isolate export cost from query-planning cost. Raise the year bound
# across runs, for example 1970, 1990, 2010, and 2023.
PREFIX dblp: <https://dblp.org/rdf/schema#>

CONSTRUCT { ?s ?p ?o }
WHERE {
  ?s a dblp:Publication ;
     dblp:yearOfPublication ?year ;
     ?p ?o .
  FILTER(?year <= "1970"^^<http://www.w3.org/2001/XMLSchema#gYear>)
}

2026-09-28 20:58:03.746 - INFO: Requested media types of the result are: "text/turtle"
2026-09-28 20:58:03.747 - INFO: Query planning done in 1 ms
2026-09-28 20:58:03.772 - INFO: Result has unknown size (not computed yet)
2026-09-28 20:58:04.433 - INFO: Done processing query and sending result, total time was 686 ms
2026-09-28 20:58:04.451 - INFO: 
2026-09-28 20:58:04.451 - INFO: Request received via GET, no content type specified
2026-09-28 20:58:04.451 - INFO: Processing command "clear-cache": clear the cache (unpinned elements only)
2026-09-28 20:58:04.469 - INFO: 
2026-09-28 20:58:04.469 - INFO: Request received via POST, content type "application/x-www-form-urlencoded"
2026-09-28 20:58:04.470 - INFO: Processing the following SPARQL query:
# Tier H — size-sweep
# Goal: isolate export cost from query-planning cost. Raise the year bound
# across runs, for example 1970, 1990, 2010, and 2023.
PREFIX dblp: <https://dblp.org/rdf/schema#>

CONSTRUCT { ?s ?p ?o }
WHERE {
  ?s a dblp:Publication ;
     dblp:yearOfPublication ?year ;
     ?p ?o .
  FILTER(?year <= "1970"^^<http://www.w3.org/2001/XMLSchema#gYear>)
}

2026-09-28 20:58:04.470 - INFO: Requested media types of the result are: "text/turtle"
2026-09-28 20:58:04.471 - INFO: Query planning done in 1 ms
2026-09-28 20:58:04.494 - INFO: Result has unknown size (not computed yet)
2026-09-28 20:58:05.147 - INFO: Done processing query and sending result, total time was 677 ms
2026-09-28 20:58:05.166 - INFO: 
2026-09-28 20:58:05.166 - INFO: Request received via GET, no content type specified
2026-09-28 20:58:05.166 - INFO: Processing command "clear-cache": clear the cache (unpinned elements only)
2026-09-28 20:58:05.184 - INFO: 
2026-09-28 20:58:05.184 - INFO: Request received via POST, content type "application/x-www-form-urlencoded"
2026-09-28 20:58:05.184 - INFO: Processing the following SPARQL query:
# Tier H — size-sweep
# Goal: isolate export cost from query-planning cost. Raise the year bound
# across runs, for example 1970, 1990, 2010, and 2023.
PREFIX dblp: <https://dblp.org/rdf/schema#>

CONSTRUCT { ?s ?p ?o }
WHERE {
  ?s a dblp:Publication ;
     dblp:yearOfPublication ?year ;
     ?p ?o .
  FILTER(?year <= "1970"^^<http://www.w3.org/2001/XMLSchema#gYear>)
}

2026-09-28 20:58:05.184 - INFO: Requested media types of the result are: "text/turtle"
2026-09-28 20:58:05.185 - INFO: Query planning done in 1 ms
2026-09-28 20:58:05.209 - INFO: Result has unknown size (not computed yet)
2026-09-28 20:58:05.783 - INFO: Done processing query and sending result, total time was 599 ms
2026-09-28 20:58:05.802 - INFO: 
2026-09-28 20:58:05.802 - INFO: Request received via GET, no content type specified
2026-09-28 20:58:05.802 - INFO: Processing command "clear-cache": clear the cache (unpinned elements only)
2026-09-28 20:58:05.820 - INFO: 
2026-09-28 20:58:05.820 - INFO: Request received via POST, content type "application/x-www-form-urlencoded"
2026-09-28 20:58:05.820 - INFO: Processing the following SPARQL query:
# Tier H — size-sweep
# Goal: isolate export cost from query-planning cost. Raise the year bound
# across runs, for example 1970, 1990, 2010, and 2023.
PREFIX dblp: <https://dblp.org/rdf/schema#>

CONSTRUCT { ?s ?p ?o }
WHERE {
  ?s a dblp:Publication ;
     dblp:yearOfPublication ?year ;
     ?p ?o .
  FILTER(?year <= "1970"^^<http://www.w3.org/2001/XMLSchema#gYear>)
}

2026-09-28 20:58:05.820 - INFO: Requested media types of the result are: "text/turtle"
2026-09-28 20:58:05.821 - INFO: Query planning done in 1 ms
2026-09-28 20:58:05.843 - INFO: Result has unknown size (not computed yet)
2026-09-28 20:58:06.409 - INFO: Done processing query and sending result, total time was 588 ms
2026-09-28 20:58:06.428 - INFO: 
2026-09-28 20:58:06.428 - INFO: Request received via GET, no content type specified
2026-09-28 20:58:06.428 - INFO: Processing command "clear-cache": clear the cache (unpinned elements only)
2026-09-28 20:58:06.446 - INFO: 
2026-09-28 20:58:06.446 - INFO: Request received via POST, content type "application/x-www-form-urlencoded"
2026-09-28 20:58:06.446 - INFO: Processing the following SPARQL query:
# Tier H — size-sweep
# Goal: isolate export cost from query-planning cost. Raise the year bound
# across runs, for example 1970, 1990, 2010, and 2023.
PREFIX dblp: <https://dblp.org/rdf/schema#>

CONSTRUCT { ?s ?p ?o }
WHERE {
  ?s a dblp:Publication ;
     dblp:yearOfPublication ?year ;
     ?p ?o .
  FILTER(?year <= "1970"^^<http://www.w3.org/2001/XMLSchema#gYear>)
}

2026-09-28 20:58:06.446 - INFO: Requested media types of the result are: "text/turtle"
2026-09-28 20:58:06.447 - INFO: Query planning done in 1 ms
2026-09-28 20:58:06.471 - INFO: Result has unknown size (not computed yet)
2026-09-28 20:58:07.049 - INFO: Done processing query and sending result, total time was 603 ms
2026-09-28 20:58:07.068 - INFO: 
2026-09-28 20:58:07.068 - INFO: Request received via GET, no content type specified
2026-09-28 20:58:07.068 - INFO: Processing command "clear-cache": clear the cache (unpinned elements only)
2026-09-28 20:58:07.086 - INFO: 
2026-09-28 20:58:07.086 - INFO: Request received via POST, content type "application/x-www-form-urlencoded"
2026-09-28 20:58:07.086 - INFO: Processing the following SPARQL query:
# Tier H — size-sweep
# Goal: isolate export cost from query-planning cost. Raise the year bound
# across runs, for example 1970, 1990, 2010, and 2023.
PREFIX dblp: <https://dblp.org/rdf/schema#>

CONSTRUCT { ?s ?p ?o }
WHERE {
  ?s a dblp:Publication ;
     dblp:yearOfPublication ?year ;
     ?p ?o .
  FILTER(?year <= "1970"^^<http://www.w3.org/2001/XMLSchema#gYear>)
}

2026-09-28 20:58:07.086 - INFO: Requested media types of the result are: "text/turtle"
2026-09-28 20:58:07.087 - INFO: Query planning done in 1 ms
2026-09-28 20:58:07.105 - INFO: Result has unknown size (not computed yet)
2026-09-28 20:58:07.688 - INFO: Done processing query and sending result, total time was 602 ms
2026-09-28 20:58:07.707 - INFO: 
2026-09-28 20:58:07.707 - INFO: Request received via GET, no content type specified
2026-09-28 20:58:07.707 - INFO: Processing command "clear-cache": clear the cache (unpinned elements only)
2026-09-28 20:58:07.725 - INFO: 
2026-09-28 20:58:07.725 - INFO: Request received via POST, content type "application/x-www-form-urlencoded"
2026-09-28 20:58:07.725 - INFO: Processing the following SPARQL query:
# Tier H — size-sweep
# Goal: isolate export cost from query-planning cost. Raise the year bound
# across runs, for example 1970, 1990, 2010, and 2023.
PREFIX dblp: <https://dblp.org/rdf/schema#>

CONSTRUCT { ?s ?p ?o }
WHERE {
  ?s a dblp:Publication ;
     dblp:yearOfPublication ?year ;
     ?p ?o .
  FILTER(?year <= "1970"^^<http://www.w3.org/2001/XMLSchema#gYear>)
}

2026-09-28 20:58:07.725 - INFO: Requested media types of the result are: "text/turtle"
2026-09-28 20:58:07.726 - INFO: Query planning done in 1 ms
2026-09-28 20:58:07.745 - INFO: Result has unknown size (not computed yet)
2026-09-28 20:58:08.328 - INFO: Done processing query and sending result, total time was 603 ms
2026-09-28 20:58:08.347 - INFO: 
2026-09-28 20:58:08.347 - INFO: Request received via GET, no content type specified
2026-09-28 20:58:08.347 - INFO: Processing command "clear-cache": clear the cache (unpinned elements only)
2026-09-28 20:58:08.365 - INFO: 
2026-09-28 20:58:08.365 - INFO: Request received via POST, content type "application/x-www-form-urlencoded"
2026-09-28 20:58:08.365 - INFO: Processing the following SPARQL query:
# Tier H — size-sweep
# Goal: isolate export cost from query-planning cost. Raise the year bound
# across runs, for example 1970, 1990, 2010, and 2023.
PREFIX dblp: <https://dblp.org/rdf/schema#>

CONSTRUCT { ?s ?p ?o }
WHERE {
  ?s a dblp:Publication ;
     dblp:yearOfPublication ?year ;
     ?p ?o .
  FILTER(?year <= "1970"^^<http://www.w3.org/2001/XMLSchema#gYear>)
}

2026-09-28 20:58:08.365 - INFO: Requested media types of the result are: "text/turtle"
2026-09-28 20:58:08.366 - INFO: Query planning done in 1 ms
2026-09-28 20:58:08.385 - INFO: Result has unknown size (not computed yet)
2026-09-28 20:58:08.973 - INFO: Done processing query and sending result, total time was 608 ms
2026-09-28 20:58:08.992 - INFO: 
2026-09-28 20:58:08.992 - INFO: Request received via GET, no content type specified
2026-09-28 20:58:08.992 - INFO: Processing command "clear-cache": clear the cache (unpinned elements only)
2026-09-28 20:58:09.010 - INFO: 
2026-09-28 20:58:09.010 - INFO: Request received via POST, content type "application/x-www-form-urlencoded"
2026-09-28 20:58:09.010 - INFO: Processing the following SPARQL query:
# Tier H — size-sweep
# Goal: isolate export cost from query-planning cost. Raise the year bound
# across runs, for example 1970, 1990, 2010, and 2023.
PREFIX dblp: <https://dblp.org/rdf/schema#>

CONSTRUCT { ?s ?p ?o }
WHERE {
  ?s a dblp:Publication ;
     dblp:yearOfPublication ?year ;
     ?p ?o .
  FILTER(?year <= "1970"^^<http://www.w3.org/2001/XMLSchema#gYear>)
}

2026-09-28 20:58:09.010 - INFO: Requested media types of the result are: "text/turtle"
2026-09-28 20:58:09.011 - INFO: Query planning done in 1 ms
2026-09-28 20:58:09.030 - INFO: Result has unknown size (not computed yet)
2026-09-28 20:58:09.610 - INFO: Done processing query and sending result, total time was 600 ms
2026-09-28 20:58:09.629 - INFO: 
2026-09-28 20:58:09.629 - INFO: Request received via GET, no content type specified
2026-09-28 20:58:09.629 - INFO: Processing command "clear-cache": clear the cache (unpinned elements only)
2026-09-28 20:58:09.654 - INFO: 
2026-09-28 20:58:09.654 - INFO: Request received via POST, content type "application/x-www-form-urlencoded"
2026-09-28 20:58:09.654 - INFO: Processing the following SPARQL query:
# Tier H — size-sweep
# Goal: isolate export cost from query-planning cost. Raise the year bound
# across runs, for example 1970, 1990, 2010, and 2023.
PREFIX dblp: <https://dblp.org/rdf/schema#>

CONSTRUCT { ?s ?p ?o }
WHERE {
  ?s a dblp:Publication ;
     dblp:yearOfPublication ?year ;
     ?p ?o .
  FILTER(?year <= "1970"^^<http://www.w3.org/2001/XMLSchema#gYear>)
}

2026-09-28 20:58:09.654 - INFO: Requested media types of the result are: "text/turtle"
2026-09-28 20:58:09.655 - INFO: Query planning done in 1 ms
2026-09-28 20:58:09.673 - INFO: Result has unknown size (not computed yet)
2026-09-28 20:58:10.254 - INFO: Done processing query and sending result, total time was 599 ms
2026-09-28 20:58:28.693 - INFO: 
2026-09-28 20:58:28.693 - INFO: Request received via GET, no content type specified
2026-09-28 20:58:28.693 - INFO: Processing command "clear-cache": clear the cache (unpinned elements only)
2026-09-28 20:58:28.711 - INFO: 
2026-09-28 20:58:28.711 - INFO: Request received via POST, content type "application/x-www-form-urlencoded"
2026-09-28 20:58:28.711 - INFO: Processing the following SPARQL query:
# Tier H — size-sweep
# Goal: isolate export cost from query-planning cost. Raise the year bound
# across runs, for example 1970, 1990, 2010, and 2023.
PREFIX dblp: <https://dblp.org/rdf/schema#>

CONSTRUCT { ?s ?p ?o }
WHERE {
  ?s a dblp:Publication ;
     dblp:yearOfPublication ?year ;
     ?p ?o .
  FILTER(?year <= "1970"^^<http://www.w3.org/2001/XMLSchema#gYear>)
}

2026-09-28 20:58:28.711 - INFO: Requested media types of the result are: "text/turtle"
2026-09-28 20:58:28.712 - INFO: Query planning done in 1 ms
2026-09-28 20:58:28.732 - INFO: Result has unknown size (not computed yet)
2026-09-28 20:58:29.319 - INFO: Done processing query and sending result, total time was 607 ms
2026-09-28 20:58:29.338 - INFO: 
2026-09-28 20:58:29.338 - INFO: Request received via GET, no content type specified
2026-09-28 20:58:29.338 - INFO: Processing command "clear-cache": clear the cache (unpinned elements only)
2026-09-28 20:58:29.356 - INFO: 
2026-09-28 20:58:29.356 - INFO: Request received via POST, content type "application/x-www-form-urlencoded"
2026-09-28 20:58:29.356 - INFO: Processing the following SPARQL query:
# Tier H — size-sweep
# Goal: isolate export cost from query-planning cost. Raise the year bound
# across runs, for example 1970, 1990, 2010, and 2023.
PREFIX dblp: <https://dblp.org/rdf/schema#>

CONSTRUCT { ?s ?p ?o }
WHERE {
  ?s a dblp:Publication ;
     dblp:yearOfPublication ?year ;
     ?p ?o .
  FILTER(?year <= "1970"^^<http://www.w3.org/2001/XMLSchema#gYear>)
}

2026-09-28 20:58:29.356 - INFO: Requested media types of the result are: "text/turtle"
2026-09-28 20:58:29.357 - INFO: Query planning done in 1 ms
2026-09-28 20:58:29.380 - INFO: Result has unknown size (not computed yet)
2026-09-28 20:58:29.965 - INFO: Done processing query and sending result, total time was 609 ms
2026-09-28 20:58:29.984 - INFO: 
2026-09-28 20:58:29.984 - INFO: Request received via GET, no content type specified
2026-09-28 20:58:29.984 - INFO: Processing command "clear-cache": clear the cache (unpinned elements only)
2026-09-28 20:58:30.002 - INFO: 
2026-09-28 20:58:30.002 - INFO: Request received via POST, content type "application/x-www-form-urlencoded"
2026-09-28 20:58:30.002 - INFO: Processing the following SPARQL query:
# Tier H — size-sweep
# Goal: isolate export cost from query-planning cost. Raise the year bound
# across runs, for example 1970, 1990, 2010, and 2023.
PREFIX dblp: <https://dblp.org/rdf/schema#>

CONSTRUCT { ?s ?p ?o }
WHERE {
  ?s a dblp:Publication ;
     dblp:yearOfPublication ?year ;
     ?p ?o .
  FILTER(?year <= "1970"^^<http://www.w3.org/2001/XMLSchema#gYear>)
}

2026-09-28 20:58:30.002 - INFO: Requested media types of the result are: "text/turtle"
2026-09-28 20:58:30.003 - INFO: Query planning done in 1 ms
2026-09-28 20:58:30.022 - INFO: Result has unknown size (not computed yet)
2026-09-28 20:58:30.609 - INFO: Done processing query and sending result, total time was 607 ms
2026-09-28 20:58:30.628 - INFO: 
2026-09-28 20:58:30.628 - INFO: Request received via GET, no content type specified
2026-09-28 20:58:30.628 - INFO: Processing command "clear-cache": clear the cache (unpinned elements only)
2026-09-28 20:58:30.646 - INFO: 
2026-09-28 20:58:30.646 - INFO: Request received via POST, content type "application/x-www-form-urlencoded"
2026-09-28 20:58:30.647 - INFO: Processing the following SPARQL query:
# Tier H — size-sweep
# Goal: isolate export cost from query-planning cost. Raise the year bound
# across runs, for example 1970, 1990, 2010, and 2023.
PREFIX dblp: <https://dblp.org/rdf/schema#>

CONSTRUCT { ?s ?p ?o }
WHERE {
  ?s a dblp:Publication ;
     dblp:yearOfPublication ?year ;
     ?p ?o .
  FILTER(?year <= "1970"^^<http://www.w3.org/2001/XMLSchema#gYear>)
}

2026-09-28 20:58:30.647 - INFO: Requested media types of the result are: "text/turtle"
2026-09-28 20:58:30.648 - INFO: Query planning done in 1 ms
2026-09-28 20:58:30.666 - INFO: Result has unknown size (not computed yet)
2026-09-28 20:58:31.251 - INFO: Done processing query and sending result, total time was 604 ms
2026-09-28 20:58:31.269 - INFO: 
2026-09-28 20:58:31.269 - INFO: Request received via GET, no content type specified
2026-09-28 20:58:31.269 - INFO: Processing command "clear-cache": clear the cache (unpinned elements only)
2026-09-28 20:58:31.297 - INFO: 
2026-09-28 20:58:31.297 - INFO: Request received via POST, content type "application/x-www-form-urlencoded"
2026-09-28 20:58:31.297 - INFO: Processing the following SPARQL query:
# Tier H — size-sweep
# Goal: isolate export cost from query-planning cost. Raise the year bound
# across runs, for example 1970, 1990, 2010, and 2023.
PREFIX dblp: <https://dblp.org/rdf/schema#>

CONSTRUCT { ?s ?p ?o }
WHERE {
  ?s a dblp:Publication ;
     dblp:yearOfPublication ?year ;
     ?p ?o .
  FILTER(?year <= "1970"^^<http://www.w3.org/2001/XMLSchema#gYear>)
}

2026-09-28 20:58:31.297 - INFO: Requested media types of the result are: "text/turtle"
2026-09-28 20:58:31.298 - INFO: Query planning done in 1 ms
2026-09-28 20:58:31.316 - INFO: Result has unknown size (not computed yet)
2026-09-28 20:58:31.903 - INFO: Done processing query and sending result, total time was 605 ms
2026-09-28 20:58:31.921 - INFO: 
2026-09-28 20:58:31.921 - INFO: Request received via GET, no content type specified
2026-09-28 20:58:31.921 - INFO: Processing command "clear-cache": clear the cache (unpinned elements only)
2026-09-28 20:58:31.939 - INFO: 
2026-09-28 20:58:31.939 - INFO: Request received via POST, content type "application/x-www-form-urlencoded"
2026-09-28 20:58:31.940 - INFO: Processing the following SPARQL query:
# Tier H — size-sweep
# Goal: isolate export cost from query-planning cost. Raise the year bound
# across runs, for example 1970, 1990, 2010, and 2023.
PREFIX dblp: <https://dblp.org/rdf/schema#>

CONSTRUCT { ?s ?p ?o }
WHERE {
  ?s a dblp:Publication ;
     dblp:yearOfPublication ?year ;
     ?p ?o .
  FILTER(?year <= "1970"^^<http://www.w3.org/2001/XMLSchema#gYear>)
}

2026-09-28 20:58:31.940 - INFO: Requested media types of the result are: "text/turtle"
2026-09-28 20:58:31.941 - INFO: Query planning done in 1 ms
2026-09-28 20:58:31.960 - INFO: Result has unknown size (not computed yet)
2026-09-28 20:58:32.547 - INFO: Done processing query and sending result, total time was 607 ms
2026-09-28 20:58:32.566 - INFO: 
2026-09-28 20:58:32.566 - INFO: Request received via GET, no content type specified
2026-09-28 20:58:32.566 - INFO: Processing command "clear-cache": clear the cache (unpinned elements only)
2026-09-28 20:58:32.584 - INFO: 
2026-09-28 20:58:32.584 - INFO: Request received via POST, content type "application/x-www-form-urlencoded"
2026-09-28 20:58:32.585 - INFO: Processing the following SPARQL query:
# Tier H — size-sweep
# Goal: isolate export cost from query-planning cost. Raise the year bound
# across runs, for example 1970, 1990, 2010, and 2023.
PREFIX dblp: <https://dblp.org/rdf/schema#>

CONSTRUCT { ?s ?p ?o }
WHERE {
  ?s a dblp:Publication ;
     dblp:yearOfPublication ?year ;
     ?p ?o .
  FILTER(?year <= "1970"^^<http://www.w3.org/2001/XMLSchema#gYear>)
}

2026-09-28 20:58:32.585 - INFO: Requested media types of the result are: "text/turtle"
2026-09-28 20:58:32.586 - INFO: Query planning done in 1 ms
2026-09-28 20:58:32.609 - INFO: Result has unknown size (not computed yet)
2026-09-28 20:58:33.276 - INFO: Done processing query and sending result, total time was 691 ms
2026-09-28 20:58:33.295 - INFO: 
2026-09-28 20:58:33.295 - INFO: Request received via GET, no content type specified
2026-09-28 20:58:33.295 - INFO: Processing command "clear-cache": clear the cache (unpinned elements only)
2026-09-28 20:58:33.313 - INFO: 
2026-09-28 20:58:33.313 - INFO: Request received via POST, content type "application/x-www-form-urlencoded"
2026-09-28 20:58:33.313 - INFO: Processing the following SPARQL query:
# Tier H — size-sweep
# Goal: isolate export cost from query-planning cost. Raise the year bound
# across runs, for example 1970, 1990, 2010, and 2023.
PREFIX dblp: <https://dblp.org/rdf/schema#>

CONSTRUCT { ?s ?p ?o }
WHERE {
  ?s a dblp:Publication ;
     dblp:yearOfPublication ?year ;
     ?p ?o .
  FILTER(?year <= "1970"^^<http://www.w3.org/2001/XMLSchema#gYear>)
}

2026-09-28 20:58:33.313 - INFO: Requested media types of the result are: "text/turtle"
2026-09-28 20:58:33.314 - INFO: Query planning done in 1 ms
2026-09-28 20:58:33.337 - INFO: Result has unknown size (not computed yet)
2026-09-28 20:58:34.014 - INFO: Done processing query and sending result, total time was 701 ms
2026-09-28 20:58:34.033 - INFO: 
2026-09-28 20:58:34.033 - INFO: Request received via GET, no content type specified
2026-09-28 20:58:34.033 - INFO: Processing command "clear-cache": clear the cache (unpinned elements only)
2026-09-28 20:58:34.051 - INFO: 
2026-09-28 20:58:34.051 - INFO: Request received via POST, content type "application/x-www-form-urlencoded"
2026-09-28 20:58:34.051 - INFO: Processing the following SPARQL query:
# Tier H — size-sweep
# Goal: isolate export cost from query-planning cost. Raise the year bound
# across runs, for example 1970, 1990, 2010, and 2023.
PREFIX dblp: <https://dblp.org/rdf/schema#>

CONSTRUCT { ?s ?p ?o }
WHERE {
  ?s a dblp:Publication ;
     dblp:yearOfPublication ?year ;
     ?p ?o .
  FILTER(?year <= "1970"^^<http://www.w3.org/2001/XMLSchema#gYear>)
}

2026-09-28 20:58:34.051 - INFO: Requested media types of the result are: "text/turtle"
2026-09-28 20:58:34.052 - INFO: Query planning done in 1 ms
2026-09-28 20:58:34.076 - INFO: Result has unknown size (not computed yet)
2026-09-28 20:58:34.742 - INFO: Done processing query and sending result, total time was 690 ms
2026-09-28 20:58:34.761 - INFO: 
2026-09-28 20:58:34.761 - INFO: Request received via GET, no content type specified
2026-09-28 20:58:34.761 - INFO: Processing command "clear-cache": clear the cache (unpinned elements only)
2026-09-28 20:58:34.779 - INFO: 
2026-09-28 20:58:34.779 - INFO: Request received via POST, content type "application/x-www-form-urlencoded"
2026-09-28 20:58:34.779 - INFO: Processing the following SPARQL query:
# Tier H — size-sweep
# Goal: isolate export cost from query-planning cost. Raise the year bound
# across runs, for example 1970, 1990, 2010, and 2023.
PREFIX dblp: <https://dblp.org/rdf/schema#>

CONSTRUCT { ?s ?p ?o }
WHERE {
  ?s a dblp:Publication ;
     dblp:yearOfPublication ?year ;
     ?p ?o .
  FILTER(?year <= "1970"^^<http://www.w3.org/2001/XMLSchema#gYear>)
}

2026-09-28 20:58:34.779 - INFO: Requested media types of the result are: "text/turtle"
2026-09-28 20:58:34.780 - INFO: Query planning done in 1 ms
2026-09-28 20:58:34.804 - INFO: Result has unknown size (not computed yet)
2026-09-28 20:58:35.408 - INFO: Done processing query and sending result, total time was 629 ms
2026-09-28 20:58:35.427 - INFO: 
2026-09-28 20:58:35.427 - INFO: Request received via GET, no content type specified
2026-09-28 20:58:35.427 - INFO: Processing command "clear-cache": clear the cache (unpinned elements only)
2026-09-28 20:58:35.445 - INFO: 
2026-09-28 20:58:35.445 - INFO: Request received via POST, content type "application/x-www-form-urlencoded"
2026-09-28 20:58:35.445 - INFO: Processing the following SPARQL query:
# Tier H — size-sweep
# Goal: isolate export cost from query-planning cost. Raise the year bound
# across runs, for example 1970, 1990, 2010, and 2023.
PREFIX dblp: <https://dblp.org/rdf/schema#>

CONSTRUCT { ?s ?p ?o }
WHERE {
  ?s a dblp:Publication ;
     dblp:yearOfPublication ?year ;
     ?p ?o .
  FILTER(?year <= "1970"^^<http://www.w3.org/2001/XMLSchema#gYear>)
}

2026-09-28 20:58:35.445 - INFO: Requested media types of the result are: "text/turtle"
2026-09-28 20:58:35.446 - INFO: Query planning done in 1 ms
2026-09-28 20:58:35.469 - INFO: Result has unknown size (not computed yet)
2026-09-28 20:58:36.044 - INFO: Done processing query and sending result, total time was 598 ms
2026-09-28 20:58:36.063 - INFO: 
2026-09-28 20:58:36.063 - INFO: Request received via GET, no content type specified
2026-09-28 20:58:36.063 - INFO: Processing command "clear-cache": clear the cache (unpinned elements only)
2026-09-28 20:58:36.081 - INFO: 
2026-09-28 20:58:36.081 - INFO: Request received via POST, content type "application/x-www-form-urlencoded"
2026-09-28 20:58:36.081 - INFO: Processing the following SPARQL query:
# Tier H — size-sweep
# Goal: isolate export cost from query-planning cost. Raise the year bound
# across runs, for example 1970, 1990, 2010, and 2023.
PREFIX dblp: <https://dblp.org/rdf/schema#>

CONSTRUCT { ?s ?p ?o }
WHERE {
  ?s a dblp:Publication ;
     dblp:yearOfPublication ?year ;
     ?p ?o .
  FILTER(?year <= "1970"^^<http://www.w3.org/2001/XMLSchema#gYear>)
}

2026-09-28 20:58:36.081 - INFO: Requested media types of the result are: "text/turtle"
2026-09-28 20:58:36.082 - INFO: Query planning done in 1 ms
2026-09-28 20:58:36.105 - INFO: Result has unknown size (not computed yet)
2026-09-28 20:58:36.729 - INFO: Done processing query and sending result, total time was 648 ms
2026-09-28 20:58:36.748 - INFO: 
2026-09-28 20:58:36.748 - INFO: Request received via GET, no content type specified
2026-09-28 20:58:36.748 - INFO: Processing command "clear-cache": clear the cache (unpinned elements only)
2026-09-28 20:58:36.774 - INFO: 
2026-09-28 20:58:36.774 - INFO: Request received via POST, content type "application/x-www-form-urlencoded"
2026-09-28 20:58:36.774 - INFO: Processing the following SPARQL query:
# Tier H — size-sweep
# Goal: isolate export cost from query-planning cost. Raise the year bound
# across runs, for example 1970, 1990, 2010, and 2023.
PREFIX dblp: <https://dblp.org/rdf/schema#>

CONSTRUCT { ?s ?p ?o }
WHERE {
  ?s a dblp:Publication ;
     dblp:yearOfPublication ?year ;
     ?p ?o .
  FILTER(?year <= "1970"^^<http://www.w3.org/2001/XMLSchema#gYear>)
}

2026-09-28 20:58:36.774 - INFO: Requested media types of the result are: "text/turtle"
2026-09-28 20:58:36.775 - INFO: Query planning done in 1 ms
2026-09-28 20:58:36.798 - INFO: Result has unknown size (not computed yet)
2026-09-28 20:58:37.391 - INFO: Done processing query and sending result, total time was 617 ms
2026-09-28 20:59:31.211 - INFO: 
2026-09-28 20:59:31.211 - INFO: Request received via GET, no content type specified
2026-09-28 20:59:31.211 - INFO: Processing command "clear-cache": clear the cache (unpinned elements only)
2026-09-28 20:59:31.229 - INFO: 
2026-09-28 20:59:31.229 - INFO: Request received via POST, content type "application/x-www-form-urlencoded"
2026-09-28 20:59:31.229 - INFO: Processing the following SPARQL query:
# Tier H — size-sweep
# Goal: isolate export cost from query-planning cost. Raise the year bound
# across runs, for example 1970, 1990, 2010, and 2023.
PREFIX dblp: <https://dblp.org/rdf/schema#>

CONSTRUCT { ?s ?p ?o }
WHERE {
  ?s a dblp:Publication ;
     dblp:yearOfPublication ?year ;
     ?p ?o .
  FILTER(?year <= "1970"^^<http://www.w3.org/2001/XMLSchema#gYear>)
}

2026-09-28 20:59:31.229 - INFO: Requested media types of the result are: "text/turtle"
2026-09-28 20:59:31.231 - INFO: Query planning done in 1 ms
2026-09-28 20:59:31.254 - INFO: Result has unknown size (not computed yet)
2026-09-28 20:59:31.922 - INFO: Done processing query and sending result, total time was 692 ms
2026-09-28 20:59:31.941 - INFO: 
2026-09-28 20:59:31.941 - INFO: Request received via GET, no content type specified
2026-09-28 20:59:31.941 - INFO: Processing command "clear-cache": clear the cache (unpinned elements only)
2026-09-28 20:59:31.959 - INFO: 
2026-09-28 20:59:31.959 - INFO: Request received via POST, content type "application/x-www-form-urlencoded"
2026-09-28 20:59:31.959 - INFO: Processing the following SPARQL query:
# Tier H — size-sweep
# Goal: isolate export cost from query-planning cost. Raise the year bound
# across runs, for example 1970, 1990, 2010, and 2023.
PREFIX dblp: <https://dblp.org/rdf/schema#>

CONSTRUCT { ?s ?p ?o }
WHERE {
  ?s a dblp:Publication ;
     dblp:yearOfPublication ?year ;
     ?p ?o .
  FILTER(?year <= "1970"^^<http://www.w3.org/2001/XMLSchema#gYear>)
}

2026-09-28 20:59:31.959 - INFO: Requested media types of the result are: "text/turtle"
2026-09-28 20:59:31.960 - INFO: Query planning done in 1 ms
2026-09-28 20:59:31.983 - INFO: Result has unknown size (not computed yet)
2026-09-28 20:59:32.642 - INFO: Done processing query and sending result, total time was 683 ms
2026-09-28 20:59:32.661 - INFO: 
2026-09-28 20:59:32.661 - INFO: Request received via GET, no content type specified
2026-09-28 20:59:32.661 - INFO: Processing command "clear-cache": clear the cache (unpinned elements only)
2026-09-28 20:59:32.679 - INFO: 
2026-09-28 20:59:32.679 - INFO: Request received via POST, content type "application/x-www-form-urlencoded"
2026-09-28 20:59:32.679 - INFO: Processing the following SPARQL query:
# Tier H — size-sweep
# Goal: isolate export cost from query-planning cost. Raise the year bound
# across runs, for example 1970, 1990, 2010, and 2023.
PREFIX dblp: <https://dblp.org/rdf/schema#>

CONSTRUCT { ?s ?p ?o }
WHERE {
  ?s a dblp:Publication ;
     dblp:yearOfPublication ?year ;
     ?p ?o .
  FILTER(?year <= "1970"^^<http://www.w3.org/2001/XMLSchema#gYear>)
}

2026-09-28 20:59:32.679 - INFO: Requested media types of the result are: "text/turtle"
2026-09-28 20:59:32.680 - INFO: Query planning done in 1 ms
2026-09-28 20:59:32.704 - INFO: Result has unknown size (not computed yet)
2026-09-28 20:59:33.352 - INFO: Done processing query and sending result, total time was 673 ms
2026-09-28 20:59:33.371 - INFO: 
2026-09-28 20:59:33.371 - INFO: Request received via GET, no content type specified
2026-09-28 20:59:33.371 - INFO: Processing command "clear-cache": clear the cache (unpinned elements only)
2026-09-28 20:59:33.389 - INFO: 
2026-09-28 20:59:33.389 - INFO: Request received via POST, content type "application/x-www-form-urlencoded"
2026-09-28 20:59:33.390 - INFO: Processing the following SPARQL query:
# Tier H — size-sweep
# Goal: isolate export cost from query-planning cost. Raise the year bound
# across runs, for example 1970, 1990, 2010, and 2023.
PREFIX dblp: <https://dblp.org/rdf/schema#>

CONSTRUCT { ?s ?p ?o }
WHERE {
  ?s a dblp:Publication ;
     dblp:yearOfPublication ?year ;
     ?p ?o .
  FILTER(?year <= "1970"^^<http://www.w3.org/2001/XMLSchema#gYear>)
}

2026-09-28 20:59:33.390 - INFO: Requested media types of the result are: "text/turtle"
2026-09-28 20:59:33.391 - INFO: Query planning done in 1 ms
2026-09-28 20:59:33.410 - INFO: Result has unknown size (not computed yet)
2026-09-28 20:59:33.992 - INFO: Done processing query and sending result, total time was 602 ms
2026-09-28 20:59:34.011 - INFO: 
2026-09-28 20:59:34.011 - INFO: Request received via GET, no content type specified
2026-09-28 20:59:34.011 - INFO: Processing command "clear-cache": clear the cache (unpinned elements only)
2026-09-28 20:59:34.029 - INFO: 
2026-09-28 20:59:34.029 - INFO: Request received via POST, content type "application/x-www-form-urlencoded"
2026-09-28 20:59:34.030 - INFO: Processing the following SPARQL query:
# Tier H — size-sweep
# Goal: isolate export cost from query-planning cost. Raise the year bound
# across runs, for example 1970, 1990, 2010, and 2023.
PREFIX dblp: <https://dblp.org/rdf/schema#>

CONSTRUCT { ?s ?p ?o }
WHERE {
  ?s a dblp:Publication ;
     dblp:yearOfPublication ?year ;
     ?p ?o .
  FILTER(?year <= "1970"^^<http://www.w3.org/2001/XMLSchema#gYear>)
}

2026-09-28 20:59:34.030 - INFO: Requested media types of the result are: "text/turtle"
2026-09-28 20:59:34.031 - INFO: Query planning done in 1 ms
2026-09-28 20:59:34.050 - INFO: Result has unknown size (not computed yet)
2026-09-28 20:59:34.636 - INFO: Done processing query and sending result, total time was 606 ms
2026-09-28 20:59:34.654 - INFO: 
2026-09-28 20:59:34.654 - INFO: Request received via GET, no content type specified
2026-09-28 20:59:34.654 - INFO: Processing command "clear-cache": clear the cache (unpinned elements only)
2026-09-28 20:59:34.672 - INFO: 
2026-09-28 20:59:34.672 - INFO: Request received via POST, content type "application/x-www-form-urlencoded"
2026-09-28 20:59:34.673 - INFO: Processing the following SPARQL query:
# Tier H — size-sweep
# Goal: isolate export cost from query-planning cost. Raise the year bound
# across runs, for example 1970, 1990, 2010, and 2023.
PREFIX dblp: <https://dblp.org/rdf/schema#>

CONSTRUCT { ?s ?p ?o }
WHERE {
  ?s a dblp:Publication ;
     dblp:yearOfPublication ?year ;
     ?p ?o .
  FILTER(?year <= "1970"^^<http://www.w3.org/2001/XMLSchema#gYear>)
}

2026-09-28 20:59:34.673 - INFO: Requested media types of the result are: "text/turtle"
2026-09-28 20:59:34.674 - INFO: Query planning done in 1 ms
2026-09-28 20:59:34.697 - INFO: Result has unknown size (not computed yet)
2026-09-28 20:59:35.361 - INFO: Done processing query and sending result, total time was 688 ms
2026-09-28 20:59:35.381 - INFO: 
2026-09-28 20:59:35.381 - INFO: Request received via GET, no content type specified
2026-09-28 20:59:35.381 - INFO: Processing command "clear-cache": clear the cache (unpinned elements only)
2026-09-28 20:59:35.399 - INFO: 
2026-09-28 20:59:35.399 - INFO: Request received via POST, content type "application/x-www-form-urlencoded"
2026-09-28 20:59:35.399 - INFO: Processing the following SPARQL query:
# Tier H — size-sweep
# Goal: isolate export cost from query-planning cost. Raise the year bound
# across runs, for example 1970, 1990, 2010, and 2023.
PREFIX dblp: <https://dblp.org/rdf/schema#>

CONSTRUCT { ?s ?p ?o }
WHERE {
  ?s a dblp:Publication ;
     dblp:yearOfPublication ?year ;
     ?p ?o .
  FILTER(?year <= "1970"^^<http://www.w3.org/2001/XMLSchema#gYear>)
}

2026-09-28 20:59:35.399 - INFO: Requested media types of the result are: "text/turtle"
2026-09-28 20:59:35.400 - INFO: Query planning done in 1 ms
2026-09-28 20:59:35.424 - INFO: Result has unknown size (not computed yet)
2026-09-28 20:59:36.030 - INFO: Done processing query and sending result, total time was 631 ms
2026-09-28 20:59:36.049 - INFO: 
2026-09-28 20:59:36.049 - INFO: Request received via GET, no content type specified
2026-09-28 20:59:36.049 - INFO: Processing command "clear-cache": clear the cache (unpinned elements only)
2026-09-28 20:59:36.068 - INFO: 
2026-09-28 20:59:36.068 - INFO: Request received via POST, content type "application/x-www-form-urlencoded"
2026-09-28 20:59:36.068 - INFO: Processing the following SPARQL query:
# Tier H — size-sweep
# Goal: isolate export cost from query-planning cost. Raise the year bound
# across runs, for example 1970, 1990, 2010, and 2023.
PREFIX dblp: <https://dblp.org/rdf/schema#>

CONSTRUCT { ?s ?p ?o }
WHERE {
  ?s a dblp:Publication ;
     dblp:yearOfPublication ?year ;
     ?p ?o .
  FILTER(?year <= "1970"^^<http://www.w3.org/2001/XMLSchema#gYear>)
}

2026-09-28 20:59:36.068 - INFO: Requested media types of the result are: "text/turtle"
2026-09-28 20:59:36.069 - INFO: Query planning done in 1 ms
2026-09-28 20:59:36.092 - INFO: Result has unknown size (not computed yet)
2026-09-28 20:59:36.758 - INFO: Done processing query and sending result, total time was 690 ms
2026-09-28 20:59:36.777 - INFO: 
2026-09-28 20:59:36.777 - INFO: Request received via GET, no content type specified
2026-09-28 20:59:36.777 - INFO: Processing command "clear-cache": clear the cache (unpinned elements only)
2026-09-28 20:59:36.795 - INFO: 
2026-09-28 20:59:36.795 - INFO: Request received via POST, content type "application/x-www-form-urlencoded"
2026-09-28 20:59:36.795 - INFO: Processing the following SPARQL query:
# Tier H — size-sweep
# Goal: isolate export cost from query-planning cost. Raise the year bound
# across runs, for example 1970, 1990, 2010, and 2023.
PREFIX dblp: <https://dblp.org/rdf/schema#>

CONSTRUCT { ?s ?p ?o }
WHERE {
  ?s a dblp:Publication ;
     dblp:yearOfPublication ?year ;
     ?p ?o .
  FILTER(?year <= "1970"^^<http://www.w3.org/2001/XMLSchema#gYear>)
}

2026-09-28 20:59:36.795 - INFO: Requested media types of the result are: "text/turtle"
2026-09-28 20:59:36.797 - INFO: Query planning done in 1 ms
2026-09-28 20:59:36.823 - INFO: Result has unknown size (not computed yet)
2026-09-28 20:59:37.478 - INFO: Done processing query and sending result, total time was 682 ms
2026-09-28 20:59:37.497 - INFO: 
2026-09-28 20:59:37.497 - INFO: Request received via GET, no content type specified
2026-09-28 20:59:37.497 - INFO: Processing command "clear-cache": clear the cache (unpinned elements only)
2026-09-28 20:59:37.515 - INFO: 
2026-09-28 20:59:37.515 - INFO: Request received via POST, content type "application/x-www-form-urlencoded"
2026-09-28 20:59:37.515 - INFO: Processing the following SPARQL query:
# Tier H — size-sweep
# Goal: isolate export cost from query-planning cost. Raise the year bound
# across runs, for example 1970, 1990, 2010, and 2023.
PREFIX dblp: <https://dblp.org/rdf/schema#>

CONSTRUCT { ?s ?p ?o }
WHERE {
  ?s a dblp:Publication ;
     dblp:yearOfPublication ?year ;
     ?p ?o .
  FILTER(?year <= "1970"^^<http://www.w3.org/2001/XMLSchema#gYear>)
}

2026-09-28 20:59:37.515 - INFO: Requested media types of the result are: "text/turtle"
2026-09-28 20:59:37.516 - INFO: Query planning done in 1 ms
2026-09-28 20:59:37.539 - INFO: Result has unknown size (not computed yet)
2026-09-28 20:59:38.121 - INFO: Done processing query and sending result, total time was 606 ms
2026-09-28 20:59:38.140 - INFO: 
2026-09-28 20:59:38.140 - INFO: Request received via GET, no content type specified
2026-09-28 20:59:38.140 - INFO: Processing command "clear-cache": clear the cache (unpinned elements only)
2026-09-28 20:59:38.158 - INFO: 
2026-09-28 20:59:38.158 - INFO: Request received via POST, content type "application/x-www-form-urlencoded"
2026-09-28 20:59:38.159 - INFO: Processing the following SPARQL query:
# Tier H — size-sweep
# Goal: isolate export cost from query-planning cost. Raise the year bound
# across runs, for example 1970, 1990, 2010, and 2023.
PREFIX dblp: <https://dblp.org/rdf/schema#>

CONSTRUCT { ?s ?p ?o }
WHERE {
  ?s a dblp:Publication ;
     dblp:yearOfPublication ?year ;
     ?p ?o .
  FILTER(?year <= "1970"^^<http://www.w3.org/2001/XMLSchema#gYear>)
}

2026-09-28 20:59:38.159 - INFO: Requested media types of the result are: "text/turtle"
2026-09-28 20:59:38.160 - INFO: Query planning done in 1 ms
2026-09-28 20:59:38.186 - INFO: Result has unknown size (not computed yet)
2026-09-28 20:59:38.803 - INFO: Done processing query and sending result, total time was 644 ms
2026-09-28 20:59:38.822 - INFO: 
2026-09-28 20:59:38.822 - INFO: Request received via GET, no content type specified
2026-09-28 20:59:38.822 - INFO: Processing command "clear-cache": clear the cache (unpinned elements only)
2026-09-28 20:59:38.840 - INFO: 
2026-09-28 20:59:38.840 - INFO: Request received via POST, content type "application/x-www-form-urlencoded"
2026-09-28 20:59:38.840 - INFO: Processing the following SPARQL query:
# Tier H — size-sweep
# Goal: isolate export cost from query-planning cost. Raise the year bound
# across runs, for example 1970, 1990, 2010, and 2023.
PREFIX dblp: <https://dblp.org/rdf/schema#>

CONSTRUCT { ?s ?p ?o }
WHERE {
  ?s a dblp:Publication ;
     dblp:yearOfPublication ?year ;
     ?p ?o .
  FILTER(?year <= "1970"^^<http://www.w3.org/2001/XMLSchema#gYear>)
}

2026-09-28 20:59:38.840 - INFO: Requested media types of the result are: "text/turtle"
2026-09-28 20:59:38.841 - INFO: Query planning done in 1 ms
2026-09-28 20:59:38.864 - INFO: Result has unknown size (not computed yet)
2026-09-28 20:59:39.524 - INFO: Done processing query and sending result, total time was 684 ms
2026-09-28 20:59:39.543 - INFO: 
2026-09-28 20:59:39.543 - INFO: Request received via GET, no content type specified
2026-09-28 20:59:39.543 - INFO: Processing command "clear-cache": clear the cache (unpinned elements only)
2026-09-28 20:59:39.569 - INFO: 
2026-09-28 20:59:39.569 - INFO: Request received via POST, content type "application/x-www-form-urlencoded"
2026-09-28 20:59:39.569 - INFO: Processing the following SPARQL query:
# Tier H — size-sweep
# Goal: isolate export cost from query-planning cost. Raise the year bound
# across runs, for example 1970, 1990, 2010, and 2023.
PREFIX dblp: <https://dblp.org/rdf/schema#>

CONSTRUCT { ?s ?p ?o }
WHERE {
  ?s a dblp:Publication ;
     dblp:yearOfPublication ?year ;
     ?p ?o .
  FILTER(?year <= "1970"^^<http://www.w3.org/2001/XMLSchema#gYear>)
}

2026-09-28 20:59:39.569 - INFO: Requested media types of the result are: "text/turtle"
2026-09-28 20:59:39.571 - INFO: Query planning done in 1 ms
2026-09-28 20:59:39.594 - INFO: Result has unknown size (not computed yet)
2026-09-28 20:59:40.244 - INFO: Done processing query and sending result, total time was 675 ms
2026-09-28 20:59:58.503 - INFO: 
2026-09-28 20:59:58.503 - INFO: Request received via GET, no content type specified
2026-09-28 20:59:58.503 - INFO: Processing command "clear-cache": clear the cache (unpinned elements only)
2026-09-28 20:59:58.521 - INFO: 
2026-09-28 20:59:58.521 - INFO: Request received via POST, content type "application/x-www-form-urlencoded"
2026-09-28 20:59:58.521 - INFO: Processing the following SPARQL query:
# Tier H — size-sweep
# Goal: isolate export cost from query-planning cost. Raise the year bound
# across runs, for example 1970, 1990, 2010, and 2023.
PREFIX dblp: <https://dblp.org/rdf/schema#>

CONSTRUCT { ?s ?p ?o }
WHERE {
  ?s a dblp:Publication ;
     dblp:yearOfPublication ?year ;
     ?p ?o .
  FILTER(?year <= "1970"^^<http://www.w3.org/2001/XMLSchema#gYear>)
}

2026-09-28 20:59:58.521 - INFO: Requested media types of the result are: "text/turtle"
2026-09-28 20:59:58.522 - INFO: Query planning done in 1 ms
2026-09-28 20:59:58.545 - INFO: Result has unknown size (not computed yet)
2026-09-28 20:59:59.210 - INFO: Done processing query and sending result, total time was 688 ms
2026-09-28 20:59:59.229 - INFO: 
2026-09-28 20:59:59.229 - INFO: Request received via GET, no content type specified
2026-09-28 20:59:59.229 - INFO: Processing command "clear-cache": clear the cache (unpinned elements only)
2026-09-28 20:59:59.246 - INFO: 
2026-09-28 20:59:59.246 - INFO: Request received via POST, content type "application/x-www-form-urlencoded"
2026-09-28 20:59:59.247 - INFO: Processing the following SPARQL query:
# Tier H — size-sweep
# Goal: isolate export cost from query-planning cost. Raise the year bound
# across runs, for example 1970, 1990, 2010, and 2023.
PREFIX dblp: <https://dblp.org/rdf/schema#>

CONSTRUCT { ?s ?p ?o }
WHERE {
  ?s a dblp:Publication ;
     dblp:yearOfPublication ?year ;
     ?p ?o .
  FILTER(?year <= "1970"^^<http://www.w3.org/2001/XMLSchema#gYear>)
}

2026-09-28 20:59:59.247 - INFO: Requested media types of the result are: "text/turtle"
2026-09-28 20:59:59.248 - INFO: Query planning done in 1 ms
2026-09-28 20:59:59.271 - INFO: Result has unknown size (not computed yet)
2026-09-28 20:59:59.932 - INFO: Done processing query and sending result, total time was 685 ms
2026-09-28 20:59:59.951 - INFO: 
2026-09-28 20:59:59.951 - INFO: Request received via GET, no content type specified
2026-09-28 20:59:59.951 - INFO: Processing command "clear-cache": clear the cache (unpinned elements only)
2026-09-28 20:59:59.969 - INFO: 
2026-09-28 20:59:59.969 - INFO: Request received via POST, content type "application/x-www-form-urlencoded"
2026-09-28 20:59:59.969 - INFO: Processing the following SPARQL query:
# Tier H — size-sweep
# Goal: isolate export cost from query-planning cost. Raise the year bound
# across runs, for example 1970, 1990, 2010, and 2023.
PREFIX dblp: <https://dblp.org/rdf/schema#>

CONSTRUCT { ?s ?p ?o }
WHERE {
  ?s a dblp:Publication ;
     dblp:yearOfPublication ?year ;
     ?p ?o .
  FILTER(?year <= "1970"^^<http://www.w3.org/2001/XMLSchema#gYear>)
}

2026-09-28 20:59:59.969 - INFO: Requested media types of the result are: "text/turtle"
2026-09-28 20:59:59.970 - INFO: Query planning done in 1 ms
2026-09-28 20:59:59.988 - INFO: Result has unknown size (not computed yet)
2026-09-28 21:00:00.571 - INFO: Done processing query and sending result, total time was 601 ms
2026-09-28 21:00:00.590 - INFO: 
2026-09-28 21:00:00.590 - INFO: Request received via GET, no content type specified
2026-09-28 21:00:00.590 - INFO: Processing command "clear-cache": clear the cache (unpinned elements only)
2026-09-28 21:00:00.608 - INFO: 
2026-09-28 21:00:00.608 - INFO: Request received via POST, content type "application/x-www-form-urlencoded"
2026-09-28 21:00:00.608 - INFO: Processing the following SPARQL query:
# Tier H — size-sweep
# Goal: isolate export cost from query-planning cost. Raise the year bound
# across runs, for example 1970, 1990, 2010, and 2023.
PREFIX dblp: <https://dblp.org/rdf/schema#>

CONSTRUCT { ?s ?p ?o }
WHERE {
  ?s a dblp:Publication ;
     dblp:yearOfPublication ?year ;
     ?p ?o .
  FILTER(?year <= "1970"^^<http://www.w3.org/2001/XMLSchema#gYear>)
}

2026-09-28 21:00:00.608 - INFO: Requested media types of the result are: "text/turtle"
2026-09-28 21:00:00.609 - INFO: Query planning done in 1 ms
2026-09-28 21:00:00.628 - INFO: Result has unknown size (not computed yet)
2026-09-28 21:00:01.227 - INFO: Done processing query and sending result, total time was 619 ms
2026-09-28 21:00:01.246 - INFO: 
2026-09-28 21:00:01.246 - INFO: Request received via GET, no content type specified
2026-09-28 21:00:01.246 - INFO: Processing command "clear-cache": clear the cache (unpinned elements only)
2026-09-28 21:00:01.264 - INFO: 
2026-09-28 21:00:01.264 - INFO: Request received via POST, content type "application/x-www-form-urlencoded"
2026-09-28 21:00:01.265 - INFO: Processing the following SPARQL query:
# Tier H — size-sweep
# Goal: isolate export cost from query-planning cost. Raise the year bound
# across runs, for example 1970, 1990, 2010, and 2023.
PREFIX dblp: <https://dblp.org/rdf/schema#>

CONSTRUCT { ?s ?p ?o }
WHERE {
  ?s a dblp:Publication ;
     dblp:yearOfPublication ?year ;
     ?p ?o .
  FILTER(?year <= "1970"^^<http://www.w3.org/2001/XMLSchema#gYear>)
}

2026-09-28 21:00:01.265 - INFO: Requested media types of the result are: "text/turtle"
2026-09-28 21:00:01.266 - INFO: Query planning done in 1 ms
2026-09-28 21:00:01.284 - INFO: Result has unknown size (not computed yet)
2026-09-28 21:00:01.864 - INFO: Done processing query and sending result, total time was 599 ms
2026-09-28 21:00:01.883 - INFO: 
2026-09-28 21:00:01.883 - INFO: Request received via GET, no content type specified
2026-09-28 21:00:01.883 - INFO: Processing command "clear-cache": clear the cache (unpinned elements only)
2026-09-28 21:00:01.901 - INFO: 
2026-09-28 21:00:01.901 - INFO: Request received via POST, content type "application/x-www-form-urlencoded"
2026-09-28 21:00:01.901 - INFO: Processing the following SPARQL query:
# Tier H — size-sweep
# Goal: isolate export cost from query-planning cost. Raise the year bound
# across runs, for example 1970, 1990, 2010, and 2023.
PREFIX dblp: <https://dblp.org/rdf/schema#>

CONSTRUCT { ?s ?p ?o }
WHERE {
  ?s a dblp:Publication ;
     dblp:yearOfPublication ?year ;
     ?p ?o .
  FILTER(?year <= "1970"^^<http://www.w3.org/2001/XMLSchema#gYear>)
}

2026-09-28 21:00:01.901 - INFO: Requested media types of the result are: "text/turtle"
2026-09-28 21:00:01.902 - INFO: Query planning done in 1 ms
2026-09-28 21:00:01.919 - INFO: Result has unknown size (not computed yet)
2026-09-28 21:00:02.504 - INFO: Done processing query and sending result, total time was 602 ms
2026-09-28 21:00:02.523 - INFO: 
2026-09-28 21:00:02.523 - INFO: Request received via GET, no content type specified
2026-09-28 21:00:02.523 - INFO: Processing command "clear-cache": clear the cache (unpinned elements only)
2026-09-28 21:00:02.541 - INFO: 
2026-09-28 21:00:02.541 - INFO: Request received via POST, content type "application/x-www-form-urlencoded"
2026-09-28 21:00:02.541 - INFO: Processing the following SPARQL query:
# Tier H — size-sweep
# Goal: isolate export cost from query-planning cost. Raise the year bound
# across runs, for example 1970, 1990, 2010, and 2023.
PREFIX dblp: <https://dblp.org/rdf/schema#>

CONSTRUCT { ?s ?p ?o }
WHERE {
  ?s a dblp:Publication ;
     dblp:yearOfPublication ?year ;
     ?p ?o .
  FILTER(?year <= "1970"^^<http://www.w3.org/2001/XMLSchema#gYear>)
}

2026-09-28 21:00:02.541 - INFO: Requested media types of the result are: "text/turtle"
2026-09-28 21:00:02.542 - INFO: Query planning done in 1 ms
2026-09-28 21:00:02.560 - INFO: Result has unknown size (not computed yet)
2026-09-28 21:00:03.145 - INFO: Done processing query and sending result, total time was 603 ms
2026-09-28 21:00:03.164 - INFO: 
2026-09-28 21:00:03.164 - INFO: Request received via GET, no content type specified
2026-09-28 21:00:03.164 - INFO: Processing command "clear-cache": clear the cache (unpinned elements only)
2026-09-28 21:00:03.182 - INFO: 
2026-09-28 21:00:03.182 - INFO: Request received via POST, content type "application/x-www-form-urlencoded"
2026-09-28 21:00:03.182 - INFO: Processing the following SPARQL query:
# Tier H — size-sweep
# Goal: isolate export cost from query-planning cost. Raise the year bound
# across runs, for example 1970, 1990, 2010, and 2023.
PREFIX dblp: <https://dblp.org/rdf/schema#>

CONSTRUCT { ?s ?p ?o }
WHERE {
  ?s a dblp:Publication ;
     dblp:yearOfPublication ?year ;
     ?p ?o .
  FILTER(?year <= "1970"^^<http://www.w3.org/2001/XMLSchema#gYear>)
}

2026-09-28 21:00:03.182 - INFO: Requested media types of the result are: "text/turtle"
2026-09-28 21:00:03.183 - INFO: Query planning done in 1 ms
2026-09-28 21:00:03.202 - INFO: Result has unknown size (not computed yet)
2026-09-28 21:00:03.847 - INFO: Done processing query and sending result, total time was 665 ms
2026-09-28 21:00:03.866 - INFO: 
2026-09-28 21:00:03.866 - INFO: Request received via GET, no content type specified
2026-09-28 21:00:03.866 - INFO: Processing command "clear-cache": clear the cache (unpinned elements only)
2026-09-28 21:00:03.884 - INFO: 
2026-09-28 21:00:03.884 - INFO: Request received via POST, content type "application/x-www-form-urlencoded"
2026-09-28 21:00:03.884 - INFO: Processing the following SPARQL query:
# Tier H — size-sweep
# Goal: isolate export cost from query-planning cost. Raise the year bound
# across runs, for example 1970, 1990, 2010, and 2023.
PREFIX dblp: <https://dblp.org/rdf/schema#>

CONSTRUCT { ?s ?p ?o }
WHERE {
  ?s a dblp:Publication ;
     dblp:yearOfPublication ?year ;
     ?p ?o .
  FILTER(?year <= "1970"^^<http://www.w3.org/2001/XMLSchema#gYear>)
}

2026-09-28 21:00:03.884 - INFO: Requested media types of the result are: "text/turtle"
2026-09-28 21:00:03.885 - INFO: Query planning done in 1 ms
2026-09-28 21:00:03.907 - INFO: Result has unknown size (not computed yet)
2026-09-28 21:00:04.563 - INFO: Done processing query and sending result, total time was 679 ms
2026-09-28 21:00:04.582 - INFO: 
2026-09-28 21:00:04.582 - INFO: Request received via GET, no content type specified
2026-09-28 21:00:04.582 - INFO: Processing command "clear-cache": clear the cache (unpinned elements only)
2026-09-28 21:00:04.600 - INFO: 
2026-09-28 21:00:04.600 - INFO: Request received via POST, content type "application/x-www-form-urlencoded"
2026-09-28 21:00:04.600 - INFO: Processing the following SPARQL query:
# Tier H — size-sweep
# Goal: isolate export cost from query-planning cost. Raise the year bound
# across runs, for example 1970, 1990, 2010, and 2023.
PREFIX dblp: <https://dblp.org/rdf/schema#>

CONSTRUCT { ?s ?p ?o }
WHERE {
  ?s a dblp:Publication ;
     dblp:yearOfPublication ?year ;
     ?p ?o .
  FILTER(?year <= "1970"^^<http://www.w3.org/2001/XMLSchema#gYear>)
}

2026-09-28 21:00:04.600 - INFO: Requested media types of the result are: "text/turtle"
2026-09-28 21:00:04.601 - INFO: Query planning done in 1 ms
2026-09-28 21:00:04.619 - INFO: Result has unknown size (not computed yet)
2026-09-28 21:00:05.212 - INFO: Done processing query and sending result, total time was 612 ms
2026-09-28 21:00:05.231 - INFO: 
2026-09-28 21:00:05.231 - INFO: Request received via GET, no content type specified
2026-09-28 21:00:05.231 - INFO: Processing command "clear-cache": clear the cache (unpinned elements only)
2026-09-28 21:00:05.249 - INFO: 
2026-09-28 21:00:05.249 - INFO: Request received via POST, content type "application/x-www-form-urlencoded"
2026-09-28 21:00:05.249 - INFO: Processing the following SPARQL query:
# Tier H — size-sweep
# Goal: isolate export cost from query-planning cost. Raise the year bound
# across runs, for example 1970, 1990, 2010, and 2023.
PREFIX dblp: <https://dblp.org/rdf/schema#>

CONSTRUCT { ?s ?p ?o }
WHERE {
  ?s a dblp:Publication ;
     dblp:yearOfPublication ?year ;
     ?p ?o .
  FILTER(?year <= "1970"^^<http://www.w3.org/2001/XMLSchema#gYear>)
}

2026-09-28 21:00:05.249 - INFO: Requested media types of the result are: "text/turtle"
2026-09-28 21:00:05.251 - INFO: Query planning done in 1 ms
2026-09-28 21:00:05.274 - INFO: Result has unknown size (not computed yet)
2026-09-28 21:00:05.947 - INFO: Done processing query and sending result, total time was 698 ms
2026-09-28 21:00:05.969 - INFO: 
2026-09-28 21:00:05.969 - INFO: Request received via GET, no content type specified
2026-09-28 21:00:05.969 - INFO: Processing command "clear-cache": clear the cache (unpinned elements only)
2026-09-28 21:00:05.988 - INFO: 
2026-09-28 21:00:05.988 - INFO: Request received via POST, content type "application/x-www-form-urlencoded"
2026-09-28 21:00:05.988 - INFO: Processing the following SPARQL query:
# Tier H — size-sweep
# Goal: isolate export cost from query-planning cost. Raise the year bound
# across runs, for example 1970, 1990, 2010, and 2023.
PREFIX dblp: <https://dblp.org/rdf/schema#>

CONSTRUCT { ?s ?p ?o }
WHERE {
  ?s a dblp:Publication ;
     dblp:yearOfPublication ?year ;
     ?p ?o .
  FILTER(?year <= "1970"^^<http://www.w3.org/2001/XMLSchema#gYear>)
}

2026-09-28 21:00:05.988 - INFO: Requested media types of the result are: "text/turtle"
2026-09-28 21:00:05.989 - INFO: Query planning done in 1 ms
2026-09-28 21:00:06.007 - INFO: Result has unknown size (not computed yet)
2026-09-28 21:00:06.592 - INFO: Done processing query and sending result, total time was 604 ms
2026-09-28 21:00:06.611 - INFO: 
2026-09-28 21:00:06.611 - INFO: Request received via GET, no content type specified
2026-09-28 21:00:06.611 - INFO: Processing command "clear-cache": clear the cache (unpinned elements only)
2026-09-28 21:00:06.636 - INFO: 
2026-09-28 21:00:06.636 - INFO: Request received via POST, content type "application/x-www-form-urlencoded"
2026-09-28 21:00:06.637 - INFO: Processing the following SPARQL query:
# Tier H — size-sweep
# Goal: isolate export cost from query-planning cost. Raise the year bound
# across runs, for example 1970, 1990, 2010, and 2023.
PREFIX dblp: <https://dblp.org/rdf/schema#>

CONSTRUCT { ?s ?p ?o }
WHERE {
  ?s a dblp:Publication ;
     dblp:yearOfPublication ?year ;
     ?p ?o .
  FILTER(?year <= "1970"^^<http://www.w3.org/2001/XMLSchema#gYear>)
}

2026-09-28 21:00:06.637 - INFO: Requested media types of the result are: "text/turtle"
2026-09-28 21:00:06.638 - INFO: Query planning done in 1 ms
2026-09-28 21:00:06.657 - INFO: Result has unknown size (not computed yet)
2026-09-28 21:00:07.316 - INFO: Done processing query and sending result, total time was 679 ms
2026-09-28 21:01:00.815 - INFO: 
2026-09-28 21:01:00.815 - INFO: Request received via GET, no content type specified
2026-09-28 21:01:00.815 - INFO: Processing command "clear-cache": clear the cache (unpinned elements only)
2026-09-28 21:01:00.833 - INFO: 
2026-09-28 21:01:00.833 - INFO: Request received via POST, content type "application/x-www-form-urlencoded"
2026-09-28 21:01:00.833 - INFO: Processing the following SPARQL query:
# Tier H — size-sweep
# Goal: isolate export cost from query-planning cost. Raise the year bound
# across runs, for example 1970, 1990, 2010, and 2023.
PREFIX dblp: <https://dblp.org/rdf/schema#>

CONSTRUCT { ?s ?p ?o }
WHERE {
  ?s a dblp:Publication ;
     dblp:yearOfPublication ?year ;
     ?p ?o .
  FILTER(?year <= "1970"^^<http://www.w3.org/2001/XMLSchema#gYear>)
}

2026-09-28 21:01:00.833 - INFO: Requested media types of the result are: "text/turtle"
2026-09-28 21:01:00.834 - INFO: Query planning done in 1 ms
2026-09-28 21:01:00.852 - INFO: Result has unknown size (not computed yet)
2026-09-28 21:01:01.441 - INFO: Done processing query and sending result, total time was 607 ms
2026-09-28 21:01:01.460 - INFO: 
2026-09-28 21:01:01.460 - INFO: Request received via GET, no content type specified
2026-09-28 21:01:01.460 - INFO: Processing command "clear-cache": clear the cache (unpinned elements only)
2026-09-28 21:01:01.478 - INFO: 
2026-09-28 21:01:01.478 - INFO: Request received via POST, content type "application/x-www-form-urlencoded"
2026-09-28 21:01:01.478 - INFO: Processing the following SPARQL query:
# Tier H — size-sweep
# Goal: isolate export cost from query-planning cost. Raise the year bound
# across runs, for example 1970, 1990, 2010, and 2023.
PREFIX dblp: <https://dblp.org/rdf/schema#>

CONSTRUCT { ?s ?p ?o }
WHERE {
  ?s a dblp:Publication ;
     dblp:yearOfPublication ?year ;
     ?p ?o .
  FILTER(?year <= "1970"^^<http://www.w3.org/2001/XMLSchema#gYear>)
}

2026-09-28 21:01:01.478 - INFO: Requested media types of the result are: "text/turtle"
2026-09-28 21:01:01.479 - INFO: Query planning done in 1 ms
2026-09-28 21:01:01.498 - INFO: Result has unknown size (not computed yet)
2026-09-28 21:01:02.082 - INFO: Done processing query and sending result, total time was 604 ms
2026-09-28 21:01:02.101 - INFO: 
2026-09-28 21:01:02.101 - INFO: Request received via GET, no content type specified
2026-09-28 21:01:02.101 - INFO: Processing command "clear-cache": clear the cache (unpinned elements only)
2026-09-28 21:01:02.119 - INFO: 
2026-09-28 21:01:02.119 - INFO: Request received via POST, content type "application/x-www-form-urlencoded"
2026-09-28 21:01:02.119 - INFO: Processing the following SPARQL query:
# Tier H — size-sweep
# Goal: isolate export cost from query-planning cost. Raise the year bound
# across runs, for example 1970, 1990, 2010, and 2023.
PREFIX dblp: <https://dblp.org/rdf/schema#>

CONSTRUCT { ?s ?p ?o }
WHERE {
  ?s a dblp:Publication ;
     dblp:yearOfPublication ?year ;
     ?p ?o .
  FILTER(?year <= "1970"^^<http://www.w3.org/2001/XMLSchema#gYear>)
}

2026-09-28 21:01:02.119 - INFO: Requested media types of the result are: "text/turtle"
2026-09-28 21:01:02.120 - INFO: Query planning done in 1 ms
2026-09-28 21:01:02.138 - INFO: Result has unknown size (not computed yet)
2026-09-28 21:01:02.720 - INFO: Done processing query and sending result, total time was 601 ms
2026-09-28 21:01:02.739 - INFO: 
2026-09-28 21:01:02.739 - INFO: Request received via GET, no content type specified
2026-09-28 21:01:02.739 - INFO: Processing command "clear-cache": clear the cache (unpinned elements only)
2026-09-28 21:01:02.757 - INFO: 
2026-09-28 21:01:02.757 - INFO: Request received via POST, content type "application/x-www-form-urlencoded"
2026-09-28 21:01:02.757 - INFO: Processing the following SPARQL query:
# Tier H — size-sweep
# Goal: isolate export cost from query-planning cost. Raise the year bound
# across runs, for example 1970, 1990, 2010, and 2023.
PREFIX dblp: <https://dblp.org/rdf/schema#>

CONSTRUCT { ?s ?p ?o }
WHERE {
  ?s a dblp:Publication ;
     dblp:yearOfPublication ?year ;
     ?p ?o .
  FILTER(?year <= "1970"^^<http://www.w3.org/2001/XMLSchema#gYear>)
}

2026-09-28 21:01:02.757 - INFO: Requested media types of the result are: "text/turtle"
2026-09-28 21:01:02.758 - INFO: Query planning done in 1 ms
2026-09-28 21:01:02.776 - INFO: Result has unknown size (not computed yet)
2026-09-28 21:01:03.378 - INFO: Done processing query and sending result, total time was 621 ms
2026-09-28 21:01:03.406 - INFO: 
2026-09-28 21:01:03.406 - INFO: Request received via GET, no content type specified
2026-09-28 21:01:03.406 - INFO: Processing command "clear-cache": clear the cache (unpinned elements only)
2026-09-28 21:01:03.436 - INFO: 
2026-09-28 21:01:03.436 - INFO: Request received via POST, content type "application/x-www-form-urlencoded"
2026-09-28 21:01:03.437 - INFO: Processing the following SPARQL query:
# Tier H — size-sweep
# Goal: isolate export cost from query-planning cost. Raise the year bound
# across runs, for example 1970, 1990, 2010, and 2023.
PREFIX dblp: <https://dblp.org/rdf/schema#>

CONSTRUCT { ?s ?p ?o }
WHERE {
  ?s a dblp:Publication ;
     dblp:yearOfPublication ?year ;
     ?p ?o .
  FILTER(?year <= "1970"^^<http://www.w3.org/2001/XMLSchema#gYear>)
}

2026-09-28 21:01:03.437 - INFO: Requested media types of the result are: "text/turtle"
2026-09-28 21:01:03.438 - INFO: Query planning done in 1 ms
2026-09-28 21:01:03.457 - INFO: Result has unknown size (not computed yet)
2026-09-28 21:01:04.042 - INFO: Done processing query and sending result, total time was 606 ms
2026-09-28 21:01:04.062 - INFO: 
2026-09-28 21:01:04.062 - INFO: Request received via GET, no content type specified
2026-09-28 21:01:04.062 - INFO: Processing command "clear-cache": clear the cache (unpinned elements only)
2026-09-28 21:01:04.080 - INFO: 
2026-09-28 21:01:04.080 - INFO: Request received via POST, content type "application/x-www-form-urlencoded"
2026-09-28 21:01:04.080 - INFO: Processing the following SPARQL query:
# Tier H — size-sweep
# Goal: isolate export cost from query-planning cost. Raise the year bound
# across runs, for example 1970, 1990, 2010, and 2023.
PREFIX dblp: <https://dblp.org/rdf/schema#>

CONSTRUCT { ?s ?p ?o }
WHERE {
  ?s a dblp:Publication ;
     dblp:yearOfPublication ?year ;
     ?p ?o .
  FILTER(?year <= "1970"^^<http://www.w3.org/2001/XMLSchema#gYear>)
}

2026-09-28 21:01:04.080 - INFO: Requested media types of the result are: "text/turtle"
2026-09-28 21:01:04.081 - INFO: Query planning done in 1 ms
2026-09-28 21:01:04.099 - INFO: Result has unknown size (not computed yet)
2026-09-28 21:01:04.688 - INFO: Done processing query and sending result, total time was 608 ms
2026-09-28 21:01:04.707 - INFO: 
2026-09-28 21:01:04.707 - INFO: Request received via GET, no content type specified
2026-09-28 21:01:04.707 - INFO: Processing command "clear-cache": clear the cache (unpinned elements only)
2026-09-28 21:01:04.725 - INFO: 
2026-09-28 21:01:04.725 - INFO: Request received via POST, content type "application/x-www-form-urlencoded"
2026-09-28 21:01:04.726 - INFO: Processing the following SPARQL query:
# Tier H — size-sweep
# Goal: isolate export cost from query-planning cost. Raise the year bound
# across runs, for example 1970, 1990, 2010, and 2023.
PREFIX dblp: <https://dblp.org/rdf/schema#>

CONSTRUCT { ?s ?p ?o }
WHERE {
  ?s a dblp:Publication ;
     dblp:yearOfPublication ?year ;
     ?p ?o .
  FILTER(?year <= "1970"^^<http://www.w3.org/2001/XMLSchema#gYear>)
}

2026-09-28 21:01:04.726 - INFO: Requested media types of the result are: "text/turtle"
2026-09-28 21:01:04.727 - INFO: Query planning done in 1 ms
2026-09-28 21:01:04.745 - INFO: Result has unknown size (not computed yet)
2026-09-28 21:01:05.360 - INFO: Done processing query and sending result, total time was 634 ms
2026-09-28 21:01:05.379 - INFO: 
2026-09-28 21:01:05.379 - INFO: Request received via GET, no content type specified
2026-09-28 21:01:05.379 - INFO: Processing command "clear-cache": clear the cache (unpinned elements only)
2026-09-28 21:01:05.397 - INFO: 
2026-09-28 21:01:05.397 - INFO: Request received via POST, content type "application/x-www-form-urlencoded"
2026-09-28 21:01:05.398 - INFO: Processing the following SPARQL query:
# Tier H — size-sweep
# Goal: isolate export cost from query-planning cost. Raise the year bound
# across runs, for example 1970, 1990, 2010, and 2023.
PREFIX dblp: <https://dblp.org/rdf/schema#>

CONSTRUCT { ?s ?p ?o }
WHERE {
  ?s a dblp:Publication ;
     dblp:yearOfPublication ?year ;
     ?p ?o .
  FILTER(?year <= "1970"^^<http://www.w3.org/2001/XMLSchema#gYear>)
}

2026-09-28 21:01:05.398 - INFO: Requested media types of the result are: "text/turtle"
2026-09-28 21:01:05.399 - INFO: Query planning done in 1 ms
2026-09-28 21:01:05.417 - INFO: Result has unknown size (not computed yet)
2026-09-28 21:01:06.002 - INFO: Done processing query and sending result, total time was 604 ms
2026-09-28 21:01:06.022 - INFO: 
2026-09-28 21:01:06.022 - INFO: Request received via GET, no content type specified
2026-09-28 21:01:06.022 - INFO: Processing command "clear-cache": clear the cache (unpinned elements only)
2026-09-28 21:01:06.040 - INFO: 
2026-09-28 21:01:06.040 - INFO: Request received via POST, content type "application/x-www-form-urlencoded"
2026-09-28 21:01:06.040 - INFO: Processing the following SPARQL query:
# Tier H — size-sweep
# Goal: isolate export cost from query-planning cost. Raise the year bound
# across runs, for example 1970, 1990, 2010, and 2023.
PREFIX dblp: <https://dblp.org/rdf/schema#>

CONSTRUCT { ?s ?p ?o }
WHERE {
  ?s a dblp:Publication ;
     dblp:yearOfPublication ?year ;
     ?p ?o .
  FILTER(?year <= "1970"^^<http://www.w3.org/2001/XMLSchema#gYear>)
}

2026-09-28 21:01:06.040 - INFO: Requested media types of the result are: "text/turtle"
2026-09-28 21:01:06.041 - INFO: Query planning done in 1 ms
2026-09-28 21:01:06.058 - INFO: Result has unknown size (not computed yet)
2026-09-28 21:01:06.641 - INFO: Done processing query and sending result, total time was 601 ms
2026-09-28 21:01:06.660 - INFO: 
2026-09-28 21:01:06.660 - INFO: Request received via GET, no content type specified
2026-09-28 21:01:06.660 - INFO: Processing command "clear-cache": clear the cache (unpinned elements only)
2026-09-28 21:01:06.678 - INFO: 
2026-09-28 21:01:06.678 - INFO: Request received via POST, content type "application/x-www-form-urlencoded"
2026-09-28 21:01:06.679 - INFO: Processing the following SPARQL query:
# Tier H — size-sweep
# Goal: isolate export cost from query-planning cost. Raise the year bound
# across runs, for example 1970, 1990, 2010, and 2023.
PREFIX dblp: <https://dblp.org/rdf/schema#>

CONSTRUCT { ?s ?p ?o }
WHERE {
  ?s a dblp:Publication ;
     dblp:yearOfPublication ?year ;
     ?p ?o .
  FILTER(?year <= "1970"^^<http://www.w3.org/2001/XMLSchema#gYear>)
}

2026-09-28 21:01:06.679 - INFO: Requested media types of the result are: "text/turtle"
2026-09-28 21:01:06.680 - INFO: Query planning done in 1 ms
2026-09-28 21:01:06.699 - INFO: Result has unknown size (not computed yet)
2026-09-28 21:01:07.279 - INFO: Done processing query and sending result, total time was 600 ms
2026-09-28 21:01:07.298 - INFO: 
2026-09-28 21:01:07.298 - INFO: Request received via GET, no content type specified
2026-09-28 21:01:07.298 - INFO: Processing command "clear-cache": clear the cache (unpinned elements only)
2026-09-28 21:01:07.316 - INFO: 
2026-09-28 21:01:07.316 - INFO: Request received via POST, content type "application/x-www-form-urlencoded"
2026-09-28 21:01:07.316 - INFO: Processing the following SPARQL query:
# Tier H — size-sweep
# Goal: isolate export cost from query-planning cost. Raise the year bound
# across runs, for example 1970, 1990, 2010, and 2023.
PREFIX dblp: <https://dblp.org/rdf/schema#>

CONSTRUCT { ?s ?p ?o }
WHERE {
  ?s a dblp:Publication ;
     dblp:yearOfPublication ?year ;
     ?p ?o .
  FILTER(?year <= "1970"^^<http://www.w3.org/2001/XMLSchema#gYear>)
}

2026-09-28 21:01:07.316 - INFO: Requested media types of the result are: "text/turtle"
2026-09-28 21:01:07.317 - INFO: Query planning done in 1 ms
2026-09-28 21:01:07.335 - INFO: Result has unknown size (not computed yet)
2026-09-28 21:01:07.920 - INFO: Done processing query and sending result, total time was 604 ms
2026-09-28 21:01:07.939 - INFO: 
2026-09-28 21:01:07.939 - INFO: Request received via GET, no content type specified
2026-09-28 21:01:07.939 - INFO: Processing command "clear-cache": clear the cache (unpinned elements only)
2026-09-28 21:01:07.957 - INFO: 
2026-09-28 21:01:07.957 - INFO: Request received via POST, content type "application/x-www-form-urlencoded"
2026-09-28 21:01:07.957 - INFO: Processing the following SPARQL query:
# Tier H — size-sweep
# Goal: isolate export cost from query-planning cost. Raise the year bound
# across runs, for example 1970, 1990, 2010, and 2023.
PREFIX dblp: <https://dblp.org/rdf/schema#>

CONSTRUCT { ?s ?p ?o }
WHERE {
  ?s a dblp:Publication ;
     dblp:yearOfPublication ?year ;
     ?p ?o .
  FILTER(?year <= "1970"^^<http://www.w3.org/2001/XMLSchema#gYear>)
}

2026-09-28 21:01:07.957 - INFO: Requested media types of the result are: "text/turtle"
2026-09-28 21:01:07.958 - INFO: Query planning done in 1 ms
2026-09-28 21:01:07.976 - INFO: Result has unknown size (not computed yet)
2026-09-28 21:01:08.556 - INFO: Done processing query and sending result, total time was 599 ms
2026-09-28 21:01:08.575 - INFO: 
2026-09-28 21:01:08.575 - INFO: Request received via GET, no content type specified
2026-09-28 21:01:08.575 - INFO: Processing command "clear-cache": clear the cache (unpinned elements only)
2026-09-28 21:01:08.601 - INFO: 
2026-09-28 21:01:08.601 - INFO: Request received via POST, content type "application/x-www-form-urlencoded"
2026-09-28 21:01:08.601 - INFO: Processing the following SPARQL query:
# Tier H — size-sweep
# Goal: isolate export cost from query-planning cost. Raise the year bound
# across runs, for example 1970, 1990, 2010, and 2023.
PREFIX dblp: <https://dblp.org/rdf/schema#>

CONSTRUCT { ?s ?p ?o }
WHERE {
  ?s a dblp:Publication ;
     dblp:yearOfPublication ?year ;
     ?p ?o .
  FILTER(?year <= "1970"^^<http://www.w3.org/2001/XMLSchema#gYear>)
}

2026-09-28 21:01:08.601 - INFO: Requested media types of the result are: "text/turtle"
2026-09-28 21:01:08.602 - INFO: Query planning done in 1 ms
2026-09-28 21:01:08.621 - INFO: Result has unknown size (not computed yet)
2026-09-28 21:01:09.203 - INFO: Done processing query and sending result, total time was 602 ms
2026-09-28 21:01:26.848 - INFO: 
2026-09-28 21:01:26.848 - INFO: Request received via GET, no content type specified
2026-09-28 21:01:26.848 - INFO: Processing command "clear-cache": clear the cache (unpinned elements only)
2026-09-28 21:01:26.866 - INFO: 
2026-09-28 21:01:26.866 - INFO: Request received via POST, content type "application/x-www-form-urlencoded"
2026-09-28 21:01:26.867 - INFO: Processing the following SPARQL query:
# Tier H — size-sweep
# Goal: isolate export cost from query-planning cost. Raise the year bound
# across runs, for example 1970, 1990, 2010, and 2023.
PREFIX dblp: <https://dblp.org/rdf/schema#>

CONSTRUCT { ?s ?p ?o }
WHERE {
  ?s a dblp:Publication ;
     dblp:yearOfPublication ?year ;
     ?p ?o .
  FILTER(?year <= "1970"^^<http://www.w3.org/2001/XMLSchema#gYear>)
}

2026-09-28 21:01:26.867 - INFO: Requested media types of the result are: "text/turtle"
2026-09-28 21:01:26.868 - INFO: Query planning done in 1 ms
2026-09-28 21:01:26.886 - INFO: Result has unknown size (not computed yet)
2026-09-28 21:01:27.554 - INFO: Done processing query and sending result, total time was 687 ms
2026-09-28 21:01:27.573 - INFO: 
2026-09-28 21:01:27.573 - INFO: Request received via GET, no content type specified
2026-09-28 21:01:27.573 - INFO: Processing command "clear-cache": clear the cache (unpinned elements only)
2026-09-28 21:01:27.591 - INFO: 
2026-09-28 21:01:27.591 - INFO: Request received via POST, content type "application/x-www-form-urlencoded"
2026-09-28 21:01:27.592 - INFO: Processing the following SPARQL query:
# Tier H — size-sweep
# Goal: isolate export cost from query-planning cost. Raise the year bound
# across runs, for example 1970, 1990, 2010, and 2023.
PREFIX dblp: <https://dblp.org/rdf/schema#>

CONSTRUCT { ?s ?p ?o }
WHERE {
  ?s a dblp:Publication ;
     dblp:yearOfPublication ?year ;
     ?p ?o .
  FILTER(?year <= "1970"^^<http://www.w3.org/2001/XMLSchema#gYear>)
}

2026-09-28 21:01:27.592 - INFO: Requested media types of the result are: "text/turtle"
2026-09-28 21:01:27.593 - INFO: Query planning done in 1 ms
2026-09-28 21:01:27.610 - INFO: Result has unknown size (not computed yet)
2026-09-28 21:01:28.196 - INFO: Done processing query and sending result, total time was 604 ms
2026-09-28 21:01:28.215 - INFO: 
2026-09-28 21:01:28.215 - INFO: Request received via GET, no content type specified
2026-09-28 21:01:28.215 - INFO: Processing command "clear-cache": clear the cache (unpinned elements only)
2026-09-28 21:01:28.233 - INFO: 
2026-09-28 21:01:28.233 - INFO: Request received via POST, content type "application/x-www-form-urlencoded"
2026-09-28 21:01:28.234 - INFO: Processing the following SPARQL query:
# Tier H — size-sweep
# Goal: isolate export cost from query-planning cost. Raise the year bound
# across runs, for example 1970, 1990, 2010, and 2023.
PREFIX dblp: <https://dblp.org/rdf/schema#>

CONSTRUCT { ?s ?p ?o }
WHERE {
  ?s a dblp:Publication ;
     dblp:yearOfPublication ?year ;
     ?p ?o .
  FILTER(?year <= "1970"^^<http://www.w3.org/2001/XMLSchema#gYear>)
}

2026-09-28 21:01:28.234 - INFO: Requested media types of the result are: "text/turtle"
2026-09-28 21:01:28.235 - INFO: Query planning done in 1 ms
2026-09-28 21:01:28.255 - INFO: Result has unknown size (not computed yet)
2026-09-28 21:01:28.842 - INFO: Done processing query and sending result, total time was 608 ms
2026-09-28 21:01:28.861 - INFO: 
2026-09-28 21:01:28.861 - INFO: Request received via GET, no content type specified
2026-09-28 21:01:28.861 - INFO: Processing command "clear-cache": clear the cache (unpinned elements only)
2026-09-28 21:01:28.879 - INFO: 
2026-09-28 21:01:28.879 - INFO: Request received via POST, content type "application/x-www-form-urlencoded"
2026-09-28 21:01:28.879 - INFO: Processing the following SPARQL query:
# Tier H — size-sweep
# Goal: isolate export cost from query-planning cost. Raise the year bound
# across runs, for example 1970, 1990, 2010, and 2023.
PREFIX dblp: <https://dblp.org/rdf/schema#>

CONSTRUCT { ?s ?p ?o }
WHERE {
  ?s a dblp:Publication ;
     dblp:yearOfPublication ?year ;
     ?p ?o .
  FILTER(?year <= "1970"^^<http://www.w3.org/2001/XMLSchema#gYear>)
}

2026-09-28 21:01:28.879 - INFO: Requested media types of the result are: "text/turtle"
2026-09-28 21:01:28.880 - INFO: Query planning done in 1 ms
2026-09-28 21:01:28.898 - INFO: Result has unknown size (not computed yet)
2026-09-28 21:01:29.481 - INFO: Done processing query and sending result, total time was 602 ms
2026-09-28 21:01:29.500 - INFO: 
2026-09-28 21:01:29.500 - INFO: Request received via GET, no content type specified
2026-09-28 21:01:29.500 - INFO: Processing command "clear-cache": clear the cache (unpinned elements only)
2026-09-28 21:01:29.518 - INFO: 
2026-09-28 21:01:29.518 - INFO: Request received via POST, content type "application/x-www-form-urlencoded"
2026-09-28 21:01:29.519 - INFO: Processing the following SPARQL query:
# Tier H — size-sweep
# Goal: isolate export cost from query-planning cost. Raise the year bound
# across runs, for example 1970, 1990, 2010, and 2023.
PREFIX dblp: <https://dblp.org/rdf/schema#>

CONSTRUCT { ?s ?p ?o }
WHERE {
  ?s a dblp:Publication ;
     dblp:yearOfPublication ?year ;
     ?p ?o .
  FILTER(?year <= "1970"^^<http://www.w3.org/2001/XMLSchema#gYear>)
}

2026-09-28 21:01:29.519 - INFO: Requested media types of the result are: "text/turtle"
2026-09-28 21:01:29.520 - INFO: Query planning done in 1 ms
2026-09-28 21:01:29.538 - INFO: Result has unknown size (not computed yet)
2026-09-28 21:01:30.123 - INFO: Done processing query and sending result, total time was 604 ms
2026-09-28 21:01:30.142 - INFO: 
2026-09-28 21:01:30.142 - INFO: Request received via GET, no content type specified
2026-09-28 21:01:30.142 - INFO: Processing command "clear-cache": clear the cache (unpinned elements only)
2026-09-28 21:01:30.175 - INFO: 
2026-09-28 21:01:30.175 - INFO: Request received via POST, content type "application/x-www-form-urlencoded"
2026-09-28 21:01:30.175 - INFO: Processing the following SPARQL query:
# Tier H — size-sweep
# Goal: isolate export cost from query-planning cost. Raise the year bound
# across runs, for example 1970, 1990, 2010, and 2023.
PREFIX dblp: <https://dblp.org/rdf/schema#>

CONSTRUCT { ?s ?p ?o }
WHERE {
  ?s a dblp:Publication ;
     dblp:yearOfPublication ?year ;
     ?p ?o .
  FILTER(?year <= "1970"^^<http://www.w3.org/2001/XMLSchema#gYear>)
}

2026-09-28 21:01:30.175 - INFO: Requested media types of the result are: "text/turtle"
2026-09-28 21:01:30.176 - INFO: Query planning done in 1 ms
2026-09-28 21:01:30.194 - INFO: Result has unknown size (not computed yet)
2026-09-28 21:01:30.781 - INFO: Done processing query and sending result, total time was 605 ms
2026-09-28 21:01:30.800 - INFO: 
2026-09-28 21:01:30.800 - INFO: Request received via GET, no content type specified
2026-09-28 21:01:30.800 - INFO: Processing command "clear-cache": clear the cache (unpinned elements only)
2026-09-28 21:01:30.818 - INFO: 
2026-09-28 21:01:30.818 - INFO: Request received via POST, content type "application/x-www-form-urlencoded"
2026-09-28 21:01:30.818 - INFO: Processing the following SPARQL query:
# Tier H — size-sweep
# Goal: isolate export cost from query-planning cost. Raise the year bound
# across runs, for example 1970, 1990, 2010, and 2023.
PREFIX dblp: <https://dblp.org/rdf/schema#>

CONSTRUCT { ?s ?p ?o }
WHERE {
  ?s a dblp:Publication ;
     dblp:yearOfPublication ?year ;
     ?p ?o .
  FILTER(?year <= "1970"^^<http://www.w3.org/2001/XMLSchema#gYear>)
}

2026-09-28 21:01:30.818 - INFO: Requested media types of the result are: "text/turtle"
2026-09-28 21:01:30.819 - INFO: Query planning done in 1 ms
2026-09-28 21:01:30.838 - INFO: Result has unknown size (not computed yet)
2026-09-28 21:01:31.424 - INFO: Done processing query and sending result, total time was 606 ms
2026-09-28 21:01:31.443 - INFO: 
2026-09-28 21:01:31.443 - INFO: Request received via GET, no content type specified
2026-09-28 21:01:31.443 - INFO: Processing command "clear-cache": clear the cache (unpinned elements only)
2026-09-28 21:01:31.461 - INFO: 
2026-09-28 21:01:31.461 - INFO: Request received via POST, content type "application/x-www-form-urlencoded"
2026-09-28 21:01:31.461 - INFO: Processing the following SPARQL query:
# Tier H — size-sweep
# Goal: isolate export cost from query-planning cost. Raise the year bound
# across runs, for example 1970, 1990, 2010, and 2023.
PREFIX dblp: <https://dblp.org/rdf/schema#>

CONSTRUCT { ?s ?p ?o }
WHERE {
  ?s a dblp:Publication ;
     dblp:yearOfPublication ?year ;
     ?p ?o .
  FILTER(?year <= "1970"^^<http://www.w3.org/2001/XMLSchema#gYear>)
}

2026-09-28 21:01:31.461 - INFO: Requested media types of the result are: "text/turtle"
2026-09-28 21:01:31.462 - INFO: Query planning done in 1 ms
2026-09-28 21:01:31.482 - INFO: Result has unknown size (not computed yet)
2026-09-28 21:01:32.073 - INFO: Done processing query and sending result, total time was 612 ms
2026-09-28 21:01:32.092 - INFO: 
2026-09-28 21:01:32.092 - INFO: Request received via GET, no content type specified
2026-09-28 21:01:32.092 - INFO: Processing command "clear-cache": clear the cache (unpinned elements only)
2026-09-28 21:01:32.110 - INFO: 
2026-09-28 21:01:32.110 - INFO: Request received via POST, content type "application/x-www-form-urlencoded"
2026-09-28 21:01:32.110 - INFO: Processing the following SPARQL query:
# Tier H — size-sweep
# Goal: isolate export cost from query-planning cost. Raise the year bound
# across runs, for example 1970, 1990, 2010, and 2023.
PREFIX dblp: <https://dblp.org/rdf/schema#>

CONSTRUCT { ?s ?p ?o }
WHERE {
  ?s a dblp:Publication ;
     dblp:yearOfPublication ?year ;
     ?p ?o .
  FILTER(?year <= "1970"^^<http://www.w3.org/2001/XMLSchema#gYear>)
}

2026-09-28 21:01:32.110 - INFO: Requested media types of the result are: "text/turtle"
2026-09-28 21:01:32.111 - INFO: Query planning done in 1 ms
2026-09-28 21:01:32.130 - INFO: Result has unknown size (not computed yet)
2026-09-28 21:01:32.715 - INFO: Done processing query and sending result, total time was 605 ms
2026-09-28 21:01:32.734 - INFO: 
2026-09-28 21:01:32.734 - INFO: Request received via GET, no content type specified
2026-09-28 21:01:32.734 - INFO: Processing command "clear-cache": clear the cache (unpinned elements only)
2026-09-28 21:01:32.752 - INFO: 
2026-09-28 21:01:32.752 - INFO: Request received via POST, content type "application/x-www-form-urlencoded"
2026-09-28 21:01:32.753 - INFO: Processing the following SPARQL query:
# Tier H — size-sweep
# Goal: isolate export cost from query-planning cost. Raise the year bound
# across runs, for example 1970, 1990, 2010, and 2023.
PREFIX dblp: <https://dblp.org/rdf/schema#>

CONSTRUCT { ?s ?p ?o }
WHERE {
  ?s a dblp:Publication ;
     dblp:yearOfPublication ?year ;
     ?p ?o .
  FILTER(?year <= "1970"^^<http://www.w3.org/2001/XMLSchema#gYear>)
}

2026-09-28 21:01:32.753 - INFO: Requested media types of the result are: "text/turtle"
2026-09-28 21:01:32.754 - INFO: Query planning done in 1 ms
2026-09-28 21:01:32.772 - INFO: Result has unknown size (not computed yet)
2026-09-28 21:01:33.353 - INFO: Done processing query and sending result, total time was 600 ms
2026-09-28 21:01:33.372 - INFO: 
2026-09-28 21:01:33.372 - INFO: Request received via GET, no content type specified
2026-09-28 21:01:33.372 - INFO: Processing command "clear-cache": clear the cache (unpinned elements only)
2026-09-28 21:01:33.390 - INFO: 
2026-09-28 21:01:33.390 - INFO: Request received via POST, content type "application/x-www-form-urlencoded"
2026-09-28 21:01:33.390 - INFO: Processing the following SPARQL query:
# Tier H — size-sweep
# Goal: isolate export cost from query-planning cost. Raise the year bound
# across runs, for example 1970, 1990, 2010, and 2023.
PREFIX dblp: <https://dblp.org/rdf/schema#>

CONSTRUCT { ?s ?p ?o }
WHERE {
  ?s a dblp:Publication ;
     dblp:yearOfPublication ?year ;
     ?p ?o .
  FILTER(?year <= "1970"^^<http://www.w3.org/2001/XMLSchema#gYear>)
}

2026-09-28 21:01:33.390 - INFO: Requested media types of the result are: "text/turtle"
2026-09-28 21:01:33.391 - INFO: Query planning done in 1 ms
2026-09-28 21:01:33.411 - INFO: Result has unknown size (not computed yet)
2026-09-28 21:01:34.015 - INFO: Done processing query and sending result, total time was 624 ms
2026-09-28 21:01:34.034 - INFO: 
2026-09-28 21:01:34.034 - INFO: Request received via GET, no content type specified
2026-09-28 21:01:34.034 - INFO: Processing command "clear-cache": clear the cache (unpinned elements only)
2026-09-28 21:01:34.052 - INFO: 
2026-09-28 21:01:34.052 - INFO: Request received via POST, content type "application/x-www-form-urlencoded"
2026-09-28 21:01:34.052 - INFO: Processing the following SPARQL query:
# Tier H — size-sweep
# Goal: isolate export cost from query-planning cost. Raise the year bound
# across runs, for example 1970, 1990, 2010, and 2023.
PREFIX dblp: <https://dblp.org/rdf/schema#>

CONSTRUCT { ?s ?p ?o }
WHERE {
  ?s a dblp:Publication ;
     dblp:yearOfPublication ?year ;
     ?p ?o .
  FILTER(?year <= "1970"^^<http://www.w3.org/2001/XMLSchema#gYear>)
}

2026-09-28 21:01:34.052 - INFO: Requested media types of the result are: "text/turtle"
2026-09-28 21:01:34.053 - INFO: Query planning done in 1 ms
2026-09-28 21:01:34.072 - INFO: Result has unknown size (not computed yet)
2026-09-28 21:01:34.740 - INFO: Done processing query and sending result, total time was 688 ms
2026-09-28 21:01:34.759 - INFO: 
2026-09-28 21:01:34.759 - INFO: Request received via GET, no content type specified
2026-09-28 21:01:34.759 - INFO: Processing command "clear-cache": clear the cache (unpinned elements only)
2026-09-28 21:01:34.785 - INFO: 
2026-09-28 21:01:34.785 - INFO: Request received via POST, content type "application/x-www-form-urlencoded"
2026-09-28 21:01:34.786 - INFO: Processing the following SPARQL query:
# Tier H — size-sweep
# Goal: isolate export cost from query-planning cost. Raise the year bound
# across runs, for example 1970, 1990, 2010, and 2023.
PREFIX dblp: <https://dblp.org/rdf/schema#>

CONSTRUCT { ?s ?p ?o }
WHERE {
  ?s a dblp:Publication ;
     dblp:yearOfPublication ?year ;
     ?p ?o .
  FILTER(?year <= "1970"^^<http://www.w3.org/2001/XMLSchema#gYear>)
}

2026-09-28 21:01:34.786 - INFO: Requested media types of the result are: "text/turtle"
2026-09-28 21:01:34.787 - INFO: Query planning done in 1 ms
2026-09-28 21:01:34.805 - INFO: Result has unknown size (not computed yet)
2026-09-28 21:01:35.469 - INFO: Done processing query and sending result, total time was 684 ms
2026-09-28 21:02:29.856 - INFO: 
2026-09-28 21:02:29.856 - INFO: Request received via GET, no content type specified
2026-09-28 21:02:29.856 - INFO: Processing command "clear-cache": clear the cache (unpinned elements only)
2026-09-28 21:02:29.874 - INFO: 
2026-09-28 21:02:29.874 - INFO: Request received via POST, content type "application/x-www-form-urlencoded"
2026-09-28 21:02:29.875 - INFO: Processing the following SPARQL query:
# Tier H — size-sweep
# Goal: isolate export cost from query-planning cost. Raise the year bound
# across runs, for example 1970, 1990, 2010, and 2023.
PREFIX dblp: <https://dblp.org/rdf/schema#>

CONSTRUCT { ?s ?p ?o }
WHERE {
  ?s a dblp:Publication ;
     dblp:yearOfPublication ?year ;
     ?p ?o .
  FILTER(?year <= "1970"^^<http://www.w3.org/2001/XMLSchema#gYear>)
}

2026-09-28 21:02:29.875 - INFO: Requested media types of the result are: "text/turtle"
2026-09-28 21:02:29.876 - INFO: Query planning done in 1 ms
2026-09-28 21:02:29.893 - INFO: Result has unknown size (not computed yet)
2026-09-28 21:02:30.484 - INFO: Done processing query and sending result, total time was 609 ms
2026-09-28 21:02:30.503 - INFO: 
2026-09-28 21:02:30.503 - INFO: Request received via GET, no content type specified
2026-09-28 21:02:30.503 - INFO: Processing command "clear-cache": clear the cache (unpinned elements only)
2026-09-28 21:02:30.521 - INFO: 
2026-09-28 21:02:30.521 - INFO: Request received via POST, content type "application/x-www-form-urlencoded"
2026-09-28 21:02:30.521 - INFO: Processing the following SPARQL query:
# Tier H — size-sweep
# Goal: isolate export cost from query-planning cost. Raise the year bound
# across runs, for example 1970, 1990, 2010, and 2023.
PREFIX dblp: <https://dblp.org/rdf/schema#>

CONSTRUCT { ?s ?p ?o }
WHERE {
  ?s a dblp:Publication ;
     dblp:yearOfPublication ?year ;
     ?p ?o .
  FILTER(?year <= "1970"^^<http://www.w3.org/2001/XMLSchema#gYear>)
}

2026-09-28 21:02:30.521 - INFO: Requested media types of the result are: "text/turtle"
2026-09-28 21:02:30.522 - INFO: Query planning done in 1 ms
2026-09-28 21:02:30.543 - INFO: Result has unknown size (not computed yet)
2026-09-28 21:02:31.129 - INFO: Done processing query and sending result, total time was 607 ms
2026-09-28 21:02:31.148 - INFO: 
2026-09-28 21:02:31.148 - INFO: Request received via GET, no content type specified
2026-09-28 21:02:31.148 - INFO: Processing command "clear-cache": clear the cache (unpinned elements only)
2026-09-28 21:02:31.165 - INFO: 
2026-09-28 21:02:31.165 - INFO: Request received via POST, content type "application/x-www-form-urlencoded"
2026-09-28 21:02:31.166 - INFO: Processing the following SPARQL query:
# Tier H — size-sweep
# Goal: isolate export cost from query-planning cost. Raise the year bound
# across runs, for example 1970, 1990, 2010, and 2023.
PREFIX dblp: <https://dblp.org/rdf/schema#>

CONSTRUCT { ?s ?p ?o }
WHERE {
  ?s a dblp:Publication ;
     dblp:yearOfPublication ?year ;
     ?p ?o .
  FILTER(?year <= "1970"^^<http://www.w3.org/2001/XMLSchema#gYear>)
}

2026-09-28 21:02:31.166 - INFO: Requested media types of the result are: "text/turtle"
2026-09-28 21:02:31.167 - INFO: Query planning done in 1 ms
2026-09-28 21:02:31.187 - INFO: Result has unknown size (not computed yet)
2026-09-28 21:02:31.773 - INFO: Done processing query and sending result, total time was 607 ms
2026-09-28 21:02:31.792 - INFO: 
2026-09-28 21:02:31.792 - INFO: Request received via GET, no content type specified
2026-09-28 21:02:31.792 - INFO: Processing command "clear-cache": clear the cache (unpinned elements only)
2026-09-28 21:02:31.810 - INFO: 
2026-09-28 21:02:31.810 - INFO: Request received via POST, content type "application/x-www-form-urlencoded"
2026-09-28 21:02:31.810 - INFO: Processing the following SPARQL query:
# Tier H — size-sweep
# Goal: isolate export cost from query-planning cost. Raise the year bound
# across runs, for example 1970, 1990, 2010, and 2023.
PREFIX dblp: <https://dblp.org/rdf/schema#>

CONSTRUCT { ?s ?p ?o }
WHERE {
  ?s a dblp:Publication ;
     dblp:yearOfPublication ?year ;
     ?p ?o .
  FILTER(?year <= "1970"^^<http://www.w3.org/2001/XMLSchema#gYear>)
}

2026-09-28 21:02:31.810 - INFO: Requested media types of the result are: "text/turtle"
2026-09-28 21:02:31.811 - INFO: Query planning done in 1 ms
2026-09-28 21:02:31.829 - INFO: Result has unknown size (not computed yet)
2026-09-28 21:02:32.412 - INFO: Done processing query and sending result, total time was 602 ms
2026-09-28 21:02:32.431 - INFO: 
2026-09-28 21:02:32.431 - INFO: Request received via GET, no content type specified
2026-09-28 21:02:32.431 - INFO: Processing command "clear-cache": clear the cache (unpinned elements only)
2026-09-28 21:02:32.449 - INFO: 
2026-09-28 21:02:32.449 - INFO: Request received via POST, content type "application/x-www-form-urlencoded"
2026-09-28 21:02:32.449 - INFO: Processing the following SPARQL query:
# Tier H — size-sweep
# Goal: isolate export cost from query-planning cost. Raise the year bound
# across runs, for example 1970, 1990, 2010, and 2023.
PREFIX dblp: <https://dblp.org/rdf/schema#>

CONSTRUCT { ?s ?p ?o }
WHERE {
  ?s a dblp:Publication ;
     dblp:yearOfPublication ?year ;
     ?p ?o .
  FILTER(?year <= "1970"^^<http://www.w3.org/2001/XMLSchema#gYear>)
}

2026-09-28 21:02:32.449 - INFO: Requested media types of the result are: "text/turtle"
2026-09-28 21:02:32.450 - INFO: Query planning done in 1 ms
2026-09-28 21:02:32.467 - INFO: Result has unknown size (not computed yet)
2026-09-28 21:02:33.053 - INFO: Done processing query and sending result, total time was 604 ms
2026-09-28 21:02:33.072 - INFO: 
2026-09-28 21:02:33.072 - INFO: Request received via GET, no content type specified
2026-09-28 21:02:33.072 - INFO: Processing command "clear-cache": clear the cache (unpinned elements only)
2026-09-28 21:02:33.090 - INFO: 
2026-09-28 21:02:33.090 - INFO: Request received via POST, content type "application/x-www-form-urlencoded"
2026-09-28 21:02:33.090 - INFO: Processing the following SPARQL query:
# Tier H — size-sweep
# Goal: isolate export cost from query-planning cost. Raise the year bound
# across runs, for example 1970, 1990, 2010, and 2023.
PREFIX dblp: <https://dblp.org/rdf/schema#>

CONSTRUCT { ?s ?p ?o }
WHERE {
  ?s a dblp:Publication ;
     dblp:yearOfPublication ?year ;
     ?p ?o .
  FILTER(?year <= "1970"^^<http://www.w3.org/2001/XMLSchema#gYear>)
}

2026-09-28 21:02:33.090 - INFO: Requested media types of the result are: "text/turtle"
2026-09-28 21:02:33.091 - INFO: Query planning done in 1 ms
2026-09-28 21:02:33.111 - INFO: Result has unknown size (not computed yet)
2026-09-28 21:02:33.694 - INFO: Done processing query and sending result, total time was 603 ms
2026-09-28 21:02:33.713 - INFO: 
2026-09-28 21:02:33.713 - INFO: Request received via GET, no content type specified
2026-09-28 21:02:33.713 - INFO: Processing command "clear-cache": clear the cache (unpinned elements only)
2026-09-28 21:02:33.731 - INFO: 
2026-09-28 21:02:33.731 - INFO: Request received via POST, content type "application/x-www-form-urlencoded"
2026-09-28 21:02:33.731 - INFO: Processing the following SPARQL query:
# Tier H — size-sweep
# Goal: isolate export cost from query-planning cost. Raise the year bound
# across runs, for example 1970, 1990, 2010, and 2023.
PREFIX dblp: <https://dblp.org/rdf/schema#>

CONSTRUCT { ?s ?p ?o }
WHERE {
  ?s a dblp:Publication ;
     dblp:yearOfPublication ?year ;
     ?p ?o .
  FILTER(?year <= "1970"^^<http://www.w3.org/2001/XMLSchema#gYear>)
}

2026-09-28 21:02:33.731 - INFO: Requested media types of the result are: "text/turtle"
2026-09-28 21:02:33.732 - INFO: Query planning done in 1 ms
2026-09-28 21:02:33.750 - INFO: Result has unknown size (not computed yet)
2026-09-28 21:02:34.333 - INFO: Done processing query and sending result, total time was 602 ms
2026-09-28 21:02:34.352 - INFO: 
2026-09-28 21:02:34.352 - INFO: Request received via GET, no content type specified
2026-09-28 21:02:34.352 - INFO: Processing command "clear-cache": clear the cache (unpinned elements only)
2026-09-28 21:02:34.370 - INFO: 
2026-09-28 21:02:34.370 - INFO: Request received via POST, content type "application/x-www-form-urlencoded"
2026-09-28 21:02:34.371 - INFO: Processing the following SPARQL query:
# Tier H — size-sweep
# Goal: isolate export cost from query-planning cost. Raise the year bound
# across runs, for example 1970, 1990, 2010, and 2023.
PREFIX dblp: <https://dblp.org/rdf/schema#>

CONSTRUCT { ?s ?p ?o }
WHERE {
  ?s a dblp:Publication ;
     dblp:yearOfPublication ?year ;
     ?p ?o .
  FILTER(?year <= "1970"^^<http://www.w3.org/2001/XMLSchema#gYear>)
}

2026-09-28 21:02:34.371 - INFO: Requested media types of the result are: "text/turtle"
2026-09-28 21:02:34.372 - INFO: Query planning done in 1 ms
2026-09-28 21:02:34.389 - INFO: Result has unknown size (not computed yet)
2026-09-28 21:02:34.970 - INFO: Done processing query and sending result, total time was 600 ms
2026-09-28 21:02:34.989 - INFO: 
2026-09-28 21:02:34.989 - INFO: Request received via GET, no content type specified
2026-09-28 21:02:34.989 - INFO: Processing command "clear-cache": clear the cache (unpinned elements only)
2026-09-28 21:02:35.007 - INFO: 
2026-09-28 21:02:35.007 - INFO: Request received via POST, content type "application/x-www-form-urlencoded"
2026-09-28 21:02:35.008 - INFO: Processing the following SPARQL query:
# Tier H — size-sweep
# Goal: isolate export cost from query-planning cost. Raise the year bound
# across runs, for example 1970, 1990, 2010, and 2023.
PREFIX dblp: <https://dblp.org/rdf/schema#>

CONSTRUCT { ?s ?p ?o }
WHERE {
  ?s a dblp:Publication ;
     dblp:yearOfPublication ?year ;
     ?p ?o .
  FILTER(?year <= "1970"^^<http://www.w3.org/2001/XMLSchema#gYear>)
}

2026-09-28 21:02:35.008 - INFO: Requested media types of the result are: "text/turtle"
2026-09-28 21:02:35.009 - INFO: Query planning done in 1 ms
2026-09-28 21:02:35.026 - INFO: Result has unknown size (not computed yet)
2026-09-28 21:02:35.610 - INFO: Done processing query and sending result, total time was 602 ms
2026-09-28 21:02:35.629 - INFO: 
2026-09-28 21:02:35.629 - INFO: Request received via GET, no content type specified
2026-09-28 21:02:35.629 - INFO: Processing command "clear-cache": clear the cache (unpinned elements only)
2026-09-28 21:02:35.647 - INFO: 
2026-09-28 21:02:35.647 - INFO: Request received via POST, content type "application/x-www-form-urlencoded"
2026-09-28 21:02:35.647 - INFO: Processing the following SPARQL query:
# Tier H — size-sweep
# Goal: isolate export cost from query-planning cost. Raise the year bound
# across runs, for example 1970, 1990, 2010, and 2023.
PREFIX dblp: <https://dblp.org/rdf/schema#>

CONSTRUCT { ?s ?p ?o }
WHERE {
  ?s a dblp:Publication ;
     dblp:yearOfPublication ?year ;
     ?p ?o .
  FILTER(?year <= "1970"^^<http://www.w3.org/2001/XMLSchema#gYear>)
}

2026-09-28 21:02:35.647 - INFO: Requested media types of the result are: "text/turtle"
2026-09-28 21:02:35.648 - INFO: Query planning done in 1 ms
2026-09-28 21:02:35.666 - INFO: Result has unknown size (not computed yet)
2026-09-28 21:02:36.254 - INFO: Done processing query and sending result, total time was 607 ms
2026-09-28 21:02:36.273 - INFO: 
2026-09-28 21:02:36.273 - INFO: Request received via GET, no content type specified
2026-09-28 21:02:36.273 - INFO: Processing command "clear-cache": clear the cache (unpinned elements only)
2026-09-28 21:02:36.291 - INFO: 
2026-09-28 21:02:36.291 - INFO: Request received via POST, content type "application/x-www-form-urlencoded"
2026-09-28 21:02:36.291 - INFO: Processing the following SPARQL query:
# Tier H — size-sweep
# Goal: isolate export cost from query-planning cost. Raise the year bound
# across runs, for example 1970, 1990, 2010, and 2023.
PREFIX dblp: <https://dblp.org/rdf/schema#>

CONSTRUCT { ?s ?p ?o }
WHERE {
  ?s a dblp:Publication ;
     dblp:yearOfPublication ?year ;
     ?p ?o .
  FILTER(?year <= "1970"^^<http://www.w3.org/2001/XMLSchema#gYear>)
}

2026-09-28 21:02:36.291 - INFO: Requested media types of the result are: "text/turtle"
2026-09-28 21:02:36.293 - INFO: Query planning done in 1 ms
2026-09-28 21:02:36.311 - INFO: Result has unknown size (not computed yet)
2026-09-28 21:02:36.895 - INFO: Done processing query and sending result, total time was 603 ms
2026-09-28 21:02:36.913 - INFO: 
2026-09-28 21:02:36.913 - INFO: Request received via GET, no content type specified
2026-09-28 21:02:36.913 - INFO: Processing command "clear-cache": clear the cache (unpinned elements only)
2026-09-28 21:02:36.931 - INFO: 
2026-09-28 21:02:36.931 - INFO: Request received via POST, content type "application/x-www-form-urlencoded"
2026-09-28 21:02:36.932 - INFO: Processing the following SPARQL query:
# Tier H — size-sweep
# Goal: isolate export cost from query-planning cost. Raise the year bound
# across runs, for example 1970, 1990, 2010, and 2023.
PREFIX dblp: <https://dblp.org/rdf/schema#>

CONSTRUCT { ?s ?p ?o }
WHERE {
  ?s a dblp:Publication ;
     dblp:yearOfPublication ?year ;
     ?p ?o .
  FILTER(?year <= "1970"^^<http://www.w3.org/2001/XMLSchema#gYear>)
}

2026-09-28 21:02:36.932 - INFO: Requested media types of the result are: "text/turtle"
2026-09-28 21:02:36.933 - INFO: Query planning done in 1 ms
2026-09-28 21:02:36.957 - INFO: Result has unknown size (not computed yet)
2026-09-28 21:02:37.627 - INFO: Done processing query and sending result, total time was 696 ms
2026-09-28 21:02:37.646 - INFO: 
2026-09-28 21:02:37.646 - INFO: Request received via GET, no content type specified
2026-09-28 21:02:37.646 - INFO: Processing command "clear-cache": clear the cache (unpinned elements only)
2026-09-28 21:02:37.672 - INFO: 
2026-09-28 21:02:37.672 - INFO: Request received via POST, content type "application/x-www-form-urlencoded"
2026-09-28 21:02:37.672 - INFO: Processing the following SPARQL query:
# Tier H — size-sweep
# Goal: isolate export cost from query-planning cost. Raise the year bound
# across runs, for example 1970, 1990, 2010, and 2023.
PREFIX dblp: <https://dblp.org/rdf/schema#>

CONSTRUCT { ?s ?p ?o }
WHERE {
  ?s a dblp:Publication ;
     dblp:yearOfPublication ?year ;
     ?p ?o .
  FILTER(?year <= "1970"^^<http://www.w3.org/2001/XMLSchema#gYear>)
}

2026-09-28 21:02:37.672 - INFO: Requested media types of the result are: "text/turtle"
2026-09-28 21:02:37.674 - INFO: Query planning done in 1 ms
2026-09-28 21:02:37.698 - INFO: Result has unknown size (not computed yet)
2026-09-28 21:02:38.359 - INFO: Done processing query and sending result, total time was 687 ms
2026-09-28 21:02:54.098 - INFO: 
2026-09-28 21:02:54.098 - INFO: Request received via GET, no content type specified
2026-09-28 21:02:54.098 - INFO: Processing command "clear-cache": clear the cache (unpinned elements only)
2026-09-28 21:02:54.134 - INFO: 
2026-09-28 21:02:54.134 - INFO: Request received via POST, content type "application/x-www-form-urlencoded"
2026-09-28 21:02:54.134 - INFO: Processing the following SPARQL query:
# Tier H — size-sweep
# Goal: isolate export cost from query-planning cost. Raise the year bound
# across runs, for example 1970, 1990, 2010, and 2023.
PREFIX dblp: <https://dblp.org/rdf/schema#>

CONSTRUCT { ?s ?p ?o }
WHERE {
  ?s a dblp:Publication ;
     dblp:yearOfPublication ?year ;
     ?p ?o .
  FILTER(?year <= "1970"^^<http://www.w3.org/2001/XMLSchema#gYear>)
}

2026-09-28 21:02:54.134 - INFO: Requested media types of the result are: "text/turtle"
2026-09-28 21:02:54.135 - INFO: Query planning done in 1 ms
2026-09-28 21:02:54.154 - INFO: Result has unknown size (not computed yet)
2026-09-28 21:02:54.758 - INFO: Done processing query and sending result, total time was 624 ms
2026-09-28 21:02:54.778 - INFO: 
2026-09-28 21:02:54.778 - INFO: Request received via GET, no content type specified
2026-09-28 21:02:54.778 - INFO: Processing command "clear-cache": clear the cache (unpinned elements only)
2026-09-28 21:02:54.796 - INFO: 
2026-09-28 21:02:54.796 - INFO: Request received via POST, content type "application/x-www-form-urlencoded"
2026-09-28 21:02:54.796 - INFO: Processing the following SPARQL query:
# Tier H — size-sweep
# Goal: isolate export cost from query-planning cost. Raise the year bound
# across runs, for example 1970, 1990, 2010, and 2023.
PREFIX dblp: <https://dblp.org/rdf/schema#>

CONSTRUCT { ?s ?p ?o }
WHERE {
  ?s a dblp:Publication ;
     dblp:yearOfPublication ?year ;
     ?p ?o .
  FILTER(?year <= "1970"^^<http://www.w3.org/2001/XMLSchema#gYear>)
}

2026-09-28 21:02:54.796 - INFO: Requested media types of the result are: "text/turtle"
2026-09-28 21:02:54.797 - INFO: Query planning done in 1 ms
2026-09-28 21:02:54.816 - INFO: Result has unknown size (not computed yet)
2026-09-28 21:02:55.401 - INFO: Done processing query and sending result, total time was 605 ms
2026-09-28 21:02:55.421 - INFO: 
2026-09-28 21:02:55.421 - INFO: Request received via GET, no content type specified
2026-09-28 21:02:55.421 - INFO: Processing command "clear-cache": clear the cache (unpinned elements only)
2026-09-28 21:02:55.439 - INFO: 
2026-09-28 21:02:55.439 - INFO: Request received via POST, content type "application/x-www-form-urlencoded"
2026-09-28 21:02:55.439 - INFO: Processing the following SPARQL query:
# Tier H — size-sweep
# Goal: isolate export cost from query-planning cost. Raise the year bound
# across runs, for example 1970, 1990, 2010, and 2023.
PREFIX dblp: <https://dblp.org/rdf/schema#>

CONSTRUCT { ?s ?p ?o }
WHERE {
  ?s a dblp:Publication ;
     dblp:yearOfPublication ?year ;
     ?p ?o .
  FILTER(?year <= "1970"^^<http://www.w3.org/2001/XMLSchema#gYear>)
}

2026-09-28 21:02:55.439 - INFO: Requested media types of the result are: "text/turtle"
2026-09-28 21:02:55.440 - INFO: Query planning done in 1 ms
2026-09-28 21:02:55.459 - INFO: Result has unknown size (not computed yet)
2026-09-28 21:02:56.044 - INFO: Done processing query and sending result, total time was 605 ms
2026-09-28 21:02:56.064 - INFO: 
2026-09-28 21:02:56.064 - INFO: Request received via GET, no content type specified
2026-09-28 21:02:56.064 - INFO: Processing command "clear-cache": clear the cache (unpinned elements only)
2026-09-28 21:02:56.082 - INFO: 
2026-09-28 21:02:56.082 - INFO: Request received via POST, content type "application/x-www-form-urlencoded"
2026-09-28 21:02:56.082 - INFO: Processing the following SPARQL query:
# Tier H — size-sweep
# Goal: isolate export cost from query-planning cost. Raise the year bound
# across runs, for example 1970, 1990, 2010, and 2023.
PREFIX dblp: <https://dblp.org/rdf/schema#>

CONSTRUCT { ?s ?p ?o }
WHERE {
  ?s a dblp:Publication ;
     dblp:yearOfPublication ?year ;
     ?p ?o .
  FILTER(?year <= "1970"^^<http://www.w3.org/2001/XMLSchema#gYear>)
}

2026-09-28 21:02:56.082 - INFO: Requested media types of the result are: "text/turtle"
2026-09-28 21:02:56.083 - INFO: Query planning done in 1 ms
2026-09-28 21:02:56.101 - INFO: Result has unknown size (not computed yet)
2026-09-28 21:02:56.687 - INFO: Done processing query and sending result, total time was 604 ms
2026-09-28 21:02:56.706 - INFO: 
2026-09-28 21:02:56.706 - INFO: Request received via GET, no content type specified
2026-09-28 21:02:56.706 - INFO: Processing command "clear-cache": clear the cache (unpinned elements only)
2026-09-28 21:02:56.724 - INFO: 
2026-09-28 21:02:56.724 - INFO: Request received via POST, content type "application/x-www-form-urlencoded"
2026-09-28 21:02:56.724 - INFO: Processing the following SPARQL query:
# Tier H — size-sweep
# Goal: isolate export cost from query-planning cost. Raise the year bound
# across runs, for example 1970, 1990, 2010, and 2023.
PREFIX dblp: <https://dblp.org/rdf/schema#>

CONSTRUCT { ?s ?p ?o }
WHERE {
  ?s a dblp:Publication ;
     dblp:yearOfPublication ?year ;
     ?p ?o .
  FILTER(?year <= "1970"^^<http://www.w3.org/2001/XMLSchema#gYear>)
}

2026-09-28 21:02:56.724 - INFO: Requested media types of the result are: "text/turtle"
2026-09-28 21:02:56.725 - INFO: Query planning done in 1 ms
2026-09-28 21:02:56.748 - INFO: Result has unknown size (not computed yet)
2026-09-28 21:02:57.350 - INFO: Done processing query and sending result, total time was 626 ms
2026-09-28 21:02:57.369 - INFO: 
2026-09-28 21:02:57.369 - INFO: Request received via GET, no content type specified
2026-09-28 21:02:57.369 - INFO: Processing command "clear-cache": clear the cache (unpinned elements only)
2026-09-28 21:02:57.387 - INFO: 
2026-09-28 21:02:57.387 - INFO: Request received via POST, content type "application/x-www-form-urlencoded"
2026-09-28 21:02:57.387 - INFO: Processing the following SPARQL query:
# Tier H — size-sweep
# Goal: isolate export cost from query-planning cost. Raise the year bound
# across runs, for example 1970, 1990, 2010, and 2023.
PREFIX dblp: <https://dblp.org/rdf/schema#>

CONSTRUCT { ?s ?p ?o }
WHERE {
  ?s a dblp:Publication ;
     dblp:yearOfPublication ?year ;
     ?p ?o .
  FILTER(?year <= "1970"^^<http://www.w3.org/2001/XMLSchema#gYear>)
}

2026-09-28 21:02:57.387 - INFO: Requested media types of the result are: "text/turtle"
2026-09-28 21:02:57.389 - INFO: Query planning done in 1 ms
2026-09-28 21:02:57.412 - INFO: Result has unknown size (not computed yet)
2026-09-28 21:02:58.072 - INFO: Done processing query and sending result, total time was 684 ms
2026-09-28 21:03:31.457 - INFO: 
2026-09-28 21:03:31.457 - INFO: Request received via GET, no content type specified
2026-09-28 21:03:31.458 - INFO: Processing command "clear-cache": clear the cache (unpinned elements only)
2026-09-28 21:03:31.476 - INFO: 
2026-09-28 21:03:31.476 - INFO: Request received via POST, content type "application/x-www-form-urlencoded"
2026-09-28 21:03:31.476 - INFO: Processing the following SPARQL query:
# Tier H — size-sweep, year <= 1990
# Goal: isolate export cost from query-planning cost. Raise the year bound
# across runs, for example 1970, 1990, 2010, and 2023.
PREFIX dblp: <https://dblp.org/rdf/schema#>

CONSTRUCT { ?s ?p ?o }
WHERE {
  ?s a dblp:Publication ;
     dblp:yearOfPublication ?year ;
     ?p ?o .
  FILTER(?year <= "1990"^^<http://www.w3.org/2001/XMLSchema#gYear>)
}

2026-09-28 21:03:31.476 - INFO: Requested media types of the result are: "text/turtle"
2026-09-28 21:03:31.477 - INFO: Query planning done in 1 ms
2026-09-28 21:03:31.581 - INFO: Result has unknown size (not computed yet)
2026-09-28 21:03:38.520 - INFO: Done processing query and sending result, total time was 7,044 ms
2026-09-28 21:04:12.617 - INFO: 
2026-09-28 21:04:12.617 - INFO: Request received via GET, no content type specified
2026-09-28 21:04:12.617 - INFO: Processing command "clear-cache": clear the cache (unpinned elements only)
2026-09-28 21:04:12.635 - INFO: 
2026-09-28 21:04:12.635 - INFO: Request received via POST, content type "application/x-www-form-urlencoded"
2026-09-28 21:04:12.635 - INFO: Processing the following SPARQL query:
# Tier H — size-sweep, year <= 1990
# Goal: isolate export cost from query-planning cost. Raise the year bound
# across runs, for example 1970, 1990, 2010, and 2023.
PREFIX dblp: <https://dblp.org/rdf/schema#>

CONSTRUCT { ?s ?p ?o }
WHERE {
  ?s a dblp:Publication ;
     dblp:yearOfPublication ?year ;
     ?p ?o .
  FILTER(?year <= "1990"^^<http://www.w3.org/2001/XMLSchema#gYear>)
}

2026-09-28 21:04:12.635 - INFO: Requested media types of the result are: "text/turtle"
2026-09-28 21:04:12.636 - INFO: Query planning done in 1 ms
2026-09-28 21:04:12.714 - INFO: Result has unknown size (not computed yet)
2026-09-28 21:04:19.523 - INFO: Done processing query and sending result, total time was 6,888 ms
2026-09-28 21:04:19.543 - INFO: 
2026-09-28 21:04:19.543 - INFO: Request received via GET, no content type specified
2026-09-28 21:04:19.543 - INFO: Processing command "clear-cache": clear the cache (unpinned elements only)
2026-09-28 21:04:19.561 - INFO: 
2026-09-28 21:04:19.561 - INFO: Request received via POST, content type "application/x-www-form-urlencoded"
2026-09-28 21:04:19.561 - INFO: Processing the following SPARQL query:
# Tier H — size-sweep, year <= 1990
# Goal: isolate export cost from query-planning cost. Raise the year bound
# across runs, for example 1970, 1990, 2010, and 2023.
PREFIX dblp: <https://dblp.org/rdf/schema#>

CONSTRUCT { ?s ?p ?o }
WHERE {
  ?s a dblp:Publication ;
     dblp:yearOfPublication ?year ;
     ?p ?o .
  FILTER(?year <= "1990"^^<http://www.w3.org/2001/XMLSchema#gYear>)
}

2026-09-28 21:04:19.561 - INFO: Requested media types of the result are: "text/turtle"
2026-09-28 21:04:19.562 - INFO: Query planning done in 1 ms
2026-09-28 21:04:19.639 - INFO: Result has unknown size (not computed yet)
2026-09-28 21:04:26.103 - INFO: Done processing query and sending result, total time was 6,542 ms
2026-09-28 21:05:49.106 - INFO: 
2026-09-28 21:05:49.106 - INFO: Request received via GET, no content type specified
2026-09-28 21:05:49.106 - INFO: Processing command "clear-cache": clear the cache (unpinned elements only)
2026-09-28 21:05:49.124 - INFO: 
2026-09-28 21:05:49.124 - INFO: Request received via POST, content type "application/x-www-form-urlencoded"
2026-09-28 21:05:49.124 - INFO: Processing the following SPARQL query:
# Tier H — size-sweep, year <= 1990
# Goal: isolate export cost from query-planning cost. Raise the year bound
# across runs, for example 1970, 1990, 2010, and 2023.
PREFIX dblp: <https://dblp.org/rdf/schema#>

CONSTRUCT { ?s ?p ?o }
WHERE {
  ?s a dblp:Publication ;
     dblp:yearOfPublication ?year ;
     ?p ?o .
  FILTER(?year <= "1990"^^<http://www.w3.org/2001/XMLSchema#gYear>)
}

2026-09-28 21:05:49.124 - INFO: Requested media types of the result are: "text/turtle"
2026-09-28 21:05:49.125 - INFO: Query planning done in 1 ms
2026-09-28 21:05:49.207 - INFO: Result has unknown size (not computed yet)
2026-09-28 21:05:55.631 - INFO: Done processing query and sending result, total time was 6,507 ms
2026-09-28 21:05:55.651 - INFO: 
2026-09-28 21:05:55.651 - INFO: Request received via GET, no content type specified
2026-09-28 21:05:55.651 - INFO: Processing command "clear-cache": clear the cache (unpinned elements only)
2026-09-28 21:05:55.669 - INFO: 
2026-09-28 21:05:55.669 - INFO: Request received via POST, content type "application/x-www-form-urlencoded"
2026-09-28 21:05:55.669 - INFO: Processing the following SPARQL query:
# Tier H — size-sweep, year <= 1990
# Goal: isolate export cost from query-planning cost. Raise the year bound
# across runs, for example 1970, 1990, 2010, and 2023.
PREFIX dblp: <https://dblp.org/rdf/schema#>

CONSTRUCT { ?s ?p ?o }
WHERE {
  ?s a dblp:Publication ;
     dblp:yearOfPublication ?year ;
     ?p ?o .
  FILTER(?year <= "1990"^^<http://www.w3.org/2001/XMLSchema#gYear>)
}

2026-09-28 21:05:55.669 - INFO: Requested media types of the result are: "text/turtle"
2026-09-28 21:05:55.671 - INFO: Query planning done in 1 ms
2026-09-28 21:05:55.750 - INFO: Result has unknown size (not computed yet)
2026-09-28 21:06:02.424 - INFO: Done processing query and sending result, total time was 6,755 ms
2026-09-28 21:06:30.280 - INFO: 
2026-09-28 21:06:30.280 - INFO: Request received via GET, no content type specified
2026-09-28 21:06:30.280 - INFO: Processing command "clear-cache": clear the cache (unpinned elements only)
2026-09-28 21:06:30.298 - INFO: 
2026-09-28 21:06:30.298 - INFO: Request received via POST, content type "application/x-www-form-urlencoded"
2026-09-28 21:06:30.299 - INFO: Processing the following SPARQL query:
# Tier H — size-sweep, year <= 1990
# Goal: isolate export cost from query-planning cost. Raise the year bound
# across runs, for example 1970, 1990, 2010, and 2023.
PREFIX dblp: <https://dblp.org/rdf/schema#>

CONSTRUCT { ?s ?p ?o }
WHERE {
  ?s a dblp:Publication ;
     dblp:yearOfPublication ?year ;
     ?p ?o .
  FILTER(?year <= "1990"^^<http://www.w3.org/2001/XMLSchema#gYear>)
}

2026-09-28 21:06:30.299 - INFO: Requested media types of the result are: "text/turtle"
2026-09-28 21:06:30.300 - INFO: Query planning done in 1 ms
2026-09-28 21:06:30.379 - INFO: Result has unknown size (not computed yet)
2026-09-28 21:06:37.211 - INFO: Done processing query and sending result, total time was 6,912 ms
2026-09-28 21:06:37.230 - INFO: 
2026-09-28 21:06:37.230 - INFO: Request received via GET, no content type specified
2026-09-28 21:06:37.230 - INFO: Processing command "clear-cache": clear the cache (unpinned elements only)
2026-09-28 21:06:37.248 - INFO: 
2026-09-28 21:06:37.248 - INFO: Request received via POST, content type "application/x-www-form-urlencoded"
2026-09-28 21:06:37.248 - INFO: Processing the following SPARQL query:
# Tier H — size-sweep, year <= 1990
# Goal: isolate export cost from query-planning cost. Raise the year bound
# across runs, for example 1970, 1990, 2010, and 2023.
PREFIX dblp: <https://dblp.org/rdf/schema#>

CONSTRUCT { ?s ?p ?o }
WHERE {
  ?s a dblp:Publication ;
     dblp:yearOfPublication ?year ;
     ?p ?o .
  FILTER(?year <= "1990"^^<http://www.w3.org/2001/XMLSchema#gYear>)
}

2026-09-28 21:06:37.248 - INFO: Requested media types of the result are: "text/turtle"
2026-09-28 21:06:37.249 - INFO: Query planning done in 1 ms
2026-09-28 21:06:37.325 - INFO: Result has unknown size (not computed yet)
2026-09-28 21:06:43.762 - INFO: Done processing query and sending result, total time was 6,514 ms
2026-09-28 21:08:06.397 - INFO: 
2026-09-28 21:08:06.397 - INFO: Request received via GET, no content type specified
2026-09-28 21:08:06.397 - INFO: Processing command "clear-cache": clear the cache (unpinned elements only)
2026-09-28 21:08:06.415 - INFO: 
2026-09-28 21:08:06.415 - INFO: Request received via POST, content type "application/x-www-form-urlencoded"
2026-09-28 21:08:06.416 - INFO: Processing the following SPARQL query:
# Tier H — size-sweep, year <= 1990
# Goal: isolate export cost from query-planning cost. Raise the year bound
# across runs, for example 1970, 1990, 2010, and 2023.
PREFIX dblp: <https://dblp.org/rdf/schema#>

CONSTRUCT { ?s ?p ?o }
WHERE {
  ?s a dblp:Publication ;
     dblp:yearOfPublication ?year ;
     ?p ?o .
  FILTER(?year <= "1990"^^<http://www.w3.org/2001/XMLSchema#gYear>)
}

2026-09-28 21:08:06.416 - INFO: Requested media types of the result are: "text/turtle"
2026-09-28 21:08:06.417 - INFO: Query planning done in 1 ms
2026-09-28 21:08:06.519 - INFO: Result has unknown size (not computed yet)
2026-09-28 21:08:13.422 - INFO: Done processing query and sending result, total time was 7,007 ms
2026-09-28 21:08:13.442 - INFO: 
2026-09-28 21:08:13.442 - INFO: Request received via GET, no content type specified
2026-09-28 21:08:13.442 - INFO: Processing command "clear-cache": clear the cache (unpinned elements only)
2026-09-28 21:08:13.460 - INFO: 
2026-09-28 21:08:13.460 - INFO: Request received via POST, content type "application/x-www-form-urlencoded"
2026-09-28 21:08:13.460 - INFO: Processing the following SPARQL query:
# Tier H — size-sweep, year <= 1990
# Goal: isolate export cost from query-planning cost. Raise the year bound
# across runs, for example 1970, 1990, 2010, and 2023.
PREFIX dblp: <https://dblp.org/rdf/schema#>

CONSTRUCT { ?s ?p ?o }
WHERE {
  ?s a dblp:Publication ;
     dblp:yearOfPublication ?year ;
     ?p ?o .
  FILTER(?year <= "1990"^^<http://www.w3.org/2001/XMLSchema#gYear>)
}

2026-09-28 21:08:13.460 - INFO: Requested media types of the result are: "text/turtle"
2026-09-28 21:08:13.461 - INFO: Query planning done in 1 ms
2026-09-28 21:08:13.562 - INFO: Result has unknown size (not computed yet)
2026-09-28 21:08:20.162 - INFO: Done processing query and sending result, total time was 6,702 ms
2026-09-28 21:08:48.112 - INFO: 
2026-09-28 21:08:48.112 - INFO: Request received via GET, no content type specified
2026-09-28 21:08:48.112 - INFO: Processing command "clear-cache": clear the cache (unpinned elements only)
2026-09-28 21:08:48.130 - INFO: 
2026-09-28 21:08:48.130 - INFO: Request received via POST, content type "application/x-www-form-urlencoded"
2026-09-28 21:08:48.132 - INFO: Processing the following SPARQL query:
# Tier H — size-sweep, year <= 1990
# Goal: isolate export cost from query-planning cost. Raise the year bound
# across runs, for example 1970, 1990, 2010, and 2023.
PREFIX dblp: <https://dblp.org/rdf/schema#>

CONSTRUCT { ?s ?p ?o }
WHERE {
  ?s a dblp:Publication ;
     dblp:yearOfPublication ?year ;
     ?p ?o .
  FILTER(?year <= "1990"^^<http://www.w3.org/2001/XMLSchema#gYear>)
}

2026-09-28 21:08:48.132 - INFO: Requested media types of the result are: "text/turtle"
2026-09-28 21:08:48.133 - INFO: Query planning done in 2 ms
2026-09-28 21:08:48.214 - INFO: Result has unknown size (not computed yet)
2026-09-28 21:08:54.644 - INFO: Done processing query and sending result, total time was 6,513 ms
2026-09-28 21:08:54.663 - INFO: 
2026-09-28 21:08:54.663 - INFO: Request received via GET, no content type specified
2026-09-28 21:08:54.663 - INFO: Processing command "clear-cache": clear the cache (unpinned elements only)
2026-09-28 21:08:54.682 - INFO: 
2026-09-28 21:08:54.682 - INFO: Request received via POST, content type "application/x-www-form-urlencoded"
2026-09-28 21:08:54.682 - INFO: Processing the following SPARQL query:
# Tier H — size-sweep, year <= 1990
# Goal: isolate export cost from query-planning cost. Raise the year bound
# across runs, for example 1970, 1990, 2010, and 2023.
PREFIX dblp: <https://dblp.org/rdf/schema#>

CONSTRUCT { ?s ?p ?o }
WHERE {
  ?s a dblp:Publication ;
     dblp:yearOfPublication ?year ;
     ?p ?o .
  FILTER(?year <= "1990"^^<http://www.w3.org/2001/XMLSchema#gYear>)
}

2026-09-28 21:08:54.682 - INFO: Requested media types of the result are: "text/turtle"
2026-09-28 21:08:54.683 - INFO: Query planning done in 1 ms
2026-09-28 21:08:54.784 - INFO: Result has unknown size (not computed yet)
2026-09-28 21:09:01.550 - INFO: Done processing query and sending result, total time was 6,868 ms
2026-09-28 21:10:23.816 - INFO: 
2026-09-28 21:10:23.816 - INFO: Request received via GET, no content type specified
2026-09-28 21:10:23.816 - INFO: Processing command "clear-cache": clear the cache (unpinned elements only)
2026-09-28 21:10:23.834 - INFO: 
2026-09-28 21:10:23.834 - INFO: Request received via POST, content type "application/x-www-form-urlencoded"
2026-09-28 21:10:23.836 - INFO: Processing the following SPARQL query:
# Tier H — size-sweep, year <= 1990
# Goal: isolate export cost from query-planning cost. Raise the year bound
# across runs, for example 1970, 1990, 2010, and 2023.
PREFIX dblp: <https://dblp.org/rdf/schema#>

CONSTRUCT { ?s ?p ?o }
WHERE {
  ?s a dblp:Publication ;
     dblp:yearOfPublication ?year ;
     ?p ?o .
  FILTER(?year <= "1990"^^<http://www.w3.org/2001/XMLSchema#gYear>)
}

2026-09-28 21:10:23.836 - INFO: Requested media types of the result are: "text/turtle"
2026-09-28 21:10:23.837 - INFO: Query planning done in 2 ms
2026-09-28 21:10:23.943 - INFO: Result has unknown size (not computed yet)
2026-09-28 21:10:30.555 - INFO: Done processing query and sending result, total time was 6,720 ms
2026-09-28 21:10:30.574 - INFO: 
2026-09-28 21:10:30.574 - INFO: Request received via GET, no content type specified
2026-09-28 21:10:30.574 - INFO: Processing command "clear-cache": clear the cache (unpinned elements only)
2026-09-28 21:10:30.592 - INFO: 
2026-09-28 21:10:30.592 - INFO: Request received via POST, content type "application/x-www-form-urlencoded"
2026-09-28 21:10:30.593 - INFO: Processing the following SPARQL query:
# Tier H — size-sweep, year <= 1990
# Goal: isolate export cost from query-planning cost. Raise the year bound
# across runs, for example 1970, 1990, 2010, and 2023.
PREFIX dblp: <https://dblp.org/rdf/schema#>

CONSTRUCT { ?s ?p ?o }
WHERE {
  ?s a dblp:Publication ;
     dblp:yearOfPublication ?year ;
     ?p ?o .
  FILTER(?year <= "1990"^^<http://www.w3.org/2001/XMLSchema#gYear>)
}

2026-09-28 21:10:30.593 - INFO: Requested media types of the result are: "text/turtle"
2026-09-28 21:10:30.594 - INFO: Query planning done in 1 ms
2026-09-28 21:10:30.698 - INFO: Result has unknown size (not computed yet)
2026-09-28 21:10:37.408 - INFO: Done processing query and sending result, total time was 6,815 ms
2026-09-28 21:11:04.365 - INFO: 
2026-09-28 21:11:04.365 - INFO: Request received via GET, no content type specified
2026-09-28 21:11:04.365 - INFO: Processing command "clear-cache": clear the cache (unpinned elements only)
2026-09-28 21:11:04.383 - INFO: 
2026-09-28 21:11:04.383 - INFO: Request received via POST, content type "application/x-www-form-urlencoded"
2026-09-28 21:11:04.383 - INFO: Processing the following SPARQL query:
# Tier H — size-sweep, year <= 1990
# Goal: isolate export cost from query-planning cost. Raise the year bound
# across runs, for example 1970, 1990, 2010, and 2023.
PREFIX dblp: <https://dblp.org/rdf/schema#>

CONSTRUCT { ?s ?p ?o }
WHERE {
  ?s a dblp:Publication ;
     dblp:yearOfPublication ?year ;
     ?p ?o .
  FILTER(?year <= "1990"^^<http://www.w3.org/2001/XMLSchema#gYear>)
}

2026-09-28 21:11:04.383 - INFO: Requested media types of the result are: "text/turtle"
2026-09-28 21:11:04.384 - INFO: Query planning done in 1 ms
2026-09-28 21:11:04.487 - INFO: Result has unknown size (not computed yet)
2026-09-28 21:11:11.009 - INFO: Done processing query and sending result, total time was 6,625 ms
2026-09-28 21:11:11.028 - INFO: 
2026-09-28 21:11:11.028 - INFO: Request received via GET, no content type specified
2026-09-28 21:11:11.028 - INFO: Processing command "clear-cache": clear the cache (unpinned elements only)
2026-09-28 21:11:11.047 - INFO: 
2026-09-28 21:11:11.047 - INFO: Request received via POST, content type "application/x-www-form-urlencoded"
2026-09-28 21:11:11.047 - INFO: Processing the following SPARQL query:
# Tier H — size-sweep, year <= 1990
# Goal: isolate export cost from query-planning cost. Raise the year bound
# across runs, for example 1970, 1990, 2010, and 2023.
PREFIX dblp: <https://dblp.org/rdf/schema#>

CONSTRUCT { ?s ?p ?o }
WHERE {
  ?s a dblp:Publication ;
     dblp:yearOfPublication ?year ;
     ?p ?o .
  FILTER(?year <= "1990"^^<http://www.w3.org/2001/XMLSchema#gYear>)
}

2026-09-28 21:11:11.047 - INFO: Requested media types of the result are: "text/turtle"
2026-09-28 21:11:11.048 - INFO: Query planning done in 1 ms
2026-09-28 21:11:11.151 - INFO: Result has unknown size (not computed yet)
2026-09-28 21:11:17.572 - INFO: Done processing query and sending result, total time was 6,525 ms
2026-09-28 21:12:40.982 - INFO: 
2026-09-28 21:12:40.982 - INFO: Request received via GET, no content type specified
2026-09-28 21:12:40.982 - INFO: Processing command "clear-cache": clear the cache (unpinned elements only)
2026-09-28 21:12:41.000 - INFO: 
2026-09-28 21:12:41.000 - INFO: Request received via POST, content type "application/x-www-form-urlencoded"
2026-09-28 21:12:41.001 - INFO: Processing the following SPARQL query:
# Tier H — size-sweep, year <= 1990
# Goal: isolate export cost from query-planning cost. Raise the year bound
# across runs, for example 1970, 1990, 2010, and 2023.
PREFIX dblp: <https://dblp.org/rdf/schema#>

CONSTRUCT { ?s ?p ?o }
WHERE {
  ?s a dblp:Publication ;
     dblp:yearOfPublication ?year ;
     ?p ?o .
  FILTER(?year <= "1990"^^<http://www.w3.org/2001/XMLSchema#gYear>)
}

2026-09-28 21:12:41.001 - INFO: Requested media types of the result are: "text/turtle"
2026-09-28 21:12:41.002 - INFO: Query planning done in 1 ms
2026-09-28 21:12:41.104 - INFO: Result has unknown size (not computed yet)
2026-09-28 21:12:47.486 - INFO: Done processing query and sending result, total time was 6,486 ms
2026-09-28 21:12:47.507 - INFO: 
2026-09-28 21:12:47.507 - INFO: Request received via GET, no content type specified
2026-09-28 21:12:47.507 - INFO: Processing command "clear-cache": clear the cache (unpinned elements only)
2026-09-28 21:12:47.528 - INFO: 
2026-09-28 21:12:47.528 - INFO: Request received via POST, content type "application/x-www-form-urlencoded"
2026-09-28 21:12:47.528 - INFO: Processing the following SPARQL query:
# Tier H — size-sweep, year <= 1990
# Goal: isolate export cost from query-planning cost. Raise the year bound
# across runs, for example 1970, 1990, 2010, and 2023.
PREFIX dblp: <https://dblp.org/rdf/schema#>

CONSTRUCT { ?s ?p ?o }
WHERE {
  ?s a dblp:Publication ;
     dblp:yearOfPublication ?year ;
     ?p ?o .
  FILTER(?year <= "1990"^^<http://www.w3.org/2001/XMLSchema#gYear>)
}

2026-09-28 21:12:47.528 - INFO: Requested media types of the result are: "text/turtle"
2026-09-28 21:12:47.529 - INFO: Query planning done in 1 ms
2026-09-28 21:12:47.608 - INFO: Result has unknown size (not computed yet)
2026-09-28 21:12:54.605 - INFO: Done processing query and sending result, total time was 7,077 ms
2026-09-28 21:13:21.985 - INFO: 
2026-09-28 21:13:21.985 - INFO: Request received via GET, no content type specified
2026-09-28 21:13:21.985 - INFO: Processing command "clear-cache": clear the cache (unpinned elements only)
2026-09-28 21:13:22.003 - INFO: 
2026-09-28 21:13:22.003 - INFO: Request received via POST, content type "application/x-www-form-urlencoded"
2026-09-28 21:13:22.003 - INFO: Processing the following SPARQL query:
# Tier H — size-sweep, year <= 1990
# Goal: isolate export cost from query-planning cost. Raise the year bound
# across runs, for example 1970, 1990, 2010, and 2023.
PREFIX dblp: <https://dblp.org/rdf/schema#>

CONSTRUCT { ?s ?p ?o }
WHERE {
  ?s a dblp:Publication ;
     dblp:yearOfPublication ?year ;
     ?p ?o .
  FILTER(?year <= "1990"^^<http://www.w3.org/2001/XMLSchema#gYear>)
}

2026-09-28 21:13:22.003 - INFO: Requested media types of the result are: "text/turtle"
2026-09-28 21:13:22.004 - INFO: Query planning done in 1 ms
2026-09-28 21:13:22.085 - INFO: Result has unknown size (not computed yet)
2026-09-28 21:13:28.852 - INFO: Done processing query and sending result, total time was 6,849 ms
2026-09-28 21:13:28.872 - INFO: 
2026-09-28 21:13:28.872 - INFO: Request received via GET, no content type specified
2026-09-28 21:13:28.872 - INFO: Processing command "clear-cache": clear the cache (unpinned elements only)
2026-09-28 21:13:28.890 - INFO: 
2026-09-28 21:13:28.890 - INFO: Request received via POST, content type "application/x-www-form-urlencoded"
2026-09-28 21:13:28.890 - INFO: Processing the following SPARQL query:
# Tier H — size-sweep, year <= 1990
# Goal: isolate export cost from query-planning cost. Raise the year bound
# across runs, for example 1970, 1990, 2010, and 2023.
PREFIX dblp: <https://dblp.org/rdf/schema#>

CONSTRUCT { ?s ?p ?o }
WHERE {
  ?s a dblp:Publication ;
     dblp:yearOfPublication ?year ;
     ?p ?o .
  FILTER(?year <= "1990"^^<http://www.w3.org/2001/XMLSchema#gYear>)
}

2026-09-28 21:13:28.890 - INFO: Requested media types of the result are: "text/turtle"
2026-09-28 21:13:28.891 - INFO: Query planning done in 1 ms
2026-09-28 21:13:28.995 - INFO: Result has unknown size (not computed yet)
2026-09-28 21:13:35.559 - INFO: Done processing query and sending result, total time was 6,669 ms
2026-09-28 21:14:57.090 - INFO: 
2026-09-28 21:14:57.090 - INFO: Request received via GET, no content type specified
2026-09-28 21:14:57.090 - INFO: Processing command "clear-cache": clear the cache (unpinned elements only)
2026-09-28 21:14:57.108 - INFO: 
2026-09-28 21:14:57.108 - INFO: Request received via POST, content type "application/x-www-form-urlencoded"
2026-09-28 21:14:57.108 - INFO: Processing the following SPARQL query:
# Tier H — size-sweep, year <= 1990
# Goal: isolate export cost from query-planning cost. Raise the year bound
# across runs, for example 1970, 1990, 2010, and 2023.
PREFIX dblp: <https://dblp.org/rdf/schema#>

CONSTRUCT { ?s ?p ?o }
WHERE {
  ?s a dblp:Publication ;
     dblp:yearOfPublication ?year ;
     ?p ?o .
  FILTER(?year <= "1990"^^<http://www.w3.org/2001/XMLSchema#gYear>)
}

2026-09-28 21:14:57.108 - INFO: Requested media types of the result are: "text/turtle"
2026-09-28 21:14:57.109 - INFO: Query planning done in 1 ms
2026-09-28 21:14:57.212 - INFO: Result has unknown size (not computed yet)
2026-09-28 21:15:03.934 - INFO: Done processing query and sending result, total time was 6,826 ms
2026-09-28 21:15:03.958 - INFO: 
2026-09-28 21:15:03.958 - INFO: Request received via GET, no content type specified
2026-09-28 21:15:03.958 - INFO: Processing command "clear-cache": clear the cache (unpinned elements only)
2026-09-28 21:15:03.979 - INFO: 
2026-09-28 21:15:03.979 - INFO: Request received via POST, content type "application/x-www-form-urlencoded"
2026-09-28 21:15:03.979 - INFO: Processing the following SPARQL query:
# Tier H — size-sweep, year <= 1990
# Goal: isolate export cost from query-planning cost. Raise the year bound
# across runs, for example 1970, 1990, 2010, and 2023.
PREFIX dblp: <https://dblp.org/rdf/schema#>

CONSTRUCT { ?s ?p ?o }
WHERE {
  ?s a dblp:Publication ;
     dblp:yearOfPublication ?year ;
     ?p ?o .
  FILTER(?year <= "1990"^^<http://www.w3.org/2001/XMLSchema#gYear>)
}

2026-09-28 21:15:03.979 - INFO: Requested media types of the result are: "text/turtle"
2026-09-28 21:15:03.980 - INFO: Query planning done in 1 ms
2026-09-28 21:15:04.072 - INFO: Result has unknown size (not computed yet)
2026-09-28 21:15:11.126 - INFO: Done processing query and sending result, total time was 7,146 ms
2026-09-28 21:15:35.582 - INFO: 
2026-09-28 21:15:35.582 - INFO: Request received via GET, no content type specified
2026-09-28 21:15:35.582 - INFO: Processing command "clear-cache": clear the cache (unpinned elements only)
2026-09-28 21:15:35.620 - INFO: 
2026-09-28 21:15:35.620 - INFO: Request received via POST, content type "application/x-www-form-urlencoded"
2026-09-28 21:15:35.620 - INFO: Processing the following SPARQL query:
# Tier H — size-sweep, year <= 1990
# Goal: isolate export cost from query-planning cost. Raise the year bound
# across runs, for example 1970, 1990, 2010, and 2023.
PREFIX dblp: <https://dblp.org/rdf/schema#>

CONSTRUCT { ?s ?p ?o }
WHERE {
  ?s a dblp:Publication ;
     dblp:yearOfPublication ?year ;
     ?p ?o .
  FILTER(?year <= "1990"^^<http://www.w3.org/2001/XMLSchema#gYear>)
}

2026-09-28 21:15:35.620 - INFO: Requested media types of the result are: "text/turtle"
2026-09-28 21:15:35.621 - INFO: Query planning done in 1 ms
2026-09-28 21:15:35.704 - INFO: Result has unknown size (not computed yet)
2026-09-28 21:15:42.953 - INFO: Done processing query and sending result, total time was 7,333 ms
