t_ns,tid,comm,state,utime,stime,run_ns,wait_ns,slices,cpu,wchan
4924404166534128,3122254,qlever-server-d,S,991,1709,27010922485,9287664,1206,9,futex_do_wait
4924404166534128,3122258,qlever-server-d,S,0,0,4003043,817031,34,6,futex_do_wait
4924404166534128,3122806,qlever-server-d,S,2632,6,26391486694,6535664,247,2,futex_do_wait
4924404166534128,3122807,qlever-server-d,S,0,0,10120,0,1,1,futex_do_wait
4924404166534128,3122808,qlever-server-d,S,0,0,93120,0,4,9,ep_poll
4924404166534128,3122809,qlever-server-d,S,0,0,352350,214341,7,0,futex_do_wait
4924404166534128,3122810,qlever-server-d,S,5,26,321990807,86695012,2172,5,futex_do_wait
4924404166534128,3122811,qlever-server-d,S,4,25,299476992,85239130,2277,5,ep_poll
4924404166534128,0,__system__,-,1024714072,7867676756,0,0,0,-1,-
4924404186648415,3122254,qlever-server-d,S,991,1709,27010922485,9287664,1206,9,futex_do_wait
4924404186648415,3122258,qlever-server-d,S,0,0,4003043,817031,34,6,futex_do_wait
4924404186648415,3122806,qlever-server-d,S,2632,6,26391486694,6535664,247,2,futex_do_wait
4924404186648415,3122807,qlever-server-d,S,0,0,10120,0,1,1,futex_do_wait
4924404186648415,3122808,qlever-server-d,S,0,0,93120,0,4,9,ep_poll
4924404186648415,3122809,qlever-server-d,S,0,0,352350,214341,7,0,futex_do_wait
4924404186648415,3122810,qlever-server-d,S,5,26,321990807,86695012,2172,5,futex_do_wait
4924404186648415,3122811,qlever-server-d,S,4,25,299476992,85239130,2277,5,ep_poll
4924404186648415,0,__system__,-,1024714093,7867676790,0,0,0,-1,-
4924404206635504,3122254,qlever-server-d,S,991,1709,27010922485,9287664,1206,9,futex_do_wait
4924404206635504,3122258,qlever-server-d,S,0,0,4003043,817031,34,6,futex_do_wait
4924404206635504,3122806,qlever-server-d,S,2632,6,26391486694,6535664,247,2,futex_do_wait
4924404206635504,3122807,qlever-server-d,S,0,0,10120,0,1,1,futex_do_wait
4924404206635504,3122808,qlever-server-d,S,0,0,93120,0,4,9,ep_poll
4924404206635504,3122809,qlever-server-d,S,0,0,352350,214341,7,0,futex_do_wait
4924404206635504,3122810,qlever-server-d,S,5,26,321990807,86695012,2172,5,futex_do_wait
4924404206635504,3122811,qlever-server-d,S,4,25,299476992,85239130,2277,5,ep_poll
4924404206635504,0,__system__,-,1024714110,7867676820,0,0,0,-1,-
4924404226624073,3122254,qlever-server-d,S,991,1709,27010922485,9287664,1206,9,futex_do_wait
4924404226624073,3122258,qlever-server-d,S,0,0,4003043,817031,34,6,futex_do_wait
4924404226624073,3122806,qlever-server-d,S,2632,6,26391486694,6535664,247,2,futex_do_wait
4924404226624073,3122807,qlever-server-d,S,0,0,10120,0,1,1,futex_do_wait
4924404226624073,3122808,qlever-server-d,S,0,0,93120,0,4,9,ep_poll
4924404226624073,3122809,qlever-server-d,S,0,0,352350,214341,7,0,futex_do_wait
4924404226624073,3122810,qlever-server-d,S,5,26,321990807,86695012,2172,5,futex_do_wait
4924404226624073,3122811,qlever-server-d,S,4,25,299476992,85239130,2277,5,ep_poll
4924404226624073,0,__system__,-,1024714129,7867676853,0,0,0,-1,-
4924404246642031,3122254,qlever-server-d,S,991,1709,27010922485,9287664,1206,9,futex_do_wait
4924404246642031,3122258,qlever-server-d,S,0,0,4003043,817031,34,6,futex_do_wait
4924404246642031,3122806,qlever-server-d,S,2632,6,26391486694,6535664,247,2,futex_do_wait
4924404246642031,3122807,qlever-server-d,S,0,0,10120,0,1,1,futex_do_wait
4924404246642031,3122808,qlever-server-d,S,0,0,93120,0,4,9,ep_poll
4924404246642031,3122809,qlever-server-d,S,0,0,352350,214341,7,0,futex_do_wait
4924404246642031,3122810,qlever-server-d,S,5,26,321990807,86695012,2172,5,futex_do_wait
4924404246642031,3122811,qlever-server-d,S,4,25,299476992,85239130,2277,5,ep_poll
4924404246642031,0,__system__,-,1024714148,7867676885,0,0,0,-1,-
4924404267133326,3122254,qlever-server-d,S,991,1709,27010922485,9287664,1206,9,futex_do_wait
4924404267133326,3122258,qlever-server-d,S,0,0,4003043,817031,34,6,futex_do_wait
4924404267133326,3122806,qlever-server-d,S,2632,6,26391486694,6535664,247,2,futex_do_wait
4924404267133326,3122807,qlever-server-d,S,0,0,10120,0,1,1,futex_do_wait
4924404267133326,3122808,qlever-server-d,S,0,0,93120,0,4,9,ep_poll
4924404267133326,3122809,qlever-server-d,S,0,0,352350,214341,7,0,futex_do_wait
4924404267133326,3122810,qlever-server-d,S,5,26,321990807,86695012,2172,5,futex_do_wait
4924404267133326,3122811,qlever-server-d,S,4,25,299476992,85239130,2277,5,ep_poll
4924404267133326,0,__system__,-,1024714167,7867676918,0,0,0,-1,-
4924404286641898,3122254,qlever-server-d,S,991,1709,27010922485,9287664,1206,9,futex_do_wait
4924404286641898,3122258,qlever-server-d,S,0,0,4003043,817031,34,6,futex_do_wait
4924404286641898,3122806,qlever-server-d,S,2632,6,26391486694,6535664,247,2,futex_do_wait
4924404286641898,3122807,qlever-server-d,S,0,0,10120,0,1,1,futex_do_wait
4924404286641898,3122808,qlever-server-d,S,0,0,93120,0,4,9,ep_poll
4924404286641898,3122809,qlever-server-d,S,0,0,352350,214341,7,0,futex_do_wait
4924404286641898,3122810,qlever-server-d,S,5,26,321990807,86695012,2172,5,futex_do_wait
4924404286641898,3122811,qlever-server-d,S,4,25,299476992,85239130,2277,5,ep_poll
4924404286641898,0,__system__,-,1024714185,7867676948,0,0,0,-1,-
4924404306629357,3122254,qlever-server-d,S,991,1709,27010922485,9287664,1206,9,futex_do_wait
4924404306629357,3122258,qlever-server-d,S,0,0,4003043,817031,34,6,futex_do_wait
4924404306629357,3122806,qlever-server-d,S,2632,6,26391486694,6535664,247,2,futex_do_wait
4924404306629357,3122807,qlever-server-d,S,0,0,10120,0,1,1,futex_do_wait
4924404306629357,3122808,qlever-server-d,S,0,0,93120,0,4,9,ep_poll
4924404306629357,3122809,qlever-server-d,S,0,0,352350,214341,7,0,futex_do_wait
4924404306629357,3122810,qlever-server-d,S,5,26,321990807,86695012,2172,5,futex_do_wait
4924404306629357,3122811,qlever-server-d,S,4,25,299476992,85239130,2277,5,ep_poll
4924404306629357,0,__system__,-,1024714205,7867676980,0,0,0,-1,-
4924404327549299,3122254,qlever-server-d,S,991,1709,27010922485,9287664,1206,9,futex_do_wait
4924404327549299,3122258,qlever-server-d,S,0,0,4003043,817031,34,6,futex_do_wait
4924404327549299,3122806,qlever-server-d,S,2632,6,26391486694,6535664,247,2,futex_do_wait
4924404327549299,3122807,qlever-server-d,S,0,0,10120,0,1,1,futex_do_wait
4924404327549299,3122808,qlever-server-d,S,0,0,93120,0,4,9,ep_poll
4924404327549299,3122809,qlever-server-d,S,0,0,352350,214341,7,0,futex_do_wait
4924404327549299,3122810,qlever-server-d,S,5,26,321990807,86695012,2172,5,futex_do_wait
4924404327549299,3122811,qlever-server-d,S,4,25,299476992,85239130,2277,5,ep_poll
4924404327549299,0,__system__,-,1024714224,7867677013,0,0,0,-1,-
4924404346643004,3122254,qlever-server-d,S,991,1709,27010922485,9287664,1206,9,futex_do_wait
4924404346643004,3122258,qlever-server-d,S,0,0,4003043,817031,34,6,futex_do_wait
4924404346643004,3122806,qlever-server-d,S,2632,6,26391486694,6535664,247,2,futex_do_wait
4924404346643004,3122807,qlever-server-d,S,0,0,10120,0,1,1,futex_do_wait
4924404346643004,3122808,qlever-server-d,S,0,0,93120,0,4,9,ep_poll
4924404346643004,3122809,qlever-server-d,S,0,0,352350,214341,7,0,futex_do_wait
4924404346643004,3122810,qlever-server-d,S,5,26,321990807,86695012,2172,5,futex_do_wait
4924404346643004,3122811,qlever-server-d,S,4,25,299476992,85239130,2277,5,ep_poll
4924404346643004,0,__system__,-,1024714241,7867677043,0,0,0,-1,-
4924404366899341,3122254,qlever-server-d,S,991,1709,27010922485,9287664,1206,9,futex_do_wait
4924404366899341,3122258,qlever-server-d,S,0,0,4003043,817031,34,6,futex_do_wait
4924404366899341,3122806,qlever-server-d,S,2632,6,26391486694,6535664,247,2,futex_do_wait
4924404366899341,3122807,qlever-server-d,S,0,0,10120,0,1,1,futex_do_wait
4924404366899341,3122808,qlever-server-d,S,0,0,93120,0,4,9,ep_poll
4924404366899341,3122809,qlever-server-d,S,0,0,352350,214341,7,0,futex_do_wait
4924404366899341,3122810,qlever-server-d,S,5,26,321990807,86695012,2172,5,futex_do_wait
4924404366899341,3122811,qlever-server-d,S,4,25,299476992,85239130,2277,5,ep_poll
4924404366899341,0,__system__,-,1024714260,7867677076,0,0,0,-1,-
4924404386637832,3122254,qlever-server-d,S,991,1709,27010922485,9287664,1206,9,futex_do_wait
4924404386637832,3122258,qlever-server-d,S,0,0,4003043,817031,34,6,futex_do_wait
4924404386637832,3122806,qlever-server-d,S,2632,6,26391486694,6535664,247,2,futex_do_wait
4924404386637832,3122807,qlever-server-d,S,0,0,10120,0,1,1,futex_do_wait
4924404386637832,3122808,qlever-server-d,S,0,0,93120,0,4,9,ep_poll
4924404386637832,3122809,qlever-server-d,S,0,0,352350,214341,7,0,futex_do_wait
4924404386637832,3122810,qlever-server-d,S,5,26,321990807,86695012,2172,5,futex_do_wait
4924404386637832,3122811,qlever-server-d,S,4,25,299476992,85239130,2277,5,ep_poll
4924404386637832,0,__system__,-,1024714278,7867677107,0,0,0,-1,-
4924404406641300,3122254,qlever-server-d,S,991,1709,27010922485,9287664,1206,9,futex_do_wait
4924404406641300,3122258,qlever-server-d,S,0,0,4003043,817031,34,6,futex_do_wait
4924404406641300,3122806,qlever-server-d,S,2632,6,26391486694,6535664,247,2,futex_do_wait
4924404406641300,3122807,qlever-server-d,S,0,0,10120,0,1,1,futex_do_wait
4924404406641300,3122808,qlever-server-d,S,0,0,93120,0,4,9,ep_poll
4924404406641300,3122809,qlever-server-d,S,0,0,352350,214341,7,0,futex_do_wait
4924404406641300,3122810,qlever-server-d,S,5,26,321990807,86695012,2172,5,futex_do_wait
4924404406641300,3122811,qlever-server-d,S,4,25,299476992,85239130,2277,5,ep_poll
4924404406641300,0,__system__,-,1024714296,7867677138,0,0,0,-1,-
4924404426628629,3122254,qlever-server-d,S,991,1709,27010922485,9287664,1206,9,futex_do_wait
4924404426628629,3122258,qlever-server-d,S,0,0,4003043,817031,34,6,futex_do_wait
4924404426628629,3122806,qlever-server-d,S,2632,6,26391486694,6535664,247,2,futex_do_wait
4924404426628629,3122807,qlever-server-d,S,0,0,10120,0,1,1,futex_do_wait
4924404426628629,3122808,qlever-server-d,S,0,0,93120,0,4,9,ep_poll
4924404426628629,3122809,qlever-server-d,S,0,0,352350,214341,7,0,futex_do_wait
4924404426628629,3122810,qlever-server-d,S,5,26,321990807,86695012,2172,5,futex_do_wait
4924404426628629,3122811,qlever-server-d,S,4,25,299476992,85239130,2277,5,ep_poll
4924404426628629,0,__system__,-,1024714317,7867677171,0,0,0,-1,-
4924404446635548,3122254,qlever-server-d,S,991,1709,27010922485,9287664,1206,9,futex_do_wait
4924404446635548,3122258,qlever-server-d,S,0,0,4003043,817031,34,6,futex_do_wait
4924404446635548,3122806,qlever-server-d,S,2632,6,26391486694,6535664,247,2,futex_do_wait
4924404446635548,3122807,qlever-server-d,S,0,0,10120,0,1,1,futex_do_wait
4924404446635548,3122808,qlever-server-d,S,0,0,93120,0,4,9,ep_poll
4924404446635548,3122809,qlever-server-d,S,0,0,352350,214341,7,0,futex_do_wait
4924404446635548,3122810,qlever-server-d,S,5,26,321990807,86695012,2172,5,futex_do_wait
4924404446635548,3122811,qlever-server-d,S,4,25,299476992,85239130,2277,5,ep_poll
4924404446635548,0,__system__,-,1024714336,7867677203,0,0,0,-1,-
4924404466636556,3122254,qlever-server-d,S,991,1709,27010922485,9287664,1206,9,futex_do_wait
4924404466636556,3122258,qlever-server-d,S,0,0,4003043,817031,34,6,futex_do_wait
4924404466636556,3122806,qlever-server-d,S,2632,6,26391486694,6535664,247,2,futex_do_wait
4924404466636556,3122807,qlever-server-d,S,0,0,10120,0,1,1,futex_do_wait
4924404466636556,3122808,qlever-server-d,S,0,0,93120,0,4,9,ep_poll
4924404466636556,3122809,qlever-server-d,S,0,0,352350,214341,7,0,futex_do_wait
4924404466636556,3122810,qlever-server-d,S,5,26,321990807,86695012,2172,5,futex_do_wait
4924404466636556,3122811,qlever-server-d,S,4,25,299476992,85239130,2277,5,ep_poll
4924404466636556,0,__system__,-,1024714353,7867677233,0,0,0,-1,-
4924404486637165,3122254,qlever-server-d,S,991,1709,27010922485,9287664,1206,9,futex_do_wait
4924404486637165,3122258,qlever-server-d,S,0,0,4003043,817031,34,6,futex_do_wait
4924404486637165,3122806,qlever-server-d,S,2632,6,26391486694,6535664,247,2,futex_do_wait
4924404486637165,3122807,qlever-server-d,S,0,0,10120,0,1,1,futex_do_wait
4924404486637165,3122808,qlever-server-d,S,0,0,93120,0,4,9,ep_poll
4924404486637165,3122809,qlever-server-d,S,0,0,352350,214341,7,0,futex_do_wait
4924404486637165,3122810,qlever-server-d,S,5,26,321990807,86695012,2172,5,futex_do_wait
4924404486637165,3122811,qlever-server-d,S,4,25,299476992,85239130,2277,5,ep_poll
4924404486637165,0,__system__,-,1024714372,7867677266,0,0,0,-1,-
4924404506639334,3122254,qlever-server-d,S,991,1709,27010922485,9287664,1206,9,futex_do_wait
4924404506639334,3122258,qlever-server-d,S,0,0,4003043,817031,34,6,futex_do_wait
4924404506639334,3122806,qlever-server-d,S,2632,6,26391486694,6535664,247,2,futex_do_wait
4924404506639334,3122807,qlever-server-d,S,0,0,10120,0,1,1,futex_do_wait
4924404506639334,3122808,qlever-server-d,S,0,0,93120,0,4,9,ep_poll
4924404506639334,3122809,qlever-server-d,S,0,0,352350,214341,7,0,futex_do_wait
4924404506639334,3122810,qlever-server-d,S,5,26,321990807,86695012,2172,5,futex_do_wait
4924404506639334,3122811,qlever-server-d,S,4,25,299476992,85239130,2277,5,ep_poll
4924404506639334,0,__system__,-,1024714389,7867677296,0,0,0,-1,-
4924404527061969,3122254,qlever-server-d,S,991,1709,27010922485,9287664,1206,9,futex_do_wait
4924404527061969,3122258,qlever-server-d,S,0,0,4003043,817031,34,6,futex_do_wait
4924404527061969,3122806,qlever-server-d,S,2632,6,26391486694,6535664,247,2,futex_do_wait
4924404527061969,3122807,qlever-server-d,S,0,0,10120,0,1,1,futex_do_wait
4924404527061969,3122808,qlever-server-d,S,0,0,93120,0,4,9,ep_poll
4924404527061969,3122809,qlever-server-d,S,0,0,352350,214341,7,0,futex_do_wait
4924404527061969,3122810,qlever-server-d,S,5,26,321990807,86695012,2172,5,futex_do_wait
4924404527061969,3122811,qlever-server-d,S,4,25,299476992,85239130,2277,5,ep_poll
4924404527061969,0,__system__,-,1024714409,7867677330,0,0,0,-1,-
4924404547062008,3122254,qlever-server-d,S,991,1709,27010922485,9287664,1206,9,futex_do_wait
4924404547062008,3122258,qlever-server-d,S,0,0,4003043,817031,34,6,futex_do_wait
4924404547062008,3122806,qlever-server-d,S,2632,6,26391486694,6535664,247,2,futex_do_wait
4924404547062008,3122807,qlever-server-d,S,0,0,10120,0,1,1,futex_do_wait
4924404547062008,3122808,qlever-server-d,S,0,0,93120,0,4,9,ep_poll
4924404547062008,3122809,qlever-server-d,S,0,0,352350,214341,7,0,futex_do_wait
4924404547062008,3122810,qlever-server-d,S,5,26,321990807,86695012,2172,5,futex_do_wait
4924404547062008,3122811,qlever-server-d,S,4,25,299476992,85239130,2277,5,ep_poll
4924404547062008,0,__system__,-,1024714428,7867677361,0,0,0,-1,-
4924404566689109,3122254,qlever-server-d,S,991,1709,27010922485,9287664,1206,9,futex_do_wait
4924404566689109,3122258,qlever-server-d,S,0,0,4003043,817031,34,6,futex_do_wait
4924404566689109,3122806,qlever-server-d,S,2632,6,26391486694,6535664,247,2,futex_do_wait
4924404566689109,3122807,qlever-server-d,S,0,0,10120,0,1,1,futex_do_wait
4924404566689109,3122808,qlever-server-d,S,0,0,93120,0,4,9,ep_poll
4924404566689109,3122809,qlever-server-d,S,0,0,352350,214341,7,0,futex_do_wait
4924404566689109,3122810,qlever-server-d,S,5,26,321990807,86695012,2172,5,futex_do_wait
4924404566689109,3122811,qlever-server-d,S,4,25,299476992,85239130,2277,5,ep_poll
4924404566689109,0,__system__,-,1024714447,7867677393,0,0,0,-1,-
4924404586633668,3122254,qlever-server-d,S,991,1709,27010922485,9287664,1206,9,futex_do_wait
4924404586633668,3122258,qlever-server-d,S,0,0,4003043,817031,34,6,futex_do_wait
4924404586633668,3122806,qlever-server-d,S,2632,6,26391486694,6535664,247,2,futex_do_wait
4924404586633668,3122807,qlever-server-d,S,0,0,10120,0,1,1,futex_do_wait
4924404586633668,3122808,qlever-server-d,S,0,0,93120,0,4,9,ep_poll
4924404586633668,3122809,qlever-server-d,S,0,0,352350,214341,7,0,futex_do_wait
4924404586633668,3122810,qlever-server-d,S,5,26,321990807,86695012,2172,5,futex_do_wait
4924404586633668,3122811,qlever-server-d,S,4,25,299476992,85239130,2277,5,ep_poll
4924404586633668,0,__system__,-,1024714466,7867677425,0,0,0,-1,-
4924404606629887,3122254,qlever-server-d,S,991,1709,27010922485,9287664,1206,9,futex_do_wait
4924404606629887,3122258,qlever-server-d,S,0,0,4003043,817031,34,6,futex_do_wait
4924404606629887,3122806,qlever-server-d,S,2632,6,26391486694,6535664,247,2,futex_do_wait
4924404606629887,3122807,qlever-server-d,S,0,0,10120,0,1,1,futex_do_wait
4924404606629887,3122808,qlever-server-d,S,0,0,93120,0,4,9,ep_poll
4924404606629887,3122809,qlever-server-d,S,0,0,352350,214341,7,0,futex_do_wait
4924404606629887,3122810,qlever-server-d,S,5,26,321990807,86695012,2172,5,futex_do_wait
4924404606629887,3122811,qlever-server-d,S,4,25,299476992,85239130,2277,5,ep_poll
4924404606629887,0,__system__,-,1024714485,7867677457,0,0,0,-1,-
4924404626633395,3122254,qlever-server-d,S,991,1709,27010922485,9287664,1206,9,futex_do_wait
4924404626633395,3122258,qlever-server-d,S,0,0,4003043,817031,34,6,futex_do_wait
4924404626633395,3122806,qlever-server-d,S,2632,6,26391486694,6535664,247,2,futex_do_wait
4924404626633395,3122807,qlever-server-d,S,0,0,10120,0,1,1,futex_do_wait
4924404626633395,3122808,qlever-server-d,S,0,0,93120,0,4,9,ep_poll
4924404626633395,3122809,qlever-server-d,S,0,0,352350,214341,7,0,futex_do_wait
4924404626633395,3122810,qlever-server-d,S,5,26,321990807,86695012,2172,5,futex_do_wait
4924404626633395,3122811,qlever-server-d,S,4,25,299476992,85239130,2277,5,ep_poll
4924404626633395,0,__system__,-,1024714502,7867677488,0,0,0,-1,-
4924404646638304,3122254,qlever-server-d,S,991,1709,27010922485,9287664,1206,9,futex_do_wait
4924404646638304,3122258,qlever-server-d,S,0,0,4003043,817031,34,6,futex_do_wait
4924404646638304,3122806,qlever-server-d,S,2632,6,26391486694,6535664,247,2,futex_do_wait
4924404646638304,3122807,qlever-server-d,S,0,0,10120,0,1,1,futex_do_wait
4924404646638304,3122808,qlever-server-d,S,0,0,93120,0,4,9,ep_poll
4924404646638304,3122809,qlever-server-d,S,0,0,352350,214341,7,0,futex_do_wait
4924404646638304,3122810,qlever-server-d,S,5,26,321990807,86695012,2172,5,futex_do_wait
4924404646638304,3122811,qlever-server-d,S,4,25,299476992,85239130,2277,5,ep_poll
4924404646638304,0,__system__,-,1024714522,7867677521,0,0,0,-1,-
4924404666636363,3122254,qlever-server-d,S,991,1709,27010922485,9287664,1206,9,futex_do_wait
4924404666636363,3122258,qlever-server-d,S,0,0,4003043,817031,34,6,futex_do_wait
4924404666636363,3122806,qlever-server-d,S,2632,6,26391486694,6535664,247,2,futex_do_wait
4924404666636363,3122807,qlever-server-d,S,0,0,10120,0,1,1,futex_do_wait
4924404666636363,3122808,qlever-server-d,S,0,0,93120,0,4,9,ep_poll
4924404666636363,3122809,qlever-server-d,S,0,0,352350,214341,7,0,futex_do_wait
4924404666636363,3122810,qlever-server-d,S,5,26,321990807,86695012,2172,5,futex_do_wait
4924404666636363,3122811,qlever-server-d,S,4,25,299476992,85239130,2277,5,ep_poll
4924404666636363,0,__system__,-,1024714541,7867677552,0,0,0,-1,-
4924404687054308,3122254,qlever-server-d,S,991,1709,27010922485,9287664,1206,9,futex_do_wait
4924404687054308,3122258,qlever-server-d,S,0,0,4003043,817031,34,6,futex_do_wait
4924404687054308,3122806,qlever-server-d,S,2632,6,26391486694,6535664,247,2,futex_do_wait
4924404687054308,3122807,qlever-server-d,S,0,0,10120,0,1,1,futex_do_wait
4924404687054308,3122808,qlever-server-d,S,0,0,93120,0,4,9,ep_poll
4924404687054308,3122809,qlever-server-d,S,0,0,352350,214341,7,0,futex_do_wait
4924404687054308,3122810,qlever-server-d,S,5,26,321990807,86695012,2172,5,futex_do_wait
4924404687054308,3122811,qlever-server-d,S,4,25,299476992,85239130,2277,5,ep_poll
4924404687054308,0,__system__,-,1024714560,7867677584,0,0,0,-1,-
4924404706629770,3122254,qlever-server-d,S,991,1709,27010922485,9287664,1206,9,futex_do_wait
4924404706629770,3122258,qlever-server-d,S,0,0,4003043,817031,34,6,futex_do_wait
4924404706629770,3122806,qlever-server-d,S,2632,6,26391486694,6535664,247,2,futex_do_wait
4924404706629770,3122807,qlever-server-d,S,0,0,10120,0,1,1,futex_do_wait
4924404706629770,3122808,qlever-server-d,S,0,0,93120,0,4,9,ep_poll
4924404706629770,3122809,qlever-server-d,S,0,0,352350,214341,7,0,futex_do_wait
4924404706629770,3122810,qlever-server-d,S,5,26,321990807,86695012,2172,5,futex_do_wait
4924404706629770,3122811,qlever-server-d,S,4,25,299476992,85239130,2277,5,ep_poll
4924404706629770,0,__system__,-,1024714579,7867677616,0,0,0,-1,-
4924404726638539,3122254,qlever-server-d,S,991,1709,27010922485,9287664,1206,9,futex_do_wait
4924404726638539,3122258,qlever-server-d,S,0,0,4003043,817031,34,6,futex_do_wait
4924404726638539,3122806,qlever-server-d,S,2632,6,26391486694,6535664,247,2,futex_do_wait
4924404726638539,3122807,qlever-server-d,S,0,0,10120,0,1,1,futex_do_wait
4924404726638539,3122808,qlever-server-d,S,0,0,93120,0,4,9,ep_poll
4924404726638539,3122809,qlever-server-d,S,0,0,352350,214341,7,0,futex_do_wait
4924404726638539,3122810,qlever-server-d,S,5,26,321990807,86695012,2172,5,futex_do_wait
4924404726638539,3122811,qlever-server-d,S,4,25,299476992,85239130,2277,5,ep_poll
4924404726638539,0,__system__,-,1024714596,7867677646,0,0,0,-1,-
4924404746636517,3122254,qlever-server-d,S,991,1709,27010922485,9287664,1206,9,futex_do_wait
4924404746636517,3122258,qlever-server-d,S,0,0,4003043,817031,34,6,futex_do_wait
4924404746636517,3122806,qlever-server-d,S,2632,6,26391486694,6535664,247,2,futex_do_wait
4924404746636517,3122807,qlever-server-d,S,0,0,10120,0,1,1,futex_do_wait
4924404746636517,3122808,qlever-server-d,S,0,0,93120,0,4,9,ep_poll
4924404746636517,3122809,qlever-server-d,S,0,0,352350,214341,7,0,futex_do_wait
4924404746636517,3122810,qlever-server-d,S,5,26,321990807,86695012,2172,5,futex_do_wait
4924404746636517,3122811,qlever-server-d,S,4,25,299476992,85239130,2277,5,ep_poll
4924404746636517,0,__system__,-,1024714615,7867677679,0,0,0,-1,-
4924404766637006,3122254,qlever-server-d,S,991,1709,27010922485,9287664,1206,9,futex_do_wait
4924404766637006,3122258,qlever-server-d,S,0,0,4003043,817031,34,6,futex_do_wait
4924404766637006,3122806,qlever-server-d,S,2632,6,26391486694,6535664,247,2,futex_do_wait
4924404766637006,3122807,qlever-server-d,S,0,0,10120,0,1,1,futex_do_wait
4924404766637006,3122808,qlever-server-d,S,0,0,93120,0,4,9,ep_poll
4924404766637006,3122809,qlever-server-d,S,0,0,352350,214341,7,0,futex_do_wait
4924404766637006,3122810,qlever-server-d,S,5,26,321990807,86695012,2172,5,futex_do_wait
4924404766637006,3122811,qlever-server-d,S,4,25,299476992,85239130,2277,5,ep_poll
4924404766637006,0,__system__,-,1024714633,7867677710,0,0,0,-1,-
4924404786639455,3122254,qlever-server-d,S,991,1709,27010922485,9287664,1206,9,futex_do_wait
4924404786639455,3122258,qlever-server-d,S,0,0,4003043,817031,34,6,futex_do_wait
4924404786639455,3122806,qlever-server-d,S,2632,6,26391486694,6535664,247,2,futex_do_wait
4924404786639455,3122807,qlever-server-d,S,0,0,10120,0,1,1,futex_do_wait
4924404786639455,3122808,qlever-server-d,S,0,0,93120,0,4,9,ep_poll
4924404786639455,3122809,qlever-server-d,S,0,0,352350,214341,7,0,futex_do_wait
4924404786639455,3122810,qlever-server-d,S,5,26,321990807,86695012,2172,5,futex_do_wait
4924404786639455,3122811,qlever-server-d,S,4,25,299476992,85239130,2277,5,ep_poll
4924404786639455,0,__system__,-,1024714651,7867677740,0,0,0,-1,-
4924404806633753,3122254,qlever-server-d,S,991,1709,27010922485,9287664,1206,9,futex_do_wait
4924404806633753,3122258,qlever-server-d,S,0,0,4003043,817031,34,6,futex_do_wait
4924404806633753,3122806,qlever-server-d,S,2632,6,26391486694,6535664,247,2,futex_do_wait
4924404806633753,3122807,qlever-server-d,S,0,0,10120,0,1,1,futex_do_wait
4924404806633753,3122808,qlever-server-d,S,0,0,93120,0,4,9,ep_poll
4924404806633753,3122809,qlever-server-d,S,0,0,352350,214341,7,0,futex_do_wait
4924404806633753,3122810,qlever-server-d,S,5,26,321990807,86695012,2172,5,futex_do_wait
4924404806633753,3122811,qlever-server-d,S,4,25,299476992,85239130,2277,5,ep_poll
4924404806633753,0,__system__,-,1024714673,7867677775,0,0,0,-1,-
4924404826631302,3122254,qlever-server-d,S,991,1709,27010922485,9287664,1206,9,futex_do_wait
4924404826631302,3122258,qlever-server-d,S,0,0,4003043,817031,34,6,futex_do_wait
4924404826631302,3122806,qlever-server-d,S,2632,6,26391486694,6535664,247,2,futex_do_wait
4924404826631302,3122807,qlever-server-d,S,0,0,10120,0,1,1,futex_do_wait
4924404826631302,3122808,qlever-server-d,S,0,0,93120,0,4,9,ep_poll
4924404826631302,3122809,qlever-server-d,S,0,0,352350,214341,7,0,futex_do_wait
4924404826631302,3122810,qlever-server-d,S,5,26,321990807,86695012,2172,5,futex_do_wait
4924404826631302,3122811,qlever-server-d,S,4,25,299476992,85239130,2277,5,ep_poll
4924404826631302,0,__system__,-,1024714689,7867677805,0,0,0,-1,-
4924404846630300,3122254,qlever-server-d,S,991,1709,27010922485,9287664,1206,9,futex_do_wait
4924404846630300,3122258,qlever-server-d,S,0,0,4003043,817031,34,6,futex_do_wait
4924404846630300,3122806,qlever-server-d,S,2632,6,26391486694,6535664,247,2,futex_do_wait
4924404846630300,3122807,qlever-server-d,S,0,0,10120,0,1,1,futex_do_wait
4924404846630300,3122808,qlever-server-d,S,0,0,93120,0,4,9,ep_poll
4924404846630300,3122809,qlever-server-d,S,0,0,352350,214341,7,0,futex_do_wait
4924404846630300,3122810,qlever-server-d,S,5,26,321990807,86695012,2172,5,futex_do_wait
4924404846630300,3122811,qlever-server-d,S,4,25,299476992,85239130,2277,5,ep_poll
4924404846630300,0,__system__,-,1024714706,7867677838,0,0,0,-1,-
4924404866634219,3122254,qlever-server-d,S,991,1709,27010922485,9287664,1206,9,futex_do_wait
4924404866634219,3122258,qlever-server-d,S,0,0,4003043,817031,34,6,futex_do_wait
4924404866634219,3122806,qlever-server-d,S,2632,6,26391486694,6535664,247,2,futex_do_wait
4924404866634219,3122807,qlever-server-d,S,0,0,10120,0,1,1,futex_do_wait
4924404866634219,3122808,qlever-server-d,S,0,0,93120,0,4,9,ep_poll
4924404866634219,3122809,qlever-server-d,S,0,0,352350,214341,7,0,futex_do_wait
4924404866634219,3122810,qlever-server-d,S,5,26,321990807,86695012,2172,5,futex_do_wait
4924404866634219,3122811,qlever-server-d,S,4,25,299476992,85239130,2277,5,ep_poll
4924404866634219,0,__system__,-,1024714721,7867677868,0,0,0,-1,-
4924404886630758,3122254,qlever-server-d,S,991,1709,27010922485,9287664,1206,9,futex_do_wait
4924404886630758,3122258,qlever-server-d,S,0,0,4003043,817031,34,6,futex_do_wait
4924404886630758,3122806,qlever-server-d,S,2632,6,26391486694,6535664,247,2,futex_do_wait
4924404886630758,3122807,qlever-server-d,S,0,0,10120,0,1,1,futex_do_wait
4924404886630758,3122808,qlever-server-d,S,0,0,93120,0,4,9,ep_poll
4924404886630758,3122809,qlever-server-d,S,0,0,352350,214341,7,0,futex_do_wait
4924404886630758,3122810,qlever-server-d,S,5,26,321990807,86695012,2172,5,futex_do_wait
4924404886630758,3122811,qlever-server-d,S,4,25,299476992,85239130,2277,5,ep_poll
4924404886630758,0,__system__,-,1024714738,7867677900,0,0,0,-1,-
4924404906642586,3122254,qlever-server-d,S,991,1709,27010922485,9287664,1206,9,futex_do_wait
4924404906642586,3122258,qlever-server-d,S,0,0,4003043,817031,34,6,futex_do_wait
4924404906642586,3122806,qlever-server-d,S,2632,6,26391486694,6535664,247,2,futex_do_wait
4924404906642586,3122807,qlever-server-d,S,0,0,10120,0,1,1,futex_do_wait
4924404906642586,3122808,qlever-server-d,S,0,0,93120,0,4,9,ep_poll
4924404906642586,3122809,qlever-server-d,S,0,0,352350,214341,7,0,futex_do_wait
4924404906642586,3122810,qlever-server-d,S,5,26,321990807,86695012,2172,5,futex_do_wait
4924404906642586,3122811,qlever-server-d,S,4,25,299476992,85239130,2277,5,ep_poll
4924404906642586,0,__system__,-,1024714758,7867677933,0,0,0,-1,-
4924404926632325,3122254,qlever-server-d,S,991,1709,27010922485,9287664,1206,9,futex_do_wait
4924404926632325,3122258,qlever-server-d,S,0,0,4003043,817031,34,6,futex_do_wait
4924404926632325,3122806,qlever-server-d,S,2632,6,26391486694,6535664,247,2,futex_do_wait
4924404926632325,3122807,qlever-server-d,S,0,0,10120,0,1,1,futex_do_wait
4924404926632325,3122808,qlever-server-d,S,0,0,93120,0,4,9,ep_poll
4924404926632325,3122809,qlever-server-d,S,0,0,352350,214341,7,0,futex_do_wait
4924404926632325,3122810,qlever-server-d,S,5,26,321990807,86695012,2172,5,futex_do_wait
4924404926632325,3122811,qlever-server-d,S,4,25,299476992,85239130,2277,5,ep_poll
4924404926632325,0,__system__,-,1024714777,7867677964,0,0,0,-1,-
4924404946627294,3122254,qlever-server-d,S,991,1709,27010922485,9287664,1206,9,futex_do_wait
4924404946627294,3122258,qlever-server-d,S,0,0,4003043,817031,34,6,futex_do_wait
4924404946627294,3122806,qlever-server-d,S,2632,6,26391486694,6535664,247,2,futex_do_wait
4924404946627294,3122807,qlever-server-d,S,0,0,10120,0,1,1,futex_do_wait
4924404946627294,3122808,qlever-server-d,S,0,0,93120,0,4,9,ep_poll
4924404946627294,3122809,qlever-server-d,S,0,0,352350,214341,7,0,futex_do_wait
4924404946627294,3122810,qlever-server-d,S,5,26,321990807,86695012,2172,5,futex_do_wait
4924404946627294,3122811,qlever-server-d,S,4,25,299476992,85239130,2277,5,ep_poll
4924404946627294,0,__system__,-,1024714795,7867677995,0,0,0,-1,-
4924404966632852,3122254,qlever-server-d,S,991,1709,27010922485,9287664,1206,9,futex_do_wait
4924404966632852,3122258,qlever-server-d,S,0,0,4003043,817031,34,6,futex_do_wait
4924404966632852,3122806,qlever-server-d,S,2632,6,26391486694,6535664,247,2,futex_do_wait
4924404966632852,3122807,qlever-server-d,S,0,0,10120,0,1,1,futex_do_wait
4924404966632852,3122808,qlever-server-d,S,0,0,93120,0,4,9,ep_poll
4924404966632852,3122809,qlever-server-d,S,0,0,352350,214341,7,0,futex_do_wait
4924404966632852,3122810,qlever-server-d,S,5,26,321990807,86695012,2172,5,futex_do_wait
4924404966632852,3122811,qlever-server-d,S,4,25,299476992,85239130,2277,5,ep_poll
4924404966632852,0,__system__,-,1024714814,7867678028,0,0,0,-1,-
4924404986636641,3122254,qlever-server-d,S,991,1709,27010922485,9287664,1206,9,futex_do_wait
4924404986636641,3122258,qlever-server-d,S,0,0,4003043,817031,34,6,futex_do_wait
4924404986636641,3122806,qlever-server-d,S,2632,6,26391486694,6535664,247,2,futex_do_wait
4924404986636641,3122807,qlever-server-d,S,0,0,10120,0,1,1,futex_do_wait
4924404986636641,3122808,qlever-server-d,S,0,0,93120,0,4,9,ep_poll
4924404986636641,3122809,qlever-server-d,S,0,0,352350,214341,7,0,futex_do_wait
4924404986636641,3122810,qlever-server-d,S,5,26,321990807,86695012,2172,5,futex_do_wait
4924404986636641,3122811,qlever-server-d,S,4,25,299476992,85239130,2277,5,ep_poll
4924404986636641,0,__system__,-,1024714831,7867678059,0,0,0,-1,-
4924405006948287,3122254,qlever-server-d,S,991,1709,27010922485,9287664,1206,9,futex_do_wait
4924405006948287,3122258,qlever-server-d,S,0,0,4003043,817031,34,6,futex_do_wait
4924405006948287,3122806,qlever-server-d,S,2632,6,26391486694,6535664,247,2,futex_do_wait
4924405006948287,3122807,qlever-server-d,S,0,0,10120,0,1,1,futex_do_wait
4924405006948287,3122808,qlever-server-d,S,0,0,93120,0,4,9,ep_poll
4924405006948287,3122809,qlever-server-d,S,0,0,352350,214341,7,0,futex_do_wait
4924405006948287,3122810,qlever-server-d,S,5,26,321990807,86695012,2172,5,futex_do_wait
4924405006948287,3122811,qlever-server-d,S,4,25,299476992,85239130,2277,5,ep_poll
4924405006948287,0,__system__,-,1024714847,7867678091,0,0,0,-1,-
4924405026642768,3122254,qlever-server-d,S,991,1709,27010922485,9287664,1206,9,futex_do_wait
4924405026642768,3122258,qlever-server-d,S,0,0,4003043,817031,34,6,futex_do_wait
4924405026642768,3122806,qlever-server-d,S,2632,6,26391486694,6535664,247,2,futex_do_wait
4924405026642768,3122807,qlever-server-d,S,0,0,10120,0,1,1,futex_do_wait
4924405026642768,3122808,qlever-server-d,S,0,0,93120,0,4,9,ep_poll
4924405026642768,3122809,qlever-server-d,S,0,0,352350,214341,7,0,futex_do_wait
4924405026642768,3122810,qlever-server-d,S,5,26,321990807,86695012,2172,5,futex_do_wait
4924405026642768,3122811,qlever-server-d,S,4,25,299476992,85239130,2277,5,ep_poll
4924405026642768,0,__system__,-,1024714863,7867678122,0,0,0,-1,-
4924405046634747,3122254,qlever-server-d,S,991,1709,27010922485,9287664,1206,9,futex_do_wait
4924405046634747,3122258,qlever-server-d,S,0,0,4003043,817031,34,6,futex_do_wait
4924405046634747,3122806,qlever-server-d,S,2632,6,26391486694,6535664,247,2,futex_do_wait
4924405046634747,3122807,qlever-server-d,S,0,0,10120,0,1,1,futex_do_wait
4924405046634747,3122808,qlever-server-d,S,0,0,93120,0,4,9,ep_poll
4924405046634747,3122809,qlever-server-d,S,0,0,352350,214341,7,0,futex_do_wait
4924405046634747,3122810,qlever-server-d,S,5,26,321990807,86695012,2172,5,futex_do_wait
4924405046634747,3122811,qlever-server-d,S,4,25,299476992,85239130,2277,5,ep_poll
4924405046634747,0,__system__,-,1024714882,7867678155,0,0,0,-1,-
4924405066634916,3122254,qlever-server-d,S,991,1709,27010922485,9287664,1206,9,futex_do_wait
4924405066634916,3122258,qlever-server-d,S,0,0,4003043,817031,34,6,futex_do_wait
4924405066634916,3122806,qlever-server-d,S,2632,6,26391486694,6535664,247,2,futex_do_wait
4924405066634916,3122807,qlever-server-d,S,0,0,10120,0,1,1,futex_do_wait
4924405066634916,3122808,qlever-server-d,S,0,0,93120,0,4,9,ep_poll
4924405066634916,3122809,qlever-server-d,S,0,0,352350,214341,7,0,futex_do_wait
4924405066634916,3122810,qlever-server-d,S,5,26,321990807,86695012,2172,5,futex_do_wait
4924405066634916,3122811,qlever-server-d,S,4,25,299476992,85239130,2277,5,ep_poll
4924405066634916,0,__system__,-,1024714899,7867678187,0,0,0,-1,-
4924405086638344,3122254,qlever-server-d,S,991,1709,27010922485,9287664,1206,9,futex_do_wait
4924405086638344,3122258,qlever-server-d,S,0,0,4003043,817031,34,6,futex_do_wait
4924405086638344,3122806,qlever-server-d,S,2632,6,26391486694,6535664,247,2,futex_do_wait
4924405086638344,3122807,qlever-server-d,S,0,0,10120,0,1,1,futex_do_wait
4924405086638344,3122808,qlever-server-d,S,0,0,93120,0,4,9,ep_poll
4924405086638344,3122809,qlever-server-d,S,0,0,352350,214341,7,0,futex_do_wait
4924405086638344,3122810,qlever-server-d,S,5,26,321990807,86695012,2172,5,futex_do_wait
4924405086638344,3122811,qlever-server-d,S,4,25,299476992,85239130,2277,5,ep_poll
4924405086638344,0,__system__,-,1024714915,7867678218,0,0,0,-1,-
4924405106736122,3122254,qlever-server-d,S,991,1709,27010922485,9287664,1206,9,futex_do_wait
4924405106736122,3122258,qlever-server-d,S,0,0,4003043,817031,34,6,futex_do_wait
4924405106736122,3122806,qlever-server-d,S,2632,6,26391486694,6535664,247,2,futex_do_wait
4924405106736122,3122807,qlever-server-d,S,0,0,10120,0,1,1,futex_do_wait
4924405106736122,3122808,qlever-server-d,S,0,0,93120,0,4,9,ep_poll
4924405106736122,3122809,qlever-server-d,S,0,0,352350,214341,7,0,futex_do_wait
4924405106736122,3122810,qlever-server-d,S,5,26,321990807,86695012,2172,5,futex_do_wait
4924405106736122,3122811,qlever-server-d,S,4,25,299476992,85239130,2277,5,ep_poll
4924405106736122,0,__system__,-,1024714931,7867678250,0,0,0,-1,-
4924405126636752,3122254,qlever-server-d,S,991,1709,27010922485,9287664,1206,9,futex_do_wait
4924405126636752,3122258,qlever-server-d,S,0,0,4003043,817031,34,6,futex_do_wait
4924405126636752,3122806,qlever-server-d,S,2632,6,26391486694,6535664,247,2,futex_do_wait
4924405126636752,3122807,qlever-server-d,S,0,0,10120,0,1,1,futex_do_wait
4924405126636752,3122808,qlever-server-d,S,0,0,93120,0,4,9,ep_poll
4924405126636752,3122809,qlever-server-d,S,0,0,352350,214341,7,0,futex_do_wait
4924405126636752,3122810,qlever-server-d,S,5,26,321990807,86695012,2172,5,futex_do_wait
4924405126636752,3122811,qlever-server-d,S,4,25,299476992,85239130,2277,5,ep_poll
4924405126636752,0,__system__,-,1024714948,7867678283,0,0,0,-1,-
4924405146638510,3122254,qlever-server-d,S,991,1709,27010922485,9287664,1206,9,futex_do_wait
4924405146638510,3122258,qlever-server-d,S,0,0,4003043,817031,34,6,futex_do_wait
4924405146638510,3122806,qlever-server-d,S,2632,6,26391486694,6535664,247,2,futex_do_wait
4924405146638510,3122807,qlever-server-d,S,0,0,10120,0,1,1,futex_do_wait
4924405146638510,3122808,qlever-server-d,S,0,0,93120,0,4,9,ep_poll
4924405146638510,3122809,qlever-server-d,S,0,0,352350,214341,7,0,futex_do_wait
4924405146638510,3122810,qlever-server-d,S,5,26,321990807,86695012,2172,5,futex_do_wait
4924405146638510,3122811,qlever-server-d,S,4,25,299476992,85239130,2277,5,ep_poll
4924405146638510,0,__system__,-,1024714963,7867678313,0,0,0,-1,-
4924405166626069,3122254,qlever-server-d,S,991,1709,27010922485,9287664,1206,9,futex_do_wait
4924405166626069,3122258,qlever-server-d,S,0,0,4003043,817031,34,6,futex_do_wait
4924405166626069,3122806,qlever-server-d,S,2632,6,26391486694,6535664,247,2,futex_do_wait
4924405166626069,3122807,qlever-server-d,S,0,0,10120,0,1,1,futex_do_wait
4924405166626069,3122808,qlever-server-d,S,0,0,93120,0,4,9,ep_poll
4924405166626069,3122809,qlever-server-d,S,0,0,352350,214341,7,0,futex_do_wait
4924405166626069,3122810,qlever-server-d,S,5,26,321990807,86695012,2172,5,futex_do_wait
4924405166626069,3122811,qlever-server-d,S,4,25,299476992,85239130,2277,5,ep_poll
4924405166626069,0,__system__,-,1024714983,7867678346,0,0,0,-1,-
4924405186643117,3122254,qlever-server-d,S,991,1709,27010922485,9287664,1206,9,futex_do_wait
4924405186643117,3122258,qlever-server-d,S,0,0,4003043,817031,34,6,futex_do_wait
4924405186643117,3122806,qlever-server-d,S,2632,6,26391938444,6535664,248,8,futex_do_wait
4924405186643117,3122807,qlever-server-d,S,0,0,10120,0,1,1,futex_do_wait
4924405186643117,3122808,qlever-server-d,S,0,0,93120,0,4,9,ep_poll
4924405186643117,3122809,qlever-server-d,S,0,0,414310,214341,8,0,futex_do_wait
4924405186643117,3122810,qlever-server-d,S,5,27,322976188,86705142,2178,1,futex_do_wait
4924405186643117,3122811,qlever-server-d,S,4,25,299660592,85239130,2283,7,ep_poll
4924405186643117,3123964,qlever-server-d,S,0,0,23810,0,1,15,futex_do_wait
4924405186643117,3123965,qlever-server-d,S,0,0,277990,0,1,5,futex_do_wait
4924405186643117,3123966,qlever-server-d,R,0,0,922080,0,1,12,0
4924405186643117,0,__system__,-,1024715001,7867678377,0,0,0,-1,-
4924405206650376,3122254,qlever-server-d,S,991,1709,27010922485,9287664,1206,9,futex_do_wait
4924405206650376,3122258,qlever-server-d,S,0,0,4003043,817031,34,6,futex_do_wait
4924405206650376,3122806,qlever-server-d,R,2632,6,26397358607,6535664,249,2,0
4924405206650376,3122807,qlever-server-d,S,0,0,10120,0,1,1,futex_do_wait
4924405206650376,3122808,qlever-server-d,S,0,0,93120,0,4,9,ep_poll
4924405206650376,3122809,qlever-server-d,S,0,0,414310,214341,8,0,futex_do_wait
4924405206650376,3122810,qlever-server-d,S,5,27,322976188,86705142,2178,1,futex_do_wait
4924405206650376,3122811,qlever-server-d,S,4,25,299660592,85239130,2283,7,ep_poll
4924405206650376,3123964,qlever-server-d,S,0,0,23810,0,1,15,futex_do_wait
4924405206650376,3123965,qlever-server-d,S,0,0,439670,0,3,6,futex_do_wait
4924405206650376,3123966,qlever-server-d,R,1,0,16972150,0,11,4,0
4924405206650376,3123967,qlever-server-d,S,0,0,8053424,0,9,15,futex_do_wait
4924405206650376,3123968,qlever-server-d,S,0,0,7007844,0,21,12,futex_do_wait
4924405206650376,3123969,qlever-server-d,R,1,0,15437358,0,2,7,0
4924405206650376,3123970,qlever-server-d,R,1,0,14087477,0,17,13,0
4924405206650376,0,__system__,-,1024715026,7867678411,0,0,0,-1,-
4924405226638265,3122254,qlever-server-d,S,991,1709,27010922485,9287664,1206,9,futex_do_wait
4924405226638265,3122258,qlever-server-d,S,0,0,4003043,817031,34,6,futex_do_wait
4924405226638265,3122806,qlever-server-d,R,2634,6,26417724118,6535664,249,2,0
4924405226638265,3122807,qlever-server-d,S,0,0,10120,0,1,1,futex_do_wait
4924405226638265,3122808,qlever-server-d,S,0,0,93120,0,4,9,ep_poll
4924405226638265,3122809,qlever-server-d,S,0,0,414310,214341,8,0,futex_do_wait
4924405226638265,3122810,qlever-server-d,S,5,27,322976188,86705142,2178,1,futex_do_wait
4924405226638265,3122811,qlever-server-d,S,4,25,299704832,85239130,2284,0,ep_poll
4924405226638265,3123964,qlever-server-d,S,0,0,23810,0,1,15,futex_do_wait
4924405226638265,3123965,qlever-server-d,S,0,0,726351,0,7,5,futex_do_wait
4924405226638265,3123966,qlever-server-d,R,3,0,36685120,0,15,4,0
4924405226638265,3123967,qlever-server-d,S,1,0,11180807,211720,21,14,futex_do_wait
4924405226638265,3123968,qlever-server-d,S,0,0,10088956,3183383,33,5,futex_do_wait
4924405226638265,3123969,qlever-server-d,R,3,0,34830269,60000,11,6,0
4924405226638265,3123970,qlever-server-d,R,3,0,34163568,0,23,13,0
4924405226638265,0,__system__,-,1024715051,7867678442,0,0,0,-1,-
4924405246657253,3122254,qlever-server-d,S,991,1709,27010922485,9287664,1206,9,futex_do_wait
4924405246657253,3122258,qlever-server-d,S,0,0,4003043,817031,34,6,futex_do_wait
4924405246657253,3122806,qlever-server-d,R,2636,6,26437314409,6572474,251,2,0
4924405246657253,3122807,qlever-server-d,S,0,0,10120,0,1,1,futex_do_wait
4924405246657253,3122808,qlever-server-d,S,0,0,93120,0,4,9,ep_poll
4924405246657253,3122809,qlever-server-d,S,0,0,414310,214341,8,0,futex_do_wait
4924405246657253,3122810,qlever-server-d,S,5,27,322976188,86705142,2178,1,futex_do_wait
4924405246657253,3122811,qlever-server-d,S,4,25,299704832,85239130,2284,0,ep_poll
4924405246657253,3123964,qlever-server-d,S,0,0,52990,0,2,7,futex_do_wait
4924405246657253,3123965,qlever-server-d,S,0,0,962661,2316271,12,5,futex_do_wait
4924405246657253,3123966,qlever-server-d,R,5,0,56466432,100730,19,4,0
4924405246657253,3123967,qlever-server-d,S,1,0,14546038,217440,33,5,futex_do_wait
4924405246657253,3123968,qlever-server-d,R,1,0,13635266,5376784,45,13,0
4924405246657253,3123969,qlever-server-d,R,5,0,54665681,75230,14,12,0
4924405246657253,3123970,qlever-server-d,R,5,0,53655879,448290,25,13,0
4924405246657253,0,__system__,-,1024715075,7867678473,0,0,0,-1,-
4924405266642902,3122254,qlever-server-d,S,991,1709,27010922485,9287664,1206,9,futex_do_wait
4924405266642902,3122258,qlever-server-d,S,0,0,4003043,817031,34,6,futex_do_wait
4924405266642902,3122806,qlever-server-d,R,2638,6,26457313690,6572474,251,2,0
4924405266642902,3122807,qlever-server-d,S,0,0,10120,0,1,1,futex_do_wait
4924405266642902,3122808,qlever-server-d,S,0,0,93120,0,4,9,ep_poll
4924405266642902,3122809,qlever-server-d,S,0,0,414310,214341,8,0,futex_do_wait
4924405266642902,3122810,qlever-server-d,S,5,27,322976188,86705142,2178,1,futex_do_wait
4924405266642902,3122811,qlever-server-d,S,4,25,299704832,85239130,2284,0,ep_poll
4924405266642902,3123964,qlever-server-d,S,0,0,52990,0,2,7,futex_do_wait
4924405266642902,3123965,qlever-server-d,S,0,0,1138861,2321641,14,3,0
4924405266642902,3123966,qlever-server-d,R,6,0,69771611,1522440,43,3,0
4924405266642902,3123967,qlever-server-d,S,1,0,16669999,217440,40,4,futex_do_wait
4924405266642902,3123968,qlever-server-d,S,1,0,15858636,5764604,52,5,futex_do_wait
4924405266642902,3123969,qlever-server-d,R,7,0,74664572,75230,14,12,0
4924405266642902,3123970,qlever-server-d,R,7,0,72770120,828450,28,13,0
4924405266642902,0,__system__,-,1024715098,7867678504,0,0,0,-1,-
4924405287092097,3122254,qlever-server-d,S,991,1709,27010922485,9287664,1206,9,futex_do_wait
4924405287092097,3122258,qlever-server-d,S,0,0,4003043,817031,34,6,futex_do_wait
4924405287092097,3122806,qlever-server-d,R,2640,6,26478313772,6572474,251,2,0
4924405287092097,3122807,qlever-server-d,S,0,0,10120,0,1,1,futex_do_wait
4924405287092097,3122808,qlever-server-d,S,0,0,93120,0,4,9,ep_poll
4924405287092097,3122809,qlever-server-d,S,0,0,414310,214341,8,0,futex_do_wait
4924405287092097,3122810,qlever-server-d,S,5,27,322976188,86705142,2178,1,futex_do_wait
4924405287092097,3122811,qlever-server-d,S,4,25,299704832,85239130,2284,0,ep_poll
4924405287092097,3123964,qlever-server-d,S,0,0,80230,0,3,7,futex_do_wait
4924405287092097,3123965,qlever-server-d,S,0,0,1260931,2321641,16,8,futex_do_wait
4924405287092097,3123966,qlever-server-d,R,8,0,85199261,2213140,59,11,0
4924405287092097,3123967,qlever-server-d,S,1,0,18643340,1276050,49,7,futex_do_wait
4924405287092097,3123968,qlever-server-d,S,1,0,19058059,6659725,61,8,futex_do_wait
4924405287092097,3123969,qlever-server-d,R,9,0,94422663,102660,19,12,0
4924405287092097,3123970,qlever-server-d,R,9,0,92105171,828450,35,13,0
4924405287092097,0,__system__,-,1024715125,7867678537,0,0,0,-1,-
4924405306631779,3122254,qlever-server-d,S,991,1709,27010922485,9287664,1206,9,futex_do_wait
4924405306631779,3122258,qlever-server-d,S,0,0,4003043,817031,34,6,futex_do_wait
4924405306631779,3122806,qlever-server-d,R,2642,6,26497314142,6572474,251,2,0
4924405306631779,3122807,qlever-server-d,S,0,0,10120,0,1,1,futex_do_wait
4924405306631779,3122808,qlever-server-d,S,0,0,93120,0,4,9,ep_poll
4924405306631779,3122809,qlever-server-d,S,0,0,414310,214341,8,0,futex_do_wait
4924405306631779,3122810,qlever-server-d,S,5,27,322976188,86705142,2178,1,futex_do_wait
4924405306631779,3122811,qlever-server-d,S,4,25,299704832,85239130,2284,0,ep_poll
4924405306631779,3123964,qlever-server-d,S,0,0,80230,0,3,7,futex_do_wait
4924405306631779,3123965,qlever-server-d,R,0,0,1441931,2328331,19,3,0
4924405306631779,3123966,qlever-server-d,R,9,0,99994440,2805791,74,3,0
4924405306631779,3123967,qlever-server-d,S,1,0,21055712,3208571,58,10,futex_do_wait
4924405306631779,3123968,qlever-server-d,R,1,0,21047249,9176117,70,8,0
4924405306631779,3123969,qlever-server-d,R,10,0,114375144,151940,22,12,0
4924405306631779,3123970,qlever-server-d,R,10,0,109211041,2326711,50,13,0
4924405306631779,0,__system__,-,1024715151,7867678570,0,0,0,-1,-
4924405326641618,3122254,qlever-server-d,S,991,1709,27010922485,9287664,1206,9,futex_do_wait
4924405326641618,3122258,qlever-server-d,S,0,0,4003043,817031,34,6,futex_do_wait
4924405326641618,3122806,qlever-server-d,R,2644,6,26517314273,6572474,251,2,0
4924405326641618,3122807,qlever-server-d,S,0,0,10120,0,1,1,futex_do_wait
4924405326641618,3122808,qlever-server-d,S,0,0,93120,0,4,9,ep_poll
4924405326641618,3122809,qlever-server-d,S,0,0,414310,214341,8,0,futex_do_wait
4924405326641618,3122810,qlever-server-d,S,5,27,322976188,86705142,2178,1,futex_do_wait
4924405326641618,3122811,qlever-server-d,S,4,25,299704832,85239130,2284,0,ep_poll
4924405326641618,3123964,qlever-server-d,S,0,0,80230,0,3,7,futex_do_wait
4924405326641618,3123965,qlever-server-d,S,0,0,1711601,3349991,23,15,futex_do_wait
4924405326641618,3123966,qlever-server-d,R,11,0,119374130,2811421,79,3,0
4924405326641618,3123967,qlever-server-d,S,1,0,23523444,7028382,69,1,futex_do_wait
4924405326641618,3123968,qlever-server-d,S,2,0,24126272,11300719,80,10,futex_do_wait
4924405326641618,3123969,qlever-server-d,R,12,0,133384273,858651,25,12,0
4924405326641618,3123970,qlever-server-d,R,12,0,128414282,2326711,57,13,0
4924405326641618,0,__system__,-,1024715175,7867678601,0,0,0,-1,-
4924405346667946,3122254,qlever-server-d,S,991,1709,27010922485,9287664,1206,9,futex_do_wait
4924405346667946,3122258,qlever-server-d,S,0,0,4003043,817031,34,6,futex_do_wait
4924405346667946,3122806,qlever-server-d,R,2646,6,26538224185,6572474,251,2,0
4924405346667946,3122807,qlever-server-d,S,0,0,10120,0,1,1,futex_do_wait
4924405346667946,3122808,qlever-server-d,S,0,0,93120,0,4,9,ep_poll
4924405346667946,3122809,qlever-server-d,S,0,0,414310,214341,8,0,futex_do_wait
4924405346667946,3122810,qlever-server-d,S,5,27,322976188,86705142,2178,1,futex_do_wait
4924405346667946,3122811,qlever-server-d,S,4,25,299704832,85239130,2284,0,ep_poll
4924405346667946,3123964,qlever-server-d,S,0,0,100610,700060,4,5,futex_do_wait
4924405346667946,3123965,qlever-server-d,S,0,0,1909161,3349991,25,4,futex_do_wait
4924405346667946,3123966,qlever-server-d,R,13,0,134841878,5306343,92,3,0
4924405346667946,3123967,qlever-server-d,S,2,0,25970906,8119844,78,3,futex_do_wait
4924405346667946,3123968,qlever-server-d,S,2,0,26204425,13976671,89,10,futex_do_wait
4924405346667946,3123969,qlever-server-d,R,14,0,152552514,882121,35,7,0
4924405346667946,3123970,qlever-server-d,R,14,0,148106163,2326711,61,13,0
4924405346667946,0,__system__,-,1024715199,7867678632,0,0,0,-1,-
4924405366639315,3122254,qlever-server-d,S,991,1709,27010922485,9287664,1206,9,futex_do_wait
4924405366639315,3122258,qlever-server-d,S,0,0,4003043,817031,34,6,futex_do_wait
4924405366639315,3122806,qlever-server-d,R,2648,6,26557313716,6572474,251,2,0
4924405366639315,3122807,qlever-server-d,S,0,0,10120,0,1,1,futex_do_wait
4924405366639315,3122808,qlever-server-d,S,0,0,93120,0,4,9,ep_poll
4924405366639315,3122809,qlever-server-d,S,0,0,414310,214341,8,0,futex_do_wait
4924405366639315,3122810,qlever-server-d,S,5,27,322976188,86705142,2178,1,futex_do_wait
4924405366639315,3122811,qlever-server-d,S,4,25,299704832,85239130,2284,0,ep_poll
4924405366639315,3123964,qlever-server-d,S,0,0,100610,700060,4,5,futex_do_wait
4924405366639315,3123965,qlever-server-d,S,0,0,2135031,3361971,28,5,futex_do_wait
4924405366639315,3123966,qlever-server-d,S,14,0,151645098,6307234,105,3,futex_do_wait
4924405366639315,3123967,qlever-server-d,S,2,0,27988988,10113956,86,10,futex_do_wait
4924405366639315,3123968,qlever-server-d,S,2,0,28245948,16667283,98,3,futex_do_wait
4924405366639315,3123969,qlever-server-d,R,16,0,172536915,895101,36,14,0
4924405366639315,3123970,qlever-server-d,R,16,0,167900024,2326711,63,13,0
4924405366639315,0,__system__,-,1024715224,7867678665,0,0,0,-1,-
4924405386646774,3122254,qlever-server-d,S,991,1709,27010922485,9287664,1206,9,futex_do_wait
4924405386646774,3122258,qlever-server-d,S,0,0,4003043,817031,34,6,futex_do_wait
4924405386646774,3122806,qlever-server-d,R,2650,6,26577316017,6572474,251,2,0
4924405386646774,3122807,qlever-server-d,S,0,0,10120,0,1,1,futex_do_wait
4924405386646774,3122808,qlever-server-d,S,0,0,93120,0,4,9,ep_poll
4924405386646774,3122809,qlever-server-d,S,0,0,414310,214341,8,0,futex_do_wait
4924405386646774,3122810,qlever-server-d,S,5,27,322976188,86705142,2178,1,futex_do_wait
4924405386646774,3122811,qlever-server-d,S,4,25,299704832,85239130,2284,0,ep_poll
4924405386646774,3123964,qlever-server-d,R,0,0,100610,700060,4,5,0
4924405386646774,3123965,qlever-server-d,S,0,0,2192691,3361971,29,12,futex_do_wait
4924405386646774,3123966,qlever-server-d,R,15,0,162903693,7021885,129,3,0
4924405386646774,3123967,qlever-server-d,R,2,0,29288928,10601536,92,4,0
4924405386646774,3123968,qlever-server-d,R,2,0,29753628,17093403,103,4,0
4924405386646774,3123969,qlever-server-d,R,18,0,192045936,895101,49,6,0
4924405386646774,3123970,qlever-server-d,R,18,0,187900095,2326711,63,13,0
4924405386646774,0,__system__,-,1024715247,7867678696,0,0,0,-1,-
4924405406632143,3122254,qlever-server-d,S,991,1709,27010922485,9287664,1206,9,futex_do_wait
4924405406632143,3122258,qlever-server-d,S,0,0,4003043,817031,34,6,futex_do_wait
4924405406632143,3122806,qlever-server-d,R,2652,6,26597316898,6572474,251,2,0
4924405406632143,3122807,qlever-server-d,S,0,0,10120,0,1,1,futex_do_wait
4924405406632143,3122808,qlever-server-d,S,0,0,93120,0,4,9,ep_poll
4924405406632143,3122809,qlever-server-d,S,0,0,414310,214341,8,0,futex_do_wait
4924405406632143,3122810,qlever-server-d,S,5,27,322976188,86705142,2178,1,futex_do_wait
4924405406632143,3122811,qlever-server-d,S,4,25,299704832,85239130,2284,0,ep_poll
4924405406632143,3123964,qlever-server-d,S,0,0,122240,2298651,5,14,futex_do_wait
4924405406632143,3123965,qlever-server-d,S,0,0,2306601,3361971,31,12,futex_do_wait
4924405406632143,3123966,qlever-server-d,R,17,0,175536319,7851726,148,7,0
4924405406632143,3123967,qlever-server-d,S,2,0,31724302,12172657,98,12,futex_do_wait
4924405406632143,3123968,qlever-server-d,S,2,0,31729621,17799984,110,5,futex_do_wait
4924405406632143,3123969,qlever-server-d,R,20,0,210954447,1329681,54,14,0
4924405406632143,3123970,qlever-server-d,R,20,0,205898946,2359931,79,5,0
4924405406632143,0,__system__,-,1024715271,7867678727,0,0,0,-1,-
4924405426643501,3122254,qlever-server-d,S,991,1709,27010922485,9287664,1206,9,futex_do_wait
4924405426643501,3122258,qlever-server-d,S,0,0,4003043,817031,34,6,futex_do_wait
4924405426643501,3122806,qlever-server-d,R,2654,6,26617314239,6572474,251,2,0
4924405426643501,3122807,qlever-server-d,S,0,0,10120,0,1,1,futex_do_wait
4924405426643501,3122808,qlever-server-d,S,0,0,93120,0,4,9,ep_poll
4924405426643501,3122809,qlever-server-d,S,0,0,414310,214341,8,0,futex_do_wait
4924405426643501,3122810,qlever-server-d,S,5,27,322976188,86705142,2178,1,futex_do_wait
4924405426643501,3122811,qlever-server-d,S,4,25,299704832,85239130,2284,0,ep_poll
4924405426643501,3123964,qlever-server-d,S,0,0,122240,2298651,5,14,futex_do_wait
4924405426643501,3123965,qlever-server-d,S,0,0,2430981,3361971,33,12,futex_do_wait
4924405426643501,3123966,qlever-server-d,S,18,0,194109571,8362416,156,13,futex_do_wait
4924405426643501,3123967,qlever-server-d,S,2,0,34048542,13485138,107,3,futex_do_wait
4924405426643501,3123968,qlever-server-d,S,3,0,34581322,18729084,119,1,futex_do_wait
4924405426643501,3123969,qlever-server-d,R,22,0,228818438,1990872,70,14,0
4924405426643501,3123970,qlever-server-d,R,22,0,225828228,2359931,81,5,0
4924405426643501,0,__system__,-,1024715297,7867678759,0,0,0,-1,-
4924405446638720,3122254,qlever-server-d,S,991,1709,27010922485,9287664,1206,9,futex_do_wait
4924405446638720,3122258,qlever-server-d,S,0,0,4003043,817031,34,6,futex_do_wait
4924405446638720,3122806,qlever-server-d,R,2656,6,26637291940,6593324,252,0,0
4924405446638720,3122807,qlever-server-d,S,0,0,10120,0,1,1,futex_do_wait
4924405446638720,3122808,qlever-server-d,S,0,0,93120,0,4,9,ep_poll
4924405446638720,3122809,qlever-server-d,S,0,0,414310,214341,8,0,futex_do_wait
4924405446638720,3122810,qlever-server-d,S,5,27,322976188,86705142,2178,1,futex_do_wait
4924405446638720,3122811,qlever-server-d,S,4,25,299704832,85239130,2284,0,ep_poll
4924405446638720,3123964,qlever-server-d,S,0,0,146300,2298651,6,6,futex_do_wait
4924405446638720,3123965,qlever-server-d,S,0,0,2562391,3921712,36,14,futex_do_wait
4924405446638720,3123966,qlever-server-d,R,20,0,209542100,8364206,173,6,0
4924405446638720,3123967,qlever-server-d,S,3,0,36428084,15645739,113,1,futex_do_wait
4924405446638720,3123968,qlever-server-d,S,3,0,36234775,19670175,125,15,futex_do_wait
4924405446638720,3123969,qlever-server-d,R,24,0,247646949,2003202,94,12,0
4924405446638720,3123970,qlever-server-d,R,23,0,245810539,2373651,82,14,0
4924405446638720,0,__system__,-,1024715322,7867678791,0,0,0,-1,-
4924405466636479,3122254,qlever-server-d,S,991,1709,27010922485,9287664,1206,9,futex_do_wait
4924405466636479,3122258,qlever-server-d,S,0,0,4003043,817031,34,6,futex_do_wait
4924405466636479,3122806,qlever-server-d,R,2658,6,26657272261,6611024,253,3,0
4924405466636479,3122807,qlever-server-d,S,0,0,10120,0,1,1,futex_do_wait
4924405466636479,3122808,qlever-server-d,S,0,0,93120,0,4,9,ep_poll
4924405466636479,3122809,qlever-server-d,S,0,0,414310,214341,8,0,futex_do_wait
4924405466636479,3122810,qlever-server-d,S,5,27,322976188,86705142,2178,1,futex_do_wait
4924405466636479,3122811,qlever-server-d,S,4,25,299704832,85239130,2284,0,ep_poll
4924405466636479,3123964,qlever-server-d,S,0,0,146300,2298651,6,6,futex_do_wait
4924405466636479,3123965,qlever-server-d,S,0,0,2622001,4616833,37,14,futex_do_wait
4924405466636479,3123966,qlever-server-d,S,21,0,219485726,9309006,192,1,futex_do_wait
4924405466636479,3123967,qlever-server-d,S,3,0,37120135,15645739,116,11,futex_do_wait
4924405466636479,3123968,qlever-server-d,S,3,0,37221596,19670175,128,10,futex_do_wait
4924405466636479,3123969,qlever-server-d,R,25,0,265588130,2023382,127,12,0
4924405466636479,3123970,qlever-server-d,R,25,0,265751620,2433261,83,14,0
4924405466636479,0,__system__,-,1024715345,7867678823,0,0,0,-1,-
4924405486643187,3122254,qlever-server-d,S,991,1709,27010922485,9287664,1206,9,futex_do_wait
4924405486643187,3122258,qlever-server-d,S,0,0,4003043,817031,34,6,futex_do_wait
4924405486643187,3122806,qlever-server-d,R,2660,6,26677268602,6611024,253,3,0
4924405486643187,3122807,qlever-server-d,S,0,0,10120,0,1,1,futex_do_wait
4924405486643187,3122808,qlever-server-d,S,0,0,93120,0,4,9,ep_poll
4924405486643187,3122809,qlever-server-d,S,0,0,414310,214341,8,0,futex_do_wait
4924405486643187,3122810,qlever-server-d,S,5,27,322976188,86705142,2178,1,futex_do_wait
4924405486643187,3122811,qlever-server-d,S,4,25,299704832,85239130,2284,0,ep_poll
4924405486643187,3123964,qlever-server-d,S,0,0,146300,2298651,6,6,futex_do_wait
4924405486643187,3123965,qlever-server-d,S,0,0,2684581,4621173,38,1,futex_do_wait
4924405486643187,3123966,qlever-server-d,S,21,0,226209139,9371586,225,1,futex_do_wait
4924405486643187,3123967,qlever-server-d,S,3,0,37614765,15645739,118,11,futex_do_wait
4924405486643187,3123968,qlever-server-d,S,3,0,37716336,19670175,130,8,futex_do_wait
4924405486643187,3123969,qlever-server-d,R,27,0,284599410,2023382,138,12,0
4924405486643187,3123970,qlever-server-d,R,27,0,285751521,2433261,83,14,0
4924405486643187,0,__system__,-,1024715367,7867678853,0,0,0,-1,-
4924405506655096,3122254,qlever-server-d,S,991,1709,27010922485,9287664,1206,9,futex_do_wait
4924405506655096,3122258,qlever-server-d,S,0,0,4003043,817031,34,6,futex_do_wait
4924405506655096,3122806,qlever-server-d,R,2662,6,26697270143,6611024,253,3,0
4924405506655096,3122807,qlever-server-d,S,0,0,10120,0,1,1,futex_do_wait
4924405506655096,3122808,qlever-server-d,S,0,0,93120,0,4,9,ep_poll
4924405506655096,3122809,qlever-server-d,S,0,0,414310,214341,8,0,futex_do_wait
4924405506655096,3122810,qlever-server-d,S,5,27,322976188,86705142,2178,1,futex_do_wait
4924405506655096,3122811,qlever-server-d,S,4,25,299704832,85239130,2284,0,ep_poll
4924405506655096,3123964,qlever-server-d,S,0,0,175230,2298651,7,7,futex_do_wait
4924405506655096,3123965,qlever-server-d,S,0,0,2811091,4626973,40,2,futex_do_wait
4924405506655096,3123966,qlever-server-d,R,23,0,240946426,9884207,241,1,0
4924405506655096,3123967,qlever-server-d,S,3,0,39537747,18896210,126,0,futex_do_wait
4924405506655096,3123968,qlever-server-d,S,3,0,39681347,20601896,138,0,futex_do_wait
4924405506655096,3123969,qlever-server-d,R,29,0,304598261,2023382,138,12,0
4924405506655096,3123970,qlever-server-d,R,29,0,304885912,2433261,90,6,0
4924405506655096,0,__system__,-,1024715392,7867678885,0,0,0,-1,-
4924405526637325,3122254,qlever-server-d,S,991,1709,27010922485,9287664,1206,9,futex_do_wait
4924405526637325,3122258,qlever-server-d,S,0,0,4003043,817031,34,6,futex_do_wait
4924405526637325,3122806,qlever-server-d,R,2664,6,26717271495,6611024,253,3,0
4924405526637325,3122807,qlever-server-d,S,0,0,10120,0,1,1,futex_do_wait
4924405526637325,3122808,qlever-server-d,S,0,0,93120,0,4,9,ep_poll
4924405526637325,3122809,qlever-server-d,S,0,0,414310,214341,8,0,futex_do_wait
4924405526637325,3122810,qlever-server-d,S,5,27,322976188,86705142,2178,1,futex_do_wait
4924405526637325,3122811,qlever-server-d,S,4,25,299704832,85239130,2284,0,ep_poll
4924405526637325,3123964,qlever-server-d,S,0,0,175230,2298651,7,7,futex_do_wait
4924405526637325,3123965,qlever-server-d,S,0,0,2927111,4995184,42,10,futex_do_wait
4924405526637325,3123966,qlever-server-d,R,25,0,260245426,9884207,244,1,0
4924405526637325,3123967,qlever-server-d,S,3,0,45717701,22933062,140,14,futex_do_wait
4924405526637325,3123968,qlever-server-d,S,3,0,45289919,25250360,151,8,futex_do_wait
4924405526637325,3123969,qlever-server-d,R,31,0,324600032,2023382,138,12,0
4924405526637325,3123970,qlever-server-d,R,31,0,323120322,3114821,109,6,0
4924405526637325,0,__system__,-,1024715417,7867678917,0,0,0,-1,-
4924405546643933,3122254,qlever-server-d,S,991,1709,27010922485,9287664,1206,9,futex_do_wait
4924405546643933,3122258,qlever-server-d,S,0,0,4003043,817031,34,6,futex_do_wait
4924405546643933,3122806,qlever-server-d,R,2666,7,26737271366,6611024,253,3,0
4924405546643933,3122807,qlever-server-d,S,0,0,10120,0,1,1,futex_do_wait
4924405546643933,3122808,qlever-server-d,S,0,0,93120,0,4,9,ep_poll
4924405546643933,3122809,qlever-server-d,S,0,0,414310,214341,8,0,futex_do_wait
4924405546643933,3122810,qlever-server-d,S,5,27,322976188,86705142,2178,1,futex_do_wait
4924405546643933,3122811,qlever-server-d,S,4,25,299704832,85239130,2284,0,ep_poll
4924405546643933,3123964,qlever-server-d,S,0,0,200960,3390682,8,7,futex_do_wait
4924405546643933,3123965,qlever-server-d,S,0,0,3045291,4995184,44,2,futex_do_wait
4924405546643933,3123966,qlever-server-d,R,26,1,278229405,10761708,253,1,0
4924405546643933,3123967,qlever-server-d,S,4,0,48281763,26508555,151,5,futex_do_wait
4924405546643933,3123968,qlever-server-d,S,4,0,48326812,25993770,163,0,futex_do_wait
4924405546643933,3123969,qlever-server-d,R,33,0,344570223,2053652,139,12,0
4924405546643933,3123970,qlever-server-d,R,33,0,342144873,3167171,116,15,0
4924405546643933,0,__system__,-,1024715444,7867678949,0,0,0,-1,-
4924405568080511,3122254,qlever-server-d,S,991,1709,27010922485,9287664,1206,9,futex_do_wait
4924405568080511,3122258,qlever-server-d,S,0,0,4003043,817031,34,6,futex_do_wait
4924405568080511,3122806,qlever-server-d,R,2668,7,26759006868,6876724,255,3,0
4924405568080511,3122807,qlever-server-d,S,0,0,10120,0,1,1,futex_do_wait
4924405568080511,3122808,qlever-server-d,S,0,0,93120,0,4,9,ep_poll
4924405568080511,3122809,qlever-server-d,S,0,0,414310,214341,8,0,futex_do_wait
4924405568080511,3122810,qlever-server-d,S,5,27,322976188,86705142,2178,1,futex_do_wait
4924405568080511,3122811,qlever-server-d,S,4,25,299704832,85239130,2284,0,ep_poll
4924405568080511,3123964,qlever-server-d,S,0,0,200960,3390682,8,7,futex_do_wait
4924405568080511,3123965,qlever-server-d,S,0,0,3321932,7856075,48,1,futex_do_wait
4924405568080511,3123966,qlever-server-d,R,28,1,297790184,10969948,262,1,0
4924405568080511,3123967,qlever-server-d,R,4,0,56456859,29513266,164,4,0
4924405568080511,3123968,qlever-server-d,S,4,0,56694285,29142923,181,5,futex_do_wait
4924405568080511,3123969,qlever-server-d,R,35,0,365545815,2077022,140,12,0
4924405568080511,3123970,qlever-server-d,R,35,1,362569323,3591132,120,0,0
4924405568080511,0,__system__,-,1024715472,7867678983,0,0,0,-1,-
4924405586643690,3122254,qlever-server-d,S,991,1709,27010922485,9287664,1206,9,futex_do_wait
4924405586643690,3122258,qlever-server-d,S,0,0,4003043,817031,34,6,futex_do_wait
4924405586643690,3122806,qlever-server-d,R,2670,7,26777008028,6876724,255,3,0
4924405586643690,3122807,qlever-server-d,S,0,0,10120,0,1,1,futex_do_wait
4924405586643690,3122808,qlever-server-d,S,0,0,93120,0,4,9,ep_poll
4924405586643690,3122809,qlever-server-d,S,0,0,414310,214341,8,0,futex_do_wait
4924405586643690,3122810,qlever-server-d,S,5,27,322976188,86705142,2178,1,futex_do_wait
4924405586643690,3122811,qlever-server-d,S,4,25,299704832,85239130,2284,0,ep_poll
4924405586643690,3123964,qlever-server-d,S,0,0,200960,3390682,8,7,futex_do_wait
4924405586643690,3123965,qlever-server-d,S,0,0,3385202,7859535,49,1,futex_do_wait
4924405586643690,3123966,qlever-server-d,R,29,1,311081631,11203658,279,8,0
4924405586643690,3123967,qlever-server-d,S,5,0,58421080,30525606,170,7,futex_do_wait
4924405586643690,3123968,qlever-server-d,S,5,0,58555435,29177943,188,4,futex_do_wait
4924405586643690,3123969,qlever-server-d,R,37,0,384546845,2077022,140,12,0
4924405586643690,3123970,qlever-server-d,R,36,1,378941423,3923292,137,0,0
4924405586643690,0,__system__,-,1024715496,7867679014,0,0,0,-1,-
4924405606644419,3122254,qlever-server-d,S,991,1709,27010922485,9287664,1206,9,futex_do_wait
4924405606644419,3122258,qlever-server-d,S,0,0,4003043,817031,34,6,futex_do_wait
4924405606644419,3122806,qlever-server-d,R,2672,7,26797005379,6876724,255,3,0
4924405606644419,3122807,qlever-server-d,S,0,0,10120,0,1,1,futex_do_wait
4924405606644419,3122808,qlever-server-d,S,0,0,93120,0,4,9,ep_poll
4924405606644419,3122809,qlever-server-d,S,0,0,414310,214341,8,0,futex_do_wait
4924405606644419,3122810,qlever-server-d,S,5,27,322976188,86705142,2178,1,futex_do_wait
4924405606644419,3122811,qlever-server-d,S,4,25,299704832,85239130,2284,0,ep_poll
4924405606644419,3123964,qlever-server-d,S,0,0,237900,3390682,9,14,futex_do_wait
4924405606644419,3123965,qlever-server-d,S,0,0,3498772,8223515,51,1,futex_do_wait
4924405606644419,3123966,qlever-server-d,R,30,1,324842999,11864889,295,0,0
4924405606644419,3123967,qlever-server-d,S,5,0,60173141,30525606,176,14,futex_do_wait
4924405606644419,3123968,qlever-server-d,S,5,0,60312975,29862043,194,4,futex_do_wait
4924405606644419,3123969,qlever-server-d,R,39,0,404255287,2077022,143,12,0
4924405606644419,3123970,qlever-server-d,R,38,1,396829795,5039432,145,5,0
4924405606644419,0,__system__,-,1024715519,7867679045,0,0,0,-1,-
4924405626640278,3122254,qlever-server-d,S,991,1709,27010922485,9287664,1206,9,futex_do_wait
4924405626640278,3122258,qlever-server-d,S,0,0,4003043,817031,34,6,futex_do_wait
4924405626640278,3122806,qlever-server-d,R,2674,7,26817006210,6876724,255,3,0
4924405626640278,3122807,qlever-server-d,S,0,0,10120,0,1,1,futex_do_wait
4924405626640278,3122808,qlever-server-d,S,0,0,93120,0,4,9,ep_poll
4924405626640278,3122809,qlever-server-d,S,0,0,414310,214341,8,0,futex_do_wait
4924405626640278,3122810,qlever-server-d,S,5,27,322976188,86705142,2178,1,futex_do_wait
4924405626640278,3122811,qlever-server-d,S,4,25,299704832,85239130,2284,0,ep_poll
4924405626640278,3123964,qlever-server-d,S,0,0,237900,3390682,9,14,futex_do_wait
4924405626640278,3123965,qlever-server-d,S,0,0,3707162,8742765,54,1,futex_do_wait
4924405626640278,3123966,qlever-server-d,R,32,1,344096540,11881529,299,15,0
4924405626640278,3123967,qlever-server-d,S,5,0,62677362,32521527,187,6,futex_do_wait
4924405626640278,3123968,qlever-server-d,S,5,0,63411629,30237553,204,4,futex_do_wait
4924405626640278,3123969,qlever-server-d,R,41,1,420552284,2993383,164,4,0
4924405626640278,3123970,qlever-server-d,R,40,1,416809256,5056252,146,0,0
4924405626640278,0,__system__,-,1024715544,7867679077,0,0,0,-1,-
4924405646639506,3122254,qlever-server-d,S,991,1709,27010922485,9287664,1206,9,futex_do_wait
4924405646639506,3122258,qlever-server-d,S,0,0,4003043,817031,34,6,futex_do_wait
4924405646639506,3122806,qlever-server-d,R,2676,7,26836972751,6904704,256,2,0
4924405646639506,3122807,qlever-server-d,S,0,0,10120,0,1,1,futex_do_wait
4924405646639506,3122808,qlever-server-d,S,0,0,93120,0,4,9,ep_poll
4924405646639506,3122809,qlever-server-d,S,0,0,414310,214341,8,0,futex_do_wait
4924405646639506,3122810,qlever-server-d,S,5,27,322976188,86705142,2178,1,futex_do_wait
4924405646639506,3122811,qlever-server-d,S,4,25,299704832,85239130,2284,0,ep_poll
4924405646639506,3123964,qlever-server-d,S,0,0,264740,3390682,10,14,futex_do_wait
4924405646639506,3123965,qlever-server-d,S,0,0,3865402,8742765,56,1,futex_do_wait
4924405646639506,3123966,qlever-server-d,R,34,1,359742938,11885319,310,15,0
4924405646639506,3123967,qlever-server-d,R,5,0,64693662,32739177,194,13,0
4924405646639506,3123968,qlever-server-d,R,5,0,65436470,31455173,212,13,futex_do_wait
4924405646639506,3123969,qlever-server-d,S,42,1,435344221,2993383,199,5,futex_do_wait
4924405646639506,3123970,qlever-server-d,R,42,1,436778607,5087302,147,0,0
4924405646639506,0,__system__,-,1024715568,7867679109,0,0,0,-1,-
4924405666640325,3122254,qlever-server-d,S,991,1709,27010922485,9287664,1206,9,futex_do_wait
4924405666640325,3122258,qlever-server-d,S,0,0,4003043,817031,34,6,futex_do_wait
4924405666640325,3122806,qlever-server-d,R,2678,7,26856973812,6904704,256,2,0
4924405666640325,3122807,qlever-server-d,S,0,0,10120,0,1,1,futex_do_wait
4924405666640325,3122808,qlever-server-d,S,0,0,93120,0,4,9,ep_poll
4924405666640325,3122809,qlever-server-d,S,0,0,414310,214341,8,0,futex_do_wait
4924405666640325,3122810,qlever-server-d,S,5,27,322976188,86705142,2178,1,futex_do_wait
4924405666640325,3122811,qlever-server-d,S,4,25,299704832,85239130,2284,0,ep_poll
4924405666640325,3123964,qlever-server-d,S,0,0,264740,3390682,10,14,futex_do_wait
4924405666640325,3123965,qlever-server-d,S,0,0,4000892,8742765,58,1,futex_do_wait
4924405666640325,3123966,qlever-server-d,R,35,2,373639705,12486490,323,8,0
4924405666640325,3123967,qlever-server-d,R,5,0,66263413,34434848,202,6,0
4924405666640325,3123968,qlever-server-d,S,5,0,66886130,32253204,219,7,futex_do_wait
4924405666640325,3123969,qlever-server-d,R,43,1,450489159,3978194,216,0,0
4924405666640325,3123970,qlever-server-d,R,44,1,455334037,5087302,156,1,0
4924405666640325,0,__system__,-,1024715592,7867679141,0,0,0,-1,-
4924405686644344,3122254,qlever-server-d,S,991,1709,27010922485,9287664,1206,9,futex_do_wait
4924405686644344,3122258,qlever-server-d,S,0,0,4003043,817031,34,6,futex_do_wait
4924405686644344,3122806,qlever-server-d,R,2680,7,26876972413,6904704,256,2,0
4924405686644344,3122807,qlever-server-d,S,0,0,10120,0,1,1,futex_do_wait
4924405686644344,3122808,qlever-server-d,S,0,0,93120,0,4,9,ep_poll
4924405686644344,3122809,qlever-server-d,S,0,0,414310,214341,8,0,futex_do_wait
4924405686644344,3122810,qlever-server-d,S,5,27,322976188,86705142,2178,1,futex_do_wait
4924405686644344,3122811,qlever-server-d,S,4,25,299704832,85239130,2284,0,ep_poll
4924405686644344,3123964,qlever-server-d,S,0,0,264740,3390682,10,14,futex_do_wait
4924405686644344,3123965,qlever-server-d,S,0,0,4079372,9799086,59,4,futex_do_wait
4924405686644344,3123966,qlever-server-d,R,36,2,384256932,13795300,347,6,0
4924405686644344,3123967,qlever-server-d,S,5,0,67465103,34434848,205,6,futex_do_wait
4924405686644344,3123968,qlever-server-d,S,6,0,67944960,32795104,222,4,futex_do_wait
4924405686644344,3123969,qlever-server-d,R,45,1,469734940,3978194,222,0,0
4924405686644344,3123970,qlever-server-d,R,46,1,475160458,5102082,163,7,0
4924405686644344,0,__system__,-,1024715617,7867679172,0,0,0,-1,-
4924405707064599,3122254,qlever-server-d,S,991,1709,27010922485,9287664,1206,9,futex_do_wait
4924405707064599,3122258,qlever-server-d,S,0,0,4003043,817031,34,6,futex_do_wait
4924405707064599,3122806,qlever-server-d,R,2682,7,26897971825,6904704,256,2,0
4924405707064599,3122807,qlever-server-d,S,0,0,10120,0,1,1,futex_do_wait
4924405707064599,3122808,qlever-server-d,S,0,0,93120,0,4,9,ep_poll
4924405707064599,3122809,qlever-server-d,S,0,0,414310,214341,8,0,futex_do_wait
4924405707064599,3122810,qlever-server-d,S,5,27,322976188,86705142,2178,1,futex_do_wait
4924405707064599,3122811,qlever-server-d,S,4,25,299704832,85239130,2284,0,ep_poll
4924405707064599,3123964,qlever-server-d,S,0,0,287560,3554602,11,14,futex_do_wait
4924405707064599,3123965,qlever-server-d,S,0,0,4119232,9799086,60,12,futex_do_wait
4924405707064599,3123966,qlever-server-d,R,36,2,394332808,15297700,367,12,0
4924405707064599,3123967,qlever-server-d,S,6,0,68442363,35578168,209,12,futex_do_wait
4924405707064599,3123968,qlever-server-d,S,6,0,68920660,33680014,226,12,futex_do_wait
4924405707064599,3123969,qlever-server-d,R,47,1,489687121,4003464,223,0,0
4924405707064599,3123970,qlever-server-d,R,47,1,492166708,5111202,197,6,0
4924405707064599,0,__system__,-,1024715642,7867679207,0,0,0,-1,-
4924405726643581,3122254,qlever-server-d,S,991,1709,27010922485,9287664,1206,9,futex_do_wait
4924405726643581,3122258,qlever-server-d,S,0,0,4003043,817031,34,6,futex_do_wait
4924405726643581,3122806,qlever-server-d,R,2684,7,26916974886,6904704,256,2,0
4924405726643581,3122807,qlever-server-d,S,0,0,10120,0,1,1,futex_do_wait
4924405726643581,3122808,qlever-server-d,S,0,0,93120,0,4,9,ep_poll
4924405726643581,3122809,qlever-server-d,S,0,0,414310,214341,8,0,futex_do_wait
4924405726643581,3122810,qlever-server-d,S,5,27,322976188,86705142,2178,1,futex_do_wait
4924405726643581,3122811,qlever-server-d,S,4,25,299704832,85239130,2284,0,ep_poll
4924405726643581,3123964,qlever-server-d,S,0,0,287560,3554602,11,14,futex_do_wait
4924405726643581,3123965,qlever-server-d,S,0,0,4205502,10310977,62,5,futex_do_wait
4924405726643581,3123966,qlever-server-d,R,38,2,405757876,16943831,386,4,0
4924405726643581,3123967,qlever-server-d,S,6,0,69283904,36046758,213,12,futex_do_wait
4924405726643581,3123968,qlever-server-d,R,6,0,69435740,34438345,230,4,0
4924405726643581,3123969,qlever-server-d,R,49,1,509687522,4003464,223,0,0
4924405726643581,3123970,qlever-server-d,R,49,1,508231656,5111202,213,6,0
4924405726643581,0,__system__,-,1024715665,7867679238,0,0,0,-1,-
4924405746806638,3122254,qlever-server-d,S,991,1709,27010922485,9287664,1206,9,futex_do_wait
4924405746806638,3122258,qlever-server-d,S,0,0,4003043,817031,34,6,futex_do_wait
4924405746806638,3122806,qlever-server-d,R,2686,7,26937973087,6904704,256,2,0
4924405746806638,3122807,qlever-server-d,S,0,0,10120,0,1,1,futex_do_wait
4924405746806638,3122808,qlever-server-d,S,0,0,93120,0,4,9,ep_poll
4924405746806638,3122809,qlever-server-d,S,0,0,414310,214341,8,0,futex_do_wait
4924405746806638,3122810,qlever-server-d,S,5,27,322976188,86705142,2178,1,futex_do_wait
4924405746806638,3122811,qlever-server-d,S,4,25,299704832,85239130,2284,0,ep_poll
4924405746806638,3123964,qlever-server-d,S,0,0,309180,3790172,12,14,futex_do_wait
4924405746806638,3123965,qlever-server-d,S,0,0,4329143,10653328,65,4,futex_do_wait
4924405746806638,3123966,qlever-server-d,R,39,2,418330482,18787563,402,12,0
4924405746806638,3123967,qlever-server-d,S,6,0,71095506,38098779,218,11,futex_do_wait
4924405746806638,3123968,qlever-server-d,S,6,0,71021822,34881786,235,1,futex_do_wait
4924405746806638,3123969,qlever-server-d,R,51,1,529686303,4003464,223,0,0
4924405746806638,3123970,qlever-server-d,R,51,1,525634818,5111202,238,6,0
4924405746806638,0,__system__,-,1024715688,7867679269,0,0,0,-1,-
4924405766644578,3122254,qlever-server-d,S,991,1709,27010922485,9287664,1206,9,futex_do_wait
4924405766644578,3122258,qlever-server-d,S,0,0,4003043,817031,34,6,futex_do_wait
4924405766644578,3122806,qlever-server-d,R,2688,7,26956925738,6952504,257,2,0
4924405766644578,3122807,qlever-server-d,S,0,0,10120,0,1,1,futex_do_wait
4924405766644578,3122808,qlever-server-d,S,0,0,93120,0,4,9,ep_poll
4924405766644578,3122809,qlever-server-d,S,0,0,414310,214341,8,0,futex_do_wait
4924405766644578,3122810,qlever-server-d,S,5,27,322976188,86705142,2178,1,futex_do_wait
4924405766644578,3122811,qlever-server-d,S,4,25,299704832,85239130,2284,0,ep_poll
4924405766644578,3123964,qlever-server-d,S,0,0,309180,3790172,12,14,futex_do_wait
4924405766644578,3123965,qlever-server-d,S,0,0,4395773,10675198,67,4,futex_do_wait
4924405766644578,3123966,qlever-server-d,R,40,2,428157477,20161864,420,14,0
4924405766644578,3123967,qlever-server-d,S,6,0,71547396,38098779,221,0,futex_do_wait
4924405766644578,3123968,qlever-server-d,S,6,0,72103672,34881786,238,8,futex_do_wait
4924405766644578,3123969,qlever-server-d,R,53,1,549646594,4040124,225,3,0
4924405766644578,3123970,qlever-server-d,R,52,1,541610226,5688363,263,6,0
4924405766644578,0,__system__,-,1024715710,7867679300,0,0,0,-1,-
4924405786648147,3122254,qlever-server-d,S,991,1709,27010922485,9287664,1206,9,futex_do_wait
4924405786648147,3122258,qlever-server-d,S,0,0,4003043,817031,34,6,futex_do_wait
4924405786648147,3122806,qlever-server-d,R,2690,7,26976798469,7067714,259,3,0
4924405786648147,3122807,qlever-server-d,S,0,0,10120,0,1,1,futex_do_wait
4924405786648147,3122808,qlever-server-d,S,0,0,93120,0,4,9,ep_poll
4924405786648147,3122809,qlever-server-d,S,0,0,414310,214341,8,0,futex_do_wait
4924405786648147,3122810,qlever-server-d,S,5,27,322976188,86705142,2178,1,futex_do_wait
4924405786648147,3122811,qlever-server-d,S,4,25,299704832,85239130,2284,0,ep_poll
4924405786648147,3123964,qlever-server-d,S,0,0,309180,3790172,12,14,futex_do_wait
4924405786648147,3123965,qlever-server-d,S,0,0,4460933,10675198,68,14,futex_do_wait
4924405786648147,3123966,qlever-server-d,S,40,2,436843432,21507484,440,6,futex_do_wait
4924405786648147,3123967,qlever-server-d,S,6,0,72437176,38585909,224,14,futex_do_wait
4924405786648147,3123968,qlever-server-d,S,6,0,72664232,35306296,241,15,futex_do_wait
4924405786648147,3123969,qlever-server-d,R,55,1,569633026,4052304,226,2,0
4924405786648147,3123970,qlever-server-d,S,54,1,557036265,5688363,300,5,futex_do_wait
4924405786648147,0,__system__,-,1024715735,7867679333,0,0,0,-1,-
4924405806643226,3122254,qlever-server-d,S,991,1709,27010922485,9287664,1206,9,futex_do_wait
4924405806643226,3122258,qlever-server-d,S,0,0,4003043,817031,34,6,futex_do_wait
4924405806643226,3122806,qlever-server-d,R,2692,7,26996798600,7067714,259,3,0
4924405806643226,3122807,qlever-server-d,S,0,0,10120,0,1,1,futex_do_wait
4924405806643226,3122808,qlever-server-d,S,0,0,93120,0,4,9,ep_poll
4924405806643226,3122809,qlever-server-d,S,0,0,414310,214341,8,0,futex_do_wait
4924405806643226,3122810,qlever-server-d,S,5,27,322976188,86705142,2178,1,futex_do_wait
4924405806643226,3122811,qlever-server-d,S,4,25,299704832,85239130,2284,0,ep_poll
4924405806643226,3123964,qlever-server-d,S,0,0,325210,3790172,13,5,futex_do_wait
4924405806643226,3123965,qlever-server-d,S,0,0,4460933,10675198,68,14,futex_do_wait
4924405806643226,3123966,qlever-server-d,S,41,2,442464965,21755974,462,5,futex_do_wait
4924405806643226,3123967,qlever-server-d,S,6,0,72459876,38585909,225,4,futex_do_wait
4924405806643226,3123968,qlever-server-d,S,6,0,73166332,35306296,242,7,futex_do_wait
4924405806643226,3123969,qlever-server-d,R,57,1,589632747,4052304,226,2,0
4924405806643226,3123970,qlever-server-d,R,55,1,570892632,6308773,335,13,0
4924405806643226,0,__system__,-,1024715759,7867679364,0,0,0,-1,-
4924405826644124,3122254,qlever-server-d,S,991,1709,27010922485,9287664,1206,9,futex_do_wait
4924405826644124,3122258,qlever-server-d,S,0,0,4003043,817031,34,6,futex_do_wait
4924405826644124,3122806,qlever-server-d,R,2694,7,27016800871,7067714,259,3,0
4924405826644124,3122807,qlever-server-d,S,0,0,10120,0,1,1,futex_do_wait
4924405826644124,3122808,qlever-server-d,S,0,0,93120,0,4,9,ep_poll
4924405826644124,3122809,qlever-server-d,S,0,0,414310,214341,8,0,futex_do_wait
4924405826644124,3122810,qlever-server-d,S,5,27,322976188,86705142,2178,1,futex_do_wait
4924405826644124,3122811,qlever-server-d,S,4,25,299704832,85239130,2284,0,ep_poll
4924405826644124,3123964,qlever-server-d,S,0,0,325210,3790172,13,5,futex_do_wait
4924405826644124,3123965,qlever-server-d,S,0,0,4460933,10675198,68,14,futex_do_wait
4924405826644124,3123966,qlever-server-d,S,42,2,447739000,21755974,483,13,futex_do_wait
4924405826644124,3123967,qlever-server-d,S,6,0,72988106,39674900,227,13,futex_do_wait
4924405826644124,3123968,qlever-server-d,S,6,0,73559382,35422746,244,13,futex_do_wait
4924405826644124,3123969,qlever-server-d,R,59,1,609632738,4052304,226,2,0
4924405826644124,3123970,qlever-server-d,R,57,1,587489102,6308773,371,7,0
4924405826644124,0,__system__,-,1024715783,7867679397,0,0,0,-1,-
4924405846636263,3122254,qlever-server-d,S,991,1709,27010922485,9287664,1206,9,futex_do_wait
4924405846636263,3122258,qlever-server-d,S,0,0,4003043,817031,34,6,futex_do_wait
4924405846636263,3122806,qlever-server-d,R,2696,7,27036798222,7067714,259,3,0
4924405846636263,3122807,qlever-server-d,S,0,0,10120,0,1,1,futex_do_wait
4924405846636263,3122808,qlever-server-d,S,0,0,93120,0,4,9,ep_poll
4924405846636263,3122809,qlever-server-d,S,0,0,414310,214341,8,0,futex_do_wait
4924405846636263,3122810,qlever-server-d,S,5,27,322976188,86705142,2178,1,futex_do_wait
4924405846636263,3122811,qlever-server-d,S,4,25,299704832,85239130,2284,0,ep_poll
4924405846636263,3123964,qlever-server-d,S,0,0,347570,3790172,14,5,futex_do_wait
4924405846636263,3123965,qlever-server-d,S,0,0,4517964,10851618,70,13,futex_do_wait
4924405846636263,3123966,qlever-server-d,S,42,2,454364461,23269745,509,13,futex_do_wait
4924405846636263,3123967,qlever-server-d,S,6,0,73484086,39679370,228,13,futex_do_wait
4924405846636263,3123968,qlever-server-d,S,6,0,73587662,35795786,245,14,futex_do_wait
4924405846636263,3123969,qlever-server-d,R,61,1,629632249,4052304,226,2,0
4924405846636263,3123970,qlever-server-d,R,59,1,604439921,6470213,396,7,0
4924405846636263,0,__system__,-,1024715806,7867679429,0,0,0,-1,-
4924405866640452,3122254,qlever-server-d,S,991,1709,27010922485,9287664,1206,9,futex_do_wait
4924405866640452,3122258,qlever-server-d,S,0,0,4003043,817031,34,6,futex_do_wait
4924405866640452,3122806,qlever-server-d,R,2698,7,27056798143,7067714,259,3,0
4924405866640452,3122807,qlever-server-d,S,0,0,10120,0,1,1,futex_do_wait
4924405866640452,3122808,qlever-server-d,S,0,0,93120,0,4,9,ep_poll
4924405866640452,3122809,qlever-server-d,S,0,0,414310,214341,8,0,futex_do_wait
4924405866640452,3122810,qlever-server-d,S,5,27,322976188,86705142,2178,1,futex_do_wait
4924405866640452,3122811,qlever-server-d,S,4,25,299704832,85239130,2284,0,ep_poll
4924405866640452,3123964,qlever-server-d,S,0,0,347570,3790172,14,5,futex_do_wait
4924405866640452,3123965,qlever-server-d,S,0,0,4517964,10851618,70,13,futex_do_wait
4924405866640452,3123966,qlever-server-d,S,43,2,461795906,23607295,529,13,futex_do_wait
4924405866640452,3123967,qlever-server-d,S,6,0,73914506,39884960,230,13,futex_do_wait
4924405866640452,3123968,qlever-server-d,S,6,0,74049782,36240746,247,13,futex_do_wait
4924405866640452,3123969,qlever-server-d,R,63,1,649608080,4071824,227,8,0
4924405866640452,3123970,qlever-server-d,S,60,1,622120841,6470213,424,15,futex_do_wait
4924405866640452,0,__system__,-,1024715829,7867679461,0,0,0,-1,-
4924405886632890,3122254,qlever-server-d,S,991,1709,27010922485,9287664,1206,9,futex_do_wait
4924405886632890,3122258,qlever-server-d,S,0,0,4003043,817031,34,6,futex_do_wait
4924405886632890,3122806,qlever-server-d,R,2700,7,27076779955,7083184,260,2,0
4924405886632890,3122807,qlever-server-d,S,0,0,10120,0,1,1,futex_do_wait
4924405886632890,3122808,qlever-server-d,S,0,0,93120,0,4,9,ep_poll
4924405886632890,3122809,qlever-server-d,S,0,0,414310,214341,8,0,futex_do_wait
4924405886632890,3122810,qlever-server-d,S,5,27,322976188,86705142,2178,1,futex_do_wait
4924405886632890,3122811,qlever-server-d,S,4,25,299704832,85239130,2284,0,ep_poll
4924405886632890,3123964,qlever-server-d,S,0,0,347570,3790172,14,5,futex_do_wait
4924405886632890,3123965,qlever-server-d,S,0,0,4588994,10851618,71,13,futex_do_wait
4924405886632890,3123966,qlever-server-d,S,43,2,469332920,23914026,552,11,futex_do_wait
4924405886632890,3123967,qlever-server-d,S,6,0,73937466,39884960,231,11,futex_do_wait
4924405886632890,3123968,qlever-server-d,S,6,0,74473052,36240746,248,10,futex_do_wait
4924405886632890,3123969,qlever-server-d,R,64,1,666884308,4071824,256,10,0
4924405886632890,3123970,qlever-server-d,R,62,1,641199222,6501543,430,15,0
4924405886632890,0,__system__,-,1024715852,7867679493,0,0,0,-1,-
4924405906650549,3122254,qlever-server-d,S,991,1709,27010922485,9287664,1206,9,futex_do_wait
4924405906650549,3122258,qlever-server-d,S,0,0,4003043,817031,34,6,futex_do_wait
4924405906650549,3122806,qlever-server-d,R,2702,7,27096780436,7083184,260,2,0
4924405906650549,3122807,qlever-server-d,S,0,0,10120,0,1,1,futex_do_wait
4924405906650549,3122808,qlever-server-d,S,0,0,93120,0,4,9,ep_poll
4924405906650549,3122809,qlever-server-d,S,0,0,414310,214341,8,0,futex_do_wait
4924405906650549,3122810,qlever-server-d,S,5,27,322976188,86705142,2178,1,futex_do_wait
4924405906650549,3122811,qlever-server-d,S,4,25,299704832,85239130,2284,0,ep_poll
4924405906650549,3123964,qlever-server-d,S,0,0,375890,3790172,15,14,futex_do_wait
4924405906650549,3123965,qlever-server-d,S,0,0,4588994,10851618,71,13,futex_do_wait
4924405906650549,3123966,qlever-server-d,R,44,3,475671853,26543038,575,10,0
4924405906650549,3123967,qlever-server-d,S,6,0,74353366,39884960,232,14,futex_do_wait
4924405906650549,3123968,qlever-server-d,S,6,0,74502772,36240746,249,0,futex_do_wait
4924405906650549,3123969,qlever-server-d,R,66,1,684523638,4201604,278,11,0
4924405906650549,3123970,qlever-server-d,R,64,1,661049643,6515863,433,6,0
4924405906650549,0,__system__,-,1024715875,7867679525,0,0,0,-1,-
4924405927061375,3122254,qlever-server-d,S,991,1709,27010922485,9287664,1206,9,futex_do_wait
4924405927061375,3122258,qlever-server-d,S,0,0,4003043,817031,34,6,futex_do_wait
4924405927061375,3122806,qlever-server-d,R,2704,7,27117779697,7083184,260,2,0
4924405927061375,3122807,qlever-server-d,S,0,0,10120,0,1,1,futex_do_wait
4924405927061375,3122808,qlever-server-d,S,0,0,93120,0,4,9,ep_poll
4924405927061375,3122809,qlever-server-d,S,0,0,414310,214341,8,0,futex_do_wait
4924405927061375,3122810,qlever-server-d,S,5,27,322976188,86705142,2178,1,futex_do_wait
4924405927061375,3122811,qlever-server-d,S,4,25,299704832,85239130,2284,0,ep_poll
4924405927061375,3123964,qlever-server-d,S,0,0,375890,3790172,15,14,futex_do_wait
4924405927061375,3123965,qlever-server-d,S,0,0,4659114,11413359,72,13,futex_do_wait
4924405927061375,3123966,qlever-server-d,S,45,3,485094729,27016578,595,10,futex_do_wait
4924405927061375,3123967,qlever-server-d,S,6,0,74882546,41094071,235,10,futex_do_wait
4924405927061375,3123968,qlever-server-d,S,6,0,75438952,36667026,252,8,futex_do_wait
4924405927061375,3123969,qlever-server-d,R,68,1,701354067,4283804,313,11,0
4924405927061375,3123970,qlever-server-d,R,66,1,681051004,6515863,433,6,0
4924405927061375,0,__system__,-,1024715898,7867679555,0,0,0,-1,-
4924405946643086,3122254,qlever-server-d,S,991,1709,27010922485,9287664,1206,9,futex_do_wait
4924405946643086,3122258,qlever-server-d,S,0,0,4003043,817031,34,6,futex_do_wait
4924405946643086,3122806,qlever-server-d,R,2706,7,27136779518,7083184,260,2,0
4924405946643086,3122807,qlever-server-d,S,0,0,10120,0,1,1,futex_do_wait
4924405946643086,3122808,qlever-server-d,S,0,0,93120,0,4,9,ep_poll
4924405946643086,3122809,qlever-server-d,S,0,0,414310,214341,8,0,futex_do_wait
4924405946643086,3122810,qlever-server-d,S,5,27,322976188,86705142,2178,1,futex_do_wait
4924405946643086,3122811,qlever-server-d,S,4,25,299704832,85239130,2284,0,ep_poll
4924405946643086,3123964,qlever-server-d,S,0,0,407460,3794522,16,14,futex_do_wait
4924405946643086,3123965,qlever-server-d,S,0,0,4659114,11413359,72,13,futex_do_wait
4924405946643086,3123966,qlever-server-d,R,46,3,492186404,27441958,616,0,0
4924405946643086,3123967,qlever-server-d,S,6,0,75326266,41097581,237,3,futex_do_wait
4924405946643086,3123968,qlever-server-d,S,6,0,75815362,36829976,254,11,futex_do_wait
4924405946643086,3123969,qlever-server-d,R,69,1,716970585,4492964,342,8,0
4924405946643086,3123970,qlever-server-d,R,68,1,701002465,6564813,435,6,0
4924405946643086,0,__system__,-,1024715921,7867679586,0,0,0,-1,-
4924405966647465,3122254,qlever-server-d,S,991,1709,27010922485,9287664,1206,9,futex_do_wait
4924405966647465,3122258,qlever-server-d,S,0,0,4003043,817031,34,6,futex_do_wait
4924405966647465,3122806,qlever-server-d,R,2708,7,27156783419,7083184,260,2,0
4924405966647465,3122807,qlever-server-d,S,0,0,10120,0,1,1,futex_do_wait
4924405966647465,3122808,qlever-server-d,S,0,0,93120,0,4,9,ep_poll
4924405966647465,3122809,qlever-server-d,S,0,0,414310,214341,8,0,futex_do_wait
4924405966647465,3122810,qlever-server-d,S,5,27,322976188,86705142,2178,1,futex_do_wait
4924405966647465,3122811,qlever-server-d,S,4,25,299704832,85239130,2284,0,ep_poll
4924405966647465,3123964,qlever-server-d,S,0,0,407460,3794522,16,14,futex_do_wait
4924405966647465,3123965,qlever-server-d,S,0,0,4714284,11413359,73,13,futex_do_wait
4924405966647465,3123966,qlever-server-d,S,46,3,500454457,27538618,638,5,futex_do_wait
4924405966647465,3123967,qlever-server-d,S,6,0,75739886,41097581,239,5,futex_do_wait
4924405966647465,3123968,qlever-server-d,S,6,0,76311972,37200446,256,14,futex_do_wait
4924405966647465,3123969,qlever-server-d,R,71,1,733117972,4523174,375,8,0
4924405966647465,3123970,qlever-server-d,S,70,1,721277697,6604313,437,7,futex_do_wait
4924405966647465,0,__system__,-,1024715944,7867679618,0,0,0,-1,-
4924405986653163,3122254,qlever-server-d,S,991,1709,27010922485,9287664,1206,9,futex_do_wait
4924405986653163,3122258,qlever-server-d,S,0,0,4003043,817031,34,6,futex_do_wait
4924405986653163,3122806,qlever-server-d,R,2710,7,27176781430,7083184,260,2,0
4924405986653163,3122807,qlever-server-d,S,0,0,10120,0,1,1,futex_do_wait
4924405986653163,3122808,qlever-server-d,S,0,0,93120,0,4,9,ep_poll
4924405986653163,3122809,qlever-server-d,S,0,0,414310,214341,8,0,futex_do_wait
4924405986653163,3122810,qlever-server-d,S,5,27,322976188,86705142,2178,1,futex_do_wait
4924405986653163,3122811,qlever-server-d,S,4,25,299704832,85239130,2284,0,ep_poll
4924405986653163,3123964,qlever-server-d,S,0,0,407460,3794522,16,14,futex_do_wait
4924405986653163,3123965,qlever-server-d,S,0,0,4855924,11413359,75,6,futex_do_wait
4924405986653163,3123966,qlever-server-d,R,48,3,516256976,27582198,647,6,0
4924405986653163,3123967,qlever-server-d,S,6,0,77809896,41103831,248,5,futex_do_wait
4924405986653163,3123968,qlever-server-d,S,6,0,78022163,37200446,265,13,futex_do_wait
4924405986653163,3123969,qlever-server-d,R,73,2,753117283,4523174,375,8,0
4924405986653163,3123970,qlever-server-d,S,71,1,736412836,6664443,468,7,futex_do_wait
4924405986653163,0,__system__,-,1024715968,7867679650,0,0,0,-1,-
4924406006798081,3122254,qlever-server-d,S,991,1709,27010922485,9287664,1206,9,futex_do_wait
4924406006798081,3122258,qlever-server-d,S,0,0,4003043,817031,34,6,futex_do_wait
4924406006798081,3122806,qlever-server-d,R,2712,7,27197781292,7083184,260,2,0
4924406006798081,3122807,qlever-server-d,S,0,0,10120,0,1,1,futex_do_wait
4924406006798081,3122808,qlever-server-d,S,0,0,93120,0,4,9,ep_poll
4924406006798081,3122809,qlever-server-d,S,0,0,414310,214341,8,0,futex_do_wait
4924406006798081,3122810,qlever-server-d,S,5,27,322976188,86705142,2178,1,futex_do_wait
4924406006798081,3122811,qlever-server-d,S,4,25,299704832,85239130,2284,0,ep_poll
4924406006798081,3123964,qlever-server-d,S,0,0,430000,3794522,17,14,futex_do_wait
4924406006798081,3123965,qlever-server-d,S,0,0,4903334,11413359,76,12,futex_do_wait
4924406006798081,3123966,qlever-server-d,R,49,3,524963281,27582198,669,13,0
4924406006798081,3123967,qlever-server-d,R,6,0,78305576,41505211,250,13,0
4924406006798081,3123968,qlever-server-d,R,6,0,78508753,37654806,268,13,0
4924406006798081,3123969,qlever-server-d,R,75,2,773117004,4523174,375,8,0
4924406006798081,3123970,qlever-server-d,R,73,1,751151996,7185603,505,14,0
4924406006798081,0,__system__,-,1024715991,7867679682,0,0,0,-1,-
4924406026639731,3122254,qlever-server-d,S,991,1709,27010922485,9287664,1206,9,futex_do_wait
4924406026639731,3122258,qlever-server-d,S,0,0,4003043,817031,34,6,futex_do_wait
4924406026639731,3122806,qlever-server-d,R,2714,7,27216782072,7083184,260,2,0
4924406026639731,3122807,qlever-server-d,S,0,0,10120,0,1,1,futex_do_wait
4924406026639731,3122808,qlever-server-d,S,0,0,93120,0,4,9,ep_poll
4924406026639731,3122809,qlever-server-d,S,0,0,414310,214341,8,0,futex_do_wait
4924406026639731,3122810,qlever-server-d,S,5,27,322976188,86705142,2178,1,futex_do_wait
4924406026639731,3122811,qlever-server-d,S,4,25,299704832,85239130,2284,0,ep_poll
4924406026639731,3123964,qlever-server-d,S,0,0,430000,3794522,17,14,futex_do_wait
4924406026639731,3123965,qlever-server-d,S,0,0,4963984,12180999,77,12,futex_do_wait
4924406026639731,3123966,qlever-server-d,S,49,3,532866877,29086669,688,4,futex_do_wait
4924406026639731,3123967,qlever-server-d,R,6,0,78759606,41918221,252,14,0
4924406026639731,3123968,qlever-server-d,R,6,0,78941593,37654806,270,15,0
4924406026639731,3123969,qlever-server-d,R,77,2,793117385,4523174,375,8,0
4924406026639731,3123970,qlever-server-d,R,74,1,766277915,7194013,542,7,0
4924406026639731,0,__system__,-,1024716014,7867679714,0,0,0,-1,-
4924406046633670,3122254,qlever-server-d,S,991,1709,27010922485,9287664,1206,9,futex_do_wait
4924406046633670,3122258,qlever-server-d,S,0,0,4003043,817031,34,6,futex_do_wait
4924406046633670,3122806,qlever-server-d,R,2716,7,27236781953,7083184,260,2,0
4924406046633670,3122807,qlever-server-d,S,0,0,10120,0,1,1,futex_do_wait
4924406046633670,3122808,qlever-server-d,S,0,0,93120,0,4,9,ep_poll
4924406046633670,3122809,qlever-server-d,S,0,0,414310,214341,8,0,futex_do_wait
4924406046633670,3122810,qlever-server-d,S,5,27,322976188,86705142,2178,1,futex_do_wait
4924406046633670,3122811,qlever-server-d,S,4,25,299704832,85239130,2284,0,ep_poll
4924406046633670,3123964,qlever-server-d,S,0,0,452560,3794522,18,14,futex_do_wait
4924406046633670,3123965,qlever-server-d,S,0,0,4963984,12180999,77,12,futex_do_wait
4924406046633670,3123966,qlever-server-d,R,50,3,541173952,30069969,711,4,0
4924406046633670,3123967,qlever-server-d,S,7,0,79261937,44076482,255,15,futex_do_wait
4924406046633670,3123968,qlever-server-d,S,7,0,79865284,38092307,272,15,futex_do_wait
4924406046633670,3123969,qlever-server-d,R,78,2,812654085,5019315,377,8,0
4924406046633670,3123970,qlever-server-d,R,76,2,782385904,7927194,566,6,0
4924406046633670,0,__system__,-,1024716037,7867679745,0,0,0,-1,-
4924406066637058,3122254,qlever-server-d,S,991,1709,27010922485,9287664,1206,9,futex_do_wait
4924406066637058,3122258,qlever-server-d,S,0,0,4003043,817031,34,6,futex_do_wait
4924406066637058,3122806,qlever-server-d,R,2718,7,27256782765,7083184,260,2,0
4924406066637058,3122807,qlever-server-d,S,0,0,10120,0,1,1,futex_do_wait
4924406066637058,3122808,qlever-server-d,S,0,0,93120,0,4,9,ep_poll
4924406066637058,3122809,qlever-server-d,S,0,0,414310,214341,8,0,futex_do_wait
4924406066637058,3122810,qlever-server-d,S,5,27,322976188,86705142,2178,1,futex_do_wait
4924406066637058,3122811,qlever-server-d,S,4,25,299704832,85239130,2284,0,ep_poll
4924406066637058,3123964,qlever-server-d,S,0,0,452560,3794522,18,14,futex_do_wait
4924406066637058,3123965,qlever-server-d,S,0,0,5030854,12206379,79,12,futex_do_wait
4924406066637058,3123966,qlever-server-d,S,51,3,548852168,31712699,736,0,futex_do_wait
4924406066637058,3123967,qlever-server-d,S,7,0,79725717,44110642,257,13,futex_do_wait
4924406066637058,3123968,qlever-server-d,S,7,0,80319654,38511347,274,12,futex_do_wait
4924406066637058,3123969,qlever-server-d,R,80,2,832323835,5316816,378,8,0
4924406066637058,3123970,qlever-server-d,R,77,2,797147963,8472174,592,14,0
4924406066637058,0,__system__,-,1024716061,7867679777,0,0,0,-1,-
4924406086650147,3122254,qlever-server-d,S,991,1709,27010922485,9287664,1206,9,futex_do_wait
4924406086650147,3122258,qlever-server-d,S,0,0,4003043,817031,34,6,futex_do_wait
4924406086650147,3122806,qlever-server-d,R,2720,7,27277595536,7107664,261,2,0
4924406086650147,3122807,qlever-server-d,S,0,0,10120,0,1,1,futex_do_wait
4924406086650147,3122808,qlever-server-d,S,0,0,93120,0,4,9,ep_poll
4924406086650147,3122809,qlever-server-d,S,0,0,414310,214341,8,0,futex_do_wait
4924406086650147,3122810,qlever-server-d,S,5,27,322976188,86705142,2178,1,futex_do_wait
4924406086650147,3122811,qlever-server-d,S,4,25,299704832,85239130,2284,0,ep_poll
4924406086650147,3123964,qlever-server-d,S,0,0,452560,3794522,18,14,futex_do_wait
4924406086650147,3123965,qlever-server-d,S,0,0,5084044,12206379,80,3,futex_do_wait
4924406086650147,3123966,qlever-server-d,R,51,3,556719362,31712699,759,3,futex_do_wait
4924406086650147,3123967,qlever-server-d,S,7,0,80607757,44266153,260,6,futex_do_wait
4924406086650147,3123968,qlever-server-d,S,7,0,80806224,38511347,277,11,futex_do_wait
4924406086650147,3123969,qlever-server-d,R,82,2,850814895,5316816,391,8,0
4924406086650147,3123970,qlever-server-d,R,79,2,814238684,9228194,607,0,0
4924406086650147,0,__system__,-,1024716083,7867679807,0,0,0,-1,-
4924406106642406,3122254,qlever-server-d,S,991,1709,27010922485,9287664,1206,9,futex_do_wait
4924406106642406,3122258,qlever-server-d,S,0,0,4135283,817031,35,6,futex_do_wait
4924406106642406,3122806,qlever-server-d,R,2722,7,27296759687,7107664,261,2,0
4924406106642406,3122807,qlever-server-d,S,0,0,10120,0,1,1,futex_do_wait
4924406106642406,3122808,qlever-server-d,S,0,0,93120,0,4,9,ep_poll
4924406106642406,3122809,qlever-server-d,S,0,0,414310,214341,8,0,futex_do_wait
4924406106642406,3122810,qlever-server-d,S,5,27,322976188,86705142,2178,1,futex_do_wait
4924406106642406,3122811,qlever-server-d,S,4,25,299704832,85239130,2284,0,ep_poll
4924406106642406,3123964,qlever-server-d,S,0,0,485520,3794522,19,14,futex_do_wait
4924406106642406,3123965,qlever-server-d,S,0,0,5156344,12228169,82,3,futex_do_wait
4924406106642406,3123966,qlever-server-d,S,52,3,565638866,31714309,779,8,futex_do_wait
4924406106642406,3123967,qlever-server-d,S,7,0,81082997,45117904,262,1,futex_do_wait
4924406106642406,3123968,qlever-server-d,S,7,0,81707665,38668317,279,5,futex_do_wait
4924406106642406,3123969,qlever-server-d,S,84,2,866627795,5316816,421,11,futex_do_wait
4924406106642406,3123970,qlever-server-d,R,81,2,834219685,9243594,608,12,0
4924406106642406,0,__system__,-,1024716106,7867679839,0,0,0,-1,-
4924406126642714,3122254,qlever-server-d,S,991,1709,27010922485,9287664,1206,9,futex_do_wait
4924406126642714,3122258,qlever-server-d,S,0,0,4135283,817031,35,6,futex_do_wait
4924406126642714,3122806,qlever-server-d,R,2724,7,27316758388,7107664,261,2,0
4924406126642714,3122807,qlever-server-d,S,0,0,10120,0,1,1,futex_do_wait
4924406126642714,3122808,qlever-server-d,S,0,0,93120,0,4,9,ep_poll
4924406126642714,3122809,qlever-server-d,S,0,0,414310,214341,8,0,futex_do_wait
4924406126642714,3122810,qlever-server-d,S,5,27,322976188,86705142,2178,1,futex_do_wait
4924406126642714,3122811,qlever-server-d,S,4,25,299704832,85239130,2284,0,ep_poll
4924406126642714,3123964,qlever-server-d,S,0,0,485520,3794522,19,14,futex_do_wait
4924406126642714,3123965,qlever-server-d,S,0,0,5283154,12236309,85,8,futex_do_wait
4924406126642714,3123966,qlever-server-d,R,54,3,580628774,33495880,795,3,0
4924406126642714,3123967,qlever-server-d,R,7,0,83165998,46726655,269,15,0
4924406126642714,3123968,qlever-server-d,R,7,0,83528857,40685218,286,15,0
4924406126642714,3123969,qlever-server-d,R,85,2,884740854,5316816,444,11,0
4924406126642714,3123970,qlever-server-d,R,83,2,854219666,9243594,608,12,0
4924406126642714,0,__system__,-,1024716131,7867679872,0,0,0,-1,-
4924406146649133,3122254,qlever-server-d,S,991,1709,27010922485,9287664,1206,9,futex_do_wait
4924406146649133,3122258,qlever-server-d,S,0,0,4135283,817031,35,6,futex_do_wait
4924406146649133,3122806,qlever-server-d,R,2726,7,27336757879,7107664,261,2,0
4924406146649133,3122807,qlever-server-d,S,0,0,10120,0,1,1,futex_do_wait
4924406146649133,3122808,qlever-server-d,S,0,0,93120,0,4,9,ep_poll
4924406146649133,3122809,qlever-server-d,S,0,0,414310,214341,8,0,futex_do_wait
4924406146649133,3122810,qlever-server-d,S,5,27,322976188,86705142,2178,1,futex_do_wait
4924406146649133,3122811,qlever-server-d,S,4,25,299704832,85239130,2284,0,ep_poll
4924406146649133,3123964,qlever-server-d,S,0,0,512200,3794522,20,15,futex_do_wait
4924406146649133,3123965,qlever-server-d,S,0,0,5335915,12453769,86,3,futex_do_wait
4924406146649133,3123966,qlever-server-d,R,55,4,596822461,33499030,806,3,0
4924406146649133,3123967,qlever-server-d,S,7,0,84926818,47432656,276,14,futex_do_wait
4924406146649133,3123968,qlever-server-d,S,7,0,85804930,41199648,292,15,futex_do_wait
4924406146649133,3123969,qlever-server-d,R,87,2,901550754,6220987,464,7,0
4924406146649133,3123970,qlever-server-d,R,85,2,874220118,9243594,608,12,0
4924406146649133,0,__system__,-,1024716155,7867679904,0,0,0,-1,-
4924406166637912,3122254,qlever-server-d,S,991,1709,27010922485,9287664,1206,9,futex_do_wait
4924406166637912,3122258,qlever-server-d,S,0,0,4135283,817031,35,6,futex_do_wait
4924406166637912,3122806,qlever-server-d,R,2728,7,27356744680,7121654,262,2,0
4924406166637912,3122807,qlever-server-d,S,0,0,10120,0,1,1,futex_do_wait
4924406166637912,3122808,qlever-server-d,S,0,0,93120,0,4,9,ep_poll
4924406166637912,3122809,qlever-server-d,S,0,0,414310,214341,8,0,futex_do_wait
4924406166637912,3122810,qlever-server-d,S,5,27,322976188,86705142,2178,1,futex_do_wait
4924406166637912,3122811,qlever-server-d,S,4,25,299704832,85239130,2284,0,ep_poll
4924406166637912,3123964,qlever-server-d,S,0,0,512200,3794522,20,15,futex_do_wait
4924406166637912,3123965,qlever-server-d,S,0,0,5400765,12476989,88,3,futex_do_wait
4924406166637912,3123966,qlever-server-d,R,56,4,605965677,33500580,828,8,0
4924406166637912,3123967,qlever-server-d,S,7,0,85999139,47432656,279,14,futex_do_wait
4924406166637912,3123968,qlever-server-d,S,7,0,86296700,41674358,295,14,futex_do_wait
4924406166637912,3123969,qlever-server-d,R,89,2,921494745,6248777,465,7,0
4924406166637912,3123970,qlever-server-d,R,86,2,893030509,9243594,625,5,0
4924406166637912,0,__system__,-,1024716177,7867679934,0,0,0,-1,-
4924406186641040,3122254,qlever-server-d,S,991,1709,27010922485,9287664,1206,9,futex_do_wait
4924406186641040,3122258,qlever-server-d,S,0,0,4135283,817031,35,6,futex_do_wait
4924406186641040,3122806,qlever-server-d,R,2729,7,27376724581,7138854,263,0,0
4924406186641040,3122807,qlever-server-d,S,0,0,10120,0,1,1,futex_do_wait
4924406186641040,3122808,qlever-server-d,S,0,0,93120,0,4,9,ep_poll
4924406186641040,3122809,qlever-server-d,S,0,0,414310,214341,8,0,futex_do_wait
4924406186641040,3122810,qlever-server-d,S,5,27,322976188,86705142,2178,1,futex_do_wait
4924406186641040,3122811,qlever-server-d,S,4,25,299704832,85239130,2284,0,ep_poll
4924406186641040,3123964,qlever-server-d,S,0,0,512200,3794522,20,15,futex_do_wait
4924406186641040,3123965,qlever-server-d,S,0,0,5554675,14699330,91,8,futex_do_wait
4924406186641040,3123966,qlever-server-d,R,57,4,617329213,37227882,847,8,0
4924406186641040,3123967,qlever-server-d,S,7,0,87051711,49353987,284,2,futex_do_wait
4924406186641040,3123968,qlever-server-d,S,7,1,87736092,42065458,301,2,futex_do_wait
4924406186641040,3123969,qlever-server-d,R,91,2,941495566,6248777,465,7,0
4924406186641040,3123970,qlever-server-d,R,88,2,911656658,9243594,642,5,0
4924406186641040,0,__system__,-,1024716203,7867679966,0,0,0,-1,-
4924406207383593,3122254,qlever-server-d,S,991,1709,27010922485,9287664,1206,9,futex_do_wait
4924406207383593,3122258,qlever-server-d,S,0,0,4135283,817031,35,6,futex_do_wait
4924406207383593,3122806,qlever-server-d,R,2732,7,27397723143,7138854,263,0,0
4924406207383593,3122807,qlever-server-d,S,0,0,10120,0,1,1,futex_do_wait
4924406207383593,3122808,qlever-server-d,S,0,0,93120,0,4,9,ep_poll
4924406207383593,3122809,qlever-server-d,S,0,0,414310,214341,8,0,futex_do_wait
4924406207383593,3122810,qlever-server-d,S,5,27,322976188,86705142,2178,1,futex_do_wait
4924406207383593,3122811,qlever-server-d,S,4,25,299704832,85239130,2284,0,ep_poll
4924406207383593,3123964,qlever-server-d,S,0,0,535610,3884222,21,15,futex_do_wait
4924406207383593,3123965,qlever-server-d,R,0,0,5634666,14713170,94,8,0
4924406207383593,3123966,qlever-server-d,R,58,4,632322621,37362813,861,8,0
4924406207383593,3123967,qlever-server-d,S,7,0,88550892,50258887,290,2,futex_do_wait
4924406207383593,3123968,qlever-server-d,S,7,1,89245363,42673938,307,1,futex_do_wait
4924406207383593,3123969,qlever-server-d,R,93,2,962495437,6248777,465,7,0
4924406207383593,3123970,qlever-server-d,R,90,2,928522198,9243594,672,5,0
4924406207383593,0,__system__,-,1024716229,7867680000,0,0,0,-1,-
4924406226653267,3122254,qlever-server-d,S,991,1709,27010922485,9287664,1206,9,futex_do_wait
4924406226653267,3122258,qlever-server-d,S,0,0,4135283,817031,35,6,futex_do_wait
4924406226653267,3122806,qlever-server-d,R,2734,7,27417052734,7155674,264,3,0
4924406226653267,3122807,qlever-server-d,S,0,0,10120,0,1,1,futex_do_wait
4924406226653267,3122808,qlever-server-d,S,0,0,93120,0,4,9,ep_poll
4924406226653267,3122809,qlever-server-d,S,0,0,414310,214341,8,0,futex_do_wait
4924406226653267,3122810,qlever-server-d,S,5,27,322976188,86705142,2178,1,futex_do_wait
4924406226653267,3122811,qlever-server-d,S,4,25,299704832,85239130,2284,0,ep_poll
4924406226653267,3123964,qlever-server-d,S,0,0,535610,3884222,21,15,futex_do_wait
4924406226653267,3123965,qlever-server-d,S,0,0,5766646,14713170,95,8,futex_do_wait
4924406226653267,3123966,qlever-server-d,S,59,4,643615747,37604474,884,2,futex_do_wait
4924406226653267,3123967,qlever-server-d,S,8,0,89538192,50258887,294,11,futex_do_wait
4924406226653267,3123968,qlever-server-d,S,7,1,90174064,43204808,311,8,futex_do_wait
4924406226653267,3123969,qlever-server-d,R,95,3,981495798,6248777,465,7,0
4924406226653267,3123970,qlever-server-d,R,91,2,945863258,9243594,691,5,0
4924406226653267,0,__system__,-,1024716250,7867680029,0,0,0,-1,-
4924406246639466,3122254,qlever-server-d,S,991,1709,27010922485,9287664,1206,9,futex_do_wait
4924406246639466,3122258,qlever-server-d,S,0,0,4135283,817031,35,6,futex_do_wait
4924406246639466,3122806,qlever-server-d,R,2735,7,27436681414,7173894,265,0,0
4924406246639466,3122807,qlever-server-d,S,0,0,10120,0,1,1,futex_do_wait
4924406246639466,3122808,qlever-server-d,S,0,0,93120,0,4,9,ep_poll
4924406246639466,3122809,qlever-server-d,S,0,0,414310,214341,8,0,futex_do_wait
4924406246639466,3122810,qlever-server-d,S,5,27,322976188,86705142,2178,1,futex_do_wait
4924406246639466,3122811,qlever-server-d,S,4,25,299704832,85239130,2284,0,ep_poll
4924406246639466,3123964,qlever-server-d,S,0,0,563260,3884222,22,15,futex_do_wait
4924406246639466,3123965,qlever-server-d,S,0,0,5834996,14734940,97,10,futex_do_wait
4924406246639466,3123966,qlever-server-d,S,60,5,653824076,38080234,909,2,futex_do_wait
4924406246639466,3123967,qlever-server-d,S,8,0,90482653,52020687,298,7,futex_do_wait
4924406246639466,3123968,qlever-server-d,S,8,1,91195365,44068569,315,11,futex_do_wait
4924406246639466,3123969,qlever-server-d,R,96,3,999735479,7258937,470,6,0
4924406246639466,3123970,qlever-server-d,R,93,2,964945149,9243594,700,5,0
4924406246639466,0,__system__,-,1024716273,7867680061,0,0,0,-1,-
4924406266641255,3122254,qlever-server-d,S,991,1709,27010922485,9287664,1206,9,futex_do_wait
4924406266641255,3122258,qlever-server-d,S,0,0,4135283,817031,35,6,futex_do_wait
4924406266641255,3122806,qlever-server-d,R,2737,7,27455568744,8283185,267,11,0
4924406266641255,3122807,qlever-server-d,S,0,0,10120,0,1,1,futex_do_wait
4924406266641255,3122808,qlever-server-d,S,0,0,93120,0,4,9,ep_poll
4924406266641255,3122809,qlever-server-d,S,0,0,414310,214341,8,0,futex_do_wait
4924406266641255,3122810,qlever-server-d,S,5,27,322976188,86705142,2178,1,futex_do_wait
4924406266641255,3122811,qlever-server-d,S,4,25,299704832,85239130,2284,0,ep_poll
4924406266641255,3123964,qlever-server-d,S,0,0,563260,3884222,22,15,futex_do_wait
4924406266641255,3123965,qlever-server-d,S,0,0,5929916,14734940,98,10,futex_do_wait
4924406266641255,3123966,qlever-server-d,R,61,5,662845022,41178625,925,14,0
4924406266641255,3123967,qlever-server-d,S,8,0,92201514,52020687,303,8,futex_do_wait
4924406266641255,3123968,qlever-server-d,S,8,1,92220915,44068569,320,1,futex_do_wait
4924406266641255,3123969,qlever-server-d,R,98,3,1015334477,10729069,478,14,0
4924406266641255,3123970,qlever-server-d,R,95,2,980707038,10668955,708,13,0
4924406266641255,0,__system__,-,1024716296,7867680093,0,0,0,-1,-
4924406286632094,3122254,qlever-server-d,S,991,1709,27010922485,9287664,1206,9,futex_do_wait
4924406286632094,3122258,qlever-server-d,S,0,0,4135283,817031,35,6,futex_do_wait
4924406286632094,3122806,qlever-server-d,R,2739,7,27475571075,8283185,267,11,0
4924406286632094,3122807,qlever-server-d,S,0,0,10120,0,1,1,futex_do_wait
4924406286632094,3122808,qlever-server-d,S,0,0,93120,0,4,9,ep_poll
4924406286632094,3122809,qlever-server-d,S,0,0,414310,214341,8,0,futex_do_wait
4924406286632094,3122810,qlever-server-d,S,5,27,322976188,86705142,2178,1,futex_do_wait
4924406286632094,3122811,qlever-server-d,S,4,25,299704832,85239130,2284,0,ep_poll
4924406286632094,3123964,qlever-server-d,S,0,0,563260,3884222,22,15,futex_do_wait
4924406286632094,3123965,qlever-server-d,S,0,0,6183406,14873870,100,8,futex_do_wait
4924406286632094,3123966,qlever-server-d,S,62,5,676256079,43681677,935,14,futex_do_wait
4924406286632094,3123967,qlever-server-d,S,8,0,93545174,52020687,308,10,futex_do_wait
4924406286632094,3123968,qlever-server-d,S,8,1,94290647,44068569,325,8,futex_do_wait
4924406286632094,3123969,qlever-server-d,R,99,3,1031153435,14817822,484,2,0
4924406286632094,3123970,qlever-server-d,R,96,2,995010507,13144725,728,13,0
4924406286632094,0,__system__,-,1024716318,7867680124,0,0,0,-1,-
4924406306642182,3122254,qlever-server-d,S,991,1709,27010922485,9287664,1206,9,futex_do_wait
4924406306642182,3122258,qlever-server-d,S,0,0,4135283,817031,35,6,futex_do_wait
4924406306642182,3122806,qlever-server-d,R,2741,7,27495569286,8283185,267,11,0
4924406306642182,3122807,qlever-server-d,S,0,0,10120,0,1,1,futex_do_wait
4924406306642182,3122808,qlever-server-d,S,0,0,93120,0,4,9,ep_poll
4924406306642182,3122809,qlever-server-d,S,0,0,414310,214341,8,0,futex_do_wait
4924406306642182,3122810,qlever-server-d,S,5,27,322976188,86705142,2178,1,futex_do_wait
4924406306642182,3122811,qlever-server-d,S,4,25,299704832,85239130,2284,0,ep_poll
4924406306642182,3123964,qlever-server-d,S,0,0,600550,4240223,23,6,futex_do_wait
4924406306642182,3123965,qlever-server-d,S,0,0,6183406,14873870,100,8,futex_do_wait
4924406306642182,3123966,qlever-server-d,S,63,5,684900052,46643409,953,12,futex_do_wait
4924406306642182,3123967,qlever-server-d,S,8,0,94550914,52020687,311,10,futex_do_wait
4924406306642182,3123968,qlever-server-d,S,8,1,94839447,44068569,328,1,futex_do_wait
4924406306642182,3123969,qlever-server-d,R,101,3,1049797506,16173412,486,2,0
4924406306642182,3123970,qlever-server-d,R,97,3,1010124974,13144725,752,5,0
4924406306642182,0,__system__,-,1024716343,7867680156,0,0,0,-1,-
4924406327274266,3122254,qlever-server-d,S,991,1709,27010922485,9287664,1206,9,futex_do_wait
4924406327274266,3122258,qlever-server-d,S,0,0,4135283,817031,35,6,futex_do_wait
4924406327274266,3122806,qlever-server-d,R,2743,7,27516613078,8283185,267,11,0
4924406327274266,3122807,qlever-server-d,S,0,0,10120,0,1,1,futex_do_wait
4924406327274266,3122808,qlever-server-d,S,0,0,93120,0,4,9,ep_poll
4924406327274266,3122809,qlever-server-d,S,0,0,414310,214341,8,0,futex_do_wait
4924406327274266,3122810,qlever-server-d,S,5,27,322976188,86705142,2178,1,futex_do_wait
4924406327274266,3122811,qlever-server-d,S,4,25,299704832,85239130,2284,0,ep_poll
4924406327274266,3123964,qlever-server-d,S,0,0,600550,4240223,23,6,futex_do_wait
4924406327274266,3123965,qlever-server-d,S,0,0,6254646,14873870,101,1,futex_do_wait
4924406327274266,3123966,qlever-server-d,S,63,5,690483317,47475780,976,15,futex_do_wait
4924406327274266,3123967,qlever-server-d,S,8,0,94570734,52020687,312,10,futex_do_wait
4924406327274266,3123968,qlever-server-d,S,8,1,95290217,44068569,329,1,futex_do_wait
4924406327274266,3123969,qlever-server-d,R,103,3,1069806748,16173412,489,3,0
4924406327274266,3123970,qlever-server-d,R,99,3,1025505303,15534586,774,7,0
4924406327274266,0,__system__,-,1024716367,7867680190,0,0,0,-1,-
4924406346633010,3122254,qlever-server-d,S,991,1709,27010922485,9287664,1206,9,futex_do_wait
4924406346633010,3122258,qlever-server-d,S,0,0,4135283,817031,35,6,futex_do_wait
4924406346633010,3122806,qlever-server-d,R,2745,7,27535573988,8283185,267,11,0
4924406346633010,3122807,qlever-server-d,S,0,0,10120,0,1,1,futex_do_wait
4924406346633010,3122808,qlever-server-d,S,0,0,93120,0,4,9,ep_poll
4924406346633010,3122809,qlever-server-d,S,0,0,414310,214341,8,0,futex_do_wait
4924406346633010,3122810,qlever-server-d,S,5,27,322976188,86705142,2178,1,futex_do_wait
4924406346633010,3122811,qlever-server-d,S,4,25,299704832,85239130,2284,0,ep_poll
4924406346633010,3123964,qlever-server-d,S,0,0,631110,4240223,24,6,futex_do_wait
4924406346633010,3123965,qlever-server-d,S,0,0,6254646,14873870,101,1,futex_do_wait
4924406346633010,3123966,qlever-server-d,R,63,5,695761199,49766303,999,0,0
4924406346633010,3123967,qlever-server-d,S,8,0,94570734,52020687,312,10,futex_do_wait
4924406346633010,3123968,qlever-server-d,S,8,1,95290217,44068569,329,1,futex_do_wait
4924406346633010,3123969,qlever-server-d,R,105,3,1086169908,16267652,516,10,0
4924406346633010,3123970,qlever-server-d,R,101,3,1044481604,15559046,775,7,0
4924406346633010,0,__system__,-,1024716388,7867680219,0,0,0,-1,-
4924406366629398,3122254,qlever-server-d,S,991,1709,27010922485,9287664,1206,9,futex_do_wait
4924406366629398,3122258,qlever-server-d,S,0,0,4135283,817031,35,6,futex_do_wait
4924406366629398,3122806,qlever-server-d,R,2747,7,27555569809,8283185,267,11,0
4924406366629398,3122807,qlever-server-d,S,0,0,10120,0,1,1,futex_do_wait
4924406366629398,3122808,qlever-server-d,S,0,0,93120,0,4,9,ep_poll
4924406366629398,3122809,qlever-server-d,S,0,0,414310,214341,8,0,futex_do_wait
4924406366629398,3122810,qlever-server-d,S,5,27,322976188,86705142,2178,1,futex_do_wait
4924406366629398,3122811,qlever-server-d,S,4,25,299704832,85239130,2284,0,ep_poll
4924406366629398,3123964,qlever-server-d,S,0,0,631110,4240223,24,6,futex_do_wait
4924406366629398,3123965,qlever-server-d,S,0,0,6254646,14873870,101,1,futex_do_wait
4924406366629398,3123966,qlever-server-d,R,64,5,703306982,49893623,1019,8,0
4924406366629398,3123967,qlever-server-d,S,8,0,94973615,52177277,314,12,futex_do_wait
4924406366629398,3123968,qlever-server-d,S,8,1,95815737,44068569,331,15,futex_do_wait
4924406366629398,3123969,qlever-server-d,R,106,3,1102601867,16267652,551,10,0
4924406366629398,3123970,qlever-server-d,R,103,3,1064407255,15616516,779,6,0
4924406366629398,0,__system__,-,1024716410,7867680250,0,0,0,-1,-
4924406386757416,3122254,qlever-server-d,S,991,1709,27010922485,9287664,1206,9,futex_do_wait
4924406386757416,3122258,qlever-server-d,S,0,0,4135283,817031,35,6,futex_do_wait
4924406386757416,3122806,qlever-server-d,R,2749,7,27576569721,8283185,267,11,0
4924406386757416,3122807,qlever-server-d,S,0,0,10120,0,1,1,futex_do_wait
4924406386757416,3122808,qlever-server-d,S,0,0,93120,0,4,9,ep_poll
4924406386757416,3122809,qlever-server-d,S,0,0,414310,214341,8,0,futex_do_wait
4924406386757416,3122810,qlever-server-d,S,5,27,322976188,86705142,2178,1,futex_do_wait
4924406386757416,3122811,qlever-server-d,S,4,25,299704832,85239130,2284,0,ep_poll
4924406386757416,3123964,qlever-server-d,S,0,0,631110,4240223,24,6,futex_do_wait
4924406386757416,3123965,qlever-server-d,S,0,0,6318096,14873870,102,1,futex_do_wait
4924406386757416,3123966,qlever-server-d,R,65,5,709325977,51203324,1039,3,0
4924406386757416,3123967,qlever-server-d,S,8,0,95485805,52222067,315,3,futex_do_wait
4924406386757416,3123968,qlever-server-d,S,8,1,95844677,44339839,332,5,futex_do_wait
4924406386757416,3123969,qlever-server-d,R,108,3,1118661365,16267652,584,2,0
4924406386757416,3123970,qlever-server-d,R,105,3,1084388476,15632626,780,13,0
4924406386757416,0,__system__,-,1024716432,7867680282,0,0,0,-1,-
4924406406646275,3122254,qlever-server-d,S,991,1709,27010922485,9287664,1206,9,futex_do_wait
4924406406646275,3122258,qlever-server-d,S,0,0,4135283,817031,35,6,futex_do_wait
4924406406646275,3122806,qlever-server-d,R,2751,7,27595570321,8283185,267,11,0
4924406406646275,3122807,qlever-server-d,S,0,0,10120,0,1,1,futex_do_wait
4924406406646275,3122808,qlever-server-d,S,0,0,93120,0,4,9,ep_poll
4924406406646275,3122809,qlever-server-d,S,0,0,414310,214341,8,0,futex_do_wait
4924406406646275,3122810,qlever-server-d,S,5,27,322976188,86705142,2178,1,futex_do_wait
4924406406646275,3122811,qlever-server-d,S,4,25,299704832,85239130,2284,0,ep_poll
4924406406646275,3123964,qlever-server-d,S,0,0,661970,4240223,25,15,futex_do_wait
4924406406646275,3123965,qlever-server-d,S,0,0,6318096,14873870,102,1,futex_do_wait
4924406406646275,3123966,qlever-server-d,S,65,5,717125881,52644085,1057,1,futex_do_wait
4924406406646275,3123967,qlever-server-d,S,8,0,95929635,52222067,317,7,futex_do_wait
4924406406646275,3123968,qlever-server-d,S,8,1,96403717,44732879,334,7,futex_do_wait
4924406406646275,3123969,qlever-server-d,R,109,3,1134057223,16277732,614,0,0
4924406406646275,3123970,qlever-server-d,R,106,3,1103086687,16920656,784,15,0
4924406406646275,0,__system__,-,1024716455,7867680314,0,0,0,-1,-
4924406428067663,3122254,qlever-server-d,S,991,1709,27010922485,9287664,1206,9,futex_do_wait
4924406428067663,3122258,qlever-server-d,S,0,0,4135283,817031,35,6,futex_do_wait
4924406428067663,3122806,qlever-server-d,R,2753,7,27617529014,8319755,269,5,0
4924406428067663,3122807,qlever-server-d,S,0,0,10120,0,1,1,futex_do_wait
4924406428067663,3122808,qlever-server-d,S,0,0,93120,0,4,9,ep_poll
4924406428067663,3122809,qlever-server-d,S,0,0,414310,214341,8,0,futex_do_wait
4924406428067663,3122810,qlever-server-d,S,5,27,322976188,86705142,2178,1,futex_do_wait
4924406428067663,3122811,qlever-server-d,S,4,25,299704832,85239130,2284,0,ep_poll
4924406428067663,3123964,qlever-server-d,S,0,0,661970,4240223,25,15,futex_do_wait
4924406428067663,3123965,qlever-server-d,S,0,0,6449326,14873870,104,1,futex_do_wait
4924406428067663,3123966,qlever-server-d,R,67,5,731420459,54036475,1068,11,0
4924406428067663,3123967,qlever-server-d,R,8,0,97504916,52728827,325,3,0
4924406428067663,3123968,qlever-server-d,R,8,1,98262829,46133050,341,3,0
4924406428067663,3123969,qlever-server-d,R,111,3,1152789693,16599953,628,2,0
4924406428067663,3123970,qlever-server-d,R,109,3,1124088409,16920656,784,15,0
4924406428067663,0,__system__,-,1024716483,7867680349,0,0,0,-1,-
4924406446642013,3122254,qlever-server-d,S,991,1709,27010922485,9287664,1206,9,futex_do_wait
4924406446642013,3122258,qlever-server-d,S,0,0,4135283,817031,35,6,futex_do_wait
4924406446642013,3122806,qlever-server-d,R,2755,7,27635428994,8414135,272,11,0
4924406446642013,3122807,qlever-server-d,S,0,0,10120,0,1,1,futex_do_wait
4924406446642013,3122808,qlever-server-d,S,0,0,93120,0,4,9,ep_poll
4924406446642013,3122809,qlever-server-d,S,0,0,414310,214341,8,0,futex_do_wait
4924406446642013,3122810,qlever-server-d,S,5,27,322976188,86705142,2178,1,futex_do_wait
4924406446642013,3122811,qlever-server-d,S,4,25,299704832,85239130,2284,0,ep_poll
4924406446642013,3123964,qlever-server-d,S,0,0,685790,4940193,26,15,futex_do_wait
4924406446642013,3123965,qlever-server-d,S,0,0,6599716,15734211,108,10,futex_do_wait
4924406446642013,3123966,qlever-server-d,R,68,6,749896978,54422976,1074,2,0
4924406446642013,3123967,qlever-server-d,S,9,0,100566918,54285547,336,10,futex_do_wait
4924406446642013,3123968,qlever-server-d,S,9,1,101202520,49548083,353,10,futex_do_wait
4924406446642013,3123969,qlever-server-d,S,112,3,1162366906,17577263,647,1,futex_do_wait
4924406446642013,3123970,qlever-server-d,S,110,3,1137721336,16949046,793,13,0
4924406446642013,0,__system__,-,1024716507,7867680379,0,0,0,-1,-
4924406466635621,3122254,qlever-server-d,S,991,1709,27010922485,9287664,1206,9,futex_do_wait
4924406466635621,3122258,qlever-server-d,S,0,0,4135283,817031,35,6,futex_do_wait
4924406466635621,3122806,qlever-server-d,R,2757,7,27655428765,8414135,272,11,0
4924406466635621,3122807,qlever-server-d,S,0,0,10120,0,1,1,futex_do_wait
4924406466635621,3122808,qlever-server-d,S,0,0,93120,0,4,9,ep_poll
4924406466635621,3122809,qlever-server-d,S,0,0,414310,214341,8,0,futex_do_wait
4924406466635621,3122810,qlever-server-d,S,5,27,322976188,86705142,2178,1,futex_do_wait
4924406466635621,3122811,qlever-server-d,S,4,25,299704832,85239130,2284,0,ep_poll
4924406466635621,3123964,qlever-server-d,S,0,0,685790,4940193,26,15,futex_do_wait
4924406466635621,3123965,qlever-server-d,S,0,0,6717807,16512581,111,0,futex_do_wait
4924406466635621,3123966,qlever-server-d,S,70,6,764851255,54975166,1086,6,futex_do_wait
4924406466635621,3123967,qlever-server-d,S,9,1,102143429,54781597,342,1,futex_do_wait
4924406466635621,3123968,qlever-server-d,S,9,1,102609290,50039424,359,0,futex_do_wait
4924406466635621,3123969,qlever-server-d,R,113,3,1178063845,17577263,654,8,0
4924406466635621,3123970,qlever-server-d,R,111,3,1153876303,16949046,807,15,0
4924406466635621,0,__system__,-,1024716529,7867680410,0,0,0,-1,-
4924406486638490,3122254,qlever-server-d,S,991,1709,27010922485,9287664,1206,9,futex_do_wait
4924406486638490,3122258,qlever-server-d,S,0,0,4135283,817031,35,6,futex_do_wait
4924406486638490,3122806,qlever-server-d,R,2759,7,27675406826,8436595,273,11,0
4924406486638490,3122807,qlever-server-d,S,0,0,10120,0,1,1,futex_do_wait
4924406486638490,3122808,qlever-server-d,S,0,0,93120,0,4,9,ep_poll
4924406486638490,3122809,qlever-server-d,S,0,0,414310,214341,8,0,futex_do_wait
4924406486638490,3122810,qlever-server-d,S,5,27,322976188,86705142,2178,1,futex_do_wait
4924406486638490,3122811,qlever-server-d,S,4,25,299704832,85239130,2284,0,ep_poll
4924406486638490,3123964,qlever-server-d,S,0,0,685790,4940193,26,15,futex_do_wait
4924406486638490,3123965,qlever-server-d,S,0,0,6774377,16512581,112,0,futex_do_wait
4924406486638490,3123966,qlever-server-d,R,70,6,773259070,55914737,1105,6,0
4924406486638490,3123967,qlever-server-d,S,9,1,102700539,55310407,344,0,futex_do_wait
4924406486638490,3123968,qlever-server-d,S,9,1,103191550,50039424,361,0,futex_do_wait
4924406486638490,3123969,qlever-server-d,R,115,3,1198065637,17577263,654,8,0
4924406486638490,3123970,qlever-server-d,R,113,3,1170141973,17029796,839,4,0
4924406486638490,0,__system__,-,1024716555,7867680443,0,0,0,-1,-
4924406507306744,3122254,qlever-server-d,S,991,1709,27010922485,9287664,1206,9,futex_do_wait
4924406507306744,3122258,qlever-server-d,S,0,0,4135283,817031,35,6,futex_do_wait
4924406507306744,3122806,qlever-server-d,R,2761,8,27696405798,8436595,273,11,0
4924406507306744,3122807,qlever-server-d,S,0,0,10120,0,1,1,futex_do_wait
4924406507306744,3122808,qlever-server-d,S,0,0,93120,0,4,9,ep_poll
4924406507306744,3122809,qlever-server-d,S,0,0,414310,214341,8,0,futex_do_wait
4924406507306744,3122810,qlever-server-d,S,5,27,322976188,86705142,2178,1,futex_do_wait
4924406507306744,3122811,qlever-server-d,S,4,25,299704832,85239130,2284,0,ep_poll
4924406507306744,3123964,qlever-server-d,S,0,0,714090,5884484,27,15,futex_do_wait
4924406507306744,3123965,qlever-server-d,S,0,0,6774377,16512581,112,0,futex_do_wait
4924406507306744,3123966,qlever-server-d,R,71,6,780676195,58265328,1133,15,0
4924406507306744,3123967,qlever-server-d,S,9,1,103231289,55310407,345,0,futex_do_wait
4924406507306744,3123968,qlever-server-d,S,9,1,103215140,50039424,362,2,futex_do_wait
4924406507306744,3123969,qlever-server-d,R,117,3,1219065438,17577263,654,8,0
4924406507306744,3123970,qlever-server-d,R,115,3,1190215104,17053576,854,4,0
4924406507306744,0,__system__,-,1024716581,7867680476,0,0,0,-1,-
4924406527430241,3122254,qlever-server-d,S,991,1709,27010922485,9287664,1206,9,futex_do_wait
4924406527430241,3122258,qlever-server-d,S,0,0,4135283,817031,35,6,futex_do_wait
4924406527430241,3122806,qlever-server-d,R,2763,8,27716407109,8436595,273,11,0
4924406527430241,3122807,qlever-server-d,S,0,0,10120,0,1,1,futex_do_wait
4924406527430241,3122808,qlever-server-d,S,0,0,93120,0,4,9,ep_poll
4924406527430241,3122809,qlever-server-d,S,0,0,414310,214341,8,0,futex_do_wait
4924406527430241,3122810,qlever-server-d,S,5,27,322976188,86705142,2178,1,futex_do_wait
4924406527430241,3122811,qlever-server-d,S,4,25,299704832,85239130,2284,0,ep_poll
4924406527430241,3123964,qlever-server-d,S,0,0,714090,5884484,27,15,futex_do_wait
4924406527430241,3123965,qlever-server-d,S,0,0,6844937,16512581,113,0,futex_do_wait
4924406527430241,3123966,qlever-server-d,R,72,6,789783200,59413069,1153,5,0
4924406527430241,3123967,qlever-server-d,S,9,1,103760979,55310407,348,1,futex_do_wait
4924406527430241,3123968,qlever-server-d,S,9,1,104236110,50339344,365,0,futex_do_wait
4924406527430241,3123969,qlever-server-d,R,119,3,1239064619,17577263,654,8,0
4924406527430241,3123970,qlever-server-d,R,117,3,1207378304,17271896,887,4,0
4924406527430241,0,__system__,-,1024716605,7867680507,0,0,0,-1,-
4924406546639396,3122254,qlever-server-d,S,991,1709,27010922485,9287664,1206,9,futex_do_wait
4924406546639396,3122258,qlever-server-d,S,0,0,4135283,817031,35,6,futex_do_wait
4924406546639396,3122806,qlever-server-d,R,2765,8,27735407039,8436595,273,11,0
4924406546639396,3122807,qlever-server-d,S,0,0,10120,0,1,1,futex_do_wait
4924406546639396,3122808,qlever-server-d,S,0,0,93120,0,4,9,ep_poll
4924406546639396,3122809,qlever-server-d,S,0,0,414310,214341,8,0,futex_do_wait
4924406546639396,3122810,qlever-server-d,S,5,27,322976188,86705142,2178,1,futex_do_wait
4924406546639396,3122811,qlever-server-d,S,4,25,299704832,85239130,2284,0,ep_poll
4924406546639396,3123964,qlever-server-d,S,0,0,738190,5943944,28,15,futex_do_wait
4924406546639396,3123965,qlever-server-d,S,0,0,6966667,16512581,115,1,futex_do_wait
4924406546639396,3123966,qlever-server-d,R,73,6,804474948,60767790,1162,5,0
4924406546639396,3123967,qlever-server-d,S,9,1,105617411,56042138,353,0,futex_do_wait
4924406546639396,3123968,qlever-server-d,R,9,1,105548171,50339344,370,5,0
4924406546639396,3123969,qlever-server-d,R,121,3,1258065170,17577263,654,8,0
4924406546639396,3123970,qlever-server-d,R,118,3,1223659873,17318286,911,4,0
4924406546639396,0,__system__,-,1024716630,7867680538,0,0,0,-1,-
4924406566648565,3122254,qlever-server-d,S,991,1709,27010922485,9287664,1206,9,futex_do_wait
4924406566648565,3122258,qlever-server-d,S,0,0,4135283,817031,35,6,futex_do_wait
4924406566648565,3122806,qlever-server-d,R,2767,8,27755407700,8436595,273,11,0
4924406566648565,3122807,qlever-server-d,S,0,0,10120,0,1,1,futex_do_wait
4924406566648565,3122808,qlever-server-d,S,0,0,93120,0,4,9,ep_poll
4924406566648565,3122809,qlever-server-d,S,0,0,414310,214341,8,0,futex_do_wait
4924406566648565,3122810,qlever-server-d,S,5,27,322976188,86705142,2178,1,futex_do_wait
4924406566648565,3122811,qlever-server-d,S,4,25,299704832,85239130,2284,0,ep_poll
4924406566648565,3123964,qlever-server-d,S,0,0,738190,5943944,28,15,futex_do_wait
4924406566648565,3123965,qlever-server-d,S,0,0,7095557,17670141,117,1,futex_do_wait
4924406566648565,3123966,qlever-server-d,R,75,6,820365737,63628962,1171,5,0
4924406566648565,3123967,qlever-server-d,S,9,1,107648653,57027888,362,5,futex_do_wait
4924406566648565,3123968,qlever-server-d,S,9,1,107964091,54322698,379,15,futex_do_wait
4924406566648565,3123969,qlever-server-d,R,123,3,1278064921,17577263,654,8,0
4924406566648565,3123970,qlever-server-d,R,119,3,1239263441,17991966,938,4,futex_do_wait
4924406566648565,0,__system__,-,1024716657,7867680569,0,0,0,-1,-
4924406586646083,3122254,qlever-server-d,S,991,1709,27010922485,9287664,1206,9,futex_do_wait
4924406586646083,3122258,qlever-server-d,S,0,0,4135283,817031,35,6,futex_do_wait
4924406586646083,3122806,qlever-server-d,R,2769,8,27776029872,8436595,273,11,0
4924406586646083,3122807,qlever-server-d,S,0,0,10120,0,1,1,futex_do_wait
4924406586646083,3122808,qlever-server-d,S,0,0,93120,0,4,9,ep_poll
4924406586646083,3122809,qlever-server-d,S,0,0,414310,214341,8,0,futex_do_wait
4924406586646083,3122810,qlever-server-d,S,5,27,322976188,86705142,2178,1,futex_do_wait
4924406586646083,3122811,qlever-server-d,S,4,25,299704832,85239130,2284,0,ep_poll
4924406586646083,3123964,qlever-server-d,S,0,0,738190,5943944,28,15,futex_do_wait
4924406586646083,3123965,qlever-server-d,S,0,0,7278907,18419662,120,5,futex_do_wait
4924406586646083,3123966,qlever-server-d,R,76,7,838028756,65054373,1177,5,0
4924406586646083,3123967,qlever-server-d,S,9,1,109603275,59638249,369,14,futex_do_wait
4924406586646083,3123968,qlever-server-d,S,9,1,109922893,54790439,387,12,futex_do_wait
4924406586646083,3123969,qlever-server-d,R,125,4,1294586609,18440113,669,1,0
4924406586646083,3123970,qlever-server-d,R,121,3,1256959951,18892296,946,1,0
4924406586646083,0,__system__,-,1024716682,7867680601,0,0,0,-1,-
4924406606648102,3122254,qlever-server-d,S,991,1709,27010922485,9287664,1206,9,futex_do_wait
4924406606648102,3122258,qlever-server-d,S,0,0,4135283,817031,35,6,futex_do_wait
4924406606648102,3122806,qlever-server-d,R,2771,8,27795406763,8436595,273,11,0
4924406606648102,3122807,qlever-server-d,S,0,0,10120,0,1,1,futex_do_wait
4924406606648102,3122808,qlever-server-d,S,0,0,93120,0,4,9,ep_poll
4924406606648102,3122809,qlever-server-d,S,0,0,414310,214341,8,0,futex_do_wait
4924406606648102,3122810,qlever-server-d,S,5,27,322976188,86705142,2178,1,futex_do_wait
4924406606648102,3122811,qlever-server-d,S,4,25,299704832,85239130,2284,0,ep_poll
4924406606648102,3123964,qlever-server-d,S,0,0,764240,5943944,29,7,futex_do_wait
4924406606648102,3123965,qlever-server-d,S,0,0,7390167,18419662,122,13,futex_do_wait
4924406606648102,3123966,qlever-server-d,R,77,7,852335254,65054373,1192,5,0
4924406606648102,3123967,qlever-server-d,S,9,1,111551046,60517480,376,12,futex_do_wait
4924406606648102,3123968,qlever-server-d,S,9,1,111368175,55674440,394,13,futex_do_wait
4924406606648102,3123969,qlever-server-d,R,127,4,1314132260,18442383,670,1,0
4924406606648102,3123970,qlever-server-d,R,123,4,1272454839,21975578,964,2,0
4924406606648102,0,__system__,-,1024716706,7867680633,0,0,0,-1,-
4924406626638771,3122254,qlever-server-d,S,991,1709,27010922485,9287664,1206,9,futex_do_wait
4924406626638771,3122258,qlever-server-d,S,0,0,4135283,817031,35,6,futex_do_wait
4924406626638771,3122806,qlever-server-d,R,2773,8,27815406984,8436595,273,11,0
4924406626638771,3122807,qlever-server-d,S,0,0,10120,0,1,1,futex_do_wait
4924406626638771,3122808,qlever-server-d,S,0,0,93120,0,4,9,ep_poll
4924406626638771,3122809,qlever-server-d,S,0,0,414310,214341,8,0,futex_do_wait
4924406626638771,3122810,qlever-server-d,S,5,27,322976188,86705142,2178,1,futex_do_wait
4924406626638771,3122811,qlever-server-d,S,4,25,299704832,85239130,2284,0,ep_poll
4924406626638771,3123964,qlever-server-d,S,0,0,764240,5943944,29,7,futex_do_wait
4924406626638771,3123965,qlever-server-d,S,0,0,7467227,18620552,123,5,futex_do_wait
4924406626638771,3123966,qlever-server-d,R,78,7,862246488,66388974,1209,7,0
4924406626638771,3123967,qlever-server-d,R,10,1,112530546,60517480,380,4,0
4924406626638771,3123968,qlever-server-d,R,9,1,112410915,56267220,399,13,0
4924406626638771,3123969,qlever-server-d,R,129,4,1334104431,18470783,671,1,0
4924406626638771,3123970,qlever-server-d,R,125,4,1290869289,21975578,987,2,0
4924406626638771,0,__system__,-,1024716728,7867680663,0,0,0,-1,-
4924406646646279,3122254,qlever-server-d,S,991,1709,27010922485,9287664,1206,9,futex_do_wait
4924406646646279,3122258,qlever-server-d,S,0,0,4135283,817031,35,6,futex_do_wait
4924406646646279,3122806,qlever-server-d,R,2775,8,27835408365,8436595,273,11,0
4924406646646279,3122807,qlever-server-d,S,0,0,10120,0,1,1,futex_do_wait
4924406646646279,3122808,qlever-server-d,S,0,0,93120,0,4,9,ep_poll
4924406646646279,3122809,qlever-server-d,S,0,0,414310,214341,8,0,futex_do_wait
4924406646646279,3122810,qlever-server-d,S,5,27,322976188,86705142,2178,1,futex_do_wait
4924406646646279,3122811,qlever-server-d,S,4,25,299704832,85239130,2284,0,ep_poll
4924406646646279,3123964,qlever-server-d,S,0,0,807400,5943944,30,12,futex_do_wait
4924406646646279,3123965,qlever-server-d,S,0,0,7719118,19321483,128,4,futex_do_wait
4924406646646279,3123966,qlever-server-d,R,80,7,881117638,67393215,1217,7,0
4924406646646279,3123969,qlever-server-d,R,131,4,1354103602,18470783,671,1,0
4924406646646279,3123970,qlever-server-d,R,126,4,1309589250,22301748,1000,2,0
4924406646646279,0,__system__,-,1024716753,7867680696,0,0,0,-1,-
4924406666950766,3122254,qlever-server-d,S,991,1709,27010922485,9287664,1206,9,futex_do_wait
4924406666950766,3122258,qlever-server-d,S,0,0,4135283,817031,35,6,futex_do_wait
4924406666950766,3122806,qlever-server-d,R,2777,8,27856377947,8460205,274,3,0
4924406666950766,3122807,qlever-server-d,S,0,0,10120,0,1,1,futex_do_wait
4924406666950766,3122808,qlever-server-d,S,0,0,93120,0,4,9,ep_poll
4924406666950766,3122809,qlever-server-d,S,0,0,414310,214341,8,0,futex_do_wait
4924406666950766,3122810,qlever-server-d,S,5,27,322976188,86705142,2178,1,futex_do_wait
4924406666950766,3122811,qlever-server-d,S,4,25,299704832,85239130,2284,0,ep_poll
4924406666950766,3123964,qlever-server-d,S,0,0,807400,5943944,30,12,futex_do_wait
4924406666950766,3123965,qlever-server-d,S,0,0,7914528,19321483,131,7,futex_do_wait
4924406666950766,3123966,qlever-server-d,R,82,7,900700089,67432885,1222,6,0
4924406666950766,3123969,qlever-server-d,R,133,4,1374102044,18519583,675,1,0
4924406666950766,3123970,qlever-server-d,R,128,4,1329565692,22326458,1001,2,0
4924406666950766,0,__system__,-,1024716778,7867680728,0,0,0,-1,-
4924406686648507,3122254,qlever-server-d,S,991,1709,27010922485,9287664,1206,9,futex_do_wait
4924406686648507,3122258,qlever-server-d,S,0,0,4135283,817031,35,6,futex_do_wait
4924406686648507,3122806,qlever-server-d,R,2779,8,27875377737,8460205,274,3,0
4924406686648507,3122807,qlever-server-d,S,0,0,10120,0,1,1,futex_do_wait
4924406686648507,3122808,qlever-server-d,S,0,0,93120,0,4,9,ep_poll
4924406686648507,3122809,qlever-server-d,S,0,0,414310,214341,8,0,futex_do_wait
4924406686648507,3122810,qlever-server-d,R,5,27,325684229,86705142,2182,1,0
4924406686648507,3122811,qlever-server-d,S,4,25,299907442,86048041,2295,10,ep_poll
4924406686648507,3123964,qlever-server-d,S,0,0,807400,5943944,30,12,futex_do_wait
4924406686648507,3123965,qlever-server-d,R,0,0,11408870,20595294,136,14,0
4924406686648507,0,__system__,-,1024716803,7867680760,0,0,0,-1,-
4924406706628216,3122254,qlever-server-d,S,991,1709,27010922485,9287664,1206,9,futex_do_wait
4924406706628216,3122258,qlever-server-d,S,0,0,4135283,817031,35,6,futex_do_wait
4924406706628216,3122806,qlever-server-d,R,2781,8,27895380068,8460205,274,3,0
4924406706628216,3122807,qlever-server-d,S,0,0,10120,0,1,1,futex_do_wait
4924406706628216,3122808,qlever-server-d,S,0,0,93120,0,4,9,ep_poll
4924406706628216,3122809,qlever-server-d,S,0,0,414310,214341,8,0,futex_do_wait
4924406706628216,3122810,qlever-server-d,S,5,27,330325741,89582803,2202,10,futex_do_wait
4924406706628216,3122811,qlever-server-d,S,4,25,305737505,88486513,2312,11,ep_poll
4924406706628216,3123964,qlever-server-d,S,0,0,839940,5943944,31,4,futex_do_wait
4924406706628216,3123965,qlever-server-d,R,2,0,31409511,20595294,136,14,0
4924406706628216,0,__system__,-,1024716825,7867680790,0,0,0,-1,-
4924406726644854,3122254,qlever-server-d,S,991,1709,27010922485,9287664,1206,9,futex_do_wait
4924406726644854,3122258,qlever-server-d,S,0,0,4135283,817031,35,6,futex_do_wait
4924406726644854,3122806,qlever-server-d,R,2783,8,27915381209,8460205,274,3,0
4924406726644854,3122807,qlever-server-d,S,0,0,10120,0,1,1,futex_do_wait
4924406726644854,3122808,qlever-server-d,S,0,0,93120,0,4,9,ep_poll
4924406726644854,3122809,qlever-server-d,S,0,0,414310,214341,8,0,futex_do_wait
4924406726644854,3122810,qlever-server-d,S,5,27,330974922,89582803,2203,0,futex_do_wait
4924406726644854,3122811,qlever-server-d,S,4,25,305794835,88486513,2315,2,ep_poll
4924406726644854,3123964,qlever-server-d,S,0,0,839940,5943944,31,4,futex_do_wait
4924406726644854,3123965,qlever-server-d,R,4,0,51410012,20595294,136,14,0
4924406726644854,0,__system__,-,1024716846,7867680822,0,0,0,-1,-
4924406746651743,3122254,qlever-server-d,S,991,1709,27010922485,9287664,1206,9,futex_do_wait
4924406746651743,3122258,qlever-server-d,S,0,0,4135283,817031,35,6,futex_do_wait
4924406746651743,3122806,qlever-server-d,R,2785,8,27935378660,8460205,274,3,0
4924406746651743,3122807,qlever-server-d,S,0,0,10120,0,1,1,futex_do_wait
4924406746651743,3122808,qlever-server-d,S,0,0,93120,0,4,9,ep_poll
4924406746651743,3122809,qlever-server-d,S,0,0,414310,214341,8,0,futex_do_wait
4924406746651743,3122810,qlever-server-d,S,5,27,331363552,89582803,2204,4,futex_do_wait
4924406746651743,3122811,qlever-server-d,S,4,25,305862015,89561684,2317,1,ep_poll
4924406746651743,3123964,qlever-server-d,S,0,0,873690,5943944,32,4,futex_do_wait
4924406746651743,3123965,qlever-server-d,R,6,0,71410933,20595294,136,14,0
4924406746651743,0,__system__,-,1024716867,7867680854,0,0,0,-1,-
4924406766634652,3122254,qlever-server-d,S,991,1709,27010922485,9287664,1206,9,futex_do_wait
4924406766634652,3122258,qlever-server-d,S,0,0,4135283,817031,35,6,futex_do_wait
4924406766634652,3122806,qlever-server-d,R,2787,8,27955379022,8460205,274,3,0
4924406766634652,3122807,qlever-server-d,S,0,0,10120,0,1,1,futex_do_wait
4924406766634652,3122808,qlever-server-d,S,0,0,93120,0,4,9,ep_poll
4924406766634652,3122809,qlever-server-d,S,0,0,414310,214341,8,0,futex_do_wait
4924406766634652,3122810,qlever-server-d,S,5,27,331747872,89582803,2205,5,futex_do_wait
4924406766634652,3122811,qlever-server-d,S,4,25,305911105,89561684,2319,1,ep_poll
4924406766634652,3123964,qlever-server-d,S,0,0,873690,5943944,32,4,futex_do_wait
4924406766634652,3123965,qlever-server-d,R,8,0,91410144,20595294,136,14,0
4924406766634652,0,__system__,-,1024716888,7867680887,0,0,0,-1,-
4924406786636360,3122254,qlever-server-d,S,991,1709,27010922485,9287664,1206,9,futex_do_wait
4924406786636360,3122258,qlever-server-d,S,0,0,4135283,817031,35,6,futex_do_wait
4924406786636360,3122806,qlever-server-d,R,2789,8,27975379373,8460205,274,3,0
4924406786636360,3122807,qlever-server-d,S,0,0,10120,0,1,1,futex_do_wait
4924406786636360,3122808,qlever-server-d,S,0,0,93120,0,4,9,ep_poll
4924406786636360,3122809,qlever-server-d,S,0,0,414310,214341,8,0,futex_do_wait
4924406786636360,3122810,qlever-server-d,S,5,27,332080092,89582803,2206,4,futex_do_wait
4924406786636360,3122811,qlever-server-d,S,4,25,305958225,89561684,2321,1,ep_poll
4924406786636360,3123964,qlever-server-d,S,0,0,873690,5943944,32,4,futex_do_wait
4924406786636360,3123965,qlever-server-d,R,10,0,111412555,20595294,136,14,0
4924406786636360,0,__system__,-,1024716908,7867680918,0,0,0,-1,-
4924406806626099,3122254,qlever-server-d,S,991,1709,27010922485,9287664,1206,9,futex_do_wait
4924406806626099,3122258,qlever-server-d,S,0,0,4135283,817031,35,6,futex_do_wait
4924406806626099,3122806,qlever-server-d,R,2791,8,27995370944,8506335,276,2,0
4924406806626099,3122807,qlever-server-d,S,0,0,10120,0,1,1,futex_do_wait
4924406806626099,3122808,qlever-server-d,S,0,0,93120,0,4,9,ep_poll
4924406806626099,3122809,qlever-server-d,S,0,0,414310,214341,8,0,futex_do_wait
4924406806626099,3122810,qlever-server-d,S,5,27,332487782,89582803,2207,4,futex_do_wait
4924406806626099,3122811,qlever-server-d,S,4,25,306008725,89561684,2323,1,ep_poll
4924406806626099,3123964,qlever-server-d,S,0,0,893180,5943944,33,4,futex_do_wait
4924406806626099,3123965,qlever-server-d,R,12,0,131410956,20595294,136,14,0
4924406806626099,0,__system__,-,1024716929,7867680950,0,0,0,-1,-
4924406826647958,3122254,qlever-server-d,S,991,1709,27010922485,9287664,1206,9,futex_do_wait
4924406826647958,3122258,qlever-server-d,S,0,0,4135283,817031,35,6,futex_do_wait
4924406826647958,3122806,qlever-server-d,R,2793,8,28015305885,8525895,277,0,0
4924406826647958,3122807,qlever-server-d,S,0,0,10120,0,1,1,futex_do_wait
4924406826647958,3122808,qlever-server-d,S,0,0,93120,0,4,9,ep_poll
4924406826647958,3122809,qlever-server-d,S,0,0,414310,214341,8,0,futex_do_wait
4924406826647958,3122810,qlever-server-d,S,5,27,332826753,89582803,2208,4,futex_do_wait
4924406826647958,3122811,qlever-server-d,S,4,25,306053565,89561684,2325,3,ep_poll
4924406826647958,3123964,qlever-server-d,S,0,0,893180,5943944,33,4,futex_do_wait
4924406826647958,3123965,qlever-server-d,R,14,0,151410637,20595294,136,14,0
4924406826647958,0,__system__,-,1024716952,7867680982,0,0,0,-1,-
4924406846641136,3122254,qlever-server-d,S,991,1709,27010922485,9287664,1206,9,futex_do_wait
4924406846641136,3122258,qlever-server-d,S,0,0,4135283,817031,35,6,futex_do_wait
4924406846641136,3122806,qlever-server-d,R,2795,8,28035260016,8565615,279,2,0
4924406846641136,3122807,qlever-server-d,S,0,0,10120,0,1,1,futex_do_wait
4924406846641136,3122808,qlever-server-d,S,0,0,93120,0,4,9,ep_poll
4924406846641136,3122809,qlever-server-d,S,0,0,414310,214341,8,0,futex_do_wait
4924406846641136,3122810,qlever-server-d,S,5,28,333738844,89582803,2210,4,futex_do_wait
4924406846641136,3122811,qlever-server-d,S,4,25,306120285,89720344,2329,5,ep_poll
4924406846641136,3123964,qlever-server-d,S,0,0,920840,5943944,34,4,futex_do_wait
4924406846641136,3123965,qlever-server-d,R,16,0,171410529,20595294,136,14,0
4924406846641136,0,__system__,-,1024716972,7867681013,0,0,0,-1,-
4924406866641995,3122254,qlever-server-d,S,991,1709,27010922485,9287664,1206,9,futex_do_wait
4924406866641995,3122258,qlever-server-d,S,0,0,4135283,817031,35,6,futex_do_wait
4924406866641995,3122806,qlever-server-d,R,2797,8,28055236717,8591495,280,2,0
4924406866641995,3122807,qlever-server-d,S,0,0,10120,0,1,1,futex_do_wait
4924406866641995,3122808,qlever-server-d,S,0,0,93120,0,4,9,ep_poll
4924406866641995,3122809,qlever-server-d,S,0,0,414310,214341,8,0,futex_do_wait
4924406866641995,3122810,qlever-server-d,S,5,28,334309354,89582803,2212,7,futex_do_wait
4924406866641995,3122811,qlever-server-d,S,4,25,306202825,89720344,2332,12,ep_poll
4924406866641995,3123964,qlever-server-d,S,0,0,920840,5943944,34,4,futex_do_wait
4924406866641995,3123965,qlever-server-d,R,18,0,191412330,20595294,136,14,0
4924406866641995,0,__system__,-,1024716993,7867681046,0,0,0,-1,-
4924406886634884,3122254,qlever-server-d,S,991,1709,27010922485,9287664,1206,9,futex_do_wait
4924406886634884,3122258,qlever-server-d,S,0,0,4135283,817031,35,6,futex_do_wait
4924406886634884,3122806,qlever-server-d,R,2799,8,28075187708,8631245,282,3,0
4924406886634884,3122807,qlever-server-d,S,0,0,10120,0,1,1,futex_do_wait
4924406886634884,3122808,qlever-server-d,S,0,0,93120,0,4,9,ep_poll
4924406886634884,3122809,qlever-server-d,S,0,0,414310,214341,8,0,futex_do_wait
4924406886634884,3122810,qlever-server-d,S,5,28,334714214,89582803,2213,7,futex_do_wait
4924406886634884,3122811,qlever-server-d,S,4,25,306236065,89720344,2334,12,ep_poll
4924406886634884,3123964,qlever-server-d,S,0,0,920840,5943944,34,4,futex_do_wait
4924406886634884,3123965,qlever-server-d,R,20,0,211410771,20595294,136,14,0
4924406886634884,0,__system__,-,1024717012,7867681076,0,0,0,-1,-
4924406906634942,3122254,qlever-server-d,S,991,1709,27010922485,9287664,1206,9,futex_do_wait
4924406906634942,3122258,qlever-server-d,S,0,0,4135283,817031,35,6,futex_do_wait
4924406906634942,3122806,qlever-server-d,R,2801,8,28095189569,8631245,282,3,0
4924406906634942,3122807,qlever-server-d,S,0,0,10120,0,1,1,futex_do_wait
4924406906634942,3122808,qlever-server-d,S,0,0,93120,0,4,9,ep_poll
4924406906634942,3122809,qlever-server-d,S,0,0,414310,214341,8,0,futex_do_wait
4924406906634942,3122810,qlever-server-d,S,5,28,335081164,89582803,2214,4,futex_do_wait
4924406906634942,3122811,qlever-server-d,S,4,25,306273755,89720344,2336,12,ep_poll
4924406906634942,3123964,qlever-server-d,S,0,0,963790,5943944,35,4,futex_do_wait
4924406906634942,3123965,qlever-server-d,R,22,0,231410542,20595294,136,14,0
4924406906634942,0,__system__,-,1024717034,7867681109,0,0,0,-1,-
4924406926644321,3122254,qlever-server-d,S,991,1709,27010922485,9287664,1206,9,futex_do_wait
4924406926644321,3122258,qlever-server-d,S,0,0,4135283,817031,35,6,futex_do_wait
4924406926644321,3122806,qlever-server-d,R,2803,8,28115188350,8631245,282,3,0
4924406926644321,3122807,qlever-server-d,S,0,0,10120,0,1,1,futex_do_wait
4924406926644321,3122808,qlever-server-d,S,0,0,93120,0,4,9,ep_poll
4924406926644321,3122809,qlever-server-d,S,0,0,414310,214341,8,0,futex_do_wait
4924406926644321,3122810,qlever-server-d,S,5,28,335429544,89582803,2215,7,futex_do_wait
4924406926644321,3122811,qlever-server-d,S,4,25,306319075,89720344,2338,6,ep_poll
4924406926644321,3123964,qlever-server-d,S,0,0,963790,5943944,35,4,futex_do_wait
4924406926644321,3123965,qlever-server-d,R,24,0,251394353,20608414,137,4,0
4924406926644321,0,__system__,-,1024717054,7867681141,0,0,0,-1,-
4924406946645550,3122254,qlever-server-d,S,991,1709,27010922485,9287664,1206,9,futex_do_wait
4924406946645550,3122258,qlever-server-d,S,0,0,4135283,817031,35,6,futex_do_wait
4924406946645550,3122806,qlever-server-d,R,2805,8,28135188922,8631245,282,3,0
4924406946645550,3122807,qlever-server-d,S,0,0,10120,0,1,1,futex_do_wait
4924406946645550,3122808,qlever-server-d,S,0,0,93120,0,4,9,ep_poll
4924406946645550,3122809,qlever-server-d,S,0,0,414310,214341,8,0,futex_do_wait
4924406946645550,3122810,qlever-server-d,S,5,28,335781454,89582803,2216,14,futex_do_wait
4924406946645550,3122811,qlever-server-d,S,4,25,306350125,89720344,2340,4,ep_poll
4924406946645550,3123964,qlever-server-d,S,0,0,1000200,5943944,36,4,futex_do_wait
4924406946645550,3123965,qlever-server-d,R,26,0,271373124,20626484,138,7,0
4924406946645550,0,__system__,-,1024717077,7867681174,0,0,0,-1,-
4924406966636188,3122254,qlever-server-d,S,991,1709,27010922485,9287664,1206,9,futex_do_wait
4924406966636188,3122258,qlever-server-d,S,0,0,4135283,817031,35,6,futex_do_wait
4924406966636188,3122806,qlever-server-d,R,2807,8,28155187733,8631245,282,3,0
4924406966636188,3122807,qlever-server-d,S,0,0,10120,0,1,1,futex_do_wait
4924406966636188,3122808,qlever-server-d,S,0,0,93120,0,4,9,ep_poll
4924406966636188,3122809,qlever-server-d,S,0,0,414310,214341,8,0,futex_do_wait
4924406966636188,3122810,qlever-server-d,S,5,28,336148805,89582803,2217,15,futex_do_wait
4924406966636188,3122811,qlever-server-d,S,4,25,306389465,89720344,2342,6,ep_poll
4924406966636188,3123964,qlever-server-d,S,0,0,1000200,5943944,36,4,futex_do_wait
4924406966636188,3123965,qlever-server-d,R,28,0,291354265,20641444,139,14,0
4924406966636188,0,__system__,-,1024717097,7867681204,0,0,0,-1,-
4924406986639267,3122254,qlever-server-d,S,991,1709,27010922485,9287664,1206,9,futex_do_wait
4924406986639267,3122258,qlever-server-d,S,0,0,4135283,817031,35,6,futex_do_wait
4924406986639267,3122806,qlever-server-d,R,2809,8,28175188064,8631245,282,3,0
4924406986639267,3122807,qlever-server-d,S,0,0,10120,0,1,1,futex_do_wait
4924406986639267,3122808,qlever-server-d,S,0,0,93120,0,4,9,ep_poll
4924406986639267,3122809,qlever-server-d,S,0,0,414310,214341,8,0,futex_do_wait
4924406986639267,3122810,qlever-server-d,S,5,28,336350555,89582803,2218,12,futex_do_wait
4924406986639267,3122811,qlever-server-d,S,4,25,306419095,89720344,2343,6,ep_poll
4924406986639267,3123964,qlever-server-d,S,0,0,1000200,5943944,36,4,futex_do_wait
4924406986639267,3123965,qlever-server-d,R,30,0,311355216,20641444,139,14,0
4924406986639267,0,__system__,-,1024717117,7867681236,0,0,0,-1,-
4924407006649486,3122254,qlever-server-d,S,991,1709,27010922485,9287664,1206,9,futex_do_wait
4924407006649486,3122258,qlever-server-d,S,0,0,4135283,817031,35,6,futex_do_wait
4924407006649486,3122806,qlever-server-d,R,2811,8,28195188995,8631245,282,3,0
4924407006649486,3122807,qlever-server-d,S,0,0,10120,0,1,1,futex_do_wait
4924407006649486,3122808,qlever-server-d,S,0,0,93120,0,4,9,ep_poll
4924407006649486,3122809,qlever-server-d,S,0,0,414310,214341,8,0,futex_do_wait
4924407006649486,3122810,qlever-server-d,S,5,28,336750665,89582803,2219,12,futex_do_wait
4924407006649486,3122811,qlever-server-d,S,4,25,306468105,89720344,2345,4,ep_poll
4924407006649486,3123964,qlever-server-d,S,0,0,1033350,5943944,37,5,futex_do_wait
4924407006649486,3123965,qlever-server-d,R,32,0,331356017,20641444,139,14,0
4924407006649486,0,__system__,-,1024717139,7867681269,0,0,0,-1,-
4924407026633574,3122254,qlever-server-d,S,991,1709,27010922485,9287664,1206,9,futex_do_wait
4924407026633574,3122258,qlever-server-d,S,0,0,4135283,817031,35,6,futex_do_wait
4924407026633574,3122806,qlever-server-d,R,2813,8,28215165226,8651095,283,2,0
4924407026633574,3122807,qlever-server-d,S,0,0,10120,0,1,1,futex_do_wait
4924407026633574,3122808,qlever-server-d,S,0,0,93120,0,4,9,ep_poll
4924407026633574,3122809,qlever-server-d,S,0,0,414310,214341,8,0,futex_do_wait
4924407026633574,3122810,qlever-server-d,S,5,28,337098765,89582803,2220,13,futex_do_wait
4924407026633574,3122811,qlever-server-d,S,4,25,306521705,89720344,2347,5,ep_poll
4924407026633574,3123964,qlever-server-d,S,0,0,1033350,5943944,37,5,futex_do_wait
4924407026633574,3123965,qlever-server-d,R,34,0,351356269,20641444,139,14,0
4924407026633574,0,__system__,-,1024717159,7867681300,0,0,0,-1,-
4924407046634873,3122254,qlever-server-d,S,991,1709,27010922485,9287664,1206,9,futex_do_wait
4924407046634873,3122258,qlever-server-d,S,0,0,4135283,817031,35,6,futex_do_wait
4924407046634873,3122806,qlever-server-d,R,2815,8,28235165237,8651095,283,2,0
4924407046634873,3122807,qlever-server-d,S,0,0,10120,0,1,1,futex_do_wait
4924407046634873,3122808,qlever-server-d,S,0,0,93120,0,4,9,ep_poll
4924407046634873,3122809,qlever-server-d,S,0,0,414310,214341,8,0,futex_do_wait
4924407046634873,3122810,qlever-server-d,S,5,28,337477266,89582803,2221,6,futex_do_wait
4924407046634873,3122811,qlever-server-d,S,4,25,306552225,90460285,2348,13,ep_poll
4924407046634873,3123964,qlever-server-d,S,0,0,1067980,5943944,38,5,futex_do_wait
4924407046634873,3123965,qlever-server-d,R,36,0,371356760,20641444,139,14,0
4924407046634873,0,__system__,-,1024717180,7867681333,0,0,0,-1,-
4924407066640362,3122254,qlever-server-d,S,991,1709,27010922485,9287664,1206,9,futex_do_wait
4924407066640362,3122258,qlever-server-d,S,0,0,4135283,817031,35,6,futex_do_wait
4924407066640362,3122806,qlever-server-d,R,2817,8,28255164028,8651095,283,2,0
4924407066640362,3122807,qlever-server-d,S,0,0,10120,0,1,1,futex_do_wait
4924407066640362,3122808,qlever-server-d,S,0,0,93120,0,4,9,ep_poll
4924407066640362,3122809,qlever-server-d,S,0,0,414310,214341,8,0,futex_do_wait
4924407066640362,3122810,qlever-server-d,S,5,28,337822377,89582803,2222,12,futex_do_wait
4924407066640362,3122811,qlever-server-d,S,4,25,306577085,91223745,2349,13,ep_poll
4924407066640362,3123964,qlever-server-d,S,0,0,1067980,5943944,38,5,futex_do_wait
4924407066640362,3123965,qlever-server-d,R,38,0,391357741,20641444,139,14,0
4924407066640362,0,__system__,-,1024717201,7867681364,0,0,0,-1,-
4924407086642350,3122254,qlever-server-d,S,991,1709,27010922485,9287664,1206,9,futex_do_wait
4924407086642350,3122258,qlever-server-d,S,0,0,4135283,817031,35,6,futex_do_wait
4924407086642350,3122806,qlever-server-d,R,2819,8,28275165459,8651095,283,2,0
4924407086642350,3122807,qlever-server-d,S,0,0,10120,0,1,1,futex_do_wait
4924407086642350,3122808,qlever-server-d,S,0,0,93120,0,4,9,ep_poll
4924407086642350,3122809,qlever-server-d,S,0,0,414310,214341,8,0,futex_do_wait
4924407086642350,3122810,qlever-server-d,S,5,28,338206578,89582803,2223,12,futex_do_wait
4924407086642350,3122811,qlever-server-d,S,4,25,306605275,91223745,2351,13,ep_poll
4924407086642350,3123964,qlever-server-d,S,0,0,1067980,5943944,38,5,futex_do_wait
4924407086642350,3123965,qlever-server-d,R,40,0,411357422,20641444,139,14,0
4924407086642350,0,__system__,-,1024717223,7867681396,0,0,0,-1,-
4924407106632149,3122254,qlever-server-d,S,991,1709,27010922485,9287664,1206,9,futex_do_wait
4924407106632149,3122258,qlever-server-d,S,0,0,4135283,817031,35,6,futex_do_wait
4924407106632149,3122806,qlever-server-d,R,2821,8,28295165810,8651095,283,2,0
4924407106632149,3122807,qlever-server-d,S,0,0,10120,0,1,1,futex_do_wait
4924407106632149,3122808,qlever-server-d,S,0,0,93120,0,4,9,ep_poll
4924407106632149,3122809,qlever-server-d,S,0,0,414310,214341,8,0,futex_do_wait
4924407106632149,3122810,qlever-server-d,S,5,28,338571998,89582803,2224,13,futex_do_wait
4924407106632149,3122811,qlever-server-d,S,4,25,306648775,91223745,2353,5,ep_poll
4924407106632149,3123964,qlever-server-d,S,0,0,1105080,5943944,39,5,futex_do_wait
4924407106632149,3123965,qlever-server-d,R,42,0,431195513,20790914,142,14,0
4924407106632149,0,__system__,-,1024717244,7867681428,0,0,0,-1,-
4924407126644608,3122254,qlever-server-d,S,991,1709,27010922485,9287664,1206,9,futex_do_wait
4924407126644608,3122258,qlever-server-d,S,0,0,4135283,817031,35,6,futex_do_wait
4924407126644608,3122806,qlever-server-d,R,2823,8,28315168002,8651095,283,2,0
4924407126644608,3122807,qlever-server-d,S,0,0,10120,0,1,1,futex_do_wait
4924407126644608,3122808,qlever-server-d,S,0,0,93120,0,4,9,ep_poll
4924407126644608,3122809,qlever-server-d,S,0,0,414310,214341,8,0,futex_do_wait
4924407126644608,3122810,qlever-server-d,S,5,28,338937648,89582803,2225,6,futex_do_wait
4924407126644608,3122811,qlever-server-d,S,4,25,306691775,91223745,2355,13,ep_poll
4924407126644608,3123964,qlever-server-d,S,0,0,1105080,5943944,39,5,futex_do_wait
4924407126644608,3123965,qlever-server-d,R,44,0,451174264,20812414,143,14,0
4924407126644608,0,__system__,-,1024717263,7867681459,0,0,0,-1,-
4924407146648996,3122254,qlever-server-d,S,991,1709,27010922485,9287664,1206,9,futex_do_wait
4924407146648996,3122258,qlever-server-d,S,0,0,4135283,817031,35,6,futex_do_wait
4924407146648996,3122806,qlever-server-d,R,2825,8,28335116433,8691235,285,11,0
4924407146648996,3122807,qlever-server-d,S,0,0,10120,0,1,1,futex_do_wait
4924407146648996,3122808,qlever-server-d,S,0,0,93120,0,4,9,ep_poll
4924407146648996,3122809,qlever-server-d,S,0,0,414310,214341,8,0,futex_do_wait
4924407146648996,3122810,qlever-server-d,S,5,28,339292518,89582803,2226,6,futex_do_wait
4924407146648996,3122811,qlever-server-d,S,4,25,306742975,91223745,2357,12,ep_poll
4924407146648996,3123964,qlever-server-d,S,0,0,1136990,5943944,40,4,futex_do_wait
4924407146648996,3123965,qlever-server-d,R,46,0,471175025,20812414,143,14,0
4924407146648996,0,__system__,-,1024717285,7867681492,0,0,0,-1,-
4924407166645025,3122254,qlever-server-d,S,991,1709,27010922485,9287664,1206,9,futex_do_wait
4924407166645025,3122258,qlever-server-d,S,0,0,4135283,817031,35,6,futex_do_wait
4924407166645025,3122806,qlever-server-d,R,2827,8,28355119084,8691235,285,11,0
4924407166645025,3122807,qlever-server-d,S,0,0,10120,0,1,1,futex_do_wait
4924407166645025,3122808,qlever-server-d,S,0,0,93120,0,4,9,ep_poll
4924407166645025,3122809,qlever-server-d,S,0,0,414310,214341,8,0,futex_do_wait
4924407166645025,3122810,qlever-server-d,S,5,28,339659278,89582803,2227,6,futex_do_wait
4924407166645025,3122811,qlever-server-d,S,4,25,306778615,91223745,2359,13,ep_poll
4924407166645025,3123964,qlever-server-d,S,0,0,1136990,5943944,40,4,futex_do_wait
4924407166645025,3123965,qlever-server-d,R,48,0,491176326,20812414,143,14,0
4924407166645025,0,__system__,-,1024717305,7867681523,0,0,0,-1,-
4924407186638504,3122254,qlever-server-d,S,991,1709,27010922485,9287664,1206,9,futex_do_wait
4924407186638504,3122258,qlever-server-d,S,0,0,4135283,817031,35,6,futex_do_wait
4924407186638504,3122806,qlever-server-d,R,2829,8,28375119945,8691235,285,11,0
4924407186638504,3122807,qlever-server-d,S,0,0,10120,0,1,1,futex_do_wait
4924407186638504,3122808,qlever-server-d,S,0,0,93120,0,4,9,ep_poll
4924407186638504,3122809,qlever-server-d,S,0,0,414310,214341,8,0,futex_do_wait
4924407186638504,3122810,qlever-server-d,S,5,28,339999918,89582803,2228,6,futex_do_wait
4924407186638504,3122811,qlever-server-d,S,4,25,306815875,91223745,2361,13,ep_poll
4924407186638504,3123964,qlever-server-d,S,0,0,1136990,5943944,40,4,futex_do_wait
4924407186638504,3123965,qlever-server-d,R,50,0,511175247,20812414,143,14,0
4924407186638504,0,__system__,-,1024717326,7867681554,0,0,0,-1,-
4924407206633252,3122254,qlever-server-d,S,991,1709,27010922485,9287664,1206,9,futex_do_wait
4924407206633252,3122258,qlever-server-d,S,0,0,4135283,817031,35,6,futex_do_wait
4924407206633252,3122806,qlever-server-d,R,2831,8,28395120256,8691235,285,11,0
4924407206633252,3122807,qlever-server-d,S,0,0,10120,0,1,1,futex_do_wait
4924407206633252,3122808,qlever-server-d,S,0,0,93120,0,4,9,ep_poll
4924407206633252,3122809,qlever-server-d,S,0,0,414310,214341,8,0,futex_do_wait
4924407206633252,3122810,qlever-server-d,S,5,28,340330408,89582803,2229,7,futex_do_wait
4924407206633252,3122811,qlever-server-d,S,4,25,306835265,91365965,2362,7,ep_poll
4924407206633252,3123964,qlever-server-d,S,0,0,1168450,5943944,41,4,futex_do_wait
4924407206633252,3123965,qlever-server-d,R,52,0,531174289,20812414,143,14,0
4924407206633252,0,__system__,-,1024717348,7867681585,0,0,0,-1,-
4924407226643341,3122254,qlever-server-d,S,991,1709,27010922485,9287664,1206,9,futex_do_wait
4924407226643341,3122258,qlever-server-d,S,0,0,4135283,817031,35,6,futex_do_wait
4924407226643341,3122806,qlever-server-d,R,2833,8,28415119497,8691235,285,11,0
4924407226643341,3122807,qlever-server-d,S,0,0,10120,0,1,1,futex_do_wait
4924407226643341,3122808,qlever-server-d,S,0,0,93120,0,4,9,ep_poll
4924407226643341,3122809,qlever-server-d,S,0,0,414310,214341,8,0,futex_do_wait
4924407226643341,3122810,qlever-server-d,S,5,28,340687148,89582803,2230,12,futex_do_wait
4924407226643341,3122811,qlever-server-d,S,4,25,306872595,91365965,2364,15,ep_poll
4924407226643341,3123964,qlever-server-d,S,0,0,1168450,5943944,41,4,futex_do_wait
4924407226643341,3123965,qlever-server-d,R,54,0,551176690,20812414,143,14,0
4924407226643341,0,__system__,-,1024717368,7867681617,0,0,0,-1,-
4924407246638350,3122254,qlever-server-d,S,991,1709,27010922485,9287664,1206,9,futex_do_wait
4924407246638350,3122258,qlever-server-d,S,0,0,4135283,817031,35,6,futex_do_wait
4924407246638350,3122806,qlever-server-d,R,2835,8,28435117288,8691235,285,11,0
4924407246638350,3122807,qlever-server-d,S,0,0,10120,0,1,1,futex_do_wait
4924407246638350,3122808,qlever-server-d,S,0,0,93120,0,4,9,ep_poll
4924407246638350,3122809,qlever-server-d,S,0,0,414310,214341,8,0,futex_do_wait
4924407246638350,3122810,qlever-server-d,S,5,28,341024498,89582803,2231,5,futex_do_wait
4924407246638350,3122811,qlever-server-d,S,4,25,306907975,91365965,2366,4,ep_poll
4924407246638350,3123964,qlever-server-d,S,0,0,1205510,5943944,42,6,futex_do_wait
4924407246638350,3123965,qlever-server-d,R,56,0,571174861,20812414,143,14,0
4924407246638350,0,__system__,-,1024717391,7867681651,0,0,0,-1,-
4924407266634728,3122254,qlever-server-d,S,991,1709,27010922485,9287664,1206,9,futex_do_wait
4924407266634728,3122258,qlever-server-d,S,0,0,4135283,817031,35,6,futex_do_wait
4924407266634728,3122806,qlever-server-d,R,2837,8,28455118979,8691235,285,11,0
4924407266634728,3122807,qlever-server-d,S,0,0,10120,0,1,1,futex_do_wait
4924407266634728,3122808,qlever-server-d,S,0,0,93120,0,4,9,ep_poll
4924407266634728,3122809,qlever-server-d,S,0,0,414310,214341,8,0,futex_do_wait
4924407266634728,3122810,qlever-server-d,S,5,28,341430338,89582803,2232,6,futex_do_wait
4924407266634728,3122811,qlever-server-d,S,4,25,306941815,91365965,2368,4,ep_poll
4924407266634728,3123964,qlever-server-d,S,0,0,1205510,5943944,42,6,futex_do_wait
4924407266634728,3123965,qlever-server-d,R,58,0,591120692,20857614,146,5,0
4924407266634728,0,__system__,-,1024717410,7867681681,0,0,0,-1,-
4924407286638297,3122254,qlever-server-d,S,991,1709,27010922485,9287664,1206,9,futex_do_wait
4924407286638297,3122258,qlever-server-d,S,0,0,4135283,817031,35,6,futex_do_wait
4924407286638297,3122806,qlever-server-d,R,2839,8,28475118180,8691235,285,11,0
4924407286638297,3122807,qlever-server-d,S,0,0,10120,0,1,1,futex_do_wait
4924407286638297,3122808,qlever-server-d,S,0,0,93120,0,4,9,ep_poll
4924407286638297,3122809,qlever-server-d,S,0,0,414310,214341,8,0,futex_do_wait
4924407286638297,3122810,qlever-server-d,S,5,28,341790478,89582803,2233,6,futex_do_wait
4924407286638297,3122811,qlever-server-d,S,4,25,306985665,91422165,2370,14,ep_poll
4924407286638297,3123964,qlever-server-d,S,0,0,1205510,5943944,42,6,futex_do_wait
4924407286638297,3123965,qlever-server-d,R,60,0,611074473,20904394,148,5,0
4924407286638297,0,__system__,-,1024717431,7867681714,0,0,0,-1,-
4924407306641686,3122254,qlever-server-d,S,991,1709,27010922485,9287664,1206,9,futex_do_wait
4924407306641686,3122258,qlever-server-d,S,0,0,4135283,817031,35,6,futex_do_wait
4924407306641686,3122806,qlever-server-d,R,2841,8,28495119552,8691235,285,11,0
4924407306641686,3122807,qlever-server-d,S,0,0,10120,0,1,1,futex_do_wait
4924407306641686,3122808,qlever-server-d,S,0,0,93120,0,4,9,ep_poll
4924407306641686,3122809,qlever-server-d,S,0,0,414310,214341,8,0,futex_do_wait
4924407306641686,3122810,qlever-server-d,S,5,28,342315458,89582803,2234,6,futex_do_wait
4924407306641686,3122811,qlever-server-d,S,4,25,307039585,91425565,2373,12,ep_poll
4924407306641686,3123964,qlever-server-d,S,0,0,1243540,5943944,43,4,futex_do_wait
4924407306641686,3123965,qlever-server-d,R,62,0,631053224,20923264,149,15,0
4924407306641686,0,__system__,-,1024717451,7867681745,0,0,0,-1,-
4924407326656644,3122254,qlever-server-d,S,991,1709,27010922485,9287664,1206,9,futex_do_wait
4924407326656644,3122258,qlever-server-d,S,0,0,4135283,817031,35,6,futex_do_wait
4924407326656644,3122806,qlever-server-d,R,2843,8,28515099553,8707505,286,2,0
4924407326656644,3122807,qlever-server-d,S,0,0,10120,0,1,1,futex_do_wait
4924407326656644,3122808,qlever-server-d,S,0,0,93120,0,4,9,ep_poll
4924407326656644,3122809,qlever-server-d,S,0,0,414310,214341,8,0,futex_do_wait
4924407326656644,3122810,qlever-server-d,S,5,28,342315458,89582803,2234,6,futex_do_wait
4924407326656644,3122811,qlever-server-d,S,4,25,307039585,91425565,2373,12,ep_poll
4924407326656644,3123964,qlever-server-d,S,0,0,1243540,5943944,43,4,futex_do_wait
4924407326656644,3123965,qlever-server-d,R,64,0,651057325,20953574,150,15,0
4924407326656644,0,__system__,-,1024717474,7867681777,0,0,0,-1,-
4924407346648413,3122254,qlever-server-d,S,991,1709,27010922485,9287664,1206,9,futex_do_wait
4924407346648413,3122258,qlever-server-d,S,0,0,4135283,817031,35,6,futex_do_wait
4924407346648413,3122806,qlever-server-d,R,2845,8,28535100324,8707505,286,2,0
4924407346648413,3122807,qlever-server-d,S,0,0,10120,0,1,1,futex_do_wait
4924407346648413,3122808,qlever-server-d,S,0,0,93120,0,4,9,ep_poll
4924407346648413,3122809,qlever-server-d,S,0,0,414310,214341,8,0,futex_do_wait
4924407346648413,3122810,qlever-server-d,S,5,28,343001829,89794783,2240,7,ep_poll
4924407346648413,3122811,qlever-server-d,S,4,25,307274295,91625525,2378,7,futex_do_wait
4924407346648413,3123964,qlever-server-d,S,0,0,1281480,5943944,44,4,futex_do_wait
4924407346648413,3123965,qlever-server-d,R,66,0,671020636,20953574,150,15,0
4924407346648413,0,__system__,-,1024717496,7867681810,0,0,0,-1,-
4924407367068338,3122254,qlever-server-d,S,991,1709,27010922485,9287664,1206,9,futex_do_wait
4924407367068338,3122258,qlever-server-d,S,0,0,4135283,817031,35,6,futex_do_wait
4924407367068338,3122806,qlever-server-d,R,2847,8,28556100165,8707505,286,2,0
4924407367068338,3122807,qlever-server-d,S,0,0,10120,0,1,1,futex_do_wait
4924407367068338,3122808,qlever-server-d,S,0,0,93120,0,4,9,ep_poll
4924407367068338,3122809,qlever-server-d,S,0,0,414310,214341,8,0,futex_do_wait
4924407367068338,3122810,qlever-server-d,S,5,28,343044819,89800063,2242,4,ep_poll
4924407367068338,3122811,qlever-server-d,S,4,25,307520105,91648645,2380,15,futex_do_wait
4924407367068338,3123964,qlever-server-d,S,0,0,1281480,5943944,44,4,futex_do_wait
4924407367068338,3123965,qlever-server-d,R,68,0,690969417,20997424,153,6,0
4924407367068338,0,__system__,-,1024717516,7867681841,0,0,0,-1,-
4924407387071627,3122254,qlever-server-d,S,991,1709,27010922485,9287664,1206,9,futex_do_wait
4924407387071627,3122258,qlever-server-d,S,0,0,4135283,817031,35,6,futex_do_wait
4924407387071627,3122806,qlever-server-d,R,2849,8,28576080547,8725125,287,1,0
4924407387071627,3122807,qlever-server-d,S,0,0,10120,0,1,1,futex_do_wait
4924407387071627,3122808,qlever-server-d,S,0,0,93120,0,4,9,ep_poll
4924407387071627,3122809,qlever-server-d,S,0,0,414310,214341,8,0,futex_do_wait
4924407387071627,3122810,qlever-server-d,S,5,28,343044819,89800063,2242,4,ep_poll
4924407387071627,3122811,qlever-server-d,S,4,25,307520105,91648645,2380,15,futex_do_wait
4924407387071627,3123964,qlever-server-d,S,0,0,1281480,5943944,44,4,futex_do_wait
4924407387071627,3123965,qlever-server-d,R,70,0,710968339,20997424,153,6,0
4924407387071627,0,__system__,-,1024717537,7867681874,0,0,0,-1,-
4924407406635479,3122254,qlever-server-d,S,991,1709,27010922485,9287664,1206,9,futex_do_wait
4924407406635479,3122258,qlever-server-d,S,0,0,4135283,817031,35,6,futex_do_wait
4924407406635479,3122806,qlever-server-d,R,2851,8,28594031806,9767116,288,1,0
4924407406635479,3122807,qlever-server-d,S,0,0,10120,0,1,1,futex_do_wait
4924407406635479,3122808,qlever-server-d,S,0,0,93120,0,4,9,ep_poll
4924407406635479,3122809,qlever-server-d,S,0,0,414310,214341,8,0,futex_do_wait
4924407406635479,3122810,qlever-server-d,S,5,28,343084349,89800063,2244,12,ep_poll
4924407406635479,3122811,qlever-server-d,S,4,25,307933675,91648645,2381,15,futex_do_wait
4924407406635479,3123964,qlever-server-d,S,0,0,1314000,5943944,45,6,futex_do_wait
4924407406635479,3123965,qlever-server-d,R,72,0,730940710,21025414,155,10,0
4924407406635479,0,__system__,-,1024717557,7867681905,0,0,0,-1,-
4924407426647998,3122254,qlever-server-d,S,991,1709,27010922485,9287664,1206,9,futex_do_wait
4924407426647998,3122258,qlever-server-d,S,0,0,4135283,817031,35,6,futex_do_wait
4924407426647998,3122806,qlever-server-d,R,2853,8,28614004987,9788636,289,15,0
4924407426647998,3122807,qlever-server-d,S,0,0,10120,0,1,1,futex_do_wait
4924407426647998,3122808,qlever-server-d,S,0,0,93120,0,4,9,ep_poll
4924407426647998,3122809,qlever-server-d,S,0,0,414310,214341,8,0,futex_do_wait
4924407426647998,3122810,qlever-server-d,S,5,28,343145689,89800063,2247,13,ep_poll
4924407426647998,3122811,qlever-server-d,R,4,26,308573655,91648645,2383,7,0
4924407426647998,3123964,qlever-server-d,S,0,0,1314000,5943944,45,6,futex_do_wait
4924407426647998,3123965,qlever-server-d,R,74,0,750936601,21025414,155,10,0
4924407426647998,0,__system__,-,1024717578,7867681937,0,0,0,-1,-
4924407447403551,3122254,qlever-server-d,S,991,1709,27010922485,9287664,1206,9,futex_do_wait
4924407447403551,3122258,qlever-server-d,S,0,0,4135283,817031,35,6,futex_do_wait
4924407447403551,3122806,qlever-server-d,R,2855,8,28635221359,9788636,289,15,0
4924407447403551,3122807,qlever-server-d,S,0,0,10120,0,1,1,futex_do_wait
4924407447403551,3122808,qlever-server-d,S,0,0,93120,0,4,9,ep_poll
4924407447403551,3122809,qlever-server-d,S,0,0,414310,214341,8,0,futex_do_wait
4924407447403551,3122810,qlever-server-d,S,5,28,343203469,89819633,2250,7,ep_poll
4924407447403551,3122811,qlever-server-d,S,4,26,309305395,92014695,2384,0,futex_do_wait
4924407447403551,3123964,qlever-server-d,S,0,0,1350280,5943944,46,14,futex_do_wait
4924407447403551,3123965,qlever-server-d,R,76,0,771937112,21025414,155,10,0
4924407447403551,0,__system__,-,1024717601,7867681970,0,0,0,-1,-
4924407466641765,3122254,qlever-server-d,S,991,1709,27010922485,9287664,1206,9,futex_do_wait
4924407466641765,3122258,qlever-server-d,S,0,0,4135283,817031,35,6,futex_do_wait
4924407466641765,3122806,qlever-server-d,R,2857,8,28654554200,9882906,292,15,0
4924407466641765,3122807,qlever-server-d,S,0,0,10120,0,1,1,futex_do_wait
4924407466641765,3122808,qlever-server-d,S,0,0,93120,0,4,9,ep_poll
4924407466641765,3122809,qlever-server-d,S,0,0,414310,214341,8,0,futex_do_wait
4924407466641765,3122810,qlever-server-d,S,5,28,343257719,89819633,2252,12,ep_poll
4924407466641765,3122811,qlever-server-d,S,4,26,309706706,92014695,2385,3,futex_do_wait
4924407466641765,3123964,qlever-server-d,S,0,0,1350280,5943944,46,14,futex_do_wait
4924407466641765,3123965,qlever-server-d,R,78,0,790935583,21025414,155,10,0
4924407466641765,0,__system__,-,1024717622,7867682001,0,0,0,-1,-
4924407486664724,3122254,qlever-server-d,S,991,1709,27010922485,9287664,1206,9,futex_do_wait
4924407486664724,3122258,qlever-server-d,S,0,0,4135283,817031,35,6,futex_do_wait
4924407486664724,3122806,qlever-server-d,R,2859,8,28674729231,9882906,292,15,0
4924407486664724,3122807,qlever-server-d,S,0,0,10120,0,1,1,futex_do_wait
4924407486664724,3122808,qlever-server-d,S,0,0,93120,0,4,9,ep_poll
4924407486664724,3122809,qlever-server-d,S,0,0,414310,214341,8,0,futex_do_wait
4924407486664724,3122810,qlever-server-d,S,5,28,343310499,89819633,2254,12,ep_poll
4924407486664724,3122811,qlever-server-d,S,4,26,310047816,92014695,2386,0,futex_do_wait
4924407486664724,3123964,qlever-server-d,S,0,0,1350280,5943944,46,14,futex_do_wait
4924407486664724,3123965,qlever-server-d,R,80,0,810937414,21025414,155,10,0
4924407486664724,0,__system__,-,1024717642,7867682032,0,0,0,-1,-
4924407506638053,3122254,qlever-server-d,S,991,1709,27010922485,9287664,1206,9,futex_do_wait
4924407506638053,3122258,qlever-server-d,S,0,0,4135283,817031,35,6,futex_do_wait
4924407506638053,3122806,qlever-server-d,R,2861,8,28693886532,9902666,293,7,0
4924407506638053,3122807,qlever-server-d,S,0,0,10120,0,1,1,futex_do_wait
4924407506638053,3122808,qlever-server-d,S,0,0,93120,0,4,9,ep_poll
4924407506638053,3122809,qlever-server-d,S,0,0,414310,214341,8,0,futex_do_wait
4924407506638053,3122810,qlever-server-d,S,5,28,343333249,89994513,2255,11,ep_poll
4924407506638053,3122811,qlever-server-d,S,4,26,310454586,92145055,2388,11,futex_do_wait
4924407506638053,3123964,qlever-server-d,S,0,0,1394000,5943944,47,14,futex_do_wait
4924407506638053,3123965,qlever-server-d,R,82,0,830937535,21025414,155,10,0
4924407506638053,0,__system__,-,1024717662,7867682063,0,0,0,-1,-
4924407526646471,3122254,qlever-server-d,S,991,1709,27010922485,9287664,1206,9,futex_do_wait
4924407526646471,3122258,qlever-server-d,S,0,0,4135283,817031,35,6,futex_do_wait
4924407526646471,3122806,qlever-server-d,R,2863,8,28713864723,9919406,294,4,0
4924407526646471,3122807,qlever-server-d,S,0,0,10120,0,1,1,futex_do_wait
4924407526646471,3122808,qlever-server-d,S,0,0,93120,0,4,9,ep_poll
4924407526646471,3122809,qlever-server-d,S,0,0,414310,214341,8,0,futex_do_wait
4924407526646471,3122810,qlever-server-d,R,5,28,343364539,89994513,2256,2,0
4924407526646471,3122811,qlever-server-d,S,4,26,310996626,92145055,2389,0,futex_do_wait
4924407526646471,3123964,qlever-server-d,S,0,0,1394000,5943944,47,14,futex_do_wait
4924407526646471,3123965,qlever-server-d,R,84,0,850937556,21025414,155,10,0
4924407526646471,0,__system__,-,1024717683,7867682095,0,0,0,-1,-
4924407546642520,3122254,qlever-server-d,S,991,1709,27010922485,9287664,1206,9,futex_do_wait
4924407546642520,3122258,qlever-server-d,S,0,0,4135283,817031,35,6,futex_do_wait
4924407546642520,3122806,qlever-server-d,R,2865,8,28733662004,10119656,295,3,0
4924407546642520,3122807,qlever-server-d,S,0,0,10120,0,1,1,futex_do_wait
4924407546642520,3122808,qlever-server-d,S,0,0,93120,0,4,9,ep_poll
4924407546642520,3122809,qlever-server-d,S,0,0,414310,214341,8,0,futex_do_wait
4924407546642520,3122810,qlever-server-d,S,5,28,343424889,91584944,2258,8,ep_poll
4924407546642520,3122811,qlever-server-d,S,4,26,311393826,92145055,2390,0,futex_do_wait
4924407546642520,3123964,qlever-server-d,S,0,0,1423920,5943944,48,4,futex_do_wait
4924407546642520,3123965,qlever-server-d,R,86,0,870938717,21025414,155,10,0
4924407546642520,0,__system__,-,1024717703,7867682126,0,0,0,-1,-
4924407566646109,3122254,qlever-server-d,S,991,1709,27010922485,9287664,1206,9,futex_do_wait
4924407566646109,3122258,qlever-server-d,S,0,0,4135283,817031,35,6,futex_do_wait
4924407566646109,3122806,qlever-server-d,R,2867,8,28753662345,10119656,295,3,0
4924407566646109,3122807,qlever-server-d,S,0,0,10120,0,1,1,futex_do_wait
4924407566646109,3122808,qlever-server-d,S,0,0,93120,0,4,9,ep_poll
4924407566646109,3122809,qlever-server-d,S,0,0,414310,214341,8,0,futex_do_wait
4924407566646109,3122810,qlever-server-d,S,5,28,343465579,91592584,2260,8,ep_poll
4924407566646109,3122811,qlever-server-d,S,4,26,311755146,92145055,2391,8,futex_do_wait
4924407566646109,3123964,qlever-server-d,S,0,0,1423920,5943944,48,4,futex_do_wait
4924407566646109,3123965,qlever-server-d,R,88,0,890939219,21025414,155,10,0
4924407566646109,0,__system__,-,1024717725,7867682159,0,0,0,-1,-
4924407586647807,3122254,qlever-server-d,S,991,1709,27010922485,9287664,1206,9,futex_do_wait
4924407586647807,3122258,qlever-server-d,S,0,0,4135283,817031,35,6,futex_do_wait
4924407586647807,3122806,qlever-server-d,R,2869,8,28773663596,10119656,295,3,0
4924407586647807,3122807,qlever-server-d,S,0,0,10120,0,1,1,futex_do_wait
4924407586647807,3122808,qlever-server-d,S,0,0,93120,0,4,9,ep_poll
4924407586647807,3122809,qlever-server-d,S,0,0,414310,214341,8,0,futex_do_wait
4924407586647807,3122810,qlever-server-d,S,5,28,343489659,91983884,2261,8,ep_poll
4924407586647807,3122811,qlever-server-d,S,4,26,312107116,92145055,2392,9,futex_do_wait
4924407586647807,3123964,qlever-server-d,S,0,0,1423920,5943944,48,4,futex_do_wait
4924407586647807,3123965,qlever-server-d,R,90,0,910938930,21025414,155,10,0
4924407586647807,0,__system__,-,1024717747,7867682190,0,0,0,-1,-
4924407606638686,3122254,qlever-server-d,S,991,1709,27010922485,9287664,1206,9,futex_do_wait
4924407606638686,3122258,qlever-server-d,S,0,0,4135283,817031,35,6,futex_do_wait
4924407606638686,3122806,qlever-server-d,R,2870,8,28791672616,12097397,296,8,0
4924407606638686,3122807,qlever-server-d,S,0,0,10120,0,1,1,futex_do_wait
4924407606638686,3122808,qlever-server-d,S,0,0,93120,0,4,9,ep_poll
4924407606638686,3122809,qlever-server-d,S,0,0,414310,214341,8,0,futex_do_wait
4924407606638686,3122810,qlever-server-d,S,5,28,343508899,92175825,2262,9,ep_poll
4924407606638686,3122811,qlever-server-d,S,4,26,312513017,92145055,2393,9,futex_do_wait
4924407606638686,3123964,qlever-server-d,S,0,0,1463460,5943944,49,4,futex_do_wait
4924407606638686,3123965,qlever-server-d,R,92,0,930942271,21025414,155,10,0
4924407606638686,0,__system__,-,1024717767,7867682222,0,0,0,-1,-
4924407626640345,3122254,qlever-server-d,S,991,1709,27010922485,9287664,1206,9,futex_do_wait
4924407626640345,3122258,qlever-server-d,S,0,0,4135283,817031,35,6,futex_do_wait
4924407626640345,3122806,qlever-server-d,R,2872,8,28811644927,12122877,297,8,0
4924407626640345,3122807,qlever-server-d,S,0,0,10120,0,1,1,futex_do_wait
4924407626640345,3122808,qlever-server-d,S,0,0,93120,0,4,9,ep_poll
4924407626640345,3122809,qlever-server-d,S,0,0,414310,214341,8,0,futex_do_wait
4924407626640345,3122810,qlever-server-d,S,5,28,343568819,92185005,2266,9,futex_do_wait
4924407626640345,3122811,qlever-server-d,S,4,26,312772767,92568316,2398,9,ep_poll
4924407626640345,3123964,qlever-server-d,S,0,0,1463460,5943944,49,4,futex_do_wait
4924407626640345,3123965,qlever-server-d,R,94,0,950939692,21025414,155,10,0
4924407626640345,0,__system__,-,1024717787,7867682253,0,0,0,-1,-
4924407646635983,3122254,qlever-server-d,S,991,1709,27010922485,9287664,1206,9,futex_do_wait
4924407646635983,3122258,qlever-server-d,S,0,0,4135283,817031,35,6,futex_do_wait
4924407646635983,3122806,qlever-server-d,R,2874,8,28831645978,12122877,297,8,0
4924407646635983,3122807,qlever-server-d,S,0,0,10120,0,1,1,futex_do_wait
4924407646635983,3122808,qlever-server-d,S,0,0,93120,0,4,9,ep_poll
4924407646635983,3122809,qlever-server-d,S,0,0,414310,214341,8,0,futex_do_wait
4924407646635983,3122810,qlever-server-d,S,5,28,343947589,92185005,2267,9,futex_do_wait
4924407646635983,3122811,qlever-server-d,S,4,26,312795647,92718116,2399,9,ep_poll
4924407646635983,3123964,qlever-server-d,S,0,0,1499550,5943944,50,4,futex_do_wait
4924407646635983,3123965,qlever-server-d,R,96,0,970939863,21025414,155,10,0
4924407646635983,0,__system__,-,1024717807,7867682284,0,0,0,-1,-
4924407666638862,3122254,qlever-server-d,S,991,1709,27010922485,9287664,1206,9,futex_do_wait
4924407666638862,3122258,qlever-server-d,S,0,0,4135283,817031,35,6,futex_do_wait
4924407666638862,3122806,qlever-server-d,R,2876,8,28851646670,12122877,297,8,0
4924407666638862,3122807,qlever-server-d,S,0,0,10120,0,1,1,futex_do_wait
4924407666638862,3122808,qlever-server-d,S,0,0,93120,0,4,9,ep_poll
4924407666638862,3122809,qlever-server-d,S,0,0,414310,214341,8,0,futex_do_wait
4924407666638862,3122810,qlever-server-d,S,5,28,344323899,92185005,2268,9,futex_do_wait
4924407666638862,3122811,qlever-server-d,S,4,26,312831467,92718116,2401,0,ep_poll
4924407666638862,3123964,qlever-server-d,S,0,0,1499550,5943944,50,4,futex_do_wait
4924407666638862,3123965,qlever-server-d,R,98,0,990938914,21025414,155,10,0
4924407666638862,0,__system__,-,1024717828,7867682317,0,0,0,-1,-
4924407686642381,3122254,qlever-server-d,S,991,1709,27010922485,9287664,1206,9,futex_do_wait
4924407686642381,3122258,qlever-server-d,S,0,0,4135283,817031,35,6,futex_do_wait
4924407686642381,3122806,qlever-server-d,R,2878,8,28871645651,12122877,297,8,0
4924407686642381,3122807,qlever-server-d,S,0,0,10120,0,1,1,futex_do_wait
4924407686642381,3122808,qlever-server-d,S,0,0,93120,0,4,9,ep_poll
4924407686642381,3122809,qlever-server-d,S,0,0,414310,214341,8,0,futex_do_wait
4924407686642381,3122810,qlever-server-d,S,5,28,344666609,92185005,2269,9,futex_do_wait
4924407686642381,3122811,qlever-server-d,S,4,26,312855637,92847186,2402,9,ep_poll
4924407686642381,3123964,qlever-server-d,S,0,0,1499550,5943944,50,4,futex_do_wait
4924407686642381,3123965,qlever-server-d,R,100,0,1010940245,21025414,155,10,0
4924407686642381,0,__system__,-,1024717850,7867682350,0,0,0,-1,-
4924407706645459,3122254,qlever-server-d,S,991,1709,27010922485,9287664,1206,9,futex_do_wait
4924407706645459,3122258,qlever-server-d,S,0,0,4135283,817031,35,6,futex_do_wait
4924407706645459,3122806,qlever-server-d,R,2880,8,28891646262,12122877,297,8,0
4924407706645459,3122807,qlever-server-d,S,0,0,10120,0,1,1,futex_do_wait
4924407706645459,3122808,qlever-server-d,S,0,0,93120,0,4,9,ep_poll
4924407706645459,3122809,qlever-server-d,S,0,0,414310,214341,8,0,futex_do_wait
4924407706645459,3122810,qlever-server-d,S,5,29,344960099,92428385,2274,1,ep_poll
4924407706645459,3122811,qlever-server-d,S,4,26,313099017,92859206,2406,1,futex_do_wait
4924407706645459,3123964,qlever-server-d,S,0,0,1539120,5943944,51,15,futex_do_wait
4924407706645459,3123965,qlever-server-d,R,102,0,1030938466,21025414,155,10,0
4924407706645459,0,__system__,-,1024717873,7867682382,0,0,0,-1,-
4924407726642788,3122254,qlever-server-d,S,991,1709,27010922485,9287664,1206,9,futex_do_wait
4924407726642788,3122258,qlever-server-d,S,0,0,4135283,817031,35,6,futex_do_wait
4924407726642788,3122806,qlever-server-d,R,2882,8,28911646913,12122877,297,8,0
4924407726642788,3122807,qlever-server-d,S,0,0,10120,0,1,1,futex_do_wait
4924407726642788,3122808,qlever-server-d,S,0,0,93120,0,4,9,ep_poll
4924407726642788,3122809,qlever-server-d,S,0,0,414310,214341,8,0,futex_do_wait
4924407726642788,3122810,qlever-server-d,R,5,29,345026319,92683185,2276,12,ep_poll
4924407726642788,3122811,qlever-server-d,R,5,26,313743528,92859206,2408,2,0
4924407726642788,3123964,qlever-server-d,S,0,0,1539120,5943944,51,15,futex_do_wait
4924407726642788,3123965,qlever-server-d,R,104,0,1050939227,21025414,155,10,0
4924407726642788,0,__system__,-,1024717894,7867682414,0,0,0,-1,-
4924407746649117,3122254,qlever-server-d,S,991,1709,27010922485,9287664,1206,9,futex_do_wait
4924407746649117,3122258,qlever-server-d,S,0,0,4135283,817031,35,6,futex_do_wait
4924407746649117,3122806,qlever-server-d,R,2884,8,28931646074,12122877,297,8,0
4924407746649117,3122807,qlever-server-d,S,0,0,10120,0,1,1,futex_do_wait
4924407746649117,3122808,qlever-server-d,S,0,0,93120,0,4,9,ep_poll
4924407746649117,3122809,qlever-server-d,S,0,0,414310,214341,8,0,futex_do_wait
4924407746649117,3122810,qlever-server-d,S,5,29,345099279,92683185,2279,9,ep_poll
4924407746649117,3122811,qlever-server-d,S,5,26,314249648,92859206,2409,2,futex_do_wait
4924407746649117,3123964,qlever-server-d,S,0,0,1577381,5943944,52,6,futex_do_wait
4924407746649117,3123965,qlever-server-d,R,106,0,1070938169,21025414,155,10,0
4924407746649117,0,__system__,-,1024717915,7867682446,0,0,0,-1,-
4924407766641485,3122254,qlever-server-d,S,991,1709,27010922485,9287664,1206,9,futex_do_wait
4924407766641485,3122258,qlever-server-d,S,0,0,4135283,817031,35,6,futex_do_wait
4924407766641485,3122806,qlever-server-d,R,2886,8,28951644705,12122877,297,8,0
4924407766641485,3122807,qlever-server-d,S,0,0,10120,0,1,1,futex_do_wait
4924407766641485,3122808,qlever-server-d,S,0,0,93120,0,4,9,ep_poll
4924407766641485,3122809,qlever-server-d,S,0,0,414310,214341,8,0,futex_do_wait
4924407766641485,3122810,qlever-server-d,S,5,29,345136339,92683185,2281,2,ep_poll
4924407766641485,3122811,qlever-server-d,S,5,26,314654199,92859206,2410,1,futex_do_wait
4924407766641485,3123964,qlever-server-d,S,0,0,1577381,5943944,52,6,futex_do_wait
4924407766641485,3123965,qlever-server-d,R,108,0,1090938530,21025414,155,10,0
4924407766641485,0,__system__,-,1024717934,7867682477,0,0,0,-1,-
4924407786641944,3122254,qlever-server-d,S,991,1709,27010922485,9287664,1206,9,futex_do_wait
4924407786641944,3122258,qlever-server-d,S,0,0,4135283,817031,35,6,futex_do_wait
4924407786641944,3122806,qlever-server-d,R,2888,8,28971646556,12122877,297,8,0
4924407786641944,3122807,qlever-server-d,S,0,0,10120,0,1,1,futex_do_wait
4924407786641944,3122808,qlever-server-d,S,0,0,93120,0,4,9,ep_poll
4924407786641944,3122809,qlever-server-d,S,0,0,414310,214341,8,0,futex_do_wait
4924407786641944,3122810,qlever-server-d,S,5,29,345193109,93942716,2283,9,ep_poll
4924407786641944,3122811,qlever-server-d,S,5,26,315181499,92859206,2411,1,futex_do_wait
4924407786641944,3123964,qlever-server-d,S,0,0,1577381,5943944,52,6,futex_do_wait
4924407786641944,3123965,qlever-server-d,R,110,0,1110940941,21025414,155,10,0
4924407786641944,0,__system__,-,1024717955,7867682509,0,0,0,-1,-
4924407806629303,3122254,qlever-server-d,S,991,1709,27010922485,9287664,1206,9,futex_do_wait
4924407806629303,3122258,qlever-server-d,S,0,0,4135283,817031,35,6,futex_do_wait
4924407806629303,3122806,qlever-server-d,R,2890,8,28991646657,12122877,297,8,0
4924407806629303,3122807,qlever-server-d,S,0,0,10120,0,1,1,futex_do_wait
4924407806629303,3122808,qlever-server-d,S,0,0,93120,0,4,9,ep_poll
4924407806629303,3122809,qlever-server-d,S,0,0,414310,214341,8,0,futex_do_wait
4924407806629303,3122810,qlever-server-d,S,5,29,345231579,93942716,2285,2,ep_poll
4924407806629303,3122811,qlever-server-d,S,5,26,315566239,92859206,2412,11,futex_do_wait
4924407806629303,3123964,qlever-server-d,S,0,0,1608461,5943944,53,15,futex_do_wait
4924407806629303,3123965,qlever-server-d,R,112,0,1130940082,21025414,155,10,0
4924407806629303,0,__system__,-,1024717976,7867682541,0,0,0,-1,-
4924407826640551,3122254,qlever-server-d,S,991,1709,27010922485,9287664,1206,9,futex_do_wait
4924407826640551,3122258,qlever-server-d,S,0,0,4135283,817031,35,6,futex_do_wait
4924407826640551,3122806,qlever-server-d,R,2892,8,29011601408,12168017,298,8,0
4924407826640551,3122807,qlever-server-d,S,0,0,10120,0,1,1,futex_do_wait
4924407826640551,3122808,qlever-server-d,S,0,0,93120,0,4,9,ep_poll
4924407826640551,3122809,qlever-server-d,S,0,0,414310,214341,8,0,futex_do_wait
4924407826640551,3122810,qlever-server-d,S,5,29,345268889,93942716,2287,2,ep_poll
4924407826640551,3122811,qlever-server-d,S,5,26,315969739,92859206,2413,0,futex_do_wait
4924407826640551,3123964,qlever-server-d,S,0,0,1608461,5943944,53,15,futex_do_wait
4924407826640551,3123965,qlever-server-d,R,114,0,1150940653,21025414,155,10,0
4924407826640551,0,__system__,-,1024717998,7867682572,0,0,0,-1,-
4924407846644800,3122254,qlever-server-d,S,991,1709,27010922485,9287664,1206,9,futex_do_wait
4924407846644800,3122258,qlever-server-d,S,0,0,4135283,817031,35,6,futex_do_wait
4924407846644800,3122806,qlever-server-d,R,2894,8,29031602120,12168017,298,8,0
4924407846644800,3122807,qlever-server-d,S,0,0,10120,0,1,1,futex_do_wait
4924407846644800,3122808,qlever-server-d,S,0,0,93120,0,4,9,ep_poll
4924407846644800,3122809,qlever-server-d,S,0,0,414310,214341,8,0,futex_do_wait
4924407846644800,3122810,qlever-server-d,S,5,29,345314049,93952606,2289,0,ep_poll
4924407846644800,3122811,qlever-server-d,S,5,26,316356839,92859206,2414,0,futex_do_wait
4924407846644800,3123964,qlever-server-d,S,0,0,1645741,5943944,54,15,futex_do_wait
4924407846644800,3123965,qlever-server-d,R,116,0,1170941034,21025414,155,10,0
4924407846644800,0,__system__,-,1024718019,7867682604,0,0,0,-1,-
4924407866641829,3122254,qlever-server-d,S,991,1709,27010922485,9287664,1206,9,futex_do_wait
4924407866641829,3122258,qlever-server-d,S,0,0,4135283,817031,35,6,futex_do_wait
4924407866641829,3122806,qlever-server-d,R,2896,8,29051602251,12168017,298,8,0
4924407866641829,3122807,qlever-server-d,S,0,0,10120,0,1,1,futex_do_wait
4924407866641829,3122808,qlever-server-d,S,0,0,93120,0,4,9,ep_poll
4924407866641829,3122809,qlever-server-d,S,0,0,414310,214341,8,0,futex_do_wait
4924407866641829,3122810,qlever-server-d,S,5,29,345338439,94137806,2290,0,ep_poll
4924407866641829,3122811,qlever-server-d,S,5,26,316778479,92859206,2415,0,futex_do_wait
4924407866641829,3123964,qlever-server-d,S,0,0,1645741,5943944,54,15,futex_do_wait
4924407866641829,3123965,qlever-server-d,R,118,0,1190939955,21025414,155,10,0
4924407866641829,0,__system__,-,1024718039,7867682635,0,0,0,-1,-
4924407886639668,3122254,qlever-server-d,S,991,1709,27010922485,9287664,1206,9,futex_do_wait
4924407886639668,3122258,qlever-server-d,S,0,0,4135283,817031,35,6,futex_do_wait
4924407886639668,3122806,qlever-server-d,R,2898,8,29071602802,12168017,298,8,0
4924407886639668,3122807,qlever-server-d,S,0,0,10120,0,1,1,futex_do_wait
4924407886639668,3122808,qlever-server-d,S,0,0,93120,0,4,9,ep_poll
4924407886639668,3122809,qlever-server-d,S,0,0,414310,214341,8,0,futex_do_wait
4924407886639668,3122810,qlever-server-d,S,5,29,345408739,94153906,2294,2,ep_poll
4924407886639668,3122811,qlever-server-d,S,5,26,317532289,92859206,2417,0,futex_do_wait
4924407886639668,3123964,qlever-server-d,S,0,0,1645741,5943944,54,15,futex_do_wait
4924407886639668,3123965,qlever-server-d,R,120,0,1210940406,21025414,155,10,0
4924407886639668,0,__system__,-,1024718059,7867682666,0,0,0,-1,-
4924407906635336,3122254,qlever-server-d,S,991,1709,27010922485,9287664,1206,9,futex_do_wait
4924407906635336,3122258,qlever-server-d,S,0,0,4135283,817031,35,6,futex_do_wait
4924407906635336,3122806,qlever-server-d,R,2900,8,29091603503,12168017,298,8,0
4924407906635336,3122807,qlever-server-d,S,0,0,10120,0,1,1,futex_do_wait
4924407906635336,3122808,qlever-server-d,S,0,0,93120,0,4,9,ep_poll
4924407906635336,3122809,qlever-server-d,S,0,0,414310,214341,8,0,futex_do_wait
4924407906635336,3122810,qlever-server-d,S,5,29,345447929,94153906,2296,2,ep_poll
4924407906635336,3122811,qlever-server-d,S,5,26,317937459,92859206,2418,11,futex_do_wait
4924407906635336,3123964,qlever-server-d,S,0,0,1683261,5943944,55,5,futex_do_wait
4924407906635336,3123965,qlever-server-d,R,122,0,1230939618,21025414,155,10,0
4924407906635336,0,__system__,-,1024718080,7867682699,0,0,0,-1,-
4924407926642195,3122254,qlever-server-d,S,991,1709,27010922485,9287664,1206,9,futex_do_wait
4924407926642195,3122258,qlever-server-d,S,0,0,4135283,817031,35,6,futex_do_wait
4924407926642195,3122806,qlever-server-d,R,2902,8,29111602764,12168017,298,8,0
4924407926642195,3122807,qlever-server-d,S,0,0,10120,0,1,1,futex_do_wait
4924407926642195,3122808,qlever-server-d,S,0,0,93120,0,4,9,ep_poll
4924407926642195,3122809,qlever-server-d,S,0,0,414310,214341,8,0,futex_do_wait
4924407926642195,3122810,qlever-server-d,S,5,29,345488049,94153906,2298,2,ep_poll
4924407926642195,3122811,qlever-server-d,S,5,26,318288859,92859206,2419,0,futex_do_wait
4924407926642195,3123964,qlever-server-d,S,0,0,1683261,5943944,55,5,futex_do_wait
4924407926642195,3123965,qlever-server-d,R,124,0,1250940609,21025414,155,10,0
4924407926642195,0,__system__,-,1024718101,7867682731,0,0,0,-1,-
4924407946638664,3122254,qlever-server-d,S,991,1709,27010922485,9287664,1206,9,futex_do_wait
4924407946638664,3122258,qlever-server-d,S,0,0,4135283,817031,35,6,futex_do_wait
4924407946638664,3122806,qlever-server-d,R,2904,8,29131571975,12198417,299,8,0
4924407946638664,3122807,qlever-server-d,S,0,0,10120,0,1,1,futex_do_wait
4924407946638664,3122808,qlever-server-d,S,0,0,93120,0,4,9,ep_poll
4924407946638664,3122809,qlever-server-d,S,0,0,414310,214341,8,0,futex_do_wait
4924407946638664,3122810,qlever-server-d,S,5,29,345526719,94153906,2300,2,ep_poll
4924407946638664,3122811,qlever-server-d,S,5,26,318643189,92859206,2420,0,futex_do_wait
4924407946638664,3123964,qlever-server-d,S,0,0,1717361,5943944,56,14,futex_do_wait
4924407946638664,3123965,qlever-server-d,R,126,0,1270940500,21025414,155,10,0
4924407946638664,0,__system__,-,1024718122,7867682762,0,0,0,-1,-
4924407966637292,3122254,qlever-server-d,S,991,1709,27010922485,9287664,1206,9,futex_do_wait
4924407966637292,3122258,qlever-server-d,S,0,0,4135283,817031,35,6,futex_do_wait
4924407966637292,3122806,qlever-server-d,R,2906,8,29151572856,12198417,299,8,0
4924407966637292,3122807,qlever-server-d,S,0,0,10120,0,1,1,futex_do_wait
4924407966637292,3122808,qlever-server-d,S,0,0,93120,0,4,9,ep_poll
4924407966637292,3122809,qlever-server-d,S,0,0,414310,214341,8,0,futex_do_wait
4924407966637292,3122810,qlever-server-d,S,5,29,345568489,94165086,2302,0,ep_poll
4924407966637292,3122811,qlever-server-d,S,5,26,319066540,93040216,2423,0,futex_do_wait
4924407966637292,3123964,qlever-server-d,S,0,0,1717361,5943944,56,14,futex_do_wait
4924407966637292,3123965,qlever-server-d,R,128,0,1290941651,21025414,155,10,0
4924407966637292,0,__system__,-,1024718145,7867682795,0,0,0,-1,-
4924407986639301,3122254,qlever-server-d,S,991,1709,27010922485,9287664,1206,9,futex_do_wait
4924407986639301,3122258,qlever-server-d,S,0,0,4135283,817031,35,6,futex_do_wait
4924407986639301,3122806,qlever-server-d,R,2908,8,29171571857,12198417,299,8,0
4924407986639301,3122807,qlever-server-d,S,0,0,10120,0,1,1,futex_do_wait
4924407986639301,3122808,qlever-server-d,S,0,0,93120,0,4,9,ep_poll
4924407986639301,3122809,qlever-server-d,S,0,0,414310,214341,8,0,futex_do_wait
4924407986639301,3122810,qlever-server-d,S,5,29,345607929,94165086,2304,9,ep_poll
4924407986639301,3122811,qlever-server-d,S,5,26,319477000,93040216,2424,11,futex_do_wait
4924407986639301,3123964,qlever-server-d,S,0,0,1717361,5943944,56,14,futex_do_wait
4924407986639301,3123965,qlever-server-d,R,130,0,1310941812,21025414,155,10,0
4924407986639301,0,__system__,-,1024718164,7867682825,0,0,0,-1,-
4924408006644380,3122254,qlever-server-d,S,991,1709,27010922485,9287664,1206,9,futex_do_wait
4924408006644380,3122258,qlever-server-d,S,0,0,4135283,817031,35,6,futex_do_wait
4924408006644380,3122806,qlever-server-d,R,2910,8,29191583569,12223697,300,8,0
4924408006644380,3122807,qlever-server-d,S,0,0,10120,0,1,1,futex_do_wait
4924408006644380,3122808,qlever-server-d,S,0,0,93120,0,4,9,ep_poll
4924408006644380,3122809,qlever-server-d,S,0,0,414310,214341,8,0,futex_do_wait
4924408006644380,3122810,qlever-server-d,S,5,29,345645789,94165086,2306,9,ep_poll
4924408006644380,3122811,qlever-server-d,S,5,26,319828830,93040216,2425,0,futex_do_wait
4924408006644380,3123964,qlever-server-d,S,0,0,1754511,5943944,57,14,futex_do_wait
4924408006644380,3123965,qlever-server-d,R,132,0,1330943063,21025414,155,10,0
4924408006644380,0,__system__,-,1024718184,7867682856,0,0,0,-1,-
4924408026648148,3122254,qlever-server-d,S,991,1709,27010922485,9287664,1206,9,futex_do_wait
4924408026648148,3122258,qlever-server-d,S,0,0,4135283,817031,35,6,futex_do_wait
4924408026648148,3122806,qlever-server-d,R,2912,8,29211547810,12223697,300,8,0
4924408026648148,3122807,qlever-server-d,S,0,0,10120,0,1,1,futex_do_wait
4924408026648148,3122808,qlever-server-d,S,0,0,93120,0,4,9,ep_poll
4924408026648148,3122809,qlever-server-d,S,0,0,414310,214341,8,0,futex_do_wait
4924408026648148,3122810,qlever-server-d,S,5,29,345701979,94606446,2308,1,ep_poll
4924408026648148,3122811,qlever-server-d,S,5,26,320242290,93040216,2426,11,futex_do_wait
4924408026648148,3123964,qlever-server-d,S,0,0,1754511,5943944,57,14,futex_do_wait
4924408026648148,3123965,qlever-server-d,R,134,0,1350942294,21025414,155,10,0
4924408026648148,0,__system__,-,1024718205,7867682889,0,0,0,-1,-
4924408046636157,3122254,qlever-server-d,S,991,1709,27010922485,9287664,1206,9,futex_do_wait
4924408046636157,3122258,qlever-server-d,S,0,0,4135283,817031,35,6,futex_do_wait
4924408046636157,3122806,qlever-server-d,R,2914,8,29231547301,12223697,300,8,0
4924408046636157,3122807,qlever-server-d,S,0,0,10120,0,1,1,futex_do_wait
4924408046636157,3122808,qlever-server-d,S,0,0,93120,0,4,9,ep_poll
4924408046636157,3122809,qlever-server-d,S,0,0,414310,214341,8,0,futex_do_wait
4924408046636157,3122810,qlever-server-d,S,5,29,345782179,94606446,2312,9,ep_poll
4924408046636157,3122811,qlever-server-d,S,5,27,321090041,93040216,2428,11,futex_do_wait
4924408046636157,3123964,qlever-server-d,S,0,0,1786751,5943944,58,14,futex_do_wait
4924408046636157,3123965,qlever-server-d,R,136,0,1370941355,21025414,155,10,0
4924408046636157,0,__system__,-,1024718227,7867682922,0,0,0,-1,-
4924408066640036,3122254,qlever-server-d,S,991,1709,27010922485,9287664,1206,9,futex_do_wait
4924408066640036,3122258,qlever-server-d,S,0,0,4135283,817031,35,6,futex_do_wait
4924408066640036,3122806,qlever-server-d,R,2916,8,29251547952,12223697,300,8,0
4924408066640036,3122807,qlever-server-d,S,0,0,10120,0,1,1,futex_do_wait
4924408066640036,3122808,qlever-server-d,S,0,0,93120,0,4,9,ep_poll
4924408066640036,3122809,qlever-server-d,S,0,0,414310,214341,8,0,futex_do_wait
4924408066640036,3122810,qlever-server-d,S,5,29,345830919,94606446,2314,9,ep_poll
4924408066640036,3122811,qlever-server-d,S,5,27,321452141,93040216,2429,0,futex_do_wait
4924408066640036,3123964,qlever-server-d,S,0,0,1786751,5943944,58,14,futex_do_wait
4924408066640036,3123965,qlever-server-d,R,138,0,1390941426,21025414,155,10,0
4924408066640036,0,__system__,-,1024718247,7867682953,0,0,0,-1,-
4924408086642934,3122254,qlever-server-d,S,991,1709,27010922485,9287664,1206,9,futex_do_wait
4924408086642934,3122258,qlever-server-d,S,0,0,4135283,817031,35,6,futex_do_wait
4924408086642934,3122806,qlever-server-d,R,2918,8,29271548273,12223697,300,8,0
4924408086642934,3122807,qlever-server-d,S,0,0,10120,0,1,1,futex_do_wait
4924408086642934,3122808,qlever-server-d,S,0,0,93120,0,4,9,ep_poll
4924408086642934,3122809,qlever-server-d,S,0,0,414310,214341,8,0,futex_do_wait
4924408086642934,3122810,qlever-server-d,S,5,29,345874759,95028356,2315,1,ep_poll
4924408086642934,3122811,qlever-server-d,S,5,27,321857442,93040216,2430,0,futex_do_wait
4924408086642934,3123964,qlever-server-d,S,0,0,1786751,5943944,58,14,futex_do_wait
4924408086642934,3123965,qlever-server-d,R,140,0,1410941188,21025414,155,10,0
4924408086642934,0,__system__,-,1024718272,7867682985,0,0,0,-1,-
4924408106643963,3122254,qlever-server-d,S,991,1709,27010922485,9287664,1206,9,futex_do_wait
4924408106643963,3122258,qlever-server-d,S,0,0,4281353,817031,36,4,futex_do_wait
4924408106643963,3122806,qlever-server-d,R,2920,8,29291549694,12223697,300,8,0
4924408106643963,3122807,qlever-server-d,S,0,0,10120,0,1,1,futex_do_wait
4924408106643963,3122808,qlever-server-d,S,0,0,93120,0,4,9,ep_poll
4924408106643963,3122809,qlever-server-d,S,0,0,414310,214341,8,0,futex_do_wait
4924408106643963,3122810,qlever-server-d,S,5,29,345907729,95151086,2317,9,ep_poll
4924408106643963,3122811,qlever-server-d,S,5,27,322269652,93040216,2431,11,futex_do_wait
4924408106643963,3123964,qlever-server-d,S,0,0,1824471,5943944,59,4,futex_do_wait
4924408106643963,3123965,qlever-server-d,R,142,0,1430944119,21025414,155,10,0
4924408106643963,0,__system__,-,1024718295,7867683017,0,0,0,-1,-
4924408126631582,3122254,qlever-server-d,S,991,1709,27010922485,9287664,1206,9,futex_do_wait
4924408126631582,3122258,qlever-server-d,S,0,0,4281353,817031,36,4,futex_do_wait
4924408126631582,3122806,qlever-server-d,R,2922,8,29311548795,12223697,300,8,0
4924408126631582,3122807,qlever-server-d,S,0,0,10120,0,1,1,futex_do_wait
4924408126631582,3122808,qlever-server-d,S,0,0,93120,0,4,9,ep_poll
4924408126631582,3122809,qlever-server-d,S,0,0,414310,214341,8,0,futex_do_wait
4924408126631582,3122810,qlever-server-d,S,5,29,345939609,95151086,2319,1,ep_poll
4924408126631582,3122811,qlever-server-d,S,5,27,322678973,93040216,2432,11,futex_do_wait
4924408126631582,3123964,qlever-server-d,S,0,0,1824471,5943944,59,4,futex_do_wait
4924408126631582,3123965,qlever-server-d,R,144,0,1450942530,21025414,155,10,0
4924408126631582,0,__system__,-,1024718317,7867683049,0,0,0,-1,-
4924408146638100,3122254,qlever-server-d,S,991,1709,27010922485,9287664,1206,9,futex_do_wait
4924408146638100,3122258,qlever-server-d,S,0,0,4281353,817031,36,4,futex_do_wait
4924408146638100,3122806,qlever-server-d,R,2924,8,29331529106,12242787,301,8,0
4924408146638100,3122807,qlever-server-d,S,0,0,10120,0,1,1,futex_do_wait
4924408146638100,3122808,qlever-server-d,S,0,0,93120,0,4,9,ep_poll
4924408146638100,3122809,qlever-server-d,S,0,0,414310,214341,8,0,futex_do_wait
4924408146638100,3122810,qlever-server-d,S,5,29,345963019,95506966,2320,0,ep_poll
4924408146638100,3122811,qlever-server-d,S,5,27,323040293,93040216,2433,0,futex_do_wait
4924408146638100,3123964,qlever-server-d,S,0,0,1864411,5943944,60,12,futex_do_wait
4924408146638100,3123965,qlever-server-d,R,146,0,1470925531,21042474,156,10,0
4924408146638100,0,__system__,-,1024718342,7867683082,0,0,0,-1,-
4924408166635019,3122254,qlever-server-d,S,991,1709,27010922485,9287664,1206,9,futex_do_wait
4924408166635019,3122258,qlever-server-d,S,0,0,4281353,817031,36,4,futex_do_wait
4924408166635019,3122806,qlever-server-d,R,2926,8,29351532727,12242787,301,8,0
4924408166635019,3122807,qlever-server-d,S,0,0,10120,0,1,1,futex_do_wait
4924408166635019,3122808,qlever-server-d,S,0,0,93120,0,4,9,ep_poll
4924408166635019,3122809,qlever-server-d,S,0,0,414310,214341,8,0,futex_do_wait
4924408166635019,3122810,qlever-server-d,S,5,29,346015760,95511336,2323,2,ep_poll
4924408166635019,3122811,qlever-server-d,S,5,27,323452773,93062157,2435,0,futex_do_wait
4924408166635019,3123964,qlever-server-d,S,0,0,1864411,5943944,60,12,futex_do_wait
4924408166635019,3123965,qlever-server-d,R,148,0,1490927422,21042474,156,10,0
4924408166635019,0,__system__,-,1024718363,7867683114,0,0,0,-1,-
4924408186637338,3122254,qlever-server-d,S,991,1709,27010922485,9287664,1206,9,futex_do_wait
4924408186637338,3122258,qlever-server-d,S,0,0,4281353,817031,36,4,futex_do_wait
4924408186637338,3122806,qlever-server-d,R,2928,8,29371530209,12242787,301,8,0
4924408186637338,3122807,qlever-server-d,S,0,0,10120,0,1,1,futex_do_wait
4924408186637338,3122808,qlever-server-d,S,0,0,93120,0,4,9,ep_poll
4924408186637338,3122809,qlever-server-d,S,0,0,414310,214341,8,0,futex_do_wait
4924408186637338,3122810,qlever-server-d,S,5,29,346047040,95981516,2324,14,ep_poll
4924408186637338,3122811,qlever-server-d,S,5,27,323783423,93087687,2436,0,futex_do_wait
4924408186637338,3123964,qlever-server-d,S,0,0,1864411,5943944,60,12,futex_do_wait
4924408186637338,3123965,qlever-server-d,R,150,0,1510926223,21042474,156,10,0
4924408186637338,0,__system__,-,1024718382,7867683144,0,0,0,-1,-
4924408206634827,3122254,qlever-server-d,S,991,1709,27010922485,9287664,1206,9,futex_do_wait
4924408206634827,3122258,qlever-server-d,S,0,0,4281353,817031,36,4,futex_do_wait
4924408206634827,3122806,qlever-server-d,R,2930,8,29391531420,12242787,301,8,0
4924408206634827,3122807,qlever-server-d,S,0,0,10120,0,1,1,futex_do_wait
4924408206634827,3122808,qlever-server-d,S,0,0,93120,0,4,9,ep_poll
4924408206634827,3122809,qlever-server-d,S,0,0,414310,214341,8,0,futex_do_wait
4924408206634827,3122810,qlever-server-d,S,5,29,346092350,95981516,2326,14,ep_poll
4924408206634827,3122811,qlever-server-d,S,5,27,324219773,93231407,2438,0,futex_do_wait
4924408206634827,3123964,qlever-server-d,S,0,0,1895991,6441914,61,12,futex_do_wait
4924408206634827,3123965,qlever-server-d,R,152,0,1530928134,21042474,156,10,0
4924408206634827,0,__system__,-,1024718404,7867683175,0,0,0,-1,-
4924408226641785,3122254,qlever-server-d,S,991,1709,27010922485,9287664,1206,9,futex_do_wait
4924408226641785,3122258,qlever-server-d,S,0,0,4281353,817031,36,4,futex_do_wait
4924408226641785,3122806,qlever-server-d,R,2932,8,29411530411,12242787,301,8,0
4924408226641785,3122807,qlever-server-d,S,0,0,10120,0,1,1,futex_do_wait
4924408226641785,3122808,qlever-server-d,S,0,0,93120,0,4,9,ep_poll
4924408226641785,3122809,qlever-server-d,S,0,0,414310,214341,8,0,futex_do_wait
4924408226641785,3122810,qlever-server-d,S,5,29,346137590,95981516,2328,14,ep_poll
4924408226641785,3122811,qlever-server-d,S,5,27,324521643,93231407,2439,1,futex_do_wait
4924408226641785,3123964,qlever-server-d,S,0,0,1895991,6441914,61,12,futex_do_wait
4924408226641785,3123965,qlever-server-d,R,154,0,1550926035,21042474,156,10,0
4924408226641785,0,__system__,-,1024718427,7867683209,0,0,0,-1,-
4924408246631284,3122254,qlever-server-d,S,991,1709,27010922485,9287664,1206,9,futex_do_wait
4924408246631284,3122258,qlever-server-d,S,0,0,4281353,817031,36,4,futex_do_wait
4924408246631284,3122806,qlever-server-d,R,2934,8,29431530222,12242787,301,8,0
4924408246631284,3122807,qlever-server-d,S,0,0,10120,0,1,1,futex_do_wait
4924408246631284,3122808,qlever-server-d,S,0,0,93120,0,4,9,ep_poll
4924408246631284,3122809,qlever-server-d,S,0,0,414310,214341,8,0,futex_do_wait
4924408246631284,3122810,qlever-server-d,S,5,29,346163220,96139376,2329,0,ep_poll
4924408246631284,3122811,qlever-server-d,S,5,27,324926813,93231407,2440,0,futex_do_wait
4924408246631284,3123964,qlever-server-d,S,0,0,1931021,6441914,62,12,futex_do_wait
4924408246631284,3123965,qlever-server-d,R,156,0,1570927706,21042474,156,10,0
4924408246631284,0,__system__,-,1024718446,7867683239,0,0,0,-1,-
4924408266632123,3122254,qlever-server-d,S,991,1709,27010922485,9287664,1206,9,futex_do_wait
4924408266632123,3122258,qlever-server-d,S,0,0,4281353,817031,36,4,futex_do_wait
4924408266632123,3122806,qlever-server-d,R,2936,8,29451531023,12242787,301,8,0
4924408266632123,3122807,qlever-server-d,S,0,0,10120,0,1,1,futex_do_wait
4924408266632123,3122808,qlever-server-d,S,0,0,93120,0,4,9,ep_poll
4924408266632123,3122809,qlever-server-d,S,0,0,414310,214341,8,0,futex_do_wait
4924408266632123,3122810,qlever-server-d,S,5,29,346187600,96274756,2330,0,ep_poll
4924408266632123,3122811,qlever-server-d,S,5,27,325264173,93231407,2441,9,futex_do_wait
4924408266632123,3123964,qlever-server-d,S,0,0,1931021,6441914,62,12,futex_do_wait
4924408266632123,3123965,qlever-server-d,R,158,0,1590927398,21042474,156,10,0
4924408266632123,0,__system__,-,1024718467,7867683271,0,0,0,-1,-
4924408286634971,3122254,qlever-server-d,S,991,1709,27010922485,9287664,1206,9,futex_do_wait
4924408286634971,3122258,qlever-server-d,S,0,0,4281353,817031,36,4,futex_do_wait
4924408286634971,3122806,qlever-server-d,R,2938,8,29471532704,12242787,301,8,0
4924408286634971,3122807,qlever-server-d,S,0,0,10120,0,1,1,futex_do_wait
4924408286634971,3122808,qlever-server-d,S,0,0,93120,0,4,9,ep_poll
4924408286634971,3122809,qlever-server-d,S,0,0,414310,214341,8,0,futex_do_wait
4924408286634971,3122810,qlever-server-d,S,5,29,346230620,96274756,2332,0,ep_poll
4924408286634971,3122811,qlever-server-d,S,5,27,325637893,93231407,2442,9,futex_do_wait
4924408286634971,3123964,qlever-server-d,S,0,0,1931021,6441914,62,12,futex_do_wait
4924408286634971,3123965,qlever-server-d,R,160,0,1610931029,21042474,156,10,0
4924408286634971,0,__system__,-,1024718487,7867683303,0,0,0,-1,-
4924408306643950,3122254,qlever-server-d,S,991,1709,27010922485,9287664,1206,9,futex_do_wait
4924408306643950,3122258,qlever-server-d,S,0,0,4281353,817031,36,4,futex_do_wait
4924408306643950,3122806,qlever-server-d,R,2940,8,29491531715,12242787,301,8,0
4924408306643950,3122807,qlever-server-d,S,0,0,10120,0,1,1,futex_do_wait
4924408306643950,3122808,qlever-server-d,S,0,0,93120,0,4,9,ep_poll
4924408306643950,3122809,qlever-server-d,S,0,0,414310,214341,8,0,futex_do_wait
4924408306643950,3122810,qlever-server-d,S,5,29,346261450,97052816,2333,0,ep_poll
4924408306643950,3122811,qlever-server-d,S,5,27,326013463,93231407,2443,9,futex_do_wait
4924408306643950,3123964,qlever-server-d,S,0,0,1969471,6441914,63,12,futex_do_wait
4924408306643950,3123965,qlever-server-d,R,162,0,1630928060,21042474,156,10,0
4924408306643950,0,__system__,-,1024718508,7867683335,0,0,0,-1,-
4924408326638719,3122254,qlever-server-d,S,991,1709,27010922485,9287664,1206,9,futex_do_wait
4924408326638719,3122258,qlever-server-d,S,0,0,4281353,817031,36,4,futex_do_wait
4924408326638719,3122806,qlever-server-d,R,2942,8,29511506006,12268137,302,8,0
4924408326638719,3122807,qlever-server-d,S,0,0,10120,0,1,1,futex_do_wait
4924408326638719,3122808,qlever-server-d,S,0,0,93120,0,4,9,ep_poll
4924408326638719,3122809,qlever-server-d,S,0,0,414310,214341,8,0,futex_do_wait
4924408326638719,3122810,qlever-server-d,S,5,29,346312860,97792606,2335,3,ep_poll
4924408326638719,3122811,qlever-server-d,S,5,27,326360803,93231407,2444,11,futex_do_wait
4924408326638719,3123964,qlever-server-d,S,0,0,1969471,6441914,63,12,futex_do_wait
4924408326638719,3123965,qlever-server-d,R,164,0,1650929061,21042474,156,10,0
4924408326638719,0,__system__,-,1024718529,7867683366,0,0,0,-1,-
4924408346641597,3122254,qlever-server-d,S,991,1709,27010922485,9287664,1206,9,futex_do_wait
4924408346641597,3122258,qlever-server-d,S,0,0,4281353,817031,36,4,futex_do_wait
4924408346641597,3122806,qlever-server-d,R,2944,8,29531505847,12268137,302,8,0
4924408346641597,3122807,qlever-server-d,S,0,0,10120,0,1,1,futex_do_wait
4924408346641597,3122808,qlever-server-d,S,0,0,93120,0,4,9,ep_poll
4924408346641597,3122809,qlever-server-d,S,0,0,414310,214341,8,0,futex_do_wait
4924408346641597,3122810,qlever-server-d,S,5,29,346353040,97886486,2337,3,ep_poll
4924408346641597,3122811,qlever-server-d,S,5,27,326771583,93231407,2445,0,futex_do_wait
4924408346641597,3123964,qlever-server-d,S,0,0,2005231,6441914,64,5,futex_do_wait
4924408346641597,3123965,qlever-server-d,R,166,0,1670911072,21042474,157,10,0
4924408346641597,0,__system__,-,1024718552,7867683399,0,0,0,-1,-
4924408366644816,3122254,qlever-server-d,S,991,1709,27010922485,9287664,1206,9,futex_do_wait
4924408366644816,3122258,qlever-server-d,S,0,0,4281353,817031,36,4,futex_do_wait
4924408366644816,3122806,qlever-server-d,R,2946,8,29551505919,12268137,302,8,0
4924408366644816,3122807,qlever-server-d,S,0,0,10120,0,1,1,futex_do_wait
4924408366644816,3122808,qlever-server-d,S,0,0,93120,0,4,9,ep_poll
4924408366644816,3122809,qlever-server-d,S,0,0,414310,214341,8,0,futex_do_wait
4924408366644816,3122810,qlever-server-d,S,5,29,346391300,97886486,2339,3,ep_poll
4924408366644816,3122811,qlever-server-d,S,5,27,327105363,93231407,2446,11,futex_do_wait
4924408366644816,3123964,qlever-server-d,S,0,0,2005231,6441914,64,5,futex_do_wait
4924408366644816,3123965,qlever-server-d,R,168,0,1690912633,21042474,157,10,0
4924408366644816,0,__system__,-,1024718572,7867683430,0,0,0,-1,-
4924408386629445,3122254,qlever-server-d,S,991,1709,27010922485,9287664,1206,9,futex_do_wait
4924408386629445,3122258,qlever-server-d,S,0,0,4281353,817031,36,4,futex_do_wait
4924408386629445,3122806,qlever-server-d,R,2948,8,29571505260,12268137,302,8,0
4924408386629445,3122807,qlever-server-d,S,0,0,10120,0,1,1,futex_do_wait
4924408386629445,3122808,qlever-server-d,S,0,0,93120,0,4,9,ep_poll
4924408386629445,3122809,qlever-server-d,S,0,0,414310,214341,8,0,futex_do_wait
4924408386629445,3122810,qlever-server-d,S,5,29,346414680,98166316,2340,3,ep_poll
4924408386629445,3122811,qlever-server-d,S,5,27,327486143,93231407,2447,0,futex_do_wait
4924408386629445,3123964,qlever-server-d,S,0,0,2005231,6441914,64,5,futex_do_wait
4924408386629445,3123965,qlever-server-d,R,170,0,1710914304,21042474,157,10,0
4924408386629445,0,__system__,-,1024718593,7867683462,0,0,0,-1,-
4924408406637873,3122254,qlever-server-d,S,991,1709,27010922485,9287664,1206,9,futex_do_wait
4924408406637873,3122258,qlever-server-d,S,0,0,4281353,817031,36,4,futex_do_wait
4924408406637873,3122806,qlever-server-d,R,2950,8,29591507271,12268137,302,8,0
4924408406637873,3122807,qlever-server-d,S,0,0,10120,0,1,1,futex_do_wait
4924408406637873,3122808,qlever-server-d,S,0,0,93120,0,4,9,ep_poll
4924408406637873,3122809,qlever-server-d,S,0,0,414310,214341,8,0,futex_do_wait
4924408406637873,3122810,qlever-server-d,S,5,29,346446640,98170036,2342,2,ep_poll
4924408406637873,3122811,qlever-server-d,S,5,27,327895073,93231407,2448,1,futex_do_wait
4924408406637873,3123964,qlever-server-d,S,0,0,2046301,6441914,65,5,futex_do_wait
4924408406637873,3123965,qlever-server-d,R,172,0,1730915285,21042474,157,10,0
4924408406637873,0,__system__,-,1024718612,7867683493,0,0,0,-1,-
4924408426651482,3122254,qlever-server-d,S,991,1709,27010922485,9287664,1206,9,futex_do_wait
4924408426651482,3122258,qlever-server-d,S,0,0,4281353,817031,36,4,futex_do_wait
4924408426651482,3122806,qlever-server-d,R,2952,8,29611506632,12268137,302,8,0
4924408426651482,3122807,qlever-server-d,S,0,0,10120,0,1,1,futex_do_wait
4924408426651482,3122808,qlever-server-d,S,0,0,93120,0,4,9,ep_poll
4924408426651482,3122809,qlever-server-d,S,0,0,414310,214341,8,0,futex_do_wait
4924408426651482,3122810,qlever-server-d,S,5,29,346524440,98177756,2346,9,ep_poll
4924408426651482,3122811,qlever-server-d,S,5,27,328550813,93231407,2450,1,futex_do_wait
4924408426651482,3123964,qlever-server-d,S,0,0,2046301,6441914,65,5,futex_do_wait
4924408426651482,3123965,qlever-server-d,R,174,0,1750912706,21042474,157,10,0
4924408426651482,0,__system__,-,1024718632,7867683524,0,0,0,-1,-
4924408446634031,3122254,qlever-server-d,S,991,1709,27010922485,9287664,1206,9,futex_do_wait
4924408446634031,3122258,qlever-server-d,S,0,0,4281353,817031,36,4,futex_do_wait
4924408446634031,3122806,qlever-server-d,R,2954,8,29631507483,12268137,302,8,0
4924408446634031,3122807,qlever-server-d,S,0,0,10120,0,1,1,futex_do_wait
4924408446634031,3122808,qlever-server-d,S,0,0,93120,0,4,9,ep_poll
4924408446634031,3122809,qlever-server-d,S,0,0,414310,214341,8,0,futex_do_wait
4924408446634031,3122810,qlever-server-d,S,5,29,346560640,98224136,2348,0,ep_poll
4924408446634031,3122811,qlever-server-d,S,5,27,328903033,93231407,2451,1,futex_do_wait
4924408446634031,3123964,qlever-server-d,S,0,0,2084361,6441914,66,6,futex_do_wait
4924408446634031,3123965,qlever-server-d,R,176,0,1770914548,21042474,157,10,0
4924408446634031,0,__system__,-,1024718654,7867683557,0,0,0,-1,-
4924408466634400,3122254,qlever-server-d,S,991,1709,27010922485,9287664,1206,9,futex_do_wait
4924408466634400,3122258,qlever-server-d,S,0,0,4281353,817031,36,4,futex_do_wait
4924408466634400,3122806,qlever-server-d,R,2956,8,29651506974,12268137,302,8,0
4924408466634400,3122807,qlever-server-d,S,0,0,10120,0,1,1,futex_do_wait
4924408466634400,3122808,qlever-server-d,S,0,0,93120,0,4,9,ep_poll
4924408466634400,3122809,qlever-server-d,S,0,0,414310,214341,8,0,futex_do_wait
4924408466634400,3122810,qlever-server-d,S,5,29,346598720,98224136,2350,2,ep_poll
4924408466634400,3122811,qlever-server-d,S,5,27,329285464,93231407,2452,1,futex_do_wait
4924408466634400,3123964,qlever-server-d,S,0,0,2084361,6441914,66,6,futex_do_wait
4924408466634400,3123965,qlever-server-d,R,178,0,1790913809,21042474,157,10,0
4924408466634400,0,__system__,-,1024718676,7867683588,0,0,0,-1,-
4924408486635278,3122254,qlever-server-d,S,991,1709,27010922485,9287664,1206,9,futex_do_wait
4924408486635278,3122258,qlever-server-d,S,0,0,4281353,817031,36,4,futex_do_wait
4924408486635278,3122806,qlever-server-d,R,2958,8,29671506635,12268137,302,8,0
4924408486635278,3122807,qlever-server-d,S,0,0,10120,0,1,1,futex_do_wait
4924408486635278,3122808,qlever-server-d,S,0,0,93120,0,4,9,ep_poll
4924408486635278,3122809,qlever-server-d,S,0,0,414310,214341,8,0,futex_do_wait
4924408486635278,3122810,qlever-server-d,S,5,29,346642970,98224136,2352,2,ep_poll
4924408486635278,3122811,qlever-server-d,S,5,27,329657094,93231407,2453,0,futex_do_wait
4924408486635278,3123964,qlever-server-d,S,0,0,2084361,6441914,66,6,futex_do_wait
4924408486635278,3123965,qlever-server-d,R,180,0,1810912610,21042474,157,10,0
4924408486635278,0,__system__,-,1024718697,7867683620,0,0,0,-1,-
4924408506641497,3122254,qlever-server-d,S,991,1709,27010922485,9287664,1206,9,futex_do_wait
4924408506641497,3122258,qlever-server-d,S,0,0,4281353,817031,36,4,futex_do_wait
4924408506641497,3122806,qlever-server-d,R,2960,8,29691507056,12268137,302,8,0
4924408506641497,3122807,qlever-server-d,S,0,0,10120,0,1,1,futex_do_wait
4924408506641497,3122808,qlever-server-d,S,0,0,93120,0,4,9,ep_poll
4924408506641497,3122809,qlever-server-d,S,0,0,414310,214341,8,0,futex_do_wait
4924408506641497,3122810,qlever-server-d,S,5,29,346686420,98224136,2354,9,ep_poll
4924408506641497,3122811,qlever-server-d,S,5,27,330043714,93231407,2454,0,futex_do_wait
4924408506641497,3123964,qlever-server-d,S,0,0,2119531,6441914,67,5,futex_do_wait
4924408506641497,3123965,qlever-server-d,R,182,0,1830912801,21042474,157,10,0
4924408506641497,0,__system__,-,1024718718,7867683652,0,0,0,-1,-
4924408526636766,3122254,qlever-server-d,S,991,1709,27010922485,9287664,1206,9,futex_do_wait
4924408526636766,3122258,qlever-server-d,S,0,0,4281353,817031,36,4,futex_do_wait
4924408526636766,3122806,qlever-server-d,R,2963,8,29711978788,12268137,302,8,0
4924408526636766,3122807,qlever-server-d,S,0,0,10120,0,1,1,futex_do_wait
4924408526636766,3122808,qlever-server-d,S,0,0,93120,0,4,9,ep_poll
4924408526636766,3122809,qlever-server-d,S,0,0,414310,214341,8,0,futex_do_wait
4924408526636766,3122810,qlever-server-d,S,5,29,346725580,98224136,2356,2,ep_poll
4924408526636766,3122811,qlever-server-d,S,5,27,330433464,93231407,2455,0,futex_do_wait
4924408526636766,3123964,qlever-server-d,S,0,0,2119531,6441914,67,5,futex_do_wait
4924408526636766,3123965,qlever-server-d,R,184,0,1850914832,21042474,157,10,0
4924408526636766,0,__system__,-,1024718739,7867683685,0,0,0,-1,-
4924408546638824,3122254,qlever-server-d,S,991,1709,27010922485,9287664,1206,9,futex_do_wait
4924408546638824,3122258,qlever-server-d,S,0,0,4281353,817031,36,4,futex_do_wait
4924408546638824,3122806,qlever-server-d,R,2964,8,29731507029,12268137,302,8,0
4924408546638824,3122807,qlever-server-d,S,0,0,10120,0,1,1,futex_do_wait
4924408546638824,3122808,qlever-server-d,S,0,0,93120,0,4,9,ep_poll
4924408546638824,3122809,qlever-server-d,S,0,0,414310,214341,8,0,futex_do_wait
4924408546638824,3122810,qlever-server-d,S,5,29,346817600,98224136,2361,11,ep_poll
4924408546638824,3122811,qlever-server-d,S,5,27,331402114,93231407,2457,0,futex_do_wait
4924408546638824,3123964,qlever-server-d,S,0,0,2158811,6441914,68,13,futex_do_wait
4924408546638824,3123965,qlever-server-d,R,186,0,1870915233,21042474,157,10,0
4924408546638824,0,__system__,-,1024718759,7867683716,0,0,0,-1,-
4924408566650023,3122254,qlever-server-d,S,991,1709,27010922485,9287664,1206,9,futex_do_wait
4924408566650023,3122258,qlever-server-d,S,0,0,4281353,817031,36,4,futex_do_wait
4924408566650023,3122806,qlever-server-d,R,2966,8,29751507470,12268137,302,8,0
4924408566650023,3122807,qlever-server-d,S,0,0,10120,0,1,1,futex_do_wait
4924408566650023,3122808,qlever-server-d,S,0,0,93120,0,4,9,ep_poll
4924408566650023,3122809,qlever-server-d,S,0,0,414310,214341,8,0,futex_do_wait
4924408566650023,3122810,qlever-server-d,S,5,29,346838060,98391866,2362,9,ep_poll
4924408566650023,3122811,qlever-server-d,S,5,27,331790295,93231407,2458,0,futex_do_wait
4924408566650023,3123964,qlever-server-d,S,0,0,2158811,6441914,68,13,futex_do_wait
4924408566650023,3123965,qlever-server-d,R,188,0,1890913664,21042474,157,10,0
4924408566650023,0,__system__,-,1024718780,7867683748,0,0,0,-1,-
4924408586639352,3122254,qlever-server-d,S,991,1709,27010922485,9287664,1206,9,futex_do_wait
4924408586639352,3122258,qlever-server-d,S,0,0,4281353,817031,36,4,futex_do_wait
4924408586639352,3122806,qlever-server-d,R,2968,8,29771488071,12289807,303,8,0
4924408586639352,3122807,qlever-server-d,S,0,0,10120,0,1,1,futex_do_wait
4924408586639352,3122808,qlever-server-d,S,0,0,93120,0,4,9,ep_poll
4924408586639352,3122809,qlever-server-d,S,0,0,414310,214341,8,0,futex_do_wait
4924408586639352,3122810,qlever-server-d,S,5,29,346872740,98391866,2364,1,ep_poll
4924408586639352,3122811,qlever-server-d,S,5,28,332187515,93231407,2459,2,futex_do_wait
4924408586639352,3123964,qlever-server-d,S,0,0,2158811,6441914,68,13,futex_do_wait
4924408586639352,3123965,qlever-server-d,R,190,0,1910897895,21059824,158,10,0
4924408586639352,0,__system__,-,1024718803,7867683780,0,0,0,-1,-
4924408606642700,3122254,qlever-server-d,S,991,1709,27010922485,9287664,1206,9,futex_do_wait
4924408606642700,3122258,qlever-server-d,S,0,0,4281353,817031,36,4,futex_do_wait
4924408606642700,3122806,qlever-server-d,R,2970,8,29791489352,12289807,303,8,0
4924408606642700,3122807,qlever-server-d,S,0,0,10120,0,1,1,futex_do_wait
4924408606642700,3122808,qlever-server-d,S,0,0,93120,0,4,9,ep_poll
4924408606642700,3122809,qlever-server-d,S,0,0,414310,214341,8,0,futex_do_wait
4924408606642700,3122810,qlever-server-d,S,5,29,346923510,98391866,2366,11,ep_poll
4924408606642700,3122811,qlever-server-d,S,5,28,332617315,93231407,2460,2,futex_do_wait
4924408606642700,3123964,qlever-server-d,S,0,0,2197441,6441914,69,4,futex_do_wait
4924408606642700,3123965,qlever-server-d,R,192,0,1930898826,21059824,158,10,0
4924408606642700,0,__system__,-,1024718823,7867683811,0,0,0,-1,-
4924408626647109,3122254,qlever-server-d,S,991,1709,27010922485,9287664,1206,9,futex_do_wait
4924408626647109,3122258,qlever-server-d,S,0,0,4281353,817031,36,4,futex_do_wait
4924408626647109,3122806,qlever-server-d,R,2972,8,29811487513,12289807,303,8,0
4924408626647109,3122807,qlever-server-d,S,0,0,10120,0,1,1,futex_do_wait
4924408626647109,3122808,qlever-server-d,S,0,0,93120,0,4,9,ep_poll
4924408626647109,3122809,qlever-server-d,S,0,0,414310,214341,8,0,futex_do_wait
4924408626647109,3122810,qlever-server-d,S,5,29,346962730,98391866,2368,11,ep_poll
4924408626647109,3122811,qlever-server-d,S,5,28,332947585,93231407,2461,2,futex_do_wait
4924408626647109,3123964,qlever-server-d,S,0,0,2197441,6441914,69,4,futex_do_wait
4924408626647109,3123965,qlever-server-d,R,194,0,1950898078,21059824,158,10,0
4924408626647109,0,__system__,-,1024718844,7867683843,0,0,0,-1,-
4924408646635468,3122254,qlever-server-d,S,991,1709,27010922485,9287664,1206,9,futex_do_wait
4924408646635468,3122258,qlever-server-d,S,0,0,4281353,817031,36,4,futex_do_wait
4924408646635468,3122806,qlever-server-d,R,2974,8,29831456244,12319227,304,8,0
4924408646635468,3122807,qlever-server-d,S,0,0,10120,0,1,1,futex_do_wait
4924408646635468,3122808,qlever-server-d,S,0,0,93120,0,4,9,ep_poll
4924408646635468,3122809,qlever-server-d,S,0,0,414310,214341,8,0,futex_do_wait
4924408646635468,3122810,qlever-server-d,S,5,29,347041900,98673706,2372,2,ep_poll
4924408646635468,3122811,qlever-server-d,S,5,28,333724645,93254677,2464,2,futex_do_wait
4924408646635468,3123964,qlever-server-d,S,0,0,2233851,6441914,70,5,futex_do_wait
4924408646635468,3123965,qlever-server-d,R,196,0,1970895579,21059824,158,10,0
4924408646635468,0,__system__,-,1024718865,7867683875,0,0,0,-1,-
4924408666634396,3122254,qlever-server-d,S,991,1709,27010922485,9287664,1206,9,futex_do_wait
4924408666634396,3122258,qlever-server-d,S,0,0,4281353,817031,36,4,futex_do_wait
4924408666634396,3122806,qlever-server-d,R,2976,8,29851457975,12319227,304,8,0
4924408666634396,3122807,qlever-server-d,S,0,0,10120,0,1,1,futex_do_wait
4924408666634396,3122808,qlever-server-d,S,0,0,93120,0,4,9,ep_poll
4924408666634396,3122809,qlever-server-d,S,0,0,414310,214341,8,0,futex_do_wait
4924408666634396,3122810,qlever-server-d,S,5,29,347077860,98677156,2374,10,ep_poll
4924408666634396,3122811,qlever-server-d,S,5,28,334120045,93254677,2465,11,futex_do_wait
4924408666634396,3123964,qlever-server-d,S,0,0,2233851,6441914,70,5,futex_do_wait
4924408666634396,3123965,qlever-server-d,R,198,0,1990875500,21075994,159,1,0
4924408666634396,0,__system__,-,1024718885,7867683907,0,0,0,-1,-
4924408686630935,3122254,qlever-server-d,S,991,1709,27010922485,9287664,1206,9,futex_do_wait
4924408686630935,3122258,qlever-server-d,S,0,0,4281353,817031,36,4,futex_do_wait
4924408686630935,3122806,qlever-server-d,R,2978,8,29871456506,12319227,304,8,0
4924408686630935,3122807,qlever-server-d,S,0,0,10120,0,1,1,futex_do_wait
4924408686630935,3122808,qlever-server-d,S,0,0,93120,0,4,9,ep_poll
4924408686630935,3122809,qlever-server-d,S,0,0,414310,214341,8,0,futex_do_wait
4924408686630935,3122810,qlever-server-d,S,5,29,347109820,99854237,2375,10,ep_poll
4924408686630935,3122811,qlever-server-d,S,5,28,334477646,93254677,2466,11,futex_do_wait
4924408686630935,3123964,qlever-server-d,S,0,0,2233851,6441914,70,5,futex_do_wait
4924408686630935,3123965,qlever-server-d,R,200,0,2010875061,21075994,159,1,0
4924408686630935,0,__system__,-,1024718906,7867683939,0,0,0,-1,-
4924408706643394,3122254,qlever-server-d,S,991,1709,27010922485,9287664,1206,9,futex_do_wait
4924408706643394,3122258,qlever-server-d,S,0,0,4281353,817031,36,4,futex_do_wait
4924408706643394,3122806,qlever-server-d,R,2980,8,29891456477,12319227,304,8,0
4924408706643394,3122807,qlever-server-d,S,0,0,10120,0,1,1,futex_do_wait
4924408706643394,3122808,qlever-server-d,S,0,0,93120,0,4,9,ep_poll
4924408706643394,3122809,qlever-server-d,S,0,0,414310,214341,8,0,futex_do_wait
4924408706643394,3122810,qlever-server-d,S,5,29,347154811,99854237,2377,3,ep_poll
4924408706643394,3122811,qlever-server-d,S,5,28,334933547,93254677,2467,1,futex_do_wait
4924408706643394,3123964,qlever-server-d,S,0,0,2270311,6441914,71,13,futex_do_wait
4924408706643394,3123965,qlever-server-d,R,202,0,2030853632,21094594,160,5,0
4924408706643394,0,__system__,-,1024718927,7867683970,0,0,0,-1,-
4924408726642123,3122254,qlever-server-d,S,991,1709,27010922485,9287664,1206,9,futex_do_wait
4924408726642123,3122258,qlever-server-d,S,0,0,4281353,817031,36,4,futex_do_wait
4924408726642123,3122806,qlever-server-d,R,2982,8,29911457499,12319227,304,8,0
4924408726642123,3122807,qlever-server-d,S,0,0,10120,0,1,1,futex_do_wait
4924408726642123,3122808,qlever-server-d,S,0,0,93120,0,4,9,ep_poll
4924408726642123,3122809,qlever-server-d,S,0,0,414310,214341,8,0,futex_do_wait
4924408726642123,3122810,qlever-server-d,S,5,29,347207181,99854237,2379,10,ep_poll
4924408726642123,3122811,qlever-server-d,S,5,28,335314857,93254677,2468,7,futex_do_wait
4924408726642123,3123964,qlever-server-d,S,0,0,2270311,6441914,71,13,futex_do_wait
4924408726642123,3123965,qlever-server-d,R,204,0,2049527892,22416825,161,3,0
4924408726642123,0,__system__,-,1024718947,7867684001,0,0,0,-1,-
4924408746634181,3122254,qlever-server-d,S,991,1709,27010922485,9287664,1206,9,futex_do_wait
4924408746634181,3122258,qlever-server-d,S,0,0,4281353,817031,36,4,futex_do_wait
4924408746634181,3122806,qlever-server-d,R,2984,8,29931456970,12319227,304,8,0
4924408746634181,3122807,qlever-server-d,S,0,0,10120,0,1,1,futex_do_wait
4924408746634181,3122808,qlever-server-d,S,0,0,93120,0,4,9,ep_poll
4924408746634181,3122809,qlever-server-d,S,0,0,414310,214341,8,0,futex_do_wait
4924408746634181,3122810,qlever-server-d,S,5,29,347238241,100216828,2380,10,ep_poll
4924408746634181,3122811,qlever-server-d,S,5,28,335755737,93254677,2469,12,futex_do_wait
4924408746634181,3123964,qlever-server-d,S,0,0,2270311,6441914,71,13,futex_do_wait
4924408746634181,3123965,qlever-server-d,R,206,0,2069528073,22416825,161,3,0
4924408746634181,0,__system__,-,1024718969,7867684034,0,0,0,-1,-
4924408766638920,3122254,qlever-server-d,S,991,1709,27010922485,9287664,1206,9,futex_do_wait
4924408766638920,3122258,qlever-server-d,S,0,0,4281353,817031,36,4,futex_do_wait
4924408766638920,3122806,qlever-server-d,R,2986,8,29951456691,12319227,304,8,0
4924408766638920,3122807,qlever-server-d,S,0,0,10120,0,1,1,futex_do_wait
4924408766638920,3122808,qlever-server-d,S,0,0,93120,0,4,9,ep_poll
4924408766638920,3122809,qlever-server-d,S,0,0,414310,214341,8,0,futex_do_wait
4924408766638920,3122810,qlever-server-d,S,5,29,347283611,100216828,2382,5,ep_poll
4924408766638920,3122811,qlever-server-d,S,5,28,336167207,93254677,2470,14,futex_do_wait
4924408766638920,3123964,qlever-server-d,S,0,0,2317111,6441914,72,15,futex_do_wait
4924408766638920,3123965,qlever-server-d,R,208,0,2089490004,22440435,162,12,0
4924408766638920,0,__system__,-,1024718989,7867684065,0,0,0,-1,-
4924408786641189,3122254,qlever-server-d,S,991,1709,27010922485,9287664,1206,9,futex_do_wait
4924408786641189,3122258,qlever-server-d,S,0,0,4281353,817031,36,4,futex_do_wait
4924408786641189,3122806,qlever-server-d,R,2988,8,29971459522,12319227,304,8,0
4924408786641189,3122807,qlever-server-d,S,0,0,10120,0,1,1,futex_do_wait
4924408786641189,3122808,qlever-server-d,S,0,0,93120,0,4,9,ep_poll
4924408786641189,3122809,qlever-server-d,S,0,0,414310,214341,8,0,futex_do_wait
4924408786641189,3122810,qlever-server-d,S,5,29,347330171,100216828,2384,5,ep_poll
4924408786641189,3122811,qlever-server-d,S,5,28,336491597,93254677,2471,15,futex_do_wait
4924408786641189,3123964,qlever-server-d,S,0,0,2317111,6441914,72,15,futex_do_wait
4924408786641189,3123965,qlever-server-d,R,210,0,2109489575,22440435,162,12,0
4924408786641189,0,__system__,-,1024719008,7867684095,0,0,0,-1,-
4924408806634917,3122254,qlever-server-d,S,991,1709,27010922485,9287664,1206,9,futex_do_wait
4924408806634917,3122258,qlever-server-d,S,0,0,4281353,817031,36,4,futex_do_wait
4924408806634917,3122806,qlever-server-d,R,2990,8,29991459563,12319227,304,8,0
4924408806634917,3122807,qlever-server-d,S,0,0,10120,0,1,1,futex_do_wait
4924408806634917,3122808,qlever-server-d,S,0,0,93120,0,4,9,ep_poll
4924408806634917,3122809,qlever-server-d,S,0,0,414310,214341,8,0,futex_do_wait
4924408806634917,3122810,qlever-server-d,S,5,29,347376061,100216828,2386,5,ep_poll
4924408806634917,3122811,qlever-server-d,S,5,28,336857847,93254677,2472,15,futex_do_wait
4924408806634917,3123964,qlever-server-d,S,0,0,2338551,6441914,73,15,futex_do_wait
4924408806634917,3123965,qlever-server-d,R,212,0,2129490057,22440435,162,12,0
4924408806634917,0,__system__,-,1024719030,7867684129,0,0,0,-1,-
4924408826644786,3122254,qlever-server-d,S,991,1709,27010922485,9287664,1206,9,futex_do_wait
4924408826644786,3122258,qlever-server-d,S,0,0,4281353,817031,36,4,futex_do_wait
4924408826644786,3122806,qlever-server-d,R,2992,8,30011735574,12367447,305,8,0
4924408826644786,3122807,qlever-server-d,S,0,0,10120,0,1,1,futex_do_wait
4924408826644786,3122808,qlever-server-d,S,0,0,93120,0,4,9,ep_poll
4924408826644786,3122809,qlever-server-d,S,0,0,414310,214341,8,0,futex_do_wait
4924408826644786,3122810,qlever-server-d,S,5,29,347454251,100216828,2389,6,ep_poll
4924408826644786,3122811,qlever-server-d,S,5,28,337392647,93254677,2474,15,futex_do_wait
4924408826644786,3123964,qlever-server-d,S,0,0,2338551,6441914,73,15,futex_do_wait
4924408826644786,3123965,qlever-server-d,R,214,0,2149493058,22440435,162,12,0
4924408826644786,0,__system__,-,1024719050,7867684159,0,0,0,-1,-
4924408846639735,3122254,qlever-server-d,S,991,1709,27010922485,9287664,1206,9,futex_do_wait
4924408846639735,3122258,qlever-server-d,S,0,0,4281353,817031,36,4,futex_do_wait
4924408846639735,3122806,qlever-server-d,R,2994,8,30031412035,12367447,305,8,0
4924408846639735,3122807,qlever-server-d,S,0,0,10120,0,1,1,futex_do_wait
4924408846639735,3122808,qlever-server-d,S,0,0,93120,0,4,9,ep_poll
4924408846639735,3122809,qlever-server-d,S,0,0,414310,214341,8,0,futex_do_wait
4924408846639735,3122810,qlever-server-d,S,5,29,347490841,100216828,2391,14,ep_poll
4924408846639735,3122811,qlever-server-d,S,5,28,337799167,93254677,2475,15,futex_do_wait
4924408846639735,3123964,qlever-server-d,S,0,0,2338551,6441914,73,15,futex_do_wait
4924408846639735,3123965,qlever-server-d,R,216,0,2169490869,22440435,162,12,0
4924408846639735,0,__system__,-,1024719072,7867684192,0,0,0,-1,-
4924408866637024,3122254,qlever-server-d,S,991,1709,27010922485,9287664,1206,9,futex_do_wait
4924408866637024,3122258,qlever-server-d,S,0,0,4281353,817031,36,4,futex_do_wait
4924408866637024,3122806,qlever-server-d,R,2996,8,30051411736,12367447,305,8,0
4924408866637024,3122807,qlever-server-d,S,0,0,10120,0,1,1,futex_do_wait
4924408866637024,3122808,qlever-server-d,S,0,0,93120,0,4,9,ep_poll
4924408866637024,3122809,qlever-server-d,S,0,0,414310,214341,8,0,futex_do_wait
4924408866637024,3122810,qlever-server-d,S,5,29,347529331,100216828,2393,14,ep_poll
4924408866637024,3122811,qlever-server-d,S,5,28,338098157,93254677,2476,15,futex_do_wait
4924408866637024,3123964,qlever-server-d,S,0,0,2371681,6441914,74,15,futex_do_wait
4924408866637024,3123965,qlever-server-d,R,218,0,2189490890,22440435,162,12,0
4924408866637024,0,__system__,-,1024719094,7867684225,0,0,0,-1,-
4924408886655382,3122254,qlever-server-d,S,991,1709,27010922485,9287664,1206,9,futex_do_wait
4924408886655382,3122258,qlever-server-d,S,0,0,4281353,817031,36,4,futex_do_wait
4924408886655382,3122806,qlever-server-d,R,2998,8,30071409947,12367447,305,8,0
4924408886655382,3122807,qlever-server-d,S,0,0,10120,0,1,1,futex_do_wait
4924408886655382,3122808,qlever-server-d,S,0,0,93120,0,4,9,ep_poll
4924408886655382,3122809,qlever-server-d,S,0,0,414310,214341,8,0,futex_do_wait
4924408886655382,3122810,qlever-server-d,S,5,29,347573901,100216828,2395,6,ep_poll
4924408886655382,3122811,qlever-server-d,S,5,28,338413577,93254677,2477,15,futex_do_wait
4924408886655382,3123964,qlever-server-d,S,0,0,2371681,6441914,74,15,futex_do_wait
4924408886655382,3123965,qlever-server-d,R,220,0,2209520031,22475095,163,12,0
4924408886655382,0,__system__,-,1024719114,7867684257,0,0,0,-1,-
4924408906647081,3122254,qlever-server-d,S,991,1709,27010922485,9287664,1206,9,futex_do_wait
4924408906647081,3122258,qlever-server-d,S,0,0,4281353,817031,36,4,futex_do_wait
4924408906647081,3122806,qlever-server-d,R,3000,8,30091824209,12367447,305,8,0
4924408906647081,3122807,qlever-server-d,S,0,0,10120,0,1,1,futex_do_wait
4924408906647081,3122808,qlever-server-d,S,0,0,93120,0,4,9,ep_poll
4924408906647081,3122809,qlever-server-d,S,0,0,414310,214341,8,0,futex_do_wait
4924408906647081,3122810,qlever-server-d,S,5,29,347644941,100216828,2398,6,ep_poll
4924408906647081,3122811,qlever-server-d,S,5,28,338933307,93254677,2479,14,futex_do_wait
4924408906647081,3123964,qlever-server-d,S,0,0,2409461,6441914,75,5,futex_do_wait
4924408906647081,3123965,qlever-server-d,R,222,0,2229456382,22475095,163,12,0
4924408906647081,0,__system__,-,1024719134,7867684288,0,0,0,-1,-
4924408926638370,3122254,qlever-server-d,S,991,1709,27010922485,9287664,1206,9,futex_do_wait
4924408926638370,3122258,qlever-server-d,S,0,0,4281353,817031,36,4,futex_do_wait
4924408926638370,3122806,qlever-server-d,R,3002,8,30111412180,12367447,305,8,0
4924408926638370,3122807,qlever-server-d,S,0,0,10120,0,1,1,futex_do_wait
4924408926638370,3122808,qlever-server-d,S,0,0,93120,0,4,9,ep_poll
4924408926638370,3122809,qlever-server-d,S,0,0,414310,214341,8,0,futex_do_wait
4924408926638370,3122810,qlever-server-d,S,5,29,347684701,100216828,2400,6,ep_poll
4924408926638370,3122811,qlever-server-d,S,5,28,339297927,93254677,2480,14,futex_do_wait
4924408926638370,3123964,qlever-server-d,S,0,0,2409461,6441914,75,5,futex_do_wait
4924408926638370,3123965,qlever-server-d,R,224,0,2249456473,22475095,163,12,0
4924408926638370,0,__system__,-,1024719154,7867684319,0,0,0,-1,-
4924408946640808,3122254,qlever-server-d,S,991,1709,27010922485,9287664,1206,9,futex_do_wait
4924408946640808,3122258,qlever-server-d,S,0,0,4281353,817031,36,4,futex_do_wait
4924408946640808,3122806,qlever-server-d,R,3004,8,30131412841,12367447,305,8,0
4924408946640808,3122807,qlever-server-d,S,0,0,10120,0,1,1,futex_do_wait
4924408946640808,3122808,qlever-server-d,S,0,0,93120,0,4,9,ep_poll
4924408946640808,3122809,qlever-server-d,S,0,0,414310,214341,8,0,futex_do_wait
4924408946640808,3122810,qlever-server-d,S,5,29,347718911,100216828,2402,6,ep_poll
4924408946640808,3122811,qlever-server-d,S,5,28,339682727,93254677,2481,7,futex_do_wait
4924408946640808,3123964,qlever-server-d,S,0,0,2409461,6441914,75,5,futex_do_wait
4924408946640808,3123965,qlever-server-d,R,226,0,2269457494,22475095,163,12,0
4924408946640808,0,__system__,-,1024719175,7867684351,0,0,0,-1,-
4924408966626657,3122254,qlever-server-d,S,991,1709,27010922485,9287664,1206,9,futex_do_wait
4924408966626657,3122258,qlever-server-d,S,0,0,4281353,817031,36,4,futex_do_wait
4924408966626657,3122806,qlever-server-d,R,3006,8,30151371302,12408487,306,8,0
4924408966626657,3122807,qlever-server-d,S,0,0,10120,0,1,1,futex_do_wait
4924408966626657,3122808,qlever-server-d,S,0,0,93120,0,4,9,ep_poll
4924408966626657,3122809,qlever-server-d,S,0,0,414310,214341,8,0,futex_do_wait
4924408966626657,3122810,qlever-server-d,S,5,29,347772951,100216828,2404,4,ep_poll
4924408966626657,3122811,qlever-server-d,S,5,28,340047448,93254677,2482,7,futex_do_wait
4924408966626657,3123964,qlever-server-d,S,0,0,2449691,6441914,76,5,futex_do_wait
4924408966626657,3123965,qlever-server-d,R,228,0,2289457215,22475095,163,12,0
4924408966626657,0,__system__,-,1024719198,7867684384,0,0,0,-1,-
4924408986628216,3122254,qlever-server-d,S,991,1709,27010922485,9287664,1206,9,futex_do_wait
4924408986628216,3122258,qlever-server-d,S,0,0,4281353,817031,36,4,futex_do_wait
4924408986628216,3122806,qlever-server-d,R,3008,8,30171697003,12408487,306,8,0
4924408986628216,3122807,qlever-server-d,S,0,0,10120,0,1,1,futex_do_wait
4924408986628216,3122808,qlever-server-d,S,0,0,93120,0,4,9,ep_poll
4924408986628216,3122809,qlever-server-d,S,0,0,414310,214341,8,0,futex_do_wait
4924408986628216,3122810,qlever-server-d,S,5,29,347835211,100216828,2407,4,ep_poll
4924408986628216,3122811,qlever-server-d,S,5,28,340520478,93254677,2484,7,futex_do_wait
4924408986628216,3123964,qlever-server-d,S,0,0,2449691,6441914,76,5,futex_do_wait
4924408986628216,3123965,qlever-server-d,R,230,0,2309457167,22475095,163,12,0
4924408986628216,0,__system__,-,1024719218,7867684415,0,0,0,-1,-
4924409006629094,3122254,qlever-server-d,S,991,1709,27010922485,9287664,1206,9,futex_do_wait
4924409006629094,3122258,qlever-server-d,S,0,0,4281353,817031,36,4,futex_do_wait
4924409006629094,3122806,qlever-server-d,R,3010,8,30191371044,12408487,306,8,0
4924409006629094,3122807,qlever-server-d,S,0,0,10120,0,1,1,futex_do_wait
4924409006629094,3122808,qlever-server-d,S,0,0,93120,0,4,9,ep_poll
4924409006629094,3122809,qlever-server-d,S,0,0,414310,214341,8,0,futex_do_wait
4924409006629094,3122810,qlever-server-d,S,5,29,347876941,100216828,2409,4,ep_poll
4924409006629094,3122811,qlever-server-d,S,5,28,340866618,93254677,2485,7,futex_do_wait
4924409006629094,3123964,qlever-server-d,S,0,0,2491581,6441914,77,5,futex_do_wait
4924409006629094,3123965,qlever-server-d,R,232,0,2329457308,22475095,163,12,0
4924409006629094,0,__system__,-,1024719238,7867684447,0,0,0,-1,-
4924409026632123,3122254,qlever-server-d,S,991,1709,27010922485,9287664,1206,9,futex_do_wait
4924409026632123,3122258,qlever-server-d,S,0,0,4281353,817031,36,4,futex_do_wait
4924409026632123,3122806,qlever-server-d,R,3012,8,30211371525,12408487,306,8,0
4924409026632123,3122807,qlever-server-d,S,0,0,10120,0,1,1,futex_do_wait
4924409026632123,3122808,qlever-server-d,S,0,0,93120,0,4,9,ep_poll
4924409026632123,3122809,qlever-server-d,S,0,0,414310,214341,8,0,futex_do_wait
4924409026632123,3122810,qlever-server-d,S,5,29,347916561,100216828,2411,4,ep_poll
4924409026632123,3122811,qlever-server-d,S,5,28,341201418,93254677,2486,7,futex_do_wait
4924409026632123,3123964,qlever-server-d,S,0,0,2491581,6441914,77,5,futex_do_wait
4924409026632123,3123965,qlever-server-d,R,234,0,2349457089,22475095,163,12,0
4924409026632123,0,__system__,-,1024719259,7867684479,0,0,0,-1,-
4924409046629652,3122254,qlever-server-d,S,991,1709,27010922485,9287664,1206,9,futex_do_wait
4924409046629652,3122258,qlever-server-d,S,0,0,4281353,817031,36,4,futex_do_wait
4924409046629652,3122806,qlever-server-d,R,3014,8,30231371836,12408487,306,8,0
4924409046629652,3122807,qlever-server-d,S,0,0,10120,0,1,1,futex_do_wait
4924409046629652,3122808,qlever-server-d,S,0,0,93120,0,4,9,ep_poll
4924409046629652,3122809,qlever-server-d,S,0,0,414310,214341,8,0,futex_do_wait
4924409046629652,3122810,qlever-server-d,S,5,29,347994181,100216828,2415,4,ep_poll
4924409046629652,3122811,qlever-server-d,S,5,28,341740210,93254677,2488,7,futex_do_wait
4924409046629652,3123964,qlever-server-d,S,0,0,2491581,6441914,77,5,futex_do_wait
4924409046629652,3123965,qlever-server-d,R,236,0,2369457060,22475095,163,12,0
4924409046629652,0,__system__,-,1024719279,7867684511,0,0,0,-1,-
4924409066634710,3122254,qlever-server-d,S,991,1709,27010922485,9287664,1206,9,futex_do_wait
4924409066634710,3122258,qlever-server-d,S,0,0,4281353,817031,36,4,futex_do_wait
4924409066634710,3122806,qlever-server-d,R,3016,8,30251372957,12408487,306,8,0
4924409066634710,3122807,qlever-server-d,S,0,0,10120,0,1,1,futex_do_wait
4924409066634710,3122808,qlever-server-d,S,0,0,93120,0,4,9,ep_poll
4924409066634710,3122809,qlever-server-d,S,0,0,414310,214341,8,0,futex_do_wait
4924409066634710,3122810,qlever-server-d,S,5,29,348042261,100216828,2417,4,ep_poll
4924409066634710,3122811,qlever-server-d,S,5,28,342097001,93254677,2489,7,futex_do_wait
4924409066634710,3123964,qlever-server-d,S,0,0,2527241,6441914,78,5,futex_do_wait
4924409066634710,3123965,qlever-server-d,R,238,0,2389457331,22475095,163,12,0
4924409066634710,0,__system__,-,1024719300,7867684543,0,0,0,-1,-
4924409086634149,3122254,qlever-server-d,S,991,1709,27010922485,9287664,1206,9,futex_do_wait
4924409086634149,3122258,qlever-server-d,S,0,0,4281353,817031,36,4,futex_do_wait
4924409086634149,3122806,qlever-server-d,R,3018,8,30271371339,12408487,306,8,0
4924409086634149,3122807,qlever-server-d,S,0,0,10120,0,1,1,futex_do_wait
4924409086634149,3122808,qlever-server-d,S,0,0,93120,0,4,9,ep_poll
4924409086634149,3122809,qlever-server-d,S,0,0,414310,214341,8,0,futex_do_wait
4924409086634149,3122810,qlever-server-d,S,5,29,348071561,100216828,2418,4,ep_poll
4924409086634149,3122811,qlever-server-d,S,5,28,342324091,93254677,2490,7,futex_do_wait
4924409086634149,3123964,qlever-server-d,S,0,0,2527241,6441914,78,5,futex_do_wait
4924409086634149,3123965,qlever-server-d,R,240,0,2409457962,22475095,163,12,0
4924409086634149,0,__system__,-,1024719322,7867684575,0,0,0,-1,-
4924409106625598,3122254,qlever-server-d,S,991,1709,27010922485,9287664,1206,9,futex_do_wait
4924409106625598,3122258,qlever-server-d,S,0,0,4281353,817031,36,4,futex_do_wait
4924409106625598,3122806,qlever-server-d,R,3020,8,30291370540,12408487,306,8,0
4924409106625598,3122807,qlever-server-d,S,0,0,10120,0,1,1,futex_do_wait
4924409106625598,3122808,qlever-server-d,S,0,0,93120,0,4,9,ep_poll
4924409106625598,3122809,qlever-server-d,S,0,0,414310,214341,8,0,futex_do_wait
4924409106625598,3122810,qlever-server-d,S,5,29,348109171,100216828,2420,4,ep_poll
4924409106625598,3122811,qlever-server-d,S,5,28,342706801,93254677,2491,7,futex_do_wait
4924409106625598,3123964,qlever-server-d,S,0,0,2562341,6441914,79,5,futex_do_wait
4924409106625598,3123965,qlever-server-d,R,242,0,2429438273,22494805,164,12,0
4924409106625598,0,__system__,-,1024719342,7867684606,0,0,0,-1,-
4924409126636447,3122254,qlever-server-d,S,991,1709,27010922485,9287664,1206,9,futex_do_wait
4924409126636447,3122258,qlever-server-d,S,0,0,4281353,817031,36,4,futex_do_wait
4924409126636447,3122806,qlever-server-d,R,3022,8,30311371281,12408487,306,8,0
4924409126636447,3122807,qlever-server-d,S,0,0,10120,0,1,1,futex_do_wait
4924409126636447,3122808,qlever-server-d,S,0,0,93120,0,4,9,ep_poll
4924409126636447,3122809,qlever-server-d,S,0,0,414310,214341,8,0,futex_do_wait
4924409126636447,3122810,qlever-server-d,S,5,29,348146591,100216828,2422,7,ep_poll
4924409126636447,3122811,qlever-server-d,S,5,28,343064901,93254677,2492,4,futex_do_wait
4924409126636447,3123964,qlever-server-d,S,0,0,2562341,6441914,79,5,futex_do_wait
4924409126636447,3123965,qlever-server-d,R,244,0,2449440014,22494805,164,12,0
4924409126636447,0,__system__,-,1024719363,7867684639,0,0,0,-1,-
4924409146638205,3122254,qlever-server-d,S,991,1709,27010922485,9287664,1206,9,futex_do_wait
4924409146638205,3122258,qlever-server-d,S,0,0,4281353,817031,36,4,futex_do_wait
4924409146638205,3122806,qlever-server-d,R,3024,8,30331371572,12408487,306,8,0
4924409146638205,3122807,qlever-server-d,S,0,0,10120,0,1,1,futex_do_wait
4924409146638205,3122808,qlever-server-d,S,0,0,93120,0,4,9,ep_poll
4924409146638205,3122809,qlever-server-d,S,0,0,414310,214341,8,0,futex_do_wait
4924409146638205,3122810,qlever-server-d,S,5,29,348178931,100230818,2424,7,ep_poll
4924409146638205,3122811,qlever-server-d,S,5,29,343461081,93254677,2493,4,futex_do_wait
4924409146638205,3123964,qlever-server-d,S,0,0,2562341,6441914,79,5,futex_do_wait
4924409146638205,3123965,qlever-server-d,R,246,0,2469439845,22494805,164,12,0
4924409146638205,0,__system__,-,1024719383,7867684670,0,0,0,-1,-
4924409166641314,3122254,qlever-server-d,S,991,1709,27010922485,9287664,1206,9,futex_do_wait
4924409166641314,3122258,qlever-server-d,S,0,0,4281353,817031,36,4,futex_do_wait
4924409166641314,3122806,qlever-server-d,R,3026,8,30351353363,12427747,307,8,0
4924409166641314,3122807,qlever-server-d,S,0,0,10120,0,1,1,futex_do_wait
4924409166641314,3122808,qlever-server-d,S,0,0,93120,0,4,9,ep_poll
4924409166641314,3122809,qlever-server-d,S,0,0,414310,214341,8,0,futex_do_wait
4924409166641314,3122810,qlever-server-d,S,5,29,348210671,100266168,2426,7,ep_poll
4924409166641314,3122811,qlever-server-d,S,5,29,343848771,93254677,2494,4,futex_do_wait
4924409166641314,3123964,qlever-server-d,S,0,0,2597141,6441914,80,6,futex_do_wait
4924409166641314,3123965,qlever-server-d,R,248,0,2489438957,22494805,164,12,0
4924409166641314,0,__system__,-,1024719403,7867684701,0,0,0,-1,-
4924409186645783,3122254,qlever-server-d,S,991,1709,27010922485,9287664,1206,9,futex_do_wait
4924409186645783,3122258,qlever-server-d,S,0,0,4281353,817031,36,4,futex_do_wait
4924409186645783,3122806,qlever-server-d,R,3028,8,30371353514,12427747,307,8,0
4924409186645783,3122807,qlever-server-d,S,0,0,10120,0,1,1,futex_do_wait
4924409186645783,3122808,qlever-server-d,S,0,0,93120,0,4,9,ep_poll
4924409186645783,3122809,qlever-server-d,S,0,0,414310,214341,8,0,futex_do_wait
4924409186645783,3122810,qlever-server-d,S,5,29,348295342,100266168,2430,5,ep_poll
4924409186645783,3122811,qlever-server-d,S,5,29,344620952,93254677,2496,4,futex_do_wait
4924409186645783,3123964,qlever-server-d,S,0,0,2597141,6441914,80,6,futex_do_wait
4924409186645783,3123965,qlever-server-d,R,250,0,2509439438,22494805,164,12,0
4924409186645783,0,__system__,-,1024719426,7867684735,0,0,0,-1,-
4924409206639031,3122254,qlever-server-d,S,991,1709,27010922485,9287664,1206,9,futex_do_wait
4924409206639031,3122258,qlever-server-d,S,0,0,4281353,817031,36,4,futex_do_wait
4924409206639031,3122806,qlever-server-d,R,3030,8,30391354765,12427747,307,8,0
4924409206639031,3122807,qlever-server-d,S,0,0,10120,0,1,1,futex_do_wait
4924409206639031,3122808,qlever-server-d,S,0,0,93120,0,4,9,ep_poll
4924409206639031,3122809,qlever-server-d,S,0,0,414310,214341,8,0,futex_do_wait
4924409206639031,3122810,qlever-server-d,S,5,29,348330002,100661998,2431,4,ep_poll
4924409206639031,3122811,qlever-server-d,S,5,29,344990102,93254677,2497,7,futex_do_wait
4924409206639031,3123964,qlever-server-d,S,0,0,2636331,6441914,81,6,futex_do_wait
4924409206639031,3123965,qlever-server-d,R,252,0,2529440079,22494805,164,12,0
4924409206639031,0,__system__,-,1024719447,7867684765,0,0,0,-1,-
4924409226628640,3122254,qlever-server-d,S,991,1709,27010922485,9287664,1206,9,futex_do_wait
4924409226628640,3122258,qlever-server-d,S,0,0,4281353,817031,36,4,futex_do_wait
4924409226628640,3122806,qlever-server-d,R,3032,8,30411353476,12427747,307,8,0
4924409226628640,3122807,qlever-server-d,S,0,0,10120,0,1,1,futex_do_wait
4924409226628640,3122808,qlever-server-d,S,0,0,93120,0,4,9,ep_poll
4924409226628640,3122809,qlever-server-d,S,0,0,414310,214341,8,0,futex_do_wait
4924409226628640,3122810,qlever-server-d,S,5,29,348361102,100752068,2433,4,ep_poll
4924409226628640,3122811,qlever-server-d,S,5,29,345341932,93254677,2498,7,futex_do_wait
4924409226628640,3123964,qlever-server-d,S,0,0,2636331,6441914,81,6,futex_do_wait
4924409226628640,3123965,qlever-server-d,R,254,0,2549439900,22494805,164,12,0
4924409226628640,0,__system__,-,1024719467,7867684795,0,0,0,-1,-
4924409246633649,3122254,qlever-server-d,S,991,1709,27010922485,9287664,1206,9,futex_do_wait
4924409246633649,3122258,qlever-server-d,S,0,0,4281353,817031,36,4,futex_do_wait
4924409246633649,3122806,qlever-server-d,R,3034,8,30431354487,12427747,307,8,0
4924409246633649,3122807,qlever-server-d,S,0,0,10120,0,1,1,futex_do_wait
4924409246633649,3122808,qlever-server-d,S,0,0,93120,0,4,9,ep_poll
4924409246633649,3122809,qlever-server-d,S,0,0,414310,214341,8,0,futex_do_wait
4924409246633649,3122810,qlever-server-d,S,5,29,348387912,100752068,2434,14,ep_poll
4924409246633649,3122811,qlever-server-d,S,5,29,345533242,93254677,2499,7,futex_do_wait
4924409246633649,3123964,qlever-server-d,S,0,0,2636331,6441914,81,6,futex_do_wait
4924409246633649,3123965,qlever-server-d,R,256,0,2569439281,22494805,164,12,0
4924409246633649,0,__system__,-,1024719488,7867684828,0,0,0,-1,-
4924409266654467,3122254,qlever-server-d,S,991,1709,27010922485,9287664,1206,9,futex_do_wait
4924409266654467,3122258,qlever-server-d,S,0,0,4281353,817031,36,4,futex_do_wait
4924409266654467,3122806,qlever-server-d,R,3036,8,30451353969,12427747,307,8,0
4924409266654467,3122807,qlever-server-d,S,0,0,10120,0,1,1,futex_do_wait
4924409266654467,3122808,qlever-server-d,S,0,0,93120,0,4,9,ep_poll
4924409266654467,3122809,qlever-server-d,S,0,0,414310,214341,8,0,futex_do_wait
4924409266654467,3122810,qlever-server-d,S,5,29,348426432,100752068,2436,15,ep_poll
4924409266654467,3122811,qlever-server-d,S,5,29,345918132,93254677,2500,4,futex_do_wait
4924409266654467,3123964,qlever-server-d,S,0,0,2666811,6441914,82,7,futex_do_wait
4924409266654467,3123965,qlever-server-d,R,258,0,2589439452,22494805,164,12,0
4924409266654467,0,__system__,-,1024719509,7867684861,0,0,0,-1,-
4924409286646946,3122254,qlever-server-d,S,991,1709,27010922485,9287664,1206,9,futex_do_wait
4924409286646946,3122258,qlever-server-d,S,0,0,4281353,817031,36,4,futex_do_wait
4924409286646946,3122806,qlever-server-d,R,3038,8,30471353870,12427747,307,8,0
4924409286646946,3122807,qlever-server-d,S,0,0,10120,0,1,1,futex_do_wait
4924409286646946,3122808,qlever-server-d,S,0,0,93120,0,4,9,ep_poll
4924409286646946,3122809,qlever-server-d,S,0,0,414310,214341,8,0,futex_do_wait
4924409286646946,3122810,qlever-server-d,S,5,29,348474152,100752068,2438,7,ep_poll
4924409286646946,3122811,qlever-server-d,S,5,29,346297762,93254677,2501,4,futex_do_wait
4924409286646946,3123964,qlever-server-d,S,0,0,2666811,6441914,82,7,futex_do_wait
4924409286646946,3123965,qlever-server-d,R,260,0,2609442693,22494805,164,12,0
4924409286646946,0,__system__,-,1024719529,7867684892,0,0,0,-1,-
4924409306637585,3122254,qlever-server-d,S,991,1709,27010922485,9287664,1206,9,futex_do_wait
4924409306637585,3122258,qlever-server-d,S,0,0,4281353,817031,36,4,futex_do_wait
4924409306637585,3122806,qlever-server-d,R,3040,8,30491354881,12427747,307,8,0
4924409306637585,3122807,qlever-server-d,S,0,0,10120,0,1,1,futex_do_wait
4924409306637585,3122808,qlever-server-d,S,0,0,93120,0,4,9,ep_poll
4924409306637585,3122809,qlever-server-d,S,0,0,414310,214341,8,0,futex_do_wait
4924409306637585,3122810,qlever-server-d,S,5,29,348564092,100752068,2442,7,ep_poll
4924409306637585,3122811,qlever-server-d,S,5,29,347037352,93254677,2503,4,futex_do_wait
4924409306637585,3123964,qlever-server-d,S,0,0,2699231,6441914,83,6,futex_do_wait
4924409306637585,3123965,qlever-server-d,R,262,0,2629440054,22494805,164,12,0
4924409306637585,0,__system__,-,1024719551,7867684925,0,0,0,-1,-
4924409326885612,3122254,qlever-server-d,S,991,1709,27010922485,9287664,1206,9,futex_do_wait
4924409326885612,3122258,qlever-server-d,S,0,0,4281353,817031,36,4,futex_do_wait
4924409326885612,3122806,qlever-server-d,R,3043,8,30512353002,12427747,307,8,0
4924409326885612,3122807,qlever-server-d,S,0,0,10120,0,1,1,futex_do_wait
4924409326885612,3122808,qlever-server-d,S,0,0,93120,0,4,9,ep_poll
4924409326885612,3122809,qlever-server-d,S,0,0,414310,214341,8,0,futex_do_wait
4924409326885612,3122810,qlever-server-d,S,5,29,348583782,101098128,2443,4,ep_poll
4924409326885612,3122811,qlever-server-d,S,5,29,347367902,93254677,2504,4,futex_do_wait
4924409326885612,3123964,qlever-server-d,S,0,0,2699231,6441914,83,6,futex_do_wait
4924409326885612,3123965,qlever-server-d,R,264,0,2649408265,22527075,165,12,0
4924409326885612,0,__system__,-,1024719572,7867684956,0,0,0,-1,-
4924409346634282,3122254,qlever-server-d,S,991,1709,27010922485,9287664,1206,9,futex_do_wait
4924409346634282,3122258,qlever-server-d,S,0,0,4281353,817031,36,4,futex_do_wait
4924409346634282,3122806,qlever-server-d,R,3044,8,30531355363,12427747,307,8,0
4924409346634282,3122807,qlever-server-d,S,0,0,10120,0,1,1,futex_do_wait
4924409346634282,3122808,qlever-server-d,S,0,0,93120,0,4,9,ep_poll
4924409346634282,3122809,qlever-server-d,S,0,0,414310,214341,8,0,futex_do_wait
4924409346634282,3122810,qlever-server-d,S,5,29,348639182,101102688,2446,14,ep_poll
4924409346634282,3122811,qlever-server-d,S,5,29,347764362,93276897,2506,4,futex_do_wait
4924409346634282,3123964,qlever-server-d,S,0,0,2699231,6441914,83,6,futex_do_wait
4924409346634282,3123965,qlever-server-d,R,266,0,2669375987,22559155,166,12,0
4924409346634282,0,__system__,-,1024719594,7867684988,0,0,0,-1,-
4924409366629641,3122254,qlever-server-d,S,991,1709,27010922485,9287664,1206,9,futex_do_wait
4924409366629641,3122258,qlever-server-d,S,0,0,4281353,817031,36,4,futex_do_wait
4924409366629641,3122806,qlever-server-d,R,3046,8,30551354064,12427747,307,8,0
4924409366629641,3122807,qlever-server-d,S,0,0,10120,0,1,1,futex_do_wait
4924409366629641,3122808,qlever-server-d,S,0,0,93120,0,4,9,ep_poll
4924409366629641,3122809,qlever-server-d,S,0,0,414310,214341,8,0,futex_do_wait
4924409366629641,3122810,qlever-server-d,S,5,29,348679572,101102688,2448,6,ep_poll
4924409366629641,3122811,qlever-server-d,S,5,29,348181122,93276897,2507,4,futex_do_wait
4924409366629641,3123964,qlever-server-d,S,0,0,2731151,6441914,84,7,futex_do_wait
4924409366629641,3123965,qlever-server-d,R,268,0,2689377728,22559155,166,12,0
4924409366629641,0,__system__,-,1024719614,7867685019,0,0,0,-1,-
4924409386631260,3122254,qlever-server-d,S,991,1709,27010922485,9287664,1206,9,futex_do_wait
4924409386631260,3122258,qlever-server-d,S,0,0,4281353,817031,36,4,futex_do_wait
4924409386631260,3122806,qlever-server-d,R,3048,8,30571354205,12427747,307,8,0
4924409386631260,3122807,qlever-server-d,S,0,0,10120,0,1,1,futex_do_wait
4924409386631260,3122808,qlever-server-d,S,0,0,93120,0,4,9,ep_poll
4924409386631260,3122809,qlever-server-d,S,0,0,414310,214341,8,0,futex_do_wait
4924409386631260,3122810,qlever-server-d,S,5,29,348708642,102100198,2449,6,ep_poll
4924409386631260,3122811,qlever-server-d,S,5,29,348564662,93276897,2508,5,futex_do_wait
4924409386631260,3123964,qlever-server-d,S,0,0,2731151,6441914,84,7,futex_do_wait
4924409386631260,3123965,qlever-server-d,R,270,0,2709377209,22559155,166,12,0
4924409386631260,0,__system__,-,1024719635,7867685052,0,0,0,-1,-
4924409406648408,3122254,qlever-server-d,S,991,1709,27010922485,9287664,1206,9,futex_do_wait
4924409406648408,3122258,qlever-server-d,S,0,0,4281353,817031,36,4,futex_do_wait
4924409406648408,3122806,qlever-server-d,R,3050,8,30591354626,12427747,307,8,0
4924409406648408,3122807,qlever-server-d,S,0,0,10120,0,1,1,futex_do_wait
4924409406648408,3122808,qlever-server-d,S,0,0,93120,0,4,9,ep_poll
4924409406648408,3122809,qlever-server-d,S,0,0,414310,214341,8,0,futex_do_wait
4924409406648408,3122810,qlever-server-d,S,5,29,348749252,102109668,2451,15,ep_poll
4924409406648408,3122811,qlever-server-d,S,5,29,348976192,93276897,2509,5,futex_do_wait
4924409406648408,3123964,qlever-server-d,S,0,0,2764251,7091364,85,7,futex_do_wait
4924409406648408,3123965,qlever-server-d,R,272,0,2729379020,22559155,166,12,0
4924409406648408,0,__system__,-,1024719655,7867685082,0,0,0,-1,-
4924409426632477,3122254,qlever-server-d,S,991,1709,27010922485,9287664,1206,9,futex_do_wait
4924409426632477,3122258,qlever-server-d,S,0,0,4281353,817031,36,4,futex_do_wait
4924409426632477,3122806,qlever-server-d,R,3052,8,30611355688,12427747,307,8,0
4924409426632477,3122807,qlever-server-d,S,0,0,10120,0,1,1,futex_do_wait
4924409426632477,3122808,qlever-server-d,S,0,0,93120,0,4,9,ep_poll
4924409426632477,3122809,qlever-server-d,S,0,0,414310,214341,8,0,futex_do_wait
4924409426632477,3122810,qlever-server-d,S,5,29,348786642,102109668,2453,12,ep_poll
4924409426632477,3122811,qlever-server-d,S,5,29,349449532,93276897,2510,5,futex_do_wait
4924409426632477,3123964,qlever-server-d,S,0,0,2764251,7091364,85,7,futex_do_wait
4924409426632477,3123965,qlever-server-d,R,274,0,2749356351,22577405,167,2,0
4924409426632477,0,__system__,-,1024719676,7867685115,0,0,0,-1,-
4924409446641616,3122254,qlever-server-d,S,991,1709,27010922485,9287664,1206,9,futex_do_wait
4924409446641616,3122258,qlever-server-d,S,0,0,4281353,817031,36,4,futex_do_wait
4924409446641616,3122806,qlever-server-d,R,3054,8,30631336509,12427747,308,8,0
4924409446641616,3122807,qlever-server-d,S,0,0,10120,0,1,1,futex_do_wait
4924409446641616,3122808,qlever-server-d,S,0,0,93120,0,4,9,ep_poll
4924409446641616,3122809,qlever-server-d,S,0,0,414310,214341,8,0,futex_do_wait
4924409446641616,3122810,qlever-server-d,S,5,29,348807242,102109668,2454,12,ep_poll
4924409446641616,3122811,qlever-server-d,S,5,29,349727592,93276897,2511,5,futex_do_wait
4924409446641616,3123964,qlever-server-d,S,0,0,2764251,7091364,85,7,futex_do_wait
4924409446641616,3123965,qlever-server-d,R,276,0,2769331162,22602185,168,2,0
4924409446641616,0,__system__,-,1024719698,7867685147,0,0,0,-1,-
4924409466643465,3122254,qlever-server-d,S,991,1709,27010922485,9287664,1206,9,futex_do_wait
4924409466643465,3122258,qlever-server-d,S,0,0,4281353,817031,36,4,futex_do_wait
4924409466643465,3122806,qlever-server-d,R,3056,8,30651335960,12427747,308,8,0
4924409466643465,3122807,qlever-server-d,S,0,0,10120,0,1,1,futex_do_wait
4924409466643465,3122808,qlever-server-d,S,0,0,93120,0,4,9,ep_poll
4924409466643465,3122809,qlever-server-d,S,0,0,414310,214341,8,0,futex_do_wait
4924409466643465,3122810,qlever-server-d,S,5,29,349059612,102109668,2456,12,futex_do_wait
4924409466643465,3122811,qlever-server-d,S,5,29,350253812,93288767,2514,14,ep_poll
4924409466643465,3123964,qlever-server-d,S,0,0,2804591,7091364,86,15,futex_do_wait
4924409466643465,3123965,qlever-server-d,R,278,0,2789331433,22602185,168,2,0
4924409466643465,0,__system__,-,1024719720,7867685179,0,0,0,-1,-
4924409486637653,3122254,qlever-server-d,S,991,1709,27010922485,9287664,1206,9,futex_do_wait
4924409486637653,3122258,qlever-server-d,S,0,0,4281353,817031,36,4,futex_do_wait
4924409486637653,3122806,qlever-server-d,R,3058,8,30671336611,12427747,308,8,0
4924409486637653,3122807,qlever-server-d,S,0,0,10120,0,1,1,futex_do_wait
4924409486637653,3122808,qlever-server-d,S,0,0,93120,0,4,9,ep_poll
4924409486637653,3122809,qlever-server-d,S,0,0,414310,214341,8,0,futex_do_wait
4924409486637653,3122810,qlever-server-d,S,5,29,349445962,102109668,2457,15,futex_do_wait
4924409486637653,3122811,qlever-server-d,S,5,29,350298332,93288767,2516,5,ep_poll
4924409486637653,3123964,qlever-server-d,S,0,0,2804591,7091364,86,15,futex_do_wait
4924409486637653,3123965,qlever-server-d,R,280,0,2809333284,22602185,168,2,0
4924409486637653,0,__system__,-,1024719740,7867685210,0,0,0,-1,-
4924409506642812,3122254,qlever-server-d,S,991,1709,27010922485,9287664,1206,9,futex_do_wait
4924409506642812,3122258,qlever-server-d,S,0,0,4281353,817031,36,4,futex_do_wait
4924409506642812,3122806,qlever-server-d,R,3060,8,30691764422,12427747,308,8,0
4924409506642812,3122807,qlever-server-d,S,0,0,10120,0,1,1,futex_do_wait
4924409506642812,3122808,qlever-server-d,S,0,0,93120,0,4,9,ep_poll
4924409506642812,3122809,qlever-server-d,S,0,0,414310,214341,8,0,futex_do_wait
4924409506642812,3122810,qlever-server-d,S,5,29,349731562,102109668,2458,15,futex_do_wait
4924409506642812,3122811,qlever-server-d,S,5,29,350322972,93288767,2517,14,ep_poll
4924409506642812,3123964,qlever-server-d,S,0,0,2837621,7091364,87,5,futex_do_wait
4924409506642812,3123965,qlever-server-d,R,282,0,2829332316,22602185,168,2,0
4924409506642812,0,__system__,-,1024719762,7867685243,0,0,0,-1,-
4924409526639351,3122254,qlever-server-d,S,991,1709,27010922485,9287664,1206,9,futex_do_wait
4924409526639351,3122258,qlever-server-d,S,0,0,4281353,817031,36,4,futex_do_wait
4924409526639351,3122806,qlever-server-d,R,3062,8,30711338543,12427747,308,8,0
4924409526639351,3122807,qlever-server-d,S,0,0,10120,0,1,1,futex_do_wait
4924409526639351,3122808,qlever-server-d,S,0,0,93120,0,4,9,ep_poll
4924409526639351,3122809,qlever-server-d,S,0,0,414310,214341,8,0,futex_do_wait
4924409526639351,3122810,qlever-server-d,S,5,29,350114972,102109668,2459,15,futex_do_wait
4924409526639351,3122811,qlever-server-d,S,5,29,350364672,93288767,2519,5,ep_poll
4924409526639351,3123964,qlever-server-d,S,0,0,2837621,7091364,87,5,futex_do_wait
4924409526639351,3123965,qlever-server-d,R,284,0,2849330907,22602185,168,2,0
4924409526639351,0,__system__,-,1024719782,7867685274,0,0,0,-1,-
4924409546640889,3122254,qlever-server-d,S,991,1709,27010922485,9287664,1206,9,futex_do_wait
4924409546640889,3122258,qlever-server-d,S,0,0,4281353,817031,36,4,futex_do_wait
4924409546640889,3122806,qlever-server-d,R,3064,8,30731337454,12427747,308,8,0
4924409546640889,3122807,qlever-server-d,S,0,0,10120,0,1,1,futex_do_wait
4924409546640889,3122808,qlever-server-d,S,0,0,93120,0,4,9,ep_poll
4924409546640889,3122809,qlever-server-d,S,0,0,414310,214341,8,0,futex_do_wait
4924409546640889,3122810,qlever-server-d,S,5,29,350542682,102109668,2460,15,futex_do_wait
4924409546640889,3122811,qlever-server-d,S,5,29,350405602,93288767,2521,13,ep_poll
4924409546640889,3123964,qlever-server-d,S,0,0,2837621,7091364,87,5,futex_do_wait
4924409546640889,3123965,qlever-server-d,R,286,0,2869331608,22602185,168,2,0
4924409546640889,0,__system__,-,1024719803,7867685306,0,0,0,-1,-
4924409566637688,3122254,qlever-server-d,S,991,1709,27010922485,9287664,1206,9,futex_do_wait
4924409566637688,3122258,qlever-server-d,S,0,0,4281353,817031,36,4,futex_do_wait
4924409566637688,3122806,qlever-server-d,R,3066,8,30751338455,12427747,308,8,0
4924409566637688,3122807,qlever-server-d,S,0,0,10120,0,1,1,futex_do_wait
4924409566637688,3122808,qlever-server-d,S,0,0,93120,0,4,9,ep_poll
4924409566637688,3122809,qlever-server-d,S,0,0,414310,214341,8,0,futex_do_wait
4924409566637688,3122810,qlever-server-d,S,5,29,350990752,102109668,2461,12,futex_do_wait
4924409566637688,3122811,qlever-server-d,S,5,29,350455152,93531357,2523,15,ep_poll
4924409566637688,3123964,qlever-server-d,S,0,0,2873911,7091364,88,15,futex_do_wait
4924409566637688,3123965,qlever-server-d,R,288,0,2889331609,22602185,168,2,0
4924409566637688,0,__system__,-,1024719824,7867685338,0,0,0,-1,-
4924409588075046,3122254,qlever-server-d,S,991,1709,27010922485,9287664,1206,9,futex_do_wait
4924409588075046,3122258,qlever-server-d,S,0,0,4281353,817031,36,4,futex_do_wait
4924409588075046,3122806,qlever-server-d,R,3069,8,30773337408,12427747,308,8,0
4924409588075046,3122807,qlever-server-d,S,0,0,10120,0,1,1,futex_do_wait
4924409588075046,3122808,qlever-server-d,S,0,0,93120,0,4,9,ep_poll
4924409588075046,3122809,qlever-server-d,S,0,0,414310,214341,8,0,futex_do_wait
4924409588075046,3122810,qlever-server-d,S,5,29,351359212,102303358,2462,12,futex_do_wait
4924409588075046,3122811,qlever-server-d,S,5,29,350492012,93615507,2525,15,ep_poll
4924409588075046,3123964,qlever-server-d,S,0,0,2873911,7091364,88,15,futex_do_wait
4924409588075046,3123965,qlever-server-d,R,290,0,2910305441,22622955,169,14,0
4924409588075046,0,__system__,-,1024719848,7867685372,0,0,0,-1,-
4924409606953453,3122254,qlever-server-d,S,991,1709,27010922485,9287664,1206,9,futex_do_wait
4924409606953453,3122258,qlever-server-d,S,0,0,4281353,817031,36,4,futex_do_wait
4924409606953453,3122806,qlever-server-d,R,3070,8,30792338138,12427747,308,8,0
4924409606953453,3122807,qlever-server-d,S,0,0,10120,0,1,1,futex_do_wait
4924409606953453,3122808,qlever-server-d,S,0,0,93120,0,4,9,ep_poll
4924409606953453,3122809,qlever-server-d,S,0,0,414310,214341,8,0,futex_do_wait
4924409606953453,3122810,qlever-server-d,S,5,29,351805392,102724798,2469,12,ep_poll
4924409606953453,3122811,qlever-server-d,S,5,29,350706002,93856957,2530,12,futex_do_wait
4924409606953453,3123964,qlever-server-d,S,0,0,2909451,7091364,89,12,futex_do_wait
4924409606953453,3123965,qlever-server-d,R,292,0,2929306151,22622955,169,14,0
4924409606953453,0,__system__,-,1024719867,7867685402,0,0,0,-1,-
4924409626631254,3122254,qlever-server-d,S,991,1709,27010922485,9287664,1206,9,futex_do_wait
4924409626631254,3122258,qlever-server-d,S,0,0,4281353,817031,36,4,futex_do_wait
4924409626631254,3122806,qlever-server-d,R,3072,8,30811338199,12427747,308,8,0
4924409626631254,3122807,qlever-server-d,S,0,0,10120,0,1,1,futex_do_wait
4924409626631254,3122808,qlever-server-d,S,0,0,93120,0,4,9,ep_poll
4924409626631254,3122809,qlever-server-d,S,0,0,414310,214341,8,0,futex_do_wait
4924409626631254,3122810,qlever-server-d,S,5,29,351847072,102729268,2471,4,ep_poll
4924409626631254,3122811,qlever-server-d,S,5,29,351074883,93856957,2531,15,futex_do_wait
4924409626631254,3123964,qlever-server-d,S,0,0,2909451,7091364,89,12,futex_do_wait
4924409626631254,3123965,qlever-server-d,R,294,0,2949306482,22622955,169,14,0
4924409626631254,0,__system__,-,1024719887,7867685433,0,0,0,-1,-
4924409646631753,3122254,qlever-server-d,S,991,1709,27010922485,9287664,1206,9,futex_do_wait
4924409646631753,3122258,qlever-server-d,S,0,0,4281353,817031,36,4,futex_do_wait
4924409646631753,3122806,qlever-server-d,R,3074,8,30831338540,12427747,308,8,0
4924409646631753,3122807,qlever-server-d,S,0,0,10120,0,1,1,futex_do_wait
4924409646631753,3122808,qlever-server-d,S,0,0,93120,0,4,9,ep_poll
4924409646631753,3122809,qlever-server-d,S,0,0,414310,214341,8,0,futex_do_wait
4924409646631753,3122810,qlever-server-d,S,5,29,351847072,102729268,2471,4,ep_poll
4924409646631753,3122811,qlever-server-d,S,5,29,351074883,93856957,2531,15,futex_do_wait
4924409646631753,3123964,qlever-server-d,S,0,0,2909451,7091364,89,12,futex_do_wait
4924409646631753,3123965,qlever-server-d,R,296,0,2969306233,22622955,169,14,0
4924409646631753,0,__system__,-,1024719907,7867685464,0,0,0,-1,-
4924409666656022,3122254,qlever-server-d,S,991,1709,27010922485,9287664,1206,9,futex_do_wait
4924409666656022,3122258,qlever-server-d,S,0,0,4281353,817031,36,4,futex_do_wait
4924409666656022,3122806,qlever-server-d,R,3076,8,30851338041,12427747,308,8,0
4924409666656022,3122807,qlever-server-d,S,0,0,10120,0,1,1,futex_do_wait
4924409666656022,3122808,qlever-server-d,S,0,0,93120,0,4,9,ep_poll
4924409666656022,3122809,qlever-server-d,S,0,0,414310,214341,8,0,futex_do_wait
4924409666656022,3122810,qlever-server-d,R,5,29,351890152,102729268,2473,5,0
4924409666656022,3122811,qlever-server-d,S,5,29,351823154,93856957,2533,12,futex_do_wait
4924409666656022,3123964,qlever-server-d,S,0,0,2932001,7091364,90,12,futex_do_wait
4924409666656022,3123965,qlever-server-d,R,298,0,2989285414,22640525,170,4,0
4924409666656022,0,__system__,-,1024719929,7867685496,0,0,0,-1,-
4924409686636120,3122254,qlever-server-d,S,991,1709,27010922485,9287664,1206,9,futex_do_wait
4924409686636120,3122258,qlever-server-d,S,0,0,4281353,817031,36,4,futex_do_wait
4924409686636120,3122806,qlever-server-d,R,3078,8,30871799302,12451027,309,8,0
4924409686636120,3122807,qlever-server-d,S,0,0,10120,0,1,1,futex_do_wait
4924409686636120,3122808,qlever-server-d,S,0,0,93120,0,4,9,ep_poll
4924409686636120,3122809,qlever-server-d,S,0,0,414310,214341,8,0,futex_do_wait
4924409686636120,3122810,qlever-server-d,R,5,29,351946822,103829299,2475,5,0
4924409686636120,3122811,qlever-server-d,S,5,29,352175525,93856957,2534,15,0
4924409686636120,3123964,qlever-server-d,S,0,0,2932001,7091364,90,12,futex_do_wait
4924409686636120,3123965,qlever-server-d,R,299,0,3008746946,23170205,171,7,0
4924409686636120,0,__system__,-,1024719952,7867685529,0,0,0,-1,-
4924409706649849,3122254,qlever-server-d,S,991,1709,27010922485,9287664,1206,9,futex_do_wait
4924409706649849,3122258,qlever-server-d,S,0,0,4281353,817031,36,4,futex_do_wait
4924409706649849,3122806,qlever-server-d,R,3080,8,30891315703,12451027,309,8,0
4924409706649849,3122807,qlever-server-d,S,0,0,10120,0,1,1,futex_do_wait
4924409706649849,3122808,qlever-server-d,S,0,0,93120,0,4,9,ep_poll
4924409706649849,3122809,qlever-server-d,S,0,0,414310,214341,8,0,futex_do_wait
4924409706649849,3122810,qlever-server-d,S,5,29,351963742,104732979,2476,5,ep_poll
4924409706649849,3122811,qlever-server-d,S,5,29,352175525,93856957,2534,15,futex_do_wait
4924409706649849,3123964,qlever-server-d,S,0,0,2971671,7091364,91,12,futex_do_wait
4924409706649849,3123965,qlever-server-d,R,301,0,3028730667,23183935,172,6,0
4924409706649849,0,__system__,-,1024719975,7867685559,0,0,0,-1,-
4924409726652908,3122254,qlever-server-d,S,991,1709,27010922485,9287664,1206,9,futex_do_wait
4924409726652908,3122258,qlever-server-d,S,0,0,4281353,817031,36,4,futex_do_wait
4924409726652908,3122806,qlever-server-d,R,3082,8,30911316634,12451027,309,8,0
4924409726652908,3122807,qlever-server-d,S,0,0,10120,0,1,1,futex_do_wait
4924409726652908,3122808,qlever-server-d,S,0,0,93120,0,4,9,ep_poll
4924409726652908,3122809,qlever-server-d,S,0,0,414310,214341,8,0,futex_do_wait
4924409726652908,3122810,qlever-server-d,S,5,29,351984992,104752539,2477,15,ep_poll
4924409726652908,3122811,qlever-server-d,S,5,29,352414545,93856957,2535,15,futex_do_wait
4924409726652908,3123964,qlever-server-d,S,0,0,2971671,7091364,91,12,futex_do_wait
4924409726652908,3123965,qlever-server-d,R,303,0,3048731128,23183935,172,6,0
4924409726652908,0,__system__,-,1024720000,7867685593,0,0,0,-1,-
4924409746648366,3122254,qlever-server-d,S,991,1709,27010922485,9287664,1206,9,futex_do_wait
4924409746648366,3122258,qlever-server-d,S,0,0,4281353,817031,36,4,futex_do_wait
4924409746648366,3122806,qlever-server-d,R,3084,8,30931454115,12451027,309,8,0
4924409746648366,3122807,qlever-server-d,S,0,0,10120,0,1,1,futex_do_wait
4924409746648366,3122808,qlever-server-d,S,0,0,93120,0,4,9,ep_poll
4924409746648366,3122809,qlever-server-d,S,0,0,414310,214341,8,0,futex_do_wait
4924409746648366,3122810,qlever-server-d,S,5,29,352023402,104752539,2479,12,ep_poll
4924409746648366,3122811,qlever-server-d,S,5,29,352792925,93856957,2536,15,futex_do_wait
4924409746648366,3123964,qlever-server-d,S,0,0,2971671,7091364,91,12,futex_do_wait
4924409746648366,3123965,qlever-server-d,R,305,0,3067112458,24809456,174,1,0
4924409746648366,0,__system__,-,1024720021,7867685624,0,0,0,-1,-
4924409766634165,3122254,qlever-server-d,S,991,1709,27010922485,9287664,1206,9,futex_do_wait
4924409766634165,3122258,qlever-server-d,S,0,0,4281353,817031,36,4,futex_do_wait
4924409766634165,3122806,qlever-server-d,R,3086,8,30951316146,12451027,309,8,0
4924409766634165,3122807,qlever-server-d,S,0,0,10120,0,1,1,futex_do_wait
4924409766634165,3122808,qlever-server-d,S,0,0,93120,0,4,9,ep_poll
4924409766634165,3122809,qlever-server-d,S,0,0,414310,214341,8,0,futex_do_wait
4924409766634165,3122810,qlever-server-d,S,5,29,352071272,104752539,2482,4,ep_poll
4924409766634165,3122811,qlever-server-d,S,5,29,353370255,93856957,2537,15,futex_do_wait
4924409766634165,3123964,qlever-server-d,S,0,0,3002381,7091364,92,15,futex_do_wait
4924409766634165,3123965,qlever-server-d,R,307,1,3087052539,24848326,176,13,0
4924409766634165,0,__system__,-,1024720042,7867685656,0,0,0,-1,-
4924409786633784,3122254,qlever-server-d,S,991,1709,27010922485,9287664,1206,9,futex_do_wait
4924409786633784,3122258,qlever-server-d,S,0,0,4281353,817031,36,4,futex_do_wait
4924409786633784,3122806,qlever-server-d,R,3088,8,30971316828,12451027,309,8,0
4924409786633784,3122807,qlever-server-d,S,0,0,10120,0,1,1,futex_do_wait
4924409786633784,3122808,qlever-server-d,S,0,0,93120,0,4,9,ep_poll
4924409786633784,3122809,qlever-server-d,S,0,0,414310,214341,8,0,futex_do_wait
4924409786633784,3122810,qlever-server-d,S,5,29,352095562,104919299,2483,12,ep_poll
4924409786633784,3122811,qlever-server-d,R,5,29,353809545,93856957,2539,15,0
4924409786633784,3123964,qlever-server-d,S,0,0,3002381,7091364,92,15,futex_do_wait
4924409786633784,3123965,qlever-server-d,R,309,1,3107066960,24848326,177,13,0
4924409786633784,0,__system__,-,1024720062,7867685688,0,0,0,-1,-
4924409806636053,3122254,qlever-server-d,S,991,1709,27010922485,9287664,1206,9,futex_do_wait
4924409806636053,3122258,qlever-server-d,S,0,0,4281353,817031,36,4,futex_do_wait
4924409806636053,3122806,qlever-server-d,R,3090,8,30991317439,12451027,309,8,0
4924409806636053,3122807,qlever-server-d,S,0,0,10120,0,1,1,futex_do_wait
4924409806636053,3122808,qlever-server-d,S,0,0,93120,0,4,9,ep_poll
4924409806636053,3122809,qlever-server-d,S,0,0,414310,214341,8,0,futex_do_wait
4924409806636053,3122810,qlever-server-d,S,5,29,352190712,104919299,2487,14,ep_poll
4924409806636053,3122811,qlever-server-d,S,5,29,354438965,93856957,2540,15,futex_do_wait
4924409806636053,3123964,qlever-server-d,S,0,0,3038551,7091364,93,15,futex_do_wait
4924409806636053,3123965,qlever-server-d,R,311,1,3127013181,24863156,178,5,0
4924409806636053,0,__system__,-,1024720083,7867685720,0,0,0,-1,-
4924409826643961,3122254,qlever-server-d,S,991,1709,27010922485,9287664,1206,9,futex_do_wait
4924409826643961,3122258,qlever-server-d,S,0,0,4281353,817031,36,4,futex_do_wait
4924409826643961,3122806,qlever-server-d,R,3092,8,31011263250,12504737,310,8,0
4924409826643961,3122807,qlever-server-d,S,0,0,10120,0,1,1,futex_do_wait
4924409826643961,3122808,qlever-server-d,S,0,0,93120,0,4,9,ep_poll
4924409826643961,3122809,qlever-server-d,S,0,0,414310,214341,8,0,futex_do_wait
4924409826643961,3122810,qlever-server-d,S,5,29,352236222,104919299,2488,14,ep_poll
4924409826643961,3122811,qlever-server-d,S,5,29,354671495,93856957,2541,15,futex_do_wait
4924409826643961,3123964,qlever-server-d,S,0,0,3038551,7091364,93,15,futex_do_wait
4924409826643961,3123965,qlever-server-d,R,313,1,3146973282,24897626,180,13,0
4924409826643961,0,__system__,-,1024720104,7867685751,0,0,0,-1,-
4924409846630740,3122254,qlever-server-d,S,991,1709,27010922485,9287664,1206,9,futex_do_wait
4924409846630740,3122258,qlever-server-d,S,0,0,4281353,817031,36,4,futex_do_wait
4924409846630740,3122806,qlever-server-d,R,3094,8,31031264231,12504737,310,8,0
4924409846630740,3122807,qlever-server-d,S,0,0,10120,0,1,1,futex_do_wait
4924409846630740,3122808,qlever-server-d,S,0,0,93120,0,4,9,ep_poll
4924409846630740,3122809,qlever-server-d,S,0,0,414310,214341,8,0,futex_do_wait
4924409846630740,3122810,qlever-server-d,S,5,29,352279322,104919299,2490,7,ep_poll
4924409846630740,3122811,qlever-server-d,S,5,29,355006025,93856957,2542,15,futex_do_wait
4924409846630740,3123964,qlever-server-d,S,0,0,3038551,7091364,93,15,futex_do_wait
4924409846630740,3123965,qlever-server-d,R,315,1,3166972963,24897626,180,13,0
4924409846630740,0,__system__,-,1024720125,7867685783,0,0,0,-1,-
4924409866644769,3122254,qlever-server-d,S,991,1709,27010922485,9287664,1206,9,futex_do_wait
4924409866644769,3122258,qlever-server-d,S,0,0,4281353,817031,36,4,futex_do_wait
4924409866644769,3122806,qlever-server-d,R,3096,8,31051263752,12504737,310,8,0
4924409866644769,3122807,qlever-server-d,S,0,0,10120,0,1,1,futex_do_wait
4924409866644769,3122808,qlever-server-d,S,0,0,93120,0,4,9,ep_poll
4924409866644769,3122809,qlever-server-d,S,0,0,414310,214341,8,0,futex_do_wait
4924409866644769,3122810,qlever-server-d,S,5,29,352318772,104919299,2492,7,ep_poll
4924409866644769,3122811,qlever-server-d,S,5,29,355331815,93856957,2543,15,futex_do_wait
4924409866644769,3123964,qlever-server-d,S,0,0,3074261,7091364,94,15,futex_do_wait
4924409866644769,3123965,qlever-server-d,R,317,1,3186973565,24897626,180,13,0
4924409866644769,0,__system__,-,1024720144,7867685813,0,0,0,-1,-
4924409886633198,3122254,qlever-server-d,S,991,1709,27010922485,9287664,1206,9,futex_do_wait
4924409886633198,3122258,qlever-server-d,S,0,0,4281353,817031,36,4,futex_do_wait
4924409886633198,3122806,qlever-server-d,R,3098,8,31071263803,12504737,310,8,0
4924409886633198,3122807,qlever-server-d,S,0,0,10120,0,1,1,futex_do_wait
4924409886633198,3122808,qlever-server-d,S,0,0,93120,0,4,9,ep_poll
4924409886633198,3122809,qlever-server-d,S,0,0,414310,214341,8,0,futex_do_wait
4924409886633198,3122810,qlever-server-d,S,5,29,352339752,105071379,2493,12,ep_poll
4924409886633198,3122811,qlever-server-d,S,5,30,355711965,93856957,2544,12,futex_do_wait
4924409886633198,3123964,qlever-server-d,S,0,0,3074261,7091364,94,15,futex_do_wait
4924409886633198,3123965,qlever-server-d,R,319,1,3206974106,24897626,180,13,0
4924409886633198,0,__system__,-,1024720166,7867685846,0,0,0,-1,-
4924409906631696,3122254,qlever-server-d,S,991,1709,27010922485,9287664,1206,9,futex_do_wait
4924409906631696,3122258,qlever-server-d,S,0,0,4281353,817031,36,4,futex_do_wait
4924409906631696,3122806,qlever-server-d,R,3100,8,31091263784,12504737,310,8,0
4924409906631696,3122807,qlever-server-d,S,0,0,10120,0,1,1,futex_do_wait
4924409906631696,3122808,qlever-server-d,S,0,0,93120,0,4,9,ep_poll
4924409906631696,3122809,qlever-server-d,S,0,0,414310,214341,8,0,futex_do_wait
4924409906631696,3122810,qlever-server-d,S,5,29,352444712,105080889,2497,7,ep_poll
4924409906631696,3122811,qlever-server-d,S,5,30,356438935,93856957,2546,15,futex_do_wait
4924409906631696,3123964,qlever-server-d,S,0,0,3105251,7091364,95,12,futex_do_wait
4924409906631696,3123965,qlever-server-d,R,321,1,3226976767,24897626,180,13,0
4924409906631696,0,__system__,-,1024720186,7867685877,0,0,0,-1,-
4924409926635605,3122254,qlever-server-d,S,991,1709,27010922485,9287664,1206,9,futex_do_wait
4924409926635605,3122258,qlever-server-d,S,0,0,4281353,817031,36,4,futex_do_wait
4924409926635605,3122806,qlever-server-d,R,3102,8,31111232225,12536597,311,8,0
4924409926635605,3122807,qlever-server-d,S,0,0,10120,0,1,1,futex_do_wait
4924409926635605,3122808,qlever-server-d,S,0,0,93120,0,4,9,ep_poll
4924409926635605,3122809,qlever-server-d,S,0,0,414310,214341,8,0,futex_do_wait
4924409926635605,3122810,qlever-server-d,S,5,29,352496252,105080889,2499,13,ep_poll
4924409926635605,3122811,qlever-server-d,S,5,30,356888075,93856957,2547,12,futex_do_wait
4924409926635605,3123964,qlever-server-d,S,0,0,3105251,7091364,95,12,futex_do_wait
4924409926635605,3123965,qlever-server-d,R,323,1,3246932748,24932746,182,3,0
4924409926635605,0,__system__,-,1024720207,7867685910,0,0,0,-1,-
4924409946636474,3122254,qlever-server-d,S,991,1709,27010922485,9287664,1206,9,futex_do_wait
4924409946636474,3122258,qlever-server-d,S,0,0,4281353,817031,36,4,futex_do_wait
4924409946636474,3122806,qlever-server-d,R,3104,8,31131233316,12536597,311,8,0
4924409946636474,3122807,qlever-server-d,S,0,0,10120,0,1,1,futex_do_wait
4924409946636474,3122808,qlever-server-d,S,0,0,93120,0,4,9,ep_poll
4924409946636474,3122809,qlever-server-d,S,0,0,414310,214341,8,0,futex_do_wait
4924409946636474,3122810,qlever-server-d,S,5,29,352526372,105087569,2501,5,ep_poll
4924409946636474,3122811,qlever-server-d,S,5,30,357361275,93856957,2548,12,futex_do_wait
4924409946636474,3123964,qlever-server-d,S,0,0,3105251,7091364,95,12,futex_do_wait
4924409946636474,3123965,qlever-server-d,R,325,1,3266912649,24951726,183,2,0
4924409946636474,0,__system__,-,1024720228,7867685941,0,0,0,-1,-
4924409966660852,3122254,qlever-server-d,S,991,1709,27010922485,9287664,1206,9,futex_do_wait
4924409966660852,3122258,qlever-server-d,S,0,0,4281353,817031,36,4,futex_do_wait
4924409966660852,3122806,qlever-server-d,R,3106,8,31151232488,12536597,311,8,0
4924409966660852,3122807,qlever-server-d,S,0,0,10120,0,1,1,futex_do_wait
4924409966660852,3122808,qlever-server-d,S,0,0,93120,0,4,9,ep_poll
4924409966660852,3122809,qlever-server-d,S,0,0,414310,214341,8,0,futex_do_wait
4924409966660852,3122810,qlever-server-d,S,5,29,352572162,105097509,2503,15,ep_poll
4924409966660852,3122811,qlever-server-d,S,5,30,357832935,93856957,2549,15,futex_do_wait
4924409966660852,3123964,qlever-server-d,S,0,0,3135341,7091364,96,12,futex_do_wait
4924409966660852,3123965,qlever-server-d,R,327,1,3286910820,24951726,183,2,0
4924409966660852,0,__system__,-,1024720250,7867685973,0,0,0,-1,-
4924409986627901,3122254,qlever-server-d,S,991,1709,27010922485,9287664,1206,9,futex_do_wait
4924409986627901,3122258,qlever-server-d,S,0,0,4281353,817031,36,4,futex_do_wait
4924409986627901,3122806,qlever-server-d,R,3108,8,31171232979,12536597,311,8,0
4924409986627901,3122807,qlever-server-d,S,0,0,10120,0,1,1,futex_do_wait
4924409986627901,3122808,qlever-server-d,S,0,0,93120,0,4,9,ep_poll
4924409986627901,3122809,qlever-server-d,S,0,0,414310,214341,8,0,futex_do_wait
4924409986627901,3122810,qlever-server-d,S,5,29,352610762,105097509,2505,14,ep_poll
4924409986627901,3122811,qlever-server-d,S,5,30,358355316,93856957,2550,6,futex_do_wait
4924409986627901,3123964,qlever-server-d,S,0,0,3135341,7091364,96,12,futex_do_wait
4924409986627901,3123965,qlever-server-d,R,329,1,3306889421,24970606,184,1,0
4924409986627901,0,__system__,-,1024720272,7867686005,0,0,0,-1,-
4924410006639590,3122254,qlever-server-d,S,991,1709,27010922485,9287664,1206,9,futex_do_wait
4924410006639590,3122258,qlever-server-d,S,0,0,4281353,817031,36,4,futex_do_wait
4924410006639590,3122806,qlever-server-d,R,3110,8,31191208230,12560417,312,8,0
4924410006639590,3122807,qlever-server-d,S,0,0,10120,0,1,1,futex_do_wait
4924410006639590,3122808,qlever-server-d,S,0,0,93120,0,4,9,ep_poll
4924410006639590,3122809,qlever-server-d,S,0,0,414310,214341,8,0,futex_do_wait
4924410006639590,3122810,qlever-server-d,S,5,29,352631622,105282659,2506,12,ep_poll
4924410006639590,3122811,qlever-server-d,S,5,30,358797656,93856957,2551,12,futex_do_wait
4924410006639590,3123964,qlever-server-d,S,0,0,3175371,8135745,97,12,futex_do_wait
4924410006639590,3123965,qlever-server-d,R,331,1,3326887722,24970606,184,1,0
4924410006639590,0,__system__,-,1024720293,7867686036,0,0,0,-1,-
4924410026647128,3122254,qlever-server-d,S,991,1709,27010922485,9287664,1206,9,futex_do_wait
4924410026647128,3122258,qlever-server-d,S,0,0,4281353,817031,36,4,futex_do_wait
4924410026647128,3122806,qlever-server-d,R,3112,8,31211209701,12560417,312,8,0
4924410026647128,3122807,qlever-server-d,S,0,0,10120,0,1,1,futex_do_wait
4924410026647128,3122808,qlever-server-d,S,0,0,93120,0,4,9,ep_poll
4924410026647128,3122809,qlever-server-d,S,0,0,414310,214341,8,0,futex_do_wait
4924410026647128,3122810,qlever-server-d,S,5,29,352671352,105282659,2508,13,ep_poll
4924410026647128,3122811,qlever-server-d,S,5,30,359237776,93856957,2552,12,futex_do_wait
4924410026647128,3123964,qlever-server-d,S,0,0,3175371,8135745,97,12,futex_do_wait
4924410026647128,3123965,qlever-server-d,R,333,1,3346886933,24970606,184,1,0
4924410026647128,0,__system__,-,1024720314,7867686068,0,0,0,-1,-
4924410046640817,3122254,qlever-server-d,S,991,1709,27010922485,9287664,1206,9,futex_do_wait
4924410046640817,3122258,qlever-server-d,S,0,0,4281353,817031,36,4,futex_do_wait
4924410046640817,3122806,qlever-server-d,R,3114,8,31231208722,12560417,312,8,0
4924410046640817,3122807,qlever-server-d,S,0,0,10120,0,1,1,futex_do_wait
4924410046640817,3122808,qlever-server-d,S,0,0,93120,0,4,9,ep_poll
4924410046640817,3122809,qlever-server-d,S,0,0,414310,214341,8,0,futex_do_wait
4924410046640817,3122810,qlever-server-d,S,5,29,352695142,105462899,2509,15,ep_poll
4924410046640817,3122811,qlever-server-d,S,5,30,359697906,93856957,2553,15,futex_do_wait
4924410046640817,3123964,qlever-server-d,S,0,0,3175371,8135745,97,12,futex_do_wait
4924410046640817,3123965,qlever-server-d,R,335,1,3366889455,24970606,184,1,0
4924410046640817,0,__system__,-,1024720335,7867686100,0,0,0,-1,-
4924410066643606,3122254,qlever-server-d,S,991,1709,27010922485,9287664,1206,9,futex_do_wait
4924410066643606,3122258,qlever-server-d,S,0,0,4281353,817031,36,4,futex_do_wait
4924410066643606,3122806,qlever-server-d,R,3116,8,31251209163,12560417,312,8,0
4924410066643606,3122807,qlever-server-d,S,0,0,10120,0,1,1,futex_do_wait
4924410066643606,3122808,qlever-server-d,S,0,0,93120,0,4,9,ep_poll
4924410066643606,3122809,qlever-server-d,S,0,0,414310,214341,8,0,futex_do_wait
4924410066643606,3122810,qlever-server-d,S,5,29,352718762,105847599,2510,14,ep_poll
4924410066643606,3122811,qlever-server-d,S,5,30,360180806,93856957,2554,4,futex_do_wait
4924410066643606,3123964,qlever-server-d,S,0,0,3212831,8135745,98,5,futex_do_wait
4924410066643606,3123965,qlever-server-d,R,337,1,3386888246,24970606,184,1,0
4924410066643606,0,__system__,-,1024720356,7867686131,0,0,0,-1,-
4924410086636575,3122254,qlever-server-d,S,991,1709,27010922485,9287664,1206,9,futex_do_wait
4924410086636575,3122258,qlever-server-d,S,0,0,4281353,817031,36,4,futex_do_wait
4924410086636575,3122806,qlever-server-d,R,3118,8,31271209954,12560417,312,8,0
4924410086636575,3122807,qlever-server-d,S,0,0,10120,0,1,1,futex_do_wait
4924410086636575,3122808,qlever-server-d,S,0,0,93120,0,4,9,ep_poll
4924410086636575,3122809,qlever-server-d,S,0,0,414310,214341,8,0,futex_do_wait
4924410086636575,3122810,qlever-server-d,S,5,29,352761892,105847599,2512,4,ep_poll
4924410086636575,3122811,qlever-server-d,S,5,30,360636416,93856957,2555,12,futex_do_wait
4924410086636575,3123964,qlever-server-d,S,0,0,3212831,8135745,98,5,futex_do_wait
4924410086636575,3123965,qlever-server-d,R,339,1,3406889837,24970606,184,1,0
4924410086636575,0,__system__,-,1024720379,7867686164,0,0,0,-1,-
4924410106641663,3122254,qlever-server-d,S,991,1709,27010922485,9287664,1206,9,futex_do_wait
4924410106641663,3122258,qlever-server-d,S,0,0,4401833,817031,37,7,futex_do_wait
4924410106641663,3122806,qlever-server-d,R,3120,8,31291209875,12560417,312,8,0
4924410106641663,3122807,qlever-server-d,S,0,0,10120,0,1,1,futex_do_wait
4924410106641663,3122808,qlever-server-d,S,0,0,93120,0,4,9,ep_poll
4924410106641663,3122809,qlever-server-d,S,0,0,414310,214341,8,0,futex_do_wait
4924410106641663,3122810,qlever-server-d,S,5,29,352825082,105847599,2515,14,ep_poll
4924410106641663,3122811,qlever-server-d,S,5,30,361226236,93856957,2556,12,futex_do_wait
4924410106641663,3123964,qlever-server-d,S,0,0,3247431,8135745,99,5,futex_do_wait
4924410106641663,3123965,qlever-server-d,R,341,1,3426888318,24970606,184,1,0
4924410106641663,0,__system__,-,1024720399,7867686196,0,0,0,-1,-
4924410126638192,3122254,qlever-server-d,S,991,1709,27010922485,9287664,1206,9,futex_do_wait
4924410126638192,3122258,qlever-server-d,S,0,0,4401833,817031,37,7,futex_do_wait
4924410126638192,3122806,qlever-server-d,R,3122,8,31311188546,12580667,313,8,0
4924410126638192,3122807,qlever-server-d,S,0,0,10120,0,1,1,futex_do_wait
4924410126638192,3122808,qlever-server-d,S,0,0,93120,0,4,9,ep_poll
4924410126638192,3122809,qlever-server-d,S,0,0,414310,214341,8,0,futex_do_wait
4924410126638192,3122810,qlever-server-d,S,5,29,352886072,106052089,2518,15,ep_poll
4924410126638192,3122811,qlever-server-d,S,5,30,362056626,93856957,2558,7,futex_do_wait
4924410126638192,3123964,qlever-server-d,S,0,0,3247431,8135745,99,5,futex_do_wait
4924410126638192,3123965,qlever-server-d,R,343,1,3446888139,24970606,184,1,0
4924410126638192,0,__system__,-,1024720419,7867686227,0,0,0,-1,-
4924410146646561,3122254,qlever-server-d,S,991,1709,27010922485,9287664,1206,9,futex_do_wait
4924410146646561,3122258,qlever-server-d,S,0,0,4401833,817031,37,7,futex_do_wait
4924410146646561,3122806,qlever-server-d,R,3124,8,31331189058,12580667,313,8,0
4924410146646561,3122807,qlever-server-d,S,0,0,10120,0,1,1,futex_do_wait
4924410146646561,3122808,qlever-server-d,S,0,0,93120,0,4,9,ep_poll
4924410146646561,3122809,qlever-server-d,S,0,0,414310,214341,8,0,futex_do_wait
4924410146646561,3122810,qlever-server-d,S,5,29,352940252,107658149,2520,6,ep_poll
4924410146646561,3122811,qlever-server-d,S,5,30,362462507,93856957,2559,14,futex_do_wait
4924410146646561,3123964,qlever-server-d,S,0,0,3247431,8135745,99,5,futex_do_wait
4924410146646561,3123965,qlever-server-d,R,345,1,3466888600,24970606,184,1,0
4924410146646561,0,__system__,-,1024720440,7867686260,0,0,0,-1,-
4924410166636640,3122254,qlever-server-d,S,991,1709,27010922485,9287664,1206,9,futex_do_wait
4924410166636640,3122258,qlever-server-d,S,0,0,4401833,817031,37,7,futex_do_wait
4924410166636640,3122806,qlever-server-d,R,3126,8,31351188019,12580667,313,8,0
4924410166636640,3122807,qlever-server-d,S,0,0,10120,0,1,1,futex_do_wait
4924410166636640,3122808,qlever-server-d,S,0,0,93120,0,4,9,ep_poll
4924410166636640,3122809,qlever-server-d,S,0,0,414310,214341,8,0,futex_do_wait
4924410166636640,3122810,qlever-server-d,S,5,29,352964352,107842899,2521,14,ep_poll
4924410166636640,3122811,qlever-server-d,S,5,30,362926667,93856957,2560,14,futex_do_wait
4924410166636640,3123964,qlever-server-d,S,0,0,3280831,8143325,100,5,futex_do_wait
4924410166636640,3123965,qlever-server-d,R,347,1,3486890591,24970606,184,1,0
4924410166636640,0,__system__,-,1024720460,7867686290,0,0,0,-1,-
4924410186638318,3122254,qlever-server-d,S,991,1709,27010922485,9287664,1206,9,futex_do_wait
4924410186638318,3122258,qlever-server-d,S,0,0,4401833,817031,37,7,futex_do_wait
4924410186638318,3122806,qlever-server-d,R,3128,8,31371189910,12580667,313,8,0
4924410186638318,3122807,qlever-server-d,S,0,0,10120,0,1,1,futex_do_wait
4924410186638318,3122808,qlever-server-d,S,0,0,93120,0,4,9,ep_poll
4924410186638318,3122809,qlever-server-d,S,0,0,414310,214341,8,0,futex_do_wait
4924410186638318,3122810,qlever-server-d,S,5,29,353195282,107852799,2525,14,futex_do_wait
4924410186638318,3122811,qlever-server-d,S,5,30,363213808,94202367,2565,14,ep_poll
4924410186638318,3123964,qlever-server-d,S,0,0,3280831,8143325,100,5,futex_do_wait
4924410186638318,3123965,qlever-server-d,R,349,1,3506872662,24987216,185,1,0
4924410186638318,0,__system__,-,1024720481,7867686323,0,0,0,-1,-
4924410206631957,3122254,qlever-server-d,S,991,1709,27010922485,9287664,1206,9,futex_do_wait
4924410206631957,3122258,qlever-server-d,S,0,0,4401833,817031,37,7,futex_do_wait
4924410206631957,3122806,qlever-server-d,R,3130,8,31391190521,12580667,313,8,0
4924410206631957,3122807,qlever-server-d,S,0,0,10120,0,1,1,futex_do_wait
4924410206631957,3122808,qlever-server-d,S,0,0,93120,0,4,9,ep_poll
4924410206631957,3122809,qlever-server-d,S,0,0,414310,214341,8,0,futex_do_wait
4924410206631957,3122810,qlever-server-d,S,5,29,353628812,107852799,2526,14,futex_do_wait
4924410206631957,3122811,qlever-server-d,S,5,30,363250438,94202367,2567,15,ep_poll
4924410206631957,3123964,qlever-server-d,S,0,0,3316091,8143325,101,14,futex_do_wait
4924410206631957,3123965,qlever-server-d,R,351,1,3526875343,24987216,185,1,0
4924410206631957,0,__system__,-,1024720503,7867686354,0,0,0,-1,-
4924410226647246,3122254,qlever-server-d,S,991,1709,27010922485,9287664,1206,9,futex_do_wait
4924410226647246,3122258,qlever-server-d,S,0,0,4401833,817031,37,7,futex_do_wait
4924410226647246,3122806,qlever-server-d,R,3132,8,31411191082,12580667,313,8,0
4924410226647246,3122807,qlever-server-d,S,0,0,10120,0,1,1,futex_do_wait
4924410226647246,3122808,qlever-server-d,S,0,0,93120,0,4,9,ep_poll
4924410226647246,3122809,qlever-server-d,S,0,0,414310,214341,8,0,futex_do_wait
4924410226647246,3122810,qlever-server-d,S,5,29,354107552,107852799,2527,14,futex_do_wait
4924410226647246,3122811,qlever-server-d,S,5,30,363291968,94212067,2569,14,ep_poll
4924410226647246,3123964,qlever-server-d,S,0,0,3316091,8143325,101,14,futex_do_wait
4924410226647246,3123965,qlever-server-d,R,353,1,3546846475,25012246,186,11,0
4924410226647246,0,__system__,-,1024720524,7867686386,0,0,0,-1,-
4924410246630814,3122254,qlever-server-d,S,991,1709,27010922485,9287664,1206,9,futex_do_wait
4924410246630814,3122258,qlever-server-d,S,0,0,4401833,817031,37,7,futex_do_wait
4924410246630814,3122806,qlever-server-d,R,3134,8,31431678833,12580667,313,8,0
4924410246630814,3122807,qlever-server-d,S,0,0,10120,0,1,1,futex_do_wait
4924410246630814,3122808,qlever-server-d,S,0,0,93120,0,4,9,ep_poll
4924410246630814,3122809,qlever-server-d,S,0,0,414310,214341,8,0,futex_do_wait
4924410246630814,3122810,qlever-server-d,S,5,29,354588152,107852799,2528,14,futex_do_wait
4924410246630814,3122811,qlever-server-d,S,5,30,363334398,94212067,2571,5,ep_poll
4924410246630814,3123964,qlever-server-d,S,0,0,3316091,8143325,101,14,futex_do_wait
4924410246630814,3123965,qlever-server-d,R,355,1,3566843976,25012246,186,11,0
4924410246630814,0,__system__,-,1024720545,7867686418,0,0,0,-1,-
4924410266639773,3122254,qlever-server-d,S,991,1709,27010922485,9287664,1206,9,futex_do_wait
4924410266639773,3122258,qlever-server-d,S,0,0,4401833,817031,37,7,futex_do_wait
4924410266639773,3122806,qlever-server-d,R,3136,8,31451189644,12580667,313,8,0
4924410266639773,3122807,qlever-server-d,S,0,0,10120,0,1,1,futex_do_wait
4924410266639773,3122808,qlever-server-d,S,0,0,93120,0,4,9,ep_poll
4924410266639773,3122809,qlever-server-d,S,0,0,414310,214341,8,0,futex_do_wait
4924410266639773,3122810,qlever-server-d,S,5,30,355067942,107852799,2529,14,futex_do_wait
4924410266639773,3122811,qlever-server-d,S,5,30,363370818,94212067,2573,7,ep_poll
4924410266639773,3123964,qlever-server-d,S,0,0,3347461,8143325,102,5,futex_do_wait
4924410266639773,3123965,qlever-server-d,R,357,1,3586843887,25012246,186,11,0
4924410266639773,0,__system__,-,1024720565,7867686449,0,0,0,-1,-
4924410286640532,3122254,qlever-server-d,S,991,1709,27010922485,9287664,1206,9,futex_do_wait
4924410286640532,3122258,qlever-server-d,S,0,0,4401833,817031,37,7,futex_do_wait
4924410286640532,3122806,qlever-server-d,R,3138,8,31471192745,12580667,313,8,0
4924410286640532,3122807,qlever-server-d,S,0,0,10120,0,1,1,futex_do_wait
4924410286640532,3122808,qlever-server-d,S,0,0,93120,0,4,9,ep_poll
4924410286640532,3122809,qlever-server-d,S,0,0,414310,214341,8,0,futex_do_wait
4924410286640532,3122810,qlever-server-d,S,5,30,355504592,107852799,2530,14,futex_do_wait
4924410286640532,3122811,qlever-server-d,S,5,30,363394038,94411447,2574,14,ep_poll
4924410286640532,3123964,qlever-server-d,S,0,0,3347461,8143325,102,5,futex_do_wait
4924410286640532,3123965,qlever-server-d,R,359,1,3606843648,25012246,186,11,0
4924410286640532,0,__system__,-,1024720585,7867686481,0,0,0,-1,-
4924410306643150,3122254,qlever-server-d,S,991,1709,27010922485,9287664,1206,9,futex_do_wait
4924410306643150,3122258,qlever-server-d,S,0,0,4401833,817031,37,7,futex_do_wait
4924410306643150,3122806,qlever-server-d,R,3140,8,31491192396,12580667,313,8,0
4924410306643150,3122807,qlever-server-d,S,0,0,10120,0,1,1,futex_do_wait
4924410306643150,3122808,qlever-server-d,S,0,0,93120,0,4,9,ep_poll
4924410306643150,3122809,qlever-server-d,S,0,0,414310,214341,8,0,futex_do_wait
4924410306643150,3122810,qlever-server-d,S,5,30,355923813,107852799,2531,14,futex_do_wait
4924410306643150,3122811,qlever-server-d,S,5,30,363435678,94411447,2576,6,ep_poll
4924410306643150,3123964,qlever-server-d,S,0,0,3384751,8143325,103,12,futex_do_wait
4924410306643150,3123965,qlever-server-d,R,361,1,3626843629,25012246,186,11,0
4924410306643150,0,__system__,-,1024720606,7867686513,0,0,0,-1,-
4924410327089886,3122254,qlever-server-d,S,991,1709,27010922485,9287664,1206,9,futex_do_wait
4924410327089886,3122258,qlever-server-d,S,0,0,4401833,817031,37,7,futex_do_wait
4924410327089886,3122806,qlever-server-d,R,3142,8,31512191138,12580667,313,8,0
4924410327089886,3122807,qlever-server-d,S,0,0,10120,0,1,1,futex_do_wait
4924410327089886,3122808,qlever-server-d,S,0,0,93120,0,4,9,ep_poll
4924410327089886,3122809,qlever-server-d,S,0,0,414310,214341,8,0,futex_do_wait
4924410327089886,3122810,qlever-server-d,R,5,30,356582763,107852799,2533,6,0
4924410327089886,3122811,qlever-server-d,S,5,30,363452668,94752497,2577,6,ep_poll
4924410327089886,3123964,qlever-server-d,S,0,0,3384751,8143325,103,12,futex_do_wait
4924410327089886,3123965,qlever-server-d,R,363,1,3646928110,25012246,186,11,0
4924410327089886,0,__system__,-,1024720627,7867686544,0,0,0,-1,-
4924410346632238,3122254,qlever-server-d,S,991,1709,27010922485,9287664,1206,9,futex_do_wait
4924410346632238,3122258,qlever-server-d,S,0,0,4401833,817031,37,7,futex_do_wait
4924410346632238,3122806,qlever-server-d,R,3144,8,31531190849,12580667,313,8,0
4924410346632238,3122807,qlever-server-d,S,0,0,10120,0,1,1,futex_do_wait
4924410346632238,3122808,qlever-server-d,S,0,0,93120,0,4,9,ep_poll
4924410346632238,3122809,qlever-server-d,S,0,0,414310,214341,8,0,futex_do_wait
4924410346632238,3122810,qlever-server-d,S,5,30,356721794,109720539,2539,4,0
4924410346632238,3122811,qlever-server-d,S,5,30,364169138,94785137,2583,12,futex_do_wait
4924410346632238,3123964,qlever-server-d,S,0,0,3384751,8143325,103,12,futex_do_wait
4924410346632238,3123965,qlever-server-d,R,365,1,3666845381,25012246,186,11,0
4924410346632238,0,__system__,-,1024720649,7867686576,0,0,0,-1,-
4924410366664576,3122254,qlever-server-d,S,991,1709,27010922485,9287664,1206,9,futex_do_wait
4924410366664576,3122258,qlever-server-d,S,0,0,4401833,817031,37,7,futex_do_wait
4924410366664576,3122806,qlever-server-d,R,3146,8,31551191340,12580667,313,8,0
4924410366664576,3122807,qlever-server-d,S,0,0,10120,0,1,1,futex_do_wait
4924410366664576,3122808,qlever-server-d,S,0,0,93120,0,4,9,ep_poll
4924410366664576,3122809,qlever-server-d,S,0,0,414310,214341,8,0,futex_do_wait
4924410366664576,3122810,qlever-server-d,S,5,30,356784744,109720539,2542,6,ep_poll
4924410366664576,3122811,qlever-server-d,S,5,30,364581698,94785137,2584,13,futex_do_wait
4924410366664576,3123964,qlever-server-d,S,0,0,3415741,9050705,104,12,futex_do_wait
4924410366664576,3123965,qlever-server-d,R,367,1,3686845672,25012246,186,11,0
4924410366664576,0,__system__,-,1024720670,7867686608,0,0,0,-1,-
4924410386644375,3122254,qlever-server-d,S,991,1709,27010922485,9287664,1206,9,futex_do_wait
4924410386644375,3122258,qlever-server-d,S,0,0,4401833,817031,37,7,futex_do_wait
4924410386644375,3122806,qlever-server-d,R,3148,8,31571162261,12609297,314,8,0
4924410386644375,3122807,qlever-server-d,S,0,0,10120,0,1,1,futex_do_wait
4924410386644375,3122808,qlever-server-d,S,0,0,93120,0,4,9,ep_poll
4924410386644375,3122809,qlever-server-d,S,0,0,414310,214341,8,0,futex_do_wait
4924410386644375,3122810,qlever-server-d,S,5,30,356806304,109874409,2543,0,ep_poll
4924410386644375,3122811,qlever-server-d,S,5,30,364968488,94785137,2585,0,futex_do_wait
4924410386644375,3123964,qlever-server-d,S,0,0,3415741,9050705,104,12,futex_do_wait
4924410386644375,3123965,qlever-server-d,R,369,1,3706848213,25012246,186,11,0
4924410386644375,0,__system__,-,1024720690,7867686640,0,0,0,-1,-
4924410406650404,3122254,qlever-server-d,S,991,1709,27010922485,9287664,1206,9,futex_do_wait
4924410406650404,3122258,qlever-server-d,S,0,0,4401833,817031,37,7,futex_do_wait
4924410406650404,3122806,qlever-server-d,R,3150,8,31591163412,12609297,314,8,0
4924410406650404,3122807,qlever-server-d,S,0,0,10120,0,1,1,futex_do_wait
4924410406650404,3122808,qlever-server-d,S,0,0,93120,0,4,9,ep_poll
4924410406650404,3122809,qlever-server-d,S,0,0,414310,214341,8,0,futex_do_wait
4924410406650404,3122810,qlever-server-d,S,5,30,356845264,109874409,2545,3,ep_poll
4924410406650404,3122811,qlever-server-d,S,5,30,365360018,94785137,2586,0,futex_do_wait
4924410406650404,3123964,qlever-server-d,S,0,0,3453361,9050705,105,12,futex_do_wait
4924410406650404,3123965,qlever-server-d,R,371,1,3726847955,25012246,186,11,0
4924410406650404,0,__system__,-,1024720711,7867686672,0,0,0,-1,-
4924410426650013,3122254,qlever-server-d,S,991,1709,27010922485,9287664,1206,9,futex_do_wait
4924410426650013,3122258,qlever-server-d,S,0,0,4401833,817031,37,7,futex_do_wait
4924410426650013,3122806,qlever-server-d,R,3152,8,31611163503,12609297,314,8,0
4924410426650013,3122807,qlever-server-d,S,0,0,10120,0,1,1,futex_do_wait
4924410426650013,3122808,qlever-server-d,S,0,0,93120,0,4,9,ep_poll
4924410426650013,3122809,qlever-server-d,S,0,0,414310,214341,8,0,futex_do_wait
4924410426650013,3122810,qlever-server-d,S,5,30,356887204,109874409,2547,2,ep_poll
4924410426650013,3122811,qlever-server-d,S,5,30,365732419,94785137,2587,0,futex_do_wait
4924410426650013,3123964,qlever-server-d,S,0,0,3453361,9050705,105,12,futex_do_wait
4924410426650013,3123965,qlever-server-d,R,373,1,3746848066,25012246,186,11,0
4924410426650013,0,__system__,-,1024720732,7867686704,0,0,0,-1,-
4924410446636532,3122254,qlever-server-d,S,991,1709,27010922485,9287664,1206,9,futex_do_wait
4924410446636532,3122258,qlever-server-d,S,0,0,4401833,817031,37,7,futex_do_wait
4924410446636532,3122806,qlever-server-d,R,3154,8,31631660385,12609297,314,8,0
4924410446636532,3122807,qlever-server-d,S,0,0,10120,0,1,1,futex_do_wait
4924410446636532,3122808,qlever-server-d,S,0,0,93120,0,4,9,ep_poll
4924410446636532,3122809,qlever-server-d,S,0,0,414310,214341,8,0,futex_do_wait
4924410446636532,3122810,qlever-server-d,S,5,30,356916334,110020690,2548,2,ep_poll
4924410446636532,3122811,qlever-server-d,S,5,30,366085200,94785137,2588,2,futex_do_wait
4924410446636532,3123964,qlever-server-d,S,0,0,3453361,9050705,105,12,futex_do_wait
4924410446636532,3123965,qlever-server-d,R,375,1,3766826087,25033296,187,11,0
4924410446636532,0,__system__,-,1024720753,7867686735,0,0,0,-1,-
4924410466633770,3122254,qlever-server-d,S,991,1709,27010922485,9287664,1206,9,futex_do_wait
4924410466633770,3122258,qlever-server-d,S,0,0,4401833,817031,37,7,futex_do_wait
4924410466633770,3122806,qlever-server-d,R,3156,8,31651912796,12609297,314,8,0
4924410466633770,3122807,qlever-server-d,S,0,0,10120,0,1,1,futex_do_wait
4924410466633770,3122808,qlever-server-d,S,0,0,93120,0,4,9,ep_poll
4924410466633770,3122809,qlever-server-d,S,0,0,414310,214341,8,0,futex_do_wait
4924410466633770,3122810,qlever-server-d,S,5,30,356965474,110051740,2550,4,ep_poll
4924410466633770,3122811,qlever-server-d,S,5,30,366459150,94785137,2589,3,futex_do_wait
4924410466633770,3123964,qlever-server-d,S,0,0,3489811,9050705,106,12,futex_do_wait
4924410466633770,3123965,qlever-server-d,R,377,1,3786825718,25033296,187,11,0
4924410466633770,0,__system__,-,1024720775,7867686767,0,0,0,-1,-
4924410486641479,3122254,qlever-server-d,S,991,1709,27010922485,9287664,1206,9,futex_do_wait
4924410486641479,3122258,qlever-server-d,S,0,0,4401833,817031,37,7,futex_do_wait
4924410486641479,3122806,qlever-server-d,R,3158,8,31671161986,12609297,314,8,0
4924410486641479,3122807,qlever-server-d,S,0,0,10120,0,1,1,futex_do_wait
4924410486641479,3122808,qlever-server-d,S,0,0,93120,0,4,9,ep_poll
4924410486641479,3122809,qlever-server-d,S,0,0,414310,214341,8,0,futex_do_wait
4924410486641479,3122810,qlever-server-d,S,5,30,357010864,110060260,2552,3,ep_poll
4924410486641479,3122811,qlever-server-d,S,5,30,366849090,94785137,2590,3,futex_do_wait
4924410486641479,3123964,qlever-server-d,S,0,0,3489811,9050705,106,12,futex_do_wait
4924410486641479,3123965,qlever-server-d,R,379,1,3806825629,25033296,187,11,0
4924410486641479,0,__system__,-,1024720796,7867686799,0,0,0,-1,-
4924410506632538,3122254,qlever-server-d,S,991,1709,27010922485,9287664,1206,9,futex_do_wait
4924410506632538,3122258,qlever-server-d,S,0,0,4401833,817031,37,7,futex_do_wait
4924410506632538,3122806,qlever-server-d,R,3160,8,31691164628,12609297,314,8,0
4924410506632538,3122807,qlever-server-d,S,0,0,10120,0,1,1,futex_do_wait
4924410506632538,3122808,qlever-server-d,S,0,0,93120,0,4,9,ep_poll
4924410506632538,3122809,qlever-server-d,S,0,0,414310,214341,8,0,futex_do_wait
4924410506632538,3122810,qlever-server-d,S,5,30,357049744,110060260,2554,0,ep_poll
4924410506632538,3122811,qlever-server-d,S,5,31,367259420,94785137,2591,2,futex_do_wait
4924410506632538,3123964,qlever-server-d,S,0,0,3524591,9050705,107,14,futex_do_wait
4924410506632538,3123965,qlever-server-d,R,381,1,3826826850,25033296,187,11,0
4924410506632538,0,__system__,-,1024720817,7867686831,0,0,0,-1,-
4924410526653166,3122254,qlever-server-d,S,991,1709,27010922485,9287664,1206,9,futex_do_wait
4924410526653166,3122258,qlever-server-d,S,0,0,4401833,817031,37,7,futex_do_wait
4924410526653166,3122806,qlever-server-d,R,3162,8,31711163149,12609297,314,8,0
4924410526653166,3122807,qlever-server-d,S,0,0,10120,0,1,1,futex_do_wait
4924410526653166,3122808,qlever-server-d,S,0,0,93120,0,4,9,ep_poll
4924410526653166,3122809,qlever-server-d,S,0,0,414310,214341,8,0,futex_do_wait
4924410526653166,3122810,qlever-server-d,S,5,30,357103875,110060260,2556,3,ep_poll
4924410526653166,3122811,qlever-server-d,S,5,31,367653931,94785137,2592,2,futex_do_wait
4924410526653166,3123964,qlever-server-d,S,0,0,3524591,9050705,107,14,futex_do_wait
4924410526653166,3123965,qlever-server-d,R,383,1,3846826831,25033296,187,11,0
4924410526653166,0,__system__,-,1024720837,7867686863,0,0,0,-1,-
4924410546636455,3122254,qlever-server-d,S,991,1709,27010922485,9287664,1206,9,futex_do_wait
4924410546636455,3122258,qlever-server-d,S,0,0,4401833,817031,37,7,futex_do_wait
4924410546636455,3122806,qlever-server-d,R,3164,8,31731164660,12609297,314,8,0
4924410546636455,3122807,qlever-server-d,S,0,0,10120,0,1,1,futex_do_wait
4924410546636455,3122808,qlever-server-d,S,0,0,93120,0,4,9,ep_poll
4924410546636455,3122809,qlever-server-d,S,0,0,414310,214341,8,0,futex_do_wait
4924410546636455,3122810,qlever-server-d,S,5,30,357151865,110060260,2558,9,ep_poll
4924410546636455,3122811,qlever-server-d,S,5,31,368111141,94785137,2593,2,futex_do_wait
4924410546636455,3123964,qlever-server-d,S,0,0,3524591,9050705,107,14,futex_do_wait
4924410546636455,3123965,qlever-server-d,R,385,1,3866808272,25049556,188,1,0
4924410546636455,0,__system__,-,1024720857,7867686894,0,0,0,-1,-
4924410566648654,3122254,qlever-server-d,S,991,1709,27010922485,9287664,1206,9,futex_do_wait
4924410566648654,3122258,qlever-server-d,S,0,0,4401833,817031,37,7,futex_do_wait
4924410566648654,3122806,qlever-server-d,R,3166,8,31751163761,12609297,314,8,0
4924410566648654,3122807,qlever-server-d,S,0,0,10120,0,1,1,futex_do_wait
4924410566648654,3122808,qlever-server-d,S,0,0,93120,0,4,9,ep_poll
4924410566648654,3122809,qlever-server-d,S,0,0,414310,214341,8,0,futex_do_wait
4924410566648654,3122810,qlever-server-d,S,5,30,357201325,110069790,2560,2,ep_poll
4924410566648654,3122811,qlever-server-d,S,5,31,368525181,94785137,2594,2,futex_do_wait
4924410566648654,3123964,qlever-server-d,S,0,0,3555981,9050705,108,12,futex_do_wait
4924410566648654,3123965,qlever-server-d,R,387,1,3886805413,25049556,188,1,0
4924410566648654,0,__system__,-,1024720878,7867686926,0,0,0,-1,-
4924410587414017,3122254,qlever-server-d,S,991,1709,27010922485,9287664,1206,9,futex_do_wait
4924410587414017,3122258,qlever-server-d,S,0,0,4401833,817031,37,7,futex_do_wait
4924410587414017,3122806,qlever-server-d,R,3168,8,31772164983,12609297,314,8,0
4924410587414017,3122807,qlever-server-d,S,0,0,10120,0,1,1,futex_do_wait
4924410587414017,3122808,qlever-server-d,S,0,0,93120,0,4,9,ep_poll
4924410587414017,3122809,qlever-server-d,S,0,0,414310,214341,8,0,futex_do_wait
4924410587414017,3122810,qlever-server-d,S,5,30,357239385,110069790,2562,0,ep_poll
4924410587414017,3122811,qlever-server-d,S,5,31,368910351,94785137,2595,2,futex_do_wait
4924410587414017,3123964,qlever-server-d,S,0,0,3555981,9050705,108,12,futex_do_wait
4924410587414017,3123965,qlever-server-d,R,389,1,3907781765,25070926,189,14,0
4924410587414017,0,__system__,-,1024720903,7867686961,0,0,0,-1,-
4924410606636601,3122254,qlever-server-d,S,991,1709,27010922485,9287664,1206,9,futex_do_wait
4924410606636601,3122258,qlever-server-d,S,0,0,4401833,817031,37,7,futex_do_wait
4924410606636601,3122806,qlever-server-d,R,3170,8,31791165273,12609297,314,8,0
4924410606636601,3122807,qlever-server-d,S,0,0,10120,0,1,1,futex_do_wait
4924410606636601,3122808,qlever-server-d,S,0,0,93120,0,4,9,ep_poll
4924410606636601,3122809,qlever-server-d,S,0,0,414310,214341,8,0,futex_do_wait
4924410606636601,3122810,qlever-server-d,S,5,30,357263465,110276280,2563,2,ep_poll
4924410606636601,3122811,qlever-server-d,S,5,31,369389201,94785137,2596,2,futex_do_wait
4924410606636601,3123964,qlever-server-d,S,0,0,3590401,9050705,109,15,futex_do_wait
4924410606636601,3123965,qlever-server-d,R,391,1,3926779496,25070926,189,14,0
4924410606636601,0,__system__,-,1024720922,7867686990,0,0,0,-1,-
4924410626636650,3122254,qlever-server-d,S,991,1709,27010922485,9287664,1206,9,futex_do_wait
4924410626636650,3122258,qlever-server-d,S,0,0,4401833,817031,37,7,futex_do_wait
4924410626636650,3122806,qlever-server-d,R,3172,8,31811164174,12609297,314,8,0
4924410626636650,3122807,qlever-server-d,S,0,0,10120,0,1,1,futex_do_wait
4924410626636650,3122808,qlever-server-d,S,0,0,93120,0,4,9,ep_poll
4924410626636650,3122809,qlever-server-d,S,0,0,414310,214341,8,0,futex_do_wait
4924410626636650,3122810,qlever-server-d,S,5,30,357307315,110276280,2565,9,ep_poll
4924410626636650,3122811,qlever-server-d,S,5,31,369860991,94785137,2597,3,futex_do_wait
4924410626636650,3123964,qlever-server-d,S,0,0,3590401,9050705,109,15,futex_do_wait
4924410626636650,3123965,qlever-server-d,R,393,1,3946780327,25070926,189,14,0
4924410626636650,0,__system__,-,1024720942,7867687021,0,0,0,-1,-
4924410646636069,3122254,qlever-server-d,S,991,1709,27010922485,9287664,1206,9,futex_do_wait
4924410646636069,3122258,qlever-server-d,S,0,0,4401833,817031,37,7,futex_do_wait
4924410646636069,3122806,qlever-server-d,R,3174,8,31831129765,12641817,315,0,0
4924410646636069,3122807,qlever-server-d,S,0,0,10120,0,1,1,futex_do_wait
4924410646636069,3122808,qlever-server-d,S,0,0,93120,0,4,9,ep_poll
4924410646636069,3122809,qlever-server-d,S,0,0,414310,214341,8,0,futex_do_wait
4924410646636069,3122810,qlever-server-d,S,5,30,357348175,110276280,2567,9,ep_poll
4924410646636069,3122811,qlever-server-d,S,5,31,370317082,94785137,2598,2,futex_do_wait
4924410646636069,3123964,qlever-server-d,S,0,0,3590401,9050705,109,15,futex_do_wait
4924410646636069,3123965,qlever-server-d,R,395,1,3966781438,25070926,189,14,0
4924410646636069,0,__system__,-,1024720963,7867687053,0,0,0,-1,-
4924410666653607,3122254,qlever-server-d,S,991,1709,27010922485,9287664,1206,9,futex_do_wait
4924410666653607,3122258,qlever-server-d,S,0,0,4401833,817031,37,7,futex_do_wait
4924410666653607,3122806,qlever-server-d,R,3176,8,31851102696,12663947,316,3,0
4924410666653607,3122807,qlever-server-d,S,0,0,10120,0,1,1,futex_do_wait
4924410666653607,3122808,qlever-server-d,S,0,0,93120,0,4,9,ep_poll
4924410666653607,3122809,qlever-server-d,S,0,0,414310,214341,8,0,futex_do_wait
4924410666653607,3122810,qlever-server-d,S,5,30,357409535,110545551,2572,10,futex_do_wait
4924410666653607,3122811,qlever-server-d,S,5,31,370807692,95060728,2605,10,ep_poll
4924410666653607,3123964,qlever-server-d,S,0,0,3625451,9050705,110,15,futex_do_wait
4924410666653607,3123965,qlever-server-d,R,397,1,3986781879,25070926,189,14,0
4924410666653607,0,__system__,-,1024720983,7867687085,0,0,0,-1,-
4924410686646466,3122254,qlever-server-d,S,991,1709,27010922485,9287664,1206,9,futex_do_wait
4924410686646466,3122258,qlever-server-d,S,0,0,4401833,817031,37,7,futex_do_wait
4924410686646466,3122806,qlever-server-d,R,3178,8,31871102818,12663947,316,3,0
4924410686646466,3122807,qlever-server-d,S,0,0,10120,0,1,1,futex_do_wait
4924410686646466,3122808,qlever-server-d,S,0,0,93120,0,4,9,ep_poll
4924410686646466,3122809,qlever-server-d,S,0,0,414310,214341,8,0,futex_do_wait
4924410686646466,3122810,qlever-server-d,S,5,30,357883716,110545551,2573,0,futex_do_wait
4924410686646466,3122811,qlever-server-d,S,5,31,370850232,95060728,2607,9,ep_poll
4924410686646466,3123964,qlever-server-d,S,0,0,3625451,9050705,110,15,futex_do_wait
4924410686646466,3123965,qlever-server-d,R,399,1,4006780300,25070926,189,14,0
4924410686646466,0,__system__,-,1024721004,7867687117,0,0,0,-1,-
4924410706643235,3122254,qlever-server-d,S,991,1709,27010922485,9287664,1206,9,futex_do_wait
4924410706643235,3122258,qlever-server-d,S,0,0,4401833,817031,37,7,futex_do_wait
4924410706643235,3122806,qlever-server-d,R,3180,8,31891104119,12663947,316,3,0
4924410706643235,3122807,qlever-server-d,S,0,0,10120,0,1,1,futex_do_wait
4924410706643235,3122808,qlever-server-d,S,0,0,93120,0,4,9,ep_poll
4924410706643235,3122809,qlever-server-d,S,0,0,414310,214341,8,0,futex_do_wait
4924410706643235,3122810,qlever-server-d,S,5,30,358303847,111177401,2574,0,futex_do_wait
4924410706643235,3122811,qlever-server-d,S,5,31,370876402,95361329,2608,9,ep_poll
4924410706643235,3123964,qlever-server-d,S,0,0,3657261,9054195,111,15,futex_do_wait
4924410706643235,3123965,qlever-server-d,R,401,1,4026781181,25070926,189,14,0
4924410706643235,0,__system__,-,1024721026,7867687149,0,0,0,-1,-
4924410726644834,3122254,qlever-server-d,S,991,1709,27010922485,9287664,1206,9,futex_do_wait
4924410726644834,3122258,qlever-server-d,S,0,0,4401833,817031,37,7,futex_do_wait
4924410726644834,3122806,qlever-server-d,R,3182,8,31911105410,12663947,316,3,0
4924410726644834,3122807,qlever-server-d,S,0,0,10120,0,1,1,futex_do_wait
4924410726644834,3122808,qlever-server-d,S,0,0,93120,0,4,9,ep_poll
4924410726644834,3122809,qlever-server-d,S,0,0,414310,214341,8,0,futex_do_wait
4924410726644834,3122810,qlever-server-d,S,5,30,358777817,111387291,2577,8,futex_do_wait
4924410726644834,3122811,qlever-server-d,S,5,31,370920082,95361329,2610,1,ep_poll
4924410726644834,3123964,qlever-server-d,S,0,0,3657261,9054195,111,15,futex_do_wait
4924410726644834,3123965,qlever-server-d,R,403,1,4046762422,25086836,190,4,0
4924410726644834,0,__system__,-,1024721046,7867687180,0,0,0,-1,-
4924410746651252,3122254,qlever-server-d,S,991,1709,27010922485,9287664,1206,9,futex_do_wait
4924410746651252,3122258,qlever-server-d,S,0,0,4401833,817031,37,7,futex_do_wait
4924410746651252,3122806,qlever-server-d,R,3184,8,31931103491,12663947,316,3,0
4924410746651252,3122807,qlever-server-d,S,0,0,10120,0,1,1,futex_do_wait
4924410746651252,3122808,qlever-server-d,S,0,0,93120,0,4,9,ep_poll
4924410746651252,3122809,qlever-server-d,S,0,0,414310,214341,8,0,futex_do_wait
4924410746651252,3122810,qlever-server-d,S,5,30,359226247,111588031,2580,0,futex_do_wait
4924410746651252,3122811,qlever-server-d,S,5,31,370959752,95361329,2612,9,ep_poll
4924410746651252,3123964,qlever-server-d,S,0,0,3657261,9054195,111,15,futex_do_wait
4924410746651252,3123965,qlever-server-d,R,405,1,4066738463,25106056,191,7,0
4924410746651252,0,__system__,-,1024721067,7867687212,0,0,0,-1,-
4924410766642631,3122254,qlever-server-d,S,991,1709,27010922485,9287664,1206,9,futex_do_wait
4924410766642631,3122258,qlever-server-d,S,0,0,4401833,817031,37,7,futex_do_wait
4924410766642631,3122806,qlever-server-d,R,3186,8,31951083132,12684157,317,3,0
4924410766642631,3122807,qlever-server-d,S,0,0,10120,0,1,1,futex_do_wait
4924410766642631,3122808,qlever-server-d,S,0,0,93120,0,4,9,ep_poll
4924410766642631,3122809,qlever-server-d,S,0,0,414310,214341,8,0,futex_do_wait
4924410766642631,3122810,qlever-server-d,S,5,30,359473887,111588031,2581,0,futex_do_wait
4924410766642631,3122811,qlever-server-d,S,5,31,370982732,95518099,2613,9,ep_poll
4924410766642631,3123964,qlever-server-d,S,0,0,3687101,9054195,112,15,futex_do_wait
4924410766642631,3123965,qlever-server-d,R,407,1,4086740625,25106056,191,7,0
4924410766642631,0,__system__,-,1024721088,7867687244,0,0,0,-1,-
4924410786634920,3122254,qlever-server-d,S,991,1709,27010922485,9287664,1206,9,futex_do_wait
4924410786634920,3122258,qlever-server-d,S,0,0,4401833,817031,37,7,futex_do_wait
4924410786634920,3122806,qlever-server-d,R,3188,8,31971058493,12705037,318,2,0
4924410786634920,3122807,qlever-server-d,S,0,0,10120,0,1,1,futex_do_wait
4924410786634920,3122808,qlever-server-d,S,0,0,93120,0,4,9,ep_poll
4924410786634920,3122809,qlever-server-d,S,0,0,414310,214341,8,0,futex_do_wait
4924410786634920,3122810,qlever-server-d,S,5,30,359909237,111588031,2582,8,futex_do_wait
4924410786634920,3122811,qlever-server-d,S,5,31,371003222,95711429,2614,8,ep_poll
4924410786634920,3123964,qlever-server-d,S,0,0,3687101,9054195,112,15,futex_do_wait
4924410786634920,3123965,qlever-server-d,R,409,1,4106739766,25106056,191,7,0
4924410786634920,0,__system__,-,1024721107,7867687274,0,0,0,-1,-
4924410806644829,3122254,qlever-server-d,S,991,1709,27010922485,9287664,1206,9,futex_do_wait
4924410806644829,3122258,qlever-server-d,S,0,0,4401833,817031,37,7,futex_do_wait
4924410806644829,3122806,qlever-server-d,R,3190,8,31991037074,12723727,319,8,0
4924410806644829,3122807,qlever-server-d,S,0,0,10120,0,1,1,futex_do_wait
4924410806644829,3122808,qlever-server-d,S,0,0,93120,0,4,9,ep_poll
4924410806644829,3122809,qlever-server-d,S,0,0,414310,214341,8,0,futex_do_wait
4924410806644829,3122810,qlever-server-d,S,5,30,360368678,111588031,2583,0,futex_do_wait
4924410806644829,3122811,qlever-server-d,S,5,31,371044562,95711429,2616,3,ep_poll
4924410806644829,3123964,qlever-server-d,S,0,0,3719961,9054195,113,15,futex_do_wait
4924410806644829,3123965,qlever-server-d,R,411,1,4126665587,25163236,195,6,0
4924410806644829,0,__system__,-,1024721128,7867687307,0,0,0,-1,-
4924410826649347,3122254,qlever-server-d,S,991,1709,27010922485,9287664,1206,9,futex_do_wait
4924410826649347,3122258,qlever-server-d,S,0,0,4401833,817031,37,7,futex_do_wait
4924410826649347,3122806,qlever-server-d,R,3192,8,32010987935,12772887,320,8,0
4924410826649347,3122807,qlever-server-d,S,0,0,10120,0,1,1,futex_do_wait
4924410826649347,3122808,qlever-server-d,S,0,0,93120,0,4,9,ep_poll
4924410826649347,3122809,qlever-server-d,S,0,0,414310,214341,8,0,futex_do_wait
4924410826649347,3122810,qlever-server-d,S,5,30,360816178,112134811,2584,0,futex_do_wait
4924410826649347,3122811,qlever-server-d,S,5,31,371095792,96844140,2618,9,ep_poll
4924410826649347,3123964,qlever-server-d,S,0,0,3719961,9054195,113,15,futex_do_wait
4924410826649347,3123965,qlever-server-d,R,413,1,4146666608,25163236,195,6,0
4924410826649347,0,__system__,-,1024721150,7867687339,0,0,0,-1,-
4924410846634336,3122254,qlever-server-d,S,991,1709,27010922485,9287664,1206,9,futex_do_wait
4924410846634336,3122258,qlever-server-d,S,0,0,4401833,817031,37,7,futex_do_wait
4924410846634336,3122806,qlever-server-d,R,3194,8,32030989577,12772887,320,8,0
4924410846634336,3122807,qlever-server-d,S,0,0,10120,0,1,1,futex_do_wait
4924410846634336,3122808,qlever-server-d,S,0,0,93120,0,4,9,ep_poll
4924410846634336,3122809,qlever-server-d,S,0,0,414310,214341,8,0,futex_do_wait
4924410846634336,3122810,qlever-server-d,S,5,30,361550078,112478171,2589,0,futex_do_wait
4924410846634336,3122811,qlever-server-d,S,5,31,371149642,98387090,2620,9,ep_poll
4924410846634336,3123964,qlever-server-d,S,0,0,3719961,9054195,113,15,futex_do_wait
4924410846634336,3123965,qlever-server-d,R,415,1,4166633179,25190296,197,6,0
4924410846634336,0,__system__,-,1024721170,7867687370,0,0,0,-1,-
4924410866637835,3122254,qlever-server-d,S,991,1709,27010922485,9287664,1206,9,futex_do_wait
4924410866637835,3122258,qlever-server-d,S,0,0,4401833,817031,37,7,futex_do_wait
4924410866637835,3122806,qlever-server-d,R,3196,8,32051718018,12772887,320,8,0
4924410866637835,3122807,qlever-server-d,S,0,0,10120,0,1,1,futex_do_wait
4924410866637835,3122808,qlever-server-d,S,0,0,93120,0,4,9,ep_poll
4924410866637835,3122809,qlever-server-d,S,0,0,414310,214341,8,0,futex_do_wait
4924410866637835,3122810,qlever-server-d,S,5,30,362053378,112746161,2596,0,ep_poll
4924410866637835,3122811,qlever-server-d,S,5,31,371212942,98658390,2625,0,futex_do_wait
4924410866637835,3123964,qlever-server-d,S,0,0,3755741,9054195,114,15,futex_do_wait
4924410866637835,3123965,qlever-server-d,R,417,1,4186600220,25216436,199,6,0
4924410866637835,0,__system__,-,1024721191,7867687402,0,0,0,-1,-
4924410886644794,3122254,qlever-server-d,S,991,1709,27010922485,9287664,1206,9,futex_do_wait
4924410886644794,3122258,qlever-server-d,S,0,0,4401833,817031,37,7,futex_do_wait
4924410886644794,3122806,qlever-server-d,R,3198,8,32070987449,12772887,320,8,0
4924410886644794,3122807,qlever-server-d,S,0,0,10120,0,1,1,futex_do_wait
4924410886644794,3122808,qlever-server-d,S,0,0,93120,0,4,9,ep_poll
4924410886644794,3122809,qlever-server-d,S,0,0,414310,214341,8,0,futex_do_wait
4924410886644794,3122810,qlever-server-d,S,5,30,362106168,113923252,2598,2,ep_poll
4924410886644794,3122811,qlever-server-d,S,5,31,371700192,98658390,2626,0,futex_do_wait
4924410886644794,3123964,qlever-server-d,S,0,0,3755741,9054195,114,15,futex_do_wait
4924410886644794,3123965,qlever-server-d,R,419,1,4206601521,25216436,199,6,0
4924410886644794,0,__system__,-,1024721211,7867687434,0,0,0,-1,-
4924410906638142,3122254,qlever-server-d,S,991,1709,27010922485,9287664,1206,9,futex_do_wait
4924410906638142,3122258,qlever-server-d,S,0,0,4401833,817031,37,7,futex_do_wait
4924410906638142,3122806,qlever-server-d,R,3200,8,32090990020,12772887,320,8,0
4924410906638142,3122807,qlever-server-d,S,0,0,10120,0,1,1,futex_do_wait
4924410906638142,3122808,qlever-server-d,S,0,0,93120,0,4,9,ep_poll
4924410906638142,3122809,qlever-server-d,S,0,0,414310,214341,8,0,futex_do_wait
4924410906638142,3122810,qlever-server-d,S,5,30,362127668,114110772,2599,3,ep_poll
4924410906638142,3122811,qlever-server-d,S,5,31,372128392,98658390,2627,3,futex_do_wait
4924410906638142,3123964,qlever-server-d,S,0,0,3790251,9054195,115,13,futex_do_wait
4924410906638142,3123965,qlever-server-d,R,421,1,4226600902,25216436,199,6,0
4924410906638142,0,__system__,-,1024721231,7867687465,0,0,0,-1,-
4924410926639281,3122254,qlever-server-d,S,991,1709,27010922485,9287664,1206,9,futex_do_wait
4924410926639281,3122258,qlever-server-d,S,0,0,4401833,817031,37,7,futex_do_wait
4924410926639281,3122806,qlever-server-d,R,3202,8,32110988801,12772887,320,8,0
4924410926639281,3122807,qlever-server-d,S,0,0,10120,0,1,1,futex_do_wait
4924410926639281,3122808,qlever-server-d,S,0,0,93120,0,4,9,ep_poll
4924410926639281,3122809,qlever-server-d,S,0,0,414310,214341,8,0,futex_do_wait
4924410926639281,3122810,qlever-server-d,S,5,30,362163839,114110772,2601,10,ep_poll
4924410926639281,3122811,qlever-server-d,S,5,31,372547373,98658390,2628,3,futex_do_wait
4924410926639281,3123964,qlever-server-d,S,0,0,3790251,9054195,115,13,futex_do_wait
4924410926639281,3123965,qlever-server-d,R,423,1,4246601664,25216436,199,6,0
4924410926639281,0,__system__,-,1024721251,7867687496,0,0,0,-1,-
4924410946645910,3122254,qlever-server-d,S,991,1709,27010922485,9287664,1206,9,futex_do_wait
4924410946645910,3122258,qlever-server-d,S,0,0,4401833,817031,37,7,futex_do_wait
4924410946645910,3122806,qlever-server-d,R,3204,8,32130989142,12772887,320,8,0
4924410946645910,3122807,qlever-server-d,S,0,0,10120,0,1,1,futex_do_wait
4924410946645910,3122808,qlever-server-d,S,0,0,93120,0,4,9,ep_poll
4924410946645910,3122809,qlever-server-d,S,0,0,414310,214341,8,0,futex_do_wait
4924410946645910,3122810,qlever-server-d,R,5,30,362193319,114110772,2602,11,0
4924410946645910,3122811,qlever-server-d,S,5,31,373024624,98658390,2629,0,futex_do_wait
4924410946645910,3123964,qlever-server-d,S,0,0,3790251,9054195,115,13,futex_do_wait
4924410946645910,3123965,qlever-server-d,R,425,1,4266601495,25216436,199,6,0
4924410946645910,0,__system__,-,1024721273,7867687528,0,0,0,-1,-
4924410966641638,3122254,qlever-server-d,S,991,1709,27010922485,9287664,1206,9,futex_do_wait
4924410966641638,3122258,qlever-server-d,S,0,0,4401833,817031,37,7,futex_do_wait
4924410966641638,3122806,qlever-server-d,R,3206,8,32150950783,12812427,321,8,0
4924410966641638,3122807,qlever-server-d,S,0,0,10120,0,1,1,futex_do_wait
4924410966641638,3122808,qlever-server-d,S,0,0,93120,0,4,9,ep_poll
4924410966641638,3122809,qlever-server-d,S,0,0,414310,214341,8,0,futex_do_wait
4924410966641638,3122810,qlever-server-d,S,5,30,362223239,116391363,2603,11,ep_poll
4924410966641638,3122811,qlever-server-d,S,5,31,373024624,98658390,2629,0,futex_do_wait
4924410966641638,3123964,qlever-server-d,S,0,0,3827431,9054195,116,15,futex_do_wait
4924410966641638,3123965,qlever-server-d,R,427,1,4286603336,25216436,199,6,0
4924410966641638,0,__system__,-,1024721294,7867687559,0,0,0,-1,-
4924410986644627,3122254,qlever-server-d,S,991,1709,27010922485,9287664,1206,9,futex_do_wait
4924410986644627,3122258,qlever-server-d,S,0,0,4401833,817031,37,7,futex_do_wait
4924410986644627,3122806,qlever-server-d,R,3208,8,32170949844,12812427,321,8,0
4924410986644627,3122807,qlever-server-d,S,0,0,10120,0,1,1,futex_do_wait
4924410986644627,3122808,qlever-server-d,S,0,0,93120,0,4,9,ep_poll
4924410986644627,3122809,qlever-server-d,S,0,0,414310,214341,8,0,futex_do_wait
4924410986644627,3122810,qlever-server-d,S,5,30,362253209,116408603,2605,11,ep_poll
4924410986644627,3122811,qlever-server-d,S,5,31,373463024,98658390,2630,2,futex_do_wait
4924410986644627,3123964,qlever-server-d,S,0,0,3827431,9054195,116,15,futex_do_wait
4924410986644627,3123965,qlever-server-d,R,429,1,4306602317,25216436,199,6,0
4924410986644627,0,__system__,-,1024721315,7867687591,0,0,0,-1,-
4924411006637516,3122254,qlever-server-d,S,991,1709,27010922485,9287664,1206,9,futex_do_wait
4924411006637516,3122258,qlever-server-d,S,0,0,4401833,817031,37,7,futex_do_wait
4924411006637516,3122806,qlever-server-d,R,3210,8,32190948425,12812427,321,8,0
4924411006637516,3122807,qlever-server-d,S,0,0,10120,0,1,1,futex_do_wait
4924411006637516,3122808,qlever-server-d,S,0,0,93120,0,4,9,ep_poll
4924411006637516,3122809,qlever-server-d,S,0,0,414310,214341,8,0,futex_do_wait
4924411006637516,3122810,qlever-server-d,S,5,30,362290369,116408603,2607,11,ep_poll
4924411006637516,3122811,qlever-server-d,S,5,31,373925864,98658390,2631,9,futex_do_wait
4924411006637516,3123964,qlever-server-d,S,0,0,3869341,9054195,117,13,futex_do_wait
4924411006637516,3123965,qlever-server-d,R,431,1,4326601868,25216436,199,6,0
4924411006637516,0,__system__,-,1024721336,7867687624,0,0,0,-1,-
4924411026631105,3122254,qlever-server-d,S,991,1709,27010922485,9287664,1206,9,futex_do_wait
4924411026631105,3122258,qlever-server-d,S,0,0,4401833,817031,37,7,futex_do_wait
4924411026631105,3122806,qlever-server-d,R,3212,8,32210949587,12812427,321,8,0
4924411026631105,3122807,qlever-server-d,S,0,0,10120,0,1,1,futex_do_wait
4924411026631105,3122808,qlever-server-d,S,0,0,93120,0,4,9,ep_poll
4924411026631105,3122809,qlever-server-d,S,0,0,414310,214341,8,0,futex_do_wait
4924411026631105,3122810,qlever-server-d,S,5,30,362337669,116408603,2609,2,ep_poll
4924411026631105,3122811,qlever-server-d,S,5,31,374325085,98658390,2632,11,futex_do_wait
4924411026631105,3123964,qlever-server-d,S,0,0,3869341,9054195,117,13,futex_do_wait
4924411026631105,3123965,qlever-server-d,R,433,1,4346583549,25235716,200,1,0
4924411026631105,0,__system__,-,1024721356,7867687655,0,0,0,-1,-
4924411046631103,3122254,qlever-server-d,S,991,1709,27010922485,9287664,1206,9,futex_do_wait
4924411046631103,3122258,qlever-server-d,S,0,0,4401833,817031,37,7,futex_do_wait
4924411046631103,3122806,qlever-server-d,R,3214,8,32230950008,12812427,321,8,0
4924411046631103,3122807,qlever-server-d,S,0,0,10120,0,1,1,futex_do_wait
4924411046631103,3122808,qlever-server-d,S,0,0,93120,0,4,9,ep_poll
4924411046631103,3122809,qlever-server-d,S,0,0,414310,214341,8,0,futex_do_wait
4924411046631103,3122810,qlever-server-d,S,5,30,362381169,116418633,2611,11,ep_poll
4924411046631103,3122811,qlever-server-d,S,5,31,374753485,99916091,2633,11,futex_do_wait
4924411046631103,3123964,qlever-server-d,S,0,0,3869341,9054195,117,13,futex_do_wait
4924411046631103,3123965,qlever-server-d,R,435,1,4366581290,25235716,200,1,0
4924411046631103,0,__system__,-,1024721377,7867687687,0,0,0,-1,-
4924411066635822,3122254,qlever-server-d,S,991,1709,27010922485,9287664,1206,9,futex_do_wait
4924411066635822,3122258,qlever-server-d,S,0,0,4401833,817031,37,7,futex_do_wait
4924411066635822,3122806,qlever-server-d,R,3216,8,32250952819,12812427,321,8,0
4924411066635822,3122807,qlever-server-d,S,0,0,10120,0,1,1,futex_do_wait
4924411066635822,3122808,qlever-server-d,S,0,0,93120,0,4,9,ep_poll
4924411066635822,3122809,qlever-server-d,S,0,0,414310,214341,8,0,futex_do_wait
4924411066635822,3122810,qlever-server-d,S,5,30,362424119,116801583,2613,10,ep_poll
4924411066635822,3122811,qlever-server-d,S,5,31,375192545,100267132,2634,11,futex_do_wait
4924411066635822,3123964,qlever-server-d,S,0,0,3905781,9054195,118,13,futex_do_wait
4924411066635822,3123965,qlever-server-d,R,437,1,4386582651,25235716,200,1,0
4924411066635822,0,__system__,-,1024721398,7867687719,0,0,0,-1,-
4924411086650891,3122254,qlever-server-d,S,991,1709,27010922485,9287664,1206,9,futex_do_wait
4924411086650891,3122258,qlever-server-d,S,0,0,4401833,817031,37,7,futex_do_wait
4924411086650891,3122806,qlever-server-d,R,3218,8,32270951010,12812427,321,8,0
4924411086650891,3122807,qlever-server-d,S,0,0,10120,0,1,1,futex_do_wait
4924411086650891,3122808,qlever-server-d,S,0,0,93120,0,4,9,ep_poll
4924411086650891,3122809,qlever-server-d,S,0,0,414310,214341,8,0,futex_do_wait
4924411086650891,3122810,qlever-server-d,S,5,30,362451559,117521993,2614,10,ep_poll
4924411086650891,3122811,qlever-server-d,S,5,31,375535895,100335882,2635,11,futex_do_wait
4924411086650891,3123964,qlever-server-d,S,0,0,3905781,9054195,118,13,futex_do_wait
4924411086650891,3123965,qlever-server-d,R,439,1,4406581832,25235716,200,1,0
4924411086650891,0,__system__,-,1024721421,7867687751,0,0,0,-1,-
4924411106638980,3122254,qlever-server-d,S,991,1709,27010922485,9287664,1206,9,futex_do_wait
4924411106638980,3122258,qlever-server-d,S,0,0,4401833,817031,37,7,futex_do_wait
4924411106638980,3122806,qlever-server-d,R,3220,8,32290950891,12812427,321,8,0
4924411106638980,3122807,qlever-server-d,S,0,0,10120,0,1,1,futex_do_wait
4924411106638980,3122808,qlever-server-d,S,0,0,93120,0,4,9,ep_poll
4924411106638980,3122809,qlever-server-d,S,0,0,414310,214341,8,0,futex_do_wait
4924411106638980,3122810,qlever-server-d,S,5,30,362488489,117521993,2616,2,ep_poll
4924411106638980,3122811,qlever-server-d,S,5,31,375935315,100759233,2636,11,futex_do_wait
4924411106638980,3123964,qlever-server-d,S,0,0,3945321,9054195,119,15,futex_do_wait
4924411106638980,3123965,qlever-server-d,R,441,1,4426582544,25235716,200,1,0
4924411106638980,0,__system__,-,1024721442,7867687783,0,0,0,-1,-
4924411126637408,3122254,qlever-server-d,S,991,1709,27010922485,9287664,1206,9,futex_do_wait
4924411126637408,3122258,qlever-server-d,S,0,0,4401833,817031,37,7,futex_do_wait
4924411126637408,3122806,qlever-server-d,R,3222,8,32310949582,12812427,321,8,0
4924411126637408,3122807,qlever-server-d,S,0,0,10120,0,1,1,futex_do_wait
4924411126637408,3122808,qlever-server-d,S,0,0,93120,0,4,9,ep_poll
4924411126637408,3122809,qlever-server-d,S,0,0,414310,214341,8,0,futex_do_wait
4924411126637408,3122810,qlever-server-d,S,5,30,362559399,117537313,2620,10,ep_poll
4924411126637408,3122811,qlever-server-d,S,5,31,376697875,100759233,2638,11,futex_do_wait
4924411126637408,3123964,qlever-server-d,S,0,0,3945321,9054195,119,15,futex_do_wait
4924411126637408,3123965,qlever-server-d,R,443,1,4446383015,25425066,201,9,0
4924411126637408,0,__system__,-,1024721463,7867687815,0,0,0,-1,-
4924411146640777,3122254,qlever-server-d,S,991,1709,27010922485,9287664,1206,9,futex_do_wait
4924411146640777,3122258,qlever-server-d,S,0,0,4401833,817031,37,7,futex_do_wait
4924411146640777,3122806,qlever-server-d,R,3224,8,32330933923,12829617,322,8,0
4924411146640777,3122807,qlever-server-d,S,0,0,10120,0,1,1,futex_do_wait
4924411146640777,3122808,qlever-server-d,S,0,0,93120,0,4,9,ep_poll
4924411146640777,3122809,qlever-server-d,S,0,0,414310,214341,8,0,futex_do_wait
4924411146640777,3122810,qlever-server-d,S,5,30,362583499,117850603,2621,10,ep_poll
4924411146640777,3122811,qlever-server-d,S,5,31,377235855,100759233,2639,10,futex_do_wait
4924411146640777,3123964,qlever-server-d,S,0,0,3945321,9054195,119,15,futex_do_wait
4924411146640777,3123965,qlever-server-d,R,445,1,4466364286,25443826,202,9,0
4924411146640777,0,__system__,-,1024721483,7867687846,0,0,0,-1,-
4924411166629686,3122254,qlever-server-d,S,991,1709,27010922485,9287664,1206,9,futex_do_wait
4924411166629686,3122258,qlever-server-d,S,0,0,4401833,817031,37,7,futex_do_wait
4924411166629686,3122806,qlever-server-d,R,3226,8,32350933324,12829617,322,8,0
4924411166629686,3122807,qlever-server-d,S,0,0,10120,0,1,1,futex_do_wait
4924411166629686,3122808,qlever-server-d,S,0,0,93120,0,4,9,ep_poll
4924411166629686,3122809,qlever-server-d,S,0,0,414310,214341,8,0,futex_do_wait
4924411166629686,3122810,qlever-server-d,S,5,30,362621099,117850603,2623,0,ep_poll
4924411166629686,3122811,qlever-server-d,S,5,31,377590135,100759233,2640,10,futex_do_wait
4924411166629686,3123964,qlever-server-d,S,0,0,3974771,9054195,120,4,futex_do_wait
4924411166629686,3123965,qlever-server-d,R,447,1,4486363247,25443826,202,9,0
4924411166629686,0,__system__,-,1024721504,7867687879,0,0,0,-1,-
4924411186639314,3122254,qlever-server-d,S,991,1709,27010922485,9287664,1206,9,futex_do_wait
4924411186639314,3122258,qlever-server-d,S,0,0,4401833,817031,37,7,futex_do_wait
4924411186639314,3122806,qlever-server-d,R,3228,8,32370933835,12829617,322,8,0
4924411186639314,3122807,qlever-server-d,S,0,0,10120,0,1,1,futex_do_wait
4924411186639314,3122808,qlever-server-d,S,0,0,93120,0,4,9,ep_poll
4924411186639314,3122809,qlever-server-d,S,0,0,414310,214341,8,0,futex_do_wait
4924411186639314,3122810,qlever-server-d,S,5,30,362655439,117850603,2625,2,ep_poll
4924411186639314,3122811,qlever-server-d,S,6,31,377937765,100759233,2641,11,futex_do_wait
4924411186639314,3123964,qlever-server-d,S,0,0,3974771,9054195,120,4,futex_do_wait
4924411186639314,3123965,qlever-server-d,R,449,1,4506363438,25443826,202,9,0
4924411186639314,0,__system__,-,1024721525,7867687911,0,0,0,-1,-
4924411206634973,3122254,qlever-server-d,S,991,1709,27010922485,9287664,1206,9,futex_do_wait
4924411206634973,3122258,qlever-server-d,S,0,0,4401833,817031,37,7,futex_do_wait
4924411206634973,3122806,qlever-server-d,R,3230,8,32390932517,12829617,322,8,0
4924411206634973,3122807,qlever-server-d,S,0,0,10120,0,1,1,futex_do_wait
4924411206634973,3122808,qlever-server-d,S,0,0,93120,0,4,9,ep_poll
4924411206634973,3122809,qlever-server-d,S,0,0,414310,214341,8,0,futex_do_wait
4924411206634973,3122810,qlever-server-d,S,5,30,362722109,117994133,2628,10,ep_poll
4924411206634973,3122811,qlever-server-d,S,6,31,378524085,100759233,2643,10,futex_do_wait
4924411206634973,3123964,qlever-server-d,S,0,0,4013351,9054195,121,5,futex_do_wait
4924411206634973,3123965,qlever-server-d,R,451,1,4526364659,25443826,202,9,0
4924411206634973,0,__system__,-,1024721547,7867687943,0,0,0,-1,-
4924411226645262,3122254,qlever-server-d,S,991,1709,27010922485,9287664,1206,9,futex_do_wait
4924411226645262,3122258,qlever-server-d,S,0,0,4401833,817031,37,7,futex_do_wait
4924411226645262,3122806,qlever-server-d,R,3232,8,32410935498,12829617,322,8,0
4924411226645262,3122807,qlever-server-d,S,0,0,10120,0,1,1,futex_do_wait
4924411226645262,3122808,qlever-server-d,S,0,0,93120,0,4,9,ep_poll
4924411226645262,3122809,qlever-server-d,S,0,0,414310,214341,8,0,futex_do_wait
4924411226645262,3122810,qlever-server-d,S,5,30,362760959,117994133,2630,1,ep_poll
4924411226645262,3122811,qlever-server-d,S,6,31,378895625,100759233,2644,10,futex_do_wait
4924411226645262,3123964,qlever-server-d,S,0,0,4013351,9054195,121,5,futex_do_wait
4924411226645262,3123965,qlever-server-d,R,453,1,4546364280,25443826,202,9,0
4924411226645262,0,__system__,-,1024721568,7867687974,0,0,0,-1,-
4924411246642871,3122254,qlever-server-d,S,991,1709,27010922485,9287664,1206,9,futex_do_wait
4924411246642871,3122258,qlever-server-d,S,0,0,4401833,817031,37,7,futex_do_wait
4924411246642871,3122806,qlever-server-d,R,3234,8,32430934859,12829617,322,8,0
4924411246642871,3122807,qlever-server-d,S,0,0,10120,0,1,1,futex_do_wait
4924411246642871,3122808,qlever-server-d,S,0,0,93120,0,4,9,ep_poll
4924411246642871,3122809,qlever-server-d,S,0,0,414310,214341,8,0,futex_do_wait
4924411246642871,3122810,qlever-server-d,S,5,30,362784209,118153163,2631,0,ep_poll
4924411246642871,3122811,qlever-server-d,S,6,31,379265885,100759233,2645,0,futex_do_wait
4924411246642871,3123964,qlever-server-d,S,0,0,4013351,9054195,121,5,futex_do_wait
4924411246642871,3123965,qlever-server-d,R,455,1,4566300101,25504576,203,5,0
4924411246642871,0,__system__,-,1024721590,7867688006,0,0,0,-1,-
4924411266754849,3122254,qlever-server-d,S,991,1709,27010922485,9287664,1206,9,futex_do_wait
4924411266754849,3122258,qlever-server-d,S,0,0,4401833,817031,37,7,futex_do_wait
4924411266754849,3122806,qlever-server-d,R,3236,8,32451933890,12829617,322,8,0
4924411266754849,3122807,qlever-server-d,S,0,0,10120,0,1,1,futex_do_wait
4924411266754849,3122808,qlever-server-d,S,0,0,93120,0,4,9,ep_poll
4924411266754849,3122809,qlever-server-d,S,0,0,414310,214341,8,0,futex_do_wait
4924411266754849,3122810,qlever-server-d,S,5,30,362832799,118172753,2634,1,ep_poll
4924411266754849,3122811,qlever-server-d,S,6,31,379762606,100779223,2647,0,futex_do_wait
4924411266754849,3123964,qlever-server-d,S,0,0,4046751,9054195,122,4,futex_do_wait
4924411266754849,3123965,qlever-server-d,R,457,1,4586301862,25504576,203,5,0
4924411266754849,0,__system__,-,1024721616,7867688039,0,0,0,-1,-
4924411286844766,3122254,qlever-server-d,S,991,1709,27010922485,9287664,1206,9,futex_do_wait
4924411286844766,3122258,qlever-server-d,S,0,0,4401833,817031,37,7,futex_do_wait
4924411286844766,3122806,qlever-server-d,R,3238,8,32471934072,12829617,322,8,0
4924411286844766,3122807,qlever-server-d,S,0,0,10120,0,1,1,futex_do_wait
4924411286844766,3122808,qlever-server-d,S,0,0,93120,0,4,9,ep_poll
4924411286844766,3122809,qlever-server-d,S,0,0,414310,214341,8,0,futex_do_wait
4924411286844766,3122810,qlever-server-d,S,5,30,362864699,118180793,2636,1,ep_poll
4924411286844766,3122811,qlever-server-d,S,6,31,380227916,100779223,2648,10,futex_do_wait
4924411286844766,3123964,qlever-server-d,S,0,0,4046751,9054195,122,4,futex_do_wait
4924411286844766,3123965,qlever-server-d,R,459,1,4605910804,25881966,206,13,0
4924411286844766,0,__system__,-,1024721639,7867688069,0,0,0,-1,-
4924411306635077,3122254,qlever-server-d,S,991,1709,27010922485,9287664,1206,9,futex_do_wait
4924411306635077,3122258,qlever-server-d,S,0,0,4401833,817031,37,7,futex_do_wait
4924411306635077,3122806,qlever-server-d,R,3240,8,32490934152,12829617,322,8,0
4924411306635077,3122807,qlever-server-d,S,0,0,10120,0,1,1,futex_do_wait
4924411306635077,3122808,qlever-server-d,S,0,0,93120,0,4,9,ep_poll
4924411306635077,3122809,qlever-server-d,S,0,0,414310,214341,8,0,futex_do_wait
4924411306635077,3122810,qlever-server-d,S,5,30,362897949,118538093,2637,6,ep_poll
4924411306635077,3122811,qlever-server-d,S,6,31,380669326,100779223,2649,10,futex_do_wait
4924411306635077,3123964,qlever-server-d,S,0,0,4079981,9054195,123,5,futex_do_wait
4924411306635077,3123965,qlever-server-d,R,461,1,4625910465,25881966,206,13,0
4924411306635077,0,__system__,-,1024721663,7867688100,0,0,0,-1,-
4924411326654445,3122254,qlever-server-d,S,991,1709,27010922485,9287664,1206,9,futex_do_wait
4924411326654445,3122258,qlever-server-d,S,0,0,4401833,817031,37,7,futex_do_wait
4924411326654445,3122806,qlever-server-d,R,3242,8,32510933713,12829617,322,8,0
4924411326654445,3122807,qlever-server-d,S,0,0,10120,0,1,1,futex_do_wait
4924411326654445,3122808,qlever-server-d,S,0,0,93120,0,4,9,ep_poll
4924411326654445,3122809,qlever-server-d,S,0,0,414310,214341,8,0,futex_do_wait
4924411326654445,3122810,qlever-server-d,S,5,30,362945649,118538093,2639,6,ep_poll
4924411326654445,3122811,qlever-server-d,S,6,32,381090106,100984013,2652,10,futex_do_wait
4924411326654445,3123964,qlever-server-d,S,0,0,4079981,9054195,123,5,futex_do_wait
4924411326654445,3123965,qlever-server-d,R,463,1,4645913656,25881966,206,13,0
4924411326654445,0,__system__,-,1024721687,7867688132,0,0,0,-1,-
4924411346645814,3122254,qlever-server-d,S,991,1709,27010922485,9287664,1206,9,futex_do_wait
4924411346645814,3122258,qlever-server-d,S,0,0,4401833,817031,37,7,futex_do_wait
4924411346645814,3122806,qlever-server-d,R,3244,8,32530934954,12829617,322,8,0
4924411346645814,3122807,qlever-server-d,S,0,0,10120,0,1,1,futex_do_wait
4924411346645814,3122808,qlever-server-d,S,0,0,93120,0,4,9,ep_poll
4924411346645814,3122809,qlever-server-d,S,0,0,414310,214341,8,0,futex_do_wait
4924411346645814,3122810,qlever-server-d,S,5,30,362969159,118840784,2640,6,ep_poll
4924411346645814,3122811,qlever-server-d,S,6,32,381451047,100984013,2653,15,futex_do_wait
4924411346645814,3123964,qlever-server-d,S,0,0,4079981,9054195,123,5,futex_do_wait
4924411346645814,3123965,qlever-server-d,R,465,1,4665889447,25899996,207,6,0
4924411346645814,0,__system__,-,1024721708,7867688163,0,0,0,-1,-
4924411366641313,3122254,qlever-server-d,S,991,1709,27010922485,9287664,1206,9,futex_do_wait
4924411366641313,3122258,qlever-server-d,S,0,0,4401833,817031,37,7,futex_do_wait
4924411366641313,3122806,qlever-server-d,R,3246,8,32550937185,12829617,322,8,0
4924411366641313,3122807,qlever-server-d,S,0,0,10120,0,1,1,futex_do_wait
4924411366641313,3122808,qlever-server-d,S,0,0,93120,0,4,9,ep_poll
4924411366641313,3122809,qlever-server-d,S,0,0,414310,214341,8,0,futex_do_wait
4924411366641313,3122810,qlever-server-d,S,5,30,362992139,119023544,2641,5,ep_poll
4924411366641313,3122811,qlever-server-d,S,6,32,381860248,100984013,2654,5,futex_do_wait
4924411366641313,3123964,qlever-server-d,S,0,0,4096841,9054195,124,5,futex_do_wait
4924411366641313,3123965,qlever-server-d,R,467,1,4685888898,25899996,207,6,0
4924411366641313,0,__system__,-,1024721729,7867688195,0,0,0,-1,-
4924411386643092,3122254,qlever-server-d,S,991,1709,27010922485,9287664,1206,9,futex_do_wait
4924411386643092,3122258,qlever-server-d,S,0,0,4401833,817031,37,7,futex_do_wait
4924411386643092,3122806,qlever-server-d,R,3248,8,32570936177,12829617,322,8,0
4924411386643092,3122807,qlever-server-d,S,0,0,10120,0,1,1,futex_do_wait
4924411386643092,3122808,qlever-server-d,S,0,0,93120,0,4,9,ep_poll
4924411386643092,3122809,qlever-server-d,S,0,0,414310,214341,8,0,futex_do_wait
4924411386643092,3122810,qlever-server-d,S,5,30,363054030,119026674,2644,15,ep_poll
4924411386643092,3122811,qlever-server-d,S,6,32,382300489,101648273,2656,5,futex_do_wait
4924411386643092,3123964,qlever-server-d,S,0,0,4096841,9054195,124,5,futex_do_wait
4924411386643092,3123965,qlever-server-d,R,469,1,4705862619,25926436,208,6,0
4924411386643092,0,__system__,-,1024721751,7867688227,0,0,0,-1,-
4924411406642240,3122254,qlever-server-d,S,991,1709,27010922485,9287664,1206,9,futex_do_wait
4924411406642240,3122258,qlever-server-d,S,0,0,4401833,817031,37,7,futex_do_wait
4924411406642240,3122806,qlever-server-d,R,3250,8,32590935728,12829617,322,8,0
4924411406642240,3122807,qlever-server-d,S,0,0,10120,0,1,1,futex_do_wait
4924411406642240,3122808,qlever-server-d,S,0,0,93120,0,4,9,ep_poll
4924411406642240,3122809,qlever-server-d,S,0,0,414310,214341,8,0,futex_do_wait
4924411406642240,3122810,qlever-server-d,S,5,30,363130910,119026674,2648,13,ep_poll
4924411406642240,3122811,qlever-server-d,S,6,32,382980240,101648273,2658,5,futex_do_wait
4924411406642240,3123964,qlever-server-d,S,0,0,4115541,9054195,125,5,futex_do_wait
4924411406642240,3123965,qlever-server-d,R,471,1,4725843630,25945876,209,6,0
4924411406642240,0,__system__,-,1024721773,7867688259,0,0,0,-1,-
4924411426646979,3122254,qlever-server-d,S,991,1709,27010922485,9287664,1206,9,futex_do_wait
4924411426646979,3122258,qlever-server-d,S,0,0,4401833,817031,37,7,futex_do_wait
4924411426646979,3122806,qlever-server-d,R,3252,8,32610934709,12829617,322,8,0
4924411426646979,3122807,qlever-server-d,S,0,0,10120,0,1,1,futex_do_wait
4924411426646979,3122808,qlever-server-d,S,0,0,93120,0,4,9,ep_poll
4924411426646979,3122809,qlever-server-d,S,0,0,414310,214341,8,0,futex_do_wait
4924411426646979,3122810,qlever-server-d,S,5,30,363153120,119175324,2649,5,ep_poll
4924411426646979,3122811,qlever-server-d,S,6,32,383344560,101648273,2659,5,futex_do_wait
4924411426646979,3123964,qlever-server-d,S,0,0,4115541,9054195,125,5,futex_do_wait
4924411426646979,3123965,qlever-server-d,R,473,1,4745844091,25945876,209,6,0
4924411426646979,0,__system__,-,1024721793,7867688290,0,0,0,-1,-
4924411446638128,3122254,qlever-server-d,S,991,1709,27010922485,9287664,1206,9,futex_do_wait
4924411446638128,3122258,qlever-server-d,S,0,0,4401833,817031,37,7,futex_do_wait
4924411446638128,3122806,qlever-server-d,R,3254,8,32630934660,12829617,322,8,0
4924411446638128,3122807,qlever-server-d,S,0,0,10120,0,1,1,futex_do_wait
4924411446638128,3122808,qlever-server-d,S,0,0,93120,0,4,9,ep_poll
4924411446638128,3122809,qlever-server-d,S,0,0,414310,214341,8,0,futex_do_wait
4924411446638128,3122810,qlever-server-d,S,5,30,363198530,119184324,2651,5,ep_poll
4924411446638128,3122811,qlever-server-d,S,6,32,383783000,101648273,2660,5,futex_do_wait
4924411446638128,3123964,qlever-server-d,S,0,0,4115541,9054195,125,5,futex_do_wait
4924411446638128,3123965,qlever-server-d,R,475,1,4765825382,25996316,211,2,0
4924411446638128,0,__system__,-,1024721816,7867688323,0,0,0,-1,-
4924411466648687,3122254,qlever-server-d,S,991,1709,27010922485,9287664,1206,9,futex_do_wait
4924411466648687,3122258,qlever-server-d,S,0,0,4401833,817031,37,7,futex_do_wait
4924411466648687,3122806,qlever-server-d,R,3256,8,32650934801,12829617,322,8,0
4924411466648687,3122807,qlever-server-d,S,0,0,10120,0,1,1,futex_do_wait
4924411466648687,3122808,qlever-server-d,S,0,0,93120,0,4,9,ep_poll
4924411466648687,3122809,qlever-server-d,S,0,0,414310,214341,8,0,futex_do_wait
4924411466648687,3122810,qlever-server-d,S,5,30,363220790,119496324,2652,5,ep_poll
4924411466648687,3122811,qlever-server-d,S,6,32,384242860,101648273,2661,7,futex_do_wait
4924411466648687,3123964,qlever-server-d,S,0,0,4153951,9054195,126,14,futex_do_wait
4924411466648687,3123965,qlever-server-d,R,477,1,4785791794,25996316,211,2,0
4924411466648687,0,__system__,-,1024721837,7867688354,0,0,0,-1,-
4924411486640325,3122254,qlever-server-d,S,991,1709,27010922485,9287664,1206,9,futex_do_wait
4924411486640325,3122258,qlever-server-d,S,0,0,4401833,817031,37,7,futex_do_wait
4924411486640325,3122806,qlever-server-d,R,3258,8,32670934382,12829617,322,8,0
4924411486640325,3122807,qlever-server-d,S,0,0,10120,0,1,1,futex_do_wait
4924411486640325,3122808,qlever-server-d,S,0,0,93120,0,4,9,ep_poll
4924411486640325,3122809,qlever-server-d,S,0,0,414310,214341,8,0,futex_do_wait
4924411486640325,3122810,qlever-server-d,S,5,30,363305820,121650135,2655,15,ep_poll
4924411486640325,3122811,qlever-server-d,S,6,32,385377390,103006513,2665,15,futex_do_wait
4924411486640325,3123964,qlever-server-d,S,0,0,4153951,9054195,126,14,futex_do_wait
4924411486640325,3123965,qlever-server-d,R,479,1,4805766135,26016086,212,3,0
4924411486640325,0,__system__,-,1024721858,7867688386,0,0,0,-1,-
4924411506641414,3122254,qlever-server-d,S,991,1709,27010922485,9287664,1206,9,futex_do_wait
4924411506641414,3122258,qlever-server-d,S,0,0,4401833,817031,37,7,futex_do_wait
4924411506641414,3122806,qlever-server-d,R,3260,8,32690935593,12829617,322,8,0
4924411506641414,3122807,qlever-server-d,S,0,0,10120,0,1,1,futex_do_wait
4924411506641414,3122808,qlever-server-d,S,0,0,93120,0,4,9,ep_poll
4924411506641414,3122809,qlever-server-d,S,0,0,414310,214341,8,0,futex_do_wait
4924411506641414,3122810,qlever-server-d,S,5,30,363564230,121659145,2659,15,futex_do_wait
4924411506641414,3122811,qlever-server-d,S,6,32,385688821,103391313,2670,15,ep_poll
4924411506641414,3123964,qlever-server-d,S,0,0,4188991,9054195,127,14,futex_do_wait
4924411506641414,3123965,qlever-server-d,R,481,1,4825744176,26036986,213,2,0
4924411506641414,0,__system__,-,1024721879,7867688418,0,0,0,-1,-
4924411526637553,3122254,qlever-server-d,S,991,1709,27010922485,9287664,1206,9,futex_do_wait
4924411526637553,3122258,qlever-server-d,S,0,0,4401833,817031,37,7,futex_do_wait
4924411526637553,3122806,qlever-server-d,R,3262,8,32710936374,12829617,322,8,0
4924411526637553,3122807,qlever-server-d,S,0,0,10120,0,1,1,futex_do_wait
4924411526637553,3122808,qlever-server-d,S,0,0,93120,0,4,9,ep_poll
4924411526637553,3122809,qlever-server-d,S,0,0,414310,214341,8,0,futex_do_wait
4924411526637553,3122810,qlever-server-d,S,5,30,363997090,121659145,2660,13,futex_do_wait
4924411526637553,3122811,qlever-server-d,S,6,32,385718941,103397643,2672,7,ep_poll
4924411526637553,3123964,qlever-server-d,S,0,0,4188991,9054195,127,14,futex_do_wait
4924411526637553,3123965,qlever-server-d,R,483,1,4845719427,26055926,214,1,0
4924411526637553,0,__system__,-,1024721900,7867688450,0,0,0,-1,-
4924411546639712,3122254,qlever-server-d,S,991,1709,27010922485,9287664,1206,9,futex_do_wait
4924411546639712,3122258,qlever-server-d,S,0,0,4401833,817031,37,7,futex_do_wait
4924411546639712,3122806,qlever-server-d,R,3264,8,32731345076,12829617,322,8,0
4924411546639712,3122807,qlever-server-d,S,0,0,10120,0,1,1,futex_do_wait
4924411546639712,3122808,qlever-server-d,S,0,0,93120,0,4,9,ep_poll
4924411546639712,3122809,qlever-server-d,S,0,0,414310,214341,8,0,futex_do_wait
4924411546639712,3122810,qlever-server-d,S,5,30,364478920,121659145,2661,6,futex_do_wait
4924411546639712,3122811,qlever-server-d,S,6,32,385756441,103408003,2674,6,ep_poll
4924411546639712,3123964,qlever-server-d,S,0,0,4188991,9054195,127,14,futex_do_wait
4924411546639712,3123965,qlever-server-d,R,485,1,4865720188,26055926,214,1,0
4924411546639712,0,__system__,-,1024721920,7867688481,0,0,0,-1,-
4924411566643450,3122254,qlever-server-d,S,991,1709,27010922485,9287664,1206,9,futex_do_wait
4924411566643450,3122258,qlever-server-d,S,0,0,4401833,817031,37,7,futex_do_wait
4924411566643450,3122806,qlever-server-d,R,3266,8,32750935427,12829617,322,8,0
4924411566643450,3122807,qlever-server-d,S,0,0,10120,0,1,1,futex_do_wait
4924411566643450,3122808,qlever-server-d,S,0,0,93120,0,4,9,ep_poll
4924411566643450,3122809,qlever-server-d,S,0,0,414310,214341,8,0,futex_do_wait
4924411566643450,3122810,qlever-server-d,S,5,30,364879011,121659145,2662,6,futex_do_wait
4924411566643450,3122811,qlever-server-d,S,6,32,385794641,103408003,2676,14,ep_poll
4924411566643450,3123964,qlever-server-d,S,0,0,4217221,9054195,128,5,futex_do_wait
4924411566643450,3123965,qlever-server-d,R,487,1,4885720939,26055926,214,1,0
4924411566643450,0,__system__,-,1024721940,7867688512,0,0,0,-1,-
4924411587711341,3122254,qlever-server-d,S,991,1709,27010922485,9287664,1206,9,futex_do_wait
4924411587711341,3122258,qlever-server-d,S,0,0,4401833,817031,37,7,futex_do_wait
4924411587711341,3122806,qlever-server-d,R,3268,8,32771936218,12829617,322,8,0
4924411587711341,3122807,qlever-server-d,S,0,0,10120,0,1,1,futex_do_wait
4924411587711341,3122808,qlever-server-d,S,0,0,93120,0,4,9,ep_poll
4924411587711341,3122809,qlever-server-d,S,0,0,414310,214341,8,0,futex_do_wait
4924411587711341,3122810,qlever-server-d,S,5,30,365347611,121659145,2663,13,futex_do_wait
4924411587711341,3122811,qlever-server-d,S,6,32,385827031,103408003,2678,15,ep_poll
4924411587711341,3123964,qlever-server-d,S,0,0,4217221,9054195,128,5,futex_do_wait
4924411587711341,3123965,qlever-server-d,R,489,1,4906698551,26073616,215,11,0
4924411587711341,0,__system__,-,1024721964,7867688546,0,0,0,-1,-
4924411606640658,3122254,qlever-server-d,S,991,1709,27010922485,9287664,1206,9,futex_do_wait
4924411606640658,3122258,qlever-server-d,S,0,0,4401833,817031,37,7,futex_do_wait
4924411606640658,3122806,qlever-server-d,R,3270,8,32790939249,12829617,322,8,0
4924411606640658,3122807,qlever-server-d,S,0,0,10120,0,1,1,futex_do_wait
4924411606640658,3122808,qlever-server-d,S,0,0,93120,0,4,9,ep_poll
4924411606640658,3122809,qlever-server-d,S,0,0,414310,214341,8,0,futex_do_wait
4924411606640658,3122810,qlever-server-d,S,5,31,365867091,123042486,2665,13,futex_do_wait
4924411606640658,3122811,qlever-server-d,S,6,32,385880901,103408003,2680,14,ep_poll
4924411606640658,3123964,qlever-server-d,S,0,0,4255791,9054195,129,5,futex_do_wait
4924411606640658,3123965,qlever-server-d,R,491,1,4925698561,26073616,215,11,0
4924411606640658,0,__system__,-,1024721983,7867688576,0,0,0,-1,-
4924411626636557,3122254,qlever-server-d,S,991,1709,27010922485,9287664,1206,9,futex_do_wait
4924411626636557,3122258,qlever-server-d,S,0,0,4401833,817031,37,7,futex_do_wait
4924411626636557,3122806,qlever-server-d,R,3272,8,32810937830,12829617,322,8,0
4924411626636557,3122807,qlever-server-d,S,0,0,10120,0,1,1,futex_do_wait
4924411626636557,3122808,qlever-server-d,S,0,0,93120,0,4,9,ep_poll
4924411626636557,3122809,qlever-server-d,S,0,0,414310,214341,8,0,futex_do_wait
4924411626636557,3122810,qlever-server-d,S,5,31,366707211,123042486,2667,2,futex_do_wait
4924411626636557,3122811,qlever-server-d,S,6,32,386003861,104880634,2684,9,ep_poll
4924411626636557,3123964,qlever-server-d,S,0,0,4255791,9054195,129,5,futex_do_wait
4924411626636557,3123965,qlever-server-d,R,493,1,4945678322,26091626,216,1,0
4924411626636557,0,__system__,-,1024722005,7867688609,0,0,0,-1,-
4924411646643035,3122254,qlever-server-d,S,991,1709,27010922485,9287664,1206,9,futex_do_wait
4924411646643035,3122258,qlever-server-d,S,0,0,4401833,817031,37,7,futex_do_wait
4924411646643035,3122806,qlever-server-d,R,3274,8,32830937261,12829617,322,8,0
4924411646643035,3122807,qlever-server-d,S,0,0,10120,0,1,1,futex_do_wait
4924411646643035,3122808,qlever-server-d,S,0,0,93120,0,4,9,ep_poll
4924411646643035,3122809,qlever-server-d,S,0,0,414310,214341,8,0,futex_do_wait
4924411646643035,3122810,qlever-server-d,S,5,31,367115771,123042486,2668,10,futex_do_wait
4924411646643035,3122811,qlever-server-d,S,6,32,386032171,105244624,2685,9,ep_poll
4924411646643035,3123964,qlever-server-d,S,0,0,4255791,9054195,129,5,futex_do_wait
4924411646643035,3123965,qlever-server-d,R,495,1,4965679424,26091626,216,1,0
4924411646643035,0,__system__,-,1024722025,7867688640,0,0,0,-1,-
4924411666633994,3122254,qlever-server-d,S,991,1709,27010922485,9287664,1206,9,futex_do_wait
4924411666633994,3122258,qlever-server-d,S,0,0,4401833,817031,37,7,futex_do_wait
4924411666633994,3122806,qlever-server-d,R,3276,8,32850910192,12856957,323,8,0
4924411666633994,3122807,qlever-server-d,S,0,0,10120,0,1,1,futex_do_wait
4924411666633994,3122808,qlever-server-d,S,0,0,93120,0,4,9,ep_poll
4924411666633994,3122809,qlever-server-d,S,0,0,414310,214341,8,0,futex_do_wait
4924411666633994,3122810,qlever-server-d,S,5,31,367497631,123042486,2669,2,futex_do_wait
4924411666633994,3122811,qlever-server-d,S,6,32,386063081,105244624,2687,3,ep_poll
4924411666633994,3123964,qlever-server-d,S,0,0,4287741,9054195,130,5,futex_do_wait
4924411666633994,3123965,qlever-server-d,R,497,1,4985679235,26091626,216,1,0
4924411666633994,0,__system__,-,1024722045,7867688672,0,0,0,-1,-
4924411686638883,3122254,qlever-server-d,S,991,1709,27010922485,9287664,1206,9,futex_do_wait
4924411686638883,3122258,qlever-server-d,S,0,0,4401833,817031,37,7,futex_do_wait
4924411686638883,3122806,qlever-server-d,R,3278,8,32870912423,12856957,323,8,0
4924411686638883,3122807,qlever-server-d,S,0,0,10120,0,1,1,futex_do_wait
4924411686638883,3122808,qlever-server-d,S,0,0,93120,0,4,9,ep_poll
4924411686638883,3122809,qlever-server-d,S,0,0,414310,214341,8,0,futex_do_wait
4924411686638883,3122810,qlever-server-d,S,5,31,367854322,123042486,2670,3,futex_do_wait
4924411686638883,3122811,qlever-server-d,S,6,32,386083921,105616255,2688,3,ep_poll
4924411686638883,3123964,qlever-server-d,S,0,0,4287741,9054195,130,5,futex_do_wait
4924411686638883,3123965,qlever-server-d,R,499,1,5005680526,26091626,216,1,0
4924411686638883,0,__system__,-,1024722066,7867688704,0,0,0,-1,-
4924411706644131,3122254,qlever-server-d,S,991,1709,27010922485,9287664,1206,9,futex_do_wait
4924411706644131,3122258,qlever-server-d,S,0,0,4401833,817031,37,7,futex_do_wait
4924411706644131,3122806,qlever-server-d,R,3280,8,32890910964,12856957,323,8,0
4924411706644131,3122807,qlever-server-d,S,0,0,10120,0,1,1,futex_do_wait
4924411706644131,3122808,qlever-server-d,S,0,0,93120,0,4,9,ep_poll
4924411706644131,3122809,qlever-server-d,S,0,0,414310,214341,8,0,futex_do_wait
4924411706644131,3122810,qlever-server-d,S,5,31,368080883,123397846,2675,2,ep_poll
4924411706644131,3122811,qlever-server-d,S,6,32,386258621,105624145,2692,2,futex_do_wait
4924411706644131,3123964,qlever-server-d,S,0,0,4329501,9054195,131,15,futex_do_wait
4924411706644131,3123965,qlever-server-d,R,501,1,5025678827,26091626,216,1,0
4924411706644131,0,__system__,-,1024722088,7867688736,0,0,0,-1,-
4924411726639760,3122254,qlever-server-d,S,991,1709,27010922485,9287664,1206,9,futex_do_wait
4924411726639760,3122258,qlever-server-d,S,0,0,4401833,817031,37,7,futex_do_wait
4924411726639760,3122806,qlever-server-d,R,3282,8,32910911175,12856957,323,8,0
4924411726639760,3122807,qlever-server-d,S,0,0,10120,0,1,1,futex_do_wait
4924411726639760,3122808,qlever-server-d,S,0,0,93120,0,4,9,ep_poll
4924411726639760,3122809,qlever-server-d,S,0,0,414310,214341,8,0,futex_do_wait
4924411726639760,3122810,qlever-server-d,S,5,31,368140853,123580356,2678,3,ep_poll
4924411726639760,3122811,qlever-server-d,S,6,32,387093831,106329965,2695,3,futex_do_wait
4924411726639760,3123964,qlever-server-d,S,0,0,4329501,9054195,131,15,futex_do_wait
4924411726639760,3123965,qlever-server-d,R,503,1,5045678298,26091626,216,1,0
4924411726639760,0,__system__,-,1024722109,7867688767,0,0,0,-1,-
4924411746642919,3122254,qlever-server-d,S,991,1709,27010922485,9287664,1206,9,futex_do_wait
4924411746642919,3122258,qlever-server-d,S,0,0,4401833,817031,37,7,futex_do_wait
4924411746642919,3122806,qlever-server-d,R,3284,8,32930911527,12856957,323,8,0
4924411746642919,3122807,qlever-server-d,S,0,0,10120,0,1,1,futex_do_wait
4924411746642919,3122808,qlever-server-d,S,0,0,93120,0,4,9,ep_poll
4924411746642919,3122809,qlever-server-d,S,0,0,414310,214341,8,0,futex_do_wait
4924411746642919,3122810,qlever-server-d,S,5,31,368199183,124313646,2681,1,ep_poll
4924411746642919,3122811,qlever-server-d,S,6,32,387467141,106349625,2697,9,futex_do_wait
4924411746642919,3123964,qlever-server-d,S,0,0,4329501,9054195,131,15,futex_do_wait
4924411746642919,3123965,qlever-server-d,R,505,1,5065657669,26110576,217,3,0
4924411746642919,0,__system__,-,1024722130,7867688799,0,0,0,-1,-
4924411766641508,3122254,qlever-server-d,S,991,1709,27010922485,9287664,1206,9,futex_do_wait
4924411766641508,3122258,qlever-server-d,S,0,0,4401833,817031,37,7,futex_do_wait
4924411766641508,3122806,qlever-server-d,R,3286,8,32950912048,12856957,323,8,0
4924411766641508,3122807,qlever-server-d,S,0,0,10120,0,1,1,futex_do_wait
4924411766641508,3122808,qlever-server-d,S,0,0,93120,0,4,9,ep_poll
4924411766641508,3122809,qlever-server-d,S,0,0,414310,214341,8,0,futex_do_wait
4924411766641508,3122810,qlever-server-d,S,5,31,368220133,124466696,2682,9,ep_poll
4924411766641508,3122811,qlever-server-d,S,6,32,387840561,106349625,2698,9,futex_do_wait
4924411766641508,3123964,qlever-server-d,S,0,0,4362701,9054195,132,5,futex_do_wait
4924411766641508,3123965,qlever-server-d,R,507,1,5085637410,26126176,218,1,0
4924411766641508,0,__system__,-,1024722151,7867688831,0,0,0,-1,-
4924411786631457,3122254,qlever-server-d,S,991,1709,27010922485,9287664,1206,9,futex_do_wait
4924411786631457,3122258,qlever-server-d,S,0,0,4401833,817031,37,7,futex_do_wait
4924411786631457,3122806,qlever-server-d,R,3288,8,32970911789,12856957,323,8,0
4924411786631457,3122807,qlever-server-d,S,0,0,10120,0,1,1,futex_do_wait
4924411786631457,3122808,qlever-server-d,S,0,0,93120,0,4,9,ep_poll
4924411786631457,3122809,qlever-server-d,S,0,0,414310,214341,8,0,futex_do_wait
4924411786631457,3122810,qlever-server-d,S,5,31,368248533,124466696,2684,10,ep_poll
4924411786631457,3122811,qlever-server-d,S,6,32,388250241,106349625,2699,3,futex_do_wait
4924411786631457,3123964,qlever-server-d,S,0,0,4362701,9054195,132,5,futex_do_wait
4924411786631457,3123965,qlever-server-d,R,509,1,5105637601,26126176,218,1,0
4924411786631457,0,__system__,-,1024722171,7867688862,0,0,0,-1,-
4924411806632685,3122254,qlever-server-d,S,991,1709,27010922485,9287664,1206,9,futex_do_wait
4924411806632685,3122258,qlever-server-d,S,0,0,4401833,817031,37,7,futex_do_wait
4924411806632685,3122806,qlever-server-d,R,3290,8,32990912500,12856957,323,8,0
4924411806632685,3122807,qlever-server-d,S,0,0,10120,0,1,1,futex_do_wait
4924411806632685,3122808,qlever-server-d,S,0,0,93120,0,4,9,ep_poll
4924411806632685,3122809,qlever-server-d,S,0,0,414310,214341,8,0,futex_do_wait
4924411806632685,3122810,qlever-server-d,S,5,31,368289273,124466696,2686,0,ep_poll
4924411806632685,3122811,qlever-server-d,S,6,32,388581641,106349625,2700,2,futex_do_wait
4924411806632685,3123964,qlever-server-d,S,0,0,4401771,9054195,133,5,futex_do_wait
4924411806632685,3123965,qlever-server-d,R,511,1,5125639562,26126176,218,1,0
4924411806632685,0,__system__,-,1024722192,7867688895,0,0,0,-1,-
4924411826630494,3122254,qlever-server-d,S,991,1709,27010922485,9287664,1206,9,futex_do_wait
4924411826630494,3122258,qlever-server-d,S,0,0,4401833,817031,37,7,futex_do_wait
4924411826630494,3122806,qlever-server-d,R,3292,8,33010868851,12900667,324,8,0
4924411826630494,3122807,qlever-server-d,S,0,0,10120,0,1,1,futex_do_wait
4924411826630494,3122808,qlever-server-d,S,0,0,93120,0,4,9,ep_poll
4924411826630494,3122809,qlever-server-d,S,0,0,414310,214341,8,0,futex_do_wait
4924411826630494,3122810,qlever-server-d,S,5,31,368327513,124466696,2688,0,ep_poll
4924411826630494,3122811,qlever-server-d,S,6,32,388950071,106555285,2703,2,futex_do_wait
4924411826630494,3123964,qlever-server-d,S,0,0,4401771,9054195,133,5,futex_do_wait
4924411826630494,3123965,qlever-server-d,R,513,1,5145637924,26126176,218,1,0
4924411826630494,0,__system__,-,1024722213,7867688926,0,0,0,-1,-
4924411846646303,3122254,qlever-server-d,S,991,1709,27010922485,9287664,1206,9,futex_do_wait
4924411846646303,3122258,qlever-server-d,S,0,0,4401833,817031,37,7,futex_do_wait
4924411846646303,3122806,qlever-server-d,R,3294,8,33030868542,12900667,324,8,0
4924411846646303,3122807,qlever-server-d,S,0,0,10120,0,1,1,futex_do_wait
4924411846646303,3122808,qlever-server-d,S,0,0,93120,0,4,9,ep_poll
4924411846646303,3122809,qlever-server-d,S,0,0,414310,214341,8,0,futex_do_wait
4924411846646303,3122810,qlever-server-d,S,5,31,368356773,124466696,2690,9,ep_poll
4924411846646303,3122811,qlever-server-d,S,6,32,389395461,106555285,2704,2,futex_do_wait
4924411846646303,3123964,qlever-server-d,S,0,0,4401771,9054195,133,5,futex_do_wait
4924411846646303,3123965,qlever-server-d,R,515,1,5165617155,26144246,219,13,0
4924411846646303,0,__system__,-,1024722235,7867688958,0,0,0,-1,-
4924411866645501,3122254,qlever-server-d,S,991,1709,27010922485,9287664,1206,9,futex_do_wait
4924411866645501,3122258,qlever-server-d,S,0,0,4401833,817031,37,7,futex_do_wait
4924411866645501,3122806,qlever-server-d,R,3296,8,33050867823,12900667,324,8,0
4924411866645501,3122807,qlever-server-d,S,0,0,10120,0,1,1,futex_do_wait
4924411866645501,3122808,qlever-server-d,S,0,0,93120,0,4,9,ep_poll
4924411866645501,3122809,qlever-server-d,S,0,0,414310,214341,8,0,futex_do_wait
4924411866645501,3122810,qlever-server-d,S,5,31,368385113,125136867,2691,9,ep_poll
4924411866645501,3122811,qlever-server-d,S,6,32,389800202,106555285,2705,2,futex_do_wait
4924411866645501,3123964,qlever-server-d,S,0,0,4437411,9054195,134,5,futex_do_wait
4924411866645501,3123965,qlever-server-d,R,517,1,5185616006,26144246,219,13,0
4924411866645501,0,__system__,-,1024722255,7867688989,0,0,0,-1,-
4924411886630610,3122254,qlever-server-d,S,991,1709,27010922485,9287664,1206,9,futex_do_wait
4924411886630610,3122258,qlever-server-d,S,0,0,4401833,817031,37,7,futex_do_wait
4924411886630610,3122806,qlever-server-d,R,3298,8,33070870574,12900667,324,8,0
4924411886630610,3122807,qlever-server-d,S,0,0,10120,0,1,1,futex_do_wait
4924411886630610,3122808,qlever-server-d,S,0,0,93120,0,4,9,ep_poll
4924411886630610,3122809,qlever-server-d,S,0,0,414310,214341,8,0,futex_do_wait
4924411886630610,3122810,qlever-server-d,S,5,31,368411333,125751767,2692,9,ep_poll
4924411886630610,3122811,qlever-server-d,S,6,32,390242982,107139436,2706,2,futex_do_wait
4924411886630610,3123964,qlever-server-d,S,0,0,4437411,9054195,134,5,futex_do_wait
4924411886630610,3123965,qlever-server-d,R,519,1,5205596407,26163166,220,6,0
4924411886630610,0,__system__,-,1024722277,7867689023,0,0,0,-1,-
4924411906624319,3122254,qlever-server-d,S,991,1709,27010922485,9287664,1206,9,futex_do_wait
4924411906624319,3122258,qlever-server-d,S,0,0,4401833,817031,37,7,futex_do_wait
4924411906624319,3122806,qlever-server-d,R,3300,8,33091156226,12900667,324,8,0
4924411906624319,3122807,qlever-server-d,S,0,0,10120,0,1,1,futex_do_wait
4924411906624319,3122808,qlever-server-d,S,0,0,93120,0,4,9,ep_poll
4924411906624319,3122809,qlever-server-d,S,0,0,414310,214341,8,0,futex_do_wait
4924411906624319,3122810,qlever-server-d,S,5,31,368436643,126391967,2693,9,ep_poll
4924411906624319,3122811,qlever-server-d,S,6,32,390666852,107139436,2707,10,futex_do_wait
4924411906624319,3123964,qlever-server-d,S,0,0,4490011,9054195,135,5,futex_do_wait
4924411906624319,3123965,qlever-server-d,R,520,1,5225596378,26163166,220,6,0
4924411906624319,0,__system__,-,1024722296,7867689053,0,0,0,-1,-
4924411926635448,3122254,qlever-server-d,S,991,1709,27010922485,9287664,1206,9,futex_do_wait
4924411926635448,3122258,qlever-server-d,S,0,0,4401833,817031,37,7,futex_do_wait
4924411926635448,3122806,qlever-server-d,R,3302,8,33110841547,12924747,325,0,0
4924411926635448,3122807,qlever-server-d,S,0,0,10120,0,1,1,futex_do_wait
4924411926635448,3122808,qlever-server-d,S,0,0,93120,0,4,9,ep_poll
4924411926635448,3122809,qlever-server-d,S,0,0,414310,214341,8,0,futex_do_wait
4924411926635448,3122810,qlever-server-d,S,5,31,368481633,126391967,2695,11,ep_poll
4924411926635448,3122811,qlever-server-d,S,6,32,391114563,107139436,2708,2,futex_do_wait
4924411926635448,3123964,qlever-server-d,S,0,0,4490011,9054195,135,5,futex_do_wait
4924411926635448,3123965,qlever-server-d,R,522,1,5245572569,26180566,221,5,0
4924411926635448,0,__system__,-,1024722318,7867689087,0,0,0,-1,-
4924411946641216,3122254,qlever-server-d,S,991,1709,27010922485,9287664,1206,9,futex_do_wait
4924411946641216,3122258,qlever-server-d,S,0,0,4401833,817031,37,7,futex_do_wait
4924411946641216,3122806,qlever-server-d,R,3304,8,33130840348,12924747,325,0,0
4924411946641216,3122807,qlever-server-d,S,0,0,10120,0,1,1,futex_do_wait
4924411946641216,3122808,qlever-server-d,S,0,0,93120,0,4,9,ep_poll
4924411946641216,3122809,qlever-server-d,S,0,0,414310,214341,8,0,futex_do_wait
4924411946641216,3122810,qlever-server-d,S,5,31,368546773,128288458,2697,1,ep_poll
4924411946641216,3122811,qlever-server-d,S,6,32,391545053,107139436,2709,10,futex_do_wait
4924411946641216,3123964,qlever-server-d,S,0,0,4490011,9054195,135,5,futex_do_wait
4924411946641216,3123965,qlever-server-d,R,524,1,5265573870,26180566,221,5,0
4924411946641216,0,__system__,-,1024722338,7867689117,0,0,0,-1,-
4924411966643665,3122254,qlever-server-d,S,991,1709,27010922485,9287664,1206,9,futex_do_wait
4924411966643665,3122258,qlever-server-d,S,0,0,4401833,817031,37,7,futex_do_wait
4924411966643665,3122806,qlever-server-d,R,3306,8,33150791859,12969317,327,11,0
4924411966643665,3122807,qlever-server-d,S,0,0,10120,0,1,1,futex_do_wait
4924411966643665,3122808,qlever-server-d,S,0,0,93120,0,4,9,ep_poll
4924411966643665,3122809,qlever-server-d,S,0,0,414310,214341,8,0,futex_do_wait
4924411966643665,3122810,qlever-server-d,S,5,31,368568983,128474178,2698,0,ep_poll
4924411966643665,3122811,qlever-server-d,S,6,32,392001673,107139436,2710,0,futex_do_wait
4924411966643665,3123964,qlever-server-d,S,0,0,4518221,9054195,136,12,futex_do_wait
4924411966643665,3123965,qlever-server-d,R,526,1,5285552661,26198226,222,4,0
4924411966643665,0,__system__,-,1024722360,7867689149,0,0,0,-1,-
4924411986635044,3122254,qlever-server-d,S,991,1709,27010922485,9287664,1206,9,futex_do_wait
4924411986635044,3122258,qlever-server-d,S,0,0,4401833,817031,37,7,futex_do_wait
4924411986635044,3122806,qlever-server-d,R,3308,8,33170772570,12986917,328,0,0
4924411986635044,3122807,qlever-server-d,S,0,0,10120,0,1,1,futex_do_wait
4924411986635044,3122808,qlever-server-d,S,0,0,93120,0,4,9,ep_poll
4924411986635044,3122809,qlever-server-d,S,0,0,414310,214341,8,0,futex_do_wait
4924411986635044,3122810,qlever-server-d,S,5,31,368623383,128477828,2701,14,ep_poll
4924411986635044,3122811,qlever-server-d,S,6,32,392360723,107157306,2712,6,futex_do_wait
4924411986635044,3123964,qlever-server-d,S,0,0,4518221,9054195,136,12,futex_do_wait
4924411986635044,3123965,qlever-server-d,R,528,1,5305552612,26198226,222,4,0
4924411986635044,0,__system__,-,1024722380,7867689180,0,0,0,-1,-
4924412006633383,3122254,qlever-server-d,S,991,1709,27010922485,9287664,1206,9,futex_do_wait
4924412006633383,3122258,qlever-server-d,S,0,0,4401833,817031,37,7,futex_do_wait
4924412006633383,3122806,qlever-server-d,R,3310,8,33190772791,12986917,328,0,0
4924412006633383,3122807,qlever-server-d,S,0,0,10120,0,1,1,futex_do_wait
4924412006633383,3122808,qlever-server-d,S,0,0,93120,0,4,9,ep_poll
4924412006633383,3122809,qlever-server-d,S,0,0,414310,214341,8,0,futex_do_wait
4924412006633383,3122810,qlever-server-d,S,5,31,368644783,128631858,2702,6,ep_poll
4924412006633383,3122811,qlever-server-d,S,6,32,392711863,107157306,2713,6,futex_do_wait
4924412006633383,3123964,qlever-server-d,S,0,0,4554721,9054195,137,13,futex_do_wait
4924412006633383,3123965,qlever-server-d,R,530,1,5325552564,26198226,222,4,0
4924412006633383,0,__system__,-,1024722402,7867689213,0,0,0,-1,-
4924412026640971,3122254,qlever-server-d,S,991,1709,27010922485,9287664,1206,9,futex_do_wait
4924412026640971,3122258,qlever-server-d,S,0,0,4401833,817031,37,7,futex_do_wait
4924412026640971,3122806,qlever-server-d,R,3312,8,33210747712,13006657,329,12,0
4924412026640971,3122807,qlever-server-d,S,0,0,10120,0,1,1,futex_do_wait
4924412026640971,3122808,qlever-server-d,S,0,0,93120,0,4,9,ep_poll
4924412026640971,3122809,qlever-server-d,S,0,0,414310,214341,8,0,futex_do_wait
4924412026640971,3122810,qlever-server-d,S,5,31,368712233,129379109,2705,7,ep_poll
4924412026640971,3122811,qlever-server-d,S,6,33,393525963,107157306,2715,14,futex_do_wait
4924412026640971,3123964,qlever-server-d,S,0,0,4554721,9054195,137,13,futex_do_wait
4924412026640971,3123965,qlever-server-d,R,532,1,5345530525,26216286,223,11,0
4924412026640971,0,__system__,-,1024722422,7867689245,0,0,0,-1,-
4924412046640380,3122254,qlever-server-d,S,991,1709,27010922485,9287664,1206,9,futex_do_wait
4924412046640380,3122258,qlever-server-d,S,0,0,4401833,817031,37,7,futex_do_wait
4924412046640380,3122806,qlever-server-d,R,3314,8,33230747123,13006657,329,12,0
4924412046640380,3122807,qlever-server-d,S,0,0,10120,0,1,1,futex_do_wait
4924412046640380,3122808,qlever-server-d,S,0,0,93120,0,4,9,ep_poll
4924412046640380,3122809,qlever-server-d,S,0,0,414310,214341,8,0,futex_do_wait
4924412046640380,3122810,qlever-server-d,S,5,31,368754923,129379109,2707,4,ep_poll
4924412046640380,3122811,qlever-server-d,S,6,33,393988753,107157306,2716,15,futex_do_wait
4924412046640380,3123964,qlever-server-d,S,0,0,4554721,9054195,137,13,futex_do_wait
4924412046640380,3123965,qlever-server-d,R,534,1,5365530406,26216286,223,11,0
4924412046640380,0,__system__,-,1024722441,7867689275,0,0,0,-1,-
4924412066652339,3122254,qlever-server-d,S,991,1709,27010922485,9287664,1206,9,futex_do_wait
4924412066652339,3122258,qlever-server-d,S,0,0,4401833,817031,37,7,futex_do_wait
4924412066652339,3122806,qlever-server-d,R,3316,8,33250748424,13006657,329,12,0
4924412066652339,3122807,qlever-server-d,S,0,0,10120,0,1,1,futex_do_wait
4924412066652339,3122808,qlever-server-d,S,0,0,93120,0,4,9,ep_poll
4924412066652339,3122809,qlever-server-d,S,0,0,414310,214341,8,0,futex_do_wait
4924412066652339,3122810,qlever-server-d,S,5,31,368797174,129379109,2709,4,ep_poll
4924412066652339,3122811,qlever-server-d,S,6,33,394460074,107157306,2717,15,futex_do_wait
4924412066652339,3123964,qlever-server-d,S,0,0,4593731,9054195,138,14,futex_do_wait
4924412066652339,3123965,qlever-server-d,R,536,1,5385531147,26216286,223,11,0
4924412066652339,0,__system__,-,1024722462,7867689307,0,0,0,-1,-
4924412086653528,3122254,qlever-server-d,S,991,1709,27010922485,9287664,1206,9,futex_do_wait
4924412086653528,3122258,qlever-server-d,S,0,0,4401833,817031,37,7,futex_do_wait
4924412086653528,3122806,qlever-server-d,R,3318,8,33270748195,13006657,329,12,0
4924412086653528,3122807,qlever-server-d,S,0,0,10120,0,1,1,futex_do_wait
4924412086653528,3122808,qlever-server-d,S,0,0,93120,0,4,9,ep_poll
4924412086653528,3122809,qlever-server-d,S,0,0,414310,214341,8,0,futex_do_wait
4924412086653528,3122810,qlever-server-d,R,5,31,368822074,129379109,2710,7,0
4924412086653528,3122811,qlever-server-d,S,6,33,394915254,107197606,2718,15,futex_do_wait
4924412086653528,3123964,qlever-server-d,S,0,0,4593731,9054195,138,14,futex_do_wait
4924412086653528,3123965,qlever-server-d,R,538,1,5405530148,26216286,223,11,0
4924412086653528,0,__system__,-,1024722485,7867689339,0,0,0,-1,-
4924412107085333,3122254,qlever-server-d,S,991,1709,27010922485,9287664,1206,9,futex_do_wait
4924412107085333,3122258,qlever-server-d,S,0,0,4522553,817031,38,7,futex_do_wait
4924412107085333,3122806,qlever-server-d,R,3320,8,33291731837,13026277,330,12,0
4924412107085333,3122807,qlever-server-d,S,0,0,10120,0,1,1,futex_do_wait
4924412107085333,3122808,qlever-server-d,S,0,0,93120,0,4,9,ep_poll
4924412107085333,3122809,qlever-server-d,S,0,0,414310,214341,8,0,futex_do_wait
4924412107085333,3122810,qlever-server-d,S,5,31,368864744,129484489,2713,7,ep_poll
4924412107085333,3122811,qlever-server-d,S,6,33,395341534,107197606,2719,4,futex_do_wait
4924412107085333,3123964,qlever-server-d,S,0,0,4632591,9054195,139,14,futex_do_wait
4924412107085333,3123965,qlever-server-d,R,540,1,5425511399,26234876,224,11,0
4924412107085333,0,__system__,-,1024722506,7867689371,0,0,0,-1,-
4924412126638665,3122254,qlever-server-d,S,991,1709,27010922485,9287664,1206,9,futex_do_wait
4924412126638665,3122258,qlever-server-d,S,0,0,4522553,817031,38,7,futex_do_wait
4924412126638665,3122806,qlever-server-d,R,3322,8,33310730708,13026277,330,12,0
4924412126638665,3122807,qlever-server-d,S,0,0,10120,0,1,1,futex_do_wait
4924412126638665,3122808,qlever-server-d,S,0,0,93120,0,4,9,ep_poll
4924412126638665,3122809,qlever-server-d,S,0,0,414310,214341,8,0,futex_do_wait
4924412126638665,3122810,qlever-server-d,S,5,31,368864744,129484489,2713,7,ep_poll
4924412126638665,3122811,qlever-server-d,S,6,33,395341534,107197606,2719,4,futex_do_wait
4924412126638665,3123964,qlever-server-d,S,0,0,4632591,9054195,139,14,futex_do_wait
4924412126638665,3123965,qlever-server-d,R,542,1,5445513060,26234876,224,11,0
4924412126638665,0,__system__,-,1024722527,7867689404,0,0,0,-1,-
4924412146640444,3122254,qlever-server-d,S,991,1709,27010922485,9287664,1206,9,futex_do_wait
4924412146640444,3122258,qlever-server-d,S,0,0,4522553,817031,38,7,futex_do_wait
4924412146640444,3122806,qlever-server-d,R,3324,8,33330732329,13026277,330,12,0
4924412146640444,3122807,qlever-server-d,S,0,0,10120,0,1,1,futex_do_wait
4924412146640444,3122808,qlever-server-d,S,0,0,93120,0,4,9,ep_poll
4924412146640444,3122809,qlever-server-d,S,0,0,414310,214341,8,0,futex_do_wait
4924412146640444,3122810,qlever-server-d,S,5,31,368905304,129484489,2715,14,ep_poll
4924412146640444,3122811,qlever-server-d,S,6,33,395822745,107197606,2720,4,futex_do_wait
4924412146640444,3123964,qlever-server-d,S,0,0,4632591,9054195,139,14,futex_do_wait
4924412146640444,3123965,qlever-server-d,R,544,1,5465493491,26251486,225,0,0
4924412146640444,0,__system__,-,1024722546,7867689434,0,0,0,-1,-
4924412166632183,3122254,qlever-server-d,S,991,1709,27010922485,9287664,1206,9,futex_do_wait
4924412166632183,3122258,qlever-server-d,S,0,0,4522553,817031,38,7,futex_do_wait
4924412166632183,3122806,qlever-server-d,R,3326,8,33350732010,13026277,330,12,0
4924412166632183,3122807,qlever-server-d,S,0,0,10120,0,1,1,futex_do_wait
4924412166632183,3122808,qlever-server-d,S,0,0,93120,0,4,9,ep_poll
4924412166632183,3122809,qlever-server-d,S,0,0,414310,214341,8,0,futex_do_wait
4924412166632183,3122810,qlever-server-d,S,5,31,368950684,129484489,2717,5,ep_poll
4924412166632183,3122811,qlever-server-d,S,6,33,396254505,107197606,2721,15,futex_do_wait
4924412166632183,3123964,qlever-server-d,S,0,0,4671961,9054195,140,15,futex_do_wait
4924412166632183,3123965,qlever-server-d,R,546,1,5485479992,26282277,227,8,0
4924412166632183,0,__system__,-,1024722567,7867689466,0,0,0,-1,-
4924412186652441,3122254,qlever-server-d,S,991,1709,27010922485,9287664,1206,9,futex_do_wait
4924412186652441,3122258,qlever-server-d,S,0,0,4522553,817031,38,7,futex_do_wait
4924412186652441,3122806,qlever-server-d,R,3328,8,33370728851,13026277,330,12,0
4924412186652441,3122807,qlever-server-d,S,0,0,10120,0,1,1,futex_do_wait
4924412186652441,3122808,qlever-server-d,S,0,0,93120,0,4,9,ep_poll
4924412186652441,3122809,qlever-server-d,S,0,0,414310,214341,8,0,futex_do_wait
4924412186652441,3122810,qlever-server-d,S,5,31,368984064,129484489,2719,5,ep_poll
4924412186652441,3122811,qlever-server-d,S,6,33,396726295,107197606,2722,4,futex_do_wait
4924412186652441,3123964,qlever-server-d,S,0,0,4671961,9054195,140,15,futex_do_wait
4924412186652441,3123965,qlever-server-d,R,548,1,5505454963,26282277,227,8,0
4924412186652441,0,__system__,-,1024722588,7867689498,0,0,0,-1,-
4924412206643670,3122254,qlever-server-d,S,991,1709,27010922485,9287664,1206,9,futex_do_wait
4924412206643670,3122258,qlever-server-d,S,0,0,4522553,817031,38,7,futex_do_wait
4924412206643670,3122806,qlever-server-d,R,3330,8,33390732342,13026277,330,12,0
4924412206643670,3122807,qlever-server-d,S,0,0,10120,0,1,1,futex_do_wait
4924412206643670,3122808,qlever-server-d,S,0,0,93120,0,4,9,ep_poll
4924412206643670,3122809,qlever-server-d,S,0,0,414310,214341,8,0,futex_do_wait
4924412206643670,3122810,qlever-server-d,S,5,31,369024264,129490889,2722,5,ep_poll
4924412206643670,3122811,qlever-server-d,S,6,33,397278985,107197606,2723,4,futex_do_wait
4924412206643670,3123964,qlever-server-d,S,0,0,4706941,9054195,141,4,futex_do_wait
4924412206643670,3123965,qlever-server-d,R,550,1,5525453974,26282277,227,8,0
4924412206643670,0,__system__,-,1024722611,7867689531,0,0,0,-1,-
4924412226640789,3122254,qlever-server-d,S,991,1709,27010922485,9287664,1206,9,futex_do_wait
4924412226640789,3122258,qlever-server-d,S,0,0,4522553,817031,38,7,futex_do_wait
4924412226640789,3122806,qlever-server-d,R,3332,8,33410731653,13026277,330,12,0
4924412226640789,3122807,qlever-server-d,S,0,0,10120,0,1,1,futex_do_wait
4924412226640789,3122808,qlever-server-d,S,0,0,93120,0,4,9,ep_poll
4924412226640789,3122809,qlever-server-d,S,0,0,414310,214341,8,0,futex_do_wait
4924412226640789,3122810,qlever-server-d,S,5,31,369062404,129500729,2724,4,ep_poll
4924412226640789,3122811,qlever-server-d,S,6,33,397733375,107197606,2724,4,futex_do_wait
4924412226640789,3123964,qlever-server-d,S,0,0,4706941,9054195,141,4,futex_do_wait
4924412226640789,3123965,qlever-server-d,R,552,1,5545455295,26282277,227,8,0
4924412226640789,0,__system__,-,1024722632,7867689562,0,0,0,-1,-
4924412246635398,3122254,qlever-server-d,S,991,1709,27010922485,9287664,1206,9,futex_do_wait
4924412246635398,3122258,qlever-server-d,S,0,0,4522553,817031,38,7,futex_do_wait
4924412246635398,3122806,qlever-server-d,R,3334,8,33430732484,13026277,330,12,0
4924412246635398,3122807,qlever-server-d,S,0,0,10120,0,1,1,futex_do_wait
4924412246635398,3122808,qlever-server-d,S,0,0,93120,0,4,9,ep_poll
4924412246635398,3122809,qlever-server-d,S,0,0,414310,214341,8,0,futex_do_wait
4924412246635398,3122810,qlever-server-d,S,5,31,369081294,129500729,2725,6,ep_poll
4924412246635398,3122811,qlever-server-d,S,6,33,397997905,107197606,2725,4,futex_do_wait
4924412246635398,3123964,qlever-server-d,S,0,0,4706941,9054195,141,4,futex_do_wait
4924412246635398,3123965,qlever-server-d,R,554,1,5565455156,26282277,227,8,0
4924412246635398,0,__system__,-,1024722652,7867689594,0,0,0,-1,-
4924412266650646,3122254,qlever-server-d,S,991,1709,27010922485,9287664,1206,9,futex_do_wait
4924412266650646,3122258,qlever-server-d,S,0,0,4522553,817031,38,7,futex_do_wait
4924412266650646,3122806,qlever-server-d,R,3336,8,33450734125,13026277,330,12,0
4924412266650646,3122807,qlever-server-d,S,0,0,10120,0,1,1,futex_do_wait
4924412266650646,3122808,qlever-server-d,S,0,0,93120,0,4,9,ep_poll
4924412266650646,3122809,qlever-server-d,S,0,0,414310,214341,8,0,futex_do_wait
4924412266650646,3122810,qlever-server-d,S,5,31,369132044,129500729,2728,14,ep_poll
4924412266650646,3122811,qlever-server-d,S,6,33,398633875,107197606,2726,15,futex_do_wait
4924412266650646,3123964,qlever-server-d,S,0,0,4737391,9054195,142,15,futex_do_wait
4924412266650646,3123965,qlever-server-d,R,556,1,5585456087,26282277,227,8,0
4924412266650646,0,__system__,-,1024722672,7867689625,0,0,0,-1,-
4924412286640565,3122254,qlever-server-d,S,991,1709,27010922485,9287664,1206,9,futex_do_wait
4924412286640565,3122258,qlever-server-d,S,0,0,4522553,817031,38,7,futex_do_wait
4924412286640565,3122806,qlever-server-d,R,3338,8,33470732257,13026277,330,12,0
4924412286640565,3122807,qlever-server-d,S,0,0,10120,0,1,1,futex_do_wait
4924412286640565,3122808,qlever-server-d,S,0,0,93120,0,4,9,ep_poll
4924412286640565,3122809,qlever-server-d,S,0,0,414310,214341,8,0,futex_do_wait
4924412286640565,3122810,qlever-server-d,S,5,31,369178324,129511629,2730,15,ep_poll
4924412286640565,3122811,qlever-server-d,S,6,33,399106045,107197606,2727,15,futex_do_wait
4924412286640565,3123964,qlever-server-d,S,0,0,4737391,9054195,142,15,futex_do_wait
4924412286640565,3123965,qlever-server-d,R,558,1,5605457438,26282277,227,8,0
4924412286640565,0,__system__,-,1024722693,7867689657,0,0,0,-1,-
4924412306638254,3122254,qlever-server-d,S,991,1709,27010922485,9287664,1206,9,futex_do_wait
4924412306638254,3122258,qlever-server-d,S,0,0,4522553,817031,38,7,futex_do_wait
4924412306638254,3122806,qlever-server-d,R,3340,8,33490731838,13026277,330,12,0
4924412306638254,3122807,qlever-server-d,S,0,0,10120,0,1,1,futex_do_wait
4924412306638254,3122808,qlever-server-d,S,0,0,93120,0,4,9,ep_poll
4924412306638254,3122809,qlever-server-d,S,0,0,414310,214341,8,0,futex_do_wait
4924412306638254,3122810,qlever-server-d,S,5,31,369217734,129511629,2732,7,ep_poll
4924412306638254,3122811,qlever-server-d,S,6,33,399578515,107197606,2728,6,futex_do_wait
4924412306638254,3123964,qlever-server-d,S,0,0,4773741,9054195,143,15,futex_do_wait
4924412306638254,3123965,qlever-server-d,R,560,1,5625456499,26282277,227,8,0
4924412306638254,0,__system__,-,1024722714,7867689689,0,0,0,-1,-
4924412326799931,3122254,qlever-server-d,S,991,1709,27010922485,9287664,1206,9,futex_do_wait
4924412326799931,3122258,qlever-server-d,S,0,0,4522553,817031,38,7,futex_do_wait
4924412326799931,3122806,qlever-server-d,R,3342,8,33511735359,13026277,330,12,0
4924412326799931,3122807,qlever-server-d,S,0,0,10120,0,1,1,futex_do_wait
4924412326799931,3122808,qlever-server-d,S,0,0,93120,0,4,9,ep_poll
4924412326799931,3122809,qlever-server-d,S,0,0,414310,214341,8,0,futex_do_wait
4924412326799931,3122810,qlever-server-d,S,5,31,369241234,129919070,2733,7,ep_poll
4924412326799931,3122811,qlever-server-d,S,6,33,400012385,107197606,2729,13,futex_do_wait
4924412326799931,3123964,qlever-server-d,S,0,0,4773741,9054195,143,15,futex_do_wait
4924412326799931,3123965,qlever-server-d,R,562,1,5645454930,26282277,227,8,0
4924412326799931,0,__system__,-,1024722735,7867689720,0,0,0,-1,-
4924412346973129,3122254,qlever-server-d,S,991,1709,27010922485,9287664,1206,9,futex_do_wait
4924412346973129,3122258,qlever-server-d,S,0,0,4522553,817031,38,7,futex_do_wait
4924412346973129,3122806,qlever-server-d,R,3344,8,33531733181,13026277,330,12,0
4924412346973129,3122807,qlever-server-d,S,0,0,10120,0,1,1,futex_do_wait
4924412346973129,3122808,qlever-server-d,S,0,0,93120,0,4,9,ep_poll
4924412346973129,3122809,qlever-server-d,S,0,0,414310,214341,8,0,futex_do_wait
4924412346973129,3122810,qlever-server-d,S,5,31,369260354,130316651,2734,13,ep_poll
4924412346973129,3122811,qlever-server-d,S,6,33,400451336,107197606,2730,13,futex_do_wait
4924412346973129,3123964,qlever-server-d,S,0,0,4773741,9054195,143,15,futex_do_wait
4924412346973129,3123965,qlever-server-d,R,564,1,5665455672,26282277,227,8,0
4924412346973129,0,__system__,-,1024722757,7867689752,0,0,0,-1,-
4924412366634990,3122254,qlever-server-d,S,991,1709,27010922485,9287664,1206,9,futex_do_wait
4924412366634990,3122258,qlever-server-d,S,0,0,4522553,817031,38,7,futex_do_wait
4924412366634990,3122806,qlever-server-d,R,3346,8,33550732051,13026277,330,12,0
4924412366634990,3122807,qlever-server-d,S,0,0,10120,0,1,1,futex_do_wait
4924412366634990,3122808,qlever-server-d,S,0,0,93120,0,4,9,ep_poll
4924412366634990,3122809,qlever-server-d,S,0,0,414310,214341,8,0,futex_do_wait
4924412366634990,3122810,qlever-server-d,S,5,31,369307304,130316651,2736,7,ep_poll
4924412366634990,3122811,qlever-server-d,S,6,33,400889846,107197606,2731,13,futex_do_wait
4924412366634990,3123964,qlever-server-d,S,0,0,4809951,9054195,144,4,futex_do_wait
4924412366634990,3123965,qlever-server-d,R,566,1,5685436313,26302417,228,8,0
4924412366634990,0,__system__,-,1024722778,7867689784,0,0,0,-1,-
4924412386625359,3122254,qlever-server-d,S,991,1709,27010922485,9287664,1206,9,futex_do_wait
4924412386625359,3122258,qlever-server-d,S,0,0,4522553,817031,38,7,futex_do_wait
4924412386625359,3122806,qlever-server-d,R,3348,8,33570733052,13026277,330,12,0
4924412386625359,3122807,qlever-server-d,S,0,0,10120,0,1,1,futex_do_wait
4924412386625359,3122808,qlever-server-d,S,0,0,93120,0,4,9,ep_poll
4924412386625359,3122809,qlever-server-d,S,0,0,414310,214341,8,0,futex_do_wait
4924412386625359,3122810,qlever-server-d,S,5,31,369329934,130498982,2737,7,ep_poll
4924412386625359,3122811,qlever-server-d,S,6,33,401338057,107197606,2732,7,futex_do_wait
4924412386625359,3123964,qlever-server-d,S,0,0,4809951,9054195,144,4,futex_do_wait
4924412386625359,3123965,qlever-server-d,R,568,1,5705435564,26302417,228,8,0
4924412386625359,0,__system__,-,1024722798,7867689816,0,0,0,-1,-
4924412406632128,3122254,qlever-server-d,S,991,1709,27010922485,9287664,1206,9,futex_do_wait
4924412406632128,3122258,qlever-server-d,S,0,0,4522553,817031,38,7,futex_do_wait
4924412406632128,3122806,qlever-server-d,R,3350,8,33590732823,13026277,330,12,0
4924412406632128,3122807,qlever-server-d,S,0,0,10120,0,1,1,futex_do_wait
4924412406632128,3122808,qlever-server-d,S,0,0,93120,0,4,9,ep_poll
4924412406632128,3122809,qlever-server-d,S,0,0,414310,214341,8,0,futex_do_wait
4924412406632128,3122810,qlever-server-d,S,5,31,369355544,130498982,2739,7,ep_poll
4924412406632128,3122811,qlever-server-d,S,6,33,401790158,107216146,2734,13,futex_do_wait
4924412406632128,3123964,qlever-server-d,S,0,0,4842551,9054195,145,15,futex_do_wait
4924412406632128,3123965,qlever-server-d,R,570,1,5725435975,26302417,228,8,0
4924412406632128,0,__system__,-,1024722820,7867689849,0,0,0,-1,-
4924412426635866,3122254,qlever-server-d,S,991,1709,27010922485,9287664,1206,9,futex_do_wait
4924412426635866,3122258,qlever-server-d,S,0,0,4522553,817031,38,7,futex_do_wait
4924412426635866,3122806,qlever-server-d,R,3352,8,33610731754,13026277,330,12,0
4924412426635866,3122807,qlever-server-d,S,0,0,10120,0,1,1,futex_do_wait
4924412426635866,3122808,qlever-server-d,S,0,0,93120,0,4,9,ep_poll
4924412426635866,3122809,qlever-server-d,S,0,0,414310,214341,8,0,futex_do_wait
4924412426635866,3122810,qlever-server-d,S,5,31,369402254,130498982,2741,7,ep_poll
4924412426635866,3122811,qlever-server-d,S,6,33,402285559,107216146,2735,13,futex_do_wait
4924412426635866,3123964,qlever-server-d,S,0,0,4842551,9054195,145,15,futex_do_wait
4924412426635866,3123965,qlever-server-d,R,572,1,5745436796,26302417,228,8,0
4924412426635866,0,__system__,-,1024722838,7867689878,0,0,0,-1,-
4924412446639005,3122254,qlever-server-d,S,991,1709,27010922485,9287664,1206,9,futex_do_wait
4924412446639005,3122258,qlever-server-d,S,0,0,4522553,817031,38,7,futex_do_wait
4924412446639005,3122806,qlever-server-d,R,3354,8,33630734626,13026277,330,12,0
4924412446639005,3122807,qlever-server-d,S,0,0,10120,0,1,1,futex_do_wait
4924412446639005,3122808,qlever-server-d,S,0,0,93120,0,4,9,ep_poll
4924412446639005,3122809,qlever-server-d,S,0,0,414310,214341,8,0,futex_do_wait
4924412446639005,3122810,qlever-server-d,S,5,31,369402254,130498982,2741,7,ep_poll
4924412446639005,3122811,qlever-server-d,S,6,33,402285559,107216146,2735,13,futex_do_wait
4924412446639005,3123964,qlever-server-d,S,0,0,4842551,9054195,145,15,futex_do_wait
4924412446639005,3123965,qlever-server-d,R,574,1,5765436397,26302417,228,8,0
4924412446639005,0,__system__,-,1024722860,7867689911,0,0,0,-1,-
4924412466645534,3122254,qlever-server-d,S,991,1709,27010922485,9287664,1206,9,futex_do_wait
4924412466645534,3122258,qlever-server-d,S,0,0,4522553,817031,38,7,futex_do_wait
4924412466645534,3122806,qlever-server-d,R,3356,8,33650733177,13026277,330,12,0
4924412466645534,3122807,qlever-server-d,S,0,0,10120,0,1,1,futex_do_wait
4924412466645534,3122808,qlever-server-d,S,0,0,93120,0,4,9,ep_poll
4924412466645534,3122809,qlever-server-d,S,0,0,414310,214341,8,0,futex_do_wait
4924412466645534,3122810,qlever-server-d,S,5,31,369480364,130498982,2743,14,ep_poll
4924412466645534,3122811,qlever-server-d,S,6,33,402726519,107216146,2736,15,futex_do_wait
4924412466645534,3123964,qlever-server-d,S,0,0,4879291,9054195,146,4,futex_do_wait
4924412466645534,3123965,qlever-server-d,R,576,1,5785437268,26302417,228,8,0
4924412466645534,0,__system__,-,1024722882,7867689942,0,0,0,-1,-
4924412486636853,3122254,qlever-server-d,S,991,1709,27010922485,9287664,1206,9,futex_do_wait
4924412486636853,3122258,qlever-server-d,S,0,0,4522553,817031,38,7,futex_do_wait
4924412486636853,3122806,qlever-server-d,R,3358,8,33670733838,13026277,330,12,0
4924412486636853,3122807,qlever-server-d,S,0,0,10120,0,1,1,futex_do_wait
4924412486636853,3122808,qlever-server-d,S,0,0,93120,0,4,9,ep_poll
4924412486636853,3122809,qlever-server-d,S,0,0,414310,214341,8,0,futex_do_wait
4924412486636853,3122810,qlever-server-d,S,5,31,369524354,130498982,2745,15,ep_poll
4924412486636853,3122811,qlever-server-d,S,6,33,403177029,107216146,2737,6,futex_do_wait
4924412486636853,3123964,qlever-server-d,S,0,0,4879291,9054195,146,4,futex_do_wait
4924412486636853,3123965,qlever-server-d,R,578,1,5805436549,26302417,228,8,0
4924412486636853,0,__system__,-,1024722903,7867689975,0,0,0,-1,-
4924412506638101,3122254,qlever-server-d,S,991,1709,27010922485,9287664,1206,9,futex_do_wait
4924412506638101,3122258,qlever-server-d,S,0,0,4522553,817031,38,7,futex_do_wait
4924412506638101,3122806,qlever-server-d,R,3360,8,33690735419,13026277,330,12,0
4924412506638101,3122807,qlever-server-d,S,0,0,10120,0,1,1,futex_do_wait
4924412506638101,3122808,qlever-server-d,S,0,0,93120,0,4,9,ep_poll
4924412506638101,3122809,qlever-server-d,S,0,0,414310,214341,8,0,futex_do_wait
4924412506638101,3122810,qlever-server-d,S,5,31,369561444,130498982,2747,15,ep_poll
4924412506638101,3122811,qlever-server-d,S,6,33,403599820,107216146,2738,7,futex_do_wait
4924412506638101,3123964,qlever-server-d,S,0,0,4920781,9054195,147,4,futex_do_wait
4924412506638101,3123965,qlever-server-d,R,580,1,5825437310,26302417,228,8,0
4924412506638101,0,__system__,-,1024722923,7867690006,0,0,0,-1,-
4924412527133466,3122254,qlever-server-d,S,991,1709,27010922485,9287664,1206,9,futex_do_wait
4924412527133466,3122258,qlever-server-d,S,0,0,4522553,817031,38,7,futex_do_wait
4924412527133466,3122806,qlever-server-d,R,3362,8,33711734991,13026277,330,12,0
4924412527133466,3122807,qlever-server-d,S,0,0,10120,0,1,1,futex_do_wait
4924412527133466,3122808,qlever-server-d,S,0,0,93120,0,4,9,ep_poll
4924412527133466,3122809,qlever-server-d,S,0,0,414310,214341,8,0,futex_do_wait
4924412527133466,3122810,qlever-server-d,S,5,31,369592084,130498982,2749,5,ep_poll
4924412527133466,3122811,qlever-server-d,S,6,34,404041910,107216146,2739,4,futex_do_wait
4924412527133466,3123964,qlever-server-d,S,0,0,4920781,9054195,147,4,futex_do_wait
4924412527133466,3123965,qlever-server-d,R,582,1,5845436702,26302417,228,8,0
4924412527133466,0,__system__,-,1024722943,7867690037,0,0,0,-1,-
4924412546635359,3122254,qlever-server-d,S,991,1709,27010922485,9287664,1206,9,futex_do_wait
4924412546635359,3122258,qlever-server-d,S,0,0,4522553,817031,38,7,futex_do_wait
4924412546635359,3122806,qlever-server-d,R,3364,8,33730734881,13026277,330,12,0
4924412546635359,3122807,qlever-server-d,S,0,0,10120,0,1,1,futex_do_wait
4924412546635359,3122808,qlever-server-d,S,0,0,93120,0,4,9,ep_poll
4924412546635359,3122809,qlever-server-d,S,0,0,414310,214341,8,0,futex_do_wait
4924412546635359,3122810,qlever-server-d,S,5,31,369618115,130947292,2750,5,ep_poll
4924412546635359,3122811,qlever-server-d,S,6,34,404475940,107216146,2740,6,futex_do_wait
4924412546635359,3123964,qlever-server-d,S,0,0,4920781,9054195,147,4,futex_do_wait
4924412546635359,3123965,qlever-server-d,R,584,1,5865438033,26302417,228,8,0
4924412546635359,0,__system__,-,1024722964,7867690069,0,0,0,-1,-
4924412566644808,3122254,qlever-server-d,S,991,1709,27010922485,9287664,1206,9,futex_do_wait
4924412566644808,3122258,qlever-server-d,S,0,0,4522553,817031,38,7,futex_do_wait
4924412566644808,3122806,qlever-server-d,R,3366,8,33750735202,13026277,330,12,0
4924412566644808,3122807,qlever-server-d,S,0,0,10120,0,1,1,futex_do_wait
4924412566644808,3122808,qlever-server-d,S,0,0,93120,0,4,9,ep_poll
4924412566644808,3122809,qlever-server-d,S,0,0,414310,214341,8,0,futex_do_wait
4924412566644808,3122810,qlever-server-d,S,5,31,369680705,130947292,2753,13,ep_poll
4924412566644808,3122811,qlever-server-d,S,6,34,405099620,107216146,2741,4,futex_do_wait
4924412566644808,3123964,qlever-server-d,S,0,0,4959831,9054195,148,4,futex_do_wait
4924412566644808,3123965,qlever-server-d,R,586,1,5885436494,26302417,228,8,0
4924412566644808,0,__system__,-,1024722985,7867690102,0,0,0,-1,-
4924412586638606,3122254,qlever-server-d,S,991,1709,27010922485,9287664,1206,9,futex_do_wait
4924412586638606,3122258,qlever-server-d,S,0,0,4522553,817031,38,7,futex_do_wait
4924412586638606,3122806,qlever-server-d,R,3368,8,33770736663,13026277,330,12,0
4924412586638606,3122807,qlever-server-d,S,0,0,10120,0,1,1,futex_do_wait
4924412586638606,3122808,qlever-server-d,S,0,0,93120,0,4,9,ep_poll
4924412586638606,3122809,qlever-server-d,S,0,0,414310,214341,8,0,futex_do_wait
4924412586638606,3122810,qlever-server-d,S,5,31,369704985,130947292,2754,7,ep_poll
4924412586638606,3122811,qlever-server-d,S,6,34,405362650,107216146,2742,6,futex_do_wait
4924412586638606,3123964,qlever-server-d,S,0,0,4959831,9054195,148,4,futex_do_wait
4924412586638606,3123965,qlever-server-d,R,588,1,5905421285,26319417,229,8,0
4924412586638606,0,__system__,-,1024723006,7867690132,0,0,0,-1,-
4924412606640695,3122254,qlever-server-d,S,991,1709,27010922485,9287664,1206,9,futex_do_wait
4924412606640695,3122258,qlever-server-d,S,0,0,4522553,817031,38,7,futex_do_wait
4924412606640695,3122806,qlever-server-d,R,3370,8,33790714344,13047797,331,12,0
4924412606640695,3122807,qlever-server-d,S,0,0,10120,0,1,1,futex_do_wait
4924412606640695,3122808,qlever-server-d,S,0,0,93120,0,4,9,ep_poll
4924412606640695,3122809,qlever-server-d,S,0,0,414310,214341,8,0,futex_do_wait
4924412606640695,3122810,qlever-server-d,S,5,31,369728135,131149892,2755,7,ep_poll
4924412606640695,3122811,qlever-server-d,S,6,34,405807660,107216146,2743,7,futex_do_wait
4924412606640695,3123964,qlever-server-d,S,0,0,4998471,9054195,149,4,futex_do_wait
4924412606640695,3123965,qlever-server-d,R,590,1,5925419326,26319417,229,8,0
4924412606640695,0,__system__,-,1024723028,7867690164,0,0,0,-1,-
4924412626642704,3122254,qlever-server-d,S,991,1709,27010922485,9287664,1206,9,futex_do_wait
4924412626642704,3122258,qlever-server-d,S,0,0,4522553,817031,38,7,futex_do_wait
4924412626642704,3122806,qlever-server-d,R,3372,8,33810713946,13047797,331,12,0
4924412626642704,3122807,qlever-server-d,S,0,0,10120,0,1,1,futex_do_wait
4924412626642704,3122808,qlever-server-d,S,0,0,93120,0,4,9,ep_poll
4924412626642704,3122809,qlever-server-d,S,0,0,414310,214341,8,0,futex_do_wait
4924412626642704,3122810,qlever-server-d,S,5,31,370422185,131159002,2760,15,0
4924412626642704,3122811,qlever-server-d,S,6,34,406143031,107689546,2750,13,ep_poll
4924412626642704,3123964,qlever-server-d,S,0,0,4998471,9054195,149,4,futex_do_wait
4924412626642704,3123965,qlever-server-d,R,592,1,5945395787,26343367,230,8,0
4924412626642704,0,__system__,-,1024723048,7867690196,0,0,0,-1,-
4924412646633633,3122254,qlever-server-d,S,991,1709,27010922485,9287664,1206,9,futex_do_wait
4924412646633633,3122258,qlever-server-d,S,0,0,4522553,817031,38,7,futex_do_wait
4924412646633633,3122806,qlever-server-d,R,3374,8,33830715387,13047797,331,12,0
4924412646633633,3122807,qlever-server-d,S,0,0,10120,0,1,1,futex_do_wait
4924412646633633,3122808,qlever-server-d,S,0,0,93120,0,4,9,ep_poll
4924412646633633,3122809,qlever-server-d,S,0,0,414310,214341,8,0,futex_do_wait
4924412646633633,3122810,qlever-server-d,S,5,31,370894695,131159002,2761,6,futex_do_wait
4924412646633633,3122811,qlever-server-d,S,6,34,406182451,107689546,2752,13,ep_poll
4924412646633633,3123964,qlever-server-d,S,0,0,4998471,9054195,149,4,futex_do_wait
4924412646633633,3123965,qlever-server-d,R,594,1,5965397668,26343367,230,8,0
4924412646633633,0,__system__,-,1024723069,7867690228,0,0,0,-1,-
4924412666653881,3122254,qlever-server-d,S,991,1709,27010922485,9287664,1206,9,futex_do_wait
4924412666653881,3122258,qlever-server-d,S,0,0,4522553,817031,38,7,futex_do_wait
4924412666653881,3122806,qlever-server-d,R,3376,8,33850711738,13047797,331,12,0
4924412666653881,3122807,qlever-server-d,S,0,0,10120,0,1,1,futex_do_wait
4924412666653881,3122808,qlever-server-d,S,0,0,93120,0,4,9,ep_poll
4924412666653881,3122809,qlever-server-d,S,0,0,414310,214341,8,0,futex_do_wait
4924412666653881,3122810,qlever-server-d,S,5,31,370894695,131159002,2761,6,futex_do_wait
4924412666653881,3122811,qlever-server-d,S,6,34,406182451,107689546,2752,13,ep_poll
4924412666653881,3123964,qlever-server-d,S,0,0,5034491,9054195,150,4,futex_do_wait
4924412666653881,3123965,qlever-server-d,R,596,1,5985397119,26343367,230,8,0
4924412666653881,0,__system__,-,1024723090,7867690260,0,0,0,-1,-
4924412686638980,3122254,qlever-server-d,S,991,1709,27010922485,9287664,1206,9,futex_do_wait
4924412686638980,3122258,qlever-server-d,S,0,0,4522553,817031,38,7,futex_do_wait
4924412686638980,3122806,qlever-server-d,R,3378,8,33870713249,13047797,331,12,0
4924412686638980,3122807,qlever-server-d,S,0,0,10120,0,1,1,futex_do_wait
4924412686638980,3122808,qlever-server-d,S,0,0,93120,0,4,9,ep_poll
4924412686638980,3122809,qlever-server-d,S,0,0,414310,214341,8,0,futex_do_wait
4924412686638980,3122810,qlever-server-d,S,5,31,371327525,131159002,2762,6,futex_do_wait
4924412686638980,3122811,qlever-server-d,S,6,34,406226361,107699026,2754,6,ep_poll
4924412686638980,3123964,qlever-server-d,S,0,0,5034491,9054195,150,4,futex_do_wait
4924412686638980,3123965,qlever-server-d,R,598,1,6005368520,26372097,231,8,0
4924412686638980,0,__system__,-,1024723110,7867690292,0,0,0,-1,-
4924412706635179,3122254,qlever-server-d,S,991,1709,27010922485,9287664,1206,9,futex_do_wait
4924412706635179,3122258,qlever-server-d,S,0,0,4522553,817031,38,7,futex_do_wait
4924412706635179,3122806,qlever-server-d,R,3380,8,33890714060,13047797,331,12,0
4924412706635179,3122807,qlever-server-d,S,0,0,10120,0,1,1,futex_do_wait
4924412706635179,3122808,qlever-server-d,S,0,0,93120,0,4,9,ep_poll
4924412706635179,3122809,qlever-server-d,S,0,0,414310,214341,8,0,futex_do_wait
4924412706635179,3122810,qlever-server-d,S,5,31,371945465,131159002,2763,4,futex_do_wait
4924412706635179,3122811,qlever-server-d,S,6,34,406273751,107699026,2757,13,ep_poll
4924412706635179,3123964,qlever-server-d,S,0,0,5076241,9054195,151,4,futex_do_wait
4924412706635179,3123965,qlever-server-d,R,600,1,6025370022,26372097,231,8,0
4924412706635179,0,__system__,-,1024723133,7867690324,0,0,0,-1,-
4924412726656457,3122254,qlever-server-d,S,991,1709,27010922485,9287664,1206,9,futex_do_wait
4924412726656457,3122258,qlever-server-d,S,0,0,4522553,817031,38,7,futex_do_wait
4924412726656457,3122806,qlever-server-d,R,3382,8,33910711741,13047797,331,12,0
4924412726656457,3122807,qlever-server-d,S,0,0,10120,0,1,1,futex_do_wait
4924412726656457,3122808,qlever-server-d,S,0,0,93120,0,4,9,ep_poll
4924412726656457,3122809,qlever-server-d,S,0,0,414310,214341,8,0,futex_do_wait
4924412726656457,3122810,qlever-server-d,S,5,31,372398925,131159002,2764,4,futex_do_wait
4924412726656457,3122811,qlever-server-d,S,6,34,406313901,107699026,2759,7,ep_poll
4924412726656457,3123964,qlever-server-d,S,0,0,5076241,9054195,151,4,futex_do_wait
4924412726656457,3123965,qlever-server-d,R,602,1,6045370513,26372097,231,8,0
4924412726656457,0,__system__,-,1024723155,7867690357,0,0,0,-1,-
4924412746639916,3122254,qlever-server-d,S,991,1709,27010922485,9287664,1206,9,futex_do_wait
4924412746639916,3122258,qlever-server-d,S,0,0,4522553,817031,38,7,futex_do_wait
4924412746639916,3122806,qlever-server-d,R,3384,8,33930716092,13047797,331,12,0
4924412746639916,3122807,qlever-server-d,S,0,0,10120,0,1,1,futex_do_wait
4924412746639916,3122808,qlever-server-d,S,0,0,93120,0,4,9,ep_poll
4924412746639916,3122809,qlever-server-d,S,0,0,414310,214341,8,0,futex_do_wait
4924412746639916,3122810,qlever-server-d,S,5,31,372826675,131159002,2765,4,futex_do_wait
4924412746639916,3122811,qlever-server-d,S,6,34,406347061,107699026,2761,5,ep_poll
4924412746639916,3123964,qlever-server-d,S,0,0,5076241,9054195,151,4,futex_do_wait
4924412746639916,3123965,qlever-server-d,R,604,1,6065369144,26372097,231,8,0
4924412746639916,0,__system__,-,1024723175,7867690388,0,0,0,-1,-
4924412766632335,3122254,qlever-server-d,S,991,1709,27010922485,9287664,1206,9,futex_do_wait
4924412766632335,3122258,qlever-server-d,S,0,0,4522553,817031,38,7,futex_do_wait
4924412766632335,3122806,qlever-server-d,R,3386,8,33951511354,13047797,331,12,0
4924412766632335,3122807,qlever-server-d,S,0,0,10120,0,1,1,futex_do_wait
4924412766632335,3122808,qlever-server-d,S,0,0,93120,0,4,9,ep_poll
4924412766632335,3122809,qlever-server-d,S,0,0,414310,214341,8,0,futex_do_wait
4924412766632335,3122810,qlever-server-d,S,5,31,373648955,131159002,2767,5,futex_do_wait
4924412766632335,3122811,qlever-server-d,S,6,34,406428601,107707826,2765,13,ep_poll
4924412766632335,3123964,qlever-server-d,S,0,0,5109691,9054195,152,15,futex_do_wait
4924412766632335,3123965,qlever-server-d,R,606,1,6085370525,26372097,231,8,0
4924412766632335,0,__system__,-,1024723196,7867690420,0,0,0,-1,-
4924412786637444,3122254,qlever-server-d,S,991,1709,27010922485,9287664,1206,9,futex_do_wait
4924412786637444,3122258,qlever-server-d,S,0,0,4522553,817031,38,7,futex_do_wait
4924412786637444,3122806,qlever-server-d,R,3388,8,33970715814,13047797,331,12,0
4924412786637444,3122807,qlever-server-d,S,0,0,10120,0,1,1,futex_do_wait
4924412786637444,3122808,qlever-server-d,S,0,0,93120,0,4,9,ep_poll
4924412786637444,3122809,qlever-server-d,S,0,0,414310,214341,8,0,futex_do_wait
4924412786637444,3122810,qlever-server-d,S,5,31,374096435,131159002,2768,14,futex_do_wait
4924412786637444,3122811,qlever-server-d,S,6,34,406464491,107717216,2767,14,ep_poll
4924412786637444,3123964,qlever-server-d,S,0,0,5109691,9054195,152,15,futex_do_wait
4924412786637444,3123965,qlever-server-d,R,608,1,6105368446,26372097,231,8,0
4924412786637444,0,__system__,-,1024723214,7867690450,0,0,0,-1,-
4924412806639943,3122254,qlever-server-d,S,991,1709,27010922485,9287664,1206,9,futex_do_wait
4924412806639943,3122258,qlever-server-d,S,0,0,4522553,817031,38,7,futex_do_wait
4924412806639943,3122806,qlever-server-d,R,3390,8,33990715776,13047797,331,12,0
4924412806639943,3122807,qlever-server-d,S,0,0,10120,0,1,1,futex_do_wait
4924412806639943,3122808,qlever-server-d,S,0,0,93120,0,4,9,ep_poll
4924412806639943,3122809,qlever-server-d,S,0,0,414310,214341,8,0,futex_do_wait
4924412806639943,3122810,qlever-server-d,S,5,31,374972365,131268302,2771,13,futex_do_wait
4924412806639943,3122811,qlever-server-d,S,6,34,406558321,108704767,2771,14,ep_poll
4924412806639943,3123964,qlever-server-d,S,0,0,5145191,9054195,153,4,futex_do_wait
4924412806639943,3123965,qlever-server-d,R,610,1,6125368467,26372097,231,8,0
4924412806639943,0,__system__,-,1024723236,7867690483,0,0,0,-1,-
4924412826643151,3122254,qlever-server-d,S,991,1709,27010922485,9287664,1206,9,futex_do_wait
4924412826643151,3122258,qlever-server-d,S,0,0,4522553,817031,38,7,futex_do_wait
4924412826643151,3122806,qlever-server-d,R,3392,8,34010716167,13047797,331,12,0
4924412826643151,3122807,qlever-server-d,S,0,0,10120,0,1,1,futex_do_wait
4924412826643151,3122808,qlever-server-d,S,0,0,93120,0,4,9,ep_poll
4924412826643151,3122809,qlever-server-d,S,0,0,414310,214341,8,0,futex_do_wait
4924412826643151,3122810,qlever-server-d,S,5,31,375421635,131268302,2772,14,futex_do_wait
4924412826643151,3122811,qlever-server-d,S,6,34,406591881,109000147,2772,11,ep_poll
4924412826643151,3123964,qlever-server-d,S,0,0,5145191,9054195,153,4,futex_do_wait
4924412826643151,3123965,qlever-server-d,R,612,1,6145325658,26417307,232,8,0
4924412826643151,0,__system__,-,1024723258,7867690515,0,0,0,-1,-
4924412846641610,3122254,qlever-server-d,S,991,1709,27010922485,9287664,1206,9,futex_do_wait
4924412846641610,3122258,qlever-server-d,S,0,0,4522553,817031,38,7,futex_do_wait
4924412846641610,3122806,qlever-server-d,R,3394,8,34030716188,13047797,331,12,0
4924412846641610,3122807,qlever-server-d,S,0,0,10120,0,1,1,futex_do_wait
4924412846641610,3122808,qlever-server-d,S,0,0,93120,0,4,9,ep_poll
4924412846641610,3122809,qlever-server-d,S,0,0,414310,214341,8,0,futex_do_wait
4924412846641610,3122810,qlever-server-d,S,5,32,375860985,131455542,2775,14,futex_do_wait
4924412846641610,3122811,qlever-server-d,S,6,34,406643411,109000147,2774,3,ep_poll
4924412846641610,3123964,qlever-server-d,S,0,0,5145191,9054195,153,4,futex_do_wait
4924412846641610,3123965,qlever-server-d,R,614,1,6165323789,26417307,232,8,0
4924412846641610,0,__system__,-,1024723282,7867690547,0,0,0,-1,-
4924412866643139,3122254,qlever-server-d,S,991,1709,27010922485,9287664,1206,9,futex_do_wait
4924412866643139,3122258,qlever-server-d,S,0,0,4522553,817031,38,7,futex_do_wait
4924412866643139,3122806,qlever-server-d,R,3396,8,34050714209,13047797,331,12,0
4924412866643139,3122807,qlever-server-d,S,0,0,10120,0,1,1,futex_do_wait
4924412866643139,3122808,qlever-server-d,S,0,0,93120,0,4,9,ep_poll
4924412866643139,3122809,qlever-server-d,S,0,0,414310,214341,8,0,futex_do_wait
4924412866643139,3122810,qlever-server-d,S,5,32,376709695,131455542,2777,14,futex_do_wait
4924412866643139,3122811,qlever-server-d,S,6,34,406741291,109819577,2778,6,ep_poll
4924412866643139,3123964,qlever-server-d,S,0,0,5176421,9054195,154,6,futex_do_wait
4924412866643139,3123965,qlever-server-d,R,616,1,6185325300,26417307,232,8,0
4924412866643139,0,__system__,-,1024723306,7867690580,0,0,0,-1,-
4924412886645358,3122254,qlever-server-d,S,991,1709,27010922485,9287664,1206,9,futex_do_wait
4924412886645358,3122258,qlever-server-d,S,0,0,4522553,817031,38,7,futex_do_wait
4924412886645358,3122806,qlever-server-d,R,3398,8,34070717180,13047797,331,12,0
4924412886645358,3122807,qlever-server-d,S,0,0,10120,0,1,1,futex_do_wait
4924412886645358,3122808,qlever-server-d,S,0,0,93120,0,4,9,ep_poll
4924412886645358,3122809,qlever-server-d,S,0,0,414310,214341,8,0,futex_do_wait
4924412886645358,3122810,qlever-server-d,S,5,32,377181425,131650893,2780,13,futex_do_wait
4924412886645358,3122811,qlever-server-d,S,6,34,406765011,110179217,2779,6,ep_poll
4924412886645358,3123964,qlever-server-d,S,0,0,5176421,9054195,154,6,futex_do_wait
4924412886645358,3123965,qlever-server-d,R,618,1,6205324352,26417307,232,8,0
4924412886645358,0,__system__,-,1024723328,7867690612,0,0,0,-1,-
4924412906638886,3122254,qlever-server-d,S,991,1709,27010922485,9287664,1206,9,futex_do_wait
4924412906638886,3122258,qlever-server-d,S,0,0,4522553,817031,38,7,futex_do_wait
4924412906638886,3122806,qlever-server-d,R,3400,8,34090717681,13047797,331,12,0
4924412906638886,3122807,qlever-server-d,S,0,0,10120,0,1,1,futex_do_wait
4924412906638886,3122808,qlever-server-d,S,0,0,93120,0,4,9,ep_poll
4924412906638886,3122809,qlever-server-d,S,0,0,414310,214341,8,0,futex_do_wait
4924412906638886,3122810,qlever-server-d,S,5,32,377636425,131650893,2781,14,futex_do_wait
4924412906638886,3122811,qlever-server-d,S,6,34,406803851,110550218,2781,6,ep_poll
4924412906638886,3123964,qlever-server-d,S,0,0,5207392,9059865,155,6,futex_do_wait
4924412906638886,3123965,qlever-server-d,R,620,1,6225324593,26417307,232,8,0
4924412906638886,0,__system__,-,1024723350,7867690643,0,0,0,-1,-
4924412926636255,3122254,qlever-server-d,S,991,1709,27010922485,9287664,1206,9,futex_do_wait
4924412926636255,3122258,qlever-server-d,S,0,0,4522553,817031,38,7,futex_do_wait
4924412926636255,3122806,qlever-server-d,R,3402,8,34111519263,13047797,331,12,0
4924412926636255,3122807,qlever-server-d,S,0,0,10120,0,1,1,futex_do_wait
4924412926636255,3122808,qlever-server-d,S,0,0,93120,0,4,9,ep_poll
4924412926636255,3122809,qlever-server-d,S,0,0,414310,214341,8,0,futex_do_wait
4924412926636255,3122810,qlever-server-d,S,5,32,378103475,131650893,2782,14,futex_do_wait
4924412926636255,3122811,qlever-server-d,S,6,34,406840771,110550218,2783,15,ep_poll
4924412926636255,3123964,qlever-server-d,S,0,0,5207392,9059865,155,6,futex_do_wait
4924412926636255,3123965,qlever-server-d,R,622,1,6246325094,26417307,232,8,0
4924412926636255,0,__system__,-,1024723372,7867690677,0,0,0,-1,-
4924412946935492,3122254,qlever-server-d,S,991,1709,27010922485,9287664,1206,9,futex_do_wait
4924412946935492,3122258,qlever-server-d,S,0,0,4522553,817031,38,7,futex_do_wait
4924412946935492,3122806,qlever-server-d,R,3404,8,34131714984,13047797,331,12,0
4924412946935492,3122807,qlever-server-d,S,0,0,10120,0,1,1,futex_do_wait
4924412946935492,3122808,qlever-server-d,S,0,0,93120,0,4,9,ep_poll
4924412946935492,3122809,qlever-server-d,S,0,0,414310,214341,8,0,futex_do_wait
4924412946935492,3122810,qlever-server-d,S,5,32,378981416,131650893,2784,14,futex_do_wait
4924412946935492,3122811,qlever-server-d,S,6,34,406917061,110554488,2787,7,ep_poll
4924412946935492,3123964,qlever-server-d,S,0,0,5207392,9059865,155,6,futex_do_wait
4924412946935492,3123965,qlever-server-d,R,624,1,6265288295,26453707,233,8,0
4924412946935492,0,__system__,-,1024723393,7867690708,0,0,0,-1,-
4924412966643883,3122254,qlever-server-d,S,991,1709,27010922485,9287664,1206,9,futex_do_wait
4924412966643883,3122258,qlever-server-d,S,0,0,4522553,817031,38,7,futex_do_wait
4924412966643883,3122806,qlever-server-d,R,3406,8,34150717494,13047797,331,12,0
4924412966643883,3122807,qlever-server-d,S,0,0,10120,0,1,1,futex_do_wait
4924412966643883,3122808,qlever-server-d,S,0,0,93120,0,4,9,ep_poll
4924412966643883,3122809,qlever-server-d,S,0,0,414310,214341,8,0,futex_do_wait
4924412966643883,3122810,qlever-server-d,S,5,32,379437006,131650893,2785,5,futex_do_wait
4924412966643883,3122811,qlever-server-d,S,6,34,406940141,110754518,2788,7,ep_poll
4924412966643883,3123964,qlever-server-d,S,0,0,5243192,9059865,156,6,futex_do_wait
4924412966643883,3123965,qlever-server-d,R,626,1,6285289586,26453707,233,8,0
4924412966643883,0,__system__,-,1024723415,7867690739,0,0,0,-1,-
4924412986647541,3122254,qlever-server-d,S,991,1709,27010922485,9287664,1206,9,futex_do_wait
4924412986647541,3122258,qlever-server-d,S,0,0,4522553,817031,38,7,futex_do_wait
4924412986647541,3122806,qlever-server-d,R,3408,8,34171282536,13047797,331,12,0
4924412986647541,3122807,qlever-server-d,S,0,0,10120,0,1,1,futex_do_wait
4924412986647541,3122808,qlever-server-d,S,0,0,93120,0,4,9,ep_poll
4924412986647541,3122809,qlever-server-d,S,0,0,414310,214341,8,0,futex_do_wait
4924412986647541,3122810,qlever-server-d,S,5,32,379843716,131650893,2786,7,futex_do_wait
4924412986647541,3122811,qlever-server-d,S,6,34,406985471,110754518,2790,15,ep_poll
4924412986647541,3123964,qlever-server-d,S,0,0,5243192,9059865,156,6,futex_do_wait
4924412986647541,3123965,qlever-server-d,R,628,1,6305288657,26453707,233,8,0
4924412986647541,0,__system__,-,1024723436,7867690772,0,0,0,-1,-
4924413006642220,3122254,qlever-server-d,S,991,1709,27010922485,9287664,1206,9,futex_do_wait
4924413006642220,3122258,qlever-server-d,S,0,0,4522553,817031,38,7,futex_do_wait
4924413006642220,3122806,qlever-server-d,R,3410,8,34190715977,13047797,331,12,0
4924413006642220,3122807,qlever-server-d,S,0,0,10120,0,1,1,futex_do_wait
4924413006642220,3122808,qlever-server-d,S,0,0,93120,0,4,9,ep_poll
4924413006642220,3122809,qlever-server-d,S,0,0,414310,214341,8,0,futex_do_wait
4924413006642220,3122810,qlever-server-d,S,5,32,380267646,131650893,2787,7,futex_do_wait
4924413006642220,3122811,qlever-server-d,S,6,34,407029481,110754518,2792,15,ep_poll
4924413006642220,3123964,qlever-server-d,S,0,0,5278402,9059865,157,6,futex_do_wait
4924413006642220,3123965,qlever-server-d,R,630,1,6325290108,26453707,233,8,0
4924413006642220,0,__system__,-,1024723456,7867690803,0,0,0,-1,-
4924413026645669,3122254,qlever-server-d,S,991,1709,27010922485,9287664,1206,9,futex_do_wait
4924413026645669,3122258,qlever-server-d,S,0,0,4522553,817031,38,7,futex_do_wait
4924413026645669,3122806,qlever-server-d,R,3412,8,34210716988,13047797,331,12,0
4924413026645669,3122807,qlever-server-d,S,0,0,10120,0,1,1,futex_do_wait
4924413026645669,3122808,qlever-server-d,S,0,0,93120,0,4,9,ep_poll
4924413026645669,3122809,qlever-server-d,S,0,0,414310,214341,8,0,futex_do_wait
4924413026645669,3122810,qlever-server-d,S,5,32,381155166,131650893,2789,7,futex_do_wait
4924413026645669,3122811,qlever-server-d,S,6,34,407101601,110754518,2796,14,ep_poll
4924413026645669,3123964,qlever-server-d,S,0,0,5278402,9059865,157,6,futex_do_wait
4924413026645669,3123965,qlever-server-d,R,632,1,6345289909,26453707,233,8,0
4924413026645669,0,__system__,-,1024723477,7867690835,0,0,0,-1,-
4924413046643898,3122254,qlever-server-d,S,991,1709,27010922485,9287664,1206,9,futex_do_wait
4924413046643898,3122258,qlever-server-d,S,0,0,4522553,817031,38,7,futex_do_wait
4924413046643898,3122806,qlever-server-d,R,3414,8,34230714719,13047797,331,12,0
4924413046643898,3122807,qlever-server-d,S,0,0,10120,0,1,1,futex_do_wait
4924413046643898,3122808,qlever-server-d,S,0,0,93120,0,4,9,ep_poll
4924413046643898,3122809,qlever-server-d,S,0,0,414310,214341,8,0,futex_do_wait
4924413046643898,3122810,qlever-server-d,S,5,32,381540796,131650893,2790,7,futex_do_wait
4924413046643898,3122811,qlever-server-d,S,6,34,407143151,110754518,2798,15,ep_poll
4924413046643898,3123964,qlever-server-d,S,0,0,5278402,9059865,157,6,futex_do_wait
4924413046643898,3123965,qlever-server-d,R,634,1,6365291020,26453707,233,8,0
4924413046643898,0,__system__,-,1024723497,7867690867,0,0,0,-1,-
4924413066643586,3122254,qlever-server-d,S,991,1709,27010922485,9287664,1206,9,futex_do_wait
4924413066643586,3122258,qlever-server-d,S,0,0,4522553,817031,38,7,futex_do_wait
4924413066643586,3122806,qlever-server-d,R,3416,8,34250716910,13047797,331,12,0
4924413066643586,3122807,qlever-server-d,S,0,0,10120,0,1,1,futex_do_wait
4924413066643586,3122808,qlever-server-d,S,0,0,93120,0,4,9,ep_poll
4924413066643586,3122809,qlever-server-d,S,0,0,414310,214341,8,0,futex_do_wait
4924413066643586,3122810,qlever-server-d,S,5,32,381957057,131650893,2791,7,futex_do_wait
4924413066643586,3122811,qlever-server-d,S,6,34,407182851,110763858,2800,4,ep_poll
4924413066643586,3123964,qlever-server-d,S,0,0,5313012,9059865,158,6,futex_do_wait
4924413066643586,3123965,qlever-server-d,R,636,1,6385290232,26453707,233,8,0
4924413066643586,0,__system__,-,1024723518,7867690899,0,0,0,-1,-
4924413086650115,3122254,qlever-server-d,S,991,1709,27010922485,9287664,1206,9,futex_do_wait
4924413086650115,3122258,qlever-server-d,S,0,0,4522553,817031,38,7,futex_do_wait
4924413086650115,3122806,qlever-server-d,R,3418,8,34270718471,13047797,331,12,0
4924413086650115,3122807,qlever-server-d,S,0,0,10120,0,1,1,futex_do_wait
4924413086650115,3122808,qlever-server-d,S,0,0,93120,0,4,9,ep_poll
4924413086650115,3122809,qlever-server-d,S,0,0,414310,214341,8,0,futex_do_wait
4924413086650115,3122810,qlever-server-d,S,5,32,382427087,131650893,2792,5,futex_do_wait
4924413086650115,3122811,qlever-server-d,S,6,34,407230961,110775098,2802,5,ep_poll
4924413086650115,3123964,qlever-server-d,S,0,0,5313012,9059865,158,6,futex_do_wait
4924413086650115,3123965,qlever-server-d,R,638,1,6405290833,26453707,233,8,0
4924413086650115,0,__system__,-,1024723541,7867690931,0,0,0,-1,-
4924413106658624,3122254,qlever-server-d,S,991,1709,27010922485,9287664,1206,9,futex_do_wait
4924413106658624,3122258,qlever-server-d,S,0,0,4522553,817031,38,7,futex_do_wait
4924413106658624,3122806,qlever-server-d,R,3420,8,34290717632,13047797,331,12,0
4924413106658624,3122807,qlever-server-d,S,0,0,10120,0,1,1,futex_do_wait
4924413106658624,3122808,qlever-server-d,S,0,0,93120,0,4,9,ep_poll
4924413106658624,3122809,qlever-server-d,S,0,0,414310,214341,8,0,futex_do_wait
4924413106658624,3122810,qlever-server-d,S,5,32,382855387,131650893,2793,7,futex_do_wait
4924413106658624,3122811,qlever-server-d,S,6,34,407275531,110775098,2804,15,ep_poll
4924413106658624,3123964,qlever-server-d,S,0,0,5351282,9064015,159,6,futex_do_wait
4924413106658624,3123965,qlever-server-d,R,640,1,6425291144,26453707,233,8,0
4924413106658624,0,__system__,-,1024723562,7867690963,0,0,0,-1,-
4924413126652403,3122254,qlever-server-d,S,991,1709,27010922485,9287664,1206,9,futex_do_wait
4924413126652403,3122258,qlever-server-d,S,0,0,4522553,817031,38,7,futex_do_wait
4924413126652403,3122806,qlever-server-d,R,3422,8,34310697093,13067957,332,12,0
4924413126652403,3122807,qlever-server-d,S,0,0,10120,0,1,1,futex_do_wait
4924413126652403,3122808,qlever-server-d,S,0,0,93120,0,4,9,ep_poll
4924413126652403,3122809,qlever-server-d,S,0,0,414310,214341,8,0,futex_do_wait
4924413126652403,3122810,qlever-server-d,S,5,32,383109757,131655103,2794,7,futex_do_wait
4924413126652403,3122811,qlever-server-d,S,6,34,407307951,110775098,2805,15,ep_poll
4924413126652403,3123964,qlever-server-d,S,0,0,5351282,9064015,159,6,futex_do_wait
4924413126652403,3123965,qlever-server-d,R,642,1,6445274145,26471167,234,8,0
4924413126652403,0,__system__,-,1024723583,7867690995,0,0,0,-1,-
4924413146643081,3122254,qlever-server-d,S,991,1709,27010922485,9287664,1206,9,futex_do_wait
4924413146643081,3122258,qlever-server-d,S,0,0,4522553,817031,38,7,futex_do_wait
4924413146643081,3122806,qlever-server-d,R,3424,8,34330698724,13067957,332,12,0
4924413146643081,3122807,qlever-server-d,S,0,0,10120,0,1,1,futex_do_wait
4924413146643081,3122808,qlever-server-d,S,0,0,93120,0,4,9,ep_poll
4924413146643081,3122809,qlever-server-d,S,0,0,414310,214341,8,0,futex_do_wait
4924413146643081,3122810,qlever-server-d,S,5,32,383549978,131655103,2795,13,futex_do_wait
4924413146643081,3122811,qlever-server-d,S,6,34,407345891,110796328,2807,15,ep_poll
4924413146643081,3123964,qlever-server-d,S,0,0,5351282,9064015,159,6,futex_do_wait
4924413146643081,3123965,qlever-server-d,R,644,1,6465273766,26471167,234,8,0
4924413146643081,0,__system__,-,1024723603,7867691026,0,0,0,-1,-
4924413166641850,3122254,qlever-server-d,S,991,1709,27010922485,9287664,1206,9,futex_do_wait
4924413166641850,3122258,qlever-server-d,S,0,0,4522553,817031,38,7,futex_do_wait
4924413166641850,3122806,qlever-server-d,R,3426,8,34350697076,13067957,332,12,0
4924413166641850,3122807,qlever-server-d,S,0,0,10120,0,1,1,futex_do_wait
4924413166641850,3122808,qlever-server-d,S,0,0,93120,0,4,9,ep_poll
4924413166641850,3122809,qlever-server-d,S,0,0,414310,214341,8,0,futex_do_wait
4924413166641850,3122810,qlever-server-d,S,5,32,384214669,131875413,2799,13,futex_do_wait
4924413166641850,3122811,qlever-server-d,S,6,34,407414611,110796328,2810,5,ep_poll
4924413166641850,3123964,qlever-server-d,S,0,0,5381722,9064015,160,6,futex_do_wait
4924413166641850,3123965,qlever-server-d,R,646,1,6485275127,26471167,234,8,0
4924413166641850,0,__system__,-,1024723624,7867691058,0,0,0,-1,-
4924413186645439,3122254,qlever-server-d,S,991,1709,27010922485,9287664,1206,9,futex_do_wait
4924413186645439,3122258,qlever-server-d,S,0,0,4522553,817031,38,7,futex_do_wait
4924413186645439,3122806,qlever-server-d,R,3428,8,34370697457,13067957,332,12,0
4924413186645439,3122807,qlever-server-d,S,0,0,10120,0,1,1,futex_do_wait
4924413186645439,3122808,qlever-server-d,S,0,0,93120,0,4,9,ep_poll
4924413186645439,3122809,qlever-server-d,S,0,0,414310,214341,8,0,futex_do_wait
4924413186645439,3122810,qlever-server-d,S,5,32,384673509,131875413,2800,7,futex_do_wait
4924413186645439,3122811,qlever-server-d,S,6,34,407452561,110799348,2812,15,ep_poll
4924413186645439,3123964,qlever-server-d,S,0,0,5381722,9064015,160,6,futex_do_wait
4924413186645439,3123965,qlever-server-d,R,648,1,6505275168,26471167,234,8,0
4924413186645439,0,__system__,-,1024723645,7867691090,0,0,0,-1,-
4924413206647768,3122254,qlever-server-d,S,991,1709,27010922485,9287664,1206,9,futex_do_wait
4924413206647768,3122258,qlever-server-d,S,0,0,4522553,817031,38,7,futex_do_wait
4924413206647768,3122806,qlever-server-d,R,3430,8,34390698268,13067957,332,12,0
4924413206647768,3122807,qlever-server-d,S,0,0,10120,0,1,1,futex_do_wait
4924413206647768,3122808,qlever-server-d,S,0,0,93120,0,4,9,ep_poll
4924413206647768,3122809,qlever-server-d,S,0,0,414310,214341,8,0,futex_do_wait
4924413206647768,3122810,qlever-server-d,S,5,32,385071509,131875413,2801,7,futex_do_wait
4924413206647768,3122811,qlever-server-d,S,6,34,407471181,111171588,2813,7,ep_poll
4924413206647768,3123964,qlever-server-d,R,0,0,5381722,9064015,160,6,0
4924413206647768,3123965,qlever-server-d,R,650,1,6525273329,26471167,234,8,0
4924413206647768,0,__system__,-,1024723666,7867691121,0,0,0,-1,-
4924413226637776,3122254,qlever-server-d,S,991,1709,27010922485,9287664,1206,9,futex_do_wait
4924413226637776,3122258,qlever-server-d,S,0,0,4522553,817031,38,7,futex_do_wait
4924413226637776,3122806,qlever-server-d,R,3432,8,34410696899,13067957,332,12,0
4924413226637776,3122807,qlever-server-d,S,0,0,10120,0,1,1,futex_do_wait
4924413226637776,3122808,qlever-server-d,S,0,0,93120,0,4,9,ep_poll
4924413226637776,3122809,qlever-server-d,S,0,0,414310,214341,8,0,futex_do_wait
4924413226637776,3122810,qlever-server-d,S,5,32,385505029,131900543,2803,13,futex_do_wait
4924413226637776,3122811,qlever-server-d,S,6,34,407525851,111174898,2816,5,ep_poll
4924413226637776,3123964,qlever-server-d,S,0,0,5416462,9767126,161,6,futex_do_wait
4924413226637776,3123965,qlever-server-d,R,652,1,6545274800,26471167,234,8,0
4924413226637776,0,__system__,-,1024723687,7867691152,0,0,0,-1,-
4924413246649885,3122254,qlever-server-d,S,991,1709,27010922485,9287664,1206,9,futex_do_wait
4924413246649885,3122258,qlever-server-d,S,0,0,4522553,817031,38,7,futex_do_wait
4924413246649885,3122806,qlever-server-d,R,3434,8,34430699730,13067957,332,12,0
4924413246649885,3122807,qlever-server-d,S,0,0,10120,0,1,1,futex_do_wait
4924413246649885,3122808,qlever-server-d,S,0,0,93120,0,4,9,ep_poll
4924413246649885,3122809,qlever-server-d,S,0,0,414310,214341,8,0,futex_do_wait
4924413246649885,3122810,qlever-server-d,S,5,32,385933930,131900543,2804,13,futex_do_wait
4924413246649885,3122811,qlever-server-d,S,6,34,407559721,111174898,2818,15,ep_poll
4924413246649885,3123964,qlever-server-d,S,0,0,5416462,9767126,161,6,futex_do_wait
4924413246649885,3123965,qlever-server-d,R,654,1,6565274452,26471167,234,8,0
4924413246649885,0,__system__,-,1024723707,7867691183,0,0,0,-1,-
4924413266644124,3122254,qlever-server-d,S,991,1709,27010922485,9287664,1206,9,futex_do_wait
4924413266644124,3122258,qlever-server-d,S,0,0,4522553,817031,38,7,futex_do_wait
4924413266644124,3122806,qlever-server-d,R,3436,8,34450697061,13067957,332,12,0
4924413266644124,3122807,qlever-server-d,S,0,0,10120,0,1,1,futex_do_wait
4924413266644124,3122808,qlever-server-d,S,0,0,93120,0,4,9,ep_poll
4924413266644124,3122809,qlever-server-d,S,0,0,414310,214341,8,0,futex_do_wait
4924413266644124,3122810,qlever-server-d,S,5,32,386324280,131900543,2805,7,futex_do_wait
4924413266644124,3122811,qlever-server-d,S,6,34,407598301,111174898,2820,15,ep_poll
4924413266644124,3123964,qlever-server-d,S,0,0,5452872,9767126,162,6,futex_do_wait
4924413266644124,3123965,qlever-server-d,R,656,1,6585274423,26471167,234,8,0
4924413266644124,0,__system__,-,1024723730,7867691217,0,0,0,-1,-
4924413286638863,3122254,qlever-server-d,S,991,1709,27010922485,9287664,1206,9,futex_do_wait
4924413286638863,3122258,qlever-server-d,S,0,0,4522553,817031,38,7,futex_do_wait
4924413286638863,3122806,qlever-server-d,R,3438,8,34470696752,13067957,332,12,0
4924413286638863,3122807,qlever-server-d,S,0,0,10120,0,1,1,futex_do_wait
4924413286638863,3122808,qlever-server-d,S,0,0,93120,0,4,9,ep_poll
4924413286638863,3122809,qlever-server-d,S,0,0,414310,214341,8,0,futex_do_wait
4924413286638863,3122810,qlever-server-d,S,5,32,386324280,131900543,2805,7,futex_do_wait
4924413286638863,3122811,qlever-server-d,S,6,34,407598301,111174898,2820,15,ep_poll
4924413286638863,3123964,qlever-server-d,S,0,0,5452872,9767126,162,6,futex_do_wait
4924413286638863,3123965,qlever-server-d,R,658,2,6605492094,26471167,234,8,0
4924413286638863,0,__system__,-,1024723749,7867691248,0,0,0,-1,-
4924413306644191,3122254,qlever-server-d,S,991,1709,27010922485,9287664,1206,9,futex_do_wait
4924413306644191,3122258,qlever-server-d,S,0,0,4522553,817031,38,7,futex_do_wait
4924413306644191,3122806,qlever-server-d,R,3440,8,34490700173,13067957,332,12,0
4924413306644191,3122807,qlever-server-d,S,0,0,10120,0,1,1,futex_do_wait
4924413306644191,3122808,qlever-server-d,S,0,0,93120,0,4,9,ep_poll
4924413306644191,3122809,qlever-server-d,S,0,0,414310,214341,8,0,futex_do_wait
4924413306644191,3122810,qlever-server-d,S,5,32,386787930,131900543,2806,7,futex_do_wait
4924413306644191,3122811,qlever-server-d,S,6,34,407637841,111174898,2822,4,ep_poll
4924413306644191,3123964,qlever-server-d,S,0,0,5452872,9767126,162,6,futex_do_wait
4924413306644191,3123965,qlever-server-d,R,660,2,6625274585,26471167,234,8,0
4924413306644191,0,__system__,-,1024723769,7867691279,0,0,0,-1,-
4924413326644850,3122254,qlever-server-d,S,991,1709,27010922485,9287664,1206,9,futex_do_wait
4924413326644850,3122258,qlever-server-d,S,0,0,4522553,817031,38,7,futex_do_wait
4924413326644850,3122806,qlever-server-d,R,3442,8,34510676814,13089097,333,12,0
4924413326644850,3122807,qlever-server-d,S,0,0,10120,0,1,1,futex_do_wait
4924413326644850,3122808,qlever-server-d,S,0,0,93120,0,4,9,ep_poll
4924413326644850,3122809,qlever-server-d,S,0,0,414310,214341,8,0,futex_do_wait
4924413326644850,3122810,qlever-server-d,S,5,32,387210360,131900543,2807,14,futex_do_wait
4924413326644850,3122811,qlever-server-d,S,6,34,407684561,111174898,2824,5,ep_poll
4924413326644850,3123964,qlever-server-d,S,0,0,5489922,9767126,163,6,futex_do_wait
4924413326644850,3123965,qlever-server-d,R,662,2,6645275666,26471167,234,8,0
4924413326644850,0,__system__,-,1024723792,7867691312,0,0,0,-1,-
4924413346653899,3122254,qlever-server-d,S,991,1709,27010922485,9287664,1206,9,futex_do_wait
4924413346653899,3122258,qlever-server-d,S,0,0,4522553,817031,38,7,futex_do_wait
4924413346653899,3122806,qlever-server-d,R,3444,8,34530677276,13089097,333,12,0
4924413346653899,3122807,qlever-server-d,S,0,0,10120,0,1,1,futex_do_wait
4924413346653899,3122808,qlever-server-d,S,0,0,93120,0,4,9,ep_poll
4924413346653899,3122809,qlever-server-d,S,0,0,414310,214341,8,0,futex_do_wait
4924413346653899,3122810,qlever-server-d,S,5,32,387689580,131900543,2808,14,futex_do_wait
4924413346653899,3122811,qlever-server-d,S,6,34,407720111,111174898,2826,5,ep_poll
4924413346653899,3123964,qlever-server-d,S,0,0,5489922,9767126,163,6,futex_do_wait
4924413346653899,3123965,qlever-server-d,R,664,2,6665277847,26471167,234,8,0
4924413346653899,0,__system__,-,1024723814,7867691344,0,0,0,-1,-
4924413366967995,3122254,qlever-server-d,S,991,1709,27010922485,9287664,1206,9,futex_do_wait
4924413366967995,3122258,qlever-server-d,S,0,0,4522553,817031,38,7,futex_do_wait
4924413366967995,3122806,qlever-server-d,R,3446,8,34551676727,13089097,333,12,0
4924413366967995,3122807,qlever-server-d,S,0,0,10120,0,1,1,futex_do_wait
4924413366967995,3122808,qlever-server-d,S,0,0,93120,0,4,9,ep_poll
4924413366967995,3122809,qlever-server-d,S,0,0,414310,214341,8,0,futex_do_wait
4924413366967995,3122810,qlever-server-d,S,5,32,388157650,131900543,2809,7,futex_do_wait
4924413366967995,3122811,qlever-server-d,S,6,34,407750371,111174898,2828,14,ep_poll
4924413366967995,3123964,qlever-server-d,S,0,0,5513152,9767126,164,7,futex_do_wait
4924413366967995,3123965,qlever-server-d,R,666,2,6685276358,26471167,234,8,0
4924413366967995,0,__system__,-,1024723835,7867691376,0,0,0,-1,-
4924413386642437,3122254,qlever-server-d,S,991,1709,27010922485,9287664,1206,9,futex_do_wait
4924413386642437,3122258,qlever-server-d,S,0,0,4522553,817031,38,7,futex_do_wait
4924413386642437,3122806,qlever-server-d,R,3448,8,34570678308,13089097,333,12,0
4924413386642437,3122807,qlever-server-d,S,0,0,10120,0,1,1,futex_do_wait
4924413386642437,3122808,qlever-server-d,S,0,0,93120,0,4,9,ep_poll
4924413386642437,3122809,qlever-server-d,S,0,0,414310,214341,8,0,futex_do_wait
4924413386642437,3122810,qlever-server-d,S,5,32,389102451,131900543,2811,7,futex_do_wait
4924413386642437,3122811,qlever-server-d,S,6,34,407810731,111481918,2831,15,ep_poll
4924413386642437,3123964,qlever-server-d,S,0,0,5513152,9767126,164,7,futex_do_wait
4924413386642437,3123965,qlever-server-d,R,668,2,6705274129,26471167,234,8,0
4924413386642437,0,__system__,-,1024723854,7867691406,0,0,0,-1,-
4924413406644205,3122254,qlever-server-d,S,991,1709,27010922485,9287664,1206,9,futex_do_wait
4924413406644205,3122258,qlever-server-d,S,0,0,4522553,817031,38,7,futex_do_wait
4924413406644205,3122806,qlever-server-d,R,3450,8,34590678839,13089097,333,12,0
4924413406644205,3122807,qlever-server-d,S,0,0,10120,0,1,1,futex_do_wait
4924413406644205,3122808,qlever-server-d,S,0,0,93120,0,4,9,ep_poll
4924413406644205,3122809,qlever-server-d,S,0,0,414310,214341,8,0,futex_do_wait
4924413406644205,3122810,qlever-server-d,S,5,33,389510911,131900543,2812,4,futex_do_wait
4924413406644205,3122811,qlever-server-d,S,6,34,407856091,111481918,2833,15,ep_poll
4924413406644205,3123964,qlever-server-d,S,0,0,5513152,9767126,164,7,futex_do_wait
4924413406644205,3123965,qlever-server-d,R,670,2,6725277660,26471167,234,8,0
4924413406644205,0,__system__,-,1024723876,7867691439,0,0,0,-1,-
4924413426633444,3122254,qlever-server-d,S,991,1709,27010922485,9287664,1206,9,futex_do_wait
4924413426633444,3122258,qlever-server-d,S,0,0,4522553,817031,38,7,futex_do_wait
4924413426633444,3122806,qlever-server-d,R,3452,8,34610679680,13089097,333,12,0
4924413426633444,3122807,qlever-server-d,S,0,0,10120,0,1,1,futex_do_wait
4924413426633444,3122808,qlever-server-d,S,0,0,93120,0,4,9,ep_poll
4924413426633444,3122809,qlever-server-d,S,0,0,414310,214341,8,0,futex_do_wait
4924413426633444,3122810,qlever-server-d,S,5,33,390341792,131900543,2814,7,futex_do_wait
4924413426633444,3122811,qlever-server-d,S,6,34,407923961,111668668,2836,7,ep_poll
4924413426633444,3123964,qlever-server-d,S,0,0,5546182,9767126,165,13,futex_do_wait
4924413426633444,3123965,qlever-server-d,R,672,2,6745276062,26471167,234,8,0
4924413426633444,0,__system__,-,1024723897,7867691471,0,0,0,-1,-
4924413446649873,3122254,qlever-server-d,S,991,1709,27010922485,9287664,1206,9,futex_do_wait
4924413446649873,3122258,qlever-server-d,S,0,0,4522553,817031,38,7,futex_do_wait
4924413446649873,3122806,qlever-server-d,R,3454,8,34630680051,13089097,333,12,0
4924413446649873,3122807,qlever-server-d,S,0,0,10120,0,1,1,futex_do_wait
4924413446649873,3122808,qlever-server-d,S,0,0,93120,0,4,9,ep_poll
4924413446649873,3122809,qlever-server-d,S,0,0,414310,214341,8,0,futex_do_wait
4924413446649873,3122810,qlever-server-d,S,5,33,390683722,132466433,2820,15,ep_poll
4924413446649873,3122811,qlever-server-d,S,6,34,408516411,112975149,2841,15,futex_do_wait
4924413446649873,3123964,qlever-server-d,S,0,0,5546182,9767126,165,13,futex_do_wait
4924413446649873,3123965,qlever-server-d,R,674,2,6765275463,26471167,234,8,0
4924413446649873,0,__system__,-,1024723917,7867691502,0,0,0,-1,-
4924413466638002,3122254,qlever-server-d,S,991,1709,27010922485,9287664,1206,9,futex_do_wait
4924413466638002,3122258,qlever-server-d,S,0,0,4522553,817031,38,7,futex_do_wait
4924413466638002,3122806,qlever-server-d,R,3456,8,34650680252,13089097,333,12,0
4924413466638002,3122807,qlever-server-d,S,0,0,10120,0,1,1,futex_do_wait
4924413466638002,3122808,qlever-server-d,S,0,0,93120,0,4,9,ep_poll
4924413466638002,3122809,qlever-server-d,S,0,0,414310,214341,8,0,futex_do_wait
4924413466638002,3122810,qlever-server-d,S,5,33,390759692,132500073,2824,1,ep_poll
4924413466638002,3122811,qlever-server-d,S,6,34,409111773,112998989,2844,1,futex_do_wait
4924413466638002,3123964,qlever-server-d,S,0,0,5581812,10143936,166,13,futex_do_wait
4924413466638002,3123965,qlever-server-d,R,676,2,6785275484,26471167,234,8,0
4924413466638002,0,__system__,-,1024723938,7867691532,0,0,0,-1,-
4924413487527394,3122254,qlever-server-d,S,991,1709,27010922485,9287664,1206,9,futex_do_wait
4924413487527394,3122258,qlever-server-d,S,0,0,4522553,817031,38,7,futex_do_wait
4924413487527394,3122806,qlever-server-d,R,3458,8,34671678864,13089097,333,12,0
4924413487527394,3122807,qlever-server-d,S,0,0,10120,0,1,1,futex_do_wait
4924413487527394,3122808,qlever-server-d,S,0,0,93120,0,4,9,ep_poll
4924413487527394,3122809,qlever-server-d,S,0,0,414310,214341,8,0,futex_do_wait
4924413487527394,3122810,qlever-server-d,S,5,33,390836912,132620383,2827,13,ep_poll
4924413487527394,3122811,qlever-server-d,S,6,34,409837223,112998989,2846,2,futex_do_wait
4924413487527394,3123964,qlever-server-d,S,0,0,5581812,10143936,166,13,futex_do_wait
4924413487527394,3123965,qlever-server-d,R,678,2,6806276315,26471167,234,8,0
4924413487527394,0,__system__,-,1024723962,7867691568,0,0,0,-1,-
4924413506649249,3122254,qlever-server-d,S,991,1709,27010922485,9287664,1206,9,futex_do_wait
4924413506649249,3122258,qlever-server-d,S,0,0,4522553,817031,38,7,futex_do_wait
4924413506649249,3122806,qlever-server-d,R,3460,8,34690680444,13089097,333,12,0
4924413506649249,3122807,qlever-server-d,S,0,0,10120,0,1,1,futex_do_wait
4924413506649249,3122808,qlever-server-d,S,0,0,93120,0,4,9,ep_poll
4924413506649249,3122809,qlever-server-d,S,0,0,414310,214341,8,0,futex_do_wait
4924413506649249,3122810,qlever-server-d,S,5,33,390943082,132620383,2832,5,ep_poll
4924413506649249,3122811,qlever-server-d,S,6,34,410590773,112998989,2848,2,futex_do_wait
4924413506649249,3123964,qlever-server-d,S,0,0,5581812,10143936,166,13,futex_do_wait
4924413506649249,3123965,qlever-server-d,R,680,2,6825276086,26471167,234,8,0
4924413506649249,0,__system__,-,1024723981,7867691598,0,0,0,-1,-
4924413526646078,3122254,qlever-server-d,S,991,1709,27010922485,9287664,1206,9,futex_do_wait
4924413526646078,3122258,qlever-server-d,S,0,0,4522553,817031,38,7,futex_do_wait
4924413526646078,3122806,qlever-server-d,R,3462,8,34710679826,13089097,333,12,0
4924413526646078,3122807,qlever-server-d,S,0,0,10120,0,1,1,futex_do_wait
4924413526646078,3122808,qlever-server-d,S,0,0,93120,0,4,9,ep_poll
4924413526646078,3122809,qlever-server-d,S,0,0,414310,214341,8,0,futex_do_wait
4924413526646078,3122810,qlever-server-d,S,5,33,390965572,132766843,2833,1,ep_poll
4924413526646078,3122811,qlever-server-d,S,6,34,410937013,112998989,2849,1,futex_do_wait
4924413526646078,3123964,qlever-server-d,S,0,0,5620142,10143936,167,13,futex_do_wait
4924413526646078,3123965,qlever-server-d,R,682,2,6845277207,26471167,234,8,0
4924413526646078,0,__system__,-,1024724002,7867691629,0,0,0,-1,-
4924413546643757,3122254,qlever-server-d,S,991,1709,27010922485,9287664,1206,9,futex_do_wait
4924413546643757,3122258,qlever-server-d,S,0,0,4522553,817031,38,7,futex_do_wait
4924413546643757,3122806,qlever-server-d,R,3464,8,34730680817,13089097,333,12,0
4924413546643757,3122807,qlever-server-d,S,0,0,10120,0,1,1,futex_do_wait
4924413546643757,3122808,qlever-server-d,S,0,0,93120,0,4,9,ep_poll
4924413546643757,3122809,qlever-server-d,S,0,0,414310,214341,8,0,futex_do_wait
4924413546643757,3122810,qlever-server-d,S,5,33,391069142,132770573,2838,11,ep_poll
4924413546643757,3122811,qlever-server-d,S,6,34,411679373,113233259,2853,1,futex_do_wait
4924413546643757,3123964,qlever-server-d,S,0,0,5620142,10143936,167,13,futex_do_wait
4924413546643757,3123965,qlever-server-d,R,684,2,6865277858,26471167,234,8,0
4924413546643757,0,__system__,-,1024724022,7867691661,0,0,0,-1,-
4924413566636745,3122254,qlever-server-d,S,991,1709,27010922485,9287664,1206,9,futex_do_wait
4924413566636745,3122258,qlever-server-d,S,0,0,4522553,817031,38,7,futex_do_wait
4924413566636745,3122806,qlever-server-d,R,3466,8,34750679678,13089097,333,12,0
4924413566636745,3122807,qlever-server-d,S,0,0,10120,0,1,1,futex_do_wait
4924413566636745,3122808,qlever-server-d,S,0,0,93120,0,4,9,ep_poll
4924413566636745,3122809,qlever-server-d,S,0,0,414310,214341,8,0,futex_do_wait
4924413566636745,3122810,qlever-server-d,S,5,33,391098192,133737893,2839,11,ep_poll
4924413566636745,3122811,qlever-server-d,S,6,34,412043173,113233259,2854,1,futex_do_wait
4924413566636745,3123964,qlever-server-d,S,0,0,5651752,10143936,168,15,futex_do_wait
4924413566636745,3123965,qlever-server-d,R,686,2,6885277019,26471167,234,8,0
4924413566636745,0,__system__,-,1024724043,7867691693,0,0,0,-1,-
4924413586643104,3122254,qlever-server-d,S,991,1709,27010922485,9287664,1206,9,futex_do_wait
4924413586643104,3122258,qlever-server-d,S,0,0,4522553,817031,38,7,futex_do_wait
4924413586643104,3122806,qlever-server-d,R,3468,8,34770680599,13089097,333,12,0
4924413586643104,3122807,qlever-server-d,S,0,0,10120,0,1,1,futex_do_wait
4924413586643104,3122808,qlever-server-d,S,0,0,93120,0,4,9,ep_poll
4924413586643104,3122809,qlever-server-d,S,0,0,414310,214341,8,0,futex_do_wait
4924413586643104,3122810,qlever-server-d,S,5,33,391134252,133737893,2841,0,ep_poll
4924413586643104,3122811,qlever-server-d,S,6,34,412409024,113233259,2855,2,futex_do_wait
4924413586643104,3123964,qlever-server-d,S,0,0,5651752,10143936,168,15,futex_do_wait
4924413586643104,3123965,qlever-server-d,R,688,2,6905277440,26471167,234,8,0
4924413586643104,0,__system__,-,1024724065,7867691725,0,0,0,-1,-
4924413606651073,3122254,qlever-server-d,S,991,1709,27010922485,9287664,1206,9,futex_do_wait
4924413606651073,3122258,qlever-server-d,S,0,0,4522553,817031,38,7,futex_do_wait
4924413606651073,3122806,qlever-server-d,R,3470,8,34790679840,13089097,333,12,0
4924413606651073,3122807,qlever-server-d,S,0,0,10120,0,1,1,futex_do_wait
4924413606651073,3122808,qlever-server-d,S,0,0,93120,0,4,9,ep_poll
4924413606651073,3122809,qlever-server-d,S,0,0,414310,214341,8,0,futex_do_wait
4924413606651073,3122810,qlever-server-d,S,5,33,391167362,133737893,2843,0,ep_poll
4924413606651073,3122811,qlever-server-d,S,6,34,412773454,113233259,2856,1,futex_do_wait
4924413606651073,3123964,qlever-server-d,S,0,0,5651752,10143936,168,15,futex_do_wait
4924413606651073,3123965,qlever-server-d,R,690,2,6925277122,26471167,234,8,0
4924413606651073,0,__system__,-,1024724086,7867691756,0,0,0,-1,-
4924413626643712,3122254,qlever-server-d,S,991,1709,27010922485,9287664,1206,9,futex_do_wait
4924413626643712,3122258,qlever-server-d,S,0,0,4522553,817031,38,7,futex_do_wait
4924413626643712,3122806,qlever-server-d,R,3472,8,34810681541,13089097,333,12,0
4924413626643712,3122807,qlever-server-d,S,0,0,10120,0,1,1,futex_do_wait
4924413626643712,3122808,qlever-server-d,S,0,0,93120,0,4,9,ep_poll
4924413626643712,3122809,qlever-server-d,S,0,0,414310,214341,8,0,futex_do_wait
4924413626643712,3122810,qlever-server-d,S,5,33,391207032,133737893,2845,0,ep_poll
4924413626643712,3122811,qlever-server-d,S,6,34,413152294,113233259,2857,1,futex_do_wait
4924413626643712,3123964,qlever-server-d,S,0,0,5687152,10143936,169,13,futex_do_wait
4924413626643712,3123965,qlever-server-d,R,692,2,6945276863,26471167,234,8,0
4924413626643712,0,__system__,-,1024724106,7867691787,0,0,0,-1,-
4924413646692780,3122254,qlever-server-d,S,991,1709,27010922485,9287664,1206,9,futex_do_wait
4924413646692780,3122258,qlever-server-d,S,0,0,4522553,817031,38,7,futex_do_wait
4924413646692780,3122806,qlever-server-d,R,3474,8,34830679702,13089097,333,12,0
4924413646692780,3122807,qlever-server-d,S,0,0,10120,0,1,1,futex_do_wait
4924413646692780,3122808,qlever-server-d,S,0,0,93120,0,4,9,ep_poll
4924413646692780,3122809,qlever-server-d,S,0,0,414310,214341,8,0,futex_do_wait
4924413646692780,3122810,qlever-server-d,S,5,33,391239552,133737893,2847,2,ep_poll
4924413646692780,3122811,qlever-server-d,S,6,34,413569024,113233259,2858,1,futex_do_wait
4924413646692780,3123964,qlever-server-d,S,0,0,5687152,10143936,169,13,futex_do_wait
4924413646692780,3123965,qlever-server-d,R,694,2,6965255134,26494617,235,8,0
4924413646692780,0,__system__,-,1024724127,7867691819,0,0,0,-1,-
4924413666639889,3122254,qlever-server-d,S,991,1709,27010922485,9287664,1206,9,futex_do_wait
4924413666639889,3122258,qlever-server-d,S,0,0,4522553,817031,38,7,futex_do_wait
4924413666639889,3122806,qlever-server-d,R,3476,8,34850680433,13089097,333,12,0
4924413666639889,3122807,qlever-server-d,S,0,0,10120,0,1,1,futex_do_wait
4924413666639889,3122808,qlever-server-d,S,0,0,93120,0,4,9,ep_poll
4924413666639889,3122809,qlever-server-d,S,0,0,414310,214341,8,0,futex_do_wait
4924413666639889,3122810,qlever-server-d,S,5,33,391258832,133875913,2848,3,ep_poll
4924413666639889,3122811,qlever-server-d,S,6,34,413903084,113233259,2859,3,futex_do_wait
4924413666639889,3123964,qlever-server-d,S,0,0,5731102,10143936,170,15,futex_do_wait
4924413666639889,3123965,qlever-server-d,R,696,2,6985253985,26494617,235,8,0
4924413666639889,0,__system__,-,1024724148,7867691852,0,0,0,-1,-
4924413686634068,3122254,qlever-server-d,S,991,1709,27010922485,9287664,1206,9,futex_do_wait
4924413686634068,3122258,qlever-server-d,S,0,0,4522553,817031,38,7,futex_do_wait
4924413686634068,3122806,qlever-server-d,R,3478,8,34870680664,13089097,333,12,0
4924413686634068,3122807,qlever-server-d,S,0,0,10120,0,1,1,futex_do_wait
4924413686634068,3122808,qlever-server-d,S,0,0,93120,0,4,9,ep_poll
4924413686634068,3122809,qlever-server-d,S,0,0,414310,214341,8,0,futex_do_wait
4924413686634068,3122810,qlever-server-d,S,5,33,391334912,133875913,2852,11,ep_poll
4924413686634068,3122811,qlever-server-d,S,6,34,414635304,113233259,2861,3,futex_do_wait
4924413686634068,3123964,qlever-server-d,S,0,0,5731102,10143936,170,15,futex_do_wait
4924413686634068,3123965,qlever-server-d,R,698,2,7005254956,26494617,235,8,0
4924413686634068,0,__system__,-,1024724169,7867691884,0,0,0,-1,-
4924413706636317,3122254,qlever-server-d,S,991,1709,27010922485,9287664,1206,9,futex_do_wait
4924413706636317,3122258,qlever-server-d,S,0,0,4522553,817031,38,7,futex_do_wait
4924413706636317,3122806,qlever-server-d,R,3480,8,34890679886,13089097,333,12,0
4924413706636317,3122807,qlever-server-d,S,0,0,10120,0,1,1,futex_do_wait
4924413706636317,3122808,qlever-server-d,S,0,0,93120,0,4,9,ep_poll
4924413706636317,3122809,qlever-server-d,S,0,0,414310,214341,8,0,futex_do_wait
4924413706636317,3122810,qlever-server-d,S,5,33,391359152,134601544,2853,11,ep_poll
4924413706636317,3122811,qlever-server-d,S,6,34,414961914,113233259,2862,3,futex_do_wait
4924413706636317,3123964,qlever-server-d,S,0,0,5731102,10143936,170,15,futex_do_wait
4924413706636317,3123965,qlever-server-d,R,700,2,7025254357,26494617,235,8,0
4924413706636317,0,__system__,-,1024724191,7867691916,0,0,0,-1,-
4924413726646796,3122254,qlever-server-d,S,991,1709,27010922485,9287664,1206,9,futex_do_wait
4924413726646796,3122258,qlever-server-d,S,0,0,4522553,817031,38,7,futex_do_wait
4924413726646796,3122806,qlever-server-d,R,3482,8,34910679477,13089097,333,12,0
4924413726646796,3122807,qlever-server-d,S,0,0,10120,0,1,1,futex_do_wait
4924413726646796,3122808,qlever-server-d,S,0,0,93120,0,4,9,ep_poll
4924413726646796,3122809,qlever-server-d,S,0,0,414310,214341,8,0,futex_do_wait
4924413726646796,3122810,qlever-server-d,S,5,33,391382912,134766254,2854,10,ep_poll
4924413726646796,3122811,qlever-server-d,S,6,34,415367074,113233259,2863,10,futex_do_wait
4924413726646796,3123964,qlever-server-d,S,0,0,5761502,10143936,171,4,futex_do_wait
4924413726646796,3123965,qlever-server-d,R,702,2,7045256358,26494617,235,8,0
4924413726646796,0,__system__,-,1024724213,7867691948,0,0,0,-1,-
4924413746635394,3122254,qlever-server-d,S,991,1709,27010922485,9287664,1206,9,futex_do_wait
4924413746635394,3122258,qlever-server-d,S,0,0,4522553,817031,38,7,futex_do_wait
4924413746635394,3122806,qlever-server-d,R,3484,8,34930681348,13089097,333,12,0
4924413746635394,3122807,qlever-server-d,S,0,0,10120,0,1,1,futex_do_wait
4924413746635394,3122808,qlever-server-d,S,0,0,93120,0,4,9,ep_poll
4924413746635394,3122809,qlever-server-d,S,0,0,414310,214341,8,0,futex_do_wait
4924413746635394,3122810,qlever-server-d,S,5,33,391725642,134775164,2858,2,futex_do_wait
4924413746635394,3122811,qlever-server-d,S,6,34,415638594,113694050,2868,2,ep_poll
4924413746635394,3123964,qlever-server-d,S,0,0,5761502,10143936,171,4,futex_do_wait
4924413746635394,3123965,qlever-server-d,R,704,2,7065255079,26494617,235,8,0
4924413746635394,0,__system__,-,1024724233,7867691979,0,0,0,-1,-
4924413766637143,3122254,qlever-server-d,S,991,1709,27010922485,9287664,1206,9,futex_do_wait
4924413766637143,3122258,qlever-server-d,S,0,0,4522553,817031,38,7,futex_do_wait
4924413766637143,3122806,qlever-server-d,R,3486,8,34950680449,13089097,333,12,0
4924413766637143,3122807,qlever-server-d,S,0,0,10120,0,1,1,futex_do_wait
4924413766637143,3122808,qlever-server-d,S,0,0,93120,0,4,9,ep_poll
4924413766637143,3122809,qlever-server-d,S,0,0,414310,214341,8,0,futex_do_wait
4924413766637143,3122810,qlever-server-d,S,5,33,392477524,134809394,2862,11,futex_do_wait
4924413766637143,3122811,qlever-server-d,S,6,34,415751614,113705630,2874,1,ep_poll
4924413766637143,3123964,qlever-server-d,S,0,0,5796042,10143936,172,6,futex_do_wait
4924413766637143,3123965,qlever-server-d,R,706,2,7085254730,26494617,235,8,0
4924413766637143,0,__system__,-,1024724253,7867692010,0,0,0,-1,-
4924413786644442,3122254,qlever-server-d,S,991,1709,27010922485,9287664,1206,9,futex_do_wait
4924413786644442,3122258,qlever-server-d,S,0,0,4522553,817031,38,7,futex_do_wait
4924413786644442,3122806,qlever-server-d,R,3488,8,34970680340,13089097,333,12,0
4924413786644442,3122807,qlever-server-d,S,0,0,10120,0,1,1,futex_do_wait
4924413786644442,3122808,qlever-server-d,S,0,0,93120,0,4,9,ep_poll
4924413786644442,3122809,qlever-server-d,S,0,0,414310,214341,8,0,futex_do_wait
4924413786644442,3122810,qlever-server-d,S,5,33,392860805,134809394,2863,0,futex_do_wait
4924413786644442,3122811,qlever-server-d,S,6,34,415791694,113773080,2876,1,ep_poll
4924413786644442,3123964,qlever-server-d,S,0,0,5796042,10143936,172,6,futex_do_wait
4924413786644442,3123965,qlever-server-d,R,708,2,7105254672,26494617,235,8,0
4924413786644442,0,__system__,-,1024724274,7867692043,0,0,0,-1,-
4924413806634201,3122254,qlever-server-d,S,991,1709,27010922485,9287664,1206,9,futex_do_wait
4924413806634201,3122258,qlever-server-d,S,0,0,4522553,817031,38,7,futex_do_wait
4924413806634201,3122806,qlever-server-d,R,3490,8,34990683351,13089097,333,12,0
4924413806634201,3122807,qlever-server-d,S,0,0,10120,0,1,1,futex_do_wait
4924413806634201,3122808,qlever-server-d,S,0,0,93120,0,4,9,ep_poll
4924413806634201,3122809,qlever-server-d,S,0,0,414310,214341,8,0,futex_do_wait
4924413806634201,3122810,qlever-server-d,S,5,33,393374146,134809394,2864,0,futex_do_wait
4924413806634201,3122811,qlever-server-d,S,6,34,415842614,114094150,2879,10,ep_poll
4924413806634201,3123964,qlever-server-d,S,0,0,5796042,10143936,172,6,futex_do_wait
4924413806634201,3123965,qlever-server-d,R,710,2,7125255043,26494617,235,8,0
4924413806634201,0,__system__,-,1024724295,7867692075,0,0,0,-1,-
4924413826638419,3122254,qlever-server-d,S,991,1709,27010922485,9287664,1206,9,futex_do_wait
4924413826638419,3122258,qlever-server-d,S,0,0,4522553,817031,38,7,futex_do_wait
4924413826638419,3122806,qlever-server-d,R,3492,8,35010682192,13089097,333,12,0
4924413826638419,3122807,qlever-server-d,S,0,0,10120,0,1,1,futex_do_wait
4924413826638419,3122808,qlever-server-d,S,0,0,93120,0,4,9,ep_poll
4924413826638419,3122809,qlever-server-d,S,0,0,414310,214341,8,0,futex_do_wait
4924413826638419,3122810,qlever-server-d,S,5,33,393692716,134809394,2865,0,futex_do_wait
4924413826638419,3122811,qlever-server-d,S,6,34,415891814,114886021,2881,10,ep_poll
4924413826638419,3123964,qlever-server-d,S,0,0,5835872,10143936,173,6,futex_do_wait
4924413826638419,3123965,qlever-server-d,R,712,2,7145209944,26540367,236,8,0
4924413826638419,0,__system__,-,1024724316,7867692107,0,0,0,-1,-
4924413846644818,3122254,qlever-server-d,S,991,1709,27010922485,9287664,1206,9,futex_do_wait
4924413846644818,3122258,qlever-server-d,S,0,0,4522553,817031,38,7,futex_do_wait
4924413846644818,3122806,qlever-server-d,R,3494,8,35030681753,13089097,333,12,0
4924413846644818,3122807,qlever-server-d,S,0,0,10120,0,1,1,futex_do_wait
4924413846644818,3122808,qlever-server-d,S,0,0,93120,0,4,9,ep_poll
4924413846644818,3122809,qlever-server-d,S,0,0,414310,214341,8,0,futex_do_wait
4924413846644818,3122810,qlever-server-d,S,5,33,394057787,135028304,2868,0,futex_do_wait
4924413846644818,3122811,qlever-server-d,S,6,34,415931844,114886021,2883,2,ep_poll
4924413846644818,3123964,qlever-server-d,S,0,0,5835872,10143936,173,6,futex_do_wait
4924413846644818,3123965,qlever-server-d,R,714,2,7165210185,26540367,236,8,0
4924413846644818,0,__system__,-,1024724338,7867692138,0,0,0,-1,-
4924413866649027,3122254,qlever-server-d,S,991,1709,27010922485,9287664,1206,9,futex_do_wait
4924413866649027,3122258,qlever-server-d,S,0,0,4522553,817031,38,7,futex_do_wait
4924413866649027,3122806,qlever-server-d,R,3496,8,35050682205,13089097,333,12,0
4924413866649027,3122807,qlever-server-d,S,0,0,10120,0,1,1,futex_do_wait
4924413866649027,3122808,qlever-server-d,S,0,0,93120,0,4,9,ep_poll
4924413866649027,3122809,qlever-server-d,S,0,0,414310,214341,8,0,futex_do_wait
4924413866649027,3122810,qlever-server-d,S,5,33,394424927,135028304,2869,0,futex_do_wait
4924413866649027,3122811,qlever-server-d,S,6,34,415967594,114886021,2885,10,ep_poll
4924413866649027,3123964,qlever-server-d,S,0,0,5872382,10143936,174,15,futex_do_wait
4924413866649027,3123965,qlever-server-d,R,716,2,7185210056,26540367,236,8,0
4924413866649027,0,__system__,-,1024724358,7867692169,0,0,0,-1,-
4924413886640296,3122254,qlever-server-d,S,991,1709,27010922485,9287664,1206,9,futex_do_wait
4924413886640296,3122258,qlever-server-d,S,0,0,4522553,817031,38,7,futex_do_wait
4924413886640296,3122806,qlever-server-d,R,3498,8,35070682126,13089097,333,12,0
4924413886640296,3122807,qlever-server-d,S,0,0,10120,0,1,1,futex_do_wait
4924413886640296,3122808,qlever-server-d,S,0,0,93120,0,4,9,ep_poll
4924413886640296,3122809,qlever-server-d,S,0,0,414310,214341,8,0,futex_do_wait
4924413886640296,3122810,qlever-server-d,S,6,33,394748287,135028304,2870,0,futex_do_wait
4924413886640296,3122811,qlever-server-d,S,6,34,415989334,115344331,2886,10,ep_poll
4924413886640296,3123964,qlever-server-d,S,0,0,5872382,10143936,174,15,futex_do_wait
4924413886640296,3123965,qlever-server-d,R,718,2,7205210827,26540367,236,8,0
4924413886640296,0,__system__,-,1024724380,7867692202,0,0,0,-1,-
4924413906651304,3122254,qlever-server-d,S,991,1709,27010922485,9287664,1206,9,futex_do_wait
4924413906651304,3122258,qlever-server-d,S,0,0,4522553,817031,38,7,futex_do_wait
4924413906651304,3122806,qlever-server-d,R,3500,8,35090682757,13089097,333,12,0
4924413906651304,3122807,qlever-server-d,S,0,0,10120,0,1,1,futex_do_wait
4924413906651304,3122808,qlever-server-d,S,0,0,93120,0,4,9,ep_poll
4924413906651304,3122809,qlever-server-d,S,0,0,414310,214341,8,0,futex_do_wait
4924413906651304,3122810,qlever-server-d,S,6,33,395114627,135028304,2871,0,futex_do_wait
4924413906651304,3122811,qlever-server-d,S,6,34,416011034,115500401,2887,0,ep_poll
4924413906651304,3123964,qlever-server-d,S,0,0,5872382,10143936,174,15,futex_do_wait
4924413906651304,3123965,qlever-server-d,R,720,2,7225210578,26540367,236,8,0
4924413906651304,0,__system__,-,1024724400,7867692233,0,0,0,-1,-
4924413926641423,3122254,qlever-server-d,S,991,1709,27010922485,9287664,1206,9,futex_do_wait
4924413926641423,3122258,qlever-server-d,S,0,0,4522553,817031,38,7,futex_do_wait
4924413926641423,3122806,qlever-server-d,R,3502,8,35110681848,13089097,333,12,0
4924413926641423,3122807,qlever-server-d,S,0,0,10120,0,1,1,futex_do_wait
4924413926641423,3122808,qlever-server-d,S,0,0,93120,0,4,9,ep_poll
4924413926641423,3122809,qlever-server-d,S,0,0,414310,214341,8,0,futex_do_wait
4924413926641423,3122810,qlever-server-d,S,6,33,395774747,135028304,2873,2,futex_do_wait
4924413926641423,3122811,qlever-server-d,S,6,34,416078444,116648051,2890,10,ep_poll
4924413926641423,3123964,qlever-server-d,S,0,0,5901642,10143936,175,6,futex_do_wait
4924413926641423,3123965,qlever-server-d,R,722,2,7245210509,26540367,236,8,0
4924413926641423,0,__system__,-,1024724421,7867692265,0,0,0,-1,-
4924413946646602,3122254,qlever-server-d,S,991,1709,27010922485,9287664,1206,9,futex_do_wait
4924413946646602,3122258,qlever-server-d,S,0,0,4522553,817031,38,7,futex_do_wait
4924413946646602,3122806,qlever-server-d,R,3504,8,35130681599,13089097,333,12,0
4924413946646602,3122807,qlever-server-d,S,0,0,10120,0,1,1,futex_do_wait
4924413946646602,3122808,qlever-server-d,S,0,0,93120,0,4,9,ep_poll
4924413946646602,3122809,qlever-server-d,S,0,0,414310,214341,8,0,futex_do_wait
4924413946646602,3122810,qlever-server-d,S,6,33,396134217,135028304,2874,2,futex_do_wait
4924413946646602,3122811,qlever-server-d,S,6,34,416126294,116648051,2892,3,ep_poll
4924413946646602,3123964,qlever-server-d,S,0,0,5901642,10143936,175,6,futex_do_wait
4924413946646602,3123965,qlever-server-d,R,724,2,7265212811,26540367,236,8,0
4924413946646602,0,__system__,-,1024724442,7867692298,0,0,0,-1,-
4924413966635291,3122254,qlever-server-d,S,991,1709,27010922485,9287664,1206,9,futex_do_wait
4924413966635291,3122258,qlever-server-d,S,0,0,4522553,817031,38,7,futex_do_wait
4924413966635291,3122806,qlever-server-d,R,3506,8,35150684300,13089097,333,12,0
4924413966635291,3122807,qlever-server-d,S,0,0,10120,0,1,1,futex_do_wait
4924413966635291,3122808,qlever-server-d,S,0,0,93120,0,4,9,ep_poll
4924413966635291,3122809,qlever-server-d,S,0,0,414310,214341,8,0,futex_do_wait
4924413966635291,3122810,qlever-server-d,S,6,33,396493027,135028304,2875,2,futex_do_wait
4924413966635291,3122811,qlever-server-d,S,6,34,416148824,116803741,2893,2,ep_poll
4924413966635291,3123964,qlever-server-d,S,0,0,5936192,10143936,176,6,futex_do_wait
4924413966635291,3123965,qlever-server-d,R,726,2,7285175082,26576557,237,8,0
4924413966635291,0,__system__,-,1024724465,7867692330,0,0,0,-1,-
4924413986639110,3122254,qlever-server-d,S,991,1709,27010922485,9287664,1206,9,futex_do_wait
4924413986639110,3122258,qlever-server-d,S,0,0,4522553,817031,38,7,futex_do_wait
4924413986639110,3122806,qlever-server-d,R,3508,8,35170681261,13089097,333,12,0
4924413986639110,3122807,qlever-server-d,S,0,0,10120,0,1,1,futex_do_wait
4924413986639110,3122808,qlever-server-d,S,0,0,93120,0,4,9,ep_poll
4924413986639110,3122809,qlever-server-d,S,0,0,414310,214341,8,0,futex_do_wait
4924413986639110,3122810,qlever-server-d,S,6,33,396803287,135229314,2882,11,ep_poll
4924413986639110,3122811,qlever-server-d,S,6,35,416704624,116813491,2898,1,futex_do_wait
4924413986639110,3123964,qlever-server-d,S,0,0,5936192,10143936,176,6,futex_do_wait
4924413986639110,3123965,qlever-server-d,R,728,2,7305176363,26576557,237,8,0
4924413986639110,0,__system__,-,1024724485,7867692361,0,0,0,-1,-
4924414006639158,3122254,qlever-server-d,S,991,1709,27010922485,9287664,1206,9,futex_do_wait
4924414006639158,3122258,qlever-server-d,S,0,0,4522553,817031,38,7,futex_do_wait
4924414006639158,3122806,qlever-server-d,R,3510,8,35190682222,13089097,333,12,0
4924414006639158,3122807,qlever-server-d,S,0,0,10120,0,1,1,futex_do_wait
4924414006639158,3122808,qlever-server-d,S,0,0,93120,0,4,9,ep_poll
4924414006639158,3122809,qlever-server-d,S,0,0,414310,214341,8,0,futex_do_wait
4924414006639158,3122810,qlever-server-d,S,6,33,396840947,135229314,2884,11,ep_poll
4924414006639158,3122811,qlever-server-d,S,6,35,417086724,117037301,2901,2,futex_do_wait
4924414006639158,3123964,qlever-server-d,S,0,0,5936192,10143936,176,6,futex_do_wait
4924414006639158,3123965,qlever-server-d,R,730,2,7325174894,26576557,237,8,0
4924414006639158,0,__system__,-,1024724505,7867692392,0,0,0,-1,-
4924414026638827,3122254,qlever-server-d,S,991,1709,27010922485,9287664,1206,9,futex_do_wait
4924414026638827,3122258,qlever-server-d,S,0,0,4522553,817031,38,7,futex_do_wait
4924414026638827,3122806,qlever-server-d,R,3512,8,35210681583,13089097,333,12,0
4924414026638827,3122807,qlever-server-d,S,0,0,10120,0,1,1,futex_do_wait
4924414026638827,3122808,qlever-server-d,S,0,0,93120,0,4,9,ep_poll
4924414026638827,3122809,qlever-server-d,S,0,0,414310,214341,8,0,futex_do_wait
4924414026638827,3122810,qlever-server-d,S,6,33,396860637,135374974,2885,2,ep_poll
4924414026638827,3122811,qlever-server-d,S,6,35,417436905,117037301,2902,2,futex_do_wait
4924414026638827,3123964,qlever-server-d,S,0,0,5967422,10143936,177,15,futex_do_wait
4924414026638827,3123965,qlever-server-d,R,732,2,7345175905,26576557,237,8,0
4924414026638827,0,__system__,-,1024724527,7867692425,0,0,0,-1,-
4924414046641346,3122254,qlever-server-d,S,991,1709,27010922485,9287664,1206,9,futex_do_wait
4924414046641346,3122258,qlever-server-d,S,0,0,4522553,817031,38,7,futex_do_wait
4924414046641346,3122806,qlever-server-d,R,3514,8,35230682075,13089097,333,12,0
4924414046641346,3122807,qlever-server-d,S,0,0,10120,0,1,1,futex_do_wait
4924414046641346,3122808,qlever-server-d,S,0,0,93120,0,4,9,ep_poll
4924414046641346,3122809,qlever-server-d,S,0,0,414310,214341,8,0,futex_do_wait
4924414046641346,3122810,qlever-server-d,S,6,33,396912067,135374974,2888,2,ep_poll
4924414046641346,3122811,qlever-server-d,S,6,35,418018605,117037301,2903,11,futex_do_wait
4924414046641346,3123964,qlever-server-d,S,0,0,5967422,10143936,177,15,futex_do_wait
4924414046641346,3123965,qlever-server-d,R,734,2,7365174836,26576557,237,8,0
4924414046641346,0,__system__,-,1024724548,7867692458,0,0,0,-1,-
4924414066633895,3122254,qlever-server-d,S,991,1709,27010922485,9287664,1206,9,futex_do_wait
4924414066633895,3122258,qlever-server-d,S,0,0,4522553,817031,38,7,futex_do_wait
4924414066633895,3122806,qlever-server-d,R,3516,8,35250685526,13089097,333,12,0
4924414066633895,3122807,qlever-server-d,S,0,0,10120,0,1,1,futex_do_wait
4924414066633895,3122808,qlever-server-d,S,0,0,93120,0,4,9,ep_poll
4924414066633895,3122809,qlever-server-d,S,0,0,414310,214341,8,0,futex_do_wait
4924414066633895,3122810,qlever-server-d,S,6,33,396940747,135374974,2889,2,ep_poll
4924414066633895,3122811,qlever-server-d,S,6,35,418257245,117037301,2904,11,futex_do_wait
4924414066633895,3123964,qlever-server-d,S,0,0,5998852,10143936,178,6,futex_do_wait
4924414066633895,3123965,qlever-server-d,R,736,2,7385175057,26576557,237,8,0
4924414066633895,0,__system__,-,1024724567,7867692488,0,0,0,-1,-
4924414086630503,3122254,qlever-server-d,S,991,1709,27010922485,9287664,1206,9,futex_do_wait
4924414086630503,3122258,qlever-server-d,S,0,0,4522553,817031,38,7,futex_do_wait
4924414086630503,3122806,qlever-server-d,R,3518,8,35270683617,13089097,333,12,0
4924414086630503,3122807,qlever-server-d,S,0,0,10120,0,1,1,futex_do_wait
4924414086630503,3122808,qlever-server-d,S,0,0,93120,0,4,9,ep_poll
4924414086630503,3122809,qlever-server-d,S,0,0,414310,214341,8,0,futex_do_wait
4924414086630503,3122810,qlever-server-d,S,6,33,396963677,135519944,2890,11,ep_poll
4924414086630503,3122811,qlever-server-d,S,6,35,418619105,117037301,2905,11,futex_do_wait
4924414086630503,3123964,qlever-server-d,S,0,0,5998852,10143936,178,6,futex_do_wait
4924414086630503,3123965,qlever-server-d,R,738,2,7405175118,26576557,237,8,0
4924414086630503,0,__system__,-,1024724590,7867692521,0,0,0,-1,-
4924414106630812,3122254,qlever-server-d,S,991,1709,27010922485,9287664,1206,9,futex_do_wait
4924414106630812,3122258,qlever-server-d,S,0,0,4663003,817031,39,7,futex_do_wait
4924414106630812,3122806,qlever-server-d,R,3520,8,35290685988,13089097,333,12,0
4924414106630812,3122807,qlever-server-d,S,0,0,10120,0,1,1,futex_do_wait
4924414106630812,3122808,qlever-server-d,S,0,0,93120,0,4,9,ep_poll
4924414106630812,3122809,qlever-server-d,S,0,0,414310,214341,8,0,futex_do_wait
4924414106630812,3122810,qlever-server-d,S,6,33,397025017,135543884,2894,0,ep_poll
4924414106630812,3122811,qlever-server-d,S,6,35,419188805,117059501,2907,11,futex_do_wait
4924414106630812,3123964,qlever-server-d,S,0,0,5998852,10143936,178,6,futex_do_wait
4924414106630812,3123965,qlever-server-d,R,740,2,7425174609,26576557,237,8,0
4924414106630812,0,__system__,-,1024724612,7867692553,0,0,0,-1,-
4924414126642151,3122254,qlever-server-d,S,991,1709,27010922485,9287664,1206,9,futex_do_wait
4924414126642151,3122258,qlever-server-d,S,0,0,4663003,817031,39,7,futex_do_wait
4924414126642151,3122806,qlever-server-d,R,3522,8,35310684969,13089097,333,12,0
4924414126642151,3122807,qlever-server-d,S,0,0,10120,0,1,1,futex_do_wait
4924414126642151,3122808,qlever-server-d,S,0,0,93120,0,4,9,ep_poll
4924414126642151,3122809,qlever-server-d,S,0,0,414310,214341,8,0,futex_do_wait
4924414126642151,3122810,qlever-server-d,S,6,33,397073147,135701724,2896,1,ep_poll
4924414126642151,3122811,qlever-server-d,S,6,35,419788995,117059501,2909,0,futex_do_wait
4924414126642151,3123964,qlever-server-d,S,0,0,6032132,10143936,179,6,futex_do_wait
4924414126642151,3123965,qlever-server-d,R,741,2,7445175251,26576557,237,8,0
4924414126642151,0,__system__,-,1024724632,7867692584,0,0,0,-1,-
4924414146640400,3122254,qlever-server-d,S,991,1709,27010922485,9287664,1206,9,futex_do_wait
4924414146640400,3122258,qlever-server-d,S,0,0,4663003,817031,39,7,futex_do_wait
4924414146640400,3122806,qlever-server-d,R,3524,8,35330683610,13089097,333,12,0
4924414146640400,3122807,qlever-server-d,S,0,0,10120,0,1,1,futex_do_wait
4924414146640400,3122808,qlever-server-d,S,0,0,93120,0,4,9,ep_poll
4924414146640400,3122809,qlever-server-d,S,0,0,414310,214341,8,0,futex_do_wait
4924414146640400,3122810,qlever-server-d,S,6,33,397114947,135701724,2898,3,ep_poll
4924414146640400,3122811,qlever-server-d,S,6,35,420107335,117059501,2910,11,futex_do_wait
4924414146640400,3123964,qlever-server-d,S,0,0,6032132,10143936,179,6,futex_do_wait
4924414146640400,3123965,qlever-server-d,R,743,2,7465176902,26576557,237,8,0
4924414146640400,0,__system__,-,1024724653,7867692616,0,0,0,-1,-
4924414166642458,3122254,qlever-server-d,S,991,1709,27010922485,9287664,1206,9,futex_do_wait
4924414166642458,3122258,qlever-server-d,S,0,0,4663003,817031,39,7,futex_do_wait
4924414166642458,3122806,qlever-server-d,R,3526,8,35350667251,13109987,334,12,0
4924414166642458,3122807,qlever-server-d,S,0,0,10120,0,1,1,futex_do_wait
4924414166642458,3122808,qlever-server-d,S,0,0,93120,0,4,9,ep_poll
4924414166642458,3122809,qlever-server-d,S,0,0,414310,214341,8,0,futex_do_wait
4924414166642458,3122810,qlever-server-d,S,6,33,397138947,135993024,2899,0,ep_poll
4924414166642458,3122811,qlever-server-d,S,6,35,420634135,117059501,2911,0,futex_do_wait
4924414166642458,3123964,qlever-server-d,S,0,0,6064532,10143936,180,15,futex_do_wait
4924414166642458,3123965,qlever-server-d,R,745,2,7485130813,26616037,239,3,0
4924414166642458,0,__system__,-,1024724673,7867692648,0,0,0,-1,-
4924414186640017,3122254,qlever-server-d,S,991,1709,27010922485,9287664,1206,9,futex_do_wait
4924414186640017,3122258,qlever-server-d,S,0,0,4663003,817031,39,7,futex_do_wait
4924414186640017,3122806,qlever-server-d,R,3528,8,35370664302,13109987,334,12,0
4924414186640017,3122807,qlever-server-d,S,0,0,10120,0,1,1,futex_do_wait
4924414186640017,3122808,qlever-server-d,S,0,0,93120,0,4,9,ep_poll
4924414186640017,3122809,qlever-server-d,S,0,0,414310,214341,8,0,futex_do_wait
4924414186640017,3122810,qlever-server-d,S,6,33,397165567,135993024,2900,8,ep_poll
4924414186640017,3122811,qlever-server-d,S,6,35,420851596,117059501,2912,11,futex_do_wait
4924414186640017,3123964,qlever-server-d,S,0,0,6064532,10143936,180,15,futex_do_wait
4924414186640017,3123965,qlever-server-d,R,747,2,7505130384,26616037,239,3,0
4924414186640017,0,__system__,-,1024724693,7867692679,0,0,0,-1,-
4924414206637066,3122254,qlever-server-d,S,991,1709,27010922485,9287664,1206,9,futex_do_wait
4924414206637066,3122258,qlever-server-d,S,0,0,4663003,817031,39,7,futex_do_wait
4924414206637066,3122806,qlever-server-d,R,3530,8,35390662963,13109987,334,12,0
4924414206637066,3122807,qlever-server-d,S,0,0,10120,0,1,1,futex_do_wait
4924414206637066,3122808,qlever-server-d,S,0,0,93120,0,4,9,ep_poll
4924414206637066,3122809,qlever-server-d,S,0,0,414310,214341,8,0,futex_do_wait
4924414206637066,3122810,qlever-server-d,S,6,33,397188287,136219434,2901,4,ep_poll
4924414206637066,3122811,qlever-server-d,S,6,35,421345296,117531272,2913,7,futex_do_wait
4924414206637066,3123964,qlever-server-d,S,0,0,6064532,10143936,180,15,futex_do_wait
4924414206637066,3123965,qlever-server-d,R,749,2,7525132605,26616037,239,3,0
4924414206637066,0,__system__,-,1024724716,7867692712,0,0,0,-1,-
4924414226636145,3122254,qlever-server-d,S,991,1709,27010922485,9287664,1206,9,futex_do_wait
4924414226636145,3122258,qlever-server-d,S,0,0,4663003,817031,39,7,futex_do_wait
4924414226636145,3122806,qlever-server-d,R,3532,8,35410663405,13109987,334,12,0
4924414226636145,3122807,qlever-server-d,S,0,0,10120,0,1,1,futex_do_wait
4924414226636145,3122808,qlever-server-d,S,0,0,93120,0,4,9,ep_poll
4924414226636145,3122809,qlever-server-d,S,0,0,414310,214341,8,0,futex_do_wait
4924414226636145,3122810,qlever-server-d,S,6,33,397216097,136389344,2902,2,ep_poll
4924414226636145,3122811,qlever-server-d,S,6,35,421753096,117531272,2914,7,futex_do_wait
4924414226636145,3123964,qlever-server-d,S,0,0,6096542,10143936,181,6,futex_do_wait
4924414226636145,3123965,qlever-server-d,R,751,2,7545130836,26616037,239,3,0
4924414226636145,0,__system__,-,1024724738,7867692744,0,0,0,-1,-
4924414246640124,3122254,qlever-server-d,S,991,1709,27010922485,9287664,1206,9,futex_do_wait
4924414246640124,3122258,qlever-server-d,S,0,0,4663003,817031,39,7,futex_do_wait
4924414246640124,3122806,qlever-server-d,R,3534,8,35430665606,13109987,334,12,0
4924414246640124,3122807,qlever-server-d,S,0,0,10120,0,1,1,futex_do_wait
4924414246640124,3122808,qlever-server-d,S,0,0,93120,0,4,9,ep_poll
4924414246640124,3122809,qlever-server-d,S,0,0,414310,214341,8,0,futex_do_wait
4924414246640124,3122810,qlever-server-d,S,6,33,397259817,136389344,2904,2,ep_poll
4924414246640124,3122811,qlever-server-d,S,6,35,422198936,117531272,2915,5,futex_do_wait
4924414246640124,3123964,qlever-server-d,S,0,0,6096542,10143936,181,6,futex_do_wait
4924414246640124,3123965,qlever-server-d,R,753,2,7565130247,26616037,239,3,0
4924414246640124,0,__system__,-,1024724757,7867692774,0,0,0,-1,-
4924414266646582,3122254,qlever-server-d,S,991,1709,27010922485,9287664,1206,9,futex_do_wait
4924414266646582,3122258,qlever-server-d,S,0,0,4663003,817031,39,7,futex_do_wait
4924414266646582,3122806,qlever-server-d,R,3536,8,35450664837,13109987,334,12,0
4924414266646582,3122807,qlever-server-d,S,0,0,10120,0,1,1,futex_do_wait
4924414266646582,3122808,qlever-server-d,S,0,0,93120,0,4,9,ep_poll
4924414266646582,3122809,qlever-server-d,S,0,0,414310,214341,8,0,futex_do_wait
4924414266646582,3122810,qlever-server-d,S,6,33,397319197,136389344,2907,2,ep_poll
4924414266646582,3122811,qlever-server-d,S,6,35,422816657,117531272,2916,5,futex_do_wait
4924414266646582,3123964,qlever-server-d,S,0,0,6132332,10143936,182,6,futex_do_wait
4924414266646582,3123965,qlever-server-d,R,755,2,7585105548,26636057,240,10,0
4924414266646582,0,__system__,-,1024724777,7867692805,0,0,0,-1,-
4924414286642011,3122254,qlever-server-d,S,991,1709,27010922485,9287664,1206,9,futex_do_wait
4924414286642011,3122258,qlever-server-d,S,0,0,4663003,817031,39,7,futex_do_wait
4924414286642011,3122806,qlever-server-d,R,3538,8,35470663708,13109987,334,12,0
4924414286642011,3122807,qlever-server-d,S,0,0,10120,0,1,1,futex_do_wait
4924414286642011,3122808,qlever-server-d,S,0,0,93120,0,4,9,ep_poll
4924414286642011,3122809,qlever-server-d,S,0,0,414310,214341,8,0,futex_do_wait
4924414286642011,3122810,qlever-server-d,S,6,33,397358847,136389344,2909,7,ep_poll
4924414286642011,3122811,qlever-server-d,S,6,35,423263487,117531272,2917,6,futex_do_wait
4924414286642011,3123964,qlever-server-d,S,0,0,6132332,10143936,182,6,futex_do_wait
4924414286642011,3123965,qlever-server-d,R,757,2,7605106029,26636057,240,10,0
4924414286642011,0,__system__,-,1024724799,7867692839,0,0,0,-1,-
4924414306642990,3122254,qlever-server-d,S,991,1709,27010922485,9287664,1206,9,futex_do_wait
4924414306642990,3122258,qlever-server-d,S,0,0,4663003,817031,39,7,futex_do_wait
4924414306642990,3122806,qlever-server-d,R,3540,8,35490665309,13109987,334,12,0
4924414306642990,3122807,qlever-server-d,S,0,0,10120,0,1,1,futex_do_wait
4924414306642990,3122808,qlever-server-d,S,0,0,93120,0,4,9,ep_poll
4924414306642990,3122809,qlever-server-d,S,0,0,414310,214341,8,0,futex_do_wait
4924414306642990,3122810,qlever-server-d,S,6,33,397394257,136397774,2911,7,ep_poll
4924414306642990,3122811,qlever-server-d,S,6,35,423717908,117531272,2918,5,futex_do_wait
4924414306642990,3123964,qlever-server-d,S,0,0,6132332,10143936,182,6,futex_do_wait
4924414306642990,3123965,qlever-server-d,R,759,2,7625106651,26636057,240,10,0
4924414306642990,0,__system__,-,1024724820,7867692871,0,0,0,-1,-
4924414326642979,3122254,qlever-server-d,S,991,1709,27010922485,9287664,1206,9,futex_do_wait
4924414326642979,3122258,qlever-server-d,S,0,0,4663003,817031,39,7,futex_do_wait
4924414326642979,3122806,qlever-server-d,R,3542,8,35510664320,13109987,334,12,0
4924414326642979,3122807,qlever-server-d,S,0,0,10120,0,1,1,futex_do_wait
4924414326642979,3122808,qlever-server-d,S,0,0,93120,0,4,9,ep_poll
4924414326642979,3122809,qlever-server-d,S,0,0,414310,214341,8,0,futex_do_wait
4924414326642979,3122810,qlever-server-d,S,6,33,397394257,136397774,2911,7,ep_poll
4924414326642979,3122811,qlever-server-d,S,6,35,423717908,117531272,2918,5,futex_do_wait
4924414326642979,3123964,qlever-server-d,S,0,0,6170142,10149406,183,13,futex_do_wait
4924414326642979,3123965,qlever-server-d,R,761,2,7645106712,26636057,240,10,0
4924414326642979,0,__system__,-,1024724840,7867692902,0,0,0,-1,-
4924414346636777,3122254,qlever-server-d,S,991,1709,27010922485,9287664,1206,9,futex_do_wait
4924414346636777,3122258,qlever-server-d,S,0,0,4663003,817031,39,7,futex_do_wait
4924414346636777,3122806,qlever-server-d,R,3544,8,35530667351,13109987,334,12,0
4924414346636777,3122807,qlever-server-d,S,0,0,10120,0,1,1,futex_do_wait
4924414346636777,3122808,qlever-server-d,S,0,0,93120,0,4,9,ep_poll
4924414346636777,3122809,qlever-server-d,S,0,0,414310,214341,8,0,futex_do_wait
4924414346636777,3122810,qlever-server-d,S,6,33,397437437,136397774,2913,14,ep_poll
4924414346636777,3122811,qlever-server-d,S,6,35,424173268,117531272,2919,5,futex_do_wait
4924414346636777,3123964,qlever-server-d,S,0,0,6170142,10149406,183,13,futex_do_wait
4924414346636777,3123965,qlever-server-d,R,763,2,7665106893,26636057,240,10,0
4924414346636777,0,__system__,-,1024724862,7867692933,0,0,0,-1,-
4924414366641306,3122254,qlever-server-d,S,991,1709,27010922485,9287664,1206,9,futex_do_wait
4924414366641306,3122258,qlever-server-d,S,0,0,4663003,817031,39,7,futex_do_wait
4924414366641306,3122806,qlever-server-d,R,3546,8,35550664972,13109987,334,12,0
4924414366641306,3122807,qlever-server-d,S,0,0,10120,0,1,1,futex_do_wait
4924414366641306,3122808,qlever-server-d,S,0,0,93120,0,4,9,ep_poll
4924414366641306,3122809,qlever-server-d,S,0,0,414310,214341,8,0,futex_do_wait
4924414366641306,3122810,qlever-server-d,S,6,33,397481947,137060555,2915,7,ep_poll
4924414366641306,3122811,qlever-server-d,S,6,35,424620028,117531272,2920,14,futex_do_wait
4924414366641306,3123964,qlever-server-d,S,0,0,6204482,10149406,184,6,futex_do_wait
4924414366641306,3123965,qlever-server-d,R,765,2,7685107124,26636057,240,10,0
4924414366641306,0,__system__,-,1024724884,7867692966,0,0,0,-1,-
4924414386648265,3122254,qlever-server-d,S,991,1709,27010922485,9287664,1206,9,futex_do_wait
4924414386648265,3122258,qlever-server-d,S,0,0,4663003,817031,39,7,futex_do_wait
4924414386648265,3122806,qlever-server-d,R,3548,8,35570664673,13109987,334,12,0
4924414386648265,3122807,qlever-server-d,S,0,0,10120,0,1,1,futex_do_wait
4924414386648265,3122808,qlever-server-d,S,0,0,93120,0,4,9,ep_poll
4924414386648265,3122809,qlever-server-d,S,0,0,414310,214341,8,0,futex_do_wait
4924414386648265,3122810,qlever-server-d,S,6,33,397524417,137060555,2917,13,ep_poll
4924414386648265,3122811,qlever-server-d,S,6,35,425101918,117531272,2921,7,futex_do_wait
4924414386648265,3123964,qlever-server-d,S,0,0,6204482,10149406,184,6,futex_do_wait
4924414386648265,3123965,qlever-server-d,R,767,2,7705107755,26636057,240,10,0
4924414386648265,0,__system__,-,1024724905,7867692999,0,0,0,-1,-
4924414406643124,3122254,qlever-server-d,S,991,1709,27010922485,9287664,1206,9,futex_do_wait
4924414406643124,3122258,qlever-server-d,S,0,0,4663003,817031,39,7,futex_do_wait
4924414406643124,3122806,qlever-server-d,R,3550,8,35590663115,13109987,334,12,0
4924414406643124,3122807,qlever-server-d,S,0,0,10120,0,1,1,futex_do_wait
4924414406643124,3122808,qlever-server-d,S,0,0,93120,0,4,9,ep_poll
4924414406643124,3122809,qlever-server-d,S,0,0,414310,214341,8,0,futex_do_wait
4924414406643124,3122810,qlever-server-d,S,6,33,397563197,137071125,2919,7,ep_poll
4924414406643124,3122811,qlever-server-d,S,6,35,425562158,117531272,2922,7,futex_do_wait
4924414406643124,3123964,qlever-server-d,S,0,0,6204482,10149406,184,6,futex_do_wait
4924414406643124,3123965,qlever-server-d,R,769,2,7725107986,26636057,240,10,0
4924414406643124,0,__system__,-,1024724924,7867693029,0,0,0,-1,-
4924414426637942,3122254,qlever-server-d,S,991,1709,27010922485,9287664,1206,9,futex_do_wait
4924414426637942,3122258,qlever-server-d,S,0,0,4663003,817031,39,7,futex_do_wait
4924414426637942,3122806,qlever-server-d,R,3552,8,35610666906,13109987,334,12,0
4924414426637942,3122807,qlever-server-d,S,0,0,10120,0,1,1,futex_do_wait
4924414426637942,3122808,qlever-server-d,S,0,0,93120,0,4,9,ep_poll
4924414426637942,3122809,qlever-server-d,S,0,0,414310,214341,8,0,futex_do_wait
4924414426637942,3122810,qlever-server-d,S,6,33,397585217,137408845,2920,7,ep_poll
4924414426637942,3122811,qlever-server-d,S,6,35,426139358,117531272,2923,7,futex_do_wait
4924414426637942,3123964,qlever-server-d,S,0,0,6234302,10149406,185,6,futex_do_wait
4924414426637942,3123965,qlever-server-d,R,771,2,7745106457,26636057,240,10,0
4924414426637942,0,__system__,-,1024724946,7867693061,0,0,0,-1,-
4924414446648071,3122254,qlever-server-d,S,991,1709,27010922485,9287664,1206,9,futex_do_wait
4924414446648071,3122258,qlever-server-d,S,0,0,4663003,817031,39,7,futex_do_wait
4924414446648071,3122806,qlever-server-d,R,3554,8,35630667967,13109987,334,12,0
4924414446648071,3122807,qlever-server-d,S,0,0,10120,0,1,1,futex_do_wait
4924414446648071,3122808,qlever-server-d,S,0,0,93120,0,4,9,ep_poll
4924414446648071,3122809,qlever-server-d,S,0,0,414310,214341,8,0,futex_do_wait
4924414446648071,3122810,qlever-server-d,S,6,33,397637137,137412015,2923,7,ep_poll
4924414446648071,3122811,qlever-server-d,S,6,35,426589858,117748023,2926,14,futex_do_wait
4924414446648071,3123964,qlever-server-d,S,0,0,6234302,10149406,185,6,futex_do_wait
4924414446648071,3123965,qlever-server-d,R,773,2,7765109258,26636057,240,10,0
4924414446648071,0,__system__,-,1024724970,7867693094,0,0,0,-1,-
4924414466649230,3122254,qlever-server-d,S,991,1709,27010922485,9287664,1206,9,futex_do_wait
4924414466649230,3122258,qlever-server-d,S,0,0,4663003,817031,39,7,futex_do_wait
4924414466649230,3122806,qlever-server-d,R,3556,8,35650667458,13109987,334,12,0
4924414466649230,3122807,qlever-server-d,S,0,0,10120,0,1,1,futex_do_wait
4924414466649230,3122808,qlever-server-d,S,0,0,93120,0,4,9,ep_poll
4924414466649230,3122809,qlever-server-d,S,0,0,414310,214341,8,0,futex_do_wait
4924414466649230,3122810,qlever-server-d,S,6,33,397685057,137496625,2925,15,ep_poll
4924414466649230,3122811,qlever-server-d,S,6,35,427054329,118321143,2929,6,futex_do_wait
4924414466649230,3123964,qlever-server-d,S,0,0,6256952,10256936,186,6,futex_do_wait
4924414466649230,3123965,qlever-server-d,R,775,2,7785108109,26636057,240,10,0
4924414466649230,0,__system__,-,1024724995,7867693127,0,0,0,-1,-
4924414486648569,3122254,qlever-server-d,S,991,1709,27010922485,9287664,1206,9,futex_do_wait
4924414486648569,3122258,qlever-server-d,S,0,0,4663003,817031,39,7,futex_do_wait
4924414486648569,3122806,qlever-server-d,R,3558,8,35670666869,13109987,334,12,0
4924414486648569,3122807,qlever-server-d,S,0,0,10120,0,1,1,futex_do_wait
4924414486648569,3122808,qlever-server-d,S,0,0,93120,0,4,9,ep_poll
4924414486648569,3122809,qlever-server-d,S,0,0,414310,214341,8,0,futex_do_wait
4924414486648569,3122810,qlever-server-d,S,6,33,397733717,137496625,2927,15,ep_poll
4924414486648569,3122811,qlever-server-d,S,6,36,427492769,118527403,2932,6,futex_do_wait
4924414486648569,3123964,qlever-server-d,S,0,0,6256952,10256936,186,6,futex_do_wait
4924414486648569,3123965,qlever-server-d,R,777,2,7805108361,26636057,240,10,0
4924414486648569,0,__system__,-,1024725017,7867693158,0,0,0,-1,-
4924414508072717,3122254,qlever-server-d,S,991,1709,27010922485,9287664,1206,9,futex_do_wait
4924414508072717,3122258,qlever-server-d,S,0,0,4663003,817031,39,7,futex_do_wait
4924414508072717,3122806,qlever-server-d,R,3560,8,35692663971,13109987,334,12,0
4924414508072717,3122807,qlever-server-d,S,0,0,10120,0,1,1,futex_do_wait
4924414508072717,3122808,qlever-server-d,S,0,0,93120,0,4,9,ep_poll
4924414508072717,3122809,qlever-server-d,S,0,0,414310,214341,8,0,futex_do_wait
4924414508072717,3122810,qlever-server-d,S,6,33,397779607,137496625,2929,15,ep_poll
4924414508072717,3122811,qlever-server-d,S,6,36,427901569,118527403,2933,13,futex_do_wait
4924414508072717,3123964,qlever-server-d,S,0,0,6256952,10256936,186,6,futex_do_wait
4924414508072717,3123965,qlever-server-d,R,779,2,7826108622,26636057,240,10,0
4924414508072717,0,__system__,-,1024725039,7867693191,0,0,0,-1,-
4924414526648526,3122254,qlever-server-d,S,991,1709,27010922485,9287664,1206,9,futex_do_wait
4924414526648526,3122258,qlever-server-d,S,0,0,4663003,817031,39,7,futex_do_wait
4924414526648526,3122806,qlever-server-d,R,3562,8,35710667611,13109987,334,12,0
4924414526648526,3122807,qlever-server-d,S,0,0,10120,0,1,1,futex_do_wait
4924414526648526,3122808,qlever-server-d,S,0,0,93120,0,4,9,ep_poll
4924414526648526,3122809,qlever-server-d,S,0,0,414310,214341,8,0,futex_do_wait
4924414526648526,3122810,qlever-server-d,S,6,33,397779607,137496625,2929,15,ep_poll
4924414526648526,3122811,qlever-server-d,R,6,36,427947519,118527403,2934,13,0
4924414526648526,3123964,qlever-server-d,S,0,0,6295532,10256936,187,6,futex_do_wait
4924414526648526,3123965,qlever-server-d,R,781,2,7845137323,26636057,240,10,0
4924414526648526,0,__system__,-,1024725058,7867693220,0,0,0,-1,-
4924414546646645,3122254,qlever-server-d,S,991,1709,27010922485,9287664,1206,9,futex_do_wait
4924414546646645,3122258,qlever-server-d,S,0,0,4663003,817031,39,7,futex_do_wait
4924414546646645,3122806,qlever-server-d,R,3564,8,35730667072,13109987,334,12,0
4924414546646645,3122807,qlever-server-d,S,0,0,10120,0,1,1,futex_do_wait
4924414546646645,3122808,qlever-server-d,S,0,0,93120,0,4,9,ep_poll
4924414546646645,3122809,qlever-server-d,S,0,0,414310,214341,8,0,futex_do_wait
4924414546646645,3122810,qlever-server-d,S,6,33,397820027,137496625,2931,15,ep_poll
4924414546646645,3122811,qlever-server-d,S,6,36,428386509,118527403,2934,13,futex_do_wait
4924414546646645,3123964,qlever-server-d,S,0,0,6295532,10256936,187,6,futex_do_wait
4924414546646645,3123965,qlever-server-d,R,783,2,7865108344,26636057,240,10,0
4924414546646645,0,__system__,-,1024725081,7867693255,0,0,0,-1,-
4924414566635384,3122254,qlever-server-d,S,991,1709,27010922485,9287664,1206,9,futex_do_wait
4924414566635384,3122258,qlever-server-d,S,0,0,4663003,817031,39,7,futex_do_wait
4924414566635384,3122806,qlever-server-d,R,3566,8,35750667663,13109987,334,12,0
4924414566635384,3122807,qlever-server-d,S,0,0,10120,0,1,1,futex_do_wait
4924414566635384,3122808,qlever-server-d,S,0,0,93120,0,4,9,ep_poll
4924414566635384,3122809,qlever-server-d,S,0,0,414310,214341,8,0,futex_do_wait
4924414566635384,3122810,qlever-server-d,S,6,33,397860277,137496625,2933,4,ep_poll
4924414566635384,3122811,qlever-server-d,S,6,36,428892220,118527403,2935,13,futex_do_wait
4924414566635384,3123964,qlever-server-d,S,0,0,6332302,10256936,188,6,futex_do_wait
4924414566635384,3123965,qlever-server-d,R,785,2,7885069745,26668027,242,3,0
4924414566635384,0,__system__,-,1024725100,7867693285,0,0,0,-1,-
4924414586630193,3122254,qlever-server-d,S,991,1709,27010922485,9287664,1206,9,futex_do_wait
4924414586630193,3122258,qlever-server-d,S,0,0,4663003,817031,39,7,futex_do_wait
4924414586630193,3122806,qlever-server-d,R,3568,8,35770665595,13109987,334,12,0
4924414586630193,3122807,qlever-server-d,S,0,0,10120,0,1,1,futex_do_wait
4924414586630193,3122808,qlever-server-d,S,0,0,93120,0,4,9,ep_poll
4924414586630193,3122809,qlever-server-d,S,0,0,414310,214341,8,0,futex_do_wait
4924414586630193,3122810,qlever-server-d,S,6,33,397912817,137835316,2935,13,ep_poll
4924414586630193,3122811,qlever-server-d,S,6,36,429305340,118527403,2936,13,futex_do_wait
4924414586630193,3123964,qlever-server-d,S,0,0,6332302,10256936,188,6,futex_do_wait
4924414586630193,3123965,qlever-server-d,R,787,2,7904998946,26732637,245,8,0
4924414586630193,0,__system__,-,1024725121,7867693316,0,0,0,-1,-
4924414606642361,3122254,qlever-server-d,S,991,1709,27010922485,9287664,1206,9,futex_do_wait
4924414606642361,3122258,qlever-server-d,S,0,0,4663003,817031,39,7,futex_do_wait
4924414606642361,3122806,qlever-server-d,R,3570,8,35790665616,13109987,334,12,0
4924414606642361,3122807,qlever-server-d,S,0,0,10120,0,1,1,futex_do_wait
4924414606642361,3122808,qlever-server-d,S,0,0,93120,0,4,9,ep_poll
4924414606642361,3122809,qlever-server-d,S,0,0,414310,214341,8,0,futex_do_wait
4924414606642361,3122810,qlever-server-d,S,6,33,397949897,137835316,2937,5,ep_poll
4924414606642361,3122811,qlever-server-d,S,6,36,429685630,118527403,2937,13,futex_do_wait
4924414606642361,3123964,qlever-server-d,S,0,0,6332302,10256936,188,6,futex_do_wait
4924414606642361,3123965,qlever-server-d,R,789,2,7924999847,26732637,245,8,0
4924414606642361,0,__system__,-,1024725143,7867693348,0,0,0,-1,-
4924414626644000,3122254,qlever-server-d,S,991,1709,27010922485,9287664,1206,9,futex_do_wait
4924414626644000,3122258,qlever-server-d,S,0,0,4663003,817031,39,7,futex_do_wait
4924414626644000,3122806,qlever-server-d,R,3572,8,35810651397,13127727,335,12,0
4924414626644000,3122807,qlever-server-d,S,0,0,10120,0,1,1,futex_do_wait
4924414626644000,3122808,qlever-server-d,S,0,0,93120,0,4,9,ep_poll
4924414626644000,3122809,qlever-server-d,S,0,0,414310,214341,8,0,futex_do_wait
4924414626644000,3122810,qlever-server-d,S,6,33,397993177,137835316,2939,6,ep_poll
4924414626644000,3122811,qlever-server-d,S,6,36,430016791,118626233,2939,0,futex_do_wait
4924414626644000,3123964,qlever-server-d,S,0,0,6370392,10256936,189,13,futex_do_wait
4924414626644000,3123965,qlever-server-d,R,791,2,7944593048,27138917,247,8,0
4924414626644000,0,__system__,-,1024725164,7867693380,0,0,0,-1,-
4924414646637599,3122254,qlever-server-d,S,991,1709,27010922485,9287664,1206,9,futex_do_wait
4924414646637599,3122258,qlever-server-d,S,0,0,4663003,817031,39,7,futex_do_wait
4924414646637599,3122806,qlever-server-d,R,3574,8,35830648568,13127727,335,12,0
4924414646637599,3122807,qlever-server-d,S,0,0,10120,0,1,1,futex_do_wait
4924414646637599,3122808,qlever-server-d,S,0,0,93120,0,4,9,ep_poll
4924414646637599,3122809,qlever-server-d,S,0,0,414310,214341,8,0,futex_do_wait
4924414646637599,3122810,qlever-server-d,S,6,33,398039817,137835316,2941,15,ep_poll
4924414646637599,3122811,qlever-server-d,S,6,36,430406302,118744443,2941,0,futex_do_wait
4924414646637599,3123964,qlever-server-d,S,0,0,6370392,10256936,189,13,futex_do_wait
4924414646637599,3123965,qlever-server-d,R,793,2,7964592799,27138917,247,8,0
4924414646637599,0,__system__,-,1024725184,7867693411,0,0,0,-1,-
4924414666648048,3122254,qlever-server-d,S,991,1709,27010922485,9287664,1206,9,futex_do_wait
4924414666648048,3122258,qlever-server-d,S,0,0,4663003,817031,39,7,futex_do_wait
4924414666648048,3122806,qlever-server-d,R,3576,8,35850647609,13127727,335,12,0
4924414666648048,3122807,qlever-server-d,S,0,0,10120,0,1,1,futex_do_wait
4924414666648048,3122808,qlever-server-d,S,0,0,93120,0,4,9,ep_poll
4924414666648048,3122809,qlever-server-d,S,0,0,414310,214341,8,0,futex_do_wait
4924414666648048,3122810,qlever-server-d,S,6,33,398104547,137835316,2943,15,ep_poll
4924414666648048,3122811,qlever-server-d,S,6,36,430766432,118744443,2942,9,futex_do_wait
4924414666648048,3123964,qlever-server-d,S,0,0,6412152,10256936,190,13,futex_do_wait
4924414666648048,3123965,qlever-server-d,R,795,2,7984556881,27175677,248,8,0
4924414666648048,0,__system__,-,1024725206,7867693445,0,0,0,-1,-
4924414686646626,3122254,qlever-server-d,S,991,1709,27010922485,9287664,1206,9,futex_do_wait
4924414686646626,3122258,qlever-server-d,S,0,0,4663003,817031,39,7,futex_do_wait
4924414686646626,3122806,qlever-server-d,R,3578,8,35870650260,13127727,335,12,0
4924414686646626,3122807,qlever-server-d,S,0,0,10120,0,1,1,futex_do_wait
4924414686646626,3122808,qlever-server-d,S,0,0,93120,0,4,9,ep_poll
4924414686646626,3122809,qlever-server-d,S,0,0,414310,214341,8,0,futex_do_wait
4924414686646626,3122810,qlever-server-d,S,6,33,398146827,137835316,2945,15,ep_poll
4924414686646626,3122811,qlever-server-d,S,6,36,431107972,118744443,2943,0,futex_do_wait
4924414686646626,3123964,qlever-server-d,S,0,0,6412152,10256936,190,13,futex_do_wait
4924414686646626,3123965,qlever-server-d,R,797,2,8004557122,27175677,248,8,0
4924414686646626,0,__system__,-,1024725227,7867693477,0,0,0,-1,-
4924414706639775,3122254,qlever-server-d,S,991,1709,27010922485,9287664,1206,9,futex_do_wait
4924414706639775,3122258,qlever-server-d,S,0,0,4663003,817031,39,7,futex_do_wait
4924414706639775,3122806,qlever-server-d,R,3580,8,35890649141,13127727,335,12,0
4924414706639775,3122807,qlever-server-d,S,0,0,10120,0,1,1,futex_do_wait
4924414706639775,3122808,qlever-server-d,S,0,0,93120,0,4,9,ep_poll
4924414706639775,3122809,qlever-server-d,S,0,0,414310,214341,8,0,futex_do_wait
4924414706639775,3122810,qlever-server-d,S,6,33,398186777,137835316,2947,15,ep_poll
4924414706639775,3122811,qlever-server-d,S,6,36,431489042,118744443,2944,1,futex_do_wait
4924414706639775,3123964,qlever-server-d,S,0,0,6412152,10256936,190,13,futex_do_wait
4924414706639775,3123965,qlever-server-d,R,799,2,8024556343,27175677,248,8,0
4924414706639775,0,__system__,-,1024725246,7867693506,0,0,0,-1,-
4924414726633304,3122254,qlever-server-d,S,991,1709,27010922485,9287664,1206,9,futex_do_wait
4924414726633304,3122258,qlever-server-d,S,0,0,4663003,817031,39,7,futex_do_wait
4924414726633304,3122806,qlever-server-d,R,3582,8,35910651682,13127727,335,12,0
4924414726633304,3122807,qlever-server-d,S,0,0,10120,0,1,1,futex_do_wait
4924414726633304,3122808,qlever-server-d,S,0,0,93120,0,4,9,ep_poll
4924414726633304,3122809,qlever-server-d,S,0,0,414310,214341,8,0,futex_do_wait
4924414726633304,3122810,qlever-server-d,S,6,33,398206227,138383157,2948,2,ep_poll
4924414726633304,3122811,qlever-server-d,S,6,36,431969732,118744443,2945,2,futex_do_wait
4924414726633304,3123964,qlever-server-d,S,0,0,6446052,10256936,191,13,futex_do_wait
4924414726633304,3123965,qlever-server-d,R,801,2,8044555864,27175677,248,8,0
4924414726633304,0,__system__,-,1024725269,7867693539,0,0,0,-1,-
4924414746640223,3122254,qlever-server-d,S,991,1709,27010922485,9287664,1206,9,futex_do_wait
4924414746640223,3122258,qlever-server-d,S,0,0,4663003,817031,39,7,futex_do_wait
4924414746640223,3122806,qlever-server-d,R,3584,8,35930934384,13127727,335,12,0
4924414746640223,3122807,qlever-server-d,S,0,0,10120,0,1,1,futex_do_wait
4924414746640223,3122808,qlever-server-d,S,0,0,93120,0,4,9,ep_poll
4924414746640223,3122809,qlever-server-d,S,0,0,414310,214341,8,0,futex_do_wait
4924414746640223,3122810,qlever-server-d,S,6,33,398256567,138387487,2951,3,ep_poll
4924414746640223,3122811,qlever-server-d,S,6,36,432331263,118766403,2947,2,futex_do_wait
4924414746640223,3123964,qlever-server-d,S,0,0,6446052,10256936,191,13,futex_do_wait
4924414746640223,3123965,qlever-server-d,R,803,2,8064558695,27175677,248,8,0
4924414746640223,0,__system__,-,1024725290,7867693571,0,0,0,-1,-
4924414766639362,3122254,qlever-server-d,S,991,1709,27010922485,9287664,1206,9,futex_do_wait
4924414766639362,3122258,qlever-server-d,S,0,0,4663003,817031,39,7,futex_do_wait
4924414766639362,3122806,qlever-server-d,R,3586,8,35950651405,13127727,335,12,0
4924414766639362,3122807,qlever-server-d,S,0,0,10120,0,1,1,futex_do_wait
4924414766639362,3122808,qlever-server-d,S,0,0,93120,0,4,9,ep_poll
4924414766639362,3122809,qlever-server-d,S,0,0,414310,214341,8,0,futex_do_wait
4924414766639362,3122810,qlever-server-d,S,6,33,398284377,139060728,2952,3,ep_poll
4924414766639362,3122811,qlever-server-d,S,6,36,432702053,118766403,2948,1,futex_do_wait
4924414766639362,3123964,qlever-server-d,S,0,0,6490062,10256936,192,13,futex_do_wait
4924414766639362,3123965,qlever-server-d,R,805,2,8084557376,27175677,248,8,0
4924414766639362,0,__system__,-,1024725309,7867693602,0,0,0,-1,-
4924414786648720,3122254,qlever-server-d,S,991,1709,27010922485,9287664,1206,9,futex_do_wait
4924414786648720,3122258,qlever-server-d,S,0,0,4663003,817031,39,7,futex_do_wait
4924414786648720,3122806,qlever-server-d,R,3588,8,35970651896,13127727,335,12,0
4924414786648720,3122807,qlever-server-d,S,0,0,10120,0,1,1,futex_do_wait
4924414786648720,3122808,qlever-server-d,S,0,0,93120,0,4,9,ep_poll
4924414786648720,3122809,qlever-server-d,S,0,0,414310,214341,8,0,futex_do_wait
4924414786648720,3122810,qlever-server-d,S,6,33,398307087,139215198,2953,10,ep_poll
4924414786648720,3122811,qlever-server-d,S,6,36,433096484,118766403,2949,10,futex_do_wait
4924414786648720,3123964,qlever-server-d,S,0,0,6490062,10256936,192,13,futex_do_wait
4924414786648720,3123965,qlever-server-d,R,807,2,8104557977,27175677,248,8,0
4924414786648720,0,__system__,-,1024725331,7867693635,0,0,0,-1,-
4924414806642299,3122254,qlever-server-d,S,991,1709,27010922485,9287664,1206,9,futex_do_wait
4924414806642299,3122258,qlever-server-d,S,0,0,4663003,817031,39,7,futex_do_wait
4924414806642299,3122806,qlever-server-d,R,3590,8,35990651147,13127727,335,12,0
4924414806642299,3122807,qlever-server-d,S,0,0,10120,0,1,1,futex_do_wait
4924414806642299,3122808,qlever-server-d,S,0,0,93120,0,4,9,ep_poll
4924414806642299,3122809,qlever-server-d,S,0,0,414310,214341,8,0,futex_do_wait
4924414806642299,3122810,qlever-server-d,S,6,33,398342297,139215198,2955,0,ep_poll
4924414806642299,3122811,qlever-server-d,S,6,36,433462844,118766403,2950,1,futex_do_wait
4924414806642299,3123964,qlever-server-d,S,0,0,6490062,10256936,192,13,futex_do_wait
4924414806642299,3123965,qlever-server-d,R,809,2,8124557808,27175677,248,8,0
4924414806642299,0,__system__,-,1024725352,7867693667,0,0,0,-1,-
4924414826644698,3122254,qlever-server-d,S,991,1709,27010922485,9287664,1206,9,futex_do_wait
4924414826644698,3122258,qlever-server-d,S,0,0,4663003,817031,39,7,futex_do_wait
4924414826644698,3122806,qlever-server-d,R,3592,8,36010651258,13127727,335,12,0
4924414826644698,3122807,qlever-server-d,S,0,0,10120,0,1,1,futex_do_wait
4924414826644698,3122808,qlever-server-d,S,0,0,93120,0,4,9,ep_poll
4924414826644698,3122809,qlever-server-d,S,0,0,414310,214341,8,0,futex_do_wait
4924414826644698,3122810,qlever-server-d,S,6,33,398379957,139215198,2957,2,ep_poll
4924414826644698,3122811,qlever-server-d,S,6,36,433789064,118766403,2951,10,futex_do_wait
4924414826644698,3123964,qlever-server-d,S,0,0,6539692,10256936,193,6,futex_do_wait
4924414826644698,3123965,qlever-server-d,R,811,2,8144518959,27214707,249,8,0
4924414826644698,0,__system__,-,1024725371,7867693697,0,0,0,-1,-
4924414847081443,3122254,qlever-server-d,S,991,1709,27010922485,9287664,1206,9,futex_do_wait
4924414847081443,3122258,qlever-server-d,S,0,0,4663003,817031,39,7,futex_do_wait
4924414847081443,3122806,qlever-server-d,R,3594,8,36031651730,13127727,335,12,0
4924414847081443,3122807,qlever-server-d,S,0,0,10120,0,1,1,futex_do_wait
4924414847081443,3122808,qlever-server-d,S,0,0,93120,0,4,9,ep_poll
4924414847081443,3122809,qlever-server-d,S,0,0,414310,214341,8,0,futex_do_wait
4924414847081443,3122810,qlever-server-d,S,6,33,398410627,140495659,2958,2,ep_poll
4924414847081443,3122811,qlever-server-d,S,6,36,434184574,118766403,2952,1,futex_do_wait
4924414847081443,3123964,qlever-server-d,S,0,0,6539692,10256936,193,6,futex_do_wait
4924414847081443,3123965,qlever-server-d,R,813,2,8164519051,27214707,249,8,0
4924414847081443,0,__system__,-,1024725394,7867693730,0,0,0,-1,-
4924414866635286,3122254,qlever-server-d,S,991,1709,27010922485,9287664,1206,9,futex_do_wait
4924414866635286,3122258,qlever-server-d,S,0,0,4663003,817031,39,7,futex_do_wait
4924414866635286,3122806,qlever-server-d,R,3596,8,36050654040,13127727,335,12,0
4924414866635286,3122807,qlever-server-d,S,0,0,10120,0,1,1,futex_do_wait
4924414866635286,3122808,qlever-server-d,S,0,0,93120,0,4,9,ep_poll
4924414866635286,3122809,qlever-server-d,S,0,0,414310,214341,8,0,futex_do_wait
4924414866635286,3122810,qlever-server-d,S,6,33,398448877,140495659,2960,0,ep_poll
4924414866635286,3122811,qlever-server-d,S,6,36,434564104,118766403,2953,1,futex_do_wait
4924414866635286,3123964,qlever-server-d,S,0,0,6575962,10895187,194,6,futex_do_wait
4924414866635286,3123965,qlever-server-d,R,815,3,8184517962,27214707,249,8,0
4924414866635286,0,__system__,-,1024725416,7867693763,0,0,0,-1,-
4924414886637904,3122254,qlever-server-d,S,991,1709,27010922485,9287664,1206,9,futex_do_wait
4924414886637904,3122258,qlever-server-d,S,0,0,4663003,817031,39,7,futex_do_wait
4924414886637904,3122806,qlever-server-d,R,3598,8,36070651741,13127727,335,12,0
4924414886637904,3122807,qlever-server-d,S,0,0,10120,0,1,1,futex_do_wait
4924414886637904,3122808,qlever-server-d,S,0,0,93120,0,4,9,ep_poll
4924414886637904,3122809,qlever-server-d,S,0,0,414310,214341,8,0,futex_do_wait
4924414886637904,3122810,qlever-server-d,S,6,33,398509757,140495659,2962,3,ep_poll
4924414886637904,3122811,qlever-server-d,S,6,36,434985154,118766403,2954,10,futex_do_wait
4924414886637904,3123964,qlever-server-d,S,0,0,6575962,10895187,194,6,futex_do_wait
4924414886637904,3123965,qlever-server-d,R,817,3,8204518333,27214707,249,8,0
4924414886637904,0,__system__,-,1024725436,7867693794,0,0,0,-1,-
4924414906644593,3122254,qlever-server-d,S,991,1709,27010922485,9287664,1206,9,futex_do_wait
4924414906644593,3122258,qlever-server-d,S,0,0,4663003,817031,39,7,futex_do_wait
4924414906644593,3122806,qlever-server-d,R,3600,8,36090650402,13127727,335,12,0
4924414906644593,3122807,qlever-server-d,S,0,0,10120,0,1,1,futex_do_wait
4924414906644593,3122808,qlever-server-d,S,0,0,93120,0,4,9,ep_poll
4924414906644593,3122809,qlever-server-d,S,0,0,414310,214341,8,0,futex_do_wait
4924414906644593,3122810,qlever-server-d,S,6,33,398544237,140495659,2964,0,ep_poll
4924414906644593,3122811,qlever-server-d,S,6,36,435338754,118766403,2955,11,futex_do_wait
4924414906644593,3123964,qlever-server-d,S,0,0,6575962,10895187,194,6,futex_do_wait
4924414906644593,3123965,qlever-server-d,R,819,3,8224519514,27214707,249,8,0
4924414906644593,0,__system__,-,1024725457,7867693826,0,0,0,-1,-
4924414926646502,3122254,qlever-server-d,S,991,1709,27010922485,9287664,1206,9,futex_do_wait
4924414926646502,3122258,qlever-server-d,S,0,0,4663003,817031,39,7,futex_do_wait
4924414926646502,3122806,qlever-server-d,R,3602,8,36110650213,13127727,335,12,0
4924414926646502,3122807,qlever-server-d,S,0,0,10120,0,1,1,futex_do_wait
4924414926646502,3122808,qlever-server-d,S,0,0,93120,0,4,9,ep_poll
4924414926646502,3122809,qlever-server-d,S,0,0,414310,214341,8,0,futex_do_wait
4924414926646502,3122810,qlever-server-d,S,6,33,398577527,140676089,2965,7,ep_poll
4924414926646502,3122811,qlever-server-d,S,6,36,435728725,118766403,2956,11,futex_do_wait
4924414926646502,3123964,qlever-server-d,S,0,0,6623632,10895187,195,6,futex_do_wait
4924414926646502,3123965,qlever-server-d,R,821,3,8244495015,27239207,250,8,0
4924414926646502,0,__system__,-,1024725477,7867693858,0,0,0,-1,-
4924414946769490,3122254,qlever-server-d,S,991,1709,27010922485,9287664,1206,9,futex_do_wait
4924414946769490,3122258,qlever-server-d,S,0,0,4663003,817031,39,7,futex_do_wait
4924414946769490,3122806,qlever-server-d,R,3604,8,36131624545,13150417,336,3,0
4924414946769490,3122807,qlever-server-d,S,0,0,10120,0,1,1,futex_do_wait
4924414946769490,3122808,qlever-server-d,S,0,0,93120,0,4,9,ep_poll
4924414946769490,3122809,qlever-server-d,S,0,0,414310,214341,8,0,futex_do_wait
4924414946769490,3122810,qlever-server-d,S,6,33,398650837,140688539,2967,11,ep_poll
4924414946769490,3122811,qlever-server-d,S,7,36,436112045,118766403,2957,11,futex_do_wait
4924414946769490,3123964,qlever-server-d,S,0,0,6623632,10895187,195,6,futex_do_wait
4924414946769490,3123965,qlever-server-d,R,823,3,8264496176,27239207,250,8,0
4924414946769490,0,__system__,-,1024725496,7867693888,0,0,0,-1,-
4924414966639540,3122254,qlever-server-d,S,991,1709,27010922485,9287664,1206,9,futex_do_wait
4924414966639540,3122258,qlever-server-d,S,0,0,4663003,817031,39,7,futex_do_wait
4924414966639540,3122806,qlever-server-d,R,3606,8,36150625486,13150417,336,3,0
4924414966639540,3122807,qlever-server-d,S,0,0,10120,0,1,1,futex_do_wait
4924414966639540,3122808,qlever-server-d,S,0,0,93120,0,4,9,ep_poll
4924414966639540,3122809,qlever-server-d,S,0,0,414310,214341,8,0,futex_do_wait
4924414966639540,3122810,qlever-server-d,S,6,33,398671997,141292210,2968,11,ep_poll
4924414966639540,3122811,qlever-server-d,S,7,36,436670826,119278433,2958,11,futex_do_wait
4924414966639540,3123964,qlever-server-d,S,0,0,6656412,10895187,196,13,futex_do_wait
4924414966639540,3123965,qlever-server-d,R,825,3,8284496817,27239207,250,8,0
4924414966639540,0,__system__,-,1024725518,7867693920,0,0,0,-1,-
4924414986639388,3122254,qlever-server-d,S,991,1709,27010922485,9287664,1206,9,futex_do_wait
4924414986639388,3122258,qlever-server-d,S,0,0,4663003,817031,39,7,futex_do_wait
4924414986639388,3122806,qlever-server-d,R,3608,8,36171232927,13150417,336,3,0
4924414986639388,3122807,qlever-server-d,S,0,0,10120,0,1,1,futex_do_wait
4924414986639388,3122808,qlever-server-d,S,0,0,93120,0,4,9,ep_poll
4924414986639388,3122809,qlever-server-d,S,0,0,414310,214341,8,0,futex_do_wait
4924414986639388,3122810,qlever-server-d,S,6,33,398696907,141810170,2969,11,ep_poll
4924414986639388,3122811,qlever-server-d,R,7,36,437009066,119278433,2960,2,0
4924414986639388,3123964,qlever-server-d,S,0,0,6656412,10895187,196,13,futex_do_wait
4924414986639388,3123965,qlever-server-d,R,827,3,8304596678,27268027,251,8,0
4924414986639388,0,__system__,-,1024725540,7867693952,0,0,0,-1,-
4924415006642427,3122254,qlever-server-d,S,991,1709,27010922485,9287664,1206,9,futex_do_wait
4924415006642427,3122258,qlever-server-d,S,0,0,4663003,817031,39,7,futex_do_wait
4924415006642427,3122806,qlever-server-d,R,3610,8,36190624848,13150417,336,3,0
4924415006642427,3122807,qlever-server-d,S,0,0,10120,0,1,1,futex_do_wait
4924415006642427,3122808,qlever-server-d,S,0,0,93120,0,4,9,ep_poll
4924415006642427,3122809,qlever-server-d,S,0,0,414310,214341,8,0,futex_do_wait
4924415006642427,3122810,qlever-server-d,S,6,33,398753627,141933070,2971,1,ep_poll
4924415006642427,3122811,qlever-server-d,S,7,36,437577817,119278433,2961,2,futex_do_wait
4924415006642427,3123964,qlever-server-d,S,0,0,6656412,10895187,196,13,futex_do_wait
4924415006642427,3123965,qlever-server-d,R,829,3,8324466599,27268027,251,8,0
4924415006642427,0,__system__,-,1024725560,7867693984,0,0,0,-1,-
4924415026632976,3122254,qlever-server-d,S,991,1709,27010922485,9287664,1206,9,futex_do_wait
4924415026632976,3122258,qlever-server-d,S,0,0,4663003,817031,39,7,futex_do_wait
4924415026632976,3122806,qlever-server-d,R,3612,8,36210602869,13169527,337,2,0
4924415026632976,3122807,qlever-server-d,S,0,0,10120,0,1,1,futex_do_wait
4924415026632976,3122808,qlever-server-d,S,0,0,93120,0,4,9,ep_poll
4924415026632976,3122809,qlever-server-d,S,0,0,414310,214341,8,0,futex_do_wait
4924415026632976,3122810,qlever-server-d,S,6,33,398792787,141933070,2973,9,ep_poll
4924415026632976,3122811,qlever-server-d,S,7,36,437979497,119278433,2962,2,futex_do_wait
4924415026632976,3123964,qlever-server-d,S,0,0,6705772,10895187,197,6,futex_do_wait
4924415026632976,3123965,qlever-server-d,R,831,3,8344468061,27268027,251,8,0
4924415026632976,0,__system__,-,1024725581,7867694016,0,0,0,-1,-
4924415046646245,3122254,qlever-server-d,S,991,1709,27010922485,9287664,1206,9,futex_do_wait
4924415046646245,3122258,qlever-server-d,S,0,0,4663003,817031,39,7,futex_do_wait
4924415046646245,3122806,qlever-server-d,R,3614,8,36230576030,13189597,338,1,0
4924415046646245,3122807,qlever-server-d,S,0,0,10120,0,1,1,futex_do_wait
4924415046646245,3122808,qlever-server-d,S,0,0,93120,0,4,9,ep_poll
4924415046646245,3122809,qlever-server-d,S,0,0,414310,214341,8,0,futex_do_wait
4924415046646245,3122810,qlever-server-d,S,6,33,398870717,141933070,2977,11,ep_poll
4924415046646245,3122811,qlever-server-d,S,7,36,438660498,119278433,2964,3,futex_do_wait
4924415046646245,3123964,qlever-server-d,S,0,0,6705772,10895187,197,6,futex_do_wait
4924415046646245,3123965,qlever-server-d,R,833,3,8364467102,27268027,251,8,0
4924415046646245,0,__system__,-,1024725602,7867694048,0,0,0,-1,-
4924415066637023,3122254,qlever-server-d,S,991,1709,27010922485,9287664,1206,9,futex_do_wait
4924415066637023,3122258,qlever-server-d,S,0,0,4663003,817031,39,7,futex_do_wait
4924415066637023,3122806,qlever-server-d,R,3616,8,36250551121,13211017,339,5,0
4924415066637023,3122807,qlever-server-d,S,0,0,10120,0,1,1,futex_do_wait
4924415066637023,3122808,qlever-server-d,S,0,0,93120,0,4,9,ep_poll
4924415066637023,3122809,qlever-server-d,S,0,0,414310,214341,8,0,futex_do_wait
4924415066637023,3122810,qlever-server-d,S,6,33,398908047,141937020,2979,11,ep_poll
4924415066637023,3122811,qlever-server-d,S,7,36,439038458,119278433,2965,3,futex_do_wait
4924415066637023,3123964,qlever-server-d,S,0,0,6739922,10895187,198,13,futex_do_wait
4924415066637023,3123965,qlever-server-d,R,835,3,8384467523,27268027,251,8,0
4924415066637023,0,__system__,-,1024725622,7867694080,0,0,0,-1,-
4924415086642062,3122254,qlever-server-d,S,991,1709,27010922485,9287664,1206,9,futex_do_wait
4924415086642062,3122258,qlever-server-d,S,0,0,4663003,817031,39,7,futex_do_wait
4924415086642062,3122806,qlever-server-d,R,3618,8,36270524532,13233227,340,2,0
4924415086642062,3122807,qlever-server-d,S,0,0,10120,0,1,1,futex_do_wait
4924415086642062,3122808,qlever-server-d,S,0,0,93120,0,4,9,ep_poll
4924415086642062,3122809,qlever-server-d,S,0,0,414310,214341,8,0,futex_do_wait
4924415086642062,3122810,qlever-server-d,S,6,33,398928817,142103190,2980,3,ep_poll
4924415086642062,3122811,qlever-server-d,S,7,36,439413748,119278433,2966,3,futex_do_wait
4924415086642062,3123964,qlever-server-d,S,0,0,6739922,10895187,198,13,futex_do_wait
4924415086642062,3123965,qlever-server-d,R,837,3,8404467444,27268027,251,8,0
4924415086642062,0,__system__,-,1024725644,7867694112,0,0,0,-1,-
4924415106637751,3122254,qlever-server-d,S,991,1709,27010922485,9287664,1206,9,futex_do_wait
4924415106637751,3122258,qlever-server-d,S,0,0,4663003,817031,39,7,futex_do_wait
4924415106637751,3122806,qlever-server-d,R,3620,8,36290524003,13233227,340,2,0
4924415106637751,3122807,qlever-server-d,S,0,0,10120,0,1,1,futex_do_wait
4924415106637751,3122808,qlever-server-d,S,0,0,93120,0,4,9,ep_poll
4924415106637751,3122809,qlever-server-d,S,0,0,414310,214341,8,0,futex_do_wait
4924415106637751,3122810,qlever-server-d,S,6,33,398964647,142149690,2982,3,ep_poll
4924415106637751,3122811,qlever-server-d,S,7,36,439770688,119293023,2967,0,futex_do_wait
4924415106637751,3123964,qlever-server-d,S,0,0,6739922,10895187,198,13,futex_do_wait
4924415106637751,3123965,qlever-server-d,R,839,3,8424468875,27268027,251,8,0
4924415106637751,0,__system__,-,1024725665,7867694143,0,0,0,-1,-
4924415126648510,3122254,qlever-server-d,S,991,1709,27010922485,9287664,1206,9,futex_do_wait
4924415126648510,3122258,qlever-server-d,S,0,0,4663003,817031,39,7,futex_do_wait
4924415126648510,3122806,qlever-server-d,R,3622,8,36310524505,13233227,340,2,0
4924415126648510,3122807,qlever-server-d,S,0,0,10120,0,1,1,futex_do_wait
4924415126648510,3122808,qlever-server-d,S,0,0,93120,0,4,9,ep_poll
4924415126648510,3122809,qlever-server-d,S,0,0,414310,214341,8,0,futex_do_wait
4924415126648510,3122810,qlever-server-d,S,6,33,398987177,142305741,2983,3,ep_poll
4924415126648510,3122811,qlever-server-d,S,7,36,440145519,119293023,2968,3,futex_do_wait
4924415126648510,3123964,qlever-server-d,S,0,0,6773842,10895187,199,13,futex_do_wait
4924415126648510,3123965,qlever-server-d,R,841,3,8444187626,27550527,252,8,0
4924415126648510,0,__system__,-,1024725686,7867694175,0,0,0,-1,-
4924415146640569,3122254,qlever-server-d,S,991,1709,27010922485,9287664,1206,9,futex_do_wait
4924415146640569,3122258,qlever-server-d,S,0,0,4663003,817031,39,7,futex_do_wait
4924415146640569,3122806,qlever-server-d,R,3624,8,36330509676,13246447,341,1,0
4924415146640569,3122807,qlever-server-d,S,0,0,10120,0,1,1,futex_do_wait
4924415146640569,3122808,qlever-server-d,S,0,0,93120,0,4,9,ep_poll
4924415146640569,3122809,qlever-server-d,S,0,0,414310,214341,8,0,futex_do_wait
4924415146640569,3122810,qlever-server-d,S,6,33,399069997,142305741,2987,10,ep_poll
4924415146640569,3122811,qlever-server-d,S,7,37,440882129,119293023,2970,0,futex_do_wait
4924415146640569,3123964,qlever-server-d,S,0,0,6773842,10895187,199,13,futex_do_wait
4924415146640569,3123965,qlever-server-d,R,843,3,8464187507,27550527,252,8,0
4924415146640569,0,__system__,-,1024725707,7867694207,0,0,0,-1,-
4924415166644947,3122254,qlever-server-d,S,991,1709,27010922485,9287664,1206,9,futex_do_wait
4924415166644947,3122258,qlever-server-d,S,0,0,4663003,817031,39,7,futex_do_wait
4924415166644947,3122806,qlever-server-d,R,3626,8,36350511467,13246447,341,1,0
4924415166644947,3122807,qlever-server-d,S,0,0,10120,0,1,1,futex_do_wait
4924415166644947,3122808,qlever-server-d,S,0,0,93120,0,4,9,ep_poll
4924415166644947,3122809,qlever-server-d,S,0,0,414310,214341,8,0,futex_do_wait
4924415166644947,3122810,qlever-server-d,S,6,33,399106557,142305741,2989,11,ep_poll
4924415166644947,3122811,qlever-server-d,S,7,37,441260299,119293023,2971,0,futex_do_wait
4924415166644947,3123964,qlever-server-d,S,0,0,6805782,10895187,200,6,futex_do_wait
4924415166644947,3123965,qlever-server-d,R,845,3,8484185628,27550527,252,8,0
4924415166644947,0,__system__,-,1024725727,7867694238,0,0,0,-1,-
4924415186642776,3122254,qlever-server-d,S,991,1709,27010922485,9287664,1206,9,futex_do_wait
4924415186642776,3122258,qlever-server-d,S,0,0,4663003,817031,39,7,futex_do_wait
4924415186642776,3122806,qlever-server-d,R,3628,8,36370491788,13265597,342,1,0
4924415186642776,3122807,qlever-server-d,S,0,0,10120,0,1,1,futex_do_wait
4924415186642776,3122808,qlever-server-d,S,0,0,93120,0,4,9,ep_poll
4924415186642776,3122809,qlever-server-d,S,0,0,414310,214341,8,0,futex_do_wait
4924415186642776,3122810,qlever-server-d,S,6,33,399147467,142305741,2991,0,ep_poll
4924415186642776,3122811,qlever-server-d,S,7,37,441653549,119304263,2973,2,futex_do_wait
4924415186642776,3123964,qlever-server-d,S,0,0,6805782,10895187,200,6,futex_do_wait
4924415186642776,3123965,qlever-server-d,R,847,3,8504185319,27550527,252,8,0
4924415186642776,0,__system__,-,1024725749,7867694272,0,0,0,-1,-
4924415206640955,3122254,qlever-server-d,S,991,1709,27010922485,9287664,1206,9,futex_do_wait
4924415206640955,3122258,qlever-server-d,S,0,0,4663003,817031,39,7,futex_do_wait
4924415206640955,3122806,qlever-server-d,R,3630,8,36390494379,13265597,342,1,0
4924415206640955,3122807,qlever-server-d,S,0,0,10120,0,1,1,futex_do_wait
4924415206640955,3122808,qlever-server-d,S,0,0,93120,0,4,9,ep_poll
4924415206640955,3122809,qlever-server-d,S,0,0,414310,214341,8,0,futex_do_wait
4924415206640955,3122810,qlever-server-d,S,6,33,399183247,142305741,2993,2,ep_poll
4924415206640955,3122811,qlever-server-d,S,7,37,442028289,119304263,2974,11,futex_do_wait
4924415206640955,3123964,qlever-server-d,S,0,0,6805782,10895187,200,6,futex_do_wait
4924415206640955,3123965,qlever-server-d,R,849,3,8524186021,27550527,252,8,0
4924415206640955,0,__system__,-,1024725770,7867694303,0,0,0,-1,-
4924415226630054,3122254,qlever-server-d,S,991,1709,27010922485,9287664,1206,9,futex_do_wait
4924415226630054,3122258,qlever-server-d,S,0,0,4663003,817031,39,7,futex_do_wait
4924415226630054,3122806,qlever-server-d,R,3632,8,36410492190,13265597,342,1,0
4924415226630054,3122807,qlever-server-d,S,0,0,10120,0,1,1,futex_do_wait
4924415226630054,3122808,qlever-server-d,S,0,0,93120,0,4,9,ep_poll
4924415226630054,3122809,qlever-server-d,S,0,0,414310,214341,8,0,futex_do_wait
4924415226630054,3122810,qlever-server-d,S,6,33,399203607,142449651,2994,11,ep_poll
4924415226630054,3122811,qlever-server-d,S,7,37,442386849,120516243,2975,11,futex_do_wait
4924415226630054,3123964,qlever-server-d,S,0,0,6841152,10895187,201,14,futex_do_wait
4924415226630054,3123965,qlever-server-d,R,851,3,8544189042,27550527,252,8,0
4924415226630054,0,__system__,-,1024725792,7867694335,0,0,0,-1,-
4924415246649032,3122254,qlever-server-d,S,991,1709,27010922485,9287664,1206,9,futex_do_wait
4924415246649032,3122258,qlever-server-d,S,0,0,4663003,817031,39,7,futex_do_wait
4924415246649032,3122806,qlever-server-d,R,3634,8,36430492241,13265597,342,1,0
4924415246649032,3122807,qlever-server-d,S,0,0,10120,0,1,1,futex_do_wait
4924415246649032,3122808,qlever-server-d,S,0,0,93120,0,4,9,ep_poll
4924415246649032,3122809,qlever-server-d,S,0,0,414310,214341,8,0,futex_do_wait
4924415246649032,3122810,qlever-server-d,S,6,33,399266737,144079462,2996,2,ep_poll
4924415246649032,3122811,qlever-server-d,S,7,37,442724949,120599003,2976,11,futex_do_wait
4924415246649032,3123964,qlever-server-d,S,0,0,6841152,10895187,201,14,futex_do_wait
4924415246649032,3123965,qlever-server-d,R,853,3,8564187913,27550527,252,8,0
4924415246649032,0,__system__,-,1024725811,7867694366,0,0,0,-1,-
4924415266640531,3122254,qlever-server-d,S,991,1709,27010922485,9287664,1206,9,futex_do_wait
4924415266640531,3122258,qlever-server-d,S,0,0,4663003,817031,39,7,futex_do_wait
4924415266640531,3122806,qlever-server-d,R,3636,8,36450492352,13265597,342,1,0
4924415266640531,3122807,qlever-server-d,S,0,0,10120,0,1,1,futex_do_wait
4924415266640531,3122808,qlever-server-d,S,0,0,93120,0,4,9,ep_poll
4924415266640531,3122809,qlever-server-d,S,0,0,414310,214341,8,0,futex_do_wait
4924415266640531,3122810,qlever-server-d,S,6,33,399299857,144079462,2998,2,ep_poll
4924415266640531,3122811,qlever-server-d,S,7,37,443119050,120599003,2977,11,futex_do_wait
4924415266640531,3123964,qlever-server-d,S,0,0,6881482,10895187,202,4,futex_do_wait
4924415266640531,3123965,qlever-server-d,R,855,3,8584187254,27550527,252,8,0
4924415266640531,0,__system__,-,1024725832,7867694398,0,0,0,-1,-
4924415286644810,3122254,qlever-server-d,S,991,1709,27010922485,9287664,1206,9,futex_do_wait
4924415286644810,3122258,qlever-server-d,S,0,0,4663003,817031,39,7,futex_do_wait
4924415286644810,3122806,qlever-server-d,R,3638,8,36470491044,13265597,342,1,0
4924415286644810,3122807,qlever-server-d,S,0,0,10120,0,1,1,futex_do_wait
4924415286644810,3122808,qlever-server-d,S,0,0,93120,0,4,9,ep_poll
4924415286644810,3122809,qlever-server-d,S,0,0,414310,214341,8,0,futex_do_wait
4924415286644810,3122810,qlever-server-d,S,6,33,399345557,144535452,3000,3,ep_poll
4924415286644810,3122811,qlever-server-d,S,7,37,443528560,120599003,2978,11,futex_do_wait
4924415286644810,3123964,qlever-server-d,S,0,0,6881482,10895187,202,4,futex_do_wait
4924415286644810,3123965,qlever-server-d,R,857,3,8604186215,27550527,252,8,0
4924415286644810,0,__system__,-,1024725852,7867694429,0,0,0,-1,-
4924415306642859,3122254,qlever-server-d,S,991,1709,27010922485,9287664,1206,9,futex_do_wait
4924415306642859,3122258,qlever-server-d,S,0,0,4663003,817031,39,7,futex_do_wait
4924415306642859,3122806,qlever-server-d,R,3640,8,36490493855,13265597,342,1,0
4924415306642859,3122807,qlever-server-d,S,0,0,10120,0,1,1,futex_do_wait
4924415306642859,3122808,qlever-server-d,S,0,0,93120,0,4,9,ep_poll
4924415306642859,3122809,qlever-server-d,S,0,0,414310,214341,8,0,futex_do_wait
4924415306642859,3122810,qlever-server-d,S,6,33,399392857,144535452,3002,3,ep_poll
4924415306642859,3122811,qlever-server-d,S,7,37,443870120,120599003,2979,11,futex_do_wait
4924415306642859,3123964,qlever-server-d,S,0,0,6881482,10895187,202,4,futex_do_wait
4924415306642859,3123965,qlever-server-d,R,859,3,8624186576,27550527,252,8,0
4924415306642859,0,__system__,-,1024725874,7867694462,0,0,0,-1,-
4924415326637218,3122254,qlever-server-d,S,991,1709,27010922485,9287664,1206,9,futex_do_wait
4924415326637218,3122258,qlever-server-d,S,0,0,4663003,817031,39,7,futex_do_wait
4924415326637218,3122806,qlever-server-d,R,3642,8,36510426606,13321587,345,2,0
4924415326637218,3122807,qlever-server-d,S,0,0,10120,0,1,1,futex_do_wait
4924415326637218,3122808,qlever-server-d,S,0,0,93120,0,4,9,ep_poll
4924415326637218,3122809,qlever-server-d,S,0,0,414310,214341,8,0,futex_do_wait
4924415326637218,3122810,qlever-server-d,S,6,33,399475017,144535452,3006,3,ep_poll
4924415326637218,3122811,qlever-server-d,S,7,37,444607170,120599003,2981,9,futex_do_wait
4924415326637218,3123964,qlever-server-d,S,0,0,6917022,10895187,203,14,futex_do_wait
4924415326637218,3123965,qlever-server-d,R,861,3,8644186737,27550527,252,8,0
4924415326637218,0,__system__,-,1024725894,7867694493,0,0,0,-1,-
4924415346641266,3122254,qlever-server-d,S,991,1709,27010922485,9287664,1206,9,futex_do_wait
4924415346641266,3122258,qlever-server-d,S,0,0,4663003,817031,39,7,futex_do_wait
4924415346641266,3122806,qlever-server-d,R,3644,8,36530407017,13338027,346,1,0
4924415346641266,3122807,qlever-server-d,S,0,0,10120,0,1,1,futex_do_wait
4924415346641266,3122808,qlever-server-d,S,0,0,93120,0,4,9,ep_poll
4924415346641266,3122809,qlever-server-d,S,0,0,414310,214341,8,0,futex_do_wait
4924415346641266,3122810,qlever-server-d,S,6,33,399524607,144559632,3009,3,ep_poll
4924415346641266,3122811,qlever-server-d,S,7,37,445140890,120599003,2983,11,futex_do_wait
4924415346641266,3123964,qlever-server-d,S,0,0,6917022,10895187,203,14,futex_do_wait
4924415346641266,3123965,qlever-server-d,R,863,3,8665186369,27550527,252,8,0
4924415346641266,0,__system__,-,1024725918,7867694527,0,0,0,-1,-
4924415366627845,3122254,qlever-server-d,S,991,1709,27010922485,9287664,1206,9,futex_do_wait
4924415366627845,3122258,qlever-server-d,S,0,0,4663003,817031,39,7,futex_do_wait
4924415366627845,3122806,qlever-server-d,R,3646,8,36550381998,13357867,347,5,0
4924415366627845,3122807,qlever-server-d,S,0,0,10120,0,1,1,futex_do_wait
4924415366627845,3122808,qlever-server-d,S,0,0,93120,0,4,9,ep_poll
4924415366627845,3122809,qlever-server-d,S,0,0,414310,214341,8,0,futex_do_wait
4924415366627845,3122810,qlever-server-d,S,6,33,400099247,144589432,3015,11,futex_do_wait
4924415366627845,3122811,qlever-server-d,S,7,37,445453900,120804013,2991,11,ep_poll
4924415366627845,3123964,qlever-server-d,S,0,0,6949442,10895187,204,7,futex_do_wait
4924415366627845,3123965,qlever-server-d,R,865,3,8684186760,27550527,252,8,0
4924415366627845,0,__system__,-,1024725939,7867694558,0,0,0,-1,-
4924415386635054,3122254,qlever-server-d,S,991,1709,27010922485,9287664,1206,9,futex_do_wait
4924415386635054,3122258,qlever-server-d,S,0,0,4663003,817031,39,7,futex_do_wait
4924415386635054,3122806,qlever-server-d,R,3648,8,36570341309,13390187,349,5,0
4924415386635054,3122807,qlever-server-d,S,0,0,10120,0,1,1,futex_do_wait
4924415386635054,3122808,qlever-server-d,S,0,0,93120,0,4,9,ep_poll
4924415386635054,3122809,qlever-server-d,S,0,0,414310,214341,8,0,futex_do_wait
4924415386635054,3122810,qlever-server-d,S,6,33,401072337,144593462,3018,11,futex_do_wait
4924415386635054,3122811,qlever-server-d,S,7,37,445556620,120947693,2996,10,ep_poll
4924415386635054,3123964,qlever-server-d,S,0,0,6949442,10895187,204,7,futex_do_wait
4924415386635054,3123965,qlever-server-d,R,867,3,8704187021,27550527,252,8,0
4924415386635054,0,__system__,-,1024725959,7867694589,0,0,0,-1,-
4924415406636213,3122254,qlever-server-d,S,991,1709,27010922485,9287664,1206,9,futex_do_wait
4924415406636213,3122258,qlever-server-d,S,0,0,4663003,817031,39,7,futex_do_wait
4924415406636213,3122806,qlever-server-d,R,3650,8,36590324940,13390187,350,5,0
4924415406636213,3122807,qlever-server-d,S,0,0,10120,0,1,1,futex_do_wait
4924415406636213,3122808,qlever-server-d,S,0,0,93120,0,4,9,ep_poll
4924415406636213,3122809,qlever-server-d,S,0,0,414310,214341,8,0,futex_do_wait
4924415406636213,3122810,qlever-server-d,S,6,34,401735347,144593462,3020,1,futex_do_wait
4924415406636213,3122811,qlever-server-d,S,7,37,445645740,120947693,3000,3,ep_poll
4924415406636213,3123964,qlever-server-d,S,0,0,6949442,10895187,204,7,futex_do_wait
4924415406636213,3123965,qlever-server-d,R,869,3,8724188442,27550527,252,8,0
4924415406636213,0,__system__,-,1024725980,7867694621,0,0,0,-1,-
4924415426634462,3122254,qlever-server-d,S,991,1709,27010922485,9287664,1206,9,futex_do_wait
4924415426634462,3122258,qlever-server-d,S,0,0,4663003,817031,39,7,futex_do_wait
4924415426634462,3122806,qlever-server-d,R,3651,9,36610323561,13390187,350,5,0
4924415426634462,3122807,qlever-server-d,S,0,0,10120,0,1,1,futex_do_wait
4924415426634462,3122808,qlever-server-d,S,0,0,93120,0,4,9,ep_poll
4924415426634462,3122809,qlever-server-d,S,0,0,414310,214341,8,0,futex_do_wait
4924415426634462,3122810,qlever-server-d,S,6,34,402111887,144593462,3021,1,futex_do_wait
4924415426634462,3122811,qlever-server-d,S,7,37,445667130,121086543,3001,1,ep_poll
4924415426634462,3123964,qlever-server-d,S,0,0,6994872,10895187,205,7,futex_do_wait
4924415426634462,3123965,qlever-server-d,R,871,3,8744187593,27550527,252,8,0
4924415426634462,0,__system__,-,1024725999,7867694652,0,0,0,-1,-
4924415446632190,3122254,qlever-server-d,S,991,1709,27010922485,9287664,1206,9,futex_do_wait
4924415446632190,3122258,qlever-server-d,S,0,0,4663003,817031,39,7,futex_do_wait
4924415446632190,3122806,qlever-server-d,R,3653,9,36630323512,13390187,350,5,0
4924415446632190,3122807,qlever-server-d,S,0,0,10120,0,1,1,futex_do_wait
4924415446632190,3122808,qlever-server-d,S,0,0,93120,0,4,9,ep_poll
4924415446632190,3122809,qlever-server-d,S,0,0,414310,214341,8,0,futex_do_wait
4924415446632190,3122810,qlever-server-d,S,6,34,402528987,144618392,3023,1,futex_do_wait
4924415446632190,3122811,qlever-server-d,S,7,37,445724670,121100893,3004,1,ep_poll
4924415446632190,3123964,qlever-server-d,S,0,0,6994872,10895187,205,7,futex_do_wait
4924415446632190,3123965,qlever-server-d,R,873,3,8764188384,27550527,252,8,0
4924415446632190,0,__system__,-,1024726020,7867694684,0,0,0,-1,-
4924415466649189,3122254,qlever-server-d,S,991,1709,27010922485,9287664,1206,9,futex_do_wait
4924415466649189,3122258,qlever-server-d,S,0,0,4663003,817031,39,7,futex_do_wait
4924415466649189,3122806,qlever-server-d,R,3655,9,36650325094,13390187,350,5,0
4924415466649189,3122807,qlever-server-d,S,0,0,10120,0,1,1,futex_do_wait
4924415466649189,3122808,qlever-server-d,S,0,0,93120,0,4,9,ep_poll
4924415466649189,3122809,qlever-server-d,S,0,0,414310,214341,8,0,futex_do_wait
4924415466649189,3122810,qlever-server-d,S,6,34,402745167,144634882,3024,8,futex_do_wait
4924415466649189,3122811,qlever-server-d,S,7,37,445745960,121294503,3005,0,ep_poll
4924415466649189,3123964,qlever-server-d,S,0,0,7031222,10895187,206,7,futex_do_wait
4924415466649189,3123965,qlever-server-d,R,875,3,8783974035,27766707,253,8,0
4924415466649189,0,__system__,-,1024726042,7867694715,0,0,0,-1,-
4924415486641168,3122254,qlever-server-d,S,991,1709,27010922485,9287664,1206,9,futex_do_wait
4924415486641168,3122258,qlever-server-d,S,0,0,4663003,817031,39,7,futex_do_wait
4924415486641168,3122806,qlever-server-d,R,3657,9,36670293135,13421137,351,5,0
4924415486641168,3122807,qlever-server-d,S,0,0,10120,0,1,1,futex_do_wait
4924415486641168,3122808,qlever-server-d,S,0,0,93120,0,4,9,ep_poll
4924415486641168,3122809,qlever-server-d,S,0,0,414310,214341,8,0,futex_do_wait
4924415486641168,3122810,qlever-server-d,S,6,34,403092127,144634882,3025,1,futex_do_wait
4924415486641168,3122811,qlever-server-d,S,7,37,445787500,121294503,3007,3,ep_poll
4924415486641168,3123964,qlever-server-d,S,0,0,7031222,10895187,206,7,futex_do_wait
4924415486641168,3123965,qlever-server-d,R,877,3,8803971866,27766707,253,8,0
4924415486641168,0,__system__,-,1024726064,7867694748,0,0,0,-1,-
4924415506640467,3122254,qlever-server-d,S,991,1709,27010922485,9287664,1206,9,futex_do_wait
4924415506640467,3122258,qlever-server-d,S,0,0,4663003,817031,39,7,futex_do_wait
4924415506640467,3122806,qlever-server-d,R,3659,9,36690270406,13440447,352,3,0
4924415506640467,3122807,qlever-server-d,S,0,0,10120,0,1,1,futex_do_wait
4924415506640467,3122808,qlever-server-d,S,0,0,93120,0,4,9,ep_poll
4924415506640467,3122809,qlever-server-d,S,0,0,414310,214341,8,0,futex_do_wait
4924415506640467,3122810,qlever-server-d,S,6,34,403438988,144634882,3026,1,futex_do_wait
4924415506640467,3122811,qlever-server-d,S,7,37,445829080,121294503,3009,9,ep_poll
4924415506640467,3123964,qlever-server-d,S,0,0,7031222,10895187,206,7,futex_do_wait
4924415506640467,3123965,qlever-server-d,R,879,3,8823972237,27766707,253,8,0
4924415506640467,0,__system__,-,1024726084,7867694779,0,0,0,-1,-
4924415526647975,3122254,qlever-server-d,S,991,1709,27010922485,9287664,1206,9,futex_do_wait
4924415526647975,3122258,qlever-server-d,S,0,0,4663003,817031,39,7,futex_do_wait
4924415526647975,3122806,qlever-server-d,R,3661,9,36710247047,13460687,353,1,0
4924415526647975,3122807,qlever-server-d,S,0,0,10120,0,1,1,futex_do_wait
4924415526647975,3122808,qlever-server-d,S,0,0,93120,0,4,9,ep_poll
4924415526647975,3122809,qlever-server-d,S,0,0,414310,214341,8,0,futex_do_wait
4924415526647975,3122810,qlever-server-d,S,6,34,403782838,144634882,3027,2,futex_do_wait
4924415526647975,3122811,qlever-server-d,S,7,37,445869030,121294503,3011,11,ep_poll
4924415526647975,3123964,qlever-server-d,S,0,0,7067482,10895187,207,14,futex_do_wait
4924415526647975,3123965,qlever-server-d,R,881,3,8843974058,27766707,253,8,0
4924415526647975,0,__system__,-,1024726105,7867694811,0,0,0,-1,-
4924415546645674,3122254,qlever-server-d,S,991,1709,27010922485,9287664,1206,9,futex_do_wait
4924415546645674,3122258,qlever-server-d,S,0,0,4663003,817031,39,7,futex_do_wait
4924415546645674,3122806,qlever-server-d,R,3663,9,36730248348,13460687,353,1,0
4924415546645674,3122807,qlever-server-d,S,0,0,10120,0,1,1,futex_do_wait
4924415546645674,3122808,qlever-server-d,S,0,0,93120,0,4,9,ep_poll
4924415546645674,3122809,qlever-server-d,S,0,0,414310,214341,8,0,futex_do_wait
4924415546645674,3122810,qlever-server-d,S,6,34,404596078,145410982,3033,2,ep_poll
4924415546645674,3122811,qlever-server-d,S,7,37,446126680,121629193,3016,2,futex_do_wait
4924415546645674,3123964,qlever-server-d,S,0,0,7067482,10895187,207,14,futex_do_wait
4924415546645674,3123965,qlever-server-d,R,883,3,8863972500,27766707,253,8,0
4924415546645674,0,__system__,-,1024726127,7867694844,0,0,0,-1,-
4924415566646203,3122254,qlever-server-d,S,991,1709,27010922485,9287664,1206,9,futex_do_wait
4924415566646203,3122258,qlever-server-d,S,0,0,4663003,817031,39,7,futex_do_wait
4924415566646203,3122806,qlever-server-d,R,3665,9,36750224229,13479937,354,6,0
4924415566646203,3122807,qlever-server-d,S,0,0,10120,0,1,1,futex_do_wait
4924415566646203,3122808,qlever-server-d,S,0,0,93120,0,4,9,ep_poll
4924415566646203,3122809,qlever-server-d,S,0,0,414310,214341,8,0,futex_do_wait
4924415566646203,3122810,qlever-server-d,S,6,34,404638218,145410982,3035,3,ep_poll
4924415566646203,3122811,qlever-server-d,S,7,37,446516680,121629193,3017,2,futex_do_wait
4924415566646203,3123964,qlever-server-d,S,0,0,7104202,10895187,208,14,futex_do_wait
4924415566646203,3123965,qlever-server-d,R,885,3,8883973461,27766707,253,8,0
4924415566646203,0,__system__,-,1024726147,7867694875,0,0,0,-1,-
4924415586643822,3122254,qlever-server-d,S,991,1709,27010922485,9287664,1206,9,futex_do_wait
4924415586643822,3122258,qlever-server-d,S,0,0,4663003,817031,39,7,futex_do_wait
4924415586643822,3122806,qlever-server-d,R,3667,9,36770224130,13479937,354,6,0
4924415586643822,3122807,qlever-server-d,S,0,0,10120,0,1,1,futex_do_wait
4924415586643822,3122808,qlever-server-d,S,0,0,93120,0,4,9,ep_poll
4924415586643822,3122809,qlever-server-d,S,0,0,414310,214341,8,0,futex_do_wait
4924415586643822,3122810,qlever-server-d,S,6,34,404659018,145580702,3036,2,ep_poll
4924415586643822,3122811,qlever-server-d,S,7,37,446891480,121629193,3018,2,futex_do_wait
4924415586643822,3123964,qlever-server-d,S,0,0,7104202,10895187,208,14,futex_do_wait
4924415586643822,3123965,qlever-server-d,R,887,3,8903973262,27766707,253,8,0
4924415586643822,0,__system__,-,1024726168,7867694906,0,0,0,-1,-
4924415606632001,3122254,qlever-server-d,S,991,1709,27010922485,9287664,1206,9,futex_do_wait
4924415606632001,3122258,qlever-server-d,S,0,0,4663003,817031,39,7,futex_do_wait
4924415606632001,3122806,qlever-server-d,R,3669,9,36790224661,13479937,354,6,0
4924415606632001,3122807,qlever-server-d,S,0,0,10120,0,1,1,futex_do_wait
4924415606632001,3122808,qlever-server-d,S,0,0,93120,0,4,9,ep_poll
4924415606632001,3122809,qlever-server-d,S,0,0,414310,214341,8,0,futex_do_wait
4924415606632001,3122810,qlever-server-d,S,6,34,404886578,145590882,3040,2,futex_do_wait
4924415606632001,3122811,qlever-server-d,S,7,37,447179080,121856753,3023,2,ep_poll
4924415606632001,3123964,qlever-server-d,S,0,0,7104202,10895187,208,14,futex_do_wait
4924415606632001,3123965,qlever-server-d,R,889,3,8923973253,27766707,253,8,0
4924415606632001,0,__system__,-,1024726189,7867694938,0,0,0,-1,-
4924415626645169,3122254,qlever-server-d,S,991,1709,27010922485,9287664,1206,9,futex_do_wait
4924415626645169,3122258,qlever-server-d,S,0,0,4663003,817031,39,7,futex_do_wait
4924415626645169,3122806,qlever-server-d,R,3671,9,36810227962,13479937,354,6,0
4924415626645169,3122807,qlever-server-d,S,0,0,10120,0,1,1,futex_do_wait
4924415626645169,3122808,qlever-server-d,S,0,0,93120,0,4,9,ep_poll
4924415626645169,3122809,qlever-server-d,S,0,0,414310,214341,8,0,futex_do_wait
4924415626645169,3122810,qlever-server-d,S,6,34,405354759,146169033,3046,2,ep_poll
4924415626645169,3122811,qlever-server-d,S,7,37,447384390,122003293,3028,2,futex_do_wait
4924415626645169,3123964,qlever-server-d,S,0,0,7138752,10895187,209,7,futex_do_wait
4924415626645169,3123965,qlever-server-d,R,891,3,8943973454,27766707,253,8,0
4924415626645169,0,__system__,-,1024726211,7867694971,0,0,0,-1,-
4924415646646188,3122254,qlever-server-d,S,991,1709,27010922485,9287664,1206,9,futex_do_wait
4924415646646188,3122258,qlever-server-d,S,0,0,4663003,817031,39,7,futex_do_wait
4924415646646188,3122806,qlever-server-d,R,3673,9,36830224494,13479937,354,6,0
4924415646646188,3122807,qlever-server-d,S,0,0,10120,0,1,1,futex_do_wait
4924415646646188,3122808,qlever-server-d,S,0,0,93120,0,4,9,ep_poll
4924415646646188,3122809,qlever-server-d,S,0,0,414310,214341,8,0,futex_do_wait
4924415646646188,3122810,qlever-server-d,S,6,34,405354759,146169033,3046,2,ep_poll
4924415646646188,3122811,qlever-server-d,S,7,37,447384390,122003293,3028,2,futex_do_wait
4924415646646188,3123964,qlever-server-d,S,0,0,7138752,10895187,209,7,futex_do_wait
4924415646646188,3123965,qlever-server-d,R,893,3,8963973175,27766707,253,8,0
4924415646646188,0,__system__,-,1024726231,7867695002,0,0,0,-1,-
4924415666647717,3122254,qlever-server-d,S,991,1709,27010922485,9287664,1206,9,futex_do_wait
4924415666647717,3122258,qlever-server-d,S,0,0,4663003,817031,39,7,futex_do_wait
4924415666647717,3122806,qlever-server-d,R,3675,9,36850653375,13479937,354,6,0
4924415666647717,3122807,qlever-server-d,S,0,0,10120,0,1,1,futex_do_wait
4924415666647717,3122808,qlever-server-d,S,0,0,93120,0,4,9,ep_poll
4924415666647717,3122809,qlever-server-d,S,0,0,414310,214341,8,0,futex_do_wait
4924415666647717,3122810,qlever-server-d,S,6,34,405415599,146585823,3049,10,ep_poll
4924415666647717,3122811,qlever-server-d,S,7,37,448073990,122003293,3030,9,futex_do_wait
4924415666647717,3123964,qlever-server-d,S,0,0,7171732,10895187,210,7,futex_do_wait
4924415666647717,3123965,qlever-server-d,R,895,3,8983973956,27766707,253,8,0
4924415666647717,0,__system__,-,1024726251,7867695034,0,0,0,-1,-
4924415686653806,3122254,qlever-server-d,S,991,1709,27010922485,9287664,1206,9,futex_do_wait
4924415686653806,3122258,qlever-server-d,S,0,0,4663003,817031,39,7,futex_do_wait
4924415686653806,3122806,qlever-server-d,R,3677,9,36870204186,13497867,355,5,0
4924415686653806,3122807,qlever-server-d,S,0,0,10120,0,1,1,futex_do_wait
4924415686653806,3122808,qlever-server-d,S,0,0,93120,0,4,9,ep_poll
4924415686653806,3122809,qlever-server-d,S,0,0,414310,214341,8,0,futex_do_wait
4924415686653806,3122810,qlever-server-d,S,6,34,405442379,146752233,3050,9,ep_poll
4924415686653806,3122811,qlever-server-d,S,7,37,448531600,122003293,3031,9,futex_do_wait
4924415686653806,3123964,qlever-server-d,S,0,0,7171732,10895187,210,7,futex_do_wait
4924415686653806,3123965,qlever-server-d,R,897,3,9003948597,27786807,254,0,0
4924415686653806,0,__system__,-,1024726272,7867695066,0,0,0,-1,-
4924415706640585,3122254,qlever-server-d,S,991,1709,27010922485,9287664,1206,9,futex_do_wait
4924415706640585,3122258,qlever-server-d,S,0,0,4663003,817031,39,7,futex_do_wait
4924415706640585,3122806,qlever-server-d,R,3679,9,36890202927,13497867,355,5,0
4924415706640585,3122807,qlever-server-d,S,0,0,10120,0,1,1,futex_do_wait
4924415706640585,3122808,qlever-server-d,S,0,0,93120,0,4,9,ep_poll
4924415706640585,3122809,qlever-server-d,S,0,0,414310,214341,8,0,futex_do_wait
4924415706640585,3122810,qlever-server-d,S,6,34,405514689,147079753,3053,10,ep_poll
4924415706640585,3122811,qlever-server-d,S,7,37,449245590,122003293,3033,10,futex_do_wait
4924415706640585,3123964,qlever-server-d,S,0,0,7171732,10895187,210,7,futex_do_wait
4924415706640585,3123965,qlever-server-d,R,899,3,9023931158,27802647,255,3,0
4924415706640585,0,__system__,-,1024726294,7867695099,0,0,0,-1,-
4924415726655803,3122254,qlever-server-d,S,991,1709,27010922485,9287664,1206,9,futex_do_wait
4924415726655803,3122258,qlever-server-d,S,0,0,4663003,817031,39,7,futex_do_wait
4924415726655803,3122806,qlever-server-d,R,3681,9,36910149688,13550317,357,2,0
4924415726655803,3122807,qlever-server-d,S,0,0,10120,0,1,1,futex_do_wait
4924415726655803,3122808,qlever-server-d,S,0,0,93120,0,4,9,ep_poll
4924415726655803,3122809,qlever-server-d,S,0,0,414310,214341,8,0,futex_do_wait
4924415726655803,3122810,qlever-server-d,S,6,34,405566429,147083593,3056,0,ep_poll
4924415726655803,3122811,qlever-server-d,S,7,37,449632440,122023913,3035,10,futex_do_wait
4924415726655803,3123964,qlever-server-d,S,0,0,7208142,11757657,211,2,futex_do_wait
4924415726655803,3123965,qlever-server-d,R,901,3,9043930910,27802647,255,3,0
4924415726655803,0,__system__,-,1024726315,7867695129,0,0,0,-1,-
4924415746634082,3122254,qlever-server-d,S,991,1709,27010922485,9287664,1206,9,futex_do_wait
4924415746634082,3122258,qlever-server-d,S,0,0,4663003,817031,39,7,futex_do_wait
4924415746634082,3122806,qlever-server-d,R,3683,9,36930111889,13581877,358,9,0
4924415746634082,3122807,qlever-server-d,S,0,0,10120,0,1,1,futex_do_wait
4924415746634082,3122808,qlever-server-d,S,0,0,93120,0,4,9,ep_poll
4924415746634082,3122809,qlever-server-d,S,0,0,414310,214341,8,0,futex_do_wait
4924415746634082,3122810,qlever-server-d,S,6,34,405584149,147207423,3057,11,ep_poll
4924415746634082,3122811,qlever-server-d,S,7,37,449961380,122023913,3036,11,futex_do_wait
4924415746634082,3123964,qlever-server-d,S,0,0,7208142,11757657,211,2,futex_do_wait
4924415746634082,3123965,qlever-server-d,R,903,3,9063912631,27817427,256,0,0
4924415746634082,0,__system__,-,1024726335,7867695160,0,0,0,-1,-
4924415766639031,3122254,qlever-server-d,S,991,1709,27010922485,9287664,1206,9,futex_do_wait
4924415766639031,3122258,qlever-server-d,S,0,0,4663003,817031,39,7,futex_do_wait
4924415766639031,3122806,qlever-server-d,R,3685,9,36950113290,13581877,358,9,0
4924415766639031,3122807,qlever-server-d,S,0,0,10120,0,1,1,futex_do_wait
4924415766639031,3122808,qlever-server-d,S,0,0,93120,0,4,9,ep_poll
4924415766639031,3122809,qlever-server-d,S,0,0,414310,214341,8,0,futex_do_wait
4924415766639031,3122810,qlever-server-d,S,6,34,405666619,147207423,3061,10,ep_poll
4924415766639031,3122811,qlever-server-d,S,7,37,450753031,122023913,3038,0,futex_do_wait
4924415766639031,3123964,qlever-server-d,S,0,0,7240172,11757657,212,2,futex_do_wait
4924415766639031,3123965,qlever-server-d,R,904,3,9083866222,27860957,258,3,0
4924415766639031,0,__system__,-,1024726356,7867695192,0,0,0,-1,-
4924415786644310,3122254,qlever-server-d,S,991,1709,27010922485,9287664,1206,9,futex_do_wait
4924415786644310,3122258,qlever-server-d,S,0,0,4663003,817031,39,7,futex_do_wait
4924415786644310,3122806,qlever-server-d,R,3687,9,36970113011,13581877,358,9,0
4924415786644310,3122807,qlever-server-d,S,0,0,10120,0,1,1,futex_do_wait
4924415786644310,3122808,qlever-server-d,S,0,0,93120,0,4,9,ep_poll
4924415786644310,3122809,qlever-server-d,S,0,0,414310,214341,8,0,futex_do_wait
4924415786644310,3122810,qlever-server-d,S,6,34,405718909,147207423,3063,0,ep_poll
4924415786644310,3122811,qlever-server-d,S,7,37,451174122,122023913,3039,10,futex_do_wait
4924415786644310,3123964,qlever-server-d,S,0,0,7240172,11757657,212,2,futex_do_wait
4924415786644310,3123965,qlever-server-d,R,906,3,9103865753,27860957,258,3,0
4924415786644310,0,__system__,-,1024726376,7867695224,0,0,0,-1,-
4924415806637969,3122254,qlever-server-d,S,991,1709,27010922485,9287664,1206,9,futex_do_wait
4924415806637969,3122258,qlever-server-d,S,0,0,4663003,817031,39,7,futex_do_wait
4924415806637969,3122806,qlever-server-d,R,3689,9,36990114862,13581877,358,9,0
4924415806637969,3122807,qlever-server-d,S,0,0,10120,0,1,1,futex_do_wait
4924415806637969,3122808,qlever-server-d,S,0,0,93120,0,4,9,ep_poll
4924415806637969,3122809,qlever-server-d,S,0,0,414310,214341,8,0,futex_do_wait
4924415806637969,3122810,qlever-server-d,S,6,34,405754429,147207423,3065,11,ep_poll
4924415806637969,3122811,qlever-server-d,S,7,37,451540062,122023913,3040,0,futex_do_wait
4924415806637969,3123964,qlever-server-d,S,0,0,7240172,11757657,212,2,futex_do_wait
4924415806637969,3123965,qlever-server-d,R,908,3,9123868864,27860957,258,3,0
4924415806637969,0,__system__,-,1024726397,7867695256,0,0,0,-1,-
4924415826643727,3122254,qlever-server-d,S,991,1709,27010922485,9287664,1206,9,futex_do_wait
4924415826643727,3122258,qlever-server-d,S,0,0,4663003,817031,39,7,futex_do_wait
4924415826643727,3122806,qlever-server-d,R,3691,9,37010089804,13605027,359,9,0
4924415826643727,3122807,qlever-server-d,S,0,0,10120,0,1,1,futex_do_wait
4924415826643727,3122808,qlever-server-d,S,0,0,93120,0,4,9,ep_poll
4924415826643727,3122809,qlever-server-d,S,0,0,414310,214341,8,0,futex_do_wait
4924415826643727,3122810,qlever-server-d,S,6,34,405773629,147368283,3066,0,ep_poll
4924415826643727,3122811,qlever-server-d,S,7,37,451932592,122167663,3042,0,futex_do_wait
4924415826643727,3123964,qlever-server-d,S,0,0,7273212,11814357,213,14,futex_do_wait
4924415826643727,3123965,qlever-server-d,R,910,3,9143838745,27889507,259,3,0
4924415826643727,0,__system__,-,1024726419,7867695289,0,0,0,-1,-
4924415846632546,3122254,qlever-server-d,S,991,1709,27010922485,9287664,1206,9,futex_do_wait
4924415846632546,3122258,qlever-server-d,S,0,0,4663003,817031,39,7,futex_do_wait
4924415846632546,3122806,qlever-server-d,R,3693,9,37030091445,13605027,359,9,0
4924415846632546,3122807,qlever-server-d,S,0,0,10120,0,1,1,futex_do_wait
4924415846632546,3122808,qlever-server-d,S,0,0,93120,0,4,9,ep_poll
4924415846632546,3122809,qlever-server-d,S,0,0,414310,214341,8,0,futex_do_wait
4924415846632546,3122810,qlever-server-d,S,6,34,405841769,147381623,3070,8,ep_poll
4924415846632546,3122811,qlever-server-d,S,7,37,452426002,122325163,3046,8,futex_do_wait
4924415846632546,3123964,qlever-server-d,S,0,0,7273212,11814357,213,14,futex_do_wait
4924415846632546,3123965,qlever-server-d,R,912,3,9163821946,27906047,260,0,0
4924415846632546,0,__system__,-,1024726440,7867695320,0,0,0,-1,-
4924415866636965,3122254,qlever-server-d,S,991,1709,27010922485,9287664,1206,9,futex_do_wait
4924415866636965,3122258,qlever-server-d,S,0,0,4663003,817031,39,7,futex_do_wait
4924415866636965,3122806,qlever-server-d,R,3695,9,37050090616,13605027,359,9,0
4924415866636965,3122807,qlever-server-d,S,0,0,10120,0,1,1,futex_do_wait
4924415866636965,3122808,qlever-server-d,S,0,0,93120,0,4,9,ep_poll
4924415866636965,3122809,qlever-server-d,S,0,0,414310,214341,8,0,futex_do_wait
4924415866636965,3122810,qlever-server-d,S,6,34,405925459,147785423,3074,3,ep_poll
4924415866636965,3122811,qlever-server-d,S,7,38,453259253,123710843,3049,10,futex_do_wait
4924415866636965,3123964,qlever-server-d,S,0,0,7305182,11814357,214,14,futex_do_wait
4924415866636965,3123965,qlever-server-d,R,914,3,9183822257,27906047,260,0,0
4924415866636965,0,__system__,-,1024726460,7867695351,0,0,0,-1,-
4924415886643554,3122254,qlever-server-d,S,991,1709,27010922485,9287664,1206,9,futex_do_wait
4924415886643554,3122258,qlever-server-d,S,0,0,4663003,817031,39,7,futex_do_wait
4924415886643554,3122806,qlever-server-d,R,3697,9,37070527087,13634037,360,9,0
4924415886643554,3122807,qlever-server-d,S,0,0,10120,0,1,1,futex_do_wait
4924415886643554,3122808,qlever-server-d,S,0,0,93120,0,4,9,ep_poll
4924415886643554,3122809,qlever-server-d,S,0,0,414310,214341,8,0,futex_do_wait
4924415886643554,3122810,qlever-server-d,S,6,34,405961149,147785423,3076,3,ep_poll
4924415886643554,3122811,qlever-server-d,S,7,38,453632864,123710843,3050,10,futex_do_wait
4924415886643554,3123964,qlever-server-d,S,0,0,7305182,11814357,214,14,futex_do_wait
4924415886643554,3123965,qlever-server-d,R,916,3,9203779768,27940127,262,2,0
4924415886643554,0,__system__,-,1024726481,7867695383,0,0,0,-1,-
4924415906630003,3122254,qlever-server-d,S,991,1709,27010922485,9287664,1206,9,futex_do_wait
4924415906630003,3122258,qlever-server-d,S,0,0,4663003,817031,39,7,futex_do_wait
4924415906630003,3122806,qlever-server-d,R,3699,9,37090063988,13634037,360,9,0
4924415906630003,3122807,qlever-server-d,S,0,0,10120,0,1,1,futex_do_wait
4924415906630003,3122808,qlever-server-d,S,0,0,93120,0,4,9,ep_poll
4924415906630003,3122809,qlever-server-d,S,0,0,414310,214341,8,0,futex_do_wait
4924415906630003,3122810,qlever-server-d,S,6,34,405983669,147931753,3077,10,ep_poll
4924415906630003,3122811,qlever-server-d,S,7,38,453985934,123710843,3051,10,futex_do_wait
4924415906630003,3123964,qlever-server-d,S,0,0,7305182,11814357,214,14,futex_do_wait
4924415906630003,3123965,qlever-server-d,R,918,3,9223778640,27940127,262,2,0
4924415906630003,0,__system__,-,1024726502,7867695416,0,0,0,-1,-
4924415926645071,3122254,qlever-server-d,S,991,1709,27010922485,9287664,1206,9,futex_do_wait
4924415926645071,3122258,qlever-server-d,S,0,0,4663003,817031,39,7,futex_do_wait
4924415926645071,3122806,qlever-server-d,R,3701,9,37110062269,13634037,360,9,0
4924415926645071,3122807,qlever-server-d,S,0,0,10120,0,1,1,futex_do_wait
4924415926645071,3122808,qlever-server-d,S,0,0,93120,0,4,9,ep_poll
4924415926645071,3122809,qlever-server-d,S,0,0,414310,214341,8,0,futex_do_wait
4924415926645071,3122810,qlever-server-d,S,6,34,406241619,147942133,3081,10,futex_do_wait
4924415926645071,3122811,qlever-server-d,S,7,38,454250384,123968793,3056,10,ep_poll
4924415926645071,3123964,qlever-server-d,S,0,0,7344822,11814357,215,7,futex_do_wait
4924415926645071,3123965,qlever-server-d,R,920,3,9243778601,27940127,262,2,0
4924415926645071,0,__system__,-,1024726521,7867695446,0,0,0,-1,-
4924415946628360,3122254,qlever-server-d,S,991,1709,27010922485,9287664,1206,9,futex_do_wait
4924415946628360,3122258,qlever-server-d,S,0,0,4663003,817031,39,7,futex_do_wait
4924415946628360,3122806,qlever-server-d,R,3703,9,37130062500,13634037,360,9,0
4924415946628360,3122807,qlever-server-d,S,0,0,10120,0,1,1,futex_do_wait
4924415946628360,3122808,qlever-server-d,S,0,0,93120,0,4,9,ep_poll
4924415946628360,3122809,qlever-server-d,S,0,0,414310,214341,8,0,futex_do_wait
4924415946628360,3122810,qlever-server-d,S,6,34,406492699,148296314,3086,10,ep_poll
4924415946628360,3122811,qlever-server-d,S,7,38,454485925,123978423,3060,10,futex_do_wait
4924415946628360,3123964,qlever-server-d,S,0,0,7344822,11814357,215,7,futex_do_wait
4924415946628360,3123965,qlever-server-d,R,922,3,9263779002,27940127,262,2,0
4924415946628360,0,__system__,-,1024726541,7867695478,0,0,0,-1,-
4924415966649409,3122254,qlever-server-d,S,991,1709,27010922485,9287664,1206,9,futex_do_wait
4924415966649409,3122258,qlever-server-d,S,0,0,4663003,817031,39,7,futex_do_wait
4924415966649409,3122806,qlever-server-d,R,3705,9,37150063421,13634037,360,9,0
4924415966649409,3122807,qlever-server-d,S,0,0,10120,0,1,1,futex_do_wait
4924415966649409,3122808,qlever-server-d,S,0,0,93120,0,4,9,ep_poll
4924415966649409,3122809,qlever-server-d,S,0,0,414310,214341,8,0,futex_do_wait
4924415966649409,3122810,qlever-server-d,S,6,34,406547059,148299944,3089,11,ep_poll
4924415966649409,3122811,qlever-server-d,S,7,38,454925535,123999923,3062,3,futex_do_wait
4924415966649409,3123964,qlever-server-d,S,0,0,7382792,11814357,216,5,futex_do_wait
4924415966649409,3123965,qlever-server-d,R,924,3,9283755883,27958517,263,6,0
4924415966649409,0,__system__,-,1024726564,7867695510,0,0,0,-1,-
4924415986637488,3122254,qlever-server-d,S,991,1709,27010922485,9287664,1206,9,futex_do_wait
4924415986637488,3122258,qlever-server-d,S,0,0,4663003,817031,39,7,futex_do_wait
4924415986637488,3122806,qlever-server-d,R,3707,9,37170502443,13634037,360,9,0
4924415986637488,3122807,qlever-server-d,S,0,0,10120,0,1,1,futex_do_wait
4924415986637488,3122808,qlever-server-d,S,0,0,93120,0,4,9,ep_poll
4924415986637488,3122809,qlever-server-d,S,0,0,414310,214341,8,0,futex_do_wait
4924415986637488,3122810,qlever-server-d,S,6,34,406628709,148299944,3093,10,ep_poll
4924415986637488,3122811,qlever-server-d,S,7,38,455808825,123999923,3064,11,futex_do_wait
4924415986637488,3123964,qlever-server-d,S,0,0,7382792,11814357,216,5,futex_do_wait
4924415986637488,3123965,qlever-server-d,R,926,3,9303756794,27958517,263,6,0
4924415986637488,0,__system__,-,1024726586,7867695543,0,0,0,-1,-
4924416006633867,3122254,qlever-server-d,S,991,1709,27010922485,9287664,1206,9,futex_do_wait
4924416006633867,3122258,qlever-server-d,S,0,0,4663003,817031,39,7,futex_do_wait
4924416006633867,3122806,qlever-server-d,R,3709,9,37190062454,13634037,360,9,0
4924416006633867,3122807,qlever-server-d,S,0,0,10120,0,1,1,futex_do_wait
4924416006633867,3122808,qlever-server-d,S,0,0,93120,0,4,9,ep_poll
4924416006633867,3122809,qlever-server-d,S,0,0,414310,214341,8,0,futex_do_wait
4924416006633867,3122810,qlever-server-d,S,6,34,406688099,148299944,3096,0,ep_poll
4924416006633867,3122811,qlever-server-d,S,7,38,456407185,123999923,3065,2,futex_do_wait
4924416006633867,3123964,qlever-server-d,S,0,0,7382792,11814357,216,5,futex_do_wait
4924416006633867,3123965,qlever-server-d,R,928,3,9323756445,27958517,263,6,0
4924416006633867,0,__system__,-,1024726607,7867695574,0,0,0,-1,-
4924416026652205,3122254,qlever-server-d,S,991,1709,27010922485,9287664,1206,9,futex_do_wait
4924416026652205,3122258,qlever-server-d,S,0,0,4663003,817031,39,7,futex_do_wait
4924416026652205,3122806,qlever-server-d,R,3711,9,37210064225,13634037,360,9,0
4924416026652205,3122807,qlever-server-d,S,0,0,10120,0,1,1,futex_do_wait
4924416026652205,3122808,qlever-server-d,S,0,0,93120,0,4,9,ep_poll
4924416026652205,3122809,qlever-server-d,S,0,0,414310,214341,8,0,futex_do_wait
4924416026652205,3122810,qlever-server-d,S,6,34,406736939,148299944,3098,3,ep_poll
4924416026652205,3122811,qlever-server-d,S,7,38,456855265,123999923,3066,2,futex_do_wait
4924416026652205,3123964,qlever-server-d,S,0,0,7412342,13222338,217,5,futex_do_wait
4924416026652205,3123965,qlever-server-d,R,930,3,9343756786,27958517,263,6,0
4924416026652205,0,__system__,-,1024726629,7867695605,0,0,0,-1,-
4924416046644214,3122254,qlever-server-d,S,991,1709,27010922485,9287664,1206,9,futex_do_wait
4924416046644214,3122258,qlever-server-d,S,0,0,4663003,817031,39,7,futex_do_wait
4924416046644214,3122806,qlever-server-d,R,3713,9,37230063446,13634037,360,9,0
4924416046644214,3122807,qlever-server-d,S,0,0,10120,0,1,1,futex_do_wait
4924416046644214,3122808,qlever-server-d,S,0,0,93120,0,4,9,ep_poll
4924416046644214,3122809,qlever-server-d,S,0,0,414310,214341,8,0,futex_do_wait
4924416046644214,3122810,qlever-server-d,S,6,34,406774189,148299944,3100,3,ep_poll
4924416046644214,3122811,qlever-server-d,S,7,38,457301515,123999923,3067,2,futex_do_wait
4924416046644214,3123964,qlever-server-d,S,0,0,7412342,13222338,217,5,futex_do_wait
4924416046644214,3123965,qlever-server-d,R,932,3,9363757567,27958517,263,6,0
4924416046644214,0,__system__,-,1024726652,7867695638,0,0,0,-1,-
4924416066641783,3122254,qlever-server-d,S,991,1709,27010922485,9287664,1206,9,futex_do_wait
4924416066641783,3122258,qlever-server-d,S,0,0,4663003,817031,39,7,futex_do_wait
4924416066641783,3122806,qlever-server-d,R,3715,9,37250063237,13634037,360,9,0
4924416066641783,3122807,qlever-server-d,S,0,0,10120,0,1,1,futex_do_wait
4924416066641783,3122808,qlever-server-d,S,0,0,93120,0,4,9,ep_poll
4924416066641783,3122809,qlever-server-d,S,0,0,414310,214341,8,0,futex_do_wait
4924416066641783,3122810,qlever-server-d,S,6,34,406800189,148299944,3101,10,ep_poll
4924416066641783,3122811,qlever-server-d,S,7,38,457580685,123999923,3068,3,futex_do_wait
4924416066641783,3123964,qlever-server-d,S,0,0,7447482,13222338,218,5,futex_do_wait
4924416066641783,3123965,qlever-server-d,R,934,3,9383757638,27958517,263,6,0
4924416066641783,0,__system__,-,1024726674,7867695669,0,0,0,-1,-
4924416086648182,3122254,qlever-server-d,S,991,1709,27010922485,9287664,1206,9,futex_do_wait
4924416086648182,3122258,qlever-server-d,S,0,0,4663003,817031,39,7,futex_do_wait
4924416086648182,3122806,qlever-server-d,R,3717,9,37270063848,13634037,360,9,0
4924416086648182,3122807,qlever-server-d,S,0,0,10120,0,1,1,futex_do_wait
4924416086648182,3122808,qlever-server-d,S,0,0,93120,0,4,9,ep_poll
4924416086648182,3122809,qlever-server-d,S,0,0,414310,214341,8,0,futex_do_wait
4924416086648182,3122810,qlever-server-d,S,6,34,406836859,148299944,3103,0,ep_poll
4924416086648182,3122811,qlever-server-d,S,7,38,458049515,123999923,3069,2,futex_do_wait
4924416086648182,3123964,qlever-server-d,S,0,0,7447482,13222338,218,5,futex_do_wait
4924416086648182,3123965,qlever-server-d,R,936,3,9403756610,27958517,263,6,0
4924416086648182,0,__system__,-,1024726697,7867695701,0,0,0,-1,-
4924416106756060,3122254,qlever-server-d,S,991,1709,27010922485,9287664,1206,9,futex_do_wait
4924416106756060,3122258,qlever-server-d,S,0,0,4810703,817031,40,4,futex_do_wait
4924416106756060,3122806,qlever-server-d,R,3719,9,37290061789,13634037,360,9,0
4924416106756060,3122807,qlever-server-d,S,0,0,10120,0,1,1,futex_do_wait
4924416106756060,3122808,qlever-server-d,S,0,0,93120,0,4,9,ep_poll
4924416106756060,3122809,qlever-server-d,S,0,0,414310,214341,8,0,futex_do_wait
4924416106756060,3122810,qlever-server-d,S,6,34,406865949,148660614,3104,8,ep_poll
4924416106756060,3122811,qlever-server-d,S,7,38,458498605,123999923,3070,3,futex_do_wait
4924416106756060,3123964,qlever-server-d,S,0,0,7447482,13222338,218,5,futex_do_wait
4924416106756060,3123965,qlever-server-d,R,938,3,9423726631,27990087,264,6,0
4924416106756060,0,__system__,-,1024726720,7867695733,0,0,0,-1,-
4924416126646239,3122254,qlever-server-d,S,991,1709,27010922485,9287664,1206,9,futex_do_wait
4924416126646239,3122258,qlever-server-d,S,0,0,4810703,817031,40,4,futex_do_wait
4924416126646239,3122806,qlever-server-d,R,3721,9,37310062960,13634037,360,9,0
4924416126646239,3122807,qlever-server-d,S,0,0,10120,0,1,1,futex_do_wait
4924416126646239,3122808,qlever-server-d,S,0,0,93120,0,4,9,ep_poll
4924416126646239,3122809,qlever-server-d,S,0,0,414310,214341,8,0,futex_do_wait
4924416126646239,3122810,qlever-server-d,S,6,34,406929829,148819454,3107,2,ep_poll
4924416126646239,3122811,qlever-server-d,S,7,38,459310286,123999923,3072,2,futex_do_wait
4924416126646239,3123964,qlever-server-d,S,0,0,7481522,13222338,219,5,futex_do_wait
4924416126646239,3123965,qlever-server-d,R,940,3,9443661432,28044397,267,0,0
4924416126646239,0,__system__,-,1024726741,7867695765,0,0,0,-1,-
4924416146642438,3122254,qlever-server-d,S,991,1709,27010922485,9287664,1206,9,futex_do_wait
4924416146642438,3122258,qlever-server-d,S,0,0,4810703,817031,40,4,futex_do_wait
4924416146642438,3122806,qlever-server-d,R,3723,9,37330046221,13650497,361,9,0
4924416146642438,3122807,qlever-server-d,S,0,0,10120,0,1,1,futex_do_wait
4924416146642438,3122808,qlever-server-d,S,0,0,93120,0,4,9,ep_poll
4924416146642438,3122809,qlever-server-d,S,0,0,414310,214341,8,0,futex_do_wait
4924416146642438,3122810,qlever-server-d,S,6,34,407140009,148828764,3111,2,futex_do_wait
4924416146642438,3122811,qlever-server-d,S,7,38,459570587,124338553,3077,2,ep_poll
4924416146642438,3123964,qlever-server-d,S,0,0,7481522,13222338,219,5,futex_do_wait
4924416146642438,3123965,qlever-server-d,R,942,3,9463388783,28311957,269,8,0
4924416146642438,0,__system__,-,1024726760,7867695796,0,0,0,-1,-
4924416166636347,3122254,qlever-server-d,S,991,1709,27010922485,9287664,1206,9,futex_do_wait
4924416166636347,3122258,qlever-server-d,S,0,0,4810703,817031,40,4,futex_do_wait
4924416166636347,3122806,qlever-server-d,R,3725,9,37350047762,13650497,361,9,0
4924416166636347,3122807,qlever-server-d,S,0,0,10120,0,1,1,futex_do_wait
4924416166636347,3122808,qlever-server-d,S,0,0,93120,0,4,9,ep_poll
4924416166636347,3122809,qlever-server-d,S,0,0,414310,214341,8,0,futex_do_wait
4924416166636347,3122810,qlever-server-d,S,6,34,407414339,149209504,3117,10,ep_poll
4924416166636347,3122811,qlever-server-d,S,7,38,459759777,124346133,3081,10,futex_do_wait
4924416166636347,3123964,qlever-server-d,S,0,0,7523132,13222338,220,5,futex_do_wait
4924416166636347,3123965,qlever-server-d,R,944,3,9483389244,28311957,269,8,0
4924416166636347,0,__system__,-,1024726781,7867695828,0,0,0,-1,-
4924416186643816,3122254,qlever-server-d,S,991,1709,27010922485,9287664,1206,9,futex_do_wait
4924416186643816,3122258,qlever-server-d,S,0,0,4810703,817031,40,4,futex_do_wait
4924416186643816,3122806,qlever-server-d,R,3727,9,37370048724,13650497,361,9,0
4924416186643816,3122807,qlever-server-d,S,0,0,10120,0,1,1,futex_do_wait
4924416186643816,3122808,qlever-server-d,S,0,0,93120,0,4,9,ep_poll
4924416186643816,3122809,qlever-server-d,S,0,0,414310,214341,8,0,futex_do_wait
4924416186643816,3122810,qlever-server-d,S,6,34,407650120,149357494,3126,2,ep_poll
4924416186643816,3122811,qlever-server-d,S,7,38,460096367,124645263,3091,2,futex_do_wait
4924416186643816,3123964,qlever-server-d,S,0,0,7523132,13222338,220,5,futex_do_wait
4924416186643816,3123965,qlever-server-d,R,946,3,9503390305,28311957,269,8,0
4924416186643816,0,__system__,-,1024726801,7867695860,0,0,0,-1,-
4924416206639085,3122254,qlever-server-d,S,991,1709,27010922485,9287664,1206,9,futex_do_wait
4924416206639085,3122258,qlever-server-d,S,0,0,4810703,817031,40,4,futex_do_wait
4924416206639085,3122806,qlever-server-d,R,3729,9,37390049455,13650497,361,9,0
4924416206639085,3122807,qlever-server-d,S,0,0,10120,0,1,1,futex_do_wait
4924416206639085,3122808,qlever-server-d,S,0,0,93120,0,4,9,ep_poll
4924416206639085,3122809,qlever-server-d,S,0,0,414310,214341,8,0,futex_do_wait
4924416206639085,3122810,qlever-server-d,S,6,34,407699290,149357494,3128,4,ep_poll
4924416206639085,3122811,qlever-server-d,S,7,38,460560888,125094393,3092,14,futex_do_wait
4924416206639085,3123964,qlever-server-d,S,0,0,7523132,13222338,220,5,futex_do_wait
4924416206639085,3123965,qlever-server-d,R,948,3,9523389756,28311957,269,8,0
4924416206639085,0,__system__,-,1024726822,7867695892,0,0,0,-1,-
4924416226647903,3122254,qlever-server-d,S,991,1709,27010922485,9287664,1206,9,futex_do_wait
4924416226647903,3122258,qlever-server-d,S,0,0,4810703,817031,40,4,futex_do_wait
4924416226647903,3122806,qlever-server-d,R,3731,9,37410048186,13650497,361,9,0
4924416226647903,3122807,qlever-server-d,S,0,0,10120,0,1,1,futex_do_wait
4924416226647903,3122808,qlever-server-d,S,0,0,93120,0,4,9,ep_poll
4924416226647903,3122809,qlever-server-d,S,0,0,414310,214341,8,0,futex_do_wait
4924416226647903,3122810,qlever-server-d,S,6,34,407740440,149368334,3130,14,ep_poll
4924416226647903,3122811,qlever-server-d,R,7,38,461057828,125094393,3094,5,0
4924416226647903,3123964,qlever-server-d,S,0,0,7558472,13222338,221,5,futex_do_wait
4924416226647903,3123965,qlever-server-d,R,950,3,9543562437,28311957,269,8,0
4924416226647903,0,__system__,-,1024726846,7867695925,0,0,0,-1,-
4924416246645312,3122254,qlever-server-d,S,991,1709,27010922485,9287664,1206,9,futex_do_wait
4924416246645312,3122258,qlever-server-d,S,0,0,4810703,817031,40,4,futex_do_wait
4924416246645312,3122806,qlever-server-d,R,3733,9,37430047547,13650497,361,9,0
4924416246645312,3122807,qlever-server-d,S,0,0,10120,0,1,1,futex_do_wait
4924416246645312,3122808,qlever-server-d,S,0,0,93120,0,4,9,ep_poll
4924416246645312,3122809,qlever-server-d,S,0,0,414310,214341,8,0,futex_do_wait
4924416246645312,3122810,qlever-server-d,S,6,34,407851220,150484194,3135,5,ep_poll
4924416246645312,3122811,qlever-server-d,S,7,38,462142400,125094393,3095,5,futex_do_wait
4924416246645312,3123964,qlever-server-d,S,0,0,7558472,13222338,221,5,futex_do_wait
4924416246645312,3123965,qlever-server-d,R,952,3,9563390438,28311957,269,8,0
4924416246645312,0,__system__,-,1024726866,7867695956,0,0,0,-1,-
4924416266642251,3122254,qlever-server-d,S,991,1709,27010922485,9287664,1206,9,futex_do_wait
4924416266642251,3122258,qlever-server-d,S,0,0,4810703,817031,40,4,futex_do_wait
4924416266642251,3122806,qlever-server-d,R,3735,9,37450046898,13650497,361,9,0
4924416266642251,3122807,qlever-server-d,S,0,0,10120,0,1,1,futex_do_wait
4924416266642251,3122808,qlever-server-d,S,0,0,93120,0,4,9,ep_poll
4924416266642251,3122809,qlever-server-d,S,0,0,414310,214341,8,0,futex_do_wait
4924416266642251,3122810,qlever-server-d,S,6,34,407893080,150484194,3137,13,ep_poll
4924416266642251,3122811,qlever-server-d,S,7,38,462597360,125094393,3096,5,futex_do_wait
4924416266642251,3123964,qlever-server-d,S,0,0,7596302,13222338,222,13,futex_do_wait
4924416266642251,3123965,qlever-server-d,R,954,3,9583390380,28311957,269,8,0
4924416266642251,0,__system__,-,1024726886,7867695987,0,0,0,-1,-
4924416286650090,3122254,qlever-server-d,S,991,1709,27010922485,9287664,1206,9,futex_do_wait
4924416286650090,3122258,qlever-server-d,S,0,0,4810703,817031,40,4,futex_do_wait
4924416286650090,3122806,qlever-server-d,R,3737,9,37470048699,13650497,361,9,0
4924416286650090,3122807,qlever-server-d,S,0,0,10120,0,1,1,futex_do_wait
4924416286650090,3122808,qlever-server-d,S,0,0,93120,0,4,9,ep_poll
4924416286650090,3122809,qlever-server-d,S,0,0,414310,214341,8,0,futex_do_wait
4924416286650090,3122810,qlever-server-d,R,6,34,407919030,150699914,3138,14,0
4924416286650090,3122811,qlever-server-d,S,7,39,463549521,125094393,3098,3,futex_do_wait
4924416286650090,3123964,qlever-server-d,S,0,0,7596302,13222338,222,13,futex_do_wait
4924416286650090,3123965,qlever-server-d,R,956,3,9603388571,28311957,269,8,0
4924416286650090,0,__system__,-,1024726907,7867696019,0,0,0,-1,-
4924416306639649,3122254,qlever-server-d,S,991,1709,27010922485,9287664,1206,9,futex_do_wait
4924416306639649,3122258,qlever-server-d,S,0,0,4810703,817031,40,4,futex_do_wait
4924416306639649,3122806,qlever-server-d,R,3739,9,37490047280,13650497,361,9,0
4924416306639649,3122807,qlever-server-d,S,0,0,10120,0,1,1,futex_do_wait
4924416306639649,3122808,qlever-server-d,S,0,0,93120,0,4,9,ep_poll
4924416306639649,3122809,qlever-server-d,S,0,0,414310,214341,8,0,futex_do_wait
4924416306639649,3122810,qlever-server-d,S,6,34,407990480,151708614,3141,5,ep_poll
4924416306639649,3122811,qlever-server-d,S,7,39,463891651,139893781,3099,10,futex_do_wait
4924416306639649,3123964,qlever-server-d,S,0,0,7596302,13222338,222,13,futex_do_wait
4924416306639649,3123965,qlever-server-d,R,958,3,9623390492,28311957,269,8,0
4924416306639649,0,__system__,-,1024726927,7867696051,0,0,0,-1,-
4924416326636037,3122254,qlever-server-d,S,991,1709,27010922485,9287664,1206,9,futex_do_wait
4924416326636037,3122258,qlever-server-d,S,0,0,4810703,817031,40,4,futex_do_wait
4924416326636037,3122806,qlever-server-d,R,3741,9,37510049351,13650497,361,9,0
4924416326636037,3122807,qlever-server-d,S,0,0,10120,0,1,1,futex_do_wait
4924416326636037,3122808,qlever-server-d,S,0,0,93120,0,4,9,ep_poll
4924416326636037,3122809,qlever-server-d,S,0,0,414310,214341,8,0,futex_do_wait
4924416326636037,3122810,qlever-server-d,S,6,34,408028350,151708614,3143,7,ep_poll
4924416326636037,3122811,qlever-server-d,S,7,39,464278652,139893781,3100,10,futex_do_wait
4924416326636037,3123964,qlever-server-d,S,0,0,7635422,13222338,223,13,futex_do_wait
4924416326636037,3123965,qlever-server-d,R,960,3,9643370933,28332407,270,8,0
4924416326636037,0,__system__,-,1024726947,7867696082,0,0,0,-1,-
4924416346635486,3122254,qlever-server-d,S,991,1709,27010922485,9287664,1206,9,futex_do_wait
4924416346635486,3122258,qlever-server-d,S,0,0,4810703,817031,40,4,futex_do_wait
4924416346635486,3122806,qlever-server-d,R,3743,9,37530049362,13650497,361,9,0
4924416346635486,3122807,qlever-server-d,S,0,0,10120,0,1,1,futex_do_wait
4924416346635486,3122808,qlever-server-d,S,0,0,93120,0,4,9,ep_poll
4924416346635486,3122809,qlever-server-d,S,0,0,414310,214341,8,0,futex_do_wait
4924416346635486,3122810,qlever-server-d,S,6,34,408080000,151708614,3145,7,ep_poll
4924416346635486,3122811,qlever-server-d,S,7,39,464635402,139893781,3101,2,futex_do_wait
4924416346635486,3123964,qlever-server-d,S,0,0,7635422,13222338,223,13,futex_do_wait
4924416346635486,3123965,qlever-server-d,R,962,3,9663371414,28332407,270,8,0
4924416346635486,0,__system__,-,1024726969,7867696114,0,0,0,-1,-
4924416366605495,3122254,qlever-server-d,S,991,1709,27010922485,9287664,1206,9,futex_do_wait
4924416366605495,3122258,qlever-server-d,S,0,0,4810703,817031,40,4,futex_do_wait
4924416366605495,3122806,qlever-server-d,R,3745,9,37550049974,13650497,361,9,0
4924416366605495,3122807,qlever-server-d,S,0,0,10120,0,1,1,futex_do_wait
4924416366605495,3122808,qlever-server-d,S,0,0,93120,0,4,9,ep_poll
4924416366605495,3122809,qlever-server-d,S,0,0,414310,214341,8,0,futex_do_wait
4924416366605495,3122810,qlever-server-d,S,6,34,408133780,151708614,3147,7,ep_poll
4924416366605495,3122811,qlever-server-d,S,7,39,465093262,141612982,3104,2,futex_do_wait
4924416366605495,3123964,qlever-server-d,S,0,0,7667432,13222338,224,15,futex_do_wait
4924416366605495,3123965,qlever-server-d,R,964,3,9683370335,28332407,270,8,0
4924416366605495,0,__system__,-,1024726990,7867696146,0,0,0,-1,-
4924416386647014,3122254,qlever-server-d,S,991,1709,27010922485,9287664,1206,9,futex_do_wait
4924416386647014,3122258,qlever-server-d,S,0,0,4810703,817031,40,4,futex_do_wait
4924416386647014,3122806,qlever-server-d,R,3747,9,37570049345,13650497,361,9,0
4924416386647014,3122807,qlever-server-d,S,0,0,10120,0,1,1,futex_do_wait
4924416386647014,3122808,qlever-server-d,S,0,0,93120,0,4,9,ep_poll
4924416386647014,3122809,qlever-server-d,S,0,0,414310,214341,8,0,futex_do_wait
4924416386647014,3122810,qlever-server-d,S,6,34,408192090,151870444,3150,10,ep_poll
4924416386647014,3122811,qlever-server-d,S,7,39,465834182,141612982,3106,3,futex_do_wait
4924416386647014,3123964,qlever-server-d,S,0,0,7667432,13222338,224,15,futex_do_wait
4924416386647014,3123965,qlever-server-d,R,966,3,9703370136,28332407,270,8,0
4924416386647014,0,__system__,-,1024727011,7867696178,0,0,0,-1,-
4924416406636693,3122254,qlever-server-d,S,991,1709,27010922485,9287664,1206,9,futex_do_wait
4924416406636693,3122258,qlever-server-d,S,0,0,4810703,817031,40,4,futex_do_wait
4924416406636693,3122806,qlever-server-d,R,3749,9,37590050116,13650497,361,9,0
4924416406636693,3122807,qlever-server-d,S,0,0,10120,0,1,1,futex_do_wait
4924416406636693,3122808,qlever-server-d,S,0,0,93120,0,4,9,ep_poll
4924416406636693,3122809,qlever-server-d,S,0,0,414310,214341,8,0,futex_do_wait
4924416406636693,3122810,qlever-server-d,S,6,34,408230230,152179414,3152,2,ep_poll
4924416406636693,3122811,qlever-server-d,S,7,39,466211512,141612982,3107,3,futex_do_wait
4924416406636693,3123964,qlever-server-d,S,0,0,7667432,13222338,224,15,futex_do_wait
4924416406636693,3123965,qlever-server-d,R,968,3,9723369297,28332407,270,8,0
4924416406636693,0,__system__,-,1024727031,7867696209,0,0,0,-1,-
4924416426642661,3122254,qlever-server-d,S,991,1709,27010922485,9287664,1206,9,futex_do_wait
4924416426642661,3122258,qlever-server-d,S,0,0,4810703,817031,40,4,futex_do_wait
4924416426642661,3122806,qlever-server-d,R,3751,9,37610051317,13650497,361,9,0
4924416426642661,3122807,qlever-server-d,S,0,0,10120,0,1,1,futex_do_wait
4924416426642661,3122808,qlever-server-d,S,0,0,93120,0,4,9,ep_poll
4924416426642661,3122809,qlever-server-d,S,0,0,414310,214341,8,0,futex_do_wait
4924416426642661,3122810,qlever-server-d,S,6,34,408271180,152179414,3154,11,ep_poll
4924416426642661,3122811,qlever-server-d,S,7,39,466576882,141612982,3108,2,futex_do_wait
4924416426642661,3123964,qlever-server-d,S,0,0,7704432,13222338,225,4,futex_do_wait
4924416426642661,3123965,qlever-server-d,R,970,3,9743370878,28332407,270,8,0
4924416426642661,0,__system__,-,1024727052,7867696242,0,0,0,-1,-
4924416446638820,3122254,qlever-server-d,S,991,1709,27010922485,9287664,1206,9,futex_do_wait
4924416446638820,3122258,qlever-server-d,S,0,0,4810703,817031,40,4,futex_do_wait
4924416446638820,3122806,qlever-server-d,R,3753,9,37630050578,13650497,361,9,0
4924416446638820,3122807,qlever-server-d,S,0,0,10120,0,1,1,futex_do_wait
4924416446638820,3122808,qlever-server-d,S,0,0,93120,0,4,9,ep_poll
4924416446638820,3122809,qlever-server-d,S,0,0,414310,214341,8,0,futex_do_wait
4924416446638820,3122810,qlever-server-d,S,6,34,408303620,152179414,3155,11,ep_poll
4924416446638820,3122811,qlever-server-d,S,7,39,466782722,141612982,3109,2,futex_do_wait
4924416446638820,3123964,qlever-server-d,S,0,0,7704432,13222338,225,4,futex_do_wait
4924416446638820,3123965,qlever-server-d,R,972,3,9763371400,28332407,270,8,0
4924416446638820,0,__system__,-,1024727072,7867696273,0,0,0,-1,-
4924416466642469,3122254,qlever-server-d,S,991,1709,27010922485,9287664,1206,9,futex_do_wait
4924416466642469,3122258,qlever-server-d,S,0,0,4810703,817031,40,4,futex_do_wait
4924416466642469,3122806,qlever-server-d,R,3755,9,37650022699,13678977,362,9,0
4924416466642469,3122807,qlever-server-d,S,0,0,10120,0,1,1,futex_do_wait
4924416466642469,3122808,qlever-server-d,S,0,0,93120,0,4,9,ep_poll
4924416466642469,3122809,qlever-server-d,S,0,0,414310,214341,8,0,futex_do_wait
4924416466642469,3122810,qlever-server-d,S,6,34,408349940,153269295,3157,11,ep_poll
4924416466642469,3122811,qlever-server-d,S,7,39,467485384,141745672,3111,10,futex_do_wait
4924416466642469,3123964,qlever-server-d,S,0,0,7739632,13222338,226,14,futex_do_wait
4924416466642469,3123965,qlever-server-d,R,974,3,9783370491,28332407,270,8,0
4924416466642469,0,__system__,-,1024727094,7867696305,0,0,0,-1,-
4924416486643238,3122254,qlever-server-d,S,991,1709,27010922485,9287664,1206,9,futex_do_wait
4924416486643238,3122258,qlever-server-d,S,0,0,4810703,817031,40,4,futex_do_wait
4924416486643238,3122806,qlever-server-d,R,3757,9,37670021910,13678977,362,9,0
4924416486643238,3122807,qlever-server-d,S,0,0,10120,0,1,1,futex_do_wait
4924416486643238,3122808,qlever-server-d,S,0,0,93120,0,4,9,ep_poll
4924416486643238,3122809,qlever-server-d,S,0,0,414310,214341,8,0,futex_do_wait
4924416486643238,3122810,qlever-server-d,S,6,34,408372340,153430425,3158,10,ep_poll
4924416486643238,3122811,qlever-server-d,S,7,39,467844565,141745672,3112,10,futex_do_wait
4924416486643238,3123964,qlever-server-d,S,0,0,7739632,13222338,226,14,futex_do_wait
4924416486643238,3123965,qlever-server-d,R,976,3,9803373072,28332407,270,8,0
4924416486643238,0,__system__,-,1024727116,7867696337,0,0,0,-1,-
4924416506643047,3122254,qlever-server-d,S,991,1709,27010922485,9287664,1206,9,futex_do_wait
4924416506643047,3122258,qlever-server-d,S,0,0,4810703,817031,40,4,futex_do_wait
4924416506643047,3122806,qlever-server-d,R,3759,9,37690641122,13678977,362,9,0
4924416506643047,3122807,qlever-server-d,S,0,0,10120,0,1,1,futex_do_wait
4924416506643047,3122808,qlever-server-d,S,0,0,93120,0,4,9,ep_poll
4924416506643047,3122809,qlever-server-d,S,0,0,414310,214341,8,0,futex_do_wait
4924416506643047,3122810,qlever-server-d,S,6,34,408445580,153430425,3161,0,ep_poll
4924416506643047,3122811,qlever-server-d,S,7,39,468428995,141745672,3114,10,futex_do_wait
4924416506643047,3123964,qlever-server-d,S,0,0,7739632,13222338,226,14,futex_do_wait
4924416506643047,3123965,qlever-server-d,R,978,3,9823370563,28332407,270,8,0
4924416506643047,0,__system__,-,1024727137,7867696369,0,0,0,-1,-
4924416526636155,3122254,qlever-server-d,S,991,1709,27010922485,9287664,1206,9,futex_do_wait
4924416526636155,3122258,qlever-server-d,S,0,0,4810703,817031,40,4,futex_do_wait
4924416526636155,3122806,qlever-server-d,R,3761,9,37710022562,13678977,362,9,0
4924416526636155,3122807,qlever-server-d,S,0,0,10120,0,1,1,futex_do_wait
4924416526636155,3122808,qlever-server-d,S,0,0,93120,0,4,9,ep_poll
4924416526636155,3122809,qlever-server-d,S,0,0,414310,214341,8,0,futex_do_wait
4924416526636155,3122810,qlever-server-d,S,6,34,408531180,155113486,3164,11,ep_poll
4924416526636155,3122811,qlever-server-d,S,7,39,469161745,141745672,3116,2,futex_do_wait
4924416526636155,3123964,qlever-server-d,S,0,0,7780962,13222338,227,4,futex_do_wait
4924416526636155,3123965,qlever-server-d,R,980,3,9843371404,28332407,270,8,0
4924416526636155,0,__system__,-,1024727158,7867696401,0,0,0,-1,-
4924416546637294,3122254,qlever-server-d,S,991,1709,27010922485,9287664,1206,9,futex_do_wait
4924416546637294,3122258,qlever-server-d,S,0,0,4810703,817031,40,4,futex_do_wait
4924416546637294,3122806,qlever-server-d,R,3763,9,37729989784,13710287,363,9,0
4924416546637294,3122807,qlever-server-d,S,0,0,10120,0,1,1,futex_do_wait
4924416546637294,3122808,qlever-server-d,S,0,0,93120,0,4,9,ep_poll
4924416546637294,3122809,qlever-server-d,S,0,0,414310,214341,8,0,futex_do_wait
4924416546637294,3122810,qlever-server-d,S,6,34,408553460,155267116,3165,10,ep_poll
4924416546637294,3122811,qlever-server-d,S,7,39,469529495,141745672,3117,10,futex_do_wait
4924416546637294,3123964,qlever-server-d,S,0,0,7780962,13222338,227,4,futex_do_wait
4924416546637294,3123965,qlever-server-d,R,982,3,9863371815,28332407,270,8,0
4924416546637294,0,__system__,-,1024727178,7867696432,0,0,0,-1,-
4924416566631343,3122254,qlever-server-d,S,991,1709,27010922485,9287664,1206,9,futex_do_wait
4924416566631343,3122258,qlever-server-d,S,0,0,4810703,817031,40,4,futex_do_wait
4924416566631343,3122806,qlever-server-d,R,3765,9,37749990265,13710287,363,9,0
4924416566631343,3122807,qlever-server-d,S,0,0,10120,0,1,1,futex_do_wait
4924416566631343,3122808,qlever-server-d,S,0,0,93120,0,4,9,ep_poll
4924416566631343,3122809,qlever-server-d,S,0,0,414310,214341,8,0,futex_do_wait
4924416566631343,3122810,qlever-server-d,S,6,34,408598540,155267116,3167,1,ep_poll
4924416566631343,3122811,qlever-server-d,S,7,39,469891706,141745672,3118,2,futex_do_wait
4924416566631343,3123964,qlever-server-d,S,0,0,7816992,13222338,228,14,futex_do_wait
4924416566631343,3123965,qlever-server-d,R,984,3,9883371936,28332407,270,8,0
4924416566631343,0,__system__,-,1024727199,7867696465,0,0,0,-1,-
4924416586635732,3122254,qlever-server-d,S,991,1709,27010922485,9287664,1206,9,futex_do_wait
4924416586635732,3122258,qlever-server-d,S,0,0,4810703,817031,40,4,futex_do_wait
4924416586635732,3122806,qlever-server-d,R,3767,9,37769947046,13755197,365,9,0
4924416586635732,3122807,qlever-server-d,S,0,0,10120,0,1,1,futex_do_wait
4924416586635732,3122808,qlever-server-d,S,0,0,93120,0,4,9,ep_poll
4924416586635732,3122809,qlever-server-d,S,0,0,414310,214341,8,0,futex_do_wait
4924416586635732,3122810,qlever-server-d,S,6,34,408633590,155267116,3169,10,ep_poll
4924416586635732,3122811,qlever-server-d,S,7,39,470205456,141745672,3119,2,futex_do_wait
4924416586635732,3123964,qlever-server-d,S,0,0,7816992,13222338,228,14,futex_do_wait
4924416586635732,3123965,qlever-server-d,R,986,3,9903347057,28357857,271,8,0
4924416586635732,0,__system__,-,1024727220,7867696496,0,0,0,-1,-
4924416606642121,3122254,qlever-server-d,S,991,1709,27010922485,9287664,1206,9,futex_do_wait
4924416606642121,3122258,qlever-server-d,S,0,0,4810703,817031,40,4,futex_do_wait
4924416606642121,3122806,qlever-server-d,R,3769,9,37789946617,13755197,365,9,0
4924416606642121,3122807,qlever-server-d,S,0,0,10120,0,1,1,futex_do_wait
4924416606642121,3122808,qlever-server-d,S,0,0,93120,0,4,9,ep_poll
4924416606642121,3122809,qlever-server-d,S,0,0,414310,214341,8,0,futex_do_wait
4924416606642121,3122810,qlever-server-d,S,6,34,408662490,156190847,3170,10,ep_poll
4924416606642121,3122811,qlever-server-d,S,7,39,470533497,141745672,3120,11,futex_do_wait
4924416606642121,3123964,qlever-server-d,S,0,0,7816992,13222338,228,14,futex_do_wait
4924416606642121,3123965,qlever-server-d,R,988,3,9923347648,28357857,271,8,0
4924416606642121,0,__system__,-,1024727242,7867696527,0,0,0,-1,-
4924416626654659,3122254,qlever-server-d,S,991,1709,27010922485,9287664,1206,9,futex_do_wait
4924416626654659,3122258,qlever-server-d,S,0,0,4810703,817031,40,4,futex_do_wait
4924416626654659,3122806,qlever-server-d,R,3771,9,37809946898,13755197,365,9,0
4924416626654659,3122807,qlever-server-d,S,0,0,10120,0,1,1,futex_do_wait
4924416626654659,3122808,qlever-server-d,S,0,0,93120,0,4,9,ep_poll
4924416626654659,3122809,qlever-server-d,S,0,0,414310,214341,8,0,futex_do_wait
4924416626654659,3122810,qlever-server-d,S,6,34,408683040,156324497,3171,2,ep_poll
4924416626654659,3122811,qlever-server-d,S,7,39,470862687,141745672,3121,2,futex_do_wait
4924416626654659,3123964,qlever-server-d,S,0,0,7856962,13222338,229,14,futex_do_wait
4924416626654659,3123965,qlever-server-d,R,990,3,9943346200,28357857,271,8,0
4924416626654659,0,__system__,-,1024727263,7867696559,0,0,0,-1,-
4924416646643638,3122254,qlever-server-d,S,991,1709,27010922485,9287664,1206,9,futex_do_wait
4924416646643638,3122258,qlever-server-d,S,0,0,4810703,817031,40,4,futex_do_wait
4924416646643638,3122806,qlever-server-d,R,3773,9,37829947499,13755197,365,9,0
4924416646643638,3122807,qlever-server-d,S,0,0,10120,0,1,1,futex_do_wait
4924416646643638,3122808,qlever-server-d,S,0,0,93120,0,4,9,ep_poll
4924416646643638,3122809,qlever-server-d,S,0,0,414310,214341,8,0,futex_do_wait
4924416646643638,3122810,qlever-server-d,S,6,34,408708690,156615028,3172,2,ep_poll
4924416646643638,3122811,qlever-server-d,S,7,39,471210098,141745672,3122,3,futex_do_wait
4924416646643638,3123964,qlever-server-d,S,0,0,7856962,13222338,229,14,futex_do_wait
4924416646643638,3123965,qlever-server-d,R,992,3,9963313261,28391117,272,8,0
4924416646643638,0,__system__,-,1024727282,7867696590,0,0,0,-1,-
4924416666633067,3122254,qlever-server-d,S,991,1709,27010922485,9287664,1206,9,futex_do_wait
4924416666633067,3122258,qlever-server-d,S,0,0,4810703,817031,40,4,futex_do_wait
4924416666633067,3122806,qlever-server-d,R,3775,9,37849947170,13755197,365,9,0
4924416666633067,3122807,qlever-server-d,S,0,0,10120,0,1,1,futex_do_wait
4924416666633067,3122808,qlever-server-d,S,0,0,93120,0,4,9,ep_poll
4924416666633067,3122809,qlever-server-d,S,0,0,414310,214341,8,0,futex_do_wait
4924416666633067,3122810,qlever-server-d,S,6,34,408708690,156615028,3172,2,ep_poll
4924416666633067,3122811,qlever-server-d,S,7,39,471210098,141745672,3122,3,futex_do_wait
4924416666633067,3123964,qlever-server-d,S,0,0,7856962,13222338,229,14,0
4924416666633067,3123965,qlever-server-d,R,994,3,9983351492,28391117,272,8,0
4924416666633067,0,__system__,-,1024727303,7867696622,0,0,0,-1,-
4924416686645526,3122254,qlever-server-d,S,991,1709,27010922485,9287664,1206,9,futex_do_wait
4924416686645526,3122258,qlever-server-d,S,0,0,4810703,817031,40,4,futex_do_wait
4924416686645526,3122806,qlever-server-d,R,3777,9,37869948531,13755197,365,9,0
4924416686645526,3122807,qlever-server-d,S,0,0,10120,0,1,1,futex_do_wait
4924416686645526,3122808,qlever-server-d,S,0,0,93120,0,4,9,ep_poll
4924416686645526,3122809,qlever-server-d,S,0,0,414310,214341,8,0,futex_do_wait
4924416686645526,3122810,qlever-server-d,S,6,34,408758020,156767758,3175,2,ep_poll
4924416686645526,3122811,qlever-server-d,S,7,39,471919888,141745672,3124,11,futex_do_wait
4924416686645526,3123964,qlever-server-d,S,0,0,7894192,13222338,230,14,futex_do_wait
4924416686645526,3123965,qlever-server-d,R,996,3,10003313573,28391117,272,8,0
4924416686645526,0,__system__,-,1024727324,7867696654,0,0,0,-1,-
4924416706642145,3122254,qlever-server-d,S,991,1709,27010922485,9287664,1206,9,futex_do_wait
4924416706642145,3122258,qlever-server-d,S,0,0,4810703,817031,40,4,futex_do_wait
4924416706642145,3122806,qlever-server-d,R,3779,9,37889947793,13755197,365,9,0
4924416706642145,3122807,qlever-server-d,S,0,0,10120,0,1,1,futex_do_wait
4924416706642145,3122808,qlever-server-d,S,0,0,93120,0,4,9,ep_poll
4924416706642145,3122809,qlever-server-d,S,0,0,414310,214341,8,0,futex_do_wait
4924416706642145,3122810,qlever-server-d,S,6,34,408758020,156767758,3175,2,ep_poll
4924416706642145,3122811,qlever-server-d,R,7,39,471919888,141745672,3125,2,0
4924416706642145,3123964,qlever-server-d,S,0,0,7894192,13222338,230,14,futex_do_wait
4924416706642145,3123965,qlever-server-d,R,998,3,10023390674,28391117,272,8,0
4924416706642145,0,__system__,-,1024727345,7867696686,0,0,0,-1,-
4924416726639433,3122254,qlever-server-d,S,991,1709,27010922485,9287664,1206,9,futex_do_wait
4924416726639433,3122258,qlever-server-d,S,0,0,4810703,817031,40,4,futex_do_wait
4924416726639433,3122806,qlever-server-d,R,3781,9,37909949124,13755197,365,9,0
4924416726639433,3122807,qlever-server-d,S,0,0,10120,0,1,1,futex_do_wait
4924416726639433,3122808,qlever-server-d,S,0,0,93120,0,4,9,ep_poll
4924416726639433,3122809,qlever-server-d,S,0,0,414310,214341,8,0,futex_do_wait
4924416726639433,3122810,qlever-server-d,S,6,34,408781180,156911718,3176,2,ep_poll
4924416726639433,3122811,qlever-server-d,S,7,39,472280398,141745672,3125,2,futex_do_wait
4924416726639433,3123964,qlever-server-d,S,0,0,7931792,13222338,231,14,futex_do_wait
4924416726639433,3123965,qlever-server-d,R,1000,3,10043530135,28391117,272,8,0
4924416726639433,0,__system__,-,1024727368,7867696719,0,0,0,-1,-
4924416746640882,3122254,qlever-server-d,S,991,1709,27010922485,9287664,1206,9,futex_do_wait
4924416746640882,3122258,qlever-server-d,S,0,0,4810703,817031,40,4,futex_do_wait
4924416746640882,3122806,qlever-server-d,R,3783,9,37929946545,13755197,365,9,0
4924416746640882,3122807,qlever-server-d,S,0,0,10120,0,1,1,futex_do_wait
4924416746640882,3122808,qlever-server-d,S,0,0,93120,0,4,9,ep_poll
4924416746640882,3122809,qlever-server-d,S,0,0,414310,214341,8,0,futex_do_wait
4924416746640882,3122810,qlever-server-d,S,6,34,408851670,156921008,3180,10,ep_poll
4924416746640882,3122811,qlever-server-d,S,7,39,472967568,141745672,3127,2,futex_do_wait
4924416746640882,3123964,qlever-server-d,S,0,0,7931792,13222338,231,14,futex_do_wait
4924416746640882,3123965,qlever-server-d,R,1002,3,10063313756,28391117,272,8,0
4924416746640882,0,__system__,-,1024727388,7867696749,0,0,0,-1,-
4924416766648151,3122254,qlever-server-d,S,991,1709,27010922485,9287664,1206,9,futex_do_wait
4924416766648151,3122258,qlever-server-d,S,0,0,4810703,817031,40,4,futex_do_wait
4924416766648151,3122806,qlever-server-d,R,3785,9,37949947276,13755197,365,9,0
4924416766648151,3122807,qlever-server-d,S,0,0,10120,0,1,1,futex_do_wait
4924416766648151,3122808,qlever-server-d,S,0,0,93120,0,4,9,ep_poll
4924416766648151,3122809,qlever-server-d,S,0,0,414310,214341,8,0,futex_do_wait
4924416766648151,3122810,qlever-server-d,S,6,34,408851670,156921008,3180,10,ep_poll
4924416766648151,3122811,qlever-server-d,S,7,39,472967568,141745672,3127,2,futex_do_wait
4924416766648151,3123964,qlever-server-d,S,0,0,7931792,13222338,231,14,futex_do_wait
4924416766648151,3123965,qlever-server-d,R,1004,3,10083314517,28391117,272,8,0
4924416766648151,0,__system__,-,1024727408,7867696781,0,0,0,-1,-
4924416786654590,3122254,qlever-server-d,S,991,1709,27010922485,9287664,1206,9,futex_do_wait
4924416786654590,3122258,qlever-server-d,S,0,0,4810703,817031,40,4,futex_do_wait
4924416786654590,3122806,qlever-server-d,R,3787,9,37969919697,13782797,366,9,0
4924416786654590,3122807,qlever-server-d,S,0,0,10120,0,1,1,futex_do_wait
4924416786654590,3122808,qlever-server-d,S,0,0,93120,0,4,9,ep_poll
4924416786654590,3122809,qlever-server-d,S,0,0,414310,214341,8,0,futex_do_wait
4924416786654590,3122810,qlever-server-d,S,6,34,408902500,156921008,3182,11,ep_poll
4924416786654590,3122811,qlever-server-d,S,7,39,473338688,141745672,3128,2,futex_do_wait
4924416786654590,3123964,qlever-server-d,S,0,0,7978292,13222338,232,4,futex_do_wait
4924416786654590,3123965,qlever-server-d,R,1006,3,10103314129,28391117,272,8,0
4924416786654590,0,__system__,-,1024727429,7867696813,0,0,0,-1,-
4924416806642949,3122254,qlever-server-d,S,991,1709,27010922485,9287664,1206,9,futex_do_wait
4924416806642949,3122258,qlever-server-d,S,0,0,4810703,817031,40,4,futex_do_wait
4924416806642949,3122806,qlever-server-d,R,3789,9,37989920108,13782797,366,9,0
4924416806642949,3122807,qlever-server-d,S,0,0,10120,0,1,1,futex_do_wait
4924416806642949,3122808,qlever-server-d,S,0,0,93120,0,4,9,ep_poll
4924416806642949,3122809,qlever-server-d,S,0,0,414310,214341,8,0,futex_do_wait
4924416806642949,3122810,qlever-server-d,S,6,34,408941770,156921008,3184,10,ep_poll
4924416806642949,3122811,qlever-server-d,S,7,39,473669869,141745672,3129,2,futex_do_wait
4924416806642949,3123964,qlever-server-d,S,0,0,7978292,13222338,232,4,futex_do_wait
4924416806642949,3123965,qlever-server-d,R,1008,3,10123316070,28391117,272,8,0
4924416806642949,0,__system__,-,1024727450,7867696845,0,0,0,-1,-
4924416826639797,3122254,qlever-server-d,S,991,1709,27010922485,9287664,1206,9,futex_do_wait
4924416826639797,3122258,qlever-server-d,S,0,0,4810703,817031,40,4,futex_do_wait
4924416826639797,3122806,qlever-server-d,R,3791,9,38009894109,13810287,367,9,0
4924416826639797,3122807,qlever-server-d,S,0,0,10120,0,1,1,futex_do_wait
4924416826639797,3122808,qlever-server-d,S,0,0,93120,0,4,9,ep_poll
4924416826639797,3122809,qlever-server-d,S,0,0,414310,214341,8,0,futex_do_wait
4924416826639797,3122810,qlever-server-d,S,6,34,408976420,156921008,3186,10,ep_poll
4924416826639797,3122811,qlever-server-d,S,7,39,474021449,141745672,3130,3,futex_do_wait
4924416826639797,3123964,qlever-server-d,S,0,0,8018772,13222338,233,4,futex_do_wait
4924416826639797,3123965,qlever-server-d,R,1010,3,10143263971,28444507,273,8,0
4924416826639797,0,__system__,-,1024727470,7867696877,0,0,0,-1,-
4924416846649596,3122254,qlever-server-d,S,991,1709,27010922485,9287664,1206,9,futex_do_wait
4924416846649596,3122258,qlever-server-d,S,0,0,4810703,817031,40,4,futex_do_wait
4924416846649596,3122806,qlever-server-d,R,3793,9,38029867850,13837417,368,9,0
4924416846649596,3122807,qlever-server-d,S,0,0,10120,0,1,1,futex_do_wait
4924416846649596,3122808,qlever-server-d,S,0,0,93120,0,4,9,ep_poll
4924416846649596,3122809,qlever-server-d,S,0,0,414310,214341,8,0,futex_do_wait
4924416846649596,3122810,qlever-server-d,S,6,34,409044170,157161708,3191,2,futex_do_wait
4924416846649596,3122811,qlever-server-d,S,7,39,474491450,142034722,3138,2,ep_poll
4924416846649596,3123964,qlever-server-d,S,0,0,8018772,13222338,233,4,futex_do_wait
4924416846649596,3123965,qlever-server-d,R,1012,3,10163261952,28444507,273,8,0
4924416846649596,0,__system__,-,1024727492,7867696909,0,0,0,-1,-
4924416866636755,3122254,qlever-server-d,S,991,1709,27010922485,9287664,1206,9,futex_do_wait
4924416866636755,3122258,qlever-server-d,S,0,0,4810703,817031,40,4,futex_do_wait
4924416866636755,3122806,qlever-server-d,R,3795,9,38049864881,13837417,368,9,0
4924416866636755,3122807,qlever-server-d,S,0,0,10120,0,1,1,futex_do_wait
4924416866636755,3122808,qlever-server-d,S,0,0,93120,0,4,9,ep_poll
4924416866636755,3122809,qlever-server-d,S,0,0,414310,214341,8,0,futex_do_wait
4924416866636755,3122810,qlever-server-d,S,6,34,409514170,157613688,3192,13,futex_do_wait
4924416866636755,3122811,qlever-server-d,S,7,39,474538840,142034722,3140,2,ep_poll
4924416866636755,3123964,qlever-server-d,S,0,0,8018772,13222338,233,4,futex_do_wait
4924416866636755,3123965,qlever-server-d,R,1014,3,10183262183,28444507,273,8,0
4924416866636755,0,__system__,-,1024727513,7867696940,0,0,0,-1,-
4924416886655324,3122254,qlever-server-d,S,991,1709,27010922485,9287664,1206,9,futex_do_wait
4924416886655324,3122258,qlever-server-d,S,0,0,4810703,817031,40,4,futex_do_wait
4924416886655324,3122806,qlever-server-d,R,3797,9,38069865793,13837417,368,9,0
4924416886655324,3122807,qlever-server-d,S,0,0,10120,0,1,1,futex_do_wait
4924416886655324,3122808,qlever-server-d,S,0,0,93120,0,4,9,ep_poll
4924416886655324,3122809,qlever-server-d,S,0,0,414310,214341,8,0,futex_do_wait
4924416886655324,3122810,qlever-server-d,S,6,34,409951280,157613688,3193,14,futex_do_wait
4924416886655324,3122811,qlever-server-d,S,7,39,474583760,142034722,3142,3,ep_poll
4924416886655324,3123964,qlever-server-d,S,0,0,8048502,13222338,234,5,futex_do_wait
4924416886655324,3123965,qlever-server-d,R,1016,3,10203261814,28444507,273,8,0
4924416886655324,0,__system__,-,1024727533,7867696972,0,0,0,-1,-
4924416906635143,3122254,qlever-server-d,S,991,1709,27010922485,9287664,1206,9,futex_do_wait
4924416906635143,3122258,qlever-server-d,S,0,0,4810703,817031,40,4,futex_do_wait
4924416906635143,3122806,qlever-server-d,R,3799,9,38089847304,13856227,369,9,0
4924416906635143,3122807,qlever-server-d,S,0,0,10120,0,1,1,futex_do_wait
4924416906635143,3122808,qlever-server-d,S,0,0,93120,0,4,9,ep_poll
4924416906635143,3122809,qlever-server-d,S,0,0,414310,214341,8,0,futex_do_wait
4924416906635143,3122810,qlever-server-d,S,6,34,410401470,157613688,3194,14,futex_do_wait
4924416906635143,3122811,qlever-server-d,S,7,39,474634010,142034722,3144,3,ep_poll
4924416906635143,3123964,qlever-server-d,S,0,0,8048502,13222338,234,5,futex_do_wait
4924416906635143,3123965,qlever-server-d,R,1018,3,10223238655,28467497,274,8,0
4924416906635143,0,__system__,-,1024727554,7867697004,0,0,0,-1,-
4924416926630622,3122254,qlever-server-d,S,991,1709,27010922485,9287664,1206,9,futex_do_wait
4924416926630622,3122258,qlever-server-d,S,0,0,4810703,817031,40,4,futex_do_wait
4924416926630622,3122806,qlever-server-d,R,3801,9,38109848405,13856227,369,9,0
4924416926630622,3122807,qlever-server-d,S,0,0,10120,0,1,1,futex_do_wait
4924416926630622,3122808,qlever-server-d,S,0,0,93120,0,4,9,ep_poll
4924416926630622,3122809,qlever-server-d,S,0,0,414310,214341,8,0,futex_do_wait
4924416926630622,3122810,qlever-server-d,S,6,34,410869840,157613688,3195,14,futex_do_wait
4924416926630622,3122811,qlever-server-d,S,7,39,474690660,142034722,3146,0,ep_poll
4924416926630622,3123964,qlever-server-d,S,0,0,8077902,13222338,235,5,futex_do_wait
4924416926630622,3123965,qlever-server-d,R,1020,3,10243238826,28467497,274,8,0
4924416926630622,0,__system__,-,1024727575,7867697036,0,0,0,-1,-
4924416946642220,3122254,qlever-server-d,S,991,1709,27010922485,9287664,1206,9,futex_do_wait
4924416946642220,3122258,qlever-server-d,S,0,0,4810703,817031,40,4,futex_do_wait
4924416946642220,3122806,qlever-server-d,R,3803,9,38129847366,13856227,369,9,0
4924416946642220,3122807,qlever-server-d,S,0,0,10120,0,1,1,futex_do_wait
4924416946642220,3122808,qlever-server-d,S,0,0,93120,0,4,9,ep_poll
4924416946642220,3122809,qlever-server-d,S,0,0,414310,214341,8,0,futex_do_wait
4924416946642220,3122810,qlever-server-d,S,6,35,411306510,157613688,3196,13,futex_do_wait
4924416946642220,3122811,qlever-server-d,S,7,40,474741870,142034722,3148,0,ep_poll
4924416946642220,3123964,qlever-server-d,S,0,0,8077902,13222338,235,5,futex_do_wait
4924416946642220,3123965,qlever-server-d,R,1022,3,10263238757,28467497,274,8,0
4924416946642220,0,__system__,-,1024727595,7867697068,0,0,0,-1,-
4924416966631459,3122254,qlever-server-d,S,991,1709,27010922485,9287664,1206,9,futex_do_wait
4924416966631459,3122258,qlever-server-d,S,0,0,4810703,817031,40,4,futex_do_wait
4924416966631459,3122806,qlever-server-d,R,3805,9,38149848287,13856227,369,9,0
4924416966631459,3122807,qlever-server-d,S,0,0,10120,0,1,1,futex_do_wait
4924416966631459,3122808,qlever-server-d,S,0,0,93120,0,4,9,ep_poll
4924416966631459,3122809,qlever-server-d,S,0,0,414310,214341,8,0,futex_do_wait
4924416966631459,3122810,qlever-server-d,S,6,35,411726110,157613688,3197,14,futex_do_wait
4924416966631459,3122811,qlever-server-d,S,7,40,474787270,142034722,3150,0,ep_poll
4924416966631459,3123964,qlever-server-d,S,0,0,8077902,13222338,235,5,futex_do_wait
4924416966631459,3123965,qlever-server-d,R,1024,3,10283201289,28505027,275,8,0
4924416966631459,0,__system__,-,1024727617,7867697100,0,0,0,-1,-
4924416986634158,3122254,qlever-server-d,S,991,1709,27010922485,9287664,1206,9,futex_do_wait
4924416986634158,3122258,qlever-server-d,S,0,0,4810703,817031,40,4,futex_do_wait
4924416986634158,3122806,qlever-server-d,R,3807,9,38169849288,13856227,369,9,0
4924416986634158,3122807,qlever-server-d,S,0,0,10120,0,1,1,futex_do_wait
4924416986634158,3122808,qlever-server-d,S,0,0,93120,0,4,9,ep_poll
4924416986634158,3122809,qlever-server-d,S,0,0,414310,214341,8,0,futex_do_wait
4924416986634158,3122810,qlever-server-d,S,6,35,412171160,157613688,3198,15,futex_do_wait
4924416986634158,3122811,qlever-server-d,S,7,40,474839680,142034722,3152,10,ep_poll
4924416986634158,3123964,qlever-server-d,S,0,0,8110882,14297638,236,5,futex_do_wait
4924416986634158,3123965,qlever-server-d,R,1026,3,10303202920,28505027,275,8,0
4924416986634158,0,__system__,-,1024727637,7867697130,0,0,0,-1,-
4924417006640107,3122254,qlever-server-d,S,991,1709,27010922485,9287664,1206,9,futex_do_wait
4924417006640107,3122258,qlever-server-d,S,0,0,4810703,817031,40,4,futex_do_wait
4924417006640107,3122806,qlever-server-d,R,3809,9,38189849009,13856227,369,9,0
4924417006640107,3122807,qlever-server-d,S,0,0,10120,0,1,1,futex_do_wait
4924417006640107,3122808,qlever-server-d,S,0,0,93120,0,4,9,ep_poll
4924417006640107,3122809,qlever-server-d,S,0,0,414310,214341,8,0,futex_do_wait
4924417006640107,3122810,qlever-server-d,S,6,35,412661250,157613688,3199,4,futex_do_wait
4924417006640107,3122811,qlever-server-d,S,7,40,474892770,142034722,3154,0,ep_poll
4924417006640107,3123964,qlever-server-d,S,0,0,8110882,14297638,236,5,futex_do_wait
4924417006640107,3123965,qlever-server-d,R,1028,3,10323203301,28505027,275,8,0
4924417006640107,0,__system__,-,1024727658,7867697162,0,0,0,-1,-
4924417026642126,3122254,qlever-server-d,S,991,1709,27010922485,9287664,1206,9,futex_do_wait
4924417026642126,3122258,qlever-server-d,S,0,0,4810703,817031,40,4,futex_do_wait
4924417026642126,3122806,qlever-server-d,R,3811,9,38209851500,13856227,369,9,0
4924417026642126,3122807,qlever-server-d,S,0,0,10120,0,1,1,futex_do_wait
4924417026642126,3122808,qlever-server-d,S,0,0,93120,0,4,9,ep_poll
4924417026642126,3122809,qlever-server-d,S,0,0,414310,214341,8,0,futex_do_wait
4924417026642126,3122810,qlever-server-d,S,6,35,413050521,157680508,3200,8,futex_do_wait
4924417026642126,3122811,qlever-server-d,S,7,40,474935030,142034722,3156,1,ep_poll
4924417026642126,3123964,qlever-server-d,S,0,0,8146372,14297638,237,5,futex_do_wait
4924417026642126,3123965,qlever-server-d,R,1030,3,10342814581,28894298,276,8,0
4924417026642126,0,__system__,-,1024727678,7867697193,0,0,0,-1,-
4924417046637284,3122254,qlever-server-d,S,991,1709,27010922485,9287664,1206,9,futex_do_wait
4924417046637284,3122258,qlever-server-d,S,0,0,4810703,817031,40,4,futex_do_wait
4924417046637284,3122806,qlever-server-d,R,3813,9,38229848571,13856227,369,9,0
4924417046637284,3122807,qlever-server-d,S,0,0,10120,0,1,1,futex_do_wait
4924417046637284,3122808,qlever-server-d,S,0,0,93120,0,4,9,ep_poll
4924417046637284,3122809,qlever-server-d,S,0,0,414310,214341,8,0,futex_do_wait
4924417046637284,3122810,qlever-server-d,S,6,35,413374551,157680508,3201,10,futex_do_wait
4924417046637284,3122811,qlever-server-d,S,7,40,474972840,142034722,3158,2,ep_poll
4924417046637284,3123964,qlever-server-d,S,0,0,8146372,14297638,237,5,futex_do_wait
4924417046637284,3123965,qlever-server-d,R,1032,3,10362813582,28894298,276,8,0
4924417046637284,0,__system__,-,1024727699,7867697226,0,0,0,-1,-
4924417066645863,3122254,qlever-server-d,S,991,1709,27010922485,9287664,1206,9,futex_do_wait
4924417066645863,3122258,qlever-server-d,S,0,0,4810703,817031,40,4,futex_do_wait
4924417066645863,3122806,qlever-server-d,R,3815,9,38249849143,13856227,369,9,0
4924417066645863,3122807,qlever-server-d,S,0,0,10120,0,1,1,futex_do_wait
4924417066645863,3122808,qlever-server-d,S,0,0,93120,0,4,9,ep_poll
4924417066645863,3122809,qlever-server-d,S,0,0,414310,214341,8,0,futex_do_wait
4924417066645863,3122810,qlever-server-d,S,6,35,413752791,157680508,3202,10,futex_do_wait
4924417066645863,3122811,qlever-server-d,S,7,40,475013750,142034722,3160,11,ep_poll
4924417066645863,3123964,qlever-server-d,S,0,0,8146372,14297638,237,5,futex_do_wait
4924417066645863,3123965,qlever-server-d,R,1034,3,10382815603,28894298,276,8,0
4924417066645863,0,__system__,-,1024727720,7867697258,0,0,0,-1,-
4924417086645652,3122254,qlever-server-d,S,991,1709,27010922485,9287664,1206,9,futex_do_wait
4924417086645652,3122258,qlever-server-d,S,0,0,4810703,817031,40,4,futex_do_wait
4924417086645652,3122806,qlever-server-d,R,3817,9,38269848624,13856227,369,9,0
4924417086645652,3122807,qlever-server-d,S,0,0,10120,0,1,1,futex_do_wait
4924417086645652,3122808,qlever-server-d,S,0,0,93120,0,4,9,ep_poll
4924417086645652,3122809,qlever-server-d,S,0,0,414310,214341,8,0,futex_do_wait
4924417086645652,3122810,qlever-server-d,S,6,35,414104612,157680508,3203,0,futex_do_wait
4924417086645652,3122811,qlever-server-d,S,7,40,475057400,142034722,3162,1,ep_poll
4924417086645652,3123964,qlever-server-d,S,0,0,8183792,14297638,238,5,futex_do_wait
4924417086645652,3123965,qlever-server-d,R,1036,3,10402816424,28894298,276,8,0
4924417086645652,0,__system__,-,1024727741,7867697290,0,0,0,-1,-
4924417106638701,3122254,qlever-server-d,S,991,1709,27010922485,9287664,1206,9,futex_do_wait
4924417106638701,3122258,qlever-server-d,S,0,0,4810703,817031,40,4,futex_do_wait
4924417106638701,3122806,qlever-server-d,R,3819,9,38289847825,13856227,369,9,0
4924417106638701,3122807,qlever-server-d,S,0,0,10120,0,1,1,futex_do_wait
4924417106638701,3122808,qlever-server-d,S,0,0,93120,0,4,9,ep_poll
4924417106638701,3122809,qlever-server-d,S,0,0,414310,214341,8,0,futex_do_wait
4924417106638701,3122810,qlever-server-d,S,6,35,414455102,157680508,3204,0,futex_do_wait
4924417106638701,3122811,qlever-server-d,S,7,40,475083670,142518112,3163,1,ep_poll
4924417106638701,3123964,qlever-server-d,S,0,0,8183792,14297638,238,5,futex_do_wait
4924417106638701,3123965,qlever-server-d,R,1038,3,10422814125,28894298,276,8,0
4924417106638701,0,__system__,-,1024727762,7867697320,0,0,0,-1,-
4924417126657019,3122254,qlever-server-d,S,991,1709,27010922485,9287664,1206,9,futex_do_wait
4924417126657019,3122258,qlever-server-d,S,0,0,4810703,817031,40,4,futex_do_wait
4924417126657019,3122806,qlever-server-d,R,3821,9,38309847626,13856227,369,9,0
4924417126657019,3122807,qlever-server-d,S,0,0,10120,0,1,1,futex_do_wait
4924417126657019,3122808,qlever-server-d,S,0,0,93120,0,4,9,ep_poll
4924417126657019,3122809,qlever-server-d,S,0,0,414310,214341,8,0,futex_do_wait
4924417126657019,3122810,qlever-server-d,S,6,35,414818532,157693628,3206,3,futex_do_wait
4924417126657019,3122811,qlever-server-d,S,7,40,475127770,142518112,3165,11,ep_poll
4924417126657019,3123964,qlever-server-d,S,0,0,8223012,14297638,239,7,futex_do_wait
4924417126657019,3123965,qlever-server-d,R,1040,3,10442812886,28894298,276,8,0
4924417126657019,0,__system__,-,1024727783,7867697352,0,0,0,-1,-
4924417146649038,3122254,qlever-server-d,S,991,1709,27010922485,9287664,1206,9,futex_do_wait
4924417146649038,3122258,qlever-server-d,S,0,0,4810703,817031,40,4,futex_do_wait
4924417146649038,3122806,qlever-server-d,R,3823,9,38329847727,13856227,369,9,0
4924417146649038,3122807,qlever-server-d,S,0,0,10120,0,1,1,futex_do_wait
4924417146649038,3122808,qlever-server-d,S,0,0,93120,0,4,9,ep_poll
4924417146649038,3122809,qlever-server-d,S,0,0,414310,214341,8,0,futex_do_wait
4924417146649038,3122810,qlever-server-d,S,6,35,415560583,157693628,3208,11,futex_do_wait
4924417146649038,3122811,qlever-server-d,S,7,40,475206430,142518112,3169,0,ep_poll
4924417146649038,3123964,qlever-server-d,S,0,0,8223012,14297638,239,7,futex_do_wait
4924417146649038,3123965,qlever-server-d,R,1042,3,10462815168,28894298,276,8,0
4924417146649038,0,__system__,-,1024727805,7867697386,0,0,0,-1,-
4924417166648037,3122254,qlever-server-d,S,991,1709,27010922485,9287664,1206,9,futex_do_wait
4924417166648037,3122258,qlever-server-d,S,0,0,4810703,817031,40,4,futex_do_wait
4924417166648037,3122806,qlever-server-d,R,3825,9,38349831488,13874047,370,9,0
4924417166648037,3122807,qlever-server-d,S,0,0,10120,0,1,1,futex_do_wait
4924417166648037,3122808,qlever-server-d,S,0,0,93120,0,4,9,ep_poll
4924417166648037,3122809,qlever-server-d,S,0,0,414310,214341,8,0,futex_do_wait
4924417166648037,3122810,qlever-server-d,S,6,35,415929173,157693628,3209,0,futex_do_wait
4924417166648037,3122811,qlever-server-d,S,7,40,475252460,142518112,3171,11,ep_poll
4924417166648037,3123964,qlever-server-d,S,0,0,8223012,14297638,239,7,futex_do_wait
4924417166648037,3123965,qlever-server-d,R,1044,3,10482562959,29146638,277,8,0
4924417166648037,0,__system__,-,1024727825,7867697417,0,0,0,-1,-
4924417186644886,3122254,qlever-server-d,S,991,1709,27010922485,9287664,1206,9,futex_do_wait
4924417186644886,3122258,qlever-server-d,S,0,0,4810703,817031,40,4,futex_do_wait
4924417186644886,3122806,qlever-server-d,R,3827,9,38369831159,13874047,370,9,0
4924417186644886,3122807,qlever-server-d,S,0,0,10120,0,1,1,futex_do_wait
4924417186644886,3122808,qlever-server-d,S,0,0,93120,0,4,9,ep_poll
4924417186644886,3122809,qlever-server-d,S,0,0,414310,214341,8,0,futex_do_wait
4924417186644886,3122810,qlever-server-d,S,6,35,416308933,157693628,3210,0,futex_do_wait
4924417186644886,3122811,qlever-server-d,S,7,40,475283990,143657653,3172,11,ep_poll
4924417186644886,3123964,qlever-server-d,S,0,0,8257562,14297638,240,14,futex_do_wait
4924417186644886,3123965,qlever-server-d,R,1046,3,10502563240,29146638,277,8,0
4924417186644886,0,__system__,-,1024727846,7867697449,0,0,0,-1,-
4924417206639635,3122254,qlever-server-d,S,991,1709,27010922485,9287664,1206,9,futex_do_wait
4924417206639635,3122258,qlever-server-d,S,0,0,4810703,817031,40,4,futex_do_wait
4924417206639635,3122806,qlever-server-d,R,3829,9,38389831890,13874047,370,9,0
4924417206639635,3122807,qlever-server-d,S,0,0,10120,0,1,1,futex_do_wait
4924417206639635,3122808,qlever-server-d,S,0,0,93120,0,4,9,ep_poll
4924417206639635,3122809,qlever-server-d,S,0,0,414310,214341,8,0,futex_do_wait
4924417206639635,3122810,qlever-server-d,S,6,35,416673263,157693628,3211,0,futex_do_wait
4924417206639635,3122811,qlever-server-d,S,7,40,475325290,143657653,3174,11,ep_poll
4924417206639635,3123964,qlever-server-d,S,0,0,8257562,14297638,240,14,futex_do_wait
4924417206639635,3123965,qlever-server-d,R,1048,3,10522562961,29146638,277,8,0
4924417206639635,0,__system__,-,1024727866,7867697480,0,0,0,-1,-
4924417226645614,3122254,qlever-server-d,S,991,1709,27010922485,9287664,1206,9,futex_do_wait
4924417226645614,3122258,qlever-server-d,S,0,0,4810703,817031,40,4,futex_do_wait
4924417226645614,3122806,qlever-server-d,R,3831,9,38409832371,13874047,370,9,0
4924417226645614,3122807,qlever-server-d,S,0,0,10120,0,1,1,futex_do_wait
4924417226645614,3122808,qlever-server-d,S,0,0,93120,0,4,9,ep_poll
4924417226645614,3122809,qlever-server-d,S,0,0,414310,214341,8,0,futex_do_wait
4924417226645614,3122810,qlever-server-d,S,6,35,417025193,157693628,3212,0,futex_do_wait
4924417226645614,3122811,qlever-server-d,S,7,40,475372500,143657653,3176,3,ep_poll
4924417226645614,3123964,qlever-server-d,S,0,0,8300822,14297638,241,7,futex_do_wait
4924417226645614,3123965,qlever-server-d,R,1050,3,10542563242,29146638,277,8,0
4924417226645614,0,__system__,-,1024727889,7867697513,0,0,0,-1,-
4924417246639313,3122254,qlever-server-d,S,991,1709,27010922485,9287664,1206,9,futex_do_wait
4924417246639313,3122258,qlever-server-d,S,0,0,4810703,817031,40,4,futex_do_wait
4924417246639313,3122806,qlever-server-d,R,3833,9,38429832323,13874047,370,9,0
4924417246639313,3122807,qlever-server-d,S,0,0,10120,0,1,1,futex_do_wait
4924417246639313,3122808,qlever-server-d,S,0,0,93120,0,4,9,ep_poll
4924417246639313,3122809,qlever-server-d,S,0,0,414310,214341,8,0,futex_do_wait
4924417246639313,3122810,qlever-server-d,S,6,35,417407583,157693628,3213,0,futex_do_wait
4924417246639313,3122811,qlever-server-d,S,7,40,475416210,143657653,3178,11,ep_poll
4924417246639313,3123964,qlever-server-d,S,0,0,8300822,14297638,241,7,futex_do_wait
4924417246639313,3123965,qlever-server-d,R,1052,3,10562563643,29146638,277,8,0
4924417246639313,0,__system__,-,1024727910,7867697545,0,0,0,-1,-
4924417266641021,3122254,qlever-server-d,S,991,1709,27010922485,9287664,1206,9,futex_do_wait
4924417266641021,3122258,qlever-server-d,S,0,0,4810703,817031,40,4,futex_do_wait
4924417266641021,3122806,qlever-server-d,R,3835,9,38449833154,13874047,370,9,0
4924417266641021,3122807,qlever-server-d,S,0,0,10120,0,1,1,futex_do_wait
4924417266641021,3122808,qlever-server-d,S,0,0,93120,0,4,9,ep_poll
4924417266641021,3122809,qlever-server-d,S,0,0,414310,214341,8,0,futex_do_wait
4924417266641021,3122810,qlever-server-d,S,6,35,417779733,157693628,3214,0,futex_do_wait
4924417266641021,3122811,qlever-server-d,S,7,40,475452240,145553534,3179,3,ep_poll
4924417266641021,3123964,qlever-server-d,S,0,0,8300822,14297638,241,7,futex_do_wait
4924417266641021,3123965,qlever-server-d,R,1054,3,10582563674,29146638,277,8,0
4924417266641021,0,__system__,-,1024727931,7867697576,0,0,0,-1,-
4924417286635820,3122254,qlever-server-d,S,991,1709,27010922485,9287664,1206,9,futex_do_wait
4924417286635820,3122258,qlever-server-d,S,0,0,4810703,817031,40,4,futex_do_wait
4924417286635820,3122806,qlever-server-d,R,3837,9,38469832465,13874047,370,9,0
4924417286635820,3122807,qlever-server-d,S,0,0,10120,0,1,1,futex_do_wait
4924417286635820,3122808,qlever-server-d,S,0,0,93120,0,4,9,ep_poll
4924417286635820,3122809,qlever-server-d,S,0,0,414310,214341,8,0,futex_do_wait
4924417286635820,3122810,qlever-server-d,S,6,35,418171784,157693628,3215,0,futex_do_wait
4924417286635820,3122811,qlever-server-d,S,7,40,475475110,145718225,3180,0,ep_poll
4924417286635820,3123964,qlever-server-d,S,0,0,8334552,14297638,242,14,futex_do_wait
4924417286635820,3123965,qlever-server-d,R,1056,3,10602562985,29146638,277,8,0
4924417286635820,0,__system__,-,1024727952,7867697608,0,0,0,-1,-
4924417306634909,3122254,qlever-server-d,S,991,1709,27010922485,9287664,1206,9,futex_do_wait
4924417306634909,3122258,qlever-server-d,S,0,0,4810703,817031,40,4,futex_do_wait
4924417306634909,3122806,qlever-server-d,R,3839,9,38489834616,13874047,370,9,0
4924417306634909,3122807,qlever-server-d,S,0,0,10120,0,1,1,futex_do_wait
4924417306634909,3122808,qlever-server-d,S,0,0,93120,0,4,9,ep_poll
4924417306634909,3122809,qlever-server-d,S,0,0,414310,214341,8,0,futex_do_wait
4924417306634909,3122810,qlever-server-d,S,6,35,418507364,157713108,3217,2,futex_do_wait
4924417306634909,3122811,qlever-server-d,S,7,40,475531540,145721375,3183,10,ep_poll
4924417306634909,3123964,qlever-server-d,S,0,0,8334552,14297638,242,14,futex_do_wait
4924417306634909,3123965,qlever-server-d,R,1058,3,10622563326,29146638,277,8,0
4924417306634909,0,__system__,-,1024727971,7867697639,0,0,0,-1,-
4924417326632068,3122254,qlever-server-d,S,991,1709,27010922485,9287664,1206,9,futex_do_wait
4924417326632068,3122258,qlever-server-d,S,0,0,4810703,817031,40,4,futex_do_wait
4924417326632068,3122806,qlever-server-d,R,3841,9,38509833097,13874047,370,9,0
4924417326632068,3122807,qlever-server-d,S,0,0,10120,0,1,1,futex_do_wait
4924417326632068,3122808,qlever-server-d,S,0,0,93120,0,4,9,ep_poll
4924417326632068,3122809,qlever-server-d,S,0,0,414310,214341,8,0,futex_do_wait
4924417326632068,3122810,qlever-server-d,S,6,35,418830294,157713108,3218,3,futex_do_wait
4924417326632068,3122811,qlever-server-d,S,7,40,475577060,145721375,3185,0,ep_poll
4924417326632068,3123964,qlever-server-d,S,0,0,8371562,14297638,243,14,futex_do_wait
4924417326632068,3123965,qlever-server-d,R,1060,3,10642563118,29146638,277,8,0
4924417326632068,0,__system__,-,1024727992,7867697671,0,0,0,-1,-
4924417346637257,3122254,qlever-server-d,S,991,1709,27010922485,9287664,1206,9,futex_do_wait
4924417346637257,3122258,qlever-server-d,S,0,0,4810703,817031,40,4,futex_do_wait
4924417346637257,3122806,qlever-server-d,R,3843,9,38529834818,13874047,370,9,0
4924417346637257,3122807,qlever-server-d,S,0,0,10120,0,1,1,futex_do_wait
4924417346637257,3122808,qlever-server-d,S,0,0,93120,0,4,9,ep_poll
4924417346637257,3122809,qlever-server-d,S,0,0,414310,214341,8,0,futex_do_wait
4924417346637257,3122810,qlever-server-d,S,6,35,419249524,157713108,3219,11,futex_do_wait
4924417346637257,3122811,qlever-server-d,S,7,40,475607080,145725085,3187,0,ep_poll
4924417346637257,3123964,qlever-server-d,S,0,0,8371562,14297638,243,14,futex_do_wait
4924417346637257,3123965,qlever-server-d,R,1062,3,10662564279,29146638,277,8,0
4924417346637257,0,__system__,-,1024728015,7867697705,0,0,0,-1,-
4924417366647145,3122254,qlever-server-d,S,991,1709,27010922485,9287664,1206,9,futex_do_wait
4924417366647145,3122258,qlever-server-d,S,0,0,4810703,817031,40,4,futex_do_wait
4924417366647145,3122806,qlever-server-d,R,3845,9,38549835519,13874047,370,9,0
4924417366647145,3122807,qlever-server-d,S,0,0,10120,0,1,1,futex_do_wait
4924417366647145,3122808,qlever-server-d,S,0,0,93120,0,4,9,ep_poll
4924417366647145,3122809,qlever-server-d,S,0,0,414310,214341,8,0,futex_do_wait
4924417366647145,3122810,qlever-server-d,S,6,35,419626274,157713108,3220,11,futex_do_wait
4924417366647145,3122811,qlever-server-d,S,7,40,475630150,145902035,3188,11,ep_poll
4924417366647145,3123964,qlever-server-d,S,0,0,8371562,14297638,243,14,futex_do_wait
4924417366647145,3123965,qlever-server-d,R,1064,3,10682564120,29146638,277,8,0
4924417366647145,0,__system__,-,1024728036,7867697735,0,0,0,-1,-
4924417386640464,3122254,qlever-server-d,S,991,1709,27010922485,9287664,1206,9,futex_do_wait
4924417386640464,3122258,qlever-server-d,S,0,0,4810703,817031,40,4,futex_do_wait
4924417386640464,3122806,qlever-server-d,R,3847,9,38569832820,13874047,370,9,0
4924417386640464,3122807,qlever-server-d,S,0,0,10120,0,1,1,futex_do_wait
4924417386640464,3122808,qlever-server-d,S,0,0,93120,0,4,9,ep_poll
4924417386640464,3122809,qlever-server-d,S,0,0,414310,214341,8,0,futex_do_wait
4924417386640464,3122810,qlever-server-d,S,6,35,419975794,157713108,3221,11,futex_do_wait
4924417386640464,3122811,qlever-server-d,S,7,40,475668900,145902035,3190,1,ep_poll
4924417386640464,3123964,qlever-server-d,S,0,0,8404752,14297638,244,7,futex_do_wait
4924417386640464,3123965,qlever-server-d,R,1066,3,10702564541,29146638,277,8,0
4924417386640464,0,__system__,-,1024728056,7867697766,0,0,0,-1,-
4924417406641353,3122254,qlever-server-d,S,991,1709,27010922485,9287664,1206,9,futex_do_wait
4924417406641353,3122258,qlever-server-d,S,0,0,4810703,817031,40,4,futex_do_wait
4924417406641353,3122806,qlever-server-d,R,3849,9,38589833551,13874047,370,9,0
4924417406641353,3122807,qlever-server-d,S,0,0,10120,0,1,1,futex_do_wait
4924417406641353,3122808,qlever-server-d,S,0,0,93120,0,4,9,ep_poll
4924417406641353,3122809,qlever-server-d,S,0,0,414310,214341,8,0,futex_do_wait
4924417406641353,3122810,qlever-server-d,S,6,35,420367754,157713108,3222,11,futex_do_wait
4924417406641353,3122811,qlever-server-d,S,7,40,475708130,145902035,3192,10,ep_poll
4924417406641353,3123964,qlever-server-d,S,0,0,8404752,14297638,244,7,futex_do_wait
4924417406641353,3123965,qlever-server-d,R,1068,3,10722563892,29146638,277,8,0
4924417406641353,0,__system__,-,1024728076,7867697797,0,0,0,-1,-
4924417426654842,3122254,qlever-server-d,S,991,1709,27010922485,9287664,1206,9,futex_do_wait
4924417426654842,3122258,qlever-server-d,S,0,0,4810703,817031,40,4,futex_do_wait
4924417426654842,3122806,qlever-server-d,R,3851,9,38610559773,13874047,370,9,0
4924417426654842,3122807,qlever-server-d,S,0,0,10120,0,1,1,futex_do_wait
4924417426654842,3122808,qlever-server-d,S,0,0,93120,0,4,9,ep_poll
4924417426654842,3122809,qlever-server-d,S,0,0,414310,214341,8,0,futex_do_wait
4924417426654842,3122810,qlever-server-d,S,6,35,420705324,157713108,3223,3,futex_do_wait
4924417426654842,3122811,qlever-server-d,S,7,40,475747390,145902035,3194,10,ep_poll
4924417426654842,3123964,qlever-server-d,S,0,0,8441812,14297638,245,14,futex_do_wait
4924417426654842,3123965,qlever-server-d,R,1070,3,10742564533,29146638,277,8,0
4924417426654842,0,__system__,-,1024728097,7867697830,0,0,0,-1,-
4924417446640811,3122254,qlever-server-d,S,991,1709,27010922485,9287664,1206,9,futex_do_wait
4924417446640811,3122258,qlever-server-d,S,0,0,4810703,817031,40,4,futex_do_wait
4924417446640811,3122806,qlever-server-d,R,3853,9,38630589744,13874047,370,9,0
4924417446640811,3122807,qlever-server-d,S,0,0,10120,0,1,1,futex_do_wait
4924417446640811,3122808,qlever-server-d,S,0,0,93120,0,4,9,ep_poll
4924417446640811,3122809,qlever-server-d,S,0,0,414310,214341,8,0,futex_do_wait
4924417446640811,3122810,qlever-server-d,S,6,35,421163375,158435228,3224,3,futex_do_wait
4924417446640811,3122811,qlever-server-d,S,7,40,475773640,146247496,3195,10,ep_poll
4924417446640811,3123964,qlever-server-d,S,0,0,8441812,14297638,245,14,futex_do_wait
4924417446640811,3123965,qlever-server-d,R,1072,3,10762563884,29146638,277,8,0
4924417446640811,0,__system__,-,1024728118,7867697861,0,0,0,-1,-
4924417466642859,3122254,qlever-server-d,S,991,1709,27010922485,9287664,1206,9,futex_do_wait
4924417466642859,3122258,qlever-server-d,S,0,0,4810703,817031,40,4,futex_do_wait
4924417466642859,3122806,qlever-server-d,R,3855,9,38650521845,13874047,370,9,0
4924417466642859,3122807,qlever-server-d,S,0,0,10120,0,1,1,futex_do_wait
4924417466642859,3122808,qlever-server-d,S,0,0,93120,0,4,9,ep_poll
4924417466642859,3122809,qlever-server-d,S,0,0,414310,214341,8,0,futex_do_wait
4924417466642859,3122810,qlever-server-d,S,6,35,421593895,158435228,3225,3,futex_do_wait
4924417466642859,3122811,qlever-server-d,S,7,40,475817340,146247496,3197,2,ep_poll
4924417466642859,3123964,qlever-server-d,S,0,0,8441812,14297638,245,14,futex_do_wait
4924417466642859,3123965,qlever-server-d,R,1074,3,10782564895,29146638,277,8,0
4924417466642859,0,__system__,-,1024728140,7867697893,0,0,0,-1,-
4924417487193144,3122254,qlever-server-d,S,991,1709,27010922485,9287664,1206,9,futex_do_wait
4924417487193144,3122258,qlever-server-d,S,0,0,4810703,817031,40,4,futex_do_wait
4924417487193144,3122806,qlever-server-d,R,3857,9,38670833836,13874047,370,9,0
4924417487193144,3122807,qlever-server-d,S,0,0,10120,0,1,1,futex_do_wait
4924417487193144,3122808,qlever-server-d,S,0,0,93120,0,4,9,ep_poll
4924417487193144,3122809,qlever-server-d,S,0,0,414310,214341,8,0,futex_do_wait
4924417487193144,3122810,qlever-server-d,S,6,35,421949475,158435228,3226,3,futex_do_wait
4924417487193144,3122811,qlever-server-d,S,7,40,475840410,146645066,3198,2,ep_poll
4924417487193144,3123964,qlever-server-d,S,0,0,8478522,14297638,246,15,futex_do_wait
4924417487193144,3123965,qlever-server-d,R,1076,3,10802564996,29146638,277,8,0
4924417487193144,0,__system__,-,1024728163,7867697926,0,0,0,-1,-
4924417506648467,3122254,qlever-server-d,S,991,1709,27010922485,9287664,1206,9,futex_do_wait
4924417506648467,3122258,qlever-server-d,S,0,0,4810703,817031,40,4,futex_do_wait
4924417506648467,3122806,qlever-server-d,R,3859,9,38689833037,13874047,370,9,0
4924417506648467,3122807,qlever-server-d,S,0,0,10120,0,1,1,futex_do_wait
4924417506648467,3122808,qlever-server-d,S,0,0,93120,0,4,9,ep_poll
4924417506648467,3122809,qlever-server-d,S,0,0,414310,214341,8,0,futex_do_wait
4924417506648467,3122810,qlever-server-d,S,6,36,422340746,158435228,3227,3,futex_do_wait
4924417506648467,3122811,qlever-server-d,S,7,40,475862680,147543476,3199,2,ep_poll
4924417506648467,3123964,qlever-server-d,S,0,0,8478522,14297638,246,15,futex_do_wait
4924417506648467,3123965,qlever-server-d,R,1078,3,10822563518,29146638,277,8,0
4924417506648467,0,__system__,-,1024728184,7867697957,0,0,0,-1,-
4924417526643286,3122254,qlever-server-d,S,991,1709,27010922485,9287664,1206,9,futex_do_wait
4924417526643286,3122258,qlever-server-d,S,0,0,4810703,817031,40,4,futex_do_wait
4924417526643286,3122806,qlever-server-d,R,3861,9,38709834688,13874047,370,9,0
4924417526643286,3122807,qlever-server-d,S,0,0,10120,0,1,1,futex_do_wait
4924417526643286,3122808,qlever-server-d,S,0,0,93120,0,4,9,ep_poll
4924417526643286,3122809,qlever-server-d,S,0,0,414310,214341,8,0,futex_do_wait
4924417526643286,3122810,qlever-server-d,S,6,36,422751537,158435228,3228,11,futex_do_wait
4924417526643286,3122811,qlever-server-d,S,7,40,475885570,148102767,3200,2,ep_poll
4924417526643286,3123964,qlever-server-d,S,0,0,8515132,14297638,247,4,futex_do_wait
4924417526643286,3123965,qlever-server-d,R,1080,3,10842565279,29146638,277,8,0
4924417526643286,0,__system__,-,1024728204,7867697988,0,0,0,-1,-
4924417547328819,3122254,qlever-server-d,S,991,1709,27010922485,9287664,1206,9,futex_do_wait
4924417547328819,3122258,qlever-server-d,S,0,0,4810703,817031,40,4,futex_do_wait
4924417547328819,3122806,qlever-server-d,R,3863,9,38730834040,13874047,370,9,0
4924417547328819,3122807,qlever-server-d,S,0,0,10120,0,1,1,futex_do_wait
4924417547328819,3122808,qlever-server-d,S,0,0,93120,0,4,9,ep_poll
4924417547328819,3122809,qlever-server-d,S,0,0,414310,214341,8,0,futex_do_wait
4924417547328819,3122810,qlever-server-d,S,6,36,423494828,158435228,3230,3,futex_do_wait
4924417547328819,3122811,qlever-server-d,R,7,40,475956210,148102767,3203,1,0
4924417547328819,3123964,qlever-server-d,S,0,0,8515132,14297638,247,4,futex_do_wait
4924417547328819,3123965,qlever-server-d,R,1082,3,10862565080,29146638,277,8,0
4924417547328819,0,__system__,-,1024728226,7867698022,0,0,0,-1,-
4924417566644493,3122254,qlever-server-d,S,991,1709,27010922485,9287664,1206,9,futex_do_wait
4924417566644493,3122258,qlever-server-d,S,0,0,4810703,817031,40,4,futex_do_wait
4924417566644493,3122806,qlever-server-d,R,3865,9,38749836770,13874047,370,9,0
4924417566644493,3122807,qlever-server-d,S,0,0,10120,0,1,1,futex_do_wait
4924417566644493,3122808,qlever-server-d,S,0,0,93120,0,4,9,ep_poll
4924417566644493,3122809,qlever-server-d,S,0,0,414310,214341,8,0,futex_do_wait
4924417566644493,3122810,qlever-server-d,S,6,36,423846708,158435228,3231,3,futex_do_wait
4924417566644493,3122811,qlever-server-d,S,7,40,476019870,149363327,3206,10,ep_poll
4924417566644493,3123964,qlever-server-d,S,0,0,8515132,14297638,247,4,futex_do_wait
4924417566644493,3123965,qlever-server-d,R,1084,3,10882564761,29146638,277,8,0
4924417566644493,0,__system__,-,1024728245,7867698052,0,0,0,-1,-
4924417586637482,3122254,qlever-server-d,S,991,1709,27010922485,9287664,1206,9,futex_do_wait
4924417586637482,3122258,qlever-server-d,S,0,0,4810703,817031,40,4,futex_do_wait
4924417586637482,3122806,qlever-server-d,R,3867,9,38769833581,13874047,370,9,0
4924417586637482,3122807,qlever-server-d,S,0,0,10120,0,1,1,futex_do_wait
4924417586637482,3122808,qlever-server-d,S,0,0,93120,0,4,9,ep_poll
4924417586637482,3122809,qlever-server-d,S,0,0,414310,214341,8,0,futex_do_wait
4924417586637482,3122810,qlever-server-d,S,6,36,424226008,158435228,3232,3,futex_do_wait
4924417586637482,3122811,qlever-server-d,S,7,40,476062950,149363327,3208,10,ep_poll
4924417586637482,3123964,qlever-server-d,S,0,0,8550272,14297638,248,15,futex_do_wait
4924417586637482,3123965,qlever-server-d,R,1086,3,10902565242,29146638,277,8,0
4924417586637482,0,__system__,-,1024728266,7867698084,0,0,0,-1,-
4924417606685701,3122254,qlever-server-d,S,991,1709,27010922485,9287664,1206,9,futex_do_wait
4924417606685701,3122258,qlever-server-d,S,0,0,4810703,817031,40,4,futex_do_wait
4924417606685701,3122806,qlever-server-d,R,3869,9,38789835063,13874047,370,9,0
4924417606685701,3122807,qlever-server-d,S,0,0,10120,0,1,1,futex_do_wait
4924417606685701,3122808,qlever-server-d,S,0,0,93120,0,4,9,ep_poll
4924417606685701,3122809,qlever-server-d,S,0,0,414310,214341,8,0,futex_do_wait
4924417606685701,3122810,qlever-server-d,S,6,36,424568418,158435228,3233,0,futex_do_wait
4924417606685701,3122811,qlever-server-d,S,7,40,476097870,149363327,3210,2,ep_poll
4924417606685701,3123964,qlever-server-d,S,0,0,8550272,14297638,248,15,futex_do_wait
4924417606685701,3123965,qlever-server-d,R,1088,3,10922566453,29146638,277,8,0
4924417606685701,0,__system__,-,1024728291,7867698116,0,0,0,-1,-
4924417626993277,3122254,qlever-server-d,S,991,1709,27010922485,9287664,1206,9,futex_do_wait
4924417626993277,3122258,qlever-server-d,S,0,0,4810703,817031,40,4,futex_do_wait
4924417626993277,3122806,qlever-server-d,R,3871,9,38810835074,13874047,370,9,0
4924417626993277,3122807,qlever-server-d,S,0,0,10120,0,1,1,futex_do_wait
4924417626993277,3122808,qlever-server-d,S,0,0,93120,0,4,9,ep_poll
4924417626993277,3122809,qlever-server-d,S,0,0,414310,214341,8,0,futex_do_wait
4924417626993277,3122810,qlever-server-d,S,6,36,424932688,158642488,3236,0,futex_do_wait
4924417626993277,3122811,qlever-server-d,S,7,40,476134870,149363327,3212,2,ep_poll
4924417626993277,3123964,qlever-server-d,S,0,0,8586832,14297638,249,15,futex_do_wait
4924417626993277,3123965,qlever-server-d,R,1090,3,10942566134,29146638,277,8,0
4924417626993277,0,__system__,-,1024728314,7867698147,0,0,0,-1,-
4924417646835567,3122254,qlever-server-d,S,991,1709,27010922485,9287664,1206,9,futex_do_wait
4924417646835567,3122258,qlever-server-d,S,0,0,4810703,817031,40,4,futex_do_wait
4924417646835567,3122806,qlever-server-d,R,3873,9,38830837825,13874047,370,9,0
4924417646835567,3122807,qlever-server-d,S,0,0,10120,0,1,1,futex_do_wait
4924417646835567,3122808,qlever-server-d,S,0,0,93120,0,4,9,ep_poll
4924417646835567,3122809,qlever-server-d,S,0,0,414310,214341,8,0,futex_do_wait
4924417646835567,3122810,qlever-server-d,S,6,36,425357909,159405738,3239,0,futex_do_wait
4924417646835567,3122811,qlever-server-d,S,7,40,476173770,149543778,3214,0,ep_poll
4924417646835567,3123964,qlever-server-d,S,0,0,8586832,14297638,249,15,futex_do_wait
4924417646835567,3123965,qlever-server-d,R,1092,3,10962568835,29146638,277,8,0
4924417646835567,0,__system__,-,1024728338,7867698178,0,0,0,-1,-
4924417666648738,3122254,qlever-server-d,S,991,1709,27010922485,9287664,1206,9,futex_do_wait
4924417666648738,3122258,qlever-server-d,S,0,0,4810703,817031,40,4,futex_do_wait
4924417666648738,3122806,qlever-server-d,R,3875,9,38849836956,13874047,370,9,0
4924417666648738,3122807,qlever-server-d,S,0,0,10120,0,1,1,futex_do_wait
4924417666648738,3122808,qlever-server-d,S,0,0,93120,0,4,9,ep_poll
4924417666648738,3122809,qlever-server-d,S,0,0,414310,214341,8,0,futex_do_wait
4924417666648738,3122810,qlever-server-d,S,6,36,425758479,159845498,3241,0,futex_do_wait
4924417666648738,3122811,qlever-server-d,S,7,40,476193110,149720398,3215,0,ep_poll
4924417666648738,3123964,qlever-server-d,S,0,0,8586832,14297638,249,15,futex_do_wait
4924417666648738,3123965,qlever-server-d,R,1094,3,10982566926,29146638,277,8,0
4924417666648738,0,__system__,-,1024728363,7867698210,0,0,0,-1,-
4924417686631787,3122254,qlever-server-d,S,991,1709,27010922485,9287664,1206,9,futex_do_wait
4924417686631787,3122258,qlever-server-d,S,0,0,4810703,817031,40,4,futex_do_wait
4924417686631787,3122806,qlever-server-d,R,3877,9,38869837647,13874047,370,9,0
4924417686631787,3122807,qlever-server-d,S,0,0,10120,0,1,1,futex_do_wait
4924417686631787,3122808,qlever-server-d,S,0,0,93120,0,4,9,ep_poll
4924417686631787,3122809,qlever-server-d,S,0,0,414310,214341,8,0,futex_do_wait
4924417686631787,3122810,qlever-server-d,S,6,36,426149869,159845498,3242,10,futex_do_wait
4924417686631787,3122811,qlever-server-d,S,7,40,476229160,149953918,3216,4,ep_poll
4924417686631787,3123964,qlever-server-d,S,0,0,8624582,14297638,250,15,futex_do_wait
4924417686631787,3123965,qlever-server-d,R,1096,3,11002543078,29169868,278,8,0
4924417686631787,0,__system__,-,1024728386,7867698241,0,0,0,-1,-
4924417706633775,3122254,qlever-server-d,S,991,1709,27010922485,9287664,1206,9,futex_do_wait
4924417706633775,3122258,qlever-server-d,S,0,0,4810703,817031,40,4,futex_do_wait
4924417706633775,3122806,qlever-server-d,R,3879,9,38889836368,13874047,370,9,0
4924417706633775,3122807,qlever-server-d,S,0,0,10120,0,1,1,futex_do_wait
4924417706633775,3122808,qlever-server-d,S,0,0,93120,0,4,9,ep_poll
4924417706633775,3122809,qlever-server-d,S,0,0,414310,214341,8,0,futex_do_wait
4924417706633775,3122810,qlever-server-d,S,6,36,426504929,159845498,3243,10,futex_do_wait
4924417706633775,3122811,qlever-server-d,S,7,40,476284820,149953918,3218,5,ep_poll
4924417706633775,3123964,qlever-server-d,S,0,0,8624582,14297638,250,15,futex_do_wait
4924417706633775,3123965,qlever-server-d,R,1098,3,11022545359,29169868,278,8,0
4924417706633775,0,__system__,-,1024728406,7867698273,0,0,0,-1,-
4924417726636434,3122254,qlever-server-d,S,991,1709,27010922485,9287664,1206,9,futex_do_wait
4924417726636434,3122258,qlever-server-d,S,0,0,4810703,817031,40,4,futex_do_wait
4924417726636434,3122806,qlever-server-d,R,3881,9,38909836459,13874047,370,9,0
4924417726636434,3122807,qlever-server-d,S,0,0,10120,0,1,1,futex_do_wait
4924417726636434,3122808,qlever-server-d,S,0,0,93120,0,4,9,ep_poll
4924417726636434,3122809,qlever-server-d,S,0,0,414310,214341,8,0,futex_do_wait
4924417726636434,3122810,qlever-server-d,S,6,36,426868669,159845498,3244,0,futex_do_wait
4924417726636434,3122811,qlever-server-d,S,7,40,476306300,150112998,3219,0,ep_poll
4924417726636434,3123964,qlever-server-d,S,0,0,8659792,14297638,251,15,futex_do_wait
4924417726636434,3123965,qlever-server-d,R,1100,3,11042543480,29169868,278,8,0
4924417726636434,0,__system__,-,1024728428,7867698305,0,0,0,-1,-
4924417746645543,3122254,qlever-server-d,S,991,1709,27010922485,9287664,1206,9,futex_do_wait
4924417746645543,3122258,qlever-server-d,S,0,0,4810703,817031,40,4,futex_do_wait
4924417746645543,3122806,qlever-server-d,R,3883,9,38929840680,13874047,370,9,0
4924417746645543,3122807,qlever-server-d,S,0,0,10120,0,1,1,futex_do_wait
4924417746645543,3122808,qlever-server-d,S,0,0,93120,0,4,9,ep_poll
4924417746645543,3122809,qlever-server-d,S,0,0,414310,214341,8,0,futex_do_wait
4924417746645543,3122810,qlever-server-d,S,6,36,427274409,160617089,3245,6,futex_do_wait
4924417746645543,3122811,qlever-server-d,S,7,40,476349550,150121518,3221,0,ep_poll
4924417746645543,3123964,qlever-server-d,S,0,0,8659792,14297638,251,15,futex_do_wait
4924417746645543,3123965,qlever-server-d,R,1102,3,11062546471,29169868,278,8,0
4924417746645543,0,__system__,-,1024728450,7867698337,0,0,0,-1,-
4924417766635942,3122254,qlever-server-d,S,991,1709,27010922485,9287664,1206,9,futex_do_wait
4924417766635942,3122258,qlever-server-d,S,0,0,4810703,817031,40,4,futex_do_wait
4924417766635942,3122806,qlever-server-d,R,3885,9,38949837951,13874047,370,9,0
4924417766635942,3122807,qlever-server-d,S,0,0,10120,0,1,1,futex_do_wait
4924417766635942,3122808,qlever-server-d,S,0,0,93120,0,4,9,ep_poll
4924417766635942,3122809,qlever-server-d,S,0,0,414310,214341,8,0,futex_do_wait
4924417766635942,3122810,qlever-server-d,S,6,36,427673409,160617089,3246,6,futex_do_wait
4924417766635942,3122811,qlever-server-d,S,7,40,476409430,150121518,3223,7,ep_poll
4924417766635942,3123964,qlever-server-d,S,0,0,8659792,14297638,251,15,futex_do_wait
4924417766635942,3123965,qlever-server-d,R,1104,3,11082543912,29169868,278,8,0
4924417766635942,0,__system__,-,1024728472,7867698369,0,0,0,-1,-
4924417786630541,3122254,qlever-server-d,S,991,1709,27010922485,9287664,1206,9,futex_do_wait
4924417786630541,3122258,qlever-server-d,S,0,0,4810703,817031,40,4,futex_do_wait
4924417786630541,3122806,qlever-server-d,R,3887,9,38969838343,13874047,370,9,0
4924417786630541,3122807,qlever-server-d,S,0,0,10120,0,1,1,futex_do_wait
4924417786630541,3122808,qlever-server-d,S,0,0,93120,0,4,9,ep_poll
4924417786630541,3122809,qlever-server-d,S,0,0,414310,214341,8,0,futex_do_wait
4924417786630541,3122810,qlever-server-d,S,6,36,428097470,160617089,3247,7,futex_do_wait
4924417786630541,3122811,qlever-server-d,S,7,40,476442680,150121518,3225,5,ep_poll
4924417786630541,3123964,qlever-server-d,S,0,0,8696942,14297638,252,15,futex_do_wait
4924417786630541,3123965,qlever-server-d,R,1106,3,11102544663,29169868,278,8,0
4924417786630541,0,__system__,-,1024728493,7867698400,0,0,0,-1,-
4924417806629050,3122254,qlever-server-d,S,991,1709,27010922485,9287664,1206,9,futex_do_wait
4924417806629050,3122258,qlever-server-d,S,0,0,4810703,817031,40,4,futex_do_wait
4924417806629050,3122806,qlever-server-d,R,3889,9,38989837694,13874047,370,9,0
4924417806629050,3122807,qlever-server-d,S,0,0,10120,0,1,1,futex_do_wait
4924417806629050,3122808,qlever-server-d,S,0,0,93120,0,4,9,ep_poll
4924417806629050,3122809,qlever-server-d,S,0,0,414310,214341,8,0,futex_do_wait
4924417806629050,3122810,qlever-server-d,S,6,36,428482160,160617089,3248,7,futex_do_wait
4924417806629050,3122811,qlever-server-d,S,7,40,476464610,150277428,3226,7,ep_poll
4924417806629050,3123964,qlever-server-d,S,0,0,8696942,14297638,252,15,futex_do_wait
4924417806629050,3123965,qlever-server-d,R,1108,3,11122544754,29169868,278,8,0
4924417806629050,0,__system__,-,1024728513,7867698432,0,0,0,-1,-
4924417826642978,3122254,qlever-server-d,S,991,1709,27010922485,9287664,1206,9,futex_do_wait
4924417826642978,3122258,qlever-server-d,S,0,0,4810703,817031,40,4,futex_do_wait
4924417826642978,3122806,qlever-server-d,R,3891,9,39009812525,13898707,371,9,0
4924417826642978,3122807,qlever-server-d,S,0,0,10120,0,1,1,futex_do_wait
4924417826642978,3122808,qlever-server-d,S,0,0,93120,0,4,9,ep_poll
4924417826642978,3122809,qlever-server-d,S,0,0,414310,214341,8,0,futex_do_wait
4924417826642978,3122810,qlever-server-d,S,6,36,428911361,160617089,3249,7,futex_do_wait
4924417826642978,3122811,qlever-server-d,S,7,40,476505100,150277428,3228,15,ep_poll
4924417826642978,3123964,qlever-server-d,S,0,0,8723582,14297638,253,15,futex_do_wait
4924417826642978,3123965,qlever-server-d,R,1110,3,11142497245,29217208,279,8,0
4924417826642978,0,__system__,-,1024728533,7867698463,0,0,0,-1,-
4924417846634237,3122254,qlever-server-d,S,991,1709,27010922485,9287664,1206,9,futex_do_wait
4924417846634237,3122258,qlever-server-d,S,0,0,4810703,817031,40,4,futex_do_wait
4924417846634237,3122806,qlever-server-d,R,3893,9,39029813766,13898707,371,9,0
4924417846634237,3122807,qlever-server-d,S,0,0,10120,0,1,1,futex_do_wait
4924417846634237,3122808,qlever-server-d,S,0,0,93120,0,4,9,ep_poll
4924417846634237,3122809,qlever-server-d,S,0,0,414310,214341,8,0,futex_do_wait
4924417846634237,3122810,qlever-server-d,S,6,36,429371481,160617089,3250,13,futex_do_wait
4924417846634237,3122811,qlever-server-d,S,7,40,476547740,150277428,3230,15,ep_poll
4924417846634237,3123964,qlever-server-d,S,0,0,8723582,14297638,253,15,futex_do_wait
4924417846634237,3123965,qlever-server-d,R,1112,3,11162499016,29217208,279,8,0
4924417846634237,0,__system__,-,1024728554,7867698495,0,0,0,-1,-
4924417866641246,3122254,qlever-server-d,S,991,1709,27010922485,9287664,1206,9,futex_do_wait
4924417866641246,3122258,qlever-server-d,S,0,0,4810703,817031,40,4,futex_do_wait
4924417866641246,3122806,qlever-server-d,R,3895,9,39049783957,13927287,372,9,0
4924417866641246,3122807,qlever-server-d,S,0,0,10120,0,1,1,futex_do_wait
4924417866641246,3122808,qlever-server-d,S,0,0,93120,0,4,9,ep_poll
4924417866641246,3122809,qlever-server-d,S,0,0,414310,214341,8,0,futex_do_wait
4924417866641246,3122810,qlever-server-d,S,6,36,429793211,160617089,3251,13,futex_do_wait
4924417866641246,3122811,qlever-server-d,S,7,40,476583440,150277428,3232,14,ep_poll
4924417866641246,3123964,qlever-server-d,S,0,0,8723582,14297638,253,15,futex_do_wait
4924417866641246,3123965,qlever-server-d,R,1114,3,11182497728,29217208,279,8,0
4924417866641246,0,__system__,-,1024728577,7867698527,0,0,0,-1,-
4924417886638955,3122254,qlever-server-d,S,991,1709,27010922485,9287664,1206,9,futex_do_wait
4924417886638955,3122258,qlever-server-d,S,0,0,4810703,817031,40,4,futex_do_wait
4924417886638955,3122806,qlever-server-d,R,3897,9,39069784508,13927287,372,9,0
4924417886638955,3122807,qlever-server-d,S,0,0,10120,0,1,1,futex_do_wait
4924417886638955,3122808,qlever-server-d,S,0,0,93120,0,4,9,ep_poll
4924417886638955,3122809,qlever-server-d,S,0,0,414310,214341,8,0,futex_do_wait
4924417886638955,3122810,qlever-server-d,S,6,36,430203001,160617089,3252,7,futex_do_wait
4924417886638955,3122811,qlever-server-d,S,7,40,476621260,150277428,3234,15,ep_poll
4924417886638955,3123964,qlever-server-d,S,0,0,8740142,14297638,254,15,futex_do_wait
4924417886638955,3123965,qlever-server-d,R,1116,3,11202498939,29217208,279,8,0
4924417886638955,0,__system__,-,1024728598,7867698559,0,0,0,-1,-
4924417906629934,3122254,qlever-server-d,S,991,1709,27010922485,9287664,1206,9,futex_do_wait
4924417906629934,3122258,qlever-server-d,S,0,0,4810703,817031,40,4,futex_do_wait
4924417906629934,3122806,qlever-server-d,R,3899,9,39089784319,13927287,372,9,0
4924417906629934,3122807,qlever-server-d,S,0,0,10120,0,1,1,futex_do_wait
4924417906629934,3122808,qlever-server-d,S,0,0,93120,0,4,9,ep_poll
4924417906629934,3122809,qlever-server-d,S,0,0,414310,214341,8,0,futex_do_wait
4924417906629934,3122810,qlever-server-d,S,6,36,430611021,160617089,3253,1,futex_do_wait
4924417906629934,3122811,qlever-server-d,S,7,40,476644640,150456448,3235,1,ep_poll
4924417906629934,3123964,qlever-server-d,S,0,0,8740142,14297638,254,15,futex_do_wait
4924417906629934,3123965,qlever-server-d,R,1118,3,11222497540,29217208,279,8,0
4924417906629934,0,__system__,-,1024728618,7867698590,0,0,0,-1,-
4924417926639502,3122254,qlever-server-d,S,991,1709,27010922485,9287664,1206,9,futex_do_wait
4924417926639502,3122258,qlever-server-d,S,0,0,4810703,817031,40,4,futex_do_wait
4924417926639502,3122806,qlever-server-d,R,3901,9,39109785450,13927287,372,9,0
4924417926639502,3122807,qlever-server-d,S,0,0,10120,0,1,1,futex_do_wait
4924417926639502,3122808,qlever-server-d,S,0,0,93120,0,4,9,ep_poll
4924417926639502,3122809,qlever-server-d,S,0,0,414310,214341,8,0,futex_do_wait
4924417926639502,3122810,qlever-server-d,S,6,36,430898431,160828869,3258,1,ep_poll
4924417926639502,3122811,qlever-server-d,S,7,40,476856420,150467108,3239,1,futex_do_wait
4924417926639502,3123964,qlever-server-d,S,0,0,8783702,14297638,255,4,futex_do_wait
4924417926639502,3123965,qlever-server-d,R,1120,3,11242467171,29250568,280,8,0
4924417926639502,0,__system__,-,1024728638,7867698622,0,0,0,-1,-
4924417946633021,3122254,qlever-server-d,S,991,1709,27010922485,9287664,1206,9,futex_do_wait
4924417946633021,3122258,qlever-server-d,S,0,0,4810703,817031,40,4,futex_do_wait
4924417946633021,3122806,qlever-server-d,R,3903,9,39129785811,13927287,372,9,0
4924417946633021,3122807,qlever-server-d,S,0,0,10120,0,1,1,futex_do_wait
4924417946633021,3122808,qlever-server-d,S,0,0,93120,0,4,9,ep_poll
4924417946633021,3122809,qlever-server-d,S,0,0,414310,214341,8,0,futex_do_wait
4924417946633021,3122810,qlever-server-d,S,6,36,431108681,160837859,3262,1,futex_do_wait
4924417946633021,3122811,qlever-server-d,S,7,40,477131150,150677358,3244,1,ep_poll
4924417946633021,3123964,qlever-server-d,S,0,0,8783702,14297638,255,4,futex_do_wait
4924417946633021,3123965,qlever-server-d,R,1122,3,11262466332,29250568,280,8,0
4924417946633021,0,__system__,-,1024728659,7867698654,0,0,0,-1,-
4924417966646550,3122254,qlever-server-d,S,991,1709,27010922485,9287664,1206,9,futex_do_wait
4924417966646550,3122258,qlever-server-d,S,0,0,4810703,817031,40,4,futex_do_wait
4924417966646550,3122806,qlever-server-d,R,3905,9,39149785103,13927287,372,9,0
4924417966646550,3122807,qlever-server-d,S,0,0,10120,0,1,1,futex_do_wait
4924417966646550,3122808,qlever-server-d,S,0,0,93120,0,4,9,ep_poll
4924417966646550,3122809,qlever-server-d,S,0,0,414310,214341,8,0,futex_do_wait
4924417966646550,3122810,qlever-server-d,S,6,36,431880161,160837859,3264,1,futex_do_wait
4924417966646550,3122811,qlever-server-d,S,7,40,477211450,150677358,3248,11,ep_poll
4924417966646550,3123964,qlever-server-d,S,0,0,8783702,14297638,255,4,futex_do_wait
4924417966646550,3123965,qlever-server-d,R,1124,3,11282464193,29250568,280,8,0
4924417966646550,0,__system__,-,1024728680,7867698686,0,0,0,-1,-
4924417986641289,3122254,qlever-server-d,S,991,1709,27010922485,9287664,1206,9,futex_do_wait
4924417986641289,3122258,qlever-server-d,S,0,0,4810703,817031,40,4,futex_do_wait
4924417986641289,3122806,qlever-server-d,R,3907,9,39169785834,13927287,372,9,0
4924417986641289,3122807,qlever-server-d,S,0,0,10120,0,1,1,futex_do_wait
4924417986641289,3122808,qlever-server-d,S,0,0,93120,0,4,9,ep_poll
4924417986641289,3122809,qlever-server-d,S,0,0,414310,214341,8,0,futex_do_wait
4924417986641289,3122810,qlever-server-d,S,6,36,432235881,160837859,3265,1,futex_do_wait
4924417986641289,3122811,qlever-server-d,S,7,40,477248290,150677358,3250,0,ep_poll
4924417986641289,3123964,qlever-server-d,S,0,0,8818232,14297638,256,4,futex_do_wait
4924417986641289,3123965,qlever-server-d,R,1126,3,11302464144,29250568,280,8,0
4924417986641289,0,__system__,-,1024728702,7867698718,0,0,0,-1,-
4924418006641598,3122254,qlever-server-d,S,991,1709,27010922485,9287664,1206,9,futex_do_wait
4924418006641598,3122258,qlever-server-d,S,0,0,4810703,817031,40,4,futex_do_wait
4924418006641598,3122806,qlever-server-d,R,3909,9,39189785315,13927287,372,9,0
4924418006641598,3122807,qlever-server-d,S,0,0,10120,0,1,1,futex_do_wait
4924418006641598,3122808,qlever-server-d,S,0,0,93120,0,4,9,ep_poll
4924418006641598,3122809,qlever-server-d,S,0,0,414310,214341,8,0,futex_do_wait
4924418006641598,3122810,qlever-server-d,S,6,36,432948871,160837859,3267,1,futex_do_wait
4924418006641598,3122811,qlever-server-d,S,7,40,477340590,150692548,3255,0,ep_poll
4924418006641598,3123964,qlever-server-d,S,0,0,8818232,14297638,256,4,futex_do_wait
4924418006641598,3123965,qlever-server-d,R,1128,3,11322443205,29272868,281,8,0
4924418006641598,0,__system__,-,1024728723,7867698749,0,0,0,-1,-
4924418026640026,3122254,qlever-server-d,S,991,1709,27010922485,9287664,1206,9,futex_do_wait
4924418026640026,3122258,qlever-server-d,S,0,0,4810703,817031,40,4,futex_do_wait
4924418026640026,3122806,qlever-server-d,R,3911,9,39209785856,13927287,372,9,0
4924418026640026,3122807,qlever-server-d,S,0,0,10120,0,1,1,futex_do_wait
4924418026640026,3122808,qlever-server-d,S,0,0,93120,0,4,9,ep_poll
4924418026640026,3122809,qlever-server-d,S,0,0,414310,214341,8,0,futex_do_wait
4924418026640026,3122810,qlever-server-d,S,6,36,433330832,160837859,3268,1,futex_do_wait
4924418026640026,3122811,qlever-server-d,S,7,40,477379810,150692548,3257,0,ep_poll
4924418026640026,3123964,qlever-server-d,S,0,0,8857642,14297638,257,4,futex_do_wait
4924418026640026,3123965,qlever-server-d,R,1130,3,11342443946,29272868,281,8,0
4924418026640026,0,__system__,-,1024728743,7867698781,0,0,0,-1,-
4924418046635065,3122254,qlever-server-d,S,991,1709,27010922485,9287664,1206,9,futex_do_wait
4924418046635065,3122258,qlever-server-d,S,0,0,4810703,817031,40,4,futex_do_wait
4924418046635065,3122806,qlever-server-d,R,3913,9,39229785197,13927287,372,9,0
4924418046635065,3122807,qlever-server-d,S,0,0,10120,0,1,1,futex_do_wait
4924418046635065,3122808,qlever-server-d,S,0,0,93120,0,4,9,ep_poll
4924418046635065,3122809,qlever-server-d,S,0,0,414310,214341,8,0,futex_do_wait
4924418046635065,3122810,qlever-server-d,S,6,36,434060722,161309750,3270,2,futex_do_wait
4924418046635065,3122811,qlever-server-d,S,7,40,477441650,150851828,3260,2,ep_poll
4924418046635065,3123964,qlever-server-d,S,0,0,8857642,14297638,257,4,futex_do_wait
4924418046635065,3123965,qlever-server-d,R,1132,3,11362443418,29272868,281,8,0
4924418046635065,0,__system__,-,1024728763,7867698812,0,0,0,-1,-
4924418066628474,3122254,qlever-server-d,S,991,1709,27010922485,9287664,1206,9,futex_do_wait
4924418066628474,3122258,qlever-server-d,S,0,0,4810703,817031,40,4,futex_do_wait
4924418066628474,3122806,qlever-server-d,R,3915,9,39249787388,13927287,372,9,0
4924418066628474,3122807,qlever-server-d,S,0,0,10120,0,1,1,futex_do_wait
4924418066628474,3122808,qlever-server-d,S,0,0,93120,0,4,9,ep_poll
4924418066628474,3122809,qlever-server-d,S,0,0,414310,214341,8,0,futex_do_wait
4924418066628474,3122810,qlever-server-d,S,6,36,434502032,161309750,3271,11,futex_do_wait
4924418066628474,3122811,qlever-server-d,S,7,40,477474790,150851828,3262,0,ep_poll
4924418066628474,3123964,qlever-server-d,S,0,0,8857642,14297638,257,4,futex_do_wait
4924418066628474,3123965,qlever-server-d,R,1134,3,11382442809,29272868,281,8,0
4924418066628474,0,__system__,-,1024728784,7867698844,0,0,0,-1,-
4924418086642443,3122254,qlever-server-d,S,991,1709,27010922485,9287664,1206,9,futex_do_wait
4924418086642443,3122258,qlever-server-d,S,0,0,4810703,817031,40,4,futex_do_wait
4924418086642443,3122806,qlever-server-d,R,3917,9,39269785369,13927287,372,9,0
4924418086642443,3122807,qlever-server-d,S,0,0,10120,0,1,1,futex_do_wait
4924418086642443,3122808,qlever-server-d,S,0,0,93120,0,4,9,ep_poll
4924418086642443,3122809,qlever-server-d,S,0,0,414310,214341,8,0,futex_do_wait
4924418086642443,3122810,qlever-server-d,S,6,37,435262332,161330900,3274,0,futex_do_wait
4924418086642443,3122811,qlever-server-d,S,7,40,477551800,151030918,3266,0,ep_poll
4924418086642443,3123964,qlever-server-d,S,0,0,8894782,14297638,258,4,futex_do_wait
4924418086642443,3123965,qlever-server-d,R,1136,3,11402446060,29272868,281,8,0
4924418086642443,0,__system__,-,1024728805,7867698876,0,0,0,-1,-
4924418106638502,3122254,qlever-server-d,S,991,1709,27010922485,9287664,1206,9,futex_do_wait
4924418106638502,3122258,qlever-server-d,S,0,0,4950613,817031,41,14,futex_do_wait
4924418106638502,3122806,qlever-server-d,R,3919,9,39289786320,13927287,372,9,0
4924418106638502,3122807,qlever-server-d,S,0,0,10120,0,1,1,futex_do_wait
4924418106638502,3122808,qlever-server-d,S,0,0,93120,0,4,9,ep_poll
4924418106638502,3122809,qlever-server-d,S,0,0,414310,214341,8,0,futex_do_wait
4924418106638502,3122810,qlever-server-d,S,6,37,435625722,161330900,3275,1,futex_do_wait
4924418106638502,3122811,qlever-server-d,S,7,40,477585570,152551379,3267,0,ep_poll
4924418106638502,3123964,qlever-server-d,S,0,0,8894782,14297638,258,4,futex_do_wait
4924418106638502,3123965,qlever-server-d,R,1138,3,11422444261,29272868,281,8,0
4924418106638502,0,__system__,-,1024728826,7867698907,0,0,0,-1,-
4924418126630461,3122254,qlever-server-d,S,991,1709,27010922485,9287664,1206,9,futex_do_wait
4924418126630461,3122258,qlever-server-d,S,0,0,4950613,817031,41,14,futex_do_wait
4924418126630461,3122806,qlever-server-d,R,3921,9,39309771491,13943817,373,9,0
4924418126630461,3122807,qlever-server-d,S,0,0,10120,0,1,1,futex_do_wait
4924418126630461,3122808,qlever-server-d,S,0,0,93120,0,4,9,ep_poll
4924418126630461,3122809,qlever-server-d,S,0,0,414310,214341,8,0,futex_do_wait
4924418126630461,3122810,qlever-server-d,S,6,37,435960632,161330900,3276,0,futex_do_wait
4924418126630461,3122811,qlever-server-d,S,7,40,477626790,152551379,3269,1,ep_poll
4924418126630461,3123964,qlever-server-d,S,0,0,8933193,14297638,259,15,futex_do_wait
4924418126630461,3123965,qlever-server-d,R,1140,3,11442400332,29316368,282,8,0
4924418126630461,0,__system__,-,1024728849,7867698940,0,0,0,-1,-
4924418146649599,3122254,qlever-server-d,S,991,1709,27010922485,9287664,1206,9,futex_do_wait
4924418146649599,3122258,qlever-server-d,S,0,0,4950613,817031,41,14,futex_do_wait
4924418146649599,3122806,qlever-server-d,R,3923,9,39329771363,13943817,373,9,0
4924418146649599,3122807,qlever-server-d,S,0,0,10120,0,1,1,futex_do_wait
4924418146649599,3122808,qlever-server-d,S,0,0,93120,0,4,9,ep_poll
4924418146649599,3122809,qlever-server-d,S,0,0,414310,214341,8,0,futex_do_wait
4924418146649599,3122810,qlever-server-d,R,6,37,436335402,161330900,3278,0,0
4924418146649599,3122811,qlever-server-d,S,7,40,477656760,153146520,3270,1,0
4924418146649599,3123964,qlever-server-d,S,0,0,8933193,14297638,259,15,futex_do_wait
4924418146649599,3123965,qlever-server-d,R,1142,3,11462464543,29316368,282,8,0
4924418146649599,0,__system__,-,1024728869,7867698972,0,0,0,-1,-
4924418166637878,3122254,qlever-server-d,S,991,1709,27010922485,9287664,1206,9,futex_do_wait
4924418166637878,3122258,qlever-server-d,S,0,0,4950613,817031,41,14,futex_do_wait
4924418166637878,3122806,qlever-server-d,R,3925,9,39349769254,13943817,373,9,0
4924418166637878,3122807,qlever-server-d,S,0,0,10120,0,1,1,futex_do_wait
4924418166637878,3122808,qlever-server-d,S,0,0,93120,0,4,9,ep_poll
4924418166637878,3122809,qlever-server-d,S,0,0,414310,214341,8,0,futex_do_wait
4924418166637878,3122810,qlever-server-d,S,6,37,437123622,161330900,3279,0,futex_do_wait
4924418166637878,3122811,qlever-server-d,S,7,40,477743290,153146520,3274,3,ep_poll
4924418166637878,3123964,qlever-server-d,S,0,0,8933193,14297638,259,15,futex_do_wait
4924418166637878,3123965,qlever-server-d,R,1144,3,11482400634,29316368,282,8,0
4924418166637878,0,__system__,-,1024728890,7867699004,0,0,0,-1,-
4924418186640557,3122254,qlever-server-d,S,991,1709,27010922485,9287664,1206,9,futex_do_wait
4924418186640557,3122258,qlever-server-d,S,0,0,4950613,817031,41,14,futex_do_wait
4924418186640557,3122806,qlever-server-d,R,3927,9,39369770815,13943817,373,9,0
4924418186640557,3122807,qlever-server-d,S,0,0,10120,0,1,1,futex_do_wait
4924418186640557,3122808,qlever-server-d,S,0,0,93120,0,4,9,ep_poll
4924418186640557,3122809,qlever-server-d,S,0,0,414310,214341,8,0,futex_do_wait
4924418186640557,3122810,qlever-server-d,S,6,37,437494692,161330900,3280,0,futex_do_wait
4924418186640557,3122811,qlever-server-d,S,7,40,477780150,153146520,3276,2,ep_poll
4924418186640557,3123964,qlever-server-d,S,0,0,8974433,14297638,260,4,futex_do_wait
4924418186640557,3123965,qlever-server-d,R,1146,3,11502401295,29316368,282,8,0
4924418186640557,0,__system__,-,1024728909,7867699034,0,0,0,-1,-
4924418206651976,3122254,qlever-server-d,S,991,1709,27010922485,9287664,1206,9,futex_do_wait
4924418206651976,3122258,qlever-server-d,S,0,0,4950613,817031,41,14,futex_do_wait
4924418206651976,3122806,qlever-server-d,R,3929,9,39389771266,13943817,373,9,0
4924418206651976,3122807,qlever-server-d,S,0,0,10120,0,1,1,futex_do_wait
4924418206651976,3122808,qlever-server-d,S,0,0,93120,0,4,9,ep_poll
4924418206651976,3122809,qlever-server-d,S,0,0,414310,214341,8,0,futex_do_wait
4924418206651976,3122810,qlever-server-d,S,6,37,437894202,161330900,3281,0,futex_do_wait
4924418206651976,3122811,qlever-server-d,S,7,40,477802240,153311200,3277,0,ep_poll
4924418206651976,3123964,qlever-server-d,S,0,0,8974433,14297638,260,4,futex_do_wait
4924418206651976,3123965,qlever-server-d,R,1148,3,11522400577,29316368,282,8,0
4924418206651976,0,__system__,-,1024728931,7867699067,0,0,0,-1,-
4924418226642745,3122254,qlever-server-d,S,991,1709,27010922485,9287664,1206,9,futex_do_wait
4924418226642745,3122258,qlever-server-d,S,0,0,4950613,817031,41,14,futex_do_wait
4924418226642745,3122806,qlever-server-d,R,3931,9,39409770437,13943817,373,9,0
4924418226642745,3122807,qlever-server-d,S,0,0,10120,0,1,1,futex_do_wait
4924418226642745,3122808,qlever-server-d,S,0,0,93120,0,4,9,ep_poll
4924418226642745,3122809,qlever-server-d,S,0,0,414310,214341,8,0,futex_do_wait
4924418226642745,3122810,qlever-server-d,S,6,37,438652863,161330900,3283,1,futex_do_wait
4924418226642745,3122811,qlever-server-d,S,7,40,477880740,153311200,3281,3,ep_poll
4924418226642745,3123964,qlever-server-d,S,0,0,9010143,14297638,261,4,futex_do_wait
4924418226642745,3123965,qlever-server-d,R,1150,3,11542402728,29316368,282,8,0
4924418226642745,0,__system__,-,1024728953,7867699100,0,0,0,-1,-
4924418246622324,3122254,qlever-server-d,S,991,1709,27010922485,9287664,1206,9,futex_do_wait
4924418246622324,3122258,qlever-server-d,S,0,0,4950613,817031,41,14,futex_do_wait
4924418246622324,3122806,qlever-server-d,R,3933,9,39429771738,13943817,373,9,0
4924418246622324,3122807,qlever-server-d,S,0,0,10120,0,1,1,futex_do_wait
4924418246622324,3122808,qlever-server-d,S,0,0,93120,0,4,9,ep_poll
4924418246622324,3122809,qlever-server-d,S,0,0,414310,214341,8,0,futex_do_wait
4924418246622324,3122810,qlever-server-d,S,6,37,439013533,161330900,3284,0,futex_do_wait
4924418246622324,3122811,qlever-server-d,S,7,40,477923720,153311200,3283,10,ep_poll
4924418246622324,3123964,qlever-server-d,S,0,0,9010143,14297638,261,4,futex_do_wait
4924418246622324,3123965,qlever-server-d,R,1152,3,11562400359,29316368,282,8,0
4924418246622324,0,__system__,-,1024728974,7867699130,0,0,0,-1,-
4924418266637362,3122254,qlever-server-d,S,991,1709,27010922485,9287664,1206,9,futex_do_wait
4924418266637362,3122258,qlever-server-d,S,0,0,4950613,817031,41,14,futex_do_wait
4924418266637362,3122806,qlever-server-d,R,3935,9,39449770519,13943817,373,9,0
4924418266637362,3122807,qlever-server-d,S,0,0,10120,0,1,1,futex_do_wait
4924418266637362,3122808,qlever-server-d,S,0,0,93120,0,4,9,ep_poll
4924418266637362,3122809,qlever-server-d,S,0,0,414310,214341,8,0,futex_do_wait
4924418266637362,3122810,qlever-server-d,S,6,37,439382514,161330900,3285,1,futex_do_wait
4924418266637362,3122811,qlever-server-d,S,7,40,477947420,153569070,3284,10,ep_poll
4924418266637362,3123964,qlever-server-d,S,0,0,9010143,14297638,261,4,futex_do_wait
4924418266637362,3123965,qlever-server-d,R,1154,3,11582401990,29316368,282,8,0
4924418266637362,0,__system__,-,1024728994,7867699162,0,0,0,-1,-
4924418286653631,3122254,qlever-server-d,S,991,1709,27010922485,9287664,1206,9,futex_do_wait
4924418286653631,3122258,qlever-server-d,S,0,0,4950613,817031,41,14,futex_do_wait
4924418286653631,3122806,qlever-server-d,R,3937,9,39469769550,13943817,373,9,0
4924418286653631,3122807,qlever-server-d,S,0,0,10120,0,1,1,futex_do_wait
4924418286653631,3122808,qlever-server-d,S,0,0,93120,0,4,9,ep_poll
4924418286653631,3122809,qlever-server-d,S,0,0,414310,214341,8,0,futex_do_wait
4924418286653631,3122810,qlever-server-d,S,6,37,439760175,161330900,3286,1,futex_do_wait
4924418286653631,3122811,qlever-server-d,S,7,40,477988571,153569070,3286,0,ep_poll
4924418286653631,3123964,qlever-server-d,S,0,0,9052413,14297638,262,4,futex_do_wait
4924418286653631,3123965,qlever-server-d,R,1156,3,11602402801,29316368,282,8,0
4924418286653631,0,__system__,-,1024729016,7867699195,0,0,0,-1,-
4924418306645060,3122254,qlever-server-d,S,991,1709,27010922485,9287664,1206,9,futex_do_wait
4924418306645060,3122258,qlever-server-d,S,0,0,4950613,817031,41,14,futex_do_wait
4924418306645060,3122806,qlever-server-d,R,3939,9,39489770172,13943817,373,9,0
4924418306645060,3122807,qlever-server-d,S,0,0,10120,0,1,1,futex_do_wait
4924418306645060,3122808,qlever-server-d,S,0,0,93120,0,4,9,ep_poll
4924418306645060,3122809,qlever-server-d,S,0,0,414310,214341,8,0,futex_do_wait
4924418306645060,3122810,qlever-server-d,S,6,37,440080376,161330900,3287,2,futex_do_wait
4924418306645060,3122811,qlever-server-d,S,7,40,478028591,153748470,3288,3,ep_poll
4924418306645060,3123964,qlever-server-d,S,0,0,9052413,14297638,262,4,futex_do_wait
4924418306645060,3123965,qlever-server-d,R,1158,3,11622401922,29316368,282,8,0
4924418306645060,0,__system__,-,1024729036,7867699226,0,0,0,-1,-
4924418326645109,3122254,qlever-server-d,S,991,1709,27010922485,9287664,1206,9,futex_do_wait
4924418326645109,3122258,qlever-server-d,S,0,0,4950613,817031,41,14,futex_do_wait
4924418326645109,3122806,qlever-server-d,R,3941,9,39509771503,13943817,373,9,0
4924418326645109,3122807,qlever-server-d,S,0,0,10120,0,1,1,futex_do_wait
4924418326645109,3122808,qlever-server-d,S,0,0,93120,0,4,9,ep_poll
4924418326645109,3122809,qlever-server-d,S,0,0,414310,214341,8,0,futex_do_wait
4924418326645109,3122810,qlever-server-d,S,6,37,440483667,161330900,3288,1,futex_do_wait
4924418326645109,3122811,qlever-server-d,S,7,40,478070552,153788260,3290,6,ep_poll
4924418326645109,3123964,qlever-server-d,S,0,0,9092973,14297638,263,4,futex_do_wait
4924418326645109,3123965,qlever-server-d,R,1160,3,11642401823,29316368,282,8,0
4924418326645109,0,__system__,-,1024729055,7867699256,0,0,0,-1,-
4924418346636688,3122254,qlever-server-d,S,991,1709,27010922485,9287664,1206,9,futex_do_wait
4924418346636688,3122258,qlever-server-d,S,0,0,4950613,817031,41,14,futex_do_wait
4924418346636688,3122806,qlever-server-d,R,3943,9,39529770654,13943817,373,9,0
4924418346636688,3122807,qlever-server-d,S,0,0,10120,0,1,1,futex_do_wait
4924418346636688,3122808,qlever-server-d,S,0,0,93120,0,4,9,ep_poll
4924418346636688,3122809,qlever-server-d,S,0,0,414310,214341,8,0,futex_do_wait
4924418346636688,3122810,qlever-server-d,S,6,37,440850647,161330900,3289,2,futex_do_wait
4924418346636688,3122811,qlever-server-d,S,7,40,478116362,153788260,3292,6,ep_poll
4924418346636688,3123964,qlever-server-d,S,0,0,9092973,14297638,263,4,futex_do_wait
4924418346636688,3123965,qlever-server-d,R,1162,3,11662402264,29316368,282,8,0
4924418346636688,0,__system__,-,1024729076,7867699289,0,0,0,-1,-
4924418366740686,3122254,qlever-server-d,S,991,1709,27010922485,9287664,1206,9,futex_do_wait
4924418366740686,3122258,qlever-server-d,S,0,0,4950613,817031,41,14,futex_do_wait
4924418366740686,3122806,qlever-server-d,R,3945,9,39549772025,13943817,373,9,0
4924418366740686,3122807,qlever-server-d,S,0,0,10120,0,1,1,futex_do_wait
4924418366740686,3122808,qlever-server-d,S,0,0,93120,0,4,9,ep_poll
4924418366740686,3122809,qlever-server-d,S,0,0,414310,214341,8,0,futex_do_wait
4924418366740686,3122810,qlever-server-d,S,6,37,441256887,161330900,3290,1,futex_do_wait
4924418366740686,3122811,qlever-server-d,S,7,40,478139122,153943970,3293,1,ep_poll
4924418366740686,3123964,qlever-server-d,S,0,0,9092973,14297638,263,4,futex_do_wait
4924418366740686,3123965,qlever-server-d,R,1164,3,11682401465,29316368,282,8,0
4924418366740686,0,__system__,-,1024729098,7867699320,0,0,0,-1,-
4924418386646925,3122254,qlever-server-d,S,991,1709,27010922485,9287664,1206,9,futex_do_wait
4924418386646925,3122258,qlever-server-d,S,0,0,4950613,817031,41,14,futex_do_wait
4924418386646925,3122806,qlever-server-d,R,3947,9,39569771626,13943817,373,9,0
4924418386646925,3122807,qlever-server-d,S,0,0,10120,0,1,1,futex_do_wait
4924418386646925,3122808,qlever-server-d,S,0,0,93120,0,4,9,ep_poll
4924418386646925,3122809,qlever-server-d,S,0,0,414310,214341,8,0,futex_do_wait
4924418386646925,3122810,qlever-server-d,S,6,37,441629188,161330900,3291,2,futex_do_wait
4924418386646925,3122811,qlever-server-d,S,7,40,478173422,155342181,3294,1,ep_poll
4924418386646925,3123964,qlever-server-d,S,0,0,9126403,15010368,264,4,futex_do_wait
4924418386646925,3123965,qlever-server-d,R,1166,3,11702379557,29340508,283,8,0
4924418386646925,0,__system__,-,1024729119,7867699352,0,0,0,-1,-
4924418406644014,3122254,qlever-server-d,S,991,1709,27010922485,9287664,1206,9,futex_do_wait
4924418406644014,3122258,qlever-server-d,S,0,0,4950613,817031,41,14,futex_do_wait
4924418406644014,3122806,qlever-server-d,R,3949,9,39589771457,13943817,373,9,0
4924418406644014,3122807,qlever-server-d,S,0,0,10120,0,1,1,futex_do_wait
4924418406644014,3122808,qlever-server-d,S,0,0,93120,0,4,9,ep_poll
4924418406644014,3122809,qlever-server-d,S,0,0,414310,214341,8,0,futex_do_wait
4924418406644014,3122810,qlever-server-d,S,6,37,442014488,161330900,3292,2,futex_do_wait
4924418406644014,3122811,qlever-server-d,S,7,40,478212612,155342181,3296,11,ep_poll
4924418406644014,3123964,qlever-server-d,S,0,0,9126403,15010368,264,4,futex_do_wait
4924418406644014,3123965,qlever-server-d,R,1168,3,11722379338,29340508,283,8,0
4924418406644014,0,__system__,-,1024729140,7867699384,0,0,0,-1,-
4924418426772772,3122254,qlever-server-d,S,991,1709,27010922485,9287664,1206,9,futex_do_wait
4924418426772772,3122258,qlever-server-d,S,0,0,4950613,817031,41,14,futex_do_wait
4924418426772772,3122806,qlever-server-d,R,3951,9,39610772179,13943817,373,9,0
4924418426772772,3122807,qlever-server-d,S,0,0,10120,0,1,1,futex_do_wait
4924418426772772,3122808,qlever-server-d,S,0,0,93120,0,4,9,ep_poll
4924418426772772,3122809,qlever-server-d,S,0,0,414310,214341,8,0,futex_do_wait
4924418426772772,3122810,qlever-server-d,S,6,37,442742109,161330900,3294,1,futex_do_wait
4924418426772772,3122811,qlever-server-d,S,7,40,478284592,155845372,3299,10,ep_poll
4924418426772772,3123964,qlever-server-d,S,0,0,9167453,15010368,265,4,futex_do_wait
4924418426772772,3123965,qlever-server-d,R,1170,3,11742378589,29340508,283,8,0
4924418426772772,0,__system__,-,1024729160,7867699415,0,0,0,-1,-
4924418446644292,3122254,qlever-server-d,S,991,1709,27010922485,9287664,1206,9,futex_do_wait
4924418446644292,3122258,qlever-server-d,S,0,0,4950613,817031,41,14,futex_do_wait
4924418446644292,3122806,qlever-server-d,R,3953,9,39629746159,13970537,374,9,0
4924418446644292,3122807,qlever-server-d,S,0,0,10120,0,1,1,futex_do_wait
4924418446644292,3122808,qlever-server-d,S,0,0,93120,0,4,9,ep_poll
4924418446644292,3122809,qlever-server-d,S,0,0,414310,214341,8,0,futex_do_wait
4924418446644292,3122810,qlever-server-d,S,6,37,443063419,161330900,3295,1,futex_do_wait
4924418446644292,3122811,qlever-server-d,S,7,40,478302832,156195152,3300,1,ep_poll
4924418446644292,3123964,qlever-server-d,S,0,0,9167453,15010368,265,4,futex_do_wait
4924418446644292,3123965,qlever-server-d,R,1172,3,11762378840,29340508,283,8,0
4924418446644292,0,__system__,-,1024729181,7867699448,0,0,0,-1,-
4924418466644031,3122254,qlever-server-d,S,991,1709,27010922485,9287664,1206,9,futex_do_wait
4924418466644031,3122258,qlever-server-d,S,0,0,4950613,817031,41,14,futex_do_wait
4924418466644031,3122806,qlever-server-d,R,3955,9,39649745190,13970537,374,9,0
4924418466644031,3122807,qlever-server-d,S,0,0,10120,0,1,1,futex_do_wait
4924418466644031,3122808,qlever-server-d,S,0,0,93120,0,4,9,ep_poll
4924418466644031,3122809,qlever-server-d,S,0,0,414310,214341,8,0,futex_do_wait
4924418466644031,3122810,qlever-server-d,S,6,37,443544760,161374650,3298,6,futex_do_wait
4924418466644031,3122811,qlever-server-d,S,7,40,478375192,156232882,3305,6,ep_poll
4924418466644031,3123964,qlever-server-d,S,0,0,9167453,15010368,265,4,futex_do_wait
4924418466644031,3123965,qlever-server-d,R,1174,3,11782378841,29340508,283,8,0
4924418466644031,0,__system__,-,1024729202,7867699480,0,0,0,-1,-
4924418487068286,3122254,qlever-server-d,S,991,1709,27010922485,9287664,1206,9,futex_do_wait
4924418487068286,3122258,qlever-server-d,S,0,0,4950613,817031,41,14,futex_do_wait
4924418487068286,3122806,qlever-server-d,R,3957,9,39670747312,13970537,374,9,0
4924418487068286,3122807,qlever-server-d,S,0,0,10120,0,1,1,futex_do_wait
4924418487068286,3122808,qlever-server-d,S,0,0,93120,0,4,9,ep_poll
4924418487068286,3122809,qlever-server-d,S,0,0,414310,214341,8,0,futex_do_wait
4924418487068286,3122810,qlever-server-d,S,6,37,443999020,161374650,3299,15,futex_do_wait
4924418487068286,3122811,qlever-server-d,S,7,40,478412372,156232882,3307,5,ep_poll
4924418487068286,3123964,qlever-server-d,S,0,0,9209043,15010368,266,5,futex_do_wait
4924418487068286,3123965,qlever-server-d,R,1176,3,11802381752,29340508,283,8,0
4924418487068286,0,__system__,-,1024729223,7867699511,0,0,0,-1,-
4924418506642198,3122254,qlever-server-d,S,991,1709,27010922485,9287664,1206,9,futex_do_wait
4924418506642198,3122258,qlever-server-d,S,0,0,4950613,817031,41,14,futex_do_wait
4924418506642198,3122806,qlever-server-d,R,3959,9,39689747583,13970537,374,9,0
4924418506642198,3122807,qlever-server-d,S,0,0,10120,0,1,1,futex_do_wait
4924418506642198,3122808,qlever-server-d,S,0,0,93120,0,4,9,ep_poll
4924418506642198,3122809,qlever-server-d,S,0,0,414310,214341,8,0,futex_do_wait
4924418506642198,3122810,qlever-server-d,S,6,37,444450340,161374650,3300,15,futex_do_wait
4924418506642198,3122811,qlever-server-d,S,7,40,478440172,156232882,3309,6,ep_poll
4924418506642198,3123964,qlever-server-d,S,0,0,9209043,15010368,266,5,futex_do_wait
4924418506642198,3123965,qlever-server-d,R,1178,3,11822379153,29340508,283,8,0
4924418506642198,0,__system__,-,1024729245,7867699543,0,0,0,-1,-
4924418526637757,3122254,qlever-server-d,S,991,1709,27010922485,9287664,1206,9,futex_do_wait
4924418526637757,3122258,qlever-server-d,S,0,0,4950613,817031,41,14,futex_do_wait
4924418526637757,3122806,qlever-server-d,R,3961,9,39709746554,13970537,374,9,0
4924418526637757,3122807,qlever-server-d,S,0,0,10120,0,1,1,futex_do_wait
4924418526637757,3122808,qlever-server-d,S,0,0,93120,0,4,9,ep_poll
4924418526637757,3122809,qlever-server-d,S,0,0,414310,214341,8,0,futex_do_wait
4924418526637757,3122810,qlever-server-d,S,6,37,444896751,161374650,3301,15,futex_do_wait
4924418526637757,3122811,qlever-server-d,S,7,40,478480062,156232882,3311,14,ep_poll
4924418526637757,3123964,qlever-server-d,S,0,0,9251743,15010368,267,6,futex_do_wait
4924418526637757,3123965,qlever-server-d,R,1180,3,11842379474,29340508,283,8,0
4924418526637757,0,__system__,-,1024729264,7867699574,0,0,0,-1,-
4924418546640216,3122254,qlever-server-d,S,991,1709,27010922485,9287664,1206,9,futex_do_wait
4924418546640216,3122258,qlever-server-d,S,0,0,4950613,817031,41,14,futex_do_wait
4924418546640216,3122806,qlever-server-d,R,3963,9,39729746765,13970537,374,9,0
4924418546640216,3122807,qlever-server-d,S,0,0,10120,0,1,1,futex_do_wait
4924418546640216,3122808,qlever-server-d,S,0,0,93120,0,4,9,ep_poll
4924418546640216,3122809,qlever-server-d,S,0,0,414310,214341,8,0,futex_do_wait
4924418546640216,3122810,qlever-server-d,S,6,37,445363871,161374650,3302,15,futex_do_wait
4924418546640216,3122811,qlever-server-d,S,7,40,478524862,156232882,3313,5,ep_poll
4924418546640216,3123964,qlever-server-d,S,0,0,9251743,15010368,267,6,futex_do_wait
4924418546640216,3123965,qlever-server-d,R,1182,3,11862379765,29340508,283,8,0
4924418546640216,0,__system__,-,1024729286,7867699607,0,0,0,-1,-
4924418566636135,3122254,qlever-server-d,S,991,1709,27010922485,9287664,1206,9,futex_do_wait
4924418566636135,3122258,qlever-server-d,S,0,0,4950613,817031,41,14,futex_do_wait
4924418566636135,3122806,qlever-server-d,R,3965,9,39749720716,13995597,375,9,0
4924418566636135,3122807,qlever-server-d,S,0,0,10120,0,1,1,futex_do_wait
4924418566636135,3122808,qlever-server-d,S,0,0,93120,0,4,9,ep_poll
4924418566636135,3122809,qlever-server-d,S,0,0,414310,214341,8,0,futex_do_wait
4924418566636135,3122810,qlever-server-d,S,6,37,445809891,161374650,3303,5,futex_do_wait
4924418566636135,3122811,qlever-server-d,S,7,40,478544482,156421232,3314,5,ep_poll
4924418566636135,3123964,qlever-server-d,S,0,0,9251743,15010368,267,6,futex_do_wait
4924418566636135,3123965,qlever-server-d,R,1184,3,11882378937,29340508,283,8,0
4924418566636135,0,__system__,-,1024729306,7867699638,0,0,0,-1,-
4924418586647294,3122254,qlever-server-d,S,991,1709,27010922485,9287664,1206,9,futex_do_wait
4924418586647294,3122258,qlever-server-d,S,0,0,4950613,817031,41,14,futex_do_wait
4924418586647294,3122806,qlever-server-d,R,3967,9,39769720897,13995597,375,9,0
4924418586647294,3122807,qlever-server-d,S,0,0,10120,0,1,1,futex_do_wait
4924418586647294,3122808,qlever-server-d,S,0,0,93120,0,4,9,ep_poll
4924418586647294,3122809,qlever-server-d,S,0,0,414310,214341,8,0,futex_do_wait
4924418586647294,3122810,qlever-server-d,S,6,37,446259562,161374650,3304,6,futex_do_wait
4924418586647294,3122811,qlever-server-d,S,7,40,478579222,156430652,3316,13,ep_poll
4924418586647294,3123964,qlever-server-d,S,0,0,9292233,15010368,268,6,futex_do_wait
4924418586647294,3123965,qlever-server-d,R,1186,3,11902380828,29340508,283,8,0
4924418586647294,0,__system__,-,1024729327,7867699670,0,0,0,-1,-
4924418606644682,3122254,qlever-server-d,S,991,1709,27010922485,9287664,1206,9,futex_do_wait
4924418606644682,3122258,qlever-server-d,S,0,0,4950613,817031,41,14,futex_do_wait
4924418606644682,3122806,qlever-server-d,R,3969,9,39789723278,13995597,375,9,0
4924418606644682,3122807,qlever-server-d,S,0,0,10120,0,1,1,futex_do_wait
4924418606644682,3122808,qlever-server-d,S,0,0,93120,0,4,9,ep_poll
4924418606644682,3122809,qlever-server-d,S,0,0,414310,214341,8,0,futex_do_wait
4924418606644682,3122810,qlever-server-d,S,6,37,446680032,161374650,3305,5,futex_do_wait
4924418606644682,3122811,qlever-server-d,S,7,40,478622742,156430652,3318,14,ep_poll
4924418606644682,3123964,qlever-server-d,S,0,0,9292233,15010368,268,6,futex_do_wait
4924418606644682,3123965,qlever-server-d,R,1188,3,11922380239,29340508,283,8,0
4924418606644682,0,__system__,-,1024729349,7867699702,0,0,0,-1,-
4924418626633511,3122254,qlever-server-d,S,991,1709,27010922485,9287664,1206,9,futex_do_wait
4924418626633511,3122258,qlever-server-d,S,0,0,4950613,817031,41,14,futex_do_wait
4924418626633511,3122806,qlever-server-d,R,3971,9,39810466460,13995597,375,9,0
4924418626633511,3122807,qlever-server-d,S,0,0,10120,0,1,1,futex_do_wait
4924418626633511,3122808,qlever-server-d,S,0,0,93120,0,4,9,ep_poll
4924418626633511,3122809,qlever-server-d,S,0,0,414310,214341,8,0,futex_do_wait
4924418626633511,3122810,qlever-server-d,S,6,37,447130752,161374650,3306,5,futex_do_wait
4924418626633511,3122811,qlever-server-d,S,7,40,478669572,156430652,3320,7,ep_poll
4924418626633511,3123964,qlever-server-d,S,0,0,9329123,15010368,269,5,futex_do_wait
4924418626633511,3123965,qlever-server-d,R,1190,3,11942380980,29340508,283,8,0
4924418626633511,0,__system__,-,1024729371,7867699734,0,0,0,-1,-
4924418646642360,3122254,qlever-server-d,S,991,1709,27010922485,9287664,1206,9,futex_do_wait
4924418646642360,3122258,qlever-server-d,S,0,0,4950613,817031,41,14,futex_do_wait
4924418646642360,3122806,qlever-server-d,R,3973,9,39829722950,13995597,375,9,0
4924418646642360,3122807,qlever-server-d,S,0,0,10120,0,1,1,futex_do_wait
4924418646642360,3122808,qlever-server-d,S,0,0,93120,0,4,9,ep_poll
4924418646642360,3122809,qlever-server-d,S,0,0,414310,214341,8,0,futex_do_wait
4924418646642360,3122810,qlever-server-d,S,6,38,447563782,161374650,3307,5,futex_do_wait
4924418646642360,3122811,qlever-server-d,S,7,40,478718722,156430652,3322,6,ep_poll
4924418646642360,3123964,qlever-server-d,S,0,0,9329123,15010368,269,5,futex_do_wait
4924418646642360,3123965,qlever-server-d,R,1192,3,11962345341,29375778,284,8,0
4924418646642360,0,__system__,-,1024729391,7867699765,0,0,0,-1,-
4924418666651549,3122254,qlever-server-d,S,991,1709,27010922485,9287664,1206,9,futex_do_wait
4924418666651549,3122258,qlever-server-d,S,0,0,4950613,817031,41,14,futex_do_wait
4924418666651549,3122806,qlever-server-d,R,3975,9,39850192012,13995597,375,9,0
4924418666651549,3122807,qlever-server-d,S,0,0,10120,0,1,1,futex_do_wait
4924418666651549,3122808,qlever-server-d,S,0,0,93120,0,4,9,ep_poll
4924418666651549,3122809,qlever-server-d,S,0,0,414310,214341,8,0,futex_do_wait
4924418666651549,3122810,qlever-server-d,S,6,38,447999552,161374650,3308,14,futex_do_wait
4924418666651549,3122811,qlever-server-d,S,7,40,478767402,156430652,3324,4,ep_poll
4924418666651549,3123964,qlever-server-d,S,0,0,9329123,15010368,269,5,futex_do_wait
4924418666651549,3123965,qlever-server-d,R,1194,3,11982345362,29375778,284,8,0
4924418666651549,0,__system__,-,1024729412,7867699798,0,0,0,-1,-
4924418686641938,3122254,qlever-server-d,S,991,1709,27010922485,9287664,1206,9,futex_do_wait
4924418686641938,3122258,qlever-server-d,S,0,0,4950613,817031,41,14,futex_do_wait
4924418686641938,3122806,qlever-server-d,R,3977,9,39869724283,13995597,375,9,0
4924418686641938,3122807,qlever-server-d,S,0,0,10120,0,1,1,futex_do_wait
4924418686641938,3122808,qlever-server-d,S,0,0,93120,0,4,9,ep_poll
4924418686641938,3122809,qlever-server-d,S,0,0,414310,214341,8,0,futex_do_wait
4924418686641938,3122810,qlever-server-d,S,6,38,448451092,161374650,3309,15,futex_do_wait
4924418686641938,3122811,qlever-server-d,S,7,40,478807252,156430652,3326,5,ep_poll
4924418686641938,3123964,qlever-server-d,S,0,0,9368043,15010368,270,6,futex_do_wait
4924418686641938,3123965,qlever-server-d,R,1196,3,12002345483,29375778,284,8,0
4924418686641938,0,__system__,-,1024729432,7867699829,0,0,0,-1,-
4924418706644587,3122254,qlever-server-d,S,991,1709,27010922485,9287664,1206,9,futex_do_wait
4924418706644587,3122258,qlever-server-d,S,0,0,4950613,817031,41,14,futex_do_wait
4924418706644587,3122806,qlever-server-d,R,3979,9,39889725474,13995597,375,9,0
4924418706644587,3122807,qlever-server-d,S,0,0,10120,0,1,1,futex_do_wait
4924418706644587,3122808,qlever-server-d,S,0,0,93120,0,4,9,ep_poll
4924418706644587,3122809,qlever-server-d,S,0,0,414310,214341,8,0,futex_do_wait
4924418706644587,3122810,qlever-server-d,S,6,38,448908292,161374650,3310,15,futex_do_wait
4924418706644587,3122811,qlever-server-d,S,7,40,478843352,156430652,3328,6,ep_poll
4924418706644587,3123964,qlever-server-d,S,0,0,9368043,15010368,270,6,futex_do_wait
4924418706644587,3123965,qlever-server-d,R,1198,3,12022346834,29375778,284,8,0
4924418706644587,0,__system__,-,1024729453,7867699861,0,0,0,-1,-
4924418726652295,3122254,qlever-server-d,S,991,1709,27010922485,9287664,1206,9,futex_do_wait
4924418726652295,3122258,qlever-server-d,S,0,0,4950613,817031,41,14,futex_do_wait
4924418726652295,3122806,qlever-server-d,R,3981,9,39909723695,13995597,375,9,0
4924418726652295,3122807,qlever-server-d,S,0,0,10120,0,1,1,futex_do_wait
4924418726652295,3122808,qlever-server-d,S,0,0,93120,0,4,9,ep_poll
4924418726652295,3122809,qlever-server-d,S,0,0,414310,214341,8,0,futex_do_wait
4924418726652295,3122810,qlever-server-d,S,6,38,449322453,161374650,3311,15,futex_do_wait
4924418726652295,3122811,qlever-server-d,S,7,40,478882562,156430652,3330,7,ep_poll
4924418726652295,3123964,qlever-server-d,S,0,0,9395133,15010368,271,7,futex_do_wait
4924418726652295,3123965,qlever-server-d,R,1200,3,12042345545,29375778,284,8,0
4924418726652295,0,__system__,-,1024729472,7867699891,0,0,0,-1,-
4924418746642994,3122254,qlever-server-d,S,991,1709,27010922485,9287664,1206,9,futex_do_wait
4924418746642994,3122258,qlever-server-d,S,0,0,4950613,817031,41,14,futex_do_wait
4924418746642994,3122806,qlever-server-d,R,3983,9,39929722546,13995597,375,9,0
4924418746642994,3122807,qlever-server-d,S,0,0,10120,0,1,1,futex_do_wait
4924418746642994,3122808,qlever-server-d,S,0,0,93120,0,4,9,ep_poll
4924418746642994,3122809,qlever-server-d,S,0,0,414310,214341,8,0,futex_do_wait
4924418746642994,3122810,qlever-server-d,S,6,38,449786003,161374650,3312,5,futex_do_wait
4924418746642994,3122811,qlever-server-d,S,7,40,478904342,156624452,3331,5,ep_poll
4924418746642994,3123964,qlever-server-d,S,0,0,9395133,15010368,271,7,futex_do_wait
4924418746642994,3123965,qlever-server-d,R,1202,3,12062346817,29375778,284,8,0
4924418746642994,0,__system__,-,1024729495,7867699923,0,0,0,-1,-
4924418766641963,3122254,qlever-server-d,S,991,1709,27010922485,9287664,1206,9,futex_do_wait
4924418766641963,3122258,qlever-server-d,S,0,0,4950613,817031,41,14,futex_do_wait
4924418766641963,3122806,qlever-server-d,R,3985,9,39949697607,14020707,376,9,0
4924418766641963,3122807,qlever-server-d,S,0,0,10120,0,1,1,futex_do_wait
4924418766641963,3122808,qlever-server-d,S,0,0,93120,0,4,9,ep_poll
4924418766641963,3122809,qlever-server-d,S,0,0,414310,214341,8,0,futex_do_wait
4924418766641963,3122810,qlever-server-d,S,6,38,450227253,161374650,3313,15,futex_do_wait
4924418766641963,3122811,qlever-server-d,S,7,40,478940382,156627662,3333,14,ep_poll
4924418766641963,3123964,qlever-server-d,S,0,0,9395133,15010368,271,7,futex_do_wait
4924418766641963,3123965,qlever-server-d,R,1204,3,12082348278,29375778,284,8,0
4924418766641963,0,__system__,-,1024729516,7867699955,0,0,0,-1,-
4924418786649712,3122254,qlever-server-d,S,991,1709,27010922485,9287664,1206,9,futex_do_wait
4924418786649712,3122258,qlever-server-d,S,0,0,4950613,817031,41,14,futex_do_wait
4924418786649712,3122806,qlever-server-d,R,3987,9,39969698798,14020707,376,9,0
4924418786649712,3122807,qlever-server-d,S,0,0,10120,0,1,1,futex_do_wait
4924418786649712,3122808,qlever-server-d,S,0,0,93120,0,4,9,ep_poll
4924418786649712,3122809,qlever-server-d,S,0,0,414310,214341,8,0,futex_do_wait
4924418786649712,3122810,qlever-server-d,R,6,38,451011483,161374650,3315,5,0
4924418786649712,3122811,qlever-server-d,R,7,40,479029272,156627662,3337,7,ep_poll
4924418786649712,3123964,qlever-server-d,S,0,0,9437043,15010368,272,7,futex_do_wait
4924418786649712,3123965,qlever-server-d,R,1206,3,12102346409,29375778,284,8,0
4924418786649712,0,__system__,-,1024729537,7867699988,0,0,0,-1,-
4924418806640581,3122254,qlever-server-d,S,991,1709,27010922485,9287664,1206,9,futex_do_wait
4924418806640581,3122258,qlever-server-d,S,0,0,4950613,817031,41,14,futex_do_wait
4924418806640581,3122806,qlever-server-d,R,3989,9,39989697839,14020707,376,9,0
4924418806640581,3122807,qlever-server-d,S,0,0,10120,0,1,1,futex_do_wait
4924418806640581,3122808,qlever-server-d,S,0,0,93120,0,4,9,ep_poll
4924418806640581,3122809,qlever-server-d,S,0,0,414310,214341,8,0,futex_do_wait
4924418806640581,3122810,qlever-server-d,S,6,38,451546364,161374650,3316,15,futex_do_wait
4924418806640581,3122811,qlever-server-d,S,7,40,479074112,156627662,3339,7,ep_poll
4924418806640581,3123964,qlever-server-d,S,0,0,9437043,15010368,272,7,futex_do_wait
4924418806640581,3123965,qlever-server-d,R,1208,3,12122346760,29375778,284,8,0
4924418806640581,0,__system__,-,1024729559,7867700021,0,0,0,-1,-
4924418826626910,3122254,qlever-server-d,S,991,1709,27010922485,9287664,1206,9,futex_do_wait
4924418826626910,3122258,qlever-server-d,S,0,0,4950613,817031,41,14,futex_do_wait
4924418826626910,3122806,qlever-server-d,R,3991,9,40009676710,14043437,377,9,0
4924418826626910,3122807,qlever-server-d,S,0,0,10120,0,1,1,futex_do_wait
4924418826626910,3122808,qlever-server-d,S,0,0,93120,0,4,9,ep_poll
4924418826626910,3122809,qlever-server-d,S,0,0,414310,214341,8,0,futex_do_wait
4924418826626910,3122810,qlever-server-d,S,6,38,452023554,161374650,3317,13,futex_do_wait
4924418826626910,3122811,qlever-server-d,S,7,40,479116132,156627662,3341,15,ep_poll
4924418826626910,3123964,qlever-server-d,S,0,0,9455373,15010368,273,13,futex_do_wait
4924418826626910,3123965,qlever-server-d,R,1210,3,12142298761,29423038,285,8,0
4924418826626910,0,__system__,-,1024729579,7867700052,0,0,0,-1,-
4924418846636698,3122254,qlever-server-d,S,991,1709,27010922485,9287664,1206,9,futex_do_wait
4924418846636698,3122258,qlever-server-d,S,0,0,4950613,817031,41,14,futex_do_wait
4924418846636698,3122806,qlever-server-d,R,3993,9,40029676502,14043437,377,9,0
4924418846636698,3122807,qlever-server-d,S,0,0,10120,0,1,1,futex_do_wait
4924418846636698,3122808,qlever-server-d,S,0,0,93120,0,4,9,ep_poll
4924418846636698,3122809,qlever-server-d,S,0,0,414310,214341,8,0,futex_do_wait
4924418846636698,3122810,qlever-server-d,S,6,38,452467134,161374650,3318,13,futex_do_wait
4924418846636698,3122811,qlever-server-d,S,7,40,479156342,156627662,3343,15,ep_poll
4924418846636698,3123964,qlever-server-d,S,0,0,9455373,15010368,273,13,futex_do_wait
4924418846636698,3123965,qlever-server-d,R,1212,3,12162300262,29423038,285,8,0
4924418846636698,0,__system__,-,1024729599,7867700083,0,0,0,-1,-
4924418866647807,3122254,qlever-server-d,S,991,1709,27010922485,9287664,1206,9,futex_do_wait
4924418866647807,3122258,qlever-server-d,S,0,0,4950613,817031,41,14,futex_do_wait
4924418866647807,3122806,qlever-server-d,R,3995,9,40049676653,14043437,377,9,0
4924418866647807,3122807,qlever-server-d,S,0,0,10120,0,1,1,futex_do_wait
4924418866647807,3122808,qlever-server-d,S,0,0,93120,0,4,9,ep_poll
4924418866647807,3122809,qlever-server-d,S,0,0,414310,214341,8,0,futex_do_wait
4924418866647807,3122810,qlever-server-d,S,6,38,453027264,161374650,3320,13,futex_do_wait
4924418866647807,3122811,qlever-server-d,S,7,40,479224192,156627662,3346,4,ep_poll
4924418866647807,3123964,qlever-server-d,S,0,0,9455373,15010368,273,13,futex_do_wait
4924418866647807,3123965,qlever-server-d,S,1214,3,12182135793,29423038,285,8,futex_do_wait
4924418866647807,0,__system__,-,1024729622,7867700116,0,0,0,-1,-
4924418886628846,3122254,qlever-server-d,S,991,1709,27010922485,9287664,1206,9,futex_do_wait
4924418886628846,3122258,qlever-server-d,S,0,0,4950613,817031,41,14,futex_do_wait
4924418886628846,3122806,qlever-server-d,S,3996,9,40058152787,14043437,377,9,futex_do_wait
4924418886628846,3122807,qlever-server-d,S,0,0,10120,0,1,1,futex_do_wait
4924418886628846,3122808,qlever-server-d,S,0,0,137670,0,5,1,ep_poll
4924418886628846,3122809,qlever-server-d,S,0,0,459130,214341,9,0,futex_do_wait
4924418886628846,3122810,qlever-server-d,S,6,38,453740476,161374650,3324,13,futex_do_wait
4924418886628846,3122811,qlever-server-d,S,7,40,479306202,157563422,3350,7,ep_poll
4924418886628846,0,__system__,-,1024729642,7867700148,0,0,0,-1,-
4924418906637515,3122254,qlever-server-d,S,991,1709,27010922485,9287664,1206,9,futex_do_wait
4924418906637515,3122258,qlever-server-d,S,0,0,4950613,817031,41,14,futex_do_wait
4924418906637515,3122806,qlever-server-d,S,3996,9,40058152787,14043437,377,9,futex_do_wait
4924418906637515,3122807,qlever-server-d,S,0,0,10120,0,1,1,futex_do_wait
4924418906637515,3122808,qlever-server-d,S,0,0,137670,0,5,1,ep_poll
4924418906637515,3122809,qlever-server-d,S,0,0,459130,214341,9,0,futex_do_wait
4924418906637515,3122810,qlever-server-d,S,6,38,453740476,161374650,3324,13,futex_do_wait
4924418906637515,3122811,qlever-server-d,S,7,40,479306202,157563422,3350,7,ep_poll
4924418906637515,0,__system__,-,1024729660,7867700180,0,0,0,-1,-
4924418926632884,3122254,qlever-server-d,S,991,1709,27010922485,9287664,1206,9,futex_do_wait
4924418926632884,3122258,qlever-server-d,S,0,0,4950613,817031,41,14,futex_do_wait
4924418926632884,3122806,qlever-server-d,S,3996,9,40058152787,14043437,377,9,futex_do_wait
4924418926632884,3122807,qlever-server-d,S,0,0,10120,0,1,1,futex_do_wait
4924418926632884,3122808,qlever-server-d,S,0,0,137670,0,5,1,ep_poll
4924418926632884,3122809,qlever-server-d,S,0,0,459130,214341,9,0,futex_do_wait
4924418926632884,3122810,qlever-server-d,S,6,38,453740476,161374650,3324,13,futex_do_wait
4924418926632884,3122811,qlever-server-d,S,7,40,479306202,157563422,3350,7,ep_poll
4924418926632884,0,__system__,-,1024729676,7867700211,0,0,0,-1,-
4924418946630073,3122254,qlever-server-d,S,991,1709,27010922485,9287664,1206,9,futex_do_wait
4924418946630073,3122258,qlever-server-d,S,0,0,4950613,817031,41,14,futex_do_wait
4924418946630073,3122806,qlever-server-d,S,3996,9,40058152787,14043437,377,9,futex_do_wait
4924418946630073,3122807,qlever-server-d,S,0,0,10120,0,1,1,futex_do_wait
4924418946630073,3122808,qlever-server-d,S,0,0,137670,0,5,1,ep_poll
4924418946630073,3122809,qlever-server-d,S,0,0,459130,214341,9,0,futex_do_wait
4924418946630073,3122810,qlever-server-d,S,6,38,453740476,161374650,3324,13,futex_do_wait
4924418946630073,3122811,qlever-server-d,S,7,40,479306202,157563422,3350,7,ep_poll
4924418946630073,0,__system__,-,1024729693,7867700244,0,0,0,-1,-
4924418966636152,3122254,qlever-server-d,S,991,1709,27010922485,9287664,1206,9,futex_do_wait
4924418966636152,3122258,qlever-server-d,S,0,0,4950613,817031,41,14,futex_do_wait
4924418966636152,3122806,qlever-server-d,S,3996,9,40058152787,14043437,377,9,futex_do_wait
4924418966636152,3122807,qlever-server-d,S,0,0,10120,0,1,1,futex_do_wait
4924418966636152,3122808,qlever-server-d,S,0,0,137670,0,5,1,ep_poll
4924418966636152,3122809,qlever-server-d,S,0,0,459130,214341,9,0,futex_do_wait
4924418966636152,3122810,qlever-server-d,S,6,38,453740476,161374650,3324,13,futex_do_wait
4924418966636152,3122811,qlever-server-d,S,7,40,479306202,157563422,3350,7,ep_poll
4924418966636152,0,__system__,-,1024729708,7867700274,0,0,0,-1,-
4924418986636060,3122254,qlever-server-d,S,991,1709,27010922485,9287664,1206,9,futex_do_wait
4924418986636060,3122258,qlever-server-d,S,0,0,4950613,817031,41,14,futex_do_wait
4924418986636060,3122806,qlever-server-d,S,3996,9,40058152787,14043437,377,9,futex_do_wait
4924418986636060,3122807,qlever-server-d,S,0,0,10120,0,1,1,futex_do_wait
4924418986636060,3122808,qlever-server-d,S,0,0,137670,0,5,1,ep_poll
4924418986636060,3122809,qlever-server-d,S,0,0,459130,214341,9,0,futex_do_wait
4924418986636060,3122810,qlever-server-d,S,6,38,453740476,161374650,3324,13,futex_do_wait
4924418986636060,3122811,qlever-server-d,S,7,40,479306202,157563422,3350,7,ep_poll
4924418986636060,0,__system__,-,1024729725,7867700305,0,0,0,-1,-
4924419006632369,3122254,qlever-server-d,S,991,1709,27010922485,9287664,1206,9,futex_do_wait
4924419006632369,3122258,qlever-server-d,S,0,0,4950613,817031,41,14,futex_do_wait
4924419006632369,3122806,qlever-server-d,S,3996,9,40058152787,14043437,377,9,futex_do_wait
4924419006632369,3122807,qlever-server-d,S,0,0,10120,0,1,1,futex_do_wait
4924419006632369,3122808,qlever-server-d,S,0,0,137670,0,5,1,ep_poll
4924419006632369,3122809,qlever-server-d,S,0,0,459130,214341,9,0,futex_do_wait
4924419006632369,3122810,qlever-server-d,S,6,38,453740476,161374650,3324,13,futex_do_wait
4924419006632369,3122811,qlever-server-d,S,7,40,479306202,157563422,3350,7,ep_poll
4924419006632369,0,__system__,-,1024729744,7867700338,0,0,0,-1,-
4924419026631348,3122254,qlever-server-d,S,991,1709,27010922485,9287664,1206,9,futex_do_wait
4924419026631348,3122258,qlever-server-d,S,0,0,4950613,817031,41,14,futex_do_wait
4924419026631348,3122806,qlever-server-d,S,3996,9,40058152787,14043437,377,9,futex_do_wait
4924419026631348,3122807,qlever-server-d,S,0,0,10120,0,1,1,futex_do_wait
4924419026631348,3122808,qlever-server-d,S,0,0,137670,0,5,1,ep_poll
4924419026631348,3122809,qlever-server-d,S,0,0,459130,214341,9,0,futex_do_wait
4924419026631348,3122810,qlever-server-d,S,6,38,453740476,161374650,3324,13,futex_do_wait
4924419026631348,3122811,qlever-server-d,S,7,40,479306202,157563422,3350,7,ep_poll
4924419026631348,0,__system__,-,1024729760,7867700370,0,0,0,-1,-
4924419046635967,3122254,qlever-server-d,S,991,1709,27010922485,9287664,1206,9,futex_do_wait
4924419046635967,3122258,qlever-server-d,S,0,0,4950613,817031,41,14,futex_do_wait
4924419046635967,3122806,qlever-server-d,S,3996,9,40058152787,14043437,377,9,futex_do_wait
4924419046635967,3122807,qlever-server-d,S,0,0,10120,0,1,1,futex_do_wait
4924419046635967,3122808,qlever-server-d,S,0,0,137670,0,5,1,ep_poll
4924419046635967,3122809,qlever-server-d,S,0,0,459130,214341,9,0,futex_do_wait
4924419046635967,3122810,qlever-server-d,S,6,38,453740476,161374650,3324,13,futex_do_wait
4924419046635967,3122811,qlever-server-d,S,7,40,479306202,157563422,3350,7,ep_poll
4924419046635967,0,__system__,-,1024729777,7867700402,0,0,0,-1,-
4924419066638856,3122254,qlever-server-d,S,991,1709,27010922485,9287664,1206,9,futex_do_wait
4924419066638856,3122258,qlever-server-d,S,0,0,4950613,817031,41,14,futex_do_wait
4924419066638856,3122806,qlever-server-d,S,3996,9,40058152787,14043437,377,9,futex_do_wait
4924419066638856,3122807,qlever-server-d,S,0,0,10120,0,1,1,futex_do_wait
4924419066638856,3122808,qlever-server-d,S,0,0,137670,0,5,1,ep_poll
4924419066638856,3122809,qlever-server-d,S,0,0,459130,214341,9,0,futex_do_wait
4924419066638856,3122810,qlever-server-d,S,6,38,453740476,161374650,3324,13,futex_do_wait
4924419066638856,3122811,qlever-server-d,S,7,40,479306202,157563422,3350,7,ep_poll
4924419066638856,0,__system__,-,1024729792,7867700433,0,0,0,-1,-
4924419086629245,3122254,qlever-server-d,S,991,1709,27010922485,9287664,1206,9,futex_do_wait
4924419086629245,3122258,qlever-server-d,S,0,0,4950613,817031,41,14,futex_do_wait
4924419086629245,3122806,qlever-server-d,S,3996,9,40058152787,14043437,377,9,futex_do_wait
4924419086629245,3122807,qlever-server-d,S,0,0,10120,0,1,1,futex_do_wait
4924419086629245,3122808,qlever-server-d,S,0,0,137670,0,5,1,ep_poll
4924419086629245,3122809,qlever-server-d,S,0,0,459130,214341,9,0,futex_do_wait
4924419086629245,3122810,qlever-server-d,S,6,38,453740476,161374650,3324,13,futex_do_wait
4924419086629245,3122811,qlever-server-d,S,7,40,479306202,157563422,3350,7,ep_poll
4924419086629245,0,__system__,-,1024729809,7867700465,0,0,0,-1,-
4924419106627443,3122254,qlever-server-d,S,991,1709,27010922485,9287664,1206,9,futex_do_wait
4924419106627443,3122258,qlever-server-d,S,0,0,4950613,817031,41,14,futex_do_wait
4924419106627443,3122806,qlever-server-d,S,3996,9,40058152787,14043437,377,9,futex_do_wait
4924419106627443,3122807,qlever-server-d,S,0,0,10120,0,1,1,futex_do_wait
4924419106627443,3122808,qlever-server-d,S,0,0,137670,0,5,1,ep_poll
4924419106627443,3122809,qlever-server-d,S,0,0,459130,214341,9,0,futex_do_wait
4924419106627443,3122810,qlever-server-d,S,6,38,453740476,161374650,3324,13,futex_do_wait
4924419106627443,3122811,qlever-server-d,S,7,40,479306202,157563422,3350,7,ep_poll
4924419106627443,0,__system__,-,1024729826,7867700496,0,0,0,-1,-
4924419126631172,3122254,qlever-server-d,S,991,1709,27010922485,9287664,1206,9,futex_do_wait
4924419126631172,3122258,qlever-server-d,S,0,0,4950613,817031,41,14,futex_do_wait
4924419126631172,3122806,qlever-server-d,S,3996,9,40058152787,14043437,377,9,futex_do_wait
4924419126631172,3122807,qlever-server-d,S,0,0,10120,0,1,1,futex_do_wait
4924419126631172,3122808,qlever-server-d,S,0,0,137670,0,5,1,ep_poll
4924419126631172,3122809,qlever-server-d,S,0,0,459130,214341,9,0,futex_do_wait
4924419126631172,3122810,qlever-server-d,S,6,38,453740476,161374650,3324,13,futex_do_wait
4924419126631172,3122811,qlever-server-d,S,7,40,479306202,157563422,3350,7,ep_poll
4924419126631172,0,__system__,-,1024729844,7867700528,0,0,0,-1,-
4924419146623511,3122254,qlever-server-d,S,991,1709,27010922485,9287664,1206,9,futex_do_wait
4924419146623511,3122258,qlever-server-d,S,0,0,4950613,817031,41,14,futex_do_wait
4924419146623511,3122806,qlever-server-d,S,3996,9,40058152787,14043437,377,9,futex_do_wait
4924419146623511,3122807,qlever-server-d,S,0,0,10120,0,1,1,futex_do_wait
4924419146623511,3122808,qlever-server-d,S,0,0,137670,0,5,1,ep_poll
4924419146623511,3122809,qlever-server-d,S,0,0,459130,214341,9,0,futex_do_wait
4924419146623511,3122810,qlever-server-d,S,6,38,453740476,161374650,3324,13,futex_do_wait
4924419146623511,3122811,qlever-server-d,S,7,40,479306202,157563422,3350,7,ep_poll
4924419146623511,0,__system__,-,1024729860,7867700560,0,0,0,-1,-
4924419166626890,3122254,qlever-server-d,S,991,1709,27010922485,9287664,1206,9,futex_do_wait
4924419166626890,3122258,qlever-server-d,S,0,0,4950613,817031,41,14,futex_do_wait
4924419166626890,3122806,qlever-server-d,S,3996,9,40058152787,14043437,377,9,futex_do_wait
4924419166626890,3122807,qlever-server-d,S,0,0,10120,0,1,1,futex_do_wait
4924419166626890,3122808,qlever-server-d,S,0,0,137670,0,5,1,ep_poll
4924419166626890,3122809,qlever-server-d,S,0,0,459130,214341,9,0,futex_do_wait
4924419166626890,3122810,qlever-server-d,S,6,38,453740476,161374650,3324,13,futex_do_wait
4924419166626890,3122811,qlever-server-d,S,7,40,479306202,157563422,3350,7,ep_poll
4924419166626890,0,__system__,-,1024729877,7867700593,0,0,0,-1,-
4924419186630469,3122254,qlever-server-d,S,991,1709,27010922485,9287664,1206,9,futex_do_wait
4924419186630469,3122258,qlever-server-d,S,0,0,4950613,817031,41,14,futex_do_wait
4924419186630469,3122806,qlever-server-d,S,3996,9,40058152787,14043437,377,9,futex_do_wait
4924419186630469,3122807,qlever-server-d,S,0,0,10120,0,1,1,futex_do_wait
4924419186630469,3122808,qlever-server-d,S,0,0,137670,0,5,1,ep_poll
4924419186630469,3122809,qlever-server-d,S,0,0,459130,214341,9,0,futex_do_wait
4924419186630469,3122810,qlever-server-d,S,6,38,453740476,161374650,3324,13,futex_do_wait
4924419186630469,3122811,qlever-server-d,S,7,40,479306202,157563422,3350,7,ep_poll
4924419186630469,0,__system__,-,1024729894,7867700625,0,0,0,-1,-
4924419206637638,3122254,qlever-server-d,S,991,1709,27010922485,9287664,1206,9,futex_do_wait
4924419206637638,3122258,qlever-server-d,S,0,0,4950613,817031,41,14,futex_do_wait
4924419206637638,3122806,qlever-server-d,S,3996,9,40058152787,14043437,377,9,futex_do_wait
4924419206637638,3122807,qlever-server-d,S,0,0,10120,0,1,1,futex_do_wait
4924419206637638,3122808,qlever-server-d,S,0,0,137670,0,5,1,ep_poll
4924419206637638,3122809,qlever-server-d,S,0,0,459130,214341,9,0,futex_do_wait
4924419206637638,3122810,qlever-server-d,S,6,38,453740476,161374650,3324,13,futex_do_wait
4924419206637638,3122811,qlever-server-d,S,7,40,479306202,157563422,3350,7,ep_poll
4924419206637638,0,__system__,-,1024729913,7867700657,0,0,0,-1,-
4924419226628866,3122254,qlever-server-d,S,991,1709,27010922485,9287664,1206,9,futex_do_wait
4924419226628866,3122258,qlever-server-d,S,0,0,4950613,817031,41,14,futex_do_wait
4924419226628866,3122806,qlever-server-d,S,3996,9,40058152787,14043437,377,9,futex_do_wait
4924419226628866,3122807,qlever-server-d,S,0,0,10120,0,1,1,futex_do_wait
4924419226628866,3122808,qlever-server-d,S,0,0,137670,0,5,1,ep_poll
4924419226628866,3122809,qlever-server-d,S,0,0,459130,214341,9,0,futex_do_wait
4924419226628866,3122810,qlever-server-d,S,6,38,453740476,161374650,3324,13,futex_do_wait
4924419226628866,3122811,qlever-server-d,S,7,40,479306202,157563422,3350,7,ep_poll
4924419226628866,0,__system__,-,1024729933,7867700688,0,0,0,-1,-
4924419246633535,3122254,qlever-server-d,S,991,1709,27010922485,9287664,1206,9,futex_do_wait
4924419246633535,3122258,qlever-server-d,S,0,0,4950613,817031,41,14,futex_do_wait
4924419246633535,3122806,qlever-server-d,S,3996,9,40058152787,14043437,377,9,futex_do_wait
4924419246633535,3122807,qlever-server-d,S,0,0,10120,0,1,1,futex_do_wait
4924419246633535,3122808,qlever-server-d,S,0,0,137670,0,5,1,ep_poll
4924419246633535,3122809,qlever-server-d,S,0,0,459130,214341,9,0,futex_do_wait
4924419246633535,3122810,qlever-server-d,S,6,38,453740476,161374650,3324,13,futex_do_wait
4924419246633535,3122811,qlever-server-d,S,7,40,479306202,157563422,3350,7,ep_poll
4924419246633535,0,__system__,-,1024729954,7867700720,0,0,0,-1,-
4924419266623914,3122254,qlever-server-d,S,991,1709,27010922485,9287664,1206,9,futex_do_wait
4924419266623914,3122258,qlever-server-d,S,0,0,4950613,817031,41,14,futex_do_wait
4924419266623914,3122806,qlever-server-d,S,3996,9,40058152787,14043437,377,9,futex_do_wait
4924419266623914,3122807,qlever-server-d,S,0,0,10120,0,1,1,futex_do_wait
4924419266623914,3122808,qlever-server-d,S,0,0,137670,0,5,1,ep_poll
4924419266623914,3122809,qlever-server-d,S,0,0,459130,214341,9,0,futex_do_wait
4924419266623914,3122810,qlever-server-d,S,6,38,453740476,161374650,3324,13,futex_do_wait
4924419266623914,3122811,qlever-server-d,S,7,40,479306202,157563422,3350,7,ep_poll
4924419266623914,0,__system__,-,1024729973,7867700753,0,0,0,-1,-
4924419286631103,3122254,qlever-server-d,S,991,1709,27010922485,9287664,1206,9,futex_do_wait
4924419286631103,3122258,qlever-server-d,S,0,0,4950613,817031,41,14,futex_do_wait
4924419286631103,3122806,qlever-server-d,S,3996,9,40058152787,14043437,377,9,futex_do_wait
4924419286631103,3122807,qlever-server-d,S,0,0,10120,0,1,1,futex_do_wait
4924419286631103,3122808,qlever-server-d,S,0,0,137670,0,5,1,ep_poll
4924419286631103,3122809,qlever-server-d,S,0,0,459130,214341,9,0,futex_do_wait
4924419286631103,3122810,qlever-server-d,S,6,38,453740476,161374650,3324,13,futex_do_wait
4924419286631103,3122811,qlever-server-d,S,7,40,479306202,157563422,3350,7,ep_poll
4924419286631103,0,__system__,-,1024729989,7867700784,0,0,0,-1,-
4924419306632312,3122254,qlever-server-d,S,991,1709,27010922485,9287664,1206,9,futex_do_wait
4924419306632312,3122258,qlever-server-d,S,0,0,4950613,817031,41,14,futex_do_wait
4924419306632312,3122806,qlever-server-d,S,3996,9,40058152787,14043437,377,9,futex_do_wait
4924419306632312,3122807,qlever-server-d,S,0,0,10120,0,1,1,futex_do_wait
4924419306632312,3122808,qlever-server-d,S,0,0,137670,0,5,1,ep_poll
4924419306632312,3122809,qlever-server-d,S,0,0,459130,214341,9,0,futex_do_wait
4924419306632312,3122810,qlever-server-d,S,6,38,453740476,161374650,3324,13,futex_do_wait
4924419306632312,3122811,qlever-server-d,S,7,40,479306202,157563422,3350,7,ep_poll
4924419306632312,0,__system__,-,1024730005,7867700815,0,0,0,-1,-
4924419326638541,3122254,qlever-server-d,S,991,1709,27010922485,9287664,1206,9,futex_do_wait
4924419326638541,3122258,qlever-server-d,S,0,0,4950613,817031,41,14,futex_do_wait
4924419326638541,3122806,qlever-server-d,S,3996,9,40058152787,14043437,377,9,futex_do_wait
4924419326638541,3122807,qlever-server-d,S,0,0,10120,0,1,1,futex_do_wait
4924419326638541,3122808,qlever-server-d,S,0,0,137670,0,5,1,ep_poll
4924419326638541,3122809,qlever-server-d,S,0,0,459130,214341,9,0,futex_do_wait
4924419326638541,3122810,qlever-server-d,S,6,38,453740476,161374650,3324,13,futex_do_wait
4924419326638541,3122811,qlever-server-d,S,7,40,479306202,157563422,3350,7,ep_poll
4924419326638541,0,__system__,-,1024730022,7867700848,0,0,0,-1,-
4924419346630239,3122254,qlever-server-d,S,991,1709,27010922485,9287664,1206,9,futex_do_wait
4924419346630239,3122258,qlever-server-d,S,0,0,4950613,817031,41,14,futex_do_wait
4924419346630239,3122806,qlever-server-d,S,3996,9,40058152787,14043437,377,9,futex_do_wait
4924419346630239,3122807,qlever-server-d,S,0,0,10120,0,1,1,futex_do_wait
4924419346630239,3122808,qlever-server-d,S,0,0,137670,0,5,1,ep_poll
4924419346630239,3122809,qlever-server-d,S,0,0,459130,214341,9,0,futex_do_wait
4924419346630239,3122810,qlever-server-d,S,6,38,453740476,161374650,3324,13,futex_do_wait
4924419346630239,3122811,qlever-server-d,S,7,40,479306202,157563422,3350,7,ep_poll
4924419346630239,0,__system__,-,1024730037,7867700878,0,0,0,-1,-
4924419366632808,3122254,qlever-server-d,S,991,1709,27010922485,9287664,1206,9,futex_do_wait
4924419366632808,3122258,qlever-server-d,S,0,0,4950613,817031,41,14,futex_do_wait
4924419366632808,3122806,qlever-server-d,S,3996,9,40058152787,14043437,377,9,futex_do_wait
4924419366632808,3122807,qlever-server-d,S,0,0,10120,0,1,1,futex_do_wait
4924419366632808,3122808,qlever-server-d,S,0,0,137670,0,5,1,ep_poll
4924419366632808,3122809,qlever-server-d,S,0,0,459130,214341,9,0,futex_do_wait
4924419366632808,3122810,qlever-server-d,S,6,38,453740476,161374650,3324,13,futex_do_wait
4924419366632808,3122811,qlever-server-d,S,7,40,479306202,157563422,3350,7,ep_poll
4924419366632808,0,__system__,-,1024730057,7867700911,0,0,0,-1,-
4924419386633677,3122254,qlever-server-d,S,991,1709,27010922485,9287664,1206,9,futex_do_wait
4924419386633677,3122258,qlever-server-d,S,0,0,4950613,817031,41,14,futex_do_wait
4924419386633677,3122806,qlever-server-d,S,3996,9,40058152787,14043437,377,9,futex_do_wait
4924419386633677,3122807,qlever-server-d,S,0,0,10120,0,1,1,futex_do_wait
4924419386633677,3122808,qlever-server-d,S,0,0,137670,0,5,1,ep_poll
4924419386633677,3122809,qlever-server-d,S,0,0,459130,214341,9,0,futex_do_wait
4924419386633677,3122810,qlever-server-d,S,6,38,453740476,161374650,3324,13,futex_do_wait
4924419386633677,3122811,qlever-server-d,S,7,40,479306202,157563422,3350,7,ep_poll
4924419386633677,0,__system__,-,1024730074,7867700943,0,0,0,-1,-
4924419406635596,3122254,qlever-server-d,S,991,1709,27010922485,9287664,1206,9,futex_do_wait
4924419406635596,3122258,qlever-server-d,S,0,0,4950613,817031,41,14,futex_do_wait
4924419406635596,3122806,qlever-server-d,S,3996,9,40058152787,14043437,377,9,futex_do_wait
4924419406635596,3122807,qlever-server-d,S,0,0,10120,0,1,1,futex_do_wait
4924419406635596,3122808,qlever-server-d,S,0,0,137670,0,5,1,ep_poll
4924419406635596,3122809,qlever-server-d,S,0,0,459130,214341,9,0,futex_do_wait
4924419406635596,3122810,qlever-server-d,S,6,38,453740476,161374650,3324,13,futex_do_wait
4924419406635596,3122811,qlever-server-d,S,7,40,479306202,157563422,3350,7,ep_poll
4924419406635596,0,__system__,-,1024730091,7867700975,0,0,0,-1,-
4924419426624815,3122254,qlever-server-d,S,991,1709,27010922485,9287664,1206,9,futex_do_wait
4924419426624815,3122258,qlever-server-d,S,0,0,4950613,817031,41,14,futex_do_wait
4924419426624815,3122806,qlever-server-d,S,3996,9,40058152787,14043437,377,9,futex_do_wait
4924419426624815,3122807,qlever-server-d,S,0,0,10120,0,1,1,futex_do_wait
4924419426624815,3122808,qlever-server-d,S,0,0,137670,0,5,1,ep_poll
4924419426624815,3122809,qlever-server-d,S,0,0,459130,214341,9,0,futex_do_wait
4924419426624815,3122810,qlever-server-d,S,6,38,453740476,161374650,3324,13,futex_do_wait
4924419426624815,3122811,qlever-server-d,S,7,40,479306202,157563422,3350,7,ep_poll
4924419426624815,0,__system__,-,1024730107,7867701006,0,0,0,-1,-
4924419446628684,3122254,qlever-server-d,S,991,1709,27010922485,9287664,1206,9,futex_do_wait
4924419446628684,3122258,qlever-server-d,S,0,0,4950613,817031,41,14,futex_do_wait
4924419446628684,3122806,qlever-server-d,S,3996,9,40058152787,14043437,377,9,futex_do_wait
4924419446628684,3122807,qlever-server-d,S,0,0,10120,0,1,1,futex_do_wait
4924419446628684,3122808,qlever-server-d,S,0,0,137670,0,5,1,ep_poll
4924419446628684,3122809,qlever-server-d,S,0,0,459130,214341,9,0,futex_do_wait
4924419446628684,3122810,qlever-server-d,S,6,38,453740476,161374650,3324,13,futex_do_wait
4924419446628684,3122811,qlever-server-d,S,7,40,479306202,157563422,3350,7,ep_poll
4924419446628684,0,__system__,-,1024730124,7867701038,0,0,0,-1,-
4924419466637212,3122254,qlever-server-d,S,991,1709,27010922485,9287664,1206,9,futex_do_wait
4924419466637212,3122258,qlever-server-d,S,0,0,4950613,817031,41,14,futex_do_wait
4924419466637212,3122806,qlever-server-d,S,3996,9,40058152787,14043437,377,9,futex_do_wait
4924419466637212,3122807,qlever-server-d,S,0,0,10120,0,1,1,futex_do_wait
4924419466637212,3122808,qlever-server-d,S,0,0,137670,0,5,1,ep_poll
4924419466637212,3122809,qlever-server-d,S,0,0,459130,214341,9,0,futex_do_wait
4924419466637212,3122810,qlever-server-d,S,6,38,453740476,161374650,3324,13,futex_do_wait
4924419466637212,3122811,qlever-server-d,S,7,40,479306202,157563422,3350,7,ep_poll
4924419466637212,0,__system__,-,1024730140,7867701069,0,0,0,-1,-
4924419486630921,3122254,qlever-server-d,S,991,1709,27010922485,9287664,1206,9,futex_do_wait
4924419486630921,3122258,qlever-server-d,S,0,0,4950613,817031,41,14,futex_do_wait
4924419486630921,3122806,qlever-server-d,S,3996,9,40058152787,14043437,377,9,futex_do_wait
4924419486630921,3122807,qlever-server-d,S,0,0,10120,0,1,1,futex_do_wait
4924419486630921,3122808,qlever-server-d,S,0,0,137670,0,5,1,ep_poll
4924419486630921,3122809,qlever-server-d,S,0,0,459130,214341,9,0,futex_do_wait
4924419486630921,3122810,qlever-server-d,S,6,38,453740476,161374650,3324,13,futex_do_wait
4924419486630921,3122811,qlever-server-d,S,7,40,479306202,157563422,3350,7,ep_poll
4924419486630921,0,__system__,-,1024730159,7867701102,0,0,0,-1,-
4924419506630590,3122254,qlever-server-d,S,991,1709,27010922485,9287664,1206,9,futex_do_wait
4924419506630590,3122258,qlever-server-d,S,0,0,4950613,817031,41,14,futex_do_wait
4924419506630590,3122806,qlever-server-d,S,3996,9,40058152787,14043437,377,9,futex_do_wait
4924419506630590,3122807,qlever-server-d,S,0,0,10120,0,1,1,futex_do_wait
4924419506630590,3122808,qlever-server-d,S,0,0,137670,0,5,1,ep_poll
4924419506630590,3122809,qlever-server-d,S,0,0,459130,214341,9,0,futex_do_wait
4924419506630590,3122810,qlever-server-d,S,6,38,453740476,161374650,3324,13,futex_do_wait
4924419506630590,3122811,qlever-server-d,S,7,40,479306202,157563422,3350,7,ep_poll
4924419506630590,0,__system__,-,1024730176,7867701133,0,0,0,-1,-
4924419526629329,3122254,qlever-server-d,S,991,1709,27010922485,9287664,1206,9,futex_do_wait
4924419526629329,3122258,qlever-server-d,S,0,0,4950613,817031,41,14,futex_do_wait
4924419526629329,3122806,qlever-server-d,S,3996,9,40058152787,14043437,377,9,futex_do_wait
4924419526629329,3122807,qlever-server-d,S,0,0,10120,0,1,1,futex_do_wait
4924419526629329,3122808,qlever-server-d,S,0,0,137670,0,5,1,ep_poll
4924419526629329,3122809,qlever-server-d,S,0,0,459130,214341,9,0,futex_do_wait
4924419526629329,3122810,qlever-server-d,S,6,38,453740476,161374650,3324,13,futex_do_wait
4924419526629329,3122811,qlever-server-d,S,7,40,479306202,157563422,3350,7,ep_poll
4924419526629329,0,__system__,-,1024730192,7867701164,0,0,0,-1,-
4924419546633648,3122254,qlever-server-d,S,991,1709,27010922485,9287664,1206,9,futex_do_wait
4924419546633648,3122258,qlever-server-d,S,0,0,4950613,817031,41,14,futex_do_wait
4924419546633648,3122806,qlever-server-d,S,3996,9,40058152787,14043437,377,9,futex_do_wait
4924419546633648,3122807,qlever-server-d,S,0,0,10120,0,1,1,futex_do_wait
4924419546633648,3122808,qlever-server-d,S,0,0,137670,0,5,1,ep_poll
4924419546633648,3122809,qlever-server-d,S,0,0,459130,214341,9,0,futex_do_wait
4924419546633648,3122810,qlever-server-d,S,6,38,453740476,161374650,3324,13,futex_do_wait
4924419546633648,3122811,qlever-server-d,S,7,40,479306202,157563422,3350,7,ep_poll
4924419546633648,0,__system__,-,1024730209,7867701196,0,0,0,-1,-
4924419566636987,3122254,qlever-server-d,S,991,1709,27010922485,9287664,1206,9,futex_do_wait
4924419566636987,3122258,qlever-server-d,S,0,0,4950613,817031,41,14,futex_do_wait
4924419566636987,3122806,qlever-server-d,S,3996,9,40058152787,14043437,377,9,futex_do_wait
4924419566636987,3122807,qlever-server-d,S,0,0,10120,0,1,1,futex_do_wait
4924419566636987,3122808,qlever-server-d,S,0,0,137670,0,5,1,ep_poll
4924419566636987,3122809,qlever-server-d,S,0,0,459130,214341,9,0,futex_do_wait
4924419566636987,3122810,qlever-server-d,S,6,38,453740476,161374650,3324,13,futex_do_wait
4924419566636987,3122811,qlever-server-d,S,7,40,479306202,157563422,3350,7,ep_poll
4924419566636987,0,__system__,-,1024730226,7867701229,0,0,0,-1,-
4924419586621926,3122254,qlever-server-d,S,991,1709,27010922485,9287664,1206,9,futex_do_wait
4924419586621926,3122258,qlever-server-d,S,0,0,4950613,817031,41,14,futex_do_wait
4924419586621926,3122806,qlever-server-d,S,3996,9,40058152787,14043437,377,9,futex_do_wait
4924419586621926,3122807,qlever-server-d,S,0,0,10120,0,1,1,futex_do_wait
4924419586621926,3122808,qlever-server-d,S,0,0,137670,0,5,1,ep_poll
4924419586621926,3122809,qlever-server-d,S,0,0,459130,214341,9,0,futex_do_wait
4924419586621926,3122810,qlever-server-d,S,6,38,453740476,161374650,3324,13,futex_do_wait
4924419586621926,3122811,qlever-server-d,S,7,40,479306202,157563422,3350,7,ep_poll
4924419586621926,0,__system__,-,1024730242,7867701260,0,0,0,-1,-
4924419606630284,3122254,qlever-server-d,S,991,1709,27010922485,9287664,1206,9,futex_do_wait
4924419606630284,3122258,qlever-server-d,S,0,0,4950613,817031,41,14,futex_do_wait
4924419606630284,3122806,qlever-server-d,S,3996,9,40058152787,14043437,377,9,futex_do_wait
4924419606630284,3122807,qlever-server-d,S,0,0,10120,0,1,1,futex_do_wait
4924419606630284,3122808,qlever-server-d,S,0,0,137670,0,5,1,ep_poll
4924419606630284,3122809,qlever-server-d,S,0,0,459130,214341,9,0,futex_do_wait
4924419606630284,3122810,qlever-server-d,S,6,38,453740476,161374650,3324,13,futex_do_wait
4924419606630284,3122811,qlever-server-d,S,7,40,479306202,157563422,3350,7,ep_poll
4924419606630284,0,__system__,-,1024730260,7867701292,0,0,0,-1,-
