slot,submitted_ns,started_ns,completed_ns,helper,cpu_ns,status
0,4924376100910323,4924376100944303,4924376125455687,1,23970533,Completed
1,4924376100917293,4924376125460367,4924376146642476,1,21152501,Completed
2,4924376100917943,4924376146648656,4924376167529767,1,20880382,Completed
3,4924376100922763,4924376167533937,4924376190215675,1,22681173,Completed
4,4924376100923273,4924376190219425,4924376211975010,1,21755042,Completed
5,4924376100924423,4924376211978650,4924376229554067,1,17559230,Completed
6,4924376100926973,4924376229557827,4924376246561468,1,17002969,Completed
7,4924376100927363,4924376246567038,4924376260104665,1,13537007,Completed
8,4924376100927643,4924376260109155,4924376275556718,1,15446869,Completed
9,4924376100932823,4924376275561358,4924376289484412,1,13922428,Completed
10,4924376100933133,4924376289488212,4924376304084121,1,14595298,Completed
11,4924376100933863,4924376304087231,4924376318823789,1,14735878,Completed
12,4924376107750631,4924376318827959,4924376333590477,1,14761858,Completed
13,4924376107754491,4924376333593997,4924376349403517,1,15808939,Completed
14,4924376107755321,4924376349407667,4924376363357651,1,13949358,Completed
15,4924376107755851,4924376363361781,4924376378897153,1,15503818,Completed
16,4924376107756311,4924376378901413,4924376397489542,1,18587540,Completed
17,4924376107774131,4924376397493822,4924376413372412,1,15877759,Completed
18,4924376107774371,4924376413376332,4924376436600076,1,23223103,Completed
19,4924376107774601,4924376436604596,4924376459112575,1,22507292,Completed
20,4924376107774991,4924376459116575,4924376479491980,1,20374821,Completed
21,4924376107775221,4924376479494780,4924376501817911,1,22322573,Completed
22,4924376107777871,4924376501822071,4924376525252463,1,23409433,Completed
23,4924376107778111,4924376525257813,4924376549736987,1,24478373,Completed
24,4924376107778341,4924376549742667,4924376571685961,1,21942703,Completed
25,4924376113305379,4924376571689741,4924376590978394,1,19270720,Completed
26,4924376113307969,4924376590982244,4924376609271215,1,18288371,Completed
27,4924376113321339,4924376609274325,4924376626627404,1,17352449,Completed
28,4924376113322149,4924376626630934,4924376645357232,1,18725541,Completed
29,4924376113322519,4924376645360902,4924376665299290,1,19937721,Completed
30,4924376113322809,4924376665302880,4924376687801500,1,22497842,Completed
31,4924376113323109,4924376687805980,4924376709409186,1,21602462,Completed
32,4924376113326679,4924376709413366,4924376730470096,1,21056132,Completed
33,4924376113339129,4924376730473696,4924376753090674,1,22616352,Completed
34,4924376113339559,4924376753094994,4924376775431595,1,22335713,Completed
35,4924376113339879,4924376775435405,4924376796290636,1,20854501,Completed
36,4924376113340159,4924376796294446,4924376819642499,1,23347443,Completed
37,4924376113340519,4924376819647099,4924376841710182,1,22024023,Completed
38,4924376119238574,4924376841714452,4924376862561814,1,20846791,Completed
39,4924376119241374,4924376862565994,4924376884236279,1,21669722,Completed
40,4924376119241684,4924376884239869,4924376908389876,1,24149314,Completed
41,4924376119249004,4924376908393536,4924376930717326,1,22323132,Completed
42,4924376119249304,4924376930721316,4924376955877035,1,25155104,Completed
43,4924376119251954,4924376955881205,4924376978293235,1,22411303,Completed
44,4924376119252254,4924376978297915,4924377000528697,1,22230152,Completed
45,4924376119252544,4924377000532737,4924377022569559,1,22036232,Completed
46,4924376119252924,4924377022573929,4924377043495881,1,20921292,Completed
47,4924376119253324,4924377043500231,4924377065668842,1,22167932,Completed
48,4924376119253604,4924377065672902,4924377088015163,1,22341503,Completed
49,4924376119255194,4924377088019413,4924377110529582,1,22509352,Completed
50,4924376119255474,4924377110533772,4924377128580055,1,18045510,Completed
51,4924376126466549,4924377128583725,4924377144966051,1,16381589,Completed
52,4924376126471589,4924377144969451,4924377162009891,1,17024900,Completed
53,4924376126471959,4924377162014491,4924377181481254,1,19465820,Completed
54,4924376126472239,4924377181485664,4924377196741578,1,15255069,Completed
55,4924376126472769,4924377196744768,4924377212328720,1,15583369,Completed
56,4924376126473229,4924377212332020,4924377231634153,1,19301380,Completed
57,4924376126486949,4924377231637833,4924377252613084,1,20974552,Completed
58,4924376126487249,4924377252616744,4924377270215410,1,17597940,Completed
59,4924376126514609,4924377270219580,4924377291579548,1,21359132,Completed
60,4924376126515039,4924377291583708,4924377311118380,1,19533960,Completed
61,4924376126515329,4924377311122810,4924377336610617,1,25487155,Completed
62,4924376126515839,4924377336616297,4924377356635275,1,20018141,Completed
63,4924376126516119,4924377356638705,4924377374182662,1,17543430,Completed
64,4924376133584165,4924377374186422,4924377394908714,1,20721661,Completed
65,4924376133600535,4924377394915574,4924377410657865,1,15741319,Completed
66,4924376133601015,4924377410662125,4924377429909679,1,19246900,Completed
67,4924376133601635,4924377429914349,4924377453337581,1,23422593,Completed
68,4924376133602045,4924377453341601,4924377472737164,1,19394981,Completed
69,4924376133602385,4924377472740694,4924377489817974,1,17076620,Completed
70,4924376133602825,4924377489822254,4924377511568669,1,21745812,Completed
71,4924376133603265,4924377511572229,4924377523777757,1,12204917,Completed
72,4924376133603585,4924377523781317,4924377542186187,1,18404270,Completed
73,4924376133603995,4924377542190477,4924377559602785,1,17411500,Completed
74,4924376133604405,4924377559606835,4924377583940150,1,24332673,Completed
75,4924376133604835,4924377583945120,4924377606255691,1,22309782,Completed
76,4924376141539215,4924377606260331,4924377624224484,1,17963540,Completed
77,4924376141542045,4924377606712577,4924377628251374,0,21495902,Completed
78,4924376141542955,4924377624230054,4924377644602150,1,20371502,Completed
79,4924376141552015,4924377628361433,4924377648645049,0,20258451,Completed
80,4924376141552295,4924377644607350,4924377657758370,1,13150367,Completed
81,4924376141552805,4924377648746918,4924377665670020,0,16922189,Completed
82,4924376141553195,4924377657763440,4924377670952940,1,13188797,Completed
83,4924376141553475,4924377665783759,4924377681593059,0,15808198,Completed
84,4924376141556515,4924377670957740,4924377683900192,1,12941528,Completed
85,4924376141556785,4924377681684658,4924377696396927,0,14711309,Completed
86,4924376141557065,4924377683906542,4924377695234266,1,11327026,Completed
87,4924376141557335,4924377695238986,4924377706161983,1,10922226,Completed
88,4924376141557605,4924377696603495,4924377709284839,0,12643747,Completed
89,4924376151315890,4924377706165673,4924377718084352,1,11918167,Completed
90,4924376151320030,4924377709419558,4924377723783909,0,14342308,Completed
91,4924376151320650,4924377718089062,4924377736624522,1,18534840,Completed
92,4924376151321270,4924377723914188,4924377742530697,0,18615740,Completed
93,4924376151321880,4924377736630472,4924377752831059,1,16199929,Completed
94,4924376151322390,4924377742648066,4924377761234945,0,18586191,Completed
95,4924376151322880,4924377752834949,4924377770510175,1,17674700,Completed
96,4924376151329210,4924377761341514,4924377780772187,0,19429880,Completed
97,4924376151337050,4924377770513585,4924377787673164,1,17159119,Completed
98,4924376151337400,4924377780861916,4924377798372593,0,17486420,Completed
99,4924376151339250,4924377787676564,4924377804836024,1,17158850,Completed
100,4924376151341960,4924377798490612,4924377816960552,0,18469001,Completed
101,4924376151342240,4924377804839864,4924377821953884,1,17089899,Completed
102,4924376161655462,4924377817102901,4924377835601721,0,18498100,Completed
103,4924376161659432,4924377821959064,4924377838925666,1,16965860,Completed
104,4924376161659962,4924377835708130,4924377848040986,0,12332127,Completed
105,4924376161660452,4924377838930265,4924377856230584,1,17299329,Completed
106,4924376161660832,4924377848155845,4924377863632618,0,15476038,Completed
107,4924376161661212,4924377856235434,4924377875484808,1,19220031,Completed
108,4924376161661572,4924377863752777,4924377880320881,0,16567429,Completed
109,4924376161662002,4924377875489378,4924377893438522,1,17948180,Completed
110,4924376161662272,4924377880420181,4924377895283808,0,14862698,Completed
111,4924376161662542,4924377893443412,4924377910396993,1,16952989,Completed
112,4924376161662992,4924377895372417,4924377912476567,0,17103500,Completed
113,4924376161663272,4924377910402113,4924377928958152,1,18555471,Completed
114,4924376161663552,4924377912644426,4924377929115161,0,16470139,Completed
115,4924376178413785,4924377928963122,4924377946712558,1,17748760,Completed
116,4924376178422975,4924377929179521,4924377948120977,0,18940760,Completed
117,4924376178429895,4924377946718188,4924377965151628,1,18432770,Completed
118,4924376178430295,4924377948239126,4924377964720771,0,16480980,Completed
119,4924376178430855,4924377964791501,4924377981387135,0,16594769,Completed
120,4924376178431345,4924377965155158,4924377983806746,1,18650860,Completed
121,4924376178431635,4924377981483464,4924377999755375,0,18271260,Completed
122,4924376178434075,4924377983811376,4924378001953369,1,18141270,Completed
123,4924376178452964,4924377999844315,4924378017633440,0,17788410,Completed
124,4924376178453324,4924378001957909,4924378019114608,1,17155970,Completed
125,4924376178453634,4924378017799878,4924378035759222,0,17958630,Completed
126,4924376178453914,4924378019119878,4924378037148872,1,18028230,Completed
127,4924376187087209,4924378035859841,4924378054736038,0,18875531,Completed
128,4924376187095859,4924378037154132,4924378055225034,1,18070400,Completed
129,4924376187116869,4924378054865567,4924378073183808,0,18317580,Completed
130,4924376187117179,4924378055228284,4924378073096109,1,17867350,Completed
131,4924376187119509,4924378073101939,4924378090927594,1,17825070,Completed
132,4924376187119859,4924378073317867,4924378091946426,0,18627780,Completed
133,4924376187120219,4924378090932664,4924378108214822,1,17281489,Completed
134,4924376187120609,4924378092096365,4924378110917902,0,18820781,Completed
135,4924376187123519,4924378108219952,4924378127645005,1,19407421,Completed
136,4924376187124059,4924378111067231,4924378129802219,0,18716730,Completed
137,4924376187126769,4924378127650635,4924378143587184,1,15935789,Completed
138,4924376187127059,4924378129915598,4924378149140172,0,19223831,Completed
139,4924376187127329,4924378143592474,4924378164665654,1,21072452,Completed
140,4924376194465393,4924378149262491,4924378168010829,0,18747661,Completed
141,4924376194468183,4924378164670584,4924378184994680,1,20323271,Completed
142,4924376194468713,4924378168109388,4924378186426989,0,18316850,Completed
143,4924376194469163,4924378184999570,4924378201427875,1,16427519,Completed
144,4924376194469613,4924378186529758,4924378203882387,0,17351850,Completed
145,4924376194470093,4924378201432745,4924378216463431,1,15030059,Completed
146,4924376194470473,4924378204006966,4924378220731739,0,16724199,Completed
147,4924376194470823,4924378216468381,4924378229941809,1,13472747,Completed
148,4924376194471173,4924378220849418,4924378236009563,0,15159428,Completed
149,4924376194473563,4924378229945969,4924378244855086,1,14908538,Completed
150,4924376194473963,4924378236114432,4924378253333841,0,17218740,Completed
151,4924376194474323,4924378244859426,4924378261585989,1,16726050,Completed
152,4924376194474693,4924378253450001,4924378267911811,0,14461128,Completed
153,4924376201885317,4924378261589739,4924378278626080,1,17035499,Completed
154,4924376201888607,4924378268023930,4924378285327029,0,17302370,Completed
155,4924376201889147,4924378278629660,4924378294293121,1,15662929,Completed
156,4924376201889587,4924378285459608,4924378301972902,0,16512569,Completed
157,4924376201889957,4924378294296611,4924378309410186,1,15113038,Completed
158,4924376201897617,4924378302092162,4924378318897364,0,16804539,Completed
159,4924376201897907,4924378309416126,4924378326615105,1,17198330,Completed
160,4924376201903837,4924378318985873,4924378336081284,0,17094610,Completed
161,4924376201904347,4924378326619655,4924378342586674,1,15966349,Completed
162,4924376201904617,4924378336213203,4924378353442762,0,17228760,Completed
163,4924376201905057,4924378342591224,4924378358678202,1,16086389,Completed
164,4924376201908067,4924378353583171,4924378372547337,0,18963490,Completed
165,4924376201908377,4924378358682532,4924378373874337,1,15190988,Completed
166,4924376211245886,4924378372698806,4924378392168278,0,19468661,Completed
167,4924376211248756,4924378373877717,4924378389376379,1,15497999,Completed
168,4924376211249276,4924378389378909,4924378406484630,1,17104859,Completed
169,4924376211249796,4924378392366837,4924378411068265,0,18700661,Completed
170,4924376211250156,4924378406488230,4924378422885545,1,16396839,Completed
171,4924376211257705,4924378411220584,4924378430074201,0,18852930,Completed
172,4924376211258005,4924378422888795,4924378439362580,1,16473169,Completed
173,4924376211258265,4924378430182610,4924378448287712,0,18104380,Completed
174,4924376211258545,4924378439367960,4924378457791410,1,18422891,Completed
175,4924376211258815,4924378448382272,4924378467364398,0,18981431,Completed
176,4924376211265345,4924378457797470,4924378476856496,1,19058560,Completed
177,4924376211265735,4924378467477017,4924378486320474,0,18842740,Completed
178,4924376220389496,4924378476862416,4924378495450325,1,18587381,Completed
179,4924376220400326,4924378486457443,4924378504933703,0,18475520,Completed
180,4924376220400846,4924378495455135,4924378511023956,1,15568178,Completed
181,4924376220401226,4924378505064282,4924378524335145,0,19270011,Completed
182,4924376220401536,4924378511030346,4924378527701620,1,16670629,Completed
183,4924376220401956,4924378524443295,4924378539915867,0,15471828,Completed
184,4924376220402276,4924378527706820,4924378543582459,1,15874949,Completed
185,4924376220402606,4924378540025876,4924378559109922,0,19083381,Completed
186,4924376220402896,4924378543586549,4924378557363875,1,13776718,Completed
187,4924376220403186,4924378557367385,4924378573988129,1,16595869,Completed
188,4924376220403516,4924378559291110,4924378576282951,0,16991149,Completed
189,4924376220403846,4924378573992439,4924378591407417,1,17414230,Completed
190,4924376220404166,4924378576391231,4924378593722579,0,17330460,Completed
191,4924376226576599,4924378591412067,4924378608734425,1,17321779,Completed
192,4924376226584669,4924378593848978,4924378611421985,0,17572270,Completed
193,4924376226585509,4924378608739735,4924378626093344,1,17352980,Completed
194,4924376226586049,4924378611557254,4924378630480790,0,18922821,Completed
195,4924376226586329,4924378626097674,4924378642742187,1,16643789,Completed
196,4924376226586799,4924378630596729,4924378649750914,0,19153470,Completed
197,4924376226594279,4924378642747327,4924378661503755,1,18755811,Completed
198,4924376226594649,4924378649883593,4924378668445582,0,18561231,Completed
199,4924376226596349,4924378661508675,4924378678104719,1,16595419,Completed
200,4924376226596739,4924378668586001,4924378687082871,0,18496130,Completed
201,4924376226599369,4924378678108549,4924378695426237,1,17317220,Completed
202,4924376226599659,4924378687207820,4924378705504551,0,18295930,Completed
203,4924376236286736,4924378695430577,4924378711973092,1,16542049,Completed
204,4924376236289826,4924378705635520,4924378724691856,0,19055581,Completed
205,4924376236290356,4924378711978012,4924378729049702,1,17071059,Completed
206,4924376236290786,4924378724788015,4924378743344354,0,18555610,Completed
207,4924376236291206,4924378729053482,4924378745600877,1,16546910,Completed
208,4924376236291766,4924378743462323,4924378761606275,0,18143280,Completed
209,4924376236292086,4924378745604447,4924378763517601,1,17891869,Completed
210,4924376236292406,4924378761727244,4924378781233547,0,19505591,Completed
211,4924376236294506,4924378763523651,4924378781355656,1,17831370,Completed
212,4924376236295036,4924378781357956,4924378800599080,0,19224401,Completed
213,4924376236295386,4924378781393325,4924378800763958,1,19370021,Completed
214,4924376236298366,4924378800742289,4924378820642068,0,19899041,Completed
215,4924376236298826,4924378800767828,4924378820800056,1,20031651,Completed
216,4924376242546268,4924378820797866,4924378840512037,0,19713511,Completed
217,4924376242548828,4924378820804796,4924378840720945,1,19915641,Completed
218,4924376242549158,4924378840614396,4924378859572552,0,18957491,Completed
219,4924376242549608,4924378840724415,4924378859456183,1,18707961,Completed
220,4924376242550018,4924378859461353,4924378878261870,1,18799810,Completed
221,4924376242550338,4924378859746431,4924378878455549,0,18708430,Completed
222,4924376242557048,4924378878267610,4924378896768560,1,18500411,Completed
223,4924376242557368,4924378878546918,4924378896769660,0,18221961,Completed
224,4924376242562478,4924378896774560,4924378915966695,1,19191560,Completed
225,4924376242562918,4924378896902179,4924378916076834,0,19173970,Completed
226,4924376242563238,4924378915971644,4924378934816652,1,18844211,Completed
227,4924376242563638,4924378916204133,4924378935317928,0,19112991,Completed
228,4924376250188930,4924378934821521,4924378954572862,1,19750701,Completed
229,4924376250191860,4924378935432867,4924378954461852,0,19028171,Completed
230,4924376250198090,4924378954539782,4924378973127501,0,18586730,Completed
231,4924376250198690,4924378954576232,4924378973029172,1,18409780,Completed
232,4924376250199170,4924378973033212,4924378989895744,1,16861769,Completed
233,4924376250199680,4924378973325519,4924378987639311,0,14312848,Completed
234,4924376250200000,4924378987714540,4924379001497656,0,13782388,Completed
235,4924376250215030,4924378989901484,4924379006568967,1,16666830,Completed
236,4924376250215460,4924379001619365,4924379018863044,0,17242829,Completed
237,4924376250215780,4924379006572977,4924379021871511,1,15297878,Completed
238,4924376250216090,4924379018998663,4924379037139995,0,18140561,Completed
239,4924376250218740,4924379021875601,4924379039681466,1,17805340,Completed
240,4924376250219060,4924379037241784,4924379054998410,0,17755869,Completed
241,4924376258100910,4924379039686296,4924379057780829,1,18093830,Completed
242,4924376258103860,4924379055141999,4924379073877646,0,18734930,Completed
243,4924376258110620,4924379057785769,4924379076419357,1,18632870,Completed
244,4924376258111190,4924379073991326,4924379091535403,0,17543240,Completed
245,4924376258111600,4924379076424267,4924379094669989,1,18245020,Completed
246,4924376258112010,4924379091684061,4924379108488124,0,16803309,Completed
247,4924376258112480,4924379094675159,4924379112486094,1,17810310,Completed
248,4924376258112800,4924379108593863,4924379128607931,0,20013041,Completed
249,4924376258118340,4924379112490484,4924379129222037,1,16730850,Completed
250,4924376258118650,4924379128735310,4924379146264147,0,17509590,Completed
251,4924376258128440,4924379129224347,4924379148590050,1,19323030,Completed
252,4924376258129080,4924379146371357,4924379164761687,0,18389640,Completed
253,4924376266197879,4924379148595040,4924379167487106,1,18891491,Completed
254,4924376266201619,4924379164892356,4924379182065036,0,17171720,Completed
255,4924376266202319,4924379167491826,4924379184220339,1,16727969,Completed
256,4924376266209109,4924379182200765,4924379200969452,0,18767751,Completed
257,4924376266252518,4924379184225079,4924379202275302,1,18049560,Completed
258,4924376266255998,4924379201139271,4924379219607871,0,18467720,Completed
259,4924376266256488,4924379202279492,4924379222115912,1,19835881,Completed
260,4924376266256768,4924379219720280,4924379238442618,0,18721600,Completed
261,4924376266257128,4924379222120532,4924379236848690,1,14727498,Completed
262,4924376266257488,4924379236852450,4924379251759457,1,14906429,Completed
263,4924376266257858,4924379238625417,4924379255121492,0,16495170,Completed
264,4924376266260618,4924379251763577,4924379265052736,1,13288467,Completed
265,4924376266261038,4924379255213551,4924379267983264,0,12769017,Completed
266,4924376273466694,4924379265058006,4924379277456942,1,12397997,Completed
267,4924376273473053,4924379268085833,4924379283381967,0,15295488,Completed
268,4924376273473743,4924379277462322,4924379295574425,1,18111300,Completed
269,4924376273474243,4924379283479586,4924379300073250,0,16592730,Completed
270,4924376273475063,4924379295579245,4924379311461564,1,15881749,Completed
271,4924376273475563,4924379300206299,4924379314495071,0,14288118,Completed
272,4924376273475833,4924379311466304,4924379327249704,1,15782759,Completed
273,4924376273476383,4924379314619010,4924379331280724,0,16661069,Completed
274,4924376273476673,4924379327253784,4924379344093377,1,16838929,Completed
275,4924376273477083,4924379331397623,4924379348462983,0,17064659,Completed
276,4924376273477363,4924379344097467,4924379359314931,1,15216729,Completed
277,4924376273480153,4924379348590452,4924379366503537,0,17912320,Completed
278,4924376280835677,4924379359320101,4924379375418799,1,16098208,Completed
279,4924376280839197,4924379366626436,4924379383178540,0,16551239,Completed
280,4924376280840237,4924379375422589,4924379390112917,1,14689739,Completed
281,4924376280840867,4924379383297069,4924379399891743,0,16594019,Completed
282,4924376280841547,4924379390117167,4924379406488523,1,16370699,Completed
283,4924376280842287,4924379399985203,4924379416303439,0,16317559,Completed
284,4924376280842937,4924379406492483,4924379423757932,1,17264969,Completed
285,4924376280843427,4924379416432958,4924379433959845,0,17526150,Completed
286,4924376280843907,4924379423762712,4924379440362646,1,16599410,Completed
287,4924376280844297,4924379434079954,4924379451409592,0,17328970,Completed
288,4924376280858277,4924379440366586,4924379458486649,1,18119530,Completed
289,4924376280858757,4924379451524272,4924379471040194,0,19515321,Completed
290,4924376280859297,4924379458491739,4924379472990139,1,14497578,Completed
291,4924376287741075,4924379471160493,4924379487278260,0,16117089,Completed
292,4924376287744205,4924379472994659,4924379493484263,1,20488871,Completed
293,4924376287744605,4924379487397300,4924379503416418,0,16018469,Completed
294,4924376287750145,4924379493488923,4924379513809989,1,20320291,Completed
295,4924376287750625,4924379503520397,4924379520684347,0,17163289,Completed
296,4924376287751205,4924379513815069,4924379532436788,1,18620961,Completed
297,4924376287752005,4924379520811836,4924379535765913,0,14953389,Completed
298,4924376287752315,4924379532442028,4924379550754499,1,18311790,Completed
299,4924376287754075,4924379535887942,4924379551050987,0,15162428,Completed
300,4924376287754405,4924379550760219,4924379563861790,1,13100927,Completed
301,4924376287761785,4924379551177896,4924379568449535,0,17270880,Completed
302,4924376287762135,4924379563866260,4924379582412709,1,18545770,Completed
303,4924376297298893,4924379568567664,4924379587947537,0,19378991,Completed
304,4924376297302263,4924379582417939,4924379598011880,1,15593339,Completed
305,4924376297302813,4924379588102116,4924379608995417,0,20892431,Completed
306,4924376297303083,4924379598017590,4924379613651652,1,15633359,Completed
307,4924376297303473,4924379609134376,4924379625170034,0,16034709,Completed
308,4924376297304143,4924379613654772,4924379627588876,1,13933608,Completed
309,4924376297304713,4924379625306333,4924379642745711,0,17438400,Completed
310,4924376297318252,4924379627592586,4924379642257075,1,14663908,Completed
311,4924376297318522,4924379642260765,4924379656603986,1,14342668,Completed
312,4924376297318882,4924379642946560,4924379659886541,0,16938980,Completed
313,4924376297319152,4924379656607756,4924379672019019,1,15410778,Completed
314,4924376297319622,4924379659993060,4924379679014226,0,19020510,Completed
315,4924376297319982,4924379672022559,4924379687009395,1,14985959,Completed
316,4924376309120063,4924379679131745,4924379697794324,0,18661841,Completed
317,4924376309123793,4924379687013485,4924379702729036,1,15714878,Completed
318,4924376309124243,4924379697947512,4924379715751327,0,17802930,Completed
319,4924376309125113,4924379702733966,4924379720043255,1,17308560,Completed
320,4924376309132453,4924379715846237,4924379733357904,0,17487319,Completed
321,4924376309132963,4924379720047155,4924379736889567,1,16841889,Completed
322,4924376309133313,4924379733522223,4924379746743282,0,13220058,Completed
323,4924376309133763,4924379736893927,4924379750998000,1,14103318,Completed
324,4924376309134243,4924379746846751,4924379765692799,0,18845140,Completed
325,4924376309134643,4924379751007870,4924379765599909,1,14591118,Completed
326,4924376309135043,4924379765602939,4924379781618348,1,16014899,Completed
327,4924376309135313,4924379765874427,4924379787018117,0,21142822,Completed
328,4924376320355928,4924379781621258,4924379795217305,1,13595398,Completed
329,4924376320358408,4924379787180106,4924379807060515,0,19879551,Completed
330,4924376320358888,4924379795219924,4924379812601583,1,17381139,Completed
331,4924376320361838,4924379807202904,4924379827854847,0,20651082,Completed
332,4924376320362238,4924379812604473,4924379830706725,1,18072700,Completed
333,4924376320362788,4924379827959366,4924379845414864,0,17454850,Completed
334,4924376320363078,4924379830711585,4924379850785213,1,20047302,Completed
335,4924376320363368,4924379845510683,4924379863411647,0,17900310,Completed
336,4924376320363668,4924379850790333,4924379869600010,1,18808990,Completed
337,4924376320363968,4924379863523066,4924379879234517,0,15710678,Completed
338,4924376320364268,4924379869604840,4924379886854589,1,17248590,Completed
339,4924376320364568,4924379879339026,4924379894560731,0,15221059,Completed
340,4924376320365078,4924379886859859,4924379905047651,1,18187000,Completed
341,4924376329822406,4924379894669530,4924379909120341,0,14450098,Completed
342,4924376329826156,4924379905052471,4924379922438450,1,17385269,Completed
343,4924376329827026,4924379909242080,4924379927476301,0,18233510,Completed
344,4924376329834396,4924379922443540,4924379938586587,1,16142359,Completed
345,4924376329835006,4924379927581041,4924379945052228,0,17470550,Completed
346,4924376329835646,4924379938590967,4924379955080282,1,16488660,Completed
347,4924376329836356,4924379945171387,4924379961852421,0,16680259,Completed
348,4924376329836656,4924379955085542,4924379971128100,1,16041858,Completed
349,4924376329842716,4924379961970440,4924379980735197,0,18764091,Completed
350,4924376329843126,4924379971133500,4924379989589690,1,18455521,Completed
351,4924376329843536,4924379980862456,4924379998298784,0,17435680,Completed
352,4924376329847816,4924379989594330,4924380007782172,1,18187250,Completed
353,4924376338638159,4924379998398423,4924380015066177,0,16667029,Completed
354,4924376338641509,4924380007787882,4924380023569312,1,15780809,Completed
355,4924376338642019,4924380015208626,4924380033609136,0,18399660,Completed
356,4924376338642319,4924380023574722,4924380039905378,1,16329969,Completed
357,4924376338642699,4924380033714045,4924380051243973,0,17529280,Completed
358,4924376338643489,4924380039910008,4924380056128505,1,16217749,Completed
359,4924376338643929,4924380051360892,4924380068100615,0,16738959,Completed
360,4924376338644349,4924380056133025,4924380072053025,1,15919409,Completed
361,4924376338644759,4924380068210114,4924380086325256,0,18114110,Completed
362,4924376338645139,4924380072058415,4924380090941671,1,18882720,Completed
363,4924376338645549,4924380086434346,4924380104339110,0,17885399,Completed
364,4924376338645939,4924380090946651,4924380108913475,1,17945160,Completed
365,4924376338646249,4924380104483079,4924380121298751,0,16815089,Completed
366,4924376338646639,4924380108918505,4924380125568279,1,16649139,Completed
367,4924376347814229,4924380121414420,4924380137826886,0,16411889,Completed
368,4924376347818409,4924380125571929,4924380142037794,1,16465299,Completed
369,4924376347819559,4924380137960455,4924380154483669,0,16522669,Completed
370,4924376347820409,4924380142040994,4924380158806017,1,16764460,Completed
371,4924376347829679,4924380154585019,4924380170770616,0,16184859,Completed
372,4924376347830339,4924380158808667,4924380175246072,1,16436849,Completed
373,4924376347831049,4924380170884715,4924380187550229,0,16664750,Completed
374,4924376347834079,4924380175249372,4924380187747937,1,12498057,Completed
375,4924376347834859,4924380187643158,4924380202617214,0,14973358,Completed
376,4924376347835459,4924380187751737,4924380204806508,1,17054239,Completed
377,4924376347836149,4924380202748573,4924380219737664,0,16988420,Completed
378,4924376347836779,4924380204811597,4924380222532963,1,17720580,Completed
379,4924376355543731,4924380219848884,4924380236992983,0,17143489,Completed
380,4924376355546931,4924380222536763,4924380239570624,1,17033180,Completed
381,4924376355547531,4924380237103673,4924380255203665,0,18099290,Completed
382,4924376355548041,4924380239575434,4924380257501548,1,17925470,Completed
383,4924376355548801,4924380255320324,4924380273245148,0,17924120,Completed
384,4924376355554341,4924380257505568,4924380275226863,1,17720679,Completed
385,4924376355554850,4924380273340968,4924380291555120,0,18213390,Completed
386,4924376355555300,4924380275230013,4924380292174285,1,16943510,Completed
387,4924376355555600,4924380291681929,4924380309879931,0,18197300,Completed
388,4924376355555990,4924380292177255,4924380309741132,1,17563400,Completed
389,4924376355556500,4924380309744272,4924380327068020,1,17323089,Completed
390,4924376355557000,4924380310054359,4924380328664818,0,18609790,Completed
391,4924376355557280,4924380327071760,4924380344487878,1,17415600,Completed
392,4924376371974396,4924380328756517,4924380349454500,0,20697252,Completed
393,4924376371978276,4924380344493098,4924380363668423,1,19174651,Completed
394,4924376371978716,4924380349536270,4924380365584898,0,16047929,Completed
395,4924376371985326,4924380363673392,4924380383122085,1,19448150,Completed
396,4924376371985566,4924380365687977,4924380384061688,0,18332170,Completed
397,4924376371985796,4924380383127575,4924380401977192,1,18848961,Completed
398,4924376371986256,4924380384176427,4924380400279215,0,16077819,Completed
399,4924376371988016,4924380400355434,4924380418829164,0,18472690,Completed
400,4924376371988256,4924380401982272,4924380422253158,1,20270251,Completed
401,4924376371988606,4924380418967883,4924380437406753,0,18417541,Completed
402,4924376371988836,4924380422259598,4924380438459225,1,16199059,Completed
403,4924376371989076,4924380437549332,4924380455130999,0,17521079,Completed
404,4924376403159629,4924380438463395,4924380453485691,1,15021718,Completed
405,4924376403162769,4924380453489821,4924380470458223,1,16967590,Completed
406,4924376403163009,4924380455343357,4924380474025086,0,18680680,Completed
407,4924376403163329,4924380470463053,4924380487982660,1,17518970,Completed
408,4924376403163629,4924380474139365,4924380489829706,0,15689689,Completed
409,4924376403164049,4924380487988190,4924380502104193,1,14115277,Completed
410,4924376403164479,4924380489946595,4924380503581191,0,13633957,Completed
411,4924376403165109,4924380502109313,4924380516966540,1,14856369,Completed
412,4924376403165499,4924380503728670,4924380518037542,0,14308218,Completed
413,4924376403168789,4924380516971820,4924380534812644,1,17840190,Completed
414,4924376403169029,4924380518164181,4924380532783180,0,14618359,Completed
415,4924376403169269,4924380532863809,4924380549483793,0,16619179,Completed
416,4924376425805588,4924380534818644,4924380554617834,1,19771271,Completed
417,4924376425808968,4924380549618052,4924380570322265,0,20703481,Completed
418,4924376425809728,4924380554622324,4924380575161898,1,20538501,Completed
419,4924376425810448,4924380570469264,4924380589716828,0,19189441,Completed
420,4924376425811108,4924380575168318,4924380596025300,1,20838582,Completed
421,4924376425811808,4924380589804127,4924380609264090,0,19406941,Completed
422,4924376425812268,4924380596031760,4924380617440618,1,21384062,Completed
423,4924376425812928,4924380609391119,4924380629434477,0,20023751,Completed
424,4924376425813328,4924380617446118,4924380637206378,1,19759621,Completed
425,4924376425813818,4924380629563016,4924380650443507,0,20801912,Completed
426,4924376425814388,4924380637211708,4924380658996723,1,21784292,Completed
427,4924376425822897,4924380650574466,4924380671545767,0,20924732,Completed
428,4924376425823947,4924380659015592,4924380677991968,1,18975820,Completed
429,4924376425824477,4924380671678626,4924380688198211,0,16518749,Completed
430,4924376431755562,4924380677996218,4924380693823698,1,15826989,Completed
431,4924376431758752,4924380688331660,4924380704415088,0,16082749,Completed
432,4924376431759252,4924380693828918,4924380711581114,1,17751630,Completed
433,4924376431759822,4924380704559787,4924380723925020,0,19364391,Completed
434,4924376431765912,4924380711585874,4924380730978537,1,19391801,Completed
435,4924376431766512,4924380724144958,4924380743021005,0,18834700,Completed
436,4924376431766802,4924380730983187,4924380749862973,1,18853010,Completed
437,4924376431767252,4924380743150414,4924380764298504,0,21090802,Completed
438,4924376431770012,4924380749867923,4924380767046353,1,17177940,Completed
439,4924376431770382,4924380764440313,4924380783338780,0,18897771,Completed
440,4924376431770972,4924380767049673,4924380787234310,1,20183981,Completed
441,4924376431771252,4924380783437409,4924380800556869,0,17118779,Completed
442,4924376431771702,4924380787239740,4924380808607798,1,21344252,Completed
443,4924376439436364,4924380800654428,4924380817210483,0,16538360,Completed
444,4924376439439134,4924380808614128,4924380831907041,1,23263013,Completed
445,4924376439439924,4924380817358851,4924380832904253,0,15544728,Completed
446,4924376439440474,4924380831911901,4924380853590237,1,21677612,Completed
447,4924376439441094,4924380833035132,4924380850486500,0,17450640,Completed
448,4924376439445704,4924380850531710,4924380869103349,0,18570950,Completed
449,4924376439446684,4924380853595997,4924380876150866,1,22554182,Completed
450,4924376439447024,4924380869201368,4924380887531209,0,18329061,Completed
451,4924376439447454,4924380876156126,4924380898105019,1,21948303,Completed
452,4924376439447794,4924380887634538,4924380908948897,0,21313592,Completed
453,4924376439448244,4924380898109999,4924380918731823,1,20621171,Completed
454,4924376439448574,4924380909058976,4924380929689059,0,20629391,Completed
455,4924376450375601,4924380918736722,4924380938010926,1,19273391,Completed
456,4924376450379141,4924380929820978,4924380949507869,0,19686221,Completed
457,4924376450379631,4924380938016796,4924380961803286,1,23785853,Completed
458,4924376450379991,4924380949644528,4924380966446831,0,16801659,Completed
459,4924376450389901,4924380961809266,4924380982766737,1,20956892,Completed
460,4924376450390271,4924380966534150,4924380984842651,0,18307770,Completed
461,4924376450390811,4924380982771497,4924381004034296,1,21262011,Completed
462,4924376450391731,4924380984960630,4924381005972521,0,21011271,Completed
463,4924376450392181,4924381004039226,4924381025591182,1,21551222,Completed
464,4924376450392461,4924381006094580,4924381027465948,0,21370651,Completed
465,4924376450392881,4924381025597452,4924381047277678,1,21679662,Completed
466,4924376450395741,4924381027566937,4924381046313575,0,18745941,Completed
467,4924376450396121,4924381046377304,4924381064368868,0,17990810,Completed
468,4924376461118310,4924381047283547,4924381070270913,1,22986573,Completed
469,4924376461122670,4924381064478967,4924381083435733,0,18956090,Completed
470,4924376461123220,4924381070276093,4924381093536307,1,23259553,Completed
471,4924376461123809,4924381083568192,4924381103744669,0,20175851,Completed
472,4924376461129099,4924381093542077,4924381116490893,1,22948063,Completed
473,4924376461130209,4924381103893748,4924381121429965,0,17535590,Completed
474,4924376461130859,4924381116496802,4924381137824101,1,21307982,Completed
475,4924376461131349,4924381121530504,4924381141110496,0,19561541,Completed
476,4924376461131919,4924381137829321,4924381159620535,1,21790562,Completed
477,4924376461132199,4924381141219665,4924381162601803,0,21381471,Completed
478,4924376461132689,4924381159625655,4924381180911554,1,21285182,Completed
479,4924376461133069,4924381162702092,4924381182214174,0,19511410,Completed
480,4924376461142729,4924381180917444,4924381203077846,1,22159782,Completed
481,4924376468893300,4924381182341733,4924381198028104,0,15685739,Completed
482,4924376468896490,4924381198076544,4924381215710920,0,17633470,Completed
483,4924376468896870,4924381203084346,4924381227680429,1,24595414,Completed
484,4924376468897170,4924381215847389,4924381233577294,0,17729070,Completed
485,4924376468897650,4924381227685599,4924381250997552,1,23311413,Completed
486,4924376468898330,4924381233667784,4924381251383809,0,17715220,Completed
487,4924376468898860,4924381251014212,4924381272330951,1,21316241,Completed
488,4924376468899160,4924381251524678,4924381271400008,0,19874691,Completed
489,4924376468899450,4924381271484627,4924381291656924,0,20171531,Completed
490,4924376468908010,4924381272335811,4924381292431278,1,20094862,Completed
491,4924376468908340,4924381291774523,4924381312235098,0,20459862,Completed
492,4924376468908640,4924381292435918,4924381312427846,1,19991271,Completed
493,4924376468908930,4924381312339417,4924381329976113,0,17636049,Completed
494,4924376478524667,4924381312434996,4924381334414530,1,21978772,Completed
495,4924376478527957,4924381330086032,4924381346841235,0,16754479,Completed
496,4924376478528337,4924381334419950,4924381356143785,1,21723352,Completed
497,4924376478528637,4924381346961814,4924381364950918,0,17988450,Completed
498,4924376478529197,4924381356149785,4924381378697174,1,22546743,Completed
499,4924376478545117,4924381365066407,4924381383955884,0,18888870,Completed
500,4924376478545457,4924381378702844,4924381401579880,1,22876452,Completed
501,4924376478545747,4924381384076233,4924381401555270,0,17478359,Completed
502,4924376478548477,4924381401585070,4924381426977178,1,25391234,Completed
503,4924376478549117,4924381401661920,4924381420197189,0,18534651,Completed
504,4924376478549417,4924381420275938,4924381438940387,0,18663700,Completed
505,4924376478549697,4924381426984858,4924381451164954,1,24179374,Completed
506,4924376487505799,4924381439032556,4924381455135484,0,16102269,Completed
507,4924376487530689,4924381451171084,4924381473217817,1,22046192,Completed
508,4924376487531619,4924381455253253,4924381473142418,0,17888500,Completed
509,4924376487532039,4924381473217517,4924381490412657,0,17194480,Completed
510,4924376487532549,4924381473223547,4924381494044559,1,20820192,Completed
511,4924376487533149,4924381490552595,4924381508856047,0,18302880,Completed
512,4924376487535689,4924381494049879,4924381514612833,1,20562311,Completed
513,4924376487604169,4924381508965796,4924381523971702,0,15005148,Completed
514,4924376487604509,4924381514618403,4924381527142528,1,12523407,Completed
515,4924376487604839,4924381524075911,4924381541122902,0,17046290,Completed
516,4924376487605249,4924381527147508,4924381549489638,1,22341202,Completed
517,4924376487605579,4924381541229001,4924381559860390,0,18630750,Completed
518,4924376487605919,4924381549495578,4924381572145057,1,22648593,Completed
519,4924376497950440,4924381559982729,4924381580824531,0,20841092,Completed
520,4924376497961600,4924381572150917,4924381594481177,1,22329602,Completed
521,4924376497961890,4924381580966090,4924381600969068,0,20002081,Completed
522,4924376497962150,4924381594487567,4924381615066191,1,20578042,Completed
523,4924376497962420,4924381601117347,4924381623519287,0,22381393,Completed
524,4924376497962780,4924381615070331,4924381637827459,1,22729433,Completed
525,4924376497963260,4924381623641286,4924381644949605,0,20743161,Completed
526,4924376497963550,4924381637832559,4924381656358798,1,18525570,Completed
527,4924376497963990,4924381645072164,4924381663473794,0,18366980,Completed
528,4924376497966580,4924381656363068,4924381676576445,1,20212781,Completed
529,4924376497966880,4924381663582393,4924381684453135,0,20870081,Completed
530,4924376497967160,4924381676581035,4924381697645995,1,21064402,Completed
531,4924376515082410,4924381684585334,4924381706402778,0,21816822,Completed
532,4924376515086430,4924381697651505,4924381717600874,1,19948761,Completed
533,4924376515095420,4924381706540877,4924381722461487,0,15919809,Completed
534,4924376515095930,4924381717606433,4924381736918437,1,19311161,Completed
535,4924376515096250,4924381722573416,4924381741249284,0,18675010,Completed
536,4924376515096710,4924381736923347,4924381755465016,1,18541000,Completed
537,4924376515098870,4924381741359923,4924381759927172,0,18566590,Completed
538,4924376515099230,4924381755470616,4924381774741550,1,19270321,Completed
539,4924376515099550,4924381760054721,4924381778082645,0,17941960,Completed
540,4924376515100080,4924381774746470,4924381788202608,1,13455347,Completed
541,4924376515100490,4924381778219734,4924381792766953,0,14546518,Completed
542,4924376515100870,4924381788206978,4924381804268206,1,16060619,Completed
543,4924376527345847,4924381792878203,4924381811076145,0,18197180,Completed
544,4924376527354507,4924381804273006,4924381818873295,1,14573728,Completed
545,4924376527354857,4924381811195044,4924381827450880,0,16207629,Completed
546,4924376527355257,4924381818878515,4924381837026148,1,18120480,Completed
547,4924376527355867,4924381827575860,4924381846119359,0,18542720,Completed
548,4924376527356177,4924381837032658,4924381853298874,1,16265519,Completed
549,4924376527365827,4924381846227848,4924381861520882,0,15292289,Completed
550,4924376527366157,4924381853303794,4924381869042425,1,15737949,Completed
551,4924376527366477,4924381861642691,4924381879187508,0,17544060,Completed
552,4924376527367037,4924381869047495,4924381880015502,1,10967426,Completed
553,4924376527367487,4924381879295267,4924381890884889,0,11588876,Completed
554,4924376527367807,4924381880018612,4924381896476817,1,16457629,Completed
555,4924376527368107,4924381891016438,4924381905798946,0,14781848,Completed
556,4924376533493270,4924381896481647,4924381911646722,1,15164499,Completed
557,4924376533496560,4924381905900385,4924381920665043,0,14763939,Completed
558,4924376533496850,4924381911651062,4924381929388597,1,17736940,Completed
559,4924376533497560,4924381920787223,4924381934273700,0,13485727,Completed
560,4924376533498150,4924381929393017,4924381945335806,1,15942028,Completed
561,4924376533498500,4924381934369350,4924381949522235,0,15152109,Completed
562,4924376533499000,4924381945341156,4924381960506601,1,15164839,Completed
563,4924376533499300,4924381949629614,4924381967760746,0,18130410,Completed
564,4924376533506640,4924381960511941,4924381976995216,1,16482529,Completed
565,4924376533506950,4924381967893485,4924381986133157,0,18238890,Completed
566,4924376533507920,4924381976999236,4924381995656255,1,18656400,Completed
567,4924376533508400,4924381986252716,4924382004891085,0,18637520,Completed
568,4924376533508710,4924381995661915,4924382013466910,1,17804260,Completed
569,4924376540263349,4924382005038764,4924382021545898,0,16506329,Completed
570,4924376540271759,4924382013471900,4924382028796983,1,15295489,Completed
571,4924376540272239,4924382021632688,4924382036292347,0,14658938,Completed
572,4924376540272629,4924382028801573,4924382043214704,1,14412248,Completed
573,4924376540273099,4924382036399426,4924382048156877,0,11756767,Completed
574,4924376540273509,4924382043219544,4924382058242830,1,15022388,Completed
575,4924376540273809,4924382048243886,4924382060050846,0,11805976,Completed
576,4924376540279909,4924382058246690,4924382073511474,1,15264239,Completed
577,4924376540280369,4924382060155716,4924382075770757,0,15614369,Completed
578,4924376540280729,4924382073515914,4924382091852665,1,18336140,Completed
579,4924376540281009,4924382075904926,4924382093117066,0,17189029,Completed
580,4924376540281279,4924382091857715,4924382108295330,1,16436819,Completed
581,4924376547366765,4924382093232115,4924382110167596,0,16934719,Completed
582,4924376547370515,4924382108300800,4924382123516715,1,15215338,Completed
583,4924376547371135,4924382110319365,4924382123815873,0,13495698,Completed
584,4924376547371445,4924382123521895,4924382139424174,1,15901699,Completed
585,4924376547371755,4924382123918572,4924382139668403,0,15749098,Completed
586,4924376547372145,4924382139428764,4924382157655736,1,18209340,Completed
587,4924376547372565,4924382139759072,4924382158074413,0,18297941,Completed
588,4924376547372845,4924382157661446,4924382174052712,1,16390589,Completed
589,4924376547373115,4924382158190882,4924382175487931,0,17296359,Completed
590,4924376547373585,4924382174057782,4924382189748803,1,15690059,Completed
591,4924376547379695,4924382175626220,4924382192406323,0,16779410,Completed
592,4924376547386535,4924382189753273,4924382206968492,1,17214580,Completed
593,4924376547386825,4924382192549791,4924382212137763,0,19587251,Completed
594,4924376561172450,4924382206973692,4924382228142941,1,21168712,Completed
595,4924376561182700,4924382212277262,4924382230559233,0,18281130,Completed
596,4924376561183160,4924382228149581,4924382247009729,1,18859540,Completed
597,4924376561183620,4924382230653823,4924382249471750,0,18817080,Completed
598,4924376561184040,4924382247016428,4924382265467898,1,18450860,Completed
599,4924376561185930,4924382249608429,4924382267379574,0,17770380,Completed
600,4924376561186160,4924382265472968,4924382283413502,1,17939770,Completed
601,4924376561186540,4924382267504493,4924382285837624,0,18332461,Completed
602,4924376561186820,4924382283419132,4924382298154961,1,14735008,Completed
603,4924376561187260,4924382285928903,4924382304305134,0,18375550,Completed
604,4924376561187660,4924382298159731,4924382316580691,1,18420171,Completed
605,4924376561187980,4924382304463593,4924382321705702,0,17241370,Completed
606,4924376561188520,4924382316585681,4924382335206810,1,18620480,Completed
607,4924376573047840,4924382321864131,4924382339620466,0,17755219,Completed
608,4924376573052430,4924382335211470,4924382352245240,1,17033189,Completed
609,4924376573053080,4924382339766515,4924382357339932,0,17547119,Completed
610,4924376573053750,4924382352249510,4924382367645194,1,15394879,Completed
611,4924376573054180,4924382357489091,4924382373545839,0,16055829,Completed
612,4924376573054780,4924382367649544,4924382381048402,1,13398147,Completed
613,4924376573079670,4924382373667918,4924382392586724,0,18918091,Completed
614,4924376573080060,4924382381053742,4924382400370425,1,19316051,Completed
615,4924376573080360,4924382392736523,4924382413016920,0,20251061,Completed
616,4924376573080760,4924382400375285,4924382420694321,1,20318302,Completed
617,4924376573081180,4924382413126639,4924382432719240,0,19591931,Completed
618,4924376573081680,4924382420699961,4924382439012342,1,18311710,Completed
619,4924376582910015,4924382432797180,4924382450556805,0,17758890,Completed
620,4924376582913865,4924382439017092,4924382457297684,1,18279930,Completed
621,4924376582914575,4924382450641464,4924382467812054,0,17147010,Completed
622,4924376582915155,4924382457303374,4924382476322799,1,19018740,Completed
623,4924376582915565,4924382467923073,4924382484511067,0,16587119,Completed
624,4924376582915995,4924382476328029,4924382494919108,1,18590411,Completed
625,4924376582916535,4924382484602547,4924382499664862,0,15061598,Completed
626,4924376582916845,4924382494924378,4924382511544162,1,16619129,Completed
627,4924376582917155,4924382499793701,4924382515204254,0,15409889,Completed
628,4924376582917475,4924382511548032,4924382528111847,1,16563179,Completed
629,4924376582917785,4924382515299464,4924382532292405,0,16992280,Completed
630,4924376582918105,4924382528116907,4924382544862420,1,16718920,Completed
631,4924376592498813,4924382532371154,4924382548178035,0,15806088,Completed
632,4924376592502463,4924382544867500,4924382561604983,1,16736759,Completed
633,4924376592503023,4924382548277534,4924382566637625,0,18359321,Completed
634,4924376592511673,4924382561609833,4924382581106285,1,19495771,Completed
635,4924376592512183,4924382566758734,4924382585586391,0,18826700,Completed
636,4924376592512873,4924382581110895,4924382600219840,1,19108420,Completed
637,4924376592513623,4924382585724640,4924382603453245,0,17709070,Completed
638,4924376592514033,4924382600224510,4924382615317305,1,15092169,Completed
639,4924376592514523,4924382603542175,4924382622270043,0,18727131,Completed
640,4924376592520983,4924382615320915,4924382632377136,1,17055689,Completed
641,4924376592521433,4924382622409122,4924382633785585,0,11375466,Completed
642,4924376592521743,4924382632380766,4924382644742732,1,12361367,Completed
643,4924376592522143,4924382633887944,4924382653505946,0,19617281,Completed
644,4924376592522603,4924382644746442,4924382658680646,1,13933638,Completed
645,4924376606814654,4924382653618285,4924382670729975,0,17087229,Completed
646,4924376606817894,4924382658685306,4924382677066137,1,18380310,Completed
647,4924376606819134,4924382670881604,4924382688091214,0,17190389,Completed
648,4924376606819654,4924382677071267,4924382695673386,1,18601460,Completed
649,4924376606826154,4924382688203223,4924382708936615,0,20714432,Completed
650,4924376606845544,4924382695679376,4924382717827298,1,22147273,Completed
651,4924376606846124,4924382709026715,4924382726610231,0,17513919,Completed
652,4924376606846924,4924382717832028,4924382737270440,1,19412040,Completed
653,4924376606847604,4924382726727821,4924382747549943,0,20821481,Completed
654,4924376606848154,4924382737275630,4924382758090523,1,20814312,Completed
655,4924376606848444,4924382747700111,4924382766094722,0,18393840,Completed
656,4924376606851774,4924382758095703,4924382779262732,1,21166422,Completed
657,4924376606852584,4924382766208041,4924382785688013,0,19479201,Completed
658,4924376629325413,4924382779267842,4924382800285043,1,21016601,Completed
659,4924376629328823,4924382785793853,4924382805728551,0,19933881,Completed
660,4924376629329663,4924382800290453,4924382820221242,1,19905451,Completed
661,4924376629330073,4924382805834351,4924382825133814,0,19298810,Completed
662,4924376629330393,4924382820226462,4924382839759573,1,19532430,Completed
663,4924376629330853,4924382825280863,4924382843723993,0,18442421,Completed
664,4924376629331173,4924382839764743,4924382858761469,1,18974691,Completed
665,4924376629331903,4924382843827062,4924382863965370,0,20063991,Completed
666,4924376629332353,4924382858766129,4924382878599839,1,19833051,Completed
667,4924376629332663,4924382864069589,4924382883006875,0,18936470,Completed
668,4924376629332983,4924382878604749,4924382897447056,1,18841760,Completed
669,4924376629333293,4924382883138194,4924382904325764,0,21169382,Completed
670,4924376649985037,4924382897452386,4924382916838309,1,19385081,Completed
671,4924376649988516,4924382904453963,4924382924974757,0,20496722,Completed
672,4924376649995376,4924382916843039,4924382937271444,1,20427662,Completed
673,4924376649996546,4924382925068506,4924382944274441,0,19205280,Completed
674,4924376649997056,4924382937275974,4924382955877253,1,18600500,Completed
675,4924376649998036,4924382944355730,4924382964352769,0,19996392,Completed
676,4924376649998756,4924382955882563,4924382972324038,1,16440789,Completed
677,4924376650012616,4924382964455218,4924382980269908,0,15813698,Completed
678,4924376650013366,4924382972329698,4924382992755553,1,20425301,Completed
679,4924376650013786,4924382980417627,4924383000075888,0,19633130,Completed
680,4924376650014446,4924382992760733,4924383010342080,1,17580850,Completed
681,4924376650014956,4924383000175477,4924383017426416,0,17229680,Completed
682,4924376650015396,4924383010345550,4924383030500217,1,20153931,Completed
683,4924376663852321,4924383017574745,4924383037803742,0,20228331,Completed
684,4924376663855181,4924383030504437,4924383050961422,1,20456362,Completed
685,4924376663855631,4924383037917131,4924383060405860,0,21601243,Completed
686,4924376663856081,4924383050966032,4924383071072189,1,20105471,Completed
687,4924376663856371,4924383060540889,4924383082577672,0,21235191,Completed
688,4924376663856651,4924383071076559,4924383090675541,1,19598261,Completed
689,4924376663856951,4924383082679141,4924383103626022,0,20946252,Completed
690,4924376663857251,4924383090681041,4924383110781668,1,19934431,Completed
691,4924376663857551,4924383103744551,4924383121307858,0,17547050,Completed
692,4924376663857821,4924383110787108,4924383128081737,1,17293910,Completed
693,4924376663858111,4924383121411717,4924383139559680,0,18147160,Completed
694,4924376663858421,4924383128086827,4924383145717853,1,17630529,Completed
695,4924376676187848,4924383139670319,4924383157850331,0,18179180,Completed
696,4924376676191028,4924383145722113,4924383157686932,1,11964147,Completed
697,4924376676191418,4924383157689752,4924383172789018,1,15098538,Completed
698,4924376676222557,4924383157985140,4924383172388391,0,14402448,Completed
699,4924376676224507,4924383172439301,4924383188883336,0,16443169,Completed
700,4924376676224997,4924383172792258,4924383188959425,1,16166609,Completed
701,4924376676225487,4924383188962945,4924383208430318,1,19465411,Completed
702,4924376676225857,4924383189088624,4924383206147255,0,17057720,Completed
703,4924376676226157,4924383206236214,4924383224302827,0,18065850,Completed
704,4924376676230667,4924383208435528,4924383229326719,1,20890562,Completed
705,4924376676231137,4924383224418566,4924383245014290,0,20595012,Completed
706,4924376676231587,4924383229331359,4924383247823769,1,18491670,Completed
707,4924376695979607,4924383245136849,4924383265839962,0,20702351,Completed
708,4924376695983187,4924383247828389,4924383266756015,1,18927041,Completed
709,4924376695987537,4924383265999801,4924383287922445,0,21914072,Completed
710,4924376695987967,4924383266760255,4924383284570740,1,17809720,Completed
711,4924376695988247,4924383284575260,4924383301075015,1,16499029,Completed
712,4924376695988737,4924383288139753,4924383306522254,0,18381841,Completed
713,4924376695989027,4924383301080105,4924383322297814,1,21217061,Completed
714,4924376695989317,4924383306640293,4924383324601687,0,17576780,Completed
715,4924376695989687,4924383322303804,4924383340951133,1,18646821,Completed
716,4924376695990067,4924383324723846,4924383340358377,0,15618399,Completed
717,4924376695990387,4924383340430337,4924383355549142,0,15118078,Completed
718,4924376695990687,4924383340956313,4924383360161227,1,19204051,Completed
719,4924376695990997,4924383355626921,4924383367699930,0,12072247,Completed
720,4924376715528659,4924383360165727,4924383375980267,1,15813938,Completed
721,4924376715532629,4924383367856629,4924383385131128,0,17252348,Completed
722,4924376715532939,4924383375985107,4924383389798902,1,13813238,Completed
723,4924376715552679,4924383385240207,4924383400162814,0,14921869,Completed
724,4924376715553119,4924383389804542,4924383398935203,1,9129945,Completed
725,4924376715553429,4924383398939983,4924383412516810,1,13575998,Completed
726,4924376715553959,4924383400380832,4924383413088906,0,12707287,Completed
727,4924376715554289,4924383412521500,4924383431342777,1,18820260,Completed
728,4924376715554669,4924383413197065,4924383427817254,0,14619508,Completed
729,4924376715555079,4924383427865194,4924383443022579,0,15156549,Completed
730,4924376715555389,4924383431347497,4924383445868957,1,14520798,Completed
731,4924376715555709,4924383443155398,4924383457966985,0,14783988,Completed
732,4924376770926359,4924383445873487,4924383462185433,1,16311159,Completed
733,4924376770930159,4924383458071975,4924383474616589,0,16543839,Completed
734,4924376770930849,4924383462190423,4924383479551962,1,17360910,Completed
735,4924376770931299,4924383474752248,4924383488420424,0,13667508,Completed
736,4924376770933919,4924383479556552,4924383492877221,1,13319917,Completed
737,4924376770934429,4924383488531074,4924383502069351,0,13537377,Completed
738,4924376770935129,4924383492882021,4924383508029736,1,15146919,Completed
739,4924376770935639,4924383502221420,4924383518066450,0,15823999,Completed
740,4924376770936379,4924383508035346,4924383525569153,1,17533039,Completed
741,4924376770943609,4924383518205659,4924383532921587,0,14690658,Completed
742,4924376770943989,4924383525574143,4924383540967286,1,15392529,Completed
743,4924376770944429,4924383533057046,4924383543479587,0,10421715,Completed
744,4924376816393924,4924383540972906,4924383556871225,1,15897639,Completed
745,4924376816398294,4924383543593656,4924383557469261,0,13854158,Completed
746,4924376816398664,4924383556875755,4924383572912384,1,16035859,Completed
747,4924376816399044,4924383557559920,4924383573443880,0,15883069,Completed
748,4924376816399564,4924383572917094,4924383589294520,1,16376739,Completed
749,4924376816405944,4924383573601549,4924383586294172,0,12691777,Completed
750,4924376816406414,4924383586387422,4924383598010674,0,11622387,Completed
751,4924376816406804,4924383589299950,4924383608012838,1,18712250,Completed
752,4924376816407134,4924383598128003,4924383614795926,0,16667219,Completed
753,4924376816407464,4924383608019018,4924383623768248,1,15748449,Completed
754,4924376816408604,4924383614910035,4924383627903117,0,12992357,Completed
755,4924376816408994,4924383623772778,4924383640779899,1,17006349,Completed
756,4924376816409424,4924383628027926,4924383643933055,0,15904189,Completed
757,4924376869722199,4924383640784959,4924383658203317,1,17417610,Completed
758,4924376869725859,4924383644056794,4924383660749808,0,16692340,Completed
759,4924376869726199,4924383658208117,4924383676164741,1,17955940,Completed
760,4924376869726879,4924383660846087,4924383678977149,0,18130320,Completed
761,4924376869727409,4924383676169891,4924383694286803,1,18116020,Completed
762,4924376869738719,4924383679099449,4924383696106240,0,17006069,Completed
763,4924376869739339,4924383694291643,4924383713946954,1,19654631,Completed
764,4924376869739659,4924383696213949,4924383716102628,0,19887821,Completed
765,4924376869740089,4924383713951904,4924383733854123,1,19901521,Completed
766,4924376869740639,4924383716250017,4924383736434024,0,20183282,Completed
767,4924376869741139,4924383733858513,4924383752853959,1,18994761,Completed
768,4924376869748339,4924383736570073,4924383755694708,0,19123920,Completed
769,4924376869751129,4924383752859609,4924383771182100,1,18321950,Completed
770,4924376899395734,4924383755812127,4924383776131993,0,20319122,Completed
771,4924376899398304,4924383771187940,4924383788136382,1,16947709,Completed
772,4924376899398744,4924383776281002,4924383795335727,0,19053870,Completed
773,4924376899399114,4924383788140782,4924383807636794,1,19495511,Completed
774,4924376899399654,4924383795467476,4924383815505504,0,20037232,Completed
775,4924376899400484,4924383807642384,4924383826254363,1,18581880,Completed
776,4924376899400904,4924383815638193,4924383836186177,0,20547241,Completed
777,4924376899401284,4924383826259153,4924383845728815,1,19468911,Completed
778,4924376899401554,4924383836296867,4924383856770711,0,20473261,Completed
779,4924376899401824,4924383845734085,4924383862028292,1,16293569,Completed
780,4924376899402124,4924383856879861,4924383876774740,0,19894081,Completed
781,4924376899402424,4924383862033221,4924383878242719,1,16180379,Completed
782,4924376925054089,4924383876918719,4924383896059713,0,19140290,Completed
783,4924376925058149,4924383878246689,4924383896433881,1,18186590,Completed
784,4924376925065389,4924383896162513,4924383916714937,0,20551752,Completed
785,4924376925065849,4924383896438071,4924383916520408,1,20081452,Completed
786,4924376925066219,4924383916525548,4924383935033138,1,18506880,Completed
787,4924376925066479,4924383916884356,4924383928526777,0,11641706,Completed
788,4924376925066749,4924383928579417,4924383940458747,0,11685267,Completed
789,4924376925067129,4924383935037878,4924383945478819,1,10440206,Completed
790,4924376925067409,4924383940571256,4924383951603132,0,11031106,Completed
791,4924376925067699,4924383945484379,4924383956486705,1,11001726,Completed
792,4924376925068029,4924383951747481,4924383963959169,0,12210857,Completed
793,4924376925068319,4924383956491135,4924383968511534,1,12019607,Completed
794,4924376925068589,4924383964103488,4924383976523573,0,12419107,Completed
795,4924376925069149,4924383968516604,4924383981221528,1,12704277,Completed
796,4924376931060794,4924383976644762,4924383989072758,0,12118247,Completed
797,4924376931063474,4924383981225778,4924383991102883,1,9876295,Completed
798,4924376931063774,4924383989198487,4924384000327953,0,11093976,Completed
799,4924376931066584,4924383991107373,4924384002090110,1,10982016,Completed
800,4924376931071024,4924384000438642,4924384010784254,0,10344716,Completed
801,4924376931071364,4924384002094330,4924384012848548,1,10753616,Completed
802,4924376931071684,4924384010923003,4924384022597444,0,11673617,Completed
803,4924376931072124,4924384012854398,4924384024259721,1,11404587,Completed
804,4924376931072654,4924384022723363,4924384033929748,0,11205496,Completed
805,4924376931079704,4924384024263971,4924384035933413,1,11668736,Completed
806,4924376931080114,4924384034059427,4924384044708396,0,10625476,Completed
807,4924376931080534,4924384035938653,4924384047315916,1,11376376,Completed
808,4924376931080854,4924384044805626,4924384055383735,0,10577216,Completed
809,4924376937279267,4924384047321486,4924384059604093,1,12281677,Completed
810,4924376937281677,4924384055515164,4924384067885321,0,12369277,Completed
811,4924376937282017,4924384059609453,4924384069842146,1,10232066,Completed
812,4924376937282347,4924384068039019,4924384079465383,0,11425586,Completed
813,4924376937282767,4924384069845926,4924384080677004,1,10830456,Completed
814,4924376937283177,4924384079602042,4924384090418130,0,10756085,Completed
815,4924376937283697,4924384080681073,4924384091963308,1,11281516,Completed
816,4924376937284047,4924384090548519,4924384101960572,0,11411217,Completed
817,4924376937284557,4924384091966858,4924384103240822,1,11273146,Completed
818,4924376937284857,4924384102072211,4924384111903447,0,9830315,Completed
819,4924376937285277,4924384103243942,4924384113165957,1,9921216,Completed
820,4924376937285597,4924384112028926,4924384121687323,0,9657256,Completed
821,4924376955491948,4924384113169927,4924384134311757,1,21123232,Completed
822,4924376955494658,4924384121800772,4924384142029028,0,20206751,Completed
823,4924376955494998,4924384134316997,4924384147832904,1,13515387,Completed
824,4924376955495308,4924384142142577,4924384156206741,0,14063468,Completed
825,4924376955495628,4924384147836974,4924384162744931,1,14907458,Completed
826,4924376955504238,4924384156294540,4924384173262092,0,16966719,Completed
827,4924376955504568,4924384162749401,4924384178110125,1,15360089,Completed
828,4924376955507038,4924384173424350,4924384185663748,0,12238607,Completed
829,4924376955507478,4924384178115095,4924384195625092,1,17509360,Completed
830,4924376955507828,4924384185793947,4924384204705483,0,18768511,Completed
831,4924376955508158,4924384195630152,4924384213686515,1,18055830,Completed
832,4924376955511588,4924384204825792,4924384220916900,0,16090369,Completed
833,4924376955511998,4924384213691035,4924384226501418,1,12809817,Completed
834,4924376989559980,4924384221046099,4924384235050813,0,14003998,Completed
835,4924376989564440,4924384226506848,4924384239197662,1,12690237,Completed
836,4924376989564960,4924384235168912,4924384253225985,0,18056320,Completed
837,4924376989565240,4924384239202402,4924384258379436,1,19176491,Completed
838,4924376989565510,4924384253335894,4924384271340268,0,18003580,Completed
839,4924376989566000,4924384258385266,4924384275087799,1,16701979,Completed
840,4924376989566420,4924384271441657,4924384285748399,0,14305868,Completed
841,4924376989566920,4924384275092299,4924384287371696,1,12278627,Completed
842,4924376989569710,4924384285897768,4924384301193431,0,15294808,Completed
843,4924376989570250,4924384287374876,4924384301211181,1,13835607,Completed
844,4924376989570520,4924384301215251,4924384318522510,1,17306400,Completed
845,4924376989571050,4924384301351430,4924384318839908,0,17487740,Completed
846,4924377019289974,4924384318527530,4924384340680432,1,22151952,Completed
847,4924377019293854,4924384318928017,4924384334245171,0,15284209,Completed
848,4924377019301934,4924384334325880,4924384353378566,0,19051610,Completed
849,4924377019304104,4924384340687402,4924384356177405,1,15489349,Completed
850,4924377019304424,4924384353486375,4924384371225160,0,17738040,Completed
851,4924377019307634,4924384356181135,4924384375189530,1,19007730,Completed
852,4924377019308074,4924384371370599,4924384387639126,0,16267529,Completed
853,4924377019308454,4924384375195470,4924384394046917,1,18850731,Completed
854,4924377019309244,4924384387919944,4924384407793563,0,19836531,Completed
855,4924377019309764,4924384394052067,4924384415609334,1,21556612,Completed
856,4924377019310184,4924384407919732,4924384428164869,0,20220631,Completed
857,4924377019310614,4924384415614524,4924384432227858,1,16612709,Completed
858,4924377040747192,4924384428265328,4924384443570282,0,15269798,Completed
859,4924377040749621,4924384432232998,4924384445554837,1,13321048,Completed
860,4924377040750231,4924384443675701,4924384454289191,0,10612615,Completed
861,4924377040750971,4924384445560287,4924384462532368,1,16971339,Completed
862,4924377040751441,4924384454405270,4924384470098101,0,15691868,Completed
863,4924377040757491,4924384462537458,4924384480164455,1,17626350,Completed
864,4924377040759451,4924384470217040,4924384488841219,0,18623491,Completed
865,4924377040759881,4924384480169725,4924384493731292,1,13560817,Completed
866,4924377040760421,4924384488985128,4924384506678234,0,17639730,Completed
867,4924377040761011,4924384493735822,4924384508133762,1,14397308,Completed
868,4924377040761571,4924384506795473,4924384519059480,0,12244366,Completed
869,4924377040768691,4924384508139242,4924384524283600,1,16097209,Completed
870,4924377040769201,4924384519183329,4924384534997879,0,15572399,Completed
871,4924377058325768,4924384524289260,4924384541251271,1,16936640,Completed
872,4924377058329118,4924384535118658,4924384552344397,0,17224980,Completed
873,4924377058329998,4924384541257511,4924384558533780,1,17275569,Completed
874,4924377058330658,4924384552469386,4924384569187979,0,16717939,Completed
875,4924377058337308,4924384558538970,4924384574286441,1,15295128,Completed
876,4924377058338038,4924384569297059,4924384583242493,0,13944638,Completed
877,4924377058338518,4924384574291361,4924384592525713,1,18233360,Completed
878,4924377058341268,4924384583363382,4924384601497125,0,18113230,Completed
879,4924377058341988,4924384592531033,4924384612090724,1,19257511,Completed
880,4924377058342308,4924384601634824,4924384619796986,0,18161420,Completed
881,4924377058342838,4924384612095704,4924384628458720,1,16362339,Completed
882,4924377058343758,4924384619944015,4924384634843772,0,14898979,Completed
883,4924377064826559,4924384628463710,4924384644255650,1,15791129,Completed
884,4924377064829899,4924384634946801,4924384651411616,0,16464079,Completed
885,4924377064830649,4924384644260620,4924384662374113,1,18113010,Completed
886,4924377064831669,4924384651528195,4924384670062865,0,18534010,Completed
887,4924377064839139,4924384662379133,4924384676902563,1,14522868,Completed
888,4924377064839649,4924384670156994,4924384687412723,0,17255030,Completed
889,4924377064839929,4924384676907613,4924384694376420,1,17467920,Completed
890,4924377064846899,4924384687542662,4924384707398442,0,19837091,Completed
891,4924377064847419,4924384694381460,4924384712925180,1,18543090,Completed
892,4924377064847949,4924384707529701,4924384721974171,0,14386398,Completed
893,4924377064848569,4924384712929580,4924384728220764,1,15290629,Completed
894,4924377064849189,4924384722117540,4924384735916605,0,13798248,Completed
895,4924377064849599,4924384728225824,4924384741173885,1,12884667,Completed
896,4924377074546155,4924384736063824,4924384751469007,0,15404449,Completed
897,4924377074549085,4924384741179405,4924384756581669,1,15309398,Completed
898,4924377074549395,4924384751597476,4924384766573943,0,14975678,Completed
899,4924377074551005,4924384756587989,4924384772546528,1,15710219,Completed
900,4924377074551245,4924384766683072,4924384784120990,0,17437080,Completed
901,4924377074551475,4924384772552018,4924384792931733,1,20113072,Completed
902,4924377074551705,4924384784231489,4924384802469291,0,18236930,Completed
903,4924377074552025,4924384792936573,4924384811190435,1,18231650,Completed
904,4924377074552385,4924384802588020,4924384819004635,0,16411389,Completed
905,4924377074552615,4924384811197995,4924384825556376,1,14332518,Completed
906,4924377074552855,4924384819108345,4924384834614697,0,15505359,Completed
907,4924377074553085,4924384825561436,4924384841783873,1,16221619,Completed
908,4924377085895199,4924384834733586,4924384854047550,0,19313261,Completed
909,4924377085899239,4924384841788793,4924384861516323,1,19726911,Completed
910,4924377085899589,4924384854166809,4924384875016851,0,20814091,Completed
911,4924377085899909,4924384861520883,4924384880992246,1,19470681,Completed
912,4924377085908429,4924384875107470,4924384898173185,0,23065023,Completed
913,4924377085908689,4924384880997016,4924384898803270,1,17782329,Completed
914,4924377085909179,4924384898280364,4924384918287503,0,19843780,Completed
915,4924377085909409,4924384898807070,4924384914016155,1,15171599,Completed
916,4924377085909649,4924384914021655,4924384930650959,1,16589139,Completed
917,4924377085909889,4924384918493341,4924384935187794,0,16693680,Completed
918,4924377085911989,4924384930656059,4924384947546221,1,16866740,Completed
919,4924377085912219,4924384935261084,4924384951337232,0,16075429,Completed
920,4924377105227702,4924384947550991,4924384965303036,1,17726949,Completed
921,4924377105230172,4924384951452091,4924384970081840,0,18629050,Completed
922,4924377105230562,4924384965309376,4924384981372354,1,16062269,Completed
923,4924377105230872,4924384970168339,4924384988361571,0,18192530,Completed
924,4924377105231282,4924384981376644,4924384998218687,1,16748070,Completed
925,4924377105231902,4924384988480810,4924385004233351,0,15751799,Completed
926,4924377105232212,4924384998223927,4924385014126516,1,15901989,Completed
927,4924377105232512,4924385004355840,4924385020103631,0,15746989,Completed
928,4924377105237472,4924385014131986,4924385029749108,1,15579828,Completed
929,4924377105237822,4924385020239860,4924385036334048,0,16093419,Completed
930,4924377105238092,4924385029754388,4924385046723819,1,16968780,Completed
931,4924377105245042,4924385036449827,4924385053121490,0,16670849,Completed
932,4924377105245362,4924385046727659,4924385068198366,1,21428422,Completed
933,4924377119533094,4924385053216750,4924385070689947,0,17472470,Completed
934,4924377119536554,4924385068203996,4924385089464455,1,21259841,Completed
935,4924377119536964,4924385070770457,4924385089869792,0,19098621,Completed
936,4924377119537544,4924385089469625,4924385110373156,1,20849222,Completed
937,4924377119538114,4924385089994791,4924385108357672,0,17680419,Completed
938,4924377119538434,4924385108435601,4924385124600028,0,16163629,Completed
939,4924377119538984,4924385110379106,4924385129749539,1,19369651,Completed
940,4924377119539294,4924385124717058,4924385145485450,0,20767501,Completed
941,4924377119539604,4924385129754619,4924385150764610,1,21009361,Completed
942,4924377119539864,4924385145560600,4924385165047352,0,19486120,Completed
943,4924377119540164,4924385150770600,4924385172822883,1,22051633,Completed
944,4924377119540434,4924385165159001,4924385183050405,0,17890710,Completed
945,4924377134173413,4924385172828263,4924385195927988,1,23099113,Completed
946,4924377134181333,4924385183137635,4924385202603547,0,19465161,Completed
947,4924377134181753,4924385195934168,4924385216781730,1,20846921,Completed
948,4924377134182153,4924385202726636,4924385219805277,0,17077760,Completed
949,4924377134183783,4924385216786840,4924385235646207,1,18858811,Completed
950,4924377134184073,4924385219927066,4924385239951354,0,20023481,Completed
951,4924377134184373,4924385235651656,4924385256988775,1,21336271,Completed
952,4924377134184643,4924385240073263,4924385259023209,0,18949091,Completed
953,4924377134185323,4924385256994255,4924385277967826,1,20972682,Completed
954,4924377134188023,4924385259115069,4924385280443267,0,21327401,Completed
955,4924377134188333,4924385277973176,4924385299015836,1,21041962,Completed
956,4924377134188633,4924385280548596,4924385301055511,0,20506081,Completed
957,4924377134188923,4924385299022026,4924385319739009,1,20716171,Completed
958,4924377141024931,4924385301128930,4924385321037769,0,19908111,Completed
959,4924377141028551,4924385319743849,4924385339161222,1,19416861,Completed
960,4924377141034691,4924385321166648,4924385338356818,0,17189400,Completed
961,4924377141035661,4924385338454447,4924385356730648,0,18275420,Completed
962,4924377141038611,4924385339165762,4924385359784245,1,20617782,Completed
963,4924377141038991,4924385356852838,4924385374909541,0,18055950,Completed
964,4924377141039271,4924385359789975,4924385381221683,1,21431121,Completed
965,4924377141039711,4924385375046360,4924385391279117,0,16232049,Completed
966,4924377141040121,4924385381226473,4924385402525251,1,21240202,Completed
967,4924377141040571,4924385391385066,4924385407802351,0,16416599,Completed
968,4924377141040961,4924385402529951,4924385418870597,1,16340089,Completed
969,4924377141041241,4924385407890731,4924385420114428,0,12223007,Completed
970,4924377153766444,4924385418875587,4924385435082135,1,16180899,Completed
971,4924377153771974,4924385420195057,4924385433577896,0,13382208,Completed
972,4924377153780554,4924385433629605,4924385448297874,0,14667588,Completed
973,4924377153781084,4924385435086044,4924385450425188,1,15338379,Completed
974,4924377153781894,4924385448412833,4924385463843586,0,15429998,Completed
975,4924377153782504,4924385450429618,4924385465676722,1,15246538,Completed
976,4924377153790674,4924385463959506,4924385479346909,0,15386399,Completed
977,4924377153791074,4924385465679922,4924385479745436,1,14064758,Completed
978,4924377153791714,4924385479504928,4924385494170996,0,14665368,Completed
979,4924377153797514,4924385479749646,4924385493824649,1,14074378,Completed
980,4924377153798054,4924385493829249,4924385504827256,1,10997486,Completed
981,4924377153798344,4924385494342575,4924385503392767,0,9049445,Completed
982,4924377153798894,4924385503466786,4924385513980956,0,10513386,Completed
983,4924377168703901,4924385504830836,4924385518122125,1,13290768,Completed
984,4924377168707571,4924385514116115,4924385527798302,0,13681518,Completed
985,4924377168708001,4924385518125865,4924385530848069,1,12721707,Completed
986,4924377168708401,4924385527911271,4924385540164528,0,12252567,Completed
987,4924377168708941,4924385530851928,4924385545317119,1,14464508,Completed
988,4924377168709371,4924385540234997,4924385553084530,0,12848887,Completed
989,4924377168709931,4924385545321929,4924385559988598,1,14666128,Completed
990,4924377168710341,4924385553181879,4924385570061711,0,16879219,Completed
991,4924377168710931,4924385559993228,4924385576633711,1,16639959,Completed
992,4924377168717570,4924385570159460,4924385585852501,0,15692329,Completed
993,4924377168717950,4924385576639121,4924385591485529,1,14845718,Completed
994,4924377168718240,4924385585966611,4924385600252032,0,14284508,Completed
995,4924377182935283,4924385591490139,4924385605661241,1,14170488,Completed
996,4924377182938173,4924385600378151,4924385616923866,0,16544869,Completed
997,4924377182941773,4924385605666381,4924385622478154,1,16811040,Completed
998,4924377182942063,4924385617072775,4924385633297512,0,16224009,Completed
999,4924377182944013,4924385622482694,4924385640129190,1,17645759,Completed
1000,4924377182944373,4924385633426111,4924385651602543,0,18175590,Completed
1001,4924377182944973,4924385640134500,4924385659027167,1,18891921,Completed
1002,4924377182945393,4924385651698262,4924385668854972,0,17156019,Completed
1003,4924377182945663,4924385659033737,4924385673753155,1,14718758,Completed
1004,4924377182945933,4924385668969361,4924385683583751,0,14613708,Completed
1005,4924377182946303,4924385673758365,4924385688494063,1,14734988,Completed
1006,4924377182953242,4924385683707570,4924385699211102,0,15502808,Completed
1007,4924377182953532,4924385688498103,4924385703264661,1,14765968,Completed
1008,4924377192307512,4924385699331891,4924385714509866,0,15177399,Completed
1009,4924377192311531,4924385703270441,4924385717661742,1,14390658,Completed
1010,4924377192312091,4924385714635005,4924385728616939,0,13981257,Completed
1011,4924377192312381,4924385717666062,4924385730271227,1,12604447,Completed
1012,4924377192312901,4924385728717638,4924385744952845,0,16234569,Completed
1013,4924377192317791,4924385730275167,4924385739731375,1,9429596,Completed
1014,4924377192318151,4924385739735005,4924385748501828,1,8766265,Completed
1015,4924377192318431,4924385745125754,4924385755344307,0,10217665,Completed
1016,4924377192318841,4924385748505888,4924385757741888,1,9235325,Completed
1017,4924377192319121,4924385755445126,4924385774468422,0,19022511,Completed
1018,4924377192321531,4924385757746558,4924385764501287,1,6754113,Completed
1019,4924377192349571,4924385764505007,4924385772896493,1,8390735,Completed
1020,4924377192349941,4924385772901503,4924385780618435,1,7716154,Completed
1021,4924377192350221,4924385774658640,4924385781252650,0,6593224,Completed
1022,4924377198292176,4924385780623955,4924385786759638,1,6135134,Completed
1023,4924377198296276,4924385781324919,4924385787365304,0,6039643,Completed
1024,4924377198301276,4924385786762788,4924385793294509,1,6511843,Completed
1025,4924377198437765,4924385787450813,4924385793262899,0,5811233,Completed
1026,4924377198438095,4924385793312579,4924385800144317,1,6831134,Completed
1027,4924377198438405,4924385793342728,4924385799234054,0,5890604,Completed
1028,4924377198438705,4924385799270713,4924385807114084,0,7842534,Completed
1029,4924377198439175,4924385800147527,4924385806912546,1,6764434,Completed
1030,4924377198439465,4924385806916956,4924385814868345,1,7950414,Completed
1031,4924377198439765,4924385807275163,4924385816183525,0,8907695,Completed
1032,4924377198440045,4924385814874395,4924385828475242,1,13599948,Completed
1033,4924377198440345,4924385816281224,4924385835265081,0,18983151,Completed
1034,4924377233504849,4924385828479752,4924385847021931,1,18541260,Completed
1035,4924377233508489,4924385835412260,4924385852386231,0,16973139,Completed
1036,4924377233509029,4924385847026961,4924385866429664,1,19402141,Completed
1037,4924377233516359,4924385852501870,4924385866183416,0,13680868,Completed
1038,4924377233516659,4924385866259146,4924385883098088,0,16838109,Completed
1039,4924377233517069,4924385866434624,4924385884935264,1,18500170,Completed
1040,4924377233517809,4924385883197127,4924385901323910,0,18125810,Completed
1041,4924377233518119,4924385884939514,4924385899928400,1,14988309,Completed
1042,4924377233518439,4924385899932220,4924385910792228,1,10859216,Completed
1043,4924377233518739,4924385901492328,4924385912851952,0,11358826,Completed
1044,4924377233519169,4924385910797528,4924385925630836,1,14817928,Completed
1045,4924377233519479,4924385912945112,4924385923392372,0,10446536,Completed
1046,4924377233522199,4924385923464732,4924385935220873,0,11734176,Completed
1047,4924377290078010,4924385925634485,4924385939470881,1,13835718,Completed
1048,4924377290081500,4924385935323132,4924385952171004,0,16847160,Completed
1049,4924377290089310,4924385939475521,4924385955215611,1,15739398,Completed
1050,4924377290089710,4924385952281853,4924385969267755,0,16985079,Completed
1051,4924377290090250,4924385955221521,4924385970882452,1,15660329,Completed
1052,4924377290090820,4924385969357484,4924385986408575,0,17050280,Completed
1053,4924377290091420,4924385970886702,4924385987623096,1,16735649,Completed
1054,4924377290091720,4924385986544574,4924386005661329,0,19116050,Completed
1055,4924377290092020,4924385987626595,4924385998368314,1,10714906,Completed
1056,4924377290093890,4924385998374954,4924386012201789,1,13803898,Completed
1057,4924377290098860,4924386005855327,4924386017092642,0,11236466,Completed
1058,4924377290099180,4924386012207089,4924386033464618,1,21233312,Completed
1059,4924377326674022,4924386017191391,4924386033730106,0,16537909,Completed
1060,4924377326678352,4924386033470158,4924386046926956,1,13456107,Completed
1061,4924377326678992,4924386033819255,4924386047891979,0,14071938,Completed
1062,4924377326679412,4924386046931356,4924386059241913,1,12261567,Completed
1063,4924377326679962,4924386048014878,4924386061281447,0,13265847,Completed
1064,4924377326680462,4924386059247493,4924386070637646,1,11389327,Completed
1065,4924377326684622,4924386061390126,4924386072605031,0,11213997,Completed
1066,4924377326685062,4924386070643086,4924386086177608,1,15533838,Completed
1067,4924377326685622,4924386072735870,4924386086624095,0,13887487,Completed
1068,4924377326686322,4924386086183788,4924386100530440,1,14346038,Completed
1069,4924377326686712,4924386086744284,4924386102863252,0,16118229,Completed
1070,4924377326687212,4924386100535539,4924386114271835,1,13735658,Completed
1071,4924377326687682,4924386102969871,4924386117438561,0,14448199,Completed
1072,4924377326688012,4924386114277295,4924386126165535,1,11832856,Completed
1073,4924377326688322,4924386117538361,4924386128893915,0,11354796,Completed
1074,4924377333409341,4924386126169755,4924386138334493,1,12122787,Completed
1075,4924377333413481,4924386128983404,4924386141951416,0,12967217,Completed
1076,4924377333413891,4924386138338703,4924386151819881,1,13436668,Completed
1077,4924377333414371,4924386142098334,4924386155225845,0,13126708,Completed
1078,4924377333415051,4924386151823911,4924386165233969,1,13366467,Completed
1079,4924377333415351,4924386155425753,4924386168667913,0,13241227,Completed
1080,4924377333455061,4924386165238769,4924386178471739,1,13190757,Completed
1081,4924377333455391,4924386168789122,4924386181867333,0,13038507,Completed
1082,4924377333455701,4924386178476239,4924386192386673,1,13832028,Completed
1083,4924377333456091,4924386181996052,4924386195547169,0,13550288,Completed
1084,4924377333456391,4924386192392163,4924386209199166,1,16784110,Completed
1085,4924377333456771,4924386195664098,4924386211520868,0,15855869,Completed
1086,4924377333457061,4924386209205126,4924386226865642,1,17659859,Completed
1087,4924377333457361,4924386211605138,4924386229841629,0,18235720,Completed
1088,4924377339217987,4924386226870702,4924386245289742,1,18418481,Completed
1089,4924377339221047,4924386229965278,4924386246826931,0,16860809,Completed
1090,4924377339221557,4924386245294852,4924386262308463,1,17012899,Completed
1091,4924377339222027,4924386246915990,4924386264620836,0,17704000,Completed
1092,4924377339222377,4924386262314023,4924386278829008,1,16514269,Completed
1093,4924377339222717,4924386264757855,4924386281424838,0,16666140,Completed
1094,4924377339223047,4924386278834638,4924386295832179,1,16996750,Completed
1095,4924377339223277,4924386281510407,4924386298649758,0,17138629,Completed
1096,4924377339223517,4924386295837099,4924386313286367,1,17426239,Completed
1097,4924377339223757,4924386298762687,4924386314790475,0,16026969,Completed
1098,4924377339223987,4924386313291947,4924386329222906,1,15930239,Completed
1099,4924377339225067,4924386314942214,4924386329905991,0,14962929,Completed
1100,4924377339225307,4924386329228136,4924386344394421,1,15165189,Completed
1101,4924377344550386,4924386330042260,4924386347805095,0,17762020,Completed
1102,4924377344553586,4924386344399151,4924386363441056,1,18988490,Completed
1103,4924377344553966,4924386348202562,4924386365609870,0,17406459,Completed
1104,4924377344554326,4924386363446586,4924386377642789,1,14195548,Completed
1105,4924377344554656,4924386365738899,4924386379372456,0,13632727,Completed
1106,4924377344554886,4924386377647369,4924386390800679,1,13152807,Completed
1107,4924377344555326,4924386379483915,4924386392430007,0,12945197,Completed
1108,4924377344555566,4924386390804269,4924386404239567,1,13434678,Completed
1109,4924377344555796,4924386392542226,4924386405655726,0,13112758,Completed
1110,4924377344556026,4924386404244787,4924386419076485,1,14830978,Completed
1111,4924377344556346,4924386405781065,4924386421230998,0,15449208,Completed
1112,4924377344557026,4924386419081275,4924386433464356,1,14382368,Completed
1113,4924377350386452,4924386421360177,4924386434947654,0,13586778,Completed
1114,4924377350390732,4924386433469826,4924386448141454,1,14670928,Completed
1115,4924377350391332,4924386435069723,4924386449518254,0,14447648,Completed
1116,4924377350392032,4924386448145964,4924386463190180,1,15043609,Completed
1117,4924377350392642,4924386449628743,4924386464806348,0,15176879,Completed
1118,4924377350393052,4924386463194980,4924386478186497,1,14990908,Completed
1119,4924377350393352,4924386464937057,4924386480218301,0,15258818,Completed
1120,4924377350398582,4924386478191056,4924386492246650,1,14038128,Completed
1121,4924377350398962,4924386480377820,4924386499973421,0,19204501,Completed
1122,4924377350399262,4924386492251620,4924386504864254,1,12611907,Completed
1123,4924377350402182,4924386500105580,4924386517556568,0,17074890,Completed
1124,4924377350402522,4924386504868964,4924386519675962,1,14806438,Completed
1125,4924377350404552,4924386517671217,4924386535714391,0,17664290,Completed
1126,4924377350404952,4924386519680912,4924386536901961,1,17220350,Completed
1127,4924377355956860,4924386535837340,4924386552620532,0,16782419,Completed
1128,4924377355960830,4924386536907411,4924386553482446,1,16574209,Completed
1129,4924377355961270,4924386552715752,4924386570418577,0,17702140,Completed
1130,4924377355961700,4924386553488666,4924386570184789,1,16695489,Completed
1131,4924377355962090,4924386570189559,4924386584920728,1,14730468,Completed
1132,4924377355962550,4924386570643456,4924386587753226,0,17109010,Completed
1133,4924377355962840,4924386584926818,4924386601668130,1,16740570,Completed
1134,4924377355963170,4924386587861575,4924386605361153,0,17498850,Completed
1135,4924377355963570,4924386601672790,4924386617913367,1,16239949,Completed
1136,4924377355963860,4924386605512051,4924386623565525,0,18052730,Completed
1137,4924377355964170,4924386617918147,4924386634824999,1,16906219,Completed
1138,4924377355964570,4924386623674444,4924386641588018,0,17912850,Completed
1139,4924377355965040,4924386634832929,4924386653509548,1,18675890,Completed
1140,4924377355965330,4924386641722437,4924386660295166,0,18551180,Completed
1141,4924377361581297,4924386653514278,4924386671437262,1,17922440,Completed
1142,4924377361585127,4924386660398175,4924386676355574,0,15956649,Completed
1143,4924377361585737,4924386671442722,4924386689376526,1,17933200,Completed
1144,4924377361593047,4924386676485053,4924386694600136,0,18114230,Completed
1145,4924377361593527,4924386689383376,4924386705992610,1,16608580,Completed
1146,4924377361594037,4924386694702455,4924386714115598,0,18571451,Completed
1147,4924377361594597,4924386705998700,4924386722307876,1,16308499,Completed
1148,4924377361595227,4924386714212377,4924386730337295,0,16124199,Completed
1149,4924377361602897,4924386722312916,4924386737182353,1,14868798,Completed
1150,4924377361603377,4924386730440324,4924386743426476,0,12967337,Completed
1151,4924377361603777,4924386737187063,4924386749694198,1,12506447,Completed
1152,4924377361618247,4924386743539415,4924386755902141,0,12362057,Completed
1153,4924377361618727,4924386749698218,4924386762751649,1,13052857,Completed
1154,4924377388059166,4924386756014591,4924386770304202,0,14289018,Completed
1155,4924377388063726,4924386762757219,4924386775906100,1,13148177,Completed
1156,4924377388064066,4924386770453661,4924386786033173,0,15578899,Completed
1157,4924377388064376,4924386775910820,4924386791924338,1,16012829,Completed
1158,4924377388064776,4924386786119732,4924386794974865,0,8854475,Completed
1159,4924377388065546,4924386791929498,4924386804593622,1,12663367,Completed
1160,4924377388065996,4924386795124964,4924386807454701,0,12309217,Completed
1161,4924377388066326,4924386804599662,4924386820299643,1,15698879,Completed
1162,4924377388066856,4924386807547790,4924386821194416,0,13610058,Completed
1163,4924377388067316,4924386820305293,4924386834308177,1,14002268,Completed
1164,4924377388067646,4924386821286706,4924386832987017,0,11699586,Completed
1165,4924377388077436,4924386833060266,4924386847220099,0,14132838,Completed
1166,4924377426683543,4924386834313017,4924386850071188,1,15757569,Completed
1167,4924377426686743,4924386847353598,4924386859157559,0,11773647,Completed
1168,4924377426687243,4924386850075757,4924386863410446,1,13334127,Completed
1169,4924377426687513,4924386859262908,4924386877527029,0,18263390,Completed
1170,4924377426687793,4924386863416576,4924386879384455,1,15967339,Completed
1171,4924377426688173,4924386877666478,4924386900752753,0,23049323,Completed
1172,4924377426688673,4924386879389555,4924386899526743,1,20136701,Completed
1173,4924377426688953,4924386899531783,4924386919928718,1,20396331,Completed
1174,4924377426689233,4924386900933462,4924386919906898,0,18949840,Completed
1175,4924377426689603,4924386919932918,4924386940212704,1,20279262,Completed
1176,4924377426690043,4924386919977558,4924386941098357,0,21120082,Completed
1177,4924377426690313,4924386940217754,4924386959440738,1,19222180,Completed
1178,4924377447072048,4924386941242826,4924386963518607,0,22274963,Completed
1179,4924377447075378,4924386959445018,4924386979448877,1,20003391,Completed
1180,4924377447075678,4924386963644927,4924386983917833,0,20272201,Completed
1181,4924377447076078,4924386979453937,4924386997465640,1,18011011,Completed
1182,4924377447076508,4924386983991772,4924387002351403,0,18359010,Completed
1183,4924377447076898,4924386997470840,4924387016745414,1,19273920,Completed
1184,4924377447084258,4924387002449142,4924387022397281,0,19926851,Completed
1185,4924377447087218,4924387016749704,4924387036908791,1,20158581,Completed
1186,4924377447087648,4924387022569680,4924387041805244,0,19234781,Completed
1187,4924377447090228,4924387036914001,4924387055009244,1,18094440,Completed
1188,4924377447091488,4924387041913963,4924387060086176,0,18171470,Completed
1189,4924377447091808,4924387055015244,4924387074256548,1,19240431,Completed
1190,4924377447092208,4924387060210055,4924387080742569,0,20505472,Completed
1191,4924377461899926,4924387074261448,4924387093455263,1,19193111,Completed
1192,4924377461904266,4924387080875908,4924387103847214,0,22944953,Completed
1193,4924377461904646,4924387093460093,4924387115207798,1,21747122,Completed
1194,4924377461905286,4924387103937783,4924387126265794,0,22327232,Completed
1195,4924377461906226,4924387115213048,4924387136481176,1,21267492,Completed
1196,4924377461906526,4924387126371053,4924387149477738,0,22971313,Completed
1197,4924377461906926,4924387136487236,4924387158406730,1,21900572,Completed
1198,4924377461907216,4924387149591987,4924387172108336,0,22515343,Completed
1199,4924377461909536,4924387158413130,4924387180982719,1,22569092,Completed
1200,4924377461909836,4924387172220765,4924387194186479,0,21964952,Completed
1201,4924377461910136,4924387180988109,4924387202797944,1,21809203,Completed
1202,4924377461910436,4924387194316658,4924387216422940,0,22105512,Completed
1203,4924377468719734,4924387202803264,4924387225258903,1,22454942,Completed
1204,4924377468722754,4924387216553059,4924387238745971,0,22191993,Completed
1205,4924377468723064,4924387225264383,4924387246645891,1,21380862,Completed
1206,4924377468723364,4924387238833060,4924387260442887,0,21609152,Completed
1207,4924377468723744,4924387246651101,4924387268475656,1,21823812,Completed
1208,4924377468730644,4924387260557486,4924387282649638,0,22069482,Completed
1209,4924377468731044,4924387268481006,4924387289962143,1,21480482,Completed
1210,4924377468731334,4924387282774927,4924387304274585,0,21498932,Completed
1211,4924377468731824,4924387289968133,4924387311890647,1,21921742,Completed
1212,4924377468732124,4924387304369964,4924387325880471,0,21509812,Completed
1213,4924377468732514,4924387311896877,4924387334894832,1,22997283,Completed
1214,4924377468732804,4924387326025219,4924387347958483,0,21932402,Completed
1215,4924377475159365,4924387334902512,4924387356022832,1,21119742,Completed
1216,4924377475164885,4924387348072852,4924387371148778,0,23075253,Completed
1217,4924377475165375,4924387356027622,4924387376841734,1,20813541,Completed
1218,4924377475165675,4924387371262847,4924387393058161,0,21794682,Completed
1219,4924377475166065,4924387376846744,4924387398838008,1,21990663,Completed
1220,4924377475166375,4924387393155381,4924387414217681,0,21038392,Completed
1221,4924377475167015,4924387398843098,4924387418951715,1,20108021,Completed
1222,4924377475167315,4924387414284241,4924387434531767,0,19472731,Completed
1223,4924377475167615,4924387418956835,4924387439808467,1,20851141,Completed
1224,4924377475167925,4924387434641076,4924387454836893,0,20161382,Completed
1225,4924377475168225,4924387439812727,4924387459631797,1,19818431,Completed
1226,4924377475168525,4924387454930832,4924387475783234,0,20851501,Completed
1227,4924377475168825,4924387459639117,4924387481279973,1,21640242,Completed
1228,4924377480919422,4924387475914883,4924387496373948,0,20458152,Completed
1229,4924377480928502,4924387481285153,4924387501458400,1,20172582,Completed
1230,4924377480928812,4924387496502077,4924387515954460,0,19429511,Completed
1231,4924377480929282,4924387501464230,4924387520875703,1,19410760,Completed
1232,4924377480929662,4924387516091319,4924387535142964,0,19029970,Completed
1233,4924377480930072,4924387520880383,4924387539968538,1,19087431,Completed
1234,4924377480930412,4924387535251584,4924387553935692,0,18683311,Completed
1235,4924377480930642,4924387539972948,4924387558712316,1,18738710,Completed
1236,4924377480930962,4924387554049891,4924387573181286,0,19109090,Completed
1237,4924377480931202,4924387558716606,4924387577971240,1,19254021,Completed
1238,4924377480931432,4924387573256736,4924387593365653,0,20108182,Completed
1239,4924377480931662,4924387577976550,4924387598719183,1,20742092,Completed
1240,4924377488409045,4924387593494322,4924387613899098,0,20403981,Completed
1241,4924377488412425,4924387598725073,4924387618631362,1,19905311,Completed
1242,4924377488412845,4924387613987667,4924387632598686,0,18589300,Completed
1243,4924377488419505,4924387618635732,4924387637453809,1,18817390,Completed
1244,4924377488419825,4924387632702295,4924387653975374,0,21248452,Completed
1245,4924377488420295,4924387637460639,4924387658808667,1,21325172,Completed
1246,4924377488420595,4924387654072753,4924387673171708,0,19098111,Completed
1247,4924377488421005,4924387658813467,4924387678134961,1,19320781,Completed
1248,4924377488422925,4924387673310577,4924387692672530,0,19361201,Completed
1249,4924377488424045,4924387678140261,4924387697698162,1,19557031,Completed
1250,4924377488424475,4924387692752140,4924387712541480,0,19788501,Completed
1251,4924377488431325,4924387697703322,4924387718018908,1,20287581,Completed
1252,4924377488431805,4924387712656829,4924387732453059,0,19795301,Completed
1253,4924377497318437,4924387718023398,4924387738582702,1,20558531,Completed
1254,4924377497322157,4924387732541978,4924387752376938,0,19834271,Completed
1255,4924377497322507,4924387738588412,4924387758256593,1,19667561,Completed
1256,4924377497322737,4924387752510707,4924387772605395,0,20093881,Completed
1257,4924377497322977,4924387758261163,4924387777324919,1,19063281,Completed
1258,4924377497323207,4924387772699554,4924387792124007,0,19400481,Completed
1259,4924377497323547,4924387777329809,4924387796857491,1,19527041,Completed
1260,4924377497323777,4924387792219076,4924387811873277,0,19653531,Completed
1261,4924377497324017,4924387796862371,4924387816827789,1,19964751,Completed
1262,4924377497324257,4924387811976766,4924387831557718,0,19580181,Completed
1263,4924377497324497,4924387816832929,4924387836606029,1,19772501,Completed
1264,4924377497324727,4924387831649577,4924387851930463,0,20280221,Completed
1265,4924377497324967,4924387836610989,4924387856043472,1,19431801,Completed
1266,4924377507921107,4924387852069152,4924387870764321,0,18675931,Completed
1267,4924377507925757,4924387856048582,4924387874477292,1,18428150,Completed
1268,4924377507926177,4924387870905230,4924387888850623,0,17859710,Completed
1269,4924377507926617,4924387874482572,4924387894154653,1,19671261,Completed
1270,4924377507927167,4924387888950273,4924387910258341,0,21286492,Completed
1271,4924377507927927,4924387894159783,4924387915267763,1,21107271,Completed
1272,4924377507932477,4924387910367990,4924387930862835,0,20494161,Completed
1273,4924377507932797,4924387915272143,4924387935864367,1,20591442,Completed
1274,4924377507933197,4924387930976934,4924387952488971,0,21321092,Completed
1275,4924377507933507,4924387935869197,4924387956731669,1,20861142,Completed
1276,4924377507933827,4924387952614250,4924387971932174,0,19317071,Completed
1277,4924377507934427,4924387956738149,4924387976769087,1,20030301,Completed
1278,4924377519146052,4924387972069353,4924387991763673,0,19693661,Completed
1279,4924377519150192,4924387976773917,4924387996603647,1,19828981,Completed
1280,4924377519156352,4924387991858653,4924388009877586,0,18018300,Completed
1281,4924377519156772,4924387996608627,4924388015100887,1,18491670,Completed
1282,4924377519157172,4924388009958026,4924388028379866,0,18421230,Completed
1283,4924377519157652,4924388015105376,4924388033299399,1,18193310,Completed
1284,4924377519157932,4924388028490645,4924388046482729,0,17991490,Completed
1285,4924377519158232,4924388033303919,4924388052275845,1,18971011,Completed
1286,4924377519158522,4924388046604048,4924388063602739,0,16998000,Completed
1287,4924377519158812,4924388052280745,4924388070383097,1,18101740,Completed
1288,4924377519159112,4924388063709178,4924388081237785,0,17527730,Completed
1289,4924377519159392,4924388070387447,4924388088220902,1,17832830,Completed
1290,4924377519159872,4924388081322475,4924388099178909,0,17855840,Completed
1291,4924377529750251,4924388088225312,4924388108602418,1,20185771,Completed
1292,4924377529754081,4924388099270739,4924388116921725,0,17560730,Completed
1293,4924377529773351,4924388108608718,4924388126525332,1,17915890,Completed
1294,4924377529773651,4924388116995264,4924388135180596,0,18184700,Completed
1295,4924377529773941,4924388126530372,4924388144695674,1,18164530,Completed
1296,4924377529774381,4924388135302145,4924388153193640,0,17890850,Completed
1297,4924377529782121,4924388144700124,4924388163185474,1,18484570,Completed
1298,4924377529782541,4924388153305219,4924388170569528,0,17263729,Completed
1299,4924377529784671,4924388163190524,4924388180489063,1,17297880,Completed
1300,4924377529785101,4924388170659837,4924388187315421,0,16654960,Completed
1301,4924377529785941,4924388180495063,4924388197341735,1,16846089,Completed
1302,4924377529786261,4924388187434450,4924388200841839,0,13406707,Completed
1303,4924377542375495,4924388197346755,4924388211312139,1,13964738,Completed
1304,4924377542379045,4924388200968888,4924388214798373,0,13828808,Completed
1305,4924377542379465,4924388211317609,4924388230979860,1,19661601,Completed
1306,4924377542379735,4924388214922242,4924388233274993,0,18352140,Completed
1307,4924377542380325,4924388230984680,4924388251250757,1,20241101,Completed
1308,4924377542380625,4924388233392132,4924388253791897,0,20399082,Completed
1309,4924377542380915,4924388251256177,4924388269496538,1,18239560,Completed
1310,4924377542381285,4924388253898037,4924388272906302,0,19007570,Completed
1311,4924377542381665,4924388269502258,4924388286252431,1,16749630,Completed
1312,4924377542387545,4924388273021822,4924388291978428,0,18955921,Completed
1313,4924377542394235,4924388286256601,4924388303539350,1,17281819,Completed
1314,4924377542394685,4924388292069387,4924388311674979,0,19604931,Completed
1315,4924377542397225,4924388303542770,4924388316530832,1,12987407,Completed
1316,4924377548112642,4924388311781238,4924388326346167,0,14564088,Completed
1317,4924377548115882,4924388316534112,4924388328159634,1,11624827,Completed
1318,4924377548116342,4924388326438647,4924388339791546,0,13352057,Completed
1319,4924377548116702,4924388328163234,4924388341330804,1,13166857,Completed
1320,4924377548117632,4924388339929434,4924388353223924,0,13293738,Completed
1321,4924377548118092,4924388341335954,4924388355145319,1,13808628,Completed
1322,4924377548118362,4924388353312623,4924388367037089,0,13723597,Completed
1323,4924377548119072,4924388355150269,4924388369117723,1,13966808,Completed
1324,4924377548119462,4924388367164548,4924388381965556,0,14800248,Completed
1325,4924377548119732,4924388369122073,4924388383340105,1,14217378,Completed
1326,4924377548120002,4924388382050735,4924388396535655,0,14484198,Completed
1327,4924377548120412,4924388383343795,4924388395148966,1,11804286,Completed
1328,4924377548120692,4924388395152316,4924388406938417,1,11785377,Completed
1329,4924377553137704,4924388396743144,4924388409688036,0,12944037,Completed
1330,4924377553140774,4924388406941506,4924388417565386,1,10623256,Completed
1331,4924377553141464,4924388409814385,4924388422126571,0,12311207,Completed
1332,4924377553141834,4924388417570016,4924388433133868,1,15563268,Completed
1333,4924377553142394,4924388422265590,4924388437898372,0,15631849,Completed
1334,4924377553142674,4924388433137958,4924388448943438,1,15804739,Completed
1335,4924377553143234,4924388438020011,4924388451928446,0,13907698,Completed
1336,4924377553149554,4924388448948088,4924388463771976,1,14823218,Completed
1337,4924377553149834,4924388452098564,4924388468154733,0,16055139,Completed
1338,4924377553150094,4924388463779166,4924388481113804,1,17333830,Completed
1339,4924377553150464,4924388468263142,4924388485638390,0,17374499,Completed
1340,4924377553150814,4924388481118654,4924388498120366,1,17001059,Completed
1341,4924377553151084,4924388485760679,4924388500756175,0,14994679,Completed
1342,4924377559540485,4924388498126255,4924388512208629,1,14081428,Completed
1343,4924377559545145,4924388500888074,4924388513415290,0,12526377,Completed
1344,4924377559552335,4924388512213229,4924388525111811,1,12898017,Completed
1345,4924377559552855,4924388513548629,4924388531125505,0,17576090,Completed
1346,4924377559553595,4924388525116761,4924388542084512,1,16967070,Completed
1347,4924377559554025,4924388531246384,4924388546134232,0,14484498,Completed
1348,4924377559554325,4924388542089042,4924388558098581,1,15980159,Completed
1349,4924377559556075,4924388546262461,4924388562155900,0,15892579,Completed
1350,4924377559556815,4924388558104351,4924388574450677,1,16314279,Completed
1351,4924377559557095,4924388562253289,4924388580888048,0,18592270,Completed
1352,4924377559557485,4924388574456057,4924388592591909,1,18116299,Completed
1353,4924377559557775,4924388581013967,4924388599848124,0,18807441,Completed
1354,4924377559558055,4924388592597649,4924388609828189,1,17229879,Completed
1355,4924377565017834,4924388599977323,4924388620211840,0,20233781,Completed
1356,4924377565020544,4924388609833149,4924388629933376,1,20099512,Completed
1357,4924377565027044,4924388620361099,4924388641922726,0,21560712,Completed
1358,4924377565027284,4924388629938196,4924388650676689,1,20737551,Completed
1359,4924377565027514,4924388642061105,4924388659710721,0,17631640,Completed
1360,4924377565027744,4924388650682649,4924388670440299,1,19757101,Completed
1361,4924377565027984,4924388659844610,4924388679666919,0,19821671,Completed
1362,4924377565032714,4924388670445269,4924388690422978,1,19977241,Completed
1363,4924377565032964,4924388679767459,4924388701637903,0,21869492,Completed
1364,4924377565033294,4924388690427718,4924388711546238,1,21117442,Completed
1365,4924377565033864,4924388701769342,4924388723177440,0,21363762,Completed
1366,4924377565034104,4924388711551848,4924388733501812,1,21949342,Completed
1367,4924377565034434,4924388723320479,4924388742397674,0,19076341,Completed
1368,4924377565034664,4924388733508401,4924388754467213,1,20930942,Completed
1369,4924377571193377,4924388742502993,4924388764935503,0,22397183,Completed
1370,4924377571197137,4924388754472103,4924388775969600,1,21496752,Completed
1371,4924377571197427,4924388765061722,4924388786835757,0,21753352,Completed
1372,4924377571197727,4924388775975330,4924388796313465,1,20337601,Completed
1373,4924377571198107,4924388786961536,4924388806955925,0,19974611,Completed
1374,4924377571198527,4924388796318825,4924388817192667,1,20842512,Completed
1375,4924377571198827,4924388807071884,4924388828257263,0,21164442,Completed
1376,4924377571204417,4924388817197807,4924388836061084,1,18862740,Completed
1377,4924377571204807,4924388828370303,4924388849641611,0,21208722,Completed
1378,4924377571205227,4924388836066354,4924388858514764,1,22447363,Completed
1379,4924377571212807,4924388849786260,4924388872226410,0,22439362,Completed
1380,4924377571213117,4924388858520604,4924388879643484,1,21097511,Completed
1381,4924377578178904,4924388872349349,4924388896385017,0,24016604,Completed
1382,4924377578183364,4924388879648884,4924388900055039,1,20405562,Completed
1383,4924377578184614,4924388896540966,4924388916290046,0,19728461,Completed
1384,4924377578185534,4924388900060209,4924388919635091,1,19574191,Completed
1385,4924377578186384,4924388916426955,4924388938249550,0,21821862,Completed
1386,4924377578186784,4924388919641181,4924388940453593,1,20811851,Completed
1387,4924377578187534,4924388938396159,4924388958861083,0,20445031,Completed
1388,4924377578187834,4924388940458883,4924388961698542,1,21239052,Completed
1389,4924377578188124,4924388958979612,4924388980374800,0,21394432,Completed
1390,4924377578188424,4924388961703212,4924388983728605,1,22024792,Completed
1391,4924377578188994,4924388980490760,4924389002355304,0,21863682,Completed
1392,4924377578189284,4924388983733515,4924389004595537,1,20861482,Completed
1393,4924377578189774,4924389002483303,4924389022214463,0,19730481,Completed
1394,4924377578190064,4924389004601627,4924389021265191,1,16662999,Completed
1395,4924377585416109,4924389021270440,4924389039307664,1,18036620,Completed
1396,4924377585420659,4924389022434402,4924389044065438,0,21610822,Completed
1397,4924377585421399,4924389039310484,4924389058149461,1,18838060,Completed
1398,4924377585422509,4924389044173657,4924389066152110,0,21955742,Completed
1399,4924377585429449,4924389058154581,4924389077758812,1,19603571,Completed
1400,4924377585444629,4924389066278879,4924389083889116,0,17609450,Completed
1401,4924377585445229,4924389077764132,4924389095797326,1,18032650,Completed
1402,4924377585445699,4924389084005895,4924389104785017,0,20738501,Completed
1403,4924377585446329,4924389095802676,4924389116526609,1,20723342,Completed
1404,4924377585447199,4924389104877957,4924389126912640,0,21991123,Completed
1405,4924377585449719,4924389116532198,4924389135372856,1,18729150,Completed
1406,4924377585450599,4924389127042849,4924389143335395,0,16291879,Completed
1407,4924377585451079,4924389135377656,4924389152132899,1,16754620,Completed
1408,4924377592885002,4924389143451945,4924389160237077,0,16784469,Completed
1409,4924377592888512,4924389152136569,4924389168119928,1,15982909,Completed
1410,4924377592889382,4924389160381066,4924389177263078,0,16881370,Completed
1411,4924377592890042,4924389168123217,4924389183768219,1,15644468,Completed
1412,4924377592890622,4924389177348168,4924389192870280,0,15521518,Completed
1413,4924377592891562,4924389183771879,4924389198770995,1,14998579,Completed
1414,4924377592892232,4924389192965989,4924389208460212,0,15493499,Completed
1415,4924377592892962,4924389198776945,4924389213049827,1,14272408,Completed
1416,4924377592893732,4924389208551051,4924389226144148,0,17592370,Completed
1417,4924377592894332,4924389213054167,4924389230722293,1,17667509,Completed
1418,4924377592894742,4924389226273877,4924389243363707,0,17089169,Completed
1419,4924377592895182,4924389230727053,4924389247910893,1,17183230,Completed
1420,4924377594059363,4924389243437547,4924389261451570,0,18013320,Completed
1421,4924377594091443,4924389247915203,4924389252671897,1,4755853,Completed
