kind,index,t_ns,value
enter,0,4924532931302170,3128048
header_yield,0,4924532931325740,0
header_resumed,0,4924532931330270,0
getresult_done,0,4924532931619158,306200
plan_begin,0,4924532931623638,0
submit,0,4924532953854491,8192
submit,1,4924532953861301,8192
submit,2,4924532953866401,8192
submit,3,4924532953869011,8192
submit,4,4924532953909671,8192
submit,5,4924532953910611,8192
submit,6,4924532953913041,8192
submit,7,4924532953913391,8192
submit,8,4924532953913731,8192
submit,9,4924532953918211,8192
submit,10,4924532953918451,8192
submit,11,4924532953918801,8192
submit,12,4924532961519974,8192
submit,13,4924532961524794,8192
submit,14,4924532961525444,8192
submit,15,4924532961525934,8192
submit,16,4924532961526454,8192
submit,17,4924532961538913,8192
submit,18,4924532961539153,8192
submit,19,4924532961539483,8192
submit,20,4924532961539833,8192
submit,21,4924532961540073,8192
submit,22,4924532961542283,8192
submit,23,4924532961542623,8192
submit,24,4924532961542873,8192
submit,25,4924532967669798,8192
submit,26,4924532967674728,8192
submit,27,4924532967675138,8192
submit,28,4924532967693128,8192
submit,29,4924532967693648,8192
submit,30,4924532967694408,8192
submit,31,4924532967694778,8192
submit,32,4924532967695307,8192
submit,33,4924532967712007,8192
submit,34,4924532967712307,8192
submit,35,4924532967712677,8192
submit,36,4924532967712957,8192
submit,37,4924532967713337,8192
submit,38,4924532974009200,8192
submit,39,4924532974015330,8192
submit,40,4924532974016220,8192
submit,41,4924532974026960,8192
submit,42,4924532974027780,8192
submit,43,4924532974030510,8192
submit,44,4924532974030980,8192
submit,45,4924532974031430,8192
submit,46,4924532974031820,8192
submit,47,4924532974032100,8192
submit,48,4924532974032420,8192
submit,49,4924532974034020,8192
submit,50,4924532974034330,8192
submit,51,4924532980862589,8192
submit,52,4924532980866629,8192
submit,53,4924532980867089,8192
submit,54,4924532980867769,8192
submit,55,4924532980868349,8192
submit,56,4924532980868829,8192
submit,57,4924532980883129,8192
submit,58,4924532980883549,8192
submit,59,4924532980883839,8192
submit,60,4924532980906438,8192
submit,61,4924532980906958,8192
submit,62,4924532980907488,8192
submit,63,4924532980907758,8192
submit,64,4924532987418860,8192
submit,65,4924532987442469,8192
submit,66,4924532987443269,8192
submit,67,4924532987445719,8192
submit,68,4924532987446559,8192
submit,69,4924532987447099,8192
submit,70,4924532987447599,8192
submit,71,4924532987447889,8192
submit,72,4924532987448389,8192
submit,73,4924532987448729,8192
submit,74,4924532987449109,8192
submit,75,4924532987451679,8192
submit,76,4924532997518244,8192
submit,77,4924532997522734,8192
submit,78,4924532997523534,8192
submit,79,4924532997524104,8192
submit,80,4924532997524564,8192
submit,81,4924532997525154,8192
submit,82,4924532997525554,8192
submit,83,4924532997525854,8192
submit,84,4924532997537324,8192
submit,85,4924532997537634,8192
submit,86,4924532997538044,8192
submit,87,4924532997538354,8192
submit,88,4924532997538724,8192
submit,89,4924533008082495,8192
submit,90,4924533008086515,8192
submit,91,4924533008087005,8192
submit,92,4924533008087745,8192
submit,93,4924533008088305,8192
submit,94,4924533008088605,8192
submit,95,4924533008089035,8192
submit,96,4924533008095435,8192
submit,97,4924533008100695,8192
submit,98,4924533008101095,8192
submit,99,4924533008103185,8192
submit,100,4924533008103765,8192
submit,101,4924533008104085,8192
submit,102,4924533017969841,8192
submit,103,4924533017981251,8192
submit,104,4924533017982261,8192
submit,105,4924533017982651,8192
submit,106,4924533017983151,8192
submit,107,4924533017983881,8192
submit,108,4924533017984511,8192
submit,109,4924533017984771,8192
submit,110,4924533017985061,8192
submit,111,4924533017985491,8192
submit,112,4924533017986431,8192
submit,113,4924533017986751,8192
submit,114,4924533017987121,8192
submit,115,4924533032554712,8192
submit,116,4924533032565522,8192
submit,117,4924533032571342,8192
submit,118,4924533032574131,8192
submit,119,4924533032574421,8192
submit,120,4924533032574831,8192
submit,121,4924533032575131,8192
submit,122,4924533032575521,8192
submit,123,4924533032575811,8192
submit,124,4924533032587121,8192
submit,125,4924533032587421,8192
submit,126,4924533032587711,8192
submit,127,4924533042234299,8192
submit,128,4924533042239819,8192
submit,129,4924533042272279,8192
submit,130,4924533042272799,8192
submit,131,4924533042273159,8192
submit,132,4924533042273809,8192
submit,133,4924533042274079,8192
submit,134,4924533042274429,8192
submit,135,4924533042274699,8192
submit,136,4924533042277219,8192
submit,137,4924533042279329,8192
submit,138,4924533042279759,8192
submit,139,4924533042280219,8192
submit,140,4924533050593857,8192
submit,141,4924533050599176,8192
submit,142,4924533050599676,8192
submit,143,4924533050600296,8192
submit,144,4924533050604736,8192
submit,145,4924533050605156,8192
submit,146,4924533050605666,8192
submit,147,4924533050606036,8192
submit,148,4924533050606436,8192
submit,149,4924533050609786,8192
submit,150,4924533050610246,8192
submit,151,4924533050610656,8192
submit,152,4924533050611106,8192
submit,153,4924533059475950,8192
submit,154,4924533059482360,8192
submit,155,4924533059482890,8192
submit,156,4924533059483380,8192
submit,157,4924533059487530,8192
submit,158,4924533059488030,8192
submit,159,4924533059488310,8192
submit,160,4924533059488580,8192
submit,161,4924533059495160,8192
submit,162,4924533059495620,8192
submit,163,4924533059495890,8192
submit,164,4924533059496240,8192
submit,165,4924533059496520,8192
submit,166,4924533067666789,8192
submit,167,4924533067672919,8192
submit,168,4924533067673259,8192
submit,169,4924533067673619,8192
submit,170,4924533067674009,8192
submit,171,4924533067674359,8192
submit,172,4924533067674749,8192
submit,173,4924533067675039,8192
submit,174,4924533067675389,8192
submit,175,4924533067679389,8192
submit,176,4924533067684489,8192
submit,177,4924533067684789,8192
submit,178,4924533076527352,8192
submit,179,4924533076531892,8192
submit,180,4924533076536192,8192
submit,181,4924533076536802,8192
submit,182,4924533076537382,8192
submit,183,4924533076537642,8192
submit,184,4924533076538102,8192
submit,185,4924533076538462,8192
submit,186,4924533076538942,8192
submit,187,4924533076539212,8192
submit,188,4924533076539482,8192
submit,189,4924533076539922,8192
submit,190,4924533076543162,8192
submit,191,4924533082091991,8192
submit,192,4924533082097061,8192
submit,193,4924533082102251,8192
submit,194,4924533082102991,8192
submit,195,4924533082103261,8192
submit,196,4924533082103621,8192
submit,197,4924533082103990,8192
submit,198,4924533082104570,8192
submit,199,4924533082105640,8192
submit,200,4924533082110150,8192
submit,201,4924533082110820,8192
submit,202,4924533082111110,8192
submit,203,4924533089816943,8192
submit,204,4924533089821253,8192
submit,205,4924533089821723,8192
submit,206,4924533089822043,8192
submit,207,4924533089822443,8192
submit,208,4924533089822773,8192
submit,209,4924533089823193,8192
submit,210,4924533089823583,8192
submit,211,4924533089825873,8192
submit,212,4924533089826173,8192
submit,213,4924533089826553,8192
submit,214,4924533089826833,8192
submit,215,4924533089827123,8192
submit,216,4924533095298962,8192
submit,217,4924533095303532,8192
submit,218,4924533095303962,8192
submit,219,4924533095304562,8192
submit,220,4924533095304852,8192
submit,221,4924533095311092,8192
submit,222,4924533095311502,8192
submit,223,4924533095312052,8192
submit,224,4924533095312552,8192
submit,225,4924533095318722,8192
submit,226,4924533095319162,8192
submit,227,4924533095319652,8192
submit,228,4924533102200950,8192
submit,229,4924533102206090,8192
submit,230,4924533102206610,8192
submit,231,4924533102207170,8192
submit,232,4924533102207940,8192
submit,233,4924533102208320,8192
submit,234,4924533102208830,8192
submit,235,4924533102228830,8192
submit,236,4924533102229290,8192
submit,237,4924533102229670,8192
submit,238,4924533102230070,8192
submit,239,4924533102230390,8192
submit,240,4924533102231160,8192
submit,241,4924533110175270,8192
submit,242,4924533110183100,8192
submit,243,4924533110183760,8192
submit,244,4924533110184380,8192
submit,245,4924533110184760,8192
submit,246,4924533110185200,8192
submit,247,4924533110185600,8192
submit,248,4924533110185880,8192
submit,249,4924533110193200,8192
submit,250,4924533110193880,8192
submit,251,4924533110203230,8192
submit,252,4924533110213850,8192
submit,253,4924533117316177,8192
submit,254,4924533117322417,8192
submit,255,4924533117322827,8192
submit,256,4924533117323447,8192
submit,257,4924533117364137,8192
submit,258,4924533117365496,8192
submit,259,4924533117365946,8192
submit,260,4924533117368396,8192
submit,261,4924533117370906,8192
submit,262,4924533117371286,8192
submit,263,4924533117371856,8192
submit,264,4924533117372146,8192
submit,265,4924533117372646,8192
submit,266,4924533123672639,8192
submit,267,4924533123681389,8192
submit,268,4924533123681829,8192
submit,269,4924533123682089,8192
submit,270,4924533123682739,8192
submit,271,4924533123683339,8192
submit,272,4924533123683709,8192
submit,273,4924533123683979,8192
submit,274,4924533123684259,8192
submit,275,4924533123684739,8192
submit,276,4924533123685019,8192
submit,277,4924533123685319,8192
submit,278,4924533129591565,8192
submit,279,4924533129594745,8192
submit,280,4924533129595605,8192
submit,281,4924533129595995,8192
submit,282,4924533129596475,8192
submit,283,4924533129598685,8192
submit,284,4924533129598985,8192
submit,285,4924533129599275,8192
submit,286,4924533129599655,8192
submit,287,4924533129601895,8192
submit,288,4924533129602205,8192
submit,289,4924533129606435,8192
submit,290,4924533129606735,8192
submit,291,4924533135976847,8192
submit,292,4924533135981487,8192
submit,293,4924533135981987,8192
submit,294,4924533135986527,8192
submit,295,4924533135986847,8192
submit,296,4924533135987757,8192
submit,297,4924533135991647,8192
submit,298,4924533135992087,8192
submit,299,4924533135993317,8192
submit,300,4924533135993707,8192
submit,301,4924533135994297,8192
submit,302,4924533135994817,8192
submit,303,4924533147083174,8192
submit,304,4924533147089974,8192
submit,305,4924533147090204,8192
submit,306,4924533147091184,8192
submit,307,4924533147091414,8192
submit,308,4924533147091754,8192
submit,309,4924533147091984,8192
submit,310,4924533147092504,8192
submit,311,4924533147092734,8192
submit,312,4924533147095034,8192
submit,313,4924533147095264,8192
submit,314,4924533147095494,8192
submit,315,4924533147095724,8192
submit,316,4924533159886388,8192
submit,317,4924533159890878,8192
submit,318,4924533159891548,8192
submit,319,4924533159891948,8192
submit,320,4924533159894018,8192
submit,321,4924533159895118,8192
submit,322,4924533159895768,8192
submit,323,4924533159896128,8192
submit,324,4924533159896448,8192
submit,325,4924533159899188,8192
submit,326,4924533159899418,8192
submit,327,4924533159899658,8192
submit,328,4924533170481589,8192
submit,329,4924533170485049,8192
submit,330,4924533170485559,8192
submit,331,4924533170485849,8192
submit,332,4924533170486299,8192
submit,333,4924533170486529,8192
submit,334,4924533170486849,8192
submit,335,4924533170487279,8192
submit,336,4924533170487769,8192
submit,337,4924533170488009,8192
submit,338,4924533170488329,8192
submit,339,4924533170488569,8192
submit,340,4924533170488929,8192
submit,341,4924533181051240,8192
submit,342,4924533181055359,8192
submit,343,4924533181055689,8192
submit,344,4924533181056169,8192
submit,345,4924533181056719,8192
submit,346,4924533181057339,8192
submit,347,4924533181060159,8192
submit,348,4924533181060479,8192
submit,349,4924533181062889,8192
submit,350,4924533181063309,8192
submit,351,4924533181063599,8192
submit,352,4924533181064159,8192
submit,353,4924533189941983,8192
submit,354,4924533189946853,8192
submit,355,4924533189947713,8192
submit,356,4924533189948263,8192
submit,357,4924533189948953,8192
submit,358,4924533189957343,8192
submit,359,4924533189957743,8192
submit,360,4924533189958173,8192
submit,361,4924533189958713,8192
submit,362,4924533189959093,8192
submit,363,4924533189959483,8192
submit,364,4924533189959773,8192
submit,365,4924533189960073,8192
submit,366,4924533189960343,8192
submit,367,4924533200862961,8192
submit,368,4924533200873201,8192
submit,369,4924533200873581,8192
submit,370,4924533200874111,8192
submit,371,4924533200874421,8192
submit,372,4924533200875001,8192
submit,373,4924533200875301,8192
submit,374,4924533200875681,8192
submit,375,4924533200876021,8192
submit,376,4924533200876381,8192
submit,377,4924533200876831,8192
submit,378,4924533200877141,8192
submit,379,4924533207360072,8192
submit,380,4924533207364982,8192
submit,381,4924533207365612,8192
submit,382,4924533207366222,8192
submit,383,4924533207366752,8192
submit,384,4924533207367442,8192
submit,385,4924533207374212,8192
submit,386,4924533207374542,8192
submit,387,4924533207374852,8192
submit,388,4924533207382462,8192
submit,389,4924533207384932,8192
submit,390,4924533207385612,8192
submit,391,4924533207386142,8192
submit,392,4924533226835047,8192
submit,393,4924533226839447,8192
submit,394,4924533226840297,8192
submit,395,4924533226840767,8192
submit,396,4924533226841187,8192
submit,397,4924533226841417,8192
submit,398,4924533226841657,8192
submit,399,4924533226848496,8192
submit,400,4924533226848936,8192
submit,401,4924533226849296,8192
submit,402,4924533226849836,8192
submit,403,4924533226850166,8192
submit,404,4924533260876822,8192
submit,405,4924533260880252,8192
submit,406,4924533260880732,8192
submit,407,4924533260881162,8192
submit,408,4924533260881572,8192
submit,409,4924533260881872,8192
submit,410,4924533260882192,8192
submit,411,4924533260885772,8192
submit,412,4924533260886002,8192
submit,413,4924533260888032,8192
submit,414,4924533260888352,8192
submit,415,4924533260888692,8192
submit,416,4924533283675401,8192
submit,417,4924533283685401,8192
submit,418,4924533283686341,8192
submit,419,4924533283687411,8192
submit,420,4924533283688401,8192
submit,421,4924533283689371,8192
submit,422,4924533283690071,8192
submit,423,4924533283690781,8192
submit,424,4924533283691731,8192
submit,425,4924533283692171,8192
submit,426,4924533283692681,8192
submit,427,4924533283693751,8192
submit,428,4924533283699731,8192
submit,429,4924533283700291,8192
submit,430,4924533289341798,8192
submit,431,4924533289346518,8192
submit,432,4924533289352868,8192
submit,433,4924533289353818,8192
submit,434,4924533289354708,8192
submit,435,4924533289355388,8192
submit,436,4924533289355968,8192
submit,437,4924533289356598,8192
submit,438,4924533289357098,8192
submit,439,4924533289357778,8192
submit,440,4924533289358698,8192
submit,441,4924533289359068,8192
submit,442,4924533289359448,8192
submit,443,4924533296824802,8192
submit,444,4924533296830502,8192
submit,445,4924533296830972,8192
submit,446,4924533296831672,8192
submit,447,4924533296832192,8192
submit,448,4924533296832962,8192
submit,449,4924533296835872,8192
submit,450,4924533296836242,8192
submit,451,4924533296836692,8192
submit,452,4924533296837292,8192
submit,453,4924533296845222,8192
submit,454,4924533296845602,8192
submit,455,4924533308999161,8192
submit,456,4924533309010491,8192
submit,457,4924533309010881,8192
submit,458,4924533309011641,8192
submit,459,4924533309012271,8192
submit,460,4924533309012551,8192
submit,461,4924533309012901,8192
submit,462,4924533309013391,8192
submit,463,4924533309013871,8192
submit,464,4924533309014441,8192
submit,465,4924533309014821,8192
submit,466,4924533309015321,8192
submit,467,4924533309015591,8192
submit,468,4924533317230190,8192
submit,469,4924533317234670,8192
submit,470,4924533317235440,8192
submit,471,4924533317236250,8192
submit,472,4924533317238280,8192
submit,473,4924533317238670,8192
submit,474,4924533317246990,8192
submit,475,4924533317250029,8192
submit,476,4924533317250309,8192
submit,477,4924533317250619,8192
submit,478,4924533317251059,8192
submit,479,4924533317251419,8192
submit,480,4924533317251689,8192
submit,481,4924533324997551,8192
submit,482,4924533325012621,8192
submit,483,4924533325013231,8192
submit,484,4924533325014271,8192
submit,485,4924533325028911,8192
submit,486,4924533325029391,8192
submit,487,4924533325029871,8192
submit,488,4924533325030161,8192
submit,489,4924533325030421,8192
submit,490,4924533325030801,8192
submit,491,4924533325031081,8192
submit,492,4924533325031381,8192
submit,493,4924533325031661,8192
submit,494,4924533335061506,8192
submit,495,4924533335065446,8192
submit,496,4924533335072796,8192
submit,497,4924533335073106,8192
submit,498,4924533335073556,8192
submit,499,4924533335079566,8192
submit,500,4924533335080136,8192
submit,501,4924533335080416,8192
submit,502,4924533335080806,8192
submit,503,4924533335081176,8192
submit,504,4924533335081786,8192
submit,505,4924533335082066,8192
submit,506,4924533344816663,8192
submit,507,4924533344821463,8192
submit,508,4924533344849283,8192
submit,509,4924533344849983,8192
submit,510,4924533344851053,8192
submit,511,4924533344851823,8192
submit,512,4924533344852793,8192
submit,513,4924533344923782,8192
submit,514,4924533344924492,8192
submit,515,4924533344924882,8192
submit,516,4924533344928982,8192
submit,517,4924533344929272,8192
submit,518,4924533344929662,8192
submit,519,4924533359933060,8192
submit,520,4924533359937210,8192
submit,521,4924533359937650,8192
submit,522,4924533359938020,8192
submit,523,4924533359953520,8192
submit,524,4924533359954010,8192
submit,525,4924533359954450,8192
submit,526,4924533359955040,8192
submit,527,4924533359955400,8192
submit,528,4924533359955770,8192
submit,529,4924533359956130,8192
submit,530,4924533359956490,8192
submit,531,4924533379268585,8192
submit,532,4924533379273395,8192
submit,533,4924533379273695,8192
submit,534,4924533379273985,8192
submit,535,4924533379274465,8192
submit,536,4924533379274835,8192
submit,537,4924533379285525,8192
submit,538,4924533379285965,8192
submit,539,4924533379286385,8192
submit,540,4924533379286785,8192
submit,541,4924533379287175,8192
submit,542,4924533379287885,8192
submit,543,4924533395293445,8192
submit,544,4924533395298105,8192
submit,545,4924533395314225,8192
submit,546,4924533395314655,8192
submit,547,4924533395314935,8192
submit,548,4924533395315385,8192
submit,549,4924533395317905,8192
submit,550,4924533395318415,8192
submit,551,4924533395318715,8192
submit,552,4924533395319035,8192
submit,553,4924533395319335,8192
submit,554,4924533395319765,8192
submit,555,4924533395320165,8192
submit,556,4924533405286120,8192
submit,557,4924533405291210,8192
submit,558,4924533405296680,8192
submit,559,4924533405297370,8192
submit,560,4924533405298270,8192
submit,561,4924533405298750,8192
submit,562,4924533405299220,8192
submit,563,4924533405299720,8192
submit,564,4924533405300140,8192
submit,565,4924533405300430,8192
submit,566,4924533405301190,8192
submit,567,4924533405301510,8192
submit,568,4924533405302200,8192
submit,569,4924533412164689,8192
submit,570,4924533412170839,8192
submit,571,4924533412171149,8192
submit,572,4924533412171459,8192
submit,573,4924533412171979,8192
submit,574,4924533412172389,8192
submit,575,4924533412172969,8192
submit,576,4924533412173269,8192
submit,577,4924533412178208,8192
submit,578,4924533412178638,8192
submit,579,4924533412179018,8192
submit,580,4924533412182328,8192
submit,581,4924533419331785,8192
submit,582,4924533419336935,8192
submit,583,4924533419337325,8192
submit,584,4924533419338185,8192
submit,585,4924533419338665,8192
submit,586,4924533419339235,8192
submit,587,4924533419339545,8192
submit,588,4924533419339845,8192
submit,589,4924533419340155,8192
submit,590,4924533419340675,8192
submit,591,4924533419346595,8192
submit,592,4924533419347035,8192
submit,593,4924533419347435,8192
submit,594,4924533428155319,8192
submit,595,4924533428164499,8192
submit,596,4924533428164949,8192
submit,597,4924533428165469,8192
submit,598,4924533428166349,8192
submit,599,4924533428168649,8192
submit,600,4924533428169069,8192
submit,601,4924533428171489,8192
submit,602,4924533428171889,8192
submit,603,4924533428172279,8192
submit,604,4924533428172589,8192
submit,605,4924533428172889,8192
submit,606,4924533428173189,8192
submit,607,4924533436327988,8192
submit,608,4924533436332808,8192
submit,609,4924533436335668,8192
submit,610,4924533436336248,8192
submit,611,4924533436336748,8192
submit,612,4924533436337388,8192
submit,613,4924533436337828,8192
submit,614,4924533436338288,8192
submit,615,4924533436338628,8192
submit,616,4924533436339418,8192
submit,617,4924533436339898,8192
submit,618,4924533436340358,8192
submit,619,4924533443702622,8192
submit,620,4924533443707192,8192
submit,621,4924533443707652,8192
submit,622,4924533443710932,8192
submit,623,4924533443711242,8192
submit,624,4924533443711682,8192
submit,625,4924533443712102,8192
submit,626,4924533443712412,8192
submit,627,4924533443712712,8192
submit,628,4924533443713022,8192
submit,629,4924533443713322,8192
submit,630,4924533443713632,8192
submit,631,4924533451257546,8192
submit,632,4924533451261786,8192
submit,633,4924533451262176,8192
submit,634,4924533451262866,8192
submit,635,4924533451263376,8192
submit,636,4924533451264426,8192
submit,637,4924533451264726,8192
submit,638,4924533451265146,8192
submit,639,4924533451265446,8192
submit,640,4924533451266216,8192
submit,641,4924533451271836,8192
submit,642,4924533451272426,8192
submit,643,4924533451272726,8192
submit,644,4924533451277626,8192
submit,645,4924533460708275,8192
submit,646,4924533460712375,8192
submit,647,4924533460712775,8192
submit,648,4924533460713585,8192
submit,649,4924533460718885,8192
submit,650,4924533460720965,8192
submit,651,4924533460721405,8192
submit,652,4924533460721905,8192
submit,653,4924533460722215,8192
submit,654,4924533460722515,8192
submit,655,4924533460723155,8192
submit,656,4924533460723635,8192
submit,657,4924533460723945,8192
submit,658,4924533478143565,8192
submit,659,4924533478148734,8192
submit,660,4924533478149194,8192
submit,661,4924533478150034,8192
submit,662,4924533478151154,8192
submit,663,4924533478151694,8192
submit,664,4924533478152184,8192
submit,665,4924533478158264,8192
submit,666,4924533478158734,8192
submit,667,4924533478159054,8192
submit,668,4924533478159384,8192
submit,669,4924533478159764,8192
submit,670,4924533495725573,8192
submit,671,4924533495731443,8192
submit,672,4924533495732203,8192
submit,673,4924533495738673,8192
submit,674,4924533495739413,8192
submit,675,4924533495740273,8192
submit,676,4924533495740573,8192
submit,677,4924533495740813,8192
submit,678,4924533495741133,8192
submit,679,4924533495741513,8192
submit,680,4924533495741753,8192
submit,681,4924533495742083,8192
submit,682,4924533495742323,8192
submit,683,4924533507487095,8192
submit,684,4924533507492195,8192
submit,685,4924533507492965,8192
submit,686,4924533507500665,8192
submit,687,4924533507501275,8192
submit,688,4924533507501785,8192
submit,689,4924533507502285,8192
submit,690,4924533507502925,8192
submit,691,4924533507503335,8192
submit,692,4924533507503735,8192
submit,693,4924533507504145,8192
submit,694,4924533507504635,8192
submit,695,4924533518927779,8192
submit,696,4924533518932679,8192
submit,697,4924533518933449,8192
submit,698,4924533518934269,8192
submit,699,4924533518937099,8192
submit,700,4924533518938039,8192
submit,701,4924533518939139,8192
submit,702,4924533518940599,8192
submit,703,4924533518941669,8192
submit,704,4924533518942689,8192
submit,705,4924533518948559,8192
submit,706,4924533518949579,8192
submit,707,4924533537177642,8192
submit,708,4924533537190042,8192
submit,709,4924533537197252,8192
submit,710,4924533537198462,8192
submit,711,4924533537199022,8192
submit,712,4924533537199682,8192
submit,713,4924533537200092,8192
submit,714,4924533537200622,8192
submit,715,4924533537201012,8192
submit,716,4924533537201412,8192
submit,717,4924533537201802,8192
submit,718,4924533537202202,8192
submit,719,4924533537202602,8192
submit,720,4924533554407783,8192
submit,721,4924533554412763,8192
submit,722,4924533554413493,8192
submit,723,4924533554413983,8192
submit,724,4924533554414763,8192
submit,725,4924533554415153,8192
submit,726,4924533554415653,8192
submit,727,4924533554416153,8192
submit,728,4924533554416923,8192
submit,729,4924533554426393,8192
submit,730,4924533554426803,8192
submit,731,4924533554427193,8192
submit,732,4924533616793436,8192
submit,733,4924533616797336,8192
submit,734,4924533616797926,8192
submit,735,4924533616798316,8192
submit,736,4924533616799036,8192
submit,737,4924533616802026,8192
submit,738,4924533616802536,8192
submit,739,4924533616802956,8192
submit,740,4924533616803646,8192
submit,741,4924533616804156,8192
submit,742,4924533616804546,8192
submit,743,4924533616804936,8192
submit,744,4924533656634888,8192
submit,745,4924533656639138,8192
submit,746,4924533656639738,8192
submit,747,4924533656640138,8192
submit,748,4924533656640528,8192
submit,749,4924533656643108,8192
submit,750,4924533656647718,8192
submit,751,4924533656648248,8192
submit,752,4924533656648768,8192
submit,753,4924533656649368,8192
submit,754,4924533656654358,8192
submit,755,4924533656654788,8192
submit,756,4924533656655538,8192
submit,757,4924533704408630,8192
submit,758,4924533704414420,8192
submit,759,4924533704415510,8192
submit,760,4924533704416330,8192
submit,761,4924533704417330,8192
submit,762,4924533704417980,8192
submit,763,4924533704418620,8192
submit,764,4924533704419430,8192
submit,765,4924533704419830,8192
submit,766,4924533704420930,8192
submit,767,4924533704421700,8192
submit,768,4924533704422210,8192
submit,769,4924533704445640,8192
submit,770,4924533726979031,8192
submit,771,4924533726983631,8192
submit,772,4924533726994331,8192
submit,773,4924533726994771,8192
submit,774,4924533726995301,8192
submit,775,4924533726996081,8192
submit,776,4924533726996471,8192
submit,777,4924533726997051,8192
submit,778,4924533726997361,8192
submit,779,4924533726997671,8192
submit,780,4924533726997981,8192
submit,781,4924533726998541,8192
submit,782,4924533747479108,8192
submit,783,4924533747483687,8192
submit,784,4924533747484767,8192
submit,785,4924533747485397,8192
submit,786,4924533747486347,8192
submit,787,4924533747486927,8192
submit,788,4924533747487687,8192
submit,789,4924533747488127,8192
submit,790,4924533747488847,8192
submit,791,4924533747489247,8192
submit,792,4924533747490227,8192
submit,793,4924533747497827,8192
submit,794,4924533747498437,8192
submit,795,4924533747499047,8192
submit,796,4924533753470123,8192
submit,797,4924533753475373,8192
submit,798,4924533753476403,8192
submit,799,4924533753484332,8192
submit,800,4924533753485752,8192
submit,801,4924533753488042,8192
submit,802,4924533753489262,8192
submit,803,4924533753490282,8192
submit,804,4924533753491122,8192
submit,805,4924533753492052,8192
submit,806,4924533753492842,8192
submit,807,4924533753493682,8192
submit,808,4924533753494662,8192
submit,809,4924533758657114,8192
submit,810,4924533758661314,8192
submit,811,4924533758662074,8192
submit,812,4924533758663114,8192
submit,813,4924533758663934,8192
submit,814,4924533758672154,8192
submit,815,4924533758672674,8192
submit,816,4924533758673424,8192
submit,817,4924533758674094,8192
submit,818,4924533758674704,8192
submit,819,4924533758675224,8192
submit,820,4924533758675674,8192
submit,821,4924533774977061,8192
submit,822,4924533774981641,8192
submit,823,4924533774982391,8192
submit,824,4924533774983041,8192
submit,825,4924533774983371,8192
submit,826,4924533774983761,8192
submit,827,4924533774984141,8192
submit,828,4924533774988201,8192
submit,829,4924533774988561,8192
submit,830,4924533774988951,8192
submit,831,4924533774989241,8192
submit,832,4924533774989621,8192
submit,833,4924533774993261,8192
submit,834,4924533813427804,8192
submit,835,4924533813432594,8192
submit,836,4924533813439594,8192
submit,837,4924533813440164,8192
submit,838,4924533813440524,8192
submit,839,4924533813443254,8192
submit,840,4924533813443544,8192
submit,841,4924533813443834,8192
submit,842,4924533813444334,8192
submit,843,4924533813444634,8192
submit,844,4924533813445014,8192
submit,845,4924533813445294,8192
submit,846,4924533842704054,8192
submit,847,4924533842708664,8192
submit,848,4924533842709564,8192
submit,849,4924533842712834,8192
submit,850,4924533842713544,8192
submit,851,4924533842714744,8192
submit,852,4924533842715384,8192
submit,853,4924533842716144,8192
submit,854,4924533842716524,8192
submit,855,4924533842716914,8192
submit,856,4924533842717314,8192
submit,857,4924533842730164,8192
submit,858,4924533859556128,8192
submit,859,4924533859560338,8192
submit,860,4924533859561088,8192
submit,861,4924533859561668,8192
submit,862,4924533859562158,8192
submit,863,4924533859564568,8192
submit,864,4924533859565338,8192
submit,865,4924533859571008,8192
submit,866,4924533859571718,8192
submit,867,4924533859572218,8192
submit,868,4924533859573288,8192
submit,869,4924533859573918,8192
submit,870,4924533859574268,8192
submit,871,4924533874526956,8192
submit,872,4924533874532606,8192
submit,873,4924533874533176,8192
submit,874,4924533874533946,8192
submit,875,4924533874534556,8192
submit,876,4924533874535116,8192
submit,877,4924533874535566,8192
submit,878,4924533874544916,8192
submit,879,4924533874545546,8192
submit,880,4924533874546006,8192
submit,881,4924533874546406,8192
submit,882,4924533874546776,8192
submit,883,4924533880192804,8192
submit,884,4924533880197824,8192
submit,885,4924533880198794,8192
submit,886,4924533880199864,8192
submit,887,4924533880202974,8192
submit,888,4924533880203974,8192
submit,889,4924533880204644,8192
submit,890,4924533880212573,8192
submit,891,4924533880212983,8192
submit,892,4924533880213523,8192
submit,893,4924533880214043,8192
submit,894,4924533880214543,8192
submit,895,4924533880215033,8192
submit,896,4924533887221591,8192
submit,897,4924533887233961,8192
submit,898,4924533887234981,8192
submit,899,4924533887236781,8192
submit,900,4924533887248071,8192
submit,901,4924533887249111,8192
submit,902,4924533887249681,8192
submit,903,4924533887250561,8192
submit,904,4924533887251271,8192
submit,905,4924533887251931,8192
submit,906,4924533887252441,8192
submit,907,4924533887252991,8192
submit,908,4924533896791199,8192
submit,909,4924533896796249,8192
submit,910,4924533896796739,8192
submit,911,4924533896797289,8192
submit,912,4924533896797769,8192
submit,913,4924533896798419,8192
submit,914,4924533896798769,8192
submit,915,4924533896799109,8192
submit,916,4924533896799769,8192
submit,917,4924533896800139,8192
submit,918,4924533896800539,8192
submit,919,4924533896800879,8192
submit,920,4924533911885816,8192
submit,921,4924533911894176,8192
submit,922,4924533911894656,8192
submit,923,4924533911895446,8192
submit,924,4924533911895826,8192
submit,925,4924533911896276,8192
submit,926,4924533911896646,8192
submit,927,4924533911897006,8192
submit,928,4924533911899986,8192
submit,929,4924533911902406,8192
submit,930,4924533911902786,8192
submit,931,4924533911903146,8192
submit,932,4924533911903676,8192
submit,933,4924533923915856,8192
submit,934,4924533923921166,8192
submit,935,4924533923921836,8192
submit,936,4924533923922656,8192
submit,937,4924533923923956,8192
submit,938,4924533923924636,8192
submit,939,4924533923925236,8192
submit,940,4924533923925856,8192
submit,941,4924533923926326,8192
submit,942,4924533923934106,8192
submit,943,4924533923934596,8192
submit,944,4924533923935196,8192
submit,945,4924533936701920,8192
submit,946,4924533936711650,8192
submit,947,4924533936712380,8192
submit,948,4924533936713060,8192
submit,949,4924533936715410,8192
submit,950,4924533936716140,8192
submit,951,4924533936716710,8192
submit,952,4924533936717490,8192
submit,953,4924533936718290,8192
submit,954,4924533936718800,8192
submit,955,4924533936719290,8192
submit,956,4924533936719920,8192
submit,957,4924533936720270,8192
submit,958,4924533944986888,8192
submit,959,4924533944990718,8192
submit,960,4924533944991288,8192
submit,961,4924533944996988,8192
submit,962,4924533944997688,8192
submit,963,4924533944998098,8192
submit,964,4924533945008378,8192
submit,965,4924533945008788,8192
submit,966,4924533945009348,8192
submit,967,4924533945009638,8192
submit,968,4924533945009948,8192
submit,969,4924533945010338,8192
submit,970,4924533955958316,8192
submit,971,4924533955962346,8192
submit,972,4924533955975346,8192
submit,973,4924533955975816,8192
submit,974,4924533955976446,8192
submit,975,4924533955976896,8192
submit,976,4924533955977446,8192
submit,977,4924533955978146,8192
submit,978,4924533955978616,8192
submit,979,4924533955978926,8192
submit,980,4924533955979206,8192
submit,981,4924533955979486,8192
submit,982,4924533955979796,8192
submit,983,4924533966694756,8192
submit,984,4924533966699476,8192
submit,985,4924533966707286,8192
submit,986,4924533966707876,8192
submit,987,4924533966708176,8192
submit,988,4924533966708906,8192
submit,989,4924533966709396,8192
submit,990,4924533966710166,8192
submit,991,4924533966710706,8192
submit,992,4924533966711116,8192
submit,993,4924533966719766,8192
submit,994,4924533966720416,8192
submit,995,4924533977125118,8192
submit,996,4924533977129968,8192
submit,997,4924533977130718,8192
submit,998,4924533977131358,8192
submit,999,4924533977133658,8192
submit,1000,4924533977134428,8192
submit,1001,4924533977134888,8192
submit,1002,4924533977135368,8192
submit,1003,4924533977135838,8192
submit,1004,4924533977136328,8192
submit,1005,4924533977137038,8192
submit,1006,4924533977145528,8192
submit,1007,4924533977145938,8192
submit,1008,4924533986136500,8192
submit,1009,4924533986142430,8192
submit,1010,4924533986143460,8192
submit,1011,4924533986144240,8192
submit,1012,4924533986145140,8192
submit,1013,4924533986145460,8192
submit,1014,4924533986145890,8192
submit,1015,4924533986146210,8192
submit,1016,4924533986147050,8192
submit,1017,4924533986147370,8192
submit,1018,4924533986147800,8192
submit,1019,4924533986148250,8192
submit,1020,4924533986179680,8192
submit,1021,4924533986180110,8192
submit,1022,4924533995545450,8192
submit,1023,4924533995550470,8192
submit,1024,4924533995550890,8192
submit,1025,4924533995690199,8192
submit,1026,4924533995690739,8192
submit,1027,4924533995691129,8192
submit,1028,4924533995691699,8192
submit,1029,4924533995691979,8192
submit,1030,4924533995694379,8192
submit,1031,4924533995697079,8192
submit,1032,4924533995699408,8192
submit,1033,4924533995699718,8192
submit,1034,4924534016949289,8192
submit,1035,4924534016954059,8192
submit,1036,4924534016954959,8192
submit,1037,4924534016955369,8192
submit,1038,4924534016955979,8192
submit,1039,4924534016964039,8192
submit,1040,4924534016964519,8192
submit,1041,4924534016964999,8192
submit,1042,4924534016965369,8192
submit,1043,4924534016965849,8192
submit,1044,4924534016969079,8192
submit,1045,4924534016971689,8192
submit,1046,4924534016971989,8192
submit,1047,4924534065928953,8192
submit,1048,4924534065933193,8192
submit,1049,4924534065935723,8192
submit,1050,4924534065936203,8192
submit,1051,4924534065936513,8192
submit,1052,4924534065936903,8192
submit,1053,4924534065937343,8192
submit,1054,4924534065937683,8192
submit,1055,4924534065937913,8192
submit,1056,4924534065938243,8192
submit,1057,4924534065939503,8192
submit,1058,4924534065939903,8192
submit,1059,4924534095860638,8192
submit,1060,4924534095864838,8192
submit,1061,4924534095865338,8192
submit,1062,4924534095866008,8192
submit,1063,4924534095866408,8192
submit,1064,4924534095866868,8192
submit,1065,4924534095878688,8192
submit,1066,4924534095879018,8192
submit,1067,4924534095879318,8192
submit,1068,4924534095879768,8192
submit,1069,4924534095880068,8192
submit,1070,4924534095880488,8192
submit,1071,4924534095880788,8192
submit,1072,4924534095881308,8192
submit,1073,4924534095881688,8192
submit,1074,4924534101852584,8192
submit,1075,4924534101856783,8192
submit,1076,4924534101857283,8192
submit,1077,4924534101857633,8192
submit,1078,4924534101858063,8192
submit,1079,4924534101858443,8192
submit,1080,4924534101860713,8192
submit,1081,4924534101861013,8192
submit,1082,4924534101861423,8192
submit,1083,4924534101862083,8192
submit,1084,4924534101862353,8192
submit,1085,4924534101862713,8192
submit,1086,4924534101869483,8192
submit,1087,4924534101869863,8192
submit,1088,4924534107037675,8192
submit,1089,4924534107046365,8192
submit,1090,4924534107046925,8192
submit,1091,4924534107053385,8192
submit,1092,4924534107053865,8192
submit,1093,4924534107054155,8192
submit,1094,4924534107054745,8192
submit,1095,4924534107055045,8192
submit,1096,4924534107055425,8192
submit,1097,4924534107055905,8192
submit,1098,4924534107056205,8192
submit,1099,4924534107058765,8192
submit,1100,4924534107059415,8192
submit,1101,4924534111656530,8192
submit,1102,4924534111661250,8192
submit,1103,4924534111661980,8192
submit,1104,4924534111662610,8192
submit,1105,4924534111663360,8192
submit,1106,4924534111663760,8192
submit,1107,4924534111664040,8192
submit,1108,4924534111676090,8192
submit,1109,4924534111676370,8192
submit,1110,4924534111676650,8192
submit,1111,4924534111677130,8192
submit,1112,4924534111677610,8192
submit,1113,4924534117100969,8192
submit,1114,4924534117105109,8192
submit,1115,4924534117105759,8192
submit,1116,4924534117106219,8192
submit,1117,4924534117106719,8192
submit,1118,4924534117107269,8192
submit,1119,4924534117107549,8192
submit,1120,4924534117107929,8192
submit,1121,4924534117112999,8192
submit,1122,4924534117113599,8192
submit,1123,4924534117113909,8192
submit,1124,4924534117114179,8192
submit,1125,4924534117116349,8192
submit,1126,4924534117116889,8192
submit,1127,4924534122998495,8192
submit,1128,4924534123010935,8192
submit,1129,4924534123017505,8192
submit,1130,4924534123018175,8192
submit,1131,4924534123018485,8192
submit,1132,4924534123018715,8192
submit,1133,4924534123018945,8192
submit,1134,4924534123019355,8192
submit,1135,4924534123019585,8192
submit,1136,4924534123019905,8192
submit,1137,4924534123020135,8192
submit,1138,4924534123020365,8192
submit,1139,4924534123020605,8192
submit,1140,4924534123020895,8192
submit,1141,4924534128181076,8192
submit,1142,4924534128185856,8192
submit,1143,4924534128186226,8192
submit,1144,4924534128186926,8192
submit,1145,4924534128187186,8192
submit,1146,4924534128187466,8192
submit,1147,4924534128187846,8192
submit,1148,4924534128188206,8192
submit,1149,4924534128189996,8192
submit,1150,4924534128199216,8192
submit,1151,4924534128199646,8192
submit,1152,4924534128199936,8192
submit,1153,4924534128203496,8192
submit,1154,4924534151216324,8192
submit,1155,4924534151221404,8192
submit,1156,4924534151222444,8192
submit,1157,4924534151222894,8192
submit,1158,4924534151227514,8192
submit,1159,4924534151227834,8192
submit,1160,4924534151228364,8192
submit,1161,4924534151228904,8192
submit,1162,4924534151229194,8192
submit,1163,4924534151229734,8192
submit,1164,4924534151230014,8192
submit,1165,4924534151230304,8192
submit,1166,4924534187469122,8192
submit,1167,4924534187474492,8192
submit,1168,4924534187475692,8192
submit,1169,4924534187476302,8192
submit,1170,4924534187477092,8192
submit,1171,4924534187478102,8192
submit,1172,4924534187480962,8192
submit,1173,4924534187481282,8192
submit,1174,4924534187481922,8192
submit,1175,4924534187482472,8192
submit,1176,4924534187482962,8192
submit,1177,4924534187483602,8192
submit,1178,4924534204086608,8192
submit,1179,4924534204090708,8192
submit,1180,4924534204091248,8192
submit,1181,4924534204091588,8192
submit,1182,4924534204091918,8192
submit,1183,4924534204092508,8192
submit,1184,4924534204094878,8192
submit,1185,4924534204096258,8192
submit,1186,4924534204096818,8192
submit,1187,4924534204097288,8192
submit,1188,4924534204102068,8192
submit,1189,4924534204102418,8192
submit,1190,4924534204102838,8192
submit,1191,4924534215024896,8192
submit,1192,4924534215028546,8192
submit,1193,4924534215032626,8192
submit,1194,4924534215033396,8192
submit,1195,4924534215034026,8192
submit,1196,4924534215034546,8192
submit,1197,4924534215034946,8192
submit,1198,4924534215035396,8192
submit,1199,4924534215038256,8192
submit,1200,4924534215039126,8192
submit,1201,4924534215039566,8192
submit,1202,4924534215039996,8192
submit,1203,4924534221963074,8192
submit,1204,4924534221967314,8192
submit,1205,4924534221967824,8192
submit,1206,4924534221968334,8192
submit,1207,4924534221969234,8192
submit,1208,4924534221970094,8192
submit,1209,4924534221970654,8192
submit,1210,4924534221971204,8192
submit,1211,4924534221971734,8192
submit,1212,4924534221972054,8192
submit,1213,4924534221972394,8192
submit,1214,4924534221980184,8192
submit,1215,4924534229527278,8192
submit,1216,4924534229531597,8192
submit,1217,4924534229537137,8192
submit,1218,4924534229537537,8192
submit,1219,4924534229538187,8192
submit,1220,4924534229539077,8192
submit,1221,4924534229539377,8192
submit,1222,4924534229539647,8192
submit,1223,4924534229540227,8192
submit,1224,4924534229540887,8192
submit,1225,4924534229541227,8192
submit,1226,4924534229541537,8192
submit,1227,4924534229541807,8192
submit,1228,4924534236639864,8192
submit,1229,4924534236644444,8192
submit,1230,4924534236645044,8192
submit,1231,4924534236645364,8192
submit,1232,4924534236646254,8192
submit,1233,4924534236646654,8192
submit,1234,4924534236647074,8192
submit,1235,4924534236647414,8192
submit,1236,4924534236652994,8192
submit,1237,4924534236653344,8192
submit,1238,4924534236653684,8192
submit,1239,4924534236654144,8192
submit,1240,4924534244792543,8192
submit,1241,4924534244796543,8192
submit,1242,4924534244796973,8192
submit,1243,4924534244801163,8192
submit,1244,4924534244801493,8192
submit,1245,4924534244801943,8192
submit,1246,4924534244802393,8192
submit,1247,4924534244802753,8192
submit,1248,4924534244803313,8192
submit,1249,4924534244806293,8192
submit,1250,4924534244806683,8192
submit,1251,4924534244807073,8192
submit,1252,4924534244807483,8192
submit,1253,4924534252200708,8192
submit,1254,4924534252206588,8192
submit,1255,4924534252206868,8192
submit,1256,4924534252207618,8192
submit,1257,4924534252219308,8192
submit,1258,4924534252219908,8192
submit,1259,4924534252220338,8192
submit,1260,4924534252220998,8192
submit,1261,4924534252221478,8192
submit,1262,4924534252222138,8192
submit,1263,4924534252222408,8192
submit,1264,4924534252222678,8192
submit,1265,4924534252222958,8192
submit,1266,4924534260035339,8192
submit,1267,4924534260040389,8192
submit,1268,4924534260040999,8192
submit,1269,4924534260041419,8192
submit,1270,4924534260042679,8192
submit,1271,4924534260042909,8192
submit,1272,4924534260043349,8192
submit,1273,4924534260043589,8192
submit,1274,4924534260043959,8192
submit,1275,4924534260044199,8192
submit,1276,4924534260044429,8192
submit,1277,4924534260044669,8192
submit,1278,4924534267872120,8192
submit,1279,4924534267876390,8192
submit,1280,4924534267876860,8192
submit,1281,4924534267881600,8192
submit,1282,4924534267882480,8192
submit,1283,4924534267883230,8192
submit,1284,4924534267884020,8192
submit,1285,4924534267884600,8192
submit,1286,4924534267888450,8192
submit,1287,4924534267888970,8192
submit,1288,4924534267889920,8192
submit,1289,4924534267890680,8192
submit,1290,4924534267891490,8192
submit,1291,4924534275067056,8192
submit,1292,4924534275072076,8192
submit,1293,4924534275072716,8192
submit,1294,4924534275073326,8192
submit,1295,4924534275073856,8192
submit,1296,4924534275074416,8192
submit,1297,4924534275080016,8192
submit,1298,4924534275080486,8192
submit,1299,4924534275081756,8192
submit,1300,4924534275085406,8192
submit,1301,4924534275086076,8192
submit,1302,4924534275086516,8192
submit,1303,4924534283317555,8192
submit,1304,4924534283321825,8192
submit,1305,4924534283322625,8192
submit,1306,4924534283323525,8192
submit,1307,4924534283324245,8192
submit,1308,4924534283325125,8192
submit,1309,4924534283325915,8192
submit,1310,4924534283326685,8192
submit,1311,4924534283327335,8192
submit,1312,4924534283328135,8192
submit,1313,4924534283333324,8192
submit,1314,4924534283333944,8192
submit,1315,4924534283334344,8192
submit,1316,4924534290289112,8192
submit,1317,4924534290293902,8192
submit,1318,4924534290294962,8192
submit,1319,4924534290295562,8192
submit,1320,4924534290296302,8192
submit,1321,4924534290304232,8192
submit,1322,4924534290304672,8192
submit,1323,4924534290305082,8192
submit,1324,4924534290305822,8192
submit,1325,4924534290306142,8192
submit,1326,4924534290306732,8192
submit,1327,4924534290307052,8192
submit,1328,4924534290307662,8192
submit,1329,4924534295800061,8192
submit,1330,4924534295804591,8192
submit,1331,4924534295804921,8192
submit,1332,4924534295805381,8192
submit,1333,4924534295805671,8192
submit,1334,4924534295806211,8192
submit,1335,4924534295806641,8192
submit,1336,4924534295806921,8192
submit,1337,4924534295807301,8192
submit,1338,4924534295807611,8192
submit,1339,4924534295807901,8192
submit,1340,4924534295808301,8192
submit,1341,4924534295808601,8192
submit,1342,4924534302744139,8192
submit,1343,4924534302747629,8192
submit,1344,4924534302748519,8192
submit,1345,4924534302752719,8192
submit,1346,4924534302753309,8192
submit,1347,4924534302753689,8192
submit,1348,4924534302754119,8192
submit,1349,4924534302755239,8192
submit,1350,4924534302755479,8192
submit,1351,4924534302756009,8192
submit,1352,4924534302756469,8192
submit,1353,4924534302756699,8192
submit,1354,4924534302757049,8192
submit,1355,4924534307702252,8192
submit,1356,4924534307706552,8192
submit,1357,4924534307707102,8192
submit,1358,4924534307707722,8192
submit,1359,4924534307708062,8192
submit,1360,4924534307708502,8192
submit,1361,4924534307708832,8192
submit,1362,4924534307732312,8192
submit,1363,4924534307732762,8192
submit,1364,4924534307736292,8192
submit,1365,4924534307736742,8192
submit,1366,4924534307737932,8192
submit,1367,4924534307738382,8192
submit,1368,4924534307738942,8192
submit,1369,4924534315232686,8192
submit,1370,4924534315239326,8192
submit,1371,4924534315240396,8192
submit,1372,4924534315241096,8192
submit,1373,4924534315241726,8192
submit,1374,4924534315242166,8192
submit,1375,4924534315242756,8192
submit,1376,4924534315243286,8192
submit,1377,4924534315251125,8192
submit,1378,4924534315251525,8192
submit,1379,4924534315252155,8192
submit,1380,4924534315252555,8192
submit,1381,4924534322950028,8192
submit,1382,4924534322952858,8192
submit,1383,4924534322953268,8192
submit,1384,4924534322953738,8192
submit,1385,4924534322958918,8192
submit,1386,4924534322959438,8192
submit,1387,4924534322959678,8192
submit,1388,4924534322959908,8192
submit,1389,4924534322960148,8192
submit,1390,4924534322960458,8192
submit,1391,4924534322960698,8192
submit,1392,4924534322960998,8192
submit,1393,4924534322961238,8192
submit,1394,4924534322961488,8192
submit,1395,4924534329645348,8192
submit,1396,4924534329649158,8192
submit,1397,4924534329649778,8192
submit,1398,4924534329650448,8192
submit,1399,4924534329656008,8192
submit,1400,4924534329656418,8192
submit,1401,4924534329656888,8192
submit,1402,4924534329657538,8192
submit,1403,4924534329658198,8192
submit,1404,4924534329658588,8192
submit,1405,4924534329659767,8192
submit,1406,4924534329666357,8192
submit,1407,4924534329666667,8192
submit,1408,4924534336272918,8192
submit,1409,4924534336282088,8192
submit,1410,4924534336282738,8192
submit,1411,4924534336283238,8192
submit,1412,4924534336283588,8192
submit,1413,4924534336283938,8192
submit,1414,4924534336290578,8192
submit,1415,4924534336290908,8192
submit,1416,4924534336291668,8192
submit,1417,4924534336292158,8192
submit,1418,4924534336292668,8192
submit,1419,4924534336293088,8192
submit,1420,4924534337517339,8192
submit,1421,4924534337547629,2232
submit_done,1422,4924534339429304,8263823
consume_begin,0,4924534339430154,0
consume_end,0,4924534339430974,0
yield_resumed,0,4924534339751382,0
consume_begin,1,4924534339753442,0
consume_end,1,4924534339753672,0
yield_resumed,1,4924534340083179,0
consume_begin,2,4924534340085079,0
consume_end,2,4924534340085169,0
yield_resumed,2,4924534340434937,0
consume_begin,3,4924534340439317,0
consume_end,3,4924534340439417,0
yield_resumed,3,4924534340743735,0
consume_begin,4,4924534340745765,0
consume_end,4,4924534340745875,0
yield_resumed,4,4924534340828244,0
consume_begin,5,4924534340830144,0
consume_end,5,4924534340830264,0
yield_resumed,5,4924534340934213,0
consume_begin,6,4924534340936363,0
consume_end,6,4924534340936473,0
yield_resumed,6,4924534341111992,0
consume_begin,7,4924534341114592,0
consume_end,7,4924534341114852,0
yield_resumed,7,4924534341193421,0
consume_begin,8,4924534341194831,0
consume_end,8,4924534341194911,0
yield_resumed,8,4924534341281491,0
consume_begin,9,4924534341282751,0
consume_end,9,4924534341282821,0
yield_resumed,9,4924534341455009,0
consume_begin,10,4924534341456209,0
consume_end,10,4924534341456359,0
yield_resumed,10,4924534341567378,0
consume_begin,11,4924534341568868,0
consume_end,11,4924534341568958,0
yield_resumed,11,4924534341687788,0
consume_begin,12,4924534341690657,0
consume_end,12,4924534341690797,0
yield_resumed,12,4924534341784157,0
consume_begin,13,4924534341787657,0
consume_end,13,4924534341787787,0
yield_resumed,13,4924534341887836,0
consume_begin,14,4924534341890606,0
consume_end,14,4924534341890956,0
yield_resumed,14,4924534342017835,0
consume_begin,15,4924534342021625,0
consume_end,15,4924534342021835,0
yield_resumed,15,4924534342335273,0
consume_begin,16,4924534342339333,0
consume_end,16,4924534342339563,0
yield_resumed,16,4924534342428272,0
consume_begin,17,4924534342431762,0
consume_end,17,4924534342431852,0
yield_resumed,17,4924534342815239,0
consume_begin,18,4924534342818219,0
consume_end,18,4924534342818479,0
yield_resumed,18,4924534342933758,0
consume_begin,19,4924534342935648,0
consume_end,19,4924534342936028,0
yield_resumed,19,4924534343033247,0
consume_begin,20,4924534343035727,0
consume_end,20,4924534343035947,0
yield_resumed,20,4924534343154677,0
consume_begin,21,4924534343157017,0
consume_end,21,4924534343157317,0
yield_resumed,21,4924534343486234,0
consume_begin,22,4924534343489004,0
consume_end,22,4924534343489244,0
yield_resumed,22,4924534343572973,0
consume_begin,23,4924534343575233,0
consume_end,23,4924534343575313,0
yield_resumed,23,4924534343675553,0
consume_begin,24,4924534343677453,0
consume_end,24,4924534343677913,0
yield_resumed,24,4924534343785032,0
consume_begin,25,4924534343788662,0
consume_end,25,4924534343789592,0
yield_resumed,25,4924534343895051,0
consume_begin,26,4924534343896391,0
consume_end,26,4924534343896611,0
yield_resumed,26,4924534344259618,0
consume_begin,27,4924534344260738,0
consume_end,27,4924534344261058,0
yield_resumed,27,4924534344344158,0
consume_begin,28,4924534344347238,0
consume_end,28,4924534344347458,0
yield_resumed,28,4924534344660055,0
consume_begin,29,4924534344662905,0
consume_end,29,4924534344663205,0
yield_resumed,29,4924534344983363,0
consume_begin,30,4924534344986313,0
consume_end,30,4924534344986853,0
yield_resumed,30,4924534345087762,0
consume_begin,31,4924534345089962,0
consume_end,31,4924534345090302,0
yield_resumed,31,4924534345466449,0
consume_begin,32,4924534345469439,0
consume_end,32,4924534345469859,0
yield_resumed,32,4924534345554989,0
consume_begin,33,4924534345559079,0
consume_end,33,4924534345559199,0
yield_resumed,33,4924534345646168,0
consume_begin,34,4924534345650108,0
consume_end,34,4924534345650188,0
yield_resumed,34,4924534345732277,0
consume_begin,35,4924534345734997,0
consume_end,35,4924534345735197,0
yield_resumed,35,4924534345802177,0
consume_begin,36,4924534345804247,0
consume_end,36,4924534345804417,0
yield_resumed,36,4924534345871146,0
consume_begin,37,4924534345873886,0
consume_end,37,4924534345874046,0
yield_resumed,37,4924534346147834,0
consume_begin,38,4924534346150464,0
consume_end,38,4924534346150794,0
yield_resumed,38,4924534346477492,0
consume_begin,39,4924534346480342,0
consume_end,39,4924534346480832,0
yield_resumed,39,4924534346565351,0
consume_begin,40,4924534346567811,0
consume_end,40,4924534346568031,0
yield_resumed,40,4924534346651200,0
consume_begin,41,4924534346654780,0
consume_end,41,4924534346655290,0
yield_resumed,41,4924534346738190,0
consume_begin,42,4924534346740170,0
consume_end,42,4924534346740420,0
yield_resumed,42,4924534347137477,0
consume_begin,43,4924534347139677,0
consume_end,43,4924534347139987,0
yield_resumed,43,4924534347469874,0
consume_begin,44,4924534347473234,0
consume_end,44,4924534347473504,0
yield_resumed,44,4924534347559673,0
consume_begin,45,4924534347562463,0
consume_end,45,4924534347562713,0
yield_resumed,45,4924534347875981,0
consume_begin,46,4924534347877951,0
consume_end,46,4924534347878251,0
yield_resumed,46,4924534348062050,0
consume_begin,47,4924534348065100,0
consume_end,47,4924534348065290,0
yield_resumed,47,4924534348175399,0
consume_begin,48,4924534348177749,0
consume_end,48,4924534348178149,0
yield_resumed,48,4924534348279708,0
consume_begin,49,4924534348282178,0
consume_end,49,4924534348282428,0
yield_resumed,49,4924534348641975,0
consume_begin,50,4924534348645795,0
consume_end,50,4924534348646465,0
yield_resumed,50,4924534348735875,0
consume_begin,51,4924534348738535,0
consume_end,51,4924534348738985,0
yield_resumed,51,4924534348862674,0
consume_begin,52,4924534348864894,0
consume_end,52,4924534348865664,0
yield_resumed,52,4924534349211451,0
consume_begin,53,4924534349214631,0
consume_end,53,4924534349214971,0
yield_resumed,53,4924534349323840,0
consume_begin,54,4924534349325920,0
consume_end,54,4924534349326150,0
yield_resumed,54,4924534349430490,0
consume_begin,55,4924534349435149,0
consume_end,55,4924534349435299,0
yield_resumed,55,4924534349766087,0
consume_begin,56,4924534349769877,0
consume_end,56,4924534349770137,0
yield_resumed,56,4924534350089195,0
consume_begin,57,4924534350092495,0
consume_end,57,4924534350092915,0
yield_resumed,57,4924534350388372,0
consume_begin,58,4924534350391412,0
consume_end,58,4924534350391702,0
yield_resumed,58,4924534350689820,0
consume_begin,59,4924534350691050,0
consume_end,59,4924534350691480,0
yield_resumed,59,4924534350770830,0
consume_begin,60,4924534350773530,0
consume_end,60,4924534350774389,0
yield_resumed,60,4924534350861199,0
consume_begin,61,4924534350863069,0
consume_end,61,4924534350863309,0
yield_resumed,61,4924534351185886,0
consume_begin,62,4924534351189486,0
consume_end,62,4924534351189856,0
yield_resumed,62,4924534351290176,0
consume_begin,63,4924534351292966,0
consume_end,63,4924534351293296,0
yield_resumed,63,4924534351390635,0
consume_begin,64,4924534351392465,0
consume_end,64,4924534351392735,0
yield_resumed,64,4924534351499774,0
consume_begin,65,4924534351502774,0
consume_end,65,4924534351503314,0
yield_resumed,65,4924534351834492,0
consume_begin,66,4924534351836102,0
consume_end,66,4924534351836532,0
yield_resumed,66,4924534351920691,0
consume_begin,67,4924534351921971,0
consume_end,67,4924534351922331,0
yield_resumed,67,4924534352030320,0
consume_begin,68,4924534352031630,0
consume_end,68,4924534352032090,0
yield_resumed,68,4924534352313768,0
consume_begin,69,4924534352315258,0
consume_end,69,4924534352315578,0
yield_resumed,69,4924534352405107,0
consume_begin,70,4924534352406837,0
consume_end,70,4924534352407307,0
yield_resumed,70,4924534352506087,0
consume_begin,71,4924534352507187,0
consume_end,71,4924534352507537,0
yield_resumed,71,4924534352599906,0
consume_begin,72,4924534352601216,0
consume_end,72,4924534352601666,0
yield_resumed,72,4924534352703255,0
consume_begin,73,4924534352706325,0
consume_end,73,4924534352706565,0
yield_resumed,73,4924534353010443,0
consume_begin,74,4924534353015523,0
consume_end,74,4924534353016013,0
yield_resumed,74,4924534353100362,0
consume_begin,75,4924534353102572,0
consume_end,75,4924534353102902,0
yield_resumed,75,4924534353216461,0
consume_begin,76,4924534353219881,0
consume_end,76,4924534353220201,0
yield_resumed,76,4924534353312860,0
consume_begin,77,4924534353316080,0
consume_end,77,4924534353316300,0
yield_resumed,77,4924534353658468,0
consume_begin,78,4924534353660318,0
consume_end,78,4924534353660648,0
yield_resumed,78,4924534353772047,0
consume_begin,79,4924534353773347,0
consume_end,79,4924534353773597,0
yield_resumed,79,4924534353860166,0
consume_begin,80,4924534353862036,0
consume_end,80,4924534353862296,0
yield_resumed,80,4924534354145934,0
consume_begin,81,4924534354148244,0
consume_end,81,4924534354148634,0
yield_resumed,81,4924534354468212,0
consume_begin,82,4924534354470552,0
consume_end,82,4924534354473872,0
yield_resumed,82,4924534354591431,0
consume_begin,83,4924534354595711,0
consume_end,83,4924534354596091,0
yield_resumed,83,4924534354888859,0
consume_begin,84,4924534354892429,0
consume_end,84,4924534354892989,0
yield_resumed,84,4924534355026648,0
consume_begin,85,4924534355028658,0
consume_end,85,4924534355028928,0
yield_resumed,85,4924534355156317,0
consume_begin,86,4924534355159057,0
consume_end,86,4924534355159207,0
yield_resumed,86,4924534355255166,0
consume_begin,87,4924534355257946,0
consume_end,87,4924534355258156,0
yield_resumed,87,4924534355369915,0
consume_begin,88,4924534355371315,0
consume_end,88,4924534355372175,0
yield_resumed,88,4924534355670603,0
consume_begin,89,4924534355673473,0
consume_end,89,4924534355673863,0
yield_resumed,89,4924534355762912,0
consume_begin,90,4924534355764672,0
consume_end,90,4924534355764852,0
yield_resumed,90,4924534355861541,0
consume_begin,91,4924534355864881,0
consume_end,91,4924534355865131,0
yield_resumed,91,4924534356181789,0
consume_begin,92,4924534356183659,0
consume_end,92,4924534356183989,0
yield_resumed,92,4924534356296838,0
consume_begin,93,4924534356299008,0
consume_end,93,4924534356299338,0
yield_resumed,93,4924534356765125,0
consume_begin,94,4924534356767905,0
consume_end,94,4924534356768365,0
yield_resumed,94,4924534356872284,0
consume_begin,95,4924534356874424,0
consume_end,95,4924534356874984,0
yield_resumed,95,4924534356976503,0
consume_begin,96,4924534356978693,0
consume_end,96,4924534356978993,0
yield_resumed,96,4924534357074772,0
consume_begin,97,4924534357076872,0
consume_end,97,4924534357077122,0
yield_resumed,97,4924534357360720,0
consume_begin,98,4924534357362980,0
consume_end,98,4924534357363460,0
yield_resumed,98,4924534357455249,0
consume_begin,99,4924534357457589,0
consume_end,99,4924534357457869,0
yield_resumed,99,4924534357570169,0
consume_begin,100,4924534357572289,0
consume_end,100,4924534357572729,0
yield_resumed,100,4924534357652608,0
consume_begin,101,4924534357654348,0
consume_end,101,4924534357654828,0
yield_resumed,101,4924534357937396,0
consume_begin,102,4924534357940706,0
consume_end,102,4924534357941146,0
yield_resumed,102,4924534358043995,0
consume_begin,103,4924534358046275,0
consume_end,103,4924534358046525,0
yield_resumed,103,4924534358170694,0
consume_begin,104,4924534358173534,0
consume_end,104,4924534358174044,0
yield_resumed,104,4924534358282013,0
consume_begin,105,4924534358283633,0
consume_end,105,4924534358283873,0
yield_resumed,105,4924534358578221,0
consume_begin,106,4924534358581301,0
consume_end,106,4924534358581591,0
yield_resumed,106,4924534358685410,0
consume_begin,107,4924534358686720,0
consume_end,107,4924534358686900,0
yield_resumed,107,4924534358787539,0
consume_begin,108,4924534358789029,0
consume_end,108,4924534358789359,0
yield_resumed,108,4924534358891509,0
consume_begin,109,4924534358893429,0
consume_end,109,4924534358893849,0
yield_resumed,109,4924534359202646,0
consume_begin,110,4924534359204626,0
consume_end,110,4924534359205186,0
yield_resumed,110,4924534359308216,0
consume_begin,111,4924534359309176,0
consume_end,111,4924534359309496,0
yield_resumed,111,4924534359408955,0
consume_begin,112,4924534359410525,0
consume_end,112,4924534359410735,0
yield_resumed,112,4924534359501024,0
consume_begin,113,4924534359502184,0
consume_end,113,4924534359502444,0
yield_resumed,113,4924534359599373,0
consume_begin,114,4924534359601573,0
consume_end,114,4924534359601903,0
yield_resumed,114,4924534359870301,0
consume_begin,115,4924534359872391,0
consume_end,115,4924534359872711,0
yield_resumed,115,4924534359971731,0
consume_begin,116,4924534359973591,0
consume_end,116,4924534359974081,0
yield_resumed,116,4924534360077830,0
consume_begin,117,4924534360079270,0
consume_end,117,4924534360079500,0
yield_resumed,117,4924534360169419,0
consume_begin,118,4924534360170949,0
consume_end,118,4924534360171449,0
yield_resumed,118,4924534360406507,0
consume_begin,119,4924534360408757,0
consume_end,119,4924534360409147,0
yield_resumed,119,4924534360497697,0
consume_begin,120,4924534360499127,0
consume_end,120,4924534360499547,0
yield_resumed,120,4924534360589916,0
consume_begin,121,4924534360591436,0
consume_end,121,4924534360591696,0
yield_resumed,121,4924534360851304,0
consume_begin,122,4924534360853264,0
consume_end,122,4924534360853554,0
yield_resumed,122,4924534360953003,0
consume_begin,123,4924534360954633,0
consume_end,123,4924534360955123,0
yield_resumed,123,4924534361069872,0
consume_begin,124,4924534361071392,0
consume_end,124,4924534361071952,0
yield_resumed,124,4924534361168822,0
consume_begin,125,4924534361174632,0
consume_end,125,4924534361174972,0
yield_resumed,125,4924534361627208,0
consume_begin,126,4924534361629678,0
consume_end,126,4924534361630028,0
yield_resumed,126,4924534361725517,0
consume_begin,127,4924534361727397,0
consume_end,127,4924534361727617,0
yield_resumed,127,4924534361843736,0
consume_begin,128,4924534361845586,0
consume_end,128,4924534361845806,0
yield_resumed,128,4924534361938036,0
consume_begin,129,4924534361939126,0
consume_end,129,4924534361939416,0
yield_resumed,129,4924534362042775,0
consume_begin,130,4924534362044585,0
consume_end,130,4924534362044875,0
yield_resumed,130,4924534362331073,0
consume_begin,131,4924534362333633,0
consume_end,131,4924534362334153,0
yield_resumed,131,4924534362433522,0
consume_begin,132,4924534362434982,0
consume_end,132,4924534362435252,0
yield_resumed,132,4924534362529981,0
consume_begin,133,4924534362532721,0
consume_end,133,4924534362533041,0
yield_resumed,133,4924534362620171,0
consume_begin,134,4924534362621691,0
consume_end,134,4924534362622331,0
yield_resumed,134,4924534362708750,0
consume_begin,135,4924534362711420,0
consume_end,135,4924534362711680,0
yield_resumed,135,4924534362991058,0
consume_begin,136,4924534362994258,0
consume_end,136,4924534362994418,0
yield_resumed,136,4924534363091787,0
consume_begin,137,4924534363095727,0
consume_end,137,4924534363095997,0
yield_resumed,137,4924534363198046,0
consume_begin,138,4924534363198956,0
consume_end,138,4924534363199216,0
yield_resumed,138,4924534363489784,0
consume_begin,139,4924534363491784,0
consume_end,139,4924534363492144,0
yield_resumed,139,4924534363569334,0
consume_begin,140,4924534363570644,0
consume_end,140,4924534363570834,0
yield_resumed,140,4924534363835772,0
consume_begin,141,4924534363837942,0
consume_end,141,4924534363838132,0
yield_resumed,141,4924534364125999,0
consume_begin,142,4924534364127409,0
consume_end,142,4924534364127699,0
yield_resumed,142,4924534364241929,0
consume_begin,143,4924534364243919,0
consume_end,143,4924534364244279,0
yield_resumed,143,4924534364374238,0
consume_begin,144,4924534364375608,0
consume_end,144,4924534364375808,0
yield_resumed,144,4924534364654735,0
consume_begin,145,4924534364656515,0
consume_end,145,4924534364656725,0
yield_resumed,145,4924534364755815,0
consume_begin,146,4924534364758045,0
consume_end,146,4924534364758395,0
yield_resumed,146,4924534364853244,0
consume_begin,147,4924534364855194,0
consume_end,147,4924534364855474,0
yield_resumed,147,4924534364942503,0
consume_begin,148,4924534364944113,0
consume_end,148,4924534364944533,0
yield_resumed,148,4924534365038503,0
consume_begin,149,4924534365040003,0
consume_end,149,4924534365040193,0
yield_resumed,149,4924534365320341,0
consume_begin,150,4924534365321791,0
consume_end,150,4924534365321991,0
yield_resumed,150,4924534365411190,0
consume_begin,151,4924534365412890,0
consume_end,151,4924534365413170,0
yield_resumed,151,4924534365508419,0
consume_begin,152,4924534365510829,0
consume_end,152,4924534365511559,0
yield_resumed,152,4924534365613968,0
consume_begin,153,4924534365616318,0
consume_end,153,4924534365616518,0
yield_resumed,153,4924534365707538,0
consume_begin,154,4924534365708428,0
consume_end,154,4924534365708628,0
yield_resumed,154,4924534366023895,0
consume_begin,155,4924534366026915,0
consume_end,155,4924534366027285,0
yield_resumed,155,4924534366143784,0
consume_begin,156,4924534366146024,0
consume_end,156,4924534366146394,0
yield_resumed,156,4924534366478642,0
consume_begin,157,4924534366480772,0
consume_end,157,4924534366481152,0
yield_resumed,157,4924534366791810,0
consume_begin,158,4924534366793340,0
consume_end,158,4924534366793700,0
yield_resumed,158,4924534367094957,0
consume_begin,159,4924534367096807,0
consume_end,159,4924534367097157,0
yield_resumed,159,4924534367210826,0
consume_begin,160,4924534367212576,0
consume_end,160,4924534367212886,0
yield_resumed,160,4924534367344355,0
consume_begin,161,4924534367347865,0
consume_end,161,4924534367348325,0
yield_resumed,161,4924534367675753,0
consume_begin,162,4924534367679163,0
consume_end,162,4924534367679923,0
yield_resumed,162,4924534367790472,0
consume_begin,163,4924534367792482,0
consume_end,163,4924534367792782,0
yield_resumed,163,4924534367880771,0
consume_begin,164,4924534367883731,0
consume_end,164,4924534367884041,0
yield_resumed,164,4924534367984791,0
consume_begin,165,4924534367987871,0
consume_end,165,4924534367988201,0
yield_resumed,165,4924534368094580,0
consume_begin,166,4924534368096560,0
consume_end,166,4924534368097040,0
yield_resumed,166,4924534368213669,0
consume_begin,167,4924534368215499,0
consume_end,167,4924534368215869,0
yield_resumed,167,4924534368335018,0
consume_begin,168,4924534368337788,0
consume_end,168,4924534368338378,0
yield_resumed,168,4924534368460197,0
consume_begin,169,4924534368462627,0
consume_end,169,4924534368463247,0
yield_resumed,169,4924534368573106,0
consume_begin,170,4924534368574796,0
consume_end,170,4924534368575126,0
yield_resumed,170,4924534368698905,0
consume_begin,171,4924534368700395,0
consume_end,171,4924534368700705,0
yield_resumed,171,4924534368998453,0
consume_begin,172,4924534369008643,0
consume_end,172,4924534369009093,0
yield_resumed,172,4924534369117012,0
consume_begin,173,4924534369118892,0
consume_end,173,4924534369119202,0
yield_resumed,173,4924534369241481,0
consume_begin,174,4924534369243241,0
consume_end,174,4924534369243541,0
yield_resumed,174,4924534369359300,0
consume_begin,175,4924534369361060,0
consume_end,175,4924534369361540,0
yield_resumed,175,4924534369485099,0
consume_begin,176,4924534369488229,0
consume_end,176,4924534369488769,0
yield_resumed,176,4924534369758347,0
consume_begin,177,4924534369760777,0
consume_end,177,4924534369761297,0
yield_resumed,177,4924534369865616,0
consume_begin,178,4924534369869056,0
consume_end,178,4924534369869366,0
yield_resumed,178,4924534369981726,0
consume_begin,179,4924534369982856,0
consume_end,179,4924534369983216,0
yield_resumed,179,4924534370099095,0
consume_begin,180,4924534370100865,0
consume_end,180,4924534370101165,0
yield_resumed,180,4924534370203294,0
consume_begin,181,4924534370205944,0
consume_end,181,4924534370206294,0
yield_resumed,181,4924534370592221,0
consume_begin,182,4924534370593641,0
consume_end,182,4924534370593881,0
yield_resumed,182,4924534370687560,0
consume_begin,183,4924534370689010,0
consume_end,183,4924534370689230,0
yield_resumed,183,4924534370802759,0
consume_begin,184,4924534370804199,0
consume_end,184,4924534370804509,0
yield_resumed,184,4924534370904829,0
consume_begin,185,4924534370907169,0
consume_end,185,4924534370907479,0
yield_resumed,185,4924534371019018,0
consume_begin,186,4924534371020248,0
consume_end,186,4924534371020568,0
yield_resumed,186,4924534371111927,0
consume_begin,187,4924534371113417,0
consume_end,187,4924534371113997,0
yield_resumed,187,4924534371422135,0
consume_begin,188,4924534371423705,0
consume_end,188,4924534371424015,0
yield_resumed,188,4924534371544784,0
consume_begin,189,4924534371546934,0
consume_end,189,4924534371547274,0
yield_resumed,189,4924534371662703,0
consume_begin,190,4924534371665233,0
consume_end,190,4924534371665613,0
yield_resumed,190,4924534371796812,0
consume_begin,191,4924534371799302,0
consume_end,191,4924534371799782,0
yield_resumed,191,4924534371892511,0
consume_begin,192,4924534371894531,0
consume_end,192,4924534371895131,0
yield_resumed,192,4924534371994940,0
consume_begin,193,4924534371997560,0
consume_end,193,4924534371998100,0
yield_resumed,193,4924534372118250,0
consume_begin,194,4924534372120310,0
consume_end,194,4924534372120740,0
yield_resumed,194,4924534372385968,0
consume_begin,195,4924534372388088,0
consume_end,195,4924534372388548,0
yield_resumed,195,4924534372492367,0
consume_begin,196,4924534372494927,0
consume_end,196,4924534372495477,0
yield_resumed,196,4924534372607296,0
consume_begin,197,4924534372609716,0
consume_end,197,4924534372609916,0
yield_resumed,197,4924534372918954,0
consume_begin,198,4924534372921274,0
consume_end,198,4924534372922104,0
yield_resumed,198,4924534373025453,0
consume_begin,199,4924534373029143,0
consume_end,199,4924534373029543,0
yield_resumed,199,4924534373115972,0
consume_begin,200,4924534373118002,0
consume_end,200,4924534373118582,0
yield_resumed,200,4924534373226281,0
consume_begin,201,4924534373227921,0
consume_end,201,4924534373228461,0
yield_resumed,201,4924534373526019,0
consume_begin,202,4924534373529099,0
consume_end,202,4924534373529719,0
yield_resumed,202,4924534373631768,0
consume_begin,203,4924534373634668,0
consume_end,203,4924534373635128,0
yield_resumed,203,4924534373755177,0
consume_begin,204,4924534373758037,0
consume_end,204,4924534373758417,0
yield_resumed,204,4924534374056845,0
consume_begin,205,4924534374058885,0
consume_end,205,4924534374059455,0
yield_resumed,205,4924534374153504,0
consume_begin,206,4924534374155274,0
consume_end,206,4924534374155564,0
yield_resumed,206,4924534374239254,0
consume_begin,207,4924534374258474,0
consume_end,207,4924534374258874,0
yield_resumed,207,4924534374540581,0
consume_begin,208,4924534374542901,0
consume_end,208,4924534374543381,0
yield_resumed,208,4924534374642381,0
consume_begin,209,4924534374643551,0
consume_end,209,4924534374643911,0
yield_resumed,209,4924534374943518,0
consume_begin,210,4924534374946548,0
consume_end,210,4924534374946998,0
yield_resumed,210,4924534375059168,0
consume_begin,211,4924534375061138,0
consume_end,211,4924534375061488,0
yield_resumed,211,4924534375141747,0
consume_begin,212,4924534375143277,0
consume_end,212,4924534375143577,0
yield_resumed,212,4924534375239176,0
consume_begin,213,4924534375241706,0
consume_end,213,4924534375242046,0
yield_resumed,213,4924534375507844,0
consume_begin,214,4924534375510054,0
consume_end,214,4924534375510464,0
yield_resumed,214,4924534375608064,0
consume_begin,215,4924534375609824,0
consume_end,215,4924534375610144,0
yield_resumed,215,4924534375716303,0
consume_begin,216,4924534375720703,0
consume_end,216,4924534375721003,0
yield_resumed,216,4924534376019470,0
consume_begin,217,4924534376021800,0
consume_end,217,4924534376022200,0
yield_resumed,217,4924534376118300,0
consume_begin,218,4924534376122310,0
consume_end,218,4924534376122940,0
yield_resumed,218,4924534376244929,0
consume_begin,219,4924534376247159,0
consume_end,219,4924534376247549,0
yield_resumed,219,4924534376384158,0
consume_begin,220,4924534376385718,0
consume_end,220,4924534376386068,0
yield_resumed,220,4924534376705105,0
consume_begin,221,4924534376706295,0
consume_end,221,4924534376706765,0
yield_resumed,221,4924534376797395,0
consume_begin,222,4924534376799485,0
consume_end,222,4924534376800255,0
yield_resumed,222,4924534376915324,0
consume_begin,223,4924534376917904,0
consume_end,223,4924534376918414,0
yield_resumed,223,4924534377029483,0
consume_begin,224,4924534377031043,0
consume_end,224,4924534377031613,0
yield_resumed,224,4924534377171492,0
consume_begin,225,4924534377173552,0
consume_end,225,4924534377173862,0
yield_resumed,225,4924534377434150,0
consume_begin,226,4924534377436320,0
consume_end,226,4924534377436950,0
yield_resumed,226,4924534377684538,0
consume_begin,227,4924534377686228,0
consume_end,227,4924534377686708,0
yield_resumed,227,4924534377907166,0
consume_begin,228,4924534377908566,0
consume_end,228,4924534377908936,0
yield_resumed,228,4924534378166194,0
consume_begin,229,4924534378167884,0
consume_end,229,4924534378168174,0
yield_resumed,229,4924534378259464,0
consume_begin,230,4924534378261184,0
consume_end,230,4924534378261454,0
yield_resumed,230,4924534378561061,0
consume_begin,231,4924534379150357,0
consume_end,231,4924534379150957,0
yield_resumed,231,4924534379246116,0
consume_begin,232,4924534379247626,0
consume_end,232,4924534379248076,0
yield_resumed,232,4924534379327626,0
consume_begin,233,4924534379331276,0
consume_end,233,4924534379331676,0
yield_resumed,233,4924534379415225,0
consume_begin,234,4924534379418615,0
consume_end,234,4924534379418875,0
yield_resumed,234,4924534379509404,0
consume_begin,235,4924534379511114,0
consume_end,235,4924534379511464,0
yield_resumed,235,4924534379598264,0
consume_begin,236,4924534379600074,0
consume_end,236,4924534379600424,0
yield_resumed,236,4924534379689023,0
consume_begin,237,4924534379690943,0
consume_end,237,4924534379691203,0
yield_resumed,237,4924534379785302,0
consume_begin,238,4924534379786852,0
consume_end,238,4924534379787442,0
yield_resumed,238,4924534379922971,0
consume_begin,239,4924534379924871,0
consume_end,239,4924534379925161,0
yield_resumed,239,4924534380266299,0
consume_begin,240,4924534380883054,0
consume_end,240,4924534380883724,0
yield_resumed,240,4924534380987073,0
consume_begin,241,4924534381561129,0
consume_end,241,4924534381561469,0
yield_resumed,241,4924534381669068,0
consume_begin,242,4924534381670308,0
consume_end,242,4924534381670498,0
yield_resumed,242,4924534381754557,0
consume_begin,243,4924534381756447,0
consume_end,243,4924534381756607,0
yield_resumed,243,4924534381843377,0
consume_begin,244,4924534381845157,0
consume_end,244,4924534381845497,0
yield_resumed,244,4924534381942576,0
consume_begin,245,4924534381944426,0
consume_end,245,4924534381944806,0
yield_resumed,245,4924534382045395,0
consume_begin,246,4924534382046745,0
consume_end,246,4924534382047075,0
yield_resumed,246,4924534382139395,0
consume_begin,247,4924534382140835,0
consume_end,247,4924534382141195,0
yield_resumed,247,4924534382236254,0
consume_begin,248,4924534382237914,0
consume_end,248,4924534382238174,0
yield_resumed,248,4924534382313353,0
consume_begin,249,4924534382314783,0
consume_end,249,4924534382315033,0
yield_resumed,249,4924534382385763,0
consume_begin,250,4924534382387593,0
consume_end,250,4924534382387853,0
yield_resumed,250,4924534382458472,0
consume_begin,251,4924534382459772,0
consume_end,251,4924534382460032,0
yield_resumed,251,4924534382752670,0
consume_begin,252,4924534382754310,0
consume_end,252,4924534382754580,0
yield_resumed,252,4924534383048398,0
consume_begin,253,4924534383050328,0
consume_end,253,4924534383050598,0
yield_resumed,253,4924534383323796,0
consume_begin,254,4924534383325756,0
consume_end,254,4924534383326126,0
yield_resumed,254,4924534383605654,0
consume_begin,255,4924534384221429,0
consume_end,255,4924534384222389,0
yield_resumed,255,4924534384349518,0
consume_begin,256,4924534384351918,0
consume_end,256,4924534384352568,0
yield_resumed,256,4924534384437567,0
consume_begin,257,4924534384440687,0
consume_end,257,4924534384441077,0
yield_resumed,257,4924534384533067,0
consume_begin,258,4924534384535567,0
consume_end,258,4924534384535857,0
yield_resumed,258,4924534384611106,0
consume_begin,259,4924534384613766,0
consume_end,259,4924534384614026,0
yield_resumed,259,4924534384698675,0
consume_begin,260,4924534384699935,0
consume_end,260,4924534384700225,0
yield_resumed,260,4924534385019453,0
consume_begin,261,4924534385021793,0
consume_end,261,4924534385022213,0
yield_resumed,261,4924534385109092,0
consume_begin,262,4924534385110372,0
consume_end,262,4924534385110842,0
yield_resumed,262,4924534385211892,0
consume_begin,263,4924534385213622,0
consume_end,263,4924534385213942,0
yield_resumed,263,4924534385528659,0
consume_begin,264,4924534385531369,0
consume_end,264,4924534385531839,0
yield_resumed,264,4924534385638378,0
consume_begin,265,4924534385641078,0
consume_end,265,4924534385641388,0
yield_resumed,265,4924534385730078,0
consume_begin,266,4924534385731928,0
consume_end,266,4924534385732228,0
yield_resumed,266,4924534385831587,0
consume_begin,267,4924534385833817,0
consume_end,267,4924534385834297,0
yield_resumed,267,4924534385918666,0
consume_begin,268,4924534385920756,0
consume_end,268,4924534385921286,0
yield_resumed,268,4924534386009396,0
consume_begin,269,4924534386014466,0
consume_end,269,4924534386015466,0
yield_resumed,269,4924534386114505,0
consume_begin,270,4924534386115735,0
consume_end,270,4924534386116235,0
yield_resumed,270,4924534386427302,0
consume_begin,271,4924534386429022,0
consume_end,271,4924534386429672,0
yield_resumed,271,4924534386556761,0
consume_begin,272,4924534386558441,0
consume_end,272,4924534386558841,0
yield_resumed,272,4924534386887949,0
consume_begin,273,4924534386890249,0
consume_end,273,4924534386890759,0
yield_resumed,273,4924534387046148,0
consume_begin,274,4924534387047808,0
consume_end,274,4924534387048418,0
yield_resumed,274,4924534387150327,0
consume_begin,275,4924534387152447,0
consume_end,275,4924534387152667,0
yield_resumed,275,4924534387229176,0
consume_begin,276,4924534387232106,0
consume_end,276,4924534387232626,0
yield_resumed,276,4924534387342486,0
consume_begin,277,4924534387345426,0
consume_end,277,4924534387345736,0
yield_resumed,277,4924534387689963,0
consume_begin,278,4924534387692603,0
consume_end,278,4924534387693043,0
yield_resumed,278,4924534387790322,0
consume_begin,279,4924534387793212,0
consume_end,279,4924534387793522,0
yield_resumed,279,4924534387886941,0
consume_begin,280,4924534388511187,0
consume_end,280,4924534388511737,0
yield_resumed,280,4924534388614866,0
consume_begin,281,4924534388617426,0
consume_end,281,4924534388617626,0
yield_resumed,281,4924534388716645,0
consume_begin,282,4924534388719935,0
consume_end,282,4924534388720255,0
yield_resumed,282,4924534388815605,0
consume_begin,283,4924534388817735,0
consume_end,283,4924534388818095,0
yield_resumed,283,4924534388923344,0
consume_begin,284,4924534388926104,0
consume_end,284,4924534388926654,0
yield_resumed,284,4924534389025713,0
consume_begin,285,4924534389027873,0
consume_end,285,4924534389028303,0
yield_resumed,285,4924534389136062,0
consume_begin,286,4924534389138772,0
consume_end,286,4924534389139222,0
yield_resumed,286,4924534389277791,0
consume_begin,287,4924534389280161,0
consume_end,287,4924534389280371,0
yield_resumed,287,4924534389600299,0
consume_begin,288,4924534389602009,0
consume_end,288,4924534389602319,0
yield_resumed,288,4924534389728028,0
consume_begin,289,4924534389730468,0
consume_end,289,4924534389730788,0
yield_resumed,289,4924534389827567,0
consume_begin,290,4924534389829497,0
consume_end,290,4924534389829687,0
yield_resumed,290,4924534389954776,0
consume_begin,291,4924534389957296,0
consume_end,291,4924534389957856,0
yield_resumed,291,4924534390061135,0
consume_begin,292,4924534390063195,0
consume_end,292,4924534390063595,0
yield_resumed,292,4924534390377863,0
consume_begin,293,4924534390380223,0
consume_end,293,4924534390380633,0
yield_resumed,293,4924534390482642,0
consume_begin,294,4924534390485582,0
consume_end,294,4924534390485922,0
yield_resumed,294,4924534390593541,0
consume_begin,295,4924534390596341,0
consume_end,295,4924534390596751,0
yield_resumed,295,4924534390718120,0
consume_begin,296,4924534390720700,0
consume_end,296,4924534406078055,0
yield_resumed,296,4924534406154985,0
consume_begin,297,4924534406160565,0
consume_end,297,4924534406161525,0
yield_resumed,297,4924534406235734,0
consume_begin,298,4924534406237364,0
consume_end,298,4924534406237704,0
yield_resumed,298,4924534406294864,0
consume_begin,299,4924534406297414,0
consume_end,299,4924534406297764,0
yield_resumed,299,4924534406378683,0
consume_begin,300,4924534406382503,0
consume_end,300,4924534406382963,0
yield_resumed,300,4924534406463642,0
consume_begin,301,4924534406466352,0
consume_end,301,4924534426654481,0
yield_resumed,301,4924534426695291,0
consume_begin,302,4924534426699991,0
consume_end,302,4924534426700891,0
yield_resumed,302,4924534426761701,0
consume_begin,303,4924534426764850,0
consume_end,303,4924534426765320,0
yield_resumed,303,4924534426852750,0
consume_begin,304,4924534426855440,0
consume_end,304,4924534426856160,0
yield_resumed,304,4924534426956299,0
consume_begin,305,4924534426958939,0
consume_end,305,4924534426959369,0
yield_resumed,305,4924534427066218,0
consume_begin,306,4924534427069298,0
consume_end,306,4924534427069598,0
yield_resumed,306,4924534427170337,0
consume_begin,307,4924534427173627,0
consume_end,307,4924534427173977,0
yield_resumed,307,4924534427222027,0
consume_begin,308,4924534427224297,0
consume_end,308,4924534443822243,0
yield_resumed,308,4924534443859622,0
consume_begin,309,4924534443863782,0
consume_end,309,4924534443864282,0
yield_resumed,309,4924534443914882,0
consume_begin,310,4924534443917112,0
consume_end,310,4924534443917692,0
yield_resumed,310,4924534443990942,0
consume_begin,311,4924534443992351,0
consume_end,311,4924534443992621,0
yield_resumed,311,4924534444058971,0
consume_begin,312,4924534444061891,0
consume_end,312,4924534444062541,0
yield_resumed,312,4924534444159640,0
consume_begin,313,4924534444163020,0
consume_end,313,4924534461367851,0
yield_resumed,313,4924534461431611,0
consume_begin,314,4924534461436481,0
consume_end,314,4924534461437761,0
yield_resumed,314,4924534461491930,0
consume_begin,315,4924534461494920,0
consume_end,315,4924534461495250,0
yield_resumed,315,4924534461559230,0
consume_begin,316,4924534461560630,0
consume_end,316,4924534461560940,0
yield_resumed,316,4924534461650259,0
consume_begin,317,4924534461653819,0
consume_end,317,4924534461654109,0
yield_resumed,317,4924534461729229,0
consume_begin,318,4924534461732359,0
consume_end,318,4924534474163375,0
yield_resumed,318,4924534474207365,0
consume_begin,319,4924534474211945,0
consume_end,319,4924534474212895,0
yield_resumed,319,4924534474269665,0
consume_begin,320,4924534474272455,0
consume_end,320,4924534474272905,0
yield_resumed,320,4924534474341944,0
consume_begin,321,4924534474344134,0
consume_end,321,4924534474344594,0
yield_resumed,321,4924534474437053,0
consume_begin,322,4924534474440263,0
consume_end,322,4924534474440693,0
yield_resumed,322,4924534474495993,0
consume_begin,323,4924534474499273,0
consume_end,323,4924534494735501,0
yield_resumed,323,4924534494806251,0
consume_begin,324,4924534494810011,0
consume_end,324,4924534494810611,0
yield_resumed,324,4924534494862980,0
consume_begin,325,4924534494865490,0
consume_end,325,4924534494865790,0
yield_resumed,325,4924534494934240,0
consume_begin,326,4924534494935890,0
consume_end,326,4924534494936230,0
yield_resumed,326,4924534495035529,0
consume_begin,327,4924534495038919,0
consume_end,327,4924534495039329,0
yield_resumed,327,4924534495140998,0
consume_begin,328,4924534495144168,0
consume_end,328,4924534514398784,0
yield_resumed,328,4924534514462104,0
consume_begin,329,4924534514468444,0
consume_end,329,4924534514469344,0
yield_resumed,329,4924534514523723,0
consume_begin,330,4924534514526973,0
consume_end,330,4924534514527283,0
yield_resumed,330,4924534514599913,0
consume_begin,331,4924534514602163,0
consume_end,331,4924534514602563,0
yield_resumed,331,4924534514686702,0
consume_begin,332,4924534514689432,0
consume_end,332,4924534514689892,0
yield_resumed,332,4924534514775781,0
consume_begin,333,4924534514778961,0
consume_end,333,4924534514779351,0
yield_resumed,333,4924534514866271,0
consume_begin,334,4924534514869351,0
consume_end,334,4924534531721244,0
yield_resumed,334,4924534531790174,0
consume_begin,335,4924534531794364,0
consume_end,335,4924534531795044,0
yield_resumed,335,4924534531858193,0
consume_begin,336,4924534531861773,0
consume_end,336,4924534531862253,0
yield_resumed,336,4924534531953513,0
consume_begin,337,4924534531957013,0
consume_end,337,4924534531957413,0
yield_resumed,337,4924534532074182,0
consume_begin,338,4924534532077032,0
consume_end,338,4924534532077452,0
yield_resumed,338,4924534532161341,0
consume_begin,339,4924534532164811,0
consume_end,339,4924534532165241,0
yield_resumed,339,4924534532258040,0
consume_begin,340,4924534532260990,0
consume_end,340,4924534549868219,0
yield_resumed,340,4924534549909478,0
consume_begin,341,4924534549914288,0
consume_end,341,4924534549915178,0
yield_resumed,341,4924534549981088,0
consume_begin,342,4924534549983708,0
consume_end,342,4924534549984138,0
yield_resumed,342,4924534550069467,0
consume_begin,343,4924534550071017,0
consume_end,343,4924534550071417,0
yield_resumed,343,4924534550175266,0
consume_begin,344,4924534550178766,0
consume_end,344,4924534550179396,0
yield_resumed,344,4924534550293355,0
consume_begin,345,4924534550303855,0
consume_end,345,4924534550304305,0
yield_resumed,345,4924534550394305,0
consume_begin,346,4924534550397245,0
consume_end,346,4924534569247673,0
yield_resumed,346,4924534569284563,0
consume_begin,347,4924534569289403,0
consume_end,347,4924534569290233,0
yield_resumed,347,4924534569340203,0
consume_begin,348,4924534569341893,0
consume_end,348,4924534569342353,0
yield_resumed,348,4924534569420112,0
consume_begin,349,4924534569423212,0
consume_end,349,4924534569423532,0
yield_resumed,349,4924534569527231,0
consume_begin,350,4924534569531441,0
consume_end,350,4924534569532301,0
yield_resumed,350,4924534569626751,0
consume_begin,351,4924534569630751,0
consume_end,351,4924534587987243,0
yield_resumed,351,4924534588058763,0
consume_begin,352,4924534588062272,0
consume_end,352,4924534588062952,0
yield_resumed,352,4924534588101902,0
consume_begin,353,4924534588103482,0
consume_end,353,4924534588103822,0
yield_resumed,353,4924534588156382,0
consume_begin,354,4924534588158252,0
consume_end,354,4924534588158582,0
yield_resumed,354,4924534588235451,0
consume_begin,355,4924534588238031,0
consume_end,355,4924534588238361,0
yield_resumed,355,4924534588321311,0
consume_begin,356,4924534588324661,0
consume_end,356,4924534604922036,0
yield_resumed,356,4924534604956796,0
consume_begin,357,4924534604959716,0
consume_end,357,4924534604960296,0
yield_resumed,357,4924534605021476,0
consume_begin,358,4924534605024805,0
consume_end,358,4924534605025485,0
yield_resumed,358,4924534605084305,0
consume_begin,359,4924534605086105,0
consume_end,359,4924534605086515,0
yield_resumed,359,4924534605170284,0
consume_begin,360,4924534605173264,0
consume_end,360,4924534605173664,0
yield_resumed,360,4924534605224464,0
consume_begin,361,4924534605227624,0
consume_end,361,4924534624266851,0
yield_resumed,361,4924534624322241,0
consume_begin,362,4924534624326401,0
consume_end,362,4924534624327231,0
yield_resumed,362,4924534624377441,0
consume_begin,363,4924534624380001,0
consume_end,363,4924534624380441,0
yield_resumed,363,4924534624451280,0
consume_begin,364,4924534624453170,0
consume_end,364,4924534624453690,0
yield_resumed,364,4924534624548439,0
consume_begin,365,4924534624551559,0
consume_end,365,4924534624552049,0
yield_resumed,365,4924534624649289,0
consume_begin,366,4924534624653389,0
consume_end,366,4924534643464058,0
yield_resumed,366,4924534643500408,0
consume_begin,367,4924534643505817,0
consume_end,367,4924534643506857,0
yield_resumed,367,4924534643558067,0
consume_begin,368,4924534643560757,0
consume_end,368,4924534643561237,0
yield_resumed,368,4924534643636646,0
consume_begin,369,4924534643638496,0
consume_end,369,4924534643639046,0
yield_resumed,369,4924534643731286,0
consume_begin,370,4924534643734446,0
consume_end,370,4924534643734776,0
yield_resumed,370,4924534643790705,0
consume_begin,371,4924534643793295,0
consume_end,371,4924534643793615,0
yield_resumed,371,4924534643869325,0
consume_begin,372,4924534643873145,0
consume_end,372,4924534662749183,0
yield_resumed,372,4924534662807073,0
consume_begin,373,4924534662812743,0
consume_end,373,4924534662813513,0
yield_resumed,373,4924534662868872,0
consume_begin,374,4924534662870032,0
consume_end,374,4924534662870382,0
yield_resumed,374,4924534662933272,0
consume_begin,375,4924534662935832,0
consume_end,375,4924534662936202,0
yield_resumed,375,4924534663034371,0
consume_begin,376,4924534663037511,0
consume_end,376,4924534663037911,0
yield_resumed,376,4924534663131810,0
consume_begin,377,4924534663135060,0
consume_end,377,4924534682379376,0
yield_resumed,377,4924534682444996,0
consume_begin,378,4924534682451396,0
consume_end,378,4924534682452206,0
yield_resumed,378,4924534682509195,0
consume_begin,379,4924534682511765,0
consume_end,379,4924534682512275,0
yield_resumed,379,4924534682589235,0
consume_begin,380,4924534682592985,0
consume_end,380,4924534682593315,0
yield_resumed,380,4924534682688364,0
consume_begin,381,4924534682691524,0
consume_end,381,4924534682691924,0
yield_resumed,381,4924534682777203,0
consume_begin,382,4924534682780923,0
consume_end,382,4924534701534123,0
yield_resumed,382,4924534701569883,0
consume_begin,383,4924534701575893,0
consume_end,383,4924534701577143,0
yield_resumed,383,4924534701633872,0
consume_begin,384,4924534701636742,0
consume_end,384,4924534701637092,0
yield_resumed,384,4924534701708592,0
consume_begin,385,4924534701711552,0
consume_end,385,4924534701712002,0
yield_resumed,385,4924534701770251,0
consume_begin,386,4924534701771711,0
consume_end,386,4924534701772171,0
yield_resumed,386,4924534701852131,0
consume_begin,387,4924534701854461,0
consume_end,387,4924534719407149,0
yield_resumed,387,4924534719463338,0
consume_begin,388,4924534719468338,0
consume_end,388,4924534719469098,0
yield_resumed,388,4924534719512108,0
consume_begin,389,4924534719514668,0
consume_end,389,4924534719515058,0
yield_resumed,389,4924534719582908,0
consume_begin,390,4924534719585328,0
consume_end,390,4924534719585738,0
yield_resumed,390,4924534719685877,0
consume_begin,391,4924534719690227,0
consume_end,391,4924534719690627,0
yield_resumed,391,4924534719777616,0
consume_begin,392,4924534719779386,0
consume_end,392,4924534737893101,0
yield_resumed,392,4924534737974600,0
consume_begin,393,4924534737980320,0
consume_end,393,4924534737981270,0
yield_resumed,393,4924534738043279,0
consume_begin,394,4924534738046179,0
consume_end,394,4924534738046609,0
yield_resumed,394,4924534738119999,0
consume_begin,395,4924534738124389,0
consume_end,395,4924534738124819,0
yield_resumed,395,4924534738215988,0
consume_begin,396,4924534738218508,0
consume_end,396,4924534738218958,0
yield_resumed,396,4924534738308227,0
consume_begin,397,4924534738310377,0
consume_end,397,4924534738310807,0
yield_resumed,397,4924534738411267,0
consume_begin,398,4924534738413657,0
consume_end,398,4924534738414307,0
yield_resumed,398,4924534738531076,0
consume_begin,399,4924534738533996,0
consume_end,399,4924534757323965,0
yield_resumed,399,4924534757377265,0
consume_begin,400,4924534757382545,0
consume_end,400,4924534757383345,0
yield_resumed,400,4924534757436214,0
consume_begin,401,4924534757438934,0
consume_end,401,4924534757439394,0
yield_resumed,401,4924534757504944,0
consume_begin,402,4924534757506404,0
consume_end,402,4924534757506954,0
yield_resumed,402,4924534757600853,0
consume_begin,403,4924534757604493,0
consume_end,403,4924534757605123,0
yield_resumed,403,4924534757731232,0
consume_begin,404,4924534757734312,0
consume_end,404,4924534757734782,0
yield_resumed,404,4924534757825401,0
consume_begin,405,4924534757827991,0
consume_end,405,4924534771593068,0
yield_resumed,405,4924534771631578,0
consume_begin,406,4924534771638698,0
consume_end,406,4924534771639578,0
yield_resumed,406,4924534771684327,0
consume_begin,407,4924534771686117,0
consume_end,407,4924534771686597,0
yield_resumed,407,4924534771787537,0
consume_begin,408,4924534771791427,0
consume_end,408,4924534771791777,0
yield_resumed,408,4924534771899846,0
consume_begin,409,4924534771902596,0
consume_end,409,4924534790510157,0
yield_resumed,409,4924534790568676,0
consume_begin,410,4924534790573836,0
consume_end,410,4924534790574566,0
yield_resumed,410,4924534790620996,0
consume_begin,411,4924534790623306,0
consume_end,411,4924534790623686,0
yield_resumed,411,4924534790694065,0
consume_begin,412,4924534790695505,0
consume_end,412,4924534790696315,0
yield_resumed,412,4924534790810954,0
consume_begin,413,4924534790815254,0
consume_end,413,4924534790815804,0
yield_resumed,413,4924534790911704,0
consume_begin,414,4924534790915154,0
consume_end,414,4924534790915674,0
yield_resumed,414,4924534791031603,0
consume_begin,415,4924534791033813,0
consume_end,415,4924534810836154,0
yield_resumed,415,4924534810873244,0
consume_begin,416,4924534810879394,0
consume_end,416,4924534810880344,0
yield_resumed,416,4924534810935664,0
consume_begin,417,4924534810938853,0
consume_end,417,4924534810939343,0
yield_resumed,417,4924534811017303,0
consume_begin,418,4924534811018853,0
consume_end,418,4924534811019393,0
yield_resumed,418,4924534811103232,0
consume_begin,419,4924534811106122,0
consume_end,419,4924534811106542,0
yield_resumed,419,4924534811195882,0
consume_begin,420,4924534811198512,0
consume_end,420,4924534831212292,0
yield_resumed,420,4924534831249491,0
consume_begin,421,4924534831256131,0
consume_end,421,4924534831257131,0
yield_resumed,421,4924534831308901,0
consume_begin,422,4924534831311571,0
consume_end,422,4924534831312111,0
yield_resumed,422,4924534831388780,0
consume_begin,423,4924534831391750,0
consume_end,423,4924534831392240,0
yield_resumed,423,4924534831492700,0
consume_begin,424,4924534831494670,0
consume_end,424,4924534831495150,0
yield_resumed,424,4924534831579959,0
consume_begin,425,4924534831582429,0
consume_end,425,4924534849376736,0
yield_resumed,425,4924534849444455,0
consume_begin,426,4924534849451465,0
consume_end,426,4924534849452425,0
yield_resumed,426,4924534849499655,0
consume_begin,427,4924534849502965,0
consume_end,427,4924534849503495,0
yield_resumed,427,4924534849597284,0
consume_begin,428,4924534849599584,0
consume_end,428,4924534849600244,0
yield_resumed,428,4924534849701503,0
consume_begin,429,4924534849705293,0
consume_end,429,4924534849705793,0
yield_resumed,429,4924534849794323,0
consume_begin,430,4924534849800553,0
consume_end,430,4924534849801093,0
yield_resumed,430,4924534849890092,0
consume_begin,431,4924534849893022,0
consume_end,431,4924534868417913,0
yield_resumed,431,4924534868476113,0
consume_begin,432,4924534868481093,0
consume_end,432,4924534868482083,0
yield_resumed,432,4924534868526392,0
consume_begin,433,4924534868529322,0
consume_end,433,4924534868529702,0
yield_resumed,433,4924534868598632,0
consume_begin,434,4924534868600092,0
consume_end,434,4924534868600622,0
yield_resumed,434,4924534868692611,0
consume_begin,435,4924534868695651,0
consume_end,435,4924534868696031,0
yield_resumed,435,4924534868789750,0
consume_begin,436,4924534868793580,0
consume_end,436,4924534886654837,0
yield_resumed,436,4924534886720846,0
consume_begin,437,4924534886726876,0
consume_end,437,4924534886727886,0
yield_resumed,437,4924534886775976,0
consume_begin,438,4924534886779256,0
consume_end,438,4924534886779616,0
yield_resumed,438,4924534886850665,0
consume_begin,439,4924534886852915,0
consume_end,439,4924534886853805,0
yield_resumed,439,4924534886951254,0
consume_begin,440,4924534886955184,0
consume_end,440,4924534886955784,0
yield_resumed,440,4924534887052704,0
consume_begin,441,4924534887057204,0
consume_end,441,4924534904988359,0
yield_resumed,441,4924534905056279,0
consume_begin,442,4924534905062119,0
consume_end,442,4924534905062899,0
yield_resumed,442,4924534905110658,0
consume_begin,443,4924534905113638,0
consume_end,443,4924534905114118,0
yield_resumed,443,4924534905172398,0
consume_begin,444,4924534905174718,0
consume_end,444,4924534905175118,0
yield_resumed,444,4924534905257077,0
consume_begin,445,4924534905260967,0
consume_end,445,4924534905261387,0
yield_resumed,445,4924534905345397,0
consume_begin,446,4924534905348117,0
consume_end,446,4924534924692632,0
yield_resumed,446,4924534924742131,0
consume_begin,447,4924534924746541,0
consume_end,447,4924534924747131,0
yield_resumed,447,4924534924789161,0
consume_begin,448,4924534924791591,0
consume_end,448,4924534924792031,0
yield_resumed,448,4924534924858741,0
consume_begin,449,4924534924860071,0
consume_end,449,4924534924860421,0
yield_resumed,449,4924534924951730,0
consume_begin,450,4924534924955630,0
consume_end,450,4924534924956160,0
yield_resumed,450,4924534925034009,0
consume_begin,451,4924534925037869,0
consume_end,451,4924534925038589,0
yield_resumed,451,4924534925132999,0
consume_begin,452,4924534925135658,0
consume_end,452,4924534944775231,0
yield_resumed,452,4924534944858501,0
consume_begin,453,4924534944864251,0
consume_end,453,4924534944864901,0
yield_resumed,453,4924534944908290,0
consume_begin,454,4924534944910540,0
consume_end,454,4924534944910900,0
yield_resumed,454,4924534944981220,0
consume_begin,455,4924534944983420,0
consume_end,455,4924534944983860,0
yield_resumed,455,4924534945090789,0
consume_begin,456,4924534945092689,0
consume_end,456,4924534945093289,0
yield_resumed,456,4924534945184568,0
consume_begin,457,4924534945188358,0
consume_end,457,4924534965039320,0
yield_resumed,457,4924534965070859,0
consume_begin,458,4924534965075419,0
consume_end,458,4924534965076029,0
yield_resumed,458,4924534965119049,0
consume_begin,459,4924534965121159,0
consume_end,459,4924534965121609,0
yield_resumed,459,4924534965185099,0
consume_begin,460,4924534965187189,0
consume_end,460,4924534965187809,0
yield_resumed,460,4924534965277348,0
consume_begin,461,4924534965280838,0
consume_end,461,4924534965281268,0
yield_resumed,461,4924534965335657,0
consume_begin,462,4924534965338857,0
consume_end,462,4924534965339307,0
yield_resumed,462,4924534965426217,0
consume_begin,463,4924534965428377,0
consume_end,463,4924534984166006,0
yield_resumed,463,4924534984205046,0
consume_begin,464,4924534984209756,0
consume_end,464,4924534984210386,0
yield_resumed,464,4924534984264056,0
consume_begin,465,4924534984265786,0
consume_end,465,4924534984266246,0
yield_resumed,465,4924534984325915,0
consume_begin,466,4924534984327445,0
consume_end,466,4924534984328185,0
yield_resumed,466,4924534984413435,0
consume_begin,467,4924534984416725,0
consume_end,467,4924534984417255,0
yield_resumed,467,4924534984502404,0
consume_begin,468,4924534984505934,0
consume_end,468,4924535002385360,0
yield_resumed,468,4924535002442129,0
consume_begin,469,4924535002446459,0
consume_end,469,4924535002447119,0
yield_resumed,469,4924535002488629,0
consume_begin,470,4924535002490979,0
consume_end,470,4924535002491439,0
yield_resumed,470,4924535002557539,0
consume_begin,471,4924535002559019,0
consume_end,471,4924535021886004,0
yield_resumed,471,4924535021922604,0
consume_begin,472,4924535021926774,0
consume_end,472,4924535021927354,0
yield_resumed,472,4924535021997843,0
consume_begin,473,4924535022010583,0
consume_end,473,4924535022011133,0
yield_resumed,473,4924535022093682,0
consume_begin,474,4924535022097082,0
consume_end,474,4924535022097682,0
yield_resumed,474,4924535022165382,0
consume_begin,475,4924535022168472,0
consume_end,475,4924535022169302,0
yield_resumed,475,4924535022224841,0
consume_begin,476,4924535022226711,0
consume_end,476,4924535022227311,0
yield_resumed,476,4924535022318921,0
consume_begin,477,4924535022322771,0
consume_end,477,4924535040089858,0
yield_resumed,477,4924535040127387,0
consume_begin,478,4924535040134517,0
consume_end,478,4924535040135537,0
yield_resumed,478,4924535040208417,0
consume_begin,479,4924535040211787,0
consume_end,479,4924535040212177,0
yield_resumed,479,4924535040261876,0
consume_begin,480,4924535040264126,0
consume_end,480,4924535040264636,0
yield_resumed,480,4924535040357996,0
consume_begin,481,4924535040361096,0
consume_end,481,4924535040361506,0
yield_resumed,481,4924535040438985,0
consume_begin,482,4924535040443335,0
consume_end,482,4924535059075246,0
yield_resumed,482,4924535059137285,0
consume_begin,483,4924535059142035,0
consume_end,483,4924535059142785,0
yield_resumed,483,4924535059190765,0
consume_begin,484,4924535059193195,0
consume_end,484,4924535059193645,0
yield_resumed,484,4924535059259564,0
consume_begin,485,4924535059262944,0
consume_end,485,4924535059263544,0
yield_resumed,485,4924535059382983,0
consume_begin,486,4924535059384923,0
consume_end,486,4924535059385433,0
yield_resumed,486,4924535059493962,0
consume_begin,487,4924535059497942,0
consume_end,487,4924535059498362,0
yield_resumed,487,4924535059600181,0
consume_begin,488,4924535059602441,0
consume_end,488,4924535078468880,0
yield_resumed,488,4924535078542190,0
consume_begin,489,4924535078549440,0
consume_end,489,4924535078550390,0
yield_resumed,489,4924535078610649,0
consume_begin,490,4924535078613829,0
consume_end,490,4924535078614349,0
yield_resumed,490,4924535078678609,0
consume_begin,491,4924535078680009,0
consume_end,491,4924535078680449,0
yield_resumed,491,4924535078788888,0
consume_begin,492,4924535078793918,0
consume_end,492,4924535078794478,0
yield_resumed,492,4924535078899077,0
consume_begin,493,4924535078905017,0
consume_end,493,4924535098588380,0
yield_resumed,493,4924535098648179,0
consume_begin,494,4924535098652719,0
consume_end,494,4924535098653299,0
yield_resumed,494,4924535098701299,0
consume_begin,495,4924535098703289,0
consume_end,495,4924535098703689,0
yield_resumed,495,4924535098771678,0
consume_begin,496,4924535098772908,0
consume_end,496,4924535098773598,0
yield_resumed,496,4924535098869607,0
consume_begin,497,4924535098871507,0
consume_end,497,4924535098871977,0
yield_resumed,497,4924535098956527,0
consume_begin,498,4924535098958857,0
consume_end,498,4924535098959177,0
yield_resumed,498,4924535099049366,0
consume_begin,499,4924535099051696,0
consume_end,499,4924535119748801,0
yield_resumed,499,4924535119810811,0
consume_begin,500,4924535119815191,0
consume_end,500,4924535119815961,0
yield_resumed,500,4924535119856760,0
consume_begin,501,4924535119857940,0
consume_end,501,4924535119858340,0
yield_resumed,501,4924535119916330,0
consume_begin,502,4924535119918730,0
consume_end,502,4924535119919140,0
yield_resumed,502,4924535119995649,0
consume_begin,503,4924535119998019,0
consume_end,503,4924535119998339,0
yield_resumed,503,4924535120095058,0
consume_begin,504,4924535120098528,0
consume_end,504,4924535138012804,0
yield_resumed,504,4924535138076594,0
consume_begin,505,4924535138082654,0
consume_end,505,4924535138083654,0
yield_resumed,505,4924535138127253,0
consume_begin,506,4924535138129743,0
consume_end,506,4924535138130353,0
yield_resumed,506,4924535138188353,0
consume_begin,507,4924535138189973,0
consume_end,507,4924535138190413,0
yield_resumed,507,4924535138272702,0
consume_begin,508,4924535138275542,0
consume_end,508,4924535138275982,0
yield_resumed,508,4924535138359322,0
consume_begin,509,4924535138363312,0
consume_end,509,4924535155489303,0
yield_resumed,509,4924535155544623,0
consume_begin,510,4924535155551113,0
consume_end,510,4924535155551923,0
yield_resumed,510,4924535155602863,0
consume_begin,511,4924535155604903,0
consume_end,511,4924535155605473,0
yield_resumed,511,4924535155683252,0
consume_begin,512,4924535155687842,0
consume_end,512,4924535155688762,0
yield_resumed,512,4924535155784311,0
consume_begin,513,4924535155788581,0
consume_end,513,4924535155789141,0
yield_resumed,513,4924535155864231,0
consume_begin,514,4924535155868051,0
consume_end,514,4924535155868671,0
yield_resumed,514,4924535155954290,0
consume_begin,515,4924535155959010,0
consume_end,515,4924535155959550,0
yield_resumed,515,4924535156044979,0
consume_begin,516,4924535156048439,0
consume_end,516,4924535176222158,0
yield_resumed,516,4924535176282668,0
consume_begin,517,4924535176288528,0
consume_end,517,4924535176289438,0
yield_resumed,517,4924535176348857,0
consume_begin,518,4924535176350387,0
consume_end,518,4924535176350767,0
yield_resumed,518,4924535176416427,0
consume_begin,519,4924535176418857,0
consume_end,519,4924535176419427,0
yield_resumed,519,4924535176516226,0
consume_begin,520,4924535176518966,0
consume_end,520,4924535176519506,0
yield_resumed,520,4924535176611725,0
consume_begin,521,4924535176615385,0
consume_end,521,4924535195980970,0
yield_resumed,521,4924535196060750,0
consume_begin,522,4924535196068710,0
consume_end,522,4924535196069610,0
yield_resumed,522,4924535196126319,0
consume_begin,523,4924535196128839,0
consume_end,523,4924535196129319,0
yield_resumed,523,4924535196201739,0
consume_begin,524,4924535196203289,0
consume_end,524,4924535196203859,0
yield_resumed,524,4924535196313648,0
consume_begin,525,4924535196317548,0
consume_end,525,4924535196318018,0
yield_resumed,525,4924535196413767,0
consume_begin,526,4924535196416887,0
consume_end,526,4924535217251831,0
yield_resumed,526,4924535217295601,0
consume_begin,527,4924535217302141,0
consume_end,527,4924535217303021,0
yield_resumed,527,4924535217362290,0
consume_begin,528,4924535217365420,0
consume_end,528,4924535217366090,0
yield_resumed,528,4924535217438410,0
consume_begin,529,4924535217440200,0
consume_end,529,4924535217440670,0
yield_resumed,529,4924535217543599,0
consume_begin,530,4924535217545899,0
consume_end,530,4924535217546369,0
yield_resumed,530,4924535217635248,0
consume_begin,531,4924535217639588,0
consume_end,531,4924535217640058,0
yield_resumed,531,4924535217730217,0
consume_begin,532,4924535217731817,0
consume_end,532,4924535235904541,0
yield_resumed,532,4924535235962761,0
consume_begin,533,4924535235968901,0
consume_end,533,4924535235969791,0
yield_resumed,533,4924535236024050,0
consume_begin,534,4924535236027090,0
consume_end,534,4924535236027640,0
yield_resumed,534,4924535236102200,0
consume_begin,535,4924535236104000,0
consume_end,535,4924535236104470,0
yield_resumed,535,4924535236218669,0
consume_begin,536,4924535236222259,0
consume_end,536,4924535236222659,0
yield_resumed,536,4924535236301478,0
consume_begin,537,4924535236304798,0
consume_end,537,4924535250217674,0
yield_resumed,537,4924535250262114,0
consume_begin,538,4924535250268994,0
consume_end,538,4924535250269984,0
yield_resumed,538,4924535250319263,0
consume_begin,539,4924535250321893,0
consume_end,539,4924535250322353,0
yield_resumed,539,4924535250402983,0
consume_begin,540,4924535250405533,0
consume_end,540,4924535250406053,0
yield_resumed,540,4924535250482412,0
consume_begin,541,4924535250486022,0
consume_end,541,4924535250486492,0
yield_resumed,541,4924535250577791,0
consume_begin,542,4924535250580831,0
consume_end,542,4924535267644874,0
yield_resumed,542,4924535267704173,0
consume_begin,543,4924535267708893,0
consume_end,543,4924535267709663,0
yield_resumed,543,4924535267753863,0
consume_begin,544,4924535267756123,0
consume_end,544,4924535267756583,0
yield_resumed,544,4924535267818902,0
consume_begin,545,4924535267820082,0
consume_end,545,4924535267820572,0
yield_resumed,545,4924535267906142,0
consume_begin,546,4924535267908922,0
consume_end,546,4924535267909282,0
yield_resumed,546,4924535267985391,0
consume_begin,547,4924535267987531,0
consume_end,547,4924535287133148,0
yield_resumed,547,4924535287171047,0
consume_begin,548,4924535287177637,0
consume_end,548,4924535287178787,0
yield_resumed,548,4924535287229707,0
consume_begin,549,4924535287231767,0
consume_end,549,4924535287232477,0
yield_resumed,549,4924535287307926,0
consume_begin,550,4924535287310146,0
consume_end,550,4924535287310666,0
yield_resumed,550,4924535287402776,0
consume_begin,551,4924535287405856,0
consume_end,551,4924535287406366,0
yield_resumed,551,4924535287466515,0
consume_begin,552,4924535287468185,0
consume_end,552,4924535287468895,0
yield_resumed,552,4924535287559694,0
consume_begin,553,4924535287561914,0
consume_end,553,4924535287562434,0
yield_resumed,553,4924535287644894,0
consume_begin,554,4924535287647284,0
consume_end,554,4924535305161293,0
yield_resumed,554,4924535305225862,0
consume_begin,555,4924535305232812,0
consume_end,555,4924535305233962,0
yield_resumed,555,4924535305287752,0
consume_begin,556,4924535305290922,0
consume_end,556,4924535305291582,0
yield_resumed,556,4924535305364971,0
consume_begin,557,4924535305368861,0
consume_end,557,4924535305369381,0
yield_resumed,557,4924535305478000,0
consume_begin,558,4924535305481610,0
consume_end,558,4924535305482080,0
yield_resumed,558,4924535305578910,0
consume_begin,559,4924535305581610,0
consume_end,559,4924535324744946,0
yield_resumed,559,4924535324802356,0
consume_begin,560,4924535324809516,0
consume_end,560,4924535324810896,0
yield_resumed,560,4924535324860555,0
consume_begin,561,4924535324863045,0
consume_end,561,4924535324863485,0
yield_resumed,561,4924535324933195,0
consume_begin,562,4924535324935785,0
consume_end,562,4924535324936555,0
yield_resumed,562,4924535325032454,0
consume_begin,563,4924535325034394,0
consume_end,563,4924535325034984,0
yield_resumed,563,4924535325118753,0
consume_begin,564,4924535325122453,0
consume_end,564,4924535325123213,0
yield_resumed,564,4924535325230282,0
consume_begin,565,4924535325235302,0
consume_end,565,4924535325235752,0
yield_resumed,565,4924535325341542,0
consume_begin,566,4924535325344322,0
consume_end,566,4924535340085211,0
yield_resumed,566,4924535340138311,0
consume_begin,567,4924535340144711,0
consume_end,567,4924535340145881,0
yield_resumed,567,4924535340194590,0
consume_begin,568,4924535340196620,0
consume_end,568,4924535340197190,0
yield_resumed,568,4924535340259890,0
consume_begin,569,4924535340261900,0
consume_end,569,4924535340262620,0
yield_resumed,569,4924535340356799,0
consume_begin,570,4924535340359999,0
consume_end,570,4924535340360919,0
yield_resumed,570,4924535340431869,0
consume_begin,571,4924535340435219,0
consume_end,571,4924535353908918,0
yield_resumed,571,4924535353971437,0
consume_begin,572,4924535353978017,0
consume_end,572,4924535353979087,0
yield_resumed,572,4924535354033747,0
consume_begin,573,4924535354036517,0
consume_end,573,4924535354037087,0
yield_resumed,573,4924535354105296,0
consume_begin,574,4924535354107526,0
consume_end,574,4924535354107996,0
yield_resumed,574,4924535354213315,0
consume_begin,575,4924535354217405,0
consume_end,575,4924535354217885,0
yield_resumed,575,4924535354303455,0
consume_begin,576,4924535354306925,0
consume_end,576,4924535370645782,0
yield_resumed,576,4924535370682702,0
consume_begin,577,4924535370687402,0
consume_end,577,4924535370688062,0
yield_resumed,577,4924535370736602,0
consume_begin,578,4924535370738962,0
consume_end,578,4924535370739432,0
yield_resumed,578,4924535370810501,0
consume_begin,579,4924535370812141,0
consume_end,579,4924535370812601,0
yield_resumed,579,4924535370909120,0
consume_begin,580,4924535370912610,0
consume_end,580,4924535370913210,0
yield_resumed,580,4924535370994650,0
consume_begin,581,4924535370997720,0
consume_end,581,4924535370998090,0
yield_resumed,581,4924535371096499,0
consume_begin,582,4924535371098439,0
consume_end,582,4924535387019940,0
yield_resumed,582,4924535387080779,0
consume_begin,583,4924535387085679,0
consume_end,583,4924535387086389,0
yield_resumed,583,4924535387124889,0
consume_begin,584,4924535387126519,0
consume_end,584,4924535387126949,0
yield_resumed,584,4924535387186338,0
consume_begin,585,4924535387188018,0
consume_end,585,4924535387188498,0
yield_resumed,585,4924535387275318,0
consume_begin,586,4924535387278458,0
consume_end,586,4924535387279258,0
yield_resumed,586,4924535387373897,0
consume_begin,587,4924535387377387,0
consume_end,587,4924535405087794,0
yield_resumed,587,4924535405142514,0
consume_begin,588,4924535405147014,0
consume_end,588,4924535405147924,0
yield_resumed,588,4924535405197454,0
consume_begin,589,4924535405199624,0
consume_end,589,4924535405200094,0
yield_resumed,589,4924535405271073,0
consume_begin,590,4924535405272823,0
consume_end,590,4924535405273413,0
yield_resumed,590,4924535405362462,0
consume_begin,591,4924535405365422,0
consume_end,591,4924535405365842,0
yield_resumed,591,4924535405453822,0
consume_begin,592,4924535405457572,0
consume_end,592,4924535424359470,0
yield_resumed,592,4924535424402330,0
consume_begin,593,4924535424411420,0
consume_end,593,4924535424412820,0
yield_resumed,593,4924535424464049,0
consume_begin,594,4924535424466369,0
consume_end,594,4924535424466869,0
yield_resumed,594,4924535424536209,0
consume_begin,595,4924535424538489,0
consume_end,595,4924535424538969,0
yield_resumed,595,4924535424640758,0
consume_begin,596,4924535424642288,0
consume_end,596,4924535424642778,0
yield_resumed,596,4924535424696968,0
consume_begin,597,4924535424700878,0
consume_end,597,4924535424701408,0
yield_resumed,597,4924535424797987,0
consume_begin,598,4924535424800527,0
consume_end,598,4924535439353898,0
yield_resumed,598,4924535439413297,0
consume_begin,599,4924535439420847,0
consume_end,599,4924535439421827,0
yield_resumed,599,4924535439476427,0
consume_begin,600,4924535439480687,0
consume_end,600,4924535439481267,0
yield_resumed,600,4924535439552786,0
consume_begin,601,4924535439554716,0
consume_end,601,4924535439555326,0
yield_resumed,601,4924535439652476,0
consume_begin,602,4924535439656156,0
consume_end,602,4924535439656726,0
yield_resumed,602,4924535439744885,0
consume_begin,603,4924535439747885,0
consume_end,603,4924535456138462,0
yield_resumed,603,4924535456196692,0
consume_begin,604,4924535456203662,0
consume_end,604,4924535456204662,0
yield_resumed,604,4924535456270081,0
consume_begin,605,4924535456272401,0
consume_end,605,4924535456272991,0
yield_resumed,605,4924535456353361,0
consume_begin,606,4924535456356830,0
consume_end,606,4924535456357360,0
yield_resumed,606,4924535456435070,0
consume_begin,607,4924535456438110,0
consume_end,607,4924535456438610,0
yield_resumed,607,4924535456518109,0
consume_begin,608,4924535456521369,0
consume_end,608,4924535470173997,0
yield_resumed,608,4924535470216277,0
consume_begin,609,4924535470223297,0
consume_end,609,4924535470224277,0
yield_resumed,609,4924535470280386,0
consume_begin,610,4924535470283516,0
consume_end,610,4924535470284306,0
yield_resumed,610,4924535470357346,0
consume_begin,611,4924535470359186,0
consume_end,611,4924535470359766,0
yield_resumed,611,4924535470421865,0
consume_begin,612,4924535470426215,0
consume_end,612,4924535470426815,0
yield_resumed,612,4924535470514534,0
consume_begin,613,4924535470518954,0
consume_end,613,4924535488895277,0
yield_resumed,613,4924535488934387,0
consume_begin,614,4924535488942146,0
consume_end,614,4924535488943556,0
yield_resumed,614,4924535489010006,0
consume_begin,615,4924535489012486,0
consume_end,615,4924535489013206,0
yield_resumed,615,4924535489095435,0
consume_begin,616,4924535489099035,0
consume_end,616,4924535489099605,0
yield_resumed,616,4924535489199015,0
consume_begin,617,4924535489201105,0
consume_end,617,4924535489201625,0
yield_resumed,617,4924535489288644,0
consume_begin,618,4924535489292894,0
consume_end,618,4924535489293404,0
yield_resumed,618,4924535489381833,0
consume_begin,619,4924535489384833,0
consume_end,619,4924535506548985,0
yield_resumed,619,4924535506597914,0
consume_begin,620,4924535506606184,0
consume_end,620,4924535506607264,0
yield_resumed,620,4924535506654554,0
consume_begin,621,4924535506657684,0
consume_end,621,4924535506658124,0
yield_resumed,621,4924535506708543,0
consume_begin,622,4924535506710713,0
consume_end,622,4924535506711413,0
yield_resumed,622,4924535506809123,0
consume_begin,623,4924535506813613,0
consume_end,623,4924535506814303,0
yield_resumed,623,4924535506907872,0
consume_begin,624,4924535506911572,0
consume_end,624,4924535525062516,0
yield_resumed,624,4924535525121466,0
consume_begin,625,4924535525130596,0
consume_end,625,4924535525131536,0
yield_resumed,625,4924535525180005,0
consume_begin,626,4924535525183265,0
consume_end,626,4924535525183895,0
yield_resumed,626,4924535525258735,0
consume_begin,627,4924535525262965,0
consume_end,627,4924535525263495,0
yield_resumed,627,4924535525359094,0
consume_begin,628,4924535525362674,0
consume_end,628,4924535525363194,0
yield_resumed,628,4924535525453053,0
consume_begin,629,4924535525455903,0
consume_end,629,4924535543770596,0
yield_resumed,629,4924535543834636,0
consume_begin,630,4924535543842355,0
consume_end,630,4924535543843405,0
yield_resumed,630,4924535543905875,0
consume_begin,631,4924535543909035,0
consume_end,631,4924535543909635,0
yield_resumed,631,4924535543997184,0
consume_begin,632,4924535544010224,0
consume_end,632,4924535544010884,0
yield_resumed,632,4924535544098514,0
consume_begin,633,4924535544102684,0
consume_end,633,4924535544103214,0
yield_resumed,633,4924535544191673,0
consume_begin,634,4924535544193743,0
consume_end,634,4924535561931580,0
yield_resumed,634,4924535561989810,0
consume_begin,635,4924535561998620,0
consume_end,635,4924535561999700,0
yield_resumed,635,4924535562066709,0
consume_begin,636,4924535562069389,0
consume_end,636,4924535562070019,0
yield_resumed,636,4924535562141168,0
consume_begin,637,4924535562145028,0
consume_end,637,4924535562145618,0
yield_resumed,637,4924535562246988,0
consume_begin,638,4924535562251118,0
consume_end,638,4924535562251658,0
yield_resumed,638,4924535562309677,0
consume_begin,639,4924535562312817,0
consume_end,639,4924535582134459,0
yield_resumed,639,4924535582178658,0
consume_begin,640,4924535582183748,0
consume_end,640,4924535582184578,0
yield_resumed,640,4924535582229578,0
consume_begin,641,4924535582231708,0
consume_end,641,4924535582232188,0
yield_resumed,641,4924535582303817,0
consume_begin,642,4924535582305987,0
consume_end,642,4924535582306557,0
yield_resumed,642,4924535582398437,0
consume_begin,643,4924535582401247,0
consume_end,643,4924535582401837,0
yield_resumed,643,4924535582481476,0
consume_begin,644,4924535582483816,0
consume_end,644,4924535582484336,0
yield_resumed,644,4924535582530946,0
consume_begin,645,4924535582532686,0
consume_end,645,4924535602495836,0
yield_resumed,645,4924535602533156,0
consume_begin,646,4924535602540436,0
consume_end,646,4924535602541506,0
yield_resumed,646,4924535602590736,0
consume_begin,647,4924535602594886,0
consume_end,647,4924535602595396,0
yield_resumed,647,4924535602660415,0
consume_begin,648,4924535602663495,0
consume_end,648,4924535602664195,0
yield_resumed,648,4924535602762174,0
consume_begin,649,4924535602763804,0
consume_end,649,4924535602764494,0
yield_resumed,649,4924535602845404,0
consume_begin,650,4924535602851064,0
consume_end,650,4924535602851954,0
yield_resumed,650,4924535602932913,0
consume_begin,651,4924535602935853,0
consume_end,651,4924535621077147,0
yield_resumed,651,4924535621144087,0
consume_begin,652,4924535621149537,0
consume_end,652,4924535621150477,0
yield_resumed,652,4924535621193786,0
consume_begin,653,4924535621195776,0
consume_end,653,4924535621196266,0
yield_resumed,653,4924535621256026,0
consume_begin,654,4924535621258836,0
consume_end,654,4924535621259506,0
yield_resumed,654,4924535621378685,0
consume_begin,655,4924535621383695,0
consume_end,655,4924535621384265,0
yield_resumed,655,4924535621497634,0
consume_begin,656,4924535621502104,0
consume_end,656,4924535621503114,0
yield_resumed,656,4924535621597873,0
consume_begin,657,4924535621600813,0
consume_end,657,4924535641052637,0
yield_resumed,657,4924535641115437,0
consume_begin,658,4924535641122937,0
consume_end,658,4924535641123857,0
yield_resumed,658,4924535641185216,0
consume_begin,659,4924535641187666,0
consume_end,659,4924535641188156,0
yield_resumed,659,4924535641247926,0
consume_begin,660,4924535641250496,0
consume_end,660,4924535641250956,0
yield_resumed,660,4924535641362995,0
consume_begin,661,4924535641366655,0
consume_end,661,4924535641367205,0
yield_resumed,661,4924535641458234,0
consume_begin,662,4924535641462334,0
consume_end,662,4924535660663181,0
yield_resumed,662,4924535660706930,0
consume_begin,663,4924535660714700,0
consume_end,663,4924535660715840,0
yield_resumed,663,4924535660767140,0
consume_begin,664,4924535660769790,0
consume_end,664,4924535660770650,0
yield_resumed,664,4924535660835169,0
consume_begin,665,4924535660836889,0
consume_end,665,4924535660837709,0
yield_resumed,665,4924535660927299,0
consume_begin,666,4924535660931029,0
consume_end,666,4924535660931719,0
yield_resumed,666,4924535660988758,0
consume_begin,667,4924535660991688,0
consume_end,667,4924535679261461,0
yield_resumed,667,4924535679306761,0
consume_begin,668,4924535679316461,0
consume_end,668,4924535679317581,0
yield_resumed,668,4924535679366891,0
consume_begin,669,4924535679369131,0
consume_end,669,4924535679369651,0
yield_resumed,669,4924535679436390,0
consume_begin,670,4924535679438050,0
consume_end,670,4924535679438870,0
yield_resumed,670,4924535679523220,0
consume_begin,671,4924535679525879,0
consume_end,671,4924535679526329,0
yield_resumed,671,4924535679563579,0
consume_begin,672,4924535679566649,0
consume_end,672,4924535679567069,0
yield_resumed,672,4924535679640449,0
consume_begin,673,4924535679643469,0
consume_end,673,4924535696105485,0
yield_resumed,673,4924535696159315,0
consume_begin,674,4924535696167605,0
consume_end,674,4924535696168765,0
yield_resumed,674,4924535696212995,0
consume_begin,675,4924535696215835,0
consume_end,675,4924535696216525,0
yield_resumed,675,4924535696283554,0
consume_begin,676,4924535696285264,0
consume_end,676,4924535696285874,0
yield_resumed,676,4924535696368283,0
consume_begin,677,4924535696372523,0
consume_end,677,4924535696373173,0
yield_resumed,677,4924535696451693,0
consume_begin,678,4924535696455383,0
consume_end,678,4924535716828430,0
yield_resumed,678,4924535716864900,0
consume_begin,679,4924535716870400,0
consume_end,679,4924535716871310,0
yield_resumed,679,4924535716916699,0
consume_begin,680,4924535716918739,0
consume_end,680,4924535716919289,0
yield_resumed,680,4924535716990609,0
consume_begin,681,4924535716991959,0
consume_end,681,4924535716992449,0
yield_resumed,681,4924535717088258,0
consume_begin,682,4924535717090968,0
consume_end,682,4924535717091698,0
yield_resumed,682,4924535717146768,0
consume_begin,683,4924535717150488,0
consume_end,683,4924535737342817,0
yield_resumed,683,4924535737378406,0
consume_begin,684,4924535737383966,0
consume_end,684,4924535737384806,0
yield_resumed,684,4924535737428436,0
consume_begin,685,4924535737431126,0
consume_end,685,4924535737431626,0
yield_resumed,685,4924535737492885,0
consume_begin,686,4924535737494775,0
consume_end,686,4924535737495425,0
yield_resumed,686,4924535737576395,0
consume_begin,687,4924535737579025,0
consume_end,687,4924535737579565,0
yield_resumed,687,4924535737665634,0
consume_begin,688,4924535737668414,0
consume_end,688,4924535756996519,0
yield_resumed,688,4924535757066769,0
consume_begin,689,4924535757072709,0
consume_end,689,4924535757073629,0
yield_resumed,689,4924535757122208,0
consume_begin,690,4924535757125698,0
consume_end,690,4924535757126338,0
yield_resumed,690,4924535757192718,0
consume_begin,691,4924535757194908,0
consume_end,691,4924535757195598,0
yield_resumed,691,4924535757279907,0
consume_begin,692,4924535757284987,0
consume_end,692,4924535757285637,0
yield_resumed,692,4924535757370407,0
consume_begin,693,4924535757373167,0
consume_end,693,4924535774897105,0
yield_resumed,693,4924535774965575,0
consume_begin,694,4924535774974835,0
consume_end,694,4924535774975785,0
yield_resumed,694,4924535775031394,0
consume_begin,695,4924535775034464,0
consume_end,695,4924535775035244,0
yield_resumed,695,4924535775100404,0
consume_begin,696,4924535775103254,0
consume_end,696,4924535775104224,0
yield_resumed,696,4924535775199783,0
consume_begin,697,4924535775202383,0
consume_end,697,4924535775203063,0
yield_resumed,697,4924535775291702,0
consume_begin,698,4924535775294312,0
consume_end,698,4924535775294992,0
yield_resumed,698,4924535775380202,0
consume_begin,699,4924535775382542,0
consume_end,699,4924535792268755,0
yield_resumed,699,4924535792311575,0
consume_begin,700,4924535792320215,0
consume_end,700,4924535792321365,0
yield_resumed,700,4924535792375594,0
consume_begin,701,4924535792378314,0
consume_end,701,4924535792378904,0
yield_resumed,701,4924535792452324,0
consume_begin,702,4924535792456004,0
consume_end,702,4924535792456674,0
yield_resumed,702,4924535792557993,0
consume_begin,703,4924535792560453,0
consume_end,703,4924535792561033,0
yield_resumed,703,4924535792654972,0
consume_begin,704,4924535792658112,0
consume_end,704,4924535810557348,0
yield_resumed,704,4924535810589548,0
consume_begin,705,4924535810596638,0
consume_end,705,4924535810597508,0
yield_resumed,705,4924535810647918,0
consume_begin,706,4924535810650858,0
consume_end,706,4924535810651578,0
yield_resumed,706,4924535810725137,0
consume_begin,707,4924535810728037,0
consume_end,707,4924535810728757,0
yield_resumed,707,4924535810828246,0
consume_begin,708,4924535810831896,0
consume_end,708,4924535810832576,0
yield_resumed,708,4924535810883626,0
consume_begin,709,4924535810886656,0
consume_end,709,4924535830546539,0
yield_resumed,709,4924535830615568,0
consume_begin,710,4924535830628498,0
consume_end,710,4924535830629878,0
yield_resumed,710,4924535830706277,0
consume_begin,711,4924535830709727,0
consume_end,711,4924535830710357,0
yield_resumed,711,4924535830779057,0
consume_begin,712,4924535830782417,0
consume_end,712,4924535830782947,0
yield_resumed,712,4924535830873446,0
consume_begin,713,4924535830875926,0
consume_end,713,4924535830876516,0
yield_resumed,713,4924535830961226,0
consume_begin,714,4924535830963816,0
consume_end,714,4924535830964406,0
yield_resumed,714,4924535831059675,0
consume_begin,715,4924535831063125,0
consume_end,715,4924535831063845,0
yield_resumed,715,4924535831141034,0
consume_begin,716,4924535831143804,0
consume_end,716,4924535845884514,0
yield_resumed,716,4924535845947883,0
consume_begin,717,4924535845955943,0
consume_end,717,4924535845957063,0
yield_resumed,717,4924535846013693,0
consume_begin,718,4924535846016643,0
consume_end,718,4924535846017403,0
yield_resumed,718,4924535846089382,0
consume_begin,719,4924535846093302,0
consume_end,719,4924535846094012,0
yield_resumed,719,4924535846196161,0
consume_begin,720,4924535846200801,0
consume_end,720,4924535846201431,0
yield_resumed,720,4924535846297141,0
consume_begin,721,4924535846300501,0
consume_end,721,4924535858154872,0
yield_resumed,721,4924535858209602,0
consume_begin,722,4924535858215222,0
consume_end,722,4924535858216072,0
yield_resumed,722,4924535858258601,0
consume_begin,723,4924535858261151,0
consume_end,723,4924535858261701,0
yield_resumed,723,4924535858317491,0
consume_begin,724,4924535858319361,0
consume_end,724,4924535858319881,0
yield_resumed,724,4924535858397970,0
consume_begin,725,4924535858401520,0
consume_end,725,4924535858402040,0
yield_resumed,725,4924535858495789,0
consume_begin,726,4924535858498889,0
consume_end,726,4924535872932061,0
yield_resumed,726,4924535872973881,0
consume_begin,727,4924535872979251,0
consume_end,727,4924535872980111,0
yield_resumed,727,4924535873029221,0
consume_begin,728,4924535873032151,0
consume_end,728,4924535873032811,0
yield_resumed,728,4924535873092740,0
consume_begin,729,4924535873094080,0
consume_end,729,4924535873094600,0
yield_resumed,729,4924535873175789,0
consume_begin,730,4924535873178719,0
consume_end,730,4924535873179559,0
yield_resumed,730,4924535873265329,0
consume_begin,731,4924535873269249,0
consume_end,731,4924535886214982,0
yield_resumed,731,4924535886254131,0
consume_begin,732,4924535886259991,0
consume_end,732,4924535886260831,0
yield_resumed,732,4924535886306221,0
consume_begin,733,4924535886309011,0
consume_end,733,4924535886309541,0
yield_resumed,733,4924535886382340,0
consume_begin,734,4924535886385410,0
consume_end,734,4924535886385960,0
yield_resumed,734,4924535886475990,0
consume_begin,735,4924535886479690,0
consume_end,735,4924535902599769,0
yield_resumed,735,4924535902664979,0
consume_begin,736,4924535902674769,0
consume_end,736,4924535902676148,0
yield_resumed,736,4924535902746128,0
consume_begin,737,4924535902747888,0
consume_end,737,4924535902748448,0
yield_resumed,737,4924535902821797,0
consume_begin,738,4924535902824287,0
consume_end,738,4924535902824877,0
yield_resumed,738,4924535902881497,0
consume_begin,739,4924535902884007,0
consume_end,739,4924535902884567,0
yield_resumed,739,4924535902962496,0
consume_begin,740,4924535902965976,0
consume_end,740,4924535919755591,0
yield_resumed,740,4924535919798560,0
consume_begin,741,4924535919805160,0
consume_end,741,4924535919806130,0
yield_resumed,741,4924535919857750,0
consume_begin,742,4924535919858830,0
consume_end,742,4924535919859440,0
yield_resumed,742,4924535919915669,0
consume_begin,743,4924535919918899,0
consume_end,743,4924535919919609,0
yield_resumed,743,4924535920018099,0
consume_begin,744,4924535920022129,0
consume_end,744,4924535920022949,0
yield_resumed,744,4924535920109878,0
consume_begin,745,4924535920114088,0
consume_end,745,4924535920115048,0
yield_resumed,745,4924535920194827,0
consume_begin,746,4924535920197607,0
consume_end,746,4924535920198217,0
yield_resumed,746,4924535920260957,0
consume_begin,747,4924535920264017,0
consume_end,747,4924535939299314,0
yield_resumed,747,4924535939367964,0
consume_begin,748,4924535939376994,0
consume_end,748,4924535939377884,0
yield_resumed,748,4924535939425403,0
consume_begin,749,4924535939427013,0
consume_end,749,4924535939427603,0
yield_resumed,749,4924535939507093,0
consume_begin,750,4924535939512013,0
consume_end,750,4924535939512753,0
yield_resumed,750,4924535939620292,0
consume_begin,751,4924535939623002,0
consume_end,751,4924535939624002,0
yield_resumed,751,4924535939713771,0
consume_begin,752,4924535939716161,0
consume_end,752,4924535939716631,0
yield_resumed,752,4924535939784211,0
consume_begin,753,4924535939785351,0
consume_end,753,4924535957985304,0
yield_resumed,753,4924535958057184,0
consume_begin,754,4924535958065134,0
consume_end,754,4924535958066264,0
yield_resumed,754,4924535958106693,0
consume_begin,755,4924535958109543,0
consume_end,755,4924535958110153,0
yield_resumed,755,4924535958184653,0
consume_begin,756,4924535958188393,0
consume_end,756,4924535958189003,0
yield_resumed,756,4924535958281222,0
consume_begin,757,4924535958284282,0
consume_end,757,4924535958284892,0
yield_resumed,757,4924535958354002,0
consume_begin,758,4924535958355892,0
consume_end,758,4924535958356502,0
yield_resumed,758,4924535958439661,0
consume_begin,759,4924535958442231,0
consume_end,759,4924535977905525,0
yield_resumed,759,4924535977945375,0
consume_begin,760,4924535977954625,0
consume_end,760,4924535977955855,0
yield_resumed,760,4924535978011515,0
consume_begin,761,4924535978015974,0
consume_end,761,4924535978016724,0
yield_resumed,761,4924535978087584,0
consume_begin,762,4924535978090544,0
consume_end,762,4924535978091414,0
yield_resumed,762,4924535978186183,0
consume_begin,763,4924535978191593,0
consume_end,763,4924535978192253,0
yield_resumed,763,4924535978283542,0
consume_begin,764,4924535978285662,0
consume_end,764,4924535978286272,0
yield_resumed,764,4924535978379452,0
consume_begin,765,4924535978383482,0
consume_end,765,4924535996740534,0
yield_resumed,765,4924535996781094,0
consume_begin,766,4924535996787404,0
consume_end,766,4924535996788284,0
yield_resumed,766,4924535996834173,0
consume_begin,767,4924535996836933,0
consume_end,767,4924535996837473,0
yield_resumed,767,4924535996901633,0
consume_begin,768,4924535996903873,0
consume_end,768,4924535996904593,0
yield_resumed,768,4924535996998472,0
consume_begin,769,4924535997009592,0
consume_end,769,4924535997010492,0
yield_resumed,769,4924535997092161,0
consume_begin,770,4924535997096331,0
consume_end,770,4924536016430877,0
yield_resumed,770,4924536016498496,0
consume_begin,771,4924536016505696,0
consume_end,771,4924536016506526,0
yield_resumed,771,4924536016550766,0
consume_begin,772,4924536016553446,0
consume_end,772,4924536016553976,0
yield_resumed,772,4924536016620985,0
consume_begin,773,4924536016623765,0
consume_end,773,4924536016624365,0
yield_resumed,773,4924536016721395,0
consume_begin,774,4924536016722965,0
consume_end,774,4924536016723585,0
yield_resumed,774,4924536016801814,0
consume_begin,775,4924536016806194,0
consume_end,775,4924536016806904,0
yield_resumed,775,4924536016899833,0
consume_begin,776,4924536016904843,0
consume_end,776,4924536035888751,0
yield_resumed,776,4924536035950541,0
consume_begin,777,4924536035959901,0
consume_end,777,4924536035961341,0
yield_resumed,777,4924536036019150,0
consume_begin,778,4924536036021490,0
consume_end,778,4924536036022060,0
yield_resumed,778,4924536036090090,0
consume_begin,779,4924536036092050,0
consume_end,779,4924536036092780,0
yield_resumed,779,4924536036196659,0
consume_begin,780,4924536036202019,0
consume_end,780,4924536036202739,0
yield_resumed,780,4924536036284678,0
consume_begin,781,4924536036288328,0
consume_end,781,4924536036288988,0
yield_resumed,781,4924536036377597,0
consume_begin,782,4924536036380357,0
consume_end,782,4924536052404437,0
yield_resumed,782,4924536052456417,0
consume_begin,783,4924536052462577,0
consume_end,783,4924536052463617,0
yield_resumed,783,4924536052503537,0
consume_begin,784,4924536052505567,0
consume_end,784,4924536052506147,0
yield_resumed,784,4924536052557106,0
consume_begin,785,4924536052559456,0
consume_end,785,4924536052560046,0
yield_resumed,785,4924536052645376,0
consume_begin,786,4924536052648416,0
consume_end,786,4924536052649176,0
yield_resumed,786,4924536052723605,0
consume_begin,787,4924536052726745,0
consume_end,787,4924536063406665,0
yield_resumed,787,4924536063436865,0
consume_begin,788,4924536063446605,0
consume_end,788,4924536063447835,0
yield_resumed,788,4924536063506144,0
consume_begin,789,4924536063509494,0
consume_end,789,4924536063510134,0
yield_resumed,789,4924536063580884,0
consume_begin,790,4924536063583944,0
consume_end,790,4924536063585354,0
yield_resumed,790,4924536063670663,0
consume_begin,791,4924536063675753,0
consume_end,791,4924536063676353,0
yield_resumed,791,4924536063745642,0
consume_begin,792,4924536063748522,0
consume_end,792,4924536073845017,0
yield_resumed,792,4924536073881887,0
consume_begin,793,4924536073890296,0
consume_end,793,4924536073891056,0
yield_resumed,793,4924536073933336,0
consume_begin,794,4924536073936016,0
consume_end,794,4924536073936936,0
yield_resumed,794,4924536074009626,0
consume_begin,795,4924536074014026,0
consume_end,795,4924536074014716,0
yield_resumed,795,4924536074086805,0
consume_begin,796,4924536074089935,0
consume_end,796,4924536074090775,0
yield_resumed,796,4924536074126235,0
consume_begin,797,4924536074128535,0
consume_end,797,4924536083897422,0
yield_resumed,797,4924536083951441,0
consume_begin,798,4924536083961461,0
consume_end,798,4924536083962831,0
yield_resumed,798,4924536084016861,0
consume_begin,799,4924536084019211,0
consume_end,799,4924536084019881,0
yield_resumed,799,4924536084077570,0
consume_begin,800,4924536084080500,0
consume_end,800,4924536084081300,0
yield_resumed,800,4924536084147130,0
consume_begin,801,4924536084150500,0
consume_end,801,4924536084151170,0
yield_resumed,801,4924536084219249,0
consume_begin,802,4924536084221709,0
consume_end,802,4924536095214867,0
yield_resumed,802,4924536095241077,0
consume_begin,803,4924536095249277,0
consume_end,803,4924536095250297,0
yield_resumed,803,4924536095293276,0
consume_begin,804,4924536095296346,0
consume_end,804,4924536095296966,0
yield_resumed,804,4924536095350906,0
consume_begin,805,4924536095354206,0
consume_end,805,4924536095354916,0
yield_resumed,805,4924536095434975,0
consume_begin,806,4924536095438235,0
consume_end,806,4924536095438835,0
yield_resumed,806,4924536095485835,0
consume_begin,807,4924536095487945,0
consume_end,807,4924536095488555,0
yield_resumed,807,4924536095562224,0
consume_begin,808,4924536095564274,0
consume_end,808,4924536106048066,0
yield_resumed,808,4924536106099955,0
consume_begin,809,4924536106109815,0
consume_end,809,4924536106110965,0
yield_resumed,809,4924536106157365,0
consume_begin,810,4924536106160655,0
consume_end,810,4924536106161355,0
yield_resumed,810,4924536106216055,0
consume_begin,811,4924536106219714,0
consume_end,811,4924536106220434,0
yield_resumed,811,4924536106287074,0
consume_begin,812,4924536106290214,0
consume_end,812,4924536106290954,0
yield_resumed,812,4924536106359733,0
consume_begin,813,4924536106363143,0
consume_end,813,4924536116212050,0
yield_resumed,813,4924536116262889,0
consume_begin,814,4924536116272039,0
consume_end,814,4924536116272849,0
yield_resumed,814,4924536116326009,0
consume_begin,815,4924536116329139,0
consume_end,815,4924536116329959,0
yield_resumed,815,4924536116381828,0
consume_begin,816,4924536116385088,0
consume_end,816,4924536116385958,0
yield_resumed,816,4924536116454688,0
consume_begin,817,4924536116457488,0
consume_end,817,4924536116458218,0
yield_resumed,817,4924536116521187,0
consume_begin,818,4924536116523977,0
consume_end,818,4924536138407293,0
yield_resumed,818,4924536138470573,0
consume_begin,819,4924536138480223,0
consume_end,819,4924536138481423,0
yield_resumed,819,4924536138525373,0
consume_begin,820,4924536138528363,0
consume_end,820,4924536138529133,0
yield_resumed,820,4924536138583802,0
consume_begin,821,4924536138586492,0
consume_end,821,4924536138587232,0
yield_resumed,821,4924536138673791,0
consume_begin,822,4924536138677001,0
consume_end,822,4924536138677621,0
yield_resumed,822,4924536138766741,0
consume_begin,823,4924536138769931,0
consume_end,823,4924536138770601,0
yield_resumed,823,4924536138849370,0
consume_begin,824,4924536138852070,0
consume_end,824,4924536138853000,0
yield_resumed,824,4924536138954299,0
consume_begin,825,4924536138957209,0
consume_end,825,4924536138957859,0
yield_resumed,825,4924536139073889,0
consume_begin,826,4924536139078148,0
consume_end,826,4924536157434301,0
yield_resumed,826,4924536157501840,0
consume_begin,827,4924536157508540,0
consume_end,827,4924536157509400,0
yield_resumed,827,4924536157554700,0
consume_begin,828,4924536157557510,0
consume_end,828,4924536157558090,0
yield_resumed,828,4924536157615880,0
consume_begin,829,4924536157618400,0
consume_end,829,4924536157619070,0
yield_resumed,829,4924536157695359,0
consume_begin,830,4924536157698199,0
consume_end,830,4924536157698869,0
yield_resumed,830,4924536157781378,0
consume_begin,831,4924536157784458,0
consume_end,831,4924536169740379,0
yield_resumed,831,4924536169802118,0
consume_begin,832,4924536169808768,0
consume_end,832,4924536169809758,0
yield_resumed,832,4924536169850828,0
consume_begin,833,4924536169852668,0
consume_end,833,4924536169853168,0
yield_resumed,833,4924536169913208,0
consume_begin,834,4924536169916027,0
consume_end,834,4924536169916527,0
yield_resumed,834,4924536169992927,0
consume_begin,835,4924536169995907,0
consume_end,835,4924536169996477,0
yield_resumed,835,4924536170088086,0
consume_begin,836,4924536170090596,0
consume_end,836,4924536184203340,0
yield_resumed,836,4924536184265170,0
consume_begin,837,4924536184272010,0
consume_end,837,4924536184272640,0
yield_resumed,837,4924536184318250,0
consume_begin,838,4924536184320850,0
consume_end,838,4924536184321430,0
yield_resumed,838,4924536184376109,0
consume_begin,839,4924536184379399,0
consume_end,839,4924536184379989,0
yield_resumed,839,4924536184466578,0
consume_begin,840,4924536184470648,0
consume_end,840,4924536184471398,0
yield_resumed,840,4924536184577958,0
consume_begin,841,4924536184580568,0
consume_end,841,4924536184581228,0
yield_resumed,841,4924536184666407,0
consume_begin,842,4924536184668897,0
consume_end,842,4924536203886433,0
yield_resumed,842,4924536203953113,0
consume_begin,843,4924536203962153,0
consume_end,843,4924536203963203,0
yield_resumed,843,4924536204016342,0
consume_begin,844,4924536204019772,0
consume_end,844,4924536204020442,0
yield_resumed,844,4924536204080172,0
consume_begin,845,4924536204083602,0
consume_end,845,4924536204084282,0
yield_resumed,845,4924536204174661,0
consume_begin,846,4924536204176471,0
consume_end,846,4924536204177081,0
yield_resumed,846,4924536204261400,0
consume_begin,847,4924536204265760,0
consume_end,847,4924536204266350,0
yield_resumed,847,4924536204367790,0
consume_begin,848,4924536204371639,0
consume_end,848,4924536218131106,0
yield_resumed,848,4924536218162256,0
consume_begin,849,4924536218169266,0
consume_end,849,4924536218170416,0
yield_resumed,849,4924536218216896,0
consume_begin,850,4924536218219896,0
consume_end,850,4924536218220616,0
yield_resumed,850,4924536218264325,0
consume_begin,851,4924536218266205,0
consume_end,851,4924536218266815,0
yield_resumed,851,4924536218343025,0
consume_begin,852,4924536218346975,0
consume_end,852,4924536236095712,0
yield_resumed,852,4924536236155091,0
consume_begin,853,4924536236164111,0
consume_end,853,4924536236165271,0
yield_resumed,853,4924536236232041,0
consume_begin,854,4924536236234631,0
consume_end,854,4924536236235421,0
yield_resumed,854,4924536236319010,0
consume_begin,855,4924536236322380,0
consume_end,855,4924536236323160,0
yield_resumed,855,4924536236372170,0
consume_begin,856,4924536236373450,0
consume_end,856,4924536236374310,0
yield_resumed,856,4924536236449859,0
consume_begin,857,4924536236453009,0
consume_end,857,4924536236453509,0
yield_resumed,857,4924536236529409,0
consume_begin,858,4924536236531479,0
consume_end,858,4924536251768835,0
yield_resumed,858,4924536251821714,0
consume_begin,859,4924536251829044,0
consume_end,859,4924536251829954,0
yield_resumed,859,4924536251866924,0
consume_begin,860,4924536251869634,0
consume_end,860,4924536251870224,0
yield_resumed,860,4924536251938713,0
consume_begin,861,4924536251941043,0
consume_end,861,4924536251941813,0
yield_resumed,861,4924536252017143,0
consume_begin,862,4924536252019823,0
consume_end,862,4924536252020553,0
yield_resumed,862,4924536252109062,0
consume_begin,863,4924536252113092,0
consume_end,863,4924536264949036,0
yield_resumed,863,4924536265027125,0
consume_begin,864,4924536265038365,0
consume_end,864,4924536265039555,0
yield_resumed,864,4924536265090545,0
consume_begin,865,4924536265093995,0
consume_end,865,4924536265094995,0
yield_resumed,865,4924536265168544,0
consume_begin,866,4924536265171994,0
consume_end,866,4924536265172824,0
yield_resumed,866,4924536265268314,0
consume_begin,867,4924536265272044,0
consume_end,867,4924536265272844,0
yield_resumed,867,4924536265365223,0
consume_begin,868,4924536265367673,0
consume_end,868,4924536265368203,0
yield_resumed,868,4924536265459672,0
consume_begin,869,4924536265461712,0
consume_end,869,4924536283314238,0
yield_resumed,869,4924536283352708,0
consume_begin,870,4924536283363378,0
consume_end,870,4924536283364598,0
yield_resumed,870,4924536283419478,0
consume_begin,871,4924536283422828,0
consume_end,871,4924536283423608,0
yield_resumed,871,4924536283491317,0
consume_begin,872,4924536283493207,0
consume_end,872,4924536283493847,0
yield_resumed,872,4924536283585536,0
consume_begin,873,4924536283588776,0
consume_end,873,4924536283589416,0
yield_resumed,873,4924536283679356,0
consume_begin,874,4924536283682886,0
consume_end,874,4924536300540349,0
yield_resumed,874,4924536300609359,0
consume_begin,875,4924536300620199,0
consume_end,875,4924536300621429,0
yield_resumed,875,4924536300671058,0
consume_begin,876,4924536300674058,0
consume_end,876,4924536300674858,0
yield_resumed,876,4924536300747458,0
consume_begin,877,4924536300751388,0
consume_end,877,4924536300752108,0
yield_resumed,877,4924536300848187,0
consume_begin,878,4924536300851647,0
consume_end,878,4924536300852287,0
yield_resumed,878,4924536300936327,0
consume_begin,879,4924536300940786,0
consume_end,879,4924536300941706,0
yield_resumed,879,4924536301042006,0
consume_begin,880,4924536301044856,0
consume_end,880,4924536316907917,0
yield_resumed,880,4924536316961666,0
consume_begin,881,4924536316968366,0
consume_end,881,4924536316969456,0
yield_resumed,881,4924536317023816,0
consume_begin,882,4924536317026556,0
consume_end,882,4924536317027216,0
yield_resumed,882,4924536317077746,0
consume_begin,883,4924536317080456,0
consume_end,883,4924536317081196,0
yield_resumed,883,4924536317168955,0
consume_begin,884,4924536317174205,0
consume_end,884,4924536317174875,0
yield_resumed,884,4924536317266334,0
consume_begin,885,4924536317270314,0
consume_end,885,4924536335922034,0
yield_resumed,885,4924536335960174,0
consume_begin,886,4924536335966634,0
consume_end,886,4924536335967554,0
yield_resumed,886,4924536336019444,0
consume_begin,887,4924536336022184,0
consume_end,887,4924536336022784,0
yield_resumed,887,4924536336087963,0
consume_begin,888,4924536336089953,0
consume_end,888,4924536336090593,0
yield_resumed,888,4924536336192252,0
consume_begin,889,4924536336195862,0
consume_end,889,4924536336196522,0
yield_resumed,889,4924536336317651,0
consume_begin,890,4924536336319861,0
consume_end,890,4924536350809063,0
yield_resumed,890,4924536350882013,0
consume_begin,891,4924536350892562,0
consume_end,891,4924536350893812,0
yield_resumed,891,4924536350929062,0
consume_begin,892,4924536350931612,0
consume_end,892,4924536350932212,0
yield_resumed,892,4924536351011112,0
consume_begin,893,4924536351013862,0
consume_end,893,4924536351014762,0
yield_resumed,893,4924536351113171,0
consume_begin,894,4924536351116671,0
consume_end,894,4924536351117491,0
yield_resumed,894,4924536351209510,0
consume_begin,895,4924536351212790,0
consume_end,895,4924536351213570,0
yield_resumed,895,4924536351290259,0
consume_begin,896,4924536351293129,0
consume_end,896,4924536370435796,0
yield_resumed,896,4924536370469416,0
consume_begin,897,4924536370478866,0
consume_end,897,4924536370480056,0
yield_resumed,897,4924536370528435,0
consume_begin,898,4924536370531965,0
consume_end,898,4924536370532715,0
yield_resumed,898,4924536370605385,0
consume_begin,899,4924536370608835,0
consume_end,899,4924536370609665,0
yield_resumed,899,4924536370713764,0
consume_begin,900,4924536370716254,0
consume_end,900,4924536370716924,0
yield_resumed,900,4924536370803293,0
consume_begin,901,4924536370806863,0
consume_end,901,4924536370807633,0
yield_resumed,901,4924536370902922,0
consume_begin,902,4924536370906512,0
consume_end,902,4924536387809446,0
yield_resumed,902,4924536387880465,0
consume_begin,903,4924536387890665,0
consume_end,903,4924536387891895,0
yield_resumed,903,4924536387941245,0
consume_begin,904,4924536387944655,0
consume_end,904,4924536387945505,0
yield_resumed,904,4924536388033184,0
consume_begin,905,4924536388035224,0
consume_end,905,4924536388035934,0
yield_resumed,905,4924536388132813,0
consume_begin,906,4924536388137413,0
consume_end,906,4924536388138343,0
yield_resumed,906,4924536388231063,0
consume_begin,907,4924536388234983,0
consume_end,907,4924536406779244,0
yield_resumed,907,4924536406841843,0
consume_begin,908,4924536406849613,0
consume_end,908,4924536406850783,0
yield_resumed,908,4924536406895233,0
consume_begin,909,4924536406898393,0
consume_end,909,4924536406899183,0
yield_resumed,909,4924536406975272,0
consume_begin,910,4924536406976932,0
consume_end,910,4924536406977852,0
yield_resumed,910,4924536407077902,0
consume_begin,911,4924536407081602,0
consume_end,911,4924536407082382,0
yield_resumed,911,4924536407172261,0
consume_begin,912,4924536407176091,0
consume_end,912,4924536425930541,0
yield_resumed,912,4924536426006460,0
consume_begin,913,4924536426018070,0
consume_end,913,4924536426019360,0
yield_resumed,913,4924536426071269,0
consume_begin,914,4924536426074279,0
consume_end,914,4924536426075159,0
yield_resumed,914,4924536426147739,0
consume_begin,915,4924536426149389,0
consume_end,915,4924536426150269,0
yield_resumed,915,4924536426240778,0
consume_begin,916,4924536426243878,0
consume_end,916,4924536426244828,0
yield_resumed,916,4924536426335198,0
consume_begin,917,4924536426338377,0
consume_end,917,4924536446790044,0
yield_resumed,917,4924536446836474,0
consume_begin,918,4924536446847594,0
consume_end,918,4924536446848834,0
yield_resumed,918,4924536446892944,0
consume_begin,919,4924536446895944,0
consume_end,919,4924536446896774,0
yield_resumed,919,4924536446970003,0
consume_begin,920,4924536446973313,0
consume_end,920,4924536446974083,0
yield_resumed,920,4924536447078522,0
consume_begin,921,4924536447082602,0
consume_end,921,4924536447083402,0
yield_resumed,921,4924536447141322,0
consume_begin,922,4924536447144542,0
consume_end,922,4924536447145562,0
yield_resumed,922,4924536447234441,0
consume_begin,923,4924536447237921,0
consume_end,923,4924536447238671,0
yield_resumed,923,4924536447330920,0
consume_begin,924,4924536447333670,0
consume_end,924,4924536447334430,0
yield_resumed,924,4924536447415990,0
consume_begin,925,4924536447418430,0
consume_end,925,4924536466706695,0
yield_resumed,925,4924536466771945,0
consume_begin,926,4924536466782955,0
consume_end,926,4924536466784505,0
yield_resumed,926,4924536466828424,0
consume_begin,927,4924536466830594,0
consume_end,927,4924536466831324,0
yield_resumed,927,4924536466903524,0
consume_begin,928,4924536466908154,0
consume_end,928,4924536466908954,0
yield_resumed,928,4924536467010483,0
consume_begin,929,4924536467014223,0
consume_end,929,4924536467015043,0
yield_resumed,929,4924536467105192,0
consume_begin,930,4924536467112742,0
consume_end,930,4924536486124380,0
yield_resumed,930,4924536486163470,0
consume_begin,931,4924536486170069,0
consume_end,931,4924536486171019,0
yield_resumed,931,4924536486210189,0
consume_begin,932,4924536486211999,0
consume_end,932,4924536486212719,0
yield_resumed,932,4924536486292079,0
consume_begin,933,4924536486295039,0
consume_end,933,4924536486295779,0
yield_resumed,933,4924536486368548,0
consume_begin,934,4924536486373188,0
consume_end,934,4924536486374018,0
yield_resumed,934,4924536486429768,0
consume_begin,935,4924536486432868,0
consume_end,935,4924536504668851,0
yield_resumed,935,4924536504739780,0
consume_begin,936,4924536504747030,0
consume_end,936,4924536504747970,0
yield_resumed,936,4924536504791810,0
consume_begin,937,4924536504794320,0
consume_end,937,4924536504794980,0
yield_resumed,937,4924536504851520,0
consume_begin,938,4924536504853560,0
consume_end,938,4924536504854340,0
yield_resumed,938,4924536504929409,0
consume_begin,939,4924536504933109,0
consume_end,939,4924536504933889,0
yield_resumed,939,4924536505027538,0
consume_begin,940,4924536505031788,0
consume_end,940,4924536525275887,0
yield_resumed,940,4924536525316526,0
consume_begin,941,4924536525326456,0
consume_end,941,4924536525327696,0
yield_resumed,941,4924536525370806,0
consume_begin,942,4924536525372736,0
consume_end,942,4924536525373596,0
yield_resumed,942,4924536525448375,0
consume_begin,943,4924536525451995,0
consume_end,943,4924536525452855,0
yield_resumed,943,4924536525545065,0
consume_begin,944,4924536525549195,0
consume_end,944,4924536525550065,0
yield_resumed,944,4924536525605254,0
consume_begin,945,4924536525609264,0
consume_end,945,4924536542524458,0
yield_resumed,945,4924536542557517,0
consume_begin,946,4924536542564197,0
consume_end,946,4924536542565037,0
yield_resumed,946,4924536542616107,0
consume_begin,947,4924536542618117,0
consume_end,947,4924536542618747,0
yield_resumed,947,4924536542708166,0
consume_begin,948,4924536542710096,0
consume_end,948,4924536542710896,0
yield_resumed,948,4924536542813935,0
consume_begin,949,4924536542816605,0
consume_end,949,4924536542817475,0
yield_resumed,949,4924536542914125,0
consume_begin,950,4924536542917755,0
consume_end,950,4924536562346659,0
yield_resumed,950,4924536562384199,0
consume_begin,951,4924536562396119,0
consume_end,951,4924536562397469,0
yield_resumed,951,4924536562458248,0
consume_begin,952,4924536562461818,0
consume_end,952,4924536562462858,0
yield_resumed,952,4924536562545198,0
consume_begin,953,4924536562551168,0
consume_end,953,4924536562552118,0
yield_resumed,953,4924536562638967,0
consume_begin,954,4924536562640997,0
consume_end,954,4924536562641877,0
yield_resumed,954,4924536562702826,0
consume_begin,955,4924536562706206,0
consume_end,955,4924536562707076,0
yield_resumed,955,4924536562805036,0
consume_begin,956,4924536562806906,0
consume_end,956,4924536580938670,0
yield_resumed,956,4924536581024159,0
consume_begin,957,4924536581035439,0
consume_end,957,4924536581036809,0
yield_resumed,957,4924536581093149,0
consume_begin,958,4924536581096199,0
consume_end,958,4924536581096869,0
yield_resumed,958,4924536581170188,0
consume_begin,959,4924536581172518,0
consume_end,959,4924536581173318,0
yield_resumed,959,4924536581266597,0
consume_begin,960,4924536581270927,0
consume_end,960,4924536581271627,0
yield_resumed,960,4924536581365737,0
consume_begin,961,4924536581370207,0
consume_end,961,4924536581370877,0
yield_resumed,961,4924536581471476,0
consume_begin,962,4924536581473936,0
consume_end,962,4924536599657980,0
yield_resumed,962,4924536599699979,0
consume_begin,963,4924536599712019,0
consume_end,963,4924536599713569,0
yield_resumed,963,4924536599766839,0
consume_begin,964,4924536599769919,0
consume_end,964,4924536599770789,0
yield_resumed,964,4924536599821409,0
consume_begin,965,4924536599823339,0
consume_end,965,4924536599824009,0
yield_resumed,965,4924536599900168,0
consume_begin,966,4924536599903468,0
consume_end,966,4924536599904178,0
yield_resumed,966,4924536599994917,0
consume_begin,967,4924536599998387,0
consume_end,967,4924536615849039,0
yield_resumed,967,4924536615888148,0
consume_begin,968,4924536615899398,0
consume_end,968,4924536615901258,0
yield_resumed,968,4924536615955478,0
consume_begin,969,4924536615958848,0
consume_end,969,4924536615959698,0
yield_resumed,969,4924536616049387,0
consume_begin,970,4924536616053117,0
consume_end,970,4924536616054097,0
yield_resumed,970,4924536616155946,0
consume_begin,971,4924536616159446,0
consume_end,971,4924536616160206,0
yield_resumed,971,4924536616222616,0
consume_begin,972,4924536616227126,0
consume_end,972,4924536633866904,0
yield_resumed,972,4924536633934353,0
consume_begin,973,4924536633945703,0
consume_end,973,4924536633946903,0
yield_resumed,973,4924536634012933,0
consume_begin,974,4924536634016193,0
consume_end,974,4924536634017073,0
yield_resumed,974,4924536634072582,0
consume_begin,975,4924536634076642,0
consume_end,975,4924536634077492,0
yield_resumed,975,4924536634178291,0
consume_begin,976,4924536634180931,0
consume_end,976,4924536634182041,0
yield_resumed,976,4924536634274351,0
consume_begin,977,4924536634280351,0
consume_end,977,4924536634281101,0
yield_resumed,977,4924536634376660,0
consume_begin,978,4924536634379840,0
consume_end,978,4924536647059285,0
yield_resumed,978,4924536647112765,0
consume_begin,979,4924536647124274,0
consume_end,979,4924536647125474,0
yield_resumed,979,4924536647179514,0
consume_begin,980,4924536647182814,0
consume_end,980,4924536647183504,0
yield_resumed,980,4924536647255373,0
consume_begin,981,4924536647257933,0
consume_end,981,4924536647258783,0
yield_resumed,981,4924536647350123,0
consume_begin,982,4924536647354433,0
consume_end,982,4924536647355553,0
yield_resumed,982,4924536647442932,0
consume_begin,983,4924536647446382,0
consume_end,983,4924536663560041,0
yield_resumed,983,4924536663618561,0
consume_begin,984,4924536663629151,0
consume_end,984,4924536663630561,0
yield_resumed,984,4924536663681231,0
consume_begin,985,4924536663684440,0
consume_end,985,4924536663685260,0
yield_resumed,985,4924536663752300,0
consume_begin,986,4924536663755530,0
consume_end,986,4924536663757170,0
yield_resumed,986,4924536663847589,0
consume_begin,987,4924536663851489,0
consume_end,987,4924536663852599,0
yield_resumed,987,4924536663928189,0
consume_begin,988,4924536663931299,0
consume_end,988,4924536680744973,0
yield_resumed,988,4924536680798692,0
consume_begin,989,4924536680808862,0
consume_end,989,4924536680809962,0
yield_resumed,989,4924536680861222,0
consume_begin,990,4924536680864842,0
consume_end,990,4924536680865752,0
yield_resumed,990,4924536680943371,0
consume_begin,991,4924536680949721,0
consume_end,991,4924536680950771,0
yield_resumed,991,4924536681061790,0
consume_begin,992,4924536681065820,0
consume_end,992,4924536681066680,0
yield_resumed,992,4924536681146640,0
consume_begin,993,4924536681150150,0
consume_end,993,4924536699753770,0
yield_resumed,993,4924536699809310,0
consume_begin,994,4924536699819750,0
consume_end,994,4924536699820930,0
yield_resumed,994,4924536699864689,0
consume_begin,995,4924536699867249,0
consume_end,995,4924536699868029,0
yield_resumed,995,4924536699938999,0
consume_begin,996,4924536699943109,0
consume_end,996,4924536699943919,0
yield_resumed,996,4924536700046088,0
consume_begin,997,4924536700049828,0
consume_end,997,4924536700050608,0
yield_resumed,997,4924536700133057,0
consume_begin,998,4924536700135527,0
consume_end,998,4924536700136497,0
yield_resumed,998,4924536700238557,0
consume_begin,999,4924536700242717,0
consume_end,999,4924536718831297,0
yield_resumed,999,4924536718904507,0
consume_begin,1000,4924536718917127,0
consume_end,1000,4924536718918347,0
yield_resumed,1000,4924536718970216,0
consume_begin,1001,4924536718973456,0
consume_end,1001,4924536718974276,0
yield_resumed,1001,4924536719055346,0
consume_begin,1002,4924536719058596,0
consume_end,1002,4924536719059736,0
yield_resumed,1002,4924536719153385,0
consume_begin,1003,4924536719157065,0
consume_end,1003,4924536719157865,0
yield_resumed,1003,4924536719249754,0
consume_begin,1004,4924536719254024,0
consume_end,1004,4924536738414141,0
yield_resumed,1004,4924536738487350,0
consume_begin,1005,4924536738498520,0
consume_end,1005,4924536738500040,0
yield_resumed,1005,4924536738569080,0
consume_begin,1006,4924536738572800,0
consume_end,1006,4924536738573700,0
yield_resumed,1006,4924536738640019,0
consume_begin,1007,4924536738642739,0
consume_end,1007,4924536738643649,0
yield_resumed,1007,4924536738759008,0
consume_begin,1008,4924536738762858,0
consume_end,1008,4924536738763738,0
yield_resumed,1008,4924536738845658,0
consume_begin,1009,4924536738850648,0
consume_end,1009,4924536738851518,0
yield_resumed,1009,4924536738944007,0
consume_begin,1010,4924536738948017,0
consume_end,1010,4924536749871595,0
yield_resumed,1010,4924536749927795,0
consume_begin,1011,4924536749938625,0
consume_end,1011,4924536749939865,0
yield_resumed,1011,4924536749989004,0
consume_begin,1012,4924536749992454,0
consume_end,1012,4924536749993274,0
yield_resumed,1012,4924536750069424,0
consume_begin,1013,4924536750072934,0
consume_end,1013,4924536750074104,0
yield_resumed,1013,4924536750158583,0
consume_begin,1014,4924536750163183,0
consume_end,1014,4924536757234700,0
yield_resumed,1014,4924536757266520,0
consume_begin,1015,4924536757277430,0
consume_end,1015,4924536757278790,0
yield_resumed,1015,4924536757337059,0
consume_begin,1016,4924536757340059,0
consume_end,1016,4924536757340899,0
yield_resumed,1016,4924536757423419,0
consume_begin,1017,4924536757427829,0
consume_end,1017,4924536757428809,0
yield_resumed,1017,4924536757517388,0
consume_begin,1018,4924536757522668,0
consume_end,1018,4924536764283337,0
yield_resumed,1018,4924536764307247,0
consume_begin,1019,4924536764317507,0
consume_end,1019,4924536764318867,0
yield_resumed,1019,4924536764366257,0
consume_begin,1020,4924536764369487,0
consume_end,1020,4924536764370257,0
yield_resumed,1020,4924536764443106,0
consume_begin,1021,4924536764446836,0
consume_end,1021,4924536764447716,0
yield_resumed,1021,4924536764499926,0
consume_begin,1022,4924536764501906,0
consume_end,1022,4924536772045389,0
yield_resumed,1022,4924536772071889,0
consume_begin,1023,4924536772082569,0
consume_end,1023,4924536772083649,0
yield_resumed,1023,4924536772134858,0
consume_begin,1024,4924536772138198,0
consume_end,1024,4924536772139038,0
yield_resumed,1024,4924536772213248,0
consume_begin,1025,4924536772217528,0
consume_end,1025,4924536772218538,0
yield_resumed,1025,4924536772304157,0
consume_begin,1026,4924536772307747,0
consume_end,1026,4924536772308697,0
yield_resumed,1026,4924536772378357,0
consume_begin,1027,4924536772380667,0
consume_end,1027,4924536772381457,0
yield_resumed,1027,4924536772462806,0
consume_begin,1028,4924536772469916,0
consume_end,1028,4924536787055407,0
yield_resumed,1028,4924536787092276,0
consume_begin,1029,4924536787102976,0
consume_end,1029,4924536787104106,0
yield_resumed,1029,4924536787147096,0
consume_begin,1030,4924536787150026,0
consume_end,1030,4924536787150876,0
yield_resumed,1030,4924536787194966,0
consume_begin,1031,4924536787198276,0
consume_end,1031,4924536787199136,0
yield_resumed,1031,4924536787263855,0
consume_begin,1032,4924536787266645,0
consume_end,1032,4924536787267395,0
yield_resumed,1032,4924536787347324,0
consume_begin,1033,4924536787351304,0
consume_end,1033,4924536802485631,0
yield_resumed,1033,4924536802549321,0
consume_begin,1034,4924536802560751,0
consume_end,1034,4924536802562081,0
yield_resumed,1034,4924536802615840,0
consume_begin,1035,4924536802619840,0
consume_end,1035,4924536802620700,0
yield_resumed,1035,4924536802696700,0
consume_begin,1036,4924536802700630,0
consume_end,1036,4924536802701420,0
yield_resumed,1036,4924536802800029,0
consume_begin,1037,4924536802804259,0
consume_end,1037,4924536802805259,0
yield_resumed,1037,4924536802887058,0
consume_begin,1038,4924536802889388,0
consume_end,1038,4924536813277360,0
yield_resumed,1038,4924536813330960,0
consume_begin,1039,4924536813342310,0
consume_end,1039,4924536813343430,0
yield_resumed,1039,4924536813400269,0
consume_begin,1040,4924536813405189,0
consume_end,1040,4924536830896088,0
yield_resumed,1040,4924536830966958,0
consume_begin,1041,4924536830978778,0
consume_end,1041,4924536830980358,0
yield_resumed,1041,4924536831039497,0
consume_begin,1042,4924536831042517,0
consume_end,1042,4924536831043617,0
yield_resumed,1042,4924536831129957,0
consume_begin,1043,4924536831133717,0
consume_end,1043,4924536831134497,0
yield_resumed,1043,4924536831235526,0
consume_begin,1044,4924536831239376,0
consume_end,1044,4924536831240126,0
yield_resumed,1044,4924536831322035,0
consume_begin,1045,4924536831325825,0
consume_end,1045,4924536831326605,0
yield_resumed,1045,4924536831407375,0
consume_begin,1046,4924536831411005,0
consume_end,1046,4924536831411915,0
yield_resumed,1046,4924536831487444,0
consume_begin,1047,4924536831490684,0
consume_end,1047,4924536831491584,0
yield_resumed,1047,4924536831569533,0
consume_begin,1048,4924536831572613,0
consume_end,1048,4924536849670708,0
yield_resumed,1048,4924536849729667,0
consume_begin,1049,4924536849737197,0
consume_end,1049,4924536849738327,0
yield_resumed,1049,4924536849771207,0
consume_begin,1050,4924536849772787,0
consume_end,1050,4924536849773487,0
yield_resumed,1050,4924536849837807,0
consume_begin,1051,4924536849841077,0
consume_end,1051,4924536849841767,0
yield_resumed,1051,4924536849922976,0
consume_begin,1052,4924536849925786,0
consume_end,1052,4924536849926596,0
yield_resumed,1052,4924536850011395,0
consume_begin,1053,4924536850015445,0
consume_end,1053,4924536860778165,0
yield_resumed,1053,4924536860813024,0
consume_begin,1054,4924536860820854,0
consume_end,1054,4924536860821764,0
yield_resumed,1054,4924536860867974,0
consume_begin,1055,4924536860870544,0
consume_end,1055,4924536860871254,0
yield_resumed,1055,4924536860914314,0
consume_begin,1056,4924536860917974,0
consume_end,1056,4924536860918984,0
yield_resumed,1056,4924536861010063,0
consume_begin,1057,4924536861013613,0
consume_end,1057,4924536861014793,0
yield_resumed,1057,4924536861093192,0
consume_begin,1058,4924536861098042,0
consume_end,1058,4924536872861164,0
yield_resumed,1058,4924536872896154,0
consume_begin,1059,4924536872909224,0
consume_end,1059,4924536872910544,0
yield_resumed,1059,4924536872950933,0
consume_begin,1060,4924536872953123,0
consume_end,1060,4924536872953983,0
yield_resumed,1060,4924536873027973,0
consume_begin,1061,4924536873031163,0
consume_end,1061,4924536873032013,0
yield_resumed,1061,4924536873120592,0
consume_begin,1062,4924536873124712,0
consume_end,1062,4924536886409793,0
yield_resumed,1062,4924536886466792,0
consume_begin,1063,4924536886475502,0
consume_end,1063,4924536886476482,0
yield_resumed,1063,4924536886509142,0
consume_begin,1064,4924536886511902,0
consume_end,1064,4924536886512582,0
yield_resumed,1064,4924536886577432,0
consume_begin,1065,4924536886581052,0
consume_end,1065,4924536886581732,0
yield_resumed,1065,4924536886659551,0
consume_begin,1066,4924536886661221,0
consume_end,1066,4924536886662061,0
yield_resumed,1066,4924536886742270,0
consume_begin,1067,4924536886746290,0
consume_end,1067,4924536902995279,0
yield_resumed,1067,4924536903044508,0
consume_begin,1068,4924536903054728,0
consume_end,1068,4924536903056098,0
yield_resumed,1068,4924536903095848,0
consume_begin,1069,4924536903098758,0
consume_end,1069,4924536903099578,0
yield_resumed,1069,4924536903141778,0
consume_begin,1070,4924536903144177,0
consume_end,1070,4924536903145097,0
yield_resumed,1070,4924536903227097,0
consume_begin,1071,4924536903228967,0
consume_end,1071,4924536903229697,0
yield_resumed,1071,4924536903322736,0
consume_begin,1072,4924536903325976,0
consume_end,1072,4924536919307296,0
yield_resumed,1072,4924536919357306,0
consume_begin,1073,4924536919371126,0
consume_end,1073,4924536919372496,0
yield_resumed,1073,4924536919427296,0
consume_begin,1074,4924536919431226,0
consume_end,1074,4924536919432536,0
yield_resumed,1074,4924536919504895,0
consume_begin,1075,4924536919508525,0
consume_end,1075,4924536919509525,0
yield_resumed,1075,4924536919605284,0
consume_begin,1076,4924536919609684,0
consume_end,1076,4924536919610694,0
yield_resumed,1076,4924536919681114,0
consume_begin,1077,4924536919683124,0
consume_end,1077,4924536919684374,0
yield_resumed,1077,4924536919774623,0
consume_begin,1078,4924536919776803,0
consume_end,1078,4924536935668244,0
yield_resumed,1078,4924536935716914,0
consume_begin,1079,4924536935725343,0
consume_end,1079,4924536935726433,0
yield_resumed,1079,4924536935778143,0
consume_begin,1080,4924536935780773,0
consume_end,1080,4924536935781473,0
yield_resumed,1080,4924536935828013,0
consume_begin,1081,4924536935830563,0
consume_end,1081,4924536935831253,0
yield_resumed,1081,4924536935912882,0
consume_begin,1082,4924536935914952,0
consume_end,1082,4924536935915952,0
yield_resumed,1082,4924536936018571,0
consume_begin,1083,4924536936022401,0
consume_end,1083,4924536936023231,0
yield_resumed,1083,4924536936122481,0
consume_begin,1084,4924536936125531,0
consume_end,1084,4924536954996389,0
yield_resumed,1084,4924536955091399,0
consume_begin,1085,4924536955102548,0
consume_end,1085,4924536955104018,0
yield_resumed,1085,4924536955149078,0
consume_begin,1086,4924536955152168,0
consume_end,1086,4924536955152988,0
yield_resumed,1086,4924536955227088,0
consume_begin,1087,4924536955229978,0
consume_end,1087,4924536955230828,0
yield_resumed,1087,4924536955336157,0
consume_begin,1088,4924536955338887,0
consume_end,1088,4924536955339727,0
yield_resumed,1088,4924536955435886,0
consume_begin,1089,4924536955439476,0
consume_end,1089,4924536955440296,0
yield_resumed,1089,4924536955525975,0
consume_begin,1090,4924536955529185,0
consume_end,1090,4924536971523825,0
yield_resumed,1090,4924536971581435,0
consume_begin,1091,4924536971589025,0
consume_end,1091,4924536971590085,0
yield_resumed,1091,4924536971632595,0
consume_begin,1092,4924536971634985,0
consume_end,1092,4924536971635745,0
yield_resumed,1092,4924536971693494,0
consume_begin,1093,4924536971694784,0
consume_end,1093,4924536971695494,0
yield_resumed,1093,4924536971786834,0
consume_begin,1094,4924536971790103,0
consume_end,1094,4924536971790803,0
yield_resumed,1094,4924536971865823,0
consume_begin,1095,4924536971868613,0
consume_end,1095,4924536986563563,0
yield_resumed,1095,4924536986624122,0
consume_begin,1096,4924536986632152,0
consume_end,1096,4924536986633322,0
yield_resumed,1096,4924536986672732,0
consume_begin,1097,4924536986675442,0
consume_end,1097,4924536986676192,0
yield_resumed,1097,4924536986772341,0
consume_begin,1098,4924536986774871,0
consume_end,1098,4924536986775991,0
yield_resumed,1098,4924536986897330,0
consume_begin,1099,4924536986900180,0
consume_end,1099,4924536986901320,0
yield_resumed,1099,4924536986979470,0
consume_begin,1100,4924536986982930,0
consume_end,1100,4924537002641223,0
yield_resumed,1100,4924537002716832,0
consume_begin,1101,4924537002736352,0
consume_end,1101,4924537002738002,0
yield_resumed,1101,4924537002797601,0
consume_begin,1102,4924537002802101,0
consume_end,1102,4924537002803091,0
yield_resumed,1102,4924537002877321,0
consume_begin,1103,4924537002881401,0
consume_end,1103,4924537002882421,0
yield_resumed,1103,4924537002972800,0
consume_begin,1104,4924537002975400,0
consume_end,1104,4924537002976380,0
yield_resumed,1104,4924537003065099,0
consume_begin,1105,4924537003069359,0
consume_end,1105,4924537003070369,0
yield_resumed,1105,4924537003150759,0
consume_begin,1106,4924537003154339,0
consume_end,1106,4924537003155039,0
yield_resumed,1106,4924537003236958,0
consume_begin,1107,4924537003239418,0
consume_end,1107,4924537018200406,0
yield_resumed,1107,4924537018245006,0
consume_begin,1108,4924537018258696,0
consume_end,1108,4924537018260106,0
yield_resumed,1108,4924537018313035,0
consume_begin,1109,4924537018316015,0
consume_end,1109,4924537018316915,0
yield_resumed,1109,4924537018366505,0
consume_begin,1110,4924537018368745,0
consume_end,1110,4924537018369755,0
yield_resumed,1110,4924537018469594,0
consume_begin,1111,4924537018473694,0
consume_end,1111,4924537018474514,0
yield_resumed,1111,4924537018573403,0
consume_begin,1112,4924537018576983,0
consume_end,1112,4924537034366905,0
yield_resumed,1112,4924537034448904,0
consume_begin,1113,4924537034461264,0
consume_end,1113,4924537034463334,0
yield_resumed,1113,4924537034509694,0
consume_begin,1114,4924537034513404,0
consume_end,1114,4924537034514474,0
yield_resumed,1114,4924537034596953,0
consume_begin,1115,4924537034599203,0
consume_end,1115,4924537034600033,0
yield_resumed,1115,4924537034692443,0
consume_begin,1116,4924537034697743,0
consume_end,1116,4924537034698703,0
yield_resumed,1116,4924537034793972,0
consume_begin,1117,4924537034798192,0
consume_end,1117,4924537049151584,0
yield_resumed,1117,4924537049200574,0
consume_begin,1118,4924537049210814,0
consume_end,1118,4924537049211834,0
yield_resumed,1118,4924537049255213,0
consume_begin,1119,4924537049257383,0
consume_end,1119,4924537049258123,0
yield_resumed,1119,4924537049327903,0
consume_begin,1120,4924537049329443,0
consume_end,1120,4924537049330333,0
yield_resumed,1120,4924537049409582,0
consume_begin,1121,4924537049412292,0
consume_end,1121,4924537049413092,0
yield_resumed,1121,4924537049502772,0
consume_begin,1122,4924537049505652,0
consume_end,1122,4924537049506632,0
yield_resumed,1122,4924537049614331,0
consume_begin,1123,4924537049619161,0
consume_end,1123,4924537064720628,0
yield_resumed,1123,4924537064776987,0
consume_begin,1124,4924537064792077,0
consume_end,1124,4924537064793287,0
yield_resumed,1124,4924537064843517,0
consume_begin,1125,4924537064845617,0
consume_end,1125,4924537064846617,0
yield_resumed,1125,4924537064892056,0
consume_begin,1126,4924537064895256,0
consume_end,1126,4924537064896186,0
yield_resumed,1126,4924537064983046,0
consume_begin,1127,4924537064986976,0
consume_end,1127,4924537064987756,0
yield_resumed,1127,4924537065082695,0
consume_begin,1128,4924537065087185,0
consume_end,1128,4924537080539449,0
yield_resumed,1128,4924537080581479,0
consume_begin,1129,4924537080588229,0
consume_end,1129,4924537080589219,0
yield_resumed,1129,4924537080630809,0
consume_begin,1130,4924537080633259,0
consume_end,1130,4924537080633999,0
yield_resumed,1130,4924537080695428,0
consume_begin,1131,4924537080697158,0
consume_end,1131,4924537080698038,0
yield_resumed,1131,4924537080789858,0
consume_begin,1132,4924537080793147,0
consume_end,1132,4924537080794177,0
yield_resumed,1132,4924537080875827,0
consume_begin,1133,4924537080880977,0
consume_end,1133,4924537097131985,0
yield_resumed,1133,4924537097214485,0
consume_begin,1134,4924537097227994,0
consume_end,1134,4924537097229444,0
yield_resumed,1134,4924537097277544,0
consume_begin,1135,4924537097280234,0
consume_end,1135,4924537097281184,0
yield_resumed,1135,4924537097360373,0
consume_begin,1136,4924537097364193,0
consume_end,1136,4924537097365143,0
yield_resumed,1136,4924537097475773,0
consume_begin,1137,4924537097478913,0
consume_end,1137,4924537097479763,0
yield_resumed,1137,4924537097572052,0
consume_begin,1138,4924537097575742,0
consume_end,1138,4924537097576632,0
yield_resumed,1138,4924537097675781,0
consume_begin,1139,4924537097679621,0
consume_end,1139,4924537113877450,0
yield_resumed,1139,4924537113922149,0
consume_begin,1140,4924537113940959,0
consume_end,1140,4924537113942759,0
yield_resumed,1140,4924537114023759,0
consume_begin,1141,4924537114027109,0
consume_end,1141,4924537114028199,0
yield_resumed,1141,4924537114077058,0
consume_begin,1142,4924537114079238,0
consume_end,1142,4924537114080338,0
yield_resumed,1142,4924537114154778,0
consume_begin,1143,4924537114158958,0
consume_end,1143,4924537114159908,0
yield_resumed,1143,4924537114250907,0
consume_begin,1144,4924537114254837,0
consume_end,1144,4924537130590075,0
yield_resumed,1144,4924537130634114,0
consume_begin,1145,4924537130646714,0
consume_end,1145,4924537130648084,0
yield_resumed,1145,4924537130692794,0
consume_begin,1146,4924537130696864,0
consume_end,1146,4924537130697834,0
yield_resumed,1146,4924537130774733,0
consume_begin,1147,4924537130776833,0
consume_end,1147,4924537130777663,0
yield_resumed,1147,4924537130879672,0
consume_begin,1148,4924537130883732,0
consume_end,1148,4924537130884732,0
yield_resumed,1148,4924537130942622,0
consume_begin,1149,4924537130945912,0
consume_end,1149,4924537130946762,0
yield_resumed,1149,4924537131050161,0
consume_begin,1150,4924537131053961,0
consume_end,1150,4924537147772636,0
yield_resumed,1150,4924537147846395,0
consume_begin,1151,4924537147855995,0
consume_end,1151,4924537147857025,0
yield_resumed,1151,4924537147926355,0
consume_begin,1152,4924537147929525,0
consume_end,1152,4924537147930445,0
yield_resumed,1152,4924537147976454,0
consume_begin,1153,4924537147978544,0
consume_end,1153,4924537147979464,0
yield_resumed,1153,4924537148077514,0
consume_begin,1154,4924537148082594,0
consume_end,1154,4924537148083554,0
yield_resumed,1154,4924537148180263,0
consume_begin,1155,4924537148184063,0
consume_end,1155,4924537148185043,0
yield_resumed,1155,4924537148283002,0
consume_begin,1156,4924537148285802,0
consume_end,1156,4924537161174265,0
yield_resumed,1156,4924537161212375,0
consume_begin,1157,4924537161221935,0
consume_end,1157,4924537161222975,0
yield_resumed,1157,4924537161269245,0
consume_begin,1158,4924537161272075,0
consume_end,1158,4924537161272875,0
yield_resumed,1158,4924537161315054,0
consume_begin,1159,4924537161316914,0
consume_end,1159,4924537161317694,0
yield_resumed,1159,4924537161410914,0
consume_begin,1160,4924537161415004,0
consume_end,1160,4924537161416064,0
yield_resumed,1160,4924537161505733,0
consume_begin,1161,4924537161511283,0
consume_end,1161,4924537174209348,0
yield_resumed,1161,4924537174275878,0
consume_begin,1162,4924537174287507,0
consume_end,1162,4924537174289057,0
yield_resumed,1162,4924537174342447,0
consume_begin,1163,4924537174345687,0
consume_end,1163,4924537174346537,0
yield_resumed,1163,4924537174411246,0
consume_begin,1164,4924537174413426,0
consume_end,1164,4924537174414356,0
yield_resumed,1164,4924537174507636,0
consume_begin,1165,4924537174511806,0
consume_end,1165,4924537174512756,0
yield_resumed,1165,4924537174636575,0
consume_begin,1166,4924537174640895,0
consume_end,1166,4924537190718264,0
yield_resumed,1166,4924537190760974,0
consume_begin,1167,4924537190772394,0
consume_end,1167,4924537190773844,0
yield_resumed,1167,4924537190823744,0
consume_begin,1168,4924537190827204,0
consume_end,1168,4924537190828144,0
yield_resumed,1168,4924537190901143,0
consume_begin,1169,4924537190903333,0
consume_end,1169,4924537190904263,0
yield_resumed,1169,4924537190994172,0
consume_begin,1170,4924537190998502,0
consume_end,1170,4924537190999472,0
yield_resumed,1170,4924537191083562,0
consume_begin,1171,4924537191087752,0
consume_end,1171,4924537211955515,0
yield_resumed,1171,4924537212032795,0
consume_begin,1172,4924537212046465,0
consume_end,1172,4924537212048505,0
yield_resumed,1172,4924537212097474,0
consume_begin,1173,4924537212100214,0
consume_end,1173,4924537212101304,0
yield_resumed,1173,4924537212185524,0
consume_begin,1174,4924537212190323,0
consume_end,1174,4924537212191343,0
yield_resumed,1174,4924537212288323,0
consume_begin,1175,4924537212290673,0
consume_end,1175,4924537212291583,0
yield_resumed,1175,4924537212389002,0
consume_begin,1176,4924537212394392,0
consume_end,1176,4924537233822512,0
yield_resumed,1176,4924537233881151,0
consume_begin,1177,4924537233894301,0
consume_end,1177,4924537233895631,0
yield_resumed,1177,4924537233939531,0
consume_begin,1178,4924537233942891,0
consume_end,1178,4924537233943921,0
yield_resumed,1178,4924537234011750,0
consume_begin,1179,4924537234015280,0
consume_end,1179,4924537234016170,0
yield_resumed,1179,4924537234055860,0
consume_begin,1180,4924537234057800,0
consume_end,1180,4924537234058680,0
yield_resumed,1180,4924537234121919,0
consume_begin,1181,4924537234125779,0
consume_end,1181,4924537234126689,0
yield_resumed,1181,4924537234190299,0
consume_begin,1182,4924537234192699,0
consume_end,1182,4924537255138642,0
yield_resumed,1182,4924537255213781,0
consume_begin,1183,4924537255229831,0
consume_end,1183,4924537255231301,0
yield_resumed,1183,4924537255305441,0
consume_begin,1184,4924537255308891,0
consume_end,1184,4924537255309861,0
yield_resumed,1184,4924537255409700,0
consume_begin,1185,4924537255413550,0
consume_end,1185,4924537255414470,0
yield_resumed,1185,4924537255507569,0
consume_begin,1186,4924537255510239,0
consume_end,1186,4924537255511089,0
yield_resumed,1186,4924537255600418,0
consume_begin,1187,4924537255604558,0
consume_end,1187,4924537255605688,0
yield_resumed,1187,4924537255689328,0
consume_begin,1188,4924537255692898,0
consume_end,1188,4924537275962386,0
yield_resumed,1188,4924537276010596,0
consume_begin,1189,4924537276021226,0
consume_end,1189,4924537276022656,0
yield_resumed,1189,4924537276065895,0
consume_begin,1190,4924537276068585,0
consume_end,1190,4924537276069555,0
yield_resumed,1190,4924537276115625,0
consume_begin,1191,4924537276118025,0
consume_end,1191,4924537276119035,0
yield_resumed,1191,4924537276210244,0
consume_begin,1192,4924537276214294,0
consume_end,1192,4924537276215174,0
yield_resumed,1192,4924537276300814,0
consume_begin,1193,4924537276304474,0
consume_end,1193,4924537295978926,0
yield_resumed,1193,4924537296043646,0
consume_begin,1194,4924537296054736,0
consume_end,1194,4924537296056606,0
yield_resumed,1194,4924537296099225,0
consume_begin,1195,4924537296102165,0
consume_end,1195,4924537296103095,0
yield_resumed,1195,4924537296176055,0
consume_begin,1196,4924537296178135,0
consume_end,1196,4924537296179305,0
yield_resumed,1196,4924537296289404,0
consume_begin,1197,4924537296293714,0
consume_end,1197,4924537296294534,0
yield_resumed,1197,4924537296367353,0
consume_begin,1198,4924537296371393,0
consume_end,1198,4924537316300034,0
yield_resumed,1198,4924537316335614,0
consume_begin,1199,4924537316347354,0
consume_end,1199,4924537316348764,0
yield_resumed,1199,4924537316398833,0
consume_begin,1200,4924537316401783,0
consume_end,1200,4924537316402773,0
yield_resumed,1200,4924537316471173,0
consume_begin,1201,4924537316474653,0
consume_end,1201,4924537316475663,0
yield_resumed,1201,4924537316569222,0
consume_begin,1202,4924537316571402,0
consume_end,1202,4924537316572412,0
yield_resumed,1202,4924537316646511,0
consume_begin,1203,4924537316649711,0
consume_end,1203,4924537336981159,0
yield_resumed,1203,4924537337049849,0
consume_begin,1204,4924537337061539,0
consume_end,1204,4924537337062879,0
yield_resumed,1204,4924537337106328,0
consume_begin,1205,4924537337108928,0
consume_end,1205,4924537337109868,0
yield_resumed,1205,4924537337181688,0
consume_begin,1206,4924537337186218,0
consume_end,1206,4924537337187498,0
yield_resumed,1206,4924537337277517,0
consume_begin,1207,4924537337282117,0
consume_end,1207,4924537337283487,0
yield_resumed,1207,4924537337365066,0
consume_begin,1208,4924537337369476,0
consume_end,1208,4924537337370696,0
yield_resumed,1208,4924537337468506,0
consume_begin,1209,4924537337471486,0
consume_end,1209,4924537357424776,0
yield_resumed,1209,4924537357478486,0
consume_begin,1210,4924537357492726,0
consume_end,1210,4924537357494376,0
yield_resumed,1210,4924537357534695,0
consume_begin,1211,4924537357538905,0
consume_end,1211,4924537357539985,0
yield_resumed,1211,4924537357584475,0
consume_begin,1212,4924537357588265,0
consume_end,1212,4924537357589345,0
yield_resumed,1212,4924537357684394,0
consume_begin,1213,4924537357687334,0
consume_end,1213,4924537357688574,0
yield_resumed,1213,4924537357769964,0
consume_begin,1214,4924537357773124,0
consume_end,1214,4924537377552445,0
yield_resumed,1214,4924537377597985,0
consume_begin,1215,4924537377611945,0
consume_end,1215,4924537377613275,0
yield_resumed,1215,4924537377660135,0
consume_begin,1216,4924537377662705,0
consume_end,1216,4924537377663725,0
yield_resumed,1216,4924537377755854,0
consume_begin,1217,4924537377759624,0
consume_end,1217,4924537377760934,0
yield_resumed,1217,4924537377859333,0
consume_begin,1218,4924537377862043,0
consume_end,1218,4924537377863033,0
yield_resumed,1218,4924537377940872,0
consume_begin,1219,4924537377945272,0
consume_end,1219,4924537377946252,0
yield_resumed,1219,4924537378047122,0
consume_begin,1220,4924537378050782,0
consume_end,1220,4924537397406067,0
yield_resumed,1220,4924537397449566,0
consume_begin,1221,4924537397462666,0
consume_end,1221,4924537397464126,0
yield_resumed,1221,4924537397511556,0
consume_begin,1222,4924537397514466,0
consume_end,1222,4924537397515556,0
yield_resumed,1222,4924537397560506,0
consume_begin,1223,4924537397562386,0
consume_end,1223,4924537397563576,0
yield_resumed,1223,4924537397652425,0
consume_begin,1224,4924537397655865,0
consume_end,1224,4924537397656915,0
yield_resumed,1224,4924537397734594,0
consume_begin,1225,4924537397738494,0
consume_end,1225,4924537417532236,0
yield_resumed,1225,4924537417582986,0
consume_begin,1226,4924537417593156,0
consume_end,1226,4924537417594406,0
yield_resumed,1226,4924537417638935,0
consume_begin,1227,4924537417642115,0
consume_end,1227,4924537417643055,0
yield_resumed,1227,4924537417728815,0
consume_begin,1228,4924537417732705,0
consume_end,1228,4924537417733855,0
yield_resumed,1228,4924537417830534,0
consume_begin,1229,4924537417833394,0
consume_end,1229,4924537417834444,0
yield_resumed,1229,4924537417909943,0
consume_begin,1230,4924537417915053,0
consume_end,1230,4924537437951323,0
yield_resumed,1230,4924537437999483,0
consume_begin,1231,4924537438020063,0
consume_end,1231,4924537438021293,0
yield_resumed,1231,4924537438071522,0
consume_begin,1232,4924537438075402,0
consume_end,1232,4924537438076392,0
yield_resumed,1232,4924537438149602,0
consume_begin,1233,4924537438153252,0
consume_end,1233,4924537438154262,0
yield_resumed,1233,4924537438248351,0
consume_begin,1234,4924537438250401,0
consume_end,1234,4924537438251211,0
yield_resumed,1234,4924537438330710,0
consume_begin,1235,4924537438334170,0
consume_end,1235,4924537438334960,0
yield_resumed,1235,4924537438422280,0
consume_begin,1236,4924537438425360,0
consume_end,1236,4924537458200142,0
yield_resumed,1236,4924537458248131,0
consume_begin,1237,4924537458262251,0
consume_end,1237,4924537458263781,0
yield_resumed,1237,4924537458304601,0
consume_begin,1238,4924537458308491,0
consume_end,1238,4924537458309371,0
yield_resumed,1238,4924537458356550,0
consume_begin,1239,4924537458358970,0
consume_end,1239,4924537458359880,0
yield_resumed,1239,4924537458442740,0
consume_begin,1240,4924537458446960,0
consume_end,1240,4924537458447820,0
yield_resumed,1240,4924537458527189,0
consume_begin,1241,4924537458530499,0
consume_end,1241,4924537458531429,0
yield_resumed,1241,4924537458626398,0
consume_begin,1242,4924537458630448,0
consume_end,1242,4924537478030173,0
yield_resumed,1242,4924537478092863,0
consume_begin,1243,4924537478101823,0
consume_end,1243,4924537478102873,0
yield_resumed,1243,4924537478139052,0
consume_begin,1244,4924537478141072,0
consume_end,1244,4924537478141942,0
yield_resumed,1244,4924537478194292,0
consume_begin,1245,4924537478196782,0
consume_end,1245,4924537478197602,0
yield_resumed,1245,4924537478257532,0
consume_begin,1246,4924537478260931,0
consume_end,1246,4924537478261821,0
yield_resumed,1246,4924537478331151,0
consume_begin,1247,4924537478334091,0
consume_end,1247,4924537498586549,0
yield_resumed,1247,4924537498630069,0
consume_begin,1248,4924537498643689,0
consume_end,1248,4924537498645099,0
yield_resumed,1248,4924537498693619,0
consume_begin,1249,4924537498696079,0
consume_end,1249,4924537498696999,0
yield_resumed,1249,4924537498779788,0
consume_begin,1250,4924537498781938,0
consume_end,1250,4924537498782848,0
yield_resumed,1250,4924537498876487,0
consume_begin,1251,4924537498879977,0
consume_end,1251,4924537498880877,0
yield_resumed,1251,4924537498936357,0
consume_begin,1252,4924537498940367,0
consume_end,1252,4924537518584580,0
yield_resumed,1252,4924537518625779,0
consume_begin,1253,4924537518642039,0
consume_end,1253,4924537518643519,0
yield_resumed,1253,4924537518690129,0
consume_begin,1254,4924537518694239,0
consume_end,1254,4924537518695299,0
yield_resumed,1254,4924537518766398,0
consume_begin,1255,4924537518770198,0
consume_end,1255,4924537518771178,0
yield_resumed,1255,4924537518856567,0
consume_begin,1256,4924537518859477,0
consume_end,1256,4924537518860637,0
yield_resumed,1256,4924537518932517,0
consume_begin,1257,4924537518937217,0
consume_end,1257,4924537538958077,0
yield_resumed,1257,4924537539023367,0
consume_begin,1258,4924537539038466,0
consume_end,1258,4924537539040116,0
yield_resumed,1258,4924537539089826,0
consume_begin,1259,4924537539094226,0
consume_end,1259,4924537539095426,0
yield_resumed,1259,4924537539169145,0
consume_begin,1260,4924537539173145,0
consume_end,1260,4924537539174125,0
yield_resumed,1260,4924537539258595,0
consume_begin,1261,4924537539260885,0
consume_end,1261,4924537539262005,0
yield_resumed,1261,4924537539334154,0
consume_begin,1262,4924537539337294,0
consume_end,1262,4924537558560520,0
yield_resumed,1262,4924537558626700,0
consume_begin,1263,4924537558637670,0
consume_end,1263,4924537558638860,0
yield_resumed,1263,4924537558681289,0
consume_begin,1264,4924537558683939,0
consume_end,1264,4924537558684769,0
yield_resumed,1264,4924537558747389,0
consume_begin,1265,4924537558749909,0
consume_end,1265,4924537558750729,0
yield_resumed,1265,4924537558842308,0
consume_begin,1266,4924537558845438,0
consume_end,1266,4924537558846358,0
yield_resumed,1266,4924537558953047,0
consume_begin,1267,4924537558954937,0
consume_end,1267,4924537558955697,0
yield_resumed,1267,4924537559045247,0
consume_begin,1268,4924537559047687,0
consume_end,1268,4924537559048517,0
yield_resumed,1268,4924537559121876,0
consume_begin,1269,4924537559124516,0
consume_end,1269,4924537576941863,0
yield_resumed,1269,4924537577024052,0
consume_begin,1270,4924537577039512,0
consume_end,1270,4924537577041072,0
yield_resumed,1270,4924537577091292,0
consume_begin,1271,4924537577094902,0
consume_end,1271,4924537577096072,0
yield_resumed,1271,4924537577176541,0
consume_begin,1272,4924537577178761,0
consume_end,1272,4924537577179991,0
yield_resumed,1272,4924537577289940,0
consume_begin,1273,4924537577295340,0
consume_end,1273,4924537577296290,0
yield_resumed,1273,4924537577388149,0
consume_begin,1274,4924537577392279,0
consume_end,1274,4924537597318790,0
yield_resumed,1274,4924537597384040,0
consume_begin,1275,4924537597393120,0
consume_end,1275,4924537597394210,0
yield_resumed,1275,4924537597450369,0
consume_begin,1276,4924537597453419,0
consume_end,1276,4924537597454279,0
yield_resumed,1276,4924537597527839,0
consume_begin,1277,4924537597530329,0
consume_end,1277,4924537597531249,0
yield_resumed,1277,4924537597608868,0
consume_begin,1278,4924537597611948,0
consume_end,1278,4924537597612688,0
yield_resumed,1278,4924537597677388,0
consume_begin,1279,4924537597680448,0
consume_end,1279,4924537617670188,0
yield_resumed,1279,4924537617710097,0
consume_begin,1280,4924537617719307,0
consume_end,1280,4924537617720467,0
yield_resumed,1280,4924537617760837,0
consume_begin,1281,4924537617763687,0
consume_end,1281,4924537617764497,0
yield_resumed,1281,4924537617829847,0
consume_begin,1282,4924537617833816,0
consume_end,1282,4924537617834906,0
yield_resumed,1282,4924537617922616,0
consume_begin,1283,4924537617924716,0
consume_end,1283,4924537617925796,0
yield_resumed,1283,4924537617977855,0
consume_begin,1284,4924537617981435,0
consume_end,1284,4924537636869254,0
yield_resumed,1284,4924537636919204,0
consume_begin,1285,4924537636931784,0
consume_end,1285,4924537636933384,0
yield_resumed,1285,4924537636978403,0
consume_begin,1286,4924537636982303,0
consume_end,1286,4924537636983563,0
yield_resumed,1286,4924537637063113,0
consume_begin,1287,4924537637066523,0
consume_end,1287,4924537637067573,0
yield_resumed,1287,4924537637141882,0
consume_begin,1288,4924537637144912,0
consume_end,1288,4924537637145952,0
yield_resumed,1288,4924537637233101,0
consume_begin,1289,4924537637238031,0
consume_end,1289,4924537655721093,0
yield_resumed,1289,4924537655768123,0
consume_begin,1290,4924537655782492,0
consume_end,1290,4924537655783882,0
yield_resumed,1290,4924537655829312,0
consume_begin,1291,4924537655833442,0
consume_end,1291,4924537655834482,0
yield_resumed,1291,4924537655914911,0
consume_begin,1292,4924537655918431,0
consume_end,1292,4924537655919461,0
yield_resumed,1292,4924537656037991,0
consume_begin,1293,4924537656041890,0
consume_end,1293,4924537656042920,0
yield_resumed,1293,4924537656097600,0
consume_begin,1294,4924537656099860,0
consume_end,1294,4924537656100880,0
yield_resumed,1294,4924537656185299,0
consume_begin,1295,4924537656189639,0
consume_end,1295,4924537673743278,0
yield_resumed,1295,4924537673822607,0
consume_begin,1296,4924537673837007,0
consume_end,1296,4924537673838497,0
yield_resumed,1296,4924537673884127,0
consume_begin,1297,4924537673887337,0
consume_end,1297,4924537673888317,0
yield_resumed,1297,4924537673966686,0
consume_begin,1298,4924537673970346,0
consume_end,1298,4924537673971766,0
yield_resumed,1298,4924537674074135,0
consume_begin,1299,4924537674077155,0
consume_end,1299,4924537674078255,0
yield_resumed,1299,4924537674171195,0
consume_begin,1300,4924537674174185,0
consume_end,1300,4924537674175225,0
yield_resumed,1300,4924537674273284,0
consume_begin,1301,4924537674277264,0
consume_end,1301,4924537694693761,0
yield_resumed,1301,4924537694759411,0
consume_begin,1302,4924537694772551,0
consume_end,1302,4924537694773941,0
yield_resumed,1302,4924537694812360,0
consume_begin,1303,4924537694815750,0
consume_end,1303,4924537694816810,0
yield_resumed,1303,4924537694883480,0
consume_begin,1304,4924537694885560,0
consume_end,1304,4924537694887050,0
yield_resumed,1304,4924537694975709,0
consume_begin,1305,4924537694979489,0
consume_end,1305,4924537694980469,0
yield_resumed,1305,4924537695084348,0
consume_begin,1306,4924537695088678,0
consume_end,1306,4924537695089948,0
yield_resumed,1306,4924537695184647,0
consume_begin,1307,4924537695187667,0
consume_end,1307,4924537714268444,0
yield_resumed,1307,4924537714331234,0
consume_begin,1308,4924537714339864,0
consume_end,1308,4924537714341224,0
yield_resumed,1308,4924537714392404,0
consume_begin,1309,4924537714394454,0
consume_end,1309,4924537714395404,0
yield_resumed,1309,4924537714461703,0
consume_begin,1310,4924537714465003,0
consume_end,1310,4924537714465913,0
yield_resumed,1310,4924537714537052,0
consume_begin,1311,4924537714541522,0
consume_end,1311,4924537714542512,0
yield_resumed,1311,4924537714618512,0
consume_begin,1312,4924537714622252,0
consume_end,1312,4924537729910368,0
yield_resumed,1312,4924537729955047,0
consume_begin,1313,4924537729970197,0
consume_end,1313,4924537729971907,0
yield_resumed,1313,4924537730026757,0
consume_begin,1314,4924537730030357,0
consume_end,1314,4924537730031337,0
yield_resumed,1314,4924537730074306,0
consume_begin,1315,4924537730078616,0
consume_end,1315,4924537730079566,0
yield_resumed,1315,4924537730163146,0
consume_begin,1316,4924537730168586,0
consume_end,1316,4924537730169526,0
yield_resumed,1316,4924537730259175,0
consume_begin,1317,4924537730263365,0
consume_end,1317,4924537744216470,0
yield_resumed,1317,4924537744278250,0
consume_begin,1318,4924537744291830,0
consume_end,1318,4924537744293540,0
yield_resumed,1318,4924537744337099,0
consume_begin,1319,4924537744339639,0
consume_end,1319,4924537744340759,0
yield_resumed,1319,4924537744410799,0
consume_begin,1320,4924537744414659,0
consume_end,1320,4924537744415649,0
yield_resumed,1320,4924537744512128,0
consume_begin,1321,4924537744515078,0
consume_end,1321,4924537744515838,0
yield_resumed,1321,4924537744590988,0
consume_begin,1322,4924537744595448,0
consume_end,1322,4924537759312107,0
yield_resumed,1322,4924537759381867,0
consume_begin,1323,4924537759394917,0
consume_end,1323,4924537759396447,0
yield_resumed,1323,4924537759453986,0
consume_begin,1324,4924537759455806,0
consume_end,1324,4924537759456746,0
yield_resumed,1324,4924537759542146,0
consume_begin,1325,4924537759545236,0
consume_end,1325,4924537759546206,0
yield_resumed,1325,4924537759644045,0
consume_begin,1326,4924537759647675,0
consume_end,1326,4924537759648755,0
yield_resumed,1326,4924537759749014,0
consume_begin,1327,4924537759752704,0
consume_end,1327,4924537759754104,0
yield_resumed,1327,4924537759860053,0
consume_begin,1328,4924537759863383,0
consume_end,1328,4924537776376779,0
yield_resumed,1328,4924537776423289,0
consume_begin,1329,4924537776439049,0
consume_end,1329,4924537776440719,0
yield_resumed,1329,4924537776496399,0
consume_begin,1330,4924537776500099,0
consume_end,1330,4924537776501049,0
yield_resumed,1330,4924537776560768,0
consume_begin,1331,4924537776563568,0
consume_end,1331,4924537776564678,0
yield_resumed,1331,4924537776669827,0
consume_begin,1332,4924537776676617,0
consume_end,1332,4924537776677767,0
yield_resumed,1332,4924537776766347,0
consume_begin,1333,4924537776769897,0
consume_end,1333,4924537776770957,0
yield_resumed,1333,4924537776862636,0
consume_begin,1334,4924537776865176,0
consume_end,1334,4924537793234523,0
yield_resumed,1334,4924537793277023,0
consume_begin,1335,4924537793286883,0
consume_end,1335,4924537793288003,0
yield_resumed,1335,4924537793341203,0
consume_begin,1336,4924537793343293,0
consume_end,1336,4924537793344143,0
yield_resumed,1336,4924537793384362,0
consume_begin,1337,4924537793387102,0
consume_end,1337,4924537793387962,0
yield_resumed,1337,4924537793465982,0
consume_begin,1338,4924537793469512,0
consume_end,1338,4924537793470382,0
yield_resumed,1338,4924537793545831,0
consume_begin,1339,4924537793549551,0
consume_end,1339,4924537807688295,0
yield_resumed,1339,4924537807750145,0
consume_begin,1340,4924537807763045,0
consume_end,1340,4924537807764605,0
yield_resumed,1340,4924537807827114,0
consume_begin,1341,4924537807829634,0
consume_end,1341,4924537807830764,0
yield_resumed,1341,4924537807908674,0
consume_begin,1342,4924537807912813,0
consume_end,1342,4924537807914053,0
yield_resumed,1342,4924537808011283,0
consume_begin,1343,4924537808016103,0
consume_end,1343,4924537808017653,0
yield_resumed,1343,4924537808090012,0
consume_begin,1344,4924537808093772,0
consume_end,1344,4924537808095012,0
yield_resumed,1344,4924537808172212,0
consume_begin,1345,4924537808175612,0
consume_end,1345,4924537823493997,0
yield_resumed,1345,4924537823540986,0
consume_begin,1346,4924537823557196,0
consume_end,1346,4924537823558906,0
yield_resumed,1346,4924537823611406,0
consume_begin,1347,4924537823615506,0
consume_end,1347,4924537823616826,0
yield_resumed,1347,4924537823672805,0
consume_begin,1348,4924537823675255,0
consume_end,1348,4924537823676635,0
yield_resumed,1348,4924537823777375,0
consume_begin,1349,4924537823780885,0
consume_end,1349,4924537823781875,0
yield_resumed,1349,4924537823873754,0
consume_begin,1350,4924537823877654,0
consume_end,1350,4924537839971203,0
yield_resumed,1350,4924537840019723,0
consume_begin,1351,4924537840035403,0
consume_end,1351,4924537840037083,0
yield_resumed,1351,4924537840082603,0
consume_begin,1352,4924537840086493,0
consume_end,1352,4924537840087713,0
yield_resumed,1352,4924537840167402,0
consume_begin,1353,4924537840171162,0
consume_end,1353,4924537840172272,0
yield_resumed,1353,4924537840261031,0
consume_begin,1354,4924537840264811,0
consume_end,1354,4924537840265871,0
yield_resumed,1354,4924537840343081,0
consume_begin,1355,4924537840346601,0
consume_end,1355,4924537840347771,0
yield_resumed,1355,4924537840437050,0
consume_begin,1356,4924537840441040,0
consume_end,1356,4924537859308939,0
yield_resumed,1356,4924537859349248,0
consume_begin,1357,4924537859364868,0
consume_end,1357,4924537859366558,0
yield_resumed,1357,4924537859416478,0
consume_begin,1358,4924537859419708,0
consume_end,1358,4924537859420698,0
yield_resumed,1358,4924537859471417,0
consume_begin,1359,4924537859474447,0
consume_end,1359,4924537859475417,0
yield_resumed,1359,4924537859565237,0
consume_begin,1360,4924537859570377,0
consume_end,1360,4924537859571467,0
yield_resumed,1360,4924537859658866,0
consume_begin,1361,4924537859664096,0
consume_end,1361,4924537880246692,0
yield_resumed,1361,4924537880314861,0
consume_begin,1362,4924537880330201,0
consume_end,1362,4924537880331751,0
yield_resumed,1362,4924537880395551,0
consume_begin,1363,4924537880400121,0
consume_end,1363,4924537880401321,0
yield_resumed,1363,4924537880464160,0
consume_begin,1364,4924537880467760,0
consume_end,1364,4924537880468930,0
yield_resumed,1364,4924537880566160,0
consume_begin,1365,4924537880570500,0
consume_end,1365,4924537880571620,0
yield_resumed,1365,4924537880654899,0
consume_begin,1366,4924537880657939,0
consume_end,1366,4924537880659079,0
yield_resumed,1366,4924537880735958,0
consume_begin,1367,4924537880739158,0
consume_end,1367,4924537880740378,0
yield_resumed,1367,4924537880813818,0
consume_begin,1368,4924537880817198,0
consume_end,1368,4924537899943394,0
yield_resumed,1368,4924537900012204,0
consume_begin,1369,4924537900023414,0
consume_end,1369,4924537900024524,0
yield_resumed,1369,4924537900079843,0
consume_begin,1370,4924537900082893,0
consume_end,1370,4924537900084033,0
yield_resumed,1370,4924537900151823,0
consume_begin,1371,4924537900154183,0
consume_end,1371,4924537900155203,0
yield_resumed,1371,4924537900244732,0
consume_begin,1372,4924537900248422,0
consume_end,1372,4924537900249642,0
yield_resumed,1372,4924537900346041,0
consume_begin,1373,4924537900351371,0
consume_end,1373,4924537919165060,0
yield_resumed,1373,4924537919234680,0
consume_begin,1374,4924537919247240,0
consume_end,1374,4924537919248640,0
yield_resumed,1374,4924537919309469,0
consume_begin,1375,4924537919314319,0
consume_end,1375,4924537919315389,0
yield_resumed,1375,4924537919402639,0
consume_begin,1376,4924537919404729,0
consume_end,1376,4924537919406259,0
yield_resumed,1376,4924537919470248,0
consume_begin,1377,4924537919473668,0
consume_end,1377,4924537919474678,0
yield_resumed,1377,4924537919538458,0
consume_begin,1378,4924537919541808,0
consume_end,1378,4924537919542878,0
yield_resumed,1378,4924537919608137,0
consume_begin,1379,4924537919610527,0
consume_end,1379,4924537937782431,0
yield_resumed,1379,4924537937854801,0
consume_begin,1380,4924537937864821,0
consume_end,1380,4924537937866210,0
yield_resumed,1380,4924537937920660,0
consume_begin,1381,4924537937923030,0
consume_end,1381,4924537937924110,0
yield_resumed,1381,4924537937998050,0
consume_begin,1382,4924537938008889,0
consume_end,1382,4924537938009999,0
yield_resumed,1382,4924537938116309,0
consume_begin,1383,4924537938120279,0
consume_end,1383,4924537938121429,0
yield_resumed,1383,4924537938211248,0
consume_begin,1384,4924537938215998,0
consume_end,1384,4924537958016490,0
yield_resumed,1384,4924537958094629,0
consume_begin,1385,4924537958109939,0
consume_end,1385,4924537958111989,0
yield_resumed,1385,4924537958173479,0
consume_begin,1386,4924537958177438,0
consume_end,1386,4924537958178898,0
yield_resumed,1386,4924537958263768,0
consume_begin,1387,4924537958266868,0
consume_end,1387,4924537958267968,0
yield_resumed,1387,4924537958358987,0
consume_begin,1388,4924537958362347,0
consume_end,1388,4924537958363177,0
yield_resumed,1388,4924537958450616,0
consume_begin,1389,4924537958454986,0
consume_end,1389,4924537958455846,0
yield_resumed,1389,4924537958545876,0
consume_begin,1390,4924537958547916,0
consume_end,1390,4924537976654400,0
yield_resumed,1390,4924537976716310,0
consume_begin,1391,4924537976726350,0
consume_end,1391,4924537976727490,0
yield_resumed,1391,4924537976783279,0
consume_begin,1392,4924537976785099,0
consume_end,1392,4924537976785989,0
yield_resumed,1392,4924537976856619,0
consume_begin,1393,4924537976859819,0
consume_end,1393,4924537976860829,0
yield_resumed,1393,4924537976952508,0
consume_begin,1394,4924537976956078,0
consume_end,1394,4924537976957138,0
yield_resumed,1394,4924537977053907,0
consume_begin,1395,4924537977058027,0
consume_end,1395,4924537995437770,0
yield_resumed,1395,4924537995508919,0
consume_begin,1396,4924537995519949,0
consume_end,1396,4924537995521119,0
yield_resumed,1396,4924537995588658,0
consume_begin,1397,4924537995591508,0
consume_end,1397,4924537995592398,0
yield_resumed,1397,4924537995678138,0
consume_begin,1398,4924537995681058,0
consume_end,1398,4924537995682218,0
yield_resumed,1398,4924537995780927,0
consume_begin,1399,4924537995783677,0
consume_end,1399,4924537995784827,0
yield_resumed,1399,4924537995884376,0
consume_begin,1400,4924537995888316,0
consume_end,1400,4924538015691218,0
yield_resumed,1400,4924538015768407,0
consume_begin,1401,4924538015783507,0
consume_end,1401,4924538015785187,0
yield_resumed,1401,4924538015825997,0
consume_begin,1402,4924538015828797,0
consume_end,1402,4924538015829887,0
yield_resumed,1402,4924538015893586,0
consume_begin,1403,4924538015896736,0
consume_end,1403,4924538015897726,0
yield_resumed,1403,4924538015963886,0
consume_begin,1404,4924538015966646,0
consume_end,1404,4924538015967926,0
yield_resumed,1404,4924538016039295,0
consume_begin,1405,4924538016043395,0
consume_end,1405,4924538034300828,0
yield_resumed,1405,4924538034351618,0
consume_begin,1406,4924538034366958,0
consume_end,1406,4924538034368788,0
yield_resumed,1406,4924538034420968,0
consume_begin,1407,4924538034425638,0
consume_end,1407,4924538034426848,0
yield_resumed,1407,4924538034486527,0
consume_begin,1408,4924538034489047,0
consume_end,1408,4924538034490157,0
yield_resumed,1408,4924538034531297,0
consume_begin,1409,4924538034535317,0
consume_end,1409,4924538034536497,0
yield_resumed,1409,4924538034599356,0
consume_begin,1410,4924538034602326,0
consume_end,1410,4924538034603606,0
yield_resumed,1410,4924538034670346,0
consume_begin,1411,4924538034673486,0
consume_end,1411,4924538051897937,0
yield_resumed,1411,4924538051976346,0
consume_begin,1412,4924538051988186,0
consume_end,1412,4924538051989726,0
yield_resumed,1412,4924538052280794,0
consume_begin,1413,4924538052285434,0
consume_end,1413,4924538052286674,0
yield_resumed,1413,4924538052349873,0
consume_begin,1414,4924538052353313,0
consume_end,1414,4924538052354323,0
yield_resumed,1414,4924538052416983,0
consume_begin,1415,4924538052419093,0
consume_end,1415,4924538052420063,0
yield_resumed,1415,4924538052485062,0
consume_begin,1416,4924538052488862,0
consume_end,1416,4924538071386391,0
yield_resumed,1416,4924538071428911,0
consume_begin,1417,4924538071441290,0
consume_end,1417,4924538071442780,0
yield_resumed,1417,4924538071478940,0
consume_begin,1418,4924538071482710,0
consume_end,1418,4924538071483920,0
yield_resumed,1418,4924538071541470,0
consume_begin,1419,4924538071544710,0
consume_end,1419,4924538071545860,0
yield_resumed,1419,4924538071608899,0
consume_begin,1420,4924538071612689,0
consume_end,1420,4924538071613799,0
yield_resumed,1420,4924538071653869,0
consume_begin,1421,4924538071657449,0
consume_end,1421,4924538071659449,0
yield_resumed,1421,4924538071673779,0
drain_done,1422,4924538071677979,3739342236
