slot,submitted_ns,started_ns,completed_ns,helper,cpu_ns,status
0,4924532953855651,4924532953923010,4924532977525064,1,22834704,Completed
1,4924532953861531,4924532953940470,4924532981998120,1,27490016,Completed
2,4924532953866601,4924532953994870,4924532988208894,1,26528166,Completed
3,4924532953872751,4924532953928260,4924532987124452,1,22574512,Completed
4,4924532953909891,4924532977529494,4924533000517842,1,20937921,Completed
5,4924532953910801,4924532982010720,4924533002457417,1,20405171,Completed
6,4924532953913161,4924532987129242,4924533004442522,1,17289380,Completed
7,4924532953913511,4924532988215754,4924533004399633,1,16183239,Completed
8,4924532953913901,4924533000524532,4924533015142792,1,14617408,Completed
9,4924532953918331,4924533002462157,4924533017324396,1,14861469,Completed
10,4924532953918571,4924533004404592,4924533020588061,1,16182769,Completed
11,4924532953919281,4924533004446592,4924533017992061,1,13544817,Completed
12,4924532961521424,4924533015149192,4924533030700196,1,14840659,Completed
13,4924532961525074,4924533017328596,4924533032764290,1,15435078,Completed
14,4924532961525634,4924533017996951,4924533032333323,1,14335668,Completed
15,4924532961526144,4924533020592571,4924533037976731,1,17383419,Completed
16,4924532961526574,4924533030707046,4924533048187765,1,17479880,Completed
17,4924532961539033,4924533032349013,4924533048879709,1,16529989,Completed
18,4924532961539273,4924533032767110,4924533054508417,1,21740652,Completed
19,4924532961539723,4924533037981661,4924533060550772,1,22568443,Completed
20,4924532961539953,4924533048192515,4924533069242747,1,21049512,Completed
21,4924532961540193,4924533048881329,4924533069397646,1,20515392,Completed
22,4924532961542513,4924533054512817,4924533078730036,1,24216474,Completed
23,4924532961542753,4924533060554302,4924533084728551,1,24173543,Completed
24,4924532961542993,4924533069247507,4924533089605704,1,20357351,Completed
25,4924532967671298,4924533069398936,4924533090715456,1,20646541,Completed
26,4924532967674848,4924533078735426,4924533099807418,1,20450212,Completed
27,4924532967692178,4924533084734051,4924533107148303,1,22413553,Completed
28,4924532967693368,4924533089611104,4924533108841240,1,19229431,Completed
29,4924532967693848,4924533090720046,4924533112604872,1,21884043,Completed
30,4924532967694518,4924533099812908,4924533120500023,1,20686451,Completed
31,4924532967694997,4924533107153213,4924533129156418,1,21979022,Completed
32,4924532967698827,4924533108846170,4924533128771711,1,19905961,Completed
33,4924532967712157,4924533112611402,4924533134917975,1,22288042,Completed
34,4924532967712427,4924533120505453,4924533140097476,1,19571391,Completed
35,4924532967712797,4924533128776091,4924533149447456,1,20545811,Completed
36,4924532967713087,4924533129160628,4924533152489443,1,23156043,Completed
37,4924532967713457,4924533134924015,4924533158127751,1,23202883,Completed
38,4924532974011520,4924533140102246,4924533159631330,1,19528491,Completed
39,4924532974015730,4924533149453786,4924533169684425,1,20206731,Completed
40,4924532974016840,4924533152493573,4924533175297373,1,22803122,Completed
41,4924532974027440,4924533158132601,4924533180612163,1,22457032,Completed
42,4924532974027990,4924533159637000,4924533180341615,1,20703921,Completed
43,4924532974030720,4924533169689285,4924533190828926,1,21138622,Completed
44,4924532974031190,4924533175301853,4924533196211336,1,20908762,Completed
45,4924532974031550,4924533180346375,4924533201678135,1,21331052,Completed
46,4924532974031950,4924533180616233,4924533202936196,1,22295913,Completed
47,4924532974032250,4924533190832936,4924533212893611,1,22059682,Completed
48,4924532974032540,4924533196216266,4924533215502061,1,19285171,Completed
49,4924532974034160,4924533201682475,4924533223342613,1,21659472,Completed
50,4924532974034450,4924533202942986,4924533223349623,1,20405871,Completed
51,4924532980864289,4924533212897911,4924533230808887,1,17828600,Completed
52,4924532980866829,4924533215506491,4924533235491982,1,19984861,Completed
53,4924532980867469,4924533223348313,4924533245512197,1,22163162,Completed
54,4924532980867979,4924533223353733,4924533240279266,1,16924870,Completed
55,4924532980868569,4924533230813397,4924533248606963,1,17725740,Completed
56,4924532980868949,4924533235497812,4924533254224952,1,18100539,Completed
57,4924532980883369,4924533240284316,4924533259165294,1,18880260,Completed
58,4924532980883679,4924533245517337,4924533262416050,1,16897880,Completed
59,4924532980905368,4924533248611783,4924533270291411,1,21679002,Completed
60,4924532980906658,4924533254229801,4924533273195029,1,18905141,Completed
61,4924532980907078,4924533259172524,4924533281759595,1,22586303,Completed
62,4924532980907608,4924533262420110,4924533283531062,1,21110252,Completed
63,4924532980907888,4924533270295741,4924533286909257,1,16612859,Completed
64,4924532987427780,4924533273199909,4924533295296434,1,22095622,Completed
65,4924532987442889,4924533281765005,4924533297243589,1,15477818,Completed
66,4924532987445529,4924533283536212,4924533303204275,1,19648611,Completed
67,4924532987445859,4924533286914807,4924533309197130,1,22281573,Completed
68,4924532987446689,4924533295300064,4924533315546732,1,20246041,Completed
69,4924532987447309,4924533297247069,4924533314866157,1,17618440,Completed
70,4924532987447719,4924533303209125,4924533326976487,1,23766763,Completed
71,4924532987448099,4924533309201380,4924533325976914,1,15398509,Completed
72,4924532987448569,4924533314870947,4924533333704986,1,15840068,Completed
73,4924532987448859,4924533315548782,4924533329243300,1,13693878,Completed
74,4924532987449229,4924533325980914,4924533347231365,1,21249842,Completed
75,4924532987451819,4924533326978017,4924533346156143,1,19177480,Completed
76,4924532997519734,4924533329247610,4924533347454743,1,18206190,Completed
77,4924532997522864,4924533333709836,4924533355590002,1,21879553,Completed
78,4924532997523754,4924533346161253,4924533369296140,1,23134053,Completed
79,4924532997524394,4924533347234205,4924533368550495,1,21290872,Completed
80,4924532997524814,4924533347458733,4924533360745894,1,13286368,Completed
81,4924532997525284,4924533355594512,4924533372282047,1,16686859,Completed
82,4924532997525674,4924533360750964,4924533375497353,1,14745618,Completed
83,4924532997526074,4924533368557585,4924533385393559,1,16835229,Completed
84,4924532997537454,4924533369298130,4924533383145166,1,13846158,Completed
85,4924532997537764,4924533372286657,4924533385509258,1,13221967,Completed
86,4924532997538174,4924533375502303,4924533388288087,1,12785067,Completed
87,4924532997538564,4924533383149016,4924533396479526,1,13329737,Completed
88,4924532997538934,4924533385397479,4924533397408619,1,12010267,Completed
89,4924533008083645,4924533385513628,4924533399685862,1,14171318,Completed
90,4924533008086655,4924533388293457,4924533403821111,1,15526898,Completed
91,4924533008087305,4924533396484136,4924533419698042,1,23213193,Completed
92,4924533008087965,4924533397410929,4924533420647965,1,23101903,Completed
93,4924533008088435,4924533399691702,4924533418823509,1,19131091,Completed
94,4924533008088745,4924533403827221,4924533424151359,1,20306592,Completed
95,4924533008089325,4924533418828429,4924533439351395,1,20522261,Completed
96,4924533008100475,4924533419702472,4924533444046320,1,24343194,Completed
97,4924533008100835,4924533420650765,4924533443939431,1,23287923,Completed
98,4924533008101225,4924533424156479,4924533443372605,1,19215500,Completed
99,4924533008103325,4924533439356065,4924533459008538,1,19651771,Completed
100,4924533008103905,4924533443377985,4924533463968021,1,20589342,Completed
101,4924533008104215,4924533443942871,4924533464190559,1,20219451,Completed
102,4924533017978011,4924533444047500,4924533467014898,1,22966723,Completed
103,4924533017981671,4924533459013888,4924533475458915,1,16444309,Completed
104,4924533017982371,4924533463973871,4924533479708653,1,15734139,Completed
105,4924533017982771,4924533464194239,4924533482494422,1,18273810,Completed
106,4924533017983281,4924533467019288,4924533488348688,1,21328581,Completed
107,4924533017984151,4924533475464505,4924533494031146,1,18566021,Completed
108,4924533017984621,4924533479713663,4924533499173367,1,19459040,Completed
109,4924533017984891,4924533482499442,4924533501362891,1,18862831,Completed
110,4924533017985171,4924533488353648,4924533511203627,1,22127743,Completed
111,4924533017985711,4924533494036045,4924533513470390,1,19433520,Completed
112,4924533017986601,4924533499178037,4924533518540902,1,19362221,Completed
113,4924533017986871,4924533501370011,4924533521218982,1,19848081,Completed
114,4924533017987231,4924533511208237,4924533535746533,1,24537524,Completed
115,4924533032556102,4924533513475660,4924533533111333,1,19634931,Completed
116,4924533032565642,4924533518545552,4924533538300394,1,19754161,Completed
117,4924533032571482,4924533521223732,4924533540789885,1,19565511,Completed
118,4924533032574261,4924533533115753,4924533550075666,1,16959220,Completed
119,4924533032574661,4924533535750593,4924533556497378,1,20699951,Completed
120,4924533032574951,4924533538305494,4924533557856758,1,19550361,Completed
121,4924533032575371,4924533540795105,4924533558952449,1,18156690,Completed
122,4924533032575651,4924533550080796,4924533569479411,1,19397950,Completed
123,4924533032586901,4924533556502948,4924533576904205,1,20345162,Completed
124,4924533032587251,4924533557861007,4924533576143021,1,18281280,Completed
125,4924533032587551,4924533558956629,4924533576212510,1,17255179,Completed
126,4924533032587931,4924533569483641,4924533587723034,1,18238791,Completed
127,4924533042236019,4924533576147651,4924533594648772,1,18500470,Completed
128,4924533042249019,4924533576213910,4924533594753681,1,18539111,Completed
129,4924533042272629,4924533576908215,4924533595733214,1,18805120,Completed
130,4924533042272999,4924533587727834,4924533606322465,1,18594060,Completed
131,4924533042273649,4924533594653572,4924533612589348,1,17935150,Completed
132,4924533042273929,4924533594755341,4924533613063614,1,18307710,Completed
133,4924533042274279,4924533595737484,4924533616061862,1,20300071,Completed
134,4924533042274539,4924533606329674,4924533624694967,1,18364660,Completed
135,4924533042274819,4924533612593928,4924533631620095,1,19025591,Completed
136,4924533042277339,4924533613065454,4924533631568505,1,18502430,Completed
137,4924533042279579,4924533616066032,4924533634083087,1,18016220,Completed
138,4924533042279999,4924533624703617,4924533643754814,1,19050291,Completed
139,4924533042280339,4924533631576765,4924533651149219,1,19571791,Completed
140,4924533050595516,4924533631621315,4924533650199556,1,18577590,Completed
141,4924533050599306,4924533634087707,4924533656017202,1,21928583,Completed
142,4924533050599846,4924533643760384,4924533661837479,1,18076470,Completed
143,4924533050604106,4924533650203996,4924533668965276,1,18760591,Completed
144,4924533050604866,4924533651152339,4924533668223841,1,17070889,Completed
145,4924533050605276,4924533656021892,4924533675475747,1,19452830,Completed
146,4924533050605786,4924533661842769,4924533678889361,1,17045949,Completed
147,4924533050606146,4924533668229601,4924533684407910,1,16177579,Completed
148,4924533050606566,4924533668967206,4924533684726498,1,15758689,Completed
149,4924533050609916,4924533675481497,4924533696054883,1,20572452,Completed
150,4924533050610366,4924533678895041,4924533696785817,1,17889960,Completed
151,4924533050610796,4924533684413680,4924533703395068,1,18980761,Completed
152,4924533050611226,4924533684727978,4924533700986386,1,16257769,Completed
153,4924533059477760,4924533696059213,4924533717940369,1,21858462,Completed
154,4924533059482620,4924533696790607,4924533714579594,1,17788280,Completed
155,4924533059483010,4924533700991656,4924533718474675,1,17482399,Completed
156,4924533059483510,4924533703399648,4924533720842347,1,17442070,Completed
157,4924533059487870,4924533714585344,4924533731158330,1,16572249,Completed
158,4924533059488150,4924533717944479,4924533738259917,1,20314621,Completed
159,4924533059488430,4924533718478705,4924533735799415,1,17320080,Completed
160,4924533059494960,4924533720846487,4924533737459362,1,16611879,Completed
161,4924533059495410,4924533731164950,4924533748141253,1,16975680,Completed
162,4924533059495740,4924533735804815,4924533753182775,1,17377210,Completed
163,4924533059496090,4924533737465072,4924533755362968,1,17897100,Completed
164,4924533059496360,4924533738265706,4924533761517612,1,23229553,Completed
165,4924533059496640,4924533748145743,4924533765566722,1,17420279,Completed
166,4924533067668659,4924533753188095,4924533772885287,1,19696511,Completed
167,4924533067673089,4924533755367848,4924533772567470,1,17198849,Completed
168,4924533067673369,4924533761523122,4924533784346521,1,22822613,Completed
169,4924533067673739,4924533765571542,4924533784351511,1,18779231,Completed
170,4924533067674119,4924533772572610,4924533791252010,1,18678751,Completed
171,4924533067674579,4924533772886367,4924533791360159,1,18473150,Completed
172,4924533067674869,4924533784350261,4924533804077834,1,19726751,Completed
173,4924533067675159,4924533784356161,4924533802400256,1,18043150,Completed
174,4924533067675519,4924533791257640,4924533809376294,1,18118010,Completed
175,4924533067679639,4924533791361639,4924533809140916,1,17778630,Completed
176,4924533067684609,4924533802405456,4924533821488583,1,19051621,Completed
177,4924533067684909,4924533804082684,4924533823745376,1,19661931,Completed
178,4924533076528742,4924533809145856,4924533827809796,1,18663320,Completed
179,4924533076535782,4924533809377724,4924533828150983,1,18772600,Completed
180,4924533076536312,4924533821493493,4924533837641382,1,16120368,Completed
181,4924533076536942,4924533823749406,4924533844360482,1,20578361,Completed
182,4924533076537492,4924533827813966,4924533845750912,1,17904350,Completed
183,4924533076537942,4924533828152503,4924533843980025,1,15826909,Completed
184,4924533076538222,4924533837647682,4924533854761584,1,17113260,Completed
185,4924533076538582,4924533843986025,4924533862924553,1,18937881,Completed
186,4924533076539052,4924533844364492,4924533862134209,1,17694640,Completed
187,4924533076539332,4924533845755442,4924533863388440,1,17632380,Completed
188,4924533076539592,4924533854767544,4924533872147374,1,17379200,Completed
189,4924533076540042,4924533862138789,4924533883555758,1,21416042,Completed
190,4924533076543322,4924533862929563,4924533881315145,1,18384950,Completed
191,4924533082093031,4924533863389610,4924533880939288,1,17549110,Completed
192,4924533082101821,4924533872152304,4924533890389917,1,18236820,Completed
193,4924533082102541,4924533880943478,4924533899804667,1,18860510,Completed
194,4924533082103111,4924533881316875,4924533899642418,1,18324960,Completed
195,4924533082103381,4924533883561058,4924533906206109,1,22605283,Completed
196,4924533082103840,4924533890394427,4924533908861769,1,18466350,Completed
197,4924533082104200,4924533899647388,4924533918651386,1,19003221,Completed
198,4924533082104690,4924533899806247,4924533918689165,1,18882231,Completed
199,4924533082105760,4924533906209619,4924533929067058,1,22856342,Completed
200,4924533082110270,4924533908867449,4924533928253874,1,19385681,Completed
201,4924533082110940,4924533918657816,4924533937888341,1,19229550,Completed
202,4924533082111240,4924533918690975,4924533937936481,1,19244810,Completed
203,4924533089818473,4924533928258824,4924533947784037,1,19524581,Completed
204,4924533089821393,4924533929071468,4924533954971094,1,25898835,Completed
205,4924533089821853,4924533937893331,4924533957511595,1,19617571,Completed
206,4924533089822173,4924533937937871,4924533957520694,1,19582191,Completed
207,4924533089822583,4924533947788617,4924533967582229,1,19793001,Completed
208,4924533089822903,4924533954978223,4924533980801020,1,25821794,Completed
209,4924533089823413,4924533957516205,4924533977738883,1,20222051,Completed
210,4924533089823703,4924533957522254,4924533977987321,1,20464441,Completed
211,4924533089825993,4924533967586789,4924533987596139,1,20008731,Completed
212,4924533089826293,4924533977743573,4924533996611972,1,18867831,Completed
213,4924533089826673,4924533977988801,4924533996954409,1,18964951,Completed
214,4924533089826953,4924533980806220,4924534006211310,1,25404284,Completed
215,4924533089831123,4924533987601809,4924534006565637,1,18963250,Completed
216,4924533095300562,4924533996615992,4924534016087146,1,19470491,Completed
217,4924533095303672,4924533996956059,4924534016413083,1,19456331,Completed
218,4924533095304102,4924534006216550,4924534028895370,1,22678003,Completed
219,4924533095304692,4924534006569927,4924534025404276,1,18807451,Completed
220,4924533095305062,4924534016094126,4924534034575738,1,18480840,Completed
221,4924533095311222,4924534016414383,4924534034628067,1,18213190,Completed
222,4924533095311652,4924534025409006,4924534044427294,1,19017640,Completed
223,4924533095312282,4924534028899940,4924534050467988,1,21567212,Completed
224,4924533095318462,4924534034580507,4924534053808833,1,19227561,Completed
225,4924533095318952,4924534034629217,4924534053754974,1,19125191,Completed
226,4924533095319392,4924534044432274,4924534063293312,1,18860381,Completed
227,4924533095319892,4924534050472418,4924534071954478,1,21480802,Completed
228,4924533102202580,4924534053759514,4924534072721232,1,18961140,Completed
229,4924533102206240,4924534053810323,4924534072467244,1,18656150,Completed
230,4924533102206730,4924534063298252,4924534080622793,1,17323860,Completed
231,4924533102207400,4924534071959097,4924534093239718,1,21279832,Completed
232,4924533102208070,4924534072471154,4924534089223358,1,16751579,Completed
233,4924533102208450,4924534072722252,4924534088579933,1,15857029,Completed
234,4924533102208940,4924534080627253,4924534095961988,1,15334038,Completed
235,4924533102228970,4924534088586653,4924534106796307,1,18208980,Completed
236,4924533102229410,4924534089225618,4924534108463804,1,19237611,Completed
237,4924533102229790,4924534093244198,4924534114434509,1,21165651,Completed
238,4924533102230210,4924534095968028,4924534116412065,1,20443481,Completed
239,4924533102230510,4924534106801797,4924534125534266,1,18731860,Completed
240,4924533102231290,4924534108468264,4924534127728740,1,19259861,Completed
241,4924533110176400,4924534114439649,4924534137824774,1,23265803,Completed
242,4924533110183400,4924534116417585,4924534133958013,1,17539740,Completed
243,4924533110183980,4924534125539456,4924534143537011,1,17996920,Completed
244,4924533110184510,4924534127733630,4924534145769085,1,18034770,Completed
245,4924533110185020,4924534133962923,4924534149581796,1,15598399,Completed
246,4924533110185340,4924534137829014,4924534155950669,1,18121080,Completed
247,4924533110185720,4924534143542021,4924534163054885,1,19485831,Completed
248,4924533110186000,4924534145774325,4924534163498422,1,17703780,Completed
249,4924533110193440,4924534149585556,4924534166742578,1,17156279,Completed
250,4924533110202830,4924534155955328,4924534179344193,1,23388223,Completed
251,4924533110213570,4924534163059215,4924534181846195,1,18786341,Completed
252,4924533110213990,4924534163500442,4924534181302099,1,17801099,Completed
253,4924533117318137,4924534166747048,4924534182669998,1,15922329,Completed
254,4924533117322667,4924534179349023,4924534199847630,1,20497882,Completed
255,4924533117323147,4924534181307209,4924534197116480,1,15808539,Completed
256,4924533117329717,4924534181847915,4924534199365603,1,17517109,Completed
257,4924533117364877,4924534182671298,4924534198662349,1,15990469,Completed
258,4924533117365696,4924534197121840,4924534214961856,1,17839300,Completed
259,4924533117368066,4924534198665759,4924534215133435,1,16467099,Completed
260,4924533117368546,4924534199367783,4924534217747506,1,18379121,Completed
261,4924533117371046,4924534199851640,4924534221520167,1,21667822,Completed
262,4924533117371416,4924534214967226,4924534232865242,1,17897340,Completed
263,4924533117371976,4924534215134465,4924534231651882,1,16516859,Completed
264,4924533117372276,4924534217751816,4924534231478683,1,13726207,Completed
265,4924533117372766,4924534221524717,4924534237397919,1,15851259,Completed
266,4924533123674519,4924534231484023,4924534245681707,1,14196928,Completed
267,4924533123681519,4924534231653432,4924534249957594,1,18303551,Completed
268,4924533123681939,4924534232867192,4924534252165658,1,19297861,Completed
269,4924533123682289,4924534237403019,4924534259613032,1,22209182,Completed
270,4924533123682949,4924534245686007,4924534263032647,1,17345890,Completed
271,4924533123683559,4924534249966074,4924534266778158,1,16811399,Completed
272,4924533123683829,4924534252172908,4924534269078181,1,16904359,Completed
273,4924533123684109,4924534259617662,4924534280047919,1,20429581,Completed
274,4924533123684379,4924534263038437,4924534280657175,1,17618110,Completed
275,4924533123684869,4924534266783288,4924534284918813,1,18134870,Completed
276,4924533123685129,4924534269084171,4924534285330310,1,16245379,Completed
277,4924533123685439,4924534280053129,4924534302731829,1,22677983,Completed
278,4924533129592535,4924534280663964,4924534299825661,1,19161070,Completed
279,4924533129595205,4924534284923813,4924534303146336,1,18221830,Completed
280,4924533129595735,4924534285332240,4924534302276163,1,16943200,Completed
281,4924533129596215,4924534299831051,4924534318202753,1,18371051,Completed
282,4924533129596605,4924534302281713,4924534320640275,1,18357850,Completed
283,4924533129598815,4924534302735669,4924534322817149,1,20080781,Completed
284,4924533129599115,4924534303149806,4924534322999967,1,19849571,Completed
285,4924533129599405,4924534318208043,4924534336786914,1,18578200,Completed
286,4924533129601705,4924534320647405,4924534339110497,1,18462440,Completed
287,4924533129602025,4924534322822369,4924534343379615,1,20531481,Completed
288,4924533129606245,4924534323014457,4924534341230531,1,18215360,Completed
289,4924533129606565,4924534336792804,4924534357796137,1,20972782,Completed
290,4924533129606855,4924534339115597,4924534355121147,1,16004809,Completed
291,4924533135978287,4924534341238581,4924534359922431,1,18683201,Completed
292,4924533135981617,4924534343384815,4924534374378883,1,30908387,Completed
293,4924533135982107,4924534355130067,4924534375439685,1,20308841,Completed
294,4924533135986667,4924534357801717,4924534380216609,1,22414262,Completed
295,4924533135987367,4924534359927511,4924534379874881,1,19946631,Completed
296,4924533135987877,4924534374383323,4924534398441892,1,24057863,Completed
297,4924533135991807,4924534375445025,4924534392789845,1,17343650,Completed
298,4924533135992207,4924534379880111,4924534396479277,1,16598389,Completed
299,4924533135993437,4924534380218449,4924534398422573,1,18203490,Completed
300,4924533135993837,4924534390736520,4924534406075085,0,15335348,Completed
301,4924533135994657,4924534392796065,4924534409195682,1,16398819,Completed
302,4924533135994947,4924534396484467,4924534413362911,1,16877849,Completed
303,4924533147084664,4924534398427393,4924534416776825,1,18319660,Completed
304,4924533147090084,4924534398445262,4924534416981834,1,18535850,Completed
305,4924533147090894,4924534406481132,4924534426652421,0,20127461,Completed
306,4924533147091304,4924534409200882,4924534426290314,1,17088770,Completed
307,4924533147091534,4924534413366451,4924534426341254,1,12974178,Completed
308,4924533147091864,4924534416780835,4924534432602597,1,15820969,Completed
309,4924533147092184,4924534416985844,4924534433882337,1,16895700,Completed
310,4924533147092624,4924534426295974,4924534443557225,1,17260589,Completed
311,4924533147092994,4924534426342954,4924534440640677,1,14297148,Completed
312,4924533147095154,4924534427237177,4924534443820603,0,16556059,Completed
313,4924533147095384,4924534432609177,4924534449595969,1,16986230,Completed
314,4924533147095614,4924534433888427,4924534451645574,1,17756490,Completed
315,4924533147095844,4924534440643876,4924534455215717,1,14571208,Completed
316,4924533159887628,4924534443563265,4924534458136026,1,14572118,Completed
317,4924533159891178,4924534444177960,4924534461365251,0,17110579,Completed
318,4924533159891748,4924534449601069,4924534465376241,1,15774598,Completed
319,4924533159892588,4924534451652244,4924534468437158,1,16784129,Completed
320,4924533159894978,4924534455219687,4924534469621699,1,14401378,Completed
321,4924533159895578,4924534458140155,4924534472904675,1,14763698,Completed
322,4924533159895888,4924534461745288,4924534474161205,0,12393617,Completed
323,4924533159896248,4924534465381321,4924534480823136,1,15413249,Completed
324,4924533159896568,4924534468441298,4924534486307445,1,17865400,Completed
325,4924533159899308,4924534469624879,4924534483528545,1,13903057,Completed
326,4924533159899538,4924534472907925,4924534487811213,1,14902719,Completed
327,4924533159899768,4924534474512673,4924534494732311,0,20218762,Completed
328,4924533170482809,4924534480829056,4924534496142791,1,15313108,Completed
329,4924533170485349,4924534483531845,4924534499960972,1,16428440,Completed
330,4924533170485739,4924534486312215,4924534504727307,1,18414380,Completed
331,4924533170485969,4924534487814413,4924534504245070,1,16430039,Completed
332,4924533170486419,4924534495161238,4924534514396714,0,19234381,Completed
333,4924533170486739,4924534496148961,4924534514286245,1,18136550,Completed
334,4924533170487169,4924534499965082,4924534516082682,1,16117008,Completed
335,4924533170487469,4924534504248580,4924534520329030,1,16079849,Completed
336,4924533170487889,4924534504732216,4924534522626873,1,17893940,Completed
337,4924533170488119,4924534514290935,4924534530882991,1,16591330,Completed
338,4924533170488449,4924534514884081,4924534531719424,0,16834099,Completed
339,4924533170488689,4924534516086982,4924534530419424,1,14331768,Completed
340,4924533170489049,4924534520332030,4924534534974050,1,14641348,Completed
341,4924533181052430,4924534522631942,4924534540333970,1,17701230,Completed
342,4924533181055499,4924534530422884,4924534545620550,1,15173339,Completed
343,4924533181055909,4924534530884521,4924534548368260,1,17483089,Completed
344,4924533181056379,4924534532275540,4924534549865479,0,17588840,Completed
345,4924533181057079,4924534534976980,4924534550164486,1,15186968,Completed
346,4924533181057469,4924534540338370,4924534558264166,1,17925200,Completed
347,4924533181060289,4924534545626440,4924534560131342,1,14504288,Completed
348,4924533181060599,4924534548374250,4924534564737807,1,16362879,Completed
349,4924533181063019,4924534550173026,4924534566648163,1,16474210,Completed
350,4924533181063429,4924534550411285,4924534569245704,0,18759810,Completed
351,4924533181063859,4924534558269726,4924534576855337,1,18584760,Completed
352,4924533181068469,4924534560135682,4924534576824177,1,16687509,Completed
353,4924533189943913,4924534564741347,4924534581126084,1,16384110,Completed
354,4924533189947073,4924534566652463,4924534582731092,1,16077838,Completed
355,4924533189947913,4924534569645190,4924534587985773,0,18339610,Completed
356,4924533189948573,4924534576830107,4924534593495752,1,16665039,Completed
357,4924533189949163,4924534576859697,4924534595817014,1,18956401,Completed
358,4924533189957483,4924534581131344,4924534597948189,1,16815999,Completed
359,4924533189957863,4924534582735942,4924534598994561,1,16257890,Completed
360,4924533189958413,4924534588340740,4924534604920356,0,16578759,Completed
361,4924533189958943,4924534593501442,4924534608740858,1,15208339,Completed
362,4924533189959323,4924534595823624,4924534614556794,1,18732020,Completed
363,4924533189959593,4924534597953498,4924534616074843,1,18120530,Completed
364,4924533189959903,4924534598998811,4924534616895687,1,17896049,Completed
365,4924533189960193,4924534605239144,4924534624264831,0,19024581,Completed
366,4924533189960463,4924534608744978,4924534625039666,1,16294039,Completed
367,4924533200864851,4924534614563634,4924534633640711,1,19076291,Completed
368,4924533200873361,4924534616079813,4924534634911552,1,18831040,Completed
369,4924533200873811,4924534616898217,4924534634137558,1,17238720,Completed
370,4924533200874251,4924534624669278,4924534643462278,0,18791990,Completed
371,4924533200874701,4924534625046476,4924534641335894,1,16288789,Completed
372,4924533200875131,4924534633646161,4924534653274224,1,19627351,Completed
373,4924533200875421,4924534634142818,4924534652497690,1,18354060,Completed
374,4924533200875821,4924534634914002,4924534649437333,1,14522579,Completed
375,4924533200876161,4924534641339714,4924534656275622,1,14935268,Completed
376,4924533200876501,4924534643886745,4924534662747133,0,18858881,Completed
377,4924533200876961,4924534649443083,4924534668187003,1,18743180,Completed
378,4924533200877271,4924534652502070,4924534668275642,1,15737349,Completed
379,4924533207361662,4924534653278354,4924534671758686,1,18479610,Completed
380,4924533207365102,4924534656280532,4924534672307182,1,16025899,Completed
381,4924533207365732,4924534663149700,4924534682377126,0,19226381,Completed
382,4924533207366372,4924534668192203,4924534687314859,1,19121911,Completed
383,4924533207367012,4924534668276772,4924534687525068,1,19247441,Completed
384,4924533207374012,4924534671763326,4924534690843923,1,19079451,Completed
385,4924533207374352,4924534672310922,4924534689429473,1,17117930,Completed
386,4924533207374662,4924534682797153,4924534701532553,0,18734381,Completed
387,4924533207382262,4924534687319559,4924534706128908,1,18808800,Completed
388,4924533207382582,4924534687526368,4924534705761621,1,18234680,Completed
389,4924533207385422,4924534689433763,4924534705709152,1,16274759,Completed
390,4924533207385932,4924534690849083,4924534711625807,1,20775951,Completed
391,4924533207386262,4924534701866080,4924534719405059,0,17538019,Completed
392,4924533226836167,4924534705713592,4924534722470426,1,16756269,Completed
393,4924533226839657,4924534705763231,4924534721505403,1,15741599,Completed
394,4924533226840487,4924534706130168,4924534723665927,1,17535160,Completed
395,4924533226840957,4924534711630417,4924534731059172,1,19428031,Completed
396,4924533226841307,4924534719792726,4924534737890721,0,18096840,Completed
397,4924533226841537,4924534721509133,4924534735618268,1,14084507,Completed
398,4924533226841837,4924534722472676,4924534735124711,1,12625677,Completed
399,4924533226848716,4924534723668847,4924534740788769,1,17119289,Completed
400,4924533226849056,4924534731064372,4924534748752309,1,17687130,Completed
401,4924533226849566,4924534735129411,4924534750932153,1,15801949,Completed
402,4924533226849956,4924534735620148,4924534750988683,1,15367659,Completed
403,4924533226850286,4924534738549126,4924534757322295,0,18771560,Completed
404,4924533260877902,4924534740794879,4924534756675160,1,15879699,Completed
405,4924533260880522,4924534748757089,4924534766200219,1,17442079,Completed
406,4924533260880922,4924534750936643,4924534766322628,1,15385098,Completed
407,4924533260881372,4924534750990393,4924534767853576,1,16862519,Completed
408,4924533260881762,4924534756679620,4924534773229136,1,16548929,Completed
409,4924533260881992,4924534757840371,4924534771591118,0,13749557,Completed
410,4924533260882312,4924534766206189,4924534782026920,1,15820099,Completed
411,4924533260885892,4924534766325718,4924534779925836,1,13599477,Completed
412,4924533260886122,4924534767861016,4924534783305691,1,15443929,Completed
413,4924533260888142,4924534771916726,4924534790508307,0,18590690,Completed
414,4924533260888462,4924534773233996,4924534789275636,1,16040929,Completed
415,4924533260888812,4924534779931336,4924534795850457,1,15918499,Completed
416,4924533283681481,4924534782032010,4924534803388870,1,21356282,Completed
417,4924533283685791,4924534783310871,4924534803288191,1,19949881,Completed
418,4924533283686821,4924534789280336,4924534807715218,1,18434200,Completed
419,4924533283687761,4924534791051573,4924534810833874,0,19781131,Completed
420,4924533283688521,4924534795855826,4924534815468990,1,19612141,Completed
421,4924533283689651,4924534803292551,4924534821250476,1,17956900,Completed
422,4924533283690191,4924534803393080,4924534820862819,1,17469130,Completed
423,4924533283690901,4924534807721048,4924534826090030,1,18368210,Completed
424,4924533283691851,4924534811211141,4924534831210092,0,19997602,Completed
425,4924533283692291,4924534815475110,4924534833874642,1,18370270,Completed
426,4924533283692801,4924534820868189,4924534840836160,1,19967381,Completed
427,4924533283693861,4924534821254686,4924534839364201,1,18108790,Completed
428,4924533283699921,4924534826094690,4924534843115233,1,17019729,Completed
429,4924533283700421,4924534831594299,4924534849374656,0,17779200,Completed
430,4924533289343458,4924534833880182,4924534847323351,1,13442528,Completed
431,4924533289346928,4924534839369991,4924534854316829,1,14946098,Completed
432,4924533289353298,4924534840840570,4924534859204832,1,18363540,Completed
433,4924533289354168,4924534843119773,4924534860557572,1,17437060,Completed
434,4924533289354918,4924534847328231,4924534863243752,1,15886848,Completed
435,4924533289355708,4924534849906612,4924534868415163,0,18506790,Completed
436,4924533289356168,4924534854321949,4924534871502780,1,17180130,Completed
437,4924533289356928,4924534859209362,4924534876836860,1,17626870,Completed
438,4924533289357428,4924534860562892,4924534878073391,1,17509870,Completed
439,4924533289358008,4924534863247512,4924534878144990,1,14896889,Completed
440,4924533289358818,4924534868807540,4924534886652027,0,17843350,Completed
441,4924533289359188,4924534871507450,4924534887889107,1,16381029,Completed
442,4924533289359578,4924534876842800,4924534893960392,1,17116999,Completed
443,4924533296826322,4924534878080221,4924534895978787,1,17897890,Completed
444,4924533296830712,4924534878146040,4924534894268539,1,16121949,Completed
445,4924533296831192,4924534887069023,4924534904985519,0,17915090,Completed
446,4924533296831802,4924534887893897,4924534905725664,1,17831060,Completed
447,4924533296832502,4924534893966322,4924534912872830,1,18905811,Completed
448,4924533296834702,4924534894272129,4924534910310099,1,16037339,Completed
449,4924533296836092,4924534895983587,4924534914906165,1,18922000,Completed
450,4924533296836442,4924534905358757,4924534924689722,0,19330120,Completed
451,4924533296836902,4924534905730854,4924534924608072,1,18876480,Completed
452,4924533296837452,4924534910313119,4924534928072186,1,17733749,Completed
453,4924533296845442,4924534912877380,4924534932394644,1,19516391,Completed
454,4924533296845712,4924534914910935,4924534933632325,1,18696030,Completed
455,4924533309006731,4924534924614492,4924534944497863,1,19882641,Completed
456,4924533309010621,4924534925147888,4924534944773391,0,19624381,Completed
457,4924533309011151,4924534928077186,4924534946244840,1,18166830,Completed
458,4924533309011761,4924534932399744,4924534952325575,1,19925031,Completed
459,4924533309012401,4924534933636935,4924534950620598,1,16982830,Completed
460,4924533309012761,4924534944501693,4924534964818821,1,20316191,Completed
461,4924533309013121,4924534945200098,4924534965037540,0,19836351,Completed
462,4924533309013501,4924534946249600,4924534964395844,1,18145651,Completed
463,4924533309014111,4924534950626598,4924534969619905,1,18992570,Completed
464,4924533309014571,4924534952331045,4924534972515084,1,20183371,Completed
465,4924533309014931,4924534964400914,4924534983647280,1,19212470,Completed
466,4924533309015441,4924534964819991,4924534984087927,1,19267160,Completed
467,4924533309015711,4924534965438887,4924534984164446,0,18724691,Completed
468,4924533317231390,4924534969625015,4924534988544634,1,18919071,Completed
469,4924533317234940,4924534972522034,4924534992217046,1,19694271,Completed
470,4924533317235690,4924534983653080,4924535003038495,1,19384741,Completed
471,4924533317236690,4924534984089577,4924535004047507,1,19957232,Completed
472,4924533317238400,4924534984518244,4924535002383430,0,17864150,Completed
473,4924533317238790,4924534988549124,4924535007393732,1,18843930,Completed
474,4924533317247200,4924534992223506,4924535012185667,1,19961221,Completed
475,4924533317250159,4924535002573728,4924535021884164,0,19309730,Completed
476,4924533317250449,4924535003043165,4924535021347148,1,18303230,Completed
477,4924533317250909,4924535004049927,4924535023879199,1,19828541,Completed
478,4924533317251179,4924535007398372,4924535024046968,1,16648000,Completed
479,4924533317251529,4924535012190836,4924535030767117,1,18575490,Completed
480,4924533317256259,4924535021351868,4924535038444030,1,17091270,Completed
481,4924533324998981,4924535022335451,4924535040087808,0,17751170,Completed
482,4924533325012861,4924535023883909,4924535042317551,1,18432940,Completed
483,4924533325013471,4924535024047958,4924535040661693,1,16613199,Completed
484,4924533325028601,4924535030772717,4924535050942656,1,20169082,Completed
485,4924533325029121,4924535038448460,4924535056624564,1,18147700,Completed
486,4924533325029511,4924535040453885,4924535059073476,0,18591850,Completed
487,4924533325030001,4924535040664883,4924535058647889,1,17982350,Completed
488,4924533325030271,4924535042322881,4924535061040131,1,18716580,Completed
489,4924533325030651,4924535050947526,4924535071160785,1,20212321,Completed
490,4924533325030931,4924535056629264,4924535072931442,1,16301569,Completed
491,4924533325031211,4924535058651389,4924535077897464,1,19245481,Completed
492,4924533325031501,4924535059614001,4924535078466690,0,18851101,Completed
493,4924533325031981,4924535061045831,4924535080031188,1,18984641,Completed
494,4924533335063076,4924535071165045,4924535088237587,1,17071909,Completed
495,4924533335065766,4924535072935392,4924535089058601,1,16122499,Completed
496,4924533335072936,4924535077902354,4924535093472618,1,15569668,Completed
497,4924533335073236,4924535078919617,4924535098586330,0,19665431,Completed
498,4924533335073676,4924535080036048,4924535098166863,1,18130120,Completed
499,4924533335079796,4924535088242027,4924535108363016,1,20120292,Completed
500,4924533335080256,4924535089062621,4924535105789196,1,16725899,Completed
501,4924533335080536,4924535093475868,4924535109679816,1,16203349,Completed
502,4924533335081026,4924535098171903,4924535117292830,1,19120251,Completed
503,4924533335081406,4924535099066296,4924535119746611,0,20664062,Completed
504,4924533335081906,4924535105794186,4924535123820001,1,18003020,Completed
505,4924533335082186,4924535108368466,4924535128738454,1,20353511,Completed
506,4924533344818663,4924535109682346,4924535123991459,1,14308558,Completed
507,4924533344848503,4924535117297510,4924535135654542,1,18356400,Completed
508,4924533344849523,4924535120114758,4924535138010084,0,17894180,Completed
509,4924533344850223,4924535123824641,4924535139434974,1,15609709,Completed
510,4924533344851263,4924535123992209,4924535138981247,1,14988469,Completed
511,4924533344852173,4924535128743654,4924535148591975,1,19847521,Completed
512,4924533344855343,4924535135658752,4924535154226683,1,18567340,Completed
513,4924533344924232,4924535138378072,4924535155487533,0,17108710,Completed
514,4924533344924722,4924535138984787,4924535149865866,1,10880386,Completed
515,4924533344927032,4924535139436574,4924535155465234,1,16028119,Completed
516,4924533344929102,4924535148596195,4924535169029212,1,20432171,Completed
517,4924533344929402,4924535149868696,4924535165642357,1,15772908,Completed
518,4924533344929882,4924535154232053,4924535173930035,1,19673951,Completed
519,4924533359934530,4924535155468964,4924535172431897,1,16962379,Completed
520,4924533359937350,4924535156059049,4924535176220268,0,20160201,Completed
521,4924533359937790,4924535165646967,4924535183166836,1,17497390,Completed
522,4924533359953230,4924535169034692,4924535188944613,1,19909051,Completed
523,4924533359953680,4924535172435747,4924535190466682,1,18030070,Completed
524,4924533359954160,4924535173934345,4924535193605728,1,19670511,Completed
525,4924533359954580,4924535176629755,4924535195979120,0,19347981,Completed
526,4924533359955180,4924535183170706,4924535197156531,1,13985248,Completed
527,4924533359955540,4924535188949713,4924535208013640,1,19063271,Completed
528,4924533359955920,4924535190472302,4924535206665320,1,16192269,Completed
529,4924533359956270,4924535193610708,4924535211520764,1,17909210,Completed
530,4924533359956630,4924535196428497,4924535217248911,0,20818912,Completed
531,4924533379270005,4924535197160781,4924535214392192,1,17230709,Completed
532,4924533379273525,4924535206670850,4924535224371328,1,17699800,Completed
533,4924533379273825,4924535208018870,4924535222802679,1,14783118,Completed
534,4924533379274115,4924535211525954,4924535230942768,1,19415921,Completed
535,4924533379274655,4924535214395822,4924535230541451,1,16145009,Completed
536,4924533379274955,4924535217740537,4924535235902981,0,18161520,Completed
537,4924533379285675,4924535222807589,4924535244073460,1,21265222,Completed
538,4924533379286095,4924535224375318,4924535240613186,1,16237129,Completed
539,4924533379286525,4924535230544341,4924535245980906,1,15435609,Completed
540,4924533379286915,4924535230944448,4924535245415440,1,14437228,Completed
541,4924533379287305,4924535236315188,4924535250215404,0,13899107,Completed
542,4924533379288005,4924535240618786,4924535254702600,1,14083248,Completed
543,4924533395294885,4924535244078590,4924535262141435,1,18062160,Completed
544,4924533395304455,4924535245420110,4924535258912759,1,13491957,Completed
545,4924533395314365,4924535245982146,4924535258863709,1,12880967,Completed
546,4924533395314775,4924535250592571,4924535267642694,0,17049269,Completed
547,4924533395315055,4924535254708270,4924535270114015,1,15405048,Completed
548,4924533395315645,4924535258869209,4924535273267982,1,14398108,Completed
549,4924533395318235,4924535258914659,4924535275488975,1,16573499,Completed
550,4924533395318555,4924535262146675,4924535278631861,1,16484479,Completed
551,4924533395318855,4924535267998081,4924535287130918,0,19132001,Completed
552,4924533395319155,4924535270118635,4924535279544864,1,9425556,Completed
553,4924533395319595,4924535273270701,4924535284451178,1,11179886,Completed
554,4924533395319895,4924535275493775,4924535291630984,1,16136569,Completed
555,4924533395320295,4924535278636491,4924535296799665,1,18162460,Completed
556,4924533405288050,4924535279548374,4924535292980994,1,13431717,Completed
557,4924533405291570,4924535284454298,4924535298638772,1,14183728,Completed
558,4924533405297220,4924535287658034,4924535305158883,0,17499630,Completed
559,4924533405297890,4924535291636234,4924535306395823,1,14758979,Completed
560,4924533405298400,4924535292984834,4924535306403593,1,13418098,Completed
561,4924533405298870,4924535296805655,4924535312663376,1,15857079,Completed
562,4924533405299350,4924535298642802,4924535312133820,1,13490428,Completed
563,4924533405299960,4924535305595079,4924535324743106,0,19147211,Completed
564,4924533405300270,4924535306400623,4924535322690441,1,16289089,Completed
565,4924533405300570,4924535306405173,4924535322337004,1,15931228,Completed
566,4924533405301320,4924535312138240,4924535328917465,1,16778619,Completed
567,4924533405302050,4924535312668106,4924535332484438,1,19815621,Completed
568,4924533405302320,4924535322345284,4924535338682752,1,16336850,Completed
569,4924533412166999,4924535322692111,4924535338991209,1,16298409,Completed
570,4924533412170969,4924535325355731,4924535340083421,0,14726328,Completed
571,4924533412171279,4924535328923095,4924535341882628,1,12958937,Completed
572,4924533412171589,4924535332490208,4924535348107331,1,15616459,Completed
573,4924533412172119,4924535338687092,4924535350193805,1,11506076,Completed
574,4924533412172529,4924535338992739,4924535353454411,1,14461048,Completed
575,4924533412173099,4924535340445578,4924535353906498,0,13459837,Completed
576,4924533412177999,4924535341886248,4924535355347867,1,13460988,Completed
577,4924533412178348,4924535348111601,4924535365019464,1,16907219,Completed
578,4924533412178848,4924535350198155,4924535365309852,1,15111098,Completed
579,4924533412179158,4924535353459921,4924535369842718,1,16382189,Completed
580,4924533412182458,4924535354316755,4924535370644312,0,16326469,Completed
581,4924533419333815,4924535355351327,4924535369221223,1,13869367,Completed
582,4924533419337065,4924535365024804,4924535380925935,1,15900499,Completed
583,4924533419337895,4924535365313422,4924535378245795,1,12931628,Completed
584,4924533419338325,4924535369224893,4924535382190836,1,12965118,Completed
585,4924533419338795,4924535369844568,4924535384471519,1,14626358,Completed
586,4924533419339375,4924535371108339,4924535387018030,0,15908788,Completed
587,4924533419339665,4924535378250545,4924535392667097,1,14415978,Completed
588,4924533419339975,4924535380930775,4924535397837939,1,16906529,Completed
589,4924533419340285,4924535382194116,4924535396413149,1,14218288,Completed
590,4924533419340805,4924535384476539,4924535400314960,1,15837729,Completed
591,4924533419346725,4924535387390687,4924535405086114,0,17694599,Completed
592,4924533419347165,4924535392672717,4924535406844321,1,14170937,Completed
593,4924533419347565,4924535396416819,4924535412757737,1,16340279,Completed
594,4924533428157629,4924535397843139,4924535417130554,1,19286761,Completed
595,4924533428164639,4924535400319670,4924535417825539,1,17505239,Completed
596,4924533428165079,4924535405468162,4924535424357030,0,18887840,Completed
597,4924533428165739,4924535406848531,4924535422307985,1,15458909,Completed
598,4924533428166479,4924535412761117,4924535428500299,1,15738598,Completed
599,4924533428168899,4924535417136544,4924535435670935,1,18533720,Completed
600,4924533428169199,4924535417829889,4924535435032260,1,17201620,Completed
601,4924533428171619,4924535422311665,4924535438915901,1,16603369,Completed
602,4924533428172019,4924535424811457,4924535439351728,0,14539288,Completed
603,4924533428172409,4924535428504899,4924535442966051,1,14460578,Completed
604,4924533428172719,4924535435037200,4924535451936004,1,16897999,Completed
605,4924533428173029,4924535435676415,4924535451167139,1,15489969,Completed
606,4924533428173319,4924535438921461,4924535455459157,1,16536939,Completed
607,4924533436329678,4924535439758605,4924535456136512,0,16376679,Completed
608,4924533436335138,4924535442970571,4924535457365803,1,14394618,Completed
609,4924533436335818,4924535451171629,4924535467540867,1,16368639,Completed
610,4924533436336388,4924535451941004,4924535466642054,1,14700389,Completed
611,4924533436336888,4924535455464267,4924535470186737,1,14721799,Completed
612,4924533436337528,4924535456531699,4924535470172177,0,13639538,Completed
613,4924533436337978,4924535457369973,4924535473061915,1,15691159,Completed
614,4924533436338428,4924535466647143,4924535485510592,1,18862770,Completed
615,4924533436338848,4924535467545547,4924535486243927,1,18697781,Completed
616,4924533436339678,4924535470191487,4924535487464917,1,17272809,Completed
617,4924533436340158,4924535470532474,4924535488893617,0,18360000,Completed
618,4924533436340508,4924535473066435,4924535488730318,1,15663349,Completed
619,4924533443704012,4924535485515502,4924535503397288,1,17880930,Completed
620,4924533443707342,4924535486248237,4924535505370763,1,19121900,Completed
621,4924533443707912,4924535487469177,4924535503467778,1,15997979,Completed
622,4924533443711072,4924535488733618,4924535503857925,1,15123678,Completed
623,4924533443711372,4924535489398673,4924535506547405,0,17147200,Completed
624,4924533443711812,4924535503404118,4924535521651682,1,18247000,Completed
625,4924533443712242,4924535503469118,4924535519703436,1,16233759,Completed
626,4924533443712542,4924535503858695,4924535518757503,1,14898319,Completed
627,4924533443712842,4924535505376143,4924535523306829,1,17930020,Completed
628,4924533443713152,4924535506923762,4924535525060596,0,18135870,Completed
629,4924533443713452,4924535518761843,4924535535361849,1,16599159,Completed
630,4924533443713762,4924535519707226,4924535536508380,1,16800469,Completed
631,4924533451258996,4924535521655951,4924535538952592,1,17295960,Completed
632,4924533451261916,4924535523312389,4924535541316114,1,18002960,Completed
633,4924533451262306,4924535525465383,4924535543768386,0,18301970,Completed
634,4924533451262996,4924535535367479,4924535551725956,1,16357799,Completed
635,4924533451263856,4924535536512400,4924535554134088,1,17620910,Completed
636,4924533451264556,4924535538956242,4924535556676639,1,17719720,Completed
637,4924533451264856,4924535541320784,4924535559738376,1,18416580,Completed
638,4924533451265276,4924535544205993,4924535561928630,0,17721160,Completed
639,4924533451265936,4924535551730006,4924535568508591,1,16777959,Completed
640,4924533451268256,4924535554138498,4924535571806026,1,17666670,Completed
641,4924533451272086,4924535556681589,4924535568896148,1,12213886,Completed
642,4924533451272556,4924535559743146,4924535574767824,1,15023889,Completed
643,4924533451275216,4924535562322217,4924535582132549,0,19809161,Completed
644,4924533451277876,4924535568512691,4924535581356644,1,12843277,Completed
645,4924533460709535,4924535568897418,4924535584586220,1,15688299,Completed
646,4924533460712515,4924535571811196,4924535588159264,1,16347189,Completed
647,4924533460713005,4924535574773274,4924535593543473,1,18769540,Completed
648,4924533460713715,4924535581360404,4924535595854356,1,14493338,Completed
649,4924533460719025,4924535582539626,4924535602493866,0,19953451,Completed
650,4924533460721205,4924535584592500,4924535602592266,1,17999100,Completed
651,4924533460721655,4924535588164664,4924535603823676,1,15658399,Completed
652,4924533460722045,4924535593549123,4924535612435202,1,18885411,Completed
653,4924533460722345,4924535595858266,4924535612602231,1,16743360,Completed
654,4924533460722655,4924535602599805,4924535621449074,1,18848561,Completed
655,4924533460723465,4924535602947303,4924535621074597,0,18126160,Completed
656,4924533460723775,4924535603826026,4924535620495382,1,16668719,Completed
657,4924533460724195,4924535612439782,4924535632157564,1,19717101,Completed
658,4924533478144965,4924535612605751,4924535629504774,1,16898369,Completed
659,4924533478148864,4924535620499191,4924535636905949,1,16406199,Completed
660,4924533478149414,4924535621454504,4924535639796637,1,18341450,Completed
661,4924533478150254,4924535621614263,4924535641050557,0,19435261,Completed
662,4924533478151524,4924535629509484,4924535646278198,1,16768099,Completed
663,4924533478151994,4924535632164084,4924535651600849,1,19436040,Completed
664,4924533478152314,4924535636909899,4924535652489992,1,15579379,Completed
665,4924533478158394,4924535639802037,4924535658046880,1,18244240,Completed
666,4924533478158864,4924535641474574,4924535660661241,0,19185740,Completed
667,4924533478159184,4924535646283148,4924535661098777,1,14814989,Completed
668,4924533478159514,4924535651606088,4924535669768893,1,18162010,Completed
669,4924533478160044,4924535652493222,4924535669628434,1,17134629,Completed
670,4924533495727363,4924535658052520,4924535676231114,1,18177990,Completed
671,4924533495731993,4924535661008588,4924535679259631,0,18250080,Completed
672,4924533495738313,4924535661104347,4924535677739023,1,16633959,Completed
673,4924533495739083,4924535669633334,4924535685961341,1,16326889,Completed
674,4924533495739633,4924535669773372,4924535688019926,1,18231441,Completed
675,4924533495740463,4924535676235794,4924535695880717,1,19644241,Completed
676,4924533495740693,4924535677741673,4924535693099918,1,15357558,Completed
677,4924533495741023,4924535679653609,4924535696103645,0,16420629,Completed
678,4924533495741253,4924535685966651,4924535704920419,1,18953131,Completed
679,4924533495741633,4924535688025916,4924535706822575,1,18795910,Completed
680,4924533495741963,4924535693104478,4924535712147185,1,19042061,Completed
681,4924533495742203,4924535695885267,4924535712931469,1,17045579,Completed
682,4924533495742443,4924535696464493,4924535716826600,0,20360972,Completed
683,4924533507488855,4924535704925459,4924535723866128,1,18939971,Completed
684,4924533507492365,4924535706828755,4924535726898425,1,20068831,Completed
685,4924533507493315,4924535712151785,4924535731089923,1,18937431,Completed
686,4924533507500855,4924535712934959,4924535729834863,1,16899100,Completed
687,4924533507501555,4924535717159448,4924535737340907,0,20180531,Completed
688,4924533507501965,4924535723870567,4924535741043869,1,17172369,Completed
689,4924533507502575,4924535726903875,4924535747621270,1,20716572,Completed
690,4924533507503105,4924535729838033,4924535746981934,1,17143219,Completed
691,4924533507503505,4924535731094003,4924535749442866,1,18348140,Completed
692,4924533507503925,4924535737676754,4924535756994669,0,19317041,Completed
693,4924533507504325,4924535741049189,4924535758546848,1,17496610,Completed
694,4924533507504825,4924535746985164,4924535763894218,1,16908460,Completed
695,4924533518929409,4924535747625510,4924535768503473,1,20877291,Completed
696,4924533518932969,4924535749448156,4924535763479061,1,14030168,Completed
697,4924533518933709,4924535757382607,4924535774895105,0,17511470,Completed
698,4924533518934519,4924535758552018,4924535773837993,1,15285158,Completed
699,4924533518937249,4924535763484451,4924535778963115,1,15477868,Completed
700,4924533518938199,4924535763895108,4924535778398389,1,14502738,Completed
701,4924533518939469,4924535768509173,4924535786059292,1,17549250,Completed
702,4924533518940819,4924535773843223,4924535788213646,1,14369528,Completed
703,4924533518941999,4924535775392852,4924535792266195,0,16872260,Completed
704,4924533518947799,4924535778402399,4924535794721647,1,16318629,Completed
705,4924533518948839,4924535778964745,4924535797258088,1,18292720,Completed
706,4924533518949889,4924535786063462,4924535803917398,1,17852980,Completed
707,4924533537179122,4924535788218906,4924535806331520,1,18111940,Completed
708,4924533537190322,4924535792667592,4924535810555918,0,17887310,Completed
709,4924533537197672,4924535794725977,4924535811244043,1,16517569,Completed
710,4924533537198632,4924535797263268,4924535812801761,1,15537679,Completed
711,4924533537199292,4924535803922488,4924535819153854,1,15230648,Completed
712,4924533537199872,4924535806335590,4924535822687777,1,16299019,Completed
713,4924533537200392,4924535810895366,4924535830544619,0,19648241,Completed
714,4924533537200792,4924535811248293,4924535828479674,1,17230720,Completed
715,4924533537201182,4924535812805271,4924535829697045,1,16855649,Completed
716,4924533537201582,4924535819158304,4924535836776512,1,17617550,Completed
717,4924533537201982,4924535822693277,4924535838085392,1,15391259,Completed
718,4924533537202382,4924535828485454,4924535844983700,1,16497579,Completed
719,4924533537202792,4924535829701015,4924535842725638,1,13023958,Completed
720,4924533554409663,4924535831154034,4924535845881684,0,14726278,Completed
721,4924533554413043,4924535836781872,4924535853412527,1,16629940,Completed
722,4924533554413673,4924535838090142,4924535850976346,1,12885587,Completed
723,4924533554414153,4924535842730497,4924535854990176,1,12258876,Completed
724,4924533554414943,4924535844989520,4924535854068882,1,9078605,Completed
725,4924533554415433,4924535846309381,4924535858153062,0,11842486,Completed
726,4924533554415823,4924535850981236,4924535862453840,1,11471977,Completed
727,4924533554416343,4924535853417417,4924535870874897,1,17456849,Completed
728,4924533554417103,4924535854073622,4924535868141217,1,14066788,Completed
729,4924533554426573,4924535854992266,4924535867606391,1,12613577,Completed
730,4924533554426973,4924535858509379,4924535872929941,0,14419808,Completed
731,4924533554427373,4924535862459270,4924535876179447,1,13719497,Completed
732,4924533616794876,4924535867610481,4924535881225149,1,13580338,Completed
733,4924533616797596,4924535868142847,4924535883769810,1,15626348,Completed
734,4924533616798096,4924535870879607,4924535887863849,1,16983620,Completed
735,4924533616798486,4924535873282829,4924535886212742,0,12929087,Completed
736,4924533616801576,4924535876184397,4924535889261819,1,13076807,Completed
737,4924533616802206,4924535881228779,4924535893011001,1,11781547,Completed
738,4924533616802706,4924535883774740,4924535898934017,1,15158499,Completed
739,4924533616803326,4924535886488480,4924535902598139,0,16108849,Completed
740,4924533616803816,4924535887868659,4924535905108220,1,17238879,Completed
741,4924533616804326,4924535889265819,4924535903792390,1,14525679,Completed
742,4924533616804716,4924535893014631,4924535905416958,1,12401596,Completed
743,4924533616805116,4924535898938127,4924535910867997,1,11929206,Completed
744,4924533656636038,4924535902974036,4924535919752921,0,16777879,Completed
745,4924533656639398,4924535903796710,4924535917437028,1,13639627,Completed
746,4924533656639918,4924535905112270,4924535922330071,1,17217070,Completed
747,4924533656640318,4924535905419648,4924535918754998,1,13334768,Completed
748,4924533656640708,4924535910872827,4924535927026556,1,16153059,Completed
749,4924533656643368,4924535917441718,4924535929860055,1,12417597,Completed
750,4924533656647898,4924535918757168,4924535928424346,1,9666275,Completed
751,4924533656648428,4924535920274927,4924535939297034,0,19020810,Completed
752,4924533656649038,4924535922334431,4924535939351814,1,17016749,Completed
753,4924533656649538,4924535927030946,4924535943057666,1,16026079,Completed
754,4924533656654538,4924535928427086,4924535940101328,1,11673597,Completed
755,4924533656655128,4924535929865085,4924535945984974,1,16119149,Completed
756,4924533656655728,4924535939357174,4924535955829890,1,16471949,Completed
757,4924533704410370,4924535939794021,4924535957983404,0,18188580,Completed
758,4924533704414660,4924535940106098,4924535954359671,1,14252848,Completed
759,4924533704415910,4924535943062996,4924535960269317,1,17205570,Completed
760,4924533704416530,4924535945989894,4924535962893568,1,16902909,Completed
761,4924533704417530,4924535954363291,4924535970801768,1,16437659,Completed
762,4924533704418210,4924535955835040,4924535973303600,1,17467820,Completed
763,4924533704418820,4924535958451831,4924535977903885,0,19450941,Completed
764,4924533704419550,4924535960275637,4924535977606118,1,17329800,Completed
765,4924533704420070,4924535962897368,4924535980461096,1,17563080,Completed
766,4924533704421050,4924535970806418,4924535987676322,1,16869279,Completed
767,4924533704421970,4924535973308080,4924535991746062,1,18437240,Completed
768,4924533704444100,4924535977612327,4924535995985220,1,18372230,Completed
769,4924533704445930,4924535978392752,4924535996738484,0,18344560,Completed
770,4924533726980561,4924535980465416,4924535997441759,1,16975370,Completed
771,4924533726991491,4924535987681002,4924536001831686,1,14150078,Completed
772,4924533726994471,4924535991750902,4924536011620563,1,19868761,Completed
773,4924533726994911,4924535995989970,4924536014884028,1,18893430,Completed
774,4924533726995571,4924535997105121,4924536016428677,0,19263801,Completed
775,4924533726996301,4924535997445569,4924536014593590,1,17147309,Completed
776,4924533726996881,4924536001834516,4924536018824159,1,16988989,Completed
777,4924533726997181,4924536011626323,4924536031592253,1,19965082,Completed
778,4924533726997501,4924536014598290,4924536033080162,1,18481290,Completed
779,4924533726997811,4924536014885418,4924536030613090,1,15727059,Completed
780,4924533726998361,4924536016914363,4924536035886751,0,18971181,Completed
781,4924533726998681,4924536018827519,4924536034522921,1,15694819,Completed
782,4924533747480477,4924536030617530,4924536049266731,1,18648520,Completed
783,4924533747484077,4924536031596793,4924536051688073,1,20090641,Completed
784,4924533747485017,4924536033084092,4924536051532134,1,18447461,Completed
785,4924533747485727,4924536034525151,4924536051398425,1,16872660,Completed
786,4924533747486487,4924536036389077,4924536052403367,0,16013239,Completed
787,4924533747487177,4924536049271931,4924536059900751,1,10627986,Completed
788,4924533747487827,4924536051401435,4924536060180799,1,8778664,Completed
789,4924533747488387,4924536051533524,4924536060748465,1,9214325,Completed
790,4924533747489077,4924536051692283,4924536062552321,1,10859226,Completed
791,4924533747489587,4924536052733935,4924536063405125,0,10670266,Completed
792,4924533747490537,4924536059905821,4924536069731528,1,9825036,Completed
793,4924533747498147,4924536060181689,4924536068742305,1,8560045,Completed
794,4924533747498667,4924536060749745,4924536070669781,1,9891965,Completed
795,4924533747499367,4924536062556551,4924536073180882,1,10623516,Completed
796,4924533753471723,4924536063756622,4924536073843487,0,10085866,Completed
797,4924533753475723,4924536068746665,4924536077062013,1,8314695,Completed
798,4924533753476663,4924536069734868,4924536079387875,1,9652415,Completed
799,4924533753484922,4924536070672311,4924536080927694,1,10254706,Completed
800,4924533753487172,4924536073185632,4924536083169497,1,9983115,Completed
801,4924533753488412,4924536074134535,4924536083895802,0,9760436,Completed
802,4924533753489642,4924536077065713,4924536085443820,1,8377244,Completed
803,4924533753490652,4924536079392115,4924536088741415,1,9348645,Completed
804,4924533753491392,4924536080931214,4924536091350196,1,10418096,Completed
805,4924533753492322,4924536083175427,4924536093829637,1,10653516,Completed
806,4924533753493102,4924536084229879,4924536095213327,0,10982446,Completed
807,4924533753493932,4924536085448630,4924536093744638,1,8295305,Completed
808,4924533753494892,4924536088746065,4924536098672121,1,9925256,Completed
809,4924533758658484,4924536091354876,4924536100028841,1,8673145,Completed
810,4924533758661574,4924536093748708,4924536102243314,1,8493665,Completed
811,4924533758662454,4924536093833367,4924536104673456,1,10839366,Completed
812,4924533758663374,4924536095573354,4924536106046396,0,10472026,Completed
813,4924533758664244,4924536098677241,4924536108143500,1,9465605,Completed
814,4924533758672324,4924536100032041,4924536108589247,1,8556574,Completed
815,4924533758673034,4924536102247124,4924536110784650,1,8536875,Completed
816,4924533758673704,4924536104678126,4924536115031718,1,10352776,Completed
817,4924533758674414,4924536106372403,4924536116210350,0,9836986,Completed
818,4924533758674934,4924536108149020,4924536117458500,1,9308445,Completed
819,4924533758675464,4924536108590057,4924536116706136,1,8115475,Completed
820,4924533758675834,4924536110787670,4924536119161798,1,8373474,Completed
821,4924533774979161,4924536115036148,4924536135931442,1,20871331,Completed
822,4924533774981791,4924536116531057,4924536138405473,0,21684611,Completed
823,4924533774982691,4924536116710676,4924536130367704,1,13656317,Completed
824,4924533774983231,4924536117460050,4924536133135843,1,15656009,Completed
825,4924533774983521,4924536119164078,4924536133486860,1,14297018,Completed
826,4924533774983911,4924536130371264,4924536144643557,1,14252958,Completed
827,4924533774984291,4924536133140883,4924536150018306,1,16876699,Completed
828,4924533774988401,4924536133487910,4924536144437108,1,10948646,Completed
829,4924533774988701,4924536135936852,4924536152554127,1,16616429,Completed
830,4924533774989101,4924536139088128,4924536157431541,0,18342070,Completed
831,4924533774989391,4924536144440668,4924536160455018,1,16013839,Completed
832,4924533774993081,4924536144645187,4924536158588292,1,13942558,Completed
833,4924533774993571,4924536150022986,4924536161679749,1,11656047,Completed
834,4924533813429164,4924536152559437,4924536167097289,1,14536938,Completed
835,4924533813432834,4924536157793458,4924536169738389,0,11944166,Completed
836,4924533813439814,4924536158592872,4924536173310252,1,14716698,Completed
837,4924533813440374,4924536160458118,4924536175795493,1,15336599,Completed
838,4924533813442944,4924536161683199,4924536178532343,1,16848559,Completed
839,4924533813443384,4924536167102688,4924536183095679,1,15991949,Completed
840,4924533813443684,4924536170099486,4924536184201680,0,14101338,Completed
841,4924533813444074,4924536173314342,4924536183449376,1,10134446,Completed
842,4924533813444454,4924536175799073,4924536188724797,1,12925077,Completed
843,4924533813444754,4924536178537403,4924536191672215,1,13134197,Completed
844,4924533813445134,4924536183101409,4924536199057369,1,15955309,Completed
845,4924533813445414,4924536183452276,4924536199889043,1,16436089,Completed
846,4924533842705884,4924536184677617,4924536203884103,0,19205330,Completed
847,4924533842709124,4924536188728717,4924536202755452,1,14026088,Completed
848,4924533842709854,4924536191677385,4924536209226163,1,17548140,Completed
849,4924533842713004,4924536199063039,4924536212481569,1,13417797,Completed
850,4924533842713924,4924536199893413,4924536213144624,1,13250587,Completed
851,4924533842715014,4924536202760292,4924536218961230,1,16200259,Completed
852,4924533842715564,4924536204384589,4924536218129556,0,13743877,Completed
853,4924533842716314,4924536209231863,4924536224947386,1,15714889,Completed
854,4924533842716704,4924536212487129,4924536230657873,1,18170110,Completed
855,4924533842717084,4924536213147874,4924536229950818,1,16802280,Completed
856,4924533842717484,4924536218353695,4924536236093412,0,17738700,Completed
857,4924533842730344,4924536218965300,4924536232687538,1,13721517,Completed
858,4924533859557688,4924536224951575,4924536239983103,1,15030908,Completed
859,4924533859560668,4924536229955568,4924536241793159,1,11836916,Completed
860,4924533859561248,4924536230662153,4924536241299983,1,10637156,Completed
861,4924533859561828,4924536232691868,4924536246040587,1,13348028,Completed
862,4924533859562308,4924536236538719,4924536251766865,0,15226599,Completed
863,4924533859564968,4924536239990253,4924536255660955,1,15669889,Completed
864,4924533859570728,4924536241304893,4924536258311186,1,17005659,Completed
865,4924533859571298,4924536241797319,4924536252785167,1,10987196,Completed
866,4924533859571878,4924536246043297,4924536260800607,1,14756628,Completed
867,4924533859572488,4924536252120152,4924536264946146,0,12824687,Completed
868,4924533859573448,4924536252790497,4924536263902154,1,11110787,Completed
869,4924533859574078,4924536255665465,4924536269866879,1,14200748,Completed
870,4924533859574418,4924536258315886,4924536273166894,1,14850229,Completed
871,4924533874529096,4924536260805547,4924536274455215,1,13648877,Completed
872,4924533874532856,4924536263906334,4924536280634108,1,16727009,Completed
873,4924533874533476,4924536265470002,4924536283311998,0,17840600,Completed
874,4924533874534116,4924536269873099,4924536286517414,1,16643719,Completed
875,4924533874534716,4924536273171654,4924536288922926,1,15750449,Completed
876,4924533874535266,4924536274458365,4924536286755363,1,12296257,Completed
877,4924533874536086,4924536280638658,4924536297399093,1,16759839,Completed
878,4924533874545076,4924536283689296,4924536300538349,0,16847569,Completed
879,4924533874545716,4924536286522234,4924536304213742,1,17690900,Completed
880,4924533874546186,4924536286756403,4924536300790278,1,14033368,Completed
881,4924533874546556,4924536288927966,4924536304614679,1,15686088,Completed
882,4924533874547026,4924536297403903,4924536310444555,1,13040037,Completed
883,4924533880194464,4924536300796148,4924536312816967,1,12019927,Completed
884,4924533880198344,4924536301052706,4924536316905687,0,15851949,Completed
885,4924533880199104,4924536304218772,4924536320862817,1,16643399,Completed
886,4924533880200124,4924536304618939,4924536322155128,1,17535470,Completed
887,4924533880203424,4924536310449085,4924536324316771,1,13866908,Completed
888,4924533880204184,4924536312819717,4924536325987649,1,13167267,Completed
889,4924533880212093,4924536317279184,4924536335919964,0,18639431,Completed
890,4924533880212713,4924536320868337,4924536338561295,1,17692250,Completed
891,4924533880213133,4924536322159747,4924536339757466,1,17596970,Completed
892,4924533880213663,4924536324321741,4924536337189865,1,12867507,Completed
893,4924533880214183,4924536325991189,4924536339176240,1,13184487,Completed
894,4924533880214683,4924536336324761,4924536350807133,0,14481448,Completed
895,4924533880215183,4924536337194795,4924536351043391,1,13847838,Completed
896,4924533887229981,4924536338565555,4924536357362294,1,18796031,Completed
897,4924533887234561,4924536339177580,4924536354407146,1,15228999,Completed
898,4924533887235481,4924536339761766,4924536358348407,1,18585770,Completed
899,4924533887245151,4924536351051071,4924536366419136,1,15367299,Completed
900,4924533887248351,4924536351300089,4924536370433406,0,19132301,Completed
901,4924533887249391,4924536354412066,4924536370358437,1,15945729,Completed
902,4924533887250091,4924536357368684,4924536375524178,1,18154790,Completed
903,4924533887250811,4924536358353657,4924536376960427,1,18606190,Completed
904,4924533887251541,4924536366424786,4924536382843883,1,16418499,Completed
905,4924533887252081,4924536370364296,4924536384681169,1,14316118,Completed
906,4924533887252591,4924536370915042,4924536387807546,0,16891019,Completed
907,4924533887253151,4924536375530868,4924536392336842,1,16805349,Completed
908,4924533896792759,4924536376966117,4924536396974557,1,20007612,Completed
909,4924533896796429,4924536382847573,4924536398862553,1,16014429,Completed
910,4924533896796889,4924536384684249,4924536400461861,1,15746158,Completed
911,4924533896797529,4924536388243533,4924536406777404,0,18532580,Completed
912,4924533896797939,4924536392341762,4924536410894073,1,18551730,Completed
913,4924533896798569,4924536396979847,4924536416067984,1,19087220,Completed
914,4924533896798919,4924536398865903,4924536413423604,1,14557038,Completed
915,4924533896799259,4924536400465481,4924536414885763,1,14419348,Completed
916,4924533896799919,4924536407182971,4924536425928471,0,18744571,Completed
917,4924533896800339,4924536410898763,4924536427975675,1,17076450,Completed
918,4924533896800689,4924536413426664,4924536429868141,1,16440879,Completed
919,4924533896801199,4924536414889953,4924536431174151,1,16283630,Completed
920,4924533911887456,4924536416072704,4924536435366690,1,19293311,Completed
921,4924533911894356,4924536426346057,4924536446787984,0,20441021,Completed
922,4924533911894806,4924536427980725,4924536446418757,1,18437420,Completed
923,4924533911895606,4924536429871541,4924536446579446,1,16707299,Completed
924,4924533911896076,4924536431177081,4924536446552276,1,15374478,Completed
925,4924533911896426,4924536435371330,4924536454209839,1,18837710,Completed
926,4924533911896806,4924536446423487,4924536465510514,1,19086231,Completed
927,4924533911899736,4924536446553566,4924536463337931,1,16762139,Completed
928,4924533911902116,4924536446580146,4924536463513419,1,16932620,Completed
929,4924533911902566,4924536447426080,4924536466704405,0,19276990,Completed
930,4924533911902946,4924536454217739,4924536474200769,1,19982391,Completed
931,4924533911903486,4924536463342830,4924536478633376,1,15289889,Completed
932,4924533911903826,4924536463515299,4924536481278056,1,17761969,Completed
933,4924533923917716,4924536465516394,4924536483858187,1,18340980,Completed
934,4924533923921346,4924536467119112,4924536486122500,0,19002480,Completed
935,4924533923922136,4924536474205589,4924536493809582,1,19603181,Completed
936,4924533923922946,4924536478636226,4924536494417258,1,15780479,Completed
937,4924533923924226,4924536481283216,4924536495926146,1,14642179,Completed
938,4924533923924906,4924536483861977,4924536500138845,1,16276209,Completed
939,4924533923925396,4924536486439297,4924536504666581,0,18226140,Completed
940,4924533923926046,4924536493817322,4924536512266524,1,18448641,Completed
941,4924533923926526,4924536494419798,4924536510877684,1,16457279,Completed
942,4924533923934276,4924536495930336,4924536513397436,1,17466499,Completed
943,4924533923934776,4924536500143975,4924536518819385,1,18674780,Completed
944,4924533923935356,4924536505039578,4924536525274187,0,20233861,Completed
945,4924533936703220,4924536510881834,4924536527505660,1,16623089,Completed
946,4924533936711970,4924536512271784,4924536532194145,1,19921701,Completed
947,4924533936712710,4924536513401656,4924536529283567,1,15843709,Completed
948,4924533936713250,4924536518823845,4924536535866957,1,17042400,Completed
949,4924533936715720,4924536525618684,4924536542522548,0,16903019,Completed
950,4924533936716260,4924536527509280,4924536544402193,1,16892339,Completed
951,4924533936717060,4924536529288257,4924536546715296,1,17426330,Completed
952,4924533936717720,4924536532201145,4924536552843610,1,20641841,Completed
953,4924533936718410,4924536535871467,4924536553653354,1,17781050,Completed
954,4924533936718920,4924536542926705,4924536562344299,0,19416570,Completed
955,4924533936719530,4924536544405453,4924536561388966,1,16982900,Completed
956,4924533936720040,4924536546719196,4924536563938007,1,17217849,Completed
957,4924533936720590,4924536552848250,4924536573054279,1,20205341,Completed
958,4924533944988238,4924536553657764,4924536571679989,1,18021600,Completed
959,4924533944991098,4924536561391736,4924536576992960,1,15578729,Completed
960,4924533944996748,4924536562814236,4924536580936060,0,18120970,Completed
961,4924533944997298,4924536563943887,4924536580546053,1,16601510,Completed
962,4924533944997818,4924536571684949,4924536589294767,1,17590589,Completed
963,4924533944998228,4924536573059939,4924536592248715,1,19167131,Completed
964,4924533945008518,4924536576996400,4924536592824091,1,15826928,Completed
965,4924533945008908,4924536580550813,4924536597096929,1,16525479,Completed
966,4924533945009468,4924536581480556,4924536599655990,0,18156680,Completed
967,4924533945009768,4924536589301107,4924536606787206,1,17485150,Completed
968,4924533945010178,4924536592254885,4924536607835619,1,15579839,Completed
969,4924533945010588,4924536592827251,4924536604212246,1,11384407,Completed
970,4924533955959796,4924536597102089,4924536613051559,1,15948779,Completed
971,4924533955969376,4924536600011717,4924536615846969,0,15834449,Completed
972,4924533955975526,4924536604215846,4924536618855416,1,14638838,Completed
973,4924533955975956,4924536606791446,4924536623071864,1,16279749,Completed
974,4924533955976576,4924536607840099,4924536627395002,1,19554031,Completed
975,4924533955977026,4924536613056099,4924536629893864,1,16836999,Completed
976,4924533955977586,4924536616235256,4924536633864574,0,17628540,Completed
977,4924533955978286,4924536618860376,4924536632396785,1,13535737,Completed
978,4924533955978756,4924536623076694,4924536640590683,1,17513340,Completed
979,4924533955979046,4924536627399762,4924536645298998,1,17898600,Completed
980,4924533955979326,4924536629898253,4924536642325520,1,12426277,Completed
981,4924533955979616,4924536632399845,4924536642112462,1,9711816,Completed
982,4924533955979936,4924536634385580,4924536647057765,0,12671047,Completed
983,4924533966696646,4924536640596303,4924536656207306,1,15610009,Completed
984,4924533966699626,4924536642114632,4924536655862509,1,13747087,Completed
985,4924533966707516,4924536642326780,4924536656502004,1,14143438,Completed
986,4924533966707996,4924536645303368,4924536659506232,1,14201957,Completed
987,4924533966708296,4924536647452762,4924536663557891,0,16104179,Completed
988,4924533966709106,4924536655867819,4924536669721815,1,13853188,Completed
989,4924533966709526,4924536656208996,4924536673258719,1,17049189,Completed
990,4924533966710296,4924536656503284,4924536675350703,1,18846900,Completed
991,4924533966710846,4924536659511012,4924536679788670,1,20276982,Completed
992,4924533966716616,4924536663936299,4924536680743463,0,16806099,Completed
993,4924533966720156,4924536669726495,4924536682432430,1,12705337,Completed
994,4924533966720646,4924536673264659,4924536687735050,1,14469758,Completed
995,4924533977126928,4924536675354913,4924536689764955,1,14409418,Completed
996,4924533977130328,4924536679793810,4924536697428898,1,17634409,Completed
997,4924533977130878,4924536681158140,4924536699751470,0,18592451,Completed
998,4924533977131518,4924536682436770,4924536697623976,1,15186579,Completed
999,4924533977133938,4924536687740020,4924536705834675,1,18093900,Completed
1000,4924533977134598,4924536689770055,4924536707319984,1,17548870,Completed
1001,4924533977135058,4924536697434058,4924536717723306,1,20288552,Completed
1002,4924533977135518,4924536697627236,4924536714065053,1,16417489,Completed
1003,4924533977136008,4924536700249717,4924536718829147,0,18578380,Completed
1004,4924533977136508,4924536705840055,4924536722648629,1,16771959,Completed
1005,4924533977137198,4924536707325274,4924536722902687,1,15547279,Completed
1006,4924533977145708,4924536714068903,4924536730439481,1,16369989,Completed
1007,4924533977148628,4924536717728756,4924536736642474,1,18913050,Completed
1008,4924533986138370,4924536719261344,4924536738412351,0,19134380,Completed
1009,4924533986142700,4924536722654229,4924536739704251,1,17049370,Completed
1010,4924533986143730,4924536722903707,4924536737390609,1,14486298,Completed
1011,4924533986144610,4924536730444351,4924536743676491,1,13231347,Completed
1012,4924533986145290,4924536736648444,4924536755374164,1,18725131,Completed
1013,4924533986145600,4924536737394478,4924536746998977,1,9603845,Completed
1014,4924533986146030,4924536738954297,4924536749869245,0,10913596,Completed
1015,4924533986146770,4924536739708621,4924536750443431,1,10733966,Completed
1016,4924533986147190,4924536743680801,4924536752921322,1,9239775,Completed
1017,4924533986147620,4924536747014716,4924536765126271,1,18110460,Completed
1018,4924533986147940,4924536750170143,4924536757233490,0,7062324,Completed
1019,4924533986179300,4924536750450171,4924536758505321,1,8054134,Completed
1020,4924533986179820,4924536752925162,4924536759935500,1,7009574,Completed
1021,4924533986180250,4924536755381804,4924536763257645,1,7874954,Completed
1022,4924533995547330,4924536757527718,4924536764282057,0,6753344,Completed
1023,4924533995550660,4924536758509810,4924536765979795,1,7469335,Completed
1024,4924533995555500,4924536759937900,4924536766361762,1,6423124,Completed
1025,4924533995690579,4924536763262035,4924536770641410,1,7378624,Completed
1026,4924533995690959,4924536764507716,4924536772043899,0,7535244,Completed
1027,4924533995691459,4924536765130191,4924536771329394,1,6198454,Completed
1028,4924533995691819,4924536765982894,4924536773957015,1,7945464,Completed
1029,4924533995694189,4924536766362862,4924536772549385,1,6185963,Completed
1030,4924533995694499,4924536770646079,4924536780812433,1,10165686,Completed
1031,4924533995697219,4924536771333644,4924536780690944,1,9356405,Completed
1032,4924533995699548,4924536772476766,4924536787053227,0,14573868,Completed
1033,4924533995699938,4924536772552925,4924536789942915,1,17389260,Completed
1034,4924534016950809,4924536773960025,4924536794029115,1,20068511,Completed
1035,4924534016954189,4924536780696424,4924536797730117,1,17032979,Completed
1036,4924534016955089,4924536780816803,4924536799900381,1,19082920,Completed
1037,4924534016955699,4924536787356864,4924536802482831,0,15125099,Completed
1038,4924534016956139,4924536789947005,4924536806323982,1,16376099,Completed
1039,4924534016964299,4924536794033315,4924536813403629,1,19369611,Completed
1040,4924534016964679,4924536797734747,4924536815739582,1,18004170,Completed
1041,4924534016965169,4924536799905610,4924536816660435,1,16753980,Completed
1042,4924534016965529,4924536802893828,4924536813275980,0,10381256,Completed
1043,4924534016966179,4924536806327892,4924536816400867,1,10071866,Completed
1044,4924534016971489,4924536813409219,4924536830894008,0,17482660,Completed
1045,4924534016971819,4924536813446489,4924536824813744,1,11366366,Completed
1046,4924534016972109,4924536815743232,4924536829531079,1,13761528,Completed
1047,4924534065930233,4924536816402017,4924536829971995,1,13569417,Completed
1048,4924534065933733,4924536816664465,4924536834518391,1,17853320,Completed
1049,4924534065936003,4924536824819684,4924536841379060,1,16558689,Completed
1050,4924534065936403,4924536829535979,4924536846961118,1,17395310,Completed
1051,4924534065936633,4924536829973055,4924536843480464,1,13506698,Completed
1052,4924534065937023,4924536831577223,4924536849668898,0,18090410,Completed
1053,4924534065937463,4924536834524291,4924536851068377,1,16543199,Completed
1054,4924534065937803,4924536841384430,4924536859938491,1,18553321,Completed
1055,4924534065938133,4924536843485044,4924536852220279,1,8734554,Completed
1056,4924534065939313,4924536846965178,4924536859418605,1,12452786,Completed
1057,4924534065939693,4924536850021275,4924536860776365,0,10754086,Completed
1058,4924534065940023,4924536851072647,4924536871627594,1,20554501,Completed
1059,4924534095861748,4924536852224519,4924536868284258,1,16059099,Completed
1060,4924534095864978,4924536859424095,4924536872046830,1,12622068,Completed
1061,4924534095865558,4924536859940431,4924536875450805,1,15509688,Completed
1062,4924534095866248,4924536861104432,4924536872859214,0,11753867,Completed
1063,4924534095866668,4924536868290678,4924536880067460,1,11776197,Completed
1064,4924534095866998,4924536871632344,4924536882830950,1,11197656,Completed
1065,4924534095878818,4924536872050810,4924536883802122,1,11750676,Completed
1066,4924534095879148,4924536873130172,4924536886408023,0,13277037,Completed
1067,4924534095879448,4924536875456295,4924536890109115,1,14652079,Completed
1068,4924534095879898,4924536880071690,4924536892257009,1,12184497,Completed
1069,4924534095880198,4924536882836369,4924536899160377,1,16323299,Completed
1070,4924534095880608,4924536883807192,4924536897546099,1,13737878,Completed
1071,4924534095881118,4924536886751460,4924536902993579,0,16241179,Completed
1072,4924534095881518,4924536890114975,4924536904505297,1,14389718,Completed
1073,4924534095881828,4924536892259499,4924536904547037,1,12264317,Completed
1074,4924534101854124,4924536897552989,4924536910283304,1,12711217,Completed
1075,4924534101856993,4924536899165847,4924536915186777,1,16020338,Completed
1076,4924534101857393,4924536903331146,4924536919305246,0,15973289,Completed
1077,4924534101857913,4924536904512637,4924536920063921,1,15550578,Completed
1078,4924534101858183,4924536904547857,4924536918115155,1,13566707,Completed
1079,4924534101858743,4924536910290814,4924536923745303,1,13453797,Completed
1080,4924534101860833,4924536915192327,4924536931084408,1,15891409,Completed
1081,4924534101861273,4924536918118735,4924536932372889,1,14253388,Completed
1082,4924534101861543,4924536919781413,4924536935666544,0,15884159,Completed
1083,4924534101862193,4924536920070141,4924536934937439,1,14866418,Completed
1084,4924534101862473,4924536923747853,4924536937476930,1,13728348,Completed
1085,4924534101862833,4924536931090758,4924536945496300,1,14404238,Completed
1086,4924534101869613,4924536932376079,4924536945472421,1,13095497,Completed
1087,4924534101869983,4924536934943129,4924536949874168,1,14929719,Completed
1088,4924534107044145,4924536936130420,4924536954993779,0,18862351,Completed
1089,4924534107046655,4924536937480750,4924536950278545,1,12797167,Completed
1090,4924534107047175,4924536945476341,4924536958655502,1,13178488,Completed
1091,4924534107053525,4924536945501680,4924536961106933,1,15604479,Completed
1092,4924534107053995,4924536949879638,4924536964466198,1,14585908,Completed
1093,4924534107054285,4924536950279105,4924536964108831,1,13829168,Completed
1094,4924534107054875,4924536955532905,4924536971521316,0,15987319,Completed
1095,4924534107055255,4924536958659592,4924536973764859,1,15104788,Completed
1096,4924534107055745,4924536961111893,4924536978093416,1,16980599,Completed
1097,4924534107056035,4924536964112711,4924536976652767,1,12539367,Completed
1098,4924534107056335,4924536964468458,4924536978300315,1,13831008,Completed
1099,4924534107059135,4924536971871953,4924536986561133,0,14688138,Completed
1100,4924534107059745,4924536973771489,4924536987581095,1,13808838,Completed
1101,4924534111657940,4924536976656847,4924536989424401,1,12766887,Completed
1102,4924534111661480,4924536978098576,4924536995948253,1,17848880,Completed
1103,4924534111662100,4924536978304285,4924536993506661,1,15201698,Completed
1104,4924534111662730,4924536986987700,4924537002639353,0,15650789,Completed
1105,4924534111663610,4924536987585955,4924537003063689,1,15476868,Completed
1106,4924534111663890,4924536989427321,4924537002795881,1,13367977,Completed
1107,4924534111664150,4924536993511171,4924537008247351,1,14735578,Completed
1108,4924534111676220,4924536995953153,4924537012291030,1,16337179,Completed
1109,4924534111676490,4924537002799191,4924537015911243,1,13108207,Completed
1110,4924534111676770,4924537003066599,4924537017587631,1,14520328,Completed
1111,4924534111677330,4924537003243418,4924537018198276,0,14953499,Completed
1112,4924534111677730,4924537008253311,4924537021308463,1,13054367,Completed
1113,4924534117102339,4924537012295430,4924537026840811,1,14544679,Completed
1114,4924534117105469,4924537015915733,4924537028783137,1,12866788,Completed
1115,4924534117105959,4924537017591431,4924537032266481,1,14646059,Completed
1116,4924534117106349,4924537018581283,4924537034364515,0,15782119,Completed
1117,4924534117107019,4924537021313863,4924537036015433,1,14700999,Completed
1118,4924534117107389,4924537026845501,4924537042302706,1,15456528,Completed
1119,4924534117107789,4924537028786647,4924537042316925,1,13529637,Completed
1120,4924534117112789,4924537032270881,4924537045635361,1,13363847,Completed
1121,4924534117113429,4924537034804962,4924537049149754,0,14343848,Completed
1122,4924534117113719,4924537036020953,4924537049240444,1,13218807,Completed
1123,4924534117114029,4924537042307026,4924537056563369,1,14255658,Completed
1124,4924534117114309,4924537042320105,4924537055707165,1,13386358,Completed
1125,4924534117116469,4924537045639381,4924537058831102,1,13191077,Completed
1126,4924534117117009,4924537049245844,4924537063297288,1,14050748,Completed
1127,4924534122999615,4924537049625851,4924537064718018,0,15091039,Completed
1128,4924534123011155,4924537055711435,4924537068317471,1,12605347,Completed
1129,4924534123018065,4924537056568419,4924537073053185,1,16483919,Completed
1130,4924534123018365,4924537058834532,4924537071317528,1,12482087,Completed
1131,4924534123018605,4924537063303038,4924537075688136,1,12384227,Completed
1132,4924534123018835,4924537065091335,4924537080537179,0,15444978,Completed
1133,4924534123019135,4924537068320751,4924537080978516,1,12657167,Completed
1134,4924534123019465,4924537071320318,4924537084302071,1,12981067,Completed
1135,4924534123019785,4924537073058085,4924537088329161,1,15270339,Completed
1136,4924534123020025,4924537075692966,4924537090615764,1,14922118,Completed
1137,4924534123020255,4924537080886517,4924537097129275,0,16174259,Completed
1138,4924534123020485,4924537080982756,4924537094228317,1,13244897,Completed
1139,4924534123020785,4924537084306661,4924537099465747,1,15158439,Completed
1140,4924534123021015,4924537088334781,4924537104378061,1,16020559,Completed
1141,4924534128182596,4924537090620954,4924537107074111,1,16452459,Completed
1142,4924534128186056,4924537094232347,4924537106535395,1,12302407,Completed
1143,4924534128186616,4924537097684901,4924537113875580,0,16188149,Completed
1144,4924534128187046,4924537099470917,4924537114716933,1,15245298,Completed
1145,4924534128187316,4924537104383201,4924537120400081,1,16015978,Completed
1146,4924534128187586,4924537106539195,4924537120313221,1,13773427,Completed
1147,4924534128187956,4924537107076121,4924537120519540,1,13442818,Completed
1148,4924534128188336,4924537114259737,4924537130587795,0,16326379,Completed
1149,4924534128190116,4924537114722413,4924537129125286,1,14401928,Completed
1150,4924534128199356,4924537120317151,4924537133307624,1,12989868,Completed
1151,4924534128199766,4924537120404821,4924537136958277,1,16552619,Completed
1152,4924534128203306,4924537120520720,4924537133296384,1,12775007,Completed
1153,4924534128203716,4924537129130135,4924537145117406,1,15986669,Completed
1154,4924534151217774,4924537131058121,4924537147770586,0,16711610,Completed
1155,4924534151222144,4924537133300654,4924537146976742,1,13675437,Completed
1156,4924534151222584,4924537133308504,4924537149406634,1,16097519,Completed
1157,4924534151226974,4924537136963907,4924537155123531,1,18158650,Completed
1158,4924534151227654,4924537145122796,4924537155984744,1,10861206,Completed
1159,4924534151228104,4924537146979992,4924537159064661,1,12065947,Completed
1160,4924534151228514,4924537148291402,4924537161172725,0,12880257,Completed
1161,4924534151229024,4924537149409854,4924537165410174,1,15983079,Completed
1162,4924534151229314,4924537155127951,4924537170842223,1,15713559,Completed
1163,4924534151229854,4924537155989884,4924537171723257,1,15713659,Completed
1164,4924534151230144,4924537159067721,4924537171228550,1,12160237,Completed
1165,4924534151230424,4924537161516463,4924537174207688,0,12690297,Completed
1166,4924534187470492,4924537165413604,4924537179530938,1,14116757,Completed
1167,4924534187475112,4924537170847283,4924537182915183,1,12067036,Completed
1168,4924534187475832,4924537171231020,4924537181986450,1,10754836,Completed
1169,4924534187476532,4924537171724907,4924537188096774,1,16371249,Completed
1170,4924534187477322,4924537174645155,4924537190714854,0,16068659,Completed
1171,4924534187478312,4924537179534008,4924537197523933,1,17989330,Completed
1172,4924534187481092,4924537181989630,4924537199336470,1,17346229,Completed
1173,4924534187481402,4924537182920353,4924537203844026,1,20922932,Completed
1174,4924534187482122,4924537188102134,4924537206360457,1,18257440,Completed
1175,4924534187482602,4924537191091012,4924537211952185,0,20859901,Completed
1176,4924534187483192,4924537197527223,4924537215557988,1,18030240,Completed
1177,4924534187483802,4924537199338920,4924537217719102,1,18379661,Completed
1178,4924534204088068,4924537203848656,4924537227706507,1,23857243,Completed
1179,4924534204090968,4924537206365367,4924537227313300,1,20947282,Completed
1180,4924534204091398,4924537212399372,4924537233819832,0,21318182,Completed
1181,4924534204091738,4924537215562528,4924537232413752,1,16850680,Completed
1182,4924534204092068,4924537217722292,4924537235267801,1,17516339,Completed
1183,4924534204092838,4924537227319040,4924537246665415,1,19345791,Completed
1184,4924534204095938,4924537227710487,4924537248266253,1,20554922,Completed
1185,4924534204096398,4924537232418142,4924537250498507,1,18079810,Completed
1186,4924534204097098,4924537234195809,4924537255135892,0,20939181,Completed
1187,4924534204097428,4924537235274751,4924537252947698,1,17672210,Completed
1188,4924534204102208,4924537246670345,4924537263716098,1,17045159,Completed
1189,4924534204102568,4924537248270833,4924537268402853,1,20131381,Completed
1190,4924534204102978,4924537250503207,4924537268417443,1,17913670,Completed
1191,4924534215025976,4924537252951788,4924537272641251,1,19688831,Completed
1192,4924534215028696,4924537255697018,4924537275960456,0,20262351,Completed
1193,4924534215032876,4924537263720988,4924537283392750,1,19671161,Completed
1194,4924534215033546,4924537268407773,4924537288801200,1,20392621,Completed
1195,4924534215034356,4924537268420953,4924537285846052,1,17424429,Completed
1196,4924534215034766,4924537272645691,4924537291202042,1,18555690,Completed
1197,4924534215035216,4924537276308474,4924537295977156,0,19667631,Completed
1198,4924534215035536,4924537283398500,4924537302806515,1,19407391,Completed
1199,4924534215038546,4924537285849582,4924537303039333,1,17189210,Completed
1200,4924534215039276,4924537288805530,4924537309046138,1,20239931,Completed
1201,4924534215039726,4924537291208192,4924537309599294,1,18390351,Completed
1202,4924534215040236,4924537296374393,4924537316297954,0,19922691,Completed
1203,4924534221964474,4924537302812955,4924537320918220,1,18104600,Completed
1204,4924534221967494,4924537303040363,4924537320279354,1,17238560,Completed
1205,4924534221968004,4924537309052218,4924537329333797,1,20280702,Completed
1206,4924534221968634,4924537309604324,4924537328126366,1,18521370,Completed
1207,4924534221969564,4924537316652781,4924537336978929,0,20325121,Completed
1208,4924534221970244,4924537320284214,4924537336977199,1,16692369,Completed
1209,4924534221970794,4924537320919460,4924537339927537,1,19007360,Completed
1210,4924534221971354,4924537328131635,4924537346624237,1,18491640,Completed
1211,4924534221971884,4924537329339396,4924537349811453,1,20471371,Completed
1212,4924534221972204,4924537336981779,4924537354857095,1,17874600,Completed
1213,4924534221972544,4924537337475916,4924537357422506,0,19945241,Completed
1214,4924534221980334,4924537339932397,4924537358509338,1,18575771,Completed
1215,4924534229528988,4924537346628837,4924537365764354,1,19134691,Completed
1216,4924534229536777,4924537349817483,4924537370321450,1,20502891,Completed
1217,4924534229537267,4924537354863735,4924537371822328,1,16957799,Completed
1218,4924534229537787,4924537357776934,4924537377550825,0,19772331,Completed
1219,4924534229538527,4924537358514758,4924537377311117,1,18795640,Completed
1220,4924534229539227,4924537365769754,4924537384266935,1,18496540,Completed
1221,4924534229539497,4924537370328020,4924537390076592,1,19747901,Completed
1222,4924534229539947,4924537371827718,4924537388652682,1,16824340,Completed
1223,4924534229540587,4924537377315417,4924537396385634,1,19069521,Completed
1224,4924534229541007,4924537378054492,4924537397403937,0,19348280,Completed
1225,4924534229541377,4924537384272815,4924537402009332,1,17727000,Completed
1226,4924534229541657,4924537388657452,4924537405417777,1,16759699,Completed
1227,4924534229541927,4924537390081522,4924537410226611,1,20144442,Completed
1228,4924534236641554,4924537396391004,4924537415376342,1,18984720,Completed
1229,4924534236644684,4924537397742274,4924537417530616,0,19787631,Completed
1230,4924534236645184,4924537402014902,4924537420174146,1,18158470,Completed
1231,4924534236645704,4924537405421047,4924537422011713,1,16590039,Completed
1232,4924534236646484,4924537410231251,4924537430223011,1,19991031,Completed
1233,4924534236646804,4924537415380822,4924537433833904,1,18452461,Completed
1234,4924534236647224,4924537417918553,4924537437949463,0,20029931,Completed
1235,4924534236647674,4924537420179256,4924537437877584,1,17697240,Completed
1236,4924534236653144,4924537422014993,4924537439052735,1,17036920,Completed
1237,4924534236653494,4924537430228391,4924537450472000,1,20242951,Completed
1238,4924534236653844,4924537433839014,4924537452351655,1,18511960,Completed
1239,4924534236654314,4924537437884634,4924537455962729,1,18077250,Completed
1240,4924534244793993,4924537438428960,4924537458198212,0,19768141,Completed
1241,4924534244796763,4924537439055065,4924537455612731,1,16557029,Completed
1242,4924534244797143,4924537450477289,4924537470586469,1,20108551,Completed
1243,4924534244801283,4924537452357135,4924537470534249,1,18176460,Completed
1244,4924534244801613,4924537455616221,4924537472451155,1,16834259,Completed
1245,4924534244802143,4924537455963879,4924537474681008,1,18716570,Completed
1246,4924534244802513,4924537458633518,4924537478028303,0,19393831,Completed
1247,4924534244802953,4924537470540479,4924537488987131,1,18445690,Completed
1248,4924534244804523,4924537470590989,4924537491246934,1,20655082,Completed
1249,4924534244806483,4924537472455015,4924537489208850,1,16753249,Completed
1250,4924534244806863,4924537474687498,4924537492861052,1,18172960,Completed
1251,4924534244807193,4924537478336111,4924537498584569,0,20247642,Completed
1252,4924534244807613,4924537488992731,4924537507505723,1,18512261,Completed
1253,4924534252202138,4924537489210030,4924537506011724,1,16800850,Completed
1254,4924534252206708,4924537491252934,4924537510640769,1,19387160,Completed
1255,4924534252207408,4924537492866262,4924537511785200,1,18918351,Completed
1256,4924534252207748,4924537498942827,4924537518582480,0,19638651,Completed
1257,4924534252219538,4924537506021014,4924537522738188,1,16716309,Completed
1258,4924534252220188,4924537507510233,4924537525960174,1,18449340,Completed
1259,4924534252220758,4924537510647049,4924537531198315,1,20550642,Completed
1260,4924534252221118,4924537511789640,4924537530184413,1,18394080,Completed
1261,4924534252221718,4924537518939907,4924537538955567,0,20014621,Completed
1262,4924534252222258,4924537522741848,4924537539602622,1,16860119,Completed
1263,4924534252222528,4924537525965084,4924537543791981,1,17826260,Completed
1264,4924534252222798,4924537530190003,4924537548698994,1,18507720,Completed
1265,4924534252223078,4924537531202635,4924537551215185,1,20011811,Completed
1266,4924534260036979,4924537539340154,4924537558558980,0,19217701,Completed
1267,4924534260040779,4924537539606632,4924537554901048,1,15293779,Completed
1268,4924534260041229,4924537543796981,4924537558966067,1,15168488,Completed
1269,4924534260041679,4924537548704344,4924537566435481,1,17730490,Completed
1270,4924534260042799,4924537551220355,4924537569790366,1,18569350,Completed
1271,4924534260043229,4924537554905738,4924537572187788,1,17281440,Completed
1272,4924534260043469,4924537558972627,4924537576235938,1,17262440,Completed
1273,4924534260043709,4924537559126466,4924537576939703,0,17811750,Completed
1274,4924534260044089,4924537566442131,4924537585115642,1,18672761,Completed
1275,4924534260044319,4924537569795016,4924537588964303,1,19168691,Completed
1276,4924534260044559,4924537572191328,4924537588776394,1,16584369,Completed
1277,4924534260044789,4924537576240768,4924537593040292,1,16798819,Completed
1278,4924534267873570,4924537577395499,4924537597316350,0,19866201,Completed
1279,4924534267876680,4924537585122211,4924537602316593,1,17193549,Completed
1280,4924534267881360,4924537588780884,4924537607595033,1,18813520,Completed
1281,4924534267882000,4924537588968503,4924537609783217,1,20814051,Completed
1282,4924534267882700,4924537593044542,4924537610346013,1,17300850,Completed
1283,4924534267883470,4924537597682058,4924537617668418,0,19985231,Completed
1284,4924534267884230,4924537602322743,4924537620241739,1,17918270,Completed
1285,4924534267887910,4924537607600243,4924537626150054,1,18549181,Completed
1286,4924534267888600,4924537609788237,4924537629646208,1,19857301,Completed
1287,4924534267889180,4924537610350183,4924537626018455,1,15667578,Completed
1288,4924534267890170,4924537617984045,4924537636866574,0,18881590,Completed
1289,4924534267890910,4924537620247308,4924537637645208,1,17397250,Completed
1290,4924534267891750,4924537626022225,4924537642378793,1,16355680,Completed
1291,4924534275068396,4924537626151424,4924537643040408,1,16888459,Completed
1292,4924534275072216,4924537629652358,4924537648474027,1,18821071,Completed
1293,4924534275072946,4924537637240911,4924537655719103,0,18476910,Completed
1294,4924534275073476,4924537637651858,4924537655572374,1,17919840,Completed
1295,4924534275074226,4924537642382313,4924537659309466,1,16926209,Completed
1296,4924534275074556,4924537643042068,4924537659344896,1,16302279,Completed
1297,4924534275080166,4924537648478697,4924537667451515,1,18972210,Completed
1298,4924534275080626,4924537655577244,4924537673392181,1,17814220,Completed
1299,4924534275081896,4924537656192949,4924537673740988,0,17546780,Completed
1300,4924534275085696,4924537659314996,4924537675608114,1,16292529,Completed
1301,4924534275086226,4924537659345896,4924537673791628,1,14445248,Completed
1302,4924534275086656,4924537667456255,4924537682220124,1,14763099,Completed
1303,4924534283319065,4924537673397411,4924537687443315,1,14045008,Completed
1304,4924534283322055,4924537673792938,4924537687026038,1,13232527,Completed
1305,4924534283322935,4924537674280824,4924537694690971,0,20408942,Completed
1306,4924534283323745,4924537675611094,4924537692228950,1,16617219,Completed
1307,4924534283324555,4924537682225454,4924537702421823,1,20195771,Completed
1308,4924534283325355,4924537687028808,4924537706467953,1,19438451,Completed
1309,4924534283326235,4924537687445395,4924537705505590,1,18059630,Completed
1310,4924534283326825,4924537692232990,4924537708519458,1,16285829,Completed
1311,4924534283327565,4924537695189727,4924537714266784,0,19076290,Completed
1312,4924534283332804,4924537702426813,4924537721401791,1,18974380,Completed
1313,4924534283333624,4924537705511330,4924537723864353,1,18352410,Completed
1314,4924534283334084,4924537706470693,4924537725912867,1,19441601,Completed
1315,4924534283334494,4924537708522838,4924537722197445,1,13673978,Completed
1316,4924534290290742,4924537714624062,4924537729908348,0,15283208,Completed
1317,4924534290294292,4924537721407201,4924537735411326,1,14003468,Completed
1318,4924534290295192,4924537722201735,4924537735788763,1,13586327,Completed
1319,4924534290296032,4924537723868793,4924537736166351,1,12296927,Completed
1320,4924534290296522,4924537725917917,4924537737469281,1,11550626,Completed
1321,4924534290304492,4924537730265305,4924537744214210,0,13947978,Completed
1322,4924534290304822,4924537735417166,4924537749494731,1,14076988,Completed
1323,4924534290305342,4924537735793203,4924537749247403,1,13453458,Completed
1324,4924534290305962,4924537736167551,4924537748271060,1,12102936,Completed
1325,4924534290306442,4924537737472871,4924537753300392,1,15826839,Completed
1326,4924534290306872,4924537744597397,4924537759310247,0,14711538,Completed
1327,4924534290307382,4924537748275620,4924537759529376,1,11253247,Completed
1328,4924534290307802,4924537749250633,4924537760766956,1,11515746,Completed
1329,4924534295801681,4924537749498351,4924537762549863,1,13050627,Completed
1330,4924534295804721,4924537753304982,4924537764860116,1,11554397,Completed
1331,4924534295805051,4924537759535366,4924537770529553,1,10993386,Completed
1332,4924534295805501,4924537759865543,4924537776374659,0,16508119,Completed
1333,4924534295805801,4924537760769446,4924537774136206,1,13366088,Completed
1334,4924534295806461,4924537762553513,4924537779226558,1,16672270,Completed
1335,4924534295806761,4924537764864146,4924537779924603,1,15059808,Completed
1336,4924534295807131,4924537770533383,4924537783384967,1,12850997,Completed
1337,4924534295807431,4924537774139716,4924537786989890,1,12849357,Completed
1338,4924534295807741,4924537776867126,4924537793232923,0,16364729,Completed
1339,4924534295808031,4924537779231258,4924537795984483,1,16752519,Completed
1340,4924534295808431,4924537779929573,4924537795340118,1,15409609,Completed
1341,4924534295808741,4924537783388077,4924537795090229,1,11701456,Completed
1342,4924534302745469,4924537786994160,4924537798316985,1,11322116,Completed
1343,4924534302747969,4924537793551811,4924537807686345,0,14133787,Completed
1344,4924534302752409,4924537795094349,4924537805718150,1,10623096,Completed
1345,4924534302752909,4924537795341668,4924537812356750,1,16977599,Completed
1346,4924534302753429,4924537795987843,4924537814059927,1,18071430,Completed
1347,4924534302753909,4924537798321185,4924537811410297,1,13088407,Completed
1348,4924534302754319,4924537805721980,4924537819451207,1,13728498,Completed
1349,4924534302755359,4924537808177612,4924537823492167,0,15313578,Completed
1350,4924534302755599,4924537811414497,4924537824661718,1,13246608,Completed
1351,4924534302756129,4924537812360630,4924537828587219,1,16225949,Completed
1352,4924534302756589,4924537814066937,4924537831510147,1,17442330,Completed
1353,4924534302756939,4924537819453747,4924537833532912,1,14078328,Completed
1354,4924534302757169,4924537823879704,4924537839968553,0,16087489,Completed
1355,4924534307703552,4924537824666588,4924537838908791,1,14241568,Completed
1356,4924534307706702,4924537828591639,4924537844662068,1,16069819,Completed
1357,4924534307707242,4924537831514827,4924537849604911,1,18089210,Completed
1358,4924534307707872,4924537833535762,4924537848536119,1,14999588,Completed
1359,4924534307708292,4924537838914231,4924537853826680,1,14911818,Completed
1360,4924534307708632,4924537840442630,4924537859306839,0,18862790,Completed
1361,4924534307709062,4924537844668128,4924537860512300,1,15843439,Completed
1362,4924534307732462,4924537848540969,4924537864075113,1,15533389,Completed
1363,4924534307732902,4924537849610541,4924537870405456,1,20794011,Completed
1364,4924534307736442,4924537853832310,4924537870169587,1,16336649,Completed
1365,4924534307737532,4924537859665926,4924537880244632,0,20577652,Completed
1366,4924534307738162,4924537860517960,4924537878586454,1,18067830,Completed
1367,4924534307738612,4924537864078603,4924537878501015,1,14421448,Completed
1368,4924534307739082,4924537870173857,4924537886770303,1,16595839,Completed
1369,4924534315234736,4924537870409286,4924537890214427,1,19804551,Completed
1370,4924534315239886,4924537878505725,4924537894653804,1,16147479,Completed
1371,4924534315240726,4924537878587924,4924537896316872,1,17728040,Completed
1372,4924534315241336,4924537880818838,4924537899941564,0,19121271,Completed
1373,4924534315241866,4924537886774383,4924537901920300,1,15145329,Completed
1374,4924534315242306,4924537890220027,4924537909837990,1,19617211,Completed
1375,4924534315242976,4924537894657124,4924537910319157,1,15661468,Completed
1376,4924534315250795,4924537896321912,4924537912520440,1,16197809,Completed
1377,4924534315251255,4924537900352821,4924537919162131,0,18808300,Completed
1378,4924534315251745,4924537901924970,4924537918442776,1,16517169,Completed
1379,4924534315252285,4924537909842610,4924537929656082,1,19812811,Completed
1380,4924534315252695,4924537910322477,4924537926166928,1,15843839,Completed
1381,4924534322950958,4924537912525130,4924537931074891,1,18549160,Completed
1382,4924534322953048,4924537918446986,4924537933679542,1,15231988,Completed
1383,4924534322953628,4924537919611807,4924537937781001,0,18168260,Completed
1384,4924534322953858,4924537926170608,4924537941699062,1,15527729,Completed
1385,4924534322959248,4924537929660932,4924537948028914,1,18367330,Completed
1386,4924534322959558,4924537931079431,4924537949831631,1,18751410,Completed
1387,4924534322959798,4924537933682602,4924537949685492,1,16002229,Completed
1388,4924534322960028,4924537938217518,4924537958013860,0,19794551,Completed
1389,4924534322960258,4924537941703112,4924537957757642,1,16053999,Completed
1390,4924534322960588,4924537948034434,4924537968929168,1,20893932,Completed
1391,4924534322960878,4924537949688832,4924537965539603,1,15850169,Completed
1392,4924534322961118,4924537949833151,4924537966047690,1,16213889,Completed
1393,4924534322961368,4924537957760202,4924537972058084,1,14297028,Completed
1394,4924534322961608,4924537958549136,4924537976652300,0,18102090,Completed
1395,4924534329646678,4924537965544963,4924537984670700,1,19125051,Completed
1396,4924534329649448,4924537966049790,4924537984307883,1,18257581,Completed
1397,4924534329650008,4924537968933938,4924537988447962,1,19513351,Completed
1398,4924534329650678,4924537972062964,4924537988588431,1,16524699,Completed
1399,4924534329656128,4924537977059247,4924537995435490,0,18375411,Completed
1400,4924534329656548,4924537984314823,4924538001139537,1,16797289,Completed
1401,4924534329657188,4924537984672110,4924538000389222,1,15716468,Completed
1402,4924534329657668,4924537988452382,4924538009231346,1,20778351,Completed
1403,4924534329658328,4924537988592731,4924538005796752,1,17203449,Completed
1404,4924534329658718,4924537995889856,4924538015688968,0,19797861,Completed
1405,4924534329659987,4924538000395752,4924538016562761,1,16166249,Completed
1406,4924534329666497,4924538001143767,4924538019505279,1,18360800,Completed
1407,4924534329666897,4924538005801452,4924538022478887,1,16650920,Completed
1408,4924534336279368,4924538009236766,4924538029132237,1,19894831,Completed
1409,4924534336282388,4924538016044475,4924538034298709,0,18253290,Completed
1410,4924534336282918,4924538016566901,4924538033209377,1,16641860,Completed
1411,4924534336283358,4924538019510809,4924538036638841,1,17127360,Completed
1412,4924534336283818,4924538022484217,4924538039705118,1,17220149,Completed
1413,4924534336290358,4924538029137477,4924538047200662,1,18062420,Completed
1414,4924534336290788,4924538033213107,4924538048147635,1,14933968,Completed
1415,4924534336291268,4924538034674526,4924538051895727,0,17220010,Completed
1416,4924534336291838,4924538036643041,4924538056562772,1,19919181,Completed
1417,4924534336292438,4924538039709828,4924538058449188,1,18715081,Completed
1418,4924534336292848,4924538047205132,4924538066569847,1,19364081,Completed
1419,4924534336293198,4924538048151085,4924538064869970,1,16718259,Completed
1420,4924534337518489,4924538052489942,4924538071384551,0,18857251,Completed
1421,4924534337548379,4924538056567162,4924538061370866,1,4802922,Completed
