[2026-10-06T10:29:24Z] PR #3528 wikidata turtle_export queries=H-vocab-label-large-de H-vocab-random-label-de-200k H-vocab-label-large scenarios=cold,warm reps=10 mode=three binaries layout=ural
[2026-10-06T10:29:24Z] base:    /local/data-ssd/stoetzem/thesis/experiments/runs/colloquium-final-p6-p7-p10-wikidata/bin/qlever-server-base (a752a45716c20e19467508f62801d64f36c0a60a) args='' form=''
[2026-10-06T10:29:24Z] variant: /local/data-ssd/stoetzem/thesis/experiments/runs/colloquium-final-p6-p7-p10-wikidata/bin/qlever-server-variant (4dd60f853612dacc4405c713638b1726c6382877) args='' form=''
[2026-10-06T10:29:24Z] variant2: /local/data-ssd/stoetzem/thesis/experiments/runs/colloquium-final-p6-p7-p10-wikidata/bin/qlever-server-variant2 (60f854f42e2af6984924a2b5f692e6b8b407310c) args='' label='p7-ring-only'
Caches dropped successfully (synced, then wrote 1
 to /proc/sys/vm/drop_caches).
fatal: not a git repository (or any parent up to mount point /local)
Stopping at filesystem boundary (GIT_DISCOVERY_ACROSS_FILESYSTEM not set).
fatal: not a git repository (or any parent up to mount point /local)
Stopping at filesystem boundary (GIT_DISCOVERY_ACROSS_FILESYSTEM not set).
fatal: not a git repository (or any parent up to mount point /local)
Stopping at filesystem boundary (GIT_DISCOVERY_ACROSS_FILESYSTEM not set).
fatal: not a git repository (or any parent up to mount point /local)
Stopping at filesystem boundary (GIT_DISCOVERY_ACROSS_FILESYSTEM not set).
fatal: not a git repository (or any parent up to mount point /local)
Stopping at filesystem boundary (GIT_DISCOVERY_ACROSS_FILESYSTEM not set).
rep 1/1: complete export=s e2e=87.853447809s 504927346 bytes syscr=8886355 pread64=4444385 io_uring_enter=0 read_bytes=9617985536 cpu_s=44.570000
[2026-10-06T10:31:32Z] pr3528-H-vocab-label-large-de-cold-base-r1 done
Caches dropped successfully (synced, then wrote 1
 to /proc/sys/vm/drop_caches).
fatal: not a git repository (or any parent up to mount point /local)
Stopping at filesystem boundary (GIT_DISCOVERY_ACROSS_FILESYSTEM not set).
fatal: not a git repository (or any parent up to mount point /local)
Stopping at filesystem boundary (GIT_DISCOVERY_ACROSS_FILESYSTEM not set).
fatal: not a git repository (or any parent up to mount point /local)
Stopping at filesystem boundary (GIT_DISCOVERY_ACROSS_FILESYSTEM not set).
fatal: not a git repository (or any parent up to mount point /local)
Stopping at filesystem boundary (GIT_DISCOVERY_ACROSS_FILESYSTEM not set).
fatal: not a git repository (or any parent up to mount point /local)
Stopping at filesystem boundary (GIT_DISCOVERY_ACROSS_FILESYSTEM not set).
rep 1/1: complete export=s e2e=34.313453370s 504927346 bytes syscr=8881602 pread64=2633 io_uring_enter=167669 read_bytes=9443688448 cpu_s=38.440000
[2026-10-06T10:32:46Z] pr3528-H-vocab-label-large-de-cold-variant-r1 done
Caches dropped successfully (synced, then wrote 1
 to /proc/sys/vm/drop_caches).
fatal: not a git repository (or any parent up to mount point /local)
Stopping at filesystem boundary (GIT_DISCOVERY_ACROSS_FILESYSTEM not set).
fatal: not a git repository (or any parent up to mount point /local)
Stopping at filesystem boundary (GIT_DISCOVERY_ACROSS_FILESYSTEM not set).
fatal: not a git repository (or any parent up to mount point /local)
Stopping at filesystem boundary (GIT_DISCOVERY_ACROSS_FILESYSTEM not set).
fatal: not a git repository (or any parent up to mount point /local)
Stopping at filesystem boundary (GIT_DISCOVERY_ACROSS_FILESYSTEM not set).
fatal: not a git repository (or any parent up to mount point /local)
Stopping at filesystem boundary (GIT_DISCOVERY_ACROSS_FILESYSTEM not set).
rep 1/1: complete export=s e2e=39.736583227s 504927346 bytes syscr=2709 pread64=2612 io_uring_enter=6633238 read_bytes=9422077952 cpu_s=43.490000
[2026-10-06T10:34:07Z] pr3528-H-vocab-label-large-de-cold-variant2-r1 done
Caches dropped successfully (synced, then wrote 1
 to /proc/sys/vm/drop_caches).
fatal: not a git repository (or any parent up to mount point /local)
Stopping at filesystem boundary (GIT_DISCOVERY_ACROSS_FILESYSTEM not set).
fatal: not a git repository (or any parent up to mount point /local)
Stopping at filesystem boundary (GIT_DISCOVERY_ACROSS_FILESYSTEM not set).
fatal: not a git repository (or any parent up to mount point /local)
Stopping at filesystem boundary (GIT_DISCOVERY_ACROSS_FILESYSTEM not set).
fatal: not a git repository (or any parent up to mount point /local)
Stopping at filesystem boundary (GIT_DISCOVERY_ACROSS_FILESYSTEM not set).
fatal: not a git repository (or any parent up to mount point /local)
Stopping at filesystem boundary (GIT_DISCOVERY_ACROSS_FILESYSTEM not set).
rep 1/1: complete export=s e2e=37.537929881s 504927346 bytes syscr=2709 pread64=2612 io_uring_enter=6633564 read_bytes=9442922496 cpu_s=41.280000
[2026-10-06T10:35:24Z] pr3528-H-vocab-label-large-de-cold-variant2-r2 done
Caches dropped successfully (synced, then wrote 1
 to /proc/sys/vm/drop_caches).
fatal: not a git repository (or any parent up to mount point /local)
Stopping at filesystem boundary (GIT_DISCOVERY_ACROSS_FILESYSTEM not set).
fatal: not a git repository (or any parent up to mount point /local)
Stopping at filesystem boundary (GIT_DISCOVERY_ACROSS_FILESYSTEM not set).
fatal: not a git repository (or any parent up to mount point /local)
Stopping at filesystem boundary (GIT_DISCOVERY_ACROSS_FILESYSTEM not set).
fatal: not a git repository (or any parent up to mount point /local)
Stopping at filesystem boundary (GIT_DISCOVERY_ACROSS_FILESYSTEM not set).
fatal: not a git repository (or any parent up to mount point /local)
Stopping at filesystem boundary (GIT_DISCOVERY_ACROSS_FILESYSTEM not set).
rep 1/1: complete export=s e2e=26.662878875s 504927346 bytes syscr=8881590 pread64=2633 io_uring_enter=171339 read_bytes=9443688448 cpu_s=30.170000
[2026-10-06T10:36:24Z] pr3528-H-vocab-label-large-de-cold-variant-r2 done
Caches dropped successfully (synced, then wrote 1
 to /proc/sys/vm/drop_caches).
fatal: not a git repository (or any parent up to mount point /local)
Stopping at filesystem boundary (GIT_DISCOVERY_ACROSS_FILESYSTEM not set).
fatal: not a git repository (or any parent up to mount point /local)
Stopping at filesystem boundary (GIT_DISCOVERY_ACROSS_FILESYSTEM not set).
fatal: not a git repository (or any parent up to mount point /local)
Stopping at filesystem boundary (GIT_DISCOVERY_ACROSS_FILESYSTEM not set).
fatal: not a git repository (or any parent up to mount point /local)
Stopping at filesystem boundary (GIT_DISCOVERY_ACROSS_FILESYSTEM not set).
fatal: not a git repository (or any parent up to mount point /local)
Stopping at filesystem boundary (GIT_DISCOVERY_ACROSS_FILESYSTEM not set).
rep 1/1: complete export=s e2e=70.347836423s 504927346 bytes syscr=8886323 pread64=4444385 io_uring_enter=0 read_bytes=9617850368 cpu_s=36.010000
[2026-10-06T10:38:06Z] pr3528-H-vocab-label-large-de-cold-base-r2 done
Caches dropped successfully (synced, then wrote 1
 to /proc/sys/vm/drop_caches).
fatal: not a git repository (or any parent up to mount point /local)
Stopping at filesystem boundary (GIT_DISCOVERY_ACROSS_FILESYSTEM not set).
fatal: not a git repository (or any parent up to mount point /local)
Stopping at filesystem boundary (GIT_DISCOVERY_ACROSS_FILESYSTEM not set).
fatal: not a git repository (or any parent up to mount point /local)
Stopping at filesystem boundary (GIT_DISCOVERY_ACROSS_FILESYSTEM not set).
fatal: not a git repository (or any parent up to mount point /local)
Stopping at filesystem boundary (GIT_DISCOVERY_ACROSS_FILESYSTEM not set).
fatal: not a git repository (or any parent up to mount point /local)
Stopping at filesystem boundary (GIT_DISCOVERY_ACROSS_FILESYSTEM not set).
rep 1/1: complete export=s e2e=66.070838740s 504927346 bytes syscr=8886311 pread64=4444385 io_uring_enter=0 read_bytes=9617850368 cpu_s=32.470000
[2026-10-06T10:39:46Z] pr3528-H-vocab-label-large-de-cold-base-r3 done
Caches dropped successfully (synced, then wrote 1
 to /proc/sys/vm/drop_caches).
fatal: not a git repository (or any parent up to mount point /local)
Stopping at filesystem boundary (GIT_DISCOVERY_ACROSS_FILESYSTEM not set).
fatal: not a git repository (or any parent up to mount point /local)
Stopping at filesystem boundary (GIT_DISCOVERY_ACROSS_FILESYSTEM not set).
fatal: not a git repository (or any parent up to mount point /local)
Stopping at filesystem boundary (GIT_DISCOVERY_ACROSS_FILESYSTEM not set).
fatal: not a git repository (or any parent up to mount point /local)
Stopping at filesystem boundary (GIT_DISCOVERY_ACROSS_FILESYSTEM not set).
fatal: not a git repository (or any parent up to mount point /local)
Stopping at filesystem boundary (GIT_DISCOVERY_ACROSS_FILESYSTEM not set).
rep 1/1: complete export=s e2e=34.155058012s 504927346 bytes syscr=8881602 pread64=2633 io_uring_enter=167810 read_bytes=9444372480 cpu_s=38.240000
[2026-10-06T10:41:01Z] pr3528-H-vocab-label-large-de-cold-variant-r3 done
Caches dropped successfully (synced, then wrote 1
 to /proc/sys/vm/drop_caches).
fatal: not a git repository (or any parent up to mount point /local)
Stopping at filesystem boundary (GIT_DISCOVERY_ACROSS_FILESYSTEM not set).
fatal: not a git repository (or any parent up to mount point /local)
Stopping at filesystem boundary (GIT_DISCOVERY_ACROSS_FILESYSTEM not set).
fatal: not a git repository (or any parent up to mount point /local)
Stopping at filesystem boundary (GIT_DISCOVERY_ACROSS_FILESYSTEM not set).
fatal: not a git repository (or any parent up to mount point /local)
Stopping at filesystem boundary (GIT_DISCOVERY_ACROSS_FILESYSTEM not set).
fatal: not a git repository (or any parent up to mount point /local)
Stopping at filesystem boundary (GIT_DISCOVERY_ACROSS_FILESYSTEM not set).
rep 1/1: complete export=s e2e=39.724164561s 504927346 bytes syscr=2713 pread64=2612 io_uring_enter=6633376 read_bytes=9448509440 cpu_s=43.400000
[2026-10-06T10:42:21Z] pr3528-H-vocab-label-large-de-cold-variant2-r3 done
Caches dropped successfully (synced, then wrote 1
 to /proc/sys/vm/drop_caches).
fatal: not a git repository (or any parent up to mount point /local)
Stopping at filesystem boundary (GIT_DISCOVERY_ACROSS_FILESYSTEM not set).
fatal: not a git repository (or any parent up to mount point /local)
Stopping at filesystem boundary (GIT_DISCOVERY_ACROSS_FILESYSTEM not set).
fatal: not a git repository (or any parent up to mount point /local)
Stopping at filesystem boundary (GIT_DISCOVERY_ACROSS_FILESYSTEM not set).
fatal: not a git repository (or any parent up to mount point /local)
Stopping at filesystem boundary (GIT_DISCOVERY_ACROSS_FILESYSTEM not set).
fatal: not a git repository (or any parent up to mount point /local)
Stopping at filesystem boundary (GIT_DISCOVERY_ACROSS_FILESYSTEM not set).
rep 1/1: complete export=s e2e=39.701711849s 504927346 bytes syscr=2713 pread64=2612 io_uring_enter=6633236 read_bytes=9436831744 cpu_s=43.530000
[2026-10-06T10:43:41Z] pr3528-H-vocab-label-large-de-cold-variant2-r4 done
Caches dropped successfully (synced, then wrote 1
 to /proc/sys/vm/drop_caches).
fatal: not a git repository (or any parent up to mount point /local)
Stopping at filesystem boundary (GIT_DISCOVERY_ACROSS_FILESYSTEM not set).
fatal: not a git repository (or any parent up to mount point /local)
Stopping at filesystem boundary (GIT_DISCOVERY_ACROSS_FILESYSTEM not set).
fatal: not a git repository (or any parent up to mount point /local)
Stopping at filesystem boundary (GIT_DISCOVERY_ACROSS_FILESYSTEM not set).
fatal: not a git repository (or any parent up to mount point /local)
Stopping at filesystem boundary (GIT_DISCOVERY_ACROSS_FILESYSTEM not set).
fatal: not a git repository (or any parent up to mount point /local)
Stopping at filesystem boundary (GIT_DISCOVERY_ACROSS_FILESYSTEM not set).
rep 1/1: complete export=s e2e=34.543685275s 504927346 bytes syscr=8881602 pread64=2633 io_uring_enter=168059 read_bytes=9443688448 cpu_s=38.570000
[2026-10-06T10:44:56Z] pr3528-H-vocab-label-large-de-cold-variant-r4 done
Caches dropped successfully (synced, then wrote 1
 to /proc/sys/vm/drop_caches).
fatal: not a git repository (or any parent up to mount point /local)
Stopping at filesystem boundary (GIT_DISCOVERY_ACROSS_FILESYSTEM not set).
fatal: not a git repository (or any parent up to mount point /local)
Stopping at filesystem boundary (GIT_DISCOVERY_ACROSS_FILESYSTEM not set).
fatal: not a git repository (or any parent up to mount point /local)
Stopping at filesystem boundary (GIT_DISCOVERY_ACROSS_FILESYSTEM not set).
fatal: not a git repository (or any parent up to mount point /local)
Stopping at filesystem boundary (GIT_DISCOVERY_ACROSS_FILESYSTEM not set).
fatal: not a git repository (or any parent up to mount point /local)
Stopping at filesystem boundary (GIT_DISCOVERY_ACROSS_FILESYSTEM not set).
rep 1/1: complete export=s e2e=92.110957881s 504927346 bytes syscr=8886363 pread64=4444385 io_uring_enter=0 read_bytes=9617985536 cpu_s=44.160000
[2026-10-06T10:47:09Z] pr3528-H-vocab-label-large-de-cold-base-r4 done
Caches dropped successfully (synced, then wrote 1
 to /proc/sys/vm/drop_caches).
fatal: not a git repository (or any parent up to mount point /local)
Stopping at filesystem boundary (GIT_DISCOVERY_ACROSS_FILESYSTEM not set).
fatal: not a git repository (or any parent up to mount point /local)
Stopping at filesystem boundary (GIT_DISCOVERY_ACROSS_FILESYSTEM not set).
fatal: not a git repository (or any parent up to mount point /local)
Stopping at filesystem boundary (GIT_DISCOVERY_ACROSS_FILESYSTEM not set).
fatal: not a git repository (or any parent up to mount point /local)
Stopping at filesystem boundary (GIT_DISCOVERY_ACROSS_FILESYSTEM not set).
fatal: not a git repository (or any parent up to mount point /local)
Stopping at filesystem boundary (GIT_DISCOVERY_ACROSS_FILESYSTEM not set).
rep 1/1: complete export=s e2e=93.678044023s 504927346 bytes syscr=8886367 pread64=4444385 io_uring_enter=0 read_bytes=9617850368 cpu_s=43.070000
[2026-10-06T10:49:22Z] pr3528-H-vocab-label-large-de-cold-base-r5 done
Caches dropped successfully (synced, then wrote 1
 to /proc/sys/vm/drop_caches).
fatal: not a git repository (or any parent up to mount point /local)
Stopping at filesystem boundary (GIT_DISCOVERY_ACROSS_FILESYSTEM not set).
fatal: not a git repository (or any parent up to mount point /local)
Stopping at filesystem boundary (GIT_DISCOVERY_ACROSS_FILESYSTEM not set).
fatal: not a git repository (or any parent up to mount point /local)
Stopping at filesystem boundary (GIT_DISCOVERY_ACROSS_FILESYSTEM not set).
fatal: not a git repository (or any parent up to mount point /local)
Stopping at filesystem boundary (GIT_DISCOVERY_ACROSS_FILESYSTEM not set).
fatal: not a git repository (or any parent up to mount point /local)
Stopping at filesystem boundary (GIT_DISCOVERY_ACROSS_FILESYSTEM not set).
rep 1/1: complete export=s e2e=33.668794413s 504927346 bytes syscr=8881602 pread64=2633 io_uring_enter=168372 read_bytes=9443688448 cpu_s=37.650000
[2026-10-06T10:50:36Z] pr3528-H-vocab-label-large-de-cold-variant-r5 done
Caches dropped successfully (synced, then wrote 1
 to /proc/sys/vm/drop_caches).
fatal: not a git repository (or any parent up to mount point /local)
Stopping at filesystem boundary (GIT_DISCOVERY_ACROSS_FILESYSTEM not set).
fatal: not a git repository (or any parent up to mount point /local)
Stopping at filesystem boundary (GIT_DISCOVERY_ACROSS_FILESYSTEM not set).
fatal: not a git repository (or any parent up to mount point /local)
Stopping at filesystem boundary (GIT_DISCOVERY_ACROSS_FILESYSTEM not set).
fatal: not a git repository (or any parent up to mount point /local)
Stopping at filesystem boundary (GIT_DISCOVERY_ACROSS_FILESYSTEM not set).
fatal: not a git repository (or any parent up to mount point /local)
Stopping at filesystem boundary (GIT_DISCOVERY_ACROSS_FILESYSTEM not set).
rep 1/1: complete export=s e2e=38.764633566s 504927346 bytes syscr=2713 pread64=2612 io_uring_enter=6633237 read_bytes=9451126784 cpu_s=42.510000
[2026-10-06T10:51:55Z] pr3528-H-vocab-label-large-de-cold-variant2-r5 done
Caches dropped successfully (synced, then wrote 1
 to /proc/sys/vm/drop_caches).
fatal: not a git repository (or any parent up to mount point /local)
Stopping at filesystem boundary (GIT_DISCOVERY_ACROSS_FILESYSTEM not set).
fatal: not a git repository (or any parent up to mount point /local)
Stopping at filesystem boundary (GIT_DISCOVERY_ACROSS_FILESYSTEM not set).
fatal: not a git repository (or any parent up to mount point /local)
Stopping at filesystem boundary (GIT_DISCOVERY_ACROSS_FILESYSTEM not set).
fatal: not a git repository (or any parent up to mount point /local)
Stopping at filesystem boundary (GIT_DISCOVERY_ACROSS_FILESYSTEM not set).
fatal: not a git repository (or any parent up to mount point /local)
Stopping at filesystem boundary (GIT_DISCOVERY_ACROSS_FILESYSTEM not set).
rep 1/1: complete export=s e2e=38.842074573s 504927346 bytes syscr=2713 pread64=2612 io_uring_enter=6633244 read_bytes=9415708672 cpu_s=42.620000
[2026-10-06T10:53:14Z] pr3528-H-vocab-label-large-de-cold-variant2-r6 done
Caches dropped successfully (synced, then wrote 1
 to /proc/sys/vm/drop_caches).
fatal: not a git repository (or any parent up to mount point /local)
Stopping at filesystem boundary (GIT_DISCOVERY_ACROSS_FILESYSTEM not set).
fatal: not a git repository (or any parent up to mount point /local)
Stopping at filesystem boundary (GIT_DISCOVERY_ACROSS_FILESYSTEM not set).
fatal: not a git repository (or any parent up to mount point /local)
Stopping at filesystem boundary (GIT_DISCOVERY_ACROSS_FILESYSTEM not set).
fatal: not a git repository (or any parent up to mount point /local)
Stopping at filesystem boundary (GIT_DISCOVERY_ACROSS_FILESYSTEM not set).
fatal: not a git repository (or any parent up to mount point /local)
Stopping at filesystem boundary (GIT_DISCOVERY_ACROSS_FILESYSTEM not set).
rep 1/1: complete export=s e2e=33.634659790s 504927346 bytes syscr=8881602 pread64=2633 io_uring_enter=168315 read_bytes=9446850560 cpu_s=37.690000
[2026-10-06T10:54:28Z] pr3528-H-vocab-label-large-de-cold-variant-r6 done
Caches dropped successfully (synced, then wrote 1
 to /proc/sys/vm/drop_caches).
fatal: not a git repository (or any parent up to mount point /local)
Stopping at filesystem boundary (GIT_DISCOVERY_ACROSS_FILESYSTEM not set).
fatal: not a git repository (or any parent up to mount point /local)
Stopping at filesystem boundary (GIT_DISCOVERY_ACROSS_FILESYSTEM not set).
fatal: not a git repository (or any parent up to mount point /local)
Stopping at filesystem boundary (GIT_DISCOVERY_ACROSS_FILESYSTEM not set).
fatal: not a git repository (or any parent up to mount point /local)
Stopping at filesystem boundary (GIT_DISCOVERY_ACROSS_FILESYSTEM not set).
fatal: not a git repository (or any parent up to mount point /local)
Stopping at filesystem boundary (GIT_DISCOVERY_ACROSS_FILESYSTEM not set).
rep 1/1: complete export=s e2e=92.965411361s 504927346 bytes syscr=8886363 pread64=4444385 io_uring_enter=0 read_bytes=9617850368 cpu_s=43.600000
[2026-10-06T10:56:41Z] pr3528-H-vocab-label-large-de-cold-base-r6 done
Caches dropped successfully (synced, then wrote 1
 to /proc/sys/vm/drop_caches).
fatal: not a git repository (or any parent up to mount point /local)
Stopping at filesystem boundary (GIT_DISCOVERY_ACROSS_FILESYSTEM not set).
fatal: not a git repository (or any parent up to mount point /local)
Stopping at filesystem boundary (GIT_DISCOVERY_ACROSS_FILESYSTEM not set).
fatal: not a git repository (or any parent up to mount point /local)
Stopping at filesystem boundary (GIT_DISCOVERY_ACROSS_FILESYSTEM not set).
fatal: not a git repository (or any parent up to mount point /local)
Stopping at filesystem boundary (GIT_DISCOVERY_ACROSS_FILESYSTEM not set).
fatal: not a git repository (or any parent up to mount point /local)
Stopping at filesystem boundary (GIT_DISCOVERY_ACROSS_FILESYSTEM not set).
rep 1/1: complete export=s e2e=93.337382573s 504927346 bytes syscr=8886367 pread64=4444385 io_uring_enter=0 read_bytes=9617850368 cpu_s=43.810000
[2026-10-06T10:58:54Z] pr3528-H-vocab-label-large-de-cold-base-r7 done
Caches dropped successfully (synced, then wrote 1
 to /proc/sys/vm/drop_caches).
fatal: not a git repository (or any parent up to mount point /local)
Stopping at filesystem boundary (GIT_DISCOVERY_ACROSS_FILESYSTEM not set).
fatal: not a git repository (or any parent up to mount point /local)
Stopping at filesystem boundary (GIT_DISCOVERY_ACROSS_FILESYSTEM not set).
fatal: not a git repository (or any parent up to mount point /local)
Stopping at filesystem boundary (GIT_DISCOVERY_ACROSS_FILESYSTEM not set).
fatal: not a git repository (or any parent up to mount point /local)
Stopping at filesystem boundary (GIT_DISCOVERY_ACROSS_FILESYSTEM not set).
fatal: not a git repository (or any parent up to mount point /local)
Stopping at filesystem boundary (GIT_DISCOVERY_ACROSS_FILESYSTEM not set).
rep 1/1: complete export=s e2e=34.270099383s 504927346 bytes syscr=8881606 pread64=2633 io_uring_enter=168146 read_bytes=9444954112 cpu_s=38.240000
[2026-10-06T11:00:09Z] pr3528-H-vocab-label-large-de-cold-variant-r7 done
Caches dropped successfully (synced, then wrote 1
 to /proc/sys/vm/drop_caches).
fatal: not a git repository (or any parent up to mount point /local)
Stopping at filesystem boundary (GIT_DISCOVERY_ACROSS_FILESYSTEM not set).
fatal: not a git repository (or any parent up to mount point /local)
Stopping at filesystem boundary (GIT_DISCOVERY_ACROSS_FILESYSTEM not set).
fatal: not a git repository (or any parent up to mount point /local)
Stopping at filesystem boundary (GIT_DISCOVERY_ACROSS_FILESYSTEM not set).
fatal: not a git repository (or any parent up to mount point /local)
Stopping at filesystem boundary (GIT_DISCOVERY_ACROSS_FILESYSTEM not set).
fatal: not a git repository (or any parent up to mount point /local)
Stopping at filesystem boundary (GIT_DISCOVERY_ACROSS_FILESYSTEM not set).
rep 1/1: complete export=s e2e=38.929057504s 504927346 bytes syscr=2713 pread64=2612 io_uring_enter=6633219 read_bytes=9435746304 cpu_s=42.660000
[2026-10-06T11:01:28Z] pr3528-H-vocab-label-large-de-cold-variant2-r7 done
Caches dropped successfully (synced, then wrote 1
 to /proc/sys/vm/drop_caches).
fatal: not a git repository (or any parent up to mount point /local)
Stopping at filesystem boundary (GIT_DISCOVERY_ACROSS_FILESYSTEM not set).
fatal: not a git repository (or any parent up to mount point /local)
Stopping at filesystem boundary (GIT_DISCOVERY_ACROSS_FILESYSTEM not set).
fatal: not a git repository (or any parent up to mount point /local)
Stopping at filesystem boundary (GIT_DISCOVERY_ACROSS_FILESYSTEM not set).
fatal: not a git repository (or any parent up to mount point /local)
Stopping at filesystem boundary (GIT_DISCOVERY_ACROSS_FILESYSTEM not set).
fatal: not a git repository (or any parent up to mount point /local)
Stopping at filesystem boundary (GIT_DISCOVERY_ACROSS_FILESYSTEM not set).
rep 1/1: complete export=s e2e=35.626507679s 504927346 bytes syscr=2705 pread64=2612 io_uring_enter=6634107 read_bytes=9432137728 cpu_s=39.180000
[2026-10-06T11:02:41Z] pr3528-H-vocab-label-large-de-cold-variant2-r8 done
Caches dropped successfully (synced, then wrote 1
 to /proc/sys/vm/drop_caches).
fatal: not a git repository (or any parent up to mount point /local)
Stopping at filesystem boundary (GIT_DISCOVERY_ACROSS_FILESYSTEM not set).
fatal: not a git repository (or any parent up to mount point /local)
Stopping at filesystem boundary (GIT_DISCOVERY_ACROSS_FILESYSTEM not set).
fatal: not a git repository (or any parent up to mount point /local)
Stopping at filesystem boundary (GIT_DISCOVERY_ACROSS_FILESYSTEM not set).
fatal: not a git repository (or any parent up to mount point /local)
Stopping at filesystem boundary (GIT_DISCOVERY_ACROSS_FILESYSTEM not set).
fatal: not a git repository (or any parent up to mount point /local)
Stopping at filesystem boundary (GIT_DISCOVERY_ACROSS_FILESYSTEM not set).
rep 1/1: complete export=s e2e=29.481179193s 504927346 bytes syscr=8881594 pread64=2633 io_uring_enter=169998 read_bytes=9443688448 cpu_s=33.120000
[2026-10-06T11:03:47Z] pr3528-H-vocab-label-large-de-cold-variant-r8 done
Caches dropped successfully (synced, then wrote 1
 to /proc/sys/vm/drop_caches).
fatal: not a git repository (or any parent up to mount point /local)
Stopping at filesystem boundary (GIT_DISCOVERY_ACROSS_FILESYSTEM not set).
fatal: not a git repository (or any parent up to mount point /local)
Stopping at filesystem boundary (GIT_DISCOVERY_ACROSS_FILESYSTEM not set).
fatal: not a git repository (or any parent up to mount point /local)
Stopping at filesystem boundary (GIT_DISCOVERY_ACROSS_FILESYSTEM not set).
fatal: not a git repository (or any parent up to mount point /local)
Stopping at filesystem boundary (GIT_DISCOVERY_ACROSS_FILESYSTEM not set).
fatal: not a git repository (or any parent up to mount point /local)
Stopping at filesystem boundary (GIT_DISCOVERY_ACROSS_FILESYSTEM not set).
rep 1/1: complete export=s e2e=70.643648823s 504927346 bytes syscr=8886319 pread64=4444385 io_uring_enter=0 read_bytes=9617850368 cpu_s=36.460000
[2026-10-06T11:05:33Z] pr3528-H-vocab-label-large-de-cold-base-r8 done
Caches dropped successfully (synced, then wrote 1
 to /proc/sys/vm/drop_caches).
fatal: not a git repository (or any parent up to mount point /local)
Stopping at filesystem boundary (GIT_DISCOVERY_ACROSS_FILESYSTEM not set).
fatal: not a git repository (or any parent up to mount point /local)
Stopping at filesystem boundary (GIT_DISCOVERY_ACROSS_FILESYSTEM not set).
fatal: not a git repository (or any parent up to mount point /local)
Stopping at filesystem boundary (GIT_DISCOVERY_ACROSS_FILESYSTEM not set).
fatal: not a git repository (or any parent up to mount point /local)
Stopping at filesystem boundary (GIT_DISCOVERY_ACROSS_FILESYSTEM not set).
fatal: not a git repository (or any parent up to mount point /local)
Stopping at filesystem boundary (GIT_DISCOVERY_ACROSS_FILESYSTEM not set).
rep 1/1: complete export=s e2e=67.358485075s 504927346 bytes syscr=8886315 pread64=4444385 io_uring_enter=0 read_bytes=9617850368 cpu_s=33.600000
[2026-10-06T11:07:15Z] pr3528-H-vocab-label-large-de-cold-base-r9 done
Caches dropped successfully (synced, then wrote 1
 to /proc/sys/vm/drop_caches).
fatal: not a git repository (or any parent up to mount point /local)
Stopping at filesystem boundary (GIT_DISCOVERY_ACROSS_FILESYSTEM not set).
fatal: not a git repository (or any parent up to mount point /local)
Stopping at filesystem boundary (GIT_DISCOVERY_ACROSS_FILESYSTEM not set).
fatal: not a git repository (or any parent up to mount point /local)
Stopping at filesystem boundary (GIT_DISCOVERY_ACROSS_FILESYSTEM not set).
fatal: not a git repository (or any parent up to mount point /local)
Stopping at filesystem boundary (GIT_DISCOVERY_ACROSS_FILESYSTEM not set).
fatal: not a git repository (or any parent up to mount point /local)
Stopping at filesystem boundary (GIT_DISCOVERY_ACROSS_FILESYSTEM not set).
rep 1/1: complete export=s e2e=24.553776803s 504927346 bytes syscr=8881582 pread64=2633 io_uring_enter=172585 read_bytes=9443688448 cpu_s=28.100000
[2026-10-06T11:08:12Z] pr3528-H-vocab-label-large-de-cold-variant-r9 done
Caches dropped successfully (synced, then wrote 1
 to /proc/sys/vm/drop_caches).
fatal: not a git repository (or any parent up to mount point /local)
Stopping at filesystem boundary (GIT_DISCOVERY_ACROSS_FILESYSTEM not set).
fatal: not a git repository (or any parent up to mount point /local)
Stopping at filesystem boundary (GIT_DISCOVERY_ACROSS_FILESYSTEM not set).
fatal: not a git repository (or any parent up to mount point /local)
Stopping at filesystem boundary (GIT_DISCOVERY_ACROSS_FILESYSTEM not set).
fatal: not a git repository (or any parent up to mount point /local)
Stopping at filesystem boundary (GIT_DISCOVERY_ACROSS_FILESYSTEM not set).
fatal: not a git repository (or any parent up to mount point /local)
Stopping at filesystem boundary (GIT_DISCOVERY_ACROSS_FILESYSTEM not set).
rep 1/1: complete export=s e2e=39.409131399s 504927346 bytes syscr=2713 pread64=2612 io_uring_enter=6633210 read_bytes=9435209728 cpu_s=43.360000
[2026-10-06T11:09:25Z] pr3528-H-vocab-label-large-de-cold-variant2-r9 done
Caches dropped successfully (synced, then wrote 1
 to /proc/sys/vm/drop_caches).
fatal: not a git repository (or any parent up to mount point /local)
Stopping at filesystem boundary (GIT_DISCOVERY_ACROSS_FILESYSTEM not set).
fatal: not a git repository (or any parent up to mount point /local)
Stopping at filesystem boundary (GIT_DISCOVERY_ACROSS_FILESYSTEM not set).
fatal: not a git repository (or any parent up to mount point /local)
Stopping at filesystem boundary (GIT_DISCOVERY_ACROSS_FILESYSTEM not set).
fatal: not a git repository (or any parent up to mount point /local)
Stopping at filesystem boundary (GIT_DISCOVERY_ACROSS_FILESYSTEM not set).
fatal: not a git repository (or any parent up to mount point /local)
Stopping at filesystem boundary (GIT_DISCOVERY_ACROSS_FILESYSTEM not set).
rep 1/1: complete export=s e2e=39.668667810s 504927346 bytes syscr=2709 pread64=2612 io_uring_enter=6633126 read_bytes=9435086848 cpu_s=43.600000
[2026-10-06T11:10:46Z] pr3528-H-vocab-label-large-de-cold-variant2-r10 done
Caches dropped successfully (synced, then wrote 1
 to /proc/sys/vm/drop_caches).
fatal: not a git repository (or any parent up to mount point /local)
Stopping at filesystem boundary (GIT_DISCOVERY_ACROSS_FILESYSTEM not set).
fatal: not a git repository (or any parent up to mount point /local)
Stopping at filesystem boundary (GIT_DISCOVERY_ACROSS_FILESYSTEM not set).
fatal: not a git repository (or any parent up to mount point /local)
Stopping at filesystem boundary (GIT_DISCOVERY_ACROSS_FILESYSTEM not set).
fatal: not a git repository (or any parent up to mount point /local)
Stopping at filesystem boundary (GIT_DISCOVERY_ACROSS_FILESYSTEM not set).
fatal: not a git repository (or any parent up to mount point /local)
Stopping at filesystem boundary (GIT_DISCOVERY_ACROSS_FILESYSTEM not set).
rep 1/1: complete export=s e2e=33.991449462s 504927346 bytes syscr=8881602 pread64=2633 io_uring_enter=168041 read_bytes=9446850560 cpu_s=38.160000
[2026-10-06T11:12:00Z] pr3528-H-vocab-label-large-de-cold-variant-r10 done
Caches dropped successfully (synced, then wrote 1
 to /proc/sys/vm/drop_caches).
fatal: not a git repository (or any parent up to mount point /local)
Stopping at filesystem boundary (GIT_DISCOVERY_ACROSS_FILESYSTEM not set).
fatal: not a git repository (or any parent up to mount point /local)
Stopping at filesystem boundary (GIT_DISCOVERY_ACROSS_FILESYSTEM not set).
fatal: not a git repository (or any parent up to mount point /local)
Stopping at filesystem boundary (GIT_DISCOVERY_ACROSS_FILESYSTEM not set).
fatal: not a git repository (or any parent up to mount point /local)
Stopping at filesystem boundary (GIT_DISCOVERY_ACROSS_FILESYSTEM not set).
fatal: not a git repository (or any parent up to mount point /local)
Stopping at filesystem boundary (GIT_DISCOVERY_ACROSS_FILESYSTEM not set).
rep 1/1: complete export=s e2e=89.479272245s 504927346 bytes syscr=8886355 pread64=4444385 io_uring_enter=0 read_bytes=9619066880 cpu_s=44.030000
[2026-10-06T11:14:10Z] pr3528-H-vocab-label-large-de-cold-base-r10 done
fatal: not a git repository (or any parent up to mount point /local)
Stopping at filesystem boundary (GIT_DISCOVERY_ACROSS_FILESYSTEM not set).
fatal: not a git repository (or any parent up to mount point /local)
Stopping at filesystem boundary (GIT_DISCOVERY_ACROSS_FILESYSTEM not set).
fatal: not a git repository (or any parent up to mount point /local)
Stopping at filesystem boundary (GIT_DISCOVERY_ACROSS_FILESYSTEM not set).
fatal: not a git repository (or any parent up to mount point /local)
Stopping at filesystem boundary (GIT_DISCOVERY_ACROSS_FILESYSTEM not set).
fatal: not a git repository (or any parent up to mount point /local)
Stopping at filesystem boundary (GIT_DISCOVERY_ACROSS_FILESYSTEM not set).
rep 1/1: complete export=s e2e=18.950654014s 504927346 bytes syscr=8886219 pread64=4444385 io_uring_enter=0 read_bytes=0 cpu_s=22.610000
[2026-10-06T11:16:28Z] pr3528-H-vocab-label-large-de-warm-base-r1 done
fatal: not a git repository (or any parent up to mount point /local)
Stopping at filesystem boundary (GIT_DISCOVERY_ACROSS_FILESYSTEM not set).
fatal: not a git repository (or any parent up to mount point /local)
Stopping at filesystem boundary (GIT_DISCOVERY_ACROSS_FILESYSTEM not set).
fatal: not a git repository (or any parent up to mount point /local)
Stopping at filesystem boundary (GIT_DISCOVERY_ACROSS_FILESYSTEM not set).
fatal: not a git repository (or any parent up to mount point /local)
Stopping at filesystem boundary (GIT_DISCOVERY_ACROSS_FILESYSTEM not set).
fatal: not a git repository (or any parent up to mount point /local)
Stopping at filesystem boundary (GIT_DISCOVERY_ACROSS_FILESYSTEM not set).
rep 1/1: complete export=s e2e=15.576251551s 504927346 bytes syscr=8881562 pread64=2633 io_uring_enter=0 read_bytes=0 cpu_s=19.140000
[2026-10-06T11:17:38Z] pr3528-H-vocab-label-large-de-warm-variant-r1 done
fatal: not a git repository (or any parent up to mount point /local)
Stopping at filesystem boundary (GIT_DISCOVERY_ACROSS_FILESYSTEM not set).
fatal: not a git repository (or any parent up to mount point /local)
Stopping at filesystem boundary (GIT_DISCOVERY_ACROSS_FILESYSTEM not set).
fatal: not a git repository (or any parent up to mount point /local)
Stopping at filesystem boundary (GIT_DISCOVERY_ACROSS_FILESYSTEM not set).
fatal: not a git repository (or any parent up to mount point /local)
Stopping at filesystem boundary (GIT_DISCOVERY_ACROSS_FILESYSTEM not set).
fatal: not a git repository (or any parent up to mount point /local)
Stopping at filesystem boundary (GIT_DISCOVERY_ACROSS_FILESYSTEM not set).
rep 1/1: complete export=s e2e=21.548673180s 504927346 bytes syscr=2677 pread64=2612 io_uring_enter=6625868 read_bytes=0 cpu_s=25.310000
[2026-10-06T11:19:05Z] pr3528-H-vocab-label-large-de-warm-variant2-r1 done
fatal: not a git repository (or any parent up to mount point /local)
Stopping at filesystem boundary (GIT_DISCOVERY_ACROSS_FILESYSTEM not set).
fatal: not a git repository (or any parent up to mount point /local)
Stopping at filesystem boundary (GIT_DISCOVERY_ACROSS_FILESYSTEM not set).
fatal: not a git repository (or any parent up to mount point /local)
Stopping at filesystem boundary (GIT_DISCOVERY_ACROSS_FILESYSTEM not set).
fatal: not a git repository (or any parent up to mount point /local)
Stopping at filesystem boundary (GIT_DISCOVERY_ACROSS_FILESYSTEM not set).
fatal: not a git repository (or any parent up to mount point /local)
Stopping at filesystem boundary (GIT_DISCOVERY_ACROSS_FILESYSTEM not set).
rep 1/1: complete export=s e2e=25.828549119s 504927346 bytes syscr=2685 pread64=2612 io_uring_enter=6625868 read_bytes=0 cpu_s=29.850000
[2026-10-06T11:20:30Z] pr3528-H-vocab-label-large-de-warm-variant2-r2 done
fatal: not a git repository (or any parent up to mount point /local)
Stopping at filesystem boundary (GIT_DISCOVERY_ACROSS_FILESYSTEM not set).
fatal: not a git repository (or any parent up to mount point /local)
Stopping at filesystem boundary (GIT_DISCOVERY_ACROSS_FILESYSTEM not set).
fatal: not a git repository (or any parent up to mount point /local)
Stopping at filesystem boundary (GIT_DISCOVERY_ACROSS_FILESYSTEM not set).
fatal: not a git repository (or any parent up to mount point /local)
Stopping at filesystem boundary (GIT_DISCOVERY_ACROSS_FILESYSTEM not set).
fatal: not a git repository (or any parent up to mount point /local)
Stopping at filesystem boundary (GIT_DISCOVERY_ACROSS_FILESYSTEM not set).
rep 1/1: complete export=s e2e=23.735591480s 504927346 bytes syscr=8881582 pread64=2633 io_uring_enter=0 read_bytes=0 cpu_s=27.990000
[2026-10-06T11:22:06Z] pr3528-H-vocab-label-large-de-warm-variant-r2 done
fatal: not a git repository (or any parent up to mount point /local)
Stopping at filesystem boundary (GIT_DISCOVERY_ACROSS_FILESYSTEM not set).
fatal: not a git repository (or any parent up to mount point /local)
Stopping at filesystem boundary (GIT_DISCOVERY_ACROSS_FILESYSTEM not set).
fatal: not a git repository (or any parent up to mount point /local)
Stopping at filesystem boundary (GIT_DISCOVERY_ACROSS_FILESYSTEM not set).
fatal: not a git repository (or any parent up to mount point /local)
Stopping at filesystem boundary (GIT_DISCOVERY_ACROSS_FILESYSTEM not set).
fatal: not a git repository (or any parent up to mount point /local)
Stopping at filesystem boundary (GIT_DISCOVERY_ACROSS_FILESYSTEM not set).
rep 1/1: complete export=s e2e=24.628969035s 504927346 bytes syscr=8886231 pread64=4444385 io_uring_enter=0 read_bytes=0 cpu_s=28.820000
[2026-10-06T11:24:40Z] pr3528-H-vocab-label-large-de-warm-base-r2 done
fatal: not a git repository (or any parent up to mount point /local)
Stopping at filesystem boundary (GIT_DISCOVERY_ACROSS_FILESYSTEM not set).
fatal: not a git repository (or any parent up to mount point /local)
Stopping at filesystem boundary (GIT_DISCOVERY_ACROSS_FILESYSTEM not set).
fatal: not a git repository (or any parent up to mount point /local)
Stopping at filesystem boundary (GIT_DISCOVERY_ACROSS_FILESYSTEM not set).
fatal: not a git repository (or any parent up to mount point /local)
Stopping at filesystem boundary (GIT_DISCOVERY_ACROSS_FILESYSTEM not set).
fatal: not a git repository (or any parent up to mount point /local)
Stopping at filesystem boundary (GIT_DISCOVERY_ACROSS_FILESYSTEM not set).
rep 1/1: complete export=s e2e=24.455770242s 504927346 bytes syscr=8886231 pread64=4444385 io_uring_enter=0 read_bytes=0 cpu_s=28.540000
[2026-10-06T11:27:14Z] pr3528-H-vocab-label-large-de-warm-base-r3 done
fatal: not a git repository (or any parent up to mount point /local)
Stopping at filesystem boundary (GIT_DISCOVERY_ACROSS_FILESYSTEM not set).
fatal: not a git repository (or any parent up to mount point /local)
Stopping at filesystem boundary (GIT_DISCOVERY_ACROSS_FILESYSTEM not set).
fatal: not a git repository (or any parent up to mount point /local)
Stopping at filesystem boundary (GIT_DISCOVERY_ACROSS_FILESYSTEM not set).
fatal: not a git repository (or any parent up to mount point /local)
Stopping at filesystem boundary (GIT_DISCOVERY_ACROSS_FILESYSTEM not set).
fatal: not a git repository (or any parent up to mount point /local)
Stopping at filesystem boundary (GIT_DISCOVERY_ACROSS_FILESYSTEM not set).
rep 1/1: complete export=s e2e=23.296648640s 504927346 bytes syscr=8881582 pread64=2633 io_uring_enter=0 read_bytes=0 cpu_s=27.540000
[2026-10-06T11:28:49Z] pr3528-H-vocab-label-large-de-warm-variant-r3 done
fatal: not a git repository (or any parent up to mount point /local)
Stopping at filesystem boundary (GIT_DISCOVERY_ACROSS_FILESYSTEM not set).
fatal: not a git repository (or any parent up to mount point /local)
Stopping at filesystem boundary (GIT_DISCOVERY_ACROSS_FILESYSTEM not set).
fatal: not a git repository (or any parent up to mount point /local)
Stopping at filesystem boundary (GIT_DISCOVERY_ACROSS_FILESYSTEM not set).
fatal: not a git repository (or any parent up to mount point /local)
Stopping at filesystem boundary (GIT_DISCOVERY_ACROSS_FILESYSTEM not set).
fatal: not a git repository (or any parent up to mount point /local)
Stopping at filesystem boundary (GIT_DISCOVERY_ACROSS_FILESYSTEM not set).
rep 1/1: complete export=s e2e=28.069249912s 504927346 bytes syscr=2689 pread64=2612 io_uring_enter=6625868 read_bytes=0 cpu_s=32.250000
[2026-10-06T11:30:33Z] pr3528-H-vocab-label-large-de-warm-variant2-r3 done
fatal: not a git repository (or any parent up to mount point /local)
Stopping at filesystem boundary (GIT_DISCOVERY_ACROSS_FILESYSTEM not set).
fatal: not a git repository (or any parent up to mount point /local)
Stopping at filesystem boundary (GIT_DISCOVERY_ACROSS_FILESYSTEM not set).
fatal: not a git repository (or any parent up to mount point /local)
Stopping at filesystem boundary (GIT_DISCOVERY_ACROSS_FILESYSTEM not set).
fatal: not a git repository (or any parent up to mount point /local)
Stopping at filesystem boundary (GIT_DISCOVERY_ACROSS_FILESYSTEM not set).
fatal: not a git repository (or any parent up to mount point /local)
Stopping at filesystem boundary (GIT_DISCOVERY_ACROSS_FILESYSTEM not set).
rep 1/1: complete export=s e2e=28.115381581s 504927346 bytes syscr=2689 pread64=2612 io_uring_enter=6625868 read_bytes=0 cpu_s=32.200000
[2026-10-06T11:32:18Z] pr3528-H-vocab-label-large-de-warm-variant2-r4 done
fatal: not a git repository (or any parent up to mount point /local)
Stopping at filesystem boundary (GIT_DISCOVERY_ACROSS_FILESYSTEM not set).
fatal: not a git repository (or any parent up to mount point /local)
Stopping at filesystem boundary (GIT_DISCOVERY_ACROSS_FILESYSTEM not set).
fatal: not a git repository (or any parent up to mount point /local)
Stopping at filesystem boundary (GIT_DISCOVERY_ACROSS_FILESYSTEM not set).
fatal: not a git repository (or any parent up to mount point /local)
Stopping at filesystem boundary (GIT_DISCOVERY_ACROSS_FILESYSTEM not set).
fatal: not a git repository (or any parent up to mount point /local)
Stopping at filesystem boundary (GIT_DISCOVERY_ACROSS_FILESYSTEM not set).
rep 1/1: complete export=s e2e=23.619980214s 504927346 bytes syscr=8881582 pread64=2633 io_uring_enter=0 read_bytes=0 cpu_s=27.770000
[2026-10-06T11:33:53Z] pr3528-H-vocab-label-large-de-warm-variant-r4 done
fatal: not a git repository (or any parent up to mount point /local)
Stopping at filesystem boundary (GIT_DISCOVERY_ACROSS_FILESYSTEM not set).
fatal: not a git repository (or any parent up to mount point /local)
Stopping at filesystem boundary (GIT_DISCOVERY_ACROSS_FILESYSTEM not set).
fatal: not a git repository (or any parent up to mount point /local)
Stopping at filesystem boundary (GIT_DISCOVERY_ACROSS_FILESYSTEM not set).
fatal: not a git repository (or any parent up to mount point /local)
Stopping at filesystem boundary (GIT_DISCOVERY_ACROSS_FILESYSTEM not set).
fatal: not a git repository (or any parent up to mount point /local)
Stopping at filesystem boundary (GIT_DISCOVERY_ACROSS_FILESYSTEM not set).
rep 1/1: complete export=s e2e=24.403329833s 504927346 bytes syscr=8886227 pread64=4444385 io_uring_enter=0 read_bytes=0 cpu_s=28.540000
[2026-10-06T11:36:28Z] pr3528-H-vocab-label-large-de-warm-base-r4 done
fatal: not a git repository (or any parent up to mount point /local)
Stopping at filesystem boundary (GIT_DISCOVERY_ACROSS_FILESYSTEM not set).
fatal: not a git repository (or any parent up to mount point /local)
Stopping at filesystem boundary (GIT_DISCOVERY_ACROSS_FILESYSTEM not set).
fatal: not a git repository (or any parent up to mount point /local)
Stopping at filesystem boundary (GIT_DISCOVERY_ACROSS_FILESYSTEM not set).
fatal: not a git repository (or any parent up to mount point /local)
Stopping at filesystem boundary (GIT_DISCOVERY_ACROSS_FILESYSTEM not set).
fatal: not a git repository (or any parent up to mount point /local)
Stopping at filesystem boundary (GIT_DISCOVERY_ACROSS_FILESYSTEM not set).
rep 1/1: complete export=s e2e=24.742068965s 504927346 bytes syscr=8886231 pread64=4444385 io_uring_enter=0 read_bytes=0 cpu_s=28.870000
[2026-10-06T11:39:04Z] pr3528-H-vocab-label-large-de-warm-base-r5 done
fatal: not a git repository (or any parent up to mount point /local)
Stopping at filesystem boundary (GIT_DISCOVERY_ACROSS_FILESYSTEM not set).
fatal: not a git repository (or any parent up to mount point /local)
Stopping at filesystem boundary (GIT_DISCOVERY_ACROSS_FILESYSTEM not set).
fatal: not a git repository (or any parent up to mount point /local)
Stopping at filesystem boundary (GIT_DISCOVERY_ACROSS_FILESYSTEM not set).
fatal: not a git repository (or any parent up to mount point /local)
Stopping at filesystem boundary (GIT_DISCOVERY_ACROSS_FILESYSTEM not set).
fatal: not a git repository (or any parent up to mount point /local)
Stopping at filesystem boundary (GIT_DISCOVERY_ACROSS_FILESYSTEM not set).
rep 1/1: complete export=s e2e=23.844843069s 504927346 bytes syscr=8881582 pread64=2633 io_uring_enter=0 read_bytes=0 cpu_s=28.020000
[2026-10-06T11:40:40Z] pr3528-H-vocab-label-large-de-warm-variant-r5 done
fatal: not a git repository (or any parent up to mount point /local)
Stopping at filesystem boundary (GIT_DISCOVERY_ACROSS_FILESYSTEM not set).
fatal: not a git repository (or any parent up to mount point /local)
Stopping at filesystem boundary (GIT_DISCOVERY_ACROSS_FILESYSTEM not set).
fatal: not a git repository (or any parent up to mount point /local)
Stopping at filesystem boundary (GIT_DISCOVERY_ACROSS_FILESYSTEM not set).
fatal: not a git repository (or any parent up to mount point /local)
Stopping at filesystem boundary (GIT_DISCOVERY_ACROSS_FILESYSTEM not set).
fatal: not a git repository (or any parent up to mount point /local)
Stopping at filesystem boundary (GIT_DISCOVERY_ACROSS_FILESYSTEM not set).
rep 1/1: complete export=s e2e=26.382962126s 504927346 bytes syscr=2685 pread64=2612 io_uring_enter=6625868 read_bytes=0 cpu_s=30.310000
[2026-10-06T11:42:23Z] pr3528-H-vocab-label-large-de-warm-variant2-r5 done
fatal: not a git repository (or any parent up to mount point /local)
Stopping at filesystem boundary (GIT_DISCOVERY_ACROSS_FILESYSTEM not set).
fatal: not a git repository (or any parent up to mount point /local)
Stopping at filesystem boundary (GIT_DISCOVERY_ACROSS_FILESYSTEM not set).
fatal: not a git repository (or any parent up to mount point /local)
Stopping at filesystem boundary (GIT_DISCOVERY_ACROSS_FILESYSTEM not set).
fatal: not a git repository (or any parent up to mount point /local)
Stopping at filesystem boundary (GIT_DISCOVERY_ACROSS_FILESYSTEM not set).
fatal: not a git repository (or any parent up to mount point /local)
Stopping at filesystem boundary (GIT_DISCOVERY_ACROSS_FILESYSTEM not set).
rep 1/1: complete export=s e2e=24.570480998s 504927346 bytes syscr=2681 pread64=2612 io_uring_enter=6625868 read_bytes=0 cpu_s=28.380000
[2026-10-06T11:43:57Z] pr3528-H-vocab-label-large-de-warm-variant2-r6 done
fatal: not a git repository (or any parent up to mount point /local)
Stopping at filesystem boundary (GIT_DISCOVERY_ACROSS_FILESYSTEM not set).
fatal: not a git repository (or any parent up to mount point /local)
Stopping at filesystem boundary (GIT_DISCOVERY_ACROSS_FILESYSTEM not set).
fatal: not a git repository (or any parent up to mount point /local)
Stopping at filesystem boundary (GIT_DISCOVERY_ACROSS_FILESYSTEM not set).
fatal: not a git repository (or any parent up to mount point /local)
Stopping at filesystem boundary (GIT_DISCOVERY_ACROSS_FILESYSTEM not set).
fatal: not a git repository (or any parent up to mount point /local)
Stopping at filesystem boundary (GIT_DISCOVERY_ACROSS_FILESYSTEM not set).
rep 1/1: complete export=s e2e=19.929171124s 504927346 bytes syscr=8881574 pread64=2633 io_uring_enter=0 read_bytes=0 cpu_s=23.790000
[2026-10-06T11:45:19Z] pr3528-H-vocab-label-large-de-warm-variant-r6 done
fatal: not a git repository (or any parent up to mount point /local)
Stopping at filesystem boundary (GIT_DISCOVERY_ACROSS_FILESYSTEM not set).
fatal: not a git repository (or any parent up to mount point /local)
Stopping at filesystem boundary (GIT_DISCOVERY_ACROSS_FILESYSTEM not set).
fatal: not a git repository (or any parent up to mount point /local)
Stopping at filesystem boundary (GIT_DISCOVERY_ACROSS_FILESYSTEM not set).
fatal: not a git repository (or any parent up to mount point /local)
Stopping at filesystem boundary (GIT_DISCOVERY_ACROSS_FILESYSTEM not set).
fatal: not a git repository (or any parent up to mount point /local)
Stopping at filesystem boundary (GIT_DISCOVERY_ACROSS_FILESYSTEM not set).
rep 1/1: complete export=s e2e=19.145121912s 504927346 bytes syscr=8886219 pread64=4444385 io_uring_enter=0 read_bytes=0 cpu_s=22.940000
[2026-10-06T11:47:18Z] pr3528-H-vocab-label-large-de-warm-base-r6 done
fatal: not a git repository (or any parent up to mount point /local)
Stopping at filesystem boundary (GIT_DISCOVERY_ACROSS_FILESYSTEM not set).
fatal: not a git repository (or any parent up to mount point /local)
Stopping at filesystem boundary (GIT_DISCOVERY_ACROSS_FILESYSTEM not set).
fatal: not a git repository (or any parent up to mount point /local)
Stopping at filesystem boundary (GIT_DISCOVERY_ACROSS_FILESYSTEM not set).
fatal: not a git repository (or any parent up to mount point /local)
Stopping at filesystem boundary (GIT_DISCOVERY_ACROSS_FILESYSTEM not set).
fatal: not a git repository (or any parent up to mount point /local)
Stopping at filesystem boundary (GIT_DISCOVERY_ACROSS_FILESYSTEM not set).
rep 1/1: complete export=s e2e=24.522735245s 504927346 bytes syscr=8886231 pread64=4444385 io_uring_enter=0 read_bytes=0 cpu_s=28.680000
[2026-10-06T11:49:32Z] pr3528-H-vocab-label-large-de-warm-base-r7 done
fatal: not a git repository (or any parent up to mount point /local)
Stopping at filesystem boundary (GIT_DISCOVERY_ACROSS_FILESYSTEM not set).
fatal: not a git repository (or any parent up to mount point /local)
Stopping at filesystem boundary (GIT_DISCOVERY_ACROSS_FILESYSTEM not set).
fatal: not a git repository (or any parent up to mount point /local)
Stopping at filesystem boundary (GIT_DISCOVERY_ACROSS_FILESYSTEM not set).
fatal: not a git repository (or any parent up to mount point /local)
Stopping at filesystem boundary (GIT_DISCOVERY_ACROSS_FILESYSTEM not set).
fatal: not a git repository (or any parent up to mount point /local)
Stopping at filesystem boundary (GIT_DISCOVERY_ACROSS_FILESYSTEM not set).
rep 1/1: complete export=s e2e=23.637787739s 504927346 bytes syscr=8881578 pread64=2633 io_uring_enter=0 read_bytes=0 cpu_s=27.920000
[2026-10-06T11:51:08Z] pr3528-H-vocab-label-large-de-warm-variant-r7 done
fatal: not a git repository (or any parent up to mount point /local)
Stopping at filesystem boundary (GIT_DISCOVERY_ACROSS_FILESYSTEM not set).
fatal: not a git repository (or any parent up to mount point /local)
Stopping at filesystem boundary (GIT_DISCOVERY_ACROSS_FILESYSTEM not set).
fatal: not a git repository (or any parent up to mount point /local)
Stopping at filesystem boundary (GIT_DISCOVERY_ACROSS_FILESYSTEM not set).
fatal: not a git repository (or any parent up to mount point /local)
Stopping at filesystem boundary (GIT_DISCOVERY_ACROSS_FILESYSTEM not set).
fatal: not a git repository (or any parent up to mount point /local)
Stopping at filesystem boundary (GIT_DISCOVERY_ACROSS_FILESYSTEM not set).
rep 1/1: complete export=s e2e=28.318954030s 504927346 bytes syscr=2689 pread64=2612 io_uring_enter=6625868 read_bytes=0 cpu_s=32.450000
[2026-10-06T11:52:54Z] pr3528-H-vocab-label-large-de-warm-variant2-r7 done
fatal: not a git repository (or any parent up to mount point /local)
Stopping at filesystem boundary (GIT_DISCOVERY_ACROSS_FILESYSTEM not set).
fatal: not a git repository (or any parent up to mount point /local)
Stopping at filesystem boundary (GIT_DISCOVERY_ACROSS_FILESYSTEM not set).
fatal: not a git repository (or any parent up to mount point /local)
Stopping at filesystem boundary (GIT_DISCOVERY_ACROSS_FILESYSTEM not set).
fatal: not a git repository (or any parent up to mount point /local)
Stopping at filesystem boundary (GIT_DISCOVERY_ACROSS_FILESYSTEM not set).
fatal: not a git repository (or any parent up to mount point /local)
Stopping at filesystem boundary (GIT_DISCOVERY_ACROSS_FILESYSTEM not set).
rep 1/1: complete export=s e2e=28.804345622s 504927346 bytes syscr=2689 pread64=2612 io_uring_enter=6625868 read_bytes=0 cpu_s=32.960000
[2026-10-06T11:54:42Z] pr3528-H-vocab-label-large-de-warm-variant2-r8 done
fatal: not a git repository (or any parent up to mount point /local)
Stopping at filesystem boundary (GIT_DISCOVERY_ACROSS_FILESYSTEM not set).
fatal: not a git repository (or any parent up to mount point /local)
Stopping at filesystem boundary (GIT_DISCOVERY_ACROSS_FILESYSTEM not set).
fatal: not a git repository (or any parent up to mount point /local)
Stopping at filesystem boundary (GIT_DISCOVERY_ACROSS_FILESYSTEM not set).
fatal: not a git repository (or any parent up to mount point /local)
Stopping at filesystem boundary (GIT_DISCOVERY_ACROSS_FILESYSTEM not set).
fatal: not a git repository (or any parent up to mount point /local)
Stopping at filesystem boundary (GIT_DISCOVERY_ACROSS_FILESYSTEM not set).
rep 1/1: complete export=s e2e=18.495998427s 504927346 bytes syscr=8881570 pread64=2633 io_uring_enter=0 read_bytes=0 cpu_s=22.140000
[2026-10-06T11:56:04Z] pr3528-H-vocab-label-large-de-warm-variant-r8 done
fatal: not a git repository (or any parent up to mount point /local)
Stopping at filesystem boundary (GIT_DISCOVERY_ACROSS_FILESYSTEM not set).
fatal: not a git repository (or any parent up to mount point /local)
Stopping at filesystem boundary (GIT_DISCOVERY_ACROSS_FILESYSTEM not set).
fatal: not a git repository (or any parent up to mount point /local)
Stopping at filesystem boundary (GIT_DISCOVERY_ACROSS_FILESYSTEM not set).
fatal: not a git repository (or any parent up to mount point /local)
Stopping at filesystem boundary (GIT_DISCOVERY_ACROSS_FILESYSTEM not set).
fatal: not a git repository (or any parent up to mount point /local)
Stopping at filesystem boundary (GIT_DISCOVERY_ACROSS_FILESYSTEM not set).
rep 1/1: complete export=s e2e=19.408196877s 504927346 bytes syscr=8886219 pread64=4444385 io_uring_enter=0 read_bytes=0 cpu_s=23.170000
[2026-10-06T11:58:05Z] pr3528-H-vocab-label-large-de-warm-base-r8 done
fatal: not a git repository (or any parent up to mount point /local)
Stopping at filesystem boundary (GIT_DISCOVERY_ACROSS_FILESYSTEM not set).
fatal: not a git repository (or any parent up to mount point /local)
Stopping at filesystem boundary (GIT_DISCOVERY_ACROSS_FILESYSTEM not set).
fatal: not a git repository (or any parent up to mount point /local)
Stopping at filesystem boundary (GIT_DISCOVERY_ACROSS_FILESYSTEM not set).
fatal: not a git repository (or any parent up to mount point /local)
Stopping at filesystem boundary (GIT_DISCOVERY_ACROSS_FILESYSTEM not set).
fatal: not a git repository (or any parent up to mount point /local)
Stopping at filesystem boundary (GIT_DISCOVERY_ACROSS_FILESYSTEM not set).
rep 1/1: complete export=s e2e=15.895019362s 504927346 bytes syscr=8886211 pread64=4444385 io_uring_enter=0 read_bytes=0 cpu_s=19.560000
[2026-10-06T11:59:55Z] pr3528-H-vocab-label-large-de-warm-base-r9 done
fatal: not a git repository (or any parent up to mount point /local)
Stopping at filesystem boundary (GIT_DISCOVERY_ACROSS_FILESYSTEM not set).
fatal: not a git repository (or any parent up to mount point /local)
Stopping at filesystem boundary (GIT_DISCOVERY_ACROSS_FILESYSTEM not set).
fatal: not a git repository (or any parent up to mount point /local)
Stopping at filesystem boundary (GIT_DISCOVERY_ACROSS_FILESYSTEM not set).
fatal: not a git repository (or any parent up to mount point /local)
Stopping at filesystem boundary (GIT_DISCOVERY_ACROSS_FILESYSTEM not set).
fatal: not a git repository (or any parent up to mount point /local)
Stopping at filesystem boundary (GIT_DISCOVERY_ACROSS_FILESYSTEM not set).
rep 1/1: complete export=s e2e=18.761580840s 504927346 bytes syscr=8881570 pread64=2633 io_uring_enter=0 read_bytes=0 cpu_s=22.480000
[2026-10-06T12:01:16Z] pr3528-H-vocab-label-large-de-warm-variant-r9 done
fatal: not a git repository (or any parent up to mount point /local)
Stopping at filesystem boundary (GIT_DISCOVERY_ACROSS_FILESYSTEM not set).
fatal: not a git repository (or any parent up to mount point /local)
Stopping at filesystem boundary (GIT_DISCOVERY_ACROSS_FILESYSTEM not set).
fatal: not a git repository (or any parent up to mount point /local)
Stopping at filesystem boundary (GIT_DISCOVERY_ACROSS_FILESYSTEM not set).
fatal: not a git repository (or any parent up to mount point /local)
Stopping at filesystem boundary (GIT_DISCOVERY_ACROSS_FILESYSTEM not set).
fatal: not a git repository (or any parent up to mount point /local)
Stopping at filesystem boundary (GIT_DISCOVERY_ACROSS_FILESYSTEM not set).
rep 1/1: complete export=s e2e=20.810183167s 504927346 bytes syscr=2673 pread64=2612 io_uring_enter=6625868 read_bytes=0 cpu_s=24.560000
[2026-10-06T12:02:35Z] pr3528-H-vocab-label-large-de-warm-variant2-r9 done
fatal: not a git repository (or any parent up to mount point /local)
Stopping at filesystem boundary (GIT_DISCOVERY_ACROSS_FILESYSTEM not set).
fatal: not a git repository (or any parent up to mount point /local)
Stopping at filesystem boundary (GIT_DISCOVERY_ACROSS_FILESYSTEM not set).
fatal: not a git repository (or any parent up to mount point /local)
Stopping at filesystem boundary (GIT_DISCOVERY_ACROSS_FILESYSTEM not set).
fatal: not a git repository (or any parent up to mount point /local)
Stopping at filesystem boundary (GIT_DISCOVERY_ACROSS_FILESYSTEM not set).
fatal: not a git repository (or any parent up to mount point /local)
Stopping at filesystem boundary (GIT_DISCOVERY_ACROSS_FILESYSTEM not set).
rep 1/1: complete export=s e2e=28.591624839s 504927346 bytes syscr=2689 pread64=2612 io_uring_enter=6625868 read_bytes=0 cpu_s=32.700000
[2026-10-06T12:04:18Z] pr3528-H-vocab-label-large-de-warm-variant2-r10 done
fatal: not a git repository (or any parent up to mount point /local)
Stopping at filesystem boundary (GIT_DISCOVERY_ACROSS_FILESYSTEM not set).
fatal: not a git repository (or any parent up to mount point /local)
Stopping at filesystem boundary (GIT_DISCOVERY_ACROSS_FILESYSTEM not set).
fatal: not a git repository (or any parent up to mount point /local)
Stopping at filesystem boundary (GIT_DISCOVERY_ACROSS_FILESYSTEM not set).
fatal: not a git repository (or any parent up to mount point /local)
Stopping at filesystem boundary (GIT_DISCOVERY_ACROSS_FILESYSTEM not set).
fatal: not a git repository (or any parent up to mount point /local)
Stopping at filesystem boundary (GIT_DISCOVERY_ACROSS_FILESYSTEM not set).
rep 1/1: complete export=s e2e=24.157465412s 504927346 bytes syscr=8881586 pread64=2633 io_uring_enter=0 read_bytes=0 cpu_s=28.310000
[2026-10-06T12:05:54Z] pr3528-H-vocab-label-large-de-warm-variant-r10 done
fatal: not a git repository (or any parent up to mount point /local)
Stopping at filesystem boundary (GIT_DISCOVERY_ACROSS_FILESYSTEM not set).
fatal: not a git repository (or any parent up to mount point /local)
Stopping at filesystem boundary (GIT_DISCOVERY_ACROSS_FILESYSTEM not set).
fatal: not a git repository (or any parent up to mount point /local)
Stopping at filesystem boundary (GIT_DISCOVERY_ACROSS_FILESYSTEM not set).
fatal: not a git repository (or any parent up to mount point /local)
Stopping at filesystem boundary (GIT_DISCOVERY_ACROSS_FILESYSTEM not set).
fatal: not a git repository (or any parent up to mount point /local)
Stopping at filesystem boundary (GIT_DISCOVERY_ACROSS_FILESYSTEM not set).
rep 1/1: complete export=s e2e=24.864588028s 504927346 bytes syscr=8886231 pread64=4444385 io_uring_enter=0 read_bytes=0 cpu_s=28.940000
[2026-10-06T12:08:29Z] pr3528-H-vocab-label-large-de-warm-base-r10 done
Caches dropped successfully (synced, then wrote 1
 to /proc/sys/vm/drop_caches).
fatal: not a git repository (or any parent up to mount point /local)
Stopping at filesystem boundary (GIT_DISCOVERY_ACROSS_FILESYSTEM not set).
fatal: not a git repository (or any parent up to mount point /local)
Stopping at filesystem boundary (GIT_DISCOVERY_ACROSS_FILESYSTEM not set).
fatal: not a git repository (or any parent up to mount point /local)
Stopping at filesystem boundary (GIT_DISCOVERY_ACROSS_FILESYSTEM not set).
fatal: not a git repository (or any parent up to mount point /local)
Stopping at filesystem boundary (GIT_DISCOVERY_ACROSS_FILESYSTEM not set).
fatal: not a git repository (or any parent up to mount point /local)
Stopping at filesystem boundary (GIT_DISCOVERY_ACROSS_FILESYSTEM not set).
rep 1/1: complete export=s e2e=40.416424695s 19297737 bytes syscr=1554131 pread64=777878 io_uring_enter=0 read_bytes=3103834112 cpu_s=12.130000
[2026-10-06T12:09:48Z] pr3528-H-vocab-random-label-de-200k-cold-base-r1 done
Caches dropped successfully (synced, then wrote 1
 to /proc/sys/vm/drop_caches).
fatal: not a git repository (or any parent up to mount point /local)
Stopping at filesystem boundary (GIT_DISCOVERY_ACROSS_FILESYSTEM not set).
fatal: not a git repository (or any parent up to mount point /local)
Stopping at filesystem boundary (GIT_DISCOVERY_ACROSS_FILESYSTEM not set).
fatal: not a git repository (or any parent up to mount point /local)
Stopping at filesystem boundary (GIT_DISCOVERY_ACROSS_FILESYSTEM not set).
fatal: not a git repository (or any parent up to mount point /local)
Stopping at filesystem boundary (GIT_DISCOVERY_ACROSS_FILESYSTEM not set).
fatal: not a git repository (or any parent up to mount point /local)
Stopping at filesystem boundary (GIT_DISCOVERY_ACROSS_FILESYSTEM not set).
rep 1/1: complete export=s e2e=14.367991286s 19297737 bytes syscr=1550686 pread64=1201735 io_uring_enter=173972 read_bytes=2992889856 cpu_s=10.170000
[2026-10-06T12:10:39Z] pr3528-H-vocab-random-label-de-200k-cold-variant-r1 done
Caches dropped successfully (synced, then wrote 1
 to /proc/sys/vm/drop_caches).
fatal: not a git repository (or any parent up to mount point /local)
Stopping at filesystem boundary (GIT_DISCOVERY_ACROSS_FILESYSTEM not set).
fatal: not a git repository (or any parent up to mount point /local)
Stopping at filesystem boundary (GIT_DISCOVERY_ACROSS_FILESYSTEM not set).
fatal: not a git repository (or any parent up to mount point /local)
Stopping at filesystem boundary (GIT_DISCOVERY_ACROSS_FILESYSTEM not set).
fatal: not a git repository (or any parent up to mount point /local)
Stopping at filesystem boundary (GIT_DISCOVERY_ACROSS_FILESYSTEM not set).
fatal: not a git repository (or any parent up to mount point /local)
Stopping at filesystem boundary (GIT_DISCOVERY_ACROSS_FILESYSTEM not set).
rep 1/1: complete export=s e2e=14.237920710s 19297737 bytes syscr=1201767 pread64=601720 io_uring_enter=264436 read_bytes=2991996928 cpu_s=9.980000
[2026-10-06T12:11:30Z] pr3528-H-vocab-random-label-de-200k-cold-variant2-r1 done
Caches dropped successfully (synced, then wrote 1
 to /proc/sys/vm/drop_caches).
fatal: not a git repository (or any parent up to mount point /local)
Stopping at filesystem boundary (GIT_DISCOVERY_ACROSS_FILESYSTEM not set).
fatal: not a git repository (or any parent up to mount point /local)
Stopping at filesystem boundary (GIT_DISCOVERY_ACROSS_FILESYSTEM not set).
fatal: not a git repository (or any parent up to mount point /local)
Stopping at filesystem boundary (GIT_DISCOVERY_ACROSS_FILESYSTEM not set).
fatal: not a git repository (or any parent up to mount point /local)
Stopping at filesystem boundary (GIT_DISCOVERY_ACROSS_FILESYSTEM not set).
fatal: not a git repository (or any parent up to mount point /local)
Stopping at filesystem boundary (GIT_DISCOVERY_ACROSS_FILESYSTEM not set).
rep 1/1: complete export=s e2e=14.281709783s 19297737 bytes syscr=1201767 pread64=601720 io_uring_enter=264426 read_bytes=2993184768 cpu_s=9.990000
[2026-10-06T12:12:20Z] pr3528-H-vocab-random-label-de-200k-cold-variant2-r2 done
Caches dropped successfully (synced, then wrote 1
 to /proc/sys/vm/drop_caches).
fatal: not a git repository (or any parent up to mount point /local)
Stopping at filesystem boundary (GIT_DISCOVERY_ACROSS_FILESYSTEM not set).
fatal: not a git repository (or any parent up to mount point /local)
Stopping at filesystem boundary (GIT_DISCOVERY_ACROSS_FILESYSTEM not set).
fatal: not a git repository (or any parent up to mount point /local)
Stopping at filesystem boundary (GIT_DISCOVERY_ACROSS_FILESYSTEM not set).
fatal: not a git repository (or any parent up to mount point /local)
Stopping at filesystem boundary (GIT_DISCOVERY_ACROSS_FILESYSTEM not set).
fatal: not a git repository (or any parent up to mount point /local)
Stopping at filesystem boundary (GIT_DISCOVERY_ACROSS_FILESYSTEM not set).
rep 1/1: complete export=s e2e=14.361415434s 19297737 bytes syscr=1550686 pread64=1201735 io_uring_enter=173978 read_bytes=2992889856 cpu_s=10.020000
[2026-10-06T12:13:11Z] pr3528-H-vocab-random-label-de-200k-cold-variant-r2 done
Caches dropped successfully (synced, then wrote 1
 to /proc/sys/vm/drop_caches).
fatal: not a git repository (or any parent up to mount point /local)
Stopping at filesystem boundary (GIT_DISCOVERY_ACROSS_FILESYSTEM not set).
fatal: not a git repository (or any parent up to mount point /local)
Stopping at filesystem boundary (GIT_DISCOVERY_ACROSS_FILESYSTEM not set).
fatal: not a git repository (or any parent up to mount point /local)
Stopping at filesystem boundary (GIT_DISCOVERY_ACROSS_FILESYSTEM not set).
fatal: not a git repository (or any parent up to mount point /local)
Stopping at filesystem boundary (GIT_DISCOVERY_ACROSS_FILESYSTEM not set).
fatal: not a git repository (or any parent up to mount point /local)
Stopping at filesystem boundary (GIT_DISCOVERY_ACROSS_FILESYSTEM not set).
rep 1/1: complete export=s e2e=40.610504150s 19297737 bytes syscr=1554135 pread64=777878 io_uring_enter=0 read_bytes=3103834112 cpu_s=12.040000
[2026-10-06T12:14:30Z] pr3528-H-vocab-random-label-de-200k-cold-base-r2 done
Caches dropped successfully (synced, then wrote 1
 to /proc/sys/vm/drop_caches).
fatal: not a git repository (or any parent up to mount point /local)
Stopping at filesystem boundary (GIT_DISCOVERY_ACROSS_FILESYSTEM not set).
fatal: not a git repository (or any parent up to mount point /local)
Stopping at filesystem boundary (GIT_DISCOVERY_ACROSS_FILESYSTEM not set).
fatal: not a git repository (or any parent up to mount point /local)
Stopping at filesystem boundary (GIT_DISCOVERY_ACROSS_FILESYSTEM not set).
fatal: not a git repository (or any parent up to mount point /local)
Stopping at filesystem boundary (GIT_DISCOVERY_ACROSS_FILESYSTEM not set).
fatal: not a git repository (or any parent up to mount point /local)
Stopping at filesystem boundary (GIT_DISCOVERY_ACROSS_FILESYSTEM not set).
rep 1/1: complete export=s e2e=40.822375551s 19297737 bytes syscr=1554131 pread64=777878 io_uring_enter=0 read_bytes=3103834112 cpu_s=12.070000
[2026-10-06T12:15:48Z] pr3528-H-vocab-random-label-de-200k-cold-base-r3 done
Caches dropped successfully (synced, then wrote 1
 to /proc/sys/vm/drop_caches).
fatal: not a git repository (or any parent up to mount point /local)
Stopping at filesystem boundary (GIT_DISCOVERY_ACROSS_FILESYSTEM not set).
fatal: not a git repository (or any parent up to mount point /local)
Stopping at filesystem boundary (GIT_DISCOVERY_ACROSS_FILESYSTEM not set).
fatal: not a git repository (or any parent up to mount point /local)
Stopping at filesystem boundary (GIT_DISCOVERY_ACROSS_FILESYSTEM not set).
fatal: not a git repository (or any parent up to mount point /local)
Stopping at filesystem boundary (GIT_DISCOVERY_ACROSS_FILESYSTEM not set).
fatal: not a git repository (or any parent up to mount point /local)
Stopping at filesystem boundary (GIT_DISCOVERY_ACROSS_FILESYSTEM not set).
rep 1/1: complete export=s e2e=14.621378826s 19297737 bytes syscr=1550686 pread64=1201735 io_uring_enter=174036 read_bytes=2992898048 cpu_s=10.160000
[2026-10-06T12:16:39Z] pr3528-H-vocab-random-label-de-200k-cold-variant-r3 done
Caches dropped successfully (synced, then wrote 1
 to /proc/sys/vm/drop_caches).
fatal: not a git repository (or any parent up to mount point /local)
Stopping at filesystem boundary (GIT_DISCOVERY_ACROSS_FILESYSTEM not set).
fatal: not a git repository (or any parent up to mount point /local)
Stopping at filesystem boundary (GIT_DISCOVERY_ACROSS_FILESYSTEM not set).
fatal: not a git repository (or any parent up to mount point /local)
Stopping at filesystem boundary (GIT_DISCOVERY_ACROSS_FILESYSTEM not set).
fatal: not a git repository (or any parent up to mount point /local)
Stopping at filesystem boundary (GIT_DISCOVERY_ACROSS_FILESYSTEM not set).
fatal: not a git repository (or any parent up to mount point /local)
Stopping at filesystem boundary (GIT_DISCOVERY_ACROSS_FILESYSTEM not set).
rep 1/1: complete export=s e2e=14.528606905s 19297737 bytes syscr=1201767 pread64=601720 io_uring_enter=264412 read_bytes=2992345088 cpu_s=10.210000
[2026-10-06T12:17:30Z] pr3528-H-vocab-random-label-de-200k-cold-variant2-r3 done
Caches dropped successfully (synced, then wrote 1
 to /proc/sys/vm/drop_caches).
fatal: not a git repository (or any parent up to mount point /local)
Stopping at filesystem boundary (GIT_DISCOVERY_ACROSS_FILESYSTEM not set).
fatal: not a git repository (or any parent up to mount point /local)
Stopping at filesystem boundary (GIT_DISCOVERY_ACROSS_FILESYSTEM not set).
fatal: not a git repository (or any parent up to mount point /local)
Stopping at filesystem boundary (GIT_DISCOVERY_ACROSS_FILESYSTEM not set).
fatal: not a git repository (or any parent up to mount point /local)
Stopping at filesystem boundary (GIT_DISCOVERY_ACROSS_FILESYSTEM not set).
fatal: not a git repository (or any parent up to mount point /local)
Stopping at filesystem boundary (GIT_DISCOVERY_ACROSS_FILESYSTEM not set).
rep 1/1: complete export=s e2e=14.472933915s 19297737 bytes syscr=1201767 pread64=601720 io_uring_enter=264416 read_bytes=2985996288 cpu_s=10.220000
[2026-10-06T12:18:21Z] pr3528-H-vocab-random-label-de-200k-cold-variant2-r4 done
Caches dropped successfully (synced, then wrote 1
 to /proc/sys/vm/drop_caches).
fatal: not a git repository (or any parent up to mount point /local)
Stopping at filesystem boundary (GIT_DISCOVERY_ACROSS_FILESYSTEM not set).
fatal: not a git repository (or any parent up to mount point /local)
Stopping at filesystem boundary (GIT_DISCOVERY_ACROSS_FILESYSTEM not set).
fatal: not a git repository (or any parent up to mount point /local)
Stopping at filesystem boundary (GIT_DISCOVERY_ACROSS_FILESYSTEM not set).
fatal: not a git repository (or any parent up to mount point /local)
Stopping at filesystem boundary (GIT_DISCOVERY_ACROSS_FILESYSTEM not set).
fatal: not a git repository (or any parent up to mount point /local)
Stopping at filesystem boundary (GIT_DISCOVERY_ACROSS_FILESYSTEM not set).
rep 1/1: complete export=s e2e=14.289662132s 19297737 bytes syscr=1550686 pread64=1201735 io_uring_enter=173858 read_bytes=2992889856 cpu_s=10.120000
[2026-10-06T12:19:12Z] pr3528-H-vocab-random-label-de-200k-cold-variant-r4 done
Caches dropped successfully (synced, then wrote 1
 to /proc/sys/vm/drop_caches).
fatal: not a git repository (or any parent up to mount point /local)
Stopping at filesystem boundary (GIT_DISCOVERY_ACROSS_FILESYSTEM not set).
fatal: not a git repository (or any parent up to mount point /local)
Stopping at filesystem boundary (GIT_DISCOVERY_ACROSS_FILESYSTEM not set).
fatal: not a git repository (or any parent up to mount point /local)
Stopping at filesystem boundary (GIT_DISCOVERY_ACROSS_FILESYSTEM not set).
fatal: not a git repository (or any parent up to mount point /local)
Stopping at filesystem boundary (GIT_DISCOVERY_ACROSS_FILESYSTEM not set).
fatal: not a git repository (or any parent up to mount point /local)
Stopping at filesystem boundary (GIT_DISCOVERY_ACROSS_FILESYSTEM not set).
rep 1/1: complete export=s e2e=40.600026806s 19297737 bytes syscr=1554135 pread64=777878 io_uring_enter=0 read_bytes=3103834112 cpu_s=11.850000
[2026-10-06T12:20:29Z] pr3528-H-vocab-random-label-de-200k-cold-base-r4 done
Caches dropped successfully (synced, then wrote 1
 to /proc/sys/vm/drop_caches).
fatal: not a git repository (or any parent up to mount point /local)
Stopping at filesystem boundary (GIT_DISCOVERY_ACROSS_FILESYSTEM not set).
fatal: not a git repository (or any parent up to mount point /local)
Stopping at filesystem boundary (GIT_DISCOVERY_ACROSS_FILESYSTEM not set).
fatal: not a git repository (or any parent up to mount point /local)
Stopping at filesystem boundary (GIT_DISCOVERY_ACROSS_FILESYSTEM not set).
fatal: not a git repository (or any parent up to mount point /local)
Stopping at filesystem boundary (GIT_DISCOVERY_ACROSS_FILESYSTEM not set).
fatal: not a git repository (or any parent up to mount point /local)
Stopping at filesystem boundary (GIT_DISCOVERY_ACROSS_FILESYSTEM not set).
rep 1/1: complete export=s e2e=40.805610716s 19297737 bytes syscr=1554135 pread64=777878 io_uring_enter=0 read_bytes=3103969280 cpu_s=12.050000
[2026-10-06T12:21:47Z] pr3528-H-vocab-random-label-de-200k-cold-base-r5 done
Caches dropped successfully (synced, then wrote 1
 to /proc/sys/vm/drop_caches).
fatal: not a git repository (or any parent up to mount point /local)
Stopping at filesystem boundary (GIT_DISCOVERY_ACROSS_FILESYSTEM not set).
fatal: not a git repository (or any parent up to mount point /local)
Stopping at filesystem boundary (GIT_DISCOVERY_ACROSS_FILESYSTEM not set).
fatal: not a git repository (or any parent up to mount point /local)
Stopping at filesystem boundary (GIT_DISCOVERY_ACROSS_FILESYSTEM not set).
fatal: not a git repository (or any parent up to mount point /local)
Stopping at filesystem boundary (GIT_DISCOVERY_ACROSS_FILESYSTEM not set).
fatal: not a git repository (or any parent up to mount point /local)
Stopping at filesystem boundary (GIT_DISCOVERY_ACROSS_FILESYSTEM not set).
rep 1/1: complete export=s e2e=14.382402920s 19297737 bytes syscr=1550686 pread64=1201735 io_uring_enter=173932 read_bytes=2992889856 cpu_s=10.180000
[2026-10-06T12:22:38Z] pr3528-H-vocab-random-label-de-200k-cold-variant-r5 done
Caches dropped successfully (synced, then wrote 1
 to /proc/sys/vm/drop_caches).
fatal: not a git repository (or any parent up to mount point /local)
Stopping at filesystem boundary (GIT_DISCOVERY_ACROSS_FILESYSTEM not set).
fatal: not a git repository (or any parent up to mount point /local)
Stopping at filesystem boundary (GIT_DISCOVERY_ACROSS_FILESYSTEM not set).
fatal: not a git repository (or any parent up to mount point /local)
Stopping at filesystem boundary (GIT_DISCOVERY_ACROSS_FILESYSTEM not set).
fatal: not a git repository (or any parent up to mount point /local)
Stopping at filesystem boundary (GIT_DISCOVERY_ACROSS_FILESYSTEM not set).
fatal: not a git repository (or any parent up to mount point /local)
Stopping at filesystem boundary (GIT_DISCOVERY_ACROSS_FILESYSTEM not set).
rep 1/1: complete export=s e2e=14.381297368s 19297737 bytes syscr=1201767 pread64=601720 io_uring_enter=264440 read_bytes=2990780416 cpu_s=10.010000
[2026-10-06T12:23:29Z] pr3528-H-vocab-random-label-de-200k-cold-variant2-r5 done
Caches dropped successfully (synced, then wrote 1
 to /proc/sys/vm/drop_caches).
fatal: not a git repository (or any parent up to mount point /local)
Stopping at filesystem boundary (GIT_DISCOVERY_ACROSS_FILESYSTEM not set).
fatal: not a git repository (or any parent up to mount point /local)
Stopping at filesystem boundary (GIT_DISCOVERY_ACROSS_FILESYSTEM not set).
fatal: not a git repository (or any parent up to mount point /local)
Stopping at filesystem boundary (GIT_DISCOVERY_ACROSS_FILESYSTEM not set).
fatal: not a git repository (or any parent up to mount point /local)
Stopping at filesystem boundary (GIT_DISCOVERY_ACROSS_FILESYSTEM not set).
fatal: not a git repository (or any parent up to mount point /local)
Stopping at filesystem boundary (GIT_DISCOVERY_ACROSS_FILESYSTEM not set).
rep 1/1: complete export=s e2e=14.396903266s 19297737 bytes syscr=1201767 pread64=601720 io_uring_enter=264406 read_bytes=2990215168 cpu_s=10.140000
[2026-10-06T12:24:20Z] pr3528-H-vocab-random-label-de-200k-cold-variant2-r6 done
Caches dropped successfully (synced, then wrote 1
 to /proc/sys/vm/drop_caches).
fatal: not a git repository (or any parent up to mount point /local)
Stopping at filesystem boundary (GIT_DISCOVERY_ACROSS_FILESYSTEM not set).
fatal: not a git repository (or any parent up to mount point /local)
Stopping at filesystem boundary (GIT_DISCOVERY_ACROSS_FILESYSTEM not set).
fatal: not a git repository (or any parent up to mount point /local)
Stopping at filesystem boundary (GIT_DISCOVERY_ACROSS_FILESYSTEM not set).
fatal: not a git repository (or any parent up to mount point /local)
Stopping at filesystem boundary (GIT_DISCOVERY_ACROSS_FILESYSTEM not set).
fatal: not a git repository (or any parent up to mount point /local)
Stopping at filesystem boundary (GIT_DISCOVERY_ACROSS_FILESYSTEM not set).
rep 1/1: complete export=s e2e=13.586108976s 19297737 bytes syscr=1550682 pread64=1201735 io_uring_enter=173897 read_bytes=2992889856 cpu_s=9.760000
[2026-10-06T12:25:10Z] pr3528-H-vocab-random-label-de-200k-cold-variant-r6 done
Caches dropped successfully (synced, then wrote 1
 to /proc/sys/vm/drop_caches).
fatal: not a git repository (or any parent up to mount point /local)
Stopping at filesystem boundary (GIT_DISCOVERY_ACROSS_FILESYSTEM not set).
fatal: not a git repository (or any parent up to mount point /local)
Stopping at filesystem boundary (GIT_DISCOVERY_ACROSS_FILESYSTEM not set).
fatal: not a git repository (or any parent up to mount point /local)
Stopping at filesystem boundary (GIT_DISCOVERY_ACROSS_FILESYSTEM not set).
fatal: not a git repository (or any parent up to mount point /local)
Stopping at filesystem boundary (GIT_DISCOVERY_ACROSS_FILESYSTEM not set).
fatal: not a git repository (or any parent up to mount point /local)
Stopping at filesystem boundary (GIT_DISCOVERY_ACROSS_FILESYSTEM not set).
rep 1/1: complete export=s e2e=29.808422926s 19297737 bytes syscr=1554111 pread64=777878 io_uring_enter=0 read_bytes=3103834112 cpu_s=10.110000
[2026-10-06T12:26:15Z] pr3528-H-vocab-random-label-de-200k-cold-base-r6 done
Caches dropped successfully (synced, then wrote 1
 to /proc/sys/vm/drop_caches).
fatal: not a git repository (or any parent up to mount point /local)
Stopping at filesystem boundary (GIT_DISCOVERY_ACROSS_FILESYSTEM not set).
fatal: not a git repository (or any parent up to mount point /local)
Stopping at filesystem boundary (GIT_DISCOVERY_ACROSS_FILESYSTEM not set).
fatal: not a git repository (or any parent up to mount point /local)
Stopping at filesystem boundary (GIT_DISCOVERY_ACROSS_FILESYSTEM not set).
fatal: not a git repository (or any parent up to mount point /local)
Stopping at filesystem boundary (GIT_DISCOVERY_ACROSS_FILESYSTEM not set).
fatal: not a git repository (or any parent up to mount point /local)
Stopping at filesystem boundary (GIT_DISCOVERY_ACROSS_FILESYSTEM not set).
rep 1/1: complete export=s e2e=29.183673087s 19297737 bytes syscr=1554111 pread64=777878 io_uring_enter=0 read_bytes=3103834112 cpu_s=9.550000
[2026-10-06T12:27:18Z] pr3528-H-vocab-random-label-de-200k-cold-base-r7 done
Caches dropped successfully (synced, then wrote 1
 to /proc/sys/vm/drop_caches).
fatal: not a git repository (or any parent up to mount point /local)
Stopping at filesystem boundary (GIT_DISCOVERY_ACROSS_FILESYSTEM not set).
fatal: not a git repository (or any parent up to mount point /local)
Stopping at filesystem boundary (GIT_DISCOVERY_ACROSS_FILESYSTEM not set).
fatal: not a git repository (or any parent up to mount point /local)
Stopping at filesystem boundary (GIT_DISCOVERY_ACROSS_FILESYSTEM not set).
fatal: not a git repository (or any parent up to mount point /local)
Stopping at filesystem boundary (GIT_DISCOVERY_ACROSS_FILESYSTEM not set).
fatal: not a git repository (or any parent up to mount point /local)
Stopping at filesystem boundary (GIT_DISCOVERY_ACROSS_FILESYSTEM not set).
rep 1/1: complete export=s e2e=11.556782333s 19297737 bytes syscr=1550678 pread64=1201735 io_uring_enter=174186 read_bytes=2992889856 cpu_s=8.700000
[2026-10-06T12:28:02Z] pr3528-H-vocab-random-label-de-200k-cold-variant-r7 done
Caches dropped successfully (synced, then wrote 1
 to /proc/sys/vm/drop_caches).
fatal: not a git repository (or any parent up to mount point /local)
Stopping at filesystem boundary (GIT_DISCOVERY_ACROSS_FILESYSTEM not set).
fatal: not a git repository (or any parent up to mount point /local)
Stopping at filesystem boundary (GIT_DISCOVERY_ACROSS_FILESYSTEM not set).
fatal: not a git repository (or any parent up to mount point /local)
Stopping at filesystem boundary (GIT_DISCOVERY_ACROSS_FILESYSTEM not set).
fatal: not a git repository (or any parent up to mount point /local)
Stopping at filesystem boundary (GIT_DISCOVERY_ACROSS_FILESYSTEM not set).
fatal: not a git repository (or any parent up to mount point /local)
Stopping at filesystem boundary (GIT_DISCOVERY_ACROSS_FILESYSTEM not set).
rep 1/1: complete export=s e2e=11.511763413s 19297737 bytes syscr=1201759 pread64=601720 io_uring_enter=264589 read_bytes=2986741760 cpu_s=8.690000
[2026-10-06T12:28:46Z] pr3528-H-vocab-random-label-de-200k-cold-variant2-r7 done
Caches dropped successfully (synced, then wrote 1
 to /proc/sys/vm/drop_caches).
fatal: not a git repository (or any parent up to mount point /local)
Stopping at filesystem boundary (GIT_DISCOVERY_ACROSS_FILESYSTEM not set).
fatal: not a git repository (or any parent up to mount point /local)
Stopping at filesystem boundary (GIT_DISCOVERY_ACROSS_FILESYSTEM not set).
fatal: not a git repository (or any parent up to mount point /local)
Stopping at filesystem boundary (GIT_DISCOVERY_ACROSS_FILESYSTEM not set).
fatal: not a git repository (or any parent up to mount point /local)
Stopping at filesystem boundary (GIT_DISCOVERY_ACROSS_FILESYSTEM not set).
fatal: not a git repository (or any parent up to mount point /local)
Stopping at filesystem boundary (GIT_DISCOVERY_ACROSS_FILESYSTEM not set).
rep 1/1: complete export=s e2e=11.440936767s 19297737 bytes syscr=1201755 pread64=601720 io_uring_enter=264581 read_bytes=2990731264 cpu_s=8.600000
[2026-10-06T12:29:29Z] pr3528-H-vocab-random-label-de-200k-cold-variant2-r8 done
Caches dropped successfully (synced, then wrote 1
 to /proc/sys/vm/drop_caches).
fatal: not a git repository (or any parent up to mount point /local)
Stopping at filesystem boundary (GIT_DISCOVERY_ACROSS_FILESYSTEM not set).
fatal: not a git repository (or any parent up to mount point /local)
Stopping at filesystem boundary (GIT_DISCOVERY_ACROSS_FILESYSTEM not set).
fatal: not a git repository (or any parent up to mount point /local)
Stopping at filesystem boundary (GIT_DISCOVERY_ACROSS_FILESYSTEM not set).
fatal: not a git repository (or any parent up to mount point /local)
Stopping at filesystem boundary (GIT_DISCOVERY_ACROSS_FILESYSTEM not set).
fatal: not a git repository (or any parent up to mount point /local)
Stopping at filesystem boundary (GIT_DISCOVERY_ACROSS_FILESYSTEM not set).
rep 1/1: complete export=s e2e=11.327317324s 19297737 bytes syscr=1550678 pread64=1201735 io_uring_enter=174192 read_bytes=2992889856 cpu_s=8.360000
[2026-10-06T12:30:12Z] pr3528-H-vocab-random-label-de-200k-cold-variant-r8 done
Caches dropped successfully (synced, then wrote 1
 to /proc/sys/vm/drop_caches).
fatal: not a git repository (or any parent up to mount point /local)
Stopping at filesystem boundary (GIT_DISCOVERY_ACROSS_FILESYSTEM not set).
fatal: not a git repository (or any parent up to mount point /local)
Stopping at filesystem boundary (GIT_DISCOVERY_ACROSS_FILESYSTEM not set).
fatal: not a git repository (or any parent up to mount point /local)
Stopping at filesystem boundary (GIT_DISCOVERY_ACROSS_FILESYSTEM not set).
fatal: not a git repository (or any parent up to mount point /local)
Stopping at filesystem boundary (GIT_DISCOVERY_ACROSS_FILESYSTEM not set).
fatal: not a git repository (or any parent up to mount point /local)
Stopping at filesystem boundary (GIT_DISCOVERY_ACROSS_FILESYSTEM not set).
rep 1/1: complete export=s e2e=29.458975207s 19297737 bytes syscr=1554111 pread64=777878 io_uring_enter=0 read_bytes=3103834112 cpu_s=8.850000
[2026-10-06T12:31:12Z] pr3528-H-vocab-random-label-de-200k-cold-base-r8 done
Caches dropped successfully (synced, then wrote 1
 to /proc/sys/vm/drop_caches).
fatal: not a git repository (or any parent up to mount point /local)
Stopping at filesystem boundary (GIT_DISCOVERY_ACROSS_FILESYSTEM not set).
fatal: not a git repository (or any parent up to mount point /local)
Stopping at filesystem boundary (GIT_DISCOVERY_ACROSS_FILESYSTEM not set).
fatal: not a git repository (or any parent up to mount point /local)
Stopping at filesystem boundary (GIT_DISCOVERY_ACROSS_FILESYSTEM not set).
fatal: not a git repository (or any parent up to mount point /local)
Stopping at filesystem boundary (GIT_DISCOVERY_ACROSS_FILESYSTEM not set).
fatal: not a git repository (or any parent up to mount point /local)
Stopping at filesystem boundary (GIT_DISCOVERY_ACROSS_FILESYSTEM not set).
rep 1/1: complete export=s e2e=27.550107325s 19297737 bytes syscr=1554107 pread64=777878 io_uring_enter=0 read_bytes=3103834112 cpu_s=8.420000
[2026-10-06T12:32:11Z] pr3528-H-vocab-random-label-de-200k-cold-base-r9 done
Caches dropped successfully (synced, then wrote 1
 to /proc/sys/vm/drop_caches).
fatal: not a git repository (or any parent up to mount point /local)
Stopping at filesystem boundary (GIT_DISCOVERY_ACROSS_FILESYSTEM not set).
fatal: not a git repository (or any parent up to mount point /local)
Stopping at filesystem boundary (GIT_DISCOVERY_ACROSS_FILESYSTEM not set).
fatal: not a git repository (or any parent up to mount point /local)
Stopping at filesystem boundary (GIT_DISCOVERY_ACROSS_FILESYSTEM not set).
fatal: not a git repository (or any parent up to mount point /local)
Stopping at filesystem boundary (GIT_DISCOVERY_ACROSS_FILESYSTEM not set).
fatal: not a git repository (or any parent up to mount point /local)
Stopping at filesystem boundary (GIT_DISCOVERY_ACROSS_FILESYSTEM not set).
rep 1/1: complete export=s e2e=11.029166889s 19297737 bytes syscr=1550678 pread64=1201735 io_uring_enter=174174 read_bytes=2992889856 cpu_s=7.860000
[2026-10-06T12:32:51Z] pr3528-H-vocab-random-label-de-200k-cold-variant-r9 done
Caches dropped successfully (synced, then wrote 1
 to /proc/sys/vm/drop_caches).
fatal: not a git repository (or any parent up to mount point /local)
Stopping at filesystem boundary (GIT_DISCOVERY_ACROSS_FILESYSTEM not set).
fatal: not a git repository (or any parent up to mount point /local)
Stopping at filesystem boundary (GIT_DISCOVERY_ACROSS_FILESYSTEM not set).
fatal: not a git repository (or any parent up to mount point /local)
Stopping at filesystem boundary (GIT_DISCOVERY_ACROSS_FILESYSTEM not set).
fatal: not a git repository (or any parent up to mount point /local)
Stopping at filesystem boundary (GIT_DISCOVERY_ACROSS_FILESYSTEM not set).
fatal: not a git repository (or any parent up to mount point /local)
Stopping at filesystem boundary (GIT_DISCOVERY_ACROSS_FILESYSTEM not set).
rep 1/1: complete export=s e2e=14.122912953s 19297737 bytes syscr=1201763 pread64=601720 io_uring_enter=264435 read_bytes=2991607808 cpu_s=10.440000
[2026-10-06T12:33:42Z] pr3528-H-vocab-random-label-de-200k-cold-variant2-r9 done
Caches dropped successfully (synced, then wrote 1
 to /proc/sys/vm/drop_caches).
fatal: not a git repository (or any parent up to mount point /local)
Stopping at filesystem boundary (GIT_DISCOVERY_ACROSS_FILESYSTEM not set).
fatal: not a git repository (or any parent up to mount point /local)
Stopping at filesystem boundary (GIT_DISCOVERY_ACROSS_FILESYSTEM not set).
fatal: not a git repository (or any parent up to mount point /local)
Stopping at filesystem boundary (GIT_DISCOVERY_ACROSS_FILESYSTEM not set).
fatal: not a git repository (or any parent up to mount point /local)
Stopping at filesystem boundary (GIT_DISCOVERY_ACROSS_FILESYSTEM not set).
fatal: not a git repository (or any parent up to mount point /local)
Stopping at filesystem boundary (GIT_DISCOVERY_ACROSS_FILESYSTEM not set).
rep 1/1: complete export=s e2e=14.298567726s 19297737 bytes syscr=1201763 pread64=601720 io_uring_enter=264409 read_bytes=2993418240 cpu_s=10.540000
[2026-10-06T12:34:34Z] pr3528-H-vocab-random-label-de-200k-cold-variant2-r10 done
Caches dropped successfully (synced, then wrote 1
 to /proc/sys/vm/drop_caches).
fatal: not a git repository (or any parent up to mount point /local)
Stopping at filesystem boundary (GIT_DISCOVERY_ACROSS_FILESYSTEM not set).
fatal: not a git repository (or any parent up to mount point /local)
Stopping at filesystem boundary (GIT_DISCOVERY_ACROSS_FILESYSTEM not set).
fatal: not a git repository (or any parent up to mount point /local)
Stopping at filesystem boundary (GIT_DISCOVERY_ACROSS_FILESYSTEM not set).
fatal: not a git repository (or any parent up to mount point /local)
Stopping at filesystem boundary (GIT_DISCOVERY_ACROSS_FILESYSTEM not set).
fatal: not a git repository (or any parent up to mount point /local)
Stopping at filesystem boundary (GIT_DISCOVERY_ACROSS_FILESYSTEM not set).
rep 1/1: complete export=s e2e=14.133531131s 19297737 bytes syscr=1550682 pread64=1201735 io_uring_enter=173913 read_bytes=2992889856 cpu_s=10.450000
[2026-10-06T12:35:25Z] pr3528-H-vocab-random-label-de-200k-cold-variant-r10 done
Caches dropped successfully (synced, then wrote 1
 to /proc/sys/vm/drop_caches).
fatal: not a git repository (or any parent up to mount point /local)
Stopping at filesystem boundary (GIT_DISCOVERY_ACROSS_FILESYSTEM not set).
fatal: not a git repository (or any parent up to mount point /local)
Stopping at filesystem boundary (GIT_DISCOVERY_ACROSS_FILESYSTEM not set).
fatal: not a git repository (or any parent up to mount point /local)
Stopping at filesystem boundary (GIT_DISCOVERY_ACROSS_FILESYSTEM not set).
fatal: not a git repository (or any parent up to mount point /local)
Stopping at filesystem boundary (GIT_DISCOVERY_ACROSS_FILESYSTEM not set).
fatal: not a git repository (or any parent up to mount point /local)
Stopping at filesystem boundary (GIT_DISCOVERY_ACROSS_FILESYSTEM not set).
rep 1/1: complete export=s e2e=38.221668562s 19297737 bytes syscr=1554127 pread64=777878 io_uring_enter=0 read_bytes=3103834112 cpu_s=12.360000
[2026-10-06T12:36:41Z] pr3528-H-vocab-random-label-de-200k-cold-base-r10 done
fatal: not a git repository (or any parent up to mount point /local)
Stopping at filesystem boundary (GIT_DISCOVERY_ACROSS_FILESYSTEM not set).
fatal: not a git repository (or any parent up to mount point /local)
Stopping at filesystem boundary (GIT_DISCOVERY_ACROSS_FILESYSTEM not set).
fatal: not a git repository (or any parent up to mount point /local)
Stopping at filesystem boundary (GIT_DISCOVERY_ACROSS_FILESYSTEM not set).
fatal: not a git repository (or any parent up to mount point /local)
Stopping at filesystem boundary (GIT_DISCOVERY_ACROSS_FILESYSTEM not set).
fatal: not a git repository (or any parent up to mount point /local)
Stopping at filesystem boundary (GIT_DISCOVERY_ACROSS_FILESYSTEM not set).
rep 1/1: complete export=s e2e=5.418965438s 19297737 bytes syscr=3108126 pread64=1555756 io_uring_enter=0 read_bytes=0 cpu_s=11.590000
[2026-10-06T12:38:06Z] pr3528-H-vocab-random-label-de-200k-warm-base-r1 done
fatal: not a git repository (or any parent up to mount point /local)
Stopping at filesystem boundary (GIT_DISCOVERY_ACROSS_FILESYSTEM not set).
fatal: not a git repository (or any parent up to mount point /local)
Stopping at filesystem boundary (GIT_DISCOVERY_ACROSS_FILESYSTEM not set).
fatal: not a git repository (or any parent up to mount point /local)
Stopping at filesystem boundary (GIT_DISCOVERY_ACROSS_FILESYSTEM not set).
fatal: not a git repository (or any parent up to mount point /local)
Stopping at filesystem boundary (GIT_DISCOVERY_ACROSS_FILESYSTEM not set).
fatal: not a git repository (or any parent up to mount point /local)
Stopping at filesystem boundary (GIT_DISCOVERY_ACROSS_FILESYSTEM not set).
rep 1/1: complete export=s e2e=5.521329345s 19297737 bytes syscr=3101328 pread64=2403470 io_uring_enter=0 read_bytes=0 cpu_s=11.780000
[2026-10-06T12:39:06Z] pr3528-H-vocab-random-label-de-200k-warm-variant-r1 done
fatal: not a git repository (or any parent up to mount point /local)
Stopping at filesystem boundary (GIT_DISCOVERY_ACROSS_FILESYSTEM not set).
fatal: not a git repository (or any parent up to mount point /local)
Stopping at filesystem boundary (GIT_DISCOVERY_ACROSS_FILESYSTEM not set).
fatal: not a git repository (or any parent up to mount point /local)
Stopping at filesystem boundary (GIT_DISCOVERY_ACROSS_FILESYSTEM not set).
fatal: not a git repository (or any parent up to mount point /local)
Stopping at filesystem boundary (GIT_DISCOVERY_ACROSS_FILESYSTEM not set).
fatal: not a git repository (or any parent up to mount point /local)
Stopping at filesystem boundary (GIT_DISCOVERY_ACROSS_FILESYSTEM not set).
rep 1/1: complete export=s e2e=4.878401991s 19297737 bytes syscr=3605237 pread64=1805160 io_uring_enter=790728 read_bytes=0 cpu_s=15.710000
[2026-10-06T12:40:06Z] pr3528-H-vocab-random-label-de-200k-warm-variant2-r1 done
fatal: not a git repository (or any parent up to mount point /local)
Stopping at filesystem boundary (GIT_DISCOVERY_ACROSS_FILESYSTEM not set).
fatal: not a git repository (or any parent up to mount point /local)
Stopping at filesystem boundary (GIT_DISCOVERY_ACROSS_FILESYSTEM not set).
fatal: not a git repository (or any parent up to mount point /local)
Stopping at filesystem boundary (GIT_DISCOVERY_ACROSS_FILESYSTEM not set).
fatal: not a git repository (or any parent up to mount point /local)
Stopping at filesystem boundary (GIT_DISCOVERY_ACROSS_FILESYSTEM not set).
fatal: not a git repository (or any parent up to mount point /local)
Stopping at filesystem boundary (GIT_DISCOVERY_ACROSS_FILESYSTEM not set).
rep 1/1: complete export=s e2e=4.255735020s 19297737 bytes syscr=3605229 pread64=1805160 io_uring_enter=790728 read_bytes=0 cpu_s=13.720000
[2026-10-06T12:40:59Z] pr3528-H-vocab-random-label-de-200k-warm-variant2-r2 done
fatal: not a git repository (or any parent up to mount point /local)
Stopping at filesystem boundary (GIT_DISCOVERY_ACROSS_FILESYSTEM not set).
fatal: not a git repository (or any parent up to mount point /local)
Stopping at filesystem boundary (GIT_DISCOVERY_ACROSS_FILESYSTEM not set).
fatal: not a git repository (or any parent up to mount point /local)
Stopping at filesystem boundary (GIT_DISCOVERY_ACROSS_FILESYSTEM not set).
fatal: not a git repository (or any parent up to mount point /local)
Stopping at filesystem boundary (GIT_DISCOVERY_ACROSS_FILESYSTEM not set).
fatal: not a git repository (or any parent up to mount point /local)
Stopping at filesystem boundary (GIT_DISCOVERY_ACROSS_FILESYSTEM not set).
rep 1/1: complete export=s e2e=3.973090931s 19297737 bytes syscr=4651986 pread64=3605205 io_uring_enter=0 read_bytes=0 cpu_s=12.840000
[2026-10-06T12:41:48Z] pr3528-H-vocab-random-label-de-200k-warm-variant-r2 done
fatal: not a git repository (or any parent up to mount point /local)
Stopping at filesystem boundary (GIT_DISCOVERY_ACROSS_FILESYSTEM not set).
fatal: not a git repository (or any parent up to mount point /local)
Stopping at filesystem boundary (GIT_DISCOVERY_ACROSS_FILESYSTEM not set).
fatal: not a git repository (or any parent up to mount point /local)
Stopping at filesystem boundary (GIT_DISCOVERY_ACROSS_FILESYSTEM not set).
fatal: not a git repository (or any parent up to mount point /local)
Stopping at filesystem boundary (GIT_DISCOVERY_ACROSS_FILESYSTEM not set).
fatal: not a git repository (or any parent up to mount point /local)
Stopping at filesystem boundary (GIT_DISCOVERY_ACROSS_FILESYSTEM not set).
rep 1/1: complete export=s e2e=3.931439858s 19297737 bytes syscr=4662177 pread64=2333634 io_uring_enter=0 read_bytes=0 cpu_s=12.700000
[2026-10-06T12:42:54Z] pr3528-H-vocab-random-label-de-200k-warm-base-r2 done
fatal: not a git repository (or any parent up to mount point /local)
Stopping at filesystem boundary (GIT_DISCOVERY_ACROSS_FILESYSTEM not set).
fatal: not a git repository (or any parent up to mount point /local)
Stopping at filesystem boundary (GIT_DISCOVERY_ACROSS_FILESYSTEM not set).
fatal: not a git repository (or any parent up to mount point /local)
Stopping at filesystem boundary (GIT_DISCOVERY_ACROSS_FILESYSTEM not set).
fatal: not a git repository (or any parent up to mount point /local)
Stopping at filesystem boundary (GIT_DISCOVERY_ACROSS_FILESYSTEM not set).
fatal: not a git repository (or any parent up to mount point /local)
Stopping at filesystem boundary (GIT_DISCOVERY_ACROSS_FILESYSTEM not set).
rep 1/1: complete export=s e2e=3.931413249s 19297737 bytes syscr=4662177 pread64=2333634 io_uring_enter=0 read_bytes=0 cpu_s=12.780000
[2026-10-06T12:43:59Z] pr3528-H-vocab-random-label-de-200k-warm-base-r3 done
fatal: not a git repository (or any parent up to mount point /local)
Stopping at filesystem boundary (GIT_DISCOVERY_ACROSS_FILESYSTEM not set).
fatal: not a git repository (or any parent up to mount point /local)
Stopping at filesystem boundary (GIT_DISCOVERY_ACROSS_FILESYSTEM not set).
fatal: not a git repository (or any parent up to mount point /local)
Stopping at filesystem boundary (GIT_DISCOVERY_ACROSS_FILESYSTEM not set).
fatal: not a git repository (or any parent up to mount point /local)
Stopping at filesystem boundary (GIT_DISCOVERY_ACROSS_FILESYSTEM not set).
fatal: not a git repository (or any parent up to mount point /local)
Stopping at filesystem boundary (GIT_DISCOVERY_ACROSS_FILESYSTEM not set).
rep 1/1: complete export=s e2e=3.952083516s 19297737 bytes syscr=4651986 pread64=3605205 io_uring_enter=0 read_bytes=0 cpu_s=12.780000
[2026-10-06T12:44:48Z] pr3528-H-vocab-random-label-de-200k-warm-variant-r3 done
fatal: not a git repository (or any parent up to mount point /local)
Stopping at filesystem boundary (GIT_DISCOVERY_ACROSS_FILESYSTEM not set).
fatal: not a git repository (or any parent up to mount point /local)
Stopping at filesystem boundary (GIT_DISCOVERY_ACROSS_FILESYSTEM not set).
fatal: not a git repository (or any parent up to mount point /local)
Stopping at filesystem boundary (GIT_DISCOVERY_ACROSS_FILESYSTEM not set).
fatal: not a git repository (or any parent up to mount point /local)
Stopping at filesystem boundary (GIT_DISCOVERY_ACROSS_FILESYSTEM not set).
fatal: not a git repository (or any parent up to mount point /local)
Stopping at filesystem boundary (GIT_DISCOVERY_ACROSS_FILESYSTEM not set).
rep 1/1: complete export=s e2e=4.081970955s 19297737 bytes syscr=3605233 pread64=1805160 io_uring_enter=790728 read_bytes=0 cpu_s=13.190000
[2026-10-06T12:45:38Z] pr3528-H-vocab-random-label-de-200k-warm-variant2-r3 done
fatal: not a git repository (or any parent up to mount point /local)
Stopping at filesystem boundary (GIT_DISCOVERY_ACROSS_FILESYSTEM not set).
fatal: not a git repository (or any parent up to mount point /local)
Stopping at filesystem boundary (GIT_DISCOVERY_ACROSS_FILESYSTEM not set).
fatal: not a git repository (or any parent up to mount point /local)
Stopping at filesystem boundary (GIT_DISCOVERY_ACROSS_FILESYSTEM not set).
fatal: not a git repository (or any parent up to mount point /local)
Stopping at filesystem boundary (GIT_DISCOVERY_ACROSS_FILESYSTEM not set).
fatal: not a git repository (or any parent up to mount point /local)
Stopping at filesystem boundary (GIT_DISCOVERY_ACROSS_FILESYSTEM not set).
rep 1/1: complete export=s e2e=4.083279520s 19297737 bytes syscr=3605233 pread64=1805160 io_uring_enter=790728 read_bytes=0 cpu_s=13.200000
[2026-10-06T12:46:28Z] pr3528-H-vocab-random-label-de-200k-warm-variant2-r4 done
fatal: not a git repository (or any parent up to mount point /local)
Stopping at filesystem boundary (GIT_DISCOVERY_ACROSS_FILESYSTEM not set).
fatal: not a git repository (or any parent up to mount point /local)
Stopping at filesystem boundary (GIT_DISCOVERY_ACROSS_FILESYSTEM not set).
fatal: not a git repository (or any parent up to mount point /local)
Stopping at filesystem boundary (GIT_DISCOVERY_ACROSS_FILESYSTEM not set).
fatal: not a git repository (or any parent up to mount point /local)
Stopping at filesystem boundary (GIT_DISCOVERY_ACROSS_FILESYSTEM not set).
fatal: not a git repository (or any parent up to mount point /local)
Stopping at filesystem boundary (GIT_DISCOVERY_ACROSS_FILESYSTEM not set).
rep 1/1: complete export=s e2e=3.954818381s 19297737 bytes syscr=4651986 pread64=3605205 io_uring_enter=0 read_bytes=0 cpu_s=12.810000
[2026-10-06T12:47:16Z] pr3528-H-vocab-random-label-de-200k-warm-variant-r4 done
fatal: not a git repository (or any parent up to mount point /local)
Stopping at filesystem boundary (GIT_DISCOVERY_ACROSS_FILESYSTEM not set).
fatal: not a git repository (or any parent up to mount point /local)
Stopping at filesystem boundary (GIT_DISCOVERY_ACROSS_FILESYSTEM not set).
fatal: not a git repository (or any parent up to mount point /local)
Stopping at filesystem boundary (GIT_DISCOVERY_ACROSS_FILESYSTEM not set).
fatal: not a git repository (or any parent up to mount point /local)
Stopping at filesystem boundary (GIT_DISCOVERY_ACROSS_FILESYSTEM not set).
fatal: not a git repository (or any parent up to mount point /local)
Stopping at filesystem boundary (GIT_DISCOVERY_ACROSS_FILESYSTEM not set).
rep 1/1: complete export=s e2e=3.914710167s 19297737 bytes syscr=4662173 pread64=2333634 io_uring_enter=0 read_bytes=0 cpu_s=12.650000
[2026-10-06T12:48:22Z] pr3528-H-vocab-random-label-de-200k-warm-base-r4 done
fatal: not a git repository (or any parent up to mount point /local)
Stopping at filesystem boundary (GIT_DISCOVERY_ACROSS_FILESYSTEM not set).
fatal: not a git repository (or any parent up to mount point /local)
Stopping at filesystem boundary (GIT_DISCOVERY_ACROSS_FILESYSTEM not set).
fatal: not a git repository (or any parent up to mount point /local)
Stopping at filesystem boundary (GIT_DISCOVERY_ACROSS_FILESYSTEM not set).
fatal: not a git repository (or any parent up to mount point /local)
Stopping at filesystem boundary (GIT_DISCOVERY_ACROSS_FILESYSTEM not set).
fatal: not a git repository (or any parent up to mount point /local)
Stopping at filesystem boundary (GIT_DISCOVERY_ACROSS_FILESYSTEM not set).
rep 1/1: complete export=s e2e=3.967773263s 19297737 bytes syscr=4662173 pread64=2333634 io_uring_enter=0 read_bytes=0 cpu_s=12.840000
[2026-10-06T12:49:27Z] pr3528-H-vocab-random-label-de-200k-warm-base-r5 done
fatal: not a git repository (or any parent up to mount point /local)
Stopping at filesystem boundary (GIT_DISCOVERY_ACROSS_FILESYSTEM not set).
fatal: not a git repository (or any parent up to mount point /local)
Stopping at filesystem boundary (GIT_DISCOVERY_ACROSS_FILESYSTEM not set).
fatal: not a git repository (or any parent up to mount point /local)
Stopping at filesystem boundary (GIT_DISCOVERY_ACROSS_FILESYSTEM not set).
fatal: not a git repository (or any parent up to mount point /local)
Stopping at filesystem boundary (GIT_DISCOVERY_ACROSS_FILESYSTEM not set).
fatal: not a git repository (or any parent up to mount point /local)
Stopping at filesystem boundary (GIT_DISCOVERY_ACROSS_FILESYSTEM not set).
rep 1/1: complete export=s e2e=3.989188095s 19297737 bytes syscr=4651986 pread64=3605205 io_uring_enter=0 read_bytes=0 cpu_s=12.890000
[2026-10-06T12:50:16Z] pr3528-H-vocab-random-label-de-200k-warm-variant-r5 done
fatal: not a git repository (or any parent up to mount point /local)
Stopping at filesystem boundary (GIT_DISCOVERY_ACROSS_FILESYSTEM not set).
fatal: not a git repository (or any parent up to mount point /local)
Stopping at filesystem boundary (GIT_DISCOVERY_ACROSS_FILESYSTEM not set).
fatal: not a git repository (or any parent up to mount point /local)
Stopping at filesystem boundary (GIT_DISCOVERY_ACROSS_FILESYSTEM not set).
fatal: not a git repository (or any parent up to mount point /local)
Stopping at filesystem boundary (GIT_DISCOVERY_ACROSS_FILESYSTEM not set).
fatal: not a git repository (or any parent up to mount point /local)
Stopping at filesystem boundary (GIT_DISCOVERY_ACROSS_FILESYSTEM not set).
rep 1/1: complete export=s e2e=4.018307045s 19297737 bytes syscr=3605229 pread64=1805160 io_uring_enter=790728 read_bytes=0 cpu_s=13.020000
[2026-10-06T12:51:05Z] pr3528-H-vocab-random-label-de-200k-warm-variant2-r5 done
fatal: not a git repository (or any parent up to mount point /local)
Stopping at filesystem boundary (GIT_DISCOVERY_ACROSS_FILESYSTEM not set).
fatal: not a git repository (or any parent up to mount point /local)
Stopping at filesystem boundary (GIT_DISCOVERY_ACROSS_FILESYSTEM not set).
fatal: not a git repository (or any parent up to mount point /local)
Stopping at filesystem boundary (GIT_DISCOVERY_ACROSS_FILESYSTEM not set).
fatal: not a git repository (or any parent up to mount point /local)
Stopping at filesystem boundary (GIT_DISCOVERY_ACROSS_FILESYSTEM not set).
fatal: not a git repository (or any parent up to mount point /local)
Stopping at filesystem boundary (GIT_DISCOVERY_ACROSS_FILESYSTEM not set).
rep 1/1: complete export=s e2e=4.107239963s 19297737 bytes syscr=3605233 pread64=1805160 io_uring_enter=790728 read_bytes=0 cpu_s=13.250000
[2026-10-06T12:51:55Z] pr3528-H-vocab-random-label-de-200k-warm-variant2-r6 done
fatal: not a git repository (or any parent up to mount point /local)
Stopping at filesystem boundary (GIT_DISCOVERY_ACROSS_FILESYSTEM not set).
fatal: not a git repository (or any parent up to mount point /local)
Stopping at filesystem boundary (GIT_DISCOVERY_ACROSS_FILESYSTEM not set).
fatal: not a git repository (or any parent up to mount point /local)
Stopping at filesystem boundary (GIT_DISCOVERY_ACROSS_FILESYSTEM not set).
fatal: not a git repository (or any parent up to mount point /local)
Stopping at filesystem boundary (GIT_DISCOVERY_ACROSS_FILESYSTEM not set).
fatal: not a git repository (or any parent up to mount point /local)
Stopping at filesystem boundary (GIT_DISCOVERY_ACROSS_FILESYSTEM not set).
rep 1/1: complete export=s e2e=3.916430460s 19297737 bytes syscr=4651986 pread64=3605205 io_uring_enter=0 read_bytes=0 cpu_s=12.720000
[2026-10-06T12:52:43Z] pr3528-H-vocab-random-label-de-200k-warm-variant-r6 done
fatal: not a git repository (or any parent up to mount point /local)
Stopping at filesystem boundary (GIT_DISCOVERY_ACROSS_FILESYSTEM not set).
fatal: not a git repository (or any parent up to mount point /local)
Stopping at filesystem boundary (GIT_DISCOVERY_ACROSS_FILESYSTEM not set).
fatal: not a git repository (or any parent up to mount point /local)
Stopping at filesystem boundary (GIT_DISCOVERY_ACROSS_FILESYSTEM not set).
fatal: not a git repository (or any parent up to mount point /local)
Stopping at filesystem boundary (GIT_DISCOVERY_ACROSS_FILESYSTEM not set).
fatal: not a git repository (or any parent up to mount point /local)
Stopping at filesystem boundary (GIT_DISCOVERY_ACROSS_FILESYSTEM not set).
rep 1/1: complete export=s e2e=3.890381013s 19297737 bytes syscr=4662177 pread64=2333634 io_uring_enter=0 read_bytes=0 cpu_s=12.640000
[2026-10-06T12:53:48Z] pr3528-H-vocab-random-label-de-200k-warm-base-r6 done
fatal: not a git repository (or any parent up to mount point /local)
Stopping at filesystem boundary (GIT_DISCOVERY_ACROSS_FILESYSTEM not set).
fatal: not a git repository (or any parent up to mount point /local)
Stopping at filesystem boundary (GIT_DISCOVERY_ACROSS_FILESYSTEM not set).
fatal: not a git repository (or any parent up to mount point /local)
Stopping at filesystem boundary (GIT_DISCOVERY_ACROSS_FILESYSTEM not set).
fatal: not a git repository (or any parent up to mount point /local)
Stopping at filesystem boundary (GIT_DISCOVERY_ACROSS_FILESYSTEM not set).
fatal: not a git repository (or any parent up to mount point /local)
Stopping at filesystem boundary (GIT_DISCOVERY_ACROSS_FILESYSTEM not set).
rep 1/1: complete export=s e2e=3.847130085s 19297737 bytes syscr=4662173 pread64=2333634 io_uring_enter=0 read_bytes=0 cpu_s=12.520000
[2026-10-06T12:54:53Z] pr3528-H-vocab-random-label-de-200k-warm-base-r7 done
fatal: not a git repository (or any parent up to mount point /local)
Stopping at filesystem boundary (GIT_DISCOVERY_ACROSS_FILESYSTEM not set).
fatal: not a git repository (or any parent up to mount point /local)
Stopping at filesystem boundary (GIT_DISCOVERY_ACROSS_FILESYSTEM not set).
fatal: not a git repository (or any parent up to mount point /local)
Stopping at filesystem boundary (GIT_DISCOVERY_ACROSS_FILESYSTEM not set).
fatal: not a git repository (or any parent up to mount point /local)
Stopping at filesystem boundary (GIT_DISCOVERY_ACROSS_FILESYSTEM not set).
fatal: not a git repository (or any parent up to mount point /local)
Stopping at filesystem boundary (GIT_DISCOVERY_ACROSS_FILESYSTEM not set).
rep 1/1: complete export=s e2e=4.038998092s 19297737 bytes syscr=4651986 pread64=3605205 io_uring_enter=0 read_bytes=0 cpu_s=13.060000
[2026-10-06T12:55:42Z] pr3528-H-vocab-random-label-de-200k-warm-variant-r7 done
fatal: not a git repository (or any parent up to mount point /local)
Stopping at filesystem boundary (GIT_DISCOVERY_ACROSS_FILESYSTEM not set).
fatal: not a git repository (or any parent up to mount point /local)
Stopping at filesystem boundary (GIT_DISCOVERY_ACROSS_FILESYSTEM not set).
fatal: not a git repository (or any parent up to mount point /local)
Stopping at filesystem boundary (GIT_DISCOVERY_ACROSS_FILESYSTEM not set).
fatal: not a git repository (or any parent up to mount point /local)
Stopping at filesystem boundary (GIT_DISCOVERY_ACROSS_FILESYSTEM not set).
fatal: not a git repository (or any parent up to mount point /local)
Stopping at filesystem boundary (GIT_DISCOVERY_ACROSS_FILESYSTEM not set).
rep 1/1: complete export=s e2e=4.022755308s 19297737 bytes syscr=3605229 pread64=1805160 io_uring_enter=790728 read_bytes=0 cpu_s=13.000000
[2026-10-06T12:56:31Z] pr3528-H-vocab-random-label-de-200k-warm-variant2-r7 done
fatal: not a git repository (or any parent up to mount point /local)
Stopping at filesystem boundary (GIT_DISCOVERY_ACROSS_FILESYSTEM not set).
fatal: not a git repository (or any parent up to mount point /local)
Stopping at filesystem boundary (GIT_DISCOVERY_ACROSS_FILESYSTEM not set).
fatal: not a git repository (or any parent up to mount point /local)
Stopping at filesystem boundary (GIT_DISCOVERY_ACROSS_FILESYSTEM not set).
fatal: not a git repository (or any parent up to mount point /local)
Stopping at filesystem boundary (GIT_DISCOVERY_ACROSS_FILESYSTEM not set).
fatal: not a git repository (or any parent up to mount point /local)
Stopping at filesystem boundary (GIT_DISCOVERY_ACROSS_FILESYSTEM not set).
rep 1/1: complete export=s e2e=4.102012789s 19297737 bytes syscr=3605229 pread64=1805160 io_uring_enter=790728 read_bytes=0 cpu_s=13.290000
[2026-10-06T12:57:20Z] pr3528-H-vocab-random-label-de-200k-warm-variant2-r8 done
fatal: not a git repository (or any parent up to mount point /local)
Stopping at filesystem boundary (GIT_DISCOVERY_ACROSS_FILESYSTEM not set).
fatal: not a git repository (or any parent up to mount point /local)
Stopping at filesystem boundary (GIT_DISCOVERY_ACROSS_FILESYSTEM not set).
fatal: not a git repository (or any parent up to mount point /local)
Stopping at filesystem boundary (GIT_DISCOVERY_ACROSS_FILESYSTEM not set).
fatal: not a git repository (or any parent up to mount point /local)
Stopping at filesystem boundary (GIT_DISCOVERY_ACROSS_FILESYSTEM not set).
fatal: not a git repository (or any parent up to mount point /local)
Stopping at filesystem boundary (GIT_DISCOVERY_ACROSS_FILESYSTEM not set).
rep 1/1: complete export=s e2e=3.966780119s 19297737 bytes syscr=4651986 pread64=3605205 io_uring_enter=0 read_bytes=0 cpu_s=12.840000
[2026-10-06T12:58:08Z] pr3528-H-vocab-random-label-de-200k-warm-variant-r8 done
fatal: not a git repository (or any parent up to mount point /local)
Stopping at filesystem boundary (GIT_DISCOVERY_ACROSS_FILESYSTEM not set).
fatal: not a git repository (or any parent up to mount point /local)
Stopping at filesystem boundary (GIT_DISCOVERY_ACROSS_FILESYSTEM not set).
fatal: not a git repository (or any parent up to mount point /local)
Stopping at filesystem boundary (GIT_DISCOVERY_ACROSS_FILESYSTEM not set).
fatal: not a git repository (or any parent up to mount point /local)
Stopping at filesystem boundary (GIT_DISCOVERY_ACROSS_FILESYSTEM not set).
fatal: not a git repository (or any parent up to mount point /local)
Stopping at filesystem boundary (GIT_DISCOVERY_ACROSS_FILESYSTEM not set).
rep 1/1: complete export=s e2e=3.902383439s 19297737 bytes syscr=4662177 pread64=2333634 io_uring_enter=0 read_bytes=0 cpu_s=12.640000
[2026-10-06T12:59:13Z] pr3528-H-vocab-random-label-de-200k-warm-base-r8 done
fatal: not a git repository (or any parent up to mount point /local)
Stopping at filesystem boundary (GIT_DISCOVERY_ACROSS_FILESYSTEM not set).
fatal: not a git repository (or any parent up to mount point /local)
Stopping at filesystem boundary (GIT_DISCOVERY_ACROSS_FILESYSTEM not set).
fatal: not a git repository (or any parent up to mount point /local)
Stopping at filesystem boundary (GIT_DISCOVERY_ACROSS_FILESYSTEM not set).
fatal: not a git repository (or any parent up to mount point /local)
Stopping at filesystem boundary (GIT_DISCOVERY_ACROSS_FILESYSTEM not set).
fatal: not a git repository (or any parent up to mount point /local)
Stopping at filesystem boundary (GIT_DISCOVERY_ACROSS_FILESYSTEM not set).
rep 1/1: complete export=s e2e=3.945127304s 19297737 bytes syscr=4662177 pread64=2333634 io_uring_enter=0 read_bytes=0 cpu_s=12.750000
[2026-10-06T13:00:18Z] pr3528-H-vocab-random-label-de-200k-warm-base-r9 done
fatal: not a git repository (or any parent up to mount point /local)
Stopping at filesystem boundary (GIT_DISCOVERY_ACROSS_FILESYSTEM not set).
fatal: not a git repository (or any parent up to mount point /local)
Stopping at filesystem boundary (GIT_DISCOVERY_ACROSS_FILESYSTEM not set).
fatal: not a git repository (or any parent up to mount point /local)
Stopping at filesystem boundary (GIT_DISCOVERY_ACROSS_FILESYSTEM not set).
fatal: not a git repository (or any parent up to mount point /local)
Stopping at filesystem boundary (GIT_DISCOVERY_ACROSS_FILESYSTEM not set).
fatal: not a git repository (or any parent up to mount point /local)
Stopping at filesystem boundary (GIT_DISCOVERY_ACROSS_FILESYSTEM not set).
rep 1/1: complete export=s e2e=4.034675647s 19297737 bytes syscr=4651986 pread64=3605205 io_uring_enter=0 read_bytes=0 cpu_s=13.010000
[2026-10-06T13:01:08Z] pr3528-H-vocab-random-label-de-200k-warm-variant-r9 done
fatal: not a git repository (or any parent up to mount point /local)
Stopping at filesystem boundary (GIT_DISCOVERY_ACROSS_FILESYSTEM not set).
fatal: not a git repository (or any parent up to mount point /local)
Stopping at filesystem boundary (GIT_DISCOVERY_ACROSS_FILESYSTEM not set).
fatal: not a git repository (or any parent up to mount point /local)
Stopping at filesystem boundary (GIT_DISCOVERY_ACROSS_FILESYSTEM not set).
fatal: not a git repository (or any parent up to mount point /local)
Stopping at filesystem boundary (GIT_DISCOVERY_ACROSS_FILESYSTEM not set).
fatal: not a git repository (or any parent up to mount point /local)
Stopping at filesystem boundary (GIT_DISCOVERY_ACROSS_FILESYSTEM not set).
rep 1/1: complete export=s e2e=4.033862107s 19297737 bytes syscr=3605229 pread64=1805160 io_uring_enter=790728 read_bytes=0 cpu_s=13.040000
[2026-10-06T13:01:57Z] pr3528-H-vocab-random-label-de-200k-warm-variant2-r9 done
fatal: not a git repository (or any parent up to mount point /local)
Stopping at filesystem boundary (GIT_DISCOVERY_ACROSS_FILESYSTEM not set).
fatal: not a git repository (or any parent up to mount point /local)
Stopping at filesystem boundary (GIT_DISCOVERY_ACROSS_FILESYSTEM not set).
fatal: not a git repository (or any parent up to mount point /local)
Stopping at filesystem boundary (GIT_DISCOVERY_ACROSS_FILESYSTEM not set).
fatal: not a git repository (or any parent up to mount point /local)
Stopping at filesystem boundary (GIT_DISCOVERY_ACROSS_FILESYSTEM not set).
fatal: not a git repository (or any parent up to mount point /local)
Stopping at filesystem boundary (GIT_DISCOVERY_ACROSS_FILESYSTEM not set).
rep 1/1: complete export=s e2e=4.071848051s 19297737 bytes syscr=3605229 pread64=1805160 io_uring_enter=790728 read_bytes=0 cpu_s=13.200000
[2026-10-06T13:02:46Z] pr3528-H-vocab-random-label-de-200k-warm-variant2-r10 done
fatal: not a git repository (or any parent up to mount point /local)
Stopping at filesystem boundary (GIT_DISCOVERY_ACROSS_FILESYSTEM not set).
fatal: not a git repository (or any parent up to mount point /local)
Stopping at filesystem boundary (GIT_DISCOVERY_ACROSS_FILESYSTEM not set).
fatal: not a git repository (or any parent up to mount point /local)
Stopping at filesystem boundary (GIT_DISCOVERY_ACROSS_FILESYSTEM not set).
fatal: not a git repository (or any parent up to mount point /local)
Stopping at filesystem boundary (GIT_DISCOVERY_ACROSS_FILESYSTEM not set).
fatal: not a git repository (or any parent up to mount point /local)
Stopping at filesystem boundary (GIT_DISCOVERY_ACROSS_FILESYSTEM not set).
rep 1/1: complete export=s e2e=4.013465670s 19297737 bytes syscr=4651986 pread64=3605205 io_uring_enter=0 read_bytes=0 cpu_s=13.090000
[2026-10-06T13:03:35Z] pr3528-H-vocab-random-label-de-200k-warm-variant-r10 done
fatal: not a git repository (or any parent up to mount point /local)
Stopping at filesystem boundary (GIT_DISCOVERY_ACROSS_FILESYSTEM not set).
fatal: not a git repository (or any parent up to mount point /local)
Stopping at filesystem boundary (GIT_DISCOVERY_ACROSS_FILESYSTEM not set).
fatal: not a git repository (or any parent up to mount point /local)
Stopping at filesystem boundary (GIT_DISCOVERY_ACROSS_FILESYSTEM not set).
fatal: not a git repository (or any parent up to mount point /local)
Stopping at filesystem boundary (GIT_DISCOVERY_ACROSS_FILESYSTEM not set).
fatal: not a git repository (or any parent up to mount point /local)
Stopping at filesystem boundary (GIT_DISCOVERY_ACROSS_FILESYSTEM not set).
rep 1/1: complete export=s e2e=3.974042288s 19297737 bytes syscr=4662177 pread64=2333634 io_uring_enter=0 read_bytes=0 cpu_s=12.860000
[2026-10-06T13:04:40Z] pr3528-H-vocab-random-label-de-200k-warm-base-r10 done
Caches dropped successfully (synced, then wrote 1
 to /proc/sys/vm/drop_caches).
fatal: not a git repository (or any parent up to mount point /local)
Stopping at filesystem boundary (GIT_DISCOVERY_ACROSS_FILESYSTEM not set).
fatal: not a git repository (or any parent up to mount point /local)
Stopping at filesystem boundary (GIT_DISCOVERY_ACROSS_FILESYSTEM not set).
fatal: not a git repository (or any parent up to mount point /local)
Stopping at filesystem boundary (GIT_DISCOVERY_ACROSS_FILESYSTEM not set).
fatal: not a git repository (or any parent up to mount point /local)
Stopping at filesystem boundary (GIT_DISCOVERY_ACROSS_FILESYSTEM not set).
fatal: not a git repository (or any parent up to mount point /local)
Stopping at filesystem boundary (GIT_DISCOVERY_ACROSS_FILESYSTEM not set).
rep 1/1: complete export=s e2e=22.304685925s 1302749672 bytes syscr=9880 pread64=9815 io_uring_enter=0 read_bytes=512094208 cpu_s=31.890000
[2026-10-06T13:05:36Z] pr3528-H-vocab-label-large-cold-base-r1 done
Caches dropped successfully (synced, then wrote 1
 to /proc/sys/vm/drop_caches).
fatal: not a git repository (or any parent up to mount point /local)
Stopping at filesystem boundary (GIT_DISCOVERY_ACROSS_FILESYSTEM not set).
fatal: not a git repository (or any parent up to mount point /local)
Stopping at filesystem boundary (GIT_DISCOVERY_ACROSS_FILESYSTEM not set).
fatal: not a git repository (or any parent up to mount point /local)
Stopping at filesystem boundary (GIT_DISCOVERY_ACROSS_FILESYSTEM not set).
fatal: not a git repository (or any parent up to mount point /local)
Stopping at filesystem boundary (GIT_DISCOVERY_ACROSS_FILESYSTEM not set).
fatal: not a git repository (or any parent up to mount point /local)
Stopping at filesystem boundary (GIT_DISCOVERY_ACROSS_FILESYSTEM not set).
rep 1/1: complete export=s e2e=22.595662426s 1302749672 bytes syscr=9880 pread64=9836 io_uring_enter=0 read_bytes=512094208 cpu_s=32.350000
[2026-10-06T13:06:31Z] pr3528-H-vocab-label-large-cold-variant-r1 done
Caches dropped successfully (synced, then wrote 1
 to /proc/sys/vm/drop_caches).
fatal: not a git repository (or any parent up to mount point /local)
Stopping at filesystem boundary (GIT_DISCOVERY_ACROSS_FILESYSTEM not set).
fatal: not a git repository (or any parent up to mount point /local)
Stopping at filesystem boundary (GIT_DISCOVERY_ACROSS_FILESYSTEM not set).
fatal: not a git repository (or any parent up to mount point /local)
Stopping at filesystem boundary (GIT_DISCOVERY_ACROSS_FILESYSTEM not set).
fatal: not a git repository (or any parent up to mount point /local)
Stopping at filesystem boundary (GIT_DISCOVERY_ACROSS_FILESYSTEM not set).
fatal: not a git repository (or any parent up to mount point /local)
Stopping at filesystem boundary (GIT_DISCOVERY_ACROSS_FILESYSTEM not set).
rep 1/1: complete export=s e2e=22.633493726s 1302749672 bytes syscr=9880 pread64=9815 io_uring_enter=0 read_bytes=512094208 cpu_s=32.360000
[2026-10-06T13:07:26Z] pr3528-H-vocab-label-large-cold-variant2-r1 done
Caches dropped successfully (synced, then wrote 1
 to /proc/sys/vm/drop_caches).
fatal: not a git repository (or any parent up to mount point /local)
Stopping at filesystem boundary (GIT_DISCOVERY_ACROSS_FILESYSTEM not set).
fatal: not a git repository (or any parent up to mount point /local)
Stopping at filesystem boundary (GIT_DISCOVERY_ACROSS_FILESYSTEM not set).
fatal: not a git repository (or any parent up to mount point /local)
Stopping at filesystem boundary (GIT_DISCOVERY_ACROSS_FILESYSTEM not set).
fatal: not a git repository (or any parent up to mount point /local)
Stopping at filesystem boundary (GIT_DISCOVERY_ACROSS_FILESYSTEM not set).
fatal: not a git repository (or any parent up to mount point /local)
Stopping at filesystem boundary (GIT_DISCOVERY_ACROSS_FILESYSTEM not set).
rep 1/1: complete export=s e2e=22.357290392s 1302749672 bytes syscr=9880 pread64=9815 io_uring_enter=0 read_bytes=512094208 cpu_s=32.300000
[2026-10-06T13:08:21Z] pr3528-H-vocab-label-large-cold-variant2-r2 done
Caches dropped successfully (synced, then wrote 1
 to /proc/sys/vm/drop_caches).
fatal: not a git repository (or any parent up to mount point /local)
Stopping at filesystem boundary (GIT_DISCOVERY_ACROSS_FILESYSTEM not set).
fatal: not a git repository (or any parent up to mount point /local)
Stopping at filesystem boundary (GIT_DISCOVERY_ACROSS_FILESYSTEM not set).
fatal: not a git repository (or any parent up to mount point /local)
Stopping at filesystem boundary (GIT_DISCOVERY_ACROSS_FILESYSTEM not set).
fatal: not a git repository (or any parent up to mount point /local)
Stopping at filesystem boundary (GIT_DISCOVERY_ACROSS_FILESYSTEM not set).
fatal: not a git repository (or any parent up to mount point /local)
Stopping at filesystem boundary (GIT_DISCOVERY_ACROSS_FILESYSTEM not set).
rep 1/1: complete export=s e2e=22.363454904s 1302749672 bytes syscr=9880 pread64=9836 io_uring_enter=0 read_bytes=512094208 cpu_s=32.150000
[2026-10-06T13:09:16Z] pr3528-H-vocab-label-large-cold-variant-r2 done
Caches dropped successfully (synced, then wrote 1
 to /proc/sys/vm/drop_caches).
fatal: not a git repository (or any parent up to mount point /local)
Stopping at filesystem boundary (GIT_DISCOVERY_ACROSS_FILESYSTEM not set).
fatal: not a git repository (or any parent up to mount point /local)
Stopping at filesystem boundary (GIT_DISCOVERY_ACROSS_FILESYSTEM not set).
fatal: not a git repository (or any parent up to mount point /local)
Stopping at filesystem boundary (GIT_DISCOVERY_ACROSS_FILESYSTEM not set).
fatal: not a git repository (or any parent up to mount point /local)
Stopping at filesystem boundary (GIT_DISCOVERY_ACROSS_FILESYSTEM not set).
fatal: not a git repository (or any parent up to mount point /local)
Stopping at filesystem boundary (GIT_DISCOVERY_ACROSS_FILESYSTEM not set).
rep 1/1: complete export=s e2e=22.311894062s 1302749672 bytes syscr=9880 pread64=9815 io_uring_enter=0 read_bytes=512094208 cpu_s=32.040000
[2026-10-06T13:10:11Z] pr3528-H-vocab-label-large-cold-base-r2 done
Caches dropped successfully (synced, then wrote 1
 to /proc/sys/vm/drop_caches).
fatal: not a git repository (or any parent up to mount point /local)
Stopping at filesystem boundary (GIT_DISCOVERY_ACROSS_FILESYSTEM not set).
fatal: not a git repository (or any parent up to mount point /local)
Stopping at filesystem boundary (GIT_DISCOVERY_ACROSS_FILESYSTEM not set).
fatal: not a git repository (or any parent up to mount point /local)
Stopping at filesystem boundary (GIT_DISCOVERY_ACROSS_FILESYSTEM not set).
fatal: not a git repository (or any parent up to mount point /local)
Stopping at filesystem boundary (GIT_DISCOVERY_ACROSS_FILESYSTEM not set).
fatal: not a git repository (or any parent up to mount point /local)
Stopping at filesystem boundary (GIT_DISCOVERY_ACROSS_FILESYSTEM not set).
rep 1/1: complete export=s e2e=22.482036468s 1302749672 bytes syscr=9880 pread64=9815 io_uring_enter=0 read_bytes=512094208 cpu_s=32.220000
[2026-10-06T13:11:05Z] pr3528-H-vocab-label-large-cold-base-r3 done
Caches dropped successfully (synced, then wrote 1
 to /proc/sys/vm/drop_caches).
fatal: not a git repository (or any parent up to mount point /local)
Stopping at filesystem boundary (GIT_DISCOVERY_ACROSS_FILESYSTEM not set).
fatal: not a git repository (or any parent up to mount point /local)
Stopping at filesystem boundary (GIT_DISCOVERY_ACROSS_FILESYSTEM not set).
fatal: not a git repository (or any parent up to mount point /local)
Stopping at filesystem boundary (GIT_DISCOVERY_ACROSS_FILESYSTEM not set).
fatal: not a git repository (or any parent up to mount point /local)
Stopping at filesystem boundary (GIT_DISCOVERY_ACROSS_FILESYSTEM not set).
fatal: not a git repository (or any parent up to mount point /local)
Stopping at filesystem boundary (GIT_DISCOVERY_ACROSS_FILESYSTEM not set).
rep 1/1: complete export=s e2e=22.364071554s 1302749672 bytes syscr=9880 pread64=9836 io_uring_enter=0 read_bytes=512094208 cpu_s=32.320000
[2026-10-06T13:12:00Z] pr3528-H-vocab-label-large-cold-variant-r3 done
Caches dropped successfully (synced, then wrote 1
 to /proc/sys/vm/drop_caches).
fatal: not a git repository (or any parent up to mount point /local)
Stopping at filesystem boundary (GIT_DISCOVERY_ACROSS_FILESYSTEM not set).
fatal: not a git repository (or any parent up to mount point /local)
Stopping at filesystem boundary (GIT_DISCOVERY_ACROSS_FILESYSTEM not set).
fatal: not a git repository (or any parent up to mount point /local)
Stopping at filesystem boundary (GIT_DISCOVERY_ACROSS_FILESYSTEM not set).
fatal: not a git repository (or any parent up to mount point /local)
Stopping at filesystem boundary (GIT_DISCOVERY_ACROSS_FILESYSTEM not set).
fatal: not a git repository (or any parent up to mount point /local)
Stopping at filesystem boundary (GIT_DISCOVERY_ACROSS_FILESYSTEM not set).
rep 1/1: complete export=s e2e=22.568146642s 1302749672 bytes syscr=9880 pread64=9815 io_uring_enter=0 read_bytes=512094208 cpu_s=32.300000
[2026-10-06T13:12:55Z] pr3528-H-vocab-label-large-cold-variant2-r3 done
Caches dropped successfully (synced, then wrote 1
 to /proc/sys/vm/drop_caches).
fatal: not a git repository (or any parent up to mount point /local)
Stopping at filesystem boundary (GIT_DISCOVERY_ACROSS_FILESYSTEM not set).
fatal: not a git repository (or any parent up to mount point /local)
Stopping at filesystem boundary (GIT_DISCOVERY_ACROSS_FILESYSTEM not set).
fatal: not a git repository (or any parent up to mount point /local)
Stopping at filesystem boundary (GIT_DISCOVERY_ACROSS_FILESYSTEM not set).
fatal: not a git repository (or any parent up to mount point /local)
Stopping at filesystem boundary (GIT_DISCOVERY_ACROSS_FILESYSTEM not set).
fatal: not a git repository (or any parent up to mount point /local)
Stopping at filesystem boundary (GIT_DISCOVERY_ACROSS_FILESYSTEM not set).
rep 1/1: complete export=s e2e=32.024832811s 1302749672 bytes syscr=9900 pread64=9815 io_uring_enter=0 read_bytes=512094208 cpu_s=42.450000
[2026-10-06T13:14:03Z] pr3528-H-vocab-label-large-cold-variant2-r4 done
Caches dropped successfully (synced, then wrote 1
 to /proc/sys/vm/drop_caches).
fatal: not a git repository (or any parent up to mount point /local)
Stopping at filesystem boundary (GIT_DISCOVERY_ACROSS_FILESYSTEM not set).
fatal: not a git repository (or any parent up to mount point /local)
Stopping at filesystem boundary (GIT_DISCOVERY_ACROSS_FILESYSTEM not set).
fatal: not a git repository (or any parent up to mount point /local)
Stopping at filesystem boundary (GIT_DISCOVERY_ACROSS_FILESYSTEM not set).
fatal: not a git repository (or any parent up to mount point /local)
Stopping at filesystem boundary (GIT_DISCOVERY_ACROSS_FILESYSTEM not set).
fatal: not a git repository (or any parent up to mount point /local)
Stopping at filesystem boundary (GIT_DISCOVERY_ACROSS_FILESYSTEM not set).
rep 1/1: complete export=s e2e=26.560574490s 1302749672 bytes syscr=9888 pread64=9836 io_uring_enter=0 read_bytes=512229376 cpu_s=36.710000
[2026-10-06T13:15:03Z] pr3528-H-vocab-label-large-cold-variant-r4 done
Caches dropped successfully (synced, then wrote 1
 to /proc/sys/vm/drop_caches).
fatal: not a git repository (or any parent up to mount point /local)
Stopping at filesystem boundary (GIT_DISCOVERY_ACROSS_FILESYSTEM not set).
fatal: not a git repository (or any parent up to mount point /local)
Stopping at filesystem boundary (GIT_DISCOVERY_ACROSS_FILESYSTEM not set).
fatal: not a git repository (or any parent up to mount point /local)
Stopping at filesystem boundary (GIT_DISCOVERY_ACROSS_FILESYSTEM not set).
fatal: not a git repository (or any parent up to mount point /local)
Stopping at filesystem boundary (GIT_DISCOVERY_ACROSS_FILESYSTEM not set).
fatal: not a git repository (or any parent up to mount point /local)
Stopping at filesystem boundary (GIT_DISCOVERY_ACROSS_FILESYSTEM not set).
rep 1/1: complete export=s e2e=22.606866410s 1302749672 bytes syscr=9880 pread64=9815 io_uring_enter=0 read_bytes=512094208 cpu_s=32.330000
[2026-10-06T13:15:58Z] pr3528-H-vocab-label-large-cold-base-r4 done
Caches dropped successfully (synced, then wrote 1
 to /proc/sys/vm/drop_caches).
fatal: not a git repository (or any parent up to mount point /local)
Stopping at filesystem boundary (GIT_DISCOVERY_ACROSS_FILESYSTEM not set).
fatal: not a git repository (or any parent up to mount point /local)
Stopping at filesystem boundary (GIT_DISCOVERY_ACROSS_FILESYSTEM not set).
fatal: not a git repository (or any parent up to mount point /local)
Stopping at filesystem boundary (GIT_DISCOVERY_ACROSS_FILESYSTEM not set).
fatal: not a git repository (or any parent up to mount point /local)
Stopping at filesystem boundary (GIT_DISCOVERY_ACROSS_FILESYSTEM not set).
fatal: not a git repository (or any parent up to mount point /local)
Stopping at filesystem boundary (GIT_DISCOVERY_ACROSS_FILESYSTEM not set).
rep 1/1: complete export=s e2e=32.252711745s 1302749672 bytes syscr=9900 pread64=9815 io_uring_enter=0 read_bytes=512229376 cpu_s=42.610000
[2026-10-06T13:17:07Z] pr3528-H-vocab-label-large-cold-base-r5 done
Caches dropped successfully (synced, then wrote 1
 to /proc/sys/vm/drop_caches).
fatal: not a git repository (or any parent up to mount point /local)
Stopping at filesystem boundary (GIT_DISCOVERY_ACROSS_FILESYSTEM not set).
fatal: not a git repository (or any parent up to mount point /local)
Stopping at filesystem boundary (GIT_DISCOVERY_ACROSS_FILESYSTEM not set).
fatal: not a git repository (or any parent up to mount point /local)
Stopping at filesystem boundary (GIT_DISCOVERY_ACROSS_FILESYSTEM not set).
fatal: not a git repository (or any parent up to mount point /local)
Stopping at filesystem boundary (GIT_DISCOVERY_ACROSS_FILESYSTEM not set).
fatal: not a git repository (or any parent up to mount point /local)
Stopping at filesystem boundary (GIT_DISCOVERY_ACROSS_FILESYSTEM not set).
rep 1/1: complete export=s e2e=26.309386050s 1302749672 bytes syscr=9888 pread64=9836 io_uring_enter=0 read_bytes=512094208 cpu_s=36.500000
[2026-10-06T13:18:07Z] pr3528-H-vocab-label-large-cold-variant-r5 done
Caches dropped successfully (synced, then wrote 1
 to /proc/sys/vm/drop_caches).
fatal: not a git repository (or any parent up to mount point /local)
Stopping at filesystem boundary (GIT_DISCOVERY_ACROSS_FILESYSTEM not set).
fatal: not a git repository (or any parent up to mount point /local)
Stopping at filesystem boundary (GIT_DISCOVERY_ACROSS_FILESYSTEM not set).
fatal: not a git repository (or any parent up to mount point /local)
Stopping at filesystem boundary (GIT_DISCOVERY_ACROSS_FILESYSTEM not set).
fatal: not a git repository (or any parent up to mount point /local)
Stopping at filesystem boundary (GIT_DISCOVERY_ACROSS_FILESYSTEM not set).
fatal: not a git repository (or any parent up to mount point /local)
Stopping at filesystem boundary (GIT_DISCOVERY_ACROSS_FILESYSTEM not set).
rep 1/1: complete export=s e2e=23.700111941s 1302749672 bytes syscr=9884 pread64=9815 io_uring_enter=0 read_bytes=512094208 cpu_s=33.630000
[2026-10-06T13:19:03Z] pr3528-H-vocab-label-large-cold-variant2-r5 done
Caches dropped successfully (synced, then wrote 1
 to /proc/sys/vm/drop_caches).
fatal: not a git repository (or any parent up to mount point /local)
Stopping at filesystem boundary (GIT_DISCOVERY_ACROSS_FILESYSTEM not set).
fatal: not a git repository (or any parent up to mount point /local)
Stopping at filesystem boundary (GIT_DISCOVERY_ACROSS_FILESYSTEM not set).
fatal: not a git repository (or any parent up to mount point /local)
Stopping at filesystem boundary (GIT_DISCOVERY_ACROSS_FILESYSTEM not set).
fatal: not a git repository (or any parent up to mount point /local)
Stopping at filesystem boundary (GIT_DISCOVERY_ACROSS_FILESYSTEM not set).
fatal: not a git repository (or any parent up to mount point /local)
Stopping at filesystem boundary (GIT_DISCOVERY_ACROSS_FILESYSTEM not set).
rep 1/1: complete export=s e2e=32.776915988s 1302749672 bytes syscr=9904 pread64=9815 io_uring_enter=0 read_bytes=512229376 cpu_s=43.190000
[2026-10-06T13:20:12Z] pr3528-H-vocab-label-large-cold-variant2-r6 done
Caches dropped successfully (synced, then wrote 1
 to /proc/sys/vm/drop_caches).
fatal: not a git repository (or any parent up to mount point /local)
Stopping at filesystem boundary (GIT_DISCOVERY_ACROSS_FILESYSTEM not set).
fatal: not a git repository (or any parent up to mount point /local)
Stopping at filesystem boundary (GIT_DISCOVERY_ACROSS_FILESYSTEM not set).
fatal: not a git repository (or any parent up to mount point /local)
Stopping at filesystem boundary (GIT_DISCOVERY_ACROSS_FILESYSTEM not set).
fatal: not a git repository (or any parent up to mount point /local)
Stopping at filesystem boundary (GIT_DISCOVERY_ACROSS_FILESYSTEM not set).
fatal: not a git repository (or any parent up to mount point /local)
Stopping at filesystem boundary (GIT_DISCOVERY_ACROSS_FILESYSTEM not set).
rep 1/1: complete export=s e2e=27.050287853s 1302749672 bytes syscr=9888 pread64=9836 io_uring_enter=0 read_bytes=512094208 cpu_s=37.260000
[2026-10-06T13:21:13Z] pr3528-H-vocab-label-large-cold-variant-r6 done
Caches dropped successfully (synced, then wrote 1
 to /proc/sys/vm/drop_caches).
fatal: not a git repository (or any parent up to mount point /local)
Stopping at filesystem boundary (GIT_DISCOVERY_ACROSS_FILESYSTEM not set).
fatal: not a git repository (or any parent up to mount point /local)
Stopping at filesystem boundary (GIT_DISCOVERY_ACROSS_FILESYSTEM not set).
fatal: not a git repository (or any parent up to mount point /local)
Stopping at filesystem boundary (GIT_DISCOVERY_ACROSS_FILESYSTEM not set).
fatal: not a git repository (or any parent up to mount point /local)
Stopping at filesystem boundary (GIT_DISCOVERY_ACROSS_FILESYSTEM not set).
fatal: not a git repository (or any parent up to mount point /local)
Stopping at filesystem boundary (GIT_DISCOVERY_ACROSS_FILESYSTEM not set).
rep 1/1: complete export=s e2e=24.904509922s 1302749672 bytes syscr=9888 pread64=9815 io_uring_enter=0 read_bytes=512094208 cpu_s=34.990000
[2026-10-06T13:22:13Z] pr3528-H-vocab-label-large-cold-base-r6 done
Caches dropped successfully (synced, then wrote 1
 to /proc/sys/vm/drop_caches).
fatal: not a git repository (or any parent up to mount point /local)
Stopping at filesystem boundary (GIT_DISCOVERY_ACROSS_FILESYSTEM not set).
fatal: not a git repository (or any parent up to mount point /local)
Stopping at filesystem boundary (GIT_DISCOVERY_ACROSS_FILESYSTEM not set).
fatal: not a git repository (or any parent up to mount point /local)
Stopping at filesystem boundary (GIT_DISCOVERY_ACROSS_FILESYSTEM not set).
fatal: not a git repository (or any parent up to mount point /local)
Stopping at filesystem boundary (GIT_DISCOVERY_ACROSS_FILESYSTEM not set).
fatal: not a git repository (or any parent up to mount point /local)
Stopping at filesystem boundary (GIT_DISCOVERY_ACROSS_FILESYSTEM not set).
rep 1/1: complete export=s e2e=39.600983397s 1302749672 bytes syscr=9916 pread64=9815 io_uring_enter=0 read_bytes=512094208 cpu_s=50.930000
[2026-10-06T13:23:34Z] pr3528-H-vocab-label-large-cold-base-r7 done
Caches dropped successfully (synced, then wrote 1
 to /proc/sys/vm/drop_caches).
fatal: not a git repository (or any parent up to mount point /local)
Stopping at filesystem boundary (GIT_DISCOVERY_ACROSS_FILESYSTEM not set).
fatal: not a git repository (or any parent up to mount point /local)
Stopping at filesystem boundary (GIT_DISCOVERY_ACROSS_FILESYSTEM not set).
fatal: not a git repository (or any parent up to mount point /local)
Stopping at filesystem boundary (GIT_DISCOVERY_ACROSS_FILESYSTEM not set).
fatal: not a git repository (or any parent up to mount point /local)
Stopping at filesystem boundary (GIT_DISCOVERY_ACROSS_FILESYSTEM not set).
fatal: not a git repository (or any parent up to mount point /local)
Stopping at filesystem boundary (GIT_DISCOVERY_ACROSS_FILESYSTEM not set).
rep 1/1: complete export=s e2e=40.318914994s 1302749672 bytes syscr=9916 pread64=9836 io_uring_enter=0 read_bytes=513310720 cpu_s=51.790000
[2026-10-06T13:24:56Z] pr3528-H-vocab-label-large-cold-variant-r7 done
Caches dropped successfully (synced, then wrote 1
 to /proc/sys/vm/drop_caches).
fatal: not a git repository (or any parent up to mount point /local)
Stopping at filesystem boundary (GIT_DISCOVERY_ACROSS_FILESYSTEM not set).
fatal: not a git repository (or any parent up to mount point /local)
Stopping at filesystem boundary (GIT_DISCOVERY_ACROSS_FILESYSTEM not set).
fatal: not a git repository (or any parent up to mount point /local)
Stopping at filesystem boundary (GIT_DISCOVERY_ACROSS_FILESYSTEM not set).
fatal: not a git repository (or any parent up to mount point /local)
Stopping at filesystem boundary (GIT_DISCOVERY_ACROSS_FILESYSTEM not set).
fatal: not a git repository (or any parent up to mount point /local)
Stopping at filesystem boundary (GIT_DISCOVERY_ACROSS_FILESYSTEM not set).
rep 1/1: complete export=s e2e=40.564484808s 1302749672 bytes syscr=9920 pread64=9815 io_uring_enter=0 read_bytes=512094208 cpu_s=52.080000
[2026-10-06T13:26:19Z] pr3528-H-vocab-label-large-cold-variant2-r7 done
Caches dropped successfully (synced, then wrote 1
 to /proc/sys/vm/drop_caches).
fatal: not a git repository (or any parent up to mount point /local)
Stopping at filesystem boundary (GIT_DISCOVERY_ACROSS_FILESYSTEM not set).
fatal: not a git repository (or any parent up to mount point /local)
Stopping at filesystem boundary (GIT_DISCOVERY_ACROSS_FILESYSTEM not set).
fatal: not a git repository (or any parent up to mount point /local)
Stopping at filesystem boundary (GIT_DISCOVERY_ACROSS_FILESYSTEM not set).
fatal: not a git repository (or any parent up to mount point /local)
Stopping at filesystem boundary (GIT_DISCOVERY_ACROSS_FILESYSTEM not set).
fatal: not a git repository (or any parent up to mount point /local)
Stopping at filesystem boundary (GIT_DISCOVERY_ACROSS_FILESYSTEM not set).
rep 1/1: complete export=s e2e=40.969691966s 1302749672 bytes syscr=9920 pread64=9815 io_uring_enter=0 read_bytes=512094208 cpu_s=52.130000
[2026-10-06T13:27:42Z] pr3528-H-vocab-label-large-cold-variant2-r8 done
Caches dropped successfully (synced, then wrote 1
 to /proc/sys/vm/drop_caches).
fatal: not a git repository (or any parent up to mount point /local)
Stopping at filesystem boundary (GIT_DISCOVERY_ACROSS_FILESYSTEM not set).
fatal: not a git repository (or any parent up to mount point /local)
Stopping at filesystem boundary (GIT_DISCOVERY_ACROSS_FILESYSTEM not set).
fatal: not a git repository (or any parent up to mount point /local)
Stopping at filesystem boundary (GIT_DISCOVERY_ACROSS_FILESYSTEM not set).
fatal: not a git repository (or any parent up to mount point /local)
Stopping at filesystem boundary (GIT_DISCOVERY_ACROSS_FILESYSTEM not set).
fatal: not a git repository (or any parent up to mount point /local)
Stopping at filesystem boundary (GIT_DISCOVERY_ACROSS_FILESYSTEM not set).
rep 1/1: complete export=s e2e=40.451213947s 1302749672 bytes syscr=9916 pread64=9836 io_uring_enter=0 read_bytes=512094208 cpu_s=51.960000
[2026-10-06T13:29:05Z] pr3528-H-vocab-label-large-cold-variant-r8 done
Caches dropped successfully (synced, then wrote 1
 to /proc/sys/vm/drop_caches).
fatal: not a git repository (or any parent up to mount point /local)
Stopping at filesystem boundary (GIT_DISCOVERY_ACROSS_FILESYSTEM not set).
fatal: not a git repository (or any parent up to mount point /local)
Stopping at filesystem boundary (GIT_DISCOVERY_ACROSS_FILESYSTEM not set).
fatal: not a git repository (or any parent up to mount point /local)
Stopping at filesystem boundary (GIT_DISCOVERY_ACROSS_FILESYSTEM not set).
fatal: not a git repository (or any parent up to mount point /local)
Stopping at filesystem boundary (GIT_DISCOVERY_ACROSS_FILESYSTEM not set).
fatal: not a git repository (or any parent up to mount point /local)
Stopping at filesystem boundary (GIT_DISCOVERY_ACROSS_FILESYSTEM not set).
rep 1/1: complete export=s e2e=39.396377624s 1302749672 bytes syscr=9916 pread64=9815 io_uring_enter=0 read_bytes=512094208 cpu_s=50.700000
[2026-10-06T13:30:26Z] pr3528-H-vocab-label-large-cold-base-r8 done
Caches dropped successfully (synced, then wrote 1
 to /proc/sys/vm/drop_caches).
fatal: not a git repository (or any parent up to mount point /local)
Stopping at filesystem boundary (GIT_DISCOVERY_ACROSS_FILESYSTEM not set).
fatal: not a git repository (or any parent up to mount point /local)
Stopping at filesystem boundary (GIT_DISCOVERY_ACROSS_FILESYSTEM not set).
fatal: not a git repository (or any parent up to mount point /local)
Stopping at filesystem boundary (GIT_DISCOVERY_ACROSS_FILESYSTEM not set).
fatal: not a git repository (or any parent up to mount point /local)
Stopping at filesystem boundary (GIT_DISCOVERY_ACROSS_FILESYSTEM not set).
fatal: not a git repository (or any parent up to mount point /local)
Stopping at filesystem boundary (GIT_DISCOVERY_ACROSS_FILESYSTEM not set).
rep 1/1: complete export=s e2e=39.250956828s 1302749672 bytes syscr=9916 pread64=9815 io_uring_enter=0 read_bytes=512094208 cpu_s=50.550000
[2026-10-06T13:31:47Z] pr3528-H-vocab-label-large-cold-base-r9 done
Caches dropped successfully (synced, then wrote 1
 to /proc/sys/vm/drop_caches).
fatal: not a git repository (or any parent up to mount point /local)
Stopping at filesystem boundary (GIT_DISCOVERY_ACROSS_FILESYSTEM not set).
fatal: not a git repository (or any parent up to mount point /local)
Stopping at filesystem boundary (GIT_DISCOVERY_ACROSS_FILESYSTEM not set).
fatal: not a git repository (or any parent up to mount point /local)
Stopping at filesystem boundary (GIT_DISCOVERY_ACROSS_FILESYSTEM not set).
fatal: not a git repository (or any parent up to mount point /local)
Stopping at filesystem boundary (GIT_DISCOVERY_ACROSS_FILESYSTEM not set).
fatal: not a git repository (or any parent up to mount point /local)
Stopping at filesystem boundary (GIT_DISCOVERY_ACROSS_FILESYSTEM not set).
rep 1/1: complete export=s e2e=39.775838064s 1302749672 bytes syscr=9916 pread64=9836 io_uring_enter=0 read_bytes=512094208 cpu_s=51.400000
[2026-10-06T13:33:09Z] pr3528-H-vocab-label-large-cold-variant-r9 done
Caches dropped successfully (synced, then wrote 1
 to /proc/sys/vm/drop_caches).
fatal: not a git repository (or any parent up to mount point /local)
Stopping at filesystem boundary (GIT_DISCOVERY_ACROSS_FILESYSTEM not set).
fatal: not a git repository (or any parent up to mount point /local)
Stopping at filesystem boundary (GIT_DISCOVERY_ACROSS_FILESYSTEM not set).
fatal: not a git repository (or any parent up to mount point /local)
Stopping at filesystem boundary (GIT_DISCOVERY_ACROSS_FILESYSTEM not set).
fatal: not a git repository (or any parent up to mount point /local)
Stopping at filesystem boundary (GIT_DISCOVERY_ACROSS_FILESYSTEM not set).
fatal: not a git repository (or any parent up to mount point /local)
Stopping at filesystem boundary (GIT_DISCOVERY_ACROSS_FILESYSTEM not set).
rep 1/1: complete export=s e2e=39.555879960s 1302749672 bytes syscr=9916 pread64=9815 io_uring_enter=0 read_bytes=512094208 cpu_s=50.970000
[2026-10-06T13:34:30Z] pr3528-H-vocab-label-large-cold-variant2-r9 done
Caches dropped successfully (synced, then wrote 1
 to /proc/sys/vm/drop_caches).
fatal: not a git repository (or any parent up to mount point /local)
Stopping at filesystem boundary (GIT_DISCOVERY_ACROSS_FILESYSTEM not set).
fatal: not a git repository (or any parent up to mount point /local)
Stopping at filesystem boundary (GIT_DISCOVERY_ACROSS_FILESYSTEM not set).
fatal: not a git repository (or any parent up to mount point /local)
Stopping at filesystem boundary (GIT_DISCOVERY_ACROSS_FILESYSTEM not set).
fatal: not a git repository (or any parent up to mount point /local)
Stopping at filesystem boundary (GIT_DISCOVERY_ACROSS_FILESYSTEM not set).
fatal: not a git repository (or any parent up to mount point /local)
Stopping at filesystem boundary (GIT_DISCOVERY_ACROSS_FILESYSTEM not set).
rep 1/1: complete export=s e2e=40.335180126s 1302749672 bytes syscr=9916 pread64=9815 io_uring_enter=0 read_bytes=513306624 cpu_s=51.660000
[2026-10-06T13:35:52Z] pr3528-H-vocab-label-large-cold-variant2-r10 done
Caches dropped successfully (synced, then wrote 1
 to /proc/sys/vm/drop_caches).
fatal: not a git repository (or any parent up to mount point /local)
Stopping at filesystem boundary (GIT_DISCOVERY_ACROSS_FILESYSTEM not set).
fatal: not a git repository (or any parent up to mount point /local)
Stopping at filesystem boundary (GIT_DISCOVERY_ACROSS_FILESYSTEM not set).
fatal: not a git repository (or any parent up to mount point /local)
Stopping at filesystem boundary (GIT_DISCOVERY_ACROSS_FILESYSTEM not set).
fatal: not a git repository (or any parent up to mount point /local)
Stopping at filesystem boundary (GIT_DISCOVERY_ACROSS_FILESYSTEM not set).
fatal: not a git repository (or any parent up to mount point /local)
Stopping at filesystem boundary (GIT_DISCOVERY_ACROSS_FILESYSTEM not set).
rep 1/1: complete export=s e2e=40.791101504s 1302749672 bytes syscr=9920 pread64=9836 io_uring_enter=0 read_bytes=513310720 cpu_s=52.270000
[2026-10-06T13:37:16Z] pr3528-H-vocab-label-large-cold-variant-r10 done
Caches dropped successfully (synced, then wrote 1
 to /proc/sys/vm/drop_caches).
fatal: not a git repository (or any parent up to mount point /local)
Stopping at filesystem boundary (GIT_DISCOVERY_ACROSS_FILESYSTEM not set).
fatal: not a git repository (or any parent up to mount point /local)
Stopping at filesystem boundary (GIT_DISCOVERY_ACROSS_FILESYSTEM not set).
fatal: not a git repository (or any parent up to mount point /local)
Stopping at filesystem boundary (GIT_DISCOVERY_ACROSS_FILESYSTEM not set).
fatal: not a git repository (or any parent up to mount point /local)
Stopping at filesystem boundary (GIT_DISCOVERY_ACROSS_FILESYSTEM not set).
fatal: not a git repository (or any parent up to mount point /local)
Stopping at filesystem boundary (GIT_DISCOVERY_ACROSS_FILESYSTEM not set).
rep 1/1: complete export=s e2e=40.312909287s 1302749672 bytes syscr=9916 pread64=9815 io_uring_enter=0 read_bytes=512094208 cpu_s=51.590000
[2026-10-06T13:38:39Z] pr3528-H-vocab-label-large-cold-base-r10 done
fatal: not a git repository (or any parent up to mount point /local)
Stopping at filesystem boundary (GIT_DISCOVERY_ACROSS_FILESYSTEM not set).
fatal: not a git repository (or any parent up to mount point /local)
Stopping at filesystem boundary (GIT_DISCOVERY_ACROSS_FILESYSTEM not set).
fatal: not a git repository (or any parent up to mount point /local)
Stopping at filesystem boundary (GIT_DISCOVERY_ACROSS_FILESYSTEM not set).
fatal: not a git repository (or any parent up to mount point /local)
Stopping at filesystem boundary (GIT_DISCOVERY_ACROSS_FILESYSTEM not set).
fatal: not a git repository (or any parent up to mount point /local)
Stopping at filesystem boundary (GIT_DISCOVERY_ACROSS_FILESYSTEM not set).
rep 1/1: complete export=s e2e=40.047752537s 1302749672 bytes syscr=9916 pread64=9815 io_uring_enter=0 read_bytes=0 cpu_s=51.300000
[2026-10-06T13:40:38Z] pr3528-H-vocab-label-large-warm-base-r1 done
fatal: not a git repository (or any parent up to mount point /local)
Stopping at filesystem boundary (GIT_DISCOVERY_ACROSS_FILESYSTEM not set).
fatal: not a git repository (or any parent up to mount point /local)
Stopping at filesystem boundary (GIT_DISCOVERY_ACROSS_FILESYSTEM not set).
fatal: not a git repository (or any parent up to mount point /local)
Stopping at filesystem boundary (GIT_DISCOVERY_ACROSS_FILESYSTEM not set).
fatal: not a git repository (or any parent up to mount point /local)
Stopping at filesystem boundary (GIT_DISCOVERY_ACROSS_FILESYSTEM not set).
fatal: not a git repository (or any parent up to mount point /local)
Stopping at filesystem boundary (GIT_DISCOVERY_ACROSS_FILESYSTEM not set).
rep 1/1: complete export=s e2e=42.933150408s 1302749672 bytes syscr=9920 pread64=9836 io_uring_enter=0 read_bytes=0 cpu_s=53.940000
[2026-10-06T13:42:43Z] pr3528-H-vocab-label-large-warm-variant-r1 done
fatal: not a git repository (or any parent up to mount point /local)
Stopping at filesystem boundary (GIT_DISCOVERY_ACROSS_FILESYSTEM not set).
fatal: not a git repository (or any parent up to mount point /local)
Stopping at filesystem boundary (GIT_DISCOVERY_ACROSS_FILESYSTEM not set).
fatal: not a git repository (or any parent up to mount point /local)
Stopping at filesystem boundary (GIT_DISCOVERY_ACROSS_FILESYSTEM not set).
fatal: not a git repository (or any parent up to mount point /local)
Stopping at filesystem boundary (GIT_DISCOVERY_ACROSS_FILESYSTEM not set).
fatal: not a git repository (or any parent up to mount point /local)
Stopping at filesystem boundary (GIT_DISCOVERY_ACROSS_FILESYSTEM not set).
rep 1/1: complete export=s e2e=46.807281988s 1302749672 bytes syscr=9928 pread64=9815 io_uring_enter=0 read_bytes=0 cpu_s=56.740000
[2026-10-06T13:44:56Z] pr3528-H-vocab-label-large-warm-variant2-r1 done
fatal: not a git repository (or any parent up to mount point /local)
Stopping at filesystem boundary (GIT_DISCOVERY_ACROSS_FILESYSTEM not set).
fatal: not a git repository (or any parent up to mount point /local)
Stopping at filesystem boundary (GIT_DISCOVERY_ACROSS_FILESYSTEM not set).
fatal: not a git repository (or any parent up to mount point /local)
Stopping at filesystem boundary (GIT_DISCOVERY_ACROSS_FILESYSTEM not set).
fatal: not a git repository (or any parent up to mount point /local)
Stopping at filesystem boundary (GIT_DISCOVERY_ACROSS_FILESYSTEM not set).
fatal: not a git repository (or any parent up to mount point /local)
Stopping at filesystem boundary (GIT_DISCOVERY_ACROSS_FILESYSTEM not set).
rep 1/1: complete export=s e2e=36.650553516s 1302749672 bytes syscr=9908 pread64=9815 io_uring_enter=0 read_bytes=0 cpu_s=47.320000
[2026-10-06T13:46:51Z] pr3528-H-vocab-label-large-warm-variant2-r2 done
fatal: not a git repository (or any parent up to mount point /local)
Stopping at filesystem boundary (GIT_DISCOVERY_ACROSS_FILESYSTEM not set).
fatal: not a git repository (or any parent up to mount point /local)
Stopping at filesystem boundary (GIT_DISCOVERY_ACROSS_FILESYSTEM not set).
fatal: not a git repository (or any parent up to mount point /local)
Stopping at filesystem boundary (GIT_DISCOVERY_ACROSS_FILESYSTEM not set).
fatal: not a git repository (or any parent up to mount point /local)
Stopping at filesystem boundary (GIT_DISCOVERY_ACROSS_FILESYSTEM not set).
fatal: not a git repository (or any parent up to mount point /local)
Stopping at filesystem boundary (GIT_DISCOVERY_ACROSS_FILESYSTEM not set).
rep 1/1: complete export=s e2e=34.840130735s 1302749672 bytes syscr=9904 pread64=9836 io_uring_enter=0 read_bytes=0 cpu_s=45.260000
[2026-10-06T13:48:37Z] pr3528-H-vocab-label-large-warm-variant-r2 done
fatal: not a git repository (or any parent up to mount point /local)
Stopping at filesystem boundary (GIT_DISCOVERY_ACROSS_FILESYSTEM not set).
fatal: not a git repository (or any parent up to mount point /local)
Stopping at filesystem boundary (GIT_DISCOVERY_ACROSS_FILESYSTEM not set).
fatal: not a git repository (or any parent up to mount point /local)
Stopping at filesystem boundary (GIT_DISCOVERY_ACROSS_FILESYSTEM not set).
fatal: not a git repository (or any parent up to mount point /local)
Stopping at filesystem boundary (GIT_DISCOVERY_ACROSS_FILESYSTEM not set).
fatal: not a git repository (or any parent up to mount point /local)
Stopping at filesystem boundary (GIT_DISCOVERY_ACROSS_FILESYSTEM not set).
rep 1/1: complete export=s e2e=30.587025209s 1302749672 bytes syscr=9896 pread64=9815 io_uring_enter=0 read_bytes=0 cpu_s=40.410000
[2026-10-06T13:50:15Z] pr3528-H-vocab-label-large-warm-base-r2 done
fatal: not a git repository (or any parent up to mount point /local)
Stopping at filesystem boundary (GIT_DISCOVERY_ACROSS_FILESYSTEM not set).
fatal: not a git repository (or any parent up to mount point /local)
Stopping at filesystem boundary (GIT_DISCOVERY_ACROSS_FILESYSTEM not set).
fatal: not a git repository (or any parent up to mount point /local)
Stopping at filesystem boundary (GIT_DISCOVERY_ACROSS_FILESYSTEM not set).
fatal: not a git repository (or any parent up to mount point /local)
Stopping at filesystem boundary (GIT_DISCOVERY_ACROSS_FILESYSTEM not set).
fatal: not a git repository (or any parent up to mount point /local)
Stopping at filesystem boundary (GIT_DISCOVERY_ACROSS_FILESYSTEM not set).
rep 1/1: complete export=s e2e=28.171904168s 1302749672 bytes syscr=9892 pread64=9815 io_uring_enter=0 read_bytes=0 cpu_s=37.910000
[2026-10-06T13:51:46Z] pr3528-H-vocab-label-large-warm-base-r3 done
fatal: not a git repository (or any parent up to mount point /local)
Stopping at filesystem boundary (GIT_DISCOVERY_ACROSS_FILESYSTEM not set).
fatal: not a git repository (or any parent up to mount point /local)
Stopping at filesystem boundary (GIT_DISCOVERY_ACROSS_FILESYSTEM not set).
fatal: not a git repository (or any parent up to mount point /local)
Stopping at filesystem boundary (GIT_DISCOVERY_ACROSS_FILESYSTEM not set).
fatal: not a git repository (or any parent up to mount point /local)
Stopping at filesystem boundary (GIT_DISCOVERY_ACROSS_FILESYSTEM not set).
fatal: not a git repository (or any parent up to mount point /local)
Stopping at filesystem boundary (GIT_DISCOVERY_ACROSS_FILESYSTEM not set).
rep 1/1: complete export=s e2e=39.063603423s 1302749672 bytes syscr=9912 pread64=9836 io_uring_enter=0 read_bytes=0 cpu_s=50.960000
[2026-10-06T13:53:24Z] pr3528-H-vocab-label-large-warm-variant-r3 done
fatal: not a git repository (or any parent up to mount point /local)
Stopping at filesystem boundary (GIT_DISCOVERY_ACROSS_FILESYSTEM not set).
fatal: not a git repository (or any parent up to mount point /local)
Stopping at filesystem boundary (GIT_DISCOVERY_ACROSS_FILESYSTEM not set).
fatal: not a git repository (or any parent up to mount point /local)
Stopping at filesystem boundary (GIT_DISCOVERY_ACROSS_FILESYSTEM not set).
fatal: not a git repository (or any parent up to mount point /local)
Stopping at filesystem boundary (GIT_DISCOVERY_ACROSS_FILESYSTEM not set).
fatal: not a git repository (or any parent up to mount point /local)
Stopping at filesystem boundary (GIT_DISCOVERY_ACROSS_FILESYSTEM not set).
rep 1/1: complete export=s e2e=39.380470044s 1302749672 bytes syscr=9912 pread64=9815 io_uring_enter=0 read_bytes=0 cpu_s=51.000000
[2026-10-06T13:55:25Z] pr3528-H-vocab-label-large-warm-variant2-r3 done
fatal: not a git repository (or any parent up to mount point /local)
Stopping at filesystem boundary (GIT_DISCOVERY_ACROSS_FILESYSTEM not set).
fatal: not a git repository (or any parent up to mount point /local)
Stopping at filesystem boundary (GIT_DISCOVERY_ACROSS_FILESYSTEM not set).
fatal: not a git repository (or any parent up to mount point /local)
Stopping at filesystem boundary (GIT_DISCOVERY_ACROSS_FILESYSTEM not set).
fatal: not a git repository (or any parent up to mount point /local)
Stopping at filesystem boundary (GIT_DISCOVERY_ACROSS_FILESYSTEM not set).
fatal: not a git repository (or any parent up to mount point /local)
Stopping at filesystem boundary (GIT_DISCOVERY_ACROSS_FILESYSTEM not set).
rep 1/1: complete export=s e2e=40.264909840s 1302749672 bytes syscr=9916 pread64=9815 io_uring_enter=0 read_bytes=0 cpu_s=51.700000
[2026-10-06T13:57:26Z] pr3528-H-vocab-label-large-warm-variant2-r4 done
fatal: not a git repository (or any parent up to mount point /local)
Stopping at filesystem boundary (GIT_DISCOVERY_ACROSS_FILESYSTEM not set).
fatal: not a git repository (or any parent up to mount point /local)
Stopping at filesystem boundary (GIT_DISCOVERY_ACROSS_FILESYSTEM not set).
fatal: not a git repository (or any parent up to mount point /local)
Stopping at filesystem boundary (GIT_DISCOVERY_ACROSS_FILESYSTEM not set).
fatal: not a git repository (or any parent up to mount point /local)
Stopping at filesystem boundary (GIT_DISCOVERY_ACROSS_FILESYSTEM not set).
fatal: not a git repository (or any parent up to mount point /local)
Stopping at filesystem boundary (GIT_DISCOVERY_ACROSS_FILESYSTEM not set).
rep 1/1: complete export=s e2e=39.913472154s 1302749672 bytes syscr=9916 pread64=9836 io_uring_enter=0 read_bytes=0 cpu_s=51.430000
[2026-10-06T13:59:27Z] pr3528-H-vocab-label-large-warm-variant-r4 done
fatal: not a git repository (or any parent up to mount point /local)
Stopping at filesystem boundary (GIT_DISCOVERY_ACROSS_FILESYSTEM not set).
fatal: not a git repository (or any parent up to mount point /local)
Stopping at filesystem boundary (GIT_DISCOVERY_ACROSS_FILESYSTEM not set).
fatal: not a git repository (or any parent up to mount point /local)
Stopping at filesystem boundary (GIT_DISCOVERY_ACROSS_FILESYSTEM not set).
fatal: not a git repository (or any parent up to mount point /local)
Stopping at filesystem boundary (GIT_DISCOVERY_ACROSS_FILESYSTEM not set).
fatal: not a git repository (or any parent up to mount point /local)
Stopping at filesystem boundary (GIT_DISCOVERY_ACROSS_FILESYSTEM not set).
rep 1/1: complete export=s e2e=28.646982339s 1302749672 bytes syscr=9892 pread64=9815 io_uring_enter=0 read_bytes=0 cpu_s=38.680000
[2026-10-06T14:01:03Z] pr3528-H-vocab-label-large-warm-base-r4 done
fatal: not a git repository (or any parent up to mount point /local)
Stopping at filesystem boundary (GIT_DISCOVERY_ACROSS_FILESYSTEM not set).
fatal: not a git repository (or any parent up to mount point /local)
Stopping at filesystem boundary (GIT_DISCOVERY_ACROSS_FILESYSTEM not set).
fatal: not a git repository (or any parent up to mount point /local)
Stopping at filesystem boundary (GIT_DISCOVERY_ACROSS_FILESYSTEM not set).
fatal: not a git repository (or any parent up to mount point /local)
Stopping at filesystem boundary (GIT_DISCOVERY_ACROSS_FILESYSTEM not set).
fatal: not a git repository (or any parent up to mount point /local)
Stopping at filesystem boundary (GIT_DISCOVERY_ACROSS_FILESYSTEM not set).
rep 1/1: complete export=s e2e=22.583861215s 1302749672 bytes syscr=9880 pread64=9815 io_uring_enter=0 read_bytes=0 cpu_s=32.420000
[2026-10-06T14:02:19Z] pr3528-H-vocab-label-large-warm-base-r5 done
fatal: not a git repository (or any parent up to mount point /local)
Stopping at filesystem boundary (GIT_DISCOVERY_ACROSS_FILESYSTEM not set).
fatal: not a git repository (or any parent up to mount point /local)
Stopping at filesystem boundary (GIT_DISCOVERY_ACROSS_FILESYSTEM not set).
fatal: not a git repository (or any parent up to mount point /local)
Stopping at filesystem boundary (GIT_DISCOVERY_ACROSS_FILESYSTEM not set).
fatal: not a git repository (or any parent up to mount point /local)
Stopping at filesystem boundary (GIT_DISCOVERY_ACROSS_FILESYSTEM not set).
fatal: not a git repository (or any parent up to mount point /local)
Stopping at filesystem boundary (GIT_DISCOVERY_ACROSS_FILESYSTEM not set).
rep 1/1: complete export=s e2e=28.568596125s 1302749672 bytes syscr=9892 pread64=9836 io_uring_enter=0 read_bytes=0 cpu_s=38.700000
[2026-10-06T14:03:54Z] pr3528-H-vocab-label-large-warm-variant-r5 done
fatal: not a git repository (or any parent up to mount point /local)
Stopping at filesystem boundary (GIT_DISCOVERY_ACROSS_FILESYSTEM not set).
fatal: not a git repository (or any parent up to mount point /local)
Stopping at filesystem boundary (GIT_DISCOVERY_ACROSS_FILESYSTEM not set).
fatal: not a git repository (or any parent up to mount point /local)
Stopping at filesystem boundary (GIT_DISCOVERY_ACROSS_FILESYSTEM not set).
fatal: not a git repository (or any parent up to mount point /local)
Stopping at filesystem boundary (GIT_DISCOVERY_ACROSS_FILESYSTEM not set).
fatal: not a git repository (or any parent up to mount point /local)
Stopping at filesystem boundary (GIT_DISCOVERY_ACROSS_FILESYSTEM not set).
rep 1/1: complete export=s e2e=22.863310601s 1302749672 bytes syscr=9880 pread64=9815 io_uring_enter=0 read_bytes=0 cpu_s=32.910000
[2026-10-06T14:05:13Z] pr3528-H-vocab-label-large-warm-variant2-r5 done
fatal: not a git repository (or any parent up to mount point /local)
Stopping at filesystem boundary (GIT_DISCOVERY_ACROSS_FILESYSTEM not set).
fatal: not a git repository (or any parent up to mount point /local)
Stopping at filesystem boundary (GIT_DISCOVERY_ACROSS_FILESYSTEM not set).
fatal: not a git repository (or any parent up to mount point /local)
Stopping at filesystem boundary (GIT_DISCOVERY_ACROSS_FILESYSTEM not set).
fatal: not a git repository (or any parent up to mount point /local)
Stopping at filesystem boundary (GIT_DISCOVERY_ACROSS_FILESYSTEM not set).
fatal: not a git repository (or any parent up to mount point /local)
Stopping at filesystem boundary (GIT_DISCOVERY_ACROSS_FILESYSTEM not set).
rep 1/1: complete export=s e2e=29.796925459s 1302749672 bytes syscr=9896 pread64=9815 io_uring_enter=0 read_bytes=0 cpu_s=39.730000
[2026-10-06T14:06:50Z] pr3528-H-vocab-label-large-warm-variant2-r6 done
fatal: not a git repository (or any parent up to mount point /local)
Stopping at filesystem boundary (GIT_DISCOVERY_ACROSS_FILESYSTEM not set).
fatal: not a git repository (or any parent up to mount point /local)
Stopping at filesystem boundary (GIT_DISCOVERY_ACROSS_FILESYSTEM not set).
fatal: not a git repository (or any parent up to mount point /local)
Stopping at filesystem boundary (GIT_DISCOVERY_ACROSS_FILESYSTEM not set).
fatal: not a git repository (or any parent up to mount point /local)
Stopping at filesystem boundary (GIT_DISCOVERY_ACROSS_FILESYSTEM not set).
fatal: not a git repository (or any parent up to mount point /local)
Stopping at filesystem boundary (GIT_DISCOVERY_ACROSS_FILESYSTEM not set).
rep 1/1: complete export=s e2e=26.180664022s 1302749672 bytes syscr=9888 pread64=9836 io_uring_enter=0 read_bytes=0 cpu_s=36.670000
[2026-10-06T14:08:16Z] pr3528-H-vocab-label-large-warm-variant-r6 done
fatal: not a git repository (or any parent up to mount point /local)
Stopping at filesystem boundary (GIT_DISCOVERY_ACROSS_FILESYSTEM not set).
fatal: not a git repository (or any parent up to mount point /local)
Stopping at filesystem boundary (GIT_DISCOVERY_ACROSS_FILESYSTEM not set).
fatal: not a git repository (or any parent up to mount point /local)
Stopping at filesystem boundary (GIT_DISCOVERY_ACROSS_FILESYSTEM not set).
fatal: not a git repository (or any parent up to mount point /local)
Stopping at filesystem boundary (GIT_DISCOVERY_ACROSS_FILESYSTEM not set).
fatal: not a git repository (or any parent up to mount point /local)
Stopping at filesystem boundary (GIT_DISCOVERY_ACROSS_FILESYSTEM not set).
rep 1/1: complete export=s e2e=39.821475700s 1302749672 bytes syscr=9916 pread64=9815 io_uring_enter=0 read_bytes=0 cpu_s=51.240000
[2026-10-06T14:10:16Z] pr3528-H-vocab-label-large-warm-base-r6 done
fatal: not a git repository (or any parent up to mount point /local)
Stopping at filesystem boundary (GIT_DISCOVERY_ACROSS_FILESYSTEM not set).
fatal: not a git repository (or any parent up to mount point /local)
Stopping at filesystem boundary (GIT_DISCOVERY_ACROSS_FILESYSTEM not set).
fatal: not a git repository (or any parent up to mount point /local)
Stopping at filesystem boundary (GIT_DISCOVERY_ACROSS_FILESYSTEM not set).
fatal: not a git repository (or any parent up to mount point /local)
Stopping at filesystem boundary (GIT_DISCOVERY_ACROSS_FILESYSTEM not set).
fatal: not a git repository (or any parent up to mount point /local)
Stopping at filesystem boundary (GIT_DISCOVERY_ACROSS_FILESYSTEM not set).
rep 1/1: complete export=s e2e=40.294873341s 1302749672 bytes syscr=9916 pread64=9815 io_uring_enter=0 read_bytes=0 cpu_s=51.510000
[2026-10-06T14:12:18Z] pr3528-H-vocab-label-large-warm-base-r7 done
fatal: not a git repository (or any parent up to mount point /local)
Stopping at filesystem boundary (GIT_DISCOVERY_ACROSS_FILESYSTEM not set).
fatal: not a git repository (or any parent up to mount point /local)
Stopping at filesystem boundary (GIT_DISCOVERY_ACROSS_FILESYSTEM not set).
fatal: not a git repository (or any parent up to mount point /local)
Stopping at filesystem boundary (GIT_DISCOVERY_ACROSS_FILESYSTEM not set).
fatal: not a git repository (or any parent up to mount point /local)
Stopping at filesystem boundary (GIT_DISCOVERY_ACROSS_FILESYSTEM not set).
fatal: not a git repository (or any parent up to mount point /local)
Stopping at filesystem boundary (GIT_DISCOVERY_ACROSS_FILESYSTEM not set).
rep 1/1: complete export=s e2e=41.191360256s 1302749672 bytes syscr=9920 pread64=9836 io_uring_enter=0 read_bytes=0 cpu_s=52.570000
[2026-10-06T14:14:22Z] pr3528-H-vocab-label-large-warm-variant-r7 done
fatal: not a git repository (or any parent up to mount point /local)
Stopping at filesystem boundary (GIT_DISCOVERY_ACROSS_FILESYSTEM not set).
fatal: not a git repository (or any parent up to mount point /local)
Stopping at filesystem boundary (GIT_DISCOVERY_ACROSS_FILESYSTEM not set).
fatal: not a git repository (or any parent up to mount point /local)
Stopping at filesystem boundary (GIT_DISCOVERY_ACROSS_FILESYSTEM not set).
fatal: not a git repository (or any parent up to mount point /local)
Stopping at filesystem boundary (GIT_DISCOVERY_ACROSS_FILESYSTEM not set).
fatal: not a git repository (or any parent up to mount point /local)
Stopping at filesystem boundary (GIT_DISCOVERY_ACROSS_FILESYSTEM not set).
rep 1/1: complete export=s e2e=42.901309271s 1302749672 bytes syscr=9924 pread64=9815 io_uring_enter=0 read_bytes=0 cpu_s=52.470000
[2026-10-06T14:16:29Z] pr3528-H-vocab-label-large-warm-variant2-r7 done
fatal: not a git repository (or any parent up to mount point /local)
Stopping at filesystem boundary (GIT_DISCOVERY_ACROSS_FILESYSTEM not set).
fatal: not a git repository (or any parent up to mount point /local)
Stopping at filesystem boundary (GIT_DISCOVERY_ACROSS_FILESYSTEM not set).
fatal: not a git repository (or any parent up to mount point /local)
Stopping at filesystem boundary (GIT_DISCOVERY_ACROSS_FILESYSTEM not set).
fatal: not a git repository (or any parent up to mount point /local)
Stopping at filesystem boundary (GIT_DISCOVERY_ACROSS_FILESYSTEM not set).
fatal: not a git repository (or any parent up to mount point /local)
Stopping at filesystem boundary (GIT_DISCOVERY_ACROSS_FILESYSTEM not set).
rep 1/1: complete export=s e2e=55.575612056s 1302749672 bytes syscr=9944 pread64=9815 io_uring_enter=0 read_bytes=0 cpu_s=57.240000
[2026-10-06T14:18:55Z] pr3528-H-vocab-label-large-warm-variant2-r8 done
fatal: not a git repository (or any parent up to mount point /local)
Stopping at filesystem boundary (GIT_DISCOVERY_ACROSS_FILESYSTEM not set).
fatal: not a git repository (or any parent up to mount point /local)
Stopping at filesystem boundary (GIT_DISCOVERY_ACROSS_FILESYSTEM not set).
fatal: not a git repository (or any parent up to mount point /local)
Stopping at filesystem boundary (GIT_DISCOVERY_ACROSS_FILESYSTEM not set).
fatal: not a git repository (or any parent up to mount point /local)
Stopping at filesystem boundary (GIT_DISCOVERY_ACROSS_FILESYSTEM not set).
fatal: not a git repository (or any parent up to mount point /local)
Stopping at filesystem boundary (GIT_DISCOVERY_ACROSS_FILESYSTEM not set).
rep 1/1: complete export=s e2e=36.653564556s 1302749672 bytes syscr=9908 pread64=9836 io_uring_enter=0 read_bytes=0 cpu_s=47.630000
[2026-10-06T14:20:56Z] pr3528-H-vocab-label-large-warm-variant-r8 done
fatal: not a git repository (or any parent up to mount point /local)
Stopping at filesystem boundary (GIT_DISCOVERY_ACROSS_FILESYSTEM not set).
fatal: not a git repository (or any parent up to mount point /local)
Stopping at filesystem boundary (GIT_DISCOVERY_ACROSS_FILESYSTEM not set).
fatal: not a git repository (or any parent up to mount point /local)
Stopping at filesystem boundary (GIT_DISCOVERY_ACROSS_FILESYSTEM not set).
fatal: not a git repository (or any parent up to mount point /local)
Stopping at filesystem boundary (GIT_DISCOVERY_ACROSS_FILESYSTEM not set).
fatal: not a git repository (or any parent up to mount point /local)
Stopping at filesystem boundary (GIT_DISCOVERY_ACROSS_FILESYSTEM not set).
rep 1/1: complete export=s e2e=39.461321756s 1302749672 bytes syscr=9916 pread64=9815 io_uring_enter=0 read_bytes=0 cpu_s=50.780000
[2026-10-06T14:22:56Z] pr3528-H-vocab-label-large-warm-base-r8 done
fatal: not a git repository (or any parent up to mount point /local)
Stopping at filesystem boundary (GIT_DISCOVERY_ACROSS_FILESYSTEM not set).
fatal: not a git repository (or any parent up to mount point /local)
Stopping at filesystem boundary (GIT_DISCOVERY_ACROSS_FILESYSTEM not set).
fatal: not a git repository (or any parent up to mount point /local)
Stopping at filesystem boundary (GIT_DISCOVERY_ACROSS_FILESYSTEM not set).
fatal: not a git repository (or any parent up to mount point /local)
Stopping at filesystem boundary (GIT_DISCOVERY_ACROSS_FILESYSTEM not set).
fatal: not a git repository (or any parent up to mount point /local)
Stopping at filesystem boundary (GIT_DISCOVERY_ACROSS_FILESYSTEM not set).
rep 1/1: complete export=s e2e=39.653063594s 1302749672 bytes syscr=9916 pread64=9815 io_uring_enter=0 read_bytes=0 cpu_s=50.970000
[2026-10-06T14:24:57Z] pr3528-H-vocab-label-large-warm-base-r9 done
fatal: not a git repository (or any parent up to mount point /local)
Stopping at filesystem boundary (GIT_DISCOVERY_ACROSS_FILESYSTEM not set).
fatal: not a git repository (or any parent up to mount point /local)
Stopping at filesystem boundary (GIT_DISCOVERY_ACROSS_FILESYSTEM not set).
fatal: not a git repository (or any parent up to mount point /local)
Stopping at filesystem boundary (GIT_DISCOVERY_ACROSS_FILESYSTEM not set).
fatal: not a git repository (or any parent up to mount point /local)
Stopping at filesystem boundary (GIT_DISCOVERY_ACROSS_FILESYSTEM not set).
fatal: not a git repository (or any parent up to mount point /local)
Stopping at filesystem boundary (GIT_DISCOVERY_ACROSS_FILESYSTEM not set).
rep 1/1: complete export=s e2e=40.277710838s 1302749672 bytes syscr=9916 pread64=9836 io_uring_enter=0 read_bytes=0 cpu_s=51.640000
[2026-10-06T14:26:59Z] pr3528-H-vocab-label-large-warm-variant-r9 done
fatal: not a git repository (or any parent up to mount point /local)
Stopping at filesystem boundary (GIT_DISCOVERY_ACROSS_FILESYSTEM not set).
fatal: not a git repository (or any parent up to mount point /local)
Stopping at filesystem boundary (GIT_DISCOVERY_ACROSS_FILESYSTEM not set).
fatal: not a git repository (or any parent up to mount point /local)
Stopping at filesystem boundary (GIT_DISCOVERY_ACROSS_FILESYSTEM not set).
fatal: not a git repository (or any parent up to mount point /local)
Stopping at filesystem boundary (GIT_DISCOVERY_ACROSS_FILESYSTEM not set).
fatal: not a git repository (or any parent up to mount point /local)
Stopping at filesystem boundary (GIT_DISCOVERY_ACROSS_FILESYSTEM not set).
rep 1/1: complete export=s e2e=41.775633831s 1302749672 bytes syscr=9920 pread64=9815 io_uring_enter=0 read_bytes=0 cpu_s=53.060000
[2026-10-06T14:29:04Z] pr3528-H-vocab-label-large-warm-variant2-r9 done
fatal: not a git repository (or any parent up to mount point /local)
Stopping at filesystem boundary (GIT_DISCOVERY_ACROSS_FILESYSTEM not set).
fatal: not a git repository (or any parent up to mount point /local)
Stopping at filesystem boundary (GIT_DISCOVERY_ACROSS_FILESYSTEM not set).
fatal: not a git repository (or any parent up to mount point /local)
Stopping at filesystem boundary (GIT_DISCOVERY_ACROSS_FILESYSTEM not set).
fatal: not a git repository (or any parent up to mount point /local)
Stopping at filesystem boundary (GIT_DISCOVERY_ACROSS_FILESYSTEM not set).
fatal: not a git repository (or any parent up to mount point /local)
Stopping at filesystem boundary (GIT_DISCOVERY_ACROSS_FILESYSTEM not set).
rep 1/1: complete export=s e2e=48.201285288s 1302749672 bytes syscr=9932 pread64=9815 io_uring_enter=0 read_bytes=4096 cpu_s=56.960000
[2026-10-06T14:31:35Z] pr3528-H-vocab-label-large-warm-variant2-r10 done
fatal: not a git repository (or any parent up to mount point /local)
Stopping at filesystem boundary (GIT_DISCOVERY_ACROSS_FILESYSTEM not set).
fatal: not a git repository (or any parent up to mount point /local)
Stopping at filesystem boundary (GIT_DISCOVERY_ACROSS_FILESYSTEM not set).
fatal: not a git repository (or any parent up to mount point /local)
Stopping at filesystem boundary (GIT_DISCOVERY_ACROSS_FILESYSTEM not set).
fatal: not a git repository (or any parent up to mount point /local)
Stopping at filesystem boundary (GIT_DISCOVERY_ACROSS_FILESYSTEM not set).
fatal: not a git repository (or any parent up to mount point /local)
Stopping at filesystem boundary (GIT_DISCOVERY_ACROSS_FILESYSTEM not set).
rep 1/1: complete export=s e2e=38.453360951s 1302749672 bytes syscr=9912 pread64=9836 io_uring_enter=0 read_bytes=0 cpu_s=49.580000
[2026-10-06T14:33:34Z] pr3528-H-vocab-label-large-warm-variant-r10 done
fatal: not a git repository (or any parent up to mount point /local)
Stopping at filesystem boundary (GIT_DISCOVERY_ACROSS_FILESYSTEM not set).
fatal: not a git repository (or any parent up to mount point /local)
Stopping at filesystem boundary (GIT_DISCOVERY_ACROSS_FILESYSTEM not set).
fatal: not a git repository (or any parent up to mount point /local)
Stopping at filesystem boundary (GIT_DISCOVERY_ACROSS_FILESYSTEM not set).
fatal: not a git repository (or any parent up to mount point /local)
Stopping at filesystem boundary (GIT_DISCOVERY_ACROSS_FILESYSTEM not set).
fatal: not a git repository (or any parent up to mount point /local)
Stopping at filesystem boundary (GIT_DISCOVERY_ACROSS_FILESYSTEM not set).
rep 1/1: complete export=s e2e=44.081953172s 1302749672 bytes syscr=9924 pread64=9815 io_uring_enter=0 read_bytes=320655360 cpu_s=53.700000
[2026-10-06T14:35:49Z] pr3528-H-vocab-label-large-warm-base-r10 done
# Three-arm run: one base run, two comparisons

## base vs variant (p10-final-fastpath)
## PR #3528 A/B on wikidata (turtle_export)

- Base: `a752a45716c20e19467508f62801d64f36c0a60a` p6-before-pread; server args: `(none)`
- Variant: `4dd60f853612dacc4405c713638b1726c6382877` p10-final-fastpath; server args: `(none)`
- Binaries: three binaries; host `ural` (ural layout)
- Server query threads (`--num-simultaneous-queries`): 1
- Reps: 10 per arm, query and scenario; arms interleaved per rep, order alternating (odd reps base first, even reps variant first); cold reps run after `clear-caches`.
- Noise rule: within noise when |delta| < 1% or the min..max ranges overlap.

### Timing (elapsed_s, end to end)

| query | scenario | arm | n | median | min | max | delta vs base | verdict | correctness |
|---|---|---|---|---|---|---|---|---|---|
| H-vocab-label-large-de | cold | p6-before-pread | 10 | 88.6664 | 66.0708 | 93.6780 |  |  |  |
| H-vocab-label-large-de | cold | p10-final-fastpath | 10 | 33.8301 | 24.5538 | 34.5437 | -61.85% | variant faster | identical bytes |
| H-vocab-label-large-de | warm | p6-before-pread | 10 | 24.4296 | 15.8950 | 24.8646 |  |  |  |
| H-vocab-label-large-de | warm | p10-final-fastpath | 10 | 23.4583 | 15.5763 | 24.1575 | -3.98% | within noise | identical bytes |
| H-vocab-random-label-de-200k | cold | p6-before-pread | 10 | 39.3190 | 27.5501 | 40.8224 |  |  |  |
| H-vocab-random-label-de-200k | cold | p10-final-fastpath | 10 | 14.2116 | 11.0292 | 14.6214 | -63.86% | variant faster | identical bytes |
| H-vocab-random-label-de-200k | warm | p6-before-pread | 10 | 3.9314 | 3.8471 | 5.4190 |  |  |  |
| H-vocab-random-label-de-200k | warm | p10-final-fastpath | 10 | 3.9811 | 3.9164 | 5.5213 | +1.26% | within noise | identical bytes |
| H-vocab-label-large | cold | p6-before-pread | 10 | 28.5786 | 22.3047 | 40.3129 |  |  |  |
| H-vocab-label-large | cold | p10-final-fastpath | 10 | 26.8054 | 22.3635 | 40.7911 | -6.20% | within noise | identical bytes |
| H-vocab-label-large | warm | p6-before-pread | 10 | 39.5572 | 22.5839 | 44.0820 |  |  |  |
| H-vocab-label-large | warm | p10-final-fastpath | 10 | 38.7585 | 26.1807 | 42.9332 | -2.02% | within noise | identical bytes |

### Verdict

- H-vocab-label-large-de cold: variant faster (-61.85%); correctness: identical bytes
- H-vocab-label-large-de warm: within noise (-3.98%); correctness: identical bytes
- H-vocab-random-label-de-200k cold: variant faster (-63.86%); correctness: identical bytes
- H-vocab-random-label-de-200k warm: within noise (+1.26%); correctness: identical bytes
- H-vocab-label-large cold: within noise (-6.20%); correctness: identical bytes
- H-vocab-label-large warm: within noise (-2.02%); correctness: identical bytes

### Gates

- `gate-postflight-cold.log`: == POSTFLIGHT: PASS ==
- `gate-postflight-warm.log`: == POSTFLIGHT: PASS ==
- `gate-preflight-base.log`: == PREFLIGHT: PASS ==
- `gate-preflight-variant.log`: == PREFLIGHT: PASS ==
- `gate-preflight-variant2.log`: == PREFLIGHT: PASS ==
- `gate-verify-base.log`: VERDICT: PASS — binary is trustworthy for benchmarking
- `gate-verify-variant.log`: VERDICT: PASS — binary is trustworthy for benchmarking
- `gate-verify-variant2.log`: VERDICT: PASS — binary is trustworthy for benchmarking

### Problems

None: every rep complete, non-empty and correct.

Artifacts: `results.csv` (all reps), `<scenario>/<query>/<arm>/raw/` (harness output per rep), `correctness.tsv`, `build-env.txt`, `env-before.txt`, `env-after.txt`, `gate-*.log`, `driver.log`.

## base vs variant2 (p7-ring-only)
## PR #3528 A/B on wikidata (turtle_export)

- Base: `a752a45716c20e19467508f62801d64f36c0a60a` p6-before-pread; server args: `(none)`
- Variant: `60f854f42e2af6984924a2b5f692e6b8b407310c` p7-ring-only; server args: `(none)`
- Binaries: three binaries; host `ural` (ural layout)
- Server query threads (`--num-simultaneous-queries`): 1
- Reps: 10 per arm, query and scenario; arms interleaved per rep, order alternating (odd reps base first, even reps variant first); cold reps run after `clear-caches`.
- Noise rule: within noise when |delta| < 1% or the min..max ranges overlap.

### Timing (elapsed_s, end to end)

| query | scenario | arm | n | median | min | max | delta vs base | verdict | correctness |
|---|---|---|---|---|---|---|---|---|---|
| H-vocab-label-large-de | cold | p6-before-pread | 10 | 88.6664 | 66.0708 | 93.6780 |  |  |  |
| H-vocab-label-large-de | cold | p7-ring-only | 10 | 39.1691 | 35.6265 | 39.7366 | -55.82% | variant faster | identical bytes |
| H-vocab-label-large-de | warm | p6-before-pread | 10 | 24.4296 | 15.8950 | 24.8646 |  |  |  |
| H-vocab-label-large-de | warm | p7-ring-only | 10 | 27.2261 | 20.8102 | 28.8043 | +11.45% | within noise | identical bytes |
| H-vocab-random-label-de-200k | cold | p6-before-pread | 10 | 39.3190 | 27.5501 | 40.8224 |  |  |  |
| H-vocab-random-label-de-200k | cold | p7-ring-only | 10 | 14.2901 | 11.4409 | 14.5286 | -63.66% | variant faster | identical bytes |
| H-vocab-random-label-de-200k | warm | p6-before-pread | 10 | 3.9314 | 3.8471 | 5.4190 |  |  |  |
| H-vocab-random-label-de-200k | warm | p7-ring-only | 10 | 4.0826 | 4.0183 | 4.8784 | +3.85% | within noise | identical bytes |
| H-vocab-label-large | cold | p6-before-pread | 10 | 28.5786 | 22.3047 | 40.3129 |  |  |  |
| H-vocab-label-large | cold | p7-ring-only | 10 | 32.4009 | 22.3573 | 40.9697 | +13.37% | within noise | identical bytes |
| H-vocab-label-large | warm | p6-before-pread | 10 | 39.5572 | 22.5839 | 44.0820 |  |  |  |
| H-vocab-label-large | warm | p7-ring-only | 10 | 41.0203 | 22.8633 | 55.5756 | +3.70% | within noise | identical bytes |

### Verdict

- H-vocab-label-large-de cold: variant faster (-55.82%); correctness: identical bytes
- H-vocab-label-large-de warm: within noise (+11.45%); correctness: identical bytes
- H-vocab-random-label-de-200k cold: variant faster (-63.66%); correctness: identical bytes
- H-vocab-random-label-de-200k warm: within noise (+3.85%); correctness: identical bytes
- H-vocab-label-large cold: within noise (+13.37%); correctness: identical bytes
- H-vocab-label-large warm: within noise (+3.70%); correctness: identical bytes

### Gates

- `gate-postflight-cold.log`: == POSTFLIGHT: PASS ==
- `gate-postflight-warm.log`: == POSTFLIGHT: PASS ==
- `gate-preflight-base.log`: == PREFLIGHT: PASS ==
- `gate-preflight-variant.log`: == PREFLIGHT: PASS ==
- `gate-preflight-variant2.log`: == PREFLIGHT: PASS ==
- `gate-verify-base.log`: VERDICT: PASS — binary is trustworthy for benchmarking
- `gate-verify-variant.log`: VERDICT: PASS — binary is trustworthy for benchmarking
- `gate-verify-variant2.log`: VERDICT: PASS — binary is trustworthy for benchmarking

### Problems

None: every rep complete, non-empty and correct.

Artifacts: `results.csv` (all reps), `<scenario>/<query>/<arm>/raw/` (harness output per rep), `correctness.tsv`, `build-env.txt`, `env-before.txt`, `env-after.txt`, `gate-*.log`, `driver.log`.
[2026-10-06T14:36:35Z] finished rc=0 run=/local/data-ssd/stoetzem/thesis/experiments/runs/colloquium-final-p6-p7-p10-wikidata
