[2026-10-05T23:23:42Z] PR #161 wikidata turtle_export queries=H-vocab-random-label-de-400k H-vocab-random-label-de-200k H-vocab-label-large-de scenarios=cold,warm reps=10 mode=two binaries layout=ural
[2026-10-05T23:23:42Z] base:    /local/data-ssd/stoetzem/thesis/experiments/runs/colloquium-wave-reap-p8/timing/bin/qlever-server-base (51269ab4bf895211983287d1086c0a700ea43c86) args='' form=''
[2026-10-05T23:23:42Z] variant: /local/data-ssd/stoetzem/thesis/experiments/runs/colloquium-wave-reap-p8/timing/bin/qlever-server-variant (49487dc53051e2aa3657beeafdce58d1f275434b) args='' form=''
Caches dropped successfully (synced, then wrote 1
 to /proc/sys/vm/drop_caches).
fatal: not a git repository (or any parent up to mount point /local)
Stopping at filesystem boundary (GIT_DISCOVERY_ACROSS_FILESYSTEM not set).
fatal: not a git repository (or any parent up to mount point /local)
Stopping at filesystem boundary (GIT_DISCOVERY_ACROSS_FILESYSTEM not set).
fatal: not a git repository (or any parent up to mount point /local)
Stopping at filesystem boundary (GIT_DISCOVERY_ACROSS_FILESYSTEM not set).
fatal: not a git repository (or any parent up to mount point /local)
Stopping at filesystem boundary (GIT_DISCOVERY_ACROSS_FILESYSTEM not set).
fatal: not a git repository (or any parent up to mount point /local)
Stopping at filesystem boundary (GIT_DISCOVERY_ACROSS_FILESYSTEM not set).
rep 1/1: complete export=s e2e=23.082174910s 37499770 bytes syscr=3079226 pread64=2401735 io_uring_enter=287228 read_bytes=4160208896 cpu_s=18.970000
[2026-10-05T23:24:43Z] pr161-H-vocab-random-label-de-400k-cold-base-r1 done
Caches dropped successfully (synced, then wrote 1
 to /proc/sys/vm/drop_caches).
fatal: not a git repository (or any parent up to mount point /local)
Stopping at filesystem boundary (GIT_DISCOVERY_ACROSS_FILESYSTEM not set).
fatal: not a git repository (or any parent up to mount point /local)
Stopping at filesystem boundary (GIT_DISCOVERY_ACROSS_FILESYSTEM not set).
fatal: not a git repository (or any parent up to mount point /local)
Stopping at filesystem boundary (GIT_DISCOVERY_ACROSS_FILESYSTEM not set).
fatal: not a git repository (or any parent up to mount point /local)
Stopping at filesystem boundary (GIT_DISCOVERY_ACROSS_FILESYSTEM not set).
fatal: not a git repository (or any parent up to mount point /local)
Stopping at filesystem boundary (GIT_DISCOVERY_ACROSS_FILESYSTEM not set).
rep 1/1: complete export=s e2e=22.995586430s 37499770 bytes syscr=3079226 pread64=2401735 io_uring_enter=6392 read_bytes=4160040960 cpu_s=18.900000
[2026-10-05T23:25:42Z] pr161-H-vocab-random-label-de-400k-cold-variant-r1 done
Caches dropped successfully (synced, then wrote 1
 to /proc/sys/vm/drop_caches).
fatal: not a git repository (or any parent up to mount point /local)
Stopping at filesystem boundary (GIT_DISCOVERY_ACROSS_FILESYSTEM not set).
fatal: not a git repository (or any parent up to mount point /local)
Stopping at filesystem boundary (GIT_DISCOVERY_ACROSS_FILESYSTEM not set).
fatal: not a git repository (or any parent up to mount point /local)
Stopping at filesystem boundary (GIT_DISCOVERY_ACROSS_FILESYSTEM not set).
fatal: not a git repository (or any parent up to mount point /local)
Stopping at filesystem boundary (GIT_DISCOVERY_ACROSS_FILESYSTEM not set).
fatal: not a git repository (or any parent up to mount point /local)
Stopping at filesystem boundary (GIT_DISCOVERY_ACROSS_FILESYSTEM not set).
rep 1/1: complete export=s e2e=22.906695312s 37499770 bytes syscr=3079226 pread64=2401735 io_uring_enter=6391 read_bytes=4160073728 cpu_s=18.750000
[2026-10-05T23:26:42Z] pr161-H-vocab-random-label-de-400k-cold-variant-r2 done
Caches dropped successfully (synced, then wrote 1
 to /proc/sys/vm/drop_caches).
fatal: not a git repository (or any parent up to mount point /local)
Stopping at filesystem boundary (GIT_DISCOVERY_ACROSS_FILESYSTEM not set).
fatal: not a git repository (or any parent up to mount point /local)
Stopping at filesystem boundary (GIT_DISCOVERY_ACROSS_FILESYSTEM not set).
fatal: not a git repository (or any parent up to mount point /local)
Stopping at filesystem boundary (GIT_DISCOVERY_ACROSS_FILESYSTEM not set).
fatal: not a git repository (or any parent up to mount point /local)
Stopping at filesystem boundary (GIT_DISCOVERY_ACROSS_FILESYSTEM not set).
fatal: not a git repository (or any parent up to mount point /local)
Stopping at filesystem boundary (GIT_DISCOVERY_ACROSS_FILESYSTEM not set).
rep 1/1: complete export=s e2e=22.958368623s 37499770 bytes syscr=3079226 pread64=2401735 io_uring_enter=287336 read_bytes=4160073728 cpu_s=18.760000
[2026-10-05T23:27:41Z] pr161-H-vocab-random-label-de-400k-cold-base-r2 done
Caches dropped successfully (synced, then wrote 1
 to /proc/sys/vm/drop_caches).
fatal: not a git repository (or any parent up to mount point /local)
Stopping at filesystem boundary (GIT_DISCOVERY_ACROSS_FILESYSTEM not set).
fatal: not a git repository (or any parent up to mount point /local)
Stopping at filesystem boundary (GIT_DISCOVERY_ACROSS_FILESYSTEM not set).
fatal: not a git repository (or any parent up to mount point /local)
Stopping at filesystem boundary (GIT_DISCOVERY_ACROSS_FILESYSTEM not set).
fatal: not a git repository (or any parent up to mount point /local)
Stopping at filesystem boundary (GIT_DISCOVERY_ACROSS_FILESYSTEM not set).
fatal: not a git repository (or any parent up to mount point /local)
Stopping at filesystem boundary (GIT_DISCOVERY_ACROSS_FILESYSTEM not set).
rep 1/1: complete export=s e2e=23.054804830s 37499770 bytes syscr=3079226 pread64=2401735 io_uring_enter=287445 read_bytes=4160040960 cpu_s=18.790000
[2026-10-05T23:28:40Z] pr161-H-vocab-random-label-de-400k-cold-base-r3 done
Caches dropped successfully (synced, then wrote 1
 to /proc/sys/vm/drop_caches).
fatal: not a git repository (or any parent up to mount point /local)
Stopping at filesystem boundary (GIT_DISCOVERY_ACROSS_FILESYSTEM not set).
fatal: not a git repository (or any parent up to mount point /local)
Stopping at filesystem boundary (GIT_DISCOVERY_ACROSS_FILESYSTEM not set).
fatal: not a git repository (or any parent up to mount point /local)
Stopping at filesystem boundary (GIT_DISCOVERY_ACROSS_FILESYSTEM not set).
fatal: not a git repository (or any parent up to mount point /local)
Stopping at filesystem boundary (GIT_DISCOVERY_ACROSS_FILESYSTEM not set).
fatal: not a git repository (or any parent up to mount point /local)
Stopping at filesystem boundary (GIT_DISCOVERY_ACROSS_FILESYSTEM not set).
rep 1/1: complete export=s e2e=22.842230458s 37499770 bytes syscr=3079226 pread64=2401735 io_uring_enter=6388 read_bytes=4160073728 cpu_s=18.600000
[2026-10-05T23:29:39Z] pr161-H-vocab-random-label-de-400k-cold-variant-r3 done
Caches dropped successfully (synced, then wrote 1
 to /proc/sys/vm/drop_caches).
fatal: not a git repository (or any parent up to mount point /local)
Stopping at filesystem boundary (GIT_DISCOVERY_ACROSS_FILESYSTEM not set).
fatal: not a git repository (or any parent up to mount point /local)
Stopping at filesystem boundary (GIT_DISCOVERY_ACROSS_FILESYSTEM not set).
fatal: not a git repository (or any parent up to mount point /local)
Stopping at filesystem boundary (GIT_DISCOVERY_ACROSS_FILESYSTEM not set).
fatal: not a git repository (or any parent up to mount point /local)
Stopping at filesystem boundary (GIT_DISCOVERY_ACROSS_FILESYSTEM not set).
fatal: not a git repository (or any parent up to mount point /local)
Stopping at filesystem boundary (GIT_DISCOVERY_ACROSS_FILESYSTEM not set).
rep 1/1: complete export=s e2e=22.891969749s 37499770 bytes syscr=3079226 pread64=2401735 io_uring_enter=6401 read_bytes=4161650688 cpu_s=18.710000
[2026-10-05T23:30:39Z] pr161-H-vocab-random-label-de-400k-cold-variant-r4 done
Caches dropped successfully (synced, then wrote 1
 to /proc/sys/vm/drop_caches).
fatal: not a git repository (or any parent up to mount point /local)
Stopping at filesystem boundary (GIT_DISCOVERY_ACROSS_FILESYSTEM not set).
fatal: not a git repository (or any parent up to mount point /local)
Stopping at filesystem boundary (GIT_DISCOVERY_ACROSS_FILESYSTEM not set).
fatal: not a git repository (or any parent up to mount point /local)
Stopping at filesystem boundary (GIT_DISCOVERY_ACROSS_FILESYSTEM not set).
fatal: not a git repository (or any parent up to mount point /local)
Stopping at filesystem boundary (GIT_DISCOVERY_ACROSS_FILESYSTEM not set).
fatal: not a git repository (or any parent up to mount point /local)
Stopping at filesystem boundary (GIT_DISCOVERY_ACROSS_FILESYSTEM not set).
rep 1/1: complete export=s e2e=23.114107693s 37499770 bytes syscr=3079226 pread64=2401735 io_uring_enter=287315 read_bytes=4160040960 cpu_s=18.960000
[2026-10-05T23:31:40Z] pr161-H-vocab-random-label-de-400k-cold-base-r4 done
Caches dropped successfully (synced, then wrote 1
 to /proc/sys/vm/drop_caches).
fatal: not a git repository (or any parent up to mount point /local)
Stopping at filesystem boundary (GIT_DISCOVERY_ACROSS_FILESYSTEM not set).
fatal: not a git repository (or any parent up to mount point /local)
Stopping at filesystem boundary (GIT_DISCOVERY_ACROSS_FILESYSTEM not set).
fatal: not a git repository (or any parent up to mount point /local)
Stopping at filesystem boundary (GIT_DISCOVERY_ACROSS_FILESYSTEM not set).
fatal: not a git repository (or any parent up to mount point /local)
Stopping at filesystem boundary (GIT_DISCOVERY_ACROSS_FILESYSTEM not set).
fatal: not a git repository (or any parent up to mount point /local)
Stopping at filesystem boundary (GIT_DISCOVERY_ACROSS_FILESYSTEM not set).
rep 1/1: complete export=s e2e=23.127053980s 37499770 bytes syscr=3079226 pread64=2401735 io_uring_enter=287294 read_bytes=4160040960 cpu_s=18.890000
[2026-10-05T23:32:40Z] pr161-H-vocab-random-label-de-400k-cold-base-r5 done
Caches dropped successfully (synced, then wrote 1
 to /proc/sys/vm/drop_caches).
fatal: not a git repository (or any parent up to mount point /local)
Stopping at filesystem boundary (GIT_DISCOVERY_ACROSS_FILESYSTEM not set).
fatal: not a git repository (or any parent up to mount point /local)
Stopping at filesystem boundary (GIT_DISCOVERY_ACROSS_FILESYSTEM not set).
fatal: not a git repository (or any parent up to mount point /local)
Stopping at filesystem boundary (GIT_DISCOVERY_ACROSS_FILESYSTEM not set).
fatal: not a git repository (or any parent up to mount point /local)
Stopping at filesystem boundary (GIT_DISCOVERY_ACROSS_FILESYSTEM not set).
fatal: not a git repository (or any parent up to mount point /local)
Stopping at filesystem boundary (GIT_DISCOVERY_ACROSS_FILESYSTEM not set).
rep 1/1: complete export=s e2e=24.137226414s 37499770 bytes syscr=3079226 pread64=2401735 io_uring_enter=6386 read_bytes=4160290816 cpu_s=19.120000
[2026-10-05T23:33:41Z] pr161-H-vocab-random-label-de-400k-cold-variant-r5 done
Caches dropped successfully (synced, then wrote 1
 to /proc/sys/vm/drop_caches).
fatal: not a git repository (or any parent up to mount point /local)
Stopping at filesystem boundary (GIT_DISCOVERY_ACROSS_FILESYSTEM not set).
fatal: not a git repository (or any parent up to mount point /local)
Stopping at filesystem boundary (GIT_DISCOVERY_ACROSS_FILESYSTEM not set).
fatal: not a git repository (or any parent up to mount point /local)
Stopping at filesystem boundary (GIT_DISCOVERY_ACROSS_FILESYSTEM not set).
fatal: not a git repository (or any parent up to mount point /local)
Stopping at filesystem boundary (GIT_DISCOVERY_ACROSS_FILESYSTEM not set).
fatal: not a git repository (or any parent up to mount point /local)
Stopping at filesystem boundary (GIT_DISCOVERY_ACROSS_FILESYSTEM not set).
rep 1/1: complete export=s e2e=23.024446511s 37499770 bytes syscr=3079226 pread64=2401735 io_uring_enter=6392 read_bytes=4160040960 cpu_s=18.800000
[2026-10-05T23:34:41Z] pr161-H-vocab-random-label-de-400k-cold-variant-r6 done
Caches dropped successfully (synced, then wrote 1
 to /proc/sys/vm/drop_caches).
fatal: not a git repository (or any parent up to mount point /local)
Stopping at filesystem boundary (GIT_DISCOVERY_ACROSS_FILESYSTEM not set).
fatal: not a git repository (or any parent up to mount point /local)
Stopping at filesystem boundary (GIT_DISCOVERY_ACROSS_FILESYSTEM not set).
fatal: not a git repository (or any parent up to mount point /local)
Stopping at filesystem boundary (GIT_DISCOVERY_ACROSS_FILESYSTEM not set).
fatal: not a git repository (or any parent up to mount point /local)
Stopping at filesystem boundary (GIT_DISCOVERY_ACROSS_FILESYSTEM not set).
fatal: not a git repository (or any parent up to mount point /local)
Stopping at filesystem boundary (GIT_DISCOVERY_ACROSS_FILESYSTEM not set).
rep 1/1: complete export=s e2e=23.144489769s 37499770 bytes syscr=3079226 pread64=2401735 io_uring_enter=287325 read_bytes=4160040960 cpu_s=19.010000
[2026-10-05T23:35:41Z] pr161-H-vocab-random-label-de-400k-cold-base-r6 done
Caches dropped successfully (synced, then wrote 1
 to /proc/sys/vm/drop_caches).
fatal: not a git repository (or any parent up to mount point /local)
Stopping at filesystem boundary (GIT_DISCOVERY_ACROSS_FILESYSTEM not set).
fatal: not a git repository (or any parent up to mount point /local)
Stopping at filesystem boundary (GIT_DISCOVERY_ACROSS_FILESYSTEM not set).
fatal: not a git repository (or any parent up to mount point /local)
Stopping at filesystem boundary (GIT_DISCOVERY_ACROSS_FILESYSTEM not set).
fatal: not a git repository (or any parent up to mount point /local)
Stopping at filesystem boundary (GIT_DISCOVERY_ACROSS_FILESYSTEM not set).
fatal: not a git repository (or any parent up to mount point /local)
Stopping at filesystem boundary (GIT_DISCOVERY_ACROSS_FILESYSTEM not set).
rep 1/1: complete export=s e2e=23.059212816s 37499770 bytes syscr=3079226 pread64=2401735 io_uring_enter=287198 read_bytes=4160040960 cpu_s=18.850000
[2026-10-05T23:36:40Z] pr161-H-vocab-random-label-de-400k-cold-base-r7 done
Caches dropped successfully (synced, then wrote 1
 to /proc/sys/vm/drop_caches).
fatal: not a git repository (or any parent up to mount point /local)
Stopping at filesystem boundary (GIT_DISCOVERY_ACROSS_FILESYSTEM not set).
fatal: not a git repository (or any parent up to mount point /local)
Stopping at filesystem boundary (GIT_DISCOVERY_ACROSS_FILESYSTEM not set).
fatal: not a git repository (or any parent up to mount point /local)
Stopping at filesystem boundary (GIT_DISCOVERY_ACROSS_FILESYSTEM not set).
fatal: not a git repository (or any parent up to mount point /local)
Stopping at filesystem boundary (GIT_DISCOVERY_ACROSS_FILESYSTEM not set).
fatal: not a git repository (or any parent up to mount point /local)
Stopping at filesystem boundary (GIT_DISCOVERY_ACROSS_FILESYSTEM not set).
rep 1/1: complete export=s e2e=23.129619441s 37499770 bytes syscr=3079226 pread64=2401735 io_uring_enter=6390 read_bytes=4160040960 cpu_s=19.000000
[2026-10-05T23:37:39Z] pr161-H-vocab-random-label-de-400k-cold-variant-r7 done
Caches dropped successfully (synced, then wrote 1
 to /proc/sys/vm/drop_caches).
fatal: not a git repository (or any parent up to mount point /local)
Stopping at filesystem boundary (GIT_DISCOVERY_ACROSS_FILESYSTEM not set).
fatal: not a git repository (or any parent up to mount point /local)
Stopping at filesystem boundary (GIT_DISCOVERY_ACROSS_FILESYSTEM not set).
fatal: not a git repository (or any parent up to mount point /local)
Stopping at filesystem boundary (GIT_DISCOVERY_ACROSS_FILESYSTEM not set).
fatal: not a git repository (or any parent up to mount point /local)
Stopping at filesystem boundary (GIT_DISCOVERY_ACROSS_FILESYSTEM not set).
fatal: not a git repository (or any parent up to mount point /local)
Stopping at filesystem boundary (GIT_DISCOVERY_ACROSS_FILESYSTEM not set).
rep 1/1: complete export=s e2e=22.995586539s 37499770 bytes syscr=3079226 pread64=2401735 io_uring_enter=6388 read_bytes=4160040960 cpu_s=18.890000
[2026-10-05T23:38:39Z] pr161-H-vocab-random-label-de-400k-cold-variant-r8 done
Caches dropped successfully (synced, then wrote 1
 to /proc/sys/vm/drop_caches).
fatal: not a git repository (or any parent up to mount point /local)
Stopping at filesystem boundary (GIT_DISCOVERY_ACROSS_FILESYSTEM not set).
fatal: not a git repository (or any parent up to mount point /local)
Stopping at filesystem boundary (GIT_DISCOVERY_ACROSS_FILESYSTEM not set).
fatal: not a git repository (or any parent up to mount point /local)
Stopping at filesystem boundary (GIT_DISCOVERY_ACROSS_FILESYSTEM not set).
fatal: not a git repository (or any parent up to mount point /local)
Stopping at filesystem boundary (GIT_DISCOVERY_ACROSS_FILESYSTEM not set).
fatal: not a git repository (or any parent up to mount point /local)
Stopping at filesystem boundary (GIT_DISCOVERY_ACROSS_FILESYSTEM not set).
rep 1/1: complete export=s e2e=23.194708535s 37499770 bytes syscr=3079226 pread64=2401735 io_uring_enter=287326 read_bytes=4160073728 cpu_s=18.830000
[2026-10-05T23:39:38Z] pr161-H-vocab-random-label-de-400k-cold-base-r8 done
Caches dropped successfully (synced, then wrote 1
 to /proc/sys/vm/drop_caches).
fatal: not a git repository (or any parent up to mount point /local)
Stopping at filesystem boundary (GIT_DISCOVERY_ACROSS_FILESYSTEM not set).
fatal: not a git repository (or any parent up to mount point /local)
Stopping at filesystem boundary (GIT_DISCOVERY_ACROSS_FILESYSTEM not set).
fatal: not a git repository (or any parent up to mount point /local)
Stopping at filesystem boundary (GIT_DISCOVERY_ACROSS_FILESYSTEM not set).
fatal: not a git repository (or any parent up to mount point /local)
Stopping at filesystem boundary (GIT_DISCOVERY_ACROSS_FILESYSTEM not set).
fatal: not a git repository (or any parent up to mount point /local)
Stopping at filesystem boundary (GIT_DISCOVERY_ACROSS_FILESYSTEM not set).
rep 1/1: complete export=s e2e=22.998146221s 37499770 bytes syscr=3079226 pread64=2401735 io_uring_enter=287174 read_bytes=4160073728 cpu_s=18.740000
[2026-10-05T23:40:38Z] pr161-H-vocab-random-label-de-400k-cold-base-r9 done
Caches dropped successfully (synced, then wrote 1
 to /proc/sys/vm/drop_caches).
fatal: not a git repository (or any parent up to mount point /local)
Stopping at filesystem boundary (GIT_DISCOVERY_ACROSS_FILESYSTEM not set).
fatal: not a git repository (or any parent up to mount point /local)
Stopping at filesystem boundary (GIT_DISCOVERY_ACROSS_FILESYSTEM not set).
fatal: not a git repository (or any parent up to mount point /local)
Stopping at filesystem boundary (GIT_DISCOVERY_ACROSS_FILESYSTEM not set).
fatal: not a git repository (or any parent up to mount point /local)
Stopping at filesystem boundary (GIT_DISCOVERY_ACROSS_FILESYSTEM not set).
fatal: not a git repository (or any parent up to mount point /local)
Stopping at filesystem boundary (GIT_DISCOVERY_ACROSS_FILESYSTEM not set).
rep 1/1: complete export=s e2e=22.703077887s 37499770 bytes syscr=3079226 pread64=2401735 io_uring_enter=6396 read_bytes=4160065536 cpu_s=18.490000
[2026-10-05T23:41:37Z] pr161-H-vocab-random-label-de-400k-cold-variant-r9 done
Caches dropped successfully (synced, then wrote 1
 to /proc/sys/vm/drop_caches).
fatal: not a git repository (or any parent up to mount point /local)
Stopping at filesystem boundary (GIT_DISCOVERY_ACROSS_FILESYSTEM not set).
fatal: not a git repository (or any parent up to mount point /local)
Stopping at filesystem boundary (GIT_DISCOVERY_ACROSS_FILESYSTEM not set).
fatal: not a git repository (or any parent up to mount point /local)
Stopping at filesystem boundary (GIT_DISCOVERY_ACROSS_FILESYSTEM not set).
fatal: not a git repository (or any parent up to mount point /local)
Stopping at filesystem boundary (GIT_DISCOVERY_ACROSS_FILESYSTEM not set).
fatal: not a git repository (or any parent up to mount point /local)
Stopping at filesystem boundary (GIT_DISCOVERY_ACROSS_FILESYSTEM not set).
rep 1/1: complete export=s e2e=21.699513650s 37499770 bytes syscr=3079222 pread64=2401735 io_uring_enter=6388 read_bytes=4160040960 cpu_s=18.070000
[2026-10-05T23:42:35Z] pr161-H-vocab-random-label-de-400k-cold-variant-r10 done
Caches dropped successfully (synced, then wrote 1
 to /proc/sys/vm/drop_caches).
fatal: not a git repository (or any parent up to mount point /local)
Stopping at filesystem boundary (GIT_DISCOVERY_ACROSS_FILESYSTEM not set).
fatal: not a git repository (or any parent up to mount point /local)
Stopping at filesystem boundary (GIT_DISCOVERY_ACROSS_FILESYSTEM not set).
fatal: not a git repository (or any parent up to mount point /local)
Stopping at filesystem boundary (GIT_DISCOVERY_ACROSS_FILESYSTEM not set).
fatal: not a git repository (or any parent up to mount point /local)
Stopping at filesystem boundary (GIT_DISCOVERY_ACROSS_FILESYSTEM not set).
fatal: not a git repository (or any parent up to mount point /local)
Stopping at filesystem boundary (GIT_DISCOVERY_ACROSS_FILESYSTEM not set).
rep 1/1: complete export=s e2e=20.022285290s 37499770 bytes syscr=3079218 pread64=2401735 io_uring_enter=287717 read_bytes=4160073728 cpu_s=17.130000
[2026-10-05T23:43:29Z] pr161-H-vocab-random-label-de-400k-cold-base-r10 done
fatal: not a git repository (or any parent up to mount point /local)
Stopping at filesystem boundary (GIT_DISCOVERY_ACROSS_FILESYSTEM not set).
fatal: not a git repository (or any parent up to mount point /local)
Stopping at filesystem boundary (GIT_DISCOVERY_ACROSS_FILESYSTEM not set).
fatal: not a git repository (or any parent up to mount point /local)
Stopping at filesystem boundary (GIT_DISCOVERY_ACROSS_FILESYSTEM not set).
fatal: not a git repository (or any parent up to mount point /local)
Stopping at filesystem boundary (GIT_DISCOVERY_ACROSS_FILESYSTEM not set).
fatal: not a git repository (or any parent up to mount point /local)
Stopping at filesystem boundary (GIT_DISCOVERY_ACROSS_FILESYSTEM not set).
rep 1/1: complete export=s e2e=10.409327954s 37499770 bytes syscr=3079198 pread64=2401735 io_uring_enter=0 read_bytes=0 cpu_s=10.810000
[2026-10-05T23:44:31Z] pr161-H-vocab-random-label-de-400k-warm-base-r1 done
fatal: not a git repository (or any parent up to mount point /local)
Stopping at filesystem boundary (GIT_DISCOVERY_ACROSS_FILESYSTEM not set).
fatal: not a git repository (or any parent up to mount point /local)
Stopping at filesystem boundary (GIT_DISCOVERY_ACROSS_FILESYSTEM not set).
fatal: not a git repository (or any parent up to mount point /local)
Stopping at filesystem boundary (GIT_DISCOVERY_ACROSS_FILESYSTEM not set).
fatal: not a git repository (or any parent up to mount point /local)
Stopping at filesystem boundary (GIT_DISCOVERY_ACROSS_FILESYSTEM not set).
fatal: not a git repository (or any parent up to mount point /local)
Stopping at filesystem boundary (GIT_DISCOVERY_ACROSS_FILESYSTEM not set).
rep 1/1: complete export=s e2e=10.549333951s 37499770 bytes syscr=3079202 pread64=2401735 io_uring_enter=0 read_bytes=0 cpu_s=11.070000
[2026-10-05T23:45:31Z] pr161-H-vocab-random-label-de-400k-warm-variant-r1 done
fatal: not a git repository (or any parent up to mount point /local)
Stopping at filesystem boundary (GIT_DISCOVERY_ACROSS_FILESYSTEM not set).
fatal: not a git repository (or any parent up to mount point /local)
Stopping at filesystem boundary (GIT_DISCOVERY_ACROSS_FILESYSTEM not set).
fatal: not a git repository (or any parent up to mount point /local)
Stopping at filesystem boundary (GIT_DISCOVERY_ACROSS_FILESYSTEM not set).
fatal: not a git repository (or any parent up to mount point /local)
Stopping at filesystem boundary (GIT_DISCOVERY_ACROSS_FILESYSTEM not set).
fatal: not a git repository (or any parent up to mount point /local)
Stopping at filesystem boundary (GIT_DISCOVERY_ACROSS_FILESYSTEM not set).
rep 1/1: complete export=s e2e=9.900247183s 37499770 bytes syscr=6158396 pread64=4803470 io_uring_enter=0 read_bytes=0 cpu_s=20.770000
[2026-10-05T23:46:40Z] pr161-H-vocab-random-label-de-400k-warm-variant-r2 done
fatal: not a git repository (or any parent up to mount point /local)
Stopping at filesystem boundary (GIT_DISCOVERY_ACROSS_FILESYSTEM not set).
fatal: not a git repository (or any parent up to mount point /local)
Stopping at filesystem boundary (GIT_DISCOVERY_ACROSS_FILESYSTEM not set).
fatal: not a git repository (or any parent up to mount point /local)
Stopping at filesystem boundary (GIT_DISCOVERY_ACROSS_FILESYSTEM not set).
fatal: not a git repository (or any parent up to mount point /local)
Stopping at filesystem boundary (GIT_DISCOVERY_ACROSS_FILESYSTEM not set).
fatal: not a git repository (or any parent up to mount point /local)
Stopping at filesystem boundary (GIT_DISCOVERY_ACROSS_FILESYSTEM not set).
rep 1/1: complete export=s e2e=9.509114251s 37499770 bytes syscr=6158396 pread64=4803470 io_uring_enter=0 read_bytes=0 cpu_s=19.850000
[2026-10-05T23:47:47Z] pr161-H-vocab-random-label-de-400k-warm-base-r2 done
fatal: not a git repository (or any parent up to mount point /local)
Stopping at filesystem boundary (GIT_DISCOVERY_ACROSS_FILESYSTEM not set).
fatal: not a git repository (or any parent up to mount point /local)
Stopping at filesystem boundary (GIT_DISCOVERY_ACROSS_FILESYSTEM not set).
fatal: not a git repository (or any parent up to mount point /local)
Stopping at filesystem boundary (GIT_DISCOVERY_ACROSS_FILESYSTEM not set).
fatal: not a git repository (or any parent up to mount point /local)
Stopping at filesystem boundary (GIT_DISCOVERY_ACROSS_FILESYSTEM not set).
fatal: not a git repository (or any parent up to mount point /local)
Stopping at filesystem boundary (GIT_DISCOVERY_ACROSS_FILESYSTEM not set).
rep 1/1: complete export=s e2e=9.403073396s 37499770 bytes syscr=6158392 pread64=4803470 io_uring_enter=0 read_bytes=0 cpu_s=19.680000
[2026-10-05T23:48:53Z] pr161-H-vocab-random-label-de-400k-warm-base-r3 done
fatal: not a git repository (or any parent up to mount point /local)
Stopping at filesystem boundary (GIT_DISCOVERY_ACROSS_FILESYSTEM not set).
fatal: not a git repository (or any parent up to mount point /local)
Stopping at filesystem boundary (GIT_DISCOVERY_ACROSS_FILESYSTEM not set).
fatal: not a git repository (or any parent up to mount point /local)
Stopping at filesystem boundary (GIT_DISCOVERY_ACROSS_FILESYSTEM not set).
fatal: not a git repository (or any parent up to mount point /local)
Stopping at filesystem boundary (GIT_DISCOVERY_ACROSS_FILESYSTEM not set).
fatal: not a git repository (or any parent up to mount point /local)
Stopping at filesystem boundary (GIT_DISCOVERY_ACROSS_FILESYSTEM not set).
rep 1/1: complete export=s e2e=8.970133441s 37499770 bytes syscr=6158392 pread64=4803470 io_uring_enter=0 read_bytes=0 cpu_s=18.870000
[2026-10-05T23:49:55Z] pr161-H-vocab-random-label-de-400k-warm-variant-r3 done
fatal: not a git repository (or any parent up to mount point /local)
Stopping at filesystem boundary (GIT_DISCOVERY_ACROSS_FILESYSTEM not set).
fatal: not a git repository (or any parent up to mount point /local)
Stopping at filesystem boundary (GIT_DISCOVERY_ACROSS_FILESYSTEM not set).
fatal: not a git repository (or any parent up to mount point /local)
Stopping at filesystem boundary (GIT_DISCOVERY_ACROSS_FILESYSTEM not set).
fatal: not a git repository (or any parent up to mount point /local)
Stopping at filesystem boundary (GIT_DISCOVERY_ACROSS_FILESYSTEM not set).
fatal: not a git repository (or any parent up to mount point /local)
Stopping at filesystem boundary (GIT_DISCOVERY_ACROSS_FILESYSTEM not set).
rep 1/1: complete export=s e2e=10.939664288s 37499770 bytes syscr=3079198 pread64=2401735 io_uring_enter=0 read_bytes=0 cpu_s=11.410000
[2026-10-05T23:50:51Z] pr161-H-vocab-random-label-de-400k-warm-variant-r4 done
fatal: not a git repository (or any parent up to mount point /local)
Stopping at filesystem boundary (GIT_DISCOVERY_ACROSS_FILESYSTEM not set).
fatal: not a git repository (or any parent up to mount point /local)
Stopping at filesystem boundary (GIT_DISCOVERY_ACROSS_FILESYSTEM not set).
fatal: not a git repository (or any parent up to mount point /local)
Stopping at filesystem boundary (GIT_DISCOVERY_ACROSS_FILESYSTEM not set).
fatal: not a git repository (or any parent up to mount point /local)
Stopping at filesystem boundary (GIT_DISCOVERY_ACROSS_FILESYSTEM not set).
fatal: not a git repository (or any parent up to mount point /local)
Stopping at filesystem boundary (GIT_DISCOVERY_ACROSS_FILESYSTEM not set).
rep 1/1: complete export=s e2e=10.052445854s 37499770 bytes syscr=3079198 pread64=2401735 io_uring_enter=0 read_bytes=0 cpu_s=10.450000
[2026-10-05T23:51:50Z] pr161-H-vocab-random-label-de-400k-warm-base-r4 done
fatal: not a git repository (or any parent up to mount point /local)
Stopping at filesystem boundary (GIT_DISCOVERY_ACROSS_FILESYSTEM not set).
fatal: not a git repository (or any parent up to mount point /local)
Stopping at filesystem boundary (GIT_DISCOVERY_ACROSS_FILESYSTEM not set).
fatal: not a git repository (or any parent up to mount point /local)
Stopping at filesystem boundary (GIT_DISCOVERY_ACROSS_FILESYSTEM not set).
fatal: not a git repository (or any parent up to mount point /local)
Stopping at filesystem boundary (GIT_DISCOVERY_ACROSS_FILESYSTEM not set).
fatal: not a git repository (or any parent up to mount point /local)
Stopping at filesystem boundary (GIT_DISCOVERY_ACROSS_FILESYSTEM not set).
rep 1/1: complete export=s e2e=8.993723141s 37499770 bytes syscr=6158392 pread64=4803470 io_uring_enter=0 read_bytes=0 cpu_s=18.890000
[2026-10-05T23:52:54Z] pr161-H-vocab-random-label-de-400k-warm-base-r5 done
fatal: not a git repository (or any parent up to mount point /local)
Stopping at filesystem boundary (GIT_DISCOVERY_ACROSS_FILESYSTEM not set).
fatal: not a git repository (or any parent up to mount point /local)
Stopping at filesystem boundary (GIT_DISCOVERY_ACROSS_FILESYSTEM not set).
fatal: not a git repository (or any parent up to mount point /local)
Stopping at filesystem boundary (GIT_DISCOVERY_ACROSS_FILESYSTEM not set).
fatal: not a git repository (or any parent up to mount point /local)
Stopping at filesystem boundary (GIT_DISCOVERY_ACROSS_FILESYSTEM not set).
fatal: not a git repository (or any parent up to mount point /local)
Stopping at filesystem boundary (GIT_DISCOVERY_ACROSS_FILESYSTEM not set).
rep 1/1: complete export=s e2e=8.878283728s 37499770 bytes syscr=6158392 pread64=4803470 io_uring_enter=0 read_bytes=0 cpu_s=18.660000
[2026-10-05T23:53:56Z] pr161-H-vocab-random-label-de-400k-warm-variant-r5 done
fatal: not a git repository (or any parent up to mount point /local)
Stopping at filesystem boundary (GIT_DISCOVERY_ACROSS_FILESYSTEM not set).
fatal: not a git repository (or any parent up to mount point /local)
Stopping at filesystem boundary (GIT_DISCOVERY_ACROSS_FILESYSTEM not set).
fatal: not a git repository (or any parent up to mount point /local)
Stopping at filesystem boundary (GIT_DISCOVERY_ACROSS_FILESYSTEM not set).
fatal: not a git repository (or any parent up to mount point /local)
Stopping at filesystem boundary (GIT_DISCOVERY_ACROSS_FILESYSTEM not set).
fatal: not a git repository (or any parent up to mount point /local)
Stopping at filesystem boundary (GIT_DISCOVERY_ACROSS_FILESYSTEM not set).
rep 1/1: complete export=s e2e=8.855228109s 37499770 bytes syscr=6158392 pread64=4803470 io_uring_enter=0 read_bytes=0 cpu_s=18.650000
[2026-10-05T23:54:58Z] pr161-H-vocab-random-label-de-400k-warm-variant-r6 done
fatal: not a git repository (or any parent up to mount point /local)
Stopping at filesystem boundary (GIT_DISCOVERY_ACROSS_FILESYSTEM not set).
fatal: not a git repository (or any parent up to mount point /local)
Stopping at filesystem boundary (GIT_DISCOVERY_ACROSS_FILESYSTEM not set).
fatal: not a git repository (or any parent up to mount point /local)
Stopping at filesystem boundary (GIT_DISCOVERY_ACROSS_FILESYSTEM not set).
fatal: not a git repository (or any parent up to mount point /local)
Stopping at filesystem boundary (GIT_DISCOVERY_ACROSS_FILESYSTEM not set).
fatal: not a git repository (or any parent up to mount point /local)
Stopping at filesystem boundary (GIT_DISCOVERY_ACROSS_FILESYSTEM not set).
rep 1/1: complete export=s e2e=8.724800681s 37499770 bytes syscr=6158392 pread64=4803470 io_uring_enter=0 read_bytes=0 cpu_s=18.350000
[2026-10-05T23:56:00Z] pr161-H-vocab-random-label-de-400k-warm-base-r6 done
fatal: not a git repository (or any parent up to mount point /local)
Stopping at filesystem boundary (GIT_DISCOVERY_ACROSS_FILESYSTEM not set).
fatal: not a git repository (or any parent up to mount point /local)
Stopping at filesystem boundary (GIT_DISCOVERY_ACROSS_FILESYSTEM not set).
fatal: not a git repository (or any parent up to mount point /local)
Stopping at filesystem boundary (GIT_DISCOVERY_ACROSS_FILESYSTEM not set).
fatal: not a git repository (or any parent up to mount point /local)
Stopping at filesystem boundary (GIT_DISCOVERY_ACROSS_FILESYSTEM not set).
fatal: not a git repository (or any parent up to mount point /local)
Stopping at filesystem boundary (GIT_DISCOVERY_ACROSS_FILESYSTEM not set).
rep 1/1: complete export=s e2e=10.117595933s 37499770 bytes syscr=6158396 pread64=4803470 io_uring_enter=0 read_bytes=0 cpu_s=21.180000
[2026-10-05T23:57:04Z] pr161-H-vocab-random-label-de-400k-warm-base-r7 done
fatal: not a git repository (or any parent up to mount point /local)
Stopping at filesystem boundary (GIT_DISCOVERY_ACROSS_FILESYSTEM not set).
fatal: not a git repository (or any parent up to mount point /local)
Stopping at filesystem boundary (GIT_DISCOVERY_ACROSS_FILESYSTEM not set).
fatal: not a git repository (or any parent up to mount point /local)
Stopping at filesystem boundary (GIT_DISCOVERY_ACROSS_FILESYSTEM not set).
fatal: not a git repository (or any parent up to mount point /local)
Stopping at filesystem boundary (GIT_DISCOVERY_ACROSS_FILESYSTEM not set).
fatal: not a git repository (or any parent up to mount point /local)
Stopping at filesystem boundary (GIT_DISCOVERY_ACROSS_FILESYSTEM not set).
rep 1/1: complete export=s e2e=9.690149973s 37499770 bytes syscr=6158396 pread64=4803470 io_uring_enter=0 read_bytes=0 cpu_s=20.250000
[2026-10-05T23:58:13Z] pr161-H-vocab-random-label-de-400k-warm-variant-r7 done
fatal: not a git repository (or any parent up to mount point /local)
Stopping at filesystem boundary (GIT_DISCOVERY_ACROSS_FILESYSTEM not set).
fatal: not a git repository (or any parent up to mount point /local)
Stopping at filesystem boundary (GIT_DISCOVERY_ACROSS_FILESYSTEM not set).
fatal: not a git repository (or any parent up to mount point /local)
Stopping at filesystem boundary (GIT_DISCOVERY_ACROSS_FILESYSTEM not set).
fatal: not a git repository (or any parent up to mount point /local)
Stopping at filesystem boundary (GIT_DISCOVERY_ACROSS_FILESYSTEM not set).
fatal: not a git repository (or any parent up to mount point /local)
Stopping at filesystem boundary (GIT_DISCOVERY_ACROSS_FILESYSTEM not set).
rep 1/1: complete export=s e2e=8.805023175s 37499770 bytes syscr=6158392 pread64=4803470 io_uring_enter=0 read_bytes=0 cpu_s=18.520000
[2026-10-05T23:59:15Z] pr161-H-vocab-random-label-de-400k-warm-variant-r8 done
fatal: not a git repository (or any parent up to mount point /local)
Stopping at filesystem boundary (GIT_DISCOVERY_ACROSS_FILESYSTEM not set).
fatal: not a git repository (or any parent up to mount point /local)
Stopping at filesystem boundary (GIT_DISCOVERY_ACROSS_FILESYSTEM not set).
fatal: not a git repository (or any parent up to mount point /local)
Stopping at filesystem boundary (GIT_DISCOVERY_ACROSS_FILESYSTEM not set).
fatal: not a git repository (or any parent up to mount point /local)
Stopping at filesystem boundary (GIT_DISCOVERY_ACROSS_FILESYSTEM not set).
fatal: not a git repository (or any parent up to mount point /local)
Stopping at filesystem boundary (GIT_DISCOVERY_ACROSS_FILESYSTEM not set).
rep 1/1: complete export=s e2e=8.998234804s 37499770 bytes syscr=6158392 pread64=4803470 io_uring_enter=0 read_bytes=0 cpu_s=18.900000
[2026-10-06T00:00:17Z] pr161-H-vocab-random-label-de-400k-warm-base-r8 done
fatal: not a git repository (or any parent up to mount point /local)
Stopping at filesystem boundary (GIT_DISCOVERY_ACROSS_FILESYSTEM not set).
fatal: not a git repository (or any parent up to mount point /local)
Stopping at filesystem boundary (GIT_DISCOVERY_ACROSS_FILESYSTEM not set).
fatal: not a git repository (or any parent up to mount point /local)
Stopping at filesystem boundary (GIT_DISCOVERY_ACROSS_FILESYSTEM not set).
fatal: not a git repository (or any parent up to mount point /local)
Stopping at filesystem boundary (GIT_DISCOVERY_ACROSS_FILESYSTEM not set).
fatal: not a git repository (or any parent up to mount point /local)
Stopping at filesystem boundary (GIT_DISCOVERY_ACROSS_FILESYSTEM not set).
rep 1/1: complete export=s e2e=12.269960735s 37499770 bytes syscr=3079202 pread64=2401735 io_uring_enter=0 read_bytes=0 cpu_s=12.740000
[2026-10-06T00:01:25Z] pr161-H-vocab-random-label-de-400k-warm-base-r9 done
fatal: not a git repository (or any parent up to mount point /local)
Stopping at filesystem boundary (GIT_DISCOVERY_ACROSS_FILESYSTEM not set).
fatal: not a git repository (or any parent up to mount point /local)
Stopping at filesystem boundary (GIT_DISCOVERY_ACROSS_FILESYSTEM not set).
fatal: not a git repository (or any parent up to mount point /local)
Stopping at filesystem boundary (GIT_DISCOVERY_ACROSS_FILESYSTEM not set).
fatal: not a git repository (or any parent up to mount point /local)
Stopping at filesystem boundary (GIT_DISCOVERY_ACROSS_FILESYSTEM not set).
fatal: not a git repository (or any parent up to mount point /local)
Stopping at filesystem boundary (GIT_DISCOVERY_ACROSS_FILESYSTEM not set).
rep 1/1: complete export=s e2e=12.046307627s 37499770 bytes syscr=3079202 pread64=2401735 io_uring_enter=0 read_bytes=0 cpu_s=12.520000
[2026-10-06T00:02:34Z] pr161-H-vocab-random-label-de-400k-warm-variant-r9 done
fatal: not a git repository (or any parent up to mount point /local)
Stopping at filesystem boundary (GIT_DISCOVERY_ACROSS_FILESYSTEM not set).
fatal: not a git repository (or any parent up to mount point /local)
Stopping at filesystem boundary (GIT_DISCOVERY_ACROSS_FILESYSTEM not set).
fatal: not a git repository (or any parent up to mount point /local)
Stopping at filesystem boundary (GIT_DISCOVERY_ACROSS_FILESYSTEM not set).
fatal: not a git repository (or any parent up to mount point /local)
Stopping at filesystem boundary (GIT_DISCOVERY_ACROSS_FILESYSTEM not set).
fatal: not a git repository (or any parent up to mount point /local)
Stopping at filesystem boundary (GIT_DISCOVERY_ACROSS_FILESYSTEM not set).
rep 1/1: complete export=s e2e=12.246514844s 37499770 bytes syscr=3079202 pread64=2401735 io_uring_enter=0 read_bytes=0 cpu_s=12.680000
[2026-10-06T00:03:44Z] pr161-H-vocab-random-label-de-400k-warm-variant-r10 done
fatal: not a git repository (or any parent up to mount point /local)
Stopping at filesystem boundary (GIT_DISCOVERY_ACROSS_FILESYSTEM not set).
fatal: not a git repository (or any parent up to mount point /local)
Stopping at filesystem boundary (GIT_DISCOVERY_ACROSS_FILESYSTEM not set).
fatal: not a git repository (or any parent up to mount point /local)
Stopping at filesystem boundary (GIT_DISCOVERY_ACROSS_FILESYSTEM not set).
fatal: not a git repository (or any parent up to mount point /local)
Stopping at filesystem boundary (GIT_DISCOVERY_ACROSS_FILESYSTEM not set).
fatal: not a git repository (or any parent up to mount point /local)
Stopping at filesystem boundary (GIT_DISCOVERY_ACROSS_FILESYSTEM not set).
rep 1/1: complete export=s e2e=12.235988925s 37499770 bytes syscr=3079202 pread64=2401735 io_uring_enter=0 read_bytes=0 cpu_s=12.690000
[2026-10-06T00:04:54Z] pr161-H-vocab-random-label-de-400k-warm-base-r10 done
Caches dropped successfully (synced, then wrote 1
 to /proc/sys/vm/drop_caches).
fatal: not a git repository (or any parent up to mount point /local)
Stopping at filesystem boundary (GIT_DISCOVERY_ACROSS_FILESYSTEM not set).
fatal: not a git repository (or any parent up to mount point /local)
Stopping at filesystem boundary (GIT_DISCOVERY_ACROSS_FILESYSTEM not set).
fatal: not a git repository (or any parent up to mount point /local)
Stopping at filesystem boundary (GIT_DISCOVERY_ACROSS_FILESYSTEM not set).
fatal: not a git repository (or any parent up to mount point /local)
Stopping at filesystem boundary (GIT_DISCOVERY_ACROSS_FILESYSTEM not set).
fatal: not a git repository (or any parent up to mount point /local)
Stopping at filesystem boundary (GIT_DISCOVERY_ACROSS_FILESYSTEM not set).
rep 1/1: complete export=s e2e=15.065155948s 19297737 bytes syscr=1550686 pread64=1201735 io_uring_enter=173835 read_bytes=2992119808 cpu_s=10.930000
[2026-10-06T00:05:45Z] pr161-H-vocab-random-label-de-200k-cold-base-r1 done
Caches dropped successfully (synced, then wrote 1
 to /proc/sys/vm/drop_caches).
fatal: not a git repository (or any parent up to mount point /local)
Stopping at filesystem boundary (GIT_DISCOVERY_ACROSS_FILESYSTEM not set).
fatal: not a git repository (or any parent up to mount point /local)
Stopping at filesystem boundary (GIT_DISCOVERY_ACROSS_FILESYSTEM not set).
fatal: not a git repository (or any parent up to mount point /local)
Stopping at filesystem boundary (GIT_DISCOVERY_ACROSS_FILESYSTEM not set).
fatal: not a git repository (or any parent up to mount point /local)
Stopping at filesystem boundary (GIT_DISCOVERY_ACROSS_FILESYSTEM not set).
fatal: not a git repository (or any parent up to mount point /local)
Stopping at filesystem boundary (GIT_DISCOVERY_ACROSS_FILESYSTEM not set).
rep 1/1: complete export=s e2e=15.126607291s 19297737 bytes syscr=1550686 pread64=1201735 io_uring_enter=3634 read_bytes=2992119808 cpu_s=10.940000
[2026-10-06T00:06:37Z] pr161-H-vocab-random-label-de-200k-cold-variant-r1 done
Caches dropped successfully (synced, then wrote 1
 to /proc/sys/vm/drop_caches).
fatal: not a git repository (or any parent up to mount point /local)
Stopping at filesystem boundary (GIT_DISCOVERY_ACROSS_FILESYSTEM not set).
fatal: not a git repository (or any parent up to mount point /local)
Stopping at filesystem boundary (GIT_DISCOVERY_ACROSS_FILESYSTEM not set).
fatal: not a git repository (or any parent up to mount point /local)
Stopping at filesystem boundary (GIT_DISCOVERY_ACROSS_FILESYSTEM not set).
fatal: not a git repository (or any parent up to mount point /local)
Stopping at filesystem boundary (GIT_DISCOVERY_ACROSS_FILESYSTEM not set).
fatal: not a git repository (or any parent up to mount point /local)
Stopping at filesystem boundary (GIT_DISCOVERY_ACROSS_FILESYSTEM not set).
rep 1/1: complete export=s e2e=14.962111889s 19297737 bytes syscr=1550686 pread64=1201735 io_uring_enter=3622 read_bytes=2992119808 cpu_s=10.810000
[2026-10-06T00:07:28Z] pr161-H-vocab-random-label-de-200k-cold-variant-r2 done
Caches dropped successfully (synced, then wrote 1
 to /proc/sys/vm/drop_caches).
fatal: not a git repository (or any parent up to mount point /local)
Stopping at filesystem boundary (GIT_DISCOVERY_ACROSS_FILESYSTEM not set).
fatal: not a git repository (or any parent up to mount point /local)
Stopping at filesystem boundary (GIT_DISCOVERY_ACROSS_FILESYSTEM not set).
fatal: not a git repository (or any parent up to mount point /local)
Stopping at filesystem boundary (GIT_DISCOVERY_ACROSS_FILESYSTEM not set).
fatal: not a git repository (or any parent up to mount point /local)
Stopping at filesystem boundary (GIT_DISCOVERY_ACROSS_FILESYSTEM not set).
fatal: not a git repository (or any parent up to mount point /local)
Stopping at filesystem boundary (GIT_DISCOVERY_ACROSS_FILESYSTEM not set).
rep 1/1: complete export=s e2e=14.959031714s 19297737 bytes syscr=1550686 pread64=1201735 io_uring_enter=173778 read_bytes=2992119808 cpu_s=10.860000
[2026-10-06T00:08:19Z] pr161-H-vocab-random-label-de-200k-cold-base-r2 done
Caches dropped successfully (synced, then wrote 1
 to /proc/sys/vm/drop_caches).
fatal: not a git repository (or any parent up to mount point /local)
Stopping at filesystem boundary (GIT_DISCOVERY_ACROSS_FILESYSTEM not set).
fatal: not a git repository (or any parent up to mount point /local)
Stopping at filesystem boundary (GIT_DISCOVERY_ACROSS_FILESYSTEM not set).
fatal: not a git repository (or any parent up to mount point /local)
Stopping at filesystem boundary (GIT_DISCOVERY_ACROSS_FILESYSTEM not set).
fatal: not a git repository (or any parent up to mount point /local)
Stopping at filesystem boundary (GIT_DISCOVERY_ACROSS_FILESYSTEM not set).
fatal: not a git repository (or any parent up to mount point /local)
Stopping at filesystem boundary (GIT_DISCOVERY_ACROSS_FILESYSTEM not set).
rep 1/1: complete export=s e2e=14.920696520s 19297737 bytes syscr=1550686 pread64=1201735 io_uring_enter=173856 read_bytes=2992119808 cpu_s=10.770000
[2026-10-06T00:09:10Z] pr161-H-vocab-random-label-de-200k-cold-base-r3 done
Caches dropped successfully (synced, then wrote 1
 to /proc/sys/vm/drop_caches).
fatal: not a git repository (or any parent up to mount point /local)
Stopping at filesystem boundary (GIT_DISCOVERY_ACROSS_FILESYSTEM not set).
fatal: not a git repository (or any parent up to mount point /local)
Stopping at filesystem boundary (GIT_DISCOVERY_ACROSS_FILESYSTEM not set).
fatal: not a git repository (or any parent up to mount point /local)
Stopping at filesystem boundary (GIT_DISCOVERY_ACROSS_FILESYSTEM not set).
fatal: not a git repository (or any parent up to mount point /local)
Stopping at filesystem boundary (GIT_DISCOVERY_ACROSS_FILESYSTEM not set).
fatal: not a git repository (or any parent up to mount point /local)
Stopping at filesystem boundary (GIT_DISCOVERY_ACROSS_FILESYSTEM not set).
rep 1/1: complete export=s e2e=14.907587166s 19297737 bytes syscr=1550686 pread64=1201735 io_uring_enter=3624 read_bytes=2992119808 cpu_s=10.710000
[2026-10-06T00:10:00Z] pr161-H-vocab-random-label-de-200k-cold-variant-r3 done
Caches dropped successfully (synced, then wrote 1
 to /proc/sys/vm/drop_caches).
fatal: not a git repository (or any parent up to mount point /local)
Stopping at filesystem boundary (GIT_DISCOVERY_ACROSS_FILESYSTEM not set).
fatal: not a git repository (or any parent up to mount point /local)
Stopping at filesystem boundary (GIT_DISCOVERY_ACROSS_FILESYSTEM not set).
fatal: not a git repository (or any parent up to mount point /local)
Stopping at filesystem boundary (GIT_DISCOVERY_ACROSS_FILESYSTEM not set).
fatal: not a git repository (or any parent up to mount point /local)
Stopping at filesystem boundary (GIT_DISCOVERY_ACROSS_FILESYSTEM not set).
fatal: not a git repository (or any parent up to mount point /local)
Stopping at filesystem boundary (GIT_DISCOVERY_ACROSS_FILESYSTEM not set).
rep 1/1: complete export=s e2e=14.890842301s 19297737 bytes syscr=1550686 pread64=1201735 io_uring_enter=3622 read_bytes=2992119808 cpu_s=10.710000
[2026-10-06T00:10:51Z] pr161-H-vocab-random-label-de-200k-cold-variant-r4 done
Caches dropped successfully (synced, then wrote 1
 to /proc/sys/vm/drop_caches).
fatal: not a git repository (or any parent up to mount point /local)
Stopping at filesystem boundary (GIT_DISCOVERY_ACROSS_FILESYSTEM not set).
fatal: not a git repository (or any parent up to mount point /local)
Stopping at filesystem boundary (GIT_DISCOVERY_ACROSS_FILESYSTEM not set).
fatal: not a git repository (or any parent up to mount point /local)
Stopping at filesystem boundary (GIT_DISCOVERY_ACROSS_FILESYSTEM not set).
fatal: not a git repository (or any parent up to mount point /local)
Stopping at filesystem boundary (GIT_DISCOVERY_ACROSS_FILESYSTEM not set).
fatal: not a git repository (or any parent up to mount point /local)
Stopping at filesystem boundary (GIT_DISCOVERY_ACROSS_FILESYSTEM not set).
rep 1/1: complete export=s e2e=14.980104040s 19297737 bytes syscr=1550686 pread64=1201735 io_uring_enter=173804 read_bytes=2992119808 cpu_s=10.740000
[2026-10-06T00:11:42Z] pr161-H-vocab-random-label-de-200k-cold-base-r4 done
Caches dropped successfully (synced, then wrote 1
 to /proc/sys/vm/drop_caches).
fatal: not a git repository (or any parent up to mount point /local)
Stopping at filesystem boundary (GIT_DISCOVERY_ACROSS_FILESYSTEM not set).
fatal: not a git repository (or any parent up to mount point /local)
Stopping at filesystem boundary (GIT_DISCOVERY_ACROSS_FILESYSTEM not set).
fatal: not a git repository (or any parent up to mount point /local)
Stopping at filesystem boundary (GIT_DISCOVERY_ACROSS_FILESYSTEM not set).
fatal: not a git repository (or any parent up to mount point /local)
Stopping at filesystem boundary (GIT_DISCOVERY_ACROSS_FILESYSTEM not set).
fatal: not a git repository (or any parent up to mount point /local)
Stopping at filesystem boundary (GIT_DISCOVERY_ACROSS_FILESYSTEM not set).
rep 1/1: complete export=s e2e=14.880198738s 19297737 bytes syscr=1550686 pread64=1201735 io_uring_enter=174020 read_bytes=2992119808 cpu_s=10.850000
[2026-10-06T00:12:33Z] pr161-H-vocab-random-label-de-200k-cold-base-r5 done
Caches dropped successfully (synced, then wrote 1
 to /proc/sys/vm/drop_caches).
fatal: not a git repository (or any parent up to mount point /local)
Stopping at filesystem boundary (GIT_DISCOVERY_ACROSS_FILESYSTEM not set).
fatal: not a git repository (or any parent up to mount point /local)
Stopping at filesystem boundary (GIT_DISCOVERY_ACROSS_FILESYSTEM not set).
fatal: not a git repository (or any parent up to mount point /local)
Stopping at filesystem boundary (GIT_DISCOVERY_ACROSS_FILESYSTEM not set).
fatal: not a git repository (or any parent up to mount point /local)
Stopping at filesystem boundary (GIT_DISCOVERY_ACROSS_FILESYSTEM not set).
fatal: not a git repository (or any parent up to mount point /local)
Stopping at filesystem boundary (GIT_DISCOVERY_ACROSS_FILESYSTEM not set).
rep 1/1: complete export=s e2e=14.981939674s 19297737 bytes syscr=1550686 pread64=1201735 io_uring_enter=3622 read_bytes=2992119808 cpu_s=10.710000
[2026-10-06T00:13:24Z] pr161-H-vocab-random-label-de-200k-cold-variant-r5 done
Caches dropped successfully (synced, then wrote 1
 to /proc/sys/vm/drop_caches).
fatal: not a git repository (or any parent up to mount point /local)
Stopping at filesystem boundary (GIT_DISCOVERY_ACROSS_FILESYSTEM not set).
fatal: not a git repository (or any parent up to mount point /local)
Stopping at filesystem boundary (GIT_DISCOVERY_ACROSS_FILESYSTEM not set).
fatal: not a git repository (or any parent up to mount point /local)
Stopping at filesystem boundary (GIT_DISCOVERY_ACROSS_FILESYSTEM not set).
fatal: not a git repository (or any parent up to mount point /local)
Stopping at filesystem boundary (GIT_DISCOVERY_ACROSS_FILESYSTEM not set).
fatal: not a git repository (or any parent up to mount point /local)
Stopping at filesystem boundary (GIT_DISCOVERY_ACROSS_FILESYSTEM not set).
rep 1/1: complete export=s e2e=14.976437150s 19297737 bytes syscr=1550686 pread64=1201735 io_uring_enter=3619 read_bytes=2992119808 cpu_s=10.830000
[2026-10-06T00:14:15Z] pr161-H-vocab-random-label-de-200k-cold-variant-r6 done
Caches dropped successfully (synced, then wrote 1
 to /proc/sys/vm/drop_caches).
fatal: not a git repository (or any parent up to mount point /local)
Stopping at filesystem boundary (GIT_DISCOVERY_ACROSS_FILESYSTEM not set).
fatal: not a git repository (or any parent up to mount point /local)
Stopping at filesystem boundary (GIT_DISCOVERY_ACROSS_FILESYSTEM not set).
fatal: not a git repository (or any parent up to mount point /local)
Stopping at filesystem boundary (GIT_DISCOVERY_ACROSS_FILESYSTEM not set).
fatal: not a git repository (or any parent up to mount point /local)
Stopping at filesystem boundary (GIT_DISCOVERY_ACROSS_FILESYSTEM not set).
fatal: not a git repository (or any parent up to mount point /local)
Stopping at filesystem boundary (GIT_DISCOVERY_ACROSS_FILESYSTEM not set).
rep 1/1: complete export=s e2e=15.137286889s 19297737 bytes syscr=1550686 pread64=1201735 io_uring_enter=173845 read_bytes=2992119808 cpu_s=11.040000
[2026-10-06T00:15:06Z] pr161-H-vocab-random-label-de-200k-cold-base-r6 done
Caches dropped successfully (synced, then wrote 1
 to /proc/sys/vm/drop_caches).
fatal: not a git repository (or any parent up to mount point /local)
Stopping at filesystem boundary (GIT_DISCOVERY_ACROSS_FILESYSTEM not set).
fatal: not a git repository (or any parent up to mount point /local)
Stopping at filesystem boundary (GIT_DISCOVERY_ACROSS_FILESYSTEM not set).
fatal: not a git repository (or any parent up to mount point /local)
Stopping at filesystem boundary (GIT_DISCOVERY_ACROSS_FILESYSTEM not set).
fatal: not a git repository (or any parent up to mount point /local)
Stopping at filesystem boundary (GIT_DISCOVERY_ACROSS_FILESYSTEM not set).
fatal: not a git repository (or any parent up to mount point /local)
Stopping at filesystem boundary (GIT_DISCOVERY_ACROSS_FILESYSTEM not set).
rep 1/1: complete export=s e2e=15.032773016s 19297737 bytes syscr=1550686 pread64=1201735 io_uring_enter=173767 read_bytes=2992119808 cpu_s=10.910000
[2026-10-06T00:15:57Z] pr161-H-vocab-random-label-de-200k-cold-base-r7 done
Caches dropped successfully (synced, then wrote 1
 to /proc/sys/vm/drop_caches).
fatal: not a git repository (or any parent up to mount point /local)
Stopping at filesystem boundary (GIT_DISCOVERY_ACROSS_FILESYSTEM not set).
fatal: not a git repository (or any parent up to mount point /local)
Stopping at filesystem boundary (GIT_DISCOVERY_ACROSS_FILESYSTEM not set).
fatal: not a git repository (or any parent up to mount point /local)
Stopping at filesystem boundary (GIT_DISCOVERY_ACROSS_FILESYSTEM not set).
fatal: not a git repository (or any parent up to mount point /local)
Stopping at filesystem boundary (GIT_DISCOVERY_ACROSS_FILESYSTEM not set).
fatal: not a git repository (or any parent up to mount point /local)
Stopping at filesystem boundary (GIT_DISCOVERY_ACROSS_FILESYSTEM not set).
rep 1/1: complete export=s e2e=14.952655391s 19297737 bytes syscr=1550686 pread64=1201735 io_uring_enter=3624 read_bytes=2992119808 cpu_s=10.780000
[2026-10-06T00:16:48Z] pr161-H-vocab-random-label-de-200k-cold-variant-r7 done
Caches dropped successfully (synced, then wrote 1
 to /proc/sys/vm/drop_caches).
fatal: not a git repository (or any parent up to mount point /local)
Stopping at filesystem boundary (GIT_DISCOVERY_ACROSS_FILESYSTEM not set).
fatal: not a git repository (or any parent up to mount point /local)
Stopping at filesystem boundary (GIT_DISCOVERY_ACROSS_FILESYSTEM not set).
fatal: not a git repository (or any parent up to mount point /local)
Stopping at filesystem boundary (GIT_DISCOVERY_ACROSS_FILESYSTEM not set).
fatal: not a git repository (or any parent up to mount point /local)
Stopping at filesystem boundary (GIT_DISCOVERY_ACROSS_FILESYSTEM not set).
fatal: not a git repository (or any parent up to mount point /local)
Stopping at filesystem boundary (GIT_DISCOVERY_ACROSS_FILESYSTEM not set).
rep 1/1: complete export=s e2e=14.963996582s 19297737 bytes syscr=1550686 pread64=1201735 io_uring_enter=3624 read_bytes=2992119808 cpu_s=10.850000
[2026-10-06T00:17:39Z] pr161-H-vocab-random-label-de-200k-cold-variant-r8 done
Caches dropped successfully (synced, then wrote 1
 to /proc/sys/vm/drop_caches).
fatal: not a git repository (or any parent up to mount point /local)
Stopping at filesystem boundary (GIT_DISCOVERY_ACROSS_FILESYSTEM not set).
fatal: not a git repository (or any parent up to mount point /local)
Stopping at filesystem boundary (GIT_DISCOVERY_ACROSS_FILESYSTEM not set).
fatal: not a git repository (or any parent up to mount point /local)
Stopping at filesystem boundary (GIT_DISCOVERY_ACROSS_FILESYSTEM not set).
fatal: not a git repository (or any parent up to mount point /local)
Stopping at filesystem boundary (GIT_DISCOVERY_ACROSS_FILESYSTEM not set).
fatal: not a git repository (or any parent up to mount point /local)
Stopping at filesystem boundary (GIT_DISCOVERY_ACROSS_FILESYSTEM not set).
rep 1/1: complete export=s e2e=14.968922963s 19297737 bytes syscr=1550686 pread64=1201735 io_uring_enter=174017 read_bytes=2992119808 cpu_s=10.830000
[2026-10-06T00:18:30Z] pr161-H-vocab-random-label-de-200k-cold-base-r8 done
Caches dropped successfully (synced, then wrote 1
 to /proc/sys/vm/drop_caches).
fatal: not a git repository (or any parent up to mount point /local)
Stopping at filesystem boundary (GIT_DISCOVERY_ACROSS_FILESYSTEM not set).
fatal: not a git repository (or any parent up to mount point /local)
Stopping at filesystem boundary (GIT_DISCOVERY_ACROSS_FILESYSTEM not set).
fatal: not a git repository (or any parent up to mount point /local)
Stopping at filesystem boundary (GIT_DISCOVERY_ACROSS_FILESYSTEM not set).
fatal: not a git repository (or any parent up to mount point /local)
Stopping at filesystem boundary (GIT_DISCOVERY_ACROSS_FILESYSTEM not set).
fatal: not a git repository (or any parent up to mount point /local)
Stopping at filesystem boundary (GIT_DISCOVERY_ACROSS_FILESYSTEM not set).
rep 1/1: complete export=s e2e=14.953752248s 19297737 bytes syscr=1550686 pread64=1201735 io_uring_enter=173870 read_bytes=2992586752 cpu_s=10.880000
[2026-10-06T00:19:21Z] pr161-H-vocab-random-label-de-200k-cold-base-r9 done
Caches dropped successfully (synced, then wrote 1
 to /proc/sys/vm/drop_caches).
fatal: not a git repository (or any parent up to mount point /local)
Stopping at filesystem boundary (GIT_DISCOVERY_ACROSS_FILESYSTEM not set).
fatal: not a git repository (or any parent up to mount point /local)
Stopping at filesystem boundary (GIT_DISCOVERY_ACROSS_FILESYSTEM not set).
fatal: not a git repository (or any parent up to mount point /local)
Stopping at filesystem boundary (GIT_DISCOVERY_ACROSS_FILESYSTEM not set).
fatal: not a git repository (or any parent up to mount point /local)
Stopping at filesystem boundary (GIT_DISCOVERY_ACROSS_FILESYSTEM not set).
fatal: not a git repository (or any parent up to mount point /local)
Stopping at filesystem boundary (GIT_DISCOVERY_ACROSS_FILESYSTEM not set).
rep 1/1: complete export=s e2e=15.011432953s 19297737 bytes syscr=1550686 pread64=1201735 io_uring_enter=3622 read_bytes=2992119808 cpu_s=10.760000
[2026-10-06T00:20:13Z] pr161-H-vocab-random-label-de-200k-cold-variant-r9 done
Caches dropped successfully (synced, then wrote 1
 to /proc/sys/vm/drop_caches).
fatal: not a git repository (or any parent up to mount point /local)
Stopping at filesystem boundary (GIT_DISCOVERY_ACROSS_FILESYSTEM not set).
fatal: not a git repository (or any parent up to mount point /local)
Stopping at filesystem boundary (GIT_DISCOVERY_ACROSS_FILESYSTEM not set).
fatal: not a git repository (or any parent up to mount point /local)
Stopping at filesystem boundary (GIT_DISCOVERY_ACROSS_FILESYSTEM not set).
fatal: not a git repository (or any parent up to mount point /local)
Stopping at filesystem boundary (GIT_DISCOVERY_ACROSS_FILESYSTEM not set).
fatal: not a git repository (or any parent up to mount point /local)
Stopping at filesystem boundary (GIT_DISCOVERY_ACROSS_FILESYSTEM not set).
rep 1/1: complete export=s e2e=14.866464142s 19297737 bytes syscr=1550686 pread64=1201735 io_uring_enter=3619 read_bytes=2992119808 cpu_s=10.770000
[2026-10-06T00:21:03Z] pr161-H-vocab-random-label-de-200k-cold-variant-r10 done
Caches dropped successfully (synced, then wrote 1
 to /proc/sys/vm/drop_caches).
fatal: not a git repository (or any parent up to mount point /local)
Stopping at filesystem boundary (GIT_DISCOVERY_ACROSS_FILESYSTEM not set).
fatal: not a git repository (or any parent up to mount point /local)
Stopping at filesystem boundary (GIT_DISCOVERY_ACROSS_FILESYSTEM not set).
fatal: not a git repository (or any parent up to mount point /local)
Stopping at filesystem boundary (GIT_DISCOVERY_ACROSS_FILESYSTEM not set).
fatal: not a git repository (or any parent up to mount point /local)
Stopping at filesystem boundary (GIT_DISCOVERY_ACROSS_FILESYSTEM not set).
fatal: not a git repository (or any parent up to mount point /local)
Stopping at filesystem boundary (GIT_DISCOVERY_ACROSS_FILESYSTEM not set).
rep 1/1: complete export=s e2e=15.126741262s 19297737 bytes syscr=1550686 pread64=1201735 io_uring_enter=173844 read_bytes=2992119808 cpu_s=10.890000
[2026-10-06T00:21:54Z] pr161-H-vocab-random-label-de-200k-cold-base-r10 done
fatal: not a git repository (or any parent up to mount point /local)
Stopping at filesystem boundary (GIT_DISCOVERY_ACROSS_FILESYSTEM not set).
fatal: not a git repository (or any parent up to mount point /local)
Stopping at filesystem boundary (GIT_DISCOVERY_ACROSS_FILESYSTEM not set).
fatal: not a git repository (or any parent up to mount point /local)
Stopping at filesystem boundary (GIT_DISCOVERY_ACROSS_FILESYSTEM not set).
fatal: not a git repository (or any parent up to mount point /local)
Stopping at filesystem boundary (GIT_DISCOVERY_ACROSS_FILESYSTEM not set).
fatal: not a git repository (or any parent up to mount point /local)
Stopping at filesystem boundary (GIT_DISCOVERY_ACROSS_FILESYSTEM not set).
rep 1/1: complete export=s e2e=6.145592647s 19297737 bytes syscr=3101332 pread64=2403470 io_uring_enter=0 read_bytes=0 cpu_s=13.050000
[2026-10-06T00:22:56Z] pr161-H-vocab-random-label-de-200k-warm-base-r1 done
fatal: not a git repository (or any parent up to mount point /local)
Stopping at filesystem boundary (GIT_DISCOVERY_ACROSS_FILESYSTEM not set).
fatal: not a git repository (or any parent up to mount point /local)
Stopping at filesystem boundary (GIT_DISCOVERY_ACROSS_FILESYSTEM not set).
fatal: not a git repository (or any parent up to mount point /local)
Stopping at filesystem boundary (GIT_DISCOVERY_ACROSS_FILESYSTEM not set).
fatal: not a git repository (or any parent up to mount point /local)
Stopping at filesystem boundary (GIT_DISCOVERY_ACROSS_FILESYSTEM not set).
fatal: not a git repository (or any parent up to mount point /local)
Stopping at filesystem boundary (GIT_DISCOVERY_ACROSS_FILESYSTEM not set).
rep 1/1: complete export=s e2e=6.117847772s 19297737 bytes syscr=3101332 pread64=2403470 io_uring_enter=0 read_bytes=0 cpu_s=13.020000
[2026-10-06T00:23:56Z] pr161-H-vocab-random-label-de-200k-warm-variant-r1 done
fatal: not a git repository (or any parent up to mount point /local)
Stopping at filesystem boundary (GIT_DISCOVERY_ACROSS_FILESYSTEM not set).
fatal: not a git repository (or any parent up to mount point /local)
Stopping at filesystem boundary (GIT_DISCOVERY_ACROSS_FILESYSTEM not set).
fatal: not a git repository (or any parent up to mount point /local)
Stopping at filesystem boundary (GIT_DISCOVERY_ACROSS_FILESYSTEM not set).
fatal: not a git repository (or any parent up to mount point /local)
Stopping at filesystem boundary (GIT_DISCOVERY_ACROSS_FILESYSTEM not set).
fatal: not a git repository (or any parent up to mount point /local)
Stopping at filesystem boundary (GIT_DISCOVERY_ACROSS_FILESYSTEM not set).
rep 1/1: complete export=s e2e=5.649202469s 19297737 bytes syscr=3101332 pread64=2403470 io_uring_enter=0 read_bytes=0 cpu_s=12.020000
[2026-10-06T00:24:53Z] pr161-H-vocab-random-label-de-200k-warm-variant-r2 done
fatal: not a git repository (or any parent up to mount point /local)
Stopping at filesystem boundary (GIT_DISCOVERY_ACROSS_FILESYSTEM not set).
fatal: not a git repository (or any parent up to mount point /local)
Stopping at filesystem boundary (GIT_DISCOVERY_ACROSS_FILESYSTEM not set).
fatal: not a git repository (or any parent up to mount point /local)
Stopping at filesystem boundary (GIT_DISCOVERY_ACROSS_FILESYSTEM not set).
fatal: not a git repository (or any parent up to mount point /local)
Stopping at filesystem boundary (GIT_DISCOVERY_ACROSS_FILESYSTEM not set).
fatal: not a git repository (or any parent up to mount point /local)
Stopping at filesystem boundary (GIT_DISCOVERY_ACROSS_FILESYSTEM not set).
rep 1/1: complete export=s e2e=5.471271351s 19297737 bytes syscr=3101332 pread64=2403470 io_uring_enter=0 read_bytes=0 cpu_s=11.650000
[2026-10-06T00:25:47Z] pr161-H-vocab-random-label-de-200k-warm-base-r2 done
fatal: not a git repository (or any parent up to mount point /local)
Stopping at filesystem boundary (GIT_DISCOVERY_ACROSS_FILESYSTEM not set).
fatal: not a git repository (or any parent up to mount point /local)
Stopping at filesystem boundary (GIT_DISCOVERY_ACROSS_FILESYSTEM not set).
fatal: not a git repository (or any parent up to mount point /local)
Stopping at filesystem boundary (GIT_DISCOVERY_ACROSS_FILESYSTEM not set).
fatal: not a git repository (or any parent up to mount point /local)
Stopping at filesystem boundary (GIT_DISCOVERY_ACROSS_FILESYSTEM not set).
fatal: not a git repository (or any parent up to mount point /local)
Stopping at filesystem boundary (GIT_DISCOVERY_ACROSS_FILESYSTEM not set).
rep 1/1: complete export=s e2e=5.290853159s 19297737 bytes syscr=3101328 pread64=2403470 io_uring_enter=0 read_bytes=0 cpu_s=11.210000
[2026-10-06T00:26:41Z] pr161-H-vocab-random-label-de-200k-warm-base-r3 done
fatal: not a git repository (or any parent up to mount point /local)
Stopping at filesystem boundary (GIT_DISCOVERY_ACROSS_FILESYSTEM not set).
fatal: not a git repository (or any parent up to mount point /local)
Stopping at filesystem boundary (GIT_DISCOVERY_ACROSS_FILESYSTEM not set).
fatal: not a git repository (or any parent up to mount point /local)
Stopping at filesystem boundary (GIT_DISCOVERY_ACROSS_FILESYSTEM not set).
fatal: not a git repository (or any parent up to mount point /local)
Stopping at filesystem boundary (GIT_DISCOVERY_ACROSS_FILESYSTEM not set).
fatal: not a git repository (or any parent up to mount point /local)
Stopping at filesystem boundary (GIT_DISCOVERY_ACROSS_FILESYSTEM not set).
rep 1/1: complete export=s e2e=5.114034264s 19297737 bytes syscr=3101328 pread64=2403470 io_uring_enter=0 read_bytes=0 cpu_s=10.940000
[2026-10-06T00:27:34Z] pr161-H-vocab-random-label-de-200k-warm-variant-r3 done
fatal: not a git repository (or any parent up to mount point /local)
Stopping at filesystem boundary (GIT_DISCOVERY_ACROSS_FILESYSTEM not set).
fatal: not a git repository (or any parent up to mount point /local)
Stopping at filesystem boundary (GIT_DISCOVERY_ACROSS_FILESYSTEM not set).
fatal: not a git repository (or any parent up to mount point /local)
Stopping at filesystem boundary (GIT_DISCOVERY_ACROSS_FILESYSTEM not set).
fatal: not a git repository (or any parent up to mount point /local)
Stopping at filesystem boundary (GIT_DISCOVERY_ACROSS_FILESYSTEM not set).
fatal: not a git repository (or any parent up to mount point /local)
Stopping at filesystem boundary (GIT_DISCOVERY_ACROSS_FILESYSTEM not set).
rep 1/1: complete export=s e2e=5.236456079s 19297737 bytes syscr=3101332 pread64=2403470 io_uring_enter=0 read_bytes=0 cpu_s=11.210000
[2026-10-06T00:28:26Z] pr161-H-vocab-random-label-de-200k-warm-variant-r4 done
fatal: not a git repository (or any parent up to mount point /local)
Stopping at filesystem boundary (GIT_DISCOVERY_ACROSS_FILESYSTEM not set).
fatal: not a git repository (or any parent up to mount point /local)
Stopping at filesystem boundary (GIT_DISCOVERY_ACROSS_FILESYSTEM not set).
fatal: not a git repository (or any parent up to mount point /local)
Stopping at filesystem boundary (GIT_DISCOVERY_ACROSS_FILESYSTEM not set).
fatal: not a git repository (or any parent up to mount point /local)
Stopping at filesystem boundary (GIT_DISCOVERY_ACROSS_FILESYSTEM not set).
fatal: not a git repository (or any parent up to mount point /local)
Stopping at filesystem boundary (GIT_DISCOVERY_ACROSS_FILESYSTEM not set).
rep 1/1: complete export=s e2e=5.107540204s 19297737 bytes syscr=3101328 pread64=2403470 io_uring_enter=0 read_bytes=0 cpu_s=10.860000
[2026-10-06T00:29:17Z] pr161-H-vocab-random-label-de-200k-warm-base-r4 done
fatal: not a git repository (or any parent up to mount point /local)
Stopping at filesystem boundary (GIT_DISCOVERY_ACROSS_FILESYSTEM not set).
fatal: not a git repository (or any parent up to mount point /local)
Stopping at filesystem boundary (GIT_DISCOVERY_ACROSS_FILESYSTEM not set).
fatal: not a git repository (or any parent up to mount point /local)
Stopping at filesystem boundary (GIT_DISCOVERY_ACROSS_FILESYSTEM not set).
fatal: not a git repository (or any parent up to mount point /local)
Stopping at filesystem boundary (GIT_DISCOVERY_ACROSS_FILESYSTEM not set).
fatal: not a git repository (or any parent up to mount point /local)
Stopping at filesystem boundary (GIT_DISCOVERY_ACROSS_FILESYSTEM not set).
rep 1/1: complete export=s e2e=5.070754963s 19297737 bytes syscr=3101328 pread64=2403470 io_uring_enter=0 read_bytes=0 cpu_s=10.770000
[2026-10-06T00:30:08Z] pr161-H-vocab-random-label-de-200k-warm-base-r5 done
fatal: not a git repository (or any parent up to mount point /local)
Stopping at filesystem boundary (GIT_DISCOVERY_ACROSS_FILESYSTEM not set).
fatal: not a git repository (or any parent up to mount point /local)
Stopping at filesystem boundary (GIT_DISCOVERY_ACROSS_FILESYSTEM not set).
fatal: not a git repository (or any parent up to mount point /local)
Stopping at filesystem boundary (GIT_DISCOVERY_ACROSS_FILESYSTEM not set).
fatal: not a git repository (or any parent up to mount point /local)
Stopping at filesystem boundary (GIT_DISCOVERY_ACROSS_FILESYSTEM not set).
fatal: not a git repository (or any parent up to mount point /local)
Stopping at filesystem boundary (GIT_DISCOVERY_ACROSS_FILESYSTEM not set).
rep 1/1: complete export=s e2e=5.120038125s 19297737 bytes syscr=3101328 pread64=2403470 io_uring_enter=0 read_bytes=0 cpu_s=10.880000
[2026-10-06T00:30:59Z] pr161-H-vocab-random-label-de-200k-warm-variant-r5 done
fatal: not a git repository (or any parent up to mount point /local)
Stopping at filesystem boundary (GIT_DISCOVERY_ACROSS_FILESYSTEM not set).
fatal: not a git repository (or any parent up to mount point /local)
Stopping at filesystem boundary (GIT_DISCOVERY_ACROSS_FILESYSTEM not set).
fatal: not a git repository (or any parent up to mount point /local)
Stopping at filesystem boundary (GIT_DISCOVERY_ACROSS_FILESYSTEM not set).
fatal: not a git repository (or any parent up to mount point /local)
Stopping at filesystem boundary (GIT_DISCOVERY_ACROSS_FILESYSTEM not set).
fatal: not a git repository (or any parent up to mount point /local)
Stopping at filesystem boundary (GIT_DISCOVERY_ACROSS_FILESYSTEM not set).
rep 1/1: complete export=s e2e=5.024133920s 19297737 bytes syscr=4651990 pread64=3605205 io_uring_enter=0 read_bytes=0 cpu_s=16.060000
[2026-10-06T00:31:55Z] pr161-H-vocab-random-label-de-200k-warm-variant-r6 done
fatal: not a git repository (or any parent up to mount point /local)
Stopping at filesystem boundary (GIT_DISCOVERY_ACROSS_FILESYSTEM not set).
fatal: not a git repository (or any parent up to mount point /local)
Stopping at filesystem boundary (GIT_DISCOVERY_ACROSS_FILESYSTEM not set).
fatal: not a git repository (or any parent up to mount point /local)
Stopping at filesystem boundary (GIT_DISCOVERY_ACROSS_FILESYSTEM not set).
fatal: not a git repository (or any parent up to mount point /local)
Stopping at filesystem boundary (GIT_DISCOVERY_ACROSS_FILESYSTEM not set).
fatal: not a git repository (or any parent up to mount point /local)
Stopping at filesystem boundary (GIT_DISCOVERY_ACROSS_FILESYSTEM not set).
rep 1/1: complete export=s e2e=4.777597959s 19297737 bytes syscr=4651990 pread64=3605205 io_uring_enter=0 read_bytes=0 cpu_s=15.360000
[2026-10-06T00:32:49Z] pr161-H-vocab-random-label-de-200k-warm-base-r6 done
fatal: not a git repository (or any parent up to mount point /local)
Stopping at filesystem boundary (GIT_DISCOVERY_ACROSS_FILESYSTEM not set).
fatal: not a git repository (or any parent up to mount point /local)
Stopping at filesystem boundary (GIT_DISCOVERY_ACROSS_FILESYSTEM not set).
fatal: not a git repository (or any parent up to mount point /local)
Stopping at filesystem boundary (GIT_DISCOVERY_ACROSS_FILESYSTEM not set).
fatal: not a git repository (or any parent up to mount point /local)
Stopping at filesystem boundary (GIT_DISCOVERY_ACROSS_FILESYSTEM not set).
fatal: not a git repository (or any parent up to mount point /local)
Stopping at filesystem boundary (GIT_DISCOVERY_ACROSS_FILESYSTEM not set).
rep 1/1: complete export=s e2e=4.631954233s 19297737 bytes syscr=4651990 pread64=3605205 io_uring_enter=0 read_bytes=0 cpu_s=14.860000
[2026-10-06T00:33:42Z] pr161-H-vocab-random-label-de-200k-warm-base-r7 done
fatal: not a git repository (or any parent up to mount point /local)
Stopping at filesystem boundary (GIT_DISCOVERY_ACROSS_FILESYSTEM not set).
fatal: not a git repository (or any parent up to mount point /local)
Stopping at filesystem boundary (GIT_DISCOVERY_ACROSS_FILESYSTEM not set).
fatal: not a git repository (or any parent up to mount point /local)
Stopping at filesystem boundary (GIT_DISCOVERY_ACROSS_FILESYSTEM not set).
fatal: not a git repository (or any parent up to mount point /local)
Stopping at filesystem boundary (GIT_DISCOVERY_ACROSS_FILESYSTEM not set).
fatal: not a git repository (or any parent up to mount point /local)
Stopping at filesystem boundary (GIT_DISCOVERY_ACROSS_FILESYSTEM not set).
rep 1/1: complete export=s e2e=5.306702638s 19297737 bytes syscr=3101332 pread64=2403470 io_uring_enter=0 read_bytes=0 cpu_s=11.370000
[2026-10-06T00:34:30Z] pr161-H-vocab-random-label-de-200k-warm-variant-r7 done
fatal: not a git repository (or any parent up to mount point /local)
Stopping at filesystem boundary (GIT_DISCOVERY_ACROSS_FILESYSTEM not set).
fatal: not a git repository (or any parent up to mount point /local)
Stopping at filesystem boundary (GIT_DISCOVERY_ACROSS_FILESYSTEM not set).
fatal: not a git repository (or any parent up to mount point /local)
Stopping at filesystem boundary (GIT_DISCOVERY_ACROSS_FILESYSTEM not set).
fatal: not a git repository (or any parent up to mount point /local)
Stopping at filesystem boundary (GIT_DISCOVERY_ACROSS_FILESYSTEM not set).
fatal: not a git repository (or any parent up to mount point /local)
Stopping at filesystem boundary (GIT_DISCOVERY_ACROSS_FILESYSTEM not set).
rep 1/1: complete export=s e2e=5.208220177s 19297737 bytes syscr=3101328 pread64=2403470 io_uring_enter=0 read_bytes=0 cpu_s=11.110000
[2026-10-06T00:35:23Z] pr161-H-vocab-random-label-de-200k-warm-variant-r8 done
fatal: not a git repository (or any parent up to mount point /local)
Stopping at filesystem boundary (GIT_DISCOVERY_ACROSS_FILESYSTEM not set).
fatal: not a git repository (or any parent up to mount point /local)
Stopping at filesystem boundary (GIT_DISCOVERY_ACROSS_FILESYSTEM not set).
fatal: not a git repository (or any parent up to mount point /local)
Stopping at filesystem boundary (GIT_DISCOVERY_ACROSS_FILESYSTEM not set).
fatal: not a git repository (or any parent up to mount point /local)
Stopping at filesystem boundary (GIT_DISCOVERY_ACROSS_FILESYSTEM not set).
fatal: not a git repository (or any parent up to mount point /local)
Stopping at filesystem boundary (GIT_DISCOVERY_ACROSS_FILESYSTEM not set).
rep 1/1: complete export=s e2e=4.804568408s 19297737 bytes syscr=4651990 pread64=3605205 io_uring_enter=0 read_bytes=0 cpu_s=15.450000
[2026-10-06T00:36:18Z] pr161-H-vocab-random-label-de-200k-warm-base-r8 done
fatal: not a git repository (or any parent up to mount point /local)
Stopping at filesystem boundary (GIT_DISCOVERY_ACROSS_FILESYSTEM not set).
fatal: not a git repository (or any parent up to mount point /local)
Stopping at filesystem boundary (GIT_DISCOVERY_ACROSS_FILESYSTEM not set).
fatal: not a git repository (or any parent up to mount point /local)
Stopping at filesystem boundary (GIT_DISCOVERY_ACROSS_FILESYSTEM not set).
fatal: not a git repository (or any parent up to mount point /local)
Stopping at filesystem boundary (GIT_DISCOVERY_ACROSS_FILESYSTEM not set).
fatal: not a git repository (or any parent up to mount point /local)
Stopping at filesystem boundary (GIT_DISCOVERY_ACROSS_FILESYSTEM not set).
rep 1/1: complete export=s e2e=4.596683126s 19297737 bytes syscr=4651990 pread64=3605205 io_uring_enter=0 read_bytes=0 cpu_s=14.840000
[2026-10-06T00:37:09Z] pr161-H-vocab-random-label-de-200k-warm-base-r9 done
fatal: not a git repository (or any parent up to mount point /local)
Stopping at filesystem boundary (GIT_DISCOVERY_ACROSS_FILESYSTEM not set).
fatal: not a git repository (or any parent up to mount point /local)
Stopping at filesystem boundary (GIT_DISCOVERY_ACROSS_FILESYSTEM not set).
fatal: not a git repository (or any parent up to mount point /local)
Stopping at filesystem boundary (GIT_DISCOVERY_ACROSS_FILESYSTEM not set).
fatal: not a git repository (or any parent up to mount point /local)
Stopping at filesystem boundary (GIT_DISCOVERY_ACROSS_FILESYSTEM not set).
fatal: not a git repository (or any parent up to mount point /local)
Stopping at filesystem boundary (GIT_DISCOVERY_ACROSS_FILESYSTEM not set).
rep 1/1: complete export=s e2e=4.664264711s 19297737 bytes syscr=4651990 pread64=3605205 io_uring_enter=0 read_bytes=0 cpu_s=15.080000
[2026-10-06T00:38:01Z] pr161-H-vocab-random-label-de-200k-warm-variant-r9 done
fatal: not a git repository (or any parent up to mount point /local)
Stopping at filesystem boundary (GIT_DISCOVERY_ACROSS_FILESYSTEM not set).
fatal: not a git repository (or any parent up to mount point /local)
Stopping at filesystem boundary (GIT_DISCOVERY_ACROSS_FILESYSTEM not set).
fatal: not a git repository (or any parent up to mount point /local)
Stopping at filesystem boundary (GIT_DISCOVERY_ACROSS_FILESYSTEM not set).
fatal: not a git repository (or any parent up to mount point /local)
Stopping at filesystem boundary (GIT_DISCOVERY_ACROSS_FILESYSTEM not set).
fatal: not a git repository (or any parent up to mount point /local)
Stopping at filesystem boundary (GIT_DISCOVERY_ACROSS_FILESYSTEM not set).
rep 1/1: complete export=s e2e=5.147343111s 19297737 bytes syscr=3101328 pread64=2403470 io_uring_enter=0 read_bytes=0 cpu_s=11.060000
[2026-10-06T00:38:51Z] pr161-H-vocab-random-label-de-200k-warm-variant-r10 done
fatal: not a git repository (or any parent up to mount point /local)
Stopping at filesystem boundary (GIT_DISCOVERY_ACROSS_FILESYSTEM not set).
fatal: not a git repository (or any parent up to mount point /local)
Stopping at filesystem boundary (GIT_DISCOVERY_ACROSS_FILESYSTEM not set).
fatal: not a git repository (or any parent up to mount point /local)
Stopping at filesystem boundary (GIT_DISCOVERY_ACROSS_FILESYSTEM not set).
fatal: not a git repository (or any parent up to mount point /local)
Stopping at filesystem boundary (GIT_DISCOVERY_ACROSS_FILESYSTEM not set).
fatal: not a git repository (or any parent up to mount point /local)
Stopping at filesystem boundary (GIT_DISCOVERY_ACROSS_FILESYSTEM not set).
rep 1/1: complete export=s e2e=6.296808810s 19297737 bytes syscr=3101332 pread64=2403470 io_uring_enter=0 read_bytes=0 cpu_s=13.340000
[2026-10-06T00:39:52Z] pr161-H-vocab-random-label-de-200k-warm-base-r10 done
Caches dropped successfully (synced, then wrote 1
 to /proc/sys/vm/drop_caches).
fatal: not a git repository (or any parent up to mount point /local)
Stopping at filesystem boundary (GIT_DISCOVERY_ACROSS_FILESYSTEM not set).
fatal: not a git repository (or any parent up to mount point /local)
Stopping at filesystem boundary (GIT_DISCOVERY_ACROSS_FILESYSTEM not set).
fatal: not a git repository (or any parent up to mount point /local)
Stopping at filesystem boundary (GIT_DISCOVERY_ACROSS_FILESYSTEM not set).
fatal: not a git repository (or any parent up to mount point /local)
Stopping at filesystem boundary (GIT_DISCOVERY_ACROSS_FILESYSTEM not set).
fatal: not a git repository (or any parent up to mount point /local)
Stopping at filesystem boundary (GIT_DISCOVERY_ACROSS_FILESYSTEM not set).
rep 1/1: complete export=s e2e=34.402300243s 504927346 bytes syscr=8881602 pread64=2633 io_uring_enter=168209 read_bytes=9442914304 cpu_s=38.370000
[2026-10-06T00:41:05Z] pr161-H-vocab-label-large-de-cold-base-r1 done
Caches dropped successfully (synced, then wrote 1
 to /proc/sys/vm/drop_caches).
fatal: not a git repository (or any parent up to mount point /local)
Stopping at filesystem boundary (GIT_DISCOVERY_ACROSS_FILESYSTEM not set).
fatal: not a git repository (or any parent up to mount point /local)
Stopping at filesystem boundary (GIT_DISCOVERY_ACROSS_FILESYSTEM not set).
fatal: not a git repository (or any parent up to mount point /local)
Stopping at filesystem boundary (GIT_DISCOVERY_ACROSS_FILESYSTEM not set).
fatal: not a git repository (or any parent up to mount point /local)
Stopping at filesystem boundary (GIT_DISCOVERY_ACROSS_FILESYSTEM not set).
fatal: not a git repository (or any parent up to mount point /local)
Stopping at filesystem boundary (GIT_DISCOVERY_ACROSS_FILESYSTEM not set).
rep 1/1: complete export=s e2e=34.687225073s 504927346 bytes syscr=8881606 pread64=2633 io_uring_enter=30140 read_bytes=9442914304 cpu_s=38.660000
[2026-10-06T00:42:20Z] pr161-H-vocab-label-large-de-cold-variant-r1 done
Caches dropped successfully (synced, then wrote 1
 to /proc/sys/vm/drop_caches).
fatal: not a git repository (or any parent up to mount point /local)
Stopping at filesystem boundary (GIT_DISCOVERY_ACROSS_FILESYSTEM not set).
fatal: not a git repository (or any parent up to mount point /local)
Stopping at filesystem boundary (GIT_DISCOVERY_ACROSS_FILESYSTEM not set).
fatal: not a git repository (or any parent up to mount point /local)
Stopping at filesystem boundary (GIT_DISCOVERY_ACROSS_FILESYSTEM not set).
fatal: not a git repository (or any parent up to mount point /local)
Stopping at filesystem boundary (GIT_DISCOVERY_ACROSS_FILESYSTEM not set).
fatal: not a git repository (or any parent up to mount point /local)
Stopping at filesystem boundary (GIT_DISCOVERY_ACROSS_FILESYSTEM not set).
rep 1/1: complete export=s e2e=34.378012243s 504927346 bytes syscr=8881606 pread64=2633 io_uring_enter=30262 read_bytes=9442914304 cpu_s=38.410000
[2026-10-06T00:43:35Z] pr161-H-vocab-label-large-de-cold-variant-r2 done
Caches dropped successfully (synced, then wrote 1
 to /proc/sys/vm/drop_caches).
fatal: not a git repository (or any parent up to mount point /local)
Stopping at filesystem boundary (GIT_DISCOVERY_ACROSS_FILESYSTEM not set).
fatal: not a git repository (or any parent up to mount point /local)
Stopping at filesystem boundary (GIT_DISCOVERY_ACROSS_FILESYSTEM not set).
fatal: not a git repository (or any parent up to mount point /local)
Stopping at filesystem boundary (GIT_DISCOVERY_ACROSS_FILESYSTEM not set).
fatal: not a git repository (or any parent up to mount point /local)
Stopping at filesystem boundary (GIT_DISCOVERY_ACROSS_FILESYSTEM not set).
fatal: not a git repository (or any parent up to mount point /local)
Stopping at filesystem boundary (GIT_DISCOVERY_ACROSS_FILESYSTEM not set).
rep 1/1: complete export=s e2e=34.244752758s 504927346 bytes syscr=8881602 pread64=2633 io_uring_enter=168404 read_bytes=9442914304 cpu_s=38.260000
[2026-10-06T00:44:48Z] pr161-H-vocab-label-large-de-cold-base-r2 done
Caches dropped successfully (synced, then wrote 1
 to /proc/sys/vm/drop_caches).
fatal: not a git repository (or any parent up to mount point /local)
Stopping at filesystem boundary (GIT_DISCOVERY_ACROSS_FILESYSTEM not set).
fatal: not a git repository (or any parent up to mount point /local)
Stopping at filesystem boundary (GIT_DISCOVERY_ACROSS_FILESYSTEM not set).
fatal: not a git repository (or any parent up to mount point /local)
Stopping at filesystem boundary (GIT_DISCOVERY_ACROSS_FILESYSTEM not set).
fatal: not a git repository (or any parent up to mount point /local)
Stopping at filesystem boundary (GIT_DISCOVERY_ACROSS_FILESYSTEM not set).
fatal: not a git repository (or any parent up to mount point /local)
Stopping at filesystem boundary (GIT_DISCOVERY_ACROSS_FILESYSTEM not set).
rep 1/1: complete export=s e2e=34.218092007s 504927346 bytes syscr=8881602 pread64=2633 io_uring_enter=168060 read_bytes=9442914304 cpu_s=38.210000
[2026-10-06T00:46:02Z] pr161-H-vocab-label-large-de-cold-base-r3 done
Caches dropped successfully (synced, then wrote 1
 to /proc/sys/vm/drop_caches).
fatal: not a git repository (or any parent up to mount point /local)
Stopping at filesystem boundary (GIT_DISCOVERY_ACROSS_FILESYSTEM not set).
fatal: not a git repository (or any parent up to mount point /local)
Stopping at filesystem boundary (GIT_DISCOVERY_ACROSS_FILESYSTEM not set).
fatal: not a git repository (or any parent up to mount point /local)
Stopping at filesystem boundary (GIT_DISCOVERY_ACROSS_FILESYSTEM not set).
fatal: not a git repository (or any parent up to mount point /local)
Stopping at filesystem boundary (GIT_DISCOVERY_ACROSS_FILESYSTEM not set).
fatal: not a git repository (or any parent up to mount point /local)
Stopping at filesystem boundary (GIT_DISCOVERY_ACROSS_FILESYSTEM not set).
rep 1/1: complete export=s e2e=33.551212771s 504927346 bytes syscr=8881602 pread64=2633 io_uring_enter=30556 read_bytes=9442914304 cpu_s=37.710000
[2026-10-06T00:47:15Z] pr161-H-vocab-label-large-de-cold-variant-r3 done
Caches dropped successfully (synced, then wrote 1
 to /proc/sys/vm/drop_caches).
fatal: not a git repository (or any parent up to mount point /local)
Stopping at filesystem boundary (GIT_DISCOVERY_ACROSS_FILESYSTEM not set).
fatal: not a git repository (or any parent up to mount point /local)
Stopping at filesystem boundary (GIT_DISCOVERY_ACROSS_FILESYSTEM not set).
fatal: not a git repository (or any parent up to mount point /local)
Stopping at filesystem boundary (GIT_DISCOVERY_ACROSS_FILESYSTEM not set).
fatal: not a git repository (or any parent up to mount point /local)
Stopping at filesystem boundary (GIT_DISCOVERY_ACROSS_FILESYSTEM not set).
fatal: not a git repository (or any parent up to mount point /local)
Stopping at filesystem boundary (GIT_DISCOVERY_ACROSS_FILESYSTEM not set).
rep 1/1: complete export=s e2e=33.177669225s 504927346 bytes syscr=8881602 pread64=2633 io_uring_enter=30572 read_bytes=9442914304 cpu_s=37.190000
[2026-10-06T00:48:28Z] pr161-H-vocab-label-large-de-cold-variant-r4 done
Caches dropped successfully (synced, then wrote 1
 to /proc/sys/vm/drop_caches).
fatal: not a git repository (or any parent up to mount point /local)
Stopping at filesystem boundary (GIT_DISCOVERY_ACROSS_FILESYSTEM not set).
fatal: not a git repository (or any parent up to mount point /local)
Stopping at filesystem boundary (GIT_DISCOVERY_ACROSS_FILESYSTEM not set).
fatal: not a git repository (or any parent up to mount point /local)
Stopping at filesystem boundary (GIT_DISCOVERY_ACROSS_FILESYSTEM not set).
fatal: not a git repository (or any parent up to mount point /local)
Stopping at filesystem boundary (GIT_DISCOVERY_ACROSS_FILESYSTEM not set).
fatal: not a git repository (or any parent up to mount point /local)
Stopping at filesystem boundary (GIT_DISCOVERY_ACROSS_FILESYSTEM not set).
rep 1/1: complete export=s e2e=33.291912375s 504927346 bytes syscr=8881602 pread64=2633 io_uring_enter=168470 read_bytes=9442914304 cpu_s=37.380000
[2026-10-06T00:49:41Z] pr161-H-vocab-label-large-de-cold-base-r4 done
Caches dropped successfully (synced, then wrote 1
 to /proc/sys/vm/drop_caches).
fatal: not a git repository (or any parent up to mount point /local)
Stopping at filesystem boundary (GIT_DISCOVERY_ACROSS_FILESYSTEM not set).
fatal: not a git repository (or any parent up to mount point /local)
Stopping at filesystem boundary (GIT_DISCOVERY_ACROSS_FILESYSTEM not set).
fatal: not a git repository (or any parent up to mount point /local)
Stopping at filesystem boundary (GIT_DISCOVERY_ACROSS_FILESYSTEM not set).
fatal: not a git repository (or any parent up to mount point /local)
Stopping at filesystem boundary (GIT_DISCOVERY_ACROSS_FILESYSTEM not set).
fatal: not a git repository (or any parent up to mount point /local)
Stopping at filesystem boundary (GIT_DISCOVERY_ACROSS_FILESYSTEM not set).
rep 1/1: complete export=s e2e=33.543335270s 504927346 bytes syscr=8881602 pread64=2633 io_uring_enter=168580 read_bytes=9442914304 cpu_s=37.590000
[2026-10-06T00:50:54Z] pr161-H-vocab-label-large-de-cold-base-r5 done
Caches dropped successfully (synced, then wrote 1
 to /proc/sys/vm/drop_caches).
fatal: not a git repository (or any parent up to mount point /local)
Stopping at filesystem boundary (GIT_DISCOVERY_ACROSS_FILESYSTEM not set).
fatal: not a git repository (or any parent up to mount point /local)
Stopping at filesystem boundary (GIT_DISCOVERY_ACROSS_FILESYSTEM not set).
fatal: not a git repository (or any parent up to mount point /local)
Stopping at filesystem boundary (GIT_DISCOVERY_ACROSS_FILESYSTEM not set).
fatal: not a git repository (or any parent up to mount point /local)
Stopping at filesystem boundary (GIT_DISCOVERY_ACROSS_FILESYSTEM not set).
fatal: not a git repository (or any parent up to mount point /local)
Stopping at filesystem boundary (GIT_DISCOVERY_ACROSS_FILESYSTEM not set).
rep 1/1: complete export=s e2e=33.413420491s 504927346 bytes syscr=8881602 pread64=2633 io_uring_enter=30508 read_bytes=9442914304 cpu_s=37.360000
[2026-10-06T00:52:07Z] pr161-H-vocab-label-large-de-cold-variant-r5 done
Caches dropped successfully (synced, then wrote 1
 to /proc/sys/vm/drop_caches).
fatal: not a git repository (or any parent up to mount point /local)
Stopping at filesystem boundary (GIT_DISCOVERY_ACROSS_FILESYSTEM not set).
fatal: not a git repository (or any parent up to mount point /local)
Stopping at filesystem boundary (GIT_DISCOVERY_ACROSS_FILESYSTEM not set).
fatal: not a git repository (or any parent up to mount point /local)
Stopping at filesystem boundary (GIT_DISCOVERY_ACROSS_FILESYSTEM not set).
fatal: not a git repository (or any parent up to mount point /local)
Stopping at filesystem boundary (GIT_DISCOVERY_ACROSS_FILESYSTEM not set).
fatal: not a git repository (or any parent up to mount point /local)
Stopping at filesystem boundary (GIT_DISCOVERY_ACROSS_FILESYSTEM not set).
rep 1/1: complete export=s e2e=33.751507725s 504927346 bytes syscr=8881602 pread64=2633 io_uring_enter=30361 read_bytes=9442914304 cpu_s=37.690000
[2026-10-06T00:53:20Z] pr161-H-vocab-label-large-de-cold-variant-r6 done
Caches dropped successfully (synced, then wrote 1
 to /proc/sys/vm/drop_caches).
fatal: not a git repository (or any parent up to mount point /local)
Stopping at filesystem boundary (GIT_DISCOVERY_ACROSS_FILESYSTEM not set).
fatal: not a git repository (or any parent up to mount point /local)
Stopping at filesystem boundary (GIT_DISCOVERY_ACROSS_FILESYSTEM not set).
fatal: not a git repository (or any parent up to mount point /local)
Stopping at filesystem boundary (GIT_DISCOVERY_ACROSS_FILESYSTEM not set).
fatal: not a git repository (or any parent up to mount point /local)
Stopping at filesystem boundary (GIT_DISCOVERY_ACROSS_FILESYSTEM not set).
fatal: not a git repository (or any parent up to mount point /local)
Stopping at filesystem boundary (GIT_DISCOVERY_ACROSS_FILESYSTEM not set).
rep 1/1: complete export=s e2e=34.201368752s 504927346 bytes syscr=8881602 pread64=2633 io_uring_enter=168256 read_bytes=9442521088 cpu_s=38.270000
[2026-10-06T00:54:34Z] pr161-H-vocab-label-large-de-cold-base-r6 done
Caches dropped successfully (synced, then wrote 1
 to /proc/sys/vm/drop_caches).
fatal: not a git repository (or any parent up to mount point /local)
Stopping at filesystem boundary (GIT_DISCOVERY_ACROSS_FILESYSTEM not set).
fatal: not a git repository (or any parent up to mount point /local)
Stopping at filesystem boundary (GIT_DISCOVERY_ACROSS_FILESYSTEM not set).
fatal: not a git repository (or any parent up to mount point /local)
Stopping at filesystem boundary (GIT_DISCOVERY_ACROSS_FILESYSTEM not set).
fatal: not a git repository (or any parent up to mount point /local)
Stopping at filesystem boundary (GIT_DISCOVERY_ACROSS_FILESYSTEM not set).
fatal: not a git repository (or any parent up to mount point /local)
Stopping at filesystem boundary (GIT_DISCOVERY_ACROSS_FILESYSTEM not set).
rep 1/1: complete export=s e2e=33.549686019s 504927346 bytes syscr=8881602 pread64=2633 io_uring_enter=168619 read_bytes=9442914304 cpu_s=37.560000
[2026-10-06T00:55:47Z] pr161-H-vocab-label-large-de-cold-base-r7 done
Caches dropped successfully (synced, then wrote 1
 to /proc/sys/vm/drop_caches).
fatal: not a git repository (or any parent up to mount point /local)
Stopping at filesystem boundary (GIT_DISCOVERY_ACROSS_FILESYSTEM not set).
fatal: not a git repository (or any parent up to mount point /local)
Stopping at filesystem boundary (GIT_DISCOVERY_ACROSS_FILESYSTEM not set).
fatal: not a git repository (or any parent up to mount point /local)
Stopping at filesystem boundary (GIT_DISCOVERY_ACROSS_FILESYSTEM not set).
fatal: not a git repository (or any parent up to mount point /local)
Stopping at filesystem boundary (GIT_DISCOVERY_ACROSS_FILESYSTEM not set).
fatal: not a git repository (or any parent up to mount point /local)
Stopping at filesystem boundary (GIT_DISCOVERY_ACROSS_FILESYSTEM not set).
rep 1/1: complete export=s e2e=33.729340931s 504927346 bytes syscr=8881602 pread64=2633 io_uring_enter=30497 read_bytes=9442914304 cpu_s=37.770000
[2026-10-06T00:57:00Z] pr161-H-vocab-label-large-de-cold-variant-r7 done
Caches dropped successfully (synced, then wrote 1
 to /proc/sys/vm/drop_caches).
fatal: not a git repository (or any parent up to mount point /local)
Stopping at filesystem boundary (GIT_DISCOVERY_ACROSS_FILESYSTEM not set).
fatal: not a git repository (or any parent up to mount point /local)
Stopping at filesystem boundary (GIT_DISCOVERY_ACROSS_FILESYSTEM not set).
fatal: not a git repository (or any parent up to mount point /local)
Stopping at filesystem boundary (GIT_DISCOVERY_ACROSS_FILESYSTEM not set).
fatal: not a git repository (or any parent up to mount point /local)
Stopping at filesystem boundary (GIT_DISCOVERY_ACROSS_FILESYSTEM not set).
fatal: not a git repository (or any parent up to mount point /local)
Stopping at filesystem boundary (GIT_DISCOVERY_ACROSS_FILESYSTEM not set).
rep 1/1: complete export=s e2e=33.392482538s 504927346 bytes syscr=8881602 pread64=2633 io_uring_enter=30583 read_bytes=9442914304 cpu_s=37.360000
[2026-10-06T00:58:13Z] pr161-H-vocab-label-large-de-cold-variant-r8 done
Caches dropped successfully (synced, then wrote 1
 to /proc/sys/vm/drop_caches).
fatal: not a git repository (or any parent up to mount point /local)
Stopping at filesystem boundary (GIT_DISCOVERY_ACROSS_FILESYSTEM not set).
fatal: not a git repository (or any parent up to mount point /local)
Stopping at filesystem boundary (GIT_DISCOVERY_ACROSS_FILESYSTEM not set).
fatal: not a git repository (or any parent up to mount point /local)
Stopping at filesystem boundary (GIT_DISCOVERY_ACROSS_FILESYSTEM not set).
fatal: not a git repository (or any parent up to mount point /local)
Stopping at filesystem boundary (GIT_DISCOVERY_ACROSS_FILESYSTEM not set).
fatal: not a git repository (or any parent up to mount point /local)
Stopping at filesystem boundary (GIT_DISCOVERY_ACROSS_FILESYSTEM not set).
rep 1/1: complete export=s e2e=33.917276532s 504927346 bytes syscr=8881602 pread64=2633 io_uring_enter=167963 read_bytes=9442914304 cpu_s=38.000000
[2026-10-06T00:59:27Z] pr161-H-vocab-label-large-de-cold-base-r8 done
Caches dropped successfully (synced, then wrote 1
 to /proc/sys/vm/drop_caches).
fatal: not a git repository (or any parent up to mount point /local)
Stopping at filesystem boundary (GIT_DISCOVERY_ACROSS_FILESYSTEM not set).
fatal: not a git repository (or any parent up to mount point /local)
Stopping at filesystem boundary (GIT_DISCOVERY_ACROSS_FILESYSTEM not set).
fatal: not a git repository (or any parent up to mount point /local)
Stopping at filesystem boundary (GIT_DISCOVERY_ACROSS_FILESYSTEM not set).
fatal: not a git repository (or any parent up to mount point /local)
Stopping at filesystem boundary (GIT_DISCOVERY_ACROSS_FILESYSTEM not set).
fatal: not a git repository (or any parent up to mount point /local)
Stopping at filesystem boundary (GIT_DISCOVERY_ACROSS_FILESYSTEM not set).
rep 1/1: complete export=s e2e=33.842524135s 504927346 bytes syscr=8881602 pread64=2633 io_uring_enter=168483 read_bytes=9442914304 cpu_s=37.850000
[2026-10-06T01:00:40Z] pr161-H-vocab-label-large-de-cold-base-r9 done
Caches dropped successfully (synced, then wrote 1
 to /proc/sys/vm/drop_caches).
fatal: not a git repository (or any parent up to mount point /local)
Stopping at filesystem boundary (GIT_DISCOVERY_ACROSS_FILESYSTEM not set).
fatal: not a git repository (or any parent up to mount point /local)
Stopping at filesystem boundary (GIT_DISCOVERY_ACROSS_FILESYSTEM not set).
fatal: not a git repository (or any parent up to mount point /local)
Stopping at filesystem boundary (GIT_DISCOVERY_ACROSS_FILESYSTEM not set).
fatal: not a git repository (or any parent up to mount point /local)
Stopping at filesystem boundary (GIT_DISCOVERY_ACROSS_FILESYSTEM not set).
fatal: not a git repository (or any parent up to mount point /local)
Stopping at filesystem boundary (GIT_DISCOVERY_ACROSS_FILESYSTEM not set).
rep 1/1: complete export=s e2e=33.610609883s 504927346 bytes syscr=8881602 pread64=2633 io_uring_enter=30509 read_bytes=9444134912 cpu_s=37.510000
[2026-10-06T01:01:53Z] pr161-H-vocab-label-large-de-cold-variant-r9 done
Caches dropped successfully (synced, then wrote 1
 to /proc/sys/vm/drop_caches).
fatal: not a git repository (or any parent up to mount point /local)
Stopping at filesystem boundary (GIT_DISCOVERY_ACROSS_FILESYSTEM not set).
fatal: not a git repository (or any parent up to mount point /local)
Stopping at filesystem boundary (GIT_DISCOVERY_ACROSS_FILESYSTEM not set).
fatal: not a git repository (or any parent up to mount point /local)
Stopping at filesystem boundary (GIT_DISCOVERY_ACROSS_FILESYSTEM not set).
fatal: not a git repository (or any parent up to mount point /local)
Stopping at filesystem boundary (GIT_DISCOVERY_ACROSS_FILESYSTEM not set).
fatal: not a git repository (or any parent up to mount point /local)
Stopping at filesystem boundary (GIT_DISCOVERY_ACROSS_FILESYSTEM not set).
rep 1/1: complete export=s e2e=32.711826602s 504927346 bytes syscr=8881602 pread64=2633 io_uring_enter=30743 read_bytes=9442914304 cpu_s=36.610000
[2026-10-06T01:03:05Z] pr161-H-vocab-label-large-de-cold-variant-r10 done
Caches dropped successfully (synced, then wrote 1
 to /proc/sys/vm/drop_caches).
fatal: not a git repository (or any parent up to mount point /local)
Stopping at filesystem boundary (GIT_DISCOVERY_ACROSS_FILESYSTEM not set).
fatal: not a git repository (or any parent up to mount point /local)
Stopping at filesystem boundary (GIT_DISCOVERY_ACROSS_FILESYSTEM not set).
fatal: not a git repository (or any parent up to mount point /local)
Stopping at filesystem boundary (GIT_DISCOVERY_ACROSS_FILESYSTEM not set).
fatal: not a git repository (or any parent up to mount point /local)
Stopping at filesystem boundary (GIT_DISCOVERY_ACROSS_FILESYSTEM not set).
fatal: not a git repository (or any parent up to mount point /local)
Stopping at filesystem boundary (GIT_DISCOVERY_ACROSS_FILESYSTEM not set).
rep 1/1: complete export=s e2e=31.878778669s 504927346 bytes syscr=8881598 pread64=2633 io_uring_enter=169156 read_bytes=9442914304 cpu_s=35.760000
[2026-10-06T01:04:16Z] pr161-H-vocab-label-large-de-cold-base-r10 done
fatal: not a git repository (or any parent up to mount point /local)
Stopping at filesystem boundary (GIT_DISCOVERY_ACROSS_FILESYSTEM not set).
fatal: not a git repository (or any parent up to mount point /local)
Stopping at filesystem boundary (GIT_DISCOVERY_ACROSS_FILESYSTEM not set).
fatal: not a git repository (or any parent up to mount point /local)
Stopping at filesystem boundary (GIT_DISCOVERY_ACROSS_FILESYSTEM not set).
fatal: not a git repository (or any parent up to mount point /local)
Stopping at filesystem boundary (GIT_DISCOVERY_ACROSS_FILESYSTEM not set).
fatal: not a git repository (or any parent up to mount point /local)
Stopping at filesystem boundary (GIT_DISCOVERY_ACROSS_FILESYSTEM not set).
rep 1/1: complete export=s e2e=21.112043206s 504927346 bytes syscr=8881578 pread64=2633 io_uring_enter=0 read_bytes=0 cpu_s=24.870000
[2026-10-06T01:05:41Z] pr161-H-vocab-label-large-de-warm-base-r1 done
fatal: not a git repository (or any parent up to mount point /local)
Stopping at filesystem boundary (GIT_DISCOVERY_ACROSS_FILESYSTEM not set).
fatal: not a git repository (or any parent up to mount point /local)
Stopping at filesystem boundary (GIT_DISCOVERY_ACROSS_FILESYSTEM not set).
fatal: not a git repository (or any parent up to mount point /local)
Stopping at filesystem boundary (GIT_DISCOVERY_ACROSS_FILESYSTEM not set).
fatal: not a git repository (or any parent up to mount point /local)
Stopping at filesystem boundary (GIT_DISCOVERY_ACROSS_FILESYSTEM not set).
fatal: not a git repository (or any parent up to mount point /local)
Stopping at filesystem boundary (GIT_DISCOVERY_ACROSS_FILESYSTEM not set).
rep 1/1: complete export=s e2e=20.028047245s 504927346 bytes syscr=8881574 pread64=2633 io_uring_enter=0 read_bytes=0 cpu_s=23.840000
[2026-10-06T01:07:03Z] pr161-H-vocab-label-large-de-warm-variant-r1 done
fatal: not a git repository (or any parent up to mount point /local)
Stopping at filesystem boundary (GIT_DISCOVERY_ACROSS_FILESYSTEM not set).
fatal: not a git repository (or any parent up to mount point /local)
Stopping at filesystem boundary (GIT_DISCOVERY_ACROSS_FILESYSTEM not set).
fatal: not a git repository (or any parent up to mount point /local)
Stopping at filesystem boundary (GIT_DISCOVERY_ACROSS_FILESYSTEM not set).
fatal: not a git repository (or any parent up to mount point /local)
Stopping at filesystem boundary (GIT_DISCOVERY_ACROSS_FILESYSTEM not set).
fatal: not a git repository (or any parent up to mount point /local)
Stopping at filesystem boundary (GIT_DISCOVERY_ACROSS_FILESYSTEM not set).
rep 1/1: complete export=s e2e=20.009335684s 504927346 bytes syscr=8881574 pread64=2633 io_uring_enter=0 read_bytes=0 cpu_s=23.770000
[2026-10-06T01:08:25Z] pr161-H-vocab-label-large-de-warm-variant-r2 done
fatal: not a git repository (or any parent up to mount point /local)
Stopping at filesystem boundary (GIT_DISCOVERY_ACROSS_FILESYSTEM not set).
fatal: not a git repository (or any parent up to mount point /local)
Stopping at filesystem boundary (GIT_DISCOVERY_ACROSS_FILESYSTEM not set).
fatal: not a git repository (or any parent up to mount point /local)
Stopping at filesystem boundary (GIT_DISCOVERY_ACROSS_FILESYSTEM not set).
fatal: not a git repository (or any parent up to mount point /local)
Stopping at filesystem boundary (GIT_DISCOVERY_ACROSS_FILESYSTEM not set).
fatal: not a git repository (or any parent up to mount point /local)
Stopping at filesystem boundary (GIT_DISCOVERY_ACROSS_FILESYSTEM not set).
rep 1/1: complete export=s e2e=19.909579799s 504927346 bytes syscr=8881574 pread64=2633 io_uring_enter=0 read_bytes=0 cpu_s=23.770000
[2026-10-06T01:09:46Z] pr161-H-vocab-label-large-de-warm-base-r2 done
fatal: not a git repository (or any parent up to mount point /local)
Stopping at filesystem boundary (GIT_DISCOVERY_ACROSS_FILESYSTEM not set).
fatal: not a git repository (or any parent up to mount point /local)
Stopping at filesystem boundary (GIT_DISCOVERY_ACROSS_FILESYSTEM not set).
fatal: not a git repository (or any parent up to mount point /local)
Stopping at filesystem boundary (GIT_DISCOVERY_ACROSS_FILESYSTEM not set).
fatal: not a git repository (or any parent up to mount point /local)
Stopping at filesystem boundary (GIT_DISCOVERY_ACROSS_FILESYSTEM not set).
fatal: not a git repository (or any parent up to mount point /local)
Stopping at filesystem boundary (GIT_DISCOVERY_ACROSS_FILESYSTEM not set).
rep 1/1: complete export=s e2e=19.280983675s 504927346 bytes syscr=8881574 pread64=2633 io_uring_enter=0 read_bytes=0 cpu_s=22.740000
[2026-10-06T01:11:04Z] pr161-H-vocab-label-large-de-warm-base-r3 done
fatal: not a git repository (or any parent up to mount point /local)
Stopping at filesystem boundary (GIT_DISCOVERY_ACROSS_FILESYSTEM not set).
fatal: not a git repository (or any parent up to mount point /local)
Stopping at filesystem boundary (GIT_DISCOVERY_ACROSS_FILESYSTEM not set).
fatal: not a git repository (or any parent up to mount point /local)
Stopping at filesystem boundary (GIT_DISCOVERY_ACROSS_FILESYSTEM not set).
fatal: not a git repository (or any parent up to mount point /local)
Stopping at filesystem boundary (GIT_DISCOVERY_ACROSS_FILESYSTEM not set).
fatal: not a git repository (or any parent up to mount point /local)
Stopping at filesystem boundary (GIT_DISCOVERY_ACROSS_FILESYSTEM not set).
rep 1/1: complete export=s e2e=18.874045196s 504927346 bytes syscr=8881570 pread64=2633 io_uring_enter=0 read_bytes=0 cpu_s=22.520000
[2026-10-06T01:12:22Z] pr161-H-vocab-label-large-de-warm-variant-r3 done
fatal: not a git repository (or any parent up to mount point /local)
Stopping at filesystem boundary (GIT_DISCOVERY_ACROSS_FILESYSTEM not set).
fatal: not a git repository (or any parent up to mount point /local)
Stopping at filesystem boundary (GIT_DISCOVERY_ACROSS_FILESYSTEM not set).
fatal: not a git repository (or any parent up to mount point /local)
Stopping at filesystem boundary (GIT_DISCOVERY_ACROSS_FILESYSTEM not set).
fatal: not a git repository (or any parent up to mount point /local)
Stopping at filesystem boundary (GIT_DISCOVERY_ACROSS_FILESYSTEM not set).
fatal: not a git repository (or any parent up to mount point /local)
Stopping at filesystem boundary (GIT_DISCOVERY_ACROSS_FILESYSTEM not set).
rep 1/1: complete export=s e2e=18.623619377s 504927346 bytes syscr=8881570 pread64=2633 io_uring_enter=0 read_bytes=0 cpu_s=22.380000
[2026-10-06T01:13:40Z] pr161-H-vocab-label-large-de-warm-variant-r4 done
fatal: not a git repository (or any parent up to mount point /local)
Stopping at filesystem boundary (GIT_DISCOVERY_ACROSS_FILESYSTEM not set).
fatal: not a git repository (or any parent up to mount point /local)
Stopping at filesystem boundary (GIT_DISCOVERY_ACROSS_FILESYSTEM not set).
fatal: not a git repository (or any parent up to mount point /local)
Stopping at filesystem boundary (GIT_DISCOVERY_ACROSS_FILESYSTEM not set).
fatal: not a git repository (or any parent up to mount point /local)
Stopping at filesystem boundary (GIT_DISCOVERY_ACROSS_FILESYSTEM not set).
fatal: not a git repository (or any parent up to mount point /local)
Stopping at filesystem boundary (GIT_DISCOVERY_ACROSS_FILESYSTEM not set).
rep 1/1: complete export=s e2e=18.142395785s 504927346 bytes syscr=8881574 pread64=2633 io_uring_enter=0 read_bytes=0 cpu_s=21.860000
[2026-10-06T01:14:56Z] pr161-H-vocab-label-large-de-warm-base-r4 done
fatal: not a git repository (or any parent up to mount point /local)
Stopping at filesystem boundary (GIT_DISCOVERY_ACROSS_FILESYSTEM not set).
fatal: not a git repository (or any parent up to mount point /local)
Stopping at filesystem boundary (GIT_DISCOVERY_ACROSS_FILESYSTEM not set).
fatal: not a git repository (or any parent up to mount point /local)
Stopping at filesystem boundary (GIT_DISCOVERY_ACROSS_FILESYSTEM not set).
fatal: not a git repository (or any parent up to mount point /local)
Stopping at filesystem boundary (GIT_DISCOVERY_ACROSS_FILESYSTEM not set).
fatal: not a git repository (or any parent up to mount point /local)
Stopping at filesystem boundary (GIT_DISCOVERY_ACROSS_FILESYSTEM not set).
rep 1/1: complete export=s e2e=19.219778412s 504927346 bytes syscr=8881570 pread64=2633 io_uring_enter=0 read_bytes=0 cpu_s=23.090000
[2026-10-06T01:16:08Z] pr161-H-vocab-label-large-de-warm-base-r5 done
fatal: not a git repository (or any parent up to mount point /local)
Stopping at filesystem boundary (GIT_DISCOVERY_ACROSS_FILESYSTEM not set).
fatal: not a git repository (or any parent up to mount point /local)
Stopping at filesystem boundary (GIT_DISCOVERY_ACROSS_FILESYSTEM not set).
fatal: not a git repository (or any parent up to mount point /local)
Stopping at filesystem boundary (GIT_DISCOVERY_ACROSS_FILESYSTEM not set).
fatal: not a git repository (or any parent up to mount point /local)
Stopping at filesystem boundary (GIT_DISCOVERY_ACROSS_FILESYSTEM not set).
fatal: not a git repository (or any parent up to mount point /local)
Stopping at filesystem boundary (GIT_DISCOVERY_ACROSS_FILESYSTEM not set).
rep 1/1: complete export=s e2e=17.817464454s 504927346 bytes syscr=8881570 pread64=2633 io_uring_enter=0 read_bytes=0 cpu_s=21.620000
[2026-10-06T01:17:26Z] pr161-H-vocab-label-large-de-warm-variant-r5 done
fatal: not a git repository (or any parent up to mount point /local)
Stopping at filesystem boundary (GIT_DISCOVERY_ACROSS_FILESYSTEM not set).
fatal: not a git repository (or any parent up to mount point /local)
Stopping at filesystem boundary (GIT_DISCOVERY_ACROSS_FILESYSTEM not set).
fatal: not a git repository (or any parent up to mount point /local)
Stopping at filesystem boundary (GIT_DISCOVERY_ACROSS_FILESYSTEM not set).
fatal: not a git repository (or any parent up to mount point /local)
Stopping at filesystem boundary (GIT_DISCOVERY_ACROSS_FILESYSTEM not set).
fatal: not a git repository (or any parent up to mount point /local)
Stopping at filesystem boundary (GIT_DISCOVERY_ACROSS_FILESYSTEM not set).
rep 1/1: complete export=s e2e=15.721784850s 504927346 bytes syscr=8881566 pread64=2633 io_uring_enter=0 read_bytes=0 cpu_s=19.320000
[2026-10-06T01:18:34Z] pr161-H-vocab-label-large-de-warm-variant-r6 done
fatal: not a git repository (or any parent up to mount point /local)
Stopping at filesystem boundary (GIT_DISCOVERY_ACROSS_FILESYSTEM not set).
fatal: not a git repository (or any parent up to mount point /local)
Stopping at filesystem boundary (GIT_DISCOVERY_ACROSS_FILESYSTEM not set).
fatal: not a git repository (or any parent up to mount point /local)
Stopping at filesystem boundary (GIT_DISCOVERY_ACROSS_FILESYSTEM not set).
fatal: not a git repository (or any parent up to mount point /local)
Stopping at filesystem boundary (GIT_DISCOVERY_ACROSS_FILESYSTEM not set).
fatal: not a git repository (or any parent up to mount point /local)
Stopping at filesystem boundary (GIT_DISCOVERY_ACROSS_FILESYSTEM not set).
rep 1/1: complete export=s e2e=20.085534986s 504927346 bytes syscr=8881574 pread64=2633 io_uring_enter=0 read_bytes=0 cpu_s=23.820000
[2026-10-06T01:19:55Z] pr161-H-vocab-label-large-de-warm-base-r6 done
fatal: not a git repository (or any parent up to mount point /local)
Stopping at filesystem boundary (GIT_DISCOVERY_ACROSS_FILESYSTEM not set).
fatal: not a git repository (or any parent up to mount point /local)
Stopping at filesystem boundary (GIT_DISCOVERY_ACROSS_FILESYSTEM not set).
fatal: not a git repository (or any parent up to mount point /local)
Stopping at filesystem boundary (GIT_DISCOVERY_ACROSS_FILESYSTEM not set).
fatal: not a git repository (or any parent up to mount point /local)
Stopping at filesystem boundary (GIT_DISCOVERY_ACROSS_FILESYSTEM not set).
fatal: not a git repository (or any parent up to mount point /local)
Stopping at filesystem boundary (GIT_DISCOVERY_ACROSS_FILESYSTEM not set).
rep 1/1: complete export=s e2e=17.101657984s 504927346 bytes syscr=8881566 pread64=2633 io_uring_enter=0 read_bytes=0 cpu_s=20.910000
[2026-10-06T01:21:08Z] pr161-H-vocab-label-large-de-warm-base-r7 done
fatal: not a git repository (or any parent up to mount point /local)
Stopping at filesystem boundary (GIT_DISCOVERY_ACROSS_FILESYSTEM not set).
fatal: not a git repository (or any parent up to mount point /local)
Stopping at filesystem boundary (GIT_DISCOVERY_ACROSS_FILESYSTEM not set).
fatal: not a git repository (or any parent up to mount point /local)
Stopping at filesystem boundary (GIT_DISCOVERY_ACROSS_FILESYSTEM not set).
fatal: not a git repository (or any parent up to mount point /local)
Stopping at filesystem boundary (GIT_DISCOVERY_ACROSS_FILESYSTEM not set).
fatal: not a git repository (or any parent up to mount point /local)
Stopping at filesystem boundary (GIT_DISCOVERY_ACROSS_FILESYSTEM not set).
rep 1/1: complete export=s e2e=17.088324816s 504927346 bytes syscr=8881570 pread64=2633 io_uring_enter=0 read_bytes=0 cpu_s=20.810000
[2026-10-06T01:22:19Z] pr161-H-vocab-label-large-de-warm-variant-r7 done
fatal: not a git repository (or any parent up to mount point /local)
Stopping at filesystem boundary (GIT_DISCOVERY_ACROSS_FILESYSTEM not set).
fatal: not a git repository (or any parent up to mount point /local)
Stopping at filesystem boundary (GIT_DISCOVERY_ACROSS_FILESYSTEM not set).
fatal: not a git repository (or any parent up to mount point /local)
Stopping at filesystem boundary (GIT_DISCOVERY_ACROSS_FILESYSTEM not set).
fatal: not a git repository (or any parent up to mount point /local)
Stopping at filesystem boundary (GIT_DISCOVERY_ACROSS_FILESYSTEM not set).
fatal: not a git repository (or any parent up to mount point /local)
Stopping at filesystem boundary (GIT_DISCOVERY_ACROSS_FILESYSTEM not set).
rep 1/1: complete export=s e2e=15.838714544s 504927346 bytes syscr=8881566 pread64=2633 io_uring_enter=0 read_bytes=0 cpu_s=19.410000
[2026-10-06T01:23:28Z] pr161-H-vocab-label-large-de-warm-variant-r8 done
fatal: not a git repository (or any parent up to mount point /local)
Stopping at filesystem boundary (GIT_DISCOVERY_ACROSS_FILESYSTEM not set).
fatal: not a git repository (or any parent up to mount point /local)
Stopping at filesystem boundary (GIT_DISCOVERY_ACROSS_FILESYSTEM not set).
fatal: not a git repository (or any parent up to mount point /local)
Stopping at filesystem boundary (GIT_DISCOVERY_ACROSS_FILESYSTEM not set).
fatal: not a git repository (or any parent up to mount point /local)
Stopping at filesystem boundary (GIT_DISCOVERY_ACROSS_FILESYSTEM not set).
fatal: not a git repository (or any parent up to mount point /local)
Stopping at filesystem boundary (GIT_DISCOVERY_ACROSS_FILESYSTEM not set).
rep 1/1: complete export=s e2e=20.362485487s 504927346 bytes syscr=8881578 pread64=2633 io_uring_enter=0 read_bytes=0 cpu_s=24.160000
[2026-10-06T01:24:46Z] pr161-H-vocab-label-large-de-warm-base-r8 done
fatal: not a git repository (or any parent up to mount point /local)
Stopping at filesystem boundary (GIT_DISCOVERY_ACROSS_FILESYSTEM not set).
fatal: not a git repository (or any parent up to mount point /local)
Stopping at filesystem boundary (GIT_DISCOVERY_ACROSS_FILESYSTEM not set).
fatal: not a git repository (or any parent up to mount point /local)
Stopping at filesystem boundary (GIT_DISCOVERY_ACROSS_FILESYSTEM not set).
fatal: not a git repository (or any parent up to mount point /local)
Stopping at filesystem boundary (GIT_DISCOVERY_ACROSS_FILESYSTEM not set).
fatal: not a git repository (or any parent up to mount point /local)
Stopping at filesystem boundary (GIT_DISCOVERY_ACROSS_FILESYSTEM not set).
rep 1/1: complete export=s e2e=17.425774914s 504927346 bytes syscr=8881570 pread64=2633 io_uring_enter=0 read_bytes=0 cpu_s=21.140000
[2026-10-06T01:26:02Z] pr161-H-vocab-label-large-de-warm-base-r9 done
fatal: not a git repository (or any parent up to mount point /local)
Stopping at filesystem boundary (GIT_DISCOVERY_ACROSS_FILESYSTEM not set).
fatal: not a git repository (or any parent up to mount point /local)
Stopping at filesystem boundary (GIT_DISCOVERY_ACROSS_FILESYSTEM not set).
fatal: not a git repository (or any parent up to mount point /local)
Stopping at filesystem boundary (GIT_DISCOVERY_ACROSS_FILESYSTEM not set).
fatal: not a git repository (or any parent up to mount point /local)
Stopping at filesystem boundary (GIT_DISCOVERY_ACROSS_FILESYSTEM not set).
fatal: not a git repository (or any parent up to mount point /local)
Stopping at filesystem boundary (GIT_DISCOVERY_ACROSS_FILESYSTEM not set).
rep 1/1: complete export=s e2e=16.758441591s 504927346 bytes syscr=8881566 pread64=2633 io_uring_enter=0 read_bytes=0 cpu_s=20.510000
[2026-10-06T01:27:12Z] pr161-H-vocab-label-large-de-warm-variant-r9 done
fatal: not a git repository (or any parent up to mount point /local)
Stopping at filesystem boundary (GIT_DISCOVERY_ACROSS_FILESYSTEM not set).
fatal: not a git repository (or any parent up to mount point /local)
Stopping at filesystem boundary (GIT_DISCOVERY_ACROSS_FILESYSTEM not set).
fatal: not a git repository (or any parent up to mount point /local)
Stopping at filesystem boundary (GIT_DISCOVERY_ACROSS_FILESYSTEM not set).
fatal: not a git repository (or any parent up to mount point /local)
Stopping at filesystem boundary (GIT_DISCOVERY_ACROSS_FILESYSTEM not set).
fatal: not a git repository (or any parent up to mount point /local)
Stopping at filesystem boundary (GIT_DISCOVERY_ACROSS_FILESYSTEM not set).
rep 1/1: complete export=s e2e=19.261607307s 504927346 bytes syscr=8881570 pread64=2633 io_uring_enter=0 read_bytes=0 cpu_s=23.230000
[2026-10-06T01:28:25Z] pr161-H-vocab-label-large-de-warm-variant-r10 done
fatal: not a git repository (or any parent up to mount point /local)
Stopping at filesystem boundary (GIT_DISCOVERY_ACROSS_FILESYSTEM not set).
fatal: not a git repository (or any parent up to mount point /local)
Stopping at filesystem boundary (GIT_DISCOVERY_ACROSS_FILESYSTEM not set).
fatal: not a git repository (or any parent up to mount point /local)
Stopping at filesystem boundary (GIT_DISCOVERY_ACROSS_FILESYSTEM not set).
fatal: not a git repository (or any parent up to mount point /local)
Stopping at filesystem boundary (GIT_DISCOVERY_ACROSS_FILESYSTEM not set).
fatal: not a git repository (or any parent up to mount point /local)
Stopping at filesystem boundary (GIT_DISCOVERY_ACROSS_FILESYSTEM not set).
rep 1/1: complete export=s e2e=18.115977616s 504927346 bytes syscr=8881570 pread64=2633 io_uring_enter=0 read_bytes=0 cpu_s=21.930000
[2026-10-06T01:29:43Z] pr161-H-vocab-label-large-de-warm-base-r10 done
# PR #161 A/B on wikidata (turtle_export)

- Base: `51269ab4bf895211983287d1086c0a700ea43c86` part8-51269ab4; server args: `(none)`
- Variant: `49487dc53051e2aa3657beeafdce58d1f275434b` wave-reap-49487dc5; server args: `(none)`
- Binaries: two binaries; host `ural` (ural layout)
- Server query threads (`--num-simultaneous-queries`): 1
- Reps: 10 per arm, query and scenario; arms interleaved per rep, order alternating (odd reps base first, even reps variant first); cold reps run after `clear-caches`.
- Noise rule: within noise when |delta| < 1% or the min..max ranges overlap.

## Timing (elapsed_s, end to end)

| query | scenario | arm | n | median | min | max | delta vs base | verdict | correctness |
|---|---|---|---|---|---|---|---|---|---|
| H-vocab-random-label-de-400k | cold | part8-51269ab4 | 10 | 23.0707 | 20.0223 | 23.1947 |  |  |  |
| H-vocab-random-label-de-400k | cold | wave-reap-49487dc5 | 10 | 22.9511 | 21.6995 | 24.1372 | -0.52% | within noise | identical bytes |
| H-vocab-random-label-de-400k | warm | part8-51269ab4 | 10 | 9.7808 | 8.7248 | 12.2700 |  |  |  |
| H-vocab-random-label-de-400k | warm | wave-reap-49487dc5 | 10 | 9.7952 | 8.8050 | 12.2465 | +0.15% | within noise | identical bytes |
| H-vocab-random-label-de-200k | cold | part8-51269ab4 | 10 | 14.9745 | 14.8802 | 15.1373 |  |  |  |
| H-vocab-random-label-de-200k | cold | wave-reap-49487dc5 | 10 | 14.9631 | 14.8665 | 15.1266 | -0.08% | within noise | identical bytes |
| H-vocab-random-label-de-200k | warm | part8-51269ab4 | 10 | 5.0891 | 4.5967 | 6.2968 |  |  |  |
| H-vocab-random-label-de-200k | warm | wave-reap-49487dc5 | 10 | 5.1778 | 4.6643 | 6.1178 | +1.74% | within noise | identical bytes |
| H-vocab-label-large-de | cold | part8-51269ab4 | 10 | 33.8799 | 31.8788 | 34.4023 |  |  |  |
| H-vocab-label-large-de | cold | wave-reap-49487dc5 | 10 | 33.5809 | 32.7118 | 34.6872 | -0.88% | within noise | identical bytes |
| H-vocab-label-large-de | warm | part8-51269ab4 | 10 | 19.2504 | 17.1017 | 21.1120 |  |  |  |
| H-vocab-label-large-de | warm | wave-reap-49487dc5 | 10 | 18.2205 | 15.7218 | 20.0280 | -5.35% | within noise | identical bytes |

## Verdict

- H-vocab-random-label-de-400k cold: within noise (-0.52%); correctness: identical bytes
- H-vocab-random-label-de-400k warm: within noise (+0.15%); correctness: identical bytes
- H-vocab-random-label-de-200k cold: within noise (-0.08%); correctness: identical bytes
- H-vocab-random-label-de-200k warm: within noise (+1.74%); correctness: identical bytes
- H-vocab-label-large-de cold: within noise (-0.88%); correctness: identical bytes
- H-vocab-label-large-de warm: within noise (-5.35%); correctness: identical bytes

## Gates

- `gate-postflight-cold.log`: == POSTFLIGHT: PASS ==
- `gate-postflight-warm.log`: == POSTFLIGHT: PASS ==
- `gate-preflight-base.log`: == PREFLIGHT: PASS ==
- `gate-preflight-variant.log`: == PREFLIGHT: PASS ==
- `gate-verify-base.log`: VERDICT: PASS — binary is trustworthy for benchmarking
- `gate-verify-variant.log`: VERDICT: PASS — binary is trustworthy for benchmarking

## Problems

None: every rep complete, non-empty and correct.

Artifacts: `results.csv` (all reps), `<scenario>/<query>/<arm>/raw/` (harness output per rep), `correctness.tsv`, `build-env.txt`, `env-before.txt`, `env-after.txt`, `gate-*.log`, `driver.log`.
[2026-10-06T01:29:43Z] finished rc=0 run=/local/data-ssd/stoetzem/thesis/experiments/runs/colloquium-wave-reap-p8/timing
