[2026-09-28T19:16:46Z] PR #236 wikidata turtle_export queries=H-vocab-label-large-de H-vocab-random-label-de-200k scenarios=cold,warm reps=10 mode=two binaries layout=ural
[2026-09-28T19:16:46Z] base:    /local/data-ssd/stoetzem/thesis/experiments/runs/stack-nowait-vs-p7-wikidata-len10/bin/qlever-server-base (0ed8f9223497196d8979accb24ac737becc42f2b) args='' form=''
[2026-09-28T19:16:46Z] variant: /local/data-ssd/stoetzem/thesis/experiments/runs/stack-nowait-vs-p7-wikidata-len10/bin/qlever-server-variant (51269ab4bf895211983287d1086c0a700ea43c86) args='--set-runtime-parameter vocabulary-iouring-page-cache-fast-path=true' form=''
[2026-09-28T19:16:46Z] variant2: /local/data-ssd/stoetzem/thesis/experiments/runs/stack-nowait-vs-p7-wikidata-len10/bin/qlever-server-variant (51269ab4bf895211983287d1086c0a700ea43c86) args='--set-runtime-parameter vocabulary-iouring-page-cache-fast-path=false' label='nowait-fastpath-off'
Caches dropped successfully (synced, then wrote 1
 to /proc/sys/vm/drop_caches).
fatal: not a git repository (or any parent up to mount point /local)
Stopping at filesystem boundary (GIT_DISCOVERY_ACROSS_FILESYSTEM not set).
fatal: not a git repository (or any parent up to mount point /local)
Stopping at filesystem boundary (GIT_DISCOVERY_ACROSS_FILESYSTEM not set).
fatal: not a git repository (or any parent up to mount point /local)
Stopping at filesystem boundary (GIT_DISCOVERY_ACROSS_FILESYSTEM not set).
fatal: not a git repository (or any parent up to mount point /local)
Stopping at filesystem boundary (GIT_DISCOVERY_ACROSS_FILESYSTEM not set).
fatal: not a git repository (or any parent up to mount point /local)
Stopping at filesystem boundary (GIT_DISCOVERY_ACROSS_FILESYSTEM not set).
rep 1/1: complete export=s e2e=28.566351002s 504927346 bytes syscr=2693 pread64=2612 io_uring_enter=6636353 read_bytes=9431883776 cpu_s=31.650000
[2026-09-28T19:17:47Z] pr236-H-vocab-label-large-de-cold-base-r1 done
Caches dropped successfully (synced, then wrote 1
 to /proc/sys/vm/drop_caches).
fatal: not a git repository (or any parent up to mount point /local)
Stopping at filesystem boundary (GIT_DISCOVERY_ACROSS_FILESYSTEM not set).
fatal: not a git repository (or any parent up to mount point /local)
Stopping at filesystem boundary (GIT_DISCOVERY_ACROSS_FILESYSTEM not set).
fatal: not a git repository (or any parent up to mount point /local)
Stopping at filesystem boundary (GIT_DISCOVERY_ACROSS_FILESYSTEM not set).
fatal: not a git repository (or any parent up to mount point /local)
Stopping at filesystem boundary (GIT_DISCOVERY_ACROSS_FILESYSTEM not set).
fatal: not a git repository (or any parent up to mount point /local)
Stopping at filesystem boundary (GIT_DISCOVERY_ACROSS_FILESYSTEM not set).
rep 1/1: complete export=s e2e=24.852148706s 504927346 bytes syscr=8881582 pread64=2633 io_uring_enter=172547 read_bytes=9442914304 cpu_s=28.010000
[2026-09-28T19:18:43Z] pr236-H-vocab-label-large-de-cold-variant-r1 done
Caches dropped successfully (synced, then wrote 1
 to /proc/sys/vm/drop_caches).
fatal: not a git repository (or any parent up to mount point /local)
Stopping at filesystem boundary (GIT_DISCOVERY_ACROSS_FILESYSTEM not set).
fatal: not a git repository (or any parent up to mount point /local)
Stopping at filesystem boundary (GIT_DISCOVERY_ACROSS_FILESYSTEM not set).
fatal: not a git repository (or any parent up to mount point /local)
Stopping at filesystem boundary (GIT_DISCOVERY_ACROSS_FILESYSTEM not set).
fatal: not a git repository (or any parent up to mount point /local)
Stopping at filesystem boundary (GIT_DISCOVERY_ACROSS_FILESYSTEM not set).
fatal: not a git repository (or any parent up to mount point /local)
Stopping at filesystem boundary (GIT_DISCOVERY_ACROSS_FILESYSTEM not set).
rep 1/1: complete export=s e2e=28.642565283s 504927346 bytes syscr=2689 pread64=2633 io_uring_enter=6636272 read_bytes=9437876224 cpu_s=31.730000
[2026-09-28T19:19:44Z] pr236-H-vocab-label-large-de-cold-variant2-r1 done
Caches dropped successfully (synced, then wrote 1
 to /proc/sys/vm/drop_caches).
fatal: not a git repository (or any parent up to mount point /local)
Stopping at filesystem boundary (GIT_DISCOVERY_ACROSS_FILESYSTEM not set).
fatal: not a git repository (or any parent up to mount point /local)
Stopping at filesystem boundary (GIT_DISCOVERY_ACROSS_FILESYSTEM not set).
fatal: not a git repository (or any parent up to mount point /local)
Stopping at filesystem boundary (GIT_DISCOVERY_ACROSS_FILESYSTEM not set).
fatal: not a git repository (or any parent up to mount point /local)
Stopping at filesystem boundary (GIT_DISCOVERY_ACROSS_FILESYSTEM not set).
fatal: not a git repository (or any parent up to mount point /local)
Stopping at filesystem boundary (GIT_DISCOVERY_ACROSS_FILESYSTEM not set).
rep 1/1: complete export=s e2e=28.587786085s 504927346 bytes syscr=2693 pread64=2633 io_uring_enter=6636396 read_bytes=9430614016 cpu_s=31.660000
[2026-09-28T19:20:44Z] pr236-H-vocab-label-large-de-cold-variant2-r2 done
Caches dropped successfully (synced, then wrote 1
 to /proc/sys/vm/drop_caches).
fatal: not a git repository (or any parent up to mount point /local)
Stopping at filesystem boundary (GIT_DISCOVERY_ACROSS_FILESYSTEM not set).
fatal: not a git repository (or any parent up to mount point /local)
Stopping at filesystem boundary (GIT_DISCOVERY_ACROSS_FILESYSTEM not set).
fatal: not a git repository (or any parent up to mount point /local)
Stopping at filesystem boundary (GIT_DISCOVERY_ACROSS_FILESYSTEM not set).
fatal: not a git repository (or any parent up to mount point /local)
Stopping at filesystem boundary (GIT_DISCOVERY_ACROSS_FILESYSTEM not set).
fatal: not a git repository (or any parent up to mount point /local)
Stopping at filesystem boundary (GIT_DISCOVERY_ACROSS_FILESYSTEM not set).
rep 1/1: complete export=s e2e=24.762586834s 504927346 bytes syscr=8881582 pread64=2633 io_uring_enter=172710 read_bytes=9442914304 cpu_s=28.040000
[2026-09-28T19:21:41Z] pr236-H-vocab-label-large-de-cold-variant-r2 done
Caches dropped successfully (synced, then wrote 1
 to /proc/sys/vm/drop_caches).
fatal: not a git repository (or any parent up to mount point /local)
Stopping at filesystem boundary (GIT_DISCOVERY_ACROSS_FILESYSTEM not set).
fatal: not a git repository (or any parent up to mount point /local)
Stopping at filesystem boundary (GIT_DISCOVERY_ACROSS_FILESYSTEM not set).
fatal: not a git repository (or any parent up to mount point /local)
Stopping at filesystem boundary (GIT_DISCOVERY_ACROSS_FILESYSTEM not set).
fatal: not a git repository (or any parent up to mount point /local)
Stopping at filesystem boundary (GIT_DISCOVERY_ACROSS_FILESYSTEM not set).
fatal: not a git repository (or any parent up to mount point /local)
Stopping at filesystem boundary (GIT_DISCOVERY_ACROSS_FILESYSTEM not set).
rep 1/1: complete export=s e2e=28.630815952s 504927346 bytes syscr=2693 pread64=2612 io_uring_enter=6636314 read_bytes=9442271232 cpu_s=31.680000
[2026-09-28T19:22:42Z] pr236-H-vocab-label-large-de-cold-base-r2 done
Caches dropped successfully (synced, then wrote 1
 to /proc/sys/vm/drop_caches).
fatal: not a git repository (or any parent up to mount point /local)
Stopping at filesystem boundary (GIT_DISCOVERY_ACROSS_FILESYSTEM not set).
fatal: not a git repository (or any parent up to mount point /local)
Stopping at filesystem boundary (GIT_DISCOVERY_ACROSS_FILESYSTEM not set).
fatal: not a git repository (or any parent up to mount point /local)
Stopping at filesystem boundary (GIT_DISCOVERY_ACROSS_FILESYSTEM not set).
fatal: not a git repository (or any parent up to mount point /local)
Stopping at filesystem boundary (GIT_DISCOVERY_ACROSS_FILESYSTEM not set).
fatal: not a git repository (or any parent up to mount point /local)
Stopping at filesystem boundary (GIT_DISCOVERY_ACROSS_FILESYSTEM not set).
rep 1/1: complete export=s e2e=28.657616174s 504927346 bytes syscr=2689 pread64=2612 io_uring_enter=6636495 read_bytes=9446817792 cpu_s=31.740000
[2026-09-28T19:23:42Z] pr236-H-vocab-label-large-de-cold-base-r3 done
Caches dropped successfully (synced, then wrote 1
 to /proc/sys/vm/drop_caches).
fatal: not a git repository (or any parent up to mount point /local)
Stopping at filesystem boundary (GIT_DISCOVERY_ACROSS_FILESYSTEM not set).
fatal: not a git repository (or any parent up to mount point /local)
Stopping at filesystem boundary (GIT_DISCOVERY_ACROSS_FILESYSTEM not set).
fatal: not a git repository (or any parent up to mount point /local)
Stopping at filesystem boundary (GIT_DISCOVERY_ACROSS_FILESYSTEM not set).
fatal: not a git repository (or any parent up to mount point /local)
Stopping at filesystem boundary (GIT_DISCOVERY_ACROSS_FILESYSTEM not set).
fatal: not a git repository (or any parent up to mount point /local)
Stopping at filesystem boundary (GIT_DISCOVERY_ACROSS_FILESYSTEM not set).
rep 1/1: complete export=s e2e=24.712434585s 504927346 bytes syscr=8881582 pread64=2633 io_uring_enter=172458 read_bytes=9442914304 cpu_s=27.870000
[2026-09-28T19:24:39Z] pr236-H-vocab-label-large-de-cold-variant-r3 done
Caches dropped successfully (synced, then wrote 1
 to /proc/sys/vm/drop_caches).
fatal: not a git repository (or any parent up to mount point /local)
Stopping at filesystem boundary (GIT_DISCOVERY_ACROSS_FILESYSTEM not set).
fatal: not a git repository (or any parent up to mount point /local)
Stopping at filesystem boundary (GIT_DISCOVERY_ACROSS_FILESYSTEM not set).
fatal: not a git repository (or any parent up to mount point /local)
Stopping at filesystem boundary (GIT_DISCOVERY_ACROSS_FILESYSTEM not set).
fatal: not a git repository (or any parent up to mount point /local)
Stopping at filesystem boundary (GIT_DISCOVERY_ACROSS_FILESYSTEM not set).
fatal: not a git repository (or any parent up to mount point /local)
Stopping at filesystem boundary (GIT_DISCOVERY_ACROSS_FILESYSTEM not set).
rep 1/1: complete export=s e2e=28.568048077s 504927346 bytes syscr=2689 pread64=2633 io_uring_enter=6636465 read_bytes=9420898304 cpu_s=31.620000
[2026-09-28T19:25:39Z] pr236-H-vocab-label-large-de-cold-variant2-r3 done
Caches dropped successfully (synced, then wrote 1
 to /proc/sys/vm/drop_caches).
fatal: not a git repository (or any parent up to mount point /local)
Stopping at filesystem boundary (GIT_DISCOVERY_ACROSS_FILESYSTEM not set).
fatal: not a git repository (or any parent up to mount point /local)
Stopping at filesystem boundary (GIT_DISCOVERY_ACROSS_FILESYSTEM not set).
fatal: not a git repository (or any parent up to mount point /local)
Stopping at filesystem boundary (GIT_DISCOVERY_ACROSS_FILESYSTEM not set).
fatal: not a git repository (or any parent up to mount point /local)
Stopping at filesystem boundary (GIT_DISCOVERY_ACROSS_FILESYSTEM not set).
fatal: not a git repository (or any parent up to mount point /local)
Stopping at filesystem boundary (GIT_DISCOVERY_ACROSS_FILESYSTEM not set).
rep 1/1: complete export=s e2e=28.479877947s 504927346 bytes syscr=2693 pread64=2633 io_uring_enter=6636499 read_bytes=9432809472 cpu_s=31.500000
[2026-09-28T19:26:40Z] pr236-H-vocab-label-large-de-cold-variant2-r4 done
Caches dropped successfully (synced, then wrote 1
 to /proc/sys/vm/drop_caches).
fatal: not a git repository (or any parent up to mount point /local)
Stopping at filesystem boundary (GIT_DISCOVERY_ACROSS_FILESYSTEM not set).
fatal: not a git repository (or any parent up to mount point /local)
Stopping at filesystem boundary (GIT_DISCOVERY_ACROSS_FILESYSTEM not set).
fatal: not a git repository (or any parent up to mount point /local)
Stopping at filesystem boundary (GIT_DISCOVERY_ACROSS_FILESYSTEM not set).
fatal: not a git repository (or any parent up to mount point /local)
Stopping at filesystem boundary (GIT_DISCOVERY_ACROSS_FILESYSTEM not set).
fatal: not a git repository (or any parent up to mount point /local)
Stopping at filesystem boundary (GIT_DISCOVERY_ACROSS_FILESYSTEM not set).
rep 1/1: complete export=s e2e=24.751870116s 504927346 bytes syscr=8881586 pread64=2633 io_uring_enter=172385 read_bytes=9442914304 cpu_s=27.860000
[2026-09-28T19:27:36Z] pr236-H-vocab-label-large-de-cold-variant-r4 done
Caches dropped successfully (synced, then wrote 1
 to /proc/sys/vm/drop_caches).
fatal: not a git repository (or any parent up to mount point /local)
Stopping at filesystem boundary (GIT_DISCOVERY_ACROSS_FILESYSTEM not set).
fatal: not a git repository (or any parent up to mount point /local)
Stopping at filesystem boundary (GIT_DISCOVERY_ACROSS_FILESYSTEM not set).
fatal: not a git repository (or any parent up to mount point /local)
Stopping at filesystem boundary (GIT_DISCOVERY_ACROSS_FILESYSTEM not set).
fatal: not a git repository (or any parent up to mount point /local)
Stopping at filesystem boundary (GIT_DISCOVERY_ACROSS_FILESYSTEM not set).
fatal: not a git repository (or any parent up to mount point /local)
Stopping at filesystem boundary (GIT_DISCOVERY_ACROSS_FILESYSTEM not set).
rep 1/1: complete export=s e2e=28.599248734s 504927346 bytes syscr=2693 pread64=2612 io_uring_enter=6636408 read_bytes=9411555328 cpu_s=31.720000
[2026-09-28T19:28:37Z] pr236-H-vocab-label-large-de-cold-base-r4 done
Caches dropped successfully (synced, then wrote 1
 to /proc/sys/vm/drop_caches).
fatal: not a git repository (or any parent up to mount point /local)
Stopping at filesystem boundary (GIT_DISCOVERY_ACROSS_FILESYSTEM not set).
fatal: not a git repository (or any parent up to mount point /local)
Stopping at filesystem boundary (GIT_DISCOVERY_ACROSS_FILESYSTEM not set).
fatal: not a git repository (or any parent up to mount point /local)
Stopping at filesystem boundary (GIT_DISCOVERY_ACROSS_FILESYSTEM not set).
fatal: not a git repository (or any parent up to mount point /local)
Stopping at filesystem boundary (GIT_DISCOVERY_ACROSS_FILESYSTEM not set).
fatal: not a git repository (or any parent up to mount point /local)
Stopping at filesystem boundary (GIT_DISCOVERY_ACROSS_FILESYSTEM not set).
rep 1/1: complete export=s e2e=28.678894116s 504927346 bytes syscr=2693 pread64=2612 io_uring_enter=6636337 read_bytes=9428557824 cpu_s=31.730000
[2026-09-28T19:29:37Z] pr236-H-vocab-label-large-de-cold-base-r5 done
Caches dropped successfully (synced, then wrote 1
 to /proc/sys/vm/drop_caches).
fatal: not a git repository (or any parent up to mount point /local)
Stopping at filesystem boundary (GIT_DISCOVERY_ACROSS_FILESYSTEM not set).
fatal: not a git repository (or any parent up to mount point /local)
Stopping at filesystem boundary (GIT_DISCOVERY_ACROSS_FILESYSTEM not set).
fatal: not a git repository (or any parent up to mount point /local)
Stopping at filesystem boundary (GIT_DISCOVERY_ACROSS_FILESYSTEM not set).
fatal: not a git repository (or any parent up to mount point /local)
Stopping at filesystem boundary (GIT_DISCOVERY_ACROSS_FILESYSTEM not set).
fatal: not a git repository (or any parent up to mount point /local)
Stopping at filesystem boundary (GIT_DISCOVERY_ACROSS_FILESYSTEM not set).
rep 1/1: complete export=s e2e=24.683988445s 504927346 bytes syscr=8881586 pread64=2633 io_uring_enter=172361 read_bytes=9442914304 cpu_s=27.780000
[2026-09-28T19:30:33Z] pr236-H-vocab-label-large-de-cold-variant-r5 done
Caches dropped successfully (synced, then wrote 1
 to /proc/sys/vm/drop_caches).
fatal: not a git repository (or any parent up to mount point /local)
Stopping at filesystem boundary (GIT_DISCOVERY_ACROSS_FILESYSTEM not set).
fatal: not a git repository (or any parent up to mount point /local)
Stopping at filesystem boundary (GIT_DISCOVERY_ACROSS_FILESYSTEM not set).
fatal: not a git repository (or any parent up to mount point /local)
Stopping at filesystem boundary (GIT_DISCOVERY_ACROSS_FILESYSTEM not set).
fatal: not a git repository (or any parent up to mount point /local)
Stopping at filesystem boundary (GIT_DISCOVERY_ACROSS_FILESYSTEM not set).
fatal: not a git repository (or any parent up to mount point /local)
Stopping at filesystem boundary (GIT_DISCOVERY_ACROSS_FILESYSTEM not set).
rep 1/1: complete export=s e2e=28.551550179s 504927346 bytes syscr=2693 pread64=2633 io_uring_enter=6636299 read_bytes=9435058176 cpu_s=31.550000
[2026-09-28T19:31:34Z] pr236-H-vocab-label-large-de-cold-variant2-r5 done
Caches dropped successfully (synced, then wrote 1
 to /proc/sys/vm/drop_caches).
fatal: not a git repository (or any parent up to mount point /local)
Stopping at filesystem boundary (GIT_DISCOVERY_ACROSS_FILESYSTEM not set).
fatal: not a git repository (or any parent up to mount point /local)
Stopping at filesystem boundary (GIT_DISCOVERY_ACROSS_FILESYSTEM not set).
fatal: not a git repository (or any parent up to mount point /local)
Stopping at filesystem boundary (GIT_DISCOVERY_ACROSS_FILESYSTEM not set).
fatal: not a git repository (or any parent up to mount point /local)
Stopping at filesystem boundary (GIT_DISCOVERY_ACROSS_FILESYSTEM not set).
fatal: not a git repository (or any parent up to mount point /local)
Stopping at filesystem boundary (GIT_DISCOVERY_ACROSS_FILESYSTEM not set).
rep 1/1: complete export=s e2e=28.646358288s 504927346 bytes syscr=2689 pread64=2633 io_uring_enter=6636395 read_bytes=9433890816 cpu_s=31.660000
[2026-09-28T19:32:34Z] pr236-H-vocab-label-large-de-cold-variant2-r6 done
Caches dropped successfully (synced, then wrote 1
 to /proc/sys/vm/drop_caches).
fatal: not a git repository (or any parent up to mount point /local)
Stopping at filesystem boundary (GIT_DISCOVERY_ACROSS_FILESYSTEM not set).
fatal: not a git repository (or any parent up to mount point /local)
Stopping at filesystem boundary (GIT_DISCOVERY_ACROSS_FILESYSTEM not set).
fatal: not a git repository (or any parent up to mount point /local)
Stopping at filesystem boundary (GIT_DISCOVERY_ACROSS_FILESYSTEM not set).
fatal: not a git repository (or any parent up to mount point /local)
Stopping at filesystem boundary (GIT_DISCOVERY_ACROSS_FILESYSTEM not set).
fatal: not a git repository (or any parent up to mount point /local)
Stopping at filesystem boundary (GIT_DISCOVERY_ACROSS_FILESYSTEM not set).
rep 1/1: complete export=s e2e=24.756079982s 504927346 bytes syscr=8881586 pread64=2633 io_uring_enter=172710 read_bytes=9442914304 cpu_s=27.860000
[2026-09-28T19:33:31Z] pr236-H-vocab-label-large-de-cold-variant-r6 done
Caches dropped successfully (synced, then wrote 1
 to /proc/sys/vm/drop_caches).
fatal: not a git repository (or any parent up to mount point /local)
Stopping at filesystem boundary (GIT_DISCOVERY_ACROSS_FILESYSTEM not set).
fatal: not a git repository (or any parent up to mount point /local)
Stopping at filesystem boundary (GIT_DISCOVERY_ACROSS_FILESYSTEM not set).
fatal: not a git repository (or any parent up to mount point /local)
Stopping at filesystem boundary (GIT_DISCOVERY_ACROSS_FILESYSTEM not set).
fatal: not a git repository (or any parent up to mount point /local)
Stopping at filesystem boundary (GIT_DISCOVERY_ACROSS_FILESYSTEM not set).
fatal: not a git repository (or any parent up to mount point /local)
Stopping at filesystem boundary (GIT_DISCOVERY_ACROSS_FILESYSTEM not set).
rep 1/1: complete export=s e2e=28.672383360s 504927346 bytes syscr=2689 pread64=2612 io_uring_enter=6636383 read_bytes=9437175808 cpu_s=31.690000
[2026-09-28T19:34:32Z] pr236-H-vocab-label-large-de-cold-base-r6 done
Caches dropped successfully (synced, then wrote 1
 to /proc/sys/vm/drop_caches).
fatal: not a git repository (or any parent up to mount point /local)
Stopping at filesystem boundary (GIT_DISCOVERY_ACROSS_FILESYSTEM not set).
fatal: not a git repository (or any parent up to mount point /local)
Stopping at filesystem boundary (GIT_DISCOVERY_ACROSS_FILESYSTEM not set).
fatal: not a git repository (or any parent up to mount point /local)
Stopping at filesystem boundary (GIT_DISCOVERY_ACROSS_FILESYSTEM not set).
fatal: not a git repository (or any parent up to mount point /local)
Stopping at filesystem boundary (GIT_DISCOVERY_ACROSS_FILESYSTEM not set).
fatal: not a git repository (or any parent up to mount point /local)
Stopping at filesystem boundary (GIT_DISCOVERY_ACROSS_FILESYSTEM not set).
rep 1/1: complete export=s e2e=28.718428066s 504927346 bytes syscr=2689 pread64=2612 io_uring_enter=6636333 read_bytes=9445404672 cpu_s=31.710000
[2026-09-28T19:35:33Z] pr236-H-vocab-label-large-de-cold-base-r7 done
Caches dropped successfully (synced, then wrote 1
 to /proc/sys/vm/drop_caches).
fatal: not a git repository (or any parent up to mount point /local)
Stopping at filesystem boundary (GIT_DISCOVERY_ACROSS_FILESYSTEM not set).
fatal: not a git repository (or any parent up to mount point /local)
Stopping at filesystem boundary (GIT_DISCOVERY_ACROSS_FILESYSTEM not set).
fatal: not a git repository (or any parent up to mount point /local)
Stopping at filesystem boundary (GIT_DISCOVERY_ACROSS_FILESYSTEM not set).
fatal: not a git repository (or any parent up to mount point /local)
Stopping at filesystem boundary (GIT_DISCOVERY_ACROSS_FILESYSTEM not set).
fatal: not a git repository (or any parent up to mount point /local)
Stopping at filesystem boundary (GIT_DISCOVERY_ACROSS_FILESYSTEM not set).
rep 1/1: complete export=s e2e=24.815130805s 504927346 bytes syscr=8881582 pread64=2633 io_uring_enter=172653 read_bytes=9442914304 cpu_s=27.910000
[2026-09-28T19:36:30Z] pr236-H-vocab-label-large-de-cold-variant-r7 done
Caches dropped successfully (synced, then wrote 1
 to /proc/sys/vm/drop_caches).
fatal: not a git repository (or any parent up to mount point /local)
Stopping at filesystem boundary (GIT_DISCOVERY_ACROSS_FILESYSTEM not set).
fatal: not a git repository (or any parent up to mount point /local)
Stopping at filesystem boundary (GIT_DISCOVERY_ACROSS_FILESYSTEM not set).
fatal: not a git repository (or any parent up to mount point /local)
Stopping at filesystem boundary (GIT_DISCOVERY_ACROSS_FILESYSTEM not set).
fatal: not a git repository (or any parent up to mount point /local)
Stopping at filesystem boundary (GIT_DISCOVERY_ACROSS_FILESYSTEM not set).
fatal: not a git repository (or any parent up to mount point /local)
Stopping at filesystem boundary (GIT_DISCOVERY_ACROSS_FILESYSTEM not set).
rep 1/1: complete export=s e2e=28.723213652s 504927346 bytes syscr=2689 pread64=2633 io_uring_enter=6636386 read_bytes=9436811264 cpu_s=31.860000
[2026-09-28T19:37:31Z] pr236-H-vocab-label-large-de-cold-variant2-r7 done
Caches dropped successfully (synced, then wrote 1
 to /proc/sys/vm/drop_caches).
fatal: not a git repository (or any parent up to mount point /local)
Stopping at filesystem boundary (GIT_DISCOVERY_ACROSS_FILESYSTEM not set).
fatal: not a git repository (or any parent up to mount point /local)
Stopping at filesystem boundary (GIT_DISCOVERY_ACROSS_FILESYSTEM not set).
fatal: not a git repository (or any parent up to mount point /local)
Stopping at filesystem boundary (GIT_DISCOVERY_ACROSS_FILESYSTEM not set).
fatal: not a git repository (or any parent up to mount point /local)
Stopping at filesystem boundary (GIT_DISCOVERY_ACROSS_FILESYSTEM not set).
fatal: not a git repository (or any parent up to mount point /local)
Stopping at filesystem boundary (GIT_DISCOVERY_ACROSS_FILESYSTEM not set).
rep 1/1: complete export=s e2e=28.640743488s 504927346 bytes syscr=2689 pread64=2633 io_uring_enter=6636282 read_bytes=9426038784 cpu_s=31.620000
[2026-09-28T19:38:32Z] pr236-H-vocab-label-large-de-cold-variant2-r8 done
Caches dropped successfully (synced, then wrote 1
 to /proc/sys/vm/drop_caches).
fatal: not a git repository (or any parent up to mount point /local)
Stopping at filesystem boundary (GIT_DISCOVERY_ACROSS_FILESYSTEM not set).
fatal: not a git repository (or any parent up to mount point /local)
Stopping at filesystem boundary (GIT_DISCOVERY_ACROSS_FILESYSTEM not set).
fatal: not a git repository (or any parent up to mount point /local)
Stopping at filesystem boundary (GIT_DISCOVERY_ACROSS_FILESYSTEM not set).
fatal: not a git repository (or any parent up to mount point /local)
Stopping at filesystem boundary (GIT_DISCOVERY_ACROSS_FILESYSTEM not set).
fatal: not a git repository (or any parent up to mount point /local)
Stopping at filesystem boundary (GIT_DISCOVERY_ACROSS_FILESYSTEM not set).
rep 1/1: complete export=s e2e=24.683157923s 504927346 bytes syscr=8881582 pread64=2633 io_uring_enter=172355 read_bytes=9442914304 cpu_s=27.890000
[2026-09-28T19:39:29Z] pr236-H-vocab-label-large-de-cold-variant-r8 done
Caches dropped successfully (synced, then wrote 1
 to /proc/sys/vm/drop_caches).
fatal: not a git repository (or any parent up to mount point /local)
Stopping at filesystem boundary (GIT_DISCOVERY_ACROSS_FILESYSTEM not set).
fatal: not a git repository (or any parent up to mount point /local)
Stopping at filesystem boundary (GIT_DISCOVERY_ACROSS_FILESYSTEM not set).
fatal: not a git repository (or any parent up to mount point /local)
Stopping at filesystem boundary (GIT_DISCOVERY_ACROSS_FILESYSTEM not set).
fatal: not a git repository (or any parent up to mount point /local)
Stopping at filesystem boundary (GIT_DISCOVERY_ACROSS_FILESYSTEM not set).
fatal: not a git repository (or any parent up to mount point /local)
Stopping at filesystem boundary (GIT_DISCOVERY_ACROSS_FILESYSTEM not set).
rep 1/1: complete export=s e2e=28.762034310s 504927346 bytes syscr=2689 pread64=2612 io_uring_enter=6636436 read_bytes=9427111936 cpu_s=31.860000
[2026-09-28T19:40:30Z] pr236-H-vocab-label-large-de-cold-base-r8 done
Caches dropped successfully (synced, then wrote 1
 to /proc/sys/vm/drop_caches).
fatal: not a git repository (or any parent up to mount point /local)
Stopping at filesystem boundary (GIT_DISCOVERY_ACROSS_FILESYSTEM not set).
fatal: not a git repository (or any parent up to mount point /local)
Stopping at filesystem boundary (GIT_DISCOVERY_ACROSS_FILESYSTEM not set).
fatal: not a git repository (or any parent up to mount point /local)
Stopping at filesystem boundary (GIT_DISCOVERY_ACROSS_FILESYSTEM not set).
fatal: not a git repository (or any parent up to mount point /local)
Stopping at filesystem boundary (GIT_DISCOVERY_ACROSS_FILESYSTEM not set).
fatal: not a git repository (or any parent up to mount point /local)
Stopping at filesystem boundary (GIT_DISCOVERY_ACROSS_FILESYSTEM not set).
rep 1/1: complete export=s e2e=28.717107508s 504927346 bytes syscr=2693 pread64=2612 io_uring_enter=6636347 read_bytes=9414557696 cpu_s=31.870000
[2026-09-28T19:41:30Z] pr236-H-vocab-label-large-de-cold-base-r9 done
Caches dropped successfully (synced, then wrote 1
 to /proc/sys/vm/drop_caches).
fatal: not a git repository (or any parent up to mount point /local)
Stopping at filesystem boundary (GIT_DISCOVERY_ACROSS_FILESYSTEM not set).
fatal: not a git repository (or any parent up to mount point /local)
Stopping at filesystem boundary (GIT_DISCOVERY_ACROSS_FILESYSTEM not set).
fatal: not a git repository (or any parent up to mount point /local)
Stopping at filesystem boundary (GIT_DISCOVERY_ACROSS_FILESYSTEM not set).
fatal: not a git repository (or any parent up to mount point /local)
Stopping at filesystem boundary (GIT_DISCOVERY_ACROSS_FILESYSTEM not set).
fatal: not a git repository (or any parent up to mount point /local)
Stopping at filesystem boundary (GIT_DISCOVERY_ACROSS_FILESYSTEM not set).
rep 1/1: complete export=s e2e=24.741365365s 504927346 bytes syscr=8881582 pread64=2633 io_uring_enter=172599 read_bytes=9442914304 cpu_s=27.850000
[2026-09-28T19:42:27Z] pr236-H-vocab-label-large-de-cold-variant-r9 done
Caches dropped successfully (synced, then wrote 1
 to /proc/sys/vm/drop_caches).
fatal: not a git repository (or any parent up to mount point /local)
Stopping at filesystem boundary (GIT_DISCOVERY_ACROSS_FILESYSTEM not set).
fatal: not a git repository (or any parent up to mount point /local)
Stopping at filesystem boundary (GIT_DISCOVERY_ACROSS_FILESYSTEM not set).
fatal: not a git repository (or any parent up to mount point /local)
Stopping at filesystem boundary (GIT_DISCOVERY_ACROSS_FILESYSTEM not set).
fatal: not a git repository (or any parent up to mount point /local)
Stopping at filesystem boundary (GIT_DISCOVERY_ACROSS_FILESYSTEM not set).
fatal: not a git repository (or any parent up to mount point /local)
Stopping at filesystem boundary (GIT_DISCOVERY_ACROSS_FILESYSTEM not set).
rep 1/1: complete export=s e2e=28.548492798s 504927346 bytes syscr=2689 pread64=2633 io_uring_enter=6636450 read_bytes=9425629184 cpu_s=31.560000
[2026-09-28T19:43:28Z] pr236-H-vocab-label-large-de-cold-variant2-r9 done
Caches dropped successfully (synced, then wrote 1
 to /proc/sys/vm/drop_caches).
fatal: not a git repository (or any parent up to mount point /local)
Stopping at filesystem boundary (GIT_DISCOVERY_ACROSS_FILESYSTEM not set).
fatal: not a git repository (or any parent up to mount point /local)
Stopping at filesystem boundary (GIT_DISCOVERY_ACROSS_FILESYSTEM not set).
fatal: not a git repository (or any parent up to mount point /local)
Stopping at filesystem boundary (GIT_DISCOVERY_ACROSS_FILESYSTEM not set).
fatal: not a git repository (or any parent up to mount point /local)
Stopping at filesystem boundary (GIT_DISCOVERY_ACROSS_FILESYSTEM not set).
fatal: not a git repository (or any parent up to mount point /local)
Stopping at filesystem boundary (GIT_DISCOVERY_ACROSS_FILESYSTEM not set).
rep 1/1: complete export=s e2e=28.584530003s 504927346 bytes syscr=2689 pread64=2633 io_uring_enter=6636502 read_bytes=9410097152 cpu_s=31.670000
[2026-09-28T19:44:29Z] pr236-H-vocab-label-large-de-cold-variant2-r10 done
Caches dropped successfully (synced, then wrote 1
 to /proc/sys/vm/drop_caches).
fatal: not a git repository (or any parent up to mount point /local)
Stopping at filesystem boundary (GIT_DISCOVERY_ACROSS_FILESYSTEM not set).
fatal: not a git repository (or any parent up to mount point /local)
Stopping at filesystem boundary (GIT_DISCOVERY_ACROSS_FILESYSTEM not set).
fatal: not a git repository (or any parent up to mount point /local)
Stopping at filesystem boundary (GIT_DISCOVERY_ACROSS_FILESYSTEM not set).
fatal: not a git repository (or any parent up to mount point /local)
Stopping at filesystem boundary (GIT_DISCOVERY_ACROSS_FILESYSTEM not set).
fatal: not a git repository (or any parent up to mount point /local)
Stopping at filesystem boundary (GIT_DISCOVERY_ACROSS_FILESYSTEM not set).
rep 1/1: complete export=s e2e=24.789322442s 504927346 bytes syscr=8881582 pread64=2633 io_uring_enter=172472 read_bytes=9442914304 cpu_s=27.940000
[2026-09-28T19:45:25Z] pr236-H-vocab-label-large-de-cold-variant-r10 done
Caches dropped successfully (synced, then wrote 1
 to /proc/sys/vm/drop_caches).
fatal: not a git repository (or any parent up to mount point /local)
Stopping at filesystem boundary (GIT_DISCOVERY_ACROSS_FILESYSTEM not set).
fatal: not a git repository (or any parent up to mount point /local)
Stopping at filesystem boundary (GIT_DISCOVERY_ACROSS_FILESYSTEM not set).
fatal: not a git repository (or any parent up to mount point /local)
Stopping at filesystem boundary (GIT_DISCOVERY_ACROSS_FILESYSTEM not set).
fatal: not a git repository (or any parent up to mount point /local)
Stopping at filesystem boundary (GIT_DISCOVERY_ACROSS_FILESYSTEM not set).
fatal: not a git repository (or any parent up to mount point /local)
Stopping at filesystem boundary (GIT_DISCOVERY_ACROSS_FILESYSTEM not set).
rep 1/1: complete export=s e2e=28.637661175s 504927346 bytes syscr=2693 pread64=2612 io_uring_enter=6636545 read_bytes=9428140032 cpu_s=31.670000
[2026-09-28T19:46:26Z] pr236-H-vocab-label-large-de-cold-base-r10 done
fatal: not a git repository (or any parent up to mount point /local)
Stopping at filesystem boundary (GIT_DISCOVERY_ACROSS_FILESYSTEM not set).
fatal: not a git repository (or any parent up to mount point /local)
Stopping at filesystem boundary (GIT_DISCOVERY_ACROSS_FILESYSTEM not set).
fatal: not a git repository (or any parent up to mount point /local)
Stopping at filesystem boundary (GIT_DISCOVERY_ACROSS_FILESYSTEM not set).
fatal: not a git repository (or any parent up to mount point /local)
Stopping at filesystem boundary (GIT_DISCOVERY_ACROSS_FILESYSTEM not set).
fatal: not a git repository (or any parent up to mount point /local)
Stopping at filesystem boundary (GIT_DISCOVERY_ACROSS_FILESYSTEM not set).
rep 1/1: complete export=s e2e=20.793239903s 504927346 bytes syscr=2677 pread64=2612 io_uring_enter=6625868 read_bytes=0 cpu_s=24.300000
[2026-09-28T19:47:45Z] pr236-H-vocab-label-large-de-warm-base-r1 done
fatal: not a git repository (or any parent up to mount point /local)
Stopping at filesystem boundary (GIT_DISCOVERY_ACROSS_FILESYSTEM not set).
fatal: not a git repository (or any parent up to mount point /local)
Stopping at filesystem boundary (GIT_DISCOVERY_ACROSS_FILESYSTEM not set).
fatal: not a git repository (or any parent up to mount point /local)
Stopping at filesystem boundary (GIT_DISCOVERY_ACROSS_FILESYSTEM not set).
fatal: not a git repository (or any parent up to mount point /local)
Stopping at filesystem boundary (GIT_DISCOVERY_ACROSS_FILESYSTEM not set).
fatal: not a git repository (or any parent up to mount point /local)
Stopping at filesystem boundary (GIT_DISCOVERY_ACROSS_FILESYSTEM not set).
rep 1/1: complete export=s e2e=16.913022344s 504927346 bytes syscr=8881566 pread64=2633 io_uring_enter=0 read_bytes=0 cpu_s=20.310000
[2026-09-28T19:48:56Z] pr236-H-vocab-label-large-de-warm-variant-r1 done
fatal: not a git repository (or any parent up to mount point /local)
Stopping at filesystem boundary (GIT_DISCOVERY_ACROSS_FILESYSTEM not set).
fatal: not a git repository (or any parent up to mount point /local)
Stopping at filesystem boundary (GIT_DISCOVERY_ACROSS_FILESYSTEM not set).
fatal: not a git repository (or any parent up to mount point /local)
Stopping at filesystem boundary (GIT_DISCOVERY_ACROSS_FILESYSTEM not set).
fatal: not a git repository (or any parent up to mount point /local)
Stopping at filesystem boundary (GIT_DISCOVERY_ACROSS_FILESYSTEM not set).
fatal: not a git repository (or any parent up to mount point /local)
Stopping at filesystem boundary (GIT_DISCOVERY_ACROSS_FILESYSTEM not set).
rep 1/1: complete export=s e2e=20.497111157s 504927346 bytes syscr=2673 pread64=2633 io_uring_enter=6625868 read_bytes=0 cpu_s=23.820000
[2026-09-28T19:50:15Z] pr236-H-vocab-label-large-de-warm-variant2-r1 done
fatal: not a git repository (or any parent up to mount point /local)
Stopping at filesystem boundary (GIT_DISCOVERY_ACROSS_FILESYSTEM not set).
fatal: not a git repository (or any parent up to mount point /local)
Stopping at filesystem boundary (GIT_DISCOVERY_ACROSS_FILESYSTEM not set).
fatal: not a git repository (or any parent up to mount point /local)
Stopping at filesystem boundary (GIT_DISCOVERY_ACROSS_FILESYSTEM not set).
fatal: not a git repository (or any parent up to mount point /local)
Stopping at filesystem boundary (GIT_DISCOVERY_ACROSS_FILESYSTEM not set).
fatal: not a git repository (or any parent up to mount point /local)
Stopping at filesystem boundary (GIT_DISCOVERY_ACROSS_FILESYSTEM not set).
rep 1/1: complete export=s e2e=20.567535864s 504927346 bytes syscr=2673 pread64=2633 io_uring_enter=6625868 read_bytes=0 cpu_s=23.930000
[2026-09-28T19:51:34Z] pr236-H-vocab-label-large-de-warm-variant2-r2 done
fatal: not a git repository (or any parent up to mount point /local)
Stopping at filesystem boundary (GIT_DISCOVERY_ACROSS_FILESYSTEM not set).
fatal: not a git repository (or any parent up to mount point /local)
Stopping at filesystem boundary (GIT_DISCOVERY_ACROSS_FILESYSTEM not set).
fatal: not a git repository (or any parent up to mount point /local)
Stopping at filesystem boundary (GIT_DISCOVERY_ACROSS_FILESYSTEM not set).
fatal: not a git repository (or any parent up to mount point /local)
Stopping at filesystem boundary (GIT_DISCOVERY_ACROSS_FILESYSTEM not set).
fatal: not a git repository (or any parent up to mount point /local)
Stopping at filesystem boundary (GIT_DISCOVERY_ACROSS_FILESYSTEM not set).
rep 1/1: complete export=s e2e=17.010158624s 504927346 bytes syscr=8881566 pread64=2633 io_uring_enter=0 read_bytes=0 cpu_s=20.480000
[2026-09-28T19:52:46Z] pr236-H-vocab-label-large-de-warm-variant-r2 done
fatal: not a git repository (or any parent up to mount point /local)
Stopping at filesystem boundary (GIT_DISCOVERY_ACROSS_FILESYSTEM not set).
fatal: not a git repository (or any parent up to mount point /local)
Stopping at filesystem boundary (GIT_DISCOVERY_ACROSS_FILESYSTEM not set).
fatal: not a git repository (or any parent up to mount point /local)
Stopping at filesystem boundary (GIT_DISCOVERY_ACROSS_FILESYSTEM not set).
fatal: not a git repository (or any parent up to mount point /local)
Stopping at filesystem boundary (GIT_DISCOVERY_ACROSS_FILESYSTEM not set).
fatal: not a git repository (or any parent up to mount point /local)
Stopping at filesystem boundary (GIT_DISCOVERY_ACROSS_FILESYSTEM not set).
rep 1/1: complete export=s e2e=20.428692232s 504927346 bytes syscr=2673 pread64=2612 io_uring_enter=6625868 read_bytes=0 cpu_s=23.850000
[2026-09-28T19:54:05Z] pr236-H-vocab-label-large-de-warm-base-r2 done
fatal: not a git repository (or any parent up to mount point /local)
Stopping at filesystem boundary (GIT_DISCOVERY_ACROSS_FILESYSTEM not set).
fatal: not a git repository (or any parent up to mount point /local)
Stopping at filesystem boundary (GIT_DISCOVERY_ACROSS_FILESYSTEM not set).
fatal: not a git repository (or any parent up to mount point /local)
Stopping at filesystem boundary (GIT_DISCOVERY_ACROSS_FILESYSTEM not set).
fatal: not a git repository (or any parent up to mount point /local)
Stopping at filesystem boundary (GIT_DISCOVERY_ACROSS_FILESYSTEM not set).
fatal: not a git repository (or any parent up to mount point /local)
Stopping at filesystem boundary (GIT_DISCOVERY_ACROSS_FILESYSTEM not set).
rep 1/1: complete export=s e2e=20.419955299s 504927346 bytes syscr=2673 pread64=2612 io_uring_enter=6625868 read_bytes=0 cpu_s=23.770000
[2026-09-28T19:55:24Z] pr236-H-vocab-label-large-de-warm-base-r3 done
fatal: not a git repository (or any parent up to mount point /local)
Stopping at filesystem boundary (GIT_DISCOVERY_ACROSS_FILESYSTEM not set).
fatal: not a git repository (or any parent up to mount point /local)
Stopping at filesystem boundary (GIT_DISCOVERY_ACROSS_FILESYSTEM not set).
fatal: not a git repository (or any parent up to mount point /local)
Stopping at filesystem boundary (GIT_DISCOVERY_ACROSS_FILESYSTEM not set).
fatal: not a git repository (or any parent up to mount point /local)
Stopping at filesystem boundary (GIT_DISCOVERY_ACROSS_FILESYSTEM not set).
fatal: not a git repository (or any parent up to mount point /local)
Stopping at filesystem boundary (GIT_DISCOVERY_ACROSS_FILESYSTEM not set).
rep 1/1: complete export=s e2e=16.902192448s 504927346 bytes syscr=8881566 pread64=2633 io_uring_enter=0 read_bytes=0 cpu_s=20.330000
[2026-09-28T19:56:36Z] pr236-H-vocab-label-large-de-warm-variant-r3 done
fatal: not a git repository (or any parent up to mount point /local)
Stopping at filesystem boundary (GIT_DISCOVERY_ACROSS_FILESYSTEM not set).
fatal: not a git repository (or any parent up to mount point /local)
Stopping at filesystem boundary (GIT_DISCOVERY_ACROSS_FILESYSTEM not set).
fatal: not a git repository (or any parent up to mount point /local)
Stopping at filesystem boundary (GIT_DISCOVERY_ACROSS_FILESYSTEM not set).
fatal: not a git repository (or any parent up to mount point /local)
Stopping at filesystem boundary (GIT_DISCOVERY_ACROSS_FILESYSTEM not set).
fatal: not a git repository (or any parent up to mount point /local)
Stopping at filesystem boundary (GIT_DISCOVERY_ACROSS_FILESYSTEM not set).
rep 1/1: complete export=s e2e=19.615982185s 504927346 bytes syscr=2673 pread64=2633 io_uring_enter=6625868 read_bytes=0 cpu_s=23.010000
[2026-09-28T19:57:53Z] pr236-H-vocab-label-large-de-warm-variant2-r3 done
fatal: not a git repository (or any parent up to mount point /local)
Stopping at filesystem boundary (GIT_DISCOVERY_ACROSS_FILESYSTEM not set).
fatal: not a git repository (or any parent up to mount point /local)
Stopping at filesystem boundary (GIT_DISCOVERY_ACROSS_FILESYSTEM not set).
fatal: not a git repository (or any parent up to mount point /local)
Stopping at filesystem boundary (GIT_DISCOVERY_ACROSS_FILESYSTEM not set).
fatal: not a git repository (or any parent up to mount point /local)
Stopping at filesystem boundary (GIT_DISCOVERY_ACROSS_FILESYSTEM not set).
fatal: not a git repository (or any parent up to mount point /local)
Stopping at filesystem boundary (GIT_DISCOVERY_ACROSS_FILESYSTEM not set).
rep 1/1: complete export=s e2e=19.560062710s 504927346 bytes syscr=2673 pread64=2633 io_uring_enter=6625868 read_bytes=0 cpu_s=22.960000
[2026-09-28T19:59:10Z] pr236-H-vocab-label-large-de-warm-variant2-r4 done
fatal: not a git repository (or any parent up to mount point /local)
Stopping at filesystem boundary (GIT_DISCOVERY_ACROSS_FILESYSTEM not set).
fatal: not a git repository (or any parent up to mount point /local)
Stopping at filesystem boundary (GIT_DISCOVERY_ACROSS_FILESYSTEM not set).
fatal: not a git repository (or any parent up to mount point /local)
Stopping at filesystem boundary (GIT_DISCOVERY_ACROSS_FILESYSTEM not set).
fatal: not a git repository (or any parent up to mount point /local)
Stopping at filesystem boundary (GIT_DISCOVERY_ACROSS_FILESYSTEM not set).
fatal: not a git repository (or any parent up to mount point /local)
Stopping at filesystem boundary (GIT_DISCOVERY_ACROSS_FILESYSTEM not set).
rep 1/1: complete export=s e2e=15.811179205s 504927346 bytes syscr=8881566 pread64=2633 io_uring_enter=0 read_bytes=0 cpu_s=19.310000
[2026-09-28T20:00:19Z] pr236-H-vocab-label-large-de-warm-variant-r4 done
fatal: not a git repository (or any parent up to mount point /local)
Stopping at filesystem boundary (GIT_DISCOVERY_ACROSS_FILESYSTEM not set).
fatal: not a git repository (or any parent up to mount point /local)
Stopping at filesystem boundary (GIT_DISCOVERY_ACROSS_FILESYSTEM not set).
fatal: not a git repository (or any parent up to mount point /local)
Stopping at filesystem boundary (GIT_DISCOVERY_ACROSS_FILESYSTEM not set).
fatal: not a git repository (or any parent up to mount point /local)
Stopping at filesystem boundary (GIT_DISCOVERY_ACROSS_FILESYSTEM not set).
fatal: not a git repository (or any parent up to mount point /local)
Stopping at filesystem boundary (GIT_DISCOVERY_ACROSS_FILESYSTEM not set).
rep 1/1: complete export=s e2e=19.714571623s 504927346 bytes syscr=2673 pread64=2612 io_uring_enter=6625868 read_bytes=0 cpu_s=23.270000
[2026-09-28T20:01:36Z] pr236-H-vocab-label-large-de-warm-base-r4 done
fatal: not a git repository (or any parent up to mount point /local)
Stopping at filesystem boundary (GIT_DISCOVERY_ACROSS_FILESYSTEM not set).
fatal: not a git repository (or any parent up to mount point /local)
Stopping at filesystem boundary (GIT_DISCOVERY_ACROSS_FILESYSTEM not set).
fatal: not a git repository (or any parent up to mount point /local)
Stopping at filesystem boundary (GIT_DISCOVERY_ACROSS_FILESYSTEM not set).
fatal: not a git repository (or any parent up to mount point /local)
Stopping at filesystem boundary (GIT_DISCOVERY_ACROSS_FILESYSTEM not set).
fatal: not a git repository (or any parent up to mount point /local)
Stopping at filesystem boundary (GIT_DISCOVERY_ACROSS_FILESYSTEM not set).
rep 1/1: complete export=s e2e=19.663984242s 504927346 bytes syscr=2673 pread64=2612 io_uring_enter=6625868 read_bytes=0 cpu_s=23.070000
[2026-09-28T20:02:52Z] pr236-H-vocab-label-large-de-warm-base-r5 done
fatal: not a git repository (or any parent up to mount point /local)
Stopping at filesystem boundary (GIT_DISCOVERY_ACROSS_FILESYSTEM not set).
fatal: not a git repository (or any parent up to mount point /local)
Stopping at filesystem boundary (GIT_DISCOVERY_ACROSS_FILESYSTEM not set).
fatal: not a git repository (or any parent up to mount point /local)
Stopping at filesystem boundary (GIT_DISCOVERY_ACROSS_FILESYSTEM not set).
fatal: not a git repository (or any parent up to mount point /local)
Stopping at filesystem boundary (GIT_DISCOVERY_ACROSS_FILESYSTEM not set).
fatal: not a git repository (or any parent up to mount point /local)
Stopping at filesystem boundary (GIT_DISCOVERY_ACROSS_FILESYSTEM not set).
rep 1/1: complete export=s e2e=15.942190966s 504927346 bytes syscr=8881566 pread64=2633 io_uring_enter=0 read_bytes=0 cpu_s=19.290000
[2026-09-28T20:04:01Z] pr236-H-vocab-label-large-de-warm-variant-r5 done
fatal: not a git repository (or any parent up to mount point /local)
Stopping at filesystem boundary (GIT_DISCOVERY_ACROSS_FILESYSTEM not set).
fatal: not a git repository (or any parent up to mount point /local)
Stopping at filesystem boundary (GIT_DISCOVERY_ACROSS_FILESYSTEM not set).
fatal: not a git repository (or any parent up to mount point /local)
Stopping at filesystem boundary (GIT_DISCOVERY_ACROSS_FILESYSTEM not set).
fatal: not a git repository (or any parent up to mount point /local)
Stopping at filesystem boundary (GIT_DISCOVERY_ACROSS_FILESYSTEM not set).
fatal: not a git repository (or any parent up to mount point /local)
Stopping at filesystem boundary (GIT_DISCOVERY_ACROSS_FILESYSTEM not set).
rep 1/1: complete export=s e2e=19.733106998s 504927346 bytes syscr=2673 pread64=2633 io_uring_enter=6625868 read_bytes=0 cpu_s=23.150000
[2026-09-28T20:05:18Z] pr236-H-vocab-label-large-de-warm-variant2-r5 done
fatal: not a git repository (or any parent up to mount point /local)
Stopping at filesystem boundary (GIT_DISCOVERY_ACROSS_FILESYSTEM not set).
fatal: not a git repository (or any parent up to mount point /local)
Stopping at filesystem boundary (GIT_DISCOVERY_ACROSS_FILESYSTEM not set).
fatal: not a git repository (or any parent up to mount point /local)
Stopping at filesystem boundary (GIT_DISCOVERY_ACROSS_FILESYSTEM not set).
fatal: not a git repository (or any parent up to mount point /local)
Stopping at filesystem boundary (GIT_DISCOVERY_ACROSS_FILESYSTEM not set).
fatal: not a git repository (or any parent up to mount point /local)
Stopping at filesystem boundary (GIT_DISCOVERY_ACROSS_FILESYSTEM not set).
rep 1/1: complete export=s e2e=19.729526348s 504927346 bytes syscr=2673 pread64=2633 io_uring_enter=6625868 read_bytes=0 cpu_s=23.130000
[2026-09-28T20:06:35Z] pr236-H-vocab-label-large-de-warm-variant2-r6 done
fatal: not a git repository (or any parent up to mount point /local)
Stopping at filesystem boundary (GIT_DISCOVERY_ACROSS_FILESYSTEM not set).
fatal: not a git repository (or any parent up to mount point /local)
Stopping at filesystem boundary (GIT_DISCOVERY_ACROSS_FILESYSTEM not set).
fatal: not a git repository (or any parent up to mount point /local)
Stopping at filesystem boundary (GIT_DISCOVERY_ACROSS_FILESYSTEM not set).
fatal: not a git repository (or any parent up to mount point /local)
Stopping at filesystem boundary (GIT_DISCOVERY_ACROSS_FILESYSTEM not set).
fatal: not a git repository (or any parent up to mount point /local)
Stopping at filesystem boundary (GIT_DISCOVERY_ACROSS_FILESYSTEM not set).
rep 1/1: complete export=s e2e=16.001481060s 504927346 bytes syscr=8881566 pread64=2633 io_uring_enter=0 read_bytes=0 cpu_s=19.480000
[2026-09-28T20:07:44Z] pr236-H-vocab-label-large-de-warm-variant-r6 done
fatal: not a git repository (or any parent up to mount point /local)
Stopping at filesystem boundary (GIT_DISCOVERY_ACROSS_FILESYSTEM not set).
fatal: not a git repository (or any parent up to mount point /local)
Stopping at filesystem boundary (GIT_DISCOVERY_ACROSS_FILESYSTEM not set).
fatal: not a git repository (or any parent up to mount point /local)
Stopping at filesystem boundary (GIT_DISCOVERY_ACROSS_FILESYSTEM not set).
fatal: not a git repository (or any parent up to mount point /local)
Stopping at filesystem boundary (GIT_DISCOVERY_ACROSS_FILESYSTEM not set).
fatal: not a git repository (or any parent up to mount point /local)
Stopping at filesystem boundary (GIT_DISCOVERY_ACROSS_FILESYSTEM not set).
rep 1/1: complete export=s e2e=19.499928995s 504927346 bytes syscr=2673 pread64=2612 io_uring_enter=6625868 read_bytes=0 cpu_s=23.010000
[2026-09-28T20:09:01Z] pr236-H-vocab-label-large-de-warm-base-r6 done
fatal: not a git repository (or any parent up to mount point /local)
Stopping at filesystem boundary (GIT_DISCOVERY_ACROSS_FILESYSTEM not set).
fatal: not a git repository (or any parent up to mount point /local)
Stopping at filesystem boundary (GIT_DISCOVERY_ACROSS_FILESYSTEM not set).
fatal: not a git repository (or any parent up to mount point /local)
Stopping at filesystem boundary (GIT_DISCOVERY_ACROSS_FILESYSTEM not set).
fatal: not a git repository (or any parent up to mount point /local)
Stopping at filesystem boundary (GIT_DISCOVERY_ACROSS_FILESYSTEM not set).
fatal: not a git repository (or any parent up to mount point /local)
Stopping at filesystem boundary (GIT_DISCOVERY_ACROSS_FILESYSTEM not set).
rep 1/1: complete export=s e2e=19.780389207s 504927346 bytes syscr=2673 pread64=2612 io_uring_enter=6625868 read_bytes=0 cpu_s=23.190000
[2026-09-28T20:10:17Z] pr236-H-vocab-label-large-de-warm-base-r7 done
fatal: not a git repository (or any parent up to mount point /local)
Stopping at filesystem boundary (GIT_DISCOVERY_ACROSS_FILESYSTEM not set).
fatal: not a git repository (or any parent up to mount point /local)
Stopping at filesystem boundary (GIT_DISCOVERY_ACROSS_FILESYSTEM not set).
fatal: not a git repository (or any parent up to mount point /local)
Stopping at filesystem boundary (GIT_DISCOVERY_ACROSS_FILESYSTEM not set).
fatal: not a git repository (or any parent up to mount point /local)
Stopping at filesystem boundary (GIT_DISCOVERY_ACROSS_FILESYSTEM not set).
fatal: not a git repository (or any parent up to mount point /local)
Stopping at filesystem boundary (GIT_DISCOVERY_ACROSS_FILESYSTEM not set).
rep 1/1: complete export=s e2e=16.067773422s 504927346 bytes syscr=8881566 pread64=2633 io_uring_enter=0 read_bytes=0 cpu_s=19.550000
[2026-09-28T20:11:27Z] pr236-H-vocab-label-large-de-warm-variant-r7 done
fatal: not a git repository (or any parent up to mount point /local)
Stopping at filesystem boundary (GIT_DISCOVERY_ACROSS_FILESYSTEM not set).
fatal: not a git repository (or any parent up to mount point /local)
Stopping at filesystem boundary (GIT_DISCOVERY_ACROSS_FILESYSTEM not set).
fatal: not a git repository (or any parent up to mount point /local)
Stopping at filesystem boundary (GIT_DISCOVERY_ACROSS_FILESYSTEM not set).
fatal: not a git repository (or any parent up to mount point /local)
Stopping at filesystem boundary (GIT_DISCOVERY_ACROSS_FILESYSTEM not set).
fatal: not a git repository (or any parent up to mount point /local)
Stopping at filesystem boundary (GIT_DISCOVERY_ACROSS_FILESYSTEM not set).
rep 1/1: complete export=s e2e=19.561087378s 504927346 bytes syscr=2673 pread64=2633 io_uring_enter=6625868 read_bytes=0 cpu_s=23.000000
[2026-09-28T20:12:44Z] pr236-H-vocab-label-large-de-warm-variant2-r7 done
fatal: not a git repository (or any parent up to mount point /local)
Stopping at filesystem boundary (GIT_DISCOVERY_ACROSS_FILESYSTEM not set).
fatal: not a git repository (or any parent up to mount point /local)
Stopping at filesystem boundary (GIT_DISCOVERY_ACROSS_FILESYSTEM not set).
fatal: not a git repository (or any parent up to mount point /local)
Stopping at filesystem boundary (GIT_DISCOVERY_ACROSS_FILESYSTEM not set).
fatal: not a git repository (or any parent up to mount point /local)
Stopping at filesystem boundary (GIT_DISCOVERY_ACROSS_FILESYSTEM not set).
fatal: not a git repository (or any parent up to mount point /local)
Stopping at filesystem boundary (GIT_DISCOVERY_ACROSS_FILESYSTEM not set).
rep 1/1: complete export=s e2e=19.720236484s 504927346 bytes syscr=2673 pread64=2633 io_uring_enter=6625868 read_bytes=0 cpu_s=23.150000
[2026-09-28T20:14:00Z] pr236-H-vocab-label-large-de-warm-variant2-r8 done
fatal: not a git repository (or any parent up to mount point /local)
Stopping at filesystem boundary (GIT_DISCOVERY_ACROSS_FILESYSTEM not set).
fatal: not a git repository (or any parent up to mount point /local)
Stopping at filesystem boundary (GIT_DISCOVERY_ACROSS_FILESYSTEM not set).
fatal: not a git repository (or any parent up to mount point /local)
Stopping at filesystem boundary (GIT_DISCOVERY_ACROSS_FILESYSTEM not set).
fatal: not a git repository (or any parent up to mount point /local)
Stopping at filesystem boundary (GIT_DISCOVERY_ACROSS_FILESYSTEM not set).
fatal: not a git repository (or any parent up to mount point /local)
Stopping at filesystem boundary (GIT_DISCOVERY_ACROSS_FILESYSTEM not set).
rep 1/1: complete export=s e2e=16.003636254s 504927346 bytes syscr=8881566 pread64=2633 io_uring_enter=0 read_bytes=0 cpu_s=19.450000
[2026-09-28T20:15:09Z] pr236-H-vocab-label-large-de-warm-variant-r8 done
fatal: not a git repository (or any parent up to mount point /local)
Stopping at filesystem boundary (GIT_DISCOVERY_ACROSS_FILESYSTEM not set).
fatal: not a git repository (or any parent up to mount point /local)
Stopping at filesystem boundary (GIT_DISCOVERY_ACROSS_FILESYSTEM not set).
fatal: not a git repository (or any parent up to mount point /local)
Stopping at filesystem boundary (GIT_DISCOVERY_ACROSS_FILESYSTEM not set).
fatal: not a git repository (or any parent up to mount point /local)
Stopping at filesystem boundary (GIT_DISCOVERY_ACROSS_FILESYSTEM not set).
fatal: not a git repository (or any parent up to mount point /local)
Stopping at filesystem boundary (GIT_DISCOVERY_ACROSS_FILESYSTEM not set).
rep 1/1: complete export=s e2e=19.811487696s 504927346 bytes syscr=2673 pread64=2612 io_uring_enter=6625868 read_bytes=0 cpu_s=23.250000
[2026-09-28T20:16:26Z] pr236-H-vocab-label-large-de-warm-base-r8 done
fatal: not a git repository (or any parent up to mount point /local)
Stopping at filesystem boundary (GIT_DISCOVERY_ACROSS_FILESYSTEM not set).
fatal: not a git repository (or any parent up to mount point /local)
Stopping at filesystem boundary (GIT_DISCOVERY_ACROSS_FILESYSTEM not set).
fatal: not a git repository (or any parent up to mount point /local)
Stopping at filesystem boundary (GIT_DISCOVERY_ACROSS_FILESYSTEM not set).
fatal: not a git repository (or any parent up to mount point /local)
Stopping at filesystem boundary (GIT_DISCOVERY_ACROSS_FILESYSTEM not set).
fatal: not a git repository (or any parent up to mount point /local)
Stopping at filesystem boundary (GIT_DISCOVERY_ACROSS_FILESYSTEM not set).
rep 1/1: complete export=s e2e=19.838585547s 504927346 bytes syscr=2673 pread64=2612 io_uring_enter=6625868 read_bytes=0 cpu_s=23.320000
[2026-09-28T20:17:43Z] pr236-H-vocab-label-large-de-warm-base-r9 done
fatal: not a git repository (or any parent up to mount point /local)
Stopping at filesystem boundary (GIT_DISCOVERY_ACROSS_FILESYSTEM not set).
fatal: not a git repository (or any parent up to mount point /local)
Stopping at filesystem boundary (GIT_DISCOVERY_ACROSS_FILESYSTEM not set).
fatal: not a git repository (or any parent up to mount point /local)
Stopping at filesystem boundary (GIT_DISCOVERY_ACROSS_FILESYSTEM not set).
fatal: not a git repository (or any parent up to mount point /local)
Stopping at filesystem boundary (GIT_DISCOVERY_ACROSS_FILESYSTEM not set).
fatal: not a git repository (or any parent up to mount point /local)
Stopping at filesystem boundary (GIT_DISCOVERY_ACROSS_FILESYSTEM not set).
rep 1/1: complete export=s e2e=16.262804241s 504927346 bytes syscr=8881566 pread64=2633 io_uring_enter=0 read_bytes=0 cpu_s=19.590000
[2026-09-28T20:18:52Z] pr236-H-vocab-label-large-de-warm-variant-r9 done
fatal: not a git repository (or any parent up to mount point /local)
Stopping at filesystem boundary (GIT_DISCOVERY_ACROSS_FILESYSTEM not set).
fatal: not a git repository (or any parent up to mount point /local)
Stopping at filesystem boundary (GIT_DISCOVERY_ACROSS_FILESYSTEM not set).
fatal: not a git repository (or any parent up to mount point /local)
Stopping at filesystem boundary (GIT_DISCOVERY_ACROSS_FILESYSTEM not set).
fatal: not a git repository (or any parent up to mount point /local)
Stopping at filesystem boundary (GIT_DISCOVERY_ACROSS_FILESYSTEM not set).
fatal: not a git repository (or any parent up to mount point /local)
Stopping at filesystem boundary (GIT_DISCOVERY_ACROSS_FILESYSTEM not set).
rep 1/1: complete export=s e2e=19.552058005s 504927346 bytes syscr=2669 pread64=2633 io_uring_enter=6625868 read_bytes=0 cpu_s=22.950000
[2026-09-28T20:20:09Z] pr236-H-vocab-label-large-de-warm-variant2-r9 done
fatal: not a git repository (or any parent up to mount point /local)
Stopping at filesystem boundary (GIT_DISCOVERY_ACROSS_FILESYSTEM not set).
fatal: not a git repository (or any parent up to mount point /local)
Stopping at filesystem boundary (GIT_DISCOVERY_ACROSS_FILESYSTEM not set).
fatal: not a git repository (or any parent up to mount point /local)
Stopping at filesystem boundary (GIT_DISCOVERY_ACROSS_FILESYSTEM not set).
fatal: not a git repository (or any parent up to mount point /local)
Stopping at filesystem boundary (GIT_DISCOVERY_ACROSS_FILESYSTEM not set).
fatal: not a git repository (or any parent up to mount point /local)
Stopping at filesystem boundary (GIT_DISCOVERY_ACROSS_FILESYSTEM not set).
rep 1/1: complete export=s e2e=19.861405709s 504927346 bytes syscr=2673 pread64=2633 io_uring_enter=6625868 read_bytes=0 cpu_s=23.180000
[2026-09-28T20:21:26Z] pr236-H-vocab-label-large-de-warm-variant2-r10 done
fatal: not a git repository (or any parent up to mount point /local)
Stopping at filesystem boundary (GIT_DISCOVERY_ACROSS_FILESYSTEM not set).
fatal: not a git repository (or any parent up to mount point /local)
Stopping at filesystem boundary (GIT_DISCOVERY_ACROSS_FILESYSTEM not set).
fatal: not a git repository (or any parent up to mount point /local)
Stopping at filesystem boundary (GIT_DISCOVERY_ACROSS_FILESYSTEM not set).
fatal: not a git repository (or any parent up to mount point /local)
Stopping at filesystem boundary (GIT_DISCOVERY_ACROSS_FILESYSTEM not set).
fatal: not a git repository (or any parent up to mount point /local)
Stopping at filesystem boundary (GIT_DISCOVERY_ACROSS_FILESYSTEM not set).
rep 1/1: complete export=s e2e=16.461211035s 504927346 bytes syscr=8881566 pread64=2633 io_uring_enter=0 read_bytes=0 cpu_s=20.030000
[2026-09-28T20:22:35Z] pr236-H-vocab-label-large-de-warm-variant-r10 done
fatal: not a git repository (or any parent up to mount point /local)
Stopping at filesystem boundary (GIT_DISCOVERY_ACROSS_FILESYSTEM not set).
fatal: not a git repository (or any parent up to mount point /local)
Stopping at filesystem boundary (GIT_DISCOVERY_ACROSS_FILESYSTEM not set).
fatal: not a git repository (or any parent up to mount point /local)
Stopping at filesystem boundary (GIT_DISCOVERY_ACROSS_FILESYSTEM not set).
fatal: not a git repository (or any parent up to mount point /local)
Stopping at filesystem boundary (GIT_DISCOVERY_ACROSS_FILESYSTEM not set).
fatal: not a git repository (or any parent up to mount point /local)
Stopping at filesystem boundary (GIT_DISCOVERY_ACROSS_FILESYSTEM not set).
rep 1/1: complete export=s e2e=19.449560253s 504927346 bytes syscr=2673 pread64=2612 io_uring_enter=6625868 read_bytes=0 cpu_s=23.200000
[2026-09-28T20:23:52Z] pr236-H-vocab-label-large-de-warm-base-r10 done
Caches dropped successfully (synced, then wrote 1
 to /proc/sys/vm/drop_caches).
fatal: not a git repository (or any parent up to mount point /local)
Stopping at filesystem boundary (GIT_DISCOVERY_ACROSS_FILESYSTEM not set).
fatal: not a git repository (or any parent up to mount point /local)
Stopping at filesystem boundary (GIT_DISCOVERY_ACROSS_FILESYSTEM not set).
fatal: not a git repository (or any parent up to mount point /local)
Stopping at filesystem boundary (GIT_DISCOVERY_ACROSS_FILESYSTEM not set).
fatal: not a git repository (or any parent up to mount point /local)
Stopping at filesystem boundary (GIT_DISCOVERY_ACROSS_FILESYSTEM not set).
fatal: not a git repository (or any parent up to mount point /local)
Stopping at filesystem boundary (GIT_DISCOVERY_ACROSS_FILESYSTEM not set).
rep 1/1: complete export=s e2e=10.801249369s 19297737 bytes syscr=1201759 pread64=601720 io_uring_enter=264813 read_bytes=2990268416 cpu_s=8.070000
[2026-09-28T20:24:33Z] pr236-H-vocab-random-label-de-200k-cold-base-r1 done
Caches dropped successfully (synced, then wrote 1
 to /proc/sys/vm/drop_caches).
fatal: not a git repository (or any parent up to mount point /local)
Stopping at filesystem boundary (GIT_DISCOVERY_ACROSS_FILESYSTEM not set).
fatal: not a git repository (or any parent up to mount point /local)
Stopping at filesystem boundary (GIT_DISCOVERY_ACROSS_FILESYSTEM not set).
fatal: not a git repository (or any parent up to mount point /local)
Stopping at filesystem boundary (GIT_DISCOVERY_ACROSS_FILESYSTEM not set).
fatal: not a git repository (or any parent up to mount point /local)
Stopping at filesystem boundary (GIT_DISCOVERY_ACROSS_FILESYSTEM not set).
fatal: not a git repository (or any parent up to mount point /local)
Stopping at filesystem boundary (GIT_DISCOVERY_ACROSS_FILESYSTEM not set).
rep 1/1: complete export=s e2e=11.118595104s 19297737 bytes syscr=1550678 pread64=1201735 io_uring_enter=174101 read_bytes=2992119808 cpu_s=8.330000
[2026-09-28T20:25:13Z] pr236-H-vocab-random-label-de-200k-cold-variant-r1 done
Caches dropped successfully (synced, then wrote 1
 to /proc/sys/vm/drop_caches).
fatal: not a git repository (or any parent up to mount point /local)
Stopping at filesystem boundary (GIT_DISCOVERY_ACROSS_FILESYSTEM not set).
fatal: not a git repository (or any parent up to mount point /local)
Stopping at filesystem boundary (GIT_DISCOVERY_ACROSS_FILESYSTEM not set).
fatal: not a git repository (or any parent up to mount point /local)
Stopping at filesystem boundary (GIT_DISCOVERY_ACROSS_FILESYSTEM not set).
fatal: not a git repository (or any parent up to mount point /local)
Stopping at filesystem boundary (GIT_DISCOVERY_ACROSS_FILESYSTEM not set).
fatal: not a git repository (or any parent up to mount point /local)
Stopping at filesystem boundary (GIT_DISCOVERY_ACROSS_FILESYSTEM not set).
rep 1/1: complete export=s e2e=11.283138729s 19297737 bytes syscr=1201759 pread64=1201735 io_uring_enter=264722 read_bytes=2988646400 cpu_s=8.440000
[2026-09-28T20:25:53Z] pr236-H-vocab-random-label-de-200k-cold-variant2-r1 done
Caches dropped successfully (synced, then wrote 1
 to /proc/sys/vm/drop_caches).
fatal: not a git repository (or any parent up to mount point /local)
Stopping at filesystem boundary (GIT_DISCOVERY_ACROSS_FILESYSTEM not set).
fatal: not a git repository (or any parent up to mount point /local)
Stopping at filesystem boundary (GIT_DISCOVERY_ACROSS_FILESYSTEM not set).
fatal: not a git repository (or any parent up to mount point /local)
Stopping at filesystem boundary (GIT_DISCOVERY_ACROSS_FILESYSTEM not set).
fatal: not a git repository (or any parent up to mount point /local)
Stopping at filesystem boundary (GIT_DISCOVERY_ACROSS_FILESYSTEM not set).
fatal: not a git repository (or any parent up to mount point /local)
Stopping at filesystem boundary (GIT_DISCOVERY_ACROSS_FILESYSTEM not set).
rep 1/1: complete export=s e2e=11.130371546s 19297737 bytes syscr=1201759 pread64=1201735 io_uring_enter=264766 read_bytes=2990211072 cpu_s=8.290000
[2026-09-28T20:26:32Z] pr236-H-vocab-random-label-de-200k-cold-variant2-r2 done
Caches dropped successfully (synced, then wrote 1
 to /proc/sys/vm/drop_caches).
fatal: not a git repository (or any parent up to mount point /local)
Stopping at filesystem boundary (GIT_DISCOVERY_ACROSS_FILESYSTEM not set).
fatal: not a git repository (or any parent up to mount point /local)
Stopping at filesystem boundary (GIT_DISCOVERY_ACROSS_FILESYSTEM not set).
fatal: not a git repository (or any parent up to mount point /local)
Stopping at filesystem boundary (GIT_DISCOVERY_ACROSS_FILESYSTEM not set).
fatal: not a git repository (or any parent up to mount point /local)
Stopping at filesystem boundary (GIT_DISCOVERY_ACROSS_FILESYSTEM not set).
fatal: not a git repository (or any parent up to mount point /local)
Stopping at filesystem boundary (GIT_DISCOVERY_ACROSS_FILESYSTEM not set).
rep 1/1: complete export=s e2e=11.006948623s 19297737 bytes syscr=1550678 pread64=1201735 io_uring_enter=174444 read_bytes=2992119808 cpu_s=8.150000
[2026-09-28T20:27:12Z] pr236-H-vocab-random-label-de-200k-cold-variant-r2 done
Caches dropped successfully (synced, then wrote 1
 to /proc/sys/vm/drop_caches).
fatal: not a git repository (or any parent up to mount point /local)
Stopping at filesystem boundary (GIT_DISCOVERY_ACROSS_FILESYSTEM not set).
fatal: not a git repository (or any parent up to mount point /local)
Stopping at filesystem boundary (GIT_DISCOVERY_ACROSS_FILESYSTEM not set).
fatal: not a git repository (or any parent up to mount point /local)
Stopping at filesystem boundary (GIT_DISCOVERY_ACROSS_FILESYSTEM not set).
fatal: not a git repository (or any parent up to mount point /local)
Stopping at filesystem boundary (GIT_DISCOVERY_ACROSS_FILESYSTEM not set).
fatal: not a git repository (or any parent up to mount point /local)
Stopping at filesystem boundary (GIT_DISCOVERY_ACROSS_FILESYSTEM not set).
rep 1/1: complete export=s e2e=10.940071395s 19297737 bytes syscr=1201759 pread64=601720 io_uring_enter=264804 read_bytes=2990010368 cpu_s=8.130000
[2026-09-28T20:27:51Z] pr236-H-vocab-random-label-de-200k-cold-base-r2 done
Caches dropped successfully (synced, then wrote 1
 to /proc/sys/vm/drop_caches).
fatal: not a git repository (or any parent up to mount point /local)
Stopping at filesystem boundary (GIT_DISCOVERY_ACROSS_FILESYSTEM not set).
fatal: not a git repository (or any parent up to mount point /local)
Stopping at filesystem boundary (GIT_DISCOVERY_ACROSS_FILESYSTEM not set).
fatal: not a git repository (or any parent up to mount point /local)
Stopping at filesystem boundary (GIT_DISCOVERY_ACROSS_FILESYSTEM not set).
fatal: not a git repository (or any parent up to mount point /local)
Stopping at filesystem boundary (GIT_DISCOVERY_ACROSS_FILESYSTEM not set).
fatal: not a git repository (or any parent up to mount point /local)
Stopping at filesystem boundary (GIT_DISCOVERY_ACROSS_FILESYSTEM not set).
rep 1/1: complete export=s e2e=11.183054117s 19297737 bytes syscr=1201759 pread64=601720 io_uring_enter=264754 read_bytes=2989522944 cpu_s=8.390000
[2026-09-28T20:28:31Z] pr236-H-vocab-random-label-de-200k-cold-base-r3 done
Caches dropped successfully (synced, then wrote 1
 to /proc/sys/vm/drop_caches).
fatal: not a git repository (or any parent up to mount point /local)
Stopping at filesystem boundary (GIT_DISCOVERY_ACROSS_FILESYSTEM not set).
fatal: not a git repository (or any parent up to mount point /local)
Stopping at filesystem boundary (GIT_DISCOVERY_ACROSS_FILESYSTEM not set).
fatal: not a git repository (or any parent up to mount point /local)
Stopping at filesystem boundary (GIT_DISCOVERY_ACROSS_FILESYSTEM not set).
fatal: not a git repository (or any parent up to mount point /local)
Stopping at filesystem boundary (GIT_DISCOVERY_ACROSS_FILESYSTEM not set).
fatal: not a git repository (or any parent up to mount point /local)
Stopping at filesystem boundary (GIT_DISCOVERY_ACROSS_FILESYSTEM not set).
rep 1/1: complete export=s e2e=11.223194611s 19297737 bytes syscr=1550678 pread64=1201735 io_uring_enter=174287 read_bytes=2992119808 cpu_s=8.410000
[2026-09-28T20:29:10Z] pr236-H-vocab-random-label-de-200k-cold-variant-r3 done
Caches dropped successfully (synced, then wrote 1
 to /proc/sys/vm/drop_caches).
fatal: not a git repository (or any parent up to mount point /local)
Stopping at filesystem boundary (GIT_DISCOVERY_ACROSS_FILESYSTEM not set).
fatal: not a git repository (or any parent up to mount point /local)
Stopping at filesystem boundary (GIT_DISCOVERY_ACROSS_FILESYSTEM not set).
fatal: not a git repository (or any parent up to mount point /local)
Stopping at filesystem boundary (GIT_DISCOVERY_ACROSS_FILESYSTEM not set).
fatal: not a git repository (or any parent up to mount point /local)
Stopping at filesystem boundary (GIT_DISCOVERY_ACROSS_FILESYSTEM not set).
fatal: not a git repository (or any parent up to mount point /local)
Stopping at filesystem boundary (GIT_DISCOVERY_ACROSS_FILESYSTEM not set).
rep 1/1: complete export=s e2e=11.130098903s 19297737 bytes syscr=1201759 pread64=1201735 io_uring_enter=264752 read_bytes=2988249088 cpu_s=8.260000
[2026-09-28T20:29:50Z] pr236-H-vocab-random-label-de-200k-cold-variant2-r3 done
Caches dropped successfully (synced, then wrote 1
 to /proc/sys/vm/drop_caches).
fatal: not a git repository (or any parent up to mount point /local)
Stopping at filesystem boundary (GIT_DISCOVERY_ACROSS_FILESYSTEM not set).
fatal: not a git repository (or any parent up to mount point /local)
Stopping at filesystem boundary (GIT_DISCOVERY_ACROSS_FILESYSTEM not set).
fatal: not a git repository (or any parent up to mount point /local)
Stopping at filesystem boundary (GIT_DISCOVERY_ACROSS_FILESYSTEM not set).
fatal: not a git repository (or any parent up to mount point /local)
Stopping at filesystem boundary (GIT_DISCOVERY_ACROSS_FILESYSTEM not set).
fatal: not a git repository (or any parent up to mount point /local)
Stopping at filesystem boundary (GIT_DISCOVERY_ACROSS_FILESYSTEM not set).
rep 1/1: complete export=s e2e=11.413655945s 19297737 bytes syscr=1201759 pread64=1201735 io_uring_enter=264770 read_bytes=2991685632 cpu_s=8.310000
[2026-09-28T20:30:30Z] pr236-H-vocab-random-label-de-200k-cold-variant2-r4 done
Caches dropped successfully (synced, then wrote 1
 to /proc/sys/vm/drop_caches).
fatal: not a git repository (or any parent up to mount point /local)
Stopping at filesystem boundary (GIT_DISCOVERY_ACROSS_FILESYSTEM not set).
fatal: not a git repository (or any parent up to mount point /local)
Stopping at filesystem boundary (GIT_DISCOVERY_ACROSS_FILESYSTEM not set).
fatal: not a git repository (or any parent up to mount point /local)
Stopping at filesystem boundary (GIT_DISCOVERY_ACROSS_FILESYSTEM not set).
fatal: not a git repository (or any parent up to mount point /local)
Stopping at filesystem boundary (GIT_DISCOVERY_ACROSS_FILESYSTEM not set).
fatal: not a git repository (or any parent up to mount point /local)
Stopping at filesystem boundary (GIT_DISCOVERY_ACROSS_FILESYSTEM not set).
rep 1/1: complete export=s e2e=11.118212654s 19297737 bytes syscr=1550678 pread64=1201735 io_uring_enter=174376 read_bytes=2992119808 cpu_s=8.330000
[2026-09-28T20:31:09Z] pr236-H-vocab-random-label-de-200k-cold-variant-r4 done
Caches dropped successfully (synced, then wrote 1
 to /proc/sys/vm/drop_caches).
fatal: not a git repository (or any parent up to mount point /local)
Stopping at filesystem boundary (GIT_DISCOVERY_ACROSS_FILESYSTEM not set).
fatal: not a git repository (or any parent up to mount point /local)
Stopping at filesystem boundary (GIT_DISCOVERY_ACROSS_FILESYSTEM not set).
fatal: not a git repository (or any parent up to mount point /local)
Stopping at filesystem boundary (GIT_DISCOVERY_ACROSS_FILESYSTEM not set).
fatal: not a git repository (or any parent up to mount point /local)
Stopping at filesystem boundary (GIT_DISCOVERY_ACROSS_FILESYSTEM not set).
fatal: not a git repository (or any parent up to mount point /local)
Stopping at filesystem boundary (GIT_DISCOVERY_ACROSS_FILESYSTEM not set).
rep 1/1: complete export=s e2e=10.987184042s 19297737 bytes syscr=1201759 pread64=601720 io_uring_enter=264751 read_bytes=2988986368 cpu_s=8.150000
[2026-09-28T20:31:48Z] pr236-H-vocab-random-label-de-200k-cold-base-r4 done
Caches dropped successfully (synced, then wrote 1
 to /proc/sys/vm/drop_caches).
fatal: not a git repository (or any parent up to mount point /local)
Stopping at filesystem boundary (GIT_DISCOVERY_ACROSS_FILESYSTEM not set).
fatal: not a git repository (or any parent up to mount point /local)
Stopping at filesystem boundary (GIT_DISCOVERY_ACROSS_FILESYSTEM not set).
fatal: not a git repository (or any parent up to mount point /local)
Stopping at filesystem boundary (GIT_DISCOVERY_ACROSS_FILESYSTEM not set).
fatal: not a git repository (or any parent up to mount point /local)
Stopping at filesystem boundary (GIT_DISCOVERY_ACROSS_FILESYSTEM not set).
fatal: not a git repository (or any parent up to mount point /local)
Stopping at filesystem boundary (GIT_DISCOVERY_ACROSS_FILESYSTEM not set).
rep 1/1: complete export=s e2e=11.593534611s 19297737 bytes syscr=1201759 pread64=601720 io_uring_enter=264821 read_bytes=2993106944 cpu_s=8.150000
[2026-09-28T20:32:28Z] pr236-H-vocab-random-label-de-200k-cold-base-r5 done
Caches dropped successfully (synced, then wrote 1
 to /proc/sys/vm/drop_caches).
fatal: not a git repository (or any parent up to mount point /local)
Stopping at filesystem boundary (GIT_DISCOVERY_ACROSS_FILESYSTEM not set).
fatal: not a git repository (or any parent up to mount point /local)
Stopping at filesystem boundary (GIT_DISCOVERY_ACROSS_FILESYSTEM not set).
fatal: not a git repository (or any parent up to mount point /local)
Stopping at filesystem boundary (GIT_DISCOVERY_ACROSS_FILESYSTEM not set).
fatal: not a git repository (or any parent up to mount point /local)
Stopping at filesystem boundary (GIT_DISCOVERY_ACROSS_FILESYSTEM not set).
fatal: not a git repository (or any parent up to mount point /local)
Stopping at filesystem boundary (GIT_DISCOVERY_ACROSS_FILESYSTEM not set).
rep 1/1: complete export=s e2e=11.183355389s 19297737 bytes syscr=1550678 pread64=1201735 io_uring_enter=174296 read_bytes=2992119808 cpu_s=8.120000
[2026-09-28T20:33:08Z] pr236-H-vocab-random-label-de-200k-cold-variant-r5 done
Caches dropped successfully (synced, then wrote 1
 to /proc/sys/vm/drop_caches).
fatal: not a git repository (or any parent up to mount point /local)
Stopping at filesystem boundary (GIT_DISCOVERY_ACROSS_FILESYSTEM not set).
fatal: not a git repository (or any parent up to mount point /local)
Stopping at filesystem boundary (GIT_DISCOVERY_ACROSS_FILESYSTEM not set).
fatal: not a git repository (or any parent up to mount point /local)
Stopping at filesystem boundary (GIT_DISCOVERY_ACROSS_FILESYSTEM not set).
fatal: not a git repository (or any parent up to mount point /local)
Stopping at filesystem boundary (GIT_DISCOVERY_ACROSS_FILESYSTEM not set).
fatal: not a git repository (or any parent up to mount point /local)
Stopping at filesystem boundary (GIT_DISCOVERY_ACROSS_FILESYSTEM not set).
rep 1/1: complete export=s e2e=11.352150679s 19297737 bytes syscr=1201759 pread64=1201735 io_uring_enter=264777 read_bytes=2989592576 cpu_s=8.220000
[2026-09-28T20:33:48Z] pr236-H-vocab-random-label-de-200k-cold-variant2-r5 done
Caches dropped successfully (synced, then wrote 1
 to /proc/sys/vm/drop_caches).
fatal: not a git repository (or any parent up to mount point /local)
Stopping at filesystem boundary (GIT_DISCOVERY_ACROSS_FILESYSTEM not set).
fatal: not a git repository (or any parent up to mount point /local)
Stopping at filesystem boundary (GIT_DISCOVERY_ACROSS_FILESYSTEM not set).
fatal: not a git repository (or any parent up to mount point /local)
Stopping at filesystem boundary (GIT_DISCOVERY_ACROSS_FILESYSTEM not set).
fatal: not a git repository (or any parent up to mount point /local)
Stopping at filesystem boundary (GIT_DISCOVERY_ACROSS_FILESYSTEM not set).
fatal: not a git repository (or any parent up to mount point /local)
Stopping at filesystem boundary (GIT_DISCOVERY_ACROSS_FILESYSTEM not set).
rep 1/1: complete export=s e2e=11.356874730s 19297737 bytes syscr=1201759 pread64=1201735 io_uring_enter=264785 read_bytes=2990010368 cpu_s=8.250000
[2026-09-28T20:34:28Z] pr236-H-vocab-random-label-de-200k-cold-variant2-r6 done
Caches dropped successfully (synced, then wrote 1
 to /proc/sys/vm/drop_caches).
fatal: not a git repository (or any parent up to mount point /local)
Stopping at filesystem boundary (GIT_DISCOVERY_ACROSS_FILESYSTEM not set).
fatal: not a git repository (or any parent up to mount point /local)
Stopping at filesystem boundary (GIT_DISCOVERY_ACROSS_FILESYSTEM not set).
fatal: not a git repository (or any parent up to mount point /local)
Stopping at filesystem boundary (GIT_DISCOVERY_ACROSS_FILESYSTEM not set).
fatal: not a git repository (or any parent up to mount point /local)
Stopping at filesystem boundary (GIT_DISCOVERY_ACROSS_FILESYSTEM not set).
fatal: not a git repository (or any parent up to mount point /local)
Stopping at filesystem boundary (GIT_DISCOVERY_ACROSS_FILESYSTEM not set).
rep 1/1: complete export=s e2e=11.150353813s 19297737 bytes syscr=1550678 pread64=1201735 io_uring_enter=174469 read_bytes=2992119808 cpu_s=8.200000
[2026-09-28T20:35:07Z] pr236-H-vocab-random-label-de-200k-cold-variant-r6 done
Caches dropped successfully (synced, then wrote 1
 to /proc/sys/vm/drop_caches).
fatal: not a git repository (or any parent up to mount point /local)
Stopping at filesystem boundary (GIT_DISCOVERY_ACROSS_FILESYSTEM not set).
fatal: not a git repository (or any parent up to mount point /local)
Stopping at filesystem boundary (GIT_DISCOVERY_ACROSS_FILESYSTEM not set).
fatal: not a git repository (or any parent up to mount point /local)
Stopping at filesystem boundary (GIT_DISCOVERY_ACROSS_FILESYSTEM not set).
fatal: not a git repository (or any parent up to mount point /local)
Stopping at filesystem boundary (GIT_DISCOVERY_ACROSS_FILESYSTEM not set).
fatal: not a git repository (or any parent up to mount point /local)
Stopping at filesystem boundary (GIT_DISCOVERY_ACROSS_FILESYSTEM not set).
rep 1/1: complete export=s e2e=11.272799277s 19297737 bytes syscr=1201759 pread64=601720 io_uring_enter=264745 read_bytes=2990841856 cpu_s=8.250000
[2026-09-28T20:35:47Z] pr236-H-vocab-random-label-de-200k-cold-base-r6 done
Caches dropped successfully (synced, then wrote 1
 to /proc/sys/vm/drop_caches).
fatal: not a git repository (or any parent up to mount point /local)
Stopping at filesystem boundary (GIT_DISCOVERY_ACROSS_FILESYSTEM not set).
fatal: not a git repository (or any parent up to mount point /local)
Stopping at filesystem boundary (GIT_DISCOVERY_ACROSS_FILESYSTEM not set).
fatal: not a git repository (or any parent up to mount point /local)
Stopping at filesystem boundary (GIT_DISCOVERY_ACROSS_FILESYSTEM not set).
fatal: not a git repository (or any parent up to mount point /local)
Stopping at filesystem boundary (GIT_DISCOVERY_ACROSS_FILESYSTEM not set).
fatal: not a git repository (or any parent up to mount point /local)
Stopping at filesystem boundary (GIT_DISCOVERY_ACROSS_FILESYSTEM not set).
rep 1/1: complete export=s e2e=11.158685035s 19297737 bytes syscr=1201759 pread64=601720 io_uring_enter=264747 read_bytes=2984968192 cpu_s=8.170000
[2026-09-28T20:36:26Z] pr236-H-vocab-random-label-de-200k-cold-base-r7 done
Caches dropped successfully (synced, then wrote 1
 to /proc/sys/vm/drop_caches).
fatal: not a git repository (or any parent up to mount point /local)
Stopping at filesystem boundary (GIT_DISCOVERY_ACROSS_FILESYSTEM not set).
fatal: not a git repository (or any parent up to mount point /local)
Stopping at filesystem boundary (GIT_DISCOVERY_ACROSS_FILESYSTEM not set).
fatal: not a git repository (or any parent up to mount point /local)
Stopping at filesystem boundary (GIT_DISCOVERY_ACROSS_FILESYSTEM not set).
fatal: not a git repository (or any parent up to mount point /local)
Stopping at filesystem boundary (GIT_DISCOVERY_ACROSS_FILESYSTEM not set).
fatal: not a git repository (or any parent up to mount point /local)
Stopping at filesystem boundary (GIT_DISCOVERY_ACROSS_FILESYSTEM not set).
rep 1/1: complete export=s e2e=11.164729538s 19297737 bytes syscr=1550678 pread64=1201735 io_uring_enter=174424 read_bytes=2992119808 cpu_s=8.070000
[2026-09-28T20:37:06Z] pr236-H-vocab-random-label-de-200k-cold-variant-r7 done
Caches dropped successfully (synced, then wrote 1
 to /proc/sys/vm/drop_caches).
fatal: not a git repository (or any parent up to mount point /local)
Stopping at filesystem boundary (GIT_DISCOVERY_ACROSS_FILESYSTEM not set).
fatal: not a git repository (or any parent up to mount point /local)
Stopping at filesystem boundary (GIT_DISCOVERY_ACROSS_FILESYSTEM not set).
fatal: not a git repository (or any parent up to mount point /local)
Stopping at filesystem boundary (GIT_DISCOVERY_ACROSS_FILESYSTEM not set).
fatal: not a git repository (or any parent up to mount point /local)
Stopping at filesystem boundary (GIT_DISCOVERY_ACROSS_FILESYSTEM not set).
fatal: not a git repository (or any parent up to mount point /local)
Stopping at filesystem boundary (GIT_DISCOVERY_ACROSS_FILESYSTEM not set).
rep 1/1: complete export=s e2e=11.309303124s 19297737 bytes syscr=1201755 pread64=1201735 io_uring_enter=264787 read_bytes=2988453888 cpu_s=8.300000
[2026-09-28T20:37:46Z] pr236-H-vocab-random-label-de-200k-cold-variant2-r7 done
Caches dropped successfully (synced, then wrote 1
 to /proc/sys/vm/drop_caches).
fatal: not a git repository (or any parent up to mount point /local)
Stopping at filesystem boundary (GIT_DISCOVERY_ACROSS_FILESYSTEM not set).
fatal: not a git repository (or any parent up to mount point /local)
Stopping at filesystem boundary (GIT_DISCOVERY_ACROSS_FILESYSTEM not set).
fatal: not a git repository (or any parent up to mount point /local)
Stopping at filesystem boundary (GIT_DISCOVERY_ACROSS_FILESYSTEM not set).
fatal: not a git repository (or any parent up to mount point /local)
Stopping at filesystem boundary (GIT_DISCOVERY_ACROSS_FILESYSTEM not set).
fatal: not a git repository (or any parent up to mount point /local)
Stopping at filesystem boundary (GIT_DISCOVERY_ACROSS_FILESYSTEM not set).
rep 1/1: complete export=s e2e=11.250102678s 19297737 bytes syscr=1201759 pread64=1201735 io_uring_enter=264775 read_bytes=2992435200 cpu_s=8.260000
[2026-09-28T20:38:26Z] pr236-H-vocab-random-label-de-200k-cold-variant2-r8 done
Caches dropped successfully (synced, then wrote 1
 to /proc/sys/vm/drop_caches).
fatal: not a git repository (or any parent up to mount point /local)
Stopping at filesystem boundary (GIT_DISCOVERY_ACROSS_FILESYSTEM not set).
fatal: not a git repository (or any parent up to mount point /local)
Stopping at filesystem boundary (GIT_DISCOVERY_ACROSS_FILESYSTEM not set).
fatal: not a git repository (or any parent up to mount point /local)
Stopping at filesystem boundary (GIT_DISCOVERY_ACROSS_FILESYSTEM not set).
fatal: not a git repository (or any parent up to mount point /local)
Stopping at filesystem boundary (GIT_DISCOVERY_ACROSS_FILESYSTEM not set).
fatal: not a git repository (or any parent up to mount point /local)
Stopping at filesystem boundary (GIT_DISCOVERY_ACROSS_FILESYSTEM not set).
rep 1/1: complete export=s e2e=11.241699450s 19297737 bytes syscr=1550678 pread64=1201735 io_uring_enter=174320 read_bytes=2992119808 cpu_s=8.280000
[2026-09-28T20:39:06Z] pr236-H-vocab-random-label-de-200k-cold-variant-r8 done
Caches dropped successfully (synced, then wrote 1
 to /proc/sys/vm/drop_caches).
fatal: not a git repository (or any parent up to mount point /local)
Stopping at filesystem boundary (GIT_DISCOVERY_ACROSS_FILESYSTEM not set).
fatal: not a git repository (or any parent up to mount point /local)
Stopping at filesystem boundary (GIT_DISCOVERY_ACROSS_FILESYSTEM not set).
fatal: not a git repository (or any parent up to mount point /local)
Stopping at filesystem boundary (GIT_DISCOVERY_ACROSS_FILESYSTEM not set).
fatal: not a git repository (or any parent up to mount point /local)
Stopping at filesystem boundary (GIT_DISCOVERY_ACROSS_FILESYSTEM not set).
fatal: not a git repository (or any parent up to mount point /local)
Stopping at filesystem boundary (GIT_DISCOVERY_ACROSS_FILESYSTEM not set).
rep 1/1: failed export=s e2e=2.465988123s 0 bytes syscr=-411 pread64=0 io_uring_enter=0 read_bytes=-23851634688 cpu_s=2.340000
[2026-09-28T20:39:34Z] !!!!!!!! harness failed: pr236-H-vocab-random-label-de-200k-cold-base-r8 !!!!!!!!
[2026-09-28T20:39:34Z] !!!!!!!! CORRECTNESS MISMATCH: pr236-H-vocab-random-label-de-200k-cold-base-r8 differs from H-vocab-random-label-de-200k base rep 1 (bodies kept in mismatch/) !!!!!!!!
[2026-09-28T20:39:34Z] pr236-H-vocab-random-label-de-200k-cold-base-r8 done
Caches dropped successfully (synced, then wrote 1
 to /proc/sys/vm/drop_caches).
fatal: not a git repository (or any parent up to mount point /local)
Stopping at filesystem boundary (GIT_DISCOVERY_ACROSS_FILESYSTEM not set).
fatal: not a git repository (or any parent up to mount point /local)
Stopping at filesystem boundary (GIT_DISCOVERY_ACROSS_FILESYSTEM not set).
fatal: not a git repository (or any parent up to mount point /local)
Stopping at filesystem boundary (GIT_DISCOVERY_ACROSS_FILESYSTEM not set).
fatal: not a git repository (or any parent up to mount point /local)
Stopping at filesystem boundary (GIT_DISCOVERY_ACROSS_FILESYSTEM not set).
fatal: not a git repository (or any parent up to mount point /local)
Stopping at filesystem boundary (GIT_DISCOVERY_ACROSS_FILESYSTEM not set).
rep 1/1: complete export=s e2e=11.060955649s 19297737 bytes syscr=1201759 pread64=601720 io_uring_enter=264809 read_bytes=2989600768 cpu_s=8.110000
[2026-09-28T20:40:13Z] pr236-H-vocab-random-label-de-200k-cold-base-r9 done
Caches dropped successfully (synced, then wrote 1
 to /proc/sys/vm/drop_caches).
fatal: not a git repository (or any parent up to mount point /local)
Stopping at filesystem boundary (GIT_DISCOVERY_ACROSS_FILESYSTEM not set).
fatal: not a git repository (or any parent up to mount point /local)
Stopping at filesystem boundary (GIT_DISCOVERY_ACROSS_FILESYSTEM not set).
fatal: not a git repository (or any parent up to mount point /local)
Stopping at filesystem boundary (GIT_DISCOVERY_ACROSS_FILESYSTEM not set).
fatal: not a git repository (or any parent up to mount point /local)
Stopping at filesystem boundary (GIT_DISCOVERY_ACROSS_FILESYSTEM not set).
fatal: not a git repository (or any parent up to mount point /local)
Stopping at filesystem boundary (GIT_DISCOVERY_ACROSS_FILESYSTEM not set).
rep 1/1: complete export=s e2e=11.231103098s 19297737 bytes syscr=1550678 pread64=1201735 io_uring_enter=174461 read_bytes=2992119808 cpu_s=8.230000
[2026-09-28T20:40:53Z] pr236-H-vocab-random-label-de-200k-cold-variant-r9 done
Caches dropped successfully (synced, then wrote 1
 to /proc/sys/vm/drop_caches).
fatal: not a git repository (or any parent up to mount point /local)
Stopping at filesystem boundary (GIT_DISCOVERY_ACROSS_FILESYSTEM not set).
fatal: not a git repository (or any parent up to mount point /local)
Stopping at filesystem boundary (GIT_DISCOVERY_ACROSS_FILESYSTEM not set).
fatal: not a git repository (or any parent up to mount point /local)
Stopping at filesystem boundary (GIT_DISCOVERY_ACROSS_FILESYSTEM not set).
fatal: not a git repository (or any parent up to mount point /local)
Stopping at filesystem boundary (GIT_DISCOVERY_ACROSS_FILESYSTEM not set).
fatal: not a git repository (or any parent up to mount point /local)
Stopping at filesystem boundary (GIT_DISCOVERY_ACROSS_FILESYSTEM not set).
rep 1/1: complete export=s e2e=11.337941989s 19297737 bytes syscr=1201759 pread64=1201735 io_uring_enter=264802 read_bytes=2986467328 cpu_s=8.300000
[2026-09-28T20:41:33Z] pr236-H-vocab-random-label-de-200k-cold-variant2-r9 done
Caches dropped successfully (synced, then wrote 1
 to /proc/sys/vm/drop_caches).
fatal: not a git repository (or any parent up to mount point /local)
Stopping at filesystem boundary (GIT_DISCOVERY_ACROSS_FILESYSTEM not set).
fatal: not a git repository (or any parent up to mount point /local)
Stopping at filesystem boundary (GIT_DISCOVERY_ACROSS_FILESYSTEM not set).
fatal: not a git repository (or any parent up to mount point /local)
Stopping at filesystem boundary (GIT_DISCOVERY_ACROSS_FILESYSTEM not set).
fatal: not a git repository (or any parent up to mount point /local)
Stopping at filesystem boundary (GIT_DISCOVERY_ACROSS_FILESYSTEM not set).
fatal: not a git repository (or any parent up to mount point /local)
Stopping at filesystem boundary (GIT_DISCOVERY_ACROSS_FILESYSTEM not set).
rep 1/1: complete export=s e2e=11.570671747s 19297737 bytes syscr=1201759 pread64=1201735 io_uring_enter=264701 read_bytes=2989400064 cpu_s=8.520000
[2026-09-28T20:42:13Z] pr236-H-vocab-random-label-de-200k-cold-variant2-r10 done
Caches dropped successfully (synced, then wrote 1
 to /proc/sys/vm/drop_caches).
fatal: not a git repository (or any parent up to mount point /local)
Stopping at filesystem boundary (GIT_DISCOVERY_ACROSS_FILESYSTEM not set).
fatal: not a git repository (or any parent up to mount point /local)
Stopping at filesystem boundary (GIT_DISCOVERY_ACROSS_FILESYSTEM not set).
fatal: not a git repository (or any parent up to mount point /local)
Stopping at filesystem boundary (GIT_DISCOVERY_ACROSS_FILESYSTEM not set).
fatal: not a git repository (or any parent up to mount point /local)
Stopping at filesystem boundary (GIT_DISCOVERY_ACROSS_FILESYSTEM not set).
fatal: not a git repository (or any parent up to mount point /local)
Stopping at filesystem boundary (GIT_DISCOVERY_ACROSS_FILESYSTEM not set).
rep 1/1: complete export=s e2e=11.309901159s 19297737 bytes syscr=1550678 pread64=1201735 io_uring_enter=174249 read_bytes=2992119808 cpu_s=8.280000
[2026-09-28T20:42:53Z] pr236-H-vocab-random-label-de-200k-cold-variant-r10 done
Caches dropped successfully (synced, then wrote 1
 to /proc/sys/vm/drop_caches).
fatal: not a git repository (or any parent up to mount point /local)
Stopping at filesystem boundary (GIT_DISCOVERY_ACROSS_FILESYSTEM not set).
fatal: not a git repository (or any parent up to mount point /local)
Stopping at filesystem boundary (GIT_DISCOVERY_ACROSS_FILESYSTEM not set).
fatal: not a git repository (or any parent up to mount point /local)
Stopping at filesystem boundary (GIT_DISCOVERY_ACROSS_FILESYSTEM not set).
fatal: not a git repository (or any parent up to mount point /local)
Stopping at filesystem boundary (GIT_DISCOVERY_ACROSS_FILESYSTEM not set).
fatal: not a git repository (or any parent up to mount point /local)
Stopping at filesystem boundary (GIT_DISCOVERY_ACROSS_FILESYSTEM not set).
rep 1/1: complete export=s e2e=11.203890634s 19297737 bytes syscr=1201759 pread64=601720 io_uring_enter=264790 read_bytes=2991161344 cpu_s=8.140000
[2026-09-28T20:43:32Z] pr236-H-vocab-random-label-de-200k-cold-base-r10 done
fatal: not a git repository (or any parent up to mount point /local)
Stopping at filesystem boundary (GIT_DISCOVERY_ACROSS_FILESYSTEM not set).
fatal: not a git repository (or any parent up to mount point /local)
Stopping at filesystem boundary (GIT_DISCOVERY_ACROSS_FILESYSTEM not set).
fatal: not a git repository (or any parent up to mount point /local)
Stopping at filesystem boundary (GIT_DISCOVERY_ACROSS_FILESYSTEM not set).
fatal: not a git repository (or any parent up to mount point /local)
Stopping at filesystem boundary (GIT_DISCOVERY_ACROSS_FILESYSTEM not set).
fatal: not a git repository (or any parent up to mount point /local)
Stopping at filesystem boundary (GIT_DISCOVERY_ACROSS_FILESYSTEM not set).
rep 1/1: complete export=s e2e=4.673089245s 19297737 bytes syscr=3605233 pread64=1805160 io_uring_enter=790728 read_bytes=0 cpu_s=15.080000
[2026-09-28T20:44:24Z] pr236-H-vocab-random-label-de-200k-warm-base-r1 done
fatal: not a git repository (or any parent up to mount point /local)
Stopping at filesystem boundary (GIT_DISCOVERY_ACROSS_FILESYSTEM not set).
fatal: not a git repository (or any parent up to mount point /local)
Stopping at filesystem boundary (GIT_DISCOVERY_ACROSS_FILESYSTEM not set).
fatal: not a git repository (or any parent up to mount point /local)
Stopping at filesystem boundary (GIT_DISCOVERY_ACROSS_FILESYSTEM not set).
fatal: not a git repository (or any parent up to mount point /local)
Stopping at filesystem boundary (GIT_DISCOVERY_ACROSS_FILESYSTEM not set).
fatal: not a git repository (or any parent up to mount point /local)
Stopping at filesystem boundary (GIT_DISCOVERY_ACROSS_FILESYSTEM not set).
rep 1/1: complete export=s e2e=4.714546379s 19297737 bytes syscr=4651990 pread64=3605205 io_uring_enter=0 read_bytes=0 cpu_s=15.090000
[2026-09-28T20:45:17Z] pr236-H-vocab-random-label-de-200k-warm-variant-r1 done
fatal: not a git repository (or any parent up to mount point /local)
Stopping at filesystem boundary (GIT_DISCOVERY_ACROSS_FILESYSTEM not set).
fatal: not a git repository (or any parent up to mount point /local)
Stopping at filesystem boundary (GIT_DISCOVERY_ACROSS_FILESYSTEM not set).
fatal: not a git repository (or any parent up to mount point /local)
Stopping at filesystem boundary (GIT_DISCOVERY_ACROSS_FILESYSTEM not set).
fatal: not a git repository (or any parent up to mount point /local)
Stopping at filesystem boundary (GIT_DISCOVERY_ACROSS_FILESYSTEM not set).
fatal: not a git repository (or any parent up to mount point /local)
Stopping at filesystem boundary (GIT_DISCOVERY_ACROSS_FILESYSTEM not set).
rep 1/1: complete export=s e2e=4.894294304s 19297737 bytes syscr=3605233 pread64=3605205 io_uring_enter=790728 read_bytes=0 cpu_s=15.750000
[2026-09-28T20:46:10Z] pr236-H-vocab-random-label-de-200k-warm-variant2-r1 done
fatal: not a git repository (or any parent up to mount point /local)
Stopping at filesystem boundary (GIT_DISCOVERY_ACROSS_FILESYSTEM not set).
fatal: not a git repository (or any parent up to mount point /local)
Stopping at filesystem boundary (GIT_DISCOVERY_ACROSS_FILESYSTEM not set).
fatal: not a git repository (or any parent up to mount point /local)
Stopping at filesystem boundary (GIT_DISCOVERY_ACROSS_FILESYSTEM not set).
fatal: not a git repository (or any parent up to mount point /local)
Stopping at filesystem boundary (GIT_DISCOVERY_ACROSS_FILESYSTEM not set).
fatal: not a git repository (or any parent up to mount point /local)
Stopping at filesystem boundary (GIT_DISCOVERY_ACROSS_FILESYSTEM not set).
rep 1/1: complete export=s e2e=4.838495052s 19297737 bytes syscr=3605233 pread64=3605205 io_uring_enter=790728 read_bytes=0 cpu_s=15.530000
[2026-09-28T20:47:03Z] pr236-H-vocab-random-label-de-200k-warm-variant2-r2 done
fatal: not a git repository (or any parent up to mount point /local)
Stopping at filesystem boundary (GIT_DISCOVERY_ACROSS_FILESYSTEM not set).
fatal: not a git repository (or any parent up to mount point /local)
Stopping at filesystem boundary (GIT_DISCOVERY_ACROSS_FILESYSTEM not set).
fatal: not a git repository (or any parent up to mount point /local)
Stopping at filesystem boundary (GIT_DISCOVERY_ACROSS_FILESYSTEM not set).
fatal: not a git repository (or any parent up to mount point /local)
Stopping at filesystem boundary (GIT_DISCOVERY_ACROSS_FILESYSTEM not set).
fatal: not a git repository (or any parent up to mount point /local)
Stopping at filesystem boundary (GIT_DISCOVERY_ACROSS_FILESYSTEM not set).
rep 1/1: complete export=s e2e=4.696145583s 19297737 bytes syscr=4651990 pread64=3605205 io_uring_enter=0 read_bytes=0 cpu_s=15.050000
[2026-09-28T20:47:55Z] pr236-H-vocab-random-label-de-200k-warm-variant-r2 done
fatal: not a git repository (or any parent up to mount point /local)
Stopping at filesystem boundary (GIT_DISCOVERY_ACROSS_FILESYSTEM not set).
fatal: not a git repository (or any parent up to mount point /local)
Stopping at filesystem boundary (GIT_DISCOVERY_ACROSS_FILESYSTEM not set).
fatal: not a git repository (or any parent up to mount point /local)
Stopping at filesystem boundary (GIT_DISCOVERY_ACROSS_FILESYSTEM not set).
fatal: not a git repository (or any parent up to mount point /local)
Stopping at filesystem boundary (GIT_DISCOVERY_ACROSS_FILESYSTEM not set).
fatal: not a git repository (or any parent up to mount point /local)
Stopping at filesystem boundary (GIT_DISCOVERY_ACROSS_FILESYSTEM not set).
rep 1/1: complete export=s e2e=4.698695868s 19297737 bytes syscr=3605233 pread64=1805160 io_uring_enter=790728 read_bytes=0 cpu_s=15.100000
[2026-09-28T20:48:48Z] pr236-H-vocab-random-label-de-200k-warm-base-r2 done
fatal: not a git repository (or any parent up to mount point /local)
Stopping at filesystem boundary (GIT_DISCOVERY_ACROSS_FILESYSTEM not set).
fatal: not a git repository (or any parent up to mount point /local)
Stopping at filesystem boundary (GIT_DISCOVERY_ACROSS_FILESYSTEM not set).
fatal: not a git repository (or any parent up to mount point /local)
Stopping at filesystem boundary (GIT_DISCOVERY_ACROSS_FILESYSTEM not set).
fatal: not a git repository (or any parent up to mount point /local)
Stopping at filesystem boundary (GIT_DISCOVERY_ACROSS_FILESYSTEM not set).
fatal: not a git repository (or any parent up to mount point /local)
Stopping at filesystem boundary (GIT_DISCOVERY_ACROSS_FILESYSTEM not set).
rep 1/1: complete export=s e2e=4.609949238s 19297737 bytes syscr=3605233 pread64=1805160 io_uring_enter=790728 read_bytes=0 cpu_s=14.800000
[2026-09-28T20:49:40Z] pr236-H-vocab-random-label-de-200k-warm-base-r3 done
fatal: not a git repository (or any parent up to mount point /local)
Stopping at filesystem boundary (GIT_DISCOVERY_ACROSS_FILESYSTEM not set).
fatal: not a git repository (or any parent up to mount point /local)
Stopping at filesystem boundary (GIT_DISCOVERY_ACROSS_FILESYSTEM not set).
fatal: not a git repository (or any parent up to mount point /local)
Stopping at filesystem boundary (GIT_DISCOVERY_ACROSS_FILESYSTEM not set).
fatal: not a git repository (or any parent up to mount point /local)
Stopping at filesystem boundary (GIT_DISCOVERY_ACROSS_FILESYSTEM not set).
fatal: not a git repository (or any parent up to mount point /local)
Stopping at filesystem boundary (GIT_DISCOVERY_ACROSS_FILESYSTEM not set).
rep 1/1: complete export=s e2e=4.734096871s 19297737 bytes syscr=4651990 pread64=3605205 io_uring_enter=0 read_bytes=0 cpu_s=15.240000
[2026-09-28T20:50:32Z] pr236-H-vocab-random-label-de-200k-warm-variant-r3 done
fatal: not a git repository (or any parent up to mount point /local)
Stopping at filesystem boundary (GIT_DISCOVERY_ACROSS_FILESYSTEM not set).
fatal: not a git repository (or any parent up to mount point /local)
Stopping at filesystem boundary (GIT_DISCOVERY_ACROSS_FILESYSTEM not set).
fatal: not a git repository (or any parent up to mount point /local)
Stopping at filesystem boundary (GIT_DISCOVERY_ACROSS_FILESYSTEM not set).
fatal: not a git repository (or any parent up to mount point /local)
Stopping at filesystem boundary (GIT_DISCOVERY_ACROSS_FILESYSTEM not set).
fatal: not a git repository (or any parent up to mount point /local)
Stopping at filesystem boundary (GIT_DISCOVERY_ACROSS_FILESYSTEM not set).
rep 1/1: complete export=s e2e=4.856089574s 19297737 bytes syscr=3605233 pread64=3605205 io_uring_enter=790728 read_bytes=0 cpu_s=15.580000
[2026-09-28T20:51:25Z] pr236-H-vocab-random-label-de-200k-warm-variant2-r3 done
fatal: not a git repository (or any parent up to mount point /local)
Stopping at filesystem boundary (GIT_DISCOVERY_ACROSS_FILESYSTEM not set).
fatal: not a git repository (or any parent up to mount point /local)
Stopping at filesystem boundary (GIT_DISCOVERY_ACROSS_FILESYSTEM not set).
fatal: not a git repository (or any parent up to mount point /local)
Stopping at filesystem boundary (GIT_DISCOVERY_ACROSS_FILESYSTEM not set).
fatal: not a git repository (or any parent up to mount point /local)
Stopping at filesystem boundary (GIT_DISCOVERY_ACROSS_FILESYSTEM not set).
fatal: not a git repository (or any parent up to mount point /local)
Stopping at filesystem boundary (GIT_DISCOVERY_ACROSS_FILESYSTEM not set).
rep 1/1: complete export=s e2e=4.887226838s 19297737 bytes syscr=3605233 pread64=3605205 io_uring_enter=790728 read_bytes=0 cpu_s=15.740000
[2026-09-28T20:52:18Z] pr236-H-vocab-random-label-de-200k-warm-variant2-r4 done
fatal: not a git repository (or any parent up to mount point /local)
Stopping at filesystem boundary (GIT_DISCOVERY_ACROSS_FILESYSTEM not set).
fatal: not a git repository (or any parent up to mount point /local)
Stopping at filesystem boundary (GIT_DISCOVERY_ACROSS_FILESYSTEM not set).
fatal: not a git repository (or any parent up to mount point /local)
Stopping at filesystem boundary (GIT_DISCOVERY_ACROSS_FILESYSTEM not set).
fatal: not a git repository (or any parent up to mount point /local)
Stopping at filesystem boundary (GIT_DISCOVERY_ACROSS_FILESYSTEM not set).
fatal: not a git repository (or any parent up to mount point /local)
Stopping at filesystem boundary (GIT_DISCOVERY_ACROSS_FILESYSTEM not set).
rep 1/1: complete export=s e2e=4.691402307s 19297737 bytes syscr=4651990 pread64=3605205 io_uring_enter=0 read_bytes=0 cpu_s=15.100000
[2026-09-28T20:53:11Z] pr236-H-vocab-random-label-de-200k-warm-variant-r4 done
fatal: not a git repository (or any parent up to mount point /local)
Stopping at filesystem boundary (GIT_DISCOVERY_ACROSS_FILESYSTEM not set).
fatal: not a git repository (or any parent up to mount point /local)
Stopping at filesystem boundary (GIT_DISCOVERY_ACROSS_FILESYSTEM not set).
fatal: not a git repository (or any parent up to mount point /local)
Stopping at filesystem boundary (GIT_DISCOVERY_ACROSS_FILESYSTEM not set).
fatal: not a git repository (or any parent up to mount point /local)
Stopping at filesystem boundary (GIT_DISCOVERY_ACROSS_FILESYSTEM not set).
fatal: not a git repository (or any parent up to mount point /local)
Stopping at filesystem boundary (GIT_DISCOVERY_ACROSS_FILESYSTEM not set).
rep 1/1: complete export=s e2e=4.720227093s 19297737 bytes syscr=3605233 pread64=1805160 io_uring_enter=790728 read_bytes=0 cpu_s=15.140000
[2026-09-28T20:54:03Z] pr236-H-vocab-random-label-de-200k-warm-base-r4 done
fatal: not a git repository (or any parent up to mount point /local)
Stopping at filesystem boundary (GIT_DISCOVERY_ACROSS_FILESYSTEM not set).
fatal: not a git repository (or any parent up to mount point /local)
Stopping at filesystem boundary (GIT_DISCOVERY_ACROSS_FILESYSTEM not set).
fatal: not a git repository (or any parent up to mount point /local)
Stopping at filesystem boundary (GIT_DISCOVERY_ACROSS_FILESYSTEM not set).
fatal: not a git repository (or any parent up to mount point /local)
Stopping at filesystem boundary (GIT_DISCOVERY_ACROSS_FILESYSTEM not set).
fatal: not a git repository (or any parent up to mount point /local)
Stopping at filesystem boundary (GIT_DISCOVERY_ACROSS_FILESYSTEM not set).
rep 1/1: complete export=s e2e=4.603479498s 19297737 bytes syscr=3605233 pread64=1805160 io_uring_enter=790728 read_bytes=0 cpu_s=14.830000
[2026-09-28T20:54:55Z] pr236-H-vocab-random-label-de-200k-warm-base-r5 done
fatal: not a git repository (or any parent up to mount point /local)
Stopping at filesystem boundary (GIT_DISCOVERY_ACROSS_FILESYSTEM not set).
fatal: not a git repository (or any parent up to mount point /local)
Stopping at filesystem boundary (GIT_DISCOVERY_ACROSS_FILESYSTEM not set).
fatal: not a git repository (or any parent up to mount point /local)
Stopping at filesystem boundary (GIT_DISCOVERY_ACROSS_FILESYSTEM not set).
fatal: not a git repository (or any parent up to mount point /local)
Stopping at filesystem boundary (GIT_DISCOVERY_ACROSS_FILESYSTEM not set).
fatal: not a git repository (or any parent up to mount point /local)
Stopping at filesystem boundary (GIT_DISCOVERY_ACROSS_FILESYSTEM not set).
rep 1/1: complete export=s e2e=4.677620037s 19297737 bytes syscr=4651990 pread64=3605205 io_uring_enter=0 read_bytes=0 cpu_s=15.010000
[2026-09-28T20:55:47Z] pr236-H-vocab-random-label-de-200k-warm-variant-r5 done
fatal: not a git repository (or any parent up to mount point /local)
Stopping at filesystem boundary (GIT_DISCOVERY_ACROSS_FILESYSTEM not set).
fatal: not a git repository (or any parent up to mount point /local)
Stopping at filesystem boundary (GIT_DISCOVERY_ACROSS_FILESYSTEM not set).
fatal: not a git repository (or any parent up to mount point /local)
Stopping at filesystem boundary (GIT_DISCOVERY_ACROSS_FILESYSTEM not set).
fatal: not a git repository (or any parent up to mount point /local)
Stopping at filesystem boundary (GIT_DISCOVERY_ACROSS_FILESYSTEM not set).
fatal: not a git repository (or any parent up to mount point /local)
Stopping at filesystem boundary (GIT_DISCOVERY_ACROSS_FILESYSTEM not set).
rep 1/1: complete export=s e2e=4.822981392s 19297737 bytes syscr=3605233 pread64=3605205 io_uring_enter=790728 read_bytes=0 cpu_s=15.460000
[2026-09-28T20:56:40Z] pr236-H-vocab-random-label-de-200k-warm-variant2-r5 done
fatal: not a git repository (or any parent up to mount point /local)
Stopping at filesystem boundary (GIT_DISCOVERY_ACROSS_FILESYSTEM not set).
fatal: not a git repository (or any parent up to mount point /local)
Stopping at filesystem boundary (GIT_DISCOVERY_ACROSS_FILESYSTEM not set).
fatal: not a git repository (or any parent up to mount point /local)
Stopping at filesystem boundary (GIT_DISCOVERY_ACROSS_FILESYSTEM not set).
fatal: not a git repository (or any parent up to mount point /local)
Stopping at filesystem boundary (GIT_DISCOVERY_ACROSS_FILESYSTEM not set).
fatal: not a git repository (or any parent up to mount point /local)
Stopping at filesystem boundary (GIT_DISCOVERY_ACROSS_FILESYSTEM not set).
rep 1/1: complete export=s e2e=4.915507066s 19297737 bytes syscr=3605233 pread64=3605205 io_uring_enter=790728 read_bytes=0 cpu_s=15.800000
[2026-09-28T20:57:34Z] pr236-H-vocab-random-label-de-200k-warm-variant2-r6 done
fatal: not a git repository (or any parent up to mount point /local)
Stopping at filesystem boundary (GIT_DISCOVERY_ACROSS_FILESYSTEM not set).
fatal: not a git repository (or any parent up to mount point /local)
Stopping at filesystem boundary (GIT_DISCOVERY_ACROSS_FILESYSTEM not set).
fatal: not a git repository (or any parent up to mount point /local)
Stopping at filesystem boundary (GIT_DISCOVERY_ACROSS_FILESYSTEM not set).
fatal: not a git repository (or any parent up to mount point /local)
Stopping at filesystem boundary (GIT_DISCOVERY_ACROSS_FILESYSTEM not set).
fatal: not a git repository (or any parent up to mount point /local)
Stopping at filesystem boundary (GIT_DISCOVERY_ACROSS_FILESYSTEM not set).
rep 1/1: complete export=s e2e=4.642891148s 19297737 bytes syscr=4651990 pread64=3605205 io_uring_enter=0 read_bytes=0 cpu_s=14.850000
[2026-09-28T20:58:26Z] pr236-H-vocab-random-label-de-200k-warm-variant-r6 done
fatal: not a git repository (or any parent up to mount point /local)
Stopping at filesystem boundary (GIT_DISCOVERY_ACROSS_FILESYSTEM not set).
fatal: not a git repository (or any parent up to mount point /local)
Stopping at filesystem boundary (GIT_DISCOVERY_ACROSS_FILESYSTEM not set).
fatal: not a git repository (or any parent up to mount point /local)
Stopping at filesystem boundary (GIT_DISCOVERY_ACROSS_FILESYSTEM not set).
fatal: not a git repository (or any parent up to mount point /local)
Stopping at filesystem boundary (GIT_DISCOVERY_ACROSS_FILESYSTEM not set).
fatal: not a git repository (or any parent up to mount point /local)
Stopping at filesystem boundary (GIT_DISCOVERY_ACROSS_FILESYSTEM not set).
rep 1/1: complete export=s e2e=4.688565514s 19297737 bytes syscr=3605233 pread64=1805160 io_uring_enter=790728 read_bytes=0 cpu_s=15.010000
[2026-09-28T20:59:18Z] pr236-H-vocab-random-label-de-200k-warm-base-r6 done
fatal: not a git repository (or any parent up to mount point /local)
Stopping at filesystem boundary (GIT_DISCOVERY_ACROSS_FILESYSTEM not set).
fatal: not a git repository (or any parent up to mount point /local)
Stopping at filesystem boundary (GIT_DISCOVERY_ACROSS_FILESYSTEM not set).
fatal: not a git repository (or any parent up to mount point /local)
Stopping at filesystem boundary (GIT_DISCOVERY_ACROSS_FILESYSTEM not set).
fatal: not a git repository (or any parent up to mount point /local)
Stopping at filesystem boundary (GIT_DISCOVERY_ACROSS_FILESYSTEM not set).
fatal: not a git repository (or any parent up to mount point /local)
Stopping at filesystem boundary (GIT_DISCOVERY_ACROSS_FILESYSTEM not set).
rep 1/1: complete export=s e2e=4.731992872s 19297737 bytes syscr=3605233 pread64=1805160 io_uring_enter=790728 read_bytes=0 cpu_s=15.120000
[2026-09-28T21:00:11Z] pr236-H-vocab-random-label-de-200k-warm-base-r7 done
fatal: not a git repository (or any parent up to mount point /local)
Stopping at filesystem boundary (GIT_DISCOVERY_ACROSS_FILESYSTEM not set).
fatal: not a git repository (or any parent up to mount point /local)
Stopping at filesystem boundary (GIT_DISCOVERY_ACROSS_FILESYSTEM not set).
fatal: not a git repository (or any parent up to mount point /local)
Stopping at filesystem boundary (GIT_DISCOVERY_ACROSS_FILESYSTEM not set).
fatal: not a git repository (or any parent up to mount point /local)
Stopping at filesystem boundary (GIT_DISCOVERY_ACROSS_FILESYSTEM not set).
fatal: not a git repository (or any parent up to mount point /local)
Stopping at filesystem boundary (GIT_DISCOVERY_ACROSS_FILESYSTEM not set).
rep 1/1: complete export=s e2e=4.648397475s 19297737 bytes syscr=4651990 pread64=3605205 io_uring_enter=0 read_bytes=0 cpu_s=14.950000
[2026-09-28T21:01:04Z] pr236-H-vocab-random-label-de-200k-warm-variant-r7 done
fatal: not a git repository (or any parent up to mount point /local)
Stopping at filesystem boundary (GIT_DISCOVERY_ACROSS_FILESYSTEM not set).
fatal: not a git repository (or any parent up to mount point /local)
Stopping at filesystem boundary (GIT_DISCOVERY_ACROSS_FILESYSTEM not set).
fatal: not a git repository (or any parent up to mount point /local)
Stopping at filesystem boundary (GIT_DISCOVERY_ACROSS_FILESYSTEM not set).
fatal: not a git repository (or any parent up to mount point /local)
Stopping at filesystem boundary (GIT_DISCOVERY_ACROSS_FILESYSTEM not set).
fatal: not a git repository (or any parent up to mount point /local)
Stopping at filesystem boundary (GIT_DISCOVERY_ACROSS_FILESYSTEM not set).
rep 1/1: complete export=s e2e=4.913474453s 19297737 bytes syscr=3605237 pread64=3605205 io_uring_enter=790728 read_bytes=0 cpu_s=15.750000
[2026-09-28T21:01:58Z] pr236-H-vocab-random-label-de-200k-warm-variant2-r7 done
fatal: not a git repository (or any parent up to mount point /local)
Stopping at filesystem boundary (GIT_DISCOVERY_ACROSS_FILESYSTEM not set).
fatal: not a git repository (or any parent up to mount point /local)
Stopping at filesystem boundary (GIT_DISCOVERY_ACROSS_FILESYSTEM not set).
fatal: not a git repository (or any parent up to mount point /local)
Stopping at filesystem boundary (GIT_DISCOVERY_ACROSS_FILESYSTEM not set).
fatal: not a git repository (or any parent up to mount point /local)
Stopping at filesystem boundary (GIT_DISCOVERY_ACROSS_FILESYSTEM not set).
fatal: not a git repository (or any parent up to mount point /local)
Stopping at filesystem boundary (GIT_DISCOVERY_ACROSS_FILESYSTEM not set).
rep 1/1: complete export=s e2e=4.894141642s 19297737 bytes syscr=3605233 pread64=3605205 io_uring_enter=790728 read_bytes=0 cpu_s=15.700000
[2026-09-28T21:02:51Z] pr236-H-vocab-random-label-de-200k-warm-variant2-r8 done
fatal: not a git repository (or any parent up to mount point /local)
Stopping at filesystem boundary (GIT_DISCOVERY_ACROSS_FILESYSTEM not set).
fatal: not a git repository (or any parent up to mount point /local)
Stopping at filesystem boundary (GIT_DISCOVERY_ACROSS_FILESYSTEM not set).
fatal: not a git repository (or any parent up to mount point /local)
Stopping at filesystem boundary (GIT_DISCOVERY_ACROSS_FILESYSTEM not set).
fatal: not a git repository (or any parent up to mount point /local)
Stopping at filesystem boundary (GIT_DISCOVERY_ACROSS_FILESYSTEM not set).
fatal: not a git repository (or any parent up to mount point /local)
Stopping at filesystem boundary (GIT_DISCOVERY_ACROSS_FILESYSTEM not set).
rep 1/1: complete export=s e2e=4.690528035s 19297737 bytes syscr=4651990 pread64=3605205 io_uring_enter=0 read_bytes=0 cpu_s=15.080000
[2026-09-28T21:03:44Z] pr236-H-vocab-random-label-de-200k-warm-variant-r8 done
fatal: not a git repository (or any parent up to mount point /local)
Stopping at filesystem boundary (GIT_DISCOVERY_ACROSS_FILESYSTEM not set).
fatal: not a git repository (or any parent up to mount point /local)
Stopping at filesystem boundary (GIT_DISCOVERY_ACROSS_FILESYSTEM not set).
fatal: not a git repository (or any parent up to mount point /local)
Stopping at filesystem boundary (GIT_DISCOVERY_ACROSS_FILESYSTEM not set).
fatal: not a git repository (or any parent up to mount point /local)
Stopping at filesystem boundary (GIT_DISCOVERY_ACROSS_FILESYSTEM not set).
fatal: not a git repository (or any parent up to mount point /local)
Stopping at filesystem boundary (GIT_DISCOVERY_ACROSS_FILESYSTEM not set).
rep 1/1: complete export=s e2e=4.676829400s 19297737 bytes syscr=3605233 pread64=1805160 io_uring_enter=790728 read_bytes=0 cpu_s=14.990000
[2026-09-28T21:04:36Z] pr236-H-vocab-random-label-de-200k-warm-base-r8 done
fatal: not a git repository (or any parent up to mount point /local)
Stopping at filesystem boundary (GIT_DISCOVERY_ACROSS_FILESYSTEM not set).
fatal: not a git repository (or any parent up to mount point /local)
Stopping at filesystem boundary (GIT_DISCOVERY_ACROSS_FILESYSTEM not set).
fatal: not a git repository (or any parent up to mount point /local)
Stopping at filesystem boundary (GIT_DISCOVERY_ACROSS_FILESYSTEM not set).
fatal: not a git repository (or any parent up to mount point /local)
Stopping at filesystem boundary (GIT_DISCOVERY_ACROSS_FILESYSTEM not set).
fatal: not a git repository (or any parent up to mount point /local)
Stopping at filesystem boundary (GIT_DISCOVERY_ACROSS_FILESYSTEM not set).
rep 1/1: complete export=s e2e=4.660606073s 19297737 bytes syscr=3605233 pread64=1805160 io_uring_enter=790728 read_bytes=0 cpu_s=15.030000
[2026-09-28T21:05:28Z] pr236-H-vocab-random-label-de-200k-warm-base-r9 done
fatal: not a git repository (or any parent up to mount point /local)
Stopping at filesystem boundary (GIT_DISCOVERY_ACROSS_FILESYSTEM not set).
fatal: not a git repository (or any parent up to mount point /local)
Stopping at filesystem boundary (GIT_DISCOVERY_ACROSS_FILESYSTEM not set).
fatal: not a git repository (or any parent up to mount point /local)
Stopping at filesystem boundary (GIT_DISCOVERY_ACROSS_FILESYSTEM not set).
fatal: not a git repository (or any parent up to mount point /local)
Stopping at filesystem boundary (GIT_DISCOVERY_ACROSS_FILESYSTEM not set).
fatal: not a git repository (or any parent up to mount point /local)
Stopping at filesystem boundary (GIT_DISCOVERY_ACROSS_FILESYSTEM not set).
rep 1/1: complete export=s e2e=4.755447373s 19297737 bytes syscr=4651990 pread64=3605205 io_uring_enter=0 read_bytes=0 cpu_s=15.310000
[2026-09-28T21:06:21Z] pr236-H-vocab-random-label-de-200k-warm-variant-r9 done
fatal: not a git repository (or any parent up to mount point /local)
Stopping at filesystem boundary (GIT_DISCOVERY_ACROSS_FILESYSTEM not set).
fatal: not a git repository (or any parent up to mount point /local)
Stopping at filesystem boundary (GIT_DISCOVERY_ACROSS_FILESYSTEM not set).
fatal: not a git repository (or any parent up to mount point /local)
Stopping at filesystem boundary (GIT_DISCOVERY_ACROSS_FILESYSTEM not set).
fatal: not a git repository (or any parent up to mount point /local)
Stopping at filesystem boundary (GIT_DISCOVERY_ACROSS_FILESYSTEM not set).
fatal: not a git repository (or any parent up to mount point /local)
Stopping at filesystem boundary (GIT_DISCOVERY_ACROSS_FILESYSTEM not set).
rep 1/1: complete export=s e2e=4.862380662s 19297737 bytes syscr=3605233 pread64=3605205 io_uring_enter=790728 read_bytes=0 cpu_s=15.610000
[2026-09-28T21:07:14Z] pr236-H-vocab-random-label-de-200k-warm-variant2-r9 done
fatal: not a git repository (or any parent up to mount point /local)
Stopping at filesystem boundary (GIT_DISCOVERY_ACROSS_FILESYSTEM not set).
fatal: not a git repository (or any parent up to mount point /local)
Stopping at filesystem boundary (GIT_DISCOVERY_ACROSS_FILESYSTEM not set).
fatal: not a git repository (or any parent up to mount point /local)
Stopping at filesystem boundary (GIT_DISCOVERY_ACROSS_FILESYSTEM not set).
fatal: not a git repository (or any parent up to mount point /local)
Stopping at filesystem boundary (GIT_DISCOVERY_ACROSS_FILESYSTEM not set).
fatal: not a git repository (or any parent up to mount point /local)
Stopping at filesystem boundary (GIT_DISCOVERY_ACROSS_FILESYSTEM not set).
rep 1/1: complete export=s e2e=4.938391979s 19297737 bytes syscr=3605233 pread64=3605205 io_uring_enter=790728 read_bytes=0 cpu_s=15.780000
[2026-09-28T21:08:07Z] pr236-H-vocab-random-label-de-200k-warm-variant2-r10 done
fatal: not a git repository (or any parent up to mount point /local)
Stopping at filesystem boundary (GIT_DISCOVERY_ACROSS_FILESYSTEM not set).
fatal: not a git repository (or any parent up to mount point /local)
Stopping at filesystem boundary (GIT_DISCOVERY_ACROSS_FILESYSTEM not set).
fatal: not a git repository (or any parent up to mount point /local)
Stopping at filesystem boundary (GIT_DISCOVERY_ACROSS_FILESYSTEM not set).
fatal: not a git repository (or any parent up to mount point /local)
Stopping at filesystem boundary (GIT_DISCOVERY_ACROSS_FILESYSTEM not set).
fatal: not a git repository (or any parent up to mount point /local)
Stopping at filesystem boundary (GIT_DISCOVERY_ACROSS_FILESYSTEM not set).
rep 1/1: complete export=s e2e=4.739922254s 19297737 bytes syscr=4651990 pread64=3605205 io_uring_enter=0 read_bytes=0 cpu_s=15.240000
[2026-09-28T21:09:00Z] pr236-H-vocab-random-label-de-200k-warm-variant-r10 done
fatal: not a git repository (or any parent up to mount point /local)
Stopping at filesystem boundary (GIT_DISCOVERY_ACROSS_FILESYSTEM not set).
fatal: not a git repository (or any parent up to mount point /local)
Stopping at filesystem boundary (GIT_DISCOVERY_ACROSS_FILESYSTEM not set).
fatal: not a git repository (or any parent up to mount point /local)
Stopping at filesystem boundary (GIT_DISCOVERY_ACROSS_FILESYSTEM not set).
fatal: not a git repository (or any parent up to mount point /local)
Stopping at filesystem boundary (GIT_DISCOVERY_ACROSS_FILESYSTEM not set).
fatal: not a git repository (or any parent up to mount point /local)
Stopping at filesystem boundary (GIT_DISCOVERY_ACROSS_FILESYSTEM not set).
rep 1/1: complete export=s e2e=4.703255037s 19297737 bytes syscr=3605233 pread64=1805160 io_uring_enter=790728 read_bytes=0 cpu_s=15.090000
[2026-09-28T21:09:52Z] pr236-H-vocab-random-label-de-200k-warm-base-r10 done
[2026-09-28T21:09:52Z] !!!!!!!! postflight cold FAILED !!!!!!!!
# Three-arm run: one base run, two comparisons

## base vs variant (nowait-fastpath-default-on)
## PR #236 A/B on wikidata (turtle_export)

- Base: `0ed8f9223497196d8979accb24ac737becc42f2b` p7-3526-ring-only; server args: `(none)`
- Variant: `51269ab4bf895211983287d1086c0a700ea43c86` nowait-fastpath-default-on; server args: `--set-runtime-parameter vocabulary-iouring-page-cache-fast-path=true`
- Binaries: two binaries; host `ural` (ural layout)
- Server query threads (`--num-simultaneous-queries`): 1
- Reps: 10 per arm, query and scenario; arms interleaved per rep, order alternating (odd reps base first, even reps variant first); cold reps run after `clear-caches`.
- Noise rule: within noise when |delta| < 1% or the min..max ranges overlap.

### Timing (elapsed_s, end to end)

| query | scenario | arm | n | median | min | max | delta vs base | verdict | correctness |
|---|---|---|---|---|---|---|---|---|---|
| H-vocab-label-large-de | cold | p7-3526-ring-only | 10 | 28.6650 | 28.5664 | 28.7620 |  |  |  |
| H-vocab-label-large-de | cold | nowait-fastpath-default-on | 10 | 24.7540 | 24.6832 | 24.8521 | -13.64% | variant faster | identical bytes |
| H-vocab-label-large-de | warm | p7-3526-ring-only | 10 | 19.7959 | 19.4496 | 20.7932 |  |  |  |
| H-vocab-label-large-de | warm | nowait-fastpath-default-on | 10 | 16.1653 | 15.8112 | 17.0102 | -18.34% | variant faster | identical bytes |
| H-vocab-random-label-de-200k | cold | p7-3526-ring-only | 9 | 11.1587 | 10.8012 | 11.5935 |  |  |  |
| H-vocab-random-label-de-200k | cold | nowait-fastpath-default-on | 10 | 11.1740 | 11.0069 | 11.3099 | +0.14% | within noise | **MISMATCH** (MISMATCH) |
| H-vocab-random-label-de-200k | warm | p7-3526-ring-only | 10 | 4.6827 | 4.6035 | 4.7320 |  |  |  |
| H-vocab-random-label-de-200k | warm | nowait-fastpath-default-on | 10 | 4.6938 | 4.6429 | 4.7554 | +0.24% | within noise | identical bytes |

### Verdict

- H-vocab-label-large-de cold: variant faster (-13.64%); correctness: identical bytes
- H-vocab-label-large-de warm: variant faster (-18.34%); correctness: identical bytes
- H-vocab-random-label-de-200k cold: within noise (+0.14%); correctness: **MISMATCH** (MISMATCH)
- H-vocab-random-label-de-200k warm: within noise (+0.24%); correctness: identical bytes

### Gates

- `gate-postflight-cold.log`: == POSTFLIGHT: FAIL ==
  - FAIL 1 failed/non-complete rows
- `gate-postflight-warm.log`: == POSTFLIGHT: PASS ==
- `gate-preflight-base.log`: == PREFLIGHT: PASS ==
- `gate-preflight-variant.log`: == PREFLIGHT: PASS ==
- `gate-verify-base.log`: VERDICT: PASS — binary is trustworthy for benchmarking
- `gate-verify-variant.log`: VERDICT: PASS — binary is trustworthy for benchmarking

### Problems

- H-vocab-random-label-de-200k/cold/base rep 8: status=failed bytes=0
- H-vocab-random-label-de-200k/cold/base rep 8: correctness MISMATCH
- H-vocab-random-label-de-200k/cold/base: 9 good reps of 10

Artifacts: `results.csv` (all reps), `<scenario>/<query>/<arm>/raw/` (harness output per rep), `correctness.tsv`, `build-env.txt`, `env-before.txt`, `env-after.txt`, `gate-*.log`, `driver.log`.

## base vs variant2 (nowait-fastpath-off)
## PR #236 A/B on wikidata (turtle_export)

- Base: `0ed8f9223497196d8979accb24ac737becc42f2b` p7-3526-ring-only; server args: `(none)`
- Variant: `51269ab4bf895211983287d1086c0a700ea43c86` nowait-fastpath-off; server args: `--set-runtime-parameter vocabulary-iouring-page-cache-fast-path=false`
- Binaries: two binaries; host `ural` (ural layout)
- Server query threads (`--num-simultaneous-queries`): 1
- Reps: 10 per arm, query and scenario; arms interleaved per rep, order alternating (odd reps base first, even reps variant first); cold reps run after `clear-caches`.
- Noise rule: within noise when |delta| < 1% or the min..max ranges overlap.

### Timing (elapsed_s, end to end)

| query | scenario | arm | n | median | min | max | delta vs base | verdict | correctness |
|---|---|---|---|---|---|---|---|---|---|
| H-vocab-label-large-de | cold | p7-3526-ring-only | 10 | 28.6650 | 28.5664 | 28.7620 |  |  |  |
| H-vocab-label-large-de | cold | nowait-fastpath-off | 10 | 28.5862 | 28.4799 | 28.7232 | -0.28% | within noise | identical bytes |
| H-vocab-label-large-de | warm | p7-3526-ring-only | 10 | 19.7959 | 19.4496 | 20.7932 |  |  |  |
| H-vocab-label-large-de | warm | nowait-fastpath-off | 10 | 19.7249 | 19.5521 | 20.5675 | -0.36% | within noise | identical bytes |
| H-vocab-random-label-de-200k | cold | p7-3526-ring-only | 9 | 11.1587 | 10.8012 | 11.5935 |  |  |  |
| H-vocab-random-label-de-200k | cold | nowait-fastpath-off | 10 | 11.3236 | 11.1301 | 11.5707 | +1.48% | within noise | **MISMATCH** (MISMATCH) |
| H-vocab-random-label-de-200k | warm | p7-3526-ring-only | 10 | 4.6827 | 4.6035 | 4.7320 |  |  |  |
| H-vocab-random-label-de-200k | warm | nowait-fastpath-off | 10 | 4.8907 | 4.8230 | 4.9384 | +4.44% | variant slower | identical bytes |

### Verdict

- H-vocab-label-large-de cold: within noise (-0.28%); correctness: identical bytes
- H-vocab-label-large-de warm: within noise (-0.36%); correctness: identical bytes
- H-vocab-random-label-de-200k cold: within noise (+1.48%); correctness: **MISMATCH** (MISMATCH)
- H-vocab-random-label-de-200k warm: variant slower (+4.44%); correctness: identical bytes

### Gates

- `gate-postflight-cold.log`: == POSTFLIGHT: FAIL ==
  - FAIL 1 failed/non-complete rows
- `gate-postflight-warm.log`: == POSTFLIGHT: PASS ==
- `gate-preflight-base.log`: == PREFLIGHT: PASS ==
- `gate-preflight-variant.log`: == PREFLIGHT: PASS ==
- `gate-verify-base.log`: VERDICT: PASS — binary is trustworthy for benchmarking
- `gate-verify-variant.log`: VERDICT: PASS — binary is trustworthy for benchmarking

### Problems

- H-vocab-random-label-de-200k/cold/base rep 8: status=failed bytes=0
- H-vocab-random-label-de-200k/cold/base rep 8: correctness MISMATCH
- H-vocab-random-label-de-200k/cold/base: 9 good reps of 10

Artifacts: `results.csv` (all reps), `<scenario>/<query>/<arm>/raw/` (harness output per rep), `correctness.tsv`, `build-env.txt`, `env-before.txt`, `env-after.txt`, `gate-*.log`, `driver.log`.
[2026-09-28T21:09:53Z] !!!!!!!! CORRECTNESS MISMATCH in 1 reps: see /local/data-ssd/stoetzem/thesis/experiments/runs/stack-nowait-vs-p7-wikidata-len10/MISMATCH !!!!!!!!
[2026-09-28T21:09:53Z] finished rc=1 run=/local/data-ssd/stoetzem/thesis/experiments/runs/stack-nowait-vs-p7-wikidata-len10
