kind,index,t_ns,value
enter,0,4924471493310894,3126105
header_yield,0,4924471493338554,0
header_resumed,0,4924471493345104,0
getresult_done,0,4924471493731591,408090
plan_begin,0,4924471493736491,0
submit,0,4924471517771790,8192
submit,1,4924471517782480,8192
submit,2,4924471517822759,8192
submit,3,4924471517823839,8192
submit,4,4924471517830319,8192
submit,5,4924471517831219,8192
submit,6,4924471517834469,8192
submit,7,4924471517834779,8192
submit,8,4924471517835169,8192
submit,9,4924471517846389,8192
submit,10,4924471517846719,8192
submit,11,4924471517846989,8192
submit,12,4924471525331883,8192
submit,13,4924471525336343,8192
submit,14,4924471525336853,8192
submit,15,4924471525337443,8192
submit,16,4924471525338083,8192
submit,17,4924471525349393,8192
submit,18,4924471525349713,8192
submit,19,4924471525350123,8192
submit,20,4924471525350423,8192
submit,21,4924471525350793,8192
submit,22,4924471525353353,8192
submit,23,4924471525353653,8192
submit,24,4924471525354033,8192
submit,25,4924471530824552,8192
submit,26,4924471530828732,8192
submit,27,4924471530829192,8192
submit,28,4924471530840262,8192
submit,29,4924471530840622,8192
submit,30,4924471530840882,8192
submit,31,4924471530841202,8192
submit,32,4924471530841502,8192
submit,33,4924471530855921,8192
submit,34,4924471530856241,8192
submit,35,4924471530856541,8192
submit,36,4924471530856841,8192
submit,37,4924471530857151,8192
submit,38,4924471536302690,8192
submit,39,4924471536307290,8192
submit,40,4924471536307700,8192
submit,41,4924471536311440,8192
submit,42,4924471536312030,8192
submit,43,4924471536314310,8192
submit,44,4924471536314700,8192
submit,45,4924471536314990,8192
submit,46,4924471536315480,8192
submit,47,4924471536315770,8192
submit,48,4924471536316060,8192
submit,49,4924471536317310,8192
submit,50,4924471536317620,8192
submit,51,4924471542806121,8192
submit,52,4924471542810671,8192
submit,53,4924471542811001,8192
submit,54,4924471542811311,8192
submit,55,4924471542811881,8192
submit,56,4924471542812401,8192
submit,57,4924471542824021,8192
submit,58,4924471542824381,8192
submit,59,4924471542824701,8192
submit,60,4924471542844641,8192
submit,61,4924471542845071,8192
submit,62,4924471542845391,8192
submit,63,4924471542845691,8192
submit,64,4924471549057424,8192
submit,65,4924471549073894,8192
submit,66,4924471549074314,8192
submit,67,4924471549076454,8192
submit,68,4924471549076684,8192
submit,69,4924471549077004,8192
submit,70,4924471549077334,8192
submit,71,4924471549077564,8192
submit,72,4924471549077884,8192
submit,73,4924471549078114,8192
submit,74,4924471549078344,8192
submit,75,4924471549078664,8192
submit,76,4924471560534798,8192
submit,77,4924471560539218,8192
submit,78,4924471560546398,8192
submit,79,4924471560546948,8192
submit,80,4924471560547478,8192
submit,81,4924471560548168,8192
submit,82,4924471560548688,8192
submit,83,4924471560549338,8192
submit,84,4924471560552458,8192
submit,85,4924471560552898,8192
submit,86,4924471560553388,8192
submit,87,4924471560553918,8192
submit,88,4924471560554528,8192
submit,89,4924471571889753,8192
submit,90,4924471571894843,8192
submit,91,4924471571895263,8192
submit,92,4924471571895783,8192
submit,93,4924471571896333,8192
submit,94,4924471571896703,8192
submit,95,4924471571896983,8192
submit,96,4924471571897353,8192
submit,97,4924471571904213,8192
submit,98,4924471571904573,8192
submit,99,4924471571914012,8192
submit,100,4924471571914302,8192
submit,101,4924471571916602,8192
submit,102,4924471582041266,8192
submit,103,4924471582045676,8192
submit,104,4924471582046056,8192
submit,105,4924471582046316,8192
submit,106,4924471582046786,8192
submit,107,4924471582047596,8192
submit,108,4924471582048206,8192
submit,109,4924471582048646,8192
submit,110,4924471582048946,8192
submit,111,4924471582049236,8192
submit,112,4924471582049626,8192
submit,113,4924471582050026,8192
submit,114,4924471582050336,8192
submit,115,4924471598045056,8192
submit,116,4924471598054436,8192
submit,117,4924471598054766,8192
submit,118,4924471598060386,8192
submit,119,4924471598060696,8192
submit,120,4924471598063496,8192
submit,121,4924471598063906,8192
submit,122,4924471598064196,8192
submit,123,4924471598064426,8192
submit,124,4924471598073266,8192
submit,125,4924471598073496,8192
submit,126,4924471598073726,8192
submit,127,4924471606293014,8192
submit,128,4924471606300134,8192
submit,129,4924471606325604,8192
submit,130,4924471606326164,8192
submit,131,4924471606326524,8192
submit,132,4924471606326834,8192
submit,133,4924471606327214,8192
submit,134,4924471606327504,8192
submit,135,4924471606329974,8192
submit,136,4924471606330373,8192
submit,137,4924471606332653,8192
submit,138,4924471606332963,8192
submit,139,4924471606333263,8192
submit,140,4924471612788175,8192
submit,141,4924471612793925,8192
submit,142,4924471612794465,8192
submit,143,4924471612794995,8192
submit,144,4924471612795705,8192
submit,145,4924471612795975,8192
submit,146,4924471612796255,8192
submit,147,4924471612796525,8192
submit,148,4924471612796815,8192
submit,149,4924471612798805,8192
submit,150,4924471612799385,8192
submit,151,4924471612799675,8192
submit,152,4924471612800095,8192
submit,153,4924471619087917,8192
submit,154,4924471619091317,8192
submit,155,4924471619091707,8192
submit,156,4924471619092357,8192
submit,157,4924471619092597,8192
submit,158,4924471619093037,8192
submit,159,4924471619093367,8192
submit,160,4924471619093687,8192
submit,161,4924471619105267,8192
submit,162,4924471619105627,8192
submit,163,4924471619105867,8192
submit,164,4924471619106097,8192
submit,165,4924471619106337,8192
submit,166,4924471628774535,8192
submit,167,4924471628778655,8192
submit,168,4924471628779155,8192
submit,169,4924471628783734,8192
submit,170,4924471628784074,8192
submit,171,4924471628784394,8192
submit,172,4924471628787874,8192
submit,173,4924471628788214,8192
submit,174,4924471628788524,8192
submit,175,4924471628788934,8192
submit,176,4924471628794134,8192
submit,177,4924471628794504,8192
submit,178,4924471638377732,8192
submit,179,4924471638380822,8192
submit,180,4924471638381142,8192
submit,181,4924471638381502,8192
submit,182,4924471638383992,8192
submit,183,4924471638384222,8192
submit,184,4924471638384862,8192
submit,185,4924471638385092,8192
submit,186,4924471638385472,8192
submit,187,4924471638385702,8192
submit,188,4924471638386042,8192
submit,189,4924471638386272,8192
submit,190,4924471638386572,8192
submit,191,4924471643356705,8192
submit,192,4924471643361775,8192
submit,193,4924471643367635,8192
submit,194,4924471643367955,8192
submit,195,4924471643368285,8192
submit,196,4924471643368605,8192
submit,197,4924471643368935,8192
submit,198,4924471643369235,8192
submit,199,4924471643370385,8192
submit,200,4924471643370635,8192
submit,201,4924471643370865,8192
submit,202,4924471643371105,8192
submit,203,4924471651182416,8192
submit,204,4924471651190436,8192
submit,205,4924471651190916,8192
submit,206,4924471651191396,8192
submit,207,4924471651191806,8192
submit,208,4924471651192296,8192
submit,209,4924471651192586,8192
submit,210,4924471651192996,8192
submit,211,4924471651195286,8192
submit,212,4924471651195696,8192
submit,213,4924471651195996,8192
submit,214,4924471651196296,8192
submit,215,4924471651196596,8192
submit,216,4924471655498094,8192
submit,217,4924471655510733,8192
submit,218,4924471655511433,8192
submit,219,4924471655512273,8192
submit,220,4924471655512713,8192
submit,221,4924471655513123,8192
submit,222,4924471655513603,8192
submit,223,4924471655513883,8192
submit,224,4924471655514353,8192
submit,225,4924471655522623,8192
submit,226,4924471655523253,8192
submit,227,4924471655523543,8192
submit,228,4924471662372652,8192
submit,229,4924471662377362,8192
submit,230,4924471662378172,8192
submit,231,4924471662379002,8192
submit,232,4924471662380362,8192
submit,233,4924471662380992,8192
submit,234,4924471662381962,8192
submit,235,4924471662408542,8192
submit,236,4924471662409212,8192
submit,237,4924471662409782,8192
submit,238,4924471662413352,8192
submit,239,4924471662414092,8192
submit,240,4924471662414712,8192
submit,241,4924471674032464,8192
submit,242,4924471674037284,8192
submit,243,4924471674045184,8192
submit,244,4924471674046164,8192
submit,245,4924471674046804,8192
submit,246,4924471674050514,8192
submit,247,4924471674050984,8192
submit,248,4924471674051674,8192
submit,249,4924471674057164,8192
submit,250,4924471674057564,8192
submit,251,4924471674057934,8192
submit,252,4924471674068244,8192
submit,253,4924471683799270,8192
submit,254,4924471683805150,8192
submit,255,4924471683805540,8192
submit,256,4924471683805900,8192
submit,257,4924471683858970,8192
submit,258,4924471683859590,8192
submit,259,4924471683860040,8192
submit,260,4924471683860390,8192
submit,261,4924471683860750,8192
submit,262,4924471683864360,8192
submit,263,4924471683867470,8192
submit,264,4924471683867870,8192
submit,265,4924471683868230,8192
submit,266,4924471690437241,8192
submit,267,4924471690441001,8192
submit,268,4924471690441651,8192
submit,269,4924471690442101,8192
submit,270,4924471690442821,8192
submit,271,4924471690443451,8192
submit,272,4924471690444081,8192
submit,273,4924471690444591,8192
submit,274,4924471690447181,8192
submit,275,4924471690447721,8192
submit,276,4924471690448331,8192
submit,277,4924471690448841,8192
submit,278,4924471697201020,8192
submit,279,4924471697209600,8192
submit,280,4924471697210240,8192
submit,281,4924471697210830,8192
submit,282,4924471697211900,8192
submit,283,4924471697221230,8192
submit,284,4924471697226460,8192
submit,285,4924471697227200,8192
submit,286,4924471697228220,8192
submit,287,4924471697228900,8192
submit,288,4924471697229680,8192
submit,289,4924471697238009,8192
submit,290,4924471697239049,8192
submit,291,4924471703728701,8192
submit,292,4924471703733211,8192
submit,293,4924471703733511,8192
submit,294,4924471703739381,8192
submit,295,4924471703739791,8192
submit,296,4924471703740191,8192
submit,297,4924471703740651,8192
submit,298,4924471703741021,8192
submit,299,4924471703742271,8192
submit,300,4924471703742651,8192
submit,301,4924471703743031,8192
submit,302,4924471703743501,8192
submit,303,4924471718062433,8192
submit,304,4924471718067973,8192
submit,305,4924471718077393,8192
submit,306,4924471718080423,8192
submit,307,4924471718081283,8192
submit,308,4924471718082143,8192
submit,309,4924471718082523,8192
submit,310,4924471718082793,8192
submit,311,4924471718083083,8192
submit,312,4924471718083353,8192
submit,313,4924471718083623,8192
submit,314,4924471718083893,8192
submit,315,4924471718084163,8192
submit,316,4924471731195964,8192
submit,317,4924471731200644,8192
submit,318,4924471731201254,8192
submit,319,4924471731201864,8192
submit,320,4924471731204424,8192
submit,321,4924471731208914,8192
submit,322,4924471731209254,8192
submit,323,4924471731209954,8192
submit,324,4924471731210554,8192
submit,325,4924471731210844,8192
submit,326,4924471731211344,8192
submit,327,4924471731227284,8192
submit,328,4924471743401402,8192
submit,329,4924471743408612,8192
submit,330,4924471743409172,8192
submit,331,4924471743410132,8192
submit,332,4924471743411342,8192
submit,333,4924471743412042,8192
submit,334,4924471743412512,8192
submit,335,4924471743412962,8192
submit,336,4924471743413802,8192
submit,337,4924471743414172,8192
submit,338,4924471743414552,8192
submit,339,4924471743414922,8192
submit,340,4924471743415412,8192
submit,341,4924471753162409,8192
submit,342,4924471753173309,8192
submit,343,4924471753173709,8192
submit,344,4924471753174399,8192
submit,345,4924471753174849,8192
submit,346,4924471753175189,8192
submit,347,4924471753175599,8192
submit,348,4924471753181539,8192
submit,349,4924471753186679,8192
submit,350,4924471753187039,8192
submit,351,4924471753187379,8192
submit,352,4924471753187739,8192
submit,353,4924471762143211,8192
submit,354,4924471762147151,8192
submit,355,4924471762147651,8192
submit,356,4924471762148231,8192
submit,357,4924471762148611,8192
submit,358,4924471762148941,8192
submit,359,4924471762149241,8192
submit,360,4924471762149681,8192
submit,361,4924471762149911,8192
submit,362,4924471762150301,8192
submit,363,4924471762150601,8192
submit,364,4924471762150931,8192
submit,365,4924471762151161,8192
submit,366,4924471762151471,8192
submit,367,4924471770960435,8192
submit,368,4924471770966175,8192
submit,369,4924471770983304,8192
submit,370,4924471770983844,8192
submit,371,4924471770984294,8192
submit,372,4924471770984854,8192
submit,373,4924471770985224,8192
submit,374,4924471770985774,8192
submit,375,4924471770986644,8192
submit,376,4924471770987234,8192
submit,377,4924471770987684,8192
submit,378,4924471770988134,8192
submit,379,4924471778269740,8192
submit,380,4924471778274570,8192
submit,381,4924471778275270,8192
submit,382,4924471778276070,8192
submit,383,4924471778276440,8192
submit,384,4924471778276920,8192
submit,385,4924471778284090,8192
submit,386,4924471778284470,8192
submit,387,4924471778284830,8192
submit,388,4924471778285420,8192
submit,389,4924471778285780,8192
submit,390,4924471778286250,8192
submit,391,4924471778294719,8192
submit,392,4924471797054608,8192
submit,393,4924471797059808,8192
submit,394,4924471797060358,8192
submit,395,4924471797060828,8192
submit,396,4924471797061298,8192
submit,397,4924471797061968,8192
submit,398,4924471797062258,8192
submit,399,4924471797064688,8192
submit,400,4924471797064968,8192
submit,401,4924471797065398,8192
submit,402,4924471797065678,8192
submit,403,4924471797066088,8192
submit,404,4924471823075773,8192
submit,405,4924471823080652,8192
submit,406,4924471823081332,8192
submit,407,4924471823081642,8192
submit,408,4924471823081932,8192
submit,409,4924471823082352,8192
submit,410,4924471823082852,8192
submit,411,4924471823083292,8192
submit,412,4924471823090402,8192
submit,413,4924471823091922,8192
submit,414,4924471823092382,8192
submit,415,4924471823092802,8192
submit,416,4924471842929223,8192
submit,417,4924471842935143,8192
submit,418,4924471842935483,8192
submit,419,4924471842935943,8192
submit,420,4924471842936363,8192
submit,421,4924471842937433,8192
submit,422,4924471842937863,8192
submit,423,4924471842938373,8192
submit,424,4924471842938933,8192
submit,425,4924471842939343,8192
submit,426,4924471842939673,8192
submit,427,4924471842940413,8192
submit,428,4924471842945343,8192
submit,429,4924471842945743,8192
submit,430,4924471849060337,8192
submit,431,4924471849065517,8192
submit,432,4924471849066487,8192
submit,433,4924471849070777,8192
submit,434,4924471849071207,8192
submit,435,4924471849071607,8192
submit,436,4924471849072047,8192
submit,437,4924471849072367,8192
submit,438,4924471849072907,8192
submit,439,4924471849073387,8192
submit,440,4924471849074037,8192
submit,441,4924471849074347,8192
submit,442,4924471849074677,8192
submit,443,4924471855844056,8192
submit,444,4924471855849326,8192
submit,445,4924471855855396,8192
submit,446,4924471855856026,8192
submit,447,4924471855856326,8192
submit,448,4924471855856956,8192
submit,449,4924471855864926,8192
submit,450,4924471855867916,8192
submit,451,4924471855868206,8192
submit,452,4924471855868786,8192
submit,453,4924471855869076,8192
submit,454,4924471855869376,8192
submit,455,4924471865700982,8192
submit,456,4924471865707012,8192
submit,457,4924471865707672,8192
submit,458,4924471865708342,8192
submit,459,4924471865709052,8192
submit,460,4924471865709982,8192
submit,461,4924471865710782,8192
submit,462,4924471865711292,8192
submit,463,4924471865711722,8192
submit,464,4924471865712232,8192
submit,465,4924471865712582,8192
submit,466,4924471865713122,8192
submit,467,4924471865713462,8192
submit,468,4924471876293292,8192
submit,469,4924471876297132,8192
submit,470,4924471876304442,8192
submit,471,4924471876305002,8192
submit,472,4924471876310982,8192
submit,473,4924471876311582,8192
submit,474,4924471876312062,8192
submit,475,4924471876312512,8192
submit,476,4924471876315732,8192
submit,477,4924471876316112,8192
submit,478,4924471876316782,8192
submit,479,4924471876317272,8192
submit,480,4924471876317732,8192
submit,481,4924471884329372,8192
submit,482,4924471884333132,8192
submit,483,4924471884333832,8192
submit,484,4924471884350112,8192
submit,485,4924471884350622,8192
submit,486,4924471884351342,8192
submit,487,4924471884351832,8192
submit,488,4924471884352312,8192
submit,489,4924471884352712,8192
submit,490,4924471884353112,8192
submit,491,4924471884353512,8192
submit,492,4924471884353912,8192
submit,493,4924471884354302,8192
submit,494,4924471893827180,8192
submit,495,4924471893832930,8192
submit,496,4924471893833390,8192
submit,497,4924471893842060,8192
submit,498,4924471893842450,8192
submit,499,4924471893850360,8192
submit,500,4924471893853390,8192
submit,501,4924471893853850,8192
submit,502,4924471893854130,8192
submit,503,4924471893854560,8192
submit,504,4924471893855080,8192
submit,505,4924471893855350,8192
submit,506,4924471903228039,8192
submit,507,4924471903231589,8192
submit,508,4924471903252019,8192
submit,509,4924471903252449,8192
submit,510,4924471903252889,8192
submit,511,4924471903253379,8192
submit,512,4924471903253989,8192
submit,513,4924471903338589,8192
submit,514,4924471903339089,8192
submit,515,4924471903339379,8192
submit,516,4924471903339669,8192
submit,517,4924471903339969,8192
submit,518,4924471903340519,8192
submit,519,4924471917275884,8192
submit,520,4924471917295424,8192
submit,521,4924471917295794,8192
submit,522,4924471917296084,8192
submit,523,4924471917296354,8192
submit,524,4924471917296724,8192
submit,525,4924471917297174,8192
submit,526,4924471917297504,8192
submit,527,4924471917297884,8192
submit,528,4924471917300864,8192
submit,529,4924471917301264,8192
submit,530,4924471917301534,8192
submit,531,4924471937935668,8192
submit,532,4924471937953468,8192
submit,533,4924471937954048,8192
submit,534,4924471937954458,8192
submit,535,4924471937954748,8192
submit,536,4924471937955038,8192
submit,537,4924471937956608,8192
submit,538,4924471937957028,8192
submit,539,4924471937957308,8192
submit,540,4924471937957608,8192
submit,541,4924471937957898,8192
submit,542,4924471937958188,8192
submit,543,4924471951695215,8192
submit,544,4924471951700285,8192
submit,545,4924471951704875,8192
submit,546,4924471951705365,8192
submit,547,4924471951706135,8192
submit,548,4924471951706585,8192
submit,549,4924471951707555,8192
submit,550,4924471951708425,8192
submit,551,4924471951708945,8192
submit,552,4924471951709235,8192
submit,553,4924471951709745,8192
submit,554,4924471951725535,8192
submit,555,4924471951725905,8192
submit,556,4924471958724462,8192
submit,557,4924471958728612,8192
submit,558,4924471958729202,8192
submit,559,4924471958729592,8192
submit,560,4924471958729972,8192
submit,561,4924471958730262,8192
submit,562,4924471958730972,8192
submit,563,4924471958731262,8192
submit,564,4924471958731542,8192
submit,565,4924471958731832,8192
submit,566,4924471958732312,8192
submit,567,4924471958732602,8192
submit,568,4924471958733102,8192
submit,569,4924471966120266,8192
submit,570,4924471966125366,8192
submit,571,4924471966125676,8192
submit,572,4924471966125936,8192
submit,573,4924471966126216,8192
submit,574,4924471966126826,8192
submit,575,4924471966137226,8192
submit,576,4924471966137716,8192
submit,577,4924471966142476,8192
submit,578,4924471966142786,8192
submit,579,4924471966143056,8192
submit,580,4924471966143416,8192
submit,581,4924471973079834,8192
submit,582,4924471973085624,8192
submit,583,4924471973086384,8192
submit,584,4924471973087074,8192
submit,585,4924471973088074,8192
submit,586,4924471973088864,8192
submit,587,4924471973089274,8192
submit,588,4924471973089554,8192
submit,589,4924471973090034,8192
submit,590,4924471973090574,8192
submit,591,4924471973095954,8192
submit,592,4924471973096414,8192
submit,593,4924471973096834,8192
submit,594,4924471982041937,8192
submit,595,4924471982047047,8192
submit,596,4924471982055246,8192
submit,597,4924471982056146,8192
submit,598,4924471982056896,8192
submit,599,4924471982060246,8192
submit,600,4924471982060846,8192
submit,601,4924471982061416,8192
submit,602,4924471982061726,8192
submit,603,4924471982062096,8192
submit,604,4924471982062566,8192
submit,605,4924471982062846,8192
submit,606,4924471982063206,8192
submit,607,4924471989055914,8192
submit,608,4924471989061624,8192
submit,609,4924471989064094,8192
submit,610,4924471989065324,8192
submit,611,4924471989066674,8192
submit,612,4924471989067834,8192
submit,613,4924471989068524,8192
submit,614,4924471989069474,8192
submit,615,4924471989070484,8192
submit,616,4924471989071674,8192
submit,617,4924471989072714,8192
submit,618,4924471989104563,8192
submit,619,4924471995608084,8192
submit,620,4924471995612794,8192
submit,621,4924471995613384,8192
submit,622,4924471995614434,8192
submit,623,4924471995614854,8192
submit,624,4924471995615824,8192
submit,625,4924471995616224,8192
submit,626,4924471995616794,8192
submit,627,4924471995617174,8192
submit,628,4924471995617974,8192
submit,629,4924471995618274,8192
submit,630,4924471995618574,8192
submit,631,4924472002306274,8192
submit,632,4924472002310814,8192
submit,633,4924472002311094,8192
submit,634,4924472002311504,8192
submit,635,4924472002311904,8192
submit,636,4924472002312304,8192
submit,637,4924472002312774,8192
submit,638,4924472002313124,8192
submit,639,4924472002323014,8192
submit,640,4924472002323284,8192
submit,641,4924472002327954,8192
submit,642,4924472002328334,8192
submit,643,4924472002328654,8192
submit,644,4924472002328944,8192
submit,645,4924472018027626,8192
submit,646,4924472018032236,8192
submit,647,4924472018032576,8192
submit,648,4924472018033276,8192
submit,649,4924472018037276,8192
submit,650,4924472018038816,8192
submit,651,4924472018039256,8192
submit,652,4924472018039756,8192
submit,653,4924472018040166,8192
submit,654,4924472018040816,8192
submit,655,4924472018041146,8192
submit,656,4924472018041566,8192
submit,657,4924472018041886,8192
submit,658,4924472040158459,8192
submit,659,4924472040163129,8192
submit,660,4924472040176539,8192
submit,661,4924472040176949,8192
submit,662,4924472040177399,8192
submit,663,4924472040177659,8192
submit,664,4924472040178339,8192
submit,665,4924472040178609,8192
submit,666,4924472040179309,8192
submit,667,4924472040179569,8192
submit,668,4924472040179839,8192
submit,669,4924472040180109,8192
submit,670,4924472063223456,8192
submit,671,4924472063228896,8192
submit,672,4924472063230086,8192
submit,673,4924472063263265,8192
submit,674,4924472063264245,8192
submit,675,4924472063264855,8192
submit,676,4924472063265565,8192
submit,677,4924472063265895,8192
submit,678,4924472063266175,8192
submit,679,4924472063266595,8192
submit,680,4924472063266965,8192
submit,681,4924472063267345,8192
submit,682,4924472063270875,8192
submit,683,4924472078425961,8192
submit,684,4924472078430051,8192
submit,685,4924472078430451,8192
submit,686,4924472078431181,8192
submit,687,4924472078431471,8192
submit,688,4924472078431861,8192
submit,689,4924472078432271,8192
submit,690,4924472078432681,8192
submit,691,4924472078432981,8192
submit,692,4924472078433281,8192
submit,693,4924472078433581,8192
submit,694,4924472078433891,8192
submit,695,4924472091246315,8192
submit,696,4924472091252125,8192
submit,697,4924472091252695,8192
submit,698,4924472091253845,8192
submit,699,4924472091256045,8192
submit,700,4924472091256735,8192
submit,701,4924472091257405,8192
submit,702,4924472091257955,8192
submit,703,4924472091267505,8192
submit,704,4924472091267855,8192
submit,705,4924472091273365,8192
submit,706,4924472091274005,8192
submit,707,4924472112583564,8192
submit,708,4924472112588854,8192
submit,709,4924472112593134,8192
submit,710,4924472112593644,8192
submit,711,4924472112593964,8192
submit,712,4924472112594464,8192
submit,713,4924472112594894,8192
submit,714,4924472112595574,8192
submit,715,4924472112595804,8192
submit,716,4924472112596234,8192
submit,717,4924472112596464,8192
submit,718,4924472112596814,8192
submit,719,4924472112597044,8192
submit,720,4924472132348775,8192
submit,721,4924472132352835,8192
submit,722,4924472132353235,8192
submit,723,4924472132353725,8192
submit,724,4924472132360515,8192
submit,725,4924472132360905,8192
submit,726,4924472132361295,8192
submit,727,4924472132361615,8192
submit,728,4924472132361925,8192
submit,729,4924472132362215,8192
submit,730,4924472132362515,8192
submit,731,4924472132362805,8192
submit,732,4924472182387789,8192
submit,733,4924472182392639,8192
submit,734,4924472182393219,8192
submit,735,4924472182393889,8192
submit,736,4924472182394669,8192
submit,737,4924472182397389,8192
submit,738,4924472182397759,8192
submit,739,4924472182398409,8192
submit,740,4924472182399009,8192
submit,741,4924472182399679,8192
submit,742,4924472182399949,8192
submit,743,4924472182400239,8192
submit,744,4924472220938889,8192
submit,745,4924472220943529,8192
submit,746,4924472220949199,8192
submit,747,4924472220949619,8192
submit,748,4924472220950079,8192
submit,749,4924472220952399,8192
submit,750,4924472220952919,8192
submit,751,4924472220953359,8192
submit,752,4924472220953719,8192
submit,753,4924472220954089,8192
submit,754,4924472220955059,8192
submit,755,4924472220955509,8192
submit,756,4924472220956119,8192
submit,757,4924472273374084,8192
submit,758,4924472273378414,8192
submit,759,4924472273378704,8192
submit,760,4924472273379134,8192
submit,761,4924472273379464,8192
submit,762,4924472273379854,8192
submit,763,4924472273380084,8192
submit,764,4924472273380314,8192
submit,765,4924472273380544,8192
submit,766,4924472273381004,8192
submit,767,4924472273384064,8192
submit,768,4924472273384464,8192
submit,769,4924472273389614,8192
submit,770,4924472295499848,8192
submit,771,4924472295504258,8192
submit,772,4924472295504658,8192
submit,773,4924472295505048,8192
submit,774,4924472295505408,8192
submit,775,4924472295506128,8192
submit,776,4924472295506628,8192
submit,777,4924472295506928,8192
submit,778,4924472295507358,8192
submit,779,4924472295507668,8192
submit,780,4924472295508058,8192
submit,781,4924472295508378,8192
submit,782,4924472316426120,8192
submit,783,4924472316431770,8192
submit,784,4924472316432470,8192
submit,785,4924472316432880,8192
submit,786,4924472316433190,8192
submit,787,4924472316433820,8192
submit,788,4924472316443950,8192
submit,789,4924472316444540,8192
submit,790,4924472316444860,8192
submit,791,4924472316445280,8192
submit,792,4924472316445600,8192
submit,793,4924472316445930,8192
submit,794,4924472316446330,8192
submit,795,4924472316446650,8192
submit,796,4924472320972676,8192
submit,797,4924472320977286,8192
submit,798,4924472320977746,8192
submit,799,4924472320984296,8192
submit,800,4924472320984986,8192
submit,801,4924472320987046,8192
submit,802,4924472320987716,8192
submit,803,4924472320988306,8192
submit,804,4924472320989126,8192
submit,805,4924472320989666,8192
submit,806,4924472320990176,8192
submit,807,4924472320990606,8192
submit,808,4924472320991016,8192
submit,809,4924472326114378,8192
submit,810,4924472326125718,8192
submit,811,4924472326126478,8192
submit,812,4924472326126898,8192
submit,813,4924472326127218,8192
submit,814,4924472326127708,8192
submit,815,4924472326128008,8192
submit,816,4924472326128548,8192
submit,817,4924472326128868,8192
submit,818,4924472326129178,8192
submit,819,4924472326129478,8192
submit,820,4924472326130088,8192
submit,821,4924472343290818,8192
submit,822,4924472343296758,8192
submit,823,4924472343297058,8192
submit,824,4924472343297478,8192
submit,825,4924472343297878,8192
submit,826,4924472343298458,8192
submit,827,4924472343299008,8192
submit,828,4924472343304808,8192
submit,829,4924472343305228,8192
submit,830,4924472343305628,8192
submit,831,4924472343312438,8192
submit,832,4924472343312848,8192
submit,833,4924472343314238,8192
submit,834,4924472378934590,8192
submit,835,4924472378940750,8192
submit,836,4924472378941360,8192
submit,837,4924472378941910,8192
submit,838,4924472378942440,8192
submit,839,4924472378943010,8192
submit,840,4924472378943920,8192
submit,841,4924472378944220,8192
submit,842,4924472378944510,8192
submit,843,4924472378944770,8192
submit,844,4924472378945190,8192
submit,845,4924472378945490,8192
submit,846,4924472407829563,8192
submit,847,4924472407835963,8192
submit,848,4924472407836683,8192
submit,849,4924472407839213,8192
submit,850,4924472407839733,8192
submit,851,4924472407840463,8192
submit,852,4924472407848603,8192
submit,853,4924472407849023,8192
submit,854,4924472407849543,8192
submit,855,4924472407849853,8192
submit,856,4924472407850333,8192
submit,857,4924472407850773,8192
submit,858,4924472429522550,8192
submit,859,4924472429526709,8192
submit,860,4924472429527219,8192
submit,861,4924472429527539,8192
submit,862,4924472429527949,8192
submit,863,4924472429532909,8192
submit,864,4924472429533529,8192
submit,865,4924472429534879,8192
submit,866,4924472429535289,8192
submit,867,4924472429535769,8192
submit,868,4924472429536149,8192
submit,869,4924472429536409,8192
submit,870,4924472429536689,8192
submit,871,4924472446775940,8192
submit,872,4924472446780430,8192
submit,873,4924472446781160,8192
submit,874,4924472446786020,8192
submit,875,4924472446786410,8192
submit,876,4924472446786680,8192
submit,877,4924472446786960,8192
submit,878,4924472446787240,8192
submit,879,4924472446787520,8192
submit,880,4924472446787790,8192
submit,881,4924472446788070,8192
submit,882,4924472446788340,8192
submit,883,4924472453184001,8192
submit,884,4924472453189141,8192
submit,885,4924472453189541,8192
submit,886,4924472453190281,8192
submit,887,4924472453197741,8192
submit,888,4924472453198771,8192
submit,889,4924472453199371,8192
submit,890,4924472453199651,8192
submit,891,4924472453199931,8192
submit,892,4924472453200201,8192
submit,893,4924472453200711,8192
submit,894,4924472453200981,8192
submit,895,4924472453208321,8192
submit,896,4924472462822319,8192
submit,897,4924472462832739,8192
submit,898,4924472462833609,8192
submit,899,4924472462836939,8192
submit,900,4924472462837709,8192
submit,901,4924472462838279,8192
submit,902,4924472462838649,8192
submit,903,4924472462839309,8192
submit,904,4924472462839579,8192
submit,905,4924472462839949,8192
submit,906,4924472462847039,8192
submit,907,4924472462847339,8192
submit,908,4924472474232353,8192
submit,909,4924472474238583,8192
submit,910,4924472474239083,8192
submit,911,4924472474239613,8192
submit,912,4924472474240113,8192
submit,913,4924472474240383,8192
submit,914,4924472474240663,8192
submit,915,4924472474240923,8192
submit,916,4924472474248883,8192
submit,917,4924472474249173,8192
submit,918,4924472474249533,8192
submit,919,4924472474249813,8192
submit,920,4924472493442569,8192
submit,921,4924472493446589,8192
submit,922,4924472493447229,8192
submit,923,4924472493447779,8192
submit,924,4924472493448259,8192
submit,925,4924472493448629,8192
submit,926,4924472493448909,8192
submit,927,4924472493449189,8192
submit,928,4924472493449559,8192
submit,929,4924472493461969,8192
submit,930,4924472493464578,8192
submit,931,4924472493464938,8192
submit,932,4924472493465468,8192
submit,933,4924472508045509,8192
submit,934,4924472508051909,8192
submit,935,4924472508052399,8192
submit,936,4924472508053119,8192
submit,937,4924472508054099,8192
submit,938,4924472508057059,8192
submit,939,4924472508057349,8192
submit,940,4924472508057619,8192
submit,941,4924472508060309,8192
submit,942,4924472508060569,8192
submit,943,4924472508060849,8192
submit,944,4924472508061329,8192
submit,945,4924472522534450,8192
submit,946,4924472522552180,8192
submit,947,4924472522552500,8192
submit,948,4924472522553050,8192
submit,949,4924472522554240,8192
submit,950,4924472522554640,8192
submit,951,4924472522555220,8192
submit,952,4924472522555730,8192
submit,953,4924472522556000,8192
submit,954,4924472522556280,8192
submit,955,4924472522556560,8192
submit,956,4924472522556830,8192
submit,957,4924472522557100,8192
submit,958,4924472529343069,8192
submit,959,4924472529356388,8192
submit,960,4924472529356998,8192
submit,961,4924472529363388,8192
submit,962,4924472529363868,8192
submit,963,4924472529364138,8192
submit,964,4924472529364518,8192
submit,965,4924472529364788,8192
submit,966,4924472529365078,8192
submit,967,4924472529365438,8192
submit,968,4924472529365718,8192
submit,969,4924472529366018,8192
submit,970,4924472541548637,8192
submit,971,4924472541552307,8192
submit,972,4924472541553827,8192
submit,973,4924472541554157,8192
submit,974,4924472541554487,8192
submit,975,4924472541554917,8192
submit,976,4924472541561077,8192
submit,977,4924472541561397,8192
submit,978,4924472541561777,8192
submit,979,4924472541562057,8192
submit,980,4924472541564927,8192
submit,981,4924472541565277,8192
submit,982,4924472541565627,8192
submit,983,4924472557259118,8192
submit,984,4924472557264378,8192
submit,985,4924472557264838,8192
submit,986,4924472557265298,8192
submit,987,4924472557265668,8192
submit,988,4924472557266088,8192
submit,989,4924472557266368,8192
submit,990,4924472557266648,8192
submit,991,4924472557266908,8192
submit,992,4924472557274278,8192
submit,993,4924472557281228,8192
submit,994,4924472557283918,8192
submit,995,4924472571259703,8192
submit,996,4924472571264783,8192
submit,997,4924472571265283,8192
submit,998,4924472571265843,8192
submit,999,4924472571267553,8192
submit,1000,4924472571267843,8192
submit,1001,4924472571268353,8192
submit,1002,4924472571273293,8192
submit,1003,4924472571273603,8192
submit,1004,4924472571274143,8192
submit,1005,4924472571274423,8192
submit,1006,4924472571279173,8192
submit,1007,4924472571279683,8192
submit,1008,4924472580616403,8192
submit,1009,4924472580620883,8192
submit,1010,4924472580621333,8192
submit,1011,4924472580628183,8192
submit,1012,4924472580628593,8192
submit,1013,4924472580628883,8192
submit,1014,4924472580629233,8192
submit,1015,4924472580629663,8192
submit,1016,4924472580630073,8192
submit,1017,4924472580630463,8192
submit,1018,4924472580630823,8192
submit,1019,4924472580631103,8192
submit,1020,4924472580661872,8192
submit,1021,4924472580662162,8192
submit,1022,4924472587544441,8192
submit,1023,4924472587554481,8192
submit,1024,4924472587555041,8192
submit,1025,4924472587700399,8192
submit,1026,4924472587701459,8192
submit,1027,4924472587702109,8192
submit,1028,4924472587702399,8192
submit,1029,4924472587702929,8192
submit,1030,4924472587703469,8192
submit,1031,4924472587703919,8192
submit,1032,4924472587704319,8192
submit,1033,4924472587704679,8192
submit,1034,4924472620597802,8192
submit,1035,4924472620603642,8192
submit,1036,4924472620604392,8192
submit,1037,4924472620608642,8192
submit,1038,4924472620609472,8192
submit,1039,4924472620609782,8192
submit,1040,4924472620610062,8192
submit,1041,4924472620610422,8192
submit,1042,4924472620610702,8192
submit,1043,4924472620611002,8192
submit,1044,4924472620611282,8192
submit,1045,4924472620611562,8192
submit,1046,4924472620614892,8192
submit,1047,4924472687097972,8192
submit,1048,4924472687103162,8192
submit,1049,4924472687108752,8192
submit,1050,4924472687109142,8192
submit,1051,4924472687109642,8192
submit,1052,4924472687110102,8192
submit,1053,4924472687110482,8192
submit,1054,4924472687110892,8192
submit,1055,4924472687119412,8192
submit,1056,4924472687119801,8192
submit,1057,4924472687120651,8192
submit,1058,4924472687123511,8192
submit,1059,4924472731080561,8192
submit,1060,4924472731085141,8192
submit,1061,4924472731085601,8192
submit,1062,4924472731085991,8192
submit,1063,4924472731086381,8192
submit,1064,4924472731086981,8192
submit,1065,4924472731088761,8192
submit,1066,4924472731089371,8192
submit,1067,4924472731089921,8192
submit,1068,4924472731090691,8192
submit,1069,4924472731090981,8192
submit,1070,4924472731091281,8192
submit,1071,4924472731091691,8192
submit,1072,4924472731092071,8192
submit,1073,4924472731092461,8192
submit,1074,4924472737619251,8192
submit,1075,4924472737624241,8192
submit,1076,4924472737624541,8192
submit,1077,4924472737639121,8192
submit,1078,4924472737639501,8192
submit,1079,4924472737639971,8192
submit,1080,4924472737647021,8192
submit,1081,4924472737647341,8192
submit,1082,4924472737647851,8192
submit,1083,4924472737648341,8192
submit,1084,4924472737648841,8192
submit,1085,4924472737649121,8192
submit,1086,4924472737649721,8192
submit,1087,4924472737650121,8192
submit,1088,4924472742430065,8192
submit,1089,4924472742442135,8192
submit,1090,4924472742442595,8192
submit,1091,4924472742443395,8192
submit,1092,4924472742444205,8192
submit,1093,4924472742444745,8192
submit,1094,4924472742445145,8192
submit,1095,4924472742445515,8192
submit,1096,4924472742445905,8192
submit,1097,4924472742446635,8192
submit,1098,4924472742463605,8192
submit,1099,4924472742465535,8192
submit,1100,4924472742466175,8192
submit,1101,4924472747752585,8192
submit,1102,4924472747757225,8192
submit,1103,4924472747757565,8192
submit,1104,4924472747758545,8192
submit,1105,4924472747758875,8192
submit,1106,4924472747759195,8192
submit,1107,4924472747759425,8192
submit,1108,4924472747759655,8192
submit,1109,4924472747759885,8192
submit,1110,4924472747760125,8192
submit,1111,4924472747760355,8192
submit,1112,4924472747760665,8192
submit,1113,4924472753521892,8192
submit,1114,4924472753526052,8192
submit,1115,4924472753526462,8192
submit,1116,4924472753526792,8192
submit,1117,4924472753527402,8192
submit,1118,4924472753527802,8192
submit,1119,4924472753532992,8192
submit,1120,4924472753533322,8192
submit,1121,4924472753538032,8192
submit,1122,4924472753538262,8192
submit,1123,4924472753538492,8192
submit,1124,4924472753539152,8192
submit,1125,4924472753540722,8192
submit,1126,4924472753540972,8192
submit,1127,4924472758962241,8192
submit,1128,4924472758967551,8192
submit,1129,4924472758967971,8192
submit,1130,4924472758968481,8192
submit,1131,4924472758968931,8192
submit,1132,4924472758969341,8192
submit,1133,4924472758969571,8192
submit,1134,4924472758969811,8192
submit,1135,4924472758970041,8192
submit,1136,4924472758970471,8192
submit,1137,4924472758970711,8192
submit,1138,4924472758970941,8192
submit,1139,4924472758971661,8192
submit,1140,4924472758971991,8192
submit,1141,4924472763968133,8192
submit,1142,4924472763972433,8192
submit,1143,4924472763972833,8192
submit,1144,4924472763979943,8192
submit,1145,4924472763980343,8192
submit,1146,4924472763980723,8192
submit,1147,4924472763980963,8192
submit,1148,4924472763981193,8192
submit,1149,4924472763983023,8192
submit,1150,4924472763983253,8192
submit,1151,4924472763983483,8192
submit,1152,4924472763983913,8192
submit,1153,4924472763987813,8192
submit,1154,4924472793457631,8192
submit,1155,4924472793463321,8192
submit,1156,4924472793463831,8192
submit,1157,4924472793464101,8192
submit,1158,4924472793464861,8192
submit,1159,4924472793465281,8192
submit,1160,4924472793465861,8192
submit,1161,4924472793466231,8192
submit,1162,4924472793471341,8192
submit,1163,4924472793471701,8192
submit,1164,4924472793471981,8192
submit,1165,4924472793472251,8192
submit,1166,4924472844079771,8192
submit,1167,4924472844084701,8192
submit,1168,4924472844085390,8192
submit,1169,4924472844085930,8192
submit,1170,4924472844086740,8192
submit,1171,4924472844087040,8192
submit,1172,4924472844087330,8192
submit,1173,4924472844087710,8192
submit,1174,4924472844088330,8192
submit,1175,4924472844088630,8192
submit,1176,4924472844088920,8192
submit,1177,4924472844089210,8192
submit,1178,4924472863359375,8192
submit,1179,4924472863363845,8192
submit,1180,4924472863364325,8192
submit,1181,4924472863364755,8192
submit,1182,4924472863365385,8192
submit,1183,4924472863369835,8192
submit,1184,4924472863374235,8192
submit,1185,4924472863375965,8192
submit,1186,4924472863376275,8192
submit,1187,4924472863376585,8192
submit,1188,4924472863378485,8192
submit,1189,4924472863378925,8192
submit,1190,4924472863379235,8192
submit,1191,4924472873461189,8192
submit,1192,4924472873465259,8192
submit,1193,4924472873465809,8192
submit,1194,4924472873466489,8192
submit,1195,4924472873467399,8192
submit,1196,4924472873467929,8192
submit,1197,4924472873468349,8192
submit,1198,4924472873468659,8192
submit,1199,4924472873472989,8192
submit,1200,4924472873473399,8192
submit,1201,4924472873473789,8192
submit,1202,4924472873474089,8192
submit,1203,4924472880530826,8192
submit,1204,4924472880534506,8192
submit,1205,4924472880538116,8192
submit,1206,4924472880538706,8192
submit,1207,4924472880539156,8192
submit,1208,4924472880539676,8192
submit,1209,4924472880540226,8192
submit,1210,4924472880540756,8192
submit,1211,4924472880541136,8192
submit,1212,4924472880541536,8192
submit,1213,4924472880541856,8192
submit,1214,4924472880542166,8192
submit,1215,4924472888023530,8192
submit,1216,4924472888030460,8192
submit,1217,4924472888052160,8192
submit,1218,4924472888052450,8192
submit,1219,4924472888052750,8192
submit,1220,4924472888053020,8192
submit,1221,4924472888053300,8192
submit,1222,4924472888053560,8192
submit,1223,4924472888053960,8192
submit,1224,4924472888054240,8192
submit,1225,4924472888054510,8192
submit,1226,4924472888057290,8192
submit,1227,4924472888057580,8192
submit,1228,4924472894051235,8192
submit,1229,4924472894054815,8192
submit,1230,4924472894055345,8192
submit,1231,4924472894055725,8192
submit,1232,4924472894056085,8192
submit,1233,4924472894056315,8192
submit,1234,4924472894056545,8192
submit,1235,4924472894056775,8192
submit,1236,4924472894057205,8192
submit,1237,4924472894057645,8192
submit,1238,4924472894057955,8192
submit,1239,4924472894058185,8192
submit,1240,4924472900615415,8192
submit,1241,4924472900620435,8192
submit,1242,4924472900620895,8192
submit,1243,4924472900626495,8192
submit,1244,4924472900627155,8192
submit,1245,4924472900627465,8192
submit,1246,4924472900627975,8192
submit,1247,4924472900635295,8192
submit,1248,4924472900635575,8192
submit,1249,4924472900638845,8192
submit,1250,4924472900639215,8192
submit,1251,4924472900639485,8192
submit,1252,4924472900639925,8192
submit,1253,4924472907451784,8192
submit,1254,4924472907455854,8192
submit,1255,4924472907456334,8192
submit,1256,4924472907456754,8192
submit,1257,4924472907457074,8192
submit,1258,4924472907457394,8192
submit,1259,4924472907457704,8192
submit,1260,4924472907458204,8192
submit,1261,4924472907458484,8192
submit,1262,4924472907458754,8192
submit,1263,4924472907459024,8192
submit,1264,4924472907459294,8192
submit,1265,4924472907459574,8192
submit,1266,4924472915140386,8192
submit,1267,4924472915144726,8192
submit,1268,4924472915145476,8192
submit,1269,4924472915147956,8192
submit,1270,4924472915149026,8192
submit,1271,4924472915149626,8192
submit,1272,4924472915152626,8192
submit,1273,4924472915152906,8192
submit,1274,4924472915153286,8192
submit,1275,4924472915153696,8192
submit,1276,4924472915153966,8192
submit,1277,4924472915154246,8192
submit,1278,4924472927063386,8192
submit,1279,4924472927067976,8192
submit,1280,4924472927068496,8192
submit,1281,4924472927073976,8192
submit,1282,4924472927074416,8192
submit,1283,4924472927074726,8192
submit,1284,4924472927075046,8192
submit,1285,4924472927075496,8192
submit,1286,4924472927075806,8192
submit,1287,4924472927076116,8192
submit,1288,4924472927076436,8192
submit,1289,4924472927076756,8192
submit,1290,4924472927081226,8192
submit,1291,4924472934282522,8192
submit,1292,4924472934286462,8192
submit,1293,4924472934286792,8192
submit,1294,4924472934287292,8192
submit,1295,4924472934287612,8192
submit,1296,4924472934288482,8192
submit,1297,4924472934292812,8192
submit,1298,4924472934293162,8192
submit,1299,4924472934294642,8192
submit,1300,4924472934295082,8192
submit,1301,4924472934295402,8192
submit,1302,4924472934295872,8192
submit,1303,4924472941186730,8192
submit,1304,4924472941191660,8192
submit,1305,4924472941192270,8192
submit,1306,4924472941192870,8192
submit,1307,4924472941193470,8192
submit,1308,4924472941194130,8192
submit,1309,4924472941194860,8192
submit,1310,4924472941195570,8192
submit,1311,4924472941202160,8192
submit,1312,4924472941202590,8192
submit,1313,4924472941208520,8192
submit,1314,4924472941208910,8192
submit,1315,4924472941209510,8192
submit,1316,4924472946156733,8192
submit,1317,4924472946160493,8192
submit,1318,4924472946161282,8192
submit,1319,4924472946162152,8192
submit,1320,4924472946162612,8192
submit,1321,4924472946162842,8192
submit,1322,4924472946163082,8192
submit,1323,4924472946163312,8192
submit,1324,4924472946163542,8192
submit,1325,4924472946163772,8192
submit,1326,4924472946164152,8192
submit,1327,4924472946164382,8192
submit,1328,4924472946164612,8192
submit,1329,4924472951250324,8192
submit,1330,4924472951256544,8192
submit,1331,4924472951257664,8192
submit,1332,4924472951258764,8192
submit,1333,4924472951268164,8192
submit,1334,4924472951268924,8192
submit,1335,4924472951269804,8192
submit,1336,4924472951271094,8192
submit,1337,4924472951271854,8192
submit,1338,4924472951272544,8192
submit,1339,4924472951273114,8192
submit,1340,4924472951273394,8192
submit,1341,4924472951273824,8192
submit,1342,4924472956718173,8192
submit,1343,4924472956723093,8192
submit,1344,4924472956724153,8192
submit,1345,4924472956730703,8192
submit,1346,4924472956731583,8192
submit,1347,4924472956732383,8192
submit,1348,4924472956733523,8192
submit,1349,4924472956736583,8192
submit,1350,4924472956737393,8192
submit,1351,4924472956738203,8192
submit,1352,4924472956738943,8192
submit,1353,4924472956739543,8192
submit,1354,4924472956747973,8192
submit,1355,4924472961965864,8192
submit,1356,4924472961971443,8192
submit,1357,4924472961972063,8192
submit,1358,4924472961972573,8192
submit,1359,4924472961973143,8192
submit,1360,4924472961974003,8192
submit,1361,4924472961974823,8192
submit,1362,4924472961981613,8192
submit,1363,4924472961982393,8192
submit,1364,4924472961982943,8192
submit,1365,4924472961983443,8192
submit,1366,4924472961984613,8192
submit,1367,4924472961985113,8192
submit,1368,4924472961985623,8192
submit,1369,4924472967748420,8192
submit,1370,4924472967752860,8192
submit,1371,4924472967753430,8192
submit,1372,4924472967753810,8192
submit,1373,4924472967754150,8192
submit,1374,4924472967754650,8192
submit,1375,4924472967760000,8192
submit,1376,4924472967760230,8192
submit,1377,4924472967764780,8192
submit,1378,4924472967765300,8192
submit,1379,4924472967765620,8192
submit,1380,4924472967765850,8192
submit,1381,4924472975435972,8192
submit,1382,4924472975440762,8192
submit,1383,4924472975441372,8192
submit,1384,4924472975441952,8192
submit,1385,4924472975442252,8192
submit,1386,4924472975442662,8192
submit,1387,4924472975443062,8192
submit,1388,4924472975443472,8192
submit,1389,4924472975443782,8192
submit,1390,4924472975444072,8192
submit,1391,4924472975444372,8192
submit,1392,4924472975444672,8192
submit,1393,4924472975444962,8192
submit,1394,4924472975445262,8192
submit,1395,4924472981771834,8192
submit,1396,4924472981776854,8192
submit,1397,4924472981784234,8192
submit,1398,4924472981784694,8192
submit,1399,4924472981786924,8192
submit,1400,4924472981789624,8192
submit,1401,4924472981789944,8192
submit,1402,4924472981790374,8192
submit,1403,4924472981790834,8192
submit,1404,4924472981791264,8192
submit,1405,4924472981792664,8192
submit,1406,4924472981793004,8192
submit,1407,4924472981793354,8192
submit,1408,4924472988406935,8192
submit,1409,4924472988416525,8192
submit,1410,4924472988417525,8192
submit,1411,4924472988418165,8192
submit,1412,4924472988418675,8192
submit,1413,4924472988419025,8192
submit,1414,4924472988419505,8192
submit,1415,4924472988419845,8192
submit,1416,4924472988420295,8192
submit,1417,4924472988420715,8192
submit,1418,4924472988426924,8192
submit,1419,4924472988427284,8192
submit,1420,4924472989545486,8192
submit,1421,4924472989576136,2232
submit_done,1422,4924472991268313,8394641
consume_begin,0,4924472991268893,0
consume_end,0,4924472991269903,0
yield_resumed,0,4924472991585381,0
consume_begin,1,4924472991587421,0
consume_end,1,4924472991587611,0
yield_resumed,1,4924472991902508,0
consume_begin,2,4924472991904138,0
consume_end,2,4924472991904278,0
yield_resumed,2,4924472992166126,0
consume_begin,3,4924472992166946,0
consume_end,3,4924472992167116,0
yield_resumed,3,4924472992444854,0
consume_begin,4,4924472992445624,0
consume_end,4,4924472992445814,0
yield_resumed,4,4924472992509164,0
consume_begin,5,4924472992510354,0
consume_end,5,4924472992510414,0
yield_resumed,5,4924472992583833,0
consume_begin,6,4924472992584693,0
consume_end,6,4924472992584853,0
yield_resumed,6,4924472992837891,0
consume_begin,7,4924472992839021,0
consume_end,7,4924472992839171,0
yield_resumed,7,4924472992909351,0
consume_begin,8,4924472992910431,0
consume_end,8,4924472992910611,0
yield_resumed,8,4924472992998880,0
consume_begin,9,4924472993008380,0
consume_end,9,4924472993008580,0
yield_resumed,9,4924472993080239,0
consume_begin,10,4924472993081209,0
consume_end,10,4924472993081429,0
yield_resumed,10,4924472993337097,0
consume_begin,11,4924472993339597,0
consume_end,11,4924472993339957,0
yield_resumed,11,4924472993442947,0
consume_begin,12,4924472993444487,0
consume_end,12,4924472993444767,0
yield_resumed,12,4924472993548656,0
consume_begin,13,4924472993552656,0
consume_end,13,4924472993552976,0
yield_resumed,13,4924472993661925,0
consume_begin,14,4924472993663385,0
consume_end,14,4924472993663915,0
yield_resumed,14,4924472993757664,0
consume_begin,15,4924472993762424,0
consume_end,15,4924472993762674,0
yield_resumed,15,4924472993863154,0
consume_begin,16,4924472993865434,0
consume_end,16,4924472993865674,0
yield_resumed,16,4924472993938093,0
consume_begin,17,4924472993940833,0
consume_end,17,4924472993941083,0
yield_resumed,17,4924472994234461,0
consume_begin,18,4924472994236941,0
consume_end,18,4924472994237671,0
yield_resumed,18,4924472994319350,0
consume_begin,19,4924472994321030,0
consume_end,19,4924472994321290,0
yield_resumed,19,4924472994411279,0
consume_begin,20,4924472994411969,0
consume_end,20,4924472994412349,0
yield_resumed,20,4924472994489949,0
consume_begin,21,4924472994491849,0
consume_end,21,4924472994491999,0
yield_resumed,21,4924472994580478,0
consume_begin,22,4924472994581888,0
consume_end,22,4924472994582238,0
yield_resumed,22,4924472994679747,0
consume_begin,23,4924472994680747,0
consume_end,23,4924472994680897,0
yield_resumed,23,4924472994771497,0
consume_begin,24,4924472994772867,0
consume_end,24,4924472994773267,0
yield_resumed,24,4924472994855316,0
consume_begin,25,4924472994856956,0
consume_end,25,4924472994857166,0
yield_resumed,25,4924472994944745,0
consume_begin,26,4924472994945325,0
consume_end,26,4924472994945745,0
yield_resumed,26,4924472995312663,0
consume_begin,27,4924472995315703,0
consume_end,27,4924472995316033,0
yield_resumed,27,4924472995404362,0
consume_begin,28,4924472995405912,0
consume_end,28,4924472995406362,0
yield_resumed,28,4924472995507401,0
consume_begin,29,4924472995509251,0
consume_end,29,4924472995509481,0
yield_resumed,29,4924472995810989,0
consume_begin,30,4924472995812409,0
consume_end,30,4924472995812729,0
yield_resumed,30,4924472995898878,0
consume_begin,31,4924472995900348,0
consume_end,31,4924472995900518,0
yield_resumed,31,4924472995993468,0
consume_begin,32,4924472995994558,0
consume_end,32,4924472995994918,0
yield_resumed,32,4924472996086367,0
consume_begin,33,4924472996089077,0
consume_end,33,4924472996089317,0
yield_resumed,33,4924472996408554,0
consume_begin,34,4924472996412194,0
consume_end,34,4924472996412734,0
yield_resumed,34,4924472996547973,0
consume_begin,35,4924472996556283,0
consume_end,35,4924472996556423,0
yield_resumed,35,4924472996640553,0
consume_begin,36,4924472996642743,0
consume_end,36,4924472996643173,0
yield_resumed,36,4924472996730692,0
consume_begin,37,4924472996733252,0
consume_end,37,4924472996733652,0
yield_resumed,37,4924472996821441,0
consume_begin,38,4924472996822721,0
consume_end,38,4924472996822951,0
yield_resumed,38,4924472997145469,0
consume_begin,39,4924472997149369,0
consume_end,39,4924472997149569,0
yield_resumed,39,4924472997239748,0
consume_begin,40,4924472997241208,0
consume_end,40,4924472997241288,0
yield_resumed,40,4924472997330627,0
consume_begin,41,4924472997332177,0
consume_end,41,4924472997332407,0
yield_resumed,41,4924472997591516,0
consume_begin,42,4924472997593425,0
consume_end,42,4924472997593745,0
yield_resumed,42,4924472997679265,0
consume_begin,43,4924472997680445,0
consume_end,43,4924472997680635,0
yield_resumed,43,4924472997776564,0
consume_begin,44,4924472997778084,0
consume_end,44,4924472997778364,0
yield_resumed,44,4924472997873543,0
consume_begin,45,4924472997875203,0
consume_end,45,4924472997875463,0
yield_resumed,45,4924472998145201,0
consume_begin,46,4924472998147221,0
consume_end,46,4924472998147511,0
yield_resumed,46,4924472998247621,0
consume_begin,47,4924472998250821,0
consume_end,47,4924472998251231,0
yield_resumed,47,4924472998361860,0
consume_begin,48,4924472998363320,0
consume_end,48,4924472998363680,0
yield_resumed,48,4924472998706187,0
consume_begin,49,4924472998708607,0
consume_end,49,4924472998708917,0
yield_resumed,49,4924472998800326,0
consume_begin,50,4924472998803636,0
consume_end,50,4924472998804176,0
yield_resumed,50,4924472998897176,0
consume_begin,51,4924472998898866,0
consume_end,51,4924472998899436,0
yield_resumed,51,4924472999024325,0
consume_begin,52,4924472999026095,0
consume_end,52,4924472999026195,0
yield_resumed,52,4924472999338882,0
consume_begin,53,4924472999341402,0
consume_end,53,4924472999341952,0
yield_resumed,53,4924472999424012,0
consume_begin,54,4924472999425532,0
consume_end,54,4924472999425862,0
yield_resumed,54,4924472999527571,0
consume_begin,55,4924472999531981,0
consume_end,55,4924472999532151,0
yield_resumed,55,4924472999627410,0
consume_begin,56,4924472999629800,0
consume_end,56,4924472999629890,0
yield_resumed,56,4924472999929258,0
consume_begin,57,4924472999931418,0
consume_end,57,4924472999931618,0
yield_resumed,57,4924473000000117,0
consume_begin,58,4924473000011657,0
consume_end,58,4924473000011987,0
yield_resumed,58,4924473000101437,0
consume_begin,59,4924473000103647,0
consume_end,59,4924473000104157,0
yield_resumed,59,4924473000197656,0
consume_begin,60,4924473000198776,0
consume_end,60,4924473000198966,0
yield_resumed,60,4924473000758222,0
consume_begin,61,4924473000759622,0
consume_end,61,4924473000759862,0
yield_resumed,61,4924473000845301,0
consume_begin,62,4924473000847751,0
consume_end,62,4924473000848121,0
yield_resumed,62,4924473000915860,0
consume_begin,63,4924473000919830,0
consume_end,63,4924473000920070,0
yield_resumed,63,4924473001010130,0
consume_begin,64,4924473001011810,0
consume_end,64,4924473001012080,0
yield_resumed,64,4924473001094489,0
consume_begin,65,4924473001096559,0
consume_end,65,4924473001096809,0
yield_resumed,65,4924473001175299,0
consume_begin,66,4924473001176289,0
consume_end,66,4924473001176919,0
yield_resumed,66,4924473001265648,0
consume_begin,67,4924473001266438,0
consume_end,67,4924473001266548,0
yield_resumed,67,4924473001556436,0
consume_begin,68,4924473001558336,0
consume_end,68,4924473001558586,0
yield_resumed,68,4924473001650245,0
consume_begin,69,4924473001651575,0
consume_end,69,4924473001651765,0
yield_resumed,69,4924473001736054,0
consume_begin,70,4924473001737134,0
consume_end,70,4924473001737424,0
yield_resumed,70,4924473001821244,0
consume_begin,71,4924473001822634,0
consume_end,71,4924473001822884,0
yield_resumed,71,4924473002122101,0
consume_begin,72,4924473002124511,0
consume_end,72,4924473002125061,0
yield_resumed,72,4924473002206971,0
consume_begin,73,4924473002209041,0
consume_end,73,4924473002209331,0
yield_resumed,73,4924473002300630,0
consume_begin,74,4924473002303800,0
consume_end,74,4924473002304220,0
yield_resumed,74,4924473002611028,0
consume_begin,75,4924473002613848,0
consume_end,75,4924473002614298,0
yield_resumed,75,4924473002711117,0
consume_begin,76,4924473002713567,0
consume_end,76,4924473002714337,0
yield_resumed,76,4924473002809166,0
consume_begin,77,4924473002812226,0
consume_end,77,4924473002812496,0
yield_resumed,77,4924473002904566,0
consume_begin,78,4924473002906206,0
consume_end,78,4924473002906586,0
yield_resumed,78,4924473002990105,0
consume_begin,79,4924473002991995,0
consume_end,79,4924473002992305,0
yield_resumed,79,4924473003084764,0
consume_begin,80,4924473003085944,0
consume_end,80,4924473003086234,0
yield_resumed,80,4924473003382792,0
consume_begin,81,4924473003384762,0
consume_end,81,4924473003385102,0
yield_resumed,81,4924473003477161,0
consume_begin,82,4924473003478521,0
consume_end,82,4924473003478951,0
yield_resumed,82,4924473003560961,0
consume_begin,83,4924473003562111,0
consume_end,83,4924473003562271,0
yield_resumed,83,4924473003649770,0
consume_begin,84,4924473003650730,0
consume_end,84,4924473003650900,0
yield_resumed,84,4924473003953018,0
consume_begin,85,4924473003954508,0
consume_end,85,4924473003954738,0
yield_resumed,85,4924473004055197,0
consume_begin,86,4924473004056537,0
consume_end,86,4924473004057007,0
yield_resumed,86,4924473004148866,0
consume_begin,87,4924473004150346,0
consume_end,87,4924473004150566,0
yield_resumed,87,4924473004237215,0
consume_begin,88,4924473004238665,0
consume_end,88,4924473004238905,0
yield_resumed,88,4924473004547433,0
consume_begin,89,4924473004548643,0
consume_end,89,4924473004548843,0
yield_resumed,89,4924473004642722,0
consume_begin,90,4924473004643772,0
consume_end,90,4924473004643942,0
yield_resumed,90,4924473004747262,0
consume_begin,91,4924473004748642,0
consume_end,91,4924473004748922,0
yield_resumed,91,4924473005100939,0
consume_begin,92,4924473005102329,0
consume_end,92,4924473005102559,0
yield_resumed,92,4924473005191548,0
consume_begin,93,4924473005192958,0
consume_end,93,4924473005193378,0
yield_resumed,93,4924473005306788,0
consume_begin,94,4924473005308407,0
consume_end,94,4924473005308667,0
yield_resumed,94,4924473005412067,0
consume_begin,95,4924473005413287,0
consume_end,95,4924473005413587,0
yield_resumed,95,4924473005509126,0
consume_begin,96,4924473005512226,0
consume_end,96,4924473005512546,0
yield_resumed,96,4924473005604925,0
consume_begin,97,4924473005606205,0
consume_end,97,4924473005606545,0
yield_resumed,97,4924473005706415,0
consume_begin,98,4924473005708445,0
consume_end,98,4924473005708745,0
yield_resumed,98,4924473006013652,0
consume_begin,99,4924473006015232,0
consume_end,99,4924473006015572,0
yield_resumed,99,4924473006109801,0
consume_begin,100,4924473006111501,0
consume_end,100,4924473006111871,0
yield_resumed,100,4924473006192071,0
consume_begin,101,4924473006192841,0
consume_end,101,4924473006192951,0
yield_resumed,101,4924473006285340,0
consume_begin,102,4924473006287810,0
consume_end,102,4924473006288110,0
yield_resumed,102,4924473006587578,0
consume_begin,103,4924473006589408,0
consume_end,103,4924473006589738,0
yield_resumed,103,4924473006702087,0
consume_begin,104,4924473006703207,0
consume_end,104,4924473006703857,0
yield_resumed,104,4924473006809426,0
consume_begin,105,4924473006810766,0
consume_end,105,4924473006811056,0
yield_resumed,105,4924473006899855,0
consume_begin,106,4924473006901125,0
consume_end,106,4924473006901425,0
yield_resumed,106,4924473007199093,0
consume_begin,107,4924473007201213,0
consume_end,107,4924473007201683,0
yield_resumed,107,4924473007300052,0
consume_begin,108,4924473007301412,0
consume_end,108,4924473007301772,0
yield_resumed,108,4924473007386512,0
consume_begin,109,4924473007387852,0
consume_end,109,4924473007388132,0
yield_resumed,109,4924473007482891,0
consume_begin,110,4924473007485161,0
consume_end,110,4924473007485671,0
yield_resumed,110,4924473007787689,0
consume_begin,111,4924473007789099,0
consume_end,111,4924473007789399,0
yield_resumed,111,4924473007896108,0
consume_begin,112,4924473007897638,0
consume_end,112,4924473007898048,0
yield_resumed,112,4924473007998197,0
consume_begin,113,4924473008000027,0
consume_end,113,4924473008007337,0
yield_resumed,113,4924473008092627,0
consume_begin,114,4924473008093986,0
consume_end,114,4924473008094546,0
yield_resumed,114,4924473008188066,0
consume_begin,115,4924473008189586,0
consume_end,115,4924473008189936,0
yield_resumed,115,4924473008479394,0
consume_begin,116,4924473008481344,0
consume_end,116,4924473008481554,0
yield_resumed,116,4924473008565743,0
consume_begin,117,4924473008568053,0
consume_end,117,4924473008568303,0
yield_resumed,117,4924473008636682,0
consume_begin,118,4924473008637512,0
consume_end,118,4924473008637802,0
yield_resumed,118,4924473008713892,0
consume_begin,119,4924473008715762,0
consume_end,119,4924473008716032,0
yield_resumed,119,4924473009022200,0
consume_begin,120,4924473009023880,0
consume_end,120,4924473009027170,0
yield_resumed,120,4924473009108039,0
consume_begin,121,4924473009109699,0
consume_end,121,4924473009109999,0
yield_resumed,121,4924473009210108,0
consume_begin,122,4924473009211468,0
consume_end,122,4924473009211758,0
yield_resumed,122,4924473009302357,0
consume_begin,123,4924473009303687,0
consume_end,123,4924473009303977,0
yield_resumed,123,4924473009622565,0
consume_begin,124,4924473009624535,0
consume_end,124,4924473009624835,0
yield_resumed,124,4924473009712394,0
consume_begin,125,4924473009713544,0
consume_end,125,4924473009713734,0
yield_resumed,125,4924473009808744,0
consume_begin,126,4924473009810504,0
consume_end,126,4924473009810884,0
yield_resumed,126,4924473009920323,0
consume_begin,127,4924473009921723,0
consume_end,127,4924473009922313,0
yield_resumed,127,4924473010042012,0
consume_begin,128,4924473010043312,0
consume_end,128,4924473010043982,0
yield_resumed,128,4924473010361229,0
consume_begin,129,4924473010363209,0
consume_end,129,4924473010363539,0
yield_resumed,129,4924473010451329,0
consume_begin,130,4924473010452939,0
consume_end,130,4924473010453249,0
yield_resumed,130,4924473010534848,0
consume_begin,131,4924473010536668,0
consume_end,131,4924473010536958,0
yield_resumed,131,4924473010637797,0
consume_begin,132,4924473010639037,0
consume_end,132,4924473010639427,0
yield_resumed,132,4924473010728877,0
consume_begin,133,4924473011624040,0
consume_end,133,4924473011624640,0
yield_resumed,133,4924473011724249,0
consume_begin,134,4924473011725649,0
consume_end,134,4924473011725839,0
yield_resumed,134,4924473011810439,0
consume_begin,135,4924473011811799,0
consume_end,135,4924473011812059,0
yield_resumed,135,4924473011895698,0
consume_begin,136,4924473012677162,0
consume_end,136,4924473012677802,0
yield_resumed,136,4924473012771601,0
consume_begin,137,4924473012774021,0
consume_end,137,4924473012774221,0
yield_resumed,137,4924473012848651,0
consume_begin,138,4924473012849551,0
consume_end,138,4924473012849701,0
yield_resumed,138,4924473012932050,0
consume_begin,139,4924473012932960,0
consume_end,139,4924473012933280,0
yield_resumed,139,4924473013019060,0
consume_begin,140,4924473013020520,0
consume_end,140,4924473013020720,0
yield_resumed,140,4924473013096589,0
consume_begin,141,4924473013097849,0
consume_end,141,4924473013098059,0
yield_resumed,141,4924473013192148,0
consume_begin,142,4924473013193218,0
consume_end,142,4924473013193418,0
yield_resumed,142,4924473013278928,0
consume_begin,143,4924473013280148,0
consume_end,143,4924473013280458,0
yield_resumed,143,4924473013380717,0
consume_begin,144,4924473013382827,0
consume_end,144,4924473013383207,0
yield_resumed,144,4924473013463006,0
consume_begin,145,4924473013464306,0
consume_end,145,4924473013464526,0
yield_resumed,145,4924473013544705,0
consume_begin,146,4924473014346579,0
consume_end,146,4924473014346949,0
yield_resumed,146,4924473014468118,0
consume_begin,147,4924473014469668,0
consume_end,147,4924473014470018,0
yield_resumed,147,4924473014562288,0
consume_begin,148,4924473014564058,0
consume_end,148,4924473014564558,0
yield_resumed,148,4924473014659507,0
consume_begin,149,4924473014660977,0
consume_end,149,4924473014661177,0
yield_resumed,149,4924473014758716,0
consume_begin,150,4924473014760286,0
consume_end,150,4924473014760516,0
yield_resumed,150,4924473014862736,0
consume_begin,151,4924473015549020,0
consume_end,151,4924473015549390,0
yield_resumed,151,4924473015638420,0
consume_begin,152,4924473015640240,0
consume_end,152,4924473015640490,0
yield_resumed,152,4924473015722509,0
consume_begin,153,4924473015723479,0
consume_end,153,4924473015723699,0
yield_resumed,153,4924473015799169,0
consume_begin,154,4924473015801029,0
consume_end,154,4924473015801369,0
yield_resumed,154,4924473015887528,0
consume_begin,155,4924473015889058,0
consume_end,155,4924473015889288,0
yield_resumed,155,4924473015990677,0
consume_begin,156,4924473015992217,0
consume_end,156,4924473015992507,0
yield_resumed,156,4924473016126526,0
consume_begin,157,4924473016128006,0
consume_end,157,4924473016128346,0
yield_resumed,157,4924473016235085,0
consume_begin,158,4924473016236815,0
consume_end,158,4924473016237045,0
yield_resumed,158,4924473016345234,0
consume_begin,159,4924473016346384,0
consume_end,159,4924473016346674,0
yield_resumed,159,4924473016458254,0
consume_begin,160,4924473016460094,0
consume_end,160,4924473033218707,0
yield_resumed,160,4924473033284687,0
consume_begin,161,4924473033286927,0
consume_end,161,4924473033287477,0
yield_resumed,161,4924473033342137,0
consume_begin,162,4924473033343447,0
consume_end,162,4924473033343737,0
yield_resumed,162,4924473033441326,0
consume_begin,163,4924473033447576,0
consume_end,163,4924473049912722,0
yield_resumed,163,4924473050011611,0
consume_begin,164,4924473050015201,0
consume_end,164,4924473050015931,0
yield_resumed,164,4924473050066201,0
consume_begin,165,4924473050068291,0
consume_end,165,4924473050068561,0
yield_resumed,165,4924473050135400,0
consume_begin,166,4924473050137950,0
consume_end,166,4924473066834065,0
yield_resumed,166,4924473066896744,0
consume_begin,167,4924473066899824,0
consume_end,167,4924473066900414,0
yield_resumed,167,4924473066939404,0
consume_begin,168,4924473066941984,0
consume_end,168,4924473066942254,0
yield_resumed,168,4924473067014243,0
consume_begin,169,4924473067016093,0
consume_end,169,4924473083639048,0
yield_resumed,169,4924473083687088,0
consume_begin,170,4924473083689468,0
consume_end,170,4924473083690158,0
yield_resumed,170,4924473083732727,0
consume_begin,171,4924473083734747,0
consume_end,171,4924473083734997,0
yield_resumed,171,4924473083803937,0
consume_begin,172,4924473083805267,0
consume_end,172,4924473100672400,0
yield_resumed,172,4924473100743340,0
consume_begin,173,4924473100746709,0
consume_end,173,4924473100747219,0
yield_resumed,173,4924473100815209,0
consume_begin,174,4924473100816409,0
consume_end,174,4924473100816759,0
yield_resumed,174,4924473100874959,0
consume_begin,175,4924473100876669,0
consume_end,175,4924473117825571,0
yield_resumed,175,4924473117886301,0
consume_begin,176,4924473117889020,0
consume_end,176,4924473117889660,0
yield_resumed,176,4924473117937070,0
consume_begin,177,4924473117938510,0
consume_end,177,4924473117938770,0
yield_resumed,177,4924473118028659,0
consume_begin,178,4924473118029869,0
consume_end,178,4924473132251642,0
yield_resumed,178,4924473132300162,0
consume_begin,179,4924473132303242,0
consume_end,179,4924473132304002,0
yield_resumed,179,4924473132351942,0
consume_begin,180,4924473132353152,0
consume_end,180,4924473132353562,0
yield_resumed,180,4924473132425951,0
consume_begin,181,4924473132428481,0
consume_end,181,4924473145658502,0
yield_resumed,181,4924473145694791,0
consume_begin,182,4924473145696951,0
consume_end,182,4924473145697461,0
yield_resumed,182,4924473145754141,0
consume_begin,183,4924473145756171,0
consume_end,183,4924473145756451,0
yield_resumed,183,4924473145816380,0
consume_begin,184,4924473145818340,0
consume_end,184,4924473159657286,0
yield_resumed,184,4924473159710796,0
consume_begin,185,4924473159714356,0
consume_end,185,4924473159714976,0
yield_resumed,185,4924473159772715,0
consume_begin,186,4924473159774995,0
consume_end,186,4924473174387165,0
yield_resumed,186,4924473174424905,0
consume_begin,187,4924473174427885,0
consume_end,187,4924473174428935,0
yield_resumed,187,4924473174489955,0
consume_begin,188,4924473174491095,0
consume_end,188,4924473174491365,0
yield_resumed,188,4924473174556854,0
consume_begin,189,4924473174558204,0
consume_end,189,4924473189608881,0
yield_resumed,189,4924473189673630,0
consume_begin,190,4924473189676730,0
consume_end,190,4924473189677430,0
yield_resumed,190,4924473189716320,0
consume_begin,191,4924473189717570,0
consume_end,191,4924473189717850,0
yield_resumed,191,4924473189769910,0
consume_begin,192,4924473189772070,0
consume_end,192,4924473205658770,0
yield_resumed,192,4924473205715840,0
consume_begin,193,4924473205718480,0
consume_end,193,4924473205719120,0
yield_resumed,193,4924473205778649,0
consume_begin,194,4924473205780849,0
consume_end,194,4924473205781139,0
yield_resumed,194,4924473205851249,0
consume_begin,195,4924473205852909,0
consume_end,195,4924473221676800,0
yield_resumed,195,4924473221707869,0
consume_begin,196,4924473221710389,0
consume_end,196,4924473221711029,0
yield_resumed,196,4924473221772789,0
consume_begin,197,4924473221774499,0
consume_end,197,4924473221774729,0
yield_resumed,197,4924473221842838,0
consume_begin,198,4924473221844488,0
consume_end,198,4924473237593070,0
yield_resumed,198,4924473237626820,0
consume_begin,199,4924473237629230,0
consume_end,199,4924473237629840,0
yield_resumed,199,4924473237677859,0
consume_begin,200,4924473237679779,0
consume_end,200,4924473237680049,0
yield_resumed,200,4924473237742869,0
consume_begin,201,4924473237744209,0
consume_end,201,4924473256189310,0
yield_resumed,201,4924473256255949,0
consume_begin,202,4924473256259169,0
consume_end,202,4924473256259819,0
yield_resumed,202,4924473256302619,0
consume_begin,203,4924473256303739,0
consume_end,203,4924473256304119,0
yield_resumed,203,4924473256380128,0
consume_begin,204,4924473256382338,0
consume_end,204,4924473272305009,0
yield_resumed,204,4924473272372998,0
consume_begin,205,4924473272376578,0
consume_end,205,4924473272377128,0
yield_resumed,205,4924473272442078,0
consume_begin,206,4924473272443908,0
consume_end,206,4924473272444268,0
yield_resumed,206,4924473272503777,0
consume_begin,207,4924473272514837,0
consume_end,207,4924473291125187,0
yield_resumed,207,4924473291180237,0
consume_begin,208,4924473291183247,0
consume_end,208,4924473291183727,0
yield_resumed,208,4924473291229856,0
consume_begin,209,4924473291231846,0
consume_end,209,4924473291232076,0
yield_resumed,209,4924473291296466,0
consume_begin,210,4924473291298996,0
consume_end,210,4924473309812966,0
yield_resumed,210,4924473309873866,0
consume_begin,211,4924473309877036,0
consume_end,211,4924473309877496,0
yield_resumed,211,4924473309907226,0
consume_begin,212,4924473309909166,0
consume_end,212,4924473309909416,0
yield_resumed,212,4924473309970205,0
consume_begin,213,4924473309972295,0
consume_end,213,4924473329677037,0
yield_resumed,213,4924473329715287,0
consume_begin,214,4924473329717547,0
consume_end,214,4924473329718487,0
yield_resumed,214,4924473329763356,0
consume_begin,215,4924473329765506,0
consume_end,215,4924473329765966,0
yield_resumed,215,4924473329839896,0
consume_begin,216,4924473329842216,0
consume_end,216,4924473350914517,0
yield_resumed,216,4924473350975967,0
consume_begin,217,4924473350978877,0
consume_end,217,4924473350979467,0
yield_resumed,217,4924473351023656,0
consume_begin,218,4924473351024656,0
consume_end,218,4924473351025126,0
yield_resumed,218,4924473351093326,0
consume_begin,219,4924473351095066,0
consume_end,219,4924473367887459,0
yield_resumed,219,4924473367955139,0
consume_begin,220,4924473367958039,0
consume_end,220,4924473367958509,0
yield_resumed,220,4924473367995129,0
consume_begin,221,4924473367997159,0
consume_end,221,4924473367997399,0
yield_resumed,221,4924473368071898,0
consume_begin,222,4924473368073218,0
consume_end,222,4924473368073388,0
yield_resumed,222,4924473368145377,0
consume_begin,223,4924473368147507,0
consume_end,223,4924473384911092,0
yield_resumed,223,4924473384967431,0
consume_begin,224,4924473384969851,0
consume_end,224,4924473384970411,0
yield_resumed,224,4924473385027641,0
consume_begin,225,4924473385028781,0
consume_end,225,4924473385029071,0
yield_resumed,225,4924473385096090,0
consume_begin,226,4924473385097980,0
consume_end,226,4924473401158039,0
yield_resumed,226,4924473401191479,0
consume_begin,227,4924473401193859,0
consume_end,227,4924473401194409,0
yield_resumed,227,4924473401234689,0
consume_begin,228,4924473401235879,0
consume_end,228,4924473401236029,0
yield_resumed,228,4924473401292558,0
consume_begin,229,4924473401294578,0
consume_end,229,4924473416621343,0
yield_resumed,229,4924473416696742,0
consume_begin,230,4924473416699602,0
consume_end,230,4924473416700402,0
yield_resumed,230,4924473416758652,0
consume_begin,231,4924473416759642,0
consume_end,231,4924473416759902,0
yield_resumed,231,4924473416802152,0
consume_begin,232,4924473416804212,0
consume_end,232,4924473430875256,0
yield_resumed,232,4924473430938105,0
consume_begin,233,4924473430941595,0
consume_end,233,4924473430942445,0
yield_resumed,233,4924473430996295,0
consume_begin,234,4924473430997925,0
consume_end,234,4924473430998215,0
yield_resumed,234,4924473431074414,0
consume_begin,235,4924473431076504,0
consume_end,235,4924473447489551,0
yield_resumed,235,4924473447536950,0
consume_begin,236,4924473447540190,0
consume_end,236,4924473447540950,0
yield_resumed,236,4924473447580180,0
consume_begin,237,4924473447581070,0
consume_end,237,4924473447581360,0
yield_resumed,237,4924473447619750,0
consume_begin,238,4924473447621420,0
consume_end,238,4924473463680229,0
yield_resumed,238,4924473463741588,0
consume_begin,239,4924473463745088,0
consume_end,239,4924473463745598,0
yield_resumed,239,4924473463792128,0
consume_begin,240,4924473463793608,0
consume_end,240,4924473463793848,0
yield_resumed,240,4924473463853847,0
consume_begin,241,4924473463855907,0
consume_end,241,4924473480019946,0
yield_resumed,241,4924473480076746,0
consume_begin,242,4924473480079856,0
consume_end,242,4924473480080316,0
yield_resumed,242,4924473480116865,0
consume_begin,243,4924473480118085,0
consume_end,243,4924473480118355,0
yield_resumed,243,4924473480187205,0
consume_begin,244,4924473480189435,0
consume_end,244,4924473496311953,0
yield_resumed,244,4924473496347083,0
consume_begin,245,4924473496350973,0
consume_end,245,4924473496351553,0
yield_resumed,245,4924473496406523,0
consume_begin,246,4924473496408573,0
consume_end,246,4924473496408823,0
yield_resumed,246,4924473496465292,0
consume_begin,247,4924473496467162,0
consume_end,247,4924473512821589,0
yield_resumed,247,4924473512905779,0
consume_begin,248,4924473512908819,0
consume_end,248,4924473512909349,0
yield_resumed,248,4924473512961248,0
consume_begin,249,4924473512962308,0
consume_end,249,4924473512962768,0
yield_resumed,249,4924473513019188,0
consume_begin,250,4924473513021478,0
consume_end,250,4924473528989058,0
yield_resumed,250,4924473529065727,0
consume_begin,251,4924473529068527,0
consume_end,251,4924473529069007,0
yield_resumed,251,4924473529101017,0
consume_begin,252,4924473529102707,0
consume_end,252,4924473543509758,0
yield_resumed,252,4924473543578078,0
consume_begin,253,4924473543580718,0
consume_end,253,4924473543581358,0
yield_resumed,253,4924473543634707,0
consume_begin,254,4924473543636927,0
consume_end,254,4924473543637087,0
yield_resumed,254,4924473543685897,0
consume_begin,255,4924473543688197,0
consume_end,255,4924473559205750,0
yield_resumed,255,4924473559276950,0
consume_begin,256,4924473559280850,0
consume_end,256,4924473559281460,0
yield_resumed,256,4924473559326109,0
consume_begin,257,4924473559327899,0
consume_end,257,4924473559328159,0
yield_resumed,257,4924473559382389,0
consume_begin,258,4924473559384309,0
consume_end,258,4924473575687766,0
yield_resumed,258,4924473575743386,0
consume_begin,259,4924473575746596,0
consume_end,259,4924473575747076,0
yield_resumed,259,4924473575778056,0
consume_begin,260,4924473575779276,0
consume_end,260,4924473575779526,0
yield_resumed,260,4924473575835095,0
consume_begin,261,4924473575836415,0
consume_end,261,4924473591070241,0
yield_resumed,261,4924473591106030,0
consume_begin,262,4924473591108690,0
consume_end,262,4924473591109070,0
yield_resumed,262,4924473591150120,0
consume_begin,263,4924473591151150,0
consume_end,263,4924473591151400,0
yield_resumed,263,4924473591212639,0
consume_begin,264,4924473591213829,0
consume_end,264,4924473591214089,0
yield_resumed,264,4924473591295339,0
consume_begin,265,4924473591296609,0
consume_end,265,4924473591296859,0
yield_resumed,265,4924473591334999,0
consume_begin,266,4924473591337649,0
consume_end,266,4924473608731128,0
yield_resumed,266,4924473608770327,0
consume_begin,267,4924473608774137,0
consume_end,267,4924473608774927,0
yield_resumed,267,4924473608823607,0
consume_begin,268,4924473608825357,0
consume_end,268,4924473608825747,0
yield_resumed,268,4924473608892266,0
consume_begin,269,4924473608894266,0
consume_end,269,4924473622208806,0
yield_resumed,269,4924473622250616,0
consume_begin,270,4924473622253246,0
consume_end,270,4924473622253776,0
yield_resumed,270,4924473622288006,0
consume_begin,271,4924473622289326,0
consume_end,271,4924473622289506,0
yield_resumed,271,4924473622334245,0
consume_begin,272,4924473622334885,0
consume_end,272,4924473637616110,0
yield_resumed,272,4924473637696580,0
consume_begin,273,4924473637700070,0
consume_end,273,4924473637700640,0
yield_resumed,273,4924473637737559,0
consume_begin,274,4924473637739899,0
consume_end,274,4924473637740089,0
yield_resumed,274,4924473637785539,0
consume_begin,275,4924473637786549,0
consume_end,275,4924473653868078,0
yield_resumed,275,4924473653903028,0
consume_begin,276,4924473653906978,0
consume_end,276,4924473653907458,0
yield_resumed,276,4924473653963927,0
consume_begin,277,4924473653966207,0
consume_end,277,4924473653966487,0
yield_resumed,277,4924473654043467,0
consume_begin,278,4924473654045097,0
consume_end,278,4924473667973272,0
yield_resumed,278,4924473668041671,0
consume_begin,279,4924473668044321,0
consume_end,279,4924473683097558,0
yield_resumed,279,4924473683139068,0
consume_begin,280,4924473683142378,0
consume_end,280,4924473683143068,0
yield_resumed,280,4924473683178958,0
consume_begin,281,4924473683180148,0
consume_end,281,4924473683180528,0
yield_resumed,281,4924473683241397,0
consume_begin,282,4924473683243087,0
consume_end,282,4924473699945951,0
yield_resumed,282,4924473699977581,0
consume_begin,283,4924473699980691,0
consume_end,283,4924473699981421,0
yield_resumed,283,4924473700045711,0
consume_begin,284,4924473700047041,0
consume_end,284,4924473700047411,0
yield_resumed,284,4924473700117800,0
consume_begin,285,4924473700120310,0
consume_end,285,4924473714989938,0
yield_resumed,285,4924473715065518,0
consume_begin,286,4924473715068398,0
consume_end,286,4924473715068948,0
yield_resumed,286,4924473715103337,0
consume_begin,287,4924473715104297,0
consume_end,287,4924473715104567,0
yield_resumed,287,4924473715165217,0
consume_begin,288,4924473715166017,0
consume_end,288,4924473727094657,0
yield_resumed,288,4924473727131857,0
consume_begin,289,4924473727134617,0
consume_end,289,4924473727135247,0
yield_resumed,289,4924473727176677,0
consume_begin,290,4924473727178237,0
consume_end,290,4924473727178527,0
yield_resumed,290,4924473727239776,0
consume_begin,291,4924473727240926,0
consume_end,291,4924473742610140,0
yield_resumed,291,4924473742670440,0
consume_begin,292,4924473742673890,0
consume_end,292,4924473742674510,0
yield_resumed,292,4924473742721130,0
consume_begin,293,4924473742722240,0
consume_end,293,4924473742722620,0
yield_resumed,293,4924473742769029,0
consume_begin,294,4924473742770409,0
consume_end,294,4924473758386312,0
yield_resumed,294,4924473758427051,0
consume_begin,295,4924473758430421,0
consume_end,295,4924473758431101,0
yield_resumed,295,4924473758468961,0
consume_begin,296,4924473758470061,0
consume_end,296,4924473758470391,0
yield_resumed,296,4924473758506061,0
consume_begin,297,4924473758507841,0
consume_end,297,4924473773334779,0
yield_resumed,297,4924473773399999,0
consume_begin,298,4924473773403489,0
consume_end,298,4924473773404149,0
yield_resumed,298,4924473773454738,0
consume_begin,299,4924473773455888,0
consume_end,299,4924473773456188,0
yield_resumed,299,4924473773513398,0
consume_begin,300,4924473773515288,0
consume_end,300,4924473789735346,0
yield_resumed,300,4924473789806935,0
consume_begin,301,4924473789810245,0
consume_end,301,4924473789810755,0
yield_resumed,301,4924473789844375,0
consume_begin,302,4924473789846135,0
consume_end,302,4924473789846325,0
yield_resumed,302,4924473789911315,0
consume_begin,303,4924473789912465,0
consume_end,303,4924473806081123,0
yield_resumed,303,4924473806119773,0
consume_begin,304,4924473806123133,0
consume_end,304,4924473806124113,0
yield_resumed,304,4924473806176062,0
consume_begin,305,4924473806178022,0
consume_end,305,4924473806178302,0
yield_resumed,305,4924473806237312,0
consume_begin,306,4924473806239042,0
consume_end,306,4924473819642041,0
yield_resumed,306,4924473819685821,0
consume_begin,307,4924473819689721,0
consume_end,307,4924473819690731,0
yield_resumed,307,4924473819737980,0
consume_begin,308,4924473819739000,0
consume_end,308,4924473819739340,0
yield_resumed,308,4924473819806430,0
consume_begin,309,4924473819807870,0
consume_end,309,4924473833327008,0
yield_resumed,309,4924473833370338,0
consume_begin,310,4924473833373758,0
consume_end,310,4924473833374338,0
yield_resumed,310,4924473833412757,0
consume_begin,311,4924473833413897,0
consume_end,311,4924473833414177,0
yield_resumed,311,4924473833448957,0
consume_begin,312,4924473833450187,0
consume_end,312,4924473847979548,0
yield_resumed,312,4924473848040467,0
consume_begin,313,4924473848043187,0
consume_end,313,4924473848043747,0
yield_resumed,313,4924473848084787,0
consume_begin,314,4924473848086117,0
consume_end,314,4924473848086467,0
yield_resumed,314,4924473848143617,0
consume_begin,315,4924473848144996,0
consume_end,315,4924473861597935,0
yield_resumed,315,4924473861654975,0
consume_begin,316,4924473861658235,0
consume_end,316,4924473861659125,0
yield_resumed,316,4924473861704104,0
consume_begin,317,4924473861705304,0
consume_end,317,4924473861705514,0
yield_resumed,317,4924473861764094,0
consume_begin,318,4924473861765514,0
consume_end,318,4924473875745529,0
yield_resumed,318,4924473875810368,0
consume_begin,319,4924473875814348,0
consume_end,319,4924473875815198,0
yield_resumed,319,4924473875854078,0
consume_begin,320,4924473875855108,0
consume_end,320,4924473875855408,0
yield_resumed,320,4924473875915428,0
consume_begin,321,4924473875917328,0
consume_end,321,4924473891473201,0
yield_resumed,321,4924473891510940,0
consume_begin,322,4924473891514920,0
consume_end,322,4924473891515640,0
yield_resumed,322,4924473891567920,0
consume_begin,323,4924473891569290,0
consume_end,323,4924473891569570,0
yield_resumed,323,4924473891638879,0
consume_begin,324,4924473891640959,0
consume_end,324,4924473909381446,0
yield_resumed,324,4924473909425825,0
consume_begin,325,4924473909430575,0
consume_end,325,4924473909431515,0
yield_resumed,325,4924473909479335,0
consume_begin,326,4924473909481035,0
consume_end,326,4924473909481345,0
yield_resumed,326,4924473909550174,0
consume_begin,327,4924473909552104,0
consume_end,327,4924473926614096,0
yield_resumed,327,4924473926676496,0
consume_begin,328,4924473926680116,0
consume_end,328,4924473926680716,0
yield_resumed,328,4924473926715435,0
consume_begin,329,4924473926716355,0
consume_end,329,4924473926716905,0
yield_resumed,329,4924473926779695,0
consume_begin,330,4924473926780765,0
consume_end,330,4924473944454692,0
yield_resumed,330,4924473944516692,0
consume_begin,331,4924473944520991,0
consume_end,331,4924473944521661,0
yield_resumed,331,4924473944567721,0
consume_begin,332,4924473944569681,0
consume_end,332,4924473944570041,0
yield_resumed,332,4924473944632961,0
consume_begin,333,4924473944634481,0
consume_end,333,4924473962957603,0
yield_resumed,333,4924473962996143,0
consume_begin,334,4924473963006572,0
consume_end,334,4924473963007242,0
yield_resumed,334,4924473963051392,0
consume_begin,335,4924473963053342,0
consume_end,335,4924473963053732,0
yield_resumed,335,4924473963134501,0
consume_begin,336,4924473963136491,0
consume_end,336,4924473978754764,0
yield_resumed,336,4924473978834333,0
consume_begin,337,4924473978839243,0
consume_end,337,4924473978839863,0
yield_resumed,337,4924473978902193,0
consume_begin,338,4924473978903823,0
consume_end,338,4924473978904223,0
yield_resumed,338,4924473978949432,0
consume_begin,339,4924473978951022,0
consume_end,339,4924473978951342,0
yield_resumed,339,4924473979034422,0
consume_begin,340,4924473979036262,0
consume_end,340,4924473995494568,0
yield_resumed,340,4924473995558397,0
consume_begin,341,4924473995562447,0
consume_end,341,4924473995563007,0
yield_resumed,341,4924473995609077,0
consume_begin,342,4924473995610037,0
consume_end,342,4924473995610427,0
yield_resumed,342,4924473995667827,0
consume_begin,343,4924473995669207,0
consume_end,343,4924473995669507,0
yield_resumed,343,4924473995726916,0
consume_begin,344,4924473995727996,0
consume_end,344,4924474012143963,0
yield_resumed,344,4924474012217802,0
consume_begin,345,4924474012224252,0
consume_end,345,4924474012225112,0
yield_resumed,345,4924474012268412,0
consume_begin,346,4924474012270222,0
consume_end,346,4924474012270702,0
yield_resumed,346,4924474012334631,0
consume_begin,347,4924474012336501,0
consume_end,347,4924474028992056,0
yield_resumed,347,4924474029055925,0
consume_begin,348,4924474029060505,0
consume_end,348,4924474029061345,0
yield_resumed,348,4924474029105805,0
consume_begin,349,4924474029107055,0
consume_end,349,4924474029107385,0
yield_resumed,349,4924474029172175,0
consume_begin,350,4924474029173625,0
consume_end,350,4924474046499004,0
yield_resumed,350,4924474046581784,0
consume_begin,351,4924474046586934,0
consume_end,351,4924474046587864,0
yield_resumed,351,4924474046642933,0
consume_begin,352,4924474046644813,0
consume_end,352,4924474046645143,0
yield_resumed,352,4924474046702133,0
consume_begin,353,4924474046704393,0
consume_end,353,4924474064077332,0
yield_resumed,353,4924474064138672,0
consume_begin,354,4924474064142682,0
consume_end,354,4924474064143392,0
yield_resumed,354,4924474064180041,0
consume_begin,355,4924474064181651,0
consume_end,355,4924474064181971,0
yield_resumed,355,4924474064247321,0
consume_begin,356,4924474064248261,0
consume_end,356,4924474080069442,0
yield_resumed,356,4924474080136281,0
consume_begin,357,4924474080142191,0
consume_end,357,4924474080142971,0
yield_resumed,357,4924474080202511,0
consume_begin,358,4924474080204261,0
consume_end,358,4924474080204581,0
yield_resumed,358,4924474080271190,0
consume_begin,359,4924474080274360,0
consume_end,359,4924474080274770,0
yield_resumed,359,4924474080339050,0
consume_begin,360,4924474080341720,0
consume_end,360,4924474098394984,0
yield_resumed,360,4924474098465803,0
consume_begin,361,4924474098469273,0
consume_end,361,4924474098469893,0
yield_resumed,361,4924474098517293,0
consume_begin,362,4924474098518793,0
consume_end,362,4924474098519013,0
yield_resumed,362,4924474098583332,0
consume_begin,363,4924474098584472,0
consume_end,363,4924474098584692,0
yield_resumed,363,4924474098661122,0
consume_begin,364,4924474098662722,0
consume_end,364,4924474117045983,0
yield_resumed,364,4924474117101333,0
consume_begin,365,4924474117105533,0
consume_end,365,4924474117106433,0
yield_resumed,365,4924474117153673,0
consume_begin,366,4924474117155083,0
consume_end,366,4924474117155373,0
yield_resumed,366,4924474117212752,0
consume_begin,367,4924474117213752,0
consume_end,367,4924474135490245,0
yield_resumed,367,4924474135561044,0
consume_begin,368,4924474135564694,0
consume_end,368,4924474135565464,0
yield_resumed,368,4924474135620324,0
consume_begin,369,4924474135621994,0
consume_end,369,4924474135622364,0
yield_resumed,369,4924474135695693,0
consume_begin,370,4924474135697273,0
consume_end,370,4924474153097622,0
yield_resumed,370,4924474153154602,0
consume_begin,371,4924474153158732,0
consume_end,371,4924474153159272,0
yield_resumed,371,4924474153206861,0
consume_begin,372,4924474153208731,0
consume_end,372,4924474153209041,0
yield_resumed,372,4924474153278061,0
consume_begin,373,4924474153279721,0
consume_end,373,4924474167513774,0
yield_resumed,373,4924474167576473,0
consume_begin,374,4924474167580603,0
consume_end,374,4924474167581473,0
yield_resumed,374,4924474167617603,0
consume_begin,375,4924474167618763,0
consume_end,375,4924474167619153,0
yield_resumed,375,4924474167686063,0
consume_begin,376,4924474167687263,0
consume_end,376,4924474181839496,0
yield_resumed,376,4924474181902296,0
consume_begin,377,4924474181905276,0
consume_end,377,4924474181905626,0
yield_resumed,377,4924474181957925,0
consume_begin,378,4924474181959285,0
consume_end,378,4924474181959725,0
yield_resumed,378,4924474182044585,0
consume_begin,379,4924474182046635,0
consume_end,379,4924474198303332,0
yield_resumed,379,4924474198366542,0
consume_begin,380,4924474198369722,0
consume_end,380,4924474198370172,0
yield_resumed,380,4924474198420471,0
consume_begin,381,4924474198422021,0
consume_end,381,4924474198422321,0
yield_resumed,381,4924474198488231,0
consume_begin,382,4924474198489691,0
consume_end,382,4924474214569060,0
yield_resumed,382,4924474214636829,0
consume_begin,383,4924474214640799,0
consume_end,383,4924474214641149,0
yield_resumed,383,4924474214688399,0
consume_begin,384,4924474214689369,0
consume_end,384,4924474214689729,0
yield_resumed,384,4924474214753068,0
consume_begin,385,4924474214754298,0
consume_end,385,4924474230890897,0
yield_resumed,385,4924474230935277,0
consume_begin,386,4924474230939067,0
consume_end,386,4924474230939507,0
yield_resumed,386,4924474230983616,0
consume_begin,387,4924474230985356,0
consume_end,387,4924474230985836,0
yield_resumed,387,4924474231060046,0
consume_begin,388,4924474231062596,0
consume_end,388,4924474247914059,0
yield_resumed,388,4924474247957819,0
consume_begin,389,4924474247962119,0
consume_end,389,4924474247962749,0
yield_resumed,389,4924474248014228,0
consume_begin,390,4924474248015308,0
consume_end,390,4924474248015648,0
yield_resumed,390,4924474248088448,0
consume_begin,391,4924474248091398,0
consume_end,391,4924474263789950,0
yield_resumed,391,4924474263853049,0
consume_begin,392,4924474263857109,0
consume_end,392,4924474263857899,0
yield_resumed,392,4924474263893259,0
consume_begin,393,4924474263894519,0
consume_end,393,4924474263894839,0
yield_resumed,393,4924474263955388,0
consume_begin,394,4924474263957928,0
consume_end,394,4924474278901926,0
yield_resumed,394,4924474278967105,0
consume_begin,395,4924474278970785,0
consume_end,395,4924474278971355,0
yield_resumed,395,4924474279028445,0
consume_begin,396,4924474279029615,0
consume_end,396,4924474279029855,0
yield_resumed,396,4924474279077904,0
consume_begin,397,4924474279080004,0
consume_end,397,4924474293536756,0
yield_resumed,397,4924474293602925,0
consume_begin,398,4924474293607075,0
consume_end,398,4924474293607625,0
yield_resumed,398,4924474293662625,0
consume_begin,399,4924474293663585,0
consume_end,399,4924474293663915,0
yield_resumed,399,4924474293728624,0
consume_begin,400,4924474293729464,0
consume_end,400,4924474307022024,0
yield_resumed,400,4924474307055484,0
consume_begin,401,4924474307058694,0
consume_end,401,4924474307059134,0
yield_resumed,401,4924474307114004,0
consume_begin,402,4924474307115903,0
consume_end,402,4924474307116253,0
yield_resumed,402,4924474307193403,0
consume_begin,403,4924474307194573,0
consume_end,403,4924474320267955,0
yield_resumed,403,4924474320308084,0
consume_begin,404,4924474320312224,0
consume_end,404,4924474320312784,0
yield_resumed,404,4924474320368554,0
consume_begin,405,4924474320370044,0
consume_end,405,4924474320370394,0
yield_resumed,405,4924474320443943,0
consume_begin,406,4924474320445543,0
consume_end,406,4924474333872792,0
yield_resumed,406,4924474333932592,0
consume_begin,407,4924474333935882,0
consume_end,407,4924474333936532,0
yield_resumed,407,4924474333972832,0
consume_begin,408,4924474333973872,0
consume_end,408,4924474333974192,0
yield_resumed,408,4924474334042311,0
consume_begin,409,4924474334043961,0
consume_end,409,4924474346296469,0
yield_resumed,409,4924474346364358,0
consume_begin,410,4924474346367358,0
consume_end,410,4924474346367828,0
yield_resumed,410,4924474346429278,0
consume_begin,411,4924474346430838,0
consume_end,411,4924474346431168,0
yield_resumed,411,4924474346477417,0
consume_begin,412,4924474346478737,0
consume_end,412,4924474360414833,0
yield_resumed,412,4924474360476592,0
consume_begin,413,4924474360481222,0
consume_end,413,4924474360481832,0
yield_resumed,413,4924474360549502,0
consume_begin,414,4924474360550802,0
consume_end,414,4924474360551082,0
yield_resumed,414,4924474360624391,0
consume_begin,415,4924474360626121,0
consume_end,415,4924474376994918,0
yield_resumed,415,4924474377074457,0
consume_begin,416,4924474377078627,0
consume_end,416,4924474377079347,0
yield_resumed,416,4924474377129477,0
consume_begin,417,4924474377131577,0
consume_end,417,4924474377131997,0
yield_resumed,417,4924474377174097,0
consume_begin,418,4924474377175827,0
consume_end,418,4924474393081697,0
yield_resumed,418,4924474393148226,0
consume_begin,419,4924474393152476,0
consume_end,419,4924474393153176,0
yield_resumed,419,4924474393190816,0
consume_begin,420,4924474393192356,0
consume_end,420,4924474393192686,0
yield_resumed,420,4924474393256346,0
consume_begin,421,4924474393257746,0
consume_end,421,4924474408424181,0
yield_resumed,421,4924474408486441,0
consume_begin,422,4924474408489781,0
consume_end,422,4924474408490321,0
yield_resumed,422,4924474408542251,0
consume_begin,423,4924474408543261,0
consume_end,423,4924474408543601,0
yield_resumed,423,4924474408631080,0
consume_begin,424,4924474408633090,0
consume_end,424,4924474424350672,0
yield_resumed,424,4924474424414921,0
consume_begin,425,4924474424418191,0
consume_end,425,4924474424418711,0
yield_resumed,425,4924474424464931,0
consume_begin,426,4924474424466001,0
consume_end,426,4924474424466321,0
yield_resumed,426,4924474424520840,0
consume_begin,427,4924474424521870,0
consume_end,427,4924474437249275,0
yield_resumed,427,4924474437310774,0
consume_begin,428,4924474437315144,0
consume_end,428,4924474437315654,0
yield_resumed,428,4924474437364334,0
consume_begin,429,4924474437365564,0
consume_end,429,4924474437365924,0
yield_resumed,429,4924474437436393,0
consume_begin,430,4924474437438273,0
consume_end,430,4924474456074033,0
yield_resumed,430,4924474456153332,0
consume_begin,431,4924474456159462,0
consume_end,431,4924474456160462,0
yield_resumed,431,4924474456199342,0
consume_begin,432,4924474456200672,0
consume_end,432,4924474456201142,0
yield_resumed,432,4924474456274712,0
consume_begin,433,4924474456277232,0
consume_end,433,4924474476543269,0
yield_resumed,433,4924474476607349,0
consume_begin,434,4924474476612639,0
consume_end,434,4924474476613929,0
yield_resumed,434,4924474476669218,0
consume_begin,435,4924474476671118,0
consume_end,435,4924474476671568,0
yield_resumed,435,4924474476738398,0
consume_begin,436,4924474476742848,0
consume_end,436,4924474497772139,0
yield_resumed,436,4924474497842169,0
consume_begin,437,4924474497848269,0
consume_end,437,4924474497848979,0
yield_resumed,437,4924474497900208,0
consume_begin,438,4924474497901948,0
consume_end,438,4924474497902468,0
yield_resumed,438,4924474497982348,0
consume_begin,439,4924474497986828,0
consume_end,439,4924474497987298,0
yield_resumed,439,4924474498086627,0
consume_begin,440,4924474498089297,0
consume_end,440,4924474498089747,0
yield_resumed,440,4924474498179856,0
consume_begin,441,4924474498182076,0
consume_end,441,4924474518049827,0
yield_resumed,441,4924474518122136,0
consume_begin,442,4924474518128236,0
consume_end,442,4924474518129066,0
yield_resumed,442,4924474518178356,0
consume_begin,443,4924474518180486,0
consume_end,443,4924474518180926,0
yield_resumed,443,4924474518249095,0
consume_begin,444,4924474518251085,0
consume_end,444,4924474539539155,0
yield_resumed,444,4924474539585975,0
consume_begin,445,4924474539591345,0
consume_end,445,4924474539592305,0
yield_resumed,445,4924474539635204,0
consume_begin,446,4924474539637934,0
consume_end,446,4924474539638394,0
yield_resumed,446,4924474539707754,0
consume_begin,447,4924474539712204,0
consume_end,447,4924474560653616,0
yield_resumed,447,4924474560691926,0
consume_begin,448,4924474560698266,0
consume_end,448,4924474560699136,0
yield_resumed,448,4924474560761685,0
consume_begin,449,4924474560764105,0
consume_end,449,4924474560764605,0
yield_resumed,449,4924474560830525,0
consume_begin,450,4924474560833075,0
consume_end,450,4924474560833435,0
yield_resumed,450,4924474560928014,0
consume_begin,451,4924474560930294,0
consume_end,451,4924474580283809,0
yield_resumed,451,4924474580329148,0
consume_begin,452,4924474580337168,0
consume_end,452,4924474580338118,0
yield_resumed,452,4924474580405218,0
consume_begin,453,4924474580408248,0
consume_end,453,4924474580408858,0
yield_resumed,453,4924474580486407,0
consume_begin,454,4924474580489487,0
consume_end,454,4924474580490007,0
yield_resumed,454,4924474580593696,0
consume_begin,455,4924474580596096,0
consume_end,455,4924474601242121,0
yield_resumed,455,4924474601302461,0
consume_begin,456,4924474601306780,0
consume_end,456,4924474601307540,0
yield_resumed,456,4924474601370500,0
consume_begin,457,4924474601373030,0
consume_end,457,4924474601373430,0
yield_resumed,457,4924474601452799,0
consume_begin,458,4924474601454839,0
consume_end,458,4924474622301123,0
yield_resumed,458,4924474622367872,0
consume_begin,459,4924474622373902,0
consume_end,459,4924474622374872,0
yield_resumed,459,4924474622439021,0
consume_begin,460,4924474622440331,0
consume_end,460,4924474622440761,0
yield_resumed,460,4924474622516171,0
consume_begin,461,4924474622517501,0
consume_end,461,4924474643757401,0
yield_resumed,461,4924474643823751,0
consume_begin,462,4924474643830741,0
consume_end,462,4924474643831701,0
yield_resumed,462,4924474643900870,0
consume_begin,463,4924474643902860,0
consume_end,463,4924474643903370,0
yield_resumed,463,4924474643988409,0
consume_begin,464,4924474643991679,0
consume_end,464,4924474643992319,0
yield_resumed,464,4924474644059189,0
consume_begin,465,4924474644061309,0
consume_end,465,4924474644061829,0
yield_resumed,465,4924474644138208,0
consume_begin,466,4924474644140098,0
consume_end,466,4924474664784543,0
yield_resumed,466,4924474664833633,0
consume_begin,467,4924474664840862,0
consume_end,467,4924474664841842,0
yield_resumed,467,4924474664893462,0
consume_begin,468,4924474664896562,0
consume_end,468,4924474664897102,0
yield_resumed,468,4924474664944662,0
consume_begin,469,4924474664946972,0
consume_end,469,4924474685655276,0
yield_resumed,469,4924474685725145,0
consume_begin,470,4924474685730905,0
consume_end,470,4924474685731915,0
yield_resumed,470,4924474685799075,0
consume_begin,471,4924474685801785,0
consume_end,471,4924474685802255,0
yield_resumed,471,4924474685878844,0
consume_begin,472,4924474685880594,0
consume_end,472,4924474706500459,0
yield_resumed,472,4924474706548669,0
consume_begin,473,4924474706555609,0
consume_end,473,4924474706556619,0
yield_resumed,473,4924474706626728,0
consume_begin,474,4924474706629938,0
consume_end,474,4924474706630378,0
yield_resumed,474,4924474706694048,0
consume_begin,475,4924474706696378,0
consume_end,475,4924474726526349,0
yield_resumed,475,4924474726563028,0
consume_begin,476,4924474726567288,0
consume_end,476,4924474726568018,0
yield_resumed,476,4924474726611048,0
consume_begin,477,4924474726612718,0
consume_end,477,4924474726613148,0
yield_resumed,477,4924474726677827,0
consume_begin,478,4924474726680037,0
consume_end,478,4924474726680327,0
yield_resumed,478,4924474726714477,0
consume_begin,479,4924474726716247,0
consume_end,479,4924474726716627,0
yield_resumed,479,4924474726830036,0
consume_begin,480,4924474726832576,0
consume_end,480,4924474744869391,0
yield_resumed,480,4924474744923470,0
consume_begin,481,4924474744929080,0
consume_end,481,4924474744929970,0
yield_resumed,481,4924474744977250,0
consume_begin,482,4924474744979080,0
consume_end,482,4924474744979490,0
yield_resumed,482,4924474745058299,0
consume_begin,483,4924474745060179,0
consume_end,483,4924474762721316,0
yield_resumed,483,4924474762787266,0
consume_begin,484,4924474762791976,0
consume_end,484,4924474762793066,0
yield_resumed,484,4924474762859055,0
consume_begin,485,4924474762860935,0
consume_end,485,4924474762861255,0
yield_resumed,485,4924474762897005,0
consume_begin,486,4924474762898385,0
consume_end,486,4924474780310814,0
yield_resumed,486,4924474780367724,0
consume_begin,487,4924474780372183,0
consume_end,487,4924474780372813,0
yield_resumed,487,4924474780414993,0
consume_begin,488,4924474780416023,0
consume_end,488,4924474780416393,0
yield_resumed,488,4924474780470933,0
consume_begin,489,4924474780472473,0
consume_end,489,4924474798701806,0
yield_resumed,489,4924474798744045,0
consume_begin,490,4924474798749075,0
consume_end,490,4924474798749785,0
yield_resumed,490,4924474798794135,0
consume_begin,491,4924474798795855,0
consume_end,491,4924474798796335,0
yield_resumed,491,4924474798863544,0
consume_begin,492,4924474798864954,0
consume_end,492,4924474814204579,0
yield_resumed,492,4924474814260069,0
consume_begin,493,4924474814264319,0
consume_end,493,4924474814265109,0
yield_resumed,493,4924474814316538,0
consume_begin,494,4924474814317878,0
consume_end,494,4924474831133972,0
yield_resumed,494,4924474831192601,0
consume_begin,495,4924474831198531,0
consume_end,495,4924474831199411,0
yield_resumed,495,4924474831262521,0
consume_begin,496,4924474831264091,0
consume_end,496,4924474831264501,0
yield_resumed,496,4924474831331110,0
consume_begin,497,4924474831332830,0
consume_end,497,4924474849563023,0
yield_resumed,497,4924474849613523,0
consume_begin,498,4924474849618513,0
consume_end,498,4924474849619702,0
yield_resumed,498,4924474849674212,0
consume_begin,499,4924474849675512,0
consume_end,499,4924474849675992,0
yield_resumed,499,4924474849755841,0
consume_begin,500,4924474849757551,0
consume_end,500,4924474868220633,0
yield_resumed,500,4924474868281422,0
consume_begin,501,4924474868285862,0
consume_end,501,4924474868286682,0
yield_resumed,501,4924474868341722,0
consume_begin,502,4924474868343962,0
consume_end,502,4924474868344352,0
yield_resumed,502,4924474868377471,0
consume_begin,503,4924474868378971,0
consume_end,503,4924474886145548,0
yield_resumed,503,4924474886226807,0
consume_begin,504,4924474886231077,0
consume_end,504,4924474886231707,0
yield_resumed,504,4924474886277707,0
consume_begin,505,4924474886278617,0
consume_end,505,4924474886279007,0
yield_resumed,505,4924474886338546,0
consume_begin,506,4924474886339916,0
consume_end,506,4924474902457155,0
yield_resumed,506,4924474902522665,0
consume_begin,507,4924474902527195,0
consume_end,507,4924474902527865,0
yield_resumed,507,4924474902566114,0
consume_begin,508,4924474902568464,0
consume_end,508,4924474902568774,0
yield_resumed,508,4924474902632134,0
consume_begin,509,4924474902633864,0
consume_end,509,4924474919858664,0
yield_resumed,509,4924474919893394,0
consume_begin,510,4924474919897824,0
consume_end,510,4924474919898684,0
yield_resumed,510,4924474919944054,0
consume_begin,511,4924474919945214,0
consume_end,511,4924474919945664,0
yield_resumed,511,4924474920009373,0
consume_begin,512,4924474920011153,0
consume_end,512,4924474920011473,0
yield_resumed,512,4924474920074233,0
consume_begin,513,4924474920075283,0
consume_end,513,4924474920075593,0
yield_resumed,513,4924474920121262,0
consume_begin,514,4924474920123022,0
consume_end,514,4924474937643990,0
yield_resumed,514,4924474937703470,0
consume_begin,515,4924474937707890,0
consume_end,515,4924474937708590,0
yield_resumed,515,4924474937746900,0
consume_begin,516,4924474937748630,0
consume_end,516,4924474956211671,0
yield_resumed,516,4924474956252300,0
consume_begin,517,4924474956256900,0
consume_end,517,4924474956257870,0
yield_resumed,517,4924474956300370,0
consume_begin,518,4924474956302400,0
consume_end,518,4924474956302810,0
yield_resumed,518,4924474956367880,0
consume_begin,519,4924474956370840,0
consume_end,519,4924474974035527,0
yield_resumed,519,4924474974089436,0
consume_begin,520,4924474974093466,0
consume_end,520,4924474974094216,0
yield_resumed,520,4924474974165576,0
consume_begin,521,4924474974167856,0
consume_end,521,4924474974168176,0
yield_resumed,521,4924474974227535,0
consume_begin,522,4924474974228965,0
consume_end,522,4924474994113496,0
yield_resumed,522,4924474994149665,0
consume_begin,523,4924474994154535,0
consume_end,523,4924474994155325,0
yield_resumed,523,4924474994201835,0
consume_begin,524,4924474994204545,0
consume_end,524,4924474994205025,0
yield_resumed,524,4924474994286614,0
consume_begin,525,4924474994288604,0
consume_end,525,4924475011645554,0
yield_resumed,525,4924475011705453,0
consume_begin,526,4924475011711663,0
consume_end,526,4924475011712703,0
yield_resumed,526,4924475011764693,0
consume_begin,527,4924475011767783,0
consume_end,527,4924475011768433,0
yield_resumed,527,4924475011825682,0
consume_begin,528,4924475011827452,0
consume_end,528,4924475030924219,0
yield_resumed,528,4924475030968688,0
consume_begin,529,4924475030974358,0
consume_end,529,4924475030975158,0
yield_resumed,529,4924475031053058,0
consume_begin,530,4924475031055708,0
consume_end,530,4924475031056178,0
yield_resumed,530,4924475031125137,0
consume_begin,531,4924475031127727,0
consume_end,531,4924475045215841,0
yield_resumed,531,4924475045258011,0
consume_begin,532,4924475045263041,0
consume_end,532,4924475045263901,0
yield_resumed,532,4924475045302941,0
consume_begin,533,4924475045305961,0
consume_end,533,4924475045306301,0
yield_resumed,533,4924475045342400,0
consume_begin,534,4924475045343420,0
consume_end,534,4924475062676180,0
yield_resumed,534,4924475062729799,0
consume_begin,535,4924475062736209,0
consume_end,535,4924475062737249,0
yield_resumed,535,4924475062775849,0
consume_begin,536,4924475062777709,0
consume_end,536,4924475062778329,0
yield_resumed,536,4924475062834199,0
consume_begin,537,4924475062835469,0
consume_end,537,4924475079991580,0
yield_resumed,537,4924475080067529,0
consume_begin,538,4924475080073149,0
consume_end,538,4924475080073909,0
yield_resumed,538,4924475080109139,0
consume_begin,539,4924475080111419,0
consume_end,539,4924475080111869,0
yield_resumed,539,4924475080179848,0
consume_begin,540,4924475080181748,0
consume_end,540,4924475095764221,0
yield_resumed,540,4924475095820851,0
consume_begin,541,4924475095825840,0
consume_end,541,4924475095826640,0
yield_resumed,541,4924475095872730,0
consume_begin,542,4924475095874940,0
consume_end,542,4924475095875280,0
yield_resumed,542,4924475095935740,0
consume_begin,543,4924475095937040,0
consume_end,543,4924475110528890,0
yield_resumed,543,4924475110581960,0
consume_begin,544,4924475110586949,0
consume_end,544,4924475110587689,0
yield_resumed,544,4924475110649539,0
consume_begin,545,4924475110650799,0
consume_end,545,4924475110651219,0
yield_resumed,545,4924475110724268,0
consume_begin,546,4924475110725678,0
consume_end,546,4924475126284801,0
yield_resumed,546,4924475126354941,0
consume_begin,547,4924475126360801,0
consume_end,547,4924475126361471,0
yield_resumed,547,4924475126428360,0
consume_begin,548,4924475126430270,0
consume_end,548,4924475126430790,0
yield_resumed,548,4924475126519200,0
consume_begin,549,4924475126522219,0
consume_end,549,4924475146021583,0
yield_resumed,549,4924475146057893,0
consume_begin,550,4924475146062833,0
consume_end,550,4924475146063543,0
yield_resumed,550,4924475146127212,0
consume_begin,551,4924475146128332,0
consume_end,551,4924475146128682,0
yield_resumed,551,4924475146199822,0
consume_begin,552,4924475146201342,0
consume_end,552,4924475146201692,0
yield_resumed,552,4924475146258431,0
consume_begin,553,4924475146259991,0
consume_end,553,4924475146260331,0
yield_resumed,553,4924475146307411,0
consume_begin,554,4924475146308481,0
consume_end,554,4924475159117954,0
yield_resumed,554,4924475159179514,0
consume_begin,555,4924475159186014,0
consume_end,555,4924475159187264,0
yield_resumed,555,4924475159232353,0
consume_begin,556,4924475159233993,0
consume_end,556,4924475173625575,0
yield_resumed,556,4924475173676315,0
consume_begin,557,4924475173683125,0
consume_end,557,4924475173683825,0
yield_resumed,557,4924475173746414,0
consume_begin,558,4924475173747734,0
consume_end,558,4924475173748374,0
yield_resumed,558,4924475173818954,0
consume_begin,559,4924475173820594,0
consume_end,559,4924475186605618,0
yield_resumed,559,4924475186644287,0
consume_begin,560,4924475186650337,0
consume_end,560,4924475186651197,0
yield_resumed,560,4924475186694827,0
consume_begin,561,4924475186696537,0
consume_end,561,4924475203726529,0
yield_resumed,561,4924475203789608,0
consume_begin,562,4924475203795858,0
consume_end,562,4924475203796678,0
yield_resumed,562,4924475203856938,0
consume_begin,563,4924475203858838,0
consume_end,563,4924475203859308,0
yield_resumed,563,4924475203903088,0
consume_begin,564,4924475203904608,0
consume_end,564,4924475203905078,0
yield_resumed,564,4924475203981317,0
consume_begin,565,4924475203982937,0
consume_end,565,4924475220903830,0
yield_resumed,565,4924475220955179,0
consume_begin,566,4924475220959639,0
consume_end,566,4924475220960419,0
yield_resumed,566,4924475221013029,0
consume_begin,567,4924475221014769,0
consume_end,567,4924475221015199,0
yield_resumed,567,4924475221083378,0
consume_begin,568,4924475221084898,0
consume_end,568,4924475235622689,0
yield_resumed,568,4924475235695208,0
consume_begin,569,4924475235700328,0
consume_end,569,4924475235700898,0
yield_resumed,569,4924475235733518,0
consume_begin,570,4924475235735048,0
consume_end,570,4924475235735508,0
yield_resumed,570,4924475235795658,0
consume_begin,571,4924475235797638,0
consume_end,571,4924475248364713,0
yield_resumed,571,4924475248403043,0
consume_begin,572,4924475248410673,0
consume_end,572,4924475248411693,0
yield_resumed,572,4924475248470752,0
consume_begin,573,4924475248472372,0
consume_end,573,4924475259765107,0
yield_resumed,573,4924475259821297,0
consume_begin,574,4924475259827717,0
consume_end,574,4924475259828467,0
yield_resumed,574,4924475259874156,0
consume_begin,575,4924475259875646,0
consume_end,575,4924475259876136,0
yield_resumed,575,4924475259948286,0
consume_begin,576,4924475259950826,0
consume_end,576,4924475275954455,0
yield_resumed,576,4924475276015885,0
consume_begin,577,4924475276023015,0
consume_end,577,4924475276023855,0
yield_resumed,577,4924475276068544,0
consume_begin,578,4924475276070144,0
consume_end,578,4924475276070624,0
yield_resumed,578,4924475276144204,0
consume_begin,579,4924475276145824,0
consume_end,579,4924475292217713,0
yield_resumed,579,4924475292275093,0
consume_begin,580,4924475292283013,0
consume_end,580,4924475292283983,0
yield_resumed,580,4924475292326192,0
consume_begin,581,4924475292329412,0
consume_end,581,4924475292329962,0
yield_resumed,581,4924475292405102,0
consume_begin,582,4924475292407832,0
consume_end,582,4924475307692417,0
yield_resumed,582,4924475307748966,0
consume_begin,583,4924475307755386,0
consume_end,583,4924475307756146,0
yield_resumed,583,4924475307796006,0
consume_begin,584,4924475307797676,0
consume_end,584,4924475307798216,0
yield_resumed,584,4924475307859016,0
consume_begin,585,4924475307860496,0
consume_end,585,4924475307861136,0
yield_resumed,585,4924475307911595,0
consume_begin,586,4924475307913035,0
consume_end,586,4924475324080313,0
yield_resumed,586,4924475324141253,0
consume_begin,587,4924475324148373,0
consume_end,587,4924475324149093,0
yield_resumed,587,4924475324217272,0
consume_begin,588,4924475324219012,0
consume_end,588,4924475324219692,0
yield_resumed,588,4924475324292922,0
consume_begin,589,4924475324294602,0
consume_end,589,4924475341176915,0
yield_resumed,589,4924475341240264,0
consume_begin,590,4924475341247934,0
consume_end,590,4924475341249224,0
yield_resumed,590,4924475341318374,0
consume_begin,591,4924475341320204,0
consume_end,591,4924475341320714,0
yield_resumed,591,4924475341404533,0
consume_begin,592,4924475341406423,0
consume_end,592,4924475341406993,0
yield_resumed,592,4924475341466203,0
consume_begin,593,4924475341469243,0
consume_end,593,4924475358753493,0
yield_resumed,593,4924475358789022,0
consume_begin,594,4924475358794732,0
consume_end,594,4924475358795482,0
yield_resumed,594,4924475358841762,0
consume_begin,595,4924475358844132,0
consume_end,595,4924475358844502,0
yield_resumed,595,4924475358909751,0
consume_begin,596,4924475358912371,0
consume_end,596,4924475376853526,0
yield_resumed,596,4924475376892976,0
consume_begin,597,4924475376898356,0
consume_end,597,4924475376899026,0
yield_resumed,597,4924475376964006,0
consume_begin,598,4924475376965876,0
consume_end,598,4924475376966466,0
yield_resumed,598,4924475377042065,0
consume_begin,599,4924475377043425,0
consume_end,599,4924475394500304,0
yield_resumed,599,4924475394533933,0
consume_begin,600,4924475394538363,0
consume_end,600,4924475394539183,0
yield_resumed,600,4924475394572023,0
consume_begin,601,4924475394573473,0
consume_end,601,4924475394573923,0
yield_resumed,601,4924475394604663,0
consume_begin,602,4924475394606073,0
consume_end,602,4924475411646685,0
yield_resumed,602,4924475411682285,0
consume_begin,603,4924475411689264,0
consume_end,603,4924475411690394,0
yield_resumed,603,4924475411740094,0
consume_begin,604,4924475411742154,0
consume_end,604,4924475411742754,0
yield_resumed,604,4924475411788444,0
consume_begin,605,4924475411790134,0
consume_end,605,4924475427706344,0
yield_resumed,605,4924475427774113,0
consume_begin,606,4924475427780003,0
consume_end,606,4924475427780763,0
yield_resumed,606,4924475427818513,0
consume_begin,607,4924475427820263,0
consume_end,607,4924475427820653,0
yield_resumed,607,4924475427887153,0
consume_begin,608,4924475427889742,0
consume_end,608,4924475427890242,0
yield_resumed,608,4924475427964582,0
consume_begin,609,4924475427965892,0
consume_end,609,4924475443319236,0
yield_resumed,609,4924475443356996,0
consume_begin,610,4924475443364076,0
consume_end,610,4924475443365566,0
yield_resumed,610,4924475443406846,0
consume_begin,611,4924475443408086,0
consume_end,611,4924475462171075,0
yield_resumed,611,4924475462223644,0
consume_begin,612,4924475462228764,0
consume_end,612,4924475462229454,0
yield_resumed,612,4924475462282724,0
consume_begin,613,4924475462284414,0
consume_end,613,4924475462284794,0
yield_resumed,613,4924475462343863,0
consume_begin,614,4924475462346193,0
consume_end,614,4924475481063482,0
yield_resumed,614,4924475481097822,0
consume_begin,615,4924475481102982,0
consume_end,615,4924475481103682,0
yield_resumed,615,4924475481160672,0
consume_begin,616,4924475481163002,0
consume_end,616,4924475481163502,0
yield_resumed,616,4924475481233851,0
consume_begin,617,4924475481236841,0
consume_end,617,4924475500097819,0
yield_resumed,617,4924475500140849,0
consume_begin,618,4924475500146039,0
consume_end,618,4924475500146709,0
yield_resumed,618,4924475500189319,0
consume_begin,619,4924475500192289,0
consume_end,619,4924475500192789,0
yield_resumed,619,4924475500259148,0
consume_begin,620,4924475500263348,0
consume_end,620,4924475500263978,0
yield_resumed,620,4924475500304478,0
consume_begin,621,4924475500306288,0
consume_end,621,4924475519056517,0
yield_resumed,621,4924475519098776,0
consume_begin,622,4924475519105436,0
consume_end,622,4924475519106386,0
yield_resumed,622,4924475519153416,0
consume_begin,623,4924475519155966,0
consume_end,623,4924475519156426,0
yield_resumed,623,4924475519230955,0
consume_begin,624,4924475519233055,0
consume_end,624,4924475537921975,0
yield_resumed,624,4924475537986284,0
consume_begin,625,4924475537991964,0
consume_end,625,4924475537992824,0
yield_resumed,625,4924475538056914,0
consume_begin,626,4924475538059214,0
consume_end,626,4924475538059704,0
yield_resumed,626,4924475538115013,0
consume_begin,627,4924475538117343,0
consume_end,627,4924475538117733,0
yield_resumed,627,4924475538149793,0
consume_begin,628,4924475538151673,0
consume_end,628,4924475556670784,0
yield_resumed,628,4924475556711293,0
consume_begin,629,4924475556718453,0
consume_end,629,4924475556719653,0
yield_resumed,629,4924475556779383,0
consume_begin,630,4924475556782863,0
consume_end,630,4924475556783653,0
yield_resumed,630,4924475556853852,0
consume_begin,631,4924475556857462,0
consume_end,631,4924475577542037,0
yield_resumed,631,4924475577600926,0
consume_begin,632,4924475577606246,0
consume_end,632,4924475577606966,0
yield_resumed,632,4924475577672426,0
consume_begin,633,4924475577674936,0
consume_end,633,4924475577675416,0
yield_resumed,633,4924475577742245,0
consume_begin,634,4924475577744385,0
consume_end,634,4924475597383598,0
yield_resumed,634,4924475597428377,0
consume_begin,635,4924475597437147,0
consume_end,635,4924475597438177,0
yield_resumed,635,4924475597503747,0
consume_begin,636,4924475597505097,0
consume_end,636,4924475597505587,0
yield_resumed,636,4924475597574926,0
consume_begin,637,4924475597576666,0
consume_end,637,4924475616404385,0
yield_resumed,637,4924475616464564,0
consume_begin,638,4924475616470304,0
consume_end,638,4924475616471144,0
yield_resumed,638,4924475616538534,0
consume_begin,639,4924475616539974,0
consume_end,639,4924475616540464,0
yield_resumed,639,4924475616599253,0
consume_begin,640,4924475616601103,0
consume_end,640,4924475616601513,0
yield_resumed,640,4924475616642263,0
consume_begin,641,4924475616643313,0
consume_end,641,4924475634701967,0
yield_resumed,641,4924475634738487,0
consume_begin,642,4924475634742877,0
consume_end,642,4924475634743617,0
yield_resumed,642,4924475634796396,0
consume_begin,643,4924475634797966,0
consume_end,643,4924475634798446,0
yield_resumed,643,4924475634864226,0
consume_begin,644,4924475634866496,0
consume_end,644,4924475634866986,0
yield_resumed,644,4924475634946795,0
consume_begin,645,4924475634949385,0
consume_end,645,4924475652207615,0
yield_resumed,645,4924475652276745,0
consume_begin,646,4924475652285765,0
consume_end,646,4924475652286855,0
yield_resumed,646,4924475652348034,0
consume_begin,647,4924475652350484,0
consume_end,647,4924475652350974,0
yield_resumed,647,4924475652416864,0
consume_begin,648,4924475652419284,0
consume_end,648,4924475652419774,0
yield_resumed,648,4924475652469463,0
consume_begin,649,4924475652471153,0
consume_end,649,4924475668866050,0
yield_resumed,649,4924475668933669,0
consume_begin,650,4924475668941459,0
consume_end,650,4924475668942629,0
yield_resumed,650,4924475668992679,0
consume_begin,651,4924475668994869,0
consume_end,651,4924475668995439,0
yield_resumed,651,4924475669080948,0
consume_begin,652,4924475669083478,0
consume_end,652,4924475687379251,0
yield_resumed,652,4924475687431530,0
consume_begin,653,4924475687440000,0
consume_end,653,4924475687441040,0
yield_resumed,653,4924475687494690,0
consume_begin,654,4924475687498750,0
consume_end,654,4924475687499340,0
yield_resumed,654,4924475687570909,0
consume_begin,655,4924475687572669,0
consume_end,655,4924475705946501,0
yield_resumed,655,4924475705994131,0
consume_begin,656,4924475706007830,0
consume_end,656,4924475706008730,0
yield_resumed,656,4924475706050130,0
consume_begin,657,4924475706051860,0
consume_end,657,4924475706052270,0
yield_resumed,657,4924475706120990,0
consume_begin,658,4924475706124060,0
consume_end,658,4924475724716430,0
yield_resumed,658,4924475724774609,0
consume_begin,659,4924475724780469,0
consume_end,659,4924475724781189,0
yield_resumed,659,4924475724818409,0
consume_begin,660,4924475724819529,0
consume_end,660,4924475724819939,0
yield_resumed,660,4924475724874649,0
consume_begin,661,4924475724876579,0
consume_end,661,4924475744332382,0
yield_resumed,661,4924475744374672,0
consume_begin,662,4924475744380272,0
consume_end,662,4924475744381132,0
yield_resumed,662,4924475744442301,0
consume_begin,663,4924475744444691,0
consume_end,663,4924475763793416,0
yield_resumed,663,4924475763836886,0
consume_begin,664,4924475763846805,0
consume_end,664,4924475763847935,0
yield_resumed,664,4924475763928835,0
consume_begin,665,4924475763931485,0
consume_end,665,4924475763932135,0
yield_resumed,665,4924475764014544,0
consume_begin,666,4924475764016684,0
consume_end,666,4924475782196837,0
yield_resumed,666,4924475782268857,0
consume_begin,667,4924475782278657,0
consume_end,667,4924475782279537,0
yield_resumed,667,4924475782342766,0
consume_begin,668,4924475782347176,0
consume_end,668,4924475782347886,0
yield_resumed,668,4924475782420556,0
consume_begin,669,4924475782424716,0
consume_end,669,4924475802897052,0
yield_resumed,669,4924475802931061,0
consume_begin,670,4924475802939501,0
consume_end,670,4924475802940431,0
yield_resumed,670,4924475802986011,0
consume_begin,671,4924475802988631,0
consume_end,671,4924475802989141,0
yield_resumed,671,4924475803067250,0
consume_begin,672,4924475803070070,0
consume_end,672,4924475803070630,0
yield_resumed,672,4924475803120650,0
consume_begin,673,4924475803122910,0
consume_end,673,4924475823218269,0
yield_resumed,673,4924475823260059,0
consume_begin,674,4924475823267679,0
consume_end,674,4924475823268689,0
yield_resumed,674,4924475823321278,0
consume_begin,675,4924475823323788,0
consume_end,675,4924475823324608,0
yield_resumed,675,4924475823394758,0
consume_begin,676,4924475823397958,0
consume_end,676,4924475844632858,0
yield_resumed,676,4924475844716077,0
consume_begin,677,4924475844724597,0
consume_end,677,4924475844725517,0
yield_resumed,677,4924475844782897,0
consume_begin,678,4924475844785237,0
consume_end,678,4924475844785857,0
yield_resumed,678,4924475844824526,0
consume_begin,679,4924475844826026,0
consume_end,679,4924475844826636,0
yield_resumed,679,4924475844886376,0
consume_begin,680,4924475844888976,0
consume_end,680,4924475863358637,0
yield_resumed,680,4924475863392847,0
consume_begin,681,4924475863398337,0
consume_end,681,4924475863399197,0
yield_resumed,681,4924475863445156,0
consume_begin,682,4924475863446826,0
consume_end,682,4924475863447386,0
yield_resumed,682,4924475863488026,0
consume_begin,683,4924475863490106,0
consume_end,683,4924475880690427,0
yield_resumed,683,4924475880750956,0
consume_begin,684,4924475880760136,0
consume_end,684,4924475880761216,0
yield_resumed,684,4924475880838826,0
consume_begin,685,4924475880842075,0
consume_end,685,4924475880842665,0
yield_resumed,685,4924475880926005,0
consume_begin,686,4924475880928955,0
consume_end,686,4924475897867497,0
yield_resumed,686,4924475897922247,0
consume_begin,687,4924475897931077,0
consume_end,687,4924475897932227,0
yield_resumed,687,4924475897991756,0
consume_begin,688,4924475897993356,0
consume_end,688,4924475897993916,0
yield_resumed,688,4924475898064416,0
consume_begin,689,4924475898066086,0
consume_end,689,4924475915507265,0
yield_resumed,689,4924475915560434,0
consume_begin,690,4924475915568394,0
consume_end,690,4924475915569424,0
yield_resumed,690,4924475915635294,0
consume_begin,691,4924475915637404,0
consume_end,691,4924475915637914,0
yield_resumed,691,4924475915709323,0
consume_begin,692,4924475915711263,0
consume_end,692,4924475933495839,0
yield_resumed,692,4924475933537869,0
consume_begin,693,4924475933545029,0
consume_end,693,4924475933546059,0
yield_resumed,693,4924475933608598,0
consume_begin,694,4924475933611098,0
consume_end,694,4924475933612168,0
yield_resumed,694,4924475933686318,0
consume_begin,695,4924475933688518,0
consume_end,695,4924475949065722,0
yield_resumed,695,4924475949116442,0
consume_begin,696,4924475949123542,0
consume_end,696,4924475949124742,0
yield_resumed,696,4924475949186201,0
consume_begin,697,4924475949188651,0
consume_end,697,4924475949189171,0
yield_resumed,697,4924475949252661,0
consume_begin,698,4924475949254331,0
consume_end,698,4924475963364855,0
yield_resumed,698,4924475963417944,0
consume_begin,699,4924475963425354,0
consume_end,699,4924475963426424,0
yield_resumed,699,4924475963491264,0
consume_begin,700,4924475963493624,0
consume_end,700,4924475963494304,0
yield_resumed,700,4924475963563603,0
consume_begin,701,4924475963565953,0
consume_end,701,4924475984017329,0
yield_resumed,701,4924475984054979,0
consume_begin,702,4924475984063499,0
consume_end,702,4924475984064739,0
yield_resumed,702,4924475984125299,0
consume_begin,703,4924475984126838,0
consume_end,703,4924475984127398,0
yield_resumed,703,4924475984193888,0
consume_begin,704,4924475984197128,0
consume_end,704,4924476002462111,0
yield_resumed,704,4924476002523460,0
consume_begin,705,4924476002531450,0
consume_end,705,4924476002532550,0
yield_resumed,705,4924476002569030,0
consume_begin,706,4924476002570920,0
consume_end,706,4924476002571500,0
yield_resumed,706,4924476002650819,0
consume_begin,707,4924476002652519,0
consume_end,707,4924476022597679,0
yield_resumed,707,4924476022661719,0
consume_begin,708,4924476022670269,0
consume_end,708,4924476022672049,0
yield_resumed,708,4924476022725948,0
consume_begin,709,4924476022727988,0
consume_end,709,4924476022728618,0
yield_resumed,709,4924476022789098,0
consume_begin,710,4924476022790938,0
consume_end,710,4924476022791578,0
yield_resumed,710,4924476022864237,0
consume_begin,711,4924476022866537,0
consume_end,711,4924476022867367,0
yield_resumed,711,4924476022953527,0
consume_begin,712,4924476022955627,0
consume_end,712,4924476041009931,0
yield_resumed,712,4924476041091680,0
consume_begin,713,4924476041099810,0
consume_end,713,4924476041100810,0
yield_resumed,713,4924476041145670,0
consume_begin,714,4924476041147130,0
consume_end,714,4924476041147830,0
yield_resumed,714,4924476041213019,0
consume_begin,715,4924476041215949,0
consume_end,715,4924476058238101,0
yield_resumed,715,4924476058280501,0
consume_begin,716,4924476058288961,0
consume_end,716,4924476058290311,0
yield_resumed,716,4924476058337700,0
consume_begin,717,4924476058340000,0
consume_end,717,4924476058340670,0
yield_resumed,717,4924476058407640,0
consume_begin,718,4924476058409660,0
consume_end,718,4924476073303528,0
yield_resumed,718,4924476073370577,0
consume_begin,719,4924476073379127,0
consume_end,719,4924476073380177,0
yield_resumed,719,4924476073425527,0
consume_begin,720,4924476073427597,0
consume_end,720,4924476073428197,0
yield_resumed,720,4924476073494076,0
consume_begin,721,4924476073497066,0
consume_end,721,4924476086203381,0
yield_resumed,721,4924476086245300,0
consume_begin,722,4924476086252070,0
consume_end,722,4924476086252890,0
yield_resumed,722,4924476086307920,0
consume_begin,723,4924476086310960,0
consume_end,723,4924476086311390,0
yield_resumed,723,4924476086372439,0
consume_begin,724,4924476086374849,0
consume_end,724,4924476086375369,0
yield_resumed,724,4924476086412979,0
consume_begin,725,4924476086414689,0
consume_end,725,4924476100875100,0
yield_resumed,725,4924476100895340,0
consume_begin,726,4924476100901430,0
consume_end,726,4924476100902140,0
yield_resumed,726,4924476100940180,0
consume_begin,727,4924476100943220,0
consume_end,727,4924476100943750,0
yield_resumed,727,4924476101010629,0
consume_begin,728,4924476101013739,0
consume_end,728,4924476113770833,0
yield_resumed,728,4924476113807683,0
consume_begin,729,4924476113814333,0
consume_end,729,4924476113815483,0
yield_resumed,729,4924476113857063,0
consume_begin,730,4924476113860023,0
consume_end,730,4924476113860533,0
yield_resumed,730,4924476113926392,0
consume_begin,731,4924476113929372,0
consume_end,731,4924476130524347,0
yield_resumed,731,4924476130587417,0
consume_begin,732,4924476130593947,0
consume_end,732,4924476130594977,0
yield_resumed,732,4924476130658606,0
consume_begin,733,4924476130661286,0
consume_end,733,4924476130661736,0
yield_resumed,733,4924476130733816,0
consume_begin,734,4924476130736226,0
consume_end,734,4924476144335493,0
yield_resumed,734,4924476144384883,0
consume_begin,735,4924476144391113,0
consume_end,735,4924476144391953,0
yield_resumed,735,4924476144447913,0
consume_begin,736,4924476144450563,0
consume_end,736,4924476144451083,0
yield_resumed,736,4924476144518842,0
consume_begin,737,4924476144521542,0
consume_end,737,4924476161083607,0
yield_resumed,737,4924476161138267,0
consume_begin,738,4924476161144927,0
consume_end,738,4924476161145717,0
yield_resumed,738,4924476161200767,0
consume_begin,739,4924476161203337,0
consume_end,739,4924476161203787,0
yield_resumed,739,4924476161270746,0
consume_begin,740,4924476161272936,0
consume_end,740,4924476176179314,0
yield_resumed,740,4924476176213284,0
consume_begin,741,4924476176220644,0
consume_end,741,4924476176221664,0
yield_resumed,741,4924476176288623,0
consume_begin,742,4924476176290473,0
consume_end,742,4924476176291213,0
yield_resumed,742,4924476176356483,0
consume_begin,743,4924476176360233,0
consume_end,743,4924476191633288,0
yield_resumed,743,4924476191687277,0
consume_begin,744,4924476191697417,0
consume_end,744,4924476191698597,0
yield_resumed,744,4924476191747207,0
consume_begin,745,4924476191749627,0
consume_end,745,4924476206039459,0
yield_resumed,745,4924476206093489,0
consume_begin,746,4924476206101109,0
consume_end,746,4924476206102119,0
yield_resumed,746,4924476206143949,0
consume_begin,747,4924476206145559,0
consume_end,747,4924476206146189,0
yield_resumed,747,4924476206211018,0
consume_begin,748,4924476206212878,0
consume_end,748,4924476216376002,0
yield_resumed,748,4924476216422531,0
consume_begin,749,4924476216430761,0
consume_end,749,4924476216431821,0
yield_resumed,749,4924476216490251,0
consume_begin,750,4924476216492571,0
consume_end,750,4924476216493211,0
yield_resumed,750,4924476216536770,0
consume_begin,751,4924476216539070,0
consume_end,751,4924476234096248,0
yield_resumed,751,4924476234159608,0
consume_begin,752,4924476234168228,0
consume_end,752,4924476234169168,0
yield_resumed,752,4924476234215867,0
consume_begin,753,4924476234218197,0
consume_end,753,4924476234218937,0
yield_resumed,753,4924476234285007,0
consume_begin,754,4924476234288997,0
consume_end,754,4924476252067703,0
yield_resumed,754,4924476252114023,0
consume_begin,755,4924476252124343,0
consume_end,755,4924476252125493,0
yield_resumed,755,4924476252194032,0
consume_begin,756,4924476252196232,0
consume_end,756,4924476252196882,0
yield_resumed,756,4924476252242272,0
consume_begin,757,4924476252245472,0
consume_end,757,4924476270555394,0
yield_resumed,757,4924476270618654,0
consume_begin,758,4924476270627234,0
consume_end,758,4924476270628184,0
yield_resumed,758,4924476270670163,0
consume_begin,759,4924476270671853,0
consume_end,759,4924476270672463,0
yield_resumed,759,4924476270732383,0
consume_begin,760,4924476270734093,0
consume_end,760,4924476289322283,0
yield_resumed,760,4924476289360603,0
consume_begin,761,4924476289369743,0
consume_end,761,4924476289370813,0
yield_resumed,761,4924476289424382,0
consume_begin,762,4924476289426702,0
consume_end,762,4924476289427342,0
yield_resumed,762,4924476289483062,0
consume_begin,763,4924476289484902,0
consume_end,763,4924476308788296,0
yield_resumed,763,4924476308829936,0
consume_begin,764,4924476308837206,0
consume_end,764,4924476308838266,0
yield_resumed,764,4924476308893766,0
consume_begin,765,4924476308895616,0
consume_end,765,4924476308896226,0
yield_resumed,765,4924476308933525,0
consume_begin,766,4924476308935005,0
consume_end,766,4924476327270097,0
yield_resumed,766,4924476327306257,0
consume_begin,767,4924476327316127,0
consume_end,767,4924476327316967,0
yield_resumed,767,4924476327391886,0
consume_begin,768,4924476327393496,0
consume_end,768,4924476327394046,0
yield_resumed,768,4924476327458746,0
consume_begin,769,4924476327460486,0
consume_end,769,4924476327461106,0
yield_resumed,769,4924476327497896,0
consume_begin,770,4924476327499106,0
consume_end,770,4924476344413379,0
yield_resumed,770,4924476344468428,0
consume_begin,771,4924476344478668,0
consume_end,771,4924476344479738,0
yield_resumed,771,4924476344545217,0
consume_begin,772,4924476344547687,0
consume_end,772,4924476344548317,0
yield_resumed,772,4924476344642747,0
consume_begin,773,4924476344648567,0
consume_end,773,4924476363158847,0
yield_resumed,773,4924476363199017,0
consume_begin,774,4924476363208577,0
consume_end,774,4924476363209767,0
yield_resumed,774,4924476363279257,0
consume_begin,775,4924476363281197,0
consume_end,775,4924476363281896,0
yield_resumed,775,4924476363352846,0
consume_begin,776,4924476363354686,0
consume_end,776,4924476382149915,0
yield_resumed,776,4924476382186744,0
consume_begin,777,4924476382193214,0
consume_end,777,4924476382194044,0
yield_resumed,777,4924476382251254,0
consume_begin,778,4924476382253284,0
consume_end,778,4924476382253814,0
yield_resumed,778,4924476382324103,0
consume_begin,779,4924476382326193,0
consume_end,779,4924476382326733,0
yield_resumed,779,4924476382394413,0
consume_begin,780,4924476382396113,0
consume_end,780,4924476398386583,0
yield_resumed,780,4924476398412882,0
consume_begin,781,4924476398418562,0
consume_end,781,4924476398419392,0
yield_resumed,781,4924476398472302,0
consume_begin,782,4924476398474012,0
consume_end,782,4924476398474502,0
yield_resumed,782,4924476398537381,0
consume_begin,783,4924476398540281,0
consume_end,783,4924476415642853,0
yield_resumed,783,4924476415662823,0
consume_begin,784,4924476415669263,0
consume_end,784,4924476415670083,0
yield_resumed,784,4924476415703512,0
consume_begin,785,4924476415705812,0
consume_end,785,4924476415706362,0
yield_resumed,785,4924476415760702,0
consume_begin,786,4924476415763242,0
consume_end,786,4924476425041622,0
yield_resumed,786,4924476425090712,0
consume_begin,787,4924476425096902,0
consume_end,787,4924476425097812,0
yield_resumed,787,4924476425154441,0
consume_begin,788,4924476425156611,0
consume_end,788,4924476434192253,0
yield_resumed,788,4924476434236503,0
consume_begin,789,4924476434245343,0
consume_end,789,4924476434246413,0
yield_resumed,789,4924476434285453,0
consume_begin,790,4924476434287193,0
consume_end,790,4924476434287833,0
yield_resumed,790,4924476434351422,0
consume_begin,791,4924476434353542,0
consume_end,791,4924476443729361,0
yield_resumed,791,4924476443762811,0
consume_begin,792,4924476443771961,0
consume_end,792,4924476443773051,0
yield_resumed,792,4924476443812921,0
consume_begin,793,4924476443814401,0
consume_end,793,4924476443815031,0
yield_resumed,793,4924476443872670,0
consume_begin,794,4924476443874530,0
consume_end,794,4924476453377579,0
yield_resumed,794,4924476453434219,0
consume_begin,795,4924476453442809,0
consume_end,795,4924476453443869,0
yield_resumed,795,4924476453498398,0
consume_begin,796,4924476453500738,0
consume_end,796,4924476453501308,0
yield_resumed,796,4924476453565618,0
consume_begin,797,4924476453567888,0
consume_end,797,4924476462727219,0
yield_resumed,797,4924476462760158,0
consume_begin,798,4924476462768788,0
consume_end,798,4924476462769678,0
yield_resumed,798,4924476462828948,0
consume_begin,799,4924476462830738,0
consume_end,799,4924476462831378,0
yield_resumed,799,4924476462903877,0
consume_begin,800,4924476462905527,0
consume_end,800,4924476462906067,0
yield_resumed,800,4924476462948177,0
consume_begin,801,4924476462950097,0
consume_end,801,4924476472083668,0
yield_resumed,801,4924476472125358,0
consume_begin,802,4924476472131698,0
consume_end,802,4924476472132578,0
yield_resumed,802,4924476472187408,0
consume_begin,803,4924476472188878,0
consume_end,803,4924476472189368,0
yield_resumed,803,4924476472242367,0
consume_begin,804,4924476472243647,0
consume_end,804,4924476481719286,0
yield_resumed,804,4924476481750906,0
consume_begin,805,4924476481756756,0
consume_end,805,4924476481757456,0
yield_resumed,805,4924476481797405,0
consume_begin,806,4924476481798875,0
consume_end,806,4924476481799355,0
yield_resumed,806,4924476481851545,0
consume_begin,807,4924476481852845,0
consume_end,807,4924476481853335,0
yield_resumed,807,4924476481882475,0
consume_begin,808,4924476481883965,0
consume_end,808,4924476491564422,0
yield_resumed,808,4924476491611801,0
consume_begin,809,4924476491617491,0
consume_end,809,4924476491618331,0
yield_resumed,809,4924476491656001,0
consume_begin,810,4924476491657181,0
consume_end,810,4924476491657671,0
yield_resumed,810,4924476491706861,0
consume_begin,811,4924476491708331,0
consume_end,811,4924476501371118,0
yield_resumed,811,4924476501399528,0
consume_begin,812,4924476501409448,0
consume_end,812,4924476501410788,0
yield_resumed,812,4924476501457947,0
consume_begin,813,4924476501460197,0
consume_end,813,4924476501460847,0
yield_resumed,813,4924476501525837,0
consume_begin,814,4924476501527817,0
consume_end,814,4924476511913799,0
yield_resumed,814,4924476511945649,0
consume_begin,815,4924476511954058,0
consume_end,815,4924476511955128,0
yield_resumed,815,4924476512026458,0
consume_begin,816,4924476512028818,0
consume_end,816,4924476512029588,0
yield_resumed,816,4924476512091367,0
consume_begin,817,4924476512093647,0
consume_end,817,4924476521919593,0
yield_resumed,817,4924476521965803,0
consume_begin,818,4924476521972163,0
consume_end,818,4924476521973093,0
yield_resumed,818,4924476522034573,0
consume_begin,819,4924476522036043,0
consume_end,819,4924476522036613,0
yield_resumed,819,4924476522092772,0
consume_begin,820,4924476522094472,0
consume_end,820,4924476542091962,0
yield_resumed,820,4924476542152121,0
consume_begin,821,4924476542158651,0
consume_end,821,4924476542159771,0
yield_resumed,821,4924476542207361,0
consume_begin,822,4924476542210161,0
consume_end,822,4924476542210751,0
yield_resumed,822,4924476542268490,0
consume_begin,823,4924476542270420,0
consume_end,823,4924476542270900,0
yield_resumed,823,4924476542322880,0
consume_begin,824,4924476542324710,0
consume_end,824,4924476558075451,0
yield_resumed,824,4924476558133771,0
consume_begin,825,4924476558140161,0
consume_end,825,4924476558141181,0
yield_resumed,825,4924476558180181,0
consume_begin,826,4924476558182461,0
consume_end,826,4924476558183111,0
yield_resumed,826,4924476558245420,0
consume_begin,827,4924476558246950,0
consume_end,827,4924476574057021,0
yield_resumed,827,4924476574079021,0
consume_begin,828,4924476574086651,0
consume_end,828,4924476574087681,0
yield_resumed,828,4924476574120931,0
consume_begin,829,4924476574122701,0
consume_end,829,4924476574124001,0
yield_resumed,829,4924476574180850,0
consume_begin,830,4924476574182850,0
consume_end,830,4924476589939022,0
yield_resumed,830,4924476590010151,0
consume_begin,831,4924476590017391,0
consume_end,831,4924476590018301,0
yield_resumed,831,4924476590072571,0
consume_begin,832,4924476590073711,0
consume_end,832,4924476590074421,0
yield_resumed,832,4924476590116590,0
consume_begin,833,4924476590118020,0
consume_end,833,4924476590118520,0
yield_resumed,833,4924476590189190,0
consume_begin,834,4924476590191090,0
consume_end,834,4924476606557487,0
yield_resumed,834,4924476606597937,0
consume_begin,835,4924476606607437,0
consume_end,835,4924476606608486,0
yield_resumed,835,4924476606650326,0
consume_begin,836,4924476606653146,0
consume_end,836,4924476606653956,0
yield_resumed,836,4924476606717246,0
consume_begin,837,4924476606720406,0
consume_end,837,4924476622324178,0
yield_resumed,837,4924476622379678,0
consume_begin,838,4924476622388908,0
consume_end,838,4924476622389968,0
yield_resumed,838,4924476622431617,0
consume_begin,839,4924476622433597,0
consume_end,839,4924476622434207,0
yield_resumed,839,4924476622498567,0
consume_begin,840,4924476622500457,0
consume_end,840,4924476622501177,0
yield_resumed,840,4924476622564176,0
consume_begin,841,4924476622565656,0
consume_end,841,4924476634971143,0
yield_resumed,841,4924476635068572,0
consume_begin,842,4924476635078392,0
consume_end,842,4924476635079632,0
yield_resumed,842,4924476635118862,0
consume_begin,843,4924476635121482,0
consume_end,843,4924476635122492,0
yield_resumed,843,4924476635182742,0
consume_begin,844,4924476635185262,0
consume_end,844,4924476652538281,0
yield_resumed,844,4924476652600480,0
consume_begin,845,4924476652607060,0
consume_end,845,4924476652607900,0
yield_resumed,845,4924476652658220,0
consume_begin,846,4924476652659810,0
consume_end,846,4924476652660700,0
yield_resumed,846,4924476652706530,0
consume_begin,847,4924476652708570,0
consume_end,847,4924476652709450,0
yield_resumed,847,4924476652788149,0
consume_begin,848,4924476652791649,0
consume_end,848,4924476666435546,0
yield_resumed,848,4924476666494206,0
consume_begin,849,4924476666502346,0
consume_end,849,4924476666503716,0
yield_resumed,849,4924476666544406,0
consume_begin,850,4924476666546506,0
consume_end,850,4924476666547156,0
yield_resumed,850,4924476666613725,0
consume_begin,851,4924476666616995,0
consume_end,851,4924476681673842,0
yield_resumed,851,4924476681722271,0
consume_begin,852,4924476681733751,0
consume_end,852,4924476681734971,0
yield_resumed,852,4924476681768881,0
consume_begin,853,4924476681770351,0
consume_end,853,4924476681771021,0
yield_resumed,853,4924476681830381,0
consume_begin,854,4924476681832231,0
consume_end,854,4924476698140478,0
yield_resumed,854,4924476698195928,0
consume_begin,855,4924476698202078,0
consume_end,855,4924476698203438,0
yield_resumed,855,4924476698260727,0
consume_begin,856,4924476698262817,0
consume_end,856,4924476698263397,0
yield_resumed,856,4924476698322397,0
consume_begin,857,4924476698325307,0
consume_end,857,4924476710250137,0
yield_resumed,857,4924476710324206,0
consume_begin,858,4924476710335546,0
consume_end,858,4924476710336816,0
yield_resumed,858,4924476710404266,0
consume_begin,859,4924476710405916,0
consume_end,859,4924476710406476,0
yield_resumed,859,4924476710484675,0
consume_begin,860,4924476710488115,0
consume_end,860,4924476724018473,0
yield_resumed,860,4924476724084493,0
consume_begin,861,4924476724090913,0
consume_end,861,4924476724091813,0
yield_resumed,861,4924476724142672,0
consume_begin,862,4924476724144682,0
consume_end,862,4924476724145272,0
yield_resumed,862,4924476724211732,0
consume_begin,863,4924476724214182,0
consume_end,863,4924476735180979,0
yield_resumed,863,4924476735244529,0
consume_begin,864,4924476735255749,0
consume_end,864,4924476735256929,0
yield_resumed,864,4924476735302119,0
consume_begin,865,4924476735304139,0
consume_end,865,4924476735304809,0
yield_resumed,865,4924476735366508,0
consume_begin,866,4924476735369168,0
consume_end,866,4924476746222206,0
yield_resumed,866,4924476746299716,0
consume_begin,867,4924476746313796,0
consume_end,867,4924476746315146,0
yield_resumed,867,4924476746365355,0
consume_begin,868,4924476746367385,0
consume_end,868,4924476746368175,0
yield_resumed,868,4924476746430365,0
consume_begin,869,4924476746432415,0
consume_end,869,4924476760461469,0
yield_resumed,869,4924476760505129,0
consume_begin,870,4924476760513689,0
consume_end,870,4924476760514889,0
yield_resumed,870,4924476760567488,0
consume_begin,871,4924476760570518,0
consume_end,871,4924476760571378,0
yield_resumed,871,4924476760644588,0
consume_begin,872,4924476760646988,0
consume_end,872,4924476775110179,0
yield_resumed,872,4924476775149509,0
consume_begin,873,4924476775158469,0
consume_end,873,4924476775159919,0
yield_resumed,873,4924476775202228,0
consume_begin,874,4924476775204508,0
consume_end,874,4924476775205078,0
yield_resumed,874,4924476775273778,0
consume_begin,875,4924476775276498,0
consume_end,875,4924476790838891,0
yield_resumed,875,4924476790862881,0
consume_begin,876,4924476790872631,0
consume_end,876,4924476790874080,0
yield_resumed,876,4924476790924030,0
consume_begin,877,4924476790925990,0
consume_end,877,4924476790926750,0
yield_resumed,877,4924476790997060,0
consume_begin,878,4924476790999350,0
consume_end,878,4924476804859355,0
yield_resumed,878,4924476804928345,0
consume_begin,879,4924476804939885,0
consume_end,879,4924476804941095,0
yield_resumed,879,4924476805014424,0
consume_begin,880,4924476805017264,0
consume_end,880,4924476805018024,0
yield_resumed,880,4924476805090384,0
consume_begin,881,4924476805092623,0
consume_end,881,4924476817213822,0
yield_resumed,881,4924476817277492,0
consume_begin,882,4924476817287442,0
consume_end,882,4924476817288602,0
yield_resumed,882,4924476817331572,0
consume_begin,883,4924476817333472,0
consume_end,883,4924476817334062,0
yield_resumed,883,4924476817395901,0
consume_begin,884,4924476817398281,0
consume_end,884,4924476831597914,0
yield_resumed,884,4924476831638404,0
consume_begin,885,4924476831648074,0
consume_end,885,4924476831649244,0
yield_resumed,885,4924476831706023,0
consume_begin,886,4924476831707643,0
consume_end,886,4924476831708533,0
yield_resumed,886,4924476831764583,0
consume_begin,887,4924476831766773,0
consume_end,887,4924476846428313,0
yield_resumed,887,4924476846464572,0
consume_begin,888,4924476846474332,0
consume_end,888,4924476846475362,0
yield_resumed,888,4924476846514602,0
consume_begin,889,4924476846516332,0
consume_end,889,4924476846517152,0
yield_resumed,889,4924476846600071,0
consume_begin,890,4924476846602141,0
consume_end,890,4924476858442842,0
yield_resumed,890,4924476858478762,0
consume_begin,891,4924476858488632,0
consume_end,891,4924476858489832,0
yield_resumed,891,4924476858533172,0
consume_begin,892,4924476858534512,0
consume_end,892,4924476871017428,0
yield_resumed,892,4924476871087787,0
consume_begin,893,4924476871096407,0
consume_end,893,4924476871097497,0
yield_resumed,893,4924476871136017,0
consume_begin,894,4924476871138187,0
consume_end,894,4924476871138817,0
yield_resumed,894,4924476871217196,0
consume_begin,895,4924476871219646,0
consume_end,895,4924476886345212,0
yield_resumed,895,4924476886413752,0
consume_begin,896,4924476886422862,0
consume_end,896,4924476886423742,0
yield_resumed,896,4924476886482781,0
consume_begin,897,4924476886484441,0
consume_end,897,4924476886485281,0
yield_resumed,897,4924476886554891,0
consume_begin,898,4924476886557331,0
consume_end,898,4924476903992170,0
yield_resumed,898,4924476904043499,0
consume_begin,899,4924476904053919,0
consume_end,899,4924476904055129,0
yield_resumed,899,4924476904100369,0
consume_begin,900,4924476904102229,0
consume_end,900,4924476904102909,0
yield_resumed,900,4924476904180868,0
consume_begin,901,4924476904183438,0
consume_end,901,4924476920092559,0
yield_resumed,901,4924476920151528,0
consume_begin,902,4924476920161718,0
consume_end,902,4924476920163018,0
yield_resumed,902,4924476920208138,0
consume_begin,903,4924476920210578,0
consume_end,903,4924476920211468,0
yield_resumed,903,4924476920280327,0
consume_begin,904,4924476920282617,0
consume_end,904,4924476935289454,0
yield_resumed,904,4924476935347344,0
consume_begin,905,4924476935356524,0
consume_end,905,4924476935357754,0
yield_resumed,905,4924476935397534,0
consume_begin,906,4924476935400084,0
consume_end,906,4924476935400874,0
yield_resumed,906,4924476935465073,0
consume_begin,907,4924476935466823,0
consume_end,907,4924476952673304,0
yield_resumed,907,4924476952735943,0
consume_begin,908,4924476952746803,0
consume_end,908,4924476952747893,0
yield_resumed,908,4924476952789623,0
consume_begin,909,4924476952791413,0
consume_end,909,4924476952792063,0
yield_resumed,909,4924476952845732,0
consume_begin,910,4924476952847272,0
consume_end,910,4924476969220329,0
yield_resumed,910,4924476969254119,0
consume_begin,911,4924476969263699,0
consume_end,911,4924476969264529,0
yield_resumed,911,4924476969305469,0
consume_begin,912,4924476969307569,0
consume_end,912,4924476969308259,0
yield_resumed,912,4924476969386378,0
consume_begin,913,4924476969388288,0
consume_end,913,4924476983917429,0
yield_resumed,913,4924476983951138,0
consume_begin,914,4924476983959008,0
consume_end,914,4924476983960288,0
yield_resumed,914,4924476984013318,0
consume_begin,915,4924476984015008,0
consume_end,915,4924477000558723,0
yield_resumed,915,4924477000604903,0
consume_begin,916,4924477000613753,0
consume_end,916,4924477000614893,0
yield_resumed,916,4924477000657033,0
consume_begin,917,4924477000659133,0
consume_end,917,4924477000659813,0
yield_resumed,917,4924477000707412,0
consume_begin,918,4924477000710062,0
consume_end,918,4924477000710762,0
yield_resumed,918,4924477000775962,0
consume_begin,919,4924477000777462,0
consume_end,919,4924477019406302,0
yield_resumed,919,4924477019449011,0
consume_begin,920,4924477019459091,0
consume_end,920,4924477019460471,0
yield_resumed,920,4924477019509941,0
consume_begin,921,4924477019511781,0
consume_end,921,4924477019512621,0
yield_resumed,921,4924477019569871,0
consume_begin,922,4924477019571860,0
consume_end,922,4924477035499431,0
yield_resumed,922,4924477035556850,0
consume_begin,923,4924477035566630,0
consume_end,923,4924477035567990,0
yield_resumed,923,4924477035607310,0
consume_begin,924,4924477035609030,0
consume_end,924,4924477035609750,0
yield_resumed,924,4924477035684179,0
consume_begin,925,4924477035686979,0
consume_end,925,4924477052021496,0
yield_resumed,925,4924477052076596,0
consume_begin,926,4924477052085596,0
consume_end,926,4924477052086766,0
yield_resumed,926,4924477052132466,0
consume_begin,927,4924477052134036,0
consume_end,927,4924477052134746,0
yield_resumed,927,4924477052208685,0
consume_begin,928,4924477052210605,0
consume_end,928,4924477068389353,0
yield_resumed,928,4924477068449003,0
consume_begin,929,4924477068457573,0
consume_end,929,4924477068458643,0
yield_resumed,929,4924477068528582,0
consume_begin,930,4924477068531342,0
consume_end,930,4924477068531902,0
yield_resumed,930,4924477068600202,0
consume_begin,931,4924477068603002,0
consume_end,931,4924477089559144,0
yield_resumed,931,4924477089607944,0
consume_begin,932,4924477089617744,0
consume_end,932,4924477089619024,0
yield_resumed,932,4924477089665413,0
consume_begin,933,4924477089668663,0
consume_end,933,4924477089669423,0
yield_resumed,933,4924477089743333,0
consume_begin,934,4924477089746333,0
consume_end,934,4924477108687240,0
yield_resumed,934,4924477108742460,0
consume_begin,935,4924477108749090,0
consume_end,935,4924477108749940,0
yield_resumed,935,4924477108786159,0
consume_begin,936,4924477108788839,0
consume_end,936,4924477108789629,0
yield_resumed,936,4924477108845659,0
consume_begin,937,4924477108848279,0
consume_end,937,4924477123121202,0
yield_resumed,937,4924477123181921,0
consume_begin,938,4924477123188641,0
consume_end,938,4924477123189481,0
yield_resumed,938,4924477123244681,0
consume_begin,939,4924477123246801,0
consume_end,939,4924477123247431,0
yield_resumed,939,4924477123322160,0
consume_begin,940,4924477123325240,0
consume_end,940,4924477142043029,0
yield_resumed,940,4924477142078859,0
consume_begin,941,4924477142085679,0
consume_end,941,4924477142086789,0
yield_resumed,941,4924477142121869,0
consume_begin,942,4924477142124989,0
consume_end,942,4924477142125609,0
yield_resumed,942,4924477142187528,0
consume_begin,943,4924477142190908,0
consume_end,943,4924477159365349,0
yield_resumed,943,4924477159421868,0
consume_begin,944,4924477159429408,0
consume_end,944,4924477159430218,0
yield_resumed,944,4924477159459088,0
consume_begin,945,4924477159461408,0
consume_end,945,4924477159462048,0
yield_resumed,945,4924477159517418,0
consume_begin,946,4924477159519718,0
consume_end,946,4924477174774883,0
yield_resumed,946,4924477174848852,0
consume_begin,947,4924477174859632,0
consume_end,947,4924477174861092,0
yield_resumed,947,4924477174905752,0
consume_begin,948,4924477174908902,0
consume_end,948,4924477195254309,0
yield_resumed,948,4924477195295169,0
consume_begin,949,4924477195309119,0
consume_end,949,4924477195310649,0
yield_resumed,949,4924477195362258,0
consume_begin,950,4924477195364208,0
consume_end,950,4924477195364858,0
yield_resumed,950,4924477195430608,0
consume_begin,951,4924477195433468,0
consume_end,951,4924477216817917,0
yield_resumed,951,4924477216884876,0
consume_begin,952,4924477216894866,0
consume_end,952,4924477216896006,0
yield_resumed,952,4924477216939786,0
consume_begin,953,4924477216941486,0
consume_end,953,4924477216942336,0
yield_resumed,953,4924477217020915,0
consume_begin,954,4924477217024385,0
consume_end,954,4924477217025255,0
yield_resumed,954,4924477217092225,0
consume_begin,955,4924477217094795,0
consume_end,955,4924477238037387,0
yield_resumed,955,4924477238078667,0
consume_begin,956,4924477238085837,0
consume_end,956,4924477238086947,0
yield_resumed,956,4924477238123667,0
consume_begin,957,4924477238125337,0
consume_end,957,4924477238125887,0
yield_resumed,957,4924477238188676,0
consume_begin,958,4924477238191306,0
consume_end,958,4924477256778646,0
yield_resumed,958,4924477256839656,0
consume_begin,959,4924477256850326,0
consume_end,959,4924477256851916,0
yield_resumed,959,4924477256892506,0
consume_begin,960,4924477256895485,0
consume_end,960,4924477256896205,0
yield_resumed,960,4924477256962425,0
consume_begin,961,4924477256964845,0
consume_end,961,4924477275521805,0
yield_resumed,961,4924477275584105,0
consume_begin,962,4924477275591185,0
consume_end,962,4924477275592565,0
yield_resumed,962,4924477275629574,0
consume_begin,963,4924477275632324,0
consume_end,963,4924477275632884,0
yield_resumed,963,4924477275697264,0
consume_begin,964,4924477275700264,0
consume_end,964,4924477294617562,0
yield_resumed,964,4924477294653021,0
consume_begin,965,4924477294659651,0
consume_end,965,4924477294660521,0
yield_resumed,965,4924477294700291,0
consume_begin,966,4924477294703751,0
consume_end,966,4924477294704401,0
yield_resumed,966,4924477294782640,0
consume_begin,967,4924477294785180,0
consume_end,967,4924477294785750,0
yield_resumed,967,4924477294839780,0
consume_begin,968,4924477294842520,0
consume_end,968,4924477294843180,0
yield_resumed,968,4924477294913999,0
consume_begin,969,4924477294916429,0
consume_end,969,4924477311699893,0
yield_resumed,969,4924477311737393,0
consume_begin,970,4924477311749823,0
consume_end,970,4924477311750863,0
yield_resumed,970,4924477311792583,0
consume_begin,971,4924477311795873,0
consume_end,971,4924477311796613,0
yield_resumed,971,4924477311846312,0
consume_begin,972,4924477311850912,0
consume_end,972,4924477331069547,0
yield_resumed,972,4924477331135677,0
consume_begin,973,4924477331145927,0
consume_end,973,4924477331147337,0
yield_resumed,973,4924477331187807,0
consume_begin,974,4924477331191157,0
consume_end,974,4924477331191977,0
yield_resumed,974,4924477331265086,0
consume_begin,975,4924477331270096,0
consume_end,975,4924477348515456,0
yield_resumed,975,4924477348552016,0
consume_begin,976,4924477348563376,0
consume_end,976,4924477348564756,0
yield_resumed,976,4924477348608336,0
consume_begin,977,4924477348611766,0
consume_end,977,4924477348612466,0
yield_resumed,977,4924477348693135,0
consume_begin,978,4924477348697255,0
consume_end,978,4924477361921556,0
yield_resumed,978,4924477361950865,0
consume_begin,979,4924477361959595,0
consume_end,979,4924477361960815,0
yield_resumed,979,4924477361997245,0
consume_begin,980,4924477362006215,0
consume_end,980,4924477362007125,0
yield_resumed,980,4924477362069774,0
consume_begin,981,4924477362072254,0
consume_end,981,4924477378164543,0
yield_resumed,981,4924477378203003,0
consume_begin,982,4924477378213473,0
consume_end,982,4924477378214753,0
yield_resumed,982,4924477378255853,0
consume_begin,983,4924477378259573,0
consume_end,983,4924477378260353,0
yield_resumed,983,4924477378334402,0
consume_begin,984,4924477378338452,0
consume_end,984,4924477392676694,0
yield_resumed,984,4924477392710034,0
consume_begin,985,4924477392722054,0
consume_end,985,4924477392723214,0
yield_resumed,985,4924477392780923,0
consume_begin,986,4924477392785693,0
consume_end,986,4924477392786453,0
yield_resumed,986,4924477392860553,0
consume_begin,987,4924477392864423,0
consume_end,987,4924477411359784,0
yield_resumed,987,4924477411423603,0
consume_begin,988,4924477411435633,0
consume_end,988,4924477411437053,0
yield_resumed,988,4924477411479093,0
consume_begin,989,4924477411482963,0
consume_end,989,4924477411483793,0
yield_resumed,989,4924477411553962,0
consume_begin,990,4924477411558182,0
consume_end,990,4924477430017923,0
yield_resumed,990,4924477430085033,0
consume_begin,991,4924477430094913,0
consume_end,991,4924477430096133,0
yield_resumed,991,4924477430134062,0
consume_begin,992,4924477430138572,0
consume_end,992,4924477430139302,0
yield_resumed,992,4924477430211512,0
consume_begin,993,4924477430215852,0
consume_end,993,4924477445618866,0
yield_resumed,993,4924477445678796,0
consume_begin,994,4924477445687175,0
consume_end,994,4924477445688165,0
yield_resumed,994,4924477445727895,0
consume_begin,995,4924477445730685,0
consume_end,995,4924477445731345,0
yield_resumed,995,4924477445800325,0
consume_begin,996,4924477445803075,0
consume_end,996,4924477464100177,0
yield_resumed,996,4924477464162027,0
consume_begin,997,4924477464171986,0
consume_end,997,4924477464173136,0
yield_resumed,997,4924477464214046,0
consume_begin,998,4924477464218146,0
consume_end,998,4924477464219066,0
yield_resumed,998,4924477464290326,0
consume_begin,999,4924477464294136,0
consume_end,999,4924477485095569,0
yield_resumed,999,4924477485135889,0
consume_begin,1000,4924477485147849,0
consume_end,1000,4924477485149089,0
yield_resumed,1000,4924477485197498,0
consume_begin,1001,4924477485199288,0
consume_end,1001,4924477485200108,0
yield_resumed,1001,4924477485289948,0
consume_begin,1002,4924477485292678,0
consume_end,1002,4924477501495186,0
yield_resumed,1002,4924477501560905,0
consume_begin,1003,4924477501569495,0
consume_end,1003,4924477501570585,0
yield_resumed,1003,4924477501615125,0
consume_begin,1004,4924477501616465,0
consume_end,1004,4924477501617175,0
yield_resumed,1004,4924477501690044,0
consume_begin,1005,4924477501691224,0
consume_end,1005,4924477516738261,0
yield_resumed,1005,4924477516792461,0
consume_begin,1006,4924477516799681,0
consume_end,1006,4924477516800651,0
yield_resumed,1006,4924477516840440,0
consume_begin,1007,4924477516841890,0
consume_end,1007,4924477516842820,0
yield_resumed,1007,4924477516904760,0
consume_begin,1008,4924477516906250,0
consume_end,1008,4924477531669069,0
yield_resumed,1008,4924477531729978,0
consume_begin,1009,4924477531737488,0
consume_end,1009,4924477531738488,0
yield_resumed,1009,4924477531772418,0
consume_begin,1010,4924477531775088,0
consume_end,1010,4924477531775828,0
yield_resumed,1010,4924477531838748,0
consume_begin,1011,4924477531840788,0
consume_end,1011,4924477541382396,0
yield_resumed,1011,4924477541419995,0
consume_begin,1012,4924477541428905,0
consume_end,1012,4924477541430015,0
yield_resumed,1012,4924477541474045,0
consume_begin,1013,4924477541475365,0
consume_end,1013,4924477550701996,0
yield_resumed,1013,4924477550738776,0
consume_begin,1014,4924477550746255,0
consume_end,1014,4924477550747305,0
yield_resumed,1014,4924477550784205,0
consume_begin,1015,4924477550786345,0
consume_end,1015,4924477550787035,0
yield_resumed,1015,4924477550850015,0
consume_begin,1016,4924477550852765,0
consume_end,1016,4924477557692683,0
yield_resumed,1016,4924477557748893,0
consume_begin,1017,4924477557755823,0
consume_end,1017,4924477564421443,0
yield_resumed,1017,4924477564457882,0
consume_begin,1018,4924477564465972,0
consume_end,1018,4924477564467362,0
yield_resumed,1018,4924477564509712,0
consume_begin,1019,4924477564511782,0
consume_end,1019,4924477570831514,0
yield_resumed,1019,4924477570872154,0
consume_begin,1020,4924477570878904,0
consume_end,1020,4924477570879854,0
yield_resumed,1020,4924477570916604,0
consume_begin,1021,4924477570918594,0
consume_end,1021,4924477570919194,0
yield_resumed,1021,4924477570969293,0
consume_begin,1022,4924477570970643,0
consume_end,1022,4924477577419685,0
yield_resumed,1022,4924477577464224,0
consume_begin,1023,4924477577471504,0
consume_end,1023,4924477577472484,0
yield_resumed,1023,4924477577506334,0
consume_begin,1024,4924477577507824,0
consume_end,1024,4924477577508414,0
yield_resumed,1024,4924477577564484,0
consume_begin,1025,4924477577566084,0
consume_end,1025,4924477583676168,0
yield_resumed,1025,4924477583707528,0
consume_begin,1026,4924477583716457,0
consume_end,1026,4924477583717617,0
yield_resumed,1026,4924477583753817,0
consume_begin,1027,4924477583755327,0
consume_end,1027,4924477583755927,0
yield_resumed,1027,4924477583812157,0
consume_begin,1028,4924477583813367,0
consume_end,1028,4924477591994225,0
yield_resumed,1028,4924477592057575,0
consume_begin,1029,4924477592067175,0
consume_end,1029,4924477592067995,0
yield_resumed,1029,4924477592099864,0
consume_begin,1030,4924477592101434,0
consume_end,1030,4924477592102114,0
yield_resumed,1030,4924477592153484,0
consume_begin,1031,4924477592155234,0
consume_end,1031,4924477610391557,0
yield_resumed,1031,4924477610441246,0
consume_begin,1032,4924477610449136,0
consume_end,1032,4924477610450306,0
yield_resumed,1032,4924477610486396,0
consume_begin,1033,4924477610487696,0
consume_end,1033,4924477610488296,0
yield_resumed,1033,4924477610560886,0
consume_begin,1034,4924477610562776,0
consume_end,1034,4924477629368254,0
yield_resumed,1034,4924477629405264,0
consume_begin,1035,4924477629412724,0
consume_end,1035,4924477629413634,0
yield_resumed,1035,4924477629453023,0
consume_begin,1036,4924477629455163,0
consume_end,1036,4924477629455833,0
yield_resumed,1036,4924477629490203,0
consume_begin,1037,4924477629491593,0
consume_end,1037,4924477647647837,0
yield_resumed,1037,4924477647701646,0
consume_begin,1038,4924477647709546,0
consume_end,1038,4924477647710796,0
yield_resumed,1038,4924477647746156,0
consume_begin,1039,4924477647747936,0
consume_end,1039,4924477647748626,0
yield_resumed,1039,4924477647814795,0
consume_begin,1040,4924477647816555,0
consume_end,1040,4924477657395493,0
yield_resumed,1040,4924477657452193,0
consume_begin,1041,4924477657459413,0
consume_end,1041,4924477657460293,0
yield_resumed,1041,4924477657491553,0
consume_begin,1042,4924477657492933,0
consume_end,1042,4924477657493623,0
yield_resumed,1042,4924477657555602,0
consume_begin,1043,4924477657558012,0
consume_end,1043,4924477667253619,0
yield_resumed,1043,4924477667314789,0
consume_begin,1044,4924477667322859,0
consume_end,1044,4924477667323749,0
yield_resumed,1044,4924477667359908,0
consume_begin,1045,4924477667361538,0
consume_end,1045,4924477667362158,0
yield_resumed,1045,4924477667423848,0
consume_begin,1046,4924477667425838,0
consume_end,1046,4924477681829550,0
yield_resumed,1046,4924477681870849,0
consume_begin,1047,4924477681878299,0
consume_end,1047,4924477681879399,0
yield_resumed,1047,4924477681915209,0
consume_begin,1048,4924477681917589,0
consume_end,1048,4924477681918189,0
yield_resumed,1048,4924477681986128,0
consume_begin,1049,4924477681988068,0
consume_end,1049,4924477694858862,0
yield_resumed,1049,4924477694899411,0
consume_begin,1050,4924477694908061,0
consume_end,1050,4924477694909061,0
yield_resumed,1050,4924477694951891,0
consume_begin,1051,4924477694954471,0
consume_end,1051,4924477709358873,0
yield_resumed,1051,4924477709420132,0
consume_begin,1052,4924477709429252,0
consume_end,1052,4924477709430362,0
yield_resumed,1052,4924477709469432,0
consume_begin,1053,4924477709471462,0
consume_end,1053,4924477709472152,0
yield_resumed,1053,4924477709547221,0
consume_begin,1054,4924477709549021,0
consume_end,1054,4924477720724097,0
yield_resumed,1054,4924477720769097,0
consume_begin,1055,4924477720776567,0
consume_end,1055,4924477720777487,0
yield_resumed,1055,4924477720812906,0
consume_begin,1056,4924477720814716,0
consume_end,1056,4924477720815406,0
yield_resumed,1056,4924477720883886,0
consume_begin,1057,4924477720885236,0
consume_end,1057,4924477736358880,0
yield_resumed,1057,4924477736414669,0
consume_begin,1058,4924477736422169,0
consume_end,1058,4924477736423359,0
yield_resumed,1058,4924477736480719,0
consume_begin,1059,4924477736483449,0
consume_end,1059,4924477736484059,0
yield_resumed,1059,4924477736549228,0
consume_begin,1060,4924477736551168,0
consume_end,1060,4924477746318155,0
yield_resumed,1060,4924477746335954,0
consume_begin,1061,4924477746343624,0
consume_end,1061,4924477746344594,0
yield_resumed,1061,4924477746382654,0
consume_begin,1062,4924477746384764,0
consume_end,1062,4924477755607815,0
yield_resumed,1062,4924477755668354,0
consume_begin,1063,4924477755675814,0
consume_end,1063,4924477755676844,0
yield_resumed,1063,4924477755735364,0
consume_begin,1064,4924477755737224,0
consume_end,1064,4924477755737994,0
yield_resumed,1064,4924477755799073,0
consume_begin,1065,4924477755800553,0
consume_end,1065,4924477768482808,0
yield_resumed,1065,4924477768537768,0
consume_begin,1066,4924477768545427,0
consume_end,1066,4924477768546547,0
yield_resumed,1066,4924477768581457,0
consume_begin,1067,4924477768583807,0
consume_end,1067,4924477768584487,0
yield_resumed,1067,4924477768660517,0
consume_begin,1068,4924477768663087,0
consume_end,1068,4924477781358421,0
yield_resumed,1068,4924477781410131,0
consume_begin,1069,4924477781417301,0
consume_end,1069,4924477781418181,0
yield_resumed,1069,4924477781449390,0
consume_begin,1070,4924477781450810,0
consume_end,1070,4924477781451550,0
yield_resumed,1070,4924477781509850,0
consume_begin,1071,4924477781511480,0
consume_end,1071,4924477793645939,0
yield_resumed,1071,4924477793680888,0
consume_begin,1072,4924477793690638,0
consume_end,1072,4924477793691758,0
yield_resumed,1072,4924477793742778,0
consume_begin,1073,4924477793744428,0
consume_end,1073,4924477793745138,0
yield_resumed,1073,4924477793819627,0
consume_begin,1074,4924477793821807,0
consume_end,1074,4924477808432727,0
yield_resumed,1074,4924477808478517,0
consume_begin,1075,4924477808485847,0
consume_end,1075,4924477808486767,0
yield_resumed,1075,4924477808523067,0
consume_begin,1076,4924477808524787,0
consume_end,1076,4924477808525507,0
yield_resumed,1076,4924477808568036,0
consume_begin,1077,4924477808569446,0
consume_end,1077,4924477822785569,0
yield_resumed,1077,4924477822830459,0
consume_begin,1078,4924477822839049,0
consume_end,1078,4924477822840229,0
yield_resumed,1078,4924477822891049,0
consume_begin,1079,4924477822892729,0
consume_end,1079,4924477822893479,0
yield_resumed,1079,4924477822972838,0
consume_begin,1080,4924477822975638,0
consume_end,1080,4924477836182309,0
yield_resumed,1080,4924477836221398,0
consume_begin,1081,4924477836228798,0
consume_end,1081,4924477836229918,0
yield_resumed,1081,4924477836280648,0
consume_begin,1082,4924477836282698,0
consume_end,1082,4924477836283458,0
yield_resumed,1082,4924477836329118,0
consume_begin,1083,4924477836331028,0
consume_end,1083,4924477849235321,0
yield_resumed,1083,4924477849270400,0
consume_begin,1084,4924477849278080,0
consume_end,1084,4924477849278890,0
yield_resumed,1084,4924477849320970,0
consume_begin,1085,4924477849322590,0
consume_end,1085,4924477849323230,0
yield_resumed,1085,4924477849388309,0
consume_begin,1086,4924477849389859,0
consume_end,1086,4924477863441614,0
yield_resumed,1086,4924477863514443,0
consume_begin,1087,4924477863522753,0
consume_end,1087,4924477863523873,0
yield_resumed,1087,4924477863560333,0
consume_begin,1088,4924477863562863,0
consume_end,1088,4924477876920682,0
yield_resumed,1088,4924477876993922,0
consume_begin,1089,4924477877010882,0
consume_end,1089,4924477877011922,0
yield_resumed,1089,4924477877063411,0
consume_begin,1090,4924477877065441,0
consume_end,1090,4924477877066101,0
yield_resumed,1090,4924477877098301,0
consume_begin,1091,4924477877099991,0
consume_end,1091,4924477890421921,0
yield_resumed,1091,4924477890462501,0
consume_begin,1092,4924477890471030,0
consume_end,1092,4924477890471990,0
yield_resumed,1092,4924477890515720,0
consume_begin,1093,4924477890517270,0
consume_end,1093,4924477890518010,0
yield_resumed,1093,4924477890590960,0
consume_begin,1094,4924477890592430,0
consume_end,1094,4924477903843440,0
yield_resumed,1094,4924477903880540,0
consume_begin,1095,4924477903888270,0
consume_end,1095,4924477903889320,0
yield_resumed,1095,4924477903936729,0
consume_begin,1096,4924477903938899,0
consume_end,1096,4924477903939659,0
yield_resumed,1096,4924477904019389,0
consume_begin,1097,4924477904021349,0
consume_end,1097,4924477915770940,0
yield_resumed,1097,4924477915838440,0
consume_begin,1098,4924477915847510,0
consume_end,1098,4924477915848720,0
yield_resumed,1098,4924477915890229,0
consume_begin,1099,4924477915891589,0
consume_end,1099,4924477915892239,0
yield_resumed,1099,4924477915964319,0
consume_begin,1100,4924477915965949,0
consume_end,1100,4924477929812425,0
yield_resumed,1100,4924477929858464,0
consume_begin,1101,4924477929866814,0
consume_end,1101,4924477929867764,0
yield_resumed,1101,4924477929914014,0
consume_begin,1102,4924477929915714,0
consume_end,1102,4924477929916434,0
yield_resumed,1102,4924477929988853,0
consume_begin,1103,4924477929990633,0
consume_end,1103,4924477943318513,0
yield_resumed,1103,4924477943380992,0
consume_begin,1104,4924477943390102,0
consume_end,1104,4924477943391052,0
yield_resumed,1104,4924477943433922,0
consume_begin,1105,4924477943436082,0
consume_end,1105,4924477943436792,0
yield_resumed,1105,4924477943508741,0
consume_begin,1106,4924477943511001,0
consume_end,1106,4924477956486564,0
yield_resumed,1106,4924477956544604,0
consume_begin,1107,4924477956552433,0
consume_end,1107,4924477956553733,0
yield_resumed,1107,4924477956591603,0
consume_begin,1108,4924477956593383,0
consume_end,1108,4924477956594263,0
yield_resumed,1108,4924477956679573,0
consume_begin,1109,4924477956681003,0
consume_end,1109,4924477969315967,0
yield_resumed,1109,4924477969362397,0
consume_begin,1110,4924477969374377,0
consume_end,1110,4924477969376627,0
yield_resumed,1110,4924477969418847,0
consume_begin,1111,4924477969421187,0
consume_end,1111,4924477969422267,0
yield_resumed,1111,4924477969501796,0
consume_begin,1112,4924477969504486,0
consume_end,1112,4924477983008695,0
yield_resumed,1112,4924477983074554,0
consume_begin,1113,4924477983084294,0
consume_end,1113,4924477983085594,0
yield_resumed,1113,4924477983122504,0
consume_begin,1114,4924477983124644,0
consume_end,1114,4924477983125834,0
yield_resumed,1114,4924477983196763,0
consume_begin,1115,4924477983199463,0
consume_end,1115,4924477997158028,0
yield_resumed,1115,4924477997229318,0
consume_begin,1116,4924477997242867,0
consume_end,1116,4924477997244407,0
yield_resumed,1116,4924477997291877,0
consume_begin,1117,4924477997293627,0
consume_end,1117,4924477997294507,0
yield_resumed,1117,4924477997362047,0
consume_begin,1118,4924477997363917,0
consume_end,1118,4924478012898340,0
yield_resumed,1118,4924478012965579,0
consume_begin,1119,4924478012977489,0
consume_end,1119,4924478012978829,0
yield_resumed,1119,4924478013036339,0
consume_begin,1120,4924478013038579,0
consume_end,1120,4924478013039479,0
yield_resumed,1120,4924478013122648,0
consume_begin,1121,4924478013124568,0
consume_end,1121,4924478025154407,0
yield_resumed,1121,4924478025197937,0
consume_begin,1122,4924478025206497,0
consume_end,1122,4924478025207527,0
yield_resumed,1122,4924478025251057,0
consume_begin,1123,4924478025257017,0
consume_end,1123,4924478025257687,0
yield_resumed,1123,4924478025330116,0
consume_begin,1124,4924478025332816,0
consume_end,1124,4924478037869612,0
yield_resumed,1124,4924478037943271,0
consume_begin,1125,4924478037952661,0
consume_end,1125,4924478037954061,0
yield_resumed,1125,4924478037996391,0
consume_begin,1126,4924478037998101,0
consume_end,1126,4924478037998891,0
yield_resumed,1126,4924478038081110,0
consume_begin,1127,4924478038082720,0
consume_end,1127,4924478050728485,0
yield_resumed,1127,4924478050804355,0
consume_begin,1128,4924478050813544,0
consume_end,1128,4924478050814534,0
yield_resumed,1128,4924478050860904,0
consume_begin,1129,4924478050862544,0
consume_end,1129,4924478050863444,0
yield_resumed,1129,4924478050932304,0
consume_begin,1130,4924478050934374,0
consume_end,1130,4924478063852387,0
yield_resumed,1130,4924478063896256,0
consume_begin,1131,4924478063903976,0
consume_end,1131,4924478063904946,0
yield_resumed,1131,4924478063944686,0
consume_begin,1132,4924478063946486,0
consume_end,1132,4924478063947246,0
yield_resumed,1132,4924478064018155,0
consume_begin,1133,4924478064019755,0
consume_end,1133,4924478077858611,0
yield_resumed,1133,4924478077927151,0
consume_begin,1134,4924478077937271,0
consume_end,1134,4924478077938601,0
yield_resumed,1134,4924478077979060,0
consume_begin,1135,4924478077981260,0
consume_end,1135,4924478077982200,0
yield_resumed,1135,4924478078052490,0
consume_begin,1136,4924478078054700,0
consume_end,1136,4924478094809084,0
yield_resumed,1136,4924478094884223,0
consume_begin,1137,4924478094895263,0
consume_end,1137,4924478094896843,0
yield_resumed,1137,4924478094937013,0
consume_begin,1138,4924478094939093,0
consume_end,1138,4924478094939983,0
yield_resumed,1138,4924478095382299,0
consume_begin,1139,4924478095385529,0
consume_end,1139,4924478113302065,0
yield_resumed,1139,4924478113362554,0
consume_begin,1140,4924478113370624,0
consume_end,1140,4924478113371714,0
yield_resumed,1140,4924478113407144,0
consume_begin,1141,4924478113410024,0
consume_end,1141,4924478113410704,0
yield_resumed,1141,4924478113475703,0
consume_begin,1142,4924478113479113,0
consume_end,1142,4924478130114088,0
yield_resumed,1142,4924478130149678,0
consume_begin,1143,4924478130157238,0
consume_end,1143,4924478130158208,0
yield_resumed,1143,4924478130196378,0
consume_begin,1144,4924478130199048,0
consume_end,1144,4924478130199738,0
yield_resumed,1144,4924478130234017,0
consume_begin,1145,4924478130236207,0
consume_end,1145,4924478130236987,0
yield_resumed,1145,4924478130295957,0
consume_begin,1146,4924478130297457,0
consume_end,1146,4924478146536095,0
yield_resumed,1146,4924478146577174,0
consume_begin,1147,4924478146587014,0
consume_end,1147,4924478146588124,0
yield_resumed,1147,4924478146630764,0
consume_begin,1148,4924478146633844,0
consume_end,1148,4924478162585924,0
yield_resumed,1148,4924478162652863,0
consume_begin,1149,4924478162662783,0
consume_end,1149,4924478162664053,0
yield_resumed,1149,4924478162720433,0
consume_begin,1150,4924478162723453,0
consume_end,1150,4924478162724223,0
yield_resumed,1150,4924478162791042,0
consume_begin,1151,4924478162792882,0
consume_end,1151,4924478178763662,0
yield_resumed,1151,4924478178821482,0
consume_begin,1152,4924478178830522,0
consume_end,1152,4924478178831562,0
yield_resumed,1152,4924478178874211,0
consume_begin,1153,4924478178877031,0
consume_end,1153,4924478178877791,0
yield_resumed,1153,4924478178974311,0
consume_begin,1154,4924478178977951,0
consume_end,1154,4924478178978641,0
yield_resumed,1154,4924478179075160,0
consume_begin,1155,4924478179077670,0
consume_end,1155,4924478196517509,0
yield_resumed,1155,4924478196555879,0
consume_begin,1156,4924478196565518,0
consume_end,1156,4924478196566498,0
yield_resumed,1156,4924478196613778,0
consume_begin,1157,4924478196615428,0
consume_end,1157,4924478196616228,0
yield_resumed,1157,4924478196689268,0
consume_begin,1158,4924478196693197,0
consume_end,1158,4924478196693987,0
yield_resumed,1158,4924478196772077,0
consume_begin,1159,4924478196774377,0
consume_end,1159,4924478213224093,0
yield_resumed,1159,4924478213257633,0
consume_begin,1160,4924478213266043,0
consume_end,1160,4924478213267123,0
yield_resumed,1160,4924478213306682,0
consume_begin,1161,4924478213308452,0
consume_end,1161,4924478213309202,0
yield_resumed,1161,4924478213372272,0
consume_begin,1162,4924478213376542,0
consume_end,1162,4924478225608700,0
yield_resumed,1162,4924478225647840,0
consume_begin,1163,4924478225660520,0
consume_end,1163,4924478225662420,0
yield_resumed,1163,4924478225707199,0
consume_begin,1164,4924478225709609,0
consume_end,1164,4924478241324522,0
yield_resumed,1164,4924478241363081,0
consume_begin,1165,4924478241371991,0
consume_end,1165,4924478241373051,0
yield_resumed,1165,4924478241419891,0
consume_begin,1166,4924478241422251,0
consume_end,1166,4924478241423011,0
yield_resumed,1166,4924478241491171,0
consume_begin,1167,4924478241492640,0
consume_end,1167,4924478241493330,0
yield_resumed,1167,4924478241536010,0
consume_begin,1168,4924478241538970,0
consume_end,1168,4924478241539650,0
yield_resumed,1168,4924478241614510,0
consume_begin,1169,4924478241616280,0
consume_end,1169,4924478261737418,0
yield_resumed,1169,4924478261803718,0
consume_begin,1170,4924478261813988,0
consume_end,1170,4924478261815268,0
yield_resumed,1170,4924478261855547,0
consume_begin,1171,4924478261859097,0
consume_end,1171,4924478261859967,0
yield_resumed,1171,4924478261926007,0
consume_begin,1172,4924478261929177,0
consume_end,1172,4924478278707251,0
yield_resumed,1172,4924478278739880,0
consume_begin,1173,4924478278747870,0
consume_end,1173,4924478278748990,0
yield_resumed,1173,4924478278787420,0
consume_begin,1174,4924478278790200,0
consume_end,1174,4924478278790900,0
yield_resumed,1174,4924478278850899,0
consume_begin,1175,4924478278852809,0
consume_end,1175,4924478296110480,0
yield_resumed,1175,4924478296164819,0
consume_begin,1176,4924478296174119,0
consume_end,1176,4924478296175519,0
yield_resumed,1176,4924478296211379,0
consume_begin,1177,4924478296213459,0
consume_end,1177,4924478296214229,0
yield_resumed,1177,4924478296272779,0
consume_begin,1178,4924478296275638,0
consume_end,1178,4924478317141012,0
yield_resumed,1178,4924478317176971,0
consume_begin,1179,4924478317185551,0
consume_end,1179,4924478317186551,0
yield_resumed,1179,4924478317229311,0
consume_begin,1180,4924478317231701,0
consume_end,1180,4924478317232591,0
yield_resumed,1180,4924478317299230,0
consume_begin,1181,4924478317302560,0
consume_end,1181,4924478339124246,0
yield_resumed,1181,4924478339183246,0
consume_begin,1182,4924478339195496,0
consume_end,1182,4924478339196976,0
yield_resumed,1182,4924478339242665,0
consume_begin,1183,4924478339245845,0
consume_end,1183,4924478339246915,0
yield_resumed,1183,4924478339321235,0
consume_begin,1184,4924478339325215,0
consume_end,1184,4924478362672389,0
yield_resumed,1184,4924478362730439,0
consume_begin,1185,4924478362739089,0
consume_end,1185,4924478362740099,0
yield_resumed,1185,4924478362775218,0
consume_begin,1186,4924478362777908,0
consume_end,1186,4924478362778698,0
yield_resumed,1186,4924478362853178,0
consume_begin,1187,4924478362856648,0
consume_end,1187,4924478384254307,0
yield_resumed,1187,4924478384292557,0
consume_begin,1188,4924478384301447,0
consume_end,1188,4924478384302506,0
yield_resumed,1188,4924478384346336,0
consume_begin,1189,4924478384348986,0
consume_end,1189,4924478384349816,0
yield_resumed,1189,4924478384430266,0
consume_begin,1190,4924478384432966,0
consume_end,1190,4924478407088015,0
yield_resumed,1190,4924478407128165,0
consume_begin,1191,4924478407138975,0
consume_end,1191,4924478407140125,0
yield_resumed,1191,4924478407183994,0
consume_begin,1192,4924478407187364,0
consume_end,1192,4924478407188334,0
yield_resumed,1192,4924478407264594,0
consume_begin,1193,4924478407268874,0
consume_end,1193,4924478407269814,0
yield_resumed,1193,4924478407325833,0
consume_begin,1194,4924478407328393,0
consume_end,1194,4924478407329233,0
yield_resumed,1194,4924478407421693,0
consume_begin,1195,4924478407424733,0
consume_end,1195,4924478430987405,0
yield_resumed,1195,4924478431059125,0
consume_begin,1196,4924478431069175,0
consume_end,1196,4924478431070695,0
yield_resumed,1196,4924478431109034,0
consume_begin,1197,4924478431112184,0
consume_end,1197,4924478431113054,0
yield_resumed,1197,4924478431173344,0
consume_begin,1198,4924478431177174,0
consume_end,1198,4924478453952793,0
yield_resumed,1198,4924478454032532,0
consume_begin,1199,4924478454045472,0
consume_end,1199,4924478454046752,0
yield_resumed,1199,4924478454088352,0
consume_begin,1200,4924478454091582,0
consume_end,1200,4924478454092522,0
yield_resumed,1200,4924478454154891,0
consume_begin,1201,4924478454157881,0
consume_end,1201,4924478476966510,0
yield_resumed,1201,4924478477040209,0
consume_begin,1202,4924478477051899,0
consume_end,1202,4924478477053349,0
yield_resumed,1202,4924478477090859,0
consume_begin,1203,4924478477094119,0
consume_end,1203,4924478477095029,0
yield_resumed,1203,4924478477172608,0
consume_begin,1204,4924478477177018,0
consume_end,1204,4924478477178098,0
yield_resumed,1204,4924478477262817,0
consume_begin,1205,4924478477268317,0
consume_end,1205,4924478477269177,0
yield_resumed,1205,4924478477353347,0
consume_begin,1206,4924478477355967,0
consume_end,1206,4924478499891587,0
yield_resumed,1206,4924478499957367,0
consume_begin,1207,4924478499966857,0
consume_end,1207,4924478499968197,0
yield_resumed,1207,4924478500013056,0
consume_begin,1208,4924478500015286,0
consume_end,1208,4924478500016136,0
yield_resumed,1208,4924478500081136,0
consume_begin,1209,4924478500084366,0
consume_end,1209,4924478522913764,0
yield_resumed,1209,4924478522972474,0
consume_begin,1210,4924478522982794,0
consume_end,1210,4924478522983874,0
yield_resumed,1210,4924478523029013,0
consume_begin,1211,4924478523032253,0
consume_end,1211,4924478523033073,0
yield_resumed,1211,4924478523101963,0
consume_begin,1212,4924478523104843,0
consume_end,1212,4924478545924761,0
yield_resumed,1212,4924478546010000,0
consume_begin,1213,4924478546025240,0
consume_end,1213,4924478546026790,0
yield_resumed,1213,4924478546074340,0
consume_begin,1214,4924478546077360,0
consume_end,1214,4924478546078310,0
yield_resumed,1214,4924478546174669,0
consume_begin,1215,4924478546179159,0
consume_end,1215,4924478569373685,0
yield_resumed,1215,4924478569441344,0
consume_begin,1216,4924478569450424,0
consume_end,1216,4924478569451444,0
yield_resumed,1216,4924478569488134,0
consume_begin,1217,4924478569491404,0
consume_end,1217,4924478569492164,0
yield_resumed,1217,4924478569551203,0
consume_begin,1218,4924478569554453,0
consume_end,1218,4924478569555173,0
yield_resumed,1218,4924478569610543,0
consume_begin,1219,4924478569612283,0
consume_end,1219,4924478569613013,0
yield_resumed,1219,4924478569666532,0
consume_begin,1220,4924478569668882,0
consume_end,1220,4924478593170756,0
yield_resumed,1220,4924478593230935,0
consume_begin,1221,4924478593240765,0
consume_end,1221,4924478593241825,0
yield_resumed,1221,4924478593279075,0
consume_begin,1222,4924478593282765,0
consume_end,1222,4924478593283635,0
yield_resumed,1222,4924478593349064,0
consume_begin,1223,4924478593352454,0
consume_end,1223,4924478613895830,0
yield_resumed,1223,4924478613951269,0
consume_begin,1224,4924478613960759,0
consume_end,1224,4924478613961889,0
yield_resumed,1224,4924478613995239,0
consume_begin,1225,4924478613997899,0
consume_end,1225,4924478613998689,0
yield_resumed,1225,4924478614066929,0
consume_begin,1226,4924478614070799,0
consume_end,1226,4924478634530525,0
yield_resumed,1226,4924478634592374,0
consume_begin,1227,4924478634602944,0
consume_end,1227,4924478634603984,0
yield_resumed,1227,4924478634664434,0
consume_begin,1228,4924478634667054,0
consume_end,1228,4924478634667894,0
yield_resumed,1228,4924478634735013,0
consume_begin,1229,4924478634739323,0
consume_end,1229,4924478657685581,0
yield_resumed,1229,4924478657750660,0
consume_begin,1230,4924478657762850,0
consume_end,1230,4924478657764150,0
yield_resumed,1230,4924478657807430,0
consume_begin,1231,4924478657811570,0
consume_end,1231,4924478657812470,0
yield_resumed,1231,4924478657884929,0
consume_begin,1232,4924478657889039,0
consume_end,1232,4924478679956873,0
yield_resumed,1232,4924478679994733,0
consume_begin,1233,4924478680017253,0
consume_end,1233,4924478680019173,0
yield_resumed,1233,4924478680067772,0
consume_begin,1234,4924478680071062,0
consume_end,1234,4924478680071992,0
yield_resumed,1234,4924478680184791,0
consume_begin,1235,4924478680188831,0
consume_end,1235,4924478703207058,0
yield_resumed,1235,4924478703268418,0
consume_begin,1236,4924478703281558,0
consume_end,1236,4924478703283088,0
yield_resumed,1236,4924478703319387,0
consume_begin,1237,4924478703323267,0
consume_end,1237,4924478703324397,0
yield_resumed,1237,4924478703404407,0
consume_begin,1238,4924478703408317,0
consume_end,1238,4924478703409457,0
yield_resumed,1238,4924478703494376,0
consume_begin,1239,4924478703498266,0
consume_end,1239,4924478703499416,0
yield_resumed,1239,4924478703580585,0
consume_begin,1240,4924478703583525,0
consume_end,1240,4924478724332269,0
yield_resumed,1240,4924478724366399,0
consume_begin,1241,4924478724379099,0
consume_end,1241,4924478724380539,0
yield_resumed,1241,4924478724432369,0
consume_begin,1242,4924478724437209,0
consume_end,1242,4924478724438279,0
yield_resumed,1242,4924478724522578,0
consume_begin,1243,4924478724526048,0
consume_end,1243,4924478744493078,0
yield_resumed,1243,4924478744557107,0
consume_begin,1244,4924478744572467,0
consume_end,1244,4924478744574297,0
yield_resumed,1244,4924478744611157,0
consume_begin,1245,4924478744615177,0
consume_end,1245,4924478744616407,0
yield_resumed,1245,4924478744688396,0
consume_begin,1246,4924478744693136,0
consume_end,1246,4924478766181235,0
yield_resumed,1246,4924478766223594,0
consume_begin,1247,4924478766236074,0
consume_end,1247,4924478766237744,0
yield_resumed,1247,4924478766289514,0
consume_begin,1248,4924478766293434,0
consume_end,1248,4924478766294384,0
yield_resumed,1248,4924478766385373,0
consume_begin,1249,4924478766389843,0
consume_end,1249,4924478788604456,0
yield_resumed,1249,4924478788644526,0
consume_begin,1250,4924478788652876,0
consume_end,1250,4924478788653946,0
yield_resumed,1250,4924478788687895,0
consume_begin,1251,4924478788690245,0
consume_end,1251,4924478788691085,0
yield_resumed,1251,4924478788720935,0
consume_begin,1252,4924478788723875,0
consume_end,1252,4924478810588401,0
yield_resumed,1252,4924478810644490,0
consume_begin,1253,4924478810656610,0
consume_end,1253,4924478810658430,0
yield_resumed,1253,4924478810698330,0
consume_begin,1254,4924478810701730,0
consume_end,1254,4924478810702770,0
yield_resumed,1254,4924478810769799,0
consume_begin,1255,4924478810773209,0
consume_end,1255,4924478810774139,0
yield_resumed,1255,4924478810871529,0
consume_begin,1256,4924478810874929,0
consume_end,1256,4924478833085161,0
yield_resumed,1256,4924478833123491,0
consume_begin,1257,4924478833132331,0
consume_end,1257,4924478833133691,0
yield_resumed,1257,4924478833172241,0
consume_begin,1258,4924478833175381,0
consume_end,1258,4924478833176321,0
yield_resumed,1258,4924478833239830,0
consume_begin,1259,4924478833242880,0
consume_end,1259,4924478833243610,0
yield_resumed,1259,4924478833288880,0
consume_begin,1260,4924478833291300,0
consume_end,1260,4924478854631520,0
yield_resumed,1260,4924478854668269,0
consume_begin,1261,4924478854677759,0
consume_end,1261,4924478854678859,0
yield_resumed,1261,4924478854719429,0
consume_begin,1262,4924478854722569,0
consume_end,1262,4924478854723409,0
yield_resumed,1262,4924478854792018,0
consume_begin,1263,4924478854795848,0
consume_end,1263,4924478873278999,0
yield_resumed,1263,4924478873316909,0
consume_begin,1264,4924478873324669,0
consume_end,1264,4924478873325749,0
yield_resumed,1264,4924478873364979,0
consume_begin,1265,4924478873368049,0
consume_end,1265,4924478873368869,0
yield_resumed,1265,4924478873431138,0
consume_begin,1266,4924478873433398,0
consume_end,1266,4924478889753795,0
yield_resumed,1266,4924478889788025,0
consume_begin,1267,4924478889799185,0
consume_end,1267,4924478889800485,0
yield_resumed,1267,4924478889849695,0
consume_begin,1268,4924478889853095,0
consume_end,1268,4924478889854005,0
yield_resumed,1268,4924478889919274,0
consume_begin,1269,4924478889922184,0
consume_end,1269,4924478908315466,0
yield_resumed,1269,4924478908358645,0
consume_begin,1270,4924478908367285,0
consume_end,1270,4924478908368705,0
yield_resumed,1270,4924478908405045,0
consume_begin,1271,4924478908407925,0
consume_end,1271,4924478908408705,0
yield_resumed,1271,4924478908468085,0
consume_begin,1272,4924478908470655,0
consume_end,1272,4924478929019890,0
yield_resumed,1272,4924478929056170,0
consume_begin,1273,4924478929068360,0
consume_end,1273,4924478929069490,0
yield_resumed,1273,4924478929112069,0
consume_begin,1274,4924478929114819,0
consume_end,1274,4924478929115739,0
yield_resumed,1274,4924478929187829,0
consume_begin,1275,4924478929190619,0
consume_end,1275,4924478947950528,0
yield_resumed,1275,4924478947986388,0
consume_begin,1276,4924478947996207,0
consume_end,1276,4924478947997517,0
yield_resumed,1276,4924478948044077,0
consume_begin,1277,4924478948046847,0
consume_end,1277,4924478948047757,0
yield_resumed,1277,4924478948107097,0
consume_begin,1278,4924478948110347,0
consume_end,1278,4924478968247215,0
yield_resumed,1278,4924478968289105,0
consume_begin,1279,4924478968299735,0
consume_end,1279,4924478968300905,0
yield_resumed,1279,4924478968343564,0
consume_begin,1280,4924478968346984,0
consume_end,1280,4924478968347804,0
yield_resumed,1280,4924478968411404,0
consume_begin,1281,4924478968413844,0
consume_end,1281,4924478987437111,0
yield_resumed,1281,4924478987470321,0
consume_begin,1282,4924478987479230,0
consume_end,1282,4924478987480460,0
yield_resumed,1282,4924478987528730,0
consume_begin,1283,4924478987532220,0
consume_end,1283,4924478987532970,0
yield_resumed,1283,4924478987597490,0
consume_begin,1284,4924478987600620,0
consume_end,1284,4924479005752563,0
yield_resumed,1284,4924479005860532,0
consume_begin,1285,4924479005875512,0
consume_end,1285,4924479005876592,0
yield_resumed,1285,4924479005909042,0
consume_begin,1286,4924479005911692,0
consume_end,1286,4924479005912532,0
yield_resumed,1286,4924479005976541,0
consume_begin,1287,4924479005979031,0
consume_end,1287,4924479026297389,0
yield_resumed,1287,4924479026354728,0
consume_begin,1288,4924479026363568,0
consume_end,1288,4924479026364658,0
yield_resumed,1288,4924479026395648,0
consume_begin,1289,4924479026398418,0
consume_end,1289,4924479026399248,0
yield_resumed,1289,4924479026459117,0
consume_begin,1290,4924479026461707,0
consume_end,1290,4924479046476017,0
yield_resumed,1290,4924479046523276,0
consume_begin,1291,4924479046531716,0
consume_end,1291,4924479046532846,0
yield_resumed,1291,4924479046565496,0
consume_begin,1292,4924479046568846,0
consume_end,1292,4924479046569696,0
yield_resumed,1292,4924479046625576,0
consume_begin,1293,4924479046628976,0
consume_end,1293,4924479046629976,0
yield_resumed,1293,4924479046678395,0
consume_begin,1294,4924479046682545,0
consume_end,1294,4924479067888956,0
yield_resumed,1294,4924479067949075,0
consume_begin,1295,4924479067961215,0
consume_end,1295,4924479067962625,0
yield_resumed,1295,4924479067998615,0
consume_begin,1296,4924479068009945,0
consume_end,1296,4924479068011035,0
yield_resumed,1296,4924479068105404,0
consume_begin,1297,4924479068109244,0
consume_end,1297,4924479088080394,0
yield_resumed,1297,4924479088162673,0
consume_begin,1298,4924479088173543,0
consume_end,1298,4924479088174793,0
yield_resumed,1298,4924479088209623,0
consume_begin,1299,4924479088212503,0
consume_end,1299,4924479088213383,0
yield_resumed,1299,4924479088276112,0
consume_begin,1300,4924479088278982,0
consume_end,1300,4924479104860728,0
yield_resumed,1300,4924479104910828,0
consume_begin,1301,4924479104919767,0
consume_end,1301,4924479104920907,0
yield_resumed,1301,4924479104951617,0
consume_begin,1302,4924479104954087,0
consume_end,1302,4924479104954927,0
yield_resumed,1302,4924479105037507,0
consume_begin,1303,4924479105040487,0
consume_end,1303,4924479125015866,0
yield_resumed,1303,4924479125074736,0
consume_begin,1304,4924479125083556,0
consume_end,1304,4924479125084656,0
yield_resumed,1304,4924479125119925,0
consume_begin,1305,4924479125123065,0
consume_end,1305,4924479125123955,0
yield_resumed,1305,4924479125189145,0
consume_begin,1306,4924479125193035,0
consume_end,1306,4924479147521617,0
yield_resumed,1306,4924479147593796,0
consume_begin,1307,4924479147608466,0
consume_end,1307,4924479147610066,0
yield_resumed,1307,4924479147648736,0
consume_begin,1308,4924479147651666,0
consume_end,1308,4924479147652696,0
yield_resumed,1308,4924479147731885,0
consume_begin,1309,4924479147736205,0
consume_end,1309,4924479147737135,0
yield_resumed,1309,4924479147826565,0
consume_begin,1310,4924479147829955,0
consume_end,1310,4924479168448840,0
yield_resumed,1310,4924479168490279,0
consume_begin,1311,4924479168503459,0
consume_end,1311,4924479168505009,0
yield_resumed,1311,4924479168551189,0
consume_begin,1312,4924479168554909,0
consume_end,1312,4924479168555949,0
yield_resumed,1312,4924479168622898,0
consume_begin,1313,4924479168626558,0
consume_end,1313,4924479182984080,0
yield_resumed,1313,4924479183031810,0
consume_begin,1314,4924479183041150,0
consume_end,1314,4924479183042330,0
yield_resumed,1314,4924479183084280,0
consume_begin,1315,4924479183086970,0
consume_end,1315,4924479195307378,0
yield_resumed,1315,4924479195343977,0
consume_begin,1316,4924479195354807,0
consume_end,1316,4924479195356027,0
yield_resumed,1316,4924479195414827,0
consume_begin,1317,4924479195418307,0
consume_end,1317,4924479195419447,0
yield_resumed,1317,4924479195489046,0
consume_begin,1318,4924479195493096,0
consume_end,1318,4924479209437501,0
yield_resumed,1318,4924479209487051,0
consume_begin,1319,4924479209497611,0
consume_end,1319,4924479209498781,0
yield_resumed,1319,4924479209539951,0
consume_begin,1320,4924479209542481,0
consume_end,1320,4924479209543321,0
yield_resumed,1320,4924479209619630,0
consume_begin,1321,4924479209623680,0
consume_end,1321,4924479224719776,0
yield_resumed,1321,4924479224780966,0
consume_begin,1322,4924479224790336,0
consume_end,1322,4924479224791506,0
yield_resumed,1322,4924479224835016,0
consume_begin,1323,4924479224837825,0
consume_end,1323,4924479224838725,0
yield_resumed,1323,4924479224907675,0
consume_begin,1324,4924479224910705,0
consume_end,1324,4924479239595505,0
yield_resumed,1324,4924479239657994,0
consume_begin,1325,4924479239671394,0
consume_end,1325,4924479239672994,0
yield_resumed,1325,4924479239718044,0
consume_begin,1326,4924479239722264,0
consume_end,1326,4924479239723664,0
yield_resumed,1326,4924479239801163,0
consume_begin,1327,4924479239805033,0
consume_end,1327,4924479239806003,0
yield_resumed,1327,4924479239884302,0
consume_begin,1328,4924479239887292,0
consume_end,1328,4924479253320751,0
yield_resumed,1328,4924479253356031,0
consume_begin,1329,4924479253372461,0
consume_end,1329,4924479253373981,0
yield_resumed,1329,4924479253434111,0
consume_begin,1330,4924479253439421,0
consume_end,1330,4924479253440481,0
yield_resumed,1330,4924479253524460,0
consume_begin,1331,4924479253528560,0
consume_end,1331,4924479270451052,0
yield_resumed,1331,4924479270492222,0
consume_begin,1332,4924479270504122,0
consume_end,1332,4924479270505492,0
yield_resumed,1332,4924479270550442,0
consume_begin,1333,4924479270553332,0
consume_end,1333,4924479270554122,0
yield_resumed,1333,4924479270622811,0
consume_begin,1334,4924479270626671,0
consume_end,1334,4924479286872949,0
yield_resumed,1334,4924479286937779,0
consume_begin,1335,4924479286947509,0
consume_end,1335,4924479286948659,0
yield_resumed,1335,4924479286981178,0
consume_begin,1336,4924479286983888,0
consume_end,1336,4924479286984668,0
yield_resumed,1336,4924479287059788,0
consume_begin,1337,4924479287063028,0
consume_end,1337,4924479287063828,0
yield_resumed,1337,4924479287136937,0
consume_begin,1338,4924479287139317,0
consume_end,1338,4924479304061270,0
yield_resumed,1338,4924479304125209,0
consume_begin,1339,4924479304137759,0
consume_end,1339,4924479304139329,0
yield_resumed,1339,4924479304175649,0
consume_begin,1340,4924479304179889,0
consume_end,1340,4924479304181249,0
yield_resumed,1340,4924479304261748,0
consume_begin,1341,4924479304265518,0
consume_end,1341,4924479317364230,0
yield_resumed,1341,4924479317421129,0
consume_begin,1342,4924479317431759,0
consume_end,1342,4924479317433189,0
yield_resumed,1342,4924479317470859,0
consume_begin,1343,4924479317473919,0
consume_end,1343,4924479317474799,0
yield_resumed,1343,4924479317539948,0
consume_begin,1344,4924479317542928,0
consume_end,1344,4924479335039527,0
yield_resumed,1344,4924479335101296,0
consume_begin,1345,4924479335109446,0
consume_end,1345,4924479335110546,0
yield_resumed,1345,4924479335141606,0
consume_begin,1346,4924479335144656,0
consume_end,1346,4924479335145536,0
yield_resumed,1346,4924479335202856,0
consume_begin,1347,4924479335205466,0
consume_end,1347,4924479350038554,0
yield_resumed,1347,4924479350076294,0
consume_begin,1348,4924479350086314,0
consume_end,1348,4924479350087534,0
yield_resumed,1348,4924479350126903,0
consume_begin,1349,4924479350130313,0
consume_end,1349,4924479350131423,0
yield_resumed,1349,4924479350193603,0
consume_begin,1350,4924479350197413,0
consume_end,1350,4924479368454236,0
yield_resumed,1350,4924479368519535,0
consume_begin,1351,4924479368533045,0
consume_end,1351,4924479368534715,0
yield_resumed,1351,4924479368577275,0
consume_begin,1352,4924479368581595,0
consume_end,1352,4924479368582745,0
yield_resumed,1352,4924479368656754,0
consume_begin,1353,4924479368660274,0
consume_end,1353,4924479387428153,0
yield_resumed,1353,4924479387490602,0
consume_begin,1354,4924479387504852,0
consume_end,1354,4924479387506392,0
yield_resumed,1354,4924479387552162,0
consume_begin,1355,4924479387555732,0
consume_end,1355,4924479387556812,0
yield_resumed,1355,4924479387629291,0
consume_begin,1356,4924479387634181,0
consume_end,1356,4924479387635251,0
yield_resumed,1356,4924479387727551,0
consume_begin,1357,4924479387730411,0
consume_end,1357,4924479404761552,0
yield_resumed,1357,4924479404793902,0
consume_begin,1358,4924479404803742,0
consume_end,1358,4924479404805182,0
yield_resumed,1358,4924479404848542,0
consume_begin,1359,4924479404852382,0
consume_end,1359,4924479419409402,0
yield_resumed,1359,4924479419437932,0
consume_begin,1360,4924479419449372,0
consume_end,1360,4924479419450582,0
yield_resumed,1360,4924479419486612,0
consume_begin,1361,4924479419489072,0
consume_end,1361,4924479419489862,0
yield_resumed,1361,4924479419559131,0
consume_begin,1362,4924479419561791,0
consume_end,1362,4924479436416125,0
yield_resumed,1362,4924479436479434,0
consume_begin,1363,4924479436488234,0
consume_end,1363,4924479436489404,0
yield_resumed,1363,4924479436533834,0
consume_begin,1364,4924479436536754,0
consume_end,1364,4924479436537534,0
yield_resumed,1364,4924479436588693,0
consume_begin,1365,4924479436591943,0
consume_end,1365,4924479452606633,0
yield_resumed,1365,4924479452650052,0
consume_begin,1366,4924479452660282,0
consume_end,1366,4924479452661412,0
yield_resumed,1366,4924479452702332,0
consume_begin,1367,4924479452705302,0
consume_end,1367,4924479452706212,0
yield_resumed,1367,4924479452767951,0
consume_begin,1368,4924479452770451,0
consume_end,1368,4924479472608792,0
yield_resumed,1368,4924479472665782,0
consume_begin,1369,4924479472674952,0
consume_end,1369,4924479472676132,0
yield_resumed,1369,4924479472709262,0
consume_begin,1370,4924479472711982,0
consume_end,1370,4924479472712892,0
yield_resumed,1370,4924479472776541,0
consume_begin,1371,4924479472779681,0
consume_end,1371,4924479489767183,0
yield_resumed,1371,4924479489809243,0
consume_begin,1372,4924479489824483,0
consume_end,1372,4924479489826633,0
yield_resumed,1372,4924479489872383,0
consume_begin,1373,4924479489875943,0
consume_end,1373,4924479510868215,0
yield_resumed,1373,4924479510909274,0
consume_begin,1374,4924479510924204,0
consume_end,1374,4924479510925494,0
yield_resumed,1374,4924479510969384,0
consume_begin,1375,4924479510972004,0
consume_end,1375,4924479510973074,0
yield_resumed,1375,4924479511078853,0
consume_begin,1376,4924479511081903,0
consume_end,1376,4924479511083053,0
yield_resumed,1376,4924479511171462,0
consume_begin,1377,4924479511173482,0
consume_end,1377,4924479531532669,0
yield_resumed,1377,4924479531574069,0
consume_begin,1378,4924479531587939,0
consume_end,1378,4924479531589339,0
yield_resumed,1378,4924479531639408,0
consume_begin,1379,4924479531642588,0
consume_end,1379,4924479531643688,0
yield_resumed,1379,4924479531709028,0
consume_begin,1380,4924479531711108,0
consume_end,1380,4924479547688698,0
yield_resumed,1380,4924479547752547,0
consume_begin,1381,4924479547763287,0
consume_end,1381,4924479547764747,0
yield_resumed,1381,4924479547803057,0
consume_begin,1382,4924479547805407,0
consume_end,1382,4924479563090322,0
yield_resumed,1382,4924479563144802,0
consume_begin,1383,4924479563153691,0
consume_end,1383,4924479563154811,0
yield_resumed,1383,4924479563185641,0
consume_begin,1384,4924479563187261,0
consume_end,1384,4924479563188081,0
yield_resumed,1384,4924479563246911,0
consume_begin,1385,4924479563249181,0
consume_end,1385,4924479579268930,0
yield_resumed,1385,4924479579330790,0
consume_begin,1386,4924479579341160,0
consume_end,1386,4924479579342270,0
yield_resumed,1386,4924479579376500,0
consume_begin,1387,4924479579379040,0
consume_end,1387,4924479579379919,0
yield_resumed,1387,4924479579444739,0
consume_begin,1388,4924479579446719,0
consume_end,1388,4924479597998369,0
yield_resumed,1388,4924479598043239,0
consume_begin,1389,4924479598052609,0
consume_end,1389,4924479598053899,0
yield_resumed,1389,4924479598093889,0
consume_begin,1390,4924479598098749,0
consume_end,1390,4924479598099819,0
yield_resumed,1390,4924479598177588,0
consume_begin,1391,4924479598180258,0
consume_end,1391,4924479614605305,0
yield_resumed,1391,4924479614669484,0
consume_begin,1392,4924479614682314,0
consume_end,1392,4924479614683544,0
yield_resumed,1392,4924479614724684,0
consume_begin,1393,4924479614728474,0
consume_end,1393,4924479614729394,0
yield_resumed,1393,4924479614794793,0
consume_begin,1394,4924479614798003,0
consume_end,1394,4924479630943252,0
yield_resumed,1394,4924479630999171,0
consume_begin,1395,4924479631016761,0
consume_end,1395,4924479631018081,0
yield_resumed,1395,4924479631056441,0
consume_begin,1396,4924479631059561,0
consume_end,1396,4924479648204522,0
yield_resumed,1396,4924479648264282,0
consume_begin,1397,4924479648273321,0
consume_end,1397,4924479648274461,0
yield_resumed,1397,4924479648317051,0
consume_begin,1398,4924479648319971,0
consume_end,1398,4924479648320861,0
yield_resumed,1398,4924479648386341,0
consume_begin,1399,4924479648390191,0
consume_end,1399,4924479661829339,0
yield_resumed,1399,4924479661887439,0
consume_begin,1400,4924479661897639,0
consume_end,1400,4924479661898939,0
yield_resumed,1400,4924479661945049,0
consume_begin,1401,4924479661948799,0
consume_end,1401,4924479661949639,0
yield_resumed,1401,4924479662028828,0
consume_begin,1402,4924479662032928,0
consume_end,1402,4924479680183381,0
yield_resumed,1402,4924479680244671,0
consume_begin,1403,4924479680253941,0
consume_end,1403,4924479680255391,0
yield_resumed,1403,4924479680292111,0
consume_begin,1404,4924479680295231,0
consume_end,1404,4924479680296311,0
yield_resumed,1404,4924479680373620,0
consume_begin,1405,4924479680376420,0
consume_end,1405,4924479700061062,0
yield_resumed,1405,4924479700100752,0
consume_begin,1406,4924479700111322,0
consume_end,1406,4924479700112512,0
yield_resumed,1406,4924479700157141,0
consume_begin,1407,4924479700160211,0
consume_end,1407,4924479700161131,0
yield_resumed,1407,4924479700222041,0
consume_begin,1408,4924479700225811,0
consume_end,1408,4924479721082674,0
yield_resumed,1408,4924479721125484,0
consume_begin,1409,4924479721139943,0
consume_end,1409,4924479721141683,0
yield_resumed,1409,4924479721184483,0
consume_begin,1410,4924479721188383,0
consume_end,1410,4924479721189573,0
yield_resumed,1410,4924479721272942,0
consume_begin,1411,4924479721276312,0
consume_end,1411,4924479740579107,0
yield_resumed,1411,4924479740622197,0
consume_begin,1412,4924479740639197,0
consume_end,1412,4924479740640867,0
yield_resumed,1412,4924479740685237,0
consume_begin,1413,4924479740688556,0
consume_end,1413,4924479740689766,0
yield_resumed,1413,4924479740785066,0
consume_begin,1414,4924479740789436,0
consume_end,1414,4924479763093518,0
yield_resumed,1414,4924479763150568,0
consume_begin,1415,4924479763160038,0
consume_end,1415,4924479763161308,0
yield_resumed,1415,4924479763196367,0
consume_begin,1416,4924479763200277,0
consume_end,1416,4924479763201457,0
yield_resumed,1416,4924479763269967,0
consume_begin,1417,4924479763274207,0
consume_end,1417,4924479785416670,0
yield_resumed,1417,4924479785470940,0
consume_begin,1418,4924479785481190,0
consume_end,1418,4924479785482450,0
yield_resumed,1418,4924479785512939,0
consume_begin,1419,4924479785516259,0
consume_end,1419,4924479785517119,0
yield_resumed,1419,4924479785570579,0
consume_begin,1420,4924479785573439,0
consume_end,1420,4924479785574259,0
yield_resumed,1420,4924479785643758,0
consume_begin,1421,4924479785646698,0
consume_end,1421,4924479785647538,0
yield_resumed,1421,4924479785663618,0
drain_done,1422,4924479785667278,6794234933
