2026-09-29 05:36:27.023 - INFO: [1mQLever server v0.6.0-259-g3a19a966f, compiled on Mon Sep 28 19:27:28 UTC 2026 using git hash 3a19a96[22m
2026-09-29 05:36:27.023 - INFO: Cleanup of previous index directories after each rebuild enabled (--rebuild-keep-previous-index-dirs original-and-most-recent)
2026-09-29 05:36:27.028 - INFO: The git hash used to build this index was "65f84b4"
2026-09-29 05:36:27.028 - INFO: Reading vocabulary from file /local/data-ssd/stoetzem/dblp/dblp.vocabulary.words ...
2026-09-29 05:36:27.035 - INFO: Done, number of words: 446,944,668
2026-09-29 05:36:27.035 - INFO: Number of words in internal vocabulary (these are also part of the external vocabulary): 446,955
2026-09-29 05:36:27.039 - INFO: Registered PSO permutation: #relations = 6, #blocks = 8,187, #triples = 255,805,025
2026-09-29 05:36:27.058 - INFO: Registered PSO permutation: #relations = 96, #blocks = 51,023, #triples = 1,593,245,022
2026-09-29 05:36:27.060 - INFO: Registered POS permutation: #relations = 6, #blocks = 8,187, #triples = 255,805,025
2026-09-29 05:36:27.079 - INFO: Registered POS permutation: #relations = 96, #blocks = 51,023, #triples = 1,593,245,022
2026-09-29 05:36:27.095 - INFO: Registered OPS permutation: #relations = 345,357,897, #blocks = 42,492, #triples = 1,593,245,022
2026-09-29 05:36:27.110 - INFO: Registered OSP permutation: #relations = 345,357,897, #blocks = 42,492, #triples = 1,593,245,022
2026-09-29 05:36:27.121 - INFO: Registered SPO permutation: #relations = 255,804,614, #blocks = 33,993, #triples = 1,593,245,022
2026-09-29 05:36:27.129 - INFO: Registered SOP permutation: #relations = 255,804,614, #blocks = 33,993, #triples = 1,593,245,022
2026-09-29 05:36:27.129 - INFO: Reading patterns from file /local/data-ssd/stoetzem/dblp/dblp.index.patterns ...
2026-09-29 05:36:27.129 - INFO: Sorting random result tables to estimate the sorting performance of this machine ...
2026-09-29 05:36:35.236 - INFO: Initializing server ...
2026-09-29 05:36:35.236 - INFO: No access token required for restricted API calls
2026-09-29 05:36:35.236 - INFO: The server is ready, listening for requests on port 7122 ...
2026-09-29 05:36:35.333 - INFO: 
2026-09-29 05:36:35.333 - INFO: Request received via GET, no content type specified
2026-09-29 05:36:35.333 - INFO: Processing command "stats": get index statistics
2026-09-29 05:36:40.437 - INFO: 
2026-09-29 05:36:40.437 - INFO: Request received via GET, no content type specified
2026-09-29 05:36:40.437 - INFO: Setting "adaptive-export-chunk-size" to: "false"
2026-09-29 05:36:40.455 - INFO: 
2026-09-29 05:36:40.455 - INFO: Request received via GET, no content type specified
2026-09-29 05:36:40.455 - INFO: Processing command "get-settings": get server settings
2026-09-29 05:36:40.473 - INFO: 
2026-09-29 05:36:40.473 - INFO: Request received via GET, no content type specified
2026-09-29 05:36:40.473 - INFO: Processing command "clear-cache": clear the cache (unpinned elements only)
2026-09-29 05:36:40.491 - INFO: 
2026-09-29 05:36:40.491 - INFO: Request received via POST, content type "application/x-www-form-urlencoded"
2026-09-29 05:36:40.493 - INFO: Processing the following SPARQL query:
# Tier H-vocab — title literals, large, SELECT variant for profiling
# Goal: stress external-vocabulary lookup on the SELECT CSV export path.
PREFIX dblp: <https://dblp.org/rdf/schema#>

SELECT ?paper ?title
WHERE {
  ?paper dblp:title ?title .
}
LIMIT 100000

2026-09-29 05:36:40.493 - INFO: Requested media types of the result are: "text/tab-separated-values"
2026-09-29 05:36:40.494 - INFO: Query planning done in 2 ms
2026-09-29 05:36:40.494 - INFO: Result has unknown size (not computed yet)
2026-09-29 05:36:40.901 - INFO: Done processing query and sending result, total time was 409 ms
2026-09-29 05:36:40.921 - INFO: 
2026-09-29 05:36:40.921 - INFO: Request received via GET, no content type specified
2026-09-29 05:36:40.921 - INFO: Setting "adaptive-export-chunk-size" to: "true"
2026-09-29 05:36:40.939 - INFO: 
2026-09-29 05:36:40.939 - INFO: Request received via GET, no content type specified
2026-09-29 05:36:40.939 - INFO: Processing command "get-settings": get server settings
2026-09-29 05:36:40.957 - INFO: 
2026-09-29 05:36:40.957 - INFO: Request received via GET, no content type specified
2026-09-29 05:36:40.957 - INFO: Processing command "clear-cache": clear the cache (unpinned elements only)
2026-09-29 05:36:40.982 - INFO: 
2026-09-29 05:36:40.982 - INFO: Request received via POST, content type "application/x-www-form-urlencoded"
2026-09-29 05:36:40.982 - INFO: Processing the following SPARQL query:
# Tier H-vocab — title literals, large, SELECT variant for profiling
# Goal: stress external-vocabulary lookup on the SELECT CSV export path.
PREFIX dblp: <https://dblp.org/rdf/schema#>

SELECT ?paper ?title
WHERE {
  ?paper dblp:title ?title .
}
LIMIT 100000

2026-09-29 05:36:40.982 - INFO: Requested media types of the result are: "text/tab-separated-values"
2026-09-29 05:36:40.982 - INFO: Query planning done in 0 ms
2026-09-29 05:36:40.982 - INFO: Result has unknown size (not computed yet)
2026-09-29 05:36:41.385 - INFO: Done processing query and sending result, total time was 403 ms
2026-09-29 05:36:52.164 - INFO: 
2026-09-29 05:36:52.164 - INFO: Request received via GET, no content type specified
2026-09-29 05:36:52.164 - INFO: Setting "adaptive-export-chunk-size" to: "false"
2026-09-29 05:36:52.182 - INFO: 
2026-09-29 05:36:52.182 - INFO: Request received via GET, no content type specified
2026-09-29 05:36:52.182 - INFO: Processing command "get-settings": get server settings
2026-09-29 05:36:52.206 - INFO: 
2026-09-29 05:36:52.206 - INFO: Request received via GET, no content type specified
2026-09-29 05:36:52.206 - INFO: Processing command "clear-cache": clear the cache (unpinned elements only)
2026-09-29 05:36:52.226 - INFO: 
2026-09-29 05:36:52.226 - INFO: Request received via POST, content type "application/x-www-form-urlencoded"
2026-09-29 05:36:52.226 - INFO: Processing the following SPARQL query:
# Tier H-vocab — title literals, large, SELECT variant for profiling
# Goal: stress external-vocabulary lookup on the SELECT CSV export path.
PREFIX dblp: <https://dblp.org/rdf/schema#>

SELECT ?paper ?title
WHERE {
  ?paper dblp:title ?title .
}
LIMIT 100000

2026-09-29 05:36:52.226 - INFO: Requested media types of the result are: "text/tab-separated-values"
2026-09-29 05:36:52.226 - INFO: Query planning done in 0 ms
2026-09-29 05:36:52.227 - INFO: Result has unknown size (not computed yet)
2026-09-29 05:36:52.632 - INFO: Done processing query and sending result, total time was 406 ms
2026-09-29 05:36:52.652 - INFO: 
2026-09-29 05:36:52.652 - INFO: Request received via GET, no content type specified
2026-09-29 05:36:52.652 - INFO: Processing command "clear-cache": clear the cache (unpinned elements only)
2026-09-29 05:36:52.670 - INFO: 
2026-09-29 05:36:52.670 - INFO: Request received via POST, content type "application/x-www-form-urlencoded"
2026-09-29 05:36:52.670 - INFO: Processing the following SPARQL query:
# Tier H-vocab — title literals, large, SELECT variant for profiling
# Goal: stress external-vocabulary lookup on the SELECT CSV export path.
PREFIX dblp: <https://dblp.org/rdf/schema#>

SELECT ?paper ?title
WHERE {
  ?paper dblp:title ?title .
}
LIMIT 100000

2026-09-29 05:36:52.670 - INFO: Requested media types of the result are: "text/tab-separated-values"
2026-09-29 05:36:52.670 - INFO: Query planning done in 0 ms
2026-09-29 05:36:52.670 - INFO: Result has unknown size (not computed yet)
2026-09-29 05:36:53.075 - INFO: Done processing query and sending result, total time was 405 ms
2026-09-29 05:36:53.095 - INFO: 
2026-09-29 05:36:53.095 - INFO: Request received via GET, no content type specified
2026-09-29 05:36:53.095 - INFO: Processing command "clear-cache": clear the cache (unpinned elements only)
2026-09-29 05:36:53.112 - INFO: 
2026-09-29 05:36:53.112 - INFO: Request received via POST, content type "application/x-www-form-urlencoded"
2026-09-29 05:36:53.113 - INFO: Processing the following SPARQL query:
# Tier H-vocab — title literals, large, SELECT variant for profiling
# Goal: stress external-vocabulary lookup on the SELECT CSV export path.
PREFIX dblp: <https://dblp.org/rdf/schema#>

SELECT ?paper ?title
WHERE {
  ?paper dblp:title ?title .
}
LIMIT 100000

2026-09-29 05:36:53.113 - INFO: Requested media types of the result are: "text/tab-separated-values"
2026-09-29 05:36:53.113 - INFO: Query planning done in 0 ms
2026-09-29 05:36:53.113 - INFO: Result has unknown size (not computed yet)
2026-09-29 05:36:53.517 - INFO: Done processing query and sending result, total time was 404 ms
2026-09-29 05:36:53.536 - INFO: 
2026-09-29 05:36:53.536 - INFO: Request received via GET, no content type specified
2026-09-29 05:36:53.536 - INFO: Processing command "clear-cache": clear the cache (unpinned elements only)
2026-09-29 05:36:53.554 - INFO: 
2026-09-29 05:36:53.554 - INFO: Request received via POST, content type "application/x-www-form-urlencoded"
2026-09-29 05:36:53.555 - INFO: Processing the following SPARQL query:
# Tier H-vocab — title literals, large, SELECT variant for profiling
# Goal: stress external-vocabulary lookup on the SELECT CSV export path.
PREFIX dblp: <https://dblp.org/rdf/schema#>

SELECT ?paper ?title
WHERE {
  ?paper dblp:title ?title .
}
LIMIT 100000

2026-09-29 05:36:53.555 - INFO: Requested media types of the result are: "text/tab-separated-values"
2026-09-29 05:36:53.555 - INFO: Query planning done in 0 ms
2026-09-29 05:36:53.555 - INFO: Result has unknown size (not computed yet)
2026-09-29 05:36:53.958 - INFO: Done processing query and sending result, total time was 404 ms
2026-09-29 05:36:53.978 - INFO: 
2026-09-29 05:36:53.978 - INFO: Request received via GET, no content type specified
2026-09-29 05:36:53.978 - INFO: Processing command "clear-cache": clear the cache (unpinned elements only)
2026-09-29 05:36:53.996 - INFO: 
2026-09-29 05:36:53.996 - INFO: Request received via POST, content type "application/x-www-form-urlencoded"
2026-09-29 05:36:53.996 - INFO: Processing the following SPARQL query:
# Tier H-vocab — title literals, large, SELECT variant for profiling
# Goal: stress external-vocabulary lookup on the SELECT CSV export path.
PREFIX dblp: <https://dblp.org/rdf/schema#>

SELECT ?paper ?title
WHERE {
  ?paper dblp:title ?title .
}
LIMIT 100000

2026-09-29 05:36:53.996 - INFO: Requested media types of the result are: "text/tab-separated-values"
2026-09-29 05:36:53.996 - INFO: Query planning done in 0 ms
2026-09-29 05:36:53.996 - INFO: Result has unknown size (not computed yet)
2026-09-29 05:36:54.402 - INFO: Done processing query and sending result, total time was 405 ms
2026-09-29 05:36:54.421 - INFO: 
2026-09-29 05:36:54.421 - INFO: Request received via GET, no content type specified
2026-09-29 05:36:54.421 - INFO: Processing command "clear-cache": clear the cache (unpinned elements only)
2026-09-29 05:36:54.439 - INFO: 
2026-09-29 05:36:54.439 - INFO: Request received via POST, content type "application/x-www-form-urlencoded"
2026-09-29 05:36:54.439 - INFO: Processing the following SPARQL query:
# Tier H-vocab — title literals, large, SELECT variant for profiling
# Goal: stress external-vocabulary lookup on the SELECT CSV export path.
PREFIX dblp: <https://dblp.org/rdf/schema#>

SELECT ?paper ?title
WHERE {
  ?paper dblp:title ?title .
}
LIMIT 100000

2026-09-29 05:36:54.439 - INFO: Requested media types of the result are: "text/tab-separated-values"
2026-09-29 05:36:54.439 - INFO: Query planning done in 0 ms
2026-09-29 05:36:54.440 - INFO: Result has unknown size (not computed yet)
2026-09-29 05:36:54.844 - INFO: Done processing query and sending result, total time was 404 ms
2026-09-29 05:36:54.863 - INFO: 
2026-09-29 05:36:54.863 - INFO: Request received via GET, no content type specified
2026-09-29 05:36:54.863 - INFO: Processing command "clear-cache": clear the cache (unpinned elements only)
2026-09-29 05:36:54.881 - INFO: 
2026-09-29 05:36:54.881 - INFO: Request received via POST, content type "application/x-www-form-urlencoded"
2026-09-29 05:36:54.881 - INFO: Processing the following SPARQL query:
# Tier H-vocab — title literals, large, SELECT variant for profiling
# Goal: stress external-vocabulary lookup on the SELECT CSV export path.
PREFIX dblp: <https://dblp.org/rdf/schema#>

SELECT ?paper ?title
WHERE {
  ?paper dblp:title ?title .
}
LIMIT 100000

2026-09-29 05:36:54.881 - INFO: Requested media types of the result are: "text/tab-separated-values"
2026-09-29 05:36:54.881 - INFO: Query planning done in 0 ms
2026-09-29 05:36:54.881 - INFO: Result has unknown size (not computed yet)
2026-09-29 05:36:55.286 - INFO: Done processing query and sending result, total time was 404 ms
2026-09-29 05:36:55.306 - INFO: 
2026-09-29 05:36:55.306 - INFO: Request received via GET, no content type specified
2026-09-29 05:36:55.306 - INFO: Processing command "clear-cache": clear the cache (unpinned elements only)
2026-09-29 05:36:55.324 - INFO: 
2026-09-29 05:36:55.324 - INFO: Request received via POST, content type "application/x-www-form-urlencoded"
2026-09-29 05:36:55.325 - INFO: Processing the following SPARQL query:
# Tier H-vocab — title literals, large, SELECT variant for profiling
# Goal: stress external-vocabulary lookup on the SELECT CSV export path.
PREFIX dblp: <https://dblp.org/rdf/schema#>

SELECT ?paper ?title
WHERE {
  ?paper dblp:title ?title .
}
LIMIT 100000

2026-09-29 05:36:55.325 - INFO: Requested media types of the result are: "text/tab-separated-values"
2026-09-29 05:36:55.325 - INFO: Query planning done in 0 ms
2026-09-29 05:36:55.325 - INFO: Result has unknown size (not computed yet)
2026-09-29 05:36:55.721 - INFO: Done processing query and sending result, total time was 397 ms
2026-09-29 05:36:55.741 - INFO: 
2026-09-29 05:36:55.741 - INFO: Request received via GET, no content type specified
2026-09-29 05:36:55.741 - INFO: Processing command "clear-cache": clear the cache (unpinned elements only)
2026-09-29 05:36:55.759 - INFO: 
2026-09-29 05:36:55.759 - INFO: Request received via POST, content type "application/x-www-form-urlencoded"
2026-09-29 05:36:55.759 - INFO: Processing the following SPARQL query:
# Tier H-vocab — title literals, large, SELECT variant for profiling
# Goal: stress external-vocabulary lookup on the SELECT CSV export path.
PREFIX dblp: <https://dblp.org/rdf/schema#>

SELECT ?paper ?title
WHERE {
  ?paper dblp:title ?title .
}
LIMIT 100000

2026-09-29 05:36:55.759 - INFO: Requested media types of the result are: "text/tab-separated-values"
2026-09-29 05:36:55.759 - INFO: Query planning done in 0 ms
2026-09-29 05:36:55.760 - INFO: Result has unknown size (not computed yet)
2026-09-29 05:36:56.137 - INFO: Done processing query and sending result, total time was 378 ms
2026-09-29 05:36:56.157 - INFO: 
2026-09-29 05:36:56.157 - INFO: Request received via GET, no content type specified
2026-09-29 05:36:56.157 - INFO: Processing command "clear-cache": clear the cache (unpinned elements only)
2026-09-29 05:36:56.175 - INFO: 
2026-09-29 05:36:56.175 - INFO: Request received via POST, content type "application/x-www-form-urlencoded"
2026-09-29 05:36:56.175 - INFO: Processing the following SPARQL query:
# Tier H-vocab — title literals, large, SELECT variant for profiling
# Goal: stress external-vocabulary lookup on the SELECT CSV export path.
PREFIX dblp: <https://dblp.org/rdf/schema#>

SELECT ?paper ?title
WHERE {
  ?paper dblp:title ?title .
}
LIMIT 100000

2026-09-29 05:36:56.175 - INFO: Requested media types of the result are: "text/tab-separated-values"
2026-09-29 05:36:56.175 - INFO: Query planning done in 0 ms
2026-09-29 05:36:56.175 - INFO: Result has unknown size (not computed yet)
2026-09-29 05:36:56.551 - INFO: Done processing query and sending result, total time was 376 ms
2026-09-29 05:36:56.571 - INFO: 
2026-09-29 05:36:56.571 - INFO: Request received via GET, no content type specified
2026-09-29 05:36:56.571 - INFO: Processing command "clear-cache": clear the cache (unpinned elements only)
2026-09-29 05:36:56.588 - INFO: 
2026-09-29 05:36:56.588 - INFO: Request received via POST, content type "application/x-www-form-urlencoded"
2026-09-29 05:36:56.589 - INFO: Processing the following SPARQL query:
# Tier H-vocab — title literals, large, SELECT variant for profiling
# Goal: stress external-vocabulary lookup on the SELECT CSV export path.
PREFIX dblp: <https://dblp.org/rdf/schema#>

SELECT ?paper ?title
WHERE {
  ?paper dblp:title ?title .
}
LIMIT 100000

2026-09-29 05:36:56.589 - INFO: Requested media types of the result are: "text/tab-separated-values"
2026-09-29 05:36:56.589 - INFO: Query planning done in 0 ms
2026-09-29 05:36:56.589 - INFO: Result has unknown size (not computed yet)
2026-09-29 05:36:56.961 - INFO: Done processing query and sending result, total time was 372 ms
2026-09-29 05:36:56.981 - INFO: 
2026-09-29 05:36:56.981 - INFO: Request received via GET, no content type specified
2026-09-29 05:36:56.981 - INFO: Processing command "clear-cache": clear the cache (unpinned elements only)
2026-09-29 05:36:56.998 - INFO: 
2026-09-29 05:36:56.998 - INFO: Request received via POST, content type "application/x-www-form-urlencoded"
2026-09-29 05:36:56.999 - INFO: Processing the following SPARQL query:
# Tier H-vocab — title literals, large, SELECT variant for profiling
# Goal: stress external-vocabulary lookup on the SELECT CSV export path.
PREFIX dblp: <https://dblp.org/rdf/schema#>

SELECT ?paper ?title
WHERE {
  ?paper dblp:title ?title .
}
LIMIT 100000

2026-09-29 05:36:56.999 - INFO: Requested media types of the result are: "text/tab-separated-values"
2026-09-29 05:36:56.999 - INFO: Query planning done in 0 ms
2026-09-29 05:36:56.999 - INFO: Result has unknown size (not computed yet)
2026-09-29 05:36:57.405 - INFO: Done processing query and sending result, total time was 406 ms
2026-09-29 05:36:57.425 - INFO: 
2026-09-29 05:36:57.425 - INFO: Request received via GET, no content type specified
2026-09-29 05:36:57.425 - INFO: Processing command "clear-cache": clear the cache (unpinned elements only)
2026-09-29 05:36:57.443 - INFO: 
2026-09-29 05:36:57.443 - INFO: Request received via POST, content type "application/x-www-form-urlencoded"
2026-09-29 05:36:57.443 - INFO: Processing the following SPARQL query:
# Tier H-vocab — title literals, large, SELECT variant for profiling
# Goal: stress external-vocabulary lookup on the SELECT CSV export path.
PREFIX dblp: <https://dblp.org/rdf/schema#>

SELECT ?paper ?title
WHERE {
  ?paper dblp:title ?title .
}
LIMIT 100000

2026-09-29 05:36:57.443 - INFO: Requested media types of the result are: "text/tab-separated-values"
2026-09-29 05:36:57.443 - INFO: Query planning done in 0 ms
2026-09-29 05:36:57.443 - INFO: Result has unknown size (not computed yet)
2026-09-29 05:36:57.852 - INFO: Done processing query and sending result, total time was 409 ms
2026-09-29 05:36:57.872 - INFO: 
2026-09-29 05:36:57.872 - INFO: Request received via GET, no content type specified
2026-09-29 05:36:57.872 - INFO: Processing command "clear-cache": clear the cache (unpinned elements only)
2026-09-29 05:36:57.897 - INFO: 
2026-09-29 05:36:57.897 - INFO: Request received via POST, content type "application/x-www-form-urlencoded"
2026-09-29 05:36:57.897 - INFO: Processing the following SPARQL query:
# Tier H-vocab — title literals, large, SELECT variant for profiling
# Goal: stress external-vocabulary lookup on the SELECT CSV export path.
PREFIX dblp: <https://dblp.org/rdf/schema#>

SELECT ?paper ?title
WHERE {
  ?paper dblp:title ?title .
}
LIMIT 100000

2026-09-29 05:36:57.897 - INFO: Requested media types of the result are: "text/tab-separated-values"
2026-09-29 05:36:57.898 - INFO: Query planning done in 0 ms
2026-09-29 05:36:57.898 - INFO: Result has unknown size (not computed yet)
2026-09-29 05:36:58.301 - INFO: Done processing query and sending result, total time was 403 ms
2026-09-29 05:36:58.321 - INFO: 
2026-09-29 05:36:58.321 - INFO: Request received via GET, no content type specified
2026-09-29 05:36:58.321 - INFO: Processing command "clear-cache": clear the cache (unpinned elements only)
2026-09-29 05:36:58.339 - INFO: 
2026-09-29 05:36:58.339 - INFO: Request received via POST, content type "application/x-www-form-urlencoded"
2026-09-29 05:36:58.339 - INFO: Processing the following SPARQL query:
# Tier H-vocab — title literals, large, SELECT variant for profiling
# Goal: stress external-vocabulary lookup on the SELECT CSV export path.
PREFIX dblp: <https://dblp.org/rdf/schema#>

SELECT ?paper ?title
WHERE {
  ?paper dblp:title ?title .
}
LIMIT 100000

2026-09-29 05:36:58.339 - INFO: Requested media types of the result are: "text/tab-separated-values"
2026-09-29 05:36:58.339 - INFO: Query planning done in 0 ms
2026-09-29 05:36:58.339 - INFO: Result has unknown size (not computed yet)
2026-09-29 05:36:58.748 - INFO: Done processing query and sending result, total time was 408 ms
2026-09-29 05:36:58.767 - INFO: 
2026-09-29 05:36:58.767 - INFO: Request received via GET, no content type specified
2026-09-29 05:36:58.767 - INFO: Processing command "clear-cache": clear the cache (unpinned elements only)
2026-09-29 05:36:58.785 - INFO: 
2026-09-29 05:36:58.785 - INFO: Request received via POST, content type "application/x-www-form-urlencoded"
2026-09-29 05:36:58.786 - INFO: Processing the following SPARQL query:
# Tier H-vocab — title literals, large, SELECT variant for profiling
# Goal: stress external-vocabulary lookup on the SELECT CSV export path.
PREFIX dblp: <https://dblp.org/rdf/schema#>

SELECT ?paper ?title
WHERE {
  ?paper dblp:title ?title .
}
LIMIT 100000

2026-09-29 05:36:58.786 - INFO: Requested media types of the result are: "text/tab-separated-values"
2026-09-29 05:36:58.786 - INFO: Query planning done in 0 ms
2026-09-29 05:36:58.786 - INFO: Result has unknown size (not computed yet)
2026-09-29 05:36:59.188 - INFO: Done processing query and sending result, total time was 402 ms
2026-09-29 05:36:59.208 - INFO: 
2026-09-29 05:36:59.208 - INFO: Request received via GET, no content type specified
2026-09-29 05:36:59.208 - INFO: Processing command "clear-cache": clear the cache (unpinned elements only)
2026-09-29 05:36:59.225 - INFO: 
2026-09-29 05:36:59.225 - INFO: Request received via POST, content type "application/x-www-form-urlencoded"
2026-09-29 05:36:59.226 - INFO: Processing the following SPARQL query:
# Tier H-vocab — title literals, large, SELECT variant for profiling
# Goal: stress external-vocabulary lookup on the SELECT CSV export path.
PREFIX dblp: <https://dblp.org/rdf/schema#>

SELECT ?paper ?title
WHERE {
  ?paper dblp:title ?title .
}
LIMIT 100000

2026-09-29 05:36:59.226 - INFO: Requested media types of the result are: "text/tab-separated-values"
2026-09-29 05:36:59.226 - INFO: Query planning done in 0 ms
2026-09-29 05:36:59.226 - INFO: Result has unknown size (not computed yet)
2026-09-29 05:36:59.629 - INFO: Done processing query and sending result, total time was 403 ms
2026-09-29 05:36:59.648 - INFO: 
2026-09-29 05:36:59.648 - INFO: Request received via GET, no content type specified
2026-09-29 05:36:59.649 - INFO: Processing command "clear-cache": clear the cache (unpinned elements only)
2026-09-29 05:36:59.666 - INFO: 
2026-09-29 05:36:59.666 - INFO: Request received via POST, content type "application/x-www-form-urlencoded"
2026-09-29 05:36:59.667 - INFO: Processing the following SPARQL query:
# Tier H-vocab — title literals, large, SELECT variant for profiling
# Goal: stress external-vocabulary lookup on the SELECT CSV export path.
PREFIX dblp: <https://dblp.org/rdf/schema#>

SELECT ?paper ?title
WHERE {
  ?paper dblp:title ?title .
}
LIMIT 100000

2026-09-29 05:36:59.667 - INFO: Requested media types of the result are: "text/tab-separated-values"
2026-09-29 05:36:59.667 - INFO: Query planning done in 0 ms
2026-09-29 05:36:59.667 - INFO: Result has unknown size (not computed yet)
2026-09-29 05:37:00.069 - INFO: Done processing query and sending result, total time was 402 ms
2026-09-29 05:37:00.089 - INFO: 
2026-09-29 05:37:00.089 - INFO: Request received via GET, no content type specified
2026-09-29 05:37:00.089 - INFO: Processing command "clear-cache": clear the cache (unpinned elements only)
2026-09-29 05:37:00.107 - INFO: 
2026-09-29 05:37:00.107 - INFO: Request received via POST, content type "application/x-www-form-urlencoded"
2026-09-29 05:37:00.107 - INFO: Processing the following SPARQL query:
# Tier H-vocab — title literals, large, SELECT variant for profiling
# Goal: stress external-vocabulary lookup on the SELECT CSV export path.
PREFIX dblp: <https://dblp.org/rdf/schema#>

SELECT ?paper ?title
WHERE {
  ?paper dblp:title ?title .
}
LIMIT 100000

2026-09-29 05:37:00.107 - INFO: Requested media types of the result are: "text/tab-separated-values"
2026-09-29 05:37:00.107 - INFO: Query planning done in 0 ms
2026-09-29 05:37:00.107 - INFO: Result has unknown size (not computed yet)
2026-09-29 05:37:00.508 - INFO: Done processing query and sending result, total time was 401 ms
2026-09-29 05:37:00.528 - INFO: 
2026-09-29 05:37:00.528 - INFO: Request received via GET, no content type specified
2026-09-29 05:37:00.528 - INFO: Processing command "clear-cache": clear the cache (unpinned elements only)
2026-09-29 05:37:00.552 - INFO: 
2026-09-29 05:37:00.552 - INFO: Request received via POST, content type "application/x-www-form-urlencoded"
2026-09-29 05:37:00.552 - INFO: Processing the following SPARQL query:
# Tier H-vocab — title literals, large, SELECT variant for profiling
# Goal: stress external-vocabulary lookup on the SELECT CSV export path.
PREFIX dblp: <https://dblp.org/rdf/schema#>

SELECT ?paper ?title
WHERE {
  ?paper dblp:title ?title .
}
LIMIT 100000

2026-09-29 05:37:00.552 - INFO: Requested media types of the result are: "text/tab-separated-values"
2026-09-29 05:37:00.552 - INFO: Query planning done in 0 ms
2026-09-29 05:37:00.553 - INFO: Result has unknown size (not computed yet)
2026-09-29 05:37:00.956 - INFO: Done processing query and sending result, total time was 403 ms
2026-09-29 05:37:00.976 - INFO: 
2026-09-29 05:37:00.976 - INFO: Request received via GET, no content type specified
2026-09-29 05:37:00.976 - INFO: Processing command "clear-cache": clear the cache (unpinned elements only)
2026-09-29 05:37:00.994 - INFO: 
2026-09-29 05:37:00.994 - INFO: Request received via POST, content type "application/x-www-form-urlencoded"
2026-09-29 05:37:00.994 - INFO: Processing the following SPARQL query:
# Tier H-vocab — title literals, large, SELECT variant for profiling
# Goal: stress external-vocabulary lookup on the SELECT CSV export path.
PREFIX dblp: <https://dblp.org/rdf/schema#>

SELECT ?paper ?title
WHERE {
  ?paper dblp:title ?title .
}
LIMIT 100000

2026-09-29 05:37:00.994 - INFO: Requested media types of the result are: "text/tab-separated-values"
2026-09-29 05:37:00.994 - INFO: Query planning done in 0 ms
2026-09-29 05:37:00.995 - INFO: Result has unknown size (not computed yet)
2026-09-29 05:37:01.400 - INFO: Done processing query and sending result, total time was 405 ms
2026-09-29 05:37:01.420 - INFO: 
2026-09-29 05:37:01.420 - INFO: Request received via GET, no content type specified
2026-09-29 05:37:01.420 - INFO: Processing command "clear-cache": clear the cache (unpinned elements only)
2026-09-29 05:37:01.438 - INFO: 
2026-09-29 05:37:01.438 - INFO: Request received via POST, content type "application/x-www-form-urlencoded"
2026-09-29 05:37:01.438 - INFO: Processing the following SPARQL query:
# Tier H-vocab — title literals, large, SELECT variant for profiling
# Goal: stress external-vocabulary lookup on the SELECT CSV export path.
PREFIX dblp: <https://dblp.org/rdf/schema#>

SELECT ?paper ?title
WHERE {
  ?paper dblp:title ?title .
}
LIMIT 100000

2026-09-29 05:37:01.438 - INFO: Requested media types of the result are: "text/tab-separated-values"
2026-09-29 05:37:01.438 - INFO: Query planning done in 0 ms
2026-09-29 05:37:01.438 - INFO: Result has unknown size (not computed yet)
2026-09-29 05:37:01.845 - INFO: Done processing query and sending result, total time was 407 ms
2026-09-29 05:37:01.865 - INFO: 
2026-09-29 05:37:01.865 - INFO: Request received via GET, no content type specified
2026-09-29 05:37:01.865 - INFO: Processing command "clear-cache": clear the cache (unpinned elements only)
2026-09-29 05:37:01.883 - INFO: 
2026-09-29 05:37:01.883 - INFO: Request received via POST, content type "application/x-www-form-urlencoded"
2026-09-29 05:37:01.883 - INFO: Processing the following SPARQL query:
# Tier H-vocab — title literals, large, SELECT variant for profiling
# Goal: stress external-vocabulary lookup on the SELECT CSV export path.
PREFIX dblp: <https://dblp.org/rdf/schema#>

SELECT ?paper ?title
WHERE {
  ?paper dblp:title ?title .
}
LIMIT 100000

2026-09-29 05:37:01.883 - INFO: Requested media types of the result are: "text/tab-separated-values"
2026-09-29 05:37:01.883 - INFO: Query planning done in 0 ms
2026-09-29 05:37:01.883 - INFO: Result has unknown size (not computed yet)
2026-09-29 05:37:02.287 - INFO: Done processing query and sending result, total time was 403 ms
2026-09-29 05:37:02.307 - INFO: 
2026-09-29 05:37:02.307 - INFO: Request received via GET, no content type specified
2026-09-29 05:37:02.307 - INFO: Processing command "clear-cache": clear the cache (unpinned elements only)
2026-09-29 05:37:02.324 - INFO: 
2026-09-29 05:37:02.324 - INFO: Request received via POST, content type "application/x-www-form-urlencoded"
2026-09-29 05:37:02.325 - INFO: Processing the following SPARQL query:
# Tier H-vocab — title literals, large, SELECT variant for profiling
# Goal: stress external-vocabulary lookup on the SELECT CSV export path.
PREFIX dblp: <https://dblp.org/rdf/schema#>

SELECT ?paper ?title
WHERE {
  ?paper dblp:title ?title .
}
LIMIT 100000

2026-09-29 05:37:02.325 - INFO: Requested media types of the result are: "text/tab-separated-values"
2026-09-29 05:37:02.325 - INFO: Query planning done in 0 ms
2026-09-29 05:37:02.325 - INFO: Result has unknown size (not computed yet)
2026-09-29 05:37:02.728 - INFO: Done processing query and sending result, total time was 403 ms
2026-09-29 05:37:02.748 - INFO: 
2026-09-29 05:37:02.748 - INFO: Request received via GET, no content type specified
2026-09-29 05:37:02.748 - INFO: Setting "adaptive-export-chunk-size" to: "true"
2026-09-29 05:37:02.766 - INFO: 
2026-09-29 05:37:02.766 - INFO: Request received via GET, no content type specified
2026-09-29 05:37:02.766 - INFO: Processing command "get-settings": get server settings
2026-09-29 05:37:02.784 - INFO: 
2026-09-29 05:37:02.784 - INFO: Request received via GET, no content type specified
2026-09-29 05:37:02.784 - INFO: Processing command "clear-cache": clear the cache (unpinned elements only)
2026-09-29 05:37:02.802 - INFO: 
2026-09-29 05:37:02.802 - INFO: Request received via POST, content type "application/x-www-form-urlencoded"
2026-09-29 05:37:02.802 - INFO: Processing the following SPARQL query:
# Tier H-vocab — title literals, large, SELECT variant for profiling
# Goal: stress external-vocabulary lookup on the SELECT CSV export path.
PREFIX dblp: <https://dblp.org/rdf/schema#>

SELECT ?paper ?title
WHERE {
  ?paper dblp:title ?title .
}
LIMIT 100000

2026-09-29 05:37:02.802 - INFO: Requested media types of the result are: "text/tab-separated-values"
2026-09-29 05:37:02.802 - INFO: Query planning done in 0 ms
2026-09-29 05:37:02.802 - INFO: Result has unknown size (not computed yet)
2026-09-29 05:37:03.207 - INFO: Done processing query and sending result, total time was 405 ms
2026-09-29 05:37:03.227 - INFO: 
2026-09-29 05:37:03.227 - INFO: Request received via GET, no content type specified
2026-09-29 05:37:03.227 - INFO: Processing command "clear-cache": clear the cache (unpinned elements only)
2026-09-29 05:37:03.253 - INFO: 
2026-09-29 05:37:03.253 - INFO: Request received via POST, content type "application/x-www-form-urlencoded"
2026-09-29 05:37:03.253 - INFO: Processing the following SPARQL query:
# Tier H-vocab — title literals, large, SELECT variant for profiling
# Goal: stress external-vocabulary lookup on the SELECT CSV export path.
PREFIX dblp: <https://dblp.org/rdf/schema#>

SELECT ?paper ?title
WHERE {
  ?paper dblp:title ?title .
}
LIMIT 100000

2026-09-29 05:37:03.253 - INFO: Requested media types of the result are: "text/tab-separated-values"
2026-09-29 05:37:03.253 - INFO: Query planning done in 0 ms
2026-09-29 05:37:03.253 - INFO: Result has unknown size (not computed yet)
2026-09-29 05:37:03.653 - INFO: Done processing query and sending result, total time was 400 ms
2026-09-29 05:37:03.672 - INFO: 
2026-09-29 05:37:03.672 - INFO: Request received via GET, no content type specified
2026-09-29 05:37:03.672 - INFO: Processing command "clear-cache": clear the cache (unpinned elements only)
2026-09-29 05:37:03.690 - INFO: 
2026-09-29 05:37:03.690 - INFO: Request received via POST, content type "application/x-www-form-urlencoded"
2026-09-29 05:37:03.690 - INFO: Processing the following SPARQL query:
# Tier H-vocab — title literals, large, SELECT variant for profiling
# Goal: stress external-vocabulary lookup on the SELECT CSV export path.
PREFIX dblp: <https://dblp.org/rdf/schema#>

SELECT ?paper ?title
WHERE {
  ?paper dblp:title ?title .
}
LIMIT 100000

2026-09-29 05:37:03.690 - INFO: Requested media types of the result are: "text/tab-separated-values"
2026-09-29 05:37:03.691 - INFO: Query planning done in 0 ms
2026-09-29 05:37:03.691 - INFO: Result has unknown size (not computed yet)
2026-09-29 05:37:04.092 - INFO: Done processing query and sending result, total time was 402 ms
2026-09-29 05:37:04.112 - INFO: 
2026-09-29 05:37:04.112 - INFO: Request received via GET, no content type specified
2026-09-29 05:37:04.112 - INFO: Processing command "clear-cache": clear the cache (unpinned elements only)
2026-09-29 05:37:04.129 - INFO: 
2026-09-29 05:37:04.129 - INFO: Request received via POST, content type "application/x-www-form-urlencoded"
2026-09-29 05:37:04.130 - INFO: Processing the following SPARQL query:
# Tier H-vocab — title literals, large, SELECT variant for profiling
# Goal: stress external-vocabulary lookup on the SELECT CSV export path.
PREFIX dblp: <https://dblp.org/rdf/schema#>

SELECT ?paper ?title
WHERE {
  ?paper dblp:title ?title .
}
LIMIT 100000

2026-09-29 05:37:04.130 - INFO: Requested media types of the result are: "text/tab-separated-values"
2026-09-29 05:37:04.130 - INFO: Query planning done in 0 ms
2026-09-29 05:37:04.130 - INFO: Result has unknown size (not computed yet)
2026-09-29 05:37:04.531 - INFO: Done processing query and sending result, total time was 401 ms
2026-09-29 05:37:04.551 - INFO: 
2026-09-29 05:37:04.551 - INFO: Request received via GET, no content type specified
2026-09-29 05:37:04.551 - INFO: Processing command "clear-cache": clear the cache (unpinned elements only)
2026-09-29 05:37:04.568 - INFO: 
2026-09-29 05:37:04.568 - INFO: Request received via POST, content type "application/x-www-form-urlencoded"
2026-09-29 05:37:04.569 - INFO: Processing the following SPARQL query:
# Tier H-vocab — title literals, large, SELECT variant for profiling
# Goal: stress external-vocabulary lookup on the SELECT CSV export path.
PREFIX dblp: <https://dblp.org/rdf/schema#>

SELECT ?paper ?title
WHERE {
  ?paper dblp:title ?title .
}
LIMIT 100000

2026-09-29 05:37:04.569 - INFO: Requested media types of the result are: "text/tab-separated-values"
2026-09-29 05:37:04.569 - INFO: Query planning done in 0 ms
2026-09-29 05:37:04.569 - INFO: Result has unknown size (not computed yet)
2026-09-29 05:37:04.969 - INFO: Done processing query and sending result, total time was 400 ms
2026-09-29 05:37:04.988 - INFO: 
2026-09-29 05:37:04.988 - INFO: Request received via GET, no content type specified
2026-09-29 05:37:04.988 - INFO: Processing command "clear-cache": clear the cache (unpinned elements only)
2026-09-29 05:37:05.006 - INFO: 
2026-09-29 05:37:05.006 - INFO: Request received via POST, content type "application/x-www-form-urlencoded"
2026-09-29 05:37:05.006 - INFO: Processing the following SPARQL query:
# Tier H-vocab — title literals, large, SELECT variant for profiling
# Goal: stress external-vocabulary lookup on the SELECT CSV export path.
PREFIX dblp: <https://dblp.org/rdf/schema#>

SELECT ?paper ?title
WHERE {
  ?paper dblp:title ?title .
}
LIMIT 100000

2026-09-29 05:37:05.006 - INFO: Requested media types of the result are: "text/tab-separated-values"
2026-09-29 05:37:05.007 - INFO: Query planning done in 0 ms
2026-09-29 05:37:05.007 - INFO: Result has unknown size (not computed yet)
2026-09-29 05:37:05.412 - INFO: Done processing query and sending result, total time was 405 ms
2026-09-29 05:37:05.431 - INFO: 
2026-09-29 05:37:05.431 - INFO: Request received via GET, no content type specified
2026-09-29 05:37:05.431 - INFO: Processing command "clear-cache": clear the cache (unpinned elements only)
2026-09-29 05:37:05.449 - INFO: 
2026-09-29 05:37:05.449 - INFO: Request received via POST, content type "application/x-www-form-urlencoded"
2026-09-29 05:37:05.449 - INFO: Processing the following SPARQL query:
# Tier H-vocab — title literals, large, SELECT variant for profiling
# Goal: stress external-vocabulary lookup on the SELECT CSV export path.
PREFIX dblp: <https://dblp.org/rdf/schema#>

SELECT ?paper ?title
WHERE {
  ?paper dblp:title ?title .
}
LIMIT 100000

2026-09-29 05:37:05.449 - INFO: Requested media types of the result are: "text/tab-separated-values"
2026-09-29 05:37:05.449 - INFO: Query planning done in 0 ms
2026-09-29 05:37:05.449 - INFO: Result has unknown size (not computed yet)
2026-09-29 05:37:05.850 - INFO: Done processing query and sending result, total time was 401 ms
2026-09-29 05:37:05.869 - INFO: 
2026-09-29 05:37:05.869 - INFO: Request received via GET, no content type specified
2026-09-29 05:37:05.869 - INFO: Processing command "clear-cache": clear the cache (unpinned elements only)
2026-09-29 05:37:05.887 - INFO: 
2026-09-29 05:37:05.887 - INFO: Request received via POST, content type "application/x-www-form-urlencoded"
2026-09-29 05:37:05.887 - INFO: Processing the following SPARQL query:
# Tier H-vocab — title literals, large, SELECT variant for profiling
# Goal: stress external-vocabulary lookup on the SELECT CSV export path.
PREFIX dblp: <https://dblp.org/rdf/schema#>

SELECT ?paper ?title
WHERE {
  ?paper dblp:title ?title .
}
LIMIT 100000

2026-09-29 05:37:05.887 - INFO: Requested media types of the result are: "text/tab-separated-values"
2026-09-29 05:37:05.888 - INFO: Query planning done in 0 ms
2026-09-29 05:37:05.888 - INFO: Result has unknown size (not computed yet)
2026-09-29 05:37:06.294 - INFO: Done processing query and sending result, total time was 407 ms
2026-09-29 05:37:06.314 - INFO: 
2026-09-29 05:37:06.314 - INFO: Request received via GET, no content type specified
2026-09-29 05:37:06.314 - INFO: Processing command "clear-cache": clear the cache (unpinned elements only)
2026-09-29 05:37:06.332 - INFO: 
2026-09-29 05:37:06.332 - INFO: Request received via POST, content type "application/x-www-form-urlencoded"
2026-09-29 05:37:06.332 - INFO: Processing the following SPARQL query:
# Tier H-vocab — title literals, large, SELECT variant for profiling
# Goal: stress external-vocabulary lookup on the SELECT CSV export path.
PREFIX dblp: <https://dblp.org/rdf/schema#>

SELECT ?paper ?title
WHERE {
  ?paper dblp:title ?title .
}
LIMIT 100000

2026-09-29 05:37:06.332 - INFO: Requested media types of the result are: "text/tab-separated-values"
2026-09-29 05:37:06.333 - INFO: Query planning done in 0 ms
2026-09-29 05:37:06.333 - INFO: Result has unknown size (not computed yet)
2026-09-29 05:37:06.742 - INFO: Done processing query and sending result, total time was 410 ms
2026-09-29 05:37:06.762 - INFO: 
2026-09-29 05:37:06.762 - INFO: Request received via GET, no content type specified
2026-09-29 05:37:06.762 - INFO: Processing command "clear-cache": clear the cache (unpinned elements only)
2026-09-29 05:37:06.780 - INFO: 
2026-09-29 05:37:06.780 - INFO: Request received via POST, content type "application/x-www-form-urlencoded"
2026-09-29 05:37:06.780 - INFO: Processing the following SPARQL query:
# Tier H-vocab — title literals, large, SELECT variant for profiling
# Goal: stress external-vocabulary lookup on the SELECT CSV export path.
PREFIX dblp: <https://dblp.org/rdf/schema#>

SELECT ?paper ?title
WHERE {
  ?paper dblp:title ?title .
}
LIMIT 100000

2026-09-29 05:37:06.780 - INFO: Requested media types of the result are: "text/tab-separated-values"
2026-09-29 05:37:06.780 - INFO: Query planning done in 0 ms
2026-09-29 05:37:06.780 - INFO: Result has unknown size (not computed yet)
2026-09-29 05:37:07.183 - INFO: Done processing query and sending result, total time was 403 ms
2026-09-29 05:37:07.203 - INFO: 
2026-09-29 05:37:07.203 - INFO: Request received via GET, no content type specified
2026-09-29 05:37:07.203 - INFO: Processing command "clear-cache": clear the cache (unpinned elements only)
2026-09-29 05:37:07.221 - INFO: 
2026-09-29 05:37:07.221 - INFO: Request received via POST, content type "application/x-www-form-urlencoded"
2026-09-29 05:37:07.221 - INFO: Processing the following SPARQL query:
# Tier H-vocab — title literals, large, SELECT variant for profiling
# Goal: stress external-vocabulary lookup on the SELECT CSV export path.
PREFIX dblp: <https://dblp.org/rdf/schema#>

SELECT ?paper ?title
WHERE {
  ?paper dblp:title ?title .
}
LIMIT 100000

2026-09-29 05:37:07.221 - INFO: Requested media types of the result are: "text/tab-separated-values"
2026-09-29 05:37:07.221 - INFO: Query planning done in 0 ms
2026-09-29 05:37:07.222 - INFO: Result has unknown size (not computed yet)
2026-09-29 05:37:07.627 - INFO: Done processing query and sending result, total time was 406 ms
2026-09-29 05:37:07.647 - INFO: 
2026-09-29 05:37:07.647 - INFO: Request received via GET, no content type specified
2026-09-29 05:37:07.647 - INFO: Processing command "clear-cache": clear the cache (unpinned elements only)
2026-09-29 05:37:07.665 - INFO: 
2026-09-29 05:37:07.665 - INFO: Request received via POST, content type "application/x-www-form-urlencoded"
2026-09-29 05:37:07.665 - INFO: Processing the following SPARQL query:
# Tier H-vocab — title literals, large, SELECT variant for profiling
# Goal: stress external-vocabulary lookup on the SELECT CSV export path.
PREFIX dblp: <https://dblp.org/rdf/schema#>

SELECT ?paper ?title
WHERE {
  ?paper dblp:title ?title .
}
LIMIT 100000

2026-09-29 05:37:07.665 - INFO: Requested media types of the result are: "text/tab-separated-values"
2026-09-29 05:37:07.665 - INFO: Query planning done in 0 ms
2026-09-29 05:37:07.666 - INFO: Result has unknown size (not computed yet)
2026-09-29 05:37:08.074 - INFO: Done processing query and sending result, total time was 408 ms
2026-09-29 05:37:08.093 - INFO: 
2026-09-29 05:37:08.093 - INFO: Request received via GET, no content type specified
2026-09-29 05:37:08.093 - INFO: Processing command "clear-cache": clear the cache (unpinned elements only)
2026-09-29 05:37:08.111 - INFO: 
2026-09-29 05:37:08.111 - INFO: Request received via POST, content type "application/x-www-form-urlencoded"
2026-09-29 05:37:08.111 - INFO: Processing the following SPARQL query:
# Tier H-vocab — title literals, large, SELECT variant for profiling
# Goal: stress external-vocabulary lookup on the SELECT CSV export path.
PREFIX dblp: <https://dblp.org/rdf/schema#>

SELECT ?paper ?title
WHERE {
  ?paper dblp:title ?title .
}
LIMIT 100000

2026-09-29 05:37:08.111 - INFO: Requested media types of the result are: "text/tab-separated-values"
2026-09-29 05:37:08.112 - INFO: Query planning done in 0 ms
2026-09-29 05:37:08.112 - INFO: Result has unknown size (not computed yet)
2026-09-29 05:37:08.513 - INFO: Done processing query and sending result, total time was 402 ms
2026-09-29 05:37:08.533 - INFO: 
2026-09-29 05:37:08.533 - INFO: Request received via GET, no content type specified
2026-09-29 05:37:08.533 - INFO: Processing command "clear-cache": clear the cache (unpinned elements only)
2026-09-29 05:37:08.551 - INFO: 
2026-09-29 05:37:08.551 - INFO: Request received via POST, content type "application/x-www-form-urlencoded"
2026-09-29 05:37:08.551 - INFO: Processing the following SPARQL query:
# Tier H-vocab — title literals, large, SELECT variant for profiling
# Goal: stress external-vocabulary lookup on the SELECT CSV export path.
PREFIX dblp: <https://dblp.org/rdf/schema#>

SELECT ?paper ?title
WHERE {
  ?paper dblp:title ?title .
}
LIMIT 100000

2026-09-29 05:37:08.551 - INFO: Requested media types of the result are: "text/tab-separated-values"
2026-09-29 05:37:08.551 - INFO: Query planning done in 0 ms
2026-09-29 05:37:08.552 - INFO: Result has unknown size (not computed yet)
2026-09-29 05:37:08.956 - INFO: Done processing query and sending result, total time was 404 ms
2026-09-29 05:37:08.975 - INFO: 
2026-09-29 05:37:08.975 - INFO: Request received via GET, no content type specified
2026-09-29 05:37:08.975 - INFO: Processing command "clear-cache": clear the cache (unpinned elements only)
2026-09-29 05:37:09.001 - INFO: 
2026-09-29 05:37:09.001 - INFO: Request received via POST, content type "application/x-www-form-urlencoded"
2026-09-29 05:37:09.001 - INFO: Processing the following SPARQL query:
# Tier H-vocab — title literals, large, SELECT variant for profiling
# Goal: stress external-vocabulary lookup on the SELECT CSV export path.
PREFIX dblp: <https://dblp.org/rdf/schema#>

SELECT ?paper ?title
WHERE {
  ?paper dblp:title ?title .
}
LIMIT 100000

2026-09-29 05:37:09.001 - INFO: Requested media types of the result are: "text/tab-separated-values"
2026-09-29 05:37:09.001 - INFO: Query planning done in 0 ms
2026-09-29 05:37:09.001 - INFO: Result has unknown size (not computed yet)
2026-09-29 05:37:09.405 - INFO: Done processing query and sending result, total time was 404 ms
2026-09-29 05:37:09.424 - INFO: 
2026-09-29 05:37:09.424 - INFO: Request received via GET, no content type specified
2026-09-29 05:37:09.424 - INFO: Processing command "clear-cache": clear the cache (unpinned elements only)
2026-09-29 05:37:09.442 - INFO: 
2026-09-29 05:37:09.442 - INFO: Request received via POST, content type "application/x-www-form-urlencoded"
2026-09-29 05:37:09.443 - INFO: Processing the following SPARQL query:
# Tier H-vocab — title literals, large, SELECT variant for profiling
# Goal: stress external-vocabulary lookup on the SELECT CSV export path.
PREFIX dblp: <https://dblp.org/rdf/schema#>

SELECT ?paper ?title
WHERE {
  ?paper dblp:title ?title .
}
LIMIT 100000

2026-09-29 05:37:09.443 - INFO: Requested media types of the result are: "text/tab-separated-values"
2026-09-29 05:37:09.443 - INFO: Query planning done in 0 ms
2026-09-29 05:37:09.443 - INFO: Result has unknown size (not computed yet)
2026-09-29 05:37:09.850 - INFO: Done processing query and sending result, total time was 407 ms
2026-09-29 05:37:09.870 - INFO: 
2026-09-29 05:37:09.870 - INFO: Request received via GET, no content type specified
2026-09-29 05:37:09.870 - INFO: Processing command "clear-cache": clear the cache (unpinned elements only)
2026-09-29 05:37:09.888 - INFO: 
2026-09-29 05:37:09.888 - INFO: Request received via POST, content type "application/x-www-form-urlencoded"
2026-09-29 05:37:09.888 - INFO: Processing the following SPARQL query:
# Tier H-vocab — title literals, large, SELECT variant for profiling
# Goal: stress external-vocabulary lookup on the SELECT CSV export path.
PREFIX dblp: <https://dblp.org/rdf/schema#>

SELECT ?paper ?title
WHERE {
  ?paper dblp:title ?title .
}
LIMIT 100000

2026-09-29 05:37:09.888 - INFO: Requested media types of the result are: "text/tab-separated-values"
2026-09-29 05:37:09.888 - INFO: Query planning done in 0 ms
2026-09-29 05:37:09.888 - INFO: Result has unknown size (not computed yet)
2026-09-29 05:37:10.291 - INFO: Done processing query and sending result, total time was 402 ms
2026-09-29 05:37:10.310 - INFO: 
2026-09-29 05:37:10.310 - INFO: Request received via GET, no content type specified
2026-09-29 05:37:10.310 - INFO: Processing command "clear-cache": clear the cache (unpinned elements only)
2026-09-29 05:37:10.328 - INFO: 
2026-09-29 05:37:10.328 - INFO: Request received via POST, content type "application/x-www-form-urlencoded"
2026-09-29 05:37:10.328 - INFO: Processing the following SPARQL query:
# Tier H-vocab — title literals, large, SELECT variant for profiling
# Goal: stress external-vocabulary lookup on the SELECT CSV export path.
PREFIX dblp: <https://dblp.org/rdf/schema#>

SELECT ?paper ?title
WHERE {
  ?paper dblp:title ?title .
}
LIMIT 100000

2026-09-29 05:37:10.328 - INFO: Requested media types of the result are: "text/tab-separated-values"
2026-09-29 05:37:10.329 - INFO: Query planning done in 0 ms
2026-09-29 05:37:10.329 - INFO: Result has unknown size (not computed yet)
2026-09-29 05:37:10.732 - INFO: Done processing query and sending result, total time was 404 ms
2026-09-29 05:37:10.752 - INFO: 
2026-09-29 05:37:10.752 - INFO: Request received via GET, no content type specified
2026-09-29 05:37:10.752 - INFO: Processing command "clear-cache": clear the cache (unpinned elements only)
2026-09-29 05:37:10.770 - INFO: 
2026-09-29 05:37:10.770 - INFO: Request received via POST, content type "application/x-www-form-urlencoded"
2026-09-29 05:37:10.770 - INFO: Processing the following SPARQL query:
# Tier H-vocab — title literals, large, SELECT variant for profiling
# Goal: stress external-vocabulary lookup on the SELECT CSV export path.
PREFIX dblp: <https://dblp.org/rdf/schema#>

SELECT ?paper ?title
WHERE {
  ?paper dblp:title ?title .
}
LIMIT 100000

2026-09-29 05:37:10.770 - INFO: Requested media types of the result are: "text/tab-separated-values"
2026-09-29 05:37:10.771 - INFO: Query planning done in 0 ms
2026-09-29 05:37:10.771 - INFO: Result has unknown size (not computed yet)
2026-09-29 05:37:11.175 - INFO: Done processing query and sending result, total time was 404 ms
2026-09-29 05:37:11.194 - INFO: 
2026-09-29 05:37:11.194 - INFO: Request received via GET, no content type specified
2026-09-29 05:37:11.194 - INFO: Processing command "clear-cache": clear the cache (unpinned elements only)
2026-09-29 05:37:11.212 - INFO: 
2026-09-29 05:37:11.212 - INFO: Request received via POST, content type "application/x-www-form-urlencoded"
2026-09-29 05:37:11.212 - INFO: Processing the following SPARQL query:
# Tier H-vocab — title literals, large, SELECT variant for profiling
# Goal: stress external-vocabulary lookup on the SELECT CSV export path.
PREFIX dblp: <https://dblp.org/rdf/schema#>

SELECT ?paper ?title
WHERE {
  ?paper dblp:title ?title .
}
LIMIT 100000

2026-09-29 05:37:11.212 - INFO: Requested media types of the result are: "text/tab-separated-values"
2026-09-29 05:37:11.213 - INFO: Query planning done in 0 ms
2026-09-29 05:37:11.213 - INFO: Result has unknown size (not computed yet)
2026-09-29 05:37:11.620 - INFO: Done processing query and sending result, total time was 407 ms
2026-09-29 05:37:11.639 - INFO: 
2026-09-29 05:37:11.639 - INFO: Request received via GET, no content type specified
2026-09-29 05:37:11.639 - INFO: Processing command "clear-cache": clear the cache (unpinned elements only)
2026-09-29 05:37:11.669 - INFO: 
2026-09-29 05:37:11.669 - INFO: Request received via POST, content type "application/x-www-form-urlencoded"
2026-09-29 05:37:11.669 - INFO: Processing the following SPARQL query:
# Tier H-vocab — title literals, large, SELECT variant for profiling
# Goal: stress external-vocabulary lookup on the SELECT CSV export path.
PREFIX dblp: <https://dblp.org/rdf/schema#>

SELECT ?paper ?title
WHERE {
  ?paper dblp:title ?title .
}
LIMIT 100000

2026-09-29 05:37:11.669 - INFO: Requested media types of the result are: "text/tab-separated-values"
2026-09-29 05:37:11.669 - INFO: Query planning done in 0 ms
2026-09-29 05:37:11.669 - INFO: Result has unknown size (not computed yet)
2026-09-29 05:37:12.074 - INFO: Done processing query and sending result, total time was 405 ms
2026-09-29 05:37:12.093 - INFO: 
2026-09-29 05:37:12.093 - INFO: Request received via GET, no content type specified
2026-09-29 05:37:12.093 - INFO: Processing command "clear-cache": clear the cache (unpinned elements only)
2026-09-29 05:37:12.111 - INFO: 
2026-09-29 05:37:12.111 - INFO: Request received via POST, content type "application/x-www-form-urlencoded"
2026-09-29 05:37:12.111 - INFO: Processing the following SPARQL query:
# Tier H-vocab — title literals, large, SELECT variant for profiling
# Goal: stress external-vocabulary lookup on the SELECT CSV export path.
PREFIX dblp: <https://dblp.org/rdf/schema#>

SELECT ?paper ?title
WHERE {
  ?paper dblp:title ?title .
}
LIMIT 100000

2026-09-29 05:37:12.111 - INFO: Requested media types of the result are: "text/tab-separated-values"
2026-09-29 05:37:12.112 - INFO: Query planning done in 0 ms
2026-09-29 05:37:12.112 - INFO: Result has unknown size (not computed yet)
2026-09-29 05:37:12.516 - INFO: Done processing query and sending result, total time was 405 ms
2026-09-29 05:37:12.535 - INFO: 
2026-09-29 05:37:12.535 - INFO: Request received via GET, no content type specified
2026-09-29 05:37:12.535 - INFO: Processing command "clear-cache": clear the cache (unpinned elements only)
2026-09-29 05:37:12.553 - INFO: 
2026-09-29 05:37:12.553 - INFO: Request received via POST, content type "application/x-www-form-urlencoded"
2026-09-29 05:37:12.553 - INFO: Processing the following SPARQL query:
# Tier H-vocab — title literals, large, SELECT variant for profiling
# Goal: stress external-vocabulary lookup on the SELECT CSV export path.
PREFIX dblp: <https://dblp.org/rdf/schema#>

SELECT ?paper ?title
WHERE {
  ?paper dblp:title ?title .
}
LIMIT 100000

2026-09-29 05:37:12.553 - INFO: Requested media types of the result are: "text/tab-separated-values"
2026-09-29 05:37:12.554 - INFO: Query planning done in 0 ms
2026-09-29 05:37:12.554 - INFO: Result has unknown size (not computed yet)
2026-09-29 05:37:12.958 - INFO: Done processing query and sending result, total time was 405 ms
2026-09-29 05:37:12.978 - INFO: 
2026-09-29 05:37:12.978 - INFO: Request received via GET, no content type specified
2026-09-29 05:37:12.978 - INFO: Processing command "clear-cache": clear the cache (unpinned elements only)
2026-09-29 05:37:12.995 - INFO: 
2026-09-29 05:37:12.995 - INFO: Request received via POST, content type "application/x-www-form-urlencoded"
2026-09-29 05:37:12.996 - INFO: Processing the following SPARQL query:
# Tier H-vocab — title literals, large, SELECT variant for profiling
# Goal: stress external-vocabulary lookup on the SELECT CSV export path.
PREFIX dblp: <https://dblp.org/rdf/schema#>

SELECT ?paper ?title
WHERE {
  ?paper dblp:title ?title .
}
LIMIT 100000

2026-09-29 05:37:12.996 - INFO: Requested media types of the result are: "text/tab-separated-values"
2026-09-29 05:37:12.996 - INFO: Query planning done in 0 ms
2026-09-29 05:37:12.996 - INFO: Result has unknown size (not computed yet)
2026-09-29 05:37:13.401 - INFO: Done processing query and sending result, total time was 405 ms
2026-09-29 05:37:13.420 - INFO: 
2026-09-29 05:37:13.420 - INFO: Request received via GET, no content type specified
2026-09-29 05:37:13.420 - INFO: Setting "adaptive-export-chunk-size" to: "false"
2026-09-29 05:37:13.438 - INFO: 
2026-09-29 05:37:13.438 - INFO: Request received via GET, no content type specified
2026-09-29 05:37:13.438 - INFO: Processing command "get-settings": get server settings
2026-09-29 05:37:13.456 - INFO: 
2026-09-29 05:37:13.456 - INFO: Request received via GET, no content type specified
2026-09-29 05:37:13.456 - INFO: Processing command "clear-cache": clear the cache (unpinned elements only)
2026-09-29 05:37:13.473 - INFO: 
2026-09-29 05:37:13.473 - INFO: Request received via POST, content type "application/x-www-form-urlencoded"
2026-09-29 05:37:13.474 - INFO: Processing the following SPARQL query:
# Tier H-vocab — title literals, large, SELECT variant for profiling
# Goal: stress external-vocabulary lookup on the SELECT CSV export path.
PREFIX dblp: <https://dblp.org/rdf/schema#>

SELECT ?paper ?title
WHERE {
  ?paper dblp:title ?title .
}
LIMIT 100000

2026-09-29 05:37:13.474 - INFO: Requested media types of the result are: "text/tab-separated-values"
2026-09-29 05:37:13.474 - INFO: Query planning done in 0 ms
2026-09-29 05:37:13.474 - INFO: Result has unknown size (not computed yet)
2026-09-29 05:37:13.882 - INFO: Done processing query and sending result, total time was 408 ms
2026-09-29 05:37:13.901 - INFO: 
2026-09-29 05:37:13.901 - INFO: Request received via GET, no content type specified
2026-09-29 05:37:13.902 - INFO: Processing command "clear-cache": clear the cache (unpinned elements only)
2026-09-29 05:37:13.919 - INFO: 
2026-09-29 05:37:13.919 - INFO: Request received via POST, content type "application/x-www-form-urlencoded"
2026-09-29 05:37:13.920 - INFO: Processing the following SPARQL query:
# Tier H-vocab — title literals, large, SELECT variant for profiling
# Goal: stress external-vocabulary lookup on the SELECT CSV export path.
PREFIX dblp: <https://dblp.org/rdf/schema#>

SELECT ?paper ?title
WHERE {
  ?paper dblp:title ?title .
}
LIMIT 100000

2026-09-29 05:37:13.920 - INFO: Requested media types of the result are: "text/tab-separated-values"
2026-09-29 05:37:13.920 - INFO: Query planning done in 0 ms
2026-09-29 05:37:13.920 - INFO: Result has unknown size (not computed yet)
2026-09-29 05:37:14.325 - INFO: Done processing query and sending result, total time was 405 ms
2026-09-29 05:37:14.344 - INFO: 
2026-09-29 05:37:14.344 - INFO: Request received via GET, no content type specified
2026-09-29 05:37:14.344 - INFO: Processing command "clear-cache": clear the cache (unpinned elements only)
2026-09-29 05:37:14.369 - INFO: 
2026-09-29 05:37:14.369 - INFO: Request received via POST, content type "application/x-www-form-urlencoded"
2026-09-29 05:37:14.370 - INFO: Processing the following SPARQL query:
# Tier H-vocab — title literals, large, SELECT variant for profiling
# Goal: stress external-vocabulary lookup on the SELECT CSV export path.
PREFIX dblp: <https://dblp.org/rdf/schema#>

SELECT ?paper ?title
WHERE {
  ?paper dblp:title ?title .
}
LIMIT 100000

2026-09-29 05:37:14.370 - INFO: Requested media types of the result are: "text/tab-separated-values"
2026-09-29 05:37:14.370 - INFO: Query planning done in 0 ms
2026-09-29 05:37:14.370 - INFO: Result has unknown size (not computed yet)
2026-09-29 05:37:14.775 - INFO: Done processing query and sending result, total time was 405 ms
2026-09-29 05:37:14.795 - INFO: 
2026-09-29 05:37:14.795 - INFO: Request received via GET, no content type specified
2026-09-29 05:37:14.795 - INFO: Processing command "clear-cache": clear the cache (unpinned elements only)
2026-09-29 05:37:14.812 - INFO: 
2026-09-29 05:37:14.812 - INFO: Request received via POST, content type "application/x-www-form-urlencoded"
2026-09-29 05:37:14.813 - INFO: Processing the following SPARQL query:
# Tier H-vocab — title literals, large, SELECT variant for profiling
# Goal: stress external-vocabulary lookup on the SELECT CSV export path.
PREFIX dblp: <https://dblp.org/rdf/schema#>

SELECT ?paper ?title
WHERE {
  ?paper dblp:title ?title .
}
LIMIT 100000

2026-09-29 05:37:14.813 - INFO: Requested media types of the result are: "text/tab-separated-values"
2026-09-29 05:37:14.813 - INFO: Query planning done in 0 ms
2026-09-29 05:37:14.813 - INFO: Result has unknown size (not computed yet)
2026-09-29 05:37:15.218 - INFO: Done processing query and sending result, total time was 405 ms
2026-09-29 05:37:15.238 - INFO: 
2026-09-29 05:37:15.238 - INFO: Request received via GET, no content type specified
2026-09-29 05:37:15.238 - INFO: Processing command "clear-cache": clear the cache (unpinned elements only)
2026-09-29 05:37:15.256 - INFO: 
2026-09-29 05:37:15.256 - INFO: Request received via POST, content type "application/x-www-form-urlencoded"
2026-09-29 05:37:15.256 - INFO: Processing the following SPARQL query:
# Tier H-vocab — title literals, large, SELECT variant for profiling
# Goal: stress external-vocabulary lookup on the SELECT CSV export path.
PREFIX dblp: <https://dblp.org/rdf/schema#>

SELECT ?paper ?title
WHERE {
  ?paper dblp:title ?title .
}
LIMIT 100000

2026-09-29 05:37:15.256 - INFO: Requested media types of the result are: "text/tab-separated-values"
2026-09-29 05:37:15.256 - INFO: Query planning done in 0 ms
2026-09-29 05:37:15.256 - INFO: Result has unknown size (not computed yet)
2026-09-29 05:37:15.667 - INFO: Done processing query and sending result, total time was 411 ms
2026-09-29 05:37:15.687 - INFO: 
2026-09-29 05:37:15.687 - INFO: Request received via GET, no content type specified
2026-09-29 05:37:15.687 - INFO: Processing command "clear-cache": clear the cache (unpinned elements only)
2026-09-29 05:37:15.705 - INFO: 
2026-09-29 05:37:15.705 - INFO: Request received via POST, content type "application/x-www-form-urlencoded"
2026-09-29 05:37:15.705 - INFO: Processing the following SPARQL query:
# Tier H-vocab — title literals, large, SELECT variant for profiling
# Goal: stress external-vocabulary lookup on the SELECT CSV export path.
PREFIX dblp: <https://dblp.org/rdf/schema#>

SELECT ?paper ?title
WHERE {
  ?paper dblp:title ?title .
}
LIMIT 100000

2026-09-29 05:37:15.705 - INFO: Requested media types of the result are: "text/tab-separated-values"
2026-09-29 05:37:15.706 - INFO: Query planning done in 0 ms
2026-09-29 05:37:15.706 - INFO: Result has unknown size (not computed yet)
2026-09-29 05:37:16.115 - INFO: Done processing query and sending result, total time was 409 ms
2026-09-29 05:37:16.135 - INFO: 
2026-09-29 05:37:16.135 - INFO: Request received via GET, no content type specified
2026-09-29 05:37:16.135 - INFO: Processing command "clear-cache": clear the cache (unpinned elements only)
2026-09-29 05:37:16.153 - INFO: 
2026-09-29 05:37:16.153 - INFO: Request received via POST, content type "application/x-www-form-urlencoded"
2026-09-29 05:37:16.154 - INFO: Processing the following SPARQL query:
# Tier H-vocab — title literals, large, SELECT variant for profiling
# Goal: stress external-vocabulary lookup on the SELECT CSV export path.
PREFIX dblp: <https://dblp.org/rdf/schema#>

SELECT ?paper ?title
WHERE {
  ?paper dblp:title ?title .
}
LIMIT 100000

2026-09-29 05:37:16.154 - INFO: Requested media types of the result are: "text/tab-separated-values"
2026-09-29 05:37:16.154 - INFO: Query planning done in 0 ms
2026-09-29 05:37:16.154 - INFO: Result has unknown size (not computed yet)
2026-09-29 05:37:16.562 - INFO: Done processing query and sending result, total time was 408 ms
2026-09-29 05:37:16.582 - INFO: 
2026-09-29 05:37:16.582 - INFO: Request received via GET, no content type specified
2026-09-29 05:37:16.582 - INFO: Processing command "clear-cache": clear the cache (unpinned elements only)
2026-09-29 05:37:16.600 - INFO: 
2026-09-29 05:37:16.600 - INFO: Request received via POST, content type "application/x-www-form-urlencoded"
2026-09-29 05:37:16.600 - INFO: Processing the following SPARQL query:
# Tier H-vocab — title literals, large, SELECT variant for profiling
# Goal: stress external-vocabulary lookup on the SELECT CSV export path.
PREFIX dblp: <https://dblp.org/rdf/schema#>

SELECT ?paper ?title
WHERE {
  ?paper dblp:title ?title .
}
LIMIT 100000

2026-09-29 05:37:16.600 - INFO: Requested media types of the result are: "text/tab-separated-values"
2026-09-29 05:37:16.600 - INFO: Query planning done in 0 ms
2026-09-29 05:37:16.600 - INFO: Result has unknown size (not computed yet)
2026-09-29 05:37:17.006 - INFO: Done processing query and sending result, total time was 406 ms
2026-09-29 05:37:17.026 - INFO: 
2026-09-29 05:37:17.026 - INFO: Request received via GET, no content type specified
2026-09-29 05:37:17.026 - INFO: Processing command "clear-cache": clear the cache (unpinned elements only)
2026-09-29 05:37:17.044 - INFO: 
2026-09-29 05:37:17.044 - INFO: Request received via POST, content type "application/x-www-form-urlencoded"
2026-09-29 05:37:17.044 - INFO: Processing the following SPARQL query:
# Tier H-vocab — title literals, large, SELECT variant for profiling
# Goal: stress external-vocabulary lookup on the SELECT CSV export path.
PREFIX dblp: <https://dblp.org/rdf/schema#>

SELECT ?paper ?title
WHERE {
  ?paper dblp:title ?title .
}
LIMIT 100000

2026-09-29 05:37:17.044 - INFO: Requested media types of the result are: "text/tab-separated-values"
2026-09-29 05:37:17.044 - INFO: Query planning done in 0 ms
2026-09-29 05:37:17.044 - INFO: Result has unknown size (not computed yet)
2026-09-29 05:37:17.455 - INFO: Done processing query and sending result, total time was 410 ms
2026-09-29 05:37:17.474 - INFO: 
2026-09-29 05:37:17.474 - INFO: Request received via GET, no content type specified
2026-09-29 05:37:17.475 - INFO: Processing command "clear-cache": clear the cache (unpinned elements only)
2026-09-29 05:37:17.492 - INFO: 
2026-09-29 05:37:17.492 - INFO: Request received via POST, content type "application/x-www-form-urlencoded"
2026-09-29 05:37:17.493 - INFO: Processing the following SPARQL query:
# Tier H-vocab — title literals, large, SELECT variant for profiling
# Goal: stress external-vocabulary lookup on the SELECT CSV export path.
PREFIX dblp: <https://dblp.org/rdf/schema#>

SELECT ?paper ?title
WHERE {
  ?paper dblp:title ?title .
}
LIMIT 100000

2026-09-29 05:37:17.493 - INFO: Requested media types of the result are: "text/tab-separated-values"
2026-09-29 05:37:17.493 - INFO: Query planning done in 0 ms
2026-09-29 05:37:17.493 - INFO: Result has unknown size (not computed yet)
2026-09-29 05:37:17.899 - INFO: Done processing query and sending result, total time was 406 ms
2026-09-29 05:37:17.918 - INFO: 
2026-09-29 05:37:17.918 - INFO: Request received via GET, no content type specified
2026-09-29 05:37:17.918 - INFO: Processing command "clear-cache": clear the cache (unpinned elements only)
2026-09-29 05:37:17.936 - INFO: 
2026-09-29 05:37:17.936 - INFO: Request received via POST, content type "application/x-www-form-urlencoded"
2026-09-29 05:37:17.936 - INFO: Processing the following SPARQL query:
# Tier H-vocab — title literals, large, SELECT variant for profiling
# Goal: stress external-vocabulary lookup on the SELECT CSV export path.
PREFIX dblp: <https://dblp.org/rdf/schema#>

SELECT ?paper ?title
WHERE {
  ?paper dblp:title ?title .
}
LIMIT 100000

2026-09-29 05:37:17.936 - INFO: Requested media types of the result are: "text/tab-separated-values"
2026-09-29 05:37:17.937 - INFO: Query planning done in 0 ms
2026-09-29 05:37:17.937 - INFO: Result has unknown size (not computed yet)
2026-09-29 05:37:18.338 - INFO: Done processing query and sending result, total time was 401 ms
2026-09-29 05:37:18.357 - INFO: 
2026-09-29 05:37:18.357 - INFO: Request received via GET, no content type specified
2026-09-29 05:37:18.358 - INFO: Processing command "clear-cache": clear the cache (unpinned elements only)
2026-09-29 05:37:18.375 - INFO: 
2026-09-29 05:37:18.375 - INFO: Request received via POST, content type "application/x-www-form-urlencoded"
2026-09-29 05:37:18.375 - INFO: Processing the following SPARQL query:
# Tier H-vocab — title literals, large, SELECT variant for profiling
# Goal: stress external-vocabulary lookup on the SELECT CSV export path.
PREFIX dblp: <https://dblp.org/rdf/schema#>

SELECT ?paper ?title
WHERE {
  ?paper dblp:title ?title .
}
LIMIT 100000

2026-09-29 05:37:18.375 - INFO: Requested media types of the result are: "text/tab-separated-values"
2026-09-29 05:37:18.376 - INFO: Query planning done in 0 ms
2026-09-29 05:37:18.376 - INFO: Result has unknown size (not computed yet)
2026-09-29 05:37:18.778 - INFO: Done processing query and sending result, total time was 402 ms
2026-09-29 05:37:18.797 - INFO: 
2026-09-29 05:37:18.797 - INFO: Request received via GET, no content type specified
2026-09-29 05:37:18.797 - INFO: Processing command "clear-cache": clear the cache (unpinned elements only)
2026-09-29 05:37:18.815 - INFO: 
2026-09-29 05:37:18.815 - INFO: Request received via POST, content type "application/x-www-form-urlencoded"
2026-09-29 05:37:18.815 - INFO: Processing the following SPARQL query:
# Tier H-vocab — title literals, large, SELECT variant for profiling
# Goal: stress external-vocabulary lookup on the SELECT CSV export path.
PREFIX dblp: <https://dblp.org/rdf/schema#>

SELECT ?paper ?title
WHERE {
  ?paper dblp:title ?title .
}
LIMIT 100000

2026-09-29 05:37:18.815 - INFO: Requested media types of the result are: "text/tab-separated-values"
2026-09-29 05:37:18.815 - INFO: Query planning done in 0 ms
2026-09-29 05:37:18.816 - INFO: Result has unknown size (not computed yet)
2026-09-29 05:37:19.221 - INFO: Done processing query and sending result, total time was 405 ms
2026-09-29 05:37:19.240 - INFO: 
2026-09-29 05:37:19.240 - INFO: Request received via GET, no content type specified
2026-09-29 05:37:19.240 - INFO: Processing command "clear-cache": clear the cache (unpinned elements only)
2026-09-29 05:37:19.258 - INFO: 
2026-09-29 05:37:19.258 - INFO: Request received via POST, content type "application/x-www-form-urlencoded"
2026-09-29 05:37:19.258 - INFO: Processing the following SPARQL query:
# Tier H-vocab — title literals, large, SELECT variant for profiling
# Goal: stress external-vocabulary lookup on the SELECT CSV export path.
PREFIX dblp: <https://dblp.org/rdf/schema#>

SELECT ?paper ?title
WHERE {
  ?paper dblp:title ?title .
}
LIMIT 100000

2026-09-29 05:37:19.258 - INFO: Requested media types of the result are: "text/tab-separated-values"
2026-09-29 05:37:19.258 - INFO: Query planning done in 0 ms
2026-09-29 05:37:19.259 - INFO: Result has unknown size (not computed yet)
2026-09-29 05:37:19.667 - INFO: Done processing query and sending result, total time was 408 ms
2026-09-29 05:37:19.686 - INFO: 
2026-09-29 05:37:19.686 - INFO: Request received via GET, no content type specified
2026-09-29 05:37:19.686 - INFO: Processing command "clear-cache": clear the cache (unpinned elements only)
2026-09-29 05:37:19.704 - INFO: 
2026-09-29 05:37:19.704 - INFO: Request received via POST, content type "application/x-www-form-urlencoded"
2026-09-29 05:37:19.704 - INFO: Processing the following SPARQL query:
# Tier H-vocab — title literals, large, SELECT variant for profiling
# Goal: stress external-vocabulary lookup on the SELECT CSV export path.
PREFIX dblp: <https://dblp.org/rdf/schema#>

SELECT ?paper ?title
WHERE {
  ?paper dblp:title ?title .
}
LIMIT 100000

2026-09-29 05:37:19.704 - INFO: Requested media types of the result are: "text/tab-separated-values"
2026-09-29 05:37:19.704 - INFO: Query planning done in 0 ms
2026-09-29 05:37:19.704 - INFO: Result has unknown size (not computed yet)
2026-09-29 05:37:20.107 - INFO: Done processing query and sending result, total time was 402 ms
2026-09-29 05:37:20.126 - INFO: 
2026-09-29 05:37:20.126 - INFO: Request received via GET, no content type specified
2026-09-29 05:37:20.126 - INFO: Processing command "clear-cache": clear the cache (unpinned elements only)
2026-09-29 05:37:20.151 - INFO: 
2026-09-29 05:37:20.151 - INFO: Request received via POST, content type "application/x-www-form-urlencoded"
2026-09-29 05:37:20.152 - INFO: Processing the following SPARQL query:
# Tier H-vocab — title literals, large, SELECT variant for profiling
# Goal: stress external-vocabulary lookup on the SELECT CSV export path.
PREFIX dblp: <https://dblp.org/rdf/schema#>

SELECT ?paper ?title
WHERE {
  ?paper dblp:title ?title .
}
LIMIT 100000

2026-09-29 05:37:20.152 - INFO: Requested media types of the result are: "text/tab-separated-values"
2026-09-29 05:37:20.152 - INFO: Query planning done in 0 ms
2026-09-29 05:37:20.152 - INFO: Result has unknown size (not computed yet)
2026-09-29 05:37:20.554 - INFO: Done processing query and sending result, total time was 402 ms
2026-09-29 05:37:20.573 - INFO: 
2026-09-29 05:37:20.573 - INFO: Request received via GET, no content type specified
2026-09-29 05:37:20.573 - INFO: Processing command "clear-cache": clear the cache (unpinned elements only)
2026-09-29 05:37:20.591 - INFO: 
2026-09-29 05:37:20.591 - INFO: Request received via POST, content type "application/x-www-form-urlencoded"
2026-09-29 05:37:20.592 - INFO: Processing the following SPARQL query:
# Tier H-vocab — title literals, large, SELECT variant for profiling
# Goal: stress external-vocabulary lookup on the SELECT CSV export path.
PREFIX dblp: <https://dblp.org/rdf/schema#>

SELECT ?paper ?title
WHERE {
  ?paper dblp:title ?title .
}
LIMIT 100000

2026-09-29 05:37:20.592 - INFO: Requested media types of the result are: "text/tab-separated-values"
2026-09-29 05:37:20.592 - INFO: Query planning done in 0 ms
2026-09-29 05:37:20.592 - INFO: Result has unknown size (not computed yet)
2026-09-29 05:37:20.995 - INFO: Done processing query and sending result, total time was 403 ms
2026-09-29 05:37:21.015 - INFO: 
2026-09-29 05:37:21.015 - INFO: Request received via GET, no content type specified
2026-09-29 05:37:21.015 - INFO: Processing command "clear-cache": clear the cache (unpinned elements only)
2026-09-29 05:37:21.033 - INFO: 
2026-09-29 05:37:21.033 - INFO: Request received via POST, content type "application/x-www-form-urlencoded"
2026-09-29 05:37:21.033 - INFO: Processing the following SPARQL query:
# Tier H-vocab — title literals, large, SELECT variant for profiling
# Goal: stress external-vocabulary lookup on the SELECT CSV export path.
PREFIX dblp: <https://dblp.org/rdf/schema#>

SELECT ?paper ?title
WHERE {
  ?paper dblp:title ?title .
}
LIMIT 100000

2026-09-29 05:37:21.033 - INFO: Requested media types of the result are: "text/tab-separated-values"
2026-09-29 05:37:21.033 - INFO: Query planning done in 0 ms
2026-09-29 05:37:21.033 - INFO: Result has unknown size (not computed yet)
2026-09-29 05:37:21.441 - INFO: Done processing query and sending result, total time was 408 ms
2026-09-29 05:37:21.461 - INFO: 
2026-09-29 05:37:21.461 - INFO: Request received via GET, no content type specified
2026-09-29 05:37:21.461 - INFO: Processing command "clear-cache": clear the cache (unpinned elements only)
2026-09-29 05:37:21.479 - INFO: 
2026-09-29 05:37:21.479 - INFO: Request received via POST, content type "application/x-www-form-urlencoded"
2026-09-29 05:37:21.479 - INFO: Processing the following SPARQL query:
# Tier H-vocab — title literals, large, SELECT variant for profiling
# Goal: stress external-vocabulary lookup on the SELECT CSV export path.
PREFIX dblp: <https://dblp.org/rdf/schema#>

SELECT ?paper ?title
WHERE {
  ?paper dblp:title ?title .
}
LIMIT 100000

2026-09-29 05:37:21.479 - INFO: Requested media types of the result are: "text/tab-separated-values"
2026-09-29 05:37:21.479 - INFO: Query planning done in 0 ms
2026-09-29 05:37:21.479 - INFO: Result has unknown size (not computed yet)
2026-09-29 05:37:21.883 - INFO: Done processing query and sending result, total time was 403 ms
2026-09-29 05:37:21.902 - INFO: 
2026-09-29 05:37:21.902 - INFO: Request received via GET, no content type specified
2026-09-29 05:37:21.902 - INFO: Processing command "clear-cache": clear the cache (unpinned elements only)
2026-09-29 05:37:21.920 - INFO: 
2026-09-29 05:37:21.920 - INFO: Request received via POST, content type "application/x-www-form-urlencoded"
2026-09-29 05:37:21.920 - INFO: Processing the following SPARQL query:
# Tier H-vocab — title literals, large, SELECT variant for profiling
# Goal: stress external-vocabulary lookup on the SELECT CSV export path.
PREFIX dblp: <https://dblp.org/rdf/schema#>

SELECT ?paper ?title
WHERE {
  ?paper dblp:title ?title .
}
LIMIT 100000

2026-09-29 05:37:21.920 - INFO: Requested media types of the result are: "text/tab-separated-values"
2026-09-29 05:37:21.920 - INFO: Query planning done in 0 ms
2026-09-29 05:37:21.920 - INFO: Result has unknown size (not computed yet)
2026-09-29 05:37:22.323 - INFO: Done processing query and sending result, total time was 403 ms
2026-09-29 05:37:22.342 - INFO: 
2026-09-29 05:37:22.342 - INFO: Request received via GET, no content type specified
2026-09-29 05:37:22.343 - INFO: Processing command "clear-cache": clear the cache (unpinned elements only)
2026-09-29 05:37:22.360 - INFO: 
2026-09-29 05:37:22.360 - INFO: Request received via POST, content type "application/x-www-form-urlencoded"
2026-09-29 05:37:22.360 - INFO: Processing the following SPARQL query:
# Tier H-vocab — title literals, large, SELECT variant for profiling
# Goal: stress external-vocabulary lookup on the SELECT CSV export path.
PREFIX dblp: <https://dblp.org/rdf/schema#>

SELECT ?paper ?title
WHERE {
  ?paper dblp:title ?title .
}
LIMIT 100000

2026-09-29 05:37:22.360 - INFO: Requested media types of the result are: "text/tab-separated-values"
2026-09-29 05:37:22.361 - INFO: Query planning done in 0 ms
2026-09-29 05:37:22.361 - INFO: Result has unknown size (not computed yet)
2026-09-29 05:37:22.764 - INFO: Done processing query and sending result, total time was 403 ms
2026-09-29 05:37:22.783 - INFO: 
2026-09-29 05:37:22.783 - INFO: Request received via GET, no content type specified
2026-09-29 05:37:22.783 - INFO: Processing command "clear-cache": clear the cache (unpinned elements only)
2026-09-29 05:37:22.801 - INFO: 
2026-09-29 05:37:22.801 - INFO: Request received via POST, content type "application/x-www-form-urlencoded"
2026-09-29 05:37:22.801 - INFO: Processing the following SPARQL query:
# Tier H-vocab — title literals, large, SELECT variant for profiling
# Goal: stress external-vocabulary lookup on the SELECT CSV export path.
PREFIX dblp: <https://dblp.org/rdf/schema#>

SELECT ?paper ?title
WHERE {
  ?paper dblp:title ?title .
}
LIMIT 100000

2026-09-29 05:37:22.801 - INFO: Requested media types of the result are: "text/tab-separated-values"
2026-09-29 05:37:22.801 - INFO: Query planning done in 0 ms
2026-09-29 05:37:22.802 - INFO: Result has unknown size (not computed yet)
2026-09-29 05:37:23.213 - INFO: Done processing query and sending result, total time was 411 ms
2026-09-29 05:37:23.233 - INFO: 
2026-09-29 05:37:23.233 - INFO: Request received via GET, no content type specified
2026-09-29 05:37:23.233 - INFO: Processing command "clear-cache": clear the cache (unpinned elements only)
2026-09-29 05:37:23.250 - INFO: 
2026-09-29 05:37:23.250 - INFO: Request received via POST, content type "application/x-www-form-urlencoded"
2026-09-29 05:37:23.251 - INFO: Processing the following SPARQL query:
# Tier H-vocab — title literals, large, SELECT variant for profiling
# Goal: stress external-vocabulary lookup on the SELECT CSV export path.
PREFIX dblp: <https://dblp.org/rdf/schema#>

SELECT ?paper ?title
WHERE {
  ?paper dblp:title ?title .
}
LIMIT 100000

2026-09-29 05:37:23.251 - INFO: Requested media types of the result are: "text/tab-separated-values"
2026-09-29 05:37:23.251 - INFO: Query planning done in 0 ms
2026-09-29 05:37:23.251 - INFO: Result has unknown size (not computed yet)
2026-09-29 05:37:23.654 - INFO: Done processing query and sending result, total time was 403 ms
2026-09-29 05:37:23.673 - INFO: 
2026-09-29 05:37:23.673 - INFO: Request received via GET, no content type specified
2026-09-29 05:37:23.673 - INFO: Processing command "clear-cache": clear the cache (unpinned elements only)
2026-09-29 05:37:23.691 - INFO: 
2026-09-29 05:37:23.691 - INFO: Request received via POST, content type "application/x-www-form-urlencoded"
2026-09-29 05:37:23.691 - INFO: Processing the following SPARQL query:
# Tier H-vocab — title literals, large, SELECT variant for profiling
# Goal: stress external-vocabulary lookup on the SELECT CSV export path.
PREFIX dblp: <https://dblp.org/rdf/schema#>

SELECT ?paper ?title
WHERE {
  ?paper dblp:title ?title .
}
LIMIT 100000

2026-09-29 05:37:23.691 - INFO: Requested media types of the result are: "text/tab-separated-values"
2026-09-29 05:37:23.692 - INFO: Query planning done in 0 ms
2026-09-29 05:37:23.692 - INFO: Result has unknown size (not computed yet)
2026-09-29 05:37:24.093 - INFO: Done processing query and sending result, total time was 402 ms
2026-09-29 05:37:24.113 - INFO: 
2026-09-29 05:37:24.113 - INFO: Request received via GET, no content type specified
2026-09-29 05:37:24.113 - INFO: Setting "adaptive-export-chunk-size" to: "true"
2026-09-29 05:37:24.131 - INFO: 
2026-09-29 05:37:24.131 - INFO: Request received via GET, no content type specified
2026-09-29 05:37:24.131 - INFO: Processing command "get-settings": get server settings
2026-09-29 05:37:24.149 - INFO: 
2026-09-29 05:37:24.149 - INFO: Request received via GET, no content type specified
2026-09-29 05:37:24.149 - INFO: Processing command "clear-cache": clear the cache (unpinned elements only)
2026-09-29 05:37:24.167 - INFO: 
2026-09-29 05:37:24.167 - INFO: Request received via POST, content type "application/x-www-form-urlencoded"
2026-09-29 05:37:24.167 - INFO: Processing the following SPARQL query:
# Tier H-vocab — title literals, large, SELECT variant for profiling
# Goal: stress external-vocabulary lookup on the SELECT CSV export path.
PREFIX dblp: <https://dblp.org/rdf/schema#>

SELECT ?paper ?title
WHERE {
  ?paper dblp:title ?title .
}
LIMIT 100000

2026-09-29 05:37:24.167 - INFO: Requested media types of the result are: "text/tab-separated-values"
2026-09-29 05:37:24.167 - INFO: Query planning done in 0 ms
2026-09-29 05:37:24.167 - INFO: Result has unknown size (not computed yet)
2026-09-29 05:37:24.570 - INFO: Done processing query and sending result, total time was 403 ms
2026-09-29 05:37:24.589 - INFO: 
2026-09-29 05:37:24.589 - INFO: Request received via GET, no content type specified
2026-09-29 05:37:24.589 - INFO: Processing command "clear-cache": clear the cache (unpinned elements only)
2026-09-29 05:37:24.607 - INFO: 
2026-09-29 05:37:24.607 - INFO: Request received via POST, content type "application/x-www-form-urlencoded"
2026-09-29 05:37:24.607 - INFO: Processing the following SPARQL query:
# Tier H-vocab — title literals, large, SELECT variant for profiling
# Goal: stress external-vocabulary lookup on the SELECT CSV export path.
PREFIX dblp: <https://dblp.org/rdf/schema#>

SELECT ?paper ?title
WHERE {
  ?paper dblp:title ?title .
}
LIMIT 100000

2026-09-29 05:37:24.607 - INFO: Requested media types of the result are: "text/tab-separated-values"
2026-09-29 05:37:24.607 - INFO: Query planning done in 0 ms
2026-09-29 05:37:24.608 - INFO: Result has unknown size (not computed yet)
2026-09-29 05:37:25.009 - INFO: Done processing query and sending result, total time was 401 ms
2026-09-29 05:37:25.028 - INFO: 
2026-09-29 05:37:25.028 - INFO: Request received via GET, no content type specified
2026-09-29 05:37:25.028 - INFO: Processing command "clear-cache": clear the cache (unpinned elements only)
2026-09-29 05:37:25.045 - INFO: 
2026-09-29 05:37:25.045 - INFO: Request received via POST, content type "application/x-www-form-urlencoded"
2026-09-29 05:37:25.046 - INFO: Processing the following SPARQL query:
# Tier H-vocab — title literals, large, SELECT variant for profiling
# Goal: stress external-vocabulary lookup on the SELECT CSV export path.
PREFIX dblp: <https://dblp.org/rdf/schema#>

SELECT ?paper ?title
WHERE {
  ?paper dblp:title ?title .
}
LIMIT 100000

2026-09-29 05:37:25.046 - INFO: Requested media types of the result are: "text/tab-separated-values"
2026-09-29 05:37:25.046 - INFO: Query planning done in 0 ms
2026-09-29 05:37:25.046 - INFO: Result has unknown size (not computed yet)
2026-09-29 05:37:25.448 - INFO: Done processing query and sending result, total time was 402 ms
2026-09-29 05:37:25.467 - INFO: 
2026-09-29 05:37:25.467 - INFO: Request received via GET, no content type specified
2026-09-29 05:37:25.467 - INFO: Processing command "clear-cache": clear the cache (unpinned elements only)
2026-09-29 05:37:25.492 - INFO: 
2026-09-29 05:37:25.492 - INFO: Request received via POST, content type "application/x-www-form-urlencoded"
2026-09-29 05:37:25.492 - INFO: Processing the following SPARQL query:
# Tier H-vocab — title literals, large, SELECT variant for profiling
# Goal: stress external-vocabulary lookup on the SELECT CSV export path.
PREFIX dblp: <https://dblp.org/rdf/schema#>

SELECT ?paper ?title
WHERE {
  ?paper dblp:title ?title .
}
LIMIT 100000

2026-09-29 05:37:25.492 - INFO: Requested media types of the result are: "text/tab-separated-values"
2026-09-29 05:37:25.492 - INFO: Query planning done in 0 ms
2026-09-29 05:37:25.492 - INFO: Result has unknown size (not computed yet)
2026-09-29 05:37:25.894 - INFO: Done processing query and sending result, total time was 402 ms
2026-09-29 05:37:25.913 - INFO: 
2026-09-29 05:37:25.913 - INFO: Request received via GET, no content type specified
2026-09-29 05:37:25.913 - INFO: Processing command "clear-cache": clear the cache (unpinned elements only)
2026-09-29 05:37:25.931 - INFO: 
2026-09-29 05:37:25.931 - INFO: Request received via POST, content type "application/x-www-form-urlencoded"
2026-09-29 05:37:25.931 - INFO: Processing the following SPARQL query:
# Tier H-vocab — title literals, large, SELECT variant for profiling
# Goal: stress external-vocabulary lookup on the SELECT CSV export path.
PREFIX dblp: <https://dblp.org/rdf/schema#>

SELECT ?paper ?title
WHERE {
  ?paper dblp:title ?title .
}
LIMIT 100000

2026-09-29 05:37:25.931 - INFO: Requested media types of the result are: "text/tab-separated-values"
2026-09-29 05:37:25.931 - INFO: Query planning done in 0 ms
2026-09-29 05:37:25.931 - INFO: Result has unknown size (not computed yet)
2026-09-29 05:37:26.334 - INFO: Done processing query and sending result, total time was 403 ms
2026-09-29 05:37:26.353 - INFO: 
2026-09-29 05:37:26.353 - INFO: Request received via GET, no content type specified
2026-09-29 05:37:26.353 - INFO: Processing command "clear-cache": clear the cache (unpinned elements only)
2026-09-29 05:37:26.371 - INFO: 
2026-09-29 05:37:26.371 - INFO: Request received via POST, content type "application/x-www-form-urlencoded"
2026-09-29 05:37:26.371 - INFO: Processing the following SPARQL query:
# Tier H-vocab — title literals, large, SELECT variant for profiling
# Goal: stress external-vocabulary lookup on the SELECT CSV export path.
PREFIX dblp: <https://dblp.org/rdf/schema#>

SELECT ?paper ?title
WHERE {
  ?paper dblp:title ?title .
}
LIMIT 100000

2026-09-29 05:37:26.371 - INFO: Requested media types of the result are: "text/tab-separated-values"
2026-09-29 05:37:26.371 - INFO: Query planning done in 0 ms
2026-09-29 05:37:26.371 - INFO: Result has unknown size (not computed yet)
2026-09-29 05:37:26.777 - INFO: Done processing query and sending result, total time was 406 ms
2026-09-29 05:37:26.796 - INFO: 
2026-09-29 05:37:26.796 - INFO: Request received via GET, no content type specified
2026-09-29 05:37:26.796 - INFO: Processing command "clear-cache": clear the cache (unpinned elements only)
2026-09-29 05:37:26.814 - INFO: 
2026-09-29 05:37:26.814 - INFO: Request received via POST, content type "application/x-www-form-urlencoded"
2026-09-29 05:37:26.814 - INFO: Processing the following SPARQL query:
# Tier H-vocab — title literals, large, SELECT variant for profiling
# Goal: stress external-vocabulary lookup on the SELECT CSV export path.
PREFIX dblp: <https://dblp.org/rdf/schema#>

SELECT ?paper ?title
WHERE {
  ?paper dblp:title ?title .
}
LIMIT 100000

2026-09-29 05:37:26.814 - INFO: Requested media types of the result are: "text/tab-separated-values"
2026-09-29 05:37:26.814 - INFO: Query planning done in 0 ms
2026-09-29 05:37:26.815 - INFO: Result has unknown size (not computed yet)
2026-09-29 05:37:27.218 - INFO: Done processing query and sending result, total time was 403 ms
2026-09-29 05:37:27.237 - INFO: 
2026-09-29 05:37:27.237 - INFO: Request received via GET, no content type specified
2026-09-29 05:37:27.237 - INFO: Processing command "clear-cache": clear the cache (unpinned elements only)
2026-09-29 05:37:27.255 - INFO: 
2026-09-29 05:37:27.255 - INFO: Request received via POST, content type "application/x-www-form-urlencoded"
2026-09-29 05:37:27.255 - INFO: Processing the following SPARQL query:
# Tier H-vocab — title literals, large, SELECT variant for profiling
# Goal: stress external-vocabulary lookup on the SELECT CSV export path.
PREFIX dblp: <https://dblp.org/rdf/schema#>

SELECT ?paper ?title
WHERE {
  ?paper dblp:title ?title .
}
LIMIT 100000

2026-09-29 05:37:27.255 - INFO: Requested media types of the result are: "text/tab-separated-values"
2026-09-29 05:37:27.255 - INFO: Query planning done in 0 ms
2026-09-29 05:37:27.255 - INFO: Result has unknown size (not computed yet)
2026-09-29 05:37:27.660 - INFO: Done processing query and sending result, total time was 405 ms
2026-09-29 05:37:27.680 - INFO: 
2026-09-29 05:37:27.680 - INFO: Request received via GET, no content type specified
2026-09-29 05:37:27.680 - INFO: Processing command "clear-cache": clear the cache (unpinned elements only)
2026-09-29 05:37:27.697 - INFO: 
2026-09-29 05:37:27.697 - INFO: Request received via POST, content type "application/x-www-form-urlencoded"
2026-09-29 05:37:27.698 - INFO: Processing the following SPARQL query:
# Tier H-vocab — title literals, large, SELECT variant for profiling
# Goal: stress external-vocabulary lookup on the SELECT CSV export path.
PREFIX dblp: <https://dblp.org/rdf/schema#>

SELECT ?paper ?title
WHERE {
  ?paper dblp:title ?title .
}
LIMIT 100000

2026-09-29 05:37:27.698 - INFO: Requested media types of the result are: "text/tab-separated-values"
2026-09-29 05:37:27.698 - INFO: Query planning done in 0 ms
2026-09-29 05:37:27.698 - INFO: Result has unknown size (not computed yet)
2026-09-29 05:37:28.099 - INFO: Done processing query and sending result, total time was 401 ms
2026-09-29 05:37:28.118 - INFO: 
2026-09-29 05:37:28.118 - INFO: Request received via GET, no content type specified
2026-09-29 05:37:28.118 - INFO: Processing command "clear-cache": clear the cache (unpinned elements only)
2026-09-29 05:37:28.136 - INFO: 
2026-09-29 05:37:28.136 - INFO: Request received via POST, content type "application/x-www-form-urlencoded"
2026-09-29 05:37:28.136 - INFO: Processing the following SPARQL query:
# Tier H-vocab — title literals, large, SELECT variant for profiling
# Goal: stress external-vocabulary lookup on the SELECT CSV export path.
PREFIX dblp: <https://dblp.org/rdf/schema#>

SELECT ?paper ?title
WHERE {
  ?paper dblp:title ?title .
}
LIMIT 100000

2026-09-29 05:37:28.136 - INFO: Requested media types of the result are: "text/tab-separated-values"
2026-09-29 05:37:28.136 - INFO: Query planning done in 0 ms
2026-09-29 05:37:28.136 - INFO: Result has unknown size (not computed yet)
2026-09-29 05:37:28.541 - INFO: Done processing query and sending result, total time was 405 ms
2026-09-29 05:37:28.561 - INFO: 
2026-09-29 05:37:28.561 - INFO: Request received via GET, no content type specified
2026-09-29 05:37:28.561 - INFO: Processing command "clear-cache": clear the cache (unpinned elements only)
2026-09-29 05:37:28.579 - INFO: 
2026-09-29 05:37:28.579 - INFO: Request received via POST, content type "application/x-www-form-urlencoded"
2026-09-29 05:37:28.579 - INFO: Processing the following SPARQL query:
# Tier H-vocab — title literals, large, SELECT variant for profiling
# Goal: stress external-vocabulary lookup on the SELECT CSV export path.
PREFIX dblp: <https://dblp.org/rdf/schema#>

SELECT ?paper ?title
WHERE {
  ?paper dblp:title ?title .
}
LIMIT 100000

2026-09-29 05:37:28.579 - INFO: Requested media types of the result are: "text/tab-separated-values"
2026-09-29 05:37:28.579 - INFO: Query planning done in 0 ms
2026-09-29 05:37:28.579 - INFO: Result has unknown size (not computed yet)
2026-09-29 05:37:28.985 - INFO: Done processing query and sending result, total time was 406 ms
2026-09-29 05:37:29.004 - INFO: 
2026-09-29 05:37:29.004 - INFO: Request received via GET, no content type specified
2026-09-29 05:37:29.004 - INFO: Processing command "clear-cache": clear the cache (unpinned elements only)
2026-09-29 05:37:29.022 - INFO: 
2026-09-29 05:37:29.022 - INFO: Request received via POST, content type "application/x-www-form-urlencoded"
2026-09-29 05:37:29.022 - INFO: Processing the following SPARQL query:
# Tier H-vocab — title literals, large, SELECT variant for profiling
# Goal: stress external-vocabulary lookup on the SELECT CSV export path.
PREFIX dblp: <https://dblp.org/rdf/schema#>

SELECT ?paper ?title
WHERE {
  ?paper dblp:title ?title .
}
LIMIT 100000

2026-09-29 05:37:29.022 - INFO: Requested media types of the result are: "text/tab-separated-values"
2026-09-29 05:37:29.022 - INFO: Query planning done in 0 ms
2026-09-29 05:37:29.022 - INFO: Result has unknown size (not computed yet)
2026-09-29 05:37:29.426 - INFO: Done processing query and sending result, total time was 404 ms
2026-09-29 05:37:29.445 - INFO: 
2026-09-29 05:37:29.445 - INFO: Request received via GET, no content type specified
2026-09-29 05:37:29.445 - INFO: Processing command "clear-cache": clear the cache (unpinned elements only)
2026-09-29 05:37:29.463 - INFO: 
2026-09-29 05:37:29.463 - INFO: Request received via POST, content type "application/x-www-form-urlencoded"
2026-09-29 05:37:29.463 - INFO: Processing the following SPARQL query:
# Tier H-vocab — title literals, large, SELECT variant for profiling
# Goal: stress external-vocabulary lookup on the SELECT CSV export path.
PREFIX dblp: <https://dblp.org/rdf/schema#>

SELECT ?paper ?title
WHERE {
  ?paper dblp:title ?title .
}
LIMIT 100000

2026-09-29 05:37:29.463 - INFO: Requested media types of the result are: "text/tab-separated-values"
2026-09-29 05:37:29.463 - INFO: Query planning done in 0 ms
2026-09-29 05:37:29.464 - INFO: Result has unknown size (not computed yet)
2026-09-29 05:37:29.867 - INFO: Done processing query and sending result, total time was 403 ms
2026-09-29 05:37:29.886 - INFO: 
2026-09-29 05:37:29.886 - INFO: Request received via GET, no content type specified
2026-09-29 05:37:29.886 - INFO: Processing command "clear-cache": clear the cache (unpinned elements only)
2026-09-29 05:37:29.903 - INFO: 
2026-09-29 05:37:29.903 - INFO: Request received via POST, content type "application/x-www-form-urlencoded"
2026-09-29 05:37:29.904 - INFO: Processing the following SPARQL query:
# Tier H-vocab — title literals, large, SELECT variant for profiling
# Goal: stress external-vocabulary lookup on the SELECT CSV export path.
PREFIX dblp: <https://dblp.org/rdf/schema#>

SELECT ?paper ?title
WHERE {
  ?paper dblp:title ?title .
}
LIMIT 100000

2026-09-29 05:37:29.904 - INFO: Requested media types of the result are: "text/tab-separated-values"
2026-09-29 05:37:29.904 - INFO: Query planning done in 0 ms
2026-09-29 05:37:29.904 - INFO: Result has unknown size (not computed yet)
2026-09-29 05:37:30.308 - INFO: Done processing query and sending result, total time was 404 ms
2026-09-29 05:37:30.327 - INFO: 
2026-09-29 05:37:30.327 - INFO: Request received via GET, no content type specified
2026-09-29 05:37:30.327 - INFO: Processing command "clear-cache": clear the cache (unpinned elements only)
2026-09-29 05:37:30.345 - INFO: 
2026-09-29 05:37:30.345 - INFO: Request received via POST, content type "application/x-www-form-urlencoded"
2026-09-29 05:37:30.345 - INFO: Processing the following SPARQL query:
# Tier H-vocab — title literals, large, SELECT variant for profiling
# Goal: stress external-vocabulary lookup on the SELECT CSV export path.
PREFIX dblp: <https://dblp.org/rdf/schema#>

SELECT ?paper ?title
WHERE {
  ?paper dblp:title ?title .
}
LIMIT 100000

2026-09-29 05:37:30.345 - INFO: Requested media types of the result are: "text/tab-separated-values"
2026-09-29 05:37:30.345 - INFO: Query planning done in 0 ms
2026-09-29 05:37:30.345 - INFO: Result has unknown size (not computed yet)
2026-09-29 05:37:30.749 - INFO: Done processing query and sending result, total time was 404 ms
2026-09-29 05:37:30.768 - INFO: 
2026-09-29 05:37:30.768 - INFO: Request received via GET, no content type specified
2026-09-29 05:37:30.768 - INFO: Processing command "clear-cache": clear the cache (unpinned elements only)
2026-09-29 05:37:30.786 - INFO: 
2026-09-29 05:37:30.786 - INFO: Request received via POST, content type "application/x-www-form-urlencoded"
2026-09-29 05:37:30.787 - INFO: Processing the following SPARQL query:
# Tier H-vocab — title literals, large, SELECT variant for profiling
# Goal: stress external-vocabulary lookup on the SELECT CSV export path.
PREFIX dblp: <https://dblp.org/rdf/schema#>

SELECT ?paper ?title
WHERE {
  ?paper dblp:title ?title .
}
LIMIT 100000

2026-09-29 05:37:30.787 - INFO: Requested media types of the result are: "text/tab-separated-values"
2026-09-29 05:37:30.787 - INFO: Query planning done in 0 ms
2026-09-29 05:37:30.787 - INFO: Result has unknown size (not computed yet)
2026-09-29 05:37:31.192 - INFO: Done processing query and sending result, total time was 406 ms
2026-09-29 05:37:31.211 - INFO: 
2026-09-29 05:37:31.211 - INFO: Request received via GET, no content type specified
2026-09-29 05:37:31.211 - INFO: Processing command "clear-cache": clear the cache (unpinned elements only)
2026-09-29 05:37:31.237 - INFO: 
2026-09-29 05:37:31.237 - INFO: Request received via POST, content type "application/x-www-form-urlencoded"
2026-09-29 05:37:31.237 - INFO: Processing the following SPARQL query:
# Tier H-vocab — title literals, large, SELECT variant for profiling
# Goal: stress external-vocabulary lookup on the SELECT CSV export path.
PREFIX dblp: <https://dblp.org/rdf/schema#>

SELECT ?paper ?title
WHERE {
  ?paper dblp:title ?title .
}
LIMIT 100000

2026-09-29 05:37:31.237 - INFO: Requested media types of the result are: "text/tab-separated-values"
2026-09-29 05:37:31.237 - INFO: Query planning done in 0 ms
2026-09-29 05:37:31.237 - INFO: Result has unknown size (not computed yet)
2026-09-29 05:37:31.642 - INFO: Done processing query and sending result, total time was 405 ms
2026-09-29 05:37:31.661 - INFO: 
2026-09-29 05:37:31.661 - INFO: Request received via GET, no content type specified
2026-09-29 05:37:31.661 - INFO: Processing command "clear-cache": clear the cache (unpinned elements only)
2026-09-29 05:37:31.679 - INFO: 
2026-09-29 05:37:31.679 - INFO: Request received via POST, content type "application/x-www-form-urlencoded"
2026-09-29 05:37:31.679 - INFO: Processing the following SPARQL query:
# Tier H-vocab — title literals, large, SELECT variant for profiling
# Goal: stress external-vocabulary lookup on the SELECT CSV export path.
PREFIX dblp: <https://dblp.org/rdf/schema#>

SELECT ?paper ?title
WHERE {
  ?paper dblp:title ?title .
}
LIMIT 100000

2026-09-29 05:37:31.679 - INFO: Requested media types of the result are: "text/tab-separated-values"
2026-09-29 05:37:31.679 - INFO: Query planning done in 0 ms
2026-09-29 05:37:31.679 - INFO: Result has unknown size (not computed yet)
2026-09-29 05:37:32.088 - INFO: Done processing query and sending result, total time was 409 ms
2026-09-29 05:37:32.107 - INFO: 
2026-09-29 05:37:32.107 - INFO: Request received via GET, no content type specified
2026-09-29 05:37:32.107 - INFO: Processing command "clear-cache": clear the cache (unpinned elements only)
2026-09-29 05:37:32.125 - INFO: 
2026-09-29 05:37:32.125 - INFO: Request received via POST, content type "application/x-www-form-urlencoded"
2026-09-29 05:37:32.125 - INFO: Processing the following SPARQL query:
# Tier H-vocab — title literals, large, SELECT variant for profiling
# Goal: stress external-vocabulary lookup on the SELECT CSV export path.
PREFIX dblp: <https://dblp.org/rdf/schema#>

SELECT ?paper ?title
WHERE {
  ?paper dblp:title ?title .
}
LIMIT 100000

2026-09-29 05:37:32.125 - INFO: Requested media types of the result are: "text/tab-separated-values"
2026-09-29 05:37:32.125 - INFO: Query planning done in 0 ms
2026-09-29 05:37:32.126 - INFO: Result has unknown size (not computed yet)
2026-09-29 05:37:32.530 - INFO: Done processing query and sending result, total time was 405 ms
2026-09-29 05:37:32.550 - INFO: 
2026-09-29 05:37:32.550 - INFO: Request received via GET, no content type specified
2026-09-29 05:37:32.550 - INFO: Processing command "clear-cache": clear the cache (unpinned elements only)
2026-09-29 05:37:32.567 - INFO: 
2026-09-29 05:37:32.567 - INFO: Request received via POST, content type "application/x-www-form-urlencoded"
2026-09-29 05:37:32.568 - INFO: Processing the following SPARQL query:
# Tier H-vocab — title literals, large, SELECT variant for profiling
# Goal: stress external-vocabulary lookup on the SELECT CSV export path.
PREFIX dblp: <https://dblp.org/rdf/schema#>

SELECT ?paper ?title
WHERE {
  ?paper dblp:title ?title .
}
LIMIT 100000

2026-09-29 05:37:32.568 - INFO: Requested media types of the result are: "text/tab-separated-values"
2026-09-29 05:37:32.568 - INFO: Query planning done in 0 ms
2026-09-29 05:37:32.568 - INFO: Result has unknown size (not computed yet)
2026-09-29 05:37:32.970 - INFO: Done processing query and sending result, total time was 402 ms
2026-09-29 05:37:32.989 - INFO: 
2026-09-29 05:37:32.989 - INFO: Request received via GET, no content type specified
2026-09-29 05:37:32.989 - INFO: Processing command "clear-cache": clear the cache (unpinned elements only)
2026-09-29 05:37:33.007 - INFO: 
2026-09-29 05:37:33.007 - INFO: Request received via POST, content type "application/x-www-form-urlencoded"
2026-09-29 05:37:33.007 - INFO: Processing the following SPARQL query:
# Tier H-vocab — title literals, large, SELECT variant for profiling
# Goal: stress external-vocabulary lookup on the SELECT CSV export path.
PREFIX dblp: <https://dblp.org/rdf/schema#>

SELECT ?paper ?title
WHERE {
  ?paper dblp:title ?title .
}
LIMIT 100000

2026-09-29 05:37:33.007 - INFO: Requested media types of the result are: "text/tab-separated-values"
2026-09-29 05:37:33.007 - INFO: Query planning done in 0 ms
2026-09-29 05:37:33.008 - INFO: Result has unknown size (not computed yet)
2026-09-29 05:37:33.413 - INFO: Done processing query and sending result, total time was 405 ms
2026-09-29 05:37:33.432 - INFO: 
2026-09-29 05:37:33.432 - INFO: Request received via GET, no content type specified
2026-09-29 05:37:33.432 - INFO: Processing command "clear-cache": clear the cache (unpinned elements only)
2026-09-29 05:37:33.450 - INFO: 
2026-09-29 05:37:33.450 - INFO: Request received via POST, content type "application/x-www-form-urlencoded"
2026-09-29 05:37:33.450 - INFO: Processing the following SPARQL query:
# Tier H-vocab — title literals, large, SELECT variant for profiling
# Goal: stress external-vocabulary lookup on the SELECT CSV export path.
PREFIX dblp: <https://dblp.org/rdf/schema#>

SELECT ?paper ?title
WHERE {
  ?paper dblp:title ?title .
}
LIMIT 100000

2026-09-29 05:37:33.450 - INFO: Requested media types of the result are: "text/tab-separated-values"
2026-09-29 05:37:33.450 - INFO: Query planning done in 0 ms
2026-09-29 05:37:33.450 - INFO: Result has unknown size (not computed yet)
2026-09-29 05:37:33.857 - INFO: Done processing query and sending result, total time was 407 ms
2026-09-29 05:37:33.877 - INFO: 
2026-09-29 05:37:33.877 - INFO: Request received via GET, no content type specified
2026-09-29 05:37:33.877 - INFO: Processing command "clear-cache": clear the cache (unpinned elements only)
2026-09-29 05:37:33.894 - INFO: 
2026-09-29 05:37:33.894 - INFO: Request received via POST, content type "application/x-www-form-urlencoded"
2026-09-29 05:37:33.895 - INFO: Processing the following SPARQL query:
# Tier H-vocab — title literals, large, SELECT variant for profiling
# Goal: stress external-vocabulary lookup on the SELECT CSV export path.
PREFIX dblp: <https://dblp.org/rdf/schema#>

SELECT ?paper ?title
WHERE {
  ?paper dblp:title ?title .
}
LIMIT 100000

2026-09-29 05:37:33.895 - INFO: Requested media types of the result are: "text/tab-separated-values"
2026-09-29 05:37:33.895 - INFO: Query planning done in 0 ms
2026-09-29 05:37:33.895 - INFO: Result has unknown size (not computed yet)
2026-09-29 05:37:34.302 - INFO: Done processing query and sending result, total time was 407 ms
2026-09-29 05:37:34.322 - INFO: 
2026-09-29 05:37:34.322 - INFO: Request received via GET, no content type specified
2026-09-29 05:37:34.322 - INFO: Processing command "clear-cache": clear the cache (unpinned elements only)
2026-09-29 05:37:34.340 - INFO: 
2026-09-29 05:37:34.340 - INFO: Request received via POST, content type "application/x-www-form-urlencoded"
2026-09-29 05:37:34.340 - INFO: Processing the following SPARQL query:
# Tier H-vocab — title literals, large, SELECT variant for profiling
# Goal: stress external-vocabulary lookup on the SELECT CSV export path.
PREFIX dblp: <https://dblp.org/rdf/schema#>

SELECT ?paper ?title
WHERE {
  ?paper dblp:title ?title .
}
LIMIT 100000

2026-09-29 05:37:34.340 - INFO: Requested media types of the result are: "text/tab-separated-values"
2026-09-29 05:37:34.340 - INFO: Query planning done in 0 ms
2026-09-29 05:37:34.340 - INFO: Result has unknown size (not computed yet)
2026-09-29 05:37:34.745 - INFO: Done processing query and sending result, total time was 405 ms
2026-09-29 05:37:45.535 - INFO: 
2026-09-29 05:37:45.535 - INFO: Request received via GET, no content type specified
2026-09-29 05:37:45.535 - INFO: Setting "adaptive-export-chunk-size" to: "true"
2026-09-29 05:37:45.553 - INFO: 
2026-09-29 05:37:45.553 - INFO: Request received via GET, no content type specified
2026-09-29 05:37:45.553 - INFO: Processing command "get-settings": get server settings
2026-09-29 05:37:45.583 - INFO: 
2026-09-29 05:37:45.583 - INFO: Request received via GET, no content type specified
2026-09-29 05:37:45.583 - INFO: Processing command "clear-cache": clear the cache (unpinned elements only)
2026-09-29 05:37:45.601 - INFO: 
2026-09-29 05:37:45.601 - INFO: Request received via POST, content type "application/x-www-form-urlencoded"
2026-09-29 05:37:45.601 - INFO: Processing the following SPARQL query:
# Tier H-vocab — title literals, large, SELECT variant for profiling
# Goal: stress external-vocabulary lookup on the SELECT CSV export path.
PREFIX dblp: <https://dblp.org/rdf/schema#>

SELECT ?paper ?title
WHERE {
  ?paper dblp:title ?title .
}
LIMIT 100000

2026-09-29 05:37:45.601 - INFO: Requested media types of the result are: "text/tab-separated-values"
2026-09-29 05:37:45.601 - INFO: Query planning done in 0 ms
2026-09-29 05:37:45.601 - INFO: Result has unknown size (not computed yet)
2026-09-29 05:37:46.009 - INFO: Done processing query and sending result, total time was 408 ms
2026-09-29 05:37:46.028 - INFO: 
2026-09-29 05:37:46.028 - INFO: Request received via GET, no content type specified
2026-09-29 05:37:46.028 - INFO: Processing command "clear-cache": clear the cache (unpinned elements only)
2026-09-29 05:37:46.046 - INFO: 
2026-09-29 05:37:46.046 - INFO: Request received via POST, content type "application/x-www-form-urlencoded"
2026-09-29 05:37:46.046 - INFO: Processing the following SPARQL query:
# Tier H-vocab — title literals, large, SELECT variant for profiling
# Goal: stress external-vocabulary lookup on the SELECT CSV export path.
PREFIX dblp: <https://dblp.org/rdf/schema#>

SELECT ?paper ?title
WHERE {
  ?paper dblp:title ?title .
}
LIMIT 100000

2026-09-29 05:37:46.046 - INFO: Requested media types of the result are: "text/tab-separated-values"
2026-09-29 05:37:46.046 - INFO: Query planning done in 0 ms
2026-09-29 05:37:46.046 - INFO: Result has unknown size (not computed yet)
2026-09-29 05:37:46.452 - INFO: Done processing query and sending result, total time was 406 ms
2026-09-29 05:37:46.471 - INFO: 
2026-09-29 05:37:46.471 - INFO: Request received via GET, no content type specified
2026-09-29 05:37:46.471 - INFO: Processing command "clear-cache": clear the cache (unpinned elements only)
2026-09-29 05:37:46.489 - INFO: 
2026-09-29 05:37:46.489 - INFO: Request received via POST, content type "application/x-www-form-urlencoded"
2026-09-29 05:37:46.489 - INFO: Processing the following SPARQL query:
# Tier H-vocab — title literals, large, SELECT variant for profiling
# Goal: stress external-vocabulary lookup on the SELECT CSV export path.
PREFIX dblp: <https://dblp.org/rdf/schema#>

SELECT ?paper ?title
WHERE {
  ?paper dblp:title ?title .
}
LIMIT 100000

2026-09-29 05:37:46.489 - INFO: Requested media types of the result are: "text/tab-separated-values"
2026-09-29 05:37:46.489 - INFO: Query planning done in 0 ms
2026-09-29 05:37:46.489 - INFO: Result has unknown size (not computed yet)
2026-09-29 05:37:46.895 - INFO: Done processing query and sending result, total time was 406 ms
2026-09-29 05:37:46.914 - INFO: 
2026-09-29 05:37:46.914 - INFO: Request received via GET, no content type specified
2026-09-29 05:37:46.914 - INFO: Processing command "clear-cache": clear the cache (unpinned elements only)
2026-09-29 05:37:46.933 - INFO: 
2026-09-29 05:37:46.933 - INFO: Request received via POST, content type "application/x-www-form-urlencoded"
2026-09-29 05:37:46.933 - INFO: Processing the following SPARQL query:
# Tier H-vocab — title literals, large, SELECT variant for profiling
# Goal: stress external-vocabulary lookup on the SELECT CSV export path.
PREFIX dblp: <https://dblp.org/rdf/schema#>

SELECT ?paper ?title
WHERE {
  ?paper dblp:title ?title .
}
LIMIT 100000

2026-09-29 05:37:46.933 - INFO: Requested media types of the result are: "text/tab-separated-values"
2026-09-29 05:37:46.933 - INFO: Query planning done in 0 ms
2026-09-29 05:37:46.933 - INFO: Result has unknown size (not computed yet)
2026-09-29 05:37:47.345 - INFO: Done processing query and sending result, total time was 411 ms
2026-09-29 05:37:47.364 - INFO: 
2026-09-29 05:37:47.364 - INFO: Request received via GET, no content type specified
2026-09-29 05:37:47.364 - INFO: Processing command "clear-cache": clear the cache (unpinned elements only)
2026-09-29 05:37:47.382 - INFO: 
2026-09-29 05:37:47.382 - INFO: Request received via POST, content type "application/x-www-form-urlencoded"
2026-09-29 05:37:47.382 - INFO: Processing the following SPARQL query:
# Tier H-vocab — title literals, large, SELECT variant for profiling
# Goal: stress external-vocabulary lookup on the SELECT CSV export path.
PREFIX dblp: <https://dblp.org/rdf/schema#>

SELECT ?paper ?title
WHERE {
  ?paper dblp:title ?title .
}
LIMIT 100000

2026-09-29 05:37:47.382 - INFO: Requested media types of the result are: "text/tab-separated-values"
2026-09-29 05:37:47.382 - INFO: Query planning done in 0 ms
2026-09-29 05:37:47.382 - INFO: Result has unknown size (not computed yet)
2026-09-29 05:37:47.789 - INFO: Done processing query and sending result, total time was 407 ms
2026-09-29 05:37:47.809 - INFO: 
2026-09-29 05:37:47.809 - INFO: Request received via GET, no content type specified
2026-09-29 05:37:47.809 - INFO: Processing command "clear-cache": clear the cache (unpinned elements only)
2026-09-29 05:37:47.827 - INFO: 
2026-09-29 05:37:47.827 - INFO: Request received via POST, content type "application/x-www-form-urlencoded"
2026-09-29 05:37:47.827 - INFO: Processing the following SPARQL query:
# Tier H-vocab — title literals, large, SELECT variant for profiling
# Goal: stress external-vocabulary lookup on the SELECT CSV export path.
PREFIX dblp: <https://dblp.org/rdf/schema#>

SELECT ?paper ?title
WHERE {
  ?paper dblp:title ?title .
}
LIMIT 100000

2026-09-29 05:37:47.827 - INFO: Requested media types of the result are: "text/tab-separated-values"
2026-09-29 05:37:47.827 - INFO: Query planning done in 0 ms
2026-09-29 05:37:47.827 - INFO: Result has unknown size (not computed yet)
2026-09-29 05:37:48.232 - INFO: Done processing query and sending result, total time was 405 ms
2026-09-29 05:37:48.252 - INFO: 
2026-09-29 05:37:48.252 - INFO: Request received via GET, no content type specified
2026-09-29 05:37:48.252 - INFO: Processing command "clear-cache": clear the cache (unpinned elements only)
2026-09-29 05:37:48.276 - INFO: 
2026-09-29 05:37:48.276 - INFO: Request received via POST, content type "application/x-www-form-urlencoded"
2026-09-29 05:37:48.277 - INFO: Processing the following SPARQL query:
# Tier H-vocab — title literals, large, SELECT variant for profiling
# Goal: stress external-vocabulary lookup on the SELECT CSV export path.
PREFIX dblp: <https://dblp.org/rdf/schema#>

SELECT ?paper ?title
WHERE {
  ?paper dblp:title ?title .
}
LIMIT 100000

2026-09-29 05:37:48.277 - INFO: Requested media types of the result are: "text/tab-separated-values"
2026-09-29 05:37:48.277 - INFO: Query planning done in 0 ms
2026-09-29 05:37:48.277 - INFO: Result has unknown size (not computed yet)
2026-09-29 05:37:48.681 - INFO: Done processing query and sending result, total time was 404 ms
2026-09-29 05:37:48.700 - INFO: 
2026-09-29 05:37:48.700 - INFO: Request received via GET, no content type specified
2026-09-29 05:37:48.700 - INFO: Processing command "clear-cache": clear the cache (unpinned elements only)
2026-09-29 05:37:48.718 - INFO: 
2026-09-29 05:37:48.718 - INFO: Request received via POST, content type "application/x-www-form-urlencoded"
2026-09-29 05:37:48.718 - INFO: Processing the following SPARQL query:
# Tier H-vocab — title literals, large, SELECT variant for profiling
# Goal: stress external-vocabulary lookup on the SELECT CSV export path.
PREFIX dblp: <https://dblp.org/rdf/schema#>

SELECT ?paper ?title
WHERE {
  ?paper dblp:title ?title .
}
LIMIT 100000

2026-09-29 05:37:48.718 - INFO: Requested media types of the result are: "text/tab-separated-values"
2026-09-29 05:37:48.718 - INFO: Query planning done in 0 ms
2026-09-29 05:37:48.718 - INFO: Result has unknown size (not computed yet)
2026-09-29 05:37:49.123 - INFO: Done processing query and sending result, total time was 405 ms
2026-09-29 05:37:49.142 - INFO: 
2026-09-29 05:37:49.142 - INFO: Request received via GET, no content type specified
2026-09-29 05:37:49.142 - INFO: Processing command "clear-cache": clear the cache (unpinned elements only)
2026-09-29 05:37:49.160 - INFO: 
2026-09-29 05:37:49.160 - INFO: Request received via POST, content type "application/x-www-form-urlencoded"
2026-09-29 05:37:49.160 - INFO: Processing the following SPARQL query:
# Tier H-vocab — title literals, large, SELECT variant for profiling
# Goal: stress external-vocabulary lookup on the SELECT CSV export path.
PREFIX dblp: <https://dblp.org/rdf/schema#>

SELECT ?paper ?title
WHERE {
  ?paper dblp:title ?title .
}
LIMIT 100000

2026-09-29 05:37:49.160 - INFO: Requested media types of the result are: "text/tab-separated-values"
2026-09-29 05:37:49.160 - INFO: Query planning done in 0 ms
2026-09-29 05:37:49.161 - INFO: Result has unknown size (not computed yet)
2026-09-29 05:37:49.565 - INFO: Done processing query and sending result, total time was 404 ms
2026-09-29 05:37:49.584 - INFO: 
2026-09-29 05:37:49.584 - INFO: Request received via GET, no content type specified
2026-09-29 05:37:49.584 - INFO: Processing command "clear-cache": clear the cache (unpinned elements only)
2026-09-29 05:37:49.602 - INFO: 
2026-09-29 05:37:49.602 - INFO: Request received via POST, content type "application/x-www-form-urlencoded"
2026-09-29 05:37:49.602 - INFO: Processing the following SPARQL query:
# Tier H-vocab — title literals, large, SELECT variant for profiling
# Goal: stress external-vocabulary lookup on the SELECT CSV export path.
PREFIX dblp: <https://dblp.org/rdf/schema#>

SELECT ?paper ?title
WHERE {
  ?paper dblp:title ?title .
}
LIMIT 100000

2026-09-29 05:37:49.602 - INFO: Requested media types of the result are: "text/tab-separated-values"
2026-09-29 05:37:49.602 - INFO: Query planning done in 0 ms
2026-09-29 05:37:49.602 - INFO: Result has unknown size (not computed yet)
2026-09-29 05:37:50.007 - INFO: Done processing query and sending result, total time was 405 ms
2026-09-29 05:37:50.026 - INFO: 
2026-09-29 05:37:50.026 - INFO: Request received via GET, no content type specified
2026-09-29 05:37:50.026 - INFO: Processing command "clear-cache": clear the cache (unpinned elements only)
2026-09-29 05:37:50.044 - INFO: 
2026-09-29 05:37:50.044 - INFO: Request received via POST, content type "application/x-www-form-urlencoded"
2026-09-29 05:37:50.044 - INFO: Processing the following SPARQL query:
# Tier H-vocab — title literals, large, SELECT variant for profiling
# Goal: stress external-vocabulary lookup on the SELECT CSV export path.
PREFIX dblp: <https://dblp.org/rdf/schema#>

SELECT ?paper ?title
WHERE {
  ?paper dblp:title ?title .
}
LIMIT 100000

2026-09-29 05:37:50.044 - INFO: Requested media types of the result are: "text/tab-separated-values"
2026-09-29 05:37:50.044 - INFO: Query planning done in 0 ms
2026-09-29 05:37:50.044 - INFO: Result has unknown size (not computed yet)
2026-09-29 05:37:50.451 - INFO: Done processing query and sending result, total time was 407 ms
2026-09-29 05:37:50.470 - INFO: 
2026-09-29 05:37:50.470 - INFO: Request received via GET, no content type specified
2026-09-29 05:37:50.470 - INFO: Processing command "clear-cache": clear the cache (unpinned elements only)
2026-09-29 05:37:50.488 - INFO: 
2026-09-29 05:37:50.488 - INFO: Request received via POST, content type "application/x-www-form-urlencoded"
2026-09-29 05:37:50.488 - INFO: Processing the following SPARQL query:
# Tier H-vocab — title literals, large, SELECT variant for profiling
# Goal: stress external-vocabulary lookup on the SELECT CSV export path.
PREFIX dblp: <https://dblp.org/rdf/schema#>

SELECT ?paper ?title
WHERE {
  ?paper dblp:title ?title .
}
LIMIT 100000

2026-09-29 05:37:50.488 - INFO: Requested media types of the result are: "text/tab-separated-values"
2026-09-29 05:37:50.488 - INFO: Query planning done in 0 ms
2026-09-29 05:37:50.488 - INFO: Result has unknown size (not computed yet)
2026-09-29 05:37:50.895 - INFO: Done processing query and sending result, total time was 407 ms
2026-09-29 05:37:50.914 - INFO: 
2026-09-29 05:37:50.914 - INFO: Request received via GET, no content type specified
2026-09-29 05:37:50.914 - INFO: Processing command "clear-cache": clear the cache (unpinned elements only)
2026-09-29 05:37:50.932 - INFO: 
2026-09-29 05:37:50.932 - INFO: Request received via POST, content type "application/x-www-form-urlencoded"
2026-09-29 05:37:50.932 - INFO: Processing the following SPARQL query:
# Tier H-vocab — title literals, large, SELECT variant for profiling
# Goal: stress external-vocabulary lookup on the SELECT CSV export path.
PREFIX dblp: <https://dblp.org/rdf/schema#>

SELECT ?paper ?title
WHERE {
  ?paper dblp:title ?title .
}
LIMIT 100000

2026-09-29 05:37:50.932 - INFO: Requested media types of the result are: "text/tab-separated-values"
2026-09-29 05:37:50.933 - INFO: Query planning done in 0 ms
2026-09-29 05:37:50.933 - INFO: Result has unknown size (not computed yet)
2026-09-29 05:37:51.344 - INFO: Done processing query and sending result, total time was 411 ms
2026-09-29 05:37:51.363 - INFO: 
2026-09-29 05:37:51.363 - INFO: Request received via GET, no content type specified
2026-09-29 05:37:51.363 - INFO: Processing command "clear-cache": clear the cache (unpinned elements only)
2026-09-29 05:37:51.381 - INFO: 
2026-09-29 05:37:51.381 - INFO: Request received via POST, content type "application/x-www-form-urlencoded"
2026-09-29 05:37:51.382 - INFO: Processing the following SPARQL query:
# Tier H-vocab — title literals, large, SELECT variant for profiling
# Goal: stress external-vocabulary lookup on the SELECT CSV export path.
PREFIX dblp: <https://dblp.org/rdf/schema#>

SELECT ?paper ?title
WHERE {
  ?paper dblp:title ?title .
}
LIMIT 100000

2026-09-29 05:37:51.382 - INFO: Requested media types of the result are: "text/tab-separated-values"
2026-09-29 05:37:51.382 - INFO: Query planning done in 0 ms
2026-09-29 05:37:51.382 - INFO: Result has unknown size (not computed yet)
2026-09-29 05:37:51.789 - INFO: Done processing query and sending result, total time was 407 ms
2026-09-29 05:37:51.808 - INFO: 
2026-09-29 05:37:51.808 - INFO: Request received via GET, no content type specified
2026-09-29 05:37:51.808 - INFO: Processing command "clear-cache": clear the cache (unpinned elements only)
2026-09-29 05:37:51.826 - INFO: 
2026-09-29 05:37:51.826 - INFO: Request received via POST, content type "application/x-www-form-urlencoded"
2026-09-29 05:37:51.826 - INFO: Processing the following SPARQL query:
# Tier H-vocab — title literals, large, SELECT variant for profiling
# Goal: stress external-vocabulary lookup on the SELECT CSV export path.
PREFIX dblp: <https://dblp.org/rdf/schema#>

SELECT ?paper ?title
WHERE {
  ?paper dblp:title ?title .
}
LIMIT 100000

2026-09-29 05:37:51.826 - INFO: Requested media types of the result are: "text/tab-separated-values"
2026-09-29 05:37:51.826 - INFO: Query planning done in 0 ms
2026-09-29 05:37:51.826 - INFO: Result has unknown size (not computed yet)
2026-09-29 05:37:52.230 - INFO: Done processing query and sending result, total time was 404 ms
2026-09-29 05:37:52.249 - INFO: 
2026-09-29 05:37:52.249 - INFO: Request received via GET, no content type specified
2026-09-29 05:37:52.249 - INFO: Processing command "clear-cache": clear the cache (unpinned elements only)
2026-09-29 05:37:52.267 - INFO: 
2026-09-29 05:37:52.267 - INFO: Request received via POST, content type "application/x-www-form-urlencoded"
2026-09-29 05:37:52.267 - INFO: Processing the following SPARQL query:
# Tier H-vocab — title literals, large, SELECT variant for profiling
# Goal: stress external-vocabulary lookup on the SELECT CSV export path.
PREFIX dblp: <https://dblp.org/rdf/schema#>

SELECT ?paper ?title
WHERE {
  ?paper dblp:title ?title .
}
LIMIT 100000

2026-09-29 05:37:52.267 - INFO: Requested media types of the result are: "text/tab-separated-values"
2026-09-29 05:37:52.267 - INFO: Query planning done in 0 ms
2026-09-29 05:37:52.267 - INFO: Result has unknown size (not computed yet)
2026-09-29 05:37:52.673 - INFO: Done processing query and sending result, total time was 405 ms
2026-09-29 05:37:52.692 - INFO: 
2026-09-29 05:37:52.692 - INFO: Request received via GET, no content type specified
2026-09-29 05:37:52.692 - INFO: Processing command "clear-cache": clear the cache (unpinned elements only)
2026-09-29 05:37:52.709 - INFO: 
2026-09-29 05:37:52.709 - INFO: Request received via POST, content type "application/x-www-form-urlencoded"
2026-09-29 05:37:52.710 - INFO: Processing the following SPARQL query:
# Tier H-vocab — title literals, large, SELECT variant for profiling
# Goal: stress external-vocabulary lookup on the SELECT CSV export path.
PREFIX dblp: <https://dblp.org/rdf/schema#>

SELECT ?paper ?title
WHERE {
  ?paper dblp:title ?title .
}
LIMIT 100000

2026-09-29 05:37:52.710 - INFO: Requested media types of the result are: "text/tab-separated-values"
2026-09-29 05:37:52.710 - INFO: Query planning done in 0 ms
2026-09-29 05:37:52.710 - INFO: Result has unknown size (not computed yet)
2026-09-29 05:37:53.119 - INFO: Done processing query and sending result, total time was 409 ms
2026-09-29 05:37:53.138 - INFO: 
2026-09-29 05:37:53.138 - INFO: Request received via GET, no content type specified
2026-09-29 05:37:53.138 - INFO: Processing command "clear-cache": clear the cache (unpinned elements only)
2026-09-29 05:37:53.156 - INFO: 
2026-09-29 05:37:53.156 - INFO: Request received via POST, content type "application/x-www-form-urlencoded"
2026-09-29 05:37:53.156 - INFO: Processing the following SPARQL query:
# Tier H-vocab — title literals, large, SELECT variant for profiling
# Goal: stress external-vocabulary lookup on the SELECT CSV export path.
PREFIX dblp: <https://dblp.org/rdf/schema#>

SELECT ?paper ?title
WHERE {
  ?paper dblp:title ?title .
}
LIMIT 100000

2026-09-29 05:37:53.156 - INFO: Requested media types of the result are: "text/tab-separated-values"
2026-09-29 05:37:53.156 - INFO: Query planning done in 0 ms
2026-09-29 05:37:53.157 - INFO: Result has unknown size (not computed yet)
2026-09-29 05:37:53.560 - INFO: Done processing query and sending result, total time was 404 ms
2026-09-29 05:37:53.579 - INFO: 
2026-09-29 05:37:53.579 - INFO: Request received via GET, no content type specified
2026-09-29 05:37:53.579 - INFO: Processing command "clear-cache": clear the cache (unpinned elements only)
2026-09-29 05:37:53.597 - INFO: 
2026-09-29 05:37:53.597 - INFO: Request received via POST, content type "application/x-www-form-urlencoded"
2026-09-29 05:37:53.597 - INFO: Processing the following SPARQL query:
# Tier H-vocab — title literals, large, SELECT variant for profiling
# Goal: stress external-vocabulary lookup on the SELECT CSV export path.
PREFIX dblp: <https://dblp.org/rdf/schema#>

SELECT ?paper ?title
WHERE {
  ?paper dblp:title ?title .
}
LIMIT 100000

2026-09-29 05:37:53.597 - INFO: Requested media types of the result are: "text/tab-separated-values"
2026-09-29 05:37:53.597 - INFO: Query planning done in 0 ms
2026-09-29 05:37:53.598 - INFO: Result has unknown size (not computed yet)
2026-09-29 05:37:54.001 - INFO: Done processing query and sending result, total time was 403 ms
2026-09-29 05:37:54.020 - INFO: 
2026-09-29 05:37:54.020 - INFO: Request received via GET, no content type specified
2026-09-29 05:37:54.020 - INFO: Processing command "clear-cache": clear the cache (unpinned elements only)
2026-09-29 05:37:54.045 - INFO: 
2026-09-29 05:37:54.045 - INFO: Request received via POST, content type "application/x-www-form-urlencoded"
2026-09-29 05:37:54.045 - INFO: Processing the following SPARQL query:
# Tier H-vocab — title literals, large, SELECT variant for profiling
# Goal: stress external-vocabulary lookup on the SELECT CSV export path.
PREFIX dblp: <https://dblp.org/rdf/schema#>

SELECT ?paper ?title
WHERE {
  ?paper dblp:title ?title .
}
LIMIT 100000

2026-09-29 05:37:54.045 - INFO: Requested media types of the result are: "text/tab-separated-values"
2026-09-29 05:37:54.045 - INFO: Query planning done in 0 ms
2026-09-29 05:37:54.046 - INFO: Result has unknown size (not computed yet)
2026-09-29 05:37:54.450 - INFO: Done processing query and sending result, total time was 405 ms
2026-09-29 05:37:54.469 - INFO: 
2026-09-29 05:37:54.469 - INFO: Request received via GET, no content type specified
2026-09-29 05:37:54.469 - INFO: Processing command "clear-cache": clear the cache (unpinned elements only)
2026-09-29 05:37:54.487 - INFO: 
2026-09-29 05:37:54.487 - INFO: Request received via POST, content type "application/x-www-form-urlencoded"
2026-09-29 05:37:54.487 - INFO: Processing the following SPARQL query:
# Tier H-vocab — title literals, large, SELECT variant for profiling
# Goal: stress external-vocabulary lookup on the SELECT CSV export path.
PREFIX dblp: <https://dblp.org/rdf/schema#>

SELECT ?paper ?title
WHERE {
  ?paper dblp:title ?title .
}
LIMIT 100000

2026-09-29 05:37:54.487 - INFO: Requested media types of the result are: "text/tab-separated-values"
2026-09-29 05:37:54.488 - INFO: Query planning done in 0 ms
2026-09-29 05:37:54.488 - INFO: Result has unknown size (not computed yet)
2026-09-29 05:37:54.891 - INFO: Done processing query and sending result, total time was 404 ms
2026-09-29 05:37:54.910 - INFO: 
2026-09-29 05:37:54.910 - INFO: Request received via GET, no content type specified
2026-09-29 05:37:54.910 - INFO: Processing command "clear-cache": clear the cache (unpinned elements only)
2026-09-29 05:37:54.928 - INFO: 
2026-09-29 05:37:54.928 - INFO: Request received via POST, content type "application/x-www-form-urlencoded"
2026-09-29 05:37:54.929 - INFO: Processing the following SPARQL query:
# Tier H-vocab — title literals, large, SELECT variant for profiling
# Goal: stress external-vocabulary lookup on the SELECT CSV export path.
PREFIX dblp: <https://dblp.org/rdf/schema#>

SELECT ?paper ?title
WHERE {
  ?paper dblp:title ?title .
}
LIMIT 100000

2026-09-29 05:37:54.929 - INFO: Requested media types of the result are: "text/tab-separated-values"
2026-09-29 05:37:54.929 - INFO: Query planning done in 0 ms
2026-09-29 05:37:54.929 - INFO: Result has unknown size (not computed yet)
2026-09-29 05:37:55.332 - INFO: Done processing query and sending result, total time was 403 ms
2026-09-29 05:37:55.351 - INFO: 
2026-09-29 05:37:55.351 - INFO: Request received via GET, no content type specified
2026-09-29 05:37:55.351 - INFO: Processing command "clear-cache": clear the cache (unpinned elements only)
2026-09-29 05:37:55.369 - INFO: 
2026-09-29 05:37:55.369 - INFO: Request received via POST, content type "application/x-www-form-urlencoded"
2026-09-29 05:37:55.369 - INFO: Processing the following SPARQL query:
# Tier H-vocab — title literals, large, SELECT variant for profiling
# Goal: stress external-vocabulary lookup on the SELECT CSV export path.
PREFIX dblp: <https://dblp.org/rdf/schema#>

SELECT ?paper ?title
WHERE {
  ?paper dblp:title ?title .
}
LIMIT 100000

2026-09-29 05:37:55.369 - INFO: Requested media types of the result are: "text/tab-separated-values"
2026-09-29 05:37:55.369 - INFO: Query planning done in 0 ms
2026-09-29 05:37:55.369 - INFO: Result has unknown size (not computed yet)
2026-09-29 05:37:55.771 - INFO: Done processing query and sending result, total time was 402 ms
2026-09-29 05:37:55.790 - INFO: 
2026-09-29 05:37:55.790 - INFO: Request received via GET, no content type specified
2026-09-29 05:37:55.790 - INFO: Processing command "clear-cache": clear the cache (unpinned elements only)
2026-09-29 05:37:55.808 - INFO: 
2026-09-29 05:37:55.808 - INFO: Request received via POST, content type "application/x-www-form-urlencoded"
2026-09-29 05:37:55.808 - INFO: Processing the following SPARQL query:
# Tier H-vocab — title literals, large, SELECT variant for profiling
# Goal: stress external-vocabulary lookup on the SELECT CSV export path.
PREFIX dblp: <https://dblp.org/rdf/schema#>

SELECT ?paper ?title
WHERE {
  ?paper dblp:title ?title .
}
LIMIT 100000

2026-09-29 05:37:55.808 - INFO: Requested media types of the result are: "text/tab-separated-values"
2026-09-29 05:37:55.808 - INFO: Query planning done in 0 ms
2026-09-29 05:37:55.808 - INFO: Result has unknown size (not computed yet)
2026-09-29 05:37:56.207 - INFO: Done processing query and sending result, total time was 399 ms
2026-09-29 05:38:06.714 - INFO: 
2026-09-29 05:38:06.714 - INFO: Request received via GET, no content type specified
2026-09-29 05:38:06.714 - INFO: Setting "adaptive-export-chunk-size" to: "false"
2026-09-29 05:38:06.732 - INFO: 
2026-09-29 05:38:06.732 - INFO: Request received via GET, no content type specified
2026-09-29 05:38:06.732 - INFO: Processing command "get-settings": get server settings
2026-09-29 05:38:06.750 - INFO: 
2026-09-29 05:38:06.750 - INFO: Request received via GET, no content type specified
2026-09-29 05:38:06.750 - INFO: Processing command "clear-cache": clear the cache (unpinned elements only)
2026-09-29 05:38:06.768 - INFO: 
2026-09-29 05:38:06.768 - INFO: Request received via POST, content type "application/x-www-form-urlencoded"
2026-09-29 05:38:06.768 - INFO: Processing the following SPARQL query:
# Tier H-vocab — title literals, large, SELECT variant for profiling
# Goal: stress external-vocabulary lookup on the SELECT CSV export path.
PREFIX dblp: <https://dblp.org/rdf/schema#>

SELECT ?paper ?title
WHERE {
  ?paper dblp:title ?title .
}
LIMIT 100000

2026-09-29 05:38:06.768 - INFO: Requested media types of the result are: "text/tab-separated-values"
2026-09-29 05:38:06.768 - INFO: Query planning done in 0 ms
2026-09-29 05:38:06.768 - INFO: Result has unknown size (not computed yet)
2026-09-29 05:38:07.173 - INFO: Done processing query and sending result, total time was 404 ms
2026-09-29 05:38:07.192 - INFO: 
2026-09-29 05:38:07.192 - INFO: Request received via GET, no content type specified
2026-09-29 05:38:07.192 - INFO: Processing command "clear-cache": clear the cache (unpinned elements only)
2026-09-29 05:38:07.210 - INFO: 
2026-09-29 05:38:07.210 - INFO: Request received via POST, content type "application/x-www-form-urlencoded"
2026-09-29 05:38:07.210 - INFO: Processing the following SPARQL query:
# Tier H-vocab — title literals, large, SELECT variant for profiling
# Goal: stress external-vocabulary lookup on the SELECT CSV export path.
PREFIX dblp: <https://dblp.org/rdf/schema#>

SELECT ?paper ?title
WHERE {
  ?paper dblp:title ?title .
}
LIMIT 100000

2026-09-29 05:38:07.210 - INFO: Requested media types of the result are: "text/tab-separated-values"
2026-09-29 05:38:07.211 - INFO: Query planning done in 0 ms
2026-09-29 05:38:07.211 - INFO: Result has unknown size (not computed yet)
2026-09-29 05:38:07.617 - INFO: Done processing query and sending result, total time was 406 ms
2026-09-29 05:38:07.636 - INFO: 
2026-09-29 05:38:07.636 - INFO: Request received via GET, no content type specified
2026-09-29 05:38:07.636 - INFO: Processing command "clear-cache": clear the cache (unpinned elements only)
2026-09-29 05:38:07.654 - INFO: 
2026-09-29 05:38:07.654 - INFO: Request received via POST, content type "application/x-www-form-urlencoded"
2026-09-29 05:38:07.655 - INFO: Processing the following SPARQL query:
# Tier H-vocab — title literals, large, SELECT variant for profiling
# Goal: stress external-vocabulary lookup on the SELECT CSV export path.
PREFIX dblp: <https://dblp.org/rdf/schema#>

SELECT ?paper ?title
WHERE {
  ?paper dblp:title ?title .
}
LIMIT 100000

2026-09-29 05:38:07.655 - INFO: Requested media types of the result are: "text/tab-separated-values"
2026-09-29 05:38:07.655 - INFO: Query planning done in 0 ms
2026-09-29 05:38:07.655 - INFO: Result has unknown size (not computed yet)
2026-09-29 05:38:08.064 - INFO: Done processing query and sending result, total time was 409 ms
2026-09-29 05:38:08.084 - INFO: 
2026-09-29 05:38:08.084 - INFO: Request received via GET, no content type specified
2026-09-29 05:38:08.084 - INFO: Processing command "clear-cache": clear the cache (unpinned elements only)
2026-09-29 05:38:08.102 - INFO: 
2026-09-29 05:38:08.102 - INFO: Request received via POST, content type "application/x-www-form-urlencoded"
2026-09-29 05:38:08.102 - INFO: Processing the following SPARQL query:
# Tier H-vocab — title literals, large, SELECT variant for profiling
# Goal: stress external-vocabulary lookup on the SELECT CSV export path.
PREFIX dblp: <https://dblp.org/rdf/schema#>

SELECT ?paper ?title
WHERE {
  ?paper dblp:title ?title .
}
LIMIT 100000

2026-09-29 05:38:08.102 - INFO: Requested media types of the result are: "text/tab-separated-values"
2026-09-29 05:38:08.102 - INFO: Query planning done in 0 ms
2026-09-29 05:38:08.102 - INFO: Result has unknown size (not computed yet)
2026-09-29 05:38:08.506 - INFO: Done processing query and sending result, total time was 404 ms
2026-09-29 05:38:08.526 - INFO: 
2026-09-29 05:38:08.526 - INFO: Request received via GET, no content type specified
2026-09-29 05:38:08.526 - INFO: Processing command "clear-cache": clear the cache (unpinned elements only)
2026-09-29 05:38:08.545 - INFO: 
2026-09-29 05:38:08.545 - INFO: Request received via POST, content type "application/x-www-form-urlencoded"
2026-09-29 05:38:08.546 - INFO: Processing the following SPARQL query:
# Tier H-vocab — title literals, large, SELECT variant for profiling
# Goal: stress external-vocabulary lookup on the SELECT CSV export path.
PREFIX dblp: <https://dblp.org/rdf/schema#>

SELECT ?paper ?title
WHERE {
  ?paper dblp:title ?title .
}
LIMIT 100000

2026-09-29 05:38:08.546 - INFO: Requested media types of the result are: "text/tab-separated-values"
2026-09-29 05:38:08.546 - INFO: Query planning done in 0 ms
2026-09-29 05:38:08.546 - INFO: Result has unknown size (not computed yet)
2026-09-29 05:38:08.947 - INFO: Done processing query and sending result, total time was 402 ms
2026-09-29 05:38:08.967 - INFO: 
2026-09-29 05:38:08.967 - INFO: Request received via GET, no content type specified
2026-09-29 05:38:08.967 - INFO: Processing command "clear-cache": clear the cache (unpinned elements only)
2026-09-29 05:38:08.985 - INFO: 
2026-09-29 05:38:08.985 - INFO: Request received via POST, content type "application/x-www-form-urlencoded"
2026-09-29 05:38:08.986 - INFO: Processing the following SPARQL query:
# Tier H-vocab — title literals, large, SELECT variant for profiling
# Goal: stress external-vocabulary lookup on the SELECT CSV export path.
PREFIX dblp: <https://dblp.org/rdf/schema#>

SELECT ?paper ?title
WHERE {
  ?paper dblp:title ?title .
}
LIMIT 100000

2026-09-29 05:38:08.986 - INFO: Requested media types of the result are: "text/tab-separated-values"
2026-09-29 05:38:08.986 - INFO: Query planning done in 0 ms
2026-09-29 05:38:08.986 - INFO: Result has unknown size (not computed yet)
2026-09-29 05:38:09.390 - INFO: Done processing query and sending result, total time was 405 ms
2026-09-29 05:38:09.410 - INFO: 
2026-09-29 05:38:09.410 - INFO: Request received via GET, no content type specified
2026-09-29 05:38:09.410 - INFO: Processing command "clear-cache": clear the cache (unpinned elements only)
2026-09-29 05:38:09.428 - INFO: 
2026-09-29 05:38:09.428 - INFO: Request received via POST, content type "application/x-www-form-urlencoded"
2026-09-29 05:38:09.429 - INFO: Processing the following SPARQL query:
# Tier H-vocab — title literals, large, SELECT variant for profiling
# Goal: stress external-vocabulary lookup on the SELECT CSV export path.
PREFIX dblp: <https://dblp.org/rdf/schema#>

SELECT ?paper ?title
WHERE {
  ?paper dblp:title ?title .
}
LIMIT 100000

2026-09-29 05:38:09.429 - INFO: Requested media types of the result are: "text/tab-separated-values"
2026-09-29 05:38:09.429 - INFO: Query planning done in 0 ms
2026-09-29 05:38:09.429 - INFO: Result has unknown size (not computed yet)
2026-09-29 05:38:09.842 - INFO: Done processing query and sending result, total time was 413 ms
2026-09-29 05:38:09.862 - INFO: 
2026-09-29 05:38:09.862 - INFO: Request received via GET, no content type specified
2026-09-29 05:38:09.862 - INFO: Processing command "clear-cache": clear the cache (unpinned elements only)
2026-09-29 05:38:09.880 - INFO: 
2026-09-29 05:38:09.880 - INFO: Request received via POST, content type "application/x-www-form-urlencoded"
2026-09-29 05:38:09.881 - INFO: Processing the following SPARQL query:
# Tier H-vocab — title literals, large, SELECT variant for profiling
# Goal: stress external-vocabulary lookup on the SELECT CSV export path.
PREFIX dblp: <https://dblp.org/rdf/schema#>

SELECT ?paper ?title
WHERE {
  ?paper dblp:title ?title .
}
LIMIT 100000

2026-09-29 05:38:09.881 - INFO: Requested media types of the result are: "text/tab-separated-values"
2026-09-29 05:38:09.881 - INFO: Query planning done in 0 ms
2026-09-29 05:38:09.881 - INFO: Result has unknown size (not computed yet)
2026-09-29 05:38:10.288 - INFO: Done processing query and sending result, total time was 407 ms
2026-09-29 05:38:10.308 - INFO: 
2026-09-29 05:38:10.308 - INFO: Request received via GET, no content type specified
2026-09-29 05:38:10.308 - INFO: Processing command "clear-cache": clear the cache (unpinned elements only)
2026-09-29 05:38:10.333 - INFO: 
2026-09-29 05:38:10.333 - INFO: Request received via POST, content type "application/x-www-form-urlencoded"
2026-09-29 05:38:10.333 - INFO: Processing the following SPARQL query:
# Tier H-vocab — title literals, large, SELECT variant for profiling
# Goal: stress external-vocabulary lookup on the SELECT CSV export path.
PREFIX dblp: <https://dblp.org/rdf/schema#>

SELECT ?paper ?title
WHERE {
  ?paper dblp:title ?title .
}
LIMIT 100000

2026-09-29 05:38:10.333 - INFO: Requested media types of the result are: "text/tab-separated-values"
2026-09-29 05:38:10.334 - INFO: Query planning done in 0 ms
2026-09-29 05:38:10.334 - INFO: Result has unknown size (not computed yet)
2026-09-29 05:38:10.741 - INFO: Done processing query and sending result, total time was 408 ms
2026-09-29 05:38:10.761 - INFO: 
2026-09-29 05:38:10.761 - INFO: Request received via GET, no content type specified
2026-09-29 05:38:10.761 - INFO: Processing command "clear-cache": clear the cache (unpinned elements only)
2026-09-29 05:38:10.779 - INFO: 
2026-09-29 05:38:10.779 - INFO: Request received via POST, content type "application/x-www-form-urlencoded"
2026-09-29 05:38:10.779 - INFO: Processing the following SPARQL query:
# Tier H-vocab — title literals, large, SELECT variant for profiling
# Goal: stress external-vocabulary lookup on the SELECT CSV export path.
PREFIX dblp: <https://dblp.org/rdf/schema#>

SELECT ?paper ?title
WHERE {
  ?paper dblp:title ?title .
}
LIMIT 100000

2026-09-29 05:38:10.779 - INFO: Requested media types of the result are: "text/tab-separated-values"
2026-09-29 05:38:10.779 - INFO: Query planning done in 0 ms
2026-09-29 05:38:10.780 - INFO: Result has unknown size (not computed yet)
2026-09-29 05:38:11.185 - INFO: Done processing query and sending result, total time was 406 ms
2026-09-29 05:38:11.205 - INFO: 
2026-09-29 05:38:11.205 - INFO: Request received via GET, no content type specified
2026-09-29 05:38:11.205 - INFO: Processing command "clear-cache": clear the cache (unpinned elements only)
2026-09-29 05:38:11.223 - INFO: 
2026-09-29 05:38:11.223 - INFO: Request received via POST, content type "application/x-www-form-urlencoded"
2026-09-29 05:38:11.223 - INFO: Processing the following SPARQL query:
# Tier H-vocab — title literals, large, SELECT variant for profiling
# Goal: stress external-vocabulary lookup on the SELECT CSV export path.
PREFIX dblp: <https://dblp.org/rdf/schema#>

SELECT ?paper ?title
WHERE {
  ?paper dblp:title ?title .
}
LIMIT 100000

2026-09-29 05:38:11.223 - INFO: Requested media types of the result are: "text/tab-separated-values"
2026-09-29 05:38:11.223 - INFO: Query planning done in 0 ms
2026-09-29 05:38:11.223 - INFO: Result has unknown size (not computed yet)
2026-09-29 05:38:11.632 - INFO: Done processing query and sending result, total time was 409 ms
2026-09-29 05:38:11.652 - INFO: 
2026-09-29 05:38:11.652 - INFO: Request received via GET, no content type specified
2026-09-29 05:38:11.652 - INFO: Processing command "clear-cache": clear the cache (unpinned elements only)
2026-09-29 05:38:11.670 - INFO: 
2026-09-29 05:38:11.670 - INFO: Request received via POST, content type "application/x-www-form-urlencoded"
2026-09-29 05:38:11.670 - INFO: Processing the following SPARQL query:
# Tier H-vocab — title literals, large, SELECT variant for profiling
# Goal: stress external-vocabulary lookup on the SELECT CSV export path.
PREFIX dblp: <https://dblp.org/rdf/schema#>

SELECT ?paper ?title
WHERE {
  ?paper dblp:title ?title .
}
LIMIT 100000

2026-09-29 05:38:11.670 - INFO: Requested media types of the result are: "text/tab-separated-values"
2026-09-29 05:38:11.670 - INFO: Query planning done in 0 ms
2026-09-29 05:38:11.671 - INFO: Result has unknown size (not computed yet)
2026-09-29 05:38:12.073 - INFO: Done processing query and sending result, total time was 403 ms
2026-09-29 05:38:12.093 - INFO: 
2026-09-29 05:38:12.093 - INFO: Request received via GET, no content type specified
2026-09-29 05:38:12.093 - INFO: Processing command "clear-cache": clear the cache (unpinned elements only)
2026-09-29 05:38:12.111 - INFO: 
2026-09-29 05:38:12.111 - INFO: Request received via POST, content type "application/x-www-form-urlencoded"
2026-09-29 05:38:12.111 - INFO: Processing the following SPARQL query:
# Tier H-vocab — title literals, large, SELECT variant for profiling
# Goal: stress external-vocabulary lookup on the SELECT CSV export path.
PREFIX dblp: <https://dblp.org/rdf/schema#>

SELECT ?paper ?title
WHERE {
  ?paper dblp:title ?title .
}
LIMIT 100000

2026-09-29 05:38:12.111 - INFO: Requested media types of the result are: "text/tab-separated-values"
2026-09-29 05:38:12.111 - INFO: Query planning done in 0 ms
2026-09-29 05:38:12.112 - INFO: Result has unknown size (not computed yet)
2026-09-29 05:38:12.514 - INFO: Done processing query and sending result, total time was 402 ms
2026-09-29 05:38:12.534 - INFO: 
2026-09-29 05:38:12.534 - INFO: Request received via GET, no content type specified
2026-09-29 05:38:12.534 - INFO: Processing command "clear-cache": clear the cache (unpinned elements only)
2026-09-29 05:38:12.552 - INFO: 
2026-09-29 05:38:12.552 - INFO: Request received via POST, content type "application/x-www-form-urlencoded"
2026-09-29 05:38:12.552 - INFO: Processing the following SPARQL query:
# Tier H-vocab — title literals, large, SELECT variant for profiling
# Goal: stress external-vocabulary lookup on the SELECT CSV export path.
PREFIX dblp: <https://dblp.org/rdf/schema#>

SELECT ?paper ?title
WHERE {
  ?paper dblp:title ?title .
}
LIMIT 100000

2026-09-29 05:38:12.552 - INFO: Requested media types of the result are: "text/tab-separated-values"
2026-09-29 05:38:12.552 - INFO: Query planning done in 0 ms
2026-09-29 05:38:12.552 - INFO: Result has unknown size (not computed yet)
2026-09-29 05:38:12.954 - INFO: Done processing query and sending result, total time was 401 ms
2026-09-29 05:38:12.973 - INFO: 
2026-09-29 05:38:12.973 - INFO: Request received via GET, no content type specified
2026-09-29 05:38:12.973 - INFO: Processing command "clear-cache": clear the cache (unpinned elements only)
2026-09-29 05:38:12.991 - INFO: 
2026-09-29 05:38:12.991 - INFO: Request received via POST, content type "application/x-www-form-urlencoded"
2026-09-29 05:38:12.991 - INFO: Processing the following SPARQL query:
# Tier H-vocab — title literals, large, SELECT variant for profiling
# Goal: stress external-vocabulary lookup on the SELECT CSV export path.
PREFIX dblp: <https://dblp.org/rdf/schema#>

SELECT ?paper ?title
WHERE {
  ?paper dblp:title ?title .
}
LIMIT 100000

2026-09-29 05:38:12.991 - INFO: Requested media types of the result are: "text/tab-separated-values"
2026-09-29 05:38:12.992 - INFO: Query planning done in 0 ms
2026-09-29 05:38:12.992 - INFO: Result has unknown size (not computed yet)
2026-09-29 05:38:13.396 - INFO: Done processing query and sending result, total time was 404 ms
2026-09-29 05:38:13.416 - INFO: 
2026-09-29 05:38:13.416 - INFO: Request received via GET, no content type specified
2026-09-29 05:38:13.416 - INFO: Processing command "clear-cache": clear the cache (unpinned elements only)
2026-09-29 05:38:13.434 - INFO: 
2026-09-29 05:38:13.434 - INFO: Request received via POST, content type "application/x-www-form-urlencoded"
2026-09-29 05:38:13.434 - INFO: Processing the following SPARQL query:
# Tier H-vocab — title literals, large, SELECT variant for profiling
# Goal: stress external-vocabulary lookup on the SELECT CSV export path.
PREFIX dblp: <https://dblp.org/rdf/schema#>

SELECT ?paper ?title
WHERE {
  ?paper dblp:title ?title .
}
LIMIT 100000

2026-09-29 05:38:13.434 - INFO: Requested media types of the result are: "text/tab-separated-values"
2026-09-29 05:38:13.434 - INFO: Query planning done in 0 ms
2026-09-29 05:38:13.434 - INFO: Result has unknown size (not computed yet)
2026-09-29 05:38:13.838 - INFO: Done processing query and sending result, total time was 403 ms
2026-09-29 05:38:13.857 - INFO: 
2026-09-29 05:38:13.857 - INFO: Request received via GET, no content type specified
2026-09-29 05:38:13.857 - INFO: Processing command "clear-cache": clear the cache (unpinned elements only)
2026-09-29 05:38:13.875 - INFO: 
2026-09-29 05:38:13.875 - INFO: Request received via POST, content type "application/x-www-form-urlencoded"
2026-09-29 05:38:13.875 - INFO: Processing the following SPARQL query:
# Tier H-vocab — title literals, large, SELECT variant for profiling
# Goal: stress external-vocabulary lookup on the SELECT CSV export path.
PREFIX dblp: <https://dblp.org/rdf/schema#>

SELECT ?paper ?title
WHERE {
  ?paper dblp:title ?title .
}
LIMIT 100000

2026-09-29 05:38:13.875 - INFO: Requested media types of the result are: "text/tab-separated-values"
2026-09-29 05:38:13.875 - INFO: Query planning done in 0 ms
2026-09-29 05:38:13.875 - INFO: Result has unknown size (not computed yet)
2026-09-29 05:38:14.254 - INFO: Done processing query and sending result, total time was 379 ms
2026-09-29 05:38:14.274 - INFO: 
2026-09-29 05:38:14.274 - INFO: Request received via GET, no content type specified
2026-09-29 05:38:14.274 - INFO: Processing command "clear-cache": clear the cache (unpinned elements only)
2026-09-29 05:38:14.292 - INFO: 
2026-09-29 05:38:14.292 - INFO: Request received via POST, content type "application/x-www-form-urlencoded"
2026-09-29 05:38:14.293 - INFO: Processing the following SPARQL query:
# Tier H-vocab — title literals, large, SELECT variant for profiling
# Goal: stress external-vocabulary lookup on the SELECT CSV export path.
PREFIX dblp: <https://dblp.org/rdf/schema#>

SELECT ?paper ?title
WHERE {
  ?paper dblp:title ?title .
}
LIMIT 100000

2026-09-29 05:38:14.293 - INFO: Requested media types of the result are: "text/tab-separated-values"
2026-09-29 05:38:14.293 - INFO: Query planning done in 0 ms
2026-09-29 05:38:14.293 - INFO: Result has unknown size (not computed yet)
2026-09-29 05:38:14.666 - INFO: Done processing query and sending result, total time was 373 ms
2026-09-29 05:38:14.686 - INFO: 
2026-09-29 05:38:14.686 - INFO: Request received via GET, no content type specified
2026-09-29 05:38:14.686 - INFO: Processing command "clear-cache": clear the cache (unpinned elements only)
2026-09-29 05:38:14.704 - INFO: 
2026-09-29 05:38:14.704 - INFO: Request received via POST, content type "application/x-www-form-urlencoded"
2026-09-29 05:38:14.705 - INFO: Processing the following SPARQL query:
# Tier H-vocab — title literals, large, SELECT variant for profiling
# Goal: stress external-vocabulary lookup on the SELECT CSV export path.
PREFIX dblp: <https://dblp.org/rdf/schema#>

SELECT ?paper ?title
WHERE {
  ?paper dblp:title ?title .
}
LIMIT 100000

2026-09-29 05:38:14.705 - INFO: Requested media types of the result are: "text/tab-separated-values"
2026-09-29 05:38:14.705 - INFO: Query planning done in 0 ms
2026-09-29 05:38:14.705 - INFO: Result has unknown size (not computed yet)
2026-09-29 05:38:15.110 - INFO: Done processing query and sending result, total time was 405 ms
2026-09-29 05:38:15.131 - INFO: 
2026-09-29 05:38:15.131 - INFO: Request received via GET, no content type specified
2026-09-29 05:38:15.131 - INFO: Processing command "clear-cache": clear the cache (unpinned elements only)
2026-09-29 05:38:15.149 - INFO: 
2026-09-29 05:38:15.149 - INFO: Request received via POST, content type "application/x-www-form-urlencoded"
2026-09-29 05:38:15.149 - INFO: Processing the following SPARQL query:
# Tier H-vocab — title literals, large, SELECT variant for profiling
# Goal: stress external-vocabulary lookup on the SELECT CSV export path.
PREFIX dblp: <https://dblp.org/rdf/schema#>

SELECT ?paper ?title
WHERE {
  ?paper dblp:title ?title .
}
LIMIT 100000

2026-09-29 05:38:15.149 - INFO: Requested media types of the result are: "text/tab-separated-values"
2026-09-29 05:38:15.149 - INFO: Query planning done in 0 ms
2026-09-29 05:38:15.149 - INFO: Result has unknown size (not computed yet)
2026-09-29 05:38:15.551 - INFO: Done processing query and sending result, total time was 402 ms
2026-09-29 05:38:15.571 - INFO: 
2026-09-29 05:38:15.571 - INFO: Request received via GET, no content type specified
2026-09-29 05:38:15.571 - INFO: Processing command "clear-cache": clear the cache (unpinned elements only)
2026-09-29 05:38:15.589 - INFO: 
2026-09-29 05:38:15.589 - INFO: Request received via POST, content type "application/x-www-form-urlencoded"
2026-09-29 05:38:15.589 - INFO: Processing the following SPARQL query:
# Tier H-vocab — title literals, large, SELECT variant for profiling
# Goal: stress external-vocabulary lookup on the SELECT CSV export path.
PREFIX dblp: <https://dblp.org/rdf/schema#>

SELECT ?paper ?title
WHERE {
  ?paper dblp:title ?title .
}
LIMIT 100000

2026-09-29 05:38:15.589 - INFO: Requested media types of the result are: "text/tab-separated-values"
2026-09-29 05:38:15.589 - INFO: Query planning done in 0 ms
2026-09-29 05:38:15.589 - INFO: Result has unknown size (not computed yet)
2026-09-29 05:38:15.996 - INFO: Done processing query and sending result, total time was 406 ms
2026-09-29 05:38:16.016 - INFO: 
2026-09-29 05:38:16.016 - INFO: Request received via GET, no content type specified
2026-09-29 05:38:16.016 - INFO: Processing command "clear-cache": clear the cache (unpinned elements only)
2026-09-29 05:38:16.042 - INFO: 
2026-09-29 05:38:16.042 - INFO: Request received via POST, content type "application/x-www-form-urlencoded"
2026-09-29 05:38:16.042 - INFO: Processing the following SPARQL query:
# Tier H-vocab — title literals, large, SELECT variant for profiling
# Goal: stress external-vocabulary lookup on the SELECT CSV export path.
PREFIX dblp: <https://dblp.org/rdf/schema#>

SELECT ?paper ?title
WHERE {
  ?paper dblp:title ?title .
}
LIMIT 100000

2026-09-29 05:38:16.042 - INFO: Requested media types of the result are: "text/tab-separated-values"
2026-09-29 05:38:16.042 - INFO: Query planning done in 0 ms
2026-09-29 05:38:16.042 - INFO: Result has unknown size (not computed yet)
2026-09-29 05:38:16.443 - INFO: Done processing query and sending result, total time was 401 ms
2026-09-29 05:38:16.463 - INFO: 
2026-09-29 05:38:16.463 - INFO: Request received via GET, no content type specified
2026-09-29 05:38:16.463 - INFO: Processing command "clear-cache": clear the cache (unpinned elements only)
2026-09-29 05:38:16.481 - INFO: 
2026-09-29 05:38:16.481 - INFO: Request received via POST, content type "application/x-www-form-urlencoded"
2026-09-29 05:38:16.481 - INFO: Processing the following SPARQL query:
# Tier H-vocab — title literals, large, SELECT variant for profiling
# Goal: stress external-vocabulary lookup on the SELECT CSV export path.
PREFIX dblp: <https://dblp.org/rdf/schema#>

SELECT ?paper ?title
WHERE {
  ?paper dblp:title ?title .
}
LIMIT 100000

2026-09-29 05:38:16.481 - INFO: Requested media types of the result are: "text/tab-separated-values"
2026-09-29 05:38:16.481 - INFO: Query planning done in 0 ms
2026-09-29 05:38:16.482 - INFO: Result has unknown size (not computed yet)
2026-09-29 05:38:16.884 - INFO: Done processing query and sending result, total time was 403 ms
2026-09-29 05:38:16.904 - INFO: 
2026-09-29 05:38:16.904 - INFO: Request received via GET, no content type specified
2026-09-29 05:38:16.904 - INFO: Processing command "clear-cache": clear the cache (unpinned elements only)
2026-09-29 05:38:16.922 - INFO: 
2026-09-29 05:38:16.922 - INFO: Request received via POST, content type "application/x-www-form-urlencoded"
2026-09-29 05:38:16.922 - INFO: Processing the following SPARQL query:
# Tier H-vocab — title literals, large, SELECT variant for profiling
# Goal: stress external-vocabulary lookup on the SELECT CSV export path.
PREFIX dblp: <https://dblp.org/rdf/schema#>

SELECT ?paper ?title
WHERE {
  ?paper dblp:title ?title .
}
LIMIT 100000

2026-09-29 05:38:16.922 - INFO: Requested media types of the result are: "text/tab-separated-values"
2026-09-29 05:38:16.923 - INFO: Query planning done in 0 ms
2026-09-29 05:38:16.923 - INFO: Result has unknown size (not computed yet)
2026-09-29 05:38:17.326 - INFO: Done processing query and sending result, total time was 403 ms
2026-09-29 05:38:21.229 - INFO: 
2026-09-29 05:38:21.229 - INFO: Request received via GET, no content type specified
2026-09-29 05:38:21.229 - INFO: Setting "adaptive-export-chunk-size" to: "false"
2026-09-29 05:38:21.247 - INFO: 
2026-09-29 05:38:21.247 - INFO: Request received via GET, no content type specified
2026-09-29 05:38:21.247 - INFO: Processing command "get-settings": get server settings
2026-09-29 05:38:21.265 - INFO: 
2026-09-29 05:38:21.265 - INFO: Request received via GET, no content type specified
2026-09-29 05:38:21.265 - INFO: Processing command "clear-cache": clear the cache (unpinned elements only)
2026-09-29 05:38:21.283 - INFO: 
2026-09-29 05:38:21.283 - INFO: Request received via POST, content type "application/x-www-form-urlencoded"
2026-09-29 05:38:21.284 - INFO: Processing the following SPARQL query:
# Tier H — size-sweep (SELECT variant)
# Goal: isolate SELECT CSV/TSV export cost from query-planning cost. Raise
# the year bound across runs, for example 1970, 1990, 2010, and 2023.
PREFIX dblp: <https://dblp.org/rdf/schema#>

SELECT ?s ?p ?o
WHERE {
  ?s a dblp:Publication ;
     dblp:yearOfPublication ?year ;
     ?p ?o .
  FILTER(?year <= "1970"^^<http://www.w3.org/2001/XMLSchema#gYear>)
}

2026-09-29 05:38:21.284 - INFO: Requested media types of the result are: "text/tab-separated-values"
2026-09-29 05:38:21.285 - INFO: Query planning done in 2 ms
2026-09-29 05:38:21.306 - INFO: Result has unknown size (not computed yet)
2026-09-29 05:38:23.652 - INFO: Done processing query and sending result, total time was 2,369 ms
2026-09-29 05:38:23.672 - INFO: 
2026-09-29 05:38:23.672 - INFO: Request received via GET, no content type specified
2026-09-29 05:38:23.672 - INFO: Setting "adaptive-export-chunk-size" to: "true"
2026-09-29 05:38:23.690 - INFO: 
2026-09-29 05:38:23.690 - INFO: Request received via GET, no content type specified
2026-09-29 05:38:23.690 - INFO: Processing command "get-settings": get server settings
2026-09-29 05:38:23.720 - INFO: 
2026-09-29 05:38:23.720 - INFO: Request received via GET, no content type specified
2026-09-29 05:38:23.720 - INFO: Processing command "clear-cache": clear the cache (unpinned elements only)
2026-09-29 05:38:23.738 - INFO: 
2026-09-29 05:38:23.738 - INFO: Request received via POST, content type "application/x-www-form-urlencoded"
2026-09-29 05:38:23.739 - INFO: Processing the following SPARQL query:
# Tier H — size-sweep (SELECT variant)
# Goal: isolate SELECT CSV/TSV export cost from query-planning cost. Raise
# the year bound across runs, for example 1970, 1990, 2010, and 2023.
PREFIX dblp: <https://dblp.org/rdf/schema#>

SELECT ?s ?p ?o
WHERE {
  ?s a dblp:Publication ;
     dblp:yearOfPublication ?year ;
     ?p ?o .
  FILTER(?year <= "1970"^^<http://www.w3.org/2001/XMLSchema#gYear>)
}

2026-09-29 05:38:23.739 - INFO: Requested media types of the result are: "text/tab-separated-values"
2026-09-29 05:38:23.740 - INFO: Query planning done in 1 ms
2026-09-29 05:38:23.762 - INFO: Result has unknown size (not computed yet)
2026-09-29 05:38:26.146 - INFO: Done processing query and sending result, total time was 2,407 ms
2026-09-29 05:38:38.535 - INFO: 
2026-09-29 05:38:38.535 - INFO: Request received via GET, no content type specified
2026-09-29 05:38:38.535 - INFO: Setting "adaptive-export-chunk-size" to: "false"
2026-09-29 05:38:38.560 - INFO: 
2026-09-29 05:38:38.560 - INFO: Request received via GET, no content type specified
2026-09-29 05:38:38.560 - INFO: Processing command "get-settings": get server settings
2026-09-29 05:38:38.578 - INFO: 
2026-09-29 05:38:38.578 - INFO: Request received via GET, no content type specified
2026-09-29 05:38:38.578 - INFO: Processing command "clear-cache": clear the cache (unpinned elements only)
2026-09-29 05:38:38.596 - INFO: 
2026-09-29 05:38:38.596 - INFO: Request received via POST, content type "application/x-www-form-urlencoded"
2026-09-29 05:38:38.596 - INFO: Processing the following SPARQL query:
# Tier H — size-sweep (SELECT variant)
# Goal: isolate SELECT CSV/TSV export cost from query-planning cost. Raise
# the year bound across runs, for example 1970, 1990, 2010, and 2023.
PREFIX dblp: <https://dblp.org/rdf/schema#>

SELECT ?s ?p ?o
WHERE {
  ?s a dblp:Publication ;
     dblp:yearOfPublication ?year ;
     ?p ?o .
  FILTER(?year <= "1970"^^<http://www.w3.org/2001/XMLSchema#gYear>)
}

2026-09-29 05:38:38.596 - INFO: Requested media types of the result are: "text/tab-separated-values"
2026-09-29 05:38:38.597 - INFO: Query planning done in 1 ms
2026-09-29 05:38:38.614 - INFO: Result has unknown size (not computed yet)
2026-09-29 05:38:41.043 - INFO: Done processing query and sending result, total time was 2,447 ms
2026-09-29 05:38:41.063 - INFO: 
2026-09-29 05:38:41.063 - INFO: Request received via GET, no content type specified
2026-09-29 05:38:41.063 - INFO: Processing command "clear-cache": clear the cache (unpinned elements only)
2026-09-29 05:38:41.080 - INFO: 
2026-09-29 05:38:41.080 - INFO: Request received via POST, content type "application/x-www-form-urlencoded"
2026-09-29 05:38:41.081 - INFO: Processing the following SPARQL query:
# Tier H — size-sweep (SELECT variant)
# Goal: isolate SELECT CSV/TSV export cost from query-planning cost. Raise
# the year bound across runs, for example 1970, 1990, 2010, and 2023.
PREFIX dblp: <https://dblp.org/rdf/schema#>

SELECT ?s ?p ?o
WHERE {
  ?s a dblp:Publication ;
     dblp:yearOfPublication ?year ;
     ?p ?o .
  FILTER(?year <= "1970"^^<http://www.w3.org/2001/XMLSchema#gYear>)
}

2026-09-29 05:38:41.081 - INFO: Requested media types of the result are: "text/tab-separated-values"
2026-09-29 05:38:41.082 - INFO: Query planning done in 1 ms
2026-09-29 05:38:41.103 - INFO: Result has unknown size (not computed yet)
2026-09-29 05:38:43.525 - INFO: Done processing query and sending result, total time was 2,444 ms
2026-09-29 05:38:43.544 - INFO: 
2026-09-29 05:38:43.544 - INFO: Request received via GET, no content type specified
2026-09-29 05:38:43.544 - INFO: Processing command "clear-cache": clear the cache (unpinned elements only)
2026-09-29 05:38:43.562 - INFO: 
2026-09-29 05:38:43.562 - INFO: Request received via POST, content type "application/x-www-form-urlencoded"
2026-09-29 05:38:43.563 - INFO: Processing the following SPARQL query:
# Tier H — size-sweep (SELECT variant)
# Goal: isolate SELECT CSV/TSV export cost from query-planning cost. Raise
# the year bound across runs, for example 1970, 1990, 2010, and 2023.
PREFIX dblp: <https://dblp.org/rdf/schema#>

SELECT ?s ?p ?o
WHERE {
  ?s a dblp:Publication ;
     dblp:yearOfPublication ?year ;
     ?p ?o .
  FILTER(?year <= "1970"^^<http://www.w3.org/2001/XMLSchema#gYear>)
}

2026-09-29 05:38:43.563 - INFO: Requested media types of the result are: "text/tab-separated-values"
2026-09-29 05:38:43.564 - INFO: Query planning done in 1 ms
2026-09-29 05:38:43.586 - INFO: Result has unknown size (not computed yet)
2026-09-29 05:38:45.999 - INFO: Done processing query and sending result, total time was 2,436 ms
2026-09-29 05:38:46.018 - INFO: 
2026-09-29 05:38:46.018 - INFO: Request received via GET, no content type specified
2026-09-29 05:38:46.018 - INFO: Processing command "clear-cache": clear the cache (unpinned elements only)
2026-09-29 05:38:46.036 - INFO: 
2026-09-29 05:38:46.036 - INFO: Request received via POST, content type "application/x-www-form-urlencoded"
2026-09-29 05:38:46.036 - INFO: Processing the following SPARQL query:
# Tier H — size-sweep (SELECT variant)
# Goal: isolate SELECT CSV/TSV export cost from query-planning cost. Raise
# the year bound across runs, for example 1970, 1990, 2010, and 2023.
PREFIX dblp: <https://dblp.org/rdf/schema#>

SELECT ?s ?p ?o
WHERE {
  ?s a dblp:Publication ;
     dblp:yearOfPublication ?year ;
     ?p ?o .
  FILTER(?year <= "1970"^^<http://www.w3.org/2001/XMLSchema#gYear>)
}

2026-09-29 05:38:46.036 - INFO: Requested media types of the result are: "text/tab-separated-values"
2026-09-29 05:38:46.037 - INFO: Query planning done in 1 ms
2026-09-29 05:38:46.060 - INFO: Result has unknown size (not computed yet)
2026-09-29 05:38:48.487 - INFO: Done processing query and sending result, total time was 2,451 ms
2026-09-29 05:38:48.506 - INFO: 
2026-09-29 05:38:48.506 - INFO: Request received via GET, no content type specified
2026-09-29 05:38:48.506 - INFO: Processing command "clear-cache": clear the cache (unpinned elements only)
2026-09-29 05:38:48.524 - INFO: 
2026-09-29 05:38:48.524 - INFO: Request received via POST, content type "application/x-www-form-urlencoded"
2026-09-29 05:38:48.524 - INFO: Processing the following SPARQL query:
# Tier H — size-sweep (SELECT variant)
# Goal: isolate SELECT CSV/TSV export cost from query-planning cost. Raise
# the year bound across runs, for example 1970, 1990, 2010, and 2023.
PREFIX dblp: <https://dblp.org/rdf/schema#>

SELECT ?s ?p ?o
WHERE {
  ?s a dblp:Publication ;
     dblp:yearOfPublication ?year ;
     ?p ?o .
  FILTER(?year <= "1970"^^<http://www.w3.org/2001/XMLSchema#gYear>)
}

2026-09-29 05:38:48.525 - INFO: Requested media types of the result are: "text/tab-separated-values"
2026-09-29 05:38:48.525 - INFO: Query planning done in 1 ms
2026-09-29 05:38:48.548 - INFO: Result has unknown size (not computed yet)
2026-09-29 05:38:50.917 - INFO: Done processing query and sending result, total time was 2,393 ms
2026-09-29 05:38:50.937 - INFO: 
2026-09-29 05:38:50.937 - INFO: Request received via GET, no content type specified
2026-09-29 05:38:50.937 - INFO: Setting "adaptive-export-chunk-size" to: "true"
2026-09-29 05:38:50.955 - INFO: 
2026-09-29 05:38:50.955 - INFO: Request received via GET, no content type specified
2026-09-29 05:38:50.955 - INFO: Processing command "get-settings": get server settings
2026-09-29 05:38:50.979 - INFO: 
2026-09-29 05:38:50.979 - INFO: Request received via GET, no content type specified
2026-09-29 05:38:50.979 - INFO: Processing command "clear-cache": clear the cache (unpinned elements only)
2026-09-29 05:38:50.997 - INFO: 
2026-09-29 05:38:50.997 - INFO: Request received via POST, content type "application/x-www-form-urlencoded"
2026-09-29 05:38:50.997 - INFO: Processing the following SPARQL query:
# Tier H — size-sweep (SELECT variant)
# Goal: isolate SELECT CSV/TSV export cost from query-planning cost. Raise
# the year bound across runs, for example 1970, 1990, 2010, and 2023.
PREFIX dblp: <https://dblp.org/rdf/schema#>

SELECT ?s ?p ?o
WHERE {
  ?s a dblp:Publication ;
     dblp:yearOfPublication ?year ;
     ?p ?o .
  FILTER(?year <= "1970"^^<http://www.w3.org/2001/XMLSchema#gYear>)
}

2026-09-29 05:38:50.997 - INFO: Requested media types of the result are: "text/tab-separated-values"
2026-09-29 05:38:50.998 - INFO: Query planning done in 1 ms
2026-09-29 05:38:51.021 - INFO: Result has unknown size (not computed yet)
2026-09-29 05:38:53.450 - INFO: Done processing query and sending result, total time was 2,452 ms
2026-09-29 05:38:53.469 - INFO: 
2026-09-29 05:38:53.469 - INFO: Request received via GET, no content type specified
2026-09-29 05:38:53.469 - INFO: Processing command "clear-cache": clear the cache (unpinned elements only)
2026-09-29 05:38:53.487 - INFO: 
2026-09-29 05:38:53.487 - INFO: Request received via POST, content type "application/x-www-form-urlencoded"
2026-09-29 05:38:53.487 - INFO: Processing the following SPARQL query:
# Tier H — size-sweep (SELECT variant)
# Goal: isolate SELECT CSV/TSV export cost from query-planning cost. Raise
# the year bound across runs, for example 1970, 1990, 2010, and 2023.
PREFIX dblp: <https://dblp.org/rdf/schema#>

SELECT ?s ?p ?o
WHERE {
  ?s a dblp:Publication ;
     dblp:yearOfPublication ?year ;
     ?p ?o .
  FILTER(?year <= "1970"^^<http://www.w3.org/2001/XMLSchema#gYear>)
}

2026-09-29 05:38:53.487 - INFO: Requested media types of the result are: "text/tab-separated-values"
2026-09-29 05:38:53.488 - INFO: Query planning done in 1 ms
2026-09-29 05:38:53.509 - INFO: Result has unknown size (not computed yet)
2026-09-29 05:38:55.775 - INFO: Done processing query and sending result, total time was 2,287 ms
2026-09-29 05:38:55.794 - INFO: 
2026-09-29 05:38:55.794 - INFO: Request received via GET, no content type specified
2026-09-29 05:38:55.794 - INFO: Processing command "clear-cache": clear the cache (unpinned elements only)
2026-09-29 05:38:55.812 - INFO: 
2026-09-29 05:38:55.812 - INFO: Request received via POST, content type "application/x-www-form-urlencoded"
2026-09-29 05:38:55.812 - INFO: Processing the following SPARQL query:
# Tier H — size-sweep (SELECT variant)
# Goal: isolate SELECT CSV/TSV export cost from query-planning cost. Raise
# the year bound across runs, for example 1970, 1990, 2010, and 2023.
PREFIX dblp: <https://dblp.org/rdf/schema#>

SELECT ?s ?p ?o
WHERE {
  ?s a dblp:Publication ;
     dblp:yearOfPublication ?year ;
     ?p ?o .
  FILTER(?year <= "1970"^^<http://www.w3.org/2001/XMLSchema#gYear>)
}

2026-09-29 05:38:55.812 - INFO: Requested media types of the result are: "text/tab-separated-values"
2026-09-29 05:38:55.813 - INFO: Query planning done in 1 ms
2026-09-29 05:38:55.836 - INFO: Result has unknown size (not computed yet)
2026-09-29 05:38:58.262 - INFO: Done processing query and sending result, total time was 2,450 ms
2026-09-29 05:38:58.281 - INFO: 
2026-09-29 05:38:58.281 - INFO: Request received via GET, no content type specified
2026-09-29 05:38:58.281 - INFO: Processing command "clear-cache": clear the cache (unpinned elements only)
2026-09-29 05:38:58.299 - INFO: 
2026-09-29 05:38:58.299 - INFO: Request received via POST, content type "application/x-www-form-urlencoded"
2026-09-29 05:38:58.299 - INFO: Processing the following SPARQL query:
# Tier H — size-sweep (SELECT variant)
# Goal: isolate SELECT CSV/TSV export cost from query-planning cost. Raise
# the year bound across runs, for example 1970, 1990, 2010, and 2023.
PREFIX dblp: <https://dblp.org/rdf/schema#>

SELECT ?s ?p ?o
WHERE {
  ?s a dblp:Publication ;
     dblp:yearOfPublication ?year ;
     ?p ?o .
  FILTER(?year <= "1970"^^<http://www.w3.org/2001/XMLSchema#gYear>)
}

2026-09-29 05:38:58.299 - INFO: Requested media types of the result are: "text/tab-separated-values"
2026-09-29 05:38:58.300 - INFO: Query planning done in 1 ms
2026-09-29 05:38:58.316 - INFO: Result has unknown size (not computed yet)
2026-09-29 05:39:00.752 - INFO: Done processing query and sending result, total time was 2,452 ms
2026-09-29 05:39:00.771 - INFO: 
2026-09-29 05:39:00.771 - INFO: Request received via GET, no content type specified
2026-09-29 05:39:00.771 - INFO: Processing command "clear-cache": clear the cache (unpinned elements only)
2026-09-29 05:39:00.789 - INFO: 
2026-09-29 05:39:00.789 - INFO: Request received via POST, content type "application/x-www-form-urlencoded"
2026-09-29 05:39:00.789 - INFO: Processing the following SPARQL query:
# Tier H — size-sweep (SELECT variant)
# Goal: isolate SELECT CSV/TSV export cost from query-planning cost. Raise
# the year bound across runs, for example 1970, 1990, 2010, and 2023.
PREFIX dblp: <https://dblp.org/rdf/schema#>

SELECT ?s ?p ?o
WHERE {
  ?s a dblp:Publication ;
     dblp:yearOfPublication ?year ;
     ?p ?o .
  FILTER(?year <= "1970"^^<http://www.w3.org/2001/XMLSchema#gYear>)
}

2026-09-29 05:39:00.789 - INFO: Requested media types of the result are: "text/tab-separated-values"
2026-09-29 05:39:00.790 - INFO: Query planning done in 1 ms
2026-09-29 05:39:00.812 - INFO: Result has unknown size (not computed yet)
2026-09-29 05:39:03.250 - INFO: Done processing query and sending result, total time was 2,461 ms
2026-09-29 05:39:03.269 - INFO: 
2026-09-29 05:39:03.269 - INFO: Request received via GET, no content type specified
2026-09-29 05:39:03.269 - INFO: Setting "adaptive-export-chunk-size" to: "false"
2026-09-29 05:39:03.287 - INFO: 
2026-09-29 05:39:03.287 - INFO: Request received via GET, no content type specified
2026-09-29 05:39:03.287 - INFO: Processing command "get-settings": get server settings
2026-09-29 05:39:03.305 - INFO: 
2026-09-29 05:39:03.305 - INFO: Request received via GET, no content type specified
2026-09-29 05:39:03.305 - INFO: Processing command "clear-cache": clear the cache (unpinned elements only)
2026-09-29 05:39:03.330 - INFO: 
2026-09-29 05:39:03.330 - INFO: Request received via POST, content type "application/x-www-form-urlencoded"
2026-09-29 05:39:03.330 - INFO: Processing the following SPARQL query:
# Tier H — size-sweep (SELECT variant)
# Goal: isolate SELECT CSV/TSV export cost from query-planning cost. Raise
# the year bound across runs, for example 1970, 1990, 2010, and 2023.
PREFIX dblp: <https://dblp.org/rdf/schema#>

SELECT ?s ?p ?o
WHERE {
  ?s a dblp:Publication ;
     dblp:yearOfPublication ?year ;
     ?p ?o .
  FILTER(?year <= "1970"^^<http://www.w3.org/2001/XMLSchema#gYear>)
}

2026-09-29 05:39:03.330 - INFO: Requested media types of the result are: "text/tab-separated-values"
2026-09-29 05:39:03.331 - INFO: Query planning done in 1 ms
2026-09-29 05:39:03.354 - INFO: Result has unknown size (not computed yet)
2026-09-29 05:39:05.783 - INFO: Done processing query and sending result, total time was 2,453 ms
2026-09-29 05:39:05.803 - INFO: 
2026-09-29 05:39:05.803 - INFO: Request received via GET, no content type specified
2026-09-29 05:39:05.803 - INFO: Processing command "clear-cache": clear the cache (unpinned elements only)
2026-09-29 05:39:05.820 - INFO: 
2026-09-29 05:39:05.820 - INFO: Request received via POST, content type "application/x-www-form-urlencoded"
2026-09-29 05:39:05.821 - INFO: Processing the following SPARQL query:
# Tier H — size-sweep (SELECT variant)
# Goal: isolate SELECT CSV/TSV export cost from query-planning cost. Raise
# the year bound across runs, for example 1970, 1990, 2010, and 2023.
PREFIX dblp: <https://dblp.org/rdf/schema#>

SELECT ?s ?p ?o
WHERE {
  ?s a dblp:Publication ;
     dblp:yearOfPublication ?year ;
     ?p ?o .
  FILTER(?year <= "1970"^^<http://www.w3.org/2001/XMLSchema#gYear>)
}

2026-09-29 05:39:05.821 - INFO: Requested media types of the result are: "text/tab-separated-values"
2026-09-29 05:39:05.822 - INFO: Query planning done in 1 ms
2026-09-29 05:39:05.845 - INFO: Result has unknown size (not computed yet)
2026-09-29 05:39:08.101 - INFO: Done processing query and sending result, total time was 2,280 ms
2026-09-29 05:39:08.120 - INFO: 
2026-09-29 05:39:08.120 - INFO: Request received via GET, no content type specified
2026-09-29 05:39:08.120 - INFO: Processing command "clear-cache": clear the cache (unpinned elements only)
2026-09-29 05:39:08.138 - INFO: 
2026-09-29 05:39:08.138 - INFO: Request received via POST, content type "application/x-www-form-urlencoded"
2026-09-29 05:39:08.139 - INFO: Processing the following SPARQL query:
# Tier H — size-sweep (SELECT variant)
# Goal: isolate SELECT CSV/TSV export cost from query-planning cost. Raise
# the year bound across runs, for example 1970, 1990, 2010, and 2023.
PREFIX dblp: <https://dblp.org/rdf/schema#>

SELECT ?s ?p ?o
WHERE {
  ?s a dblp:Publication ;
     dblp:yearOfPublication ?year ;
     ?p ?o .
  FILTER(?year <= "1970"^^<http://www.w3.org/2001/XMLSchema#gYear>)
}

2026-09-29 05:39:08.139 - INFO: Requested media types of the result are: "text/tab-separated-values"
2026-09-29 05:39:08.140 - INFO: Query planning done in 1 ms
2026-09-29 05:39:08.159 - INFO: Result has unknown size (not computed yet)
2026-09-29 05:39:10.380 - INFO: Done processing query and sending result, total time was 2,241 ms
2026-09-29 05:39:10.399 - INFO: 
2026-09-29 05:39:10.399 - INFO: Request received via GET, no content type specified
2026-09-29 05:39:10.399 - INFO: Processing command "clear-cache": clear the cache (unpinned elements only)
2026-09-29 05:39:10.417 - INFO: 
2026-09-29 05:39:10.417 - INFO: Request received via POST, content type "application/x-www-form-urlencoded"
2026-09-29 05:39:10.417 - INFO: Processing the following SPARQL query:
# Tier H — size-sweep (SELECT variant)
# Goal: isolate SELECT CSV/TSV export cost from query-planning cost. Raise
# the year bound across runs, for example 1970, 1990, 2010, and 2023.
PREFIX dblp: <https://dblp.org/rdf/schema#>

SELECT ?s ?p ?o
WHERE {
  ?s a dblp:Publication ;
     dblp:yearOfPublication ?year ;
     ?p ?o .
  FILTER(?year <= "1970"^^<http://www.w3.org/2001/XMLSchema#gYear>)
}

2026-09-29 05:39:10.417 - INFO: Requested media types of the result are: "text/tab-separated-values"
2026-09-29 05:39:10.418 - INFO: Query planning done in 1 ms
2026-09-29 05:39:10.441 - INFO: Result has unknown size (not computed yet)
2026-09-29 05:39:12.693 - INFO: Done processing query and sending result, total time was 2,275 ms
2026-09-29 05:39:12.712 - INFO: 
2026-09-29 05:39:12.712 - INFO: Request received via GET, no content type specified
2026-09-29 05:39:12.712 - INFO: Processing command "clear-cache": clear the cache (unpinned elements only)
2026-09-29 05:39:12.730 - INFO: 
2026-09-29 05:39:12.730 - INFO: Request received via POST, content type "application/x-www-form-urlencoded"
2026-09-29 05:39:12.730 - INFO: Processing the following SPARQL query:
# Tier H — size-sweep (SELECT variant)
# Goal: isolate SELECT CSV/TSV export cost from query-planning cost. Raise
# the year bound across runs, for example 1970, 1990, 2010, and 2023.
PREFIX dblp: <https://dblp.org/rdf/schema#>

SELECT ?s ?p ?o
WHERE {
  ?s a dblp:Publication ;
     dblp:yearOfPublication ?year ;
     ?p ?o .
  FILTER(?year <= "1970"^^<http://www.w3.org/2001/XMLSchema#gYear>)
}

2026-09-29 05:39:12.730 - INFO: Requested media types of the result are: "text/tab-separated-values"
2026-09-29 05:39:12.731 - INFO: Query planning done in 1 ms
2026-09-29 05:39:12.753 - INFO: Result has unknown size (not computed yet)
2026-09-29 05:39:15.041 - INFO: Done processing query and sending result, total time was 2,311 ms
2026-09-29 05:39:15.061 - INFO: 
2026-09-29 05:39:15.061 - INFO: Request received via GET, no content type specified
2026-09-29 05:39:15.061 - INFO: Setting "adaptive-export-chunk-size" to: "true"
2026-09-29 05:39:15.079 - INFO: 
2026-09-29 05:39:15.079 - INFO: Request received via GET, no content type specified
2026-09-29 05:39:15.079 - INFO: Processing command "get-settings": get server settings
2026-09-29 05:39:15.097 - INFO: 
2026-09-29 05:39:15.097 - INFO: Request received via GET, no content type specified
2026-09-29 05:39:15.097 - INFO: Processing command "clear-cache": clear the cache (unpinned elements only)
2026-09-29 05:39:15.114 - INFO: 
2026-09-29 05:39:15.114 - INFO: Request received via POST, content type "application/x-www-form-urlencoded"
2026-09-29 05:39:15.115 - INFO: Processing the following SPARQL query:
# Tier H — size-sweep (SELECT variant)
# Goal: isolate SELECT CSV/TSV export cost from query-planning cost. Raise
# the year bound across runs, for example 1970, 1990, 2010, and 2023.
PREFIX dblp: <https://dblp.org/rdf/schema#>

SELECT ?s ?p ?o
WHERE {
  ?s a dblp:Publication ;
     dblp:yearOfPublication ?year ;
     ?p ?o .
  FILTER(?year <= "1970"^^<http://www.w3.org/2001/XMLSchema#gYear>)
}

2026-09-29 05:39:15.115 - INFO: Requested media types of the result are: "text/tab-separated-values"
2026-09-29 05:39:15.116 - INFO: Query planning done in 1 ms
2026-09-29 05:39:15.138 - INFO: Result has unknown size (not computed yet)
2026-09-29 05:39:17.564 - INFO: Done processing query and sending result, total time was 2,449 ms
2026-09-29 05:39:17.583 - INFO: 
2026-09-29 05:39:17.583 - INFO: Request received via GET, no content type specified
2026-09-29 05:39:17.583 - INFO: Processing command "clear-cache": clear the cache (unpinned elements only)
2026-09-29 05:39:17.601 - INFO: 
2026-09-29 05:39:17.601 - INFO: Request received via POST, content type "application/x-www-form-urlencoded"
2026-09-29 05:39:17.601 - INFO: Processing the following SPARQL query:
# Tier H — size-sweep (SELECT variant)
# Goal: isolate SELECT CSV/TSV export cost from query-planning cost. Raise
# the year bound across runs, for example 1970, 1990, 2010, and 2023.
PREFIX dblp: <https://dblp.org/rdf/schema#>

SELECT ?s ?p ?o
WHERE {
  ?s a dblp:Publication ;
     dblp:yearOfPublication ?year ;
     ?p ?o .
  FILTER(?year <= "1970"^^<http://www.w3.org/2001/XMLSchema#gYear>)
}

2026-09-29 05:39:17.601 - INFO: Requested media types of the result are: "text/tab-separated-values"
2026-09-29 05:39:17.602 - INFO: Query planning done in 1 ms
2026-09-29 05:39:17.624 - INFO: Result has unknown size (not computed yet)
2026-09-29 05:39:20.023 - INFO: Done processing query and sending result, total time was 2,421 ms
2026-09-29 05:39:20.042 - INFO: 
2026-09-29 05:39:20.042 - INFO: Request received via GET, no content type specified
2026-09-29 05:39:20.042 - INFO: Processing command "clear-cache": clear the cache (unpinned elements only)
2026-09-29 05:39:20.060 - INFO: 
2026-09-29 05:39:20.060 - INFO: Request received via POST, content type "application/x-www-form-urlencoded"
2026-09-29 05:39:20.060 - INFO: Processing the following SPARQL query:
# Tier H — size-sweep (SELECT variant)
# Goal: isolate SELECT CSV/TSV export cost from query-planning cost. Raise
# the year bound across runs, for example 1970, 1990, 2010, and 2023.
PREFIX dblp: <https://dblp.org/rdf/schema#>

SELECT ?s ?p ?o
WHERE {
  ?s a dblp:Publication ;
     dblp:yearOfPublication ?year ;
     ?p ?o .
  FILTER(?year <= "1970"^^<http://www.w3.org/2001/XMLSchema#gYear>)
}

2026-09-29 05:39:20.060 - INFO: Requested media types of the result are: "text/tab-separated-values"
2026-09-29 05:39:20.061 - INFO: Query planning done in 1 ms
2026-09-29 05:39:20.085 - INFO: Result has unknown size (not computed yet)
2026-09-29 05:39:22.522 - INFO: Done processing query and sending result, total time was 2,462 ms
2026-09-29 05:39:22.541 - INFO: 
2026-09-29 05:39:22.541 - INFO: Request received via GET, no content type specified
2026-09-29 05:39:22.541 - INFO: Processing command "clear-cache": clear the cache (unpinned elements only)
2026-09-29 05:39:22.560 - INFO: 
2026-09-29 05:39:22.560 - INFO: Request received via POST, content type "application/x-www-form-urlencoded"
2026-09-29 05:39:22.560 - INFO: Processing the following SPARQL query:
# Tier H — size-sweep (SELECT variant)
# Goal: isolate SELECT CSV/TSV export cost from query-planning cost. Raise
# the year bound across runs, for example 1970, 1990, 2010, and 2023.
PREFIX dblp: <https://dblp.org/rdf/schema#>

SELECT ?s ?p ?o
WHERE {
  ?s a dblp:Publication ;
     dblp:yearOfPublication ?year ;
     ?p ?o .
  FILTER(?year <= "1970"^^<http://www.w3.org/2001/XMLSchema#gYear>)
}

2026-09-29 05:39:22.560 - INFO: Requested media types of the result are: "text/tab-separated-values"
2026-09-29 05:39:22.561 - INFO: Query planning done in 1 ms
2026-09-29 05:39:22.584 - INFO: Result has unknown size (not computed yet)
2026-09-29 05:39:25.006 - INFO: Done processing query and sending result, total time was 2,446 ms
2026-09-29 05:39:25.026 - INFO: 
2026-09-29 05:39:25.026 - INFO: Request received via GET, no content type specified
2026-09-29 05:39:25.026 - INFO: Processing command "clear-cache": clear the cache (unpinned elements only)
2026-09-29 05:39:25.043 - INFO: 
2026-09-29 05:39:25.043 - INFO: Request received via POST, content type "application/x-www-form-urlencoded"
2026-09-29 05:39:25.044 - INFO: Processing the following SPARQL query:
# Tier H — size-sweep (SELECT variant)
# Goal: isolate SELECT CSV/TSV export cost from query-planning cost. Raise
# the year bound across runs, for example 1970, 1990, 2010, and 2023.
PREFIX dblp: <https://dblp.org/rdf/schema#>

SELECT ?s ?p ?o
WHERE {
  ?s a dblp:Publication ;
     dblp:yearOfPublication ?year ;
     ?p ?o .
  FILTER(?year <= "1970"^^<http://www.w3.org/2001/XMLSchema#gYear>)
}

2026-09-29 05:39:25.044 - INFO: Requested media types of the result are: "text/tab-separated-values"
2026-09-29 05:39:25.045 - INFO: Query planning done in 1 ms
2026-09-29 05:39:25.067 - INFO: Result has unknown size (not computed yet)
2026-09-29 05:39:27.505 - INFO: Done processing query and sending result, total time was 2,461 ms
2026-09-29 05:39:39.742 - INFO: 
2026-09-29 05:39:39.742 - INFO: Request received via GET, no content type specified
2026-09-29 05:39:39.742 - INFO: Setting "adaptive-export-chunk-size" to: "true"
2026-09-29 05:39:39.760 - INFO: 
2026-09-29 05:39:39.760 - INFO: Request received via GET, no content type specified
2026-09-29 05:39:39.760 - INFO: Processing command "get-settings": get server settings
2026-09-29 05:39:39.778 - INFO: 
2026-09-29 05:39:39.778 - INFO: Request received via GET, no content type specified
2026-09-29 05:39:39.778 - INFO: Processing command "clear-cache": clear the cache (unpinned elements only)
2026-09-29 05:39:39.796 - INFO: 
2026-09-29 05:39:39.796 - INFO: Request received via POST, content type "application/x-www-form-urlencoded"
2026-09-29 05:39:39.796 - INFO: Processing the following SPARQL query:
# Tier H — size-sweep (SELECT variant)
# Goal: isolate SELECT CSV/TSV export cost from query-planning cost. Raise
# the year bound across runs, for example 1970, 1990, 2010, and 2023.
PREFIX dblp: <https://dblp.org/rdf/schema#>

SELECT ?s ?p ?o
WHERE {
  ?s a dblp:Publication ;
     dblp:yearOfPublication ?year ;
     ?p ?o .
  FILTER(?year <= "1970"^^<http://www.w3.org/2001/XMLSchema#gYear>)
}

2026-09-29 05:39:39.796 - INFO: Requested media types of the result are: "text/tab-separated-values"
2026-09-29 05:39:39.797 - INFO: Query planning done in 1 ms
2026-09-29 05:39:39.820 - INFO: Result has unknown size (not computed yet)
2026-09-29 05:39:42.245 - INFO: Done processing query and sending result, total time was 2,448 ms
2026-09-29 05:39:42.264 - INFO: 
2026-09-29 05:39:42.264 - INFO: Request received via GET, no content type specified
2026-09-29 05:39:42.264 - INFO: Processing command "clear-cache": clear the cache (unpinned elements only)
2026-09-29 05:39:42.282 - INFO: 
2026-09-29 05:39:42.282 - INFO: Request received via POST, content type "application/x-www-form-urlencoded"
2026-09-29 05:39:42.283 - INFO: Processing the following SPARQL query:
# Tier H — size-sweep (SELECT variant)
# Goal: isolate SELECT CSV/TSV export cost from query-planning cost. Raise
# the year bound across runs, for example 1970, 1990, 2010, and 2023.
PREFIX dblp: <https://dblp.org/rdf/schema#>

SELECT ?s ?p ?o
WHERE {
  ?s a dblp:Publication ;
     dblp:yearOfPublication ?year ;
     ?p ?o .
  FILTER(?year <= "1970"^^<http://www.w3.org/2001/XMLSchema#gYear>)
}

2026-09-29 05:39:42.283 - INFO: Requested media types of the result are: "text/tab-separated-values"
2026-09-29 05:39:42.284 - INFO: Query planning done in 1 ms
2026-09-29 05:39:42.305 - INFO: Result has unknown size (not computed yet)
2026-09-29 05:39:44.721 - INFO: Done processing query and sending result, total time was 2,438 ms
2026-09-29 05:39:44.740 - INFO: 
2026-09-29 05:39:44.740 - INFO: Request received via GET, no content type specified
2026-09-29 05:39:44.740 - INFO: Processing command "clear-cache": clear the cache (unpinned elements only)
2026-09-29 05:39:44.758 - INFO: 
2026-09-29 05:39:44.758 - INFO: Request received via POST, content type "application/x-www-form-urlencoded"
2026-09-29 05:39:44.758 - INFO: Processing the following SPARQL query:
# Tier H — size-sweep (SELECT variant)
# Goal: isolate SELECT CSV/TSV export cost from query-planning cost. Raise
# the year bound across runs, for example 1970, 1990, 2010, and 2023.
PREFIX dblp: <https://dblp.org/rdf/schema#>

SELECT ?s ?p ?o
WHERE {
  ?s a dblp:Publication ;
     dblp:yearOfPublication ?year ;
     ?p ?o .
  FILTER(?year <= "1970"^^<http://www.w3.org/2001/XMLSchema#gYear>)
}

2026-09-29 05:39:44.758 - INFO: Requested media types of the result are: "text/tab-separated-values"
2026-09-29 05:39:44.759 - INFO: Query planning done in 1 ms
2026-09-29 05:39:44.777 - INFO: Result has unknown size (not computed yet)
2026-09-29 05:39:47.069 - INFO: Done processing query and sending result, total time was 2,310 ms
2026-09-29 05:39:47.088 - INFO: 
2026-09-29 05:39:47.088 - INFO: Request received via GET, no content type specified
2026-09-29 05:39:47.088 - INFO: Processing command "clear-cache": clear the cache (unpinned elements only)
2026-09-29 05:39:47.107 - INFO: 
2026-09-29 05:39:47.107 - INFO: Request received via POST, content type "application/x-www-form-urlencoded"
2026-09-29 05:39:47.107 - INFO: Processing the following SPARQL query:
# Tier H — size-sweep (SELECT variant)
# Goal: isolate SELECT CSV/TSV export cost from query-planning cost. Raise
# the year bound across runs, for example 1970, 1990, 2010, and 2023.
PREFIX dblp: <https://dblp.org/rdf/schema#>

SELECT ?s ?p ?o
WHERE {
  ?s a dblp:Publication ;
     dblp:yearOfPublication ?year ;
     ?p ?o .
  FILTER(?year <= "1970"^^<http://www.w3.org/2001/XMLSchema#gYear>)
}

2026-09-29 05:39:47.107 - INFO: Requested media types of the result are: "text/tab-separated-values"
2026-09-29 05:39:47.108 - INFO: Query planning done in 1 ms
2026-09-29 05:39:47.131 - INFO: Result has unknown size (not computed yet)
2026-09-29 05:39:49.505 - INFO: Done processing query and sending result, total time was 2,398 ms
2026-09-29 05:39:49.524 - INFO: 
2026-09-29 05:39:49.524 - INFO: Request received via GET, no content type specified
2026-09-29 05:39:49.524 - INFO: Processing command "clear-cache": clear the cache (unpinned elements only)
2026-09-29 05:39:49.542 - INFO: 
2026-09-29 05:39:49.542 - INFO: Request received via POST, content type "application/x-www-form-urlencoded"
2026-09-29 05:39:49.543 - INFO: Processing the following SPARQL query:
# Tier H — size-sweep (SELECT variant)
# Goal: isolate SELECT CSV/TSV export cost from query-planning cost. Raise
# the year bound across runs, for example 1970, 1990, 2010, and 2023.
PREFIX dblp: <https://dblp.org/rdf/schema#>

SELECT ?s ?p ?o
WHERE {
  ?s a dblp:Publication ;
     dblp:yearOfPublication ?year ;
     ?p ?o .
  FILTER(?year <= "1970"^^<http://www.w3.org/2001/XMLSchema#gYear>)
}

2026-09-29 05:39:49.543 - INFO: Requested media types of the result are: "text/tab-separated-values"
2026-09-29 05:39:49.544 - INFO: Query planning done in 1 ms
2026-09-29 05:39:49.565 - INFO: Result has unknown size (not computed yet)
2026-09-29 05:39:51.921 - INFO: Done processing query and sending result, total time was 2,378 ms
2026-09-29 05:40:04.480 - INFO: 
2026-09-29 05:40:04.480 - INFO: Request received via GET, no content type specified
2026-09-29 05:40:04.480 - INFO: Setting "adaptive-export-chunk-size" to: "false"
2026-09-29 05:40:04.498 - INFO: 
2026-09-29 05:40:04.498 - INFO: Request received via GET, no content type specified
2026-09-29 05:40:04.498 - INFO: Processing command "get-settings": get server settings
2026-09-29 05:40:04.516 - INFO: 
2026-09-29 05:40:04.516 - INFO: Request received via GET, no content type specified
2026-09-29 05:40:04.516 - INFO: Processing command "clear-cache": clear the cache (unpinned elements only)
2026-09-29 05:40:04.534 - INFO: 
2026-09-29 05:40:04.534 - INFO: Request received via POST, content type "application/x-www-form-urlencoded"
2026-09-29 05:40:04.535 - INFO: Processing the following SPARQL query:
# Tier H — size-sweep (SELECT variant)
# Goal: isolate SELECT CSV/TSV export cost from query-planning cost. Raise
# the year bound across runs, for example 1970, 1990, 2010, and 2023.
PREFIX dblp: <https://dblp.org/rdf/schema#>

SELECT ?s ?p ?o
WHERE {
  ?s a dblp:Publication ;
     dblp:yearOfPublication ?year ;
     ?p ?o .
  FILTER(?year <= "1970"^^<http://www.w3.org/2001/XMLSchema#gYear>)
}

2026-09-29 05:40:04.535 - INFO: Requested media types of the result are: "text/tab-separated-values"
2026-09-29 05:40:04.536 - INFO: Query planning done in 1 ms
2026-09-29 05:40:04.558 - INFO: Result has unknown size (not computed yet)
2026-09-29 05:40:06.790 - INFO: Done processing query and sending result, total time was 2,255 ms
2026-09-29 05:40:06.810 - INFO: 
2026-09-29 05:40:06.810 - INFO: Request received via GET, no content type specified
2026-09-29 05:40:06.810 - INFO: Processing command "clear-cache": clear the cache (unpinned elements only)
2026-09-29 05:40:06.827 - INFO: 
2026-09-29 05:40:06.827 - INFO: Request received via POST, content type "application/x-www-form-urlencoded"
2026-09-29 05:40:06.828 - INFO: Processing the following SPARQL query:
# Tier H — size-sweep (SELECT variant)
# Goal: isolate SELECT CSV/TSV export cost from query-planning cost. Raise
# the year bound across runs, for example 1970, 1990, 2010, and 2023.
PREFIX dblp: <https://dblp.org/rdf/schema#>

SELECT ?s ?p ?o
WHERE {
  ?s a dblp:Publication ;
     dblp:yearOfPublication ?year ;
     ?p ?o .
  FILTER(?year <= "1970"^^<http://www.w3.org/2001/XMLSchema#gYear>)
}

2026-09-29 05:40:06.828 - INFO: Requested media types of the result are: "text/tab-separated-values"
2026-09-29 05:40:06.829 - INFO: Query planning done in 1 ms
2026-09-29 05:40:06.851 - INFO: Result has unknown size (not computed yet)
2026-09-29 05:40:09.278 - INFO: Done processing query and sending result, total time was 2,450 ms
2026-09-29 05:40:09.297 - INFO: 
2026-09-29 05:40:09.297 - INFO: Request received via GET, no content type specified
2026-09-29 05:40:09.297 - INFO: Processing command "clear-cache": clear the cache (unpinned elements only)
2026-09-29 05:40:09.315 - INFO: 
2026-09-29 05:40:09.315 - INFO: Request received via POST, content type "application/x-www-form-urlencoded"
2026-09-29 05:40:09.315 - INFO: Processing the following SPARQL query:
# Tier H — size-sweep (SELECT variant)
# Goal: isolate SELECT CSV/TSV export cost from query-planning cost. Raise
# the year bound across runs, for example 1970, 1990, 2010, and 2023.
PREFIX dblp: <https://dblp.org/rdf/schema#>

SELECT ?s ?p ?o
WHERE {
  ?s a dblp:Publication ;
     dblp:yearOfPublication ?year ;
     ?p ?o .
  FILTER(?year <= "1970"^^<http://www.w3.org/2001/XMLSchema#gYear>)
}

2026-09-29 05:40:09.315 - INFO: Requested media types of the result are: "text/tab-separated-values"
2026-09-29 05:40:09.316 - INFO: Query planning done in 1 ms
2026-09-29 05:40:09.338 - INFO: Result has unknown size (not computed yet)
2026-09-29 05:40:11.775 - INFO: Done processing query and sending result, total time was 2,460 ms
2026-09-29 05:40:11.794 - INFO: 
2026-09-29 05:40:11.794 - INFO: Request received via GET, no content type specified
2026-09-29 05:40:11.794 - INFO: Processing command "clear-cache": clear the cache (unpinned elements only)
2026-09-29 05:40:11.812 - INFO: 
2026-09-29 05:40:11.812 - INFO: Request received via POST, content type "application/x-www-form-urlencoded"
2026-09-29 05:40:11.812 - INFO: Processing the following SPARQL query:
# Tier H — size-sweep (SELECT variant)
# Goal: isolate SELECT CSV/TSV export cost from query-planning cost. Raise
# the year bound across runs, for example 1970, 1990, 2010, and 2023.
PREFIX dblp: <https://dblp.org/rdf/schema#>

SELECT ?s ?p ?o
WHERE {
  ?s a dblp:Publication ;
     dblp:yearOfPublication ?year ;
     ?p ?o .
  FILTER(?year <= "1970"^^<http://www.w3.org/2001/XMLSchema#gYear>)
}

2026-09-29 05:40:11.812 - INFO: Requested media types of the result are: "text/tab-separated-values"
2026-09-29 05:40:11.813 - INFO: Query planning done in 1 ms
2026-09-29 05:40:11.835 - INFO: Result has unknown size (not computed yet)
2026-09-29 05:40:14.144 - INFO: Done processing query and sending result, total time was 2,331 ms
2026-09-29 05:40:14.163 - INFO: 
2026-09-29 05:40:14.163 - INFO: Request received via GET, no content type specified
2026-09-29 05:40:14.163 - INFO: Processing command "clear-cache": clear the cache (unpinned elements only)
2026-09-29 05:40:14.181 - INFO: 
2026-09-29 05:40:14.181 - INFO: Request received via POST, content type "application/x-www-form-urlencoded"
2026-09-29 05:40:14.181 - INFO: Processing the following SPARQL query:
# Tier H — size-sweep (SELECT variant)
# Goal: isolate SELECT CSV/TSV export cost from query-planning cost. Raise
# the year bound across runs, for example 1970, 1990, 2010, and 2023.
PREFIX dblp: <https://dblp.org/rdf/schema#>

SELECT ?s ?p ?o
WHERE {
  ?s a dblp:Publication ;
     dblp:yearOfPublication ?year ;
     ?p ?o .
  FILTER(?year <= "1970"^^<http://www.w3.org/2001/XMLSchema#gYear>)
}

2026-09-29 05:40:14.181 - INFO: Requested media types of the result are: "text/tab-separated-values"
2026-09-29 05:40:14.182 - INFO: Query planning done in 1 ms
2026-09-29 05:40:14.204 - INFO: Result has unknown size (not computed yet)
2026-09-29 05:40:16.627 - INFO: Done processing query and sending result, total time was 2,446 ms
2026-09-29 05:40:17.670 - INFO: 
2026-09-29 05:40:17.670 - INFO: Request received via GET, no content type specified
2026-09-29 05:40:17.670 - INFO: Setting "adaptive-export-chunk-size" to: "false"
2026-09-29 05:40:17.688 - INFO: 
2026-09-29 05:40:17.688 - INFO: Request received via GET, no content type specified
2026-09-29 05:40:17.688 - INFO: Processing command "get-settings": get server settings
2026-09-29 05:40:17.706 - INFO: 
2026-09-29 05:40:17.706 - INFO: Request received via GET, no content type specified
2026-09-29 05:40:17.706 - INFO: Processing command "clear-cache": clear the cache (unpinned elements only)
2026-09-29 05:40:17.724 - INFO: 
2026-09-29 05:40:17.724 - INFO: Request received via POST, content type "application/x-www-form-urlencoded"
2026-09-29 05:40:17.724 - INFO: Processing the following SPARQL query:
# Tier R2 — STATE (real-world, large result) — SELECT variant
# Unbounded materialization of the same DBLP venue subgraph as CSV/TSV rows.
PREFIX dblp: <https://dblp.org/rdf/schema#>

SELECT ?paper ?p ?o
WHERE {
  ?paper a dblp:Publication ;
         dblp:publishedInStream <https://dblp.org/streams/conf/stoc> ;
         ?p ?o .
}

2026-09-29 05:40:17.724 - INFO: Requested media types of the result are: "text/csv"
2026-09-29 05:40:17.725 - INFO: Query planning done in 0 ms
2026-09-29 05:40:17.727 - INFO: Result has unknown size (not computed yet)
2026-09-29 05:40:18.416 - INFO: Done processing query and sending result, total time was 692 ms
2026-09-29 05:40:18.435 - INFO: 
2026-09-29 05:40:18.435 - INFO: Request received via GET, no content type specified
2026-09-29 05:40:18.435 - INFO: Setting "adaptive-export-chunk-size" to: "true"
2026-09-29 05:40:18.453 - INFO: 
2026-09-29 05:40:18.453 - INFO: Request received via GET, no content type specified
2026-09-29 05:40:18.453 - INFO: Processing command "get-settings": get server settings
2026-09-29 05:40:18.471 - INFO: 
2026-09-29 05:40:18.471 - INFO: Request received via GET, no content type specified
2026-09-29 05:40:18.471 - INFO: Processing command "clear-cache": clear the cache (unpinned elements only)
2026-09-29 05:40:18.489 - INFO: 
2026-09-29 05:40:18.489 - INFO: Request received via POST, content type "application/x-www-form-urlencoded"
2026-09-29 05:40:18.489 - INFO: Processing the following SPARQL query:
# Tier R2 — STATE (real-world, large result) — SELECT variant
# Unbounded materialization of the same DBLP venue subgraph as CSV/TSV rows.
PREFIX dblp: <https://dblp.org/rdf/schema#>

SELECT ?paper ?p ?o
WHERE {
  ?paper a dblp:Publication ;
         dblp:publishedInStream <https://dblp.org/streams/conf/stoc> ;
         ?p ?o .
}

2026-09-29 05:40:18.489 - INFO: Requested media types of the result are: "text/csv"
2026-09-29 05:40:18.490 - INFO: Query planning done in 0 ms
2026-09-29 05:40:18.492 - INFO: Result has unknown size (not computed yet)
2026-09-29 05:40:19.189 - INFO: Done processing query and sending result, total time was 700 ms
2026-09-29 05:40:30.105 - INFO: 
2026-09-29 05:40:30.105 - INFO: Request received via GET, no content type specified
2026-09-29 05:40:30.105 - INFO: Setting "adaptive-export-chunk-size" to: "false"
2026-09-29 05:40:30.123 - INFO: 
2026-09-29 05:40:30.123 - INFO: Request received via GET, no content type specified
2026-09-29 05:40:30.123 - INFO: Processing command "get-settings": get server settings
2026-09-29 05:40:30.141 - INFO: 
2026-09-29 05:40:30.141 - INFO: Request received via GET, no content type specified
2026-09-29 05:40:30.141 - INFO: Processing command "clear-cache": clear the cache (unpinned elements only)
2026-09-29 05:40:30.159 - INFO: 
2026-09-29 05:40:30.159 - INFO: Request received via POST, content type "application/x-www-form-urlencoded"
2026-09-29 05:40:30.159 - INFO: Processing the following SPARQL query:
# Tier R2 — STATE (real-world, large result) — SELECT variant
# Unbounded materialization of the same DBLP venue subgraph as CSV/TSV rows.
PREFIX dblp: <https://dblp.org/rdf/schema#>

SELECT ?paper ?p ?o
WHERE {
  ?paper a dblp:Publication ;
         dblp:publishedInStream <https://dblp.org/streams/conf/stoc> ;
         ?p ?o .
}

2026-09-29 05:40:30.160 - INFO: Requested media types of the result are: "text/csv"
2026-09-29 05:40:30.160 - INFO: Query planning done in 0 ms
2026-09-29 05:40:30.162 - INFO: Result has unknown size (not computed yet)
2026-09-29 05:40:30.822 - INFO: Done processing query and sending result, total time was 662 ms
2026-09-29 05:40:30.842 - INFO: 
2026-09-29 05:40:30.842 - INFO: Request received via GET, no content type specified
2026-09-29 05:40:30.842 - INFO: Processing command "clear-cache": clear the cache (unpinned elements only)
2026-09-29 05:40:30.859 - INFO: 
2026-09-29 05:40:30.859 - INFO: Request received via POST, content type "application/x-www-form-urlencoded"
2026-09-29 05:40:30.860 - INFO: Processing the following SPARQL query:
# Tier R2 — STATE (real-world, large result) — SELECT variant
# Unbounded materialization of the same DBLP venue subgraph as CSV/TSV rows.
PREFIX dblp: <https://dblp.org/rdf/schema#>

SELECT ?paper ?p ?o
WHERE {
  ?paper a dblp:Publication ;
         dblp:publishedInStream <https://dblp.org/streams/conf/stoc> ;
         ?p ?o .
}

2026-09-29 05:40:30.860 - INFO: Requested media types of the result are: "text/csv"
2026-09-29 05:40:30.860 - INFO: Query planning done in 0 ms
2026-09-29 05:40:30.863 - INFO: Result has unknown size (not computed yet)
2026-09-29 05:40:31.498 - INFO: Done processing query and sending result, total time was 638 ms
2026-09-29 05:40:31.518 - INFO: 
2026-09-29 05:40:31.518 - INFO: Request received via GET, no content type specified
2026-09-29 05:40:31.518 - INFO: Processing command "clear-cache": clear the cache (unpinned elements only)
2026-09-29 05:40:31.535 - INFO: 
2026-09-29 05:40:31.535 - INFO: Request received via POST, content type "application/x-www-form-urlencoded"
2026-09-29 05:40:31.536 - INFO: Processing the following SPARQL query:
# Tier R2 — STATE (real-world, large result) — SELECT variant
# Unbounded materialization of the same DBLP venue subgraph as CSV/TSV rows.
PREFIX dblp: <https://dblp.org/rdf/schema#>

SELECT ?paper ?p ?o
WHERE {
  ?paper a dblp:Publication ;
         dblp:publishedInStream <https://dblp.org/streams/conf/stoc> ;
         ?p ?o .
}

2026-09-29 05:40:31.536 - INFO: Requested media types of the result are: "text/csv"
2026-09-29 05:40:31.536 - INFO: Query planning done in 0 ms
2026-09-29 05:40:31.539 - INFO: Result has unknown size (not computed yet)
2026-09-29 05:40:32.172 - INFO: Done processing query and sending result, total time was 636 ms
2026-09-29 05:40:32.192 - INFO: 
2026-09-29 05:40:32.192 - INFO: Request received via GET, no content type specified
2026-09-29 05:40:32.192 - INFO: Processing command "clear-cache": clear the cache (unpinned elements only)
2026-09-29 05:40:32.210 - INFO: 
2026-09-29 05:40:32.210 - INFO: Request received via POST, content type "application/x-www-form-urlencoded"
2026-09-29 05:40:32.210 - INFO: Processing the following SPARQL query:
# Tier R2 — STATE (real-world, large result) — SELECT variant
# Unbounded materialization of the same DBLP venue subgraph as CSV/TSV rows.
PREFIX dblp: <https://dblp.org/rdf/schema#>

SELECT ?paper ?p ?o
WHERE {
  ?paper a dblp:Publication ;
         dblp:publishedInStream <https://dblp.org/streams/conf/stoc> ;
         ?p ?o .
}

2026-09-29 05:40:32.210 - INFO: Requested media types of the result are: "text/csv"
2026-09-29 05:40:32.211 - INFO: Query planning done in 0 ms
2026-09-29 05:40:32.213 - INFO: Result has unknown size (not computed yet)
2026-09-29 05:40:32.863 - INFO: Done processing query and sending result, total time was 653 ms
2026-09-29 05:40:32.882 - INFO: 
2026-09-29 05:40:32.882 - INFO: Request received via GET, no content type specified
2026-09-29 05:40:32.882 - INFO: Processing command "clear-cache": clear the cache (unpinned elements only)
2026-09-29 05:40:32.900 - INFO: 
2026-09-29 05:40:32.900 - INFO: Request received via POST, content type "application/x-www-form-urlencoded"
2026-09-29 05:40:32.900 - INFO: Processing the following SPARQL query:
# Tier R2 — STATE (real-world, large result) — SELECT variant
# Unbounded materialization of the same DBLP venue subgraph as CSV/TSV rows.
PREFIX dblp: <https://dblp.org/rdf/schema#>

SELECT ?paper ?p ?o
WHERE {
  ?paper a dblp:Publication ;
         dblp:publishedInStream <https://dblp.org/streams/conf/stoc> ;
         ?p ?o .
}

2026-09-29 05:40:32.900 - INFO: Requested media types of the result are: "text/csv"
2026-09-29 05:40:32.901 - INFO: Query planning done in 0 ms
2026-09-29 05:40:32.903 - INFO: Result has unknown size (not computed yet)
2026-09-29 05:40:33.595 - INFO: Done processing query and sending result, total time was 694 ms
2026-09-29 05:40:33.614 - INFO: 
2026-09-29 05:40:33.614 - INFO: Request received via GET, no content type specified
2026-09-29 05:40:33.614 - INFO: Processing command "clear-cache": clear the cache (unpinned elements only)
2026-09-29 05:40:33.632 - INFO: 
2026-09-29 05:40:33.632 - INFO: Request received via POST, content type "application/x-www-form-urlencoded"
2026-09-29 05:40:33.632 - INFO: Processing the following SPARQL query:
# Tier R2 — STATE (real-world, large result) — SELECT variant
# Unbounded materialization of the same DBLP venue subgraph as CSV/TSV rows.
PREFIX dblp: <https://dblp.org/rdf/schema#>

SELECT ?paper ?p ?o
WHERE {
  ?paper a dblp:Publication ;
         dblp:publishedInStream <https://dblp.org/streams/conf/stoc> ;
         ?p ?o .
}

2026-09-29 05:40:33.632 - INFO: Requested media types of the result are: "text/csv"
2026-09-29 05:40:33.632 - INFO: Query planning done in 0 ms
2026-09-29 05:40:33.635 - INFO: Result has unknown size (not computed yet)
2026-09-29 05:40:34.323 - INFO: Done processing query and sending result, total time was 691 ms
2026-09-29 05:40:34.342 - INFO: 
2026-09-29 05:40:34.342 - INFO: Request received via GET, no content type specified
2026-09-29 05:40:34.342 - INFO: Processing command "clear-cache": clear the cache (unpinned elements only)
2026-09-29 05:40:34.360 - INFO: 
2026-09-29 05:40:34.360 - INFO: Request received via POST, content type "application/x-www-form-urlencoded"
2026-09-29 05:40:34.360 - INFO: Processing the following SPARQL query:
# Tier R2 — STATE (real-world, large result) — SELECT variant
# Unbounded materialization of the same DBLP venue subgraph as CSV/TSV rows.
PREFIX dblp: <https://dblp.org/rdf/schema#>

SELECT ?paper ?p ?o
WHERE {
  ?paper a dblp:Publication ;
         dblp:publishedInStream <https://dblp.org/streams/conf/stoc> ;
         ?p ?o .
}

2026-09-29 05:40:34.360 - INFO: Requested media types of the result are: "text/csv"
2026-09-29 05:40:34.360 - INFO: Query planning done in 0 ms
2026-09-29 05:40:34.362 - INFO: Result has unknown size (not computed yet)
2026-09-29 05:40:35.021 - INFO: Done processing query and sending result, total time was 661 ms
2026-09-29 05:40:35.040 - INFO: 
2026-09-29 05:40:35.040 - INFO: Request received via GET, no content type specified
2026-09-29 05:40:35.040 - INFO: Processing command "clear-cache": clear the cache (unpinned elements only)
2026-09-29 05:40:35.058 - INFO: 
2026-09-29 05:40:35.058 - INFO: Request received via POST, content type "application/x-www-form-urlencoded"
2026-09-29 05:40:35.058 - INFO: Processing the following SPARQL query:
# Tier R2 — STATE (real-world, large result) — SELECT variant
# Unbounded materialization of the same DBLP venue subgraph as CSV/TSV rows.
PREFIX dblp: <https://dblp.org/rdf/schema#>

SELECT ?paper ?p ?o
WHERE {
  ?paper a dblp:Publication ;
         dblp:publishedInStream <https://dblp.org/streams/conf/stoc> ;
         ?p ?o .
}

2026-09-29 05:40:35.058 - INFO: Requested media types of the result are: "text/csv"
2026-09-29 05:40:35.058 - INFO: Query planning done in 0 ms
2026-09-29 05:40:35.061 - INFO: Result has unknown size (not computed yet)
2026-09-29 05:40:35.688 - INFO: Done processing query and sending result, total time was 630 ms
2026-09-29 05:40:35.707 - INFO: 
2026-09-29 05:40:35.707 - INFO: Request received via GET, no content type specified
2026-09-29 05:40:35.707 - INFO: Processing command "clear-cache": clear the cache (unpinned elements only)
2026-09-29 05:40:35.725 - INFO: 
2026-09-29 05:40:35.725 - INFO: Request received via POST, content type "application/x-www-form-urlencoded"
2026-09-29 05:40:35.725 - INFO: Processing the following SPARQL query:
# Tier R2 — STATE (real-world, large result) — SELECT variant
# Unbounded materialization of the same DBLP venue subgraph as CSV/TSV rows.
PREFIX dblp: <https://dblp.org/rdf/schema#>

SELECT ?paper ?p ?o
WHERE {
  ?paper a dblp:Publication ;
         dblp:publishedInStream <https://dblp.org/streams/conf/stoc> ;
         ?p ?o .
}

2026-09-29 05:40:35.725 - INFO: Requested media types of the result are: "text/csv"
2026-09-29 05:40:35.725 - INFO: Query planning done in 0 ms
2026-09-29 05:40:35.728 - INFO: Result has unknown size (not computed yet)
2026-09-29 05:40:36.369 - INFO: Done processing query and sending result, total time was 644 ms
2026-09-29 05:40:36.387 - INFO: 
2026-09-29 05:40:36.387 - INFO: Request received via GET, no content type specified
2026-09-29 05:40:36.387 - INFO: Processing command "clear-cache": clear the cache (unpinned elements only)
2026-09-29 05:40:36.405 - INFO: 
2026-09-29 05:40:36.405 - INFO: Request received via POST, content type "application/x-www-form-urlencoded"
2026-09-29 05:40:36.405 - INFO: Processing the following SPARQL query:
# Tier R2 — STATE (real-world, large result) — SELECT variant
# Unbounded materialization of the same DBLP venue subgraph as CSV/TSV rows.
PREFIX dblp: <https://dblp.org/rdf/schema#>

SELECT ?paper ?p ?o
WHERE {
  ?paper a dblp:Publication ;
         dblp:publishedInStream <https://dblp.org/streams/conf/stoc> ;
         ?p ?o .
}

2026-09-29 05:40:36.405 - INFO: Requested media types of the result are: "text/csv"
2026-09-29 05:40:36.406 - INFO: Query planning done in 0 ms
2026-09-29 05:40:36.409 - INFO: Result has unknown size (not computed yet)
2026-09-29 05:40:37.074 - INFO: Done processing query and sending result, total time was 668 ms
2026-09-29 05:40:37.093 - INFO: 
2026-09-29 05:40:37.093 - INFO: Request received via GET, no content type specified
2026-09-29 05:40:37.093 - INFO: Processing command "clear-cache": clear the cache (unpinned elements only)
2026-09-29 05:40:37.110 - INFO: 
2026-09-29 05:40:37.110 - INFO: Request received via POST, content type "application/x-www-form-urlencoded"
2026-09-29 05:40:37.111 - INFO: Processing the following SPARQL query:
# Tier R2 — STATE (real-world, large result) — SELECT variant
# Unbounded materialization of the same DBLP venue subgraph as CSV/TSV rows.
PREFIX dblp: <https://dblp.org/rdf/schema#>

SELECT ?paper ?p ?o
WHERE {
  ?paper a dblp:Publication ;
         dblp:publishedInStream <https://dblp.org/streams/conf/stoc> ;
         ?p ?o .
}

2026-09-29 05:40:37.111 - INFO: Requested media types of the result are: "text/csv"
2026-09-29 05:40:37.111 - INFO: Query planning done in 0 ms
2026-09-29 05:40:37.113 - INFO: Result has unknown size (not computed yet)
2026-09-29 05:40:37.761 - INFO: Done processing query and sending result, total time was 650 ms
2026-09-29 05:40:37.780 - INFO: 
2026-09-29 05:40:37.780 - INFO: Request received via GET, no content type specified
2026-09-29 05:40:37.780 - INFO: Processing command "clear-cache": clear the cache (unpinned elements only)
2026-09-29 05:40:37.805 - INFO: 
2026-09-29 05:40:37.805 - INFO: Request received via POST, content type "application/x-www-form-urlencoded"
2026-09-29 05:40:37.805 - INFO: Processing the following SPARQL query:
# Tier R2 — STATE (real-world, large result) — SELECT variant
# Unbounded materialization of the same DBLP venue subgraph as CSV/TSV rows.
PREFIX dblp: <https://dblp.org/rdf/schema#>

SELECT ?paper ?p ?o
WHERE {
  ?paper a dblp:Publication ;
         dblp:publishedInStream <https://dblp.org/streams/conf/stoc> ;
         ?p ?o .
}

2026-09-29 05:40:37.805 - INFO: Requested media types of the result are: "text/csv"
2026-09-29 05:40:37.806 - INFO: Query planning done in 0 ms
2026-09-29 05:40:37.808 - INFO: Result has unknown size (not computed yet)
2026-09-29 05:40:38.447 - INFO: Done processing query and sending result, total time was 642 ms
2026-09-29 05:40:38.466 - INFO: 
2026-09-29 05:40:38.466 - INFO: Request received via GET, no content type specified
2026-09-29 05:40:38.466 - INFO: Processing command "clear-cache": clear the cache (unpinned elements only)
2026-09-29 05:40:38.484 - INFO: 
2026-09-29 05:40:38.484 - INFO: Request received via POST, content type "application/x-www-form-urlencoded"
2026-09-29 05:40:38.484 - INFO: Processing the following SPARQL query:
# Tier R2 — STATE (real-world, large result) — SELECT variant
# Unbounded materialization of the same DBLP venue subgraph as CSV/TSV rows.
PREFIX dblp: <https://dblp.org/rdf/schema#>

SELECT ?paper ?p ?o
WHERE {
  ?paper a dblp:Publication ;
         dblp:publishedInStream <https://dblp.org/streams/conf/stoc> ;
         ?p ?o .
}

2026-09-29 05:40:38.484 - INFO: Requested media types of the result are: "text/csv"
2026-09-29 05:40:38.484 - INFO: Query planning done in 0 ms
2026-09-29 05:40:38.487 - INFO: Result has unknown size (not computed yet)
2026-09-29 05:40:39.155 - INFO: Done processing query and sending result, total time was 670 ms
2026-09-29 05:40:39.173 - INFO: 
2026-09-29 05:40:39.173 - INFO: Request received via GET, no content type specified
2026-09-29 05:40:39.173 - INFO: Processing command "clear-cache": clear the cache (unpinned elements only)
2026-09-29 05:40:39.191 - INFO: 
2026-09-29 05:40:39.191 - INFO: Request received via POST, content type "application/x-www-form-urlencoded"
2026-09-29 05:40:39.191 - INFO: Processing the following SPARQL query:
# Tier R2 — STATE (real-world, large result) — SELECT variant
# Unbounded materialization of the same DBLP venue subgraph as CSV/TSV rows.
PREFIX dblp: <https://dblp.org/rdf/schema#>

SELECT ?paper ?p ?o
WHERE {
  ?paper a dblp:Publication ;
         dblp:publishedInStream <https://dblp.org/streams/conf/stoc> ;
         ?p ?o .
}

2026-09-29 05:40:39.191 - INFO: Requested media types of the result are: "text/csv"
2026-09-29 05:40:39.192 - INFO: Query planning done in 0 ms
2026-09-29 05:40:39.194 - INFO: Result has unknown size (not computed yet)
2026-09-29 05:40:39.880 - INFO: Done processing query and sending result, total time was 688 ms
2026-09-29 05:40:39.899 - INFO: 
2026-09-29 05:40:39.899 - INFO: Request received via GET, no content type specified
2026-09-29 05:40:39.899 - INFO: Processing command "clear-cache": clear the cache (unpinned elements only)
2026-09-29 05:40:39.917 - INFO: 
2026-09-29 05:40:39.917 - INFO: Request received via POST, content type "application/x-www-form-urlencoded"
2026-09-29 05:40:39.917 - INFO: Processing the following SPARQL query:
# Tier R2 — STATE (real-world, large result) — SELECT variant
# Unbounded materialization of the same DBLP venue subgraph as CSV/TSV rows.
PREFIX dblp: <https://dblp.org/rdf/schema#>

SELECT ?paper ?p ?o
WHERE {
  ?paper a dblp:Publication ;
         dblp:publishedInStream <https://dblp.org/streams/conf/stoc> ;
         ?p ?o .
}

2026-09-29 05:40:39.917 - INFO: Requested media types of the result are: "text/csv"
2026-09-29 05:40:39.917 - INFO: Query planning done in 0 ms
2026-09-29 05:40:39.919 - INFO: Result has unknown size (not computed yet)
2026-09-29 05:40:40.610 - INFO: Done processing query and sending result, total time was 693 ms
2026-09-29 05:40:40.629 - INFO: 
2026-09-29 05:40:40.629 - INFO: Request received via GET, no content type specified
2026-09-29 05:40:40.630 - INFO: Setting "adaptive-export-chunk-size" to: "true"
2026-09-29 05:40:40.648 - INFO: 
2026-09-29 05:40:40.648 - INFO: Request received via GET, no content type specified
2026-09-29 05:40:40.648 - INFO: Processing command "get-settings": get server settings
2026-09-29 05:40:40.665 - INFO: 
2026-09-29 05:40:40.665 - INFO: Request received via GET, no content type specified
2026-09-29 05:40:40.665 - INFO: Processing command "clear-cache": clear the cache (unpinned elements only)
2026-09-29 05:40:40.684 - INFO: 
2026-09-29 05:40:40.684 - INFO: Request received via POST, content type "application/x-www-form-urlencoded"
2026-09-29 05:40:40.684 - INFO: Processing the following SPARQL query:
# Tier R2 — STATE (real-world, large result) — SELECT variant
# Unbounded materialization of the same DBLP venue subgraph as CSV/TSV rows.
PREFIX dblp: <https://dblp.org/rdf/schema#>

SELECT ?paper ?p ?o
WHERE {
  ?paper a dblp:Publication ;
         dblp:publishedInStream <https://dblp.org/streams/conf/stoc> ;
         ?p ?o .
}

2026-09-29 05:40:40.684 - INFO: Requested media types of the result are: "text/csv"
2026-09-29 05:40:40.684 - INFO: Query planning done in 0 ms
2026-09-29 05:40:40.687 - INFO: Result has unknown size (not computed yet)
2026-09-29 05:40:41.385 - INFO: Done processing query and sending result, total time was 701 ms
2026-09-29 05:40:41.404 - INFO: 
2026-09-29 05:40:41.404 - INFO: Request received via GET, no content type specified
2026-09-29 05:40:41.404 - INFO: Processing command "clear-cache": clear the cache (unpinned elements only)
2026-09-29 05:40:41.422 - INFO: 
2026-09-29 05:40:41.422 - INFO: Request received via POST, content type "application/x-www-form-urlencoded"
2026-09-29 05:40:41.422 - INFO: Processing the following SPARQL query:
# Tier R2 — STATE (real-world, large result) — SELECT variant
# Unbounded materialization of the same DBLP venue subgraph as CSV/TSV rows.
PREFIX dblp: <https://dblp.org/rdf/schema#>

SELECT ?paper ?p ?o
WHERE {
  ?paper a dblp:Publication ;
         dblp:publishedInStream <https://dblp.org/streams/conf/stoc> ;
         ?p ?o .
}

2026-09-29 05:40:41.422 - INFO: Requested media types of the result are: "text/csv"
2026-09-29 05:40:41.423 - INFO: Query planning done in 0 ms
2026-09-29 05:40:41.425 - INFO: Result has unknown size (not computed yet)
2026-09-29 05:40:42.119 - INFO: Done processing query and sending result, total time was 697 ms
2026-09-29 05:40:42.139 - INFO: 
2026-09-29 05:40:42.139 - INFO: Request received via GET, no content type specified
2026-09-29 05:40:42.139 - INFO: Processing command "clear-cache": clear the cache (unpinned elements only)
2026-09-29 05:40:42.157 - INFO: 
2026-09-29 05:40:42.157 - INFO: Request received via POST, content type "application/x-www-form-urlencoded"
2026-09-29 05:40:42.157 - INFO: Processing the following SPARQL query:
# Tier R2 — STATE (real-world, large result) — SELECT variant
# Unbounded materialization of the same DBLP venue subgraph as CSV/TSV rows.
PREFIX dblp: <https://dblp.org/rdf/schema#>

SELECT ?paper ?p ?o
WHERE {
  ?paper a dblp:Publication ;
         dblp:publishedInStream <https://dblp.org/streams/conf/stoc> ;
         ?p ?o .
}

2026-09-29 05:40:42.157 - INFO: Requested media types of the result are: "text/csv"
2026-09-29 05:40:42.158 - INFO: Query planning done in 1 ms
2026-09-29 05:40:42.160 - INFO: Result has unknown size (not computed yet)
2026-09-29 05:40:42.850 - INFO: Done processing query and sending result, total time was 693 ms
2026-09-29 05:40:42.869 - INFO: 
2026-09-29 05:40:42.869 - INFO: Request received via GET, no content type specified
2026-09-29 05:40:42.869 - INFO: Processing command "clear-cache": clear the cache (unpinned elements only)
2026-09-29 05:40:42.887 - INFO: 
2026-09-29 05:40:42.887 - INFO: Request received via POST, content type "application/x-www-form-urlencoded"
2026-09-29 05:40:42.887 - INFO: Processing the following SPARQL query:
# Tier R2 — STATE (real-world, large result) — SELECT variant
# Unbounded materialization of the same DBLP venue subgraph as CSV/TSV rows.
PREFIX dblp: <https://dblp.org/rdf/schema#>

SELECT ?paper ?p ?o
WHERE {
  ?paper a dblp:Publication ;
         dblp:publishedInStream <https://dblp.org/streams/conf/stoc> ;
         ?p ?o .
}

2026-09-29 05:40:42.887 - INFO: Requested media types of the result are: "text/csv"
2026-09-29 05:40:42.888 - INFO: Query planning done in 0 ms
2026-09-29 05:40:42.890 - INFO: Result has unknown size (not computed yet)
2026-09-29 05:40:43.574 - INFO: Done processing query and sending result, total time was 686 ms
2026-09-29 05:40:43.593 - INFO: 
2026-09-29 05:40:43.593 - INFO: Request received via GET, no content type specified
2026-09-29 05:40:43.593 - INFO: Processing command "clear-cache": clear the cache (unpinned elements only)
2026-09-29 05:40:43.611 - INFO: 
2026-09-29 05:40:43.611 - INFO: Request received via POST, content type "application/x-www-form-urlencoded"
2026-09-29 05:40:43.611 - INFO: Processing the following SPARQL query:
# Tier R2 — STATE (real-world, large result) — SELECT variant
# Unbounded materialization of the same DBLP venue subgraph as CSV/TSV rows.
PREFIX dblp: <https://dblp.org/rdf/schema#>

SELECT ?paper ?p ?o
WHERE {
  ?paper a dblp:Publication ;
         dblp:publishedInStream <https://dblp.org/streams/conf/stoc> ;
         ?p ?o .
}

2026-09-29 05:40:43.611 - INFO: Requested media types of the result are: "text/csv"
2026-09-29 05:40:43.611 - INFO: Query planning done in 0 ms
2026-09-29 05:40:43.614 - INFO: Result has unknown size (not computed yet)
2026-09-29 05:40:44.297 - INFO: Done processing query and sending result, total time was 686 ms
2026-09-29 05:40:44.316 - INFO: 
2026-09-29 05:40:44.316 - INFO: Request received via GET, no content type specified
2026-09-29 05:40:44.316 - INFO: Processing command "clear-cache": clear the cache (unpinned elements only)
2026-09-29 05:40:44.334 - INFO: 
2026-09-29 05:40:44.334 - INFO: Request received via POST, content type "application/x-www-form-urlencoded"
2026-09-29 05:40:44.334 - INFO: Processing the following SPARQL query:
# Tier R2 — STATE (real-world, large result) — SELECT variant
# Unbounded materialization of the same DBLP venue subgraph as CSV/TSV rows.
PREFIX dblp: <https://dblp.org/rdf/schema#>

SELECT ?paper ?p ?o
WHERE {
  ?paper a dblp:Publication ;
         dblp:publishedInStream <https://dblp.org/streams/conf/stoc> ;
         ?p ?o .
}

2026-09-29 05:40:44.334 - INFO: Requested media types of the result are: "text/csv"
2026-09-29 05:40:44.335 - INFO: Query planning done in 0 ms
2026-09-29 05:40:44.338 - INFO: Result has unknown size (not computed yet)
2026-09-29 05:40:44.997 - INFO: Done processing query and sending result, total time was 662 ms
2026-09-29 05:40:45.016 - INFO: 
2026-09-29 05:40:45.016 - INFO: Request received via GET, no content type specified
2026-09-29 05:40:45.016 - INFO: Processing command "clear-cache": clear the cache (unpinned elements only)
2026-09-29 05:40:45.033 - INFO: 
2026-09-29 05:40:45.033 - INFO: Request received via POST, content type "application/x-www-form-urlencoded"
2026-09-29 05:40:45.034 - INFO: Processing the following SPARQL query:
# Tier R2 — STATE (real-world, large result) — SELECT variant
# Unbounded materialization of the same DBLP venue subgraph as CSV/TSV rows.
PREFIX dblp: <https://dblp.org/rdf/schema#>

SELECT ?paper ?p ?o
WHERE {
  ?paper a dblp:Publication ;
         dblp:publishedInStream <https://dblp.org/streams/conf/stoc> ;
         ?p ?o .
}

2026-09-29 05:40:45.034 - INFO: Requested media types of the result are: "text/csv"
2026-09-29 05:40:45.034 - INFO: Query planning done in 1 ms
2026-09-29 05:40:45.037 - INFO: Result has unknown size (not computed yet)
2026-09-29 05:40:45.681 - INFO: Done processing query and sending result, total time was 647 ms
2026-09-29 05:40:45.700 - INFO: 
2026-09-29 05:40:45.700 - INFO: Request received via GET, no content type specified
2026-09-29 05:40:45.700 - INFO: Processing command "clear-cache": clear the cache (unpinned elements only)
2026-09-29 05:40:45.718 - INFO: 
2026-09-29 05:40:45.718 - INFO: Request received via POST, content type "application/x-www-form-urlencoded"
2026-09-29 05:40:45.718 - INFO: Processing the following SPARQL query:
# Tier R2 — STATE (real-world, large result) — SELECT variant
# Unbounded materialization of the same DBLP venue subgraph as CSV/TSV rows.
PREFIX dblp: <https://dblp.org/rdf/schema#>

SELECT ?paper ?p ?o
WHERE {
  ?paper a dblp:Publication ;
         dblp:publishedInStream <https://dblp.org/streams/conf/stoc> ;
         ?p ?o .
}

2026-09-29 05:40:45.718 - INFO: Requested media types of the result are: "text/csv"
2026-09-29 05:40:45.718 - INFO: Query planning done in 0 ms
2026-09-29 05:40:45.722 - INFO: Result has unknown size (not computed yet)
2026-09-29 05:40:46.391 - INFO: Done processing query and sending result, total time was 673 ms
2026-09-29 05:40:46.410 - INFO: 
2026-09-29 05:40:46.410 - INFO: Request received via GET, no content type specified
2026-09-29 05:40:46.410 - INFO: Processing command "clear-cache": clear the cache (unpinned elements only)
2026-09-29 05:40:46.435 - INFO: 
2026-09-29 05:40:46.435 - INFO: Request received via POST, content type "application/x-www-form-urlencoded"
2026-09-29 05:40:46.435 - INFO: Processing the following SPARQL query:
# Tier R2 — STATE (real-world, large result) — SELECT variant
# Unbounded materialization of the same DBLP venue subgraph as CSV/TSV rows.
PREFIX dblp: <https://dblp.org/rdf/schema#>

SELECT ?paper ?p ?o
WHERE {
  ?paper a dblp:Publication ;
         dblp:publishedInStream <https://dblp.org/streams/conf/stoc> ;
         ?p ?o .
}

2026-09-29 05:40:46.435 - INFO: Requested media types of the result are: "text/csv"
2026-09-29 05:40:46.436 - INFO: Query planning done in 0 ms
2026-09-29 05:40:46.438 - INFO: Result has unknown size (not computed yet)
2026-09-29 05:40:47.075 - INFO: Done processing query and sending result, total time was 640 ms
2026-09-29 05:40:47.094 - INFO: 
2026-09-29 05:40:47.094 - INFO: Request received via GET, no content type specified
2026-09-29 05:40:47.094 - INFO: Processing command "clear-cache": clear the cache (unpinned elements only)
2026-09-29 05:40:47.112 - INFO: 
2026-09-29 05:40:47.112 - INFO: Request received via POST, content type "application/x-www-form-urlencoded"
2026-09-29 05:40:47.113 - INFO: Processing the following SPARQL query:
# Tier R2 — STATE (real-world, large result) — SELECT variant
# Unbounded materialization of the same DBLP venue subgraph as CSV/TSV rows.
PREFIX dblp: <https://dblp.org/rdf/schema#>

SELECT ?paper ?p ?o
WHERE {
  ?paper a dblp:Publication ;
         dblp:publishedInStream <https://dblp.org/streams/conf/stoc> ;
         ?p ?o .
}

2026-09-29 05:40:47.113 - INFO: Requested media types of the result are: "text/csv"
2026-09-29 05:40:47.113 - INFO: Query planning done in 0 ms
2026-09-29 05:40:47.116 - INFO: Result has unknown size (not computed yet)
2026-09-29 05:40:47.757 - INFO: Done processing query and sending result, total time was 644 ms
2026-09-29 05:40:47.776 - INFO: 
2026-09-29 05:40:47.776 - INFO: Request received via GET, no content type specified
2026-09-29 05:40:47.776 - INFO: Processing command "clear-cache": clear the cache (unpinned elements only)
2026-09-29 05:40:47.794 - INFO: 
2026-09-29 05:40:47.794 - INFO: Request received via POST, content type "application/x-www-form-urlencoded"
2026-09-29 05:40:47.795 - INFO: Processing the following SPARQL query:
# Tier R2 — STATE (real-world, large result) — SELECT variant
# Unbounded materialization of the same DBLP venue subgraph as CSV/TSV rows.
PREFIX dblp: <https://dblp.org/rdf/schema#>

SELECT ?paper ?p ?o
WHERE {
  ?paper a dblp:Publication ;
         dblp:publishedInStream <https://dblp.org/streams/conf/stoc> ;
         ?p ?o .
}

2026-09-29 05:40:47.795 - INFO: Requested media types of the result are: "text/csv"
2026-09-29 05:40:47.795 - INFO: Query planning done in 1 ms
2026-09-29 05:40:47.798 - INFO: Result has unknown size (not computed yet)
2026-09-29 05:40:48.442 - INFO: Done processing query and sending result, total time was 647 ms
2026-09-29 05:40:48.461 - INFO: 
2026-09-29 05:40:48.461 - INFO: Request received via GET, no content type specified
2026-09-29 05:40:48.461 - INFO: Processing command "clear-cache": clear the cache (unpinned elements only)
2026-09-29 05:40:48.478 - INFO: 
2026-09-29 05:40:48.478 - INFO: Request received via POST, content type "application/x-www-form-urlencoded"
2026-09-29 05:40:48.479 - INFO: Processing the following SPARQL query:
# Tier R2 — STATE (real-world, large result) — SELECT variant
# Unbounded materialization of the same DBLP venue subgraph as CSV/TSV rows.
PREFIX dblp: <https://dblp.org/rdf/schema#>

SELECT ?paper ?p ?o
WHERE {
  ?paper a dblp:Publication ;
         dblp:publishedInStream <https://dblp.org/streams/conf/stoc> ;
         ?p ?o .
}

2026-09-29 05:40:48.479 - INFO: Requested media types of the result are: "text/csv"
2026-09-29 05:40:48.479 - INFO: Query planning done in 0 ms
2026-09-29 05:40:48.482 - INFO: Result has unknown size (not computed yet)
2026-09-29 05:40:49.104 - INFO: Done processing query and sending result, total time was 625 ms
2026-09-29 05:40:49.123 - INFO: 
2026-09-29 05:40:49.123 - INFO: Request received via GET, no content type specified
2026-09-29 05:40:49.123 - INFO: Processing command "clear-cache": clear the cache (unpinned elements only)
2026-09-29 05:40:49.141 - INFO: 
2026-09-29 05:40:49.141 - INFO: Request received via POST, content type "application/x-www-form-urlencoded"
2026-09-29 05:40:49.141 - INFO: Processing the following SPARQL query:
# Tier R2 — STATE (real-world, large result) — SELECT variant
# Unbounded materialization of the same DBLP venue subgraph as CSV/TSV rows.
PREFIX dblp: <https://dblp.org/rdf/schema#>

SELECT ?paper ?p ?o
WHERE {
  ?paper a dblp:Publication ;
         dblp:publishedInStream <https://dblp.org/streams/conf/stoc> ;
         ?p ?o .
}

2026-09-29 05:40:49.141 - INFO: Requested media types of the result are: "text/csv"
2026-09-29 05:40:49.142 - INFO: Query planning done in 0 ms
2026-09-29 05:40:49.144 - INFO: Result has unknown size (not computed yet)
2026-09-29 05:40:49.794 - INFO: Done processing query and sending result, total time was 653 ms
2026-09-29 05:40:49.813 - INFO: 
2026-09-29 05:40:49.813 - INFO: Request received via GET, no content type specified
2026-09-29 05:40:49.813 - INFO: Processing command "clear-cache": clear the cache (unpinned elements only)
2026-09-29 05:40:49.832 - INFO: 
2026-09-29 05:40:49.832 - INFO: Request received via POST, content type "application/x-www-form-urlencoded"
2026-09-29 05:40:49.832 - INFO: Processing the following SPARQL query:
# Tier R2 — STATE (real-world, large result) — SELECT variant
# Unbounded materialization of the same DBLP venue subgraph as CSV/TSV rows.
PREFIX dblp: <https://dblp.org/rdf/schema#>

SELECT ?paper ?p ?o
WHERE {
  ?paper a dblp:Publication ;
         dblp:publishedInStream <https://dblp.org/streams/conf/stoc> ;
         ?p ?o .
}

2026-09-29 05:40:49.832 - INFO: Requested media types of the result are: "text/csv"
2026-09-29 05:40:49.832 - INFO: Query planning done in 0 ms
2026-09-29 05:40:49.835 - INFO: Result has unknown size (not computed yet)
2026-09-29 05:40:50.535 - INFO: Done processing query and sending result, total time was 703 ms
2026-09-29 05:40:50.554 - INFO: 
2026-09-29 05:40:50.554 - INFO: Request received via GET, no content type specified
2026-09-29 05:40:50.554 - INFO: Processing command "clear-cache": clear the cache (unpinned elements only)
2026-09-29 05:40:50.572 - INFO: 
2026-09-29 05:40:50.572 - INFO: Request received via POST, content type "application/x-www-form-urlencoded"
2026-09-29 05:40:50.572 - INFO: Processing the following SPARQL query:
# Tier R2 — STATE (real-world, large result) — SELECT variant
# Unbounded materialization of the same DBLP venue subgraph as CSV/TSV rows.
PREFIX dblp: <https://dblp.org/rdf/schema#>

SELECT ?paper ?p ?o
WHERE {
  ?paper a dblp:Publication ;
         dblp:publishedInStream <https://dblp.org/streams/conf/stoc> ;
         ?p ?o .
}

2026-09-29 05:40:50.572 - INFO: Requested media types of the result are: "text/csv"
2026-09-29 05:40:50.573 - INFO: Query planning done in 0 ms
2026-09-29 05:40:50.575 - INFO: Result has unknown size (not computed yet)
2026-09-29 05:40:51.265 - INFO: Done processing query and sending result, total time was 693 ms
2026-09-29 05:40:51.285 - INFO: 
2026-09-29 05:40:51.285 - INFO: Request received via GET, no content type specified
2026-09-29 05:40:51.285 - INFO: Setting "adaptive-export-chunk-size" to: "false"
2026-09-29 05:40:51.303 - INFO: 
2026-09-29 05:40:51.303 - INFO: Request received via GET, no content type specified
2026-09-29 05:40:51.303 - INFO: Processing command "get-settings": get server settings
2026-09-29 05:40:51.321 - INFO: 
2026-09-29 05:40:51.321 - INFO: Request received via GET, no content type specified
2026-09-29 05:40:51.321 - INFO: Processing command "clear-cache": clear the cache (unpinned elements only)
2026-09-29 05:40:51.339 - INFO: 
2026-09-29 05:40:51.339 - INFO: Request received via POST, content type "application/x-www-form-urlencoded"
2026-09-29 05:40:51.339 - INFO: Processing the following SPARQL query:
# Tier R2 — STATE (real-world, large result) — SELECT variant
# Unbounded materialization of the same DBLP venue subgraph as CSV/TSV rows.
PREFIX dblp: <https://dblp.org/rdf/schema#>

SELECT ?paper ?p ?o
WHERE {
  ?paper a dblp:Publication ;
         dblp:publishedInStream <https://dblp.org/streams/conf/stoc> ;
         ?p ?o .
}

2026-09-29 05:40:51.339 - INFO: Requested media types of the result are: "text/csv"
2026-09-29 05:40:51.339 - INFO: Query planning done in 0 ms
2026-09-29 05:40:51.341 - INFO: Result has unknown size (not computed yet)
2026-09-29 05:40:51.999 - INFO: Done processing query and sending result, total time was 660 ms
2026-09-29 05:40:52.018 - INFO: 
2026-09-29 05:40:52.018 - INFO: Request received via GET, no content type specified
2026-09-29 05:40:52.018 - INFO: Processing command "clear-cache": clear the cache (unpinned elements only)
2026-09-29 05:40:52.036 - INFO: 
2026-09-29 05:40:52.036 - INFO: Request received via POST, content type "application/x-www-form-urlencoded"
2026-09-29 05:40:52.036 - INFO: Processing the following SPARQL query:
# Tier R2 — STATE (real-world, large result) — SELECT variant
# Unbounded materialization of the same DBLP venue subgraph as CSV/TSV rows.
PREFIX dblp: <https://dblp.org/rdf/schema#>

SELECT ?paper ?p ?o
WHERE {
  ?paper a dblp:Publication ;
         dblp:publishedInStream <https://dblp.org/streams/conf/stoc> ;
         ?p ?o .
}

2026-09-29 05:40:52.036 - INFO: Requested media types of the result are: "text/csv"
2026-09-29 05:40:52.036 - INFO: Query planning done in 0 ms
2026-09-29 05:40:52.039 - INFO: Result has unknown size (not computed yet)
2026-09-29 05:40:52.688 - INFO: Done processing query and sending result, total time was 652 ms
2026-09-29 05:40:52.707 - INFO: 
2026-09-29 05:40:52.707 - INFO: Request received via GET, no content type specified
2026-09-29 05:40:52.707 - INFO: Processing command "clear-cache": clear the cache (unpinned elements only)
2026-09-29 05:40:52.724 - INFO: 
2026-09-29 05:40:52.724 - INFO: Request received via POST, content type "application/x-www-form-urlencoded"
2026-09-29 05:40:52.725 - INFO: Processing the following SPARQL query:
# Tier R2 — STATE (real-world, large result) — SELECT variant
# Unbounded materialization of the same DBLP venue subgraph as CSV/TSV rows.
PREFIX dblp: <https://dblp.org/rdf/schema#>

SELECT ?paper ?p ?o
WHERE {
  ?paper a dblp:Publication ;
         dblp:publishedInStream <https://dblp.org/streams/conf/stoc> ;
         ?p ?o .
}

2026-09-29 05:40:52.725 - INFO: Requested media types of the result are: "text/csv"
2026-09-29 05:40:52.725 - INFO: Query planning done in 0 ms
2026-09-29 05:40:52.728 - INFO: Result has unknown size (not computed yet)
2026-09-29 05:40:53.417 - INFO: Done processing query and sending result, total time was 692 ms
2026-09-29 05:40:53.436 - INFO: 
2026-09-29 05:40:53.436 - INFO: Request received via GET, no content type specified
2026-09-29 05:40:53.436 - INFO: Processing command "clear-cache": clear the cache (unpinned elements only)
2026-09-29 05:40:53.453 - INFO: 
2026-09-29 05:40:53.454 - INFO: Request received via POST, content type "application/x-www-form-urlencoded"
2026-09-29 05:40:53.454 - INFO: Processing the following SPARQL query:
# Tier R2 — STATE (real-world, large result) — SELECT variant
# Unbounded materialization of the same DBLP venue subgraph as CSV/TSV rows.
PREFIX dblp: <https://dblp.org/rdf/schema#>

SELECT ?paper ?p ?o
WHERE {
  ?paper a dblp:Publication ;
         dblp:publishedInStream <https://dblp.org/streams/conf/stoc> ;
         ?p ?o .
}

2026-09-29 05:40:53.454 - INFO: Requested media types of the result are: "text/csv"
2026-09-29 05:40:53.454 - INFO: Query planning done in 0 ms
2026-09-29 05:40:53.457 - INFO: Result has unknown size (not computed yet)
2026-09-29 05:40:54.145 - INFO: Done processing query and sending result, total time was 691 ms
2026-09-29 05:40:54.164 - INFO: 
2026-09-29 05:40:54.164 - INFO: Request received via GET, no content type specified
2026-09-29 05:40:54.164 - INFO: Processing command "clear-cache": clear the cache (unpinned elements only)
2026-09-29 05:40:54.182 - INFO: 
2026-09-29 05:40:54.182 - INFO: Request received via POST, content type "application/x-www-form-urlencoded"
2026-09-29 05:40:54.182 - INFO: Processing the following SPARQL query:
# Tier R2 — STATE (real-world, large result) — SELECT variant
# Unbounded materialization of the same DBLP venue subgraph as CSV/TSV rows.
PREFIX dblp: <https://dblp.org/rdf/schema#>

SELECT ?paper ?p ?o
WHERE {
  ?paper a dblp:Publication ;
         dblp:publishedInStream <https://dblp.org/streams/conf/stoc> ;
         ?p ?o .
}

2026-09-29 05:40:54.182 - INFO: Requested media types of the result are: "text/csv"
2026-09-29 05:40:54.183 - INFO: Query planning done in 0 ms
2026-09-29 05:40:54.185 - INFO: Result has unknown size (not computed yet)
2026-09-29 05:40:54.873 - INFO: Done processing query and sending result, total time was 691 ms
2026-09-29 05:40:54.892 - INFO: 
2026-09-29 05:40:54.892 - INFO: Request received via GET, no content type specified
2026-09-29 05:40:54.892 - INFO: Processing command "clear-cache": clear the cache (unpinned elements only)
2026-09-29 05:40:54.917 - INFO: 
2026-09-29 05:40:54.917 - INFO: Request received via POST, content type "application/x-www-form-urlencoded"
2026-09-29 05:40:54.917 - INFO: Processing the following SPARQL query:
# Tier R2 — STATE (real-world, large result) — SELECT variant
# Unbounded materialization of the same DBLP venue subgraph as CSV/TSV rows.
PREFIX dblp: <https://dblp.org/rdf/schema#>

SELECT ?paper ?p ?o
WHERE {
  ?paper a dblp:Publication ;
         dblp:publishedInStream <https://dblp.org/streams/conf/stoc> ;
         ?p ?o .
}

2026-09-29 05:40:54.917 - INFO: Requested media types of the result are: "text/csv"
2026-09-29 05:40:54.918 - INFO: Query planning done in 0 ms
2026-09-29 05:40:54.920 - INFO: Result has unknown size (not computed yet)
2026-09-29 05:40:55.609 - INFO: Done processing query and sending result, total time was 691 ms
2026-09-29 05:40:55.628 - INFO: 
2026-09-29 05:40:55.628 - INFO: Request received via GET, no content type specified
2026-09-29 05:40:55.628 - INFO: Processing command "clear-cache": clear the cache (unpinned elements only)
2026-09-29 05:40:55.646 - INFO: 
2026-09-29 05:40:55.646 - INFO: Request received via POST, content type "application/x-www-form-urlencoded"
2026-09-29 05:40:55.646 - INFO: Processing the following SPARQL query:
# Tier R2 — STATE (real-world, large result) — SELECT variant
# Unbounded materialization of the same DBLP venue subgraph as CSV/TSV rows.
PREFIX dblp: <https://dblp.org/rdf/schema#>

SELECT ?paper ?p ?o
WHERE {
  ?paper a dblp:Publication ;
         dblp:publishedInStream <https://dblp.org/streams/conf/stoc> ;
         ?p ?o .
}

2026-09-29 05:40:55.646 - INFO: Requested media types of the result are: "text/csv"
2026-09-29 05:40:55.647 - INFO: Query planning done in 0 ms
2026-09-29 05:40:55.649 - INFO: Result has unknown size (not computed yet)
2026-09-29 05:40:56.338 - INFO: Done processing query and sending result, total time was 692 ms
2026-09-29 05:40:56.357 - INFO: 
2026-09-29 05:40:56.357 - INFO: Request received via GET, no content type specified
2026-09-29 05:40:56.357 - INFO: Processing command "clear-cache": clear the cache (unpinned elements only)
2026-09-29 05:40:56.375 - INFO: 
2026-09-29 05:40:56.375 - INFO: Request received via POST, content type "application/x-www-form-urlencoded"
2026-09-29 05:40:56.375 - INFO: Processing the following SPARQL query:
# Tier R2 — STATE (real-world, large result) — SELECT variant
# Unbounded materialization of the same DBLP venue subgraph as CSV/TSV rows.
PREFIX dblp: <https://dblp.org/rdf/schema#>

SELECT ?paper ?p ?o
WHERE {
  ?paper a dblp:Publication ;
         dblp:publishedInStream <https://dblp.org/streams/conf/stoc> ;
         ?p ?o .
}

2026-09-29 05:40:56.375 - INFO: Requested media types of the result are: "text/csv"
2026-09-29 05:40:56.375 - INFO: Query planning done in 0 ms
2026-09-29 05:40:56.377 - INFO: Result has unknown size (not computed yet)
2026-09-29 05:40:57.066 - INFO: Done processing query and sending result, total time was 691 ms
2026-09-29 05:40:57.084 - INFO: 
2026-09-29 05:40:57.084 - INFO: Request received via GET, no content type specified
2026-09-29 05:40:57.084 - INFO: Processing command "clear-cache": clear the cache (unpinned elements only)
2026-09-29 05:40:57.102 - INFO: 
2026-09-29 05:40:57.102 - INFO: Request received via POST, content type "application/x-www-form-urlencoded"
2026-09-29 05:40:57.102 - INFO: Processing the following SPARQL query:
# Tier R2 — STATE (real-world, large result) — SELECT variant
# Unbounded materialization of the same DBLP venue subgraph as CSV/TSV rows.
PREFIX dblp: <https://dblp.org/rdf/schema#>

SELECT ?paper ?p ?o
WHERE {
  ?paper a dblp:Publication ;
         dblp:publishedInStream <https://dblp.org/streams/conf/stoc> ;
         ?p ?o .
}

2026-09-29 05:40:57.102 - INFO: Requested media types of the result are: "text/csv"
2026-09-29 05:40:57.103 - INFO: Query planning done in 0 ms
2026-09-29 05:40:57.105 - INFO: Result has unknown size (not computed yet)
2026-09-29 05:40:57.800 - INFO: Done processing query and sending result, total time was 697 ms
2026-09-29 05:40:57.818 - INFO: 
2026-09-29 05:40:57.818 - INFO: Request received via GET, no content type specified
2026-09-29 05:40:57.818 - INFO: Processing command "clear-cache": clear the cache (unpinned elements only)
2026-09-29 05:40:57.836 - INFO: 
2026-09-29 05:40:57.836 - INFO: Request received via POST, content type "application/x-www-form-urlencoded"
2026-09-29 05:40:57.836 - INFO: Processing the following SPARQL query:
# Tier R2 — STATE (real-world, large result) — SELECT variant
# Unbounded materialization of the same DBLP venue subgraph as CSV/TSV rows.
PREFIX dblp: <https://dblp.org/rdf/schema#>

SELECT ?paper ?p ?o
WHERE {
  ?paper a dblp:Publication ;
         dblp:publishedInStream <https://dblp.org/streams/conf/stoc> ;
         ?p ?o .
}

2026-09-29 05:40:57.836 - INFO: Requested media types of the result are: "text/csv"
2026-09-29 05:40:57.837 - INFO: Query planning done in 0 ms
2026-09-29 05:40:57.839 - INFO: Result has unknown size (not computed yet)
2026-09-29 05:40:58.527 - INFO: Done processing query and sending result, total time was 691 ms
2026-09-29 05:40:58.546 - INFO: 
2026-09-29 05:40:58.546 - INFO: Request received via GET, no content type specified
2026-09-29 05:40:58.546 - INFO: Processing command "clear-cache": clear the cache (unpinned elements only)
2026-09-29 05:40:58.564 - INFO: 
2026-09-29 05:40:58.564 - INFO: Request received via POST, content type "application/x-www-form-urlencoded"
2026-09-29 05:40:58.564 - INFO: Processing the following SPARQL query:
# Tier R2 — STATE (real-world, large result) — SELECT variant
# Unbounded materialization of the same DBLP venue subgraph as CSV/TSV rows.
PREFIX dblp: <https://dblp.org/rdf/schema#>

SELECT ?paper ?p ?o
WHERE {
  ?paper a dblp:Publication ;
         dblp:publishedInStream <https://dblp.org/streams/conf/stoc> ;
         ?p ?o .
}

2026-09-29 05:40:58.564 - INFO: Requested media types of the result are: "text/csv"
2026-09-29 05:40:58.565 - INFO: Query planning done in 0 ms
2026-09-29 05:40:58.567 - INFO: Result has unknown size (not computed yet)
2026-09-29 05:40:59.255 - INFO: Done processing query and sending result, total time was 691 ms
2026-09-29 05:40:59.274 - INFO: 
2026-09-29 05:40:59.274 - INFO: Request received via GET, no content type specified
2026-09-29 05:40:59.274 - INFO: Processing command "clear-cache": clear the cache (unpinned elements only)
2026-09-29 05:40:59.292 - INFO: 
2026-09-29 05:40:59.292 - INFO: Request received via POST, content type "application/x-www-form-urlencoded"
2026-09-29 05:40:59.292 - INFO: Processing the following SPARQL query:
# Tier R2 — STATE (real-world, large result) — SELECT variant
# Unbounded materialization of the same DBLP venue subgraph as CSV/TSV rows.
PREFIX dblp: <https://dblp.org/rdf/schema#>

SELECT ?paper ?p ?o
WHERE {
  ?paper a dblp:Publication ;
         dblp:publishedInStream <https://dblp.org/streams/conf/stoc> ;
         ?p ?o .
}

2026-09-29 05:40:59.292 - INFO: Requested media types of the result are: "text/csv"
2026-09-29 05:40:59.292 - INFO: Query planning done in 0 ms
2026-09-29 05:40:59.295 - INFO: Result has unknown size (not computed yet)
2026-09-29 05:40:59.983 - INFO: Done processing query and sending result, total time was 691 ms
2026-09-29 05:41:00.002 - INFO: 
2026-09-29 05:41:00.002 - INFO: Request received via GET, no content type specified
2026-09-29 05:41:00.002 - INFO: Processing command "clear-cache": clear the cache (unpinned elements only)
2026-09-29 05:41:00.020 - INFO: 
2026-09-29 05:41:00.020 - INFO: Request received via POST, content type "application/x-www-form-urlencoded"
2026-09-29 05:41:00.021 - INFO: Processing the following SPARQL query:
# Tier R2 — STATE (real-world, large result) — SELECT variant
# Unbounded materialization of the same DBLP venue subgraph as CSV/TSV rows.
PREFIX dblp: <https://dblp.org/rdf/schema#>

SELECT ?paper ?p ?o
WHERE {
  ?paper a dblp:Publication ;
         dblp:publishedInStream <https://dblp.org/streams/conf/stoc> ;
         ?p ?o .
}

2026-09-29 05:41:00.021 - INFO: Requested media types of the result are: "text/csv"
2026-09-29 05:41:00.021 - INFO: Query planning done in 0 ms
2026-09-29 05:41:00.024 - INFO: Result has unknown size (not computed yet)
2026-09-29 05:41:00.712 - INFO: Done processing query and sending result, total time was 691 ms
2026-09-29 05:41:00.731 - INFO: 
2026-09-29 05:41:00.731 - INFO: Request received via GET, no content type specified
2026-09-29 05:41:00.731 - INFO: Processing command "clear-cache": clear the cache (unpinned elements only)
2026-09-29 05:41:00.749 - INFO: 
2026-09-29 05:41:00.749 - INFO: Request received via POST, content type "application/x-www-form-urlencoded"
2026-09-29 05:41:00.749 - INFO: Processing the following SPARQL query:
# Tier R2 — STATE (real-world, large result) — SELECT variant
# Unbounded materialization of the same DBLP venue subgraph as CSV/TSV rows.
PREFIX dblp: <https://dblp.org/rdf/schema#>

SELECT ?paper ?p ?o
WHERE {
  ?paper a dblp:Publication ;
         dblp:publishedInStream <https://dblp.org/streams/conf/stoc> ;
         ?p ?o .
}

2026-09-29 05:41:00.749 - INFO: Requested media types of the result are: "text/csv"
2026-09-29 05:41:00.749 - INFO: Query planning done in 0 ms
2026-09-29 05:41:00.752 - INFO: Result has unknown size (not computed yet)
2026-09-29 05:41:01.442 - INFO: Done processing query and sending result, total time was 693 ms
2026-09-29 05:41:01.461 - INFO: 
2026-09-29 05:41:01.461 - INFO: Request received via GET, no content type specified
2026-09-29 05:41:01.461 - INFO: Processing command "clear-cache": clear the cache (unpinned elements only)
2026-09-29 05:41:01.479 - INFO: 
2026-09-29 05:41:01.479 - INFO: Request received via POST, content type "application/x-www-form-urlencoded"
2026-09-29 05:41:01.479 - INFO: Processing the following SPARQL query:
# Tier R2 — STATE (real-world, large result) — SELECT variant
# Unbounded materialization of the same DBLP venue subgraph as CSV/TSV rows.
PREFIX dblp: <https://dblp.org/rdf/schema#>

SELECT ?paper ?p ?o
WHERE {
  ?paper a dblp:Publication ;
         dblp:publishedInStream <https://dblp.org/streams/conf/stoc> ;
         ?p ?o .
}

2026-09-29 05:41:01.479 - INFO: Requested media types of the result are: "text/csv"
2026-09-29 05:41:01.480 - INFO: Query planning done in 0 ms
2026-09-29 05:41:01.482 - INFO: Result has unknown size (not computed yet)
2026-09-29 05:41:02.143 - INFO: Done processing query and sending result, total time was 663 ms
2026-09-29 05:41:02.162 - INFO: 
2026-09-29 05:41:02.162 - INFO: Request received via GET, no content type specified
2026-09-29 05:41:02.162 - INFO: Setting "adaptive-export-chunk-size" to: "true"
2026-09-29 05:41:02.180 - INFO: 
2026-09-29 05:41:02.180 - INFO: Request received via GET, no content type specified
2026-09-29 05:41:02.180 - INFO: Processing command "get-settings": get server settings
2026-09-29 05:41:02.198 - INFO: 
2026-09-29 05:41:02.198 - INFO: Request received via GET, no content type specified
2026-09-29 05:41:02.198 - INFO: Processing command "clear-cache": clear the cache (unpinned elements only)
2026-09-29 05:41:02.216 - INFO: 
2026-09-29 05:41:02.216 - INFO: Request received via POST, content type "application/x-www-form-urlencoded"
2026-09-29 05:41:02.216 - INFO: Processing the following SPARQL query:
# Tier R2 — STATE (real-world, large result) — SELECT variant
# Unbounded materialization of the same DBLP venue subgraph as CSV/TSV rows.
PREFIX dblp: <https://dblp.org/rdf/schema#>

SELECT ?paper ?p ?o
WHERE {
  ?paper a dblp:Publication ;
         dblp:publishedInStream <https://dblp.org/streams/conf/stoc> ;
         ?p ?o .
}

2026-09-29 05:41:02.216 - INFO: Requested media types of the result are: "text/csv"
2026-09-29 05:41:02.216 - INFO: Query planning done in 0 ms
2026-09-29 05:41:02.219 - INFO: Result has unknown size (not computed yet)
2026-09-29 05:41:02.846 - INFO: Done processing query and sending result, total time was 630 ms
2026-09-29 05:41:02.865 - INFO: 
2026-09-29 05:41:02.865 - INFO: Request received via GET, no content type specified
2026-09-29 05:41:02.865 - INFO: Processing command "clear-cache": clear the cache (unpinned elements only)
2026-09-29 05:41:02.883 - INFO: 
2026-09-29 05:41:02.883 - INFO: Request received via POST, content type "application/x-www-form-urlencoded"
2026-09-29 05:41:02.883 - INFO: Processing the following SPARQL query:
# Tier R2 — STATE (real-world, large result) — SELECT variant
# Unbounded materialization of the same DBLP venue subgraph as CSV/TSV rows.
PREFIX dblp: <https://dblp.org/rdf/schema#>

SELECT ?paper ?p ?o
WHERE {
  ?paper a dblp:Publication ;
         dblp:publishedInStream <https://dblp.org/streams/conf/stoc> ;
         ?p ?o .
}

2026-09-29 05:41:02.883 - INFO: Requested media types of the result are: "text/csv"
2026-09-29 05:41:02.883 - INFO: Query planning done in 0 ms
2026-09-29 05:41:02.886 - INFO: Result has unknown size (not computed yet)
2026-09-29 05:41:03.510 - INFO: Done processing query and sending result, total time was 627 ms
2026-09-29 05:41:03.529 - INFO: 
2026-09-29 05:41:03.529 - INFO: Request received via GET, no content type specified
2026-09-29 05:41:03.529 - INFO: Processing command "clear-cache": clear the cache (unpinned elements only)
2026-09-29 05:41:03.554 - INFO: 
2026-09-29 05:41:03.555 - INFO: Request received via POST, content type "application/x-www-form-urlencoded"
2026-09-29 05:41:03.555 - INFO: Processing the following SPARQL query:
# Tier R2 — STATE (real-world, large result) — SELECT variant
# Unbounded materialization of the same DBLP venue subgraph as CSV/TSV rows.
PREFIX dblp: <https://dblp.org/rdf/schema#>

SELECT ?paper ?p ?o
WHERE {
  ?paper a dblp:Publication ;
         dblp:publishedInStream <https://dblp.org/streams/conf/stoc> ;
         ?p ?o .
}

2026-09-29 05:41:03.555 - INFO: Requested media types of the result are: "text/csv"
2026-09-29 05:41:03.555 - INFO: Query planning done in 0 ms
2026-09-29 05:41:03.557 - INFO: Result has unknown size (not computed yet)
2026-09-29 05:41:04.201 - INFO: Done processing query and sending result, total time was 646 ms
2026-09-29 05:41:04.220 - INFO: 
2026-09-29 05:41:04.220 - INFO: Request received via GET, no content type specified
2026-09-29 05:41:04.220 - INFO: Processing command "clear-cache": clear the cache (unpinned elements only)
2026-09-29 05:41:04.238 - INFO: 
2026-09-29 05:41:04.238 - INFO: Request received via POST, content type "application/x-www-form-urlencoded"
2026-09-29 05:41:04.238 - INFO: Processing the following SPARQL query:
# Tier R2 — STATE (real-world, large result) — SELECT variant
# Unbounded materialization of the same DBLP venue subgraph as CSV/TSV rows.
PREFIX dblp: <https://dblp.org/rdf/schema#>

SELECT ?paper ?p ?o
WHERE {
  ?paper a dblp:Publication ;
         dblp:publishedInStream <https://dblp.org/streams/conf/stoc> ;
         ?p ?o .
}

2026-09-29 05:41:04.238 - INFO: Requested media types of the result are: "text/csv"
2026-09-29 05:41:04.238 - INFO: Query planning done in 0 ms
2026-09-29 05:41:04.241 - INFO: Result has unknown size (not computed yet)
2026-09-29 05:41:04.888 - INFO: Done processing query and sending result, total time was 650 ms
2026-09-29 05:41:04.907 - INFO: 
2026-09-29 05:41:04.907 - INFO: Request received via GET, no content type specified
2026-09-29 05:41:04.907 - INFO: Processing command "clear-cache": clear the cache (unpinned elements only)
2026-09-29 05:41:04.925 - INFO: 
2026-09-29 05:41:04.925 - INFO: Request received via POST, content type "application/x-www-form-urlencoded"
2026-09-29 05:41:04.926 - INFO: Processing the following SPARQL query:
# Tier R2 — STATE (real-world, large result) — SELECT variant
# Unbounded materialization of the same DBLP venue subgraph as CSV/TSV rows.
PREFIX dblp: <https://dblp.org/rdf/schema#>

SELECT ?paper ?p ?o
WHERE {
  ?paper a dblp:Publication ;
         dblp:publishedInStream <https://dblp.org/streams/conf/stoc> ;
         ?p ?o .
}

2026-09-29 05:41:04.926 - INFO: Requested media types of the result are: "text/csv"
2026-09-29 05:41:04.926 - INFO: Query planning done in 0 ms
2026-09-29 05:41:04.928 - INFO: Result has unknown size (not computed yet)
2026-09-29 05:41:05.552 - INFO: Done processing query and sending result, total time was 627 ms
2026-09-29 05:41:05.571 - INFO: 
2026-09-29 05:41:05.571 - INFO: Request received via GET, no content type specified
2026-09-29 05:41:05.571 - INFO: Processing command "clear-cache": clear the cache (unpinned elements only)
2026-09-29 05:41:05.589 - INFO: 
2026-09-29 05:41:05.589 - INFO: Request received via POST, content type "application/x-www-form-urlencoded"
2026-09-29 05:41:05.589 - INFO: Processing the following SPARQL query:
# Tier R2 — STATE (real-world, large result) — SELECT variant
# Unbounded materialization of the same DBLP venue subgraph as CSV/TSV rows.
PREFIX dblp: <https://dblp.org/rdf/schema#>

SELECT ?paper ?p ?o
WHERE {
  ?paper a dblp:Publication ;
         dblp:publishedInStream <https://dblp.org/streams/conf/stoc> ;
         ?p ?o .
}

2026-09-29 05:41:05.589 - INFO: Requested media types of the result are: "text/csv"
2026-09-29 05:41:05.590 - INFO: Query planning done in 0 ms
2026-09-29 05:41:05.593 - INFO: Result has unknown size (not computed yet)
2026-09-29 05:41:06.223 - INFO: Done processing query and sending result, total time was 633 ms
2026-09-29 05:41:06.242 - INFO: 
2026-09-29 05:41:06.242 - INFO: Request received via GET, no content type specified
2026-09-29 05:41:06.242 - INFO: Processing command "clear-cache": clear the cache (unpinned elements only)
2026-09-29 05:41:06.260 - INFO: 
2026-09-29 05:41:06.260 - INFO: Request received via POST, content type "application/x-www-form-urlencoded"
2026-09-29 05:41:06.260 - INFO: Processing the following SPARQL query:
# Tier R2 — STATE (real-world, large result) — SELECT variant
# Unbounded materialization of the same DBLP venue subgraph as CSV/TSV rows.
PREFIX dblp: <https://dblp.org/rdf/schema#>

SELECT ?paper ?p ?o
WHERE {
  ?paper a dblp:Publication ;
         dblp:publishedInStream <https://dblp.org/streams/conf/stoc> ;
         ?p ?o .
}

2026-09-29 05:41:06.260 - INFO: Requested media types of the result are: "text/csv"
2026-09-29 05:41:06.260 - INFO: Query planning done in 0 ms
2026-09-29 05:41:06.263 - INFO: Result has unknown size (not computed yet)
2026-09-29 05:41:06.907 - INFO: Done processing query and sending result, total time was 647 ms
2026-09-29 05:41:06.926 - INFO: 
2026-09-29 05:41:06.926 - INFO: Request received via GET, no content type specified
2026-09-29 05:41:06.926 - INFO: Processing command "clear-cache": clear the cache (unpinned elements only)
2026-09-29 05:41:06.943 - INFO: 
2026-09-29 05:41:06.943 - INFO: Request received via POST, content type "application/x-www-form-urlencoded"
2026-09-29 05:41:06.944 - INFO: Processing the following SPARQL query:
# Tier R2 — STATE (real-world, large result) — SELECT variant
# Unbounded materialization of the same DBLP venue subgraph as CSV/TSV rows.
PREFIX dblp: <https://dblp.org/rdf/schema#>

SELECT ?paper ?p ?o
WHERE {
  ?paper a dblp:Publication ;
         dblp:publishedInStream <https://dblp.org/streams/conf/stoc> ;
         ?p ?o .
}

2026-09-29 05:41:06.944 - INFO: Requested media types of the result are: "text/csv"
2026-09-29 05:41:06.944 - INFO: Query planning done in 0 ms
2026-09-29 05:41:06.947 - INFO: Result has unknown size (not computed yet)
2026-09-29 05:41:07.629 - INFO: Done processing query and sending result, total time was 685 ms
2026-09-29 05:41:07.648 - INFO: 
2026-09-29 05:41:07.648 - INFO: Request received via GET, no content type specified
2026-09-29 05:41:07.648 - INFO: Processing command "clear-cache": clear the cache (unpinned elements only)
2026-09-29 05:41:07.666 - INFO: 
2026-09-29 05:41:07.666 - INFO: Request received via POST, content type "application/x-www-form-urlencoded"
2026-09-29 05:41:07.666 - INFO: Processing the following SPARQL query:
# Tier R2 — STATE (real-world, large result) — SELECT variant
# Unbounded materialization of the same DBLP venue subgraph as CSV/TSV rows.
PREFIX dblp: <https://dblp.org/rdf/schema#>

SELECT ?paper ?p ?o
WHERE {
  ?paper a dblp:Publication ;
         dblp:publishedInStream <https://dblp.org/streams/conf/stoc> ;
         ?p ?o .
}

2026-09-29 05:41:07.666 - INFO: Requested media types of the result are: "text/csv"
2026-09-29 05:41:07.666 - INFO: Query planning done in 0 ms
2026-09-29 05:41:07.669 - INFO: Result has unknown size (not computed yet)
2026-09-29 05:41:08.342 - INFO: Done processing query and sending result, total time was 676 ms
2026-09-29 05:41:08.362 - INFO: 
2026-09-29 05:41:08.362 - INFO: Request received via GET, no content type specified
2026-09-29 05:41:08.362 - INFO: Processing command "clear-cache": clear the cache (unpinned elements only)
2026-09-29 05:41:08.379 - INFO: 
2026-09-29 05:41:08.379 - INFO: Request received via POST, content type "application/x-www-form-urlencoded"
2026-09-29 05:41:08.380 - INFO: Processing the following SPARQL query:
# Tier R2 — STATE (real-world, large result) — SELECT variant
# Unbounded materialization of the same DBLP venue subgraph as CSV/TSV rows.
PREFIX dblp: <https://dblp.org/rdf/schema#>

SELECT ?paper ?p ?o
WHERE {
  ?paper a dblp:Publication ;
         dblp:publishedInStream <https://dblp.org/streams/conf/stoc> ;
         ?p ?o .
}

2026-09-29 05:41:08.380 - INFO: Requested media types of the result are: "text/csv"
2026-09-29 05:41:08.380 - INFO: Query planning done in 0 ms
2026-09-29 05:41:08.383 - INFO: Result has unknown size (not computed yet)
2026-09-29 05:41:09.010 - INFO: Done processing query and sending result, total time was 630 ms
2026-09-29 05:41:09.029 - INFO: 
2026-09-29 05:41:09.029 - INFO: Request received via GET, no content type specified
2026-09-29 05:41:09.029 - INFO: Processing command "clear-cache": clear the cache (unpinned elements only)
2026-09-29 05:41:09.047 - INFO: 
2026-09-29 05:41:09.047 - INFO: Request received via POST, content type "application/x-www-form-urlencoded"
2026-09-29 05:41:09.047 - INFO: Processing the following SPARQL query:
# Tier R2 — STATE (real-world, large result) — SELECT variant
# Unbounded materialization of the same DBLP venue subgraph as CSV/TSV rows.
PREFIX dblp: <https://dblp.org/rdf/schema#>

SELECT ?paper ?p ?o
WHERE {
  ?paper a dblp:Publication ;
         dblp:publishedInStream <https://dblp.org/streams/conf/stoc> ;
         ?p ?o .
}

2026-09-29 05:41:09.047 - INFO: Requested media types of the result are: "text/csv"
2026-09-29 05:41:09.047 - INFO: Query planning done in 0 ms
2026-09-29 05:41:09.050 - INFO: Result has unknown size (not computed yet)
2026-09-29 05:41:09.697 - INFO: Done processing query and sending result, total time was 650 ms
2026-09-29 05:41:09.716 - INFO: 
2026-09-29 05:41:09.716 - INFO: Request received via GET, no content type specified
2026-09-29 05:41:09.716 - INFO: Processing command "clear-cache": clear the cache (unpinned elements only)
2026-09-29 05:41:09.734 - INFO: 
2026-09-29 05:41:09.734 - INFO: Request received via POST, content type "application/x-www-form-urlencoded"
2026-09-29 05:41:09.734 - INFO: Processing the following SPARQL query:
# Tier R2 — STATE (real-world, large result) — SELECT variant
# Unbounded materialization of the same DBLP venue subgraph as CSV/TSV rows.
PREFIX dblp: <https://dblp.org/rdf/schema#>

SELECT ?paper ?p ?o
WHERE {
  ?paper a dblp:Publication ;
         dblp:publishedInStream <https://dblp.org/streams/conf/stoc> ;
         ?p ?o .
}

2026-09-29 05:41:09.734 - INFO: Requested media types of the result are: "text/csv"
2026-09-29 05:41:09.735 - INFO: Query planning done in 0 ms
2026-09-29 05:41:09.737 - INFO: Result has unknown size (not computed yet)
2026-09-29 05:41:10.417 - INFO: Done processing query and sending result, total time was 683 ms
2026-09-29 05:41:10.436 - INFO: 
2026-09-29 05:41:10.436 - INFO: Request received via GET, no content type specified
2026-09-29 05:41:10.436 - INFO: Processing command "clear-cache": clear the cache (unpinned elements only)
2026-09-29 05:41:10.454 - INFO: 
2026-09-29 05:41:10.454 - INFO: Request received via POST, content type "application/x-www-form-urlencoded"
2026-09-29 05:41:10.454 - INFO: Processing the following SPARQL query:
# Tier R2 — STATE (real-world, large result) — SELECT variant
# Unbounded materialization of the same DBLP venue subgraph as CSV/TSV rows.
PREFIX dblp: <https://dblp.org/rdf/schema#>

SELECT ?paper ?p ?o
WHERE {
  ?paper a dblp:Publication ;
         dblp:publishedInStream <https://dblp.org/streams/conf/stoc> ;
         ?p ?o .
}

2026-09-29 05:41:10.454 - INFO: Requested media types of the result are: "text/csv"
2026-09-29 05:41:10.455 - INFO: Query planning done in 0 ms
2026-09-29 05:41:10.457 - INFO: Result has unknown size (not computed yet)
2026-09-29 05:41:11.120 - INFO: Done processing query and sending result, total time was 665 ms
2026-09-29 05:41:11.139 - INFO: 
2026-09-29 05:41:11.139 - INFO: Request received via GET, no content type specified
2026-09-29 05:41:11.139 - INFO: Processing command "clear-cache": clear the cache (unpinned elements only)
2026-09-29 05:41:11.156 - INFO: 
2026-09-29 05:41:11.156 - INFO: Request received via POST, content type "application/x-www-form-urlencoded"
2026-09-29 05:41:11.157 - INFO: Processing the following SPARQL query:
# Tier R2 — STATE (real-world, large result) — SELECT variant
# Unbounded materialization of the same DBLP venue subgraph as CSV/TSV rows.
PREFIX dblp: <https://dblp.org/rdf/schema#>

SELECT ?paper ?p ?o
WHERE {
  ?paper a dblp:Publication ;
         dblp:publishedInStream <https://dblp.org/streams/conf/stoc> ;
         ?p ?o .
}

2026-09-29 05:41:11.157 - INFO: Requested media types of the result are: "text/csv"
2026-09-29 05:41:11.157 - INFO: Query planning done in 0 ms
2026-09-29 05:41:11.159 - INFO: Result has unknown size (not computed yet)
2026-09-29 05:41:11.835 - INFO: Done processing query and sending result, total time was 678 ms
2026-09-29 05:41:11.854 - INFO: 
2026-09-29 05:41:11.854 - INFO: Request received via GET, no content type specified
2026-09-29 05:41:11.854 - INFO: Processing command "clear-cache": clear the cache (unpinned elements only)
2026-09-29 05:41:11.872 - INFO: 
2026-09-29 05:41:11.872 - INFO: Request received via POST, content type "application/x-www-form-urlencoded"
2026-09-29 05:41:11.872 - INFO: Processing the following SPARQL query:
# Tier R2 — STATE (real-world, large result) — SELECT variant
# Unbounded materialization of the same DBLP venue subgraph as CSV/TSV rows.
PREFIX dblp: <https://dblp.org/rdf/schema#>

SELECT ?paper ?p ?o
WHERE {
  ?paper a dblp:Publication ;
         dblp:publishedInStream <https://dblp.org/streams/conf/stoc> ;
         ?p ?o .
}

2026-09-29 05:41:11.872 - INFO: Requested media types of the result are: "text/csv"
2026-09-29 05:41:11.873 - INFO: Query planning done in 0 ms
2026-09-29 05:41:11.875 - INFO: Result has unknown size (not computed yet)
2026-09-29 05:41:12.526 - INFO: Done processing query and sending result, total time was 653 ms
2026-09-29 05:41:23.110 - INFO: 
2026-09-29 05:41:23.110 - INFO: Request received via GET, no content type specified
2026-09-29 05:41:23.110 - INFO: Setting "adaptive-export-chunk-size" to: "true"
2026-09-29 05:41:23.128 - INFO: 
2026-09-29 05:41:23.128 - INFO: Request received via GET, no content type specified
2026-09-29 05:41:23.128 - INFO: Processing command "get-settings": get server settings
2026-09-29 05:41:23.146 - INFO: 
2026-09-29 05:41:23.146 - INFO: Request received via GET, no content type specified
2026-09-29 05:41:23.146 - INFO: Processing command "clear-cache": clear the cache (unpinned elements only)
2026-09-29 05:41:23.164 - INFO: 
2026-09-29 05:41:23.164 - INFO: Request received via POST, content type "application/x-www-form-urlencoded"
2026-09-29 05:41:23.164 - INFO: Processing the following SPARQL query:
# Tier R2 — STATE (real-world, large result) — SELECT variant
# Unbounded materialization of the same DBLP venue subgraph as CSV/TSV rows.
PREFIX dblp: <https://dblp.org/rdf/schema#>

SELECT ?paper ?p ?o
WHERE {
  ?paper a dblp:Publication ;
         dblp:publishedInStream <https://dblp.org/streams/conf/stoc> ;
         ?p ?o .
}

2026-09-29 05:41:23.164 - INFO: Requested media types of the result are: "text/csv"
2026-09-29 05:41:23.165 - INFO: Query planning done in 0 ms
2026-09-29 05:41:23.168 - INFO: Result has unknown size (not computed yet)
2026-09-29 05:41:23.859 - INFO: Done processing query and sending result, total time was 695 ms
2026-09-29 05:41:23.879 - INFO: 
2026-09-29 05:41:23.879 - INFO: Request received via GET, no content type specified
2026-09-29 05:41:23.879 - INFO: Processing command "clear-cache": clear the cache (unpinned elements only)
2026-09-29 05:41:23.897 - INFO: 
2026-09-29 05:41:23.897 - INFO: Request received via POST, content type "application/x-www-form-urlencoded"
2026-09-29 05:41:23.897 - INFO: Processing the following SPARQL query:
# Tier R2 — STATE (real-world, large result) — SELECT variant
# Unbounded materialization of the same DBLP venue subgraph as CSV/TSV rows.
PREFIX dblp: <https://dblp.org/rdf/schema#>

SELECT ?paper ?p ?o
WHERE {
  ?paper a dblp:Publication ;
         dblp:publishedInStream <https://dblp.org/streams/conf/stoc> ;
         ?p ?o .
}

2026-09-29 05:41:23.897 - INFO: Requested media types of the result are: "text/csv"
2026-09-29 05:41:23.897 - INFO: Query planning done in 0 ms
2026-09-29 05:41:23.900 - INFO: Result has unknown size (not computed yet)
2026-09-29 05:41:24.587 - INFO: Done processing query and sending result, total time was 689 ms
2026-09-29 05:41:24.606 - INFO: 
2026-09-29 05:41:24.606 - INFO: Request received via GET, no content type specified
2026-09-29 05:41:24.606 - INFO: Processing command "clear-cache": clear the cache (unpinned elements only)
2026-09-29 05:41:24.624 - INFO: 
2026-09-29 05:41:24.624 - INFO: Request received via POST, content type "application/x-www-form-urlencoded"
2026-09-29 05:41:24.625 - INFO: Processing the following SPARQL query:
# Tier R2 — STATE (real-world, large result) — SELECT variant
# Unbounded materialization of the same DBLP venue subgraph as CSV/TSV rows.
PREFIX dblp: <https://dblp.org/rdf/schema#>

SELECT ?paper ?p ?o
WHERE {
  ?paper a dblp:Publication ;
         dblp:publishedInStream <https://dblp.org/streams/conf/stoc> ;
         ?p ?o .
}

2026-09-29 05:41:24.625 - INFO: Requested media types of the result are: "text/csv"
2026-09-29 05:41:24.625 - INFO: Query planning done in 0 ms
2026-09-29 05:41:24.627 - INFO: Result has unknown size (not computed yet)
2026-09-29 05:41:25.318 - INFO: Done processing query and sending result, total time was 693 ms
2026-09-29 05:41:25.338 - INFO: 
2026-09-29 05:41:25.338 - INFO: Request received via GET, no content type specified
2026-09-29 05:41:25.338 - INFO: Processing command "clear-cache": clear the cache (unpinned elements only)
2026-09-29 05:41:25.370 - INFO: 
2026-09-29 05:41:25.370 - INFO: Request received via POST, content type "application/x-www-form-urlencoded"
2026-09-29 05:41:25.371 - INFO: Processing the following SPARQL query:
# Tier R2 — STATE (real-world, large result) — SELECT variant
# Unbounded materialization of the same DBLP venue subgraph as CSV/TSV rows.
PREFIX dblp: <https://dblp.org/rdf/schema#>

SELECT ?paper ?p ?o
WHERE {
  ?paper a dblp:Publication ;
         dblp:publishedInStream <https://dblp.org/streams/conf/stoc> ;
         ?p ?o .
}

2026-09-29 05:41:25.371 - INFO: Requested media types of the result are: "text/csv"
2026-09-29 05:41:25.371 - INFO: Query planning done in 0 ms
2026-09-29 05:41:25.373 - INFO: Result has unknown size (not computed yet)
2026-09-29 05:41:26.057 - INFO: Done processing query and sending result, total time was 686 ms
2026-09-29 05:41:26.076 - INFO: 
2026-09-29 05:41:26.076 - INFO: Request received via GET, no content type specified
2026-09-29 05:41:26.076 - INFO: Processing command "clear-cache": clear the cache (unpinned elements only)
2026-09-29 05:41:26.094 - INFO: 
2026-09-29 05:41:26.094 - INFO: Request received via POST, content type "application/x-www-form-urlencoded"
2026-09-29 05:41:26.094 - INFO: Processing the following SPARQL query:
# Tier R2 — STATE (real-world, large result) — SELECT variant
# Unbounded materialization of the same DBLP venue subgraph as CSV/TSV rows.
PREFIX dblp: <https://dblp.org/rdf/schema#>

SELECT ?paper ?p ?o
WHERE {
  ?paper a dblp:Publication ;
         dblp:publishedInStream <https://dblp.org/streams/conf/stoc> ;
         ?p ?o .
}

2026-09-29 05:41:26.094 - INFO: Requested media types of the result are: "text/csv"
2026-09-29 05:41:26.094 - INFO: Query planning done in 0 ms
2026-09-29 05:41:26.097 - INFO: Result has unknown size (not computed yet)
2026-09-29 05:41:26.781 - INFO: Done processing query and sending result, total time was 687 ms
2026-09-29 05:41:26.800 - INFO: 
2026-09-29 05:41:26.800 - INFO: Request received via GET, no content type specified
2026-09-29 05:41:26.800 - INFO: Processing command "clear-cache": clear the cache (unpinned elements only)
2026-09-29 05:41:26.818 - INFO: 
2026-09-29 05:41:26.818 - INFO: Request received via POST, content type "application/x-www-form-urlencoded"
2026-09-29 05:41:26.818 - INFO: Processing the following SPARQL query:
# Tier R2 — STATE (real-world, large result) — SELECT variant
# Unbounded materialization of the same DBLP venue subgraph as CSV/TSV rows.
PREFIX dblp: <https://dblp.org/rdf/schema#>

SELECT ?paper ?p ?o
WHERE {
  ?paper a dblp:Publication ;
         dblp:publishedInStream <https://dblp.org/streams/conf/stoc> ;
         ?p ?o .
}

2026-09-29 05:41:26.818 - INFO: Requested media types of the result are: "text/csv"
2026-09-29 05:41:26.818 - INFO: Query planning done in 0 ms
2026-09-29 05:41:26.820 - INFO: Result has unknown size (not computed yet)
2026-09-29 05:41:27.497 - INFO: Done processing query and sending result, total time was 679 ms
2026-09-29 05:41:27.516 - INFO: 
2026-09-29 05:41:27.516 - INFO: Request received via GET, no content type specified
2026-09-29 05:41:27.516 - INFO: Processing command "clear-cache": clear the cache (unpinned elements only)
2026-09-29 05:41:27.534 - INFO: 
2026-09-29 05:41:27.534 - INFO: Request received via POST, content type "application/x-www-form-urlencoded"
2026-09-29 05:41:27.534 - INFO: Processing the following SPARQL query:
# Tier R2 — STATE (real-world, large result) — SELECT variant
# Unbounded materialization of the same DBLP venue subgraph as CSV/TSV rows.
PREFIX dblp: <https://dblp.org/rdf/schema#>

SELECT ?paper ?p ?o
WHERE {
  ?paper a dblp:Publication ;
         dblp:publishedInStream <https://dblp.org/streams/conf/stoc> ;
         ?p ?o .
}

2026-09-29 05:41:27.534 - INFO: Requested media types of the result are: "text/csv"
2026-09-29 05:41:27.535 - INFO: Query planning done in 0 ms
2026-09-29 05:41:27.537 - INFO: Result has unknown size (not computed yet)
2026-09-29 05:41:28.170 - INFO: Done processing query and sending result, total time was 635 ms
2026-09-29 05:41:28.189 - INFO: 
2026-09-29 05:41:28.189 - INFO: Request received via GET, no content type specified
2026-09-29 05:41:28.189 - INFO: Processing command "clear-cache": clear the cache (unpinned elements only)
2026-09-29 05:41:28.206 - INFO: 
2026-09-29 05:41:28.206 - INFO: Request received via POST, content type "application/x-www-form-urlencoded"
2026-09-29 05:41:28.207 - INFO: Processing the following SPARQL query:
# Tier R2 — STATE (real-world, large result) — SELECT variant
# Unbounded materialization of the same DBLP venue subgraph as CSV/TSV rows.
PREFIX dblp: <https://dblp.org/rdf/schema#>

SELECT ?paper ?p ?o
WHERE {
  ?paper a dblp:Publication ;
         dblp:publishedInStream <https://dblp.org/streams/conf/stoc> ;
         ?p ?o .
}

2026-09-29 05:41:28.207 - INFO: Requested media types of the result are: "text/csv"
2026-09-29 05:41:28.207 - INFO: Query planning done in 0 ms
2026-09-29 05:41:28.210 - INFO: Result has unknown size (not computed yet)
2026-09-29 05:41:28.841 - INFO: Done processing query and sending result, total time was 634 ms
2026-09-29 05:41:28.860 - INFO: 
2026-09-29 05:41:28.860 - INFO: Request received via GET, no content type specified
2026-09-29 05:41:28.860 - INFO: Processing command "clear-cache": clear the cache (unpinned elements only)
2026-09-29 05:41:28.877 - INFO: 
2026-09-29 05:41:28.877 - INFO: Request received via POST, content type "application/x-www-form-urlencoded"
2026-09-29 05:41:28.878 - INFO: Processing the following SPARQL query:
# Tier R2 — STATE (real-world, large result) — SELECT variant
# Unbounded materialization of the same DBLP venue subgraph as CSV/TSV rows.
PREFIX dblp: <https://dblp.org/rdf/schema#>

SELECT ?paper ?p ?o
WHERE {
  ?paper a dblp:Publication ;
         dblp:publishedInStream <https://dblp.org/streams/conf/stoc> ;
         ?p ?o .
}

2026-09-29 05:41:28.878 - INFO: Requested media types of the result are: "text/csv"
2026-09-29 05:41:28.878 - INFO: Query planning done in 0 ms
2026-09-29 05:41:28.880 - INFO: Result has unknown size (not computed yet)
2026-09-29 05:41:29.529 - INFO: Done processing query and sending result, total time was 652 ms
2026-09-29 05:41:29.548 - INFO: 
2026-09-29 05:41:29.548 - INFO: Request received via GET, no content type specified
2026-09-29 05:41:29.548 - INFO: Processing command "clear-cache": clear the cache (unpinned elements only)
2026-09-29 05:41:29.566 - INFO: 
2026-09-29 05:41:29.566 - INFO: Request received via POST, content type "application/x-www-form-urlencoded"
2026-09-29 05:41:29.566 - INFO: Processing the following SPARQL query:
# Tier R2 — STATE (real-world, large result) — SELECT variant
# Unbounded materialization of the same DBLP venue subgraph as CSV/TSV rows.
PREFIX dblp: <https://dblp.org/rdf/schema#>

SELECT ?paper ?p ?o
WHERE {
  ?paper a dblp:Publication ;
         dblp:publishedInStream <https://dblp.org/streams/conf/stoc> ;
         ?p ?o .
}

2026-09-29 05:41:29.566 - INFO: Requested media types of the result are: "text/csv"
2026-09-29 05:41:29.567 - INFO: Query planning done in 0 ms
2026-09-29 05:41:29.569 - INFO: Result has unknown size (not computed yet)
2026-09-29 05:41:30.263 - INFO: Done processing query and sending result, total time was 696 ms
2026-09-29 05:41:30.282 - INFO: 
2026-09-29 05:41:30.282 - INFO: Request received via GET, no content type specified
2026-09-29 05:41:30.282 - INFO: Processing command "clear-cache": clear the cache (unpinned elements only)
2026-09-29 05:41:30.307 - INFO: 
2026-09-29 05:41:30.307 - INFO: Request received via POST, content type "application/x-www-form-urlencoded"
2026-09-29 05:41:30.308 - INFO: Processing the following SPARQL query:
# Tier R2 — STATE (real-world, large result) — SELECT variant
# Unbounded materialization of the same DBLP venue subgraph as CSV/TSV rows.
PREFIX dblp: <https://dblp.org/rdf/schema#>

SELECT ?paper ?p ?o
WHERE {
  ?paper a dblp:Publication ;
         dblp:publishedInStream <https://dblp.org/streams/conf/stoc> ;
         ?p ?o .
}

2026-09-29 05:41:30.308 - INFO: Requested media types of the result are: "text/csv"
2026-09-29 05:41:30.308 - INFO: Query planning done in 0 ms
2026-09-29 05:41:30.310 - INFO: Result has unknown size (not computed yet)
2026-09-29 05:41:30.992 - INFO: Done processing query and sending result, total time was 684 ms
2026-09-29 05:41:31.011 - INFO: 
2026-09-29 05:41:31.011 - INFO: Request received via GET, no content type specified
2026-09-29 05:41:31.011 - INFO: Processing command "clear-cache": clear the cache (unpinned elements only)
2026-09-29 05:41:31.029 - INFO: 
2026-09-29 05:41:31.029 - INFO: Request received via POST, content type "application/x-www-form-urlencoded"
2026-09-29 05:41:31.029 - INFO: Processing the following SPARQL query:
# Tier R2 — STATE (real-world, large result) — SELECT variant
# Unbounded materialization of the same DBLP venue subgraph as CSV/TSV rows.
PREFIX dblp: <https://dblp.org/rdf/schema#>

SELECT ?paper ?p ?o
WHERE {
  ?paper a dblp:Publication ;
         dblp:publishedInStream <https://dblp.org/streams/conf/stoc> ;
         ?p ?o .
}

2026-09-29 05:41:31.029 - INFO: Requested media types of the result are: "text/csv"
2026-09-29 05:41:31.029 - INFO: Query planning done in 0 ms
2026-09-29 05:41:31.032 - INFO: Result has unknown size (not computed yet)
2026-09-29 05:41:31.703 - INFO: Done processing query and sending result, total time was 673 ms
2026-09-29 05:41:31.721 - INFO: 
2026-09-29 05:41:31.721 - INFO: Request received via GET, no content type specified
2026-09-29 05:41:31.721 - INFO: Processing command "clear-cache": clear the cache (unpinned elements only)
2026-09-29 05:41:31.739 - INFO: 
2026-09-29 05:41:31.739 - INFO: Request received via POST, content type "application/x-www-form-urlencoded"
2026-09-29 05:41:31.739 - INFO: Processing the following SPARQL query:
# Tier R2 — STATE (real-world, large result) — SELECT variant
# Unbounded materialization of the same DBLP venue subgraph as CSV/TSV rows.
PREFIX dblp: <https://dblp.org/rdf/schema#>

SELECT ?paper ?p ?o
WHERE {
  ?paper a dblp:Publication ;
         dblp:publishedInStream <https://dblp.org/streams/conf/stoc> ;
         ?p ?o .
}

2026-09-29 05:41:31.739 - INFO: Requested media types of the result are: "text/csv"
2026-09-29 05:41:31.740 - INFO: Query planning done in 0 ms
2026-09-29 05:41:31.742 - INFO: Result has unknown size (not computed yet)
2026-09-29 05:41:32.433 - INFO: Done processing query and sending result, total time was 693 ms
2026-09-29 05:41:32.451 - INFO: 
2026-09-29 05:41:32.451 - INFO: Request received via GET, no content type specified
2026-09-29 05:41:32.451 - INFO: Processing command "clear-cache": clear the cache (unpinned elements only)
2026-09-29 05:41:32.470 - INFO: 
2026-09-29 05:41:32.470 - INFO: Request received via POST, content type "application/x-www-form-urlencoded"
2026-09-29 05:41:32.470 - INFO: Processing the following SPARQL query:
# Tier R2 — STATE (real-world, large result) — SELECT variant
# Unbounded materialization of the same DBLP venue subgraph as CSV/TSV rows.
PREFIX dblp: <https://dblp.org/rdf/schema#>

SELECT ?paper ?p ?o
WHERE {
  ?paper a dblp:Publication ;
         dblp:publishedInStream <https://dblp.org/streams/conf/stoc> ;
         ?p ?o .
}

2026-09-29 05:41:32.470 - INFO: Requested media types of the result are: "text/csv"
2026-09-29 05:41:32.470 - INFO: Query planning done in 0 ms
2026-09-29 05:41:32.473 - INFO: Result has unknown size (not computed yet)
2026-09-29 05:41:33.160 - INFO: Done processing query and sending result, total time was 690 ms
2026-09-29 05:41:33.179 - INFO: 
2026-09-29 05:41:33.179 - INFO: Request received via GET, no content type specified
2026-09-29 05:41:33.179 - INFO: Processing command "clear-cache": clear the cache (unpinned elements only)
2026-09-29 05:41:33.196 - INFO: 
2026-09-29 05:41:33.196 - INFO: Request received via POST, content type "application/x-www-form-urlencoded"
2026-09-29 05:41:33.197 - INFO: Processing the following SPARQL query:
# Tier R2 — STATE (real-world, large result) — SELECT variant
# Unbounded materialization of the same DBLP venue subgraph as CSV/TSV rows.
PREFIX dblp: <https://dblp.org/rdf/schema#>

SELECT ?paper ?p ?o
WHERE {
  ?paper a dblp:Publication ;
         dblp:publishedInStream <https://dblp.org/streams/conf/stoc> ;
         ?p ?o .
}

2026-09-29 05:41:33.197 - INFO: Requested media types of the result are: "text/csv"
2026-09-29 05:41:33.197 - INFO: Query planning done in 0 ms
2026-09-29 05:41:33.199 - INFO: Result has unknown size (not computed yet)
2026-09-29 05:41:33.883 - INFO: Done processing query and sending result, total time was 686 ms
2026-09-29 05:41:44.738 - INFO: 
2026-09-29 05:41:44.738 - INFO: Request received via GET, no content type specified
2026-09-29 05:41:44.738 - INFO: Setting "adaptive-export-chunk-size" to: "false"
2026-09-29 05:41:44.756 - INFO: 
2026-09-29 05:41:44.756 - INFO: Request received via GET, no content type specified
2026-09-29 05:41:44.756 - INFO: Processing command "get-settings": get server settings
2026-09-29 05:41:44.774 - INFO: 
2026-09-29 05:41:44.774 - INFO: Request received via GET, no content type specified
2026-09-29 05:41:44.774 - INFO: Processing command "clear-cache": clear the cache (unpinned elements only)
2026-09-29 05:41:44.792 - INFO: 
2026-09-29 05:41:44.792 - INFO: Request received via POST, content type "application/x-www-form-urlencoded"
2026-09-29 05:41:44.792 - INFO: Processing the following SPARQL query:
# Tier R2 — STATE (real-world, large result) — SELECT variant
# Unbounded materialization of the same DBLP venue subgraph as CSV/TSV rows.
PREFIX dblp: <https://dblp.org/rdf/schema#>

SELECT ?paper ?p ?o
WHERE {
  ?paper a dblp:Publication ;
         dblp:publishedInStream <https://dblp.org/streams/conf/stoc> ;
         ?p ?o .
}

2026-09-29 05:41:44.792 - INFO: Requested media types of the result are: "text/csv"
2026-09-29 05:41:44.793 - INFO: Query planning done in 0 ms
2026-09-29 05:41:44.795 - INFO: Result has unknown size (not computed yet)
2026-09-29 05:41:45.483 - INFO: Done processing query and sending result, total time was 690 ms
2026-09-29 05:41:45.502 - INFO: 
2026-09-29 05:41:45.502 - INFO: Request received via GET, no content type specified
2026-09-29 05:41:45.502 - INFO: Processing command "clear-cache": clear the cache (unpinned elements only)
2026-09-29 05:41:45.520 - INFO: 
2026-09-29 05:41:45.520 - INFO: Request received via POST, content type "application/x-www-form-urlencoded"
2026-09-29 05:41:45.520 - INFO: Processing the following SPARQL query:
# Tier R2 — STATE (real-world, large result) — SELECT variant
# Unbounded materialization of the same DBLP venue subgraph as CSV/TSV rows.
PREFIX dblp: <https://dblp.org/rdf/schema#>

SELECT ?paper ?p ?o
WHERE {
  ?paper a dblp:Publication ;
         dblp:publishedInStream <https://dblp.org/streams/conf/stoc> ;
         ?p ?o .
}

2026-09-29 05:41:45.520 - INFO: Requested media types of the result are: "text/csv"
2026-09-29 05:41:45.520 - INFO: Query planning done in 0 ms
2026-09-29 05:41:45.523 - INFO: Result has unknown size (not computed yet)
2026-09-29 05:41:46.212 - INFO: Done processing query and sending result, total time was 692 ms
2026-09-29 05:41:46.230 - INFO: 
2026-09-29 05:41:46.230 - INFO: Request received via GET, no content type specified
2026-09-29 05:41:46.230 - INFO: Processing command "clear-cache": clear the cache (unpinned elements only)
2026-09-29 05:41:46.248 - INFO: 
2026-09-29 05:41:46.248 - INFO: Request received via POST, content type "application/x-www-form-urlencoded"
2026-09-29 05:41:46.248 - INFO: Processing the following SPARQL query:
# Tier R2 — STATE (real-world, large result) — SELECT variant
# Unbounded materialization of the same DBLP venue subgraph as CSV/TSV rows.
PREFIX dblp: <https://dblp.org/rdf/schema#>

SELECT ?paper ?p ?o
WHERE {
  ?paper a dblp:Publication ;
         dblp:publishedInStream <https://dblp.org/streams/conf/stoc> ;
         ?p ?o .
}

2026-09-29 05:41:46.249 - INFO: Requested media types of the result are: "text/csv"
2026-09-29 05:41:46.249 - INFO: Query planning done in 0 ms
2026-09-29 05:41:46.251 - INFO: Result has unknown size (not computed yet)
2026-09-29 05:41:46.939 - INFO: Done processing query and sending result, total time was 690 ms
2026-09-29 05:41:46.958 - INFO: 
2026-09-29 05:41:46.958 - INFO: Request received via GET, no content type specified
2026-09-29 05:41:46.958 - INFO: Processing command "clear-cache": clear the cache (unpinned elements only)
2026-09-29 05:41:46.976 - INFO: 
2026-09-29 05:41:46.976 - INFO: Request received via POST, content type "application/x-www-form-urlencoded"
2026-09-29 05:41:46.976 - INFO: Processing the following SPARQL query:
# Tier R2 — STATE (real-world, large result) — SELECT variant
# Unbounded materialization of the same DBLP venue subgraph as CSV/TSV rows.
PREFIX dblp: <https://dblp.org/rdf/schema#>

SELECT ?paper ?p ?o
WHERE {
  ?paper a dblp:Publication ;
         dblp:publishedInStream <https://dblp.org/streams/conf/stoc> ;
         ?p ?o .
}

2026-09-29 05:41:46.976 - INFO: Requested media types of the result are: "text/csv"
2026-09-29 05:41:46.976 - INFO: Query planning done in 0 ms
2026-09-29 05:41:46.979 - INFO: Result has unknown size (not computed yet)
2026-09-29 05:41:47.668 - INFO: Done processing query and sending result, total time was 692 ms
2026-09-29 05:41:47.687 - INFO: 
2026-09-29 05:41:47.687 - INFO: Request received via GET, no content type specified
2026-09-29 05:41:47.687 - INFO: Processing command "clear-cache": clear the cache (unpinned elements only)
2026-09-29 05:41:47.705 - INFO: 
2026-09-29 05:41:47.705 - INFO: Request received via POST, content type "application/x-www-form-urlencoded"
2026-09-29 05:41:47.705 - INFO: Processing the following SPARQL query:
# Tier R2 — STATE (real-world, large result) — SELECT variant
# Unbounded materialization of the same DBLP venue subgraph as CSV/TSV rows.
PREFIX dblp: <https://dblp.org/rdf/schema#>

SELECT ?paper ?p ?o
WHERE {
  ?paper a dblp:Publication ;
         dblp:publishedInStream <https://dblp.org/streams/conf/stoc> ;
         ?p ?o .
}

2026-09-29 05:41:47.705 - INFO: Requested media types of the result are: "text/csv"
2026-09-29 05:41:47.706 - INFO: Query planning done in 0 ms
2026-09-29 05:41:47.709 - INFO: Result has unknown size (not computed yet)
2026-09-29 05:41:48.374 - INFO: Done processing query and sending result, total time was 668 ms
2026-09-29 05:41:48.393 - INFO: 
2026-09-29 05:41:48.393 - INFO: Request received via GET, no content type specified
2026-09-29 05:41:48.393 - INFO: Processing command "clear-cache": clear the cache (unpinned elements only)
2026-09-29 05:41:48.418 - INFO: 
2026-09-29 05:41:48.418 - INFO: Request received via POST, content type "application/x-www-form-urlencoded"
2026-09-29 05:41:48.418 - INFO: Processing the following SPARQL query:
# Tier R2 — STATE (real-world, large result) — SELECT variant
# Unbounded materialization of the same DBLP venue subgraph as CSV/TSV rows.
PREFIX dblp: <https://dblp.org/rdf/schema#>

SELECT ?paper ?p ?o
WHERE {
  ?paper a dblp:Publication ;
         dblp:publishedInStream <https://dblp.org/streams/conf/stoc> ;
         ?p ?o .
}

2026-09-29 05:41:48.418 - INFO: Requested media types of the result are: "text/csv"
2026-09-29 05:41:48.419 - INFO: Query planning done in 0 ms
2026-09-29 05:41:48.421 - INFO: Result has unknown size (not computed yet)
2026-09-29 05:41:49.052 - INFO: Done processing query and sending result, total time was 634 ms
2026-09-29 05:41:49.071 - INFO: 
2026-09-29 05:41:49.071 - INFO: Request received via GET, no content type specified
2026-09-29 05:41:49.071 - INFO: Processing command "clear-cache": clear the cache (unpinned elements only)
2026-09-29 05:41:49.089 - INFO: 
2026-09-29 05:41:49.089 - INFO: Request received via POST, content type "application/x-www-form-urlencoded"
2026-09-29 05:41:49.089 - INFO: Processing the following SPARQL query:
# Tier R2 — STATE (real-world, large result) — SELECT variant
# Unbounded materialization of the same DBLP venue subgraph as CSV/TSV rows.
PREFIX dblp: <https://dblp.org/rdf/schema#>

SELECT ?paper ?p ?o
WHERE {
  ?paper a dblp:Publication ;
         dblp:publishedInStream <https://dblp.org/streams/conf/stoc> ;
         ?p ?o .
}

2026-09-29 05:41:49.089 - INFO: Requested media types of the result are: "text/csv"
2026-09-29 05:41:49.090 - INFO: Query planning done in 0 ms
2026-09-29 05:41:49.093 - INFO: Result has unknown size (not computed yet)
2026-09-29 05:41:49.742 - INFO: Done processing query and sending result, total time was 652 ms
2026-09-29 05:41:49.760 - INFO: 
2026-09-29 05:41:49.760 - INFO: Request received via GET, no content type specified
2026-09-29 05:41:49.760 - INFO: Processing command "clear-cache": clear the cache (unpinned elements only)
2026-09-29 05:41:49.778 - INFO: 
2026-09-29 05:41:49.778 - INFO: Request received via POST, content type "application/x-www-form-urlencoded"
2026-09-29 05:41:49.778 - INFO: Processing the following SPARQL query:
# Tier R2 — STATE (real-world, large result) — SELECT variant
# Unbounded materialization of the same DBLP venue subgraph as CSV/TSV rows.
PREFIX dblp: <https://dblp.org/rdf/schema#>

SELECT ?paper ?p ?o
WHERE {
  ?paper a dblp:Publication ;
         dblp:publishedInStream <https://dblp.org/streams/conf/stoc> ;
         ?p ?o .
}

2026-09-29 05:41:49.778 - INFO: Requested media types of the result are: "text/csv"
2026-09-29 05:41:49.779 - INFO: Query planning done in 0 ms
2026-09-29 05:41:49.781 - INFO: Result has unknown size (not computed yet)
2026-09-29 05:41:50.468 - INFO: Done processing query and sending result, total time was 690 ms
2026-09-29 05:41:50.487 - INFO: 
2026-09-29 05:41:50.487 - INFO: Request received via GET, no content type specified
2026-09-29 05:41:50.487 - INFO: Processing command "clear-cache": clear the cache (unpinned elements only)
2026-09-29 05:41:50.505 - INFO: 
2026-09-29 05:41:50.505 - INFO: Request received via POST, content type "application/x-www-form-urlencoded"
2026-09-29 05:41:50.505 - INFO: Processing the following SPARQL query:
# Tier R2 — STATE (real-world, large result) — SELECT variant
# Unbounded materialization of the same DBLP venue subgraph as CSV/TSV rows.
PREFIX dblp: <https://dblp.org/rdf/schema#>

SELECT ?paper ?p ?o
WHERE {
  ?paper a dblp:Publication ;
         dblp:publishedInStream <https://dblp.org/streams/conf/stoc> ;
         ?p ?o .
}

2026-09-29 05:41:50.505 - INFO: Requested media types of the result are: "text/csv"
2026-09-29 05:41:50.506 - INFO: Query planning done in 0 ms
2026-09-29 05:41:50.508 - INFO: Result has unknown size (not computed yet)
2026-09-29 05:41:51.166 - INFO: Done processing query and sending result, total time was 660 ms
2026-09-29 05:41:51.185 - INFO: 
2026-09-29 05:41:51.185 - INFO: Request received via GET, no content type specified
2026-09-29 05:41:51.185 - INFO: Processing command "clear-cache": clear the cache (unpinned elements only)
2026-09-29 05:41:51.202 - INFO: 
2026-09-29 05:41:51.202 - INFO: Request received via POST, content type "application/x-www-form-urlencoded"
2026-09-29 05:41:51.203 - INFO: Processing the following SPARQL query:
# Tier R2 — STATE (real-world, large result) — SELECT variant
# Unbounded materialization of the same DBLP venue subgraph as CSV/TSV rows.
PREFIX dblp: <https://dblp.org/rdf/schema#>

SELECT ?paper ?p ?o
WHERE {
  ?paper a dblp:Publication ;
         dblp:publishedInStream <https://dblp.org/streams/conf/stoc> ;
         ?p ?o .
}

2026-09-29 05:41:51.203 - INFO: Requested media types of the result are: "text/csv"
2026-09-29 05:41:51.203 - INFO: Query planning done in 0 ms
2026-09-29 05:41:51.205 - INFO: Result has unknown size (not computed yet)
2026-09-29 05:41:51.834 - INFO: Done processing query and sending result, total time was 631 ms
2026-09-29 05:41:51.853 - INFO: 
2026-09-29 05:41:51.853 - INFO: Request received via GET, no content type specified
2026-09-29 05:41:51.853 - INFO: Processing command "clear-cache": clear the cache (unpinned elements only)
2026-09-29 05:41:51.870 - INFO: 
2026-09-29 05:41:51.870 - INFO: Request received via POST, content type "application/x-www-form-urlencoded"
2026-09-29 05:41:51.871 - INFO: Processing the following SPARQL query:
# Tier R2 — STATE (real-world, large result) — SELECT variant
# Unbounded materialization of the same DBLP venue subgraph as CSV/TSV rows.
PREFIX dblp: <https://dblp.org/rdf/schema#>

SELECT ?paper ?p ?o
WHERE {
  ?paper a dblp:Publication ;
         dblp:publishedInStream <https://dblp.org/streams/conf/stoc> ;
         ?p ?o .
}

2026-09-29 05:41:51.871 - INFO: Requested media types of the result are: "text/csv"
2026-09-29 05:41:51.871 - INFO: Query planning done in 0 ms
2026-09-29 05:41:51.874 - INFO: Result has unknown size (not computed yet)
2026-09-29 05:41:52.505 - INFO: Done processing query and sending result, total time was 634 ms
2026-09-29 05:41:52.524 - INFO: 
2026-09-29 05:41:52.524 - INFO: Request received via GET, no content type specified
2026-09-29 05:41:52.524 - INFO: Processing command "clear-cache": clear the cache (unpinned elements only)
2026-09-29 05:41:52.543 - INFO: 
2026-09-29 05:41:52.543 - INFO: Request received via POST, content type "application/x-www-form-urlencoded"
2026-09-29 05:41:52.543 - INFO: Processing the following SPARQL query:
# Tier R2 — STATE (real-world, large result) — SELECT variant
# Unbounded materialization of the same DBLP venue subgraph as CSV/TSV rows.
PREFIX dblp: <https://dblp.org/rdf/schema#>

SELECT ?paper ?p ?o
WHERE {
  ?paper a dblp:Publication ;
         dblp:publishedInStream <https://dblp.org/streams/conf/stoc> ;
         ?p ?o .
}

2026-09-29 05:41:52.543 - INFO: Requested media types of the result are: "text/csv"
2026-09-29 05:41:52.543 - INFO: Query planning done in 0 ms
2026-09-29 05:41:52.546 - INFO: Result has unknown size (not computed yet)
2026-09-29 05:41:53.187 - INFO: Done processing query and sending result, total time was 644 ms
2026-09-29 05:41:53.206 - INFO: 
2026-09-29 05:41:53.206 - INFO: Request received via GET, no content type specified
2026-09-29 05:41:53.206 - INFO: Processing command "clear-cache": clear the cache (unpinned elements only)
2026-09-29 05:41:53.224 - INFO: 
2026-09-29 05:41:53.224 - INFO: Request received via POST, content type "application/x-www-form-urlencoded"
2026-09-29 05:41:53.225 - INFO: Processing the following SPARQL query:
# Tier R2 — STATE (real-world, large result) — SELECT variant
# Unbounded materialization of the same DBLP venue subgraph as CSV/TSV rows.
PREFIX dblp: <https://dblp.org/rdf/schema#>

SELECT ?paper ?p ?o
WHERE {
  ?paper a dblp:Publication ;
         dblp:publishedInStream <https://dblp.org/streams/conf/stoc> ;
         ?p ?o .
}

2026-09-29 05:41:53.225 - INFO: Requested media types of the result are: "text/csv"
2026-09-29 05:41:53.225 - INFO: Query planning done in 0 ms
2026-09-29 05:41:53.228 - INFO: Result has unknown size (not computed yet)
2026-09-29 05:41:53.878 - INFO: Done processing query and sending result, total time was 653 ms
2026-09-29 05:41:53.897 - INFO: 
2026-09-29 05:41:53.897 - INFO: Request received via GET, no content type specified
2026-09-29 05:41:53.897 - INFO: Processing command "clear-cache": clear the cache (unpinned elements only)
2026-09-29 05:41:53.914 - INFO: 
2026-09-29 05:41:53.914 - INFO: Request received via POST, content type "application/x-www-form-urlencoded"
2026-09-29 05:41:53.915 - INFO: Processing the following SPARQL query:
# Tier R2 — STATE (real-world, large result) — SELECT variant
# Unbounded materialization of the same DBLP venue subgraph as CSV/TSV rows.
PREFIX dblp: <https://dblp.org/rdf/schema#>

SELECT ?paper ?p ?o
WHERE {
  ?paper a dblp:Publication ;
         dblp:publishedInStream <https://dblp.org/streams/conf/stoc> ;
         ?p ?o .
}

2026-09-29 05:41:53.915 - INFO: Requested media types of the result are: "text/csv"
2026-09-29 05:41:53.915 - INFO: Query planning done in 0 ms
2026-09-29 05:41:53.918 - INFO: Result has unknown size (not computed yet)
2026-09-29 05:41:54.548 - INFO: Done processing query and sending result, total time was 633 ms
2026-09-29 05:41:54.567 - INFO: 
2026-09-29 05:41:54.567 - INFO: Request received via GET, no content type specified
2026-09-29 05:41:54.567 - INFO: Processing command "clear-cache": clear the cache (unpinned elements only)
2026-09-29 05:41:54.585 - INFO: 
2026-09-29 05:41:54.585 - INFO: Request received via POST, content type "application/x-www-form-urlencoded"
2026-09-29 05:41:54.585 - INFO: Processing the following SPARQL query:
# Tier R2 — STATE (real-world, large result) — SELECT variant
# Unbounded materialization of the same DBLP venue subgraph as CSV/TSV rows.
PREFIX dblp: <https://dblp.org/rdf/schema#>

SELECT ?paper ?p ?o
WHERE {
  ?paper a dblp:Publication ;
         dblp:publishedInStream <https://dblp.org/streams/conf/stoc> ;
         ?p ?o .
}

2026-09-29 05:41:54.585 - INFO: Requested media types of the result are: "text/csv"
2026-09-29 05:41:54.586 - INFO: Query planning done in 0 ms
2026-09-29 05:41:54.588 - INFO: Result has unknown size (not computed yet)
2026-09-29 05:41:55.219 - INFO: Done processing query and sending result, total time was 633 ms
