slot,submitted_ns,started_ns,completed_ns,helper,cpu_ns,status
0,4924481294325214,4924481294363054,4924481316326399,1,21960642,Completed
1,4924481294331794,4924481294370954,4924481316468208,1,22085542,Completed
2,4924481294358474,4924481316331029,4924481340282979,1,21821371,Completed
3,4924481294364494,4924481316469708,4924481338170515,1,21700232,Completed
4,4924481294365354,4924481338174335,4924481358759460,1,20584432,Completed
5,4924481294366034,4924481340286909,4924481358782820,1,17940481,Completed
6,4924481294366514,4924481358763550,4924481373723097,1,14958898,Completed
7,4924481294366954,4924481358784480,4924481372674105,1,13889007,Completed
8,4924481294367274,4924481372680055,4924481386481942,1,13801118,Completed
9,4924481294375664,4924481373726567,4924481385064192,1,11336716,Completed
10,4924481294375944,4924481385066992,4924481398628910,1,13561218,Completed
11,4924481294377064,4924481386485032,4924481400250498,1,13764858,Completed
12,4924481301857178,4924481398633560,4924481411633342,1,12999037,Completed
13,4924481301861308,4924481400254308,4924481414911868,1,14656898,Completed
14,4924481301861908,4924481411637712,4924481425919265,1,14280928,Completed
15,4924481301862698,4924481414915598,4924481430384081,1,15458438,Completed
16,4924481301863058,4924481425923565,4924481442791568,1,16867279,Completed
17,4924481301880728,4924481430389621,4924481445639137,1,15248829,Completed
18,4924481301881178,4924481442795938,4924481464180967,1,21384412,Completed
19,4924481301881678,4924481445642807,4924481467270224,1,21617502,Completed
20,4924481301881998,4924481464185187,4924481483186365,1,19000541,Completed
21,4924481301882488,4924481467274314,4924481488971781,1,21696772,Completed
22,4924481301885368,4924481483190604,4924481503408673,1,20217421,Completed
23,4924481301885788,4924481488976641,4924481511695300,1,22467552,Completed
24,4924481301886198,4924481503414512,4924481523372662,1,19957321,Completed
25,4924481306927790,4924481511700350,4924481534116552,1,22405022,Completed
26,4924481306930850,4924481523375942,4924481545115699,1,21739192,Completed
27,4924481306944310,4924481534120182,4924481553754924,1,19633991,Completed
28,4924481306944730,4924481545120689,4924481567422371,1,22301013,Completed
29,4924481306944970,4924481553760244,4924481574505048,1,20744071,Completed
30,4924481306945310,4924481567426671,4924481589124998,1,21697562,Completed
31,4924481306945830,4924481574509248,4924481595417741,1,20897432,Completed
32,4924481306949230,4924481589131258,4924481610206520,1,21074561,Completed
33,4924481306961759,4924481595421941,4924481618225229,1,22787233,Completed
34,4924481306962299,4924481610210850,4924481632143575,1,21932002,Completed
35,4924481306962559,4924481618231219,4924481639759087,1,21527062,Completed
36,4924481306962879,4924481632147955,4924481655782277,1,23633664,Completed
37,4924481306963129,4924481639764087,4924481661131177,1,21277362,Completed
38,4924481312178030,4924481655786647,4924481676929628,1,21128331,Completed
39,4924481312181490,4924481661134407,4924481681781061,1,20646151,Completed
40,4924481312182040,4924481676934528,4924481695199901,1,18264681,Completed
41,4924481312182390,4924481681786031,4924481702367207,1,20580542,Completed
42,4924481312182740,4924481695203841,4924481714192098,1,18987620,Completed
43,4924481312189600,4924481702371717,4924481722236947,1,19864611,Completed
44,4924481312190090,4924481714195288,4924481733577652,1,19368901,Completed
45,4924481312190510,4924481722241337,4924481741609592,1,19356350,Completed
46,4924481312190940,4924481733582582,4924481752717768,1,19134610,Completed
47,4924481312191380,4924481741614612,4924481761845229,1,20230062,Completed
48,4924481312191710,4924481752721988,4924481771097930,1,18375291,Completed
49,4924481312193230,4924481761849669,4924481780308391,1,18458140,Completed
50,4924481312193600,4924481771103200,4924481787750865,1,16646869,Completed
51,4924481318517853,4924481780314311,4924481796505479,1,16190479,Completed
52,4924481318520613,4924481787756505,4924481804192771,1,16435639,Completed
53,4924481318521233,4924481796509659,4924481817032864,1,20500021,Completed
54,4924481318521833,4924481804197471,4924481819626505,1,15428199,Completed
55,4924481318522353,4924481817038164,4924481835452196,1,18413280,Completed
56,4924481318522783,4924481819631825,4924481837675749,1,18043310,Completed
57,4924481318529143,4924481835456066,4924481855614724,1,20144392,Completed
58,4924481318536532,4924481837680119,4924481853852618,1,16171889,Completed
59,4924481318546862,4924481853856408,4924481873319341,1,19462220,Completed
60,4924481318547372,4924481855619514,4924481872792575,1,17172249,Completed
61,4924481318547692,4924481872798755,4924481892314489,1,19514981,Completed
62,4924481318548112,4924481873320371,4924481891296596,1,17975610,Completed
63,4924481318548542,4924481891300456,4924481904592566,1,13280348,Completed
64,4924481324421358,4924481892317879,4924481910498482,1,18179980,Completed
65,4924481324428448,4924481904597076,4924481916545526,1,11947817,Completed
66,4924481324431528,4924481910502512,4924481926250313,1,15731479,Completed
67,4924481324432468,4924481916548756,4924481936111849,1,19562340,Completed
68,4924481324432768,4924481926255473,4924481944685935,1,18429780,Completed
69,4924481324433078,4924481936115889,4924481953290380,1,17173680,Completed
70,4924481324433368,4924481944691645,4924481965830276,1,21137942,Completed
71,4924481324433708,4924481953296870,4924481967911980,1,14601738,Completed
72,4924481324434018,4924481965834356,4924481983443703,1,17608740,Completed
73,4924481324434438,4924481967916170,4924481983427894,1,15511019,Completed
74,4924481324434848,4924481983432244,4924482004706764,1,21273901,Completed
75,4924481324435238,4924481983445063,4924482002788998,1,19343120,Completed
76,4924481333638769,4924482002794278,4924482022022233,1,19227141,Completed
77,4924481333642549,4924482004711273,4924482027231794,1,22519792,Completed
78,4924481333643019,4924482022026643,4924482043913009,1,21803032,Completed
79,4924481333643659,4924482027237614,4924482048120857,1,20882422,Completed
80,4924481333644179,4924482043917709,4924482059459732,1,15541249,Completed
81,4924481333644499,4924482048125857,4924482065784084,1,17657519,Completed
82,4924481333652919,4924482059465232,4924482075250123,1,15784079,Completed
83,4924481333653249,4924482065789194,4924482082216731,1,16426720,Completed
84,4924481333653579,4924482075254363,4924482090106361,1,14851258,Completed
85,4924481333653899,4924482082221691,4924482096579563,1,14357098,Completed
86,4924481333654199,4924482090111371,4924482102941515,1,12829307,Completed
87,4924481333654509,4924482096584513,4924482111114334,1,14529128,Completed
88,4924481333654839,4924482102946105,4924482115931507,1,12984427,Completed
89,4924481344477137,4924482111118674,4924482126302979,1,15183538,Completed
90,4924481344481047,4924482115936437,4924482131754358,1,15806109,Completed
91,4924481344481657,4924482126307649,4924482146885595,1,20577221,Completed
92,4924481344482147,4924482131758648,4924482151261522,1,19502061,Completed
93,4924481344482567,4924482146891234,4924482166324448,1,19432460,Completed
94,4924481344482867,4924482151266572,4924482169060148,1,17792890,Completed
95,4924481344483167,4924482166329018,4924482188948908,1,22608363,Completed
96,4924481344489287,4924482169064748,4924482194714055,1,25604564,Completed
97,4924481344489687,4924482188954058,4924482211673927,1,21666271,Completed
98,4924481344490247,4924482194718145,4924482210917163,1,16198429,Completed
99,4924481344492867,4924482210920913,4924482229060807,1,18139340,Completed
100,4924481344500757,4924482211677817,4924482234475846,1,22784073,Completed
101,4924481344501157,4924482229065557,4924482246878633,1,17812400,Completed
102,4924481354420643,4924482234479366,4924482253357524,1,18877531,Completed
103,4924481354423853,4924482246884683,4924482262312697,1,15427369,Completed
104,4924481354424283,4924482253361914,4924482267776566,1,14413928,Completed
105,4924481354424743,4924482262317027,4924482278387606,1,16069919,Completed
106,4924481354425103,4924482267780716,4924482285049266,1,17267679,Completed
107,4924481354425533,4924482278392206,4924482295562687,1,17169809,Completed
108,4924481354425843,4924482285053596,4924482303256669,1,18202500,Completed
109,4924481354426083,4924482295566747,4924482312747368,1,17165050,Completed
110,4924481354426323,4924482303261499,4924482319948353,1,16686250,Completed
111,4924481354426553,4924482312751058,4924482330793572,1,18041620,Completed
112,4924481354426803,4924482319952353,4924482340846386,1,20893431,Completed
113,4924481354427043,4924482330798572,4924482350808021,1,20008331,Completed
114,4924481354427373,4924482340850976,4924482360091612,1,19240021,Completed
115,4924481371353795,4924482350813591,4924482369112564,1,18298280,Completed
116,4924481371363845,4924482360096672,4924482378831541,1,18734120,Completed
117,4924481371364665,4924482369116964,4924482387289097,1,18148630,Completed
118,4924481371365345,4924482378836311,4924482399053739,1,19389161,Completed
119,4924481371365945,4924482387294057,4924482406430633,1,19135771,Completed
120,4924481371373315,4924482399057629,4924482420211240,1,21152941,Completed
121,4924481371373815,4924482406434473,4924482425346531,1,18911290,Completed
122,4924481371374225,4924482420216650,4924482441186432,1,20969062,Completed
123,4924481371389285,4924482425351151,4924482446013296,1,20644972,Completed
124,4924481371389755,4924482441190992,4924482461863727,1,20672032,Completed
125,4924481371390185,4924482446019516,4924482467018698,1,20978351,Completed
126,4924481371392875,4924482461867667,4924482483064377,1,21195931,Completed
127,4924481381246941,4924482467022428,4924482488204738,1,21181702,Completed
128,4924481381257371,4924482483069377,4924482504570156,1,21500042,Completed
129,4924481381265181,4924482488208728,4924482510307312,1,22097952,Completed
130,4924481381265691,4924482504574405,4924482526263702,1,21688652,Completed
131,4924481381266201,4924482510311722,4924482530370161,1,20039602,Completed
132,4924481381267031,4924482526267932,4924482546358171,1,20089451,Completed
133,4924481381267661,4924482530375431,4924482548350156,1,17974120,Completed
134,4924481381270271,4924482546363531,4924482567809080,1,21424002,Completed
135,4924481381270611,4924482548355176,4924482570450640,1,22094752,Completed
136,4924481381273301,4924482567813220,4924482589592396,1,21778212,Completed
137,4924481381273671,4924482570454610,4924482585912754,1,15457458,Completed
138,4924481381274011,4924482585917224,4924482605215829,1,19298011,Completed
139,4924481381274331,4924482589596966,4924482611576711,1,21979093,Completed
140,4924481388360537,4924482605220179,4924482622772797,1,17551900,Completed
141,4924481388364507,4924482611581131,4924482632980020,1,21398152,Completed
142,4924481388364757,4924482622776767,4924482641838023,1,19060591,Completed
143,4924481388365007,4924482632985790,4924482653840083,1,20853231,Completed
144,4924481388365257,4924482641841783,4924482658957965,1,17115569,Completed
145,4924481388366047,4924482653845803,4924482672726621,1,18880071,Completed
146,4924481388366377,4924482658963015,4924482675138983,1,16175369,Completed
147,4924481388366717,4924482672730831,4924482690318669,1,17587119,Completed
148,4924481388366967,4924482675142663,4924482691988167,1,16844869,Completed
149,4924481388369327,4924482690324769,4924482709860932,1,19520650,Completed
150,4924481388369677,4924482691992297,4924482711345841,1,19340551,Completed
151,4924481388370127,4924482709865902,4924482730713985,1,20847282,Completed
152,4924481388370377,4924482711349631,4924482726103050,1,14752548,Completed
153,4924481395860131,4924482726107530,4924482743157562,1,17049440,Completed
154,4924481395864511,4924482730718365,4924482752087495,1,21368422,Completed
155,4924481395864881,4924482743161522,4924482759261991,1,16099779,Completed
156,4924481395865211,4924482752092765,4924482775211721,1,23118103,Completed
157,4924481395866001,4924482759268801,4924482779127381,1,19857871,Completed
158,4924481395866441,4924482775215841,4924482794107309,1,18890770,Completed
159,4924481395866751,4924482778687125,4924482798355977,0,19666100,Completed
160,4924481395873231,4924482779132151,4924482795478988,1,16346169,Completed
161,4924481395873631,4924482794112409,4924482811083921,1,16970900,Completed
162,4924481395874011,4924482795483778,4924482812739259,1,17254839,Completed
163,4924481395874361,4924482798657435,4924482814461646,0,15778708,Completed
164,4924481395874611,4924482811089991,4924482831853845,1,20731091,Completed
165,4924481395874851,4924482812744669,4924482830027649,1,17243760,Completed
166,4924481406102974,4924482814627175,4924482830576805,0,15948918,Completed
167,4924481406107234,4924482830033239,4924482848727628,1,18693730,Completed
168,4924481406107894,4924482830685104,4924482846603664,0,15917829,Completed
169,4924481406108334,4924482831858505,4924482850975021,1,19115921,Completed
170,4924481406115244,4924482846738283,4924482863008571,0,16269549,Completed
171,4924481406115754,4924482848733248,4924482866072028,1,17338200,Completed
172,4924481406118664,4924482850979451,4924482867217169,1,16237099,Completed
173,4924481406118984,4924482863211069,4924482879183009,0,15971108,Completed
174,4924481406119314,4924482866077438,4924482881358053,1,15280019,Completed
175,4924481406119724,4924482867220939,4924482883378998,1,16157449,Completed
176,4924481406127414,4924482879353178,4924482898523894,0,19170041,Completed
177,4924481406127894,4924482881362553,4924482898066117,1,16684079,Completed
178,4924481413389629,4924482883384048,4924482899909083,1,16524439,Completed
179,4924481413394399,4924482898071127,4924482915514726,1,17442950,Completed
180,4924481413395379,4924482898739652,4924482913386112,0,14645728,Completed
181,4924481413405039,4924482899912853,4924482918095617,1,18181880,Completed
182,4924481413406199,4924482913479541,4924482930186396,0,16706130,Completed
183,4924481413407089,4924482915519866,4924482931091099,1,15570458,Completed
184,4924481413407819,4924482918100747,4924482936020862,1,17919250,Completed
185,4924481413408299,4924482930360554,4924482945611350,0,15250118,Completed
186,4924481413409059,4924482931095759,4924482948405259,1,17308670,Completed
187,4924481413409389,4924482936025692,4924482955404796,1,19378121,Completed
188,4924481413409699,4924482945754669,4924482959055129,0,13299728,Completed
189,4924481413409999,4924482948410849,4924482967499865,1,19072420,Completed
190,4924481413410279,4924482955409816,4924482974486203,1,19075730,Completed
191,4924481418296532,4924482959235507,4924482972938864,0,13702727,Completed
192,4924481418307812,4924482967504835,4924482986817430,1,19311851,Completed
193,4924481418308622,4924482973071353,4924482986975989,0,13903977,Completed
194,4924481418309082,4924482974491303,4924482994160995,1,19668991,Completed
195,4924481418309882,4924482986822110,4924483006957719,1,20134831,Completed
196,4924481418310382,4924482987143518,4924483001777018,0,14632759,Completed
197,4924481418310942,4924482994167355,4924483014435892,1,20251912,Completed
198,4924481418311232,4924483001896337,4924483016155109,0,14257997,Completed
199,4924481418312392,4924483006962499,4924483026998328,1,20019452,Completed
200,4924481418312872,4924483014440712,4924483034893379,1,20451931,Completed
201,4924481418313272,4924483016326868,4924483031191786,0,14864158,Completed
202,4924481418313672,4924483027015628,4924483047375125,1,20358511,Completed
203,4924481427409874,4924483031321545,4924483047176386,0,15854089,Completed
204,4924481427415794,4924483034898739,4924483054629790,1,19729871,Completed
205,4924481427416764,4924483047300455,4924483066352232,0,19050990,Completed
206,4924481427419924,4924483047381125,4924483066151204,1,18769380,Completed
207,4924481427420894,4924483054634570,4924483072435936,1,17800690,Completed
208,4924481427421674,4924483066156664,4924483083734631,1,17577330,Completed
209,4924481427422454,4924483066657960,4924483087121036,0,20448521,Completed
210,4924481427422884,4924483072441396,4924483090624020,1,18182010,Completed
211,4924481427425964,4924483083739901,4924483100487966,1,16747179,Completed
212,4924481427426304,4924483087311775,4924483107387334,0,20074671,Completed
213,4924481427426724,4924483090628960,4924483106235632,1,15606189,Completed
214,4924481427427164,4924483100492775,4924483117931764,1,17438330,Completed
215,4924481427427494,4924483106238982,4924483121986974,1,15747418,Completed
216,4924481433246290,4924483107676782,4924483126107883,0,18430261,Completed
217,4924481433250020,4924483117937404,4924483136207527,1,18269540,Completed
218,4924481433250350,4924483121990214,4924483141109530,1,19110361,Completed
219,4924481433250700,4924483126296452,4924483145240659,0,18937070,Completed
220,4924481433251020,4924483136212627,4924483154659658,1,18438650,Completed
221,4924481433251330,4924483141114280,4924483159248974,1,18134000,Completed
222,4924481433251570,4924483145423648,4924483163217644,0,17793240,Completed
223,4924481433252000,4924483154664298,4924483173144869,1,18479871,Completed
224,4924481433258820,4924483159258144,4924483177944983,1,18686030,Completed
225,4924481433259090,4924483163396793,4924483182334160,0,18936651,Completed
226,4924481433259430,4924483173150659,4924483191911238,1,18760000,Completed
227,4924481433259850,4924483177949423,4924483196416864,1,18466781,Completed
228,4924481440068619,4924483182516539,4924483201724155,0,19206971,Completed
229,4924481440073399,4924483191916398,4924483209997812,1,18080860,Completed
230,4924481440073739,4924483196422374,4924483214124281,1,17701219,Completed
231,4924481440074129,4924483201911703,4924483219850018,0,17937620,Completed
232,4924481440074459,4924483210012282,4924483226943825,1,16930910,Completed
233,4924481440074699,4924483214130011,4924483230304620,1,16173739,Completed
234,4924481440074939,4924483220028537,4924483235180083,0,15150958,Completed
235,4924481440083639,4924483226949225,4924483244681941,1,17732099,Completed
236,4924481440083979,4924483230309620,4924483249107438,1,18797151,Completed
237,4924481440084219,4924483235345312,4924483251890727,0,16544759,Completed
238,4924481440084559,4924483244687451,4924483263863207,1,19174961,Completed
239,4924481440093068,4924483249113448,4924483268719961,1,19605861,Completed
240,4924481440093448,4924483252080266,4924483270647886,0,18567020,Completed
241,4924481447140725,4924483263868327,4924483283551979,1,19682991,Completed
242,4924481447144315,4924483268725011,4924483287928296,1,19202660,Completed
243,4924481447144755,4924483270832595,4924483288893069,0,18059400,Completed
244,4924481447145315,4924483283556719,4924483302116420,1,18558770,Completed
245,4924481447145795,4924483287933876,4924483306039860,1,18104910,Completed
246,4924481447146135,4924483289092438,4924483305427435,0,16334209,Completed
247,4924481447153805,4924483302121370,4924483320960228,1,18838381,Completed
248,4924481447154045,4924483305527664,4924483322914653,0,17386080,Completed
249,4924481447161545,4924483306045750,4924483325215976,1,19169410,Completed
250,4924481447161925,4924483320964808,4924483339655408,1,18689960,Completed
251,4924481447166825,4924483323100452,4924483340589941,0,17488820,Completed
252,4924481447167255,4924483325221826,4924483344434372,1,19211801,Completed
253,4924481453629297,4924483339659697,4924483357345005,1,17684740,Completed
254,4924481453633267,4924483340791909,4924483356470541,0,15677959,Completed
255,4924481453634127,4924483344439702,4924483361406724,1,16966369,Completed
256,4924481453641127,4924483356593410,4924483373206935,0,16612869,Completed
257,4924481453654157,4924483357350475,4924483375168581,1,17817450,Completed
258,4924481453654487,4924483361413134,4924483379725826,1,18312041,Completed
259,4924481453654957,4924483373400714,4924483390341046,0,16939569,Completed
260,4924481453655237,4924483375174081,4924483394457496,1,19282611,Completed
261,4924481453662047,4924483379731076,4924483398295307,1,18563530,Completed
262,4924481453662327,4924483390542705,4924483405185015,0,14641538,Completed
263,4924481453662607,4924483394462286,4924483412384161,1,17903510,Completed
264,4924481453663337,4924483398300677,4924483412260422,1,13959098,Completed
265,4924481453663717,4924483405377443,4924483416452590,0,11074346,Completed
266,4924481459554542,4924483412265182,4924483427247609,1,14981748,Completed
267,4924481459558502,4924483412385611,4924483429698211,1,17312029,Completed
268,4924481459558912,4924483416616209,4924483432695898,0,16078689,Completed
269,4924481459559332,4924483427252869,4924483447371788,1,20118241,Completed
270,4924481459559792,4924483429703121,4924483446973281,1,17269420,Completed
271,4924481459560832,4924483432871137,4924483445766950,0,12895007,Completed
272,4924481459561232,4924483445815689,4924483459313018,0,13496638,Completed
273,4924481459561612,4924483446978661,4924483465567781,1,18572450,Completed
274,4924481459564342,4924483447374698,4924483465832649,1,18457230,Completed
275,4924481459564672,4924483459548076,4924483474355225,0,14805568,Completed
276,4924481459564942,4924483465573271,4924483481704950,1,16131119,Completed
277,4924481459565222,4924483465833689,4924483482290255,1,16456089,Completed
278,4924481465506267,4924483474566273,4924483491271128,0,16704139,Completed
279,4924481465509697,4924483481710900,4924483499523926,1,17812470,Completed
280,4924481465510087,4924483482291355,4924483496763256,1,14471359,Completed
281,4924481465510477,4924483491446667,4924483507909633,0,16462269,Completed
282,4924481465517467,4924483496767146,4924483514240315,1,17472529,Completed
283,4924481465517887,4924483499528676,4924483516535318,1,17005960,Completed
284,4924481465518227,4924483508119091,4924483528611207,0,20491081,Completed
285,4924481465518557,4924483514245985,4924483531183038,1,16936450,Completed
286,4924481465518977,4924483516540068,4924483534122906,1,17561779,Completed
287,4924481465519437,4924483528806636,4924483545684759,0,16877260,Completed
288,4924481465525147,4924483531188478,4924483548034741,1,16845709,Completed
289,4924481465525387,4924483534128016,4924483552149470,1,18020670,Completed
290,4924481465525627,4924483545874087,4924483560628576,0,14753758,Completed
291,4924481472214487,4924483548038431,4924483564482967,1,16444009,Completed
292,4924481472218077,4924483552154190,4924483569563449,1,17408580,Completed
293,4924481472218497,4924483560811645,4924483580678436,0,19866001,Completed
294,4924481472223717,4924483564486997,4924483581276391,1,16788959,Completed
295,4924481472224167,4924483569569089,4924483585857297,1,16287569,Completed
296,4924481472224537,4924483580858434,4924483599040728,0,18181510,Completed
297,4924481472224927,4924483581280821,4924483595600144,1,14318798,Completed
298,4924481472225307,4924483585860877,4924483600672275,1,14810808,Completed
299,4924481472226507,4924483595603284,4924483610068415,1,14464628,Completed
300,4924481472226887,4924483599303566,4924483613816827,0,14512378,Completed
301,4924481472227407,4924483600676065,4924483615739902,1,15063209,Completed
302,4924481472227767,4924483610072025,4924483626723890,1,16651000,Completed
303,4924481486096813,4924483614044945,4924483633266560,0,19220900,Completed
304,4924481486100163,4924483615744272,4924483632449517,1,16704699,Completed
305,4924481486108692,4924483626729160,4924483645707267,1,18977480,Completed
306,4924481486109302,4924483632455076,4924483649576728,1,17121019,Completed
307,4924481486109712,4924483633527708,4924483647229145,0,13700647,Completed
308,4924481486110222,4924483645712807,4924483659382834,1,13669398,Completed
309,4924481486110502,4924483647347895,4924483664758344,0,17409660,Completed
310,4924481486110912,4924483649582858,4924483663453394,1,13869918,Completed
311,4924481486111332,4924483659386054,4924483673159430,1,13772748,Completed
312,4924481486111642,4924483663457914,4924483676955672,1,13497238,Completed
313,4924481486112012,4924483665064211,4924483683747611,0,18682080,Completed
314,4924481486112332,4924483673162310,4924483687745531,1,14582688,Completed
315,4924481486112652,4924483676959452,4924483691145175,1,14185138,Completed
316,4924481501248839,4924483683974329,4924483702540490,0,18564660,Completed
317,4924481501253469,4924483687748841,4924483701579847,1,13830377,Completed
318,4924481501253969,4924483691149395,4924483704975201,1,13824817,Completed
319,4924481501254549,4924483701583057,4924483715165665,1,13582058,Completed
320,4924481501261759,4924483702802828,4924483720355436,0,17551790,Completed
321,4924481501262209,4924483704978751,4924483719141855,1,14145438,Completed
322,4924481501262489,4924483715168945,4924483725285299,1,10115696,Completed
323,4924481501262879,4924483719145555,4924483732359615,1,13213437,Completed
324,4924481501263149,4924483720626384,4924483739823259,0,19195871,Completed
325,4924481501263419,4924483725288639,4924483738998715,1,13709587,Completed
326,4924481501263689,4924483732362775,4924483747378413,1,15015109,Completed
327,4924481501264169,4924483739007045,4924483755623171,1,16615549,Completed
328,4924481513913153,4924483740143037,4924483757309798,0,17165789,Completed
329,4924481513916553,4924483747382373,4924483763557511,1,16174459,Completed
330,4924481513917173,4924483755626721,4924483771710630,1,16083179,Completed
331,4924481513918003,4924483757564646,4924483778762687,0,21197302,Completed
332,4924481513918713,4924483763562571,4924483779764239,1,16201159,Completed
333,4924481513919083,4924483771714000,4924483787961058,1,16246549,Completed
334,4924481513919483,4924483778956635,4924483799556650,0,20599232,Completed
335,4924481513920003,4924483779768979,4924483795577010,1,15788539,Completed
336,4924481513920283,4924483787965758,4924483803092314,1,15125899,Completed
337,4924481513920543,4924483795580730,4924483810504838,1,14923538,Completed
338,4924481513920913,4924483799864128,4924483817838773,0,17973400,Completed
339,4924481513921263,4924483803096044,4924483817642954,1,14533908,Completed
340,4924481513921533,4924483810508188,4924483825379176,1,14831498,Completed
341,4924481523322393,4924483817647074,4924483831711729,1,14063998,Completed
342,4924481523325933,4924483818200700,4924483837011569,0,18809901,Completed
343,4924481523326703,4924483825383506,4924483841034329,1,15650209,Completed
344,4924481523327253,4924483831714479,4924483846748426,1,15033398,Completed
345,4924481523328233,4924483837246827,4924483856835280,0,19587551,Completed
346,4924481523328703,4924483841037959,4924483856053636,1,14998888,Completed
347,4924481523335863,4924483846751596,4924483860941209,1,14189058,Completed
348,4924481523336383,4924483856057746,4924483870565967,1,14507658,Completed
349,4924481523341543,4924483857123068,4924483876248074,0,19124050,Completed
350,4924481523342013,4924483860944979,4924483876744780,1,15799289,Completed
351,4924481523342473,4924483870569767,4924483885942021,1,15371399,Completed
352,4924481523344793,4924483876482842,4924483896827659,0,20343861,Completed
353,4924481532719082,4924483876748490,4924483890673385,1,13924247,Completed
354,4924481532724212,4924483885945371,4924483900029155,1,14083138,Completed
355,4924481532724672,4924483890676755,4924483906104239,1,15426759,Completed
356,4924481532725442,4924483897153767,4924483916290353,0,19135921,Completed
357,4924481532725722,4924483900033475,4924483915264041,1,15214798,Completed
358,4924481532726282,4924483906108279,4924483920736859,1,14627988,Completed
359,4924481532726982,4924483915267571,4924483929776772,1,14508648,Completed
360,4924481532727372,4924483916527771,4924483934740814,0,18212360,Completed
361,4924481532727632,4924483920740759,4924483936031264,1,15289959,Completed
362,4924481532727892,4924483929780061,4924483946111969,1,16331279,Completed
363,4924481532728162,4924483934928873,4924483954846823,0,19917181,Completed
364,4924481532728422,4924483936034434,4924483952745189,1,16710159,Completed
365,4924481532728692,4924483946115409,4924483963106981,1,16990840,Completed
366,4924481532728952,4924483952747849,4924483969375694,1,16627289,Completed
367,4924481544091147,4924483955134431,4924483976443171,0,21307952,Completed
368,4924481544095247,4924483963111411,4924483979881575,1,16769599,Completed
369,4924481544095807,4924483969379004,4924483986248097,1,16850270,Completed
370,4924481544096037,4924483976671159,4924483998058128,0,21385742,Completed
371,4924481544096277,4924483979885035,4924483996358921,1,16473259,Completed
372,4924481544096517,4924483986251507,4924484002837502,1,16585429,Completed
373,4924481544096757,4924483996362451,4924484012959616,1,16596629,Completed
374,4924481544096997,4924483998325536,4924484014503545,0,16176999,Completed
375,4924481544097237,4924484002841442,4924484017751380,1,14909168,Completed
376,4924481544097687,4924484012962686,4924484029391013,1,16427739,Completed
377,4924481544097927,4924484014703273,4924484035434087,0,20730162,Completed
378,4924481544098167,4924484017755000,4924484032421610,1,14666068,Completed
379,4924481551965287,4924484029395443,4924484044296771,1,14900729,Completed
380,4924481551969287,4924484032424790,4924484048520889,1,16077269,Completed
381,4924481551969937,4924484035709105,4924484057171964,0,21461882,Completed
382,4924481551970687,4924484044300651,4924484061392962,1,17091859,Completed
383,4924481551971207,4924484048524039,4924484065575481,1,17050910,Completed
384,4924481551978237,4924484057401522,4924484078668602,0,21266142,Completed
385,4924481551978837,4924484061396622,4924484078366534,1,16969390,Completed
386,4924481551979457,4924484065580111,4924484081708819,1,16128129,Completed
387,4924481551979777,4924484078370174,4924484094794691,1,16423909,Completed
388,4924481551980227,4924484078959280,4924484099939582,0,20979552,Completed
389,4924481551980867,4924484081712189,4924484098165546,1,16452759,Completed
390,4924481551981637,4924484094798191,4924484111983942,1,17185239,Completed
391,4924481551982107,4924484098168816,4924484113254472,1,15077508,Completed
392,4924481571799138,4924484100228330,4924484121161263,0,20923301,Completed
393,4924481571802288,4924484111988402,4924484127846413,1,15857489,Completed
394,4924481571803098,4924484113256812,4924484128779586,1,15522259,Completed
395,4924481571803678,4924484121374591,4924484142009676,0,20633671,Completed
396,4924481571804028,4924484127850653,4924484143866362,1,16015149,Completed
397,4924481571804278,4924484128781996,4924484142175155,1,13392587,Completed
398,4924481571804518,4924484142188705,4924484158765850,0,16573929,Completed
399,4924481571807038,4924484142203085,4924484157107823,1,14904038,Completed
400,4924481571807438,4924484143869852,4924484158366043,1,14495208,Completed
401,4924481571807858,4924484157110963,4924484172504137,1,15392699,Completed
402,4924481571808098,4924484158369773,4924484172529097,1,13935878,Completed
403,4924481571808448,4924484159156707,4924484179127177,0,19969551,Completed
404,4924481601387106,4924484172508277,4924484186261273,1,13752368,Completed
405,4924481601390436,4924484172530117,4924484186459752,1,13929068,Completed
406,4924481601390836,4924484179320176,4924484198703060,0,19381981,Completed
407,4924481601391326,4924484186264943,4924484201487979,1,15222568,Completed
408,4924481601391776,4924484186460632,4924484200694725,1,14233568,Completed
409,4924481601392236,4924484198934518,4924484214597660,0,15662188,Completed
410,4924481601392836,4924484200699075,4924484214125254,1,13425477,Completed
411,4924481601393306,4924484201489419,4924484214052335,1,12562237,Completed
412,4924481601393696,4924484214056445,4924484228072349,1,14015248,Completed
413,4924481601394996,4924484214126874,4924484230940878,1,16813419,Completed
414,4924481601395296,4924484214929758,4924484232758924,0,17827819,Completed
415,4924481601395596,4924484228076199,4924484243686012,1,15609069,Completed
416,4924481620459252,4924484230945778,4924484250689069,1,19742711,Completed
417,4924481620462002,4924484232981672,4924484255028116,0,22045692,Completed
418,4924481620462512,4924484243690262,4924484260513665,1,16822879,Completed
419,4924481620462882,4924484250694559,4924484269225910,1,18530751,Completed
420,4924481620463452,4924484255235865,4924484277063151,0,21826552,Completed
421,4924481620463822,4924484260518105,4924484276707534,1,16188799,Completed
422,4924481620464172,4924484269230230,4924484285677886,1,16447019,Completed
423,4924481620464482,4924484276710634,4924484294576049,1,17864930,Completed
424,4924481620464722,4924484277333899,4924484297729766,0,20395172,Completed
425,4924481620464962,4924484285683136,4924484304185467,1,18501730,Completed
426,4924481620465202,4924484294582029,4924484313384238,1,18801480,Completed
427,4924481620465882,4924484297889604,4924484316442515,0,18552310,Completed
428,4924481620470452,4924484304190907,4924484321499957,1,17308460,Completed
429,4924481620470712,4924484313389468,4924484328688723,1,15298329,Completed
430,4924481625751653,4924484316630373,4924484333416087,0,16784869,Completed
431,4924481625755173,4924484321504397,4924484336934471,1,15429588,Completed
432,4924481625756003,4924484328693553,4924484345766544,1,17072199,Completed
433,4924481625756623,4924484333624596,4924484352538864,0,18913610,Completed
434,4924481625757083,4924484336939541,4924484354642148,1,17702050,Completed
435,4924481625757633,4924484345771964,4924484362671727,1,16899160,Completed
436,4924481625758033,4924484352732002,4924484372907540,0,20174481,Completed
437,4924481625758313,4924484354646818,4924484370500399,1,15833559,Completed
438,4924481625758723,4924484362675687,4924484380270405,1,17594129,Completed
439,4924481625759303,4924484370504189,4924484387419011,1,16914139,Completed
440,4924481625759673,4924484373189988,4924484390772096,0,17581209,Completed
441,4924481625760083,4924484380276225,4924484397154158,1,16877290,Completed
442,4924481625776292,4924484387423581,4924484405249837,1,17825380,Completed
443,4924481632409183,4924484391007504,4924484408480313,0,17472170,Completed
444,4924481632411333,4924484397160078,4924484415553010,1,18392470,Completed
445,4924481632411743,4924484405255437,4924484423714378,1,18458181,Completed
446,4924481632412053,4924484408735251,4924484427441161,0,18704941,Completed
447,4924481632412463,4924484415557440,4924484432452633,1,16894649,Completed
448,4924481632417442,4924484423719678,4924484442054191,1,18333720,Completed
449,4924481632418882,4924484427618169,4924484446997444,0,19378051,Completed
450,4924481632425232,4924484432456913,4924484449783653,1,17326180,Completed
451,4924481632425692,4924484442058601,4924484462283339,1,20223861,Completed
452,4924481632426032,4924484447224652,4924484465671163,0,18445420,Completed
453,4924481632426372,4924484449787783,4924484466193459,1,16405159,Completed
454,4924481632426722,4924484462288489,4924484480855059,1,18565970,Completed
455,4924481643764317,4924484465861172,4924484485577654,0,19715671,Completed
456,4924481643767937,4924484466198839,4924484483222351,1,17022910,Completed
457,4924481643768297,4924484480859749,4924484499835646,1,18975341,Completed
458,4924481643768767,4924484483225601,4924484502114449,1,18888120,Completed
459,4924481643769107,4924484485840452,4924484501193936,0,15352279,Completed
460,4924481643769567,4924484499840716,4924484519034462,1,19192791,Completed
461,4924481643769897,4924484501314135,4924484520856138,0,19541061,Completed
462,4924481643770127,4924484502119419,4924484521439844,1,19319711,Completed
463,4924481643770497,4924484519039762,4924484539202070,1,20161751,Completed
464,4924481643770827,4924484521066397,4924484543032152,0,21965092,Completed
465,4924481643771057,4924484521445064,4924484541530923,1,20085221,Completed
466,4924481643771497,4924484539208660,4924484558485126,1,19275810,Completed
467,4924481643771727,4924484541536873,4924484560834688,1,19297211,Completed
468,4924481653230256,4924484543317149,4924484565444543,0,22119082,Completed
469,4924481653233876,4924484558490305,4924484576981537,1,18490601,Completed
470,4924481653234186,4924484560838858,4924484579690866,1,18851420,Completed
471,4924481653235046,4924484565615752,4924484585957369,0,20340762,Completed
472,4924481653240376,4924484576986996,4924484593165555,1,16169439,Completed
473,4924481653240666,4924484579695866,4924484597938819,1,18232670,Completed
474,4924481653241196,4924484586187537,4924484606470415,0,20274351,Completed
475,4924481653241696,4924484593170115,4924484610367966,1,17197199,Completed
476,4924481653242186,4924484597944079,4924484618067928,1,20107592,Completed
477,4924481653242616,4924484606698913,4924484626400105,0,19700181,Completed
478,4924481653243066,4924484610371966,4924484628477809,1,18089450,Completed
479,4924481653243346,4924484618073008,4924484636655838,1,18582200,Completed
480,4924481653245766,4924484626630973,4924484650745922,0,24113994,Completed
481,4924481660689640,4924484628482039,4924484644207211,1,15724629,Completed
482,4924481660693130,4924484636661268,4924484656060452,1,19398381,Completed
483,4924481660693510,4924484644210631,4924484661710810,1,17499650,Completed
484,4924481660708690,4924484651067510,4924484673444301,0,22375942,Completed
485,4924481660709130,4924484656066382,4924484675519306,1,19452280,Completed
486,4924481660709620,4924484661714120,4924484678687882,1,16957039,Completed
487,4924481660709980,4924484673610630,4924484693410461,0,19799211,Completed
488,4924481660710360,4924484675524586,4924484694062606,1,18520851,Completed
489,4924481660710630,4924484678691792,4924484695808893,1,17116530,Completed
490,4924481660711370,4924484693598570,4924484712727596,0,19128140,Completed
491,4924481660711970,4924484694067416,4924484713965787,1,19897691,Completed
492,4924481660712430,4924484695812473,4924484711919512,1,16106399,Completed
493,4924481660712700,4924484711923082,4924484729311842,1,17388289,Completed
494,4924481669303755,4924484713055784,4924484729252162,0,16195629,Completed
495,4924481669307265,4924484713971597,4924484731835693,1,17863320,Completed
496,4924481669307565,4924484729315511,4924484745645579,1,16329369,Completed
497,4924481669308185,4924484729474190,4924484748428998,0,18953641,Completed
498,4924481669308595,4924484731840972,4924484751100368,1,19258610,Completed
499,4924481669315405,4924484745650939,4924484763381135,1,17729630,Completed
500,4924481669315725,4924484748661566,4924484766863379,0,18200770,Completed
501,4924481669316165,4924484751105018,4924484769883336,1,18777731,Completed
502,4924481669316555,4924484763384975,4924484781276701,1,17890860,Completed
503,4924481669323675,4924484767093427,4924484786379972,0,19285651,Completed
504,4924481669324005,4924484769889126,4924484790751330,1,20861552,Completed
505,4924481669324315,4924484781280571,4924484798741220,1,17460070,Completed
506,4924481678152069,4924484786633281,4924484804753485,0,18119290,Completed
507,4924481678165939,4924484790756110,4924484809907216,1,19133980,Completed
508,4924481678166429,4924484798745170,4924484814278973,1,15533259,Completed
509,4924481678166999,4924484805013933,4924484822824849,0,17810200,Completed
510,4924481678167569,4924484809913066,4924484826879208,1,16949040,Completed
511,4924481678168199,4924484814283623,4924484831052937,1,16732979,Completed
512,4924481678173638,4924484823044407,4924484842081184,0,19036151,Completed
513,4924481678196148,4924484826884518,4924484843379184,1,16493769,Completed
514,4924481678196488,4924484831057627,4924484841985165,1,10926846,Completed
515,4924481678196968,4924484841988225,4924484859030986,1,17042149,Completed
516,4924481678197358,4924484842388332,4924484860577975,0,18188620,Completed
517,4924481678197788,4924484843383844,4924484862408641,1,19024020,Completed
518,4924481678208398,4924484859035326,4924484878187302,1,19129881,Completed
519,4924481689671612,4924484860823673,4924484881242059,0,20417242,Completed
520,4924481689674912,4924484862413661,4924484882974137,1,20559672,Completed
521,4924481689675602,4924484878192222,4924484895945059,1,17752100,Completed
522,4924481689676302,4924484881480528,4924484901922744,0,20441291,Completed
523,4924481689677162,4924484882979346,4924484902469070,1,19489031,Completed
524,4924481689677842,4924484895950079,4924484913577706,1,17627050,Completed
525,4924481689678682,4924484902165532,4924484923814460,0,21648042,Completed
526,4924481689679222,4924484902475750,4924484916465715,1,13989287,Completed
527,4924481689688822,4924484913581196,4924484929210529,1,15628788,Completed
528,4924481689689312,4924484916469125,4924484933233329,1,16763590,Completed
529,4924481689689702,4924484924099967,4924484944096777,0,19995851,Completed
530,4924481689690002,4924484929214239,4924484948982060,1,19767211,Completed
531,4924481702389136,4924484933237689,4924484951550101,1,18311630,Completed
532,4924481702391816,4924484944326685,4924484963651920,0,19324301,Completed
533,4924481702392236,4924484948986790,4924484964253506,1,15266069,Completed
534,4924481702392526,4924484951553761,4924484972045657,1,20491281,Completed
535,4924481702393016,4924484963849299,4924484982080442,0,18230140,Completed
536,4924481702393386,4924484964258786,4924484982994105,1,18734480,Completed
537,4924481702395476,4924484972052497,4924484990896915,1,18843771,Completed
538,4924481702396016,4924484982296620,4924485002872885,0,20575601,Completed
539,4924481702396476,4924484982999715,4924485000094806,1,17068930,Completed
540,4924481702396956,4924484990901975,4924485004519453,1,13604477,Completed
541,4924481702397256,4924485000100136,4924485014732566,1,14631778,Completed
542,4924481702397546,4924485003169393,4924485020504043,0,17333829,Completed
543,4924481715668537,4924485004523943,4924485022174140,1,17649430,Completed
544,4924481715678727,4924485014737456,4924485028453553,1,13715448,Completed
545,4924481715679886,4924485020740021,4924485035512800,0,14771779,Completed
546,4924481715680326,4924485022179230,4924485039533520,1,17353600,Completed
547,4924481715681066,4924485028458983,4924485044829060,1,16369509,Completed
548,4924481715681736,4924485035730778,4924485052892399,0,17160679,Completed
549,4924481715683596,4924485039538960,4924485056585991,1,17046419,Completed
550,4924481715684286,4924485044832660,4924485059103293,1,14269968,Completed
551,4924481715685036,4924485053158217,4924485072747030,0,19587591,Completed
552,4924481715685616,4924485056591371,4924485067779767,1,11187696,Completed
553,4924481715685986,4924485059106593,4924485070700525,1,11593236,Completed
554,4924481715686756,4924485067784587,4924485083639918,1,15854609,Completed
555,4924481715687376,4924485070704345,4924485085476444,1,14771548,Completed
556,4924481721313134,4924485073107677,4924485089063327,0,15954349,Completed
557,4924481721317454,4924485083645178,4924485099517699,1,15871849,Completed
558,4924481721318184,4924485085479584,4924485101364065,1,15883889,Completed
559,4924481721319024,4924485089269776,4924485105272636,0,16001879,Completed
560,4924481721320114,4924485099522959,4924485114087069,1,14563498,Completed
561,4924481721320584,4924485101366935,4924485114730165,1,13362668,Completed
562,4924481721320984,4924485105524794,4924485122244218,0,16718420,Completed
563,4924481721321524,4924485114091889,4924485129854161,1,15753259,Completed
564,4924481721321904,4924485114731325,4924485129786241,1,14820998,Completed
565,4924481721322584,4924485122466906,4924485143257090,0,20781251,Completed
566,4924481721323154,4924485129790301,4924485146118839,1,16327799,Completed
567,4924481721323724,4924485129855091,4924485146117379,1,16261829,Completed
568,4924481721324104,4924485143500838,4924485164536530,0,21034761,Completed
569,4924481728076983,4924485146122999,4924485160455131,1,14331568,Completed
570,4924481728080563,4924485146120459,4924485159685107,1,13563668,Completed
571,4924481728081663,4924485159687956,4924485172601589,1,12913067,Completed
572,4924481728094753,4924485160457031,4924485173079056,1,12621457,Completed
573,4924481728095383,4924485164988907,4924485179845775,0,14855349,Completed
574,4924481728096113,4924485172605679,4924485185710241,1,13104017,Completed
575,4924481728097103,4924485173079736,4924485184633779,1,11553486,Completed
576,4924481728101953,4924485180071223,4924485196265942,0,16194029,Completed
577,4924481728102413,4924485184636669,4924485199130820,1,14493628,Completed
578,4924481728103053,4924485185712091,4924485201217984,1,15505349,Completed
579,4924481728103573,4924485196482020,4924485214523584,0,18040550,Completed
580,4924481728103923,4924485199134210,4924485212418130,1,13283328,Completed
581,4924481734614864,4924485201220844,4924485215513657,1,14292138,Completed
582,4924481734618374,4924485212422180,4924485225750650,1,13327927,Completed
583,4924481734619194,4924485214843922,4924485230404175,0,15559279,Completed
584,4924481734620284,4924485215517297,4924485228731188,1,13213347,Completed
585,4924481734621314,4924485225754070,4924485239040020,1,13284938,Completed
586,4924481734621794,4924485228735478,4924485242406125,1,13670107,Completed
587,4924481734622194,4924485230655653,4924485248660678,0,18004230,Completed
588,4924481734622574,4924485239043640,4924485253091525,1,14047317,Completed
589,4924481734622944,4924485242409025,4924485256726997,1,14317158,Completed
590,4924481734623304,4924485248894926,4924485266192296,0,17296540,Completed
591,4924481734629384,4924485253095484,4924485269647850,1,16551760,Completed
592,4924481734629744,4924485256729537,4924485272323340,1,15593189,Completed
593,4924481734630014,4924485266387965,4924485284625727,0,18236930,Completed
594,4924481743663386,4924485269653640,4924485288188881,1,18534550,Completed
595,4924481743667196,4924485272328810,4924485290031757,1,17702300,Completed
596,4924481743667836,4924485284837596,4924485301730919,0,16892609,Completed
597,4924481743668396,4924485288193861,4924485304641557,1,16446869,Completed
598,4924481743668796,4924485290037257,4924485307330687,1,17292740,Completed
599,4924481743671156,4924485301917477,4924485318622262,0,16704109,Completed
600,4924481743671456,4924485304646037,4924485320541988,1,15895499,Completed
601,4924481743671856,4924485307334927,4924485324688846,1,17353309,Completed
602,4924481743672256,4924485318802461,4924485331501055,0,12697787,Completed
603,4924481743672956,4924485320545387,4924485335177257,1,14631318,Completed
604,4924481743673256,4924485324692776,4924485341743288,1,17049840,Completed
605,4924481743673676,4924485331692334,4924485348207140,0,16514159,Completed
606,4924481743673976,4924485335182137,4924485350746220,1,15563529,Completed
607,4924481752080953,4924485341747938,4924485357384881,1,15636088,Completed
608,4924481752085983,4924485348421788,4924485365858557,0,17435470,Completed
609,4924481752086483,4924485350750900,4924485364610146,1,13858617,Completed
610,4924481752087123,4924485357389651,4924485370603331,1,13212998,Completed
611,4924481752087543,4924485364614796,4924485377915516,1,13300148,Completed
612,4924481752087893,4924485366148485,4924485380816974,0,14667338,Completed
613,4924481752088133,4924485370608301,4924485385985146,1,15376368,Completed
614,4924481752088373,4924485377919946,4924485394560551,1,16640059,Completed
615,4924481752088603,4924485381024273,4924485401358080,0,20332952,Completed
616,4924481752091393,4924485385989065,4924485402772569,1,16782860,Completed
617,4924481752091703,4924485394564991,4924485411103617,1,16538109,Completed
618,4924481752092023,4924485401573988,4924485421773367,0,20198601,Completed
619,4924481762490165,4924485402776619,4924485418333452,1,15556298,Completed
620,4924481762494714,4924485411107777,4924485428324707,1,17216000,Completed
621,4924481762495454,4924485418337022,4924485434302372,1,15964449,Completed
622,4924481762495994,4924485422039765,4924485439863861,0,17823290,Completed
623,4924481762496404,4924485428330947,4924485445676017,1,17344539,Completed
624,4924481762497104,4924485434307372,4924485452800843,1,18492290,Completed
625,4924481762497434,4924485440089289,4924485455750801,0,15660349,Completed
626,4924481762497734,4924485445680787,4924485462233492,1,16552160,Completed
627,4924481762498014,4924485452805283,4924485468775183,1,15969169,Completed
628,4924481762498614,4924485455931130,4924485474997427,0,19065601,Completed
629,4924481762498894,4924485462238602,4924485479017916,1,16778779,Completed
630,4924481762499204,4924485468780643,4924485483720961,1,14939579,Completed
631,4924481773100785,4924485475230685,4924485495560672,0,20329221,Completed
632,4924481773105615,4924485479022576,4924485493860135,1,14836958,Completed
633,4924481773106265,4924485483723701,4924485500104448,1,16380229,Completed
634,4924481773106555,4924485493863405,4924485510277331,1,16404559,Completed
635,4924481773107405,4924485495834850,4924485516681353,0,20845582,Completed
636,4924481773107955,4924485500108938,4924485516255466,1,16146009,Completed
637,4924481773108275,4924485510281661,4924485525806175,1,15523919,Completed
638,4924481773108595,4924485516259256,4924485531031285,1,14771408,Completed
639,4924481773109245,4924485516980101,4924485538137302,0,21155982,Completed
640,4924481773117225,4924485525810875,4924485541847204,1,16035749,Completed
641,4924481773117815,4924485531034695,4924485540998591,1,9963315,Completed
642,4924481773118125,4924485538350410,4924485553246209,0,14895108,Completed
643,4924481773118435,4924485541009420,4924485556971310,1,15961329,Completed
644,4924481773118765,4924485541849234,4924485554440320,1,12590527,Completed
645,4924481792750347,4924485553480237,4924485571474431,0,17993320,Completed
646,4924481792754467,4924485554445219,4924485569085489,1,14639718,Completed
647,4924481792754927,4924485556974040,4924485571916118,1,14941559,Completed
648,4924481792755407,4924485569089529,4924485583147254,1,14057138,Completed
649,4924481792764357,4924485571774269,4924485593785774,0,22010553,Completed
650,4924481792767157,4924485571920178,4924485587862038,1,15941348,Completed
651,4924481792767667,4924485583151764,4924485599545530,1,16393129,Completed
652,4924481792768277,4924485587865838,4924485603580590,1,15714249,Completed
653,4924481792768947,4924485594054132,4924485615600980,0,21545822,Completed
654,4924481792769327,4924485599550080,4924485616067776,1,16516939,Completed
655,4924481792769897,4924485603584460,4924485619687549,1,16102369,Completed
656,4924481792770427,4924485615779028,4924485636800810,0,21021152,Completed
657,4924481792770907,4924485616072616,4924485632721451,1,16648179,Completed
658,4924481818982370,4924485619693599,4924485636161915,1,16467629,Completed
659,4924481818986360,4924485632726251,4924485648843830,1,16116899,Completed
660,4924481818987120,4924485636166155,4924485652924379,1,16757460,Completed
661,4924481818987600,4924485637161678,4924485658773785,0,21611492,Completed
662,4924481818988410,4924485648847730,4924485665625134,1,16776530,Completed
663,4924481818989040,4924485652927919,4924485669566294,1,16637679,Completed
664,4924481818989330,4924485658981724,4924485680051315,0,21068722,Completed
665,4924481818989920,4924485665630114,4924485682156480,1,16525729,Completed
666,4924481818990310,4924485669569324,4924485685808582,1,16238569,Completed
667,4924481818990690,4924485680259354,4924485699097232,0,18836970,Completed
668,4924481818991050,4924485682160230,4924485697099647,1,14938718,Completed
669,4924481818991430,4924485685810932,4924485702499277,1,16687789,Completed
670,4924481839178938,4924485697102867,4924485713198346,1,16075189,Completed
671,4924481839181808,4924485699363490,4924485720146424,0,20781842,Completed
672,4924481839186208,4924485702502247,4924485719066252,1,16563419,Completed
673,4924481839186638,4924485713203676,4924485729189346,1,15985019,Completed
674,4924481839186878,4924485719068892,4924485733729722,1,14660318,Completed
675,4924481839187208,4924485720428902,4924485741448984,0,21019302,Completed
676,4924481839187448,4924485729195866,4924485743353640,1,14157328,Completed
677,4924481839187778,4924485733733982,4924485747164461,1,13429928,Completed
678,4924481839188148,4924485741631413,4924485763420719,0,21788682,Completed
679,4924481839188578,4924485743357650,4924485759674177,1,16315989,Completed
680,4924481839188828,4924485747167861,4924485763838656,1,16670279,Completed
681,4924481839189058,4924485759677647,4924485774049459,1,14355268,Completed
682,4924481839189298,4924485763686657,4924485785181515,0,21494052,Completed
683,4924481852937485,4924485763843146,4924485780748609,1,16904830,Completed
684,4924481852940685,4924485774052669,4924485791285109,1,17231869,Completed
685,4924481852941415,4924485780751479,4924485797589492,1,16836929,Completed
686,4924481852941735,4924485785480753,4924485807015741,0,21534232,Completed
687,4924481852942425,4924485791289399,4924485808293731,1,17003900,Completed
688,4924481852942765,4924485797593162,4924485813568992,1,15975159,Completed
689,4924481852943115,4924485807243539,4924485829519732,0,22275113,Completed
690,4924481852943355,4924485808297091,4924485825081425,1,16748849,Completed
691,4924481852943595,4924485813572572,4924485829522402,1,15935509,Completed
692,4924481852943825,4924485825086135,4924485841657911,1,16571099,Completed
693,4924481852944065,4924485829527322,4924485845814820,1,16286799,Completed
694,4924481852944305,4924485829894069,4924485851318368,0,21423252,Completed
695,4924481864715496,4924485841662081,4924485858381335,1,16718810,Completed
696,4924481864718996,4924485845818410,4924485857429102,1,11610046,Completed
697,4924481864719516,4924485851539476,4924485869793329,0,18252900,Completed
698,4924481864720106,4924485857432672,4924485870905401,1,13472148,Completed
699,4924481864722636,4924485858383465,4924485872611198,1,14227198,Completed
700,4924481864723216,4924485870020628,4924485888074492,0,18053010,Completed
701,4924481864723986,4924485870908891,4924485885610380,1,14700958,Completed
702,4924481864724706,4924485872614658,4924485885310873,1,12695557,Completed
703,4924481864725106,4924485885314463,4924485899749624,1,14417528,Completed
704,4924481864729426,4924485885611210,4924485901790499,1,16178619,Completed
705,4924481864730016,4924485888466109,4924485908617957,0,20150532,Completed
706,4924481864730416,4924485899753604,4924485914422154,1,14668028,Completed
707,4924481884327579,4924485901794459,4924485919660204,1,17865120,Completed
708,4924481884330849,4924485908832656,4924485927509066,0,18675520,Completed
709,4924481884333349,4924485914426164,4924485930615442,1,16188719,Completed
710,4924481884333699,4924485919663774,4924485933100533,1,13436187,Completed
711,4924481884334379,4924485927680684,4924485944087901,0,16406419,Completed
712,4924481884334619,4924485930620262,4924485945462001,1,14841088,Completed
713,4924481884334859,4924485933104163,4924485949556720,1,16452029,Completed
714,4924481884335259,4924485944316739,4924485963947412,0,19629701,Completed
715,4924481884335589,4924485945466311,4924485959612054,1,14145208,Completed
716,4924481884336089,4924485949559690,4924485964194570,1,14615369,Completed
717,4924481884336429,4924485959615374,4924485973574649,1,13958738,Completed
718,4924481884336669,4924485964199150,4924485978083725,1,13883507,Completed
719,4924481884336909,4924485964327999,4924485978802240,0,14473148,Completed
720,4924481903441425,4924485973579339,4924485985350481,1,11770686,Completed
721,4924481903445585,4924485978088265,4924485991960371,1,13871378,Completed
722,4924481903445955,4924485979036188,4924485993713108,0,14676118,Completed
723,4924481903446335,4924485985354691,4924485997223301,1,11868057,Completed
724,4924481903446615,4924485991963281,4924485999702423,1,7738544,Completed
725,4924481903447335,4924485993910076,4924486006322453,0,12411567,Completed
726,4924481903447975,4924485997226541,4924486007154377,1,9927285,Completed
727,4924481903448455,4924485999705573,4924486014387823,1,14681698,Completed
728,4924481903448865,4924486006542932,4924486021188051,0,14644148,Completed
729,4924481903449305,4924486007157437,4924486019141767,1,11983787,Completed
730,4924481903449575,4924486014391333,4924486027029998,1,12624377,Completed
731,4924481903449865,4924486019145207,4924486031069407,1,11923647,Completed
732,4924481954649100,4924486021445139,4924486038949268,0,17503080,Completed
733,4924481954652330,4924486027033828,4924486040890173,1,13855808,Completed
734,4924481954652780,4924486031073117,4924486045357220,1,14283498,Completed
735,4924481954653310,4924486039183556,4924486053924315,0,14739728,Completed
736,4924481954655470,4924486040894293,4924486052409177,1,11514327,Completed
737,4924481954655900,4924486045361370,4924486056782224,1,11420166,Completed
738,4924481954656310,4924486052412737,4924486065793906,1,13380577,Completed
739,4924481954656800,4924486054239563,4924486071175236,0,16934739,Completed
740,4924481954657210,4924486056786514,4924486071664302,1,14877258,Completed
741,4924481954657780,4924486065797166,4924486078832078,1,13034267,Completed
742,4924481954658090,4924486071377814,4924486085797376,0,14418728,Completed
743,4924481954658400,4924486071667922,4924486081639757,1,9971246,Completed
744,4924481992865962,4924486078834868,4924486092316607,1,13467678,Completed
745,4924481992869232,4924486081644067,4924486094158923,1,12514067,Completed
746,4924481992870292,4924486086041534,4924486102853968,0,16811660,Completed
747,4924481992870862,4924486092319987,4924486105176490,1,12855907,Completed
748,4924481992871482,4924486094162353,4924486107944809,1,13781807,Completed
749,4924481992873812,4924486103061826,4924486117216600,0,14154008,Completed
750,4924481992874342,4924486105180060,4924486114546320,1,9365695,Completed
751,4924481992874902,4924486107947939,4924486124449275,1,16500510,Completed
752,4924481992875552,4924486114549000,4924486128669994,1,14120428,Completed
753,4924481992876282,4924486117510407,4924486134878777,0,17367619,Completed
754,4924481992877622,4924486124454155,4924486135656701,1,11201966,Completed
755,4924481992878212,4924486128674084,4924486142818537,1,14143778,Completed
756,4924481992878672,4924486135066766,4924486152408845,0,17332310,Completed
757,4924482024902142,4924486135660831,4924486150186682,1,14268128,Completed
758,4924482024904482,4924486142822297,4924486156369645,1,13534807,Completed
759,4924482024905262,4924486150190582,4924486165387638,1,15196448,Completed
760,4924482024905762,4924486152595924,4924486172281816,0,19685161,Completed
761,4924482024906092,4924486156373195,4924486172126057,1,15752399,Completed
762,4924482024906392,4924486165391998,4924486179820299,1,14427738,Completed
763,4924482024906682,4924486172129187,4924486187966078,1,15836279,Completed
764,4924482024906982,4924486172552324,4924486191998378,0,19444881,Completed
765,4924482024907282,4924486179824899,4924486196302995,1,16477329,Completed
766,4924482024907672,4924486187969588,4924486204524354,1,16554239,Completed
767,4924482024907972,4924486192239606,4924486213570465,0,21330072,Completed
768,4924482024912452,4924486196307655,4924486212649442,1,16341320,Completed
769,4924482024914732,4924486204529634,4924486220678632,1,16148249,Completed
770,4924482041742885,4924486212653632,4924486229314427,1,16660249,Completed
771,4924482041744345,4924486213846743,4924486233965652,0,20117971,Completed
772,4924482041745025,4924486220682422,4924486236865530,1,16182549,Completed
773,4924482041745415,4924486229318727,4924486245932592,1,16613309,Completed
774,4924482041745655,4924486234207100,4924486258015991,0,23807893,Completed
775,4924482041746075,4924486236869870,4924486253478166,1,16607879,Completed
776,4924482041746415,4924486245936372,4924486264365894,1,18428580,Completed
777,4924482041746815,4924486253481156,4924486270621607,1,17139870,Completed
778,4924482041747165,4924486258335279,4924486279923277,0,21586732,Completed
779,4924482041747405,4924486264371014,4924486280199715,1,15828079,Completed
780,4924482041747885,4924486270625237,4924486288153255,1,17527070,Completed
781,4924482041748205,4924486280139515,4924486299680488,0,19540211,Completed
782,4924482059073645,4924486280205165,4924486299405550,1,19199821,Completed
783,4924482059075495,4924486288157465,4924486305909251,1,17751209,Completed
784,4924482059076025,4924486299411270,4924486319396170,1,19984301,Completed
785,4924482059076405,4924486299943136,4924486322419187,0,22469173,Completed
786,4924482059076785,4924486305913151,4924486322594926,1,16681160,Completed
787,4924482059077205,4924486319401120,4924486331007033,1,11598226,Completed
788,4924482059077495,4924486322598256,4924486335371380,0,12766057,Completed
789,4924482059077795,4924486322624246,4924486333647863,1,11022616,Completed
790,4924482059078095,4924486331012093,4924486340402542,1,9389696,Completed
791,4924482059078395,4924486333651873,4924486343918506,1,10265906,Completed
792,4924482059078795,4924486335642888,4924486347143932,0,11499836,Completed
793,4924482059079095,4924486340407062,4924486350503246,1,10081605,Completed
794,4924482059079385,4924486343923696,4924486354623335,1,10698795,Completed
795,4924482059079685,4924486347341630,4924486360008345,0,12665567,Completed
796,4924482064360285,4924486350508476,4924486359609428,1,9100235,Completed
797,4924482064360895,4924486354628275,4924486364790559,1,10161376,Completed
798,4924482064361185,4924486359614638,4924486370013020,1,10397466,Completed
799,4924482064365915,4924486360319953,4924486369804501,0,9483365,Completed
800,4924482064367465,4924486364796169,4924486375320260,1,10523316,Completed
801,4924482064368055,4924486369881471,4924486379418809,0,9536595,Completed
802,4924482064368435,4924486370018780,4924486380504541,1,10484886,Completed
803,4924482064368795,4924486375325370,4924486385229965,1,9903875,Completed
804,4924482064369155,4924486379573758,4924486389354074,0,9778996,Completed
805,4924482064369535,4924486380510771,4924486391108181,1,10596556,Completed
806,4924482064369835,4924486385235095,4924486395170121,1,9934266,Completed
807,4924482064370135,4924486389509433,4924486398425816,0,8915545,Completed
808,4924482064370435,4924486391112871,4924486401780841,1,10667206,Completed
809,4924482069379617,4924486395175321,4924486405063066,1,9886995,Completed
810,4924482069381077,4924486398600325,4924486408833118,0,10231876,Completed
811,4924482069381967,4924486401786231,4924486412478231,1,10670256,Completed
812,4924482069382577,4924486405068116,4924486414116958,1,9048196,Completed
813,4924482069383007,4924486409026506,4924486418978072,0,9950825,Completed
814,4924482069383367,4924486412482950,4924486422219147,1,9735615,Completed
815,4924482069383657,4924486414119738,4924486422987741,1,8867334,Completed
816,4924482069383957,4924486419182210,4924486429854560,0,10671316,Completed
817,4924482069384347,4924486422224897,4924486432516440,1,10290836,Completed
818,4924482069384657,4924486422990601,4924486432855617,1,9864526,Completed
819,4924482069384947,4924486430047239,4924486440103553,0,10055346,Completed
820,4924482069385587,4924486432522120,4924486442780483,1,10257575,Completed
821,4924482087198673,4924486432856647,4924486453239994,1,20382811,Completed
822,4924482087200763,4924486440289771,4924486462535044,0,22244272,Completed
823,4924482087201413,4924486442785543,4924486456849637,1,14063508,Completed
824,4924482087201713,4924486453245254,4924486466847972,1,13602118,Completed
825,4924482087202003,4924486456854457,4924486471321468,1,14466428,Completed
826,4924482087202303,4924486462846962,4924486481132885,0,18284900,Completed
827,4924482087202833,4924486466851732,4924486481646041,1,14793768,Completed
828,4924482087205773,4924486471324568,4924486482181887,1,10856386,Completed
829,4924482087206213,4924486481372123,4924486498882401,0,17509540,Completed
830,4924482087206603,4924486481650881,4924486497391802,1,15740299,Completed
831,4924482087207153,4924486482183547,4924486497487482,1,15303399,Completed
832,4924482087208423,4924486497395542,4924486511308648,1,13912558,Completed
833,4924482087208943,4924486497488812,4924486507293168,1,9803805,Completed
834,4924482115870378,4924486499221909,4924486515437387,0,16214259,Completed
835,4924482115870958,4924486507297478,4924486518081877,1,10783886,Completed
836,4924482115871248,4924486511313388,4924486526097507,1,14783508,Completed
837,4924482115871538,4924486515649985,4924486535078719,0,19427931,Completed
838,4924482115871828,4924486518086207,4924486532618278,1,14531518,Completed
839,4924482115872118,4924486526101147,4924486539334857,1,13233067,Completed
840,4924482115872508,4924486532621948,4924486544720747,1,12098247,Completed
841,4924482115872798,4924486535359037,4924486548171391,0,12811477,Completed
842,4924482115873088,4924486539339437,4924486551572105,1,12232117,Completed
843,4924482115873378,4924486544724107,4924486556023172,1,11298296,Completed
844,4924482115873668,4924486548360759,4924486565171233,0,16809479,Completed
845,4924482115873968,4924486551575485,4924486567547225,1,15971149,Completed
846,4924482140222595,4924486556026752,4924486572116301,1,16088859,Completed
847,4924482140225875,4924486565398431,4924486581218282,0,15819008,Completed
848,4924482140226345,4924486567550675,4924486582495343,1,14944048,Completed
849,4924482140228305,4924486572120371,4924486583134308,1,11013336,Completed
850,4924482140228695,4924486581431291,4924486597946247,0,16514020,Completed
851,4924482140229395,4924486582498033,4924486595958692,1,13459768,Completed
852,4924482140229855,4924486583135228,4924486594946429,1,11810647,Completed
853,4924482140230145,4924486594949429,4924486608945514,1,13995628,Completed
854,4924482140230425,4924486595961082,4924486611305776,1,15326608,Completed
855,4924482140230715,4924486598328424,4924486616847715,0,18518390,Completed
856,4924482140231005,4924486608949274,4924486624376488,1,15426668,Completed
857,4924482140231385,4924486611308626,4924486624562437,1,13253247,Completed
858,4924482160798060,4924486617056023,4924486633452500,0,16395749,Completed
859,4924482160802010,4924486624379788,4924486635191827,1,10811456,Completed
860,4924482160802590,4924486624563177,4924486633239771,1,8675945,Completed
861,4924482160803210,4924486633242891,4924486646303853,1,13060298,Completed
862,4924482160803730,4924486633720828,4924486649374330,0,15652718,Completed
863,4924482160811270,4924486635195347,4924486649021673,1,13825728,Completed
864,4924482160814260,4924486646306533,4924486660351208,1,14044027,Completed
865,4924482160814970,4924486649024813,4924486658912348,1,9886926,Completed
866,4924482160815610,4924486649678558,4924486667850621,0,18171080,Completed
867,4924482160816240,4924486658916028,4924486669914806,1,10981686,Completed
868,4924482160816900,4924486660353418,4924486670567791,1,10201976,Completed
869,4924482160817500,4924486668067110,4924486682514811,0,14446818,Completed
870,4924482160817970,4924486669918406,4924486682490431,1,12571387,Completed
871,4924482182184659,4924486670569091,4924486683907321,1,13337667,Completed
872,4924482182187879,4924486682494681,4924486697630138,1,15134748,Completed
873,4924482182188329,4924486682748769,4924486700927453,0,18177920,Completed
874,4924482182188839,4924486683909421,4924486698375632,1,14465668,Completed
875,4924482182189449,4924486697633998,4924486710718529,1,13083947,Completed
876,4924482182189799,4924486698376922,4924486710198743,1,11821287,Completed
877,4924482182190139,4924486701213461,4924486720816313,0,19601891,Completed
878,4924482182190569,4924486710201973,4924486724115288,1,13912778,Completed
879,4924482182190989,4924486710720039,4924486727137246,1,16416539,Completed
880,4924482182191329,4924486721075271,4924486739259305,0,18183130,Completed
881,4924482182191859,4924486724119728,4924486737336449,1,13215977,Completed
882,4924482182192189,4924486727142026,4924486739015947,1,11873217,Completed
883,4924482190553186,4924486737339869,4924486749716566,1,12376127,Completed
884,4924482190557006,4924486739018907,4924486751778591,1,12759037,Completed
885,4924482190557616,4924486739611672,4924486758256692,0,18644301,Completed
886,4924482190558376,4924486749720036,4924486763679901,1,13959258,Completed
887,4924482190581246,4924486751781701,4924486764781513,1,12999107,Completed
888,4924482190581956,4924486758457610,4924486775101285,0,16642719,Completed
889,4924482190582266,4924486763682981,4924486778566269,1,14882798,Completed
890,4924482190582636,4924486764784573,4924486779881499,1,15096199,Completed
891,4924482190583216,4924486775307484,4924486793278149,0,17969970,Completed
892,4924482190583506,4924486778569829,4924486789726515,1,11143886,Completed
893,4924482190590046,4924486779884709,4924486792799002,1,12913647,Completed
894,4924482190590376,4924486789731365,4924486801404088,1,11672117,Completed
895,4924482190590676,4924486792802732,4924486805210249,1,12406757,Completed
896,4924482203636648,4924486793622726,4924486814650718,0,21027372,Completed
897,4924482203641328,4924486801407538,4924486816290046,1,14881968,Completed
898,4924482203641828,4924486805213729,4924486820403555,1,15152368,Completed
899,4924482203646888,4924486814863616,4924486833473247,0,18608711,Completed
900,4924482203647538,4924486816293506,4924486832584313,1,16290049,Completed
901,4924482203648148,4924486820408145,4924486836502074,1,16093319,Completed
902,4924482203648678,4924486832587283,4924486848620663,1,16032889,Completed
903,4924482203649308,4924486833772504,4924486853401337,0,19628021,Completed
904,4924482203649808,4924486836506504,4924486852692222,1,16185189,Completed
905,4924482203650148,4924486848623493,4924486862793856,1,14169818,Completed
906,4924482203650738,4924486852695422,4924486866843696,1,14128478,Completed
907,4924482203651078,4924486853691395,4924486872865561,0,19173160,Completed
908,4924482216879648,4924486862797236,4924486879227983,1,16430289,Completed
909,4924482216883618,4924486866847166,4924486883564860,1,16717099,Completed
910,4924482216884228,4924486873075449,4924486893250297,0,20174041,Completed
911,4924482216884618,4924486879231193,4924486895674669,1,16442969,Completed
912,4924482216884898,4924486883568280,4924486899866188,1,16297219,Completed
913,4924482216885388,4924486893468776,4924486914369519,0,20899701,Completed
914,4924482216885678,4924486895677709,4924486910785316,1,15107098,Completed
915,4924482216885958,4924486899869418,4924486914270889,1,14400878,Completed
916,4924482216886468,4924486910788206,4924486926381558,1,15581549,Completed
917,4924482216886758,4924486914274789,4924486930264319,1,15976509,Completed
918,4924482216887208,4924486914755926,4924486936085425,0,21328492,Completed
919,4924482216894448,4924486926385138,4924486941804242,1,15418549,Completed
920,4924482238468756,4924486930267659,4924486947040273,1,16772060,Completed
921,4924482238471776,4924486936279654,4924486958770765,0,22490452,Completed
922,4924482238479466,4924486941808202,4924486957883972,1,16075219,Completed
923,4924482238480696,4924486947045483,4924486964102215,1,17056209,Completed
924,4924482238481316,4924486957889532,4924486973674863,1,15784698,Completed
925,4924482238482036,4924486959029603,4924486979941656,0,20911272,Completed
926,4924482238482406,4924486964106775,4924486980376783,1,16269299,Completed
927,4924482238482776,4924486973678313,4924486990126199,1,16447230,Completed
928,4924482238490816,4924486980178294,4924487000346362,0,20167231,Completed
929,4924482238491346,4924486980382062,4924486996662740,1,16258038,Completed
930,4924482238491686,4924486990129609,4924487006732305,1,16601729,Completed
931,4924482238492226,4924486996666290,4924487011864076,1,15197239,Completed
932,4924482238492896,4924487000584531,4924487020879118,0,20293672,Completed
933,4924482254980722,4924487006735335,4924487022722274,1,15986199,Completed
934,4924482254983912,4924487011867466,4924487027647957,1,15779928,Completed
935,4924482254984612,4924487021098276,4924487042684654,0,21585632,Completed
936,4924482254985002,4924487022725754,4924487038139828,1,15413368,Completed
937,4924482254985492,4924487027651817,4924487041071156,1,13418708,Completed
938,4924482254985902,4924487038143388,4924487052088664,1,13944708,Completed
939,4924482254986592,4924487041075286,4924487055751976,1,14661398,Completed
940,4924482254987162,4924487043047992,4924487063508038,0,20459171,Completed
941,4924482254987912,4924487052092784,4924487068192383,1,16098979,Completed
942,4924482254988312,4924487055756356,4924487072354011,1,16596939,Completed
943,4924482254988782,4924487063634767,4924487084334761,0,20699252,Completed
944,4924482254989302,4924487068195603,4924487085019446,1,16823429,Completed
945,4924482270326966,4924487072357861,4924487089154925,1,16796460,Completed
946,4924482270335306,4924487084532270,4924487105449143,0,20916022,Completed
947,4924482270335786,4924487085022266,4924487100117583,1,15094809,Completed
948,4924482270336356,4924487089158475,4924487104065423,1,14906358,Completed
949,4924482270337836,4924487100120443,4924487114383295,1,14262298,Completed
950,4924482270338576,4924487104068923,4924487120603209,1,16312959,Completed
951,4924482270339206,4924487105812420,4924487126054718,0,20232541,Completed
952,4924482270339766,4924487114386655,4924487130818502,1,16431239,Completed
953,4924482270340216,4924487120606649,4924487137102145,1,16494969,Completed
954,4924482270340586,4924487126215896,4924487147473957,0,21257132,Completed
955,4924482270341036,4924487130821192,4924487147464487,1,16642789,Completed
956,4924482270341416,4924487137105495,4924487153745090,1,16639019,Completed
957,4924482270341786,4924487147467467,4924487163814214,1,16346209,Completed
958,4924482276554640,4924487147694095,4924487167774044,0,20079251,Completed
959,4924482276558650,4924487153749450,4924487169246753,1,15496829,Completed
960,4924482276564280,4924487163817164,4924487178949350,1,15120438,Completed
961,4924482276564700,4924487167960983,4924487187770934,0,19809041,Completed
962,4924482276565300,4924487169250093,4924487184764367,1,15513719,Completed
963,4924482276565810,4924487178953340,4924487194607743,1,15653839,Completed
964,4924482276566230,4924487184768336,4924487200776356,1,16007359,Completed
965,4924482276566460,4924487188088281,4924487207770724,0,19681750,Completed
966,4924482276566880,4924487194611062,4924487210380974,1,15769469,Completed
967,4924482276567110,4924487200780336,4924487217059234,1,16277999,Completed
968,4924482276567340,4924487207974072,4924487222817111,0,14842158,Completed
969,4924482276572690,4924487210386054,4924487223020639,1,12634027,Completed
970,4924482292094053,4924487217063234,4924487233448321,1,16384479,Completed
971,4924482292097973,4924487223028639,4924487238278604,1,15249048,Completed
972,4924482292105643,4924487223124358,4924487240795515,0,17670170,Completed
973,4924482292106143,4924487233453681,4924487248686806,1,15232658,Completed
974,4924482292106843,4924487238283394,4924487255974821,1,17690670,Completed
975,4924482292107653,4924487240972614,4924487259626524,0,18653110,Completed
976,4924482292108163,4924487248691456,4924487264134700,1,15442779,Completed
977,4924482292108523,4924487255980371,4924487271563264,1,15582239,Completed
978,4924482292108873,4924487259807332,4924487278123805,0,18315301,Completed
979,4924482292109233,4924487264138660,4924487279238857,1,15099528,Completed
980,4924482292109593,4924487271567704,4924487284836454,1,13267857,Completed
981,4924482292109943,4924487278332213,4924487289537409,0,11204496,Completed
982,4924482292110423,4924487279243457,4924487290990498,1,11746447,Completed
983,4924482308422900,4924487284840964,4924487301165382,1,16323729,Completed
984,4924482308426710,4924487289744488,4924487305166192,0,15420889,Completed
985,4924482308427180,4924487290995088,4924487304450657,1,13455037,Completed
986,4924482308427720,4924487301170122,4924487314287823,1,13116828,Completed
987,4924482308428390,4924487304454797,4924487319179456,1,14723868,Completed
988,4924482308428800,4924487305446909,4924487319696432,0,14248668,Completed
989,4924482308429100,4924487314292963,4924487331345095,1,17051659,Completed
990,4924482308429650,4924487319183576,4924487336709935,1,17525730,Completed
991,4924482308437620,4924487319899811,4924487339743052,0,19842151,Completed
992,4924482308443920,4924487331350225,4924487348038079,1,16687379,Completed
993,4924482308444320,4924487336713925,4924487349815976,1,13101397,Completed
994,4924482308444930,4924487339954480,4924487355213446,0,15258108,Completed
995,4924482323498207,4924487348044199,4924487364014459,1,15969749,Completed
996,4924482323501687,4924487349820116,4924487365400759,1,15580109,Completed
997,4924482323502157,4924487355425574,4924487372444226,0,17017969,Completed
998,4924482323503037,4924487364020089,4924487382099474,1,18067260,Completed
999,4924482323505617,4924487365404639,4924487382808878,1,17403640,Completed
1000,4924482323506127,4924487372624665,4924487389038571,0,16413259,Completed
1001,4924482323506987,4924487382105394,4924487401555037,1,19448991,Completed
1002,4924482323507897,4924487382813798,4924487403751231,1,20936741,Completed
1003,4924482323508737,4924487389205980,4924487406054854,0,16847960,Completed
1004,4924482323509347,4924487401560747,4924487420233467,1,18660531,Completed
1005,4924482323518487,4924487403756221,4924487422285922,1,18529051,Completed
1006,4924482323524177,4924487406258702,4924487424714853,0,18455530,Completed
1007,4924482323524847,4924487420239037,4924487437908654,1,17669019,Completed
1008,4924482330933081,4924487422290722,4924487440690493,1,18399060,Completed
1009,4924482330936631,4924487424948381,4924487441279109,0,16329789,Completed
1010,4924482330937251,4924487437913574,4924487454497929,1,16583650,Completed
1011,4924482330938111,4924487440694843,4924487456097037,1,15401398,Completed
1012,4924482330938901,4924487441458497,4924487461110080,0,19650721,Completed
1013,4924482330939291,4924487454504619,4924487465519737,1,11014356,Completed
1014,4924482330939671,4924487456102537,4924487465556426,1,9453066,Completed
1015,4924482330940151,4924487461306948,4924487471102325,0,9794536,Completed
1016,4924482330940631,4924487465524797,4924487475997838,1,10472136,Completed
1017,4924482330941021,4924487465558176,4924487484506314,1,18947240,Completed
1018,4924482330941401,4924487471279473,4924487478305631,0,7025354,Completed
1019,4924482330949421,4924487476011668,4924487484756302,1,8699254,Completed
1020,4924482330949871,4924487478419770,4924487485070380,0,6649884,Completed
1021,4924482330950271,4924487484511854,4924487493660365,1,9147845,Completed
1022,4924482337809619,4924487484760272,4924487491138984,1,6370044,Completed
1023,4924482337813529,4924487485216329,4924487491258863,0,6041823,Completed
1024,4924482337822429,4924487491143394,4924487497362467,1,6218513,Completed
1025,4924482337861439,4924487491327703,4924487497241778,0,5913323,Completed
1026,4924482337862029,4924487493664885,4924487502774707,1,9109145,Completed
1027,4924482337862439,4924487497348767,4924487503689950,0,6340474,Completed
1028,4924482337862909,4924487497365187,4924487504109117,1,6743364,Completed
1029,4924482337863469,4924487502779097,4924487510334470,1,7554595,Completed
1030,4924482337863959,4924487503855709,4924487512616173,0,8758325,Completed
1031,4924482337864359,4924487504112217,4924487512022667,1,7897605,Completed
1032,4924482337864779,4924487510339290,4924487523998757,1,13658767,Completed
1033,4924482337865189,4924487512027407,4924487531855068,1,19826981,Completed
1034,4924482366866811,4924487512870251,4924487533784724,0,20913682,Completed
1035,4924482366870711,4924487524012327,4924487542201540,1,18188740,Completed
1036,4924482366871311,4924487531859468,4924487550728266,1,18868200,Completed
1037,4924482366871901,4924487534007562,4924487548733321,0,14725008,Completed
1038,4924482366872531,4924487542206530,4924487559947687,1,17740480,Completed
1039,4924482366873471,4924487548837701,4924487566966134,0,18127760,Completed
1040,4924482366879951,4924487550733566,4924487568569652,1,17822750,Completed
1041,4924482366880531,4924487559952987,4924487575056064,1,15102269,Completed
1042,4924482366880981,4924487567211982,4924487577267417,0,10054486,Completed
1043,4924482366881531,4924487568574572,4924487578664886,1,10089766,Completed
1044,4924482366882111,4924487575060384,4924487591316481,1,16255389,Completed
1045,4924482366882651,4924487577484195,4924487587986116,0,10501046,Completed
1046,4924482366883291,4924487578667746,4924487591289302,1,12620957,Completed
1047,4924482431730113,4924487588101495,4924487603129303,0,15027148,Completed
1048,4924482431733413,4924487591295071,4924487606593256,1,15297708,Completed
1049,4924482431738203,4924487591318421,4924487607080013,1,15760998,Completed
1050,4924482431738743,4924487603316801,4924487620224944,0,16907280,Completed
1051,4924482431739403,4924487606597646,4924487619993796,1,13395438,Completed
1052,4924482431740133,4924487607082523,4924487624407263,1,17324080,Completed
1053,4924482431740603,4924487619998046,4924487635146542,1,15147828,Completed
1054,4924482431753213,4924487620549772,4924487639835457,0,19284581,Completed
1055,4924482431753513,4924487624413463,4924487634229019,1,9814885,Completed
1056,4924482431755233,4924487634234429,4924487647500289,1,13265198,Completed
1057,4924482431755533,4924487635150252,4924487645240466,1,10089446,Completed
1058,4924482431755823,4924487640115615,4924487658245508,0,18129000,Completed
1059,4924482482635950,4924487645245406,4924487664606301,1,19360130,Completed
1060,4924482482639790,4924487647505499,4924487661163536,1,13657377,Completed
1061,4924482482640160,4924487658403557,4924487671664347,0,13260057,Completed
1062,4924482482640450,4924487661168356,4924487673615133,1,12446027,Completed
1063,4924482482640890,4924487664611501,4924487678578525,1,13966278,Completed
1064,4924482482641280,4924487671792057,4924487681117406,0,9324645,Completed
1065,4924482482643080,4924487673620273,4924487685703322,1,12061017,Completed
1066,4924482482643490,4924487678583035,4924487691439199,1,12855507,Completed
1067,4924482482643880,4924487681302405,4924487694167778,0,12864657,Completed
1068,4924482482644170,4924487685708442,4924487700248063,1,14539068,Completed
1069,4924482482644460,4924487691444559,4924487706658154,1,15212919,Completed
1070,4924482482644830,4924487694346107,4924487708458221,0,14111268,Completed
1071,4924482482645110,4924487700253413,4924487716014834,1,15760809,Completed
1072,4924482482651450,4924487706663684,4924487719549078,1,12884657,Completed
1073,4924482482651830,4924487708658169,4924487722261587,0,13602557,Completed
1074,4924482487534913,4924487716020474,4924487730098628,1,14077458,Completed
1075,4924482487538073,4924487719553858,4924487733600972,1,14046428,Completed
1076,4924482487538593,4924487722446926,4924487737559352,0,15111459,Completed
1077,4924482487539373,4924487730104458,4924487745254014,1,15148908,Completed
1078,4924482487539763,4924487733604502,4924487748211652,1,14606538,Completed
1079,4924482487540403,4924487737756201,4924487753076716,0,15319738,Completed
1080,4924482487542503,4924487745259474,4924487760581419,1,15321189,Completed
1081,4924482487543193,4924487748215532,4924487762289466,1,14073338,Completed
1082,4924482487543873,4924487753278434,4924487768127553,0,14848198,Completed
1083,4924482487544363,4924487760586649,4924487775353378,1,14766128,Completed
1084,4924482487544643,4924487762292176,4924487776517790,1,14225007,Completed
1085,4924482487544933,4924487768371901,4924487784833847,0,16460779,Completed
1086,4924482487545333,4924487775358088,4924487790287336,1,14928488,Completed
1087,4924482487545803,4924487776520259,4924487790317706,1,13796868,Completed
1088,4924482491305105,4924487785050715,4924487802733352,0,17681730,Completed
1089,4924482491306915,4924487790293676,4924487804415520,1,14121248,Completed
1090,4924482491307205,4924487790318886,4924487804372000,1,14052578,Completed
1091,4924482491307585,4924487802970371,4924487819943283,0,16971920,Completed
1092,4924482491307975,4924487804376310,4924487817897418,1,13506547,Completed
1093,4924482491308255,4924487804417270,4924487819696235,1,15244168,Completed
1094,4924482491308685,4924487817901828,4924487831281398,1,13378838,Completed
1095,4924482491308975,4924487819700415,4924487833980358,1,14279318,Completed
1096,4924482491309335,4924487820346530,4924487835843144,0,15495738,Completed
1097,4924482491309625,4924487831286248,4924487844577858,1,13290837,Completed
1098,4924482491309975,4924487833985058,4924487848743707,1,14757929,Completed
1099,4924482491311195,4924487835988443,4924487849970108,0,13980827,Completed
1100,4924482491311495,4924487844582328,4924487857354842,1,12772057,Completed
1101,4924482495226066,4924487848748237,4924487862868761,1,14119917,Completed
1102,4924482495229386,4924487850199986,4924487868208690,0,18007850,Completed
1103,4924482495229856,4924487857358532,4924487871704134,1,14345078,Completed
1104,4924482495230356,4924487862874110,4924487877415931,1,14541169,Completed
1105,4924482495230946,4924487868402559,4924487885877768,0,17474459,Completed
1106,4924482495231426,4924487871707364,4924487885683479,1,13975548,Completed
1107,4924482495231706,4924487877420591,4924487892736916,1,15315618,Completed
1108,4924482495231996,4924487885686959,4924487899455126,1,13767518,Completed
1109,4924482495232306,4924487886170906,4924487903160618,0,16988750,Completed
1110,4924482495232596,4924487892742426,4924487907406336,1,14663178,Completed
1111,4924482495232876,4924487899459116,4924487912397448,1,12937767,Completed
1112,4924482495233166,4924487903351856,4924487917124653,0,13772038,Completed
1113,4924482500092069,4924487907411266,4924487920857525,1,13445488,Completed
1114,4924482500094869,4924487912400308,4924487925833607,1,13432767,Completed
1115,4924482500095659,4924487917335611,4924487932378368,0,15041948,Completed
1116,4924482500096029,4924487920862795,4924487935022388,1,14158838,Completed
1117,4924482500096459,4924487925837717,4924487940012871,1,14174498,Completed
1118,4924482500096829,4924487932575547,4924487947631314,0,15055009,Completed
1119,4924482500097609,4924487935027848,4924487949529009,1,14482318,Completed
1120,4924482500099439,4924487940016661,4924487954586571,1,14569148,Completed
1121,4924482500099839,4924487947839142,4924487961710468,0,13870477,Completed
1122,4924482500100119,4924487949533649,4924487963421545,1,13887017,Completed
1123,4924482500100409,4924487954591021,4924487966905279,1,12313567,Completed
1124,4924482500100789,4924487961880767,4924487977561109,0,15679629,Completed
1125,4924482500104629,4924487963426555,4924487978698090,1,15270839,Completed
1126,4924482500105209,4924487966908829,4924487980561296,1,13651608,Completed
1127,4924482504637615,4924487977761747,4924487992493317,0,14730698,Completed
1128,4924482504639775,4924487978703330,4924487993450589,1,14746608,Completed
1129,4924482504640325,4924487980564456,4924487994657570,1,14092528,Completed
1130,4924482504640665,4924487992710325,4924488006858808,0,14147677,Completed
1131,4924482504641235,4924487993455869,4924488006455742,1,12999247,Completed
1132,4924482504641595,4924487994660650,4924488008009510,1,13322167,Completed
1133,4924482504641985,4924488006460672,4924488020605535,1,14144218,Completed
1134,4924482504642275,4924488007199666,4924488021343590,0,14143148,Completed
1135,4924482504642715,4924488008012760,4924488020902983,1,12889577,Completed
1136,4924482504643035,4924488020610645,4924488035274105,1,14662838,Completed
1137,4924482504643325,4924488020903853,4924488034987087,1,14082578,Completed
1138,4924482504643615,4924488021690677,4924488038609170,0,16917499,Completed
1139,4924482504643905,4924488034990927,4924488048734104,1,13742468,Completed
1140,4924482504644275,4924488035276295,4924488050432211,1,15155359,Completed
1141,4924482508788044,4924488038840798,4924488055683572,0,16841890,Completed
1142,4924482508789574,4924488048737064,4924488061635217,1,12897587,Completed
1143,4924482508790004,4924488050437111,4924488065271360,1,14833588,Completed
1144,4924482508790294,4924488055873270,4924488071556562,0,15682608,Completed
1145,4924482508790664,4924488061638607,4924488074859158,1,13219727,Completed
1146,4924482508790954,4924488065275830,4924488080321147,1,15044638,Completed
1147,4924482508791384,4924488071757581,4924488086745308,0,14986968,Completed
1148,4924482508791674,4924488074863068,4924488088901492,1,14037788,Completed
1149,4924482508793584,4924488080325606,4924488096265427,1,15938929,Completed
1150,4924482508793884,4924488086945797,4924488101481118,0,14534528,Completed
1151,4924482508794174,4924488088904942,4924488102755448,1,13849878,Completed
1152,4924482508796964,4924488096270337,4924488111164525,1,14893448,Completed
1153,4924482508797404,4924488101680986,4924488117064630,0,15382819,Completed
1154,4924482538850248,4924488102758818,4924488117545327,1,14785978,Completed
1155,4924482538854238,4924488111169735,4924488126559879,1,15389389,Completed
1156,4924482538854568,4924488117283519,4924488136554304,0,19261071,Completed
1157,4924482538855208,4924488117550477,4924488132632493,1,15081428,Completed
1158,4924482538855618,4924488126564929,4924488137355958,1,10502616,Completed
1159,4924482538856008,4924488132635563,4924488144935861,1,12293027,Completed
1160,4924482538856578,4924488136770832,4924488149184789,0,12413267,Completed
1161,4924482538857048,4924488137361528,4924488155072665,1,17710410,Completed
1162,4924482538857278,4924488144939091,4924488158344410,1,13404718,Completed
1163,4924482538857608,4924488149372378,4924488165981363,0,16608009,Completed
1164,4924482538857838,4924488155077655,4924488168009148,1,12921857,Completed
1165,4924482538858078,4924488158347780,4924488169959023,1,11610536,Completed
1166,4924482587314683,4924488166175931,4924488183490531,0,17313420,Completed
1167,4924482587317883,4924488168014397,4924488178594578,1,10579356,Completed
1168,4924482587318473,4924488169962713,4924488180808721,1,10845406,Completed
1169,4924482587319103,4924488178599128,4924488194659077,1,16059199,Completed
1170,4924482587319713,4924488180811761,4924488194638097,1,13825788,Completed
1171,4924482587320223,4924488183815609,4924488206046902,0,22230692,Completed
1172,4924482587320583,4924488194641777,4924488212598542,1,17956300,Completed
1173,4924482587320943,4924488194661207,4924488214188611,1,19526871,Completed
1174,4924482587321283,4924488206224210,4924488225951772,0,19726851,Completed
1175,4924482587321633,4924488212602292,4924488231119073,1,18516240,Completed
1176,4924482587322103,4924488214193090,4924488233627124,1,19433470,Completed
1177,4924482587322493,4924488226122821,4924488246478758,0,20355272,Completed
1178,4924482607282273,4924488231123833,4924488250130590,1,19006261,Completed
1179,4924482607285423,4924488233631864,4924488253592554,1,19959992,Completed
1180,4924482607285913,4924488246681736,4924488266803175,0,20120491,Completed
1181,4924482607286283,4924488250134410,4924488267715988,1,17581159,Completed
1182,4924482607286733,4924488253597774,4924488273296716,1,19698301,Completed
1183,4924482607287293,4924488267033413,4924488285699713,0,18665410,Completed
1184,4924482607295203,4924488267719488,4924488285163697,1,17443600,Completed
1185,4924482607295793,4924488273301276,4924488292495702,1,19193780,Completed
1186,4924482607296193,4924488285167087,4924488303668248,1,18500640,Completed
1187,4924482607296623,4924488286014591,4924488306900454,0,20884951,Completed
1188,4924482607299793,4924488292500812,4924488308902959,1,16401459,Completed
1189,4924482607300263,4924488303671778,4924488321508104,1,17835750,Completed
1190,4924482607300853,4924488307116192,4924488329360235,0,22243273,Completed
1191,4924482620370525,4924488308908109,4924488329083437,1,20160972,Completed
1192,4924482620373455,4924488321511514,4924488339464159,1,17951970,Completed
1193,4924482620373925,4924488329088007,4924488349135406,1,20046671,Completed
1194,4924482620374475,4924488329672423,4924488350186149,0,20512781,Completed
1195,4924482620375625,4924488339467289,4924488357679162,1,18211350,Completed
1196,4924482620376005,4924488349141596,4924488368752109,1,19609881,Completed
1197,4924482620376465,4924488350365887,4924488370974982,0,20608402,Completed
1198,4924482620376825,4924488357684062,4924488375232360,1,17547680,Completed
1199,4924482620383755,4924488368757689,4924488388255103,1,19496620,Completed
1200,4924482620384185,4924488371173241,4924488391773186,0,20599231,Completed
1201,4924482620384645,4924488375235970,4924488392600410,1,17363930,Completed
1202,4924482620385245,4924488388260542,4924488406310337,1,18031510,Completed
1203,4924482626660698,4924488391954735,4924488413153475,0,21198102,Completed
1204,4924482626663958,4924488392604460,4924488410246947,1,17641960,Completed
1205,4924482626664458,4924488406314827,4924488423776756,1,17461300,Completed
1206,4924482626664828,4924488410250717,4924488428094553,1,17843120,Completed
1207,4924482626665238,4924488413438203,4924488433120735,0,19681571,Completed
1208,4924482626665608,4924488423782505,4924488441849440,1,18066440,Completed
1209,4924482626665838,4924488428098523,4924488445904609,1,17805579,Completed
1210,4924482626666068,4924488433310144,4924488451971674,0,18660911,Completed
1211,4924482626666298,4924488441855550,4924488461064915,1,19208661,Completed
1212,4924482626666688,4924488445907939,4924488463154500,1,17245910,Completed
1213,4924482626667128,4924488452169402,4924488470763713,0,18593710,Completed
1214,4924482626667358,4924488461069875,4924488478919421,1,17848980,Completed
1215,4924482634360520,4924488463158960,4924488481047575,1,17888070,Completed
1216,4924482634365480,4924488470933231,4924488491217049,0,20283062,Completed
1217,4924482634366000,4924488478925551,4924488496281401,1,17355329,Completed
1218,4924482634366510,4924488481051455,4924488498348615,1,17296620,Completed
1219,4924482634367170,4924488491444037,4924488512306140,0,20861291,Completed
1220,4924482634367570,4924488496287021,4924488514761042,1,18473511,Completed
1221,4924482634368060,4924488498352455,4924488515129759,1,16776749,Completed
1222,4924482634368370,4924488512495049,4924488531365547,0,18869501,Completed
1223,4924482634368760,4924488514766672,4924488533737729,1,18970460,Completed
1224,4924482634369070,4924488515130479,4924488532898596,1,17767490,Completed
1225,4924482634369380,4924488531549746,4924488550576313,0,19025571,Completed
1226,4924482634369690,4924488532901826,4924488550199736,1,17297299,Completed
1227,4924482634370070,4924488533741379,4924488552781556,1,19039351,Completed
1228,4924482641371737,4924488550203296,4924488568850815,1,18646881,Completed
1229,4924482641375497,4924488550875321,4924488570365924,0,19489541,Completed
1230,4924482641375997,4924488552786886,4924488571328097,1,18540440,Completed
1231,4924482641376447,4924488568855075,4924488586583502,1,17696659,Completed
1232,4924482641376827,4924488570539573,4924488589865977,0,19303970,Completed
1233,4924482641377427,4924488571332817,4924488589174993,1,17823700,Completed
1234,4924482641377787,4924488586587642,4924488603977612,1,17389289,Completed
1235,4924482641378237,4924488589179433,4924488608395708,1,19215641,Completed
1236,4924482641378597,4924488590098886,4924488608711386,0,18611670,Completed
1237,4924482641378947,4924488603981272,4924488621786618,1,17804710,Completed
1238,4924482641379307,4924488608400298,4924488626745910,1,18344990,Completed
1239,4924482641379687,4924488608877825,4924488627309326,0,18430890,Completed
1240,4924482650186501,4924488621789928,4924488641264811,1,19474321,Completed
1241,4924482650190161,4924488626750760,4924488646065775,1,19296581,Completed
1242,4924482650190771,4924488627484095,4924488644710185,0,17225380,Completed
1243,4924482650196651,4924488641270291,4924488660139859,1,18868910,Completed
1244,4924482650197271,4924488644798115,4924488664049040,0,19250291,Completed
1245,4924482650197711,4924488646070075,4924488663936351,1,17865660,Completed
1246,4924482650198271,4924488660146019,4924488678087225,1,17940330,Completed
1247,4924482650198981,4924488663941861,4924488681540769,1,17598309,Completed
1248,4924482650201291,4924488664291118,4924488684750275,0,20458221,Completed
1249,4924482650203081,4924488678092935,4924488697383860,1,19290281,Completed
1250,4924482650203741,4924488681545409,4924488699057157,1,17511060,Completed
1251,4924482650204231,4924488684942123,4924488705310680,0,20367392,Completed
1252,4924482650204801,4924488697389350,4924488717082012,1,19677361,Completed
1253,4924482660045107,4924488699061187,4924488716168159,1,17093530,Completed
1254,4924482660048987,4924488705493899,4924488725158551,0,19663831,Completed
1255,4924482660049737,4924488716173278,4924488733582408,1,17408609,Completed
1256,4924482660050127,4924488717084972,4924488736203118,1,19117461,Completed
1257,4924482660050797,4924488725346750,4924488745527408,0,20179871,Completed
1258,4924482660051457,4924488733586438,4924488751411754,1,17824720,Completed
1259,4924482660051937,4924488736209028,4924488755516303,1,19306580,Completed
1260,4924482660052327,4924488745722046,4924488766316592,0,20593881,Completed
1261,4924482660052727,4924488751415824,4924488768807383,1,17391040,Completed
1262,4924482660053137,4924488755521333,4924488774086413,1,18548191,Completed
1263,4924482660053867,4924488766471541,4924488786334421,0,19862061,Completed
1264,4924482660054267,4924488768810833,4924488786179702,1,17368279,Completed
1265,4924482660054647,4924488774091873,4924488792677104,1,18584620,Completed
1266,4924482669787393,4924488786184112,4924488803838590,1,17653840,Completed
1267,4924482669790953,4924488786642559,4924488803654651,0,17011229,Completed
1268,4924482669791183,4924488792681764,4924488810956416,1,18273590,Completed
1269,4924482669791533,4924488803777630,4924488821668276,0,17889910,Completed
1270,4924482669791863,4924488803844800,4924488821762075,1,17872200,Completed
1271,4924482669792263,4924488810962026,4924488830434340,1,19456611,Completed
1272,4924482669792493,4924488821767825,4924488838419750,1,16651290,Completed
1273,4924482669792893,4924488821972203,4924488840335665,0,18362641,Completed
1274,4924482669793293,4924488830439200,4924488849551946,1,19112211,Completed
1275,4924482669793523,4924488838423510,4924488855793769,1,17369679,Completed
1276,4924482669793753,4924488840586524,4924488858851416,0,18263990,Completed
1277,4924482669793983,4924488849557676,4924488868449634,1,18891250,Completed
1278,4924482678122471,4924488855797859,4924488872811661,1,17013040,Completed
1279,4924482678125851,4924488859061985,4924488879922088,0,20859162,Completed
1280,4924482678131791,4924488868454644,4924488887220333,1,18765241,Completed
1281,4924482678132321,4924488872814851,4924488890171211,1,17355649,Completed
1282,4924482678132811,4924488880145546,4924488901252048,0,21105821,Completed
1283,4924482678133371,4924488887225643,4924488906272990,1,19046750,Completed
1284,4924482678133801,4924488890174221,4924488907718889,1,17524530,Completed
1285,4924482678134091,4924488901461356,4924488922364739,0,20902511,Completed
1286,4924482678134481,4924488906279040,4924488925146088,1,18866531,Completed
1287,4924482678135011,4924488907722619,4924488923944737,1,16221569,Completed
1288,4924482678135301,4924488922572777,4924488942177780,0,19603991,Completed
1289,4924482678135671,4924488923947997,4924488940849790,1,16901219,Completed
1290,4924482678136051,4924488925151118,4924488944081926,1,18930100,Completed
1291,4924482690955284,4924488940853660,4924488958536707,1,17682510,Completed
1292,4924482690959184,4924488942397398,4924488961582354,0,19184271,Completed
1293,4924482690959414,4924488944086816,4924488962418438,1,18331100,Completed
1294,4924482690959744,4924488958539957,4924488976925749,1,18361320,Completed
1295,4924482690960054,4924488961780433,4924488980122665,0,18341080,Completed
1296,4924482690960404,4924488962423168,4924488981712683,1,19288881,Completed
1297,4924482690967174,4924488976931019,4924488996085035,1,19153411,Completed
1298,4924482690967414,4924488980306284,4924488997939671,0,17632470,Completed
1299,4924482690968514,4924488981718613,4924489000143675,1,18424400,Completed
1300,4924482690969054,4924488996089765,4924489013318876,1,17228530,Completed
1301,4924482690969374,4924488998138990,4924489014969633,0,16829660,Completed
1302,4924482690969604,4924489000149434,4924489013130317,1,12980158,Completed
1303,4924482704808510,4924489013135487,4924489025239486,1,12103486,Completed
1304,4924482704812350,4924489013319926,4924489026902974,1,13582487,Completed
1305,4924482704813040,4924489015251501,4924489036379322,0,21126932,Completed
1306,4924482704813870,4924489025243186,4924489041902341,1,16658250,Completed
1307,4924482704814530,4924489026906074,4924489044163054,1,17239150,Completed
1308,4924482704815320,4924489036597431,4924489058662105,0,22063452,Completed
1309,4924482704815920,4924489041906071,4924489058513536,1,16607029,Completed
1310,4924482704816510,4924489044166944,4924489060838759,1,16671229,Completed
1311,4924482704816990,4924489058516216,4924489076442971,1,17926250,Completed
1312,4924482704822890,4924489058985122,4924489080005934,0,21019612,Completed
1313,4924482704823300,4924489060843629,4924489079355059,1,18510730,Completed
1314,4924482704823640,4924489076447041,4924489095600377,1,19152460,Completed
1315,4924482704823950,4924489079359219,4924489093083446,1,13723588,Completed
1316,4924482710059021,4924489080320992,4924489095517308,0,15185198,Completed
1317,4924482710062311,4924489093086916,4924489104576800,1,11489306,Completed
1318,4924482710062861,4924489095605357,4924489108131603,1,12525347,Completed
1319,4924482710063441,4924489095730066,4924489109353084,0,13622178,Completed
1320,4924482710063981,4924489104580710,4924489116212693,1,11631427,Completed
1321,4924482710064211,4924489108137763,4924489120981467,1,12842958,Completed
1322,4924482710064441,4924489109562722,4924489121643162,0,12079317,Completed
1323,4924482710064751,4924489116217102,4924489129124165,1,12906257,Completed
1324,4924482710064981,4924489120986537,4924489134439695,1,13452507,Completed
1325,4924482710065221,4924489121844870,4924489138100428,0,16254689,Completed
1326,4924482710065581,4924489129127975,4924489141595702,1,12467137,Completed
1327,4924482710065901,4924489134443695,4924489147173100,1,12728767,Completed
1328,4924482710066131,4924489138322836,4924489151514987,0,13191227,Completed
1329,4924482715062793,4924489141599742,4924489152557809,1,10957476,Completed
1330,4924482715066723,4924489147179340,4924489159215179,1,12027027,Completed
1331,4924482715067253,4924489151706686,4924489163611746,0,11904196,Completed
1332,4924482715067543,4924489152560689,4924489166518914,1,13779698,Completed
1333,4924482715068043,4924489159219449,4924489173864519,1,14644358,Completed
1334,4924482715068333,4924489163826045,4924489178108327,0,14281438,Completed
1335,4924482715068693,4924489166523224,4924489180905636,1,14381788,Completed
1336,4924482715068983,4924489173869609,4924489188255651,1,14385398,Completed
1337,4924482715069273,4924489178324016,4924489193432712,0,15107659,Completed
1338,4924482715069563,4924489180909766,4924489195365568,1,14455268,Completed
1339,4924482715069943,4924489188260251,4924489203279738,1,15018728,Completed
1340,4924482715070323,4924489193648831,4924489209525441,0,15875899,Completed
1341,4924482715070613,4924489195369268,4924489207538856,1,12168877,Completed
1342,4924482722022221,4924489203284948,4924489216111002,1,12825347,Completed
1343,4924482722026001,4924489207541696,4924489219085010,1,11542706,Completed
1344,4924482722030911,4924489209827919,4924489223279928,0,13451047,Completed
1345,4924482722031421,4924489216117152,4924489232908186,1,16790530,Completed
1346,4924482722031651,4924489219089129,4924489234635313,1,15545649,Completed
1347,4924482722031991,4924489223490336,4924489239516846,0,16025659,Completed
1348,4924482722032311,4924489232914415,4924489248121141,1,15205938,Completed
1349,4924482722034251,4924489234639443,4924489248569958,1,13929867,Completed
1350,4924482722034581,4924489239707975,4924489257260343,0,17551720,Completed
1351,4924482722034811,4924489248126441,4924489264068481,1,15941389,Completed
1352,4924482722035261,4924489248570858,4924489263419926,1,14848559,Completed
1353,4924482722035491,4924489257473451,4924489275443406,0,17969020,Completed
1354,4924482722035721,4924489263425056,4924489277913467,1,14487668,Completed
1355,4924482726993133,4924489264070811,4924489280475018,1,16403419,Completed
1356,4924482726996603,4924489275657844,4924489293256162,0,17597410,Completed
1357,4924482726997163,4924489277917837,4924489293737089,1,15818389,Completed
1358,4924482726997893,4924489280479188,4924489298063936,1,17584120,Completed
1359,4924482726998273,4924489293465751,4924489311952222,0,18485611,Completed
1360,4924482726998673,4924489293741149,4924489309328511,1,15586818,Completed
1361,4924482726999053,4924489298069426,4924489313975916,1,15905859,Completed
1362,4924482727018363,4924489309332641,4924489325660209,1,16326759,Completed
1363,4924482727018693,4924489312214970,4924489333284631,0,21068831,Completed
1364,4924482727019383,4924489313981186,4924489332986963,1,19005190,Completed
1365,4924482727020993,4924489325663789,4924489343398345,1,17733910,Completed
1366,4924482727021483,4924489332994343,4924489351650593,1,18655541,Completed
1367,4924482727021973,4924489333595409,4924489351113667,0,17517469,Completed
1368,4924482727022543,4924489343403265,4924489360792395,1,17388410,Completed
1369,4924482734921344,4924489351226317,4924489371230986,0,20003992,Completed
1370,4924482734924994,4924489351655483,4924489370346283,1,18690180,Completed
1371,4924482734925564,4924489360796625,4924489378783729,1,17986580,Completed
1372,4924482734925944,4924489370352563,4924489387472504,1,17119150,Completed
1373,4924482734926404,4924489371553344,4924489389709047,0,18154200,Completed
1374,4924482734926784,4924489378788039,4924489395759722,1,16970969,Completed
1375,4924482734927164,4924489387477714,4924489405612568,1,18134100,Completed
1376,4924482734934014,4924489389918446,4924489406266193,0,16346889,Completed
1377,4924482734934434,4924489395763242,4924489412282808,1,16519009,Completed
1378,4924482734934884,4924489405617878,4924489424110979,1,18492430,Completed
1379,4924482734935434,4924489406483011,4924489426411342,0,19927511,Completed
1380,4924482734935724,4924489412287478,4924489429686367,1,17398320,Completed
1381,4924482743324871,4924489424115529,4924489443396994,1,19280821,Completed
1382,4924482743328961,4924489426621500,4924489444092899,0,17470530,Completed
1383,4924482743329251,4924489429690607,4924489445888785,1,16197539,Completed
1384,4924482743329491,4924489443402164,4924489461711966,1,18308980,Completed
1385,4924482743329801,4924489444306307,4924489462451061,0,18143870,Completed
1386,4924482743330151,4924489445892675,4924489464014069,1,18120810,Completed
1387,4924482743330481,4924489461718066,4924489480226027,1,18507190,Completed
1388,4924482743330801,4924489462688399,4924489482890877,0,20201602,Completed
1389,4924482743331121,4924489464019019,4924489482209562,1,18189930,Completed
1390,4924482743331461,4924489480231627,4924489499450873,1,19218631,Completed
1391,4924482743331691,4924489482214032,4924489499306034,1,17091480,Completed
1392,4924482743332021,4924489483429783,4924489501887054,0,18456290,Completed
1393,4924482743332251,4924489499309794,4924489514326691,1,15016168,Completed
1394,4924482743332581,4924489499452283,4924489515227164,1,15774339,Completed
1395,4924482749349975,4924489502115163,4924489522638379,0,20522362,Completed
1396,4924482749353525,4924489514330121,4924489530335641,1,16004839,Completed
1397,4924482749353835,4924489515231114,4924489532364686,1,17132899,Completed
1398,4924482749354135,4924489522846387,4924489541645196,0,18798010,Completed
1399,4924482749356695,4924489530340061,4924489547095855,1,16755079,Completed
1400,4924482749357405,4924489532369496,4924489547199634,1,14829348,Completed
1401,4924482749357785,4924489541842734,4924489556673523,0,14829779,Completed
1402,4924482749358165,4924489547100405,4924489565108559,1,18007710,Completed
1403,4924482749358565,4924489547201444,4924489565665455,1,18463401,Completed
1404,4924482749358855,4924489556876341,4924489576061647,0,19184440,Completed
1405,4924482749359735,4924489565112559,4924489582065842,1,16952830,Completed
1406,4924482749360045,4924489565667165,4924489582684527,1,17016799,Completed
1407,4924482749360335,4924489576259126,4924489594171971,0,17912170,Completed
1408,4924482756125474,4924489582071142,4924489599209993,1,17138269,Completed
1409,4924482756129644,4924489582686977,4924489600217786,1,17530200,Completed
1410,4924482756130164,4924489594350310,4924489612912990,0,18562010,Completed
1411,4924482756130554,4924489599214133,4924489614783456,1,15568769,Completed
1412,4924482756131074,4924489600221716,4924489617077309,1,16854649,Completed
1413,4924482756131394,4924489613093629,4924489629412736,0,16318409,Completed
1414,4924482756131804,4924489614786706,4924489630616257,1,15829019,Completed
1415,4924482756132034,4924489617082019,4924489632979250,1,15896639,Completed
1416,4924482756132264,4924489629605005,4924489650294579,0,20688892,Completed
1417,4924482756132604,4924489630621377,4924489648060796,1,17438799,Completed
1418,4924482756132834,4924489632984270,4924489650954755,1,17969870,Completed
1419,4924482756133244,4924489648063966,4924489665564355,1,17499910,Completed
1420,4924482757168457,4924489650578757,4924489668727551,0,18148020,Completed
1421,4924482757189226,4924489650960915,4924489655447971,1,4486342,Completed
