[2026-10-06T07:03:26Z] PR #196 wikidata turtle_export queries=H-vocab-label-large-de H-vocab-random-label-de-200k H-vocab-label-large scenarios=cold,warm reps=10 mode=two binaries layout=ural
[2026-10-06T07:03:26Z] base:    /local/data-ssd/stoetzem/thesis/experiments/runs/pr196-final-4c4e9dd-r10/bin/qlever-server-base (f8cca285e3d0d3400dd51be97b5ebf078cd454de) args='' form=''
[2026-10-06T07:03:26Z] variant: /local/data-ssd/stoetzem/thesis/experiments/runs/pr196-final-4c4e9dd-r10/bin/qlever-server-variant (4c4e9ddfe651c8d1e2308aeb3e014e15b73525f1) args='--set-runtime-parameter construct-export-pipeline-depth=2 --set-runtime-parameter construct-export-pipeline-split-lookup=true' form=''
[2026-10-06T07:03:26Z] variant2: /local/data-ssd/stoetzem/thesis/experiments/runs/pr196-final-4c4e9dd-r10/bin/qlever-server-variant (4c4e9ddfe651c8d1e2308aeb3e014e15b73525f1) args='--set-runtime-parameter construct-export-pipeline-depth=0 --set-runtime-parameter construct-export-pipeline-split-lookup=true' label='depth-0-single-thread'
Caches dropped successfully (synced, then wrote 1
 to /proc/sys/vm/drop_caches).
fatal: not a git repository (or any parent up to mount point /local)
Stopping at filesystem boundary (GIT_DISCOVERY_ACROSS_FILESYSTEM not set).
fatal: not a git repository (or any parent up to mount point /local)
Stopping at filesystem boundary (GIT_DISCOVERY_ACROSS_FILESYSTEM not set).
fatal: not a git repository (or any parent up to mount point /local)
Stopping at filesystem boundary (GIT_DISCOVERY_ACROSS_FILESYSTEM not set).
fatal: not a git repository (or any parent up to mount point /local)
Stopping at filesystem boundary (GIT_DISCOVERY_ACROSS_FILESYSTEM not set).
fatal: not a git repository (or any parent up to mount point /local)
Stopping at filesystem boundary (GIT_DISCOVERY_ACROSS_FILESYSTEM not set).
rep 1/1: complete export=s e2e=36.040936943s 504927346 bytes syscr=8881606 pread64=2633 io_uring_enter=167088 read_bytes=9444261888 cpu_s=39.370000
[2026-10-06T07:04:53Z] pr196-H-vocab-label-large-de-cold-base-r1 done
Caches dropped successfully (synced, then wrote 1
 to /proc/sys/vm/drop_caches).
fatal: not a git repository (or any parent up to mount point /local)
Stopping at filesystem boundary (GIT_DISCOVERY_ACROSS_FILESYSTEM not set).
fatal: not a git repository (or any parent up to mount point /local)
Stopping at filesystem boundary (GIT_DISCOVERY_ACROSS_FILESYSTEM not set).
fatal: not a git repository (or any parent up to mount point /local)
Stopping at filesystem boundary (GIT_DISCOVERY_ACROSS_FILESYSTEM not set).
fatal: not a git repository (or any parent up to mount point /local)
Stopping at filesystem boundary (GIT_DISCOVERY_ACROSS_FILESYSTEM not set).
fatal: not a git repository (or any parent up to mount point /local)
Stopping at filesystem boundary (GIT_DISCOVERY_ACROSS_FILESYSTEM not set).
rep 1/1: complete export=s e2e=18.451201705s 504927346 bytes syscr=8885716 pread64=2633 io_uring_enter=167395 read_bytes=9436770304 cpu_s=39.280000
[2026-10-06T07:05:54Z] pr196-H-vocab-label-large-de-cold-variant-r1 done
Caches dropped successfully (synced, then wrote 1
 to /proc/sys/vm/drop_caches).
fatal: not a git repository (or any parent up to mount point /local)
Stopping at filesystem boundary (GIT_DISCOVERY_ACROSS_FILESYSTEM not set).
fatal: not a git repository (or any parent up to mount point /local)
Stopping at filesystem boundary (GIT_DISCOVERY_ACROSS_FILESYSTEM not set).
fatal: not a git repository (or any parent up to mount point /local)
Stopping at filesystem boundary (GIT_DISCOVERY_ACROSS_FILESYSTEM not set).
fatal: not a git repository (or any parent up to mount point /local)
Stopping at filesystem boundary (GIT_DISCOVERY_ACROSS_FILESYSTEM not set).
fatal: not a git repository (or any parent up to mount point /local)
Stopping at filesystem boundary (GIT_DISCOVERY_ACROSS_FILESYSTEM not set).
rep 1/1: complete export=s e2e=40.162903539s 504927346 bytes syscr=8881635 pread64=2633 io_uring_enter=35890 read_bytes=9445425152 cpu_s=41.630000
[2026-10-06T07:07:18Z] pr196-H-vocab-label-large-de-cold-variant2-r1 done
Caches dropped successfully (synced, then wrote 1
 to /proc/sys/vm/drop_caches).
fatal: not a git repository (or any parent up to mount point /local)
Stopping at filesystem boundary (GIT_DISCOVERY_ACROSS_FILESYSTEM not set).
fatal: not a git repository (or any parent up to mount point /local)
Stopping at filesystem boundary (GIT_DISCOVERY_ACROSS_FILESYSTEM not set).
fatal: not a git repository (or any parent up to mount point /local)
Stopping at filesystem boundary (GIT_DISCOVERY_ACROSS_FILESYSTEM not set).
fatal: not a git repository (or any parent up to mount point /local)
Stopping at filesystem boundary (GIT_DISCOVERY_ACROSS_FILESYSTEM not set).
fatal: not a git repository (or any parent up to mount point /local)
Stopping at filesystem boundary (GIT_DISCOVERY_ACROSS_FILESYSTEM not set).
rep 1/1: complete export=s e2e=39.513971174s 504927346 bytes syscr=8881635 pread64=2633 io_uring_enter=35763 read_bytes=9442107392 cpu_s=41.840000
[2026-10-06T07:08:44Z] pr196-H-vocab-label-large-de-cold-variant2-r2 done
Caches dropped successfully (synced, then wrote 1
 to /proc/sys/vm/drop_caches).
fatal: not a git repository (or any parent up to mount point /local)
Stopping at filesystem boundary (GIT_DISCOVERY_ACROSS_FILESYSTEM not set).
fatal: not a git repository (or any parent up to mount point /local)
Stopping at filesystem boundary (GIT_DISCOVERY_ACROSS_FILESYSTEM not set).
fatal: not a git repository (or any parent up to mount point /local)
Stopping at filesystem boundary (GIT_DISCOVERY_ACROSS_FILESYSTEM not set).
fatal: not a git repository (or any parent up to mount point /local)
Stopping at filesystem boundary (GIT_DISCOVERY_ACROSS_FILESYSTEM not set).
fatal: not a git repository (or any parent up to mount point /local)
Stopping at filesystem boundary (GIT_DISCOVERY_ACROSS_FILESYSTEM not set).
rep 1/1: complete export=s e2e=18.071476901s 504927346 bytes syscr=8885604 pread64=2633 io_uring_enter=167024 read_bytes=9437421568 cpu_s=39.570000
[2026-10-06T07:09:46Z] pr196-H-vocab-label-large-de-cold-variant-r2 done
Caches dropped successfully (synced, then wrote 1
 to /proc/sys/vm/drop_caches).
fatal: not a git repository (or any parent up to mount point /local)
Stopping at filesystem boundary (GIT_DISCOVERY_ACROSS_FILESYSTEM not set).
fatal: not a git repository (or any parent up to mount point /local)
Stopping at filesystem boundary (GIT_DISCOVERY_ACROSS_FILESYSTEM not set).
fatal: not a git repository (or any parent up to mount point /local)
Stopping at filesystem boundary (GIT_DISCOVERY_ACROSS_FILESYSTEM not set).
fatal: not a git repository (or any parent up to mount point /local)
Stopping at filesystem boundary (GIT_DISCOVERY_ACROSS_FILESYSTEM not set).
fatal: not a git repository (or any parent up to mount point /local)
Stopping at filesystem boundary (GIT_DISCOVERY_ACROSS_FILESYSTEM not set).
rep 1/1: complete export=s e2e=37.891781515s 504927346 bytes syscr=8881610 pread64=2633 io_uring_enter=167549 read_bytes=9443053568 cpu_s=40.730000
[2026-10-06T07:11:10Z] pr196-H-vocab-label-large-de-cold-base-r2 done
Caches dropped successfully (synced, then wrote 1
 to /proc/sys/vm/drop_caches).
fatal: not a git repository (or any parent up to mount point /local)
Stopping at filesystem boundary (GIT_DISCOVERY_ACROSS_FILESYSTEM not set).
fatal: not a git repository (or any parent up to mount point /local)
Stopping at filesystem boundary (GIT_DISCOVERY_ACROSS_FILESYSTEM not set).
fatal: not a git repository (or any parent up to mount point /local)
Stopping at filesystem boundary (GIT_DISCOVERY_ACROSS_FILESYSTEM not set).
fatal: not a git repository (or any parent up to mount point /local)
Stopping at filesystem boundary (GIT_DISCOVERY_ACROSS_FILESYSTEM not set).
fatal: not a git repository (or any parent up to mount point /local)
Stopping at filesystem boundary (GIT_DISCOVERY_ACROSS_FILESYSTEM not set).
rep 1/1: complete export=s e2e=33.361444148s 504927346 bytes syscr=8881602 pread64=2633 io_uring_enter=168281 read_bytes=9442918400 cpu_s=37.230000
[2026-10-06T07:12:24Z] pr196-H-vocab-label-large-de-cold-base-r3 done
Caches dropped successfully (synced, then wrote 1
 to /proc/sys/vm/drop_caches).
fatal: not a git repository (or any parent up to mount point /local)
Stopping at filesystem boundary (GIT_DISCOVERY_ACROSS_FILESYSTEM not set).
fatal: not a git repository (or any parent up to mount point /local)
Stopping at filesystem boundary (GIT_DISCOVERY_ACROSS_FILESYSTEM not set).
fatal: not a git repository (or any parent up to mount point /local)
Stopping at filesystem boundary (GIT_DISCOVERY_ACROSS_FILESYSTEM not set).
fatal: not a git repository (or any parent up to mount point /local)
Stopping at filesystem boundary (GIT_DISCOVERY_ACROSS_FILESYSTEM not set).
fatal: not a git repository (or any parent up to mount point /local)
Stopping at filesystem boundary (GIT_DISCOVERY_ACROSS_FILESYSTEM not set).
rep 1/1: complete export=s e2e=16.513638821s 504927346 bytes syscr=8885470 pread64=2633 io_uring_enter=168313 read_bytes=9437421568 cpu_s=36.340000
[2026-10-06T07:13:18Z] pr196-H-vocab-label-large-de-cold-variant-r3 done
Caches dropped successfully (synced, then wrote 1
 to /proc/sys/vm/drop_caches).
fatal: not a git repository (or any parent up to mount point /local)
Stopping at filesystem boundary (GIT_DISCOVERY_ACROSS_FILESYSTEM not set).
fatal: not a git repository (or any parent up to mount point /local)
Stopping at filesystem boundary (GIT_DISCOVERY_ACROSS_FILESYSTEM not set).
fatal: not a git repository (or any parent up to mount point /local)
Stopping at filesystem boundary (GIT_DISCOVERY_ACROSS_FILESYSTEM not set).
fatal: not a git repository (or any parent up to mount point /local)
Stopping at filesystem boundary (GIT_DISCOVERY_ACROSS_FILESYSTEM not set).
fatal: not a git repository (or any parent up to mount point /local)
Stopping at filesystem boundary (GIT_DISCOVERY_ACROSS_FILESYSTEM not set).
rep 1/1: complete export=s e2e=38.187534060s 504927346 bytes syscr=8881631 pread64=2633 io_uring_enter=35975 read_bytes=9440894976 cpu_s=41.240000
[2026-10-06T07:14:38Z] pr196-H-vocab-label-large-de-cold-variant2-r3 done
Caches dropped successfully (synced, then wrote 1
 to /proc/sys/vm/drop_caches).
fatal: not a git repository (or any parent up to mount point /local)
Stopping at filesystem boundary (GIT_DISCOVERY_ACROSS_FILESYSTEM not set).
fatal: not a git repository (or any parent up to mount point /local)
Stopping at filesystem boundary (GIT_DISCOVERY_ACROSS_FILESYSTEM not set).
fatal: not a git repository (or any parent up to mount point /local)
Stopping at filesystem boundary (GIT_DISCOVERY_ACROSS_FILESYSTEM not set).
fatal: not a git repository (or any parent up to mount point /local)
Stopping at filesystem boundary (GIT_DISCOVERY_ACROSS_FILESYSTEM not set).
fatal: not a git repository (or any parent up to mount point /local)
Stopping at filesystem boundary (GIT_DISCOVERY_ACROSS_FILESYSTEM not set).
rep 1/1: complete export=s e2e=29.235878038s 504927346 bytes syscr=8881615 pread64=2633 io_uring_enter=40586 read_bytes=9441783808 cpu_s=32.650000
[2026-10-06T07:15:43Z] pr196-H-vocab-label-large-de-cold-variant2-r4 done
Caches dropped successfully (synced, then wrote 1
 to /proc/sys/vm/drop_caches).
fatal: not a git repository (or any parent up to mount point /local)
Stopping at filesystem boundary (GIT_DISCOVERY_ACROSS_FILESYSTEM not set).
fatal: not a git repository (or any parent up to mount point /local)
Stopping at filesystem boundary (GIT_DISCOVERY_ACROSS_FILESYSTEM not set).
fatal: not a git repository (or any parent up to mount point /local)
Stopping at filesystem boundary (GIT_DISCOVERY_ACROSS_FILESYSTEM not set).
fatal: not a git repository (or any parent up to mount point /local)
Stopping at filesystem boundary (GIT_DISCOVERY_ACROSS_FILESYSTEM not set).
fatal: not a git repository (or any parent up to mount point /local)
Stopping at filesystem boundary (GIT_DISCOVERY_ACROSS_FILESYSTEM not set).
rep 1/1: complete export=s e2e=15.060257754s 504927346 bytes syscr=8885596 pread64=2633 io_uring_enter=169452 read_bytes=9436770304 cpu_s=33.270000
[2026-10-06T07:16:36Z] pr196-H-vocab-label-large-de-cold-variant-r4 done
Caches dropped successfully (synced, then wrote 1
 to /proc/sys/vm/drop_caches).
fatal: not a git repository (or any parent up to mount point /local)
Stopping at filesystem boundary (GIT_DISCOVERY_ACROSS_FILESYSTEM not set).
fatal: not a git repository (or any parent up to mount point /local)
Stopping at filesystem boundary (GIT_DISCOVERY_ACROSS_FILESYSTEM not set).
fatal: not a git repository (or any parent up to mount point /local)
Stopping at filesystem boundary (GIT_DISCOVERY_ACROSS_FILESYSTEM not set).
fatal: not a git repository (or any parent up to mount point /local)
Stopping at filesystem boundary (GIT_DISCOVERY_ACROSS_FILESYSTEM not set).
fatal: not a git repository (or any parent up to mount point /local)
Stopping at filesystem boundary (GIT_DISCOVERY_ACROSS_FILESYSTEM not set).
rep 1/1: complete export=s e2e=33.220745279s 504927346 bytes syscr=8881602 pread64=2633 io_uring_enter=167835 read_bytes=9442918400 cpu_s=36.960000
[2026-10-06T07:17:48Z] pr196-H-vocab-label-large-de-cold-base-r4 done
Caches dropped successfully (synced, then wrote 1
 to /proc/sys/vm/drop_caches).
fatal: not a git repository (or any parent up to mount point /local)
Stopping at filesystem boundary (GIT_DISCOVERY_ACROSS_FILESYSTEM not set).
fatal: not a git repository (or any parent up to mount point /local)
Stopping at filesystem boundary (GIT_DISCOVERY_ACROSS_FILESYSTEM not set).
fatal: not a git repository (or any parent up to mount point /local)
Stopping at filesystem boundary (GIT_DISCOVERY_ACROSS_FILESYSTEM not set).
fatal: not a git repository (or any parent up to mount point /local)
Stopping at filesystem boundary (GIT_DISCOVERY_ACROSS_FILESYSTEM not set).
fatal: not a git repository (or any parent up to mount point /local)
Stopping at filesystem boundary (GIT_DISCOVERY_ACROSS_FILESYSTEM not set).
rep 1/1: complete export=s e2e=33.049519852s 504927346 bytes syscr=8881602 pread64=2633 io_uring_enter=169100 read_bytes=9444126720 cpu_s=36.540000
[2026-10-06T07:18:57Z] pr196-H-vocab-label-large-de-cold-base-r5 done
Caches dropped successfully (synced, then wrote 1
 to /proc/sys/vm/drop_caches).
fatal: not a git repository (or any parent up to mount point /local)
Stopping at filesystem boundary (GIT_DISCOVERY_ACROSS_FILESYSTEM not set).
fatal: not a git repository (or any parent up to mount point /local)
Stopping at filesystem boundary (GIT_DISCOVERY_ACROSS_FILESYSTEM not set).
fatal: not a git repository (or any parent up to mount point /local)
Stopping at filesystem boundary (GIT_DISCOVERY_ACROSS_FILESYSTEM not set).
fatal: not a git repository (or any parent up to mount point /local)
Stopping at filesystem boundary (GIT_DISCOVERY_ACROSS_FILESYSTEM not set).
fatal: not a git repository (or any parent up to mount point /local)
Stopping at filesystem boundary (GIT_DISCOVERY_ACROSS_FILESYSTEM not set).
rep 1/1: complete export=s e2e=20.454603823s 504927346 bytes syscr=8886100 pread64=2633 io_uring_enter=166879 read_bytes=9436770304 cpu_s=40.760000
[2026-10-06T07:20:02Z] pr196-H-vocab-label-large-de-cold-variant-r5 done
Caches dropped successfully (synced, then wrote 1
 to /proc/sys/vm/drop_caches).
fatal: not a git repository (or any parent up to mount point /local)
Stopping at filesystem boundary (GIT_DISCOVERY_ACROSS_FILESYSTEM not set).
fatal: not a git repository (or any parent up to mount point /local)
Stopping at filesystem boundary (GIT_DISCOVERY_ACROSS_FILESYSTEM not set).
fatal: not a git repository (or any parent up to mount point /local)
Stopping at filesystem boundary (GIT_DISCOVERY_ACROSS_FILESYSTEM not set).
fatal: not a git repository (or any parent up to mount point /local)
Stopping at filesystem boundary (GIT_DISCOVERY_ACROSS_FILESYSTEM not set).
fatal: not a git repository (or any parent up to mount point /local)
Stopping at filesystem boundary (GIT_DISCOVERY_ACROSS_FILESYSTEM not set).
rep 1/1: complete export=s e2e=27.234574929s 504927346 bytes syscr=8881607 pread64=2633 io_uring_enter=41874 read_bytes=9440759808 cpu_s=30.420000
[2026-10-06T07:21:12Z] pr196-H-vocab-label-large-de-cold-variant2-r5 done
Caches dropped successfully (synced, then wrote 1
 to /proc/sys/vm/drop_caches).
fatal: not a git repository (or any parent up to mount point /local)
Stopping at filesystem boundary (GIT_DISCOVERY_ACROSS_FILESYSTEM not set).
fatal: not a git repository (or any parent up to mount point /local)
Stopping at filesystem boundary (GIT_DISCOVERY_ACROSS_FILESYSTEM not set).
fatal: not a git repository (or any parent up to mount point /local)
Stopping at filesystem boundary (GIT_DISCOVERY_ACROSS_FILESYSTEM not set).
fatal: not a git repository (or any parent up to mount point /local)
Stopping at filesystem boundary (GIT_DISCOVERY_ACROSS_FILESYSTEM not set).
fatal: not a git repository (or any parent up to mount point /local)
Stopping at filesystem boundary (GIT_DISCOVERY_ACROSS_FILESYSTEM not set).
rep 1/1: complete export=s e2e=37.871486662s 504927346 bytes syscr=8881631 pread64=2633 io_uring_enter=35891 read_bytes=9441329152 cpu_s=41.240000
[2026-10-06T07:22:26Z] pr196-H-vocab-label-large-de-cold-variant2-r6 done
Caches dropped successfully (synced, then wrote 1
 to /proc/sys/vm/drop_caches).
fatal: not a git repository (or any parent up to mount point /local)
Stopping at filesystem boundary (GIT_DISCOVERY_ACROSS_FILESYSTEM not set).
fatal: not a git repository (or any parent up to mount point /local)
Stopping at filesystem boundary (GIT_DISCOVERY_ACROSS_FILESYSTEM not set).
fatal: not a git repository (or any parent up to mount point /local)
Stopping at filesystem boundary (GIT_DISCOVERY_ACROSS_FILESYSTEM not set).
fatal: not a git repository (or any parent up to mount point /local)
Stopping at filesystem boundary (GIT_DISCOVERY_ACROSS_FILESYSTEM not set).
fatal: not a git repository (or any parent up to mount point /local)
Stopping at filesystem boundary (GIT_DISCOVERY_ACROSS_FILESYSTEM not set).
rep 1/1: complete export=s e2e=20.864737226s 504927346 bytes syscr=8885968 pread64=2633 io_uring_enter=166960 read_bytes=9438158848 cpu_s=40.490000
[2026-10-06T07:23:31Z] pr196-H-vocab-label-large-de-cold-variant-r6 done
Caches dropped successfully (synced, then wrote 1
 to /proc/sys/vm/drop_caches).
fatal: not a git repository (or any parent up to mount point /local)
Stopping at filesystem boundary (GIT_DISCOVERY_ACROSS_FILESYSTEM not set).
fatal: not a git repository (or any parent up to mount point /local)
Stopping at filesystem boundary (GIT_DISCOVERY_ACROSS_FILESYSTEM not set).
fatal: not a git repository (or any parent up to mount point /local)
Stopping at filesystem boundary (GIT_DISCOVERY_ACROSS_FILESYSTEM not set).
fatal: not a git repository (or any parent up to mount point /local)
Stopping at filesystem boundary (GIT_DISCOVERY_ACROSS_FILESYSTEM not set).
fatal: not a git repository (or any parent up to mount point /local)
Stopping at filesystem boundary (GIT_DISCOVERY_ACROSS_FILESYSTEM not set).
rep 1/1: complete export=s e2e=37.328311265s 504927346 bytes syscr=8881606 pread64=2633 io_uring_enter=166358 read_bytes=9444261888 cpu_s=41.300000
[2026-10-06T07:24:55Z] pr196-H-vocab-label-large-de-cold-base-r6 done
Caches dropped successfully (synced, then wrote 1
 to /proc/sys/vm/drop_caches).
fatal: not a git repository (or any parent up to mount point /local)
Stopping at filesystem boundary (GIT_DISCOVERY_ACROSS_FILESYSTEM not set).
fatal: not a git repository (or any parent up to mount point /local)
Stopping at filesystem boundary (GIT_DISCOVERY_ACROSS_FILESYSTEM not set).
fatal: not a git repository (or any parent up to mount point /local)
Stopping at filesystem boundary (GIT_DISCOVERY_ACROSS_FILESYSTEM not set).
fatal: not a git repository (or any parent up to mount point /local)
Stopping at filesystem boundary (GIT_DISCOVERY_ACROSS_FILESYSTEM not set).
fatal: not a git repository (or any parent up to mount point /local)
Stopping at filesystem boundary (GIT_DISCOVERY_ACROSS_FILESYSTEM not set).
rep 1/1: complete export=s e2e=37.037809814s 504927346 bytes syscr=8881606 pread64=2633 io_uring_enter=167724 read_bytes=9444126720 cpu_s=40.820000
[2026-10-06T07:26:17Z] pr196-H-vocab-label-large-de-cold-base-r7 done
Caches dropped successfully (synced, then wrote 1
 to /proc/sys/vm/drop_caches).
fatal: not a git repository (or any parent up to mount point /local)
Stopping at filesystem boundary (GIT_DISCOVERY_ACROSS_FILESYSTEM not set).
fatal: not a git repository (or any parent up to mount point /local)
Stopping at filesystem boundary (GIT_DISCOVERY_ACROSS_FILESYSTEM not set).
fatal: not a git repository (or any parent up to mount point /local)
Stopping at filesystem boundary (GIT_DISCOVERY_ACROSS_FILESYSTEM not set).
fatal: not a git repository (or any parent up to mount point /local)
Stopping at filesystem boundary (GIT_DISCOVERY_ACROSS_FILESYSTEM not set).
fatal: not a git repository (or any parent up to mount point /local)
Stopping at filesystem boundary (GIT_DISCOVERY_ACROSS_FILESYSTEM not set).
rep 1/1: complete export=s e2e=20.489497076s 504927346 bytes syscr=8886148 pread64=2633 io_uring_enter=166071 read_bytes=9439977472 cpu_s=41.720000
[2026-10-06T07:27:23Z] pr196-H-vocab-label-large-de-cold-variant-r7 done
Caches dropped successfully (synced, then wrote 1
 to /proc/sys/vm/drop_caches).
fatal: not a git repository (or any parent up to mount point /local)
Stopping at filesystem boundary (GIT_DISCOVERY_ACROSS_FILESYSTEM not set).
fatal: not a git repository (or any parent up to mount point /local)
Stopping at filesystem boundary (GIT_DISCOVERY_ACROSS_FILESYSTEM not set).
fatal: not a git repository (or any parent up to mount point /local)
Stopping at filesystem boundary (GIT_DISCOVERY_ACROSS_FILESYSTEM not set).
fatal: not a git repository (or any parent up to mount point /local)
Stopping at filesystem boundary (GIT_DISCOVERY_ACROSS_FILESYSTEM not set).
fatal: not a git repository (or any parent up to mount point /local)
Stopping at filesystem boundary (GIT_DISCOVERY_ACROSS_FILESYSTEM not set).
rep 1/1: complete export=s e2e=38.576617209s 504927346 bytes syscr=8881631 pread64=2633 io_uring_enter=35800 read_bytes=9442353152 cpu_s=41.720000
[2026-10-06T07:28:46Z] pr196-H-vocab-label-large-de-cold-variant2-r7 done
Caches dropped successfully (synced, then wrote 1
 to /proc/sys/vm/drop_caches).
fatal: not a git repository (or any parent up to mount point /local)
Stopping at filesystem boundary (GIT_DISCOVERY_ACROSS_FILESYSTEM not set).
fatal: not a git repository (or any parent up to mount point /local)
Stopping at filesystem boundary (GIT_DISCOVERY_ACROSS_FILESYSTEM not set).
fatal: not a git repository (or any parent up to mount point /local)
Stopping at filesystem boundary (GIT_DISCOVERY_ACROSS_FILESYSTEM not set).
fatal: not a git repository (or any parent up to mount point /local)
Stopping at filesystem boundary (GIT_DISCOVERY_ACROSS_FILESYSTEM not set).
fatal: not a git repository (or any parent up to mount point /local)
Stopping at filesystem boundary (GIT_DISCOVERY_ACROSS_FILESYSTEM not set).
rep 1/1: complete export=s e2e=38.955936500s 504927346 bytes syscr=8881631 pread64=2633 io_uring_enter=35641 read_bytes=9444896768 cpu_s=42.260000
[2026-10-06T07:30:10Z] pr196-H-vocab-label-large-de-cold-variant2-r8 done
Caches dropped successfully (synced, then wrote 1
 to /proc/sys/vm/drop_caches).
fatal: not a git repository (or any parent up to mount point /local)
Stopping at filesystem boundary (GIT_DISCOVERY_ACROSS_FILESYSTEM not set).
fatal: not a git repository (or any parent up to mount point /local)
Stopping at filesystem boundary (GIT_DISCOVERY_ACROSS_FILESYSTEM not set).
fatal: not a git repository (or any parent up to mount point /local)
Stopping at filesystem boundary (GIT_DISCOVERY_ACROSS_FILESYSTEM not set).
fatal: not a git repository (or any parent up to mount point /local)
Stopping at filesystem boundary (GIT_DISCOVERY_ACROSS_FILESYSTEM not set).
fatal: not a git repository (or any parent up to mount point /local)
Stopping at filesystem boundary (GIT_DISCOVERY_ACROSS_FILESYSTEM not set).
rep 1/1: complete export=s e2e=20.246825689s 504927346 bytes syscr=8885994 pread64=2633 io_uring_enter=166740 read_bytes=9439883264 cpu_s=41.510000
[2026-10-06T07:31:16Z] pr196-H-vocab-label-large-de-cold-variant-r8 done
Caches dropped successfully (synced, then wrote 1
 to /proc/sys/vm/drop_caches).
fatal: not a git repository (or any parent up to mount point /local)
Stopping at filesystem boundary (GIT_DISCOVERY_ACROSS_FILESYSTEM not set).
fatal: not a git repository (or any parent up to mount point /local)
Stopping at filesystem boundary (GIT_DISCOVERY_ACROSS_FILESYSTEM not set).
fatal: not a git repository (or any parent up to mount point /local)
Stopping at filesystem boundary (GIT_DISCOVERY_ACROSS_FILESYSTEM not set).
fatal: not a git repository (or any parent up to mount point /local)
Stopping at filesystem boundary (GIT_DISCOVERY_ACROSS_FILESYSTEM not set).
fatal: not a git repository (or any parent up to mount point /local)
Stopping at filesystem boundary (GIT_DISCOVERY_ACROSS_FILESYSTEM not set).
rep 1/1: complete export=s e2e=33.614290102s 504927346 bytes syscr=8881602 pread64=2633 io_uring_enter=168816 read_bytes=9444167680 cpu_s=37.540000
[2026-10-06T07:32:29Z] pr196-H-vocab-label-large-de-cold-base-r8 done
Caches dropped successfully (synced, then wrote 1
 to /proc/sys/vm/drop_caches).
fatal: not a git repository (or any parent up to mount point /local)
Stopping at filesystem boundary (GIT_DISCOVERY_ACROSS_FILESYSTEM not set).
fatal: not a git repository (or any parent up to mount point /local)
Stopping at filesystem boundary (GIT_DISCOVERY_ACROSS_FILESYSTEM not set).
fatal: not a git repository (or any parent up to mount point /local)
Stopping at filesystem boundary (GIT_DISCOVERY_ACROSS_FILESYSTEM not set).
fatal: not a git repository (or any parent up to mount point /local)
Stopping at filesystem boundary (GIT_DISCOVERY_ACROSS_FILESYSTEM not set).
fatal: not a git repository (or any parent up to mount point /local)
Stopping at filesystem boundary (GIT_DISCOVERY_ACROSS_FILESYSTEM not set).
rep 1/1: complete export=s e2e=33.895879822s 504927346 bytes syscr=8881602 pread64=2633 io_uring_enter=167659 read_bytes=9442918400 cpu_s=37.930000
[2026-10-06T07:33:45Z] pr196-H-vocab-label-large-de-cold-base-r9 done
Caches dropped successfully (synced, then wrote 1
 to /proc/sys/vm/drop_caches).
fatal: not a git repository (or any parent up to mount point /local)
Stopping at filesystem boundary (GIT_DISCOVERY_ACROSS_FILESYSTEM not set).
fatal: not a git repository (or any parent up to mount point /local)
Stopping at filesystem boundary (GIT_DISCOVERY_ACROSS_FILESYSTEM not set).
fatal: not a git repository (or any parent up to mount point /local)
Stopping at filesystem boundary (GIT_DISCOVERY_ACROSS_FILESYSTEM not set).
fatal: not a git repository (or any parent up to mount point /local)
Stopping at filesystem boundary (GIT_DISCOVERY_ACROSS_FILESYSTEM not set).
fatal: not a git repository (or any parent up to mount point /local)
Stopping at filesystem boundary (GIT_DISCOVERY_ACROSS_FILESYSTEM not set).
rep 1/1: complete export=s e2e=18.151431893s 504927346 bytes syscr=8885854 pread64=2633 io_uring_enter=166936 read_bytes=9436770304 cpu_s=39.800000
[2026-10-06T07:34:44Z] pr196-H-vocab-label-large-de-cold-variant-r9 done
Caches dropped successfully (synced, then wrote 1
 to /proc/sys/vm/drop_caches).
fatal: not a git repository (or any parent up to mount point /local)
Stopping at filesystem boundary (GIT_DISCOVERY_ACROSS_FILESYSTEM not set).
fatal: not a git repository (or any parent up to mount point /local)
Stopping at filesystem boundary (GIT_DISCOVERY_ACROSS_FILESYSTEM not set).
fatal: not a git repository (or any parent up to mount point /local)
Stopping at filesystem boundary (GIT_DISCOVERY_ACROSS_FILESYSTEM not set).
fatal: not a git repository (or any parent up to mount point /local)
Stopping at filesystem boundary (GIT_DISCOVERY_ACROSS_FILESYSTEM not set).
fatal: not a git repository (or any parent up to mount point /local)
Stopping at filesystem boundary (GIT_DISCOVERY_ACROSS_FILESYSTEM not set).
rep 1/1: complete export=s e2e=35.053649392s 504927346 bytes syscr=8881623 pread64=2633 io_uring_enter=36794 read_bytes=9441783808 cpu_s=38.870000
[2026-10-06T07:36:00Z] pr196-H-vocab-label-large-de-cold-variant2-r9 done
Caches dropped successfully (synced, then wrote 1
 to /proc/sys/vm/drop_caches).
fatal: not a git repository (or any parent up to mount point /local)
Stopping at filesystem boundary (GIT_DISCOVERY_ACROSS_FILESYSTEM not set).
fatal: not a git repository (or any parent up to mount point /local)
Stopping at filesystem boundary (GIT_DISCOVERY_ACROSS_FILESYSTEM not set).
fatal: not a git repository (or any parent up to mount point /local)
Stopping at filesystem boundary (GIT_DISCOVERY_ACROSS_FILESYSTEM not set).
fatal: not a git repository (or any parent up to mount point /local)
Stopping at filesystem boundary (GIT_DISCOVERY_ACROSS_FILESYSTEM not set).
fatal: not a git repository (or any parent up to mount point /local)
Stopping at filesystem boundary (GIT_DISCOVERY_ACROSS_FILESYSTEM not set).
rep 1/1: complete export=s e2e=35.176033163s 504927346 bytes syscr=8881623 pread64=2633 io_uring_enter=36826 read_bytes=9440759808 cpu_s=39.040000
[2026-10-06T07:37:15Z] pr196-H-vocab-label-large-de-cold-variant2-r10 done
Caches dropped successfully (synced, then wrote 1
 to /proc/sys/vm/drop_caches).
fatal: not a git repository (or any parent up to mount point /local)
Stopping at filesystem boundary (GIT_DISCOVERY_ACROSS_FILESYSTEM not set).
fatal: not a git repository (or any parent up to mount point /local)
Stopping at filesystem boundary (GIT_DISCOVERY_ACROSS_FILESYSTEM not set).
fatal: not a git repository (or any parent up to mount point /local)
Stopping at filesystem boundary (GIT_DISCOVERY_ACROSS_FILESYSTEM not set).
fatal: not a git repository (or any parent up to mount point /local)
Stopping at filesystem boundary (GIT_DISCOVERY_ACROSS_FILESYSTEM not set).
fatal: not a git repository (or any parent up to mount point /local)
Stopping at filesystem boundary (GIT_DISCOVERY_ACROSS_FILESYSTEM not set).
rep 1/1: complete export=s e2e=18.043801946s 504927346 bytes syscr=8885928 pread64=2633 io_uring_enter=167519 read_bytes=9436770304 cpu_s=39.460000
[2026-10-06T07:38:14Z] pr196-H-vocab-label-large-de-cold-variant-r10 done
Caches dropped successfully (synced, then wrote 1
 to /proc/sys/vm/drop_caches).
fatal: not a git repository (or any parent up to mount point /local)
Stopping at filesystem boundary (GIT_DISCOVERY_ACROSS_FILESYSTEM not set).
fatal: not a git repository (or any parent up to mount point /local)
Stopping at filesystem boundary (GIT_DISCOVERY_ACROSS_FILESYSTEM not set).
fatal: not a git repository (or any parent up to mount point /local)
Stopping at filesystem boundary (GIT_DISCOVERY_ACROSS_FILESYSTEM not set).
fatal: not a git repository (or any parent up to mount point /local)
Stopping at filesystem boundary (GIT_DISCOVERY_ACROSS_FILESYSTEM not set).
fatal: not a git repository (or any parent up to mount point /local)
Stopping at filesystem boundary (GIT_DISCOVERY_ACROSS_FILESYSTEM not set).
rep 1/1: complete export=s e2e=28.618280465s 504927346 bytes syscr=8881590 pread64=2633 io_uring_enter=169554 read_bytes=9442918400 cpu_s=32.300000
[2026-10-06T07:39:21Z] pr196-H-vocab-label-large-de-cold-base-r10 done
fatal: not a git repository (or any parent up to mount point /local)
Stopping at filesystem boundary (GIT_DISCOVERY_ACROSS_FILESYSTEM not set).
fatal: not a git repository (or any parent up to mount point /local)
Stopping at filesystem boundary (GIT_DISCOVERY_ACROSS_FILESYSTEM not set).
fatal: not a git repository (or any parent up to mount point /local)
Stopping at filesystem boundary (GIT_DISCOVERY_ACROSS_FILESYSTEM not set).
fatal: not a git repository (or any parent up to mount point /local)
Stopping at filesystem boundary (GIT_DISCOVERY_ACROSS_FILESYSTEM not set).
fatal: not a git repository (or any parent up to mount point /local)
Stopping at filesystem boundary (GIT_DISCOVERY_ACROSS_FILESYSTEM not set).
rep 1/1: complete export=s e2e=17.594856194s 504927346 bytes syscr=8881570 pread64=2633 io_uring_enter=0 read_bytes=0 cpu_s=21.410000
[2026-10-06T07:40:36Z] pr196-H-vocab-label-large-de-warm-base-r1 done
fatal: not a git repository (or any parent up to mount point /local)
Stopping at filesystem boundary (GIT_DISCOVERY_ACROSS_FILESYSTEM not set).
fatal: not a git repository (or any parent up to mount point /local)
Stopping at filesystem boundary (GIT_DISCOVERY_ACROSS_FILESYSTEM not set).
fatal: not a git repository (or any parent up to mount point /local)
Stopping at filesystem boundary (GIT_DISCOVERY_ACROSS_FILESYSTEM not set).
fatal: not a git repository (or any parent up to mount point /local)
Stopping at filesystem boundary (GIT_DISCOVERY_ACROSS_FILESYSTEM not set).
fatal: not a git repository (or any parent up to mount point /local)
Stopping at filesystem boundary (GIT_DISCOVERY_ACROSS_FILESYSTEM not set).
rep 1/1: complete export=s e2e=11.642049043s 504927346 bytes syscr=8884544 pread64=2633 io_uring_enter=0 read_bytes=0 cpu_s=26.430000
[2026-10-06T07:41:35Z] pr196-H-vocab-label-large-de-warm-variant-r1 done
fatal: not a git repository (or any parent up to mount point /local)
Stopping at filesystem boundary (GIT_DISCOVERY_ACROSS_FILESYSTEM not set).
fatal: not a git repository (or any parent up to mount point /local)
Stopping at filesystem boundary (GIT_DISCOVERY_ACROSS_FILESYSTEM not set).
fatal: not a git repository (or any parent up to mount point /local)
Stopping at filesystem boundary (GIT_DISCOVERY_ACROSS_FILESYSTEM not set).
fatal: not a git repository (or any parent up to mount point /local)
Stopping at filesystem boundary (GIT_DISCOVERY_ACROSS_FILESYSTEM not set).
fatal: not a git repository (or any parent up to mount point /local)
Stopping at filesystem boundary (GIT_DISCOVERY_ACROSS_FILESYSTEM not set).
rep 1/1: complete export=s e2e=18.268188277s 504927346 bytes syscr=8881591 pread64=2633 io_uring_enter=0 read_bytes=0 cpu_s=21.930000
[2026-10-06T07:42:54Z] pr196-H-vocab-label-large-de-warm-variant2-r1 done
fatal: not a git repository (or any parent up to mount point /local)
Stopping at filesystem boundary (GIT_DISCOVERY_ACROSS_FILESYSTEM not set).
fatal: not a git repository (or any parent up to mount point /local)
Stopping at filesystem boundary (GIT_DISCOVERY_ACROSS_FILESYSTEM not set).
fatal: not a git repository (or any parent up to mount point /local)
Stopping at filesystem boundary (GIT_DISCOVERY_ACROSS_FILESYSTEM not set).
fatal: not a git repository (or any parent up to mount point /local)
Stopping at filesystem boundary (GIT_DISCOVERY_ACROSS_FILESYSTEM not set).
fatal: not a git repository (or any parent up to mount point /local)
Stopping at filesystem boundary (GIT_DISCOVERY_ACROSS_FILESYSTEM not set).
rep 1/1: complete export=s e2e=16.713226466s 504927346 bytes syscr=8881587 pread64=2633 io_uring_enter=0 read_bytes=0 cpu_s=20.510000
[2026-10-06T07:44:07Z] pr196-H-vocab-label-large-de-warm-variant2-r2 done
fatal: not a git repository (or any parent up to mount point /local)
Stopping at filesystem boundary (GIT_DISCOVERY_ACROSS_FILESYSTEM not set).
fatal: not a git repository (or any parent up to mount point /local)
Stopping at filesystem boundary (GIT_DISCOVERY_ACROSS_FILESYSTEM not set).
fatal: not a git repository (or any parent up to mount point /local)
Stopping at filesystem boundary (GIT_DISCOVERY_ACROSS_FILESYSTEM not set).
fatal: not a git repository (or any parent up to mount point /local)
Stopping at filesystem boundary (GIT_DISCOVERY_ACROSS_FILESYSTEM not set).
fatal: not a git repository (or any parent up to mount point /local)
Stopping at filesystem boundary (GIT_DISCOVERY_ACROSS_FILESYSTEM not set).
rep 1/1: complete export=s e2e=9.079851001s 504927346 bytes syscr=17769796 pread64=5266 io_uring_enter=0 read_bytes=0 cpu_s=42.010000
[2026-10-06T07:45:08Z] pr196-H-vocab-label-large-de-warm-variant-r2 done
fatal: not a git repository (or any parent up to mount point /local)
Stopping at filesystem boundary (GIT_DISCOVERY_ACROSS_FILESYSTEM not set).
fatal: not a git repository (or any parent up to mount point /local)
Stopping at filesystem boundary (GIT_DISCOVERY_ACROSS_FILESYSTEM not set).
fatal: not a git repository (or any parent up to mount point /local)
Stopping at filesystem boundary (GIT_DISCOVERY_ACROSS_FILESYSTEM not set).
fatal: not a git repository (or any parent up to mount point /local)
Stopping at filesystem boundary (GIT_DISCOVERY_ACROSS_FILESYSTEM not set).
fatal: not a git repository (or any parent up to mount point /local)
Stopping at filesystem boundary (GIT_DISCOVERY_ACROSS_FILESYSTEM not set).
rep 1/1: complete export=s e2e=15.962011115s 504927346 bytes syscr=8881566 pread64=2633 io_uring_enter=0 read_bytes=0 cpu_s=19.710000
[2026-10-06T07:46:17Z] pr196-H-vocab-label-large-de-warm-base-r2 done
fatal: not a git repository (or any parent up to mount point /local)
Stopping at filesystem boundary (GIT_DISCOVERY_ACROSS_FILESYSTEM not set).
fatal: not a git repository (or any parent up to mount point /local)
Stopping at filesystem boundary (GIT_DISCOVERY_ACROSS_FILESYSTEM not set).
fatal: not a git repository (or any parent up to mount point /local)
Stopping at filesystem boundary (GIT_DISCOVERY_ACROSS_FILESYSTEM not set).
fatal: not a git repository (or any parent up to mount point /local)
Stopping at filesystem boundary (GIT_DISCOVERY_ACROSS_FILESYSTEM not set).
fatal: not a git repository (or any parent up to mount point /local)
Stopping at filesystem boundary (GIT_DISCOVERY_ACROSS_FILESYSTEM not set).
rep 1/1: complete export=s e2e=15.912305804s 504927346 bytes syscr=8881566 pread64=2633 io_uring_enter=0 read_bytes=0 cpu_s=19.640000
[2026-10-06T07:47:26Z] pr196-H-vocab-label-large-de-warm-base-r3 done
fatal: not a git repository (or any parent up to mount point /local)
Stopping at filesystem boundary (GIT_DISCOVERY_ACROSS_FILESYSTEM not set).
fatal: not a git repository (or any parent up to mount point /local)
Stopping at filesystem boundary (GIT_DISCOVERY_ACROSS_FILESYSTEM not set).
fatal: not a git repository (or any parent up to mount point /local)
Stopping at filesystem boundary (GIT_DISCOVERY_ACROSS_FILESYSTEM not set).
fatal: not a git repository (or any parent up to mount point /local)
Stopping at filesystem boundary (GIT_DISCOVERY_ACROSS_FILESYSTEM not set).
fatal: not a git repository (or any parent up to mount point /local)
Stopping at filesystem boundary (GIT_DISCOVERY_ACROSS_FILESYSTEM not set).
rep 1/1: complete export=s e2e=8.994203854s 504927346 bytes syscr=17769668 pread64=5266 io_uring_enter=0 read_bytes=0 cpu_s=41.730000
[2026-10-06T07:48:26Z] pr196-H-vocab-label-large-de-warm-variant-r3 done
fatal: not a git repository (or any parent up to mount point /local)
Stopping at filesystem boundary (GIT_DISCOVERY_ACROSS_FILESYSTEM not set).
fatal: not a git repository (or any parent up to mount point /local)
Stopping at filesystem boundary (GIT_DISCOVERY_ACROSS_FILESYSTEM not set).
fatal: not a git repository (or any parent up to mount point /local)
Stopping at filesystem boundary (GIT_DISCOVERY_ACROSS_FILESYSTEM not set).
fatal: not a git repository (or any parent up to mount point /local)
Stopping at filesystem boundary (GIT_DISCOVERY_ACROSS_FILESYSTEM not set).
fatal: not a git repository (or any parent up to mount point /local)
Stopping at filesystem boundary (GIT_DISCOVERY_ACROSS_FILESYSTEM not set).
rep 1/1: complete export=s e2e=23.117204022s 504927346 bytes syscr=8881599 pread64=2633 io_uring_enter=0 read_bytes=0 cpu_s=27.300000
[2026-10-06T07:49:59Z] pr196-H-vocab-label-large-de-warm-variant2-r3 done
fatal: not a git repository (or any parent up to mount point /local)
Stopping at filesystem boundary (GIT_DISCOVERY_ACROSS_FILESYSTEM not set).
fatal: not a git repository (or any parent up to mount point /local)
Stopping at filesystem boundary (GIT_DISCOVERY_ACROSS_FILESYSTEM not set).
fatal: not a git repository (or any parent up to mount point /local)
Stopping at filesystem boundary (GIT_DISCOVERY_ACROSS_FILESYSTEM not set).
fatal: not a git repository (or any parent up to mount point /local)
Stopping at filesystem boundary (GIT_DISCOVERY_ACROSS_FILESYSTEM not set).
fatal: not a git repository (or any parent up to mount point /local)
Stopping at filesystem boundary (GIT_DISCOVERY_ACROSS_FILESYSTEM not set).
rep 1/1: complete export=s e2e=23.452395393s 504927346 bytes syscr=8881603 pread64=2633 io_uring_enter=0 read_bytes=0 cpu_s=27.660000
[2026-10-06T07:51:34Z] pr196-H-vocab-label-large-de-warm-variant2-r4 done
fatal: not a git repository (or any parent up to mount point /local)
Stopping at filesystem boundary (GIT_DISCOVERY_ACROSS_FILESYSTEM not set).
fatal: not a git repository (or any parent up to mount point /local)
Stopping at filesystem boundary (GIT_DISCOVERY_ACROSS_FILESYSTEM not set).
fatal: not a git repository (or any parent up to mount point /local)
Stopping at filesystem boundary (GIT_DISCOVERY_ACROSS_FILESYSTEM not set).
fatal: not a git repository (or any parent up to mount point /local)
Stopping at filesystem boundary (GIT_DISCOVERY_ACROSS_FILESYSTEM not set).
fatal: not a git repository (or any parent up to mount point /local)
Stopping at filesystem boundary (GIT_DISCOVERY_ACROSS_FILESYSTEM not set).
rep 1/1: complete export=s e2e=12.654649909s 504927346 bytes syscr=8884538 pread64=2633 io_uring_enter=0 read_bytes=0 cpu_s=28.540000
[2026-10-06T07:52:43Z] pr196-H-vocab-label-large-de-warm-variant-r4 done
fatal: not a git repository (or any parent up to mount point /local)
Stopping at filesystem boundary (GIT_DISCOVERY_ACROSS_FILESYSTEM not set).
fatal: not a git repository (or any parent up to mount point /local)
Stopping at filesystem boundary (GIT_DISCOVERY_ACROSS_FILESYSTEM not set).
fatal: not a git repository (or any parent up to mount point /local)
Stopping at filesystem boundary (GIT_DISCOVERY_ACROSS_FILESYSTEM not set).
fatal: not a git repository (or any parent up to mount point /local)
Stopping at filesystem boundary (GIT_DISCOVERY_ACROSS_FILESYSTEM not set).
fatal: not a git repository (or any parent up to mount point /local)
Stopping at filesystem boundary (GIT_DISCOVERY_ACROSS_FILESYSTEM not set).
rep 1/1: complete export=s e2e=22.848824099s 504927346 bytes syscr=8881578 pread64=2633 io_uring_enter=0 read_bytes=0 cpu_s=26.970000
[2026-10-06T07:54:16Z] pr196-H-vocab-label-large-de-warm-base-r4 done
fatal: not a git repository (or any parent up to mount point /local)
Stopping at filesystem boundary (GIT_DISCOVERY_ACROSS_FILESYSTEM not set).
fatal: not a git repository (or any parent up to mount point /local)
Stopping at filesystem boundary (GIT_DISCOVERY_ACROSS_FILESYSTEM not set).
fatal: not a git repository (or any parent up to mount point /local)
Stopping at filesystem boundary (GIT_DISCOVERY_ACROSS_FILESYSTEM not set).
fatal: not a git repository (or any parent up to mount point /local)
Stopping at filesystem boundary (GIT_DISCOVERY_ACROSS_FILESYSTEM not set).
fatal: not a git repository (or any parent up to mount point /local)
Stopping at filesystem boundary (GIT_DISCOVERY_ACROSS_FILESYSTEM not set).
rep 1/1: complete export=s e2e=22.706834330s 504927346 bytes syscr=8881578 pread64=2633 io_uring_enter=0 read_bytes=0 cpu_s=26.810000
[2026-10-06T07:55:49Z] pr196-H-vocab-label-large-de-warm-base-r5 done
fatal: not a git repository (or any parent up to mount point /local)
Stopping at filesystem boundary (GIT_DISCOVERY_ACROSS_FILESYSTEM not set).
fatal: not a git repository (or any parent up to mount point /local)
Stopping at filesystem boundary (GIT_DISCOVERY_ACROSS_FILESYSTEM not set).
fatal: not a git repository (or any parent up to mount point /local)
Stopping at filesystem boundary (GIT_DISCOVERY_ACROSS_FILESYSTEM not set).
fatal: not a git repository (or any parent up to mount point /local)
Stopping at filesystem boundary (GIT_DISCOVERY_ACROSS_FILESYSTEM not set).
fatal: not a git repository (or any parent up to mount point /local)
Stopping at filesystem boundary (GIT_DISCOVERY_ACROSS_FILESYSTEM not set).
rep 1/1: complete export=s e2e=12.464724463s 504927346 bytes syscr=8884616 pread64=2633 io_uring_enter=0 read_bytes=0 cpu_s=28.060000
[2026-10-06T07:56:57Z] pr196-H-vocab-label-large-de-warm-variant-r5 done
fatal: not a git repository (or any parent up to mount point /local)
Stopping at filesystem boundary (GIT_DISCOVERY_ACROSS_FILESYSTEM not set).
fatal: not a git repository (or any parent up to mount point /local)
Stopping at filesystem boundary (GIT_DISCOVERY_ACROSS_FILESYSTEM not set).
fatal: not a git repository (or any parent up to mount point /local)
Stopping at filesystem boundary (GIT_DISCOVERY_ACROSS_FILESYSTEM not set).
fatal: not a git repository (or any parent up to mount point /local)
Stopping at filesystem boundary (GIT_DISCOVERY_ACROSS_FILESYSTEM not set).
fatal: not a git repository (or any parent up to mount point /local)
Stopping at filesystem boundary (GIT_DISCOVERY_ACROSS_FILESYSTEM not set).
rep 1/1: complete export=s e2e=22.723425880s 504927346 bytes syscr=8881599 pread64=2633 io_uring_enter=0 read_bytes=0 cpu_s=26.880000
[2026-10-06T07:58:30Z] pr196-H-vocab-label-large-de-warm-variant2-r5 done
fatal: not a git repository (or any parent up to mount point /local)
Stopping at filesystem boundary (GIT_DISCOVERY_ACROSS_FILESYSTEM not set).
fatal: not a git repository (or any parent up to mount point /local)
Stopping at filesystem boundary (GIT_DISCOVERY_ACROSS_FILESYSTEM not set).
fatal: not a git repository (or any parent up to mount point /local)
Stopping at filesystem boundary (GIT_DISCOVERY_ACROSS_FILESYSTEM not set).
fatal: not a git repository (or any parent up to mount point /local)
Stopping at filesystem boundary (GIT_DISCOVERY_ACROSS_FILESYSTEM not set).
fatal: not a git repository (or any parent up to mount point /local)
Stopping at filesystem boundary (GIT_DISCOVERY_ACROSS_FILESYSTEM not set).
rep 1/1: complete export=s e2e=22.579388604s 504927346 bytes syscr=8881599 pread64=2633 io_uring_enter=0 read_bytes=0 cpu_s=26.710000
[2026-10-06T08:00:03Z] pr196-H-vocab-label-large-de-warm-variant2-r6 done
fatal: not a git repository (or any parent up to mount point /local)
Stopping at filesystem boundary (GIT_DISCOVERY_ACROSS_FILESYSTEM not set).
fatal: not a git repository (or any parent up to mount point /local)
Stopping at filesystem boundary (GIT_DISCOVERY_ACROSS_FILESYSTEM not set).
fatal: not a git repository (or any parent up to mount point /local)
Stopping at filesystem boundary (GIT_DISCOVERY_ACROSS_FILESYSTEM not set).
fatal: not a git repository (or any parent up to mount point /local)
Stopping at filesystem boundary (GIT_DISCOVERY_ACROSS_FILESYSTEM not set).
fatal: not a git repository (or any parent up to mount point /local)
Stopping at filesystem boundary (GIT_DISCOVERY_ACROSS_FILESYSTEM not set).
rep 1/1: complete export=s e2e=12.413512068s 504927346 bytes syscr=8884616 pread64=2633 io_uring_enter=0 read_bytes=0 cpu_s=27.890000
[2026-10-06T08:01:11Z] pr196-H-vocab-label-large-de-warm-variant-r6 done
fatal: not a git repository (or any parent up to mount point /local)
Stopping at filesystem boundary (GIT_DISCOVERY_ACROSS_FILESYSTEM not set).
fatal: not a git repository (or any parent up to mount point /local)
Stopping at filesystem boundary (GIT_DISCOVERY_ACROSS_FILESYSTEM not set).
fatal: not a git repository (or any parent up to mount point /local)
Stopping at filesystem boundary (GIT_DISCOVERY_ACROSS_FILESYSTEM not set).
fatal: not a git repository (or any parent up to mount point /local)
Stopping at filesystem boundary (GIT_DISCOVERY_ACROSS_FILESYSTEM not set).
fatal: not a git repository (or any parent up to mount point /local)
Stopping at filesystem boundary (GIT_DISCOVERY_ACROSS_FILESYSTEM not set).
rep 1/1: complete export=s e2e=22.416550709s 504927346 bytes syscr=8881582 pread64=2633 io_uring_enter=0 read_bytes=0 cpu_s=26.510000
[2026-10-06T08:02:43Z] pr196-H-vocab-label-large-de-warm-base-r6 done
fatal: not a git repository (or any parent up to mount point /local)
Stopping at filesystem boundary (GIT_DISCOVERY_ACROSS_FILESYSTEM not set).
fatal: not a git repository (or any parent up to mount point /local)
Stopping at filesystem boundary (GIT_DISCOVERY_ACROSS_FILESYSTEM not set).
fatal: not a git repository (or any parent up to mount point /local)
Stopping at filesystem boundary (GIT_DISCOVERY_ACROSS_FILESYSTEM not set).
fatal: not a git repository (or any parent up to mount point /local)
Stopping at filesystem boundary (GIT_DISCOVERY_ACROSS_FILESYSTEM not set).
fatal: not a git repository (or any parent up to mount point /local)
Stopping at filesystem boundary (GIT_DISCOVERY_ACROSS_FILESYSTEM not set).
rep 1/1: complete export=s e2e=22.462675994s 504927346 bytes syscr=8881582 pread64=2633 io_uring_enter=0 read_bytes=0 cpu_s=26.580000
[2026-10-06T08:04:15Z] pr196-H-vocab-label-large-de-warm-base-r7 done
fatal: not a git repository (or any parent up to mount point /local)
Stopping at filesystem boundary (GIT_DISCOVERY_ACROSS_FILESYSTEM not set).
fatal: not a git repository (or any parent up to mount point /local)
Stopping at filesystem boundary (GIT_DISCOVERY_ACROSS_FILESYSTEM not set).
fatal: not a git repository (or any parent up to mount point /local)
Stopping at filesystem boundary (GIT_DISCOVERY_ACROSS_FILESYSTEM not set).
fatal: not a git repository (or any parent up to mount point /local)
Stopping at filesystem boundary (GIT_DISCOVERY_ACROSS_FILESYSTEM not set).
fatal: not a git repository (or any parent up to mount point /local)
Stopping at filesystem boundary (GIT_DISCOVERY_ACROSS_FILESYSTEM not set).
rep 1/1: complete export=s e2e=12.722121593s 504927346 bytes syscr=8884658 pread64=2633 io_uring_enter=0 read_bytes=0 cpu_s=28.290000
[2026-10-06T08:05:23Z] pr196-H-vocab-label-large-de-warm-variant-r7 done
fatal: not a git repository (or any parent up to mount point /local)
Stopping at filesystem boundary (GIT_DISCOVERY_ACROSS_FILESYSTEM not set).
fatal: not a git repository (or any parent up to mount point /local)
Stopping at filesystem boundary (GIT_DISCOVERY_ACROSS_FILESYSTEM not set).
fatal: not a git repository (or any parent up to mount point /local)
Stopping at filesystem boundary (GIT_DISCOVERY_ACROSS_FILESYSTEM not set).
fatal: not a git repository (or any parent up to mount point /local)
Stopping at filesystem boundary (GIT_DISCOVERY_ACROSS_FILESYSTEM not set).
fatal: not a git repository (or any parent up to mount point /local)
Stopping at filesystem boundary (GIT_DISCOVERY_ACROSS_FILESYSTEM not set).
rep 1/1: complete export=s e2e=22.658873653s 504927346 bytes syscr=8881599 pread64=2633 io_uring_enter=0 read_bytes=0 cpu_s=26.870000
[2026-10-06T08:06:56Z] pr196-H-vocab-label-large-de-warm-variant2-r7 done
fatal: not a git repository (or any parent up to mount point /local)
Stopping at filesystem boundary (GIT_DISCOVERY_ACROSS_FILESYSTEM not set).
fatal: not a git repository (or any parent up to mount point /local)
Stopping at filesystem boundary (GIT_DISCOVERY_ACROSS_FILESYSTEM not set).
fatal: not a git repository (or any parent up to mount point /local)
Stopping at filesystem boundary (GIT_DISCOVERY_ACROSS_FILESYSTEM not set).
fatal: not a git repository (or any parent up to mount point /local)
Stopping at filesystem boundary (GIT_DISCOVERY_ACROSS_FILESYSTEM not set).
fatal: not a git repository (or any parent up to mount point /local)
Stopping at filesystem boundary (GIT_DISCOVERY_ACROSS_FILESYSTEM not set).
rep 1/1: complete export=s e2e=22.662850574s 504927346 bytes syscr=8881599 pread64=2633 io_uring_enter=0 read_bytes=0 cpu_s=26.840000
[2026-10-06T08:08:29Z] pr196-H-vocab-label-large-de-warm-variant2-r8 done
fatal: not a git repository (or any parent up to mount point /local)
Stopping at filesystem boundary (GIT_DISCOVERY_ACROSS_FILESYSTEM not set).
fatal: not a git repository (or any parent up to mount point /local)
Stopping at filesystem boundary (GIT_DISCOVERY_ACROSS_FILESYSTEM not set).
fatal: not a git repository (or any parent up to mount point /local)
Stopping at filesystem boundary (GIT_DISCOVERY_ACROSS_FILESYSTEM not set).
fatal: not a git repository (or any parent up to mount point /local)
Stopping at filesystem boundary (GIT_DISCOVERY_ACROSS_FILESYSTEM not set).
fatal: not a git repository (or any parent up to mount point /local)
Stopping at filesystem boundary (GIT_DISCOVERY_ACROSS_FILESYSTEM not set).
rep 1/1: complete export=s e2e=12.342733689s 504927346 bytes syscr=8884466 pread64=2633 io_uring_enter=0 read_bytes=0 cpu_s=27.730000
[2026-10-06T08:09:36Z] pr196-H-vocab-label-large-de-warm-variant-r8 done
fatal: not a git repository (or any parent up to mount point /local)
Stopping at filesystem boundary (GIT_DISCOVERY_ACROSS_FILESYSTEM not set).
fatal: not a git repository (or any parent up to mount point /local)
Stopping at filesystem boundary (GIT_DISCOVERY_ACROSS_FILESYSTEM not set).
fatal: not a git repository (or any parent up to mount point /local)
Stopping at filesystem boundary (GIT_DISCOVERY_ACROSS_FILESYSTEM not set).
fatal: not a git repository (or any parent up to mount point /local)
Stopping at filesystem boundary (GIT_DISCOVERY_ACROSS_FILESYSTEM not set).
fatal: not a git repository (or any parent up to mount point /local)
Stopping at filesystem boundary (GIT_DISCOVERY_ACROSS_FILESYSTEM not set).
rep 1/1: complete export=s e2e=22.065285658s 504927346 bytes syscr=8881578 pread64=2633 io_uring_enter=0 read_bytes=0 cpu_s=26.170000
[2026-10-06T08:11:08Z] pr196-H-vocab-label-large-de-warm-base-r8 done
fatal: not a git repository (or any parent up to mount point /local)
Stopping at filesystem boundary (GIT_DISCOVERY_ACROSS_FILESYSTEM not set).
fatal: not a git repository (or any parent up to mount point /local)
Stopping at filesystem boundary (GIT_DISCOVERY_ACROSS_FILESYSTEM not set).
fatal: not a git repository (or any parent up to mount point /local)
Stopping at filesystem boundary (GIT_DISCOVERY_ACROSS_FILESYSTEM not set).
fatal: not a git repository (or any parent up to mount point /local)
Stopping at filesystem boundary (GIT_DISCOVERY_ACROSS_FILESYSTEM not set).
fatal: not a git repository (or any parent up to mount point /local)
Stopping at filesystem boundary (GIT_DISCOVERY_ACROSS_FILESYSTEM not set).
rep 1/1: complete export=s e2e=22.323689583s 504927346 bytes syscr=8881578 pread64=2633 io_uring_enter=0 read_bytes=0 cpu_s=26.460000
[2026-10-06T08:12:39Z] pr196-H-vocab-label-large-de-warm-base-r9 done
fatal: not a git repository (or any parent up to mount point /local)
Stopping at filesystem boundary (GIT_DISCOVERY_ACROSS_FILESYSTEM not set).
fatal: not a git repository (or any parent up to mount point /local)
Stopping at filesystem boundary (GIT_DISCOVERY_ACROSS_FILESYSTEM not set).
fatal: not a git repository (or any parent up to mount point /local)
Stopping at filesystem boundary (GIT_DISCOVERY_ACROSS_FILESYSTEM not set).
fatal: not a git repository (or any parent up to mount point /local)
Stopping at filesystem boundary (GIT_DISCOVERY_ACROSS_FILESYSTEM not set).
fatal: not a git repository (or any parent up to mount point /local)
Stopping at filesystem boundary (GIT_DISCOVERY_ACROSS_FILESYSTEM not set).
rep 1/1: complete export=s e2e=12.545449968s 504927346 bytes syscr=8884512 pread64=2633 io_uring_enter=0 read_bytes=0 cpu_s=28.110000
[2026-10-06T08:13:47Z] pr196-H-vocab-label-large-de-warm-variant-r9 done
fatal: not a git repository (or any parent up to mount point /local)
Stopping at filesystem boundary (GIT_DISCOVERY_ACROSS_FILESYSTEM not set).
fatal: not a git repository (or any parent up to mount point /local)
Stopping at filesystem boundary (GIT_DISCOVERY_ACROSS_FILESYSTEM not set).
fatal: not a git repository (or any parent up to mount point /local)
Stopping at filesystem boundary (GIT_DISCOVERY_ACROSS_FILESYSTEM not set).
fatal: not a git repository (or any parent up to mount point /local)
Stopping at filesystem boundary (GIT_DISCOVERY_ACROSS_FILESYSTEM not set).
fatal: not a git repository (or any parent up to mount point /local)
Stopping at filesystem boundary (GIT_DISCOVERY_ACROSS_FILESYSTEM not set).
rep 1/1: complete export=s e2e=22.849596179s 504927346 bytes syscr=8881603 pread64=2633 io_uring_enter=0 read_bytes=0 cpu_s=27.000000
[2026-10-06T08:15:21Z] pr196-H-vocab-label-large-de-warm-variant2-r9 done
fatal: not a git repository (or any parent up to mount point /local)
Stopping at filesystem boundary (GIT_DISCOVERY_ACROSS_FILESYSTEM not set).
fatal: not a git repository (or any parent up to mount point /local)
Stopping at filesystem boundary (GIT_DISCOVERY_ACROSS_FILESYSTEM not set).
fatal: not a git repository (or any parent up to mount point /local)
Stopping at filesystem boundary (GIT_DISCOVERY_ACROSS_FILESYSTEM not set).
fatal: not a git repository (or any parent up to mount point /local)
Stopping at filesystem boundary (GIT_DISCOVERY_ACROSS_FILESYSTEM not set).
fatal: not a git repository (or any parent up to mount point /local)
Stopping at filesystem boundary (GIT_DISCOVERY_ACROSS_FILESYSTEM not set).
rep 1/1: complete export=s e2e=22.039620747s 504927346 bytes syscr=8881599 pread64=2633 io_uring_enter=0 read_bytes=0 cpu_s=26.180000
[2026-10-06T08:16:53Z] pr196-H-vocab-label-large-de-warm-variant2-r10 done
fatal: not a git repository (or any parent up to mount point /local)
Stopping at filesystem boundary (GIT_DISCOVERY_ACROSS_FILESYSTEM not set).
fatal: not a git repository (or any parent up to mount point /local)
Stopping at filesystem boundary (GIT_DISCOVERY_ACROSS_FILESYSTEM not set).
fatal: not a git repository (or any parent up to mount point /local)
Stopping at filesystem boundary (GIT_DISCOVERY_ACROSS_FILESYSTEM not set).
fatal: not a git repository (or any parent up to mount point /local)
Stopping at filesystem boundary (GIT_DISCOVERY_ACROSS_FILESYSTEM not set).
fatal: not a git repository (or any parent up to mount point /local)
Stopping at filesystem boundary (GIT_DISCOVERY_ACROSS_FILESYSTEM not set).
rep 1/1: complete export=s e2e=11.366592247s 504927346 bytes syscr=8884452 pread64=2633 io_uring_enter=0 read_bytes=0 cpu_s=25.900000
[2026-10-06T08:17:57Z] pr196-H-vocab-label-large-de-warm-variant-r10 done
fatal: not a git repository (or any parent up to mount point /local)
Stopping at filesystem boundary (GIT_DISCOVERY_ACROSS_FILESYSTEM not set).
fatal: not a git repository (or any parent up to mount point /local)
Stopping at filesystem boundary (GIT_DISCOVERY_ACROSS_FILESYSTEM not set).
fatal: not a git repository (or any parent up to mount point /local)
Stopping at filesystem boundary (GIT_DISCOVERY_ACROSS_FILESYSTEM not set).
fatal: not a git repository (or any parent up to mount point /local)
Stopping at filesystem boundary (GIT_DISCOVERY_ACROSS_FILESYSTEM not set).
fatal: not a git repository (or any parent up to mount point /local)
Stopping at filesystem boundary (GIT_DISCOVERY_ACROSS_FILESYSTEM not set).
rep 1/1: complete export=s e2e=19.891106904s 504927346 bytes syscr=8881574 pread64=2633 io_uring_enter=0 read_bytes=0 cpu_s=23.710000
[2026-10-06T08:19:20Z] pr196-H-vocab-label-large-de-warm-base-r10 done
Caches dropped successfully (synced, then wrote 1
 to /proc/sys/vm/drop_caches).
fatal: not a git repository (or any parent up to mount point /local)
Stopping at filesystem boundary (GIT_DISCOVERY_ACROSS_FILESYSTEM not set).
fatal: not a git repository (or any parent up to mount point /local)
Stopping at filesystem boundary (GIT_DISCOVERY_ACROSS_FILESYSTEM not set).
fatal: not a git repository (or any parent up to mount point /local)
Stopping at filesystem boundary (GIT_DISCOVERY_ACROSS_FILESYSTEM not set).
fatal: not a git repository (or any parent up to mount point /local)
Stopping at filesystem boundary (GIT_DISCOVERY_ACROSS_FILESYSTEM not set).
fatal: not a git repository (or any parent up to mount point /local)
Stopping at filesystem boundary (GIT_DISCOVERY_ACROSS_FILESYSTEM not set).
rep 1/1: complete export=s e2e=11.622162220s 19297737 bytes syscr=1550678 pread64=1201735 io_uring_enter=174135 read_bytes=2992123904 cpu_s=8.710000
[2026-10-06T08:20:06Z] pr196-H-vocab-random-label-de-200k-cold-base-r1 done
Caches dropped successfully (synced, then wrote 1
 to /proc/sys/vm/drop_caches).
fatal: not a git repository (or any parent up to mount point /local)
Stopping at filesystem boundary (GIT_DISCOVERY_ACROSS_FILESYSTEM not set).
fatal: not a git repository (or any parent up to mount point /local)
Stopping at filesystem boundary (GIT_DISCOVERY_ACROSS_FILESYSTEM not set).
fatal: not a git repository (or any parent up to mount point /local)
Stopping at filesystem boundary (GIT_DISCOVERY_ACROSS_FILESYSTEM not set).
fatal: not a git repository (or any parent up to mount point /local)
Stopping at filesystem boundary (GIT_DISCOVERY_ACROSS_FILESYSTEM not set).
fatal: not a git repository (or any parent up to mount point /local)
Stopping at filesystem boundary (GIT_DISCOVERY_ACROSS_FILESYSTEM not set).
rep 1/1: complete export=s e2e=10.063067386s 19297737 bytes syscr=1550892 pread64=1201735 io_uring_enter=174169 read_bytes=2990456832 cpu_s=8.770000
[2026-10-06T08:20:48Z] pr196-H-vocab-random-label-de-200k-cold-variant-r1 done
Caches dropped successfully (synced, then wrote 1
 to /proc/sys/vm/drop_caches).
fatal: not a git repository (or any parent up to mount point /local)
Stopping at filesystem boundary (GIT_DISCOVERY_ACROSS_FILESYSTEM not set).
fatal: not a git repository (or any parent up to mount point /local)
Stopping at filesystem boundary (GIT_DISCOVERY_ACROSS_FILESYSTEM not set).
fatal: not a git repository (or any parent up to mount point /local)
Stopping at filesystem boundary (GIT_DISCOVERY_ACROSS_FILESYSTEM not set).
fatal: not a git repository (or any parent up to mount point /local)
Stopping at filesystem boundary (GIT_DISCOVERY_ACROSS_FILESYSTEM not set).
fatal: not a git repository (or any parent up to mount point /local)
Stopping at filesystem boundary (GIT_DISCOVERY_ACROSS_FILESYSTEM not set).
rep 1/1: complete export=s e2e=11.361510210s 19297737 bytes syscr=1550697 pread64=1201735 io_uring_enter=1408 read_bytes=2991808512 cpu_s=8.440000
[2026-10-06T08:21:31Z] pr196-H-vocab-random-label-de-200k-cold-variant2-r1 done
Caches dropped successfully (synced, then wrote 1
 to /proc/sys/vm/drop_caches).
fatal: not a git repository (or any parent up to mount point /local)
Stopping at filesystem boundary (GIT_DISCOVERY_ACROSS_FILESYSTEM not set).
fatal: not a git repository (or any parent up to mount point /local)
Stopping at filesystem boundary (GIT_DISCOVERY_ACROSS_FILESYSTEM not set).
fatal: not a git repository (or any parent up to mount point /local)
Stopping at filesystem boundary (GIT_DISCOVERY_ACROSS_FILESYSTEM not set).
fatal: not a git repository (or any parent up to mount point /local)
Stopping at filesystem boundary (GIT_DISCOVERY_ACROSS_FILESYSTEM not set).
fatal: not a git repository (or any parent up to mount point /local)
Stopping at filesystem boundary (GIT_DISCOVERY_ACROSS_FILESYSTEM not set).
rep 1/1: complete export=s e2e=11.107723073s 19297737 bytes syscr=1550697 pread64=1201735 io_uring_enter=1403 read_bytes=2991808512 cpu_s=8.230000
[2026-10-06T08:22:13Z] pr196-H-vocab-random-label-de-200k-cold-variant2-r2 done
Caches dropped successfully (synced, then wrote 1
 to /proc/sys/vm/drop_caches).
fatal: not a git repository (or any parent up to mount point /local)
Stopping at filesystem boundary (GIT_DISCOVERY_ACROSS_FILESYSTEM not set).
fatal: not a git repository (or any parent up to mount point /local)
Stopping at filesystem boundary (GIT_DISCOVERY_ACROSS_FILESYSTEM not set).
fatal: not a git repository (or any parent up to mount point /local)
Stopping at filesystem boundary (GIT_DISCOVERY_ACROSS_FILESYSTEM not set).
fatal: not a git repository (or any parent up to mount point /local)
Stopping at filesystem boundary (GIT_DISCOVERY_ACROSS_FILESYSTEM not set).
fatal: not a git repository (or any parent up to mount point /local)
Stopping at filesystem boundary (GIT_DISCOVERY_ACROSS_FILESYSTEM not set).
rep 1/1: complete export=s e2e=9.745841317s 19297737 bytes syscr=1550892 pread64=1201735 io_uring_enter=174137 read_bytes=2990546944 cpu_s=8.410000
[2026-10-06T08:22:54Z] pr196-H-vocab-random-label-de-200k-cold-variant-r2 done
Caches dropped successfully (synced, then wrote 1
 to /proc/sys/vm/drop_caches).
fatal: not a git repository (or any parent up to mount point /local)
Stopping at filesystem boundary (GIT_DISCOVERY_ACROSS_FILESYSTEM not set).
fatal: not a git repository (or any parent up to mount point /local)
Stopping at filesystem boundary (GIT_DISCOVERY_ACROSS_FILESYSTEM not set).
fatal: not a git repository (or any parent up to mount point /local)
Stopping at filesystem boundary (GIT_DISCOVERY_ACROSS_FILESYSTEM not set).
fatal: not a git repository (or any parent up to mount point /local)
Stopping at filesystem boundary (GIT_DISCOVERY_ACROSS_FILESYSTEM not set).
fatal: not a git repository (or any parent up to mount point /local)
Stopping at filesystem boundary (GIT_DISCOVERY_ACROSS_FILESYSTEM not set).
rep 1/1: complete export=s e2e=11.073872547s 19297737 bytes syscr=1550678 pread64=1201735 io_uring_enter=174017 read_bytes=2992123904 cpu_s=8.240000
[2026-10-06T08:23:36Z] pr196-H-vocab-random-label-de-200k-cold-base-r2 done
Caches dropped successfully (synced, then wrote 1
 to /proc/sys/vm/drop_caches).
fatal: not a git repository (or any parent up to mount point /local)
Stopping at filesystem boundary (GIT_DISCOVERY_ACROSS_FILESYSTEM not set).
fatal: not a git repository (or any parent up to mount point /local)
Stopping at filesystem boundary (GIT_DISCOVERY_ACROSS_FILESYSTEM not set).
fatal: not a git repository (or any parent up to mount point /local)
Stopping at filesystem boundary (GIT_DISCOVERY_ACROSS_FILESYSTEM not set).
fatal: not a git repository (or any parent up to mount point /local)
Stopping at filesystem boundary (GIT_DISCOVERY_ACROSS_FILESYSTEM not set).
fatal: not a git repository (or any parent up to mount point /local)
Stopping at filesystem boundary (GIT_DISCOVERY_ACROSS_FILESYSTEM not set).
rep 1/1: complete export=s e2e=11.048227337s 19297737 bytes syscr=1550678 pread64=1201735 io_uring_enter=174159 read_bytes=2992123904 cpu_s=8.200000
[2026-10-06T08:24:18Z] pr196-H-vocab-random-label-de-200k-cold-base-r3 done
Caches dropped successfully (synced, then wrote 1
 to /proc/sys/vm/drop_caches).
fatal: not a git repository (or any parent up to mount point /local)
Stopping at filesystem boundary (GIT_DISCOVERY_ACROSS_FILESYSTEM not set).
fatal: not a git repository (or any parent up to mount point /local)
Stopping at filesystem boundary (GIT_DISCOVERY_ACROSS_FILESYSTEM not set).
fatal: not a git repository (or any parent up to mount point /local)
Stopping at filesystem boundary (GIT_DISCOVERY_ACROSS_FILESYSTEM not set).
fatal: not a git repository (or any parent up to mount point /local)
Stopping at filesystem boundary (GIT_DISCOVERY_ACROSS_FILESYSTEM not set).
fatal: not a git repository (or any parent up to mount point /local)
Stopping at filesystem boundary (GIT_DISCOVERY_ACROSS_FILESYSTEM not set).
rep 1/1: complete export=s e2e=9.899783774s 19297737 bytes syscr=1550908 pread64=1201735 io_uring_enter=174169 read_bytes=2990546944 cpu_s=8.530000
[2026-10-06T08:25:00Z] pr196-H-vocab-random-label-de-200k-cold-variant-r3 done
Caches dropped successfully (synced, then wrote 1
 to /proc/sys/vm/drop_caches).
fatal: not a git repository (or any parent up to mount point /local)
Stopping at filesystem boundary (GIT_DISCOVERY_ACROSS_FILESYSTEM not set).
fatal: not a git repository (or any parent up to mount point /local)
Stopping at filesystem boundary (GIT_DISCOVERY_ACROSS_FILESYSTEM not set).
fatal: not a git repository (or any parent up to mount point /local)
Stopping at filesystem boundary (GIT_DISCOVERY_ACROSS_FILESYSTEM not set).
fatal: not a git repository (or any parent up to mount point /local)
Stopping at filesystem boundary (GIT_DISCOVERY_ACROSS_FILESYSTEM not set).
fatal: not a git repository (or any parent up to mount point /local)
Stopping at filesystem boundary (GIT_DISCOVERY_ACROSS_FILESYSTEM not set).
rep 1/1: complete export=s e2e=11.044159568s 19297737 bytes syscr=1550697 pread64=1201735 io_uring_enter=1402 read_bytes=2991808512 cpu_s=8.180000
[2026-10-06T08:25:42Z] pr196-H-vocab-random-label-de-200k-cold-variant2-r3 done
Caches dropped successfully (synced, then wrote 1
 to /proc/sys/vm/drop_caches).
fatal: not a git repository (or any parent up to mount point /local)
Stopping at filesystem boundary (GIT_DISCOVERY_ACROSS_FILESYSTEM not set).
fatal: not a git repository (or any parent up to mount point /local)
Stopping at filesystem boundary (GIT_DISCOVERY_ACROSS_FILESYSTEM not set).
fatal: not a git repository (or any parent up to mount point /local)
Stopping at filesystem boundary (GIT_DISCOVERY_ACROSS_FILESYSTEM not set).
fatal: not a git repository (or any parent up to mount point /local)
Stopping at filesystem boundary (GIT_DISCOVERY_ACROSS_FILESYSTEM not set).
fatal: not a git repository (or any parent up to mount point /local)
Stopping at filesystem boundary (GIT_DISCOVERY_ACROSS_FILESYSTEM not set).
rep 1/1: complete export=s e2e=10.879447856s 19297737 bytes syscr=1550697 pread64=1201735 io_uring_enter=1407 read_bytes=2991808512 cpu_s=8.000000
[2026-10-06T08:26:24Z] pr196-H-vocab-random-label-de-200k-cold-variant2-r4 done
Caches dropped successfully (synced, then wrote 1
 to /proc/sys/vm/drop_caches).
fatal: not a git repository (or any parent up to mount point /local)
Stopping at filesystem boundary (GIT_DISCOVERY_ACROSS_FILESYSTEM not set).
fatal: not a git repository (or any parent up to mount point /local)
Stopping at filesystem boundary (GIT_DISCOVERY_ACROSS_FILESYSTEM not set).
fatal: not a git repository (or any parent up to mount point /local)
Stopping at filesystem boundary (GIT_DISCOVERY_ACROSS_FILESYSTEM not set).
fatal: not a git repository (or any parent up to mount point /local)
Stopping at filesystem boundary (GIT_DISCOVERY_ACROSS_FILESYSTEM not set).
fatal: not a git repository (or any parent up to mount point /local)
Stopping at filesystem boundary (GIT_DISCOVERY_ACROSS_FILESYSTEM not set).
rep 1/1: complete export=s e2e=9.688982344s 19297737 bytes syscr=1550900 pread64=1201735 io_uring_enter=174270 read_bytes=2990456832 cpu_s=8.410000
[2026-10-06T08:27:05Z] pr196-H-vocab-random-label-de-200k-cold-variant-r4 done
Caches dropped successfully (synced, then wrote 1
 to /proc/sys/vm/drop_caches).
fatal: not a git repository (or any parent up to mount point /local)
Stopping at filesystem boundary (GIT_DISCOVERY_ACROSS_FILESYSTEM not set).
fatal: not a git repository (or any parent up to mount point /local)
Stopping at filesystem boundary (GIT_DISCOVERY_ACROSS_FILESYSTEM not set).
fatal: not a git repository (or any parent up to mount point /local)
Stopping at filesystem boundary (GIT_DISCOVERY_ACROSS_FILESYSTEM not set).
fatal: not a git repository (or any parent up to mount point /local)
Stopping at filesystem boundary (GIT_DISCOVERY_ACROSS_FILESYSTEM not set).
fatal: not a git repository (or any parent up to mount point /local)
Stopping at filesystem boundary (GIT_DISCOVERY_ACROSS_FILESYSTEM not set).
rep 1/1: complete export=s e2e=10.793245962s 19297737 bytes syscr=1550674 pread64=1201735 io_uring_enter=174248 read_bytes=2992123904 cpu_s=7.910000
[2026-10-06T08:27:46Z] pr196-H-vocab-random-label-de-200k-cold-base-r4 done
Caches dropped successfully (synced, then wrote 1
 to /proc/sys/vm/drop_caches).
fatal: not a git repository (or any parent up to mount point /local)
Stopping at filesystem boundary (GIT_DISCOVERY_ACROSS_FILESYSTEM not set).
fatal: not a git repository (or any parent up to mount point /local)
Stopping at filesystem boundary (GIT_DISCOVERY_ACROSS_FILESYSTEM not set).
fatal: not a git repository (or any parent up to mount point /local)
Stopping at filesystem boundary (GIT_DISCOVERY_ACROSS_FILESYSTEM not set).
fatal: not a git repository (or any parent up to mount point /local)
Stopping at filesystem boundary (GIT_DISCOVERY_ACROSS_FILESYSTEM not set).
fatal: not a git repository (or any parent up to mount point /local)
Stopping at filesystem boundary (GIT_DISCOVERY_ACROSS_FILESYSTEM not set).
rep 1/1: complete export=s e2e=10.590192891s 19297737 bytes syscr=1550674 pread64=1201735 io_uring_enter=174124 read_bytes=2992123904 cpu_s=7.740000
[2026-10-06T08:28:27Z] pr196-H-vocab-random-label-de-200k-cold-base-r5 done
Caches dropped successfully (synced, then wrote 1
 to /proc/sys/vm/drop_caches).
fatal: not a git repository (or any parent up to mount point /local)
Stopping at filesystem boundary (GIT_DISCOVERY_ACROSS_FILESYSTEM not set).
fatal: not a git repository (or any parent up to mount point /local)
Stopping at filesystem boundary (GIT_DISCOVERY_ACROSS_FILESYSTEM not set).
fatal: not a git repository (or any parent up to mount point /local)
Stopping at filesystem boundary (GIT_DISCOVERY_ACROSS_FILESYSTEM not set).
fatal: not a git repository (or any parent up to mount point /local)
Stopping at filesystem boundary (GIT_DISCOVERY_ACROSS_FILESYSTEM not set).
fatal: not a git repository (or any parent up to mount point /local)
Stopping at filesystem boundary (GIT_DISCOVERY_ACROSS_FILESYSTEM not set).
rep 1/1: complete export=s e2e=9.521189135s 19297737 bytes syscr=1550890 pread64=1201735 io_uring_enter=174175 read_bytes=2990546944 cpu_s=8.180000
[2026-10-06T08:29:07Z] pr196-H-vocab-random-label-de-200k-cold-variant-r5 done
Caches dropped successfully (synced, then wrote 1
 to /proc/sys/vm/drop_caches).
fatal: not a git repository (or any parent up to mount point /local)
Stopping at filesystem boundary (GIT_DISCOVERY_ACROSS_FILESYSTEM not set).
fatal: not a git repository (or any parent up to mount point /local)
Stopping at filesystem boundary (GIT_DISCOVERY_ACROSS_FILESYSTEM not set).
fatal: not a git repository (or any parent up to mount point /local)
Stopping at filesystem boundary (GIT_DISCOVERY_ACROSS_FILESYSTEM not set).
fatal: not a git repository (or any parent up to mount point /local)
Stopping at filesystem boundary (GIT_DISCOVERY_ACROSS_FILESYSTEM not set).
fatal: not a git repository (or any parent up to mount point /local)
Stopping at filesystem boundary (GIT_DISCOVERY_ACROSS_FILESYSTEM not set).
rep 1/1: complete export=s e2e=10.841594000s 19297737 bytes syscr=1550693 pread64=1201735 io_uring_enter=1412 read_bytes=2991808512 cpu_s=8.020000
[2026-10-06T08:29:47Z] pr196-H-vocab-random-label-de-200k-cold-variant2-r5 done
Caches dropped successfully (synced, then wrote 1
 to /proc/sys/vm/drop_caches).
fatal: not a git repository (or any parent up to mount point /local)
Stopping at filesystem boundary (GIT_DISCOVERY_ACROSS_FILESYSTEM not set).
fatal: not a git repository (or any parent up to mount point /local)
Stopping at filesystem boundary (GIT_DISCOVERY_ACROSS_FILESYSTEM not set).
fatal: not a git repository (or any parent up to mount point /local)
Stopping at filesystem boundary (GIT_DISCOVERY_ACROSS_FILESYSTEM not set).
fatal: not a git repository (or any parent up to mount point /local)
Stopping at filesystem boundary (GIT_DISCOVERY_ACROSS_FILESYSTEM not set).
fatal: not a git repository (or any parent up to mount point /local)
Stopping at filesystem boundary (GIT_DISCOVERY_ACROSS_FILESYSTEM not set).
rep 1/1: complete export=s e2e=10.956238174s 19297737 bytes syscr=1550693 pread64=1201735 io_uring_enter=1409 read_bytes=2991808512 cpu_s=8.100000
[2026-10-06T08:30:29Z] pr196-H-vocab-random-label-de-200k-cold-variant2-r6 done
Caches dropped successfully (synced, then wrote 1
 to /proc/sys/vm/drop_caches).
fatal: not a git repository (or any parent up to mount point /local)
Stopping at filesystem boundary (GIT_DISCOVERY_ACROSS_FILESYSTEM not set).
fatal: not a git repository (or any parent up to mount point /local)
Stopping at filesystem boundary (GIT_DISCOVERY_ACROSS_FILESYSTEM not set).
fatal: not a git repository (or any parent up to mount point /local)
Stopping at filesystem boundary (GIT_DISCOVERY_ACROSS_FILESYSTEM not set).
fatal: not a git repository (or any parent up to mount point /local)
Stopping at filesystem boundary (GIT_DISCOVERY_ACROSS_FILESYSTEM not set).
fatal: not a git repository (or any parent up to mount point /local)
Stopping at filesystem boundary (GIT_DISCOVERY_ACROSS_FILESYSTEM not set).
rep 1/1: complete export=s e2e=9.456513615s 19297737 bytes syscr=1550886 pread64=1201735 io_uring_enter=174320 read_bytes=2990546944 cpu_s=8.100000
[2026-10-06T08:31:09Z] pr196-H-vocab-random-label-de-200k-cold-variant-r6 done
Caches dropped successfully (synced, then wrote 1
 to /proc/sys/vm/drop_caches).
fatal: not a git repository (or any parent up to mount point /local)
Stopping at filesystem boundary (GIT_DISCOVERY_ACROSS_FILESYSTEM not set).
fatal: not a git repository (or any parent up to mount point /local)
Stopping at filesystem boundary (GIT_DISCOVERY_ACROSS_FILESYSTEM not set).
fatal: not a git repository (or any parent up to mount point /local)
Stopping at filesystem boundary (GIT_DISCOVERY_ACROSS_FILESYSTEM not set).
fatal: not a git repository (or any parent up to mount point /local)
Stopping at filesystem boundary (GIT_DISCOVERY_ACROSS_FILESYSTEM not set).
fatal: not a git repository (or any parent up to mount point /local)
Stopping at filesystem boundary (GIT_DISCOVERY_ACROSS_FILESYSTEM not set).
rep 1/1: complete export=s e2e=11.070122364s 19297737 bytes syscr=1550674 pread64=1201735 io_uring_enter=174186 read_bytes=2992123904 cpu_s=8.270000
[2026-10-06T08:31:50Z] pr196-H-vocab-random-label-de-200k-cold-base-r6 done
Caches dropped successfully (synced, then wrote 1
 to /proc/sys/vm/drop_caches).
fatal: not a git repository (or any parent up to mount point /local)
Stopping at filesystem boundary (GIT_DISCOVERY_ACROSS_FILESYSTEM not set).
fatal: not a git repository (or any parent up to mount point /local)
Stopping at filesystem boundary (GIT_DISCOVERY_ACROSS_FILESYSTEM not set).
fatal: not a git repository (or any parent up to mount point /local)
Stopping at filesystem boundary (GIT_DISCOVERY_ACROSS_FILESYSTEM not set).
fatal: not a git repository (or any parent up to mount point /local)
Stopping at filesystem boundary (GIT_DISCOVERY_ACROSS_FILESYSTEM not set).
fatal: not a git repository (or any parent up to mount point /local)
Stopping at filesystem boundary (GIT_DISCOVERY_ACROSS_FILESYSTEM not set).
rep 1/1: complete export=s e2e=10.773316894s 19297737 bytes syscr=1550674 pread64=1201735 io_uring_enter=174262 read_bytes=2992123904 cpu_s=7.920000
[2026-10-06T08:32:31Z] pr196-H-vocab-random-label-de-200k-cold-base-r7 done
Caches dropped successfully (synced, then wrote 1
 to /proc/sys/vm/drop_caches).
fatal: not a git repository (or any parent up to mount point /local)
Stopping at filesystem boundary (GIT_DISCOVERY_ACROSS_FILESYSTEM not set).
fatal: not a git repository (or any parent up to mount point /local)
Stopping at filesystem boundary (GIT_DISCOVERY_ACROSS_FILESYSTEM not set).
fatal: not a git repository (or any parent up to mount point /local)
Stopping at filesystem boundary (GIT_DISCOVERY_ACROSS_FILESYSTEM not set).
fatal: not a git repository (or any parent up to mount point /local)
Stopping at filesystem boundary (GIT_DISCOVERY_ACROSS_FILESYSTEM not set).
fatal: not a git repository (or any parent up to mount point /local)
Stopping at filesystem boundary (GIT_DISCOVERY_ACROSS_FILESYSTEM not set).
rep 1/1: complete export=s e2e=9.486903996s 19297737 bytes syscr=1550860 pread64=1201735 io_uring_enter=174128 read_bytes=2990546944 cpu_s=8.140000
[2026-10-06T08:33:11Z] pr196-H-vocab-random-label-de-200k-cold-variant-r7 done
Caches dropped successfully (synced, then wrote 1
 to /proc/sys/vm/drop_caches).
fatal: not a git repository (or any parent up to mount point /local)
Stopping at filesystem boundary (GIT_DISCOVERY_ACROSS_FILESYSTEM not set).
fatal: not a git repository (or any parent up to mount point /local)
Stopping at filesystem boundary (GIT_DISCOVERY_ACROSS_FILESYSTEM not set).
fatal: not a git repository (or any parent up to mount point /local)
Stopping at filesystem boundary (GIT_DISCOVERY_ACROSS_FILESYSTEM not set).
fatal: not a git repository (or any parent up to mount point /local)
Stopping at filesystem boundary (GIT_DISCOVERY_ACROSS_FILESYSTEM not set).
fatal: not a git repository (or any parent up to mount point /local)
Stopping at filesystem boundary (GIT_DISCOVERY_ACROSS_FILESYSTEM not set).
rep 1/1: complete export=s e2e=10.737308010s 19297737 bytes syscr=1550693 pread64=1201735 io_uring_enter=1407 read_bytes=2991808512 cpu_s=7.890000
[2026-10-06T08:33:51Z] pr196-H-vocab-random-label-de-200k-cold-variant2-r7 done
Caches dropped successfully (synced, then wrote 1
 to /proc/sys/vm/drop_caches).
fatal: not a git repository (or any parent up to mount point /local)
Stopping at filesystem boundary (GIT_DISCOVERY_ACROSS_FILESYSTEM not set).
fatal: not a git repository (or any parent up to mount point /local)
Stopping at filesystem boundary (GIT_DISCOVERY_ACROSS_FILESYSTEM not set).
fatal: not a git repository (or any parent up to mount point /local)
Stopping at filesystem boundary (GIT_DISCOVERY_ACROSS_FILESYSTEM not set).
fatal: not a git repository (or any parent up to mount point /local)
Stopping at filesystem boundary (GIT_DISCOVERY_ACROSS_FILESYSTEM not set).
fatal: not a git repository (or any parent up to mount point /local)
Stopping at filesystem boundary (GIT_DISCOVERY_ACROSS_FILESYSTEM not set).
rep 1/1: complete export=s e2e=10.648267191s 19297737 bytes syscr=1550693 pread64=1201735 io_uring_enter=1406 read_bytes=2991808512 cpu_s=7.860000
[2026-10-06T08:34:32Z] pr196-H-vocab-random-label-de-200k-cold-variant2-r8 done
Caches dropped successfully (synced, then wrote 1
 to /proc/sys/vm/drop_caches).
fatal: not a git repository (or any parent up to mount point /local)
Stopping at filesystem boundary (GIT_DISCOVERY_ACROSS_FILESYSTEM not set).
fatal: not a git repository (or any parent up to mount point /local)
Stopping at filesystem boundary (GIT_DISCOVERY_ACROSS_FILESYSTEM not set).
fatal: not a git repository (or any parent up to mount point /local)
Stopping at filesystem boundary (GIT_DISCOVERY_ACROSS_FILESYSTEM not set).
fatal: not a git repository (or any parent up to mount point /local)
Stopping at filesystem boundary (GIT_DISCOVERY_ACROSS_FILESYSTEM not set).
fatal: not a git repository (or any parent up to mount point /local)
Stopping at filesystem boundary (GIT_DISCOVERY_ACROSS_FILESYSTEM not set).
rep 1/1: complete export=s e2e=12.128879180s 19297737 bytes syscr=1550902 pread64=1201735 io_uring_enter=173936 read_bytes=2990546944 cpu_s=10.430000
[2026-10-06T08:35:15Z] pr196-H-vocab-random-label-de-200k-cold-variant-r8 done
Caches dropped successfully (synced, then wrote 1
 to /proc/sys/vm/drop_caches).
fatal: not a git repository (or any parent up to mount point /local)
Stopping at filesystem boundary (GIT_DISCOVERY_ACROSS_FILESYSTEM not set).
fatal: not a git repository (or any parent up to mount point /local)
Stopping at filesystem boundary (GIT_DISCOVERY_ACROSS_FILESYSTEM not set).
fatal: not a git repository (or any parent up to mount point /local)
Stopping at filesystem boundary (GIT_DISCOVERY_ACROSS_FILESYSTEM not set).
fatal: not a git repository (or any parent up to mount point /local)
Stopping at filesystem boundary (GIT_DISCOVERY_ACROSS_FILESYSTEM not set).
fatal: not a git repository (or any parent up to mount point /local)
Stopping at filesystem boundary (GIT_DISCOVERY_ACROSS_FILESYSTEM not set).
rep 1/1: complete export=s e2e=13.973947619s 19297737 bytes syscr=1550682 pread64=1201735 io_uring_enter=173806 read_bytes=2992123904 cpu_s=10.270000
[2026-10-06T08:36:06Z] pr196-H-vocab-random-label-de-200k-cold-base-r8 done
Caches dropped successfully (synced, then wrote 1
 to /proc/sys/vm/drop_caches).
fatal: not a git repository (or any parent up to mount point /local)
Stopping at filesystem boundary (GIT_DISCOVERY_ACROSS_FILESYSTEM not set).
fatal: not a git repository (or any parent up to mount point /local)
Stopping at filesystem boundary (GIT_DISCOVERY_ACROSS_FILESYSTEM not set).
fatal: not a git repository (or any parent up to mount point /local)
Stopping at filesystem boundary (GIT_DISCOVERY_ACROSS_FILESYSTEM not set).
fatal: not a git repository (or any parent up to mount point /local)
Stopping at filesystem boundary (GIT_DISCOVERY_ACROSS_FILESYSTEM not set).
fatal: not a git repository (or any parent up to mount point /local)
Stopping at filesystem boundary (GIT_DISCOVERY_ACROSS_FILESYSTEM not set).
rep 1/1: complete export=s e2e=14.041756034s 19297737 bytes syscr=1550682 pread64=1201735 io_uring_enter=173715 read_bytes=2992136192 cpu_s=10.350000
[2026-10-06T08:36:57Z] pr196-H-vocab-random-label-de-200k-cold-base-r9 done
Caches dropped successfully (synced, then wrote 1
 to /proc/sys/vm/drop_caches).
fatal: not a git repository (or any parent up to mount point /local)
Stopping at filesystem boundary (GIT_DISCOVERY_ACROSS_FILESYSTEM not set).
fatal: not a git repository (or any parent up to mount point /local)
Stopping at filesystem boundary (GIT_DISCOVERY_ACROSS_FILESYSTEM not set).
fatal: not a git repository (or any parent up to mount point /local)
Stopping at filesystem boundary (GIT_DISCOVERY_ACROSS_FILESYSTEM not set).
fatal: not a git repository (or any parent up to mount point /local)
Stopping at filesystem boundary (GIT_DISCOVERY_ACROSS_FILESYSTEM not set).
fatal: not a git repository (or any parent up to mount point /local)
Stopping at filesystem boundary (GIT_DISCOVERY_ACROSS_FILESYSTEM not set).
rep 1/1: complete export=s e2e=12.338099404s 19297737 bytes syscr=1550894 pread64=1201735 io_uring_enter=173868 read_bytes=2990546944 cpu_s=10.440000
[2026-10-06T08:37:46Z] pr196-H-vocab-random-label-de-200k-cold-variant-r9 done
Caches dropped successfully (synced, then wrote 1
 to /proc/sys/vm/drop_caches).
fatal: not a git repository (or any parent up to mount point /local)
Stopping at filesystem boundary (GIT_DISCOVERY_ACROSS_FILESYSTEM not set).
fatal: not a git repository (or any parent up to mount point /local)
Stopping at filesystem boundary (GIT_DISCOVERY_ACROSS_FILESYSTEM not set).
fatal: not a git repository (or any parent up to mount point /local)
Stopping at filesystem boundary (GIT_DISCOVERY_ACROSS_FILESYSTEM not set).
fatal: not a git repository (or any parent up to mount point /local)
Stopping at filesystem boundary (GIT_DISCOVERY_ACROSS_FILESYSTEM not set).
fatal: not a git repository (or any parent up to mount point /local)
Stopping at filesystem boundary (GIT_DISCOVERY_ACROSS_FILESYSTEM not set).
rep 1/1: complete export=s e2e=13.923863371s 19297737 bytes syscr=1550701 pread64=1201735 io_uring_enter=1396 read_bytes=2991808512 cpu_s=10.260000
[2026-10-06T08:38:37Z] pr196-H-vocab-random-label-de-200k-cold-variant2-r9 done
Caches dropped successfully (synced, then wrote 1
 to /proc/sys/vm/drop_caches).
fatal: not a git repository (or any parent up to mount point /local)
Stopping at filesystem boundary (GIT_DISCOVERY_ACROSS_FILESYSTEM not set).
fatal: not a git repository (or any parent up to mount point /local)
Stopping at filesystem boundary (GIT_DISCOVERY_ACROSS_FILESYSTEM not set).
fatal: not a git repository (or any parent up to mount point /local)
Stopping at filesystem boundary (GIT_DISCOVERY_ACROSS_FILESYSTEM not set).
fatal: not a git repository (or any parent up to mount point /local)
Stopping at filesystem boundary (GIT_DISCOVERY_ACROSS_FILESYSTEM not set).
fatal: not a git repository (or any parent up to mount point /local)
Stopping at filesystem boundary (GIT_DISCOVERY_ACROSS_FILESYSTEM not set).
rep 1/1: complete export=s e2e=14.052012051s 19297737 bytes syscr=1550701 pread64=1201735 io_uring_enter=1397 read_bytes=2991808512 cpu_s=10.260000
[2026-10-06T08:39:28Z] pr196-H-vocab-random-label-de-200k-cold-variant2-r10 done
Caches dropped successfully (synced, then wrote 1
 to /proc/sys/vm/drop_caches).
fatal: not a git repository (or any parent up to mount point /local)
Stopping at filesystem boundary (GIT_DISCOVERY_ACROSS_FILESYSTEM not set).
fatal: not a git repository (or any parent up to mount point /local)
Stopping at filesystem boundary (GIT_DISCOVERY_ACROSS_FILESYSTEM not set).
fatal: not a git repository (or any parent up to mount point /local)
Stopping at filesystem boundary (GIT_DISCOVERY_ACROSS_FILESYSTEM not set).
fatal: not a git repository (or any parent up to mount point /local)
Stopping at filesystem boundary (GIT_DISCOVERY_ACROSS_FILESYSTEM not set).
fatal: not a git repository (or any parent up to mount point /local)
Stopping at filesystem boundary (GIT_DISCOVERY_ACROSS_FILESYSTEM not set).
rep 1/1: complete export=s e2e=12.474353692s 19297737 bytes syscr=1550870 pread64=1201735 io_uring_enter=173777 read_bytes=2990612480 cpu_s=10.500000
[2026-10-06T08:40:18Z] pr196-H-vocab-random-label-de-200k-cold-variant-r10 done
Caches dropped successfully (synced, then wrote 1
 to /proc/sys/vm/drop_caches).
fatal: not a git repository (or any parent up to mount point /local)
Stopping at filesystem boundary (GIT_DISCOVERY_ACROSS_FILESYSTEM not set).
fatal: not a git repository (or any parent up to mount point /local)
Stopping at filesystem boundary (GIT_DISCOVERY_ACROSS_FILESYSTEM not set).
fatal: not a git repository (or any parent up to mount point /local)
Stopping at filesystem boundary (GIT_DISCOVERY_ACROSS_FILESYSTEM not set).
fatal: not a git repository (or any parent up to mount point /local)
Stopping at filesystem boundary (GIT_DISCOVERY_ACROSS_FILESYSTEM not set).
fatal: not a git repository (or any parent up to mount point /local)
Stopping at filesystem boundary (GIT_DISCOVERY_ACROSS_FILESYSTEM not set).
rep 1/1: complete export=s e2e=14.286104873s 19297737 bytes syscr=1550686 pread64=1201735 io_uring_enter=173681 read_bytes=2992123904 cpu_s=10.250000
[2026-10-06T08:41:09Z] pr196-H-vocab-random-label-de-200k-cold-base-r10 done
fatal: not a git repository (or any parent up to mount point /local)
Stopping at filesystem boundary (GIT_DISCOVERY_ACROSS_FILESYSTEM not set).
fatal: not a git repository (or any parent up to mount point /local)
Stopping at filesystem boundary (GIT_DISCOVERY_ACROSS_FILESYSTEM not set).
fatal: not a git repository (or any parent up to mount point /local)
Stopping at filesystem boundary (GIT_DISCOVERY_ACROSS_FILESYSTEM not set).
fatal: not a git repository (or any parent up to mount point /local)
Stopping at filesystem boundary (GIT_DISCOVERY_ACROSS_FILESYSTEM not set).
fatal: not a git repository (or any parent up to mount point /local)
Stopping at filesystem boundary (GIT_DISCOVERY_ACROSS_FILESYSTEM not set).
rep 1/1: complete export=s e2e=4.785619758s 19297737 bytes syscr=4651994 pread64=3605205 io_uring_enter=0 read_bytes=0 cpu_s=15.460000
[2026-10-06T08:42:09Z] pr196-H-vocab-random-label-de-200k-warm-base-r1 done
fatal: not a git repository (or any parent up to mount point /local)
Stopping at filesystem boundary (GIT_DISCOVERY_ACROSS_FILESYSTEM not set).
fatal: not a git repository (or any parent up to mount point /local)
Stopping at filesystem boundary (GIT_DISCOVERY_ACROSS_FILESYSTEM not set).
fatal: not a git repository (or any parent up to mount point /local)
Stopping at filesystem boundary (GIT_DISCOVERY_ACROSS_FILESYSTEM not set).
fatal: not a git repository (or any parent up to mount point /local)
Stopping at filesystem boundary (GIT_DISCOVERY_ACROSS_FILESYSTEM not set).
fatal: not a git repository (or any parent up to mount point /local)
Stopping at filesystem boundary (GIT_DISCOVERY_ACROSS_FILESYSTEM not set).
rep 1/1: complete export=s e2e=3.979371564s 19297737 bytes syscr=4652512 pread64=3605205 io_uring_enter=0 read_bytes=0 cpu_s=14.190000
[2026-10-06T08:43:00Z] pr196-H-vocab-random-label-de-200k-warm-variant-r1 done
fatal: not a git repository (or any parent up to mount point /local)
Stopping at filesystem boundary (GIT_DISCOVERY_ACROSS_FILESYSTEM not set).
fatal: not a git repository (or any parent up to mount point /local)
Stopping at filesystem boundary (GIT_DISCOVERY_ACROSS_FILESYSTEM not set).
fatal: not a git repository (or any parent up to mount point /local)
Stopping at filesystem boundary (GIT_DISCOVERY_ACROSS_FILESYSTEM not set).
fatal: not a git repository (or any parent up to mount point /local)
Stopping at filesystem boundary (GIT_DISCOVERY_ACROSS_FILESYSTEM not set).
fatal: not a git repository (or any parent up to mount point /local)
Stopping at filesystem boundary (GIT_DISCOVERY_ACROSS_FILESYSTEM not set).
rep 1/1: complete export=s e2e=4.024699151s 19297737 bytes syscr=4652043 pread64=3605205 io_uring_enter=0 read_bytes=0 cpu_s=13.130000
[2026-10-06T08:43:50Z] pr196-H-vocab-random-label-de-200k-warm-variant2-r1 done
fatal: not a git repository (or any parent up to mount point /local)
Stopping at filesystem boundary (GIT_DISCOVERY_ACROSS_FILESYSTEM not set).
fatal: not a git repository (or any parent up to mount point /local)
Stopping at filesystem boundary (GIT_DISCOVERY_ACROSS_FILESYSTEM not set).
fatal: not a git repository (or any parent up to mount point /local)
Stopping at filesystem boundary (GIT_DISCOVERY_ACROSS_FILESYSTEM not set).
fatal: not a git repository (or any parent up to mount point /local)
Stopping at filesystem boundary (GIT_DISCOVERY_ACROSS_FILESYSTEM not set).
fatal: not a git repository (or any parent up to mount point /local)
Stopping at filesystem boundary (GIT_DISCOVERY_ACROSS_FILESYSTEM not set).
rep 1/1: complete export=s e2e=4.069242182s 19297737 bytes syscr=4652043 pread64=3605205 io_uring_enter=0 read_bytes=0 cpu_s=13.260000
[2026-10-06T08:44:39Z] pr196-H-vocab-random-label-de-200k-warm-variant2-r2 done
fatal: not a git repository (or any parent up to mount point /local)
Stopping at filesystem boundary (GIT_DISCOVERY_ACROSS_FILESYSTEM not set).
fatal: not a git repository (or any parent up to mount point /local)
Stopping at filesystem boundary (GIT_DISCOVERY_ACROSS_FILESYSTEM not set).
fatal: not a git repository (or any parent up to mount point /local)
Stopping at filesystem boundary (GIT_DISCOVERY_ACROSS_FILESYSTEM not set).
fatal: not a git repository (or any parent up to mount point /local)
Stopping at filesystem boundary (GIT_DISCOVERY_ACROSS_FILESYSTEM not set).
fatal: not a git repository (or any parent up to mount point /local)
Stopping at filesystem boundary (GIT_DISCOVERY_ACROSS_FILESYSTEM not set).
rep 1/1: complete export=s e2e=4.293293985s 19297737 bytes syscr=4652498 pread64=3605205 io_uring_enter=0 read_bytes=0 cpu_s=15.300000
[2026-10-06T08:45:33Z] pr196-H-vocab-random-label-de-200k-warm-variant-r2 done
fatal: not a git repository (or any parent up to mount point /local)
Stopping at filesystem boundary (GIT_DISCOVERY_ACROSS_FILESYSTEM not set).
fatal: not a git repository (or any parent up to mount point /local)
Stopping at filesystem boundary (GIT_DISCOVERY_ACROSS_FILESYSTEM not set).
fatal: not a git repository (or any parent up to mount point /local)
Stopping at filesystem boundary (GIT_DISCOVERY_ACROSS_FILESYSTEM not set).
fatal: not a git repository (or any parent up to mount point /local)
Stopping at filesystem boundary (GIT_DISCOVERY_ACROSS_FILESYSTEM not set).
fatal: not a git repository (or any parent up to mount point /local)
Stopping at filesystem boundary (GIT_DISCOVERY_ACROSS_FILESYSTEM not set).
rep 1/1: complete export=s e2e=4.381538816s 19297737 bytes syscr=4651986 pread64=3605205 io_uring_enter=0 read_bytes=0 cpu_s=14.140000
[2026-10-06T08:46:26Z] pr196-H-vocab-random-label-de-200k-warm-base-r2 done
fatal: not a git repository (or any parent up to mount point /local)
Stopping at filesystem boundary (GIT_DISCOVERY_ACROSS_FILESYSTEM not set).
fatal: not a git repository (or any parent up to mount point /local)
Stopping at filesystem boundary (GIT_DISCOVERY_ACROSS_FILESYSTEM not set).
fatal: not a git repository (or any parent up to mount point /local)
Stopping at filesystem boundary (GIT_DISCOVERY_ACROSS_FILESYSTEM not set).
fatal: not a git repository (or any parent up to mount point /local)
Stopping at filesystem boundary (GIT_DISCOVERY_ACROSS_FILESYSTEM not set).
fatal: not a git repository (or any parent up to mount point /local)
Stopping at filesystem boundary (GIT_DISCOVERY_ACROSS_FILESYSTEM not set).
rep 1/1: complete export=s e2e=4.030907686s 19297737 bytes syscr=4651986 pread64=3605205 io_uring_enter=0 read_bytes=0 cpu_s=13.120000
[2026-10-06T08:47:17Z] pr196-H-vocab-random-label-de-200k-warm-base-r3 done
fatal: not a git repository (or any parent up to mount point /local)
Stopping at filesystem boundary (GIT_DISCOVERY_ACROSS_FILESYSTEM not set).
fatal: not a git repository (or any parent up to mount point /local)
Stopping at filesystem boundary (GIT_DISCOVERY_ACROSS_FILESYSTEM not set).
fatal: not a git repository (or any parent up to mount point /local)
Stopping at filesystem boundary (GIT_DISCOVERY_ACROSS_FILESYSTEM not set).
fatal: not a git repository (or any parent up to mount point /local)
Stopping at filesystem boundary (GIT_DISCOVERY_ACROSS_FILESYSTEM not set).
fatal: not a git repository (or any parent up to mount point /local)
Stopping at filesystem boundary (GIT_DISCOVERY_ACROSS_FILESYSTEM not set).
rep 1/1: complete export=s e2e=3.669479742s 19297737 bytes syscr=4652514 pread64=3605205 io_uring_enter=0 read_bytes=0 cpu_s=13.210000
[2026-10-06T08:48:04Z] pr196-H-vocab-random-label-de-200k-warm-variant-r3 done
fatal: not a git repository (or any parent up to mount point /local)
Stopping at filesystem boundary (GIT_DISCOVERY_ACROSS_FILESYSTEM not set).
fatal: not a git repository (or any parent up to mount point /local)
Stopping at filesystem boundary (GIT_DISCOVERY_ACROSS_FILESYSTEM not set).
fatal: not a git repository (or any parent up to mount point /local)
Stopping at filesystem boundary (GIT_DISCOVERY_ACROSS_FILESYSTEM not set).
fatal: not a git repository (or any parent up to mount point /local)
Stopping at filesystem boundary (GIT_DISCOVERY_ACROSS_FILESYSTEM not set).
fatal: not a git repository (or any parent up to mount point /local)
Stopping at filesystem boundary (GIT_DISCOVERY_ACROSS_FILESYSTEM not set).
rep 1/1: complete export=s e2e=4.014541662s 19297737 bytes syscr=4652043 pread64=3605205 io_uring_enter=0 read_bytes=0 cpu_s=13.100000
[2026-10-06T08:48:53Z] pr196-H-vocab-random-label-de-200k-warm-variant2-r3 done
fatal: not a git repository (or any parent up to mount point /local)
Stopping at filesystem boundary (GIT_DISCOVERY_ACROSS_FILESYSTEM not set).
fatal: not a git repository (or any parent up to mount point /local)
Stopping at filesystem boundary (GIT_DISCOVERY_ACROSS_FILESYSTEM not set).
fatal: not a git repository (or any parent up to mount point /local)
Stopping at filesystem boundary (GIT_DISCOVERY_ACROSS_FILESYSTEM not set).
fatal: not a git repository (or any parent up to mount point /local)
Stopping at filesystem boundary (GIT_DISCOVERY_ACROSS_FILESYSTEM not set).
fatal: not a git repository (or any parent up to mount point /local)
Stopping at filesystem boundary (GIT_DISCOVERY_ACROSS_FILESYSTEM not set).
rep 1/1: complete export=s e2e=3.958270597s 19297737 bytes syscr=4652039 pread64=3605205 io_uring_enter=0 read_bytes=0 cpu_s=12.920000
[2026-10-06T08:49:43Z] pr196-H-vocab-random-label-de-200k-warm-variant2-r4 done
fatal: not a git repository (or any parent up to mount point /local)
Stopping at filesystem boundary (GIT_DISCOVERY_ACROSS_FILESYSTEM not set).
fatal: not a git repository (or any parent up to mount point /local)
Stopping at filesystem boundary (GIT_DISCOVERY_ACROSS_FILESYSTEM not set).
fatal: not a git repository (or any parent up to mount point /local)
Stopping at filesystem boundary (GIT_DISCOVERY_ACROSS_FILESYSTEM not set).
fatal: not a git repository (or any parent up to mount point /local)
Stopping at filesystem boundary (GIT_DISCOVERY_ACROSS_FILESYSTEM not set).
fatal: not a git repository (or any parent up to mount point /local)
Stopping at filesystem boundary (GIT_DISCOVERY_ACROSS_FILESYSTEM not set).
rep 1/1: complete export=s e2e=4.911684819s 19297737 bytes syscr=4652528 pread64=3605205 io_uring_enter=0 read_bytes=0 cpu_s=17.340000
[2026-10-06T08:50:38Z] pr196-H-vocab-random-label-de-200k-warm-variant-r4 done
fatal: not a git repository (or any parent up to mount point /local)
Stopping at filesystem boundary (GIT_DISCOVERY_ACROSS_FILESYSTEM not set).
fatal: not a git repository (or any parent up to mount point /local)
Stopping at filesystem boundary (GIT_DISCOVERY_ACROSS_FILESYSTEM not set).
fatal: not a git repository (or any parent up to mount point /local)
Stopping at filesystem boundary (GIT_DISCOVERY_ACROSS_FILESYSTEM not set).
fatal: not a git repository (or any parent up to mount point /local)
Stopping at filesystem boundary (GIT_DISCOVERY_ACROSS_FILESYSTEM not set).
fatal: not a git repository (or any parent up to mount point /local)
Stopping at filesystem boundary (GIT_DISCOVERY_ACROSS_FILESYSTEM not set).
rep 1/1: complete export=s e2e=5.433210543s 19297737 bytes syscr=3101332 pread64=2403470 io_uring_enter=0 read_bytes=0 cpu_s=11.650000
[2026-10-06T08:51:37Z] pr196-H-vocab-random-label-de-200k-warm-base-r4 done
fatal: not a git repository (or any parent up to mount point /local)
Stopping at filesystem boundary (GIT_DISCOVERY_ACROSS_FILESYSTEM not set).
fatal: not a git repository (or any parent up to mount point /local)
Stopping at filesystem boundary (GIT_DISCOVERY_ACROSS_FILESYSTEM not set).
fatal: not a git repository (or any parent up to mount point /local)
Stopping at filesystem boundary (GIT_DISCOVERY_ACROSS_FILESYSTEM not set).
fatal: not a git repository (or any parent up to mount point /local)
Stopping at filesystem boundary (GIT_DISCOVERY_ACROSS_FILESYSTEM not set).
fatal: not a git repository (or any parent up to mount point /local)
Stopping at filesystem boundary (GIT_DISCOVERY_ACROSS_FILESYSTEM not set).
rep 1/1: complete export=s e2e=5.386807671s 19297737 bytes syscr=3101332 pread64=2403470 io_uring_enter=0 read_bytes=0 cpu_s=11.530000
[2026-10-06T08:52:36Z] pr196-H-vocab-random-label-de-200k-warm-base-r5 done
fatal: not a git repository (or any parent up to mount point /local)
Stopping at filesystem boundary (GIT_DISCOVERY_ACROSS_FILESYSTEM not set).
fatal: not a git repository (or any parent up to mount point /local)
Stopping at filesystem boundary (GIT_DISCOVERY_ACROSS_FILESYSTEM not set).
fatal: not a git repository (or any parent up to mount point /local)
Stopping at filesystem boundary (GIT_DISCOVERY_ACROSS_FILESYSTEM not set).
fatal: not a git repository (or any parent up to mount point /local)
Stopping at filesystem boundary (GIT_DISCOVERY_ACROSS_FILESYSTEM not set).
fatal: not a git repository (or any parent up to mount point /local)
Stopping at filesystem boundary (GIT_DISCOVERY_ACROSS_FILESYSTEM not set).
rep 1/1: complete export=s e2e=5.001009984s 19297737 bytes syscr=4652516 pread64=3605205 io_uring_enter=0 read_bytes=0 cpu_s=17.650000
[2026-10-06T08:53:39Z] pr196-H-vocab-random-label-de-200k-warm-variant-r5 done
fatal: not a git repository (or any parent up to mount point /local)
Stopping at filesystem boundary (GIT_DISCOVERY_ACROSS_FILESYSTEM not set).
fatal: not a git repository (or any parent up to mount point /local)
Stopping at filesystem boundary (GIT_DISCOVERY_ACROSS_FILESYSTEM not set).
fatal: not a git repository (or any parent up to mount point /local)
Stopping at filesystem boundary (GIT_DISCOVERY_ACROSS_FILESYSTEM not set).
fatal: not a git repository (or any parent up to mount point /local)
Stopping at filesystem boundary (GIT_DISCOVERY_ACROSS_FILESYSTEM not set).
fatal: not a git repository (or any parent up to mount point /local)
Stopping at filesystem boundary (GIT_DISCOVERY_ACROSS_FILESYSTEM not set).
rep 1/1: complete export=s e2e=5.456032435s 19297737 bytes syscr=3101370 pread64=2403470 io_uring_enter=0 read_bytes=0 cpu_s=11.700000
[2026-10-06T08:54:38Z] pr196-H-vocab-random-label-de-200k-warm-variant2-r5 done
fatal: not a git repository (or any parent up to mount point /local)
Stopping at filesystem boundary (GIT_DISCOVERY_ACROSS_FILESYSTEM not set).
fatal: not a git repository (or any parent up to mount point /local)
Stopping at filesystem boundary (GIT_DISCOVERY_ACROSS_FILESYSTEM not set).
fatal: not a git repository (or any parent up to mount point /local)
Stopping at filesystem boundary (GIT_DISCOVERY_ACROSS_FILESYSTEM not set).
fatal: not a git repository (or any parent up to mount point /local)
Stopping at filesystem boundary (GIT_DISCOVERY_ACROSS_FILESYSTEM not set).
fatal: not a git repository (or any parent up to mount point /local)
Stopping at filesystem boundary (GIT_DISCOVERY_ACROSS_FILESYSTEM not set).
rep 1/1: complete export=s e2e=5.380485987s 19297737 bytes syscr=3101370 pread64=2403470 io_uring_enter=0 read_bytes=0 cpu_s=11.540000
[2026-10-06T08:55:37Z] pr196-H-vocab-random-label-de-200k-warm-variant2-r6 done
fatal: not a git repository (or any parent up to mount point /local)
Stopping at filesystem boundary (GIT_DISCOVERY_ACROSS_FILESYSTEM not set).
fatal: not a git repository (or any parent up to mount point /local)
Stopping at filesystem boundary (GIT_DISCOVERY_ACROSS_FILESYSTEM not set).
fatal: not a git repository (or any parent up to mount point /local)
Stopping at filesystem boundary (GIT_DISCOVERY_ACROSS_FILESYSTEM not set).
fatal: not a git repository (or any parent up to mount point /local)
Stopping at filesystem boundary (GIT_DISCOVERY_ACROSS_FILESYSTEM not set).
fatal: not a git repository (or any parent up to mount point /local)
Stopping at filesystem boundary (GIT_DISCOVERY_ACROSS_FILESYSTEM not set).
rep 1/1: complete export=s e2e=4.880881578s 19297737 bytes syscr=4652520 pread64=3605205 io_uring_enter=0 read_bytes=0 cpu_s=17.280000
[2026-10-06T08:56:39Z] pr196-H-vocab-random-label-de-200k-warm-variant-r6 done
fatal: not a git repository (or any parent up to mount point /local)
Stopping at filesystem boundary (GIT_DISCOVERY_ACROSS_FILESYSTEM not set).
fatal: not a git repository (or any parent up to mount point /local)
Stopping at filesystem boundary (GIT_DISCOVERY_ACROSS_FILESYSTEM not set).
fatal: not a git repository (or any parent up to mount point /local)
Stopping at filesystem boundary (GIT_DISCOVERY_ACROSS_FILESYSTEM not set).
fatal: not a git repository (or any parent up to mount point /local)
Stopping at filesystem boundary (GIT_DISCOVERY_ACROSS_FILESYSTEM not set).
fatal: not a git repository (or any parent up to mount point /local)
Stopping at filesystem boundary (GIT_DISCOVERY_ACROSS_FILESYSTEM not set).
rep 1/1: complete export=s e2e=5.374425816s 19297737 bytes syscr=3101332 pread64=2403470 io_uring_enter=0 read_bytes=0 cpu_s=11.580000
[2026-10-06T08:57:38Z] pr196-H-vocab-random-label-de-200k-warm-base-r6 done
fatal: not a git repository (or any parent up to mount point /local)
Stopping at filesystem boundary (GIT_DISCOVERY_ACROSS_FILESYSTEM not set).
fatal: not a git repository (or any parent up to mount point /local)
Stopping at filesystem boundary (GIT_DISCOVERY_ACROSS_FILESYSTEM not set).
fatal: not a git repository (or any parent up to mount point /local)
Stopping at filesystem boundary (GIT_DISCOVERY_ACROSS_FILESYSTEM not set).
fatal: not a git repository (or any parent up to mount point /local)
Stopping at filesystem boundary (GIT_DISCOVERY_ACROSS_FILESYSTEM not set).
fatal: not a git repository (or any parent up to mount point /local)
Stopping at filesystem boundary (GIT_DISCOVERY_ACROSS_FILESYSTEM not set).
rep 1/1: complete export=s e2e=5.308894927s 19297737 bytes syscr=3101332 pread64=2403470 io_uring_enter=0 read_bytes=0 cpu_s=11.390000
[2026-10-06T08:58:37Z] pr196-H-vocab-random-label-de-200k-warm-base-r7 done
fatal: not a git repository (or any parent up to mount point /local)
Stopping at filesystem boundary (GIT_DISCOVERY_ACROSS_FILESYSTEM not set).
fatal: not a git repository (or any parent up to mount point /local)
Stopping at filesystem boundary (GIT_DISCOVERY_ACROSS_FILESYSTEM not set).
fatal: not a git repository (or any parent up to mount point /local)
Stopping at filesystem boundary (GIT_DISCOVERY_ACROSS_FILESYSTEM not set).
fatal: not a git repository (or any parent up to mount point /local)
Stopping at filesystem boundary (GIT_DISCOVERY_ACROSS_FILESYSTEM not set).
fatal: not a git repository (or any parent up to mount point /local)
Stopping at filesystem boundary (GIT_DISCOVERY_ACROSS_FILESYSTEM not set).
rep 1/1: complete export=s e2e=4.884945285s 19297737 bytes syscr=4652536 pread64=3605205 io_uring_enter=0 read_bytes=0 cpu_s=17.230000
[2026-10-06T08:59:38Z] pr196-H-vocab-random-label-de-200k-warm-variant-r7 done
fatal: not a git repository (or any parent up to mount point /local)
Stopping at filesystem boundary (GIT_DISCOVERY_ACROSS_FILESYSTEM not set).
fatal: not a git repository (or any parent up to mount point /local)
Stopping at filesystem boundary (GIT_DISCOVERY_ACROSS_FILESYSTEM not set).
fatal: not a git repository (or any parent up to mount point /local)
Stopping at filesystem boundary (GIT_DISCOVERY_ACROSS_FILESYSTEM not set).
fatal: not a git repository (or any parent up to mount point /local)
Stopping at filesystem boundary (GIT_DISCOVERY_ACROSS_FILESYSTEM not set).
fatal: not a git repository (or any parent up to mount point /local)
Stopping at filesystem boundary (GIT_DISCOVERY_ACROSS_FILESYSTEM not set).
rep 1/1: complete export=s e2e=5.310003975s 19297737 bytes syscr=3101370 pread64=2403470 io_uring_enter=0 read_bytes=0 cpu_s=11.380000
[2026-10-06T09:00:37Z] pr196-H-vocab-random-label-de-200k-warm-variant2-r7 done
fatal: not a git repository (or any parent up to mount point /local)
Stopping at filesystem boundary (GIT_DISCOVERY_ACROSS_FILESYSTEM not set).
fatal: not a git repository (or any parent up to mount point /local)
Stopping at filesystem boundary (GIT_DISCOVERY_ACROSS_FILESYSTEM not set).
fatal: not a git repository (or any parent up to mount point /local)
Stopping at filesystem boundary (GIT_DISCOVERY_ACROSS_FILESYSTEM not set).
fatal: not a git repository (or any parent up to mount point /local)
Stopping at filesystem boundary (GIT_DISCOVERY_ACROSS_FILESYSTEM not set).
fatal: not a git repository (or any parent up to mount point /local)
Stopping at filesystem boundary (GIT_DISCOVERY_ACROSS_FILESYSTEM not set).
rep 1/1: complete export=s e2e=5.253823575s 19297737 bytes syscr=3101370 pread64=2403470 io_uring_enter=0 read_bytes=0 cpu_s=11.280000
[2026-10-06T09:01:36Z] pr196-H-vocab-random-label-de-200k-warm-variant2-r8 done
fatal: not a git repository (or any parent up to mount point /local)
Stopping at filesystem boundary (GIT_DISCOVERY_ACROSS_FILESYSTEM not set).
fatal: not a git repository (or any parent up to mount point /local)
Stopping at filesystem boundary (GIT_DISCOVERY_ACROSS_FILESYSTEM not set).
fatal: not a git repository (or any parent up to mount point /local)
Stopping at filesystem boundary (GIT_DISCOVERY_ACROSS_FILESYSTEM not set).
fatal: not a git repository (or any parent up to mount point /local)
Stopping at filesystem boundary (GIT_DISCOVERY_ACROSS_FILESYSTEM not set).
fatal: not a git repository (or any parent up to mount point /local)
Stopping at filesystem boundary (GIT_DISCOVERY_ACROSS_FILESYSTEM not set).
rep 1/1: complete export=s e2e=4.932989464s 19297737 bytes syscr=4652536 pread64=3605205 io_uring_enter=0 read_bytes=0 cpu_s=17.360000
[2026-10-06T09:02:38Z] pr196-H-vocab-random-label-de-200k-warm-variant-r8 done
fatal: not a git repository (or any parent up to mount point /local)
Stopping at filesystem boundary (GIT_DISCOVERY_ACROSS_FILESYSTEM not set).
fatal: not a git repository (or any parent up to mount point /local)
Stopping at filesystem boundary (GIT_DISCOVERY_ACROSS_FILESYSTEM not set).
fatal: not a git repository (or any parent up to mount point /local)
Stopping at filesystem boundary (GIT_DISCOVERY_ACROSS_FILESYSTEM not set).
fatal: not a git repository (or any parent up to mount point /local)
Stopping at filesystem boundary (GIT_DISCOVERY_ACROSS_FILESYSTEM not set).
fatal: not a git repository (or any parent up to mount point /local)
Stopping at filesystem boundary (GIT_DISCOVERY_ACROSS_FILESYSTEM not set).
rep 1/1: complete export=s e2e=5.294879371s 19297737 bytes syscr=3101328 pread64=2403470 io_uring_enter=0 read_bytes=0 cpu_s=11.340000
[2026-10-06T09:03:37Z] pr196-H-vocab-random-label-de-200k-warm-base-r8 done
fatal: not a git repository (or any parent up to mount point /local)
Stopping at filesystem boundary (GIT_DISCOVERY_ACROSS_FILESYSTEM not set).
fatal: not a git repository (or any parent up to mount point /local)
Stopping at filesystem boundary (GIT_DISCOVERY_ACROSS_FILESYSTEM not set).
fatal: not a git repository (or any parent up to mount point /local)
Stopping at filesystem boundary (GIT_DISCOVERY_ACROSS_FILESYSTEM not set).
fatal: not a git repository (or any parent up to mount point /local)
Stopping at filesystem boundary (GIT_DISCOVERY_ACROSS_FILESYSTEM not set).
fatal: not a git repository (or any parent up to mount point /local)
Stopping at filesystem boundary (GIT_DISCOVERY_ACROSS_FILESYSTEM not set).
rep 1/1: complete export=s e2e=5.309940256s 19297737 bytes syscr=3101332 pread64=2403470 io_uring_enter=0 read_bytes=0 cpu_s=11.430000
[2026-10-06T09:04:36Z] pr196-H-vocab-random-label-de-200k-warm-base-r9 done
fatal: not a git repository (or any parent up to mount point /local)
Stopping at filesystem boundary (GIT_DISCOVERY_ACROSS_FILESYSTEM not set).
fatal: not a git repository (or any parent up to mount point /local)
Stopping at filesystem boundary (GIT_DISCOVERY_ACROSS_FILESYSTEM not set).
fatal: not a git repository (or any parent up to mount point /local)
Stopping at filesystem boundary (GIT_DISCOVERY_ACROSS_FILESYSTEM not set).
fatal: not a git repository (or any parent up to mount point /local)
Stopping at filesystem boundary (GIT_DISCOVERY_ACROSS_FILESYSTEM not set).
fatal: not a git repository (or any parent up to mount point /local)
Stopping at filesystem boundary (GIT_DISCOVERY_ACROSS_FILESYSTEM not set).
rep 1/1: complete export=s e2e=4.960945511s 19297737 bytes syscr=4652530 pread64=3605205 io_uring_enter=0 read_bytes=0 cpu_s=17.470000
[2026-10-06T09:05:38Z] pr196-H-vocab-random-label-de-200k-warm-variant-r9 done
fatal: not a git repository (or any parent up to mount point /local)
Stopping at filesystem boundary (GIT_DISCOVERY_ACROSS_FILESYSTEM not set).
fatal: not a git repository (or any parent up to mount point /local)
Stopping at filesystem boundary (GIT_DISCOVERY_ACROSS_FILESYSTEM not set).
fatal: not a git repository (or any parent up to mount point /local)
Stopping at filesystem boundary (GIT_DISCOVERY_ACROSS_FILESYSTEM not set).
fatal: not a git repository (or any parent up to mount point /local)
Stopping at filesystem boundary (GIT_DISCOVERY_ACROSS_FILESYSTEM not set).
fatal: not a git repository (or any parent up to mount point /local)
Stopping at filesystem boundary (GIT_DISCOVERY_ACROSS_FILESYSTEM not set).
rep 1/1: complete export=s e2e=5.402702364s 19297737 bytes syscr=3101366 pread64=2403470 io_uring_enter=0 read_bytes=0 cpu_s=11.580000
[2026-10-06T09:06:38Z] pr196-H-vocab-random-label-de-200k-warm-variant2-r9 done
fatal: not a git repository (or any parent up to mount point /local)
Stopping at filesystem boundary (GIT_DISCOVERY_ACROSS_FILESYSTEM not set).
fatal: not a git repository (or any parent up to mount point /local)
Stopping at filesystem boundary (GIT_DISCOVERY_ACROSS_FILESYSTEM not set).
fatal: not a git repository (or any parent up to mount point /local)
Stopping at filesystem boundary (GIT_DISCOVERY_ACROSS_FILESYSTEM not set).
fatal: not a git repository (or any parent up to mount point /local)
Stopping at filesystem boundary (GIT_DISCOVERY_ACROSS_FILESYSTEM not set).
fatal: not a git repository (or any parent up to mount point /local)
Stopping at filesystem boundary (GIT_DISCOVERY_ACROSS_FILESYSTEM not set).
rep 1/1: complete export=s e2e=5.369473336s 19297737 bytes syscr=3101366 pread64=2403470 io_uring_enter=0 read_bytes=0 cpu_s=11.530000
[2026-10-06T09:07:37Z] pr196-H-vocab-random-label-de-200k-warm-variant2-r10 done
fatal: not a git repository (or any parent up to mount point /local)
Stopping at filesystem boundary (GIT_DISCOVERY_ACROSS_FILESYSTEM not set).
fatal: not a git repository (or any parent up to mount point /local)
Stopping at filesystem boundary (GIT_DISCOVERY_ACROSS_FILESYSTEM not set).
fatal: not a git repository (or any parent up to mount point /local)
Stopping at filesystem boundary (GIT_DISCOVERY_ACROSS_FILESYSTEM not set).
fatal: not a git repository (or any parent up to mount point /local)
Stopping at filesystem boundary (GIT_DISCOVERY_ACROSS_FILESYSTEM not set).
fatal: not a git repository (or any parent up to mount point /local)
Stopping at filesystem boundary (GIT_DISCOVERY_ACROSS_FILESYSTEM not set).
rep 1/1: complete export=s e2e=4.891166418s 19297737 bytes syscr=4652518 pread64=3605205 io_uring_enter=0 read_bytes=0 cpu_s=17.290000
[2026-10-06T09:08:39Z] pr196-H-vocab-random-label-de-200k-warm-variant-r10 done
fatal: not a git repository (or any parent up to mount point /local)
Stopping at filesystem boundary (GIT_DISCOVERY_ACROSS_FILESYSTEM not set).
fatal: not a git repository (or any parent up to mount point /local)
Stopping at filesystem boundary (GIT_DISCOVERY_ACROSS_FILESYSTEM not set).
fatal: not a git repository (or any parent up to mount point /local)
Stopping at filesystem boundary (GIT_DISCOVERY_ACROSS_FILESYSTEM not set).
fatal: not a git repository (or any parent up to mount point /local)
Stopping at filesystem boundary (GIT_DISCOVERY_ACROSS_FILESYSTEM not set).
fatal: not a git repository (or any parent up to mount point /local)
Stopping at filesystem boundary (GIT_DISCOVERY_ACROSS_FILESYSTEM not set).
rep 1/1: complete export=s e2e=5.341272770s 19297737 bytes syscr=3101332 pread64=2403470 io_uring_enter=0 read_bytes=0 cpu_s=11.450000
[2026-10-06T09:09:38Z] pr196-H-vocab-random-label-de-200k-warm-base-r10 done
Caches dropped successfully (synced, then wrote 1
 to /proc/sys/vm/drop_caches).
fatal: not a git repository (or any parent up to mount point /local)
Stopping at filesystem boundary (GIT_DISCOVERY_ACROSS_FILESYSTEM not set).
fatal: not a git repository (or any parent up to mount point /local)
Stopping at filesystem boundary (GIT_DISCOVERY_ACROSS_FILESYSTEM not set).
fatal: not a git repository (or any parent up to mount point /local)
Stopping at filesystem boundary (GIT_DISCOVERY_ACROSS_FILESYSTEM not set).
fatal: not a git repository (or any parent up to mount point /local)
Stopping at filesystem boundary (GIT_DISCOVERY_ACROSS_FILESYSTEM not set).
fatal: not a git repository (or any parent up to mount point /local)
Stopping at filesystem boundary (GIT_DISCOVERY_ACROSS_FILESYSTEM not set).
rep 1/1: complete export=s e2e=37.463613672s 1302749672 bytes syscr=9912 pread64=9836 io_uring_enter=0 read_bytes=511324160 cpu_s=48.760000
[2026-10-06T09:10:58Z] pr196-H-vocab-label-large-cold-base-r1 done
Caches dropped successfully (synced, then wrote 1
 to /proc/sys/vm/drop_caches).
fatal: not a git repository (or any parent up to mount point /local)
Stopping at filesystem boundary (GIT_DISCOVERY_ACROSS_FILESYSTEM not set).
fatal: not a git repository (or any parent up to mount point /local)
Stopping at filesystem boundary (GIT_DISCOVERY_ACROSS_FILESYSTEM not set).
fatal: not a git repository (or any parent up to mount point /local)
Stopping at filesystem boundary (GIT_DISCOVERY_ACROSS_FILESYSTEM not set).
fatal: not a git repository (or any parent up to mount point /local)
Stopping at filesystem boundary (GIT_DISCOVERY_ACROSS_FILESYSTEM not set).
fatal: not a git repository (or any parent up to mount point /local)
Stopping at filesystem boundary (GIT_DISCOVERY_ACROSS_FILESYSTEM not set).
rep 1/1: complete export=s e2e=21.300955848s 1302749672 bytes syscr=9880 pread64=9836 io_uring_enter=0 read_bytes=511320064 cpu_s=50.770000
[2026-10-06T09:12:02Z] pr196-H-vocab-label-large-cold-variant-r1 done
Caches dropped successfully (synced, then wrote 1
 to /proc/sys/vm/drop_caches).
fatal: not a git repository (or any parent up to mount point /local)
Stopping at filesystem boundary (GIT_DISCOVERY_ACROSS_FILESYSTEM not set).
fatal: not a git repository (or any parent up to mount point /local)
Stopping at filesystem boundary (GIT_DISCOVERY_ACROSS_FILESYSTEM not set).
fatal: not a git repository (or any parent up to mount point /local)
Stopping at filesystem boundary (GIT_DISCOVERY_ACROSS_FILESYSTEM not set).
fatal: not a git repository (or any parent up to mount point /local)
Stopping at filesystem boundary (GIT_DISCOVERY_ACROSS_FILESYSTEM not set).
fatal: not a git repository (or any parent up to mount point /local)
Stopping at filesystem boundary (GIT_DISCOVERY_ACROSS_FILESYSTEM not set).
rep 1/1: complete export=s e2e=40.114432755s 1302749672 bytes syscr=9916 pread64=9836 io_uring_enter=0 read_bytes=511320064 cpu_s=51.380000
[2026-10-06T09:13:24Z] pr196-H-vocab-label-large-cold-variant2-r1 done
Caches dropped successfully (synced, then wrote 1
 to /proc/sys/vm/drop_caches).
fatal: not a git repository (or any parent up to mount point /local)
Stopping at filesystem boundary (GIT_DISCOVERY_ACROSS_FILESYSTEM not set).
fatal: not a git repository (or any parent up to mount point /local)
Stopping at filesystem boundary (GIT_DISCOVERY_ACROSS_FILESYSTEM not set).
fatal: not a git repository (or any parent up to mount point /local)
Stopping at filesystem boundary (GIT_DISCOVERY_ACROSS_FILESYSTEM not set).
fatal: not a git repository (or any parent up to mount point /local)
Stopping at filesystem boundary (GIT_DISCOVERY_ACROSS_FILESYSTEM not set).
fatal: not a git repository (or any parent up to mount point /local)
Stopping at filesystem boundary (GIT_DISCOVERY_ACROSS_FILESYSTEM not set).
rep 1/1: complete export=s e2e=39.277982374s 1302749672 bytes syscr=9912 pread64=9836 io_uring_enter=0 read_bytes=511320064 cpu_s=50.390000
[2026-10-06T09:14:46Z] pr196-H-vocab-label-large-cold-variant2-r2 done
Caches dropped successfully (synced, then wrote 1
 to /proc/sys/vm/drop_caches).
fatal: not a git repository (or any parent up to mount point /local)
Stopping at filesystem boundary (GIT_DISCOVERY_ACROSS_FILESYSTEM not set).
fatal: not a git repository (or any parent up to mount point /local)
Stopping at filesystem boundary (GIT_DISCOVERY_ACROSS_FILESYSTEM not set).
fatal: not a git repository (or any parent up to mount point /local)
Stopping at filesystem boundary (GIT_DISCOVERY_ACROSS_FILESYSTEM not set).
fatal: not a git repository (or any parent up to mount point /local)
Stopping at filesystem boundary (GIT_DISCOVERY_ACROSS_FILESYSTEM not set).
fatal: not a git repository (or any parent up to mount point /local)
Stopping at filesystem boundary (GIT_DISCOVERY_ACROSS_FILESYSTEM not set).
rep 1/1: complete export=s e2e=29.674033302s 1302749672 bytes syscr=9896 pread64=9836 io_uring_enter=0 read_bytes=512532480 cpu_s=52.820000
[2026-10-06T09:16:03Z] pr196-H-vocab-label-large-cold-variant-r2 done
Caches dropped successfully (synced, then wrote 1
 to /proc/sys/vm/drop_caches).
fatal: not a git repository (or any parent up to mount point /local)
Stopping at filesystem boundary (GIT_DISCOVERY_ACROSS_FILESYSTEM not set).
fatal: not a git repository (or any parent up to mount point /local)
Stopping at filesystem boundary (GIT_DISCOVERY_ACROSS_FILESYSTEM not set).
fatal: not a git repository (or any parent up to mount point /local)
Stopping at filesystem boundary (GIT_DISCOVERY_ACROSS_FILESYSTEM not set).
fatal: not a git repository (or any parent up to mount point /local)
Stopping at filesystem boundary (GIT_DISCOVERY_ACROSS_FILESYSTEM not set).
fatal: not a git repository (or any parent up to mount point /local)
Stopping at filesystem boundary (GIT_DISCOVERY_ACROSS_FILESYSTEM not set).
rep 1/1: complete export=s e2e=33.387467726s 1302749672 bytes syscr=9904 pread64=9836 io_uring_enter=0 read_bytes=511459328 cpu_s=44.140000
[2026-10-06T09:17:17Z] pr196-H-vocab-label-large-cold-base-r2 done
Caches dropped successfully (synced, then wrote 1
 to /proc/sys/vm/drop_caches).
fatal: not a git repository (or any parent up to mount point /local)
Stopping at filesystem boundary (GIT_DISCOVERY_ACROSS_FILESYSTEM not set).
fatal: not a git repository (or any parent up to mount point /local)
Stopping at filesystem boundary (GIT_DISCOVERY_ACROSS_FILESYSTEM not set).
fatal: not a git repository (or any parent up to mount point /local)
Stopping at filesystem boundary (GIT_DISCOVERY_ACROSS_FILESYSTEM not set).
fatal: not a git repository (or any parent up to mount point /local)
Stopping at filesystem boundary (GIT_DISCOVERY_ACROSS_FILESYSTEM not set).
fatal: not a git repository (or any parent up to mount point /local)
Stopping at filesystem boundary (GIT_DISCOVERY_ACROSS_FILESYSTEM not set).
rep 1/1: complete export=s e2e=39.309610893s 1302749672 bytes syscr=9912 pread64=9836 io_uring_enter=0 read_bytes=511324160 cpu_s=50.380000
[2026-10-06T09:18:38Z] pr196-H-vocab-label-large-cold-base-r3 done
Caches dropped successfully (synced, then wrote 1
 to /proc/sys/vm/drop_caches).
fatal: not a git repository (or any parent up to mount point /local)
Stopping at filesystem boundary (GIT_DISCOVERY_ACROSS_FILESYSTEM not set).
fatal: not a git repository (or any parent up to mount point /local)
Stopping at filesystem boundary (GIT_DISCOVERY_ACROSS_FILESYSTEM not set).
fatal: not a git repository (or any parent up to mount point /local)
Stopping at filesystem boundary (GIT_DISCOVERY_ACROSS_FILESYSTEM not set).
fatal: not a git repository (or any parent up to mount point /local)
Stopping at filesystem boundary (GIT_DISCOVERY_ACROSS_FILESYSTEM not set).
fatal: not a git repository (or any parent up to mount point /local)
Stopping at filesystem boundary (GIT_DISCOVERY_ACROSS_FILESYSTEM not set).
rep 1/1: complete export=s e2e=20.038677521s 1302749672 bytes syscr=9876 pread64=9836 io_uring_enter=0 read_bytes=511320064 cpu_s=48.720000
[2026-10-06T09:19:39Z] pr196-H-vocab-label-large-cold-variant-r3 done
Caches dropped successfully (synced, then wrote 1
 to /proc/sys/vm/drop_caches).
fatal: not a git repository (or any parent up to mount point /local)
Stopping at filesystem boundary (GIT_DISCOVERY_ACROSS_FILESYSTEM not set).
fatal: not a git repository (or any parent up to mount point /local)
Stopping at filesystem boundary (GIT_DISCOVERY_ACROSS_FILESYSTEM not set).
fatal: not a git repository (or any parent up to mount point /local)
Stopping at filesystem boundary (GIT_DISCOVERY_ACROSS_FILESYSTEM not set).
fatal: not a git repository (or any parent up to mount point /local)
Stopping at filesystem boundary (GIT_DISCOVERY_ACROSS_FILESYSTEM not set).
fatal: not a git repository (or any parent up to mount point /local)
Stopping at filesystem boundary (GIT_DISCOVERY_ACROSS_FILESYSTEM not set).
rep 1/1: complete export=s e2e=34.749815995s 1302749672 bytes syscr=9904 pread64=9836 io_uring_enter=0 read_bytes=511320064 cpu_s=45.650000
[2026-10-06T09:20:53Z] pr196-H-vocab-label-large-cold-variant2-r3 done
Caches dropped successfully (synced, then wrote 1
 to /proc/sys/vm/drop_caches).
fatal: not a git repository (or any parent up to mount point /local)
Stopping at filesystem boundary (GIT_DISCOVERY_ACROSS_FILESYSTEM not set).
fatal: not a git repository (or any parent up to mount point /local)
Stopping at filesystem boundary (GIT_DISCOVERY_ACROSS_FILESYSTEM not set).
fatal: not a git repository (or any parent up to mount point /local)
Stopping at filesystem boundary (GIT_DISCOVERY_ACROSS_FILESYSTEM not set).
fatal: not a git repository (or any parent up to mount point /local)
Stopping at filesystem boundary (GIT_DISCOVERY_ACROSS_FILESYSTEM not set).
fatal: not a git repository (or any parent up to mount point /local)
Stopping at filesystem boundary (GIT_DISCOVERY_ACROSS_FILESYSTEM not set).
rep 1/1: complete export=s e2e=33.618565075s 1302749672 bytes syscr=9904 pread64=9836 io_uring_enter=0 read_bytes=511455232 cpu_s=44.180000
[2026-10-06T09:22:05Z] pr196-H-vocab-label-large-cold-variant2-r4 done
Caches dropped successfully (synced, then wrote 1
 to /proc/sys/vm/drop_caches).
fatal: not a git repository (or any parent up to mount point /local)
Stopping at filesystem boundary (GIT_DISCOVERY_ACROSS_FILESYSTEM not set).
fatal: not a git repository (or any parent up to mount point /local)
Stopping at filesystem boundary (GIT_DISCOVERY_ACROSS_FILESYSTEM not set).
fatal: not a git repository (or any parent up to mount point /local)
Stopping at filesystem boundary (GIT_DISCOVERY_ACROSS_FILESYSTEM not set).
fatal: not a git repository (or any parent up to mount point /local)
Stopping at filesystem boundary (GIT_DISCOVERY_ACROSS_FILESYSTEM not set).
fatal: not a git repository (or any parent up to mount point /local)
Stopping at filesystem boundary (GIT_DISCOVERY_ACROSS_FILESYSTEM not set).
rep 1/1: complete export=s e2e=17.356248716s 1302749672 bytes syscr=9872 pread64=9836 io_uring_enter=0 read_bytes=511455232 cpu_s=43.370000
[2026-10-06T09:22:59Z] pr196-H-vocab-label-large-cold-variant-r4 done
Caches dropped successfully (synced, then wrote 1
 to /proc/sys/vm/drop_caches).
fatal: not a git repository (or any parent up to mount point /local)
Stopping at filesystem boundary (GIT_DISCOVERY_ACROSS_FILESYSTEM not set).
fatal: not a git repository (or any parent up to mount point /local)
Stopping at filesystem boundary (GIT_DISCOVERY_ACROSS_FILESYSTEM not set).
fatal: not a git repository (or any parent up to mount point /local)
Stopping at filesystem boundary (GIT_DISCOVERY_ACROSS_FILESYSTEM not set).
fatal: not a git repository (or any parent up to mount point /local)
Stopping at filesystem boundary (GIT_DISCOVERY_ACROSS_FILESYSTEM not set).
fatal: not a git repository (or any parent up to mount point /local)
Stopping at filesystem boundary (GIT_DISCOVERY_ACROSS_FILESYSTEM not set).
rep 1/1: complete export=s e2e=30.085548951s 1302749672 bytes syscr=9896 pread64=9836 io_uring_enter=0 read_bytes=511324160 cpu_s=40.360000
[2026-10-06T09:24:06Z] pr196-H-vocab-label-large-cold-base-r4 done
Caches dropped successfully (synced, then wrote 1
 to /proc/sys/vm/drop_caches).
fatal: not a git repository (or any parent up to mount point /local)
Stopping at filesystem boundary (GIT_DISCOVERY_ACROSS_FILESYSTEM not set).
fatal: not a git repository (or any parent up to mount point /local)
Stopping at filesystem boundary (GIT_DISCOVERY_ACROSS_FILESYSTEM not set).
fatal: not a git repository (or any parent up to mount point /local)
Stopping at filesystem boundary (GIT_DISCOVERY_ACROSS_FILESYSTEM not set).
fatal: not a git repository (or any parent up to mount point /local)
Stopping at filesystem boundary (GIT_DISCOVERY_ACROSS_FILESYSTEM not set).
fatal: not a git repository (or any parent up to mount point /local)
Stopping at filesystem boundary (GIT_DISCOVERY_ACROSS_FILESYSTEM not set).
rep 1/1: complete export=s e2e=29.775544652s 1302749672 bytes syscr=9896 pread64=9836 io_uring_enter=0 read_bytes=511324160 cpu_s=40.220000
[2026-10-06T09:25:12Z] pr196-H-vocab-label-large-cold-base-r5 done
Caches dropped successfully (synced, then wrote 1
 to /proc/sys/vm/drop_caches).
fatal: not a git repository (or any parent up to mount point /local)
Stopping at filesystem boundary (GIT_DISCOVERY_ACROSS_FILESYSTEM not set).
fatal: not a git repository (or any parent up to mount point /local)
Stopping at filesystem boundary (GIT_DISCOVERY_ACROSS_FILESYSTEM not set).
fatal: not a git repository (or any parent up to mount point /local)
Stopping at filesystem boundary (GIT_DISCOVERY_ACROSS_FILESYSTEM not set).
fatal: not a git repository (or any parent up to mount point /local)
Stopping at filesystem boundary (GIT_DISCOVERY_ACROSS_FILESYSTEM not set).
fatal: not a git repository (or any parent up to mount point /local)
Stopping at filesystem boundary (GIT_DISCOVERY_ACROSS_FILESYSTEM not set).
rep 1/1: complete export=s e2e=16.843106236s 1302749672 bytes syscr=9872 pread64=9836 io_uring_enter=0 read_bytes=511320064 cpu_s=41.730000
[2026-10-06T09:26:04Z] pr196-H-vocab-label-large-cold-variant-r5 done
Caches dropped successfully (synced, then wrote 1
 to /proc/sys/vm/drop_caches).
fatal: not a git repository (or any parent up to mount point /local)
Stopping at filesystem boundary (GIT_DISCOVERY_ACROSS_FILESYSTEM not set).
fatal: not a git repository (or any parent up to mount point /local)
Stopping at filesystem boundary (GIT_DISCOVERY_ACROSS_FILESYSTEM not set).
fatal: not a git repository (or any parent up to mount point /local)
Stopping at filesystem boundary (GIT_DISCOVERY_ACROSS_FILESYSTEM not set).
fatal: not a git repository (or any parent up to mount point /local)
Stopping at filesystem boundary (GIT_DISCOVERY_ACROSS_FILESYSTEM not set).
fatal: not a git repository (or any parent up to mount point /local)
Stopping at filesystem boundary (GIT_DISCOVERY_ACROSS_FILESYSTEM not set).
rep 1/1: complete export=s e2e=28.042210574s 1302749672 bytes syscr=9892 pread64=9836 io_uring_enter=0 read_bytes=511320064 cpu_s=38.050000
[2026-10-06T09:27:07Z] pr196-H-vocab-label-large-cold-variant2-r5 done
Caches dropped successfully (synced, then wrote 1
 to /proc/sys/vm/drop_caches).
fatal: not a git repository (or any parent up to mount point /local)
Stopping at filesystem boundary (GIT_DISCOVERY_ACROSS_FILESYSTEM not set).
fatal: not a git repository (or any parent up to mount point /local)
Stopping at filesystem boundary (GIT_DISCOVERY_ACROSS_FILESYSTEM not set).
fatal: not a git repository (or any parent up to mount point /local)
Stopping at filesystem boundary (GIT_DISCOVERY_ACROSS_FILESYSTEM not set).
fatal: not a git repository (or any parent up to mount point /local)
Stopping at filesystem boundary (GIT_DISCOVERY_ACROSS_FILESYSTEM not set).
fatal: not a git repository (or any parent up to mount point /local)
Stopping at filesystem boundary (GIT_DISCOVERY_ACROSS_FILESYSTEM not set).
rep 1/1: complete export=s e2e=28.058695123s 1302749672 bytes syscr=9892 pread64=9836 io_uring_enter=0 read_bytes=511320064 cpu_s=38.020000
[2026-10-06T09:28:10Z] pr196-H-vocab-label-large-cold-variant2-r6 done
Caches dropped successfully (synced, then wrote 1
 to /proc/sys/vm/drop_caches).
fatal: not a git repository (or any parent up to mount point /local)
Stopping at filesystem boundary (GIT_DISCOVERY_ACROSS_FILESYSTEM not set).
fatal: not a git repository (or any parent up to mount point /local)
Stopping at filesystem boundary (GIT_DISCOVERY_ACROSS_FILESYSTEM not set).
fatal: not a git repository (or any parent up to mount point /local)
Stopping at filesystem boundary (GIT_DISCOVERY_ACROSS_FILESYSTEM not set).
fatal: not a git repository (or any parent up to mount point /local)
Stopping at filesystem boundary (GIT_DISCOVERY_ACROSS_FILESYSTEM not set).
fatal: not a git repository (or any parent up to mount point /local)
Stopping at filesystem boundary (GIT_DISCOVERY_ACROSS_FILESYSTEM not set).
rep 1/1: complete export=s e2e=15.066250956s 1302749672 bytes syscr=9868 pread64=9836 io_uring_enter=0 read_bytes=511320064 cpu_s=38.200000
[2026-10-06T09:29:00Z] pr196-H-vocab-label-large-cold-variant-r6 done
Caches dropped successfully (synced, then wrote 1
 to /proc/sys/vm/drop_caches).
fatal: not a git repository (or any parent up to mount point /local)
Stopping at filesystem boundary (GIT_DISCOVERY_ACROSS_FILESYSTEM not set).
fatal: not a git repository (or any parent up to mount point /local)
Stopping at filesystem boundary (GIT_DISCOVERY_ACROSS_FILESYSTEM not set).
fatal: not a git repository (or any parent up to mount point /local)
Stopping at filesystem boundary (GIT_DISCOVERY_ACROSS_FILESYSTEM not set).
fatal: not a git repository (or any parent up to mount point /local)
Stopping at filesystem boundary (GIT_DISCOVERY_ACROSS_FILESYSTEM not set).
fatal: not a git repository (or any parent up to mount point /local)
Stopping at filesystem boundary (GIT_DISCOVERY_ACROSS_FILESYSTEM not set).
rep 1/1: complete export=s e2e=26.775585225s 1302749672 bytes syscr=9888 pread64=9836 io_uring_enter=0 read_bytes=511324160 cpu_s=36.600000
[2026-10-06T09:30:01Z] pr196-H-vocab-label-large-cold-base-r6 done
Caches dropped successfully (synced, then wrote 1
 to /proc/sys/vm/drop_caches).
fatal: not a git repository (or any parent up to mount point /local)
Stopping at filesystem boundary (GIT_DISCOVERY_ACROSS_FILESYSTEM not set).
fatal: not a git repository (or any parent up to mount point /local)
Stopping at filesystem boundary (GIT_DISCOVERY_ACROSS_FILESYSTEM not set).
fatal: not a git repository (or any parent up to mount point /local)
Stopping at filesystem boundary (GIT_DISCOVERY_ACROSS_FILESYSTEM not set).
fatal: not a git repository (or any parent up to mount point /local)
Stopping at filesystem boundary (GIT_DISCOVERY_ACROSS_FILESYSTEM not set).
fatal: not a git repository (or any parent up to mount point /local)
Stopping at filesystem boundary (GIT_DISCOVERY_ACROSS_FILESYSTEM not set).
rep 1/1: complete export=s e2e=26.853458086s 1302749672 bytes syscr=9888 pread64=9836 io_uring_enter=0 read_bytes=512532480 cpu_s=36.750000
[2026-10-06T09:31:03Z] pr196-H-vocab-label-large-cold-base-r7 done
Caches dropped successfully (synced, then wrote 1
 to /proc/sys/vm/drop_caches).
fatal: not a git repository (or any parent up to mount point /local)
Stopping at filesystem boundary (GIT_DISCOVERY_ACROSS_FILESYSTEM not set).
fatal: not a git repository (or any parent up to mount point /local)
Stopping at filesystem boundary (GIT_DISCOVERY_ACROSS_FILESYSTEM not set).
fatal: not a git repository (or any parent up to mount point /local)
Stopping at filesystem boundary (GIT_DISCOVERY_ACROSS_FILESYSTEM not set).
fatal: not a git repository (or any parent up to mount point /local)
Stopping at filesystem boundary (GIT_DISCOVERY_ACROSS_FILESYSTEM not set).
fatal: not a git repository (or any parent up to mount point /local)
Stopping at filesystem boundary (GIT_DISCOVERY_ACROSS_FILESYSTEM not set).
rep 1/1: complete export=s e2e=13.658042134s 1302749672 bytes syscr=9864 pread64=9836 io_uring_enter=0 read_bytes=511320064 cpu_s=35.380000
[2026-10-06T09:31:49Z] pr196-H-vocab-label-large-cold-variant-r7 done
Caches dropped successfully (synced, then wrote 1
 to /proc/sys/vm/drop_caches).
fatal: not a git repository (or any parent up to mount point /local)
Stopping at filesystem boundary (GIT_DISCOVERY_ACROSS_FILESYSTEM not set).
fatal: not a git repository (or any parent up to mount point /local)
Stopping at filesystem boundary (GIT_DISCOVERY_ACROSS_FILESYSTEM not set).
fatal: not a git repository (or any parent up to mount point /local)
Stopping at filesystem boundary (GIT_DISCOVERY_ACROSS_FILESYSTEM not set).
fatal: not a git repository (or any parent up to mount point /local)
Stopping at filesystem boundary (GIT_DISCOVERY_ACROSS_FILESYSTEM not set).
fatal: not a git repository (or any parent up to mount point /local)
Stopping at filesystem boundary (GIT_DISCOVERY_ACROSS_FILESYSTEM not set).
rep 1/1: complete export=s e2e=37.440202377s 1302749672 bytes syscr=9912 pread64=9836 io_uring_enter=0 read_bytes=511320064 cpu_s=49.310000
[2026-10-06T09:33:02Z] pr196-H-vocab-label-large-cold-variant2-r7 done
Caches dropped successfully (synced, then wrote 1
 to /proc/sys/vm/drop_caches).
fatal: not a git repository (or any parent up to mount point /local)
Stopping at filesystem boundary (GIT_DISCOVERY_ACROSS_FILESYSTEM not set).
fatal: not a git repository (or any parent up to mount point /local)
Stopping at filesystem boundary (GIT_DISCOVERY_ACROSS_FILESYSTEM not set).
fatal: not a git repository (or any parent up to mount point /local)
Stopping at filesystem boundary (GIT_DISCOVERY_ACROSS_FILESYSTEM not set).
fatal: not a git repository (or any parent up to mount point /local)
Stopping at filesystem boundary (GIT_DISCOVERY_ACROSS_FILESYSTEM not set).
fatal: not a git repository (or any parent up to mount point /local)
Stopping at filesystem boundary (GIT_DISCOVERY_ACROSS_FILESYSTEM not set).
rep 1/1: complete export=s e2e=38.817060102s 1302749672 bytes syscr=9912 pread64=9836 io_uring_enter=0 read_bytes=511320064 cpu_s=50.610000
[2026-10-06T09:34:24Z] pr196-H-vocab-label-large-cold-variant2-r8 done
Caches dropped successfully (synced, then wrote 1
 to /proc/sys/vm/drop_caches).
fatal: not a git repository (or any parent up to mount point /local)
Stopping at filesystem boundary (GIT_DISCOVERY_ACROSS_FILESYSTEM not set).
fatal: not a git repository (or any parent up to mount point /local)
Stopping at filesystem boundary (GIT_DISCOVERY_ACROSS_FILESYSTEM not set).
fatal: not a git repository (or any parent up to mount point /local)
Stopping at filesystem boundary (GIT_DISCOVERY_ACROSS_FILESYSTEM not set).
fatal: not a git repository (or any parent up to mount point /local)
Stopping at filesystem boundary (GIT_DISCOVERY_ACROSS_FILESYSTEM not set).
fatal: not a git repository (or any parent up to mount point /local)
Stopping at filesystem boundary (GIT_DISCOVERY_ACROSS_FILESYSTEM not set).
rep 1/1: complete export=s e2e=21.224241221s 1302749672 bytes syscr=9876 pread64=9836 io_uring_enter=0 read_bytes=511320064 cpu_s=51.680000
[2026-10-06T09:35:28Z] pr196-H-vocab-label-large-cold-variant-r8 done
Caches dropped successfully (synced, then wrote 1
 to /proc/sys/vm/drop_caches).
fatal: not a git repository (or any parent up to mount point /local)
Stopping at filesystem boundary (GIT_DISCOVERY_ACROSS_FILESYSTEM not set).
fatal: not a git repository (or any parent up to mount point /local)
Stopping at filesystem boundary (GIT_DISCOVERY_ACROSS_FILESYSTEM not set).
fatal: not a git repository (or any parent up to mount point /local)
Stopping at filesystem boundary (GIT_DISCOVERY_ACROSS_FILESYSTEM not set).
fatal: not a git repository (or any parent up to mount point /local)
Stopping at filesystem boundary (GIT_DISCOVERY_ACROSS_FILESYSTEM not set).
fatal: not a git repository (or any parent up to mount point /local)
Stopping at filesystem boundary (GIT_DISCOVERY_ACROSS_FILESYSTEM not set).
rep 1/1: complete export=s e2e=38.378289638s 1302749672 bytes syscr=9912 pread64=9836 io_uring_enter=0 read_bytes=511324160 cpu_s=49.880000
[2026-10-06T09:36:49Z] pr196-H-vocab-label-large-cold-base-r8 done
Caches dropped successfully (synced, then wrote 1
 to /proc/sys/vm/drop_caches).
fatal: not a git repository (or any parent up to mount point /local)
Stopping at filesystem boundary (GIT_DISCOVERY_ACROSS_FILESYSTEM not set).
fatal: not a git repository (or any parent up to mount point /local)
Stopping at filesystem boundary (GIT_DISCOVERY_ACROSS_FILESYSTEM not set).
fatal: not a git repository (or any parent up to mount point /local)
Stopping at filesystem boundary (GIT_DISCOVERY_ACROSS_FILESYSTEM not set).
fatal: not a git repository (or any parent up to mount point /local)
Stopping at filesystem boundary (GIT_DISCOVERY_ACROSS_FILESYSTEM not set).
fatal: not a git repository (or any parent up to mount point /local)
Stopping at filesystem boundary (GIT_DISCOVERY_ACROSS_FILESYSTEM not set).
rep 1/1: complete export=s e2e=38.519278253s 1302749672 bytes syscr=9916 pread64=9836 io_uring_enter=0 read_bytes=511324160 cpu_s=49.880000
[2026-10-06T09:38:10Z] pr196-H-vocab-label-large-cold-base-r9 done
Caches dropped successfully (synced, then wrote 1
 to /proc/sys/vm/drop_caches).
fatal: not a git repository (or any parent up to mount point /local)
Stopping at filesystem boundary (GIT_DISCOVERY_ACROSS_FILESYSTEM not set).
fatal: not a git repository (or any parent up to mount point /local)
Stopping at filesystem boundary (GIT_DISCOVERY_ACROSS_FILESYSTEM not set).
fatal: not a git repository (or any parent up to mount point /local)
Stopping at filesystem boundary (GIT_DISCOVERY_ACROSS_FILESYSTEM not set).
fatal: not a git repository (or any parent up to mount point /local)
Stopping at filesystem boundary (GIT_DISCOVERY_ACROSS_FILESYSTEM not set).
fatal: not a git repository (or any parent up to mount point /local)
Stopping at filesystem boundary (GIT_DISCOVERY_ACROSS_FILESYSTEM not set).
rep 1/1: complete export=s e2e=21.249050872s 1302749672 bytes syscr=9880 pread64=9836 io_uring_enter=0 read_bytes=511320064 cpu_s=51.810000
[2026-10-06T09:39:14Z] pr196-H-vocab-label-large-cold-variant-r9 done
Caches dropped successfully (synced, then wrote 1
 to /proc/sys/vm/drop_caches).
fatal: not a git repository (or any parent up to mount point /local)
Stopping at filesystem boundary (GIT_DISCOVERY_ACROSS_FILESYSTEM not set).
fatal: not a git repository (or any parent up to mount point /local)
Stopping at filesystem boundary (GIT_DISCOVERY_ACROSS_FILESYSTEM not set).
fatal: not a git repository (or any parent up to mount point /local)
Stopping at filesystem boundary (GIT_DISCOVERY_ACROSS_FILESYSTEM not set).
fatal: not a git repository (or any parent up to mount point /local)
Stopping at filesystem boundary (GIT_DISCOVERY_ACROSS_FILESYSTEM not set).
fatal: not a git repository (or any parent up to mount point /local)
Stopping at filesystem boundary (GIT_DISCOVERY_ACROSS_FILESYSTEM not set).
rep 1/1: complete export=s e2e=31.030862987s 1302749672 bytes syscr=9896 pread64=9836 io_uring_enter=0 read_bytes=511320064 cpu_s=41.530000
[2026-10-06T09:40:24Z] pr196-H-vocab-label-large-cold-variant2-r9 done
Caches dropped successfully (synced, then wrote 1
 to /proc/sys/vm/drop_caches).
fatal: not a git repository (or any parent up to mount point /local)
Stopping at filesystem boundary (GIT_DISCOVERY_ACROSS_FILESYSTEM not set).
fatal: not a git repository (or any parent up to mount point /local)
Stopping at filesystem boundary (GIT_DISCOVERY_ACROSS_FILESYSTEM not set).
fatal: not a git repository (or any parent up to mount point /local)
Stopping at filesystem boundary (GIT_DISCOVERY_ACROSS_FILESYSTEM not set).
fatal: not a git repository (or any parent up to mount point /local)
Stopping at filesystem boundary (GIT_DISCOVERY_ACROSS_FILESYSTEM not set).
fatal: not a git repository (or any parent up to mount point /local)
Stopping at filesystem boundary (GIT_DISCOVERY_ACROSS_FILESYSTEM not set).
rep 1/1: complete export=s e2e=24.734277351s 1302749672 bytes syscr=9884 pread64=9836 io_uring_enter=0 read_bytes=511320064 cpu_s=35.070000
[2026-10-06T09:41:23Z] pr196-H-vocab-label-large-cold-variant2-r10 done
Caches dropped successfully (synced, then wrote 1
 to /proc/sys/vm/drop_caches).
fatal: not a git repository (or any parent up to mount point /local)
Stopping at filesystem boundary (GIT_DISCOVERY_ACROSS_FILESYSTEM not set).
fatal: not a git repository (or any parent up to mount point /local)
Stopping at filesystem boundary (GIT_DISCOVERY_ACROSS_FILESYSTEM not set).
fatal: not a git repository (or any parent up to mount point /local)
Stopping at filesystem boundary (GIT_DISCOVERY_ACROSS_FILESYSTEM not set).
fatal: not a git repository (or any parent up to mount point /local)
Stopping at filesystem boundary (GIT_DISCOVERY_ACROSS_FILESYSTEM not set).
fatal: not a git repository (or any parent up to mount point /local)
Stopping at filesystem boundary (GIT_DISCOVERY_ACROSS_FILESYSTEM not set).
rep 1/1: complete export=s e2e=12.942969640s 1302749672 bytes syscr=9864 pread64=9836 io_uring_enter=0 read_bytes=511320064 cpu_s=33.170000
[2026-10-06T09:42:08Z] pr196-H-vocab-label-large-cold-variant-r10 done
Caches dropped successfully (synced, then wrote 1
 to /proc/sys/vm/drop_caches).
fatal: not a git repository (or any parent up to mount point /local)
Stopping at filesystem boundary (GIT_DISCOVERY_ACROSS_FILESYSTEM not set).
fatal: not a git repository (or any parent up to mount point /local)
Stopping at filesystem boundary (GIT_DISCOVERY_ACROSS_FILESYSTEM not set).
fatal: not a git repository (or any parent up to mount point /local)
Stopping at filesystem boundary (GIT_DISCOVERY_ACROSS_FILESYSTEM not set).
fatal: not a git repository (or any parent up to mount point /local)
Stopping at filesystem boundary (GIT_DISCOVERY_ACROSS_FILESYSTEM not set).
fatal: not a git repository (or any parent up to mount point /local)
Stopping at filesystem boundary (GIT_DISCOVERY_ACROSS_FILESYSTEM not set).
rep 1/1: complete export=s e2e=31.458812844s 1302749672 bytes syscr=9900 pread64=9836 io_uring_enter=0 read_bytes=511324160 cpu_s=41.910000
[2026-10-06T09:43:16Z] pr196-H-vocab-label-large-cold-base-r10 done
fatal: not a git repository (or any parent up to mount point /local)
Stopping at filesystem boundary (GIT_DISCOVERY_ACROSS_FILESYSTEM not set).
fatal: not a git repository (or any parent up to mount point /local)
Stopping at filesystem boundary (GIT_DISCOVERY_ACROSS_FILESYSTEM not set).
fatal: not a git repository (or any parent up to mount point /local)
Stopping at filesystem boundary (GIT_DISCOVERY_ACROSS_FILESYSTEM not set).
fatal: not a git repository (or any parent up to mount point /local)
Stopping at filesystem boundary (GIT_DISCOVERY_ACROSS_FILESYSTEM not set).
fatal: not a git repository (or any parent up to mount point /local)
Stopping at filesystem boundary (GIT_DISCOVERY_ACROSS_FILESYSTEM not set).
rep 1/1: complete export=s e2e=25.049871629s 1302749672 bytes syscr=9888 pread64=9836 io_uring_enter=0 read_bytes=0 cpu_s=35.040000
[2026-10-06T09:44:38Z] pr196-H-vocab-label-large-warm-base-r1 done
fatal: not a git repository (or any parent up to mount point /local)
Stopping at filesystem boundary (GIT_DISCOVERY_ACROSS_FILESYSTEM not set).
fatal: not a git repository (or any parent up to mount point /local)
Stopping at filesystem boundary (GIT_DISCOVERY_ACROSS_FILESYSTEM not set).
fatal: not a git repository (or any parent up to mount point /local)
Stopping at filesystem boundary (GIT_DISCOVERY_ACROSS_FILESYSTEM not set).
fatal: not a git repository (or any parent up to mount point /local)
Stopping at filesystem boundary (GIT_DISCOVERY_ACROSS_FILESYSTEM not set).
fatal: not a git repository (or any parent up to mount point /local)
Stopping at filesystem boundary (GIT_DISCOVERY_ACROSS_FILESYSTEM not set).
rep 1/1: complete export=s e2e=15.585381890s 1302749672 bytes syscr=9868 pread64=9836 io_uring_enter=0 read_bytes=0 cpu_s=39.750000
[2026-10-06T09:45:39Z] pr196-H-vocab-label-large-warm-variant-r1 done
fatal: not a git repository (or any parent up to mount point /local)
Stopping at filesystem boundary (GIT_DISCOVERY_ACROSS_FILESYSTEM not set).
fatal: not a git repository (or any parent up to mount point /local)
Stopping at filesystem boundary (GIT_DISCOVERY_ACROSS_FILESYSTEM not set).
fatal: not a git repository (or any parent up to mount point /local)
Stopping at filesystem boundary (GIT_DISCOVERY_ACROSS_FILESYSTEM not set).
fatal: not a git repository (or any parent up to mount point /local)
Stopping at filesystem boundary (GIT_DISCOVERY_ACROSS_FILESYSTEM not set).
fatal: not a git repository (or any parent up to mount point /local)
Stopping at filesystem boundary (GIT_DISCOVERY_ACROSS_FILESYSTEM not set).
rep 1/1: complete export=s e2e=27.214875377s 1302749672 bytes syscr=9892 pread64=9836 io_uring_enter=0 read_bytes=0 cpu_s=37.630000
[2026-10-06T09:47:10Z] pr196-H-vocab-label-large-warm-variant2-r1 done
fatal: not a git repository (or any parent up to mount point /local)
Stopping at filesystem boundary (GIT_DISCOVERY_ACROSS_FILESYSTEM not set).
fatal: not a git repository (or any parent up to mount point /local)
Stopping at filesystem boundary (GIT_DISCOVERY_ACROSS_FILESYSTEM not set).
fatal: not a git repository (or any parent up to mount point /local)
Stopping at filesystem boundary (GIT_DISCOVERY_ACROSS_FILESYSTEM not set).
fatal: not a git repository (or any parent up to mount point /local)
Stopping at filesystem boundary (GIT_DISCOVERY_ACROSS_FILESYSTEM not set).
fatal: not a git repository (or any parent up to mount point /local)
Stopping at filesystem boundary (GIT_DISCOVERY_ACROSS_FILESYSTEM not set).
rep 1/1: complete export=s e2e=24.863609053s 1302749672 bytes syscr=9888 pread64=9836 io_uring_enter=0 read_bytes=0 cpu_s=35.000000
[2026-10-06T09:48:30Z] pr196-H-vocab-label-large-warm-variant2-r2 done
fatal: not a git repository (or any parent up to mount point /local)
Stopping at filesystem boundary (GIT_DISCOVERY_ACROSS_FILESYSTEM not set).
fatal: not a git repository (or any parent up to mount point /local)
Stopping at filesystem boundary (GIT_DISCOVERY_ACROSS_FILESYSTEM not set).
fatal: not a git repository (or any parent up to mount point /local)
Stopping at filesystem boundary (GIT_DISCOVERY_ACROSS_FILESYSTEM not set).
fatal: not a git repository (or any parent up to mount point /local)
Stopping at filesystem boundary (GIT_DISCOVERY_ACROSS_FILESYSTEM not set).
fatal: not a git repository (or any parent up to mount point /local)
Stopping at filesystem boundary (GIT_DISCOVERY_ACROSS_FILESYSTEM not set).
rep 1/1: complete export=s e2e=12.911892898s 1302749672 bytes syscr=9860 pread64=9836 io_uring_enter=0 read_bytes=0 cpu_s=33.470000
[2026-10-06T09:49:27Z] pr196-H-vocab-label-large-warm-variant-r2 done
fatal: not a git repository (or any parent up to mount point /local)
Stopping at filesystem boundary (GIT_DISCOVERY_ACROSS_FILESYSTEM not set).
fatal: not a git repository (or any parent up to mount point /local)
Stopping at filesystem boundary (GIT_DISCOVERY_ACROSS_FILESYSTEM not set).
fatal: not a git repository (or any parent up to mount point /local)
Stopping at filesystem boundary (GIT_DISCOVERY_ACROSS_FILESYSTEM not set).
fatal: not a git repository (or any parent up to mount point /local)
Stopping at filesystem boundary (GIT_DISCOVERY_ACROSS_FILESYSTEM not set).
fatal: not a git repository (or any parent up to mount point /local)
Stopping at filesystem boundary (GIT_DISCOVERY_ACROSS_FILESYSTEM not set).
rep 1/1: complete export=s e2e=26.326445753s 1302749672 bytes syscr=9888 pread64=9836 io_uring_enter=0 read_bytes=0 cpu_s=36.140000
[2026-10-06T09:50:58Z] pr196-H-vocab-label-large-warm-base-r2 done
fatal: not a git repository (or any parent up to mount point /local)
Stopping at filesystem boundary (GIT_DISCOVERY_ACROSS_FILESYSTEM not set).
fatal: not a git repository (or any parent up to mount point /local)
Stopping at filesystem boundary (GIT_DISCOVERY_ACROSS_FILESYSTEM not set).
fatal: not a git repository (or any parent up to mount point /local)
Stopping at filesystem boundary (GIT_DISCOVERY_ACROSS_FILESYSTEM not set).
fatal: not a git repository (or any parent up to mount point /local)
Stopping at filesystem boundary (GIT_DISCOVERY_ACROSS_FILESYSTEM not set).
fatal: not a git repository (or any parent up to mount point /local)
Stopping at filesystem boundary (GIT_DISCOVERY_ACROSS_FILESYSTEM not set).
rep 1/1: complete export=s e2e=22.150448572s 1302749672 bytes syscr=9880 pread64=9836 io_uring_enter=0 read_bytes=0 cpu_s=31.940000
[2026-10-06T09:52:15Z] pr196-H-vocab-label-large-warm-base-r3 done
fatal: not a git repository (or any parent up to mount point /local)
Stopping at filesystem boundary (GIT_DISCOVERY_ACROSS_FILESYSTEM not set).
fatal: not a git repository (or any parent up to mount point /local)
Stopping at filesystem boundary (GIT_DISCOVERY_ACROSS_FILESYSTEM not set).
fatal: not a git repository (or any parent up to mount point /local)
Stopping at filesystem boundary (GIT_DISCOVERY_ACROSS_FILESYSTEM not set).
fatal: not a git repository (or any parent up to mount point /local)
Stopping at filesystem boundary (GIT_DISCOVERY_ACROSS_FILESYSTEM not set).
fatal: not a git repository (or any parent up to mount point /local)
Stopping at filesystem boundary (GIT_DISCOVERY_ACROSS_FILESYSTEM not set).
rep 1/1: complete export=s e2e=17.513462457s 1302749672 bytes syscr=9872 pread64=9836 io_uring_enter=0 read_bytes=0 cpu_s=43.900000
[2026-10-06T09:53:25Z] pr196-H-vocab-label-large-warm-variant-r3 done
fatal: not a git repository (or any parent up to mount point /local)
Stopping at filesystem boundary (GIT_DISCOVERY_ACROSS_FILESYSTEM not set).
fatal: not a git repository (or any parent up to mount point /local)
Stopping at filesystem boundary (GIT_DISCOVERY_ACROSS_FILESYSTEM not set).
fatal: not a git repository (or any parent up to mount point /local)
Stopping at filesystem boundary (GIT_DISCOVERY_ACROSS_FILESYSTEM not set).
fatal: not a git repository (or any parent up to mount point /local)
Stopping at filesystem boundary (GIT_DISCOVERY_ACROSS_FILESYSTEM not set).
fatal: not a git repository (or any parent up to mount point /local)
Stopping at filesystem boundary (GIT_DISCOVERY_ACROSS_FILESYSTEM not set).
rep 1/1: complete export=s e2e=24.897878688s 1302749672 bytes syscr=9884 pread64=9836 io_uring_enter=0 read_bytes=0 cpu_s=35.240000
[2026-10-06T09:54:48Z] pr196-H-vocab-label-large-warm-variant2-r3 done
fatal: not a git repository (or any parent up to mount point /local)
Stopping at filesystem boundary (GIT_DISCOVERY_ACROSS_FILESYSTEM not set).
fatal: not a git repository (or any parent up to mount point /local)
Stopping at filesystem boundary (GIT_DISCOVERY_ACROSS_FILESYSTEM not set).
fatal: not a git repository (or any parent up to mount point /local)
Stopping at filesystem boundary (GIT_DISCOVERY_ACROSS_FILESYSTEM not set).
fatal: not a git repository (or any parent up to mount point /local)
Stopping at filesystem boundary (GIT_DISCOVERY_ACROSS_FILESYSTEM not set).
fatal: not a git repository (or any parent up to mount point /local)
Stopping at filesystem boundary (GIT_DISCOVERY_ACROSS_FILESYSTEM not set).
rep 1/1: complete export=s e2e=31.383931792s 1302749672 bytes syscr=9900 pread64=9836 io_uring_enter=0 read_bytes=0 cpu_s=42.200000
[2026-10-06T09:56:13Z] pr196-H-vocab-label-large-warm-variant2-r4 done
fatal: not a git repository (or any parent up to mount point /local)
Stopping at filesystem boundary (GIT_DISCOVERY_ACROSS_FILESYSTEM not set).
fatal: not a git repository (or any parent up to mount point /local)
Stopping at filesystem boundary (GIT_DISCOVERY_ACROSS_FILESYSTEM not set).
fatal: not a git repository (or any parent up to mount point /local)
Stopping at filesystem boundary (GIT_DISCOVERY_ACROSS_FILESYSTEM not set).
fatal: not a git repository (or any parent up to mount point /local)
Stopping at filesystem boundary (GIT_DISCOVERY_ACROSS_FILESYSTEM not set).
fatal: not a git repository (or any parent up to mount point /local)
Stopping at filesystem boundary (GIT_DISCOVERY_ACROSS_FILESYSTEM not set).
rep 1/1: complete export=s e2e=14.771582439s 1302749672 bytes syscr=9868 pread64=9836 io_uring_enter=0 read_bytes=0 cpu_s=37.980000
[2026-10-06T09:57:17Z] pr196-H-vocab-label-large-warm-variant-r4 done
fatal: not a git repository (or any parent up to mount point /local)
Stopping at filesystem boundary (GIT_DISCOVERY_ACROSS_FILESYSTEM not set).
fatal: not a git repository (or any parent up to mount point /local)
Stopping at filesystem boundary (GIT_DISCOVERY_ACROSS_FILESYSTEM not set).
fatal: not a git repository (or any parent up to mount point /local)
Stopping at filesystem boundary (GIT_DISCOVERY_ACROSS_FILESYSTEM not set).
fatal: not a git repository (or any parent up to mount point /local)
Stopping at filesystem boundary (GIT_DISCOVERY_ACROSS_FILESYSTEM not set).
fatal: not a git repository (or any parent up to mount point /local)
Stopping at filesystem boundary (GIT_DISCOVERY_ACROSS_FILESYSTEM not set).
rep 1/1: complete export=s e2e=24.116926925s 1302749672 bytes syscr=9884 pread64=9836 io_uring_enter=0 read_bytes=0 cpu_s=34.090000
[2026-10-06T09:58:38Z] pr196-H-vocab-label-large-warm-base-r4 done
fatal: not a git repository (or any parent up to mount point /local)
Stopping at filesystem boundary (GIT_DISCOVERY_ACROSS_FILESYSTEM not set).
fatal: not a git repository (or any parent up to mount point /local)
Stopping at filesystem boundary (GIT_DISCOVERY_ACROSS_FILESYSTEM not set).
fatal: not a git repository (or any parent up to mount point /local)
Stopping at filesystem boundary (GIT_DISCOVERY_ACROSS_FILESYSTEM not set).
fatal: not a git repository (or any parent up to mount point /local)
Stopping at filesystem boundary (GIT_DISCOVERY_ACROSS_FILESYSTEM not set).
fatal: not a git repository (or any parent up to mount point /local)
Stopping at filesystem boundary (GIT_DISCOVERY_ACROSS_FILESYSTEM not set).
rep 1/1: complete export=s e2e=38.093798835s 1302749672 bytes syscr=9912 pread64=9836 io_uring_enter=0 read_bytes=0 cpu_s=49.410000
[2026-10-06T10:00:34Z] pr196-H-vocab-label-large-warm-base-r5 done
fatal: not a git repository (or any parent up to mount point /local)
Stopping at filesystem boundary (GIT_DISCOVERY_ACROSS_FILESYSTEM not set).
fatal: not a git repository (or any parent up to mount point /local)
Stopping at filesystem boundary (GIT_DISCOVERY_ACROSS_FILESYSTEM not set).
fatal: not a git repository (or any parent up to mount point /local)
Stopping at filesystem boundary (GIT_DISCOVERY_ACROSS_FILESYSTEM not set).
fatal: not a git repository (or any parent up to mount point /local)
Stopping at filesystem boundary (GIT_DISCOVERY_ACROSS_FILESYSTEM not set).
fatal: not a git repository (or any parent up to mount point /local)
Stopping at filesystem boundary (GIT_DISCOVERY_ACROSS_FILESYSTEM not set).
rep 1/1: complete export=s e2e=21.760951190s 1302749672 bytes syscr=9880 pread64=9836 io_uring_enter=0 read_bytes=0 cpu_s=52.450000
[2026-10-06T10:01:57Z] pr196-H-vocab-label-large-warm-variant-r5 done
fatal: not a git repository (or any parent up to mount point /local)
Stopping at filesystem boundary (GIT_DISCOVERY_ACROSS_FILESYSTEM not set).
fatal: not a git repository (or any parent up to mount point /local)
Stopping at filesystem boundary (GIT_DISCOVERY_ACROSS_FILESYSTEM not set).
fatal: not a git repository (or any parent up to mount point /local)
Stopping at filesystem boundary (GIT_DISCOVERY_ACROSS_FILESYSTEM not set).
fatal: not a git repository (or any parent up to mount point /local)
Stopping at filesystem boundary (GIT_DISCOVERY_ACROSS_FILESYSTEM not set).
fatal: not a git repository (or any parent up to mount point /local)
Stopping at filesystem boundary (GIT_DISCOVERY_ACROSS_FILESYSTEM not set).
rep 1/1: complete export=s e2e=39.534681241s 1302749672 bytes syscr=9916 pread64=9836 io_uring_enter=0 read_bytes=0 cpu_s=50.980000
[2026-10-06T10:03:56Z] pr196-H-vocab-label-large-warm-variant2-r5 done
fatal: not a git repository (or any parent up to mount point /local)
Stopping at filesystem boundary (GIT_DISCOVERY_ACROSS_FILESYSTEM not set).
fatal: not a git repository (or any parent up to mount point /local)
Stopping at filesystem boundary (GIT_DISCOVERY_ACROSS_FILESYSTEM not set).
fatal: not a git repository (or any parent up to mount point /local)
Stopping at filesystem boundary (GIT_DISCOVERY_ACROSS_FILESYSTEM not set).
fatal: not a git repository (or any parent up to mount point /local)
Stopping at filesystem boundary (GIT_DISCOVERY_ACROSS_FILESYSTEM not set).
fatal: not a git repository (or any parent up to mount point /local)
Stopping at filesystem boundary (GIT_DISCOVERY_ACROSS_FILESYSTEM not set).
rep 1/1: complete export=s e2e=39.217675828s 1302749672 bytes syscr=9916 pread64=9836 io_uring_enter=0 read_bytes=0 cpu_s=50.830000
[2026-10-06T10:05:55Z] pr196-H-vocab-label-large-warm-variant2-r6 done
fatal: not a git repository (or any parent up to mount point /local)
Stopping at filesystem boundary (GIT_DISCOVERY_ACROSS_FILESYSTEM not set).
fatal: not a git repository (or any parent up to mount point /local)
Stopping at filesystem boundary (GIT_DISCOVERY_ACROSS_FILESYSTEM not set).
fatal: not a git repository (or any parent up to mount point /local)
Stopping at filesystem boundary (GIT_DISCOVERY_ACROSS_FILESYSTEM not set).
fatal: not a git repository (or any parent up to mount point /local)
Stopping at filesystem boundary (GIT_DISCOVERY_ACROSS_FILESYSTEM not set).
fatal: not a git repository (or any parent up to mount point /local)
Stopping at filesystem boundary (GIT_DISCOVERY_ACROSS_FILESYSTEM not set).
rep 1/1: complete export=s e2e=21.164914921s 1302749672 bytes syscr=9880 pread64=9836 io_uring_enter=0 read_bytes=0 cpu_s=50.850000
[2026-10-06T10:07:18Z] pr196-H-vocab-label-large-warm-variant-r6 done
fatal: not a git repository (or any parent up to mount point /local)
Stopping at filesystem boundary (GIT_DISCOVERY_ACROSS_FILESYSTEM not set).
fatal: not a git repository (or any parent up to mount point /local)
Stopping at filesystem boundary (GIT_DISCOVERY_ACROSS_FILESYSTEM not set).
fatal: not a git repository (or any parent up to mount point /local)
Stopping at filesystem boundary (GIT_DISCOVERY_ACROSS_FILESYSTEM not set).
fatal: not a git repository (or any parent up to mount point /local)
Stopping at filesystem boundary (GIT_DISCOVERY_ACROSS_FILESYSTEM not set).
fatal: not a git repository (or any parent up to mount point /local)
Stopping at filesystem boundary (GIT_DISCOVERY_ACROSS_FILESYSTEM not set).
rep 1/1: complete export=s e2e=37.685558828s 1302749672 bytes syscr=9912 pread64=9836 io_uring_enter=0 read_bytes=0 cpu_s=49.250000
[2026-10-06T10:09:13Z] pr196-H-vocab-label-large-warm-base-r6 done
fatal: not a git repository (or any parent up to mount point /local)
Stopping at filesystem boundary (GIT_DISCOVERY_ACROSS_FILESYSTEM not set).
fatal: not a git repository (or any parent up to mount point /local)
Stopping at filesystem boundary (GIT_DISCOVERY_ACROSS_FILESYSTEM not set).
fatal: not a git repository (or any parent up to mount point /local)
Stopping at filesystem boundary (GIT_DISCOVERY_ACROSS_FILESYSTEM not set).
fatal: not a git repository (or any parent up to mount point /local)
Stopping at filesystem boundary (GIT_DISCOVERY_ACROSS_FILESYSTEM not set).
fatal: not a git repository (or any parent up to mount point /local)
Stopping at filesystem boundary (GIT_DISCOVERY_ACROSS_FILESYSTEM not set).
rep 1/1: complete export=s e2e=38.035820556s 1302749672 bytes syscr=9912 pread64=9836 io_uring_enter=0 read_bytes=0 cpu_s=49.540000
[2026-10-06T10:11:10Z] pr196-H-vocab-label-large-warm-base-r7 done
fatal: not a git repository (or any parent up to mount point /local)
Stopping at filesystem boundary (GIT_DISCOVERY_ACROSS_FILESYSTEM not set).
fatal: not a git repository (or any parent up to mount point /local)
Stopping at filesystem boundary (GIT_DISCOVERY_ACROSS_FILESYSTEM not set).
fatal: not a git repository (or any parent up to mount point /local)
Stopping at filesystem boundary (GIT_DISCOVERY_ACROSS_FILESYSTEM not set).
fatal: not a git repository (or any parent up to mount point /local)
Stopping at filesystem boundary (GIT_DISCOVERY_ACROSS_FILESYSTEM not set).
fatal: not a git repository (or any parent up to mount point /local)
Stopping at filesystem boundary (GIT_DISCOVERY_ACROSS_FILESYSTEM not set).
rep 1/1: complete export=s e2e=21.533808051s 1302749672 bytes syscr=9880 pread64=9836 io_uring_enter=0 read_bytes=0 cpu_s=51.780000
[2026-10-06T10:12:33Z] pr196-H-vocab-label-large-warm-variant-r7 done
fatal: not a git repository (or any parent up to mount point /local)
Stopping at filesystem boundary (GIT_DISCOVERY_ACROSS_FILESYSTEM not set).
fatal: not a git repository (or any parent up to mount point /local)
Stopping at filesystem boundary (GIT_DISCOVERY_ACROSS_FILESYSTEM not set).
fatal: not a git repository (or any parent up to mount point /local)
Stopping at filesystem boundary (GIT_DISCOVERY_ACROSS_FILESYSTEM not set).
fatal: not a git repository (or any parent up to mount point /local)
Stopping at filesystem boundary (GIT_DISCOVERY_ACROSS_FILESYSTEM not set).
fatal: not a git repository (or any parent up to mount point /local)
Stopping at filesystem boundary (GIT_DISCOVERY_ACROSS_FILESYSTEM not set).
rep 1/1: complete export=s e2e=38.893241001s 1302749672 bytes syscr=9912 pread64=9836 io_uring_enter=0 read_bytes=0 cpu_s=50.500000
[2026-10-06T10:14:30Z] pr196-H-vocab-label-large-warm-variant2-r7 done
fatal: not a git repository (or any parent up to mount point /local)
Stopping at filesystem boundary (GIT_DISCOVERY_ACROSS_FILESYSTEM not set).
fatal: not a git repository (or any parent up to mount point /local)
Stopping at filesystem boundary (GIT_DISCOVERY_ACROSS_FILESYSTEM not set).
fatal: not a git repository (or any parent up to mount point /local)
Stopping at filesystem boundary (GIT_DISCOVERY_ACROSS_FILESYSTEM not set).
fatal: not a git repository (or any parent up to mount point /local)
Stopping at filesystem boundary (GIT_DISCOVERY_ACROSS_FILESYSTEM not set).
fatal: not a git repository (or any parent up to mount point /local)
Stopping at filesystem boundary (GIT_DISCOVERY_ACROSS_FILESYSTEM not set).
rep 1/1: complete export=s e2e=38.688505498s 1302749672 bytes syscr=9912 pread64=9836 io_uring_enter=0 read_bytes=0 cpu_s=50.390000
[2026-10-06T10:16:28Z] pr196-H-vocab-label-large-warm-variant2-r8 done
fatal: not a git repository (or any parent up to mount point /local)
Stopping at filesystem boundary (GIT_DISCOVERY_ACROSS_FILESYSTEM not set).
fatal: not a git repository (or any parent up to mount point /local)
Stopping at filesystem boundary (GIT_DISCOVERY_ACROSS_FILESYSTEM not set).
fatal: not a git repository (or any parent up to mount point /local)
Stopping at filesystem boundary (GIT_DISCOVERY_ACROSS_FILESYSTEM not set).
fatal: not a git repository (or any parent up to mount point /local)
Stopping at filesystem boundary (GIT_DISCOVERY_ACROSS_FILESYSTEM not set).
fatal: not a git repository (or any parent up to mount point /local)
Stopping at filesystem boundary (GIT_DISCOVERY_ACROSS_FILESYSTEM not set).
rep 1/1: complete export=s e2e=22.007834009s 1302749672 bytes syscr=9880 pread64=9836 io_uring_enter=0 read_bytes=0 cpu_s=52.500000
[2026-10-06T10:17:52Z] pr196-H-vocab-label-large-warm-variant-r8 done
fatal: not a git repository (or any parent up to mount point /local)
Stopping at filesystem boundary (GIT_DISCOVERY_ACROSS_FILESYSTEM not set).
fatal: not a git repository (or any parent up to mount point /local)
Stopping at filesystem boundary (GIT_DISCOVERY_ACROSS_FILESYSTEM not set).
fatal: not a git repository (or any parent up to mount point /local)
Stopping at filesystem boundary (GIT_DISCOVERY_ACROSS_FILESYSTEM not set).
fatal: not a git repository (or any parent up to mount point /local)
Stopping at filesystem boundary (GIT_DISCOVERY_ACROSS_FILESYSTEM not set).
fatal: not a git repository (or any parent up to mount point /local)
Stopping at filesystem boundary (GIT_DISCOVERY_ACROSS_FILESYSTEM not set).
rep 1/1: complete export=s e2e=39.256325286s 1302749672 bytes syscr=9912 pread64=9836 io_uring_enter=0 read_bytes=0 cpu_s=50.400000
[2026-10-06T10:19:50Z] pr196-H-vocab-label-large-warm-base-r8 done
fatal: not a git repository (or any parent up to mount point /local)
Stopping at filesystem boundary (GIT_DISCOVERY_ACROSS_FILESYSTEM not set).
fatal: not a git repository (or any parent up to mount point /local)
Stopping at filesystem boundary (GIT_DISCOVERY_ACROSS_FILESYSTEM not set).
fatal: not a git repository (or any parent up to mount point /local)
Stopping at filesystem boundary (GIT_DISCOVERY_ACROSS_FILESYSTEM not set).
fatal: not a git repository (or any parent up to mount point /local)
Stopping at filesystem boundary (GIT_DISCOVERY_ACROSS_FILESYSTEM not set).
fatal: not a git repository (or any parent up to mount point /local)
Stopping at filesystem boundary (GIT_DISCOVERY_ACROSS_FILESYSTEM not set).
rep 1/1: complete export=s e2e=37.637854622s 1302749672 bytes syscr=9912 pread64=9836 io_uring_enter=0 read_bytes=0 cpu_s=48.740000
[2026-10-06T10:21:46Z] pr196-H-vocab-label-large-warm-base-r9 done
fatal: not a git repository (or any parent up to mount point /local)
Stopping at filesystem boundary (GIT_DISCOVERY_ACROSS_FILESYSTEM not set).
fatal: not a git repository (or any parent up to mount point /local)
Stopping at filesystem boundary (GIT_DISCOVERY_ACROSS_FILESYSTEM not set).
fatal: not a git repository (or any parent up to mount point /local)
Stopping at filesystem boundary (GIT_DISCOVERY_ACROSS_FILESYSTEM not set).
fatal: not a git repository (or any parent up to mount point /local)
Stopping at filesystem boundary (GIT_DISCOVERY_ACROSS_FILESYSTEM not set).
fatal: not a git repository (or any parent up to mount point /local)
Stopping at filesystem boundary (GIT_DISCOVERY_ACROSS_FILESYSTEM not set).
rep 1/1: complete export=s e2e=19.142231895s 1302749672 bytes syscr=9872 pread64=9836 io_uring_enter=0 read_bytes=0 cpu_s=46.880000
[2026-10-06T10:23:01Z] pr196-H-vocab-label-large-warm-variant-r9 done
fatal: not a git repository (or any parent up to mount point /local)
Stopping at filesystem boundary (GIT_DISCOVERY_ACROSS_FILESYSTEM not set).
fatal: not a git repository (or any parent up to mount point /local)
Stopping at filesystem boundary (GIT_DISCOVERY_ACROSS_FILESYSTEM not set).
fatal: not a git repository (or any parent up to mount point /local)
Stopping at filesystem boundary (GIT_DISCOVERY_ACROSS_FILESYSTEM not set).
fatal: not a git repository (or any parent up to mount point /local)
Stopping at filesystem boundary (GIT_DISCOVERY_ACROSS_FILESYSTEM not set).
fatal: not a git repository (or any parent up to mount point /local)
Stopping at filesystem boundary (GIT_DISCOVERY_ACROSS_FILESYSTEM not set).
rep 1/1: complete export=s e2e=32.692207311s 1302749672 bytes syscr=9904 pread64=9836 io_uring_enter=0 read_bytes=0 cpu_s=43.060000
[2026-10-06T10:24:43Z] pr196-H-vocab-label-large-warm-variant2-r9 done
fatal: not a git repository (or any parent up to mount point /local)
Stopping at filesystem boundary (GIT_DISCOVERY_ACROSS_FILESYSTEM not set).
fatal: not a git repository (or any parent up to mount point /local)
Stopping at filesystem boundary (GIT_DISCOVERY_ACROSS_FILESYSTEM not set).
fatal: not a git repository (or any parent up to mount point /local)
Stopping at filesystem boundary (GIT_DISCOVERY_ACROSS_FILESYSTEM not set).
fatal: not a git repository (or any parent up to mount point /local)
Stopping at filesystem boundary (GIT_DISCOVERY_ACROSS_FILESYSTEM not set).
fatal: not a git repository (or any parent up to mount point /local)
Stopping at filesystem boundary (GIT_DISCOVERY_ACROSS_FILESYSTEM not set).
rep 1/1: complete export=s e2e=29.423461133s 1302749672 bytes syscr=9896 pread64=9836 io_uring_enter=0 read_bytes=0 cpu_s=39.270000
[2026-10-06T10:26:18Z] pr196-H-vocab-label-large-warm-variant2-r10 done
fatal: not a git repository (or any parent up to mount point /local)
Stopping at filesystem boundary (GIT_DISCOVERY_ACROSS_FILESYSTEM not set).
fatal: not a git repository (or any parent up to mount point /local)
Stopping at filesystem boundary (GIT_DISCOVERY_ACROSS_FILESYSTEM not set).
fatal: not a git repository (or any parent up to mount point /local)
Stopping at filesystem boundary (GIT_DISCOVERY_ACROSS_FILESYSTEM not set).
fatal: not a git repository (or any parent up to mount point /local)
Stopping at filesystem boundary (GIT_DISCOVERY_ACROSS_FILESYSTEM not set).
fatal: not a git repository (or any parent up to mount point /local)
Stopping at filesystem boundary (GIT_DISCOVERY_ACROSS_FILESYSTEM not set).
rep 1/1: complete export=s e2e=15.587610094s 1302749672 bytes syscr=9868 pread64=9836 io_uring_enter=0 read_bytes=0 cpu_s=38.940000
[2026-10-06T10:27:22Z] pr196-H-vocab-label-large-warm-variant-r10 done
fatal: not a git repository (or any parent up to mount point /local)
Stopping at filesystem boundary (GIT_DISCOVERY_ACROSS_FILESYSTEM not set).
fatal: not a git repository (or any parent up to mount point /local)
Stopping at filesystem boundary (GIT_DISCOVERY_ACROSS_FILESYSTEM not set).
fatal: not a git repository (or any parent up to mount point /local)
Stopping at filesystem boundary (GIT_DISCOVERY_ACROSS_FILESYSTEM not set).
fatal: not a git repository (or any parent up to mount point /local)
Stopping at filesystem boundary (GIT_DISCOVERY_ACROSS_FILESYSTEM not set).
fatal: not a git repository (or any parent up to mount point /local)
Stopping at filesystem boundary (GIT_DISCOVERY_ACROSS_FILESYSTEM not set).
rep 1/1: complete export=s e2e=33.908777254s 1302749672 bytes syscr=9904 pread64=9836 io_uring_enter=0 read_bytes=0 cpu_s=45.160000
[2026-10-06T10:28:56Z] pr196-H-vocab-label-large-warm-base-r10 done
# Three-arm run: one base run, two comparisons

## base vs variant (3-stage-depth-2)
## PR #196 A/B on wikidata (turtle_export)

- Base: `f8cca285e3d0d3400dd51be97b5ebf078cd454de` p12-f8cca285; server args: `(none)`
- Variant: `4c4e9ddfe651c8d1e2308aeb3e014e15b73525f1` 3-stage-depth-2; server args: `--set-runtime-parameter construct-export-pipeline-depth=2 --set-runtime-parameter construct-export-pipeline-split-lookup=true`
- Binaries: two binaries; host `ural` (ural layout)
- Server query threads (`--num-simultaneous-queries`): 1
- Reps: 10 per arm, query and scenario; arms interleaved per rep, order alternating (odd reps base first, even reps variant first); cold reps run after `clear-caches`.
- Noise rule: within noise when |delta| < 1% or the min..max ranges overlap.

### Timing (elapsed_s, end to end)

| query | scenario | arm | n | median | min | max | delta vs base | verdict | correctness |
|---|---|---|---|---|---|---|---|---|---|
| H-vocab-label-large-de | cold | p12-f8cca285 | 10 | 33.7551 | 28.6183 | 37.8918 |  |  |  |
| H-vocab-label-large-de | cold | 3-stage-depth-2 | 10 | 18.3013 | 15.0603 | 20.8647 | -45.78% | variant faster | identical bytes |
| H-vocab-label-large-de | warm | p12-f8cca285 | 10 | 22.1945 | 15.9123 | 22.8488 |  |  |  |
| H-vocab-label-large-de | warm | 3-stage-depth-2 | 10 | 12.3781 | 8.9942 | 12.7221 | -44.23% | variant faster | identical bytes |
| H-vocab-random-label-de-200k | cold | p12-f8cca285 | 10 | 11.0720 | 10.5902 | 14.2861 |  |  |  |
| H-vocab-random-label-de-200k | cold | 3-stage-depth-2 | 10 | 9.8228 | 9.4565 | 12.4744 | -11.28% | within noise | identical bytes |
| H-vocab-random-label-de-200k | warm | p12-f8cca285 | 10 | 5.3094 | 4.0309 | 5.4332 |  |  |  |
| H-vocab-random-label-de-200k | warm | 3-stage-depth-2 | 10 | 4.8881 | 3.6695 | 5.0010 | -7.94% | within noise | identical bytes |
| H-vocab-label-large | cold | p12-f8cca285 | 10 | 32.4231 | 26.7756 | 39.3096 |  |  |  |
| H-vocab-label-large | cold | 3-stage-depth-2 | 10 | 18.6975 | 12.9430 | 29.6740 | -42.33% | within noise | identical bytes |
| H-vocab-label-large | warm | p12-f8cca285 | 10 | 35.7733 | 22.1504 | 39.2563 |  |  |  |
| H-vocab-label-large | warm | 3-stage-depth-2 | 10 | 18.3278 | 12.9119 | 22.0078 | -48.77% | variant faster | identical bytes |

### Verdict

- H-vocab-label-large-de cold: variant faster (-45.78%); correctness: identical bytes
- H-vocab-label-large-de warm: variant faster (-44.23%); correctness: identical bytes
- H-vocab-random-label-de-200k cold: within noise (-11.28%); correctness: identical bytes
- H-vocab-random-label-de-200k warm: within noise (-7.94%); correctness: identical bytes
- H-vocab-label-large cold: within noise (-42.33%); correctness: identical bytes
- H-vocab-label-large warm: variant faster (-48.77%); correctness: identical bytes

### Gates

- `gate-postflight-cold.log`: == POSTFLIGHT: PASS ==
- `gate-postflight-warm.log`: == POSTFLIGHT: PASS ==
- `gate-preflight-base.log`: == PREFLIGHT: PASS ==
- `gate-preflight-variant.log`: == PREFLIGHT: PASS ==
- `gate-verify-base.log`: VERDICT: PASS — binary is trustworthy for benchmarking
- `gate-verify-variant.log`: VERDICT: PASS — binary is trustworthy for benchmarking

### Problems

None: every rep complete, non-empty and correct.

Artifacts: `results.csv` (all reps), `<scenario>/<query>/<arm>/raw/` (harness output per rep), `correctness.tsv`, `build-env.txt`, `env-before.txt`, `env-after.txt`, `gate-*.log`, `driver.log`.

## base vs variant2 (depth-0-single-thread)
## PR #196 A/B on wikidata (turtle_export)

- Base: `f8cca285e3d0d3400dd51be97b5ebf078cd454de` p12-f8cca285; server args: `(none)`
- Variant: `4c4e9ddfe651c8d1e2308aeb3e014e15b73525f1` depth-0-single-thread; server args: `--set-runtime-parameter construct-export-pipeline-depth=0 --set-runtime-parameter construct-export-pipeline-split-lookup=true`
- Binaries: two binaries; host `ural` (ural layout)
- Server query threads (`--num-simultaneous-queries`): 1
- Reps: 10 per arm, query and scenario; arms interleaved per rep, order alternating (odd reps base first, even reps variant first); cold reps run after `clear-caches`.
- Noise rule: within noise when |delta| < 1% or the min..max ranges overlap.

### Timing (elapsed_s, end to end)

| query | scenario | arm | n | median | min | max | delta vs base | verdict | correctness |
|---|---|---|---|---|---|---|---|---|---|
| H-vocab-label-large-de | cold | p12-f8cca285 | 10 | 33.7551 | 28.6183 | 37.8918 |  |  |  |
| H-vocab-label-large-de | cold | depth-0-single-thread | 10 | 38.0295 | 27.2346 | 40.1629 | +12.66% | within noise | identical bytes |
| H-vocab-label-large-de | warm | p12-f8cca285 | 10 | 22.1945 | 15.9123 | 22.8488 |  |  |  |
| H-vocab-label-large-de | warm | depth-0-single-thread | 10 | 22.6609 | 16.7132 | 23.4524 | +2.10% | within noise | identical bytes |
| H-vocab-random-label-de-200k | cold | p12-f8cca285 | 10 | 11.0720 | 10.5902 | 14.2861 |  |  |  |
| H-vocab-random-label-de-200k | cold | depth-0-single-thread | 10 | 11.0002 | 10.6483 | 14.0520 | -0.65% | within noise | identical bytes |
| H-vocab-random-label-de-200k | warm | p12-f8cca285 | 10 | 5.3094 | 4.0309 | 5.4332 |  |  |  |
| H-vocab-random-label-de-200k | warm | depth-0-single-thread | 10 | 5.2819 | 3.9583 | 5.4560 | -0.52% | within noise | identical bytes |
| H-vocab-label-large | cold | p12-f8cca285 | 10 | 32.4231 | 26.7756 | 39.3096 |  |  |  |
| H-vocab-label-large | cold | depth-0-single-thread | 10 | 34.1842 | 24.7343 | 40.1144 | +5.43% | within noise | identical bytes |
| H-vocab-label-large | warm | p12-f8cca285 | 10 | 35.7733 | 22.1504 | 39.2563 |  |  |  |
| H-vocab-label-large | warm | depth-0-single-thread | 10 | 32.0381 | 24.8636 | 39.5347 | -10.44% | within noise | identical bytes |

### Verdict

- H-vocab-label-large-de cold: within noise (+12.66%); correctness: identical bytes
- H-vocab-label-large-de warm: within noise (+2.10%); correctness: identical bytes
- H-vocab-random-label-de-200k cold: within noise (-0.65%); correctness: identical bytes
- H-vocab-random-label-de-200k warm: within noise (-0.52%); correctness: identical bytes
- H-vocab-label-large cold: within noise (+5.43%); correctness: identical bytes
- H-vocab-label-large warm: within noise (-10.44%); correctness: identical bytes

### Gates

- `gate-postflight-cold.log`: == POSTFLIGHT: PASS ==
- `gate-postflight-warm.log`: == POSTFLIGHT: PASS ==
- `gate-preflight-base.log`: == PREFLIGHT: PASS ==
- `gate-preflight-variant.log`: == PREFLIGHT: PASS ==
- `gate-verify-base.log`: VERDICT: PASS — binary is trustworthy for benchmarking
- `gate-verify-variant.log`: VERDICT: PASS — binary is trustworthy for benchmarking

### Problems

None: every rep complete, non-empty and correct.

Artifacts: `results.csv` (all reps), `<scenario>/<query>/<arm>/raw/` (harness output per rep), `correctness.tsv`, `build-env.txt`, `env-before.txt`, `env-after.txt`, `gate-*.log`, `driver.log`.
[2026-10-06T10:28:57Z] finished rc=0 run=/local/data-ssd/stoetzem/thesis/experiments/runs/pr196-final-4c4e9dd-r10
