t_ns,tid,comm,state,utime,stime,run_ns,wait_ns,slices,cpu,wchan
4924601066807872,3128855,qlever-server-d,S,936,1591,25279315500,30777902,1912,1,futex_do_wait
4924601066807872,3128859,qlever-server-d,S,0,0,2762142,2553511,25,13,futex_do_wait
4924601066807872,3129400,qlever-server-d,S,994,8,10031429726,191720573,420,6,futex_do_wait
4924601066807872,3129401,qlever-server-d,S,997,7,10051057400,164978625,316,2,futex_do_wait
4924601066807872,3129402,qlever-server-d,S,1000,10,10105038904,119371367,701,13,futex_do_wait
4924601066807872,3129403,qlever-server-d,S,997,10,10080481985,143534294,560,5,futex_do_wait
4924601066807872,3129404,qlever-server-d,S,1006,9,10164359313,62298339,500,3,futex_do_wait
4924601066807872,3129405,qlever-server-d,S,1006,7,10139205802,85013757,529,1,futex_do_wait
4924601066807872,3129406,qlever-server-d,S,1003,7,10110762650,104879305,515,10,futex_do_wait
4924601066807872,3129407,qlever-server-d,S,996,7,10049100567,185803599,357,14,futex_do_wait
4924601066807872,3129408,qlever-server-d,S,0,0,15360,0,1,13,futex_do_wait
4924601066807872,3129409,qlever-server-d,S,0,0,163781,0,5,12,ep_poll
4924601066807872,3129410,qlever-server-d,S,0,0,392260,20000,9,3,futex_do_wait
4924601066807872,3129411,qlever-server-d,S,1,11,129487599,239799836,1156,3,futex_do_wait
4924601066807872,3129412,qlever-server-d,S,0,11,118421609,212425184,1010,3,ep_poll
4924601066807872,3129413,qlever-server-d,S,0,10,109124309,265134362,1171,3,futex_do_wait
4924601066807872,3129414,qlever-server-d,S,0,18,193623396,279435769,1334,4,futex_do_wait
4924601066807872,3129415,qlever-server-d,S,0,10,109716075,242588017,1193,0,futex_do_wait
4924601066807872,3129416,qlever-server-d,S,0,9,93877983,221983042,988,3,futex_do_wait
4924601066807872,3129417,qlever-server-d,S,1,13,148552882,313406542,1300,2,futex_do_wait
4924601066807872,3129418,qlever-server-d,S,0,16,173660423,230569955,1113,10,futex_do_wait
4924601066807872,0,__system__,-,1024880892,7867989814,0,0,0,-1,-
4924601086915543,3128855,qlever-server-d,S,936,1591,25279315500,30777902,1912,1,futex_do_wait
4924601086915543,3128859,qlever-server-d,S,0,0,2762142,2553511,25,13,futex_do_wait
4924601086915543,3129400,qlever-server-d,S,994,8,10031429726,191720573,420,6,futex_do_wait
4924601086915543,3129401,qlever-server-d,S,997,7,10051057400,164978625,316,2,futex_do_wait
4924601086915543,3129402,qlever-server-d,S,1000,10,10105038904,119371367,701,13,futex_do_wait
4924601086915543,3129403,qlever-server-d,S,997,10,10080481985,143534294,560,5,futex_do_wait
4924601086915543,3129404,qlever-server-d,S,1006,9,10164359313,62298339,500,3,futex_do_wait
4924601086915543,3129405,qlever-server-d,S,1006,7,10139205802,85013757,529,1,futex_do_wait
4924601086915543,3129406,qlever-server-d,S,1003,7,10110762650,104879305,515,10,futex_do_wait
4924601086915543,3129407,qlever-server-d,S,996,7,10049100567,185803599,357,14,futex_do_wait
4924601086915543,3129408,qlever-server-d,S,0,0,15360,0,1,13,futex_do_wait
4924601086915543,3129409,qlever-server-d,S,0,0,163781,0,5,12,ep_poll
4924601086915543,3129410,qlever-server-d,S,0,0,392260,20000,9,3,futex_do_wait
4924601086915543,3129411,qlever-server-d,S,1,11,129487599,239799836,1156,3,futex_do_wait
4924601086915543,3129412,qlever-server-d,S,0,11,118421609,212425184,1010,3,ep_poll
4924601086915543,3129413,qlever-server-d,S,0,10,109124309,265134362,1171,3,futex_do_wait
4924601086915543,3129414,qlever-server-d,S,0,18,193623396,279435769,1334,4,futex_do_wait
4924601086915543,3129415,qlever-server-d,S,0,10,109716075,242588017,1193,0,futex_do_wait
4924601086915543,3129416,qlever-server-d,S,0,9,93877983,221983042,988,3,futex_do_wait
4924601086915543,3129417,qlever-server-d,S,1,13,148552882,313406542,1300,2,futex_do_wait
4924601086915543,3129418,qlever-server-d,S,0,16,173660423,230569955,1113,10,futex_do_wait
4924601086915543,0,__system__,-,1024880906,7867989847,0,0,0,-1,-
4924601106904254,3128855,qlever-server-d,S,936,1591,25279315500,30777902,1912,1,futex_do_wait
4924601106904254,3128859,qlever-server-d,S,0,0,2762142,2553511,25,13,futex_do_wait
4924601106904254,3129400,qlever-server-d,S,994,8,10031429726,191720573,420,6,futex_do_wait
4924601106904254,3129401,qlever-server-d,S,997,7,10051057400,164978625,316,2,futex_do_wait
4924601106904254,3129402,qlever-server-d,S,1000,10,10105038904,119371367,701,13,futex_do_wait
4924601106904254,3129403,qlever-server-d,S,997,10,10080481985,143534294,560,5,futex_do_wait
4924601106904254,3129404,qlever-server-d,S,1006,9,10164359313,62298339,500,3,futex_do_wait
4924601106904254,3129405,qlever-server-d,S,1006,7,10139205802,85013757,529,1,futex_do_wait
4924601106904254,3129406,qlever-server-d,S,1003,7,10110762650,104879305,515,10,futex_do_wait
4924601106904254,3129407,qlever-server-d,S,996,7,10049100567,185803599,357,14,futex_do_wait
4924601106904254,3129408,qlever-server-d,S,0,0,15360,0,1,13,futex_do_wait
4924601106904254,3129409,qlever-server-d,S,0,0,163781,0,5,12,ep_poll
4924601106904254,3129410,qlever-server-d,S,0,0,392260,20000,9,3,futex_do_wait
4924601106904254,3129411,qlever-server-d,S,1,11,129487599,239799836,1156,3,futex_do_wait
4924601106904254,3129412,qlever-server-d,S,0,11,118421609,212425184,1010,3,ep_poll
4924601106904254,3129413,qlever-server-d,S,0,10,109124309,265134362,1171,3,futex_do_wait
4924601106904254,3129414,qlever-server-d,S,0,18,193623396,279435769,1334,4,futex_do_wait
4924601106904254,3129415,qlever-server-d,S,0,10,109716075,242588017,1193,0,futex_do_wait
4924601106904254,3129416,qlever-server-d,S,0,9,93877983,221983042,988,3,futex_do_wait
4924601106904254,3129417,qlever-server-d,S,1,13,148552882,313406542,1300,2,futex_do_wait
4924601106904254,3129418,qlever-server-d,S,0,16,173660423,230569955,1113,10,futex_do_wait
4924601106904254,0,__system__,-,1024880918,7867989878,0,0,0,-1,-
4924601126896194,3128855,qlever-server-d,S,936,1591,25279315500,30777902,1912,1,futex_do_wait
4924601126896194,3128859,qlever-server-d,S,0,0,2762142,2553511,25,13,futex_do_wait
4924601126896194,3129400,qlever-server-d,S,994,8,10031429726,191720573,420,6,futex_do_wait
4924601126896194,3129401,qlever-server-d,S,997,7,10051057400,164978625,316,2,futex_do_wait
4924601126896194,3129402,qlever-server-d,S,1000,10,10105038904,119371367,701,13,futex_do_wait
4924601126896194,3129403,qlever-server-d,S,997,10,10080481985,143534294,560,5,futex_do_wait
4924601126896194,3129404,qlever-server-d,S,1006,9,10164359313,62298339,500,3,futex_do_wait
4924601126896194,3129405,qlever-server-d,S,1006,7,10139205802,85013757,529,1,futex_do_wait
4924601126896194,3129406,qlever-server-d,S,1003,7,10110762650,104879305,515,10,futex_do_wait
4924601126896194,3129407,qlever-server-d,S,996,7,10049100567,185803599,357,14,futex_do_wait
4924601126896194,3129408,qlever-server-d,S,0,0,15360,0,1,13,futex_do_wait
4924601126896194,3129409,qlever-server-d,S,0,0,163781,0,5,12,ep_poll
4924601126896194,3129410,qlever-server-d,S,0,0,392260,20000,9,3,futex_do_wait
4924601126896194,3129411,qlever-server-d,S,1,11,129487599,239799836,1156,3,futex_do_wait
4924601126896194,3129412,qlever-server-d,S,0,11,118421609,212425184,1010,3,ep_poll
4924601126896194,3129413,qlever-server-d,S,0,10,109124309,265134362,1171,3,futex_do_wait
4924601126896194,3129414,qlever-server-d,S,0,18,193623396,279435769,1334,4,futex_do_wait
4924601126896194,3129415,qlever-server-d,S,0,10,109716075,242588017,1193,0,futex_do_wait
4924601126896194,3129416,qlever-server-d,S,0,9,93877983,221983042,988,3,futex_do_wait
4924601126896194,3129417,qlever-server-d,S,1,13,148552882,313406542,1300,2,futex_do_wait
4924601126896194,3129418,qlever-server-d,S,0,16,173660423,230569955,1113,10,futex_do_wait
4924601126896194,0,__system__,-,1024880929,7867989909,0,0,0,-1,-
4924601146905365,3128855,qlever-server-d,S,936,1591,25279315500,30777902,1912,1,futex_do_wait
4924601146905365,3128859,qlever-server-d,S,0,0,2762142,2553511,25,13,futex_do_wait
4924601146905365,3129400,qlever-server-d,S,994,8,10031429726,191720573,420,6,futex_do_wait
4924601146905365,3129401,qlever-server-d,S,997,7,10051057400,164978625,316,2,futex_do_wait
4924601146905365,3129402,qlever-server-d,S,1000,10,10105038904,119371367,701,13,futex_do_wait
4924601146905365,3129403,qlever-server-d,S,997,10,10080481985,143534294,560,5,futex_do_wait
4924601146905365,3129404,qlever-server-d,S,1006,9,10164359313,62298339,500,3,futex_do_wait
4924601146905365,3129405,qlever-server-d,S,1006,7,10139205802,85013757,529,1,futex_do_wait
4924601146905365,3129406,qlever-server-d,S,1003,7,10110762650,104879305,515,10,futex_do_wait
4924601146905365,3129407,qlever-server-d,S,996,7,10049100567,185803599,357,14,futex_do_wait
4924601146905365,3129408,qlever-server-d,S,0,0,15360,0,1,13,futex_do_wait
4924601146905365,3129409,qlever-server-d,S,0,0,163781,0,5,12,ep_poll
4924601146905365,3129410,qlever-server-d,S,0,0,392260,20000,9,3,futex_do_wait
4924601146905365,3129411,qlever-server-d,S,1,11,129487599,239799836,1156,3,futex_do_wait
4924601146905365,3129412,qlever-server-d,S,0,11,118421609,212425184,1010,3,ep_poll
4924601146905365,3129413,qlever-server-d,S,0,10,109124309,265134362,1171,3,futex_do_wait
4924601146905365,3129414,qlever-server-d,S,0,18,193623396,279435769,1334,4,futex_do_wait
4924601146905365,3129415,qlever-server-d,S,0,10,109716075,242588017,1193,0,futex_do_wait
4924601146905365,3129416,qlever-server-d,S,0,9,93877983,221983042,988,3,futex_do_wait
4924601146905365,3129417,qlever-server-d,S,1,13,148552882,313406542,1300,2,futex_do_wait
4924601146905365,3129418,qlever-server-d,S,0,16,173660423,230569955,1113,10,futex_do_wait
4924601146905365,0,__system__,-,1024880941,7867989941,0,0,0,-1,-
4924601166894566,3128855,qlever-server-d,S,936,1591,25279315500,30777902,1912,1,futex_do_wait
4924601166894566,3128859,qlever-server-d,S,0,0,2762142,2553511,25,13,futex_do_wait
4924601166894566,3129400,qlever-server-d,S,994,8,10031429726,191720573,420,6,futex_do_wait
4924601166894566,3129401,qlever-server-d,S,997,7,10051057400,164978625,316,2,futex_do_wait
4924601166894566,3129402,qlever-server-d,S,1000,10,10105038904,119371367,701,13,futex_do_wait
4924601166894566,3129403,qlever-server-d,S,997,10,10080481985,143534294,560,5,futex_do_wait
4924601166894566,3129404,qlever-server-d,S,1006,9,10164359313,62298339,500,3,futex_do_wait
4924601166894566,3129405,qlever-server-d,S,1006,7,10139205802,85013757,529,1,futex_do_wait
4924601166894566,3129406,qlever-server-d,S,1003,7,10110762650,104879305,515,10,futex_do_wait
4924601166894566,3129407,qlever-server-d,S,996,7,10049100567,185803599,357,14,futex_do_wait
4924601166894566,3129408,qlever-server-d,S,0,0,15360,0,1,13,futex_do_wait
4924601166894566,3129409,qlever-server-d,S,0,0,163781,0,5,12,ep_poll
4924601166894566,3129410,qlever-server-d,S,0,0,392260,20000,9,3,futex_do_wait
4924601166894566,3129411,qlever-server-d,S,1,11,129487599,239799836,1156,3,futex_do_wait
4924601166894566,3129412,qlever-server-d,S,0,11,118421609,212425184,1010,3,ep_poll
4924601166894566,3129413,qlever-server-d,S,0,10,109124309,265134362,1171,3,futex_do_wait
4924601166894566,3129414,qlever-server-d,S,0,18,193623396,279435769,1334,4,futex_do_wait
4924601166894566,3129415,qlever-server-d,S,0,10,109716075,242588017,1193,0,futex_do_wait
4924601166894566,3129416,qlever-server-d,S,0,9,93877983,221983042,988,3,futex_do_wait
4924601166894566,3129417,qlever-server-d,S,1,13,148552882,313406542,1300,2,futex_do_wait
4924601166894566,3129418,qlever-server-d,S,0,16,173660423,230569955,1113,10,futex_do_wait
4924601166894566,0,__system__,-,1024880954,7867989973,0,0,0,-1,-
4924601186900977,3128855,qlever-server-d,S,936,1591,25279315500,30777902,1912,1,futex_do_wait
4924601186900977,3128859,qlever-server-d,S,0,0,2762142,2553511,25,13,futex_do_wait
4924601186900977,3129400,qlever-server-d,S,994,8,10031429726,191720573,420,6,futex_do_wait
4924601186900977,3129401,qlever-server-d,S,997,7,10051057400,164978625,316,2,futex_do_wait
4924601186900977,3129402,qlever-server-d,S,1000,10,10105038904,119371367,701,13,futex_do_wait
4924601186900977,3129403,qlever-server-d,S,997,10,10080481985,143534294,560,5,futex_do_wait
4924601186900977,3129404,qlever-server-d,S,1006,9,10164359313,62298339,500,3,futex_do_wait
4924601186900977,3129405,qlever-server-d,S,1006,7,10139205802,85013757,529,1,futex_do_wait
4924601186900977,3129406,qlever-server-d,S,1003,7,10110762650,104879305,515,10,futex_do_wait
4924601186900977,3129407,qlever-server-d,S,996,7,10049100567,185803599,357,14,futex_do_wait
4924601186900977,3129408,qlever-server-d,S,0,0,15360,0,1,13,futex_do_wait
4924601186900977,3129409,qlever-server-d,S,0,0,163781,0,5,12,ep_poll
4924601186900977,3129410,qlever-server-d,S,0,0,392260,20000,9,3,futex_do_wait
4924601186900977,3129411,qlever-server-d,S,1,11,129487599,239799836,1156,3,futex_do_wait
4924601186900977,3129412,qlever-server-d,S,0,11,118421609,212425184,1010,3,ep_poll
4924601186900977,3129413,qlever-server-d,S,0,10,109124309,265134362,1171,3,futex_do_wait
4924601186900977,3129414,qlever-server-d,S,0,18,193623396,279435769,1334,4,futex_do_wait
4924601186900977,3129415,qlever-server-d,S,0,10,109716075,242588017,1193,0,futex_do_wait
4924601186900977,3129416,qlever-server-d,S,0,9,93877983,221983042,988,3,futex_do_wait
4924601186900977,3129417,qlever-server-d,S,1,13,148552882,313406542,1300,2,futex_do_wait
4924601186900977,3129418,qlever-server-d,S,0,16,173660423,230569955,1113,10,futex_do_wait
4924601186900977,0,__system__,-,1024880967,7867990005,0,0,0,-1,-
4924601206905868,3128855,qlever-server-d,S,936,1591,25279315500,30777902,1912,1,futex_do_wait
4924601206905868,3128859,qlever-server-d,S,0,0,2762142,2553511,25,13,futex_do_wait
4924601206905868,3129400,qlever-server-d,S,994,8,10031429726,191720573,420,6,futex_do_wait
4924601206905868,3129401,qlever-server-d,S,997,7,10051057400,164978625,316,2,futex_do_wait
4924601206905868,3129402,qlever-server-d,S,1000,10,10105038904,119371367,701,13,futex_do_wait
4924601206905868,3129403,qlever-server-d,S,997,10,10080481985,143534294,560,5,futex_do_wait
4924601206905868,3129404,qlever-server-d,S,1006,9,10164359313,62298339,500,3,futex_do_wait
4924601206905868,3129405,qlever-server-d,S,1006,7,10139205802,85013757,529,1,futex_do_wait
4924601206905868,3129406,qlever-server-d,S,1003,7,10110762650,104879305,515,10,futex_do_wait
4924601206905868,3129407,qlever-server-d,S,996,7,10049100567,185803599,357,14,futex_do_wait
4924601206905868,3129408,qlever-server-d,S,0,0,15360,0,1,13,futex_do_wait
4924601206905868,3129409,qlever-server-d,S,0,0,163781,0,5,12,ep_poll
4924601206905868,3129410,qlever-server-d,S,0,0,392260,20000,9,3,futex_do_wait
4924601206905868,3129411,qlever-server-d,S,1,11,129487599,239799836,1156,3,futex_do_wait
4924601206905868,3129412,qlever-server-d,S,0,11,118421609,212425184,1010,3,ep_poll
4924601206905868,3129413,qlever-server-d,S,0,10,109124309,265134362,1171,3,futex_do_wait
4924601206905868,3129414,qlever-server-d,S,0,18,193623396,279435769,1334,4,futex_do_wait
4924601206905868,3129415,qlever-server-d,S,0,10,109716075,242588017,1193,0,futex_do_wait
4924601206905868,3129416,qlever-server-d,S,0,9,93877983,221983042,988,3,futex_do_wait
4924601206905868,3129417,qlever-server-d,S,1,13,148552882,313406542,1300,2,futex_do_wait
4924601206905868,3129418,qlever-server-d,S,0,16,173660423,230569955,1113,10,futex_do_wait
4924601206905868,0,__system__,-,1024880980,7867990036,0,0,0,-1,-
4924601226906819,3128855,qlever-server-d,S,936,1591,25279315500,30777902,1912,1,futex_do_wait
4924601226906819,3128859,qlever-server-d,S,0,0,2762142,2553511,25,13,futex_do_wait
4924601226906819,3129400,qlever-server-d,S,994,8,10031429726,191720573,420,6,futex_do_wait
4924601226906819,3129401,qlever-server-d,S,997,7,10051057400,164978625,316,2,futex_do_wait
4924601226906819,3129402,qlever-server-d,S,1000,10,10105038904,119371367,701,13,futex_do_wait
4924601226906819,3129403,qlever-server-d,S,997,10,10080481985,143534294,560,5,futex_do_wait
4924601226906819,3129404,qlever-server-d,S,1006,9,10164359313,62298339,500,3,futex_do_wait
4924601226906819,3129405,qlever-server-d,S,1006,7,10139205802,85013757,529,1,futex_do_wait
4924601226906819,3129406,qlever-server-d,S,1003,7,10110762650,104879305,515,10,futex_do_wait
4924601226906819,3129407,qlever-server-d,S,996,7,10049100567,185803599,357,14,futex_do_wait
4924601226906819,3129408,qlever-server-d,S,0,0,15360,0,1,13,futex_do_wait
4924601226906819,3129409,qlever-server-d,S,0,0,163781,0,5,12,ep_poll
4924601226906819,3129410,qlever-server-d,S,0,0,392260,20000,9,3,futex_do_wait
4924601226906819,3129411,qlever-server-d,S,1,11,129487599,239799836,1156,3,futex_do_wait
4924601226906819,3129412,qlever-server-d,S,0,11,118421609,212425184,1010,3,ep_poll
4924601226906819,3129413,qlever-server-d,S,0,10,109124309,265134362,1171,3,futex_do_wait
4924601226906819,3129414,qlever-server-d,S,0,18,193623396,279435769,1334,4,futex_do_wait
4924601226906819,3129415,qlever-server-d,S,0,10,109716075,242588017,1193,0,futex_do_wait
4924601226906819,3129416,qlever-server-d,S,0,9,93877983,221983042,988,3,futex_do_wait
4924601226906819,3129417,qlever-server-d,S,1,13,148552882,313406542,1300,2,futex_do_wait
4924601226906819,3129418,qlever-server-d,S,0,16,173660423,230569955,1113,10,futex_do_wait
4924601226906819,0,__system__,-,1024880994,7867990069,0,0,0,-1,-
4924601246907530,3128855,qlever-server-d,S,936,1591,25279315500,30777902,1912,1,futex_do_wait
4924601246907530,3128859,qlever-server-d,S,0,0,2762142,2553511,25,13,futex_do_wait
4924601246907530,3129400,qlever-server-d,S,994,8,10031429726,191720573,420,6,futex_do_wait
4924601246907530,3129401,qlever-server-d,S,997,7,10051057400,164978625,316,2,futex_do_wait
4924601246907530,3129402,qlever-server-d,S,1000,10,10105038904,119371367,701,13,futex_do_wait
4924601246907530,3129403,qlever-server-d,S,997,10,10080481985,143534294,560,5,futex_do_wait
4924601246907530,3129404,qlever-server-d,S,1006,9,10164359313,62298339,500,3,futex_do_wait
4924601246907530,3129405,qlever-server-d,S,1006,7,10139205802,85013757,529,1,futex_do_wait
4924601246907530,3129406,qlever-server-d,S,1003,7,10110762650,104879305,515,10,futex_do_wait
4924601246907530,3129407,qlever-server-d,S,996,7,10049100567,185803599,357,14,futex_do_wait
4924601246907530,3129408,qlever-server-d,S,0,0,15360,0,1,13,futex_do_wait
4924601246907530,3129409,qlever-server-d,S,0,0,163781,0,5,12,ep_poll
4924601246907530,3129410,qlever-server-d,S,0,0,392260,20000,9,3,futex_do_wait
4924601246907530,3129411,qlever-server-d,S,1,11,129487599,239799836,1156,3,futex_do_wait
4924601246907530,3129412,qlever-server-d,S,0,11,118421609,212425184,1010,3,ep_poll
4924601246907530,3129413,qlever-server-d,S,0,10,109124309,265134362,1171,3,futex_do_wait
4924601246907530,3129414,qlever-server-d,S,0,18,193623396,279435769,1334,4,futex_do_wait
4924601246907530,3129415,qlever-server-d,S,0,10,109716075,242588017,1193,0,futex_do_wait
4924601246907530,3129416,qlever-server-d,S,0,9,93877983,221983042,988,3,futex_do_wait
4924601246907530,3129417,qlever-server-d,S,1,13,148552882,313406542,1300,2,futex_do_wait
4924601246907530,3129418,qlever-server-d,S,0,16,173660423,230569955,1113,10,futex_do_wait
4924601246907530,0,__system__,-,1024881007,7867990101,0,0,0,-1,-
4924601266898831,3128855,qlever-server-d,S,936,1591,25279315500,30777902,1912,1,futex_do_wait
4924601266898831,3128859,qlever-server-d,S,0,0,2762142,2553511,25,13,futex_do_wait
4924601266898831,3129400,qlever-server-d,S,994,8,10031429726,191720573,420,6,futex_do_wait
4924601266898831,3129401,qlever-server-d,S,997,7,10051057400,164978625,316,2,futex_do_wait
4924601266898831,3129402,qlever-server-d,S,1000,10,10105038904,119371367,701,13,futex_do_wait
4924601266898831,3129403,qlever-server-d,S,997,10,10080481985,143534294,560,5,futex_do_wait
4924601266898831,3129404,qlever-server-d,S,1006,9,10164359313,62298339,500,3,futex_do_wait
4924601266898831,3129405,qlever-server-d,S,1006,7,10139205802,85013757,529,1,futex_do_wait
4924601266898831,3129406,qlever-server-d,S,1003,7,10110762650,104879305,515,10,futex_do_wait
4924601266898831,3129407,qlever-server-d,S,996,7,10049100567,185803599,357,14,futex_do_wait
4924601266898831,3129408,qlever-server-d,S,0,0,15360,0,1,13,futex_do_wait
4924601266898831,3129409,qlever-server-d,S,0,0,163781,0,5,12,ep_poll
4924601266898831,3129410,qlever-server-d,S,0,0,392260,20000,9,3,futex_do_wait
4924601266898831,3129411,qlever-server-d,S,1,11,129487599,239799836,1156,3,futex_do_wait
4924601266898831,3129412,qlever-server-d,S,0,11,118421609,212425184,1010,3,ep_poll
4924601266898831,3129413,qlever-server-d,S,0,10,109124309,265134362,1171,3,futex_do_wait
4924601266898831,3129414,qlever-server-d,S,0,18,193623396,279435769,1334,4,futex_do_wait
4924601266898831,3129415,qlever-server-d,S,0,10,109716075,242588017,1193,0,futex_do_wait
4924601266898831,3129416,qlever-server-d,S,0,9,93877983,221983042,988,3,futex_do_wait
4924601266898831,3129417,qlever-server-d,S,1,13,148552882,313406542,1300,2,futex_do_wait
4924601266898831,3129418,qlever-server-d,S,0,16,173660423,230569955,1113,10,futex_do_wait
4924601266898831,0,__system__,-,1024881018,7867990132,0,0,0,-1,-
4924601286897462,3128855,qlever-server-d,S,936,1591,25279315500,30777902,1912,1,futex_do_wait
4924601286897462,3128859,qlever-server-d,S,0,0,2762142,2553511,25,13,futex_do_wait
4924601286897462,3129400,qlever-server-d,S,994,8,10031429726,191720573,420,6,futex_do_wait
4924601286897462,3129401,qlever-server-d,S,997,7,10051057400,164978625,316,2,futex_do_wait
4924601286897462,3129402,qlever-server-d,S,1000,10,10105038904,119371367,701,13,futex_do_wait
4924601286897462,3129403,qlever-server-d,S,997,10,10080481985,143534294,560,5,futex_do_wait
4924601286897462,3129404,qlever-server-d,S,1006,9,10164359313,62298339,500,3,futex_do_wait
4924601286897462,3129405,qlever-server-d,S,1006,7,10139205802,85013757,529,1,futex_do_wait
4924601286897462,3129406,qlever-server-d,S,1003,7,10110762650,104879305,515,10,futex_do_wait
4924601286897462,3129407,qlever-server-d,S,996,7,10049100567,185803599,357,14,futex_do_wait
4924601286897462,3129408,qlever-server-d,S,0,0,15360,0,1,13,futex_do_wait
4924601286897462,3129409,qlever-server-d,S,0,0,163781,0,5,12,ep_poll
4924601286897462,3129410,qlever-server-d,S,0,0,392260,20000,9,3,futex_do_wait
4924601286897462,3129411,qlever-server-d,S,1,11,129487599,239799836,1156,3,futex_do_wait
4924601286897462,3129412,qlever-server-d,S,0,11,118421609,212425184,1010,3,ep_poll
4924601286897462,3129413,qlever-server-d,S,0,10,109124309,265134362,1171,3,futex_do_wait
4924601286897462,3129414,qlever-server-d,S,0,18,193623396,279435769,1334,4,futex_do_wait
4924601286897462,3129415,qlever-server-d,S,0,10,109716075,242588017,1193,0,futex_do_wait
4924601286897462,3129416,qlever-server-d,S,0,9,93877983,221983042,988,3,futex_do_wait
4924601286897462,3129417,qlever-server-d,S,1,13,148552882,313406542,1300,2,futex_do_wait
4924601286897462,3129418,qlever-server-d,S,0,16,173660423,230569955,1113,10,futex_do_wait
4924601286897462,0,__system__,-,1024881030,7867990163,0,0,0,-1,-
4924601306899533,3128855,qlever-server-d,S,936,1591,25279315500,30777902,1912,1,futex_do_wait
4924601306899533,3128859,qlever-server-d,S,0,0,2762142,2553511,25,13,futex_do_wait
4924601306899533,3129400,qlever-server-d,S,994,8,10031429726,191720573,420,6,futex_do_wait
4924601306899533,3129401,qlever-server-d,S,997,7,10051057400,164978625,316,2,futex_do_wait
4924601306899533,3129402,qlever-server-d,S,1000,10,10105038904,119371367,701,13,futex_do_wait
4924601306899533,3129403,qlever-server-d,S,997,10,10080481985,143534294,560,5,futex_do_wait
4924601306899533,3129404,qlever-server-d,S,1006,9,10164359313,62298339,500,3,futex_do_wait
4924601306899533,3129405,qlever-server-d,S,1006,7,10139205802,85013757,529,1,futex_do_wait
4924601306899533,3129406,qlever-server-d,S,1003,7,10110762650,104879305,515,10,futex_do_wait
4924601306899533,3129407,qlever-server-d,S,996,7,10049100567,185803599,357,14,futex_do_wait
4924601306899533,3129408,qlever-server-d,S,0,0,15360,0,1,13,futex_do_wait
4924601306899533,3129409,qlever-server-d,S,0,0,163781,0,5,12,ep_poll
4924601306899533,3129410,qlever-server-d,S,0,0,392260,20000,9,3,futex_do_wait
4924601306899533,3129411,qlever-server-d,S,1,11,129487599,239799836,1156,3,futex_do_wait
4924601306899533,3129412,qlever-server-d,S,0,11,118421609,212425184,1010,3,ep_poll
4924601306899533,3129413,qlever-server-d,S,0,10,109124309,265134362,1171,3,futex_do_wait
4924601306899533,3129414,qlever-server-d,S,0,18,193623396,279435769,1334,4,futex_do_wait
4924601306899533,3129415,qlever-server-d,S,0,10,109716075,242588017,1193,0,futex_do_wait
4924601306899533,3129416,qlever-server-d,S,0,9,93877983,221983042,988,3,futex_do_wait
4924601306899533,3129417,qlever-server-d,S,1,13,148552882,313406542,1300,2,futex_do_wait
4924601306899533,3129418,qlever-server-d,S,0,16,173660423,230569955,1113,10,futex_do_wait
4924601306899533,0,__system__,-,1024881043,7867990196,0,0,0,-1,-
4924601326906323,3128855,qlever-server-d,S,936,1591,25279315500,30777902,1912,1,futex_do_wait
4924601326906323,3128859,qlever-server-d,S,0,0,2762142,2553511,25,13,futex_do_wait
4924601326906323,3129400,qlever-server-d,S,994,8,10031429726,191720573,420,6,futex_do_wait
4924601326906323,3129401,qlever-server-d,S,997,7,10051057400,164978625,316,2,futex_do_wait
4924601326906323,3129402,qlever-server-d,S,1000,10,10105038904,119371367,701,13,futex_do_wait
4924601326906323,3129403,qlever-server-d,S,997,10,10080481985,143534294,560,5,futex_do_wait
4924601326906323,3129404,qlever-server-d,S,1006,9,10164359313,62298339,500,3,futex_do_wait
4924601326906323,3129405,qlever-server-d,S,1006,7,10139205802,85013757,529,1,futex_do_wait
4924601326906323,3129406,qlever-server-d,S,1003,7,10110762650,104879305,515,10,futex_do_wait
4924601326906323,3129407,qlever-server-d,S,996,7,10049100567,185803599,357,14,futex_do_wait
4924601326906323,3129408,qlever-server-d,S,0,0,15360,0,1,13,futex_do_wait
4924601326906323,3129409,qlever-server-d,S,0,0,163781,0,5,12,ep_poll
4924601326906323,3129410,qlever-server-d,S,0,0,392260,20000,9,3,futex_do_wait
4924601326906323,3129411,qlever-server-d,S,1,11,129487599,239799836,1156,3,futex_do_wait
4924601326906323,3129412,qlever-server-d,S,0,11,118421609,212425184,1010,3,ep_poll
4924601326906323,3129413,qlever-server-d,S,0,10,109124309,265134362,1171,3,futex_do_wait
4924601326906323,3129414,qlever-server-d,S,0,18,193623396,279435769,1334,4,futex_do_wait
4924601326906323,3129415,qlever-server-d,S,0,10,109716075,242588017,1193,0,futex_do_wait
4924601326906323,3129416,qlever-server-d,S,0,9,93877983,221983042,988,3,futex_do_wait
4924601326906323,3129417,qlever-server-d,S,1,13,148552882,313406542,1300,2,futex_do_wait
4924601326906323,3129418,qlever-server-d,S,0,16,173660423,230569955,1113,10,futex_do_wait
4924601326906323,0,__system__,-,1024881058,7867990228,0,0,0,-1,-
4924601346900684,3128855,qlever-server-d,S,936,1591,25279315500,30777902,1912,1,futex_do_wait
4924601346900684,3128859,qlever-server-d,S,0,0,2762142,2553511,25,13,futex_do_wait
4924601346900684,3129400,qlever-server-d,S,994,8,10031429726,191720573,420,6,futex_do_wait
4924601346900684,3129401,qlever-server-d,S,997,7,10051057400,164978625,316,2,futex_do_wait
4924601346900684,3129402,qlever-server-d,S,1000,10,10105038904,119371367,701,13,futex_do_wait
4924601346900684,3129403,qlever-server-d,S,997,10,10080481985,143534294,560,5,futex_do_wait
4924601346900684,3129404,qlever-server-d,S,1006,9,10164359313,62298339,500,3,futex_do_wait
4924601346900684,3129405,qlever-server-d,S,1006,7,10139205802,85013757,529,1,futex_do_wait
4924601346900684,3129406,qlever-server-d,S,1003,7,10110762650,104879305,515,10,futex_do_wait
4924601346900684,3129407,qlever-server-d,S,996,7,10049100567,185803599,357,14,futex_do_wait
4924601346900684,3129408,qlever-server-d,S,0,0,15360,0,1,13,futex_do_wait
4924601346900684,3129409,qlever-server-d,S,0,0,163781,0,5,12,ep_poll
4924601346900684,3129410,qlever-server-d,S,0,0,392260,20000,9,3,futex_do_wait
4924601346900684,3129411,qlever-server-d,S,1,11,129487599,239799836,1156,3,futex_do_wait
4924601346900684,3129412,qlever-server-d,S,0,11,118421609,212425184,1010,3,ep_poll
4924601346900684,3129413,qlever-server-d,S,0,10,109124309,265134362,1171,3,futex_do_wait
4924601346900684,3129414,qlever-server-d,S,0,18,193623396,279435769,1334,4,futex_do_wait
4924601346900684,3129415,qlever-server-d,S,0,10,109716075,242588017,1193,0,futex_do_wait
4924601346900684,3129416,qlever-server-d,S,0,9,93877983,221983042,988,3,futex_do_wait
4924601346900684,3129417,qlever-server-d,S,1,13,148552882,313406542,1300,2,futex_do_wait
4924601346900684,3129418,qlever-server-d,S,0,16,173660423,230569955,1113,10,futex_do_wait
4924601346900684,0,__system__,-,1024881071,7867990260,0,0,0,-1,-
4924601366907615,3128855,qlever-server-d,S,936,1591,25279315500,30777902,1912,1,futex_do_wait
4924601366907615,3128859,qlever-server-d,S,0,0,2762142,2553511,25,13,futex_do_wait
4924601366907615,3129400,qlever-server-d,S,994,8,10031429726,191720573,420,6,futex_do_wait
4924601366907615,3129401,qlever-server-d,S,997,7,10051057400,164978625,316,2,futex_do_wait
4924601366907615,3129402,qlever-server-d,S,1000,10,10105038904,119371367,701,13,futex_do_wait
4924601366907615,3129403,qlever-server-d,S,997,10,10080481985,143534294,560,5,futex_do_wait
4924601366907615,3129404,qlever-server-d,S,1006,9,10164359313,62298339,500,3,futex_do_wait
4924601366907615,3129405,qlever-server-d,S,1006,7,10139205802,85013757,529,1,futex_do_wait
4924601366907615,3129406,qlever-server-d,S,1003,7,10110762650,104879305,515,10,futex_do_wait
4924601366907615,3129407,qlever-server-d,S,996,7,10049100567,185803599,357,14,futex_do_wait
4924601366907615,3129408,qlever-server-d,S,0,0,15360,0,1,13,futex_do_wait
4924601366907615,3129409,qlever-server-d,S,0,0,163781,0,5,12,ep_poll
4924601366907615,3129410,qlever-server-d,S,0,0,392260,20000,9,3,futex_do_wait
4924601366907615,3129411,qlever-server-d,S,1,11,129487599,239799836,1156,3,futex_do_wait
4924601366907615,3129412,qlever-server-d,S,0,11,118421609,212425184,1010,3,ep_poll
4924601366907615,3129413,qlever-server-d,S,0,10,109124309,265134362,1171,3,futex_do_wait
4924601366907615,3129414,qlever-server-d,S,0,18,193623396,279435769,1334,4,futex_do_wait
4924601366907615,3129415,qlever-server-d,S,0,10,109716075,242588017,1193,0,futex_do_wait
4924601366907615,3129416,qlever-server-d,S,0,9,93877983,221983042,988,3,futex_do_wait
4924601366907615,3129417,qlever-server-d,S,1,13,148552882,313406542,1300,2,futex_do_wait
4924601366907615,3129418,qlever-server-d,S,0,16,173660423,230569955,1113,10,futex_do_wait
4924601366907615,0,__system__,-,1024881083,7867990292,0,0,0,-1,-
4924601386911286,3128855,qlever-server-d,S,936,1591,25279315500,30777902,1912,1,futex_do_wait
4924601386911286,3128859,qlever-server-d,S,0,0,2762142,2553511,25,13,futex_do_wait
4924601386911286,3129400,qlever-server-d,S,994,8,10031429726,191720573,420,6,futex_do_wait
4924601386911286,3129401,qlever-server-d,S,997,7,10051057400,164978625,316,2,futex_do_wait
4924601386911286,3129402,qlever-server-d,S,1000,10,10105038904,119371367,701,13,futex_do_wait
4924601386911286,3129403,qlever-server-d,S,997,10,10080481985,143534294,560,5,futex_do_wait
4924601386911286,3129404,qlever-server-d,S,1006,9,10164359313,62298339,500,3,futex_do_wait
4924601386911286,3129405,qlever-server-d,S,1006,7,10139205802,85013757,529,1,futex_do_wait
4924601386911286,3129406,qlever-server-d,S,1003,7,10110762650,104879305,515,10,futex_do_wait
4924601386911286,3129407,qlever-server-d,S,996,7,10049100567,185803599,357,14,futex_do_wait
4924601386911286,3129408,qlever-server-d,S,0,0,15360,0,1,13,futex_do_wait
4924601386911286,3129409,qlever-server-d,S,0,0,163781,0,5,12,ep_poll
4924601386911286,3129410,qlever-server-d,S,0,0,392260,20000,9,3,futex_do_wait
4924601386911286,3129411,qlever-server-d,S,1,11,129487599,239799836,1156,3,futex_do_wait
4924601386911286,3129412,qlever-server-d,S,0,11,118421609,212425184,1010,3,ep_poll
4924601386911286,3129413,qlever-server-d,S,0,10,109124309,265134362,1171,3,futex_do_wait
4924601386911286,3129414,qlever-server-d,S,0,18,193623396,279435769,1334,4,futex_do_wait
4924601386911286,3129415,qlever-server-d,S,0,10,109716075,242588017,1193,0,futex_do_wait
4924601386911286,3129416,qlever-server-d,S,0,9,93877983,221983042,988,3,futex_do_wait
4924601386911286,3129417,qlever-server-d,S,1,13,148552882,313406542,1300,2,futex_do_wait
4924601386911286,3129418,qlever-server-d,S,0,16,173660423,230569955,1113,10,futex_do_wait
4924601386911286,0,__system__,-,1024881096,7867990324,0,0,0,-1,-
4924601406903927,3128855,qlever-server-d,S,936,1591,25279315500,30777902,1912,1,futex_do_wait
4924601406903927,3128859,qlever-server-d,S,0,0,2762142,2553511,25,13,futex_do_wait
4924601406903927,3129400,qlever-server-d,S,994,8,10031429726,191720573,420,6,futex_do_wait
4924601406903927,3129401,qlever-server-d,S,997,7,10051057400,164978625,316,2,futex_do_wait
4924601406903927,3129402,qlever-server-d,S,1000,10,10105038904,119371367,701,13,futex_do_wait
4924601406903927,3129403,qlever-server-d,S,997,10,10080481985,143534294,560,5,futex_do_wait
4924601406903927,3129404,qlever-server-d,S,1006,9,10164359313,62298339,500,3,futex_do_wait
4924601406903927,3129405,qlever-server-d,S,1006,7,10139205802,85013757,529,1,futex_do_wait
4924601406903927,3129406,qlever-server-d,S,1003,7,10110762650,104879305,515,10,futex_do_wait
4924601406903927,3129407,qlever-server-d,S,996,7,10049100567,185803599,357,14,futex_do_wait
4924601406903927,3129408,qlever-server-d,S,0,0,15360,0,1,13,futex_do_wait
4924601406903927,3129409,qlever-server-d,S,0,0,163781,0,5,12,ep_poll
4924601406903927,3129410,qlever-server-d,S,0,0,392260,20000,9,3,futex_do_wait
4924601406903927,3129411,qlever-server-d,S,1,11,129487599,239799836,1156,3,futex_do_wait
4924601406903927,3129412,qlever-server-d,S,0,11,118421609,212425184,1010,3,ep_poll
4924601406903927,3129413,qlever-server-d,S,0,10,109124309,265134362,1171,3,futex_do_wait
4924601406903927,3129414,qlever-server-d,S,0,18,193623396,279435769,1334,4,futex_do_wait
4924601406903927,3129415,qlever-server-d,S,0,10,109716075,242588017,1193,0,futex_do_wait
4924601406903927,3129416,qlever-server-d,S,0,9,93877983,221983042,988,3,futex_do_wait
4924601406903927,3129417,qlever-server-d,S,1,13,148552882,313406542,1300,2,futex_do_wait
4924601406903927,3129418,qlever-server-d,S,0,16,173660423,230569955,1113,10,futex_do_wait
4924601406903927,0,__system__,-,1024881109,7867990357,0,0,0,-1,-
4924601426907638,3128855,qlever-server-d,S,936,1591,25279315500,30777902,1912,1,futex_do_wait
4924601426907638,3128859,qlever-server-d,S,0,0,2762142,2553511,25,13,futex_do_wait
4924601426907638,3129400,qlever-server-d,S,994,8,10031429726,191720573,420,6,futex_do_wait
4924601426907638,3129401,qlever-server-d,S,997,7,10051057400,164978625,316,2,futex_do_wait
4924601426907638,3129402,qlever-server-d,S,1000,10,10105038904,119371367,701,13,futex_do_wait
4924601426907638,3129403,qlever-server-d,S,997,10,10080481985,143534294,560,5,futex_do_wait
4924601426907638,3129404,qlever-server-d,S,1006,9,10164359313,62298339,500,3,futex_do_wait
4924601426907638,3129405,qlever-server-d,S,1006,7,10139205802,85013757,529,1,futex_do_wait
4924601426907638,3129406,qlever-server-d,S,1003,7,10110762650,104879305,515,10,futex_do_wait
4924601426907638,3129407,qlever-server-d,S,996,7,10049100567,185803599,357,14,futex_do_wait
4924601426907638,3129408,qlever-server-d,S,0,0,15360,0,1,13,futex_do_wait
4924601426907638,3129409,qlever-server-d,S,0,0,163781,0,5,12,ep_poll
4924601426907638,3129410,qlever-server-d,S,0,0,392260,20000,9,3,futex_do_wait
4924601426907638,3129411,qlever-server-d,S,1,11,129487599,239799836,1156,3,futex_do_wait
4924601426907638,3129412,qlever-server-d,S,0,11,118421609,212425184,1010,3,ep_poll
4924601426907638,3129413,qlever-server-d,S,0,10,109124309,265134362,1171,3,futex_do_wait
4924601426907638,3129414,qlever-server-d,S,0,18,193623396,279435769,1334,4,futex_do_wait
4924601426907638,3129415,qlever-server-d,S,0,10,109716075,242588017,1193,0,futex_do_wait
4924601426907638,3129416,qlever-server-d,S,0,9,93877983,221983042,988,3,futex_do_wait
4924601426907638,3129417,qlever-server-d,S,1,13,148552882,313406542,1300,2,futex_do_wait
4924601426907638,3129418,qlever-server-d,S,0,16,173660423,230569955,1113,10,futex_do_wait
4924601426907638,0,__system__,-,1024881120,7867990387,0,0,0,-1,-
4924601446918229,3128855,qlever-server-d,S,936,1591,25279315500,30777902,1912,1,futex_do_wait
4924601446918229,3128859,qlever-server-d,S,0,0,2762142,2553511,25,13,futex_do_wait
4924601446918229,3129400,qlever-server-d,S,994,8,10031429726,191720573,420,6,futex_do_wait
4924601446918229,3129401,qlever-server-d,S,997,7,10051057400,164978625,316,2,futex_do_wait
4924601446918229,3129402,qlever-server-d,S,1000,10,10105038904,119371367,701,13,futex_do_wait
4924601446918229,3129403,qlever-server-d,S,997,10,10080481985,143534294,560,5,futex_do_wait
4924601446918229,3129404,qlever-server-d,S,1006,9,10164359313,62298339,500,3,futex_do_wait
4924601446918229,3129405,qlever-server-d,S,1006,7,10139205802,85013757,529,1,futex_do_wait
4924601446918229,3129406,qlever-server-d,S,1003,7,10110762650,104879305,515,10,futex_do_wait
4924601446918229,3129407,qlever-server-d,S,996,7,10049100567,185803599,357,14,futex_do_wait
4924601446918229,3129408,qlever-server-d,S,0,0,15360,0,1,13,futex_do_wait
4924601446918229,3129409,qlever-server-d,S,0,0,163781,0,5,12,ep_poll
4924601446918229,3129410,qlever-server-d,S,0,0,392260,20000,9,3,futex_do_wait
4924601446918229,3129411,qlever-server-d,S,1,11,129487599,239799836,1156,3,futex_do_wait
4924601446918229,3129412,qlever-server-d,S,0,11,118421609,212425184,1010,3,ep_poll
4924601446918229,3129413,qlever-server-d,S,0,10,109124309,265134362,1171,3,futex_do_wait
4924601446918229,3129414,qlever-server-d,S,0,18,193623396,279435769,1334,4,futex_do_wait
4924601446918229,3129415,qlever-server-d,S,0,10,109716075,242588017,1193,0,futex_do_wait
4924601446918229,3129416,qlever-server-d,S,0,9,93877983,221983042,988,3,futex_do_wait
4924601446918229,3129417,qlever-server-d,S,1,13,148552882,313406542,1300,2,futex_do_wait
4924601446918229,3129418,qlever-server-d,S,0,16,173660423,230569955,1113,10,futex_do_wait
4924601446918229,0,__system__,-,1024881134,7867990419,0,0,0,-1,-
4924601466901510,3128855,qlever-server-d,S,936,1591,25279315500,30777902,1912,1,futex_do_wait
4924601466901510,3128859,qlever-server-d,S,0,0,2762142,2553511,25,13,futex_do_wait
4924601466901510,3129400,qlever-server-d,S,994,8,10031429726,191720573,420,6,futex_do_wait
4924601466901510,3129401,qlever-server-d,S,997,7,10051057400,164978625,316,2,futex_do_wait
4924601466901510,3129402,qlever-server-d,S,1000,10,10105038904,119371367,701,13,futex_do_wait
4924601466901510,3129403,qlever-server-d,S,997,10,10080481985,143534294,560,5,futex_do_wait
4924601466901510,3129404,qlever-server-d,S,1006,9,10164359313,62298339,500,3,futex_do_wait
4924601466901510,3129405,qlever-server-d,S,1006,7,10139205802,85013757,529,1,futex_do_wait
4924601466901510,3129406,qlever-server-d,S,1003,7,10110762650,104879305,515,10,futex_do_wait
4924601466901510,3129407,qlever-server-d,S,996,7,10049100567,185803599,357,14,futex_do_wait
4924601466901510,3129408,qlever-server-d,S,0,0,15360,0,1,13,futex_do_wait
4924601466901510,3129409,qlever-server-d,S,0,0,163781,0,5,12,ep_poll
4924601466901510,3129410,qlever-server-d,S,0,0,392260,20000,9,3,futex_do_wait
4924601466901510,3129411,qlever-server-d,S,1,11,129487599,239799836,1156,3,futex_do_wait
4924601466901510,3129412,qlever-server-d,S,0,11,118421609,212425184,1010,3,ep_poll
4924601466901510,3129413,qlever-server-d,S,0,10,109124309,265134362,1171,3,futex_do_wait
4924601466901510,3129414,qlever-server-d,S,0,18,193623396,279435769,1334,4,futex_do_wait
4924601466901510,3129415,qlever-server-d,S,0,10,109716075,242588017,1193,0,futex_do_wait
4924601466901510,3129416,qlever-server-d,S,0,9,93877983,221983042,988,3,futex_do_wait
4924601466901510,3129417,qlever-server-d,S,1,13,148552882,313406542,1300,2,futex_do_wait
4924601466901510,3129418,qlever-server-d,S,0,16,173660423,230569955,1113,10,futex_do_wait
4924601466901510,0,__system__,-,1024881147,7867990451,0,0,0,-1,-
4924601486904981,3128855,qlever-server-d,S,936,1591,25279315500,30777902,1912,1,futex_do_wait
4924601486904981,3128859,qlever-server-d,S,0,0,2762142,2553511,25,13,futex_do_wait
4924601486904981,3129400,qlever-server-d,S,994,8,10031429726,191720573,420,6,futex_do_wait
4924601486904981,3129401,qlever-server-d,S,997,7,10051057400,164978625,316,2,futex_do_wait
4924601486904981,3129402,qlever-server-d,S,1000,10,10105038904,119371367,701,13,futex_do_wait
4924601486904981,3129403,qlever-server-d,S,997,10,10080481985,143534294,560,5,futex_do_wait
4924601486904981,3129404,qlever-server-d,S,1006,9,10164359313,62298339,500,3,futex_do_wait
4924601486904981,3129405,qlever-server-d,S,1006,7,10139205802,85013757,529,1,futex_do_wait
4924601486904981,3129406,qlever-server-d,S,1003,7,10110762650,104879305,515,10,futex_do_wait
4924601486904981,3129407,qlever-server-d,S,996,7,10049100567,185803599,357,14,futex_do_wait
4924601486904981,3129408,qlever-server-d,S,0,0,15360,0,1,13,futex_do_wait
4924601486904981,3129409,qlever-server-d,S,0,0,163781,0,5,12,ep_poll
4924601486904981,3129410,qlever-server-d,S,0,0,392260,20000,9,3,futex_do_wait
4924601486904981,3129411,qlever-server-d,S,1,11,129487599,239799836,1156,3,futex_do_wait
4924601486904981,3129412,qlever-server-d,S,0,11,118421609,212425184,1010,3,ep_poll
4924601486904981,3129413,qlever-server-d,S,0,10,109124309,265134362,1171,3,futex_do_wait
4924601486904981,3129414,qlever-server-d,S,0,18,193623396,279435769,1334,4,futex_do_wait
4924601486904981,3129415,qlever-server-d,S,0,10,109716075,242588017,1193,0,futex_do_wait
4924601486904981,3129416,qlever-server-d,S,0,9,93877983,221983042,988,3,futex_do_wait
4924601486904981,3129417,qlever-server-d,S,1,13,148552882,313406542,1300,2,futex_do_wait
4924601486904981,3129418,qlever-server-d,S,0,16,173660423,230569955,1113,10,futex_do_wait
4924601486904981,0,__system__,-,1024881162,7867990484,0,0,0,-1,-
4924601506904082,3128855,qlever-server-d,S,936,1591,25279315500,30777902,1912,1,futex_do_wait
4924601506904082,3128859,qlever-server-d,S,0,0,2762142,2553511,25,13,futex_do_wait
4924601506904082,3129400,qlever-server-d,S,994,8,10031429726,191720573,420,6,futex_do_wait
4924601506904082,3129401,qlever-server-d,S,997,7,10051057400,164978625,316,2,futex_do_wait
4924601506904082,3129402,qlever-server-d,S,1000,10,10105038904,119371367,701,13,futex_do_wait
4924601506904082,3129403,qlever-server-d,S,997,10,10080481985,143534294,560,5,futex_do_wait
4924601506904082,3129404,qlever-server-d,S,1006,9,10164359313,62298339,500,3,futex_do_wait
4924601506904082,3129405,qlever-server-d,S,1006,7,10139205802,85013757,529,1,futex_do_wait
4924601506904082,3129406,qlever-server-d,S,1003,7,10110762650,104879305,515,10,futex_do_wait
4924601506904082,3129407,qlever-server-d,S,996,7,10049100567,185803599,357,14,futex_do_wait
4924601506904082,3129408,qlever-server-d,S,0,0,15360,0,1,13,futex_do_wait
4924601506904082,3129409,qlever-server-d,S,0,0,163781,0,5,12,ep_poll
4924601506904082,3129410,qlever-server-d,S,0,0,392260,20000,9,3,futex_do_wait
4924601506904082,3129411,qlever-server-d,S,1,11,129487599,239799836,1156,3,futex_do_wait
4924601506904082,3129412,qlever-server-d,S,0,11,118421609,212425184,1010,3,ep_poll
4924601506904082,3129413,qlever-server-d,S,0,10,109124309,265134362,1171,3,futex_do_wait
4924601506904082,3129414,qlever-server-d,S,0,18,193623396,279435769,1334,4,futex_do_wait
4924601506904082,3129415,qlever-server-d,S,0,10,109716075,242588017,1193,0,futex_do_wait
4924601506904082,3129416,qlever-server-d,S,0,9,93877983,221983042,988,3,futex_do_wait
4924601506904082,3129417,qlever-server-d,S,1,13,148552882,313406542,1300,2,futex_do_wait
4924601506904082,3129418,qlever-server-d,S,0,16,173660423,230569955,1113,10,futex_do_wait
4924601506904082,0,__system__,-,1024881175,7867990514,0,0,0,-1,-
4924601526904223,3128855,qlever-server-d,S,936,1591,25279315500,30777902,1912,1,futex_do_wait
4924601526904223,3128859,qlever-server-d,S,0,0,2762142,2553511,25,13,futex_do_wait
4924601526904223,3129400,qlever-server-d,S,994,8,10031429726,191720573,420,6,futex_do_wait
4924601526904223,3129401,qlever-server-d,S,997,7,10051057400,164978625,316,2,futex_do_wait
4924601526904223,3129402,qlever-server-d,S,1000,10,10105038904,119371367,701,13,futex_do_wait
4924601526904223,3129403,qlever-server-d,S,997,10,10080481985,143534294,560,5,futex_do_wait
4924601526904223,3129404,qlever-server-d,S,1006,9,10164359313,62298339,500,3,futex_do_wait
4924601526904223,3129405,qlever-server-d,S,1006,7,10139205802,85013757,529,1,futex_do_wait
4924601526904223,3129406,qlever-server-d,S,1003,7,10110762650,104879305,515,10,futex_do_wait
4924601526904223,3129407,qlever-server-d,S,996,7,10049100567,185803599,357,14,futex_do_wait
4924601526904223,3129408,qlever-server-d,S,0,0,15360,0,1,13,futex_do_wait
4924601526904223,3129409,qlever-server-d,S,0,0,163781,0,5,12,ep_poll
4924601526904223,3129410,qlever-server-d,S,0,0,392260,20000,9,3,futex_do_wait
4924601526904223,3129411,qlever-server-d,S,1,11,129487599,239799836,1156,3,futex_do_wait
4924601526904223,3129412,qlever-server-d,S,0,11,118421609,212425184,1010,3,ep_poll
4924601526904223,3129413,qlever-server-d,S,0,10,109124309,265134362,1171,3,futex_do_wait
4924601526904223,3129414,qlever-server-d,S,0,18,193623396,279435769,1334,4,futex_do_wait
4924601526904223,3129415,qlever-server-d,S,0,10,109716075,242588017,1193,0,futex_do_wait
4924601526904223,3129416,qlever-server-d,S,0,9,93877983,221983042,988,3,futex_do_wait
4924601526904223,3129417,qlever-server-d,S,1,13,148552882,313406542,1300,2,futex_do_wait
4924601526904223,3129418,qlever-server-d,S,0,16,173660423,230569955,1113,10,futex_do_wait
4924601526904223,0,__system__,-,1024881190,7867990547,0,0,0,-1,-
4924601546898583,3128855,qlever-server-d,S,936,1591,25279315500,30777902,1912,1,futex_do_wait
4924601546898583,3128859,qlever-server-d,S,0,0,2762142,2553511,25,13,futex_do_wait
4924601546898583,3129400,qlever-server-d,S,994,8,10031429726,191720573,420,6,futex_do_wait
4924601546898583,3129401,qlever-server-d,S,997,7,10051057400,164978625,316,2,futex_do_wait
4924601546898583,3129402,qlever-server-d,S,1000,10,10105038904,119371367,701,13,futex_do_wait
4924601546898583,3129403,qlever-server-d,S,997,10,10080481985,143534294,560,5,futex_do_wait
4924601546898583,3129404,qlever-server-d,S,1006,9,10164359313,62298339,500,3,futex_do_wait
4924601546898583,3129405,qlever-server-d,S,1006,7,10139205802,85013757,529,1,futex_do_wait
4924601546898583,3129406,qlever-server-d,S,1003,7,10110762650,104879305,515,10,futex_do_wait
4924601546898583,3129407,qlever-server-d,S,996,7,10049100567,185803599,357,14,futex_do_wait
4924601546898583,3129408,qlever-server-d,S,0,0,15360,0,1,13,futex_do_wait
4924601546898583,3129409,qlever-server-d,S,0,0,163781,0,5,12,ep_poll
4924601546898583,3129410,qlever-server-d,S,0,0,392260,20000,9,3,futex_do_wait
4924601546898583,3129411,qlever-server-d,S,1,11,129487599,239799836,1156,3,futex_do_wait
4924601546898583,3129412,qlever-server-d,S,0,11,118421609,212425184,1010,3,ep_poll
4924601546898583,3129413,qlever-server-d,S,0,10,109124309,265134362,1171,3,futex_do_wait
4924601546898583,3129414,qlever-server-d,S,0,18,193623396,279435769,1334,4,futex_do_wait
4924601546898583,3129415,qlever-server-d,S,0,10,109716075,242588017,1193,0,futex_do_wait
4924601546898583,3129416,qlever-server-d,S,0,9,93877983,221983042,988,3,futex_do_wait
4924601546898583,3129417,qlever-server-d,S,1,13,148552882,313406542,1300,2,futex_do_wait
4924601546898583,3129418,qlever-server-d,S,0,16,173660423,230569955,1113,10,futex_do_wait
4924601546898583,0,__system__,-,1024881204,7867990579,0,0,0,-1,-
4924601566909704,3128855,qlever-server-d,S,936,1591,25279315500,30777902,1912,1,futex_do_wait
4924601566909704,3128859,qlever-server-d,S,0,0,2762142,2553511,25,13,futex_do_wait
4924601566909704,3129400,qlever-server-d,S,994,8,10031429726,191720573,420,6,futex_do_wait
4924601566909704,3129401,qlever-server-d,S,997,7,10051057400,164978625,316,2,futex_do_wait
4924601566909704,3129402,qlever-server-d,S,1000,10,10105038904,119371367,701,13,futex_do_wait
4924601566909704,3129403,qlever-server-d,S,997,10,10080481985,143534294,560,5,futex_do_wait
4924601566909704,3129404,qlever-server-d,S,1006,9,10164359313,62298339,500,3,futex_do_wait
4924601566909704,3129405,qlever-server-d,S,1006,7,10139205802,85013757,529,1,futex_do_wait
4924601566909704,3129406,qlever-server-d,S,1003,7,10110762650,104879305,515,10,futex_do_wait
4924601566909704,3129407,qlever-server-d,S,996,7,10049100567,185803599,357,14,futex_do_wait
4924601566909704,3129408,qlever-server-d,S,0,0,15360,0,1,13,futex_do_wait
4924601566909704,3129409,qlever-server-d,S,0,0,163781,0,5,12,ep_poll
4924601566909704,3129410,qlever-server-d,S,0,0,392260,20000,9,3,futex_do_wait
4924601566909704,3129411,qlever-server-d,S,1,11,129487599,239799836,1156,3,futex_do_wait
4924601566909704,3129412,qlever-server-d,S,0,11,118421609,212425184,1010,3,ep_poll
4924601566909704,3129413,qlever-server-d,S,0,10,109124309,265134362,1171,3,futex_do_wait
4924601566909704,3129414,qlever-server-d,S,0,18,193623396,279435769,1334,4,futex_do_wait
4924601566909704,3129415,qlever-server-d,S,0,10,109716075,242588017,1193,0,futex_do_wait
4924601566909704,3129416,qlever-server-d,S,0,9,93877983,221983042,988,3,futex_do_wait
4924601566909704,3129417,qlever-server-d,S,1,13,148552882,313406542,1300,2,futex_do_wait
4924601566909704,3129418,qlever-server-d,S,0,16,173660423,230569955,1113,10,futex_do_wait
4924601566909704,0,__system__,-,1024881218,7867990610,0,0,0,-1,-
4924601586906805,3128855,qlever-server-d,S,936,1591,25279315500,30777902,1912,1,futex_do_wait
4924601586906805,3128859,qlever-server-d,S,0,0,2762142,2553511,25,13,futex_do_wait
4924601586906805,3129400,qlever-server-d,S,994,8,10031429726,191720573,420,6,futex_do_wait
4924601586906805,3129401,qlever-server-d,S,997,7,10051057400,164978625,316,2,futex_do_wait
4924601586906805,3129402,qlever-server-d,S,1000,10,10105038904,119371367,701,13,futex_do_wait
4924601586906805,3129403,qlever-server-d,S,997,10,10080481985,143534294,560,5,futex_do_wait
4924601586906805,3129404,qlever-server-d,S,1006,9,10164359313,62298339,500,3,futex_do_wait
4924601586906805,3129405,qlever-server-d,S,1006,7,10139205802,85013757,529,1,futex_do_wait
4924601586906805,3129406,qlever-server-d,S,1003,7,10110762650,104879305,515,10,futex_do_wait
4924601586906805,3129407,qlever-server-d,S,996,7,10049100567,185803599,357,14,futex_do_wait
4924601586906805,3129408,qlever-server-d,S,0,0,15360,0,1,13,futex_do_wait
4924601586906805,3129409,qlever-server-d,S,0,0,163781,0,5,12,ep_poll
4924601586906805,3129410,qlever-server-d,S,0,0,392260,20000,9,3,futex_do_wait
4924601586906805,3129411,qlever-server-d,S,1,11,129487599,239799836,1156,3,futex_do_wait
4924601586906805,3129412,qlever-server-d,S,0,11,118421609,212425184,1010,3,ep_poll
4924601586906805,3129413,qlever-server-d,S,0,10,109124309,265134362,1171,3,futex_do_wait
4924601586906805,3129414,qlever-server-d,S,0,18,193623396,279435769,1334,4,futex_do_wait
4924601586906805,3129415,qlever-server-d,S,0,10,109716075,242588017,1193,0,futex_do_wait
4924601586906805,3129416,qlever-server-d,S,0,9,93877983,221983042,988,3,futex_do_wait
4924601586906805,3129417,qlever-server-d,S,1,13,148552882,313406542,1300,2,futex_do_wait
4924601586906805,3129418,qlever-server-d,S,0,16,173660423,230569955,1113,10,futex_do_wait
4924601586906805,0,__system__,-,1024881232,7867990642,0,0,0,-1,-
4924601606899926,3128855,qlever-server-d,S,936,1591,25279315500,30777902,1912,1,futex_do_wait
4924601606899926,3128859,qlever-server-d,S,0,0,2762142,2553511,25,13,futex_do_wait
4924601606899926,3129400,qlever-server-d,S,994,8,10031429726,191720573,420,6,futex_do_wait
4924601606899926,3129401,qlever-server-d,S,997,7,10051057400,164978625,316,2,futex_do_wait
4924601606899926,3129402,qlever-server-d,S,1000,10,10105038904,119371367,701,13,futex_do_wait
4924601606899926,3129403,qlever-server-d,S,997,10,10080481985,143534294,560,5,futex_do_wait
4924601606899926,3129404,qlever-server-d,S,1006,9,10164359313,62298339,500,3,futex_do_wait
4924601606899926,3129405,qlever-server-d,S,1006,7,10139205802,85013757,529,1,futex_do_wait
4924601606899926,3129406,qlever-server-d,S,1003,7,10110762650,104879305,515,10,futex_do_wait
4924601606899926,3129407,qlever-server-d,S,996,7,10049100567,185803599,357,14,futex_do_wait
4924601606899926,3129408,qlever-server-d,S,0,0,15360,0,1,13,futex_do_wait
4924601606899926,3129409,qlever-server-d,S,0,0,163781,0,5,12,ep_poll
4924601606899926,3129410,qlever-server-d,S,0,0,392260,20000,9,3,futex_do_wait
4924601606899926,3129411,qlever-server-d,S,1,11,129487599,239799836,1156,3,futex_do_wait
4924601606899926,3129412,qlever-server-d,S,0,11,118421609,212425184,1010,3,ep_poll
4924601606899926,3129413,qlever-server-d,S,0,10,109124309,265134362,1171,3,futex_do_wait
4924601606899926,3129414,qlever-server-d,S,0,18,193623396,279435769,1334,4,futex_do_wait
4924601606899926,3129415,qlever-server-d,S,0,10,109716075,242588017,1193,0,futex_do_wait
4924601606899926,3129416,qlever-server-d,S,0,9,93877983,221983042,988,3,futex_do_wait
4924601606899926,3129417,qlever-server-d,S,1,13,148552882,313406542,1300,2,futex_do_wait
4924601606899926,3129418,qlever-server-d,S,0,16,173660423,230569955,1113,10,futex_do_wait
4924601606899926,0,__system__,-,1024881243,7867990673,0,0,0,-1,-
4924601626905167,3128855,qlever-server-d,S,936,1591,25279315500,30777902,1912,1,futex_do_wait
4924601626905167,3128859,qlever-server-d,S,0,0,2762142,2553511,25,13,futex_do_wait
4924601626905167,3129400,qlever-server-d,S,994,8,10031429726,191720573,420,6,futex_do_wait
4924601626905167,3129401,qlever-server-d,S,997,7,10051057400,164978625,316,2,futex_do_wait
4924601626905167,3129402,qlever-server-d,S,1000,10,10105038904,119371367,701,13,futex_do_wait
4924601626905167,3129403,qlever-server-d,S,997,10,10080481985,143534294,560,5,futex_do_wait
4924601626905167,3129404,qlever-server-d,S,1006,9,10164359313,62298339,500,3,futex_do_wait
4924601626905167,3129405,qlever-server-d,S,1006,7,10139205802,85013757,529,1,futex_do_wait
4924601626905167,3129406,qlever-server-d,S,1003,7,10110762650,104879305,515,10,futex_do_wait
4924601626905167,3129407,qlever-server-d,S,996,7,10049100567,185803599,357,14,futex_do_wait
4924601626905167,3129408,qlever-server-d,S,0,0,15360,0,1,13,futex_do_wait
4924601626905167,3129409,qlever-server-d,S,0,0,163781,0,5,12,ep_poll
4924601626905167,3129410,qlever-server-d,S,0,0,392260,20000,9,3,futex_do_wait
4924601626905167,3129411,qlever-server-d,S,1,11,129487599,239799836,1156,3,futex_do_wait
4924601626905167,3129412,qlever-server-d,S,0,11,118421609,212425184,1010,3,ep_poll
4924601626905167,3129413,qlever-server-d,S,0,10,109124309,265134362,1171,3,futex_do_wait
4924601626905167,3129414,qlever-server-d,S,0,18,193623396,279435769,1334,4,futex_do_wait
4924601626905167,3129415,qlever-server-d,S,0,10,109716075,242588017,1193,0,futex_do_wait
4924601626905167,3129416,qlever-server-d,S,0,9,93877983,221983042,988,3,futex_do_wait
4924601626905167,3129417,qlever-server-d,S,1,13,148552882,313406542,1300,2,futex_do_wait
4924601626905167,3129418,qlever-server-d,S,0,16,173660423,230569955,1113,10,futex_do_wait
4924601626905167,0,__system__,-,1024881257,7867990706,0,0,0,-1,-
4924601646903798,3128855,qlever-server-d,S,936,1591,25279315500,30777902,1912,1,futex_do_wait
4924601646903798,3128859,qlever-server-d,S,0,0,2762142,2553511,25,13,futex_do_wait
4924601646903798,3129400,qlever-server-d,S,994,8,10031429726,191720573,420,6,futex_do_wait
4924601646903798,3129401,qlever-server-d,S,997,7,10051057400,164978625,316,2,futex_do_wait
4924601646903798,3129402,qlever-server-d,S,1000,10,10105038904,119371367,701,13,futex_do_wait
4924601646903798,3129403,qlever-server-d,S,997,10,10080481985,143534294,560,5,futex_do_wait
4924601646903798,3129404,qlever-server-d,S,1006,9,10164359313,62298339,500,3,futex_do_wait
4924601646903798,3129405,qlever-server-d,S,1006,7,10139205802,85013757,529,1,futex_do_wait
4924601646903798,3129406,qlever-server-d,S,1003,7,10110762650,104879305,515,10,futex_do_wait
4924601646903798,3129407,qlever-server-d,S,996,7,10049100567,185803599,357,14,futex_do_wait
4924601646903798,3129408,qlever-server-d,S,0,0,15360,0,1,13,futex_do_wait
4924601646903798,3129409,qlever-server-d,S,0,0,163781,0,5,12,ep_poll
4924601646903798,3129410,qlever-server-d,S,0,0,392260,20000,9,3,futex_do_wait
4924601646903798,3129411,qlever-server-d,S,1,11,129487599,239799836,1156,3,futex_do_wait
4924601646903798,3129412,qlever-server-d,S,0,11,118421609,212425184,1010,3,ep_poll
4924601646903798,3129413,qlever-server-d,S,0,10,109124309,265134362,1171,3,futex_do_wait
4924601646903798,3129414,qlever-server-d,S,0,18,193623396,279435769,1334,4,futex_do_wait
4924601646903798,3129415,qlever-server-d,S,0,10,109716075,242588017,1193,0,futex_do_wait
4924601646903798,3129416,qlever-server-d,S,0,9,93877983,221983042,988,3,futex_do_wait
4924601646903798,3129417,qlever-server-d,S,1,13,148552882,313406542,1300,2,futex_do_wait
4924601646903798,3129418,qlever-server-d,S,0,16,173660423,230569955,1113,10,futex_do_wait
4924601646903798,0,__system__,-,1024881270,7867990738,0,0,0,-1,-
4924601666900709,3128855,qlever-server-d,S,936,1591,25279315500,30777902,1912,1,futex_do_wait
4924601666900709,3128859,qlever-server-d,S,0,0,2762142,2553511,25,13,futex_do_wait
4924601666900709,3129400,qlever-server-d,S,994,8,10031429726,191720573,420,6,futex_do_wait
4924601666900709,3129401,qlever-server-d,S,997,7,10051057400,164978625,316,2,futex_do_wait
4924601666900709,3129402,qlever-server-d,S,1000,10,10105038904,119371367,701,13,futex_do_wait
4924601666900709,3129403,qlever-server-d,S,997,10,10080481985,143534294,560,5,futex_do_wait
4924601666900709,3129404,qlever-server-d,S,1006,9,10164359313,62298339,500,3,futex_do_wait
4924601666900709,3129405,qlever-server-d,S,1006,7,10139205802,85013757,529,1,futex_do_wait
4924601666900709,3129406,qlever-server-d,S,1003,7,10110762650,104879305,515,10,futex_do_wait
4924601666900709,3129407,qlever-server-d,S,996,7,10049100567,185803599,357,14,futex_do_wait
4924601666900709,3129408,qlever-server-d,S,0,0,15360,0,1,13,futex_do_wait
4924601666900709,3129409,qlever-server-d,S,0,0,163781,0,5,12,ep_poll
4924601666900709,3129410,qlever-server-d,S,0,0,392260,20000,9,3,futex_do_wait
4924601666900709,3129411,qlever-server-d,S,1,11,129487599,239799836,1156,3,futex_do_wait
4924601666900709,3129412,qlever-server-d,S,0,11,118421609,212425184,1010,3,ep_poll
4924601666900709,3129413,qlever-server-d,S,0,10,109124309,265134362,1171,3,futex_do_wait
4924601666900709,3129414,qlever-server-d,S,0,18,193623396,279435769,1334,4,futex_do_wait
4924601666900709,3129415,qlever-server-d,S,0,10,109716075,242588017,1193,0,futex_do_wait
4924601666900709,3129416,qlever-server-d,S,0,9,93877983,221983042,988,3,futex_do_wait
4924601666900709,3129417,qlever-server-d,S,1,13,148552882,313406542,1300,2,futex_do_wait
4924601666900709,3129418,qlever-server-d,S,0,16,173660423,230569955,1113,10,futex_do_wait
4924601666900709,0,__system__,-,1024881282,7867990770,0,0,0,-1,-
4924601686897760,3128855,qlever-server-d,S,936,1591,25279315500,30777902,1912,1,futex_do_wait
4924601686897760,3128859,qlever-server-d,S,0,0,2762142,2553511,25,13,futex_do_wait
4924601686897760,3129400,qlever-server-d,S,994,8,10031429726,191720573,420,6,futex_do_wait
4924601686897760,3129401,qlever-server-d,S,997,7,10051057400,164978625,316,2,futex_do_wait
4924601686897760,3129402,qlever-server-d,S,1000,10,10105038904,119371367,701,13,futex_do_wait
4924601686897760,3129403,qlever-server-d,S,997,10,10080481985,143534294,560,5,futex_do_wait
4924601686897760,3129404,qlever-server-d,S,1006,9,10164359313,62298339,500,3,futex_do_wait
4924601686897760,3129405,qlever-server-d,S,1006,7,10139205802,85013757,529,1,futex_do_wait
4924601686897760,3129406,qlever-server-d,S,1003,7,10110762650,104879305,515,10,futex_do_wait
4924601686897760,3129407,qlever-server-d,S,996,7,10049100567,185803599,357,14,futex_do_wait
4924601686897760,3129408,qlever-server-d,S,0,0,15360,0,1,13,futex_do_wait
4924601686897760,3129409,qlever-server-d,S,0,0,163781,0,5,12,ep_poll
4924601686897760,3129410,qlever-server-d,S,0,0,392260,20000,9,3,futex_do_wait
4924601686897760,3129411,qlever-server-d,S,1,11,129487599,239799836,1156,3,futex_do_wait
4924601686897760,3129412,qlever-server-d,S,0,11,118421609,212425184,1010,3,ep_poll
4924601686897760,3129413,qlever-server-d,S,0,10,109124309,265134362,1171,3,futex_do_wait
4924601686897760,3129414,qlever-server-d,S,0,18,193623396,279435769,1334,4,futex_do_wait
4924601686897760,3129415,qlever-server-d,S,0,10,109716075,242588017,1193,0,futex_do_wait
4924601686897760,3129416,qlever-server-d,S,0,9,93877983,221983042,988,3,futex_do_wait
4924601686897760,3129417,qlever-server-d,S,1,13,148552882,313406542,1300,2,futex_do_wait
4924601686897760,3129418,qlever-server-d,S,0,16,173660423,230569955,1113,10,futex_do_wait
4924601686897760,0,__system__,-,1024881293,7867990800,0,0,0,-1,-
4924601706897301,3128855,qlever-server-d,S,936,1591,25279315500,30777902,1912,1,futex_do_wait
4924601706897301,3128859,qlever-server-d,S,0,0,2762142,2553511,25,13,futex_do_wait
4924601706897301,3129400,qlever-server-d,S,994,8,10031429726,191720573,420,6,futex_do_wait
4924601706897301,3129401,qlever-server-d,S,997,7,10051057400,164978625,316,2,futex_do_wait
4924601706897301,3129402,qlever-server-d,S,1000,10,10105038904,119371367,701,13,futex_do_wait
4924601706897301,3129403,qlever-server-d,S,997,10,10080481985,143534294,560,5,futex_do_wait
4924601706897301,3129404,qlever-server-d,S,1006,9,10164359313,62298339,500,3,futex_do_wait
4924601706897301,3129405,qlever-server-d,S,1006,7,10139205802,85013757,529,1,futex_do_wait
4924601706897301,3129406,qlever-server-d,S,1003,7,10110762650,104879305,515,10,futex_do_wait
4924601706897301,3129407,qlever-server-d,S,996,7,10049100567,185803599,357,14,futex_do_wait
4924601706897301,3129408,qlever-server-d,S,0,0,15360,0,1,13,futex_do_wait
4924601706897301,3129409,qlever-server-d,S,0,0,163781,0,5,12,ep_poll
4924601706897301,3129410,qlever-server-d,S,0,0,392260,20000,9,3,futex_do_wait
4924601706897301,3129411,qlever-server-d,S,1,11,129487599,239799836,1156,3,futex_do_wait
4924601706897301,3129412,qlever-server-d,S,0,11,118421609,212425184,1010,3,ep_poll
4924601706897301,3129413,qlever-server-d,S,0,10,109124309,265134362,1171,3,futex_do_wait
4924601706897301,3129414,qlever-server-d,S,0,18,193623396,279435769,1334,4,futex_do_wait
4924601706897301,3129415,qlever-server-d,S,0,10,109716075,242588017,1193,0,futex_do_wait
4924601706897301,3129416,qlever-server-d,S,0,9,93877983,221983042,988,3,futex_do_wait
4924601706897301,3129417,qlever-server-d,S,1,13,148552882,313406542,1300,2,futex_do_wait
4924601706897301,3129418,qlever-server-d,S,0,16,173660423,230569955,1113,10,futex_do_wait
4924601706897301,0,__system__,-,1024881305,7867990832,0,0,0,-1,-
4924601726901942,3128855,qlever-server-d,S,936,1591,25279315500,30777902,1912,1,futex_do_wait
4924601726901942,3128859,qlever-server-d,S,0,0,2762142,2553511,25,13,futex_do_wait
4924601726901942,3129400,qlever-server-d,S,994,8,10031429726,191720573,420,6,futex_do_wait
4924601726901942,3129401,qlever-server-d,S,997,7,10051057400,164978625,316,2,futex_do_wait
4924601726901942,3129402,qlever-server-d,S,1000,10,10105038904,119371367,701,13,futex_do_wait
4924601726901942,3129403,qlever-server-d,S,997,10,10080481985,143534294,560,5,futex_do_wait
4924601726901942,3129404,qlever-server-d,S,1006,9,10164359313,62298339,500,3,futex_do_wait
4924601726901942,3129405,qlever-server-d,S,1006,7,10139205802,85013757,529,1,futex_do_wait
4924601726901942,3129406,qlever-server-d,S,1003,7,10110762650,104879305,515,10,futex_do_wait
4924601726901942,3129407,qlever-server-d,S,996,7,10049100567,185803599,357,14,futex_do_wait
4924601726901942,3129408,qlever-server-d,S,0,0,15360,0,1,13,futex_do_wait
4924601726901942,3129409,qlever-server-d,S,0,0,163781,0,5,12,ep_poll
4924601726901942,3129410,qlever-server-d,S,0,0,392260,20000,9,3,futex_do_wait
4924601726901942,3129411,qlever-server-d,S,1,11,129487599,239799836,1156,3,futex_do_wait
4924601726901942,3129412,qlever-server-d,S,0,11,118421609,212425184,1010,3,ep_poll
4924601726901942,3129413,qlever-server-d,S,0,10,109124309,265134362,1171,3,futex_do_wait
4924601726901942,3129414,qlever-server-d,S,0,18,193623396,279435769,1334,4,futex_do_wait
4924601726901942,3129415,qlever-server-d,S,0,10,109716075,242588017,1193,0,futex_do_wait
4924601726901942,3129416,qlever-server-d,S,0,9,93877983,221983042,988,3,futex_do_wait
4924601726901942,3129417,qlever-server-d,S,1,13,148552882,313406542,1300,2,futex_do_wait
4924601726901942,3129418,qlever-server-d,S,0,16,173660423,230569955,1113,10,futex_do_wait
4924601726901942,0,__system__,-,1024881315,7867990864,0,0,0,-1,-
4924601746902843,3128855,qlever-server-d,S,936,1591,25279315500,30777902,1912,1,futex_do_wait
4924601746902843,3128859,qlever-server-d,S,0,0,2762142,2553511,25,13,futex_do_wait
4924601746902843,3129400,qlever-server-d,S,994,8,10031429726,191720573,420,6,futex_do_wait
4924601746902843,3129401,qlever-server-d,S,997,7,10051057400,164978625,316,2,futex_do_wait
4924601746902843,3129402,qlever-server-d,S,1000,10,10105038904,119371367,701,13,futex_do_wait
4924601746902843,3129403,qlever-server-d,S,997,10,10080481985,143534294,560,5,futex_do_wait
4924601746902843,3129404,qlever-server-d,S,1006,9,10164359313,62298339,500,3,futex_do_wait
4924601746902843,3129405,qlever-server-d,S,1006,7,10139205802,85013757,529,1,futex_do_wait
4924601746902843,3129406,qlever-server-d,S,1003,7,10110762650,104879305,515,10,futex_do_wait
4924601746902843,3129407,qlever-server-d,S,996,7,10049100567,185803599,357,14,futex_do_wait
4924601746902843,3129408,qlever-server-d,S,0,0,15360,0,1,13,futex_do_wait
4924601746902843,3129409,qlever-server-d,S,0,0,163781,0,5,12,ep_poll
4924601746902843,3129410,qlever-server-d,S,0,0,392260,20000,9,3,futex_do_wait
4924601746902843,3129411,qlever-server-d,S,1,11,129487599,239799836,1156,3,futex_do_wait
4924601746902843,3129412,qlever-server-d,S,0,11,118421609,212425184,1010,3,ep_poll
4924601746902843,3129413,qlever-server-d,S,0,10,109124309,265134362,1171,3,futex_do_wait
4924601746902843,3129414,qlever-server-d,S,0,18,193623396,279435769,1334,4,futex_do_wait
4924601746902843,3129415,qlever-server-d,S,0,10,109716075,242588017,1193,0,futex_do_wait
4924601746902843,3129416,qlever-server-d,S,0,9,93877983,221983042,988,3,futex_do_wait
4924601746902843,3129417,qlever-server-d,S,1,13,148552882,313406542,1300,2,futex_do_wait
4924601746902843,3129418,qlever-server-d,S,0,16,173660423,230569955,1113,10,futex_do_wait
4924601746902843,0,__system__,-,1024881327,7867990897,0,0,0,-1,-
4924601766904773,3128855,qlever-server-d,S,936,1591,25279315500,30777902,1912,1,futex_do_wait
4924601766904773,3128859,qlever-server-d,S,0,0,2762142,2553511,25,13,futex_do_wait
4924601766904773,3129400,qlever-server-d,S,994,8,10031429726,191720573,420,6,futex_do_wait
4924601766904773,3129401,qlever-server-d,S,997,7,10051057400,164978625,316,2,futex_do_wait
4924601766904773,3129402,qlever-server-d,S,1000,10,10105038904,119371367,701,13,futex_do_wait
4924601766904773,3129403,qlever-server-d,S,997,10,10080481985,143534294,560,5,futex_do_wait
4924601766904773,3129404,qlever-server-d,S,1006,9,10164359313,62298339,500,3,futex_do_wait
4924601766904773,3129405,qlever-server-d,S,1006,7,10139205802,85013757,529,1,futex_do_wait
4924601766904773,3129406,qlever-server-d,S,1003,7,10110762650,104879305,515,10,futex_do_wait
4924601766904773,3129407,qlever-server-d,S,996,7,10049100567,185803599,357,14,futex_do_wait
4924601766904773,3129408,qlever-server-d,S,0,0,15360,0,1,13,futex_do_wait
4924601766904773,3129409,qlever-server-d,S,0,0,163781,0,5,12,ep_poll
4924601766904773,3129410,qlever-server-d,S,0,0,392260,20000,9,3,futex_do_wait
4924601766904773,3129411,qlever-server-d,S,1,11,129487599,239799836,1156,3,futex_do_wait
4924601766904773,3129412,qlever-server-d,S,0,11,118421609,212425184,1010,3,ep_poll
4924601766904773,3129413,qlever-server-d,S,0,10,109124309,265134362,1171,3,futex_do_wait
4924601766904773,3129414,qlever-server-d,S,0,18,193623396,279435769,1334,4,futex_do_wait
4924601766904773,3129415,qlever-server-d,S,0,10,109716075,242588017,1193,0,futex_do_wait
4924601766904773,3129416,qlever-server-d,S,0,9,93877983,221983042,988,3,futex_do_wait
4924601766904773,3129417,qlever-server-d,S,1,13,148552882,313406542,1300,2,futex_do_wait
4924601766904773,3129418,qlever-server-d,S,0,16,173660423,230569955,1113,10,futex_do_wait
4924601766904773,0,__system__,-,1024881337,7867990929,0,0,0,-1,-
4924601786907504,3128855,qlever-server-d,S,936,1591,25279315500,30777902,1912,1,futex_do_wait
4924601786907504,3128859,qlever-server-d,S,0,0,2762142,2553511,25,13,futex_do_wait
4924601786907504,3129400,qlever-server-d,S,994,8,10031429726,191720573,420,6,futex_do_wait
4924601786907504,3129401,qlever-server-d,S,997,7,10051057400,164978625,316,2,futex_do_wait
4924601786907504,3129402,qlever-server-d,S,1000,10,10105038904,119371367,701,13,futex_do_wait
4924601786907504,3129403,qlever-server-d,S,997,10,10080481985,143534294,560,5,futex_do_wait
4924601786907504,3129404,qlever-server-d,S,1006,9,10164359313,62298339,500,3,futex_do_wait
4924601786907504,3129405,qlever-server-d,S,1006,7,10139205802,85013757,529,1,futex_do_wait
4924601786907504,3129406,qlever-server-d,S,1003,7,10110762650,104879305,515,10,futex_do_wait
4924601786907504,3129407,qlever-server-d,S,996,7,10049100567,185803599,357,14,futex_do_wait
4924601786907504,3129408,qlever-server-d,S,0,0,15360,0,1,13,futex_do_wait
4924601786907504,3129409,qlever-server-d,S,0,0,163781,0,5,12,ep_poll
4924601786907504,3129410,qlever-server-d,S,0,0,392260,20000,9,3,futex_do_wait
4924601786907504,3129411,qlever-server-d,S,1,11,129487599,239799836,1156,3,futex_do_wait
4924601786907504,3129412,qlever-server-d,S,0,11,118421609,212425184,1010,3,ep_poll
4924601786907504,3129413,qlever-server-d,S,0,10,109124309,265134362,1171,3,futex_do_wait
4924601786907504,3129414,qlever-server-d,S,0,18,193623396,279435769,1334,4,futex_do_wait
4924601786907504,3129415,qlever-server-d,S,0,10,109716075,242588017,1193,0,futex_do_wait
4924601786907504,3129416,qlever-server-d,S,0,9,93877983,221983042,988,3,futex_do_wait
4924601786907504,3129417,qlever-server-d,S,1,13,148552882,313406542,1300,2,futex_do_wait
4924601786907504,3129418,qlever-server-d,S,0,16,173660423,230569955,1113,10,futex_do_wait
4924601786907504,0,__system__,-,1024881347,7867990960,0,0,0,-1,-
4924601806897635,3128855,qlever-server-d,S,936,1591,25279315500,30777902,1912,1,futex_do_wait
4924601806897635,3128859,qlever-server-d,S,0,0,2762142,2553511,25,13,futex_do_wait
4924601806897635,3129400,qlever-server-d,S,994,8,10031429726,191720573,420,6,futex_do_wait
4924601806897635,3129401,qlever-server-d,S,997,7,10051057400,164978625,316,2,futex_do_wait
4924601806897635,3129402,qlever-server-d,S,1000,10,10105038904,119371367,701,13,futex_do_wait
4924601806897635,3129403,qlever-server-d,S,997,10,10080481985,143534294,560,5,futex_do_wait
4924601806897635,3129404,qlever-server-d,S,1006,9,10164359313,62298339,500,3,futex_do_wait
4924601806897635,3129405,qlever-server-d,S,1006,7,10139205802,85013757,529,1,futex_do_wait
4924601806897635,3129406,qlever-server-d,S,1003,7,10110762650,104879305,515,10,futex_do_wait
4924601806897635,3129407,qlever-server-d,S,996,7,10049100567,185803599,357,14,futex_do_wait
4924601806897635,3129408,qlever-server-d,S,0,0,15360,0,1,13,futex_do_wait
4924601806897635,3129409,qlever-server-d,S,0,0,163781,0,5,12,ep_poll
4924601806897635,3129410,qlever-server-d,S,0,0,392260,20000,9,3,futex_do_wait
4924601806897635,3129411,qlever-server-d,S,1,11,129487599,239799836,1156,3,futex_do_wait
4924601806897635,3129412,qlever-server-d,S,0,11,118421609,212425184,1010,3,ep_poll
4924601806897635,3129413,qlever-server-d,S,0,10,109124309,265134362,1171,3,futex_do_wait
4924601806897635,3129414,qlever-server-d,S,0,18,193623396,279435769,1334,4,futex_do_wait
4924601806897635,3129415,qlever-server-d,S,0,10,109716075,242588017,1193,0,futex_do_wait
4924601806897635,3129416,qlever-server-d,S,0,9,93877983,221983042,988,3,futex_do_wait
4924601806897635,3129417,qlever-server-d,S,1,13,148552882,313406542,1300,2,futex_do_wait
4924601806897635,3129418,qlever-server-d,S,0,16,173660423,230569955,1113,10,futex_do_wait
4924601806897635,0,__system__,-,1024881356,7867990990,0,0,0,-1,-
4924601826900346,3128855,qlever-server-d,S,936,1591,25279315500,30777902,1912,1,futex_do_wait
4924601826900346,3128859,qlever-server-d,S,0,0,2762142,2553511,25,13,futex_do_wait
4924601826900346,3129400,qlever-server-d,S,994,8,10031429726,191720573,420,6,futex_do_wait
4924601826900346,3129401,qlever-server-d,S,997,7,10051057400,164978625,316,2,futex_do_wait
4924601826900346,3129402,qlever-server-d,S,1000,10,10105038904,119371367,701,13,futex_do_wait
4924601826900346,3129403,qlever-server-d,S,997,10,10080481985,143534294,560,5,futex_do_wait
4924601826900346,3129404,qlever-server-d,S,1006,9,10164359313,62298339,500,3,futex_do_wait
4924601826900346,3129405,qlever-server-d,S,1006,7,10139205802,85013757,529,1,futex_do_wait
4924601826900346,3129406,qlever-server-d,S,1003,7,10110762650,104879305,515,10,futex_do_wait
4924601826900346,3129407,qlever-server-d,S,996,7,10049100567,185803599,357,14,futex_do_wait
4924601826900346,3129408,qlever-server-d,S,0,0,15360,0,1,13,futex_do_wait
4924601826900346,3129409,qlever-server-d,S,0,0,163781,0,5,12,ep_poll
4924601826900346,3129410,qlever-server-d,S,0,0,392260,20000,9,3,futex_do_wait
4924601826900346,3129411,qlever-server-d,S,1,11,129487599,239799836,1156,3,futex_do_wait
4924601826900346,3129412,qlever-server-d,S,0,11,118421609,212425184,1010,3,ep_poll
4924601826900346,3129413,qlever-server-d,S,0,10,109124309,265134362,1171,3,futex_do_wait
4924601826900346,3129414,qlever-server-d,S,0,18,193623396,279435769,1334,4,futex_do_wait
4924601826900346,3129415,qlever-server-d,S,0,10,109716075,242588017,1193,0,futex_do_wait
4924601826900346,3129416,qlever-server-d,S,0,9,93877983,221983042,988,3,futex_do_wait
4924601826900346,3129417,qlever-server-d,S,1,13,148552882,313406542,1300,2,futex_do_wait
4924601826900346,3129418,qlever-server-d,S,0,16,173660423,230569955,1113,10,futex_do_wait
4924601826900346,0,__system__,-,1024881369,7867991022,0,0,0,-1,-
4924601846896537,3128855,qlever-server-d,S,936,1591,25279315500,30777902,1912,1,futex_do_wait
4924601846896537,3128859,qlever-server-d,S,0,0,2762142,2553511,25,13,futex_do_wait
4924601846896537,3129400,qlever-server-d,S,994,8,10031429726,191720573,420,6,futex_do_wait
4924601846896537,3129401,qlever-server-d,S,997,7,10051057400,164978625,316,2,futex_do_wait
4924601846896537,3129402,qlever-server-d,S,1000,10,10105038904,119371367,701,13,futex_do_wait
4924601846896537,3129403,qlever-server-d,S,997,10,10080481985,143534294,560,5,futex_do_wait
4924601846896537,3129404,qlever-server-d,S,1006,9,10164359313,62298339,500,3,futex_do_wait
4924601846896537,3129405,qlever-server-d,S,1006,7,10139205802,85013757,529,1,futex_do_wait
4924601846896537,3129406,qlever-server-d,S,1003,7,10110762650,104879305,515,10,futex_do_wait
4924601846896537,3129407,qlever-server-d,S,996,7,10049100567,185803599,357,14,futex_do_wait
4924601846896537,3129408,qlever-server-d,S,0,0,15360,0,1,13,futex_do_wait
4924601846896537,3129409,qlever-server-d,S,0,0,163781,0,5,12,ep_poll
4924601846896537,3129410,qlever-server-d,S,0,0,392260,20000,9,3,futex_do_wait
4924601846896537,3129411,qlever-server-d,S,1,11,129487599,239799836,1156,3,futex_do_wait
4924601846896537,3129412,qlever-server-d,S,0,11,118421609,212425184,1010,3,ep_poll
4924601846896537,3129413,qlever-server-d,S,0,10,109124309,265134362,1171,3,futex_do_wait
4924601846896537,3129414,qlever-server-d,S,0,18,193623396,279435769,1334,4,futex_do_wait
4924601846896537,3129415,qlever-server-d,S,0,10,109716075,242588017,1193,0,futex_do_wait
4924601846896537,3129416,qlever-server-d,S,0,9,93877983,221983042,988,3,futex_do_wait
4924601846896537,3129417,qlever-server-d,S,1,13,148552882,313406542,1300,2,futex_do_wait
4924601846896537,3129418,qlever-server-d,S,0,16,173660423,230569955,1113,10,futex_do_wait
4924601846896537,0,__system__,-,1024881380,7867991055,0,0,0,-1,-
4924601866898798,3128855,qlever-server-d,S,936,1591,25279315500,30777902,1912,1,futex_do_wait
4924601866898798,3128859,qlever-server-d,S,0,0,2762142,2553511,25,13,futex_do_wait
4924601866898798,3129400,qlever-server-d,S,994,8,10031429726,191720573,420,6,futex_do_wait
4924601866898798,3129401,qlever-server-d,S,997,7,10051057400,164978625,316,2,futex_do_wait
4924601866898798,3129402,qlever-server-d,S,1000,10,10105038904,119371367,701,13,futex_do_wait
4924601866898798,3129403,qlever-server-d,S,997,10,10080481985,143534294,560,5,futex_do_wait
4924601866898798,3129404,qlever-server-d,S,1006,9,10164359313,62298339,500,3,futex_do_wait
4924601866898798,3129405,qlever-server-d,S,1006,7,10139205802,85013757,529,1,futex_do_wait
4924601866898798,3129406,qlever-server-d,S,1003,7,10110762650,104879305,515,10,futex_do_wait
4924601866898798,3129407,qlever-server-d,S,996,7,10049100567,185803599,357,14,futex_do_wait
4924601866898798,3129408,qlever-server-d,S,0,0,15360,0,1,13,futex_do_wait
4924601866898798,3129409,qlever-server-d,S,0,0,163781,0,5,12,ep_poll
4924601866898798,3129410,qlever-server-d,S,0,0,392260,20000,9,3,futex_do_wait
4924601866898798,3129411,qlever-server-d,S,1,11,129487599,239799836,1156,3,futex_do_wait
4924601866898798,3129412,qlever-server-d,S,0,11,118421609,212425184,1010,3,ep_poll
4924601866898798,3129413,qlever-server-d,S,0,10,109124309,265134362,1171,3,futex_do_wait
4924601866898798,3129414,qlever-server-d,S,0,18,193623396,279435769,1334,4,futex_do_wait
4924601866898798,3129415,qlever-server-d,S,0,10,109716075,242588017,1193,0,futex_do_wait
4924601866898798,3129416,qlever-server-d,S,0,9,93877983,221983042,988,3,futex_do_wait
4924601866898798,3129417,qlever-server-d,S,1,13,148552882,313406542,1300,2,futex_do_wait
4924601866898798,3129418,qlever-server-d,S,0,16,173660423,230569955,1113,10,futex_do_wait
4924601866898798,0,__system__,-,1024881390,7867991086,0,0,0,-1,-
4924601886881339,3128855,qlever-server-d,S,936,1591,25279315500,30777902,1912,1,futex_do_wait
4924601886881339,3128859,qlever-server-d,S,0,0,2762142,2553511,25,13,futex_do_wait
4924601886881339,3129400,qlever-server-d,S,994,8,10031429726,191720573,420,6,futex_do_wait
4924601886881339,3129401,qlever-server-d,S,997,7,10051057400,164978625,316,2,futex_do_wait
4924601886881339,3129402,qlever-server-d,S,1000,10,10105038904,119371367,701,13,futex_do_wait
4924601886881339,3129403,qlever-server-d,S,997,10,10080481985,143534294,560,5,futex_do_wait
4924601886881339,3129404,qlever-server-d,S,1006,9,10164359313,62298339,500,3,futex_do_wait
4924601886881339,3129405,qlever-server-d,S,1006,7,10139205802,85013757,529,1,futex_do_wait
4924601886881339,3129406,qlever-server-d,S,1003,7,10110762650,104879305,515,10,futex_do_wait
4924601886881339,3129407,qlever-server-d,S,996,7,10049100567,185803599,357,14,futex_do_wait
4924601886881339,3129408,qlever-server-d,S,0,0,15360,0,1,13,futex_do_wait
4924601886881339,3129409,qlever-server-d,S,0,0,163781,0,5,12,ep_poll
4924601886881339,3129410,qlever-server-d,S,0,0,392260,20000,9,3,futex_do_wait
4924601886881339,3129411,qlever-server-d,S,1,11,129487599,239799836,1156,3,futex_do_wait
4924601886881339,3129412,qlever-server-d,S,0,11,118421609,212425184,1010,3,ep_poll
4924601886881339,3129413,qlever-server-d,S,0,10,109124309,265134362,1171,3,futex_do_wait
4924601886881339,3129414,qlever-server-d,S,0,18,193623396,279435769,1334,4,futex_do_wait
4924601886881339,3129415,qlever-server-d,S,0,10,109716075,242588017,1193,0,futex_do_wait
4924601886881339,3129416,qlever-server-d,S,0,9,93877983,221983042,988,3,futex_do_wait
4924601886881339,3129417,qlever-server-d,S,1,13,148552882,313406542,1300,2,futex_do_wait
4924601886881339,3129418,qlever-server-d,S,0,16,173660423,230569955,1113,10,futex_do_wait
4924601886881339,0,__system__,-,1024881400,7867991118,0,0,0,-1,-
4924601906905240,3128855,qlever-server-d,S,936,1591,25279315500,30777902,1912,1,futex_do_wait
4924601906905240,3128859,qlever-server-d,S,0,0,2762142,2553511,25,13,futex_do_wait
4924601906905240,3129400,qlever-server-d,S,994,8,10031429726,191720573,420,6,futex_do_wait
4924601906905240,3129401,qlever-server-d,S,997,7,10051057400,164978625,316,2,futex_do_wait
4924601906905240,3129402,qlever-server-d,S,1000,10,10105038904,119371367,701,13,futex_do_wait
4924601906905240,3129403,qlever-server-d,S,997,10,10080481985,143534294,560,5,futex_do_wait
4924601906905240,3129404,qlever-server-d,S,1006,9,10164359313,62298339,500,3,futex_do_wait
4924601906905240,3129405,qlever-server-d,S,1006,7,10139205802,85013757,529,1,futex_do_wait
4924601906905240,3129406,qlever-server-d,S,1003,7,10110762650,104879305,515,10,futex_do_wait
4924601906905240,3129407,qlever-server-d,S,996,7,10049100567,185803599,357,14,futex_do_wait
4924601906905240,3129408,qlever-server-d,S,0,0,15360,0,1,13,futex_do_wait
4924601906905240,3129409,qlever-server-d,S,0,0,163781,0,5,12,ep_poll
4924601906905240,3129410,qlever-server-d,S,0,0,392260,20000,9,3,futex_do_wait
4924601906905240,3129411,qlever-server-d,S,1,11,129487599,239799836,1156,3,futex_do_wait
4924601906905240,3129412,qlever-server-d,S,0,11,118421609,212425184,1010,3,ep_poll
4924601906905240,3129413,qlever-server-d,S,0,10,109124309,265134362,1171,3,futex_do_wait
4924601906905240,3129414,qlever-server-d,S,0,18,193623396,279435769,1334,4,futex_do_wait
4924601906905240,3129415,qlever-server-d,S,0,10,109716075,242588017,1193,0,futex_do_wait
4924601906905240,3129416,qlever-server-d,S,0,9,93877983,221983042,988,3,futex_do_wait
4924601906905240,3129417,qlever-server-d,S,1,13,148552882,313406542,1300,2,futex_do_wait
4924601906905240,3129418,qlever-server-d,S,0,16,173660423,230569955,1113,10,futex_do_wait
4924601906905240,0,__system__,-,1024881410,7867991149,0,0,0,-1,-
4924601926909681,3128855,qlever-server-d,S,936,1591,25279315500,30777902,1912,1,futex_do_wait
4924601926909681,3128859,qlever-server-d,S,0,0,2762142,2553511,25,13,futex_do_wait
4924601926909681,3129400,qlever-server-d,S,994,8,10031429726,191720573,420,6,futex_do_wait
4924601926909681,3129401,qlever-server-d,S,997,7,10051057400,164978625,316,2,futex_do_wait
4924601926909681,3129402,qlever-server-d,S,1000,10,10105038904,119371367,701,13,futex_do_wait
4924601926909681,3129403,qlever-server-d,S,997,10,10080481985,143534294,560,5,futex_do_wait
4924601926909681,3129404,qlever-server-d,S,1006,9,10164359313,62298339,500,3,futex_do_wait
4924601926909681,3129405,qlever-server-d,S,1006,7,10139205802,85013757,529,1,futex_do_wait
4924601926909681,3129406,qlever-server-d,S,1003,7,10110762650,104879305,515,10,futex_do_wait
4924601926909681,3129407,qlever-server-d,S,996,7,10049100567,185803599,357,14,futex_do_wait
4924601926909681,3129408,qlever-server-d,S,0,0,15360,0,1,13,futex_do_wait
4924601926909681,3129409,qlever-server-d,S,0,0,163781,0,5,12,ep_poll
4924601926909681,3129410,qlever-server-d,S,0,0,392260,20000,9,3,futex_do_wait
4924601926909681,3129411,qlever-server-d,S,1,11,129487599,239799836,1156,3,futex_do_wait
4924601926909681,3129412,qlever-server-d,S,0,11,118421609,212425184,1010,3,ep_poll
4924601926909681,3129413,qlever-server-d,S,0,10,109124309,265134362,1171,3,futex_do_wait
4924601926909681,3129414,qlever-server-d,S,0,18,193623396,279435769,1334,4,futex_do_wait
4924601926909681,3129415,qlever-server-d,S,0,10,109716075,242588017,1193,0,futex_do_wait
4924601926909681,3129416,qlever-server-d,S,0,9,93877983,221983042,988,3,futex_do_wait
4924601926909681,3129417,qlever-server-d,S,1,13,148552882,313406542,1300,2,futex_do_wait
4924601926909681,3129418,qlever-server-d,S,0,16,173660423,230569955,1113,10,futex_do_wait
4924601926909681,0,__system__,-,1024881422,7867991182,0,0,0,-1,-
4924601946907552,3128855,qlever-server-d,S,936,1591,25279315500,30777902,1912,1,futex_do_wait
4924601946907552,3128859,qlever-server-d,S,0,0,2762142,2553511,25,13,futex_do_wait
4924601946907552,3129400,qlever-server-d,S,994,8,10031429726,191720573,420,6,futex_do_wait
4924601946907552,3129401,qlever-server-d,S,997,7,10051057400,164978625,316,2,futex_do_wait
4924601946907552,3129402,qlever-server-d,S,1000,10,10105038904,119371367,701,13,futex_do_wait
4924601946907552,3129403,qlever-server-d,S,997,10,10080481985,143534294,560,5,futex_do_wait
4924601946907552,3129404,qlever-server-d,S,1006,9,10164359313,62298339,500,3,futex_do_wait
4924601946907552,3129405,qlever-server-d,S,1006,7,10139205802,85013757,529,1,futex_do_wait
4924601946907552,3129406,qlever-server-d,S,1003,7,10110762650,104879305,515,10,futex_do_wait
4924601946907552,3129407,qlever-server-d,S,996,7,10049100567,185803599,357,14,futex_do_wait
4924601946907552,3129408,qlever-server-d,S,0,0,15360,0,1,13,futex_do_wait
4924601946907552,3129409,qlever-server-d,S,0,0,163781,0,5,12,ep_poll
4924601946907552,3129410,qlever-server-d,S,0,0,392260,20000,9,3,futex_do_wait
4924601946907552,3129411,qlever-server-d,S,1,11,129487599,239799836,1156,3,futex_do_wait
4924601946907552,3129412,qlever-server-d,S,0,11,118421609,212425184,1010,3,ep_poll
4924601946907552,3129413,qlever-server-d,S,0,10,109124309,265134362,1171,3,futex_do_wait
4924601946907552,3129414,qlever-server-d,S,0,18,193623396,279435769,1334,4,futex_do_wait
4924601946907552,3129415,qlever-server-d,S,0,10,109716075,242588017,1193,0,futex_do_wait
4924601946907552,3129416,qlever-server-d,S,0,9,93877983,221983042,988,3,futex_do_wait
4924601946907552,3129417,qlever-server-d,S,1,13,148552882,313406542,1300,2,futex_do_wait
4924601946907552,3129418,qlever-server-d,S,0,16,173660423,230569955,1113,10,futex_do_wait
4924601946907552,0,__system__,-,1024881434,7867991214,0,0,0,-1,-
4924601966900733,3128855,qlever-server-d,S,936,1591,25279315500,30777902,1912,1,futex_do_wait
4924601966900733,3128859,qlever-server-d,S,0,0,2762142,2553511,25,13,futex_do_wait
4924601966900733,3129400,qlever-server-d,S,994,8,10031429726,191720573,420,6,futex_do_wait
4924601966900733,3129401,qlever-server-d,S,997,7,10051057400,164978625,316,2,futex_do_wait
4924601966900733,3129402,qlever-server-d,S,1000,10,10105038904,119371367,701,13,futex_do_wait
4924601966900733,3129403,qlever-server-d,S,997,10,10080481985,143534294,560,5,futex_do_wait
4924601966900733,3129404,qlever-server-d,S,1006,9,10164359313,62298339,500,3,futex_do_wait
4924601966900733,3129405,qlever-server-d,S,1006,7,10139205802,85013757,529,1,futex_do_wait
4924601966900733,3129406,qlever-server-d,S,1003,7,10110762650,104879305,515,10,futex_do_wait
4924601966900733,3129407,qlever-server-d,S,996,7,10049100567,185803599,357,14,futex_do_wait
4924601966900733,3129408,qlever-server-d,S,0,0,15360,0,1,13,futex_do_wait
4924601966900733,3129409,qlever-server-d,S,0,0,163781,0,5,12,ep_poll
4924601966900733,3129410,qlever-server-d,S,0,0,392260,20000,9,3,futex_do_wait
4924601966900733,3129411,qlever-server-d,S,1,11,129487599,239799836,1156,3,futex_do_wait
4924601966900733,3129412,qlever-server-d,S,0,11,118421609,212425184,1010,3,ep_poll
4924601966900733,3129413,qlever-server-d,S,0,10,109124309,265134362,1171,3,futex_do_wait
4924601966900733,3129414,qlever-server-d,S,0,18,193623396,279435769,1334,4,futex_do_wait
4924601966900733,3129415,qlever-server-d,S,0,10,109716075,242588017,1193,0,futex_do_wait
4924601966900733,3129416,qlever-server-d,S,0,9,93877983,221983042,988,3,futex_do_wait
4924601966900733,3129417,qlever-server-d,S,1,13,148552882,313406542,1300,2,futex_do_wait
4924601966900733,3129418,qlever-server-d,S,0,16,173660423,230569955,1113,10,futex_do_wait
4924601966900733,0,__system__,-,1024881445,7867991246,0,0,0,-1,-
4924601986898544,3128855,qlever-server-d,S,936,1591,25279315500,30777902,1912,1,futex_do_wait
4924601986898544,3128859,qlever-server-d,S,0,0,2762142,2553511,25,13,futex_do_wait
4924601986898544,3129400,qlever-server-d,S,994,8,10031429726,191720573,420,6,futex_do_wait
4924601986898544,3129401,qlever-server-d,S,997,7,10051057400,164978625,316,2,futex_do_wait
4924601986898544,3129402,qlever-server-d,S,1000,10,10105038904,119371367,701,13,futex_do_wait
4924601986898544,3129403,qlever-server-d,S,997,10,10080481985,143534294,560,5,futex_do_wait
4924601986898544,3129404,qlever-server-d,S,1006,9,10164359313,62298339,500,3,futex_do_wait
4924601986898544,3129405,qlever-server-d,S,1006,7,10139205802,85013757,529,1,futex_do_wait
4924601986898544,3129406,qlever-server-d,S,1003,7,10110762650,104879305,515,10,futex_do_wait
4924601986898544,3129407,qlever-server-d,S,996,7,10049100567,185803599,357,14,futex_do_wait
4924601986898544,3129408,qlever-server-d,S,0,0,15360,0,1,13,futex_do_wait
4924601986898544,3129409,qlever-server-d,S,0,0,163781,0,5,12,ep_poll
4924601986898544,3129410,qlever-server-d,S,0,0,392260,20000,9,3,futex_do_wait
4924601986898544,3129411,qlever-server-d,S,1,11,129487599,239799836,1156,3,futex_do_wait
4924601986898544,3129412,qlever-server-d,S,0,11,118421609,212425184,1010,3,ep_poll
4924601986898544,3129413,qlever-server-d,S,0,10,109124309,265134362,1171,3,futex_do_wait
4924601986898544,3129414,qlever-server-d,S,0,18,193623396,279435769,1334,4,futex_do_wait
4924601986898544,3129415,qlever-server-d,S,0,10,109716075,242588017,1193,0,futex_do_wait
4924601986898544,3129416,qlever-server-d,S,0,9,93877983,221983042,988,3,futex_do_wait
4924601986898544,3129417,qlever-server-d,S,1,13,148552882,313406542,1300,2,futex_do_wait
4924601986898544,3129418,qlever-server-d,S,0,16,173660423,230569955,1113,10,futex_do_wait
4924601986898544,0,__system__,-,1024881455,7867991278,0,0,0,-1,-
4924602006905584,3128855,qlever-server-d,S,936,1591,25279315500,30777902,1912,1,futex_do_wait
4924602006905584,3128859,qlever-server-d,S,0,0,2762142,2553511,25,13,futex_do_wait
4924602006905584,3129400,qlever-server-d,S,994,8,10031429726,191720573,420,6,futex_do_wait
4924602006905584,3129401,qlever-server-d,S,997,7,10051057400,164978625,316,2,futex_do_wait
4924602006905584,3129402,qlever-server-d,S,1000,10,10105038904,119371367,701,13,futex_do_wait
4924602006905584,3129403,qlever-server-d,S,997,10,10080481985,143534294,560,5,futex_do_wait
4924602006905584,3129404,qlever-server-d,S,1006,9,10164359313,62298339,500,3,futex_do_wait
4924602006905584,3129405,qlever-server-d,S,1006,7,10139205802,85013757,529,1,futex_do_wait
4924602006905584,3129406,qlever-server-d,S,1003,7,10110762650,104879305,515,10,futex_do_wait
4924602006905584,3129407,qlever-server-d,S,996,7,10049100567,185803599,357,14,futex_do_wait
4924602006905584,3129408,qlever-server-d,S,0,0,15360,0,1,13,futex_do_wait
4924602006905584,3129409,qlever-server-d,S,0,0,163781,0,5,12,ep_poll
4924602006905584,3129410,qlever-server-d,S,0,0,392260,20000,9,3,futex_do_wait
4924602006905584,3129411,qlever-server-d,S,1,11,129487599,239799836,1156,3,futex_do_wait
4924602006905584,3129412,qlever-server-d,S,0,11,118421609,212425184,1010,3,ep_poll
4924602006905584,3129413,qlever-server-d,S,0,10,109124309,265134362,1171,3,futex_do_wait
4924602006905584,3129414,qlever-server-d,S,0,18,193623396,279435769,1334,4,futex_do_wait
4924602006905584,3129415,qlever-server-d,S,0,10,109716075,242588017,1193,0,futex_do_wait
4924602006905584,3129416,qlever-server-d,S,0,9,93877983,221983042,988,3,futex_do_wait
4924602006905584,3129417,qlever-server-d,S,1,13,148552882,313406542,1300,2,futex_do_wait
4924602006905584,3129418,qlever-server-d,S,0,16,173660423,230569955,1113,10,futex_do_wait
4924602006905584,0,__system__,-,1024881466,7867991310,0,0,0,-1,-
4924602026906535,3128855,qlever-server-d,S,936,1591,25279315500,30777902,1912,1,futex_do_wait
4924602026906535,3128859,qlever-server-d,S,0,0,2762142,2553511,25,13,futex_do_wait
4924602026906535,3129400,qlever-server-d,S,994,8,10031429726,191720573,420,6,futex_do_wait
4924602026906535,3129401,qlever-server-d,S,997,7,10051057400,164978625,316,2,futex_do_wait
4924602026906535,3129402,qlever-server-d,S,1000,10,10105038904,119371367,701,13,futex_do_wait
4924602026906535,3129403,qlever-server-d,S,997,10,10080481985,143534294,560,5,futex_do_wait
4924602026906535,3129404,qlever-server-d,S,1006,9,10164359313,62298339,500,3,futex_do_wait
4924602026906535,3129405,qlever-server-d,S,1006,7,10139205802,85013757,529,1,futex_do_wait
4924602026906535,3129406,qlever-server-d,S,1003,7,10110762650,104879305,515,10,futex_do_wait
4924602026906535,3129407,qlever-server-d,S,996,7,10049100567,185803599,357,14,futex_do_wait
4924602026906535,3129408,qlever-server-d,S,0,0,15360,0,1,13,futex_do_wait
4924602026906535,3129409,qlever-server-d,S,0,0,163781,0,5,12,ep_poll
4924602026906535,3129410,qlever-server-d,S,0,0,392260,20000,9,3,futex_do_wait
4924602026906535,3129411,qlever-server-d,S,1,11,129487599,239799836,1156,3,futex_do_wait
4924602026906535,3129412,qlever-server-d,S,0,11,118421609,212425184,1010,3,ep_poll
4924602026906535,3129413,qlever-server-d,S,0,10,109124309,265134362,1171,3,futex_do_wait
4924602026906535,3129414,qlever-server-d,S,0,18,193623396,279435769,1334,4,futex_do_wait
4924602026906535,3129415,qlever-server-d,S,0,10,109716075,242588017,1193,0,futex_do_wait
4924602026906535,3129416,qlever-server-d,S,0,9,93877983,221983042,988,3,futex_do_wait
4924602026906535,3129417,qlever-server-d,S,1,13,148552882,313406542,1300,2,futex_do_wait
4924602026906535,3129418,qlever-server-d,S,0,16,173660423,230569955,1113,10,futex_do_wait
4924602026906535,0,__system__,-,1024881476,7867991342,0,0,0,-1,-
4924602046914476,3128855,qlever-server-d,S,936,1591,25279315500,30777902,1912,1,futex_do_wait
4924602046914476,3128859,qlever-server-d,S,0,0,2762142,2553511,25,13,futex_do_wait
4924602046914476,3129400,qlever-server-d,S,994,8,10031429726,191720573,420,6,futex_do_wait
4924602046914476,3129401,qlever-server-d,S,997,7,10051057400,164978625,316,2,futex_do_wait
4924602046914476,3129402,qlever-server-d,S,1000,10,10105038904,119371367,701,13,futex_do_wait
4924602046914476,3129403,qlever-server-d,S,997,10,10080481985,143534294,560,5,futex_do_wait
4924602046914476,3129404,qlever-server-d,S,1006,9,10164359313,62298339,500,3,futex_do_wait
4924602046914476,3129405,qlever-server-d,S,1006,7,10139205802,85013757,529,1,futex_do_wait
4924602046914476,3129406,qlever-server-d,S,1003,7,10110762650,104879305,515,10,futex_do_wait
4924602046914476,3129407,qlever-server-d,S,996,7,10049100567,185803599,357,14,futex_do_wait
4924602046914476,3129408,qlever-server-d,S,0,0,15360,0,1,13,futex_do_wait
4924602046914476,3129409,qlever-server-d,S,0,0,163781,0,5,12,ep_poll
4924602046914476,3129410,qlever-server-d,S,0,0,392260,20000,9,3,futex_do_wait
4924602046914476,3129411,qlever-server-d,S,1,11,129487599,239799836,1156,3,futex_do_wait
4924602046914476,3129412,qlever-server-d,S,0,11,118421609,212425184,1010,3,ep_poll
4924602046914476,3129413,qlever-server-d,S,0,10,109124309,265134362,1171,3,futex_do_wait
4924602046914476,3129414,qlever-server-d,S,0,18,193623396,279435769,1334,4,futex_do_wait
4924602046914476,3129415,qlever-server-d,S,0,10,109716075,242588017,1193,0,futex_do_wait
4924602046914476,3129416,qlever-server-d,S,0,9,93877983,221983042,988,3,futex_do_wait
4924602046914476,3129417,qlever-server-d,S,1,13,148552882,313406542,1300,2,futex_do_wait
4924602046914476,3129418,qlever-server-d,S,0,16,173660423,230569955,1113,10,futex_do_wait
4924602046914476,0,__system__,-,1024881487,7867991374,0,0,0,-1,-
4924602066903337,3128855,qlever-server-d,S,936,1591,25279315500,30777902,1912,1,futex_do_wait
4924602066903337,3128859,qlever-server-d,S,0,0,2762142,2553511,25,13,futex_do_wait
4924602066903337,3129400,qlever-server-d,S,994,8,10031429726,191720573,420,6,futex_do_wait
4924602066903337,3129401,qlever-server-d,S,997,7,10051057400,164978625,316,2,futex_do_wait
4924602066903337,3129402,qlever-server-d,S,1000,10,10105038904,119371367,701,13,futex_do_wait
4924602066903337,3129403,qlever-server-d,S,997,10,10080481985,143534294,560,5,futex_do_wait
4924602066903337,3129404,qlever-server-d,S,1006,9,10164359313,62298339,500,3,futex_do_wait
4924602066903337,3129405,qlever-server-d,S,1006,7,10139205802,85013757,529,1,futex_do_wait
4924602066903337,3129406,qlever-server-d,S,1003,7,10110762650,104879305,515,10,futex_do_wait
4924602066903337,3129407,qlever-server-d,S,996,7,10049100567,185803599,357,14,futex_do_wait
4924602066903337,3129408,qlever-server-d,S,0,0,15360,0,1,13,futex_do_wait
4924602066903337,3129409,qlever-server-d,S,0,0,163781,0,5,12,ep_poll
4924602066903337,3129410,qlever-server-d,S,0,0,392260,20000,9,3,futex_do_wait
4924602066903337,3129411,qlever-server-d,S,1,11,129487599,239799836,1156,3,futex_do_wait
4924602066903337,3129412,qlever-server-d,S,0,11,118421609,212425184,1010,3,ep_poll
4924602066903337,3129413,qlever-server-d,S,0,10,109124309,265134362,1171,3,futex_do_wait
4924602066903337,3129414,qlever-server-d,S,0,18,193623396,279435769,1334,4,futex_do_wait
4924602066903337,3129415,qlever-server-d,S,0,10,109716075,242588017,1193,0,futex_do_wait
4924602066903337,3129416,qlever-server-d,S,0,9,93877983,221983042,988,3,futex_do_wait
4924602066903337,3129417,qlever-server-d,S,1,13,148552882,313406542,1300,2,futex_do_wait
4924602066903337,3129418,qlever-server-d,S,0,16,173660423,230569955,1113,10,futex_do_wait
4924602066903337,0,__system__,-,1024881500,7867991406,0,0,0,-1,-
4924602086901748,3128855,qlever-server-d,S,936,1591,25279315500,30777902,1912,1,futex_do_wait
4924602086901748,3128859,qlever-server-d,S,0,0,2762142,2553511,25,13,futex_do_wait
4924602086901748,3129400,qlever-server-d,S,994,8,10031429726,191720573,420,6,futex_do_wait
4924602086901748,3129401,qlever-server-d,S,997,7,10051057400,164978625,316,2,futex_do_wait
4924602086901748,3129402,qlever-server-d,S,1000,10,10105038904,119371367,701,13,futex_do_wait
4924602086901748,3129403,qlever-server-d,S,997,10,10080481985,143534294,560,5,futex_do_wait
4924602086901748,3129404,qlever-server-d,S,1006,9,10164359313,62298339,500,3,futex_do_wait
4924602086901748,3129405,qlever-server-d,S,1006,7,10139205802,85013757,529,1,futex_do_wait
4924602086901748,3129406,qlever-server-d,S,1003,7,10111219681,104879305,516,10,futex_do_wait
4924602086901748,3129407,qlever-server-d,S,996,7,10049100567,185803599,357,14,futex_do_wait
4924602086901748,3129408,qlever-server-d,S,0,0,15360,0,1,13,futex_do_wait
4924602086901748,3129409,qlever-server-d,S,0,0,163781,0,5,12,ep_poll
4924602086901748,3129410,qlever-server-d,S,0,0,435510,20000,10,3,futex_do_wait
4924602086901748,3129411,qlever-server-d,S,1,11,129510549,239799836,1158,0,futex_do_wait
4924602086901748,3129412,qlever-server-d,S,0,11,119059309,212425184,1011,7,futex_do_wait
4924602086901748,3129413,qlever-server-d,S,0,10,109139179,265134362,1172,8,futex_do_wait
4924602086901748,3129414,qlever-server-d,S,0,18,193652226,279435769,1336,2,futex_do_wait
4924602086901748,3129415,qlever-server-d,S,0,10,109751495,242588017,1195,1,futex_do_wait
4924602086901748,3129416,qlever-server-d,S,0,9,94093323,221983042,991,8,futex_do_wait
4924602086901748,3129417,qlever-server-d,S,1,13,148596312,313406542,1302,3,futex_do_wait
4924602086901748,3129418,qlever-server-d,S,0,16,173682833,230569955,1114,4,ep_poll
4924602086901748,3130333,qlever-server-d,S,0,0,14990,0,1,5,futex_do_wait
4924602086901748,3130334,qlever-server-d,S,0,0,247380,0,1,7,futex_do_wait
4924602086901748,3130335,qlever-server-d,R,0,0,1307351,0,1,5,0
4924602086901748,0,__system__,-,1024881513,7867991437,0,0,0,-1,-
4924602106915469,3128855,qlever-server-d,S,936,1591,25279315500,30777902,1912,1,futex_do_wait
4924602106915469,3128859,qlever-server-d,S,0,0,2762142,2553511,25,13,futex_do_wait
4924602106915469,3129400,qlever-server-d,S,994,8,10031429726,191720573,420,6,futex_do_wait
4924602106915469,3129401,qlever-server-d,S,997,7,10051057400,164978625,316,2,futex_do_wait
4924602106915469,3129402,qlever-server-d,S,1000,10,10105038904,119371367,701,13,futex_do_wait
4924602106915469,3129403,qlever-server-d,S,997,10,10080481985,143534294,560,5,futex_do_wait
4924602106915469,3129404,qlever-server-d,S,1006,9,10164359313,62298339,500,3,futex_do_wait
4924602106915469,3129405,qlever-server-d,S,1006,7,10139205802,85013757,529,1,futex_do_wait
4924602106915469,3129406,qlever-server-d,S,1003,7,10111219681,104879305,516,10,futex_do_wait
4924602106915469,3129407,qlever-server-d,S,996,7,10049100567,185803599,357,14,futex_do_wait
4924602106915469,3129408,qlever-server-d,S,0,0,15360,0,1,13,futex_do_wait
4924602106915469,3129409,qlever-server-d,S,0,0,163781,0,5,12,ep_poll
4924602106915469,3129410,qlever-server-d,S,0,0,435510,20000,10,3,futex_do_wait
4924602106915469,3129411,qlever-server-d,S,1,11,129510549,239799836,1158,0,futex_do_wait
4924602106915469,3129412,qlever-server-d,S,0,11,119059309,212425184,1011,7,futex_do_wait
4924602106915469,3129413,qlever-server-d,S,0,10,109139179,265134362,1172,8,futex_do_wait
4924602106915469,3129414,qlever-server-d,S,0,18,193652226,279435769,1336,2,futex_do_wait
4924602106915469,3129415,qlever-server-d,S,0,10,109751495,242588017,1195,1,futex_do_wait
4924602106915469,3129416,qlever-server-d,S,0,9,94093323,221983042,991,8,futex_do_wait
4924602106915469,3129417,qlever-server-d,S,1,13,148596312,313406542,1302,3,futex_do_wait
4924602106915469,3129418,qlever-server-d,S,0,16,173682833,230569955,1114,4,ep_poll
4924602106915469,3130333,qlever-server-d,S,0,0,14990,0,1,5,futex_do_wait
4924602106915469,3130334,qlever-server-d,S,0,0,361380,0,3,12,0
4924602106915469,3130335,qlever-server-d,R,1,0,17466192,13740,11,8,0
4924602106915469,3130336,qlever-server-d,S,0,0,5031993,0,16,11,futex_do_wait
4924602106915469,3130337,qlever-server-d,S,0,0,5772193,0,4,15,futex_do_wait
4924602106915469,3130338,qlever-server-d,R,0,0,10084396,13970,2,4,0
4924602106915469,3130339,qlever-server-d,R,0,0,9533395,21560,11,5,0
4924602106915469,0,__system__,-,1024881528,7867991469,0,0,0,-1,-
4924602126942200,3128855,qlever-server-d,S,936,1591,25279315500,30777902,1912,1,futex_do_wait
4924602126942200,3128859,qlever-server-d,S,0,0,2762142,2553511,25,13,futex_do_wait
4924602126942200,3129400,qlever-server-d,R,996,8,10050490696,191800563,425,14,0
4924602126942200,3129401,qlever-server-d,R,999,7,10070204740,164978625,317,2,0
4924602126942200,3129402,qlever-server-d,R,1001,10,10124137774,119390537,703,15,0
4924602126942200,3129403,qlever-server-d,R,999,10,10098944524,144168835,563,13,0
4924602126942200,3129404,qlever-server-d,R,1008,9,10183092163,62626209,504,0,0
4924602126942200,3129405,qlever-server-d,R,1007,7,10158183842,85102997,535,1,0
4924602126942200,3129406,qlever-server-d,R,1004,8,10126510888,108644308,519,4,0
4924602126942200,3129407,qlever-server-d,R,998,8,10067978527,186019159,361,12,0
4924602126942200,3129408,qlever-server-d,S,0,0,15360,0,1,13,futex_do_wait
4924602126942200,3129409,qlever-server-d,S,0,0,163781,0,5,12,ep_poll
4924602126942200,3129410,qlever-server-d,S,0,0,435510,20000,10,3,futex_do_wait
4924602126942200,3129411,qlever-server-d,S,1,11,129510549,239799836,1158,0,futex_do_wait
4924602126942200,3129412,qlever-server-d,S,0,11,119059309,212425184,1011,7,futex_do_wait
4924602126942200,3129413,qlever-server-d,S,0,10,109139179,265134362,1172,8,futex_do_wait
4924602126942200,3129414,qlever-server-d,S,0,18,193652226,279435769,1336,2,futex_do_wait
4924602126942200,3129415,qlever-server-d,S,0,10,109751495,242588017,1195,1,futex_do_wait
4924602126942200,3129416,qlever-server-d,S,0,9,94093323,221983042,991,8,futex_do_wait
4924602126942200,3129417,qlever-server-d,S,1,13,148596312,313406542,1302,3,futex_do_wait
4924602126942200,3129418,qlever-server-d,S,0,16,173716643,232093326,1115,7,ep_poll
4924602126942200,3130333,qlever-server-d,S,0,0,14990,0,1,5,futex_do_wait
4924602126942200,3130334,qlever-server-d,S,0,0,526080,601980,5,12,futex_do_wait
4924602126942200,3130335,qlever-server-d,R,2,0,31900431,5115182,20,8,0
4924602126942200,3130336,qlever-server-d,R,0,0,7044176,5112392,25,6,0
4924602126942200,3130337,qlever-server-d,S,0,0,8506164,3810494,13,8,futex_do_wait
4924602126942200,3130338,qlever-server-d,R,2,0,27157454,2355332,13,6,0
4924602126942200,3130339,qlever-server-d,R,2,0,29310776,243900,13,5,0
4924602126942200,0,__system__,-,1024881559,7867991501,0,0,0,-1,-
4924602146942380,3128855,qlever-server-d,S,936,1591,25279315500,30777902,1912,1,futex_do_wait
4924602146942380,3128859,qlever-server-d,S,0,0,2762142,2553511,25,13,futex_do_wait
4924602146942380,3129400,qlever-server-d,R,998,8,10070554057,191862733,428,14,0
4924602146942380,3129401,qlever-server-d,R,1001,7,10090202781,164978625,317,2,0
4924602146942380,3129402,qlever-server-d,R,1003,10,10144137435,119390537,703,15,0
4924602146942380,3129403,qlever-server-d,R,1001,10,10118944935,144168835,563,13,0
4924602146942380,3129404,qlever-server-d,R,1010,9,10203089914,62626209,504,0,0
4924602146942380,3129405,qlever-server-d,R,1009,7,10178184113,85102997,535,1,0
4924602146942380,3129406,qlever-server-d,R,1006,8,10146511019,108644308,519,4,0
4924602146942380,3129407,qlever-server-d,R,1000,8,10087714958,186282989,364,12,0
4924602146942380,3129408,qlever-server-d,S,0,0,15360,0,1,13,futex_do_wait
4924602146942380,3129409,qlever-server-d,S,0,0,163781,0,5,12,ep_poll
4924602146942380,3129410,qlever-server-d,S,0,0,435510,20000,10,3,futex_do_wait
4924602146942380,3129411,qlever-server-d,S,1,11,129510549,239799836,1158,0,futex_do_wait
4924602146942380,3129412,qlever-server-d,S,0,11,119059309,212425184,1011,7,futex_do_wait
4924602146942380,3129413,qlever-server-d,S,0,10,109139179,265134362,1172,8,futex_do_wait
4924602146942380,3129414,qlever-server-d,S,0,18,193652226,279435769,1336,2,futex_do_wait
4924602146942380,3129415,qlever-server-d,S,0,10,109751495,242588017,1195,1,futex_do_wait
4924602146942380,3129416,qlever-server-d,S,0,9,94093323,221983042,991,8,futex_do_wait
4924602146942380,3129417,qlever-server-d,S,1,13,148596312,313406542,1302,3,futex_do_wait
4924602146942380,3129418,qlever-server-d,S,0,16,173716643,232093326,1115,7,ep_poll
4924602146942380,3130333,qlever-server-d,S,0,0,54590,10700,2,5,futex_do_wait
4924602146942380,3130334,qlever-server-d,S,0,0,789910,621210,8,12,futex_do_wait
4924602146942380,3130335,qlever-server-d,R,4,0,47427241,6976152,34,8,0
4924602146942380,3130336,qlever-server-d,S,0,0,9636638,6023782,33,6,futex_do_wait
4924602146942380,3130337,qlever-server-d,S,0,0,10367134,6609746,20,8,futex_do_wait
4924602146942380,3130338,qlever-server-d,R,4,0,44261193,5041884,23,6,0
4924602146942380,3130339,qlever-server-d,R,4,0,49118216,283500,17,5,0
4924602146942380,0,__system__,-,1024881591,7867991533,0,0,0,-1,-
4924602176997716,3128855,qlever-server-d,S,936,1591,25279315500,30777902,1912,1,futex_do_wait
4924602176997716,3128859,qlever-server-d,S,0,0,2762142,2553511,25,13,futex_do_wait
4924602176997716,3129400,qlever-server-d,R,1001,8,10100368584,191924033,431,14,0
4924602176997716,3129401,qlever-server-d,R,1004,7,10120203288,164978625,317,2,0
4924602176997716,3129402,qlever-server-d,R,1006,10,10174139552,119390537,703,15,0
4924602176997716,3129403,qlever-server-d,R,1004,10,10147949731,144168835,563,13,0
4924602176997716,3129404,qlever-server-d,R,1013,9,10233091711,62626209,504,0,0
4924602176997716,3129405,qlever-server-d,R,1012,7,10208185710,85102997,535,1,0
4924602176997716,3129406,qlever-server-d,R,1009,8,10176512026,108644308,519,4,0
4924602176997716,3129407,qlever-server-d,R,1003,8,10117559655,186438689,366,12,0
4924602176997716,3129408,qlever-server-d,S,0,0,15360,0,1,13,futex_do_wait
4924602176997716,3129409,qlever-server-d,S,0,0,163781,0,5,12,ep_poll
4924602176997716,3129410,qlever-server-d,S,0,0,435510,20000,10,3,futex_do_wait
4924602176997716,3129411,qlever-server-d,S,1,11,129510549,239799836,1158,0,futex_do_wait
4924602176997716,3129412,qlever-server-d,S,0,11,119059309,212425184,1011,7,futex_do_wait
4924602176997716,3129413,qlever-server-d,S,0,10,109139179,265134362,1172,8,futex_do_wait
4924602176997716,3129414,qlever-server-d,S,0,18,193652226,279435769,1336,2,futex_do_wait
4924602176997716,3129415,qlever-server-d,S,0,10,109751495,242588017,1195,1,futex_do_wait
4924602176997716,3129416,qlever-server-d,S,0,9,94093323,221983042,991,8,futex_do_wait
4924602176997716,3129417,qlever-server-d,S,1,13,148596312,313406542,1302,3,futex_do_wait
4924602176997716,3129418,qlever-server-d,S,0,16,173716643,232093326,1115,7,ep_poll
4924602176997716,3130333,qlever-server-d,S,0,0,54590,10700,2,5,futex_do_wait
4924602176997716,3130334,qlever-server-d,S,0,0,945610,634960,10,12,futex_do_wait
4924602176997716,3130335,qlever-server-d,S,5,0,65118208,10029986,70,8,futex_do_wait
4924602176997716,3130336,qlever-server-d,S,0,0,12108758,7539384,42,6,futex_do_wait
4924602176997716,3130337,qlever-server-d,S,1,0,12808757,6733616,29,8,futex_do_wait
4924602176997716,3130338,qlever-server-d,R,6,0,70709249,7514004,32,6,0
4924602176997716,3130339,qlever-server-d,R,7,0,79376123,305800,21,5,0
4924602176997716,0,__system__,-,1024881639,7867991582,0,0,0,-1,-
4924602188953167,3128855,qlever-server-d,S,936,1591,25279315500,30777902,1912,1,futex_do_wait
4924602188953167,3128859,qlever-server-d,S,0,0,2762142,2553511,25,13,futex_do_wait
4924602188953167,3129400,qlever-server-d,R,1002,8,10112285071,192006783,435,14,0
4924602188953167,3129401,qlever-server-d,R,1005,7,10132051235,165127215,318,10,0
4924602188953167,3129402,qlever-server-d,R,1008,10,10186108979,119421737,704,15,0
4924602188953167,3129403,qlever-server-d,R,1005,10,10157490166,147625118,567,13,0
4924602188953167,3129404,qlever-server-d,R,1014,9,10244207747,63509550,505,0,0
4924602188953167,3129405,qlever-server-d,R,1014,7,10220163557,85124547,536,1,0
4924602188953167,3129406,qlever-server-d,R,1010,8,10188512373,108644308,519,4,0
4924602188953167,3129407,qlever-server-d,R,1004,8,10129493702,186505719,367,12,0
4924602188953167,3129408,qlever-server-d,S,0,0,15360,0,1,13,futex_do_wait
4924602188953167,3129409,qlever-server-d,S,0,0,163781,0,5,12,ep_poll
4924602188953167,3129410,qlever-server-d,S,0,0,435510,20000,10,3,futex_do_wait
4924602188953167,3129411,qlever-server-d,S,1,11,129510549,239799836,1158,0,futex_do_wait
4924602188953167,3129412,qlever-server-d,S,0,11,119059309,212425184,1011,7,futex_do_wait
4924602188953167,3129413,qlever-server-d,S,0,10,109139179,265134362,1172,8,futex_do_wait
4924602188953167,3129414,qlever-server-d,S,0,18,193652226,279435769,1336,2,futex_do_wait
4924602188953167,3129415,qlever-server-d,S,0,10,109751495,242588017,1195,1,futex_do_wait
4924602188953167,3129416,qlever-server-d,S,0,9,94093323,221983042,991,8,futex_do_wait
4924602188953167,3129417,qlever-server-d,S,1,13,148596312,313406542,1302,3,futex_do_wait
4924602188953167,3129418,qlever-server-d,S,0,16,173716643,232093326,1115,7,ep_poll
4924602188953167,3130333,qlever-server-d,S,0,0,80420,20780,3,5,futex_do_wait
4924602188953167,3130334,qlever-server-d,S,0,0,1012640,641580,11,12,futex_do_wait
4924602188953167,3130335,qlever-server-d,S,5,0,68048199,10948436,81,8,futex_do_wait
4924602188953167,3130336,qlever-server-d,S,1,0,12576258,7963044,44,8,futex_do_wait
4924602188953167,3130337,qlever-server-d,S,1,0,13259707,7177726,31,8,futex_do_wait
4924602188953167,3130338,qlever-server-d,S,7,0,76606572,13454868,36,6,futex_do_wait
4924602188953167,3130339,qlever-server-d,R,7,0,83682026,4638232,24,6,0
4924602188953167,0,__system__,-,1024881658,7867991602,0,0,0,-1,-
4924602208891279,3128855,qlever-server-d,S,936,1591,25279315500,30777902,1912,1,futex_do_wait
4924602208891279,3128859,qlever-server-d,S,0,0,2762142,2553511,25,13,futex_do_wait
4924602208891279,3129400,qlever-server-d,R,1004,8,10132144132,192148553,441,14,0
4924602208891279,3129401,qlever-server-d,R,1007,7,10152050876,165127215,318,10,0
4924602208891279,3129402,qlever-server-d,R,1009,10,10206067510,119461977,705,15,0
4924602208891279,3129403,qlever-server-d,R,1007,10,10176997677,148117448,568,13,0
4924602208891279,3129404,qlever-server-d,R,1016,9,10264207588,63509550,505,0,0
4924602208891279,3129405,qlever-server-d,R,1016,7,10240163238,85124547,536,1,0
4924602208891279,3129406,qlever-server-d,R,1012,8,10208512324,108644308,519,4,0
4924602208891279,3129407,qlever-server-d,R,1006,8,10149492913,186505719,367,12,0
4924602208891279,3129408,qlever-server-d,S,0,0,15360,0,1,13,futex_do_wait
4924602208891279,3129409,qlever-server-d,S,0,0,163781,0,5,12,ep_poll
4924602208891279,3129410,qlever-server-d,S,0,0,435510,20000,10,3,futex_do_wait
4924602208891279,3129411,qlever-server-d,S,1,11,129510549,239799836,1158,0,futex_do_wait
4924602208891279,3129412,qlever-server-d,S,0,11,119059309,212425184,1011,7,futex_do_wait
4924602208891279,3129413,qlever-server-d,S,0,10,109139179,265134362,1172,8,futex_do_wait
4924602208891279,3129414,qlever-server-d,S,0,18,193652226,279435769,1336,2,futex_do_wait
4924602208891279,3129415,qlever-server-d,S,0,10,109751495,242588017,1195,1,futex_do_wait
4924602208891279,3129416,qlever-server-d,S,0,9,94093323,221983042,991,8,futex_do_wait
4924602208891279,3129417,qlever-server-d,S,1,13,148596312,313406542,1302,3,futex_do_wait
4924602208891279,3129418,qlever-server-d,S,0,16,173716643,232093326,1115,7,ep_poll
4924602208891279,3130333,qlever-server-d,S,0,0,80420,20780,3,5,futex_do_wait
4924602208891279,3130334,qlever-server-d,S,0,0,1012640,641580,11,12,futex_do_wait
4924602208891279,3130335,qlever-server-d,S,6,0,73446622,11875836,98,8,futex_do_wait
4924602208891279,3130336,qlever-server-d,S,1,0,13045418,8395434,46,8,futex_do_wait
4924602208891279,3130337,qlever-server-d,S,1,0,13717947,7614786,33,8,futex_do_wait
4924602208891279,3130338,qlever-server-d,S,8,0,85683176,21987524,44,6,futex_do_wait
4924602208891279,3130339,qlever-server-d,R,8,0,92843322,14007507,32,6,0
4924602208891279,0,__system__,-,1024881687,7867991633,0,0,0,-1,-
4924602226945534,3128855,qlever-server-d,S,936,1591,25279315500,30777902,1912,1,futex_do_wait
4924602226945534,3128859,qlever-server-d,S,0,0,2762142,2553511,25,13,futex_do_wait
4924602226945534,3129400,qlever-server-d,R,1006,8,10150029562,192290263,447,14,0
4924602226945534,3129401,qlever-server-d,R,1009,7,10170052176,165127215,318,10,0
4924602226945534,3129402,qlever-server-d,R,1011,10,10224068570,119461977,705,15,0
4924602226945534,3129403,qlever-server-d,R,1009,10,10194998227,148117448,568,13,0
4924602226945534,3129404,qlever-server-d,R,1018,9,10282207268,63509550,505,0,0
4924602226945534,3129405,qlever-server-d,R,1017,7,10258163648,85124547,536,1,0
4924602226945534,3129406,qlever-server-d,R,1014,8,10226512854,108644308,519,4,0
4924602226945534,3129407,qlever-server-d,R,1008,8,10167376263,186623259,368,12,0
4924602226945534,3129408,qlever-server-d,S,0,0,15360,0,1,13,futex_do_wait
4924602226945534,3129409,qlever-server-d,S,0,0,163781,0,5,12,ep_poll
4924602226945534,3129410,qlever-server-d,S,0,0,435510,20000,10,3,futex_do_wait
4924602226945534,3129411,qlever-server-d,S,1,11,129510549,239799836,1158,0,futex_do_wait
4924602226945534,3129412,qlever-server-d,S,0,11,119059309,212425184,1011,7,futex_do_wait
4924602226945534,3129413,qlever-server-d,S,0,10,109139179,265134362,1172,8,futex_do_wait
4924602226945534,3129414,qlever-server-d,S,0,18,193652226,279435769,1336,2,futex_do_wait
4924602226945534,3129415,qlever-server-d,S,0,10,109751495,242588017,1195,1,futex_do_wait
4924602226945534,3129416,qlever-server-d,S,0,9,94093323,221983042,991,8,futex_do_wait
4924602226945534,3129417,qlever-server-d,S,1,13,148596312,313406542,1302,3,futex_do_wait
4924602226945534,3129418,qlever-server-d,S,0,16,173716643,232093326,1115,7,ep_poll
4924602226945534,3130333,qlever-server-d,S,0,0,80420,20780,3,5,futex_do_wait
4924602226945534,3130334,qlever-server-d,S,0,0,1199490,1156321,13,8,futex_do_wait
4924602226945534,3130335,qlever-server-d,S,7,1,82111178,14237296,114,8,futex_do_wait
4924602226945534,3130336,qlever-server-d,S,1,0,14408518,9256044,51,8,futex_do_wait
4924602226945534,3130337,qlever-server-d,S,1,0,14646997,8922836,38,8,futex_do_wait
4924602226945534,3130338,qlever-server-d,R,9,0,95891113,26568336,49,6,0
4924602226945534,3130339,qlever-server-d,S,9,0,103817176,21491993,44,2,futex_do_wait
4924602226945534,0,__system__,-,1024881714,7867991662,0,0,0,-1,-
4924602249886513,3128855,qlever-server-d,S,936,1591,25279315500,30777902,1912,1,futex_do_wait
4924602249886513,3128859,qlever-server-d,S,0,0,2762142,2553511,25,13,futex_do_wait
4924602249886513,3129400,qlever-server-d,R,1008,8,10172940455,192352763,449,14,0
4924602249886513,3129401,qlever-server-d,R,1011,7,10193051909,165127215,318,10,0
4924602249886513,3129402,qlever-server-d,R,1014,10,10247067913,119461977,705,15,0
4924602249886513,3129403,qlever-server-d,R,1011,10,10217998270,148117448,568,13,0
4924602249886513,3129404,qlever-server-d,R,1020,9,10305467461,63509550,505,0,0
4924602249886513,3129405,qlever-server-d,R,1020,7,10281164071,85124547,536,1,0
4924602249886513,3129406,qlever-server-d,R,1016,8,10249512837,108644308,519,4,0
4924602249886513,3129407,qlever-server-d,R,1010,8,10190375926,186623259,368,12,0
4924602249886513,3129408,qlever-server-d,S,0,0,15360,0,1,13,futex_do_wait
4924602249886513,3129409,qlever-server-d,S,0,0,163781,0,5,12,ep_poll
4924602249886513,3129410,qlever-server-d,S,0,0,435510,20000,10,3,futex_do_wait
4924602249886513,3129411,qlever-server-d,S,1,11,129510549,239799836,1158,0,futex_do_wait
4924602249886513,3129412,qlever-server-d,S,0,11,119059309,212425184,1011,7,futex_do_wait
4924602249886513,3129413,qlever-server-d,S,0,10,109139179,265134362,1172,8,futex_do_wait
4924602249886513,3129414,qlever-server-d,S,0,18,193652226,279435769,1336,2,futex_do_wait
4924602249886513,3129415,qlever-server-d,S,0,10,109751495,242588017,1195,1,futex_do_wait
4924602249886513,3129416,qlever-server-d,S,0,9,94093323,221983042,991,8,futex_do_wait
4924602249886513,3129417,qlever-server-d,S,1,13,148596312,313406542,1302,3,futex_do_wait
4924602249886513,3129418,qlever-server-d,S,0,16,173716643,232093326,1115,7,ep_poll
4924602249886513,3130333,qlever-server-d,S,0,0,104990,28190,4,5,futex_do_wait
4924602249886513,3130334,qlever-server-d,S,0,0,1297930,1164091,15,8,futex_do_wait
4924602249886513,3130335,qlever-server-d,S,8,1,94582905,18291709,129,8,futex_do_wait
4924602249886513,3130336,qlever-server-d,S,1,0,15972129,10933726,58,8,futex_do_wait
4924602249886513,3130337,qlever-server-d,S,1,0,16420699,10401766,45,8,futex_do_wait
4924602249886513,3130338,qlever-server-d,R,10,0,111951732,31919819,54,6,0
4924602249886513,3130339,qlever-server-d,S,10,0,116943413,26702237,65,6,futex_do_wait
4924602249886513,0,__system__,-,1024881749,7867991699,0,0,0,-1,-
4924602270094472,3128855,qlever-server-d,S,936,1591,25279315500,30777902,1912,1,futex_do_wait
4924602270094472,3128859,qlever-server-d,S,0,0,2762142,2553511,25,13,futex_do_wait
4924602270094472,3129400,qlever-server-d,R,1010,8,10192940166,192352763,449,14,0
4924602270094472,3129401,qlever-server-d,R,1013,7,10213052220,165127215,318,10,0
4924602270094472,3129402,qlever-server-d,R,1016,10,10267067814,119461977,705,15,0
4924602270094472,3129403,qlever-server-d,R,1013,10,10237874931,148240698,570,13,0
4924602270094472,3129404,qlever-server-d,R,1022,9,10325207682,63509550,505,0,0
4924602270094472,3129405,qlever-server-d,R,1022,7,10301164582,85124547,536,1,0
4924602270094472,3129406,qlever-server-d,R,1018,8,10269514118,108644308,519,4,0
4924602270094472,3129407,qlever-server-d,R,1012,8,10210376137,186623259,368,12,0
4924602270094472,3129408,qlever-server-d,S,0,0,15360,0,1,13,futex_do_wait
4924602270094472,3129409,qlever-server-d,S,0,0,163781,0,5,12,ep_poll
4924602270094472,3129410,qlever-server-d,S,0,0,435510,20000,10,3,futex_do_wait
4924602270094472,3129411,qlever-server-d,S,1,11,129510549,239799836,1158,0,futex_do_wait
4924602270094472,3129412,qlever-server-d,S,0,11,119059309,212425184,1011,7,futex_do_wait
4924602270094472,3129413,qlever-server-d,S,0,10,109139179,265134362,1172,8,futex_do_wait
4924602270094472,3129414,qlever-server-d,S,0,18,193652226,279435769,1336,2,futex_do_wait
4924602270094472,3129415,qlever-server-d,S,0,10,109751495,242588017,1195,1,futex_do_wait
4924602270094472,3129416,qlever-server-d,S,0,9,94093323,221983042,991,8,futex_do_wait
4924602270094472,3129417,qlever-server-d,S,1,13,148596312,313406542,1302,3,futex_do_wait
4924602270094472,3129418,qlever-server-d,S,0,16,173716643,232093326,1115,7,ep_poll
4924602270094472,3130333,qlever-server-d,S,0,0,104990,28190,4,5,futex_do_wait
4924602270094472,3130334,qlever-server-d,S,0,0,1349840,1167821,16,8,futex_do_wait
4924602270094472,3130335,qlever-server-d,S,9,1,101928467,20196490,147,8,futex_do_wait
4924602270094472,3130336,qlever-server-d,S,1,0,16935489,11791927,62,8,futex_do_wait
4924602270094472,3130337,qlever-server-d,S,1,0,17326650,12169666,49,8,futex_do_wait
4924602270094472,3130338,qlever-server-d,R,11,0,121504168,41928754,60,6,0
4924602270094472,3130339,qlever-server-d,R,11,0,125896728,31730170,70,6,0
4924602270094472,0,__system__,-,1024881778,7867991730,0,0,0,-1,-
4924602286935137,3128855,qlever-server-d,S,936,1591,25279315500,30777902,1912,1,futex_do_wait
4924602286935137,3128859,qlever-server-d,S,0,0,2762142,2553511,25,13,futex_do_wait
4924602286935137,3129400,qlever-server-d,R,1012,8,10209941435,192352763,449,14,0
4924602286935137,3129401,qlever-server-d,R,1015,7,10230053789,165127215,318,10,0
4924602286935137,3129402,qlever-server-d,R,1017,10,10283954583,119574907,708,15,0
4924602286935137,3129403,qlever-server-d,R,1015,10,10254772970,148342518,572,13,0
4924602286935137,3129404,qlever-server-d,R,1024,9,10342209961,63509550,505,0,0
4924602286935137,3129405,qlever-server-d,R,1023,7,10318060021,85230727,538,1,0
4924602286935137,3129406,qlever-server-d,R,1020,8,10286512657,108644308,519,4,0
4924602286935137,3129407,qlever-server-d,R,1014,8,10227376846,186623259,368,12,0
4924602286935137,3129408,qlever-server-d,S,0,0,15360,0,1,13,futex_do_wait
4924602286935137,3129409,qlever-server-d,S,0,0,163781,0,5,12,ep_poll
4924602286935137,3129410,qlever-server-d,S,0,0,435510,20000,10,3,futex_do_wait
4924602286935137,3129411,qlever-server-d,S,1,11,129510549,239799836,1158,0,futex_do_wait
4924602286935137,3129412,qlever-server-d,S,0,11,119059309,212425184,1011,7,futex_do_wait
4924602286935137,3129413,qlever-server-d,S,0,10,109139179,265134362,1172,8,futex_do_wait
4924602286935137,3129414,qlever-server-d,S,0,18,193652226,279435769,1336,2,futex_do_wait
4924602286935137,3129415,qlever-server-d,S,0,10,109751495,242588017,1195,1,futex_do_wait
4924602286935137,3129416,qlever-server-d,S,0,9,94093323,221983042,991,8,futex_do_wait
4924602286935137,3129417,qlever-server-d,S,1,13,148596312,313406542,1302,3,futex_do_wait
4924602286935137,3129418,qlever-server-d,S,0,16,173716643,232093326,1115,7,ep_poll
4924602286935137,3130333,qlever-server-d,S,0,0,124960,35280,5,5,futex_do_wait
4924602286935137,3130334,qlever-server-d,S,0,0,1432760,1177321,18,8,futex_do_wait
4924602286935137,3130335,qlever-server-d,R,10,1,112120214,23276151,160,8,0
4924602286935137,3130336,qlever-server-d,R,1,0,18654890,12990157,69,8,0
4924602286935137,3130337,qlever-server-d,R,1,0,18614630,13807896,57,8,0
4924602286935137,3130338,qlever-server-d,S,12,0,133257586,46204715,82,2,futex_do_wait
4924602286935137,3130339,qlever-server-d,R,13,0,140288885,36986873,73,6,0
4924602286935137,0,__system__,-,1024881804,7867991757,0,0,0,-1,-
4924602307096566,3128855,qlever-server-d,S,936,1591,25279315500,30777902,1912,1,futex_do_wait
4924602307096566,3128859,qlever-server-d,S,0,0,2762142,2553511,25,13,futex_do_wait
4924602307096566,3129400,qlever-server-d,R,1014,8,10229954376,192379803,450,14,0
4924602307096566,3129401,qlever-server-d,R,1017,7,10250052000,165127215,318,10,0
4924602307096566,3129402,qlever-server-d,R,1019,10,10303875024,119654347,710,15,0
4924602307096566,3129403,qlever-server-d,R,1017,10,10274686991,148428728,573,13,0
4924602307096566,3129404,qlever-server-d,R,1026,9,10362208442,63509550,505,0,0
4924602307096566,3129405,qlever-server-d,R,1025,7,10338058722,85230727,538,1,0
4924602307096566,3129406,qlever-server-d,R,1022,8,10306511678,108644308,519,4,0
4924602307096566,3129407,qlever-server-d,R,1016,8,10247659567,186623259,368,12,0
4924602307096566,3129408,qlever-server-d,S,0,0,15360,0,1,13,futex_do_wait
4924602307096566,3129409,qlever-server-d,S,0,0,163781,0,5,12,ep_poll
4924602307096566,3129410,qlever-server-d,S,0,0,435510,20000,10,3,futex_do_wait
4924602307096566,3129411,qlever-server-d,S,1,11,129510549,239799836,1158,0,futex_do_wait
4924602307096566,3129412,qlever-server-d,S,0,11,119059309,212425184,1011,7,futex_do_wait
4924602307096566,3129413,qlever-server-d,S,0,10,109139179,265134362,1172,8,futex_do_wait
4924602307096566,3129414,qlever-server-d,S,0,18,193652226,279435769,1336,2,futex_do_wait
4924602307096566,3129415,qlever-server-d,S,0,10,109751495,242588017,1195,1,futex_do_wait
4924602307096566,3129416,qlever-server-d,S,0,9,94093323,221983042,991,8,futex_do_wait
4924602307096566,3129417,qlever-server-d,S,1,13,148596312,313406542,1302,3,futex_do_wait
4924602307096566,3129418,qlever-server-d,S,0,16,173716643,232093326,1115,7,ep_poll
4924602307096566,3130333,qlever-server-d,S,0,0,124960,35280,5,5,futex_do_wait
4924602307096566,3130334,qlever-server-d,S,0,0,1529320,1638321,20,8,futex_do_wait
4924602307096566,3130335,qlever-server-d,R,11,1,127226632,27590794,170,8,0
4924602307096566,3130336,qlever-server-d,S,1,0,20470981,17466551,77,8,futex_do_wait
4924602307096566,3130337,qlever-server-d,S,1,0,20845652,15547767,65,8,futex_do_wait
4924602307096566,3130338,qlever-server-d,S,14,0,147862005,48519976,102,2,futex_do_wait
4924602307096566,3130339,qlever-server-d,R,15,0,158358675,38683844,76,6,0
4924602307096566,0,__system__,-,1024881836,7867991790,0,0,0,-1,-
4924602326951238,3128855,qlever-server-d,S,936,1591,25279315500,30777902,1912,1,futex_do_wait
4924602326951238,3128859,qlever-server-d,S,0,0,2762142,2553511,25,13,futex_do_wait
4924602326951238,3129400,qlever-server-d,R,1016,8,10249921987,192379803,450,14,0
4924602326951238,3129401,qlever-server-d,R,1019,7,10270054441,165127215,318,10,0
4924602326951238,3129402,qlever-server-d,R,1021,10,10323877305,119654347,710,15,0
4924602326951238,3129403,qlever-server-d,R,1019,10,10294688562,148428728,573,13,0
4924602326951238,3129404,qlever-server-d,R,1028,9,10382171613,63545990,506,0,0
4924602326951238,3129405,qlever-server-d,R,1027,7,10358057833,85230727,538,1,0
4924602326951238,3129406,qlever-server-d,R,1023,8,10318519995,114669501,522,4,0
4924602326951238,3129407,qlever-server-d,R,1018,8,10265203246,188796241,370,12,0
4924602326951238,3129408,qlever-server-d,S,0,0,15360,0,1,13,futex_do_wait
4924602326951238,3129409,qlever-server-d,S,0,0,163781,0,5,12,ep_poll
4924602326951238,3129410,qlever-server-d,S,0,0,435510,20000,10,3,futex_do_wait
4924602326951238,3129411,qlever-server-d,S,1,11,129510549,239799836,1158,0,futex_do_wait
4924602326951238,3129412,qlever-server-d,S,0,11,119059309,212425184,1011,7,futex_do_wait
4924602326951238,3129413,qlever-server-d,S,0,10,109139179,265134362,1172,8,futex_do_wait
4924602326951238,3129414,qlever-server-d,S,0,18,193652226,279435769,1336,2,futex_do_wait
4924602326951238,3129415,qlever-server-d,S,0,10,109751495,242588017,1195,1,futex_do_wait
4924602326951238,3129416,qlever-server-d,S,0,9,94093323,221983042,991,8,futex_do_wait
4924602326951238,3129417,qlever-server-d,S,1,13,148596312,313406542,1302,3,futex_do_wait
4924602326951238,3129418,qlever-server-d,S,0,16,173716643,232093326,1115,7,ep_poll
4924602326951238,3130333,qlever-server-d,S,0,0,124960,35280,5,5,futex_do_wait
4924602326951238,3130334,qlever-server-d,S,0,0,1639541,1648591,22,8,futex_do_wait
4924602326951238,3130335,qlever-server-d,S,12,1,138539918,30041076,179,8,futex_do_wait
4924602326951238,3130336,qlever-server-d,S,1,0,21862971,18359802,82,8,futex_do_wait
4924602326951238,3130337,qlever-server-d,S,2,0,21793723,16851207,70,8,futex_do_wait
4924602326951238,3130338,qlever-server-d,S,15,0,157104571,58023250,108,2,futex_do_wait
4924602326951238,3130339,qlever-server-d,R,16,0,170348552,41057045,86,6,0
4924602326951238,0,__system__,-,1024881867,7867991822,0,0,0,-1,-
4924602346979199,3128855,qlever-server-d,S,936,1591,25279315500,30777902,1912,1,futex_do_wait
4924602346979199,3128859,qlever-server-d,S,0,0,2762142,2553511,25,13,futex_do_wait
4924602346979199,3129400,qlever-server-d,R,1018,8,10269728348,192564883,453,14,0
4924602346979199,3129401,qlever-server-d,R,1021,7,10290051902,165127215,318,10,0
4924602346979199,3129402,qlever-server-d,R,1023,10,10343875796,119654347,710,15,0
4924602346979199,3129403,qlever-server-d,R,1021,10,10314650893,148465368,574,13,0
4924602346979199,3129404,qlever-server-d,R,1030,9,10402173624,63545990,506,0,0
4924602346979199,3129405,qlever-server-d,R,1029,7,10378059174,85230727,538,1,0
4924602346979199,3129406,qlever-server-d,R,1024,8,10328514450,126643668,526,4,0
4924602346979199,3129407,qlever-server-d,R,1020,8,10285203207,188796241,370,12,0
4924602346979199,3129408,qlever-server-d,S,0,0,15360,0,1,13,futex_do_wait
4924602346979199,3129409,qlever-server-d,S,0,0,163781,0,5,12,ep_poll
4924602346979199,3129410,qlever-server-d,S,0,0,435510,20000,10,3,futex_do_wait
4924602346979199,3129411,qlever-server-d,S,1,11,129510549,239799836,1158,0,futex_do_wait
4924602346979199,3129412,qlever-server-d,S,0,11,119059309,212425184,1011,7,futex_do_wait
4924602346979199,3129413,qlever-server-d,S,0,10,109139179,265134362,1172,8,futex_do_wait
4924602346979199,3129414,qlever-server-d,S,0,18,193652226,279435769,1336,2,futex_do_wait
4924602346979199,3129415,qlever-server-d,S,0,10,109751495,242588017,1195,1,futex_do_wait
4924602346979199,3129416,qlever-server-d,S,0,9,94093323,221983042,991,8,futex_do_wait
4924602346979199,3129417,qlever-server-d,S,1,13,148596312,313406542,1302,3,futex_do_wait
4924602346979199,3129418,qlever-server-d,S,0,16,173716643,232093326,1115,7,ep_poll
4924602346979199,3130333,qlever-server-d,S,0,0,144530,42360,6,5,futex_do_wait
4924602346979199,3130334,qlever-server-d,S,0,0,1781731,1659621,24,8,futex_do_wait
4924602346979199,3130335,qlever-server-d,R,13,1,152456127,34333297,193,8,0
4924602346979199,3130336,qlever-server-d,S,1,0,23758251,20769513,91,8,futex_do_wait
4924602346979199,3130337,qlever-server-d,S,2,0,24060904,19872518,79,8,futex_do_wait
4924602346979199,3130338,qlever-server-d,S,16,0,170853149,60189801,128,2,futex_do_wait
4924602346979199,3130339,qlever-server-d,R,18,0,187604991,42311425,92,6,0
4924602346979199,0,__system__,-,1024881897,7867991853,0,0,0,-1,-
4924602370105917,3128855,qlever-server-d,S,936,1591,25279315500,30777902,1912,1,futex_do_wait
4924602370105917,3128859,qlever-server-d,S,0,0,2762142,2553511,25,13,futex_do_wait
4924602370105917,3129400,qlever-server-d,R,1020,8,10292684551,192609413,454,14,0
4924602370105917,3129401,qlever-server-d,R,1023,7,10312998805,165181125,319,10,0
4924602370105917,3129402,qlever-server-d,R,1025,10,10366632959,119898187,711,15,0
4924602370105917,3129403,qlever-server-d,R,1023,10,10337620756,148496188,575,13,0
4924602370105917,3129404,qlever-server-d,R,1032,9,10425172637,63545990,506,0,0
4924602370105917,3129405,qlever-server-d,R,1032,7,10401058737,85230727,538,1,0
4924602370105917,3129406,qlever-server-d,R,1026,8,10345166641,132991450,530,4,0
4924602370105917,3129407,qlever-server-d,R,1022,8,10308203790,188796241,370,12,0
4924602370105917,3129408,qlever-server-d,S,0,0,15360,0,1,13,futex_do_wait
4924602370105917,3129409,qlever-server-d,S,0,0,163781,0,5,12,ep_poll
4924602370105917,3129410,qlever-server-d,S,0,0,435510,20000,10,3,futex_do_wait
4924602370105917,3129411,qlever-server-d,S,1,11,129510549,239799836,1158,0,futex_do_wait
4924602370105917,3129412,qlever-server-d,S,0,11,119059309,212425184,1011,7,futex_do_wait
4924602370105917,3129413,qlever-server-d,S,0,10,109139179,265134362,1172,8,futex_do_wait
4924602370105917,3129414,qlever-server-d,S,0,18,193652226,279435769,1336,2,futex_do_wait
4924602370105917,3129415,qlever-server-d,S,0,10,109751495,242588017,1195,1,futex_do_wait
4924602370105917,3129416,qlever-server-d,S,0,9,94093323,221983042,991,8,futex_do_wait
4924602370105917,3129417,qlever-server-d,S,1,13,148596312,313406542,1302,3,futex_do_wait
4924602370105917,3129418,qlever-server-d,S,0,16,173716643,232093326,1115,7,ep_poll
4924602370105917,3130333,qlever-server-d,S,0,0,144530,42360,6,5,futex_do_wait
4924602370105917,3130334,qlever-server-d,S,0,0,1869031,1667711,26,8,futex_do_wait
4924602370105917,3130335,qlever-server-d,S,15,1,167555485,37450099,211,8,futex_do_wait
4924602370105917,3130336,qlever-server-d,S,1,0,25496272,21999384,98,8,futex_do_wait
4924602370105917,3130337,qlever-server-d,S,2,0,25377055,22971720,86,8,futex_do_wait
4924602370105917,3130338,qlever-server-d,S,18,0,188436718,60827662,157,2,futex_do_wait
4924602370105917,3130339,qlever-server-d,R,19,0,208691363,44309666,99,6,0
4924602370105917,0,__system__,-,1024881934,7867991890,0,0,0,-1,-
4924602386923931,3128855,qlever-server-d,S,936,1591,25279315500,30777902,1912,1,futex_do_wait
4924602386923931,3128859,qlever-server-d,S,0,0,2762142,2553511,25,13,futex_do_wait
4924602386923931,3129400,qlever-server-d,R,1022,8,10309684461,192609413,454,14,0
4924602386923931,3129401,qlever-server-d,R,1025,7,10329998525,165181125,319,10,0
4924602386923931,3129402,qlever-server-d,R,1027,10,10383601749,119928357,712,15,0
4924602386923931,3129403,qlever-server-d,R,1024,10,10354454005,148661719,578,13,0
4924602386923931,3129404,qlever-server-d,R,1034,9,10442172277,63545990,506,0,0
4924602386923931,3129405,qlever-server-d,R,1033,7,10418059877,85230727,538,1,0
4924602386923931,3129406,qlever-server-d,R,1027,8,10362643771,132991450,530,4,0
4924602386923931,3129407,qlever-server-d,R,1024,8,10325203330,188796241,370,12,0
4924602386923931,3129408,qlever-server-d,S,0,0,15360,0,1,13,futex_do_wait
4924602386923931,3129409,qlever-server-d,S,0,0,163781,0,5,12,ep_poll
4924602386923931,3129410,qlever-server-d,S,0,0,435510,20000,10,3,futex_do_wait
4924602386923931,3129411,qlever-server-d,S,1,11,129510549,239799836,1158,0,futex_do_wait
4924602386923931,3129412,qlever-server-d,S,0,11,119059309,212425184,1011,7,futex_do_wait
4924602386923931,3129413,qlever-server-d,S,0,10,109139179,265134362,1172,8,futex_do_wait
4924602386923931,3129414,qlever-server-d,S,0,18,193652226,279435769,1336,2,futex_do_wait
4924602386923931,3129415,qlever-server-d,S,0,10,109751495,242588017,1195,1,futex_do_wait
4924602386923931,3129416,qlever-server-d,S,0,9,94093323,221983042,991,8,futex_do_wait
4924602386923931,3129417,qlever-server-d,S,1,13,148596312,313406542,1302,3,futex_do_wait
4924602386923931,3129418,qlever-server-d,S,0,16,173716643,232093326,1115,7,ep_poll
4924602386923931,3130333,qlever-server-d,S,0,0,166220,50200,7,5,futex_do_wait
4924602386923931,3130334,qlever-server-d,S,0,0,1960361,1688411,28,8,futex_do_wait
4924602386923931,3130335,qlever-server-d,S,16,1,177097120,39846662,226,8,futex_do_wait
4924602386923931,3130336,qlever-server-d,S,2,0,26517593,23222076,103,8,futex_do_wait
4924602386923931,3130337,qlever-server-d,S,2,0,26660967,23938941,91,8,futex_do_wait
4924602386923931,3130338,qlever-server-d,S,19,0,201228645,60827662,183,2,futex_do_wait
4924602386923931,3130339,qlever-server-d,R,21,1,223619221,46210178,107,6,0
4924602386923931,0,__system__,-,1024881959,7867991916,0,0,0,-1,-
4924602407112281,3128855,qlever-server-d,S,936,1591,25279315500,30777902,1912,1,futex_do_wait
4924602407112281,3128859,qlever-server-d,S,0,0,2762142,2553511,25,13,futex_do_wait
4924602407112281,3129400,qlever-server-d,R,1024,8,10329684132,192609413,454,14,0
4924602407112281,3129401,qlever-server-d,R,1027,7,10350001156,165181125,319,10,0
4924602407112281,3129402,qlever-server-d,R,1029,10,10403509170,120024077,714,15,0
4924602407112281,3129403,qlever-server-d,R,1026,10,10374454766,148661719,578,13,0
4924602407112281,3129404,qlever-server-d,R,1036,9,10462175228,63545990,506,0,0
4924602407112281,3129405,qlever-server-d,R,1035,7,10438061448,85230727,538,1,0
4924602407112281,3129406,qlever-server-d,R,1029,8,10382166432,132991450,530,4,0
4924602407112281,3129407,qlever-server-d,R,1026,8,10345204341,188796241,370,12,0
4924602407112281,3129408,qlever-server-d,S,0,0,15360,0,1,13,futex_do_wait
4924602407112281,3129409,qlever-server-d,S,0,0,163781,0,5,12,ep_poll
4924602407112281,3129410,qlever-server-d,S,0,0,435510,20000,10,3,futex_do_wait
4924602407112281,3129411,qlever-server-d,S,1,11,129510549,239799836,1158,0,futex_do_wait
4924602407112281,3129412,qlever-server-d,S,0,11,119059309,212425184,1011,7,futex_do_wait
4924602407112281,3129413,qlever-server-d,S,0,10,109139179,265134362,1172,8,futex_do_wait
4924602407112281,3129414,qlever-server-d,S,0,18,193652226,279435769,1336,2,futex_do_wait
4924602407112281,3129415,qlever-server-d,S,0,10,109751495,242588017,1195,1,futex_do_wait
4924602407112281,3129416,qlever-server-d,S,0,9,94093323,221983042,991,8,futex_do_wait
4924602407112281,3129417,qlever-server-d,S,1,13,148596312,313406542,1302,3,futex_do_wait
4924602407112281,3129418,qlever-server-d,S,0,16,173716643,232093326,1115,7,ep_poll
4924602407112281,3130333,qlever-server-d,S,0,0,166220,50200,7,5,futex_do_wait
4924602407112281,3130334,qlever-server-d,S,0,0,2005151,1692661,29,8,futex_do_wait
4924602407112281,3130335,qlever-server-d,S,17,1,189120317,42161653,239,8,futex_do_wait
4924602407112281,3130336,qlever-server-d,S,2,0,27855494,24095506,108,8,futex_do_wait
4924602407112281,3130337,qlever-server-d,S,2,0,27593267,25213172,96,8,futex_do_wait
4924602407112281,3130338,qlever-server-d,S,20,0,214349152,60827662,210,2,futex_do_wait
4924602407112281,3130339,qlever-server-d,R,23,1,242025241,47952749,108,6,0
4924602407112281,0,__system__,-,1024881990,7867991948,0,0,0,-1,-
4924602427094832,3128855,qlever-server-d,S,936,1591,25279315500,30777902,1912,1,futex_do_wait
4924602427094832,3128859,qlever-server-d,S,0,0,2762142,2553511,25,13,futex_do_wait
4924602427094832,3129400,qlever-server-d,R,1026,8,10349684803,192609413,454,14,0
4924602427094832,3129401,qlever-server-d,R,1029,7,10369998737,165181125,319,10,0
4924602427094832,3129402,qlever-server-d,R,1031,10,10423507451,120024077,714,15,0
4924602427094832,3129403,qlever-server-d,R,1028,10,10394356647,148759799,580,13,0
4924602427094832,3129404,qlever-server-d,R,1038,9,10482173809,63545990,506,0,0
4924602427094832,3129405,qlever-server-d,R,1037,7,10458060249,85230727,538,1,0
4924602427094832,3129406,qlever-server-d,R,1031,8,10402128263,133030560,531,4,0
4924602427094832,3129407,qlever-server-d,R,1028,8,10365205642,188796241,370,12,0
4924602427094832,3129408,qlever-server-d,S,0,0,15360,0,1,13,futex_do_wait
4924602427094832,3129409,qlever-server-d,S,0,0,163781,0,5,12,ep_poll
4924602427094832,3129410,qlever-server-d,S,0,0,435510,20000,10,3,futex_do_wait
4924602427094832,3129411,qlever-server-d,S,1,11,129510549,239799836,1158,0,futex_do_wait
4924602427094832,3129412,qlever-server-d,S,0,11,119059309,212425184,1011,7,futex_do_wait
4924602427094832,3129413,qlever-server-d,S,0,10,109139179,265134362,1172,8,futex_do_wait
4924602427094832,3129414,qlever-server-d,S,0,18,193652226,279435769,1336,2,futex_do_wait
4924602427094832,3129415,qlever-server-d,S,0,10,109751495,242588017,1195,1,futex_do_wait
4924602427094832,3129416,qlever-server-d,S,0,9,94093323,221983042,991,8,futex_do_wait
4924602427094832,3129417,qlever-server-d,S,1,13,148596312,313406542,1302,3,futex_do_wait
4924602427094832,3129418,qlever-server-d,S,0,16,173716643,232093326,1115,7,ep_poll
4924602427094832,3130333,qlever-server-d,S,0,0,166220,50200,7,5,futex_do_wait
4924602427094832,3130334,qlever-server-d,S,0,0,2112261,1702231,31,8,futex_do_wait
4924602427094832,3130335,qlever-server-d,S,18,1,201627646,45923173,257,8,futex_do_wait
4924602427094832,3130336,qlever-server-d,S,2,0,29244114,25805186,115,8,futex_do_wait
4924602427094832,3130337,qlever-server-d,S,2,0,29406077,29532744,102,8,futex_do_wait
4924602427094832,3130338,qlever-server-d,S,21,0,228187441,62263262,225,2,futex_do_wait
4924602427094832,3130339,qlever-server-d,R,24,1,258418470,51514061,114,6,0
4924602427094832,0,__system__,-,1024882021,7867991980,0,0,0,-1,-
4924602446950644,3128855,qlever-server-d,S,936,1591,25279315500,30777902,1912,1,futex_do_wait
4924602446950644,3128859,qlever-server-d,S,0,0,2762142,2553511,25,13,futex_do_wait
4924602446950644,3129400,qlever-server-d,R,1028,8,10369684514,192609413,454,14,0
4924602446950644,3129401,qlever-server-d,R,1031,7,10390001378,165181125,319,10,0
4924602446950644,3129402,qlever-server-d,R,1033,10,10443464842,120065537,715,15,0
4924602446950644,3129403,qlever-server-d,R,1030,10,10414308798,148806939,581,13,0
4924602446950644,3129404,qlever-server-d,R,1040,9,10502175020,63545990,506,0,0
4924602446950644,3129405,qlever-server-d,R,1039,7,10477921169,85369148,541,1,0
4924602446950644,3129406,qlever-server-d,R,1033,8,10422126884,133030560,531,4,0
4924602446950644,3129407,qlever-server-d,R,1030,8,10385203753,188796241,370,12,0
4924602446950644,3129408,qlever-server-d,S,0,0,15360,0,1,13,futex_do_wait
4924602446950644,3129409,qlever-server-d,S,0,0,163781,0,5,12,ep_poll
4924602446950644,3129410,qlever-server-d,S,0,0,435510,20000,10,3,futex_do_wait
4924602446950644,3129411,qlever-server-d,S,1,11,129510549,239799836,1158,0,futex_do_wait
4924602446950644,3129412,qlever-server-d,S,0,11,119059309,212425184,1011,7,futex_do_wait
4924602446950644,3129413,qlever-server-d,S,0,10,109139179,265134362,1172,8,futex_do_wait
4924602446950644,3129414,qlever-server-d,S,0,18,193652226,279435769,1336,2,futex_do_wait
4924602446950644,3129415,qlever-server-d,S,0,10,109751495,242588017,1195,1,futex_do_wait
4924602446950644,3129416,qlever-server-d,S,0,9,94093323,221983042,991,8,futex_do_wait
4924602446950644,3129417,qlever-server-d,S,1,13,148596312,313406542,1302,3,futex_do_wait
4924602446950644,3129418,qlever-server-d,S,0,16,173716643,232093326,1115,7,ep_poll
4924602446950644,3130333,qlever-server-d,S,0,0,191110,57990,8,5,futex_do_wait
4924602446950644,3130334,qlever-server-d,S,0,0,2204531,1713021,33,8,futex_do_wait
4924602446950644,3130335,qlever-server-d,S,19,1,216703595,49101473,268,8,futex_do_wait
4924602446950644,3130336,qlever-server-d,S,2,0,31021174,27026576,122,8,futex_do_wait
4924602446950644,3130337,qlever-server-d,S,2,0,30715047,31228124,109,8,futex_do_wait
4924602446950644,3130338,qlever-server-d,S,23,1,241280029,62263262,252,2,futex_do_wait
4924602446950644,3130339,qlever-server-d,R,26,1,276544920,53245082,115,6,0
4924602446950644,0,__system__,-,1024882052,7867992012,0,0,0,-1,-
4924602467162503,3128855,qlever-server-d,S,936,1591,25279315500,30777902,1912,1,futex_do_wait
4924602467162503,3128859,qlever-server-d,S,0,0,2762142,2553511,25,13,futex_do_wait
4924602467162503,3129400,qlever-server-d,R,1030,8,10389068745,193226333,455,14,0
4924602467162503,3129401,qlever-server-d,R,1033,7,10409999289,165181125,319,10,0
4924602467162503,3129402,qlever-server-d,R,1035,10,10463381493,120593827,721,15,0
4924602467162503,3129403,qlever-server-d,R,1032,10,10434309769,148806939,581,13,0
4924602467162503,3129404,qlever-server-d,R,1042,9,10522174991,63545990,506,0,0
4924602467162503,3129405,qlever-server-d,R,1041,7,10497824219,85465529,542,1,0
4924602467162503,3129406,qlever-server-d,R,1035,8,10441234204,133923881,534,4,0
4924602467162503,3129407,qlever-server-d,R,1032,8,10405051804,188949521,372,12,0
4924602467162503,3129408,qlever-server-d,S,0,0,15360,0,1,13,futex_do_wait
4924602467162503,3129409,qlever-server-d,S,0,0,163781,0,5,12,ep_poll
4924602467162503,3129410,qlever-server-d,S,0,0,435510,20000,10,3,futex_do_wait
4924602467162503,3129411,qlever-server-d,S,1,11,129510549,239799836,1158,0,futex_do_wait
4924602467162503,3129412,qlever-server-d,S,0,11,119059309,212425184,1011,7,futex_do_wait
4924602467162503,3129413,qlever-server-d,S,0,10,109139179,265134362,1172,8,futex_do_wait
4924602467162503,3129414,qlever-server-d,S,0,18,193652226,279435769,1336,2,futex_do_wait
4924602467162503,3129415,qlever-server-d,S,0,10,109751495,242588017,1195,1,futex_do_wait
4924602467162503,3129416,qlever-server-d,S,0,9,94093323,221983042,991,8,futex_do_wait
4924602467162503,3129417,qlever-server-d,S,1,13,148596312,313406542,1302,3,futex_do_wait
4924602467162503,3129418,qlever-server-d,S,0,16,173716643,232093326,1115,7,ep_poll
4924602467162503,3130333,qlever-server-d,S,0,0,191110,57990,8,5,futex_do_wait
4924602467162503,3130334,qlever-server-d,S,0,0,2204531,1713021,33,8,futex_do_wait
4924602467162503,3130335,qlever-server-d,R,20,1,224798909,54681766,285,6,0
4924602467162503,3130336,qlever-server-d,S,2,0,31468824,27855726,125,8,futex_do_wait
4924602467162503,3130337,qlever-server-d,S,2,0,31594397,31641164,112,8,futex_do_wait
4924602467162503,3130338,qlever-server-d,S,24,1,255895607,63664612,275,2,0
4924602467162503,3130339,qlever-server-d,R,28,1,294800400,54984683,116,6,0
4924602467162503,0,__system__,-,1024882083,7867992045,0,0,0,-1,-
4924602487728270,3128855,qlever-server-d,S,936,1591,25279315500,30777902,1912,1,futex_do_wait
4924602487728270,3128859,qlever-server-d,S,0,0,2762142,2553511,25,13,futex_do_wait
4924602487728270,3129400,qlever-server-d,R,1032,8,10410070407,193226333,455,14,0
4924602487728270,3129401,qlever-server-d,R,1035,7,10431002111,165181125,319,10,0
4924602487728270,3129402,qlever-server-d,R,1037,10,10483729245,120801627,726,15,0
4924602487728270,3129403,qlever-server-d,R,1034,10,10454493781,149623039,584,13,0
4924602487728270,3129404,qlever-server-d,R,1044,9,10543175123,63545990,506,0,0
4924602487728270,3129405,qlever-server-d,R,1044,7,10518826651,85465529,542,1,0
4924602487728270,3129406,qlever-server-d,R,1037,8,10462202726,133957181,535,4,0
4924602487728270,3129407,qlever-server-d,R,1033,8,10417004901,197995606,375,12,0
4924602487728270,3129408,qlever-server-d,S,0,0,15360,0,1,13,futex_do_wait
4924602487728270,3129409,qlever-server-d,S,0,0,163781,0,5,12,ep_poll
4924602487728270,3129410,qlever-server-d,S,0,0,435510,20000,10,3,futex_do_wait
4924602487728270,3129411,qlever-server-d,S,1,11,129510549,239799836,1158,0,futex_do_wait
4924602487728270,3129412,qlever-server-d,S,0,11,119059309,212425184,1011,7,futex_do_wait
4924602487728270,3129413,qlever-server-d,S,0,10,109139179,265134362,1172,8,futex_do_wait
4924602487728270,3129414,qlever-server-d,S,0,18,193652226,279435769,1336,2,futex_do_wait
4924602487728270,3129415,qlever-server-d,S,0,10,109751495,242588017,1195,1,futex_do_wait
4924602487728270,3129416,qlever-server-d,S,0,9,94093323,221983042,991,8,futex_do_wait
4924602487728270,3129417,qlever-server-d,S,1,13,148596312,313406542,1302,3,futex_do_wait
4924602487728270,3129418,qlever-server-d,S,0,16,173716643,232093326,1115,7,ep_poll
4924602487728270,3130333,qlever-server-d,S,0,0,209480,66270,9,5,futex_do_wait
4924602487728270,3130334,qlever-server-d,S,0,0,2285511,1754841,35,8,futex_do_wait
4924602487728270,3130335,qlever-server-d,S,21,1,230653441,59969990,304,8,futex_do_wait
4924602487728270,3130336,qlever-server-d,S,2,0,31919815,28276916,127,8,futex_do_wait
4924602487728270,3130337,qlever-server-d,S,2,0,32035197,32053855,114,8,futex_do_wait
4924602487728270,3130338,qlever-server-d,S,25,1,267179994,69450284,286,2,futex_do_wait
4924602487728270,3130339,qlever-server-d,R,29,1,306898107,63612038,123,6,0
4924602487728270,0,__system__,-,1024882112,7867992076,0,0,0,-1,-
4924602507092996,3128855,qlever-server-d,S,936,1591,25279315500,30777902,1912,1,futex_do_wait
4924602507092996,3128859,qlever-server-d,S,0,0,2762142,2553511,25,13,futex_do_wait
4924602507092996,3129400,qlever-server-d,R,1034,8,10429039187,193255793,456,14,0
4924602507092996,3129401,qlever-server-d,R,1037,7,10450001001,165181125,319,10,0
4924602507092996,3129402,qlever-server-d,R,1039,10,10502566475,120964607,732,15,0
4924602507092996,3129403,qlever-server-d,R,1036,10,10473494361,149623039,584,13,0
4924602507092996,3129404,qlever-server-d,R,1046,10,10562173903,63545990,506,0,0
4924602507092996,3129405,qlever-server-d,R,1045,7,10537797001,85495019,543,1,0
4924602507092996,3129406,qlever-server-d,R,1039,8,10480627795,134529952,536,6,0
4924602507092996,3129407,qlever-server-d,R,1034,8,10427797327,206196260,378,2,0
4924602507092996,3129408,qlever-server-d,S,0,0,15360,0,1,13,futex_do_wait
4924602507092996,3129409,qlever-server-d,S,0,0,163781,0,5,12,ep_poll
4924602507092996,3129410,qlever-server-d,S,0,0,435510,20000,10,3,futex_do_wait
4924602507092996,3129411,qlever-server-d,S,1,11,129510549,239799836,1158,0,futex_do_wait
4924602507092996,3129412,qlever-server-d,S,0,11,119059309,212425184,1011,7,futex_do_wait
4924602507092996,3129413,qlever-server-d,S,0,10,109139179,265134362,1172,8,futex_do_wait
4924602507092996,3129414,qlever-server-d,S,0,18,193652226,279435769,1336,2,futex_do_wait
4924602507092996,3129415,qlever-server-d,S,0,10,109751495,242588017,1195,1,futex_do_wait
4924602507092996,3129416,qlever-server-d,S,0,9,94093323,221983042,991,8,futex_do_wait
4924602507092996,3129417,qlever-server-d,S,1,13,148596312,313406542,1302,3,futex_do_wait
4924602507092996,3129418,qlever-server-d,S,0,16,173716643,232093326,1115,7,ep_poll
4924602507092996,3130333,qlever-server-d,S,0,0,209480,66270,9,5,futex_do_wait
4924602507092996,3130334,qlever-server-d,S,0,0,2285511,1754841,35,8,futex_do_wait
4924602507092996,3130335,qlever-server-d,S,21,1,236456102,63414442,318,8,futex_do_wait
4924602507092996,3130336,qlever-server-d,S,2,0,32376785,28280666,128,8,futex_do_wait
4924602507092996,3130337,qlever-server-d,S,2,0,32048487,32494525,115,8,futex_do_wait
4924602507092996,3130338,qlever-server-d,R,26,1,279712782,75519266,291,5,0
4924602507092996,3130339,qlever-server-d,R,30,1,320832545,66668369,133,5,0
4924602507092996,0,__system__,-,1024882140,7867992106,0,0,0,-1,-
4924602527084147,3128855,qlever-server-d,S,936,1591,25279315500,30777902,1912,1,futex_do_wait
4924602527084147,3128859,qlever-server-d,S,0,0,2762142,2553511,25,13,futex_do_wait
4924602527084147,3129400,qlever-server-d,R,1036,8,10449038378,193255793,456,14,0
4924602527084147,3129401,qlever-server-d,R,1039,7,10470000742,165181125,319,10,0
4924602527084147,3129402,qlever-server-d,R,1041,10,10522525906,121004977,733,15,0
4924602527084147,3129403,qlever-server-d,R,1038,10,10493493622,149623039,584,13,0
4924602527084147,3129404,qlever-server-d,R,1048,10,10582176134,63545990,506,0,0
4924602527084147,3129405,qlever-server-d,R,1047,7,10557796052,85495019,543,1,0
4924602527084147,3129406,qlever-server-d,R,1041,8,10498905235,136253303,537,6,0
4924602527084147,3129407,qlever-server-d,R,1036,8,10448210019,206196260,378,2,0
4924602527084147,3129408,qlever-server-d,S,0,0,15360,0,1,13,futex_do_wait
4924602527084147,3129409,qlever-server-d,S,0,0,163781,0,5,12,ep_poll
4924602527084147,3129410,qlever-server-d,S,0,0,435510,20000,10,3,futex_do_wait
4924602527084147,3129411,qlever-server-d,S,1,11,129510549,239799836,1158,0,futex_do_wait
4924602527084147,3129412,qlever-server-d,S,0,11,119059309,212425184,1011,7,futex_do_wait
4924602527084147,3129413,qlever-server-d,S,0,10,109139179,265134362,1172,8,futex_do_wait
4924602527084147,3129414,qlever-server-d,S,0,18,193652226,279435769,1336,2,futex_do_wait
4924602527084147,3129415,qlever-server-d,S,0,10,109751495,242588017,1195,1,futex_do_wait
4924602527084147,3129416,qlever-server-d,S,0,9,94093323,221983042,991,8,futex_do_wait
4924602527084147,3129417,qlever-server-d,S,1,13,148596312,313406542,1302,3,futex_do_wait
4924602527084147,3129418,qlever-server-d,S,0,16,173716643,232093326,1115,7,ep_poll
4924602527084147,3130333,qlever-server-d,S,0,0,209480,66270,9,5,futex_do_wait
4924602527084147,3130334,qlever-server-d,S,0,0,2341881,1891721,37,8,futex_do_wait
4924602527084147,3130335,qlever-server-d,S,22,1,240848445,67215484,337,5,futex_do_wait
4924602527084147,3130336,qlever-server-d,S,2,0,32400115,28742896,129,8,futex_do_wait
4924602527084147,3130337,qlever-server-d,S,2,0,32545437,32494525,116,8,futex_do_wait
4924602527084147,3130338,qlever-server-d,R,28,1,295961970,78946478,306,5,0
4924602527084147,3130339,qlever-server-d,R,31,1,330673131,73250902,153,5,0
4924602527084147,0,__system__,-,1024882170,7867992139,0,0,0,-1,-
4924602547090138,3128855,qlever-server-d,S,936,1591,25279315500,30777902,1912,1,futex_do_wait
4924602547090138,3128859,qlever-server-d,S,0,0,2762142,2553511,25,13,futex_do_wait
4924602547090138,3129400,qlever-server-d,R,1038,8,10468969600,193325393,457,14,0
4924602547090138,3129401,qlever-server-d,R,1041,7,10489999914,165181125,319,10,0
4924602547090138,3129402,qlever-server-d,R,1043,10,10542527148,121004977,733,15,0
4924602547090138,3129403,qlever-server-d,R,1040,10,10513495224,149623039,584,13,0
4924602547090138,3129404,qlever-server-d,R,1050,10,10602174046,63545990,506,0,0
4924602547090138,3129405,qlever-server-d,R,1049,7,10577678514,85611949,545,1,0
4924602547090138,3129406,qlever-server-d,R,1043,8,10517217346,137940504,538,6,0
4924602547090138,3129407,qlever-server-d,R,1038,8,10467018030,206975460,379,2,0
4924602547090138,3129408,qlever-server-d,S,0,0,15360,0,1,13,futex_do_wait
4924602547090138,3129409,qlever-server-d,S,0,0,163781,0,5,12,ep_poll
4924602547090138,3129410,qlever-server-d,S,0,0,435510,20000,10,3,futex_do_wait
4924602547090138,3129411,qlever-server-d,S,1,11,129510549,239799836,1158,0,futex_do_wait
4924602547090138,3129412,qlever-server-d,S,0,11,119059309,212425184,1011,7,futex_do_wait
4924602547090138,3129413,qlever-server-d,S,0,10,109139179,265134362,1172,8,futex_do_wait
4924602547090138,3129414,qlever-server-d,S,0,18,193652226,279435769,1336,2,futex_do_wait
4924602547090138,3129415,qlever-server-d,S,0,10,109751495,242588017,1195,1,futex_do_wait
4924602547090138,3129416,qlever-server-d,S,0,9,94093323,221983042,991,8,futex_do_wait
4924602547090138,3129417,qlever-server-d,S,1,13,148596312,313406542,1302,3,futex_do_wait
4924602547090138,3129418,qlever-server-d,S,0,16,173716643,232093326,1115,7,ep_poll
4924602547090138,3130333,qlever-server-d,S,0,0,234100,1537641,10,5,futex_do_wait
4924602547090138,3130334,qlever-server-d,S,0,0,2341881,1891721,37,8,futex_do_wait
4924602547090138,3130335,qlever-server-d,R,22,2,246935598,69389515,356,7,0
4924602547090138,3130336,qlever-server-d,S,2,0,32916455,29251826,131,7,futex_do_wait
4924602547090138,3130337,qlever-server-d,S,2,0,33081307,32981605,118,7,futex_do_wait
4924602547090138,3130338,qlever-server-d,R,29,1,305742596,89259723,317,5,0
4924602547090138,3130339,qlever-server-d,R,32,1,340771366,81951768,162,5,0
4924602547090138,0,__system__,-,1024882200,7867992172,0,0,0,-1,-
4924602567082908,3128855,qlever-server-d,S,936,1591,25279315500,30777902,1912,1,futex_do_wait
4924602567082908,3128859,qlever-server-d,S,0,0,2762142,2553511,25,13,futex_do_wait
4924602567082908,3129400,qlever-server-d,R,1040,8,10489208631,193368823,458,14,0
4924602567082908,3129401,qlever-server-d,R,1043,7,10510001965,165181125,319,10,0
4924602567082908,3129402,qlever-server-d,R,1045,10,10562043709,121489407,735,15,0
4924602567082908,3129403,qlever-server-d,R,1042,10,10533495635,149623039,584,13,0
4924602567082908,3129404,qlever-server-d,R,1052,10,10622174207,63545990,506,0,0
4924602567082908,3129405,qlever-server-d,R,1051,7,10597678485,85611949,545,1,0
4924602567082908,3129406,qlever-server-d,R,1044,8,10535537847,139620824,539,6,0
4924602567082908,3129407,qlever-server-d,R,1040,8,10487017761,206975460,379,2,0
4924602567082908,3129408,qlever-server-d,S,0,0,15360,0,1,13,futex_do_wait
4924602567082908,3129409,qlever-server-d,S,0,0,163781,0,5,12,ep_poll
4924602567082908,3129410,qlever-server-d,S,0,0,435510,20000,10,3,futex_do_wait
4924602567082908,3129411,qlever-server-d,S,1,11,129510549,239799836,1158,0,futex_do_wait
4924602567082908,3129412,qlever-server-d,S,0,11,119059309,212425184,1011,7,futex_do_wait
4924602567082908,3129413,qlever-server-d,S,0,10,109139179,265134362,1172,8,futex_do_wait
4924602567082908,3129414,qlever-server-d,S,0,18,193652226,279435769,1336,2,futex_do_wait
4924602567082908,3129415,qlever-server-d,S,0,10,109751495,242588017,1195,1,futex_do_wait
4924602567082908,3129416,qlever-server-d,S,0,9,94093323,221983042,991,8,futex_do_wait
4924602567082908,3129417,qlever-server-d,S,1,13,148596312,313406542,1302,3,futex_do_wait
4924602567082908,3129418,qlever-server-d,S,0,16,173716643,232093326,1115,7,ep_poll
4924602567082908,3130333,qlever-server-d,S,0,0,234100,1537641,10,5,futex_do_wait
4924602567082908,3130334,qlever-server-d,S,0,0,2458751,1902991,40,7,futex_do_wait
4924602567082908,3130335,qlever-server-d,R,23,2,260710916,74666057,371,7,0
4924602567082908,3130336,qlever-server-d,S,2,0,35109355,30816847,138,7,futex_do_wait
4924602567082908,3130337,qlever-server-d,S,3,0,34702608,36222656,125,7,futex_do_wait
4924602567082908,3130338,qlever-server-d,R,29,1,314593631,99481429,324,5,0
4924602567082908,3130339,qlever-server-d,R,33,1,351627922,89672163,169,5,0
4924602567082908,0,__system__,-,1024882228,7867992202,0,0,0,-1,-
4924602590093937,3128855,qlever-server-d,S,936,1591,25279315500,30777902,1912,1,futex_do_wait
4924602590093937,3128859,qlever-server-d,S,0,0,2762142,2553511,25,13,futex_do_wait
4924602590093937,3129400,qlever-server-d,R,1042,8,10511886583,193408733,459,14,0
4924602590093937,3129401,qlever-server-d,R,1045,7,10533000107,165181125,319,10,0
4924602590093937,3129402,qlever-server-d,R,1047,10,10584969331,121562747,737,15,0
4924602590093937,3129403,qlever-server-d,R,1044,10,10556406747,149710359,586,13,0
4924602590093937,3129404,qlever-server-d,R,1054,10,10645174719,63545990,506,0,0
4924602590093937,3129405,qlever-server-d,R,1054,7,10620908308,85611949,545,1,0
4924602590093937,3129406,qlever-server-d,R,1046,8,10555327447,142833116,541,6,0
4924602590093937,3129407,qlever-server-d,R,1042,8,10509934173,207054640,381,11,0
4924602590093937,3129408,qlever-server-d,S,0,0,15360,0,1,13,futex_do_wait
4924602590093937,3129409,qlever-server-d,S,0,0,163781,0,5,12,ep_poll
4924602590093937,3129410,qlever-server-d,S,0,0,435510,20000,10,3,futex_do_wait
4924602590093937,3129411,qlever-server-d,S,1,11,129510549,239799836,1158,0,futex_do_wait
4924602590093937,3129412,qlever-server-d,S,0,11,119059309,212425184,1011,7,futex_do_wait
4924602590093937,3129413,qlever-server-d,S,0,10,109139179,265134362,1172,8,futex_do_wait
4924602590093937,3129414,qlever-server-d,S,0,18,193652226,279435769,1336,2,futex_do_wait
4924602590093937,3129415,qlever-server-d,S,0,10,109751495,242588017,1195,1,futex_do_wait
4924602590093937,3129416,qlever-server-d,S,0,9,94093323,221983042,991,8,futex_do_wait
4924602590093937,3129417,qlever-server-d,S,1,13,148596312,313406542,1302,3,futex_do_wait
4924602590093937,3129418,qlever-server-d,S,0,16,173716643,232093326,1115,7,ep_poll
4924602590093937,3130333,qlever-server-d,S,0,0,259240,4465413,11,5,futex_do_wait
4924602590093937,3130334,qlever-server-d,S,0,0,2502031,1909821,41,7,futex_do_wait
4924602590093937,3130335,qlever-server-d,R,24,2,272543965,79867258,386,7,0
4924602590093937,3130336,qlever-server-d,R,3,0,37865516,36194339,148,7,0
4924602590093937,3130337,qlever-server-d,R,3,0,38259139,40105378,135,7,0
4924602590093937,3130338,qlever-server-d,R,31,1,327427358,108758845,330,5,0
4924602590093937,3130339,qlever-server-d,R,34,1,361779568,102513450,176,5,0
4924602590093937,0,__system__,-,1024882262,7867992239,0,0,0,-1,-
4924602606987811,3128855,qlever-server-d,S,936,1591,25279315500,30777902,1912,1,futex_do_wait
4924602606987811,3128859,qlever-server-d,S,0,0,2762142,2553511,25,13,futex_do_wait
4924602606987811,3129400,qlever-server-d,R,1044,8,10528887103,193408733,459,14,0
4924602606987811,3129401,qlever-server-d,R,1046,8,10550000887,165181125,319,10,0
4924602606987811,3129402,qlever-server-d,R,1049,11,10601896361,121637157,739,15,0
4924602606987811,3129403,qlever-server-d,R,1046,10,10573376667,149799459,588,13,0
4924602606987811,3129404,qlever-server-d,R,1056,10,10662174699,63545990,506,0,0
4924602606987811,3129405,qlever-server-d,R,1055,7,10637679267,85611949,545,1,0
4924602606987811,3129406,qlever-server-d,R,1048,8,10570471796,144546227,542,6,0
4924602606987811,3129407,qlever-server-d,R,1044,8,10526934273,207054640,381,11,0
4924602606987811,3129408,qlever-server-d,S,0,0,15360,0,1,13,futex_do_wait
4924602606987811,3129409,qlever-server-d,S,0,0,163781,0,5,12,ep_poll
4924602606987811,3129410,qlever-server-d,S,0,0,435510,20000,10,3,futex_do_wait
4924602606987811,3129411,qlever-server-d,S,1,11,129510549,239799836,1158,0,futex_do_wait
4924602606987811,3129412,qlever-server-d,S,0,11,119059309,212425184,1011,7,futex_do_wait
4924602606987811,3129413,qlever-server-d,S,0,10,109139179,265134362,1172,8,futex_do_wait
4924602606987811,3129414,qlever-server-d,S,0,18,193652226,279435769,1336,2,futex_do_wait
4924602606987811,3129415,qlever-server-d,S,0,10,109751495,242588017,1195,1,futex_do_wait
4924602606987811,3129416,qlever-server-d,S,0,9,94093323,221983042,991,8,futex_do_wait
4924602606987811,3129417,qlever-server-d,S,1,13,148596312,313406542,1302,3,futex_do_wait
4924602606987811,3129418,qlever-server-d,S,0,16,173716643,232093326,1115,7,ep_poll
4924602606987811,3130333,qlever-server-d,S,0,0,259240,4465413,11,5,futex_do_wait
4924602606987811,3130334,qlever-server-d,S,0,0,2548281,1913351,42,7,futex_do_wait
4924602606987811,3130335,qlever-server-d,S,25,2,282282669,87898864,396,7,futex_do_wait
4924602606987811,3130336,qlever-server-d,S,3,0,41538241,39663900,157,7,futex_do_wait
4924602606987811,3130337,qlever-server-d,S,3,0,41437929,43689843,147,7,futex_do_wait
4924602606987811,3130338,qlever-server-d,R,31,1,335665471,116261900,337,5,0
4924602606987811,3130339,qlever-server-d,S,35,1,370484374,109219393,182,5,futex_do_wait
4924602606987811,0,__system__,-,1024882289,7867992268,0,0,0,-1,-
4924602626937132,3128855,qlever-server-d,S,936,1591,25279315500,30777902,1912,1,futex_do_wait
4924602626937132,3128859,qlever-server-d,S,0,0,2762142,2553511,25,13,futex_do_wait
4924602626937132,3129400,qlever-server-d,R,1046,8,10548886784,193408733,459,14,0
4924602626937132,3129401,qlever-server-d,R,1048,8,10570000828,165181125,319,10,0
4924602626937132,3129402,qlever-server-d,R,1051,11,10621847932,121685187,740,15,0
4924602626937132,3129403,qlever-server-d,R,1048,10,10593318218,149799459,588,13,0
4924602626937132,3129404,qlever-server-d,R,1058,10,10682107620,63667780,510,0,0
4924602626937132,3129405,qlever-server-d,R,1057,7,10657680238,85611949,545,1,0
4924602626937132,3129406,qlever-server-d,R,1050,8,10588694806,146322078,543,6,0
4924602626937132,3129407,qlever-server-d,R,1046,8,10546893664,207096390,382,11,0
4924602626937132,3129408,qlever-server-d,S,0,0,15360,0,1,13,futex_do_wait
4924602626937132,3129409,qlever-server-d,S,0,0,163781,0,5,12,ep_poll
4924602626937132,3129410,qlever-server-d,S,0,0,435510,20000,10,3,futex_do_wait
4924602626937132,3129411,qlever-server-d,S,1,11,129510549,239799836,1158,0,futex_do_wait
4924602626937132,3129412,qlever-server-d,S,0,11,119059309,212425184,1011,7,futex_do_wait
4924602626937132,3129413,qlever-server-d,S,0,10,109139179,265134362,1172,8,futex_do_wait
4924602626937132,3129414,qlever-server-d,S,0,18,193652226,279435769,1336,2,futex_do_wait
4924602626937132,3129415,qlever-server-d,S,0,10,109751495,242588017,1195,1,futex_do_wait
4924602626937132,3129416,qlever-server-d,S,0,9,94093323,221983042,991,8,futex_do_wait
4924602626937132,3129417,qlever-server-d,S,1,13,148596312,313406542,1302,3,futex_do_wait
4924602626937132,3129418,qlever-server-d,S,0,16,173716643,232093326,1115,7,ep_poll
4924602626937132,3130333,qlever-server-d,S,0,0,259240,4465413,11,5,futex_do_wait
4924602626937132,3130334,qlever-server-d,S,0,0,2599711,1920421,43,7,futex_do_wait
4924602626937132,3130335,qlever-server-d,R,26,2,291746135,93533496,408,7,0
4924602626937132,3130336,qlever-server-d,R,3,0,42645611,40742720,161,7,0
4924602626937132,3130337,qlever-server-d,S,3,0,42576629,44750393,151,7,futex_do_wait
4924602626937132,3130338,qlever-server-d,R,32,1,345255724,122751345,343,5,0
4924602626937132,3130339,qlever-server-d,R,36,1,380854043,116745035,189,5,0
4924602626937132,0,__system__,-,1024882318,7867992299,0,0,0,-1,-
4924602646964013,3128855,qlever-server-d,S,936,1591,25279315500,30777902,1912,1,futex_do_wait
4924602646964013,3128859,qlever-server-d,S,0,0,2762142,2553511,25,13,futex_do_wait
4924602646964013,3129400,qlever-server-d,R,1048,8,10568859215,193437063,460,14,0
4924602646964013,3129401,qlever-server-d,R,1050,8,10589967389,165214885,320,10,0
4924602646964013,3129402,qlever-server-d,R,1053,11,10641686103,121848477,744,15,0
4924602646964013,3129403,qlever-server-d,R,1050,10,10613249339,149868629,590,13,0
4924602646964013,3129404,qlever-server-d,R,1060,10,10702031481,63685900,511,8,0
4924602646964013,3129405,qlever-server-d,R,1059,7,10677679709,85611949,545,1,0
4924602646964013,3129406,qlever-server-d,R,1052,8,10607023686,147997019,544,6,0
4924602646964013,3129407,qlever-server-d,R,1048,8,10566862745,207125840,383,11,0
4924602646964013,3129408,qlever-server-d,S,0,0,15360,0,1,13,futex_do_wait
4924602646964013,3129409,qlever-server-d,S,0,0,163781,0,5,12,ep_poll
4924602646964013,3129410,qlever-server-d,S,0,0,435510,20000,10,3,futex_do_wait
4924602646964013,3129411,qlever-server-d,S,1,11,129510549,239799836,1158,0,futex_do_wait
4924602646964013,3129412,qlever-server-d,S,0,11,119059309,212425184,1011,7,futex_do_wait
4924602646964013,3129413,qlever-server-d,S,0,10,109139179,265134362,1172,8,futex_do_wait
4924602646964013,3129414,qlever-server-d,S,0,18,193652226,279435769,1336,2,futex_do_wait
4924602646964013,3129415,qlever-server-d,S,0,10,109751495,242588017,1195,1,futex_do_wait
4924602646964013,3129416,qlever-server-d,S,0,9,94093323,221983042,991,8,futex_do_wait
4924602646964013,3129417,qlever-server-d,S,1,13,148596312,313406542,1302,3,futex_do_wait
4924602646964013,3129418,qlever-server-d,S,0,16,173716643,232093326,1115,7,ep_poll
4924602646964013,3130333,qlever-server-d,S,0,0,280760,4468873,12,5,futex_do_wait
4924602646964013,3130334,qlever-server-d,S,0,0,2648301,1925991,44,7,futex_do_wait
4924602646964013,3130335,qlever-server-d,R,27,2,299497809,101243680,418,7,0
4924602646964013,3130336,qlever-server-d,S,3,0,44364373,45360503,167,7,futex_do_wait
4924602646964013,3130337,qlever-server-d,S,4,0,44122600,50199346,156,7,futex_do_wait
4924602646964013,3130338,qlever-server-d,R,33,1,355335350,133294461,351,5,0
4924602646964013,3130339,qlever-server-d,R,37,1,390726318,125308369,197,5,0
4924602646964013,0,__system__,-,1024882348,7867992331,0,0,0,-1,-
4924602666950494,3128855,qlever-server-d,S,936,1591,25279315500,30777902,1912,1,futex_do_wait
4924602666950494,3128859,qlever-server-d,S,0,0,2762142,2553511,25,13,futex_do_wait
4924602666950494,3129400,qlever-server-d,R,1050,8,10588859136,193437063,460,14,0
4924602666950494,3129401,qlever-server-d,R,1052,8,10609967850,165214885,320,10,0
4924602666950494,3129402,qlever-server-d,R,1054,11,10661684244,121848477,744,15,0
4924602666950494,3129403,qlever-server-d,R,1052,10,10633249550,149868629,590,13,0
4924602666950494,3129404,qlever-server-d,R,1062,10,10722033602,63685900,511,8,0
4924602666950494,3129405,qlever-server-d,R,1061,8,10697679650,85611949,545,1,0
4924602666950494,3129406,qlever-server-d,R,1053,8,10625288196,149729870,545,6,0
4924602666950494,3129407,qlever-server-d,R,1050,8,10586824906,207164750,384,11,0
4924602666950494,3129408,qlever-server-d,S,0,0,15360,0,1,13,futex_do_wait
4924602666950494,3129409,qlever-server-d,S,0,0,163781,0,5,12,ep_poll
4924602666950494,3129410,qlever-server-d,S,0,0,435510,20000,10,3,futex_do_wait
4924602666950494,3129411,qlever-server-d,S,1,11,129510549,239799836,1158,0,futex_do_wait
4924602666950494,3129412,qlever-server-d,S,0,11,119059309,212425184,1011,7,futex_do_wait
4924602666950494,3129413,qlever-server-d,S,0,10,109139179,265134362,1172,8,futex_do_wait
4924602666950494,3129414,qlever-server-d,S,0,18,193652226,279435769,1336,2,futex_do_wait
4924602666950494,3129415,qlever-server-d,S,0,10,109751495,242588017,1195,1,futex_do_wait
4924602666950494,3129416,qlever-server-d,S,0,9,94093323,221983042,991,8,futex_do_wait
4924602666950494,3129417,qlever-server-d,S,1,13,148596312,313406542,1302,3,futex_do_wait
4924602666950494,3129418,qlever-server-d,S,0,16,173716643,232093326,1115,7,ep_poll
4924602666950494,3130333,qlever-server-d,S,0,0,280760,4468873,12,5,futex_do_wait
4924602666950494,3130334,qlever-server-d,S,0,0,2696281,2987501,45,7,futex_do_wait
4924602666950494,3130335,qlever-server-d,R,27,2,305846061,111110667,424,7,0
4924602666950494,3130336,qlever-server-d,S,3,0,47047195,51483787,175,7,futex_do_wait
4924602666950494,3130337,qlever-server-d,S,4,0,46239722,53752199,163,7,futex_do_wait
4924602666950494,3130338,qlever-server-d,S,34,2,369281589,139216403,362,2,futex_do_wait
4924602666950494,3130339,qlever-server-d,R,38,1,405692225,130186012,204,5,0
4924602666950494,0,__system__,-,1024882379,7867992363,0,0,0,-1,-
4924602686927505,3128855,qlever-server-d,S,936,1591,25279315500,30777902,1912,1,futex_do_wait
4924602686927505,3128859,qlever-server-d,S,0,0,2762142,2553511,25,13,futex_do_wait
4924602686927505,3129400,qlever-server-d,R,1052,8,10608674247,193621953,461,14,0
4924602686927505,3129401,qlever-server-d,R,1054,8,10629938221,165244015,321,10,0
4924602686927505,3129402,qlever-server-d,R,1056,11,10681684465,121848477,744,15,0
4924602686927505,3129403,qlever-server-d,R,1054,10,10653212341,149905539,591,13,0
4924602686927505,3129404,qlever-server-d,R,1063,10,10742034583,63685900,511,8,0
4924602686927505,3129405,qlever-server-d,R,1063,8,10717680081,85611949,545,1,0
4924602686927505,3129406,qlever-server-d,R,1055,8,10643474726,151539021,548,6,0
4924602686927505,3129407,qlever-server-d,R,1052,8,10606788117,207201660,385,11,0
4924602686927505,3129408,qlever-server-d,S,0,0,15360,0,1,13,futex_do_wait
4924602686927505,3129409,qlever-server-d,S,0,0,163781,0,5,12,ep_poll
4924602686927505,3129410,qlever-server-d,S,0,0,435510,20000,10,3,futex_do_wait
4924602686927505,3129411,qlever-server-d,S,1,11,129510549,239799836,1158,0,futex_do_wait
4924602686927505,3129412,qlever-server-d,S,0,11,119059309,212425184,1011,7,futex_do_wait
4924602686927505,3129413,qlever-server-d,S,0,10,109139179,265134362,1172,8,futex_do_wait
4924602686927505,3129414,qlever-server-d,S,0,18,193652226,279435769,1336,2,futex_do_wait
4924602686927505,3129415,qlever-server-d,S,0,10,109751495,242588017,1195,1,futex_do_wait
4924602686927505,3129416,qlever-server-d,S,0,9,94093323,221983042,991,8,futex_do_wait
4924602686927505,3129417,qlever-server-d,S,1,13,148596312,313406542,1302,3,futex_do_wait
4924602686927505,3129418,qlever-server-d,S,0,16,173716643,232093326,1115,7,ep_poll
4924602686927505,3130333,qlever-server-d,S,0,0,280760,4468873,12,5,futex_do_wait
4924602686927505,3130334,qlever-server-d,S,0,0,2891961,2987501,46,7,futex_do_wait
4924602686927505,3130335,qlever-server-d,R,28,2,315962790,123306741,438,5,0
4924602686927505,3130336,qlever-server-d,R,3,0,48290575,55177298,180,5,0
4924602686927505,3130337,qlever-server-d,S,4,0,47888262,56127381,169,7,futex_do_wait
4924602686927505,3130338,qlever-server-d,R,35,2,380260735,139435083,371,2,0
4924602686927505,3130339,qlever-server-d,S,39,2,416378388,134824896,215,5,0
4924602686927505,0,__system__,-,1024882409,7867992394,0,0,0,-1,-
4924602706963696,3128855,qlever-server-d,S,936,1591,25279315500,30777902,1912,1,futex_do_wait
4924602706963696,3128859,qlever-server-d,S,0,0,2762142,2553511,25,13,futex_do_wait
4924602706963696,3129400,qlever-server-d,R,1054,8,10628675218,193621953,461,14,0
4924602706963696,3129401,qlever-server-d,R,1056,8,10649809802,165374645,327,10,0
4924602706963696,3129402,qlever-server-d,R,1058,11,10701685386,121848477,744,15,0
4924602706963696,3129403,qlever-server-d,R,1056,10,10673164892,149954039,592,13,0
4924602706963696,3129404,qlever-server-d,R,1065,10,10762033074,63685900,511,8,0
4924602706963696,3129405,qlever-server-d,R,1065,8,10737652262,85641519,546,1,0
4924602706963696,3129406,qlever-server-d,R,1057,8,10661774136,153244072,549,6,0
4924602706963696,3129407,qlever-server-d,R,1054,8,10626756268,207234620,386,11,0
4924602706963696,3129408,qlever-server-d,S,0,0,15360,0,1,13,futex_do_wait
4924602706963696,3129409,qlever-server-d,S,0,0,163781,0,5,12,ep_poll
4924602706963696,3129410,qlever-server-d,S,0,0,435510,20000,10,3,futex_do_wait
4924602706963696,3129411,qlever-server-d,S,1,11,129510549,239799836,1158,0,futex_do_wait
4924602706963696,3129412,qlever-server-d,S,0,11,119059309,212425184,1011,7,futex_do_wait
4924602706963696,3129413,qlever-server-d,S,0,10,109139179,265134362,1172,8,futex_do_wait
4924602706963696,3129414,qlever-server-d,S,0,18,193652226,279435769,1336,2,futex_do_wait
4924602706963696,3129415,qlever-server-d,S,0,10,109751495,242588017,1195,1,futex_do_wait
4924602706963696,3129416,qlever-server-d,S,0,9,94093323,221983042,991,8,futex_do_wait
4924602706963696,3129417,qlever-server-d,S,1,13,148596312,313406542,1302,3,futex_do_wait
4924602706963696,3129418,qlever-server-d,S,0,16,173716643,232093326,1115,7,ep_poll
4924602706963696,3130333,qlever-server-d,S,0,0,302790,4473283,13,5,futex_do_wait
4924602706963696,3130334,qlever-server-d,S,0,0,2948151,3222691,48,7,futex_do_wait
4924602706963696,3130335,qlever-server-d,R,30,2,330423179,128964213,447,7,0
4924602706963696,3130336,qlever-server-d,S,4,0,52233186,60655102,191,7,futex_do_wait
4924602706963696,3130337,qlever-server-d,S,4,0,52662886,59436182,181,7,0
4924602706963696,3130338,qlever-server-d,R,37,2,390548750,145159166,376,5,0
4924602706963696,3130339,qlever-server-d,R,40,2,428620504,141445201,226,4,0
4924602706963696,0,__system__,-,1024882441,7867992428,0,0,0,-1,-
4924602726925047,3128855,qlever-server-d,S,936,1591,25279315500,30777902,1912,1,futex_do_wait
4924602726925047,3128859,qlever-server-d,S,0,0,2931693,2566871,26,13,futex_do_wait
4924602726925047,3129400,qlever-server-d,R,1056,8,10648674440,193621953,461,14,0
4924602726925047,3129401,qlever-server-d,R,1058,8,10669812814,165374645,327,10,0
4924602726925047,3129402,qlever-server-d,R,1060,11,10721684688,121848477,744,15,0
4924602726925047,3129403,qlever-server-d,R,1058,10,10692994313,150123590,593,13,0
4924602726925047,3129404,qlever-server-d,R,1067,10,10782033416,63685900,511,8,0
4924602726925047,3129405,qlever-server-d,R,1067,8,10757651864,85641519,546,1,0
4924602726925047,3129406,qlever-server-d,R,1059,8,10680029956,154985023,550,6,0
4924602726925047,3129407,qlever-server-d,R,1056,8,10646716430,207273750,387,11,0
4924602726925047,3129408,qlever-server-d,S,0,0,15360,0,1,13,futex_do_wait
4924602726925047,3129409,qlever-server-d,S,0,0,163781,0,5,12,ep_poll
4924602726925047,3129410,qlever-server-d,S,0,0,435510,20000,10,3,futex_do_wait
4924602726925047,3129411,qlever-server-d,S,1,11,129510549,239799836,1158,0,futex_do_wait
4924602726925047,3129412,qlever-server-d,S,0,11,119059309,212425184,1011,7,futex_do_wait
4924602726925047,3129413,qlever-server-d,S,0,10,109139179,265134362,1172,8,futex_do_wait
4924602726925047,3129414,qlever-server-d,S,0,18,193652226,279435769,1336,2,futex_do_wait
4924602726925047,3129415,qlever-server-d,S,0,10,109751495,242588017,1195,1,futex_do_wait
4924602726925047,3129416,qlever-server-d,S,0,9,94093323,221983042,991,8,futex_do_wait
4924602726925047,3129417,qlever-server-d,S,1,13,148596312,313406542,1302,3,futex_do_wait
4924602726925047,3129418,qlever-server-d,S,0,16,173716643,232093326,1115,7,ep_poll
4924602726925047,3130333,qlever-server-d,S,0,0,302790,4473283,13,5,futex_do_wait
4924602726925047,3130334,qlever-server-d,S,0,0,3014251,3229341,50,7,futex_do_wait
4924602726925047,3130335,qlever-server-d,R,31,2,341239875,130640433,463,7,0
4924602726925047,3130336,qlever-server-d,S,4,0,53297956,61161652,194,7,futex_do_wait
4924602726925047,3130337,qlever-server-d,S,4,0,53208236,60456532,184,7,futex_do_wait
4924602726925047,3130338,qlever-server-d,R,38,2,404419388,151223719,382,5,0
4924602726925047,3130339,qlever-server-d,R,41,2,439643690,149020955,238,5,0
4924602726925047,0,__system__,-,1024882470,7867992459,0,0,0,-1,-
4924602746942278,3128855,qlever-server-d,S,936,1591,25279315500,30777902,1912,1,futex_do_wait
4924602746942278,3128859,qlever-server-d,S,0,0,2931693,2566871,26,13,futex_do_wait
4924602746942278,3129400,qlever-server-d,R,1058,8,10668675021,193621953,461,14,0
4924602746942278,3129401,qlever-server-d,R,1060,8,10689809215,165374645,327,10,0
4924602746942278,3129402,qlever-server-d,R,1062,11,10741684459,121848477,744,15,0
4924602746942278,3129403,qlever-server-d,R,1060,10,10709997432,153120922,594,13,0
4924602746942278,3129404,qlever-server-d,R,1069,10,10802032197,63685900,511,8,0
4924602746942278,3129405,qlever-server-d,R,1069,8,10777651135,85641519,546,1,0
4924602746942278,3129406,qlever-server-d,R,1060,8,10698345077,156673454,551,6,0
4924602746942278,3129407,qlever-server-d,R,1058,8,10666670151,207318920,388,11,0
4924602746942278,3129408,qlever-server-d,S,0,0,15360,0,1,13,futex_do_wait
4924602746942278,3129409,qlever-server-d,S,0,0,163781,0,5,12,ep_poll
4924602746942278,3129410,qlever-server-d,S,0,0,435510,20000,10,3,futex_do_wait
4924602746942278,3129411,qlever-server-d,S,1,11,129510549,239799836,1158,0,futex_do_wait
4924602746942278,3129412,qlever-server-d,S,0,11,119059309,212425184,1011,7,futex_do_wait
4924602746942278,3129413,qlever-server-d,S,0,10,109139179,265134362,1172,8,futex_do_wait
4924602746942278,3129414,qlever-server-d,S,0,18,193652226,279435769,1336,2,futex_do_wait
4924602746942278,3129415,qlever-server-d,S,0,10,109751495,242588017,1195,1,futex_do_wait
4924602746942278,3129416,qlever-server-d,S,0,9,94093323,221983042,991,8,futex_do_wait
4924602746942278,3129417,qlever-server-d,S,1,13,148596312,313406542,1302,3,futex_do_wait
4924602746942278,3129418,qlever-server-d,S,0,16,173716643,232093326,1115,7,ep_poll
4924602746942278,3130333,qlever-server-d,S,0,0,342731,4478563,14,5,futex_do_wait
4924602746942278,3130334,qlever-server-d,S,0,0,3095671,3563611,51,7,futex_do_wait
4924602746942278,3130335,qlever-server-d,R,32,2,349467051,133676054,478,5,0
4924602746942278,3130336,qlever-server-d,S,4,0,54405806,62179863,198,7,futex_do_wait
4924602746942278,3130337,qlever-server-d,S,5,0,54291087,61494752,188,7,futex_do_wait
4924602746942278,3130338,qlever-server-d,R,39,2,413680710,159642977,390,5,0
4924602746942278,3130339,qlever-server-d,R,42,2,449184677,155982127,247,5,0
4924602746942278,0,__system__,-,1024882498,7867992490,0,0,0,-1,-
4924602766940059,3128855,qlever-server-d,S,936,1591,25279315500,30777902,1912,1,futex_do_wait
4924602766940059,3128859,qlever-server-d,S,0,0,2931693,2566871,26,13,futex_do_wait
4924602766940059,3129400,qlever-server-d,R,1060,8,10688675462,193621953,461,14,0
4924602766940059,3129401,qlever-server-d,R,1062,8,10709809286,165374645,327,10,0
4924602766940059,3129402,qlever-server-d,R,1064,11,10761685900,121848477,744,15,0
4924602766940059,3129403,qlever-server-d,R,1062,10,10729932673,153185762,595,13,0
4924602766940059,3129404,qlever-server-d,R,1071,10,10821989368,63729510,512,8,0
4924602766940059,3129405,qlever-server-d,R,1071,8,10797621056,85666349,547,3,0
4924602766940059,3129406,qlever-server-d,R,1062,8,10716624267,158393355,552,6,0
4924602766940059,3129407,qlever-server-d,R,1060,8,10686632402,207357860,389,11,0
4924602766940059,3129408,qlever-server-d,S,0,0,15360,0,1,13,futex_do_wait
4924602766940059,3129409,qlever-server-d,S,0,0,163781,0,5,12,ep_poll
4924602766940059,3129410,qlever-server-d,S,0,0,435510,20000,10,3,futex_do_wait
4924602766940059,3129411,qlever-server-d,S,1,11,129510549,239799836,1158,0,futex_do_wait
4924602766940059,3129412,qlever-server-d,S,0,11,119059309,212425184,1011,7,futex_do_wait
4924602766940059,3129413,qlever-server-d,S,0,10,109139179,265134362,1172,8,futex_do_wait
4924602766940059,3129414,qlever-server-d,S,0,18,193652226,279435769,1336,2,futex_do_wait
4924602766940059,3129415,qlever-server-d,S,0,10,109751495,242588017,1195,1,futex_do_wait
4924602766940059,3129416,qlever-server-d,S,0,9,94093323,221983042,991,8,futex_do_wait
4924602766940059,3129417,qlever-server-d,S,1,13,148596312,313406542,1302,3,futex_do_wait
4924602766940059,3129418,qlever-server-d,S,0,16,173716643,232093326,1115,7,ep_poll
4924602766940059,3130333,qlever-server-d,S,0,0,342731,4478563,14,5,futex_do_wait
4924602766940059,3130334,qlever-server-d,S,0,0,3217291,4364622,55,12,futex_do_wait
4924602766940059,3130335,qlever-server-d,R,33,2,361444618,140185727,492,4,0
4924602766940059,3130336,qlever-server-d,S,4,0,55792136,67257746,204,12,futex_do_wait
4924602766940059,3130337,qlever-server-d,S,5,0,56397388,63436612,195,4,futex_do_wait
4924602766940059,3130338,qlever-server-d,R,40,2,423429656,171770753,400,12,0
4924602766940059,3130339,qlever-server-d,R,43,2,459486452,164938543,257,5,0
4924602766940059,0,__system__,-,1024882527,7867992521,0,0,0,-1,-
4924602786947440,3128855,qlever-server-d,S,936,1591,25279315500,30777902,1912,1,futex_do_wait
4924602786947440,3128859,qlever-server-d,S,0,0,2931693,2566871,26,13,futex_do_wait
4924602786947440,3129400,qlever-server-d,R,1062,8,10708679103,193621953,461,14,0
4924602786947440,3129401,qlever-server-d,R,1064,8,10729755557,165429095,329,10,0
4924602786947440,3129402,qlever-server-d,R,1066,11,10781686021,121848477,744,15,0
4924602786947440,3129403,qlever-server-d,R,1064,10,10749848734,153270282,597,13,0
4924602786947440,3129404,qlever-server-d,R,1073,10,10841990049,63729510,512,8,0
4924602786947440,3129405,qlever-server-d,R,1073,8,10817622077,85666349,547,3,0
4924602786947440,3129406,qlever-server-d,R,1064,8,10734938927,160077516,553,6,0
4924602786947440,3129407,qlever-server-d,R,1062,8,10706579053,207413060,390,11,0
4924602786947440,3129408,qlever-server-d,S,0,0,15360,0,1,13,futex_do_wait
4924602786947440,3129409,qlever-server-d,S,0,0,163781,0,5,12,ep_poll
4924602786947440,3129410,qlever-server-d,S,0,0,435510,20000,10,3,futex_do_wait
4924602786947440,3129411,qlever-server-d,S,1,11,129510549,239799836,1158,0,futex_do_wait
4924602786947440,3129412,qlever-server-d,S,0,11,119059309,212425184,1011,7,futex_do_wait
4924602786947440,3129413,qlever-server-d,S,0,10,109139179,265134362,1172,8,futex_do_wait
4924602786947440,3129414,qlever-server-d,S,0,18,193652226,279435769,1336,2,futex_do_wait
4924602786947440,3129415,qlever-server-d,S,0,10,109751495,242588017,1195,1,futex_do_wait
4924602786947440,3129416,qlever-server-d,S,0,9,94093323,221983042,991,8,futex_do_wait
4924602786947440,3129417,qlever-server-d,S,1,13,148596312,313406542,1302,3,futex_do_wait
4924602786947440,3129418,qlever-server-d,S,0,16,173716643,232093326,1115,7,ep_poll
4924602786947440,3130333,qlever-server-d,S,0,0,342731,4478563,14,5,futex_do_wait
4924602786947440,3130334,qlever-server-d,S,0,0,3275651,4370312,56,4,futex_do_wait
4924602786947440,3130335,qlever-server-d,R,34,2,372957593,148625553,498,2,0
4924602786947440,3130336,qlever-server-d,S,4,0,57179246,74525200,209,12,futex_do_wait
4924602786947440,3130337,qlever-server-d,S,5,0,57395348,66012633,199,5,futex_do_wait
4924602786947440,3130338,qlever-server-d,R,41,2,437364135,176806875,404,12,0
4924602786947440,3130339,qlever-server-d,R,45,2,475062973,166330904,264,5,0
4924602786947440,0,__system__,-,1024882557,7867992553,0,0,0,-1,-
4924602806939241,3128855,qlever-server-d,S,936,1591,25279315500,30777902,1912,1,futex_do_wait
4924602806939241,3128859,qlever-server-d,S,0,0,2931693,2566871,26,13,futex_do_wait
4924602806939241,3129400,qlever-server-d,R,1063,8,10727121684,195172963,463,12,0
4924602806939241,3129401,qlever-server-d,R,1066,8,10749643398,165563925,336,10,0
4924602806939241,3129402,qlever-server-d,R,1068,11,10801967892,121848477,744,15,0
4924602806939241,3129403,qlever-server-d,R,1065,11,10767765213,155346414,600,5,0
4924602806939241,3129404,qlever-server-d,R,1075,10,10861990410,63729510,512,8,0
4924602806939241,3129405,qlever-server-d,R,1075,8,10837622138,85666349,547,3,0
4924602806939241,3129406,qlever-server-d,R,1066,9,10753199477,161817687,554,6,0
4924602806939241,3129407,qlever-server-d,R,1064,8,10726537024,207454470,391,11,0
4924602806939241,3129408,qlever-server-d,S,0,0,15360,0,1,13,futex_do_wait
4924602806939241,3129409,qlever-server-d,S,0,0,163781,0,5,12,ep_poll
4924602806939241,3129410,qlever-server-d,S,0,0,435510,20000,10,3,futex_do_wait
4924602806939241,3129411,qlever-server-d,S,1,11,129510549,239799836,1158,0,futex_do_wait
4924602806939241,3129412,qlever-server-d,S,0,11,119059309,212425184,1011,7,futex_do_wait
4924602806939241,3129413,qlever-server-d,S,0,10,109139179,265134362,1172,8,futex_do_wait
4924602806939241,3129414,qlever-server-d,S,0,18,193652226,279435769,1336,2,futex_do_wait
4924602806939241,3129415,qlever-server-d,S,0,10,109751495,242588017,1195,1,futex_do_wait
4924602806939241,3129416,qlever-server-d,S,0,9,94093323,221983042,991,8,futex_do_wait
4924602806939241,3129417,qlever-server-d,S,1,13,148596312,313406542,1302,3,futex_do_wait
4924602806939241,3129418,qlever-server-d,S,0,16,173716643,232093326,1115,7,ep_poll
4924602806939241,3130333,qlever-server-d,S,0,0,362641,4482443,15,5,futex_do_wait
4924602806939241,3130334,qlever-server-d,S,0,0,3344581,4376802,57,2,futex_do_wait
4924602806939241,3130335,qlever-server-d,R,35,2,380971769,149144594,511,2,0
4924602806939241,3130336,qlever-server-d,R,4,0,57967197,75989931,214,2,0
4924602806939241,3130337,qlever-server-d,R,5,0,58405149,67882794,202,2,0
4924602806939241,3130338,qlever-server-d,R,42,2,446530971,185776119,414,13,0
4924602806939241,3130339,qlever-server-d,R,46,2,486376240,170814287,273,13,0
4924602806939241,0,__system__,-,1024882589,7867992586,0,0,0,-1,-
4924602826947961,3128855,qlever-server-d,S,936,1591,25279315500,30777902,1912,1,futex_do_wait
4924602826947961,3128859,qlever-server-d,S,0,0,2931693,2566871,26,13,futex_do_wait
4924602826947961,3129400,qlever-server-d,R,1065,8,10747123825,195172963,463,12,0
4924602826947961,3129401,qlever-server-d,R,1068,8,10769503269,165674525,342,10,0
4924602826947961,3129402,qlever-server-d,R,1070,11,10821685233,121848477,744,15,0
4924602826947961,3129403,qlever-server-d,R,1067,11,10787731614,155380814,601,5,0
4924602826947961,3129404,qlever-server-d,R,1077,10,10880628561,65090460,516,8,0
4924602826947961,3129405,qlever-server-d,R,1077,8,10857621889,85666349,547,3,0
4924602826947961,3129406,qlever-server-d,R,1067,9,10771573317,163443588,555,6,0
4924602826947961,3129407,qlever-server-d,R,1065,8,10746507445,207483330,392,11,0
4924602826947961,3129408,qlever-server-d,S,0,0,15360,0,1,13,futex_do_wait
4924602826947961,3129409,qlever-server-d,S,0,0,163781,0,5,12,ep_poll
4924602826947961,3129410,qlever-server-d,S,0,0,435510,20000,10,3,futex_do_wait
4924602826947961,3129411,qlever-server-d,S,1,11,129510549,239799836,1158,0,futex_do_wait
4924602826947961,3129412,qlever-server-d,S,0,11,119059309,212425184,1011,7,futex_do_wait
4924602826947961,3129413,qlever-server-d,S,0,10,109139179,265134362,1172,8,futex_do_wait
4924602826947961,3129414,qlever-server-d,S,0,18,193652226,279435769,1336,2,futex_do_wait
4924602826947961,3129415,qlever-server-d,S,0,10,109751495,242588017,1195,1,futex_do_wait
4924602826947961,3129416,qlever-server-d,S,0,9,94093323,221983042,991,8,futex_do_wait
4924602826947961,3129417,qlever-server-d,S,1,13,148596312,313406542,1302,3,futex_do_wait
4924602826947961,3129418,qlever-server-d,S,0,16,173716643,232093326,1115,7,ep_poll
4924602826947961,3130333,qlever-server-d,S,0,0,362641,4482443,15,5,futex_do_wait
4924602826947961,3130334,qlever-server-d,S,0,0,3438161,4387312,59,13,futex_do_wait
4924602826947961,3130335,qlever-server-d,R,36,2,390012583,157680318,524,13,0
4924602826947961,3130336,qlever-server-d,S,4,0,59335317,77241592,219,13,futex_do_wait
4924602826947961,3130337,qlever-server-d,S,5,0,59733510,69193164,208,13,futex_do_wait
4924602826947961,3130338,qlever-server-d,R,43,2,457354866,193489533,420,14,0
4924602826947961,3130339,qlever-server-d,R,47,2,499256918,175649008,282,14,0
4924602826947961,0,__system__,-,1024882617,7867992616,0,0,0,-1,-
4924602846932692,3128855,qlever-server-d,S,936,1591,25279315500,30777902,1912,1,futex_do_wait
4924602846932692,3128859,qlever-server-d,S,0,0,2931693,2566871,26,13,futex_do_wait
4924602846932692,3129400,qlever-server-d,R,1067,8,10767095406,195195753,464,4,0
4924602846932692,3129401,qlever-server-d,R,1070,8,10789397650,165778275,346,10,0
4924602846932692,3129402,qlever-server-d,R,1072,11,10841686444,121848477,744,15,0
4924602846932692,3129403,qlever-server-d,R,1069,11,10807690975,155421524,602,5,0
4924602846932692,3129404,qlever-server-d,R,1079,10,10900358122,65640560,517,8,0
4924602846932692,3129405,qlever-server-d,R,1079,8,10877621250,85666349,547,3,0
4924602846932692,3129406,qlever-server-d,R,1069,9,10789771827,165244479,556,6,0
4924602846932692,3129407,qlever-server-d,R,1067,8,10766468636,207522040,393,11,0
4924602846932692,3129408,qlever-server-d,S,0,0,15360,0,1,13,futex_do_wait
4924602846932692,3129409,qlever-server-d,S,0,0,163781,0,5,12,ep_poll
4924602846932692,3129410,qlever-server-d,S,0,0,435510,20000,10,3,futex_do_wait
4924602846932692,3129411,qlever-server-d,S,1,11,129510549,239799836,1158,0,futex_do_wait
4924602846932692,3129412,qlever-server-d,S,0,11,119059309,212425184,1011,7,futex_do_wait
4924602846932692,3129413,qlever-server-d,S,0,10,109139179,265134362,1172,8,futex_do_wait
4924602846932692,3129414,qlever-server-d,S,0,18,193652226,279435769,1336,2,futex_do_wait
4924602846932692,3129415,qlever-server-d,S,0,10,109751495,242588017,1195,1,futex_do_wait
4924602846932692,3129416,qlever-server-d,S,0,9,94093323,221983042,991,8,futex_do_wait
4924602846932692,3129417,qlever-server-d,S,1,13,148596312,313406542,1302,3,futex_do_wait
4924602846932692,3129418,qlever-server-d,S,0,16,173716643,232093326,1115,7,ep_poll
4924602846932692,3130333,qlever-server-d,S,0,0,403351,4488493,16,5,futex_do_wait
4924602846932692,3130334,qlever-server-d,S,0,0,3484281,4391052,60,13,futex_do_wait
4924602846932692,3130335,qlever-server-d,S,37,3,403220040,163272942,532,13,futex_do_wait
4924602846932692,3130336,qlever-server-d,S,5,1,60616277,78726764,224,13,futex_do_wait
4924602846932692,3130337,qlever-server-d,S,5,0,61305422,74742856,214,13,futex_do_wait
4924602846932692,3130338,qlever-server-d,S,44,2,471256623,198513097,433,7,0
4924602846932692,3130339,qlever-server-d,R,48,2,514983258,179873959,288,7,0
4924602846932692,0,__system__,-,1024882649,7867992650,0,0,0,-1,-
4924602866930293,3128855,qlever-server-d,S,936,1591,25279315500,30777902,1912,1,futex_do_wait
4924602866930293,3128859,qlever-server-d,S,0,0,2931693,2566871,26,13,futex_do_wait
4924602866930293,3129400,qlever-server-d,R,1069,8,10787096047,195195753,464,4,0
4924602866930293,3129401,qlever-server-d,R,1072,8,10809370341,165805435,347,10,0
4924602866930293,3129402,qlever-server-d,R,1074,11,10861686495,121848477,744,15,0
4924602866930293,3129403,qlever-server-d,R,1071,11,10827691546,155421524,602,5,0
4924602866930293,3129404,qlever-server-d,R,1081,10,10920079473,65640560,517,8,0
4924602866930293,3129405,qlever-server-d,R,1081,8,10897622751,85666349,547,3,0
4924602866930293,3129406,qlever-server-d,R,1071,9,10808752137,166401980,557,14,0
4924602866930293,3129407,qlever-server-d,R,1069,8,10786432357,207559700,394,11,0
4924602866930293,3129408,qlever-server-d,S,0,0,15360,0,1,13,futex_do_wait
4924602866930293,3129409,qlever-server-d,S,0,0,163781,0,5,12,ep_poll
4924602866930293,3129410,qlever-server-d,S,0,0,435510,20000,10,3,futex_do_wait
4924602866930293,3129411,qlever-server-d,S,1,11,129510549,239799836,1158,0,futex_do_wait
4924602866930293,3129412,qlever-server-d,S,0,11,119059309,212425184,1011,7,futex_do_wait
4924602866930293,3129413,qlever-server-d,S,0,10,109139179,265134362,1172,8,futex_do_wait
4924602866930293,3129414,qlever-server-d,S,0,18,193652226,279435769,1336,2,futex_do_wait
4924602866930293,3129415,qlever-server-d,S,0,10,109751495,242588017,1195,1,futex_do_wait
4924602866930293,3129416,qlever-server-d,S,0,9,94093323,221983042,991,8,futex_do_wait
4924602866930293,3129417,qlever-server-d,S,1,13,148596312,313406542,1302,3,futex_do_wait
4924602866930293,3129418,qlever-server-d,S,0,16,173716643,232093326,1115,7,ep_poll
4924602866930293,3130333,qlever-server-d,S,0,0,403351,4488493,16,5,futex_do_wait
4924602866930293,3130334,qlever-server-d,S,0,0,3540921,4395982,61,13,futex_do_wait
4924602866930293,3130335,qlever-server-d,R,37,3,407596973,165781275,548,13,0
4924602866930293,3130336,qlever-server-d,S,5,1,61081828,78730544,225,13,futex_do_wait
4924602866930293,3130337,qlever-server-d,S,5,0,61318042,75191867,215,13,futex_do_wait
4924602866930293,3130338,qlever-server-d,R,45,2,480649800,203674829,441,7,0
4924602866930293,3130339,qlever-server-d,R,50,2,525590522,187138635,296,7,0
4924602866930293,0,__system__,-,1024882678,7867992682,0,0,0,-1,-
4924602886957414,3128855,qlever-server-d,S,936,1591,25279315500,30777902,1912,1,futex_do_wait
4924602886957414,3128859,qlever-server-d,S,0,0,2931693,2566871,26,13,futex_do_wait
4924602886957414,3129400,qlever-server-d,R,1071,8,10807068398,195223903,465,4,0
4924602886957414,3129401,qlever-server-d,R,1074,8,10829230941,165983876,353,10,0
4924602886957414,3129402,qlever-server-d,R,1076,11,10880726235,122808968,746,15,0
4924602886957414,3129403,qlever-server-d,R,1073,11,10847338427,155774274,603,5,0
4924602886957414,3129404,qlever-server-d,R,1083,10,10940042974,65676750,518,8,0
4924602886957414,3129405,qlever-server-d,R,1083,8,10917621812,85666349,547,3,0
4924602886957414,3129406,qlever-server-d,R,1073,9,10828751778,166401980,557,14,0
4924602886957414,3129407,qlever-server-d,R,1071,8,10806346938,207646010,396,11,0
4924602886957414,3129408,qlever-server-d,S,0,0,15360,0,1,13,futex_do_wait
4924602886957414,3129409,qlever-server-d,S,0,0,163781,0,5,12,ep_poll
4924602886957414,3129410,qlever-server-d,S,0,0,435510,20000,10,3,futex_do_wait
4924602886957414,3129411,qlever-server-d,S,1,11,129510549,239799836,1158,0,futex_do_wait
4924602886957414,3129412,qlever-server-d,S,0,11,119059309,212425184,1011,7,futex_do_wait
4924602886957414,3129413,qlever-server-d,S,0,10,109139179,265134362,1172,8,futex_do_wait
4924602886957414,3129414,qlever-server-d,S,0,18,193652226,279435769,1336,2,futex_do_wait
4924602886957414,3129415,qlever-server-d,S,0,10,109751495,242588017,1195,1,futex_do_wait
4924602886957414,3129416,qlever-server-d,S,0,9,94093323,221983042,991,8,futex_do_wait
4924602886957414,3129417,qlever-server-d,S,1,13,148596312,313406542,1302,3,futex_do_wait
4924602886957414,3129418,qlever-server-d,S,0,16,173716643,232093326,1115,7,ep_poll
4924602886957414,3130333,qlever-server-d,S,0,0,403351,4488493,16,5,futex_do_wait
4924602886957414,3130334,qlever-server-d,S,0,0,3540921,4395982,61,13,futex_do_wait
4924602886957414,3130335,qlever-server-d,S,38,3,415048666,174391089,558,6,futex_do_wait
4924602886957414,3130336,qlever-server-d,S,5,1,61554268,79437604,228,7,futex_do_wait
4924602886957414,3130337,qlever-server-d,S,5,0,62225172,75623807,218,6,futex_do_wait
4924602886957414,3130338,qlever-server-d,R,47,2,498258110,208570302,447,7,0
4924602886957414,3130339,qlever-server-d,R,51,2,537517859,193952799,316,7,0
4924602886957414,0,__system__,-,1024882708,7867992714,0,0,0,-1,-
4924602906935905,3128855,qlever-server-d,S,936,1591,25279315500,30777902,1912,1,futex_do_wait
4924602906935905,3128859,qlever-server-d,S,0,0,2931693,2566871,26,13,futex_do_wait
4924602906935905,3129400,qlever-server-d,R,1073,8,10827067880,195223903,465,4,0
4924602906935905,3129401,qlever-server-d,R,1076,8,10849147853,166029266,355,10,0
4924602906935905,3129402,qlever-server-d,R,1078,11,10900725027,122808968,746,15,0
4924602906935905,3129403,qlever-server-d,R,1075,11,10867283909,155827394,605,5,0
4924602906935905,3129404,qlever-server-d,R,1085,10,10959357925,66363021,519,8,0
4924602906935905,3129405,qlever-server-d,R,1085,8,10937510834,85811109,552,3,0
4924602906935905,3129406,qlever-server-d,R,1075,9,10848752580,166401980,557,14,0
4924602906935905,3129407,qlever-server-d,R,1073,8,10826311850,207681020,397,11,0
4924602906935905,3129408,qlever-server-d,S,0,0,15360,0,1,13,futex_do_wait
4924602906935905,3129409,qlever-server-d,S,0,0,163781,0,5,12,ep_poll
4924602906935905,3129410,qlever-server-d,S,0,0,435510,20000,10,3,futex_do_wait
4924602906935905,3129411,qlever-server-d,S,1,11,129510549,239799836,1158,0,futex_do_wait
4924602906935905,3129412,qlever-server-d,S,0,11,119059309,212425184,1011,7,futex_do_wait
4924602906935905,3129413,qlever-server-d,S,0,10,109139179,265134362,1172,8,futex_do_wait
4924602906935905,3129414,qlever-server-d,S,0,18,193652226,279435769,1336,2,futex_do_wait
4924602906935905,3129415,qlever-server-d,S,0,10,109751495,242588017,1195,1,futex_do_wait
4924602906935905,3129416,qlever-server-d,S,0,9,94093323,221983042,991,8,futex_do_wait
4924602906935905,3129417,qlever-server-d,S,1,13,148596312,313406542,1302,3,futex_do_wait
4924602906935905,3129418,qlever-server-d,S,0,16,173716643,232093326,1115,7,ep_poll
4924602906935905,3130333,qlever-server-d,S,0,0,431331,4494463,17,5,futex_do_wait
4924602906935905,3130334,qlever-server-d,S,0,0,3583561,4407592,62,12,futex_do_wait
4924602906935905,3130335,qlever-server-d,R,38,3,423692321,177332431,575,7,0
4924602906935905,3130336,qlever-server-d,S,5,1,62675780,81386044,231,7,futex_do_wait
4924602906935905,3130337,qlever-server-d,S,5,0,62876482,76359058,221,7,futex_do_wait
4924602906935905,3130338,qlever-server-d,R,49,2,516066888,212953446,455,7,0
4924602906935905,3130339,qlever-server-d,R,52,2,552867377,198652183,340,12,0
4924602906935905,0,__system__,-,1024882742,7867992750,0,0,0,-1,-
4924602927096235,3128855,qlever-server-d,S,936,1591,25279315500,30777902,1912,1,futex_do_wait
4924602927096235,3128859,qlever-server-d,S,0,0,2931693,2566871,26,13,futex_do_wait
4924602927096235,3129400,qlever-server-d,R,1075,8,10847070721,195223903,465,4,0
4924602927096235,3129401,qlever-server-d,R,1078,8,10869487404,166029266,355,10,0
4924602927096235,3129402,qlever-server-d,R,1079,11,10916758946,126778640,748,15,0
4924602927096235,3129403,qlever-server-d,R,1077,11,10886752980,156360604,606,5,0
4924602927096235,3129404,qlever-server-d,R,1087,10,10979355656,66363021,519,8,0
4924602927096235,3129405,qlever-server-d,R,1087,8,10957388965,85899179,555,3,0
4924602927096235,3129406,qlever-server-d,R,1077,9,10867251010,167900401,559,6,0
4924602927096235,3129407,qlever-server-d,R,1075,8,10846271091,207719950,398,11,0
4924602927096235,3129408,qlever-server-d,S,0,0,15360,0,1,13,futex_do_wait
4924602927096235,3129409,qlever-server-d,S,0,0,163781,0,5,12,ep_poll
4924602927096235,3129410,qlever-server-d,S,0,0,435510,20000,10,3,futex_do_wait
4924602927096235,3129411,qlever-server-d,S,1,11,129510549,239799836,1158,0,futex_do_wait
4924602927096235,3129412,qlever-server-d,S,0,11,119059309,212425184,1011,7,futex_do_wait
4924602927096235,3129413,qlever-server-d,S,0,10,109139179,265134362,1172,8,futex_do_wait
4924602927096235,3129414,qlever-server-d,S,0,18,193652226,279435769,1336,2,futex_do_wait
4924602927096235,3129415,qlever-server-d,S,0,10,109751495,242588017,1195,1,futex_do_wait
4924602927096235,3129416,qlever-server-d,S,0,9,94093323,221983042,991,8,futex_do_wait
4924602927096235,3129417,qlever-server-d,S,1,13,148596312,313406542,1302,3,futex_do_wait
4924602927096235,3129418,qlever-server-d,S,0,16,173716643,232093326,1115,7,ep_poll
4924602927096235,3130333,qlever-server-d,S,0,0,431331,4494463,17,5,futex_do_wait
4924602927096235,3130334,qlever-server-d,S,0,0,3645391,5413393,63,7,futex_do_wait
4924602927096235,3130335,qlever-server-d,R,39,3,428968332,183272516,585,7,0
4924602927096235,3130336,qlever-server-d,S,5,1,63258780,83910485,233,7,futex_do_wait
4924602927096235,3130337,qlever-server-d,S,5,0,63441402,77146618,223,7,futex_do_wait
4924602927096235,3130338,qlever-server-d,S,49,2,525241134,219557769,463,7,futex_do_wait
4924602927096235,3130339,qlever-server-d,R,53,2,561058052,205480396,347,15,0
4924602927096235,0,__system__,-,1024882767,7867992777,0,0,0,-1,-
4924602954348702,3128855,qlever-server-d,S,936,1591,25279315500,30777902,1912,1,futex_do_wait
4924602954348702,3128859,qlever-server-d,S,0,0,2931693,2566871,26,13,futex_do_wait
4924602954348702,3129400,qlever-server-d,R,1078,8,10874068986,195223903,465,4,0
4924602954348702,3129401,qlever-server-d,R,1080,8,10895609159,166567386,357,10,0
4924602954348702,3129402,qlever-server-d,R,1082,11,10940752859,129782352,749,15,0
4924602954348702,3129403,qlever-server-d,R,1080,11,10913718715,156395544,607,5,0
4924602954348702,3129404,qlever-server-d,R,1090,10,11006320271,66399471,520,8,0
4924602954348702,3129405,qlever-server-d,R,1089,8,10984200390,86088489,564,3,0
4924602954348702,3129406,qlever-server-d,R,1079,9,10894251425,167900401,559,6,0
4924602954348702,3129407,qlever-server-d,R,1078,8,10873212506,207779300,400,11,0
4924602954348702,3129408,qlever-server-d,S,0,0,15360,0,1,13,futex_do_wait
4924602954348702,3129409,qlever-server-d,S,0,0,163781,0,5,12,ep_poll
4924602954348702,3129410,qlever-server-d,S,0,0,435510,20000,10,3,futex_do_wait
4924602954348702,3129411,qlever-server-d,S,1,11,129510549,239799836,1158,0,futex_do_wait
4924602954348702,3129412,qlever-server-d,S,0,11,119059309,212425184,1011,7,futex_do_wait
4924602954348702,3129413,qlever-server-d,S,0,10,109139179,265134362,1172,8,futex_do_wait
4924602954348702,3129414,qlever-server-d,S,0,18,193652226,279435769,1336,2,futex_do_wait
4924602954348702,3129415,qlever-server-d,S,0,10,109751495,242588017,1195,1,futex_do_wait
4924602954348702,3129416,qlever-server-d,S,0,9,94093323,221983042,991,8,futex_do_wait
4924602954348702,3129417,qlever-server-d,S,1,13,148596312,313406542,1302,3,futex_do_wait
4924602954348702,3129418,qlever-server-d,S,0,16,173716643,232093326,1115,7,ep_poll
4924602954348702,3130333,qlever-server-d,S,0,0,466271,4499693,18,5,futex_do_wait
4924602954348702,3130334,qlever-server-d,S,0,0,3720411,5413393,64,7,futex_do_wait
4924602954348702,3130335,qlever-server-d,S,40,3,438534547,191541903,605,0,futex_do_wait
4924602954348702,3130336,qlever-server-d,S,5,1,63686700,84995796,236,2,futex_do_wait
4924602954348702,3130337,qlever-server-d,S,5,0,64402123,78310798,226,10,futex_do_wait
4924602954348702,3130338,qlever-server-d,S,51,2,542967056,226411921,476,7,futex_do_wait
4924602954348702,3130339,qlever-server-d,R,54,2,578983132,213439791,358,0,0
4924602954348702,0,__system__,-,1024882807,7867992819,0,0,0,-1,-
4924602966934678,3128855,qlever-server-d,S,936,1591,25279315500,30777902,1912,1,futex_do_wait
4924602966934678,3128859,qlever-server-d,S,0,0,2931693,2566871,26,13,futex_do_wait
4924602966934678,3129400,qlever-server-d,R,1079,8,10887072023,195223903,465,4,0
4924602966934678,3129401,qlever-server-d,R,1082,8,10908524626,166642126,361,10,0
4924602966934678,3129402,qlever-server-d,R,1083,11,10953754036,129782352,749,15,0
4924602966934678,3129403,qlever-server-d,R,1081,11,10926718912,156395544,607,5,0
4924602966934678,3129404,qlever-server-d,R,1091,10,11019320678,66399471,520,8,0
4924602966934678,3129405,qlever-server-d,R,1091,8,10997200407,86088489,564,3,0
4924602966934678,3129406,qlever-server-d,R,1081,9,10907252572,167900401,559,6,0
4924602966934678,3129407,qlever-server-d,R,1079,8,10886212423,207779300,400,11,0
4924602966934678,3129408,qlever-server-d,S,0,0,15360,0,1,13,futex_do_wait
4924602966934678,3129409,qlever-server-d,S,0,0,163781,0,5,12,ep_poll
4924602966934678,3129410,qlever-server-d,S,0,0,435510,20000,10,3,futex_do_wait
4924602966934678,3129411,qlever-server-d,S,1,11,129510549,239799836,1158,0,futex_do_wait
4924602966934678,3129412,qlever-server-d,S,0,11,119059309,212425184,1011,7,futex_do_wait
4924602966934678,3129413,qlever-server-d,S,0,10,109139179,265134362,1172,8,futex_do_wait
4924602966934678,3129414,qlever-server-d,S,0,18,193652226,279435769,1336,2,futex_do_wait
4924602966934678,3129415,qlever-server-d,S,0,10,109751495,242588017,1195,1,futex_do_wait
4924602966934678,3129416,qlever-server-d,S,0,9,94093323,221983042,991,8,futex_do_wait
4924602966934678,3129417,qlever-server-d,S,1,13,148596312,313406542,1302,3,futex_do_wait
4924602966934678,3129418,qlever-server-d,S,0,16,173716643,232093326,1115,7,ep_poll
4924602966934678,3130333,qlever-server-d,S,0,0,466271,4499693,18,5,futex_do_wait
4924602966934678,3130334,qlever-server-d,S,0,0,3720411,5413393,64,7,futex_do_wait
4924602966934678,3130335,qlever-server-d,R,40,3,443199039,197815736,611,0,0
4924602966934678,3130336,qlever-server-d,S,5,1,64672630,85008216,239,2,futex_do_wait
4924602966934678,3130337,qlever-server-d,S,5,0,64944184,79490178,230,10,futex_do_wait
4924602966934678,3130338,qlever-server-d,R,52,2,552417202,226411921,482,7,0
4924602966934678,3130339,qlever-server-d,R,55,3,586542346,218380604,364,0,0
4924602966934678,0,__system__,-,1024882827,7867992840,0,0,0,-1,-
4924602986965589,3128855,qlever-server-d,S,936,1591,25279315500,30777902,1912,1,futex_do_wait
4924602986965589,3128859,qlever-server-d,S,0,0,2931693,2566871,26,13,futex_do_wait
4924602986965589,3129400,qlever-server-d,R,1081,8,10907069864,195223903,465,4,0
4924602986965589,3129401,qlever-server-d,R,1084,8,10928145817,167020526,363,10,0
4924602986965589,3129402,qlever-server-d,R,1085,12,10973756397,129782352,749,15,0
4924602986965589,3129403,qlever-server-d,R,1083,11,10946718173,156395544,607,5,0
4924602986965589,3129404,qlever-server-d,R,1093,10,11039320169,66399471,520,8,0
4924602986965589,3129405,qlever-server-d,R,1093,8,11017199688,86088489,564,3,0
4924602986965589,3129406,qlever-server-d,R,1083,9,10927275023,167900401,559,6,0
4924602986965589,3129407,qlever-server-d,R,1081,8,10906185744,207808140,401,11,0
4924602986965589,3129408,qlever-server-d,S,0,0,15360,0,1,13,futex_do_wait
4924602986965589,3129409,qlever-server-d,S,0,0,163781,0,5,12,ep_poll
4924602986965589,3129410,qlever-server-d,S,0,0,435510,20000,10,3,futex_do_wait
4924602986965589,3129411,qlever-server-d,S,1,11,129510549,239799836,1158,0,futex_do_wait
4924602986965589,3129412,qlever-server-d,S,0,11,119059309,212425184,1011,7,futex_do_wait
4924602986965589,3129413,qlever-server-d,S,0,10,109139179,265134362,1172,8,futex_do_wait
4924602986965589,3129414,qlever-server-d,S,0,18,193652226,279435769,1336,2,futex_do_wait
4924602986965589,3129415,qlever-server-d,S,0,10,109751495,242588017,1195,1,futex_do_wait
4924602986965589,3129416,qlever-server-d,S,0,9,94093323,221983042,991,8,futex_do_wait
4924602986965589,3129417,qlever-server-d,S,1,13,148596312,313406542,1302,3,futex_do_wait
4924602986965589,3129418,qlever-server-d,S,0,16,173716643,232093326,1115,7,ep_poll
4924602986965589,3130333,qlever-server-d,S,0,0,466271,4499693,18,5,futex_do_wait
4924602986965589,3130334,qlever-server-d,S,0,0,3783821,6135973,65,7,futex_do_wait
4924602986965589,3130335,qlever-server-d,R,41,3,450815083,203816899,629,0,0
4924602986965589,3130336,qlever-server-d,R,5,1,65142541,85008216,241,2,0
4924602986965589,3130337,qlever-server-d,R,6,0,65322584,80508629,233,10,0
4924602986965589,3130338,qlever-server-d,S,53,2,565293588,228472173,499,13,futex_do_wait
4924602986965589,3130339,qlever-server-d,R,56,3,598920574,224727166,381,0,0
4924602986965589,0,__system__,-,1024882857,7867992872,0,0,0,-1,-
4924603007078689,3128855,qlever-server-d,S,936,1591,25279315500,30777902,1912,1,futex_do_wait
4924603007078689,3128859,qlever-server-d,S,0,0,2931693,2566871,26,13,futex_do_wait
4924603007078689,3129400,qlever-server-d,R,1083,9,10927068275,195223903,465,4,0
4924603007078689,3129401,qlever-server-d,R,1086,8,10948101708,167529196,365,10,0
4924603007078689,3129402,qlever-server-d,R,1087,12,10993667727,129867853,751,15,0
4924603007078689,3129403,qlever-server-d,R,1085,11,10966690924,156422284,608,5,0
4924603007078689,3129404,qlever-server-d,R,1095,10,11059321360,66399471,520,8,0
4924603007078689,3129405,qlever-server-d,R,1095,8,11037201339,86088489,564,3,0
4924603007078689,3129406,qlever-server-d,R,1085,9,10947251114,167900401,559,6,0
4924603007078689,3129407,qlever-server-d,R,1083,8,10926153125,207839840,402,11,0
4924603007078689,3129408,qlever-server-d,S,0,0,15360,0,1,13,futex_do_wait
4924603007078689,3129409,qlever-server-d,S,0,0,163781,0,5,12,ep_poll
4924603007078689,3129410,qlever-server-d,S,0,0,435510,20000,10,3,futex_do_wait
4924603007078689,3129411,qlever-server-d,S,1,11,129510549,239799836,1158,0,futex_do_wait
4924603007078689,3129412,qlever-server-d,S,0,11,119059309,212425184,1011,7,futex_do_wait
4924603007078689,3129413,qlever-server-d,S,0,10,109139179,265134362,1172,8,futex_do_wait
4924603007078689,3129414,qlever-server-d,S,0,18,193652226,279435769,1336,2,futex_do_wait
4924603007078689,3129415,qlever-server-d,S,0,10,109751495,242588017,1195,1,futex_do_wait
4924603007078689,3129416,qlever-server-d,S,0,9,94093323,221983042,991,8,futex_do_wait
4924603007078689,3129417,qlever-server-d,S,1,13,148596312,313406542,1302,3,futex_do_wait
4924603007078689,3129418,qlever-server-d,S,0,16,173716643,232093326,1115,7,ep_poll
4924603007078689,3130333,qlever-server-d,S,0,0,493011,4505883,19,5,futex_do_wait
4924603007078689,3130334,qlever-server-d,S,0,0,3854691,6141634,66,7,futex_do_wait
4924603007078689,3130335,qlever-server-d,R,41,3,459242928,207289402,652,12,0
4924603007078689,3130336,qlever-server-d,S,5,1,66084402,86055686,245,12,futex_do_wait
4924603007078689,3130337,qlever-server-d,S,6,0,66277064,81187200,236,12,futex_do_wait
4924603007078689,3130338,qlever-server-d,R,55,2,583562368,229635504,505,7,0
4924603007078689,3130339,qlever-server-d,R,58,3,612963372,228064798,401,0,0
4924603007078689,0,__system__,-,1024882887,7867992904,0,0,0,-1,-
4924603028493309,3128855,qlever-server-d,S,936,1591,25279315500,30777902,1912,1,futex_do_wait
4924603028493309,3128859,qlever-server-d,S,0,0,2931693,2566871,26,13,futex_do_wait
4924603028493309,3129400,qlever-server-d,R,1085,9,10948069617,195223903,465,4,0
4924603028493309,3129401,qlever-server-d,R,1088,8,10969068770,167529196,365,10,0
4924603028493309,3129402,qlever-server-d,R,1089,12,11014629629,129906183,753,15,0
4924603028493309,3129403,qlever-server-d,R,1087,11,10987692256,156422284,608,5,0
4924603028493309,3129404,qlever-server-d,R,1097,10,11079995812,66724631,522,8,0
4924603028493309,3129405,qlever-server-d,R,1097,8,11059201651,86088489,564,3,0
4924603028493309,3129406,qlever-server-d,R,1087,9,10969251656,167900401,559,6,0
4924603028493309,3129407,qlever-server-d,R,1085,8,10948116517,207876610,403,11,0
4924603028493309,3129408,qlever-server-d,S,0,0,15360,0,1,13,futex_do_wait
4924603028493309,3129409,qlever-server-d,S,0,0,163781,0,5,12,ep_poll
4924603028493309,3129410,qlever-server-d,S,0,0,435510,20000,10,3,futex_do_wait
4924603028493309,3129411,qlever-server-d,S,1,11,129510549,239799836,1158,0,futex_do_wait
4924603028493309,3129412,qlever-server-d,S,0,11,119059309,212425184,1011,7,futex_do_wait
4924603028493309,3129413,qlever-server-d,S,0,10,109139179,265134362,1172,8,futex_do_wait
4924603028493309,3129414,qlever-server-d,S,0,18,193652226,279435769,1336,2,futex_do_wait
4924603028493309,3129415,qlever-server-d,S,0,10,109751495,242588017,1195,1,futex_do_wait
4924603028493309,3129416,qlever-server-d,S,0,9,94093323,221983042,991,8,futex_do_wait
4924603028493309,3129417,qlever-server-d,S,1,13,148596312,313406542,1302,3,futex_do_wait
4924603028493309,3129418,qlever-server-d,S,0,16,173716643,232093326,1115,7,ep_poll
4924603028493309,3130333,qlever-server-d,S,0,0,493011,4505883,19,5,futex_do_wait
4924603028493309,3130334,qlever-server-d,S,0,0,3908721,6352065,67,7,futex_do_wait
4924603028493309,3130335,qlever-server-d,S,42,4,467005582,211241634,678,0,futex_do_wait
4924603028493309,3130336,qlever-server-d,S,5,1,66584013,87632286,247,0,futex_do_wait
4924603028493309,3130337,qlever-server-d,S,6,0,66780204,82939051,238,12,futex_do_wait
4924603028493309,3130338,qlever-server-d,R,57,2,604323849,229759454,511,7,0
4924603028493309,3130339,qlever-server-d,R,59,3,629761672,232550050,420,0,0
4924603028493309,0,__system__,-,1024882921,7867992939,0,0,0,-1,-
4924603048414910,3128855,qlever-server-d,S,936,1591,25279315500,30777902,1912,1,futex_do_wait
4924603048414910,3128859,qlever-server-d,S,0,0,2931693,2566871,26,13,futex_do_wait
4924603048414910,3129400,qlever-server-d,R,1087,9,10968069368,195223903,465,4,0
4924603048414910,3129401,qlever-server-d,R,1090,8,10988724621,167529196,365,10,0
4924603048414910,3129402,qlever-server-d,R,1091,12,11034605480,129929473,754,15,0
4924603048414910,3129403,qlever-server-d,R,1089,11,11007692097,156422284,608,5,0
4924603048414910,3129404,qlever-server-d,R,1099,10,11099996093,66724631,522,8,0
4924603048414910,3129405,qlever-server-d,R,1099,8,11078671232,86088489,564,3,0
4924603048414910,3129406,qlever-server-d,R,1089,9,10988258077,167995251,560,6,0
4924603048414910,3129407,qlever-server-d,R,1087,8,10968090988,207902110,404,11,0
4924603048414910,3129408,qlever-server-d,S,0,0,15360,0,1,13,futex_do_wait
4924603048414910,3129409,qlever-server-d,S,0,0,163781,0,5,12,ep_poll
4924603048414910,3129410,qlever-server-d,S,0,0,435510,20000,10,3,futex_do_wait
4924603048414910,3129411,qlever-server-d,S,1,11,129510549,239799836,1158,0,futex_do_wait
4924603048414910,3129412,qlever-server-d,S,0,11,119059309,212425184,1011,7,futex_do_wait
4924603048414910,3129413,qlever-server-d,S,0,10,109139179,265134362,1172,8,futex_do_wait
4924603048414910,3129414,qlever-server-d,S,0,18,193652226,279435769,1336,2,futex_do_wait
4924603048414910,3129415,qlever-server-d,S,0,10,109751495,242588017,1195,1,futex_do_wait
4924603048414910,3129416,qlever-server-d,S,0,9,94093323,221983042,991,8,futex_do_wait
4924603048414910,3129417,qlever-server-d,S,1,13,148596312,313406542,1302,3,futex_do_wait
4924603048414910,3129418,qlever-server-d,S,0,16,173716643,232093326,1115,7,ep_poll
4924603048414910,3130333,qlever-server-d,S,0,0,524711,4505883,20,13,futex_do_wait
4924603048414910,3130334,qlever-server-d,S,0,0,3908721,6352065,67,7,futex_do_wait
4924603048414910,3130335,qlever-server-d,R,43,4,471921564,215971438,706,7,0
4924603048414910,3130336,qlever-server-d,S,5,1,66597623,88038837,248,0,futex_do_wait
4924603048414910,3130337,qlever-server-d,S,6,0,67201625,82942481,239,0,futex_do_wait
4924603048414910,3130338,qlever-server-d,R,59,2,623418790,230553174,516,7,0
4924603048414910,3130339,qlever-server-d,R,60,3,644009640,235815732,437,13,0
4924603048414910,0,__system__,-,1024882950,7867992970,0,0,0,-1,-
4924603066929723,3128855,qlever-server-d,S,936,1591,25279315500,30777902,1912,1,futex_do_wait
4924603066929723,3128859,qlever-server-d,S,0,0,2931693,2566871,26,13,futex_do_wait
4924603066929723,3129400,qlever-server-d,R,1089,9,10987070628,195223903,465,4,0
4924603066929723,3129401,qlever-server-d,R,1091,8,11007638181,167529196,365,10,0
4924603066929723,3129402,qlever-server-d,R,1093,12,11053020710,130514553,761,15,0
4924603066929723,3129403,qlever-server-d,R,1091,11,11026659746,156455445,609,5,0
4924603066929723,3129404,qlever-server-d,R,1101,10,11118995403,66724631,522,8,0
4924603066929723,3129405,qlever-server-d,R,1101,8,11097201392,86088489,564,3,0
4924603066929723,3129406,qlever-server-d,R,1091,9,11007157787,167995251,560,6,0
4924603066929723,3129407,qlever-server-d,R,1089,8,10986058288,207934230,405,11,0
4924603066929723,3129408,qlever-server-d,S,0,0,15360,0,1,13,futex_do_wait
4924603066929723,3129409,qlever-server-d,S,0,0,163781,0,5,12,ep_poll
4924603066929723,3129410,qlever-server-d,S,0,0,435510,20000,10,3,futex_do_wait
4924603066929723,3129411,qlever-server-d,S,1,11,129510549,239799836,1158,0,futex_do_wait
4924603066929723,3129412,qlever-server-d,S,0,11,119059309,212425184,1011,7,futex_do_wait
4924603066929723,3129413,qlever-server-d,S,0,10,109139179,265134362,1172,8,futex_do_wait
4924603066929723,3129414,qlever-server-d,S,0,18,193652226,279435769,1336,2,futex_do_wait
4924603066929723,3129415,qlever-server-d,S,0,10,109751495,242588017,1195,1,futex_do_wait
4924603066929723,3129416,qlever-server-d,S,0,9,94093323,221983042,991,8,futex_do_wait
4924603066929723,3129417,qlever-server-d,S,1,13,148596312,313406542,1302,3,futex_do_wait
4924603066929723,3129418,qlever-server-d,S,0,16,173716643,232093326,1115,7,ep_poll
4924603066929723,3130333,qlever-server-d,S,0,0,524711,4505883,20,13,futex_do_wait
4924603066929723,3130334,qlever-server-d,S,0,0,3908721,6352065,67,7,futex_do_wait
4924603066929723,3130335,qlever-server-d,S,43,4,474980015,220605749,724,7,futex_do_wait
4924603066929723,3130336,qlever-server-d,S,5,1,66597623,88038837,248,0,futex_do_wait
4924603066929723,3130337,qlever-server-d,S,6,0,67201625,82942481,239,0,futex_do_wait
4924603066929723,3130338,qlever-server-d,R,60,2,633573785,235876157,531,7,0
4924603066929723,3130339,qlever-server-d,R,61,3,651101256,247443257,452,7,0
4924603066929723,0,__system__,-,1024882980,7867993000,0,0,0,-1,-
4924603090116100,3128855,qlever-server-d,S,936,1591,25279315500,30777902,1912,1,futex_do_wait
4924603090116100,3128859,qlever-server-d,S,0,0,2931693,2566871,26,13,futex_do_wait
4924603090116100,3129400,qlever-server-d,R,1091,9,11010070651,195223903,465,4,0
4924603090116100,3129401,qlever-server-d,R,1094,8,11030639624,167529196,365,10,0
4924603090116100,3129402,qlever-server-d,R,1094,12,11072532311,134190715,778,15,0
4924603090116100,3129403,qlever-server-d,R,1093,11,11049659419,156455445,609,5,0
4924603090116100,3129404,qlever-server-d,R,1103,10,11141950766,66770851,523,8,0
4924603090116100,3129405,qlever-server-d,R,1103,8,11120205025,86088489,564,3,0
4924603090116100,3129406,qlever-server-d,R,1093,9,11030156620,167995251,560,6,0
4924603090116100,3129407,qlever-server-d,R,1092,8,11009016451,207976360,406,11,0
4924603090116100,3129408,qlever-server-d,S,0,0,15360,0,1,13,futex_do_wait
4924603090116100,3129409,qlever-server-d,S,0,0,163781,0,5,12,ep_poll
4924603090116100,3129410,qlever-server-d,S,0,0,435510,20000,10,3,futex_do_wait
4924603090116100,3129411,qlever-server-d,S,1,11,129510549,239799836,1158,0,futex_do_wait
4924603090116100,3129412,qlever-server-d,S,0,11,119059309,212425184,1011,7,futex_do_wait
4924603090116100,3129413,qlever-server-d,S,0,10,109139179,265134362,1172,8,futex_do_wait
4924603090116100,3129414,qlever-server-d,S,0,18,193652226,279435769,1336,2,futex_do_wait
4924603090116100,3129415,qlever-server-d,S,0,10,109751495,242588017,1195,1,futex_do_wait
4924603090116100,3129416,qlever-server-d,S,0,9,94093323,221983042,991,8,futex_do_wait
4924603090116100,3129417,qlever-server-d,S,1,13,148596312,313406542,1302,3,futex_do_wait
4924603090116100,3129418,qlever-server-d,S,0,16,173716643,232093326,1115,7,ep_poll
4924603090116100,3130333,qlever-server-d,S,0,0,524711,4505883,20,13,futex_do_wait
4924603090116100,3130334,qlever-server-d,S,0,0,3908721,6352065,67,7,futex_do_wait
4924603090116100,3130335,qlever-server-d,R,43,4,479848657,229864954,747,15,0
4924603090116100,3130336,qlever-server-d,S,5,1,67238244,88038837,249,0,futex_do_wait
4924603090116100,3130337,qlever-server-d,S,6,0,67222295,83549392,240,0,futex_do_wait
4924603090116100,3130338,qlever-server-d,R,61,2,644444914,245634551,546,7,0
4924603090116100,3130339,qlever-server-d,R,62,3,661471660,259542346,470,7,0
4924603090116100,0,__system__,-,1024883015,7867993037,0,0,0,-1,-
4924603148085938,3128855,qlever-server-d,S,936,1591,25279315500,30777902,1912,1,futex_do_wait
4924603148085938,3128859,qlever-server-d,S,0,0,2931693,2566871,26,13,futex_do_wait
4924603148085938,3129400,qlever-server-d,R,1097,9,11068052603,195242183,466,4,0
4924603148085938,3129401,qlever-server-d,R,1100,8,11088613636,167554396,366,10,0
4924603148085938,3129402,qlever-server-d,R,1098,12,11114272440,150522719,827,15,0
4924603148085938,3129403,qlever-server-d,R,1099,11,11107643971,156475855,610,5,0
4924603148085938,3129404,qlever-server-d,R,1109,10,11199925308,66795721,524,8,0
4924603148085938,3129405,qlever-server-d,R,1109,8,11178175257,86114809,565,3,0
4924603148085938,3129406,qlever-server-d,R,1098,9,11088057492,168095881,562,6,0
4924603148085938,3129407,qlever-server-d,R,1097,8,11066869273,208123740,410,11,0
4924603148085938,3129408,qlever-server-d,S,0,0,15360,0,1,13,futex_do_wait
4924603148085938,3129409,qlever-server-d,S,0,0,163781,0,5,12,ep_poll
4924603148085938,3129410,qlever-server-d,S,0,0,435510,20000,10,3,futex_do_wait
4924603148085938,3129411,qlever-server-d,S,1,11,129510549,239799836,1158,0,futex_do_wait
4924603148085938,3129412,qlever-server-d,S,0,11,119059309,212425184,1011,7,futex_do_wait
4924603148085938,3129413,qlever-server-d,S,0,10,109139179,265134362,1172,8,futex_do_wait
4924603148085938,3129414,qlever-server-d,S,0,18,193652226,279435769,1336,2,futex_do_wait
4924603148085938,3129415,qlever-server-d,S,0,10,109751495,242588017,1195,1,futex_do_wait
4924603148085938,3129416,qlever-server-d,S,0,9,94093323,221983042,991,8,futex_do_wait
4924603148085938,3129417,qlever-server-d,S,1,13,148596312,313406542,1302,3,futex_do_wait
4924603148085938,3129418,qlever-server-d,S,0,16,173716643,232093326,1115,7,ep_poll
4924603148085938,3130333,qlever-server-d,R,0,0,524711,59700874,20,5,0
4924603148085938,3130334,qlever-server-d,S,0,0,3955221,7276435,68,7,futex_do_wait
4924603148085938,3130335,qlever-server-d,R,45,4,496394050,250879225,795,15,0
4924603148085938,3130336,qlever-server-d,S,5,1,67800475,89785188,252,0,futex_do_wait
4924603148085938,3130337,qlever-server-d,S,6,0,68259836,84038243,243,0,futex_do_wait
4924603148085938,3130338,qlever-server-d,R,64,2,673956748,272830748,581,7,0
4924603148085938,3130339,qlever-server-d,R,65,3,690231258,287867380,506,7,0
4924603148085938,0,__system__,-,1024883103,7867993130,0,0,0,-1,-
4924603149869444,3128855,qlever-server-d,S,936,1591,25279315500,30777902,1912,1,futex_do_wait
4924603149869444,3128859,qlever-server-d,S,0,0,2931693,2566871,26,13,futex_do_wait
4924603149869444,3129400,qlever-server-d,R,1097,9,11070051495,195242183,466,4,0
4924603149869444,3129401,qlever-server-d,R,1100,8,11090616928,167554396,366,10,0
4924603149869444,3129402,qlever-server-d,R,1099,12,11115749951,150789409,828,15,0
4924603149869444,3129403,qlever-server-d,R,1099,11,11107643971,156475855,610,5,0
4924603149869444,3129404,qlever-server-d,R,1109,10,11201926360,66795721,524,8,0
4924603149869444,3129405,qlever-server-d,R,1109,8,11180176559,86114809,565,3,0
4924603149869444,3129406,qlever-server-d,R,1099,9,11090057594,168095881,562,6,0
4924603149869444,3129407,qlever-server-d,R,1097,8,11068870335,208123740,410,11,0
4924603149869444,3129408,qlever-server-d,S,0,0,15360,0,1,13,futex_do_wait
4924603149869444,3129409,qlever-server-d,S,0,0,163781,0,5,12,ep_poll
4924603149869444,3129410,qlever-server-d,S,0,0,435510,20000,10,3,futex_do_wait
4924603149869444,3129411,qlever-server-d,S,1,11,129510549,239799836,1158,0,futex_do_wait
4924603149869444,3129412,qlever-server-d,S,0,11,119059309,212425184,1011,7,futex_do_wait
4924603149869444,3129413,qlever-server-d,S,0,10,109139179,265134362,1172,8,futex_do_wait
4924603149869444,3129414,qlever-server-d,S,0,18,193652226,279435769,1336,2,futex_do_wait
4924603149869444,3129415,qlever-server-d,S,0,10,109751495,242588017,1195,1,futex_do_wait
4924603149869444,3129416,qlever-server-d,S,0,9,94093323,221983042,991,8,futex_do_wait
4924603149869444,3129417,qlever-server-d,S,1,13,148596312,313406542,1302,3,futex_do_wait
4924603149869444,3129418,qlever-server-d,S,0,16,173716643,232093326,1115,7,ep_poll
4924603149869444,3130333,qlever-server-d,R,0,0,524711,59700874,20,5,0
4924603149869444,3130334,qlever-server-d,S,0,0,3955221,7276435,68,7,futex_do_wait
4924603149869444,3130335,qlever-server-d,R,45,4,496886110,251536226,796,15,0
4924603149869444,3130336,qlever-server-d,S,5,1,67800475,89785188,252,0,futex_do_wait
4924603149869444,3130337,qlever-server-d,S,6,0,68259836,84038243,243,0,futex_do_wait
4924603149869444,3130338,qlever-server-d,R,64,2,674824938,273632849,582,7,0
4924603149869444,3130339,qlever-server-d,R,65,3,691053519,288724000,507,7,0
4924603149869444,0,__system__,-,1024883105,7867993132,0,0,0,-1,-
4924603170013104,3128855,qlever-server-d,S,936,1591,25279315500,30777902,1912,1,futex_do_wait
4924603170013104,3128859,qlever-server-d,S,0,0,2931693,2566871,26,13,futex_do_wait
4924603170013104,3129400,qlever-server-d,R,1099,9,11090051346,195242183,466,4,0
4924603170013104,3129401,qlever-server-d,R,1102,8,11109527208,168633497,369,5,0
4924603170013104,3129402,qlever-server-d,R,1101,12,11135222262,151313879,830,15,0
4924603170013104,3129403,qlever-server-d,R,1100,11,11127061042,159047167,611,2,0
4924603170013104,3129404,qlever-server-d,R,1111,10,11221891111,66830571,525,8,0
4924603170013104,3129405,qlever-server-d,R,1111,8,11199972170,86319939,567,3,0
4924603170013104,3129406,qlever-server-d,R,1101,9,11110057405,168095881,562,6,0
4924603170013104,3129407,qlever-server-d,R,1099,8,11088832486,208160160,411,11,0
4924603170013104,3129408,qlever-server-d,S,0,0,15360,0,1,13,futex_do_wait
4924603170013104,3129409,qlever-server-d,S,0,0,163781,0,5,12,ep_poll
4924603170013104,3129410,qlever-server-d,S,0,0,435510,20000,10,3,futex_do_wait
4924603170013104,3129411,qlever-server-d,S,1,11,129510549,239799836,1158,0,futex_do_wait
4924603170013104,3129412,qlever-server-d,S,0,11,119059309,212425184,1011,7,futex_do_wait
4924603170013104,3129413,qlever-server-d,S,0,10,109139179,265134362,1172,8,futex_do_wait
4924603170013104,3129414,qlever-server-d,S,0,18,193652226,279435769,1336,2,futex_do_wait
4924603170013104,3129415,qlever-server-d,S,0,10,109751495,242588017,1195,1,futex_do_wait
4924603170013104,3129416,qlever-server-d,S,0,9,94093323,221983042,991,8,futex_do_wait
4924603170013104,3129417,qlever-server-d,S,1,13,148596312,313406542,1302,3,futex_do_wait
4924603170013104,3129418,qlever-server-d,S,0,16,173716643,232093326,1115,7,ep_poll
4924603170013104,3130333,qlever-server-d,S,0,0,543281,63671296,21,5,futex_do_wait
4924603170013104,3130334,qlever-server-d,S,0,0,4004761,7280315,69,0,futex_do_wait
4924603170013104,3130335,qlever-server-d,S,45,4,501136601,258441470,816,0,futex_do_wait
4924603170013104,3130336,qlever-server-d,S,5,1,67800475,89785188,252,0,futex_do_wait
4924603170013104,3130337,qlever-server-d,S,6,0,68259836,84038243,243,0,futex_do_wait
4924603170013104,3130338,qlever-server-d,R,65,2,683821283,283812774,595,7,0
4924603170013104,3130339,qlever-server-d,R,66,3,699802394,298002656,517,7,0
4924603170013104,0,__system__,-,1024883134,7867993164,0,0,0,-1,-
4924603190082335,3128855,qlever-server-d,S,936,1591,25279315500,30777902,1912,1,futex_do_wait
4924603190082335,3128859,qlever-server-d,S,0,0,2931693,2566871,26,13,futex_do_wait
4924603190082335,3129400,qlever-server-d,R,1101,9,11110051327,195242183,466,4,0
4924603190082335,3129401,qlever-server-d,R,1104,8,11129313019,168847407,372,13,0
4924603190082335,3129402,qlever-server-d,R,1103,12,11155222593,151313879,830,15,0
4924603190082335,3129403,qlever-server-d,R,1102,11,11147062033,159047167,611,2,0
4924603190082335,3129404,qlever-server-d,R,1113,10,11241892242,66830571,525,8,0
4924603190082335,3129405,qlever-server-d,R,1113,8,11219971131,86319939,567,3,0
4924603190082335,3129406,qlever-server-d,R,1103,9,11130056396,168095881,562,6,0
4924603190082335,3129407,qlever-server-d,R,1101,8,11108806887,208187320,412,11,0
4924603190082335,3129408,qlever-server-d,S,0,0,15360,0,1,13,futex_do_wait
4924603190082335,3129409,qlever-server-d,S,0,0,163781,0,5,12,ep_poll
4924603190082335,3129410,qlever-server-d,S,0,0,435510,20000,10,3,futex_do_wait
4924603190082335,3129411,qlever-server-d,S,1,11,129510549,239799836,1158,0,futex_do_wait
4924603190082335,3129412,qlever-server-d,S,0,11,119059309,212425184,1011,7,futex_do_wait
4924603190082335,3129413,qlever-server-d,S,0,10,109139179,265134362,1172,8,futex_do_wait
4924603190082335,3129414,qlever-server-d,S,0,18,193652226,279435769,1336,2,futex_do_wait
4924603190082335,3129415,qlever-server-d,S,0,10,109751495,242588017,1195,1,futex_do_wait
4924603190082335,3129416,qlever-server-d,S,0,9,94093323,221983042,991,8,futex_do_wait
4924603190082335,3129417,qlever-server-d,S,1,13,148596312,313406542,1302,3,futex_do_wait
4924603190082335,3129418,qlever-server-d,S,0,16,173716643,232093326,1115,7,ep_poll
4924603190082335,3130333,qlever-server-d,S,0,0,543281,63671296,21,5,futex_do_wait
4924603190082335,3130334,qlever-server-d,S,0,0,4004761,7280315,69,0,futex_do_wait
4924603190082335,3130335,qlever-server-d,S,45,4,504705735,263702980,839,7,futex_do_wait
4924603190082335,3130336,qlever-server-d,S,5,1,68266745,89788238,253,0,futex_do_wait
4924603190082335,3130337,qlever-server-d,S,6,0,68272756,84489093,244,0,futex_do_wait
4924603190082335,3130338,qlever-server-d,R,66,2,693452238,293830049,615,7,0
4924603190082335,3130339,qlever-server-d,R,67,3,710834448,305772762,527,1,0
4924603190082335,0,__system__,-,1024883165,7867993197,0,0,0,-1,-
4924603210102005,3128855,qlever-server-d,S,936,1591,25279315500,30777902,1912,1,futex_do_wait
4924603210102005,3128859,qlever-server-d,S,0,0,2931693,2566871,26,13,futex_do_wait
4924603210102005,3129400,qlever-server-d,R,1103,9,11130022048,195273103,467,4,0
4924603210102005,3129401,qlever-server-d,R,1105,8,11147672069,170488768,373,13,0
4924603210102005,3129402,qlever-server-d,R,1105,12,11175193304,151344809,831,15,0
4924603210102005,3129403,qlever-server-d,R,1104,11,11167062744,159047167,611,2,0
4924603210102005,3129404,qlever-server-d,R,1115,10,11261892523,66830571,525,8,0
4924603210102005,3129405,qlever-server-d,R,1115,8,11239971712,86319939,567,3,0
4924603210102005,3129406,qlever-server-d,R,1104,10,11149942617,168212711,563,6,0
4924603210102005,3129407,qlever-server-d,R,1103,8,11128526628,208467950,414,11,0
4924603210102005,3129408,qlever-server-d,S,0,0,15360,0,1,13,futex_do_wait
4924603210102005,3129409,qlever-server-d,S,0,0,163781,0,5,12,ep_poll
4924603210102005,3129410,qlever-server-d,S,0,0,435510,20000,10,3,futex_do_wait
4924603210102005,3129411,qlever-server-d,S,1,11,129510549,239799836,1158,0,futex_do_wait
4924603210102005,3129412,qlever-server-d,S,0,11,119059309,212425184,1011,7,futex_do_wait
4924603210102005,3129413,qlever-server-d,S,0,10,109139179,265134362,1172,8,futex_do_wait
4924603210102005,3129414,qlever-server-d,S,0,18,193652226,279435769,1336,2,futex_do_wait
4924603210102005,3129415,qlever-server-d,S,0,10,109751495,242588017,1195,1,futex_do_wait
4924603210102005,3129416,qlever-server-d,S,0,9,94093323,221983042,991,8,futex_do_wait
4924603210102005,3129417,qlever-server-d,S,1,13,148596312,313406542,1302,3,futex_do_wait
4924603210102005,3129418,qlever-server-d,S,0,16,173716643,232093326,1115,7,ep_poll
4924603210102005,3130333,qlever-server-d,S,0,0,563021,63671296,22,5,futex_do_wait
4924603210102005,3130334,qlever-server-d,S,0,0,4004761,7280315,69,0,futex_do_wait
4924603210102005,3130335,qlever-server-d,R,46,4,509000516,270816585,861,7,0
4924603210102005,3130336,qlever-server-d,S,5,1,68290055,94001530,254,7,futex_do_wait
4924603210102005,3130337,qlever-server-d,S,6,0,68724346,84492493,245,7,futex_do_wait
4924603210102005,3130338,qlever-server-d,R,68,2,708664239,298621580,637,7,0
4924603210102005,3130339,qlever-server-d,R,68,3,729864238,305772762,528,1,0
4924603210102005,0,__system__,-,1024883195,7867993228,0,0,0,-1,-
4924603230090386,3128855,qlever-server-d,S,936,1591,25279315500,30777902,1912,1,futex_do_wait
4924603230090386,3128859,qlever-server-d,S,0,0,2931693,2566871,26,13,futex_do_wait
4924603230090386,3129400,qlever-server-d,R,1105,9,11150021059,195273103,467,4,0
4924603230090386,3129401,qlever-server-d,R,1107,8,11166166099,171995109,375,13,0
4924603230090386,3129402,qlever-server-d,R,1106,12,11195157745,151378599,832,15,0
4924603230090386,3129403,qlever-server-d,R,1106,11,11187062505,159047167,611,2,0
4924603230090386,3129404,qlever-server-d,R,1117,10,11281710434,67012211,526,8,0
4924603230090386,3129405,qlever-server-d,R,1117,8,11259971743,86319939,567,3,0
4924603230090386,3129406,qlever-server-d,R,1106,10,11169940918,168212711,563,6,0
4924603230090386,3129407,qlever-server-d,R,1105,8,11148494569,208500100,415,11,0
4924603230090386,3129408,qlever-server-d,S,0,0,15360,0,1,13,futex_do_wait
4924603230090386,3129409,qlever-server-d,S,0,0,163781,0,5,12,ep_poll
4924603230090386,3129410,qlever-server-d,S,0,0,435510,20000,10,3,futex_do_wait
4924603230090386,3129411,qlever-server-d,S,1,11,129510549,239799836,1158,0,futex_do_wait
4924603230090386,3129412,qlever-server-d,S,0,11,119059309,212425184,1011,7,futex_do_wait
4924603230090386,3129413,qlever-server-d,S,0,10,109139179,265134362,1172,8,futex_do_wait
4924603230090386,3129414,qlever-server-d,S,0,18,193652226,279435769,1336,2,futex_do_wait
4924603230090386,3129415,qlever-server-d,S,0,10,109751495,242588017,1195,1,futex_do_wait
4924603230090386,3129416,qlever-server-d,S,0,9,94093323,221983042,991,8,futex_do_wait
4924603230090386,3129417,qlever-server-d,S,1,13,148596312,313406542,1302,3,futex_do_wait
4924603230090386,3129418,qlever-server-d,S,0,16,173716643,232093326,1115,7,ep_poll
4924603230090386,3130333,qlever-server-d,S,0,0,563021,63671296,22,5,futex_do_wait
4924603230090386,3130334,qlever-server-d,S,0,0,4004761,7280315,69,0,futex_do_wait
4924603230090386,3130335,qlever-server-d,S,46,4,516829189,272271527,888,1,futex_do_wait
4924603230090386,3130336,qlever-server-d,S,5,1,68815655,94468940,256,7,futex_do_wait
4924603230090386,3130337,qlever-server-d,S,6,0,69217576,84981593,247,7,futex_do_wait
4924603230090386,3130338,qlever-server-d,R,69,2,725608760,301534520,643,7,0
4924603230090386,3130339,qlever-server-d,R,70,4,743019526,311707325,555,1,0
4924603230090386,0,__system__,-,1024883225,7867993260,0,0,0,-1,-
4924603250082547,3128855,qlever-server-d,S,936,1591,25279315500,30777902,1912,1,futex_do_wait
4924603250082547,3128859,qlever-server-d,S,0,0,2931693,2566871,26,13,futex_do_wait
4924603250082547,3129400,qlever-server-d,R,1107,9,11170021920,195273103,467,4,0
4924603250082547,3129401,qlever-server-d,R,1109,8,11184307629,173853740,376,13,0
4924603250082547,3129402,qlever-server-d,R,1108,12,11215159736,151378599,832,15,0
4924603250082547,3129403,qlever-server-d,R,1108,11,11207061836,159047167,611,2,0
4924603250082547,3129404,qlever-server-d,R,1119,10,11301710145,67012211,526,8,0
4924603250082547,3129405,qlever-server-d,R,1119,8,11279970984,86319939,567,3,0
4924603250082547,3129406,qlever-server-d,R,1108,10,11189941439,168212711,563,6,0
4924603250082547,3129407,qlever-server-d,R,1107,8,11168466670,208527070,416,11,0
4924603250082547,3129408,qlever-server-d,S,0,0,15360,0,1,13,futex_do_wait
4924603250082547,3129409,qlever-server-d,S,0,0,163781,0,5,12,ep_poll
4924603250082547,3129410,qlever-server-d,S,0,0,435510,20000,10,3,futex_do_wait
4924603250082547,3129411,qlever-server-d,S,1,11,129510549,239799836,1158,0,futex_do_wait
4924603250082547,3129412,qlever-server-d,S,0,11,119059309,212425184,1011,7,futex_do_wait
4924603250082547,3129413,qlever-server-d,S,0,10,109139179,265134362,1172,8,futex_do_wait
4924603250082547,3129414,qlever-server-d,S,0,18,193652226,279435769,1336,2,futex_do_wait
4924603250082547,3129415,qlever-server-d,S,0,10,109751495,242588017,1195,1,futex_do_wait
4924603250082547,3129416,qlever-server-d,S,0,9,94093323,221983042,991,8,futex_do_wait
4924603250082547,3129417,qlever-server-d,S,1,13,148596312,313406542,1302,3,futex_do_wait
4924603250082547,3129418,qlever-server-d,S,0,16,173716643,232093326,1115,7,ep_poll
4924603250082547,3130333,qlever-server-d,R,0,0,563021,63671296,22,5,0
4924603250082547,3130334,qlever-server-d,S,0,0,4068391,7280315,70,0,futex_do_wait
4924603250082547,3130335,qlever-server-d,R,47,4,523760250,276611231,909,0,0
4924603250082547,3130336,qlever-server-d,S,5,1,69421855,94546990,258,5,futex_do_wait
4924603250082547,3130337,qlever-server-d,S,6,0,69664396,85555933,249,1,futex_do_wait
4924603250082547,3130338,qlever-server-d,R,71,2,741174109,301668870,653,5,0
4924603250082547,3130339,qlever-server-d,R,71,4,755396146,318736746,575,0,0
4924603250082547,0,__system__,-,1024883256,7867993293,0,0,0,-1,-
4924603270094538,3128855,qlever-server-d,S,936,1591,25279315500,30777902,1912,1,futex_do_wait
4924603270094538,3128859,qlever-server-d,S,0,0,2931693,2566871,26,13,futex_do_wait
4924603270094538,3129400,qlever-server-d,R,1109,9,11189980641,195314153,468,4,0
4924603270094538,3129401,qlever-server-d,R,1111,8,11202463819,175696021,379,13,0
4924603270094538,3129402,qlever-server-d,R,1110,12,11235162887,151459679,833,15,0
4924603270094538,3129403,qlever-server-d,R,1110,11,11227061327,159047167,611,2,0
4924603270094538,3129404,qlever-server-d,R,1121,10,11321725216,67059601,527,8,0
4924603270094538,3129405,qlever-server-d,R,1121,8,11299970975,86319939,567,3,0
4924603270094538,3129406,qlever-server-d,R,1110,10,11209941710,168212711,563,6,0
4924603270094538,3129407,qlever-server-d,R,1109,8,11188435331,208558600,417,11,0
4924603270094538,3129408,qlever-server-d,S,0,0,15360,0,1,13,futex_do_wait
4924603270094538,3129409,qlever-server-d,S,0,0,163781,0,5,12,ep_poll
4924603270094538,3129410,qlever-server-d,S,0,0,435510,20000,10,3,futex_do_wait
4924603270094538,3129411,qlever-server-d,S,1,11,129510549,239799836,1158,0,futex_do_wait
4924603270094538,3129412,qlever-server-d,S,0,11,119059309,212425184,1011,7,futex_do_wait
4924603270094538,3129413,qlever-server-d,S,0,10,109139179,265134362,1172,8,futex_do_wait
4924603270094538,3129414,qlever-server-d,S,0,18,193652226,279435769,1336,2,futex_do_wait
4924603270094538,3129415,qlever-server-d,S,0,10,109751495,242588017,1195,1,futex_do_wait
4924603270094538,3129416,qlever-server-d,S,0,9,94093323,221983042,991,8,futex_do_wait
4924603270094538,3129417,qlever-server-d,S,1,13,148596312,313406542,1302,3,futex_do_wait
4924603270094538,3129418,qlever-server-d,S,0,16,173716643,232093326,1115,7,ep_poll
4924603270094538,3130333,qlever-server-d,S,0,0,594081,65185517,23,5,futex_do_wait
4924603270094538,3130334,qlever-server-d,R,0,0,4117271,7286035,71,0,0
4924603270094538,3130335,qlever-server-d,R,48,4,532033266,282891403,930,0,0
4924603270094538,3130336,qlever-server-d,R,5,1,69893735,95032240,259,1,0
4924603270094538,3130337,qlever-server-d,S,6,0,70188346,86558633,251,1,futex_do_wait
4924603270094538,3130338,qlever-server-d,S,73,2,760222000,301785970,656,5,futex_do_wait
4924603270094538,3130339,qlever-server-d,R,72,4,770741483,321576840,594,0,0
4924603270094538,0,__system__,-,1024883287,7867993326,0,0,0,-1,-
4924603289968660,3128855,qlever-server-d,S,936,1591,25279315500,30777902,1912,1,futex_do_wait
4924603289968660,3128859,qlever-server-d,S,0,0,2931693,2566871,26,13,futex_do_wait
4924603289968660,3129400,qlever-server-d,R,1111,9,11209981052,195314153,468,4,0
4924603289968660,3129401,qlever-server-d,R,1113,9,11221655720,176708732,380,5,0
4924603289968660,3129402,qlever-server-d,R,1112,12,11255037638,151499169,834,15,0
4924603289968660,3129403,qlever-server-d,R,1112,11,11246945458,159163917,612,2,0
4924603289968660,3129404,qlever-server-d,R,1123,10,11341662947,67059601,527,8,0
4924603289968660,3129405,qlever-server-d,R,1123,8,11319971016,86319939,567,3,0
4924603289968660,3129406,qlever-server-d,R,1112,10,11229941561,168212711,563,6,0
4924603289968660,3129407,qlever-server-d,R,1111,8,11208407382,208586810,418,11,0
4924603289968660,3129408,qlever-server-d,S,0,0,15360,0,1,13,futex_do_wait
4924603289968660,3129409,qlever-server-d,S,0,0,163781,0,5,12,ep_poll
4924603289968660,3129410,qlever-server-d,S,0,0,435510,20000,10,3,futex_do_wait
4924603289968660,3129411,qlever-server-d,S,1,11,129510549,239799836,1158,0,futex_do_wait
4924603289968660,3129412,qlever-server-d,S,0,11,119059309,212425184,1011,7,futex_do_wait
4924603289968660,3129413,qlever-server-d,S,0,10,109139179,265134362,1172,8,futex_do_wait
4924603289968660,3129414,qlever-server-d,S,0,18,193652226,279435769,1336,2,futex_do_wait
4924603289968660,3129415,qlever-server-d,S,0,10,109751495,242588017,1195,1,futex_do_wait
4924603289968660,3129416,qlever-server-d,S,0,9,94093323,221983042,991,8,futex_do_wait
4924603289968660,3129417,qlever-server-d,S,1,13,148596312,313406542,1302,3,futex_do_wait
4924603289968660,3129418,qlever-server-d,S,0,16,173716643,232093326,1115,7,ep_poll
4924603289968660,3130333,qlever-server-d,S,0,0,594081,65185517,23,5,futex_do_wait
4924603289968660,3130334,qlever-server-d,S,0,0,4134971,8312236,72,0,futex_do_wait
4924603289968660,3130335,qlever-server-d,R,49,4,538176357,286490055,958,0,0
4924603289968660,3130336,qlever-server-d,S,5,1,70532086,95501250,261,1,futex_do_wait
4924603289968660,3130337,qlever-server-d,S,6,0,70214076,89974735,252,1,futex_do_wait
4924603289968660,3130338,qlever-server-d,R,74,2,775006168,303786762,674,1,0
4924603289968660,3130339,qlever-server-d,R,74,4,785120493,326536461,619,10,0
4924603289968660,0,__system__,-,1024883316,7867993357,0,0,0,-1,-
4924603310085150,3128855,qlever-server-d,S,936,1591,25279315500,30777902,1912,1,futex_do_wait
4924603310085150,3128859,qlever-server-d,S,0,0,2931693,2566871,26,13,futex_do_wait
4924603310085150,3129400,qlever-server-d,R,1112,9,11227003952,198290885,471,4,0
4924603310085150,3129401,qlever-server-d,R,1114,9,11240580680,177571923,381,5,0
4924603310085150,3129402,qlever-server-d,R,1114,12,11275025460,151542979,836,15,0
4924603310085150,3129403,qlever-server-d,R,1114,11,11266960970,159163917,612,2,0
4924603310085150,3129404,qlever-server-d,R,1125,10,11361662879,67059601,527,8,0
4924603310085150,3129405,qlever-server-d,R,1125,8,11340420948,86319939,567,3,0
4924603310085150,3129406,qlever-server-d,R,1114,10,11249942283,168212711,563,6,0
4924603310085150,3129407,qlever-server-d,R,1113,8,11228373714,208620450,419,11,0
4924603310085150,3129408,qlever-server-d,S,0,0,15360,0,1,13,futex_do_wait
4924603310085150,3129409,qlever-server-d,S,0,0,163781,0,5,12,ep_poll
4924603310085150,3129410,qlever-server-d,S,0,0,435510,20000,10,3,futex_do_wait
4924603310085150,3129411,qlever-server-d,S,1,11,129510549,239799836,1158,0,futex_do_wait
4924603310085150,3129412,qlever-server-d,S,0,11,119059309,212425184,1011,7,futex_do_wait
4924603310085150,3129413,qlever-server-d,S,0,10,109139179,265134362,1172,8,futex_do_wait
4924603310085150,3129414,qlever-server-d,S,0,18,193652226,279435769,1336,2,futex_do_wait
4924603310085150,3129415,qlever-server-d,S,0,10,109751495,242588017,1195,1,futex_do_wait
4924603310085150,3129416,qlever-server-d,S,0,9,94093323,221983042,991,8,futex_do_wait
4924603310085150,3129417,qlever-server-d,S,1,13,148596312,313406542,1302,3,futex_do_wait
4924603310085150,3129418,qlever-server-d,S,0,16,173716643,232093326,1115,7,ep_poll
4924603310085150,3130333,qlever-server-d,S,0,0,650862,65190347,24,5,futex_do_wait
4924603310085150,3130334,qlever-server-d,S,0,0,4300102,8335796,76,0,futex_do_wait
4924603310085150,3130335,qlever-server-d,S,50,4,552680785,290632428,973,0,futex_do_wait
4924603310085150,3130336,qlever-server-d,S,5,1,72308627,97587341,270,0,futex_do_wait
4924603310085150,3130337,qlever-server-d,S,6,0,72414777,91623756,261,0,futex_do_wait
4924603310085150,3130338,qlever-server-d,S,76,2,789932137,307279843,684,1,futex_do_wait
4924603310085150,3130339,qlever-server-d,R,75,4,800183811,331368034,624,0,0
4924603310085150,0,__system__,-,1024883347,7867993389,0,0,0,-1,-
4924603331009654,3128855,qlever-server-d,S,936,1591,25279315500,30777902,1912,1,futex_do_wait
4924603331009654,3128859,qlever-server-d,S,0,0,2931693,2566871,26,13,futex_do_wait
4924603331009654,3129400,qlever-server-d,R,1114,9,11244172662,202124306,474,4,0
4924603331009654,3129401,qlever-server-d,R,1117,9,11261583421,177571923,381,5,0
4924603331009654,3129402,qlever-server-d,R,1116,12,11295816911,151721519,843,15,0
4924603331009654,3129403,qlever-server-d,R,1116,11,11287945311,159163917,612,2,0
4924603331009654,3129404,qlever-server-d,R,1127,10,11382662550,67059601,527,8,0
4924603331009654,3129405,qlever-server-d,R,1127,8,11360971679,86319939,567,3,0
4924603331009654,3129406,qlever-server-d,R,1116,10,11271222144,168212711,563,6,0
4924603331009654,3129407,qlever-server-d,R,1115,8,11249344595,208650380,420,11,0
4924603331009654,3129408,qlever-server-d,S,0,0,15360,0,1,13,futex_do_wait
4924603331009654,3129409,qlever-server-d,S,0,0,163781,0,5,12,ep_poll
4924603331009654,3129410,qlever-server-d,S,0,0,435510,20000,10,3,futex_do_wait
4924603331009654,3129411,qlever-server-d,S,1,11,129510549,239799836,1158,0,futex_do_wait
4924603331009654,3129412,qlever-server-d,S,0,11,119059309,212425184,1011,7,futex_do_wait
4924603331009654,3129413,qlever-server-d,S,0,10,109139179,265134362,1172,8,futex_do_wait
4924603331009654,3129414,qlever-server-d,S,0,18,193652226,279435769,1336,2,futex_do_wait
4924603331009654,3129415,qlever-server-d,S,0,10,109751495,242588017,1195,1,futex_do_wait
4924603331009654,3129416,qlever-server-d,S,0,9,94093323,221983042,991,8,futex_do_wait
4924603331009654,3129417,qlever-server-d,S,1,13,148596312,313406542,1302,3,futex_do_wait
4924603331009654,3129418,qlever-server-d,S,0,16,173716643,232093326,1115,7,ep_poll
4924603331009654,3130333,qlever-server-d,S,0,0,650862,65190347,24,5,futex_do_wait
4924603331009654,3130334,qlever-server-d,S,0,0,4300102,8335796,76,0,futex_do_wait
4924603331009654,3130335,qlever-server-d,R,51,4,559998100,298317092,986,13,0
4924603331009654,3130336,qlever-server-d,R,6,1,72767417,97994432,272,13,0
4924603331009654,3130337,qlever-server-d,S,6,0,72855518,92057376,263,13,futex_do_wait
4924603331009654,3130338,qlever-server-d,R,77,2,808463617,308553574,692,1,0
4924603331009654,3130339,qlever-server-d,R,77,4,818149842,331850654,653,0,0
4924603331009654,0,__system__,-,1024883380,7867993423,0,0,0,-1,-
4924603349986323,3128855,qlever-server-d,S,936,1591,25279315500,30777902,1912,1,futex_do_wait
4924603349986323,3128859,qlever-server-d,S,0,0,2931693,2566871,26,13,futex_do_wait
4924603349986323,3129400,qlever-server-d,R,1116,9,11263144983,202321316,476,4,0
4924603349986323,3129401,qlever-server-d,R,1118,9,11280582532,177571923,381,5,0
4924603349986323,3129402,qlever-server-d,R,1118,12,11314717952,151847819,848,15,0
4924603349986323,3129403,qlever-server-d,R,1118,11,11306946122,159163917,612,2,0
4924603349986323,3129404,qlever-server-d,R,1129,10,11401663081,67059601,527,8,0
4924603349986323,3129405,qlever-server-d,R,1129,8,11379971710,86319939,567,3,0
4924603349986323,3129406,qlever-server-d,R,1118,10,11290108575,168212711,563,6,0
4924603349986323,3129407,qlever-server-d,R,1117,9,11268305256,208689600,421,11,0
4924603349986323,3129408,qlever-server-d,S,0,0,15360,0,1,13,futex_do_wait
4924603349986323,3129409,qlever-server-d,S,0,0,163781,0,5,12,ep_poll
4924603349986323,3129410,qlever-server-d,S,0,0,435510,20000,10,3,futex_do_wait
4924603349986323,3129411,qlever-server-d,S,1,11,129510549,239799836,1158,0,futex_do_wait
4924603349986323,3129412,qlever-server-d,S,0,11,119059309,212425184,1011,7,futex_do_wait
4924603349986323,3129413,qlever-server-d,S,0,10,109139179,265134362,1172,8,futex_do_wait
4924603349986323,3129414,qlever-server-d,S,0,18,193652226,279435769,1336,2,futex_do_wait
4924603349986323,3129415,qlever-server-d,S,0,10,109751495,242588017,1195,1,futex_do_wait
4924603349986323,3129416,qlever-server-d,S,0,9,94093323,221983042,991,8,futex_do_wait
4924603349986323,3129417,qlever-server-d,S,1,13,148596312,313406542,1302,3,futex_do_wait
4924603349986323,3129418,qlever-server-d,S,0,16,173716643,232093326,1115,7,ep_poll
4924603349986323,3130333,qlever-server-d,S,0,0,650862,65190347,24,5,futex_do_wait
4924603349986323,3130334,qlever-server-d,S,0,0,4379792,8343886,77,0,futex_do_wait
4924603349986323,3130335,qlever-server-d,R,52,4,568152585,309076938,991,13,0
4924603349986323,3130336,qlever-server-d,S,6,1,73741377,105571496,275,13,futex_do_wait
4924603349986323,3130337,qlever-server-d,S,6,0,73378018,95621048,266,13,futex_do_wait
4924603349986323,3130338,qlever-server-d,R,79,3,827464877,308553574,692,1,0
4924603349986323,3130339,qlever-server-d,R,79,4,835752272,332413914,665,0,0
4924603349986323,0,__system__,-,1024883410,7867993453,0,0,0,-1,-
4924603370326321,3128855,qlever-server-d,S,936,1591,25279315500,30777902,1912,1,futex_do_wait
4924603370326321,3128859,qlever-server-d,S,0,0,2931693,2566871,26,13,futex_do_wait
4924603370326321,3129400,qlever-server-d,R,1118,9,11282975594,202321316,476,4,0
4924603370326321,3129401,qlever-server-d,R,1120,9,11300552483,177602283,382,5,0
4924603370326321,3129402,qlever-server-d,R,1120,13,11334590023,151987629,854,15,0
4924603370326321,3129403,qlever-server-d,R,1120,11,11326947223,159163917,612,2,0
4924603370326321,3129404,qlever-server-d,R,1131,10,11421662832,67059601,527,8,0
4924603370326321,3129405,qlever-server-d,R,1130,9,11399971651,86319939,567,3,0
4924603370326321,3129406,qlever-server-d,R,1120,10,11309783255,169371482,564,6,0
4924603370326321,3129407,qlever-server-d,R,1119,9,11289273557,208721060,422,11,0
4924603370326321,3129408,qlever-server-d,S,0,0,15360,0,1,13,futex_do_wait
4924603370326321,3129409,qlever-server-d,S,0,0,163781,0,5,12,ep_poll
4924603370326321,3129410,qlever-server-d,S,0,0,435510,20000,10,3,futex_do_wait
4924603370326321,3129411,qlever-server-d,S,1,11,129510549,239799836,1158,0,futex_do_wait
4924603370326321,3129412,qlever-server-d,S,0,11,119059309,212425184,1011,7,futex_do_wait
4924603370326321,3129413,qlever-server-d,S,0,10,109139179,265134362,1172,8,futex_do_wait
4924603370326321,3129414,qlever-server-d,S,0,18,193652226,279435769,1336,2,futex_do_wait
4924603370326321,3129415,qlever-server-d,S,0,10,109751495,242588017,1195,1,futex_do_wait
4924603370326321,3129416,qlever-server-d,S,0,9,94093323,221983042,991,8,futex_do_wait
4924603370326321,3129417,qlever-server-d,S,1,13,148596312,313406542,1302,3,futex_do_wait
4924603370326321,3129418,qlever-server-d,S,0,16,173716643,232093326,1115,7,ep_poll
4924603370326321,3130333,qlever-server-d,S,0,0,681222,65195837,25,5,futex_do_wait
4924603370326321,3130334,qlever-server-d,S,0,0,4432732,8347936,78,13,futex_do_wait
4924603370326321,3130335,qlever-server-d,R,53,4,577701541,311802669,1009,13,0
4924603370326321,3130336,qlever-server-d,S,6,1,74207537,106030866,277,13,futex_do_wait
4924603370326321,3130337,qlever-server-d,S,6,0,73869928,96065498,268,13,futex_do_wait
4924603370326321,3130338,qlever-server-d,R,81,3,848463529,308553574,692,1,0
4924603370326321,3130339,qlever-server-d,R,80,4,854377433,332565354,691,0,0
4924603370326321,0,__system__,-,1024883442,7867993486,0,0,0,-1,-
4924603389977704,3128855,qlever-server-d,S,936,1591,25279315500,30777902,1912,1,futex_do_wait
4924603389977704,3128859,qlever-server-d,S,0,0,2931693,2566871,26,13,futex_do_wait
4924603389977704,3129400,qlever-server-d,R,1120,9,11302974595,202321316,476,4,0
4924603389977704,3129401,qlever-server-d,R,1122,9,11320551794,177602283,382,5,0
4924603389977704,3129402,qlever-server-d,R,1122,13,11354467864,152070739,858,15,0
4924603389977704,3129403,qlever-server-d,R,1122,12,11346946834,159163917,612,2,0
4924603389977704,3129404,qlever-server-d,R,1133,11,11441663223,67059601,527,8,0
4924603389977704,3129405,qlever-server-d,R,1132,9,11419972242,86319939,567,3,0
4924603389977704,3129406,qlever-server-d,R,1122,10,11328784386,169371482,564,6,0
4924603389977704,3129407,qlever-server-d,R,1121,9,11308242428,208752570,423,11,0
4924603389977704,3129408,qlever-server-d,S,0,0,15360,0,1,13,futex_do_wait
4924603389977704,3129409,qlever-server-d,S,0,0,163781,0,5,12,ep_poll
4924603389977704,3129410,qlever-server-d,S,0,0,435510,20000,10,3,futex_do_wait
4924603389977704,3129411,qlever-server-d,S,1,11,129510549,239799836,1158,0,futex_do_wait
4924603389977704,3129412,qlever-server-d,S,0,11,119059309,212425184,1011,7,futex_do_wait
4924603389977704,3129413,qlever-server-d,S,0,10,109139179,265134362,1172,8,futex_do_wait
4924603389977704,3129414,qlever-server-d,S,0,18,193652226,279435769,1336,2,futex_do_wait
4924603389977704,3129415,qlever-server-d,S,0,10,109751495,242588017,1195,1,futex_do_wait
4924603389977704,3129416,qlever-server-d,S,0,9,94093323,221983042,991,8,futex_do_wait
4924603389977704,3129417,qlever-server-d,S,1,13,148596312,313406542,1302,3,futex_do_wait
4924603389977704,3129418,qlever-server-d,S,0,16,173716643,232093326,1115,7,ep_poll
4924603389977704,3130333,qlever-server-d,S,0,0,681222,65195837,25,5,futex_do_wait
4924603389977704,3130334,qlever-server-d,S,0,0,4432732,8347936,78,13,futex_do_wait
4924603389977704,3130335,qlever-server-d,R,53,4,584290514,316149222,1027,1,0
4924603389977704,3130336,qlever-server-d,S,6,1,74711067,106474967,280,13,futex_do_wait
4924603389977704,3130337,qlever-server-d,S,6,0,74328929,96072448,270,13,futex_do_wait
4924603389977704,3130338,qlever-server-d,R,83,3,865371418,309703375,700,1,0
4924603389977704,3130339,qlever-server-d,R,82,4,869944324,334228244,712,0,0
4924603389977704,0,__system__,-,1024883471,7867993516,0,0,0,-1,-
4924603410759829,3128855,qlever-server-d,S,936,1591,25279315500,30777902,1912,1,futex_do_wait
4924603410759829,3128859,qlever-server-d,S,0,0,2931693,2566871,26,13,futex_do_wait
4924603410759829,3129400,qlever-server-d,R,1122,9,11323945657,202351556,477,4,0
4924603410759829,3129401,qlever-server-d,R,1124,9,11341479906,177674703,385,5,0
4924603410759829,3129402,qlever-server-d,R,1124,13,11375417076,152124239,859,15,0
4924603410759829,3129403,qlever-server-d,R,1124,12,11367946286,159163917,612,2,0
4924603410759829,3129404,qlever-server-d,R,1135,11,11462663075,67059601,527,8,0
4924603410759829,3129405,qlever-server-d,R,1134,9,11440972054,86319939,567,3,0
4924603410759829,3129406,qlever-server-d,R,1124,10,11349784418,169371482,564,6,0
4924603410759829,3129407,qlever-server-d,R,1123,9,11329121950,208873480,426,11,0
4924603410759829,3129408,qlever-server-d,S,0,0,15360,0,1,13,futex_do_wait
4924603410759829,3129409,qlever-server-d,S,0,0,163781,0,5,12,ep_poll
4924603410759829,3129410,qlever-server-d,S,0,0,435510,20000,10,3,futex_do_wait
4924603410759829,3129411,qlever-server-d,S,1,11,129510549,239799836,1158,0,futex_do_wait
4924603410759829,3129412,qlever-server-d,S,0,11,119059309,212425184,1011,7,futex_do_wait
4924603410759829,3129413,qlever-server-d,S,0,10,109139179,265134362,1172,8,futex_do_wait
4924603410759829,3129414,qlever-server-d,S,0,18,193652226,279435769,1336,2,futex_do_wait
4924603410759829,3129415,qlever-server-d,S,0,10,109751495,242588017,1195,1,futex_do_wait
4924603410759829,3129416,qlever-server-d,S,0,9,94093323,221983042,991,8,futex_do_wait
4924603410759829,3129417,qlever-server-d,S,1,13,148596312,313406542,1302,3,futex_do_wait
4924603410759829,3129418,qlever-server-d,S,0,16,173716643,232093326,1115,7,ep_poll
4924603410759829,3130333,qlever-server-d,S,0,0,703782,65201947,26,5,futex_do_wait
4924603410759829,3130334,qlever-server-d,S,0,0,4476332,8351126,79,13,futex_do_wait
4924603410759829,3130335,qlever-server-d,R,54,4,592727688,319542774,1050,13,0
4924603410759829,3130336,qlever-server-d,S,6,1,75197407,107370828,283,13,futex_do_wait
4924603410759829,3130337,qlever-server-d,S,6,0,75262320,96527628,273,13,futex_do_wait
4924603410759829,3130338,qlever-server-d,R,85,3,886371959,309703375,700,1,0
4924603410759829,3130339,qlever-server-d,R,84,4,889965054,334228244,728,0,0
4924603410759829,0,__system__,-,1024883504,7867993550,0,0,0,-1,-
4924603430114085,3128855,qlever-server-d,S,936,1591,25279315500,30777902,1912,1,futex_do_wait
4924603430114085,3128859,qlever-server-d,S,0,0,2931693,2566871,26,13,futex_do_wait
4924603430114085,3129400,qlever-server-d,R,1124,9,11342944477,202351556,477,4,0
4924603430114085,3129401,qlever-server-d,R,1126,9,11360478746,177674703,385,5,0
4924603430114085,3129402,qlever-server-d,R,1126,13,11394415766,152124239,859,15,0
4924603430114085,3129403,qlever-server-d,R,1126,12,11386945976,159163917,612,2,0
4924603430114085,3129404,qlever-server-d,R,1137,11,11481663015,67059601,527,8,0
4924603430114085,3129405,qlever-server-d,R,1136,9,11459971954,86319939,567,3,0
4924603430114085,3129406,qlever-server-d,R,1126,10,11368731278,169423642,566,6,0
4924603430114085,3129407,qlever-server-d,R,1125,9,11348096920,208897900,427,11,0
4924603430114085,3129408,qlever-server-d,S,0,0,15360,0,1,13,futex_do_wait
4924603430114085,3129409,qlever-server-d,S,0,0,163781,0,5,12,ep_poll
4924603430114085,3129410,qlever-server-d,S,0,0,435510,20000,10,3,futex_do_wait
4924603430114085,3129411,qlever-server-d,S,1,11,129510549,239799836,1158,0,futex_do_wait
4924603430114085,3129412,qlever-server-d,S,0,11,119059309,212425184,1011,7,futex_do_wait
4924603430114085,3129413,qlever-server-d,S,0,10,109139179,265134362,1172,8,futex_do_wait
4924603430114085,3129414,qlever-server-d,S,0,18,193652226,279435769,1336,2,futex_do_wait
4924603430114085,3129415,qlever-server-d,S,0,10,109751495,242588017,1195,1,futex_do_wait
4924603430114085,3129416,qlever-server-d,S,0,9,94093323,221983042,991,8,futex_do_wait
4924603430114085,3129417,qlever-server-d,S,1,13,148596312,313406542,1302,3,futex_do_wait
4924603430114085,3129418,qlever-server-d,S,0,16,173716643,232093326,1115,7,ep_poll
4924603430114085,3130333,qlever-server-d,S,0,0,703782,65201947,26,5,futex_do_wait
4924603430114085,3130334,qlever-server-d,S,0,0,4584802,8976807,81,13,futex_do_wait
4924603430114085,3130335,qlever-server-d,S,55,4,602303054,324114317,1073,13,0
4924603430114085,3130336,qlever-server-d,S,6,1,75653638,107794918,285,13,futex_do_wait
4924603430114085,3130337,qlever-server-d,S,6,0,75707150,97029049,275,13,futex_do_wait
4924603430114085,3130338,qlever-server-d,R,87,3,905752480,310323175,702,1,0
4924603430114085,3130339,qlever-server-d,R,86,4,908429255,334228244,750,0,0
4924603430114085,0,__system__,-,1024883535,7867993582,0,0,0,-1,-
4924603449985017,3128855,qlever-server-d,S,936,1591,25279315500,30777902,1912,1,futex_do_wait
4924603449985017,3128859,qlever-server-d,S,0,0,2931693,2566871,26,13,futex_do_wait
4924603449985017,3129400,qlever-server-d,R,1126,9,11362946238,202351556,477,4,0
4924603449985017,3129401,qlever-server-d,R,1128,9,11380479407,177674703,385,5,0
4924603449985017,3129402,qlever-server-d,R,1128,13,11413135166,153436550,865,15,0
4924603449985017,3129403,qlever-server-d,R,1128,12,11406729827,159380517,614,2,0
4924603449985017,3129404,qlever-server-d,R,1139,11,11501466396,67256681,528,8,0
4924603449985017,3129405,qlever-server-d,R,1138,9,11478727524,87564750,568,3,0
4924603449985017,3129406,qlever-server-d,R,1128,10,11388732809,169423642,566,6,0
4924603449985017,3129407,qlever-server-d,R,1127,9,11368055621,208939430,428,11,0
4924603449985017,3129408,qlever-server-d,S,0,0,15360,0,1,13,futex_do_wait
4924603449985017,3129409,qlever-server-d,S,0,0,163781,0,5,12,ep_poll
4924603449985017,3129410,qlever-server-d,S,0,0,435510,20000,10,3,futex_do_wait
4924603449985017,3129411,qlever-server-d,S,1,11,129510549,239799836,1158,0,futex_do_wait
4924603449985017,3129412,qlever-server-d,S,0,11,119059309,212425184,1011,7,futex_do_wait
4924603449985017,3129413,qlever-server-d,S,0,10,109139179,265134362,1172,8,futex_do_wait
4924603449985017,3129414,qlever-server-d,S,0,18,193652226,279435769,1336,2,futex_do_wait
4924603449985017,3129415,qlever-server-d,S,0,10,109751495,242588017,1195,1,futex_do_wait
4924603449985017,3129416,qlever-server-d,S,0,9,94093323,221983042,991,8,futex_do_wait
4924603449985017,3129417,qlever-server-d,S,1,13,148596312,313406542,1302,3,futex_do_wait
4924603449985017,3129418,qlever-server-d,S,0,16,173716643,232093326,1115,7,ep_poll
4924603449985017,3130333,qlever-server-d,S,0,0,703782,65201947,26,5,futex_do_wait
4924603449985017,3130334,qlever-server-d,S,0,0,4631942,8982537,83,13,futex_do_wait
4924603449985017,3130335,qlever-server-d,R,56,4,611995652,327586817,1089,13,0
4924603449985017,3130336,qlever-server-d,S,6,1,76643349,109946228,289,13,futex_do_wait
4924603449985017,3130337,qlever-server-d,S,7,0,76647250,97953770,279,13,futex_do_wait
4924603449985017,3130338,qlever-server-d,R,88,3,922226098,311225385,707,1,0
4924603449985017,3130339,qlever-server-d,R,87,4,925809164,335701716,757,0,0
4924603449985017,0,__system__,-,1024883564,7867993612,0,0,0,-1,-
4924603472066423,3128855,qlever-server-d,S,936,1591,25279315500,30777902,1912,1,futex_do_wait
4924603472066423,3128859,qlever-server-d,S,0,0,2931693,2566871,26,13,futex_do_wait
4924603472066423,3129400,qlever-server-d,R,1128,9,11384198591,203097936,480,4,0
4924603472066423,3129401,qlever-server-d,R,1130,9,11402448480,177705633,386,5,0
4924603472066423,3129402,qlever-server-d,R,1130,13,11434603889,153935450,874,15,0
4924603472066423,3129403,qlever-server-d,R,1130,12,11428730760,159380517,614,2,0
4924603472066423,3129404,qlever-server-d,R,1141,11,11521851569,68872091,530,8,0
4924603472066423,3129405,qlever-server-d,R,1140,9,11500691817,87600260,569,3,0
4924603472066423,3129406,qlever-server-d,R,1130,10,11409334951,170822363,568,6,0
4924603472066423,3129407,qlever-server-d,R,1129,9,11389989894,209005790,430,11,0
4924603472066423,3129408,qlever-server-d,S,0,0,15360,0,1,13,futex_do_wait
4924603472066423,3129409,qlever-server-d,S,0,0,163781,0,5,12,ep_poll
4924603472066423,3129410,qlever-server-d,S,0,0,435510,20000,10,3,futex_do_wait
4924603472066423,3129411,qlever-server-d,S,1,11,129510549,239799836,1158,0,futex_do_wait
4924603472066423,3129412,qlever-server-d,S,0,11,119059309,212425184,1011,7,futex_do_wait
4924603472066423,3129413,qlever-server-d,S,0,10,109139179,265134362,1172,8,futex_do_wait
4924603472066423,3129414,qlever-server-d,S,0,18,193652226,279435769,1336,2,futex_do_wait
4924603472066423,3129415,qlever-server-d,S,0,10,109751495,242588017,1195,1,futex_do_wait
4924603472066423,3129416,qlever-server-d,S,0,9,94093323,221983042,991,8,futex_do_wait
4924603472066423,3129417,qlever-server-d,S,1,13,148596312,313406542,1302,3,futex_do_wait
4924603472066423,3129418,qlever-server-d,S,0,16,173716643,232093326,1115,7,ep_poll
4924603472066423,3130333,qlever-server-d,S,0,0,734712,65206467,27,5,futex_do_wait
4924603472066423,3130334,qlever-server-d,S,0,0,4679192,9456967,84,13,futex_do_wait
4924603472066423,3130335,qlever-server-d,R,57,4,622289817,335387572,1094,13,0
4924603472066423,3130336,qlever-server-d,S,6,1,77994489,114934523,294,13,futex_do_wait
4924603472066423,3130337,qlever-server-d,S,7,0,77954922,101964021,283,13,futex_do_wait
4924603472066423,3130338,qlever-server-d,R,90,3,944106420,311344575,709,1,0
4924603472066423,3130339,qlever-server-d,R,89,4,946219515,335754956,776,0,0
4924603472066423,0,__system__,-,1024883600,7867993648,0,0,0,-1,-
4924603490926792,3128855,qlever-server-d,S,936,1591,25279315500,30777902,1912,1,futex_do_wait
4924603490926792,3128859,qlever-server-d,S,0,0,2931693,2566871,26,13,futex_do_wait
4924603490926792,3129400,qlever-server-d,R,1130,9,11406956623,203341226,482,4,0
4924603490926792,3129401,qlever-server-d,R,1133,9,11425449952,177705633,386,5,0
4924603490926792,3129402,qlever-server-d,R,1132,13,11457366471,154173780,884,15,0
4924603490926792,3129403,qlever-server-d,R,1132,12,11451731352,159380517,614,2,0
4924603490926792,3129404,qlever-server-d,R,1143,11,11544852871,68872091,530,8,0
4924603490926792,3129405,qlever-server-d,R,1143,9,11524029209,87600260,569,3,0
4924603490926792,3129406,qlever-server-d,R,1132,10,11432334943,170822363,568,6,0
4924603490926792,3129407,qlever-server-d,R,1132,9,11412874806,209121090,433,11,0
4924603490926792,3129408,qlever-server-d,S,0,0,15360,0,1,13,futex_do_wait
4924603490926792,3129409,qlever-server-d,S,0,0,163781,0,5,12,ep_poll
4924603490926792,3129410,qlever-server-d,S,0,0,435510,20000,10,3,futex_do_wait
4924603490926792,3129411,qlever-server-d,S,1,11,129510549,239799836,1158,0,futex_do_wait
4924603490926792,3129412,qlever-server-d,S,0,11,119059309,212425184,1011,7,futex_do_wait
4924603490926792,3129413,qlever-server-d,S,0,10,109139179,265134362,1172,8,futex_do_wait
4924603490926792,3129414,qlever-server-d,S,0,18,193652226,279435769,1336,2,futex_do_wait
4924603490926792,3129415,qlever-server-d,S,0,10,109751495,242588017,1195,1,futex_do_wait
4924603490926792,3129416,qlever-server-d,S,0,9,94093323,221983042,991,8,futex_do_wait
4924603490926792,3129417,qlever-server-d,S,1,13,148596312,313406542,1302,3,futex_do_wait
4924603490926792,3129418,qlever-server-d,S,0,16,173716643,232093326,1115,7,ep_poll
4924603490926792,3130333,qlever-server-d,S,0,0,734712,65206467,27,5,futex_do_wait
4924603490926792,3130334,qlever-server-d,S,0,0,4781702,9468187,86,13,futex_do_wait
4924603490926792,3130335,qlever-server-d,R,58,4,631901612,352729332,1101,13,0
4924603490926792,3130336,qlever-server-d,S,6,1,78904820,115796843,297,13,futex_do_wait
4924603490926792,3130337,qlever-server-d,S,7,0,78894132,105691753,287,13,futex_do_wait
4924603490926792,3130338,qlever-server-d,R,92,3,961417799,311344575,713,1,0
4924603490926792,3130339,qlever-server-d,R,91,5,962469734,335754956,784,0,0
4924603490926792,0,__system__,-,1024883635,7867993684,0,0,0,-1,-
4924603514087149,3128855,qlever-server-d,S,936,1591,25279315500,30777902,1912,1,futex_do_wait
4924603514087149,3128859,qlever-server-d,S,0,0,2931693,2566871,26,13,futex_do_wait
4924603514087149,3129400,qlever-server-d,R,1132,10,11425955714,203341226,482,4,0
4924603514087149,3129401,qlever-server-d,R,1134,9,11444430003,177769763,388,5,0
4924603514087149,3129402,qlever-server-d,R,1134,13,11476275522,154263810,886,15,0
4924603514087149,3129403,qlever-server-d,R,1134,12,11470730223,159380517,614,2,0
4924603514087149,3129404,qlever-server-d,R,1145,11,11563851902,68872091,530,8,0
4924603514087149,3129405,qlever-server-d,R,1145,9,11542692630,87600260,569,3,0
4924603514087149,3129406,qlever-server-d,R,1134,10,11451333974,170822363,568,6,0
4924603514087149,3129407,qlever-server-d,R,1133,9,11431827457,209168420,434,11,0
4924603514087149,3129408,qlever-server-d,S,0,0,15360,0,1,13,futex_do_wait
4924603514087149,3129409,qlever-server-d,S,0,0,163781,0,5,12,ep_poll
4924603514087149,3129410,qlever-server-d,S,0,0,435510,20000,10,3,futex_do_wait
4924603514087149,3129411,qlever-server-d,S,1,11,129510549,239799836,1158,0,futex_do_wait
4924603514087149,3129412,qlever-server-d,S,0,11,119059309,212425184,1011,7,futex_do_wait
4924603514087149,3129413,qlever-server-d,S,0,10,109139179,265134362,1172,8,futex_do_wait
4924603514087149,3129414,qlever-server-d,S,0,18,193652226,279435769,1336,2,futex_do_wait
4924603514087149,3129415,qlever-server-d,S,0,10,109751495,242588017,1195,1,futex_do_wait
4924603514087149,3129416,qlever-server-d,S,0,9,94093323,221983042,991,8,futex_do_wait
4924603514087149,3129417,qlever-server-d,S,1,13,148596312,313406542,1302,3,futex_do_wait
4924603514087149,3129418,qlever-server-d,S,0,16,173716643,232093326,1115,7,ep_poll
4924603514087149,3130333,qlever-server-d,S,0,0,767972,65211477,28,5,futex_do_wait
4924603514087149,3130334,qlever-server-d,S,0,0,4781702,9468187,86,13,futex_do_wait
4924603514087149,3130335,qlever-server-d,R,59,4,641318137,361308797,1105,13,0
4924603514087149,3130336,qlever-server-d,R,6,1,79410811,116237193,299,13,0
4924603514087149,3130337,qlever-server-d,S,7,0,79365652,106163514,289,13,futex_do_wait
4924603514087149,3130338,qlever-server-d,R,94,3,977603317,311473315,717,1,0
4924603514087149,3130339,qlever-server-d,R,92,5,979055193,335820826,790,0,0
4924603514087149,0,__system__,-,1024883666,7867993715,0,0,0,-1,-
4924603532290824,3128855,qlever-server-d,S,936,1591,25279315500,30777902,1912,1,futex_do_wait
4924603532290824,3128859,qlever-server-d,S,0,0,2931693,2566871,26,13,futex_do_wait
4924603532290824,3129400,qlever-server-d,R,1134,10,11443940474,203380216,484,4,0
4924603532290824,3129401,qlever-server-d,R,1136,9,11461115562,179039044,390,5,0
4924603532290824,3129402,qlever-server-d,R,1136,13,11494160812,154379400,891,15,0
4924603532290824,3129403,qlever-server-d,R,1136,12,11488730833,159380517,614,2,0
4924603532290824,3129404,qlever-server-d,R,1147,11,11581851592,68872091,530,8,0
4924603532290824,3129405,qlever-server-d,R,1146,9,11560692540,87600260,569,3,0
4924603532290824,3129406,qlever-server-d,R,1136,10,11468875614,171280323,569,6,0
4924603532290824,3129407,qlever-server-d,R,1135,9,11449827817,209168420,434,11,0
4924603532290824,3129408,qlever-server-d,S,0,0,15360,0,1,13,futex_do_wait
4924603532290824,3129409,qlever-server-d,S,0,0,163781,0,5,12,ep_poll
4924603532290824,3129410,qlever-server-d,S,0,0,435510,20000,10,3,futex_do_wait
4924603532290824,3129411,qlever-server-d,S,1,11,129510549,239799836,1158,0,futex_do_wait
4924603532290824,3129412,qlever-server-d,S,0,11,119059309,212425184,1011,7,futex_do_wait
4924603532290824,3129413,qlever-server-d,S,0,10,109139179,265134362,1172,8,futex_do_wait
4924603532290824,3129414,qlever-server-d,S,0,18,193652226,279435769,1336,2,futex_do_wait
4924603532290824,3129415,qlever-server-d,S,0,10,109751495,242588017,1195,1,futex_do_wait
4924603532290824,3129416,qlever-server-d,S,0,9,94093323,221983042,991,8,futex_do_wait
4924603532290824,3129417,qlever-server-d,S,1,13,148596312,313406542,1302,3,futex_do_wait
4924603532290824,3129418,qlever-server-d,S,0,16,173716643,232093326,1115,7,ep_poll
4924603532290824,3130333,qlever-server-d,S,0,0,767972,65211477,28,5,futex_do_wait
4924603532290824,3130334,qlever-server-d,S,0,0,4873573,9477607,88,13,futex_do_wait
4924603532290824,3130335,qlever-server-d,R,60,4,653819555,367506520,1113,13,0
4924603532290824,3130336,qlever-server-d,R,6,1,80905801,120674365,304,13,0
4924603532290824,3130337,qlever-server-d,S,7,0,80823842,107574304,295,13,futex_do_wait
4924603532290824,3130338,qlever-server-d,R,95,3,995338307,311473315,718,1,0
4924603532290824,3130339,qlever-server-d,R,94,5,996088662,335820826,799,0,0
4924603532290824,0,__system__,-,1024883695,7867993744,0,0,0,-1,-
4924603550710386,3128855,qlever-server-d,S,936,1591,25279315500,30777902,1912,1,futex_do_wait
4924603550710386,3128859,qlever-server-d,S,0,0,2931693,2566871,26,13,futex_do_wait
4924603550710386,3129400,qlever-server-d,R,1136,10,11462790744,203506126,489,4,0
4924603550710386,3129401,qlever-server-d,R,1138,9,11480117812,179039044,390,5,0
4924603550710386,3129402,qlever-server-d,R,1137,13,11513125742,154414190,892,15,0
4924603550710386,3129403,qlever-server-d,R,1138,12,11507730713,159380517,614,2,0
4924603550710386,3129404,qlever-server-d,R,1148,11,11600853142,68872091,530,8,0
4924603550710386,3129405,qlever-server-d,R,1148,9,11579693550,87600260,569,3,0
4924603550710386,3129406,qlever-server-d,R,1138,10,11487875084,171280323,569,6,0
4924603550710386,3129407,qlever-server-d,R,1137,9,11468788237,209208520,435,11,0
4924603550710386,3129408,qlever-server-d,S,0,0,15360,0,1,13,futex_do_wait
4924603550710386,3129409,qlever-server-d,S,0,0,163781,0,5,12,ep_poll
4924603550710386,3129410,qlever-server-d,S,0,0,435510,20000,10,3,futex_do_wait
4924603550710386,3129411,qlever-server-d,S,1,11,129510549,239799836,1158,0,futex_do_wait
4924603550710386,3129412,qlever-server-d,S,0,11,119059309,212425184,1011,7,futex_do_wait
4924603550710386,3129413,qlever-server-d,S,0,10,109139179,265134362,1172,8,futex_do_wait
4924603550710386,3129414,qlever-server-d,S,0,18,193652226,279435769,1336,2,futex_do_wait
4924603550710386,3129415,qlever-server-d,S,0,10,109751495,242588017,1195,1,futex_do_wait
4924603550710386,3129416,qlever-server-d,S,0,9,94093323,221983042,991,8,futex_do_wait
4924603550710386,3129417,qlever-server-d,S,1,13,148596312,313406542,1302,3,futex_do_wait
4924603550710386,3129418,qlever-server-d,S,0,16,173716643,232093326,1115,7,ep_poll
4924603550710386,3130333,qlever-server-d,S,0,0,767972,65211477,28,5,futex_do_wait
4924603550710386,3130334,qlever-server-d,S,0,0,4983773,9486757,90,13,futex_do_wait
4924603550710386,3130335,qlever-server-d,R,61,4,667078563,372704022,1121,13,0
4924603550710386,3130336,qlever-server-d,S,6,1,82348812,124198417,311,13,futex_do_wait
4924603550710386,3130337,qlever-server-d,S,7,0,82219032,108894695,301,13,0
4924603550710386,3130338,qlever-server-d,R,97,3,1014337628,311473315,718,1,0
4924603550710386,3130339,qlever-server-d,R,96,5,1013814593,336607906,807,10,0
4924603550710386,0,__system__,-,1024883724,7867993774,0,0,0,-1,-
4924603569974493,3128855,qlever-server-d,S,936,1591,25279315500,30777902,1912,1,futex_do_wait
4924603569974493,3128859,qlever-server-d,S,0,0,2931693,2566871,26,13,futex_do_wait
4924603569974493,3129400,qlever-server-d,R,1138,10,11481791205,203506126,489,4,0
4924603569974493,3129401,qlever-server-d,R,1140,9,11499089933,179065374,391,5,0
4924603569974493,3129402,qlever-server-d,R,1139,13,11532074333,154466680,893,15,0
4924603569974493,3129403,qlever-server-d,R,1140,12,11526730194,159380517,614,2,0
4924603569974493,3129404,qlever-server-d,R,1150,11,11619852763,68872091,530,8,0
4924603569974493,3129405,qlever-server-d,R,1150,9,11598692741,87600260,569,3,0
4924603569974493,3129406,qlever-server-d,R,1139,10,11506900855,171310863,570,6,0
4924603569974493,3129407,qlever-server-d,R,1139,9,11487749448,209247240,436,11,0
4924603569974493,3129408,qlever-server-d,S,0,0,15360,0,1,13,futex_do_wait
4924603569974493,3129409,qlever-server-d,S,0,0,163781,0,5,12,ep_poll
4924603569974493,3129410,qlever-server-d,S,0,0,435510,20000,10,3,futex_do_wait
4924603569974493,3129411,qlever-server-d,S,1,11,129510549,239799836,1158,0,futex_do_wait
4924603569974493,3129412,qlever-server-d,S,0,11,119059309,212425184,1011,7,futex_do_wait
4924603569974493,3129413,qlever-server-d,S,0,10,109139179,265134362,1172,8,futex_do_wait
4924603569974493,3129414,qlever-server-d,S,0,18,193652226,279435769,1336,2,futex_do_wait
4924603569974493,3129415,qlever-server-d,S,0,10,109751495,242588017,1195,1,futex_do_wait
4924603569974493,3129416,qlever-server-d,S,0,9,94093323,221983042,991,8,futex_do_wait
4924603569974493,3129417,qlever-server-d,S,1,13,148596312,313406542,1302,3,futex_do_wait
4924603569974493,3129418,qlever-server-d,S,0,16,173716643,232093326,1115,7,ep_poll
4924603569974493,3130333,qlever-server-d,S,0,0,794302,65215887,29,5,futex_do_wait
4924603569974493,3130334,qlever-server-d,S,0,0,5035823,9491627,91,13,futex_do_wait
4924603569974493,3130335,qlever-server-d,R,63,4,680213880,376801265,1132,13,0
4924603569974493,3130336,qlever-server-d,S,7,1,83252773,125078908,315,13,futex_do_wait
4924603569974493,3130337,qlever-server-d,S,7,0,83171343,112258788,305,13,futex_do_wait
4924603569974493,3130338,qlever-server-d,R,99,3,1032758599,311508135,728,1,0
4924603569974493,3130339,qlever-server-d,R,98,5,1032566494,336607906,810,10,0
4924603569974493,0,__system__,-,1024883755,7867993805,0,0,0,-1,-
4924603590449480,3128855,qlever-server-d,S,936,1591,25279315500,30777902,1912,1,futex_do_wait
4924603590449480,3128859,qlever-server-d,S,0,0,2931693,2566871,26,13,futex_do_wait
4924603590449480,3129400,qlever-server-d,R,1140,10,11501721536,203578976,492,4,0
4924603590449480,3129401,qlever-server-d,R,1142,9,11519090124,179065374,391,5,0
4924603590449480,3129402,qlever-server-d,R,1141,13,11552036644,154503710,894,15,0
4924603590449480,3129403,qlever-server-d,R,1142,12,11546730695,159380517,614,2,0
4924603590449480,3129404,qlever-server-d,R,1152,11,11639855114,68872091,530,8,0
4924603590449480,3129405,qlever-server-d,R,1152,9,11618693062,87600260,569,3,0
4924603590449480,3129406,qlever-server-d,R,1142,10,11527845567,171310863,570,6,0
4924603590449480,3129407,qlever-server-d,R,1141,9,11508707820,209288830,437,11,0
4924603590449480,3129408,qlever-server-d,S,0,0,15360,0,1,13,futex_do_wait
4924603590449480,3129409,qlever-server-d,S,0,0,163781,0,5,12,ep_poll
4924603590449480,3129410,qlever-server-d,S,0,0,435510,20000,10,3,futex_do_wait
4924603590449480,3129411,qlever-server-d,S,1,11,129510549,239799836,1158,0,futex_do_wait
4924603590449480,3129412,qlever-server-d,S,0,11,119059309,212425184,1011,7,futex_do_wait
4924603590449480,3129413,qlever-server-d,S,0,10,109139179,265134362,1172,8,futex_do_wait
4924603590449480,3129414,qlever-server-d,S,0,18,193652226,279435769,1336,2,futex_do_wait
4924603590449480,3129415,qlever-server-d,S,0,10,109751495,242588017,1195,1,futex_do_wait
4924603590449480,3129416,qlever-server-d,S,0,9,94093323,221983042,991,8,futex_do_wait
4924603590449480,3129417,qlever-server-d,S,1,13,148596312,313406542,1302,3,futex_do_wait
4924603590449480,3129418,qlever-server-d,S,0,16,173716643,232093326,1115,7,ep_poll
4924603590449480,3130333,qlever-server-d,S,0,0,794302,65215887,29,5,futex_do_wait
4924603590449480,3130334,qlever-server-d,S,0,0,5078523,9496808,92,13,futex_do_wait
4924603590449480,3130335,qlever-server-d,R,64,4,691975168,382243817,1154,13,0
4924603590449480,3130336,qlever-server-d,S,7,1,84676843,128256499,320,13,futex_do_wait
4924603590449480,3130337,qlever-server-d,S,7,0,84170243,113629598,310,13,futex_do_wait
4924603590449480,3130338,qlever-server-d,R,101,3,1053868821,311632345,736,1,0
4924603590449480,3130339,qlever-server-d,R,100,5,1054566626,336607906,810,10,0
4924603590449480,0,__system__,-,1024883789,7867993839,0,0,0,-1,-
4924603609993374,3128855,qlever-server-d,S,936,1591,25279315500,30777902,1912,1,futex_do_wait
4924603609993374,3128859,qlever-server-d,S,0,0,2931693,2566871,26,13,futex_do_wait
4924603609993374,3129400,qlever-server-d,R,1142,10,11521683417,203616196,493,4,0
4924603609993374,3129401,qlever-server-d,R,1144,9,11539060805,179094244,392,5,0
4924603609993374,3129402,qlever-server-d,R,1143,13,11571998085,154542730,895,15,0
4924603609993374,3129403,qlever-server-d,R,1144,12,11566731296,159380517,614,2,0
4924603609993374,3129404,qlever-server-d,R,1154,11,11659853325,68872091,530,8,0
4924603609993374,3129405,qlever-server-d,R,1154,9,11638693613,87600260,569,3,0
4924603609993374,3129406,qlever-server-d,R,1143,10,11546844647,171310863,570,6,0
4924603609993374,3129407,qlever-server-d,R,1143,9,11527670120,209327710,438,11,0
4924603609993374,3129408,qlever-server-d,S,0,0,15360,0,1,13,futex_do_wait
4924603609993374,3129409,qlever-server-d,S,0,0,163781,0,5,12,ep_poll
4924603609993374,3129410,qlever-server-d,S,0,0,435510,20000,10,3,futex_do_wait
4924603609993374,3129411,qlever-server-d,S,1,11,129510549,239799836,1158,0,futex_do_wait
4924603609993374,3129412,qlever-server-d,S,0,11,119059309,212425184,1011,7,futex_do_wait
4924603609993374,3129413,qlever-server-d,S,0,10,109139179,265134362,1172,8,futex_do_wait
4924603609993374,3129414,qlever-server-d,S,0,18,193652226,279435769,1336,2,futex_do_wait
4924603609993374,3129415,qlever-server-d,S,0,10,109751495,242588017,1195,1,futex_do_wait
4924603609993374,3129416,qlever-server-d,S,0,9,94093323,221983042,991,8,futex_do_wait
4924603609993374,3129417,qlever-server-d,S,1,13,148596312,313406542,1302,3,futex_do_wait
4924603609993374,3129418,qlever-server-d,S,0,16,173716643,232093326,1115,7,ep_poll
4924603609993374,3130333,qlever-server-d,S,0,0,823172,65221007,30,5,futex_do_wait
4924603609993374,3130334,qlever-server-d,S,0,0,5198014,9505208,94,13,futex_do_wait
4924603609993374,3130335,qlever-server-d,R,65,5,704657166,386472668,1166,13,0
4924603609993374,3130336,qlever-server-d,S,7,1,86076583,129993309,327,13,futex_do_wait
4924603609993374,3130337,qlever-server-d,S,7,0,85990083,114920708,317,13,futex_do_wait
4924603609993374,3130338,qlever-server-d,R,103,3,1071869421,311632345,736,1,0
4924603609993374,3130339,qlever-server-d,R,101,5,1072567006,336607906,810,10,0
4924603609993374,0,__system__,-,1024883818,7867993868,0,0,0,-1,-
4924603631081687,3128855,qlever-server-d,S,936,1591,25279315500,30777902,1912,1,futex_do_wait
4924603631081687,3128859,qlever-server-d,S,0,0,2931693,2566871,26,13,futex_do_wait
4924603631081687,3129400,qlever-server-d,R,1144,10,11542682619,203616196,493,4,0
4924603631081687,3129401,qlever-server-d,R,1146,9,11560060937,179094244,392,5,0
4924603631081687,3129402,qlever-server-d,R,1145,13,11593179717,154653670,898,15,0
4924603631081687,3129403,qlever-server-d,R,1146,12,11587694038,159418357,615,2,0
4924603631081687,3129404,qlever-server-d,R,1156,11,11680853557,68872091,530,8,0
4924603631081687,3129405,qlever-server-d,R,1156,9,11659694365,87600260,569,3,0
4924603631081687,3129406,qlever-server-d,R,1145,10,11566836158,172320684,572,6,0
4924603631081687,3129407,qlever-server-d,R,1145,9,11548629702,209367740,439,11,0
4924603631081687,3129408,qlever-server-d,S,0,0,15360,0,1,13,futex_do_wait
4924603631081687,3129409,qlever-server-d,S,0,0,163781,0,5,12,ep_poll
4924603631081687,3129410,qlever-server-d,S,0,0,435510,20000,10,3,futex_do_wait
4924603631081687,3129411,qlever-server-d,S,1,11,129510549,239799836,1158,0,futex_do_wait
4924603631081687,3129412,qlever-server-d,S,0,11,119059309,212425184,1011,7,futex_do_wait
4924603631081687,3129413,qlever-server-d,S,0,10,109139179,265134362,1172,8,futex_do_wait
4924603631081687,3129414,qlever-server-d,S,0,18,193652226,279435769,1336,2,futex_do_wait
4924603631081687,3129415,qlever-server-d,S,0,10,109751495,242588017,1195,1,futex_do_wait
4924603631081687,3129416,qlever-server-d,S,0,9,94093323,221983042,991,8,futex_do_wait
4924603631081687,3129417,qlever-server-d,S,1,13,148596312,313406542,1302,3,futex_do_wait
4924603631081687,3129418,qlever-server-d,S,0,16,173716643,232093326,1115,7,ep_poll
4924603631081687,3130333,qlever-server-d,S,0,0,823172,65221007,30,5,futex_do_wait
4924603631081687,3130334,qlever-server-d,S,0,0,5379454,9508808,95,13,futex_do_wait
4924603631081687,3130335,qlever-server-d,S,66,5,714864491,394163472,1186,10,futex_do_wait
4924603631081687,3130336,qlever-server-d,S,7,1,87015803,131222930,330,13,futex_do_wait
4924603631081687,3130337,qlever-server-d,S,7,0,86491944,115806358,320,13,futex_do_wait
4924603631081687,3130338,qlever-server-d,R,104,4,1089473160,311632345,742,1,0
4924603631081687,3130339,qlever-server-d,R,103,5,1089770265,340397638,817,1,0
4924603631081687,0,__system__,-,1024883851,7867993902,0,0,0,-1,-
4924603650219765,3128855,qlever-server-d,S,936,1591,25279315500,30777902,1912,1,futex_do_wait
4924603650219765,3128859,qlever-server-d,S,0,0,2931693,2566871,26,13,futex_do_wait
4924603650219765,3129400,qlever-server-d,R,1145,10,11561030978,204668288,496,4,0
4924603650219765,3129401,qlever-server-d,R,1148,9,11579064197,179094244,392,5,0
4924603650219765,3129402,qlever-server-d,R,1147,13,11611837677,154706120,899,15,0
4924603650219765,3129403,qlever-server-d,R,1148,12,11606696338,159418357,615,2,0
4924603650219765,3129404,qlever-server-d,R,1158,11,11699671867,69053401,531,8,0
4924603650219765,3129405,qlever-server-d,R,1158,9,11678694065,87600260,569,3,0
4924603650219765,3129406,qlever-server-d,R,1147,10,11585836858,172320684,572,6,0
4924603650219765,3129407,qlever-server-d,R,1147,9,11567471352,209526120,447,11,0
4924603650219765,3129408,qlever-server-d,S,0,0,15360,0,1,13,futex_do_wait
4924603650219765,3129409,qlever-server-d,S,0,0,163781,0,5,12,ep_poll
4924603650219765,3129410,qlever-server-d,S,0,0,435510,20000,10,3,futex_do_wait
4924603650219765,3129411,qlever-server-d,S,1,11,129510549,239799836,1158,0,futex_do_wait
4924603650219765,3129412,qlever-server-d,S,0,11,119059309,212425184,1011,7,futex_do_wait
4924603650219765,3129413,qlever-server-d,S,0,10,109139179,265134362,1172,8,futex_do_wait
4924603650219765,3129414,qlever-server-d,S,0,18,193652226,279435769,1336,2,futex_do_wait
4924603650219765,3129415,qlever-server-d,S,0,10,109751495,242588017,1195,1,futex_do_wait
4924603650219765,3129416,qlever-server-d,S,0,9,94093323,221983042,991,8,futex_do_wait
4924603650219765,3129417,qlever-server-d,S,1,13,148596312,313406542,1302,3,futex_do_wait
4924603650219765,3129418,qlever-server-d,S,0,16,173716643,232093326,1115,7,ep_poll
4924603650219765,3130333,qlever-server-d,S,0,0,823172,65221007,30,5,futex_do_wait
4924603650219765,3130334,qlever-server-d,S,0,0,5379454,9508808,95,13,futex_do_wait
4924603650219765,3130335,qlever-server-d,R,66,5,719331695,398962134,1202,10,0
4924603650219765,3130336,qlever-server-d,S,7,1,87027653,131677190,331,10,futex_do_wait
4924603650219765,3130337,qlever-server-d,S,7,0,86960734,115810088,321,10,futex_do_wait
4924603650219765,3130338,qlever-server-d,R,106,4,1102307975,317215530,750,1,0
4924603650219765,3130339,qlever-server-d,R,104,5,1101320983,347354941,824,10,0
4924603650219765,0,__system__,-,1024883881,7867993933,0,0,0,-1,-
4924603670109366,3128855,qlever-server-d,S,936,1591,25279315500,30777902,1912,1,futex_do_wait
4924603670109366,3128859,qlever-server-d,S,0,0,2931693,2566871,26,13,futex_do_wait
4924603670109366,3129400,qlever-server-d,R,1147,10,11580629669,204668288,496,4,0
4924603670109366,3129401,qlever-server-d,R,1150,9,11598996079,179159854,394,5,0
4924603670109366,3129402,qlever-server-d,R,1149,13,11631834649,154706120,899,15,0
4924603670109366,3129403,qlever-server-d,R,1150,12,11626696300,159418357,615,2,0
4924603670109366,3129404,qlever-server-d,R,1160,11,11719672399,69053401,531,8,0
4924603670109366,3129405,qlever-server-d,R,1160,9,11698659067,87635490,570,3,0
4924603670109366,3129406,qlever-server-d,R,1149,10,11605439970,172716954,573,6,0
4924603670109366,3129407,qlever-server-d,R,1149,9,11587339504,209689890,455,11,0
4924603670109366,3129408,qlever-server-d,S,0,0,15360,0,1,13,futex_do_wait
4924603670109366,3129409,qlever-server-d,S,0,0,163781,0,5,12,ep_poll
4924603670109366,3129410,qlever-server-d,S,0,0,435510,20000,10,3,futex_do_wait
4924603670109366,3129411,qlever-server-d,S,1,11,129510549,239799836,1158,0,futex_do_wait
4924603670109366,3129412,qlever-server-d,S,0,11,119059309,212425184,1011,7,futex_do_wait
4924603670109366,3129413,qlever-server-d,S,0,10,109139179,265134362,1172,8,futex_do_wait
4924603670109366,3129414,qlever-server-d,S,0,18,193652226,279435769,1336,2,futex_do_wait
4924603670109366,3129415,qlever-server-d,S,0,10,109751495,242588017,1195,1,futex_do_wait
4924603670109366,3129416,qlever-server-d,S,0,9,94093323,221983042,991,8,futex_do_wait
4924603670109366,3129417,qlever-server-d,S,1,13,148596312,313406542,1302,3,futex_do_wait
4924603670109366,3129418,qlever-server-d,S,0,16,173716643,232093326,1115,7,ep_poll
4924603670109366,3130333,qlever-server-d,S,0,0,856822,65226087,31,5,futex_do_wait
4924603670109366,3130334,qlever-server-d,S,0,0,5439214,10384689,96,13,futex_do_wait
4924603670109366,3130335,qlever-server-d,S,67,5,724511369,404063418,1224,1,0
4924603670109366,3130336,qlever-server-d,S,7,1,87508763,131680800,332,10,futex_do_wait
4924603670109366,3130337,qlever-server-d,S,7,0,86975464,116277658,322,10,futex_do_wait
4924603670109366,3130338,qlever-server-d,R,107,4,1114723861,322577064,763,10,0
4924603670109366,3130339,qlever-server-d,R,105,5,1114295471,354404934,839,1,0
4924603670109366,0,__system__,-,1024883910,7867993964,0,0,0,-1,-
4924603689978888,3128855,qlever-server-d,S,936,1591,25279315500,30777902,1912,1,futex_do_wait
4924603689978888,3128859,qlever-server-d,S,0,0,2931693,2566871,26,13,futex_do_wait
4924603689978888,3129400,qlever-server-d,R,1149,10,11600630450,204668288,496,4,0
4924603689978888,3129401,qlever-server-d,R,1152,9,11618996750,179159854,394,5,0
4924603689978888,3129402,qlever-server-d,R,1151,13,11651835050,154706120,899,15,0
4924603689978888,3129403,qlever-server-d,R,1152,12,11646695041,159418357,615,2,0
4924603689978888,3129404,qlever-server-d,R,1162,11,11739673190,69053401,531,8,0
4924603689978888,3129405,qlever-server-d,R,1162,9,11718659318,87635490,570,3,0
4924603689978888,3129406,qlever-server-d,R,1151,10,11625335021,172823474,575,6,0
4924603689978888,3129407,qlever-server-d,R,1151,9,11607158545,209839150,463,11,0
4924603689978888,3129408,qlever-server-d,S,0,0,15360,0,1,13,futex_do_wait
4924603689978888,3129409,qlever-server-d,S,0,0,163781,0,5,12,ep_poll
4924603689978888,3129410,qlever-server-d,S,0,0,435510,20000,10,3,futex_do_wait
4924603689978888,3129411,qlever-server-d,S,1,11,129510549,239799836,1158,0,futex_do_wait
4924603689978888,3129412,qlever-server-d,S,0,11,119059309,212425184,1011,7,futex_do_wait
4924603689978888,3129413,qlever-server-d,S,0,10,109139179,265134362,1172,8,futex_do_wait
4924603689978888,3129414,qlever-server-d,S,0,18,193652226,279435769,1336,2,futex_do_wait
4924603689978888,3129415,qlever-server-d,S,0,10,109751495,242588017,1195,1,futex_do_wait
4924603689978888,3129416,qlever-server-d,S,0,9,94093323,221983042,991,8,futex_do_wait
4924603689978888,3129417,qlever-server-d,S,1,13,148596312,313406542,1302,3,futex_do_wait
4924603689978888,3129418,qlever-server-d,S,0,16,173716643,232093326,1115,7,ep_poll
4924603689978888,3130333,qlever-server-d,S,0,0,856822,65226087,31,5,futex_do_wait
4924603689978888,3130334,qlever-server-d,S,0,0,5439214,10384689,96,13,futex_do_wait
4924603689978888,3130335,qlever-server-d,S,67,5,729702913,409236679,1250,1,0
4924603689978888,3130336,qlever-server-d,S,7,1,87520623,131683510,333,10,futex_do_wait
4924603689978888,3130337,qlever-server-d,S,7,0,87403714,116289518,324,10,futex_do_wait
4924603689978888,3130338,qlever-server-d,S,108,4,1129080281,322918874,792,10,futex_do_wait
4924603689978888,3130339,qlever-server-d,R,107,5,1129205508,359744018,866,1,0
4924603689978888,0,__system__,-,1024883940,7867993996,0,0,0,-1,-
4924603709980019,3128855,qlever-server-d,S,936,1591,25279315500,30777902,1912,1,futex_do_wait
4924603709980019,3128859,qlever-server-d,S,0,0,2931693,2566871,26,13,futex_do_wait
4924603709980019,3129400,qlever-server-d,R,1151,10,11620632811,204668288,496,4,0
4924603709980019,3129401,qlever-server-d,R,1154,9,11638954821,179203194,395,5,0
4924603709980019,3129402,qlever-server-d,R,1153,13,11671834491,154706120,899,15,0
4924603709980019,3129403,qlever-server-d,R,1154,12,11666693912,159418357,615,2,0
4924603709980019,3129404,qlever-server-d,R,1164,11,11759672491,69053401,531,8,0
4924603709980019,3129405,qlever-server-d,R,1164,9,11738658919,87635490,570,3,0
4924603709980019,3129406,qlever-server-d,R,1153,11,11645336112,172823474,575,6,0
4924603709980019,3129407,qlever-server-d,R,1153,9,11627016456,210006100,471,11,0
4924603709980019,3129408,qlever-server-d,S,0,0,15360,0,1,13,futex_do_wait
4924603709980019,3129409,qlever-server-d,S,0,0,163781,0,5,12,ep_poll
4924603709980019,3129410,qlever-server-d,S,0,0,435510,20000,10,3,futex_do_wait
4924603709980019,3129411,qlever-server-d,S,1,11,129510549,239799836,1158,0,futex_do_wait
4924603709980019,3129412,qlever-server-d,S,0,11,119059309,212425184,1011,7,futex_do_wait
4924603709980019,3129413,qlever-server-d,S,0,10,109139179,265134362,1172,8,futex_do_wait
4924603709980019,3129414,qlever-server-d,S,0,18,193652226,279435769,1336,2,futex_do_wait
4924603709980019,3129415,qlever-server-d,S,0,10,109751495,242588017,1195,1,futex_do_wait
4924603709980019,3129416,qlever-server-d,S,0,9,94093323,221983042,991,8,futex_do_wait
4924603709980019,3129417,qlever-server-d,S,1,13,148596312,313406542,1302,3,futex_do_wait
4924603709980019,3129418,qlever-server-d,S,0,16,173716643,232093326,1115,7,ep_poll
4924603709980019,3130333,qlever-server-d,S,0,0,900162,65232497,32,5,futex_do_wait
4924603709980019,3130334,qlever-server-d,S,0,0,5439214,10384689,96,13,futex_do_wait
4924603709980019,3130335,qlever-server-d,R,68,5,735561668,415282003,1269,1,0
4924603709980019,3130336,qlever-server-d,S,7,1,87951223,131683510,334,10,futex_do_wait
4924603709980019,3130337,qlever-server-d,S,7,0,87417634,116703598,325,10,futex_do_wait
4924603709980019,3130338,qlever-server-d,R,110,4,1143520947,326559757,812,1,0
4924603709980019,3130339,qlever-server-d,R,108,5,1144018656,361399369,882,10,0
4924603709980019,0,__system__,-,1024883970,7867994028,0,0,0,-1,-
4924603729977880,3128855,qlever-server-d,S,936,1591,25279315500,30777902,1912,1,futex_do_wait
4924603729977880,3128859,qlever-server-d,S,0,0,2931693,2566871,26,13,futex_do_wait
4924603729977880,3129400,qlever-server-d,R,1153,10,11640631022,204668288,496,4,0
4924603729977880,3129401,qlever-server-d,R,1156,9,11658821722,179334334,396,5,0
4924603729977880,3129402,qlever-server-d,R,1155,13,11691834702,154706120,899,15,0
4924603729977880,3129403,qlever-server-d,R,1156,12,11686693943,159418357,615,2,0
4924603729977880,3129404,qlever-server-d,R,1166,11,11779672832,69053401,531,8,0
4924603729977880,3129405,qlever-server-d,R,1166,9,11758659500,87635490,570,3,0
4924603729977880,3129406,qlever-server-d,R,1155,11,11665334663,172823474,575,6,0
4924603729977880,3129407,qlever-server-d,R,1155,9,11646963077,210035120,472,11,0
4924603729977880,3129408,qlever-server-d,S,0,0,15360,0,1,13,futex_do_wait
4924603729977880,3129409,qlever-server-d,S,0,0,163781,0,5,12,ep_poll
4924603729977880,3129410,qlever-server-d,S,0,0,435510,20000,10,3,futex_do_wait
4924603729977880,3129411,qlever-server-d,S,1,11,129510549,239799836,1158,0,futex_do_wait
4924603729977880,3129412,qlever-server-d,S,0,11,119059309,212425184,1011,7,futex_do_wait
4924603729977880,3129413,qlever-server-d,S,0,10,109139179,265134362,1172,8,futex_do_wait
4924603729977880,3129414,qlever-server-d,S,0,18,193652226,279435769,1336,2,futex_do_wait
4924603729977880,3129415,qlever-server-d,S,0,10,109751495,242588017,1195,1,futex_do_wait
4924603729977880,3129416,qlever-server-d,S,0,9,94093323,221983042,991,8,futex_do_wait
4924603729977880,3129417,qlever-server-d,S,1,13,148596312,313406542,1302,3,futex_do_wait
4924603729977880,3129418,qlever-server-d,S,0,16,173716643,232093326,1115,7,ep_poll
4924603729977880,3130333,qlever-server-d,S,0,0,900162,65232497,32,5,futex_do_wait
4924603729977880,3130334,qlever-server-d,S,0,0,5494134,10389409,97,1,futex_do_wait
4924603729977880,3130335,qlever-server-d,S,68,5,741366351,420695517,1297,1,futex_do_wait
4924603729977880,3130336,qlever-server-d,S,7,1,87968673,132087100,335,10,futex_do_wait
4924603729977880,3130337,qlever-server-d,S,8,0,87840784,116703598,326,10,futex_do_wait
4924603729977880,3130338,qlever-server-d,R,111,4,1157958345,332117770,838,10,0
4924603729977880,3130339,qlever-server-d,R,109,5,1156847884,363088529,910,1,0
4924603729977880,0,__system__,-,1024883999,7867994059,0,0,0,-1,-
4924603750473667,3128855,qlever-server-d,S,936,1591,25279315500,30777902,1912,1,futex_do_wait
4924603750473667,3128859,qlever-server-d,S,0,0,2931693,2566871,26,13,futex_do_wait
4924603750473667,3129400,qlever-server-d,R,1155,10,11660630433,204668288,496,4,0
4924603750473667,3129401,qlever-server-d,R,1158,9,11678822283,179334334,396,5,0
4924603750473667,3129402,qlever-server-d,R,1157,13,11711835063,154706120,899,15,0
4924603750473667,3129403,qlever-server-d,R,1158,12,11706693404,159418357,615,2,0
4924603750473667,3129404,qlever-server-d,R,1168,11,11799673063,69053401,531,8,0
4924603750473667,3129405,qlever-server-d,R,1168,9,11779659312,87635490,570,3,0
4924603750473667,3129406,qlever-server-d,R,1157,11,11686334035,172823474,575,6,0
4924603750473667,3129407,qlever-server-d,R,1157,9,11667932569,210065370,473,11,0
4924603750473667,3129408,qlever-server-d,S,0,0,15360,0,1,13,futex_do_wait
4924603750473667,3129409,qlever-server-d,S,0,0,163781,0,5,12,ep_poll
4924603750473667,3129410,qlever-server-d,S,0,0,435510,20000,10,3,futex_do_wait
4924603750473667,3129411,qlever-server-d,S,1,11,129510549,239799836,1158,0,futex_do_wait
4924603750473667,3129412,qlever-server-d,S,0,11,119059309,212425184,1011,7,futex_do_wait
4924603750473667,3129413,qlever-server-d,S,0,10,109139179,265134362,1172,8,futex_do_wait
4924603750473667,3129414,qlever-server-d,S,0,18,193652226,279435769,1336,2,futex_do_wait
4924603750473667,3129415,qlever-server-d,S,0,10,109751495,242588017,1195,1,futex_do_wait
4924603750473667,3129416,qlever-server-d,S,0,9,94093323,221983042,991,8,futex_do_wait
4924603750473667,3129417,qlever-server-d,S,1,13,148596312,313406542,1302,3,futex_do_wait
4924603750473667,3129418,qlever-server-d,S,0,16,173716643,232093326,1115,7,ep_poll
4924603750473667,3130333,qlever-server-d,S,0,0,900162,65232497,32,5,futex_do_wait
4924603750473667,3130334,qlever-server-d,S,0,0,5494134,10389409,97,1,futex_do_wait
4924603750473667,3130335,qlever-server-d,R,69,5,748302996,427000420,1315,1,0
4924603750473667,3130336,qlever-server-d,S,7,1,88429823,132087100,336,10,futex_do_wait
4924603750473667,3130337,qlever-server-d,S,8,0,87857364,117148078,327,10,futex_do_wait
4924603750473667,3130338,qlever-server-d,R,112,4,1171323413,333064551,858,1,0
4924603750473667,3130339,qlever-server-d,R,111,5,1171747031,369183864,928,10,0
4924603750473667,0,__system__,-,1024884030,7867994092,0,0,0,-1,-
4924603770081221,3128855,qlever-server-d,S,936,1591,25279315500,30777902,1912,1,futex_do_wait
4924603770081221,3128859,qlever-server-d,S,0,0,2931693,2566871,26,13,futex_do_wait
4924603770081221,3129400,qlever-server-d,R,1157,10,11680633644,204668288,496,4,0
4924603770081221,3129401,qlever-server-d,R,1160,9,11698791034,179365914,397,5,0
4924603770081221,3129402,qlever-server-d,R,1159,13,11731792044,154749620,900,15,0
4924603770081221,3129403,qlever-server-d,R,1159,12,11726694855,159418357,615,2,0
4924603770081221,3129404,qlever-server-d,R,1170,11,11819672984,69053401,531,8,0
4924603770081221,3129405,qlever-server-d,R,1170,9,11798660222,87635490,570,3,0
4924603770081221,3129406,qlever-server-d,R,1159,11,11704819825,173338574,576,6,0
4924603770081221,3129407,qlever-server-d,R,1159,9,11686831769,210192800,479,11,0
4924603770081221,3129408,qlever-server-d,S,0,0,15360,0,1,13,futex_do_wait
4924603770081221,3129409,qlever-server-d,S,0,0,163781,0,5,12,ep_poll
4924603770081221,3129410,qlever-server-d,S,0,0,435510,20000,10,3,futex_do_wait
4924603770081221,3129411,qlever-server-d,S,1,11,129510549,239799836,1158,0,futex_do_wait
4924603770081221,3129412,qlever-server-d,S,0,11,119059309,212425184,1011,7,futex_do_wait
4924603770081221,3129413,qlever-server-d,S,0,10,109139179,265134362,1172,8,futex_do_wait
4924603770081221,3129414,qlever-server-d,S,0,18,193652226,279435769,1336,2,futex_do_wait
4924603770081221,3129415,qlever-server-d,S,0,10,109751495,242588017,1195,1,futex_do_wait
4924603770081221,3129416,qlever-server-d,S,0,9,94093323,221983042,991,8,futex_do_wait
4924603770081221,3129417,qlever-server-d,S,1,13,148596312,313406542,1302,3,futex_do_wait
4924603770081221,3129418,qlever-server-d,S,0,16,173716643,232093326,1115,7,ep_poll
4924603770081221,3130333,qlever-server-d,S,0,0,931742,65239777,33,5,futex_do_wait
4924603770081221,3130334,qlever-server-d,S,0,0,5494134,10389409,97,1,futex_do_wait
4924603770081221,3130335,qlever-server-d,S,69,5,753316640,432367304,1336,1,futex_do_wait
4924603770081221,3130336,qlever-server-d,S,7,1,88447223,133536091,337,10,futex_do_wait
4924603770081221,3130337,qlever-server-d,S,8,0,88312905,117154458,328,10,futex_do_wait
4924603770081221,3130338,qlever-server-d,R,113,4,1185043000,337135033,868,13,0
4924603770081221,3130339,qlever-server-d,S,112,6,1183927127,374053828,942,1,futex_do_wait
4924603770081221,0,__system__,-,1024884059,7867994122,0,0,0,-1,-
4924603791133454,3128855,qlever-server-d,S,936,1591,25279315500,30777902,1912,1,futex_do_wait
4924603791133454,3128859,qlever-server-d,S,0,0,2931693,2566871,26,13,futex_do_wait
4924603791133454,3129400,qlever-server-d,R,1159,10,11701631746,204668288,496,4,0
4924603791133454,3129401,qlever-server-d,R,1162,9,11719792856,179365914,397,5,0
4924603791133454,3129402,qlever-server-d,R,1161,13,11752758076,154784870,901,15,0
4924603791133454,3129403,qlever-server-d,R,1162,12,11747668557,159445887,616,2,0
4924603791133454,3129404,qlever-server-d,R,1172,11,11840638496,69088021,532,8,0
4924603791133454,3129405,qlever-server-d,R,1172,9,11817679403,89609241,571,1,0
4924603791133454,3129406,qlever-server-d,R,1161,11,11725820637,173338574,576,6,0
4924603791133454,3129407,qlever-server-d,R,1161,9,11708099111,210374480,487,11,0
4924603791133454,3129408,qlever-server-d,S,0,0,15360,0,1,13,futex_do_wait
4924603791133454,3129409,qlever-server-d,S,0,0,163781,0,5,12,ep_poll
4924603791133454,3129410,qlever-server-d,S,0,0,435510,20000,10,3,futex_do_wait
4924603791133454,3129411,qlever-server-d,S,1,11,129510549,239799836,1158,0,futex_do_wait
4924603791133454,3129412,qlever-server-d,S,0,11,119059309,212425184,1011,7,futex_do_wait
4924603791133454,3129413,qlever-server-d,S,0,10,109139179,265134362,1172,8,futex_do_wait
4924603791133454,3129414,qlever-server-d,S,0,18,193652226,279435769,1336,2,futex_do_wait
4924603791133454,3129415,qlever-server-d,S,0,10,109751495,242588017,1195,1,futex_do_wait
4924603791133454,3129416,qlever-server-d,S,0,9,94093323,221983042,991,8,futex_do_wait
4924603791133454,3129417,qlever-server-d,S,1,13,148596312,313406542,1302,3,futex_do_wait
4924603791133454,3129418,qlever-server-d,S,0,16,173716643,232093326,1115,7,ep_poll
4924603791133454,3130333,qlever-server-d,S,0,0,931742,65239777,33,5,futex_do_wait
4924603791133454,3130334,qlever-server-d,S,0,0,5663844,10405209,100,3,futex_do_wait
4924603791133454,3130335,qlever-server-d,R,71,5,769070220,438554186,1351,3,0
4924603791133454,3130336,qlever-server-d,S,7,1,91209354,136362682,348,3,futex_do_wait
4924603791133454,3130337,qlever-server-d,S,8,0,90677547,118906589,339,3,futex_do_wait
4924603791133454,3130338,qlever-server-d,S,115,4,1198897630,347480907,876,13,0
4924603791133454,3130339,qlever-server-d,R,113,6,1196161973,382851243,949,13,0
4924603791133454,0,__system__,-,1024884097,7867994161,0,0,0,-1,-
4924603809985024,3128855,qlever-server-d,S,936,1591,25279315500,30777902,1912,1,futex_do_wait
4924603809985024,3128859,qlever-server-d,S,0,0,2931693,2566871,26,13,futex_do_wait
4924603809985024,3129400,qlever-server-d,R,1161,10,11720631536,204668288,496,4,0
4924603809985024,3129401,qlever-server-d,R,1163,9,11735752955,182404405,400,5,0
4924603809985024,3129402,qlever-server-d,R,1163,13,11771756716,154784870,901,15,0
4924603809985024,3129403,qlever-server-d,R,1163,12,11766670247,159445887,616,2,0
4924603809985024,3129404,qlever-server-d,R,1174,11,11859639726,69088021,532,8,0
4924603809985024,3129405,qlever-server-d,R,1174,9,11836785853,89609241,571,1,0
4924603809985024,3129406,qlever-server-d,R,1163,11,11744820047,173338574,576,6,0
4924603809985024,3129407,qlever-server-d,R,1163,9,11726487101,210511400,493,11,0
4924603809985024,3129408,qlever-server-d,S,0,0,15360,0,1,13,futex_do_wait
4924603809985024,3129409,qlever-server-d,S,0,0,163781,0,5,12,ep_poll
4924603809985024,3129410,qlever-server-d,S,0,0,435510,20000,10,3,futex_do_wait
4924603809985024,3129411,qlever-server-d,S,1,11,129510549,239799836,1158,0,futex_do_wait
4924603809985024,3129412,qlever-server-d,S,0,11,119059309,212425184,1011,7,futex_do_wait
4924603809985024,3129413,qlever-server-d,S,0,10,109139179,265134362,1172,8,futex_do_wait
4924603809985024,3129414,qlever-server-d,S,0,18,193652226,279435769,1336,2,futex_do_wait
4924603809985024,3129415,qlever-server-d,S,0,10,109751495,242588017,1195,1,futex_do_wait
4924603809985024,3129416,qlever-server-d,S,0,9,94093323,221983042,991,8,futex_do_wait
4924603809985024,3129417,qlever-server-d,S,1,13,148596312,313406542,1302,3,futex_do_wait
4924603809985024,3129418,qlever-server-d,S,0,16,173716643,232093326,1115,7,ep_poll
4924603809985024,3130333,qlever-server-d,S,0,0,957592,65245027,34,5,futex_do_wait
4924603809985024,3130334,qlever-server-d,S,0,0,5798354,10418409,103,3,futex_do_wait
4924603809985024,3130335,qlever-server-d,R,72,5,785936540,438688696,1354,3,0
4924603809985024,3130336,qlever-server-d,S,8,1,93558305,138434533,359,10,futex_do_wait
4924603809985024,3130337,qlever-server-d,S,8,0,93380859,121105040,351,10,futex_do_wait
4924603809985024,3130338,qlever-server-d,S,116,4,1208408593,352040242,882,13,futex_do_wait
4924603809985024,3130339,qlever-server-d,R,114,6,1203795799,389544055,956,5,0
4924603809985024,0,__system__,-,1024884121,7867994186,0,0,0,-1,-
4924603830007845,3128855,qlever-server-d,S,936,1591,25279315500,30777902,1912,1,futex_do_wait
4924603830007845,3128859,qlever-server-d,S,0,0,2931693,2566871,26,13,futex_do_wait
4924603830007845,3129400,qlever-server-d,R,1163,10,11739200796,206099629,498,4,0
4924603830007845,3129401,qlever-server-d,R,1165,9,11755609346,182455805,402,13,0
4924603830007845,3129402,qlever-server-d,R,1165,13,11790327596,156222841,903,15,0
4924603830007845,3129403,qlever-server-d,R,1165,12,11786667928,159445887,616,2,0
4924603830007845,3129404,qlever-server-d,R,1176,11,11879574577,69152241,533,8,0
4924603830007845,3129405,qlever-server-d,R,1176,9,11856679054,89609241,571,1,0
4924603830007845,3129406,qlever-server-d,R,1165,11,11764820218,173338574,576,6,0
4924603830007845,3129407,qlever-server-d,R,1165,9,11746377632,210620890,497,11,0
4924603830007845,3129408,qlever-server-d,S,0,0,15360,0,1,13,futex_do_wait
4924603830007845,3129409,qlever-server-d,S,0,0,163781,0,5,12,ep_poll
4924603830007845,3129410,qlever-server-d,S,0,0,435510,20000,10,3,futex_do_wait
4924603830007845,3129411,qlever-server-d,S,1,11,129510549,239799836,1158,0,futex_do_wait
4924603830007845,3129412,qlever-server-d,S,0,11,119059309,212425184,1011,7,futex_do_wait
4924603830007845,3129413,qlever-server-d,S,0,10,109139179,265134362,1172,8,futex_do_wait
4924603830007845,3129414,qlever-server-d,S,0,18,193652226,279435769,1336,2,futex_do_wait
4924603830007845,3129415,qlever-server-d,S,0,10,109751495,242588017,1195,1,futex_do_wait
4924603830007845,3129416,qlever-server-d,S,0,9,94093323,221983042,991,8,futex_do_wait
4924603830007845,3129417,qlever-server-d,S,1,13,148596312,313406542,1302,3,futex_do_wait
4924603830007845,3129418,qlever-server-d,S,0,16,173716643,232093326,1115,7,ep_poll
4924603830007845,3130333,qlever-server-d,S,0,0,957592,65245027,34,5,futex_do_wait
4924603830007845,3130334,qlever-server-d,S,0,0,5856624,10423859,104,3,futex_do_wait
4924603830007845,3130335,qlever-server-d,R,73,6,793019382,439878257,1370,3,0
4924603830007845,3130336,qlever-server-d,S,8,1,94038475,138891353,361,3,futex_do_wait
4924603830007845,3130337,qlever-server-d,S,8,0,93873079,121547060,353,3,futex_do_wait
4924603830007845,3130338,qlever-server-d,R,117,4,1218556608,359422536,889,5,0
4924603830007845,3130339,qlever-server-d,R,115,6,1212865395,402692861,964,5,0
4924603830007845,0,__system__,-,1024884151,7867994219,0,0,0,-1,-
4924603849994546,3128855,qlever-server-d,S,936,1591,25279315500,30777902,1912,1,futex_do_wait
4924603849994546,3128859,qlever-server-d,S,0,0,2931693,2566871,26,13,futex_do_wait
4924603849994546,3129400,qlever-server-d,R,1165,10,11759200408,206099629,498,4,0
4924603849994546,3129401,qlever-server-d,R,1167,9,11773852856,184208826,403,13,0
4924603849994546,3129402,qlever-server-d,R,1167,13,11810319348,156222841,903,15,0
4924603849994546,3129403,qlever-server-d,R,1167,12,11806644610,159469157,617,2,0
4924603849994546,3129404,qlever-server-d,R,1178,11,11899539859,69187061,534,8,0
4924603849994546,3129405,qlever-server-d,R,1177,9,11876678726,89609241,571,1,0
4924603849994546,3129406,qlever-server-d,R,1167,11,11784783910,173374894,577,6,0
4924603849994546,3129407,qlever-server-d,R,1167,9,11766328694,210663240,499,3,0
4924603849994546,3129408,qlever-server-d,S,0,0,15360,0,1,13,futex_do_wait
4924603849994546,3129409,qlever-server-d,S,0,0,163781,0,5,12,ep_poll
4924603849994546,3129410,qlever-server-d,S,0,0,435510,20000,10,3,futex_do_wait
4924603849994546,3129411,qlever-server-d,S,1,11,129510549,239799836,1158,0,futex_do_wait
4924603849994546,3129412,qlever-server-d,S,0,11,119059309,212425184,1011,7,futex_do_wait
4924603849994546,3129413,qlever-server-d,S,0,10,109139179,265134362,1172,8,futex_do_wait
4924603849994546,3129414,qlever-server-d,S,0,18,193652226,279435769,1336,2,futex_do_wait
4924603849994546,3129415,qlever-server-d,S,0,10,109751495,242588017,1195,1,futex_do_wait
4924603849994546,3129416,qlever-server-d,S,0,9,94093323,221983042,991,8,futex_do_wait
4924603849994546,3129417,qlever-server-d,S,1,13,148596312,313406542,1302,3,futex_do_wait
4924603849994546,3129418,qlever-server-d,S,0,16,173716643,232093326,1115,7,ep_poll
4924603849994546,3130333,qlever-server-d,S,0,0,957592,65245027,34,5,futex_do_wait
4924603849994546,3130334,qlever-server-d,S,0,0,5856624,10423859,104,3,futex_do_wait
4924603849994546,3130335,qlever-server-d,S,73,6,797705846,440114097,1391,11,futex_do_wait
4924603849994546,3130336,qlever-server-d,S,8,1,94519225,138891353,362,10,futex_do_wait
4924603849994546,3130337,qlever-server-d,S,8,0,93897139,121997770,354,10,futex_do_wait
4924603849994546,3130338,qlever-server-d,R,118,4,1229002491,367953494,897,5,0
4924603849994546,3130339,qlever-server-d,S,116,6,1225359915,410067252,975,0,futex_do_wait
4924603849994546,0,__system__,-,1024884180,7867994251,0,0,0,-1,-
4924603869996526,3128855,qlever-server-d,S,936,1591,25279315500,30777902,1912,1,futex_do_wait
4924603869996526,3128859,qlever-server-d,S,0,0,2931693,2566871,26,13,futex_do_wait
4924603869996526,3129400,qlever-server-d,R,1167,10,11779200429,206099629,498,4,0
4924603869996526,3129401,qlever-server-d,R,1169,9,11792083507,185976827,404,13,0
4924603869996526,3129402,qlever-server-d,R,1169,13,11830319339,156222841,903,15,0
4924603869996526,3129403,qlever-server-d,R,1169,12,11826645141,159469157,617,2,0
4924603869996526,3129404,qlever-server-d,R,1180,11,11919352180,69374891,535,8,0
4924603869996526,3129405,qlever-server-d,R,1179,9,11896680047,89609241,571,1,0
4924603869996526,3129406,qlever-server-d,R,1169,11,11804784281,173374894,577,6,0
4924603869996526,3129407,qlever-server-d,R,1169,9,11786298985,210687360,500,11,0
4924603869996526,3129408,qlever-server-d,S,0,0,15360,0,1,13,futex_do_wait
4924603869996526,3129409,qlever-server-d,S,0,0,163781,0,5,12,ep_poll
4924603869996526,3129410,qlever-server-d,S,0,0,435510,20000,10,3,futex_do_wait
4924603869996526,3129411,qlever-server-d,S,1,11,129510549,239799836,1158,0,futex_do_wait
4924603869996526,3129412,qlever-server-d,S,0,11,119059309,212425184,1011,7,futex_do_wait
4924603869996526,3129413,qlever-server-d,S,0,10,109139179,265134362,1172,8,futex_do_wait
4924603869996526,3129414,qlever-server-d,S,0,18,193652226,279435769,1336,2,futex_do_wait
4924603869996526,3129415,qlever-server-d,S,0,10,109751495,242588017,1195,1,futex_do_wait
4924603869996526,3129416,qlever-server-d,S,0,9,94093323,221983042,991,8,futex_do_wait
4924603869996526,3129417,qlever-server-d,S,1,13,148596312,313406542,1302,3,futex_do_wait
4924603869996526,3129418,qlever-server-d,S,0,16,173716643,232093326,1115,7,ep_poll
4924603869996526,3130333,qlever-server-d,S,0,0,998662,65251517,35,5,futex_do_wait
4924603869996526,3130334,qlever-server-d,S,0,0,5939514,11405599,105,3,futex_do_wait
4924603869996526,3130335,qlever-server-d,R,74,6,805987271,441015067,1414,3,0
4924603869996526,3130336,qlever-server-d,S,8,1,94988545,139283153,364,3,futex_do_wait
4924603869996526,3130337,qlever-server-d,S,8,0,94313719,122522280,356,0,futex_do_wait
4924603869996526,3130338,qlever-server-d,R,120,4,1248211032,367994564,900,5,0
4924603869996526,3130339,qlever-server-d,R,117,6,1239829563,412070394,1005,0,0
4924603869996526,0,__system__,-,1024884210,7867994283,0,0,0,-1,-
4924603890010487,3128855,qlever-server-d,S,936,1591,25279315500,30777902,1912,1,futex_do_wait
4924603890010487,3128859,qlever-server-d,S,0,0,2931693,2566871,26,13,futex_do_wait
4924603890010487,3129400,qlever-server-d,R,1169,10,11799200690,206099629,498,4,0
4924603890010487,3129401,qlever-server-d,R,1171,9,11810371197,187693158,405,13,0
4924603890010487,3129402,qlever-server-d,R,1171,13,11850319910,156222841,903,15,0
4924603890010487,3129403,qlever-server-d,R,1171,12,11846645132,159469157,617,2,0
4924603890010487,3129404,qlever-server-d,R,1182,11,11939354531,69374891,535,8,0
4924603890010487,3129405,qlever-server-d,R,1181,9,11916679458,89609241,571,1,0
4924603890010487,3129406,qlever-server-d,R,1171,11,11824784312,173374894,577,6,0
4924603890010487,3129407,qlever-server-d,R,1171,9,11806203156,210811950,505,11,0
4924603890010487,3129408,qlever-server-d,S,0,0,15360,0,1,13,futex_do_wait
4924603890010487,3129409,qlever-server-d,S,0,0,163781,0,5,12,ep_poll
4924603890010487,3129410,qlever-server-d,S,0,0,435510,20000,10,3,futex_do_wait
4924603890010487,3129411,qlever-server-d,S,1,11,129510549,239799836,1158,0,futex_do_wait
4924603890010487,3129412,qlever-server-d,S,0,11,119059309,212425184,1011,7,futex_do_wait
4924603890010487,3129413,qlever-server-d,S,0,10,109139179,265134362,1172,8,futex_do_wait
4924603890010487,3129414,qlever-server-d,S,0,18,193652226,279435769,1336,2,futex_do_wait
4924603890010487,3129415,qlever-server-d,S,0,10,109751495,242588017,1195,1,futex_do_wait
4924603890010487,3129416,qlever-server-d,S,0,9,94093323,221983042,991,8,futex_do_wait
4924603890010487,3129417,qlever-server-d,S,1,13,148596312,313406542,1302,3,futex_do_wait
4924603890010487,3129418,qlever-server-d,S,0,16,173716643,232093326,1115,7,ep_poll
4924603890010487,3130333,qlever-server-d,S,0,0,998662,65251517,35,5,futex_do_wait
4924603890010487,3130334,qlever-server-d,S,0,0,5939514,11405599,105,3,futex_do_wait
4924603890010487,3130335,qlever-server-d,S,75,6,812077344,441080487,1433,3,futex_do_wait
4924603890010487,3130336,qlever-server-d,S,8,1,95010075,139677054,365,10,futex_do_wait
4924603890010487,3130337,qlever-server-d,S,8,0,94765650,122830330,357,3,futex_do_wait
4924603890010487,3130338,qlever-server-d,S,121,4,1266896483,369052164,902,5,futex_do_wait
4924603890010487,3130339,qlever-server-d,R,118,6,1253344420,413417715,1031,0,0
4924603890010487,0,__system__,-,1024884240,7867994314,0,0,0,-1,-
4924603912804857,3128855,qlever-server-d,S,936,1591,25279315500,30777902,1912,1,futex_do_wait
4924603912804857,3128859,qlever-server-d,S,0,0,2931693,2566871,26,13,futex_do_wait
4924603912804857,3129400,qlever-server-d,R,1171,10,11822200853,206099629,498,4,0
4924603912804857,3129401,qlever-server-d,R,1173,9,11832320180,188827218,407,5,0
4924603912804857,3129402,qlever-server-d,R,1173,13,11873319903,156222841,903,15,0
4924603912804857,3129403,qlever-server-d,R,1174,12,11869603765,159510317,618,2,0
4924603912804857,3129404,qlever-server-d,R,1184,11,11962352854,69374891,535,8,0
4924603912804857,3129405,qlever-server-d,R,1184,9,11939679781,89609241,571,1,0
4924603912804857,3129406,qlever-server-d,R,1173,11,11847784045,173374894,577,6,0
4924603912804857,3129407,qlever-server-d,R,1173,9,11829024539,210956460,512,3,0
4924603912804857,3129408,qlever-server-d,S,0,0,15360,0,1,13,futex_do_wait
4924603912804857,3129409,qlever-server-d,S,0,0,163781,0,5,12,ep_poll
4924603912804857,3129410,qlever-server-d,S,0,0,435510,20000,10,3,futex_do_wait
4924603912804857,3129411,qlever-server-d,S,1,11,129510549,239799836,1158,0,futex_do_wait
4924603912804857,3129412,qlever-server-d,S,0,11,119059309,212425184,1011,7,futex_do_wait
4924603912804857,3129413,qlever-server-d,S,0,10,109139179,265134362,1172,8,futex_do_wait
4924603912804857,3129414,qlever-server-d,S,0,18,193652226,279435769,1336,2,futex_do_wait
4924603912804857,3129415,qlever-server-d,S,0,10,109751495,242588017,1195,1,futex_do_wait
4924603912804857,3129416,qlever-server-d,S,0,9,94093323,221983042,991,8,futex_do_wait
4924603912804857,3129417,qlever-server-d,S,1,13,148596312,313406542,1302,3,futex_do_wait
4924603912804857,3129418,qlever-server-d,S,0,16,173716643,232093326,1115,7,ep_poll
4924603912804857,3130333,qlever-server-d,S,0,0,1033782,65257727,36,5,futex_do_wait
4924603912804857,3130334,qlever-server-d,S,0,0,5984354,11424939,107,3,futex_do_wait
4924603912804857,3130335,qlever-server-d,S,75,6,817368687,441301157,1455,3,futex_do_wait
4924603912804857,3130336,qlever-server-d,S,8,1,95493255,139980965,366,3,futex_do_wait
4924603912804857,3130337,qlever-server-d,S,8,0,94777200,123628550,358,3,futex_do_wait
4924603912804857,3130338,qlever-server-d,S,123,4,1281083372,369411814,908,13,0
4924603912804857,3130339,qlever-server-d,R,119,6,1264470007,424167470,1036,0,0
4924603912804857,0,__system__,-,1024884275,7867994351,0,0,0,-1,-
4924603930011529,3128855,qlever-server-d,S,936,1591,25279315500,30777902,1912,1,futex_do_wait
4924603930011529,3128859,qlever-server-d,S,0,0,2931693,2566871,26,13,futex_do_wait
4924603930011529,3129400,qlever-server-d,R,1173,10,11839201482,206099629,498,4,0
4924603930011529,3129401,qlever-server-d,R,1174,9,11849210509,188844808,408,13,0
4924603930011529,3129402,qlever-server-d,R,1175,13,11890320152,156222841,903,15,0
4924603930011529,3129403,qlever-server-d,R,1175,12,11886604164,159510317,618,2,0
4924603930011529,3129404,qlever-server-d,R,1186,11,11979352553,69374891,535,8,0
4924603930011529,3129405,qlever-server-d,R,1185,9,11956679890,89609241,571,1,0
4924603930011529,3129406,qlever-server-d,R,1175,11,11864784424,173374894,577,6,0
4924603930011529,3129407,qlever-server-d,R,1175,9,11845998328,210982930,513,3,0
4924603930011529,3129408,qlever-server-d,S,0,0,15360,0,1,13,futex_do_wait
4924603930011529,3129409,qlever-server-d,S,0,0,163781,0,5,12,ep_poll
4924603930011529,3129410,qlever-server-d,S,0,0,435510,20000,10,3,futex_do_wait
4924603930011529,3129411,qlever-server-d,S,1,11,129510549,239799836,1158,0,futex_do_wait
4924603930011529,3129412,qlever-server-d,S,0,11,119059309,212425184,1011,7,futex_do_wait
4924603930011529,3129413,qlever-server-d,S,0,10,109139179,265134362,1172,8,futex_do_wait
4924603930011529,3129414,qlever-server-d,S,0,18,193652226,279435769,1336,2,futex_do_wait
4924603930011529,3129415,qlever-server-d,S,0,10,109751495,242588017,1195,1,futex_do_wait
4924603930011529,3129416,qlever-server-d,S,0,9,94093323,221983042,991,8,futex_do_wait
4924603930011529,3129417,qlever-server-d,S,1,13,148596312,313406542,1302,3,futex_do_wait
4924603930011529,3129418,qlever-server-d,S,0,16,173716643,232093326,1115,7,ep_poll
4924603930011529,3130333,qlever-server-d,S,0,0,1033782,65257727,36,5,futex_do_wait
4924603930011529,3130334,qlever-server-d,S,0,0,5984354,11424939,107,3,futex_do_wait
4924603930011529,3130335,qlever-server-d,R,76,6,822248929,447299099,1464,0,0
4924603930011529,3130336,qlever-server-d,S,8,1,95957385,140455325,368,0,futex_do_wait
4924603930011529,3130337,qlever-server-d,S,8,0,95231770,124401560,360,0,futex_do_wait
4924603930011529,3130338,qlever-server-d,R,124,4,1292384349,371441715,919,5,0
4924603930011529,3130339,qlever-server-d,R,120,6,1273048961,434430616,1043,5,0
4924603930011529,0,__system__,-,1024884300,7867994378,0,0,0,-1,-
4924603949998340,3128855,qlever-server-d,S,936,1591,25279315500,30777902,1912,1,futex_do_wait
4924603949998340,3128859,qlever-server-d,S,0,0,2931693,2566871,26,13,futex_do_wait
4924603949998340,3129400,qlever-server-d,R,1175,10,11859200723,206099629,498,4,0
4924603949998340,3129401,qlever-server-d,R,1176,9,11867438299,190616429,409,13,0
4924603949998340,3129402,qlever-server-d,R,1177,13,11910169903,156372541,909,15,0
4924603949998340,3129403,qlever-server-d,R,1177,12,11906488955,159627237,619,2,0
4924603949998340,3129404,qlever-server-d,R,1188,11,11999353194,69374891,535,8,0
4924603949998340,3129405,qlever-server-d,R,1187,9,11976680681,89609241,571,1,0
4924603949998340,3129406,qlever-server-d,R,1177,11,11884784885,173374894,577,6,0
4924603949998340,3129407,qlever-server-d,R,1177,9,11866197009,211016640,514,11,0
4924603949998340,3129408,qlever-server-d,S,0,0,15360,0,1,13,futex_do_wait
4924603949998340,3129409,qlever-server-d,S,0,0,163781,0,5,12,ep_poll
4924603949998340,3129410,qlever-server-d,S,0,0,435510,20000,10,3,futex_do_wait
4924603949998340,3129411,qlever-server-d,S,1,11,129510549,239799836,1158,0,futex_do_wait
4924603949998340,3129412,qlever-server-d,S,0,11,119059309,212425184,1011,7,futex_do_wait
4924603949998340,3129413,qlever-server-d,S,0,10,109139179,265134362,1172,8,futex_do_wait
4924603949998340,3129414,qlever-server-d,S,0,18,193652226,279435769,1336,2,futex_do_wait
4924603949998340,3129415,qlever-server-d,S,0,10,109751495,242588017,1195,1,futex_do_wait
4924603949998340,3129416,qlever-server-d,S,0,9,94093323,221983042,991,8,futex_do_wait
4924603949998340,3129417,qlever-server-d,S,1,13,148596312,313406542,1302,3,futex_do_wait
4924603949998340,3129418,qlever-server-d,S,0,16,173716643,232093326,1115,7,ep_poll
4924603949998340,3130333,qlever-server-d,S,0,0,1033782,65257727,36,5,futex_do_wait
4924603949998340,3130334,qlever-server-d,S,0,0,6081264,15220241,109,3,futex_do_wait
4924603949998340,3130335,qlever-server-d,R,76,6,831091754,452082772,1478,3,0
4924603949998340,3130336,qlever-server-d,S,8,1,96867657,141864965,372,3,futex_do_wait
4924603949998340,3130337,qlever-server-d,S,8,0,96196260,126506963,364,3,futex_do_wait
4924603949998340,3130338,qlever-server-d,R,125,4,1303997215,378468500,928,0,0
4924603949998340,3130339,qlever-server-d,R,122,6,1289159270,437447388,1049,5,0
4924603949998340,0,__system__,-,1024884329,7867994409,0,0,0,-1,-
4924603970006791,3128855,qlever-server-d,S,936,1591,25279315500,30777902,1912,1,futex_do_wait
4924603970006791,3128859,qlever-server-d,S,0,0,2931693,2566871,26,13,futex_do_wait
4924603970006791,3129400,qlever-server-d,R,1177,10,11879200524,206099629,498,4,0
4924603970006791,3129401,qlever-server-d,R,1178,9,11885724479,192331450,410,13,0
4924603970006791,3129402,qlever-server-d,R,1179,13,11930170424,156372541,909,15,0
4924603970006791,3129403,qlever-server-d,R,1179,12,11926488156,159627237,619,2,0
4924603970006791,3129404,qlever-server-d,R,1190,11,12019352555,69374891,535,8,0
4924603970006791,3129405,qlever-server-d,R,1189,9,11996680042,89609241,571,1,0
4924603970006791,3129406,qlever-server-d,R,1178,11,11904784726,173374894,577,6,0
4924603970006791,3129407,qlever-server-d,R,1179,9,11885926060,211050330,515,11,0
4924603970006791,3129408,qlever-server-d,S,0,0,15360,0,1,13,futex_do_wait
4924603970006791,3129409,qlever-server-d,S,0,0,163781,0,5,12,ep_poll
4924603970006791,3129410,qlever-server-d,S,0,0,435510,20000,10,3,futex_do_wait
4924603970006791,3129411,qlever-server-d,S,1,11,129510549,239799836,1158,0,futex_do_wait
4924603970006791,3129412,qlever-server-d,S,0,11,119059309,212425184,1011,7,futex_do_wait
4924603970006791,3129413,qlever-server-d,S,0,10,109139179,265134362,1172,8,futex_do_wait
4924603970006791,3129414,qlever-server-d,S,0,18,193652226,279435769,1336,2,futex_do_wait
4924603970006791,3129415,qlever-server-d,S,0,10,109751495,242588017,1195,1,futex_do_wait
4924603970006791,3129416,qlever-server-d,S,0,9,94093323,221983042,991,8,futex_do_wait
4924603970006791,3129417,qlever-server-d,S,1,13,148596312,313406542,1302,3,futex_do_wait
4924603970006791,3129418,qlever-server-d,S,0,16,173716643,232093326,1115,7,ep_poll
4924603970006791,3130333,qlever-server-d,S,0,0,1068452,65264237,37,5,futex_do_wait
4924603970006791,3130334,qlever-server-d,S,0,0,6213134,15232771,113,3,futex_do_wait
4924603970006791,3130335,qlever-server-d,R,78,6,847458703,455892574,1490,3,0
4924603970006791,3130336,qlever-server-d,R,8,1,98706277,143611747,380,3,0
4924603970006791,3130337,qlever-server-d,R,8,1,98231962,127983463,373,0,0
4924603970006791,3130338,qlever-server-d,R,127,4,1318721824,378468500,960,0,0
4924603970006791,3130339,qlever-server-d,R,124,6,1309125471,437482058,1050,5,0
4924603970006791,0,__system__,-,1024884361,7867994441,0,0,0,-1,-
4924603989986952,3128855,qlever-server-d,S,936,1591,25279315500,30777902,1912,1,futex_do_wait
4924603989986952,3128859,qlever-server-d,S,0,0,2931693,2566871,26,13,futex_do_wait
4924603989986952,3129400,qlever-server-d,R,1179,10,11899201255,206099629,498,4,0
4924603989986952,3129401,qlever-server-d,R,1180,9,11903978199,194075151,411,13,0
4924603989986952,3129402,qlever-server-d,R,1181,13,11950170105,156372541,909,15,0
4924603989986952,3129403,qlever-server-d,R,1181,12,11946488147,159627237,619,2,0
4924603989986952,3129404,qlever-server-d,R,1192,11,12039323236,69405311,536,8,0
4924603989986952,3129405,qlever-server-d,R,1191,9,12016679993,89609241,571,1,0
4924603989986952,3129406,qlever-server-d,R,1180,11,11924785727,173374894,577,6,0
4924603989986952,3129407,qlever-server-d,R,1180,9,11905900351,211076280,516,11,0
4924603989986952,3129408,qlever-server-d,S,0,0,15360,0,1,13,futex_do_wait
4924603989986952,3129409,qlever-server-d,S,0,0,163781,0,5,12,ep_poll
4924603989986952,3129410,qlever-server-d,S,0,0,435510,20000,10,3,futex_do_wait
4924603989986952,3129411,qlever-server-d,S,1,11,129510549,239799836,1158,0,futex_do_wait
4924603989986952,3129412,qlever-server-d,S,0,11,119059309,212425184,1011,7,futex_do_wait
4924603989986952,3129413,qlever-server-d,S,0,10,109139179,265134362,1172,8,futex_do_wait
4924603989986952,3129414,qlever-server-d,S,0,18,193652226,279435769,1336,2,futex_do_wait
4924603989986952,3129415,qlever-server-d,S,0,10,109751495,242588017,1195,1,futex_do_wait
4924603989986952,3129416,qlever-server-d,S,0,9,94093323,221983042,991,8,futex_do_wait
4924603989986952,3129417,qlever-server-d,S,1,13,148596312,313406542,1302,3,futex_do_wait
4924603989986952,3129418,qlever-server-d,S,0,16,173716643,232093326,1115,7,ep_poll
4924603989986952,3130333,qlever-server-d,S,0,0,1068452,65264237,37,5,futex_do_wait
4924603989986952,3130334,qlever-server-d,S,0,0,6309094,15244301,115,3,futex_do_wait
4924603989986952,3130335,qlever-server-d,R,80,6,863791141,459172936,1501,3,0
4924603989986952,3130336,qlever-server-d,R,8,1,100516928,145295007,388,3,0
4924603989986952,3130337,qlever-server-d,R,8,1,99866033,129766544,382,3,0
4924603989986952,3130338,qlever-server-d,R,128,4,1332654912,379857271,986,5,0
4924603989986952,3130339,qlever-server-d,R,125,6,1327453162,438509618,1051,5,0
4924603989986952,0,__system__,-,1024884391,7867994472,0,0,0,-1,-
4924604010097022,3128855,qlever-server-d,S,936,1591,25279315500,30777902,1912,1,futex_do_wait
4924604010097022,3128859,qlever-server-d,S,0,0,2931693,2566871,26,13,futex_do_wait
4924604010097022,3129400,qlever-server-d,R,1181,10,11919203996,206099629,498,4,0
4924604010097022,3129401,qlever-server-d,R,1182,9,11922219599,195926952,413,13,0
4924604010097022,3129402,qlever-server-d,R,1183,13,11970171976,156372541,909,15,0
4924604010097022,3129403,qlever-server-d,R,1183,12,11966417438,159698487,620,2,0
4924604010097022,3129404,qlever-server-d,R,1194,11,12059324177,69405311,536,8,0
4924604010097022,3129405,qlever-server-d,R,1193,9,12036547604,89743181,573,1,0
4924604010097022,3129406,qlever-server-d,R,1182,11,11944710408,173449644,578,6,0
4924604010097022,3129407,qlever-server-d,R,1182,9,11925867842,211109940,517,11,0
4924604010097022,3129408,qlever-server-d,S,0,0,15360,0,1,13,futex_do_wait
4924604010097022,3129409,qlever-server-d,S,0,0,163781,0,5,12,ep_poll
4924604010097022,3129410,qlever-server-d,S,0,0,435510,20000,10,3,futex_do_wait
4924604010097022,3129411,qlever-server-d,S,1,11,129510549,239799836,1158,0,futex_do_wait
4924604010097022,3129412,qlever-server-d,S,0,11,119059309,212425184,1011,7,futex_do_wait
4924604010097022,3129413,qlever-server-d,S,0,10,109139179,265134362,1172,8,futex_do_wait
4924604010097022,3129414,qlever-server-d,S,0,18,193652226,279435769,1336,2,futex_do_wait
4924604010097022,3129415,qlever-server-d,S,0,10,109751495,242588017,1195,1,futex_do_wait
4924604010097022,3129416,qlever-server-d,S,0,9,94093323,221983042,991,8,futex_do_wait
4924604010097022,3129417,qlever-server-d,S,1,13,148596312,313406542,1302,3,futex_do_wait
4924604010097022,3129418,qlever-server-d,S,0,16,173716643,232093326,1115,7,ep_poll
4924604010097022,3130333,qlever-server-d,S,0,0,1107172,65270557,38,5,futex_do_wait
4924604010097022,3130334,qlever-server-d,S,0,0,6397854,15935031,117,3,futex_do_wait
4924604010097022,3130335,qlever-server-d,R,81,6,876320948,465180389,1512,0,0
4924604010097022,3130336,qlever-server-d,S,8,1,101906048,146969977,394,0,futex_do_wait
4924604010097022,3130337,qlever-server-d,S,9,1,101222793,132613034,387,3,futex_do_wait
4924604010097022,3130338,qlever-server-d,R,130,4,1350779952,381714871,990,5,0
4924604010097022,3130339,qlever-server-d,R,127,6,1343423162,441675498,1062,3,0
4924604010097022,0,__system__,-,1024884423,7867994505,0,0,0,-1,-
4924604029996454,3128855,qlever-server-d,S,936,1591,25279315500,30777902,1912,1,futex_do_wait
4924604029996454,3128859,qlever-server-d,S,0,0,2931693,2566871,26,13,futex_do_wait
4924604029996454,3129400,qlever-server-d,R,1183,10,11939202048,206099629,498,4,0
4924604029996454,3129401,qlever-server-d,R,1184,9,11940366110,197687823,415,13,0
4924604029996454,3129402,qlever-server-d,R,1185,13,11990142088,156402151,910,15,0
4924604029996454,3129403,qlever-server-d,R,1185,13,11986417660,159698487,620,2,0
4924604029996454,3129404,qlever-server-d,R,1196,11,12079322709,69405311,536,8,0
4924604029996454,3129405,qlever-server-d,R,1195,9,12056546906,89743181,573,1,0
4924604029996454,3129406,qlever-server-d,R,1184,11,11964711100,173449644,578,6,0
4924604029996454,3129407,qlever-server-d,R,1184,9,11945838484,211137920,518,11,0
4924604029996454,3129408,qlever-server-d,S,0,0,15360,0,1,13,futex_do_wait
4924604029996454,3129409,qlever-server-d,S,0,0,163781,0,5,12,ep_poll
4924604029996454,3129410,qlever-server-d,S,0,0,435510,20000,10,3,futex_do_wait
4924604029996454,3129411,qlever-server-d,S,1,11,129510549,239799836,1158,0,futex_do_wait
4924604029996454,3129412,qlever-server-d,S,0,11,119059309,212425184,1011,7,futex_do_wait
4924604029996454,3129413,qlever-server-d,S,0,10,109139179,265134362,1172,8,futex_do_wait
4924604029996454,3129414,qlever-server-d,S,0,18,193652226,279435769,1336,2,futex_do_wait
4924604029996454,3129415,qlever-server-d,S,0,10,109751495,242588017,1195,1,futex_do_wait
4924604029996454,3129416,qlever-server-d,S,0,9,94093323,221983042,991,8,futex_do_wait
4924604029996454,3129417,qlever-server-d,S,1,13,148596312,313406542,1302,3,futex_do_wait
4924604029996454,3129418,qlever-server-d,S,0,16,173716643,232093326,1115,7,ep_poll
4924604029996454,3130333,qlever-server-d,S,0,0,1107172,65270557,38,5,futex_do_wait
4924604029996454,3130334,qlever-server-d,S,0,0,6520534,15939451,119,3,futex_do_wait
4924604029996454,3130335,qlever-server-d,R,82,6,890337096,467637120,1526,0,0
4924604029996454,3130336,qlever-server-d,S,8,1,103262218,148368707,400,0,futex_do_wait
4924604029996454,3130337,qlever-server-d,R,9,1,102621103,133630995,393,0,0
4924604029996454,3130338,qlever-server-d,R,132,5,1370779473,381714871,990,5,0
4924604029996454,3130339,qlever-server-d,R,128,6,1358241310,443041488,1087,3,0
4924604029996454,0,__system__,-,1024884454,7867994536,0,0,0,-1,-
4924604049991425,3128855,qlever-server-d,S,936,1591,25279315500,30777902,1912,1,futex_do_wait
4924604049991425,3128859,qlever-server-d,S,0,0,2931693,2566871,26,13,futex_do_wait
4924604049991425,3129400,qlever-server-d,R,1185,10,11959201749,206099629,498,4,0
4924604049991425,3129401,qlever-server-d,R,1185,9,11958625421,199429893,416,13,0
4924604049991425,3129402,qlever-server-d,R,1187,13,12009980219,156563581,917,15,0
4924604049991425,3129403,qlever-server-d,R,1187,13,12006416191,159698487,620,2,0
4924604049991425,3129404,qlever-server-d,R,1198,11,12099287790,69440551,537,8,0
4924604049991425,3129405,qlever-server-d,R,1197,9,12076546447,89743181,573,1,0
4924604049991425,3129406,qlever-server-d,R,1186,11,11984710491,173449644,578,6,0
4924604049991425,3129407,qlever-server-d,R,1186,9,11965810555,211165030,519,11,0
4924604049991425,3129408,qlever-server-d,S,0,0,15360,0,1,13,futex_do_wait
4924604049991425,3129409,qlever-server-d,S,0,0,163781,0,5,12,ep_poll
4924604049991425,3129410,qlever-server-d,S,0,0,435510,20000,10,3,futex_do_wait
4924604049991425,3129411,qlever-server-d,S,1,11,129510549,239799836,1158,0,futex_do_wait
4924604049991425,3129412,qlever-server-d,S,0,11,119059309,212425184,1011,7,futex_do_wait
4924604049991425,3129413,qlever-server-d,S,0,10,109139179,265134362,1172,8,futex_do_wait
4924604049991425,3129414,qlever-server-d,S,0,18,193652226,279435769,1336,2,futex_do_wait
4924604049991425,3129415,qlever-server-d,S,0,10,109751495,242588017,1195,1,futex_do_wait
4924604049991425,3129416,qlever-server-d,S,0,9,94093323,221983042,991,8,futex_do_wait
4924604049991425,3129417,qlever-server-d,S,1,13,148596312,313406542,1302,3,futex_do_wait
4924604049991425,3129418,qlever-server-d,S,0,16,173716643,232093326,1115,7,ep_poll
4924604049991425,3130333,qlever-server-d,S,0,0,1107172,65270557,38,5,futex_do_wait
4924604049991425,3130334,qlever-server-d,S,0,0,6656304,16623652,122,0,futex_do_wait
4924604049991425,3130335,qlever-server-d,R,83,6,904888054,472966213,1535,0,0
4924604049991425,3130337,qlever-server-d,R,9,1,104708154,138905588,402,0,-
4924604049991425,3130338,qlever-server-d,R,133,5,1381779009,390715906,993,5,0
4924604049991425,3130339,qlever-server-d,S,129,6,1369247817,443041488,1099,3,0
4924604049991425,0,__system__,-,1024884486,7867994569,0,0,0,-1,-
4924604069984466,3128855,qlever-server-d,S,936,1591,25279315500,30777902,1912,1,futex_do_wait
4924604069984466,3128859,qlever-server-d,S,0,0,2931693,2566871,26,13,futex_do_wait
4924604069984466,3129400,qlever-server-d,R,1187,10,11979202450,206099629,498,4,0
4924604069984466,3129401,qlever-server-d,R,1187,9,11976833081,201219884,417,13,0
4924604069984466,3129402,qlever-server-d,R,1189,13,12029784230,156759911,925,15,0
4924604069984466,3129403,qlever-server-d,R,1189,13,12025280961,160834548,621,2,0
4924604069984466,3129404,qlever-server-d,R,1200,11,12119100591,69628571,538,8,0
4924604069984466,3129405,qlever-server-d,R,1199,9,12096546898,89743181,573,1,0
4924604069984466,3129406,qlever-server-d,R,1188,11,12004711462,173449644,578,6,0
4924604069984466,3129407,qlever-server-d,R,1188,9,11985780246,211197660,520,11,0
4924604069984466,3129408,qlever-server-d,S,0,0,15360,0,1,13,futex_do_wait
4924604069984466,3129409,qlever-server-d,S,0,0,163781,0,5,12,ep_poll
4924604069984466,3129410,qlever-server-d,S,0,0,435510,20000,10,3,futex_do_wait
4924604069984466,3129411,qlever-server-d,S,1,11,129510549,239799836,1158,0,futex_do_wait
4924604069984466,3129412,qlever-server-d,S,0,11,119059309,212425184,1011,7,futex_do_wait
4924604069984466,3129413,qlever-server-d,S,0,10,109139179,265134362,1172,8,futex_do_wait
4924604069984466,3129414,qlever-server-d,S,0,18,193652226,279435769,1336,2,futex_do_wait
4924604069984466,3129415,qlever-server-d,S,0,10,109751495,242588017,1195,1,futex_do_wait
4924604069984466,3129416,qlever-server-d,S,0,9,94093323,221983042,991,8,futex_do_wait
4924604069984466,3129417,qlever-server-d,S,1,13,148596312,313406542,1302,3,futex_do_wait
4924604069984466,3129418,qlever-server-d,S,0,16,173716643,232093326,1115,7,ep_poll
4924604069984466,3130333,qlever-server-d,S,0,0,1134022,67279938,39,10,futex_do_wait
4924604069984466,3130334,qlever-server-d,S,0,0,6813224,16681642,126,0,futex_do_wait
4924604069984466,3130335,qlever-server-d,S,85,7,923444474,473757324,1541,0,futex_do_wait
4924604069984466,3130338,qlever-server-d,R,134,5,1392177945,399927581,997,5,0
4924604069984466,3130339,qlever-server-d,R,130,6,1377304411,444806409,1109,3,0
4924604069984466,0,__system__,-,1024884516,7867994600,0,0,0,-1,-
4924604090010947,3128855,qlever-server-d,S,936,1591,25279315500,30777902,1912,1,futex_do_wait
4924604090010947,3128859,qlever-server-d,S,0,0,2931693,2566871,26,13,futex_do_wait
4924604090010947,3129400,qlever-server-d,R,1189,10,11999171201,206130749,499,4,0
4924604090010947,3129401,qlever-server-d,R,1189,9,11995239381,202817395,418,13,0
4924604090010947,3129402,qlever-server-d,R,1191,13,12049668401,156938691,931,15,0
4924604090010947,3129403,qlever-server-d,R,1191,13,12045281752,160834548,621,2,0
4924604090010947,3129404,qlever-server-d,R,1202,11,12139100662,69628571,538,8,0
4924604090010947,3129405,qlever-server-d,R,1201,9,12116551999,89786741,574,1,0
4924604090010947,3129406,qlever-server-d,R,1190,11,12024681263,173480634,579,6,0
4924604090010947,3129407,qlever-server-d,R,1190,9,12005733487,211244190,521,11,0
4924604090010947,3129408,qlever-server-d,S,0,0,15360,0,1,13,futex_do_wait
4924604090010947,3129409,qlever-server-d,S,0,0,163781,0,5,12,ep_poll
4924604090010947,3129410,qlever-server-d,S,0,0,435510,20000,10,3,futex_do_wait
4924604090010947,3129411,qlever-server-d,S,1,11,129510549,239799836,1158,0,futex_do_wait
4924604090010947,3129412,qlever-server-d,S,0,11,119059309,212425184,1011,7,futex_do_wait
4924604090010947,3129413,qlever-server-d,S,0,10,109139179,265134362,1172,8,futex_do_wait
4924604090010947,3129414,qlever-server-d,S,0,18,193652226,279435769,1336,2,futex_do_wait
4924604090010947,3129415,qlever-server-d,S,0,10,109751495,242588017,1195,1,futex_do_wait
4924604090010947,3129416,qlever-server-d,S,0,9,94093323,221983042,991,8,futex_do_wait
4924604090010947,3129417,qlever-server-d,S,1,13,148596312,313406542,1302,3,futex_do_wait
4924604090010947,3129418,qlever-server-d,S,0,16,173716643,232093326,1115,7,ep_poll
4924604090010947,3130333,qlever-server-d,S,0,0,1134022,67279938,39,10,futex_do_wait
4924604090010947,3130334,qlever-server-d,S,0,0,6898305,16689292,128,0,futex_do_wait
4924604090010947,3130335,qlever-server-d,R,86,7,934932061,473848065,1557,0,0
4924604090010947,3130338,qlever-server-d,R,135,5,1407688553,403853133,1001,5,0
4924604090010947,3130339,qlever-server-d,R,131,7,1389161260,446733759,1127,10,0
4924604090010947,0,__system__,-,1024884547,7867994633,0,0,0,-1,-
4924604110006978,3128855,qlever-server-d,S,936,1591,25279315500,30777902,1912,1,futex_do_wait
4924604110006978,3128859,qlever-server-d,S,0,0,2931693,2566871,26,13,futex_do_wait
4924604110006978,3129400,qlever-server-d,R,1191,10,12019242542,206130749,499,4,0
4924604110006978,3129401,qlever-server-d,R,1191,9,12013452831,204600246,422,13,0
4924604110006978,3129402,qlever-server-d,R,1193,13,12068906421,157638202,938,15,0
4924604110006978,3129403,qlever-server-d,R,1193,13,12065281513,160834548,621,2,0
4924604110006978,3129404,qlever-server-d,R,1204,11,12159104283,69938931,540,8,0
4924604110006978,3129405,qlever-server-d,R,1203,9,12136591550,89813041,575,1,0
4924604110006978,3129406,qlever-server-d,R,1192,11,12044680064,173480634,579,6,0
4924604110006978,3129407,qlever-server-d,R,1192,9,12025686718,211291180,523,11,0
4924604110006978,3129408,qlever-server-d,S,0,0,15360,0,1,13,futex_do_wait
4924604110006978,3129409,qlever-server-d,S,0,0,163781,0,5,12,ep_poll
4924604110006978,3129410,qlever-server-d,S,0,0,435510,20000,10,3,futex_do_wait
4924604110006978,3129411,qlever-server-d,S,1,11,129510549,239799836,1158,0,futex_do_wait
4924604110006978,3129412,qlever-server-d,S,0,11,119059309,212425184,1011,7,futex_do_wait
4924604110006978,3129413,qlever-server-d,R,0,10,109139179,265134362,1172,8,0
4924604110006978,3129414,qlever-server-d,S,0,18,193652226,279435769,1336,2,futex_do_wait
4924604110006978,3129415,qlever-server-d,S,0,10,109751495,242588017,1195,1,futex_do_wait
4924604110006978,3129416,qlever-server-d,R,0,9,94376823,222007622,992,8,0
4924604110006978,3129417,qlever-server-d,S,1,13,148596312,313406542,1302,3,futex_do_wait
4924604110006978,3129418,qlever-server-d,S,0,16,173716643,232093326,1115,7,ep_poll
4924604110006978,3130333,qlever-server-d,S,0,0,1153882,67410558,40,10,futex_do_wait
4924604110006978,3130334,qlever-server-d,R,0,0,8491137,17061053,135,0,0
4924604110006978,3130335,qlever-server-d,R,87,7,950019019,474024436,1571,0,0
4924604110006978,0,__system__,-,1024884577,7867994664,0,0,0,-1,-
4924604130016098,3128855,qlever-server-d,S,936,1591,25279315500,30777902,1912,1,futex_do_wait
4924604130016098,3128859,qlever-server-d,S,0,0,2931693,2566871,26,13,futex_do_wait
4924604130016098,3129400,qlever-server-d,R,1193,10,12039170533,206130749,499,4,0
4924604130016098,3129401,qlever-server-d,R,1193,9,12032110051,205946307,424,13,0
4924604130016098,3129402,qlever-server-d,R,1195,13,12088755082,157789552,944,15,0
4924604130016098,3129403,qlever-server-d,R,1195,13,12085173904,160943758,625,2,0
4924604130016098,3129404,qlever-server-d,R,1206,11,12176751732,71978293,542,8,0
4924604130016098,3129405,qlever-server-d,R,1205,9,12155128371,91162581,580,1,0
4924604130016098,3129406,qlever-server-d,R,1194,11,12064679365,173480634,579,6,0
4924604130016098,3129407,qlever-server-d,R,1194,9,12045646659,211331150,524,11,0
4924604130016098,3129408,qlever-server-d,S,0,0,15360,0,1,13,futex_do_wait
4924604130016098,3129409,qlever-server-d,S,0,0,163781,0,5,12,ep_poll
4924604130016098,3129410,qlever-server-d,S,0,0,435510,20000,10,3,futex_do_wait
4924604130016098,3129411,qlever-server-d,S,1,11,130109190,240918267,1162,7,futex_do_wait
4924604130016098,3129412,qlever-server-d,S,0,11,121073039,218256418,1027,7,futex_do_wait
4924604130016098,3129413,qlever-server-d,S,0,10,109426939,270136155,1186,0,futex_do_wait
4924604130016098,3129414,qlever-server-d,S,0,18,194711036,284725031,1352,7,futex_do_wait
4924604130016098,3129415,qlever-server-d,S,0,10,111023836,249231758,1206,7,futex_do_wait
4924604130016098,3129416,qlever-server-d,S,0,9,97449775,230510816,1011,7,futex_do_wait
4924604130016098,3129417,qlever-server-d,S,1,13,150126693,317576373,1317,7,futex_do_wait
4924604130016098,3129418,qlever-server-d,R,0,17,175713264,241687841,1131,7,0
4924604130016098,3130333,qlever-server-d,S,0,0,1153882,67410558,40,10,futex_do_wait
4924604130016098,3130334,qlever-server-d,R,1,1,27438118,18114933,151,0,0
4924604130016098,0,__system__,-,1024884607,7867994697,0,0,0,-1,-
4924604150029009,3128855,qlever-server-d,S,936,1591,25279315500,30777902,1912,1,futex_do_wait
4924604150029009,3128859,qlever-server-d,S,0,0,2931693,2566871,26,13,futex_do_wait
4924604150029009,3129400,qlever-server-d,R,1195,10,12059171834,206130749,499,4,0
4924604150029009,3129401,qlever-server-d,R,1195,9,12050388021,207670978,425,13,0
4924604150029009,3129402,qlever-server-d,R,1197,13,12108713813,157830542,946,15,0
4924604150029009,3129403,qlever-server-d,R,1197,13,12105176255,160943758,625,2,0
4924604150029009,3129404,qlever-server-d,R,1208,11,12196751083,71978293,542,8,0
4924604150029009,3129405,qlever-server-d,R,1207,9,12175129842,91162581,580,1,0
4924604150029009,3129406,qlever-server-d,R,1196,11,12084572616,173588444,580,6,0
4924604150029009,3129407,qlever-server-d,R,1196,9,12065646790,211331150,524,11,0
4924604150029009,3129408,qlever-server-d,S,0,0,15360,0,1,13,futex_do_wait
4924604150029009,3129409,qlever-server-d,S,0,0,163781,0,5,12,ep_poll
4924604150029009,3129410,qlever-server-d,S,0,0,435510,20000,10,3,futex_do_wait
4924604150029009,3129411,qlever-server-d,S,1,11,131002860,243880550,1178,7,futex_do_wait
4924604150029009,3129412,qlever-server-d,S,0,11,122415350,222579140,1046,7,futex_do_wait
4924604150029009,3129413,qlever-server-d,S,0,10,112280610,273080236,1198,7,futex_do_wait
4924604150029009,3129414,qlever-server-d,S,0,18,195031666,286380093,1367,0,futex_do_wait
4924604150029009,3129415,qlever-server-d,S,0,10,112209887,250575878,1220,7,futex_do_wait
4924604150029009,3129416,qlever-server-d,S,0,9,98670737,234424981,1027,7,0
4924604150029009,3129417,qlever-server-d,S,1,13,152939286,323667195,1337,7,futex_do_wait
4924604150029009,3129418,qlever-server-d,S,0,17,178826505,247097094,1150,7,futex_do_wait
4924604150029009,3130333,qlever-server-d,S,0,0,1153882,67410558,40,10,futex_do_wait
4924604150029009,3130334,qlever-server-d,R,1,2,44857048,20695504,162,0,0
4924604150029009,0,__system__,-,1024884637,7867994729,0,0,0,-1,-
4924604170025910,3128855,qlever-server-d,S,936,1591,25279315500,30777902,1912,1,futex_do_wait
4924604170025910,3128859,qlever-server-d,S,0,0,2931693,2566871,26,13,futex_do_wait
4924604170025910,3129400,qlever-server-d,R,1197,10,12079124365,206177269,501,4,0
4924604170025910,3129401,qlever-server-d,R,1196,9,12068683591,209374089,426,13,0
4924604170025910,3129402,qlever-server-d,R,1199,13,12128713324,157830542,946,15,0
4924604170025910,3129403,qlever-server-d,R,1199,13,12125150126,160966438,626,2,0
4924604170025910,3129404,qlever-server-d,R,1210,11,12216732654,71997273,543,8,0
4924604170025910,3129405,qlever-server-d,R,1209,9,12195102653,91188161,581,1,0
4924604170025910,3129406,qlever-server-d,R,1198,11,12104551887,173608744,581,6,0
4924604170025910,3129407,qlever-server-d,R,1198,9,12085646481,211331150,524,11,0
4924604170025910,3129408,qlever-server-d,S,0,0,15360,0,1,13,futex_do_wait
4924604170025910,3129409,qlever-server-d,S,0,0,163781,0,5,12,ep_poll
4924604170025910,3129410,qlever-server-d,S,0,0,435510,20000,10,3,futex_do_wait
4924604170025910,3129411,qlever-server-d,R,1,12,134407531,250168475,1200,7,0
4924604170025910,3129412,qlever-server-d,R,0,11,125669451,228539215,1069,7,0
4924604170025910,3129413,qlever-server-d,R,0,10,115071953,279625859,1219,7,0
4924604170025910,3129414,qlever-server-d,S,0,18,195348756,286479233,1384,7,futex_do_wait
4924604170025910,3129415,qlever-server-d,S,0,10,115041018,258111822,1236,4,futex_do_wait
4924604170025910,3129416,qlever-server-d,R,0,9,100734138,241168525,1052,7,futex_do_wait
4924604170025910,3129417,qlever-server-d,S,1,14,154974208,330709589,1360,7,futex_do_wait
4924604170025910,3129418,qlever-server-d,S,0,17,178874005,247295294,1153,7,ep_poll
4924604170025910,3130333,qlever-server-d,S,0,0,1180322,68153388,41,10,futex_do_wait
4924604170025910,3130334,qlever-server-d,R,2,3,63384309,22169214,177,0,0
4924604170025910,0,__system__,-,1024884667,7867994760,0,0,0,-1,-
4924604189983271,3128855,qlever-server-d,S,936,1591,25279315500,30777902,1912,1,futex_do_wait
4924604189983271,3128859,qlever-server-d,S,0,0,2931693,2566871,26,13,futex_do_wait
4924604189983271,3129400,qlever-server-d,R,1199,10,12098830996,206500499,518,4,0
4924604189983271,3129401,qlever-server-d,R,1198,9,12086933711,211121050,427,13,0
4924604189983271,3129402,qlever-server-d,R,1201,13,12148804596,157876552,948,15,0
4924604189983271,3129403,qlever-server-d,R,1201,13,12145150377,160966438,626,2,0
4924604189983271,3129404,qlever-server-d,R,1212,11,12236734415,71997273,543,8,0
4924604189983271,3129405,qlever-server-d,R,1211,9,12215103044,91188161,581,1,0
4924604189983271,3129406,qlever-server-d,R,1200,11,12122734898,175428184,583,6,0
4924604189983271,3129407,qlever-server-d,R,1200,9,12105646402,211331150,524,11,0
4924604189983271,3129408,qlever-server-d,S,0,0,15360,0,1,13,futex_do_wait
4924604189983271,3129409,qlever-server-d,S,0,0,163781,0,5,12,ep_poll
4924604189983271,3129410,qlever-server-d,S,0,0,435510,20000,10,3,futex_do_wait
4924604189983271,3129411,qlever-server-d,R,1,12,137686592,258607331,1225,7,0
4924604189983271,3129412,qlever-server-d,R,0,12,129366324,237713022,1091,7,0
4924604189983271,3129413,qlever-server-d,S,0,11,118495426,288426201,1241,7,futex_do_wait
4924604189983271,3129414,qlever-server-d,R,0,19,198708018,291494136,1404,7,0
4924604189983271,3129415,qlever-server-d,S,0,10,115350408,265418335,1253,4,futex_do_wait
4924604189983271,3129416,qlever-server-d,R,0,10,104522899,249851899,1072,7,0
4924604189983271,3129417,qlever-server-d,S,1,14,156443659,339285153,1374,7,prepare_task_switch
4924604189983271,3129418,qlever-server-d,S,0,17,178874005,247295294,1153,7,ep_poll
4924604189983271,3130333,qlever-server-d,S,0,0,1180322,68153388,41,10,futex_do_wait
4924604189983271,3130334,qlever-server-d,R,4,3,75211124,23959245,220,0,futex_do_wait
4924604189983271,0,__system__,-,1024884698,7867994792,0,0,0,-1,-
4924604210038582,3128855,qlever-server-d,S,936,1591,25279315500,30777902,1912,1,futex_do_wait
4924604210038582,3128859,qlever-server-d,S,0,0,2931693,2566871,26,13,futex_do_wait
4924604210038582,3129400,qlever-server-d,R,1201,10,12117687048,207614489,522,4,0
4924604210038582,3129401,qlever-server-d,R,1200,9,12105260122,212797871,430,13,0
4924604210038582,3129402,qlever-server-d,R,1202,13,12167115576,159410793,956,7,0
4924604210038582,3129403,qlever-server-d,R,1203,13,12165067579,161050728,629,2,0
4924604210038582,3129404,qlever-server-d,R,1214,11,12256733427,71997273,543,8,0
4924604210038582,3129405,qlever-server-d,R,1213,9,12235104926,91188161,581,1,0
4924604210038582,3129406,qlever-server-d,R,1202,11,12142697100,175463484,584,6,0
4924604210038582,3129407,qlever-server-d,R,1202,9,12125647904,211331150,524,11,0
4924604210038582,3129408,qlever-server-d,S,0,0,15360,0,1,13,futex_do_wait
4924604210038582,3129409,qlever-server-d,S,0,0,163781,0,5,12,ep_poll
4924604210038582,3129410,qlever-server-d,S,0,0,435510,20000,10,3,futex_do_wait
4924604210038582,3129411,qlever-server-d,R,1,12,140138994,263145012,1244,15,0
4924604210038582,3129412,qlever-server-d,R,0,12,129620744,246558886,1106,15,futex_do_wait
4924604210038582,3129413,qlever-server-d,R,0,11,120226226,295715614,1260,15,0
4924604210038582,3129414,qlever-server-d,S,0,19,199287138,294337778,1412,7,ep_poll
4924604210038582,3129415,qlever-server-d,R,0,11,119496751,267341056,1268,15,0
4924604210038582,3129416,qlever-server-d,R,0,10,106834979,253385690,1084,15,0
4924604210038582,3129417,qlever-server-d,R,1,14,157999049,348070886,1390,15,0
4924604210038582,3129418,qlever-server-d,S,0,17,181875367,253506627,1170,15,futex_do_wait
4924604210038582,3130333,qlever-server-d,S,0,0,1198972,68156108,42,10,futex_do_wait
4924604210038582,3130334,qlever-server-d,R,4,3,82240436,28873488,248,0,0
4924604210038582,0,__system__,-,1024884728,7867994823,0,0,0,-1,-
4924604230021293,3128855,qlever-server-d,S,936,1591,25279315500,30777902,1912,1,futex_do_wait
4924604230021293,3128859,qlever-server-d,S,0,0,2931693,2566871,26,13,futex_do_wait
4924604230021293,3129400,qlever-server-d,R,1203,10,12137687399,207614489,522,4,0
4924604230021293,3129401,qlever-server-d,R,1202,9,12123500953,214557961,432,13,0
4924604230021293,3129402,qlever-server-d,R,1204,13,12187058757,159467013,958,7,0
4924604230021293,3129403,qlever-server-d,R,1205,13,12184984870,161166878,632,2,0
4924604230021293,3129404,qlever-server-d,R,1216,11,12276731498,71997273,543,8,0
4924604230021293,3129405,qlever-server-d,R,1215,9,12255102677,91188161,581,1,0
4924604230021293,3129406,qlever-server-d,R,1204,11,12162697301,175463484,584,6,0
4924604230021293,3129407,qlever-server-d,R,1204,10,12145646815,211331150,524,11,0
4924604230021293,3129408,qlever-server-d,S,0,0,15360,0,1,13,futex_do_wait
4924604230021293,3129409,qlever-server-d,S,0,0,163781,0,5,12,ep_poll
4924604230021293,3129410,qlever-server-d,S,0,0,435510,20000,10,3,futex_do_wait
4924604230021293,3129411,qlever-server-d,S,1,12,141979645,282850801,1260,15,futex_do_wait
4924604230021293,3129412,qlever-server-d,R,0,12,134936127,255793342,1120,15,0
4924604230021293,3129413,qlever-server-d,S,0,11,124001918,306963310,1273,15,futex_do_wait
4924604230021293,3129414,qlever-server-d,S,0,19,199287138,294337778,1412,7,ep_poll
4924604230021293,3129415,qlever-server-d,S,0,11,122832502,279368802,1280,15,futex_do_wait
4924604230021293,3129416,qlever-server-d,R,0,10,108401260,275207881,1096,15,0
4924604230021293,3129417,qlever-server-d,S,1,14,160730431,360470322,1409,15,futex_do_wait
4924604230021293,3129418,qlever-server-d,R,0,17,183346278,264599164,1186,15,0
4924604230021293,3130333,qlever-server-d,S,0,0,1198972,68156108,42,10,futex_do_wait
4924604230021293,3130334,qlever-server-d,R,5,3,91184772,39670823,253,0,0
4924604230021293,0,__system__,-,1024884759,7867994855,0,0,0,-1,-
4924604250028614,3128855,qlever-server-d,S,936,1591,25279315500,30777902,1912,1,futex_do_wait
4924604250028614,3128859,qlever-server-d,S,0,0,2931693,2566871,26,13,futex_do_wait
4924604250028614,3129400,qlever-server-d,R,1205,10,12157689190,207614489,522,4,0
4924604250028614,3129401,qlever-server-d,R,1204,9,12141810493,216249002,433,13,0
4924604250028614,3129402,qlever-server-d,R,1206,13,12202240617,164741424,971,15,0
4924604250028614,3129403,qlever-server-d,R,1207,13,12204861021,161256568,636,2,0
4924604250028614,3129404,qlever-server-d,R,1218,11,12296734589,71997273,543,8,0
4924604250028614,3129405,qlever-server-d,R,1217,9,12275000608,91292231,583,1,0
4924604250028614,3129406,qlever-server-d,R,1206,11,12182697622,175463484,584,6,0
4924604250028614,3129407,qlever-server-d,R,1206,10,12165648396,211331150,524,11,0
4924604250028614,3129408,qlever-server-d,S,0,0,15360,0,1,13,futex_do_wait
4924604250028614,3129409,qlever-server-d,S,0,0,163781,0,5,12,ep_poll
4924604250028614,3129410,qlever-server-d,S,0,0,435510,20000,10,3,futex_do_wait
4924604250028614,3129411,qlever-server-d,R,1,12,143884797,285962323,1270,7,0
4924604250028614,3129412,qlever-server-d,R,0,13,137262429,263791198,1133,7,0
4924604250028614,3129413,qlever-server-d,R,0,11,124559808,314565414,1282,7,0
4924604250028614,3129414,qlever-server-d,R,0,19,201423929,297222919,1422,7,0
4924604250028614,3129415,qlever-server-d,R,0,12,127617963,285480454,1292,7,0
4924604250028614,3129416,qlever-server-d,S,0,10,109393730,285208507,1110,7,futex_do_wait
4924604250028614,3129417,qlever-server-d,S,1,14,160874941,364020295,1417,7,ep_poll
4924604250028614,3129418,qlever-server-d,S,0,18,186881581,273254469,1197,7,futex_do_wait
4924604250028614,3130333,qlever-server-d,S,0,0,1198972,68156108,42,10,futex_do_wait
4924604250028614,3130334,qlever-server-d,S,6,4,104273931,41998845,285,0,futex_do_wait
4924604250028614,0,__system__,-,1024884789,7867994887,0,0,0,-1,-
4924604269994685,3128855,qlever-server-d,S,936,1591,25279315500,30777902,1912,1,futex_do_wait
4924604269994685,3128859,qlever-server-d,S,0,0,2931693,2566871,26,13,futex_do_wait
4924604269994685,3129400,qlever-server-d,R,1207,10,12177687621,207614489,522,4,0
4924604269994685,3129401,qlever-server-d,R,1206,9,12159897983,218156593,437,13,0
4924604269994685,3129402,qlever-server-d,R,1207,14,12214219100,172345692,995,15,0
4924604269994685,3129403,qlever-server-d,R,1209,13,12224859542,161256568,636,2,0
4924604269994685,3129404,qlever-server-d,R,1219,11,12316514510,72214983,544,8,0
4924604269994685,3129405,qlever-server-d,R,1219,9,12294999019,91292231,583,1,0
4924604269994685,3129406,qlever-server-d,R,1208,11,12202697643,175463484,584,6,0
4924604269994685,3129407,qlever-server-d,R,1208,10,12185647137,211331150,524,11,0
4924604269994685,3129408,qlever-server-d,S,0,0,15360,0,1,13,futex_do_wait
4924604269994685,3129409,qlever-server-d,S,0,0,163781,0,5,12,ep_poll
4924604269994685,3129410,qlever-server-d,S,0,0,435510,20000,10,3,futex_do_wait
4924604269994685,3129411,qlever-server-d,R,1,13,149291600,301203671,1285,7,0
4924604269994685,3129412,qlever-server-d,R,0,13,138559440,280668696,1147,7,0
4924604269994685,3129413,qlever-server-d,S,0,12,127754709,331705773,1297,7,0
4924604269994685,3129414,qlever-server-d,R,0,19,203386860,317043858,1437,7,0
4924604269994685,3129415,qlever-server-d,S,0,12,131361666,299242661,1301,7,futex_do_wait
4924604269994685,3129416,qlever-server-d,S,0,10,112762812,296463904,1122,7,futex_do_wait
4924604269994685,3129417,qlever-server-d,S,1,14,160874941,364020295,1417,7,ep_poll
4924604269994685,3129418,qlever-server-d,R,0,18,188022232,285708656,1210,7,0
4924604269994685,3130333,qlever-server-d,S,0,0,1227482,68266048,43,10,futex_do_wait
4924604269994685,3130334,qlever-server-d,R,7,4,116854827,42697695,347,0,0
4924604269994685,0,__system__,-,1024884818,7867994918,0,0,0,-1,-
4924604290006346,3128855,qlever-server-d,S,936,1591,25279315500,30777902,1912,1,futex_do_wait
4924604290006346,3128859,qlever-server-d,S,0,0,2931693,2566871,26,13,futex_do_wait
4924604290006346,3129400,qlever-server-d,R,1209,10,12197688292,207614489,522,4,0
4924604290006346,3129401,qlever-server-d,R,1207,10,12178225143,219832154,438,13,0
4924604290006346,3129402,qlever-server-d,R,1209,14,12230573768,175937605,1014,7,0
4924604290006346,3129403,qlever-server-d,R,1211,13,12244711623,161405158,637,2,0
4924604290006346,3129404,qlever-server-d,R,1221,11,12336515111,72214983,544,8,0
4924604290006346,3129405,qlever-server-d,R,1221,9,12314999090,91292231,583,1,0
4924604290006346,3129406,qlever-server-d,R,1210,11,12222698314,175463484,584,6,0
4924604290006346,3129407,qlever-server-d,R,1210,10,12205627048,211351830,525,11,0
4924604290006346,3129408,qlever-server-d,S,0,0,15360,0,1,13,futex_do_wait
4924604290006346,3129409,qlever-server-d,S,0,0,163781,0,5,12,ep_poll
4924604290006346,3129410,qlever-server-d,S,0,0,435510,20000,10,3,futex_do_wait
4924604290006346,3129411,qlever-server-d,S,1,13,149418330,311325176,1292,15,futex_do_wait
4924604290006346,3129412,qlever-server-d,R,0,13,139859111,288097211,1162,3,0
4924604290006346,3129413,qlever-server-d,R,0,13,136915804,338338298,1324,0,0
4924604290006346,3129414,qlever-server-d,S,0,19,203593370,322621611,1451,3,futex_do_wait
4924604290006346,3129415,qlever-server-d,S,0,12,131620726,305256554,1315,0,futex_do_wait
4924604290006346,3129416,qlever-server-d,S,0,11,113602572,301045577,1137,15,futex_do_wait
4924604290006346,3129417,qlever-server-d,S,1,14,160874941,364020295,1417,7,ep_poll
4924604290006346,3129418,qlever-server-d,S,0,18,191369444,290055609,1226,3,futex_do_wait
4924604290006346,3130333,qlever-server-d,S,0,0,1227482,68266048,43,10,futex_do_wait
4924604290006346,3130334,qlever-server-d,R,8,4,127242393,46521209,390,0,0
4924604290006346,0,__system__,-,1024884848,7867994951,0,0,0,-1,-
4924604309999827,3128855,qlever-server-d,S,936,1591,25279315500,30777902,1912,1,futex_do_wait
4924604309999827,3128859,qlever-server-d,S,0,0,2931693,2566871,26,13,futex_do_wait
4924604309999827,3129400,qlever-server-d,R,1211,10,12217688493,207614489,522,4,0
4924604309999827,3129401,qlever-server-d,R,1209,10,12196284103,221773145,442,13,0
4924604309999827,3129402,qlever-server-d,R,1210,14,12249954389,176552115,1016,15,0
4924604309999827,3129403,qlever-server-d,R,1213,13,12264680834,161432278,638,10,0
4924604309999827,3129404,qlever-server-d,R,1223,11,12356515672,72214983,544,8,0
4924604309999827,3129405,qlever-server-d,R,1223,9,12334999331,91292231,583,1,0
4924604309999827,3129406,qlever-server-d,R,1212,11,12242698285,175463484,584,6,0
4924604309999827,3129407,qlever-server-d,R,1212,10,12225627179,211351830,525,11,0
4924604309999827,3129408,qlever-server-d,S,0,0,15360,0,1,13,futex_do_wait
4924604309999827,3129409,qlever-server-d,S,0,0,163781,0,5,12,ep_poll
4924604309999827,3129410,qlever-server-d,S,0,0,435510,20000,10,3,futex_do_wait
4924604309999827,3129411,qlever-server-d,S,1,13,151990070,314893959,1306,2,futex_do_wait
4924604309999827,3129412,qlever-server-d,S,0,13,140051891,289118611,1175,7,futex_do_wait
4924604309999827,3129413,qlever-server-d,R,0,13,145350218,344539711,1359,0,0
4924604309999827,3129414,qlever-server-d,S,0,19,203777710,324975031,1463,5,futex_do_wait
4924604309999827,3129415,qlever-server-d,S,0,12,132651267,305294504,1327,0,futex_do_wait
4924604309999827,3129416,qlever-server-d,S,0,11,113804632,302873638,1149,7,futex_do_wait
4924604309999827,3129417,qlever-server-d,S,1,14,161516851,364066325,1419,7,ep_poll
4924604309999827,3129418,qlever-server-d,S,0,18,191528345,293604711,1237,0,futex_do_wait
4924604309999827,3130333,qlever-server-d,S,0,0,1249312,68522718,44,5,futex_do_wait
4924604309999827,3130334,qlever-server-d,R,8,4,134825489,53320483,422,0,0
4924604309999827,0,__system__,-,1024884877,7867994983,0,0,0,-1,-
4924604331246408,3128855,qlever-server-d,S,936,1591,25279315500,30777902,1912,1,futex_do_wait
4924604331246408,3128859,qlever-server-d,S,0,0,2931693,2566871,26,13,futex_do_wait
4924604331246408,3129400,qlever-server-d,R,1213,10,12238689925,207614489,522,4,0
4924604331246408,3129401,qlever-server-d,R,1211,10,12216708314,222884876,443,5,0
4924604331246408,3129402,qlever-server-d,R,1212,14,12269457909,178048617,1018,15,0
4924604331246408,3129403,qlever-server-d,R,1215,13,12285681946,161432278,638,10,0
4924604331246408,3129404,qlever-server-d,R,1225,11,12377514464,72214983,544,8,0
4924604331246408,3129405,qlever-server-d,R,1225,9,12355999113,91292231,583,1,0
4924604331246408,3129406,qlever-server-d,R,1214,11,12263885117,175463484,584,6,0
4924604331246408,3129407,qlever-server-d,R,1214,10,12246626611,211351830,525,11,0
4924604331246408,3129408,qlever-server-d,S,0,0,15360,0,1,13,futex_do_wait
4924604331246408,3129409,qlever-server-d,S,0,0,163781,0,5,12,ep_poll
4924604331246408,3129410,qlever-server-d,S,0,0,435510,20000,10,3,futex_do_wait
4924604331246408,3129411,qlever-server-d,S,1,13,154118401,316289280,1321,13,futex_do_wait
4924604331246408,3129412,qlever-server-d,S,0,13,141417792,291733273,1191,13,futex_do_wait
4924604331246408,3129413,qlever-server-d,S,0,14,146929090,350120244,1369,0,ep_poll
4924604331246408,3129414,qlever-server-d,S,0,19,204799360,329036134,1480,2,futex_do_wait
4924604331246408,3129415,qlever-server-d,R,0,12,134495508,306336854,1342,13,0
4924604331246408,3129416,qlever-server-d,R,0,11,113984402,304924830,1163,13,0
4924604331246408,3129417,qlever-server-d,R,1,15,169307786,365630025,1433,13,0
4924604331246408,3129418,qlever-server-d,S,0,18,191730835,295927081,1252,2,futex_do_wait
4924604331246408,3130333,qlever-server-d,S,0,0,1249312,68522718,44,5,futex_do_wait
4924604331246408,3130334,qlever-server-d,S,9,5,143313113,62565578,437,13,0
4924604331246408,0,__system__,-,1024884905,7867995014,0,0,0,-1,-
4924604349981989,3128855,qlever-server-d,S,936,1591,25279315500,30777902,1912,1,futex_do_wait
4924604349981989,3128859,qlever-server-d,S,0,0,2931693,2566871,26,13,futex_do_wait
4924604349981989,3129400,qlever-server-d,R,1214,10,12256592984,208710610,523,4,0
4924604349981989,3129401,qlever-server-d,R,1213,10,12235260074,222884876,443,5,0
4924604349981989,3129402,qlever-server-d,R,1214,14,12286667028,179842378,1021,15,0
4924604349981989,3129403,qlever-server-d,R,1217,13,12304681126,161432278,638,10,0
4924604349981989,3129404,qlever-server-d,R,1227,11,12396514924,72214983,544,8,0
4924604349981989,3129405,qlever-server-d,R,1227,9,12375179643,91292231,583,1,0
4924604349981989,3129406,qlever-server-d,R,1216,11,12282698787,175463484,584,6,0
4924604349981989,3129407,qlever-server-d,R,1216,10,12265626871,211351830,525,11,0
4924604349981989,3129408,qlever-server-d,S,0,0,15360,0,1,13,futex_do_wait
4924604349981989,3129409,qlever-server-d,S,0,0,163781,0,5,12,ep_poll
4924604349981989,3129410,qlever-server-d,S,0,0,435510,20000,10,3,futex_do_wait
4924604349981989,3129411,qlever-server-d,S,1,13,155062792,323707226,1335,13,futex_do_wait
4924604349981989,3129412,qlever-server-d,S,0,13,143647062,301689160,1207,13,futex_do_wait
4924604349981989,3129413,qlever-server-d,S,0,14,146929090,350120244,1369,0,ep_poll
4924604349981989,3129414,qlever-server-d,S,0,19,206111972,337699108,1496,13,futex_do_wait
4924604349981989,3129415,qlever-server-d,S,0,12,136794529,317135403,1363,13,futex_do_wait
4924604349981989,3129416,qlever-server-d,S,0,11,118243765,314406766,1177,13,futex_do_wait
4924604349981989,3129417,qlever-server-d,S,1,15,174351528,374028220,1445,13,futex_do_wait
4924604349981989,3129418,qlever-server-d,S,0,18,192422565,303345727,1266,13,futex_do_wait
4924604349981989,3130333,qlever-server-d,S,0,0,1249312,68522718,44,5,futex_do_wait
4924604349981989,3130334,qlever-server-d,R,10,5,153274610,66871950,472,14,0
4924604349981989,0,__system__,-,1024884935,7867995045,0,0,0,-1,-
4924604370083639,3128855,qlever-server-d,S,936,1591,25279315500,30777902,1912,1,futex_do_wait
4924604370083639,3128859,qlever-server-d,S,0,0,2931693,2566871,26,13,futex_do_wait
4924604370083639,3129400,qlever-server-d,R,1216,10,12276563545,208742190,524,4,0
4924604370083639,3129401,qlever-server-d,R,1215,10,12255229625,222914726,444,5,0
4924604370083639,3129402,qlever-server-d,R,1216,14,12305911768,180596789,1022,15,0
4924604370083639,3129403,qlever-server-d,R,1219,13,12324682807,161432278,638,10,0
4924604370083639,3129404,qlever-server-d,R,1229,11,12416516155,72214983,544,8,0
4924604370083639,3129405,qlever-server-d,R,1229,10,12395000114,91292231,583,1,0
4924604370083639,3129406,qlever-server-d,R,1218,11,12302441568,175720764,585,6,0
4924604370083639,3129407,qlever-server-d,R,1218,10,12285627872,211351830,525,11,0
4924604370083639,3129408,qlever-server-d,S,0,0,15360,0,1,13,futex_do_wait
4924604370083639,3129409,qlever-server-d,S,0,0,163781,0,5,12,ep_poll
4924604370083639,3129410,qlever-server-d,S,0,0,435510,20000,10,3,futex_do_wait
4924604370083639,3129411,qlever-server-d,R,1,14,157612082,330807291,1352,12,0
4924604370083639,3129412,qlever-server-d,S,0,13,144382132,306380152,1219,12,futex_do_wait
4924604370083639,3129413,qlever-server-d,S,0,14,147471261,357927928,1382,12,futex_do_wait
4924604370083639,3129414,qlever-server-d,R,0,20,209645474,343643721,1511,12,0
4924604370083639,3129415,qlever-server-d,R,0,13,137975689,320709336,1374,12,0
4924604370083639,3129416,qlever-server-d,S,0,11,121943948,318145808,1190,12,futex_do_wait
4924604370083639,3129417,qlever-server-d,S,1,16,176045060,381092775,1458,12,ep_poll
4924604370083639,3129418,qlever-server-d,S,0,18,193051235,309156910,1277,12,futex_do_wait
4924604370083639,3130333,qlever-server-d,S,0,0,1279162,68811928,45,5,futex_do_wait
4924604370083639,3130334,qlever-server-d,R,11,5,166022617,74118304,479,14,0
4924604370083639,0,__system__,-,1024884966,7867995077,0,0,0,-1,-
4924604393612434,3128855,qlever-server-d,S,936,1591,25279315500,30777902,1912,1,futex_do_wait
4924604393612434,3128859,qlever-server-d,S,0,0,2931693,2566871,26,13,futex_do_wait
4924604393612434,3129400,qlever-server-d,R,1219,10,12299562008,208742190,524,4,0
4924604393612434,3129401,qlever-server-d,R,1217,10,12278229528,222914726,444,5,0
4924604393612434,3129402,qlever-server-d,R,1218,14,12328634712,181873839,1025,15,0
4924604393612434,3129403,qlever-server-d,R,1221,13,12348681091,161432278,638,10,0
4924604393612434,3129404,qlever-server-d,R,1232,11,12440516459,72214983,544,8,0
4924604393612434,3129405,qlever-server-d,R,1231,10,12419000448,91292231,583,1,0
4924604393612434,3129406,qlever-server-d,R,1220,11,12326442952,175720764,585,6,0
4924604393612434,3129407,qlever-server-d,R,1220,10,12309627546,211351830,525,11,0
4924604393612434,3129408,qlever-server-d,S,0,0,15360,0,1,13,futex_do_wait
4924604393612434,3129409,qlever-server-d,S,0,0,163781,0,5,12,ep_poll
4924604393612434,3129410,qlever-server-d,S,0,0,435510,20000,10,3,futex_do_wait
4924604393612434,3129411,qlever-server-d,S,1,14,158301372,334919443,1365,2,futex_do_wait
4924604393612434,3129412,qlever-server-d,S,0,13,145043123,310982055,1234,12,futex_do_wait
4924604393612434,3129413,qlever-server-d,S,0,14,150004083,363837721,1400,2,futex_do_wait
4924604393612434,3129414,qlever-server-d,S,0,20,214281657,348313342,1531,2,futex_do_wait
4924604393612434,3129415,qlever-server-d,S,0,13,138155899,324223367,1387,2,futex_do_wait
4924604393612434,3129416,qlever-server-d,S,0,12,123939530,324154032,1210,2,futex_do_wait
4924604393612434,3129417,qlever-server-d,S,1,16,176045060,381092775,1458,12,ep_poll
4924604393612434,3129418,qlever-server-d,S,0,18,195029575,313857543,1300,2,futex_do_wait
4924604393612434,3130333,qlever-server-d,S,0,0,1279162,68811928,45,5,futex_do_wait
4924604393612434,3130334,qlever-server-d,R,12,5,181660285,81473569,493,12,0
4924604393612434,0,__system__,-,1024884999,7867995113,0,0,0,-1,-
4924604410021231,3128855,qlever-server-d,S,936,1591,25279315500,30777902,1912,1,futex_do_wait
4924604410021231,3128859,qlever-server-d,S,0,0,2931693,2566871,26,13,futex_do_wait
4924604410021231,3129400,qlever-server-d,R,1220,10,12316526008,208779320,525,4,0
4924604410021231,3129401,qlever-server-d,R,1219,10,12295150038,222993616,446,5,0
4924604410021231,3129402,qlever-server-d,R,1220,14,12344143691,182363759,1026,15,0
4924604410021231,3129403,qlever-server-d,R,1223,13,12364681380,161432278,638,10,0
4924604410021231,3129404,qlever-server-d,R,1233,11,12456516298,72214983,544,8,0
4924604410021231,3129405,qlever-server-d,R,1233,10,12435000047,91292231,583,1,0
4924604410021231,3129406,qlever-server-d,R,1222,11,12342442541,175720764,585,6,0
4924604410021231,3129407,qlever-server-d,R,1222,10,12325531935,211447690,527,11,0
4924604410021231,3129408,qlever-server-d,S,0,0,15360,0,1,13,futex_do_wait
4924604410021231,3129409,qlever-server-d,S,0,0,163781,0,5,12,ep_poll
4924604410021231,3129410,qlever-server-d,S,0,0,435510,20000,10,3,futex_do_wait
4924604410021231,3129411,qlever-server-d,S,1,14,158361062,335733234,1368,2,futex_do_wait
4924604410021231,3129412,qlever-server-d,S,0,13,145111683,310993035,1237,2,futex_do_wait
4924604410021231,3129413,qlever-server-d,S,0,14,150029153,364368331,1402,2,futex_do_wait
4924604410021231,3129414,qlever-server-d,S,0,20,214914558,349666793,1535,2,futex_do_wait
4924604410021231,3129415,qlever-server-d,S,0,13,139210550,324254067,1392,2,futex_do_wait
4924604410021231,3129416,qlever-server-d,S,0,12,124236140,325031942,1214,2,futex_do_wait
4924604410021231,3129417,qlever-server-d,S,1,16,176045060,381092775,1458,12,ep_poll
4924604410021231,3129418,qlever-server-d,S,0,18,195484705,315684984,1305,2,futex_do_wait
4924604410021231,3130333,qlever-server-d,S,0,0,1312692,68817098,46,5,futex_do_wait
4924604410021231,3130334,qlever-server-d,R,14,5,198619304,81513629,494,12,0
4924604410021231,0,__system__,-,1024885023,7867995140,0,0,0,-1,-
4924604434126522,3128855,qlever-server-d,S,936,1591,25279315500,30777902,1912,1,futex_do_wait
4924604434126522,3128859,qlever-server-d,S,0,0,2931693,2566871,26,13,futex_do_wait
4924604434126522,3129400,qlever-server-d,R,1223,10,12340525051,208779320,525,4,0
4924604434126522,3129401,qlever-server-d,R,1221,10,12319150891,222993616,446,5,0
4924604434126522,3129402,qlever-server-d,R,1222,14,12367716994,182789959,1027,15,0
4924604434126522,3129403,qlever-server-d,R,1225,13,12388681913,161432278,638,10,0
4924604434126522,3129404,qlever-server-d,R,1236,11,12480477741,72253773,545,8,0
4924604434126522,3129405,qlever-server-d,R,1235,10,12458922690,91370381,585,1,0
4924604434126522,3129406,qlever-server-d,R,1224,11,12366350364,175813444,587,6,0
4924604434126522,3129407,qlever-server-d,R,1224,10,12349441458,211538490,528,11,0
4924604434126522,3129408,qlever-server-d,S,0,0,15360,0,1,13,futex_do_wait
4924604434126522,3129409,qlever-server-d,S,0,0,163781,0,5,12,ep_poll
4924604434126522,3129410,qlever-server-d,S,0,0,435510,20000,10,3,futex_do_wait
4924604434126522,3129411,qlever-server-d,S,1,14,158822582,339220446,1373,2,futex_do_wait
4924604434126522,3129412,qlever-server-d,S,0,13,146867794,310995815,1238,2,futex_do_wait
4924604434126522,3129413,qlever-server-d,S,0,14,150349833,366212662,1405,2,futex_do_wait
4924604434126522,3129414,qlever-server-d,S,0,20,214971358,350511673,1537,2,futex_do_wait
4924604434126522,3129415,qlever-server-d,S,0,13,139224440,325751387,1393,2,futex_do_wait
4924604434126522,3129416,qlever-server-d,S,0,12,124276740,326103732,1216,2,futex_do_wait
4924604434126522,3129417,qlever-server-d,S,1,16,176045060,381092775,1458,12,ep_poll
4924604434126522,3129418,qlever-server-d,S,0,18,195503865,318107295,1306,2,futex_do_wait
4924604434126522,3130333,qlever-server-d,S,0,0,1312692,68817098,46,5,futex_do_wait
4924604434126522,3130334,qlever-server-d,R,16,5,222620228,81513629,494,12,0
4924604434126522,0,__system__,-,1024885058,7867995179,0,0,0,-1,-
4924604449983873,3128855,qlever-server-d,S,936,1591,25279315500,30777902,1912,1,futex_do_wait
4924604449983873,3128859,qlever-server-d,S,0,0,2931693,2566871,26,13,futex_do_wait
4924604449983873,3129400,qlever-server-d,R,1224,10,12356524110,208779320,525,4,0
4924604449983873,3129401,qlever-server-d,R,1223,10,12335150680,222993616,446,5,0
4924604449983873,3129402,qlever-server-d,R,1224,14,12383717153,182789959,1027,15,0
4924604449983873,3129403,qlever-server-d,R,1227,13,12404814952,161432278,638,10,0
4924604449983873,3129404,qlever-server-d,R,1237,11,12496477690,72253773,545,8,0
4924604449983873,3129405,qlever-server-d,R,1237,10,12474783239,91511341,587,1,0
4924604449983873,3129406,qlever-server-d,R,1226,11,12382349753,175813444,587,6,0
4924604449983873,3129407,qlever-server-d,R,1226,10,12365474497,211695220,529,11,0
4924604449983873,3129408,qlever-server-d,S,0,0,15360,0,1,13,futex_do_wait
4924604449983873,3129409,qlever-server-d,S,0,0,163781,0,5,12,ep_poll
4924604449983873,3129410,qlever-server-d,S,0,0,435510,20000,10,3,futex_do_wait
4924604449983873,3129411,qlever-server-d,S,1,14,158863062,340006146,1376,2,futex_do_wait
4924604449983873,3129412,qlever-server-d,S,0,14,147271385,314118556,1241,2,futex_do_wait
4924604449983873,3129413,qlever-server-d,S,0,14,150376763,366793192,1407,2,futex_do_wait
4924604449983873,3129414,qlever-server-d,S,0,20,215035668,350520873,1540,2,futex_do_wait
4924604449983873,3129415,qlever-server-d,S,0,13,139508330,326689307,1396,2,futex_do_wait
4924604449983873,3129416,qlever-server-d,S,0,12,125227720,327675433,1221,2,futex_do_wait
4924604449983873,3129417,qlever-server-d,S,1,16,176045060,381092775,1458,12,ep_poll
4924604449983873,3129418,qlever-server-d,S,0,18,196251446,318384695,1311,2,futex_do_wait
4924604449983873,3130333,qlever-server-d,S,0,0,1312692,68817098,46,5,futex_do_wait
4924604449983873,3130334,qlever-server-d,R,18,5,238619596,81513629,494,12,0
4924604449983873,0,__system__,-,1024885080,7867995204,0,0,0,-1,-
4924604472153558,3128855,qlever-server-d,S,936,1591,25279315500,30777902,1912,1,futex_do_wait
4924604472153558,3128859,qlever-server-d,S,0,0,2931693,2566871,26,13,futex_do_wait
4924604472153558,3129400,qlever-server-d,R,1226,10,12378446872,208857340,527,4,0
4924604472153558,3129401,qlever-server-d,R,1225,10,12357117292,223025966,447,5,0
4924604472153558,3129402,qlever-server-d,R,1226,14,12404752055,183755589,1031,15,0
4924604472153558,3129403,qlever-server-d,R,1229,13,12426682894,161432278,638,10,0
4924604472153558,3129404,qlever-server-d,R,1240,11,12518479512,72253773,545,8,0
4924604472153558,3129405,qlever-server-d,R,1239,10,12496646731,91647521,589,1,0
4924604472153558,3129406,qlever-server-d,R,1228,11,12404350705,175813444,587,6,0
4924604472153558,3129407,qlever-server-d,R,1228,10,12387248289,211733390,530,11,0
4924604472153558,3129408,qlever-server-d,S,0,0,15360,0,1,13,futex_do_wait
4924604472153558,3129409,qlever-server-d,S,0,0,163781,0,5,12,ep_poll
4924604472153558,3129410,qlever-server-d,S,0,0,435510,20000,10,3,futex_do_wait
4924604472153558,3129411,qlever-server-d,S,1,14,158880872,340013946,1377,12,futex_do_wait
4924604472153558,3129412,qlever-server-d,S,0,14,147285225,314118556,1242,2,futex_do_wait
4924604472153558,3129413,qlever-server-d,S,0,14,150398443,366796892,1408,12,futex_do_wait
4924604472153558,3129414,qlever-server-d,R,0,20,215894538,353019575,1546,12,0
4924604472153558,3129415,qlever-server-d,S,0,13,139773091,326734177,1399,12,futex_do_wait
4924604472153558,3129416,qlever-server-d,S,0,12,125238800,327680393,1222,2,futex_do_wait
4924604472153558,3129417,qlever-server-d,S,1,16,176045060,381092775,1458,12,ep_poll
4924604472153558,3129418,qlever-server-d,S,0,18,196272676,318389225,1312,2,futex_do_wait
4924604472153558,3130333,qlever-server-d,S,0,0,1345042,68821138,47,5,futex_do_wait
4924604472153558,3130334,qlever-server-d,R,20,5,259423217,82716431,500,12,0
4924604472153558,0,__system__,-,1024885112,7867995240,0,0,0,-1,-
4924604491089607,3128855,qlever-server-d,S,936,1591,25279315500,30777902,1912,1,futex_do_wait
4924604491089607,3128859,qlever-server-d,S,0,0,2931693,2566871,26,13,futex_do_wait
4924604491089607,3129400,qlever-server-d,R,1228,10,12397415563,208889820,528,4,0
4924604491089607,3129401,qlever-server-d,R,1227,10,12376119963,223025966,447,5,0
4924604491089607,3129402,qlever-server-d,R,1228,14,12423646766,183861969,1034,15,0
4924604491089607,3129403,qlever-server-d,R,1231,13,12445683165,161432278,638,10,0
4924604491089607,3129404,qlever-server-d,R,1241,11,12537374473,72431343,546,8,0
4924604491089607,3129405,qlever-server-d,R,1241,10,12515611512,91682431,590,1,0
4924604491089607,3129406,qlever-server-d,R,1230,11,12423350816,175813444,587,6,0
4924604491089607,3129407,qlever-server-d,R,1230,10,12406200640,211780260,531,11,0
4924604491089607,3129408,qlever-server-d,S,0,0,15360,0,1,13,futex_do_wait
4924604491089607,3129409,qlever-server-d,S,0,0,163781,0,5,12,ep_poll
4924604491089607,3129410,qlever-server-d,S,0,0,435510,20000,10,3,futex_do_wait
4924604491089607,3129411,qlever-server-d,S,1,14,158894162,340023196,1378,2,futex_do_wait
4924604491089607,3129412,qlever-server-d,S,0,14,147285225,314118556,1242,2,futex_do_wait
4924604491089607,3129413,qlever-server-d,S,0,14,150425213,366875892,1409,2,futex_do_wait
4924604491089607,3129414,qlever-server-d,S,0,20,217225618,353019575,1546,12,futex_do_wait
4924604491089607,3129415,qlever-server-d,S,0,13,139787301,326741737,1400,2,futex_do_wait
4924604491089607,3129416,qlever-server-d,S,0,12,125249460,327684993,1223,2,futex_do_wait
4924604491089607,3129417,qlever-server-d,S,1,16,176045060,381092775,1458,12,ep_poll
4924604491089607,3129418,qlever-server-d,S,0,18,196285836,318400645,1313,2,futex_do_wait
4924604491089607,3130333,qlever-server-d,S,0,0,1345042,68821138,47,5,futex_do_wait
4924604491089607,3130334,qlever-server-d,R,22,5,277086917,84047511,501,12,0
4924604491089607,0,__system__,-,1024885141,7867995271,0,0,0,-1,-
4924604510801140,3128855,qlever-server-d,S,936,1591,25279315500,30777902,1912,1,futex_do_wait
4924604510801140,3128859,qlever-server-d,S,0,0,2931693,2566871,26,13,futex_do_wait
4924604510801140,3129400,qlever-server-d,R,1230,10,12416413273,209891981,530,4,0
4924604510801140,3129401,qlever-server-d,R,1229,10,12396074624,223070356,448,5,0
4924604510801140,3129402,qlever-server-d,R,1230,14,12443569917,183939129,1036,15,0
4924604510801140,3129403,qlever-server-d,R,1233,13,12465683056,161432278,638,10,0
4924604510801140,3129404,qlever-server-d,R,1243,11,12557300964,72431343,546,8,0
4924604510801140,3129405,qlever-server-d,R,1243,10,12535466943,91826801,592,1,0
4924604510801140,3129406,qlever-server-d,R,1232,11,12443350317,175813444,587,6,0
4924604510801140,3129407,qlever-server-d,R,1232,10,12426200241,211780260,531,11,0
4924604510801140,3129408,qlever-server-d,S,0,0,15360,0,1,13,futex_do_wait
4924604510801140,3129409,qlever-server-d,S,0,0,163781,0,5,12,ep_poll
4924604510801140,3129410,qlever-server-d,S,0,0,435510,20000,10,3,futex_do_wait
4924604510801140,3129411,qlever-server-d,S,1,14,158941272,340023196,1380,2,futex_do_wait
4924604510801140,3129412,qlever-server-d,S,0,14,147337295,314834826,1244,12,futex_do_wait
4924604510801140,3129413,qlever-server-d,S,0,14,150462733,367045352,1411,4,futex_do_wait
4924604510801140,3129414,qlever-server-d,S,0,21,219489780,354787046,1554,4,futex_do_wait
4924604510801140,3129415,qlever-server-d,S,0,13,139828151,327735797,1402,12,futex_do_wait
4924604510801140,3129416,qlever-server-d,S,0,12,125260590,327690493,1224,2,futex_do_wait
4924604510801140,3129417,qlever-server-d,S,1,16,176045060,381092775,1458,12,ep_poll
4924604510801140,3129418,qlever-server-d,S,0,19,196310486,318445385,1315,2,futex_do_wait
4924604510801140,3130333,qlever-server-d,S,0,0,1389432,68827778,48,5,futex_do_wait
4924604510801140,3130334,qlever-server-d,R,24,5,295694977,85439952,509,12,0
4924604510801140,0,__system__,-,1024885170,7867995303,0,0,0,-1,-
4924604529974437,3128855,qlever-server-d,S,936,1591,25279315500,30777902,1912,1,futex_do_wait
4924604529974437,3128859,qlever-server-d,S,0,0,2931693,2566871,26,13,futex_do_wait
4924604529974437,3129400,qlever-server-d,R,1232,10,12433043701,212260673,533,4,0
4924604529974437,3129401,qlever-server-d,R,1231,10,12414994444,223151036,450,5,0
4924604529974437,3129402,qlever-server-d,R,1231,14,12462008867,184500559,1038,15,0
4924604529974437,3129403,qlever-server-d,R,1235,13,12484682946,161432278,638,10,0
4924604529974437,3129404,qlever-server-d,R,1245,11,12576301874,72431343,546,8,0
4924604529974437,3129405,qlever-server-d,R,1245,10,12554467173,91826801,592,1,0
4924604529974437,3129406,qlever-server-d,R,1234,11,12462351167,175813444,587,6,0
4924604529974437,3129407,qlever-server-d,R,1234,10,12445200541,211780260,531,11,0
4924604529974437,3129408,qlever-server-d,S,0,0,15360,0,1,13,futex_do_wait
4924604529974437,3129409,qlever-server-d,S,0,0,163781,0,5,12,ep_poll
4924604529974437,3129410,qlever-server-d,S,0,0,435510,20000,10,3,futex_do_wait
4924604529974437,3129411,qlever-server-d,S,1,14,158982652,340123886,1383,2,futex_do_wait
4924604529974437,3129412,qlever-server-d,S,0,14,147393745,315253487,1246,12,futex_do_wait
4924604529974437,3129413,qlever-server-d,S,0,14,150514053,367525933,1413,4,futex_do_wait
4924604529974437,3129414,qlever-server-d,S,0,21,221775972,357429216,1558,4,futex_do_wait
4924604529974437,3129415,qlever-server-d,S,0,13,139845721,328480468,1403,12,futex_do_wait
4924604529974437,3129416,qlever-server-d,S,0,12,125330680,327715733,1227,4,futex_do_wait
4924604529974437,3129417,qlever-server-d,S,1,16,176045060,381092775,1458,12,ep_poll
4924604529974437,3129418,qlever-server-d,S,0,19,196357156,318462075,1317,2,futex_do_wait
4924604529974437,3130333,qlever-server-d,S,0,0,1389432,68827778,48,5,futex_do_wait
4924604529974437,3130334,qlever-server-d,R,26,5,314620238,85513972,511,12,0
4924604529974437,0,__system__,-,1024885197,7867995333,0,0,0,-1,-
4924604550078628,3128855,qlever-server-d,S,936,1591,25279315500,30777902,1912,1,futex_do_wait
4924604550078628,3128859,qlever-server-d,S,0,0,2931693,2566871,26,13,futex_do_wait
4924604550078628,3129400,qlever-server-d,R,1234,10,12450551641,214748004,537,14,0
4924604550078628,3129401,qlever-server-d,R,1233,10,12434954675,223190346,451,5,0
4924604550078628,3129402,qlever-server-d,R,1233,14,12481968488,184540169,1039,15,0
4924604550078628,3129403,qlever-server-d,R,1237,13,12504683147,161432278,638,10,0
4924604550078628,3129404,qlever-server-d,R,1247,11,12596259255,72473623,547,8,0
4924604550078628,3129405,qlever-server-d,R,1247,10,12574470224,91826801,592,1,0
4924604550078628,3129406,qlever-server-d,R,1236,11,12482350838,175813444,587,6,0
4924604550078628,3129407,qlever-server-d,R,1236,10,12465204082,211780260,531,11,0
4924604550078628,3129408,qlever-server-d,S,0,0,15360,0,1,13,futex_do_wait
4924604550078628,3129409,qlever-server-d,S,0,0,163781,0,5,12,ep_poll
4924604550078628,3129410,qlever-server-d,S,0,0,435510,20000,10,3,futex_do_wait
4924604550078628,3129411,qlever-server-d,S,1,14,158997472,341188346,1384,4,futex_do_wait
4924604550078628,3129412,qlever-server-d,S,0,14,147462545,315761977,1249,4,futex_do_wait
4924604550078628,3129413,qlever-server-d,S,0,14,150578913,368679934,1415,2,futex_do_wait
4924604550078628,3129414,qlever-server-d,S,0,21,224180343,359564757,1562,4,futex_do_wait
4924604550078628,3129415,qlever-server-d,S,0,13,140251221,329525168,1406,4,futex_do_wait
4924604550078628,3129416,qlever-server-d,S,0,12,125353490,328501203,1228,4,futex_do_wait
4924604550078628,3129417,qlever-server-d,S,1,16,176045060,381092775,1458,12,ep_poll
4924604550078628,3129418,qlever-server-d,S,0,19,196391946,318710425,1319,2,futex_do_wait
4924604550078628,3130333,qlever-server-d,S,0,0,1389432,68827778,48,5,futex_do_wait
4924604550078628,3130334,qlever-server-d,R,28,5,334507779,85626752,514,12,0
4924604550078628,0,__system__,-,1024885224,7867995364,0,0,0,-1,-
4924604571134780,3128855,qlever-server-d,S,936,1591,25279315500,30777902,1912,1,futex_do_wait
4924604571134780,3128859,qlever-server-d,S,0,0,2931693,2566871,26,13,futex_do_wait
4924604571134780,3129400,qlever-server-d,R,1236,10,12471512093,214789004,538,14,0
4924604571134780,3129401,qlever-server-d,R,1235,10,12455877387,223263076,453,4,0
4924604571134780,3129402,qlever-server-d,R,1235,14,12502921820,184587429,1040,15,0
4924604571134780,3129403,qlever-server-d,R,1239,13,12525683109,161432278,638,10,0
4924604571134780,3129404,qlever-server-d,R,1249,11,12617259027,72473623,547,8,0
4924604571134780,3129405,qlever-server-d,R,1249,10,12595467706,91826801,592,1,0
4924604571134780,3129406,qlever-server-d,R,1238,11,12503322710,175842734,588,6,0
4924604571134780,3129407,qlever-server-d,R,1238,10,12486201074,211780260,531,11,0
4924604571134780,3129408,qlever-server-d,S,0,0,15360,0,1,13,futex_do_wait
4924604571134780,3129409,qlever-server-d,S,0,0,163781,0,5,12,ep_poll
4924604571134780,3129410,qlever-server-d,S,0,0,435510,20000,10,3,futex_do_wait
4924604571134780,3129411,qlever-server-d,R,1,14,160513993,341414186,1388,12,0
4924604571134780,3129412,qlever-server-d,S,0,14,147481875,315767377,1250,4,futex_do_wait
4924604571134780,3129413,qlever-server-d,S,0,14,150611673,368685374,1417,2,futex_do_wait
4924604571134780,3129414,qlever-server-d,S,0,21,224194703,359819907,1563,4,futex_do_wait
4924604571134780,3129415,qlever-server-d,S,0,13,140649451,330307989,1409,4,futex_do_wait
4924604571134780,3129416,qlever-server-d,S,0,12,125409600,328510093,1230,4,futex_do_wait
4924604571134780,3129417,qlever-server-d,S,1,16,176045060,381092775,1458,12,ep_poll
4924604571134780,3129418,qlever-server-d,S,0,19,196412727,318723915,1321,2,futex_do_wait
4924604571134780,3130333,qlever-server-d,S,0,0,1431382,68834618,49,5,futex_do_wait
4924604571134780,3130334,qlever-server-d,R,30,5,355128271,86007022,516,12,0
4924604571134780,0,__system__,-,1024885256,7867995399,0,0,0,-1,-
4924604589964000,3128855,qlever-server-d,S,936,1591,25279315500,30777902,1912,1,futex_do_wait
4924604589964000,3128859,qlever-server-d,S,0,0,2931693,2566871,26,13,futex_do_wait
4924604589964000,3129400,qlever-server-d,R,1238,10,12490511084,214789004,538,14,0
4924604589964000,3129401,qlever-server-d,R,1237,10,12474781248,223357386,455,4,0
4924604589964000,3129402,qlever-server-d,R,1237,14,12521879441,184629259,1041,15,0
4924604589964000,3129403,qlever-server-d,R,1241,13,12544653890,161461228,639,10,0
4924604589964000,3129404,qlever-server-d,R,1251,11,12636227098,72506203,548,8,0
4924604589964000,3129405,qlever-server-d,R,1251,10,12614435017,91859691,593,1,0
4924604589964000,3129406,qlever-server-d,R,1240,11,12522293631,175870584,589,6,0
4924604589964000,3129407,qlever-server-d,R,1240,10,12505177465,211803380,532,11,0
4924604589964000,3129408,qlever-server-d,S,0,0,15360,0,1,13,futex_do_wait
4924604589964000,3129409,qlever-server-d,S,0,0,163781,0,5,12,ep_poll
4924604589964000,3129410,qlever-server-d,S,0,0,435510,20000,10,3,futex_do_wait
4924604589964000,3129411,qlever-server-d,S,1,14,162079923,345045059,1390,12,futex_do_wait
4924604589964000,3129412,qlever-server-d,S,0,14,147525885,316737247,1252,2,futex_do_wait
4924604589964000,3129413,qlever-server-d,S,0,14,150693423,368779824,1419,2,futex_do_wait
4924604589964000,3129414,qlever-server-d,S,0,21,224216863,360243297,1564,4,futex_do_wait
4924604589964000,3129415,qlever-server-d,S,0,13,140700481,331226419,1411,12,futex_do_wait
4924604589964000,3129416,qlever-server-d,S,0,12,125430170,329087443,1231,4,futex_do_wait
4924604589964000,3129417,qlever-server-d,S,1,16,176045060,381092775,1458,12,ep_poll
4924604589964000,3129418,qlever-server-d,S,0,19,196443977,318833885,1322,2,futex_do_wait
4924604589964000,3130333,qlever-server-d,S,0,0,1431382,68834618,49,5,futex_do_wait
4924604589964000,3130334,qlever-server-d,R,31,5,372481441,87653572,519,12,0
4924604589964000,0,__system__,-,1024885282,7867995429,0,0,0,-1,-
4924604610268999,3128855,qlever-server-d,S,936,1591,25279315500,30777902,1912,1,futex_do_wait
4924604610268999,3128859,qlever-server-d,S,0,0,2931693,2566871,26,13,futex_do_wait
4924604610268999,3129400,qlever-server-d,R,1240,10,12510480765,214820354,539,14,0
4924604610268999,3129401,qlever-server-d,R,1239,10,12492810077,225329958,460,4,0
4924604610268999,3129402,qlever-server-d,R,1239,14,12541792622,184717589,1043,15,0
4924604610268999,3129403,qlever-server-d,R,1243,13,12564655291,161461228,639,10,0
4924604610268999,3129404,qlever-server-d,R,1253,11,12656227679,72506203,548,8,0
4924604610268999,3129405,qlever-server-d,R,1253,10,12634435448,91859691,593,1,0
4924604610268999,3129406,qlever-server-d,R,1242,11,12542294902,175870584,589,6,0
4924604610268999,3129407,qlever-server-d,R,1242,10,12525146036,211836550,533,11,0
4924604610268999,3129408,qlever-server-d,S,0,0,15360,0,1,13,futex_do_wait
4924604610268999,3129409,qlever-server-d,S,0,0,163781,0,5,12,ep_poll
4924604610268999,3129410,qlever-server-d,S,0,0,435510,20000,10,3,futex_do_wait
4924604610268999,3129411,qlever-server-d,S,1,14,162561543,347411611,1396,5,futex_do_wait
4924604610268999,3129412,qlever-server-d,S,0,14,147566976,317082457,1255,2,futex_do_wait
4924604610268999,3129413,qlever-server-d,S,0,14,150749743,369334564,1422,5,futex_do_wait
4924604610268999,3129414,qlever-server-d,S,0,21,224289633,361412277,1568,4,futex_do_wait
4924604610268999,3129415,qlever-server-d,S,0,13,140773592,332691420,1414,12,futex_do_wait
4924604610268999,3129416,qlever-server-d,S,0,12,127815902,330771673,1237,5,futex_do_wait
4924604610268999,3129417,qlever-server-d,S,1,16,176045060,381092775,1458,12,ep_poll
4924604610268999,3129418,qlever-server-d,S,0,19,196497197,319412636,1325,5,futex_do_wait
4924604610268999,3130333,qlever-server-d,S,0,0,1462942,68834618,50,5,futex_do_wait
4924604610268999,3130334,qlever-server-d,R,33,5,391943021,88191953,525,12,0
4924604610268999,0,__system__,-,1024885311,7867995460,0,0,0,-1,-
4924604630319929,3128855,qlever-server-d,S,936,1591,25279315500,30777902,1912,1,futex_do_wait
4924604630319929,3128859,qlever-server-d,S,0,0,2931693,2566871,26,13,futex_do_wait
4924604630319929,3129400,qlever-server-d,R,1242,10,12530481056,214820354,539,14,0
4924604630319929,3129401,qlever-server-d,R,1240,10,12512732408,225406418,463,4,0
4924604630319929,3129402,qlever-server-d,R,1241,14,12561801083,185085879,1047,15,0
4924604630319929,3129403,qlever-server-d,R,1245,13,12584655532,161461228,639,10,0
4924604630319929,3129404,qlever-server-d,R,1255,11,12676228400,72506203,548,8,0
4924604630319929,3129405,qlever-server-d,R,1255,10,12655243779,91859691,593,1,0
4924604630319929,3129406,qlever-server-d,R,1244,11,12562188713,175976174,590,6,0
4924604630319929,3129407,qlever-server-d,R,1244,10,12545111017,211871050,534,11,0
4924604630319929,3129408,qlever-server-d,S,0,0,15360,0,1,13,futex_do_wait
4924604630319929,3129409,qlever-server-d,S,0,0,163781,0,5,12,ep_poll
4924604630319929,3129410,qlever-server-d,S,0,0,435510,20000,10,3,futex_do_wait
4924604630319929,3129411,qlever-server-d,S,1,14,162608023,347421181,1398,12,futex_do_wait
4924604630319929,3129412,qlever-server-d,S,0,14,148535766,317091457,1257,2,futex_do_wait
4924604630319929,3129413,qlever-server-d,S,0,14,150781903,370101964,1424,5,futex_do_wait
4924604630319929,3129414,qlever-server-d,S,0,21,224330843,361728547,1570,4,futex_do_wait
4924604630319929,3129415,qlever-server-d,S,0,13,140805972,332698730,1416,12,futex_do_wait
4924604630319929,3129416,qlever-server-d,S,0,12,128926962,333495545,1242,2,futex_do_wait
4924604630319929,3129417,qlever-server-d,S,1,16,176045060,381092775,1458,12,ep_poll
4924604630319929,3129418,qlever-server-d,S,0,19,196530947,320553986,1327,5,futex_do_wait
4924604630319929,3130333,qlever-server-d,S,0,0,1462942,68834618,50,5,futex_do_wait
4924604630319929,3130334,qlever-server-d,R,35,5,411106373,89323173,529,12,0
4924604630319929,0,__system__,-,1024885341,7867995492,0,0,0,-1,-
4924604649980213,3128855,qlever-server-d,S,936,1591,25279315500,30777902,1912,1,futex_do_wait
4924604649980213,3128859,qlever-server-d,S,0,0,2931693,2566871,26,13,futex_do_wait
4924604649980213,3129400,qlever-server-d,R,1244,10,12550480917,214820354,539,14,0
4924604649980213,3129401,qlever-server-d,R,1242,10,12532680389,225460608,464,4,0
4924604649980213,3129402,qlever-server-d,R,1243,14,12581335054,185175159,1049,15,0
4924604649980213,3129403,qlever-server-d,R,1247,13,12604655523,161461228,639,10,0
4924604649980213,3129404,qlever-server-d,R,1257,11,12696228341,72506203,548,8,0
4924604649980213,3129405,qlever-server-d,R,1257,10,12674435810,91859691,593,1,0
4924604649980213,3129406,qlever-server-d,R,1246,11,12582189474,175976174,590,6,0
4924604649980213,3129407,qlever-server-d,R,1246,10,12565111728,211871050,534,11,0
4924604649980213,3129408,qlever-server-d,S,0,0,15360,0,1,13,futex_do_wait
4924604649980213,3129409,qlever-server-d,S,0,0,163781,0,5,12,ep_poll
4924604649980213,3129410,qlever-server-d,S,0,0,435510,20000,10,3,futex_do_wait
4924604649980213,3129411,qlever-server-d,S,1,14,162656413,348886542,1400,2,futex_do_wait
4924604649980213,3129412,qlever-server-d,S,0,14,150913007,321187329,1260,12,futex_do_wait
4924604649980213,3129413,qlever-server-d,S,0,14,150813253,370631884,1426,5,futex_do_wait
4924604649980213,3129414,qlever-server-d,S,0,21,224366753,361734887,1572,2,futex_do_wait
4924604649980213,3129415,qlever-server-d,S,0,13,140845932,332708150,1418,12,futex_do_wait
4924604649980213,3129416,qlever-server-d,S,0,12,128958232,333960245,1244,12,futex_do_wait
4924604649980213,3129417,qlever-server-d,S,1,16,176045060,381092775,1458,12,ep_poll
4924604649980213,3129418,qlever-server-d,S,0,19,196565427,320825066,1329,5,futex_do_wait
4924604649980213,3130333,qlever-server-d,S,0,0,1462942,68834618,50,5,futex_do_wait
4924604649980213,3130334,qlever-server-d,R,37,5,428375103,91760554,531,12,0
4924604649980213,0,__system__,-,1024885369,7867995523,0,0,0,-1,-
4924604671518602,3128855,qlever-server-d,S,936,1591,25279315500,30777902,1912,1,futex_do_wait
4924604671518602,3128859,qlever-server-d,S,0,0,2931693,2566871,26,13,futex_do_wait
4924604671518602,3129400,qlever-server-d,R,1246,10,12571481319,214820354,539,14,0
4924604671518602,3129401,qlever-server-d,R,1245,10,12553579101,225560658,468,4,0
4924604671518602,3129402,qlever-server-d,R,1245,14,12602335466,185175159,1049,15,0
4924604671518602,3129403,qlever-server-d,R,1249,13,12625656445,161461228,639,10,0
4924604671518602,3129404,qlever-server-d,R,1259,11,12718227543,72506203,548,8,0
4924604671518602,3129405,qlever-server-d,R,1259,10,12696434952,91859691,593,1,0
4924604671518602,3129406,qlever-server-d,R,1248,11,12604148026,176017644,591,6,0
4924604671518602,3129407,qlever-server-d,R,1248,10,12587111240,211871050,534,11,0
4924604671518602,3129408,qlever-server-d,S,0,0,15360,0,1,13,futex_do_wait
4924604671518602,3129409,qlever-server-d,S,0,0,163781,0,5,12,ep_poll
4924604671518602,3129410,qlever-server-d,S,0,0,435510,20000,10,3,futex_do_wait
4924604671518602,3129411,qlever-server-d,S,1,14,162716443,348909462,1403,2,futex_do_wait
4924604671518602,3129412,qlever-server-d,R,0,14,153832749,325439472,1277,12,0
4924604671518602,3129413,qlever-server-d,S,0,14,150865683,371177344,1429,12,futex_do_wait
4924604671518602,3129414,qlever-server-d,S,0,21,224402833,361773267,1575,2,futex_do_wait
4924604671518602,3129415,qlever-server-d,S,0,13,140927772,332724160,1422,12,futex_do_wait
4924604671518602,3129416,qlever-server-d,S,0,12,129008212,333970445,1247,12,futex_do_wait
4924604671518602,3129417,qlever-server-d,S,1,16,176045060,381092775,1458,12,ep_poll
4924604671518602,3129418,qlever-server-d,S,0,19,196617687,321094816,1332,12,futex_do_wait
4924604671518602,3130333,qlever-server-d,S,0,0,1481372,68842418,51,5,futex_do_wait
4924604671518602,3130334,qlever-server-d,R,39,5,446625723,94777195,542,12,0
4924604671518602,0,__system__,-,1024885401,7867995557,0,0,0,-1,-
4924604689982015,3128855,qlever-server-d,S,936,1591,25279315500,30777902,1912,1,futex_do_wait
4924604689982015,3128859,qlever-server-d,S,0,0,2931693,2566871,26,13,futex_do_wait
4924604689982015,3129400,qlever-server-d,R,1248,10,12590311509,214989994,540,14,0
4924604689982015,3129401,qlever-server-d,R,1246,10,12572494771,225674268,473,4,0
4924604689982015,3129402,qlever-server-d,R,1247,14,12621334746,185175159,1049,15,0
4924604689982015,3129403,qlever-server-d,R,1251,13,12644627345,161489578,640,10,0
4924604689982015,3129404,qlever-server-d,R,1261,11,12736018493,72714943,549,8,0
4924604689982015,3129405,qlever-server-d,R,1261,10,12714435602,91859691,593,1,0
4924604689982015,3129406,qlever-server-d,R,1250,11,12622059856,176105464,593,6,0
4924604689982015,3129407,qlever-server-d,R,1250,10,12605111590,211871050,534,11,0
4924604689982015,3129408,qlever-server-d,S,0,0,15360,0,1,13,futex_do_wait
4924604689982015,3129409,qlever-server-d,S,0,0,163781,0,5,12,ep_poll
4924604689982015,3129410,qlever-server-d,S,0,0,435510,20000,10,3,futex_do_wait
4924604689982015,3129411,qlever-server-d,S,1,14,162800463,352279065,1407,12,futex_do_wait
4924604689982015,3129412,qlever-server-d,S,0,14,154686039,327722315,1283,12,futex_do_wait
4924604689982015,3129413,qlever-server-d,S,0,14,150939263,371559455,1433,12,futex_do_wait
4924604689982015,3129414,qlever-server-d,S,0,21,224484923,362226018,1579,2,futex_do_wait
4924604689982015,3129415,qlever-server-d,S,0,13,142485423,335038351,1431,12,futex_do_wait
4924604689982015,3129416,qlever-server-d,S,0,12,129054312,334481186,1250,12,futex_do_wait
4924604689982015,3129417,qlever-server-d,S,1,16,176045060,381092775,1458,12,ep_poll
4924604689982015,3129418,qlever-server-d,S,0,19,197522398,321175066,1341,12,futex_do_wait
4924604689982015,3130333,qlever-server-d,S,0,0,1481372,68842418,51,5,futex_do_wait
4924604689982015,3130334,qlever-server-d,R,40,5,461118891,99017468,553,12,0
4924604689982015,0,__system__,-,1024885430,7867995587,0,0,0,-1,-
4924604709989706,3128855,qlever-server-d,S,936,1591,25279315500,30777902,1912,1,futex_do_wait
4924604709989706,3128859,qlever-server-d,S,0,0,2931693,2566871,26,13,futex_do_wait
4924604709989706,3129400,qlever-server-d,R,1250,10,12610311320,214989994,540,14,0
4924604709989706,3129401,qlever-server-d,R,1248,10,12592301082,225843188,479,4,0
4924604709989706,3129402,qlever-server-d,R,1249,14,12641334357,185175159,1049,15,0
4924604709989706,3129403,qlever-server-d,R,1253,13,12664628256,161489578,640,10,0
4924604709989706,3129404,qlever-server-d,R,1263,11,12756020164,72714943,549,8,0
4924604709989706,3129405,qlever-server-d,R,1263,10,12734436603,91859691,593,1,0
4924604709989706,3129406,qlever-server-d,R,1252,11,12642059957,176105464,593,6,0
4924604709989706,3129407,qlever-server-d,R,1252,10,12625112211,211871050,534,11,0
4924604709989706,3129408,qlever-server-d,S,0,0,15360,0,1,13,futex_do_wait
4924604709989706,3129409,qlever-server-d,S,0,0,163781,0,5,12,ep_poll
4924604709989706,3129410,qlever-server-d,S,0,0,435510,20000,10,3,futex_do_wait
4924604709989706,3129411,qlever-server-d,S,1,14,162800463,352279065,1407,12,futex_do_wait
4924604709989706,3129412,qlever-server-d,S,0,14,154686039,327722315,1283,12,futex_do_wait
4924604709989706,3129413,qlever-server-d,S,0,14,150939263,371559455,1433,12,futex_do_wait
4924604709989706,3129414,qlever-server-d,S,0,21,224484923,362226018,1579,2,futex_do_wait
4924604709989706,3129415,qlever-server-d,R,0,13,142485423,336001192,1432,12,0
4924604709989706,3129416,qlever-server-d,S,0,12,129054312,334481186,1250,12,futex_do_wait
4924604709989706,3129417,qlever-server-d,S,1,16,176045060,381092775,1458,12,ep_poll
4924604709989706,3129418,qlever-server-d,S,0,19,197522398,321175066,1341,12,futex_do_wait
4924604709989706,3130333,qlever-server-d,S,0,0,1502952,68848898,52,5,futex_do_wait
4924604709989706,3130334,qlever-server-d,R,42,5,480620392,99522688,554,12,0
4924604709989706,0,__system__,-,1024885461,7867995620,0,0,0,-1,-
4924604729986626,3128855,qlever-server-d,S,936,1591,25279315500,30777902,1912,1,futex_do_wait
4924604729986626,3128859,qlever-server-d,S,0,0,3058403,3205591,27,13,futex_do_wait
4924604729986626,3129400,qlever-server-d,R,1252,10,12630311222,214989994,540,14,0
4924604729986626,3129401,qlever-server-d,R,1250,10,12612297224,225843188,479,4,0
4924604729986626,3129402,qlever-server-d,R,1251,14,12661336179,185175159,1049,15,0
4924604729986626,3129403,qlever-server-d,R,1255,13,12684627328,161489578,640,10,0
4924604729986626,3129404,qlever-server-d,R,1265,11,12776019716,72714943,549,8,0
4924604729986626,3129405,qlever-server-d,R,1265,10,12754435635,91859691,593,1,0
4924604729986626,3129406,qlever-server-d,R,1254,11,12662060009,176105464,593,6,0
4924604729986626,3129407,qlever-server-d,R,1254,10,12645111623,211871050,534,11,0
4924604729986626,3129408,qlever-server-d,S,0,0,15360,0,1,13,futex_do_wait
4924604729986626,3129409,qlever-server-d,S,0,0,163781,0,5,12,ep_poll
4924604729986626,3129410,qlever-server-d,S,0,0,435510,20000,10,3,futex_do_wait
4924604729986626,3129411,qlever-server-d,S,1,14,163634654,352530875,1414,12,futex_do_wait
4924604729986626,3129412,qlever-server-d,S,0,14,154737649,328115775,1287,12,futex_do_wait
4924604729986626,3129413,qlever-server-d,S,0,14,152302784,372393276,1439,12,futex_do_wait
4924604729986626,3129414,qlever-server-d,S,0,21,224519373,362934268,1582,12,futex_do_wait
4924604729986626,3129415,qlever-server-d,S,0,13,143290283,336979543,1437,12,futex_do_wait
4924604729986626,3129416,qlever-server-d,S,0,12,129124622,335327376,1255,12,futex_do_wait
4924604729986626,3129417,qlever-server-d,S,1,16,176045060,381092775,1458,12,ep_poll
4924604729986626,3129418,qlever-server-d,S,0,19,197563728,323729248,1343,12,futex_do_wait
4924604729986626,3130333,qlever-server-d,S,0,0,1502952,68848898,52,5,futex_do_wait
4924604729986626,3130334,qlever-server-d,R,44,5,497071591,103064180,557,12,0
4924604729986626,0,__system__,-,1024885491,7867995652,0,0,0,-1,-
4924604750267025,3128855,qlever-server-d,S,936,1591,25279315500,30777902,1912,1,futex_do_wait
4924604750267025,3128859,qlever-server-d,S,0,0,3058403,3205591,27,13,futex_do_wait
4924604750267025,3129400,qlever-server-d,R,1254,10,12650312173,214989994,540,14,0
4924604750267025,3129401,qlever-server-d,R,1252,10,12632298025,225843188,479,4,0
4924604750267025,3129402,qlever-server-d,R,1253,14,12681334850,185175159,1049,15,0
4924604750267025,3129403,qlever-server-d,R,1257,13,12704626799,161489578,640,10,0
4924604750267025,3129404,qlever-server-d,R,1267,11,12795981107,72752843,550,8,0
4924604750267025,3129405,qlever-server-d,R,1267,10,12774567326,92021381,596,1,0
4924604750267025,3129406,qlever-server-d,R,1256,11,12681384910,176781384,594,6,0
4924604750267025,3129407,qlever-server-d,R,1256,10,12665111714,211871050,534,11,0
4924604750267025,3129408,qlever-server-d,S,0,0,15360,0,1,13,futex_do_wait
4924604750267025,3129409,qlever-server-d,S,0,0,163781,0,5,12,ep_poll
4924604750267025,3129410,qlever-server-d,S,0,0,435510,20000,10,3,futex_do_wait
4924604750267025,3129411,qlever-server-d,S,1,14,163846844,352590975,1419,12,futex_do_wait
4924604750267025,3129412,qlever-server-d,S,0,14,154776899,328555695,1289,12,futex_do_wait
4924604750267025,3129413,qlever-server-d,R,0,14,153574864,375325808,1446,12,0
4924604750267025,3129414,qlever-server-d,S,0,21,224568683,362987698,1585,12,futex_do_wait
4924604750267025,3129415,qlever-server-d,S,0,13,143320373,336989433,1439,12,futex_do_wait
4924604750267025,3129416,qlever-server-d,S,0,12,130119843,335611726,1263,12,futex_do_wait
4924604750267025,3129417,qlever-server-d,S,1,16,176045060,381092775,1458,12,ep_poll
4924604750267025,3129418,qlever-server-d,S,0,19,197614808,323749148,1346,12,futex_do_wait
4924604750267025,3130333,qlever-server-d,S,0,0,1502952,68848898,52,5,futex_do_wait
4924604750267025,3130334,qlever-server-d,R,46,5,513872911,106263671,569,12,0
4924604750267025,0,__system__,-,1024885522,7867995683,0,0,0,-1,-
4924604769984138,3128855,qlever-server-d,S,936,1591,25279315500,30777902,1912,1,futex_do_wait
4924604769984138,3128859,qlever-server-d,S,0,0,3058403,3205591,27,13,futex_do_wait
4924604769984138,3129400,qlever-server-d,R,1256,10,12670221374,215079884,544,14,0
4924604769984138,3129401,qlever-server-d,R,1254,10,12652296606,225843188,479,4,0
4924604769984138,3129402,qlever-server-d,R,1255,14,12701193111,185317409,1050,15,0
4924604769984138,3129403,qlever-server-d,R,1259,13,12724626860,161489578,640,10,0
4924604769984138,3129404,qlever-server-d,R,1269,11,12815951088,72784153,551,8,0
4924604769984138,3129405,qlever-server-d,R,1269,10,12794223657,92071381,597,1,0
4924604769984138,3129406,qlever-server-d,R,1258,11,12701384001,176781384,594,6,0
4924604769984138,3129407,qlever-server-d,R,1258,10,12685110905,211871050,534,11,0
4924604769984138,3129408,qlever-server-d,S,0,0,15360,0,1,13,futex_do_wait
4924604769984138,3129409,qlever-server-d,S,0,0,163781,0,5,12,ep_poll
4924604769984138,3129410,qlever-server-d,S,0,0,435510,20000,10,3,futex_do_wait
4924604769984138,3129411,qlever-server-d,S,1,14,163899444,353628065,1422,12,futex_do_wait
4924604769984138,3129412,qlever-server-d,R,0,14,156329701,330084865,1292,12,0
4924604769984138,3129413,qlever-server-d,S,0,14,153923194,378203249,1450,12,futex_do_wait
4924604769984138,3129414,qlever-server-d,S,0,21,225298663,363860379,1590,12,futex_do_wait
4924604769984138,3129415,qlever-server-d,S,0,13,143404543,337252563,1443,12,futex_do_wait
4924604769984138,3129416,qlever-server-d,S,0,12,130160853,336364376,1266,12,futex_do_wait
4924604769984138,3129417,qlever-server-d,S,1,16,176045060,381092775,1458,12,ep_poll
4924604769984138,3129418,qlever-server-d,S,0,19,197660718,324582568,1349,12,futex_do_wait
4924604769984138,3130333,qlever-server-d,S,0,0,1526202,68848898,53,5,futex_do_wait
4924604769984138,3130334,qlever-server-d,R,47,5,531298101,108829072,572,12,0
4924604769984138,0,__system__,-,1024885552,7867995715,0,0,0,-1,-
4924604790042559,3128855,qlever-server-d,S,936,1591,25279315500,30777902,1912,1,futex_do_wait
4924604790042559,3128859,qlever-server-d,S,0,0,3058403,3205591,27,13,futex_do_wait
4924604790042559,3129400,qlever-server-d,R,1258,10,12690221835,215079884,544,14,0
4924604790042559,3129401,qlever-server-d,R,1256,10,12672298107,225843188,479,4,0
4924604790042559,3129402,qlever-server-d,R,1257,14,12721193712,185317409,1050,15,0
4924604790042559,3129403,qlever-server-d,R,1261,13,12744628651,161489578,640,10,0
4924604790042559,3129404,qlever-server-d,R,1271,11,12835802369,72965853,558,8,0
4924604790042559,3129405,qlever-server-d,R,1271,10,12814225178,92071381,597,1,0
4924604790042559,3129406,qlever-server-d,R,1260,11,12721384342,176781384,594,6,0
4924604790042559,3129407,qlever-server-d,R,1260,10,12705112206,211871050,534,11,0
4924604790042559,3129408,qlever-server-d,S,0,0,15360,0,1,13,futex_do_wait
4924604790042559,3129409,qlever-server-d,S,0,0,163781,0,5,12,ep_poll
4924604790042559,3129410,qlever-server-d,S,0,0,435510,20000,10,3,futex_do_wait
4924604790042559,3129411,qlever-server-d,S,1,14,163935104,353813385,1424,12,futex_do_wait
4924604790042559,3129412,qlever-server-d,S,0,14,158208392,333929297,1295,12,futex_do_wait
4924604790042559,3129413,qlever-server-d,S,0,14,153939645,378232159,1451,12,futex_do_wait
4924604790042559,3129414,qlever-server-d,S,0,21,225318253,364273410,1591,12,futex_do_wait
4924604790042559,3129415,qlever-server-d,S,0,13,143444533,338207843,1445,12,futex_do_wait
4924604790042559,3129416,qlever-server-d,S,0,12,130195013,336369186,1267,12,futex_do_wait
4924604790042559,3129417,qlever-server-d,S,1,16,176045060,381092775,1458,12,ep_poll
4924604790042559,3129418,qlever-server-d,S,0,19,197689938,325124938,1351,12,futex_do_wait
4924604790042559,3130333,qlever-server-d,S,0,0,1526202,68848898,53,5,futex_do_wait
4924604790042559,3130334,qlever-server-d,R,49,5,548720801,110270023,580,2,0
4924604790042559,0,__system__,-,1024885581,7867995748,0,0,0,-1,-
4924604810011640,3128855,qlever-server-d,S,936,1591,25279315500,30777902,1912,1,futex_do_wait
4924604810011640,3128859,qlever-server-d,S,0,0,3058403,3205591,27,13,futex_do_wait
4924604810011640,3129400,qlever-server-d,R,1260,10,12710186006,215116214,545,14,0
4924604810011640,3129401,qlever-server-d,R,1258,10,12692297698,225843188,479,4,0
4924604810011640,3129402,qlever-server-d,R,1259,14,12740175602,186331210,1052,7,0
4924604810011640,3129403,qlever-server-d,R,1263,13,12764627742,161489578,640,10,0
4924604810011640,3129404,qlever-server-d,R,1273,11,12855743520,72991443,559,8,0
4924604810011640,3129405,qlever-server-d,R,1273,10,12834224899,92071381,597,1,0
4924604810011640,3129406,qlever-server-d,R,1262,11,12741385003,176781384,594,6,0
4924604810011640,3129407,qlever-server-d,R,1262,10,12725061417,211920720,535,11,0
4924604810011640,3129408,qlever-server-d,S,0,0,15360,0,1,13,futex_do_wait
4924604810011640,3129409,qlever-server-d,S,0,0,163781,0,5,12,ep_poll
4924604810011640,3129410,qlever-server-d,S,0,0,435510,20000,10,3,futex_do_wait
4924604810011640,3129411,qlever-server-d,S,1,14,163968174,353819745,1426,12,futex_do_wait
4924604810011640,3129412,qlever-server-d,S,0,15,158811952,335144348,1300,12,futex_do_wait
4924604810011640,3129413,qlever-server-d,S,0,14,154490365,378241479,1454,12,futex_do_wait
4924604810011640,3129414,qlever-server-d,S,0,21,225350163,364807800,1593,12,futex_do_wait
4924604810011640,3129415,qlever-server-d,S,0,13,143784933,338838634,1449,12,futex_do_wait
4924604810011640,3129416,qlever-server-d,S,0,12,130739893,337543567,1273,12,futex_do_wait
4924604810011640,3129417,qlever-server-d,S,1,16,176045060,381092775,1458,12,ep_poll
4924604810011640,3129418,qlever-server-d,S,0,19,198015078,326303879,1355,12,futex_do_wait
4924604810011640,3130333,qlever-server-d,S,0,0,1553072,69114018,54,5,futex_do_wait
4924604810011640,3130334,qlever-server-d,R,51,5,565569261,113465514,607,2,0
4924604810011640,0,__system__,-,1024885610,7867995780,0,0,0,-1,-
4924604830016761,3128855,qlever-server-d,S,936,1591,25279315500,30777902,1912,1,futex_do_wait
4924604830016761,3128859,qlever-server-d,S,0,0,3058403,3205591,27,13,futex_do_wait
4924604830016761,3129400,qlever-server-d,R,1262,10,12730185807,215116214,545,14,0
4924604830016761,3129401,qlever-server-d,R,1260,10,12712297919,225843188,479,4,0
4924604830016761,3129402,qlever-server-d,R,1261,14,12760175793,186331210,1052,7,0
4924604830016761,3129403,qlever-server-d,R,1265,13,12784700063,161489578,640,10,0
4924604830016761,3129404,qlever-server-d,R,1275,11,12875672041,73064103,560,8,0
4924604830016761,3129405,qlever-server-d,R,1275,10,12854225340,92071381,597,1,0
4924604830016761,3129406,qlever-server-d,R,1264,11,12761386014,176781384,594,6,0
4924604830016761,3129407,qlever-server-d,R,1264,10,12745062028,211920720,535,11,0
4924604830016761,3129408,qlever-server-d,S,0,0,15360,0,1,13,futex_do_wait
4924604830016761,3129409,qlever-server-d,S,0,0,163781,0,5,12,ep_poll
4924604830016761,3129410,qlever-server-d,S,0,0,435510,20000,10,3,futex_do_wait
4924604830016761,3129411,qlever-server-d,S,1,14,164017404,353833055,1430,12,futex_do_wait
4924604830016761,3129412,qlever-server-d,S,0,15,159173452,335431468,1307,12,futex_do_wait
4924604830016761,3129413,qlever-server-d,S,0,14,155140515,379224619,1462,12,futex_do_wait
4924604830016761,3129414,qlever-server-d,S,0,21,225962553,365730821,1600,12,futex_do_wait
4924604830016761,3129415,qlever-server-d,S,0,13,144469984,339661324,1456,12,futex_do_wait
4924604830016761,3129416,qlever-server-d,S,0,12,132523234,337857947,1281,12,futex_do_wait
4924604830016761,3129417,qlever-server-d,S,1,16,176045060,381092775,1458,12,ep_poll
4924604830016761,3129418,qlever-server-d,S,0,19,198389298,327079039,1362,12,futex_do_wait
4924604830016761,3130333,qlever-server-d,S,0,0,1553072,69114018,54,5,futex_do_wait
4924604830016761,3130334,qlever-server-d,R,52,5,581271600,117767216,639,2,0
4924604830016761,0,__system__,-,1024885638,7867995812,0,0,0,-1,-
4924604850849146,3128855,qlever-server-d,S,936,1591,25279315500,30777902,1912,1,futex_do_wait
4924604850849146,3128859,qlever-server-d,S,0,0,3058403,3205591,27,13,futex_do_wait
4924604850849146,3129400,qlever-server-d,R,1264,10,12751186209,215116214,545,14,0
4924604850849146,3129401,qlever-server-d,R,1263,10,12733298731,225843188,479,4,0
4924604850849146,3129402,qlever-server-d,R,1263,14,12781129955,186377670,1053,7,0
4924604850849146,3129403,qlever-server-d,R,1267,13,12805628445,161489578,640,10,0
4924604850849146,3129404,qlever-server-d,R,1277,11,12896670403,73064103,560,8,0
4924604850849146,3129405,qlever-server-d,R,1277,10,12875224932,92071381,597,1,0
4924604850849146,3129406,qlever-server-d,R,1266,11,12782385426,176781384,594,6,0
4924604850849146,3129407,qlever-server-d,R,1266,10,12766061610,211920720,535,11,0
4924604850849146,3129408,qlever-server-d,S,0,0,15360,0,1,13,futex_do_wait
4924604850849146,3129409,qlever-server-d,S,0,0,163781,0,5,12,ep_poll
4924604850849146,3129410,qlever-server-d,S,0,0,435510,20000,10,3,futex_do_wait
4924604850849146,3129411,qlever-server-d,S,1,14,164044564,354094755,1432,2,futex_do_wait
4924604850849146,3129412,qlever-server-d,S,0,15,159210812,335682618,1309,2,futex_do_wait
4924604850849146,3129413,qlever-server-d,S,0,14,155185705,379375929,1464,2,futex_do_wait
4924604850849146,3129414,qlever-server-d,S,0,21,225994643,365736011,1602,2,futex_do_wait
4924604850849146,3129415,qlever-server-d,S,0,13,145473274,340603125,1465,2,futex_do_wait
4924604850849146,3129416,qlever-server-d,S,0,13,133554194,339797059,1288,2,futex_do_wait
4924604850849146,3129417,qlever-server-d,S,1,16,176045060,381092775,1458,12,ep_poll
4924604850849146,3129418,qlever-server-d,S,0,19,198418668,327336920,1364,2,futex_do_wait
4924604850849146,3130333,qlever-server-d,S,0,0,1553072,69114018,54,5,futex_do_wait
4924604850849146,3130334,qlever-server-d,R,54,5,600536090,120582948,641,13,0
4924604850849146,0,__system__,-,1024885667,7867995845,0,0,0,-1,-
4924604870095602,3128855,qlever-server-d,S,936,1591,25279315500,30777902,1912,1,futex_do_wait
4924604870095602,3128859,qlever-server-d,S,0,0,3058403,3205591,27,13,futex_do_wait
4924604870095602,3129400,qlever-server-d,R,1266,10,12770186859,215116214,545,14,0
4924604870095602,3129401,qlever-server-d,R,1264,10,12752253431,225888668,480,4,0
4924604870095602,3129402,qlever-server-d,R,1265,14,12800129815,186377670,1053,7,0
4924604870095602,3129403,qlever-server-d,R,1269,13,12824306045,161812738,641,10,0
4924604870095602,3129404,qlever-server-d,R,1279,11,12915577373,73158273,562,8,0
4924604870095602,3129405,qlever-server-d,R,1279,10,12894225112,92071381,597,1,0
4924604870095602,3129406,qlever-server-d,R,1268,11,12801385906,176781384,594,6,0
4924604870095602,3129407,qlever-server-d,R,1268,10,12785062550,211920720,535,11,0
4924604870095602,3129408,qlever-server-d,S,0,0,15360,0,1,13,futex_do_wait
4924604870095602,3129409,qlever-server-d,S,0,0,163781,0,5,12,ep_poll
4924604870095602,3129410,qlever-server-d,S,0,0,435510,20000,10,3,futex_do_wait
4924604870095602,3129411,qlever-server-d,S,1,14,164075564,354238585,1434,5,futex_do_wait
4924604870095602,3129412,qlever-server-d,S,0,15,160214212,337249339,1317,5,futex_do_wait
4924604870095602,3129413,qlever-server-d,S,0,14,155242065,380135350,1467,5,ep_poll
4924604870095602,3129414,qlever-server-d,S,0,21,226052753,365745351,1605,5,futex_do_wait
4924604870095602,3129415,qlever-server-d,S,0,13,146215335,340668835,1469,5,futex_do_wait
4924604870095602,3129416,qlever-server-d,S,0,13,133604654,340401290,1291,5,futex_do_wait
4924604870095602,3129417,qlever-server-d,S,1,16,176527990,381585535,1462,5,futex_do_wait
4924604870095602,3129418,qlever-server-d,S,0,19,198449628,327487950,1366,5,futex_do_wait
4924604870095602,3130333,qlever-server-d,S,0,0,1570402,69545318,55,5,futex_do_wait
4924604870095602,3130334,qlever-server-d,R,56,5,618827161,121291608,645,13,0
4924604870095602,0,__system__,-,1024885694,7867995875,0,0,0,-1,-
4924604892162728,3128855,qlever-server-d,S,936,1591,25279315500,30777902,1912,1,futex_do_wait
4924604892162728,3128859,qlever-server-d,S,0,0,3058403,3205591,27,13,futex_do_wait
4924604892162728,3129400,qlever-server-d,R,1268,10,12792186012,215116214,545,14,0
4924604892162728,3129401,qlever-server-d,R,1267,10,12774252724,225888668,480,4,0
4924604892162728,3129402,qlever-server-d,R,1267,14,12822061388,186445100,1054,7,0
4924604892162728,3129403,qlever-server-d,R,1271,13,12846336048,161812738,641,10,0
4924604892162728,3129404,qlever-server-d,R,1281,11,12936953476,73781133,569,8,0
4924604892162728,3129405,qlever-server-d,R,1281,10,12916716055,92071381,597,1,0
4924604892162728,3129406,qlever-server-d,R,1270,11,12822167108,177999095,595,6,0
4924604892162728,3129407,qlever-server-d,R,1270,10,12807062163,211920720,535,11,0
4924604892162728,3129408,qlever-server-d,S,0,0,15360,0,1,13,futex_do_wait
4924604892162728,3129409,qlever-server-d,S,0,0,163781,0,5,12,ep_poll
4924604892162728,3129410,qlever-server-d,S,0,0,435510,20000,10,3,futex_do_wait
4924604892162728,3129411,qlever-server-d,S,1,14,164151214,358118118,1439,13,futex_do_wait
4924604892162728,3129412,qlever-server-d,R,0,15,161518243,340806321,1329,13,futex_do_wait
4924604892162728,3129413,qlever-server-d,S,0,14,155242065,380135350,1467,5,ep_poll
4924604892162728,3129414,qlever-server-d,S,0,21,227942944,368876032,1618,13,futex_do_wait
4924604892162728,3129415,qlever-server-d,S,0,13,146302065,344367526,1474,13,futex_do_wait
4924604892162728,3129416,qlever-server-d,S,0,13,133716784,340955821,1296,13,futex_do_wait
4924604892162728,3129417,qlever-server-d,S,1,16,176591600,382158346,1466,13,futex_do_wait
4924604892162728,3129418,qlever-server-d,S,0,19,199474229,331387402,1378,13,futex_do_wait
4924604892162728,3130333,qlever-server-d,S,0,0,1570402,69545318,55,5,futex_do_wait
4924604892162728,3130334,qlever-server-d,R,58,5,638805442,123833269,654,13,0
4924604892162728,0,__system__,-,1024885728,7867995911,0,0,0,-1,-
4924604910019385,3128855,qlever-server-d,S,936,1591,25279315500,30777902,1912,1,futex_do_wait
4924604910019385,3128859,qlever-server-d,S,0,0,3058403,3205591,27,13,futex_do_wait
4924604910019385,3129400,qlever-server-d,R,1270,10,12810189002,215116214,545,14,0
4924604910019385,3129401,qlever-server-d,R,1268,10,12792256924,225888668,480,4,0
4924604910019385,3129402,qlever-server-d,R,1269,14,12839952378,186555440,1055,7,0
4924604910019385,3129403,qlever-server-d,R,1273,13,12862590318,163527278,642,10,0
4924604910019385,3129404,qlever-server-d,R,1283,11,12954631726,74101123,574,3,0
4924604910019385,3129405,qlever-server-d,R,1283,10,12934236495,92071381,597,1,0
4924604910019385,3129406,qlever-server-d,R,1272,11,12840169078,177999095,595,6,0
4924604910019385,3129407,qlever-server-d,R,1272,10,12825064583,211920720,535,11,0
4924604910019385,3129408,qlever-server-d,S,0,0,15360,0,1,13,futex_do_wait
4924604910019385,3129409,qlever-server-d,S,0,0,163781,0,5,12,ep_poll
4924604910019385,3129410,qlever-server-d,S,0,0,435510,20000,10,3,futex_do_wait
4924604910019385,3129411,qlever-server-d,S,1,14,164172234,358120818,1440,13,futex_do_wait
4924604910019385,3129412,qlever-server-d,R,0,15,162030333,342475972,1332,13,0
4924604910019385,3129413,qlever-server-d,S,0,14,155242065,380135350,1467,5,ep_poll
4924604910019385,3129414,qlever-server-d,S,0,21,227942944,368876032,1618,13,futex_do_wait
4924604910019385,3129415,qlever-server-d,S,0,13,146320155,344380416,1475,13,futex_do_wait
4924604910019385,3129416,qlever-server-d,S,0,13,133736854,340959011,1297,13,futex_do_wait
4924604910019385,3129417,qlever-server-d,S,1,16,176591600,382158346,1466,13,futex_do_wait
4924604910019385,3129418,qlever-server-d,S,0,19,199489249,331715822,1379,13,futex_do_wait
4924604910019385,3130333,qlever-server-d,S,0,0,1600842,69545318,56,5,futex_do_wait
4924604910019385,3130334,qlever-server-d,R,60,5,655597352,124564269,657,13,0
4924604910019385,0,__system__,-,1024885753,7867995939,0,0,0,-1,-
4924604929978156,3128855,qlever-server-d,S,936,1591,25279315500,30777902,1912,1,futex_do_wait
4924604929978156,3128859,qlever-server-d,S,0,0,3058403,3205591,27,13,futex_do_wait
4924604929978156,3129400,qlever-server-d,R,1272,10,12830186953,215116214,545,14,0
4924604929978156,3129401,qlever-server-d,R,1270,10,12812253095,225888668,480,4,0
4924604929978156,3129402,qlever-server-d,R,1271,14,12859952739,186555440,1055,7,0
4924604929978156,3129403,qlever-server-d,R,1275,13,12882591139,163527278,642,10,0
4924604929978156,3129404,qlever-server-d,R,1285,11,12972701745,76028935,582,3,0
4924604929978156,3129405,qlever-server-d,R,1285,10,12954226006,92071381,597,1,0
4924604929978156,3129406,qlever-server-d,R,1274,11,12860108529,178123545,600,6,0
4924604929978156,3129407,qlever-server-d,R,1274,10,12845063564,211920720,535,11,0
4924604929978156,3129408,qlever-server-d,S,0,0,15360,0,1,13,futex_do_wait
4924604929978156,3129409,qlever-server-d,S,0,0,163781,0,5,12,ep_poll
4924604929978156,3129410,qlever-server-d,S,0,0,435510,20000,10,3,futex_do_wait
4924604929978156,3129411,qlever-server-d,S,1,14,164264034,358996288,1444,13,futex_do_wait
4924604929978156,3129412,qlever-server-d,S,0,15,162312803,348480296,1335,13,futex_do_wait
4924604929978156,3129413,qlever-server-d,S,0,14,155242065,380135350,1467,5,ep_poll
4924604929978156,3129414,qlever-server-d,S,0,21,228007914,371730014,1622,13,futex_do_wait
4924604929978156,3129415,qlever-server-d,S,0,14,148260825,345685117,1480,13,futex_do_wait
4924604929978156,3129416,qlever-server-d,S,0,13,133995274,342494072,1301,13,futex_do_wait
4924604929978156,3129417,qlever-server-d,S,1,16,177105840,383844297,1472,13,futex_do_wait
4924604929978156,3129418,qlever-server-d,S,0,19,200490680,333263402,1385,13,futex_do_wait
4924604929978156,3130333,qlever-server-d,S,0,0,1600842,69545318,56,5,futex_do_wait
4924604929978156,3130334,qlever-server-d,R,62,5,675520863,124591059,658,5,0
4924604929978156,0,__system__,-,1024885781,7867995970,0,0,0,-1,-
4924604950011297,3128855,qlever-server-d,S,936,1591,25279315500,30777902,1912,1,futex_do_wait
4924604950011297,3128859,qlever-server-d,S,0,0,3058403,3205591,27,13,futex_do_wait
4924604950011297,3129400,qlever-server-d,R,1274,10,12850115184,215189394,546,14,0
4924604950011297,3129401,qlever-server-d,R,1272,10,12832255086,225888668,480,4,0
4924604950011297,3129402,qlever-server-d,R,1273,14,12879953360,186555440,1055,7,0
4924604950011297,3129403,qlever-server-d,R,1277,13,12902590650,163527278,642,10,0
4924604950011297,3129404,qlever-server-d,R,1287,11,12992139846,76591255,583,3,0
4924604950011297,3129405,qlever-server-d,R,1287,10,12974225477,92071381,597,1,0
4924604950011297,3129406,qlever-server-d,R,1276,11,12880045150,178123545,600,6,0
4924604950011297,3129407,qlever-server-d,R,1276,10,12865063595,211920720,535,11,0
4924604950011297,3129408,qlever-server-d,S,0,0,15360,0,1,13,futex_do_wait
4924604950011297,3129409,qlever-server-d,S,0,0,163781,0,5,12,ep_poll
4924604950011297,3129410,qlever-server-d,S,0,0,435510,20000,10,3,futex_do_wait
4924604950011297,3129411,qlever-server-d,R,1,14,164892834,358998878,1445,0,0
4924604950011297,3129412,qlever-server-d,S,0,15,162329663,348483806,1336,5,futex_do_wait
4924604950011297,3129413,qlever-server-d,S,0,14,155242065,380135350,1467,5,ep_poll
4924604950011297,3129414,qlever-server-d,R,0,21,228047584,372229975,1623,0,0
4924604950011297,3129415,qlever-server-d,S,0,14,148291425,345696827,1481,13,futex_do_wait
4924604950011297,3129416,qlever-server-d,R,0,13,134479875,342523152,1305,0,0
4924604950011297,3129417,qlever-server-d,R,1,16,177105840,383844297,1472,0,0
4924604950011297,3129418,qlever-server-d,R,0,19,200490680,333263402,1385,0,0
4924604950011297,3130333,qlever-server-d,S,0,0,1600842,69545318,56,5,futex_do_wait
4924604950011297,3130334,qlever-server-d,R,64,5,694658063,125507530,662,5,0
4924604950011297,0,__system__,-,1024885810,7867996003,0,0,0,-1,-
4924604969978388,3128855,qlever-server-d,S,936,1591,25279315500,30777902,1912,1,futex_do_wait
4924604969978388,3128859,qlever-server-d,S,0,0,3058403,3205591,27,13,futex_do_wait
4924604969978388,3129400,qlever-server-d,R,1276,10,12870114995,215189394,546,14,0
4924604969978388,3129401,qlever-server-d,R,1274,10,12852254127,225888668,480,4,0
4924604969978388,3129402,qlever-server-d,R,1275,14,12899951781,186555440,1055,7,0
4924604969978388,3129403,qlever-server-d,R,1279,13,12922591831,163527278,642,10,0
4924604969978388,3129404,qlever-server-d,R,1289,11,13012139387,76591255,583,3,0
4924604969978388,3129405,qlever-server-d,R,1289,10,12994225888,92071381,597,1,0
4924604969978388,3129406,qlever-server-d,R,1278,11,12900046181,178123545,600,6,0
4924604969978388,3129407,qlever-server-d,R,1278,10,12885063446,211920720,535,11,0
4924604969978388,3129408,qlever-server-d,S,0,0,15360,0,1,13,futex_do_wait
4924604969978388,3129409,qlever-server-d,S,0,0,163781,0,5,12,ep_poll
4924604969978388,3129410,qlever-server-d,S,0,0,435510,20000,10,3,futex_do_wait
4924604969978388,3129411,qlever-server-d,S,1,14,165608734,360091859,1448,5,futex_do_wait
4924604969978388,3129412,qlever-server-d,S,0,15,163415634,348692496,1341,0,futex_do_wait
4924604969978388,3129413,qlever-server-d,S,0,14,155242065,380135350,1467,5,ep_poll
4924604969978388,3129414,qlever-server-d,S,0,21,228300194,374423766,1628,0,futex_do_wait
4924604969978388,3129415,qlever-server-d,S,0,14,148324715,346801268,1483,5,futex_do_wait
4924604969978388,3129416,qlever-server-d,R,0,13,134522485,344783313,1308,5,0
4924604969978388,3129417,qlever-server-d,S,1,16,177170440,386362279,1475,0,futex_do_wait
4924604969978388,3129418,qlever-server-d,S,0,19,201150610,335340893,1391,5,futex_do_wait
4924604969978388,3130333,qlever-server-d,S,0,0,1651402,69897258,57,5,futex_do_wait
4924604969978388,3130334,qlever-server-d,R,65,5,713623314,126773771,666,5,0
4924604969978388,0,__system__,-,1024885839,7867996036,0,0,0,-1,-
4924604989979489,3128855,qlever-server-d,S,936,1591,25279315500,30777902,1912,1,futex_do_wait
4924604989979489,3128859,qlever-server-d,S,0,0,3058403,3205591,27,13,futex_do_wait
4924604989979489,3129400,qlever-server-d,R,1277,10,12886523274,218855886,551,14,0
4924604989979489,3129401,qlever-server-d,R,1276,10,12872217238,225928338,481,4,0
4924604989979489,3129402,qlever-server-d,R,1277,14,12919888032,186622830,1056,7,0
4924604989979489,3129403,qlever-server-d,R,1281,13,12942591862,163527278,642,10,0
4924604989979489,3129404,qlever-server-d,R,1291,11,13032141848,76591255,583,3,0
4924604989979489,3129405,qlever-server-d,R,1291,10,13014084759,92212711,599,1,0
4924604989979489,3129406,qlever-server-d,R,1280,11,12919930272,178239565,604,6,0
4924604989979489,3129407,qlever-server-d,R,1280,10,12905064037,211920720,535,11,0
4924604989979489,3129408,qlever-server-d,S,0,0,15360,0,1,13,futex_do_wait
4924604989979489,3129409,qlever-server-d,S,0,0,163781,0,5,12,ep_poll
4924604989979489,3129410,qlever-server-d,S,0,0,435510,20000,10,3,futex_do_wait
4924604989979489,3129411,qlever-server-d,S,1,14,165633464,360482179,1449,5,futex_do_wait
4924604989979489,3129412,qlever-server-d,S,0,15,163447624,348990906,1343,5,futex_do_wait
4924604989979489,3129413,qlever-server-d,S,0,14,155242065,380135350,1467,5,ep_poll
4924604989979489,3129414,qlever-server-d,S,0,21,228363734,377526178,1630,5,futex_do_wait
4924604989979489,3129415,qlever-server-d,S,0,14,148343385,346999568,1484,5,futex_do_wait
4924604989979489,3129416,qlever-server-d,S,0,13,134551605,345792374,1310,5,futex_do_wait
4924604989979489,3129417,qlever-server-d,S,1,16,177205350,386791259,1477,5,futex_do_wait
4924604989979489,3129418,qlever-server-d,S,0,19,202613800,338373945,1396,5,futex_do_wait
4924604989979489,3130333,qlever-server-d,S,0,0,1651402,69897258,57,5,futex_do_wait
4924604989979489,3130334,qlever-server-d,R,67,5,731684935,128426691,669,5,0
4924604989979489,0,__system__,-,1024885869,7867996067,0,0,0,-1,-
4924605009982410,3128855,qlever-server-d,S,936,1591,25279315500,30777902,1912,1,futex_do_wait
4924605009982410,3128859,qlever-server-d,S,0,0,3058403,3205591,27,13,futex_do_wait
4924605009982410,3129400,qlever-server-d,R,1279,10,12906409715,218896096,552,14,0
4924605009982410,3129401,qlever-server-d,R,1278,10,12892215039,225928338,481,4,0
4924605009982410,3129402,qlever-server-d,R,1279,14,12939886403,186622830,1056,7,0
4924605009982410,3129403,qlever-server-d,R,1283,13,12962592283,163527278,642,10,0
4924605009982410,3129404,qlever-server-d,R,1293,11,13052043799,76687505,585,3,0
4924605009982410,3129405,qlever-server-d,R,1293,10,13034084830,92212711,599,1,0
4924605009982410,3129406,qlever-server-d,R,1282,11,12939927643,178239565,604,6,0
4924605009982410,3129407,qlever-server-d,R,1282,10,12925064288,211920720,535,11,0
4924605009982410,3129408,qlever-server-d,S,0,0,15360,0,1,13,futex_do_wait
4924605009982410,3129409,qlever-server-d,S,0,0,163781,0,5,12,ep_poll
4924605009982410,3129410,qlever-server-d,S,0,0,435510,20000,10,3,futex_do_wait
4924605009982410,3129411,qlever-server-d,S,1,14,165708724,360833519,1453,5,futex_do_wait
4924605009982410,3129412,qlever-server-d,S,0,15,163884715,349336036,1348,5,futex_do_wait
4924605009982410,3129413,qlever-server-d,S,0,14,155242065,380135350,1467,5,ep_poll
4924605009982410,3129414,qlever-server-d,S,0,22,228400664,377541378,1633,5,futex_do_wait
4924605009982410,3129415,qlever-server-d,S,0,14,148802075,348775829,1489,5,futex_do_wait
4924605009982410,3129416,qlever-server-d,S,0,13,135298235,346234835,1316,5,futex_do_wait
4924605009982410,3129417,qlever-server-d,S,1,16,177506990,386805139,1482,5,futex_do_wait
4924605009982410,3129418,qlever-server-d,S,0,19,202977350,339383106,1400,5,futex_do_wait
4924605009982410,3130333,qlever-server-d,S,0,0,1701042,69900358,58,5,futex_do_wait
4924605009982410,3130334,qlever-server-d,R,69,5,748351404,131763243,678,5,0
4924605009982410,0,__system__,-,1024885900,7867996099,0,0,0,-1,-
4924605030064120,3128855,qlever-server-d,S,936,1591,25279315500,30777902,1912,1,futex_do_wait
4924605030064120,3128859,qlever-server-d,S,0,0,3058403,3205591,27,13,futex_do_wait
4924605030064120,3129400,qlever-server-d,R,1281,10,12926407176,218896096,552,14,0
4924605030064120,3129401,qlever-server-d,R,1280,10,12912214560,225928338,481,4,0
4924605030064120,3129402,qlever-server-d,R,1281,14,12959885264,186622830,1056,7,0
4924605030064120,3129403,qlever-server-d,R,1285,13,12982592294,163527278,642,10,0
4924605030064120,3129404,qlever-server-d,R,1295,11,13072043180,76687505,585,3,0
4924605030064120,3129405,qlever-server-d,R,1295,10,13054334411,92212711,599,1,0
4924605030064120,3129406,qlever-server-d,R,1284,11,12959928354,178239565,604,6,0
4924605030064120,3129407,qlever-server-d,R,1284,10,12945063709,211920720,535,11,0
4924605030064120,3129408,qlever-server-d,S,0,0,15360,0,1,13,futex_do_wait
4924605030064120,3129409,qlever-server-d,S,0,0,163781,0,5,12,ep_poll
4924605030064120,3129410,qlever-server-d,S,0,0,435510,20000,10,3,futex_do_wait
4924605030064120,3129411,qlever-server-d,S,1,14,165730564,361879830,1454,5,futex_do_wait
4924605030064120,3129412,qlever-server-d,S,0,15,163906315,350730697,1349,5,futex_do_wait
4924605030064120,3129413,qlever-server-d,S,0,14,155242065,380135350,1467,5,ep_poll
4924605030064120,3129414,qlever-server-d,S,0,22,228418194,378881519,1634,5,futex_do_wait
4924605030064120,3129415,qlever-server-d,S,0,14,148834945,349470000,1491,5,futex_do_wait
4924605030064120,3129416,qlever-server-d,S,0,13,135312875,347092096,1317,5,futex_do_wait
4924605030064120,3129417,qlever-server-d,S,1,16,179735751,389749261,1485,5,futex_do_wait
4924605030064120,3129418,qlever-server-d,S,0,19,203016190,340089297,1402,5,futex_do_wait
4924605030064120,3130333,qlever-server-d,S,0,0,1701042,69900358,58,5,futex_do_wait
4924605030064120,3130334,qlever-server-d,R,71,5,765973694,134139324,680,5,0
4924605030064120,0,__system__,-,1024885930,7867996131,0,0,0,-1,-
4924605050069491,3128855,qlever-server-d,S,936,1591,25279315500,30777902,1912,1,futex_do_wait
4924605050069491,3128859,qlever-server-d,S,0,0,3058403,3205591,27,13,futex_do_wait
4924605050069491,3129400,qlever-server-d,R,1283,10,12946409257,218896096,552,14,0
4924605050069491,3129401,qlever-server-d,R,1282,10,12932214791,225928338,481,4,0
4924605050069491,3129402,qlever-server-d,R,1283,14,12979858225,186651420,1057,7,0
4924605050069491,3129403,qlever-server-d,R,1287,13,13002592935,163527278,642,10,0
4924605050069491,3129404,qlever-server-d,R,1297,11,13092042761,76687505,585,3,0
4924605050069491,3129405,qlever-server-d,R,1297,10,13074084162,92212711,599,1,0
4924605050069491,3129406,qlever-server-d,R,1286,11,12979766885,178401265,606,6,0
4924605050069491,3129407,qlever-server-d,R,1286,10,12965063200,211920720,535,11,0
4924605050069491,3129408,qlever-server-d,S,0,0,15360,0,1,13,futex_do_wait
4924605050069491,3129409,qlever-server-d,S,0,0,163781,0,5,12,ep_poll
4924605050069491,3129410,qlever-server-d,S,0,0,435510,20000,10,3,futex_do_wait
4924605050069491,3129411,qlever-server-d,S,1,14,165758554,361885930,1456,5,futex_do_wait
4924605050069491,3129412,qlever-server-d,S,0,15,163935705,350742577,1351,5,futex_do_wait
4924605050069491,3129413,qlever-server-d,S,0,14,155242065,380135350,1467,5,ep_poll
4924605050069491,3129414,qlever-server-d,S,0,22,229068855,378916389,1637,5,futex_do_wait
4924605050069491,3129415,qlever-server-d,S,0,14,148865045,349698200,1493,5,futex_do_wait
4924605050069491,3129416,qlever-server-d,S,0,13,135328295,347637547,1318,5,futex_do_wait
4924605050069491,3129417,qlever-server-d,S,1,16,179977061,390797742,1488,5,futex_do_wait
4924605050069491,3129418,qlever-server-d,R,0,19,203516980,340491778,1405,5,0
4924605050069491,3130333,qlever-server-d,S,0,0,1701042,69900358,58,5,futex_do_wait
4924605050069491,3130334,qlever-server-d,R,73,5,784478064,135634985,683,5,0
4924605050069491,0,__system__,-,1024885958,7867996162,0,0,0,-1,-
4924605070753077,3128855,qlever-server-d,S,936,1591,25279315500,30777902,1912,1,futex_do_wait
4924605070753077,3128859,qlever-server-d,S,0,0,3058403,3205591,27,13,futex_do_wait
4924605070753077,3129400,qlever-server-d,R,1285,10,12967408429,218896096,552,14,0
4924605070753077,3129401,qlever-server-d,R,1285,10,12953216503,225928338,481,4,0
4924605070753077,3129402,qlever-server-d,R,1285,14,13000820967,186688720,1058,7,0
4924605070753077,3129403,qlever-server-d,R,1289,13,13023592767,163527278,642,10,0
4924605070753077,3129404,qlever-server-d,R,1299,11,13113044213,76687505,585,3,0
4924605070753077,3129405,qlever-server-d,R,1299,10,13095085344,92212711,599,1,0
4924605070753077,3129406,qlever-server-d,R,1288,11,13000767687,178401265,606,6,0
4924605070753077,3129407,qlever-server-d,R,1288,10,12986064172,211920720,535,11,0
4924605070753077,3129408,qlever-server-d,S,0,0,15360,0,1,13,futex_do_wait
4924605070753077,3129409,qlever-server-d,S,0,0,163781,0,5,12,ep_poll
4924605070753077,3129410,qlever-server-d,S,0,0,435510,20000,10,3,futex_do_wait
4924605070753077,3129411,qlever-server-d,S,1,14,165772284,362358660,1457,5,futex_do_wait
4924605070753077,3129412,qlever-server-d,S,0,15,163953185,350750057,1352,5,futex_do_wait
4924605070753077,3129413,qlever-server-d,S,0,14,155242065,380135350,1467,5,ep_poll
4924605070753077,3129414,qlever-server-d,S,0,22,229082525,379421689,1638,5,futex_do_wait
4924605070753077,3129415,qlever-server-d,S,0,14,148891085,349702870,1494,5,futex_do_wait
4924605070753077,3129416,qlever-server-d,R,0,13,135596225,347907938,1320,5,0
4924605070753077,3129417,qlever-server-d,S,1,16,179990201,391051632,1489,5,futex_do_wait
4924605070753077,3129418,qlever-server-d,R,0,19,204584551,343599179,1409,5,0
4924605070753077,3130333,qlever-server-d,S,0,0,1742922,69906338,59,5,futex_do_wait
4924605070753077,3130334,qlever-server-d,R,75,5,803866964,136825256,686,5,0
4924605070753077,0,__system__,-,1024885989,7867996197,0,0,0,-1,-
4924605090086603,3128855,qlever-server-d,S,936,1591,25279315500,30777902,1912,1,futex_do_wait
4924605090086603,3128859,qlever-server-d,S,0,0,3058403,3205591,27,13,futex_do_wait
4924605090086603,3129400,qlever-server-d,R,1287,10,12986407710,218896096,552,14,0
4924605090086603,3129401,qlever-server-d,R,1286,10,12972214374,225928338,481,4,0
4924605090086603,3129402,qlever-server-d,R,1287,14,13019819618,186688720,1058,7,0
4924605090086603,3129403,qlever-server-d,R,1291,13,13042593548,163527278,642,10,0
4924605090086603,3129404,qlever-server-d,R,1301,11,13132045194,76687505,585,3,0
4924605090086603,3129405,qlever-server-d,R,1301,10,13114086275,92212711,599,1,0
4924605090086603,3129406,qlever-server-d,R,1290,11,13019766638,178401265,606,6,0
4924605090086603,3129407,qlever-server-d,R,1290,10,13005065583,211920720,535,11,0
4924605090086603,3129408,qlever-server-d,S,0,0,15360,0,1,13,futex_do_wait
4924605090086603,3129409,qlever-server-d,S,0,0,163781,0,5,12,ep_poll
4924605090086603,3129410,qlever-server-d,S,0,0,435510,20000,10,3,futex_do_wait
4924605090086603,3129411,qlever-server-d,S,1,14,165813824,362366680,1460,5,futex_do_wait
4924605090086603,3129412,qlever-server-d,S,0,15,164014355,351675328,1355,5,futex_do_wait
4924605090086603,3129413,qlever-server-d,S,0,14,155242065,380135350,1467,5,ep_poll
4924605090086603,3129414,qlever-server-d,S,0,22,229107945,380202859,1640,5,futex_do_wait
4924605090086603,3129415,qlever-server-d,S,0,14,148918595,350450320,1496,5,futex_do_wait
4924605090086603,3129416,qlever-server-d,S,0,13,136177736,349506309,1324,12,futex_do_wait
4924605090086603,3129417,qlever-server-d,S,1,16,180936721,392023273,1494,5,futex_do_wait
4924605090086603,3129418,qlever-server-d,S,0,19,204611871,345010490,1411,5,futex_do_wait
4924605090086603,3130333,qlever-server-d,S,0,0,1742922,69906338,59,5,futex_do_wait
4924605090086603,3130334,qlever-server-d,R,76,5,819817223,139289178,687,12,0
4924605090086603,0,__system__,-,1024886016,7867996228,0,0,0,-1,-
4924605110093394,3128855,qlever-server-d,S,936,1591,25279315500,30777902,1912,1,futex_do_wait
4924605110093394,3128859,qlever-server-d,S,0,0,3058403,3205591,27,13,futex_do_wait
4924605110093394,3129400,qlever-server-d,R,1289,10,13006408631,218896096,552,14,0
4924605110093394,3129401,qlever-server-d,R,1288,10,12992215105,225928338,481,4,0
4924605110093394,3129402,qlever-server-d,R,1289,14,13039821459,186688720,1058,7,0
4924605110093394,3129403,qlever-server-d,R,1293,13,13062592769,163527278,642,10,0
4924605110093394,3129404,qlever-server-d,R,1303,11,13151951795,76780355,587,3,0
4924605110093394,3129405,qlever-server-d,R,1303,10,13134087026,92212711,599,1,0
4924605110093394,3129406,qlever-server-d,R,1292,11,13039768039,178401265,606,6,0
4924605110093394,3129407,qlever-server-d,R,1292,10,13025065164,211920720,535,11,0
4924605110093394,3129408,qlever-server-d,S,0,0,15360,0,1,13,futex_do_wait
4924605110093394,3129409,qlever-server-d,S,0,0,163781,0,5,12,ep_poll
4924605110093394,3129410,qlever-server-d,S,0,0,435510,20000,10,3,futex_do_wait
4924605110093394,3129411,qlever-server-d,S,1,15,167357755,362383020,1464,13,futex_do_wait
4924605110093394,3129412,qlever-server-d,S,0,15,164388795,351926868,1361,13,futex_do_wait
4924605110093394,3129413,qlever-server-d,S,0,14,155242065,380135350,1467,5,ep_poll
4924605110093394,3129414,qlever-server-d,S,0,22,229559136,381621390,1645,5,futex_do_wait
4924605110093394,3129415,qlever-server-d,S,0,14,149001435,351575811,1500,5,futex_do_wait
4924605110093394,3129416,qlever-server-d,S,0,13,136919256,349894619,1329,13,futex_do_wait
4924605110093394,3129417,qlever-server-d,S,1,16,180963021,392641063,1496,5,futex_do_wait
4924605110093394,3129418,qlever-server-d,S,0,19,204672641,345740102,1415,5,futex_do_wait
4924605110093394,3130333,qlever-server-d,S,0,0,1769152,70130478,60,5,futex_do_wait
4924605110093394,3130334,qlever-server-d,R,78,5,838319244,140788078,689,12,0
4924605110093394,0,__system__,-,1024886044,7867996259,0,0,0,-1,-
4924605130089935,3128855,qlever-server-d,S,936,1591,25279315500,30777902,1912,1,futex_do_wait
4924605130089935,3128859,qlever-server-d,S,0,0,3058403,3205591,27,13,futex_do_wait
4924605130089935,3129400,qlever-server-d,R,1291,10,13026389292,218915536,553,14,0
4924605130089935,3129401,qlever-server-d,R,1290,10,13012198576,225944668,482,4,0
4924605130089935,3129402,qlever-server-d,R,1291,14,13059708740,186800760,1059,7,0
4924605130089935,3129403,qlever-server-d,R,1295,13,13082575000,163545498,643,10,0
4924605130089935,3129404,qlever-server-d,R,1305,11,13171932836,76799095,588,3,0
4924605130089935,3129405,qlever-server-d,R,1305,10,13154066807,92231641,600,1,0
4924605130089935,3129406,qlever-server-d,R,1294,11,13059747580,178420575,607,6,0
4924605130089935,3129407,qlever-server-d,R,1294,10,13045045905,211939580,536,11,0
4924605130089935,3129408,qlever-server-d,S,0,0,15360,0,1,13,futex_do_wait
4924605130089935,3129409,qlever-server-d,S,0,0,163781,0,5,12,ep_poll
4924605130089935,3129410,qlever-server-d,S,0,0,435510,20000,10,3,futex_do_wait
4924605130089935,3129411,qlever-server-d,S,1,15,167721455,363290941,1469,0,futex_do_wait
4924605130089935,3129412,qlever-server-d,S,0,15,164426725,353113739,1363,5,futex_do_wait
4924605130089935,3129413,qlever-server-d,S,0,14,155242065,380135350,1467,5,ep_poll
4924605130089935,3129414,qlever-server-d,S,0,22,229641686,381633750,1648,5,futex_do_wait
4924605130089935,3129415,qlever-server-d,S,0,14,149291575,352108831,1503,5,futex_do_wait
4924605130089935,3129416,qlever-server-d,S,0,13,136971806,350605880,1331,5,futex_do_wait
4924605130089935,3129417,qlever-server-d,S,1,16,182934262,393034953,1500,5,futex_do_wait
4924605130089935,3129418,qlever-server-d,S,0,19,204708351,346072732,1417,5,futex_do_wait
4924605130089935,3130333,qlever-server-d,S,0,0,1769152,70130478,60,5,futex_do_wait
4924605130089935,3130334,qlever-server-d,R,80,5,856744755,142359538,692,12,0
4924605130089935,0,__system__,-,1024886072,7867996290,0,0,0,-1,-
4924605150086186,3128855,qlever-server-d,S,936,1591,25279315500,30777902,1912,1,futex_do_wait
4924605150086186,3128859,qlever-server-d,S,0,0,3058403,3205591,27,13,futex_do_wait
4924605150086186,3129400,qlever-server-d,R,1293,10,13046389343,218915536,553,14,0
4924605150086186,3129401,qlever-server-d,R,1292,10,13032199797,225944668,482,4,0
4924605150086186,3129402,qlever-server-d,R,1293,14,13079708651,186800760,1059,7,0
4924605150086186,3129403,qlever-server-d,R,1296,13,13102575631,163545498,643,10,0
4924605150086186,3129404,qlever-server-d,R,1307,11,13191933237,76799095,588,3,0
4924605150086186,3129405,qlever-server-d,R,1307,10,13174067848,92231641,600,1,0
4924605150086186,3129406,qlever-server-d,R,1296,11,13079651331,178517725,608,6,0
4924605150086186,3129407,qlever-server-d,R,1296,10,13065046356,211939580,536,11,0
4924605150086186,3129408,qlever-server-d,S,0,0,15360,0,1,13,futex_do_wait
4924605150086186,3129409,qlever-server-d,S,0,0,163781,0,5,12,ep_poll
4924605150086186,3129410,qlever-server-d,S,0,0,435510,20000,10,3,futex_do_wait
4924605150086186,3129411,qlever-server-d,S,1,15,167947425,363620411,1474,5,futex_do_wait
4924605150086186,3129412,qlever-server-d,S,0,15,165785157,354626899,1370,5,futex_do_wait
4924605150086186,3129413,qlever-server-d,S,0,14,155242065,380135350,1467,5,ep_poll
4924605150086186,3129414,qlever-server-d,S,0,22,229692806,381677380,1651,5,futex_do_wait
4924605150086186,3129415,qlever-server-d,S,0,14,149594715,353154522,1507,5,futex_do_wait
4924605150086186,3129416,qlever-server-d,S,0,13,137042076,351455071,1334,5,futex_do_wait
4924605150086186,3129417,qlever-server-d,S,1,16,182960272,393342673,1502,5,futex_do_wait
4924605150086186,3129418,qlever-server-d,S,0,19,204742681,346608952,1419,5,futex_do_wait
4924605150086186,3130333,qlever-server-d,S,0,0,1769152,70130478,60,5,futex_do_wait
4924605150086186,3130334,qlever-server-d,R,82,5,875175575,143931489,694,12,0
4924605150086186,0,__system__,-,1024886104,7867996324,0,0,0,-1,-
4924605169982827,3128855,qlever-server-d,S,936,1591,25279315500,30777902,1912,1,futex_do_wait
4924605169982827,3128859,qlever-server-d,S,0,0,3058403,3205591,27,13,futex_do_wait
4924605169982827,3129400,qlever-server-d,R,1295,10,13066389654,218915536,553,14,0
4924605169982827,3129401,qlever-server-d,R,1294,10,13052200068,225944668,482,4,0
4924605169982827,3129402,qlever-server-d,R,1295,14,13099708542,186800760,1059,7,0
4924605169982827,3129403,qlever-server-d,R,1298,13,13122574982,163545498,643,10,0
4924605169982827,3129404,qlever-server-d,R,1309,11,13211933058,76799095,588,3,0
4924605169982827,3129405,qlever-server-d,R,1309,10,13194066799,92231641,600,1,0
4924605169982827,3129406,qlever-server-d,R,1298,11,13099651762,178517725,608,6,0
4924605169982827,3129407,qlever-server-d,R,1298,10,13085046287,211939580,536,11,0
4924605169982827,3129408,qlever-server-d,S,0,0,15360,0,1,13,futex_do_wait
4924605169982827,3129409,qlever-server-d,S,0,0,163781,0,5,12,ep_poll
4924605169982827,3129410,qlever-server-d,S,0,0,435510,20000,10,3,futex_do_wait
4924605169982827,3129411,qlever-server-d,S,1,15,167947425,363620411,1474,5,futex_do_wait
4924605169982827,3129412,qlever-server-d,S,0,15,165785157,354626899,1370,5,futex_do_wait
4924605169982827,3129413,qlever-server-d,S,0,14,155242065,380135350,1467,5,ep_poll
4924605169982827,3129414,qlever-server-d,S,0,22,229692806,381677380,1651,5,futex_do_wait
4924605169982827,3129415,qlever-server-d,S,0,14,149606015,353164362,1508,5,futex_do_wait
4924605169982827,3129416,qlever-server-d,S,0,13,137471687,351466481,1337,12,0
4924605169982827,3129417,qlever-server-d,S,1,16,182960272,393342673,1502,5,futex_do_wait
4924605169982827,3129418,qlever-server-d,S,0,19,204757711,346615522,1420,5,futex_do_wait
4924605169982827,3130333,qlever-server-d,S,0,0,1802262,70130478,61,5,futex_do_wait
4924605169982827,3130334,qlever-server-d,R,84,5,894838065,146007791,699,12,0
4924605169982827,0,__system__,-,1024886131,7867996354,0,0,0,-1,-
4924605189970798,3128855,qlever-server-d,S,936,1591,25279315500,30777902,1912,1,futex_do_wait
4924605189970798,3128859,qlever-server-d,S,0,0,3058403,3205591,27,13,futex_do_wait
4924605189970798,3129400,qlever-server-d,R,1297,10,13086389685,218915536,553,14,0
4924605189970798,3129401,qlever-server-d,R,1296,10,13072199239,225944668,482,4,0
4924605189970798,3129402,qlever-server-d,R,1297,14,13119708853,186800760,1059,7,0
4924605189970798,3129403,qlever-server-d,R,1300,13,13142576303,163545498,643,10,0
4924605189970798,3129404,qlever-server-d,R,1311,11,13231933259,76799095,588,3,0
4924605189970798,3129405,qlever-server-d,R,1311,10,13214067940,92231641,600,1,0
4924605189970798,3129406,qlever-server-d,R,1300,11,13119651333,178517725,608,6,0
4924605189970798,3129407,qlever-server-d,R,1300,10,13105047068,211939580,536,11,0
4924605189970798,3129408,qlever-server-d,S,0,0,15360,0,1,13,futex_do_wait
4924605189970798,3129409,qlever-server-d,S,0,0,163781,0,5,12,ep_poll
4924605189970798,3129410,qlever-server-d,S,0,0,435510,20000,10,3,futex_do_wait
4924605189970798,3129411,qlever-server-d,S,1,15,167957425,363624721,1475,5,futex_do_wait
4924605189970798,3129412,qlever-server-d,S,0,15,165807657,354715719,1372,5,futex_do_wait
4924605189970798,3129413,qlever-server-d,S,0,14,155242065,380135350,1467,5,ep_poll
4924605189970798,3129414,qlever-server-d,S,0,22,229714256,381684350,1653,5,futex_do_wait
4924605189970798,3129415,qlever-server-d,S,0,14,149617255,353167782,1509,5,futex_do_wait
4924605189970798,3129416,qlever-server-d,S,0,13,138801837,351964822,1341,12,futex_do_wait
4924605189970798,3129417,qlever-server-d,S,1,16,182970902,393345253,1503,5,futex_do_wait
4924605189970798,3129418,qlever-server-d,S,0,19,204768551,346618612,1421,5,futex_do_wait
4924605189970798,3130333,qlever-server-d,S,0,0,1802262,70130478,61,5,futex_do_wait
4924605189970798,3130334,qlever-server-d,R,85,5,912906056,147198831,703,12,0
4924605189970798,0,__system__,-,1024886159,7867996385,0,0,0,-1,-
4924605210734983,3128855,qlever-server-d,S,936,1591,25279315500,30777902,1912,1,futex_do_wait
4924605210734983,3128859,qlever-server-d,S,0,0,3058403,3205591,27,13,futex_do_wait
4924605210734983,3129400,qlever-server-d,R,1299,10,13107389407,218915536,553,14,0
4924605210734983,3129401,qlever-server-d,R,1299,10,13093199461,225944668,482,4,0
4924605210734983,3129402,qlever-server-d,R,1299,14,13140708595,186800760,1059,7,0
4924605210734983,3129403,qlever-server-d,R,1303,13,13163574345,163545498,643,10,0
4924605210734983,3129404,qlever-server-d,R,1313,11,13252852081,76879875,590,3,0
4924605210734983,3129405,qlever-server-d,R,1313,10,13235067472,92231641,600,1,0
4924605210734983,3129406,qlever-server-d,R,1302,11,13140651525,178517725,608,6,0
4924605210734983,3129407,qlever-server-d,R,1302,10,13126045970,211939580,536,11,0
4924605210734983,3129408,qlever-server-d,S,0,0,15360,0,1,13,futex_do_wait
4924605210734983,3129409,qlever-server-d,S,0,0,163781,0,5,12,ep_poll
4924605210734983,3129410,qlever-server-d,S,0,0,435510,20000,10,3,futex_do_wait
4924605210734983,3129411,qlever-server-d,S,1,15,167984555,364069531,1477,12,futex_do_wait
4924605210734983,3129412,qlever-server-d,S,0,15,165819117,354715719,1373,13,futex_do_wait
4924605210734983,3129413,qlever-server-d,S,0,14,155242065,380135350,1467,5,ep_poll
4924605210734983,3129414,qlever-server-d,S,0,22,229726706,381684350,1654,13,futex_do_wait
4924605210734983,3129415,qlever-server-d,S,0,14,149650485,353174372,1511,13,futex_do_wait
4924605210734983,3129416,qlever-server-d,S,0,13,140828419,355007373,1343,12,futex_do_wait
4924605210734983,3129417,qlever-server-d,S,1,16,183001042,394171333,1505,12,futex_do_wait
4924605210734983,3129418,qlever-server-d,S,0,19,204810041,347171262,1423,12,futex_do_wait
4924605210734983,3130333,qlever-server-d,R,0,0,1802262,70130478,61,5,0
4924605210734983,3130334,qlever-server-d,R,87,5,931779435,149324173,705,12,0
4924605210734983,0,__system__,-,1024886188,7867996418,0,0,0,-1,-
4924605229979510,3128855,qlever-server-d,S,936,1591,25279315500,30777902,1912,1,futex_do_wait
4924605229979510,3128859,qlever-server-d,S,0,0,3058403,3205591,27,13,futex_do_wait
4924605229979510,3129400,qlever-server-d,R,1301,10,13126389977,218915536,553,14,0
4924605229979510,3129401,qlever-server-d,R,1300,10,13112200261,225944668,482,4,0
4924605229979510,3129402,qlever-server-d,R,1301,14,13159711135,186800760,1059,7,0
4924605229979510,3129403,qlever-server-d,R,1304,13,13182574365,163545498,643,10,0
4924605229979510,3129404,qlever-server-d,R,1315,11,13271852171,76879875,590,3,0
4924605229979510,3129405,qlever-server-d,R,1315,10,13254067032,92231641,600,1,0
4924605229979510,3129406,qlever-server-d,R,1304,11,13159651945,178517725,608,6,0
4924605229979510,3129407,qlever-server-d,R,1304,10,13145003110,211982620,537,11,0
4924605229979510,3129408,qlever-server-d,S,0,0,15360,0,1,13,futex_do_wait
4924605229979510,3129409,qlever-server-d,S,0,0,163781,0,5,12,ep_poll
4924605229979510,3129410,qlever-server-d,S,0,0,435510,20000,10,3,futex_do_wait
4924605229979510,3129411,qlever-server-d,S,1,15,168017725,364079361,1479,0,futex_do_wait
4924605229979510,3129412,qlever-server-d,S,0,15,165857067,355927889,1375,0,futex_do_wait
4924605229979510,3129413,qlever-server-d,S,0,14,155242065,380135350,1467,5,ep_poll
4924605229979510,3129414,qlever-server-d,S,0,22,229797816,382008701,1658,12,futex_do_wait
4924605229979510,3129415,qlever-server-d,S,0,14,150041696,354413963,1513,0,futex_do_wait
4924605229979510,3129416,qlever-server-d,S,0,13,142755711,356609574,1351,0,futex_do_wait
4924605229979510,3129417,qlever-server-d,S,1,16,183030982,394378193,1507,0,futex_do_wait
4924605229979510,3129418,qlever-server-d,S,0,19,204867971,347348782,1426,0,futex_do_wait
4924605229979510,3130333,qlever-server-d,S,0,0,1831042,72352199,62,5,futex_do_wait
4924605229979510,3130334,qlever-server-d,R,89,5,950227615,149877074,712,12,0
4924605229979510,0,__system__,-,1024886216,7867996449,0,0,0,-1,-
4924605257472095,3128855,qlever-server-d,S,936,1591,25279315500,30777902,1912,1,futex_do_wait
4924605257472095,3128859,qlever-server-d,S,0,0,3058403,3205591,27,13,futex_do_wait
4924605257472095,3129400,qlever-server-d,R,1304,10,13153390482,218915536,553,14,0
4924605257472095,3129401,qlever-server-d,R,1303,10,13139169256,225975378,483,4,0
4924605257472095,3129402,qlever-server-d,R,1304,14,13186710040,186800760,1059,7,0
4924605257472095,3129403,qlever-server-d,R,1307,13,13209575650,163545498,643,10,0
4924605257472095,3129404,qlever-server-d,R,1317,11,13298853306,76879875,590,3,0
4924605257472095,3129405,qlever-server-d,R,1317,10,13281018897,92280911,601,1,0
4924605257472095,3129406,qlever-server-d,R,1307,11,13187652551,178517725,608,6,0
4924605257472095,3129407,qlever-server-d,R,1306,10,13173004156,211982620,537,11,0
4924605257472095,3129408,qlever-server-d,S,0,0,15360,0,1,13,futex_do_wait
4924605257472095,3129409,qlever-server-d,S,0,0,163781,0,5,12,ep_poll
4924605257472095,3129410,qlever-server-d,S,0,0,435510,20000,10,3,futex_do_wait
4924605257472095,3129411,qlever-server-d,S,1,15,168062435,364533001,1481,12,futex_do_wait
4924605257472095,3129412,qlever-server-d,S,0,15,166436048,355953249,1378,12,futex_do_wait
4924605257472095,3129413,qlever-server-d,S,0,14,155242065,380135350,1467,5,ep_poll
4924605257472095,3129414,qlever-server-d,S,0,22,229824236,382016001,1659,12,futex_do_wait
4924605257472095,3129415,qlever-server-d,S,0,14,151600626,356713945,1517,12,futex_do_wait
4924605257472095,3129416,qlever-server-d,S,0,13,142781001,356633444,1353,12,futex_do_wait
4924605257472095,3129417,qlever-server-d,S,1,16,183075942,394730794,1509,12,futex_do_wait
4924605257472095,3129418,qlever-server-d,S,0,19,204893781,347363882,1428,12,futex_do_wait
4924605257472095,3130333,qlever-server-d,S,0,0,1831042,72352199,62,5,futex_do_wait
4924605257472095,3130334,qlever-server-d,R,92,5,976802410,151294354,715,8,0
4924605257472095,0,__system__,-,1024886256,7867996494,0,0,0,-1,-
4924605270931295,3128855,qlever-server-d,S,936,1591,25279315500,30777902,1912,1,futex_do_wait
4924605270931295,3128859,qlever-server-d,S,0,0,3058403,3205591,27,13,futex_do_wait
4924605270931295,3129400,qlever-server-d,R,1305,10,13167390270,218915536,553,14,0
4924605270931295,3129401,qlever-server-d,R,1305,10,13153170114,225975378,483,4,0
4924605270931295,3129402,qlever-server-d,R,1305,14,13200709268,186800760,1059,7,0
4924605270931295,3129403,qlever-server-d,R,1309,13,13223545828,163575458,644,10,0
4924605270931295,3129404,qlever-server-d,R,1319,11,13312852764,76879875,590,3,0
4924605270931295,3129405,qlever-server-d,R,1319,10,13295018245,92280911,601,1,0
4924605270931295,3129406,qlever-server-d,R,1308,11,13200652598,178517725,608,6,0
4924605270931295,3129407,qlever-server-d,R,1308,10,13185964933,211990520,538,11,0
4924605270931295,3129408,qlever-server-d,S,0,0,15360,0,1,13,futex_do_wait
4924605270931295,3129409,qlever-server-d,S,0,0,163781,0,5,12,ep_poll
4924605270931295,3129410,qlever-server-d,S,0,0,435510,20000,10,3,futex_do_wait
4924605270931295,3129411,qlever-server-d,S,1,15,168118315,365392651,1483,12,futex_do_wait
4924605270931295,3129412,qlever-server-d,S,0,15,168126680,358553860,1382,12,futex_do_wait
4924605270931295,3129413,qlever-server-d,S,0,14,155242065,380135350,1467,5,ep_poll
4924605270931295,3129414,qlever-server-d,S,0,22,229865386,382041671,1661,8,futex_do_wait
4924605270931295,3129415,qlever-server-d,S,0,14,151801976,357634086,1518,12,futex_do_wait
4924605270931295,3129416,qlever-server-d,S,0,13,142801511,358040545,1354,12,futex_do_wait
4924605270931295,3129417,qlever-server-d,S,1,16,183116732,395103864,1511,8,futex_do_wait
4924605270931295,3129418,qlever-server-d,R,0,19,204893781,347363882,1428,12,0
4924605270931295,3130333,qlever-server-d,S,0,0,1879752,76422831,63,2,futex_do_wait
4924605270931295,3130334,qlever-server-d,R,93,5,988806217,152290475,719,8,0
4924605270931295,0,__system__,-,1024886276,7867996515,0,0,0,-1,-
4924605289976853,3128855,qlever-server-d,S,936,1591,25279315500,30777902,1912,1,futex_do_wait
4924605289976853,3128859,qlever-server-d,S,0,0,3058403,3205591,27,13,futex_do_wait
4924605289976853,3129400,qlever-server-d,R,1307,10,13186390081,218915536,553,14,0
4924605289976853,3129401,qlever-server-d,R,1306,10,13172169605,225975378,483,4,0
4924605289976853,3129402,qlever-server-d,R,1307,14,13219709609,186800760,1059,7,0
4924605289976853,3129403,qlever-server-d,R,1310,13,13242548309,163575458,644,10,0
4924605289976853,3129404,qlever-server-d,R,1321,11,13331853515,76879875,590,3,0
4924605289976853,3129405,qlever-server-d,R,1321,10,13314019666,92280911,601,1,0
4924605289976853,3129406,qlever-server-d,R,1310,11,13219652199,178517725,608,6,0
4924605289976853,3129407,qlever-server-d,R,1310,10,13204965984,211990520,538,11,0
4924605289976853,3129408,qlever-server-d,S,0,0,15360,0,1,13,futex_do_wait
4924605289976853,3129409,qlever-server-d,S,0,0,163781,0,5,12,ep_poll
4924605289976853,3129410,qlever-server-d,S,0,0,435510,20000,10,3,futex_do_wait
4924605289976853,3129411,qlever-server-d,R,1,15,169280316,365407791,1488,8,0
4924605289976853,3129412,qlever-server-d,S,0,15,168171650,358567530,1384,12,futex_do_wait
4924605289976853,3129413,qlever-server-d,S,0,14,155242065,380135350,1467,5,ep_poll
4924605289976853,3129414,qlever-server-d,S,0,22,229923686,382056041,1663,8,futex_do_wait
4924605289976853,3129415,qlever-server-d,S,0,14,151865526,361642628,1521,2,futex_do_wait
4924605289976853,3129416,qlever-server-d,S,0,13,142818921,358049405,1355,2,futex_do_wait
4924605289976853,3129417,qlever-server-d,S,1,16,183163522,395121034,1513,2,futex_do_wait
4924605289976853,3129418,qlever-server-d,S,0,19,204940231,350301854,1430,12,futex_do_wait
4924605289976853,3130333,qlever-server-d,S,0,0,1879752,76422831,63,2,futex_do_wait
4924605289976853,3130334,qlever-server-d,R,95,5,1006876886,153226676,724,8,0
4924605289976853,0,__system__,-,1024886304,7867996545,0,0,0,-1,-
4924605309992154,3128855,qlever-server-d,S,936,1591,25279315500,30777902,1912,1,futex_do_wait
4924605309992154,3128859,qlever-server-d,S,0,0,3058403,3205591,27,13,futex_do_wait
4924605309992154,3129400,qlever-server-d,R,1309,10,13206391552,218915536,553,14,0
4924605309992154,3129401,qlever-server-d,R,1308,10,13192170516,225975378,483,4,0
4924605309992154,3129402,qlever-server-d,R,1309,14,13239656520,186855140,1060,7,0
4924605309992154,3129403,qlever-server-d,R,1312,13,13262546780,163575458,644,10,0
4924605309992154,3129404,qlever-server-d,R,1323,11,13351777006,76956095,592,3,0
4924605309992154,3129405,qlever-server-d,R,1323,10,13334019487,92280911,601,1,0
4924605309992154,3129406,qlever-server-d,R,1312,11,13239652690,178517725,608,6,0
4924605309992154,3129407,qlever-server-d,R,1312,10,13224965715,211990520,538,11,0
4924605309992154,3129408,qlever-server-d,S,0,0,15360,0,1,13,futex_do_wait
4924605309992154,3129409,qlever-server-d,S,0,0,163781,0,5,12,ep_poll
4924605309992154,3129410,qlever-server-d,S,0,0,435510,20000,10,3,futex_do_wait
4924605309992154,3129411,qlever-server-d,S,1,15,170672937,367372332,1489,8,futex_do_wait
4924605309992154,3129412,qlever-server-d,S,0,15,168181870,358576010,1385,12,futex_do_wait
4924605309992154,3129413,qlever-server-d,S,0,14,155242065,380135350,1467,5,ep_poll
4924605309992154,3129414,qlever-server-d,S,0,22,229943426,382276291,1664,8,futex_do_wait
4924605309992154,3129415,qlever-server-d,S,0,14,151881296,361642628,1522,2,futex_do_wait
4924605309992154,3129416,qlever-server-d,S,0,13,142839701,358049405,1356,2,futex_do_wait
4924605309992154,3129417,qlever-server-d,S,1,16,183178002,395121034,1514,2,futex_do_wait
4924605309992154,3129418,qlever-server-d,S,0,19,204960161,350311704,1431,12,futex_do_wait
4924605309992154,3130333,qlever-server-d,S,0,0,1879752,76422831,63,2,futex_do_wait
4924605309992154,3130334,qlever-server-d,R,97,5,1025276126,154819877,726,8,0
4924605309992154,0,__system__,-,1024886332,7867996577,0,0,0,-1,-
4924605330101134,3128855,qlever-server-d,S,936,1591,25279315500,30777902,1912,1,futex_do_wait
4924605330101134,3128859,qlever-server-d,S,0,0,3058403,3205591,27,13,futex_do_wait
4924605330101134,3129400,qlever-server-d,R,1311,10,13226390363,218915536,553,14,0
4924605330101134,3129401,qlever-server-d,R,1310,10,13212169617,225975378,483,4,0
4924605330101134,3129402,qlever-server-d,R,1311,14,13259655091,186855140,1060,7,0
4924605330101134,3129403,qlever-server-d,R,1314,13,13282546321,163575458,644,10,0
4924605330101134,3129404,qlever-server-d,R,1325,11,13371777567,76956095,592,3,0
4924605330101134,3129405,qlever-server-d,R,1325,10,13354318898,92280911,601,1,0
4924605330101134,3129406,qlever-server-d,R,1314,11,13259652311,178517725,608,6,0
4924605330101134,3129407,qlever-server-d,R,1314,10,13244966006,211990520,538,11,0
4924605330101134,3129408,qlever-server-d,S,0,0,15360,0,1,13,futex_do_wait
4924605330101134,3129409,qlever-server-d,S,0,0,163781,0,5,12,ep_poll
4924605330101134,3129410,qlever-server-d,S,0,0,435510,20000,10,3,futex_do_wait
4924605330101134,3129411,qlever-server-d,S,1,15,173231297,369368294,1496,8,futex_do_wait
4924605330101134,3129412,qlever-server-d,S,0,15,168209290,358586950,1387,12,futex_do_wait
4924605330101134,3129413,qlever-server-d,S,0,14,155242065,380135350,1467,5,ep_poll
4924605330101134,3129414,qlever-server-d,S,0,22,229987036,383114221,1666,8,futex_do_wait
4924605330101134,3129415,qlever-server-d,S,0,14,151949966,361683038,1525,12,futex_do_wait
4924605330101134,3129416,qlever-server-d,S,0,13,142883391,358707136,1358,8,futex_do_wait
4924605330101134,3129417,qlever-server-d,S,1,16,183192143,396204824,1515,8,futex_do_wait
4924605330101134,3129418,qlever-server-d,S,0,19,204996701,350329234,1434,8,futex_do_wait
4924605330101134,3130333,qlever-server-d,S,0,0,1897102,76920121,64,2,futex_do_wait
4924605330101134,3130334,qlever-server-d,R,98,5,1041820006,157272518,730,12,0
4924605330101134,0,__system__,-,1024886361,7867996610,0,0,0,-1,-
4924605350106215,3128855,qlever-server-d,S,936,1591,25279315500,30777902,1912,1,futex_do_wait
4924605350106215,3128859,qlever-server-d,S,0,0,3058403,3205591,27,13,futex_do_wait
4924605350106215,3129400,qlever-server-d,R,1313,10,13246311654,218994466,555,14,0
4924605350106215,3129401,qlever-server-d,R,1312,10,13232169558,225975378,483,4,0
4924605350106215,3129402,qlever-server-d,R,1313,14,13279655002,186855140,1060,7,0
4924605350106215,3129403,qlever-server-d,R,1316,13,13302547112,163575458,644,10,0
4924605350106215,3129404,qlever-server-d,R,1327,11,13391777928,76956095,592,3,0
4924605350106215,3129405,qlever-server-d,R,1327,10,13374020059,92280911,601,1,0
4924605350106215,3129406,qlever-server-d,R,1316,11,13279652332,178517725,608,6,0
4924605350106215,3129407,qlever-server-d,R,1316,10,13264966507,211990520,538,11,0
4924605350106215,3129408,qlever-server-d,S,0,0,15360,0,1,13,futex_do_wait
4924605350106215,3129409,qlever-server-d,S,0,0,163781,0,5,12,ep_poll
4924605350106215,3129410,qlever-server-d,S,0,0,435510,20000,10,3,futex_do_wait
4924605350106215,3129411,qlever-server-d,S,1,15,173262578,369600734,1498,2,futex_do_wait
4924605350106215,3129412,qlever-server-d,S,0,15,168247270,359243260,1390,2,futex_do_wait
4924605350106215,3129413,qlever-server-d,S,0,14,156133295,381619001,1469,2,futex_do_wait
4924605350106215,3129414,qlever-server-d,S,0,22,230397676,384722732,1671,2,futex_do_wait
4924605350106215,3129415,qlever-server-d,S,0,14,152661487,362190498,1526,12,futex_do_wait
4924605350106215,3129416,qlever-server-d,S,0,13,143903571,359404816,1364,2,futex_do_wait
4924605350106215,3129417,qlever-server-d,S,1,16,183277324,396271914,1519,2,futex_do_wait
4924605350106215,3129418,qlever-server-d,S,0,19,205059721,350337834,1437,2,ep_poll
4924605350106215,3130333,qlever-server-d,S,0,0,1897102,76920121,64,2,futex_do_wait
4924605350106215,3130334,qlever-server-d,R,100,5,1059638625,159454130,732,12,0
4924605350106215,0,__system__,-,1024886389,7867996641,0,0,0,-1,-
4924605370090086,3128855,qlever-server-d,S,936,1591,25279315500,30777902,1912,1,futex_do_wait
4924605370090086,3128859,qlever-server-d,S,0,0,3058403,3205591,27,13,futex_do_wait
4924605370090086,3129400,qlever-server-d,R,1315,10,13266278495,219027916,556,14,0
4924605370090086,3129401,qlever-server-d,R,1314,10,13252170269,225975378,483,4,0
4924605370090086,3129402,qlever-server-d,R,1315,14,13299655873,186855140,1060,7,0
4924605370090086,3129403,qlever-server-d,R,1318,13,13322546273,163575458,644,10,0
4924605370090086,3129404,qlever-server-d,R,1329,11,13411777399,76956095,592,3,0
4924605370090086,3129405,qlever-server-d,R,1329,10,13394019250,92280911,601,1,0
4924605370090086,3129406,qlever-server-d,R,1318,11,13299652933,178517725,608,6,0
4924605370090086,3129407,qlever-server-d,R,1318,10,13284966048,211990520,538,11,0
4924605370090086,3129408,qlever-server-d,S,0,0,15360,0,1,13,futex_do_wait
4924605370090086,3129409,qlever-server-d,S,0,0,163781,0,5,12,ep_poll
4924605370090086,3129410,qlever-server-d,S,0,0,435510,20000,10,3,futex_do_wait
4924605370090086,3129411,qlever-server-d,S,1,15,173285908,369614464,1500,2,futex_do_wait
4924605370090086,3129412,qlever-server-d,S,0,15,168257560,359247520,1391,2,futex_do_wait
4924605370090086,3129413,qlever-server-d,S,0,15,158528336,382380632,1470,12,futex_do_wait
4924605370090086,3129414,qlever-server-d,S,0,22,230418376,384735772,1673,2,futex_do_wait
4924605370090086,3129415,qlever-server-d,S,0,14,152705907,362345288,1528,2,futex_do_wait
4924605370090086,3129416,qlever-server-d,S,0,13,143925731,359414646,1366,2,futex_do_wait
4924605370090086,3129417,qlever-server-d,S,1,16,183289554,396271914,1520,2,futex_do_wait
4924605370090086,3129418,qlever-server-d,S,0,19,205059721,350337834,1437,2,ep_poll
4924605370090086,3130333,qlever-server-d,S,0,0,1923872,77478471,65,2,futex_do_wait
4924605370090086,3130334,qlever-server-d,R,102,5,1075664374,163427432,735,12,0
4924605370090086,0,__system__,-,1024886417,7867996673,0,0,0,-1,-
4924605390093047,3128855,qlever-server-d,S,936,1591,25279315500,30777902,1912,1,futex_do_wait
4924605390093047,3128859,qlever-server-d,S,0,0,3058403,3205591,27,13,futex_do_wait
4924605390093047,3129400,qlever-server-d,R,1317,10,13286278786,219027916,556,14,0
4924605390093047,3129401,qlever-server-d,R,1316,10,13271756710,226388718,484,4,0
4924605390093047,3129402,qlever-server-d,R,1317,14,13319558294,186953260,1062,7,0
4924605390093047,3129403,qlever-server-d,R,1320,13,13342548834,163575458,644,10,0
4924605390093047,3129404,qlever-server-d,R,1331,11,13431777840,76956095,592,3,0
4924605390093047,3129405,qlever-server-d,R,1331,10,13414021721,92280911,601,1,0
4924605390093047,3129406,qlever-server-d,R,1320,11,13319652754,178517725,608,6,0
4924605390093047,3129407,qlever-server-d,R,1320,10,13304966799,211990520,538,11,0
4924605390093047,3129408,qlever-server-d,S,0,0,15360,0,1,13,futex_do_wait
4924605390093047,3129409,qlever-server-d,S,0,0,163781,0,5,12,ep_poll
4924605390093047,3129410,qlever-server-d,S,0,0,435510,20000,10,3,futex_do_wait
4924605390093047,3129411,qlever-server-d,S,1,15,173317798,369625464,1502,2,futex_do_wait
4924605390093047,3129412,qlever-server-d,S,0,16,168303990,360077831,1393,12,futex_do_wait
4924605390093047,3129413,qlever-server-d,S,0,15,160996517,386074125,1474,4,futex_do_wait
4924605390093047,3129414,qlever-server-d,S,0,22,230454456,384750492,1675,12,futex_do_wait
4924605390093047,3129415,qlever-server-d,S,0,14,152751417,363772159,1530,2,futex_do_wait
4924605390093047,3129416,qlever-server-d,S,0,13,143983731,359440606,1369,2,futex_do_wait
4924605390093047,3129417,qlever-server-d,S,1,16,183346904,396492614,1523,4,futex_do_wait
4924605390093047,3129418,qlever-server-d,S,0,19,205059721,350337834,1437,2,ep_poll
4924605390093047,3130333,qlever-server-d,S,0,0,1923872,77478471,65,2,futex_do_wait
4924605390093047,3130334,qlever-server-d,R,103,5,1092042253,167049744,738,12,0
4924605390093047,0,__system__,-,1024886445,7867996704,0,0,0,-1,-
4924605410081998,3128855,qlever-server-d,S,936,1591,25279315500,30777902,1912,1,futex_do_wait
4924605410081998,3128859,qlever-server-d,S,0,0,3058403,3205591,27,13,futex_do_wait
4924605410081998,3129400,qlever-server-d,R,1319,10,13306278207,219027916,556,14,0
4924605410081998,3129401,qlever-server-d,R,1318,10,13291679751,226464968,487,4,0
4924605410081998,3129402,qlever-server-d,R,1319,14,13339556885,186953260,1062,7,0
4924605410081998,3129403,qlever-server-d,R,1322,13,13362548345,163575458,644,10,0
4924605410081998,3129404,qlever-server-d,R,1333,11,13451704041,77030995,594,3,0
4924605410081998,3129405,qlever-server-d,R,1333,10,13434020522,92280911,601,1,0
4924605410081998,3129406,qlever-server-d,R,1322,11,13339582535,178587455,611,6,0
4924605410081998,3129407,qlever-server-d,R,1322,10,13324868660,212089100,540,11,0
4924605410081998,3129408,qlever-server-d,S,0,0,15360,0,1,13,futex_do_wait
4924605410081998,3129409,qlever-server-d,S,0,0,163781,0,5,12,ep_poll
4924605410081998,3129410,qlever-server-d,S,0,0,435510,20000,10,3,futex_do_wait
4924605410081998,3129411,qlever-server-d,S,1,15,173348618,370751424,1504,2,futex_do_wait
4924605410081998,3129412,qlever-server-d,S,0,16,168372140,360092461,1396,12,futex_do_wait
4924605410081998,3129413,qlever-server-d,S,0,15,162595078,387263925,1478,2,futex_do_wait
4924605410081998,3129414,qlever-server-d,S,0,22,230483866,384760192,1677,12,futex_do_wait
4924605410081998,3129415,qlever-server-d,S,0,14,153279907,364413959,1532,2,futex_do_wait
4924605410081998,3129416,qlever-server-d,S,0,13,143998741,359980677,1370,2,futex_do_wait
4924605410081998,3129417,qlever-server-d,S,1,16,183389444,396503414,1525,4,futex_do_wait
4924605410081998,3129418,qlever-server-d,S,0,19,205059721,350337834,1437,2,ep_poll
4924605410081998,3130333,qlever-server-d,S,0,0,1923872,77478471,65,2,futex_do_wait
4924605410081998,3130334,qlever-server-d,R,105,5,1110442193,168650615,744,12,0
4924605410081998,0,__system__,-,1024886476,7867996736,0,0,0,-1,-
4924605430097899,3128855,qlever-server-d,S,936,1591,25279315500,30777902,1912,1,futex_do_wait
4924605430097899,3128859,qlever-server-d,S,0,0,3058403,3205591,27,13,futex_do_wait
4924605430097899,3129400,qlever-server-d,R,1321,10,13326279978,219027916,556,14,0
4924605430097899,3129401,qlever-server-d,R,1320,10,13311681022,226464968,487,4,0
4924605430097899,3129402,qlever-server-d,R,1321,14,13359508146,187001990,1063,15,0
4924605430097899,3129403,qlever-server-d,R,1324,13,13382547506,163575458,644,10,0
4924605430097899,3129404,qlever-server-d,R,1335,11,13471703962,77030995,594,3,0
4924605430097899,3129405,qlever-server-d,R,1335,10,13454020483,92280911,601,1,0
4924605430097899,3129406,qlever-server-d,R,1324,11,13359399386,178772485,618,6,0
4924605430097899,3129407,qlever-server-d,R,1324,10,13344868901,212089100,540,11,0
4924605430097899,3129408,qlever-server-d,S,0,0,15360,0,1,13,futex_do_wait
4924605430097899,3129409,qlever-server-d,S,0,0,163781,0,5,12,ep_poll
4924605430097899,3129410,qlever-server-d,S,0,0,435510,20000,10,3,futex_do_wait
4924605430097899,3129411,qlever-server-d,S,1,15,174138768,370919074,1512,2,futex_do_wait
4924605430097899,3129412,qlever-server-d,S,0,16,168856610,361282362,1402,2,futex_do_wait
4924605430097899,3129413,qlever-server-d,S,0,15,162859389,388715556,1484,2,futex_do_wait
4924605430097899,3129414,qlever-server-d,S,0,22,230531916,385197112,1681,2,futex_do_wait
4924605430097899,3129415,qlever-server-d,S,0,14,153924298,367015520,1540,2,futex_do_wait
4924605430097899,3129416,qlever-server-d,S,0,13,144525541,362058539,1374,2,futex_do_wait
4924605430097899,3129417,qlever-server-d,S,1,16,183811654,397241974,1531,2,futex_do_wait
4924605430097899,3129418,qlever-server-d,S,0,19,205059721,350337834,1437,2,ep_poll
4924605430097899,3130333,qlever-server-d,S,0,0,1960472,77478471,66,2,futex_do_wait
4924605430097899,3130334,qlever-server-d,R,107,5,1128940483,171293127,746,0,0
4924605430097899,0,__system__,-,1024886505,7867996768,0,0,0,-1,-
4924605449985440,3128855,qlever-server-d,S,936,1591,25279315500,30777902,1912,1,futex_do_wait
4924605449985440,3128859,qlever-server-d,S,0,0,3058403,3205591,27,13,futex_do_wait
4924605449985440,3129400,qlever-server-d,R,1323,10,13346279120,219027916,556,14,0
4924605449985440,3129401,qlever-server-d,R,1322,10,13331680644,226464968,487,4,0
4924605449985440,3129402,qlever-server-d,R,1323,14,13379506468,187001990,1063,15,0
4924605449985440,3129403,qlever-server-d,R,1326,13,13402547588,163575458,644,10,0
4924605449985440,3129404,qlever-server-d,R,1337,11,13490965254,78146505,596,3,0
4924605449985440,3129405,qlever-server-d,R,1337,10,13474020295,92280911,601,1,0
4924605449985440,3129406,qlever-server-d,R,1326,11,13379398838,178772485,618,6,0
4924605449985440,3129407,qlever-server-d,R,1326,10,13364868183,212089100,540,11,0
4924605449985440,3129408,qlever-server-d,S,0,0,15360,0,1,13,futex_do_wait
4924605449985440,3129409,qlever-server-d,S,0,0,163781,0,5,12,ep_poll
4924605449985440,3129410,qlever-server-d,S,0,0,435510,20000,10,3,futex_do_wait
4924605449985440,3129411,qlever-server-d,S,1,15,174161568,371324974,1513,2,futex_do_wait
4924605449985440,3129412,qlever-server-d,S,0,16,169265181,361555202,1405,2,futex_do_wait
4924605449985440,3129413,qlever-server-d,S,0,15,163134960,389571997,1488,0,futex_do_wait
4924605449985440,3129414,qlever-server-d,S,0,22,231909026,385778913,1686,2,futex_do_wait
4924605449985440,3129415,qlever-server-d,S,0,14,153955288,367410690,1542,2,futex_do_wait
4924605449985440,3129416,qlever-server-d,S,0,13,144576271,362180259,1377,8,futex_do_wait
4924605449985440,3129417,qlever-server-d,S,1,16,183844324,397249274,1533,2,futex_do_wait
4924605449985440,3129418,qlever-server-d,S,0,19,205059721,350337834,1437,2,ep_poll
4924605449985440,3130333,qlever-server-d,S,0,0,1960472,77478471,66,2,futex_do_wait
4924605449985440,3130334,qlever-server-d,R,109,5,1148401573,171680938,751,8,0
4924605449985440,0,__system__,-,1024886534,7867996800,0,0,0,-1,-
4924605469994641,3128855,qlever-server-d,S,936,1591,25279315500,30777902,1912,1,futex_do_wait
4924605469994641,3128859,qlever-server-d,S,0,0,3058403,3205591,27,13,futex_do_wait
4924605469994641,3129400,qlever-server-d,R,1325,10,13366280131,219027916,556,14,0
4924605469994641,3129401,qlever-server-d,R,1324,10,13351634195,226513168,488,4,0
4924605469994641,3129402,qlever-server-d,R,1325,14,13399192918,187316441,1065,15,0
4924605469994641,3129403,qlever-server-d,R,1328,13,13422547379,163575458,644,10,0
4924605469994641,3129404,qlever-server-d,R,1339,11,13510545135,78189525,597,3,0
4924605469994641,3129405,qlever-server-d,R,1339,10,13494020456,92280911,601,1,0
4924605469994641,3129406,qlever-server-d,R,1328,11,13399399699,178772485,618,6,0
4924605469994641,3129407,qlever-server-d,R,1327,10,13384830404,212127190,541,11,0
4924605469994641,3129408,qlever-server-d,S,0,0,15360,0,1,13,futex_do_wait
4924605469994641,3129409,qlever-server-d,S,0,0,163781,0,5,12,ep_poll
4924605469994641,3129410,qlever-server-d,S,0,0,435510,20000,10,3,futex_do_wait
4924605469994641,3129411,qlever-server-d,S,1,15,174208208,374587196,1515,8,futex_do_wait
4924605469994641,3129412,qlever-server-d,S,0,16,169889921,362326133,1409,2,futex_do_wait
4924605469994641,3129413,qlever-server-d,S,0,15,163149390,389571997,1489,8,futex_do_wait
4924605469994641,3129414,qlever-server-d,S,0,22,231938936,385778913,1688,8,futex_do_wait
4924605469994641,3129415,qlever-server-d,S,0,14,153990088,367417620,1544,2,futex_do_wait
4924605469994641,3129416,qlever-server-d,S,0,13,144601841,362180259,1379,8,futex_do_wait
4924605469994641,3129417,qlever-server-d,S,1,16,185073235,397870874,1541,2,futex_do_wait
4924605469994641,3129418,qlever-server-d,S,0,19,205059721,350337834,1437,2,ep_poll
4924605469994641,3130333,qlever-server-d,S,0,0,1974582,77636961,67,2,futex_do_wait
4924605469994641,3130334,qlever-server-d,R,111,5,1168113824,171962788,753,0,0
4924605469994641,0,__system__,-,1024886563,7867996833,0,0,0,-1,-
4924605490078972,3128855,qlever-server-d,S,936,1591,25279315500,30777902,1912,1,futex_do_wait
4924605490078972,3128859,qlever-server-d,S,0,0,3058403,3205591,27,13,futex_do_wait
4924605490078972,3129400,qlever-server-d,R,1327,10,13386279492,219027916,556,14,0
4924605490078972,3129401,qlever-server-d,R,1326,10,13371595176,226554218,489,4,0
4924605490078972,3129402,qlever-server-d,R,1327,14,13419137799,187370331,1066,15,0
4924605490078972,3129403,qlever-server-d,R,1330,13,13442547420,163575458,644,10,0
4924605490078972,3129404,qlever-server-d,R,1341,11,13530545456,78189525,597,3,0
4924605490078972,3129405,qlever-server-d,R,1341,10,13513962127,92330041,602,0,0
4924605490078972,3129406,qlever-server-d,R,1330,11,13419399490,178772485,618,6,0
4924605490078972,3129407,qlever-server-d,R,1329,10,13404785965,212171940,542,11,0
4924605490078972,3129408,qlever-server-d,S,0,0,15360,0,1,13,futex_do_wait
4924605490078972,3129409,qlever-server-d,S,0,0,163781,0,5,12,ep_poll
4924605490078972,3129410,qlever-server-d,S,0,0,435510,20000,10,3,futex_do_wait
4924605490078972,3129411,qlever-server-d,S,1,15,174222848,374587196,1516,8,futex_do_wait
4924605490078972,3129412,qlever-server-d,S,0,16,169916341,362809153,1410,0,futex_do_wait
4924605490078972,3129413,qlever-server-d,S,0,15,163178720,389571997,1490,8,futex_do_wait
4924605490078972,3129414,qlever-server-d,S,0,22,231954596,385778913,1689,8,futex_do_wait
4924605490078972,3129415,qlever-server-d,S,0,14,154003688,367627910,1545,0,futex_do_wait
4924605490078972,3129416,qlever-server-d,S,0,13,144626791,362180259,1380,8,futex_do_wait
4924605490078972,3129417,qlever-server-d,S,1,17,186208916,398227924,1542,0,futex_do_wait
4924605490078972,3129418,qlever-server-d,S,0,19,205059721,350337834,1437,2,ep_poll
4924605490078972,3130333,qlever-server-d,S,0,0,1974582,77636961,67,2,futex_do_wait
4924605490078972,3130334,qlever-server-d,R,113,5,1187277814,172791439,754,13,0
4924605490078972,0,__system__,-,1024886590,7867996864,0,0,0,-1,-
4924605510080112,3128855,qlever-server-d,S,936,1591,25279315500,30777902,1912,1,futex_do_wait
4924605510080112,3128859,qlever-server-d,S,0,0,3058403,3205591,27,13,futex_do_wait
4924605510080112,3129400,qlever-server-d,R,1329,10,13406279573,219027916,556,14,0
4924605510080112,3129401,qlever-server-d,R,1328,10,13391593077,226554218,489,4,0
4924605510080112,3129402,qlever-server-d,R,1329,14,13439051030,187458491,1068,15,0
4924605510080112,3129403,qlever-server-d,R,1332,13,13462547171,163575458,644,10,0
4924605510080112,3129404,qlever-server-d,R,1343,11,13550468887,78265165,599,3,0
4924605510080112,3129405,qlever-server-d,R,1343,10,13533918608,92373801,604,0,0
4924605510080112,3129406,qlever-server-d,R,1332,11,13439399211,178772485,618,6,0
4924605510080112,3129407,qlever-server-d,R,1331,10,13424785256,212171940,542,11,0
4924605510080112,3129408,qlever-server-d,S,0,0,15360,0,1,13,futex_do_wait
4924605510080112,3129409,qlever-server-d,S,0,0,163781,0,5,12,ep_poll
4924605510080112,3129410,qlever-server-d,S,0,0,435510,20000,10,3,futex_do_wait
4924605510080112,3129411,qlever-server-d,S,1,15,174263908,374587196,1519,8,futex_do_wait
4924605510080112,3129412,qlever-server-d,S,0,16,169954221,362818093,1412,13,futex_do_wait
4924605510080112,3129413,qlever-server-d,S,0,15,163239290,389571997,1493,8,futex_do_wait
4924605510080112,3129414,qlever-server-d,S,0,22,231974126,387182654,1690,13,futex_do_wait
4924605510080112,3129415,qlever-server-d,S,0,14,154424588,367633860,1547,13,futex_do_wait
4924605510080112,3129416,qlever-server-d,S,0,13,144675681,363301020,1381,13,futex_do_wait
4924605510080112,3129417,qlever-server-d,S,1,17,188418237,399385235,1546,13,futex_do_wait
4924605510080112,3129418,qlever-server-d,S,0,19,205059721,350337834,1437,2,ep_poll
4924605510080112,3130333,qlever-server-d,S,0,0,1974582,77636961,67,2,futex_do_wait
4924605510080112,3130334,qlever-server-d,R,115,5,1205138144,174923960,757,5,0
4924605510080112,0,__system__,-,1024886618,7867996895,0,0,0,-1,-
4924605532103668,3128855,qlever-server-d,S,936,1591,25279315500,30777902,1912,1,futex_do_wait
4924605532103668,3128859,qlever-server-d,S,0,0,3058403,3205591,27,13,futex_do_wait
4924605532103668,3129400,qlever-server-d,R,1331,10,13428264025,219098406,558,14,0
4924605532103668,3129401,qlever-server-d,R,1331,10,13413595319,226554218,489,4,0
4924605532103668,3129402,qlever-server-d,R,1331,14,13461051562,187458491,1068,15,0
4924605532103668,3129403,qlever-server-d,R,1335,13,13484547913,163575458,644,10,0
4924605532103668,3129404,qlever-server-d,S,1345,11,13571305558,78265165,599,3,futex_do_wait
4924605532103668,3129405,qlever-server-d,R,1345,10,13555918450,92373801,604,0,0
4924605532103668,3129406,qlever-server-d,R,1334,11,13461400383,178772485,618,6,0
4924605532103668,3129407,qlever-server-d,R,1334,10,13446785428,212171940,542,11,0
4924605532103668,3129408,qlever-server-d,S,0,0,15360,0,1,13,futex_do_wait
4924605532103668,3129409,qlever-server-d,S,0,0,163781,0,5,12,ep_poll
4924605532103668,3129410,qlever-server-d,S,0,0,435510,20000,10,3,futex_do_wait
4924605532103668,3129411,qlever-server-d,S,1,15,174293278,375324166,1521,7,futex_do_wait
4924605532103668,3129412,qlever-server-d,S,0,16,169984811,362824013,1414,7,futex_do_wait
4924605532103668,3129413,qlever-server-d,S,0,15,163274310,390724387,1495,7,futex_do_wait
4924605532103668,3129414,qlever-server-d,S,0,22,232006826,387388934,1692,7,futex_do_wait
4924605532103668,3129415,qlever-server-d,S,0,14,155790368,370403632,1555,7,futex_do_wait
4924605532103668,3129416,qlever-server-d,S,0,13,145326871,363311460,1384,7,futex_do_wait
4924605532103668,3129417,qlever-server-d,S,1,17,188450837,399680455,1548,7,futex_do_wait
4924605532103668,3129418,qlever-server-d,S,0,19,205059721,350337834,1437,2,ep_poll
4924605532103668,3130333,qlever-server-d,S,0,0,1997892,77643341,68,2,futex_do_wait
4924605532103668,3130334,qlever-server-d,R,117,5,1226585007,175477220,761,5,0
4924605532103668,0,__system__,-,1024886651,7867996931,0,0,0,-1,-
4924605549945925,3128855,qlever-server-d,S,936,1591,25279315500,30777902,1912,1,futex_do_wait
4924605549945925,3128859,qlever-server-d,S,0,0,3058403,3205591,27,13,futex_do_wait
4924605549945925,3129400,qlever-server-d,S,1333,10,13443494444,219186516,560,14,0
4924605549945925,3129401,qlever-server-d,S,1331,10,13417332901,226554218,489,4,futex_do_wait
4924605549945925,3129402,qlever-server-d,S,1332,14,13466764235,187458491,1068,15,futex_do_wait
4924605549945925,3129403,qlever-server-d,S,1336,13,13497126860,163575458,644,10,futex_do_wait
4924605549945925,3129404,qlever-server-d,S,1345,11,13571305558,78265165,599,3,futex_do_wait
4924605549945925,3129405,qlever-server-d,S,1345,10,13560163462,92373801,604,0,futex_do_wait
4924605549945925,3129406,qlever-server-d,S,1335,11,13472474169,178772485,618,6,futex_do_wait
4924605549945925,3129407,qlever-server-d,S,1334,10,13449390390,212171940,542,11,futex_do_wait
4924605549945925,3129408,qlever-server-d,S,0,0,15360,0,1,13,futex_do_wait
4924605549945925,3129409,qlever-server-d,S,0,0,163781,0,5,12,ep_poll
4924605549945925,3129410,qlever-server-d,S,0,0,435510,20000,10,3,futex_do_wait
4924605549945925,3129411,qlever-server-d,S,1,15,174316648,375329736,1523,7,futex_do_wait
4924605549945925,3129412,qlever-server-d,S,0,16,170021751,362824013,1417,5,futex_do_wait
4924605549945925,3129413,qlever-server-d,S,0,15,163308310,390753477,1498,7,futex_do_wait
4924605549945925,3129414,qlever-server-d,S,0,22,232044546,387388934,1695,5,futex_do_wait
4924605549945925,3129415,qlever-server-d,S,0,14,155832618,370403632,1558,5,futex_do_wait
4924605549945925,3129416,qlever-server-d,S,0,13,146179302,365592621,1391,2,futex_do_wait
4924605549945925,3129417,qlever-server-d,S,1,17,189304627,399838545,1554,7,futex_do_wait
4924605549945925,3129418,qlever-server-d,S,0,19,205077321,350337834,1438,2,ep_poll
4924605549945925,3130333,qlever-server-d,S,0,0,1997892,77643341,68,2,futex_do_wait
4924605549945925,3130334,qlever-server-d,R,118,5,1240737195,175680010,765,14,0
4924605549945925,0,__system__,-,1024886668,7867996960,0,0,0,-1,-
4924605569961006,3128855,qlever-server-d,S,936,1591,25279315500,30777902,1912,1,futex_do_wait
4924605569961006,3128859,qlever-server-d,S,0,0,3058403,3205591,27,13,futex_do_wait
4924605569961006,3129400,qlever-server-d,S,1333,10,13443494444,219186516,560,14,futex_do_wait
4924605569961006,3129401,qlever-server-d,S,1331,10,13417332901,226554218,489,4,futex_do_wait
4924605569961006,3129402,qlever-server-d,S,1332,14,13466764235,187458491,1068,15,futex_do_wait
4924605569961006,3129403,qlever-server-d,S,1336,13,13497126860,163575458,644,10,futex_do_wait
4924605569961006,3129404,qlever-server-d,S,1345,11,13571305558,78265165,599,3,futex_do_wait
4924605569961006,3129405,qlever-server-d,S,1345,10,13560163462,92373801,604,0,futex_do_wait
4924605569961006,3129406,qlever-server-d,S,1335,11,13472474169,178772485,618,6,futex_do_wait
4924605569961006,3129407,qlever-server-d,S,1334,10,13449390390,212171940,542,11,futex_do_wait
4924605569961006,3129408,qlever-server-d,S,0,0,15360,0,1,13,futex_do_wait
4924605569961006,3129409,qlever-server-d,S,0,0,193821,0,6,12,ep_poll
4924605569961006,3129410,qlever-server-d,S,0,0,479780,20000,11,3,futex_do_wait
4924605569961006,3129411,qlever-server-d,S,1,15,174327228,375336606,1524,7,futex_do_wait
4924605569961006,3129412,qlever-server-d,S,0,16,170041231,362824013,1418,5,futex_do_wait
4924605569961006,3129413,qlever-server-d,S,0,15,163326440,390753477,1499,7,futex_do_wait
4924605569961006,3129414,qlever-server-d,S,0,22,232064886,387388934,1696,5,futex_do_wait
4924605569961006,3129415,qlever-server-d,S,0,14,155843798,370403632,1559,7,futex_do_wait
4924605569961006,3129416,qlever-server-d,S,0,13,146537242,365627421,1394,5,futex_do_wait
4924605569961006,3129417,qlever-server-d,S,1,17,189316837,399838545,1555,14,futex_do_wait
4924605569961006,3129418,qlever-server-d,S,0,19,205085331,350337834,1439,2,ep_poll
4924605569961006,0,__system__,-,1024886679,7867996990,0,0,0,-1,-
4924605589949877,3128855,qlever-server-d,S,936,1591,25279315500,30777902,1912,1,futex_do_wait
4924605589949877,3128859,qlever-server-d,S,0,0,3058403,3205591,27,13,futex_do_wait
4924605589949877,3129400,qlever-server-d,S,1333,10,13443494444,219186516,560,14,futex_do_wait
4924605589949877,3129401,qlever-server-d,S,1331,10,13417332901,226554218,489,4,futex_do_wait
4924605589949877,3129402,qlever-server-d,S,1332,14,13466764235,187458491,1068,15,futex_do_wait
4924605589949877,3129403,qlever-server-d,S,1336,13,13497126860,163575458,644,10,futex_do_wait
4924605589949877,3129404,qlever-server-d,S,1345,11,13571305558,78265165,599,3,futex_do_wait
4924605589949877,3129405,qlever-server-d,S,1345,10,13560163462,92373801,604,0,futex_do_wait
4924605589949877,3129406,qlever-server-d,S,1335,11,13472474169,178772485,618,6,futex_do_wait
4924605589949877,3129407,qlever-server-d,S,1334,10,13449390390,212171940,542,11,futex_do_wait
4924605589949877,3129408,qlever-server-d,S,0,0,15360,0,1,13,futex_do_wait
4924605589949877,3129409,qlever-server-d,S,0,0,193821,0,6,12,ep_poll
4924605589949877,3129410,qlever-server-d,S,0,0,479780,20000,11,3,futex_do_wait
4924605589949877,3129411,qlever-server-d,S,1,15,174327228,375336606,1524,7,futex_do_wait
4924605589949877,3129412,qlever-server-d,S,0,16,170041231,362824013,1418,5,futex_do_wait
4924605589949877,3129413,qlever-server-d,S,0,15,163326440,390753477,1499,7,futex_do_wait
4924605589949877,3129414,qlever-server-d,S,0,22,232064886,387388934,1696,5,futex_do_wait
4924605589949877,3129415,qlever-server-d,S,0,14,155843798,370403632,1559,7,futex_do_wait
4924605589949877,3129416,qlever-server-d,S,0,13,146537242,365627421,1394,5,futex_do_wait
4924605589949877,3129417,qlever-server-d,S,1,17,189316837,399838545,1555,14,futex_do_wait
4924605589949877,3129418,qlever-server-d,S,0,19,205085331,350337834,1439,2,ep_poll
4924605589949877,0,__system__,-,1024886690,7867997022,0,0,0,-1,-
4924605609946678,3128855,qlever-server-d,S,936,1591,25279315500,30777902,1912,1,futex_do_wait
4924605609946678,3128859,qlever-server-d,S,0,0,3058403,3205591,27,13,futex_do_wait
4924605609946678,3129400,qlever-server-d,S,1333,10,13443494444,219186516,560,14,futex_do_wait
4924605609946678,3129401,qlever-server-d,S,1331,10,13417332901,226554218,489,4,futex_do_wait
4924605609946678,3129402,qlever-server-d,S,1332,14,13466764235,187458491,1068,15,futex_do_wait
4924605609946678,3129403,qlever-server-d,S,1336,13,13497126860,163575458,644,10,futex_do_wait
4924605609946678,3129404,qlever-server-d,S,1345,11,13571305558,78265165,599,3,futex_do_wait
4924605609946678,3129405,qlever-server-d,S,1345,10,13560163462,92373801,604,0,futex_do_wait
4924605609946678,3129406,qlever-server-d,S,1335,11,13472474169,178772485,618,6,futex_do_wait
4924605609946678,3129407,qlever-server-d,S,1334,10,13449390390,212171940,542,11,futex_do_wait
4924605609946678,3129408,qlever-server-d,S,0,0,15360,0,1,13,futex_do_wait
4924605609946678,3129409,qlever-server-d,S,0,0,193821,0,6,12,ep_poll
4924605609946678,3129410,qlever-server-d,S,0,0,479780,20000,11,3,futex_do_wait
4924605609946678,3129411,qlever-server-d,S,1,15,174327228,375336606,1524,7,futex_do_wait
4924605609946678,3129412,qlever-server-d,S,0,16,170041231,362824013,1418,5,futex_do_wait
4924605609946678,3129413,qlever-server-d,S,0,15,163326440,390753477,1499,7,futex_do_wait
4924605609946678,3129414,qlever-server-d,S,0,22,232064886,387388934,1696,5,futex_do_wait
4924605609946678,3129415,qlever-server-d,S,0,14,155843798,370403632,1559,7,futex_do_wait
4924605609946678,3129416,qlever-server-d,S,0,13,146537242,365627421,1394,5,futex_do_wait
4924605609946678,3129417,qlever-server-d,S,1,17,189316837,399838545,1555,14,futex_do_wait
4924605609946678,3129418,qlever-server-d,S,0,19,205085331,350337834,1439,2,ep_poll
4924605609946678,0,__system__,-,1024886699,7867997053,0,0,0,-1,-
4924605629947099,3128855,qlever-server-d,S,936,1591,25279315500,30777902,1912,1,futex_do_wait
4924605629947099,3128859,qlever-server-d,S,0,0,3058403,3205591,27,13,futex_do_wait
4924605629947099,3129400,qlever-server-d,S,1333,10,13443494444,219186516,560,14,futex_do_wait
4924605629947099,3129401,qlever-server-d,S,1331,10,13417332901,226554218,489,4,futex_do_wait
4924605629947099,3129402,qlever-server-d,S,1332,14,13466764235,187458491,1068,15,futex_do_wait
4924605629947099,3129403,qlever-server-d,S,1336,13,13497126860,163575458,644,10,futex_do_wait
4924605629947099,3129404,qlever-server-d,S,1345,11,13571305558,78265165,599,3,futex_do_wait
4924605629947099,3129405,qlever-server-d,S,1345,10,13560163462,92373801,604,0,futex_do_wait
4924605629947099,3129406,qlever-server-d,S,1335,11,13472474169,178772485,618,6,futex_do_wait
4924605629947099,3129407,qlever-server-d,S,1334,10,13449390390,212171940,542,11,futex_do_wait
4924605629947099,3129408,qlever-server-d,S,0,0,15360,0,1,13,futex_do_wait
4924605629947099,3129409,qlever-server-d,S,0,0,193821,0,6,12,ep_poll
4924605629947099,3129410,qlever-server-d,S,0,0,479780,20000,11,3,futex_do_wait
4924605629947099,3129411,qlever-server-d,S,1,15,174327228,375336606,1524,7,futex_do_wait
4924605629947099,3129412,qlever-server-d,S,0,16,170041231,362824013,1418,5,futex_do_wait
4924605629947099,3129413,qlever-server-d,S,0,15,163326440,390753477,1499,7,futex_do_wait
4924605629947099,3129414,qlever-server-d,S,0,22,232064886,387388934,1696,5,futex_do_wait
4924605629947099,3129415,qlever-server-d,S,0,14,155843798,370403632,1559,7,futex_do_wait
4924605629947099,3129416,qlever-server-d,S,0,13,146537242,365627421,1394,5,futex_do_wait
4924605629947099,3129417,qlever-server-d,S,1,17,189316837,399838545,1555,14,futex_do_wait
4924605629947099,3129418,qlever-server-d,S,0,19,205085331,350337834,1439,2,ep_poll
4924605629947099,0,__system__,-,1024886710,7867997085,0,0,0,-1,-
4924605649962150,3128855,qlever-server-d,S,936,1591,25279315500,30777902,1912,1,futex_do_wait
4924605649962150,3128859,qlever-server-d,S,0,0,3058403,3205591,27,13,futex_do_wait
4924605649962150,3129400,qlever-server-d,S,1333,10,13443494444,219186516,560,14,futex_do_wait
4924605649962150,3129401,qlever-server-d,S,1331,10,13417332901,226554218,489,4,futex_do_wait
4924605649962150,3129402,qlever-server-d,S,1332,14,13466764235,187458491,1068,15,futex_do_wait
4924605649962150,3129403,qlever-server-d,S,1336,13,13497126860,163575458,644,10,futex_do_wait
4924605649962150,3129404,qlever-server-d,S,1345,11,13571305558,78265165,599,3,futex_do_wait
4924605649962150,3129405,qlever-server-d,S,1345,10,13560163462,92373801,604,0,futex_do_wait
4924605649962150,3129406,qlever-server-d,S,1335,11,13472474169,178772485,618,6,futex_do_wait
4924605649962150,3129407,qlever-server-d,S,1334,10,13449390390,212171940,542,11,futex_do_wait
4924605649962150,3129408,qlever-server-d,S,0,0,15360,0,1,13,futex_do_wait
4924605649962150,3129409,qlever-server-d,S,0,0,193821,0,6,12,ep_poll
4924605649962150,3129410,qlever-server-d,S,0,0,479780,20000,11,3,futex_do_wait
4924605649962150,3129411,qlever-server-d,S,1,15,174327228,375336606,1524,7,futex_do_wait
4924605649962150,3129412,qlever-server-d,S,0,16,170041231,362824013,1418,5,futex_do_wait
4924605649962150,3129413,qlever-server-d,S,0,15,163326440,390753477,1499,7,futex_do_wait
4924605649962150,3129414,qlever-server-d,S,0,22,232064886,387388934,1696,5,futex_do_wait
4924605649962150,3129415,qlever-server-d,S,0,14,155843798,370403632,1559,7,futex_do_wait
4924605649962150,3129416,qlever-server-d,S,0,13,146537242,365627421,1394,5,futex_do_wait
4924605649962150,3129417,qlever-server-d,S,1,17,189316837,399838545,1555,14,futex_do_wait
4924605649962150,3129418,qlever-server-d,S,0,19,205085331,350337834,1439,2,ep_poll
4924605649962150,0,__system__,-,1024886722,7867997118,0,0,0,-1,-
4924605669949361,3128855,qlever-server-d,S,936,1591,25279315500,30777902,1912,1,futex_do_wait
4924605669949361,3128859,qlever-server-d,S,0,0,3058403,3205591,27,13,futex_do_wait
4924605669949361,3129400,qlever-server-d,S,1333,10,13443494444,219186516,560,14,futex_do_wait
4924605669949361,3129401,qlever-server-d,S,1331,10,13417332901,226554218,489,4,futex_do_wait
4924605669949361,3129402,qlever-server-d,S,1332,14,13466764235,187458491,1068,15,futex_do_wait
4924605669949361,3129403,qlever-server-d,S,1336,13,13497126860,163575458,644,10,futex_do_wait
4924605669949361,3129404,qlever-server-d,S,1345,11,13571305558,78265165,599,3,futex_do_wait
4924605669949361,3129405,qlever-server-d,S,1345,10,13560163462,92373801,604,0,futex_do_wait
4924605669949361,3129406,qlever-server-d,S,1335,11,13472474169,178772485,618,6,futex_do_wait
4924605669949361,3129407,qlever-server-d,S,1334,10,13449390390,212171940,542,11,futex_do_wait
4924605669949361,3129408,qlever-server-d,S,0,0,15360,0,1,13,futex_do_wait
4924605669949361,3129409,qlever-server-d,S,0,0,193821,0,6,12,ep_poll
4924605669949361,3129410,qlever-server-d,S,0,0,479780,20000,11,3,futex_do_wait
4924605669949361,3129411,qlever-server-d,S,1,15,174327228,375336606,1524,7,futex_do_wait
4924605669949361,3129412,qlever-server-d,S,0,16,170041231,362824013,1418,5,futex_do_wait
4924605669949361,3129413,qlever-server-d,S,0,15,163326440,390753477,1499,7,futex_do_wait
4924605669949361,3129414,qlever-server-d,S,0,22,232064886,387388934,1696,5,futex_do_wait
4924605669949361,3129415,qlever-server-d,S,0,14,155843798,370403632,1559,7,futex_do_wait
4924605669949361,3129416,qlever-server-d,S,0,13,146537242,365627421,1394,5,futex_do_wait
4924605669949361,3129417,qlever-server-d,S,1,17,189316837,399838545,1555,14,futex_do_wait
4924605669949361,3129418,qlever-server-d,S,0,19,205085331,350337834,1439,2,ep_poll
4924605669949361,0,__system__,-,1024886734,7867997150,0,0,0,-1,-
4924605689957402,3128855,qlever-server-d,S,936,1591,25279315500,30777902,1912,1,futex_do_wait
4924605689957402,3128859,qlever-server-d,S,0,0,3058403,3205591,27,13,futex_do_wait
4924605689957402,3129400,qlever-server-d,S,1333,10,13443494444,219186516,560,14,futex_do_wait
4924605689957402,3129401,qlever-server-d,S,1331,10,13417332901,226554218,489,4,futex_do_wait
4924605689957402,3129402,qlever-server-d,S,1332,14,13466764235,187458491,1068,15,futex_do_wait
4924605689957402,3129403,qlever-server-d,S,1336,13,13497126860,163575458,644,10,futex_do_wait
4924605689957402,3129404,qlever-server-d,S,1345,11,13571305558,78265165,599,3,futex_do_wait
4924605689957402,3129405,qlever-server-d,S,1345,10,13560163462,92373801,604,0,futex_do_wait
4924605689957402,3129406,qlever-server-d,S,1335,11,13472474169,178772485,618,6,futex_do_wait
4924605689957402,3129407,qlever-server-d,S,1334,10,13449390390,212171940,542,11,futex_do_wait
4924605689957402,3129408,qlever-server-d,S,0,0,15360,0,1,13,futex_do_wait
4924605689957402,3129409,qlever-server-d,S,0,0,193821,0,6,12,ep_poll
4924605689957402,3129410,qlever-server-d,S,0,0,479780,20000,11,3,futex_do_wait
4924605689957402,3129411,qlever-server-d,S,1,15,174327228,375336606,1524,7,futex_do_wait
4924605689957402,3129412,qlever-server-d,S,0,16,170041231,362824013,1418,5,futex_do_wait
4924605689957402,3129413,qlever-server-d,S,0,15,163326440,390753477,1499,7,futex_do_wait
4924605689957402,3129414,qlever-server-d,S,0,22,232064886,387388934,1696,5,futex_do_wait
4924605689957402,3129415,qlever-server-d,S,0,14,155843798,370403632,1559,7,futex_do_wait
4924605689957402,3129416,qlever-server-d,S,0,13,146537242,365627421,1394,5,futex_do_wait
4924605689957402,3129417,qlever-server-d,S,1,17,189316837,399838545,1555,14,futex_do_wait
4924605689957402,3129418,qlever-server-d,S,0,19,205085331,350337834,1439,2,ep_poll
4924605689957402,0,__system__,-,1024886743,7867997180,0,0,0,-1,-
4924605709954073,3128855,qlever-server-d,S,936,1591,25279315500,30777902,1912,1,futex_do_wait
4924605709954073,3128859,qlever-server-d,S,0,0,3058403,3205591,27,13,futex_do_wait
4924605709954073,3129400,qlever-server-d,S,1333,10,13443494444,219186516,560,14,futex_do_wait
4924605709954073,3129401,qlever-server-d,S,1331,10,13417332901,226554218,489,4,futex_do_wait
4924605709954073,3129402,qlever-server-d,S,1332,14,13466764235,187458491,1068,15,futex_do_wait
4924605709954073,3129403,qlever-server-d,S,1336,13,13497126860,163575458,644,10,futex_do_wait
4924605709954073,3129404,qlever-server-d,S,1345,11,13571305558,78265165,599,3,futex_do_wait
4924605709954073,3129405,qlever-server-d,S,1345,10,13560163462,92373801,604,0,futex_do_wait
4924605709954073,3129406,qlever-server-d,S,1335,11,13472474169,178772485,618,6,futex_do_wait
4924605709954073,3129407,qlever-server-d,S,1334,10,13449390390,212171940,542,11,futex_do_wait
4924605709954073,3129408,qlever-server-d,S,0,0,15360,0,1,13,futex_do_wait
4924605709954073,3129409,qlever-server-d,S,0,0,193821,0,6,12,ep_poll
4924605709954073,3129410,qlever-server-d,S,0,0,479780,20000,11,3,futex_do_wait
4924605709954073,3129411,qlever-server-d,S,1,15,174327228,375336606,1524,7,futex_do_wait
4924605709954073,3129412,qlever-server-d,S,0,16,170041231,362824013,1418,5,futex_do_wait
4924605709954073,3129413,qlever-server-d,S,0,15,163326440,390753477,1499,7,futex_do_wait
4924605709954073,3129414,qlever-server-d,S,0,22,232064886,387388934,1696,5,futex_do_wait
4924605709954073,3129415,qlever-server-d,S,0,14,155843798,370403632,1559,7,futex_do_wait
4924605709954073,3129416,qlever-server-d,S,0,13,146537242,365627421,1394,5,futex_do_wait
4924605709954073,3129417,qlever-server-d,S,1,17,189316837,399838545,1555,14,futex_do_wait
4924605709954073,3129418,qlever-server-d,S,0,19,205085331,350337834,1439,2,ep_poll
4924605709954073,0,__system__,-,1024886755,7867997214,0,0,0,-1,-
4924605729957294,3128855,qlever-server-d,S,936,1591,25279315500,30777902,1912,1,futex_do_wait
4924605729957294,3128859,qlever-server-d,S,0,0,3058403,3205591,27,13,futex_do_wait
4924605729957294,3129400,qlever-server-d,S,1333,10,13443494444,219186516,560,14,futex_do_wait
4924605729957294,3129401,qlever-server-d,S,1331,10,13417332901,226554218,489,4,futex_do_wait
4924605729957294,3129402,qlever-server-d,S,1332,14,13466764235,187458491,1068,15,futex_do_wait
4924605729957294,3129403,qlever-server-d,S,1336,13,13497126860,163575458,644,10,futex_do_wait
4924605729957294,3129404,qlever-server-d,S,1345,11,13571305558,78265165,599,3,futex_do_wait
4924605729957294,3129405,qlever-server-d,S,1345,10,13560163462,92373801,604,0,futex_do_wait
4924605729957294,3129406,qlever-server-d,S,1335,11,13472474169,178772485,618,6,futex_do_wait
4924605729957294,3129407,qlever-server-d,S,1334,10,13449390390,212171940,542,11,futex_do_wait
4924605729957294,3129408,qlever-server-d,S,0,0,15360,0,1,13,futex_do_wait
4924605729957294,3129409,qlever-server-d,S,0,0,193821,0,6,12,ep_poll
4924605729957294,3129410,qlever-server-d,S,0,0,479780,20000,11,3,futex_do_wait
4924605729957294,3129411,qlever-server-d,S,1,15,174327228,375336606,1524,7,futex_do_wait
4924605729957294,3129412,qlever-server-d,S,0,16,170041231,362824013,1418,5,futex_do_wait
4924605729957294,3129413,qlever-server-d,S,0,15,163326440,390753477,1499,7,futex_do_wait
4924605729957294,3129414,qlever-server-d,S,0,22,232064886,387388934,1696,5,futex_do_wait
4924605729957294,3129415,qlever-server-d,S,0,14,155843798,370403632,1559,7,futex_do_wait
4924605729957294,3129416,qlever-server-d,S,0,13,146537242,365627421,1394,5,futex_do_wait
4924605729957294,3129417,qlever-server-d,S,1,17,189316837,399838545,1555,14,futex_do_wait
4924605729957294,3129418,qlever-server-d,S,0,19,205085331,350337834,1439,2,ep_poll
4924605729957294,0,__system__,-,1024886764,7867997244,0,0,0,-1,-
4924605749952815,3128855,qlever-server-d,S,936,1591,25279315500,30777902,1912,1,futex_do_wait
4924605749952815,3128859,qlever-server-d,S,0,0,3058403,3205591,27,13,futex_do_wait
4924605749952815,3129400,qlever-server-d,S,1333,10,13443494444,219186516,560,14,futex_do_wait
4924605749952815,3129401,qlever-server-d,S,1331,10,13417332901,226554218,489,4,futex_do_wait
4924605749952815,3129402,qlever-server-d,S,1332,14,13466764235,187458491,1068,15,futex_do_wait
4924605749952815,3129403,qlever-server-d,S,1336,13,13497126860,163575458,644,10,futex_do_wait
4924605749952815,3129404,qlever-server-d,S,1345,11,13571305558,78265165,599,3,futex_do_wait
4924605749952815,3129405,qlever-server-d,S,1345,10,13560163462,92373801,604,0,futex_do_wait
4924605749952815,3129406,qlever-server-d,S,1335,11,13472474169,178772485,618,6,futex_do_wait
4924605749952815,3129407,qlever-server-d,S,1334,10,13449390390,212171940,542,11,futex_do_wait
4924605749952815,3129408,qlever-server-d,S,0,0,15360,0,1,13,futex_do_wait
4924605749952815,3129409,qlever-server-d,S,0,0,193821,0,6,12,ep_poll
4924605749952815,3129410,qlever-server-d,S,0,0,479780,20000,11,3,futex_do_wait
4924605749952815,3129411,qlever-server-d,S,1,15,174327228,375336606,1524,7,futex_do_wait
4924605749952815,3129412,qlever-server-d,S,0,16,170041231,362824013,1418,5,futex_do_wait
4924605749952815,3129413,qlever-server-d,S,0,15,163326440,390753477,1499,7,futex_do_wait
4924605749952815,3129414,qlever-server-d,S,0,22,232064886,387388934,1696,5,futex_do_wait
4924605749952815,3129415,qlever-server-d,S,0,14,155843798,370403632,1559,7,futex_do_wait
4924605749952815,3129416,qlever-server-d,S,0,13,146537242,365627421,1394,5,futex_do_wait
4924605749952815,3129417,qlever-server-d,S,1,17,189316837,399838545,1555,14,futex_do_wait
4924605749952815,3129418,qlever-server-d,S,0,19,205085331,350337834,1439,2,ep_poll
4924605749952815,0,__system__,-,1024886775,7867997276,0,0,0,-1,-
4924605769954046,3128855,qlever-server-d,S,936,1591,25279315500,30777902,1912,1,futex_do_wait
4924605769954046,3128859,qlever-server-d,S,0,0,3058403,3205591,27,13,futex_do_wait
4924605769954046,3129400,qlever-server-d,S,1333,10,13443494444,219186516,560,14,futex_do_wait
4924605769954046,3129401,qlever-server-d,S,1331,10,13417332901,226554218,489,4,futex_do_wait
4924605769954046,3129402,qlever-server-d,S,1332,14,13466764235,187458491,1068,15,futex_do_wait
4924605769954046,3129403,qlever-server-d,S,1336,13,13497126860,163575458,644,10,futex_do_wait
4924605769954046,3129404,qlever-server-d,S,1345,11,13571305558,78265165,599,3,futex_do_wait
4924605769954046,3129405,qlever-server-d,S,1345,10,13560163462,92373801,604,0,futex_do_wait
4924605769954046,3129406,qlever-server-d,S,1335,11,13472474169,178772485,618,6,futex_do_wait
4924605769954046,3129407,qlever-server-d,S,1334,10,13449390390,212171940,542,11,futex_do_wait
4924605769954046,3129408,qlever-server-d,S,0,0,15360,0,1,13,futex_do_wait
4924605769954046,3129409,qlever-server-d,S,0,0,193821,0,6,12,ep_poll
4924605769954046,3129410,qlever-server-d,S,0,0,479780,20000,11,3,futex_do_wait
4924605769954046,3129411,qlever-server-d,S,1,15,174327228,375336606,1524,7,futex_do_wait
4924605769954046,3129412,qlever-server-d,S,0,16,170041231,362824013,1418,5,futex_do_wait
4924605769954046,3129413,qlever-server-d,S,0,15,163326440,390753477,1499,7,futex_do_wait
4924605769954046,3129414,qlever-server-d,S,0,22,232064886,387388934,1696,5,futex_do_wait
4924605769954046,3129415,qlever-server-d,S,0,14,155843798,370403632,1559,7,futex_do_wait
4924605769954046,3129416,qlever-server-d,S,0,13,146537242,365627421,1394,5,futex_do_wait
4924605769954046,3129417,qlever-server-d,S,1,17,189316837,399838545,1555,14,futex_do_wait
4924605769954046,3129418,qlever-server-d,S,0,19,205085331,350337834,1439,2,ep_poll
4924605769954046,0,__system__,-,1024886786,7867997308,0,0,0,-1,-
4924605789961026,3128855,qlever-server-d,S,936,1591,25279315500,30777902,1912,1,futex_do_wait
4924605789961026,3128859,qlever-server-d,S,0,0,3058403,3205591,27,13,futex_do_wait
4924605789961026,3129400,qlever-server-d,S,1333,10,13443494444,219186516,560,14,futex_do_wait
4924605789961026,3129401,qlever-server-d,S,1331,10,13417332901,226554218,489,4,futex_do_wait
4924605789961026,3129402,qlever-server-d,S,1332,14,13466764235,187458491,1068,15,futex_do_wait
4924605789961026,3129403,qlever-server-d,S,1336,13,13497126860,163575458,644,10,futex_do_wait
4924605789961026,3129404,qlever-server-d,S,1345,11,13571305558,78265165,599,3,futex_do_wait
4924605789961026,3129405,qlever-server-d,S,1345,10,13560163462,92373801,604,0,futex_do_wait
4924605789961026,3129406,qlever-server-d,S,1335,11,13472474169,178772485,618,6,futex_do_wait
4924605789961026,3129407,qlever-server-d,S,1334,10,13449390390,212171940,542,11,futex_do_wait
4924605789961026,3129408,qlever-server-d,S,0,0,15360,0,1,13,futex_do_wait
4924605789961026,3129409,qlever-server-d,S,0,0,193821,0,6,12,ep_poll
4924605789961026,3129410,qlever-server-d,S,0,0,479780,20000,11,3,futex_do_wait
4924605789961026,3129411,qlever-server-d,S,1,15,174327228,375336606,1524,7,futex_do_wait
4924605789961026,3129412,qlever-server-d,S,0,16,170041231,362824013,1418,5,futex_do_wait
4924605789961026,3129413,qlever-server-d,S,0,15,163326440,390753477,1499,7,futex_do_wait
4924605789961026,3129414,qlever-server-d,S,0,22,232064886,387388934,1696,5,futex_do_wait
4924605789961026,3129415,qlever-server-d,S,0,14,155843798,370403632,1559,7,futex_do_wait
4924605789961026,3129416,qlever-server-d,S,0,13,146537242,365627421,1394,5,futex_do_wait
4924605789961026,3129417,qlever-server-d,S,1,17,189316837,399838545,1555,14,futex_do_wait
4924605789961026,3129418,qlever-server-d,S,0,19,205085331,350337834,1439,2,ep_poll
4924605789961026,0,__system__,-,1024886799,7867997341,0,0,0,-1,-
4924605809961147,3128855,qlever-server-d,S,936,1591,25279315500,30777902,1912,1,futex_do_wait
4924605809961147,3128859,qlever-server-d,S,0,0,3058403,3205591,27,13,futex_do_wait
4924605809961147,3129400,qlever-server-d,S,1333,10,13443494444,219186516,560,14,futex_do_wait
4924605809961147,3129401,qlever-server-d,S,1331,10,13417332901,226554218,489,4,futex_do_wait
4924605809961147,3129402,qlever-server-d,S,1332,14,13466764235,187458491,1068,15,futex_do_wait
4924605809961147,3129403,qlever-server-d,S,1336,13,13497126860,163575458,644,10,futex_do_wait
4924605809961147,3129404,qlever-server-d,S,1345,11,13571305558,78265165,599,3,futex_do_wait
4924605809961147,3129405,qlever-server-d,S,1345,10,13560163462,92373801,604,0,futex_do_wait
4924605809961147,3129406,qlever-server-d,S,1335,11,13472474169,178772485,618,6,futex_do_wait
4924605809961147,3129407,qlever-server-d,S,1334,10,13449390390,212171940,542,11,futex_do_wait
4924605809961147,3129408,qlever-server-d,S,0,0,15360,0,1,13,futex_do_wait
4924605809961147,3129409,qlever-server-d,S,0,0,193821,0,6,12,ep_poll
4924605809961147,3129410,qlever-server-d,S,0,0,479780,20000,11,3,futex_do_wait
4924605809961147,3129411,qlever-server-d,S,1,15,174327228,375336606,1524,7,futex_do_wait
4924605809961147,3129412,qlever-server-d,S,0,16,170041231,362824013,1418,5,futex_do_wait
4924605809961147,3129413,qlever-server-d,S,0,15,163326440,390753477,1499,7,futex_do_wait
4924605809961147,3129414,qlever-server-d,S,0,22,232064886,387388934,1696,5,futex_do_wait
4924605809961147,3129415,qlever-server-d,S,0,14,155843798,370403632,1559,7,futex_do_wait
4924605809961147,3129416,qlever-server-d,S,0,13,146537242,365627421,1394,5,futex_do_wait
4924605809961147,3129417,qlever-server-d,S,1,17,189316837,399838545,1555,14,futex_do_wait
4924605809961147,3129418,qlever-server-d,S,0,19,205085331,350337834,1439,2,ep_poll
4924605809961147,0,__system__,-,1024886809,7867997373,0,0,0,-1,-
4924605829948238,3128855,qlever-server-d,S,936,1591,25279315500,30777902,1912,1,futex_do_wait
4924605829948238,3128859,qlever-server-d,S,0,0,3058403,3205591,27,13,futex_do_wait
4924605829948238,3129400,qlever-server-d,S,1333,10,13443494444,219186516,560,14,futex_do_wait
4924605829948238,3129401,qlever-server-d,S,1331,10,13417332901,226554218,489,4,futex_do_wait
4924605829948238,3129402,qlever-server-d,S,1332,14,13466764235,187458491,1068,15,futex_do_wait
4924605829948238,3129403,qlever-server-d,S,1336,13,13497126860,163575458,644,10,futex_do_wait
4924605829948238,3129404,qlever-server-d,S,1345,11,13571305558,78265165,599,3,futex_do_wait
4924605829948238,3129405,qlever-server-d,S,1345,10,13560163462,92373801,604,0,futex_do_wait
4924605829948238,3129406,qlever-server-d,S,1335,11,13472474169,178772485,618,6,futex_do_wait
4924605829948238,3129407,qlever-server-d,S,1334,10,13449390390,212171940,542,11,futex_do_wait
4924605829948238,3129408,qlever-server-d,S,0,0,15360,0,1,13,futex_do_wait
4924605829948238,3129409,qlever-server-d,S,0,0,193821,0,6,12,ep_poll
4924605829948238,3129410,qlever-server-d,S,0,0,479780,20000,11,3,futex_do_wait
4924605829948238,3129411,qlever-server-d,S,1,15,174327228,375336606,1524,7,futex_do_wait
4924605829948238,3129412,qlever-server-d,S,0,16,170041231,362824013,1418,5,futex_do_wait
4924605829948238,3129413,qlever-server-d,S,0,15,163326440,390753477,1499,7,futex_do_wait
4924605829948238,3129414,qlever-server-d,S,0,22,232064886,387388934,1696,5,futex_do_wait
4924605829948238,3129415,qlever-server-d,S,0,14,155843798,370403632,1559,7,futex_do_wait
4924605829948238,3129416,qlever-server-d,S,0,13,146537242,365627421,1394,5,futex_do_wait
4924605829948238,3129417,qlever-server-d,S,1,17,189316837,399838545,1555,14,futex_do_wait
4924605829948238,3129418,qlever-server-d,S,0,19,205085331,350337834,1439,2,ep_poll
4924605829948238,0,__system__,-,1024886820,7867997405,0,0,0,-1,-
4924605849948299,3128855,qlever-server-d,S,936,1591,25279315500,30777902,1912,1,futex_do_wait
4924605849948299,3128859,qlever-server-d,S,0,0,3058403,3205591,27,13,futex_do_wait
4924605849948299,3129400,qlever-server-d,S,1333,10,13443494444,219186516,560,14,futex_do_wait
4924605849948299,3129401,qlever-server-d,S,1331,10,13417332901,226554218,489,4,futex_do_wait
4924605849948299,3129402,qlever-server-d,S,1332,14,13466764235,187458491,1068,15,futex_do_wait
4924605849948299,3129403,qlever-server-d,S,1336,13,13497126860,163575458,644,10,futex_do_wait
4924605849948299,3129404,qlever-server-d,S,1345,11,13571305558,78265165,599,3,futex_do_wait
4924605849948299,3129405,qlever-server-d,S,1345,10,13560163462,92373801,604,0,futex_do_wait
4924605849948299,3129406,qlever-server-d,S,1335,11,13472474169,178772485,618,6,futex_do_wait
4924605849948299,3129407,qlever-server-d,S,1334,10,13449390390,212171940,542,11,futex_do_wait
4924605849948299,3129408,qlever-server-d,S,0,0,15360,0,1,13,futex_do_wait
4924605849948299,3129409,qlever-server-d,S,0,0,193821,0,6,12,ep_poll
4924605849948299,3129410,qlever-server-d,S,0,0,479780,20000,11,3,futex_do_wait
4924605849948299,3129411,qlever-server-d,S,1,15,174327228,375336606,1524,7,futex_do_wait
4924605849948299,3129412,qlever-server-d,S,0,16,170041231,362824013,1418,5,futex_do_wait
4924605849948299,3129413,qlever-server-d,S,0,15,163326440,390753477,1499,7,futex_do_wait
4924605849948299,3129414,qlever-server-d,S,0,22,232064886,387388934,1696,5,futex_do_wait
4924605849948299,3129415,qlever-server-d,S,0,14,155843798,370403632,1559,7,futex_do_wait
4924605849948299,3129416,qlever-server-d,S,0,13,146537242,365627421,1394,5,futex_do_wait
4924605849948299,3129417,qlever-server-d,S,1,17,189316837,399838545,1555,14,futex_do_wait
4924605849948299,3129418,qlever-server-d,S,0,19,205085331,350337834,1439,2,ep_poll
4924605849948299,0,__system__,-,1024886829,7867997435,0,0,0,-1,-
4924605869919231,3128855,qlever-server-d,S,936,1591,25279315500,30777902,1912,1,futex_do_wait
4924605869919231,3128859,qlever-server-d,S,0,0,3058403,3205591,27,13,futex_do_wait
4924605869919231,3129400,qlever-server-d,S,1333,10,13443494444,219186516,560,14,futex_do_wait
4924605869919231,3129401,qlever-server-d,S,1331,10,13417332901,226554218,489,4,futex_do_wait
4924605869919231,3129402,qlever-server-d,S,1332,14,13466764235,187458491,1068,15,futex_do_wait
4924605869919231,3129403,qlever-server-d,S,1336,13,13497126860,163575458,644,10,futex_do_wait
4924605869919231,3129404,qlever-server-d,S,1345,11,13571305558,78265165,599,3,futex_do_wait
4924605869919231,3129405,qlever-server-d,S,1345,10,13560163462,92373801,604,0,futex_do_wait
4924605869919231,3129406,qlever-server-d,S,1335,11,13472474169,178772485,618,6,futex_do_wait
4924605869919231,3129407,qlever-server-d,S,1334,10,13449390390,212171940,542,11,futex_do_wait
4924605869919231,3129408,qlever-server-d,S,0,0,15360,0,1,13,futex_do_wait
4924605869919231,3129409,qlever-server-d,S,0,0,193821,0,6,12,ep_poll
4924605869919231,3129410,qlever-server-d,S,0,0,479780,20000,11,3,futex_do_wait
4924605869919231,3129411,qlever-server-d,S,1,15,174327228,375336606,1524,7,futex_do_wait
4924605869919231,3129412,qlever-server-d,S,0,16,170041231,362824013,1418,5,futex_do_wait
4924605869919231,3129413,qlever-server-d,S,0,15,163326440,390753477,1499,7,futex_do_wait
4924605869919231,3129414,qlever-server-d,S,0,22,232064886,387388934,1696,5,futex_do_wait
4924605869919231,3129415,qlever-server-d,S,0,14,155843798,370403632,1559,7,futex_do_wait
4924605869919231,3129416,qlever-server-d,S,0,13,146537242,365627421,1394,5,futex_do_wait
4924605869919231,3129417,qlever-server-d,S,1,17,189316837,399838545,1555,14,futex_do_wait
4924605869919231,3129418,qlever-server-d,S,0,19,205085331,350337834,1439,2,ep_poll
4924605869919231,0,__system__,-,1024886840,7867997467,0,0,0,-1,-
4924605889944981,3128855,qlever-server-d,S,936,1591,25279315500,30777902,1912,1,futex_do_wait
4924605889944981,3128859,qlever-server-d,S,0,0,3058403,3205591,27,13,futex_do_wait
4924605889944981,3129400,qlever-server-d,S,1333,10,13443494444,219186516,560,14,futex_do_wait
4924605889944981,3129401,qlever-server-d,S,1331,10,13417332901,226554218,489,4,futex_do_wait
4924605889944981,3129402,qlever-server-d,S,1332,14,13466764235,187458491,1068,15,futex_do_wait
4924605889944981,3129403,qlever-server-d,S,1336,13,13497126860,163575458,644,10,futex_do_wait
4924605889944981,3129404,qlever-server-d,S,1345,11,13571305558,78265165,599,3,futex_do_wait
4924605889944981,3129405,qlever-server-d,S,1345,10,13560163462,92373801,604,0,futex_do_wait
4924605889944981,3129406,qlever-server-d,S,1335,11,13472474169,178772485,618,6,futex_do_wait
4924605889944981,3129407,qlever-server-d,S,1334,10,13449390390,212171940,542,11,futex_do_wait
4924605889944981,3129408,qlever-server-d,S,0,0,15360,0,1,13,futex_do_wait
4924605889944981,3129409,qlever-server-d,S,0,0,193821,0,6,12,ep_poll
4924605889944981,3129410,qlever-server-d,S,0,0,479780,20000,11,3,futex_do_wait
4924605889944981,3129411,qlever-server-d,S,1,15,174327228,375336606,1524,7,futex_do_wait
4924605889944981,3129412,qlever-server-d,S,0,16,170041231,362824013,1418,5,futex_do_wait
4924605889944981,3129413,qlever-server-d,S,0,15,163326440,390753477,1499,7,futex_do_wait
4924605889944981,3129414,qlever-server-d,S,0,22,232064886,387388934,1696,5,futex_do_wait
4924605889944981,3129415,qlever-server-d,S,0,14,155843798,370403632,1559,7,futex_do_wait
4924605889944981,3129416,qlever-server-d,S,0,13,146537242,365627421,1394,5,futex_do_wait
4924605889944981,3129417,qlever-server-d,S,1,17,189316837,399838545,1555,14,futex_do_wait
4924605889944981,3129418,qlever-server-d,S,0,19,205085331,350337834,1439,2,ep_poll
4924605889944981,0,__system__,-,1024886851,7867997498,0,0,0,-1,-
4924605909955492,3128855,qlever-server-d,S,936,1591,25279315500,30777902,1912,1,futex_do_wait
4924605909955492,3128859,qlever-server-d,S,0,0,3058403,3205591,27,13,futex_do_wait
4924605909955492,3129400,qlever-server-d,S,1333,10,13443494444,219186516,560,14,futex_do_wait
4924605909955492,3129401,qlever-server-d,S,1331,10,13417332901,226554218,489,4,futex_do_wait
4924605909955492,3129402,qlever-server-d,S,1332,14,13466764235,187458491,1068,15,futex_do_wait
4924605909955492,3129403,qlever-server-d,S,1336,13,13497126860,163575458,644,10,futex_do_wait
4924605909955492,3129404,qlever-server-d,S,1345,11,13571305558,78265165,599,3,futex_do_wait
4924605909955492,3129405,qlever-server-d,S,1345,10,13560163462,92373801,604,0,futex_do_wait
4924605909955492,3129406,qlever-server-d,S,1335,11,13472474169,178772485,618,6,futex_do_wait
4924605909955492,3129407,qlever-server-d,S,1334,10,13449390390,212171940,542,11,futex_do_wait
4924605909955492,3129408,qlever-server-d,S,0,0,15360,0,1,13,futex_do_wait
4924605909955492,3129409,qlever-server-d,S,0,0,193821,0,6,12,ep_poll
4924605909955492,3129410,qlever-server-d,S,0,0,479780,20000,11,3,futex_do_wait
4924605909955492,3129411,qlever-server-d,S,1,15,174327228,375336606,1524,7,futex_do_wait
4924605909955492,3129412,qlever-server-d,S,0,16,170041231,362824013,1418,5,futex_do_wait
4924605909955492,3129413,qlever-server-d,S,0,15,163326440,390753477,1499,7,futex_do_wait
4924605909955492,3129414,qlever-server-d,S,0,22,232064886,387388934,1696,5,futex_do_wait
4924605909955492,3129415,qlever-server-d,S,0,14,155843798,370403632,1559,7,futex_do_wait
4924605909955492,3129416,qlever-server-d,S,0,13,146537242,365627421,1394,5,futex_do_wait
4924605909955492,3129417,qlever-server-d,S,1,17,189316837,399838545,1555,14,futex_do_wait
4924605909955492,3129418,qlever-server-d,S,0,19,205085331,350337834,1439,2,ep_poll
4924605909955492,0,__system__,-,1024886864,7867997528,0,0,0,-1,-
4924605929949673,3128855,qlever-server-d,S,936,1591,25279315500,30777902,1912,1,futex_do_wait
4924605929949673,3128859,qlever-server-d,S,0,0,3058403,3205591,27,13,futex_do_wait
4924605929949673,3129400,qlever-server-d,S,1333,10,13443494444,219186516,560,14,futex_do_wait
4924605929949673,3129401,qlever-server-d,S,1331,10,13417332901,226554218,489,4,futex_do_wait
4924605929949673,3129402,qlever-server-d,S,1332,14,13466764235,187458491,1068,15,futex_do_wait
4924605929949673,3129403,qlever-server-d,S,1336,13,13497126860,163575458,644,10,futex_do_wait
4924605929949673,3129404,qlever-server-d,S,1345,11,13571305558,78265165,599,3,futex_do_wait
4924605929949673,3129405,qlever-server-d,S,1345,10,13560163462,92373801,604,0,futex_do_wait
4924605929949673,3129406,qlever-server-d,S,1335,11,13472474169,178772485,618,6,futex_do_wait
4924605929949673,3129407,qlever-server-d,S,1334,10,13449390390,212171940,542,11,futex_do_wait
4924605929949673,3129408,qlever-server-d,S,0,0,15360,0,1,13,futex_do_wait
4924605929949673,3129409,qlever-server-d,S,0,0,193821,0,6,12,ep_poll
4924605929949673,3129410,qlever-server-d,S,0,0,479780,20000,11,3,futex_do_wait
4924605929949673,3129411,qlever-server-d,S,1,15,174327228,375336606,1524,7,futex_do_wait
4924605929949673,3129412,qlever-server-d,S,0,16,170041231,362824013,1418,5,futex_do_wait
4924605929949673,3129413,qlever-server-d,S,0,15,163326440,390753477,1499,7,futex_do_wait
4924605929949673,3129414,qlever-server-d,S,0,22,232064886,387388934,1696,5,futex_do_wait
4924605929949673,3129415,qlever-server-d,S,0,14,155843798,370403632,1559,7,futex_do_wait
4924605929949673,3129416,qlever-server-d,S,0,13,146537242,365627421,1394,5,futex_do_wait
4924605929949673,3129417,qlever-server-d,S,1,17,189316837,399838545,1555,14,futex_do_wait
4924605929949673,3129418,qlever-server-d,S,0,19,205085331,350337834,1439,2,ep_poll
4924605929949673,0,__system__,-,1024886877,7867997560,0,0,0,-1,-
4924605949954894,3128855,qlever-server-d,S,936,1591,25279315500,30777902,1912,1,futex_do_wait
4924605949954894,3128859,qlever-server-d,S,0,0,3058403,3205591,27,13,futex_do_wait
4924605949954894,3129400,qlever-server-d,S,1333,10,13443494444,219186516,560,14,futex_do_wait
4924605949954894,3129401,qlever-server-d,S,1331,10,13417332901,226554218,489,4,futex_do_wait
4924605949954894,3129402,qlever-server-d,S,1332,14,13466764235,187458491,1068,15,futex_do_wait
4924605949954894,3129403,qlever-server-d,S,1336,13,13497126860,163575458,644,10,futex_do_wait
4924605949954894,3129404,qlever-server-d,S,1345,11,13571305558,78265165,599,3,futex_do_wait
4924605949954894,3129405,qlever-server-d,S,1345,10,13560163462,92373801,604,0,futex_do_wait
4924605949954894,3129406,qlever-server-d,S,1335,11,13472474169,178772485,618,6,futex_do_wait
4924605949954894,3129407,qlever-server-d,S,1334,10,13449390390,212171940,542,11,futex_do_wait
4924605949954894,3129408,qlever-server-d,S,0,0,15360,0,1,13,futex_do_wait
4924605949954894,3129409,qlever-server-d,S,0,0,193821,0,6,12,ep_poll
4924605949954894,3129410,qlever-server-d,S,0,0,479780,20000,11,3,futex_do_wait
4924605949954894,3129411,qlever-server-d,S,1,15,174327228,375336606,1524,7,futex_do_wait
4924605949954894,3129412,qlever-server-d,S,0,16,170041231,362824013,1418,5,futex_do_wait
4924605949954894,3129413,qlever-server-d,S,0,15,163326440,390753477,1499,7,futex_do_wait
4924605949954894,3129414,qlever-server-d,S,0,22,232064886,387388934,1696,5,futex_do_wait
4924605949954894,3129415,qlever-server-d,S,0,14,155843798,370403632,1559,7,futex_do_wait
4924605949954894,3129416,qlever-server-d,S,0,13,146537242,365627421,1394,5,futex_do_wait
4924605949954894,3129417,qlever-server-d,S,1,17,189316837,399838545,1555,14,futex_do_wait
4924605949954894,3129418,qlever-server-d,S,0,19,205085331,350337834,1439,2,ep_poll
4924605949954894,0,__system__,-,1024886890,7867997593,0,0,0,-1,-
4924605969939015,3128855,qlever-server-d,S,936,1591,25279315500,30777902,1912,1,futex_do_wait
4924605969939015,3128859,qlever-server-d,S,0,0,3058403,3205591,27,13,futex_do_wait
4924605969939015,3129400,qlever-server-d,S,1333,10,13443494444,219186516,560,14,futex_do_wait
4924605969939015,3129401,qlever-server-d,S,1331,10,13417332901,226554218,489,4,futex_do_wait
4924605969939015,3129402,qlever-server-d,S,1332,14,13466764235,187458491,1068,15,futex_do_wait
4924605969939015,3129403,qlever-server-d,S,1336,13,13497126860,163575458,644,10,futex_do_wait
4924605969939015,3129404,qlever-server-d,S,1345,11,13571305558,78265165,599,3,futex_do_wait
4924605969939015,3129405,qlever-server-d,S,1345,10,13560163462,92373801,604,0,futex_do_wait
4924605969939015,3129406,qlever-server-d,S,1335,11,13472474169,178772485,618,6,futex_do_wait
4924605969939015,3129407,qlever-server-d,S,1334,10,13449390390,212171940,542,11,futex_do_wait
4924605969939015,3129408,qlever-server-d,S,0,0,15360,0,1,13,futex_do_wait
4924605969939015,3129409,qlever-server-d,S,0,0,193821,0,6,12,ep_poll
4924605969939015,3129410,qlever-server-d,S,0,0,479780,20000,11,3,futex_do_wait
4924605969939015,3129411,qlever-server-d,S,1,15,174327228,375336606,1524,7,futex_do_wait
4924605969939015,3129412,qlever-server-d,S,0,16,170041231,362824013,1418,5,futex_do_wait
4924605969939015,3129413,qlever-server-d,S,0,15,163326440,390753477,1499,7,futex_do_wait
4924605969939015,3129414,qlever-server-d,S,0,22,232064886,387388934,1696,5,futex_do_wait
4924605969939015,3129415,qlever-server-d,S,0,14,155843798,370403632,1559,7,futex_do_wait
4924605969939015,3129416,qlever-server-d,S,0,13,146537242,365627421,1394,5,futex_do_wait
4924605969939015,3129417,qlever-server-d,S,1,17,189316837,399838545,1555,14,futex_do_wait
4924605969939015,3129418,qlever-server-d,S,0,19,205085331,350337834,1439,2,ep_poll
4924605969939015,0,__system__,-,1024886904,7867997626,0,0,0,-1,-
4924605989948186,3128855,qlever-server-d,S,936,1591,25279315500,30777902,1912,1,futex_do_wait
4924605989948186,3128859,qlever-server-d,S,0,0,3058403,3205591,27,13,futex_do_wait
4924605989948186,3129400,qlever-server-d,S,1333,10,13443494444,219186516,560,14,futex_do_wait
4924605989948186,3129401,qlever-server-d,S,1331,10,13417332901,226554218,489,4,futex_do_wait
4924605989948186,3129402,qlever-server-d,S,1332,14,13466764235,187458491,1068,15,futex_do_wait
4924605989948186,3129403,qlever-server-d,S,1336,13,13497126860,163575458,644,10,futex_do_wait
4924605989948186,3129404,qlever-server-d,S,1345,11,13571305558,78265165,599,3,futex_do_wait
4924605989948186,3129405,qlever-server-d,S,1345,10,13560163462,92373801,604,0,futex_do_wait
4924605989948186,3129406,qlever-server-d,S,1335,11,13472474169,178772485,618,6,futex_do_wait
4924605989948186,3129407,qlever-server-d,S,1334,10,13449390390,212171940,542,11,futex_do_wait
4924605989948186,3129408,qlever-server-d,S,0,0,15360,0,1,13,futex_do_wait
4924605989948186,3129409,qlever-server-d,S,0,0,193821,0,6,12,ep_poll
4924605989948186,3129410,qlever-server-d,S,0,0,479780,20000,11,3,futex_do_wait
4924605989948186,3129411,qlever-server-d,S,1,15,174327228,375336606,1524,7,futex_do_wait
4924605989948186,3129412,qlever-server-d,S,0,16,170041231,362824013,1418,5,futex_do_wait
4924605989948186,3129413,qlever-server-d,S,0,15,163326440,390753477,1499,7,futex_do_wait
4924605989948186,3129414,qlever-server-d,S,0,22,232064886,387388934,1696,5,futex_do_wait
4924605989948186,3129415,qlever-server-d,S,0,14,155843798,370403632,1559,7,futex_do_wait
4924605989948186,3129416,qlever-server-d,S,0,13,146537242,365627421,1394,5,futex_do_wait
4924605989948186,3129417,qlever-server-d,S,1,17,189316837,399838545,1555,14,futex_do_wait
4924605989948186,3129418,qlever-server-d,S,0,19,205085331,350337834,1439,2,ep_poll
4924605989948186,0,__system__,-,1024886916,7867997658,0,0,0,-1,-
4924606009961057,3128855,qlever-server-d,S,936,1591,25279315500,30777902,1912,1,futex_do_wait
4924606009961057,3128859,qlever-server-d,S,0,0,3058403,3205591,27,13,futex_do_wait
4924606009961057,3129400,qlever-server-d,S,1333,10,13443494444,219186516,560,14,futex_do_wait
4924606009961057,3129401,qlever-server-d,S,1331,10,13417332901,226554218,489,4,futex_do_wait
4924606009961057,3129402,qlever-server-d,S,1332,14,13466764235,187458491,1068,15,futex_do_wait
4924606009961057,3129403,qlever-server-d,S,1336,13,13497126860,163575458,644,10,futex_do_wait
4924606009961057,3129404,qlever-server-d,S,1345,11,13571305558,78265165,599,3,futex_do_wait
4924606009961057,3129405,qlever-server-d,S,1345,10,13560163462,92373801,604,0,futex_do_wait
4924606009961057,3129406,qlever-server-d,S,1335,11,13472474169,178772485,618,6,futex_do_wait
4924606009961057,3129407,qlever-server-d,S,1334,10,13449390390,212171940,542,11,futex_do_wait
4924606009961057,3129408,qlever-server-d,S,0,0,15360,0,1,13,futex_do_wait
4924606009961057,3129409,qlever-server-d,S,0,0,193821,0,6,12,ep_poll
4924606009961057,3129410,qlever-server-d,S,0,0,479780,20000,11,3,futex_do_wait
4924606009961057,3129411,qlever-server-d,S,1,15,174327228,375336606,1524,7,futex_do_wait
4924606009961057,3129412,qlever-server-d,S,0,16,170041231,362824013,1418,5,futex_do_wait
4924606009961057,3129413,qlever-server-d,S,0,15,163326440,390753477,1499,7,futex_do_wait
4924606009961057,3129414,qlever-server-d,S,0,22,232064886,387388934,1696,5,futex_do_wait
4924606009961057,3129415,qlever-server-d,S,0,14,155843798,370403632,1559,7,futex_do_wait
4924606009961057,3129416,qlever-server-d,S,0,13,146537242,365627421,1394,5,futex_do_wait
4924606009961057,3129417,qlever-server-d,S,1,17,189316837,399838545,1555,14,futex_do_wait
4924606009961057,3129418,qlever-server-d,S,0,19,205085331,350337834,1439,2,ep_poll
4924606009961057,0,__system__,-,1024886929,7867997691,0,0,0,-1,-
4924606029953338,3128855,qlever-server-d,S,936,1591,25279315500,30777902,1912,1,futex_do_wait
4924606029953338,3128859,qlever-server-d,S,0,0,3058403,3205591,27,13,futex_do_wait
4924606029953338,3129400,qlever-server-d,S,1333,10,13443494444,219186516,560,14,futex_do_wait
4924606029953338,3129401,qlever-server-d,S,1331,10,13417332901,226554218,489,4,futex_do_wait
4924606029953338,3129402,qlever-server-d,S,1332,14,13466764235,187458491,1068,15,futex_do_wait
4924606029953338,3129403,qlever-server-d,S,1336,13,13497126860,163575458,644,10,futex_do_wait
4924606029953338,3129404,qlever-server-d,S,1345,11,13571305558,78265165,599,3,futex_do_wait
4924606029953338,3129405,qlever-server-d,S,1345,10,13560163462,92373801,604,0,futex_do_wait
4924606029953338,3129406,qlever-server-d,S,1335,11,13472474169,178772485,618,6,futex_do_wait
4924606029953338,3129407,qlever-server-d,S,1334,10,13449390390,212171940,542,11,futex_do_wait
4924606029953338,3129408,qlever-server-d,S,0,0,15360,0,1,13,futex_do_wait
4924606029953338,3129409,qlever-server-d,S,0,0,193821,0,6,12,ep_poll
4924606029953338,3129410,qlever-server-d,S,0,0,479780,20000,11,3,futex_do_wait
4924606029953338,3129411,qlever-server-d,S,1,15,174327228,375336606,1524,7,futex_do_wait
4924606029953338,3129412,qlever-server-d,S,0,16,170041231,362824013,1418,5,futex_do_wait
4924606029953338,3129413,qlever-server-d,S,0,15,163326440,390753477,1499,7,futex_do_wait
4924606029953338,3129414,qlever-server-d,S,0,22,232064886,387388934,1696,5,futex_do_wait
4924606029953338,3129415,qlever-server-d,S,0,14,155843798,370403632,1559,7,futex_do_wait
4924606029953338,3129416,qlever-server-d,S,0,13,146537242,365627421,1394,5,futex_do_wait
4924606029953338,3129417,qlever-server-d,S,1,17,189316837,399838545,1555,14,futex_do_wait
4924606029953338,3129418,qlever-server-d,S,0,19,205085331,350337834,1439,2,ep_poll
4924606029953338,0,__system__,-,1024886942,7867997721,0,0,0,-1,-
4924606049952909,3128855,qlever-server-d,S,936,1591,25279315500,30777902,1912,1,futex_do_wait
4924606049952909,3128859,qlever-server-d,S,0,0,3058403,3205591,27,13,futex_do_wait
4924606049952909,3129400,qlever-server-d,S,1333,10,13443494444,219186516,560,14,futex_do_wait
4924606049952909,3129401,qlever-server-d,S,1331,10,13417332901,226554218,489,4,futex_do_wait
4924606049952909,3129402,qlever-server-d,S,1332,14,13466764235,187458491,1068,15,futex_do_wait
4924606049952909,3129403,qlever-server-d,S,1336,13,13497126860,163575458,644,10,futex_do_wait
4924606049952909,3129404,qlever-server-d,S,1345,11,13571305558,78265165,599,3,futex_do_wait
4924606049952909,3129405,qlever-server-d,S,1345,10,13560163462,92373801,604,0,futex_do_wait
4924606049952909,3129406,qlever-server-d,S,1335,11,13472474169,178772485,618,6,futex_do_wait
4924606049952909,3129407,qlever-server-d,S,1334,10,13449390390,212171940,542,11,futex_do_wait
4924606049952909,3129408,qlever-server-d,S,0,0,15360,0,1,13,futex_do_wait
4924606049952909,3129409,qlever-server-d,S,0,0,193821,0,6,12,ep_poll
4924606049952909,3129410,qlever-server-d,S,0,0,479780,20000,11,3,futex_do_wait
4924606049952909,3129411,qlever-server-d,S,1,15,174327228,375336606,1524,7,futex_do_wait
4924606049952909,3129412,qlever-server-d,S,0,16,170041231,362824013,1418,5,futex_do_wait
4924606049952909,3129413,qlever-server-d,S,0,15,163326440,390753477,1499,7,futex_do_wait
4924606049952909,3129414,qlever-server-d,S,0,22,232064886,387388934,1696,5,futex_do_wait
4924606049952909,3129415,qlever-server-d,S,0,14,155843798,370403632,1559,7,futex_do_wait
4924606049952909,3129416,qlever-server-d,S,0,13,146537242,365627421,1394,5,futex_do_wait
4924606049952909,3129417,qlever-server-d,S,1,17,189316837,399838545,1555,14,futex_do_wait
4924606049952909,3129418,qlever-server-d,S,0,19,205085331,350337834,1439,2,ep_poll
4924606049952909,0,__system__,-,1024886956,7867997754,0,0,0,-1,-
4924606069939220,3128855,qlever-server-d,S,936,1591,25279315500,30777902,1912,1,futex_do_wait
4924606069939220,3128859,qlever-server-d,S,0,0,3058403,3205591,27,13,futex_do_wait
4924606069939220,3129400,qlever-server-d,S,1333,10,13443494444,219186516,560,14,futex_do_wait
4924606069939220,3129401,qlever-server-d,S,1331,10,13417332901,226554218,489,4,futex_do_wait
4924606069939220,3129402,qlever-server-d,S,1332,14,13466764235,187458491,1068,15,futex_do_wait
4924606069939220,3129403,qlever-server-d,S,1336,13,13497126860,163575458,644,10,futex_do_wait
4924606069939220,3129404,qlever-server-d,S,1345,11,13571305558,78265165,599,3,futex_do_wait
4924606069939220,3129405,qlever-server-d,S,1345,10,13560163462,92373801,604,0,futex_do_wait
4924606069939220,3129406,qlever-server-d,S,1335,11,13472474169,178772485,618,6,futex_do_wait
4924606069939220,3129407,qlever-server-d,S,1334,10,13449390390,212171940,542,11,futex_do_wait
4924606069939220,3129408,qlever-server-d,S,0,0,15360,0,1,13,futex_do_wait
4924606069939220,3129409,qlever-server-d,S,0,0,193821,0,6,12,ep_poll
4924606069939220,3129410,qlever-server-d,S,0,0,479780,20000,11,3,futex_do_wait
4924606069939220,3129411,qlever-server-d,S,1,15,174327228,375336606,1524,7,futex_do_wait
4924606069939220,3129412,qlever-server-d,S,0,16,170041231,362824013,1418,5,futex_do_wait
4924606069939220,3129413,qlever-server-d,S,0,15,163326440,390753477,1499,7,futex_do_wait
4924606069939220,3129414,qlever-server-d,S,0,22,232064886,387388934,1696,5,futex_do_wait
4924606069939220,3129415,qlever-server-d,S,0,14,155843798,370403632,1559,7,futex_do_wait
4924606069939220,3129416,qlever-server-d,S,0,13,146537242,365627421,1394,5,futex_do_wait
4924606069939220,3129417,qlever-server-d,S,1,17,189316837,399838545,1555,14,futex_do_wait
4924606069939220,3129418,qlever-server-d,S,0,19,205085331,350337834,1439,2,ep_poll
4924606069939220,0,__system__,-,1024886967,7867997785,0,0,0,-1,-
4924606089927441,3128855,qlever-server-d,S,936,1591,25279315500,30777902,1912,1,futex_do_wait
4924606089927441,3128859,qlever-server-d,S,0,0,3058403,3205591,27,13,futex_do_wait
4924606089927441,3129400,qlever-server-d,S,1333,10,13443494444,219186516,560,14,futex_do_wait
4924606089927441,3129401,qlever-server-d,S,1331,10,13417332901,226554218,489,4,futex_do_wait
4924606089927441,3129402,qlever-server-d,S,1332,14,13466764235,187458491,1068,15,futex_do_wait
4924606089927441,3129403,qlever-server-d,S,1336,13,13497126860,163575458,644,10,futex_do_wait
4924606089927441,3129404,qlever-server-d,S,1345,11,13571305558,78265165,599,3,futex_do_wait
4924606089927441,3129405,qlever-server-d,S,1345,10,13560163462,92373801,604,0,futex_do_wait
4924606089927441,3129406,qlever-server-d,S,1335,11,13472474169,178772485,618,6,futex_do_wait
4924606089927441,3129407,qlever-server-d,S,1334,10,13449390390,212171940,542,11,futex_do_wait
4924606089927441,3129408,qlever-server-d,S,0,0,15360,0,1,13,futex_do_wait
4924606089927441,3129409,qlever-server-d,S,0,0,193821,0,6,12,ep_poll
4924606089927441,3129410,qlever-server-d,S,0,0,479780,20000,11,3,futex_do_wait
4924606089927441,3129411,qlever-server-d,S,1,15,174327228,375336606,1524,7,futex_do_wait
4924606089927441,3129412,qlever-server-d,S,0,16,170041231,362824013,1418,5,futex_do_wait
4924606089927441,3129413,qlever-server-d,S,0,15,163326440,390753477,1499,7,futex_do_wait
4924606089927441,3129414,qlever-server-d,S,0,22,232064886,387388934,1696,5,futex_do_wait
4924606089927441,3129415,qlever-server-d,S,0,14,155843798,370403632,1559,7,futex_do_wait
4924606089927441,3129416,qlever-server-d,S,0,13,146537242,365627421,1394,5,futex_do_wait
4924606089927441,3129417,qlever-server-d,S,1,17,189316837,399838545,1555,14,futex_do_wait
4924606089927441,3129418,qlever-server-d,S,0,19,205085331,350337834,1439,2,ep_poll
4924606089927441,0,__system__,-,1024886980,7867997817,0,0,0,-1,-
4924606109948622,3128855,qlever-server-d,S,936,1591,25279315500,30777902,1912,1,futex_do_wait
4924606109948622,3128859,qlever-server-d,S,0,0,3058403,3205591,27,13,futex_do_wait
4924606109948622,3129400,qlever-server-d,S,1333,10,13443494444,219186516,560,14,futex_do_wait
4924606109948622,3129401,qlever-server-d,S,1331,10,13417332901,226554218,489,4,futex_do_wait
4924606109948622,3129402,qlever-server-d,S,1332,14,13466764235,187458491,1068,15,futex_do_wait
4924606109948622,3129403,qlever-server-d,S,1336,13,13497126860,163575458,644,10,futex_do_wait
4924606109948622,3129404,qlever-server-d,S,1345,11,13571305558,78265165,599,3,futex_do_wait
4924606109948622,3129405,qlever-server-d,S,1345,10,13560163462,92373801,604,0,futex_do_wait
4924606109948622,3129406,qlever-server-d,S,1335,11,13472474169,178772485,618,6,futex_do_wait
4924606109948622,3129407,qlever-server-d,S,1334,10,13449390390,212171940,542,11,futex_do_wait
4924606109948622,3129408,qlever-server-d,S,0,0,15360,0,1,13,futex_do_wait
4924606109948622,3129409,qlever-server-d,S,0,0,193821,0,6,12,ep_poll
4924606109948622,3129410,qlever-server-d,S,0,0,479780,20000,11,3,futex_do_wait
4924606109948622,3129411,qlever-server-d,S,1,15,174327228,375336606,1524,7,futex_do_wait
4924606109948622,3129412,qlever-server-d,S,0,16,170041231,362824013,1418,5,futex_do_wait
4924606109948622,3129413,qlever-server-d,S,0,15,163326440,390753477,1499,7,futex_do_wait
4924606109948622,3129414,qlever-server-d,S,0,22,232064886,387388934,1696,5,futex_do_wait
4924606109948622,3129415,qlever-server-d,S,0,14,155843798,370403632,1559,7,futex_do_wait
4924606109948622,3129416,qlever-server-d,S,0,13,146537242,365627421,1394,5,futex_do_wait
4924606109948622,3129417,qlever-server-d,S,1,17,189316837,399838545,1555,14,futex_do_wait
4924606109948622,3129418,qlever-server-d,S,0,19,205085331,350337834,1439,2,ep_poll
4924606109948622,0,__system__,-,1024886993,7867997850,0,0,0,-1,-
4924606129940013,3128855,qlever-server-d,S,936,1591,25279315500,30777902,1912,1,futex_do_wait
4924606129940013,3128859,qlever-server-d,S,0,0,3058403,3205591,27,13,futex_do_wait
4924606129940013,3129400,qlever-server-d,S,1333,10,13443494444,219186516,560,14,futex_do_wait
4924606129940013,3129401,qlever-server-d,S,1331,10,13417332901,226554218,489,4,futex_do_wait
4924606129940013,3129402,qlever-server-d,S,1332,14,13466764235,187458491,1068,15,futex_do_wait
4924606129940013,3129403,qlever-server-d,S,1336,13,13497126860,163575458,644,10,futex_do_wait
4924606129940013,3129404,qlever-server-d,S,1345,11,13571305558,78265165,599,3,futex_do_wait
4924606129940013,3129405,qlever-server-d,S,1345,10,13560163462,92373801,604,0,futex_do_wait
4924606129940013,3129406,qlever-server-d,S,1335,11,13472474169,178772485,618,6,futex_do_wait
4924606129940013,3129407,qlever-server-d,S,1334,10,13449390390,212171940,542,11,futex_do_wait
4924606129940013,3129408,qlever-server-d,S,0,0,15360,0,1,13,futex_do_wait
4924606129940013,3129409,qlever-server-d,S,0,0,193821,0,6,12,ep_poll
4924606129940013,3129410,qlever-server-d,S,0,0,479780,20000,11,3,futex_do_wait
4924606129940013,3129411,qlever-server-d,S,1,15,174327228,375336606,1524,7,futex_do_wait
4924606129940013,3129412,qlever-server-d,S,0,16,170041231,362824013,1418,5,futex_do_wait
4924606129940013,3129413,qlever-server-d,S,0,15,163326440,390753477,1499,7,futex_do_wait
4924606129940013,3129414,qlever-server-d,S,0,22,232064886,387388934,1696,5,futex_do_wait
4924606129940013,3129415,qlever-server-d,S,0,14,155843798,370403632,1559,7,futex_do_wait
4924606129940013,3129416,qlever-server-d,S,0,13,146537242,365627421,1394,5,futex_do_wait
4924606129940013,3129417,qlever-server-d,S,1,17,189316837,399838545,1555,14,futex_do_wait
4924606129940013,3129418,qlever-server-d,S,0,19,205085331,350337834,1439,2,ep_poll
4924606129940013,0,__system__,-,1024887005,7867997881,0,0,0,-1,-
4924606149947404,3128855,qlever-server-d,S,936,1591,25279315500,30777902,1912,1,futex_do_wait
4924606149947404,3128859,qlever-server-d,S,0,0,3058403,3205591,27,13,futex_do_wait
4924606149947404,3129400,qlever-server-d,S,1333,10,13443494444,219186516,560,14,futex_do_wait
4924606149947404,3129401,qlever-server-d,S,1331,10,13417332901,226554218,489,4,futex_do_wait
4924606149947404,3129402,qlever-server-d,S,1332,14,13466764235,187458491,1068,15,futex_do_wait
4924606149947404,3129403,qlever-server-d,S,1336,13,13497126860,163575458,644,10,futex_do_wait
4924606149947404,3129404,qlever-server-d,S,1345,11,13571305558,78265165,599,3,futex_do_wait
4924606149947404,3129405,qlever-server-d,S,1345,10,13560163462,92373801,604,0,futex_do_wait
4924606149947404,3129406,qlever-server-d,S,1335,11,13472474169,178772485,618,6,futex_do_wait
4924606149947404,3129407,qlever-server-d,S,1334,10,13449390390,212171940,542,11,futex_do_wait
4924606149947404,3129408,qlever-server-d,S,0,0,15360,0,1,13,futex_do_wait
4924606149947404,3129409,qlever-server-d,S,0,0,193821,0,6,12,ep_poll
4924606149947404,3129410,qlever-server-d,S,0,0,479780,20000,11,3,futex_do_wait
4924606149947404,3129411,qlever-server-d,S,1,15,174327228,375336606,1524,7,futex_do_wait
4924606149947404,3129412,qlever-server-d,S,0,16,170041231,362824013,1418,5,futex_do_wait
4924606149947404,3129413,qlever-server-d,S,0,15,163326440,390753477,1499,7,futex_do_wait
4924606149947404,3129414,qlever-server-d,S,0,22,232064886,387388934,1696,5,futex_do_wait
4924606149947404,3129415,qlever-server-d,S,0,14,155843798,370403632,1559,7,futex_do_wait
4924606149947404,3129416,qlever-server-d,S,0,13,146537242,365627421,1394,5,futex_do_wait
4924606149947404,3129417,qlever-server-d,S,1,17,189316837,399838545,1555,14,futex_do_wait
4924606149947404,3129418,qlever-server-d,S,0,19,205085331,350337834,1439,2,ep_poll
4924606149947404,0,__system__,-,1024887019,7867997913,0,0,0,-1,-
4924606169956545,3128855,qlever-server-d,S,936,1591,25279315500,30777902,1912,1,futex_do_wait
4924606169956545,3128859,qlever-server-d,S,0,0,3058403,3205591,27,13,futex_do_wait
4924606169956545,3129400,qlever-server-d,S,1333,10,13443494444,219186516,560,14,futex_do_wait
4924606169956545,3129401,qlever-server-d,S,1331,10,13417332901,226554218,489,4,futex_do_wait
4924606169956545,3129402,qlever-server-d,S,1332,14,13466764235,187458491,1068,15,futex_do_wait
4924606169956545,3129403,qlever-server-d,S,1336,13,13497126860,163575458,644,10,futex_do_wait
4924606169956545,3129404,qlever-server-d,S,1345,11,13571305558,78265165,599,3,futex_do_wait
4924606169956545,3129405,qlever-server-d,S,1345,10,13560163462,92373801,604,0,futex_do_wait
4924606169956545,3129406,qlever-server-d,S,1335,11,13472474169,178772485,618,6,futex_do_wait
4924606169956545,3129407,qlever-server-d,S,1334,10,13449390390,212171940,542,11,futex_do_wait
4924606169956545,3129408,qlever-server-d,S,0,0,15360,0,1,13,futex_do_wait
4924606169956545,3129409,qlever-server-d,S,0,0,193821,0,6,12,ep_poll
4924606169956545,3129410,qlever-server-d,S,0,0,479780,20000,11,3,futex_do_wait
4924606169956545,3129411,qlever-server-d,S,1,15,174327228,375336606,1524,7,futex_do_wait
4924606169956545,3129412,qlever-server-d,S,0,16,170041231,362824013,1418,5,futex_do_wait
4924606169956545,3129413,qlever-server-d,S,0,15,163326440,390753477,1499,7,futex_do_wait
4924606169956545,3129414,qlever-server-d,S,0,22,232064886,387388934,1696,5,futex_do_wait
4924606169956545,3129415,qlever-server-d,S,0,14,155843798,370403632,1559,7,futex_do_wait
4924606169956545,3129416,qlever-server-d,S,0,13,146537242,365627421,1394,5,futex_do_wait
4924606169956545,3129417,qlever-server-d,S,1,17,189316837,399838545,1555,14,futex_do_wait
4924606169956545,3129418,qlever-server-d,S,0,19,205085331,350337834,1439,2,ep_poll
4924606169956545,0,__system__,-,1024887031,7867997944,0,0,0,-1,-
4924606189952775,3128855,qlever-server-d,S,936,1591,25279315500,30777902,1912,1,futex_do_wait
4924606189952775,3128859,qlever-server-d,S,0,0,3058403,3205591,27,13,futex_do_wait
4924606189952775,3129400,qlever-server-d,S,1333,10,13443494444,219186516,560,14,futex_do_wait
4924606189952775,3129401,qlever-server-d,S,1331,10,13417332901,226554218,489,4,futex_do_wait
4924606189952775,3129402,qlever-server-d,S,1332,14,13466764235,187458491,1068,15,futex_do_wait
4924606189952775,3129403,qlever-server-d,S,1336,13,13497126860,163575458,644,10,futex_do_wait
4924606189952775,3129404,qlever-server-d,S,1345,11,13571305558,78265165,599,3,futex_do_wait
4924606189952775,3129405,qlever-server-d,S,1345,10,13560163462,92373801,604,0,futex_do_wait
4924606189952775,3129406,qlever-server-d,S,1335,11,13472474169,178772485,618,6,futex_do_wait
4924606189952775,3129407,qlever-server-d,S,1334,10,13449390390,212171940,542,11,futex_do_wait
4924606189952775,3129408,qlever-server-d,S,0,0,15360,0,1,13,futex_do_wait
4924606189952775,3129409,qlever-server-d,S,0,0,193821,0,6,12,ep_poll
4924606189952775,3129410,qlever-server-d,S,0,0,479780,20000,11,3,futex_do_wait
4924606189952775,3129411,qlever-server-d,S,1,15,174327228,375336606,1524,7,futex_do_wait
4924606189952775,3129412,qlever-server-d,S,0,16,170041231,362824013,1418,5,futex_do_wait
4924606189952775,3129413,qlever-server-d,S,0,15,163326440,390753477,1499,7,futex_do_wait
4924606189952775,3129414,qlever-server-d,S,0,22,232064886,387388934,1696,5,futex_do_wait
4924606189952775,3129415,qlever-server-d,S,0,14,155843798,370403632,1559,7,futex_do_wait
4924606189952775,3129416,qlever-server-d,S,0,13,146537242,365627421,1394,5,futex_do_wait
4924606189952775,3129417,qlever-server-d,S,1,17,189316837,399838545,1555,14,futex_do_wait
4924606189952775,3129418,qlever-server-d,S,0,19,205085331,350337834,1439,2,ep_poll
4924606189952775,0,__system__,-,1024887043,7867997976,0,0,0,-1,-
4924606209954456,3128855,qlever-server-d,S,936,1591,25279315500,30777902,1912,1,futex_do_wait
4924606209954456,3128859,qlever-server-d,S,0,0,3058403,3205591,27,13,futex_do_wait
4924606209954456,3129400,qlever-server-d,S,1333,10,13443494444,219186516,560,14,futex_do_wait
4924606209954456,3129401,qlever-server-d,S,1331,10,13417332901,226554218,489,4,futex_do_wait
4924606209954456,3129402,qlever-server-d,S,1332,14,13466764235,187458491,1068,15,futex_do_wait
4924606209954456,3129403,qlever-server-d,S,1336,13,13497126860,163575458,644,10,futex_do_wait
4924606209954456,3129404,qlever-server-d,S,1345,11,13571305558,78265165,599,3,futex_do_wait
4924606209954456,3129405,qlever-server-d,S,1345,10,13560163462,92373801,604,0,futex_do_wait
4924606209954456,3129406,qlever-server-d,S,1335,11,13472474169,178772485,618,6,futex_do_wait
4924606209954456,3129407,qlever-server-d,S,1334,10,13449390390,212171940,542,11,futex_do_wait
4924606209954456,3129408,qlever-server-d,S,0,0,15360,0,1,13,futex_do_wait
4924606209954456,3129409,qlever-server-d,S,0,0,193821,0,6,12,ep_poll
4924606209954456,3129410,qlever-server-d,S,0,0,479780,20000,11,3,futex_do_wait
4924606209954456,3129411,qlever-server-d,S,1,15,174327228,375336606,1524,7,futex_do_wait
4924606209954456,3129412,qlever-server-d,S,0,16,170041231,362824013,1418,5,futex_do_wait
4924606209954456,3129413,qlever-server-d,S,0,15,163326440,390753477,1499,7,futex_do_wait
4924606209954456,3129414,qlever-server-d,S,0,22,232064886,387388934,1696,5,futex_do_wait
4924606209954456,3129415,qlever-server-d,S,0,14,155843798,370403632,1559,7,futex_do_wait
4924606209954456,3129416,qlever-server-d,S,0,13,146537242,365627421,1394,5,futex_do_wait
4924606209954456,3129417,qlever-server-d,S,1,17,189316837,399838545,1555,14,futex_do_wait
4924606209954456,3129418,qlever-server-d,S,0,19,205085331,350337834,1439,2,ep_poll
4924606209954456,0,__system__,-,1024887056,7867998008,0,0,0,-1,-
4924606229962737,3128855,qlever-server-d,S,936,1591,25279315500,30777902,1912,1,futex_do_wait
4924606229962737,3128859,qlever-server-d,S,0,0,3058403,3205591,27,13,futex_do_wait
4924606229962737,3129400,qlever-server-d,S,1333,10,13443494444,219186516,560,14,futex_do_wait
4924606229962737,3129401,qlever-server-d,S,1331,10,13417332901,226554218,489,4,futex_do_wait
4924606229962737,3129402,qlever-server-d,S,1332,14,13466764235,187458491,1068,15,futex_do_wait
4924606229962737,3129403,qlever-server-d,S,1336,13,13497126860,163575458,644,10,futex_do_wait
4924606229962737,3129404,qlever-server-d,S,1345,11,13571305558,78265165,599,3,futex_do_wait
4924606229962737,3129405,qlever-server-d,S,1345,10,13560163462,92373801,604,0,futex_do_wait
4924606229962737,3129406,qlever-server-d,S,1335,11,13472474169,178772485,618,6,futex_do_wait
4924606229962737,3129407,qlever-server-d,S,1334,10,13449390390,212171940,542,11,futex_do_wait
4924606229962737,3129408,qlever-server-d,S,0,0,15360,0,1,13,futex_do_wait
4924606229962737,3129409,qlever-server-d,S,0,0,193821,0,6,12,ep_poll
4924606229962737,3129410,qlever-server-d,S,0,0,479780,20000,11,3,futex_do_wait
4924606229962737,3129411,qlever-server-d,S,1,15,174327228,375336606,1524,7,futex_do_wait
4924606229962737,3129412,qlever-server-d,S,0,16,170041231,362824013,1418,5,futex_do_wait
4924606229962737,3129413,qlever-server-d,S,0,15,163326440,390753477,1499,7,futex_do_wait
4924606229962737,3129414,qlever-server-d,S,0,22,232064886,387388934,1696,5,futex_do_wait
4924606229962737,3129415,qlever-server-d,S,0,14,155843798,370403632,1559,7,futex_do_wait
4924606229962737,3129416,qlever-server-d,S,0,13,146537242,365627421,1394,5,futex_do_wait
4924606229962737,3129417,qlever-server-d,S,1,17,189316837,399838545,1555,14,futex_do_wait
4924606229962737,3129418,qlever-server-d,S,0,19,205085331,350337834,1439,2,ep_poll
4924606229962737,0,__system__,-,1024887069,7867998041,0,0,0,-1,-
4924606249955498,3128855,qlever-server-d,S,936,1591,25279315500,30777902,1912,1,futex_do_wait
4924606249955498,3128859,qlever-server-d,S,0,0,3058403,3205591,27,13,futex_do_wait
4924606249955498,3129400,qlever-server-d,S,1333,10,13443494444,219186516,560,14,futex_do_wait
4924606249955498,3129401,qlever-server-d,S,1331,10,13417332901,226554218,489,4,futex_do_wait
4924606249955498,3129402,qlever-server-d,S,1332,14,13466764235,187458491,1068,15,futex_do_wait
4924606249955498,3129403,qlever-server-d,S,1336,13,13497126860,163575458,644,10,futex_do_wait
4924606249955498,3129404,qlever-server-d,S,1345,11,13571305558,78265165,599,3,futex_do_wait
4924606249955498,3129405,qlever-server-d,S,1345,10,13560163462,92373801,604,0,futex_do_wait
4924606249955498,3129406,qlever-server-d,S,1335,11,13472474169,178772485,618,6,futex_do_wait
4924606249955498,3129407,qlever-server-d,S,1334,10,13449390390,212171940,542,11,futex_do_wait
4924606249955498,3129408,qlever-server-d,S,0,0,15360,0,1,13,futex_do_wait
4924606249955498,3129409,qlever-server-d,S,0,0,193821,0,6,12,ep_poll
4924606249955498,3129410,qlever-server-d,S,0,0,479780,20000,11,3,futex_do_wait
4924606249955498,3129411,qlever-server-d,S,1,15,174327228,375336606,1524,7,futex_do_wait
4924606249955498,3129412,qlever-server-d,S,0,16,170041231,362824013,1418,5,futex_do_wait
4924606249955498,3129413,qlever-server-d,S,0,15,163326440,390753477,1499,7,futex_do_wait
4924606249955498,3129414,qlever-server-d,S,0,22,232064886,387388934,1696,5,futex_do_wait
4924606249955498,3129415,qlever-server-d,S,0,14,155843798,370403632,1559,7,futex_do_wait
4924606249955498,3129416,qlever-server-d,S,0,13,146537242,365627421,1394,5,futex_do_wait
4924606249955498,3129417,qlever-server-d,S,1,17,189316837,399838545,1555,14,futex_do_wait
4924606249955498,3129418,qlever-server-d,S,0,19,205085331,350337834,1439,2,ep_poll
4924606249955498,0,__system__,-,1024887081,7867998073,0,0,0,-1,-
4924606269948289,3128855,qlever-server-d,S,936,1591,25279315500,30777902,1912,1,futex_do_wait
4924606269948289,3128859,qlever-server-d,S,0,0,3058403,3205591,27,13,futex_do_wait
4924606269948289,3129400,qlever-server-d,S,1333,10,13443494444,219186516,560,14,futex_do_wait
4924606269948289,3129401,qlever-server-d,S,1331,10,13417332901,226554218,489,4,futex_do_wait
4924606269948289,3129402,qlever-server-d,S,1332,14,13466764235,187458491,1068,15,futex_do_wait
4924606269948289,3129403,qlever-server-d,S,1336,13,13497126860,163575458,644,10,futex_do_wait
4924606269948289,3129404,qlever-server-d,S,1345,11,13571305558,78265165,599,3,futex_do_wait
4924606269948289,3129405,qlever-server-d,S,1345,10,13560163462,92373801,604,0,futex_do_wait
4924606269948289,3129406,qlever-server-d,S,1335,11,13472474169,178772485,618,6,futex_do_wait
4924606269948289,3129407,qlever-server-d,S,1334,10,13449390390,212171940,542,11,futex_do_wait
4924606269948289,3129408,qlever-server-d,S,0,0,15360,0,1,13,futex_do_wait
4924606269948289,3129409,qlever-server-d,S,0,0,193821,0,6,12,ep_poll
4924606269948289,3129410,qlever-server-d,S,0,0,479780,20000,11,3,futex_do_wait
4924606269948289,3129411,qlever-server-d,S,1,15,174327228,375336606,1524,7,futex_do_wait
4924606269948289,3129412,qlever-server-d,S,0,16,170041231,362824013,1418,5,futex_do_wait
4924606269948289,3129413,qlever-server-d,S,0,15,163326440,390753477,1499,7,futex_do_wait
4924606269948289,3129414,qlever-server-d,S,0,22,232064886,387388934,1696,5,futex_do_wait
4924606269948289,3129415,qlever-server-d,S,0,14,155843798,370403632,1559,7,futex_do_wait
4924606269948289,3129416,qlever-server-d,S,0,13,146537242,365627421,1394,5,futex_do_wait
4924606269948289,3129417,qlever-server-d,S,1,17,189316837,399838545,1555,14,futex_do_wait
4924606269948289,3129418,qlever-server-d,S,0,19,205085331,350337834,1439,2,ep_poll
4924606269948289,0,__system__,-,1024887096,7867998104,0,0,0,-1,-
4924606289955050,3128855,qlever-server-d,S,936,1591,25279315500,30777902,1912,1,futex_do_wait
4924606289955050,3128859,qlever-server-d,S,0,0,3058403,3205591,27,13,futex_do_wait
4924606289955050,3129400,qlever-server-d,S,1333,10,13443494444,219186516,560,14,futex_do_wait
4924606289955050,3129401,qlever-server-d,S,1331,10,13417332901,226554218,489,4,futex_do_wait
4924606289955050,3129402,qlever-server-d,S,1332,14,13466764235,187458491,1068,15,futex_do_wait
4924606289955050,3129403,qlever-server-d,S,1336,13,13497126860,163575458,644,10,futex_do_wait
4924606289955050,3129404,qlever-server-d,S,1345,11,13571305558,78265165,599,3,futex_do_wait
4924606289955050,3129405,qlever-server-d,S,1345,10,13560163462,92373801,604,0,futex_do_wait
4924606289955050,3129406,qlever-server-d,S,1335,11,13472474169,178772485,618,6,futex_do_wait
4924606289955050,3129407,qlever-server-d,S,1334,10,13449390390,212171940,542,11,futex_do_wait
4924606289955050,3129408,qlever-server-d,S,0,0,15360,0,1,13,futex_do_wait
4924606289955050,3129409,qlever-server-d,S,0,0,193821,0,6,12,ep_poll
4924606289955050,3129410,qlever-server-d,S,0,0,479780,20000,11,3,futex_do_wait
4924606289955050,3129411,qlever-server-d,S,1,15,174327228,375336606,1524,7,futex_do_wait
4924606289955050,3129412,qlever-server-d,S,0,16,170041231,362824013,1418,5,futex_do_wait
4924606289955050,3129413,qlever-server-d,S,0,15,163326440,390753477,1499,7,futex_do_wait
4924606289955050,3129414,qlever-server-d,S,0,22,232064886,387388934,1696,5,futex_do_wait
4924606289955050,3129415,qlever-server-d,S,0,14,155843798,370403632,1559,7,futex_do_wait
4924606289955050,3129416,qlever-server-d,S,0,13,146537242,365627421,1394,5,futex_do_wait
4924606289955050,3129417,qlever-server-d,S,1,17,189316837,399838545,1555,14,futex_do_wait
4924606289955050,3129418,qlever-server-d,S,0,19,205085331,350337834,1439,2,ep_poll
4924606289955050,0,__system__,-,1024887111,7867998136,0,0,0,-1,-
4924606309945181,3128855,qlever-server-d,S,936,1591,25279315500,30777902,1912,1,futex_do_wait
4924606309945181,3128859,qlever-server-d,S,0,0,3058403,3205591,27,13,futex_do_wait
4924606309945181,3129400,qlever-server-d,S,1333,10,13443494444,219186516,560,14,futex_do_wait
4924606309945181,3129401,qlever-server-d,S,1331,10,13417332901,226554218,489,4,futex_do_wait
4924606309945181,3129402,qlever-server-d,S,1332,14,13466764235,187458491,1068,15,futex_do_wait
4924606309945181,3129403,qlever-server-d,S,1336,13,13497126860,163575458,644,10,futex_do_wait
4924606309945181,3129404,qlever-server-d,S,1345,11,13571305558,78265165,599,3,futex_do_wait
4924606309945181,3129405,qlever-server-d,S,1345,10,13560163462,92373801,604,0,futex_do_wait
4924606309945181,3129406,qlever-server-d,S,1335,11,13472474169,178772485,618,6,futex_do_wait
4924606309945181,3129407,qlever-server-d,S,1334,10,13449390390,212171940,542,11,futex_do_wait
4924606309945181,3129408,qlever-server-d,S,0,0,15360,0,1,13,futex_do_wait
4924606309945181,3129409,qlever-server-d,S,0,0,193821,0,6,12,ep_poll
4924606309945181,3129410,qlever-server-d,S,0,0,479780,20000,11,3,futex_do_wait
4924606309945181,3129411,qlever-server-d,S,1,15,174327228,375336606,1524,7,futex_do_wait
4924606309945181,3129412,qlever-server-d,S,0,16,170041231,362824013,1418,5,futex_do_wait
4924606309945181,3129413,qlever-server-d,S,0,15,163326440,390753477,1499,7,futex_do_wait
4924606309945181,3129414,qlever-server-d,S,0,22,232064886,387388934,1696,5,futex_do_wait
4924606309945181,3129415,qlever-server-d,S,0,14,155843798,370403632,1559,7,futex_do_wait
4924606309945181,3129416,qlever-server-d,S,0,13,146537242,365627421,1394,5,futex_do_wait
4924606309945181,3129417,qlever-server-d,S,1,17,189316837,399838545,1555,14,futex_do_wait
4924606309945181,3129418,qlever-server-d,S,0,19,205085331,350337834,1439,2,ep_poll
4924606309945181,0,__system__,-,1024887125,7867998167,0,0,0,-1,-
4924606329943732,3128855,qlever-server-d,S,936,1591,25279315500,30777902,1912,1,futex_do_wait
4924606329943732,3128859,qlever-server-d,S,0,0,3058403,3205591,27,13,futex_do_wait
4924606329943732,3129400,qlever-server-d,S,1333,10,13443494444,219186516,560,14,futex_do_wait
4924606329943732,3129401,qlever-server-d,S,1331,10,13417332901,226554218,489,4,futex_do_wait
4924606329943732,3129402,qlever-server-d,S,1332,14,13466764235,187458491,1068,15,futex_do_wait
4924606329943732,3129403,qlever-server-d,S,1336,13,13497126860,163575458,644,10,futex_do_wait
4924606329943732,3129404,qlever-server-d,S,1345,11,13571305558,78265165,599,3,futex_do_wait
4924606329943732,3129405,qlever-server-d,S,1345,10,13560163462,92373801,604,0,futex_do_wait
4924606329943732,3129406,qlever-server-d,S,1335,11,13472474169,178772485,618,6,futex_do_wait
4924606329943732,3129407,qlever-server-d,S,1334,10,13449390390,212171940,542,11,futex_do_wait
4924606329943732,3129408,qlever-server-d,S,0,0,15360,0,1,13,futex_do_wait
4924606329943732,3129409,qlever-server-d,S,0,0,193821,0,6,12,ep_poll
4924606329943732,3129410,qlever-server-d,S,0,0,479780,20000,11,3,futex_do_wait
4924606329943732,3129411,qlever-server-d,S,1,15,174327228,375336606,1524,7,futex_do_wait
4924606329943732,3129412,qlever-server-d,S,0,16,170041231,362824013,1418,5,futex_do_wait
4924606329943732,3129413,qlever-server-d,S,0,15,163326440,390753477,1499,7,futex_do_wait
4924606329943732,3129414,qlever-server-d,S,0,22,232064886,387388934,1696,5,futex_do_wait
4924606329943732,3129415,qlever-server-d,S,0,14,155843798,370403632,1559,7,futex_do_wait
4924606329943732,3129416,qlever-server-d,S,0,13,146537242,365627421,1394,5,futex_do_wait
4924606329943732,3129417,qlever-server-d,S,1,17,189316837,399838545,1555,14,futex_do_wait
4924606329943732,3129418,qlever-server-d,S,0,19,205085331,350337834,1439,2,ep_poll
4924606329943732,0,__system__,-,1024887140,7867998201,0,0,0,-1,-
4924606349956673,3128855,qlever-server-d,S,936,1591,25279315500,30777902,1912,1,futex_do_wait
4924606349956673,3128859,qlever-server-d,S,0,0,3058403,3205591,27,13,futex_do_wait
4924606349956673,3129400,qlever-server-d,S,1333,10,13443494444,219186516,560,14,futex_do_wait
4924606349956673,3129401,qlever-server-d,S,1331,10,13417332901,226554218,489,4,futex_do_wait
4924606349956673,3129402,qlever-server-d,S,1332,14,13466764235,187458491,1068,15,futex_do_wait
4924606349956673,3129403,qlever-server-d,S,1336,13,13497126860,163575458,644,10,futex_do_wait
4924606349956673,3129404,qlever-server-d,S,1345,11,13571305558,78265165,599,3,futex_do_wait
4924606349956673,3129405,qlever-server-d,S,1345,10,13560163462,92373801,604,0,futex_do_wait
4924606349956673,3129406,qlever-server-d,S,1335,11,13472474169,178772485,618,6,futex_do_wait
4924606349956673,3129407,qlever-server-d,S,1334,10,13449390390,212171940,542,11,futex_do_wait
4924606349956673,3129408,qlever-server-d,S,0,0,15360,0,1,13,futex_do_wait
4924606349956673,3129409,qlever-server-d,S,0,0,193821,0,6,12,ep_poll
4924606349956673,3129410,qlever-server-d,S,0,0,479780,20000,11,3,futex_do_wait
4924606349956673,3129411,qlever-server-d,S,1,15,174327228,375336606,1524,7,futex_do_wait
4924606349956673,3129412,qlever-server-d,S,0,16,170041231,362824013,1418,5,futex_do_wait
4924606349956673,3129413,qlever-server-d,S,0,15,163326440,390753477,1499,7,futex_do_wait
4924606349956673,3129414,qlever-server-d,S,0,22,232064886,387388934,1696,5,futex_do_wait
4924606349956673,3129415,qlever-server-d,S,0,14,155843798,370403632,1559,7,futex_do_wait
4924606349956673,3129416,qlever-server-d,S,0,13,146537242,365627421,1394,5,futex_do_wait
4924606349956673,3129417,qlever-server-d,S,1,17,189316837,399838545,1555,14,futex_do_wait
4924606349956673,3129418,qlever-server-d,S,0,19,205085331,350337834,1439,2,ep_poll
4924606349956673,0,__system__,-,1024887152,7867998232,0,0,0,-1,-
4924606369951684,3128855,qlever-server-d,S,936,1591,25279315500,30777902,1912,1,futex_do_wait
4924606369951684,3128859,qlever-server-d,S,0,0,3058403,3205591,27,13,futex_do_wait
4924606369951684,3129400,qlever-server-d,S,1333,10,13443494444,219186516,560,14,futex_do_wait
4924606369951684,3129401,qlever-server-d,S,1331,10,13417332901,226554218,489,4,futex_do_wait
4924606369951684,3129402,qlever-server-d,S,1332,14,13466764235,187458491,1068,15,futex_do_wait
4924606369951684,3129403,qlever-server-d,S,1336,13,13497126860,163575458,644,10,futex_do_wait
4924606369951684,3129404,qlever-server-d,S,1345,11,13571305558,78265165,599,3,futex_do_wait
4924606369951684,3129405,qlever-server-d,S,1345,10,13560163462,92373801,604,0,futex_do_wait
4924606369951684,3129406,qlever-server-d,S,1335,11,13472474169,178772485,618,6,futex_do_wait
4924606369951684,3129407,qlever-server-d,S,1334,10,13449390390,212171940,542,11,futex_do_wait
4924606369951684,3129408,qlever-server-d,S,0,0,15360,0,1,13,futex_do_wait
4924606369951684,3129409,qlever-server-d,S,0,0,193821,0,6,12,ep_poll
4924606369951684,3129410,qlever-server-d,S,0,0,479780,20000,11,3,futex_do_wait
4924606369951684,3129411,qlever-server-d,S,1,15,174327228,375336606,1524,7,futex_do_wait
4924606369951684,3129412,qlever-server-d,S,0,16,170041231,362824013,1418,5,futex_do_wait
4924606369951684,3129413,qlever-server-d,S,0,15,163326440,390753477,1499,7,futex_do_wait
4924606369951684,3129414,qlever-server-d,S,0,22,232064886,387388934,1696,5,futex_do_wait
4924606369951684,3129415,qlever-server-d,S,0,14,155843798,370403632,1559,7,futex_do_wait
4924606369951684,3129416,qlever-server-d,S,0,13,146537242,365627421,1394,5,futex_do_wait
4924606369951684,3129417,qlever-server-d,S,1,17,189316837,399838545,1555,14,futex_do_wait
4924606369951684,3129418,qlever-server-d,S,0,19,205085331,350337834,1439,2,ep_poll
4924606369951684,0,__system__,-,1024887163,7867998262,0,0,0,-1,-
4924606389962705,3128855,qlever-server-d,S,936,1591,25279315500,30777902,1912,1,futex_do_wait
4924606389962705,3128859,qlever-server-d,S,0,0,3058403,3205591,27,13,futex_do_wait
4924606389962705,3129400,qlever-server-d,S,1333,10,13443494444,219186516,560,14,futex_do_wait
4924606389962705,3129401,qlever-server-d,S,1331,10,13417332901,226554218,489,4,futex_do_wait
4924606389962705,3129402,qlever-server-d,S,1332,14,13466764235,187458491,1068,15,futex_do_wait
4924606389962705,3129403,qlever-server-d,S,1336,13,13497126860,163575458,644,10,futex_do_wait
4924606389962705,3129404,qlever-server-d,S,1345,11,13571305558,78265165,599,3,futex_do_wait
4924606389962705,3129405,qlever-server-d,S,1345,10,13560163462,92373801,604,0,futex_do_wait
4924606389962705,3129406,qlever-server-d,S,1335,11,13472474169,178772485,618,6,futex_do_wait
4924606389962705,3129407,qlever-server-d,S,1334,10,13449390390,212171940,542,11,futex_do_wait
4924606389962705,3129408,qlever-server-d,S,0,0,15360,0,1,13,futex_do_wait
4924606389962705,3129409,qlever-server-d,S,0,0,193821,0,6,12,ep_poll
4924606389962705,3129410,qlever-server-d,S,0,0,479780,20000,11,3,futex_do_wait
4924606389962705,3129411,qlever-server-d,S,1,15,174327228,375336606,1524,7,futex_do_wait
4924606389962705,3129412,qlever-server-d,S,0,16,170041231,362824013,1418,5,futex_do_wait
4924606389962705,3129413,qlever-server-d,S,0,15,163326440,390753477,1499,7,futex_do_wait
4924606389962705,3129414,qlever-server-d,S,0,22,232064886,387388934,1696,5,futex_do_wait
4924606389962705,3129415,qlever-server-d,S,0,14,155843798,370403632,1559,7,futex_do_wait
4924606389962705,3129416,qlever-server-d,S,0,13,146537242,365627421,1394,5,futex_do_wait
4924606389962705,3129417,qlever-server-d,S,1,17,189316837,399838545,1555,14,futex_do_wait
4924606389962705,3129418,qlever-server-d,S,0,19,205085331,350337834,1439,2,ep_poll
4924606389962705,0,__system__,-,1024887177,7867998295,0,0,0,-1,-
4924606409957986,3128855,qlever-server-d,S,936,1591,25279315500,30777902,1912,1,futex_do_wait
4924606409957986,3128859,qlever-server-d,S,0,0,3058403,3205591,27,13,futex_do_wait
4924606409957986,3129400,qlever-server-d,S,1333,10,13443494444,219186516,560,14,futex_do_wait
4924606409957986,3129401,qlever-server-d,S,1331,10,13417332901,226554218,489,4,futex_do_wait
4924606409957986,3129402,qlever-server-d,S,1332,14,13466764235,187458491,1068,15,futex_do_wait
4924606409957986,3129403,qlever-server-d,S,1336,13,13497126860,163575458,644,10,futex_do_wait
4924606409957986,3129404,qlever-server-d,S,1345,11,13571305558,78265165,599,3,futex_do_wait
4924606409957986,3129405,qlever-server-d,S,1345,10,13560163462,92373801,604,0,futex_do_wait
4924606409957986,3129406,qlever-server-d,S,1335,11,13472474169,178772485,618,6,futex_do_wait
4924606409957986,3129407,qlever-server-d,S,1334,10,13449390390,212171940,542,11,futex_do_wait
4924606409957986,3129408,qlever-server-d,S,0,0,15360,0,1,13,futex_do_wait
4924606409957986,3129409,qlever-server-d,S,0,0,193821,0,6,12,ep_poll
4924606409957986,3129410,qlever-server-d,S,0,0,479780,20000,11,3,futex_do_wait
4924606409957986,3129411,qlever-server-d,S,1,15,174327228,375336606,1524,7,futex_do_wait
4924606409957986,3129412,qlever-server-d,S,0,16,170041231,362824013,1418,5,futex_do_wait
4924606409957986,3129413,qlever-server-d,S,0,15,163326440,390753477,1499,7,futex_do_wait
4924606409957986,3129414,qlever-server-d,S,0,22,232064886,387388934,1696,5,futex_do_wait
4924606409957986,3129415,qlever-server-d,S,0,14,155843798,370403632,1559,7,futex_do_wait
4924606409957986,3129416,qlever-server-d,S,0,13,146537242,365627421,1394,5,futex_do_wait
4924606409957986,3129417,qlever-server-d,S,1,17,189316837,399838545,1555,14,futex_do_wait
4924606409957986,3129418,qlever-server-d,S,0,19,205085331,350337834,1439,2,ep_poll
4924606409957986,0,__system__,-,1024887191,7867998327,0,0,0,-1,-
4924606429958357,3128855,qlever-server-d,S,936,1591,25279315500,30777902,1912,1,futex_do_wait
4924606429958357,3128859,qlever-server-d,S,0,0,3058403,3205591,27,13,futex_do_wait
4924606429958357,3129400,qlever-server-d,S,1333,10,13443494444,219186516,560,14,futex_do_wait
4924606429958357,3129401,qlever-server-d,S,1331,10,13417332901,226554218,489,4,futex_do_wait
4924606429958357,3129402,qlever-server-d,S,1332,14,13466764235,187458491,1068,15,futex_do_wait
4924606429958357,3129403,qlever-server-d,S,1336,13,13497126860,163575458,644,10,futex_do_wait
4924606429958357,3129404,qlever-server-d,S,1345,11,13571305558,78265165,599,3,futex_do_wait
4924606429958357,3129405,qlever-server-d,S,1345,10,13560163462,92373801,604,0,futex_do_wait
4924606429958357,3129406,qlever-server-d,S,1335,11,13472474169,178772485,618,6,futex_do_wait
4924606429958357,3129407,qlever-server-d,S,1334,10,13449390390,212171940,542,11,futex_do_wait
4924606429958357,3129408,qlever-server-d,S,0,0,15360,0,1,13,futex_do_wait
4924606429958357,3129409,qlever-server-d,S,0,0,193821,0,6,12,ep_poll
4924606429958357,3129410,qlever-server-d,S,0,0,479780,20000,11,3,futex_do_wait
4924606429958357,3129411,qlever-server-d,S,1,15,174327228,375336606,1524,7,futex_do_wait
4924606429958357,3129412,qlever-server-d,S,0,16,170041231,362824013,1418,5,futex_do_wait
4924606429958357,3129413,qlever-server-d,S,0,15,163326440,390753477,1499,7,futex_do_wait
4924606429958357,3129414,qlever-server-d,S,0,22,232064886,387388934,1696,5,futex_do_wait
4924606429958357,3129415,qlever-server-d,S,0,14,155843798,370403632,1559,7,futex_do_wait
4924606429958357,3129416,qlever-server-d,S,0,13,146537242,365627421,1394,5,futex_do_wait
4924606429958357,3129417,qlever-server-d,S,1,17,189316837,399838545,1555,14,futex_do_wait
4924606429958357,3129418,qlever-server-d,S,0,19,205085331,350337834,1439,2,ep_poll
4924606429958357,0,__system__,-,1024887203,7867998358,0,0,0,-1,-
4924606449952648,3128855,qlever-server-d,S,936,1591,25279315500,30777902,1912,1,futex_do_wait
4924606449952648,3128859,qlever-server-d,S,0,0,3058403,3205591,27,13,futex_do_wait
4924606449952648,3129400,qlever-server-d,S,1333,10,13443494444,219186516,560,14,futex_do_wait
4924606449952648,3129401,qlever-server-d,S,1331,10,13417332901,226554218,489,4,futex_do_wait
4924606449952648,3129402,qlever-server-d,S,1332,14,13466764235,187458491,1068,15,futex_do_wait
4924606449952648,3129403,qlever-server-d,S,1336,13,13497126860,163575458,644,10,futex_do_wait
4924606449952648,3129404,qlever-server-d,S,1345,11,13571305558,78265165,599,3,futex_do_wait
4924606449952648,3129405,qlever-server-d,S,1345,10,13560163462,92373801,604,0,futex_do_wait
4924606449952648,3129406,qlever-server-d,S,1335,11,13472474169,178772485,618,6,futex_do_wait
4924606449952648,3129407,qlever-server-d,S,1334,10,13449390390,212171940,542,11,futex_do_wait
4924606449952648,3129408,qlever-server-d,S,0,0,15360,0,1,13,futex_do_wait
4924606449952648,3129409,qlever-server-d,S,0,0,193821,0,6,12,ep_poll
4924606449952648,3129410,qlever-server-d,S,0,0,479780,20000,11,3,futex_do_wait
4924606449952648,3129411,qlever-server-d,S,1,15,174327228,375336606,1524,7,futex_do_wait
4924606449952648,3129412,qlever-server-d,S,0,16,170041231,362824013,1418,5,futex_do_wait
4924606449952648,3129413,qlever-server-d,S,0,15,163326440,390753477,1499,7,futex_do_wait
4924606449952648,3129414,qlever-server-d,S,0,22,232064886,387388934,1696,5,futex_do_wait
4924606449952648,3129415,qlever-server-d,S,0,14,155843798,370403632,1559,7,futex_do_wait
4924606449952648,3129416,qlever-server-d,S,0,13,146537242,365627421,1394,5,futex_do_wait
4924606449952648,3129417,qlever-server-d,S,1,17,189316837,399838545,1555,14,futex_do_wait
4924606449952648,3129418,qlever-server-d,S,0,19,205085331,350337834,1439,2,ep_poll
4924606449952648,0,__system__,-,1024887215,7867998390,0,0,0,-1,-
4924606469958259,3128855,qlever-server-d,S,936,1591,25279315500,30777902,1912,1,futex_do_wait
4924606469958259,3128859,qlever-server-d,S,0,0,3058403,3205591,27,13,futex_do_wait
4924606469958259,3129400,qlever-server-d,S,1333,10,13443494444,219186516,560,14,futex_do_wait
4924606469958259,3129401,qlever-server-d,S,1331,10,13417332901,226554218,489,4,futex_do_wait
4924606469958259,3129402,qlever-server-d,S,1332,14,13466764235,187458491,1068,15,futex_do_wait
4924606469958259,3129403,qlever-server-d,S,1336,13,13497126860,163575458,644,10,futex_do_wait
4924606469958259,3129404,qlever-server-d,S,1345,11,13571305558,78265165,599,3,futex_do_wait
4924606469958259,3129405,qlever-server-d,S,1345,10,13560163462,92373801,604,0,futex_do_wait
4924606469958259,3129406,qlever-server-d,S,1335,11,13472474169,178772485,618,6,futex_do_wait
4924606469958259,3129407,qlever-server-d,S,1334,10,13449390390,212171940,542,11,futex_do_wait
4924606469958259,3129408,qlever-server-d,S,0,0,15360,0,1,13,futex_do_wait
4924606469958259,3129409,qlever-server-d,S,0,0,193821,0,6,12,ep_poll
4924606469958259,3129410,qlever-server-d,S,0,0,479780,20000,11,3,futex_do_wait
4924606469958259,3129411,qlever-server-d,S,1,15,174327228,375336606,1524,7,futex_do_wait
4924606469958259,3129412,qlever-server-d,S,0,16,170041231,362824013,1418,5,futex_do_wait
4924606469958259,3129413,qlever-server-d,S,0,15,163326440,390753477,1499,7,futex_do_wait
4924606469958259,3129414,qlever-server-d,S,0,22,232064886,387388934,1696,5,futex_do_wait
4924606469958259,3129415,qlever-server-d,S,0,14,155843798,370403632,1559,7,futex_do_wait
4924606469958259,3129416,qlever-server-d,S,0,13,146537242,365627421,1394,5,futex_do_wait
4924606469958259,3129417,qlever-server-d,S,1,17,189316837,399838545,1555,14,futex_do_wait
4924606469958259,3129418,qlever-server-d,S,0,19,205085331,350337834,1439,2,ep_poll
4924606469958259,0,__system__,-,1024887228,7867998422,0,0,0,-1,-
4924606489955530,3128855,qlever-server-d,S,936,1591,25279315500,30777902,1912,1,futex_do_wait
4924606489955530,3128859,qlever-server-d,S,0,0,3058403,3205591,27,13,futex_do_wait
4924606489955530,3129400,qlever-server-d,S,1333,10,13443494444,219186516,560,14,futex_do_wait
4924606489955530,3129401,qlever-server-d,S,1331,10,13417332901,226554218,489,4,futex_do_wait
4924606489955530,3129402,qlever-server-d,S,1332,14,13466764235,187458491,1068,15,futex_do_wait
4924606489955530,3129403,qlever-server-d,S,1336,13,13497126860,163575458,644,10,futex_do_wait
4924606489955530,3129404,qlever-server-d,S,1345,11,13571305558,78265165,599,3,futex_do_wait
4924606489955530,3129405,qlever-server-d,S,1345,10,13560163462,92373801,604,0,futex_do_wait
4924606489955530,3129406,qlever-server-d,S,1335,11,13472474169,178772485,618,6,futex_do_wait
4924606489955530,3129407,qlever-server-d,S,1334,10,13449390390,212171940,542,11,futex_do_wait
4924606489955530,3129408,qlever-server-d,S,0,0,15360,0,1,13,futex_do_wait
4924606489955530,3129409,qlever-server-d,S,0,0,193821,0,6,12,ep_poll
4924606489955530,3129410,qlever-server-d,S,0,0,479780,20000,11,3,futex_do_wait
4924606489955530,3129411,qlever-server-d,S,1,15,174327228,375336606,1524,7,futex_do_wait
4924606489955530,3129412,qlever-server-d,S,0,16,170041231,362824013,1418,5,futex_do_wait
4924606489955530,3129413,qlever-server-d,S,0,15,163326440,390753477,1499,7,futex_do_wait
4924606489955530,3129414,qlever-server-d,S,0,22,232064886,387388934,1696,5,futex_do_wait
4924606489955530,3129415,qlever-server-d,S,0,14,155843798,370403632,1559,7,futex_do_wait
4924606489955530,3129416,qlever-server-d,S,0,13,146537242,365627421,1394,5,futex_do_wait
4924606489955530,3129417,qlever-server-d,S,1,17,189316837,399838545,1555,14,futex_do_wait
4924606489955530,3129418,qlever-server-d,S,0,19,205085331,350337834,1439,2,ep_poll
4924606489955530,0,__system__,-,1024887241,7867998455,0,0,0,-1,-
4924606509965580,3128855,qlever-server-d,S,936,1591,25279315500,30777902,1912,1,futex_do_wait
4924606509965580,3128859,qlever-server-d,S,0,0,3058403,3205591,27,13,futex_do_wait
4924606509965580,3129400,qlever-server-d,S,1333,10,13443494444,219186516,560,14,futex_do_wait
4924606509965580,3129401,qlever-server-d,S,1331,10,13417332901,226554218,489,4,futex_do_wait
4924606509965580,3129402,qlever-server-d,S,1332,14,13466764235,187458491,1068,15,futex_do_wait
4924606509965580,3129403,qlever-server-d,S,1336,13,13497126860,163575458,644,10,futex_do_wait
4924606509965580,3129404,qlever-server-d,S,1345,11,13571305558,78265165,599,3,futex_do_wait
4924606509965580,3129405,qlever-server-d,S,1345,10,13560163462,92373801,604,0,futex_do_wait
4924606509965580,3129406,qlever-server-d,S,1335,11,13472474169,178772485,618,6,futex_do_wait
4924606509965580,3129407,qlever-server-d,S,1334,10,13449390390,212171940,542,11,futex_do_wait
4924606509965580,3129408,qlever-server-d,S,0,0,15360,0,1,13,futex_do_wait
4924606509965580,3129409,qlever-server-d,S,0,0,193821,0,6,12,ep_poll
4924606509965580,3129410,qlever-server-d,S,0,0,479780,20000,11,3,futex_do_wait
4924606509965580,3129411,qlever-server-d,S,1,15,174327228,375336606,1524,7,futex_do_wait
4924606509965580,3129412,qlever-server-d,S,0,16,170041231,362824013,1418,5,futex_do_wait
4924606509965580,3129413,qlever-server-d,S,0,15,163326440,390753477,1499,7,futex_do_wait
4924606509965580,3129414,qlever-server-d,S,0,22,232064886,387388934,1696,5,futex_do_wait
4924606509965580,3129415,qlever-server-d,S,0,14,155843798,370403632,1559,7,futex_do_wait
4924606509965580,3129416,qlever-server-d,S,0,13,146537242,365627421,1394,5,futex_do_wait
4924606509965580,3129417,qlever-server-d,S,1,17,189316837,399838545,1555,14,futex_do_wait
4924606509965580,3129418,qlever-server-d,S,0,19,205085331,350337834,1439,2,ep_poll
4924606509965580,0,__system__,-,1024887254,7867998487,0,0,0,-1,-
4924606529961671,3128855,qlever-server-d,S,936,1591,25279315500,30777902,1912,1,futex_do_wait
4924606529961671,3128859,qlever-server-d,S,0,0,3058403,3205591,27,13,futex_do_wait
4924606529961671,3129400,qlever-server-d,S,1333,10,13443494444,219186516,560,14,futex_do_wait
4924606529961671,3129401,qlever-server-d,S,1331,10,13417332901,226554218,489,4,futex_do_wait
4924606529961671,3129402,qlever-server-d,S,1332,14,13466764235,187458491,1068,15,futex_do_wait
4924606529961671,3129403,qlever-server-d,S,1336,13,13497126860,163575458,644,10,futex_do_wait
4924606529961671,3129404,qlever-server-d,S,1345,11,13571305558,78265165,599,3,futex_do_wait
4924606529961671,3129405,qlever-server-d,S,1345,10,13560163462,92373801,604,0,futex_do_wait
4924606529961671,3129406,qlever-server-d,S,1335,11,13472474169,178772485,618,6,futex_do_wait
4924606529961671,3129407,qlever-server-d,S,1334,10,13449390390,212171940,542,11,futex_do_wait
4924606529961671,3129408,qlever-server-d,S,0,0,15360,0,1,13,futex_do_wait
4924606529961671,3129409,qlever-server-d,S,0,0,193821,0,6,12,ep_poll
4924606529961671,3129410,qlever-server-d,S,0,0,479780,20000,11,3,futex_do_wait
4924606529961671,3129411,qlever-server-d,S,1,15,174327228,375336606,1524,7,futex_do_wait
4924606529961671,3129412,qlever-server-d,S,0,16,170041231,362824013,1418,5,futex_do_wait
4924606529961671,3129413,qlever-server-d,S,0,15,163326440,390753477,1499,7,futex_do_wait
4924606529961671,3129414,qlever-server-d,S,0,22,232064886,387388934,1696,5,futex_do_wait
4924606529961671,3129415,qlever-server-d,S,0,14,155843798,370403632,1559,7,futex_do_wait
4924606529961671,3129416,qlever-server-d,S,0,13,146537242,365627421,1394,5,futex_do_wait
4924606529961671,3129417,qlever-server-d,S,1,17,189316837,399838545,1555,14,futex_do_wait
4924606529961671,3129418,qlever-server-d,S,0,19,205085331,350337834,1439,2,ep_poll
4924606529961671,0,__system__,-,1024887267,7867998518,0,0,0,-1,-
4924606549948382,3128855,qlever-server-d,S,936,1591,25279315500,30777902,1912,1,futex_do_wait
4924606549948382,3128859,qlever-server-d,S,0,0,3058403,3205591,27,13,futex_do_wait
4924606549948382,3129400,qlever-server-d,S,1333,10,13443494444,219186516,560,14,futex_do_wait
4924606549948382,3129401,qlever-server-d,S,1331,10,13417332901,226554218,489,4,futex_do_wait
4924606549948382,3129402,qlever-server-d,S,1332,14,13466764235,187458491,1068,15,futex_do_wait
4924606549948382,3129403,qlever-server-d,S,1336,13,13497126860,163575458,644,10,futex_do_wait
4924606549948382,3129404,qlever-server-d,S,1345,11,13571305558,78265165,599,3,futex_do_wait
4924606549948382,3129405,qlever-server-d,S,1345,10,13560163462,92373801,604,0,futex_do_wait
4924606549948382,3129406,qlever-server-d,S,1335,11,13472474169,178772485,618,6,futex_do_wait
4924606549948382,3129407,qlever-server-d,S,1334,10,13449390390,212171940,542,11,futex_do_wait
4924606549948382,3129408,qlever-server-d,S,0,0,15360,0,1,13,futex_do_wait
4924606549948382,3129409,qlever-server-d,S,0,0,193821,0,6,12,ep_poll
4924606549948382,3129410,qlever-server-d,S,0,0,479780,20000,11,3,futex_do_wait
4924606549948382,3129411,qlever-server-d,S,1,15,174327228,375336606,1524,7,futex_do_wait
4924606549948382,3129412,qlever-server-d,S,0,16,170041231,362824013,1418,5,futex_do_wait
4924606549948382,3129413,qlever-server-d,S,0,15,163326440,390753477,1499,7,futex_do_wait
4924606549948382,3129414,qlever-server-d,S,0,22,232064886,387388934,1696,5,futex_do_wait
4924606549948382,3129415,qlever-server-d,S,0,14,155843798,370403632,1559,7,futex_do_wait
4924606549948382,3129416,qlever-server-d,S,0,13,146537242,365627421,1394,5,futex_do_wait
4924606549948382,3129417,qlever-server-d,S,1,17,189316837,399838545,1555,14,futex_do_wait
4924606549948382,3129418,qlever-server-d,S,0,19,205085331,350337834,1439,2,ep_poll
4924606549948382,0,__system__,-,1024887280,7867998550,0,0,0,-1,-
4924606569954903,3128855,qlever-server-d,S,936,1591,25279315500,30777902,1912,1,futex_do_wait
4924606569954903,3128859,qlever-server-d,S,0,0,3058403,3205591,27,13,futex_do_wait
4924606569954903,3129400,qlever-server-d,S,1333,10,13443494444,219186516,560,14,futex_do_wait
4924606569954903,3129401,qlever-server-d,S,1331,10,13417332901,226554218,489,4,futex_do_wait
4924606569954903,3129402,qlever-server-d,S,1332,14,13466764235,187458491,1068,15,futex_do_wait
4924606569954903,3129403,qlever-server-d,S,1336,13,13497126860,163575458,644,10,futex_do_wait
4924606569954903,3129404,qlever-server-d,S,1345,11,13571305558,78265165,599,3,futex_do_wait
4924606569954903,3129405,qlever-server-d,S,1345,10,13560163462,92373801,604,0,futex_do_wait
4924606569954903,3129406,qlever-server-d,S,1335,11,13472474169,178772485,618,6,futex_do_wait
4924606569954903,3129407,qlever-server-d,S,1334,10,13449390390,212171940,542,11,futex_do_wait
4924606569954903,3129408,qlever-server-d,S,0,0,15360,0,1,13,futex_do_wait
4924606569954903,3129409,qlever-server-d,S,0,0,193821,0,6,12,ep_poll
4924606569954903,3129410,qlever-server-d,S,0,0,479780,20000,11,3,futex_do_wait
4924606569954903,3129411,qlever-server-d,S,1,15,174327228,375336606,1524,7,futex_do_wait
4924606569954903,3129412,qlever-server-d,S,0,16,170041231,362824013,1418,5,futex_do_wait
4924606569954903,3129413,qlever-server-d,S,0,15,163326440,390753477,1499,7,futex_do_wait
4924606569954903,3129414,qlever-server-d,S,0,22,232064886,387388934,1696,5,futex_do_wait
4924606569954903,3129415,qlever-server-d,S,0,14,155843798,370403632,1559,7,futex_do_wait
4924606569954903,3129416,qlever-server-d,S,0,13,146537242,365627421,1394,5,futex_do_wait
4924606569954903,3129417,qlever-server-d,S,1,17,189316837,399838545,1555,14,futex_do_wait
4924606569954903,3129418,qlever-server-d,S,0,19,205085331,350337834,1439,2,ep_poll
4924606569954903,0,__system__,-,1024887292,7867998582,0,0,0,-1,-
4924606589983844,3128855,qlever-server-d,S,936,1591,25279315500,30777902,1912,1,futex_do_wait
4924606589983844,3128859,qlever-server-d,S,0,0,3058403,3205591,27,13,futex_do_wait
4924606589983844,3129400,qlever-server-d,S,1333,10,13443494444,219186516,560,14,futex_do_wait
4924606589983844,3129401,qlever-server-d,S,1331,10,13417332901,226554218,489,4,futex_do_wait
4924606589983844,3129402,qlever-server-d,S,1332,14,13466764235,187458491,1068,15,futex_do_wait
4924606589983844,3129403,qlever-server-d,S,1336,13,13497126860,163575458,644,10,futex_do_wait
4924606589983844,3129404,qlever-server-d,S,1345,11,13571305558,78265165,599,3,futex_do_wait
4924606589983844,3129405,qlever-server-d,S,1345,10,13560163462,92373801,604,0,futex_do_wait
4924606589983844,3129406,qlever-server-d,S,1335,11,13472474169,178772485,618,6,futex_do_wait
4924606589983844,3129407,qlever-server-d,S,1334,10,13449390390,212171940,542,11,futex_do_wait
4924606589983844,3129408,qlever-server-d,S,0,0,15360,0,1,13,futex_do_wait
4924606589983844,3129409,qlever-server-d,S,0,0,193821,0,6,12,ep_poll
4924606589983844,3129410,qlever-server-d,S,0,0,479780,20000,11,3,futex_do_wait
4924606589983844,3129411,qlever-server-d,S,1,15,174327228,375336606,1524,7,futex_do_wait
4924606589983844,3129412,qlever-server-d,S,0,16,170041231,362824013,1418,5,futex_do_wait
4924606589983844,3129413,qlever-server-d,S,0,15,163326440,390753477,1499,7,futex_do_wait
4924606589983844,3129414,qlever-server-d,S,0,22,232064886,387388934,1696,5,futex_do_wait
4924606589983844,3129415,qlever-server-d,S,0,14,155843798,370403632,1559,7,futex_do_wait
4924606589983844,3129416,qlever-server-d,S,0,13,146537242,365627421,1394,5,futex_do_wait
4924606589983844,3129417,qlever-server-d,S,1,17,189316837,399838545,1555,14,futex_do_wait
4924606589983844,3129418,qlever-server-d,S,0,19,205085331,350337834,1439,2,ep_poll
4924606589983844,0,__system__,-,1024887304,7867998613,0,0,0,-1,-
4924606609950045,3128855,qlever-server-d,S,936,1591,25279315500,30777902,1912,1,futex_do_wait
4924606609950045,3128859,qlever-server-d,S,0,0,3058403,3205591,27,13,futex_do_wait
4924606609950045,3129400,qlever-server-d,S,1333,10,13443494444,219186516,560,14,futex_do_wait
4924606609950045,3129401,qlever-server-d,S,1331,10,13417332901,226554218,489,4,futex_do_wait
4924606609950045,3129402,qlever-server-d,S,1332,14,13466764235,187458491,1068,15,futex_do_wait
4924606609950045,3129403,qlever-server-d,S,1336,13,13497126860,163575458,644,10,futex_do_wait
4924606609950045,3129404,qlever-server-d,S,1345,11,13571305558,78265165,599,3,futex_do_wait
4924606609950045,3129405,qlever-server-d,S,1345,10,13560163462,92373801,604,0,futex_do_wait
4924606609950045,3129406,qlever-server-d,S,1335,11,13472474169,178772485,618,6,futex_do_wait
4924606609950045,3129407,qlever-server-d,S,1334,10,13449390390,212171940,542,11,futex_do_wait
4924606609950045,3129408,qlever-server-d,S,0,0,15360,0,1,13,futex_do_wait
4924606609950045,3129409,qlever-server-d,S,0,0,193821,0,6,12,ep_poll
4924606609950045,3129410,qlever-server-d,S,0,0,479780,20000,11,3,futex_do_wait
4924606609950045,3129411,qlever-server-d,S,1,15,174327228,375336606,1524,7,futex_do_wait
4924606609950045,3129412,qlever-server-d,S,0,16,170041231,362824013,1418,5,futex_do_wait
4924606609950045,3129413,qlever-server-d,S,0,15,163326440,390753477,1499,7,futex_do_wait
4924606609950045,3129414,qlever-server-d,S,0,22,232064886,387388934,1696,5,futex_do_wait
4924606609950045,3129415,qlever-server-d,S,0,14,155843798,370403632,1559,7,futex_do_wait
4924606609950045,3129416,qlever-server-d,S,0,13,146537242,365627421,1394,5,futex_do_wait
4924606609950045,3129417,qlever-server-d,S,1,17,189316837,399838545,1555,14,futex_do_wait
4924606609950045,3129418,qlever-server-d,S,0,19,205085331,350337834,1439,2,ep_poll
4924606609950045,0,__system__,-,1024887316,7867998645,0,0,0,-1,-
4924606629956626,3128855,qlever-server-d,S,936,1591,25279315500,30777902,1912,1,futex_do_wait
4924606629956626,3128859,qlever-server-d,S,0,0,3058403,3205591,27,13,futex_do_wait
4924606629956626,3129400,qlever-server-d,S,1333,10,13443494444,219186516,560,14,futex_do_wait
4924606629956626,3129401,qlever-server-d,S,1331,10,13417332901,226554218,489,4,futex_do_wait
4924606629956626,3129402,qlever-server-d,S,1332,14,13466764235,187458491,1068,15,futex_do_wait
4924606629956626,3129403,qlever-server-d,S,1336,13,13497126860,163575458,644,10,futex_do_wait
4924606629956626,3129404,qlever-server-d,S,1345,11,13571305558,78265165,599,3,futex_do_wait
4924606629956626,3129405,qlever-server-d,S,1345,10,13560163462,92373801,604,0,futex_do_wait
4924606629956626,3129406,qlever-server-d,S,1335,11,13472474169,178772485,618,6,futex_do_wait
4924606629956626,3129407,qlever-server-d,S,1334,10,13449390390,212171940,542,11,futex_do_wait
4924606629956626,3129408,qlever-server-d,S,0,0,15360,0,1,13,futex_do_wait
4924606629956626,3129409,qlever-server-d,S,0,0,193821,0,6,12,ep_poll
4924606629956626,3129410,qlever-server-d,S,0,0,479780,20000,11,3,futex_do_wait
4924606629956626,3129411,qlever-server-d,S,1,15,174327228,375336606,1524,7,futex_do_wait
4924606629956626,3129412,qlever-server-d,S,0,16,170041231,362824013,1418,5,futex_do_wait
4924606629956626,3129413,qlever-server-d,S,0,15,163326440,390753477,1499,7,futex_do_wait
4924606629956626,3129414,qlever-server-d,S,0,22,232064886,387388934,1696,5,futex_do_wait
4924606629956626,3129415,qlever-server-d,S,0,14,155843798,370403632,1559,7,futex_do_wait
4924606629956626,3129416,qlever-server-d,S,0,13,146537242,365627421,1394,5,futex_do_wait
4924606629956626,3129417,qlever-server-d,S,1,17,189316837,399838545,1555,14,futex_do_wait
4924606629956626,3129418,qlever-server-d,S,0,19,205085331,350337834,1439,2,ep_poll
4924606629956626,0,__system__,-,1024887329,7867998677,0,0,0,-1,-
4924606649962627,3128855,qlever-server-d,S,936,1591,25279315500,30777902,1912,1,futex_do_wait
4924606649962627,3128859,qlever-server-d,S,0,0,3058403,3205591,27,13,futex_do_wait
4924606649962627,3129400,qlever-server-d,S,1333,10,13443494444,219186516,560,14,futex_do_wait
4924606649962627,3129401,qlever-server-d,S,1331,10,13417332901,226554218,489,4,futex_do_wait
4924606649962627,3129402,qlever-server-d,S,1332,14,13466764235,187458491,1068,15,futex_do_wait
4924606649962627,3129403,qlever-server-d,S,1336,13,13497126860,163575458,644,10,futex_do_wait
4924606649962627,3129404,qlever-server-d,S,1345,11,13571305558,78265165,599,3,futex_do_wait
4924606649962627,3129405,qlever-server-d,S,1345,10,13560163462,92373801,604,0,futex_do_wait
4924606649962627,3129406,qlever-server-d,S,1335,11,13472474169,178772485,618,6,futex_do_wait
4924606649962627,3129407,qlever-server-d,S,1334,10,13449390390,212171940,542,11,futex_do_wait
4924606649962627,3129408,qlever-server-d,S,0,0,15360,0,1,13,futex_do_wait
4924606649962627,3129409,qlever-server-d,S,0,0,193821,0,6,12,ep_poll
4924606649962627,3129410,qlever-server-d,S,0,0,479780,20000,11,3,futex_do_wait
4924606649962627,3129411,qlever-server-d,S,1,15,174327228,375336606,1524,7,futex_do_wait
4924606649962627,3129412,qlever-server-d,S,0,16,170041231,362824013,1418,5,futex_do_wait
4924606649962627,3129413,qlever-server-d,S,0,15,163326440,390753477,1499,7,futex_do_wait
4924606649962627,3129414,qlever-server-d,S,0,22,232064886,387388934,1696,5,futex_do_wait
4924606649962627,3129415,qlever-server-d,S,0,14,155843798,370403632,1559,7,futex_do_wait
4924606649962627,3129416,qlever-server-d,S,0,13,146537242,365627421,1394,5,futex_do_wait
4924606649962627,3129417,qlever-server-d,S,1,17,189316837,399838545,1555,14,futex_do_wait
4924606649962627,3129418,qlever-server-d,S,0,19,205085331,350337834,1439,2,ep_poll
4924606649962627,0,__system__,-,1024887344,7867998710,0,0,0,-1,-
4924606669949418,3128855,qlever-server-d,S,936,1591,25279315500,30777902,1912,1,futex_do_wait
4924606669949418,3128859,qlever-server-d,S,0,0,3058403,3205591,27,13,futex_do_wait
4924606669949418,3129400,qlever-server-d,S,1333,10,13443494444,219186516,560,14,futex_do_wait
4924606669949418,3129401,qlever-server-d,S,1331,10,13417332901,226554218,489,4,futex_do_wait
4924606669949418,3129402,qlever-server-d,S,1332,14,13466764235,187458491,1068,15,futex_do_wait
4924606669949418,3129403,qlever-server-d,S,1336,13,13497126860,163575458,644,10,futex_do_wait
4924606669949418,3129404,qlever-server-d,S,1345,11,13571305558,78265165,599,3,futex_do_wait
4924606669949418,3129405,qlever-server-d,S,1345,10,13560163462,92373801,604,0,futex_do_wait
4924606669949418,3129406,qlever-server-d,S,1335,11,13472474169,178772485,618,6,futex_do_wait
4924606669949418,3129407,qlever-server-d,S,1334,10,13449390390,212171940,542,11,futex_do_wait
4924606669949418,3129408,qlever-server-d,S,0,0,15360,0,1,13,futex_do_wait
4924606669949418,3129409,qlever-server-d,S,0,0,193821,0,6,12,ep_poll
4924606669949418,3129410,qlever-server-d,S,0,0,479780,20000,11,3,futex_do_wait
4924606669949418,3129411,qlever-server-d,S,1,15,174327228,375336606,1524,7,futex_do_wait
4924606669949418,3129412,qlever-server-d,S,0,16,170041231,362824013,1418,5,futex_do_wait
4924606669949418,3129413,qlever-server-d,S,0,15,163326440,390753477,1499,7,futex_do_wait
4924606669949418,3129414,qlever-server-d,S,0,22,232064886,387388934,1696,5,futex_do_wait
4924606669949418,3129415,qlever-server-d,S,0,14,155843798,370403632,1559,7,futex_do_wait
4924606669949418,3129416,qlever-server-d,S,0,13,146537242,365627421,1394,5,futex_do_wait
4924606669949418,3129417,qlever-server-d,S,1,17,189316837,399838545,1555,14,futex_do_wait
4924606669949418,3129418,qlever-server-d,S,0,19,205085331,350337834,1439,2,ep_poll
4924606669949418,0,__system__,-,1024887358,7867998742,0,0,0,-1,-
4924606689948699,3128855,qlever-server-d,S,936,1591,25279315500,30777902,1912,1,futex_do_wait
4924606689948699,3128859,qlever-server-d,S,0,0,3058403,3205591,27,13,futex_do_wait
4924606689948699,3129400,qlever-server-d,S,1333,10,13443494444,219186516,560,14,futex_do_wait
4924606689948699,3129401,qlever-server-d,S,1331,10,13417332901,226554218,489,4,futex_do_wait
4924606689948699,3129402,qlever-server-d,S,1332,14,13466764235,187458491,1068,15,futex_do_wait
4924606689948699,3129403,qlever-server-d,S,1336,13,13497126860,163575458,644,10,futex_do_wait
4924606689948699,3129404,qlever-server-d,S,1345,11,13571305558,78265165,599,3,futex_do_wait
4924606689948699,3129405,qlever-server-d,S,1345,10,13560163462,92373801,604,0,futex_do_wait
4924606689948699,3129406,qlever-server-d,S,1335,11,13472474169,178772485,618,6,futex_do_wait
4924606689948699,3129407,qlever-server-d,S,1334,10,13449390390,212171940,542,11,futex_do_wait
4924606689948699,3129408,qlever-server-d,S,0,0,15360,0,1,13,futex_do_wait
4924606689948699,3129409,qlever-server-d,S,0,0,193821,0,6,12,ep_poll
4924606689948699,3129410,qlever-server-d,S,0,0,479780,20000,11,3,futex_do_wait
4924606689948699,3129411,qlever-server-d,S,1,15,174327228,375336606,1524,7,futex_do_wait
4924606689948699,3129412,qlever-server-d,S,0,16,170041231,362824013,1418,5,futex_do_wait
4924606689948699,3129413,qlever-server-d,S,0,15,163326440,390753477,1499,7,futex_do_wait
4924606689948699,3129414,qlever-server-d,S,0,22,232064886,387388934,1696,5,futex_do_wait
4924606689948699,3129415,qlever-server-d,S,0,14,155843798,370403632,1559,7,futex_do_wait
4924606689948699,3129416,qlever-server-d,S,0,13,146537242,365627421,1394,5,futex_do_wait
4924606689948699,3129417,qlever-server-d,S,1,17,189316837,399838545,1555,14,futex_do_wait
4924606689948699,3129418,qlever-server-d,S,0,19,205085331,350337834,1439,2,ep_poll
4924606689948699,0,__system__,-,1024887369,7867998774,0,0,0,-1,-
4924606709945550,3128855,qlever-server-d,S,936,1591,25279315500,30777902,1912,1,futex_do_wait
4924606709945550,3128859,qlever-server-d,S,0,0,3058403,3205591,27,13,futex_do_wait
4924606709945550,3129400,qlever-server-d,S,1333,10,13443494444,219186516,560,14,futex_do_wait
4924606709945550,3129401,qlever-server-d,S,1331,10,13417332901,226554218,489,4,futex_do_wait
4924606709945550,3129402,qlever-server-d,S,1332,14,13466764235,187458491,1068,15,futex_do_wait
4924606709945550,3129403,qlever-server-d,S,1336,13,13497126860,163575458,644,10,futex_do_wait
4924606709945550,3129404,qlever-server-d,S,1345,11,13571305558,78265165,599,3,futex_do_wait
4924606709945550,3129405,qlever-server-d,S,1345,10,13560163462,92373801,604,0,futex_do_wait
4924606709945550,3129406,qlever-server-d,S,1335,11,13472474169,178772485,618,6,futex_do_wait
4924606709945550,3129407,qlever-server-d,S,1334,10,13449390390,212171940,542,11,futex_do_wait
4924606709945550,3129408,qlever-server-d,S,0,0,15360,0,1,13,futex_do_wait
4924606709945550,3129409,qlever-server-d,S,0,0,193821,0,6,12,ep_poll
4924606709945550,3129410,qlever-server-d,S,0,0,479780,20000,11,3,futex_do_wait
4924606709945550,3129411,qlever-server-d,S,1,15,174327228,375336606,1524,7,futex_do_wait
4924606709945550,3129412,qlever-server-d,S,0,16,170041231,362824013,1418,5,futex_do_wait
4924606709945550,3129413,qlever-server-d,S,0,15,163326440,390753477,1499,7,futex_do_wait
4924606709945550,3129414,qlever-server-d,S,0,22,232064886,387388934,1696,5,futex_do_wait
4924606709945550,3129415,qlever-server-d,S,0,14,155843798,370403632,1559,7,futex_do_wait
4924606709945550,3129416,qlever-server-d,S,0,13,146537242,365627421,1394,5,futex_do_wait
4924606709945550,3129417,qlever-server-d,S,1,17,189316837,399838545,1555,14,futex_do_wait
4924606709945550,3129418,qlever-server-d,S,0,19,205085331,350337834,1439,2,ep_poll
4924606709945550,0,__system__,-,1024887382,7867998806,0,0,0,-1,-
4924606729955551,3128855,qlever-server-d,S,936,1591,25279315500,30777902,1912,1,futex_do_wait
4924606729955551,3128859,qlever-server-d,S,0,0,3147313,3205591,28,13,futex_do_wait
4924606729955551,3129400,qlever-server-d,S,1333,10,13443494444,219186516,560,14,futex_do_wait
4924606729955551,3129401,qlever-server-d,S,1331,10,13417332901,226554218,489,4,futex_do_wait
4924606729955551,3129402,qlever-server-d,S,1332,14,13466764235,187458491,1068,15,futex_do_wait
4924606729955551,3129403,qlever-server-d,S,1336,13,13497126860,163575458,644,10,futex_do_wait
4924606729955551,3129404,qlever-server-d,S,1345,11,13571305558,78265165,599,3,futex_do_wait
4924606729955551,3129405,qlever-server-d,S,1345,10,13560163462,92373801,604,0,futex_do_wait
4924606729955551,3129406,qlever-server-d,S,1335,11,13472474169,178772485,618,6,futex_do_wait
4924606729955551,3129407,qlever-server-d,S,1334,10,13449390390,212171940,542,11,futex_do_wait
4924606729955551,3129408,qlever-server-d,S,0,0,15360,0,1,13,futex_do_wait
4924606729955551,3129409,qlever-server-d,S,0,0,193821,0,6,12,ep_poll
4924606729955551,3129410,qlever-server-d,S,0,0,479780,20000,11,3,futex_do_wait
4924606729955551,3129411,qlever-server-d,S,1,15,174327228,375336606,1524,7,futex_do_wait
4924606729955551,3129412,qlever-server-d,S,0,16,170041231,362824013,1418,5,futex_do_wait
4924606729955551,3129413,qlever-server-d,S,0,15,163326440,390753477,1499,7,futex_do_wait
4924606729955551,3129414,qlever-server-d,S,0,22,232064886,387388934,1696,5,futex_do_wait
4924606729955551,3129415,qlever-server-d,S,0,14,155843798,370403632,1559,7,futex_do_wait
4924606729955551,3129416,qlever-server-d,S,0,13,146537242,365627421,1394,5,futex_do_wait
4924606729955551,3129417,qlever-server-d,S,1,17,189316837,399838545,1555,14,futex_do_wait
4924606729955551,3129418,qlever-server-d,S,0,19,205085331,350337834,1439,2,ep_poll
4924606729955551,0,__system__,-,1024887394,7867998838,0,0,0,-1,-
4924606749956692,3128855,qlever-server-d,S,936,1591,25279315500,30777902,1912,1,futex_do_wait
4924606749956692,3128859,qlever-server-d,S,0,0,3147313,3205591,28,13,futex_do_wait
4924606749956692,3129400,qlever-server-d,S,1333,10,13443494444,219186516,560,14,futex_do_wait
4924606749956692,3129401,qlever-server-d,S,1331,10,13417332901,226554218,489,4,futex_do_wait
4924606749956692,3129402,qlever-server-d,S,1332,14,13466764235,187458491,1068,15,futex_do_wait
4924606749956692,3129403,qlever-server-d,S,1336,13,13497126860,163575458,644,10,futex_do_wait
4924606749956692,3129404,qlever-server-d,S,1345,11,13571305558,78265165,599,3,futex_do_wait
4924606749956692,3129405,qlever-server-d,S,1345,10,13560163462,92373801,604,0,futex_do_wait
4924606749956692,3129406,qlever-server-d,S,1335,11,13472474169,178772485,618,6,futex_do_wait
4924606749956692,3129407,qlever-server-d,S,1334,10,13449390390,212171940,542,11,futex_do_wait
4924606749956692,3129408,qlever-server-d,S,0,0,15360,0,1,13,futex_do_wait
4924606749956692,3129409,qlever-server-d,S,0,0,193821,0,6,12,ep_poll
4924606749956692,3129410,qlever-server-d,S,0,0,479780,20000,11,3,futex_do_wait
4924606749956692,3129411,qlever-server-d,S,1,15,174327228,375336606,1524,7,futex_do_wait
4924606749956692,3129412,qlever-server-d,S,0,16,170041231,362824013,1418,5,futex_do_wait
4924606749956692,3129413,qlever-server-d,S,0,15,163326440,390753477,1499,7,futex_do_wait
4924606749956692,3129414,qlever-server-d,S,0,22,232064886,387388934,1696,5,futex_do_wait
4924606749956692,3129415,qlever-server-d,S,0,14,155843798,370403632,1559,7,futex_do_wait
4924606749956692,3129416,qlever-server-d,S,0,13,146537242,365627421,1394,5,futex_do_wait
4924606749956692,3129417,qlever-server-d,S,1,17,189316837,399838545,1555,14,futex_do_wait
4924606749956692,3129418,qlever-server-d,S,0,19,205085331,350337834,1439,2,ep_poll
4924606749956692,0,__system__,-,1024887405,7867998869,0,0,0,-1,-
4924606769957153,3128855,qlever-server-d,S,936,1591,25279315500,30777902,1912,1,futex_do_wait
4924606769957153,3128859,qlever-server-d,S,0,0,3147313,3205591,28,13,futex_do_wait
4924606769957153,3129400,qlever-server-d,S,1333,10,13443494444,219186516,560,14,futex_do_wait
4924606769957153,3129401,qlever-server-d,S,1331,10,13417332901,226554218,489,4,futex_do_wait
4924606769957153,3129402,qlever-server-d,S,1332,14,13466764235,187458491,1068,15,futex_do_wait
4924606769957153,3129403,qlever-server-d,S,1336,13,13497126860,163575458,644,10,futex_do_wait
4924606769957153,3129404,qlever-server-d,S,1345,11,13571305558,78265165,599,3,futex_do_wait
4924606769957153,3129405,qlever-server-d,S,1345,10,13560163462,92373801,604,0,futex_do_wait
4924606769957153,3129406,qlever-server-d,S,1335,11,13472474169,178772485,618,6,futex_do_wait
4924606769957153,3129407,qlever-server-d,S,1334,10,13449390390,212171940,542,11,futex_do_wait
4924606769957153,3129408,qlever-server-d,S,0,0,15360,0,1,13,futex_do_wait
4924606769957153,3129409,qlever-server-d,S,0,0,193821,0,6,12,ep_poll
4924606769957153,3129410,qlever-server-d,S,0,0,479780,20000,11,3,futex_do_wait
4924606769957153,3129411,qlever-server-d,S,1,15,174327228,375336606,1524,7,futex_do_wait
4924606769957153,3129412,qlever-server-d,S,0,16,170041231,362824013,1418,5,futex_do_wait
4924606769957153,3129413,qlever-server-d,S,0,15,163326440,390753477,1499,7,futex_do_wait
4924606769957153,3129414,qlever-server-d,S,0,22,232064886,387388934,1696,5,futex_do_wait
4924606769957153,3129415,qlever-server-d,S,0,14,155843798,370403632,1559,7,futex_do_wait
4924606769957153,3129416,qlever-server-d,S,0,13,146537242,365627421,1394,5,futex_do_wait
4924606769957153,3129417,qlever-server-d,S,1,17,189316837,399838545,1555,14,futex_do_wait
4924606769957153,3129418,qlever-server-d,S,0,19,205085331,350337834,1439,2,ep_poll
4924606769957153,0,__system__,-,1024887416,7867998900,0,0,0,-1,-
4924606789953304,3128855,qlever-server-d,S,936,1591,25279315500,30777902,1912,1,futex_do_wait
4924606789953304,3128859,qlever-server-d,S,0,0,3147313,3205591,28,13,futex_do_wait
4924606789953304,3129400,qlever-server-d,S,1333,10,13443494444,219186516,560,14,futex_do_wait
4924606789953304,3129401,qlever-server-d,S,1331,10,13417332901,226554218,489,4,futex_do_wait
4924606789953304,3129402,qlever-server-d,S,1332,14,13466764235,187458491,1068,15,futex_do_wait
4924606789953304,3129403,qlever-server-d,S,1336,13,13497126860,163575458,644,10,futex_do_wait
4924606789953304,3129404,qlever-server-d,S,1345,11,13571305558,78265165,599,3,futex_do_wait
4924606789953304,3129405,qlever-server-d,S,1345,10,13560163462,92373801,604,0,futex_do_wait
4924606789953304,3129406,qlever-server-d,S,1335,11,13472474169,178772485,618,6,futex_do_wait
4924606789953304,3129407,qlever-server-d,S,1334,10,13449390390,212171940,542,11,futex_do_wait
4924606789953304,3129408,qlever-server-d,S,0,0,15360,0,1,13,futex_do_wait
4924606789953304,3129409,qlever-server-d,S,0,0,193821,0,6,12,ep_poll
4924606789953304,3129410,qlever-server-d,S,0,0,479780,20000,11,3,futex_do_wait
4924606789953304,3129411,qlever-server-d,S,1,15,174327228,375336606,1524,7,futex_do_wait
4924606789953304,3129412,qlever-server-d,S,0,16,170041231,362824013,1418,5,futex_do_wait
4924606789953304,3129413,qlever-server-d,S,0,15,163326440,390753477,1499,7,futex_do_wait
4924606789953304,3129414,qlever-server-d,S,0,22,232064886,387388934,1696,5,futex_do_wait
4924606789953304,3129415,qlever-server-d,S,0,14,155843798,370403632,1559,7,futex_do_wait
4924606789953304,3129416,qlever-server-d,S,0,13,146537242,365627421,1394,5,futex_do_wait
4924606789953304,3129417,qlever-server-d,S,1,17,189316837,399838545,1555,14,futex_do_wait
4924606789953304,3129418,qlever-server-d,S,0,19,205085331,350337834,1439,2,ep_poll
4924606789953304,0,__system__,-,1024887428,7867998933,0,0,0,-1,-
4924606809954705,3128855,qlever-server-d,S,936,1591,25279315500,30777902,1912,1,futex_do_wait
4924606809954705,3128859,qlever-server-d,S,0,0,3147313,3205591,28,13,futex_do_wait
4924606809954705,3129400,qlever-server-d,S,1333,10,13443494444,219186516,560,14,futex_do_wait
4924606809954705,3129401,qlever-server-d,S,1331,10,13417332901,226554218,489,4,futex_do_wait
4924606809954705,3129402,qlever-server-d,S,1332,14,13466764235,187458491,1068,15,futex_do_wait
4924606809954705,3129403,qlever-server-d,S,1336,13,13497126860,163575458,644,10,futex_do_wait
4924606809954705,3129404,qlever-server-d,S,1345,11,13571305558,78265165,599,3,futex_do_wait
4924606809954705,3129405,qlever-server-d,S,1345,10,13560163462,92373801,604,0,futex_do_wait
4924606809954705,3129406,qlever-server-d,S,1335,11,13472474169,178772485,618,6,futex_do_wait
4924606809954705,3129407,qlever-server-d,S,1334,10,13449390390,212171940,542,11,futex_do_wait
4924606809954705,3129408,qlever-server-d,S,0,0,15360,0,1,13,futex_do_wait
4924606809954705,3129409,qlever-server-d,S,0,0,193821,0,6,12,ep_poll
4924606809954705,3129410,qlever-server-d,S,0,0,479780,20000,11,3,futex_do_wait
4924606809954705,3129411,qlever-server-d,S,1,15,174327228,375336606,1524,7,futex_do_wait
4924606809954705,3129412,qlever-server-d,S,0,16,170041231,362824013,1418,5,futex_do_wait
4924606809954705,3129413,qlever-server-d,S,0,15,163326440,390753477,1499,7,futex_do_wait
4924606809954705,3129414,qlever-server-d,S,0,22,232064886,387388934,1696,5,futex_do_wait
4924606809954705,3129415,qlever-server-d,S,0,14,155843798,370403632,1559,7,futex_do_wait
4924606809954705,3129416,qlever-server-d,S,0,13,146537242,365627421,1394,5,futex_do_wait
4924606809954705,3129417,qlever-server-d,S,1,17,189316837,399838545,1555,14,futex_do_wait
4924606809954705,3129418,qlever-server-d,S,0,19,205085331,350337834,1439,2,ep_poll
4924606809954705,0,__system__,-,1024887439,7867998965,0,0,0,-1,-
4924606829953946,3128855,qlever-server-d,S,936,1591,25279315500,30777902,1912,1,futex_do_wait
4924606829953946,3128859,qlever-server-d,S,0,0,3147313,3205591,28,13,futex_do_wait
4924606829953946,3129400,qlever-server-d,S,1333,10,13443494444,219186516,560,14,futex_do_wait
4924606829953946,3129401,qlever-server-d,S,1331,10,13417332901,226554218,489,4,futex_do_wait
4924606829953946,3129402,qlever-server-d,S,1332,14,13466764235,187458491,1068,15,futex_do_wait
4924606829953946,3129403,qlever-server-d,S,1336,13,13497126860,163575458,644,10,futex_do_wait
4924606829953946,3129404,qlever-server-d,S,1345,11,13571305558,78265165,599,3,futex_do_wait
4924606829953946,3129405,qlever-server-d,S,1345,10,13560163462,92373801,604,0,futex_do_wait
4924606829953946,3129406,qlever-server-d,S,1335,11,13472474169,178772485,618,6,futex_do_wait
4924606829953946,3129407,qlever-server-d,S,1334,10,13449390390,212171940,542,11,futex_do_wait
4924606829953946,3129408,qlever-server-d,S,0,0,15360,0,1,13,futex_do_wait
4924606829953946,3129409,qlever-server-d,S,0,0,193821,0,6,12,ep_poll
4924606829953946,3129410,qlever-server-d,S,0,0,479780,20000,11,3,futex_do_wait
4924606829953946,3129411,qlever-server-d,S,1,15,174327228,375336606,1524,7,futex_do_wait
4924606829953946,3129412,qlever-server-d,S,0,16,170041231,362824013,1418,5,futex_do_wait
4924606829953946,3129413,qlever-server-d,S,0,15,163326440,390753477,1499,7,futex_do_wait
4924606829953946,3129414,qlever-server-d,S,0,22,232064886,387388934,1696,5,futex_do_wait
4924606829953946,3129415,qlever-server-d,S,0,14,155843798,370403632,1559,7,futex_do_wait
4924606829953946,3129416,qlever-server-d,S,0,13,146537242,365627421,1394,5,futex_do_wait
4924606829953946,3129417,qlever-server-d,S,1,17,189316837,399838545,1555,14,futex_do_wait
4924606829953946,3129418,qlever-server-d,S,0,19,205085331,350337834,1439,2,ep_poll
4924606829953946,0,__system__,-,1024887448,7867998996,0,0,0,-1,-
4924606849953377,3128855,qlever-server-d,S,936,1591,25279315500,30777902,1912,1,futex_do_wait
4924606849953377,3128859,qlever-server-d,S,0,0,3147313,3205591,28,13,futex_do_wait
4924606849953377,3129400,qlever-server-d,S,1333,10,13443494444,219186516,560,14,futex_do_wait
4924606849953377,3129401,qlever-server-d,S,1331,10,13417332901,226554218,489,4,futex_do_wait
4924606849953377,3129402,qlever-server-d,S,1332,14,13466764235,187458491,1068,15,futex_do_wait
4924606849953377,3129403,qlever-server-d,S,1336,13,13497126860,163575458,644,10,futex_do_wait
4924606849953377,3129404,qlever-server-d,S,1345,11,13571305558,78265165,599,3,futex_do_wait
4924606849953377,3129405,qlever-server-d,S,1345,10,13560163462,92373801,604,0,futex_do_wait
4924606849953377,3129406,qlever-server-d,S,1335,11,13472474169,178772485,618,6,futex_do_wait
4924606849953377,3129407,qlever-server-d,S,1334,10,13449390390,212171940,542,11,futex_do_wait
4924606849953377,3129408,qlever-server-d,S,0,0,15360,0,1,13,futex_do_wait
4924606849953377,3129409,qlever-server-d,S,0,0,193821,0,6,12,ep_poll
4924606849953377,3129410,qlever-server-d,S,0,0,479780,20000,11,3,futex_do_wait
4924606849953377,3129411,qlever-server-d,S,1,15,174327228,375336606,1524,7,futex_do_wait
4924606849953377,3129412,qlever-server-d,S,0,16,170041231,362824013,1418,5,futex_do_wait
4924606849953377,3129413,qlever-server-d,S,0,15,163326440,390753477,1499,7,futex_do_wait
4924606849953377,3129414,qlever-server-d,S,0,22,232064886,387388934,1696,5,futex_do_wait
4924606849953377,3129415,qlever-server-d,S,0,14,155843798,370403632,1559,7,futex_do_wait
4924606849953377,3129416,qlever-server-d,S,0,13,146537242,365627421,1394,5,futex_do_wait
4924606849953377,3129417,qlever-server-d,S,1,17,189316837,399838545,1555,14,futex_do_wait
4924606849953377,3129418,qlever-server-d,S,0,19,205085331,350337834,1439,2,ep_poll
4924606849953377,0,__system__,-,1024887458,7867999027,0,0,0,-1,-
4924606869939528,3128855,qlever-server-d,S,936,1591,25279315500,30777902,1912,1,futex_do_wait
4924606869939528,3128859,qlever-server-d,S,0,0,3147313,3205591,28,13,futex_do_wait
4924606869939528,3129400,qlever-server-d,S,1333,10,13443494444,219186516,560,14,futex_do_wait
4924606869939528,3129401,qlever-server-d,S,1331,10,13417332901,226554218,489,4,futex_do_wait
4924606869939528,3129402,qlever-server-d,S,1332,14,13466764235,187458491,1068,15,futex_do_wait
4924606869939528,3129403,qlever-server-d,S,1336,13,13497126860,163575458,644,10,futex_do_wait
4924606869939528,3129404,qlever-server-d,S,1345,11,13571305558,78265165,599,3,futex_do_wait
4924606869939528,3129405,qlever-server-d,S,1345,10,13560163462,92373801,604,0,futex_do_wait
4924606869939528,3129406,qlever-server-d,S,1335,11,13472474169,178772485,618,6,futex_do_wait
4924606869939528,3129407,qlever-server-d,S,1334,10,13449390390,212171940,542,11,futex_do_wait
4924606869939528,3129408,qlever-server-d,S,0,0,15360,0,1,13,futex_do_wait
4924606869939528,3129409,qlever-server-d,S,0,0,193821,0,6,12,ep_poll
4924606869939528,3129410,qlever-server-d,S,0,0,479780,20000,11,3,futex_do_wait
4924606869939528,3129411,qlever-server-d,S,1,15,174327228,375336606,1524,7,futex_do_wait
4924606869939528,3129412,qlever-server-d,S,0,16,170041231,362824013,1418,5,futex_do_wait
4924606869939528,3129413,qlever-server-d,S,0,15,163326440,390753477,1499,7,futex_do_wait
4924606869939528,3129414,qlever-server-d,S,0,22,232064886,387388934,1696,5,futex_do_wait
4924606869939528,3129415,qlever-server-d,S,0,14,155843798,370403632,1559,7,futex_do_wait
4924606869939528,3129416,qlever-server-d,S,0,13,146537242,365627421,1394,5,futex_do_wait
4924606869939528,3129417,qlever-server-d,S,1,17,189316837,399838545,1555,14,futex_do_wait
4924606869939528,3129418,qlever-server-d,S,0,19,205085331,350337834,1439,2,ep_poll
4924606869939528,0,__system__,-,1024887470,7867999060,0,0,0,-1,-
4924606889957549,3128855,qlever-server-d,S,936,1591,25279315500,30777902,1912,1,futex_do_wait
4924606889957549,3128859,qlever-server-d,S,0,0,3147313,3205591,28,13,futex_do_wait
4924606889957549,3129400,qlever-server-d,S,1333,10,13443494444,219186516,560,14,futex_do_wait
4924606889957549,3129401,qlever-server-d,S,1331,10,13417332901,226554218,489,4,futex_do_wait
4924606889957549,3129402,qlever-server-d,S,1332,14,13466764235,187458491,1068,15,futex_do_wait
4924606889957549,3129403,qlever-server-d,S,1336,13,13497126860,163575458,644,10,futex_do_wait
4924606889957549,3129404,qlever-server-d,S,1345,11,13571305558,78265165,599,3,futex_do_wait
4924606889957549,3129405,qlever-server-d,S,1345,10,13560163462,92373801,604,0,futex_do_wait
4924606889957549,3129406,qlever-server-d,S,1335,11,13472474169,178772485,618,6,futex_do_wait
4924606889957549,3129407,qlever-server-d,S,1334,10,13449390390,212171940,542,11,futex_do_wait
4924606889957549,3129408,qlever-server-d,S,0,0,15360,0,1,13,futex_do_wait
4924606889957549,3129409,qlever-server-d,S,0,0,193821,0,6,12,ep_poll
4924606889957549,3129410,qlever-server-d,S,0,0,479780,20000,11,3,futex_do_wait
4924606889957549,3129411,qlever-server-d,S,1,15,174327228,375336606,1524,7,futex_do_wait
4924606889957549,3129412,qlever-server-d,S,0,16,170041231,362824013,1418,5,futex_do_wait
4924606889957549,3129413,qlever-server-d,S,0,15,163326440,390753477,1499,7,futex_do_wait
4924606889957549,3129414,qlever-server-d,S,0,22,232064886,387388934,1696,5,futex_do_wait
4924606889957549,3129415,qlever-server-d,S,0,14,155843798,370403632,1559,7,futex_do_wait
4924606889957549,3129416,qlever-server-d,S,0,13,146537242,365627421,1394,5,futex_do_wait
4924606889957549,3129417,qlever-server-d,S,1,17,189316837,399838545,1555,14,futex_do_wait
4924606889957549,3129418,qlever-server-d,S,0,19,205085331,350337834,1439,2,ep_poll
4924606889957549,0,__system__,-,1024887481,7867999092,0,0,0,-1,-
4924606909946340,3128855,qlever-server-d,S,936,1591,25279315500,30777902,1912,1,futex_do_wait
4924606909946340,3128859,qlever-server-d,S,0,0,3147313,3205591,28,13,futex_do_wait
4924606909946340,3129400,qlever-server-d,S,1333,10,13443494444,219186516,560,14,futex_do_wait
4924606909946340,3129401,qlever-server-d,S,1331,10,13417332901,226554218,489,4,futex_do_wait
4924606909946340,3129402,qlever-server-d,S,1332,14,13466764235,187458491,1068,15,futex_do_wait
4924606909946340,3129403,qlever-server-d,S,1336,13,13497126860,163575458,644,10,futex_do_wait
4924606909946340,3129404,qlever-server-d,S,1345,11,13571305558,78265165,599,3,futex_do_wait
4924606909946340,3129405,qlever-server-d,S,1345,10,13560163462,92373801,604,0,futex_do_wait
4924606909946340,3129406,qlever-server-d,S,1335,11,13472474169,178772485,618,6,futex_do_wait
4924606909946340,3129407,qlever-server-d,S,1334,10,13449390390,212171940,542,11,futex_do_wait
4924606909946340,3129408,qlever-server-d,S,0,0,15360,0,1,13,futex_do_wait
4924606909946340,3129409,qlever-server-d,S,0,0,193821,0,6,12,ep_poll
4924606909946340,3129410,qlever-server-d,S,0,0,479780,20000,11,3,futex_do_wait
4924606909946340,3129411,qlever-server-d,S,1,15,174327228,375336606,1524,7,futex_do_wait
4924606909946340,3129412,qlever-server-d,S,0,16,170041231,362824013,1418,5,futex_do_wait
4924606909946340,3129413,qlever-server-d,S,0,15,163326440,390753477,1499,7,futex_do_wait
4924606909946340,3129414,qlever-server-d,S,0,22,232064886,387388934,1696,5,futex_do_wait
4924606909946340,3129415,qlever-server-d,S,0,14,155843798,370403632,1559,7,futex_do_wait
4924606909946340,3129416,qlever-server-d,S,0,13,146537242,365627421,1394,5,futex_do_wait
4924606909946340,3129417,qlever-server-d,S,1,17,189316837,399838545,1555,14,futex_do_wait
4924606909946340,3129418,qlever-server-d,S,0,19,205085331,350337834,1439,2,ep_poll
4924606909946340,0,__system__,-,1024887493,7867999124,0,0,0,-1,-
4924606929915641,3128855,qlever-server-d,S,936,1591,25279315500,30777902,1912,1,futex_do_wait
4924606929915641,3128859,qlever-server-d,S,0,0,3147313,3205591,28,13,futex_do_wait
4924606929915641,3129400,qlever-server-d,S,1333,10,13443494444,219186516,560,14,futex_do_wait
4924606929915641,3129401,qlever-server-d,S,1331,10,13417332901,226554218,489,4,futex_do_wait
4924606929915641,3129402,qlever-server-d,S,1332,14,13466764235,187458491,1068,15,futex_do_wait
4924606929915641,3129403,qlever-server-d,S,1336,13,13497126860,163575458,644,10,futex_do_wait
4924606929915641,3129404,qlever-server-d,S,1345,11,13571305558,78265165,599,3,futex_do_wait
4924606929915641,3129405,qlever-server-d,S,1345,10,13560163462,92373801,604,0,futex_do_wait
4924606929915641,3129406,qlever-server-d,S,1335,11,13472474169,178772485,618,6,futex_do_wait
4924606929915641,3129407,qlever-server-d,S,1334,10,13449390390,212171940,542,11,futex_do_wait
4924606929915641,3129408,qlever-server-d,S,0,0,15360,0,1,13,futex_do_wait
4924606929915641,3129409,qlever-server-d,S,0,0,193821,0,6,12,ep_poll
4924606929915641,3129410,qlever-server-d,S,0,0,479780,20000,11,3,futex_do_wait
4924606929915641,3129411,qlever-server-d,S,1,15,174327228,375336606,1524,7,futex_do_wait
4924606929915641,3129412,qlever-server-d,S,0,16,170041231,362824013,1418,5,futex_do_wait
4924606929915641,3129413,qlever-server-d,S,0,15,163326440,390753477,1499,7,futex_do_wait
4924606929915641,3129414,qlever-server-d,S,0,22,232064886,387388934,1696,5,futex_do_wait
4924606929915641,3129415,qlever-server-d,S,0,14,155843798,370403632,1559,7,futex_do_wait
4924606929915641,3129416,qlever-server-d,S,0,13,146537242,365627421,1394,5,futex_do_wait
4924606929915641,3129417,qlever-server-d,S,1,17,189316837,399838545,1555,14,futex_do_wait
4924606929915641,3129418,qlever-server-d,S,0,19,205085331,350337834,1439,2,ep_poll
4924606929915641,0,__system__,-,1024887503,7867999155,0,0,0,-1,-
4924606949914492,3128855,qlever-server-d,S,936,1591,25279315500,30777902,1912,1,futex_do_wait
4924606949914492,3128859,qlever-server-d,S,0,0,3147313,3205591,28,13,futex_do_wait
4924606949914492,3129400,qlever-server-d,S,1333,10,13443494444,219186516,560,14,futex_do_wait
4924606949914492,3129401,qlever-server-d,S,1331,10,13417332901,226554218,489,4,futex_do_wait
4924606949914492,3129402,qlever-server-d,S,1332,14,13466764235,187458491,1068,15,futex_do_wait
4924606949914492,3129403,qlever-server-d,S,1336,13,13497126860,163575458,644,10,futex_do_wait
4924606949914492,3129404,qlever-server-d,S,1345,11,13571305558,78265165,599,3,futex_do_wait
4924606949914492,3129405,qlever-server-d,S,1345,10,13560163462,92373801,604,0,futex_do_wait
4924606949914492,3129406,qlever-server-d,S,1335,11,13472474169,178772485,618,6,futex_do_wait
4924606949914492,3129407,qlever-server-d,S,1334,10,13449390390,212171940,542,11,futex_do_wait
4924606949914492,3129408,qlever-server-d,S,0,0,15360,0,1,13,futex_do_wait
4924606949914492,3129409,qlever-server-d,S,0,0,193821,0,6,12,ep_poll
4924606949914492,3129410,qlever-server-d,S,0,0,479780,20000,11,3,futex_do_wait
4924606949914492,3129411,qlever-server-d,S,1,15,174327228,375336606,1524,7,futex_do_wait
4924606949914492,3129412,qlever-server-d,S,0,16,170041231,362824013,1418,5,futex_do_wait
4924606949914492,3129413,qlever-server-d,S,0,15,163326440,390753477,1499,7,futex_do_wait
4924606949914492,3129414,qlever-server-d,S,0,22,232064886,387388934,1696,5,futex_do_wait
4924606949914492,3129415,qlever-server-d,S,0,14,155843798,370403632,1559,7,futex_do_wait
4924606949914492,3129416,qlever-server-d,S,0,13,146537242,365627421,1394,5,futex_do_wait
4924606949914492,3129417,qlever-server-d,S,1,17,189316837,399838545,1555,14,futex_do_wait
4924606949914492,3129418,qlever-server-d,S,0,19,205085331,350337834,1439,2,ep_poll
4924606949914492,0,__system__,-,1024887514,7867999188,0,0,0,-1,-
4924606969921043,3128855,qlever-server-d,S,936,1591,25279315500,30777902,1912,1,futex_do_wait
4924606969921043,3128859,qlever-server-d,S,0,0,3147313,3205591,28,13,futex_do_wait
4924606969921043,3129400,qlever-server-d,S,1333,10,13443494444,219186516,560,14,futex_do_wait
4924606969921043,3129401,qlever-server-d,S,1331,10,13417332901,226554218,489,4,futex_do_wait
4924606969921043,3129402,qlever-server-d,S,1332,14,13466764235,187458491,1068,15,futex_do_wait
4924606969921043,3129403,qlever-server-d,S,1336,13,13497126860,163575458,644,10,futex_do_wait
4924606969921043,3129404,qlever-server-d,S,1345,11,13571305558,78265165,599,3,futex_do_wait
4924606969921043,3129405,qlever-server-d,S,1345,10,13560163462,92373801,604,0,futex_do_wait
4924606969921043,3129406,qlever-server-d,S,1335,11,13472474169,178772485,618,6,futex_do_wait
4924606969921043,3129407,qlever-server-d,S,1334,10,13449390390,212171940,542,11,futex_do_wait
4924606969921043,3129408,qlever-server-d,S,0,0,15360,0,1,13,futex_do_wait
4924606969921043,3129409,qlever-server-d,S,0,0,193821,0,6,12,ep_poll
4924606969921043,3129410,qlever-server-d,S,0,0,479780,20000,11,3,futex_do_wait
4924606969921043,3129411,qlever-server-d,S,1,15,174327228,375336606,1524,7,futex_do_wait
4924606969921043,3129412,qlever-server-d,S,0,16,170041231,362824013,1418,5,futex_do_wait
4924606969921043,3129413,qlever-server-d,S,0,15,163326440,390753477,1499,7,futex_do_wait
4924606969921043,3129414,qlever-server-d,S,0,22,232064886,387388934,1696,5,futex_do_wait
4924606969921043,3129415,qlever-server-d,S,0,14,155843798,370403632,1559,7,futex_do_wait
4924606969921043,3129416,qlever-server-d,S,0,13,146537242,365627421,1394,5,futex_do_wait
4924606969921043,3129417,qlever-server-d,S,1,17,189316837,399838545,1555,14,futex_do_wait
4924606969921043,3129418,qlever-server-d,S,0,19,205085331,350337834,1439,2,ep_poll
4924606969921043,0,__system__,-,1024887524,7867999220,0,0,0,-1,-
4924606989918954,3128855,qlever-server-d,S,936,1591,25279315500,30777902,1912,1,futex_do_wait
4924606989918954,3128859,qlever-server-d,S,0,0,3147313,3205591,28,13,futex_do_wait
4924606989918954,3129400,qlever-server-d,S,1333,10,13443494444,219186516,560,14,futex_do_wait
4924606989918954,3129401,qlever-server-d,S,1331,10,13417332901,226554218,489,4,futex_do_wait
4924606989918954,3129402,qlever-server-d,S,1332,14,13466764235,187458491,1068,15,futex_do_wait
4924606989918954,3129403,qlever-server-d,S,1336,13,13497126860,163575458,644,10,futex_do_wait
4924606989918954,3129404,qlever-server-d,S,1345,11,13571305558,78265165,599,3,futex_do_wait
4924606989918954,3129405,qlever-server-d,S,1345,10,13560163462,92373801,604,0,futex_do_wait
4924606989918954,3129406,qlever-server-d,S,1335,11,13472474169,178772485,618,6,futex_do_wait
4924606989918954,3129407,qlever-server-d,S,1334,10,13449390390,212171940,542,11,futex_do_wait
4924606989918954,3129408,qlever-server-d,S,0,0,15360,0,1,13,futex_do_wait
4924606989918954,3129409,qlever-server-d,S,0,0,193821,0,6,12,ep_poll
4924606989918954,3129410,qlever-server-d,S,0,0,479780,20000,11,3,futex_do_wait
4924606989918954,3129411,qlever-server-d,S,1,15,174327228,375336606,1524,7,futex_do_wait
4924606989918954,3129412,qlever-server-d,S,0,16,170041231,362824013,1418,5,futex_do_wait
4924606989918954,3129413,qlever-server-d,S,0,15,163326440,390753477,1499,7,futex_do_wait
4924606989918954,3129414,qlever-server-d,S,0,22,232064886,387388934,1696,5,futex_do_wait
4924606989918954,3129415,qlever-server-d,S,0,14,155843798,370403632,1559,7,futex_do_wait
4924606989918954,3129416,qlever-server-d,S,0,13,146537242,365627421,1394,5,futex_do_wait
4924606989918954,3129417,qlever-server-d,S,1,17,189316837,399838545,1555,14,futex_do_wait
4924606989918954,3129418,qlever-server-d,S,0,19,205085331,350337834,1439,2,ep_poll
4924606989918954,0,__system__,-,1024887533,7867999250,0,0,0,-1,-
4924607009928155,3128855,qlever-server-d,S,936,1591,25279315500,30777902,1912,1,futex_do_wait
4924607009928155,3128859,qlever-server-d,S,0,0,3147313,3205591,28,13,futex_do_wait
4924607009928155,3129400,qlever-server-d,S,1333,10,13443494444,219186516,560,14,futex_do_wait
4924607009928155,3129401,qlever-server-d,S,1331,10,13417332901,226554218,489,4,futex_do_wait
4924607009928155,3129402,qlever-server-d,S,1332,14,13466764235,187458491,1068,15,futex_do_wait
4924607009928155,3129403,qlever-server-d,S,1336,13,13497126860,163575458,644,10,futex_do_wait
4924607009928155,3129404,qlever-server-d,S,1345,11,13571305558,78265165,599,3,futex_do_wait
4924607009928155,3129405,qlever-server-d,S,1345,10,13560163462,92373801,604,0,futex_do_wait
4924607009928155,3129406,qlever-server-d,S,1335,11,13472474169,178772485,618,6,futex_do_wait
4924607009928155,3129407,qlever-server-d,S,1334,10,13449390390,212171940,542,11,futex_do_wait
4924607009928155,3129408,qlever-server-d,S,0,0,15360,0,1,13,futex_do_wait
4924607009928155,3129409,qlever-server-d,S,0,0,193821,0,6,12,ep_poll
4924607009928155,3129410,qlever-server-d,S,0,0,479780,20000,11,3,futex_do_wait
4924607009928155,3129411,qlever-server-d,S,1,15,174327228,375336606,1524,7,futex_do_wait
4924607009928155,3129412,qlever-server-d,S,0,16,170041231,362824013,1418,5,futex_do_wait
4924607009928155,3129413,qlever-server-d,S,0,15,163326440,390753477,1499,7,futex_do_wait
4924607009928155,3129414,qlever-server-d,S,0,22,232064886,387388934,1696,5,futex_do_wait
4924607009928155,3129415,qlever-server-d,S,0,14,155843798,370403632,1559,7,futex_do_wait
4924607009928155,3129416,qlever-server-d,S,0,13,146537242,365627421,1394,5,futex_do_wait
4924607009928155,3129417,qlever-server-d,S,1,17,189316837,399838545,1555,14,futex_do_wait
4924607009928155,3129418,qlever-server-d,S,0,19,205085331,350337834,1439,2,ep_poll
4924607009928155,0,__system__,-,1024887545,7867999283,0,0,0,-1,-
4924607029960285,3128855,qlever-server-d,S,936,1591,25279315500,30777902,1912,1,futex_do_wait
4924607029960285,3128859,qlever-server-d,S,0,0,3147313,3205591,28,13,futex_do_wait
4924607029960285,3129400,qlever-server-d,S,1333,10,13443494444,219186516,560,14,futex_do_wait
4924607029960285,3129401,qlever-server-d,S,1331,10,13417332901,226554218,489,4,futex_do_wait
4924607029960285,3129402,qlever-server-d,S,1332,14,13466764235,187458491,1068,15,futex_do_wait
4924607029960285,3129403,qlever-server-d,S,1336,13,13497126860,163575458,644,10,futex_do_wait
4924607029960285,3129404,qlever-server-d,S,1345,11,13571305558,78265165,599,3,futex_do_wait
4924607029960285,3129405,qlever-server-d,S,1345,10,13560163462,92373801,604,0,futex_do_wait
4924607029960285,3129406,qlever-server-d,S,1335,11,13472474169,178772485,618,6,futex_do_wait
4924607029960285,3129407,qlever-server-d,S,1334,10,13449390390,212171940,542,11,futex_do_wait
4924607029960285,3129408,qlever-server-d,S,0,0,15360,0,1,13,futex_do_wait
4924607029960285,3129409,qlever-server-d,S,0,0,193821,0,6,12,ep_poll
4924607029960285,3129410,qlever-server-d,S,0,0,479780,20000,11,3,futex_do_wait
4924607029960285,3129411,qlever-server-d,S,1,15,174327228,375336606,1524,7,futex_do_wait
4924607029960285,3129412,qlever-server-d,S,0,16,170041231,362824013,1418,5,futex_do_wait
4924607029960285,3129413,qlever-server-d,S,0,15,163326440,390753477,1499,7,futex_do_wait
4924607029960285,3129414,qlever-server-d,S,0,22,232064886,387388934,1696,5,futex_do_wait
4924607029960285,3129415,qlever-server-d,S,0,14,155843798,370403632,1559,7,futex_do_wait
4924607029960285,3129416,qlever-server-d,S,0,13,146537242,365627421,1394,5,futex_do_wait
4924607029960285,3129417,qlever-server-d,S,1,17,189316837,399838545,1555,14,futex_do_wait
4924607029960285,3129418,qlever-server-d,S,0,19,205085331,350337834,1439,2,ep_poll
4924607029960285,0,__system__,-,1024887558,7867999317,0,0,0,-1,-
4924607049954316,3128855,qlever-server-d,S,936,1591,25279315500,30777902,1912,1,futex_do_wait
4924607049954316,3128859,qlever-server-d,S,0,0,3147313,3205591,28,13,futex_do_wait
4924607049954316,3129400,qlever-server-d,S,1333,10,13443494444,219186516,560,14,futex_do_wait
4924607049954316,3129401,qlever-server-d,S,1331,10,13417332901,226554218,489,4,futex_do_wait
4924607049954316,3129402,qlever-server-d,S,1332,14,13466764235,187458491,1068,15,futex_do_wait
4924607049954316,3129403,qlever-server-d,S,1336,13,13497126860,163575458,644,10,futex_do_wait
4924607049954316,3129404,qlever-server-d,S,1345,11,13571305558,78265165,599,3,futex_do_wait
4924607049954316,3129405,qlever-server-d,S,1345,10,13560163462,92373801,604,0,futex_do_wait
4924607049954316,3129406,qlever-server-d,S,1335,11,13472474169,178772485,618,6,futex_do_wait
4924607049954316,3129407,qlever-server-d,S,1334,10,13449390390,212171940,542,11,futex_do_wait
4924607049954316,3129408,qlever-server-d,S,0,0,15360,0,1,13,futex_do_wait
4924607049954316,3129409,qlever-server-d,S,0,0,193821,0,6,12,ep_poll
4924607049954316,3129410,qlever-server-d,S,0,0,479780,20000,11,3,futex_do_wait
4924607049954316,3129411,qlever-server-d,S,1,15,174327228,375336606,1524,7,futex_do_wait
4924607049954316,3129412,qlever-server-d,S,0,16,170041231,362824013,1418,5,futex_do_wait
4924607049954316,3129413,qlever-server-d,S,0,15,163326440,390753477,1499,7,futex_do_wait
4924607049954316,3129414,qlever-server-d,S,0,22,232064886,387388934,1696,5,futex_do_wait
4924607049954316,3129415,qlever-server-d,S,0,14,155843798,370403632,1559,7,futex_do_wait
4924607049954316,3129416,qlever-server-d,S,0,13,146537242,365627421,1394,5,futex_do_wait
4924607049954316,3129417,qlever-server-d,S,1,17,189316837,399838545,1555,14,futex_do_wait
4924607049954316,3129418,qlever-server-d,S,0,19,205085331,350337834,1439,2,ep_poll
4924607049954316,0,__system__,-,1024887567,7867999347,0,0,0,-1,-
4924607069946957,3128855,qlever-server-d,S,936,1591,25279315500,30777902,1912,1,futex_do_wait
4924607069946957,3128859,qlever-server-d,S,0,0,3147313,3205591,28,13,futex_do_wait
4924607069946957,3129400,qlever-server-d,S,1333,10,13443494444,219186516,560,14,futex_do_wait
4924607069946957,3129401,qlever-server-d,S,1331,10,13417332901,226554218,489,4,futex_do_wait
4924607069946957,3129402,qlever-server-d,S,1332,14,13466764235,187458491,1068,15,futex_do_wait
4924607069946957,3129403,qlever-server-d,S,1336,13,13497126860,163575458,644,10,futex_do_wait
4924607069946957,3129404,qlever-server-d,S,1345,11,13571305558,78265165,599,3,futex_do_wait
4924607069946957,3129405,qlever-server-d,S,1345,10,13560163462,92373801,604,0,futex_do_wait
4924607069946957,3129406,qlever-server-d,S,1335,11,13472474169,178772485,618,6,futex_do_wait
4924607069946957,3129407,qlever-server-d,S,1334,10,13449390390,212171940,542,11,futex_do_wait
4924607069946957,3129408,qlever-server-d,S,0,0,15360,0,1,13,futex_do_wait
4924607069946957,3129409,qlever-server-d,S,0,0,193821,0,6,12,ep_poll
4924607069946957,3129410,qlever-server-d,S,0,0,479780,20000,11,3,futex_do_wait
4924607069946957,3129411,qlever-server-d,S,1,15,174327228,375336606,1524,7,futex_do_wait
4924607069946957,3129412,qlever-server-d,S,0,16,170041231,362824013,1418,5,futex_do_wait
4924607069946957,3129413,qlever-server-d,S,0,15,163326440,390753477,1499,7,futex_do_wait
4924607069946957,3129414,qlever-server-d,S,0,22,232064886,387388934,1696,5,futex_do_wait
4924607069946957,3129415,qlever-server-d,S,0,14,155843798,370403632,1559,7,futex_do_wait
4924607069946957,3129416,qlever-server-d,S,0,13,146537242,365627421,1394,5,futex_do_wait
4924607069946957,3129417,qlever-server-d,S,1,17,189316837,399838545,1555,14,futex_do_wait
4924607069946957,3129418,qlever-server-d,S,0,19,205085331,350337834,1439,2,ep_poll
4924607069946957,0,__system__,-,1024887578,7867999379,0,0,0,-1,-
4924607089962978,3128855,qlever-server-d,S,936,1591,25279315500,30777902,1912,1,futex_do_wait
4924607089962978,3128859,qlever-server-d,S,0,0,3147313,3205591,28,13,futex_do_wait
4924607089962978,3129400,qlever-server-d,S,1333,10,13443494444,219186516,560,14,futex_do_wait
4924607089962978,3129401,qlever-server-d,S,1331,10,13417332901,226554218,489,4,futex_do_wait
4924607089962978,3129402,qlever-server-d,S,1332,14,13466764235,187458491,1068,15,futex_do_wait
4924607089962978,3129403,qlever-server-d,S,1336,13,13497126860,163575458,644,10,futex_do_wait
4924607089962978,3129404,qlever-server-d,S,1345,11,13571305558,78265165,599,3,futex_do_wait
4924607089962978,3129405,qlever-server-d,S,1345,10,13560163462,92373801,604,0,futex_do_wait
4924607089962978,3129406,qlever-server-d,S,1335,11,13472474169,178772485,618,6,futex_do_wait
4924607089962978,3129407,qlever-server-d,S,1334,10,13449390390,212171940,542,11,futex_do_wait
4924607089962978,3129408,qlever-server-d,S,0,0,15360,0,1,13,futex_do_wait
4924607089962978,3129409,qlever-server-d,S,0,0,193821,0,6,12,ep_poll
4924607089962978,3129410,qlever-server-d,S,0,0,479780,20000,11,3,futex_do_wait
4924607089962978,3129411,qlever-server-d,S,1,15,174327228,375336606,1524,7,futex_do_wait
4924607089962978,3129412,qlever-server-d,S,0,16,170041231,362824013,1418,5,futex_do_wait
4924607089962978,3129413,qlever-server-d,S,0,15,163326440,390753477,1499,7,futex_do_wait
4924607089962978,3129414,qlever-server-d,S,0,22,232064886,387388934,1696,5,futex_do_wait
4924607089962978,3129415,qlever-server-d,S,0,14,155843798,370403632,1559,7,futex_do_wait
4924607089962978,3129416,qlever-server-d,S,0,13,146537242,365627421,1394,5,futex_do_wait
4924607089962978,3129417,qlever-server-d,S,1,17,189316837,399838545,1555,14,futex_do_wait
4924607089962978,3129418,qlever-server-d,S,0,19,205085331,350337834,1439,2,ep_poll
4924607089962978,0,__system__,-,1024887589,7867999412,0,0,0,-1,-
4924607109958709,3128855,qlever-server-d,S,936,1591,25279315500,30777902,1912,1,futex_do_wait
4924607109958709,3128859,qlever-server-d,S,0,0,3147313,3205591,28,13,futex_do_wait
4924607109958709,3129400,qlever-server-d,S,1333,10,13443494444,219186516,560,14,futex_do_wait
4924607109958709,3129401,qlever-server-d,S,1331,10,13417332901,226554218,489,4,futex_do_wait
4924607109958709,3129402,qlever-server-d,S,1332,14,13466764235,187458491,1068,15,futex_do_wait
4924607109958709,3129403,qlever-server-d,S,1336,13,13497126860,163575458,644,10,futex_do_wait
4924607109958709,3129404,qlever-server-d,S,1345,11,13571305558,78265165,599,3,futex_do_wait
4924607109958709,3129405,qlever-server-d,S,1345,10,13560163462,92373801,604,0,futex_do_wait
4924607109958709,3129406,qlever-server-d,S,1335,11,13472474169,178772485,618,6,futex_do_wait
4924607109958709,3129407,qlever-server-d,S,1334,10,13449390390,212171940,542,11,futex_do_wait
4924607109958709,3129408,qlever-server-d,S,0,0,15360,0,1,13,futex_do_wait
4924607109958709,3129409,qlever-server-d,S,0,0,193821,0,6,12,ep_poll
4924607109958709,3129410,qlever-server-d,S,0,0,479780,20000,11,3,futex_do_wait
4924607109958709,3129411,qlever-server-d,S,1,15,174327228,375336606,1524,7,futex_do_wait
4924607109958709,3129412,qlever-server-d,S,0,16,170041231,362824013,1418,5,futex_do_wait
4924607109958709,3129413,qlever-server-d,S,0,15,163326440,390753477,1499,7,futex_do_wait
4924607109958709,3129414,qlever-server-d,S,0,22,232064886,387388934,1696,5,futex_do_wait
4924607109958709,3129415,qlever-server-d,S,0,14,155843798,370403632,1559,7,futex_do_wait
4924607109958709,3129416,qlever-server-d,S,0,13,146537242,365627421,1394,5,futex_do_wait
4924607109958709,3129417,qlever-server-d,S,1,17,189316837,399838545,1555,14,futex_do_wait
4924607109958709,3129418,qlever-server-d,S,0,19,205085331,350337834,1439,2,ep_poll
4924607109958709,0,__system__,-,1024887599,7867999443,0,0,0,-1,-
4924607129958450,3128855,qlever-server-d,S,936,1591,25279315500,30777902,1912,1,futex_do_wait
4924607129958450,3128859,qlever-server-d,S,0,0,3147313,3205591,28,13,futex_do_wait
4924607129958450,3129400,qlever-server-d,S,1333,10,13443494444,219186516,560,14,futex_do_wait
4924607129958450,3129401,qlever-server-d,S,1331,10,13417332901,226554218,489,4,futex_do_wait
4924607129958450,3129402,qlever-server-d,S,1332,14,13466764235,187458491,1068,15,futex_do_wait
4924607129958450,3129403,qlever-server-d,S,1336,13,13497126860,163575458,644,10,futex_do_wait
4924607129958450,3129404,qlever-server-d,S,1345,11,13571305558,78265165,599,3,futex_do_wait
4924607129958450,3129405,qlever-server-d,S,1345,10,13560163462,92373801,604,0,futex_do_wait
4924607129958450,3129406,qlever-server-d,S,1335,11,13472474169,178772485,618,6,futex_do_wait
4924607129958450,3129407,qlever-server-d,S,1334,10,13449390390,212171940,542,11,futex_do_wait
4924607129958450,3129408,qlever-server-d,S,0,0,15360,0,1,13,futex_do_wait
4924607129958450,3129409,qlever-server-d,S,0,0,193821,0,6,12,ep_poll
4924607129958450,3129410,qlever-server-d,S,0,0,479780,20000,11,3,futex_do_wait
4924607129958450,3129411,qlever-server-d,S,1,15,174327228,375336606,1524,7,futex_do_wait
4924607129958450,3129412,qlever-server-d,S,0,16,170041231,362824013,1418,5,futex_do_wait
4924607129958450,3129413,qlever-server-d,S,0,15,163326440,390753477,1499,7,futex_do_wait
4924607129958450,3129414,qlever-server-d,S,0,22,232064886,387388934,1696,5,futex_do_wait
4924607129958450,3129415,qlever-server-d,S,0,14,155843798,370403632,1559,7,futex_do_wait
4924607129958450,3129416,qlever-server-d,S,0,13,146537242,365627421,1394,5,futex_do_wait
4924607129958450,3129417,qlever-server-d,S,1,17,189316837,399838545,1555,14,futex_do_wait
4924607129958450,3129418,qlever-server-d,S,0,19,205085331,350337834,1439,2,ep_poll
4924607129958450,0,__system__,-,1024887611,7867999477,0,0,0,-1,-
4924607149955571,3128855,qlever-server-d,S,936,1591,25279315500,30777902,1912,1,futex_do_wait
4924607149955571,3128859,qlever-server-d,S,0,0,3147313,3205591,28,13,futex_do_wait
4924607149955571,3129400,qlever-server-d,S,1333,10,13443494444,219186516,560,14,futex_do_wait
4924607149955571,3129401,qlever-server-d,S,1331,10,13417332901,226554218,489,4,futex_do_wait
4924607149955571,3129402,qlever-server-d,S,1332,14,13466764235,187458491,1068,15,futex_do_wait
4924607149955571,3129403,qlever-server-d,S,1336,13,13497126860,163575458,644,10,futex_do_wait
4924607149955571,3129404,qlever-server-d,S,1345,11,13571305558,78265165,599,3,futex_do_wait
4924607149955571,3129405,qlever-server-d,S,1345,10,13560163462,92373801,604,0,futex_do_wait
4924607149955571,3129406,qlever-server-d,S,1335,11,13472474169,178772485,618,6,futex_do_wait
4924607149955571,3129407,qlever-server-d,S,1334,10,13449390390,212171940,542,11,futex_do_wait
4924607149955571,3129408,qlever-server-d,S,0,0,15360,0,1,13,futex_do_wait
4924607149955571,3129409,qlever-server-d,S,0,0,193821,0,6,12,ep_poll
4924607149955571,3129410,qlever-server-d,S,0,0,479780,20000,11,3,futex_do_wait
4924607149955571,3129411,qlever-server-d,S,1,15,174327228,375336606,1524,7,futex_do_wait
4924607149955571,3129412,qlever-server-d,S,0,16,170041231,362824013,1418,5,futex_do_wait
4924607149955571,3129413,qlever-server-d,S,0,15,163326440,390753477,1499,7,futex_do_wait
4924607149955571,3129414,qlever-server-d,S,0,22,232064886,387388934,1696,5,futex_do_wait
4924607149955571,3129415,qlever-server-d,S,0,14,155843798,370403632,1559,7,futex_do_wait
4924607149955571,3129416,qlever-server-d,S,0,13,146537242,365627421,1394,5,futex_do_wait
4924607149955571,3129417,qlever-server-d,S,1,17,189316837,399838545,1555,14,futex_do_wait
4924607149955571,3129418,qlever-server-d,S,0,19,205085331,350337834,1439,2,ep_poll
4924607149955571,0,__system__,-,1024887623,7867999509,0,0,0,-1,-
4924607169954512,3128855,qlever-server-d,S,936,1591,25279315500,30777902,1912,1,futex_do_wait
4924607169954512,3128859,qlever-server-d,S,0,0,3147313,3205591,28,13,futex_do_wait
4924607169954512,3129400,qlever-server-d,S,1333,10,13443494444,219186516,560,14,futex_do_wait
4924607169954512,3129401,qlever-server-d,S,1331,10,13417332901,226554218,489,4,futex_do_wait
4924607169954512,3129402,qlever-server-d,S,1332,14,13466764235,187458491,1068,15,futex_do_wait
4924607169954512,3129403,qlever-server-d,S,1336,13,13497126860,163575458,644,10,futex_do_wait
4924607169954512,3129404,qlever-server-d,S,1345,11,13571305558,78265165,599,3,futex_do_wait
4924607169954512,3129405,qlever-server-d,S,1345,10,13560163462,92373801,604,0,futex_do_wait
4924607169954512,3129406,qlever-server-d,S,1335,11,13472474169,178772485,618,6,futex_do_wait
4924607169954512,3129407,qlever-server-d,S,1334,10,13449390390,212171940,542,11,futex_do_wait
4924607169954512,3129408,qlever-server-d,S,0,0,15360,0,1,13,futex_do_wait
4924607169954512,3129409,qlever-server-d,S,0,0,193821,0,6,12,ep_poll
4924607169954512,3129410,qlever-server-d,S,0,0,479780,20000,11,3,futex_do_wait
4924607169954512,3129411,qlever-server-d,S,1,15,174327228,375336606,1524,7,futex_do_wait
4924607169954512,3129412,qlever-server-d,S,0,16,170041231,362824013,1418,5,futex_do_wait
4924607169954512,3129413,qlever-server-d,S,0,15,163326440,390753477,1499,7,futex_do_wait
4924607169954512,3129414,qlever-server-d,S,0,22,232064886,387388934,1696,5,futex_do_wait
4924607169954512,3129415,qlever-server-d,S,0,14,155843798,370403632,1559,7,futex_do_wait
4924607169954512,3129416,qlever-server-d,S,0,13,146537242,365627421,1394,5,futex_do_wait
4924607169954512,3129417,qlever-server-d,S,1,17,189316837,399838545,1555,14,futex_do_wait
4924607169954512,3129418,qlever-server-d,S,0,19,205085331,350337834,1439,2,ep_poll
4924607169954512,0,__system__,-,1024887634,7867999541,0,0,0,-1,-
4924607189952463,3128855,qlever-server-d,S,936,1591,25279315500,30777902,1912,1,futex_do_wait
4924607189952463,3128859,qlever-server-d,S,0,0,3147313,3205591,28,13,futex_do_wait
4924607189952463,3129400,qlever-server-d,S,1333,10,13443494444,219186516,560,14,futex_do_wait
4924607189952463,3129401,qlever-server-d,S,1331,10,13417332901,226554218,489,4,futex_do_wait
4924607189952463,3129402,qlever-server-d,S,1332,14,13466764235,187458491,1068,15,futex_do_wait
4924607189952463,3129403,qlever-server-d,S,1336,13,13497126860,163575458,644,10,futex_do_wait
4924607189952463,3129404,qlever-server-d,S,1345,11,13571305558,78265165,599,3,futex_do_wait
4924607189952463,3129405,qlever-server-d,S,1345,10,13560163462,92373801,604,0,futex_do_wait
4924607189952463,3129406,qlever-server-d,S,1335,11,13472474169,178772485,618,6,futex_do_wait
4924607189952463,3129407,qlever-server-d,S,1334,10,13449390390,212171940,542,11,futex_do_wait
4924607189952463,3129408,qlever-server-d,S,0,0,15360,0,1,13,futex_do_wait
4924607189952463,3129409,qlever-server-d,S,0,0,193821,0,6,12,ep_poll
4924607189952463,3129410,qlever-server-d,S,0,0,479780,20000,11,3,futex_do_wait
4924607189952463,3129411,qlever-server-d,S,1,15,174327228,375336606,1524,7,futex_do_wait
4924607189952463,3129412,qlever-server-d,S,0,16,170041231,362824013,1418,5,futex_do_wait
4924607189952463,3129413,qlever-server-d,S,0,15,163326440,390753477,1499,7,futex_do_wait
4924607189952463,3129414,qlever-server-d,S,0,22,232064886,387388934,1696,5,futex_do_wait
4924607189952463,3129415,qlever-server-d,S,0,14,155843798,370403632,1559,7,futex_do_wait
4924607189952463,3129416,qlever-server-d,S,0,13,146537242,365627421,1394,5,futex_do_wait
4924607189952463,3129417,qlever-server-d,S,1,17,189316837,399838545,1555,14,futex_do_wait
4924607189952463,3129418,qlever-server-d,S,0,19,205085331,350337834,1439,2,ep_poll
4924607189952463,0,__system__,-,1024887644,7867999572,0,0,0,-1,-
4924607209951254,3128855,qlever-server-d,S,936,1591,25279315500,30777902,1912,1,futex_do_wait
4924607209951254,3128859,qlever-server-d,S,0,0,3147313,3205591,28,13,futex_do_wait
4924607209951254,3129400,qlever-server-d,S,1333,10,13443494444,219186516,560,14,futex_do_wait
4924607209951254,3129401,qlever-server-d,S,1331,10,13417332901,226554218,489,4,futex_do_wait
4924607209951254,3129402,qlever-server-d,S,1332,14,13466764235,187458491,1068,15,futex_do_wait
4924607209951254,3129403,qlever-server-d,S,1336,13,13497126860,163575458,644,10,futex_do_wait
4924607209951254,3129404,qlever-server-d,S,1345,11,13571305558,78265165,599,3,futex_do_wait
4924607209951254,3129405,qlever-server-d,S,1345,10,13560163462,92373801,604,0,futex_do_wait
4924607209951254,3129406,qlever-server-d,S,1335,11,13472474169,178772485,618,6,futex_do_wait
4924607209951254,3129407,qlever-server-d,S,1334,10,13449390390,212171940,542,11,futex_do_wait
4924607209951254,3129408,qlever-server-d,S,0,0,15360,0,1,13,futex_do_wait
4924607209951254,3129409,qlever-server-d,S,0,0,193821,0,6,12,ep_poll
4924607209951254,3129410,qlever-server-d,S,0,0,479780,20000,11,3,futex_do_wait
4924607209951254,3129411,qlever-server-d,S,1,15,174327228,375336606,1524,7,futex_do_wait
4924607209951254,3129412,qlever-server-d,S,0,16,170041231,362824013,1418,5,futex_do_wait
4924607209951254,3129413,qlever-server-d,S,0,15,163326440,390753477,1499,7,futex_do_wait
4924607209951254,3129414,qlever-server-d,S,0,22,232064886,387388934,1696,5,futex_do_wait
4924607209951254,3129415,qlever-server-d,S,0,14,155843798,370403632,1559,7,futex_do_wait
4924607209951254,3129416,qlever-server-d,S,0,13,146537242,365627421,1394,5,futex_do_wait
4924607209951254,3129417,qlever-server-d,S,1,17,189316837,399838545,1555,14,futex_do_wait
4924607209951254,3129418,qlever-server-d,S,0,19,205085331,350337834,1439,2,ep_poll
4924607209951254,0,__system__,-,1024887654,7867999603,0,0,0,-1,-
4924607229957545,3128855,qlever-server-d,S,936,1591,25279315500,30777902,1912,1,futex_do_wait
4924607229957545,3128859,qlever-server-d,S,0,0,3147313,3205591,28,13,futex_do_wait
4924607229957545,3129400,qlever-server-d,S,1333,10,13443494444,219186516,560,14,futex_do_wait
4924607229957545,3129401,qlever-server-d,S,1331,10,13417332901,226554218,489,4,futex_do_wait
4924607229957545,3129402,qlever-server-d,S,1332,14,13466764235,187458491,1068,15,futex_do_wait
4924607229957545,3129403,qlever-server-d,S,1336,13,13497126860,163575458,644,10,futex_do_wait
4924607229957545,3129404,qlever-server-d,S,1345,11,13571305558,78265165,599,3,futex_do_wait
4924607229957545,3129405,qlever-server-d,S,1345,10,13560163462,92373801,604,0,futex_do_wait
4924607229957545,3129406,qlever-server-d,S,1335,11,13472474169,178772485,618,6,futex_do_wait
4924607229957545,3129407,qlever-server-d,S,1334,10,13449390390,212171940,542,11,futex_do_wait
4924607229957545,3129408,qlever-server-d,S,0,0,15360,0,1,13,futex_do_wait
4924607229957545,3129409,qlever-server-d,S,0,0,193821,0,6,12,ep_poll
4924607229957545,3129410,qlever-server-d,S,0,0,479780,20000,11,3,futex_do_wait
4924607229957545,3129411,qlever-server-d,S,1,15,174327228,375336606,1524,7,futex_do_wait
4924607229957545,3129412,qlever-server-d,S,0,16,170041231,362824013,1418,5,futex_do_wait
4924607229957545,3129413,qlever-server-d,S,0,15,163326440,390753477,1499,7,futex_do_wait
4924607229957545,3129414,qlever-server-d,S,0,22,232064886,387388934,1696,5,futex_do_wait
4924607229957545,3129415,qlever-server-d,S,0,14,155843798,370403632,1559,7,futex_do_wait
4924607229957545,3129416,qlever-server-d,S,0,13,146537242,365627421,1394,5,futex_do_wait
4924607229957545,3129417,qlever-server-d,S,1,17,189316837,399838545,1555,14,futex_do_wait
4924607229957545,3129418,qlever-server-d,S,0,19,205085331,350337834,1439,2,ep_poll
4924607229957545,0,__system__,-,1024887664,7867999635,0,0,0,-1,-
4924607249962206,3128855,qlever-server-d,S,936,1591,25279315500,30777902,1912,1,futex_do_wait
4924607249962206,3128859,qlever-server-d,S,0,0,3147313,3205591,28,13,futex_do_wait
4924607249962206,3129400,qlever-server-d,S,1333,10,13443494444,219186516,560,14,futex_do_wait
4924607249962206,3129401,qlever-server-d,S,1331,10,13417332901,226554218,489,4,futex_do_wait
4924607249962206,3129402,qlever-server-d,S,1332,14,13466764235,187458491,1068,15,futex_do_wait
4924607249962206,3129403,qlever-server-d,S,1336,13,13497126860,163575458,644,10,futex_do_wait
4924607249962206,3129404,qlever-server-d,S,1345,11,13571305558,78265165,599,3,futex_do_wait
4924607249962206,3129405,qlever-server-d,S,1345,10,13560163462,92373801,604,0,futex_do_wait
4924607249962206,3129406,qlever-server-d,S,1335,11,13472474169,178772485,618,6,futex_do_wait
4924607249962206,3129407,qlever-server-d,S,1334,10,13449390390,212171940,542,11,futex_do_wait
4924607249962206,3129408,qlever-server-d,S,0,0,15360,0,1,13,futex_do_wait
4924607249962206,3129409,qlever-server-d,S,0,0,193821,0,6,12,ep_poll
4924607249962206,3129410,qlever-server-d,S,0,0,479780,20000,11,3,futex_do_wait
4924607249962206,3129411,qlever-server-d,S,1,15,174327228,375336606,1524,7,futex_do_wait
4924607249962206,3129412,qlever-server-d,S,0,16,170041231,362824013,1418,5,futex_do_wait
4924607249962206,3129413,qlever-server-d,S,0,15,163326440,390753477,1499,7,futex_do_wait
4924607249962206,3129414,qlever-server-d,S,0,22,232064886,387388934,1696,5,futex_do_wait
4924607249962206,3129415,qlever-server-d,S,0,14,155843798,370403632,1559,7,futex_do_wait
4924607249962206,3129416,qlever-server-d,S,0,13,146537242,365627421,1394,5,futex_do_wait
4924607249962206,3129417,qlever-server-d,S,1,17,189316837,399838545,1555,14,futex_do_wait
4924607249962206,3129418,qlever-server-d,S,0,19,205085331,350337834,1439,2,ep_poll
4924607249962206,0,__system__,-,1024887675,7867999668,0,0,0,-1,-
4924607269957067,3128855,qlever-server-d,S,936,1591,25279315500,30777902,1912,1,futex_do_wait
4924607269957067,3128859,qlever-server-d,S,0,0,3147313,3205591,28,13,futex_do_wait
4924607269957067,3129400,qlever-server-d,S,1333,10,13443494444,219186516,560,14,futex_do_wait
4924607269957067,3129401,qlever-server-d,S,1331,10,13417332901,226554218,489,4,futex_do_wait
4924607269957067,3129402,qlever-server-d,S,1332,14,13466764235,187458491,1068,15,futex_do_wait
4924607269957067,3129403,qlever-server-d,S,1336,13,13497126860,163575458,644,10,futex_do_wait
4924607269957067,3129404,qlever-server-d,S,1345,11,13571305558,78265165,599,3,futex_do_wait
4924607269957067,3129405,qlever-server-d,S,1345,10,13560163462,92373801,604,0,futex_do_wait
4924607269957067,3129406,qlever-server-d,S,1335,11,13472474169,178772485,618,6,futex_do_wait
4924607269957067,3129407,qlever-server-d,S,1334,10,13449390390,212171940,542,11,futex_do_wait
4924607269957067,3129408,qlever-server-d,S,0,0,15360,0,1,13,futex_do_wait
4924607269957067,3129409,qlever-server-d,S,0,0,193821,0,6,12,ep_poll
4924607269957067,3129410,qlever-server-d,S,0,0,479780,20000,11,3,futex_do_wait
4924607269957067,3129411,qlever-server-d,S,1,15,174327228,375336606,1524,7,futex_do_wait
4924607269957067,3129412,qlever-server-d,S,0,16,170041231,362824013,1418,5,futex_do_wait
4924607269957067,3129413,qlever-server-d,S,0,15,163326440,390753477,1499,7,futex_do_wait
4924607269957067,3129414,qlever-server-d,S,0,22,232064886,387388934,1696,5,futex_do_wait
4924607269957067,3129415,qlever-server-d,S,0,14,155843798,370403632,1559,7,futex_do_wait
4924607269957067,3129416,qlever-server-d,S,0,13,146537242,365627421,1394,5,futex_do_wait
4924607269957067,3129417,qlever-server-d,S,1,17,189316837,399838545,1555,14,futex_do_wait
4924607269957067,3129418,qlever-server-d,S,0,19,205085331,350337834,1439,2,ep_poll
4924607269957067,0,__system__,-,1024887686,7867999699,0,0,0,-1,-
4924607289953068,3128855,qlever-server-d,S,936,1591,25279315500,30777902,1912,1,futex_do_wait
4924607289953068,3128859,qlever-server-d,S,0,0,3147313,3205591,28,13,futex_do_wait
4924607289953068,3129400,qlever-server-d,S,1333,10,13443494444,219186516,560,14,futex_do_wait
4924607289953068,3129401,qlever-server-d,S,1331,10,13417332901,226554218,489,4,futex_do_wait
4924607289953068,3129402,qlever-server-d,S,1332,14,13466764235,187458491,1068,15,futex_do_wait
4924607289953068,3129403,qlever-server-d,S,1336,13,13497126860,163575458,644,10,futex_do_wait
4924607289953068,3129404,qlever-server-d,S,1345,11,13571305558,78265165,599,3,futex_do_wait
4924607289953068,3129405,qlever-server-d,S,1345,10,13560163462,92373801,604,0,futex_do_wait
4924607289953068,3129406,qlever-server-d,S,1335,11,13472474169,178772485,618,6,futex_do_wait
4924607289953068,3129407,qlever-server-d,S,1334,10,13449390390,212171940,542,11,futex_do_wait
4924607289953068,3129408,qlever-server-d,S,0,0,15360,0,1,13,futex_do_wait
4924607289953068,3129409,qlever-server-d,S,0,0,193821,0,6,12,ep_poll
4924607289953068,3129410,qlever-server-d,S,0,0,479780,20000,11,3,futex_do_wait
4924607289953068,3129411,qlever-server-d,S,1,15,174327228,375336606,1524,7,futex_do_wait
4924607289953068,3129412,qlever-server-d,S,0,16,170041231,362824013,1418,5,futex_do_wait
4924607289953068,3129413,qlever-server-d,S,0,15,163326440,390753477,1499,7,futex_do_wait
4924607289953068,3129414,qlever-server-d,S,0,22,232064886,387388934,1696,5,futex_do_wait
4924607289953068,3129415,qlever-server-d,S,0,14,155843798,370403632,1559,7,futex_do_wait
4924607289953068,3129416,qlever-server-d,S,0,13,146537242,365627421,1394,5,futex_do_wait
4924607289953068,3129417,qlever-server-d,S,1,17,189316837,399838545,1555,14,futex_do_wait
4924607289953068,3129418,qlever-server-d,S,0,19,205085331,350337834,1439,2,ep_poll
4924607289953068,0,__system__,-,1024887697,7867999730,0,0,0,-1,-
4924607309949829,3128855,qlever-server-d,S,936,1591,25279315500,30777902,1912,1,futex_do_wait
4924607309949829,3128859,qlever-server-d,S,0,0,3147313,3205591,28,13,futex_do_wait
4924607309949829,3129400,qlever-server-d,S,1333,10,13443494444,219186516,560,14,futex_do_wait
4924607309949829,3129401,qlever-server-d,S,1331,10,13417332901,226554218,489,4,futex_do_wait
4924607309949829,3129402,qlever-server-d,S,1332,14,13466764235,187458491,1068,15,futex_do_wait
4924607309949829,3129403,qlever-server-d,S,1336,13,13497126860,163575458,644,10,futex_do_wait
4924607309949829,3129404,qlever-server-d,S,1345,11,13571305558,78265165,599,3,futex_do_wait
4924607309949829,3129405,qlever-server-d,S,1345,10,13560163462,92373801,604,0,futex_do_wait
4924607309949829,3129406,qlever-server-d,S,1335,11,13472474169,178772485,618,6,futex_do_wait
4924607309949829,3129407,qlever-server-d,S,1334,10,13449390390,212171940,542,11,futex_do_wait
4924607309949829,3129408,qlever-server-d,S,0,0,15360,0,1,13,futex_do_wait
4924607309949829,3129409,qlever-server-d,S,0,0,193821,0,6,12,ep_poll
4924607309949829,3129410,qlever-server-d,S,0,0,479780,20000,11,3,futex_do_wait
4924607309949829,3129411,qlever-server-d,S,1,15,174327228,375336606,1524,7,futex_do_wait
4924607309949829,3129412,qlever-server-d,S,0,16,170041231,362824013,1418,5,futex_do_wait
4924607309949829,3129413,qlever-server-d,S,0,15,163326440,390753477,1499,7,futex_do_wait
4924607309949829,3129414,qlever-server-d,S,0,22,232064886,387388934,1696,5,futex_do_wait
4924607309949829,3129415,qlever-server-d,S,0,14,155843798,370403632,1559,7,futex_do_wait
4924607309949829,3129416,qlever-server-d,S,0,13,146537242,365627421,1394,5,futex_do_wait
4924607309949829,3129417,qlever-server-d,S,1,17,189316837,399838545,1555,14,futex_do_wait
4924607309949829,3129418,qlever-server-d,S,0,19,205085331,350337834,1439,2,ep_poll
4924607309949829,0,__system__,-,1024887709,7867999764,0,0,0,-1,-
4924607329960470,3128855,qlever-server-d,S,936,1591,25279315500,30777902,1912,1,futex_do_wait
4924607329960470,3128859,qlever-server-d,S,0,0,3147313,3205591,28,13,futex_do_wait
4924607329960470,3129400,qlever-server-d,S,1333,10,13443494444,219186516,560,14,futex_do_wait
4924607329960470,3129401,qlever-server-d,S,1331,10,13417332901,226554218,489,4,futex_do_wait
4924607329960470,3129402,qlever-server-d,S,1332,14,13466764235,187458491,1068,15,futex_do_wait
4924607329960470,3129403,qlever-server-d,S,1336,13,13497126860,163575458,644,10,futex_do_wait
4924607329960470,3129404,qlever-server-d,S,1345,11,13571305558,78265165,599,3,futex_do_wait
4924607329960470,3129405,qlever-server-d,S,1345,10,13560163462,92373801,604,0,futex_do_wait
4924607329960470,3129406,qlever-server-d,S,1335,11,13472474169,178772485,618,6,futex_do_wait
4924607329960470,3129407,qlever-server-d,S,1334,10,13449390390,212171940,542,11,futex_do_wait
4924607329960470,3129408,qlever-server-d,S,0,0,15360,0,1,13,futex_do_wait
4924607329960470,3129409,qlever-server-d,S,0,0,193821,0,6,12,ep_poll
4924607329960470,3129410,qlever-server-d,S,0,0,479780,20000,11,3,futex_do_wait
4924607329960470,3129411,qlever-server-d,S,1,15,174327228,375336606,1524,7,futex_do_wait
4924607329960470,3129412,qlever-server-d,S,0,16,170041231,362824013,1418,5,futex_do_wait
4924607329960470,3129413,qlever-server-d,S,0,15,163326440,390753477,1499,7,futex_do_wait
4924607329960470,3129414,qlever-server-d,S,0,22,232064886,387388934,1696,5,futex_do_wait
4924607329960470,3129415,qlever-server-d,S,0,14,155843798,370403632,1559,7,futex_do_wait
4924607329960470,3129416,qlever-server-d,S,0,13,146537242,365627421,1394,5,futex_do_wait
4924607329960470,3129417,qlever-server-d,S,1,17,189316837,399838545,1555,14,futex_do_wait
4924607329960470,3129418,qlever-server-d,S,0,19,205085331,350337834,1439,2,ep_poll
4924607329960470,0,__system__,-,1024887718,7867999795,0,0,0,-1,-
4924607349956341,3128855,qlever-server-d,S,936,1591,25279315500,30777902,1912,1,futex_do_wait
4924607349956341,3128859,qlever-server-d,S,0,0,3147313,3205591,28,13,futex_do_wait
4924607349956341,3129400,qlever-server-d,S,1333,10,13443494444,219186516,560,14,futex_do_wait
4924607349956341,3129401,qlever-server-d,S,1331,10,13417332901,226554218,489,4,futex_do_wait
4924607349956341,3129402,qlever-server-d,S,1332,14,13466764235,187458491,1068,15,futex_do_wait
4924607349956341,3129403,qlever-server-d,S,1336,13,13497126860,163575458,644,10,futex_do_wait
4924607349956341,3129404,qlever-server-d,S,1345,11,13571305558,78265165,599,3,futex_do_wait
4924607349956341,3129405,qlever-server-d,S,1345,10,13560163462,92373801,604,0,futex_do_wait
4924607349956341,3129406,qlever-server-d,S,1335,11,13472474169,178772485,618,6,futex_do_wait
4924607349956341,3129407,qlever-server-d,S,1334,10,13449390390,212171940,542,11,futex_do_wait
4924607349956341,3129408,qlever-server-d,S,0,0,15360,0,1,13,futex_do_wait
4924607349956341,3129409,qlever-server-d,S,0,0,193821,0,6,12,ep_poll
4924607349956341,3129410,qlever-server-d,S,0,0,479780,20000,11,3,futex_do_wait
4924607349956341,3129411,qlever-server-d,S,1,15,174327228,375336606,1524,7,futex_do_wait
4924607349956341,3129412,qlever-server-d,S,0,16,170041231,362824013,1418,5,futex_do_wait
4924607349956341,3129413,qlever-server-d,S,0,15,163326440,390753477,1499,7,futex_do_wait
4924607349956341,3129414,qlever-server-d,S,0,22,232064886,387388934,1696,5,futex_do_wait
4924607349956341,3129415,qlever-server-d,S,0,14,155843798,370403632,1559,7,futex_do_wait
4924607349956341,3129416,qlever-server-d,S,0,13,146537242,365627421,1394,5,futex_do_wait
4924607349956341,3129417,qlever-server-d,S,1,17,189316837,399838545,1555,14,futex_do_wait
4924607349956341,3129418,qlever-server-d,S,0,19,205085331,350337834,1439,2,ep_poll
4924607349956341,0,__system__,-,1024887729,7867999827,0,0,0,-1,-
4924607369954662,3128855,qlever-server-d,S,936,1591,25279315500,30777902,1912,1,futex_do_wait
4924607369954662,3128859,qlever-server-d,S,0,0,3147313,3205591,28,13,futex_do_wait
4924607369954662,3129400,qlever-server-d,S,1333,10,13443494444,219186516,560,14,futex_do_wait
4924607369954662,3129401,qlever-server-d,S,1331,10,13417332901,226554218,489,4,futex_do_wait
4924607369954662,3129402,qlever-server-d,S,1332,14,13466764235,187458491,1068,15,futex_do_wait
4924607369954662,3129403,qlever-server-d,S,1336,13,13497126860,163575458,644,10,futex_do_wait
4924607369954662,3129404,qlever-server-d,S,1345,11,13571305558,78265165,599,3,futex_do_wait
4924607369954662,3129405,qlever-server-d,S,1345,10,13560163462,92373801,604,0,futex_do_wait
4924607369954662,3129406,qlever-server-d,S,1335,11,13472474169,178772485,618,6,futex_do_wait
4924607369954662,3129407,qlever-server-d,S,1334,10,13449390390,212171940,542,11,futex_do_wait
4924607369954662,3129408,qlever-server-d,S,0,0,15360,0,1,13,futex_do_wait
4924607369954662,3129409,qlever-server-d,S,0,0,193821,0,6,12,ep_poll
4924607369954662,3129410,qlever-server-d,S,0,0,479780,20000,11,3,futex_do_wait
4924607369954662,3129411,qlever-server-d,S,1,15,174327228,375336606,1524,7,futex_do_wait
4924607369954662,3129412,qlever-server-d,S,0,16,170041231,362824013,1418,5,futex_do_wait
4924607369954662,3129413,qlever-server-d,S,0,15,163326440,390753477,1499,7,futex_do_wait
4924607369954662,3129414,qlever-server-d,S,0,22,232064886,387388934,1696,5,futex_do_wait
4924607369954662,3129415,qlever-server-d,S,0,14,155843798,370403632,1559,7,futex_do_wait
4924607369954662,3129416,qlever-server-d,S,0,13,146537242,365627421,1394,5,futex_do_wait
4924607369954662,3129417,qlever-server-d,S,1,17,189316837,399838545,1555,14,futex_do_wait
4924607369954662,3129418,qlever-server-d,S,0,19,205085331,350337834,1439,2,ep_poll
4924607369954662,0,__system__,-,1024887738,7867999858,0,0,0,-1,-
4924607389955232,3128855,qlever-server-d,S,936,1591,25279315500,30777902,1912,1,futex_do_wait
4924607389955232,3128859,qlever-server-d,S,0,0,3147313,3205591,28,13,futex_do_wait
4924607389955232,3129400,qlever-server-d,S,1333,10,13443494444,219186516,560,14,futex_do_wait
4924607389955232,3129401,qlever-server-d,S,1331,10,13417332901,226554218,489,4,futex_do_wait
4924607389955232,3129402,qlever-server-d,S,1332,14,13466764235,187458491,1068,15,futex_do_wait
4924607389955232,3129403,qlever-server-d,S,1336,13,13497126860,163575458,644,10,futex_do_wait
4924607389955232,3129404,qlever-server-d,S,1345,11,13571305558,78265165,599,3,futex_do_wait
4924607389955232,3129405,qlever-server-d,S,1345,10,13560163462,92373801,604,0,futex_do_wait
4924607389955232,3129406,qlever-server-d,S,1335,11,13472474169,178772485,618,6,futex_do_wait
4924607389955232,3129407,qlever-server-d,S,1334,10,13449390390,212171940,542,11,futex_do_wait
4924607389955232,3129408,qlever-server-d,S,0,0,15360,0,1,13,futex_do_wait
4924607389955232,3129409,qlever-server-d,S,0,0,193821,0,6,12,ep_poll
4924607389955232,3129410,qlever-server-d,S,0,0,479780,20000,11,3,futex_do_wait
4924607389955232,3129411,qlever-server-d,S,1,15,174327228,375336606,1524,7,futex_do_wait
4924607389955232,3129412,qlever-server-d,S,0,16,170041231,362824013,1418,5,futex_do_wait
4924607389955232,3129413,qlever-server-d,S,0,15,163326440,390753477,1499,7,futex_do_wait
4924607389955232,3129414,qlever-server-d,S,0,22,232064886,387388934,1696,5,futex_do_wait
4924607389955232,3129415,qlever-server-d,S,0,14,155843798,370403632,1559,7,futex_do_wait
4924607389955232,3129416,qlever-server-d,S,0,13,146537242,365627421,1394,5,futex_do_wait
4924607389955232,3129417,qlever-server-d,S,1,17,189316837,399838545,1555,14,futex_do_wait
4924607389955232,3129418,qlever-server-d,S,0,19,205085331,350337834,1439,2,ep_poll
4924607389955232,0,__system__,-,1024887750,7867999890,0,0,0,-1,-
4924607409947584,3128855,qlever-server-d,S,936,1591,25279315500,30777902,1912,1,futex_do_wait
4924607409947584,3128859,qlever-server-d,S,0,0,3147313,3205591,28,13,futex_do_wait
4924607409947584,3129400,qlever-server-d,S,1333,10,13443494444,219186516,560,14,futex_do_wait
4924607409947584,3129401,qlever-server-d,S,1331,10,13417332901,226554218,489,4,futex_do_wait
4924607409947584,3129402,qlever-server-d,S,1332,14,13466764235,187458491,1068,15,futex_do_wait
4924607409947584,3129403,qlever-server-d,S,1336,13,13497126860,163575458,644,10,futex_do_wait
4924607409947584,3129404,qlever-server-d,S,1345,11,13571305558,78265165,599,3,futex_do_wait
4924607409947584,3129405,qlever-server-d,S,1345,10,13560163462,92373801,604,0,futex_do_wait
4924607409947584,3129406,qlever-server-d,S,1335,11,13472474169,178772485,618,6,futex_do_wait
4924607409947584,3129407,qlever-server-d,S,1334,10,13449390390,212171940,542,11,futex_do_wait
4924607409947584,3129408,qlever-server-d,S,0,0,15360,0,1,13,futex_do_wait
4924607409947584,3129409,qlever-server-d,S,0,0,193821,0,6,12,ep_poll
4924607409947584,3129410,qlever-server-d,S,0,0,479780,20000,11,3,futex_do_wait
4924607409947584,3129411,qlever-server-d,S,1,15,174327228,375336606,1524,7,futex_do_wait
4924607409947584,3129412,qlever-server-d,S,0,16,170041231,362824013,1418,5,futex_do_wait
4924607409947584,3129413,qlever-server-d,S,0,15,163326440,390753477,1499,7,futex_do_wait
4924607409947584,3129414,qlever-server-d,S,0,22,232064886,387388934,1696,5,futex_do_wait
4924607409947584,3129415,qlever-server-d,S,0,14,155843798,370403632,1559,7,futex_do_wait
4924607409947584,3129416,qlever-server-d,S,0,13,146537242,365627421,1394,5,futex_do_wait
4924607409947584,3129417,qlever-server-d,S,1,17,189316837,399838545,1555,14,futex_do_wait
4924607409947584,3129418,qlever-server-d,S,0,19,205085331,350337834,1439,2,ep_poll
4924607409947584,0,__system__,-,1024887762,7867999922,0,0,0,-1,-
4924607429952934,3128855,qlever-server-d,S,936,1591,25279315500,30777902,1912,1,futex_do_wait
4924607429952934,3128859,qlever-server-d,S,0,0,3147313,3205591,28,13,futex_do_wait
4924607429952934,3129400,qlever-server-d,S,1333,10,13443494444,219186516,560,14,futex_do_wait
4924607429952934,3129401,qlever-server-d,S,1331,10,13417332901,226554218,489,4,futex_do_wait
4924607429952934,3129402,qlever-server-d,S,1332,14,13466764235,187458491,1068,15,futex_do_wait
4924607429952934,3129403,qlever-server-d,S,1336,13,13497126860,163575458,644,10,futex_do_wait
4924607429952934,3129404,qlever-server-d,S,1345,11,13571305558,78265165,599,3,futex_do_wait
4924607429952934,3129405,qlever-server-d,S,1345,10,13560163462,92373801,604,0,futex_do_wait
4924607429952934,3129406,qlever-server-d,S,1335,11,13472474169,178772485,618,6,futex_do_wait
4924607429952934,3129407,qlever-server-d,S,1334,10,13449390390,212171940,542,11,futex_do_wait
4924607429952934,3129408,qlever-server-d,S,0,0,15360,0,1,13,futex_do_wait
4924607429952934,3129409,qlever-server-d,S,0,0,193821,0,6,12,ep_poll
4924607429952934,3129410,qlever-server-d,S,0,0,479780,20000,11,3,futex_do_wait
4924607429952934,3129411,qlever-server-d,S,1,15,174327228,375336606,1524,7,futex_do_wait
4924607429952934,3129412,qlever-server-d,S,0,16,170041231,362824013,1418,5,futex_do_wait
4924607429952934,3129413,qlever-server-d,S,0,15,163326440,390753477,1499,7,futex_do_wait
4924607429952934,3129414,qlever-server-d,S,0,22,232064886,387388934,1696,5,futex_do_wait
4924607429952934,3129415,qlever-server-d,S,0,14,155843798,370403632,1559,7,futex_do_wait
4924607429952934,3129416,qlever-server-d,S,0,13,146537242,365627421,1394,5,futex_do_wait
4924607429952934,3129417,qlever-server-d,S,1,17,189316837,399838545,1555,14,futex_do_wait
4924607429952934,3129418,qlever-server-d,S,0,19,205085331,350337834,1439,2,ep_poll
4924607429952934,0,__system__,-,1024887773,7867999955,0,0,0,-1,-
4924607449948675,3128855,qlever-server-d,S,936,1591,25279315500,30777902,1912,1,futex_do_wait
4924607449948675,3128859,qlever-server-d,S,0,0,3147313,3205591,28,13,futex_do_wait
4924607449948675,3129400,qlever-server-d,S,1333,10,13443494444,219186516,560,14,futex_do_wait
4924607449948675,3129401,qlever-server-d,S,1331,10,13417332901,226554218,489,4,futex_do_wait
4924607449948675,3129402,qlever-server-d,S,1332,14,13466764235,187458491,1068,15,futex_do_wait
4924607449948675,3129403,qlever-server-d,S,1336,13,13497126860,163575458,644,10,futex_do_wait
4924607449948675,3129404,qlever-server-d,S,1345,11,13571305558,78265165,599,3,futex_do_wait
4924607449948675,3129405,qlever-server-d,S,1345,10,13560163462,92373801,604,0,futex_do_wait
4924607449948675,3129406,qlever-server-d,S,1335,11,13472474169,178772485,618,6,futex_do_wait
4924607449948675,3129407,qlever-server-d,S,1334,10,13449390390,212171940,542,11,futex_do_wait
4924607449948675,3129408,qlever-server-d,S,0,0,15360,0,1,13,futex_do_wait
4924607449948675,3129409,qlever-server-d,S,0,0,193821,0,6,12,ep_poll
4924607449948675,3129410,qlever-server-d,S,0,0,479780,20000,11,3,futex_do_wait
4924607449948675,3129411,qlever-server-d,S,1,15,174327228,375336606,1524,7,futex_do_wait
4924607449948675,3129412,qlever-server-d,S,0,16,170041231,362824013,1418,5,futex_do_wait
4924607449948675,3129413,qlever-server-d,S,0,15,163326440,390753477,1499,7,futex_do_wait
4924607449948675,3129414,qlever-server-d,S,0,22,232064886,387388934,1696,5,futex_do_wait
4924607449948675,3129415,qlever-server-d,S,0,14,155843798,370403632,1559,7,futex_do_wait
4924607449948675,3129416,qlever-server-d,S,0,13,146537242,365627421,1394,5,futex_do_wait
4924607449948675,3129417,qlever-server-d,S,1,17,189316837,399838545,1555,14,futex_do_wait
4924607449948675,3129418,qlever-server-d,S,0,19,205085331,350337834,1439,2,ep_poll
4924607449948675,0,__system__,-,1024887783,7867999986,0,0,0,-1,-
4924607469947466,3128855,qlever-server-d,S,936,1591,25279315500,30777902,1912,1,futex_do_wait
4924607469947466,3128859,qlever-server-d,S,0,0,3147313,3205591,28,13,futex_do_wait
4924607469947466,3129400,qlever-server-d,S,1333,10,13443494444,219186516,560,14,futex_do_wait
4924607469947466,3129401,qlever-server-d,S,1331,10,13417332901,226554218,489,4,futex_do_wait
4924607469947466,3129402,qlever-server-d,S,1332,14,13466764235,187458491,1068,15,futex_do_wait
4924607469947466,3129403,qlever-server-d,S,1336,13,13497126860,163575458,644,10,futex_do_wait
4924607469947466,3129404,qlever-server-d,S,1345,11,13571305558,78265165,599,3,futex_do_wait
4924607469947466,3129405,qlever-server-d,S,1345,10,13560163462,92373801,604,0,futex_do_wait
4924607469947466,3129406,qlever-server-d,S,1335,11,13472474169,178772485,618,6,futex_do_wait
4924607469947466,3129407,qlever-server-d,S,1334,10,13449390390,212171940,542,11,futex_do_wait
4924607469947466,3129408,qlever-server-d,S,0,0,15360,0,1,13,futex_do_wait
4924607469947466,3129409,qlever-server-d,S,0,0,193821,0,6,12,ep_poll
4924607469947466,3129410,qlever-server-d,S,0,0,479780,20000,11,3,futex_do_wait
4924607469947466,3129411,qlever-server-d,S,1,15,174327228,375336606,1524,7,futex_do_wait
4924607469947466,3129412,qlever-server-d,S,0,16,170041231,362824013,1418,5,futex_do_wait
4924607469947466,3129413,qlever-server-d,S,0,15,163326440,390753477,1499,7,futex_do_wait
4924607469947466,3129414,qlever-server-d,S,0,22,232064886,387388934,1696,5,futex_do_wait
4924607469947466,3129415,qlever-server-d,S,0,14,155843798,370403632,1559,7,futex_do_wait
4924607469947466,3129416,qlever-server-d,S,0,13,146537242,365627421,1394,5,futex_do_wait
4924607469947466,3129417,qlever-server-d,S,1,17,189316837,399838545,1555,14,futex_do_wait
4924607469947466,3129418,qlever-server-d,S,0,19,205085331,350337834,1439,2,ep_poll
4924607469947466,0,__system__,-,1024887794,7868000017,0,0,0,-1,-
