t_ns,tid,comm,state,utime,stime,run_ns,wait_ns,slices,cpu,wchan
4924609167243559,3128855,qlever-server-d,S,936,1591,25279315500,30777902,1912,1,futex_do_wait
4924609167243559,3128859,qlever-server-d,S,0,0,3235503,3205591,29,14,futex_do_wait
4924609167243559,3129400,qlever-server-d,S,1333,10,13443494444,219186516,560,14,futex_do_wait
4924609167243559,3129401,qlever-server-d,S,1331,10,13417332901,226554218,489,4,futex_do_wait
4924609167243559,3129402,qlever-server-d,S,1332,14,13466764235,187458491,1068,15,futex_do_wait
4924609167243559,3129403,qlever-server-d,S,1336,13,13497126860,163575458,644,10,futex_do_wait
4924609167243559,3129404,qlever-server-d,S,1345,11,13571305558,78265165,599,3,futex_do_wait
4924609167243559,3129405,qlever-server-d,S,1345,10,13560163462,92373801,604,0,futex_do_wait
4924609167243559,3129406,qlever-server-d,S,1335,11,13472474169,178772485,618,6,futex_do_wait
4924609167243559,3129407,qlever-server-d,S,1334,10,13449390390,212171940,542,11,futex_do_wait
4924609167243559,3129408,qlever-server-d,S,0,0,15360,0,1,13,futex_do_wait
4924609167243559,3129409,qlever-server-d,S,0,0,193821,0,6,12,ep_poll
4924609167243559,3129410,qlever-server-d,S,0,0,479780,20000,11,3,futex_do_wait
4924609167243559,3129411,qlever-server-d,S,1,15,174327228,375336606,1524,7,futex_do_wait
4924609167243559,3129412,qlever-server-d,S,0,16,170041231,362824013,1418,5,futex_do_wait
4924609167243559,3129413,qlever-server-d,S,0,15,163326440,390753477,1499,7,futex_do_wait
4924609167243559,3129414,qlever-server-d,S,0,22,232064886,387388934,1696,5,futex_do_wait
4924609167243559,3129415,qlever-server-d,S,0,14,155843798,370403632,1559,7,futex_do_wait
4924609167243559,3129416,qlever-server-d,S,0,13,146537242,365627421,1394,5,futex_do_wait
4924609167243559,3129417,qlever-server-d,S,1,17,189316837,399838545,1555,14,futex_do_wait
4924609167243559,3129418,qlever-server-d,S,0,19,205085331,350337834,1439,2,ep_poll
4924609167243559,0,__system__,-,1024888872,7868002718,0,0,0,-1,-
4924609187345519,3128855,qlever-server-d,S,936,1591,25279315500,30777902,1912,1,futex_do_wait
4924609187345519,3128859,qlever-server-d,S,0,0,3235503,3205591,29,14,futex_do_wait
4924609187345519,3129400,qlever-server-d,S,1333,10,13443494444,219186516,560,14,futex_do_wait
4924609187345519,3129401,qlever-server-d,S,1331,10,13417332901,226554218,489,4,futex_do_wait
4924609187345519,3129402,qlever-server-d,S,1332,14,13466764235,187458491,1068,15,futex_do_wait
4924609187345519,3129403,qlever-server-d,S,1336,13,13497126860,163575458,644,10,futex_do_wait
4924609187345519,3129404,qlever-server-d,S,1345,11,13571305558,78265165,599,3,futex_do_wait
4924609187345519,3129405,qlever-server-d,S,1345,10,13560163462,92373801,604,0,futex_do_wait
4924609187345519,3129406,qlever-server-d,S,1335,11,13472474169,178772485,618,6,futex_do_wait
4924609187345519,3129407,qlever-server-d,S,1334,10,13449390390,212171940,542,11,futex_do_wait
4924609187345519,3129408,qlever-server-d,S,0,0,15360,0,1,13,futex_do_wait
4924609187345519,3129409,qlever-server-d,S,0,0,193821,0,6,12,ep_poll
4924609187345519,3129410,qlever-server-d,S,0,0,479780,20000,11,3,futex_do_wait
4924609187345519,3129411,qlever-server-d,S,1,15,174327228,375336606,1524,7,futex_do_wait
4924609187345519,3129412,qlever-server-d,S,0,16,170041231,362824013,1418,5,futex_do_wait
4924609187345519,3129413,qlever-server-d,S,0,15,163326440,390753477,1499,7,futex_do_wait
4924609187345519,3129414,qlever-server-d,S,0,22,232064886,387388934,1696,5,futex_do_wait
4924609187345519,3129415,qlever-server-d,S,0,14,155843798,370403632,1559,7,futex_do_wait
4924609187345519,3129416,qlever-server-d,S,0,13,146537242,365627421,1394,5,futex_do_wait
4924609187345519,3129417,qlever-server-d,S,1,17,189316837,399838545,1555,14,futex_do_wait
4924609187345519,3129418,qlever-server-d,S,0,19,205085331,350337834,1439,2,ep_poll
4924609187345519,0,__system__,-,1024888886,7868002750,0,0,0,-1,-
4924609207342150,3128855,qlever-server-d,S,936,1591,25279315500,30777902,1912,1,futex_do_wait
4924609207342150,3128859,qlever-server-d,S,0,0,3235503,3205591,29,14,futex_do_wait
4924609207342150,3129400,qlever-server-d,S,1333,10,13443494444,219186516,560,14,futex_do_wait
4924609207342150,3129401,qlever-server-d,S,1331,10,13417332901,226554218,489,4,futex_do_wait
4924609207342150,3129402,qlever-server-d,S,1332,14,13466764235,187458491,1068,15,futex_do_wait
4924609207342150,3129403,qlever-server-d,S,1336,13,13497126860,163575458,644,10,futex_do_wait
4924609207342150,3129404,qlever-server-d,S,1345,11,13571305558,78265165,599,3,futex_do_wait
4924609207342150,3129405,qlever-server-d,S,1345,10,13560163462,92373801,604,0,futex_do_wait
4924609207342150,3129406,qlever-server-d,S,1335,11,13472474169,178772485,618,6,futex_do_wait
4924609207342150,3129407,qlever-server-d,S,1334,10,13449390390,212171940,542,11,futex_do_wait
4924609207342150,3129408,qlever-server-d,S,0,0,15360,0,1,13,futex_do_wait
4924609207342150,3129409,qlever-server-d,S,0,0,193821,0,6,12,ep_poll
4924609207342150,3129410,qlever-server-d,S,0,0,479780,20000,11,3,futex_do_wait
4924609207342150,3129411,qlever-server-d,S,1,15,174327228,375336606,1524,7,futex_do_wait
4924609207342150,3129412,qlever-server-d,S,0,16,170041231,362824013,1418,5,futex_do_wait
4924609207342150,3129413,qlever-server-d,S,0,15,163326440,390753477,1499,7,futex_do_wait
4924609207342150,3129414,qlever-server-d,S,0,22,232064886,387388934,1696,5,futex_do_wait
4924609207342150,3129415,qlever-server-d,S,0,14,155843798,370403632,1559,7,futex_do_wait
4924609207342150,3129416,qlever-server-d,S,0,13,146537242,365627421,1394,5,futex_do_wait
4924609207342150,3129417,qlever-server-d,S,1,17,189316837,399838545,1555,14,futex_do_wait
4924609207342150,3129418,qlever-server-d,S,0,19,205085331,350337834,1439,2,ep_poll
4924609207342150,0,__system__,-,1024888898,7868002782,0,0,0,-1,-
4924609227339911,3128855,qlever-server-d,S,936,1591,25279315500,30777902,1912,1,futex_do_wait
4924609227339911,3128859,qlever-server-d,S,0,0,3235503,3205591,29,14,futex_do_wait
4924609227339911,3129400,qlever-server-d,S,1333,10,13443494444,219186516,560,14,futex_do_wait
4924609227339911,3129401,qlever-server-d,S,1331,10,13417332901,226554218,489,4,futex_do_wait
4924609227339911,3129402,qlever-server-d,S,1332,14,13466764235,187458491,1068,15,futex_do_wait
4924609227339911,3129403,qlever-server-d,S,1336,13,13497126860,163575458,644,10,futex_do_wait
4924609227339911,3129404,qlever-server-d,S,1345,11,13571305558,78265165,599,3,futex_do_wait
4924609227339911,3129405,qlever-server-d,S,1345,10,13560163462,92373801,604,0,futex_do_wait
4924609227339911,3129406,qlever-server-d,S,1335,11,13472474169,178772485,618,6,futex_do_wait
4924609227339911,3129407,qlever-server-d,S,1334,10,13449390390,212171940,542,11,futex_do_wait
4924609227339911,3129408,qlever-server-d,S,0,0,15360,0,1,13,futex_do_wait
4924609227339911,3129409,qlever-server-d,S,0,0,193821,0,6,12,ep_poll
4924609227339911,3129410,qlever-server-d,S,0,0,479780,20000,11,3,futex_do_wait
4924609227339911,3129411,qlever-server-d,S,1,15,174327228,375336606,1524,7,futex_do_wait
4924609227339911,3129412,qlever-server-d,S,0,16,170041231,362824013,1418,5,futex_do_wait
4924609227339911,3129413,qlever-server-d,S,0,15,163326440,390753477,1499,7,futex_do_wait
4924609227339911,3129414,qlever-server-d,S,0,22,232064886,387388934,1696,5,futex_do_wait
4924609227339911,3129415,qlever-server-d,S,0,14,155843798,370403632,1559,7,futex_do_wait
4924609227339911,3129416,qlever-server-d,S,0,13,146537242,365627421,1394,5,futex_do_wait
4924609227339911,3129417,qlever-server-d,S,1,17,189316837,399838545,1555,14,futex_do_wait
4924609227339911,3129418,qlever-server-d,S,0,19,205085331,350337834,1439,2,ep_poll
4924609227339911,0,__system__,-,1024888910,7868002814,0,0,0,-1,-
4924609247333942,3128855,qlever-server-d,S,936,1591,25279315500,30777902,1912,1,futex_do_wait
4924609247333942,3128859,qlever-server-d,S,0,0,3235503,3205591,29,14,futex_do_wait
4924609247333942,3129400,qlever-server-d,S,1333,10,13443494444,219186516,560,14,futex_do_wait
4924609247333942,3129401,qlever-server-d,S,1331,10,13417332901,226554218,489,4,futex_do_wait
4924609247333942,3129402,qlever-server-d,S,1332,14,13466764235,187458491,1068,15,futex_do_wait
4924609247333942,3129403,qlever-server-d,S,1336,13,13497126860,163575458,644,10,futex_do_wait
4924609247333942,3129404,qlever-server-d,S,1345,11,13571305558,78265165,599,3,futex_do_wait
4924609247333942,3129405,qlever-server-d,S,1345,10,13560163462,92373801,604,0,futex_do_wait
4924609247333942,3129406,qlever-server-d,S,1335,11,13472474169,178772485,618,6,futex_do_wait
4924609247333942,3129407,qlever-server-d,S,1334,10,13449390390,212171940,542,11,futex_do_wait
4924609247333942,3129408,qlever-server-d,S,0,0,15360,0,1,13,futex_do_wait
4924609247333942,3129409,qlever-server-d,S,0,0,193821,0,6,12,ep_poll
4924609247333942,3129410,qlever-server-d,S,0,0,479780,20000,11,3,futex_do_wait
4924609247333942,3129411,qlever-server-d,S,1,15,174327228,375336606,1524,7,futex_do_wait
4924609247333942,3129412,qlever-server-d,S,0,16,170041231,362824013,1418,5,futex_do_wait
4924609247333942,3129413,qlever-server-d,S,0,15,163326440,390753477,1499,7,futex_do_wait
4924609247333942,3129414,qlever-server-d,S,0,22,232064886,387388934,1696,5,futex_do_wait
4924609247333942,3129415,qlever-server-d,S,0,14,155843798,370403632,1559,7,futex_do_wait
4924609247333942,3129416,qlever-server-d,S,0,13,146537242,365627421,1394,5,futex_do_wait
4924609247333942,3129417,qlever-server-d,S,1,17,189316837,399838545,1555,14,futex_do_wait
4924609247333942,3129418,qlever-server-d,S,0,19,205085331,350337834,1439,2,ep_poll
4924609247333942,0,__system__,-,1024888923,7868002846,0,0,0,-1,-
4924609267333153,3128855,qlever-server-d,S,936,1591,25279315500,30777902,1912,1,futex_do_wait
4924609267333153,3128859,qlever-server-d,S,0,0,3235503,3205591,29,14,futex_do_wait
4924609267333153,3129400,qlever-server-d,S,1333,10,13443494444,219186516,560,14,futex_do_wait
4924609267333153,3129401,qlever-server-d,S,1331,10,13417332901,226554218,489,4,futex_do_wait
4924609267333153,3129402,qlever-server-d,S,1332,14,13466764235,187458491,1068,15,futex_do_wait
4924609267333153,3129403,qlever-server-d,S,1336,13,13497126860,163575458,644,10,futex_do_wait
4924609267333153,3129404,qlever-server-d,S,1345,11,13571305558,78265165,599,3,futex_do_wait
4924609267333153,3129405,qlever-server-d,S,1345,10,13560163462,92373801,604,0,futex_do_wait
4924609267333153,3129406,qlever-server-d,S,1335,11,13472474169,178772485,618,6,futex_do_wait
4924609267333153,3129407,qlever-server-d,S,1334,10,13449390390,212171940,542,11,futex_do_wait
4924609267333153,3129408,qlever-server-d,S,0,0,15360,0,1,13,futex_do_wait
4924609267333153,3129409,qlever-server-d,S,0,0,193821,0,6,12,ep_poll
4924609267333153,3129410,qlever-server-d,S,0,0,479780,20000,11,3,futex_do_wait
4924609267333153,3129411,qlever-server-d,S,1,15,174327228,375336606,1524,7,futex_do_wait
4924609267333153,3129412,qlever-server-d,S,0,16,170041231,362824013,1418,5,futex_do_wait
4924609267333153,3129413,qlever-server-d,S,0,15,163326440,390753477,1499,7,futex_do_wait
4924609267333153,3129414,qlever-server-d,S,0,22,232064886,387388934,1696,5,futex_do_wait
4924609267333153,3129415,qlever-server-d,S,0,14,155843798,370403632,1559,7,futex_do_wait
4924609267333153,3129416,qlever-server-d,S,0,13,146537242,365627421,1394,5,futex_do_wait
4924609267333153,3129417,qlever-server-d,S,1,17,189316837,399838545,1555,14,futex_do_wait
4924609267333153,3129418,qlever-server-d,S,0,19,205085331,350337834,1439,2,ep_poll
4924609267333153,0,__system__,-,1024888934,7868002877,0,0,0,-1,-
4924609287330124,3128855,qlever-server-d,S,936,1591,25279315500,30777902,1912,1,futex_do_wait
4924609287330124,3128859,qlever-server-d,S,0,0,3235503,3205591,29,14,futex_do_wait
4924609287330124,3129400,qlever-server-d,S,1333,10,13443494444,219186516,560,14,futex_do_wait
4924609287330124,3129401,qlever-server-d,S,1331,10,13417332901,226554218,489,4,futex_do_wait
4924609287330124,3129402,qlever-server-d,S,1332,14,13466764235,187458491,1068,15,futex_do_wait
4924609287330124,3129403,qlever-server-d,S,1336,13,13497126860,163575458,644,10,futex_do_wait
4924609287330124,3129404,qlever-server-d,S,1345,11,13571305558,78265165,599,3,futex_do_wait
4924609287330124,3129405,qlever-server-d,S,1345,10,13560163462,92373801,604,0,futex_do_wait
4924609287330124,3129406,qlever-server-d,S,1335,11,13472474169,178772485,618,6,futex_do_wait
4924609287330124,3129407,qlever-server-d,S,1334,10,13449390390,212171940,542,11,futex_do_wait
4924609287330124,3129408,qlever-server-d,S,0,0,15360,0,1,13,futex_do_wait
4924609287330124,3129409,qlever-server-d,S,0,0,193821,0,6,12,ep_poll
4924609287330124,3129410,qlever-server-d,S,0,0,479780,20000,11,3,futex_do_wait
4924609287330124,3129411,qlever-server-d,S,1,15,174327228,375336606,1524,7,futex_do_wait
4924609287330124,3129412,qlever-server-d,S,0,16,170041231,362824013,1418,5,futex_do_wait
4924609287330124,3129413,qlever-server-d,S,0,15,163326440,390753477,1499,7,futex_do_wait
4924609287330124,3129414,qlever-server-d,S,0,22,232064886,387388934,1696,5,futex_do_wait
4924609287330124,3129415,qlever-server-d,S,0,14,155843798,370403632,1559,7,futex_do_wait
4924609287330124,3129416,qlever-server-d,S,0,13,146537242,365627421,1394,5,futex_do_wait
4924609287330124,3129417,qlever-server-d,S,1,17,189316837,399838545,1555,14,futex_do_wait
4924609287330124,3129418,qlever-server-d,S,0,19,205085331,350337834,1439,2,ep_poll
4924609287330124,0,__system__,-,1024888948,7868002910,0,0,0,-1,-
4924609307336615,3128855,qlever-server-d,S,936,1591,25279315500,30777902,1912,1,futex_do_wait
4924609307336615,3128859,qlever-server-d,S,0,0,3235503,3205591,29,14,futex_do_wait
4924609307336615,3129400,qlever-server-d,S,1333,10,13443494444,219186516,560,14,futex_do_wait
4924609307336615,3129401,qlever-server-d,S,1331,10,13417332901,226554218,489,4,futex_do_wait
4924609307336615,3129402,qlever-server-d,S,1332,14,13466764235,187458491,1068,15,futex_do_wait
4924609307336615,3129403,qlever-server-d,S,1336,13,13497126860,163575458,644,10,futex_do_wait
4924609307336615,3129404,qlever-server-d,S,1345,11,13571305558,78265165,599,3,futex_do_wait
4924609307336615,3129405,qlever-server-d,S,1345,10,13560163462,92373801,604,0,futex_do_wait
4924609307336615,3129406,qlever-server-d,S,1335,11,13472474169,178772485,618,6,futex_do_wait
4924609307336615,3129407,qlever-server-d,S,1334,10,13449390390,212171940,542,11,futex_do_wait
4924609307336615,3129408,qlever-server-d,S,0,0,15360,0,1,13,futex_do_wait
4924609307336615,3129409,qlever-server-d,S,0,0,193821,0,6,12,ep_poll
4924609307336615,3129410,qlever-server-d,S,0,0,479780,20000,11,3,futex_do_wait
4924609307336615,3129411,qlever-server-d,S,1,15,174327228,375336606,1524,7,futex_do_wait
4924609307336615,3129412,qlever-server-d,S,0,16,170041231,362824013,1418,5,futex_do_wait
4924609307336615,3129413,qlever-server-d,S,0,15,163326440,390753477,1499,7,futex_do_wait
4924609307336615,3129414,qlever-server-d,S,0,22,232064886,387388934,1696,5,futex_do_wait
4924609307336615,3129415,qlever-server-d,S,0,14,155843798,370403632,1559,7,futex_do_wait
4924609307336615,3129416,qlever-server-d,S,0,13,146537242,365627421,1394,5,futex_do_wait
4924609307336615,3129417,qlever-server-d,S,1,17,189316837,399838545,1555,14,futex_do_wait
4924609307336615,3129418,qlever-server-d,S,0,19,205085331,350337834,1439,2,ep_poll
4924609307336615,0,__system__,-,1024888962,7868002941,0,0,0,-1,-
4924609327333906,3128855,qlever-server-d,S,936,1591,25279315500,30777902,1912,1,futex_do_wait
4924609327333906,3128859,qlever-server-d,S,0,0,3235503,3205591,29,14,futex_do_wait
4924609327333906,3129400,qlever-server-d,S,1333,10,13443494444,219186516,560,14,futex_do_wait
4924609327333906,3129401,qlever-server-d,S,1331,10,13417332901,226554218,489,4,futex_do_wait
4924609327333906,3129402,qlever-server-d,S,1332,14,13466764235,187458491,1068,15,futex_do_wait
4924609327333906,3129403,qlever-server-d,S,1336,13,13497126860,163575458,644,10,futex_do_wait
4924609327333906,3129404,qlever-server-d,S,1345,11,13571305558,78265165,599,3,futex_do_wait
4924609327333906,3129405,qlever-server-d,S,1345,10,13560163462,92373801,604,0,futex_do_wait
4924609327333906,3129406,qlever-server-d,S,1335,11,13472474169,178772485,618,6,futex_do_wait
4924609327333906,3129407,qlever-server-d,S,1334,10,13449390390,212171940,542,11,futex_do_wait
4924609327333906,3129408,qlever-server-d,S,0,0,15360,0,1,13,futex_do_wait
4924609327333906,3129409,qlever-server-d,S,0,0,193821,0,6,12,ep_poll
4924609327333906,3129410,qlever-server-d,S,0,0,479780,20000,11,3,futex_do_wait
4924609327333906,3129411,qlever-server-d,S,1,15,174327228,375336606,1524,7,futex_do_wait
4924609327333906,3129412,qlever-server-d,S,0,16,170041231,362824013,1418,5,futex_do_wait
4924609327333906,3129413,qlever-server-d,S,0,15,163326440,390753477,1499,7,futex_do_wait
4924609327333906,3129414,qlever-server-d,S,0,22,232064886,387388934,1696,5,futex_do_wait
4924609327333906,3129415,qlever-server-d,S,0,14,155843798,370403632,1559,7,futex_do_wait
4924609327333906,3129416,qlever-server-d,S,0,13,146537242,365627421,1394,5,futex_do_wait
4924609327333906,3129417,qlever-server-d,S,1,17,189316837,399838545,1555,14,futex_do_wait
4924609327333906,3129418,qlever-server-d,S,0,19,205085331,350337834,1439,2,ep_poll
4924609327333906,0,__system__,-,1024888974,7868002973,0,0,0,-1,-
4924609347334647,3128855,qlever-server-d,S,936,1591,25279315500,30777902,1912,1,futex_do_wait
4924609347334647,3128859,qlever-server-d,S,0,0,3235503,3205591,29,14,futex_do_wait
4924609347334647,3129400,qlever-server-d,S,1333,10,13443494444,219186516,560,14,futex_do_wait
4924609347334647,3129401,qlever-server-d,S,1331,10,13417332901,226554218,489,4,futex_do_wait
4924609347334647,3129402,qlever-server-d,S,1332,14,13466764235,187458491,1068,15,futex_do_wait
4924609347334647,3129403,qlever-server-d,S,1336,13,13497126860,163575458,644,10,futex_do_wait
4924609347334647,3129404,qlever-server-d,S,1345,11,13571305558,78265165,599,3,futex_do_wait
4924609347334647,3129405,qlever-server-d,S,1345,10,13560163462,92373801,604,0,futex_do_wait
4924609347334647,3129406,qlever-server-d,S,1335,11,13472474169,178772485,618,6,futex_do_wait
4924609347334647,3129407,qlever-server-d,S,1334,10,13449390390,212171940,542,11,futex_do_wait
4924609347334647,3129408,qlever-server-d,S,0,0,15360,0,1,13,futex_do_wait
4924609347334647,3129409,qlever-server-d,S,0,0,193821,0,6,12,ep_poll
4924609347334647,3129410,qlever-server-d,S,0,0,479780,20000,11,3,futex_do_wait
4924609347334647,3129411,qlever-server-d,S,1,15,174327228,375336606,1524,7,futex_do_wait
4924609347334647,3129412,qlever-server-d,S,0,16,170041231,362824013,1418,5,futex_do_wait
4924609347334647,3129413,qlever-server-d,S,0,15,163326440,390753477,1499,7,futex_do_wait
4924609347334647,3129414,qlever-server-d,S,0,22,232064886,387388934,1696,5,futex_do_wait
4924609347334647,3129415,qlever-server-d,S,0,14,155843798,370403632,1559,7,futex_do_wait
4924609347334647,3129416,qlever-server-d,S,0,13,146537242,365627421,1394,5,futex_do_wait
4924609347334647,3129417,qlever-server-d,S,1,17,189316837,399838545,1555,14,futex_do_wait
4924609347334647,3129418,qlever-server-d,S,0,19,205085331,350337834,1439,2,ep_poll
4924609347334647,0,__system__,-,1024888986,7868003005,0,0,0,-1,-
4924609367335228,3128855,qlever-server-d,S,936,1591,25279315500,30777902,1912,1,futex_do_wait
4924609367335228,3128859,qlever-server-d,S,0,0,3235503,3205591,29,14,futex_do_wait
4924609367335228,3129400,qlever-server-d,S,1333,10,13443494444,219186516,560,14,futex_do_wait
4924609367335228,3129401,qlever-server-d,S,1331,10,13417332901,226554218,489,4,futex_do_wait
4924609367335228,3129402,qlever-server-d,S,1332,14,13466764235,187458491,1068,15,futex_do_wait
4924609367335228,3129403,qlever-server-d,S,1336,13,13497126860,163575458,644,10,futex_do_wait
4924609367335228,3129404,qlever-server-d,S,1345,11,13571305558,78265165,599,3,futex_do_wait
4924609367335228,3129405,qlever-server-d,S,1345,10,13560163462,92373801,604,0,futex_do_wait
4924609367335228,3129406,qlever-server-d,S,1335,11,13472474169,178772485,618,6,futex_do_wait
4924609367335228,3129407,qlever-server-d,S,1334,10,13449390390,212171940,542,11,futex_do_wait
4924609367335228,3129408,qlever-server-d,S,0,0,15360,0,1,13,futex_do_wait
4924609367335228,3129409,qlever-server-d,S,0,0,193821,0,6,12,ep_poll
4924609367335228,3129410,qlever-server-d,S,0,0,479780,20000,11,3,futex_do_wait
4924609367335228,3129411,qlever-server-d,S,1,15,174327228,375336606,1524,7,futex_do_wait
4924609367335228,3129412,qlever-server-d,S,0,16,170041231,362824013,1418,5,futex_do_wait
4924609367335228,3129413,qlever-server-d,S,0,15,163326440,390753477,1499,7,futex_do_wait
4924609367335228,3129414,qlever-server-d,S,0,22,232064886,387388934,1696,5,futex_do_wait
4924609367335228,3129415,qlever-server-d,S,0,14,155843798,370403632,1559,7,futex_do_wait
4924609367335228,3129416,qlever-server-d,S,0,13,146537242,365627421,1394,5,futex_do_wait
4924609367335228,3129417,qlever-server-d,S,1,17,189316837,399838545,1555,14,futex_do_wait
4924609367335228,3129418,qlever-server-d,S,0,19,205085331,350337834,1439,2,ep_poll
4924609367335228,0,__system__,-,1024888999,7868003037,0,0,0,-1,-
4924609387343739,3128855,qlever-server-d,S,936,1591,25279315500,30777902,1912,1,futex_do_wait
4924609387343739,3128859,qlever-server-d,S,0,0,3235503,3205591,29,14,futex_do_wait
4924609387343739,3129400,qlever-server-d,S,1333,10,13443494444,219186516,560,14,futex_do_wait
4924609387343739,3129401,qlever-server-d,S,1331,10,13417332901,226554218,489,4,futex_do_wait
4924609387343739,3129402,qlever-server-d,S,1332,14,13466764235,187458491,1068,15,futex_do_wait
4924609387343739,3129403,qlever-server-d,S,1336,13,13497126860,163575458,644,10,futex_do_wait
4924609387343739,3129404,qlever-server-d,S,1345,11,13571305558,78265165,599,3,futex_do_wait
4924609387343739,3129405,qlever-server-d,S,1345,10,13560163462,92373801,604,0,futex_do_wait
4924609387343739,3129406,qlever-server-d,S,1335,11,13472474169,178772485,618,6,futex_do_wait
4924609387343739,3129407,qlever-server-d,S,1334,10,13449390390,212171940,542,11,futex_do_wait
4924609387343739,3129408,qlever-server-d,S,0,0,15360,0,1,13,futex_do_wait
4924609387343739,3129409,qlever-server-d,S,0,0,193821,0,6,12,ep_poll
4924609387343739,3129410,qlever-server-d,S,0,0,479780,20000,11,3,futex_do_wait
4924609387343739,3129411,qlever-server-d,S,1,15,174327228,375336606,1524,7,futex_do_wait
4924609387343739,3129412,qlever-server-d,S,0,16,170041231,362824013,1418,5,futex_do_wait
4924609387343739,3129413,qlever-server-d,S,0,15,163326440,390753477,1499,7,futex_do_wait
4924609387343739,3129414,qlever-server-d,S,0,22,232064886,387388934,1696,5,futex_do_wait
4924609387343739,3129415,qlever-server-d,S,0,14,155843798,370403632,1559,7,futex_do_wait
4924609387343739,3129416,qlever-server-d,S,0,13,146537242,365627421,1394,5,futex_do_wait
4924609387343739,3129417,qlever-server-d,S,1,17,189316837,399838545,1555,14,futex_do_wait
4924609387343739,3129418,qlever-server-d,S,0,19,205085331,350337834,1439,2,ep_poll
4924609387343739,0,__system__,-,1024889011,7868003069,0,0,0,-1,-
4924609407332080,3128855,qlever-server-d,S,936,1591,25279315500,30777902,1912,1,futex_do_wait
4924609407332080,3128859,qlever-server-d,S,0,0,3235503,3205591,29,14,futex_do_wait
4924609407332080,3129400,qlever-server-d,S,1333,10,13443494444,219186516,560,14,futex_do_wait
4924609407332080,3129401,qlever-server-d,S,1331,10,13417332901,226554218,489,4,futex_do_wait
4924609407332080,3129402,qlever-server-d,S,1332,14,13466764235,187458491,1068,15,futex_do_wait
4924609407332080,3129403,qlever-server-d,S,1336,13,13497126860,163575458,644,10,futex_do_wait
4924609407332080,3129404,qlever-server-d,S,1345,11,13571305558,78265165,599,3,futex_do_wait
4924609407332080,3129405,qlever-server-d,S,1345,10,13560163462,92373801,604,0,futex_do_wait
4924609407332080,3129406,qlever-server-d,S,1335,11,13472474169,178772485,618,6,futex_do_wait
4924609407332080,3129407,qlever-server-d,S,1334,10,13449390390,212171940,542,11,futex_do_wait
4924609407332080,3129408,qlever-server-d,S,0,0,15360,0,1,13,futex_do_wait
4924609407332080,3129409,qlever-server-d,S,0,0,193821,0,6,12,ep_poll
4924609407332080,3129410,qlever-server-d,S,0,0,479780,20000,11,3,futex_do_wait
4924609407332080,3129411,qlever-server-d,S,1,15,174327228,375336606,1524,7,futex_do_wait
4924609407332080,3129412,qlever-server-d,S,0,16,170041231,362824013,1418,5,futex_do_wait
4924609407332080,3129413,qlever-server-d,S,0,15,163326440,390753477,1499,7,futex_do_wait
4924609407332080,3129414,qlever-server-d,S,0,22,232064886,387388934,1696,5,futex_do_wait
4924609407332080,3129415,qlever-server-d,S,0,14,155843798,370403632,1559,7,futex_do_wait
4924609407332080,3129416,qlever-server-d,S,0,13,146537242,365627421,1394,5,futex_do_wait
4924609407332080,3129417,qlever-server-d,S,1,17,189316837,399838545,1555,14,futex_do_wait
4924609407332080,3129418,qlever-server-d,S,0,19,205085331,350337834,1439,2,ep_poll
4924609407332080,0,__system__,-,1024889024,7868003101,0,0,0,-1,-
4924609427334941,3128855,qlever-server-d,S,936,1591,25279315500,30777902,1912,1,futex_do_wait
4924609427334941,3128859,qlever-server-d,S,0,0,3235503,3205591,29,14,futex_do_wait
4924609427334941,3129400,qlever-server-d,S,1333,10,13443494444,219186516,560,14,futex_do_wait
4924609427334941,3129401,qlever-server-d,S,1331,10,13417332901,226554218,489,4,futex_do_wait
4924609427334941,3129402,qlever-server-d,S,1332,14,13466764235,187458491,1068,15,futex_do_wait
4924609427334941,3129403,qlever-server-d,S,1336,13,13497126860,163575458,644,10,futex_do_wait
4924609427334941,3129404,qlever-server-d,S,1345,11,13571305558,78265165,599,3,futex_do_wait
4924609427334941,3129405,qlever-server-d,S,1345,10,13560163462,92373801,604,0,futex_do_wait
4924609427334941,3129406,qlever-server-d,S,1335,11,13472474169,178772485,618,6,futex_do_wait
4924609427334941,3129407,qlever-server-d,S,1334,10,13449390390,212171940,542,11,futex_do_wait
4924609427334941,3129408,qlever-server-d,S,0,0,15360,0,1,13,futex_do_wait
4924609427334941,3129409,qlever-server-d,S,0,0,193821,0,6,12,ep_poll
4924609427334941,3129410,qlever-server-d,S,0,0,479780,20000,11,3,futex_do_wait
4924609427334941,3129411,qlever-server-d,S,1,15,174327228,375336606,1524,7,futex_do_wait
4924609427334941,3129412,qlever-server-d,S,0,16,170041231,362824013,1418,5,futex_do_wait
4924609427334941,3129413,qlever-server-d,S,0,15,163326440,390753477,1499,7,futex_do_wait
4924609427334941,3129414,qlever-server-d,S,0,22,232064886,387388934,1696,5,futex_do_wait
4924609427334941,3129415,qlever-server-d,S,0,14,155843798,370403632,1559,7,futex_do_wait
4924609427334941,3129416,qlever-server-d,S,0,13,146537242,365627421,1394,5,futex_do_wait
4924609427334941,3129417,qlever-server-d,S,1,17,189316837,399838545,1555,14,futex_do_wait
4924609427334941,3129418,qlever-server-d,S,0,19,205085331,350337834,1439,2,ep_poll
4924609427334941,0,__system__,-,1024889040,7868003133,0,0,0,-1,-
4924609447340882,3128855,qlever-server-d,S,936,1591,25279315500,30777902,1912,1,futex_do_wait
4924609447340882,3128859,qlever-server-d,S,0,0,3235503,3205591,29,14,futex_do_wait
4924609447340882,3129400,qlever-server-d,S,1333,10,13443494444,219186516,560,14,futex_do_wait
4924609447340882,3129401,qlever-server-d,S,1331,10,13417332901,226554218,489,4,futex_do_wait
4924609447340882,3129402,qlever-server-d,S,1332,14,13466764235,187458491,1068,15,futex_do_wait
4924609447340882,3129403,qlever-server-d,S,1336,13,13497126860,163575458,644,10,futex_do_wait
4924609447340882,3129404,qlever-server-d,S,1345,11,13571305558,78265165,599,3,futex_do_wait
4924609447340882,3129405,qlever-server-d,S,1345,10,13560163462,92373801,604,0,futex_do_wait
4924609447340882,3129406,qlever-server-d,S,1335,11,13472474169,178772485,618,6,futex_do_wait
4924609447340882,3129407,qlever-server-d,S,1334,10,13449390390,212171940,542,11,futex_do_wait
4924609447340882,3129408,qlever-server-d,S,0,0,15360,0,1,13,futex_do_wait
4924609447340882,3129409,qlever-server-d,S,0,0,193821,0,6,12,ep_poll
4924609447340882,3129410,qlever-server-d,S,0,0,479780,20000,11,3,futex_do_wait
4924609447340882,3129411,qlever-server-d,S,1,15,174327228,375336606,1524,7,futex_do_wait
4924609447340882,3129412,qlever-server-d,S,0,16,170041231,362824013,1418,5,futex_do_wait
4924609447340882,3129413,qlever-server-d,S,0,15,163326440,390753477,1499,7,futex_do_wait
4924609447340882,3129414,qlever-server-d,S,0,22,232064886,387388934,1696,5,futex_do_wait
4924609447340882,3129415,qlever-server-d,S,0,14,155843798,370403632,1559,7,futex_do_wait
4924609447340882,3129416,qlever-server-d,S,0,13,146537242,365627421,1394,5,futex_do_wait
4924609447340882,3129417,qlever-server-d,S,1,17,189316837,399838545,1555,14,futex_do_wait
4924609447340882,3129418,qlever-server-d,S,0,19,205085331,350337834,1439,2,ep_poll
4924609447340882,0,__system__,-,1024889055,7868003165,0,0,0,-1,-
4924609467336003,3128855,qlever-server-d,S,936,1591,25279315500,30777902,1912,1,futex_do_wait
4924609467336003,3128859,qlever-server-d,S,0,0,3235503,3205591,29,14,futex_do_wait
4924609467336003,3129400,qlever-server-d,S,1333,10,13443494444,219186516,560,14,futex_do_wait
4924609467336003,3129401,qlever-server-d,S,1331,10,13417332901,226554218,489,4,futex_do_wait
4924609467336003,3129402,qlever-server-d,S,1332,14,13466764235,187458491,1068,15,futex_do_wait
4924609467336003,3129403,qlever-server-d,S,1336,13,13497126860,163575458,644,10,futex_do_wait
4924609467336003,3129404,qlever-server-d,S,1345,11,13571305558,78265165,599,3,futex_do_wait
4924609467336003,3129405,qlever-server-d,S,1345,10,13560163462,92373801,604,0,futex_do_wait
4924609467336003,3129406,qlever-server-d,S,1335,11,13472474169,178772485,618,6,futex_do_wait
4924609467336003,3129407,qlever-server-d,S,1334,10,13449390390,212171940,542,11,futex_do_wait
4924609467336003,3129408,qlever-server-d,S,0,0,15360,0,1,13,futex_do_wait
4924609467336003,3129409,qlever-server-d,S,0,0,193821,0,6,12,ep_poll
4924609467336003,3129410,qlever-server-d,S,0,0,479780,20000,11,3,futex_do_wait
4924609467336003,3129411,qlever-server-d,S,1,15,174327228,375336606,1524,7,futex_do_wait
4924609467336003,3129412,qlever-server-d,S,0,16,170041231,362824013,1418,5,futex_do_wait
4924609467336003,3129413,qlever-server-d,S,0,15,163326440,390753477,1499,7,futex_do_wait
4924609467336003,3129414,qlever-server-d,S,0,22,232064886,387388934,1696,5,futex_do_wait
4924609467336003,3129415,qlever-server-d,S,0,14,155843798,370403632,1559,7,futex_do_wait
4924609467336003,3129416,qlever-server-d,S,0,13,146537242,365627421,1394,5,futex_do_wait
4924609467336003,3129417,qlever-server-d,S,1,17,189316837,399838545,1555,14,futex_do_wait
4924609467336003,3129418,qlever-server-d,S,0,19,205085331,350337834,1439,2,ep_poll
4924609467336003,0,__system__,-,1024889070,7868003197,0,0,0,-1,-
4924609487338684,3128855,qlever-server-d,S,936,1591,25279315500,30777902,1912,1,futex_do_wait
4924609487338684,3128859,qlever-server-d,S,0,0,3235503,3205591,29,14,futex_do_wait
4924609487338684,3129400,qlever-server-d,S,1333,10,13443494444,219186516,560,14,futex_do_wait
4924609487338684,3129401,qlever-server-d,S,1331,10,13417332901,226554218,489,4,futex_do_wait
4924609487338684,3129402,qlever-server-d,S,1332,14,13466764235,187458491,1068,15,futex_do_wait
4924609487338684,3129403,qlever-server-d,S,1336,13,13497126860,163575458,644,10,futex_do_wait
4924609487338684,3129404,qlever-server-d,S,1345,11,13571305558,78265165,599,3,futex_do_wait
4924609487338684,3129405,qlever-server-d,S,1345,10,13560163462,92373801,604,0,futex_do_wait
4924609487338684,3129406,qlever-server-d,S,1335,11,13472474169,178772485,618,6,futex_do_wait
4924609487338684,3129407,qlever-server-d,S,1334,10,13449390390,212171940,542,11,futex_do_wait
4924609487338684,3129408,qlever-server-d,S,0,0,15360,0,1,13,futex_do_wait
4924609487338684,3129409,qlever-server-d,S,0,0,193821,0,6,12,ep_poll
4924609487338684,3129410,qlever-server-d,S,0,0,479780,20000,11,3,futex_do_wait
4924609487338684,3129411,qlever-server-d,S,1,15,174327228,375336606,1524,7,futex_do_wait
4924609487338684,3129412,qlever-server-d,S,0,16,170041231,362824013,1418,5,futex_do_wait
4924609487338684,3129413,qlever-server-d,S,0,15,163326440,390753477,1499,7,futex_do_wait
4924609487338684,3129414,qlever-server-d,S,0,22,232064886,387388934,1696,5,futex_do_wait
4924609487338684,3129415,qlever-server-d,S,0,14,155843798,370403632,1559,7,futex_do_wait
4924609487338684,3129416,qlever-server-d,S,0,13,146537242,365627421,1394,5,futex_do_wait
4924609487338684,3129417,qlever-server-d,S,1,17,189316837,399838545,1555,14,futex_do_wait
4924609487338684,3129418,qlever-server-d,S,0,19,205085331,350337834,1439,2,ep_poll
4924609487338684,0,__system__,-,1024889082,7868003227,0,0,0,-1,-
4924609507340795,3128855,qlever-server-d,S,936,1591,25279315500,30777902,1912,1,futex_do_wait
4924609507340795,3128859,qlever-server-d,S,0,0,3235503,3205591,29,14,futex_do_wait
4924609507340795,3129400,qlever-server-d,S,1333,10,13443494444,219186516,560,14,futex_do_wait
4924609507340795,3129401,qlever-server-d,S,1331,10,13417332901,226554218,489,4,futex_do_wait
4924609507340795,3129402,qlever-server-d,S,1332,14,13466764235,187458491,1068,15,futex_do_wait
4924609507340795,3129403,qlever-server-d,S,1336,13,13497126860,163575458,644,10,futex_do_wait
4924609507340795,3129404,qlever-server-d,S,1345,11,13571305558,78265165,599,3,futex_do_wait
4924609507340795,3129405,qlever-server-d,S,1345,10,13560163462,92373801,604,0,futex_do_wait
4924609507340795,3129406,qlever-server-d,S,1335,11,13472474169,178772485,618,6,futex_do_wait
4924609507340795,3129407,qlever-server-d,S,1334,10,13449390390,212171940,542,11,futex_do_wait
4924609507340795,3129408,qlever-server-d,S,0,0,15360,0,1,13,futex_do_wait
4924609507340795,3129409,qlever-server-d,S,0,0,193821,0,6,12,ep_poll
4924609507340795,3129410,qlever-server-d,S,0,0,479780,20000,11,3,futex_do_wait
4924609507340795,3129411,qlever-server-d,S,1,15,174327228,375336606,1524,7,futex_do_wait
4924609507340795,3129412,qlever-server-d,S,0,16,170041231,362824013,1418,5,futex_do_wait
4924609507340795,3129413,qlever-server-d,S,0,15,163326440,390753477,1499,7,futex_do_wait
4924609507340795,3129414,qlever-server-d,S,0,22,232064886,387388934,1696,5,futex_do_wait
4924609507340795,3129415,qlever-server-d,S,0,14,155843798,370403632,1559,7,futex_do_wait
4924609507340795,3129416,qlever-server-d,S,0,13,146537242,365627421,1394,5,futex_do_wait
4924609507340795,3129417,qlever-server-d,S,1,17,189316837,399838545,1555,14,futex_do_wait
4924609507340795,3129418,qlever-server-d,S,0,19,205085331,350337834,1439,2,ep_poll
4924609507340795,0,__system__,-,1024889094,7868003259,0,0,0,-1,-
4924609527342166,3128855,qlever-server-d,S,936,1591,25279315500,30777902,1912,1,futex_do_wait
4924609527342166,3128859,qlever-server-d,S,0,0,3235503,3205591,29,14,futex_do_wait
4924609527342166,3129400,qlever-server-d,S,1333,10,13443494444,219186516,560,14,futex_do_wait
4924609527342166,3129401,qlever-server-d,S,1331,10,13417332901,226554218,489,4,futex_do_wait
4924609527342166,3129402,qlever-server-d,S,1332,14,13466764235,187458491,1068,15,futex_do_wait
4924609527342166,3129403,qlever-server-d,S,1336,13,13497126860,163575458,644,10,futex_do_wait
4924609527342166,3129404,qlever-server-d,S,1345,11,13571305558,78265165,599,3,futex_do_wait
4924609527342166,3129405,qlever-server-d,S,1345,10,13560163462,92373801,604,0,futex_do_wait
4924609527342166,3129406,qlever-server-d,S,1335,11,13472474169,178772485,618,6,futex_do_wait
4924609527342166,3129407,qlever-server-d,S,1334,10,13449390390,212171940,542,11,futex_do_wait
4924609527342166,3129408,qlever-server-d,S,0,0,15360,0,1,13,futex_do_wait
4924609527342166,3129409,qlever-server-d,S,0,0,193821,0,6,12,ep_poll
4924609527342166,3129410,qlever-server-d,S,0,0,479780,20000,11,3,futex_do_wait
4924609527342166,3129411,qlever-server-d,S,1,15,174327228,375336606,1524,7,futex_do_wait
4924609527342166,3129412,qlever-server-d,S,0,16,170041231,362824013,1418,5,futex_do_wait
4924609527342166,3129413,qlever-server-d,S,0,15,163326440,390753477,1499,7,futex_do_wait
4924609527342166,3129414,qlever-server-d,S,0,22,232064886,387388934,1696,5,futex_do_wait
4924609527342166,3129415,qlever-server-d,S,0,14,155843798,370403632,1559,7,futex_do_wait
4924609527342166,3129416,qlever-server-d,S,0,13,146537242,365627421,1394,5,futex_do_wait
4924609527342166,3129417,qlever-server-d,S,1,17,189316837,399838545,1555,14,futex_do_wait
4924609527342166,3129418,qlever-server-d,S,0,19,205085331,350337834,1439,2,ep_poll
4924609527342166,0,__system__,-,1024889108,7868003293,0,0,0,-1,-
4924609548101701,3128855,qlever-server-d,S,936,1591,25279315500,30777902,1912,1,futex_do_wait
4924609548101701,3128859,qlever-server-d,S,0,0,3235503,3205591,29,14,futex_do_wait
4924609548101701,3129400,qlever-server-d,S,1333,10,13443494444,219186516,560,14,futex_do_wait
4924609548101701,3129401,qlever-server-d,S,1331,10,13417332901,226554218,489,4,futex_do_wait
4924609548101701,3129402,qlever-server-d,S,1332,14,13466764235,187458491,1068,15,futex_do_wait
4924609548101701,3129403,qlever-server-d,S,1336,13,13497126860,163575458,644,10,futex_do_wait
4924609548101701,3129404,qlever-server-d,S,1345,11,13571305558,78265165,599,3,futex_do_wait
4924609548101701,3129405,qlever-server-d,S,1345,10,13560163462,92373801,604,0,futex_do_wait
4924609548101701,3129406,qlever-server-d,S,1335,11,13472474169,178772485,618,6,futex_do_wait
4924609548101701,3129407,qlever-server-d,S,1334,10,13449390390,212171940,542,11,futex_do_wait
4924609548101701,3129408,qlever-server-d,S,0,0,15360,0,1,13,futex_do_wait
4924609548101701,3129409,qlever-server-d,S,0,0,193821,0,6,12,ep_poll
4924609548101701,3129410,qlever-server-d,S,0,0,479780,20000,11,3,futex_do_wait
4924609548101701,3129411,qlever-server-d,S,1,15,174327228,375336606,1524,7,futex_do_wait
4924609548101701,3129412,qlever-server-d,S,0,16,170041231,362824013,1418,5,futex_do_wait
4924609548101701,3129413,qlever-server-d,S,0,15,163326440,390753477,1499,7,futex_do_wait
4924609548101701,3129414,qlever-server-d,S,0,22,232064886,387388934,1696,5,futex_do_wait
4924609548101701,3129415,qlever-server-d,S,0,14,155843798,370403632,1559,7,futex_do_wait
4924609548101701,3129416,qlever-server-d,S,0,13,146537242,365627421,1394,5,futex_do_wait
4924609548101701,3129417,qlever-server-d,S,1,17,189316837,399838545,1555,14,futex_do_wait
4924609548101701,3129418,qlever-server-d,S,0,19,205085331,350337834,1439,2,ep_poll
4924609548101701,0,__system__,-,1024889122,7868003325,0,0,0,-1,-
4924609567344768,3128855,qlever-server-d,S,936,1591,25279315500,30777902,1912,1,futex_do_wait
4924609567344768,3128859,qlever-server-d,S,0,0,3235503,3205591,29,14,futex_do_wait
4924609567344768,3129400,qlever-server-d,S,1333,10,13443494444,219186516,560,14,futex_do_wait
4924609567344768,3129401,qlever-server-d,S,1331,10,13417332901,226554218,489,4,futex_do_wait
4924609567344768,3129402,qlever-server-d,S,1332,14,13466764235,187458491,1068,15,futex_do_wait
4924609567344768,3129403,qlever-server-d,S,1336,13,13497126860,163575458,644,10,futex_do_wait
4924609567344768,3129404,qlever-server-d,S,1345,11,13571305558,78265165,599,3,futex_do_wait
4924609567344768,3129405,qlever-server-d,S,1345,10,13560163462,92373801,604,0,futex_do_wait
4924609567344768,3129406,qlever-server-d,S,1335,11,13472474169,178772485,618,6,futex_do_wait
4924609567344768,3129407,qlever-server-d,S,1334,10,13449390390,212171940,542,11,futex_do_wait
4924609567344768,3129408,qlever-server-d,S,0,0,15360,0,1,13,futex_do_wait
4924609567344768,3129409,qlever-server-d,S,0,0,193821,0,6,12,ep_poll
4924609567344768,3129410,qlever-server-d,S,0,0,479780,20000,11,3,futex_do_wait
4924609567344768,3129411,qlever-server-d,S,1,15,174327228,375336606,1524,7,futex_do_wait
4924609567344768,3129412,qlever-server-d,S,0,16,170041231,362824013,1418,5,futex_do_wait
4924609567344768,3129413,qlever-server-d,S,0,15,163326440,390753477,1499,7,futex_do_wait
4924609567344768,3129414,qlever-server-d,S,0,22,232064886,387388934,1696,5,futex_do_wait
4924609567344768,3129415,qlever-server-d,S,0,14,155843798,370403632,1559,7,futex_do_wait
4924609567344768,3129416,qlever-server-d,S,0,13,146537242,365627421,1394,5,futex_do_wait
4924609567344768,3129417,qlever-server-d,S,1,17,189316837,399838545,1555,14,futex_do_wait
4924609567344768,3129418,qlever-server-d,S,0,19,205085331,350337834,1439,2,ep_poll
4924609567344768,0,__system__,-,1024889134,7868003355,0,0,0,-1,-
4924609587339199,3128855,qlever-server-d,S,936,1591,25279315500,30777902,1912,1,futex_do_wait
4924609587339199,3128859,qlever-server-d,S,0,0,3235503,3205591,29,14,futex_do_wait
4924609587339199,3129400,qlever-server-d,S,1333,10,13443494444,219186516,560,14,futex_do_wait
4924609587339199,3129401,qlever-server-d,S,1331,10,13417332901,226554218,489,4,futex_do_wait
4924609587339199,3129402,qlever-server-d,S,1332,14,13466764235,187458491,1068,15,futex_do_wait
4924609587339199,3129403,qlever-server-d,S,1336,13,13497126860,163575458,644,10,futex_do_wait
4924609587339199,3129404,qlever-server-d,S,1345,11,13571305558,78265165,599,3,futex_do_wait
4924609587339199,3129405,qlever-server-d,S,1345,10,13560163462,92373801,604,0,futex_do_wait
4924609587339199,3129406,qlever-server-d,S,1335,11,13472474169,178772485,618,6,futex_do_wait
4924609587339199,3129407,qlever-server-d,S,1334,10,13449390390,212171940,542,11,futex_do_wait
4924609587339199,3129408,qlever-server-d,S,0,0,15360,0,1,13,futex_do_wait
4924609587339199,3129409,qlever-server-d,S,0,0,193821,0,6,12,ep_poll
4924609587339199,3129410,qlever-server-d,S,0,0,479780,20000,11,3,futex_do_wait
4924609587339199,3129411,qlever-server-d,S,1,15,174327228,375336606,1524,7,futex_do_wait
4924609587339199,3129412,qlever-server-d,S,0,16,170041231,362824013,1418,5,futex_do_wait
4924609587339199,3129413,qlever-server-d,S,0,15,163326440,390753477,1499,7,futex_do_wait
4924609587339199,3129414,qlever-server-d,S,0,22,232064886,387388934,1696,5,futex_do_wait
4924609587339199,3129415,qlever-server-d,S,0,14,155843798,370403632,1559,7,futex_do_wait
4924609587339199,3129416,qlever-server-d,S,0,13,146537242,365627421,1394,5,futex_do_wait
4924609587339199,3129417,qlever-server-d,S,1,17,189316837,399838545,1555,14,futex_do_wait
4924609587339199,3129418,qlever-server-d,S,0,19,205085331,350337834,1439,2,ep_poll
4924609587339199,0,__system__,-,1024889147,7868003387,0,0,0,-1,-
4924609607342160,3128855,qlever-server-d,S,936,1591,25279315500,30777902,1912,1,futex_do_wait
4924609607342160,3128859,qlever-server-d,S,0,0,3235503,3205591,29,14,futex_do_wait
4924609607342160,3129400,qlever-server-d,S,1333,10,13443494444,219186516,560,14,futex_do_wait
4924609607342160,3129401,qlever-server-d,S,1331,10,13417332901,226554218,489,4,futex_do_wait
4924609607342160,3129402,qlever-server-d,S,1332,14,13466764235,187458491,1068,15,futex_do_wait
4924609607342160,3129403,qlever-server-d,S,1336,13,13497126860,163575458,644,10,futex_do_wait
4924609607342160,3129404,qlever-server-d,S,1345,11,13571305558,78265165,599,3,futex_do_wait
4924609607342160,3129405,qlever-server-d,S,1345,10,13560163462,92373801,604,0,futex_do_wait
4924609607342160,3129406,qlever-server-d,S,1335,11,13472474169,178772485,618,6,futex_do_wait
4924609607342160,3129407,qlever-server-d,S,1334,10,13449390390,212171940,542,11,futex_do_wait
4924609607342160,3129408,qlever-server-d,S,0,0,15360,0,1,13,futex_do_wait
4924609607342160,3129409,qlever-server-d,S,0,0,193821,0,6,12,ep_poll
4924609607342160,3129410,qlever-server-d,S,0,0,479780,20000,11,3,futex_do_wait
4924609607342160,3129411,qlever-server-d,S,1,15,174327228,375336606,1524,7,futex_do_wait
4924609607342160,3129412,qlever-server-d,S,0,16,170041231,362824013,1418,5,futex_do_wait
4924609607342160,3129413,qlever-server-d,S,0,15,163326440,390753477,1499,7,futex_do_wait
4924609607342160,3129414,qlever-server-d,S,0,22,232064886,387388934,1696,5,futex_do_wait
4924609607342160,3129415,qlever-server-d,S,0,14,155843798,370403632,1559,7,futex_do_wait
4924609607342160,3129416,qlever-server-d,S,0,13,146537242,365627421,1394,5,futex_do_wait
4924609607342160,3129417,qlever-server-d,S,1,17,189316837,399838545,1555,14,futex_do_wait
4924609607342160,3129418,qlever-server-d,S,0,19,205085331,350337834,1439,2,ep_poll
4924609607342160,0,__system__,-,1024889159,7868003419,0,0,0,-1,-
4924609627342711,3128855,qlever-server-d,S,936,1591,25279315500,30777902,1912,1,futex_do_wait
4924609627342711,3128859,qlever-server-d,S,0,0,3235503,3205591,29,14,futex_do_wait
4924609627342711,3129400,qlever-server-d,S,1333,10,13443494444,219186516,560,14,futex_do_wait
4924609627342711,3129401,qlever-server-d,S,1331,10,13417332901,226554218,489,4,futex_do_wait
4924609627342711,3129402,qlever-server-d,S,1332,14,13466764235,187458491,1068,15,futex_do_wait
4924609627342711,3129403,qlever-server-d,S,1336,13,13497126860,163575458,644,10,futex_do_wait
4924609627342711,3129404,qlever-server-d,S,1345,11,13571305558,78265165,599,3,futex_do_wait
4924609627342711,3129405,qlever-server-d,S,1345,10,13560163462,92373801,604,0,futex_do_wait
4924609627342711,3129406,qlever-server-d,S,1335,11,13472474169,178772485,618,6,futex_do_wait
4924609627342711,3129407,qlever-server-d,S,1334,10,13449390390,212171940,542,11,futex_do_wait
4924609627342711,3129408,qlever-server-d,S,0,0,15360,0,1,13,futex_do_wait
4924609627342711,3129409,qlever-server-d,S,0,0,193821,0,6,12,ep_poll
4924609627342711,3129410,qlever-server-d,S,0,0,479780,20000,11,3,futex_do_wait
4924609627342711,3129411,qlever-server-d,S,1,15,174327228,375336606,1524,7,futex_do_wait
4924609627342711,3129412,qlever-server-d,S,0,16,170041231,362824013,1418,5,futex_do_wait
4924609627342711,3129413,qlever-server-d,S,0,15,163326440,390753477,1499,7,futex_do_wait
4924609627342711,3129414,qlever-server-d,S,0,22,232064886,387388934,1696,5,futex_do_wait
4924609627342711,3129415,qlever-server-d,S,0,14,155843798,370403632,1559,7,futex_do_wait
4924609627342711,3129416,qlever-server-d,S,0,13,146537242,365627421,1394,5,futex_do_wait
4924609627342711,3129417,qlever-server-d,S,1,17,189316837,399838545,1555,14,futex_do_wait
4924609627342711,3129418,qlever-server-d,S,0,19,205085331,350337834,1439,2,ep_poll
4924609627342711,0,__system__,-,1024889172,7868003452,0,0,0,-1,-
4924609647330232,3128855,qlever-server-d,S,936,1591,25279315500,30777902,1912,1,futex_do_wait
4924609647330232,3128859,qlever-server-d,S,0,0,3235503,3205591,29,14,futex_do_wait
4924609647330232,3129400,qlever-server-d,S,1333,10,13443494444,219186516,560,14,futex_do_wait
4924609647330232,3129401,qlever-server-d,S,1331,10,13417332901,226554218,489,4,futex_do_wait
4924609647330232,3129402,qlever-server-d,S,1332,14,13466764235,187458491,1068,15,futex_do_wait
4924609647330232,3129403,qlever-server-d,S,1336,13,13497126860,163575458,644,10,futex_do_wait
4924609647330232,3129404,qlever-server-d,S,1345,11,13571305558,78265165,599,3,futex_do_wait
4924609647330232,3129405,qlever-server-d,S,1345,10,13560163462,92373801,604,0,futex_do_wait
4924609647330232,3129406,qlever-server-d,S,1335,11,13472474169,178772485,618,6,futex_do_wait
4924609647330232,3129407,qlever-server-d,S,1334,10,13449390390,212171940,542,11,futex_do_wait
4924609647330232,3129408,qlever-server-d,S,0,0,15360,0,1,13,futex_do_wait
4924609647330232,3129409,qlever-server-d,S,0,0,193821,0,6,12,ep_poll
4924609647330232,3129410,qlever-server-d,S,0,0,479780,20000,11,3,futex_do_wait
4924609647330232,3129411,qlever-server-d,S,1,15,174327228,375336606,1524,7,futex_do_wait
4924609647330232,3129412,qlever-server-d,S,0,16,170041231,362824013,1418,5,futex_do_wait
4924609647330232,3129413,qlever-server-d,S,0,15,163326440,390753477,1499,7,futex_do_wait
4924609647330232,3129414,qlever-server-d,S,0,22,232064886,387388934,1696,5,futex_do_wait
4924609647330232,3129415,qlever-server-d,S,0,14,155843798,370403632,1559,7,futex_do_wait
4924609647330232,3129416,qlever-server-d,S,0,13,146537242,365627421,1394,5,futex_do_wait
4924609647330232,3129417,qlever-server-d,S,1,17,189316837,399838545,1555,14,futex_do_wait
4924609647330232,3129418,qlever-server-d,S,0,19,205085331,350337834,1439,2,ep_poll
4924609647330232,0,__system__,-,1024889183,7868003482,0,0,0,-1,-
4924609667337902,3128855,qlever-server-d,S,936,1591,25279315500,30777902,1912,1,futex_do_wait
4924609667337902,3128859,qlever-server-d,S,0,0,3235503,3205591,29,14,futex_do_wait
4924609667337902,3129400,qlever-server-d,S,1333,10,13443494444,219186516,560,14,futex_do_wait
4924609667337902,3129401,qlever-server-d,S,1331,10,13417332901,226554218,489,4,futex_do_wait
4924609667337902,3129402,qlever-server-d,S,1332,14,13466764235,187458491,1068,15,futex_do_wait
4924609667337902,3129403,qlever-server-d,S,1336,13,13497126860,163575458,644,10,futex_do_wait
4924609667337902,3129404,qlever-server-d,S,1345,11,13571305558,78265165,599,3,futex_do_wait
4924609667337902,3129405,qlever-server-d,S,1345,10,13560163462,92373801,604,0,futex_do_wait
4924609667337902,3129406,qlever-server-d,S,1335,11,13472474169,178772485,618,6,futex_do_wait
4924609667337902,3129407,qlever-server-d,S,1334,10,13449390390,212171940,542,11,futex_do_wait
4924609667337902,3129408,qlever-server-d,S,0,0,15360,0,1,13,futex_do_wait
4924609667337902,3129409,qlever-server-d,S,0,0,193821,0,6,12,ep_poll
4924609667337902,3129410,qlever-server-d,S,0,0,479780,20000,11,3,futex_do_wait
4924609667337902,3129411,qlever-server-d,S,1,15,174327228,375336606,1524,7,futex_do_wait
4924609667337902,3129412,qlever-server-d,S,0,16,170041231,362824013,1418,5,futex_do_wait
4924609667337902,3129413,qlever-server-d,S,0,15,163326440,390753477,1499,7,futex_do_wait
4924609667337902,3129414,qlever-server-d,S,0,22,232064886,387388934,1696,5,futex_do_wait
4924609667337902,3129415,qlever-server-d,S,0,14,155843798,370403632,1559,7,futex_do_wait
4924609667337902,3129416,qlever-server-d,S,0,13,146537242,365627421,1394,5,futex_do_wait
4924609667337902,3129417,qlever-server-d,S,1,17,189316837,399838545,1555,14,futex_do_wait
4924609667337902,3129418,qlever-server-d,S,0,19,205085331,350337834,1439,2,ep_poll
4924609667337902,0,__system__,-,1024889196,7868003514,0,0,0,-1,-
4924609687341323,3128855,qlever-server-d,S,936,1591,25279315500,30777902,1912,1,futex_do_wait
4924609687341323,3128859,qlever-server-d,S,0,0,3235503,3205591,29,14,futex_do_wait
4924609687341323,3129400,qlever-server-d,S,1333,10,13443494444,219186516,560,14,futex_do_wait
4924609687341323,3129401,qlever-server-d,S,1331,10,13417332901,226554218,489,4,futex_do_wait
4924609687341323,3129402,qlever-server-d,S,1332,14,13466764235,187458491,1068,15,futex_do_wait
4924609687341323,3129403,qlever-server-d,S,1336,13,13497126860,163575458,644,10,futex_do_wait
4924609687341323,3129404,qlever-server-d,S,1345,11,13571305558,78265165,599,3,futex_do_wait
4924609687341323,3129405,qlever-server-d,S,1345,10,13560163462,92373801,604,0,futex_do_wait
4924609687341323,3129406,qlever-server-d,S,1335,11,13472474169,178772485,618,6,futex_do_wait
4924609687341323,3129407,qlever-server-d,S,1334,10,13449390390,212171940,542,11,futex_do_wait
4924609687341323,3129408,qlever-server-d,S,0,0,15360,0,1,13,futex_do_wait
4924609687341323,3129409,qlever-server-d,S,0,0,193821,0,6,12,ep_poll
4924609687341323,3129410,qlever-server-d,S,0,0,479780,20000,11,3,futex_do_wait
4924609687341323,3129411,qlever-server-d,S,1,15,174327228,375336606,1524,7,futex_do_wait
4924609687341323,3129412,qlever-server-d,S,0,16,170041231,362824013,1418,5,futex_do_wait
4924609687341323,3129413,qlever-server-d,S,0,15,163326440,390753477,1499,7,futex_do_wait
4924609687341323,3129414,qlever-server-d,S,0,22,232064886,387388934,1696,5,futex_do_wait
4924609687341323,3129415,qlever-server-d,S,0,14,155843798,370403632,1559,7,futex_do_wait
4924609687341323,3129416,qlever-server-d,S,0,13,146537242,365627421,1394,5,futex_do_wait
4924609687341323,3129417,qlever-server-d,S,1,17,189316837,399838545,1555,14,futex_do_wait
4924609687341323,3129418,qlever-server-d,S,0,19,205085331,350337834,1439,2,ep_poll
4924609687341323,0,__system__,-,1024889210,7868003545,0,0,0,-1,-
4924609707339205,3128855,qlever-server-d,S,936,1591,25279315500,30777902,1912,1,futex_do_wait
4924609707339205,3128859,qlever-server-d,S,0,0,3235503,3205591,29,14,futex_do_wait
4924609707339205,3129400,qlever-server-d,S,1333,10,13443494444,219186516,560,14,futex_do_wait
4924609707339205,3129401,qlever-server-d,S,1331,10,13417332901,226554218,489,4,futex_do_wait
4924609707339205,3129402,qlever-server-d,S,1332,14,13466764235,187458491,1068,15,futex_do_wait
4924609707339205,3129403,qlever-server-d,S,1336,13,13497126860,163575458,644,10,futex_do_wait
4924609707339205,3129404,qlever-server-d,S,1345,11,13571305558,78265165,599,3,futex_do_wait
4924609707339205,3129405,qlever-server-d,S,1345,10,13560163462,92373801,604,0,futex_do_wait
4924609707339205,3129406,qlever-server-d,S,1335,11,13472474169,178772485,618,6,futex_do_wait
4924609707339205,3129407,qlever-server-d,S,1334,10,13449390390,212171940,542,11,futex_do_wait
4924609707339205,3129408,qlever-server-d,S,0,0,15360,0,1,13,futex_do_wait
4924609707339205,3129409,qlever-server-d,S,0,0,193821,0,6,12,ep_poll
4924609707339205,3129410,qlever-server-d,S,0,0,479780,20000,11,3,futex_do_wait
4924609707339205,3129411,qlever-server-d,S,1,15,174327228,375336606,1524,7,futex_do_wait
4924609707339205,3129412,qlever-server-d,S,0,16,170041231,362824013,1418,5,futex_do_wait
4924609707339205,3129413,qlever-server-d,S,0,15,163326440,390753477,1499,7,futex_do_wait
4924609707339205,3129414,qlever-server-d,S,0,22,232064886,387388934,1696,5,futex_do_wait
4924609707339205,3129415,qlever-server-d,S,0,14,155843798,370403632,1559,7,futex_do_wait
4924609707339205,3129416,qlever-server-d,S,0,13,146537242,365627421,1394,5,futex_do_wait
4924609707339205,3129417,qlever-server-d,S,1,17,189316837,399838545,1555,14,futex_do_wait
4924609707339205,3129418,qlever-server-d,S,0,19,205085331,350337834,1439,2,ep_poll
4924609707339205,0,__system__,-,1024889223,7868003577,0,0,0,-1,-
4924609727338086,3128855,qlever-server-d,S,936,1591,25279315500,30777902,1912,1,futex_do_wait
4924609727338086,3128859,qlever-server-d,S,0,0,3235503,3205591,29,14,futex_do_wait
4924609727338086,3129400,qlever-server-d,S,1333,10,13443494444,219186516,560,14,futex_do_wait
4924609727338086,3129401,qlever-server-d,S,1331,10,13417332901,226554218,489,4,futex_do_wait
4924609727338086,3129402,qlever-server-d,S,1332,14,13466764235,187458491,1068,15,futex_do_wait
4924609727338086,3129403,qlever-server-d,S,1336,13,13497126860,163575458,644,10,futex_do_wait
4924609727338086,3129404,qlever-server-d,S,1345,11,13571305558,78265165,599,3,futex_do_wait
4924609727338086,3129405,qlever-server-d,S,1345,10,13560163462,92373801,604,0,futex_do_wait
4924609727338086,3129406,qlever-server-d,S,1335,11,13472474169,178772485,618,6,futex_do_wait
4924609727338086,3129407,qlever-server-d,S,1334,10,13449390390,212171940,542,11,futex_do_wait
4924609727338086,3129408,qlever-server-d,S,0,0,15360,0,1,13,futex_do_wait
4924609727338086,3129409,qlever-server-d,S,0,0,193821,0,6,12,ep_poll
4924609727338086,3129410,qlever-server-d,S,0,0,479780,20000,11,3,futex_do_wait
4924609727338086,3129411,qlever-server-d,S,1,15,174327228,375336606,1524,7,futex_do_wait
4924609727338086,3129412,qlever-server-d,S,0,16,170041231,362824013,1418,5,futex_do_wait
4924609727338086,3129413,qlever-server-d,S,0,15,163326440,390753477,1499,7,futex_do_wait
4924609727338086,3129414,qlever-server-d,S,0,22,232064886,387388934,1696,5,futex_do_wait
4924609727338086,3129415,qlever-server-d,S,0,14,155843798,370403632,1559,7,futex_do_wait
4924609727338086,3129416,qlever-server-d,S,0,13,146537242,365627421,1394,5,futex_do_wait
4924609727338086,3129417,qlever-server-d,S,1,17,189316837,399838545,1555,14,futex_do_wait
4924609727338086,3129418,qlever-server-d,S,0,19,205085331,350337834,1439,2,ep_poll
4924609727338086,0,__system__,-,1024889236,7868003610,0,0,0,-1,-
4924609747328977,3128855,qlever-server-d,S,936,1591,25279315500,30777902,1912,1,futex_do_wait
4924609747328977,3128859,qlever-server-d,S,0,0,3235503,3205591,29,14,futex_do_wait
4924609747328977,3129400,qlever-server-d,S,1333,10,13443494444,219186516,560,14,futex_do_wait
4924609747328977,3129401,qlever-server-d,S,1331,10,13417332901,226554218,489,4,futex_do_wait
4924609747328977,3129402,qlever-server-d,S,1332,14,13466764235,187458491,1068,15,futex_do_wait
4924609747328977,3129403,qlever-server-d,S,1336,13,13497126860,163575458,644,10,futex_do_wait
4924609747328977,3129404,qlever-server-d,S,1345,11,13571305558,78265165,599,3,futex_do_wait
4924609747328977,3129405,qlever-server-d,S,1345,10,13560163462,92373801,604,0,futex_do_wait
4924609747328977,3129406,qlever-server-d,S,1335,11,13472474169,178772485,618,6,futex_do_wait
4924609747328977,3129407,qlever-server-d,S,1334,10,13449390390,212171940,542,11,futex_do_wait
4924609747328977,3129408,qlever-server-d,S,0,0,15360,0,1,13,futex_do_wait
4924609747328977,3129409,qlever-server-d,S,0,0,193821,0,6,12,ep_poll
4924609747328977,3129410,qlever-server-d,S,0,0,479780,20000,11,3,futex_do_wait
4924609747328977,3129411,qlever-server-d,S,1,15,174327228,375336606,1524,7,futex_do_wait
4924609747328977,3129412,qlever-server-d,S,0,16,170041231,362824013,1418,5,futex_do_wait
4924609747328977,3129413,qlever-server-d,S,0,15,163326440,390753477,1499,7,futex_do_wait
4924609747328977,3129414,qlever-server-d,S,0,22,232064886,387388934,1696,5,futex_do_wait
4924609747328977,3129415,qlever-server-d,S,0,14,155843798,370403632,1559,7,futex_do_wait
4924609747328977,3129416,qlever-server-d,S,0,13,146537242,365627421,1394,5,futex_do_wait
4924609747328977,3129417,qlever-server-d,S,1,17,189316837,399838545,1555,14,futex_do_wait
4924609747328977,3129418,qlever-server-d,S,0,19,205085331,350337834,1439,2,ep_poll
4924609747328977,0,__system__,-,1024889248,7868003641,0,0,0,-1,-
4924609767328768,3128855,qlever-server-d,S,936,1591,25279315500,30777902,1912,1,futex_do_wait
4924609767328768,3128859,qlever-server-d,S,0,0,3235503,3205591,29,14,futex_do_wait
4924609767328768,3129400,qlever-server-d,S,1333,10,13443494444,219186516,560,14,futex_do_wait
4924609767328768,3129401,qlever-server-d,S,1331,10,13417332901,226554218,489,4,futex_do_wait
4924609767328768,3129402,qlever-server-d,S,1332,14,13466764235,187458491,1068,15,futex_do_wait
4924609767328768,3129403,qlever-server-d,S,1336,13,13497126860,163575458,644,10,futex_do_wait
4924609767328768,3129404,qlever-server-d,S,1345,11,13571305558,78265165,599,3,futex_do_wait
4924609767328768,3129405,qlever-server-d,S,1345,10,13560163462,92373801,604,0,futex_do_wait
4924609767328768,3129406,qlever-server-d,S,1335,11,13472474169,178772485,618,6,futex_do_wait
4924609767328768,3129407,qlever-server-d,S,1334,10,13449390390,212171940,542,11,futex_do_wait
4924609767328768,3129408,qlever-server-d,S,0,0,15360,0,1,13,futex_do_wait
4924609767328768,3129409,qlever-server-d,S,0,0,193821,0,6,12,ep_poll
4924609767328768,3129410,qlever-server-d,S,0,0,479780,20000,11,3,futex_do_wait
4924609767328768,3129411,qlever-server-d,S,1,15,174327228,375336606,1524,7,futex_do_wait
4924609767328768,3129412,qlever-server-d,S,0,16,170041231,362824013,1418,5,futex_do_wait
4924609767328768,3129413,qlever-server-d,S,0,15,163326440,390753477,1499,7,futex_do_wait
4924609767328768,3129414,qlever-server-d,S,0,22,232064886,387388934,1696,5,futex_do_wait
4924609767328768,3129415,qlever-server-d,S,0,14,155843798,370403632,1559,7,futex_do_wait
4924609767328768,3129416,qlever-server-d,S,0,13,146537242,365627421,1394,5,futex_do_wait
4924609767328768,3129417,qlever-server-d,S,1,17,189316837,399838545,1555,14,futex_do_wait
4924609767328768,3129418,qlever-server-d,S,0,19,205085331,350337834,1439,2,ep_poll
4924609767328768,0,__system__,-,1024889260,7868003673,0,0,0,-1,-
4924609787338328,3128855,qlever-server-d,S,936,1591,25279315500,30777902,1912,1,futex_do_wait
4924609787338328,3128859,qlever-server-d,S,0,0,3235503,3205591,29,14,futex_do_wait
4924609787338328,3129400,qlever-server-d,S,1333,10,13443494444,219186516,560,14,futex_do_wait
4924609787338328,3129401,qlever-server-d,S,1331,10,13417332901,226554218,489,4,futex_do_wait
4924609787338328,3129402,qlever-server-d,S,1332,14,13466764235,187458491,1068,15,futex_do_wait
4924609787338328,3129403,qlever-server-d,S,1336,13,13497126860,163575458,644,10,futex_do_wait
4924609787338328,3129404,qlever-server-d,S,1345,11,13571305558,78265165,599,3,futex_do_wait
4924609787338328,3129405,qlever-server-d,S,1345,10,13560163462,92373801,604,0,futex_do_wait
4924609787338328,3129406,qlever-server-d,S,1335,11,13472474169,178772485,618,6,futex_do_wait
4924609787338328,3129407,qlever-server-d,S,1334,10,13449390390,212171940,542,11,futex_do_wait
4924609787338328,3129408,qlever-server-d,S,0,0,15360,0,1,13,futex_do_wait
4924609787338328,3129409,qlever-server-d,S,0,0,193821,0,6,12,ep_poll
4924609787338328,3129410,qlever-server-d,S,0,0,479780,20000,11,3,futex_do_wait
4924609787338328,3129411,qlever-server-d,S,1,15,174327228,375336606,1524,7,futex_do_wait
4924609787338328,3129412,qlever-server-d,S,0,16,170041231,362824013,1418,5,futex_do_wait
4924609787338328,3129413,qlever-server-d,S,0,15,163326440,390753477,1499,7,futex_do_wait
4924609787338328,3129414,qlever-server-d,S,0,22,232064886,387388934,1696,5,futex_do_wait
4924609787338328,3129415,qlever-server-d,S,0,14,155843798,370403632,1559,7,futex_do_wait
4924609787338328,3129416,qlever-server-d,S,0,13,146537242,365627421,1394,5,futex_do_wait
4924609787338328,3129417,qlever-server-d,S,1,17,189316837,399838545,1555,14,futex_do_wait
4924609787338328,3129418,qlever-server-d,S,0,19,205085331,350337834,1439,2,ep_poll
4924609787338328,0,__system__,-,1024889272,7868003704,0,0,0,-1,-
4924609807366799,3128855,qlever-server-d,S,936,1591,25279315500,30777902,1912,1,futex_do_wait
4924609807366799,3128859,qlever-server-d,S,0,0,3235503,3205591,29,14,futex_do_wait
4924609807366799,3129400,qlever-server-d,S,1333,10,13443494444,219186516,560,14,futex_do_wait
4924609807366799,3129401,qlever-server-d,S,1331,10,13417332901,226554218,489,4,futex_do_wait
4924609807366799,3129402,qlever-server-d,S,1332,14,13466764235,187458491,1068,15,futex_do_wait
4924609807366799,3129403,qlever-server-d,S,1336,13,13497126860,163575458,644,10,futex_do_wait
4924609807366799,3129404,qlever-server-d,S,1345,11,13571305558,78265165,599,3,futex_do_wait
4924609807366799,3129405,qlever-server-d,S,1345,10,13560163462,92373801,604,0,futex_do_wait
4924609807366799,3129406,qlever-server-d,S,1335,11,13472474169,178772485,618,6,futex_do_wait
4924609807366799,3129407,qlever-server-d,S,1334,10,13449390390,212171940,542,11,futex_do_wait
4924609807366799,3129408,qlever-server-d,S,0,0,15360,0,1,13,futex_do_wait
4924609807366799,3129409,qlever-server-d,S,0,0,193821,0,6,12,ep_poll
4924609807366799,3129410,qlever-server-d,S,0,0,479780,20000,11,3,futex_do_wait
4924609807366799,3129411,qlever-server-d,S,1,15,174327228,375336606,1524,7,futex_do_wait
4924609807366799,3129412,qlever-server-d,S,0,16,170041231,362824013,1418,5,futex_do_wait
4924609807366799,3129413,qlever-server-d,S,0,15,163326440,390753477,1499,7,futex_do_wait
4924609807366799,3129414,qlever-server-d,S,0,22,232064886,387388934,1696,5,futex_do_wait
4924609807366799,3129415,qlever-server-d,S,0,14,155843798,370403632,1559,7,futex_do_wait
4924609807366799,3129416,qlever-server-d,S,0,13,146537242,365627421,1394,5,futex_do_wait
4924609807366799,3129417,qlever-server-d,S,1,17,189316837,399838545,1555,14,futex_do_wait
4924609807366799,3129418,qlever-server-d,S,0,19,205085331,350337834,1439,2,ep_poll
4924609807366799,0,__system__,-,1024889287,7868003736,0,0,0,-1,-
4924609827335500,3128855,qlever-server-d,S,936,1591,25279315500,30777902,1912,1,futex_do_wait
4924609827335500,3128859,qlever-server-d,S,0,0,3235503,3205591,29,14,futex_do_wait
4924609827335500,3129400,qlever-server-d,S,1333,10,13443494444,219186516,560,14,futex_do_wait
4924609827335500,3129401,qlever-server-d,S,1331,10,13417332901,226554218,489,4,futex_do_wait
4924609827335500,3129402,qlever-server-d,S,1332,14,13466764235,187458491,1068,15,futex_do_wait
4924609827335500,3129403,qlever-server-d,S,1336,13,13497126860,163575458,644,10,futex_do_wait
4924609827335500,3129404,qlever-server-d,S,1345,11,13571305558,78265165,599,3,futex_do_wait
4924609827335500,3129405,qlever-server-d,S,1345,10,13560163462,92373801,604,0,futex_do_wait
4924609827335500,3129406,qlever-server-d,S,1335,11,13472474169,178772485,618,6,futex_do_wait
4924609827335500,3129407,qlever-server-d,S,1334,10,13449390390,212171940,542,11,futex_do_wait
4924609827335500,3129408,qlever-server-d,S,0,0,15360,0,1,13,futex_do_wait
4924609827335500,3129409,qlever-server-d,S,0,0,193821,0,6,12,ep_poll
4924609827335500,3129410,qlever-server-d,S,0,0,479780,20000,11,3,futex_do_wait
4924609827335500,3129411,qlever-server-d,S,1,15,174327228,375336606,1524,7,futex_do_wait
4924609827335500,3129412,qlever-server-d,S,0,16,170041231,362824013,1418,5,futex_do_wait
4924609827335500,3129413,qlever-server-d,S,0,15,163326440,390753477,1499,7,futex_do_wait
4924609827335500,3129414,qlever-server-d,S,0,22,232064886,387388934,1696,5,futex_do_wait
4924609827335500,3129415,qlever-server-d,S,0,14,155843798,370403632,1559,7,futex_do_wait
4924609827335500,3129416,qlever-server-d,S,0,13,146537242,365627421,1394,5,futex_do_wait
4924609827335500,3129417,qlever-server-d,S,1,17,189316837,399838545,1555,14,futex_do_wait
4924609827335500,3129418,qlever-server-d,S,0,19,205085331,350337834,1439,2,ep_poll
4924609827335500,0,__system__,-,1024889299,7868003767,0,0,0,-1,-
4924609847334121,3128855,qlever-server-d,S,936,1591,25279315500,30777902,1912,1,futex_do_wait
4924609847334121,3128859,qlever-server-d,S,0,0,3235503,3205591,29,14,futex_do_wait
4924609847334121,3129400,qlever-server-d,S,1333,10,13443494444,219186516,560,14,futex_do_wait
4924609847334121,3129401,qlever-server-d,S,1331,10,13417332901,226554218,489,4,futex_do_wait
4924609847334121,3129402,qlever-server-d,S,1332,14,13466764235,187458491,1068,15,futex_do_wait
4924609847334121,3129403,qlever-server-d,S,1336,13,13497126860,163575458,644,10,futex_do_wait
4924609847334121,3129404,qlever-server-d,S,1345,11,13571305558,78265165,599,3,futex_do_wait
4924609847334121,3129405,qlever-server-d,S,1345,10,13560163462,92373801,604,0,futex_do_wait
4924609847334121,3129406,qlever-server-d,S,1335,11,13472474169,178772485,618,6,futex_do_wait
4924609847334121,3129407,qlever-server-d,S,1334,10,13449390390,212171940,542,11,futex_do_wait
4924609847334121,3129408,qlever-server-d,S,0,0,15360,0,1,13,futex_do_wait
4924609847334121,3129409,qlever-server-d,S,0,0,193821,0,6,12,ep_poll
4924609847334121,3129410,qlever-server-d,S,0,0,479780,20000,11,3,futex_do_wait
4924609847334121,3129411,qlever-server-d,S,1,15,174327228,375336606,1524,7,futex_do_wait
4924609847334121,3129412,qlever-server-d,S,0,16,170041231,362824013,1418,5,futex_do_wait
4924609847334121,3129413,qlever-server-d,S,0,15,163326440,390753477,1499,7,futex_do_wait
4924609847334121,3129414,qlever-server-d,S,0,22,232064886,387388934,1696,5,futex_do_wait
4924609847334121,3129415,qlever-server-d,S,0,14,155843798,370403632,1559,7,futex_do_wait
4924609847334121,3129416,qlever-server-d,S,0,13,146537242,365627421,1394,5,futex_do_wait
4924609847334121,3129417,qlever-server-d,S,1,17,189316837,399838545,1555,14,futex_do_wait
4924609847334121,3129418,qlever-server-d,S,0,19,205085331,350337834,1439,2,ep_poll
4924609847334121,0,__system__,-,1024889310,7868003799,0,0,0,-1,-
4924609867333782,3128855,qlever-server-d,S,936,1591,25279315500,30777902,1912,1,futex_do_wait
4924609867333782,3128859,qlever-server-d,S,0,0,3235503,3205591,29,14,futex_do_wait
4924609867333782,3129400,qlever-server-d,S,1333,10,13443494444,219186516,560,14,futex_do_wait
4924609867333782,3129401,qlever-server-d,S,1331,10,13417332901,226554218,489,4,futex_do_wait
4924609867333782,3129402,qlever-server-d,S,1332,14,13466764235,187458491,1068,15,futex_do_wait
4924609867333782,3129403,qlever-server-d,S,1336,13,13497126860,163575458,644,10,futex_do_wait
4924609867333782,3129404,qlever-server-d,S,1345,11,13571305558,78265165,599,3,futex_do_wait
4924609867333782,3129405,qlever-server-d,S,1345,10,13560163462,92373801,604,0,futex_do_wait
4924609867333782,3129406,qlever-server-d,S,1335,11,13472474169,178772485,618,6,futex_do_wait
4924609867333782,3129407,qlever-server-d,S,1334,10,13449390390,212171940,542,11,futex_do_wait
4924609867333782,3129408,qlever-server-d,S,0,0,15360,0,1,13,futex_do_wait
4924609867333782,3129409,qlever-server-d,S,0,0,193821,0,6,12,ep_poll
4924609867333782,3129410,qlever-server-d,S,0,0,479780,20000,11,3,futex_do_wait
4924609867333782,3129411,qlever-server-d,S,1,15,174327228,375336606,1524,7,futex_do_wait
4924609867333782,3129412,qlever-server-d,S,0,16,170041231,362824013,1418,5,futex_do_wait
4924609867333782,3129413,qlever-server-d,S,0,15,163326440,390753477,1499,7,futex_do_wait
4924609867333782,3129414,qlever-server-d,S,0,22,232064886,387388934,1696,5,futex_do_wait
4924609867333782,3129415,qlever-server-d,S,0,14,155843798,370403632,1559,7,futex_do_wait
4924609867333782,3129416,qlever-server-d,S,0,13,146537242,365627421,1394,5,futex_do_wait
4924609867333782,3129417,qlever-server-d,S,1,17,189316837,399838545,1555,14,futex_do_wait
4924609867333782,3129418,qlever-server-d,S,0,19,205085331,350337834,1439,2,ep_poll
4924609867333782,0,__system__,-,1024889322,7868003833,0,0,0,-1,-
4924609887334173,3128855,qlever-server-d,S,936,1591,25279315500,30777902,1912,1,futex_do_wait
4924609887334173,3128859,qlever-server-d,S,0,0,3235503,3205591,29,14,futex_do_wait
4924609887334173,3129400,qlever-server-d,S,1333,10,13443494444,219186516,560,14,futex_do_wait
4924609887334173,3129401,qlever-server-d,S,1331,10,13417332901,226554218,489,4,futex_do_wait
4924609887334173,3129402,qlever-server-d,S,1332,14,13466764235,187458491,1068,15,futex_do_wait
4924609887334173,3129403,qlever-server-d,S,1336,13,13497126860,163575458,644,10,futex_do_wait
4924609887334173,3129404,qlever-server-d,S,1345,11,13571305558,78265165,599,3,futex_do_wait
4924609887334173,3129405,qlever-server-d,S,1345,10,13560163462,92373801,604,0,futex_do_wait
4924609887334173,3129406,qlever-server-d,S,1335,11,13472474169,178772485,618,6,futex_do_wait
4924609887334173,3129407,qlever-server-d,S,1334,10,13449390390,212171940,542,11,futex_do_wait
4924609887334173,3129408,qlever-server-d,S,0,0,15360,0,1,13,futex_do_wait
4924609887334173,3129409,qlever-server-d,S,0,0,193821,0,6,12,ep_poll
4924609887334173,3129410,qlever-server-d,S,0,0,479780,20000,11,3,futex_do_wait
4924609887334173,3129411,qlever-server-d,S,1,15,174327228,375336606,1524,7,futex_do_wait
4924609887334173,3129412,qlever-server-d,S,0,16,170041231,362824013,1418,5,futex_do_wait
4924609887334173,3129413,qlever-server-d,S,0,15,163326440,390753477,1499,7,futex_do_wait
4924609887334173,3129414,qlever-server-d,S,0,22,232064886,387388934,1696,5,futex_do_wait
4924609887334173,3129415,qlever-server-d,S,0,14,155843798,370403632,1559,7,futex_do_wait
4924609887334173,3129416,qlever-server-d,S,0,13,146537242,365627421,1394,5,futex_do_wait
4924609887334173,3129417,qlever-server-d,S,1,17,189316837,399838545,1555,14,futex_do_wait
4924609887334173,3129418,qlever-server-d,S,0,19,205085331,350337834,1439,2,ep_poll
4924609887334173,0,__system__,-,1024889332,7868003864,0,0,0,-1,-
4924609907357954,3128855,qlever-server-d,S,936,1591,25279315500,30777902,1912,1,futex_do_wait
4924609907357954,3128859,qlever-server-d,S,0,0,3235503,3205591,29,14,futex_do_wait
4924609907357954,3129400,qlever-server-d,S,1333,10,13443494444,219186516,560,14,futex_do_wait
4924609907357954,3129401,qlever-server-d,S,1331,10,13417332901,226554218,489,4,futex_do_wait
4924609907357954,3129402,qlever-server-d,S,1332,14,13466764235,187458491,1068,15,futex_do_wait
4924609907357954,3129403,qlever-server-d,S,1336,13,13497126860,163575458,644,10,futex_do_wait
4924609907357954,3129404,qlever-server-d,S,1345,11,13571305558,78265165,599,3,futex_do_wait
4924609907357954,3129405,qlever-server-d,S,1345,10,13560163462,92373801,604,0,futex_do_wait
4924609907357954,3129406,qlever-server-d,S,1335,11,13472474169,178772485,618,6,futex_do_wait
4924609907357954,3129407,qlever-server-d,S,1334,10,13449390390,212171940,542,11,futex_do_wait
4924609907357954,3129408,qlever-server-d,S,0,0,15360,0,1,13,futex_do_wait
4924609907357954,3129409,qlever-server-d,S,0,0,193821,0,6,12,ep_poll
4924609907357954,3129410,qlever-server-d,S,0,0,479780,20000,11,3,futex_do_wait
4924609907357954,3129411,qlever-server-d,S,1,15,174327228,375336606,1524,7,futex_do_wait
4924609907357954,3129412,qlever-server-d,S,0,16,170041231,362824013,1418,5,futex_do_wait
4924609907357954,3129413,qlever-server-d,S,0,15,163326440,390753477,1499,7,futex_do_wait
4924609907357954,3129414,qlever-server-d,S,0,22,232064886,387388934,1696,5,futex_do_wait
4924609907357954,3129415,qlever-server-d,S,0,14,155843798,370403632,1559,7,futex_do_wait
4924609907357954,3129416,qlever-server-d,S,0,13,146537242,365627421,1394,5,futex_do_wait
4924609907357954,3129417,qlever-server-d,S,1,17,189316837,399838545,1555,14,futex_do_wait
4924609907357954,3129418,qlever-server-d,S,0,19,205085331,350337834,1439,2,ep_poll
4924609907357954,0,__system__,-,1024889341,7868003895,0,0,0,-1,-
4924609927344315,3128855,qlever-server-d,S,936,1591,25279315500,30777902,1912,1,futex_do_wait
4924609927344315,3128859,qlever-server-d,S,0,0,3235503,3205591,29,14,futex_do_wait
4924609927344315,3129400,qlever-server-d,S,1333,10,13443494444,219186516,560,14,futex_do_wait
4924609927344315,3129401,qlever-server-d,S,1331,10,13417332901,226554218,489,4,futex_do_wait
4924609927344315,3129402,qlever-server-d,S,1332,14,13466764235,187458491,1068,15,futex_do_wait
4924609927344315,3129403,qlever-server-d,S,1336,13,13497126860,163575458,644,10,futex_do_wait
4924609927344315,3129404,qlever-server-d,S,1345,11,13571305558,78265165,599,3,futex_do_wait
4924609927344315,3129405,qlever-server-d,S,1345,10,13560163462,92373801,604,0,futex_do_wait
4924609927344315,3129406,qlever-server-d,S,1335,11,13472474169,178772485,618,6,futex_do_wait
4924609927344315,3129407,qlever-server-d,S,1334,10,13449390390,212171940,542,11,futex_do_wait
4924609927344315,3129408,qlever-server-d,S,0,0,15360,0,1,13,futex_do_wait
4924609927344315,3129409,qlever-server-d,S,0,0,193821,0,6,12,ep_poll
4924609927344315,3129410,qlever-server-d,S,0,0,479780,20000,11,3,futex_do_wait
4924609927344315,3129411,qlever-server-d,S,1,15,174327228,375336606,1524,7,futex_do_wait
4924609927344315,3129412,qlever-server-d,S,0,16,170041231,362824013,1418,5,futex_do_wait
4924609927344315,3129413,qlever-server-d,S,0,15,163326440,390753477,1499,7,futex_do_wait
4924609927344315,3129414,qlever-server-d,S,0,22,232064886,387388934,1696,5,futex_do_wait
4924609927344315,3129415,qlever-server-d,S,0,14,155843798,370403632,1559,7,futex_do_wait
4924609927344315,3129416,qlever-server-d,S,0,13,146537242,365627421,1394,5,futex_do_wait
4924609927344315,3129417,qlever-server-d,S,1,17,189316837,399838545,1555,14,futex_do_wait
4924609927344315,3129418,qlever-server-d,S,0,19,205085331,350337834,1439,2,ep_poll
4924609927344315,0,__system__,-,1024889354,7868003928,0,0,0,-1,-
4924609947319097,3128855,qlever-server-d,S,936,1591,25279315500,30777902,1912,1,futex_do_wait
4924609947319097,3128859,qlever-server-d,S,0,0,3235503,3205591,29,14,futex_do_wait
4924609947319097,3129400,qlever-server-d,S,1333,10,13443494444,219186516,560,14,futex_do_wait
4924609947319097,3129401,qlever-server-d,S,1331,10,13417332901,226554218,489,4,futex_do_wait
4924609947319097,3129402,qlever-server-d,S,1332,14,13466764235,187458491,1068,15,futex_do_wait
4924609947319097,3129403,qlever-server-d,S,1336,13,13497126860,163575458,644,10,futex_do_wait
4924609947319097,3129404,qlever-server-d,S,1345,11,13571305558,78265165,599,3,futex_do_wait
4924609947319097,3129405,qlever-server-d,S,1345,10,13560163462,92373801,604,0,futex_do_wait
4924609947319097,3129406,qlever-server-d,S,1335,11,13472474169,178772485,618,6,futex_do_wait
4924609947319097,3129407,qlever-server-d,S,1334,10,13449390390,212171940,542,11,futex_do_wait
4924609947319097,3129408,qlever-server-d,S,0,0,15360,0,1,13,futex_do_wait
4924609947319097,3129409,qlever-server-d,S,0,0,193821,0,6,12,ep_poll
4924609947319097,3129410,qlever-server-d,S,0,0,479780,20000,11,3,futex_do_wait
4924609947319097,3129411,qlever-server-d,S,1,15,174327228,375336606,1524,7,futex_do_wait
4924609947319097,3129412,qlever-server-d,S,0,16,170041231,362824013,1418,5,futex_do_wait
4924609947319097,3129413,qlever-server-d,S,0,15,163326440,390753477,1499,7,futex_do_wait
4924609947319097,3129414,qlever-server-d,S,0,22,232064886,387388934,1696,5,futex_do_wait
4924609947319097,3129415,qlever-server-d,S,0,14,155843798,370403632,1559,7,futex_do_wait
4924609947319097,3129416,qlever-server-d,S,0,13,146537242,365627421,1394,5,futex_do_wait
4924609947319097,3129417,qlever-server-d,S,1,17,189316837,399838545,1555,14,futex_do_wait
4924609947319097,3129418,qlever-server-d,S,0,19,205085331,350337834,1439,2,ep_poll
4924609947319097,0,__system__,-,1024889365,7868003959,0,0,0,-1,-
4924609967337517,3128855,qlever-server-d,S,936,1591,25279315500,30777902,1912,1,futex_do_wait
4924609967337517,3128859,qlever-server-d,S,0,0,3235503,3205591,29,14,futex_do_wait
4924609967337517,3129400,qlever-server-d,S,1333,10,13443494444,219186516,560,14,futex_do_wait
4924609967337517,3129401,qlever-server-d,S,1331,10,13417332901,226554218,489,4,futex_do_wait
4924609967337517,3129402,qlever-server-d,S,1332,14,13466764235,187458491,1068,15,futex_do_wait
4924609967337517,3129403,qlever-server-d,S,1336,13,13497126860,163575458,644,10,futex_do_wait
4924609967337517,3129404,qlever-server-d,S,1345,11,13571305558,78265165,599,3,futex_do_wait
4924609967337517,3129405,qlever-server-d,S,1345,10,13560163462,92373801,604,0,futex_do_wait
4924609967337517,3129406,qlever-server-d,S,1335,11,13472474169,178772485,618,6,futex_do_wait
4924609967337517,3129407,qlever-server-d,S,1334,10,13449390390,212171940,542,11,futex_do_wait
4924609967337517,3129408,qlever-server-d,S,0,0,15360,0,1,13,futex_do_wait
4924609967337517,3129409,qlever-server-d,S,0,0,193821,0,6,12,ep_poll
4924609967337517,3129410,qlever-server-d,S,0,0,479780,20000,11,3,futex_do_wait
4924609967337517,3129411,qlever-server-d,S,1,15,174327228,375336606,1524,7,futex_do_wait
4924609967337517,3129412,qlever-server-d,S,0,16,170041231,362824013,1418,5,futex_do_wait
4924609967337517,3129413,qlever-server-d,S,0,15,163326440,390753477,1499,7,futex_do_wait
4924609967337517,3129414,qlever-server-d,S,0,22,232064886,387388934,1696,5,futex_do_wait
4924609967337517,3129415,qlever-server-d,S,0,14,155843798,370403632,1559,7,futex_do_wait
4924609967337517,3129416,qlever-server-d,S,0,13,146537242,365627421,1394,5,futex_do_wait
4924609967337517,3129417,qlever-server-d,S,1,17,189316837,399838545,1555,14,futex_do_wait
4924609967337517,3129418,qlever-server-d,S,0,19,205085331,350337834,1439,2,ep_poll
4924609967337517,0,__system__,-,1024889374,7868003990,0,0,0,-1,-
4924609987337348,3128855,qlever-server-d,S,936,1591,25279315500,30777902,1912,1,futex_do_wait
4924609987337348,3128859,qlever-server-d,S,0,0,3235503,3205591,29,14,futex_do_wait
4924609987337348,3129400,qlever-server-d,S,1333,10,13443494444,219186516,560,14,futex_do_wait
4924609987337348,3129401,qlever-server-d,S,1331,10,13417332901,226554218,489,4,futex_do_wait
4924609987337348,3129402,qlever-server-d,S,1332,14,13466764235,187458491,1068,15,futex_do_wait
4924609987337348,3129403,qlever-server-d,S,1336,13,13497126860,163575458,644,10,futex_do_wait
4924609987337348,3129404,qlever-server-d,S,1345,11,13571305558,78265165,599,3,futex_do_wait
4924609987337348,3129405,qlever-server-d,S,1345,10,13560163462,92373801,604,0,futex_do_wait
4924609987337348,3129406,qlever-server-d,S,1335,11,13472474169,178772485,618,6,futex_do_wait
4924609987337348,3129407,qlever-server-d,S,1334,10,13449390390,212171940,542,11,futex_do_wait
4924609987337348,3129408,qlever-server-d,S,0,0,15360,0,1,13,futex_do_wait
4924609987337348,3129409,qlever-server-d,S,0,0,193821,0,6,12,ep_poll
4924609987337348,3129410,qlever-server-d,S,0,0,479780,20000,11,3,futex_do_wait
4924609987337348,3129411,qlever-server-d,S,1,15,174327228,375336606,1524,7,futex_do_wait
4924609987337348,3129412,qlever-server-d,S,0,16,170041231,362824013,1418,5,futex_do_wait
4924609987337348,3129413,qlever-server-d,S,0,15,163326440,390753477,1499,7,futex_do_wait
4924609987337348,3129414,qlever-server-d,S,0,22,232064886,387388934,1696,5,futex_do_wait
4924609987337348,3129415,qlever-server-d,S,0,14,155843798,370403632,1559,7,futex_do_wait
4924609987337348,3129416,qlever-server-d,S,0,13,146537242,365627421,1394,5,futex_do_wait
4924609987337348,3129417,qlever-server-d,S,1,17,189316837,399838545,1555,14,futex_do_wait
4924609987337348,3129418,qlever-server-d,S,0,19,205085331,350337834,1439,2,ep_poll
4924609987337348,0,__system__,-,1024889385,7868004022,0,0,0,-1,-
4924610007327129,3128855,qlever-server-d,S,936,1591,25279315500,30777902,1912,1,futex_do_wait
4924610007327129,3128859,qlever-server-d,S,0,0,3235503,3205591,29,14,futex_do_wait
4924610007327129,3129400,qlever-server-d,S,1333,10,13443494444,219186516,560,14,futex_do_wait
4924610007327129,3129401,qlever-server-d,S,1331,10,13417332901,226554218,489,4,futex_do_wait
4924610007327129,3129402,qlever-server-d,S,1332,14,13466764235,187458491,1068,15,futex_do_wait
4924610007327129,3129403,qlever-server-d,S,1336,13,13497126860,163575458,644,10,futex_do_wait
4924610007327129,3129404,qlever-server-d,S,1345,11,13571305558,78265165,599,3,futex_do_wait
4924610007327129,3129405,qlever-server-d,S,1345,10,13560163462,92373801,604,0,futex_do_wait
4924610007327129,3129406,qlever-server-d,S,1335,11,13472474169,178772485,618,6,futex_do_wait
4924610007327129,3129407,qlever-server-d,S,1334,10,13449390390,212171940,542,11,futex_do_wait
4924610007327129,3129408,qlever-server-d,S,0,0,15360,0,1,13,futex_do_wait
4924610007327129,3129409,qlever-server-d,S,0,0,193821,0,6,12,ep_poll
4924610007327129,3129410,qlever-server-d,S,0,0,479780,20000,11,3,futex_do_wait
4924610007327129,3129411,qlever-server-d,S,1,15,174327228,375336606,1524,7,futex_do_wait
4924610007327129,3129412,qlever-server-d,S,0,16,170041231,362824013,1418,5,futex_do_wait
4924610007327129,3129413,qlever-server-d,S,0,15,163326440,390753477,1499,7,futex_do_wait
4924610007327129,3129414,qlever-server-d,S,0,22,232064886,387388934,1696,5,futex_do_wait
4924610007327129,3129415,qlever-server-d,S,0,14,155843798,370403632,1559,7,futex_do_wait
4924610007327129,3129416,qlever-server-d,S,0,13,146537242,365627421,1394,5,futex_do_wait
4924610007327129,3129417,qlever-server-d,S,1,17,189316837,399838545,1555,14,futex_do_wait
4924610007327129,3129418,qlever-server-d,S,0,19,205085331,350337834,1439,2,ep_poll
4924610007327129,0,__system__,-,1024889395,7868004054,0,0,0,-1,-
4924610027315320,3128855,qlever-server-d,S,936,1591,25279315500,30777902,1912,1,futex_do_wait
4924610027315320,3128859,qlever-server-d,S,0,0,3235503,3205591,29,14,futex_do_wait
4924610027315320,3129400,qlever-server-d,S,1333,10,13443494444,219186516,560,14,futex_do_wait
4924610027315320,3129401,qlever-server-d,S,1331,10,13417332901,226554218,489,4,futex_do_wait
4924610027315320,3129402,qlever-server-d,S,1332,14,13466764235,187458491,1068,15,futex_do_wait
4924610027315320,3129403,qlever-server-d,S,1336,13,13497126860,163575458,644,10,futex_do_wait
4924610027315320,3129404,qlever-server-d,S,1345,11,13571305558,78265165,599,3,futex_do_wait
4924610027315320,3129405,qlever-server-d,S,1345,10,13560163462,92373801,604,0,futex_do_wait
4924610027315320,3129406,qlever-server-d,S,1335,11,13472474169,178772485,618,6,futex_do_wait
4924610027315320,3129407,qlever-server-d,S,1334,10,13449390390,212171940,542,11,futex_do_wait
4924610027315320,3129408,qlever-server-d,S,0,0,15360,0,1,13,futex_do_wait
4924610027315320,3129409,qlever-server-d,S,0,0,193821,0,6,12,ep_poll
4924610027315320,3129410,qlever-server-d,S,0,0,479780,20000,11,3,futex_do_wait
4924610027315320,3129411,qlever-server-d,S,1,15,174327228,375336606,1524,7,futex_do_wait
4924610027315320,3129412,qlever-server-d,S,0,16,170041231,362824013,1418,5,futex_do_wait
4924610027315320,3129413,qlever-server-d,S,0,15,163326440,390753477,1499,7,futex_do_wait
4924610027315320,3129414,qlever-server-d,S,0,22,232064886,387388934,1696,5,futex_do_wait
4924610027315320,3129415,qlever-server-d,S,0,14,155843798,370403632,1559,7,futex_do_wait
4924610027315320,3129416,qlever-server-d,S,0,13,146537242,365627421,1394,5,futex_do_wait
4924610027315320,3129417,qlever-server-d,S,1,17,189316837,399838545,1555,14,futex_do_wait
4924610027315320,3129418,qlever-server-d,S,0,19,205085331,350337834,1439,2,ep_poll
4924610027315320,0,__system__,-,1024889406,7868004086,0,0,0,-1,-
4924610047304091,3128855,qlever-server-d,S,936,1591,25279315500,30777902,1912,1,futex_do_wait
4924610047304091,3128859,qlever-server-d,S,0,0,3235503,3205591,29,14,futex_do_wait
4924610047304091,3129400,qlever-server-d,S,1333,10,13443494444,219186516,560,14,futex_do_wait
4924610047304091,3129401,qlever-server-d,S,1331,10,13417332901,226554218,489,4,futex_do_wait
4924610047304091,3129402,qlever-server-d,S,1332,14,13466764235,187458491,1068,15,futex_do_wait
4924610047304091,3129403,qlever-server-d,S,1336,13,13497126860,163575458,644,10,futex_do_wait
4924610047304091,3129404,qlever-server-d,S,1345,11,13571305558,78265165,599,3,futex_do_wait
4924610047304091,3129405,qlever-server-d,S,1345,10,13560163462,92373801,604,0,futex_do_wait
4924610047304091,3129406,qlever-server-d,S,1335,11,13472474169,178772485,618,6,futex_do_wait
4924610047304091,3129407,qlever-server-d,S,1334,10,13449390390,212171940,542,11,futex_do_wait
4924610047304091,3129408,qlever-server-d,S,0,0,15360,0,1,13,futex_do_wait
4924610047304091,3129409,qlever-server-d,S,0,0,193821,0,6,12,ep_poll
4924610047304091,3129410,qlever-server-d,S,0,0,479780,20000,11,3,futex_do_wait
4924610047304091,3129411,qlever-server-d,S,1,15,174327228,375336606,1524,7,futex_do_wait
4924610047304091,3129412,qlever-server-d,S,0,16,170041231,362824013,1418,5,futex_do_wait
4924610047304091,3129413,qlever-server-d,S,0,15,163326440,390753477,1499,7,futex_do_wait
4924610047304091,3129414,qlever-server-d,S,0,22,232064886,387388934,1696,5,futex_do_wait
4924610047304091,3129415,qlever-server-d,S,0,14,155843798,370403632,1559,7,futex_do_wait
4924610047304091,3129416,qlever-server-d,S,0,13,146537242,365627421,1394,5,futex_do_wait
4924610047304091,3129417,qlever-server-d,S,1,17,189316837,399838545,1555,14,futex_do_wait
4924610047304091,3129418,qlever-server-d,S,0,19,205085331,350337834,1439,2,ep_poll
4924610047304091,0,__system__,-,1024889416,7868004117,0,0,0,-1,-
4924610067344562,3128855,qlever-server-d,S,936,1591,25279315500,30777902,1912,1,futex_do_wait
4924610067344562,3128859,qlever-server-d,S,0,0,3235503,3205591,29,14,futex_do_wait
4924610067344562,3129400,qlever-server-d,S,1333,10,13443494444,219186516,560,14,futex_do_wait
4924610067344562,3129401,qlever-server-d,S,1331,10,13417332901,226554218,489,4,futex_do_wait
4924610067344562,3129402,qlever-server-d,S,1332,14,13466764235,187458491,1068,15,futex_do_wait
4924610067344562,3129403,qlever-server-d,S,1336,13,13497126860,163575458,644,10,futex_do_wait
4924610067344562,3129404,qlever-server-d,S,1345,11,13571305558,78265165,599,3,futex_do_wait
4924610067344562,3129405,qlever-server-d,S,1345,10,13560163462,92373801,604,0,futex_do_wait
4924610067344562,3129406,qlever-server-d,S,1335,11,13472474169,178772485,618,6,futex_do_wait
4924610067344562,3129407,qlever-server-d,S,1334,10,13449390390,212171940,542,11,futex_do_wait
4924610067344562,3129408,qlever-server-d,S,0,0,15360,0,1,13,futex_do_wait
4924610067344562,3129409,qlever-server-d,S,0,0,193821,0,6,12,ep_poll
4924610067344562,3129410,qlever-server-d,S,0,0,479780,20000,11,3,futex_do_wait
4924610067344562,3129411,qlever-server-d,S,1,15,174327228,375336606,1524,7,futex_do_wait
4924610067344562,3129412,qlever-server-d,S,0,16,170041231,362824013,1418,5,futex_do_wait
4924610067344562,3129413,qlever-server-d,S,0,15,163326440,390753477,1499,7,futex_do_wait
4924610067344562,3129414,qlever-server-d,S,0,22,232064886,387388934,1696,5,futex_do_wait
4924610067344562,3129415,qlever-server-d,S,0,14,155843798,370403632,1559,7,futex_do_wait
4924610067344562,3129416,qlever-server-d,S,0,13,146537242,365627421,1394,5,futex_do_wait
4924610067344562,3129417,qlever-server-d,S,1,17,189316837,399838545,1555,14,futex_do_wait
4924610067344562,3129418,qlever-server-d,S,0,19,205085331,350337834,1439,2,ep_poll
4924610067344562,0,__system__,-,1024889428,7868004149,0,0,0,-1,-
4924610087333793,3128855,qlever-server-d,S,936,1591,25279315500,30777902,1912,1,futex_do_wait
4924610087333793,3128859,qlever-server-d,S,0,0,3235503,3205591,29,14,futex_do_wait
4924610087333793,3129400,qlever-server-d,S,1333,10,13443494444,219186516,560,14,futex_do_wait
4924610087333793,3129401,qlever-server-d,S,1331,10,13417332901,226554218,489,4,futex_do_wait
4924610087333793,3129402,qlever-server-d,S,1332,14,13466764235,187458491,1068,15,futex_do_wait
4924610087333793,3129403,qlever-server-d,S,1336,13,13497126860,163575458,644,10,futex_do_wait
4924610087333793,3129404,qlever-server-d,S,1345,11,13571305558,78265165,599,3,futex_do_wait
4924610087333793,3129405,qlever-server-d,S,1345,10,13560163462,92373801,604,0,futex_do_wait
4924610087333793,3129406,qlever-server-d,S,1335,11,13472474169,178772485,618,6,futex_do_wait
4924610087333793,3129407,qlever-server-d,S,1334,10,13449390390,212171940,542,11,futex_do_wait
4924610087333793,3129408,qlever-server-d,S,0,0,15360,0,1,13,futex_do_wait
4924610087333793,3129409,qlever-server-d,S,0,0,193821,0,6,12,ep_poll
4924610087333793,3129410,qlever-server-d,S,0,0,479780,20000,11,3,futex_do_wait
4924610087333793,3129411,qlever-server-d,S,1,15,174327228,375336606,1524,7,futex_do_wait
4924610087333793,3129412,qlever-server-d,S,0,16,170041231,362824013,1418,5,futex_do_wait
4924610087333793,3129413,qlever-server-d,S,0,15,163326440,390753477,1499,7,futex_do_wait
4924610087333793,3129414,qlever-server-d,S,0,22,232064886,387388934,1696,5,futex_do_wait
4924610087333793,3129415,qlever-server-d,S,0,14,155843798,370403632,1559,7,futex_do_wait
4924610087333793,3129416,qlever-server-d,S,0,13,146537242,365627421,1394,5,futex_do_wait
4924610087333793,3129417,qlever-server-d,S,1,17,189316837,399838545,1555,14,futex_do_wait
4924610087333793,3129418,qlever-server-d,S,0,19,205085331,350337834,1439,2,ep_poll
4924610087333793,0,__system__,-,1024889439,7868004181,0,0,0,-1,-
4924610107300774,3128855,qlever-server-d,S,936,1591,25279315500,30777902,1912,1,futex_do_wait
4924610107300774,3128859,qlever-server-d,S,0,0,3235503,3205591,29,14,futex_do_wait
4924610107300774,3129400,qlever-server-d,S,1333,10,13443494444,219186516,560,14,futex_do_wait
4924610107300774,3129401,qlever-server-d,S,1331,10,13417332901,226554218,489,4,futex_do_wait
4924610107300774,3129402,qlever-server-d,S,1332,14,13466764235,187458491,1068,15,futex_do_wait
4924610107300774,3129403,qlever-server-d,S,1336,13,13497126860,163575458,644,10,futex_do_wait
4924610107300774,3129404,qlever-server-d,S,1345,11,13571305558,78265165,599,3,futex_do_wait
4924610107300774,3129405,qlever-server-d,S,1345,10,13560163462,92373801,604,0,futex_do_wait
4924610107300774,3129406,qlever-server-d,S,1335,11,13472474169,178772485,618,6,futex_do_wait
4924610107300774,3129407,qlever-server-d,S,1334,10,13449390390,212171940,542,11,futex_do_wait
4924610107300774,3129408,qlever-server-d,S,0,0,15360,0,1,13,futex_do_wait
4924610107300774,3129409,qlever-server-d,S,0,0,193821,0,6,12,ep_poll
4924610107300774,3129410,qlever-server-d,S,0,0,479780,20000,11,3,futex_do_wait
4924610107300774,3129411,qlever-server-d,S,1,15,174327228,375336606,1524,7,futex_do_wait
4924610107300774,3129412,qlever-server-d,S,0,16,170041231,362824013,1418,5,futex_do_wait
4924610107300774,3129413,qlever-server-d,S,0,15,163326440,390753477,1499,7,futex_do_wait
4924610107300774,3129414,qlever-server-d,S,0,22,232064886,387388934,1696,5,futex_do_wait
4924610107300774,3129415,qlever-server-d,S,0,14,155843798,370403632,1559,7,futex_do_wait
4924610107300774,3129416,qlever-server-d,S,0,13,146537242,365627421,1394,5,futex_do_wait
4924610107300774,3129417,qlever-server-d,S,1,17,189316837,399838545,1555,14,futex_do_wait
4924610107300774,3129418,qlever-server-d,S,0,19,205085331,350337834,1439,2,ep_poll
4924610107300774,0,__system__,-,1024889450,7868004214,0,0,0,-1,-
4924610127323775,3128855,qlever-server-d,S,936,1591,25279315500,30777902,1912,1,futex_do_wait
4924610127323775,3128859,qlever-server-d,S,0,0,3235503,3205591,29,14,futex_do_wait
4924610127323775,3129400,qlever-server-d,S,1333,10,13443494444,219186516,560,14,futex_do_wait
4924610127323775,3129401,qlever-server-d,S,1331,10,13417332901,226554218,489,4,futex_do_wait
4924610127323775,3129402,qlever-server-d,S,1332,14,13466764235,187458491,1068,15,futex_do_wait
4924610127323775,3129403,qlever-server-d,S,1336,13,13497126860,163575458,644,10,futex_do_wait
4924610127323775,3129404,qlever-server-d,S,1345,11,13571305558,78265165,599,3,futex_do_wait
4924610127323775,3129405,qlever-server-d,S,1345,10,13560163462,92373801,604,0,futex_do_wait
4924610127323775,3129406,qlever-server-d,S,1335,11,13472474169,178772485,618,6,futex_do_wait
4924610127323775,3129407,qlever-server-d,S,1334,10,13449390390,212171940,542,11,futex_do_wait
4924610127323775,3129408,qlever-server-d,S,0,0,15360,0,1,13,futex_do_wait
4924610127323775,3129409,qlever-server-d,S,0,0,193821,0,6,12,ep_poll
4924610127323775,3129410,qlever-server-d,S,0,0,479780,20000,11,3,futex_do_wait
4924610127323775,3129411,qlever-server-d,S,1,15,174327228,375336606,1524,7,futex_do_wait
4924610127323775,3129412,qlever-server-d,S,0,16,170041231,362824013,1418,5,futex_do_wait
4924610127323775,3129413,qlever-server-d,S,0,15,163326440,390753477,1499,7,futex_do_wait
4924610127323775,3129414,qlever-server-d,S,0,22,232064886,387388934,1696,5,futex_do_wait
4924610127323775,3129415,qlever-server-d,S,0,14,155843798,370403632,1559,7,futex_do_wait
4924610127323775,3129416,qlever-server-d,S,0,13,146537242,365627421,1394,5,futex_do_wait
4924610127323775,3129417,qlever-server-d,S,1,17,189316837,399838545,1555,14,futex_do_wait
4924610127323775,3129418,qlever-server-d,S,0,19,205085331,350337834,1439,2,ep_poll
4924610127323775,0,__system__,-,1024889459,7868004244,0,0,0,-1,-
4924610147331066,3128855,qlever-server-d,S,936,1591,25279315500,30777902,1912,1,futex_do_wait
4924610147331066,3128859,qlever-server-d,S,0,0,3235503,3205591,29,14,futex_do_wait
4924610147331066,3129400,qlever-server-d,S,1333,10,13443494444,219186516,560,14,futex_do_wait
4924610147331066,3129401,qlever-server-d,S,1331,10,13417332901,226554218,489,4,futex_do_wait
4924610147331066,3129402,qlever-server-d,S,1332,14,13466764235,187458491,1068,15,futex_do_wait
4924610147331066,3129403,qlever-server-d,S,1336,13,13497126860,163575458,644,10,futex_do_wait
4924610147331066,3129404,qlever-server-d,S,1345,11,13571305558,78265165,599,3,futex_do_wait
4924610147331066,3129405,qlever-server-d,S,1345,10,13560163462,92373801,604,0,futex_do_wait
4924610147331066,3129406,qlever-server-d,S,1335,11,13472474169,178772485,618,6,futex_do_wait
4924610147331066,3129407,qlever-server-d,S,1334,10,13449390390,212171940,542,11,futex_do_wait
4924610147331066,3129408,qlever-server-d,S,0,0,15360,0,1,13,futex_do_wait
4924610147331066,3129409,qlever-server-d,S,0,0,193821,0,6,12,ep_poll
4924610147331066,3129410,qlever-server-d,S,0,0,479780,20000,11,3,futex_do_wait
4924610147331066,3129411,qlever-server-d,S,1,15,174327228,375336606,1524,7,futex_do_wait
4924610147331066,3129412,qlever-server-d,S,0,16,170041231,362824013,1418,5,futex_do_wait
4924610147331066,3129413,qlever-server-d,S,0,15,163326440,390753477,1499,7,futex_do_wait
4924610147331066,3129414,qlever-server-d,S,0,22,232064886,387388934,1696,5,futex_do_wait
4924610147331066,3129415,qlever-server-d,S,0,14,155843798,370403632,1559,7,futex_do_wait
4924610147331066,3129416,qlever-server-d,S,0,13,146537242,365627421,1394,5,futex_do_wait
4924610147331066,3129417,qlever-server-d,S,1,17,189316837,399838545,1555,14,futex_do_wait
4924610147331066,3129418,qlever-server-d,S,0,19,205085331,350337834,1439,2,ep_poll
4924610147331066,0,__system__,-,1024889470,7868004277,0,0,0,-1,-
4924610167330867,3128855,qlever-server-d,S,936,1591,25279315500,30777902,1912,1,futex_do_wait
4924610167330867,3128859,qlever-server-d,S,0,0,3235503,3205591,29,14,futex_do_wait
4924610167330867,3129400,qlever-server-d,S,1333,10,13443494444,219186516,560,14,futex_do_wait
4924610167330867,3129401,qlever-server-d,S,1331,10,13417332901,226554218,489,4,futex_do_wait
4924610167330867,3129402,qlever-server-d,S,1332,14,13466764235,187458491,1068,15,futex_do_wait
4924610167330867,3129403,qlever-server-d,S,1336,13,13497126860,163575458,644,10,futex_do_wait
4924610167330867,3129404,qlever-server-d,S,1345,11,13571305558,78265165,599,3,futex_do_wait
4924610167330867,3129405,qlever-server-d,S,1345,10,13560163462,92373801,604,0,futex_do_wait
4924610167330867,3129406,qlever-server-d,S,1335,11,13472474169,178772485,618,6,futex_do_wait
4924610167330867,3129407,qlever-server-d,S,1334,10,13449390390,212171940,542,11,futex_do_wait
4924610167330867,3129408,qlever-server-d,S,0,0,15360,0,1,13,futex_do_wait
4924610167330867,3129409,qlever-server-d,S,0,0,193821,0,6,12,ep_poll
4924610167330867,3129410,qlever-server-d,S,0,0,479780,20000,11,3,futex_do_wait
4924610167330867,3129411,qlever-server-d,S,1,15,174327228,375336606,1524,7,futex_do_wait
4924610167330867,3129412,qlever-server-d,S,0,16,170041231,362824013,1418,5,futex_do_wait
4924610167330867,3129413,qlever-server-d,S,0,15,163326440,390753477,1499,7,futex_do_wait
4924610167330867,3129414,qlever-server-d,S,0,22,232064886,387388934,1696,5,futex_do_wait
4924610167330867,3129415,qlever-server-d,S,0,14,155843798,370403632,1559,7,futex_do_wait
4924610167330867,3129416,qlever-server-d,S,0,13,146537242,365627421,1394,5,futex_do_wait
4924610167330867,3129417,qlever-server-d,S,1,17,189316837,399838545,1555,14,futex_do_wait
4924610167330867,3129418,qlever-server-d,S,0,19,205085331,350337834,1439,2,ep_poll
4924610167330867,0,__system__,-,1024889482,7868004309,0,0,0,-1,-
4924610187341648,3128855,qlever-server-d,S,936,1591,25279315500,30777902,1912,1,futex_do_wait
4924610187341648,3128859,qlever-server-d,S,0,0,3235503,3205591,29,14,futex_do_wait
4924610187341648,3129400,qlever-server-d,S,1333,10,13443494444,219186516,560,14,futex_do_wait
4924610187341648,3129401,qlever-server-d,S,1331,10,13417332901,226554218,489,4,futex_do_wait
4924610187341648,3129402,qlever-server-d,S,1332,14,13466764235,187458491,1068,15,futex_do_wait
4924610187341648,3129403,qlever-server-d,S,1336,13,13497126860,163575458,644,10,futex_do_wait
4924610187341648,3129404,qlever-server-d,S,1345,11,13571744538,78265165,600,9,futex_do_wait
4924610187341648,3129405,qlever-server-d,S,1345,10,13560163462,92373801,604,0,futex_do_wait
4924610187341648,3129406,qlever-server-d,S,1335,11,13472474169,178772485,618,6,futex_do_wait
4924610187341648,3129407,qlever-server-d,S,1334,10,13449390390,212171940,542,11,futex_do_wait
4924610187341648,3129408,qlever-server-d,S,0,0,15360,0,1,13,futex_do_wait
4924610187341648,3129409,qlever-server-d,S,0,0,193821,0,6,12,ep_poll
4924610187341648,3129410,qlever-server-d,S,0,0,575900,20000,12,9,futex_do_wait
4924610187341648,3129411,qlever-server-d,S,1,15,175010489,375336606,1526,14,futex_do_wait
4924610187341648,3129412,qlever-server-d,S,0,16,170119841,362824013,1420,6,futex_do_wait
4924610187341648,3129413,qlever-server-d,S,0,15,163407390,390753477,1501,15,futex_do_wait
4924610187341648,3129414,qlever-server-d,S,0,22,232121696,387388934,1697,13,ep_poll
4924610187341648,3129415,qlever-server-d,S,0,14,155942868,370411532,1561,14,futex_do_wait
4924610187341648,3129416,qlever-server-d,S,0,13,146828322,365627421,1397,5,futex_do_wait
4924610187341648,3129417,qlever-server-d,S,1,17,189388827,399838545,1556,4,futex_do_wait
4924610187341648,3129418,qlever-server-d,S,0,19,205325291,350366634,1443,5,futex_do_wait
4924610187341648,3130642,qlever-server-d,S,0,0,17840,0,1,7,futex_do_wait
4924610187341648,3130643,qlever-server-d,S,0,0,296250,7990,2,7,futex_do_wait
4924610187341648,3130644,qlever-server-d,R,0,0,3493292,0,1,6,0
4924610187341648,0,__system__,-,1024889496,7868004341,0,0,0,-1,-
4924610210076899,3128855,qlever-server-d,S,936,1591,25279315500,30777902,1912,1,futex_do_wait
4924610210076899,3128859,qlever-server-d,S,0,0,3235503,3205591,29,14,futex_do_wait
4924610210076899,3129400,qlever-server-d,R,1333,10,13447094136,219191916,562,14,0
4924610210076899,3129401,qlever-server-d,R,1331,10,13421001583,226554218,491,4,0
4924610210076899,3129402,qlever-server-d,R,1332,14,13470419327,187494011,1071,13,0
4924610210076899,3129403,qlever-server-d,R,1336,13,13501066273,163602948,647,3,0
4924610210076899,3129404,qlever-server-d,R,1345,12,13575906801,78265165,601,9,0
4924610210076899,3129405,qlever-server-d,R,1346,10,13563906484,92390231,607,0,0
4924610210076899,3129406,qlever-server-d,R,1335,12,13476391122,178822645,621,7,0
4924610210076899,3129407,qlever-server-d,R,1334,10,13453088332,212171940,544,1,0
4924610210076899,3129408,qlever-server-d,S,0,0,15360,0,1,13,futex_do_wait
4924610210076899,3129409,qlever-server-d,S,0,0,193821,0,6,12,ep_poll
4924610210076899,3129410,qlever-server-d,S,0,0,575900,20000,12,9,futex_do_wait
4924610210076899,3129411,qlever-server-d,S,1,15,175010489,375336606,1526,14,futex_do_wait
4924610210076899,3129412,qlever-server-d,S,0,16,170119841,362824013,1420,6,futex_do_wait
4924610210076899,3129413,qlever-server-d,S,0,15,163407390,390753477,1501,15,futex_do_wait
4924610210076899,3129414,qlever-server-d,S,0,22,232152706,388797424,1698,13,ep_poll
4924610210076899,3129415,qlever-server-d,S,0,14,155942868,370411532,1561,14,futex_do_wait
4924610210076899,3129416,qlever-server-d,S,0,13,146828322,365627421,1397,5,futex_do_wait
4924610210076899,3129417,qlever-server-d,S,1,17,189388827,399838545,1556,4,futex_do_wait
4924610210076899,3129418,qlever-server-d,S,0,19,205325291,350366634,1443,5,futex_do_wait
4924610210076899,3130642,qlever-server-d,S,0,0,17840,0,1,7,futex_do_wait
4924610210076899,3130643,qlever-server-d,S,0,0,447730,7990,4,14,futex_do_wait
4924610210076899,3130644,qlever-server-d,R,1,0,22089324,70300,13,6,0
4924610210076899,3130646,qlever-server-d,R,0,0,6976334,0,4,13,0
4924610210076899,3130647,qlever-server-d,S,0,0,5459753,2912822,21,9,futex_do_wait
4924610210076899,3130648,qlever-server-d,R,1,0,15361029,10000,11,5,0
4924610210076899,3130649,qlever-server-d,R,1,0,14529318,0,7,10,0
4924610210076899,0,__system__,-,1024889517,7868004376,0,0,0,-1,-
4924610227367580,3128855,qlever-server-d,S,936,1591,25279315500,30777902,1912,1,futex_do_wait
4924610227367580,3128859,qlever-server-d,S,0,0,3235503,3205591,29,14,futex_do_wait
4924610227367580,3129400,qlever-server-d,R,1334,11,13462309564,221257288,563,14,0
4924610227367580,3129401,qlever-server-d,R,1333,10,13438000853,226554218,491,4,0
4924610227367580,3129402,qlever-server-d,R,1333,14,13484975696,190524012,1079,13,0
4924610227367580,3129403,qlever-server-d,R,1338,13,13517661942,163626898,648,3,0
4924610227367580,3129404,qlever-server-d,R,1346,12,13589361369,81293236,609,9,0
4924610227367580,3129405,qlever-server-d,R,1347,10,13580759394,92447741,611,0,0
4924610227367580,3129406,qlever-server-d,R,1337,12,13493985411,178846555,622,7,0
4924610227367580,3129407,qlever-server-d,R,1336,10,13471074832,212171940,544,1,0
4924610227367580,3129408,qlever-server-d,S,0,0,15360,0,1,13,futex_do_wait
4924610227367580,3129409,qlever-server-d,S,0,0,193821,0,6,12,ep_poll
4924610227367580,3129410,qlever-server-d,S,0,0,575900,20000,12,9,futex_do_wait
4924610227367580,3129411,qlever-server-d,S,1,15,175010489,375336606,1526,14,futex_do_wait
4924610227367580,3129412,qlever-server-d,S,0,16,170119841,362824013,1420,6,futex_do_wait
4924610227367580,3129413,qlever-server-d,S,0,15,163407390,390753477,1501,15,futex_do_wait
4924610227367580,3129414,qlever-server-d,S,0,22,232152706,388797424,1698,13,ep_poll
4924610227367580,3129415,qlever-server-d,S,0,14,155942868,370411532,1561,14,futex_do_wait
4924610227367580,3129416,qlever-server-d,S,0,13,146828322,365627421,1397,5,futex_do_wait
4924610227367580,3129417,qlever-server-d,S,1,17,189388827,399838545,1556,4,futex_do_wait
4924610227367580,3129418,qlever-server-d,S,0,19,205325291,350366634,1443,5,futex_do_wait
4924610227367580,3130642,qlever-server-d,S,0,0,17840,0,1,7,futex_do_wait
4924610227367580,3130643,qlever-server-d,R,0,0,710840,2323661,7,12,0
4924610227367580,3130644,qlever-server-d,R,2,0,36250812,78010,17,12,0
4924610227367580,3130646,qlever-server-d,R,1,0,10017525,5077922,13,13,0
4924610227367580,3130647,qlever-server-d,R,0,0,8811585,3942292,30,9,futex_do_wait
4924610227367580,3130648,qlever-server-d,R,2,0,32152858,78820,18,5,0
4924610227367580,3130649,qlever-server-d,R,2,0,32655118,0,7,10,0
4924610227367580,0,__system__,-,1024889546,7868004405,0,0,0,-1,-
4924610247374041,3128855,qlever-server-d,S,936,1591,25279315500,30777902,1912,1,futex_do_wait
4924610247374041,3128859,qlever-server-d,S,0,0,3235503,3205591,29,14,futex_do_wait
4924610247374041,3129400,qlever-server-d,R,1336,11,13479385894,223891659,565,14,0
4924610247374041,3129401,qlever-server-d,R,1335,10,13458001894,226554218,491,4,0
4924610247374041,3129402,qlever-server-d,R,1335,14,13501781407,193091192,1087,13,0
4924610247374041,3129403,qlever-server-d,R,1340,13,13537664163,163626898,648,3,0
4924610247374041,3129404,qlever-server-d,R,1348,12,13606539828,84086748,617,9,0
4924610247374041,3129405,qlever-server-d,R,1349,10,13601747995,92460311,612,0,0
4924610247374041,3129406,qlever-server-d,R,1339,12,13513959602,178872785,623,7,0
4924610247374041,3129407,qlever-server-d,R,1338,10,13489573762,213673941,545,1,0
4924610247374041,3129408,qlever-server-d,S,0,0,15360,0,1,13,futex_do_wait
4924610247374041,3129409,qlever-server-d,S,0,0,193821,0,6,12,ep_poll
4924610247374041,3129410,qlever-server-d,S,0,0,575900,20000,12,9,futex_do_wait
4924610247374041,3129411,qlever-server-d,S,1,15,175010489,375336606,1526,14,futex_do_wait
4924610247374041,3129412,qlever-server-d,S,0,16,170119841,362824013,1420,6,futex_do_wait
4924610247374041,3129413,qlever-server-d,S,0,15,163407390,390753477,1501,15,futex_do_wait
4924610247374041,3129414,qlever-server-d,S,0,22,232152706,388797424,1698,13,ep_poll
4924610247374041,3129415,qlever-server-d,S,0,14,155942868,370411532,1561,14,futex_do_wait
4924610247374041,3129416,qlever-server-d,S,0,13,146828322,365627421,1397,5,futex_do_wait
4924610247374041,3129417,qlever-server-d,S,1,17,189388827,399838545,1556,4,futex_do_wait
4924610247374041,3129418,qlever-server-d,S,0,19,205325291,350366634,1443,5,futex_do_wait
4924610247374041,3130642,qlever-server-d,S,0,0,44070,375681,2,7,futex_do_wait
4924610247374041,3130643,qlever-server-d,S,0,0,857030,4459092,11,12,futex_do_wait
4924610247374041,3130644,qlever-server-d,S,4,0,52644201,2259271,27,5,0
4924610247374041,3130646,qlever-server-d,S,1,0,12596085,7026113,21,13,futex_do_wait
4924610247374041,3130647,qlever-server-d,S,1,0,11295616,5132992,37,9,futex_do_wait
4924610247374041,3130648,qlever-server-d,R,3,0,48779288,3029461,29,5,0
4924610247374041,3130649,qlever-server-d,R,4,0,49490098,0,10,11,0
4924610247374041,0,__system__,-,1024889576,7868004436,0,0,0,-1,-
4924610268952110,3128855,qlever-server-d,S,936,1591,25279315500,30777902,1912,1,futex_do_wait
4924610268952110,3128859,qlever-server-d,S,0,0,3235503,3205591,29,14,futex_do_wait
4924610268952110,3129400,qlever-server-d,R,1338,11,13499728635,225549370,567,14,0
4924610268952110,3129401,qlever-server-d,R,1337,10,13479604466,226951328,492,4,0
4924610268952110,3129402,qlever-server-d,R,1337,14,13522857268,194344523,1092,13,0
4924610268952110,3129403,qlever-server-d,R,1342,13,13559661145,163626898,648,3,0
4924610268952110,3129404,qlever-server-d,R,1350,12,13626679890,85940068,621,5,0
4924610268952110,3129405,qlever-server-d,R,1351,10,13622746607,92460311,612,0,0
4924610268952110,3129406,qlever-server-d,R,1341,12,13534962234,178872785,623,7,0
4924610268952110,3129407,qlever-server-d,R,1340,10,13510571894,213673941,545,1,0
4924610268952110,3129408,qlever-server-d,S,0,0,15360,0,1,13,futex_do_wait
4924610268952110,3129409,qlever-server-d,S,0,0,193821,0,6,12,ep_poll
4924610268952110,3129410,qlever-server-d,S,0,0,575900,20000,12,9,futex_do_wait
4924610268952110,3129411,qlever-server-d,S,1,15,175010489,375336606,1526,14,futex_do_wait
4924610268952110,3129412,qlever-server-d,S,0,16,170119841,362824013,1420,6,futex_do_wait
4924610268952110,3129413,qlever-server-d,S,0,15,163407390,390753477,1501,15,futex_do_wait
4924610268952110,3129414,qlever-server-d,S,0,22,232152706,388797424,1698,13,ep_poll
4924610268952110,3129415,qlever-server-d,S,0,14,155942868,370411532,1561,14,futex_do_wait
4924610268952110,3129416,qlever-server-d,S,0,13,146828322,365627421,1397,5,futex_do_wait
4924610268952110,3129417,qlever-server-d,S,1,17,189388827,399838545,1556,4,futex_do_wait
4924610268952110,3129418,qlever-server-d,S,0,19,205325291,350366634,1443,5,futex_do_wait
4924610268952110,3130642,qlever-server-d,S,0,0,44070,375681,2,7,futex_do_wait
4924610268952110,3130643,qlever-server-d,S,0,0,950110,4689842,12,12,futex_do_wait
4924610268952110,3130644,qlever-server-d,S,5,0,60818876,7225254,37,12,futex_do_wait
4924610268952110,3130646,qlever-server-d,S,1,0,13826846,7542433,25,13,futex_do_wait
4924610268952110,3130647,qlever-server-d,S,1,0,12418057,5490232,41,9,futex_do_wait
4924610268952110,3130648,qlever-server-d,S,4,0,58673413,13986348,35,11,futex_do_wait
4924610268952110,3130649,qlever-server-d,R,5,0,60568935,7134004,16,11,0
4924610268952110,0,__system__,-,1024889607,7868004470,0,0,0,-1,-
4924610287595281,3128855,qlever-server-d,S,936,1591,25279315500,30777902,1912,1,futex_do_wait
4924610287595281,3128859,qlever-server-d,S,0,0,3235503,3205591,29,14,futex_do_wait
4924610287595281,3129400,qlever-server-d,R,1340,11,13517728685,225549370,567,14,0
4924610287595281,3129401,qlever-server-d,R,1339,10,13496254015,228302279,495,4,0
4924610287595281,3129402,qlever-server-d,R,1339,14,13540164839,195732953,1096,13,0
4924610287595281,3129403,qlever-server-d,R,1344,13,13578640696,163642158,649,2,0
4924610287595281,3129404,qlever-server-d,R,1352,12,13645679651,85940068,621,5,0
4924610287595281,3129405,qlever-server-d,R,1353,10,13641747038,92460311,612,0,0
4924610287595281,3129406,qlever-server-d,R,1343,12,13553933615,178899065,624,7,0
4924610287595281,3129407,qlever-server-d,R,1342,10,13529573245,213673941,545,1,0
4924610287595281,3129408,qlever-server-d,S,0,0,15360,0,1,13,futex_do_wait
4924610287595281,3129409,qlever-server-d,S,0,0,193821,0,6,12,ep_poll
4924610287595281,3129410,qlever-server-d,S,0,0,575900,20000,12,9,futex_do_wait
4924610287595281,3129411,qlever-server-d,S,1,15,175010489,375336606,1526,14,futex_do_wait
4924610287595281,3129412,qlever-server-d,S,0,16,170119841,362824013,1420,6,futex_do_wait
4924610287595281,3129413,qlever-server-d,S,0,15,163407390,390753477,1501,15,futex_do_wait
4924610287595281,3129414,qlever-server-d,S,0,22,232152706,388797424,1698,13,ep_poll
4924610287595281,3129415,qlever-server-d,S,0,14,155942868,370411532,1561,14,futex_do_wait
4924610287595281,3129416,qlever-server-d,S,0,13,146828322,365627421,1397,5,futex_do_wait
4924610287595281,3129417,qlever-server-d,S,1,17,189388827,399838545,1556,4,futex_do_wait
4924610287595281,3129418,qlever-server-d,S,0,19,205325291,350366634,1443,5,futex_do_wait
4924610287595281,3130642,qlever-server-d,S,0,0,70350,382091,3,7,futex_do_wait
4924610287595281,3130643,qlever-server-d,S,0,0,1017101,5434272,13,12,futex_do_wait
4924610287595281,3130644,qlever-server-d,R,6,0,69974560,11978507,45,11,0
4924610287595281,3130646,qlever-server-d,S,1,0,15197116,7563673,28,13,futex_do_wait
4924610287595281,3130647,qlever-server-d,R,1,0,12896157,8642354,45,13,0
4924610287595281,3130648,qlever-server-d,R,6,1,71343241,18495789,41,3,0
4924610287595281,3130649,qlever-server-d,R,6,0,69950909,10016446,34,10,0
4924610287595281,0,__system__,-,1024889636,7868004501,0,0,0,-1,-
4924610330089494,3128855,qlever-server-d,S,936,1591,25279315500,30777902,1912,1,futex_do_wait
4924610330089494,3128859,qlever-server-d,S,0,0,3235503,3205591,29,14,futex_do_wait
4924610330089494,3129400,qlever-server-d,R,1344,11,13559170718,227124121,569,14,0
4924610330089494,3129401,qlever-server-d,R,1343,10,13538016149,229566009,498,4,0
4924610330089494,3129402,qlever-server-d,R,1342,14,13576934369,200939866,1104,13,0
4924610330089494,3129403,qlever-server-d,R,1348,13,13617972238,166917619,652,2,0
4924610330089494,3129404,qlever-server-d,R,1356,12,13687681984,85940068,621,5,0
4924610330089494,3129405,qlever-server-d,R,1357,10,13683747471,92460311,612,0,0
4924610330089494,3129406,qlever-server-d,R,1347,12,13595862217,178991266,627,7,0
4924610330089494,3129407,qlever-server-d,R,1346,10,13571572938,213673941,545,1,0
4924610330089494,3129408,qlever-server-d,S,0,0,15360,0,1,13,futex_do_wait
4924610330089494,3129409,qlever-server-d,S,0,0,193821,0,6,12,ep_poll
4924610330089494,3129410,qlever-server-d,S,0,0,575900,20000,12,9,futex_do_wait
4924610330089494,3129411,qlever-server-d,S,1,15,175010489,375336606,1526,14,futex_do_wait
4924610330089494,3129412,qlever-server-d,S,0,16,170119841,362824013,1420,6,futex_do_wait
4924610330089494,3129413,qlever-server-d,S,0,15,163407390,390753477,1501,15,futex_do_wait
4924610330089494,3129414,qlever-server-d,S,0,22,232152706,388797424,1698,13,ep_poll
4924610330089494,3129415,qlever-server-d,S,0,14,155942868,370411532,1561,14,futex_do_wait
4924610330089494,3129416,qlever-server-d,S,0,13,146828322,365627421,1397,5,futex_do_wait
4924610330089494,3129417,qlever-server-d,S,1,17,189388827,399838545,1556,4,futex_do_wait
4924610330089494,3129418,qlever-server-d,S,0,19,205325291,350366634,1443,5,futex_do_wait
4924610330089494,3130642,qlever-server-d,S,0,0,70350,382091,3,7,futex_do_wait
4924610330089494,3130643,qlever-server-d,S,0,0,1144081,6763843,16,11,futex_do_wait
4924610330089494,3130644,qlever-server-d,R,7,1,90400415,23821664,71,3,0
4924610330089494,3130646,qlever-server-d,S,1,0,18011147,10375405,37,13,futex_do_wait
4924610330089494,3130647,qlever-server-d,S,1,0,15869759,11295495,53,13,futex_do_wait
4924610330089494,3130648,qlever-server-d,R,8,1,99932155,32268449,58,11,0
4924610330089494,3130649,qlever-server-d,R,8,0,95480933,10027136,82,11,0
4924610330089494,0,__system__,-,1024889704,7868004571,0,0,0,-1,-
4924610332223918,3128855,qlever-server-d,S,936,1591,25279315500,30777902,1912,1,futex_do_wait
4924610332223918,3128859,qlever-server-d,S,0,0,3235503,3205591,29,14,futex_do_wait
4924610332223918,3129400,qlever-server-d,R,1344,11,13560728999,227547951,570,14,0
4924610332223918,3129401,qlever-server-d,R,1343,10,13539989700,229566009,498,4,0
4924610332223918,3129402,qlever-server-d,R,1343,14,13578352010,201520586,1105,13,0
4924610332223918,3129403,qlever-server-d,R,1348,13,13618946568,167337370,653,2,0
4924610332223918,3129404,qlever-server-d,R,1356,12,13689418325,86201478,622,5,0
4924610332223918,3129405,qlever-server-d,R,1357,10,13685748132,92460311,612,0,0
4924610332223918,3129406,qlever-server-d,R,1347,12,13595862217,178991266,627,7,0
4924610332223918,3129407,qlever-server-d,R,1346,10,13573574119,213673941,545,1,0
4924610332223918,3129408,qlever-server-d,S,0,0,15360,0,1,13,futex_do_wait
4924610332223918,3129409,qlever-server-d,S,0,0,193821,0,6,12,ep_poll
4924610332223918,3129410,qlever-server-d,S,0,0,575900,20000,12,9,futex_do_wait
4924610332223918,3129411,qlever-server-d,S,1,15,175010489,375336606,1526,14,futex_do_wait
4924610332223918,3129412,qlever-server-d,S,0,16,170119841,362824013,1420,6,futex_do_wait
4924610332223918,3129413,qlever-server-d,S,0,15,163407390,390753477,1501,15,futex_do_wait
4924610332223918,3129414,qlever-server-d,S,0,22,232152706,388797424,1698,13,ep_poll
4924610332223918,3129415,qlever-server-d,S,0,14,155942868,370411532,1561,14,futex_do_wait
4924610332223918,3129416,qlever-server-d,S,0,13,146828322,365627421,1397,5,futex_do_wait
4924610332223918,3129417,qlever-server-d,S,1,17,189388827,399838545,1556,4,futex_do_wait
4924610332223918,3129418,qlever-server-d,S,0,19,205325291,350366634,1443,5,futex_do_wait
4924610332223918,3130642,qlever-server-d,S,0,0,97460,2229802,4,7,futex_do_wait
4924610332223918,3130643,qlever-server-d,S,0,0,1199431,6770713,17,3,futex_do_wait
4924610332223918,3130644,qlever-server-d,R,8,1,94735817,24472104,73,3,0
4924610332223918,3130646,qlever-server-d,S,1,0,18775717,11274635,39,13,futex_do_wait
4924610332223918,3130647,qlever-server-d,S,1,0,16476959,12021725,55,3,0
4924610332223918,3130648,qlever-server-d,R,9,1,104374718,33446399,59,11,0
4924610332223918,3130649,qlever-server-d,S,9,0,99072584,11483197,89,10,futex_do_wait
4924610332223918,0,__system__,-,1024889711,7868004579,0,0,0,-1,-
4924610353087603,3128855,qlever-server-d,S,936,1591,25279315500,30777902,1912,1,futex_do_wait
4924610353087603,3128859,qlever-server-d,S,0,0,3235503,3205591,29,14,futex_do_wait
4924610353087603,3129400,qlever-server-d,R,1346,11,13579707058,229571324,576,14,0
4924610353087603,3129401,qlever-server-d,R,1345,10,13560990622,229566009,498,4,0
4924610353087603,3129402,qlever-server-d,R,1344,14,13595938520,204934778,1114,13,0
4924610353087603,3129403,qlever-server-d,R,1350,13,13639948010,167337370,653,2,0
4924610353087603,3129404,qlever-server-d,R,1358,12,13710419007,86201478,622,5,0
4924610353087603,3129405,qlever-server-d,R,1360,10,13706748104,92460311,612,0,0
4924610353087603,3129406,qlever-server-d,R,1349,12,13614482147,183358769,629,7,0
4924610353087603,3129407,qlever-server-d,R,1348,10,13594573751,213673941,545,1,0
4924610353087603,3129408,qlever-server-d,S,0,0,15360,0,1,13,futex_do_wait
4924610353087603,3129409,qlever-server-d,S,0,0,193821,0,6,12,ep_poll
4924610353087603,3129410,qlever-server-d,S,0,0,575900,20000,12,9,futex_do_wait
4924610353087603,3129411,qlever-server-d,S,1,15,175010489,375336606,1526,14,futex_do_wait
4924610353087603,3129412,qlever-server-d,S,0,16,170119841,362824013,1420,6,futex_do_wait
4924610353087603,3129413,qlever-server-d,S,0,15,163407390,390753477,1501,15,futex_do_wait
4924610353087603,3129414,qlever-server-d,S,0,22,232152706,388797424,1698,13,ep_poll
4924610353087603,3129415,qlever-server-d,S,0,14,155942868,370411532,1561,14,futex_do_wait
4924610353087603,3129416,qlever-server-d,S,0,13,146828322,365627421,1397,5,futex_do_wait
4924610353087603,3129417,qlever-server-d,S,1,17,189388827,399838545,1556,4,futex_do_wait
4924610353087603,3129418,qlever-server-d,S,0,19,205325291,350366634,1443,5,futex_do_wait
4924610353087603,3130642,qlever-server-d,S,0,0,97460,2229802,4,7,futex_do_wait
4924610353087603,3130643,qlever-server-d,S,0,0,1278241,6778523,19,3,futex_do_wait
4924610353087603,3130644,qlever-server-d,R,9,1,110618745,26470386,83,3,0
4924610353087603,3130646,qlever-server-d,S,2,0,22163670,12304336,46,13,0
4924610353087603,3130647,qlever-server-d,S,1,0,18396431,12964875,62,3,futex_do_wait
4924610353087603,3130648,qlever-server-d,R,10,1,121353927,33467049,60,11,0
4924610353087603,3130649,qlever-server-d,R,10,0,111578510,11501987,120,10,0
4924610353087603,0,__system__,-,1024889738,7868004606,0,0,0,-1,-
4924610373084444,3128855,qlever-server-d,S,936,1591,25279315500,30777902,1912,1,futex_do_wait
4924610373084444,3128859,qlever-server-d,S,0,0,3235503,3205591,29,14,futex_do_wait
4924610373084444,3129400,qlever-server-d,R,1348,11,13598027478,231251615,580,14,0
4924610373084444,3129401,qlever-server-d,R,1347,10,13580991303,229566009,498,4,0
4924610373084444,3129402,qlever-server-d,R,1346,14,13612634138,208239941,1121,13,0
4924610373084444,3129403,qlever-server-d,R,1352,13,13659946471,167337370,653,2,0
4924610373084444,3129404,qlever-server-d,R,1360,12,13730419618,86201478,622,5,0
4924610373084444,3129405,qlever-server-d,R,1362,10,13726748575,92460311,612,0,0
4924610373084444,3129406,qlever-server-d,R,1351,12,13632251307,185592050,631,7,0
4924610373084444,3129407,qlever-server-d,R,1350,10,13614574862,213673941,545,1,0
4924610373084444,3129408,qlever-server-d,S,0,0,15360,0,1,13,futex_do_wait
4924610373084444,3129409,qlever-server-d,S,0,0,193821,0,6,12,ep_poll
4924610373084444,3129410,qlever-server-d,S,0,0,575900,20000,12,9,futex_do_wait
4924610373084444,3129411,qlever-server-d,S,1,15,175010489,375336606,1526,14,futex_do_wait
4924610373084444,3129412,qlever-server-d,S,0,16,170119841,362824013,1420,6,futex_do_wait
4924610373084444,3129413,qlever-server-d,S,0,15,163407390,390753477,1501,15,futex_do_wait
4924610373084444,3129414,qlever-server-d,S,0,22,232152706,388797424,1698,13,ep_poll
4924610373084444,3129415,qlever-server-d,S,0,14,155942868,370411532,1561,14,futex_do_wait
4924610373084444,3129416,qlever-server-d,S,0,13,146828322,365627421,1397,5,futex_do_wait
4924610373084444,3129417,qlever-server-d,S,1,17,189388827,399838545,1556,4,futex_do_wait
4924610373084444,3129418,qlever-server-d,S,0,19,205325291,350366634,1443,5,futex_do_wait
4924610373084444,3130642,qlever-server-d,S,0,0,97460,2229802,4,7,futex_do_wait
4924610373084444,3130643,qlever-server-d,S,0,0,1363181,6787853,21,3,futex_do_wait
4924610373084444,3130644,qlever-server-d,R,11,1,128070687,29074406,93,3,0
4924610373084444,3130646,qlever-server-d,R,2,0,24693902,15695967,53,13,0
4924610373084444,3130647,qlever-server-d,S,1,0,20915511,14656137,70,3,futex_do_wait
4924610373084444,3130648,qlever-server-d,R,12,1,141353058,33467049,60,11,0
4924610373084444,3130649,qlever-server-d,S,11,0,125403698,11501987,154,10,futex_do_wait
4924610373084444,0,__system__,-,1024889770,7868004639,0,0,0,-1,-
4924610392393500,3128855,qlever-server-d,S,936,1591,25279315500,30777902,1912,1,futex_do_wait
4924610392393500,3128859,qlever-server-d,S,0,0,3235503,3205591,29,14,futex_do_wait
4924610392393500,3129400,qlever-server-d,R,1350,11,13616471407,231806046,581,14,0
4924610392393500,3129401,qlever-server-d,R,1349,10,13599990533,229566009,498,4,0
4924610392393500,3129402,qlever-server-d,R,1348,14,13629808066,210066183,1126,13,0
4924610392393500,3129403,qlever-server-d,R,1354,13,13678945531,167337370,653,2,0
4924610392393500,3129404,qlever-server-d,R,1362,12,13750419569,86201478,622,5,0
4924610392393500,3129405,qlever-server-d,R,1363,10,13746748406,92460311,612,0,0
4924610392393500,3129406,qlever-server-d,R,1352,12,13649209187,187889351,635,7,0
4924610392393500,3129407,qlever-server-d,R,1352,10,13634574423,213673941,545,1,0
4924610392393500,3129408,qlever-server-d,S,0,0,15360,0,1,13,futex_do_wait
4924610392393500,3129409,qlever-server-d,S,0,0,193821,0,6,12,ep_poll
4924610392393500,3129410,qlever-server-d,S,0,0,575900,20000,12,9,futex_do_wait
4924610392393500,3129411,qlever-server-d,S,1,15,175010489,375336606,1526,14,futex_do_wait
4924610392393500,3129412,qlever-server-d,S,0,16,170119841,362824013,1420,6,futex_do_wait
4924610392393500,3129413,qlever-server-d,S,0,15,163407390,390753477,1501,15,futex_do_wait
4924610392393500,3129414,qlever-server-d,S,0,22,232152706,388797424,1698,13,ep_poll
4924610392393500,3129415,qlever-server-d,S,0,14,155942868,370411532,1561,14,futex_do_wait
4924610392393500,3129416,qlever-server-d,S,0,13,146828322,365627421,1397,5,futex_do_wait
4924610392393500,3129417,qlever-server-d,S,1,17,189388827,399838545,1556,4,futex_do_wait
4924610392393500,3129418,qlever-server-d,S,0,19,205325291,350366634,1443,5,futex_do_wait
4924610392393500,3130642,qlever-server-d,S,0,0,135810,2236032,5,7,futex_do_wait
4924610392393500,3130643,qlever-server-d,S,0,0,1452431,6796823,23,3,futex_do_wait
4924610392393500,3130644,qlever-server-d,R,12,1,143522335,33148737,103,11,0
4924610392393500,3130646,qlever-server-d,S,2,0,27658853,16318477,59,3,futex_do_wait
4924610392393500,3130647,qlever-server-d,S,2,0,22756912,16799787,76,3,futex_do_wait
4924610392393500,3130648,qlever-server-d,R,13,1,153388017,41186272,65,3,0
4924610392393500,3130649,qlever-server-d,R,12,0,137491333,15720270,164,11,0
4924610392393500,0,__system__,-,1024889798,7868004668,0,0,0,-1,-
4924610413084916,3128855,qlever-server-d,S,936,1591,25279315500,30777902,1912,1,futex_do_wait
4924610413084916,3128859,qlever-server-d,S,0,0,3235503,3205591,29,14,futex_do_wait
4924610413084916,3129400,qlever-server-d,R,1352,11,13637819239,231806046,581,14,0
4924610413084916,3129401,qlever-server-d,R,1351,10,13620959315,229597509,499,4,0
4924610413084916,3129402,qlever-server-d,R,1350,14,13650751628,210121833,1128,13,0
4924610413084916,3129403,qlever-server-d,R,1356,13,13699947703,167337370,653,2,0
4924610413084916,3129404,qlever-server-d,R,1364,12,13770419640,86201478,622,5,0
4924610413084916,3129405,qlever-server-d,R,1365,10,13766748487,92460311,612,0,0
4924610413084916,3129406,qlever-server-d,R,1354,12,13667787907,190054042,636,7,0
4924610413084916,3129407,qlever-server-d,R,1354,10,13654461994,213999761,546,1,0
4924610413084916,3129408,qlever-server-d,S,0,0,15360,0,1,13,futex_do_wait
4924610413084916,3129409,qlever-server-d,S,0,0,193821,0,6,12,ep_poll
4924610413084916,3129410,qlever-server-d,S,0,0,575900,20000,12,9,futex_do_wait
4924610413084916,3129411,qlever-server-d,S,1,15,175010489,375336606,1526,14,futex_do_wait
4924610413084916,3129412,qlever-server-d,S,0,16,170119841,362824013,1420,6,futex_do_wait
4924610413084916,3129413,qlever-server-d,S,0,15,163407390,390753477,1501,15,futex_do_wait
4924610413084916,3129414,qlever-server-d,S,0,22,232152706,388797424,1698,13,ep_poll
4924610413084916,3129415,qlever-server-d,S,0,14,155942868,370411532,1561,14,futex_do_wait
4924610413084916,3129416,qlever-server-d,S,0,13,146828322,365627421,1397,5,futex_do_wait
4924610413084916,3129417,qlever-server-d,S,1,17,189388827,399838545,1556,4,futex_do_wait
4924610413084916,3129418,qlever-server-d,S,0,19,205325291,350366634,1443,5,futex_do_wait
4924610413084916,3130642,qlever-server-d,S,0,0,135810,2236032,5,7,futex_do_wait
4924610413084916,3130643,qlever-server-d,S,0,0,1561111,6807053,25,3,futex_do_wait
4924610413084916,3130644,qlever-server-d,R,14,1,156962502,39318781,116,6,0
4924610413084916,3130646,qlever-server-d,S,2,0,29645614,18943218,68,6,futex_do_wait
4924610413084916,3130647,qlever-server-d,S,2,0,24993013,19596038,84,6,futex_do_wait
4924610413084916,3130648,qlever-server-d,R,15,1,171433368,41328382,82,3,0
4924610413084916,3130649,qlever-server-d,R,14,0,156854334,17349191,165,11,0
4924610413084916,0,__system__,-,1024889831,7868004701,0,0,0,-1,-
4924610433102497,3128855,qlever-server-d,S,936,1591,25279315500,30777902,1912,1,futex_do_wait
4924610433102497,3128859,qlever-server-d,S,0,0,3235503,3205591,29,14,futex_do_wait
4924610433102497,3129400,qlever-server-d,R,1354,11,13657435880,231842616,582,14,0
4924610433102497,3129401,qlever-server-d,R,1353,10,13640959976,229597509,499,4,0
4924610433102497,3129402,qlever-server-d,R,1352,14,13670675509,210199043,1131,13,0
4924610433102497,3129403,qlever-server-d,R,1358,13,13719243504,168033480,654,6,0
4924610433102497,3129404,qlever-server-d,R,1366,12,13790419831,86201478,622,5,0
4924610433102497,3129405,qlever-server-d,R,1367,10,13786749048,92460311,612,0,0
4924610433102497,3129406,qlever-server-d,R,1356,12,13685656647,192185123,639,7,0
4924610433102497,3129407,qlever-server-d,R,1356,10,13674248815,213999761,546,1,0
4924610433102497,3129408,qlever-server-d,S,0,0,15360,0,1,13,futex_do_wait
4924610433102497,3129409,qlever-server-d,S,0,0,193821,0,6,12,ep_poll
4924610433102497,3129410,qlever-server-d,S,0,0,575900,20000,12,9,futex_do_wait
4924610433102497,3129411,qlever-server-d,S,1,15,175010489,375336606,1526,14,futex_do_wait
4924610433102497,3129412,qlever-server-d,S,0,16,170119841,362824013,1420,6,futex_do_wait
4924610433102497,3129413,qlever-server-d,S,0,15,163407390,390753477,1501,15,futex_do_wait
4924610433102497,3129414,qlever-server-d,S,0,22,232152706,388797424,1698,13,ep_poll
4924610433102497,3129415,qlever-server-d,S,0,14,155942868,370411532,1561,14,futex_do_wait
4924610433102497,3129416,qlever-server-d,S,0,13,146828322,365627421,1397,5,futex_do_wait
4924610433102497,3129417,qlever-server-d,S,1,17,189388827,399838545,1556,4,futex_do_wait
4924610433102497,3129418,qlever-server-d,S,0,19,205325291,350366634,1443,5,futex_do_wait
4924610433102497,3130642,qlever-server-d,S,0,0,135810,2236032,5,7,futex_do_wait
4924610433102497,3130643,qlever-server-d,S,0,0,1705281,6978533,27,3,futex_do_wait
4924610433102497,3130644,qlever-server-d,R,15,1,171485740,43410964,126,3,0
4924610433102497,3130646,qlever-server-d,S,2,0,31070145,23620790,73,3,futex_do_wait
4924610433102497,3130647,qlever-server-d,S,2,0,26697053,21260029,90,10,futex_do_wait
4924610433102497,3130648,qlever-server-d,R,17,1,188866907,44522763,92,3,0
4924610433102497,3130649,qlever-server-d,R,16,0,175938874,17349191,172,11,0
4924610433102497,0,__system__,-,1024889863,7868004734,0,0,0,-1,-
4924610453086238,3128855,qlever-server-d,S,936,1591,25279315500,30777902,1912,1,futex_do_wait
4924610453086238,3128859,qlever-server-d,S,0,0,3235503,3205591,29,14,futex_do_wait
4924610453086238,3129400,qlever-server-d,R,1356,11,13677436661,231842616,582,14,0
4924610453086238,3129401,qlever-server-d,R,1355,10,13660914047,229643899,502,4,0
4924610453086238,3129402,qlever-server-d,R,1354,14,13690583910,210290633,1133,13,0
4924610453086238,3129403,qlever-server-d,R,1360,13,13739249765,168033480,654,6,0
4924610453086238,3129404,qlever-server-d,R,1368,12,13807327051,89294699,626,5,0
4924610453086238,3129405,qlever-server-d,R,1369,10,13807309570,92460311,612,0,0
4924610453086238,3129406,qlever-server-d,R,1357,12,13702761956,195084685,643,7,0
4924610453086238,3129407,qlever-server-d,R,1358,10,13694229536,214018871,547,1,0
4924610453086238,3129408,qlever-server-d,S,0,0,15360,0,1,13,futex_do_wait
4924610453086238,3129409,qlever-server-d,S,0,0,193821,0,6,12,ep_poll
4924610453086238,3129410,qlever-server-d,S,0,0,575900,20000,12,9,futex_do_wait
4924610453086238,3129411,qlever-server-d,S,1,15,175010489,375336606,1526,14,futex_do_wait
4924610453086238,3129412,qlever-server-d,S,0,16,170119841,362824013,1420,6,futex_do_wait
4924610453086238,3129413,qlever-server-d,S,0,15,163407390,390753477,1501,15,futex_do_wait
4924610453086238,3129414,qlever-server-d,S,0,22,232152706,388797424,1698,13,ep_poll
4924610453086238,3129415,qlever-server-d,S,0,14,155942868,370411532,1561,14,futex_do_wait
4924610453086238,3129416,qlever-server-d,S,0,13,146828322,365627421,1397,5,futex_do_wait
4924610453086238,3129417,qlever-server-d,S,1,17,189388827,399838545,1556,4,futex_do_wait
4924610453086238,3129418,qlever-server-d,S,0,19,205325291,350366634,1443,5,futex_do_wait
4924610453086238,3130642,qlever-server-d,S,0,0,162810,2241812,6,7,futex_do_wait
4924610453086238,3130643,qlever-server-d,S,0,0,1746561,6983193,28,11,futex_do_wait
4924610453086238,3130644,qlever-server-d,R,17,1,183350446,47377755,140,11,0
4924610453086238,3130646,qlever-server-d,S,3,0,32931785,25279211,79,11,futex_do_wait
4924610453086238,3130647,qlever-server-d,S,2,0,28264053,24895891,96,11,futex_do_wait
4924610453086238,3130648,qlever-server-d,R,18,1,201962126,47808464,99,3,0
4924610453086238,3130649,qlever-server-d,R,17,0,187322601,23330084,184,3,0
4924610453086238,0,__system__,-,1024889893,7868004765,0,0,0,-1,-
4924610473105889,3128855,qlever-server-d,S,936,1591,25279315500,30777902,1912,1,futex_do_wait
4924610473105889,3128859,qlever-server-d,S,0,0,3235503,3205591,29,14,futex_do_wait
4924610473105889,3129400,qlever-server-d,R,1358,11,13697435062,231842616,582,14,0
4924610473105889,3129401,qlever-server-d,R,1357,10,13679308167,231249090,505,4,0
4924610473105889,3129402,qlever-server-d,R,1356,14,13710481901,210391633,1135,13,0
4924610473105889,3129403,qlever-server-d,R,1362,13,13759013186,168263500,655,6,0
4924610473105889,3129404,qlever-server-d,R,1370,12,13826807341,89814950,634,5,0
4924610473105889,3129405,qlever-server-d,R,1371,10,13825408860,93800981,615,0,0
4924610473105889,3129406,qlever-server-d,R,1359,12,13720706906,197139387,645,7,0
4924610473105889,3129407,qlever-server-d,R,1360,10,13714230467,214018871,547,1,0
4924610473105889,3129408,qlever-server-d,S,0,0,15360,0,1,13,futex_do_wait
4924610473105889,3129409,qlever-server-d,S,0,0,193821,0,6,12,ep_poll
4924610473105889,3129410,qlever-server-d,S,0,0,575900,20000,12,9,futex_do_wait
4924610473105889,3129411,qlever-server-d,S,1,15,175010489,375336606,1526,14,futex_do_wait
4924610473105889,3129412,qlever-server-d,S,0,16,170119841,362824013,1420,6,futex_do_wait
4924610473105889,3129413,qlever-server-d,S,0,15,163407390,390753477,1501,15,futex_do_wait
4924610473105889,3129414,qlever-server-d,S,0,22,232152706,388797424,1698,13,ep_poll
4924610473105889,3129415,qlever-server-d,S,0,14,155942868,370411532,1561,14,futex_do_wait
4924610473105889,3129416,qlever-server-d,S,0,13,146828322,365627421,1397,5,futex_do_wait
4924610473105889,3129417,qlever-server-d,S,1,17,189388827,399838545,1556,4,futex_do_wait
4924610473105889,3129418,qlever-server-d,S,0,19,205325291,350366634,1443,5,futex_do_wait
4924610473105889,3130642,qlever-server-d,S,0,0,162810,2241812,6,7,futex_do_wait
4924610473105889,3130643,qlever-server-d,S,0,0,1835541,6993383,30,10,futex_do_wait
4924610473105889,3130644,qlever-server-d,R,18,1,193667891,55596490,150,10,0
4924610473105889,3130646,qlever-server-d,S,3,0,34127776,26479932,82,10,futex_do_wait
4924610473105889,3130647,qlever-server-d,S,2,0,29520154,28811163,100,10,futex_do_wait
4924610473105889,3130648,qlever-server-d,R,19,1,216466014,54624207,108,11,0
4924610473105889,3130649,qlever-server-d,R,19,1,202771770,28378387,195,3,0
4924610473105889,0,__system__,-,1024889926,7868004798,0,0,0,-1,-
4924610493090710,3128855,qlever-server-d,S,936,1591,25279315500,30777902,1912,1,futex_do_wait
4924610493090710,3128859,qlever-server-d,S,0,0,3235503,3205591,29,14,futex_do_wait
4924610493090710,3129400,qlever-server-d,R,1360,11,13717436414,231842616,582,14,0
4924610493090710,3129401,qlever-server-d,R,1359,10,13699283089,231274930,506,4,0
4924610493090710,3129402,qlever-server-d,R,1358,14,13730482733,210391633,1135,13,0
4924610493090710,3129403,qlever-server-d,R,1364,13,13779013738,168263500,655,6,0
4924610493090710,3129404,qlever-server-d,R,1372,12,13846704882,89916921,641,5,0
4924610493090710,3129405,qlever-server-d,R,1373,10,13844892962,94316521,617,0,0
4924610493090710,3129406,qlever-server-d,R,1361,12,13737763185,200080969,649,7,0
4924610493090710,3129407,qlever-server-d,R,1362,10,13734568939,214018871,547,1,0
4924610493090710,3129408,qlever-server-d,S,0,0,15360,0,1,13,futex_do_wait
4924610493090710,3129409,qlever-server-d,S,0,0,193821,0,6,12,ep_poll
4924610493090710,3129410,qlever-server-d,S,0,0,575900,20000,12,9,futex_do_wait
4924610493090710,3129411,qlever-server-d,S,1,15,175010489,375336606,1526,14,futex_do_wait
4924610493090710,3129412,qlever-server-d,S,0,16,170119841,362824013,1420,6,futex_do_wait
4924610493090710,3129413,qlever-server-d,S,0,15,163407390,390753477,1501,15,futex_do_wait
4924610493090710,3129414,qlever-server-d,S,0,22,232152706,388797424,1698,13,ep_poll
4924610493090710,3129415,qlever-server-d,S,0,14,155942868,370411532,1561,14,futex_do_wait
4924610493090710,3129416,qlever-server-d,S,0,13,146828322,365627421,1397,5,futex_do_wait
4924610493090710,3129417,qlever-server-d,S,1,17,189388827,399838545,1556,4,futex_do_wait
4924610493090710,3129418,qlever-server-d,S,0,19,205325291,350366634,1443,5,futex_do_wait
4924610493090710,3130642,qlever-server-d,S,0,0,187700,2247292,7,7,futex_do_wait
4924610493090710,3130643,qlever-server-d,S,0,0,1870991,6997253,31,10,futex_do_wait
4924610493090710,3130644,qlever-server-d,S,18,1,202938757,61339393,163,10,futex_do_wait
4924610493090710,3130646,qlever-server-d,S,3,0,35464856,29636794,87,11,0
4924610493090710,3130647,qlever-server-d,S,2,0,30424855,29522953,104,11,futex_do_wait
4924610493090710,3130648,qlever-server-d,R,21,1,229412911,61650661,115,3,0
4924610493090710,3130649,qlever-server-d,R,20,1,217840918,30663218,202,11,0
4924610493090710,0,__system__,-,1024889954,7868004828,0,0,0,-1,-
4924610513091171,3128855,qlever-server-d,S,936,1591,25279315500,30777902,1912,1,futex_do_wait
4924610513091171,3128859,qlever-server-d,S,0,0,3235503,3205591,29,14,futex_do_wait
4924610513091171,3129400,qlever-server-d,R,1362,11,13737435445,231842616,582,14,0
4924610513091171,3129401,qlever-server-d,R,1361,10,13719255600,231301430,507,4,0
4924610513091171,3129402,qlever-server-d,R,1360,14,13750482174,210391633,1135,13,0
4924610513091171,3129403,qlever-server-d,R,1366,13,13798886588,168389951,658,6,0
4924610513091171,3129404,qlever-server-d,R,1374,12,13866705053,89916921,641,5,0
4924610513091171,3129405,qlever-server-d,R,1375,10,13863984473,95225511,619,0,0
4924610513091171,3129406,qlever-server-d,R,1363,12,13754966285,202875940,651,7,0
4924610513091171,3129407,qlever-server-d,R,1364,10,13754213950,214035161,548,1,0
4924610513091171,3129408,qlever-server-d,S,0,0,15360,0,1,13,futex_do_wait
4924610513091171,3129409,qlever-server-d,S,0,0,193821,0,6,12,ep_poll
4924610513091171,3129410,qlever-server-d,S,0,0,575900,20000,12,9,futex_do_wait
4924610513091171,3129411,qlever-server-d,S,1,15,175010489,375336606,1526,14,futex_do_wait
4924610513091171,3129412,qlever-server-d,S,0,16,170119841,362824013,1420,6,futex_do_wait
4924610513091171,3129413,qlever-server-d,S,0,15,163407390,390753477,1501,15,futex_do_wait
4924610513091171,3129414,qlever-server-d,S,0,22,232152706,388797424,1698,13,ep_poll
4924610513091171,3129415,qlever-server-d,S,0,14,155942868,370411532,1561,14,futex_do_wait
4924610513091171,3129416,qlever-server-d,S,0,13,146828322,365627421,1397,5,futex_do_wait
4924610513091171,3129417,qlever-server-d,S,1,17,189388827,399838545,1556,4,futex_do_wait
4924610513091171,3129418,qlever-server-d,S,0,19,205325291,350366634,1443,5,futex_do_wait
4924610513091171,3130642,qlever-server-d,S,0,0,187700,2247292,7,7,futex_do_wait
4924610513091171,3130643,qlever-server-d,S,0,0,1922701,7001413,32,10,futex_do_wait
4924610513091171,3130644,qlever-server-d,S,20,1,214332042,63626245,184,10,futex_do_wait
4924610513091171,3130646,qlever-server-d,S,3,0,36420697,30879335,92,10,futex_do_wait
4924610513091171,3130647,qlever-server-d,S,2,0,31716296,30777284,109,10,futex_do_wait
4924610513091171,3130648,qlever-server-d,R,22,1,248155921,61719781,124,3,0
4924610513091171,3130649,qlever-server-d,R,22,1,238029570,30865938,203,11,0
4924610513091171,0,__system__,-,1024889988,7868004863,0,0,0,-1,-
4924610533081272,3128855,qlever-server-d,S,936,1591,25279315500,30777902,1912,1,futex_do_wait
4924610533081272,3128859,qlever-server-d,S,0,0,3235503,3205591,29,14,futex_do_wait
4924610533081272,3129400,qlever-server-d,R,1364,11,13757436906,231842616,582,14,0
4924610533081272,3129401,qlever-server-d,R,1362,10,13737787111,232771380,510,4,0
4924610533081272,3129402,qlever-server-d,R,1362,14,13770424695,210450073,1137,13,0
4924610533081272,3129403,qlever-server-d,R,1368,13,13818887229,168389951,658,6,0
4924610533081272,3129404,qlever-server-d,R,1376,12,13886705114,89916921,641,5,0
4924610533081272,3129405,qlever-server-d,R,1377,10,13883984104,95225511,619,0,0
4924610533081272,3129406,qlever-server-d,R,1364,12,13772700025,205143341,654,7,0
4924610533081272,3129407,qlever-server-d,R,1366,10,13773651111,214597931,549,1,0
4924610533081272,3129408,qlever-server-d,S,0,0,15360,0,1,13,futex_do_wait
4924610533081272,3129409,qlever-server-d,S,0,0,193821,0,6,12,ep_poll
4924610533081272,3129410,qlever-server-d,S,0,0,575900,20000,12,9,futex_do_wait
4924610533081272,3129411,qlever-server-d,S,1,15,175010489,375336606,1526,14,futex_do_wait
4924610533081272,3129412,qlever-server-d,S,0,16,170119841,362824013,1420,6,futex_do_wait
4924610533081272,3129413,qlever-server-d,S,0,15,163407390,390753477,1501,15,futex_do_wait
4924610533081272,3129414,qlever-server-d,S,0,22,232152706,388797424,1698,13,ep_poll
4924610533081272,3129415,qlever-server-d,S,0,14,155942868,370411532,1561,14,futex_do_wait
4924610533081272,3129416,qlever-server-d,S,0,13,146828322,365627421,1397,5,futex_do_wait
4924610533081272,3129417,qlever-server-d,S,1,17,189388827,399838545,1556,4,futex_do_wait
4924610533081272,3129418,qlever-server-d,S,0,19,205325291,350366634,1443,5,futex_do_wait
4924610533081272,3130642,qlever-server-d,S,0,0,187700,2247292,7,7,futex_do_wait
4924610533081272,3130643,qlever-server-d,S,0,0,2004701,7010983,34,10,futex_do_wait
4924610533081272,3130644,qlever-server-d,R,21,1,224933907,66357345,206,10,0
4924610533081272,3130646,qlever-server-d,S,3,0,37799437,32114955,98,10,futex_do_wait
4924610533081272,3130647,qlever-server-d,S,2,0,33010436,33099254,115,10,futex_do_wait
4924610533081272,3130648,qlever-server-d,R,24,2,268099672,61740911,125,3,0
4924610533081272,3130649,qlever-server-d,R,24,1,258029821,30865938,203,11,0
4924610533081272,0,__system__,-,1024890020,7868004895,0,0,0,-1,-
4924610553088593,3128855,qlever-server-d,S,936,1591,25279315500,30777902,1912,1,futex_do_wait
4924610553088593,3128859,qlever-server-d,S,0,0,3235503,3205591,29,14,futex_do_wait
4924610553088593,3129400,qlever-server-d,R,1366,11,13777436957,231842616,582,14,0
4924610553088593,3129401,qlever-server-d,R,1364,10,13757754892,232802680,511,4,0
4924610553088593,3129402,qlever-server-d,R,1364,14,13790425966,210450073,1137,13,0
4924610553088593,3129403,qlever-server-d,R,1370,13,13837241149,170036302,661,6,0
4924610553088593,3129404,qlever-server-d,R,1378,12,13906705595,89916921,641,5,0
4924610553088593,3129405,qlever-server-d,R,1379,10,13903983545,95225511,619,0,0
4924610553088593,3129406,qlever-server-d,R,1366,12,13790331405,207513082,659,7,0
4924610553088593,3129407,qlever-server-d,R,1368,10,13793651242,214597931,549,1,0
4924610553088593,3129408,qlever-server-d,S,0,0,15360,0,1,13,futex_do_wait
4924610553088593,3129409,qlever-server-d,S,0,0,193821,0,6,12,ep_poll
4924610553088593,3129410,qlever-server-d,S,0,0,575900,20000,12,9,futex_do_wait
4924610553088593,3129411,qlever-server-d,S,1,15,175010489,375336606,1526,14,futex_do_wait
4924610553088593,3129412,qlever-server-d,S,0,16,170119841,362824013,1420,6,futex_do_wait
4924610553088593,3129413,qlever-server-d,S,0,15,163407390,390753477,1501,15,futex_do_wait
4924610553088593,3129414,qlever-server-d,S,0,22,232152706,388797424,1698,13,ep_poll
4924610553088593,3129415,qlever-server-d,S,0,14,155942868,370411532,1561,14,futex_do_wait
4924610553088593,3129416,qlever-server-d,S,0,13,146828322,365627421,1397,5,futex_do_wait
4924610553088593,3129417,qlever-server-d,S,1,17,189388827,399838545,1556,4,futex_do_wait
4924610553088593,3129418,qlever-server-d,S,0,19,205325291,350366634,1443,5,futex_do_wait
4924610553088593,3130642,qlever-server-d,S,0,0,219910,2254012,8,7,futex_do_wait
4924610553088593,3130643,qlever-server-d,S,0,0,2085191,7019793,36,10,futex_do_wait
4924610553088593,3130644,qlever-server-d,R,22,1,237672873,69077387,231,10,0
4924610553088593,3130646,qlever-server-d,R,3,0,39200728,33370946,105,10,0
4924610553088593,3130647,qlever-server-d,R,3,0,34318737,37476237,121,10,futex_do_wait
4924610553088593,3130648,qlever-server-d,R,26,2,288099543,61740911,125,3,0
4924610553088593,3130649,qlever-server-d,R,26,1,277029561,30865938,203,11,0
4924610553088593,0,__system__,-,1024890048,7868004924,0,0,0,-1,-
4924610573089034,3128855,qlever-server-d,S,936,1591,25279315500,30777902,1912,1,futex_do_wait
4924610573089034,3128859,qlever-server-d,S,0,0,3235503,3205591,29,14,futex_do_wait
4924610573089034,3129400,qlever-server-d,R,1368,11,13797436608,231842616,582,14,0
4924610573089034,3129401,qlever-server-d,R,1366,10,13777736603,232822410,512,4,0
4924610573089034,3129402,qlever-server-d,R,1366,14,13810425207,210450073,1137,13,0
4924610573089034,3129403,qlever-server-d,R,1371,13,13854224627,173085775,665,6,0
4924610573089034,3129404,qlever-server-d,R,1380,12,13927075866,89986991,645,5,0
4924610573089034,3129405,qlever-server-d,R,1381,10,13923983826,95225511,619,0,0
4924610573089034,3129406,qlever-server-d,R,1368,12,13808295825,209547143,662,7,0
4924610573089034,3129407,qlever-server-d,R,1370,10,13813633393,214615661,550,1,0
4924610573089034,3129408,qlever-server-d,S,0,0,15360,0,1,13,futex_do_wait
4924610573089034,3129409,qlever-server-d,S,0,0,193821,0,6,12,ep_poll
4924610573089034,3129410,qlever-server-d,S,0,0,575900,20000,12,9,futex_do_wait
4924610573089034,3129411,qlever-server-d,S,1,15,175010489,375336606,1526,14,futex_do_wait
4924610573089034,3129412,qlever-server-d,S,0,16,170119841,362824013,1420,6,futex_do_wait
4924610573089034,3129413,qlever-server-d,S,0,15,163407390,390753477,1501,15,futex_do_wait
4924610573089034,3129414,qlever-server-d,S,0,22,232152706,388797424,1698,13,ep_poll
4924610573089034,3129415,qlever-server-d,S,0,14,155942868,370411532,1561,14,futex_do_wait
4924610573089034,3129416,qlever-server-d,S,0,13,146828322,365627421,1397,5,futex_do_wait
4924610573089034,3129417,qlever-server-d,S,1,17,189388827,399838545,1556,4,futex_do_wait
4924610573089034,3129418,qlever-server-d,S,0,19,205325291,350366634,1443,5,futex_do_wait
4924610573089034,3130642,qlever-server-d,S,0,0,219910,2254012,8,7,futex_do_wait
4924610573089034,3130643,qlever-server-d,S,0,0,2123411,7023813,37,10,futex_do_wait
4924610573089034,3130644,qlever-server-d,S,23,1,249027070,72941258,251,3,0
4924610573089034,3130646,qlever-server-d,S,3,0,40498958,34714807,110,10,futex_do_wait
4924610573089034,3130647,qlever-server-d,S,3,0,35726118,38319727,126,10,futex_do_wait
4924610573089034,3130648,qlever-server-d,R,28,2,307693325,62575641,128,3,0
4924610573089034,3130649,qlever-server-d,R,28,1,296991063,30865938,205,11,0
4924610573089034,0,__system__,-,1024890080,7868004956,0,0,0,-1,-
4924610593095125,3128855,qlever-server-d,S,936,1591,25279315500,30777902,1912,1,futex_do_wait
4924610593095125,3128859,qlever-server-d,S,0,0,3235503,3205591,29,14,futex_do_wait
4924610593095125,3129400,qlever-server-d,R,1370,11,13817196039,232085756,585,14,0
4924610593095125,3129401,qlever-server-d,R,1368,10,13797737834,232822410,512,4,0
4924610593095125,3129402,qlever-server-d,R,1368,14,13830427218,210450073,1137,13,0
4924610593095125,3129403,qlever-server-d,R,1373,13,13871835588,175443705,669,6,0
4924610593095125,3129404,qlever-server-d,R,1382,12,13946136467,90487881,653,5,0
4924610593095125,3129405,qlever-server-d,R,1383,10,13943984297,95225511,619,0,0
4924610593095125,3129406,qlever-server-d,R,1370,12,13826121525,211725624,665,7,0
4924610593095125,3129407,qlever-server-d,R,1372,10,13833634524,214615661,550,1,0
4924610593095125,3129408,qlever-server-d,S,0,0,15360,0,1,13,futex_do_wait
4924610593095125,3129409,qlever-server-d,S,0,0,193821,0,6,12,ep_poll
4924610593095125,3129410,qlever-server-d,S,0,0,575900,20000,12,9,futex_do_wait
4924610593095125,3129411,qlever-server-d,S,1,15,175010489,375336606,1526,14,futex_do_wait
4924610593095125,3129412,qlever-server-d,S,0,16,170119841,362824013,1420,6,futex_do_wait
4924610593095125,3129413,qlever-server-d,S,0,15,163407390,390753477,1501,15,futex_do_wait
4924610593095125,3129414,qlever-server-d,S,0,22,232152706,388797424,1698,13,ep_poll
4924610593095125,3129415,qlever-server-d,S,0,14,155942868,370411532,1561,14,futex_do_wait
4924610593095125,3129416,qlever-server-d,S,0,13,146828322,365627421,1397,5,futex_do_wait
4924610593095125,3129417,qlever-server-d,S,1,17,189388827,399838545,1556,4,futex_do_wait
4924610593095125,3129418,qlever-server-d,S,0,19,205325291,350366634,1443,5,futex_do_wait
4924610593095125,3130642,qlever-server-d,S,0,0,251520,2260792,9,7,futex_do_wait
4924610593095125,3130643,qlever-server-d,S,0,0,2183261,7043903,39,11,futex_do_wait
4924610593095125,3130644,qlever-server-d,R,24,1,255180624,80913054,261,11,0
4924610593095125,3130646,qlever-server-d,S,3,0,40992848,36143379,113,11,futex_do_wait
4924610593095125,3130647,qlever-server-d,S,3,0,36351269,38328307,128,11,futex_do_wait
4924610593095125,3130648,qlever-server-d,R,30,2,323128642,65989165,134,11,0
4924610593095125,3130649,qlever-server-d,R,30,1,312552092,34575509,212,3,0
4924610593095125,0,__system__,-,1024890113,7868004990,0,0,0,-1,-
4924610613096536,3128855,qlever-server-d,S,936,1591,25279315500,30777902,1912,1,futex_do_wait
4924610613096536,3128859,qlever-server-d,S,0,0,3235503,3205591,29,14,futex_do_wait
4924610613096536,3129400,qlever-server-d,R,1372,11,13837194340,232085756,585,14,0
4924610613096536,3129401,qlever-server-d,R,1370,10,13818031585,232868780,514,4,0
4924610613096536,3129402,qlever-server-d,R,1370,14,13850389859,210485723,1138,13,0
4924610613096536,3129403,qlever-server-d,R,1374,13,13889034349,178244025,675,6,0
4924610613096536,3129404,qlever-server-d,R,1384,12,13966047728,90574861,658,5,0
4924610613096536,3129405,qlever-server-d,R,1385,10,13963984198,95225511,619,0,0
4924610613096536,3129406,qlever-server-d,R,1371,12,13843554085,214291215,668,7,0
4924610613096536,3129407,qlever-server-d,R,1374,10,13853634615,214615661,550,1,0
4924610613096536,3129408,qlever-server-d,S,0,0,15360,0,1,13,futex_do_wait
4924610613096536,3129409,qlever-server-d,S,0,0,193821,0,6,12,ep_poll
4924610613096536,3129410,qlever-server-d,S,0,0,575900,20000,12,9,futex_do_wait
4924610613096536,3129411,qlever-server-d,S,1,15,175010489,375336606,1526,14,futex_do_wait
4924610613096536,3129412,qlever-server-d,S,0,16,170119841,362824013,1420,6,futex_do_wait
4924610613096536,3129413,qlever-server-d,S,0,15,163407390,390753477,1501,15,futex_do_wait
4924610613096536,3129414,qlever-server-d,S,0,22,232152706,388797424,1698,13,ep_poll
4924610613096536,3129415,qlever-server-d,S,0,14,155942868,370411532,1561,14,futex_do_wait
4924610613096536,3129416,qlever-server-d,S,0,13,146828322,365627421,1397,5,futex_do_wait
4924610613096536,3129417,qlever-server-d,S,1,17,189388827,399838545,1556,4,futex_do_wait
4924610613096536,3129418,qlever-server-d,S,0,19,205325291,350366634,1443,5,futex_do_wait
4924610613096536,3130642,qlever-server-d,S,0,0,251520,2260792,9,7,futex_do_wait
4924610613096536,3130643,qlever-server-d,S,0,0,2183261,7043903,39,11,futex_do_wait
4924610613096536,3130644,qlever-server-d,S,24,1,262979568,87845399,280,10,futex_do_wait
4924610613096536,3130646,qlever-server-d,S,3,0,41606248,36559429,115,10,futex_do_wait
4924610613096536,3130647,qlever-server-d,S,3,0,36790759,39578538,130,10,futex_do_wait
4924610613096536,3130648,qlever-server-d,R,31,2,337407471,70351787,142,3,0
4924610613096536,3130649,qlever-server-d,R,31,1,329048331,37333821,220,11,0
4924610613096536,0,__system__,-,1024890143,7868005021,0,0,0,-1,-
4924610633076987,3128855,qlever-server-d,S,936,1591,25279315500,30777902,1912,1,futex_do_wait
4924610633076987,3128859,qlever-server-d,S,0,0,3235503,3205591,29,14,futex_do_wait
4924610633076987,3129400,qlever-server-d,R,1374,11,13857194691,232085756,585,14,0
4924610633076987,3129401,qlever-server-d,R,1372,11,13837689916,232868780,514,4,0
4924610633076987,3129402,qlever-server-d,R,1372,14,13870287670,210588723,1140,13,0
4924610633076987,3129403,qlever-server-d,R,1376,13,13908338490,178939955,676,6,0
4924610633076987,3129404,qlever-server-d,R,1386,12,13985952079,90670311,661,5,0
4924610633076987,3129405,qlever-server-d,R,1387,10,13983983879,95225511,619,0,0
4924610633076987,3129406,qlever-server-d,R,1373,12,13861283474,216561457,670,7,0
4924610633076987,3129407,qlever-server-d,R,1376,10,13873633346,214615661,550,1,0
4924610633076987,3129408,qlever-server-d,S,0,0,15360,0,1,13,futex_do_wait
4924610633076987,3129409,qlever-server-d,S,0,0,193821,0,6,12,ep_poll
4924610633076987,3129410,qlever-server-d,S,0,0,575900,20000,12,9,futex_do_wait
4924610633076987,3129411,qlever-server-d,S,1,15,175010489,375336606,1526,14,futex_do_wait
4924610633076987,3129412,qlever-server-d,S,0,16,170119841,362824013,1420,6,futex_do_wait
4924610633076987,3129413,qlever-server-d,S,0,15,163407390,390753477,1501,15,futex_do_wait
4924610633076987,3129414,qlever-server-d,S,0,22,232152706,388797424,1698,13,ep_poll
4924610633076987,3129415,qlever-server-d,S,0,14,155942868,370411532,1561,14,futex_do_wait
4924610633076987,3129416,qlever-server-d,S,0,13,146828322,365627421,1397,5,futex_do_wait
4924610633076987,3129417,qlever-server-d,S,1,17,189388827,399838545,1556,4,futex_do_wait
4924610633076987,3129418,qlever-server-d,S,0,19,205325291,350366634,1443,5,futex_do_wait
4924610633076987,3130642,qlever-server-d,S,0,0,251520,2260792,9,7,futex_do_wait
4924610633076987,3130643,qlever-server-d,S,0,0,2236031,7209133,41,3,futex_do_wait
4924610633076987,3130644,qlever-server-d,R,25,1,268439554,91489880,308,3,0
4924610633076987,3130646,qlever-server-d,S,3,0,42025738,36562779,116,2,futex_do_wait
4924610633076987,3130647,qlever-server-d,S,3,0,36802459,39986248,131,2,futex_do_wait
4924610633076987,3130648,qlever-server-d,R,33,2,355172370,72387398,147,11,0
4924610633076987,3130649,qlever-server-d,R,33,1,346202210,39646183,229,3,0
4924610633076987,0,__system__,-,1024890171,7868005051,0,0,0,-1,-
4924610653088598,3128855,qlever-server-d,S,936,1591,25279315500,30777902,1912,1,futex_do_wait
4924610653088598,3128859,qlever-server-d,S,0,0,3235503,3205591,29,14,futex_do_wait
4924610653088598,3129400,qlever-server-d,R,1375,11,13877194893,232085756,585,14,0
4924610653088598,3129401,qlever-server-d,R,1374,11,13856343568,234216330,516,4,0
4924610653088598,3129402,qlever-server-d,R,1374,14,13890288942,210588723,1140,13,0
4924610653088598,3129403,qlever-server-d,R,1378,13,13928258012,179020595,677,6,0
4924610653088598,3129404,qlever-server-d,R,1388,12,14005891611,90731471,663,5,0
4924610653088598,3129405,qlever-server-d,R,1389,10,14003953471,95257251,620,0,0
4924610653088598,3129406,qlever-server-d,R,1375,12,13879053244,218792959,673,7,0
4924610653088598,3129407,qlever-server-d,R,1378,10,13893634168,214615661,550,1,0
4924610653088598,3129408,qlever-server-d,S,0,0,15360,0,1,13,futex_do_wait
4924610653088598,3129409,qlever-server-d,S,0,0,193821,0,6,12,ep_poll
4924610653088598,3129410,qlever-server-d,S,0,0,575900,20000,12,9,futex_do_wait
4924610653088598,3129411,qlever-server-d,S,1,15,175010489,375336606,1526,14,futex_do_wait
4924610653088598,3129412,qlever-server-d,S,0,16,170119841,362824013,1420,6,futex_do_wait
4924610653088598,3129413,qlever-server-d,S,0,15,163407390,390753477,1501,15,futex_do_wait
4924610653088598,3129414,qlever-server-d,S,0,22,232152706,388797424,1698,13,ep_poll
4924610653088598,3129415,qlever-server-d,S,0,14,155942868,370411532,1561,14,futex_do_wait
4924610653088598,3129416,qlever-server-d,S,0,13,146828322,365627421,1397,5,futex_do_wait
4924610653088598,3129417,qlever-server-d,S,1,17,189388827,399838545,1556,4,futex_do_wait
4924610653088598,3129418,qlever-server-d,S,0,19,205325291,350366634,1443,5,futex_do_wait
4924610653088598,3130642,qlever-server-d,S,0,0,279030,2267562,10,7,futex_do_wait
4924610653088598,3130643,qlever-server-d,S,0,0,2236031,7209133,41,3,futex_do_wait
4924610653088598,3130644,qlever-server-d,R,25,1,272669715,95025774,331,3,0
4924610653088598,3130646,qlever-server-d,S,3,0,42036148,37004819,117,2,futex_do_wait
4924610653088598,3130647,qlever-server-d,S,3,0,37318849,39986248,132,2,futex_do_wait
4924610653088598,3130648,qlever-server-d,R,35,2,372260069,73410399,164,11,0
4924610653088598,3130649,qlever-server-d,R,34,1,361632910,44062944,252,3,0
4924610653088598,0,__system__,-,1024890202,7868005084,0,0,0,-1,-
4924610673079659,3128855,qlever-server-d,S,936,1591,25279315500,30777902,1912,1,futex_do_wait
4924610673079659,3128859,qlever-server-d,S,0,0,3235503,3205591,29,14,futex_do_wait
4924610673079659,3129400,qlever-server-d,R,1377,11,13897194974,232085756,585,14,0
4924610673079659,3129401,qlever-server-d,R,1376,11,13876343419,234216330,516,4,0
4924610673079659,3129402,qlever-server-d,R,1376,14,13910287733,210588723,1140,13,0
4924610673079659,3129403,qlever-server-d,R,1380,13,13948258063,179020595,677,6,0
4924610673079659,3129404,qlever-server-d,R,1389,12,14025891822,90731471,663,5,0
4924610673079659,3129405,qlever-server-d,R,1391,11,14022507361,96703312,622,0,0
4924610673079659,3129406,qlever-server-d,R,1376,12,13897079024,220764520,674,7,0
4924610673079659,3129407,qlever-server-d,R,1380,10,13913633519,214615661,550,1,0
4924610673079659,3129408,qlever-server-d,S,0,0,15360,0,1,13,futex_do_wait
4924610673079659,3129409,qlever-server-d,S,0,0,193821,0,6,12,ep_poll
4924610673079659,3129410,qlever-server-d,S,0,0,575900,20000,12,9,futex_do_wait
4924610673079659,3129411,qlever-server-d,S,1,15,175010489,375336606,1526,14,futex_do_wait
4924610673079659,3129412,qlever-server-d,S,0,16,170119841,362824013,1420,6,futex_do_wait
4924610673079659,3129413,qlever-server-d,S,0,15,163407390,390753477,1501,15,futex_do_wait
4924610673079659,3129414,qlever-server-d,S,0,22,232152706,388797424,1698,13,ep_poll
4924610673079659,3129415,qlever-server-d,S,0,14,155942868,370411532,1561,14,futex_do_wait
4924610673079659,3129416,qlever-server-d,S,0,13,146828322,365627421,1397,5,futex_do_wait
4924610673079659,3129417,qlever-server-d,S,1,17,189388827,399838545,1556,4,futex_do_wait
4924610673079659,3129418,qlever-server-d,S,0,19,205325291,350366634,1443,5,futex_do_wait
4924610673079659,3130642,qlever-server-d,S,0,0,279030,2267562,10,7,futex_do_wait
4924610673079659,3130643,qlever-server-d,S,0,0,2287501,7215903,43,3,futex_do_wait
4924610673079659,3130644,qlever-server-d,R,27,1,286214531,98297077,343,3,0
4924610673079659,3130646,qlever-server-d,S,4,0,44672971,41018570,123,3,futex_do_wait
4924610673079659,3130647,qlever-server-d,S,3,0,38877849,46346953,139,3,futex_do_wait
4924610673079659,3130648,qlever-server-d,R,36,2,383976695,79994133,170,11,0
4924610673079659,3130649,qlever-server-d,R,35,1,370343446,54186609,259,11,0
4924610673079659,0,__system__,-,1024890232,7868005116,0,0,0,-1,-
4924610693102780,3128855,qlever-server-d,S,936,1591,25279315500,30777902,1912,1,futex_do_wait
4924610693102780,3128859,qlever-server-d,S,0,0,3235503,3205591,29,14,futex_do_wait
4924610693102780,3129400,qlever-server-d,R,1379,11,13917194265,232085756,585,14,0
4924610693102780,3129401,qlever-server-d,R,1378,11,13896342670,234216330,516,4,0
4924610693102780,3129402,qlever-server-d,R,1378,14,13930287504,210588723,1140,13,0
4924610693102780,3129403,qlever-server-d,R,1382,13,13968257784,179020595,677,6,0
4924610693102780,3129404,qlever-server-d,R,1391,12,14045891443,90731471,663,5,0
4924610693102780,3129405,qlever-server-d,R,1393,11,14041483440,97727494,624,0,0
4924610693102780,3129406,qlever-server-d,R,1378,12,13914855844,222989851,676,7,0
4924610693102780,3129407,qlever-server-d,R,1382,10,13933649710,214639181,551,1,0
4924610693102780,3129408,qlever-server-d,S,0,0,15360,0,1,13,futex_do_wait
4924610693102780,3129409,qlever-server-d,S,0,0,193821,0,6,12,ep_poll
4924610693102780,3129410,qlever-server-d,S,0,0,575900,20000,12,9,futex_do_wait
4924610693102780,3129411,qlever-server-d,S,1,15,175010489,375336606,1526,14,futex_do_wait
4924610693102780,3129412,qlever-server-d,S,0,16,170119841,362824013,1420,6,futex_do_wait
4924610693102780,3129413,qlever-server-d,S,0,15,163407390,390753477,1501,15,futex_do_wait
4924610693102780,3129414,qlever-server-d,S,0,22,232152706,388797424,1698,13,ep_poll
4924610693102780,3129415,qlever-server-d,S,0,14,155942868,370411532,1561,14,futex_do_wait
4924610693102780,3129416,qlever-server-d,S,0,13,146828322,365627421,1397,5,futex_do_wait
4924610693102780,3129417,qlever-server-d,S,1,17,189388827,399838545,1556,4,futex_do_wait
4924610693102780,3129418,qlever-server-d,S,0,19,205325291,350366634,1443,5,futex_do_wait
4924610693102780,3130642,qlever-server-d,S,0,0,308690,2274422,11,7,futex_do_wait
4924610693102780,3130643,qlever-server-d,S,0,0,2362961,7651073,45,3,futex_do_wait
4924610693102780,3130644,qlever-server-d,R,28,1,296774906,103073539,355,3,0
4924610693102780,3130646,qlever-server-d,S,4,0,46127692,43694230,129,10,futex_do_wait
4924610693102780,3130647,qlever-server-d,S,3,0,40756859,47603745,145,10,futex_do_wait
4924610693102780,3130648,qlever-server-d,R,37,2,396016131,87655277,176,3,0
4924610693102780,3130649,qlever-server-d,S,36,1,382562174,58890431,269,11,futex_do_wait
4924610693102780,0,__system__,-,1024890262,7868005148,0,0,0,-1,-
4924610713089741,3128855,qlever-server-d,S,936,1591,25279315500,30777902,1912,1,futex_do_wait
4924610713089741,3128859,qlever-server-d,S,0,0,3433483,3276002,30,14,0
4924610713089741,3129400,qlever-server-d,R,1381,11,13936831086,232450126,587,14,0
4924610713089741,3129401,qlever-server-d,R,1379,11,13909070726,241489975,521,4,0
4924610713089741,3129402,qlever-server-d,R,1380,15,13950289285,210588723,1140,13,0
4924610713089741,3129403,qlever-server-d,R,1384,13,13984809243,182470087,680,6,0
4924610713089741,3129404,qlever-server-d,R,1393,12,14062800023,93824822,665,5,0
4924610713089741,3129405,qlever-server-d,R,1394,11,14059931021,99743854,628,0,0
4924610713089741,3129406,qlever-server-d,R,1380,12,13932618244,225228872,678,7,0
4924610713089741,3129407,qlever-server-d,R,1384,10,13953599381,214651101,552,1,0
4924610713089741,3129408,qlever-server-d,S,0,0,15360,0,1,13,futex_do_wait
4924610713089741,3129409,qlever-server-d,S,0,0,193821,0,6,12,ep_poll
4924610713089741,3129410,qlever-server-d,S,0,0,575900,20000,12,9,futex_do_wait
4924610713089741,3129411,qlever-server-d,S,1,15,175010489,375336606,1526,14,futex_do_wait
4924610713089741,3129412,qlever-server-d,S,0,16,170119841,362824013,1420,6,futex_do_wait
4924610713089741,3129413,qlever-server-d,S,0,15,163407390,390753477,1501,15,futex_do_wait
4924610713089741,3129414,qlever-server-d,S,0,22,232152706,388797424,1698,13,ep_poll
4924610713089741,3129415,qlever-server-d,S,0,14,155942868,370411532,1561,14,futex_do_wait
4924610713089741,3129416,qlever-server-d,S,0,13,146828322,365627421,1397,5,futex_do_wait
4924610713089741,3129417,qlever-server-d,S,1,17,189388827,399838545,1556,4,futex_do_wait
4924610713089741,3129418,qlever-server-d,S,0,19,205325291,350366634,1443,5,futex_do_wait
4924610713089741,3130642,qlever-server-d,S,0,0,308690,2274422,11,7,futex_do_wait
4924610713089741,3130643,qlever-server-d,S,0,0,2403711,7663153,46,3,futex_do_wait
4924610713089741,3130644,qlever-server-d,R,29,1,312025925,105607070,363,3,0
4924610713089741,3130646,qlever-server-d,S,4,0,50676265,50142744,141,10,futex_do_wait
4924610713089741,3130647,qlever-server-d,S,4,0,45906953,55623078,157,10,futex_do_wait
4924610713089741,3130648,qlever-server-d,R,39,2,413885430,89779989,181,3,0
4924610713089741,3130649,qlever-server-d,R,38,1,400968144,58890431,278,11,0
4924610713089741,0,__system__,-,1024890294,7868005181,0,0,0,-1,-
4924610732593836,3128855,qlever-server-d,S,936,1591,25279315500,30777902,1912,1,futex_do_wait
4924610732593836,3128859,qlever-server-d,S,0,0,3433483,3276002,30,14,futex_do_wait
4924610732593836,3129400,qlever-server-d,R,1383,11,13955830756,232450126,587,14,0
4924610732593836,3129401,qlever-server-d,R,1381,11,13928072216,241489975,521,4,0
4924610732593836,3129402,qlever-server-d,R,1382,15,13970252956,210623843,1141,13,0
4924610732593836,3129403,qlever-server-d,R,1385,13,13995012108,191275982,683,6,0
4924610732593836,3129404,qlever-server-d,R,1395,12,14082799424,93824822,665,5,0
4924610732593836,3129405,qlever-server-d,R,1396,11,14077775952,101435834,632,0,0
4924610732593836,3129406,qlever-server-d,R,1382,12,13949903604,227454943,680,7,0
4924610732593836,3129407,qlever-server-d,R,1386,10,13973600562,214651101,552,1,0
4924610732593836,3129408,qlever-server-d,S,0,0,15360,0,1,13,futex_do_wait
4924610732593836,3129409,qlever-server-d,S,0,0,193821,0,6,12,ep_poll
4924610732593836,3129410,qlever-server-d,S,0,0,575900,20000,12,9,futex_do_wait
4924610732593836,3129411,qlever-server-d,S,1,15,175010489,375336606,1526,14,futex_do_wait
4924610732593836,3129412,qlever-server-d,S,0,16,170119841,362824013,1420,6,futex_do_wait
4924610732593836,3129413,qlever-server-d,S,0,15,163407390,390753477,1501,15,futex_do_wait
4924610732593836,3129414,qlever-server-d,S,0,22,232152706,388797424,1698,13,ep_poll
4924610732593836,3129415,qlever-server-d,S,0,14,155942868,370411532,1561,14,futex_do_wait
4924610732593836,3129416,qlever-server-d,S,0,13,146828322,365627421,1397,5,futex_do_wait
4924610732593836,3129417,qlever-server-d,S,1,17,189388827,399838545,1556,4,futex_do_wait
4924610732593836,3129418,qlever-server-d,S,0,19,205325291,350366634,1443,5,futex_do_wait
4924610732593836,3130642,qlever-server-d,S,0,0,308690,2274422,11,7,futex_do_wait
4924610732593836,3130643,qlever-server-d,S,0,0,2481331,7688003,48,3,futex_do_wait
4924610732593836,3130644,qlever-server-d,R,30,1,325090364,111878922,377,3,0
4924610732593836,3130646,qlever-server-d,S,4,0,52561995,51632304,149,3,futex_do_wait
4924610732593836,3130647,qlever-server-d,S,4,0,47401513,58748079,164,3,futex_do_wait
4924610732593836,3130648,qlever-server-d,R,40,2,428087028,95419123,194,2,0
4924610732593836,3130649,qlever-server-d,R,40,1,415191472,60008512,283,11,0
4924610732593836,0,__system__,-,1024890323,7868005211,0,0,0,-1,-
4924610752330319,3128855,qlever-server-d,S,936,1591,25279315500,30777902,1912,1,futex_do_wait
4924610752330319,3128859,qlever-server-d,S,0,0,3433483,3276002,30,14,futex_do_wait
4924610752330319,3129400,qlever-server-d,R,1385,11,13975855018,232450126,587,14,0
4924610752330319,3129401,qlever-server-d,R,1383,11,13948070028,241489975,521,4,0
4924610752330319,3129402,qlever-server-d,R,1383,15,13989252447,210623843,1141,13,0
4924610752330319,3129403,qlever-server-d,R,1386,13,14004418434,201860408,687,6,0
4924610752330319,3129404,qlever-server-d,R,1397,12,14101798885,93824822,665,5,0
4924610752330319,3129405,qlever-server-d,R,1398,11,14095574662,102637095,634,0,0
4924610752330319,3129406,qlever-server-d,R,1383,12,13967375394,229718394,683,7,0
4924610752330319,3129407,qlever-server-d,R,1388,10,13993598993,214651101,552,1,0
4924610752330319,3129408,qlever-server-d,S,0,0,15360,0,1,13,futex_do_wait
4924610752330319,3129409,qlever-server-d,S,0,0,193821,0,6,12,ep_poll
4924610752330319,3129410,qlever-server-d,S,0,0,575900,20000,12,9,futex_do_wait
4924610752330319,3129411,qlever-server-d,S,1,15,175010489,375336606,1526,14,futex_do_wait
4924610752330319,3129412,qlever-server-d,S,0,16,170119841,362824013,1420,6,futex_do_wait
4924610752330319,3129413,qlever-server-d,S,0,15,163407390,390753477,1501,15,futex_do_wait
4924610752330319,3129414,qlever-server-d,S,0,22,232152706,388797424,1698,13,ep_poll
4924610752330319,3129415,qlever-server-d,S,0,14,155942868,370411532,1561,14,futex_do_wait
4924610752330319,3129416,qlever-server-d,S,0,13,146828322,365627421,1397,5,futex_do_wait
4924610752330319,3129417,qlever-server-d,S,1,17,189388827,399838545,1556,4,futex_do_wait
4924610752330319,3129418,qlever-server-d,S,0,19,205325291,350366634,1443,5,futex_do_wait
4924610752330319,3130642,qlever-server-d,S,0,0,339770,2281782,12,7,futex_do_wait
4924610752330319,3130643,qlever-server-d,S,0,0,2515931,7692003,49,3,futex_do_wait
4924610752330319,3130644,qlever-server-d,R,31,1,337756311,118212425,390,3,0
4924610752330319,3130646,qlever-server-d,S,5,0,55421157,54973015,161,3,futex_do_wait
4924610752330319,3130647,qlever-server-d,S,4,0,50833054,63178892,175,3,futex_do_wait
4924610752330319,3130648,qlever-server-d,R,41,2,446727169,95481403,217,2,0
4924610752330319,3130649,qlever-server-d,R,42,1,435190743,60008512,283,11,0
4924610752330319,0,__system__,-,1024890354,7868005242,0,0,0,-1,-
4924610773093804,3128855,qlever-server-d,S,936,1591,25279315500,30777902,1912,1,futex_do_wait
4924610773093804,3128859,qlever-server-d,S,0,0,3433483,3276002,30,14,futex_do_wait
4924610773093804,3129400,qlever-server-d,R,1387,11,13996913919,232450126,587,14,0
4924610773093804,3129401,qlever-server-d,R,1385,11,13969069579,241489975,521,4,0
4924610773093804,3129402,qlever-server-d,R,1386,15,14010252578,210623843,1141,13,0
4924610773093804,3129403,qlever-server-d,R,1388,13,14024055024,203224709,690,6,0
4924610773093804,3129404,qlever-server-d,R,1399,12,14122301706,94322432,666,5,0
4924610773093804,3129405,qlever-server-d,R,1400,11,14115326231,104105947,636,0,0
4924610773093804,3129406,qlever-server-d,R,1385,12,13985925704,231921975,685,7,0
4924610773093804,3129407,qlever-server-d,R,1390,10,14013510404,214763821,560,1,0
4924610773093804,3129408,qlever-server-d,S,0,0,15360,0,1,13,futex_do_wait
4924610773093804,3129409,qlever-server-d,S,0,0,193821,0,6,12,ep_poll
4924610773093804,3129410,qlever-server-d,S,0,0,575900,20000,12,9,futex_do_wait
4924610773093804,3129411,qlever-server-d,S,1,15,175010489,375336606,1526,14,futex_do_wait
4924610773093804,3129412,qlever-server-d,S,0,16,170119841,362824013,1420,6,futex_do_wait
4924610773093804,3129413,qlever-server-d,S,0,15,163407390,390753477,1501,15,futex_do_wait
4924610773093804,3129414,qlever-server-d,S,0,22,232152706,388797424,1698,13,ep_poll
4924610773093804,3129415,qlever-server-d,S,0,14,155942868,370411532,1561,14,futex_do_wait
4924610773093804,3129416,qlever-server-d,S,0,13,146828322,365627421,1397,5,futex_do_wait
4924610773093804,3129417,qlever-server-d,S,1,17,189388827,399838545,1556,4,futex_do_wait
4924610773093804,3129418,qlever-server-d,S,0,19,205325291,350366634,1443,5,futex_do_wait
4924610773093804,3130642,qlever-server-d,S,0,0,339770,2281782,12,7,futex_do_wait
4924610773093804,3130643,qlever-server-d,S,0,0,2615681,7700203,51,3,futex_do_wait
4924610773093804,3130644,qlever-server-d,R,33,1,353847448,123113110,402,3,0
4924610773093804,3130646,qlever-server-d,R,5,0,60088620,59473830,174,11,0
4924610773093804,3130647,qlever-server-d,R,4,0,54696819,71112816,191,2,0
4924610773093804,3130648,qlever-server-d,R,43,2,460996706,96304944,228,2,0
4924610773093804,3130649,qlever-server-d,R,43,1,451269043,62437383,293,11,0
4924610773093804,0,__system__,-,1024890387,7868005276,0,0,0,-1,-
4924610793083485,3128855,qlever-server-d,S,936,1591,25279315500,30777902,1912,1,futex_do_wait
4924610793083485,3128859,qlever-server-d,S,0,0,3433483,3276002,30,14,futex_do_wait
4924610793083485,3129400,qlever-server-d,R,1389,11,14016831520,232450126,587,14,0
4924610793083485,3129401,qlever-server-d,R,1387,11,13989071020,241489975,521,4,0
4924610793083485,3129402,qlever-server-d,R,1388,15,14030212299,210665313,1142,13,0
4924610793083485,3129403,qlever-server-d,R,1390,13,14044147555,203277719,691,6,0
4924610793083485,3129404,qlever-server-d,R,1401,12,14142301917,94322432,666,5,0
4924610793083485,3129405,qlever-server-d,R,1402,11,14133326211,105884688,639,0,0
4924610793083485,3129406,qlever-server-d,R,1387,12,14003663624,234182756,687,7,0
4924610793083485,3129407,qlever-server-d,R,1392,10,14033461975,214789401,562,1,0
4924610793083485,3129408,qlever-server-d,S,0,0,15360,0,1,13,futex_do_wait
4924610793083485,3129409,qlever-server-d,S,0,0,193821,0,6,12,ep_poll
4924610793083485,3129410,qlever-server-d,S,0,0,575900,20000,12,9,futex_do_wait
4924610793083485,3129411,qlever-server-d,S,1,15,175010489,375336606,1526,14,futex_do_wait
4924610793083485,3129412,qlever-server-d,S,0,16,170119841,362824013,1420,6,futex_do_wait
4924610793083485,3129413,qlever-server-d,S,0,15,163407390,390753477,1501,15,futex_do_wait
4924610793083485,3129414,qlever-server-d,S,0,22,232152706,388797424,1698,13,ep_poll
4924610793083485,3129415,qlever-server-d,S,0,14,155942868,370411532,1561,14,futex_do_wait
4924610793083485,3129416,qlever-server-d,S,0,13,146828322,365627421,1397,5,futex_do_wait
4924610793083485,3129417,qlever-server-d,S,1,17,189388827,399838545,1556,4,futex_do_wait
4924610793083485,3129418,qlever-server-d,S,0,19,205325291,350366634,1443,5,futex_do_wait
4924610793083485,3130642,qlever-server-d,S,0,0,371790,2290332,13,7,futex_do_wait
4924610793083485,3130643,qlever-server-d,S,0,0,2699831,7708643,53,3,futex_do_wait
4924610793083485,3130644,qlever-server-d,R,35,2,371613858,125197411,413,3,0
4924610793083485,3130646,qlever-server-d,S,5,0,62094791,61257571,182,3,futex_do_wait
4924610793083485,3130647,qlever-server-d,S,4,0,56463829,72856677,198,2,futex_do_wait
4924610793083485,3130648,qlever-server-d,R,44,2,478414077,98071954,237,2,0
4924610793083485,3130649,qlever-server-d,R,45,1,470258524,62437383,293,11,0
4924610793083485,0,__system__,-,1024890417,7868005306,0,0,0,-1,-
4924610813094406,3128855,qlever-server-d,S,936,1591,25279315500,30777902,1912,1,futex_do_wait
4924610813094406,3128859,qlever-server-d,S,0,0,3433483,3276002,30,14,futex_do_wait
4924610813094406,3129400,qlever-server-d,R,1391,11,14036830821,232450126,587,14,0
4924610813094406,3129401,qlever-server-d,R,1389,11,14009069461,241489975,521,4,0
4924610813094406,3129402,qlever-server-d,R,1390,15,14050211650,210665313,1142,13,0
4924610813094406,3129403,qlever-server-d,R,1392,14,14063912156,203365919,693,6,0
4924610813094406,3129404,qlever-server-d,R,1403,12,14162301458,94322432,666,5,0
4924610813094406,3129405,qlever-server-d,R,1404,11,14151896652,107315978,641,0,0
4924610813094406,3129406,qlever-server-d,R,1389,12,14021546184,236299657,688,7,0
4924610813094406,3129407,qlever-server-d,R,1394,10,14053462376,214789401,562,1,0
4924610813094406,3129408,qlever-server-d,S,0,0,15360,0,1,13,futex_do_wait
4924610813094406,3129409,qlever-server-d,S,0,0,193821,0,6,12,ep_poll
4924610813094406,3129410,qlever-server-d,S,0,0,575900,20000,12,9,futex_do_wait
4924610813094406,3129411,qlever-server-d,S,1,15,175010489,375336606,1526,14,futex_do_wait
4924610813094406,3129412,qlever-server-d,S,0,16,170119841,362824013,1420,6,futex_do_wait
4924610813094406,3129413,qlever-server-d,S,0,15,163407390,390753477,1501,15,futex_do_wait
4924610813094406,3129414,qlever-server-d,S,0,22,232152706,388797424,1698,13,ep_poll
4924610813094406,3129415,qlever-server-d,S,0,14,155942868,370411532,1561,14,futex_do_wait
4924610813094406,3129416,qlever-server-d,S,0,13,146828322,365627421,1397,5,futex_do_wait
4924610813094406,3129417,qlever-server-d,S,1,17,189388827,399838545,1556,4,futex_do_wait
4924610813094406,3129418,qlever-server-d,S,0,19,205325291,350366634,1443,5,futex_do_wait
4924610813094406,3130642,qlever-server-d,S,0,0,371790,2290332,13,7,futex_do_wait
4924610813094406,3130643,qlever-server-d,S,0,0,2768781,7716643,55,3,futex_do_wait
4924610813094406,3130644,qlever-server-d,R,36,2,389456898,127354492,424,3,0
4924610813094406,3130646,qlever-server-d,S,5,0,64164562,62821522,191,3,futex_do_wait
4924610813094406,3130647,qlever-server-d,S,5,0,58674580,75128710,207,2,futex_do_wait
4924610813094406,3130648,qlever-server-d,R,46,2,496947198,100126475,247,2,0
4924610813094406,3130649,qlever-server-d,R,47,1,491109446,62437383,295,11,0
4924610813094406,0,__system__,-,1024890452,7868005341,0,0,0,-1,-
4924610833088847,3128855,qlever-server-d,S,936,1591,25279315500,30777902,1912,1,futex_do_wait
4924610833088847,3128859,qlever-server-d,S,0,0,3433483,3276002,30,14,futex_do_wait
4924610833088847,3129400,qlever-server-d,R,1393,11,14056833353,232450126,587,14,0
4924610833088847,3129401,qlever-server-d,R,1391,11,14029482933,241489975,521,4,0
4924610833088847,3129402,qlever-server-d,R,1391,15,14069893331,210985654,1143,13,0
4924610833088847,3129403,qlever-server-d,R,1394,14,14083915268,203365919,693,6,0
4924610833088847,3129404,qlever-server-d,R,1405,12,14182303490,94322432,666,5,0
4924610833088847,3129405,qlever-server-d,R,1406,11,14171166104,108052888,642,0,0
4924610833088847,3129406,qlever-server-d,R,1391,12,14039252214,238594629,690,7,0
4924610833088847,3129407,qlever-server-d,R,1396,11,14073468518,214789401,562,1,0
4924610833088847,3129408,qlever-server-d,S,0,0,15360,0,1,13,futex_do_wait
4924610833088847,3129409,qlever-server-d,S,0,0,193821,0,6,12,ep_poll
4924610833088847,3129410,qlever-server-d,S,0,0,575900,20000,12,9,futex_do_wait
4924610833088847,3129411,qlever-server-d,S,1,15,175010489,375336606,1526,14,futex_do_wait
4924610833088847,3129412,qlever-server-d,S,0,16,170119841,362824013,1420,6,futex_do_wait
4924610833088847,3129413,qlever-server-d,S,0,15,163407390,390753477,1501,15,futex_do_wait
4924610833088847,3129414,qlever-server-d,S,0,22,232152706,388797424,1698,13,ep_poll
4924610833088847,3129415,qlever-server-d,S,0,14,155942868,370411532,1561,14,futex_do_wait
4924610833088847,3129416,qlever-server-d,S,0,13,146828322,365627421,1397,5,futex_do_wait
4924610833088847,3129417,qlever-server-d,S,1,17,189388827,399838545,1556,4,futex_do_wait
4924610833088847,3129418,qlever-server-d,S,0,19,205325291,350366634,1443,5,futex_do_wait
4924610833088847,3130642,qlever-server-d,S,0,0,371790,2290332,13,7,futex_do_wait
4924610833088847,3130643,qlever-server-d,S,0,0,2843971,7724553,57,3,futex_do_wait
4924610833088847,3130644,qlever-server-d,R,38,2,407971079,129641103,435,3,0
4924610833088847,3130646,qlever-server-d,R,6,0,66222352,65761542,198,3,0
4924610833088847,3130647,qlever-server-d,R,5,0,60074580,77084323,215,2,0
4924610833088847,3130648,qlever-server-d,R,47,2,509655794,105955479,258,11,0
4924610833088847,3130649,qlever-server-d,R,49,1,508118057,63378423,304,11,0
4924610833088847,0,__system__,-,1024890481,7868005371,0,0,0,-1,-
4924610853091038,3128855,qlever-server-d,S,936,1591,25279315500,30777902,1912,1,futex_do_wait
4924610853091038,3128859,qlever-server-d,S,0,0,3433483,3276002,30,14,futex_do_wait
4924610853091038,3129400,qlever-server-d,R,1395,11,14076833124,232450126,587,14,0
4924610853091038,3129401,qlever-server-d,R,1393,11,14049071404,241489975,521,4,0
4924610853091038,3129402,qlever-server-d,R,1393,15,14089893252,210985654,1143,13,0
4924610853091038,3129403,qlever-server-d,R,1396,14,14103915319,203365919,693,6,0
4924610853091038,3129404,qlever-server-d,R,1407,12,14202303711,94322432,666,5,0
4924610853091038,3129405,qlever-server-d,R,1407,11,14187918485,111294458,649,0,0
4924610853091038,3129406,qlever-server-d,R,1392,12,14056945724,240902200,693,7,0
4924610853091038,3129407,qlever-server-d,R,1398,11,14093457249,214817941,564,1,0
4924610853091038,3129408,qlever-server-d,S,0,0,15360,0,1,13,futex_do_wait
4924610853091038,3129409,qlever-server-d,S,0,0,193821,0,6,12,ep_poll
4924610853091038,3129410,qlever-server-d,S,0,0,575900,20000,12,9,futex_do_wait
4924610853091038,3129411,qlever-server-d,S,1,15,175010489,375336606,1526,14,futex_do_wait
4924610853091038,3129412,qlever-server-d,S,0,16,170119841,362824013,1420,6,futex_do_wait
4924610853091038,3129413,qlever-server-d,S,0,15,163407390,390753477,1501,15,futex_do_wait
4924610853091038,3129414,qlever-server-d,S,0,22,232152706,388797424,1698,13,ep_poll
4924610853091038,3129415,qlever-server-d,S,0,14,155942868,370411532,1561,14,futex_do_wait
4924610853091038,3129416,qlever-server-d,S,0,13,146828322,365627421,1397,5,futex_do_wait
4924610853091038,3129417,qlever-server-d,S,1,17,189388827,399838545,1556,4,futex_do_wait
4924610853091038,3129418,qlever-server-d,S,0,19,205325291,350366634,1443,5,futex_do_wait
4924610853091038,3130642,qlever-server-d,S,0,0,405380,2302552,14,7,futex_do_wait
4924610853091038,3130643,qlever-server-d,S,0,0,2919931,7733583,59,3,futex_do_wait
4924610853091038,3130644,qlever-server-d,R,39,2,425084917,131717225,445,3,0
4924610853091038,3130646,qlever-server-d,S,6,0,68222514,67785903,206,3,futex_do_wait
4924610853091038,3130647,qlever-server-d,S,5,0,61877820,78754614,222,2,futex_do_wait
4924610853091038,3130648,qlever-server-d,S,49,2,526501314,107181949,281,2,0
4924610853091038,3130649,qlever-server-d,R,50,1,526595647,64894014,307,11,0
4924610853091038,0,__system__,-,1024890513,7868005403,0,0,0,-1,-
4924610873086229,3128855,qlever-server-d,S,936,1591,25279315500,30777902,1912,1,futex_do_wait
4924610873086229,3128859,qlever-server-d,S,0,0,3433483,3276002,30,14,futex_do_wait
4924610873086229,3129400,qlever-server-d,R,1397,11,14094066583,235215888,590,14,0
4924610873086229,3129401,qlever-server-d,R,1395,11,14069072095,241489975,521,4,0
4924610873086229,3129402,qlever-server-d,R,1395,15,14109910043,211017004,1144,13,0
4924610873086229,3129403,qlever-server-d,R,1397,14,14120574069,206706720,696,6,0
4924610873086229,3129404,qlever-server-d,R,1409,12,14221452202,95173042,668,5,0
4924610873086229,3129405,qlever-server-d,R,1409,11,14207295555,111916509,650,0,0
4924610873086229,3129406,qlever-server-d,R,1394,12,14074736374,243109191,694,7,0
4924610873086229,3129407,qlever-server-d,R,1400,11,14113391090,214887631,569,1,0
4924610873086229,3129408,qlever-server-d,S,0,0,15360,0,1,13,futex_do_wait
4924610873086229,3129409,qlever-server-d,S,0,0,193821,0,6,12,ep_poll
4924610873086229,3129410,qlever-server-d,S,0,0,575900,20000,12,9,futex_do_wait
4924610873086229,3129411,qlever-server-d,S,1,15,175010489,375336606,1526,14,futex_do_wait
4924610873086229,3129412,qlever-server-d,S,0,16,170119841,362824013,1420,6,futex_do_wait
4924610873086229,3129413,qlever-server-d,S,0,15,163407390,390753477,1501,15,futex_do_wait
4924610873086229,3129414,qlever-server-d,S,0,22,232152706,388797424,1698,13,ep_poll
4924610873086229,3129415,qlever-server-d,S,0,14,155942868,370411532,1561,14,futex_do_wait
4924610873086229,3129416,qlever-server-d,S,0,13,146828322,365627421,1397,5,futex_do_wait
4924610873086229,3129417,qlever-server-d,S,1,17,189388827,399838545,1556,4,futex_do_wait
4924610873086229,3129418,qlever-server-d,S,0,19,205325291,350366634,1443,5,futex_do_wait
4924610873086229,3130642,qlever-server-d,S,0,0,405380,2302552,14,7,futex_do_wait
4924610873086229,3130643,qlever-server-d,S,0,0,2998161,7741633,61,3,futex_do_wait
4924610873086229,3130644,qlever-server-d,R,41,2,440992006,135816818,456,3,0
4924610873086229,3130646,qlever-server-d,S,6,0,69832905,69395375,212,3,futex_do_wait
4924610873086229,3130647,qlever-server-d,S,5,0,63287641,80163705,228,3,futex_do_wait
4924610873086229,3130648,qlever-server-d,R,51,3,545044175,108153019,297,2,0
4924610873086229,3130649,qlever-server-d,R,52,2,546462348,65027724,308,11,0
4924610873086229,0,__system__,-,1024890546,7868005437,0,0,0,-1,-
4924610892956371,3128855,qlever-server-d,S,936,1591,25279315500,30777902,1912,1,futex_do_wait
4924610892956371,3128859,qlever-server-d,S,0,0,3433483,3276002,30,14,futex_do_wait
4924610892956371,3129400,qlever-server-d,R,1399,12,14114066894,235215888,590,14,0
4924610892956371,3129401,qlever-server-d,R,1397,11,14089071236,241489975,521,4,0
4924610892956371,3129402,qlever-server-d,R,1397,15,14129445273,211433585,1146,13,0
4924610892956371,3129403,qlever-server-d,R,1398,14,14132046205,215234045,699,6,0
4924610892956371,3129404,qlever-server-d,R,1411,12,14241451993,95173042,668,5,0
4924610892956371,3129405,qlever-server-d,R,1411,11,14225675796,113533739,654,3,0
4924610892956371,3129406,qlever-server-d,R,1396,13,14092303913,245363323,696,7,0
4924610892956371,3129407,qlever-server-d,R,1402,11,14133316021,214963441,575,1,0
4924610892956371,3129408,qlever-server-d,S,0,0,15360,0,1,13,futex_do_wait
4924610892956371,3129409,qlever-server-d,S,0,0,193821,0,6,12,ep_poll
4924610892956371,3129410,qlever-server-d,S,0,0,575900,20000,12,9,futex_do_wait
4924610892956371,3129411,qlever-server-d,S,1,15,175010489,375336606,1526,14,futex_do_wait
4924610892956371,3129412,qlever-server-d,S,0,16,170119841,362824013,1420,6,futex_do_wait
4924610892956371,3129413,qlever-server-d,S,0,15,163407390,390753477,1501,15,futex_do_wait
4924610892956371,3129414,qlever-server-d,S,0,22,232152706,388797424,1698,13,ep_poll
4924610892956371,3129415,qlever-server-d,S,0,14,155942868,370411532,1561,14,futex_do_wait
4924610892956371,3129416,qlever-server-d,S,0,13,146828322,365627421,1397,5,futex_do_wait
4924610892956371,3129417,qlever-server-d,S,1,17,189388827,399838545,1556,4,futex_do_wait
4924610892956371,3129418,qlever-server-d,S,0,19,205325291,350366634,1443,5,futex_do_wait
4924610892956371,3130642,qlever-server-d,S,0,0,437891,2312892,15,7,futex_do_wait
4924610892956371,3130643,qlever-server-d,S,0,0,3029941,7745403,62,3,futex_do_wait
4924610892956371,3130644,qlever-server-d,R,42,2,451327733,138219540,474,11,0
4924610892956371,3130646,qlever-server-d,S,6,0,70354266,70457396,215,3,futex_do_wait
4924610892956371,3130647,qlever-server-d,S,5,0,64379872,80659086,231,3,futex_do_wait
4924610892956371,3130648,qlever-server-d,R,52,3,559657703,111561240,311,2,0
4924610892956371,3130649,qlever-server-d,R,54,2,562225616,65750316,312,11,0
4924610892956371,0,__system__,-,1024890574,7868005466,0,0,0,-1,-
4924610913084491,3128855,qlever-server-d,S,936,1591,25279315500,30777902,1912,1,futex_do_wait
4924610913084491,3128859,qlever-server-d,S,0,0,3433483,3276002,30,14,futex_do_wait
4924610913084491,3129400,qlever-server-d,R,1401,12,14133629084,235653439,591,14,0
4924610913084491,3129401,qlever-server-d,R,1399,11,14109299467,241489975,521,4,0
4924610913084491,3129402,qlever-server-d,R,1399,15,14149418584,211692395,1148,13,0
4924610913084491,3129403,qlever-server-d,R,1400,14,14150493396,216786965,703,6,0
4924610913084491,3129404,qlever-server-d,R,1413,12,14260172534,96452482,669,5,0
4924610913084491,3129405,qlever-server-d,R,1413,11,14245130077,114107579,657,3,0
4924610913084491,3129406,qlever-server-d,R,1397,13,14110207283,247639104,697,7,0
4924610913084491,3129407,qlever-server-d,R,1404,11,14153045762,215801031,582,1,0
4924610913084491,3129408,qlever-server-d,S,0,0,15360,0,1,13,futex_do_wait
4924610913084491,3129409,qlever-server-d,S,0,0,193821,0,6,12,ep_poll
4924610913084491,3129410,qlever-server-d,S,0,0,575900,20000,12,9,futex_do_wait
4924610913084491,3129411,qlever-server-d,S,1,15,175010489,375336606,1526,14,futex_do_wait
4924610913084491,3129412,qlever-server-d,S,0,16,170119841,362824013,1420,6,futex_do_wait
4924610913084491,3129413,qlever-server-d,S,0,15,163407390,390753477,1501,15,futex_do_wait
4924610913084491,3129414,qlever-server-d,S,0,22,232152706,388797424,1698,13,ep_poll
4924610913084491,3129415,qlever-server-d,S,0,14,155942868,370411532,1561,14,futex_do_wait
4924610913084491,3129416,qlever-server-d,S,0,13,146828322,365627421,1397,5,futex_do_wait
4924610913084491,3129417,qlever-server-d,S,1,17,189388827,399838545,1556,4,futex_do_wait
4924610913084491,3129418,qlever-server-d,S,0,19,205325291,350366634,1443,5,futex_do_wait
4924610913084491,3130642,qlever-server-d,S,0,0,437891,2312892,15,7,futex_do_wait
4924610913084491,3130643,qlever-server-d,S,0,0,3077811,7750283,63,11,futex_do_wait
4924610913084491,3130644,qlever-server-d,R,43,2,459424257,142880164,490,11,0
4924610913084491,3130646,qlever-server-d,R,6,0,71322817,72398928,218,11,0
4924610913084491,3130647,qlever-server-d,R,5,0,64838613,82023387,235,11,0
4924610913084491,3130648,qlever-server-d,R,54,3,573692381,118524014,314,2,0
4924610913084491,3130649,qlever-server-d,R,55,2,576111634,69279487,320,0,0
4924610913084491,0,__system__,-,1024890607,7868005500,0,0,0,-1,-
4924610933088282,3128855,qlever-server-d,S,936,1591,25279315500,30777902,1912,1,futex_do_wait
4924610933088282,3128859,qlever-server-d,S,0,0,3433483,3276002,30,14,futex_do_wait
4924610933088282,3129400,qlever-server-d,R,1403,12,14152155954,237126400,594,14,0
4924610933088282,3129401,qlever-server-d,R,1401,11,14128014228,242546925,522,4,0
4924610933088282,3129402,qlever-server-d,R,1401,15,14169185285,211692395,1148,13,0
4924610933088282,3129403,qlever-server-d,R,1402,14,14170494057,216786965,703,6,0
4924610933088282,3129404,qlever-server-d,R,1415,12,14280173715,96452482,669,5,0
4924610933088282,3129405,qlever-server-d,R,1415,11,14265606428,114126839,658,3,0
4924610933088282,3129406,qlever-server-d,R,1399,13,14127943043,249904385,699,7,0
4924610933088282,3129407,qlever-server-d,R,1405,11,14171797933,216454901,589,1,0
4924610933088282,3129408,qlever-server-d,S,0,0,15360,0,1,13,futex_do_wait
4924610933088282,3129409,qlever-server-d,S,0,0,193821,0,6,12,ep_poll
4924610933088282,3129410,qlever-server-d,S,0,0,575900,20000,12,9,futex_do_wait
4924610933088282,3129411,qlever-server-d,S,1,15,175010489,375336606,1526,14,futex_do_wait
4924610933088282,3129412,qlever-server-d,S,0,16,170119841,362824013,1420,6,futex_do_wait
4924610933088282,3129413,qlever-server-d,S,0,15,163407390,390753477,1501,15,futex_do_wait
4924610933088282,3129414,qlever-server-d,S,0,22,232152706,388797424,1698,13,ep_poll
4924610933088282,3129415,qlever-server-d,S,0,14,155942868,370411532,1561,14,futex_do_wait
4924610933088282,3129416,qlever-server-d,S,0,13,146828322,365627421,1397,5,futex_do_wait
4924610933088282,3129417,qlever-server-d,S,1,17,189388827,399838545,1556,4,futex_do_wait
4924610933088282,3129418,qlever-server-d,S,0,19,205325291,350366634,1443,5,futex_do_wait
4924610933088282,3130642,qlever-server-d,S,0,0,437891,2312892,15,7,futex_do_wait
4924610933088282,3130643,qlever-server-d,S,0,0,3112051,7754283,64,11,futex_do_wait
4924610933088282,3130644,qlever-server-d,R,44,2,472177665,145748956,518,11,0
4924610933088282,3130646,qlever-server-d,R,6,0,72626538,73866749,224,11,0
4924610933088282,3130647,qlever-server-d,R,5,0,66196904,83273088,241,11,0
4924610933088282,3130648,qlever-server-d,R,55,3,592399892,118530214,327,2,0
4924610933088282,3130649,qlever-server-d,R,57,2,595111745,69279487,320,0,0
4924610933088282,0,__system__,-,1024890635,7868005529,0,0,0,-1,-
4924610953081153,3128855,qlever-server-d,S,936,1591,25279315500,30777902,1912,1,futex_do_wait
4924610953081153,3128859,qlever-server-d,S,0,0,3433483,3276002,30,14,futex_do_wait
4924610953081153,3129400,qlever-server-d,R,1405,12,14172272035,237126400,594,14,0
4924610953081153,3129401,qlever-server-d,R,1403,11,14148054909,242642675,523,4,0
4924610953081153,3129402,qlever-server-d,R,1403,15,14189186276,211692395,1148,13,0
4924610953081153,3129403,qlever-server-d,R,1404,14,14190494368,216786965,703,6,0
4924610953081153,3129404,qlever-server-d,R,1417,12,14300173436,96452482,669,5,0
4924610953081153,3129405,qlever-server-d,R,1417,11,14285083159,114126839,658,3,0
4924610953081153,3129406,qlever-server-d,R,1401,13,14145812133,252015976,701,7,0
4924610953081153,3129407,qlever-server-d,R,1407,11,14191757474,216495291,592,1,0
4924610953081153,3129408,qlever-server-d,S,0,0,15360,0,1,13,futex_do_wait
4924610953081153,3129409,qlever-server-d,S,0,0,193821,0,6,12,ep_poll
4924610953081153,3129410,qlever-server-d,S,0,0,575900,20000,12,9,futex_do_wait
4924610953081153,3129411,qlever-server-d,S,1,15,175010489,375336606,1526,14,futex_do_wait
4924610953081153,3129412,qlever-server-d,S,0,16,170119841,362824013,1420,6,futex_do_wait
4924610953081153,3129413,qlever-server-d,S,0,15,163407390,390753477,1501,15,futex_do_wait
4924610953081153,3129414,qlever-server-d,S,0,22,232152706,388797424,1698,13,ep_poll
4924610953081153,3129415,qlever-server-d,S,0,14,155942868,370411532,1561,14,futex_do_wait
4924610953081153,3129416,qlever-server-d,S,0,13,146828322,365627421,1397,5,futex_do_wait
4924610953081153,3129417,qlever-server-d,S,1,17,189388827,399838545,1556,4,futex_do_wait
4924610953081153,3129418,qlever-server-d,S,0,19,205325291,350366634,1443,5,futex_do_wait
4924610953081153,3130642,qlever-server-d,S,0,0,466471,2319402,16,7,futex_do_wait
4924610953081153,3130643,qlever-server-d,S,0,0,3179711,7762383,66,11,futex_do_wait
4924610953081153,3130644,qlever-server-d,S,45,2,484111562,148066176,541,11,futex_do_wait
4924610953081153,3130646,qlever-server-d,S,6,0,73643878,75056869,229,4,futex_do_wait
4924610953081153,3130647,qlever-server-d,S,5,0,67496414,84158688,245,11,futex_do_wait
4924610953081153,3130648,qlever-server-d,R,57,3,612888733,118530214,348,2,0
4924610953081153,3130649,qlever-server-d,R,59,2,616111806,69279487,320,0,0
4924610953081153,0,__system__,-,1024890669,7868005563,0,0,0,-1,-
4924610973094614,3128855,qlever-server-d,S,936,1591,25279315500,30777902,1912,1,futex_do_wait
4924610973094614,3128859,qlever-server-d,S,0,0,3433483,3276002,30,14,futex_do_wait
4924610973094614,3129400,qlever-server-d,R,1406,12,14189207434,240076152,600,14,0
4924610973094614,3129401,qlever-server-d,R,1404,11,14167392030,243165675,525,12,0
4924610973094614,3129402,qlever-server-d,R,1405,15,14209186757,211692395,1148,13,0
4924610973094614,3129403,qlever-server-d,R,1406,14,14210494289,216786965,703,6,0
4924610973094614,3129404,qlever-server-d,R,1419,12,14320173417,96452482,669,5,0
4924610973094614,3129405,qlever-server-d,R,1418,11,14305082540,114126839,658,3,0
4924610973094614,3129406,qlever-server-d,R,1403,13,14163568123,254279907,702,7,0
4924610973094614,3129407,qlever-server-d,R,1409,11,14211757085,216495291,592,1,0
4924610973094614,3129408,qlever-server-d,S,0,0,15360,0,1,13,futex_do_wait
4924610973094614,3129409,qlever-server-d,S,0,0,193821,0,6,12,ep_poll
4924610973094614,3129410,qlever-server-d,S,0,0,575900,20000,12,9,futex_do_wait
4924610973094614,3129411,qlever-server-d,S,1,15,175010489,375336606,1526,14,futex_do_wait
4924610973094614,3129412,qlever-server-d,S,0,16,170119841,362824013,1420,6,futex_do_wait
4924610973094614,3129413,qlever-server-d,S,0,15,163407390,390753477,1501,15,futex_do_wait
4924610973094614,3129414,qlever-server-d,S,0,22,232152706,388797424,1698,13,ep_poll
4924610973094614,3129415,qlever-server-d,S,0,14,155942868,370411532,1561,14,futex_do_wait
4924610973094614,3129416,qlever-server-d,S,0,13,146828322,365627421,1397,5,futex_do_wait
4924610973094614,3129417,qlever-server-d,S,1,17,189388827,399838545,1556,4,futex_do_wait
4924610973094614,3129418,qlever-server-d,S,0,19,205325291,350366634,1443,5,futex_do_wait
4924610973094614,3130642,qlever-server-d,S,0,0,466471,2319402,16,7,futex_do_wait
4924610973094614,3130643,qlever-server-d,S,0,0,3218891,7766833,67,11,futex_do_wait
4924610973094614,3130644,qlever-server-d,R,46,2,493417896,149927578,568,9,0
4924610973094614,3130646,qlever-server-d,S,6,0,74627418,76466190,233,11,futex_do_wait
4924610973094614,3130647,qlever-server-d,S,6,0,68362335,84811468,249,9,0
4924610973094614,3130648,qlever-server-d,R,59,3,631426153,118530214,361,2,0
4924610973094614,3130649,qlever-server-d,R,61,2,636111697,69279487,320,0,0
4924610973094614,0,__system__,-,1024890701,7868005596,0,0,0,-1,-
4924610992611218,3128855,qlever-server-d,S,936,1591,25279315500,30777902,1912,1,futex_do_wait
4924610992611218,3128859,qlever-server-d,S,0,0,3433483,3276002,30,14,futex_do_wait
4924610992611218,3129400,qlever-server-d,R,1408,12,14207564204,240718383,605,14,0
4924610992611218,3129401,qlever-server-d,R,1406,11,14186390581,243165675,525,12,0
4924610992611218,3129402,qlever-server-d,R,1407,15,14229188158,211692395,1148,13,0
4924610992611218,3129403,qlever-server-d,R,1408,14,14230496160,216786965,703,6,0
4924610992611218,3129404,qlever-server-d,R,1421,12,14340174228,96452482,669,5,0
4924610992611218,3129405,qlever-server-d,R,1420,11,14323974081,115237319,660,3,0
4924610992611218,3129406,qlever-server-d,R,1404,13,14181300292,256548299,704,7,0
4924610992611218,3129407,qlever-server-d,R,1411,11,14230188495,218063952,593,1,0
4924610992611218,3129408,qlever-server-d,S,0,0,15360,0,1,13,futex_do_wait
4924610992611218,3129409,qlever-server-d,S,0,0,193821,0,6,12,ep_poll
4924610992611218,3129410,qlever-server-d,S,0,0,575900,20000,12,9,futex_do_wait
4924610992611218,3129411,qlever-server-d,S,1,15,175010489,375336606,1526,14,futex_do_wait
4924610992611218,3129412,qlever-server-d,S,0,16,170119841,362824013,1420,6,futex_do_wait
4924610992611218,3129413,qlever-server-d,S,0,15,163407390,390753477,1501,15,futex_do_wait
4924610992611218,3129414,qlever-server-d,S,0,22,232152706,388797424,1698,13,ep_poll
4924610992611218,3129415,qlever-server-d,S,0,14,155942868,370411532,1561,14,futex_do_wait
4924610992611218,3129416,qlever-server-d,S,0,13,146828322,365627421,1397,5,futex_do_wait
4924610992611218,3129417,qlever-server-d,S,1,17,189388827,399838545,1556,4,futex_do_wait
4924610992611218,3129418,qlever-server-d,S,0,19,205325291,350366634,1443,5,futex_do_wait
4924610992611218,3130642,qlever-server-d,S,0,0,497741,2327022,17,7,futex_do_wait
4924610992611218,3130643,qlever-server-d,S,0,0,3218891,7766833,67,11,futex_do_wait
4924610992611218,3130644,qlever-server-d,S,47,2,499649840,157477072,578,0,futex_do_wait
4924610992611218,3130646,qlever-server-d,S,6,0,75055809,76965010,234,11,futex_do_wait
4924610992611218,3130647,qlever-server-d,S,6,0,68374065,85219939,250,11,futex_do_wait
4924610992611218,3130648,qlever-server-d,R,61,3,646175322,119524035,377,10,0
4924610992611218,3130649,qlever-server-d,S,62,2,651919836,71008648,326,0,futex_do_wait
4924610992611218,0,__system__,-,1024890730,7868005626,0,0,0,-1,-
4924611012360511,3128855,qlever-server-d,S,936,1591,25279315500,30777902,1912,1,futex_do_wait
4924611012360511,3128859,qlever-server-d,S,0,0,3433483,3276002,30,14,futex_do_wait
4924611012360511,3129400,qlever-server-d,R,1410,12,14227484905,240799103,611,14,0
4924611012360511,3129401,qlever-server-d,R,1408,11,14206392002,243165675,525,12,0
4924611012360511,3129402,qlever-server-d,R,1409,15,14248186839,211692395,1148,13,0
4924611012360511,3129403,qlever-server-d,R,1410,14,14250779301,216882936,705,6,0
4924611012360511,3129404,qlever-server-d,R,1423,12,14360172670,96452482,669,5,0
4924611012360511,3129405,qlever-server-d,R,1422,11,14343401232,115809320,662,3,0
4924611012360511,3129406,qlever-server-d,R,1406,13,14201290154,256548299,704,7,0
4924611012360511,3129407,qlever-server-d,R,1413,11,14250188807,218063952,593,1,0
4924611012360511,3129408,qlever-server-d,S,0,0,15360,0,1,13,futex_do_wait
4924611012360511,3129409,qlever-server-d,S,0,0,193821,0,6,12,ep_poll
4924611012360511,3129410,qlever-server-d,S,0,0,575900,20000,12,9,futex_do_wait
4924611012360511,3129411,qlever-server-d,S,1,15,175010489,375336606,1526,14,futex_do_wait
4924611012360511,3129412,qlever-server-d,S,0,16,170119841,362824013,1420,6,futex_do_wait
4924611012360511,3129413,qlever-server-d,S,0,15,163407390,390753477,1501,15,futex_do_wait
4924611012360511,3129414,qlever-server-d,S,0,22,232152706,388797424,1698,13,ep_poll
4924611012360511,3129415,qlever-server-d,S,0,14,155942868,370411532,1561,14,futex_do_wait
4924611012360511,3129416,qlever-server-d,S,0,13,146828322,365627421,1397,5,futex_do_wait
4924611012360511,3129417,qlever-server-d,S,1,17,189388827,399838545,1556,4,futex_do_wait
4924611012360511,3129418,qlever-server-d,S,0,19,205325291,350366634,1443,5,futex_do_wait
4924611012360511,3130642,qlever-server-d,S,0,0,497741,2327022,17,7,futex_do_wait
4924611012360511,3130643,qlever-server-d,S,0,0,3218891,7766833,67,11,futex_do_wait
4924611012360511,3130644,qlever-server-d,S,47,2,505341801,161612944,605,10,futex_do_wait
4924611012360511,3130646,qlever-server-d,S,6,0,75068279,77540831,235,11,futex_do_wait
4924611012360511,3130647,qlever-server-d,S,6,0,68839405,85225609,251,11,futex_do_wait
4924611012360511,3130648,qlever-server-d,S,62,3,662696433,125720156,399,10,futex_do_wait
4924611012360511,3130649,qlever-server-d,R,64,2,667778086,71958599,344,0,0
4924611012360511,0,__system__,-,1024890761,7868005657,0,0,0,-1,-
4924611033088837,3128855,qlever-server-d,S,936,1591,25279315500,30777902,1912,1,futex_do_wait
4924611033088837,3128859,qlever-server-d,S,0,0,3433483,3276002,30,14,futex_do_wait
4924611033088837,3129400,qlever-server-d,R,1412,12,14247943687,241342023,617,14,0
4924611033088837,3129401,qlever-server-d,R,1410,11,14227394124,243165675,525,12,0
4924611033088837,3129402,qlever-server-d,R,1410,15,14263558877,217331589,1152,13,0
4924611033088837,3129403,qlever-server-d,R,1412,14,14268587210,218694948,708,6,0
4924611033088837,3129404,qlever-server-d,R,1425,12,14380175251,96452482,669,5,0
4924611033088837,3129405,qlever-server-d,R,1424,11,14363380423,115830830,663,3,0
4924611033088837,3129406,qlever-server-d,R,1408,13,14221264785,256575859,705,7,0
4924611033088837,3129407,qlever-server-d,R,1415,11,14269680918,218572072,594,1,0
4924611033088837,3129408,qlever-server-d,S,0,0,15360,0,1,13,futex_do_wait
4924611033088837,3129409,qlever-server-d,S,0,0,193821,0,6,12,ep_poll
4924611033088837,3129410,qlever-server-d,S,0,0,575900,20000,12,9,futex_do_wait
4924611033088837,3129411,qlever-server-d,S,1,15,175010489,375336606,1526,14,futex_do_wait
4924611033088837,3129412,qlever-server-d,S,0,16,170119841,362824013,1420,6,futex_do_wait
4924611033088837,3129413,qlever-server-d,S,0,15,163407390,390753477,1501,15,futex_do_wait
4924611033088837,3129414,qlever-server-d,S,0,22,232152706,388797424,1698,13,ep_poll
4924611033088837,3129415,qlever-server-d,S,0,14,155942868,370411532,1561,14,futex_do_wait
4924611033088837,3129416,qlever-server-d,S,0,13,146828322,365627421,1397,5,futex_do_wait
4924611033088837,3129417,qlever-server-d,S,1,17,189388827,399838545,1556,4,futex_do_wait
4924611033088837,3129418,qlever-server-d,S,0,19,205325291,350366634,1443,5,futex_do_wait
4924611033088837,3130642,qlever-server-d,S,0,0,497741,2327022,17,7,futex_do_wait
4924611033088837,3130643,qlever-server-d,S,0,0,3265531,7980503,68,11,futex_do_wait
4924611033088837,3130644,qlever-server-d,S,48,2,511288475,167570657,621,2,futex_do_wait
4924611033088837,3130646,qlever-server-d,S,7,0,75534469,77612951,236,11,futex_do_wait
4924611033088837,3130647,qlever-server-d,S,6,0,68863445,86630809,252,11,futex_do_wait
4924611033088837,3130648,qlever-server-d,S,63,3,675353100,129890908,413,2,futex_do_wait
4924611033088837,3130649,qlever-server-d,R,65,2,681279414,76688822,354,0,0
4924611033088837,0,__system__,-,1024890792,7868005689,0,0,0,-1,-
4924611053179947,3128855,qlever-server-d,S,936,1591,25279315500,30777902,1912,1,futex_do_wait
4924611053179947,3128859,qlever-server-d,S,0,0,3433483,3276002,30,14,futex_do_wait
4924611053179947,3129400,qlever-server-d,R,1414,12,14267884378,241420373,623,14,0
4924611053179947,3129401,qlever-server-d,R,1412,11,14247391245,243165675,525,12,0
4924611053179947,3129402,qlever-server-d,R,1411,15,14272721642,226166294,1155,13,0
4924611053179947,3129403,qlever-server-d,R,1414,14,14288586091,218694948,708,6,0
4924611053179947,3129404,qlever-server-d,R,1426,13,14400173502,96452482,669,5,0
4924611053179947,3129405,qlever-server-d,R,1426,11,14383381844,115830830,663,3,0
4924611053179947,3129406,qlever-server-d,R,1410,13,14241236506,256602829,706,7,0
4924611053179947,3129407,qlever-server-d,R,1417,11,14288232289,220020422,597,1,0
4924611053179947,3129408,qlever-server-d,S,0,0,15360,0,1,13,futex_do_wait
4924611053179947,3129409,qlever-server-d,S,0,0,193821,0,6,12,ep_poll
4924611053179947,3129410,qlever-server-d,S,0,0,575900,20000,12,9,futex_do_wait
4924611053179947,3129411,qlever-server-d,S,1,15,175010489,375336606,1526,14,futex_do_wait
4924611053179947,3129412,qlever-server-d,S,0,16,170119841,362824013,1420,6,futex_do_wait
4924611053179947,3129413,qlever-server-d,S,0,15,163407390,390753477,1501,15,futex_do_wait
4924611053179947,3129414,qlever-server-d,S,0,22,232152706,388797424,1698,13,ep_poll
4924611053179947,3129415,qlever-server-d,S,0,14,155942868,370411532,1561,14,futex_do_wait
4924611053179947,3129416,qlever-server-d,S,0,13,146828322,365627421,1397,5,futex_do_wait
4924611053179947,3129417,qlever-server-d,S,1,17,189388827,399838545,1556,4,futex_do_wait
4924611053179947,3129418,qlever-server-d,S,0,19,205325291,350366634,1443,5,futex_do_wait
4924611053179947,3130642,qlever-server-d,S,0,0,524711,2332852,18,7,futex_do_wait
4924611053179947,3130643,qlever-server-d,S,0,0,3265531,7980503,68,11,futex_do_wait
4924611053179947,3130644,qlever-server-d,S,49,2,518789558,175543391,641,2,0
4924611053179947,3130646,qlever-server-d,R,7,0,75556329,78413852,237,11,0
4924611053179947,3130647,qlever-server-d,S,6,0,69287056,86686289,253,2,futex_do_wait
4924611053179947,3130648,qlever-server-d,R,65,3,692275380,135658851,424,10,0
4924611053179947,3130649,qlever-server-d,R,67,2,699739556,79382303,366,0,0
4924611053179947,0,__system__,-,1024890831,7868005729,0,0,0,-1,-
4924611072326064,3128855,qlever-server-d,S,936,1591,25279315500,30777902,1912,1,futex_do_wait
4924611072326064,3128859,qlever-server-d,S,0,0,3433483,3276002,30,14,futex_do_wait
4924611072326064,3129400,qlever-server-d,R,1416,12,14286799298,241484743,628,14,0
4924611072326064,3129401,qlever-server-d,R,1414,12,14265421955,244136735,526,12,0
4924611072326064,3129402,qlever-server-d,R,1412,15,14282596838,237282349,1159,13,0
4924611072326064,3129403,qlever-server-d,R,1416,14,14307594191,218694948,708,6,0
4924611072326064,3129404,qlever-server-d,R,1428,13,14419174182,96452482,669,5,0
4924611072326064,3129405,qlever-server-d,R,1428,11,14402381074,115830830,663,3,0
4924611072326064,3129406,qlever-server-d,R,1412,13,14260236156,256602829,706,7,0
4924611072326064,3129407,qlever-server-d,R,1419,11,14306731369,220522312,598,1,0
4924611072326064,3129408,qlever-server-d,S,0,0,15360,0,1,13,futex_do_wait
4924611072326064,3129409,qlever-server-d,S,0,0,193821,0,6,12,ep_poll
4924611072326064,3129410,qlever-server-d,S,0,0,575900,20000,12,9,futex_do_wait
4924611072326064,3129411,qlever-server-d,S,1,15,175010489,375336606,1526,14,futex_do_wait
4924611072326064,3129412,qlever-server-d,S,0,16,170119841,362824013,1420,6,futex_do_wait
4924611072326064,3129413,qlever-server-d,S,0,15,163407390,390753477,1501,15,futex_do_wait
4924611072326064,3129414,qlever-server-d,S,0,22,232152706,388797424,1698,13,ep_poll
4924611072326064,3129415,qlever-server-d,S,0,14,155942868,370411532,1561,14,futex_do_wait
4924611072326064,3129416,qlever-server-d,S,0,13,146828322,365627421,1397,5,futex_do_wait
4924611072326064,3129417,qlever-server-d,S,1,17,189388827,399838545,1556,4,futex_do_wait
4924611072326064,3129418,qlever-server-d,S,0,19,205325291,350366634,1443,5,futex_do_wait
4924611072326064,3130642,qlever-server-d,S,0,0,524711,2332852,18,7,futex_do_wait
4924611072326064,3130643,qlever-server-d,S,0,0,3265531,7980503,68,11,futex_do_wait
4924611072326064,3130644,qlever-server-d,R,49,2,523786419,177968412,654,0,0
4924611072326064,3130646,qlever-server-d,S,7,0,75993459,79119622,238,11,futex_do_wait
4924611072326064,3130647,qlever-server-d,S,6,0,69296236,87102239,254,11,futex_do_wait
4924611072326064,3130648,qlever-server-d,R,66,3,703982206,137662532,427,10,0
4924611072326064,3130649,qlever-server-d,R,68,2,712227813,81856533,371,9,0
4924611072326064,0,__system__,-,1024890854,7868005753,0,0,0,-1,-
4924611092610033,3128855,qlever-server-d,S,936,1591,25279315500,30777902,1912,1,futex_do_wait
4924611092610033,3128859,qlever-server-d,S,0,0,3433483,3276002,30,14,futex_do_wait
4924611092610033,3129400,qlever-server-d,R,1418,12,14306733659,241550953,633,14,0
4924611092610033,3129401,qlever-server-d,R,1416,12,14285421836,244136735,526,12,0
4924611092610033,3129402,qlever-server-d,R,1414,15,14303596810,237282349,1159,13,0
4924611092610033,3129403,qlever-server-d,R,1418,14,14327354462,219927209,709,6,0
4924611092610033,3129404,qlever-server-d,R,1430,13,14440173954,96452482,669,5,0
4924611092610033,3129405,qlever-server-d,R,1430,11,14423380946,115830830,663,3,0
4924611092610033,3129406,qlever-server-d,R,1414,13,14281208438,256630559,707,7,0
4924611092610033,3129407,qlever-server-d,R,1421,11,14325878751,222375102,601,1,0
4924611092610033,3129408,qlever-server-d,S,0,0,15360,0,1,13,futex_do_wait
4924611092610033,3129409,qlever-server-d,S,0,0,193821,0,6,12,ep_poll
4924611092610033,3129410,qlever-server-d,S,0,0,575900,20000,12,9,futex_do_wait
4924611092610033,3129411,qlever-server-d,S,1,15,175010489,375336606,1526,14,futex_do_wait
4924611092610033,3129412,qlever-server-d,S,0,16,170119841,362824013,1420,6,futex_do_wait
4924611092610033,3129413,qlever-server-d,S,0,15,163407390,390753477,1501,15,futex_do_wait
4924611092610033,3129414,qlever-server-d,S,0,22,232152706,388797424,1698,13,ep_poll
4924611092610033,3129415,qlever-server-d,S,0,14,155942868,370411532,1561,14,futex_do_wait
4924611092610033,3129416,qlever-server-d,S,0,13,146828322,365627421,1397,5,futex_do_wait
4924611092610033,3129417,qlever-server-d,S,1,17,189388827,399838545,1556,4,futex_do_wait
4924611092610033,3129418,qlever-server-d,S,0,19,205325291,350366634,1443,5,futex_do_wait
4924611092610033,3130642,qlever-server-d,S,0,0,552441,2339142,19,7,futex_do_wait
4924611092610033,3130643,qlever-server-d,S,0,0,3323861,9002693,70,0,futex_do_wait
4924611092610033,3130644,qlever-server-d,R,50,2,532179124,180217902,682,0,0
4924611092610033,3130646,qlever-server-d,S,7,0,76481339,79586042,240,0,futex_do_wait
4924611092610033,3130647,qlever-server-d,S,6,0,69791966,87688059,256,0,futex_do_wait
4924611092610033,3130648,qlever-server-d,R,69,3,725982068,137662532,427,10,0
4924611092610033,3130649,qlever-server-d,R,70,2,732855864,81856533,391,9,0
4924611092610033,0,__system__,-,1024890887,7868005787,0,0,0,-1,-
4924611112866522,3128855,qlever-server-d,S,936,1591,25279315500,30777902,1912,1,futex_do_wait
4924611112866522,3128859,qlever-server-d,S,0,0,3433483,3276002,30,14,futex_do_wait
4924611112866522,3129400,qlever-server-d,R,1420,12,14327707331,241577243,635,14,0
4924611112866522,3129401,qlever-server-d,R,1418,12,14306421338,244136735,526,12,0
4924611112866522,3129402,qlever-server-d,R,1416,15,14323597631,237282349,1159,13,0
4924611112866522,3129403,qlever-server-d,R,1420,14,14347433633,220034309,711,6,0
4924611112866522,3129404,qlever-server-d,R,1432,13,14460174895,96452482,669,5,0
4924611112866522,3129405,qlever-server-d,R,1432,11,14443378727,115877970,665,3,0
4924611112866522,3129406,qlever-server-d,R,1416,13,14301209599,256630559,707,7,0
4924611112866522,3129407,qlever-server-d,R,1422,11,14344442982,224292942,604,1,0
4924611112866522,3129408,qlever-server-d,S,0,0,15360,0,1,13,futex_do_wait
4924611112866522,3129409,qlever-server-d,S,0,0,193821,0,6,12,ep_poll
4924611112866522,3129410,qlever-server-d,S,0,0,575900,20000,12,9,futex_do_wait
4924611112866522,3129411,qlever-server-d,S,1,15,175010489,375336606,1526,14,futex_do_wait
4924611112866522,3129412,qlever-server-d,S,0,16,170119841,362824013,1420,6,futex_do_wait
4924611112866522,3129413,qlever-server-d,S,0,15,163407390,390753477,1501,15,futex_do_wait
4924611112866522,3129414,qlever-server-d,S,0,22,232152706,388797424,1698,13,ep_poll
4924611112866522,3129415,qlever-server-d,S,0,14,155942868,370411532,1561,14,futex_do_wait
4924611112866522,3129416,qlever-server-d,S,0,13,146828322,365627421,1397,5,futex_do_wait
4924611112866522,3129417,qlever-server-d,S,1,17,189388827,399838545,1556,4,futex_do_wait
4924611112866522,3129418,qlever-server-d,S,0,19,205325291,350366634,1443,5,futex_do_wait
4924611112866522,3130642,qlever-server-d,S,0,0,552441,2339142,19,7,futex_do_wait
4924611112866522,3130643,qlever-server-d,S,0,0,3364951,9007113,71,0,futex_do_wait
4924611112866522,3130644,qlever-server-d,R,51,2,540467500,181835952,706,0,0
4924611112866522,3130646,qlever-server-d,S,7,0,76950159,80005382,242,0,futex_do_wait
4924611112866522,3130647,qlever-server-d,S,6,0,70230016,88319249,258,0,futex_do_wait
4924611112866522,3130648,qlever-server-d,R,70,3,744980979,137662532,427,10,0
4924611112866522,3130649,qlever-server-d,R,72,2,751226635,81856533,414,9,0
4924611112866522,0,__system__,-,1024890916,7868005816,0,0,0,-1,-
4924611132325557,3128855,qlever-server-d,S,936,1591,25279315500,30777902,1912,1,futex_do_wait
4924611132325557,3128859,qlever-server-d,S,0,0,3433483,3276002,30,14,futex_do_wait
4924611132325557,3129400,qlever-server-d,R,1422,12,14346706082,241577243,635,14,0
4924611132325557,3129401,qlever-server-d,R,1420,12,14325421389,244136735,526,12,0
4924611132325557,3129402,qlever-server-d,R,1418,15,14342506992,237371859,1161,13,0
4924611132325557,3129403,qlever-server-d,R,1422,14,14366246974,220034309,711,6,0
4924611132325557,3129404,qlever-server-d,R,1434,13,14479173856,96452482,669,5,0
4924611132325557,3129405,qlever-server-d,R,1434,11,14462314268,115897700,666,3,0
4924611132325557,3129406,qlever-server-d,R,1418,13,14320182690,256656589,708,7,0
4924611132325557,3129407,qlever-server-d,R,1424,11,14361492142,225761453,607,1,0
4924611132325557,3129408,qlever-server-d,S,0,0,15360,0,1,13,futex_do_wait
4924611132325557,3129409,qlever-server-d,S,0,0,193821,0,6,12,ep_poll
4924611132325557,3129410,qlever-server-d,S,0,0,575900,20000,12,9,futex_do_wait
4924611132325557,3129411,qlever-server-d,S,1,15,175010489,375336606,1526,14,futex_do_wait
4924611132325557,3129412,qlever-server-d,S,0,16,170119841,362824013,1420,6,futex_do_wait
4924611132325557,3129413,qlever-server-d,S,0,15,163407390,390753477,1501,15,futex_do_wait
4924611132325557,3129414,qlever-server-d,S,0,22,232152706,388797424,1698,13,ep_poll
4924611132325557,3129415,qlever-server-d,S,0,14,155942868,370411532,1561,14,futex_do_wait
4924611132325557,3129416,qlever-server-d,S,0,13,146828322,365627421,1397,5,futex_do_wait
4924611132325557,3129417,qlever-server-d,S,1,17,189388827,399838545,1556,4,futex_do_wait
4924611132325557,3129418,qlever-server-d,S,0,19,205325291,350366634,1443,5,futex_do_wait
4924611132325557,3130642,qlever-server-d,S,0,0,552441,2339142,19,7,futex_do_wait
4924611132325557,3130643,qlever-server-d,S,0,0,3378041,11306934,72,0,futex_do_wait
4924611132325557,3130644,qlever-server-d,R,52,2,550965176,185188054,724,0,0
4924611132325557,3130646,qlever-server-d,S,7,0,77434919,80887923,245,0,futex_do_wait
4924611132325557,3130647,qlever-server-d,S,6,0,71148407,90089489,261,0,futex_do_wait
4924611132325557,3130648,qlever-server-d,R,72,3,763837159,137806762,430,10,0
4924611132325557,3130649,qlever-server-d,R,74,2,769396675,81856533,448,9,0
4924611132325557,0,__system__,-,1024890946,7868005847,0,0,0,-1,-
4924611152809465,3128855,qlever-server-d,S,936,1591,25279315500,30777902,1912,1,futex_do_wait
4924611152809465,3128859,qlever-server-d,S,0,0,3433483,3276002,30,14,futex_do_wait
4924611152809465,3129400,qlever-server-d,R,1424,12,14367695503,241589593,636,14,0
4924611152809465,3129401,qlever-server-d,R,1422,12,14346408470,244149795,527,12,0
4924611152809465,3129402,qlever-server-d,R,1420,15,14363495893,237383949,1162,13,0
4924611152809465,3129403,qlever-server-d,R,1424,14,14387236035,220047029,712,6,0
4924611152809465,3129404,qlever-server-d,R,1436,13,14500161527,96465282,670,5,0
4924611152809465,3129405,qlever-server-d,R,1436,11,14483306269,115909290,667,3,0
4924611152809465,3129406,qlever-server-d,R,1420,13,14341136621,256703259,710,7,0
4924611152809465,3129407,qlever-server-d,R,1426,11,14381073512,227180454,610,1,0
4924611152809465,3129408,qlever-server-d,S,0,0,15360,0,1,13,futex_do_wait
4924611152809465,3129409,qlever-server-d,S,0,0,193821,0,6,12,ep_poll
4924611152809465,3129410,qlever-server-d,S,0,0,575900,20000,12,9,futex_do_wait
4924611152809465,3129411,qlever-server-d,S,1,15,175010489,375336606,1526,14,futex_do_wait
4924611152809465,3129412,qlever-server-d,S,0,16,170119841,362824013,1420,6,futex_do_wait
4924611152809465,3129413,qlever-server-d,S,0,15,163407390,390753477,1501,15,futex_do_wait
4924611152809465,3129414,qlever-server-d,S,0,22,232152706,388797424,1698,13,ep_poll
4924611152809465,3129415,qlever-server-d,S,0,14,155942868,370411532,1561,14,futex_do_wait
4924611152809465,3129416,qlever-server-d,S,0,13,146828322,365627421,1397,5,futex_do_wait
4924611152809465,3129417,qlever-server-d,S,1,17,189388827,399838545,1556,4,futex_do_wait
4924611152809465,3129418,qlever-server-d,S,0,19,205325291,350366634,1443,5,futex_do_wait
4924611152809465,3130642,qlever-server-d,S,0,0,586331,2345902,20,7,futex_do_wait
4924611152809465,3130643,qlever-server-d,S,0,0,3422601,11314274,74,0,futex_do_wait
4924611152809465,3130644,qlever-server-d,R,53,2,559644291,187446085,749,0,0
4924611152809465,3130646,qlever-server-d,S,7,0,78328509,81900394,248,0,futex_do_wait
4924611152809465,3130647,qlever-server-d,S,6,0,71623727,90948329,264,0,futex_do_wait
4924611152809465,3130648,qlever-server-d,R,74,3,784828081,137816802,431,10,0
4924611152809465,3130649,qlever-server-d,R,76,2,790132087,81866363,461,9,0
4924611152809465,0,__system__,-,1024890979,7868005881,0,0,0,-1,-
4924611173075894,3128855,qlever-server-d,S,936,1591,25279315500,30777902,1912,1,futex_do_wait
4924611173075894,3128859,qlever-server-d,S,0,0,3433483,3276002,30,14,futex_do_wait
4924611173075894,3129400,qlever-server-d,R,1426,12,14387694674,241589593,636,14,0
4924611173075894,3129401,qlever-server-d,R,1424,12,14366407541,244149795,527,12,0
4924611173075894,3129402,qlever-server-d,R,1422,15,14383495854,237383949,1162,13,0
4924611173075894,3129403,qlever-server-d,R,1426,14,14407529067,220047029,712,6,0
4924611173075894,3129404,qlever-server-d,R,1438,13,14520161098,96465282,670,5,0
4924611173075894,3129405,qlever-server-d,R,1438,11,14503303400,115909290,667,3,0
4924611173075894,3129406,qlever-server-d,R,1422,13,14361136982,256703259,710,7,0
4924611173075894,3129407,qlever-server-d,R,1428,11,14399974422,228490756,613,1,0
4924611173075894,3129408,qlever-server-d,S,0,0,15360,0,1,13,futex_do_wait
4924611173075894,3129409,qlever-server-d,S,0,0,193821,0,6,12,ep_poll
4924611173075894,3129410,qlever-server-d,S,0,0,575900,20000,12,9,futex_do_wait
4924611173075894,3129411,qlever-server-d,S,1,15,175010489,375336606,1526,14,futex_do_wait
4924611173075894,3129412,qlever-server-d,S,0,16,170119841,362824013,1420,6,futex_do_wait
4924611173075894,3129413,qlever-server-d,S,0,15,163407390,390753477,1501,15,futex_do_wait
4924611173075894,3129414,qlever-server-d,S,0,22,232152706,388797424,1698,13,ep_poll
4924611173075894,3129415,qlever-server-d,S,0,14,155942868,370411532,1561,14,futex_do_wait
4924611173075894,3129416,qlever-server-d,S,0,13,146828322,365627421,1397,5,futex_do_wait
4924611173075894,3129417,qlever-server-d,S,1,17,189388827,399838545,1556,4,futex_do_wait
4924611173075894,3129418,qlever-server-d,S,0,19,205325291,350366634,1443,5,futex_do_wait
4924611173075894,3130642,qlever-server-d,S,0,0,586331,2345902,20,7,futex_do_wait
4924611173075894,3130643,qlever-server-d,S,0,0,3541371,11327084,77,0,futex_do_wait
4924611173075894,3130644,qlever-server-d,R,54,2,575157441,192629916,761,0,0
4924611173075894,3130646,qlever-server-d,S,7,0,80141379,83150684,256,9,futex_do_wait
4924611173075894,3130647,qlever-server-d,S,6,1,73464087,93338730,272,0,futex_do_wait
4924611173075894,3130648,qlever-server-d,R,76,3,801757871,137816802,434,10,0
4924611173075894,3130649,qlever-server-d,R,77,2,806021617,82049013,474,9,0
4924611173075894,0,__system__,-,1024891010,7868005912,0,0,0,-1,-
4924611192320130,3128855,qlever-server-d,S,936,1591,25279315500,30777902,1912,1,futex_do_wait
4924611192320130,3128859,qlever-server-d,S,0,0,3433483,3276002,30,14,futex_do_wait
4924611192320130,3129400,qlever-server-d,R,1428,12,14406625905,241657633,641,14,0
4924611192320130,3129401,qlever-server-d,R,1426,12,14385615522,244149795,527,12,0
4924611192320130,3129402,qlever-server-d,R,1423,15,14396877542,243002432,1166,13,0
4924611192320130,3129403,qlever-server-d,R,1428,14,14425904347,220378289,714,6,0
4924611192320130,3129404,qlever-server-d,R,1440,13,14539162019,96465282,670,5,0
4924611192320130,3129405,qlever-server-d,R,1440,11,14522303161,115909290,667,3,0
4924611192320130,3129406,qlever-server-d,R,1424,13,14379312702,257527190,713,7,0
4924611192320130,3129407,qlever-server-d,R,1430,11,14416789541,230471417,617,1,0
4924611192320130,3129408,qlever-server-d,S,0,0,15360,0,1,13,futex_do_wait
4924611192320130,3129409,qlever-server-d,S,0,0,193821,0,6,12,ep_poll
4924611192320130,3129410,qlever-server-d,S,0,0,575900,20000,12,9,futex_do_wait
4924611192320130,3129411,qlever-server-d,S,1,15,175010489,375336606,1526,14,futex_do_wait
4924611192320130,3129412,qlever-server-d,S,0,16,170119841,362824013,1420,6,futex_do_wait
4924611192320130,3129413,qlever-server-d,S,0,15,163407390,390753477,1501,15,futex_do_wait
4924611192320130,3129414,qlever-server-d,S,0,22,232152706,388797424,1698,13,ep_poll
4924611192320130,3129415,qlever-server-d,S,0,14,155942868,370411532,1561,14,futex_do_wait
4924611192320130,3129416,qlever-server-d,S,0,13,146828322,365627421,1397,5,futex_do_wait
4924611192320130,3129417,qlever-server-d,S,1,17,189388827,399838545,1556,4,futex_do_wait
4924611192320130,3129418,qlever-server-d,S,0,19,205325291,350366634,1443,5,futex_do_wait
4924611192320130,3130642,qlever-server-d,S,0,0,619151,2352972,21,7,futex_do_wait
4924611192320130,3130643,qlever-server-d,S,0,0,3632741,11327084,78,0,futex_do_wait
4924611192320130,3130644,qlever-server-d,S,55,3,586169087,199722160,771,10,0
4924611192320130,3130646,qlever-server-d,S,7,0,81039570,84046055,260,0,futex_do_wait
4924611192320130,3130647,qlever-server-d,S,6,1,74430067,94415641,276,0,futex_do_wait
4924611192320130,3130648,qlever-server-d,R,77,3,817000700,142348144,439,10,0
4924611192320130,3130649,qlever-server-d,S,79,2,822519987,82061363,482,9,0
4924611192320130,0,__system__,-,1024891041,7868005945,0,0,0,-1,-
4924611212334161,3128855,qlever-server-d,S,936,1591,25279315500,30777902,1912,1,futex_do_wait
4924611212334161,3128859,qlever-server-d,S,0,0,3433483,3276002,30,14,futex_do_wait
4924611212334161,3129400,qlever-server-d,R,1430,12,14426543636,241741193,648,14,0
4924611212334161,3129401,qlever-server-d,R,1428,12,14405332683,244226935,528,12,0
4924611212334161,3129402,qlever-server-d,R,1424,15,14407121668,251767247,1169,13,0
4924611212334161,3129403,qlever-server-d,R,1430,14,14446197228,220410689,715,6,0
4924611212334161,3129404,qlever-server-d,R,1442,13,14559162200,96465282,670,5,0
4924611212334161,3129405,qlever-server-d,R,1442,11,14542301892,115909290,667,3,0
4924611212334161,3129406,qlever-server-d,R,1426,13,14399313883,257527190,713,7,0
4924611212334161,3129407,qlever-server-d,R,1432,11,14436523271,231730839,619,1,0
4924611212334161,3129408,qlever-server-d,S,0,0,15360,0,1,13,futex_do_wait
4924611212334161,3129409,qlever-server-d,S,0,0,193821,0,6,12,ep_poll
4924611212334161,3129410,qlever-server-d,S,0,0,575900,20000,12,9,futex_do_wait
4924611212334161,3129411,qlever-server-d,S,1,15,175010489,375336606,1526,14,futex_do_wait
4924611212334161,3129412,qlever-server-d,S,0,16,170119841,362824013,1420,6,futex_do_wait
4924611212334161,3129413,qlever-server-d,S,0,15,163407390,390753477,1501,15,futex_do_wait
4924611212334161,3129414,qlever-server-d,S,0,22,232152706,388797424,1698,13,ep_poll
4924611212334161,3129415,qlever-server-d,S,0,14,155942868,370411532,1561,14,futex_do_wait
4924611212334161,3129416,qlever-server-d,S,0,13,146828322,365627421,1397,5,futex_do_wait
4924611212334161,3129417,qlever-server-d,S,1,17,189388827,399838545,1556,4,futex_do_wait
4924611212334161,3129418,qlever-server-d,S,0,19,205325291,350366634,1443,5,futex_do_wait
4924611212334161,3130642,qlever-server-d,S,0,0,619151,2352972,21,7,futex_do_wait
4924611212334161,3130643,qlever-server-d,S,0,0,3632741,11327084,78,0,futex_do_wait
4924611212334161,3130644,qlever-server-d,S,56,3,591932448,202697043,799,10,futex_do_wait
4924611212334161,3130646,qlever-server-d,S,7,0,81054770,84046055,261,9,futex_do_wait
4924611212334161,3130647,qlever-server-d,S,6,1,74924797,94415641,277,0,futex_do_wait
4924611212334161,3130648,qlever-server-d,S,79,3,829205488,150128607,461,9,futex_do_wait
4924611212334161,3130649,qlever-server-d,R,80,3,836879508,84024873,505,9,0
4924611212334161,0,__system__,-,1024891071,7868005977,0,0,0,-1,-
4924611233078097,3128855,qlever-server-d,S,936,1591,25279315500,30777902,1912,1,futex_do_wait
4924611233078097,3128859,qlever-server-d,S,0,0,3433483,3276002,30,14,futex_do_wait
4924611233078097,3129400,qlever-server-d,R,1432,12,14447531708,241753743,649,14,0
4924611233078097,3129401,qlever-server-d,R,1430,12,14426332305,244226935,528,12,0
4924611233078097,3129402,qlever-server-d,R,1425,15,14418083394,262798653,1173,13,0
4924611233078097,3129403,qlever-server-d,R,1432,14,14466626710,220656729,718,6,0
4924611233078097,3129404,qlever-server-d,R,1444,13,14580162792,96465282,670,5,0
4924611233078097,3129405,qlever-server-d,R,1444,11,14563500174,115951020,669,3,0
4924611233078097,3129406,qlever-server-d,R,1428,13,14420519905,257559800,714,7,0
4924611233078097,3129407,qlever-server-d,R,1433,11,14453564630,234858871,622,1,0
4924611233078097,3129408,qlever-server-d,S,0,0,15360,0,1,13,futex_do_wait
4924611233078097,3129409,qlever-server-d,S,0,0,193821,0,6,12,ep_poll
4924611233078097,3129410,qlever-server-d,S,0,0,575900,20000,12,9,futex_do_wait
4924611233078097,3129411,qlever-server-d,S,1,15,175010489,375336606,1526,14,futex_do_wait
4924611233078097,3129412,qlever-server-d,S,0,16,170119841,362824013,1420,6,futex_do_wait
4924611233078097,3129413,qlever-server-d,S,0,15,163407390,390753477,1501,15,futex_do_wait
4924611233078097,3129414,qlever-server-d,S,0,22,232152706,388797424,1698,13,ep_poll
4924611233078097,3129415,qlever-server-d,S,0,14,155942868,370411532,1561,14,futex_do_wait
4924611233078097,3129416,qlever-server-d,S,0,13,146828322,365627421,1397,5,futex_do_wait
4924611233078097,3129417,qlever-server-d,S,1,17,189388827,399838545,1556,4,futex_do_wait
4924611233078097,3129418,qlever-server-d,S,0,19,205325291,350366634,1443,5,futex_do_wait
4924611233078097,3130642,qlever-server-d,S,0,0,619151,2352972,21,7,futex_do_wait
4924611233078097,3130643,qlever-server-d,S,0,0,3681901,11504894,80,0,futex_do_wait
4924611233078097,3130644,qlever-server-d,R,56,3,601552363,208734028,815,10,0
4924611233078097,3130646,qlever-server-d,S,7,0,81984111,85329826,264,10,futex_do_wait
4924611233078097,3130647,qlever-server-d,S,6,1,75381348,95558162,280,10,futex_do_wait
4924611233078097,3130648,qlever-server-d,R,80,3,848783520,150576627,467,9,0
4924611233078097,3130649,qlever-server-d,R,82,3,853470007,87462675,509,2,0
4924611233078097,0,__system__,-,1024891101,7868006009,0,0,0,-1,-
4924611253016878,3128855,qlever-server-d,S,936,1591,25279315500,30777902,1912,1,futex_do_wait
4924611253016878,3128859,qlever-server-d,S,0,0,3433483,3276002,30,14,futex_do_wait
4924611253016878,3129400,qlever-server-d,R,1434,12,14467479929,241832713,655,14,0
4924611253016878,3129401,qlever-server-d,R,1432,12,14446332436,244226935,528,12,0
4924611253016878,3129402,qlever-server-d,R,1427,16,14437491545,263397393,1174,13,0
4924611253016878,3129403,qlever-server-d,R,1434,14,14486573501,220710369,719,6,0
4924611253016878,3129404,qlever-server-d,R,1446,13,14600163123,96465282,670,5,0
4924611253016878,3129405,qlever-server-d,R,1446,11,14582758525,117456600,672,3,0
4924611253016878,3129406,qlever-server-d,R,1430,13,14441251216,257590100,715,7,0
4924611253016878,3129407,qlever-server-d,R,1435,11,14474396251,234858871,622,1,0
4924611253016878,3129408,qlever-server-d,S,0,0,15360,0,1,13,futex_do_wait
4924611253016878,3129409,qlever-server-d,S,0,0,193821,0,6,12,ep_poll
4924611253016878,3129410,qlever-server-d,S,0,0,575900,20000,12,9,futex_do_wait
4924611253016878,3129411,qlever-server-d,S,1,15,175010489,375336606,1526,14,futex_do_wait
4924611253016878,3129412,qlever-server-d,S,0,16,170119841,362824013,1420,6,futex_do_wait
4924611253016878,3129413,qlever-server-d,S,0,15,163407390,390753477,1501,15,futex_do_wait
4924611253016878,3129414,qlever-server-d,S,0,22,232152706,388797424,1698,13,ep_poll
4924611253016878,3129415,qlever-server-d,S,0,14,155942868,370411532,1561,14,futex_do_wait
4924611253016878,3129416,qlever-server-d,S,0,13,146828322,365627421,1397,5,futex_do_wait
4924611253016878,3129417,qlever-server-d,S,1,17,189388827,399838545,1556,4,futex_do_wait
4924611253016878,3129418,qlever-server-d,S,0,19,205325291,350366634,1443,5,futex_do_wait
4924611253016878,3130642,qlever-server-d,S,0,0,649451,2359772,22,7,futex_do_wait
4924611253016878,3130643,qlever-server-d,S,0,0,3731441,11511174,82,10,futex_do_wait
4924611253016878,3130644,qlever-server-d,R,57,3,611449779,210226959,838,10,0
4924611253016878,3130646,qlever-server-d,S,7,0,82473702,86145316,267,0,futex_do_wait
4924611253016878,3130647,qlever-server-d,S,6,1,76237288,96042663,283,0,0
4924611253016878,3130648,qlever-server-d,R,82,3,868662940,150576627,491,9,0
4924611253016878,3130649,qlever-server-d,R,84,3,875470490,87462675,509,2,0
4924611253016878,0,__system__,-,1024891136,7868006044,0,0,0,-1,-
4924611272329674,3128855,qlever-server-d,S,936,1591,25279315500,30777902,1912,1,futex_do_wait
4924611272329674,3128859,qlever-server-d,S,0,0,3433483,3276002,30,14,futex_do_wait
4924611272329674,3129400,qlever-server-d,R,1436,12,14486453219,241832713,655,14,0
4924611272329674,3129401,qlever-server-d,R,1433,12,14465332586,244226935,528,12,0
4924611272329674,3129402,qlever-server-d,R,1429,16,14455187244,264693824,1176,13,0
4924611272329674,3129403,qlever-server-d,R,1436,14,14505573841,220710369,719,6,0
4924611272329674,3129404,qlever-server-d,R,1448,13,14619143333,96485002,671,5,0
4924611272329674,3129405,qlever-server-d,R,1448,11,14600756995,117456600,672,3,0
4924611272329674,3129406,qlever-server-d,R,1432,13,14459251526,257590100,715,7,0
4924611272329674,3129407,qlever-server-d,R,1437,11,14493362582,234891561,623,1,0
4924611272329674,3129408,qlever-server-d,S,0,0,15360,0,1,13,futex_do_wait
4924611272329674,3129409,qlever-server-d,S,0,0,193821,0,6,12,ep_poll
4924611272329674,3129410,qlever-server-d,S,0,0,575900,20000,12,9,futex_do_wait
4924611272329674,3129411,qlever-server-d,S,1,15,175010489,375336606,1526,14,futex_do_wait
4924611272329674,3129412,qlever-server-d,S,0,16,170119841,362824013,1420,6,futex_do_wait
4924611272329674,3129413,qlever-server-d,S,0,15,163407390,390753477,1501,15,futex_do_wait
4924611272329674,3129414,qlever-server-d,S,0,22,232152706,388797424,1698,13,ep_poll
4924611272329674,3129415,qlever-server-d,S,0,14,155942868,370411532,1561,14,futex_do_wait
4924611272329674,3129416,qlever-server-d,S,0,13,146828322,365627421,1397,5,futex_do_wait
4924611272329674,3129417,qlever-server-d,S,1,17,189388827,399838545,1556,4,futex_do_wait
4924611272329674,3129418,qlever-server-d,S,0,19,205325291,350366634,1443,5,futex_do_wait
4924611272329674,3130642,qlever-server-d,S,0,0,649451,2359772,22,7,futex_do_wait
4924611272329674,3130643,qlever-server-d,S,0,0,3770941,11514424,83,10,futex_do_wait
4924611272329674,3130644,qlever-server-d,R,59,3,623520684,216208944,854,10,0
4924611272329674,3130646,qlever-server-d,S,7,0,83473584,86622846,270,10,futex_do_wait
4924611272329674,3130647,qlever-server-d,S,6,1,76740788,100282437,286,10,futex_do_wait
4924611272329674,3130648,qlever-server-d,R,84,3,885589790,150576627,518,9,0
4924611272329674,3130649,qlever-server-d,R,86,3,893470380,87462675,509,2,0
4924611272329674,0,__system__,-,1024891164,7868006073,0,0,0,-1,-
4924611292334005,3128855,qlever-server-d,S,936,1591,25279315500,30777902,1912,1,futex_do_wait
4924611292334005,3128859,qlever-server-d,S,0,0,3433483,3276002,30,14,futex_do_wait
4924611292334005,3129400,qlever-server-d,R,1438,12,14506452341,241832713,655,14,0
4924611292334005,3129401,qlever-server-d,R,1435,12,14485333718,244226935,528,12,0
4924611292334005,3129402,qlever-server-d,R,1431,16,14473824606,266056064,1179,13,0
4924611292334005,3129403,qlever-server-d,R,1438,14,14525520103,220762769,720,6,0
4924611292334005,3129404,qlever-server-d,R,1450,13,14639143255,96485002,671,5,0
4924611292334005,3129405,qlever-server-d,R,1450,11,14620756517,117456600,672,3,0
4924611292334005,3129406,qlever-server-d,R,1434,13,14479222818,257618170,716,7,0
4924611292334005,3129407,qlever-server-d,R,1439,11,14513364413,234891561,623,1,0
4924611292334005,3129408,qlever-server-d,S,0,0,15360,0,1,13,futex_do_wait
4924611292334005,3129409,qlever-server-d,S,0,0,193821,0,6,12,ep_poll
4924611292334005,3129410,qlever-server-d,S,0,0,575900,20000,12,9,futex_do_wait
4924611292334005,3129411,qlever-server-d,S,1,15,175010489,375336606,1526,14,futex_do_wait
4924611292334005,3129412,qlever-server-d,S,0,16,170119841,362824013,1420,6,futex_do_wait
4924611292334005,3129413,qlever-server-d,S,0,15,163407390,390753477,1501,15,futex_do_wait
4924611292334005,3129414,qlever-server-d,S,0,22,232152706,388797424,1698,13,ep_poll
4924611292334005,3129415,qlever-server-d,S,0,14,155942868,370411532,1561,14,futex_do_wait
4924611292334005,3129416,qlever-server-d,S,0,13,146828322,365627421,1397,5,futex_do_wait
4924611292334005,3129417,qlever-server-d,S,1,17,189388827,399838545,1556,4,futex_do_wait
4924611292334005,3129418,qlever-server-d,S,0,19,205325291,350366634,1443,5,futex_do_wait
4924611292334005,3130642,qlever-server-d,S,0,0,677521,2366142,23,7,futex_do_wait
4924611292334005,3130643,qlever-server-d,S,0,0,3802961,11519484,84,10,futex_do_wait
4924611292334005,3130644,qlever-server-d,R,60,3,634574069,222037368,866,10,0
4924611292334005,3130646,qlever-server-d,R,7,0,84474915,87069866,274,0,0
4924611292334005,3130647,qlever-server-d,R,6,1,77720148,100946038,292,10,0
4924611292334005,3130648,qlever-server-d,R,86,3,905496452,150576627,542,9,futex_do_wait
4924611292334005,3130649,qlever-server-d,R,88,3,912470780,87462675,509,2,0
4924611292334005,0,__system__,-,1024891195,7868006105,0,0,0,-1,-
4924611312347336,3128855,qlever-server-d,S,936,1591,25279315500,30777902,1912,1,futex_do_wait
4924611312347336,3128859,qlever-server-d,S,0,0,3433483,3276002,30,14,futex_do_wait
4924611312347336,3129400,qlever-server-d,R,1440,12,14526454552,241832713,655,14,0
4924611312347336,3129401,qlever-server-d,R,1437,12,14505334409,244226935,528,12,0
4924611312347336,3129402,qlever-server-d,R,1433,16,14492679206,267719215,1182,13,0
4924611312347336,3129403,qlever-server-d,R,1439,14,14546056604,220792329,721,6,0
4924611312347336,3129404,qlever-server-d,R,1452,13,14659144046,96485002,671,5,0
4924611312347336,3129405,qlever-server-d,R,1452,11,14640756558,117456600,672,3,0
4924611312347336,3129406,qlever-server-d,R,1436,13,14499224039,257618170,716,7,0
4924611312347336,3129407,qlever-server-d,R,1441,11,14533363394,234891561,623,1,0
4924611312347336,3129408,qlever-server-d,S,0,0,15360,0,1,13,futex_do_wait
4924611312347336,3129409,qlever-server-d,S,0,0,193821,0,6,12,ep_poll
4924611312347336,3129410,qlever-server-d,S,0,0,575900,20000,12,9,futex_do_wait
4924611312347336,3129411,qlever-server-d,S,1,15,175010489,375336606,1526,14,futex_do_wait
4924611312347336,3129412,qlever-server-d,S,0,16,170119841,362824013,1420,6,futex_do_wait
4924611312347336,3129413,qlever-server-d,S,0,15,163407390,390753477,1501,15,futex_do_wait
4924611312347336,3129414,qlever-server-d,S,0,22,232152706,388797424,1698,13,ep_poll
4924611312347336,3129415,qlever-server-d,S,0,14,155942868,370411532,1561,14,futex_do_wait
4924611312347336,3129416,qlever-server-d,S,0,13,146828322,365627421,1397,5,futex_do_wait
4924611312347336,3129417,qlever-server-d,S,1,17,189388827,399838545,1556,4,futex_do_wait
4924611312347336,3129418,qlever-server-d,S,0,19,205325291,350366634,1443,5,futex_do_wait
4924611312347336,3130642,qlever-server-d,S,0,0,677521,2366142,23,7,futex_do_wait
4924611312347336,3130643,qlever-server-d,S,0,0,3875521,11527264,86,10,futex_do_wait
4924611312347336,3130644,qlever-server-d,R,61,3,648613984,227904544,876,10,0
4924611312347336,3130646,qlever-server-d,S,8,0,86118737,90991040,281,10,futex_do_wait
4924611312347336,3130647,qlever-server-d,S,6,1,79826761,105976970,298,10,futex_do_wait
4924611312347336,3130648,qlever-server-d,R,87,4,921616942,151905587,560,9,0
4924611312347336,3130649,qlever-server-d,R,90,3,932140551,87462675,514,2,0
4924611312347336,0,__system__,-,1024891226,7868006137,0,0,0,-1,-
4924611343516884,3128855,qlever-server-d,S,936,1591,25279315500,30777902,1912,1,futex_do_wait
4924611343516884,3128859,qlever-server-d,S,0,0,3433483,3276002,30,14,futex_do_wait
4924611343516884,3129400,qlever-server-d,R,1443,12,14555485468,243801854,660,14,0
4924611343516884,3129401,qlever-server-d,R,1440,12,14536333296,244226935,528,12,0
4924611343516884,3129402,qlever-server-d,R,1435,16,14519039420,271842008,1192,13,0
4924611343516884,3129403,qlever-server-d,R,1442,14,14574361530,220929139,723,6,0
4924611343516884,3129404,qlever-server-d,R,1455,13,14691143883,96485002,671,5,0
4924611343516884,3129405,qlever-server-d,R,1455,12,14672708274,117504901,674,3,0
4924611343516884,3129406,qlever-server-d,R,1439,13,14531133486,257708860,719,7,0
4924611343516884,3129407,qlever-server-d,R,1444,11,14564092141,235216411,625,1,0
4924611343516884,3129408,qlever-server-d,S,0,0,15360,0,1,13,futex_do_wait
4924611343516884,3129409,qlever-server-d,S,0,0,193821,0,6,12,ep_poll
4924611343516884,3129410,qlever-server-d,S,0,0,575900,20000,12,9,futex_do_wait
4924611343516884,3129411,qlever-server-d,S,1,15,175010489,375336606,1526,14,futex_do_wait
4924611343516884,3129412,qlever-server-d,S,0,16,170119841,362824013,1420,6,futex_do_wait
4924611343516884,3129413,qlever-server-d,S,0,15,163407390,390753477,1501,15,futex_do_wait
4924611343516884,3129414,qlever-server-d,S,0,22,232152706,388797424,1698,13,ep_poll
4924611343516884,3129415,qlever-server-d,S,0,14,155942868,370411532,1561,14,futex_do_wait
4924611343516884,3129416,qlever-server-d,S,0,13,146828322,365627421,1397,5,futex_do_wait
4924611343516884,3129417,qlever-server-d,S,1,17,189388827,399838545,1556,4,futex_do_wait
4924611343516884,3129418,qlever-server-d,S,0,19,205325291,350366634,1443,5,futex_do_wait
4924611343516884,3130642,qlever-server-d,S,0,0,703561,2371822,24,7,futex_do_wait
4924611343516884,3130643,qlever-server-d,S,0,0,3948451,11550854,88,10,futex_do_wait
4924611343516884,3130644,qlever-server-d,R,64,3,674888561,232152444,886,10,0
4924611343516884,3130646,qlever-server-d,S,8,0,88177817,93038730,289,10,futex_do_wait
4924611343516884,3130647,qlever-server-d,S,6,1,81942651,110209721,306,10,futex_do_wait
4924611343516884,3130648,qlever-server-d,R,90,4,947835497,151923707,602,9,0
4924611343516884,3130649,qlever-server-d,R,92,3,962745138,87462675,517,2,0
4924611343516884,0,__system__,-,1024891275,7868006186,0,0,0,-1,-
4924611352344428,3128855,qlever-server-d,S,936,1591,25279315500,30777902,1912,1,futex_do_wait
4924611352344428,3128859,qlever-server-d,S,0,0,3433483,3276002,30,14,futex_do_wait
4924611352344428,3129400,qlever-server-d,R,1444,12,14565447433,243858294,665,14,0
4924611352344428,3129401,qlever-server-d,R,1441,12,14546333141,244226935,528,12,0
4924611352344428,3129402,qlever-server-d,R,1436,16,14528405935,272476068,1193,13,0
4924611352344428,3129403,qlever-server-d,R,1443,14,14580369443,226922112,725,6,0
4924611352344428,3129404,qlever-server-d,R,1456,13,14700144198,96485002,671,5,0
4924611352344428,3129405,qlever-server-d,R,1456,12,14681837400,117504901,674,3,0
4924611352344428,3129406,qlever-server-d,R,1440,13,14540132721,257708860,719,7,0
4924611352344428,3129407,qlever-server-d,R,1445,11,14572946056,235309641,626,1,0
4924611352344428,3129408,qlever-server-d,S,0,0,15360,0,1,13,futex_do_wait
4924611352344428,3129409,qlever-server-d,S,0,0,193821,0,6,12,ep_poll
4924611352344428,3129410,qlever-server-d,S,0,0,575900,20000,12,9,futex_do_wait
4924611352344428,3129411,qlever-server-d,S,1,15,175010489,375336606,1526,14,futex_do_wait
4924611352344428,3129412,qlever-server-d,S,0,16,170119841,362824013,1420,6,futex_do_wait
4924611352344428,3129413,qlever-server-d,S,0,15,163407390,390753477,1501,15,futex_do_wait
4924611352344428,3129414,qlever-server-d,S,0,22,232152706,388797424,1698,13,ep_poll
4924611352344428,3129415,qlever-server-d,S,0,14,155942868,370411532,1561,14,futex_do_wait
4924611352344428,3129416,qlever-server-d,S,0,13,146828322,365627421,1397,5,futex_do_wait
4924611352344428,3129417,qlever-server-d,S,1,17,189388827,399838545,1556,4,futex_do_wait
4924611352344428,3129418,qlever-server-d,S,0,19,205325291,350366634,1443,5,futex_do_wait
4924611352344428,3130642,qlever-server-d,S,0,0,703561,2371822,24,7,futex_do_wait
4924611352344428,3130643,qlever-server-d,S,0,0,3991152,11554944,89,10,futex_do_wait
4924611352344428,3130644,qlever-server-d,R,64,3,683304616,233738465,890,10,0
4924611352344428,3130646,qlever-server-d,S,8,0,88714677,94013400,292,10,futex_do_wait
4924611352344428,3130647,qlever-server-d,S,7,1,82949111,110721161,309,10,futex_do_wait
4924611352344428,3130648,qlever-server-d,R,91,4,955698122,153726328,604,9,0
4924611352344428,3130649,qlever-server-d,S,93,3,971821363,87462675,518,2,futex_do_wait
4924611352344428,0,__system__,-,1024891290,7868006201,0,0,0,-1,-
4924611372879575,3128855,qlever-server-d,S,936,1591,25279315500,30777902,1912,1,futex_do_wait
4924611372879575,3128859,qlever-server-d,S,0,0,3433483,3276002,30,14,futex_do_wait
4924611372879575,3129400,qlever-server-d,R,1446,12,14585344915,243941064,670,14,0
4924611372879575,3129401,qlever-server-d,R,1443,12,14566333373,244226935,528,12,0
4924611372879575,3129402,qlever-server-d,R,1438,16,14546992316,273889229,1196,13,0
4924611372879575,3129403,qlever-server-d,R,1444,14,14589484658,235806197,728,6,0
4924611372879575,3129404,qlever-server-d,R,1458,13,14720143440,96485002,671,5,0
4924611372879575,3129405,qlever-server-d,R,1458,12,14701708661,117504901,674,3,0
4924611372879575,3129406,qlever-server-d,R,1442,13,14559730363,258110960,720,7,0
4924611372879575,3129407,qlever-server-d,R,1447,11,14592946388,235309641,626,1,0
4924611372879575,3129408,qlever-server-d,S,0,0,15360,0,1,13,futex_do_wait
4924611372879575,3129409,qlever-server-d,S,0,0,193821,0,6,12,ep_poll
4924611372879575,3129410,qlever-server-d,S,0,0,575900,20000,12,9,futex_do_wait
4924611372879575,3129411,qlever-server-d,S,1,15,175010489,375336606,1526,14,futex_do_wait
4924611372879575,3129412,qlever-server-d,S,0,16,170119841,362824013,1420,6,futex_do_wait
4924611372879575,3129413,qlever-server-d,S,0,15,163407390,390753477,1501,15,futex_do_wait
4924611372879575,3129414,qlever-server-d,S,0,22,232152706,388797424,1698,13,ep_poll
4924611372879575,3129415,qlever-server-d,S,0,14,155942868,370411532,1561,14,futex_do_wait
4924611372879575,3129416,qlever-server-d,S,0,13,146828322,365627421,1397,5,futex_do_wait
4924611372879575,3129417,qlever-server-d,S,1,17,189388827,399838545,1556,4,futex_do_wait
4924611372879575,3129418,qlever-server-d,S,0,19,205325291,350366634,1443,5,futex_do_wait
4924611372879575,3130642,qlever-server-d,S,0,0,703561,2371822,24,7,futex_do_wait
4924611372879575,3130643,qlever-server-d,S,0,0,4083312,11565144,91,10,futex_do_wait
4924611372879575,3130644,qlever-server-d,R,66,3,699174025,237461457,903,10,0
4924611372879575,3130646,qlever-server-d,S,8,0,90769198,95520371,299,10,futex_do_wait
4924611372879575,3130647,qlever-server-d,S,7,1,84530472,114083203,316,10,futex_do_wait
4924611372879575,3130648,qlever-server-d,R,93,4,972033843,157109828,619,2,0
4924611372879575,3130649,qlever-server-d,R,95,3,989083041,89286677,522,2,0
4924611372879575,0,__system__,-,1024891322,7868006234,0,0,0,-1,-
4924611392614698,3128855,qlever-server-d,S,936,1591,25279315500,30777902,1912,1,futex_do_wait
4924611392614698,3128859,qlever-server-d,S,0,0,3433483,3276002,30,14,futex_do_wait
4924611392614698,3129400,qlever-server-d,R,1448,12,14604346205,243941064,670,14,0
4924611392614698,3129401,qlever-server-d,R,1445,12,14585334323,244226935,528,12,0
4924611392614698,3129402,qlever-server-d,R,1440,16,14566531437,274349479,1198,13,0
4924611392614698,3129403,qlever-server-d,R,1446,14,14607427799,239848329,730,11,0
4924611392614698,3129404,qlever-server-d,R,1460,13,14740142931,96485002,671,5,0
4924611392614698,3129405,qlever-server-d,R,1460,12,14721708312,117504901,674,3,0
4924611392614698,3129406,qlever-server-d,R,1443,13,14577898973,260022311,726,7,0
4924611392614698,3129407,qlever-server-d,R,1449,11,14612946359,235309641,626,1,0
4924611392614698,3129408,qlever-server-d,S,0,0,15360,0,1,13,futex_do_wait
4924611392614698,3129409,qlever-server-d,S,0,0,193821,0,6,12,ep_poll
4924611392614698,3129410,qlever-server-d,S,0,0,575900,20000,12,9,futex_do_wait
4924611392614698,3129411,qlever-server-d,S,1,15,175010489,375336606,1526,14,futex_do_wait
4924611392614698,3129412,qlever-server-d,S,0,16,170119841,362824013,1420,6,futex_do_wait
4924611392614698,3129413,qlever-server-d,S,0,15,163407390,390753477,1501,15,futex_do_wait
4924611392614698,3129414,qlever-server-d,S,0,22,232152706,388797424,1698,13,ep_poll
4924611392614698,3129415,qlever-server-d,S,0,14,155942868,370411532,1561,14,futex_do_wait
4924611392614698,3129416,qlever-server-d,S,0,13,146828322,365627421,1397,5,futex_do_wait
4924611392614698,3129417,qlever-server-d,S,1,17,189388827,399838545,1556,4,futex_do_wait
4924611392614698,3129418,qlever-server-d,S,0,19,205325291,350366634,1443,5,futex_do_wait
4924611392614698,3130642,qlever-server-d,S,0,0,730971,2378942,25,7,futex_do_wait
4924611392614698,3130643,qlever-server-d,S,0,0,4125262,11565144,92,10,futex_do_wait
4924611392614698,3130644,qlever-server-d,S,67,3,708806530,243326272,919,2,futex_do_wait
4924611392614698,3130646,qlever-server-d,S,8,0,91277388,97240262,302,10,futex_do_wait
4924611392614698,3130647,qlever-server-d,S,7,1,85582483,114578633,320,10,0
4924611392614698,3130648,qlever-server-d,R,94,4,985286963,163667519,632,2,0
4924611392614698,3130649,qlever-server-d,R,96,3,1000172025,95682503,533,10,0
4924611392614698,0,__system__,-,1024891351,7868006264,0,0,0,-1,-
4924611421109436,3128855,qlever-server-d,S,936,1591,25279315500,30777902,1912,1,futex_do_wait
4924611421109436,3128859,qlever-server-d,S,0,0,3433483,3276002,30,14,futex_do_wait
4924611421109436,3129400,qlever-server-d,R,1451,12,14633346281,243941064,670,14,0
4924611421109436,3129401,qlever-server-d,R,1448,12,14614332839,244226935,528,12,0
4924611421109436,3129402,qlever-server-d,R,1442,16,14594445422,274437559,1201,13,0
4924611421109436,3129403,qlever-server-d,R,1448,14,14635427014,239848329,730,11,0
4924611421109436,3129404,qlever-server-d,R,1463,13,14768144866,96485002,671,5,0
4924611421109436,3129405,qlever-server-d,R,1462,12,14749702547,117527491,675,3,0
4924611421109436,3129406,qlever-server-d,R,1446,13,14605818938,260022311,726,7,0
4924611421109436,3129407,qlever-server-d,R,1452,11,14640946254,235309641,626,1,0
4924611421109436,3129408,qlever-server-d,S,0,0,15360,0,1,13,futex_do_wait
4924611421109436,3129409,qlever-server-d,S,0,0,193821,0,6,12,ep_poll
4924611421109436,3129410,qlever-server-d,S,0,0,575900,20000,12,9,futex_do_wait
4924611421109436,3129411,qlever-server-d,S,1,15,175010489,375336606,1526,14,futex_do_wait
4924611421109436,3129412,qlever-server-d,S,0,16,170119841,362824013,1420,6,futex_do_wait
4924611421109436,3129413,qlever-server-d,S,0,15,163407390,390753477,1501,15,futex_do_wait
4924611421109436,3129414,qlever-server-d,S,0,22,232152706,388797424,1698,13,ep_poll
4924611421109436,3129415,qlever-server-d,S,0,14,155942868,370411532,1561,14,futex_do_wait
4924611421109436,3129416,qlever-server-d,S,0,13,146828322,365627421,1397,5,futex_do_wait
4924611421109436,3129417,qlever-server-d,S,1,17,189388827,399838545,1556,4,futex_do_wait
4924611421109436,3129418,qlever-server-d,S,0,19,205325291,350366634,1443,5,futex_do_wait
4924611421109436,3130642,qlever-server-d,S,0,0,730971,2378942,25,7,futex_do_wait
4924611421109436,3130643,qlever-server-d,S,0,0,4169232,11565144,93,10,futex_do_wait
4924611421109436,3130644,qlever-server-d,S,68,3,719875475,254289779,939,15,futex_do_wait
4924611421109436,3130646,qlever-server-d,R,8,0,92278620,97734023,305,2,0
4924611421109436,3130647,qlever-server-d,S,7,1,86579914,117296906,324,15,futex_do_wait
4924611421109436,3130648,qlever-server-d,S,96,4,1005473625,168987051,655,10,futex_do_wait
4924611421109436,3130649,qlever-server-d,R,98,3,1018349096,101503666,548,15,0
4924611421109436,0,__system__,-,1024891392,7868006308,0,0,0,-1,-
4924611433078927,3128855,qlever-server-d,S,936,1591,25279315500,30777902,1912,1,futex_do_wait
4924611433078927,3128859,qlever-server-d,S,0,0,3433483,3276002,30,14,futex_do_wait
4924611433078927,3129400,qlever-server-d,R,1452,12,14644883948,244401984,671,14,0
4924611433078927,3129401,qlever-server-d,R,1449,12,14627332066,244226935,528,12,0
4924611433078927,3129402,qlever-server-d,R,1444,16,14607406809,274474929,1203,13,0
4924611433078927,3129403,qlever-server-d,R,1450,14,14648427971,239848329,730,11,0
4924611433078927,3129404,qlever-server-d,R,1464,13,14782143724,96485002,671,5,0
4924611433078927,3129405,qlever-server-d,R,1464,12,14762924204,118290072,678,3,0
4924611433078927,3129406,qlever-server-d,R,1448,13,14619582046,260258311,729,7,0
4924611433078927,3129407,qlever-server-d,R,1453,11,14654946082,235309641,626,1,0
4924611433078927,3129408,qlever-server-d,S,0,0,15360,0,1,13,futex_do_wait
4924611433078927,3129409,qlever-server-d,S,0,0,193821,0,6,12,ep_poll
4924611433078927,3129410,qlever-server-d,S,0,0,575900,20000,12,9,futex_do_wait
4924611433078927,3129411,qlever-server-d,S,1,15,175010489,375336606,1526,14,futex_do_wait
4924611433078927,3129412,qlever-server-d,S,0,16,170119841,362824013,1420,6,futex_do_wait
4924611433078927,3129413,qlever-server-d,S,0,15,163407390,390753477,1501,15,futex_do_wait
4924611433078927,3129414,qlever-server-d,S,0,22,232152706,388797424,1698,13,ep_poll
4924611433078927,3129415,qlever-server-d,S,0,14,155942868,370411532,1561,14,futex_do_wait
4924611433078927,3129416,qlever-server-d,S,0,13,146828322,365627421,1397,5,futex_do_wait
4924611433078927,3129417,qlever-server-d,S,1,17,189388827,399838545,1556,4,futex_do_wait
4924611433078927,3129418,qlever-server-d,S,0,19,205325291,350366634,1443,5,futex_do_wait
4924611433078927,3130642,qlever-server-d,S,0,0,730971,2378942,25,7,futex_do_wait
4924611433078927,3130643,qlever-server-d,S,0,0,4256662,17549877,95,10,futex_do_wait
4924611433078927,3130644,qlever-server-d,R,69,3,725395728,260639352,942,10,0
4924611433078927,3130646,qlever-server-d,R,8,0,92770640,98535193,307,2,0
4924611433078927,3130647,qlever-server-d,S,7,1,87055654,123009769,326,10,futex_do_wait
4924611433078927,3130648,qlever-server-d,R,96,4,1013145539,170371862,659,2,0
4924611433078927,3130649,qlever-server-d,S,99,3,1027171480,103268597,555,15,futex_do_wait
4924611433078927,0,__system__,-,1024891413,7868006331,0,0,0,-1,-
4924611453747863,3128855,qlever-server-d,S,936,1591,25279315500,30777902,1912,1,futex_do_wait
4924611453747863,3128859,qlever-server-d,S,0,0,3433483,3276002,30,14,futex_do_wait
4924611453747863,3129400,qlever-server-d,R,1454,12,14665885030,244401984,671,14,0
4924611453747863,3129401,qlever-server-d,R,1451,12,14647334098,244226935,528,12,0
4924611453747863,3129402,qlever-server-d,R,1446,16,14627306401,274575149,1205,13,0
4924611453747863,3129403,qlever-server-d,R,1452,14,14668428123,239848329,730,11,0
4924611453747863,3129404,qlever-server-d,R,1466,13,14801144815,96485002,671,5,0
4924611453747863,3129405,qlever-server-d,R,1465,12,14781924315,118290072,678,3,0
4924611453747863,3129406,qlever-server-d,R,1449,13,14637393516,261448892,732,7,0
4924611453747863,3129407,qlever-server-d,R,1455,11,14673947583,235309641,626,1,0
4924611453747863,3129408,qlever-server-d,S,0,0,15360,0,1,13,futex_do_wait
4924611453747863,3129409,qlever-server-d,S,0,0,193821,0,6,12,ep_poll
4924611453747863,3129410,qlever-server-d,S,0,0,575900,20000,12,9,futex_do_wait
4924611453747863,3129411,qlever-server-d,S,1,15,175010489,375336606,1526,14,futex_do_wait
4924611453747863,3129412,qlever-server-d,S,0,16,170119841,362824013,1420,6,futex_do_wait
4924611453747863,3129413,qlever-server-d,S,0,15,163407390,390753477,1501,15,futex_do_wait
4924611453747863,3129414,qlever-server-d,S,0,22,232152706,388797424,1698,13,ep_poll
4924611453747863,3129415,qlever-server-d,S,0,14,155942868,370411532,1561,14,futex_do_wait
4924611453747863,3129416,qlever-server-d,S,0,13,146828322,365627421,1397,5,futex_do_wait
4924611453747863,3129417,qlever-server-d,S,1,17,189388827,399838545,1556,4,futex_do_wait
4924611453747863,3129418,qlever-server-d,S,0,19,205325291,350366634,1443,5,futex_do_wait
4924611453747863,3130642,qlever-server-d,S,0,0,751501,2386712,26,7,futex_do_wait
4924611453747863,3130643,qlever-server-d,S,0,0,4401492,17559317,98,10,futex_do_wait
4924611453747863,3130644,qlever-server-d,R,70,3,739745916,266284745,955,10,0
4924611453747863,3130646,qlever-server-d,S,8,0,94800031,104023645,315,10,futex_do_wait
4924611453747863,3130647,qlever-server-d,S,7,1,89013504,125415131,334,10,futex_do_wait
4924611453747863,3130648,qlever-server-d,R,98,4,1028890418,175109564,670,2,0
4924611453747863,3130649,qlever-server-d,S,101,3,1044769539,103268597,567,15,futex_do_wait
4924611453747863,0,__system__,-,1024891442,7868006361,0,0,0,-1,-
4924611473077749,3128855,qlever-server-d,S,936,1591,25279315500,30777902,1912,1,futex_do_wait
4924611473077749,3128859,qlever-server-d,S,0,0,3433483,3276002,30,14,futex_do_wait
4924611473077749,3129400,qlever-server-d,R,1456,12,14684846160,244441184,673,14,0
4924611473077749,3129401,qlever-server-d,R,1453,12,14664916177,245644086,532,12,0
4924611473077749,3129402,qlever-server-d,R,1448,16,14645145441,275736449,1210,13,0
4924611473077749,3129403,qlever-server-d,R,1453,14,14687376833,239898969,732,11,0
4924611473077749,3129404,qlever-server-d,R,1468,13,14819204645,97424522,673,5,0
4924611473077749,3129405,qlever-server-d,R,1467,12,14800880075,118334292,680,3,0
4924611473077749,3129406,qlever-server-d,R,1451,13,14654416135,263425413,736,7,0
4924611473077749,3129407,qlever-server-d,R,1457,11,14692123962,236132842,628,1,0
4924611473077749,3129408,qlever-server-d,S,0,0,15360,0,1,13,futex_do_wait
4924611473077749,3129409,qlever-server-d,S,0,0,193821,0,6,12,ep_poll
4924611473077749,3129410,qlever-server-d,S,0,0,575900,20000,12,9,futex_do_wait
4924611473077749,3129411,qlever-server-d,S,1,15,175010489,375336606,1526,14,futex_do_wait
4924611473077749,3129412,qlever-server-d,S,0,16,170119841,362824013,1420,6,futex_do_wait
4924611473077749,3129413,qlever-server-d,S,0,15,163407390,390753477,1501,15,futex_do_wait
4924611473077749,3129414,qlever-server-d,S,0,22,232152706,388797424,1698,13,ep_poll
4924611473077749,3129415,qlever-server-d,S,0,14,155942868,370411532,1561,14,futex_do_wait
4924611473077749,3129416,qlever-server-d,S,0,13,146828322,365627421,1397,5,futex_do_wait
4924611473077749,3129417,qlever-server-d,S,1,17,189388827,399838545,1556,4,futex_do_wait
4924611473077749,3129418,qlever-server-d,S,0,19,205325291,350366634,1443,5,futex_do_wait
4924611473077749,3130642,qlever-server-d,S,0,0,751501,2386712,26,7,futex_do_wait
4924611473077749,3130643,qlever-server-d,S,0,0,4401492,17559317,98,10,futex_do_wait
4924611473077749,3130644,qlever-server-d,S,71,3,748133020,267517366,976,10,futex_do_wait
4924611473077749,3130646,qlever-server-d,S,8,0,95325901,104027195,316,10,futex_do_wait
4924611473077749,3130647,qlever-server-d,S,7,1,89024884,125938871,335,10,futex_do_wait
4924611473077749,3130648,qlever-server-d,R,99,4,1043456488,177504425,689,15,0
4924611473077749,3130649,qlever-server-d,R,102,3,1060760268,104316028,576,15,0
4924611473077749,0,__system__,-,1024891470,7868006391,0,0,0,-1,-
4924611492322495,3128855,qlever-server-d,S,936,1591,25279315500,30777902,1912,1,futex_do_wait
4924611492322495,3128859,qlever-server-d,S,0,0,3433483,3276002,30,14,futex_do_wait
4924611492322495,3129400,qlever-server-d,R,1457,12,14703375971,244912624,674,14,0
4924611492322495,3129401,qlever-server-d,R,1455,12,14683210708,246349756,533,12,0
4924611492322495,3129402,qlever-server-d,R,1449,16,14663660711,276221070,1211,13,0
4924611492322495,3129403,qlever-server-d,R,1455,14,14706375904,239898969,732,11,0
4924611492322495,3129404,qlever-server-d,R,1469,13,14837240915,98709243,676,5,0
4924611492322495,3129405,qlever-server-d,R,1469,12,14819878906,118334292,680,3,0
4924611492322495,3129406,qlever-server-d,R,1453,13,14673344285,264217924,739,7,0
4924611492322495,3129407,qlever-server-d,R,1459,11,14711123373,236132842,628,1,0
4924611492322495,3129408,qlever-server-d,S,0,0,15360,0,1,13,futex_do_wait
4924611492322495,3129409,qlever-server-d,S,0,0,193821,0,6,12,ep_poll
4924611492322495,3129410,qlever-server-d,S,0,0,575900,20000,12,9,futex_do_wait
4924611492322495,3129411,qlever-server-d,S,1,15,175010489,375336606,1526,14,futex_do_wait
4924611492322495,3129412,qlever-server-d,S,0,16,170119841,362824013,1420,6,futex_do_wait
4924611492322495,3129413,qlever-server-d,S,0,15,163407390,390753477,1501,15,futex_do_wait
4924611492322495,3129414,qlever-server-d,S,0,22,232152706,388797424,1698,13,ep_poll
4924611492322495,3129415,qlever-server-d,S,0,14,155942868,370411532,1561,14,futex_do_wait
4924611492322495,3129416,qlever-server-d,S,0,13,146828322,365627421,1397,5,futex_do_wait
4924611492322495,3129417,qlever-server-d,S,1,17,189388827,399838545,1556,4,futex_do_wait
4924611492322495,3129418,qlever-server-d,S,0,19,205325291,350366634,1443,5,futex_do_wait
4924611492322495,3130642,qlever-server-d,S,0,0,769371,2389802,27,7,futex_do_wait
4924611492322495,3130643,qlever-server-d,S,0,0,4464752,17586037,100,10,futex_do_wait
4924611492322495,3130644,qlever-server-d,S,71,3,753548173,271671908,1001,10,futex_do_wait
4924611492322495,3130646,qlever-server-d,S,8,0,95334841,104429475,317,10,futex_do_wait
4924611492322495,3130647,qlever-server-d,S,7,1,89438054,125941961,336,10,futex_do_wait
4924611492322495,3130648,qlever-server-d,R,101,4,1057686467,179115866,714,2,0
4924611492322495,3130649,qlever-server-d,R,104,3,1076399767,109715711,591,15,0
4924611492322495,0,__system__,-,1024891501,7868006424,0,0,0,-1,-
4924611512338286,3128855,qlever-server-d,S,936,1591,25279315500,30777902,1912,1,futex_do_wait
4924611512338286,3128859,qlever-server-d,S,0,0,3433483,3276002,30,14,futex_do_wait
4924611512338286,3129400,qlever-server-d,R,1459,12,14722837592,245449614,675,14,0
4924611512338286,3129401,qlever-server-d,R,1457,12,14703210549,246349756,533,12,0
4924611512338286,3129402,qlever-server-d,R,1451,16,14683178462,276704350,1215,13,0
4924611512338286,3129403,qlever-server-d,R,1457,14,14726378165,239898969,732,11,0
4924611512338286,3129404,qlever-server-d,R,1471,13,14856385036,99244513,677,5,0
4924611512338286,3129405,qlever-server-d,R,1471,12,14839864597,118346802,681,10,0
4924611512338286,3129406,qlever-server-d,R,1454,13,14682641150,273208829,742,7,0
4924611512338286,3129407,qlever-server-d,R,1461,11,14731124954,236132842,628,1,0
4924611512338286,3129408,qlever-server-d,S,0,0,15360,0,1,13,futex_do_wait
4924611512338286,3129409,qlever-server-d,S,0,0,193821,0,6,12,ep_poll
4924611512338286,3129410,qlever-server-d,S,0,0,575900,20000,12,9,futex_do_wait
4924611512338286,3129411,qlever-server-d,S,1,15,175010489,375336606,1526,14,futex_do_wait
4924611512338286,3129412,qlever-server-d,S,0,16,170119841,362824013,1420,6,futex_do_wait
4924611512338286,3129413,qlever-server-d,S,0,15,163407390,390753477,1501,15,futex_do_wait
4924611512338286,3129414,qlever-server-d,S,0,22,232152706,388797424,1698,13,ep_poll
4924611512338286,3129415,qlever-server-d,S,0,14,155942868,370411532,1561,14,futex_do_wait
4924611512338286,3129416,qlever-server-d,S,0,13,146828322,365627421,1397,5,futex_do_wait
4924611512338286,3129417,qlever-server-d,S,1,17,189388827,399838545,1556,4,futex_do_wait
4924611512338286,3129418,qlever-server-d,S,0,19,205325291,350366634,1443,5,futex_do_wait
4924611512338286,3130642,qlever-server-d,S,0,0,769371,2389802,27,7,futex_do_wait
4924611512338286,3130643,qlever-server-d,S,0,0,4464752,17586037,100,10,futex_do_wait
4924611512338286,3130644,qlever-server-d,R,71,3,757264019,271939938,1018,3,0
4924611512338286,3130646,qlever-server-d,S,8,0,95826251,104630456,318,10,futex_do_wait
4924611512338286,3130647,qlever-server-d,S,7,1,89448174,126419741,337,10,futex_do_wait
4924611512338286,3130648,qlever-server-d,R,102,4,1068193184,184940599,730,15,0
4924611512338286,3130649,qlever-server-d,R,105,3,1089089413,115857425,598,15,0
4924611512338286,0,__system__,-,1024891528,7868006454,0,0,0,-1,-
4924611532735164,3128855,qlever-server-d,S,936,1591,25279315500,30777902,1912,1,futex_do_wait
4924611532735164,3128859,qlever-server-d,S,0,0,3433483,3276002,30,14,futex_do_wait
4924611532735164,3129400,qlever-server-d,R,1461,12,14743837513,245449614,675,14,0
4924611532735164,3129401,qlever-server-d,R,1459,12,14724168560,246391286,534,12,0
4924611532735164,3129402,qlever-server-d,R,1453,16,14704090123,276791950,1219,13,0
4924611532735164,3129403,qlever-server-d,R,1459,14,14747378316,239898969,732,11,0
4924611532735164,3129404,qlever-server-d,R,1473,13,14877385087,99244513,677,5,0
4924611532735164,3129405,qlever-server-d,R,1473,12,14860864588,118346802,681,10,0
4924611532735164,3129406,qlever-server-d,R,1455,13,14692513156,285502956,746,7,0
4924611532735164,3129407,qlever-server-d,R,1463,11,14752105745,236151782,629,1,0
4924611532735164,3129408,qlever-server-d,S,0,0,15360,0,1,13,futex_do_wait
4924611532735164,3129409,qlever-server-d,S,0,0,193821,0,6,12,ep_poll
4924611532735164,3129410,qlever-server-d,S,0,0,575900,20000,12,9,futex_do_wait
4924611532735164,3129411,qlever-server-d,S,1,15,175010489,375336606,1526,14,futex_do_wait
4924611532735164,3129412,qlever-server-d,S,0,16,170119841,362824013,1420,6,futex_do_wait
4924611532735164,3129413,qlever-server-d,S,0,15,163407390,390753477,1501,15,futex_do_wait
4924611532735164,3129414,qlever-server-d,S,0,22,232152706,388797424,1698,13,ep_poll
4924611532735164,3129415,qlever-server-d,S,0,14,155942868,370411532,1561,14,futex_do_wait
4924611532735164,3129416,qlever-server-d,S,0,13,146828322,365627421,1397,5,futex_do_wait
4924611532735164,3129417,qlever-server-d,S,1,17,189388827,399838545,1556,4,futex_do_wait
4924611532735164,3129418,qlever-server-d,S,0,19,205325291,350366634,1443,5,futex_do_wait
4924611532735164,3130642,qlever-server-d,S,0,0,769371,2389802,27,7,futex_do_wait
4924611532735164,3130643,qlever-server-d,S,0,0,4464752,17586037,100,10,futex_do_wait
4924611532735164,3130644,qlever-server-d,R,72,3,761533952,278055132,1031,2,0
4924611532735164,3130646,qlever-server-d,S,8,0,95826251,104630456,318,10,futex_do_wait
4924611532735164,3130647,qlever-server-d,S,7,1,89448174,126419741,337,10,futex_do_wait
4924611532735164,3130648,qlever-server-d,R,103,4,1080218720,192328054,736,15,0
4924611532735164,3130649,qlever-server-d,R,106,3,1102789531,122128788,608,6,0
4924611532735164,0,__system__,-,1024891558,7868006487,0,0,0,-1,-
4924611553582559,3128855,qlever-server-d,S,936,1591,25279315500,30777902,1912,1,futex_do_wait
4924611553582559,3128859,qlever-server-d,S,0,0,3433483,3276002,30,14,futex_do_wait
4924611553582559,3129400,qlever-server-d,R,1463,12,14763837855,245449614,675,14,0
4924611553582559,3129401,qlever-server-d,R,1461,13,14744169512,246391286,534,12,0
4924611553582559,3129402,qlever-server-d,R,1455,16,14724039895,276843100,1223,13,0
4924611553582559,3129403,qlever-server-d,R,1461,14,14768202378,240075209,733,11,0
4924611553582559,3129404,qlever-server-d,R,1475,13,14897943739,99685623,678,5,0
4924611553582559,3129405,qlever-server-d,R,1475,12,14881845870,118365122,682,10,0
4924611553582559,3129406,qlever-server-d,R,1456,13,14708345754,290496319,751,7,0
4924611553582559,3129407,qlever-server-d,R,1465,11,14773106147,236151782,629,1,0
4924611553582559,3129408,qlever-server-d,S,0,0,15360,0,1,13,futex_do_wait
4924611553582559,3129409,qlever-server-d,S,0,0,193821,0,6,12,ep_poll
4924611553582559,3129410,qlever-server-d,S,0,0,575900,20000,12,9,futex_do_wait
4924611553582559,3129411,qlever-server-d,S,1,15,175010489,375336606,1526,14,futex_do_wait
4924611553582559,3129412,qlever-server-d,S,0,16,170119841,362824013,1420,6,futex_do_wait
4924611553582559,3129413,qlever-server-d,S,0,15,163407390,390753477,1501,15,futex_do_wait
4924611553582559,3129414,qlever-server-d,S,0,22,232152706,388797424,1698,13,ep_poll
4924611553582559,3129415,qlever-server-d,S,0,14,155942868,370411532,1561,14,futex_do_wait
4924611553582559,3129416,qlever-server-d,S,0,13,146828322,365627421,1397,5,futex_do_wait
4924611553582559,3129417,qlever-server-d,S,1,17,189388827,399838545,1556,4,futex_do_wait
4924611553582559,3129418,qlever-server-d,S,0,19,205325291,350366634,1443,5,futex_do_wait
4924611553582559,3130642,qlever-server-d,S,0,0,793141,2402002,28,7,futex_do_wait
4924611553582559,3130643,qlever-server-d,S,0,0,4464752,17586037,100,10,futex_do_wait
4924611553582559,3130644,qlever-server-d,R,72,3,768584465,281916815,1049,2,0
4924611553582559,3130646,qlever-server-d,S,9,0,96277971,105208457,320,2,futex_do_wait
4924611553582559,3130647,qlever-server-d,S,7,1,89916535,128277611,339,2,futex_do_wait
4924611553582559,3130648,qlever-server-d,R,105,4,1100691442,192413744,746,15,0
4924611553582559,3130649,qlever-server-d,R,108,3,1121665022,123394709,625,6,0
4924611553582559,0,__system__,-,1024891590,7868006520,0,0,0,-1,-
4924611572651107,3128855,qlever-server-d,S,936,1591,25279315500,30777902,1912,1,futex_do_wait
4924611572651107,3128859,qlever-server-d,S,0,0,3433483,3276002,30,14,futex_do_wait
4924611572651107,3129400,qlever-server-d,R,1465,12,14782837765,245449614,675,14,0
4924611572651107,3129401,qlever-server-d,R,1463,13,14763140842,246493026,537,12,0
4924611572651107,3129402,qlever-server-d,R,1457,16,14743979756,276902680,1228,13,0
4924611572651107,3129403,qlever-server-d,R,1463,14,14787202219,240075209,733,11,0
4924611572651107,3129404,qlever-server-d,R,1477,13,14916908220,99746083,681,5,0
4924611572651107,3129405,qlever-server-d,R,1477,12,14900847171,118365122,682,10,0
4924611572651107,3129406,qlever-server-d,R,1458,14,14727271365,290571529,754,7,0
4924611572651107,3129407,qlever-server-d,R,1467,11,14792105978,236151782,629,1,0
4924611572651107,3129408,qlever-server-d,S,0,0,15360,0,1,13,futex_do_wait
4924611572651107,3129409,qlever-server-d,S,0,0,193821,0,6,12,ep_poll
4924611572651107,3129410,qlever-server-d,S,0,0,575900,20000,12,9,futex_do_wait
4924611572651107,3129411,qlever-server-d,S,1,15,175010489,375336606,1526,14,futex_do_wait
4924611572651107,3129412,qlever-server-d,S,0,16,170119841,362824013,1420,6,futex_do_wait
4924611572651107,3129413,qlever-server-d,S,0,15,163407390,390753477,1501,15,futex_do_wait
4924611572651107,3129414,qlever-server-d,S,0,22,232152706,388797424,1698,13,ep_poll
4924611572651107,3129415,qlever-server-d,S,0,14,155942868,370411532,1561,14,futex_do_wait
4924611572651107,3129416,qlever-server-d,S,0,13,146828322,365627421,1397,5,futex_do_wait
4924611572651107,3129417,qlever-server-d,S,1,17,189388827,399838545,1556,4,futex_do_wait
4924611572651107,3129418,qlever-server-d,S,0,19,205325291,350366634,1443,5,futex_do_wait
4924611572651107,3130642,qlever-server-d,S,0,0,793141,2402002,28,7,futex_do_wait
4924611572651107,3130643,qlever-server-d,S,0,0,4510102,17602857,102,2,futex_do_wait
4924611572651107,3130644,qlever-server-d,S,73,3,775162349,284573547,1069,2,0
4924611572651107,3130646,qlever-server-d,S,9,0,96288911,106109047,321,2,futex_do_wait
4924611572651107,3130647,qlever-server-d,S,7,1,90372085,128280811,340,2,futex_do_wait
4924611572651107,3130648,qlever-server-d,R,106,5,1118496581,192440114,778,15,0
4924611572651107,3130649,qlever-server-d,R,110,3,1140664592,123394709,625,6,0
4924611572651107,0,__system__,-,1024891623,7868006554,0,0,0,-1,-
4924611592329550,3128855,qlever-server-d,S,936,1591,25279315500,30777902,1912,1,futex_do_wait
4924611592329550,3128859,qlever-server-d,S,0,0,3433483,3276002,30,14,futex_do_wait
4924611592329550,3129400,qlever-server-d,R,1467,12,14802837886,245449614,675,14,0
4924611592329550,3129401,qlever-server-d,R,1465,13,14783070503,246493026,537,12,0
4924611592329550,3129402,qlever-server-d,R,1459,16,14762980606,276902680,1228,13,0
4924611592329550,3129403,qlever-server-d,R,1465,14,14806202599,240075209,733,11,0
4924611592329550,3129404,qlever-server-d,R,1479,13,14935884760,99746083,681,5,0
4924611592329550,3129405,qlever-server-d,R,1479,12,14919846791,118365122,682,10,0
4924611592329550,3129406,qlever-server-d,R,1460,14,14745747805,291099219,756,7,0
4924611592329550,3129407,qlever-server-d,R,1469,11,14810591108,236669662,630,1,0
4924611592329550,3129408,qlever-server-d,S,0,0,15360,0,1,13,futex_do_wait
4924611592329550,3129409,qlever-server-d,S,0,0,193821,0,6,12,ep_poll
4924611592329550,3129410,qlever-server-d,S,0,0,575900,20000,12,9,futex_do_wait
4924611592329550,3129411,qlever-server-d,S,1,15,175010489,375336606,1526,14,futex_do_wait
4924611592329550,3129412,qlever-server-d,S,0,16,170119841,362824013,1420,6,futex_do_wait
4924611592329550,3129413,qlever-server-d,S,0,15,163407390,390753477,1501,15,futex_do_wait
4924611592329550,3129414,qlever-server-d,S,0,22,232152706,388797424,1698,13,ep_poll
4924611592329550,3129415,qlever-server-d,S,0,14,155942868,370411532,1561,14,futex_do_wait
4924611592329550,3129416,qlever-server-d,S,0,13,146828322,365627421,1397,5,futex_do_wait
4924611592329550,3129417,qlever-server-d,S,1,17,189388827,399838545,1556,4,futex_do_wait
4924611592329550,3129418,qlever-server-d,S,0,19,205325291,350366634,1443,5,futex_do_wait
4924611592329550,3130642,qlever-server-d,S,0,0,815771,2406842,29,7,futex_do_wait
4924611592329550,3130643,qlever-server-d,S,0,0,4510102,17602857,102,2,futex_do_wait
4924611592329550,3130644,qlever-server-d,R,74,3,781474512,289299780,1092,15,0
4924611592329550,3130646,qlever-server-d,S,9,0,96813161,106343398,323,6,futex_do_wait
4924611592329550,3130647,qlever-server-d,S,7,1,90818176,128745711,342,15,futex_do_wait
4924611592329550,3130648,qlever-server-d,R,108,5,1132936768,194876417,804,15,0
4924611592329550,3130649,qlever-server-d,R,112,3,1156269041,125643289,639,6,0
4924611592329550,0,__system__,-,1024891650,7868006582,0,0,0,-1,-
4924611612329971,3128855,qlever-server-d,S,936,1591,25279315500,30777902,1912,1,futex_do_wait
4924611612329971,3128859,qlever-server-d,S,0,0,3433483,3276002,30,14,futex_do_wait
4924611612329971,3129400,qlever-server-d,R,1469,12,14822837927,245449614,675,14,0
4924611612329971,3129401,qlever-server-d,R,1467,13,14803068534,246493026,537,12,0
4924611612329971,3129402,qlever-server-d,R,1461,16,14782843537,277039220,1231,13,0
4924611612329971,3129403,qlever-server-d,R,1467,14,14826202130,240075209,733,11,0
4924611612329971,3129404,qlever-server-d,R,1481,13,14955816821,99812783,685,5,0
4924611612329971,3129405,qlever-server-d,R,1481,12,14939823032,118388472,683,10,0
4924611612329971,3129406,qlever-server-d,R,1462,14,14765420766,291421829,758,7,0
4924611612329971,3129407,qlever-server-d,R,1471,11,14829420458,237837953,632,1,0
4924611612329971,3129408,qlever-server-d,S,0,0,15360,0,1,13,futex_do_wait
4924611612329971,3129409,qlever-server-d,S,0,0,193821,0,6,12,ep_poll
4924611612329971,3129410,qlever-server-d,S,0,0,575900,20000,12,9,futex_do_wait
4924611612329971,3129411,qlever-server-d,S,1,15,175010489,375336606,1526,14,futex_do_wait
4924611612329971,3129412,qlever-server-d,S,0,16,170119841,362824013,1420,6,futex_do_wait
4924611612329971,3129413,qlever-server-d,S,0,15,163407390,390753477,1501,15,futex_do_wait
4924611612329971,3129414,qlever-server-d,S,0,22,232152706,388797424,1698,13,ep_poll
4924611612329971,3129415,qlever-server-d,S,0,14,155942868,370411532,1561,14,futex_do_wait
4924611612329971,3129416,qlever-server-d,S,0,13,146828322,365627421,1397,5,futex_do_wait
4924611612329971,3129417,qlever-server-d,S,1,17,189388827,399838545,1556,4,futex_do_wait
4924611612329971,3129418,qlever-server-d,S,0,19,205325291,350366634,1443,5,futex_do_wait
4924611612329971,3130642,qlever-server-d,S,0,0,815771,2406842,29,7,futex_do_wait
4924611612329971,3130643,qlever-server-d,S,0,0,4558002,17634117,104,15,futex_do_wait
4924611612329971,3130644,qlever-server-d,R,74,4,786881595,295902115,1116,15,0
4924611612329971,3130646,qlever-server-d,S,9,0,97242041,106986798,325,15,futex_do_wait
4924611612329971,3130647,qlever-server-d,S,7,1,91293116,129090111,344,15,futex_do_wait
4924611612329971,3130648,qlever-server-d,R,109,5,1147738716,199634490,826,6,0
4924611612329971,3130649,qlever-server-d,R,113,3,1169784030,127284010,654,15,0
4924611612329971,0,__system__,-,1024891680,7868006615,0,0,0,-1,-
4924611633077867,3128855,qlever-server-d,S,936,1591,25279315500,30777902,1912,1,futex_do_wait
4924611633077867,3128859,qlever-server-d,S,0,0,3433483,3276002,30,14,futex_do_wait
4924611633077867,3129400,qlever-server-d,R,1471,12,14843838579,245449614,675,14,0
4924611633077867,3129401,qlever-server-d,R,1469,13,14824068866,246493026,537,12,0
4924611633077867,3129402,qlever-server-d,R,1463,16,14803844589,277039220,1231,13,0
4924611633077867,3129403,qlever-server-d,R,1469,14,14846484812,240787229,736,3,0
4924611633077867,3129404,qlever-server-d,R,1483,13,14976710963,99919693,688,5,0
4924611633077867,3129405,qlever-server-d,R,1483,12,14960792304,118420722,684,10,0
4924611633077867,3129406,qlever-server-d,R,1464,14,14786394978,291448359,759,7,0
4924611633077867,3129407,qlever-server-d,R,1473,11,14850421520,237837953,632,1,0
4924611633077867,3129408,qlever-server-d,S,0,0,15360,0,1,13,futex_do_wait
4924611633077867,3129409,qlever-server-d,S,0,0,193821,0,6,12,ep_poll
4924611633077867,3129410,qlever-server-d,S,0,0,575900,20000,12,9,futex_do_wait
4924611633077867,3129411,qlever-server-d,S,1,15,175010489,375336606,1526,14,futex_do_wait
4924611633077867,3129412,qlever-server-d,S,0,16,170119841,362824013,1420,6,futex_do_wait
4924611633077867,3129413,qlever-server-d,S,0,15,163407390,390753477,1501,15,futex_do_wait
4924611633077867,3129414,qlever-server-d,S,0,22,232152706,388797424,1698,13,ep_poll
4924611633077867,3129415,qlever-server-d,S,0,14,155942868,370411532,1561,14,futex_do_wait
4924611633077867,3129416,qlever-server-d,S,0,13,146828322,365627421,1397,5,futex_do_wait
4924611633077867,3129417,qlever-server-d,S,1,17,189388827,399838545,1556,4,futex_do_wait
4924611633077867,3129418,qlever-server-d,S,0,19,205325291,350366634,1443,5,futex_do_wait
4924611633077867,3130642,qlever-server-d,S,0,0,815771,2406842,29,7,futex_do_wait
4924611633077867,3130643,qlever-server-d,S,0,0,4689732,20677289,109,15,futex_do_wait
4924611633077867,3130644,qlever-server-d,R,76,4,802679362,301174270,1126,15,0
4924611633077867,3130646,qlever-server-d,R,9,0,99539884,109132010,336,15,0
4924611633077867,3130647,qlever-server-d,R,7,1,93550348,131300104,354,15,0
4924611633077867,3130648,qlever-server-d,R,110,5,1157059621,203260583,832,11,0
4924611633077867,3130649,qlever-server-d,R,114,3,1178389456,139269066,659,6,0
4924611633077867,0,__system__,-,1024891710,7868006647,0,0,0,-1,-
4924611653081798,3128855,qlever-server-d,S,936,1591,25279315500,30777902,1912,1,futex_do_wait
4924611653081798,3128859,qlever-server-d,S,0,0,3433483,3276002,30,14,futex_do_wait
4924611653081798,3129400,qlever-server-d,R,1473,12,14863838440,245449614,675,14,0
4924611653081798,3129401,qlever-server-d,R,1471,13,14844069197,246493026,537,12,0
4924611653081798,3129402,qlever-server-d,R,1465,16,14823844530,277039220,1231,13,0
4924611653081798,3129403,qlever-server-d,R,1471,15,14866482983,240787229,736,3,0
4924611653081798,3129404,qlever-server-d,R,1485,13,14996638354,99991743,691,5,0
4924611653081798,3129405,qlever-server-d,R,1485,12,14980790565,118420722,684,10,0
4924611653081798,3129406,qlever-server-d,R,1466,14,14805341048,292502070,762,7,0
4924611653081798,3129407,qlever-server-d,R,1475,11,14870420871,237837953,632,1,0
4924611653081798,3129408,qlever-server-d,S,0,0,15360,0,1,13,futex_do_wait
4924611653081798,3129409,qlever-server-d,S,0,0,193821,0,6,12,ep_poll
4924611653081798,3129410,qlever-server-d,S,0,0,575900,20000,12,9,futex_do_wait
4924611653081798,3129411,qlever-server-d,S,1,15,175010489,375336606,1526,14,futex_do_wait
4924611653081798,3129412,qlever-server-d,S,0,16,170119841,362824013,1420,6,futex_do_wait
4924611653081798,3129413,qlever-server-d,S,0,15,163407390,390753477,1501,15,futex_do_wait
4924611653081798,3129414,qlever-server-d,S,0,22,232152706,388797424,1698,13,ep_poll
4924611653081798,3129415,qlever-server-d,S,0,14,155942868,370411532,1561,14,futex_do_wait
4924611653081798,3129416,qlever-server-d,S,0,13,146828322,365627421,1397,5,futex_do_wait
4924611653081798,3129417,qlever-server-d,S,1,17,189388827,399838545,1556,4,futex_do_wait
4924611653081798,3129418,qlever-server-d,S,0,19,205325291,350366634,1443,5,futex_do_wait
4924611653081798,3130642,qlever-server-d,S,0,0,836911,2411822,30,7,futex_do_wait
4924611653081798,3130643,qlever-server-d,S,0,0,4762112,20685489,111,15,futex_do_wait
4924611653081798,3130644,qlever-server-d,R,77,4,817376611,306343522,1140,15,0
4924611653081798,3130646,qlever-server-d,S,9,0,102640116,112726184,345,11,futex_do_wait
4924611653081798,3130647,qlever-server-d,S,8,1,96756722,134357426,364,11,futex_do_wait
4924611653081798,3130648,qlever-server-d,S,111,5,1167281335,204359113,840,15,futex_do_wait
4924611653081798,3130649,qlever-server-d,S,114,4,1189187082,142802369,667,4,futex_do_wait
4924611653081798,0,__system__,-,1024891742,7868006681,0,0,0,-1,-
4924611672328524,3128855,qlever-server-d,S,936,1591,25279315500,30777902,1912,1,futex_do_wait
4924611672328524,3128859,qlever-server-d,S,0,0,3433483,3276002,30,14,futex_do_wait
4924611672328524,3129400,qlever-server-d,R,1475,12,14882839311,245449614,675,14,0
4924611672328524,3129401,qlever-server-d,R,1473,13,14861903318,247658696,539,12,0
4924611672328524,3129402,qlever-server-d,R,1467,16,14841435990,278447751,1233,13,0
4924611672328524,3129403,qlever-server-d,R,1473,15,14885483944,240787229,736,3,0
4924611672328524,3129404,qlever-server-d,R,1487,13,15015563955,100066953,696,5,0
4924611672328524,3129405,qlever-server-d,R,1487,12,14999790706,118420722,684,10,0
4924611672328524,3129406,qlever-server-d,R,1468,14,14823145288,293698661,764,7,0
4924611672328524,3129407,qlever-server-d,R,1477,11,14889421302,237837953,632,1,0
4924611672328524,3129408,qlever-server-d,S,0,0,15360,0,1,13,futex_do_wait
4924611672328524,3129409,qlever-server-d,S,0,0,193821,0,6,12,ep_poll
4924611672328524,3129410,qlever-server-d,S,0,0,575900,20000,12,9,futex_do_wait
4924611672328524,3129411,qlever-server-d,S,1,15,175010489,375336606,1526,14,futex_do_wait
4924611672328524,3129412,qlever-server-d,S,0,16,170119841,362824013,1420,6,futex_do_wait
4924611672328524,3129413,qlever-server-d,S,0,15,163407390,390753477,1501,15,futex_do_wait
4924611672328524,3129414,qlever-server-d,S,0,22,232152706,388797424,1698,13,ep_poll
4924611672328524,3129415,qlever-server-d,S,0,14,155942868,370411532,1561,14,futex_do_wait
4924611672328524,3129416,qlever-server-d,S,0,13,146828322,365627421,1397,5,futex_do_wait
4924611672328524,3129417,qlever-server-d,S,1,17,189388827,399838545,1556,4,futex_do_wait
4924611672328524,3129418,qlever-server-d,S,0,19,205325291,350366634,1443,5,futex_do_wait
4924611672328524,3130642,qlever-server-d,S,0,0,836911,2411822,30,7,futex_do_wait
4924611672328524,3130643,qlever-server-d,S,0,0,4800772,20689059,112,15,futex_do_wait
4924611672328524,3130644,qlever-server-d,R,78,4,825600185,316290818,1148,15,0
4924611672328524,3130646,qlever-server-d,S,9,0,103228706,114496956,347,11,futex_do_wait
4924611672328524,3130647,qlever-server-d,S,8,1,97289243,134909266,366,11,futex_do_wait
4924611672328524,3130648,qlever-server-d,S,112,5,1176888101,209300005,845,15,0
4924611672328524,3130649,qlever-server-d,R,115,4,1197842498,150218802,675,4,0
4924611672328524,0,__system__,-,1024891769,7868006709,0,0,0,-1,-
4924611694103352,3128855,qlever-server-d,S,936,1591,25279315500,30777902,1912,1,futex_do_wait
4924611694103352,3128859,qlever-server-d,S,0,0,3433483,3276002,30,14,futex_do_wait
4924611694103352,3129400,qlever-server-d,R,1477,12,14904433322,245855315,676,14,0
4924611694103352,3129401,qlever-server-d,R,1475,13,14883250590,248312136,541,12,0
4924611694103352,3129402,qlever-server-d,R,1469,16,14863120751,278763552,1234,13,0
4924611694103352,3129403,qlever-server-d,R,1475,15,14907484806,240787229,736,3,0
4924611694103352,3129404,qlever-server-d,R,1489,13,15037487227,100143873,702,5,0
4924611694103352,3129405,qlever-server-d,R,1489,12,15021790818,118420722,684,10,0
4924611694103352,3129406,qlever-server-d,R,1470,14,14845122810,293720801,765,7,0
4924611694103352,3129407,qlever-server-d,R,1479,11,14911422284,237837953,632,1,0
4924611694103352,3129408,qlever-server-d,S,0,0,15360,0,1,13,futex_do_wait
4924611694103352,3129409,qlever-server-d,S,0,0,193821,0,6,12,ep_poll
4924611694103352,3129410,qlever-server-d,S,0,0,575900,20000,12,9,futex_do_wait
4924611694103352,3129411,qlever-server-d,S,1,15,175010489,375336606,1526,14,futex_do_wait
4924611694103352,3129412,qlever-server-d,S,0,16,170119841,362824013,1420,6,futex_do_wait
4924611694103352,3129413,qlever-server-d,S,0,15,163407390,390753477,1501,15,futex_do_wait
4924611694103352,3129414,qlever-server-d,S,0,22,232152706,388797424,1698,13,ep_poll
4924611694103352,3129415,qlever-server-d,S,0,14,155942868,370411532,1561,14,futex_do_wait
4924611694103352,3129416,qlever-server-d,S,0,13,146828322,365627421,1397,5,futex_do_wait
4924611694103352,3129417,qlever-server-d,S,1,17,189388827,399838545,1556,4,futex_do_wait
4924611694103352,3129418,qlever-server-d,S,0,19,205325291,350366634,1443,5,futex_do_wait
4924611694103352,3130642,qlever-server-d,S,0,0,859051,2416722,31,7,futex_do_wait
4924611694103352,3130643,qlever-server-d,S,0,0,4888852,20689059,113,15,futex_do_wait
4924611694103352,3130644,qlever-server-d,S,78,4,832648449,323480682,1161,6,futex_do_wait
4924611694103352,3130646,qlever-server-d,S,9,0,103729607,115070216,349,11,futex_do_wait
4924611694103352,3130647,qlever-server-d,S,8,1,97912233,135369617,368,11,futex_do_wait
4924611694103352,3130648,qlever-server-d,R,113,5,1186766696,214508308,858,6,0
4924611694103352,3130649,qlever-server-d,R,116,4,1210396836,158162606,685,15,0
4924611694103352,0,__system__,-,1024891802,7868006745,0,0,0,-1,-
4924611712431996,3128855,qlever-server-d,S,936,1591,25279315500,30777902,1912,1,futex_do_wait
4924611712431996,3128859,qlever-server-d,S,0,0,3433483,3276002,30,14,futex_do_wait
4924611712431996,3129400,qlever-server-d,R,1479,12,14921367901,246920736,678,14,0
4924611712431996,3129401,qlever-server-d,R,1476,13,14901250440,248312136,541,12,0
4924611712431996,3129402,qlever-server-d,R,1471,16,14881120821,278763552,1234,13,0
4924611712431996,3129403,qlever-server-d,R,1477,15,14925485656,240787229,736,3,0
4924611712431996,3129404,qlever-server-d,R,1491,13,15055410217,100220553,708,5,0
4924611712431996,3129405,qlever-server-d,R,1491,12,15038423228,119968432,687,10,0
4924611712431996,3129406,qlever-server-d,R,1472,14,14863854459,293990242,766,7,0
4924611712431996,3129407,qlever-server-d,R,1481,11,14930421884,237837953,632,1,0
4924611712431996,3129408,qlever-server-d,S,0,0,15360,0,1,13,futex_do_wait
4924611712431996,3129409,qlever-server-d,S,0,0,193821,0,6,12,ep_poll
4924611712431996,3129410,qlever-server-d,S,0,0,575900,20000,12,9,futex_do_wait
4924611712431996,3129411,qlever-server-d,S,1,15,175010489,375336606,1526,14,futex_do_wait
4924611712431996,3129412,qlever-server-d,S,0,16,170119841,362824013,1420,6,futex_do_wait
4924611712431996,3129413,qlever-server-d,S,0,15,163407390,390753477,1501,15,futex_do_wait
4924611712431996,3129414,qlever-server-d,S,0,22,232152706,388797424,1698,13,ep_poll
4924611712431996,3129415,qlever-server-d,S,0,14,155942868,370411532,1561,14,futex_do_wait
4924611712431996,3129416,qlever-server-d,S,0,13,146828322,365627421,1397,5,futex_do_wait
4924611712431996,3129417,qlever-server-d,S,1,17,189388827,399838545,1556,4,futex_do_wait
4924611712431996,3129418,qlever-server-d,S,0,19,205325291,350366634,1443,5,futex_do_wait
4924611712431996,3130642,qlever-server-d,S,0,0,859051,2416722,31,7,futex_do_wait
4924611712431996,3130643,qlever-server-d,S,0,0,4888852,20689059,113,15,futex_do_wait
4924611712431996,3130644,qlever-server-d,R,79,4,838341470,330007565,1179,15,0
4924611712431996,3130646,qlever-server-d,S,9,0,104169757,115636936,350,6,futex_do_wait
4924611712431996,3130647,qlever-server-d,S,8,1,97943103,135369617,369,11,futex_do_wait
4924611712431996,3130648,qlever-server-d,S,114,5,1199860175,219082499,872,6,futex_do_wait
4924611712431996,3130649,qlever-server-d,R,117,4,1222685514,159737106,705,15,0
4924611712431996,0,__system__,-,1024891829,7868006774,0,0,0,-1,-
4924611732346917,3128855,qlever-server-d,S,936,1591,25279315500,30777902,1912,1,futex_do_wait
4924611732346917,3128859,qlever-server-d,S,0,0,3433483,3276002,30,14,futex_do_wait
4924611732346917,3129400,qlever-server-d,R,1481,12,14941367862,246920736,678,14,0
4924611732346917,3129401,qlever-server-d,R,1478,13,14920041230,249521267,543,12,0
4924611732346917,3129402,qlever-server-d,R,1473,16,14901084042,278799952,1235,13,0
4924611732346917,3129403,qlever-server-d,R,1479,15,14945429287,240842359,738,3,0
4924611732346917,3129404,qlever-server-d,R,1493,14,15075399428,100231743,709,5,0
4924611732346917,3129405,qlever-server-d,R,1493,12,15058242599,119968432,687,10,0
4924611732346917,3129406,qlever-server-d,R,1473,14,14882827690,294016092,767,7,0
4924611732346917,3129407,qlever-server-d,R,1483,11,14949302925,237957023,633,1,0
4924611732346917,3129408,qlever-server-d,S,0,0,15360,0,1,13,futex_do_wait
4924611732346917,3129409,qlever-server-d,S,0,0,193821,0,6,12,ep_poll
4924611732346917,3129410,qlever-server-d,S,0,0,575900,20000,12,9,futex_do_wait
4924611732346917,3129411,qlever-server-d,S,1,15,175010489,375336606,1526,14,futex_do_wait
4924611732346917,3129412,qlever-server-d,S,0,16,170119841,362824013,1420,6,futex_do_wait
4924611732346917,3129413,qlever-server-d,S,0,15,163407390,390753477,1501,15,futex_do_wait
4924611732346917,3129414,qlever-server-d,S,0,22,232152706,388797424,1698,13,ep_poll
4924611732346917,3129415,qlever-server-d,S,0,14,155942868,370411532,1561,14,futex_do_wait
4924611732346917,3129416,qlever-server-d,S,0,13,146828322,365627421,1397,5,futex_do_wait
4924611732346917,3129417,qlever-server-d,S,1,17,189388827,399838545,1556,4,futex_do_wait
4924611732346917,3129418,qlever-server-d,S,0,19,205325291,350366634,1443,5,futex_do_wait
4924611732346917,3130642,qlever-server-d,S,0,0,859051,2416722,31,7,futex_do_wait
4924611732346917,3130643,qlever-server-d,S,0,0,4888852,20689059,113,15,futex_do_wait
4924611732346917,3130644,qlever-server-d,S,79,4,843099464,332534805,1207,15,0
4924611732346917,3130646,qlever-server-d,S,9,0,104183057,115647376,351,11,futex_do_wait
4924611732346917,3130647,qlever-server-d,S,8,1,98459013,135407937,371,2,futex_do_wait
4924611732346917,3130648,qlever-server-d,R,115,5,1215094322,221977053,876,0,0
4924611732346917,3130649,qlever-server-d,R,119,4,1235221171,167025900,734,15,0
4924611732346917,0,__system__,-,1024891858,7868006805,0,0,0,-1,-
4924611752325528,3128855,qlever-server-d,S,936,1591,25279315500,30777902,1912,1,futex_do_wait
4924611752325528,3128859,qlever-server-d,S,0,0,3433483,3276002,30,14,futex_do_wait
4924611752325528,3129400,qlever-server-d,R,1483,12,14961369303,246920736,678,14,0
4924611752325528,3129401,qlever-server-d,R,1480,13,14939093889,250469299,545,12,0
4924611752325528,3129402,qlever-server-d,R,1475,16,14921085723,278799952,1235,13,0
4924611752325528,3129403,qlever-server-d,R,1481,15,14965429338,240842359,738,3,0
4924611752325528,3129404,qlever-server-d,R,1495,14,15095400339,100231743,709,5,0
4924611752325528,3129405,qlever-server-d,R,1495,12,15078244970,119968432,687,10,0
4924611752325528,3129406,qlever-server-d,R,1475,14,14902805871,294038982,768,7,0
4924611752325528,3129407,qlever-server-d,R,1485,11,14969303046,237957023,633,1,0
4924611752325528,3129408,qlever-server-d,S,0,0,15360,0,1,13,futex_do_wait
4924611752325528,3129409,qlever-server-d,S,0,0,193821,0,6,12,ep_poll
4924611752325528,3129410,qlever-server-d,S,0,0,575900,20000,12,9,futex_do_wait
4924611752325528,3129411,qlever-server-d,S,1,15,175010489,375336606,1526,14,futex_do_wait
4924611752325528,3129412,qlever-server-d,S,0,16,170119841,362824013,1420,6,futex_do_wait
4924611752325528,3129413,qlever-server-d,S,0,15,163407390,390753477,1501,15,futex_do_wait
4924611752325528,3129414,qlever-server-d,S,0,22,232152706,388797424,1698,13,ep_poll
4924611752325528,3129415,qlever-server-d,S,0,14,155942868,370411532,1561,14,futex_do_wait
4924611752325528,3129416,qlever-server-d,S,0,13,146828322,365627421,1397,5,futex_do_wait
4924611752325528,3129417,qlever-server-d,S,1,17,189388827,399838545,1556,4,futex_do_wait
4924611752325528,3129418,qlever-server-d,S,0,19,205325291,350366634,1443,5,futex_do_wait
4924611752325528,3130642,qlever-server-d,S,0,0,881941,2421432,32,7,futex_do_wait
4924611752325528,3130643,qlever-server-d,S,0,0,4928672,21414009,114,15,futex_do_wait
4924611752325528,3130644,qlever-server-d,R,80,4,848661199,337370478,1230,15,0
4924611752325528,3130646,qlever-server-d,S,9,0,104632168,115908126,352,11,futex_do_wait
4924611752325528,3130647,qlever-server-d,R,8,1,98482033,135407937,372,2,0
4924611752325528,3130648,qlever-server-d,S,117,5,1235490583,222072543,879,0,futex_do_wait
4924611752325528,3130649,qlever-server-d,R,120,4,1249026017,173380395,757,15,0
4924611752325528,0,__system__,-,1024891888,7868006837,0,0,0,-1,-
4924611772317869,3128855,qlever-server-d,S,936,1591,25279315500,30777902,1912,1,futex_do_wait
4924611772317869,3128859,qlever-server-d,S,0,0,3433483,3276002,30,14,futex_do_wait
4924611772317869,3129400,qlever-server-d,R,1485,12,14981368874,246920736,678,14,0
4924611772317869,3129401,qlever-server-d,R,1482,13,14957210670,252351839,548,12,0
4924611772317869,3129402,qlever-server-d,R,1477,16,14941084004,278799952,1235,13,0
4924611772317869,3129403,qlever-server-d,R,1483,15,14985345829,240926009,739,3,0
4924611772317869,3129404,qlever-server-d,R,1497,14,15115399720,100231743,709,5,0
4924611772317869,3129405,qlever-server-d,R,1497,12,15098243681,119968432,687,10,0
4924611772317869,3129406,qlever-server-d,R,1477,14,14921796282,295929263,770,15,0
4924611772317869,3129407,qlever-server-d,R,1487,11,14989303127,237957023,633,1,0
4924611772317869,3129408,qlever-server-d,S,0,0,15360,0,1,13,futex_do_wait
4924611772317869,3129409,qlever-server-d,S,0,0,193821,0,6,12,ep_poll
4924611772317869,3129410,qlever-server-d,S,0,0,575900,20000,12,9,futex_do_wait
4924611772317869,3129411,qlever-server-d,S,1,15,175010489,375336606,1526,14,futex_do_wait
4924611772317869,3129412,qlever-server-d,S,0,16,170119841,362824013,1420,6,futex_do_wait
4924611772317869,3129413,qlever-server-d,S,0,15,163407390,390753477,1501,15,futex_do_wait
4924611772317869,3129414,qlever-server-d,S,0,22,232152706,388797424,1698,13,ep_poll
4924611772317869,3129415,qlever-server-d,S,0,14,155942868,370411532,1561,14,futex_do_wait
4924611772317869,3129416,qlever-server-d,S,0,13,146828322,365627421,1397,5,futex_do_wait
4924611772317869,3129417,qlever-server-d,S,1,17,189388827,399838545,1556,4,futex_do_wait
4924611772317869,3129418,qlever-server-d,S,0,19,205325291,350366634,1443,5,futex_do_wait
4924611772317869,3130642,qlever-server-d,S,0,0,881941,2421432,32,7,futex_do_wait
4924611772317869,3130643,qlever-server-d,S,0,0,4928672,21414009,114,15,futex_do_wait
4924611772317869,3130644,qlever-server-d,R,81,4,857241674,341633260,1253,7,0
4924611772317869,3130646,qlever-server-d,S,9,0,105611659,117716528,357,7,0
4924611772317869,3130647,qlever-server-d,S,8,1,99444995,136826237,376,7,futex_do_wait
4924611772317869,3130648,qlever-server-d,R,119,5,1251839032,222072543,889,0,0
4924611772317869,3130649,qlever-server-d,R,121,4,1262408154,179133369,778,15,0
4924611772317869,0,__system__,-,1024891918,7868006869,0,0,0,-1,-
4924611792947206,3128855,qlever-server-d,S,936,1591,25279315500,30777902,1912,1,futex_do_wait
4924611792947206,3128859,qlever-server-d,S,0,0,3433483,3276002,30,14,futex_do_wait
4924611792947206,3129400,qlever-server-d,R,1487,12,15002367646,246920736,678,14,0
4924611792947206,3129401,qlever-server-d,R,1484,13,14978210502,252351839,548,12,0
4924611792947206,3129402,qlever-server-d,R,1479,16,14962101826,278838952,1236,13,0
4924611792947206,3129403,qlever-server-d,R,1485,15,15006327501,240945049,740,3,0
4924611792947206,3129404,qlever-server-d,R,1499,14,15134700710,101930705,712,5,0
4924611792947206,3129405,qlever-server-d,R,1499,12,15119244663,119968432,687,10,0
4924611792947206,3129406,qlever-server-d,R,1478,14,14934955999,303038327,777,7,0
4924611792947206,3129407,qlever-server-d,R,1489,11,15010288759,237972763,634,1,0
4924611792947206,3129408,qlever-server-d,S,0,0,15360,0,1,13,futex_do_wait
4924611792947206,3129409,qlever-server-d,S,0,0,193821,0,6,12,ep_poll
4924611792947206,3129410,qlever-server-d,S,0,0,575900,20000,12,9,futex_do_wait
4924611792947206,3129411,qlever-server-d,S,1,15,175010489,375336606,1526,14,futex_do_wait
4924611792947206,3129412,qlever-server-d,S,0,16,170119841,362824013,1420,6,futex_do_wait
4924611792947206,3129413,qlever-server-d,S,0,15,163407390,390753477,1501,15,futex_do_wait
4924611792947206,3129414,qlever-server-d,S,0,22,232152706,388797424,1698,13,ep_poll
4924611792947206,3129415,qlever-server-d,S,0,14,155942868,370411532,1561,14,futex_do_wait
4924611792947206,3129416,qlever-server-d,S,0,13,146828322,365627421,1397,5,futex_do_wait
4924611792947206,3129417,qlever-server-d,S,1,17,189388827,399838545,1556,4,futex_do_wait
4924611792947206,3129418,qlever-server-d,S,0,19,205325291,350366634,1443,5,futex_do_wait
4924611792947206,3130642,qlever-server-d,S,0,0,901001,2425682,33,7,futex_do_wait
4924611792947206,3130643,qlever-server-d,S,0,0,5034232,21425029,116,7,futex_do_wait
4924611792947206,3130644,qlever-server-d,R,82,4,870745951,348225634,1261,11,0
4924611792947206,3130646,qlever-server-d,S,10,0,107159170,119427750,363,11,0
4924611792947206,3130647,qlever-server-d,S,8,1,100900116,139871409,382,11,futex_do_wait
4924611792947206,3130648,qlever-server-d,R,121,5,1270945653,222422983,900,0,0
4924611792947206,3130649,qlever-server-d,R,123,4,1281147874,180974330,787,15,0
4924611792947206,0,__system__,-,1024891950,7868006902,0,0,0,-1,-
4924611813124875,3128855,qlever-server-d,S,936,1591,25279315500,30777902,1912,1,futex_do_wait
4924611813124875,3128859,qlever-server-d,S,0,0,3433483,3276002,30,14,futex_do_wait
4924611813124875,3129400,qlever-server-d,R,1489,12,15022369617,246920736,678,14,0
4924611813124875,3129401,qlever-server-d,R,1486,13,14998211193,252351839,548,12,0
4924611813124875,3129402,qlever-server-d,R,1480,16,14972059811,287831687,1239,13,0
4924611813124875,3129403,qlever-server-d,R,1487,15,15026327642,240945049,740,3,0
4924611813124875,3129404,qlever-server-d,R,1501,14,15153620801,103010885,714,5,0
4924611813124875,3129405,qlever-server-d,R,1501,12,15139758634,119968432,687,10,0
4924611813124875,3129406,qlever-server-d,R,1480,14,14954809950,303052777,778,7,0
4924611813124875,3129407,qlever-server-d,R,1491,11,15030289780,237972763,634,1,0
4924611813124875,3129408,qlever-server-d,S,0,0,15360,0,1,13,futex_do_wait
4924611813124875,3129409,qlever-server-d,S,0,0,193821,0,6,12,ep_poll
4924611813124875,3129410,qlever-server-d,S,0,0,575900,20000,12,9,futex_do_wait
4924611813124875,3129411,qlever-server-d,S,1,15,175010489,375336606,1526,14,futex_do_wait
4924611813124875,3129412,qlever-server-d,S,0,16,170119841,362824013,1420,6,futex_do_wait
4924611813124875,3129413,qlever-server-d,S,0,15,163407390,390753477,1501,15,futex_do_wait
4924611813124875,3129414,qlever-server-d,S,0,22,232152706,388797424,1698,13,ep_poll
4924611813124875,3129415,qlever-server-d,S,0,14,155942868,370411532,1561,14,futex_do_wait
4924611813124875,3129416,qlever-server-d,S,0,13,146828322,365627421,1397,5,futex_do_wait
4924611813124875,3129417,qlever-server-d,S,1,17,189388827,399838545,1556,4,futex_do_wait
4924611813124875,3129418,qlever-server-d,S,0,19,205325291,350366634,1443,5,futex_do_wait
4924611813124875,3130642,qlever-server-d,S,0,0,901001,2425682,33,7,futex_do_wait
4924611813124875,3130643,qlever-server-d,S,0,0,5133732,21438429,119,11,futex_do_wait
4924611813124875,3130644,qlever-server-d,R,83,4,886847030,352227167,1273,11,0
4924611813124875,3130646,qlever-server-d,S,10,0,108874182,121540061,372,11,futex_do_wait
4924611813124875,3130647,qlever-server-d,S,8,1,103087137,143634972,390,11,futex_do_wait
4924611813124875,3130648,qlever-server-d,R,122,5,1284920879,223202483,929,2,0
4924611813124875,3130649,qlever-server-d,S,125,4,1301475626,180974330,787,15,futex_do_wait
4924611813124875,0,__system__,-,1024891983,7868006935,0,0,0,-1,-
4924611832611380,3128855,qlever-server-d,S,936,1591,25279315500,30777902,1912,1,futex_do_wait
4924611832611380,3128859,qlever-server-d,S,0,0,3433483,3276002,30,14,futex_do_wait
4924611832611380,3129400,qlever-server-d,R,1491,12,15041368208,246920736,678,14,0
4924611832611380,3129401,qlever-server-d,R,1488,13,15017218234,253167729,549,12,0
4924611832611380,3129402,qlever-server-d,R,1481,16,14981302286,299575454,1243,11,0
4924611832611380,3129403,qlever-server-d,R,1489,15,15046289793,240982649,742,3,0
4924611832611380,3129404,qlever-server-d,R,1503,14,15172546872,104084935,715,5,0
4924611832611380,3129405,qlever-server-d,R,1503,12,15159244545,119968432,687,10,0
4924611832611380,3129406,qlever-server-d,R,1482,14,14974712651,303119467,783,7,0
4924611832611380,3129407,qlever-server-d,R,1493,11,15050288381,237972763,634,1,0
4924611832611380,3129408,qlever-server-d,S,0,0,15360,0,1,13,futex_do_wait
4924611832611380,3129409,qlever-server-d,S,0,0,193821,0,6,12,ep_poll
4924611832611380,3129410,qlever-server-d,S,0,0,575900,20000,12,9,futex_do_wait
4924611832611380,3129411,qlever-server-d,S,1,15,175010489,375336606,1526,14,futex_do_wait
4924611832611380,3129412,qlever-server-d,S,0,16,170119841,362824013,1420,6,futex_do_wait
4924611832611380,3129413,qlever-server-d,S,0,15,163407390,390753477,1501,15,futex_do_wait
4924611832611380,3129414,qlever-server-d,S,0,22,232152706,388797424,1698,13,ep_poll
4924611832611380,3129415,qlever-server-d,S,0,14,155942868,370411532,1561,14,futex_do_wait
4924611832611380,3129416,qlever-server-d,S,0,13,146828322,365627421,1397,5,futex_do_wait
4924611832611380,3129417,qlever-server-d,S,1,17,189388827,399838545,1556,4,futex_do_wait
4924611832611380,3129418,qlever-server-d,S,0,19,205325291,350366634,1443,5,futex_do_wait
4924611832611380,3130642,qlever-server-d,S,0,0,901001,2425682,33,7,futex_do_wait
4924611832611380,3130643,qlever-server-d,S,0,0,5207272,21446209,121,11,futex_do_wait
4924611832611380,3130644,qlever-server-d,R,84,5,901424178,355157539,1284,11,0
4924611832611380,3130646,qlever-server-d,S,10,0,110267733,122863892,378,11,futex_do_wait
4924611832611380,3130647,qlever-server-d,S,8,1,104465898,144954153,396,11,futex_do_wait
4924611832611380,3130648,qlever-server-d,S,123,5,1296632245,230792137,940,15,futex_do_wait
4924611832611380,3130649,qlever-server-d,R,126,4,1313901133,186939344,794,15,0
4924611832611380,0,__system__,-,1024892013,7868006967,0,0,0,-1,-
4924611854102140,3128855,qlever-server-d,S,936,1591,25279315500,30777902,1912,1,futex_do_wait
4924611854102140,3128859,qlever-server-d,S,0,0,3433483,3276002,30,14,futex_do_wait
4924611854102140,3129400,qlever-server-d,R,1493,12,15063369140,246920736,678,14,0
4924611854102140,3129401,qlever-server-d,R,1490,13,15036214845,255348000,555,12,0
4924611854102140,3129402,qlever-server-d,R,1482,16,14997475605,304398537,1245,3,0
4924611854102140,3129403,qlever-server-d,R,1491,15,15066476484,241791110,744,9,0
4924611854102140,3129404,qlever-server-d,R,1505,14,15193129124,104502585,718,5,0
4924611854102140,3129405,qlever-server-d,R,1505,12,15180608117,119968432,687,10,0
4924611854102140,3129406,qlever-server-d,R,1485,14,14995608603,303223927,789,7,0
4924611854102140,3129407,qlever-server-d,R,1495,11,15070830552,238432594,635,1,0
4924611854102140,3129408,qlever-server-d,S,0,0,15360,0,1,13,futex_do_wait
4924611854102140,3129409,qlever-server-d,S,0,0,193821,0,6,12,ep_poll
4924611854102140,3129410,qlever-server-d,S,0,0,575900,20000,12,9,futex_do_wait
4924611854102140,3129411,qlever-server-d,S,1,15,175010489,375336606,1526,14,futex_do_wait
4924611854102140,3129412,qlever-server-d,S,0,16,170119841,362824013,1420,6,futex_do_wait
4924611854102140,3129413,qlever-server-d,S,0,15,163407390,390753477,1501,15,futex_do_wait
4924611854102140,3129414,qlever-server-d,S,0,22,232152706,388797424,1698,13,ep_poll
4924611854102140,3129415,qlever-server-d,S,0,14,155942868,370411532,1561,14,futex_do_wait
4924611854102140,3129416,qlever-server-d,S,0,13,146828322,365627421,1397,5,futex_do_wait
4924611854102140,3129417,qlever-server-d,S,1,17,189388827,399838545,1556,4,futex_do_wait
4924611854102140,3129418,qlever-server-d,S,0,19,205325291,350366634,1443,5,futex_do_wait
4924611854102140,3130642,qlever-server-d,S,0,0,920711,2429602,34,7,futex_do_wait
4924611854102140,3130643,qlever-server-d,S,0,0,5242522,21892400,122,11,futex_do_wait
4924611854102140,3130644,qlever-server-d,R,85,5,912315905,360365961,1297,11,0
4924611854102140,3130646,qlever-server-d,S,10,0,111673304,124906173,383,11,futex_do_wait
4924611854102140,3130647,qlever-server-d,S,8,1,105428799,148500975,401,11,futex_do_wait
4924611854102140,3130648,qlever-server-d,R,124,5,1306762621,240145182,947,15,0
4924611854102140,3130649,qlever-server-d,R,127,4,1324770468,195959649,800,15,0
4924611854102140,0,__system__,-,1024892045,7868007001,0,0,0,-1,-
4924611872331554,3128855,qlever-server-d,S,936,1591,25279315500,30777902,1912,1,futex_do_wait
4924611872331554,3128859,qlever-server-d,S,0,0,3433483,3276002,30,14,futex_do_wait
4924611872331554,3129400,qlever-server-d,R,1495,12,15081343960,246945656,679,14,0
4924611872331554,3129401,qlever-server-d,R,1491,13,15054214765,255348000,555,12,0
4924611872331554,3129402,qlever-server-d,R,1484,17,15015474135,304398537,1245,3,0
4924611872331554,3129403,qlever-server-d,R,1493,15,15083925213,242341711,745,9,0
4924611872331554,3129404,qlever-server-d,R,1506,14,15211118004,104514425,719,5,0
4924611872331554,3129405,qlever-server-d,R,1507,12,15198196327,120018952,689,10,0
4924611872331554,3129406,qlever-server-d,R,1486,14,15013608723,303223927,789,7,0
4924611872331554,3129407,qlever-server-d,R,1496,11,15088828462,238432594,635,1,0
4924611872331554,3129408,qlever-server-d,S,0,0,15360,0,1,13,futex_do_wait
4924611872331554,3129409,qlever-server-d,S,0,0,193821,0,6,12,ep_poll
4924611872331554,3129410,qlever-server-d,S,0,0,575900,20000,12,9,futex_do_wait
4924611872331554,3129411,qlever-server-d,S,1,15,175010489,375336606,1526,14,futex_do_wait
4924611872331554,3129412,qlever-server-d,S,0,16,170119841,362824013,1420,6,futex_do_wait
4924611872331554,3129413,qlever-server-d,S,0,15,163407390,390753477,1501,15,futex_do_wait
4924611872331554,3129414,qlever-server-d,S,0,22,232152706,388797424,1698,13,ep_poll
4924611872331554,3129415,qlever-server-d,S,0,14,155942868,370411532,1561,14,futex_do_wait
4924611872331554,3129416,qlever-server-d,S,0,13,146828322,365627421,1397,5,futex_do_wait
4924611872331554,3129417,qlever-server-d,S,1,17,189388827,399838545,1556,4,futex_do_wait
4924611872331554,3129418,qlever-server-d,S,0,19,205325291,350366634,1443,5,futex_do_wait
4924611872331554,3130642,qlever-server-d,S,0,0,920711,2429602,34,7,futex_do_wait
4924611872331554,3130643,qlever-server-d,S,0,0,5337902,21915410,124,11,futex_do_wait
4924611872331554,3130644,qlever-server-d,S,86,5,920260831,365138842,1314,0,futex_do_wait
4924611872331554,3130646,qlever-server-d,S,10,0,112611574,125786343,387,0,futex_do_wait
4924611872331554,3130647,qlever-server-d,S,9,1,106348909,149399385,405,0,futex_do_wait
4924611872331554,3130648,qlever-server-d,R,126,5,1318974988,245237466,954,15,0
4924611872331554,3130649,qlever-server-d,S,128,4,1333844943,205770985,806,15,futex_do_wait
4924611872331554,0,__system__,-,1024892071,7868007029,0,0,0,-1,-
4924611892631333,3128855,qlever-server-d,S,936,1591,25279315500,30777902,1912,1,futex_do_wait
4924611892631333,3128859,qlever-server-d,S,0,0,3433483,3276002,30,14,futex_do_wait
4924611892631333,3129400,qlever-server-d,R,1497,12,15101344181,246945656,679,14,0
4924611892631333,3129401,qlever-server-d,R,1493,13,15074215476,255348000,555,12,0
4924611892631333,3129402,qlever-server-d,R,1486,17,15036233315,304632858,1247,3,0
4924611892631333,3129403,qlever-server-d,R,1495,15,15104926094,242341711,745,9,0
4924611892631333,3129404,qlever-server-d,R,1509,14,15232117865,104514425,719,5,0
4924611892631333,3129405,qlever-server-d,R,1509,12,15219202098,120018952,689,10,0
4924611892631333,3129406,qlever-server-d,R,1488,14,15034579944,303253137,790,7,0
4924611892631333,3129407,qlever-server-d,R,1499,11,15109829663,238432594,635,1,0
4924611892631333,3129408,qlever-server-d,S,0,0,15360,0,1,13,futex_do_wait
4924611892631333,3129409,qlever-server-d,S,0,0,193821,0,6,12,ep_poll
4924611892631333,3129410,qlever-server-d,S,0,0,575900,20000,12,9,futex_do_wait
4924611892631333,3129411,qlever-server-d,S,1,15,175010489,375336606,1526,14,futex_do_wait
4924611892631333,3129412,qlever-server-d,S,0,16,170119841,362824013,1420,6,futex_do_wait
4924611892631333,3129413,qlever-server-d,S,0,15,163407390,390753477,1501,15,futex_do_wait
4924611892631333,3129414,qlever-server-d,S,0,22,232152706,388797424,1698,13,ep_poll
4924611892631333,3129415,qlever-server-d,S,0,14,155942868,370411532,1561,14,futex_do_wait
4924611892631333,3129416,qlever-server-d,S,0,13,146828322,365627421,1397,5,futex_do_wait
4924611892631333,3129417,qlever-server-d,S,1,17,189388827,399838545,1556,4,futex_do_wait
4924611892631333,3129418,qlever-server-d,S,0,19,205325291,350366634,1443,5,futex_do_wait
4924611892631333,3130642,qlever-server-d,S,0,0,949921,2437562,35,7,futex_do_wait
4924611892631333,3130643,qlever-server-d,R,0,0,5375342,21918810,125,11,0
4924611892631333,3130644,qlever-server-d,R,87,5,929219476,368928964,1330,11,0
4924611892631333,3130646,qlever-server-d,R,10,0,113229866,127981134,391,11,0
4924611892631333,3130647,qlever-server-d,R,9,1,107565469,150878608,409,11,0
4924611892631333,3130648,qlever-server-d,R,127,5,1329632884,250397119,965,6,0
4924611892631333,3130649,qlever-server-d,R,130,4,1350235891,209151038,813,15,0
4924611892631333,0,__system__,-,1024892102,7868007062,0,0,0,-1,-
4924611915076746,3128855,qlever-server-d,S,936,1591,25279315500,30777902,1912,1,futex_do_wait
4924611915076746,3128859,qlever-server-d,S,0,0,3433483,3276002,30,14,futex_do_wait
4924611915076746,3129400,qlever-server-d,R,1499,12,15124343854,246945656,679,14,0
4924611915076746,3129401,qlever-server-d,R,1496,13,15097191699,255372580,556,12,0
4924611915076746,3129402,qlever-server-d,R,1488,17,15058234238,304632858,1247,3,0
4924611915076746,3129403,qlever-server-d,R,1497,15,15126926017,242341711,745,9,0
4924611915076746,3129404,qlever-server-d,R,1511,14,15254100138,104527845,720,15,0
4924611915076746,3129405,qlever-server-d,R,1511,12,15240381600,120835873,690,10,0
4924611915076746,3129406,qlever-server-d,R,1491,14,15056514567,303318417,791,7,0
4924611915076746,3129407,qlever-server-d,R,1501,11,15129843325,240419655,640,1,0
4924611915076746,3129408,qlever-server-d,S,0,0,15360,0,1,13,futex_do_wait
4924611915076746,3129409,qlever-server-d,S,0,0,193821,0,6,12,ep_poll
4924611915076746,3129410,qlever-server-d,S,0,0,575900,20000,12,9,futex_do_wait
4924611915076746,3129411,qlever-server-d,S,1,15,175010489,375336606,1526,14,futex_do_wait
4924611915076746,3129412,qlever-server-d,S,0,16,170119841,362824013,1420,6,futex_do_wait
4924611915076746,3129413,qlever-server-d,S,0,15,163407390,390753477,1501,15,futex_do_wait
4924611915076746,3129414,qlever-server-d,S,0,22,232152706,388797424,1698,13,ep_poll
4924611915076746,3129415,qlever-server-d,S,0,14,155942868,370411532,1561,14,futex_do_wait
4924611915076746,3129416,qlever-server-d,S,0,13,146828322,365627421,1397,5,futex_do_wait
4924611915076746,3129417,qlever-server-d,S,1,17,189388827,399838545,1556,4,futex_do_wait
4924611915076746,3129418,qlever-server-d,S,0,19,205325291,350366634,1443,5,futex_do_wait
4924611915076746,3130642,qlever-server-d,S,0,0,949921,2437562,35,7,futex_do_wait
4924611915076746,3130643,qlever-server-d,S,0,0,5514482,24189161,130,11,futex_do_wait
4924611915076746,3130644,qlever-server-d,R,89,5,949730976,371755517,1345,11,0
4924611915076746,3130648,qlever-server-d,S,128,5,1347947502,255389043,971,13,futex_do_wait
4924611915076746,3130649,qlever-server-d,R,131,4,1365123440,214046880,820,6,0
4924611915076746,0,__system__,-,1024892137,7868007098,0,0,0,-1,-
4924611932376377,3128855,qlever-server-d,S,936,1591,25279315500,30777902,1912,1,futex_do_wait
4924611932376377,3128859,qlever-server-d,S,0,0,3433483,3276002,30,14,futex_do_wait
4924611932376377,3129400,qlever-server-d,R,1501,12,15140546673,247743296,680,14,0
4924611932376377,3129401,qlever-server-d,R,1497,13,15114190558,255372580,556,12,0
4924611932376377,3129402,qlever-server-d,R,1490,17,15075180187,304686598,1249,3,0
4924611932376377,3129403,qlever-server-d,R,1498,15,15143926976,242341711,745,9,0
4924611932376377,3129404,qlever-server-d,R,1512,14,15271910718,104527845,720,15,0
4924611932376377,3129405,qlever-server-d,R,1512,12,15257379469,120835873,690,10,0
4924611932376377,3129406,qlever-server-d,R,1492,14,15073489256,303343597,792,7,0
4924611932376377,3129407,qlever-server-d,R,1502,12,15147842605,240419655,640,1,0
4924611932376377,3129408,qlever-server-d,S,0,0,15360,0,1,13,futex_do_wait
4924611932376377,3129409,qlever-server-d,S,0,0,193821,0,6,12,ep_poll
4924611932376377,3129410,qlever-server-d,S,0,0,575900,20000,12,9,futex_do_wait
4924611932376377,3129411,qlever-server-d,S,1,15,175010489,375336606,1526,14,futex_do_wait
4924611932376377,3129412,qlever-server-d,S,0,16,170119841,362824013,1420,6,futex_do_wait
4924611932376377,3129413,qlever-server-d,S,0,15,163407390,390753477,1501,15,futex_do_wait
4924611932376377,3129414,qlever-server-d,S,0,22,232152706,388797424,1698,13,ep_poll
4924611932376377,3129415,qlever-server-d,S,0,14,155942868,370411532,1561,14,futex_do_wait
4924611932376377,3129416,qlever-server-d,S,0,13,146828322,365627421,1397,5,futex_do_wait
4924611932376377,3129417,qlever-server-d,S,1,17,189388827,399838545,1556,4,futex_do_wait
4924611932376377,3129418,qlever-server-d,S,0,19,205325291,350366634,1443,5,futex_do_wait
4924611932376377,3130642,qlever-server-d,S,0,0,949921,2437562,35,7,futex_do_wait
4924611932376377,3130643,qlever-server-d,S,0,0,5642052,24208611,133,11,futex_do_wait
4924611932376377,3130644,qlever-server-d,R,90,6,966194176,371954527,1349,11,0
4924611932376377,3130648,qlever-server-d,S,130,5,1363903571,255389043,973,5,futex_do_wait
4924611932376377,3130649,qlever-server-d,R,133,4,1379241048,215740921,832,6,0
4924611932376377,0,__system__,-,1024892163,7868007124,0,0,0,-1,-
4924611954086185,3128855,qlever-server-d,S,936,1591,25279315500,30777902,1912,1,futex_do_wait
4924611954086185,3128859,qlever-server-d,S,0,0,3433483,3276002,30,14,futex_do_wait
4924611954086185,3129400,qlever-server-d,R,1503,12,15161065845,249223636,682,14,0
4924611954086185,3129401,qlever-server-d,R,1500,13,15136190300,255372580,556,12,0
4924611954086185,3129402,qlever-server-d,R,1492,17,15093547878,308317789,1251,3,0
4924611954086185,3129403,qlever-server-d,R,1500,15,15165604658,242662371,746,9,0
4924611954086185,3129404,qlever-server-d,R,1514,14,15293099739,104527845,720,15,0
4924611954086185,3129405,qlever-server-d,R,1514,12,15279377711,120835873,690,10,0
4924611954086185,3129406,qlever-server-d,R,1494,14,15095468658,303364367,793,7,0
4924611954086185,3129407,qlever-server-d,R,1504,12,15168841406,240419655,640,1,0
4924611954086185,3129408,qlever-server-d,S,0,0,15360,0,1,13,futex_do_wait
4924611954086185,3129409,qlever-server-d,S,0,0,193821,0,6,12,ep_poll
4924611954086185,3129410,qlever-server-d,S,0,0,575900,20000,12,9,futex_do_wait
4924611954086185,3129411,qlever-server-d,S,1,15,175073049,375641606,1527,5,futex_do_wait
4924611954086185,3129412,qlever-server-d,S,0,16,170167851,363131623,1421,5,futex_do_wait
4924611954086185,3129413,qlever-server-d,R,0,15,163407390,391021717,1502,5,0
4924611954086185,3129414,qlever-server-d,S,0,22,232152706,388797424,1698,13,ep_poll
4924611954086185,3129415,qlever-server-d,R,0,14,155942868,370411532,1561,5,0
4924611954086185,3129416,qlever-server-d,R,0,14,148189133,366742521,1404,5,0
4924611954086185,3129417,qlever-server-d,S,1,17,189449527,400151865,1557,5,futex_do_wait
4924611954086185,3129418,qlever-server-d,S,0,19,205342561,350693935,1444,5,futex_do_wait
4924611954086185,3130642,qlever-server-d,S,0,0,970691,2442842,36,7,futex_do_wait
4924611954086185,3130643,qlever-server-d,R,0,0,8535874,24911632,138,11,0
4924611954086185,0,__system__,-,1024892196,7868007158,0,0,0,-1,-
4924611972342849,3128855,qlever-server-d,S,936,1591,25279315500,30777902,1912,1,futex_do_wait
4924611972342849,3128859,qlever-server-d,S,0,0,3433483,3276002,30,14,futex_do_wait
4924611972342849,3129400,qlever-server-d,R,1504,12,15179066475,249223636,682,14,0
4924611972342849,3129401,qlever-server-d,R,1501,13,15154196470,255372580,556,12,0
4924611972342849,3129402,qlever-server-d,R,1493,17,15111550608,308317789,1251,3,0
4924611972342849,3129403,qlever-server-d,R,1502,15,15183605468,242662371,746,9,0
4924611972342849,3129404,qlever-server-d,R,1516,14,15311100299,104527845,720,15,0
4924611972342849,3129405,qlever-server-d,R,1516,12,15297378651,120835873,690,10,0
4924611972342849,3129406,qlever-server-d,R,1496,14,15114469729,303364367,793,7,0
4924611972342849,3129407,qlever-server-d,R,1506,12,15187844447,240419655,640,1,0
4924611972342849,3129408,qlever-server-d,S,0,0,15360,0,1,13,futex_do_wait
4924611972342849,3129409,qlever-server-d,S,0,0,193821,0,6,12,ep_poll
4924611972342849,3129410,qlever-server-d,S,0,0,575900,20000,12,9,futex_do_wait
4924611972342849,3129411,qlever-server-d,S,1,15,176408791,380814189,1546,5,futex_do_wait
4924611972342849,3129412,qlever-server-d,S,0,16,171452932,368149235,1444,5,futex_do_wait
4924611972342849,3129413,qlever-server-d,S,0,15,164592871,393497727,1515,5,futex_do_wait
4924611972342849,3129414,qlever-server-d,R,0,22,234249338,390406674,1706,5,0
4924611972342849,3129415,qlever-server-d,S,0,15,157988099,375323025,1586,5,ep_poll
4924611972342849,3129416,qlever-server-d,S,0,14,150322514,372332893,1428,5,futex_do_wait
4924611972342849,3129417,qlever-server-d,S,1,17,190160257,405206529,1575,5,futex_do_wait
4924611972342849,3129418,qlever-server-d,S,0,20,206471762,354019328,1460,5,futex_do_wait
4924611972342849,3130642,qlever-server-d,S,0,0,970691,2442842,36,7,futex_do_wait
4924611972342849,3130643,qlever-server-d,R,1,1,24809943,26625773,146,11,0
4924611972342849,0,__system__,-,1024892225,7868007188,0,0,0,-1,-
4924611992359800,3128855,qlever-server-d,S,936,1591,25279315500,30777902,1912,1,futex_do_wait
4924611992359800,3128859,qlever-server-d,S,0,0,3433483,3276002,30,14,futex_do_wait
4924611992359800,3129400,qlever-server-d,R,1506,12,15198908606,249568477,683,14,0
4924611992359800,3129401,qlever-server-d,R,1503,13,15174191771,255372580,556,12,0
4924611992359800,3129402,qlever-server-d,R,1495,17,15131548389,308317789,1251,3,0
4924611992359800,3129403,qlever-server-d,R,1504,15,15203571409,242695861,747,9,0
4924611992359800,3129404,qlever-server-d,R,1518,14,15331100530,104527845,720,15,0
4924611992359800,3129405,qlever-server-d,R,1518,12,15317377802,120835873,690,10,0
4924611992359800,3129406,qlever-server-d,R,1498,14,15134430449,303404318,795,7,0
4924611992359800,3129407,qlever-server-d,R,1508,12,15207844578,240419655,640,1,0
4924611992359800,3129408,qlever-server-d,S,0,0,15360,0,1,13,futex_do_wait
4924611992359800,3129409,qlever-server-d,S,0,0,193821,0,6,12,ep_poll
4924611992359800,3129410,qlever-server-d,S,0,0,575900,20000,12,9,futex_do_wait
4924611992359800,3129411,qlever-server-d,S,1,16,179332682,384729724,1564,2,futex_do_wait
4924611992359800,3129412,qlever-server-d,R,1,16,173155372,370627786,1458,2,0
4924611992359800,3129413,qlever-server-d,S,0,15,165972472,398236418,1531,2,futex_do_wait
4924611992359800,3129414,qlever-server-d,S,0,22,236824680,393070635,1716,13,futex_do_wait
4924611992359800,3129415,qlever-server-d,R,0,15,159310831,378694916,1602,2,0
4924611992359800,3129416,qlever-server-d,R,0,14,153032355,376769244,1447,2,0
4924611992359800,3129417,qlever-server-d,R,1,17,190394917,407665002,1589,2,0
4924611992359800,3129418,qlever-server-d,R,0,20,207545812,357140468,1477,2,0
4924611992359800,3130642,qlever-server-d,S,0,0,996371,2447942,37,7,futex_do_wait
4924611992359800,3130643,qlever-server-d,R,2,1,41931043,29503594,157,11,0
4924611992359800,0,__system__,-,1024892255,7868007219,0,0,0,-1,-
4924612012370071,3128855,qlever-server-d,S,936,1591,25279315500,30777902,1912,1,futex_do_wait
4924612012370071,3128859,qlever-server-d,S,0,0,3433483,3276002,30,14,futex_do_wait
4924612012370071,3129400,qlever-server-d,R,1508,13,15217314587,251006007,685,14,0
4924612012370071,3129401,qlever-server-d,R,1505,13,15194191603,255372580,556,12,0
4924612012370071,3129402,qlever-server-d,R,1497,17,15151488091,308377629,1252,3,0
4924612012370071,3129403,qlever-server-d,R,1506,15,15223571861,242695861,747,9,0
4924612012370071,3129404,qlever-server-d,R,1520,14,15351099822,104527845,720,15,0
4924612012370071,3129405,qlever-server-d,R,1520,13,15337378484,120835873,690,10,0
4924612012370071,3129406,qlever-server-d,R,1500,14,15154428860,303404318,795,7,0
4924612012370071,3129407,qlever-server-d,R,1510,12,15227844819,240419655,640,1,0
4924612012370071,3129408,qlever-server-d,S,0,0,15360,0,1,13,futex_do_wait
4924612012370071,3129409,qlever-server-d,S,0,0,193821,0,6,12,ep_poll
4924612012370071,3129410,qlever-server-d,S,0,0,575900,20000,12,9,futex_do_wait
4924612012370071,3129411,qlever-server-d,S,1,16,181533204,389972425,1583,2,futex_do_wait
4924612012370071,3129412,qlever-server-d,S,1,16,175241343,375310018,1473,2,futex_do_wait
4924612012370071,3129413,qlever-server-d,S,0,16,167113852,404357871,1548,2,ep_poll
4924612012370071,3129414,qlever-server-d,S,0,23,238834170,399075001,1737,2,futex_do_wait
4924612012370071,3129415,qlever-server-d,S,0,15,161048872,381954248,1616,2,futex_do_wait
4924612012370071,3129416,qlever-server-d,S,0,14,153900376,382509818,1462,2,futex_do_wait
4924612012370071,3129417,qlever-server-d,S,1,17,192355108,411118025,1605,2,futex_do_wait
4924612012370071,3129418,qlever-server-d,S,0,20,209265762,362150461,1494,2,futex_do_wait
4924612012370071,3130642,qlever-server-d,S,0,0,996371,2447942,37,7,futex_do_wait
4924612012370071,3130643,qlever-server-d,R,3,2,61877614,29558604,162,11,0
4924612012370071,0,__system__,-,1024892286,7868007252,0,0,0,-1,-
4924612032349972,3128855,qlever-server-d,S,936,1591,25279315500,30777902,1912,1,futex_do_wait
4924612032349972,3128859,qlever-server-d,S,0,0,3433483,3276002,30,14,futex_do_wait
4924612032349972,3129400,qlever-server-d,R,1510,13,15237284638,251006007,685,14,0
4924612032349972,3129401,qlever-server-d,R,1507,13,15214192504,255372580,556,12,0
4924612032349972,3129402,qlever-server-d,R,1499,17,15171487442,308377629,1252,3,0
4924612032349972,3129403,qlever-server-d,R,1508,15,15243572662,242695861,747,9,0
4924612032349972,3129404,qlever-server-d,R,1522,14,15371101093,104527845,720,15,0
4924612032349972,3129405,qlever-server-d,R,1522,13,15356550385,121663713,691,10,0
4924612032349972,3129406,qlever-server-d,R,1502,14,15173406541,303427598,796,7,0
4924612032349972,3129407,qlever-server-d,R,1512,12,15247219809,241033816,641,5,0
4924612032349972,3129408,qlever-server-d,S,0,0,15360,0,1,13,futex_do_wait
4924612032349972,3129409,qlever-server-d,S,0,0,193821,0,6,12,ep_poll
4924612032349972,3129410,qlever-server-d,S,0,0,575900,20000,12,9,futex_do_wait
4924612032349972,3129411,qlever-server-d,R,1,16,182735824,395635840,1597,0,0
4924612032349972,3129412,qlever-server-d,R,1,16,176571675,377496519,1484,0,0
4924612032349972,3129413,qlever-server-d,R,0,16,170435093,409454755,1561,0,0
4924612032349972,3129414,qlever-server-d,S,0,23,239383070,405537804,1748,0,ep_poll
4924612032349972,3129415,qlever-server-d,R,0,15,162083182,387448011,1630,2,0
4924612032349972,3129416,qlever-server-d,S,0,14,156051837,390197840,1479,2,futex_do_wait
4924612032349972,3129417,qlever-server-d,S,1,17,192895358,414397317,1616,11,futex_do_wait
4924612032349972,3129418,qlever-server-d,R,0,20,211884294,367799144,1512,0,futex_do_wait
4924612032349972,3130642,qlever-server-d,S,0,0,996371,2447942,37,7,futex_do_wait
4924612032349972,3130643,qlever-server-d,S,4,2,69676048,35945447,189,11,futex_do_wait
4924612032349972,0,__system__,-,1024892315,7868007284,0,0,0,-1,-
4924612052349093,3128855,qlever-server-d,S,936,1591,25279315500,30777902,1912,1,futex_do_wait
4924612052349093,3128859,qlever-server-d,S,0,0,3433483,3276002,30,14,futex_do_wait
4924612052349093,3129400,qlever-server-d,R,1512,13,15257284839,251006007,685,14,0
4924612052349093,3129401,qlever-server-d,R,1509,13,15233618975,255945350,557,12,0
4924612052349093,3129402,qlever-server-d,R,1501,17,15191489693,308377629,1252,3,0
4924612052349093,3129403,qlever-server-d,R,1510,15,15263573173,242695861,747,9,0
4924612052349093,3129404,qlever-server-d,R,1524,14,15391100614,104527845,720,15,0
4924612052349093,3129405,qlever-server-d,R,1524,13,15376537026,121678023,692,10,0
4924612052349093,3129406,qlever-server-d,R,1504,14,15193378382,303455588,797,7,0
4924612052349093,3129407,qlever-server-d,R,1514,12,15267220080,241033816,641,5,0
4924612052349093,3129408,qlever-server-d,S,0,0,15360,0,1,13,futex_do_wait
4924612052349093,3129409,qlever-server-d,S,0,0,193821,0,6,12,ep_poll
4924612052349093,3129410,qlever-server-d,S,0,0,575900,20000,12,9,futex_do_wait
4924612052349093,3129411,qlever-server-d,R,1,16,186870636,399443132,1633,0,0
4924612052349093,3129412,qlever-server-d,S,1,16,179164117,380968030,1499,2,futex_do_wait
4924612052349093,3129413,qlever-server-d,S,0,16,172140604,412401448,1578,2,futex_do_wait
4924612052349093,3129414,qlever-server-d,S,0,23,239383070,405537804,1748,0,ep_poll
4924612052349093,3129415,qlever-server-d,S,0,15,163871573,392840244,1642,2,futex_do_wait
4924612052349093,3129416,qlever-server-d,S,0,14,156211167,392324421,1491,2,futex_do_wait
4924612052349093,3129417,qlever-server-d,S,1,17,193314388,417319748,1628,2,futex_do_wait
4924612052349093,3129418,qlever-server-d,S,0,20,214140255,373030916,1533,2,futex_do_wait
4924612052349093,3130642,qlever-server-d,S,0,0,1024361,2454162,38,7,futex_do_wait
4924612052349093,3130643,qlever-server-d,R,4,2,75778032,41869821,230,0,0
4924612052349093,0,__system__,-,1024892342,7868007314,0,0,0,-1,-
4924612073093889,3128855,qlever-server-d,S,936,1591,25279315500,30777902,1912,1,futex_do_wait
4924612073093889,3128859,qlever-server-d,S,0,0,3433483,3276002,30,14,futex_do_wait
4924612073093889,3129400,qlever-server-d,R,1514,13,15277798291,251493937,687,6,0
4924612073093889,3129401,qlever-server-d,R,1511,13,15254618667,255945350,557,12,0
4924612073093889,3129402,qlever-server-d,R,1503,17,15212489235,308377629,1252,3,0
4924612073093889,3129403,qlever-server-d,R,1512,15,15284572335,242695861,747,9,0
4924612073093889,3129404,qlever-server-d,R,1526,14,15412101106,104527845,720,15,0
4924612073093889,3129405,qlever-server-d,R,1526,13,15397537528,121678023,692,10,0
4924612073093889,3129406,qlever-server-d,R,1506,14,15214379914,303455588,797,7,0
4924612073093889,3129407,qlever-server-d,R,1516,12,15287220402,241033816,641,5,0
4924612073093889,3129408,qlever-server-d,S,0,0,15360,0,1,13,futex_do_wait
4924612073093889,3129409,qlever-server-d,S,0,0,193821,0,6,12,ep_poll
4924612073093889,3129410,qlever-server-d,S,0,0,575900,20000,12,9,futex_do_wait
4924612073093889,3129411,qlever-server-d,S,1,17,194404312,403899963,1669,0,futex_do_wait
4924612073093889,3129412,qlever-server-d,R,1,17,181612339,385443722,1515,2,0
4924612073093889,3129413,qlever-server-d,R,0,16,174154384,415457139,1592,2,0
4924612073093889,3129414,qlever-server-d,R,0,23,240766981,410151044,1759,2,0
4924612073093889,3129415,qlever-server-d,S,0,15,164119224,395579185,1657,0,futex_do_wait
4924612073093889,3129416,qlever-server-d,S,0,14,156373627,395338792,1506,2,futex_do_wait
4924612073093889,3129417,qlever-server-d,S,1,18,195834809,421069740,1648,2,futex_do_wait
4924612073093889,3129418,qlever-server-d,S,0,20,214268965,376519428,1541,2,ep_poll
4924612073093889,3130642,qlever-server-d,S,0,0,1024361,2454162,38,7,futex_do_wait
4924612073093889,3130643,qlever-server-d,R,5,3,83598706,45659985,294,0,0
4924612073093889,0,__system__,-,1024892374,7868007348,0,0,0,-1,-
4924612093093470,3128855,qlever-server-d,S,936,1591,25279315500,30777902,1912,1,futex_do_wait
4924612093093470,3128859,qlever-server-d,S,0,0,3433483,3276002,30,14,futex_do_wait
4924612093093470,3129400,qlever-server-d,R,1516,13,15296187422,253103797,688,6,0
4924612093093470,3129401,qlever-server-d,R,1513,13,15274618968,255945350,557,12,0
4924612093093470,3129402,qlever-server-d,R,1505,17,15232488886,308377629,1252,3,0
4924612093093470,3129403,qlever-server-d,R,1514,15,15304572786,242695861,747,9,0
4924612093093470,3129404,qlever-server-d,R,1528,14,15432101157,104527845,720,15,0
4924612093093470,3129405,qlever-server-d,R,1528,13,15417414199,122313953,693,10,0
4924612093093470,3129406,qlever-server-d,R,1508,14,15234341635,303493418,798,7,0
4924612093093470,3129407,qlever-server-d,R,1518,12,15307329353,241033816,641,5,0
4924612093093470,3129408,qlever-server-d,S,0,0,15360,0,1,13,futex_do_wait
4924612093093470,3129409,qlever-server-d,S,0,0,193821,0,6,12,ep_poll
4924612093093470,3129410,qlever-server-d,S,0,0,575900,20000,12,9,futex_do_wait
4924612093093470,3129411,qlever-server-d,R,1,18,202611915,414277651,1703,0,0
4924612093093470,3129412,qlever-server-d,S,1,17,181752009,387303313,1525,2,futex_do_wait
4924612093093470,3129413,qlever-server-d,S,0,16,174311874,416895620,1603,2,futex_do_wait
4924612093093470,3129414,qlever-server-d,S,0,23,240897261,411646025,1769,2,futex_do_wait
4924612093093470,3129415,qlever-server-d,S,0,15,164306034,398299397,1667,0,futex_do_wait
4924612093093470,3129416,qlever-server-d,S,0,14,156526867,395338792,1515,2,futex_do_wait
4924612093093470,3129417,qlever-server-d,S,1,18,195972319,421737390,1656,2,futex_do_wait
4924612093093470,3129418,qlever-server-d,S,0,20,214268965,376519428,1541,2,ep_poll
4924612093093470,3130642,qlever-server-d,S,0,0,1062191,2462252,39,7,futex_do_wait
4924612093093470,3130643,qlever-server-d,R,5,3,89676780,52270716,315,0,0
4924612093093470,0,__system__,-,1024892403,7868007379,0,0,0,-1,-
4924612113111550,3128855,qlever-server-d,S,936,1591,25279315500,30777902,1912,1,futex_do_wait
4924612113111550,3128859,qlever-server-d,S,0,0,3433483,3276002,30,14,futex_do_wait
4924612113111550,3129400,qlever-server-d,R,1518,13,15314777753,254514447,689,6,0
4924612113111550,3129401,qlever-server-d,R,1515,13,15293265479,257299470,560,12,0
4924612113111550,3129402,qlever-server-d,R,1507,17,15252491367,308377629,1252,3,0
4924612113111550,3129403,qlever-server-d,R,1516,15,15324560867,242708911,748,9,0
4924612113111550,3129404,qlever-server-d,R,1530,14,15451857238,104771595,722,15,0
4924612113111550,3129405,qlever-server-d,R,1530,13,15436890040,122326173,694,10,0
4924612113111550,3129406,qlever-server-d,R,1510,14,15254342066,303493418,798,7,0
4924612113111550,3129407,qlever-server-d,R,1520,12,15327177984,241070676,643,14,0
4924612113111550,3129408,qlever-server-d,S,0,0,15360,0,1,13,futex_do_wait
4924612113111550,3129409,qlever-server-d,S,0,0,193821,0,6,12,ep_poll
4924612113111550,3129410,qlever-server-d,S,0,0,575900,20000,12,9,futex_do_wait
4924612113111550,3129411,qlever-server-d,S,1,19,208324818,422865726,1720,0,futex_do_wait
4924612113111550,3129412,qlever-server-d,S,1,17,181958639,389006984,1538,0,futex_do_wait
4924612113111550,3129413,qlever-server-d,S,0,16,175466035,418704201,1617,0,futex_do_wait
4924612113111550,3129414,qlever-server-d,R,0,23,244000863,415533916,1781,2,0
4924612113111550,3129415,qlever-server-d,S,0,15,165777805,401282820,1679,0,futex_do_wait
4924612113111550,3129416,qlever-server-d,S,0,14,156742137,397819855,1526,0,futex_do_wait
4924612113111550,3129417,qlever-server-d,R,1,18,196173449,423882562,1667,2,0
4924612113111550,3129418,qlever-server-d,S,0,20,214268965,376519428,1541,2,ep_poll
4924612113111550,3130642,qlever-server-d,S,0,0,1062191,2462252,39,7,futex_do_wait
4924612113111550,3130643,qlever-server-d,S,6,3,100131107,58957239,336,0,futex_do_wait
4924612113111550,0,__system__,-,1024892432,7868007411,0,0,0,-1,-
4924612133094531,3128855,qlever-server-d,S,936,1591,25279315500,30777902,1912,1,futex_do_wait
4924612133094531,3128859,qlever-server-d,S,0,0,3433483,3276002,30,14,futex_do_wait
4924612133094531,3129400,qlever-server-d,R,1520,13,15333244213,256047218,690,6,0
4924612133094531,3129401,qlever-server-d,R,1517,13,15313265190,257299470,560,12,0
4924612133094531,3129402,qlever-server-d,R,1509,17,15272490018,308377629,1252,3,0
4924612133094531,3129403,qlever-server-d,R,1518,15,15342357807,244910172,752,9,0
4924612133094531,3129404,qlever-server-d,R,1532,14,15471179439,105449575,723,15,0
4924612133094531,3129405,qlever-server-d,R,1532,13,15456888871,122326173,694,10,0
4924612133094531,3129406,qlever-server-d,R,1512,14,15274319537,303515588,799,7,0
4924612133094531,3129407,qlever-server-d,R,1522,12,15347177715,241070676,643,14,0
4924612133094531,3129408,qlever-server-d,S,0,0,15360,0,1,13,futex_do_wait
4924612133094531,3129409,qlever-server-d,S,0,0,193821,0,6,12,ep_poll
4924612133094531,3129410,qlever-server-d,S,0,0,575900,20000,12,9,futex_do_wait
4924612133094531,3129411,qlever-server-d,S,1,19,213125762,427976737,1741,1,futex_do_wait
4924612133094531,3129412,qlever-server-d,S,1,17,183452430,394320185,1557,1,futex_do_wait
4924612133094531,3129413,qlever-server-d,R,0,17,177670905,421991873,1637,1,0
4924612133094531,3129414,qlever-server-d,R,0,23,246548684,419655129,1799,1,0
4924612133094531,3129415,qlever-server-d,S,0,15,167856927,406967123,1698,1,futex_do_wait
4924612133094531,3129416,qlever-server-d,S,0,15,158217507,401642097,1546,1,futex_do_wait
4924612133094531,3129417,qlever-server-d,S,1,18,196332459,425831854,1675,1,ep_poll
4924612133094531,3129418,qlever-server-d,R,0,20,215444095,381477589,1555,1,0
4924612133094531,3130642,qlever-server-d,S,0,0,1062191,2462252,39,7,futex_do_wait
4924612133094531,3130643,qlever-server-d,R,6,4,111253283,66398943,370,2,0
4924612133094531,0,__system__,-,1024892462,7868007443,0,0,0,-1,-
4924612153095873,3128855,qlever-server-d,S,936,1591,25279315500,30777902,1912,1,futex_do_wait
4924612153095873,3128859,qlever-server-d,S,0,0,3433483,3276002,30,14,futex_do_wait
4924612153095873,3129400,qlever-server-d,R,1522,13,15351618863,257673769,694,6,0
4924612153095873,3129401,qlever-server-d,R,1519,13,15333264721,257299470,560,12,0
4924612153095873,3129402,qlever-server-d,R,1511,17,15291531469,309330169,1253,0,0
4924612153095873,3129403,qlever-server-d,R,1520,15,15361503548,245765492,753,9,0
4924612153095873,3129404,qlever-server-d,R,1534,14,15491179490,105449575,723,15,0
4924612153095873,3129405,qlever-server-d,R,1534,13,15476889492,122326173,694,10,0
4924612153095873,3129406,qlever-server-d,R,1514,14,15294290858,303545358,800,7,0
4924612153095873,3129407,qlever-server-d,R,1524,12,15367178436,241070676,643,14,0
4924612153095873,3129408,qlever-server-d,S,0,0,15360,0,1,13,futex_do_wait
4924612153095873,3129409,qlever-server-d,S,0,0,193821,0,6,12,ep_poll
4924612153095873,3129410,qlever-server-d,S,0,0,575900,20000,12,9,futex_do_wait
4924612153095873,3129411,qlever-server-d,S,1,19,215294232,433647091,1758,3,0
4924612153095873,3129412,qlever-server-d,S,1,17,187487013,398553119,1578,2,futex_do_wait
4924612153095873,3129413,qlever-server-d,S,0,17,178930345,428415646,1653,2,futex_do_wait
4924612153095873,3129414,qlever-server-d,S,0,24,249422305,424540253,1823,2,futex_do_wait
4924612153095873,3129415,qlever-server-d,S,0,16,170730368,413906537,1715,2,futex_do_wait
4924612153095873,3129416,qlever-server-d,R,0,15,159724069,403730868,1564,3,0
4924612153095873,3129417,qlever-server-d,S,1,18,196332459,425831854,1675,1,ep_poll
4924612153095873,3129418,qlever-server-d,S,0,20,216350286,385162652,1575,2,futex_do_wait
4924612153095873,3130642,qlever-server-d,S,0,0,1091961,2469582,40,7,futex_do_wait
4924612153095873,3130643,qlever-server-d,R,7,4,120858680,73795376,404,2,0
4924612153095873,0,__system__,-,1024892490,7868007474,0,0,0,-1,-
4924612173075434,3128855,qlever-server-d,S,936,1591,25279315500,30777902,1912,1,futex_do_wait
4924612173075434,3128859,qlever-server-d,S,0,0,3433483,3276002,30,14,futex_do_wait
4924612173075434,3129400,qlever-server-d,R,1523,13,15369972723,259319070,699,6,0
4924612173075434,3129401,qlever-server-d,R,1521,13,15351855932,258709200,563,12,0
4924612173075434,3129402,qlever-server-d,R,1513,17,15311443380,309418239,1254,0,0
4924612173075434,3129403,qlever-server-d,R,1522,15,15381503409,245765492,753,9,0
4924612173075434,3129404,qlever-server-d,R,1536,14,15510179600,106449966,726,15,0
4924612173075434,3129405,qlever-server-d,R,1536,13,15496889163,122326173,694,10,0
4924612173075434,3129406,qlever-server-d,R,1516,14,15314277489,303558748,801,7,0
4924612173075434,3129407,qlever-server-d,R,1526,12,15387178357,241070676,643,14,0
4924612173075434,3129408,qlever-server-d,S,0,0,15360,0,1,13,futex_do_wait
4924612173075434,3129409,qlever-server-d,S,0,0,193821,0,6,12,ep_poll
4924612173075434,3129410,qlever-server-d,S,0,0,575900,20000,12,9,futex_do_wait
4924612173075434,3129411,qlever-server-d,R,1,19,216874262,440836518,1777,13,0
4924612173075434,3129412,qlever-server-d,R,1,17,187648243,403809752,1591,13,0
4924612173075434,3129413,qlever-server-d,R,0,17,183829827,431629007,1665,13,0
4924612173075434,3129414,qlever-server-d,R,0,24,250531266,430712346,1837,13,0
4924612173075434,3129415,qlever-server-d,R,0,16,176769572,419253659,1733,13,0
4924612173075434,3129416,qlever-server-d,R,0,15,160851530,408404900,1580,13,0
4924612173075434,3129417,qlever-server-d,S,1,18,196332459,425831854,1675,1,ep_poll
4924612173075434,3129418,qlever-server-d,R,0,21,219807528,391267345,1589,13,0
4924612173075434,3130642,qlever-server-d,S,0,0,1091961,2469582,40,7,futex_do_wait
4924612173075434,3130643,qlever-server-d,R,8,4,134399359,76810477,427,11,0
4924612173075434,0,__system__,-,1024892521,7868007506,0,0,0,-1,-
4924612193082865,3128855,qlever-server-d,S,936,1591,25279315500,30777902,1912,1,futex_do_wait
4924612193082865,3128859,qlever-server-d,S,0,0,3433483,3276002,30,14,futex_do_wait
4924612193082865,3129400,qlever-server-d,R,1525,13,15388398053,260894651,704,6,0
4924612193082865,3129401,qlever-server-d,R,1523,13,15371856993,258709200,563,12,0
4924612193082865,3129402,qlever-server-d,R,1515,17,15331443381,309418239,1254,0,0
4924612193082865,3129403,qlever-server-d,R,1524,15,15400806320,246462882,754,9,0
4924612193082865,3129404,qlever-server-d,R,1538,14,15529647740,106981997,727,15,0
4924612193082865,3129405,qlever-server-d,R,1538,13,15516889234,122326173,694,10,0
4924612193082865,3129406,qlever-server-d,R,1518,14,15334256050,303580048,802,7,0
4924612193082865,3129407,qlever-server-d,R,1528,12,15407178718,241070676,643,14,0
4924612193082865,3129408,qlever-server-d,S,0,0,15360,0,1,13,futex_do_wait
4924612193082865,3129409,qlever-server-d,S,0,0,193821,0,6,12,ep_poll
4924612193082865,3129410,qlever-server-d,S,0,0,575900,20000,12,9,futex_do_wait
4924612193082865,3129411,qlever-server-d,S,1,20,220612434,454310696,1790,13,futex_do_wait
4924612193082865,3129412,qlever-server-d,S,1,17,189613945,420386550,1602,13,futex_do_wait
4924612193082865,3129413,qlever-server-d,S,0,17,186620238,449542886,1678,13,futex_do_wait
4924612193082865,3129414,qlever-server-d,S,0,24,254303358,446268505,1845,13,futex_do_wait
4924612193082865,3129415,qlever-server-d,S,1,17,181747815,431744095,1742,13,futex_do_wait
4924612193082865,3129416,qlever-server-d,S,0,15,161985550,425436210,1592,13,futex_do_wait
4924612193082865,3129417,qlever-server-d,S,1,18,196332459,425831854,1675,1,ep_poll
4924612193082865,3129418,qlever-server-d,S,0,21,221067179,407870005,1601,13,futex_do_wait
4924612193082865,3130642,qlever-server-d,S,0,0,1113261,2474882,41,7,futex_do_wait
4924612193082865,3130643,qlever-server-d,R,10,4,154400720,76810477,427,11,0
4924612193082865,0,__system__,-,1024892551,7868007537,0,0,0,-1,-
4924612212344261,3128855,qlever-server-d,S,936,1591,25279315500,30777902,1912,1,futex_do_wait
4924612212344261,3128859,qlever-server-d,S,0,0,3433483,3276002,30,14,futex_do_wait
4924612212344261,3129400,qlever-server-d,R,1527,13,15406323303,261960402,707,13,0
4924612212344261,3129401,qlever-server-d,R,1525,13,15390857274,258709200,563,12,0
4924612212344261,3129402,qlever-server-d,R,1517,17,15350444432,309418239,1254,0,0
4924612212344261,3129403,qlever-server-d,R,1526,15,15418401751,247868522,756,9,0
4924612212344261,3129404,qlever-server-d,R,1540,14,15548648631,106981997,727,15,0
4924612212344261,3129405,qlever-server-d,R,1540,13,15535890715,122326173,694,10,0
4924612212344261,3129406,qlever-server-d,R,1520,14,15353258951,303580048,802,7,0
4924612212344261,3129407,qlever-server-d,R,1530,12,15425747179,241503136,644,14,0
4924612212344261,3129408,qlever-server-d,S,0,0,15360,0,1,13,futex_do_wait
4924612212344261,3129409,qlever-server-d,S,0,0,193821,0,6,12,ep_poll
4924612212344261,3129410,qlever-server-d,S,0,0,575900,20000,12,9,futex_do_wait
4924612212344261,3129411,qlever-server-d,S,1,20,220665404,454470496,1792,11,futex_do_wait
4924612212344261,3129412,qlever-server-d,S,1,17,190124065,421045482,1607,11,futex_do_wait
4924612212344261,3129413,qlever-server-d,S,0,17,186692238,449556596,1681,11,futex_do_wait
4924612212344261,3129414,qlever-server-d,S,0,24,254360968,447079915,1847,13,futex_do_wait
4924612212344261,3129415,qlever-server-d,S,1,17,181795755,431774055,1745,11,futex_do_wait
4924612212344261,3129416,qlever-server-d,S,0,15,162063450,425444440,1595,11,futex_do_wait
4924612212344261,3129417,qlever-server-d,S,1,18,196332459,425831854,1675,1,ep_poll
4924612212344261,3129418,qlever-server-d,S,0,21,222405811,407981875,1614,11,futex_do_wait
4924612212344261,3130642,qlever-server-d,S,0,0,1113261,2474882,41,7,futex_do_wait
4924612212344261,3130643,qlever-server-d,R,12,4,171302628,78910039,435,11,0
4924612212344261,0,__system__,-,1024892580,7868007568,0,0,0,-1,-
4924612233086847,3128855,qlever-server-d,S,936,1591,25279315500,30777902,1912,1,futex_do_wait
4924612233086847,3128859,qlever-server-d,S,0,0,3433483,3276002,30,14,futex_do_wait
4924612233086847,3129400,qlever-server-d,R,1529,13,15427252524,262031752,710,13,0
4924612233086847,3129401,qlever-server-d,R,1527,13,15411858025,258709200,563,12,0
4924612233086847,3129402,qlever-server-d,R,1519,17,15371445143,309418239,1254,0,0
4924612233086847,3129403,qlever-server-d,R,1528,15,15438420960,248844084,758,1,0
4924612233086847,3129404,qlever-server-d,R,1542,14,15569649072,106981997,727,15,0
4924612233086847,3129405,qlever-server-d,R,1542,13,15556856796,122360743,695,10,0
4924612233086847,3129406,qlever-server-d,R,1522,14,15374237412,303601518,803,7,0
4924612233086847,3129407,qlever-server-d,R,1532,12,15446747300,241503136,644,14,0
4924612233086847,3129408,qlever-server-d,S,0,0,15360,0,1,13,futex_do_wait
4924612233086847,3129409,qlever-server-d,S,0,0,193821,0,6,12,ep_poll
4924612233086847,3129410,qlever-server-d,S,0,0,575900,20000,12,9,futex_do_wait
4924612233086847,3129411,qlever-server-d,S,1,20,220706984,454994306,1794,11,futex_do_wait
4924612233086847,3129412,qlever-server-d,S,1,17,190156005,421269952,1609,11,futex_do_wait
4924612233086847,3129413,qlever-server-d,S,0,17,187760559,450716386,1689,11,futex_do_wait
4924612233086847,3129414,qlever-server-d,S,0,24,254432318,447099225,1850,13,futex_do_wait
4924612233086847,3129415,qlever-server-d,S,1,17,182660036,431801195,1749,11,futex_do_wait
4924612233086847,3129416,qlever-server-d,S,0,15,162091390,425461470,1597,11,futex_do_wait
4924612233086847,3129417,qlever-server-d,S,1,18,196332459,425831854,1675,1,ep_poll
4924612233086847,3129418,qlever-server-d,S,0,21,222435001,408001745,1616,11,futex_do_wait
4924612233086847,3130642,qlever-server-d,S,0,0,1113261,2474882,41,7,futex_do_wait
4924612233086847,3130643,qlever-server-d,R,14,4,190132767,81078552,445,11,0
4924612233086847,0,__system__,-,1024892611,7868007602,0,0,0,-1,-
4924612259111523,3128855,qlever-server-d,S,936,1591,25279315500,30777902,1912,1,futex_do_wait
4924612259111523,3128859,qlever-server-d,S,0,0,3433483,3276002,30,14,futex_do_wait
4924612259111523,3129400,qlever-server-d,R,1532,13,15453186199,262097342,712,13,0
4924612259111523,3129401,qlever-server-d,R,1530,13,15437859800,258709200,563,12,0
4924612259111523,3129402,qlever-server-d,R,1522,17,15397444308,309418239,1254,0,0
4924612259111523,3129403,qlever-server-d,R,1530,15,15464420715,248844084,758,1,0
4924612259111523,3129404,qlever-server-d,R,1544,14,15595649237,106981997,727,15,0
4924612259111523,3129405,qlever-server-d,R,1544,13,15582981181,122360743,695,10,0
4924612259111523,3129406,qlever-server-d,R,1525,14,15400208707,303629798,804,7,0
4924612259111523,3129407,qlever-server-d,R,1535,12,15472747565,241503136,644,14,0
4924612259111523,3129408,qlever-server-d,S,0,0,15360,0,1,13,futex_do_wait
4924612259111523,3129409,qlever-server-d,S,0,0,193821,0,6,12,ep_poll
4924612259111523,3129410,qlever-server-d,S,0,0,575900,20000,12,9,futex_do_wait
4924612259111523,3129411,qlever-server-d,S,1,20,220755544,455009266,1797,11,futex_do_wait
4924612259111523,3129412,qlever-server-d,S,1,18,191125006,421353622,1619,11,futex_do_wait
4924612259111523,3129413,qlever-server-d,S,0,17,187787509,450729646,1691,11,futex_do_wait
4924612259111523,3129414,qlever-server-d,S,0,24,254497908,447118815,1852,13,futex_do_wait
4924612259111523,3129415,qlever-server-d,S,1,17,182891546,431847385,1753,11,futex_do_wait
4924612259111523,3129416,qlever-server-d,S,0,15,162128270,425471980,1599,11,futex_do_wait
4924612259111523,3129417,qlever-server-d,S,1,18,196332459,425831854,1675,1,ep_poll
4924612259111523,3129418,qlever-server-d,S,0,21,222951991,408013155,1621,11,futex_do_wait
4924612259111523,3130642,qlever-server-d,S,0,0,1141541,2480452,42,7,futex_do_wait
4924612259111523,3130643,qlever-server-d,R,16,4,214302520,82908443,454,11,0
4924612259111523,0,__system__,-,1024892648,7868007643,0,0,0,-1,-
4924612272328314,3128855,qlever-server-d,S,936,1591,25279315500,30777902,1912,1,futex_do_wait
4924612272328314,3128859,qlever-server-d,S,0,0,3433483,3276002,30,14,futex_do_wait
4924612272328314,3129400,qlever-server-d,R,1533,13,15466131646,262151532,714,13,0
4924612272328314,3129401,qlever-server-d,R,1531,13,15450857217,258709200,563,12,0
4924612272328314,3129402,qlever-server-d,R,1523,17,15410445035,309418239,1254,0,0
4924612272328314,3129403,qlever-server-d,R,1532,15,15477421562,248844084,758,1,0
4924612272328314,3129404,qlever-server-d,R,1546,14,15608621374,107008907,728,15,0
4924612272328314,3129405,qlever-server-d,R,1546,13,15595856368,122360743,695,10,0
4924612272328314,3129406,qlever-server-d,R,1526,14,15413926654,303629798,804,7,0
4924612272328314,3129407,qlever-server-d,R,1536,12,15485747722,241503136,644,14,0
4924612272328314,3129408,qlever-server-d,S,0,0,15360,0,1,13,futex_do_wait
4924612272328314,3129409,qlever-server-d,S,0,0,193821,0,6,12,ep_poll
4924612272328314,3129410,qlever-server-d,S,0,0,575900,20000,12,9,futex_do_wait
4924612272328314,3129411,qlever-server-d,S,1,20,220772314,455485957,1798,2,futex_do_wait
4924612272328314,3129412,qlever-server-d,S,1,18,192094857,423143102,1624,2,futex_do_wait
4924612272328314,3129413,qlever-server-d,S,0,17,188466239,450736206,1693,2,futex_do_wait
4924612272328314,3129414,qlever-server-d,S,0,24,254552098,447132535,1854,13,futex_do_wait
4924612272328314,3129415,qlever-server-d,S,1,17,182973766,432114525,1756,2,futex_do_wait
4924612272328314,3129416,qlever-server-d,S,0,15,162157990,425478330,1601,2,futex_do_wait
4924612272328314,3129417,qlever-server-d,S,1,18,196332459,425831854,1675,1,ep_poll
4924612272328314,3129418,qlever-server-d,S,0,21,223586942,409479015,1625,2,futex_do_wait
4924612272328314,3130642,qlever-server-d,S,0,0,1141541,2480452,42,7,futex_do_wait
4924612272328314,3130643,qlever-server-d,R,17,4,226468197,83744034,455,11,0
4924612272328314,0,__system__,-,1024892666,7868007663,0,0,0,-1,-
4924612293096760,3128855,qlever-server-d,S,936,1591,25279315500,30777902,1912,1,futex_do_wait
4924612293096760,3128859,qlever-server-d,S,0,0,3433483,3276002,30,14,futex_do_wait
4924612293096760,3129400,qlever-server-d,R,1535,13,15487065798,262217742,716,13,0
4924612293096760,3129401,qlever-server-d,R,1533,13,15471024699,259727530,565,12,0
4924612293096760,3129402,qlever-server-d,R,1525,17,15431444957,309418239,1254,0,0
4924612293096760,3129403,qlever-server-d,R,1534,15,15498421564,248844084,758,1,0
4924612293096760,3129404,qlever-server-d,R,1548,14,15629962436,107044977,729,15,0
4924612293096760,3129405,qlever-server-d,R,1548,13,15616855570,122360743,695,10,0
4924612293096760,3129406,qlever-server-d,R,1528,14,15434183336,303655048,805,7,0
4924612293096760,3129407,qlever-server-d,R,1538,12,15506747634,241503136,644,14,0
4924612293096760,3129408,qlever-server-d,S,0,0,15360,0,1,13,futex_do_wait
4924612293096760,3129409,qlever-server-d,S,0,0,193821,0,6,12,ep_poll
4924612293096760,3129410,qlever-server-d,S,0,0,575900,20000,12,9,futex_do_wait
4924612293096760,3129411,qlever-server-d,S,1,20,220802494,455519167,1800,11,futex_do_wait
4924612293096760,3129412,qlever-server-d,S,1,18,192128847,423158702,1626,2,futex_do_wait
4924612293096760,3129413,qlever-server-d,S,0,18,189166880,452278917,1700,2,futex_do_wait
4924612293096760,3129414,qlever-server-d,S,0,24,254618308,447151265,1856,13,futex_do_wait
4924612293096760,3129415,qlever-server-d,S,1,17,184112196,432500766,1761,11,futex_do_wait
4924612293096760,3129416,qlever-server-d,S,0,15,162191670,425485220,1603,11,futex_do_wait
4924612293096760,3129417,qlever-server-d,S,1,18,196332459,425831854,1675,1,ep_poll
4924612293096760,3129418,qlever-server-d,S,0,21,223629782,409482335,1627,2,futex_do_wait
4924612293096760,3130642,qlever-server-d,S,0,0,1166791,2485982,43,7,futex_do_wait
4924612293096760,3130643,qlever-server-d,R,19,4,245413857,85796705,463,11,0
4924612293096760,0,__system__,-,1024892695,7868007696,0,0,0,-1,-
4924612318112083,3128855,qlever-server-d,S,936,1591,25279315500,30777902,1912,1,futex_do_wait
4924612318112083,3128859,qlever-server-d,S,0,0,3433483,3276002,30,14,futex_do_wait
4924612318112083,3129400,qlever-server-d,R,1538,13,15512067542,262217742,716,13,0
4924612318112083,3129401,qlever-server-d,R,1535,13,15495839603,259727530,565,12,0
4924612318112083,3129402,qlever-server-d,R,1528,17,15456444731,309418239,1254,0,0
4924612318112083,3129403,qlever-server-d,R,1536,15,15522815118,249450454,759,1,0
4924612318112083,3129404,qlever-server-d,R,1550,14,15654007230,107624247,731,15,0
4924612318112083,3129405,qlever-server-d,R,1550,13,15641854854,122360743,695,10,0
4924612318112083,3129406,qlever-server-d,R,1530,15,15458659110,304178988,806,7,0
4924612318112083,3129407,qlever-server-d,R,1540,12,15531202077,242049107,645,14,0
4924612318112083,3129408,qlever-server-d,S,0,0,15360,0,1,13,futex_do_wait
4924612318112083,3129409,qlever-server-d,S,0,0,193821,0,6,12,ep_poll
4924612318112083,3129410,qlever-server-d,S,0,0,575900,20000,12,9,futex_do_wait
4924612318112083,3129411,qlever-server-d,S,1,20,220856724,455783667,1802,2,futex_do_wait
4924612318112083,3129412,qlever-server-d,S,1,18,192153427,423888243,1628,3,futex_do_wait
4924612318112083,3129413,qlever-server-d,S,0,18,189191600,452755828,1702,3,futex_do_wait
4924612318112083,3129414,qlever-server-d,S,0,24,255226928,447158915,1858,2,futex_do_wait
4924612318112083,3129415,qlever-server-d,S,1,17,185975317,433111626,1765,2,futex_do_wait
4924612318112083,3129416,qlever-server-d,S,0,15,162230670,426083350,1605,2,futex_do_wait
4924612318112083,3129417,qlever-server-d,S,1,18,196332459,425831854,1675,1,ep_poll
4924612318112083,3129418,qlever-server-d,S,0,21,223666172,410476046,1629,3,futex_do_wait
4924612318112083,3130642,qlever-server-d,S,0,0,1166791,2485982,43,7,futex_do_wait
4924612318112083,3130643,qlever-server-d,R,22,4,270381881,85824665,465,3,0
4924612318112083,0,__system__,-,1024892731,7868007737,0,0,0,-1,-
4924612332637335,3128855,qlever-server-d,S,936,1591,25279315500,30777902,1912,1,futex_do_wait
4924612332637335,3128859,qlever-server-d,S,0,0,3433483,3276002,30,14,futex_do_wait
4924612332637335,3129400,qlever-server-d,R,1539,13,15526429710,262217742,716,13,0
4924612332637335,3129401,qlever-server-d,R,1537,13,15509839990,259727530,565,12,0
4924612332637335,3129402,qlever-server-d,R,1529,17,15471446339,309418239,1254,0,0
4924612332637335,3129403,qlever-server-d,R,1538,15,15537815646,249450454,759,1,0
4924612332637335,3129404,qlever-server-d,R,1552,14,15669007638,107624247,731,15,0
4924612332637335,3129405,qlever-server-d,R,1552,13,15656148711,123068624,696,10,0
4924612332637335,3129406,qlever-server-d,R,1532,15,15473607148,304232498,808,7,0
4924612332637335,3129407,qlever-server-d,R,1542,12,15546202275,242049107,645,14,0
4924612332637335,3129408,qlever-server-d,S,0,0,15360,0,1,13,futex_do_wait
4924612332637335,3129409,qlever-server-d,S,0,0,193821,0,6,12,ep_poll
4924612332637335,3129410,qlever-server-d,S,0,0,575900,20000,12,9,futex_do_wait
4924612332637335,3129411,qlever-server-d,S,1,20,221283194,455795557,1805,2,futex_do_wait
4924612332637335,3129412,qlever-server-d,S,1,18,192176257,424924654,1630,2,futex_do_wait
4924612332637335,3129413,qlever-server-d,S,0,18,189203450,453615289,1703,2,futex_do_wait
4924612332637335,3129414,qlever-server-d,S,0,24,256888689,447668355,1862,2,futex_do_wait
4924612332637335,3129415,qlever-server-d,S,1,17,185988087,433740427,1766,2,futex_do_wait
4924612332637335,3129416,qlever-server-d,S,0,15,162242430,426420040,1606,2,futex_do_wait
4924612332637335,3129417,qlever-server-d,S,1,18,196332459,425831854,1675,1,ep_poll
4924612332637335,3129418,qlever-server-d,S,0,21,223689932,411867577,1631,2,futex_do_wait
4924612332637335,3130642,qlever-server-d,S,0,0,1166791,2485982,43,7,futex_do_wait
4924612332637335,3130643,qlever-server-d,R,23,4,284383469,85848015,467,3,0
4924612332637335,0,__system__,-,1024892752,7868007760,0,0,0,-1,-
4924612352654016,3128855,qlever-server-d,S,936,1591,25279315500,30777902,1912,1,futex_do_wait
4924612352654016,3128859,qlever-server-d,S,0,0,3433483,3276002,30,14,futex_do_wait
4924612352654016,3129400,qlever-server-d,R,1541,13,15545974751,262308652,719,13,0
4924612352654016,3129401,qlever-server-d,R,1539,13,15529138891,260437851,566,12,0
4924612352654016,3129402,qlever-server-d,R,1531,17,15490972499,309891230,1255,0,0
4924612352654016,3129403,qlever-server-d,R,1540,15,15557815917,249450454,759,1,0
4924612352654016,3129404,qlever-server-d,R,1554,14,15691900931,107730087,733,15,0
4924612352654016,3129405,qlever-server-d,R,1554,13,15678857044,123360904,697,10,0
4924612352654016,3129406,qlever-server-d,R,1534,15,15496578411,304260378,809,7,0
4924612352654016,3129407,qlever-server-d,R,1544,12,15569154568,242096907,647,14,0
4924612352654016,3129408,qlever-server-d,S,0,0,15360,0,1,13,futex_do_wait
4924612352654016,3129409,qlever-server-d,S,0,0,193821,0,6,12,ep_poll
4924612352654016,3129410,qlever-server-d,S,0,0,575900,20000,12,9,futex_do_wait
4924612352654016,3129411,qlever-server-d,S,1,20,222503225,459781300,1810,2,futex_do_wait
4924612352654016,3129412,qlever-server-d,S,1,18,192689998,426408055,1635,2,futex_do_wait
4924612352654016,3129413,qlever-server-d,S,0,18,189782460,455683692,1710,2,futex_do_wait
4924612352654016,3129414,qlever-server-d,S,0,24,256946689,449304287,1866,2,futex_do_wait
4924612352654016,3129415,qlever-server-d,S,1,17,186065737,435140998,1771,3,futex_do_wait
4924612352654016,3129416,qlever-server-d,S,0,15,163699731,427588390,1616,3,futex_do_wait
4924612352654016,3129417,qlever-server-d,S,1,18,196332459,425831854,1675,1,ep_poll
4924612352654016,3129418,qlever-server-d,S,0,21,223745082,413065588,1635,3,futex_do_wait
4924612352654016,3130642,qlever-server-d,S,0,0,1194671,2492652,44,7,futex_do_wait
4924612352654016,3130643,qlever-server-d,R,25,4,305877021,87329876,473,3,0
4924612352654016,0,__system__,-,1024892788,7868007798,0,0,0,-1,-
4924612372325959,3128855,qlever-server-d,S,936,1591,25279315500,30777902,1912,1,futex_do_wait
4924612372325959,3128859,qlever-server-d,S,0,0,3433483,3276002,30,14,futex_do_wait
4924612372325959,3129400,qlever-server-d,R,1543,13,15566534182,262308652,719,13,0
4924612372325959,3129401,qlever-server-d,R,1541,13,15548620462,260950741,567,12,0
4924612372325959,3129402,qlever-server-d,R,1533,17,15509973060,309891230,1255,0,0
4924612372325959,3129403,qlever-server-d,R,1541,15,15576816738,249450454,759,1,0
4924612372325959,3129404,qlever-server-d,R,1556,14,15707901350,107730087,733,15,0
4924612372325959,3129405,qlever-server-d,R,1556,13,15694857423,123360904,697,10,0
4924612372325959,3129406,qlever-server-d,R,1536,15,15512040890,304799518,810,7,0
4924612372325959,3129407,qlever-server-d,R,1546,12,15584631467,242620627,649,14,0
4924612372325959,3129408,qlever-server-d,S,0,0,15360,0,1,13,futex_do_wait
4924612372325959,3129409,qlever-server-d,S,0,0,193821,0,6,12,ep_poll
4924612372325959,3129410,qlever-server-d,S,0,0,575900,20000,12,9,futex_do_wait
4924612372325959,3129411,qlever-server-d,S,1,20,222544035,460829170,1813,3,futex_do_wait
4924612372325959,3129412,qlever-server-d,S,1,18,192730838,426419265,1638,3,futex_do_wait
4924612372325959,3129413,qlever-server-d,S,0,18,189818320,456372662,1713,11,futex_do_wait
4924612372325959,3129414,qlever-server-d,S,0,24,257022599,449861917,1869,11,futex_do_wait
4924612372325959,3129415,qlever-server-d,S,1,17,186117587,435148338,1774,11,futex_do_wait
4924612372325959,3129416,qlever-server-d,S,0,15,164055441,429517812,1620,11,futex_do_wait
4924612372325959,3129417,qlever-server-d,S,1,18,196332459,425831854,1675,1,ep_poll
4924612372325959,3129418,qlever-server-d,S,0,21,225536903,413480728,1641,11,futex_do_wait
4924612372325959,3130642,qlever-server-d,S,0,0,1194671,2492652,44,7,futex_do_wait
4924612372325959,3130643,qlever-server-d,R,27,4,320954769,89252447,475,3,0
4924612372325959,0,__system__,-,1024892811,7868007824,0,0,0,-1,-
4924612392326880,3128855,qlever-server-d,S,936,1591,25279315500,30777902,1912,1,futex_do_wait
4924612392326880,3128859,qlever-server-d,S,0,0,3433483,3276002,30,14,futex_do_wait
4924612392326880,3129400,qlever-server-d,R,1545,13,15585974323,262308652,719,13,0
4924612392326880,3129401,qlever-server-d,R,1543,13,15568615013,260950741,567,12,0
4924612392326880,3129402,qlever-server-d,R,1535,17,15529974881,309891230,1255,0,0
4924612392326880,3129403,qlever-server-d,R,1543,15,15596816249,249450454,759,1,0
4924612392326880,3129404,qlever-server-d,R,1558,14,15727900671,107730087,733,15,0
4924612392326880,3129405,qlever-server-d,R,1558,13,15714857024,123360904,697,10,0
4924612392326880,3129406,qlever-server-d,R,1538,15,15530907700,305931199,814,7,0
4924612392326880,3129407,qlever-server-d,R,1548,12,15604918238,243332917,650,14,0
4924612392326880,3129408,qlever-server-d,S,0,0,15360,0,1,13,futex_do_wait
4924612392326880,3129409,qlever-server-d,S,0,0,193821,0,6,12,ep_poll
4924612392326880,3129410,qlever-server-d,S,0,0,575900,20000,12,9,futex_do_wait
4924612392326880,3129411,qlever-server-d,R,1,20,222565725,460832750,1814,3,0
4924612392326880,3129412,qlever-server-d,R,1,18,193627388,426425035,1640,3,0
4924612392326880,3129413,qlever-server-d,R,0,18,189831490,456905242,1714,3,0
4924612392326880,3129414,qlever-server-d,R,0,24,257035429,450201117,1870,3,0
4924612392326880,3129415,qlever-server-d,R,1,17,186132147,437103159,1775,3,0
4924612392326880,3129416,qlever-server-d,R,0,15,164069261,430210673,1621,3,0
4924612392326880,3129417,qlever-server-d,S,1,18,196332459,425831854,1675,1,ep_poll
4924612392326880,3129418,qlever-server-d,R,0,21,226636904,414768278,1644,3,0
4924612392326880,3130642,qlever-server-d,S,0,0,1218521,2498802,45,7,futex_do_wait
4924612392326880,3130643,qlever-server-d,R,29,4,339005159,89672157,476,3,0
4924612392326880,0,__system__,-,1024892839,7868007855,0,0,0,-1,-
4924612412328111,3128855,qlever-server-d,S,936,1591,25279315500,30777902,1912,1,futex_do_wait
4924612412328111,3128859,qlever-server-d,S,0,0,3433483,3276002,30,14,futex_do_wait
4924612412328111,3129400,qlever-server-d,R,1547,13,15605950294,262335582,720,13,0
4924612412328111,3129401,qlever-server-d,R,1545,13,15589183144,260950741,567,12,0
4924612412328111,3129402,qlever-server-d,R,1537,17,15549974352,309891230,1255,0,0
4924612412328111,3129403,qlever-server-d,R,1545,15,15616633719,249634165,760,1,0
4924612412328111,3129404,qlever-server-d,R,1560,14,15747901622,107730087,733,15,0
4924612412328111,3129405,qlever-server-d,R,1560,13,15734856255,123360904,697,10,0
4924612412328111,3129406,qlever-server-d,R,1539,15,15549499641,307338719,817,7,0
4924612412328111,3129407,qlever-server-d,R,1550,12,15623919939,243332917,650,14,0
4924612412328111,3129408,qlever-server-d,S,0,0,15360,0,1,13,futex_do_wait
4924612412328111,3129409,qlever-server-d,S,0,0,193821,0,6,12,ep_poll
4924612412328111,3129410,qlever-server-d,S,0,0,575900,20000,12,9,futex_do_wait
4924612412328111,3129411,qlever-server-d,S,1,20,222590345,462126131,1815,3,futex_do_wait
4924612412328111,3129412,qlever-server-d,S,1,18,194250279,426785696,1641,2,ep_poll
4924612412328111,3129413,qlever-server-d,S,0,18,189844050,457731883,1715,3,futex_do_wait
4924612412328111,3129414,qlever-server-d,S,0,24,257050039,450829848,1871,3,futex_do_wait
4924612412328111,3129415,qlever-server-d,S,1,17,186144137,438295150,1776,3,futex_do_wait
4924612412328111,3129416,qlever-server-d,S,0,15,164081761,431226124,1622,3,futex_do_wait
4924612412328111,3129417,qlever-server-d,S,1,18,196516170,426430004,1676,1,futex_do_wait
4924612412328111,3129418,qlever-server-d,S,0,21,226649044,416324379,1645,3,futex_do_wait
4924612412328111,3130642,qlever-server-d,S,0,0,1218521,2498802,45,7,futex_do_wait
4924612412328111,3130643,qlever-server-d,R,31,4,358189709,92017599,477,3,0
4924612412328111,0,__system__,-,1024892866,7868007886,0,0,0,-1,-
4924612433098417,3128855,qlever-server-d,S,936,1591,25279315500,30777902,1912,1,futex_do_wait
4924612433098417,3128859,qlever-server-d,S,0,0,3433483,3276002,30,14,futex_do_wait
4924612433098417,3129400,qlever-server-d,R,1549,13,15626916306,262368202,721,13,0
4924612433098417,3129401,qlever-server-d,R,1547,13,15608926685,261640702,568,12,0
4924612433098417,3129402,qlever-server-d,R,1539,17,15570972354,309891230,1255,0,0
4924612433098417,3129403,qlever-server-d,R,1547,15,15635212580,252426786,766,2,0
4924612433098417,3129404,qlever-server-d,R,1562,14,15768871694,107759767,734,15,0
4924612433098417,3129405,qlever-server-d,R,1562,13,15755857027,123360904,697,10,0
4924612433098417,3129406,qlever-server-d,R,1541,15,15570424743,307414139,821,7,0
4924612433098417,3129407,qlever-server-d,R,1552,12,15644918141,243332917,650,14,0
4924612433098417,3129408,qlever-server-d,S,0,0,15360,0,1,13,futex_do_wait
4924612433098417,3129409,qlever-server-d,S,0,0,193821,0,6,12,ep_poll
4924612433098417,3129410,qlever-server-d,S,0,0,575900,20000,12,9,futex_do_wait
4924612433098417,3129411,qlever-server-d,S,1,20,222695765,462357761,1819,9,futex_do_wait
4924612433098417,3129412,qlever-server-d,S,1,18,194250279,426785696,1641,2,ep_poll
4924612433098417,3129413,qlever-server-d,S,0,18,189943630,458873663,1719,9,futex_do_wait
4924612433098417,3129414,qlever-server-d,S,0,24,257124289,451665179,1874,9,futex_do_wait
4924612433098417,3129415,qlever-server-d,S,1,17,186248137,439591720,1780,9,futex_do_wait
4924612433098417,3129416,qlever-server-d,S,0,15,164198551,431927394,1626,9,futex_do_wait
4924612433098417,3129417,qlever-server-d,S,1,18,198641341,428325645,1682,9,futex_do_wait
4924612433098417,3129418,qlever-server-d,S,0,22,228428915,417279549,1652,9,futex_do_wait
4924612433098417,3130642,qlever-server-d,S,0,0,1218521,2498802,45,7,futex_do_wait
4924612433098417,3130643,qlever-server-d,R,33,4,379053971,92152429,482,3,0
4924612433098417,0,__system__,-,1024892896,7868007919,0,0,0,-1,-
4924612452370613,3128855,qlever-server-d,S,936,1591,25279315500,30777902,1912,1,futex_do_wait
4924612452370613,3128859,qlever-server-d,S,0,0,3433483,3276002,30,14,futex_do_wait
4924612452370613,3129400,qlever-server-d,R,1551,13,15645315256,262969012,723,13,0
4924612452370613,3129401,qlever-server-d,R,1549,13,15627928845,261640702,568,12,0
4924612452370613,3129402,qlever-server-d,R,1541,17,15589972684,309891230,1255,0,0
4924612452370613,3129403,qlever-server-d,R,1549,15,15654526711,252536146,769,2,0
4924612452370613,3129404,qlever-server-d,R,1564,14,15787871814,107759767,734,15,0
4924612452370613,3129405,qlever-server-d,R,1564,13,15775860308,123360904,697,10,0
4924612452370613,3129406,qlever-server-d,R,1543,15,15590372714,307466149,823,7,0
4924612452370613,3129407,qlever-server-d,R,1554,12,15664918642,243332917,650,14,0
4924612452370613,3129408,qlever-server-d,S,0,0,15360,0,1,13,futex_do_wait
4924612452370613,3129409,qlever-server-d,S,0,0,193821,0,6,12,ep_poll
4924612452370613,3129410,qlever-server-d,S,0,0,575900,20000,12,9,futex_do_wait
4924612452370613,3129411,qlever-server-d,R,1,20,222695765,462360501,1820,9,0
4924612452370613,3129412,qlever-server-d,S,1,18,194250279,426785696,1641,2,ep_poll
4924612452370613,3129413,qlever-server-d,S,0,18,189943630,458873663,1719,9,futex_do_wait
4924612452370613,3129414,qlever-server-d,S,0,24,257163729,451669189,1875,9,futex_do_wait
4924612452370613,3129415,qlever-server-d,S,1,17,186248137,439591720,1780,9,futex_do_wait
4924612452370613,3129416,qlever-server-d,R,1,15,164500091,433033365,1628,9,0
4924612452370613,3129417,qlever-server-d,S,1,18,198641341,428325645,1682,9,futex_do_wait
4924612452370613,3129418,qlever-server-d,S,0,22,228428915,417279549,1652,9,futex_do_wait
4924612452370613,3130642,qlever-server-d,S,0,0,1243561,2503962,46,7,futex_do_wait
4924612452370613,3130643,qlever-server-d,R,35,4,398055112,92152429,482,3,0
4924612452370613,0,__system__,-,1024892923,7868007950,0,0,0,-1,-
4924612472347594,3128855,qlever-server-d,S,936,1591,25279315500,30777902,1912,1,futex_do_wait
4924612472347594,3128859,qlever-server-d,S,0,0,3433483,3276002,30,14,futex_do_wait
4924612472347594,3129400,qlever-server-d,R,1553,13,15665288527,262996472,724,13,0
4924612472347594,3129401,qlever-server-d,R,1551,13,15647915766,261649272,569,4,0
4924612472347594,3129402,qlever-server-d,R,1543,17,15610698086,309891230,1255,0,0
4924612472347594,3129403,qlever-server-d,R,1551,15,15672046160,254218667,775,2,0
4924612472347594,3129404,qlever-server-d,R,1566,14,15807522685,108110007,736,15,0
4924612472347594,3129405,qlever-server-d,R,1566,13,15794857598,123360904,697,10,0
4924612472347594,3129406,qlever-server-d,R,1545,15,15609347184,307492819,824,7,0
4924612472347594,3129407,qlever-server-d,R,1556,12,15683919362,243332917,650,14,0
4924612472347594,3129408,qlever-server-d,S,0,0,15360,0,1,13,futex_do_wait
4924612472347594,3129409,qlever-server-d,S,0,0,193821,0,6,12,ep_poll
4924612472347594,3129410,qlever-server-d,S,0,0,575900,20000,12,9,futex_do_wait
4924612472347594,3129411,qlever-server-d,S,2,20,225514036,463353322,1823,9,futex_do_wait
4924612472347594,3129412,qlever-server-d,S,1,18,194250279,426785696,1641,2,ep_poll
4924612472347594,3129413,qlever-server-d,S,0,18,190005520,461389104,1722,9,futex_do_wait
4924612472347594,3129414,qlever-server-d,S,0,24,257514049,453786131,1879,9,futex_do_wait
4924612472347594,3129415,qlever-server-d,S,1,17,186299457,441766641,1783,9,futex_do_wait
4924612472347594,3129416,qlever-server-d,S,1,15,164533051,435804677,1630,9,futex_do_wait
4924612472347594,3129417,qlever-server-d,S,1,18,198694271,430644296,1685,9,futex_do_wait
4924612472347594,3129418,qlever-server-d,S,0,22,228972656,419105440,1655,9,futex_do_wait
4924612472347594,3130642,qlever-server-d,S,0,0,1243561,2503962,46,7,futex_do_wait
4924612472347594,3130643,qlever-server-d,R,36,4,418026083,92204939,485,3,0
4924612472347594,0,__system__,-,1024892952,7868007981,0,0,0,-1,-
4924612493081550,3128855,qlever-server-d,S,936,1591,25279315500,30777902,1912,1,futex_do_wait
4924612493081550,3128859,qlever-server-d,S,0,0,3433483,3276002,30,14,futex_do_wait
4924612493081550,3129400,qlever-server-d,R,1555,13,15686288869,262996472,724,13,0
4924612493081550,3129401,qlever-server-d,R,1553,13,15668865138,261702462,571,4,0
4924612493081550,3129402,qlever-server-d,R,1545,17,15630936907,309929760,1256,0,0
4924612493081550,3129403,qlever-server-d,R,1553,15,15692008312,255256097,778,2,0
4924612493081550,3129404,qlever-server-d,R,1568,14,15828467127,108165567,738,15,0
4924612493081550,3129405,qlever-server-d,R,1568,13,15815856880,123360904,697,10,0
4924612493081550,3129406,qlever-server-d,R,1547,15,15629744326,308095919,827,7,0
4924612493081550,3129407,qlever-server-d,R,1558,12,15704495024,243757077,652,14,0
4924612493081550,3129408,qlever-server-d,S,0,0,15360,0,1,13,futex_do_wait
4924612493081550,3129409,qlever-server-d,S,0,0,193821,0,6,12,ep_poll
4924612493081550,3129410,qlever-server-d,S,0,0,575900,20000,12,9,futex_do_wait
4924612493081550,3129411,qlever-server-d,S,2,20,225537026,463718292,1825,9,futex_do_wait
4924612493081550,3129412,qlever-server-d,S,1,18,194250279,426785696,1641,2,ep_poll
4924612493081550,3129413,qlever-server-d,S,0,18,190182370,462136145,1725,9,futex_do_wait
4924612493081550,3129414,qlever-server-d,S,0,24,257547309,454306841,1882,9,futex_do_wait
4924612493081550,3129415,qlever-server-d,S,1,17,187165348,442882671,1786,9,futex_do_wait
4924612493081550,3129416,qlever-server-d,S,1,15,165413491,436008797,1636,9,futex_do_wait
4924612493081550,3129417,qlever-server-d,S,1,18,198724441,431918797,1688,9,futex_do_wait
4924612493081550,3129418,qlever-server-d,S,0,22,229317266,421115041,1658,9,futex_do_wait
4924612493081550,3130642,qlever-server-d,S,0,0,1269591,2511192,47,7,futex_do_wait
4924612493081550,3130643,qlever-server-d,R,38,4,438938154,92269589,490,3,0
4924612493081550,0,__system__,-,1024892984,7868008015,0,0,0,-1,-
4924612512336476,3128855,qlever-server-d,S,936,1591,25279315500,30777902,1912,1,futex_do_wait
4924612512336476,3128859,qlever-server-d,S,0,0,3433483,3276002,30,14,futex_do_wait
4924612512336476,3129400,qlever-server-d,R,1557,13,15704650119,263635502,725,13,0
4924612512336476,3129401,qlever-server-d,R,1555,13,15687862998,261702462,571,4,0
4924612512336476,3129402,qlever-server-d,R,1547,17,15649935707,309929760,1256,0,0
4924612512336476,3129403,qlever-server-d,R,1555,15,15710991872,255269427,779,1,0
4924612512336476,3129404,qlever-server-d,R,1570,14,15847424497,108254267,741,15,0
4924612512336476,3129405,qlever-server-d,R,1570,13,15835151821,123360904,697,10,0
4924612512336476,3129406,qlever-server-d,R,1549,15,15648674366,308166049,828,7,0
4924612512336476,3129407,qlever-server-d,R,1560,12,15723495494,243757077,652,14,0
4924612512336476,3129408,qlever-server-d,S,0,0,15360,0,1,13,futex_do_wait
4924612512336476,3129409,qlever-server-d,S,0,0,193821,0,6,12,ep_poll
4924612512336476,3129410,qlever-server-d,S,0,0,575900,20000,12,9,futex_do_wait
4924612512336476,3129411,qlever-server-d,S,2,20,225596266,463732532,1828,9,futex_do_wait
4924612512336476,3129412,qlever-server-d,S,1,18,194250279,426785696,1641,2,ep_poll
4924612512336476,3129413,qlever-server-d,S,0,18,190566860,462984196,1729,9,futex_do_wait
4924612512336476,3129414,qlever-server-d,S,0,24,257586000,454391591,1884,2,futex_do_wait
4924612512336476,3129415,qlever-server-d,S,1,17,187191608,443280811,1788,9,futex_do_wait
4924612512336476,3129416,qlever-server-d,S,1,15,165644551,436574807,1640,9,futex_do_wait
4924612512336476,3129417,qlever-server-d,S,1,18,200103092,432238057,1692,9,futex_do_wait
4924612512336476,3129418,qlever-server-d,S,0,22,229342766,421331301,1660,9,futex_do_wait
4924612512336476,3130642,qlever-server-d,S,0,0,1269591,2511192,47,7,futex_do_wait
4924612512336476,3130643,qlever-server-d,R,40,4,457924455,92283469,491,3,0
4924612512336476,0,__system__,-,1024893011,7868008046,0,0,0,-1,-
4924612532326627,3128855,qlever-server-d,S,936,1591,25279315500,30777902,1912,1,futex_do_wait
4924612532326627,3128859,qlever-server-d,S,0,0,3433483,3276002,30,14,futex_do_wait
4924612532326627,3129400,qlever-server-d,R,1559,13,15724624961,263659762,726,13,0
4924612532326627,3129401,qlever-server-d,R,1557,13,15707133360,262424902,572,11,0
4924612532326627,3129402,qlever-server-d,R,1549,17,15668927809,310937850,1258,0,0
4924612532326627,3129403,qlever-server-d,R,1557,15,15730993044,255269427,779,1,0
4924612532326627,3129404,qlever-server-d,R,1572,14,15867351309,108281597,742,15,0
4924612532326627,3129405,qlever-server-d,R,1572,13,15854858472,123360904,697,10,0
4924612532326627,3129406,qlever-server-d,R,1551,15,15668649138,308190749,829,7,0
4924612532326627,3129407,qlever-server-d,R,1562,12,15743706896,243757077,652,14,0
4924612532326627,3129408,qlever-server-d,S,0,0,15360,0,1,13,futex_do_wait
4924612532326627,3129409,qlever-server-d,S,0,0,193821,0,6,12,ep_poll
4924612532326627,3129410,qlever-server-d,S,0,0,575900,20000,12,9,futex_do_wait
4924612532326627,3129411,qlever-server-d,S,2,20,226205437,463738072,1830,3,futex_do_wait
4924612532326627,3129412,qlever-server-d,S,1,18,194250279,426785696,1641,2,ep_poll
4924612532326627,3129413,qlever-server-d,S,0,18,190608050,463373707,1731,3,futex_do_wait
4924612532326627,3129414,qlever-server-d,S,0,24,257617530,454431181,1886,3,futex_do_wait
4924612532326627,3129415,qlever-server-d,S,1,17,187221718,443651821,1790,3,futex_do_wait
4924612532326627,3129416,qlever-server-d,S,1,15,165678271,436910827,1642,3,futex_do_wait
4924612532326627,3129417,qlever-server-d,S,1,18,200168802,432410767,1693,3,futex_do_wait
4924612532326627,3129418,qlever-server-d,S,0,22,230757556,423494223,1666,3,futex_do_wait
4924612532326627,3130642,qlever-server-d,S,0,0,1269591,2511192,47,7,futex_do_wait
4924612532326627,3130643,qlever-server-d,R,42,4,476866916,93336869,494,2,0
4924612532326627,0,__system__,-,1024893039,7868008077,0,0,0,-1,-
4924612552846394,3128855,qlever-server-d,S,936,1591,25279315500,30777902,1912,1,futex_do_wait
4924612552846394,3128859,qlever-server-d,S,0,0,3433483,3276002,30,14,futex_do_wait
4924612552846394,3129400,qlever-server-d,R,1561,13,15745625732,263659762,726,13,0
4924612552846394,3129401,qlever-server-d,R,1559,13,15728133901,262424902,572,11,0
4924612552846394,3129402,qlever-server-d,R,1551,17,15689156470,311708840,1259,0,0
4924612552846394,3129403,qlever-server-d,R,1559,15,15751967985,255293987,780,1,0
4924612552846394,3129404,qlever-server-d,R,1574,14,15888258250,108374537,744,15,0
4924612552846394,3129405,qlever-server-d,R,1574,13,15875858343,123360904,697,10,0
4924612552846394,3129406,qlever-server-d,R,1553,15,15689541499,308299339,832,7,0
4924612552846394,3129407,qlever-server-d,R,1564,12,15764026766,244231348,653,14,0
4924612552846394,3129408,qlever-server-d,S,0,0,15360,0,1,13,futex_do_wait
4924612552846394,3129409,qlever-server-d,S,0,0,193821,0,6,12,ep_poll
4924612552846394,3129410,qlever-server-d,S,0,0,575900,20000,12,9,futex_do_wait
4924612552846394,3129411,qlever-server-d,S,2,20,226516867,465510163,1833,3,futex_do_wait
4924612552846394,3129412,qlever-server-d,S,1,18,194250279,426785696,1641,2,ep_poll
4924612552846394,3129413,qlever-server-d,S,0,18,190622460,464769998,1732,3,futex_do_wait
4924612552846394,3129414,qlever-server-d,S,0,25,259204451,454434291,1887,3,futex_do_wait
4924612552846394,3129415,qlever-server-d,S,1,17,187238208,444653872,1791,3,futex_do_wait
4924612552846394,3129416,qlever-server-d,S,1,15,165694261,438099508,1643,3,futex_do_wait
4924612552846394,3129417,qlever-server-d,S,1,18,200222232,434170507,1695,3,futex_do_wait
4924612552846394,3129418,qlever-server-d,S,0,22,230773016,425437244,1667,3,futex_do_wait
4924612552846394,3130642,qlever-server-d,S,0,0,1293251,2542512,48,7,futex_do_wait
4924612552846394,3130643,qlever-server-d,R,44,4,497867808,93336869,494,2,0
4924612552846394,0,__system__,-,1024893070,7868008112,0,0,0,-1,-
4924612572370709,3128855,qlever-server-d,S,936,1591,25279315500,30777902,1912,1,futex_do_wait
4924612572370709,3128859,qlever-server-d,S,0,0,3433483,3276002,30,14,futex_do_wait
4924612572370709,3129400,qlever-server-d,R,1563,13,15764625433,263659762,726,13,0
4924612572370709,3129401,qlever-server-d,R,1561,13,15747133942,262424902,572,11,0
4924612572370709,3129402,qlever-server-d,R,1553,17,15708136701,311728270,1260,0,0
4924612572370709,3129403,qlever-server-d,R,1561,15,15770967846,255293987,780,1,0
4924612572370709,3129404,qlever-server-d,R,1576,14,15907230721,108402757,745,15,0
4924612572370709,3129405,qlever-server-d,R,1576,13,15894858094,123360904,697,10,0
4924612572370709,3129406,qlever-server-d,R,1555,15,15708489530,308350569,834,7,0
4924612572370709,3129407,qlever-server-d,R,1565,12,15781931635,245958920,656,14,0
4924612572370709,3129408,qlever-server-d,S,0,0,15360,0,1,13,futex_do_wait
4924612572370709,3129409,qlever-server-d,S,0,0,193821,0,6,12,ep_poll
4924612572370709,3129410,qlever-server-d,S,0,0,575900,20000,12,9,futex_do_wait
4924612572370709,3129411,qlever-server-d,S,2,20,226544597,466410454,1835,2,futex_do_wait
4924612572370709,3129412,qlever-server-d,S,1,18,194250279,426785696,1641,2,ep_poll
4924612572370709,3129413,qlever-server-d,S,0,18,191000450,465109819,1736,2,futex_do_wait
4924612572370709,3129414,qlever-server-d,S,0,25,259915441,456473043,1890,2,futex_do_wait
4924612572370709,3129415,qlever-server-d,S,1,17,187281438,445021532,1794,2,futex_do_wait
4924612572370709,3129416,qlever-server-d,S,1,15,166221381,438862049,1646,2,futex_do_wait
4924612572370709,3129417,qlever-server-d,S,1,18,200566253,434202727,1699,2,futex_do_wait
4924612572370709,3129418,qlever-server-d,S,0,22,230811386,425596574,1670,2,futex_do_wait
4924612572370709,3130642,qlever-server-d,S,0,0,1293251,2542512,48,7,futex_do_wait
4924612572370709,3130643,qlever-server-d,R,46,5,515691778,94506759,496,5,0
4924612572370709,0,__system__,-,1024893097,7868008141,0,0,0,-1,-
4924612592680058,3128855,qlever-server-d,S,936,1591,25279315500,30777902,1912,1,futex_do_wait
4924612592680058,3128859,qlever-server-d,S,0,0,3433483,3276002,30,14,futex_do_wait
4924612592680058,3129400,qlever-server-d,R,1565,13,15784612014,263674012,727,13,0
4924612592680058,3129401,qlever-server-d,R,1563,13,15768119703,262439102,573,11,0
4924612592680058,3129402,qlever-server-d,R,1555,17,15729137032,311728270,1260,0,0
4924612592680058,3129403,qlever-server-d,R,1563,15,15791952647,255309407,781,1,0
4924612592680058,3129404,qlever-server-d,R,1578,14,15927843201,108790308,748,15,0
4924612592680058,3129405,qlever-server-d,R,1578,13,15915353405,123865844,700,10,0
4924612592680058,3129406,qlever-server-d,R,1557,15,15728685341,309155639,837,7,0
4924612592680058,3129407,qlever-server-d,R,1567,12,15802276826,245976460,657,14,0
4924612592680058,3129408,qlever-server-d,S,0,0,15360,0,1,13,futex_do_wait
4924612592680058,3129409,qlever-server-d,S,0,0,193821,0,6,12,ep_poll
4924612592680058,3129410,qlever-server-d,S,0,0,575900,20000,12,9,futex_do_wait
4924612592680058,3129411,qlever-server-d,S,2,20,226544597,466410454,1835,2,futex_do_wait
4924612592680058,3129412,qlever-server-d,S,1,18,194250279,426785696,1641,2,ep_poll
4924612592680058,3129413,qlever-server-d,S,0,18,191014230,465193979,1737,5,futex_do_wait
4924612592680058,3129414,qlever-server-d,S,0,25,259915441,456473043,1890,2,futex_do_wait
4924612592680058,3129415,qlever-server-d,S,1,17,187281438,445021532,1794,2,futex_do_wait
4924612592680058,3129416,qlever-server-d,S,1,15,166221381,438862049,1646,2,futex_do_wait
4924612592680058,3129417,qlever-server-d,S,1,18,200566253,434202727,1699,2,futex_do_wait
4924612592680058,3129418,qlever-server-d,R,0,22,231184357,425654594,1674,5,0
4924612592680058,3130642,qlever-server-d,S,0,0,1318951,2549332,49,7,futex_do_wait
4924612592680058,3130643,qlever-server-d,R,48,5,535934579,95176690,501,5,0
4924612592680058,0,__system__,-,1024893129,7868008175,0,0,0,-1,-
4924612614070058,3128855,qlever-server-d,S,936,1591,25279315500,30777902,1912,1,futex_do_wait
4924612614070058,3128859,qlever-server-d,S,0,0,3433483,3276002,30,14,futex_do_wait
4924612614070058,3129400,qlever-server-d,R,1567,13,15806558906,263727782,729,13,0
4924612614070058,3129401,qlever-server-d,R,1565,13,15788674905,262884362,574,11,0
4924612614070058,3129402,qlever-server-d,R,1557,17,15750415804,311728270,1260,0,0
4924612614070058,3129403,qlever-server-d,R,1565,15,15812953449,255309407,781,1,0
4924612614070058,3129404,qlever-server-d,R,1580,14,15948348703,109285188,749,15,0
4924612614070058,3129405,qlever-server-d,R,1580,13,15936307747,123935064,705,10,0
4924612614070058,3129406,qlever-server-d,R,1559,15,15749373912,309468220,839,7,0
4924612614070058,3129407,qlever-server-d,R,1570,12,15822827387,246426261,658,14,0
4924612614070058,3129408,qlever-server-d,S,0,0,15360,0,1,13,futex_do_wait
4924612614070058,3129409,qlever-server-d,S,0,0,193821,0,6,12,ep_poll
4924612614070058,3129410,qlever-server-d,S,0,0,575900,20000,12,9,futex_do_wait
4924612614070058,3129411,qlever-server-d,S,2,20,226597277,467094174,1838,2,futex_do_wait
4924612614070058,3129412,qlever-server-d,S,1,18,194598219,427682357,1644,2,ep_poll
4924612614070058,3129413,qlever-server-d,S,0,18,191165020,465403509,1740,2,futex_do_wait
4924612614070058,3129414,qlever-server-d,S,0,25,260148021,458388084,1893,2,futex_do_wait
4924612614070058,3129415,qlever-server-d,S,1,17,187321388,445033332,1797,2,futex_do_wait
4924612614070058,3129416,qlever-server-d,S,1,15,166249091,438887959,1648,5,futex_do_wait
4924612614070058,3129417,qlever-server-d,S,1,18,200605783,434226247,1702,2,futex_do_wait
4924612614070058,3129418,qlever-server-d,S,0,22,232121367,426934315,1681,5,futex_do_wait
4924612614070058,3130642,qlever-server-d,S,0,0,1318951,2549332,49,7,futex_do_wait
4924612614070058,3130643,qlever-server-d,R,50,5,555249490,96946781,507,5,0
4924612614070058,0,__system__,-,1024893163,7868008209,0,0,0,-1,-
4924612632633740,3128855,qlever-server-d,S,936,1591,25279315500,30777902,1912,1,futex_do_wait
4924612632633740,3128859,qlever-server-d,S,0,0,3433483,3276002,30,14,futex_do_wait
4924612632633740,3129400,qlever-server-d,R,1569,13,15824558676,263727782,729,13,0
4924612632633740,3129401,qlever-server-d,R,1566,13,15806577395,262982312,576,11,0
4924612632633740,3129402,qlever-server-d,R,1559,17,15769137725,311728270,1260,0,0
4924612632633740,3129403,qlever-server-d,R,1567,15,15831953230,255309407,781,1,0
4924612632633740,3129404,qlever-server-d,R,1582,14,15967054664,109579688,750,15,0
4924612632633740,3129405,qlever-server-d,R,1582,13,15955266778,123952714,706,10,0
4924612632633740,3129406,qlever-server-d,R,1561,15,15767024583,310817130,843,7,0
4924612632633740,3129407,qlever-server-d,R,1571,12,15841827888,246426261,658,14,0
4924612632633740,3129408,qlever-server-d,S,0,0,15360,0,1,13,futex_do_wait
4924612632633740,3129409,qlever-server-d,S,0,0,193821,0,6,12,ep_poll
4924612632633740,3129410,qlever-server-d,S,0,0,575900,20000,12,9,futex_do_wait
4924612632633740,3129411,qlever-server-d,S,2,20,226645737,467703765,1840,5,futex_do_wait
4924612632633740,3129412,qlever-server-d,S,1,18,194598219,427682357,1644,2,ep_poll
4924612632633740,3129413,qlever-server-d,S,0,18,191192100,466362289,1742,5,futex_do_wait
4924612632633740,3129414,qlever-server-d,S,0,25,262773223,463577696,1899,5,futex_do_wait
4924612632633740,3129415,qlever-server-d,S,1,17,187375398,445121472,1800,2,futex_do_wait
4924612632633740,3129416,qlever-server-d,S,1,15,166279351,439416899,1650,5,futex_do_wait
4924612632633740,3129417,qlever-server-d,S,1,18,200645723,434706888,1704,5,futex_do_wait
4924612632633740,3129418,qlever-server-d,S,0,22,232166537,427203315,1684,5,futex_do_wait
4924612632633740,3130642,qlever-server-d,S,0,0,1318951,2549332,49,7,futex_do_wait
4924612632633740,3130643,qlever-server-d,R,52,5,570376908,99819343,513,5,0
4924612632633740,0,__system__,-,1024893191,7868008238,0,0,0,-1,-
4924612653657504,3128855,qlever-server-d,S,936,1591,25279315500,30777902,1912,1,futex_do_wait
4924612653657504,3128859,qlever-server-d,S,0,0,3433483,3276002,30,14,futex_do_wait
4924612653657504,3129400,qlever-server-d,R,1571,13,15846558288,263727782,729,13,0
4924612653657504,3129401,qlever-server-d,R,1569,13,15828576747,262982312,576,11,0
4924612653657504,3129402,qlever-server-d,R,1561,17,15789552116,312314320,1262,0,0
4924612653657504,3129403,qlever-server-d,R,1569,15,15852250180,256013468,782,1,0
4924612653657504,3129404,qlever-server-d,R,1584,14,15987792895,109840588,754,15,0
4924612653657504,3129405,qlever-server-d,R,1584,13,15976267179,123952714,706,10,0
4924612653657504,3129406,qlever-server-d,R,1563,15,15787995434,310845450,844,7,0
4924612653657504,3129407,qlever-server-d,R,1574,12,15862827169,246426261,658,14,0
4924612653657504,3129408,qlever-server-d,S,0,0,15360,0,1,13,futex_do_wait
4924612653657504,3129409,qlever-server-d,S,0,0,193821,0,6,12,ep_poll
4924612653657504,3129410,qlever-server-d,S,0,0,575900,20000,12,9,futex_do_wait
4924612653657504,3129411,qlever-server-d,S,2,20,226903577,467924595,1843,5,futex_do_wait
4924612653657504,3129412,qlever-server-d,S,1,18,194598219,427682357,1644,2,ep_poll
4924612653657504,3129413,qlever-server-d,S,0,18,191233010,466369119,1744,5,futex_do_wait
4924612653657504,3129414,qlever-server-d,S,0,25,263508753,465444467,1906,2,futex_do_wait
4924612653657504,3129415,qlever-server-d,S,1,17,187401508,445622602,1802,5,futex_do_wait
4924612653657504,3129416,qlever-server-d,S,1,15,166322392,439899860,1653,5,futex_do_wait
4924612653657504,3129417,qlever-server-d,S,1,18,201681944,434978398,1708,5,futex_do_wait
4924612653657504,3129418,qlever-server-d,S,0,22,232193747,427442295,1686,5,futex_do_wait
4924612653657504,3130642,qlever-server-d,S,0,0,1347271,2558442,50,7,futex_do_wait
4924612653657504,3130643,qlever-server-d,R,53,5,589190197,102005145,520,5,0
4924612653657504,0,__system__,-,1024893223,7868008272,0,0,0,-1,-
4924612672368334,3128855,qlever-server-d,S,936,1591,25279315500,30777902,1912,1,futex_do_wait
4924612672368334,3128859,qlever-server-d,S,0,0,3433483,3276002,30,14,futex_do_wait
4924612672368334,3129400,qlever-server-d,R,1573,13,15864558338,263727782,729,13,0
4924612672368334,3129401,qlever-server-d,R,1570,13,15846545327,263013292,577,11,0
4924612672368334,3129402,qlever-server-d,R,1563,17,15806814686,313050960,1263,0,0
4924612672368334,3129403,qlever-server-d,R,1571,15,15870248510,256013468,782,1,0
4924612672368334,3129404,qlever-server-d,R,1585,14,16005793065,109840588,754,15,0
4924612672368334,3129405,qlever-server-d,R,1586,13,15994267159,123952714,706,10,0
4924612672368334,3129406,qlever-server-d,R,1565,15,15805995564,310845450,844,7,0
4924612672368334,3129407,qlever-server-d,R,1575,12,15880827019,246426261,658,14,0
4924612672368334,3129408,qlever-server-d,S,0,0,15360,0,1,13,futex_do_wait
4924612672368334,3129409,qlever-server-d,S,0,0,193821,0,6,12,ep_poll
4924612672368334,3129410,qlever-server-d,S,0,0,575900,20000,12,9,futex_do_wait
4924612672368334,3129411,qlever-server-d,R,2,20,228282258,471524857,1847,5,0
4924612672368334,3129412,qlever-server-d,S,1,18,194598219,427682357,1644,2,ep_poll
4924612672368334,3129413,qlever-server-d,S,0,18,191262890,466741799,1746,5,futex_do_wait
4924612672368334,3129414,qlever-server-d,R,0,25,263540293,465550647,1907,2,0
4924612672368334,3129415,qlever-server-d,R,1,17,187414148,445800302,1803,5,0
4924612672368334,3129416,qlever-server-d,S,1,15,166354742,440407970,1655,5,futex_do_wait
4924612672368334,3129417,qlever-server-d,S,1,18,201706834,435338408,1710,5,futex_do_wait
4924612672368334,3129418,qlever-server-d,S,0,22,232228707,427780345,1688,5,futex_do_wait
4924612672368334,3130642,qlever-server-d,S,0,0,1347271,2558442,50,7,futex_do_wait
4924612672368334,3130643,qlever-server-d,R,55,5,606723007,103901936,523,5,0
4924612672368334,0,__system__,-,1024893249,7868008301,0,0,0,-1,-
4924612692464064,3128855,qlever-server-d,S,936,1591,25279315500,30777902,1912,1,futex_do_wait
4924612692464064,3128859,qlever-server-d,S,0,0,3433483,3276002,30,14,futex_do_wait
4924612692464064,3129400,qlever-server-d,R,1575,13,15884558799,263727782,729,13,0
4924612692464064,3129401,qlever-server-d,R,1572,13,15866546348,263013292,577,11,0
4924612692464064,3129402,qlever-server-d,R,1565,17,15826817377,313050960,1263,0,0
4924612692464064,3129403,qlever-server-d,R,1573,15,15890248901,256013468,782,1,0
4924612692464064,3129404,qlever-server-d,R,1587,14,16025793666,109840588,754,15,0
4924612692464064,3129405,qlever-server-d,R,1588,13,16015246641,123972964,707,10,0
4924612692464064,3129406,qlever-server-d,R,1567,15,15826967496,310876300,845,7,0
4924612692464064,3129407,qlever-server-d,R,1577,12,15900155778,248099824,661,14,0
4924612692464064,3129408,qlever-server-d,S,0,0,15360,0,1,13,futex_do_wait
4924612692464064,3129409,qlever-server-d,S,0,0,193821,0,6,12,ep_poll
4924612692464064,3129410,qlever-server-d,S,0,0,575900,20000,12,9,futex_do_wait
4924612692464064,3129411,qlever-server-d,S,2,20,228695528,471809007,1851,2,futex_do_wait
4924612692464064,3129412,qlever-server-d,S,1,18,194598219,427682357,1644,2,ep_poll
4924612692464064,3129413,qlever-server-d,R,0,18,192157411,466825739,1749,2,0
4924612692464064,3129414,qlever-server-d,S,0,25,263823543,467669198,1911,2,futex_do_wait
4924612692464064,3129415,qlever-server-d,S,1,17,187438838,445962372,1805,5,futex_do_wait
4924612692464064,3129416,qlever-server-d,S,1,15,166367972,440418190,1656,2,futex_do_wait
4924612692464064,3129417,qlever-server-d,S,1,18,201725814,435344048,1711,5,futex_do_wait
4924612692464064,3129418,qlever-server-d,S,0,22,232240507,427783095,1689,2,futex_do_wait
4924612692464064,3130642,qlever-server-d,S,0,0,1378121,2566362,51,7,futex_do_wait
4924612692464064,3130643,qlever-server-d,R,57,5,626261128,103936356,525,5,0
4924612692464064,0,__system__,-,1024893279,7868008335,0,0,0,-1,-
4924612712484325,3128855,qlever-server-d,S,936,1591,25279315500,30777902,1912,1,futex_do_wait
4924612712484325,3128859,qlever-server-d,R,0,0,3433483,3276002,30,14,0
4924612712484325,3129400,qlever-server-d,R,1577,13,15904559371,263727782,729,13,0
4924612712484325,3129401,qlever-server-d,R,1574,13,15886547510,263013292,577,11,0
4924612712484325,3129402,qlever-server-d,R,1567,17,15846816079,313050960,1263,0,0
4924612712484325,3129403,qlever-server-d,R,1575,15,15910249953,256013468,782,1,0
4924612712484325,3129404,qlever-server-d,R,1589,14,16045756398,109877988,755,15,0
4924612712484325,3129405,qlever-server-d,R,1590,13,16035247052,123972964,707,10,0
4924612712484325,3129406,qlever-server-d,R,1569,15,15846966137,310876300,845,7,0
4924612712484325,3129407,qlever-server-d,R,1579,12,15920114179,248260784,662,14,0
4924612712484325,3129408,qlever-server-d,S,0,0,15360,0,1,13,futex_do_wait
4924612712484325,3129409,qlever-server-d,S,0,0,193821,0,6,12,ep_poll
4924612712484325,3129410,qlever-server-d,S,0,0,575900,20000,12,9,futex_do_wait
4924612712484325,3129411,qlever-server-d,S,2,20,228737388,472593057,1853,2,0
4924612712484325,3129412,qlever-server-d,S,1,18,194598219,427682357,1644,2,ep_poll
4924612712484325,3129413,qlever-server-d,S,1,18,193554732,469953660,1757,2,futex_do_wait
4924612712484325,3129414,qlever-server-d,S,0,25,263856013,468399348,1913,2,futex_do_wait
4924612712484325,3129415,qlever-server-d,R,1,17,187642338,445976842,1810,5,0
4924612712484325,3129416,qlever-server-d,S,1,15,167304312,440489160,1662,5,futex_do_wait
4924612712484325,3129417,qlever-server-d,S,1,18,201812274,435362768,1714,5,futex_do_wait
4924612712484325,3129418,qlever-server-d,S,0,22,232289627,428151035,1692,2,futex_do_wait
4924612712484325,3130642,qlever-server-d,S,0,0,1378121,2566362,51,7,futex_do_wait
4924612712484325,3130643,qlever-server-d,R,59,5,646133129,104739646,531,5,0
4924612712484325,0,__system__,-,1024893306,7868008365,0,0,0,-1,-
4924612734099484,3128855,qlever-server-d,S,936,1591,25279315500,30777902,1912,1,futex_do_wait
4924612734099484,3128859,qlever-server-d,S,0,0,3594443,3868162,31,14,futex_do_wait
4924612734099484,3129400,qlever-server-d,R,1579,13,15926520143,263766632,730,13,0
4924612734099484,3129401,qlever-server-d,R,1577,13,15908545552,263013292,577,11,0
4924612734099484,3129402,qlever-server-d,R,1569,17,15868815691,313050960,1263,0,0
4924612734099484,3129403,qlever-server-d,R,1577,15,15932248605,256013468,782,1,0
4924612734099484,3129404,qlever-server-d,R,1592,14,16067678990,109954938,761,15,0
4924612734099484,3129405,qlever-server-d,R,1592,13,16056246864,123972964,707,10,0
4924612734099484,3129406,qlever-server-d,R,1571,15,15867942969,310899570,846,7,0
4924612734099484,3129407,qlever-server-d,R,1581,12,15940993731,248260784,662,14,0
4924612734099484,3129408,qlever-server-d,S,0,0,15360,0,1,13,futex_do_wait
4924612734099484,3129409,qlever-server-d,S,0,0,193821,0,6,12,ep_poll
4924612734099484,3129410,qlever-server-d,S,0,0,575900,20000,12,9,futex_do_wait
4924612734099484,3129411,qlever-server-d,S,2,20,228778668,473255527,1856,5,futex_do_wait
4924612734099484,3129412,qlever-server-d,S,1,18,194598219,427682357,1644,2,ep_poll
4924612734099484,3129413,qlever-server-d,S,1,18,193587302,470455060,1759,5,futex_do_wait
4924612734099484,3129414,qlever-server-d,S,0,25,263882883,469061668,1915,5,futex_do_wait
4924612734099484,3129415,qlever-server-d,S,1,17,189387060,449189863,1818,5,futex_do_wait
4924612734099484,3129416,qlever-server-d,S,1,15,167343762,441060711,1664,5,futex_do_wait
4924612734099484,3129417,qlever-server-d,S,1,18,201861124,435669218,1717,5,futex_do_wait
4924612734099484,3129418,qlever-server-d,S,0,22,232601067,428574355,1695,5,futex_do_wait
4924612734099484,3130642,qlever-server-d,S,0,0,1378121,2566362,51,7,futex_do_wait
4924612734099484,3130643,qlever-server-d,R,61,5,664211188,107985429,536,5,0
4924612734099484,0,__system__,-,1024893339,7868008400,0,0,0,-1,-
4924612752343098,3128855,qlever-server-d,S,936,1591,25279315500,30777902,1912,1,futex_do_wait
4924612752343098,3128859,qlever-server-d,S,0,0,3594443,3868162,31,14,futex_do_wait
4924612752343098,3129400,qlever-server-d,R,1581,13,15944539483,263766632,730,13,0
4924612752343098,3129401,qlever-server-d,R,1578,13,15926546752,263013292,577,11,0
4924612752343098,3129402,qlever-server-d,R,1571,17,15886816411,313050960,1263,0,0
4924612752343098,3129403,qlever-server-d,R,1579,15,15950222485,256042188,783,1,0
4924612752343098,3129404,qlever-server-d,R,1593,14,16085626520,110008698,765,15,0
4924612752343098,3129405,qlever-server-d,R,1593,13,16074248264,123972964,707,10,0
4924612752343098,3129406,qlever-server-d,R,1573,15,15885924159,310918550,847,7,0
4924612752343098,3129407,qlever-server-d,R,1583,12,15957939141,249314394,664,14,0
4924612752343098,3129408,qlever-server-d,S,0,0,15360,0,1,13,futex_do_wait
4924612752343098,3129409,qlever-server-d,S,0,0,193821,0,6,12,ep_poll
4924612752343098,3129410,qlever-server-d,S,0,0,575900,20000,12,9,futex_do_wait
4924612752343098,3129411,qlever-server-d,S,2,20,229664829,474767448,1865,5,futex_do_wait
4924612752343098,3129412,qlever-server-d,S,1,18,195203259,427902717,1647,5,futex_do_wait
4924612752343098,3129413,qlever-server-d,S,1,18,193971522,470518111,1766,5,futex_do_wait
4924612752343098,3129414,qlever-server-d,S,0,25,263958723,469076628,1919,5,ep_poll
4924612752343098,3129415,qlever-server-d,S,1,17,189426960,449802123,1821,5,futex_do_wait
4924612752343098,3129416,qlever-server-d,S,1,15,167402272,441080621,1668,5,futex_do_wait
4924612752343098,3129417,qlever-server-d,S,1,18,202346494,436700548,1725,5,futex_do_wait
4924612752343098,3129418,qlever-server-d,S,0,22,232870758,428671855,1701,5,futex_do_wait
4924612752343098,3130642,qlever-server-d,S,0,0,1397101,2576182,52,7,futex_do_wait
4924612752343098,3130643,qlever-server-d,R,62,5,679407596,110790161,547,5,0
4924612752343098,0,__system__,-,1024893366,7868008429,0,0,0,-1,-
4924612772328080,3128855,qlever-server-d,S,936,1591,25279315500,30777902,1912,1,futex_do_wait
4924612772328080,3128859,qlever-server-d,S,0,0,3594443,3868162,31,14,futex_do_wait
4924612772328080,3129400,qlever-server-d,R,1583,13,15962832274,265455602,733,13,0
4924612772328080,3129401,qlever-server-d,R,1580,13,15946546643,263013292,577,11,0
4924612772328080,3129402,qlever-server-d,R,1573,17,15906816872,313050960,1263,0,0
4924612772328080,3129403,qlever-server-d,R,1581,15,15970220486,256042188,783,1,0
4924612772328080,3129404,qlever-server-d,R,1595,14,16105601231,110034388,767,15,0
4924612772328080,3129405,qlever-server-d,R,1595,13,16094247105,123972964,707,10,0
4924612772328080,3129406,qlever-server-d,R,1575,15,15905886960,310955270,848,7,0
4924612772328080,3129407,qlever-server-d,R,1585,12,15977940922,249314394,664,14,0
4924612772328080,3129408,qlever-server-d,S,0,0,15360,0,1,13,futex_do_wait
4924612772328080,3129409,qlever-server-d,S,0,0,193821,0,6,12,ep_poll
4924612772328080,3129410,qlever-server-d,S,0,0,575900,20000,12,9,futex_do_wait
4924612772328080,3129411,qlever-server-d,S,2,20,229693539,474777828,1867,5,futex_do_wait
4924612772328080,3129412,qlever-server-d,S,1,18,195229169,427915947,1649,5,futex_do_wait
4924612772328080,3129413,qlever-server-d,S,1,18,194327633,470556161,1772,5,futex_do_wait
4924612772328080,3129414,qlever-server-d,S,0,25,263958723,469076628,1919,5,ep_poll
4924612772328080,3129415,qlever-server-d,S,1,17,189456840,449814193,1823,5,futex_do_wait
4924612772328080,3129416,qlever-server-d,S,1,15,168013892,441148311,1676,5,futex_do_wait
4924612772328080,3129417,qlever-server-d,S,1,18,202619724,436767358,1729,5,futex_do_wait
4924612772328080,3129418,qlever-server-d,S,0,22,233305048,428685525,1706,5,futex_do_wait
4924612772328080,3130642,qlever-server-d,S,0,0,1397101,2576182,52,7,futex_do_wait
4924612772328080,3130643,qlever-server-d,R,64,5,697646936,112549912,556,5,0
4924612772328080,0,__system__,-,1024893393,7868008460,0,0,0,-1,-
4924612792347480,3128855,qlever-server-d,S,936,1591,25279315500,30777902,1912,1,futex_do_wait
4924612792347480,3128859,qlever-server-d,S,0,0,3594443,3868162,31,14,futex_do_wait
4924612792347480,3129400,qlever-server-d,R,1584,13,15982293545,265994802,735,13,0
4924612792347480,3129401,qlever-server-d,R,1582,13,15966546594,263013292,577,11,0
4924612792347480,3129402,qlever-server-d,R,1575,17,15926815983,313050960,1263,0,0
4924612792347480,3129403,qlever-server-d,R,1583,15,15990220877,256042188,783,1,0
4924612792347480,3129404,qlever-server-d,R,1597,14,16125601052,110034388,767,15,0
4924612792347480,3129405,qlever-server-d,R,1597,13,16114246686,123972964,707,10,0
4924612792347480,3129406,qlever-server-d,R,1577,15,15925865021,310977960,849,7,0
4924612792347480,3129407,qlever-server-d,R,1587,12,15997940573,249314394,664,14,0
4924612792347480,3129408,qlever-server-d,S,0,0,15360,0,1,13,futex_do_wait
4924612792347480,3129409,qlever-server-d,S,0,0,193821,0,6,12,ep_poll
4924612792347480,3129410,qlever-server-d,S,0,0,575900,20000,12,9,futex_do_wait
4924612792347480,3129411,qlever-server-d,S,2,20,229738269,475269808,1870,5,futex_do_wait
4924612792347480,3129412,qlever-server-d,S,1,18,196763160,429472227,1658,5,futex_do_wait
4924612792347480,3129413,qlever-server-d,S,1,18,194370953,470569551,1775,5,futex_do_wait
4924612792347480,3129414,qlever-server-d,S,0,25,263958723,469076628,1919,5,ep_poll
4924612792347480,3129415,qlever-server-d,S,1,17,190202311,450051933,1832,5,futex_do_wait
4924612792347480,3129416,qlever-server-d,S,1,15,168055502,441479751,1679,5,futex_do_wait
4924612792347480,3129417,qlever-server-d,S,1,18,202975024,436833688,1736,5,futex_do_wait
4924612792347480,3129418,qlever-server-d,S,0,22,233657209,428791135,1712,5,futex_do_wait
4924612792347480,3130642,qlever-server-d,S,0,0,1419791,2595522,53,7,futex_do_wait
4924612792347480,3130643,qlever-server-d,R,66,5,714531555,115666495,570,5,0
4924612792347480,0,__system__,-,1024893422,7868008493,0,0,0,-1,-
4924612812564430,3128855,qlever-server-d,S,936,1591,25279315500,30777902,1912,1,futex_do_wait
4924612812564430,3128859,qlever-server-d,S,0,0,3594443,3868162,31,14,futex_do_wait
4924612812564430,3129400,qlever-server-d,R,1586,13,16000138643,268149285,739,13,0
4924612812564430,3129401,qlever-server-d,R,1584,13,15986545925,263013292,577,11,0
4924612812564430,3129402,qlever-server-d,R,1577,17,15946815884,313050960,1263,0,0
4924612812564430,3129403,qlever-server-d,R,1585,15,16010582668,256042188,783,1,0
4924612812564430,3129404,qlever-server-d,R,1600,14,16146601284,110034388,767,15,0
4924612812564430,3129405,qlever-server-d,R,1600,13,16135248458,123972964,707,10,0
4924612812564430,3129406,qlever-server-d,R,1579,15,15946866243,310977960,849,7,0
4924612812564430,3129407,qlever-server-d,R,1589,12,16018920415,249314394,665,14,0
4924612812564430,3129408,qlever-server-d,S,0,0,15360,0,1,13,futex_do_wait
4924612812564430,3129409,qlever-server-d,S,0,0,193821,0,6,12,ep_poll
4924612812564430,3129410,qlever-server-d,S,0,0,575900,20000,12,9,futex_do_wait
4924612812564430,3129411,qlever-server-d,S,2,20,229771219,475908539,1873,5,futex_do_wait
4924612812564430,3129412,qlever-server-d,S,1,18,197089620,430885208,1662,5,futex_do_wait
4924612812564430,3129413,qlever-server-d,S,1,18,194939193,470603501,1781,5,futex_do_wait
4924612812564430,3129414,qlever-server-d,S,0,25,263958723,469076628,1919,5,ep_poll
4924612812564430,3129415,qlever-server-d,S,1,17,190239611,450254453,1835,5,futex_do_wait
4924612812564430,3129416,qlever-server-d,S,1,15,168707642,441964482,1687,5,futex_do_wait
4924612812564430,3129417,qlever-server-d,S,1,18,203833925,437291258,1740,5,futex_do_wait
4924612812564430,3129418,qlever-server-d,S,0,22,233691609,429055845,1715,5,futex_do_wait
4924612812564430,3130642,qlever-server-d,S,0,0,1419791,2595522,53,7,futex_do_wait
4924612812564430,3130643,qlever-server-d,R,68,5,732020915,118176886,576,5,0
4924612812564430,0,__system__,-,1024893450,7868008524,0,0,0,-1,-
4924612832939158,3128855,qlever-server-d,S,936,1591,25279315500,30777902,1912,1,futex_do_wait
4924612832939158,3128859,qlever-server-d,S,0,0,3594443,3868162,31,14,futex_do_wait
4924612832939158,3129400,qlever-server-d,R,1588,13,16019813594,269473296,741,13,0
4924612832939158,3129401,qlever-server-d,R,1587,13,16007547507,263013292,577,11,0
4924612832939158,3129402,qlever-server-d,R,1579,17,15967816116,313050960,1263,0,0
4924612832939158,3129403,qlever-server-d,R,1587,15,16031221960,256042188,783,1,0
4924612832939158,3129404,qlever-server-d,R,1602,14,16166600435,110034388,767,15,0
4924612832939158,3129405,qlever-server-d,R,1602,13,16155247749,123972964,707,10,0
4924612832939158,3129406,qlever-server-d,R,1581,15,15966837404,311003850,850,7,0
4924612832939158,3129407,qlever-server-d,R,1591,12,16038920756,249314394,665,14,0
4924612832939158,3129408,qlever-server-d,S,0,0,15360,0,1,13,futex_do_wait
4924612832939158,3129409,qlever-server-d,S,0,0,193821,0,6,12,ep_poll
4924612832939158,3129410,qlever-server-d,S,0,0,575900,20000,12,9,futex_do_wait
4924612832939158,3129411,qlever-server-d,S,2,20,229795889,477204700,1875,5,futex_do_wait
4924612832939158,3129412,qlever-server-d,S,1,18,197542841,431073728,1667,5,futex_do_wait
4924612832939158,3129413,qlever-server-d,S,1,18,195134753,471821402,1784,5,futex_do_wait
4924612832939158,3129414,qlever-server-d,S,0,25,263958723,469076628,1919,5,ep_poll
4924612832939158,3129415,qlever-server-d,S,1,18,190423661,451033793,1838,5,futex_do_wait
4924612832939158,3129416,qlever-server-d,S,1,15,169633812,444665304,1692,5,futex_do_wait
4924612832939158,3129417,qlever-server-d,S,1,18,203869915,437668058,1743,5,futex_do_wait
4924612832939158,3129418,qlever-server-d,S,0,22,234270519,429497286,1720,5,futex_do_wait
4924612832939158,3130642,qlever-server-d,S,0,0,1419791,2595522,53,7,futex_do_wait
4924612832939158,3130643,qlever-server-d,R,70,5,752158516,119032356,579,2,0
4924612832939158,0,__system__,-,1024893480,7868008558,0,0,0,-1,-
4924612852334614,3128855,qlever-server-d,S,936,1591,25279315500,30777902,1912,1,futex_do_wait
4924612852334614,3128859,qlever-server-d,S,0,0,3594443,3868162,31,14,futex_do_wait
4924612852334614,3129400,qlever-server-d,R,1590,13,16038814654,269473296,741,13,0
4924612852334614,3129401,qlever-server-d,R,1588,13,16026547817,263013292,577,11,0
4924612852334614,3129402,qlever-server-d,R,1581,17,15986247866,313619790,1264,0,0
4924612852334614,3129403,qlever-server-d,R,1589,15,16050757611,256042188,783,1,0
4924612852334614,3129404,qlever-server-d,R,1603,14,16185601235,110034388,767,15,0
4924612852334614,3129405,qlever-server-d,R,1603,13,16174248359,123972964,707,10,0
4924612852334614,3129406,qlever-server-d,R,1583,15,15985778734,311064570,852,7,0
4924612852334614,3129407,qlever-server-d,R,1593,12,16057920496,249314394,665,14,0
4924612852334614,3129408,qlever-server-d,S,0,0,15360,0,1,13,futex_do_wait
4924612852334614,3129409,qlever-server-d,S,0,0,193821,0,6,12,ep_poll
4924612852334614,3129410,qlever-server-d,S,0,0,575900,20000,12,9,futex_do_wait
4924612852334614,3129411,qlever-server-d,S,2,20,229837609,477890901,1877,5,futex_do_wait
4924612852334614,3129412,qlever-server-d,S,1,18,197560731,432246969,1668,5,futex_do_wait
4924612852334614,3129413,qlever-server-d,S,1,18,195146363,472777813,1785,5,futex_do_wait
4924612852334614,3129414,qlever-server-d,S,0,25,263958723,469076628,1919,5,ep_poll
4924612852334614,3129415,qlever-server-d,S,1,18,190958612,453018544,1841,5,futex_do_wait
4924612852334614,3129416,qlever-server-d,S,1,15,171569233,444667744,1693,5,futex_do_wait
4924612852334614,3129417,qlever-server-d,S,1,18,203888405,439326239,1744,5,futex_do_wait
4924612852334614,3129418,qlever-server-d,S,0,22,234282389,430906037,1721,5,futex_do_wait
4924612852334614,3130642,qlever-server-d,S,0,0,1446881,2600652,54,7,futex_do_wait
4924612852334614,3130643,qlever-server-d,R,72,5,771113907,119077206,581,2,0
4924612852334614,0,__system__,-,1024893507,7868008588,0,0,0,-1,-
4924612874074812,3128855,qlever-server-d,S,936,1591,25279315500,30777902,1912,1,futex_do_wait
4924612874074812,3128859,qlever-server-d,S,0,0,3594443,3868162,31,14,futex_do_wait
4924612874074812,3129400,qlever-server-d,R,1592,13,16060815197,269473296,741,13,0
4924612874074812,3129401,qlever-server-d,R,1591,13,16048526680,263034222,578,11,0
4924612874074812,3129402,qlever-server-d,R,1583,17,16008248049,313619790,1264,0,0
4924612874074812,3129403,qlever-server-d,R,1591,15,16072222493,256042188,783,1,0
4924612874074812,3129404,qlever-server-d,R,1605,14,16206564478,111071368,769,15,0
4924612874074812,3129405,qlever-server-d,R,1606,13,16196248232,123972964,707,10,0
4924612874074812,3129406,qlever-server-d,R,1585,15,16007296587,311545950,853,7,0
4924612874074812,3129407,qlever-server-d,R,1595,12,16079464129,249771154,666,14,0
4924612874074812,3129408,qlever-server-d,S,0,0,15360,0,1,13,futex_do_wait
4924612874074812,3129409,qlever-server-d,S,0,0,193821,0,6,12,ep_poll
4924612874074812,3129410,qlever-server-d,S,0,0,575900,20000,12,9,futex_do_wait
4924612874074812,3129411,qlever-server-d,S,2,20,229892789,478270632,1881,5,ep_poll
4924612874074812,3129412,qlever-server-d,S,1,18,198123792,432474289,1674,5,futex_do_wait
4924612874074812,3129413,qlever-server-d,S,1,18,195191033,472789523,1789,5,futex_do_wait
4924612874074812,3129414,qlever-server-d,S,0,25,264266763,469086738,1921,5,futex_do_wait
4924612874074812,3129415,qlever-server-d,S,1,18,191252322,454606175,1844,5,futex_do_wait
4924612874074812,3129416,qlever-server-d,S,1,16,171910353,445227344,1698,5,futex_do_wait
4924612874074812,3129417,qlever-server-d,S,1,18,203946815,439730319,1748,5,futex_do_wait
4924612874074812,3129418,qlever-server-d,S,0,22,235152029,431590438,1726,5,futex_do_wait
4924612874074812,3130642,qlever-server-d,S,0,0,1446881,2600652,54,7,futex_do_wait
4924612874074812,3130643,qlever-server-d,R,74,5,793090049,119100206,582,2,0
4924612874074812,0,__system__,-,1024893541,7868008624,0,0,0,-1,-
4924612892595574,3128855,qlever-server-d,S,936,1591,25279315500,30777902,1912,1,futex_do_wait
4924612892595574,3128859,qlever-server-d,S,0,0,3594443,3868162,31,14,futex_do_wait
4924612892595574,3129400,qlever-server-d,R,1594,13,16078815627,269473296,741,13,0
4924612892595574,3129401,qlever-server-d,R,1592,13,16066491720,263069772,579,11,0
4924612892595574,3129402,qlever-server-d,R,1585,17,16026248369,313619790,1264,0,0
4924612892595574,3129403,qlever-server-d,R,1593,15,16091222993,256042188,783,1,0
4924612892595574,3129404,qlever-server-d,R,1607,14,16225666358,111071368,769,15,0
4924612892595574,3129405,qlever-server-d,R,1608,13,16215248942,123972964,707,10,0
4924612892595574,3129406,qlever-server-d,R,1587,15,16025143907,312849660,856,7,0
4924612892595574,3129407,qlever-server-d,R,1597,12,16098464359,249771154,666,14,0
4924612892595574,3129408,qlever-server-d,S,0,0,15360,0,1,13,futex_do_wait
4924612892595574,3129409,qlever-server-d,S,0,0,193821,0,6,12,ep_poll
4924612892595574,3129410,qlever-server-d,S,0,0,575900,20000,12,9,futex_do_wait
4924612892595574,3129411,qlever-server-d,S,2,20,229892789,478270632,1881,5,ep_poll
4924612892595574,3129412,qlever-server-d,S,1,18,198148112,432504929,1676,2,futex_do_wait
4924612892595574,3129413,qlever-server-d,S,1,18,196034444,472834613,1795,2,futex_do_wait
4924612892595574,3129414,qlever-server-d,S,0,25,264526203,469791678,1925,2,futex_do_wait
4924612892595574,3129415,qlever-server-d,S,1,18,191265492,454614145,1845,2,futex_do_wait
4924612892595574,3129416,qlever-server-d,S,1,16,171946243,445234744,1700,2,futex_do_wait
4924612892595574,3129417,qlever-server-d,S,1,18,204423315,439888039,1753,2,futex_do_wait
4924612892595574,3129418,qlever-server-d,S,0,22,235179719,431603128,1728,2,futex_do_wait
4924612892595574,3130642,qlever-server-d,S,0,0,1470101,2607022,55,7,futex_do_wait
4924612892595574,3130643,qlever-server-d,R,75,5,809410018,120780627,589,2,0
4924612892595574,0,__system__,-,1024893566,7868008652,0,0,0,-1,-
4924612913089901,3128855,qlever-server-d,S,936,1591,25279315500,30777902,1912,1,futex_do_wait
4924612913089901,3128859,qlever-server-d,S,0,0,3594443,3868162,31,14,futex_do_wait
4924612913089901,3129400,qlever-server-d,R,1596,13,16099815758,269473296,741,13,0
4924612913089901,3129401,qlever-server-d,R,1595,13,16087528671,263185332,580,11,0
4924612913089901,3129402,qlever-server-d,R,1587,17,16047249140,313619790,1264,0,0
4924612913089901,3129403,qlever-server-d,R,1595,15,16111223944,256042188,783,1,0
4924612913089901,3129404,qlever-server-d,R,1609,14,16245565599,111071368,769,15,0
4924612913089901,3129405,qlever-server-d,R,1610,13,16235249493,123972964,707,10,0
4924612913089901,3129406,qlever-server-d,R,1589,15,16043925768,313918220,859,7,0
4924612913089901,3129407,qlever-server-d,R,1599,12,16118464480,249771154,666,14,0
4924612913089901,3129408,qlever-server-d,S,0,0,15360,0,1,13,futex_do_wait
4924612913089901,3129409,qlever-server-d,S,0,0,193821,0,6,12,ep_poll
4924612913089901,3129410,qlever-server-d,S,0,0,575900,20000,12,9,futex_do_wait
4924612913089901,3129411,qlever-server-d,S,2,20,229892789,478270632,1881,5,ep_poll
4924612913089901,3129412,qlever-server-d,S,1,18,198774703,432792899,1679,3,futex_do_wait
4924612913089901,3129413,qlever-server-d,S,1,18,196059394,472842083,1797,3,futex_do_wait
4924612913089901,3129414,qlever-server-d,S,0,25,264941793,470256638,1929,3,futex_do_wait
4924612913089901,3129415,qlever-server-d,S,1,18,191514172,458416838,1850,3,futex_do_wait
4924612913089901,3129416,qlever-server-d,S,1,16,171996033,445626415,1703,3,futex_do_wait
4924612913089901,3129417,qlever-server-d,S,1,18,205148596,442808820,1759,3,futex_do_wait
4924612913089901,3129418,qlever-server-d,S,0,22,235400609,433039339,1732,3,futex_do_wait
4924612913089901,3130642,qlever-server-d,S,0,0,1470101,2607022,55,7,futex_do_wait
4924612913089901,3130643,qlever-server-d,R,77,5,830029570,121161737,590,2,0
4924612913089901,0,__system__,-,1024893596,7868008685,0,0,0,-1,-
4924612932338207,3128855,qlever-server-d,S,936,1591,25279315500,30777902,1912,1,futex_do_wait
4924612932338207,3128859,qlever-server-d,S,0,0,3594443,3868162,31,14,futex_do_wait
4924612932338207,3129400,qlever-server-d,R,1598,13,16118815189,269473296,741,13,0
4924612932338207,3129401,qlever-server-d,R,1596,13,16106377322,263185332,580,11,0
4924612932338207,3129402,qlever-server-d,R,1589,17,16066249231,313619790,1264,0,0
4924612932338207,3129403,qlever-server-d,R,1597,15,16130223225,256042188,783,1,0
4924612932338207,3129404,qlever-server-d,R,1611,14,16264565750,111071368,769,15,0
4924612932338207,3129405,qlever-server-d,R,1611,13,16254249694,123972964,707,10,0
4924612932338207,3129406,qlever-server-d,R,1590,15,16060892398,315959951,863,7,0
4924612932338207,3129407,qlever-server-d,R,1601,12,16137465591,249771154,666,14,0
4924612932338207,3129408,qlever-server-d,S,0,0,15360,0,1,13,futex_do_wait
4924612932338207,3129409,qlever-server-d,S,0,0,193821,0,6,12,ep_poll
4924612932338207,3129410,qlever-server-d,S,0,0,575900,20000,12,9,futex_do_wait
4924612932338207,3129411,qlever-server-d,S,2,20,229892789,478270632,1881,5,ep_poll
4924612932338207,3129412,qlever-server-d,S,1,18,199051383,433212499,1683,2,futex_do_wait
4924612932338207,3129413,qlever-server-d,S,1,18,196113344,473597333,1800,3,futex_do_wait
4924612932338207,3129414,qlever-server-d,S,0,25,264975933,470443538,1931,2,futex_do_wait
4924612932338207,3129415,qlever-server-d,S,1,18,191550312,458682789,1852,2,futex_do_wait
4924612932338207,3129416,qlever-server-d,S,1,16,174094104,447932946,1710,3,futex_do_wait
4924612932338207,3129417,qlever-server-d,S,1,18,205177886,443177740,1761,2,futex_do_wait
4924612932338207,3129418,qlever-server-d,S,0,22,235439879,433962649,1734,3,futex_do_wait
4924612932338207,3130642,qlever-server-d,S,0,0,1470101,2607022,55,7,futex_do_wait
4924612932338207,3130643,qlever-server-d,R,79,5,847845490,122345347,597,2,0
4924612932338207,0,__system__,-,1024893624,7868008716,0,0,0,-1,-
4924612952897824,3128855,qlever-server-d,S,936,1591,25279315500,30777902,1912,1,futex_do_wait
4924612952897824,3128859,qlever-server-d,S,0,0,3594443,3868162,31,14,futex_do_wait
4924612952897824,3129400,qlever-server-d,R,1600,13,16139815860,269473296,741,13,0
4924612952897824,3129401,qlever-server-d,R,1599,13,16127377423,263185332,580,11,0
4924612952897824,3129402,qlever-server-d,R,1591,17,16087249412,313619790,1264,0,0
4924612952897824,3129403,qlever-server-d,R,1599,15,16151223296,256042188,783,1,0
4924612952897824,3129404,qlever-server-d,R,1613,14,16285505671,111130818,770,15,0
4924612952897824,3129405,qlever-server-d,R,1614,13,16275249365,123972964,707,10,0
4924612952897824,3129406,qlever-server-d,R,1592,15,16081110008,316734122,865,7,0
4924612952897824,3129407,qlever-server-d,R,1603,12,16158464712,249771154,666,14,0
4924612952897824,3129408,qlever-server-d,S,0,0,15360,0,1,13,futex_do_wait
4924612952897824,3129409,qlever-server-d,S,0,0,193821,0,6,12,ep_poll
4924612952897824,3129410,qlever-server-d,S,0,0,575900,20000,12,9,futex_do_wait
4924612952897824,3129411,qlever-server-d,S,2,20,229892789,478270632,1881,5,ep_poll
4924612952897824,3129412,qlever-server-d,S,1,18,199120543,433417059,1687,2,futex_do_wait
4924612952897824,3129413,qlever-server-d,S,1,18,196897445,473674613,1805,2,futex_do_wait
4924612952897824,3129414,qlever-server-d,S,0,25,265468343,471577500,1935,2,futex_do_wait
4924612952897824,3129415,qlever-server-d,S,1,18,192539103,460380370,1857,2,futex_do_wait
4924612952897824,3129416,qlever-server-d,S,1,16,174677454,448745327,1718,2,futex_do_wait
4924612952897824,3129417,qlever-server-d,S,1,18,205213206,443882701,1764,2,futex_do_wait
4924612952897824,3129418,qlever-server-d,S,0,22,235477499,434569830,1737,2,futex_do_wait
4924612952897824,3130642,qlever-server-d,S,0,0,1498431,2615292,56,7,futex_do_wait
4924612952897824,3130643,qlever-server-d,R,81,5,867756601,123427128,599,6,0
4924612952897824,0,__system__,-,1024893653,7868008749,0,0,0,-1,-
4924612972328730,3128855,qlever-server-d,S,936,1591,25279315500,30777902,1912,1,futex_do_wait
4924612972328730,3128859,qlever-server-d,S,0,0,3594443,3868162,31,14,futex_do_wait
4924612972328730,3129400,qlever-server-d,R,1602,13,16158816001,269473296,741,13,0
4924612972328730,3129401,qlever-server-d,R,1600,13,16146376414,263185332,580,11,0
4924612972328730,3129402,qlever-server-d,R,1593,17,16105690292,314178441,1265,0,0
4924612972328730,3129403,qlever-server-d,R,1601,15,16170222447,256042188,783,1,0
4924612972328730,3129404,qlever-server-d,R,1615,14,16304505952,111130818,770,15,0
4924612972328730,3129405,qlever-server-d,R,1616,13,16294632256,123972964,707,10,0
4924612972328730,3129406,qlever-server-d,R,1594,15,16100131199,317388512,866,7,0
4924612972328730,3129407,qlever-server-d,R,1605,12,16177464823,249771154,666,14,0
4924612972328730,3129408,qlever-server-d,S,0,0,15360,0,1,13,futex_do_wait
4924612972328730,3129409,qlever-server-d,S,0,0,193821,0,6,12,ep_poll
4924612972328730,3129410,qlever-server-d,S,0,0,575900,20000,12,9,futex_do_wait
4924612972328730,3129411,qlever-server-d,S,2,20,229925579,478295172,1884,2,futex_do_wait
4924612972328730,3129412,qlever-server-d,S,1,18,199170413,433651699,1690,2,futex_do_wait
4924612972328730,3129413,qlever-server-d,S,1,18,197061995,473928163,1808,2,futex_do_wait
4924612972328730,3129414,qlever-server-d,S,0,25,265720913,472270770,1939,2,futex_do_wait
4924612972328730,3129415,qlever-server-d,S,1,18,192960173,461044460,1863,2,futex_do_wait
4924612972328730,3129416,qlever-server-d,S,1,16,174722134,449356437,1721,2,ep_poll
4924612972328730,3129417,qlever-server-d,S,1,18,206119737,444108371,1768,2,futex_do_wait
4924612972328730,3129418,qlever-server-d,S,0,22,236513330,435944991,1745,2,futex_do_wait
4924612972328730,3130642,qlever-server-d,S,0,0,1498431,2615292,56,7,futex_do_wait
4924612972328730,3130643,qlever-server-d,R,83,5,886757562,123427128,599,6,0
4924612972328730,0,__system__,-,1024893680,7868008779,0,0,0,-1,-
4924612992952936,3128855,qlever-server-d,S,936,1591,25279315500,30777902,1912,1,futex_do_wait
4924612992952936,3128859,qlever-server-d,S,0,0,3594443,3868162,31,14,futex_do_wait
4924612992952936,3129400,qlever-server-d,R,1604,13,16179816533,269473296,741,13,0
4924612992952936,3129401,qlever-server-d,R,1603,13,16167378096,263185332,580,11,0
4924612992952936,3129402,qlever-server-d,R,1595,17,16125852334,315016971,1266,0,0
4924612992952936,3129403,qlever-server-d,R,1603,15,16191223179,256042188,783,1,0
4924612992952936,3129404,qlever-server-d,R,1617,14,16325506534,111130818,770,15,0
4924612992952936,3129405,qlever-server-d,R,1618,13,16315249578,123972964,707,10,0
4924612992952936,3129406,qlever-server-d,R,1596,15,16120422101,317422722,867,7,0
4924612992952936,3129407,qlever-server-d,R,1607,12,16197967414,250808095,668,14,0
4924612992952936,3129408,qlever-server-d,S,0,0,15360,0,1,13,futex_do_wait
4924612992952936,3129409,qlever-server-d,S,0,0,193821,0,6,12,ep_poll
4924612992952936,3129410,qlever-server-d,S,0,0,575900,20000,12,9,futex_do_wait
4924612992952936,3129411,qlever-server-d,S,2,20,229969789,478305622,1887,2,futex_do_wait
4924612992952936,3129412,qlever-server-d,S,1,18,199207043,433651699,1693,3,futex_do_wait
4924612992952936,3129413,qlever-server-d,S,1,18,199375077,474061463,1818,2,futex_do_wait
4924612992952936,3129414,qlever-server-d,S,0,25,265765843,472270770,1942,3,futex_do_wait
4924612992952936,3129415,qlever-server-d,S,1,18,192997433,461054140,1866,2,futex_do_wait
4924612992952936,3129416,qlever-server-d,S,1,16,174722134,449356437,1721,2,ep_poll
4924612992952936,3129417,qlever-server-d,S,1,18,206171567,444118401,1771,2,futex_do_wait
4924612992952936,3129418,qlever-server-d,S,0,22,236544460,435944991,1748,3,futex_do_wait
4924612992952936,3130642,qlever-server-d,S,0,0,1532641,2626842,57,7,futex_do_wait
4924612992952936,3130643,qlever-server-d,R,85,5,907410573,123773508,601,6,0
4924612992952936,0,__system__,-,1024893711,7868008812,0,0,0,-1,-
4924613012337831,3128855,qlever-server-d,S,936,1591,25279315500,30777902,1912,1,futex_do_wait
4924613012337831,3128859,qlever-server-d,S,0,0,3594443,3868162,31,14,futex_do_wait
4924613012337831,3129400,qlever-server-d,R,1606,13,16198189983,270099956,742,13,0
4924613012337831,3129401,qlever-server-d,R,1604,13,16186377486,263185332,580,11,0
4924613012337831,3129402,qlever-server-d,R,1597,17,16144819734,315049441,1268,0,0
4924613012337831,3129403,qlever-server-d,R,1605,15,16210223759,256042188,783,1,0
4924613012337831,3129404,qlever-server-d,R,1619,14,16344506314,111130818,770,15,0
4924613012337831,3129405,qlever-server-d,R,1619,13,16334250388,123972964,707,10,0
4924613012337831,3129406,qlever-server-d,R,1598,15,16139226011,317619592,869,7,0
4924613012337831,3129407,qlever-server-d,R,1609,12,16216428984,250808095,668,14,0
4924613012337831,3129408,qlever-server-d,S,0,0,15360,0,1,13,futex_do_wait
4924613012337831,3129409,qlever-server-d,S,0,0,193821,0,6,12,ep_poll
4924613012337831,3129410,qlever-server-d,S,0,0,575900,20000,12,9,futex_do_wait
4924613012337831,3129411,qlever-server-d,S,2,20,230014959,479367314,1889,2,futex_do_wait
4924613012337831,3129412,qlever-server-d,S,1,18,199238333,433933769,1695,3,futex_do_wait
4924613012337831,3129413,qlever-server-d,S,1,19,201280259,476747524,1820,2,futex_do_wait
4924613012337831,3129414,qlever-server-d,S,0,25,265807233,473071601,1944,3,futex_do_wait
4924613012337831,3129415,qlever-server-d,S,1,18,193010843,461862751,1867,2,futex_do_wait
4924613012337831,3129416,qlever-server-d,S,1,16,174722134,449356437,1721,2,ep_poll
4924613012337831,3129417,qlever-server-d,S,1,18,206200247,445252743,1773,2,futex_do_wait
4924613012337831,3129418,qlever-server-d,S,0,22,236561850,436436861,1749,3,futex_do_wait
4924613012337831,3130642,qlever-server-d,S,0,0,1532641,2626842,57,7,futex_do_wait
4924613012337831,3130643,qlever-server-d,R,87,5,926410884,123773508,601,6,0
4924613012337831,0,__system__,-,1024893740,7868008844,0,0,0,-1,-
4924613032342752,3128855,qlever-server-d,S,936,1591,25279315500,30777902,1912,1,futex_do_wait
4924613032342752,3128859,qlever-server-d,S,0,0,3594443,3868162,31,14,futex_do_wait
4924613032342752,3129400,qlever-server-d,R,1608,13,16216994334,271295536,744,13,0
4924613032342752,3129401,qlever-server-d,R,1606,13,16206377327,263185332,580,11,0
4924613032342752,3129402,qlever-server-d,R,1599,17,16164821265,315049441,1268,0,0
4924613032342752,3129403,qlever-server-d,R,1607,15,16230223150,256042188,783,1,0
4924613032342752,3129404,qlever-server-d,R,1621,14,16364507245,111130818,770,15,0
4924613032342752,3129405,qlever-server-d,R,1621,13,16354249239,123972964,707,10,0
4924613032342752,3129406,qlever-server-d,R,1600,15,16159199712,317644342,870,7,0
4924613032342752,3129407,qlever-server-d,R,1611,12,16236428215,250808095,668,14,0
4924613032342752,3129408,qlever-server-d,S,0,0,15360,0,1,13,futex_do_wait
4924613032342752,3129409,qlever-server-d,S,0,0,193821,0,6,12,ep_poll
4924613032342752,3129410,qlever-server-d,S,0,0,575900,20000,12,9,futex_do_wait
4924613032342752,3129411,qlever-server-d,S,2,20,230059819,479825934,1892,2,futex_do_wait
4924613032342752,3129412,qlever-server-d,S,1,18,199276073,434403719,1698,2,futex_do_wait
4924613032342752,3129413,qlever-server-d,S,1,19,202275449,478472265,1824,2,futex_do_wait
4924613032342752,3129414,qlever-server-d,S,0,25,265857993,473959291,1947,2,futex_do_wait
4924613032342752,3129415,qlever-server-d,S,1,18,193731363,462059641,1870,2,futex_do_wait
4924613032342752,3129416,qlever-server-d,S,1,16,174722134,449356437,1721,2,ep_poll
4924613032342752,3129417,qlever-server-d,S,1,18,207074438,445572943,1778,2,futex_do_wait
4924613032342752,3129418,qlever-server-d,S,0,22,236601280,437134531,1751,2,futex_do_wait
4924613032342752,3130642,qlever-server-d,S,0,0,1532641,2626842,57,7,futex_do_wait
4924613032342752,3130643,qlever-server-d,R,89,5,946879025,123773508,601,6,0
4924613032342752,0,__system__,-,1024893768,7868008875,0,0,0,-1,-
4924613052353793,3128855,qlever-server-d,S,936,1591,25279315500,30777902,1912,1,futex_do_wait
4924613052353793,3128859,qlever-server-d,S,0,0,3594443,3868162,31,14,futex_do_wait
4924613052353793,3129400,qlever-server-d,R,1610,13,16236149835,272140836,745,13,0
4924613052353793,3129401,qlever-server-d,R,1608,13,16226376868,263185332,580,11,0
4924613052353793,3129402,qlever-server-d,R,1601,17,16184818696,315049441,1268,0,0
4924613052353793,3129403,qlever-server-d,R,1609,15,16250221881,256042188,783,1,0
4924613052353793,3129404,qlever-server-d,R,1623,14,16384521486,111207419,771,15,0
4924613052353793,3129405,qlever-server-d,R,1623,13,16374248810,123972964,707,10,0
4924613052353793,3129406,qlever-server-d,R,1602,15,16179167683,317677382,871,7,0
4924613052353793,3129407,qlever-server-d,R,1613,12,16255950206,251286685,669,14,0
4924613052353793,3129408,qlever-server-d,S,0,0,15360,0,1,13,futex_do_wait
4924613052353793,3129409,qlever-server-d,S,0,0,193821,0,6,12,ep_poll
4924613052353793,3129410,qlever-server-d,S,0,0,575900,20000,12,9,futex_do_wait
4924613052353793,3129411,qlever-server-d,S,2,21,230721880,481371145,1896,2,futex_do_wait
4924613052353793,3129412,qlever-server-d,S,1,18,200324294,434716959,1703,2,futex_do_wait
4924613052353793,3129413,qlever-server-d,S,1,19,202299509,479331885,1826,2,futex_do_wait
4924613052353793,3129414,qlever-server-d,S,0,25,265894503,473967331,1950,2,futex_do_wait
4924613052353793,3129415,qlever-server-d,S,1,18,194138863,463713182,1874,2,futex_do_wait
4924613052353793,3129416,qlever-server-d,S,1,16,174722134,449356437,1721,2,ep_poll
4924613052353793,3129417,qlever-server-d,S,1,19,207781318,446643674,1782,2,futex_do_wait
4924613052353793,3129418,qlever-server-d,S,0,22,236665480,437953262,1755,2,futex_do_wait
4924613052353793,3130642,qlever-server-d,S,0,0,1565681,2634982,58,7,futex_do_wait
4924613052353793,3130643,qlever-server-d,R,91,5,966410946,123773508,601,6,0
4924613052353793,0,__system__,-,1024893797,7868008907,0,0,0,-1,-
4924613072355644,3128855,qlever-server-d,S,936,1591,25279315500,30777902,1912,1,futex_do_wait
4924613072355644,3128859,qlever-server-d,S,0,0,3594443,3868162,31,14,futex_do_wait
4924613072355644,3129400,qlever-server-d,R,1612,13,16256147687,272140836,745,13,0
4924613072355644,3129401,qlever-server-d,R,1610,13,16246377720,263185332,580,11,0
4924613072355644,3129402,qlever-server-d,R,1603,17,16204819868,315049441,1268,0,0
4924613072355644,3129403,qlever-server-d,R,1611,15,16270224123,256042188,783,1,0
4924613072355644,3129404,qlever-server-d,R,1625,14,16404429357,111207419,771,15,0
4924613072355644,3129405,qlever-server-d,R,1625,13,16394250352,123972964,707,10,0
4924613072355644,3129406,qlever-server-d,R,1604,15,16199166365,317677382,871,7,0
4924613072355644,3129407,qlever-server-d,R,1614,12,16274498477,252737596,671,14,0
4924613072355644,3129408,qlever-server-d,S,0,0,15360,0,1,13,futex_do_wait
4924613072355644,3129409,qlever-server-d,S,0,0,193821,0,6,12,ep_poll
4924613072355644,3129410,qlever-server-d,S,0,0,575900,20000,12,9,futex_do_wait
4924613072355644,3129411,qlever-server-d,S,2,21,232278691,483253836,1905,2,futex_do_wait
4924613072355644,3129412,qlever-server-d,S,1,18,200385464,435369289,1707,2,futex_do_wait
4924613072355644,3129413,qlever-server-d,S,1,19,202774229,480058906,1832,2,futex_do_wait
4924613072355644,3129414,qlever-server-d,S,0,25,265950163,473980571,1955,2,futex_do_wait
4924613072355644,3129415,qlever-server-d,S,1,18,195074943,464901653,1882,2,futex_do_wait
4924613072355644,3129416,qlever-server-d,S,1,16,174722134,449356437,1721,2,ep_poll
4924613072355644,3129417,qlever-server-d,S,1,19,208480619,447605715,1789,2,futex_do_wait
4924613072355644,3129418,qlever-server-d,S,0,23,237762581,439558023,1766,2,futex_do_wait
4924613072355644,3130642,qlever-server-d,S,0,0,1565681,2634982,58,7,futex_do_wait
4924613072355644,3130643,qlever-server-d,R,93,5,986410707,123773508,601,6,0
4924613072355644,0,__system__,-,1024893825,7868008938,0,0,0,-1,-
4924613093074530,3128855,qlever-server-d,S,936,1591,25279315500,30777902,1912,1,futex_do_wait
4924613093074530,3128859,qlever-server-d,S,0,0,3594443,3868162,31,14,futex_do_wait
4924613093074530,3129400,qlever-server-d,R,1614,13,16277148738,272140836,745,13,0
4924613093074530,3129401,qlever-server-d,R,1612,13,16267377411,263185332,580,11,0
4924613093074530,3129402,qlever-server-d,R,1605,17,16225819539,315049441,1268,0,0
4924613093074530,3129403,qlever-server-d,R,1613,15,16291222564,256042188,783,1,0
4924613093074530,3129404,qlever-server-d,R,1627,14,16425429758,111207419,771,15,0
4924613093074530,3129405,qlever-server-d,R,1628,13,16415249963,123972964,707,10,0
4924613093074530,3129406,qlever-server-d,R,1606,15,16220139436,317705072,872,7,0
4924613093074530,3129407,qlever-server-d,R,1616,12,16295440019,253401696,672,14,0
4924613093074530,3129408,qlever-server-d,S,0,0,15360,0,1,13,futex_do_wait
4924613093074530,3129409,qlever-server-d,S,0,0,193821,0,6,12,ep_poll
4924613093074530,3129410,qlever-server-d,S,0,0,575900,20000,12,9,futex_do_wait
4924613093074530,3129411,qlever-server-d,S,2,21,232278691,483253836,1905,2,futex_do_wait
4924613093074530,3129412,qlever-server-d,S,1,18,200385464,435369289,1707,2,futex_do_wait
4924613093074530,3129413,qlever-server-d,S,1,19,202774229,480058906,1832,2,futex_do_wait
4924613093074530,3129414,qlever-server-d,S,0,25,265950163,473980571,1955,2,futex_do_wait
4924613093074530,3129415,qlever-server-d,R,1,18,195074943,465570424,1883,6,0
4924613093074530,3129416,qlever-server-d,S,1,16,174722134,449356437,1721,2,ep_poll
4924613093074530,3129417,qlever-server-d,S,1,19,208480619,447605715,1789,2,futex_do_wait
4924613093074530,3129418,qlever-server-d,S,0,23,237762581,439558023,1766,2,futex_do_wait
4924613093074530,3130642,qlever-server-d,S,0,0,1593371,2642482,59,7,futex_do_wait
4924613093074530,3130643,qlever-server-d,R,95,5,1007419929,123773508,601,6,0
4924613093074530,0,__system__,-,1024893855,7868008972,0,0,0,-1,-
4924613112795533,3128855,qlever-server-d,S,936,1591,25279315500,30777902,1912,1,futex_do_wait
4924613112795533,3128859,qlever-server-d,S,0,0,3594443,3868162,31,14,futex_do_wait
4924613112795533,3129400,qlever-server-d,R,1616,13,16297148429,272140836,745,13,0
4924613112795533,3129401,qlever-server-d,R,1614,13,16287377922,263185332,580,11,0
4924613112795533,3129402,qlever-server-d,R,1607,17,16245820940,315049441,1268,0,0
4924613112795533,3129403,qlever-server-d,R,1615,15,16311224435,256042188,783,1,0
4924613112795533,3129404,qlever-server-d,R,1629,14,16444687988,111955340,772,15,0
4924613112795533,3129405,qlever-server-d,R,1630,13,16435250684,123972964,707,10,0
4924613112795533,3129406,qlever-server-d,R,1608,15,16240139997,317705072,872,7,0
4924613112795533,3129407,qlever-server-d,R,1618,12,16314834409,253401696,672,14,0
4924613112795533,3129408,qlever-server-d,S,0,0,15360,0,1,13,futex_do_wait
4924613112795533,3129409,qlever-server-d,S,0,0,193821,0,6,12,ep_poll
4924613112795533,3129410,qlever-server-d,S,0,0,575900,20000,12,9,futex_do_wait
4924613112795533,3129411,qlever-server-d,S,2,21,232840972,485555767,1908,6,futex_do_wait
4924613112795533,3129412,qlever-server-d,S,1,18,200425524,436693500,1709,6,futex_do_wait
4924613112795533,3129413,qlever-server-d,S,1,19,202849829,480991537,1835,6,futex_do_wait
4924613112795533,3129414,qlever-server-d,S,0,25,266011464,475235371,1957,6,futex_do_wait
4924613112795533,3129415,qlever-server-d,S,1,18,197186953,466907325,1886,6,futex_do_wait
4924613112795533,3129416,qlever-server-d,S,1,16,174722134,449356437,1721,2,ep_poll
4924613112795533,3129417,qlever-server-d,S,1,19,208493599,448452246,1790,6,futex_do_wait
4924613112795533,3129418,qlever-server-d,S,0,23,237803191,440649864,1767,6,futex_do_wait
4924613112795533,3130642,qlever-server-d,S,0,0,1593371,2642482,59,7,futex_do_wait
4924613112795533,3130643,qlever-server-d,R,97,5,1023805208,127379310,603,6,0
4924613112795533,0,__system__,-,1024893884,7868009004,0,0,0,-1,-
4924613132321398,3128855,qlever-server-d,S,936,1591,25279315500,30777902,1912,1,futex_do_wait
4924613132321398,3128859,qlever-server-d,S,0,0,3594443,3868162,31,14,futex_do_wait
4924613132321398,3129400,qlever-server-d,R,1618,13,16315404120,273026326,747,13,0
4924613132321398,3129401,qlever-server-d,R,1616,13,16306364643,263199122,581,11,0
4924613132321398,3129402,qlever-server-d,R,1609,17,16264820441,315049441,1268,0,0
4924613132321398,3129403,qlever-server-d,R,1617,15,16330210146,256056458,784,1,0
4924613132321398,3129404,qlever-server-d,R,1631,14,16462242268,113395201,778,15,0
4924613132321398,3129405,qlever-server-d,R,1631,13,16454238555,123985324,708,10,0
4924613132321398,3129406,qlever-server-d,R,1610,15,16259101018,317743712,874,7,0
4924613132321398,3129407,qlever-server-d,R,1620,12,16333820690,253416306,673,14,0
4924613132321398,3129408,qlever-server-d,S,0,0,15360,0,1,13,futex_do_wait
4924613132321398,3129409,qlever-server-d,S,0,0,193821,0,6,12,ep_poll
4924613132321398,3129410,qlever-server-d,S,0,0,575900,20000,12,9,futex_do_wait
4924613132321398,3129411,qlever-server-d,S,2,21,233112223,485682097,1913,6,futex_do_wait
4924613132321398,3129412,qlever-server-d,S,1,18,200477234,436905410,1712,6,futex_do_wait
4924613132321398,3129413,qlever-server-d,S,1,19,202881749,481664468,1837,6,futex_do_wait
4924613132321398,3129414,qlever-server-d,S,0,25,267536315,478236743,1964,6,futex_do_wait
4924613132321398,3129415,qlever-server-d,S,1,18,197215043,467365706,1888,6,futex_do_wait
4924613132321398,3129416,qlever-server-d,S,1,16,174722134,449356437,1721,2,ep_poll
4924613132321398,3129417,qlever-server-d,S,1,19,208533369,448820636,1792,6,futex_do_wait
4924613132321398,3129418,qlever-server-d,S,0,23,238198171,441397605,1773,6,futex_do_wait
4924613132321398,3130642,qlever-server-d,S,0,0,1593371,2642482,59,7,futex_do_wait
4924613132321398,3130643,qlever-server-d,R,98,5,1040422626,129762532,611,6,0
4924613132321398,0,__system__,-,1024893912,7868009034,0,0,0,-1,-
4924613152636896,3128855,qlever-server-d,S,936,1591,25279315500,30777902,1912,1,futex_do_wait
4924613152636896,3128859,qlever-server-d,S,0,0,3594443,3868162,31,14,futex_do_wait
4924613152636896,3129400,qlever-server-d,R,1620,13,16335263661,273026326,747,13,0
4924613152636896,3129401,qlever-server-d,R,1618,13,16326364624,263199122,581,11,0
4924613152636896,3129402,qlever-server-d,R,1611,17,16285204553,315665731,1269,0,0
4924613152636896,3129403,qlever-server-d,R,1619,15,16351210498,256056458,784,1,0
4924613152636896,3129404,qlever-server-d,R,1633,14,16483163940,113474281,784,15,0
4924613152636896,3129405,qlever-server-d,R,1634,13,16474619076,124604475,709,10,0
4924613152636896,3129406,qlever-server-d,R,1612,15,16280077090,317768332,875,7,0
4924613152636896,3129407,qlever-server-d,R,1622,12,16354821172,253416306,673,14,0
4924613152636896,3129408,qlever-server-d,S,0,0,15360,0,1,13,futex_do_wait
4924613152636896,3129409,qlever-server-d,S,0,0,193821,0,6,12,ep_poll
4924613152636896,3129410,qlever-server-d,S,0,0,575900,20000,12,9,futex_do_wait
4924613152636896,3129411,qlever-server-d,S,2,21,234955104,488374678,1917,6,futex_do_wait
4924613152636896,3129412,qlever-server-d,S,1,19,200899324,437794360,1718,6,futex_do_wait
4924613152636896,3129413,qlever-server-d,S,1,19,202913349,482834318,1839,6,futex_do_wait
4924613152636896,3129414,qlever-server-d,S,0,25,267807145,479757004,1968,6,futex_do_wait
4924613152636896,3129415,qlever-server-d,S,1,18,197247513,468366076,1890,6,futex_do_wait
4924613152636896,3129416,qlever-server-d,S,1,16,174722134,449356437,1721,2,ep_poll
4924613152636896,3129417,qlever-server-d,S,1,19,208589749,449123396,1795,6,futex_do_wait
4924613152636896,3129418,qlever-server-d,S,0,23,238231401,441992505,1775,6,futex_do_wait
4924613152636896,3130642,qlever-server-d,S,0,0,1617991,2647212,60,7,futex_do_wait
4924613152636896,3130643,qlever-server-d,R,100,5,1057732877,132452013,617,6,0
4924613152636896,0,__system__,-,1024893942,7868009067,0,0,0,-1,-
4924613173167633,3128855,qlever-server-d,S,936,1591,25279315500,30777902,1912,1,futex_do_wait
4924613173167633,3128859,qlever-server-d,S,0,0,3594443,3868162,31,14,futex_do_wait
4924613173167633,3129400,qlever-server-d,R,1622,13,16356263993,273026326,747,13,0
4924613173167633,3129401,qlever-server-d,R,1620,13,16347364496,263199122,581,11,0
4924613173167633,3129402,qlever-server-d,R,1613,17,16304339043,316530812,1270,0,0
4924613173167633,3129403,qlever-server-d,R,1621,15,16371210859,256056458,784,1,0
4924613173167633,3129404,qlever-server-d,R,1635,14,16503102781,113536221,789,15,0
4924613173167633,3129405,qlever-server-d,R,1636,13,16494619017,124604475,709,10,0
4924613173167633,3129406,qlever-server-d,R,1614,15,16300078691,317768332,875,7,0
4924613173167633,3129407,qlever-server-d,R,1624,12,16374821523,253416306,673,14,0
4924613173167633,3129408,qlever-server-d,S,0,0,15360,0,1,13,futex_do_wait
4924613173167633,3129409,qlever-server-d,S,0,0,193821,0,6,12,ep_poll
4924613173167633,3129410,qlever-server-d,S,0,0,575900,20000,12,9,futex_do_wait
4924613173167633,3129411,qlever-server-d,R,2,21,235275204,489299329,1919,6,0
4924613173167633,3129412,qlever-server-d,R,1,19,201147664,437797080,1719,6,0
4924613173167633,3129413,qlever-server-d,S,1,19,202927469,483047258,1840,6,futex_do_wait
4924613173167633,3129414,qlever-server-d,S,0,25,267827405,479943454,1969,6,futex_do_wait
4924613173167633,3129415,qlever-server-d,R,1,18,197264813,468371916,1892,6,0
4924613173167633,3129416,qlever-server-d,S,1,16,174722134,449356437,1721,2,ep_poll
4924613173167633,3129417,qlever-server-d,S,1,19,209033089,449551596,1798,6,futex_do_wait
4924613173167633,3129418,qlever-server-d,S,0,23,238263921,442000765,1777,6,futex_do_wait
4924613173167633,3130642,qlever-server-d,S,0,0,1617991,2647212,60,7,futex_do_wait
4924613173167633,3130643,qlever-server-d,R,102,5,1078078498,133100963,618,12,0
4924613173167633,0,__system__,-,1024893972,7868009101,0,0,0,-1,-
4924613192961856,3128855,qlever-server-d,S,936,1591,25279315500,30777902,1912,1,futex_do_wait
4924613192961856,3128859,qlever-server-d,S,0,0,3594443,3868162,31,14,futex_do_wait
4924613192961856,3129400,qlever-server-d,R,1624,13,16376264114,273026326,747,13,0
4924613192961856,3129401,qlever-server-d,R,1622,13,16367364247,263199122,581,11,0
4924613192961856,3129402,qlever-server-d,R,1614,17,16322813064,318057322,1274,0,0
4924613192961856,3129403,qlever-server-d,R,1623,15,16391210410,256056458,784,1,0
4924613192961856,3129404,qlever-server-d,R,1637,14,16523102472,113536221,789,15,0
4924613192961856,3129405,qlever-server-d,R,1638,13,16514619918,124604475,709,10,0
4924613192961856,3129406,qlever-server-d,R,1616,15,16320050462,317795662,876,7,0
4924613192961856,3129407,qlever-server-d,R,1626,12,16394820524,253416306,673,14,0
4924613192961856,3129408,qlever-server-d,S,0,0,15360,0,1,13,futex_do_wait
4924613192961856,3129409,qlever-server-d,S,0,0,193821,0,6,12,ep_poll
4924613192961856,3129410,qlever-server-d,S,0,0,575900,20000,12,9,futex_do_wait
4924613192961856,3129411,qlever-server-d,S,2,21,235290294,490972450,1920,6,futex_do_wait
4924613192961856,3129412,qlever-server-d,S,1,19,201318794,438541901,1723,6,futex_do_wait
4924613192961856,3129413,qlever-server-d,S,1,19,202967029,483938600,1843,6,futex_do_wait
4924613192961856,3129414,qlever-server-d,S,0,25,267853825,480281104,1971,6,futex_do_wait
4924613192961856,3129415,qlever-server-d,S,1,18,197972714,468404886,1895,6,futex_do_wait
4924613192961856,3129416,qlever-server-d,S,1,16,175066485,450082537,1723,2,ep_poll
4924613192961856,3129417,qlever-server-d,S,1,19,209093609,449734536,1801,6,futex_do_wait
4924613192961856,3129418,qlever-server-d,S,0,23,238284451,442019815,1779,6,futex_do_wait
4924613192961856,3130642,qlever-server-d,S,0,0,1645321,2656272,61,7,futex_do_wait
4924613192961856,3130643,qlever-server-d,R,104,5,1098079229,133100963,618,12,0
4924613192961856,0,__system__,-,1024894000,7868009132,0,0,0,-1,-
4924613212326942,3128855,qlever-server-d,S,936,1591,25279315500,30777902,1912,1,futex_do_wait
4924613212326942,3128859,qlever-server-d,S,0,0,3594443,3868162,31,14,futex_do_wait
4924613212326942,3129400,qlever-server-d,R,1626,13,16395265274,273026326,747,13,0
4924613212326942,3129401,qlever-server-d,R,1624,13,16385712397,264004132,582,11,0
4924613212326942,3129402,qlever-server-d,R,1616,17,16340976814,318893532,1275,0,0
4924613212326942,3129403,qlever-server-d,R,1625,15,16409677889,256589159,785,1,0
4924613212326942,3129404,qlever-server-d,R,1639,14,16542076152,113562271,791,15,0
4924613212326942,3129405,qlever-server-d,R,1639,13,16533620288,124604475,709,10,0
4924613212326942,3129406,qlever-server-d,R,1618,15,16339049702,317795662,876,7,0
4924613212326942,3129407,qlever-server-d,R,1628,12,16413821254,253416306,673,14,0
4924613212326942,3129408,qlever-server-d,S,0,0,15360,0,1,13,futex_do_wait
4924613212326942,3129409,qlever-server-d,S,0,0,193821,0,6,12,ep_poll
4924613212326942,3129410,qlever-server-d,S,0,0,575900,20000,12,9,futex_do_wait
4924613212326942,3129411,qlever-server-d,S,2,21,235523815,492273140,1923,6,futex_do_wait
4924613212326942,3129412,qlever-server-d,S,1,19,201358104,438996961,1726,6,futex_do_wait
4924613212326942,3129413,qlever-server-d,S,1,19,202990099,484990580,1845,6,futex_do_wait
4924613212326942,3129414,qlever-server-d,S,0,25,268861195,480292084,1974,6,futex_do_wait
4924613212326942,3129415,qlever-server-d,S,1,18,198395554,469128077,1900,6,futex_do_wait
4924613212326942,3129416,qlever-server-d,S,1,16,175066485,450082537,1723,2,ep_poll
4924613212326942,3129417,qlever-server-d,S,1,19,209550609,451445007,1805,6,futex_do_wait
4924613212326942,3129418,qlever-server-d,S,0,23,238312021,442654785,1781,6,futex_do_wait
4924613212326942,3130642,qlever-server-d,S,0,0,1645321,2656272,61,7,futex_do_wait
4924613212326942,3130643,qlever-server-d,R,106,5,1117080490,133100963,618,12,0
4924613212326942,0,__system__,-,1024894026,7868009162,0,0,0,-1,-
4924613232694990,3128855,qlever-server-d,S,936,1591,25279315500,30777902,1912,1,futex_do_wait
4924613232694990,3128859,qlever-server-d,S,0,0,3594443,3868162,31,14,futex_do_wait
4924613232694990,3129400,qlever-server-d,R,1628,13,16415265855,273026326,747,13,0
4924613232694990,3129401,qlever-server-d,R,1626,13,16406261409,264302632,583,11,0
4924613232694990,3129402,qlever-server-d,R,1618,17,16361978646,318893532,1275,0,0
4924613232694990,3129403,qlever-server-d,R,1627,15,16429866171,257400599,786,1,0
4924613232694990,3129404,qlever-server-d,R,1641,14,16563076254,113562271,791,15,0
4924613232694990,3129405,qlever-server-d,R,1642,13,16554620030,124604475,709,10,0
4924613232694990,3129406,qlever-server-d,R,1620,15,16360026834,317818252,877,7,0
4924613232694990,3129407,qlever-server-d,R,1630,12,16434821246,253416306,673,14,0
4924613232694990,3129408,qlever-server-d,S,0,0,15360,0,1,13,futex_do_wait
4924613232694990,3129409,qlever-server-d,S,0,0,193821,0,6,12,ep_poll
4924613232694990,3129410,qlever-server-d,S,0,0,575900,20000,12,9,futex_do_wait
4924613232694990,3129411,qlever-server-d,S,2,21,235545925,493066621,1925,6,futex_do_wait
4924613232694990,3129412,qlever-server-d,S,1,19,202678725,439735141,1730,6,futex_do_wait
4924613232694990,3129413,qlever-server-d,S,1,19,203014399,485298981,1847,6,futex_do_wait
4924613232694990,3129414,qlever-server-d,S,0,25,269211685,481692085,1977,6,futex_do_wait
4924613232694990,3129415,qlever-server-d,S,1,18,198421224,470608118,1902,6,futex_do_wait
4924613232694990,3129416,qlever-server-d,S,1,16,175066485,450082537,1723,2,ep_poll
4924613232694990,3129417,qlever-server-d,S,1,19,210258699,452256288,1807,6,futex_do_wait
4924613232694990,3129418,qlever-server-d,S,0,23,238364911,442665395,1783,6,futex_do_wait
4924613232694990,3130642,qlever-server-d,S,0,0,1645321,2656272,61,7,futex_do_wait
4924613232694990,3130643,qlever-server-d,R,108,5,1137080641,133100963,618,12,0
4924613232694990,0,__system__,-,1024894055,7868009194,0,0,0,-1,-
4924613253081598,3128855,qlever-server-d,S,936,1591,25279315500,30777902,1912,1,futex_do_wait
4924613253081598,3128859,qlever-server-d,S,0,0,3594443,3868162,31,14,futex_do_wait
4924613253081598,3129400,qlever-server-d,R,1630,13,16436265817,273026326,747,13,0
4924613253081598,3129401,qlever-server-d,R,1628,13,16426261990,264302632,583,11,0
4924613253081598,3129402,qlever-server-d,R,1620,17,16381941016,318893532,1276,0,0
4924613253081598,3129403,qlever-server-d,R,1629,15,16449866762,257400599,786,1,0
4924613253081598,3129404,qlever-server-d,R,1643,14,16583077485,113562271,791,15,0
4924613253081598,3129405,qlever-server-d,R,1644,13,16574620151,124604475,709,10,0
4924613253081598,3129406,qlever-server-d,R,1622,15,16380006235,317839802,878,7,0
4924613253081598,3129407,qlever-server-d,R,1632,12,16454822897,253416306,673,14,0
4924613253081598,3129408,qlever-server-d,S,0,0,15360,0,1,13,futex_do_wait
4924613253081598,3129409,qlever-server-d,S,0,0,193821,0,6,12,ep_poll
4924613253081598,3129410,qlever-server-d,S,0,0,575900,20000,12,9,futex_do_wait
4924613253081598,3129411,qlever-server-d,S,2,21,235616155,493684652,1927,12,futex_do_wait
4924613253081598,3129412,qlever-server-d,S,1,19,202708095,439782641,1732,6,futex_do_wait
4924613253081598,3129413,qlever-server-d,S,1,19,203141129,486195151,1849,4,futex_do_wait
4924613253081598,3129414,qlever-server-d,S,0,25,269284955,481927866,1980,6,futex_do_wait
4924613253081598,3129415,qlever-server-d,S,1,18,198483264,471806379,1903,12,futex_do_wait
4924613253081598,3129416,qlever-server-d,S,1,16,175066485,450082537,1723,2,ep_poll
4924613253081598,3129417,qlever-server-d,S,1,19,212509791,457073119,1812,4,futex_do_wait
4924613253081598,3129418,qlever-server-d,S,0,23,238403181,443813236,1785,12,futex_do_wait
4924613253081598,3130642,qlever-server-d,S,0,0,1666871,2663082,62,7,futex_do_wait
4924613253081598,3130643,qlever-server-d,R,110,5,1155274671,135905815,620,12,0
4924613253081598,0,__system__,-,1024894086,7868009228,0,0,0,-1,-
4924613273101919,3128855,qlever-server-d,S,936,1591,25279315500,30777902,1912,1,futex_do_wait
4924613273101919,3128859,qlever-server-d,S,0,0,3594443,3868162,31,14,futex_do_wait
4924613273101919,3129400,qlever-server-d,R,1632,13,16455592977,273699337,748,13,0
4924613273101919,3129401,qlever-server-d,R,1630,13,16446261881,264302632,583,11,0
4924613273101919,3129402,qlever-server-d,R,1622,17,16401940987,318893532,1276,0,0
4924613273101919,3129403,qlever-server-d,R,1631,15,16469832693,257434899,787,1,0
4924613273101919,3129404,qlever-server-d,R,1645,14,16603048756,113590691,792,15,0
4924613273101919,3129405,qlever-server-d,R,1645,13,16593770422,125454515,711,10,0
4924613273101919,3129406,qlever-server-d,R,1624,15,16400006616,317839802,878,7,0
4924613273101919,3129407,qlever-server-d,R,1634,12,16474822068,253416306,673,14,0
4924613273101919,3129408,qlever-server-d,S,0,0,15360,0,1,13,futex_do_wait
4924613273101919,3129409,qlever-server-d,S,0,0,193821,0,6,12,ep_poll
4924613273101919,3129410,qlever-server-d,S,0,0,575900,20000,12,9,futex_do_wait
4924613273101919,3129411,qlever-server-d,S,2,21,236059385,494441873,1930,4,futex_do_wait
4924613273101919,3129412,qlever-server-d,S,1,19,202752595,440399091,1734,6,futex_do_wait
4924613273101919,3129413,qlever-server-d,S,1,19,203825839,488129822,1854,4,futex_do_wait
4924613273101919,3129414,qlever-server-d,S,0,25,269319285,482319166,1982,6,futex_do_wait
4924613273101919,3129415,qlever-server-d,S,1,18,198531844,471984509,1906,4,futex_do_wait
4924613273101919,3129416,qlever-server-d,S,1,16,175066485,450082537,1723,2,ep_poll
4924613273101919,3129417,qlever-server-d,S,1,19,212523531,457269749,1813,4,futex_do_wait
4924613273101919,3129418,qlever-server-d,S,0,23,239119122,443818786,1787,4,futex_do_wait
4924613273101919,3130642,qlever-server-d,S,0,0,1666871,2663082,62,7,futex_do_wait
4924613273101919,3130643,qlever-server-d,R,112,5,1175213082,135986965,626,12,0
4924613273101919,0,__system__,-,1024894117,7868009261,0,0,0,-1,-
4924613292503814,3128855,qlever-server-d,S,936,1591,25279315500,30777902,1912,1,futex_do_wait
4924613292503814,3128859,qlever-server-d,S,0,0,3594443,3868162,31,14,futex_do_wait
4924613292503814,3129400,qlever-server-d,R,1634,13,16474591988,273699337,748,13,0
4924613292503814,3129401,qlever-server-d,R,1632,13,16465066172,264498482,584,11,0
4924613292503814,3129402,qlever-server-d,R,1624,17,16420940368,318893532,1276,0,0
4924613292503814,3129403,qlever-server-d,R,1633,15,16488833704,257434899,787,1,0
4924613292503814,3129404,qlever-server-d,R,1647,14,16622048277,113590691,792,15,0
4924613292503814,3129405,qlever-server-d,R,1647,13,16612465683,126759725,713,10,0
4924613292503814,3129406,qlever-server-d,R,1626,15,16419976627,317869372,879,7,0
4924613292503814,3129407,qlever-server-d,R,1636,12,16494822129,253416306,673,14,0
4924613292503814,3129408,qlever-server-d,S,0,0,15360,0,1,13,futex_do_wait
4924613292503814,3129409,qlever-server-d,S,0,0,193821,0,6,12,ep_poll
4924613292503814,3129410,qlever-server-d,S,0,0,575900,20000,12,9,futex_do_wait
4924613292503814,3129411,qlever-server-d,S,2,21,236084185,494965573,1932,12,futex_do_wait
4924613292503814,3129412,qlever-server-d,S,1,19,202834315,441227151,1736,12,futex_do_wait
4924613292503814,3129413,qlever-server-d,S,1,19,204581990,488864062,1858,12,futex_do_wait
4924613292503814,3129414,qlever-server-d,S,0,26,270083425,482595966,1984,12,futex_do_wait
4924613292503814,3129415,qlever-server-d,S,1,18,198560614,471991169,1908,12,futex_do_wait
4924613292503814,3129416,qlever-server-d,S,1,16,175066485,450082537,1723,2,ep_poll
4924613292503814,3129417,qlever-server-d,S,1,19,212573201,458072969,1816,12,futex_do_wait
4924613292503814,3129418,qlever-server-d,S,0,23,240020702,446118508,1791,12,futex_do_wait
4924613292503814,3130642,qlever-server-d,S,0,0,1696441,2671782,63,7,futex_do_wait
4924613292503814,3130643,qlever-server-d,R,114,5,1193515302,136660865,630,6,0
4924613292503814,0,__system__,-,1024894143,7868009290,0,0,0,-1,-
4924613313075331,3128855,qlever-server-d,S,936,1591,25279315500,30777902,1912,1,futex_do_wait
4924613313075331,3128859,qlever-server-d,S,0,0,3594443,3868162,31,14,futex_do_wait
4924613313075331,3129400,qlever-server-d,R,1636,13,16495592569,273699337,748,13,0
4924613313075331,3129401,qlever-server-d,R,1634,13,16485599233,264965852,585,11,0
4924613313075331,3129402,qlever-server-d,R,1626,17,16441940409,318893532,1276,0,0
4924613313075331,3129403,qlever-server-d,R,1635,15,16509833475,257434899,787,1,0
4924613313075331,3129404,qlever-server-d,R,1649,14,16642581278,114057421,794,15,0
4924613313075331,3129405,qlever-server-d,R,1649,13,16632465074,126759725,713,10,0
4924613313075331,3129406,qlever-server-d,R,1628,15,16439420458,318425032,880,7,0
4924613313075331,3129407,qlever-server-d,R,1638,12,16514303270,253934976,674,14,0
4924613313075331,3129408,qlever-server-d,S,0,0,15360,0,1,13,futex_do_wait
4924613313075331,3129409,qlever-server-d,S,0,0,193821,0,6,12,ep_poll
4924613313075331,3129410,qlever-server-d,S,0,0,575900,20000,12,9,futex_do_wait
4924613313075331,3129411,qlever-server-d,S,2,21,236481705,495655333,1936,12,futex_do_wait
4924613313075331,3129412,qlever-server-d,S,1,19,202870525,441451631,1739,12,futex_do_wait
4924613313075331,3129413,qlever-server-d,S,1,19,204610160,489786042,1860,12,futex_do_wait
4924613313075331,3129414,qlever-server-d,S,0,26,270692607,486463067,1990,12,futex_do_wait
4924613313075331,3129415,qlever-server-d,S,1,18,198811094,472867489,1911,12,futex_do_wait
4924613313075331,3129416,qlever-server-d,S,1,16,175066485,450082537,1723,2,ep_poll
4924613313075331,3129417,qlever-server-d,S,1,19,212595701,458952479,1818,12,futex_do_wait
4924613313075331,3129418,qlever-server-d,S,0,23,241191732,447430670,1795,12,futex_do_wait
4924613313075331,3130642,qlever-server-d,S,0,0,1696441,2671782,63,7,futex_do_wait
4924613313075331,3130643,qlever-server-d,R,116,5,1214515044,136660865,630,6,0
4924613313075331,0,__system__,-,1024894173,7868009324,0,0,0,-1,-
4924613333076672,3128855,qlever-server-d,S,936,1591,25279315500,30777902,1912,1,futex_do_wait
4924613333076672,3128859,qlever-server-d,S,0,0,3594443,3868162,31,14,futex_do_wait
4924613333076672,3129400,qlever-server-d,R,1638,13,16515593121,273699337,748,13,0
4924613333076672,3129401,qlever-server-d,R,1636,13,16505598735,264965852,585,11,0
4924613333076672,3129402,qlever-server-d,R,1628,17,16461940161,318893532,1276,0,0
4924613333076672,3129403,qlever-server-d,R,1637,15,16529832227,257434899,787,1,0
4924613333076672,3129404,qlever-server-d,R,1651,14,16662581970,114057421,794,15,0
4924613333076672,3129405,qlever-server-d,R,1651,13,16652036786,127188375,714,10,0
4924613333076672,3129406,qlever-server-d,R,1630,15,16458080518,319767374,884,7,0
4924613333076672,3129407,qlever-server-d,R,1640,12,16534304342,253934976,674,14,0
4924613333076672,3129408,qlever-server-d,S,0,0,15360,0,1,13,futex_do_wait
4924613333076672,3129409,qlever-server-d,S,0,0,193821,0,6,12,ep_poll
4924613333076672,3129410,qlever-server-d,S,0,0,575900,20000,12,9,futex_do_wait
4924613333076672,3129411,qlever-server-d,S,2,21,236508015,496535964,1938,12,futex_do_wait
4924613333076672,3129412,qlever-server-d,S,1,19,203481266,441456841,1741,12,futex_do_wait
4924613333076672,3129413,qlever-server-d,S,1,19,205885291,490508243,1865,12,futex_do_wait
4924613333076672,3129414,qlever-server-d,S,0,26,270718957,486963647,1992,12,futex_do_wait
4924613333076672,3129415,qlever-server-d,S,1,18,199152754,474239570,1914,12,futex_do_wait
4924613333076672,3129416,qlever-server-d,S,1,16,175066485,450082537,1723,2,ep_poll
4924613333076672,3129417,qlever-server-d,S,1,19,212646551,459573680,1821,12,futex_do_wait
4924613333076672,3129418,qlever-server-d,S,0,23,241235612,447711480,1797,12,futex_do_wait
4924613333076672,3130642,qlever-server-d,S,0,0,1696441,2671782,63,7,futex_do_wait
4924613333076672,3130643,qlever-server-d,R,118,5,1234515985,136660865,630,6,0
4924613333076672,0,__system__,-,1024894201,7868009355,0,0,0,-1,-
4924613353098813,3128855,qlever-server-d,S,936,1591,25279315500,30777902,1912,1,futex_do_wait
4924613353098813,3128859,qlever-server-d,S,0,0,3594443,3868162,31,14,futex_do_wait
4924613353098813,3129400,qlever-server-d,R,1640,13,16535569252,273723607,749,13,0
4924613353098813,3129401,qlever-server-d,R,1638,13,16525599736,264965852,585,11,0
4924613353098813,3129402,qlever-server-d,R,1630,17,16481941832,318893532,1276,0,0
4924613353098813,3129403,qlever-server-d,R,1639,15,16549833478,257434899,787,1,0
4924613353098813,3129404,qlever-server-d,R,1653,14,16682556621,114083301,795,15,0
4924613353098813,3129405,qlever-server-d,R,1653,13,16671436617,127789395,715,10,0
4924613353098813,3129406,qlever-server-d,R,1632,15,16478050229,319797184,885,7,0
4924613353098813,3129407,qlever-server-d,R,1642,12,16554282943,253955716,675,14,0
4924613353098813,3129408,qlever-server-d,S,0,0,15360,0,1,13,futex_do_wait
4924613353098813,3129409,qlever-server-d,S,0,0,193821,0,6,12,ep_poll
4924613353098813,3129410,qlever-server-d,S,0,0,575900,20000,12,9,futex_do_wait
4924613353098813,3129411,qlever-server-d,S,2,21,237665695,496812755,1944,4,futex_do_wait
4924613353098813,3129412,qlever-server-d,S,1,19,203929667,442420781,1746,4,futex_do_wait
4924613353098813,3129413,qlever-server-d,S,1,19,205924181,490973263,1868,4,futex_do_wait
4924613353098813,3129414,qlever-server-d,S,0,26,271465547,487579787,1996,4,futex_do_wait
4924613353098813,3129415,qlever-server-d,S,1,18,199513294,475249760,1919,4,futex_do_wait
4924613353098813,3129416,qlever-server-d,S,1,16,175066485,450082537,1723,2,ep_poll
4924613353098813,3129417,qlever-server-d,S,1,19,212694321,459583770,1824,4,futex_do_wait
4924613353098813,3129418,qlever-server-d,S,0,23,241814723,449008990,1803,4,futex_do_wait
4924613353098813,3130642,qlever-server-d,S,0,0,1726251,2682512,64,7,futex_do_wait
4924613353098813,3130643,qlever-server-d,R,120,5,1254456906,136718615,631,6,0
4924613353098813,0,__system__,-,1024894230,7868009388,0,0,0,-1,-
4924613372386019,3128855,qlever-server-d,S,936,1591,25279315500,30777902,1912,1,futex_do_wait
4924613372386019,3128859,qlever-server-d,S,0,0,3594443,3868162,31,14,futex_do_wait
4924613372386019,3129400,qlever-server-d,R,1642,13,16554568522,273723607,749,13,0
4924613372386019,3129401,qlever-server-d,R,1640,13,16543927325,265633493,587,3,0
4924613372386019,3129402,qlever-server-d,R,1632,17,16500941162,318893532,1276,0,0
4924613372386019,3129403,qlever-server-d,R,1641,15,16568833298,257434899,787,1,0
4924613372386019,3129404,qlever-server-d,R,1655,14,16701556401,114083301,795,15,0
4924613372386019,3129405,qlever-server-d,R,1655,13,16690436767,127789395,715,10,0
4924613372386019,3129406,qlever-server-d,R,1634,15,16496539039,320307284,886,7,0
4924613372386019,3129407,qlever-server-d,R,1644,12,16574234274,254004646,677,14,0
4924613372386019,3129408,qlever-server-d,S,0,0,15360,0,1,13,futex_do_wait
4924613372386019,3129409,qlever-server-d,S,0,0,193821,0,6,12,ep_poll
4924613372386019,3129410,qlever-server-d,S,0,0,575900,20000,12,9,futex_do_wait
4924613372386019,3129411,qlever-server-d,S,2,21,237665695,496812755,1944,4,futex_do_wait
4924613372386019,3129412,qlever-server-d,S,1,19,203929667,442420781,1746,4,futex_do_wait
4924613372386019,3129413,qlever-server-d,S,1,19,205924181,490973263,1868,4,futex_do_wait
4924613372386019,3129414,qlever-server-d,S,0,26,271465547,487579787,1996,4,futex_do_wait
4924613372386019,3129415,qlever-server-d,S,1,18,199513294,475249760,1919,4,futex_do_wait
4924613372386019,3129416,qlever-server-d,S,1,16,175066485,450082537,1723,2,ep_poll
4924613372386019,3129417,qlever-server-d,S,1,19,212694321,459583770,1824,4,futex_do_wait
4924613372386019,3129418,qlever-server-d,S,0,23,241814723,449008990,1803,4,futex_do_wait
4924613372386019,3130642,qlever-server-d,S,0,0,1726251,2682512,64,7,futex_do_wait
4924613372386019,3130643,qlever-server-d,R,121,5,1272592397,137584025,633,6,0
4924613372386019,0,__system__,-,1024894257,7868009418,0,0,0,-1,-
4924613392323971,3128855,qlever-server-d,S,936,1591,25279315500,30777902,1912,1,futex_do_wait
4924613392323971,3128859,qlever-server-d,S,0,0,3594443,3868162,31,14,futex_do_wait
4924613392323971,3129400,qlever-server-d,R,1644,13,16574568683,273723607,749,13,0
4924613392323971,3129401,qlever-server-d,R,1642,13,16562705915,266854704,589,3,0
4924613392323971,3129402,qlever-server-d,R,1634,17,16520942403,318893532,1276,0,0
4924613392323971,3129403,qlever-server-d,R,1643,15,16589548590,257434899,787,1,0
4924613392323971,3129404,qlever-server-d,R,1657,14,16721556722,114083301,795,15,0
4924613392323971,3129405,qlever-server-d,R,1657,13,16710437368,127789395,715,10,0
4924613392323971,3129406,qlever-server-d,R,1636,15,16515871340,320975504,889,7,0
4924613392323971,3129407,qlever-server-d,R,1646,12,16593684585,254004646,677,14,0
4924613392323971,3129408,qlever-server-d,S,0,0,15360,0,1,13,futex_do_wait
4924613392323971,3129409,qlever-server-d,S,0,0,193821,0,6,12,ep_poll
4924613392323971,3129410,qlever-server-d,S,0,0,575900,20000,12,9,futex_do_wait
4924613392323971,3129411,qlever-server-d,S,2,21,237695305,498549886,1946,6,futex_do_wait
4924613392323971,3129412,qlever-server-d,S,1,19,205393658,443470792,1749,6,futex_do_wait
4924613392323971,3129413,qlever-server-d,S,1,19,205958901,492942534,1870,6,futex_do_wait
4924613392323971,3129414,qlever-server-d,S,0,26,272099707,490593619,1999,6,futex_do_wait
4924613392323971,3129415,qlever-server-d,S,1,18,199552824,476061910,1921,4,futex_do_wait
4924613392323971,3129416,qlever-server-d,S,1,16,175066485,450082537,1723,2,ep_poll
4924613392323971,3129417,qlever-server-d,S,1,19,212729471,460624580,1826,4,futex_do_wait
4924613392323971,3129418,qlever-server-d,S,0,23,241844723,449638600,1805,4,futex_do_wait
4924613392323971,3130642,qlever-server-d,S,0,0,1754751,2702102,65,7,futex_do_wait
4924613392323971,3130643,qlever-server-d,R,123,5,1290410847,139766146,636,6,0
4924613392323971,0,__system__,-,1024894286,7868009449,0,0,0,-1,-
4924613412896608,3128855,qlever-server-d,S,936,1591,25279315500,30777902,1912,1,futex_do_wait
4924613412896608,3128859,qlever-server-d,S,0,0,3594443,3868162,31,14,futex_do_wait
4924613412896608,3129400,qlever-server-d,R,1646,13,16595523695,273751927,751,13,0
4924613412896608,3129401,qlever-server-d,R,1644,13,16582655506,267903855,592,3,0
4924613412896608,3129402,qlever-server-d,R,1636,17,16541941025,318893532,1276,0,0
4924613412896608,3129403,qlever-server-d,R,1645,15,16608948551,258319729,789,1,0
4924613412896608,3129404,qlever-server-d,R,1659,14,16742556484,114083301,795,15,0
4924613412896608,3129405,qlever-server-d,R,1659,13,16731436020,127789395,715,10,0
4924613412896608,3129406,qlever-server-d,R,1638,15,16536820222,321026334,890,7,0
4924613412896608,3129407,qlever-server-d,R,1648,12,16614161356,254077796,683,14,0
4924613412896608,3129408,qlever-server-d,S,0,0,15360,0,1,13,futex_do_wait
4924613412896608,3129409,qlever-server-d,S,0,0,193821,0,6,12,ep_poll
4924613412896608,3129410,qlever-server-d,S,0,0,575900,20000,12,9,futex_do_wait
4924613412896608,3129411,qlever-server-d,S,2,21,237722865,498557156,1948,6,futex_do_wait
4924613412896608,3129412,qlever-server-d,S,1,19,205710098,447219834,1752,11,futex_do_wait
4924613412896608,3129413,qlever-server-d,S,1,19,205985681,492949734,1872,6,futex_do_wait
4924613412896608,3129414,qlever-server-d,S,0,26,272144957,490608499,2002,6,futex_do_wait
4924613412896608,3129415,qlever-server-d,S,1,18,199588214,476069830,1923,11,futex_do_wait
4924613412896608,3129416,qlever-server-d,S,1,16,175066485,450082537,1723,2,ep_poll
4924613412896608,3129417,qlever-server-d,S,1,19,212778701,460636820,1829,6,futex_do_wait
4924613412896608,3129418,qlever-server-d,S,0,23,243680794,449692580,1808,11,futex_do_wait
4924613412896608,3130642,qlever-server-d,S,0,0,1754751,2702102,65,7,futex_do_wait
4924613412896608,3130643,qlever-server-d,R,125,5,1310939719,140237586,648,6,0
4924613412896608,0,__system__,-,1024894317,7868009483,0,0,0,-1,-
4924613432323703,3128855,qlever-server-d,S,936,1591,25279315500,30777902,1912,1,futex_do_wait
4924613432323703,3128859,qlever-server-d,S,0,0,3594443,3868162,31,14,futex_do_wait
4924613432323703,3129400,qlever-server-d,R,1648,13,16614501016,273775967,752,13,0
4924613432323703,3129401,qlever-server-d,R,1646,13,16600705197,268851185,599,11,0
4924613432323703,3129402,qlever-server-d,R,1638,17,16560942326,318893532,1276,0,0
4924613432323703,3129403,qlever-server-d,R,1646,15,16627949472,258319729,789,1,0
4924613432323703,3129404,qlever-server-d,R,1661,14,16761528525,114113021,796,15,0
4924613432323703,3129405,qlever-server-d,R,1661,13,16750437001,127789395,715,10,0
4924613432323703,3129406,qlever-server-d,R,1640,15,16555778303,321070124,892,7,0
4924613432323703,3129407,qlever-server-d,R,1650,12,16633107887,254132416,687,14,0
4924613432323703,3129408,qlever-server-d,S,0,0,15360,0,1,13,futex_do_wait
4924613432323703,3129409,qlever-server-d,S,0,0,193821,0,6,12,ep_poll
4924613432323703,3129410,qlever-server-d,S,0,0,575900,20000,12,9,futex_do_wait
4924613432323703,3129411,qlever-server-d,S,2,21,237750685,498565696,1950,6,futex_do_wait
4924613432323703,3129412,qlever-server-d,S,1,19,207168359,447225314,1754,11,futex_do_wait
4924613432323703,3129413,qlever-server-d,S,1,19,206043971,492967684,1875,6,futex_do_wait
4924613432323703,3129414,qlever-server-d,S,0,26,272172367,490627269,2004,6,futex_do_wait
4924613432323703,3129415,qlever-server-d,S,1,18,199631504,476250010,1925,11,futex_do_wait
4924613432323703,3129416,qlever-server-d,S,1,16,175066485,450082537,1723,2,ep_poll
4924613432323703,3129417,qlever-server-d,S,1,19,212808311,460649280,1831,6,futex_do_wait
4924613432323703,3129418,qlever-server-d,S,0,23,244758544,450991581,1811,11,futex_do_wait
4924613432323703,3130642,qlever-server-d,S,0,0,1754751,2702102,65,7,futex_do_wait
4924613432323703,3130643,qlever-server-d,R,127,5,1329797159,140380716,656,6,0
4924613432323703,0,__system__,-,1024894344,7868009513,0,0,0,-1,-
4924613452331744,3128855,qlever-server-d,S,936,1591,25279315500,30777902,1912,1,futex_do_wait
4924613452331744,3128859,qlever-server-d,S,0,0,3594443,3868162,31,14,futex_do_wait
4924613452331744,3129400,qlever-server-d,R,1650,13,16634473567,273803477,753,13,0
4924613452331744,3129401,qlever-server-d,R,1648,13,16620704558,268851185,599,11,0
4924613452331744,3129402,qlever-server-d,R,1640,17,16581643997,318893532,1276,0,0
4924613452331744,3129403,qlever-server-d,R,1648,15,16647948573,258319729,789,1,0
4924613452331744,3129404,qlever-server-d,R,1663,14,16781527836,114113021,796,15,0
4924613452331744,3129405,qlever-server-d,R,1663,13,16770436642,127789395,715,10,0
4924613452331744,3129406,qlever-server-d,R,1642,15,16575724404,321123584,894,7,0
4924613452331744,3129407,qlever-server-d,R,1652,12,16653826148,254172396,690,14,0
4924613452331744,3129408,qlever-server-d,S,0,0,15360,0,1,13,futex_do_wait
4924613452331744,3129409,qlever-server-d,S,0,0,193821,0,6,12,ep_poll
4924613452331744,3129410,qlever-server-d,S,0,0,575900,20000,12,9,futex_do_wait
4924613452331744,3129411,qlever-server-d,S,2,21,238473156,499068686,1955,6,futex_do_wait
4924613452331744,3129412,qlever-server-d,S,1,19,207742779,449324396,1758,6,futex_do_wait
4924613452331744,3129413,qlever-server-d,S,1,19,206067641,492973384,1877,6,futex_do_wait
4924613452331744,3129414,qlever-server-d,S,0,26,272929667,492487680,2007,6,futex_do_wait
4924613452331744,3129415,qlever-server-d,S,1,18,199675034,476913041,1928,6,futex_do_wait
4924613452331744,3129416,qlever-server-d,S,1,16,175066485,450082537,1723,2,ep_poll
4924613452331744,3129417,qlever-server-d,S,1,19,213338571,461400571,1835,6,futex_do_wait
4924613452331744,3129418,qlever-server-d,S,0,23,244797064,451497282,1814,6,futex_do_wait
4924613452331744,3130642,qlever-server-d,S,0,0,1778511,2708962,66,7,futex_do_wait
4924613452331744,3130643,qlever-server-d,R,129,5,1347106699,143070887,658,6,0
4924613452331744,0,__system__,-,1024894373,7868009545,0,0,0,-1,-
4924613472336205,3128855,qlever-server-d,S,936,1591,25279315500,30777902,1912,1,futex_do_wait
4924613472336205,3128859,qlever-server-d,S,0,0,3594443,3868162,31,14,futex_do_wait
4924613472336205,3129400,qlever-server-d,R,1651,13,16653308728,274969237,755,13,0
4924613472336205,3129401,qlever-server-d,R,1650,13,16640667019,268889725,600,11,0
4924613472336205,3129402,qlever-server-d,R,1642,17,16600942438,318893532,1276,0,0
4924613472336205,3129403,qlever-server-d,R,1650,15,16667949794,258319729,789,1,0
4924613472336205,3129404,qlever-server-d,R,1665,14,16801470527,114169861,798,15,0
4924613472336205,3129405,qlever-server-d,R,1665,13,16790437293,127789395,715,10,0
4924613472336205,3129406,qlever-server-d,R,1644,15,16595695455,321152034,895,7,0
4924613472336205,3129407,qlever-server-d,R,1654,12,16673064159,254202756,692,14,0
4924613472336205,3129408,qlever-server-d,S,0,0,15360,0,1,13,futex_do_wait
4924613472336205,3129409,qlever-server-d,S,0,0,193821,0,6,12,ep_poll
4924613472336205,3129410,qlever-server-d,S,0,0,575900,20000,12,9,futex_do_wait
4924613472336205,3129411,qlever-server-d,S,2,21,238819016,499637597,1958,6,futex_do_wait
4924613472336205,3129412,qlever-server-d,S,1,19,207795169,449584237,1762,6,futex_do_wait
4924613472336205,3129413,qlever-server-d,S,1,19,206102751,494157434,1879,6,futex_do_wait
4924613472336205,3129414,qlever-server-d,S,0,26,274340319,496030761,2013,6,futex_do_wait
4924613472336205,3129415,qlever-server-d,S,1,19,200510934,477256681,1932,6,futex_do_wait
4924613472336205,3129416,qlever-server-d,S,1,16,175066485,450082537,1723,2,ep_poll
4924613472336205,3129417,qlever-server-d,S,1,19,213363611,462431812,1837,6,futex_do_wait
4924613472336205,3129418,qlever-server-d,S,0,23,244839514,452819033,1817,6,futex_do_wait
4924613472336205,3130642,qlever-server-d,S,0,0,1778511,2708962,66,7,futex_do_wait
4924613472336205,3130643,qlever-server-d,R,131,5,1364360178,145818289,662,6,0
4924613472336205,0,__system__,-,1024894401,7868009577,0,0,0,-1,-
4924613492338276,3128855,qlever-server-d,S,936,1591,25279315500,30777902,1912,1,futex_do_wait
4924613492338276,3128859,qlever-server-d,S,0,0,3594443,3868162,31,14,futex_do_wait
4924613492338276,3129400,qlever-server-d,R,1653,13,16673307299,274969237,755,13,0
4924613492338276,3129401,qlever-server-d,R,1652,13,16660666880,268889725,600,11,0
4924613492338276,3129402,qlever-server-d,R,1644,17,16620910139,318925932,1277,0,0
4924613492338276,3129403,qlever-server-d,R,1652,15,16687949215,258319729,789,1,0
4924613492338276,3129404,qlever-server-d,R,1667,14,16821412178,114228601,800,15,0
4924613492338276,3129405,qlever-server-d,R,1667,13,16810437434,127789395,715,10,0
4924613492338276,3129406,qlever-server-d,R,1646,15,16615634585,321213235,897,7,0
4924613492338276,3129407,qlever-server-d,R,1656,12,16692957550,254282256,698,14,0
4924613492338276,3129408,qlever-server-d,S,0,0,15360,0,1,13,futex_do_wait
4924613492338276,3129409,qlever-server-d,S,0,0,193821,0,6,12,ep_poll
4924613492338276,3129410,qlever-server-d,S,0,0,575900,20000,12,9,futex_do_wait
4924613492338276,3129411,qlever-server-d,S,2,21,239208776,499921847,1963,6,futex_do_wait
4924613492338276,3129412,qlever-server-d,S,1,19,207817819,450908438,1764,6,futex_do_wait
4924613492338276,3129413,qlever-server-d,S,1,19,207718712,497925017,1884,6,futex_do_wait
4924613492338276,3129414,qlever-server-d,S,0,26,274363259,496931011,2015,6,futex_do_wait
4924613492338276,3129415,qlever-server-d,S,1,19,200542994,477984241,1934,6,futex_do_wait
4924613492338276,3129416,qlever-server-d,S,1,16,175066485,450082537,1723,2,ep_poll
4924613492338276,3129417,qlever-server-d,S,1,19,213744682,462845072,1840,6,futex_do_wait
4924613492338276,3129418,qlever-server-d,S,0,23,244866124,453195024,1819,6,futex_do_wait
4924613492338276,3130642,qlever-server-d,S,0,0,1808612,2716442,67,7,futex_do_wait
4924613492338276,3130643,qlever-server-d,R,132,5,1381868317,148309341,666,6,0
4924613492338276,0,__system__,-,1024894430,7868009609,0,0,0,-1,-
4924613512330037,3128855,qlever-server-d,S,936,1591,25279315500,30777902,1912,1,futex_do_wait
4924613512330037,3128859,qlever-server-d,S,0,0,3594443,3868162,31,14,futex_do_wait
4924613512330037,3129400,qlever-server-d,R,1655,13,16693375340,274969237,755,13,0
4924613512330037,3129401,qlever-server-d,R,1654,13,16680667231,268889725,600,11,0
4924613512330037,3129402,qlever-server-d,R,1646,17,16640909530,318925932,1277,0,0
4924613512330037,3129403,qlever-server-d,R,1654,15,16707949966,258319729,789,1,0
4924613512330037,3129404,qlever-server-d,R,1669,14,16841360449,114280171,802,15,0
4924613512330037,3129405,qlever-server-d,R,1669,13,16830443005,127800675,716,10,0
4924613512330037,3129406,qlever-server-d,R,1648,15,16635518206,321342825,898,7,0
4924613512330037,3129407,qlever-server-d,R,1658,12,16712989321,254356846,703,14,0
4924613512330037,3129408,qlever-server-d,S,0,0,15360,0,1,13,futex_do_wait
4924613512330037,3129409,qlever-server-d,S,0,0,193821,0,6,12,ep_poll
4924613512330037,3129410,qlever-server-d,S,0,0,575900,20000,12,9,futex_do_wait
4924613512330037,3129411,qlever-server-d,S,2,21,239274166,500114147,1967,6,futex_do_wait
4924613512330037,3129412,qlever-server-d,S,1,19,208221229,451278718,1767,6,futex_do_wait
4924613512330037,3129413,qlever-server-d,S,1,19,207747392,498562578,1886,6,futex_do_wait
4924613512330037,3129414,qlever-server-d,S,0,26,274400229,497507521,2018,6,futex_do_wait
4924613512330037,3129415,qlever-server-d,S,1,19,202302595,481148733,1944,6,futex_do_wait
4924613512330037,3129416,qlever-server-d,S,1,16,175066485,450082537,1723,2,ep_poll
4924613512330037,3129417,qlever-server-d,S,1,19,214052952,463999203,1844,6,futex_do_wait
4924613512330037,3129418,qlever-server-d,S,0,23,244903504,453595204,1822,6,futex_do_wait
4924613512330037,3130642,qlever-server-d,S,0,0,1808612,2716442,67,7,futex_do_wait
4924613512330037,3130643,qlever-server-d,R,134,5,1399229068,150949042,671,6,0
4924613512330037,0,__system__,-,1024894459,7868009640,0,0,0,-1,-
4924613533079232,3128855,qlever-server-d,S,936,1591,25279315500,30777902,1912,1,futex_do_wait
4924613533079232,3128859,qlever-server-d,S,0,0,3594443,3868162,31,14,futex_do_wait
4924613533079232,3129400,qlever-server-d,R,1657,13,16714277372,275000077,756,13,0
4924613533079232,3129401,qlever-server-d,R,1656,13,16701666503,268889725,600,11,0
4924613533079232,3129402,qlever-server-d,R,1648,17,16661909352,318925932,1277,0,0
4924613533079232,3129403,qlever-server-d,R,1657,15,16728951168,258319729,789,1,0
4924613533079232,3129404,qlever-server-d,R,1671,14,16862304271,114338401,804,15,0
4924613533079232,3129405,qlever-server-d,R,1671,13,16851425377,127800675,716,10,0
4924613533079232,3129406,qlever-server-d,R,1650,15,16656373658,321473995,901,7,0
4924613533079232,3129407,qlever-server-d,R,1660,12,16733798973,254442456,709,14,0
4924613533079232,3129408,qlever-server-d,S,0,0,15360,0,1,13,futex_do_wait
4924613533079232,3129409,qlever-server-d,S,0,0,193821,0,6,12,ep_poll
4924613533079232,3129410,qlever-server-d,S,0,0,575900,20000,12,9,futex_do_wait
4924613533079232,3129411,qlever-server-d,S,2,21,239274166,500114147,1967,6,futex_do_wait
4924613533079232,3129412,qlever-server-d,R,1,19,208520389,451282928,1768,6,0
4924613533079232,3129413,qlever-server-d,S,1,19,207771042,498566898,1887,6,futex_do_wait
4924613533079232,3129414,qlever-server-d,S,0,26,274400229,497507521,2018,6,futex_do_wait
4924613533079232,3129415,qlever-server-d,S,1,19,202302595,481148733,1944,6,futex_do_wait
4924613533079232,3129416,qlever-server-d,S,1,16,175066485,450082537,1723,2,ep_poll
4924613533079232,3129417,qlever-server-d,S,1,19,214052952,463999203,1844,6,futex_do_wait
4924613533079232,3129418,qlever-server-d,S,0,23,244903504,453595204,1822,6,futex_do_wait
4924613533079232,3130642,qlever-server-d,S,0,0,1808612,2716442,67,7,futex_do_wait
4924613533079232,3130643,qlever-server-d,R,136,5,1419905899,151271852,672,6,0
4924613533079232,0,__system__,-,1024894490,7868009674,0,0,0,-1,-
4924613552332999,3128855,qlever-server-d,S,936,1591,25279315500,30777902,1912,1,futex_do_wait
4924613552332999,3128859,qlever-server-d,S,0,0,3594443,3868162,31,14,futex_do_wait
4924613552332999,3129400,qlever-server-d,R,1659,13,16733277052,275000077,756,13,0
4924613552332999,3129401,qlever-server-d,R,1658,13,16720667523,268889725,600,11,0
4924613552332999,3129402,qlever-server-d,R,1650,17,16680909522,318925932,1277,0,0
4924613552332999,3129403,qlever-server-d,R,1658,15,16747950388,258319729,789,1,0
4924613552332999,3129404,qlever-server-d,R,1673,14,16882049842,114395821,805,15,0
4924613552332999,3129405,qlever-server-d,R,1673,13,16870426067,127800675,716,10,0
4924613552332999,3129406,qlever-server-d,R,1652,15,16675272948,321575625,905,7,0
4924613552332999,3129407,qlever-server-d,R,1662,12,16752750233,254490246,713,14,0
4924613552332999,3129408,qlever-server-d,S,0,0,15360,0,1,13,futex_do_wait
4924613552332999,3129409,qlever-server-d,S,0,0,193821,0,6,12,ep_poll
4924613552332999,3129410,qlever-server-d,S,0,0,575900,20000,12,9,futex_do_wait
4924613552332999,3129411,qlever-server-d,S,2,21,239286296,501965408,1968,6,futex_do_wait
4924613552332999,3129412,qlever-server-d,S,1,19,210641930,454808580,1770,6,futex_do_wait
4924613552332999,3129413,qlever-server-d,S,1,19,207782992,499662479,1888,6,futex_do_wait
4924613552332999,3129414,qlever-server-d,S,0,26,274412669,499329452,2019,6,futex_do_wait
4924613552332999,3129415,qlever-server-d,S,1,19,202314695,482513164,1945,6,futex_do_wait
4924613552332999,3129416,qlever-server-d,S,1,16,175066485,450082537,1723,2,ep_poll
4924613552332999,3129417,qlever-server-d,S,1,19,214088692,465157743,1846,6,futex_do_wait
4924613552332999,3129418,qlever-server-d,S,0,23,244922484,455150645,1823,6,futex_do_wait
4924613552332999,3130642,qlever-server-d,S,0,0,1840452,2723202,68,7,futex_do_wait
4924613552332999,3130643,qlever-server-d,R,138,5,1436692539,153496733,673,6,0
4924613552332999,0,__system__,-,1024894517,7868009704,0,0,0,-1,-
4924613572416519,3128855,qlever-server-d,S,936,1591,25279315500,30777902,1912,1,futex_do_wait
4924613572416519,3128859,qlever-server-d,S,0,0,3594443,3868162,31,14,futex_do_wait
4924613572416519,3129400,qlever-server-d,R,1661,13,16752557563,275719327,757,13,0
4924613572416519,3129401,qlever-server-d,R,1660,13,16740667344,268889725,600,11,0
4924613572416519,3129402,qlever-server-d,R,1652,17,16700910113,318925932,1277,0,0
4924613572416519,3129403,qlever-server-d,R,1660,15,16767950709,258319729,789,1,0
4924613572416519,3129404,qlever-server-d,R,1675,14,16901182322,114459471,807,15,0
4924613572416519,3129405,qlever-server-d,R,1675,13,16890426108,127800675,716,10,0
4924613572416519,3129406,qlever-server-d,R,1654,15,16695217879,321631465,907,7,0
4924613572416519,3129407,qlever-server-d,R,1664,12,16773757195,254505736,714,14,0
4924613572416519,3129408,qlever-server-d,S,0,0,15360,0,1,13,futex_do_wait
4924613572416519,3129409,qlever-server-d,S,0,0,193821,0,6,12,ep_poll
4924613572416519,3129410,qlever-server-d,S,0,0,575900,20000,12,9,futex_do_wait
4924613572416519,3129411,qlever-server-d,S,2,21,239687486,502345748,1972,6,futex_do_wait
4924613572416519,3129412,qlever-server-d,S,1,20,211684010,458792863,1776,6,futex_do_wait
4924613572416519,3129413,qlever-server-d,S,1,19,207824822,500468050,1892,6,futex_do_wait
4924613572416519,3129414,qlever-server-d,S,0,26,274460030,499550142,2023,6,futex_do_wait
4924613572416519,3129415,qlever-server-d,S,1,19,202376625,483120094,1949,2,ep_poll
4924613572416519,3129416,qlever-server-d,S,1,16,175199895,450101857,1725,2,futex_do_wait
4924613572416519,3129417,qlever-server-d,S,1,19,215457623,466493904,1854,6,futex_do_wait
4924613572416519,3129418,qlever-server-d,S,0,23,244972884,455734085,1827,6,futex_do_wait
4924613572416519,3130642,qlever-server-d,S,0,0,1840452,2723202,68,7,futex_do_wait
4924613572416519,3130643,qlever-server-d,R,139,5,1453687148,156491135,675,6,0
4924613572416519,0,__system__,-,1024894546,7868009737,0,0,0,-1,-
4924613593192265,3128855,qlever-server-d,S,936,1591,25279315500,30777902,1912,1,futex_do_wait
4924613593192265,3128859,qlever-server-d,S,0,0,3594443,3868162,31,14,futex_do_wait
4924613593192265,3129400,qlever-server-d,R,1663,13,16773492085,275785657,758,13,0
4924613593192265,3129401,qlever-server-d,R,1662,13,16761666906,268889725,600,11,0
4924613593192265,3129402,qlever-server-d,R,1654,17,16721909935,318925932,1277,0,0
4924613593192265,3129403,qlever-server-d,R,1663,15,16788933361,258337339,790,1,0
4924613593192265,3129404,qlever-server-d,R,1677,14,16922155324,114486341,808,15,0
4924613593192265,3129405,qlever-server-d,R,1677,13,16911425820,127800675,716,10,0
4924613593192265,3129406,qlever-server-d,R,1656,15,16716191021,321658525,908,7,0
4924613593192265,3129407,qlever-server-d,R,1666,12,16793721986,254519406,715,14,0
4924613593192265,3129408,qlever-server-d,S,0,0,15360,0,1,13,futex_do_wait
4924613593192265,3129409,qlever-server-d,S,0,0,193821,0,6,12,ep_poll
4924613593192265,3129410,qlever-server-d,S,0,0,575900,20000,12,9,futex_do_wait
4924613593192265,3129411,qlever-server-d,S,2,21,239726877,503517359,1975,2,futex_do_wait
4924613593192265,3129412,qlever-server-d,S,1,20,211741510,459572364,1779,2,futex_do_wait
4924613593192265,3129413,qlever-server-d,S,1,19,208654662,500744470,1895,2,futex_do_wait
4924613593192265,3129414,qlever-server-d,S,0,26,275686941,500461003,2028,2,futex_do_wait
4924613593192265,3129415,qlever-server-d,S,1,19,202376625,483120094,1949,2,ep_poll
4924613593192265,3129416,qlever-server-d,S,1,16,175634195,452309549,1728,2,futex_do_wait
4924613593192265,3129417,qlever-server-d,S,1,19,215479313,467291285,1856,2,futex_do_wait
4924613593192265,3129418,qlever-server-d,S,0,23,245005244,455748245,1830,2,futex_do_wait
4924613593192265,3130642,qlever-server-d,S,0,0,1867512,2731872,69,7,futex_do_wait
4924613593192265,3130643,qlever-server-d,R,142,5,1474687540,156491135,675,6,0
4924613593192265,0,__system__,-,1024894576,7868009770,0,0,0,-1,-
4924613612341702,3128855,qlever-server-d,S,936,1591,25279315500,30777902,1912,1,futex_do_wait
4924613612341702,3128859,qlever-server-d,S,0,0,3594443,3868162,31,14,futex_do_wait
4924613612341702,3129400,qlever-server-d,R,1665,13,16792456176,275821437,759,13,0
4924613612341702,3129401,qlever-server-d,R,1664,13,16780667447,268889725,600,11,0
4924613612341702,3129402,qlever-server-d,R,1656,17,16740911106,318925932,1277,0,0
4924613612341702,3129403,qlever-server-d,R,1665,15,16808375062,258337339,790,1,0
4924613612341702,3129404,qlever-server-d,R,1679,14,16941155355,114486341,808,15,0
4924613612341702,3129405,qlever-server-d,R,1679,13,16930427011,127800675,716,10,0
4924613612341702,3129406,qlever-server-d,R,1658,15,16735149692,321700935,909,7,0
4924613612341702,3129407,qlever-server-d,R,1668,12,16812708197,254532426,716,14,0
4924613612341702,3129408,qlever-server-d,S,0,0,15360,0,1,13,futex_do_wait
4924613612341702,3129409,qlever-server-d,S,0,0,193821,0,6,12,ep_poll
4924613612341702,3129410,qlever-server-d,S,0,0,575900,20000,12,9,futex_do_wait
4924613612341702,3129411,qlever-server-d,S,2,21,239756197,503522969,1977,2,futex_do_wait
4924613612341702,3129412,qlever-server-d,S,1,20,212331000,460096564,1782,9,futex_do_wait
4924613612341702,3129413,qlever-server-d,S,1,19,209123582,501659000,1899,2,futex_do_wait
4924613612341702,3129414,qlever-server-d,S,0,26,276861022,500474983,2030,2,futex_do_wait
4924613612341702,3129415,qlever-server-d,S,1,19,202376625,483120094,1949,2,ep_poll
4924613612341702,3129416,qlever-server-d,S,1,16,175665075,452559009,1730,2,futex_do_wait
4924613612341702,3129417,qlever-server-d,S,1,19,215554763,467327785,1859,2,futex_do_wait
4924613612341702,3129418,qlever-server-d,S,0,23,245042504,455762805,1832,9,futex_do_wait
4924613612341702,3130642,qlever-server-d,S,0,0,1867512,2731872,69,7,futex_do_wait
4924613612341702,3130643,qlever-server-d,R,143,5,1492415808,157762527,677,6,0
4924613612341702,0,__system__,-,1024894603,7868009800,0,0,0,-1,-
4924613632566681,3128855,qlever-server-d,S,936,1591,25279315500,30777902,1912,1,futex_do_wait
4924613632566681,3128859,qlever-server-d,S,0,0,3594443,3868162,31,14,futex_do_wait
4924613632566681,3129400,qlever-server-d,R,1667,13,16812455197,275821437,759,13,0
4924613632566681,3129401,qlever-server-d,R,1666,13,16800666848,268889725,600,11,0
4924613632566681,3129402,qlever-server-d,R,1658,17,16760910007,318925932,1277,0,0
4924613632566681,3129403,qlever-server-d,R,1667,15,16828932663,258337339,790,1,0
4924613632566681,3129404,qlever-server-d,R,1681,14,16962155266,114486341,808,15,0
4924613632566681,3129405,qlever-server-d,R,1681,13,16951426392,127800675,716,10,0
4924613632566681,3129406,qlever-server-d,R,1660,15,16756118243,321729685,910,7,0
4924613632566681,3129407,qlever-server-d,R,1670,12,16833668488,254591836,720,14,0
4924613632566681,3129408,qlever-server-d,S,0,0,15360,0,1,13,futex_do_wait
4924613632566681,3129409,qlever-server-d,S,0,0,193821,0,6,12,ep_poll
4924613632566681,3129410,qlever-server-d,S,0,0,575900,20000,12,9,futex_do_wait
4924613632566681,3129411,qlever-server-d,S,2,21,241474588,503606989,1979,2,futex_do_wait
4924613632566681,3129412,qlever-server-d,S,1,20,212371530,461568296,1784,2,futex_do_wait
4924613632566681,3129413,qlever-server-d,S,1,19,209143592,503154291,1900,2,futex_do_wait
4924613632566681,3129414,qlever-server-d,S,0,26,277457702,502296034,2033,2,futex_do_wait
4924613632566681,3129415,qlever-server-d,S,1,19,202455175,483130604,1951,2,futex_do_wait
4924613632566681,3129416,qlever-server-d,S,1,16,175678995,453913320,1731,2,futex_do_wait
4924613632566681,3129417,qlever-server-d,S,1,19,215568003,468523536,1860,2,futex_do_wait
4924613632566681,3129418,qlever-server-d,S,0,23,245068724,458470306,1833,2,ep_poll
4924613632566681,3130642,qlever-server-d,S,0,0,1867512,2731872,69,7,futex_do_wait
4924613632566681,3130643,qlever-server-d,R,145,5,1512386969,157790977,678,6,0
4924613632566681,0,__system__,-,1024894633,7868009833,0,0,0,-1,-
4924613652633202,3128855,qlever-server-d,S,936,1591,25279315500,30777902,1912,1,futex_do_wait
4924613652633202,3128859,qlever-server-d,S,0,0,3594443,3868162,31,14,futex_do_wait
4924613652633202,3129400,qlever-server-d,S,1669,13,16826331014,276613148,761,13,futex_do_wait
4924613652633202,3129401,qlever-server-d,S,1667,13,16814697806,268889725,600,11,futex_do_wait
4924613652633202,3129402,qlever-server-d,R,1660,17,16781850498,318982732,1279,3,0
4924613652633202,3129403,qlever-server-d,R,1668,15,16847921603,259348840,792,1,0
4924613652633202,3129404,qlever-server-d,R,1683,14,16982155367,114486341,808,15,0
4924613652633202,3129405,qlever-server-d,S,1682,13,16964481730,127800675,716,10,futex_do_wait
4924613652633202,3129406,qlever-server-d,R,1662,15,16776094404,321753275,911,7,0
4924613652633202,3129407,qlever-server-d,S,1671,12,16846734536,254649246,724,14,futex_do_wait
4924613652633202,3129408,qlever-server-d,S,0,0,15360,0,1,13,futex_do_wait
4924613652633202,3129409,qlever-server-d,S,0,0,193821,0,6,12,ep_poll
4924613652633202,3129410,qlever-server-d,S,0,0,575900,20000,12,9,futex_do_wait
4924613652633202,3129411,qlever-server-d,S,2,21,241517738,503606989,1980,10,futex_do_wait
4924613652633202,3129412,qlever-server-d,S,1,20,212434180,461568296,1786,10,futex_do_wait
4924613652633202,3129413,qlever-server-d,S,1,19,209233942,503154291,1902,10,futex_do_wait
4924613652633202,3129414,qlever-server-d,S,0,26,277515342,502296034,2035,10,futex_do_wait
4924613652633202,3129415,qlever-server-d,S,1,19,204277506,483147164,1953,2,futex_do_wait
4924613652633202,3129416,qlever-server-d,S,1,16,175741875,453913320,1733,10,futex_do_wait
4924613652633202,3129417,qlever-server-d,S,1,19,215627703,468529096,1862,10,futex_do_wait
4924613652633202,3129418,qlever-server-d,S,0,23,245068724,458470306,1833,2,ep_poll
4924613652633202,3130642,qlever-server-d,S,0,0,1891102,2738662,70,7,futex_do_wait
4924613652633202,3130643,qlever-server-d,S,147,5,1531217120,157790977,678,6,futex_do_wait
4924613652633202,0,__system__,-,1024894661,7868009866,0,0,0,-1,-
4924613672299415,3128855,qlever-server-d,S,936,1591,25279315500,30777902,1912,1,futex_do_wait
4924613672299415,3128859,qlever-server-d,S,0,0,3594443,3868162,31,14,futex_do_wait
4924613672299415,3129400,qlever-server-d,S,1669,13,16826331014,276613148,761,13,futex_do_wait
4924613672299415,3129401,qlever-server-d,S,1667,13,16814697806,268889725,600,11,futex_do_wait
4924613672299415,3129402,qlever-server-d,S,1661,17,16789689543,319142072,1281,11,futex_do_wait
4924613672299415,3129403,qlever-server-d,S,1669,15,16849856034,259348840,792,1,futex_do_wait
4924613672299415,3129404,qlever-server-d,S,1683,14,16986788470,114503981,810,11,futex_do_wait
4924613672299415,3129405,qlever-server-d,S,1682,13,16964481730,127800675,716,10,futex_do_wait
4924613672299415,3129406,qlever-server-d,S,1662,15,16778325616,321753275,911,7,futex_do_wait
4924613672299415,3129407,qlever-server-d,S,1671,12,16846734536,254649246,724,14,futex_do_wait
4924613672299415,3129408,qlever-server-d,S,0,0,15360,0,1,13,futex_do_wait
4924613672299415,3129409,qlever-server-d,S,0,0,273001,0,7,12,ep_poll
4924613672299415,3129410,qlever-server-d,S,0,0,611590,20000,13,9,futex_do_wait
4924613672299415,3129411,qlever-server-d,S,2,21,241568518,503606989,1982,0,futex_do_wait
4924613672299415,3129412,qlever-server-d,S,1,20,212467920,461568296,1788,11,futex_do_wait
4924613672299415,3129413,qlever-server-d,S,1,19,209272712,503154291,1904,2,futex_do_wait
4924613672299415,3129414,qlever-server-d,S,0,26,277531562,502296034,2036,11,futex_do_wait
4924613672299415,3129415,qlever-server-d,S,1,19,205529136,483147164,1960,3,futex_do_wait
4924613672299415,3129416,qlever-server-d,S,1,16,175767225,453931580,1735,2,futex_do_wait
4924613672299415,3129417,qlever-server-d,S,1,19,215638703,468529096,1863,11,futex_do_wait
4924613672299415,3129418,qlever-server-d,S,0,23,245094444,458470306,1835,2,ep_poll
4924613672299415,0,__system__,-,1024894674,7868009896,0,0,0,-1,-
4924613692292866,3128855,qlever-server-d,S,936,1591,25279315500,30777902,1912,1,futex_do_wait
4924613692292866,3128859,qlever-server-d,S,0,0,3594443,3868162,31,14,futex_do_wait
4924613692292866,3129400,qlever-server-d,S,1669,13,16826331014,276613148,761,13,futex_do_wait
4924613692292866,3129401,qlever-server-d,S,1667,13,16814697806,268889725,600,11,futex_do_wait
4924613692292866,3129402,qlever-server-d,S,1661,17,16789689543,319142072,1281,11,futex_do_wait
4924613692292866,3129403,qlever-server-d,S,1669,15,16849856034,259348840,792,1,futex_do_wait
4924613692292866,3129404,qlever-server-d,S,1683,14,16986788470,114503981,810,11,futex_do_wait
4924613692292866,3129405,qlever-server-d,S,1682,13,16964481730,127800675,716,10,futex_do_wait
4924613692292866,3129406,qlever-server-d,S,1662,15,16778325616,321753275,911,7,futex_do_wait
4924613692292866,3129407,qlever-server-d,S,1671,12,16846734536,254649246,724,14,futex_do_wait
4924613692292866,3129408,qlever-server-d,S,0,0,15360,0,1,13,futex_do_wait
4924613692292866,3129409,qlever-server-d,S,0,0,273001,0,7,12,ep_poll
4924613692292866,3129410,qlever-server-d,S,0,0,611590,20000,13,9,futex_do_wait
4924613692292866,3129411,qlever-server-d,S,2,21,241568518,503606989,1982,0,futex_do_wait
4924613692292866,3129412,qlever-server-d,S,1,20,212467920,461568296,1788,11,futex_do_wait
4924613692292866,3129413,qlever-server-d,S,1,19,209272712,503154291,1904,2,futex_do_wait
4924613692292866,3129414,qlever-server-d,S,0,26,277531562,502296034,2036,11,futex_do_wait
4924613692292866,3129415,qlever-server-d,S,1,19,205529136,483147164,1960,3,futex_do_wait
4924613692292866,3129416,qlever-server-d,S,1,16,175767225,453931580,1735,2,futex_do_wait
4924613692292866,3129417,qlever-server-d,S,1,19,215638703,468529096,1863,11,futex_do_wait
4924613692292866,3129418,qlever-server-d,S,0,23,245094444,458470306,1835,2,ep_poll
4924613692292866,0,__system__,-,1024894685,7868009927,0,0,0,-1,-
4924613712284877,3128855,qlever-server-d,S,936,1591,25279315500,30777902,1912,1,futex_do_wait
4924613712284877,3128859,qlever-server-d,S,0,0,3594443,3868162,31,14,futex_do_wait
4924613712284877,3129400,qlever-server-d,S,1669,13,16826331014,276613148,761,13,futex_do_wait
4924613712284877,3129401,qlever-server-d,S,1667,13,16814697806,268889725,600,11,futex_do_wait
4924613712284877,3129402,qlever-server-d,S,1661,17,16789689543,319142072,1281,11,futex_do_wait
4924613712284877,3129403,qlever-server-d,S,1669,15,16849856034,259348840,792,1,futex_do_wait
4924613712284877,3129404,qlever-server-d,S,1683,14,16986788470,114503981,810,11,futex_do_wait
4924613712284877,3129405,qlever-server-d,S,1682,13,16964481730,127800675,716,10,futex_do_wait
4924613712284877,3129406,qlever-server-d,S,1662,15,16778325616,321753275,911,7,futex_do_wait
4924613712284877,3129407,qlever-server-d,S,1671,12,16846734536,254649246,724,14,futex_do_wait
4924613712284877,3129408,qlever-server-d,S,0,0,15360,0,1,13,futex_do_wait
4924613712284877,3129409,qlever-server-d,S,0,0,273001,0,7,12,ep_poll
4924613712284877,3129410,qlever-server-d,S,0,0,611590,20000,13,9,futex_do_wait
4924613712284877,3129411,qlever-server-d,S,2,21,241568518,503606989,1982,0,futex_do_wait
4924613712284877,3129412,qlever-server-d,S,1,20,212467920,461568296,1788,11,futex_do_wait
4924613712284877,3129413,qlever-server-d,S,1,19,209272712,503154291,1904,2,futex_do_wait
4924613712284877,3129414,qlever-server-d,S,0,26,277531562,502296034,2036,11,futex_do_wait
4924613712284877,3129415,qlever-server-d,S,1,19,205529136,483147164,1960,3,futex_do_wait
4924613712284877,3129416,qlever-server-d,S,1,16,175767225,453931580,1735,2,futex_do_wait
4924613712284877,3129417,qlever-server-d,S,1,19,215638703,468529096,1863,11,futex_do_wait
4924613712284877,3129418,qlever-server-d,S,0,23,245094444,458470306,1835,2,ep_poll
4924613712284877,0,__system__,-,1024894695,7868009958,0,0,0,-1,-
4924613732287078,3128855,qlever-server-d,S,936,1591,25279315500,30777902,1912,1,futex_do_wait
4924613732287078,3128859,qlever-server-d,S,0,0,3594443,3868162,31,14,futex_do_wait
4924613732287078,3129400,qlever-server-d,S,1669,13,16826331014,276613148,761,13,futex_do_wait
4924613732287078,3129401,qlever-server-d,S,1667,13,16814697806,268889725,600,11,futex_do_wait
4924613732287078,3129402,qlever-server-d,S,1661,17,16789689543,319142072,1281,11,futex_do_wait
4924613732287078,3129403,qlever-server-d,S,1669,15,16849856034,259348840,792,1,futex_do_wait
4924613732287078,3129404,qlever-server-d,S,1683,14,16986788470,114503981,810,11,futex_do_wait
4924613732287078,3129405,qlever-server-d,S,1682,13,16964481730,127800675,716,10,futex_do_wait
4924613732287078,3129406,qlever-server-d,S,1662,15,16778325616,321753275,911,7,futex_do_wait
4924613732287078,3129407,qlever-server-d,S,1671,12,16846734536,254649246,724,14,futex_do_wait
4924613732287078,3129408,qlever-server-d,S,0,0,15360,0,1,13,futex_do_wait
4924613732287078,3129409,qlever-server-d,S,0,0,273001,0,7,12,ep_poll
4924613732287078,3129410,qlever-server-d,S,0,0,611590,20000,13,9,futex_do_wait
4924613732287078,3129411,qlever-server-d,S,2,21,241568518,503606989,1982,0,futex_do_wait
4924613732287078,3129412,qlever-server-d,S,1,20,212467920,461568296,1788,11,futex_do_wait
4924613732287078,3129413,qlever-server-d,S,1,19,209272712,503154291,1904,2,futex_do_wait
4924613732287078,3129414,qlever-server-d,S,0,26,277531562,502296034,2036,11,futex_do_wait
4924613732287078,3129415,qlever-server-d,S,1,19,205529136,483147164,1960,3,futex_do_wait
4924613732287078,3129416,qlever-server-d,S,1,16,175767225,453931580,1735,2,futex_do_wait
4924613732287078,3129417,qlever-server-d,S,1,19,215638703,468529096,1863,11,futex_do_wait
4924613732287078,3129418,qlever-server-d,S,0,23,245094444,458470306,1835,2,ep_poll
4924613732287078,0,__system__,-,1024894705,7868009990,0,0,0,-1,-
4924613752290619,3128855,qlever-server-d,S,936,1591,25279315500,30777902,1912,1,futex_do_wait
4924613752290619,3128859,qlever-server-d,S,0,0,3594443,3868162,31,14,futex_do_wait
4924613752290619,3129400,qlever-server-d,S,1669,13,16826331014,276613148,761,13,futex_do_wait
4924613752290619,3129401,qlever-server-d,S,1667,13,16814697806,268889725,600,11,futex_do_wait
4924613752290619,3129402,qlever-server-d,S,1661,17,16789689543,319142072,1281,11,futex_do_wait
4924613752290619,3129403,qlever-server-d,S,1669,15,16849856034,259348840,792,1,futex_do_wait
4924613752290619,3129404,qlever-server-d,S,1683,14,16986788470,114503981,810,11,futex_do_wait
4924613752290619,3129405,qlever-server-d,S,1682,13,16964481730,127800675,716,10,futex_do_wait
4924613752290619,3129406,qlever-server-d,S,1662,15,16778325616,321753275,911,7,futex_do_wait
4924613752290619,3129407,qlever-server-d,S,1671,12,16846734536,254649246,724,14,futex_do_wait
4924613752290619,3129408,qlever-server-d,S,0,0,15360,0,1,13,futex_do_wait
4924613752290619,3129409,qlever-server-d,S,0,0,273001,0,7,12,ep_poll
4924613752290619,3129410,qlever-server-d,S,0,0,611590,20000,13,9,futex_do_wait
4924613752290619,3129411,qlever-server-d,S,2,21,241568518,503606989,1982,0,futex_do_wait
4924613752290619,3129412,qlever-server-d,S,1,20,212467920,461568296,1788,11,futex_do_wait
4924613752290619,3129413,qlever-server-d,S,1,19,209272712,503154291,1904,2,futex_do_wait
4924613752290619,3129414,qlever-server-d,S,0,26,277531562,502296034,2036,11,futex_do_wait
4924613752290619,3129415,qlever-server-d,S,1,19,205529136,483147164,1960,3,futex_do_wait
4924613752290619,3129416,qlever-server-d,S,1,16,175767225,453931580,1735,2,futex_do_wait
4924613752290619,3129417,qlever-server-d,S,1,19,215638703,468529096,1863,11,futex_do_wait
4924613752290619,3129418,qlever-server-d,S,0,23,245094444,458470306,1835,2,ep_poll
4924613752290619,0,__system__,-,1024894716,7868010022,0,0,0,-1,-
4924613772281280,3128855,qlever-server-d,S,936,1591,25279315500,30777902,1912,1,futex_do_wait
4924613772281280,3128859,qlever-server-d,S,0,0,3594443,3868162,31,14,futex_do_wait
4924613772281280,3129400,qlever-server-d,S,1669,13,16826331014,276613148,761,13,futex_do_wait
4924613772281280,3129401,qlever-server-d,S,1667,13,16814697806,268889725,600,11,futex_do_wait
4924613772281280,3129402,qlever-server-d,S,1661,17,16789689543,319142072,1281,11,futex_do_wait
4924613772281280,3129403,qlever-server-d,S,1669,15,16849856034,259348840,792,1,futex_do_wait
4924613772281280,3129404,qlever-server-d,S,1683,14,16986788470,114503981,810,11,futex_do_wait
4924613772281280,3129405,qlever-server-d,S,1682,13,16964481730,127800675,716,10,futex_do_wait
4924613772281280,3129406,qlever-server-d,S,1662,15,16778325616,321753275,911,7,futex_do_wait
4924613772281280,3129407,qlever-server-d,S,1671,12,16846734536,254649246,724,14,futex_do_wait
4924613772281280,3129408,qlever-server-d,S,0,0,15360,0,1,13,futex_do_wait
4924613772281280,3129409,qlever-server-d,S,0,0,273001,0,7,12,ep_poll
4924613772281280,3129410,qlever-server-d,S,0,0,611590,20000,13,9,futex_do_wait
4924613772281280,3129411,qlever-server-d,S,2,21,241568518,503606989,1982,0,futex_do_wait
4924613772281280,3129412,qlever-server-d,S,1,20,212467920,461568296,1788,11,futex_do_wait
4924613772281280,3129413,qlever-server-d,S,1,19,209272712,503154291,1904,2,futex_do_wait
4924613772281280,3129414,qlever-server-d,S,0,26,277531562,502296034,2036,11,futex_do_wait
4924613772281280,3129415,qlever-server-d,S,1,19,205529136,483147164,1960,3,futex_do_wait
4924613772281280,3129416,qlever-server-d,S,1,16,175767225,453931580,1735,2,futex_do_wait
4924613772281280,3129417,qlever-server-d,S,1,19,215638703,468529096,1863,11,futex_do_wait
4924613772281280,3129418,qlever-server-d,S,0,23,245094444,458470306,1835,2,ep_poll
4924613772281280,0,__system__,-,1024894728,7868010054,0,0,0,-1,-
4924613792272821,3128855,qlever-server-d,S,936,1591,25279315500,30777902,1912,1,futex_do_wait
4924613792272821,3128859,qlever-server-d,S,0,0,3594443,3868162,31,14,futex_do_wait
4924613792272821,3129400,qlever-server-d,S,1669,13,16826331014,276613148,761,13,futex_do_wait
4924613792272821,3129401,qlever-server-d,S,1667,13,16814697806,268889725,600,11,futex_do_wait
4924613792272821,3129402,qlever-server-d,S,1661,17,16789689543,319142072,1281,11,futex_do_wait
4924613792272821,3129403,qlever-server-d,S,1669,15,16849856034,259348840,792,1,futex_do_wait
4924613792272821,3129404,qlever-server-d,S,1683,14,16986788470,114503981,810,11,futex_do_wait
4924613792272821,3129405,qlever-server-d,S,1682,13,16964481730,127800675,716,10,futex_do_wait
4924613792272821,3129406,qlever-server-d,S,1662,15,16778325616,321753275,911,7,futex_do_wait
4924613792272821,3129407,qlever-server-d,S,1671,12,16846734536,254649246,724,14,futex_do_wait
4924613792272821,3129408,qlever-server-d,S,0,0,15360,0,1,13,futex_do_wait
4924613792272821,3129409,qlever-server-d,S,0,0,273001,0,7,12,ep_poll
4924613792272821,3129410,qlever-server-d,S,0,0,611590,20000,13,9,futex_do_wait
4924613792272821,3129411,qlever-server-d,S,2,21,241568518,503606989,1982,0,futex_do_wait
4924613792272821,3129412,qlever-server-d,S,1,20,212467920,461568296,1788,11,futex_do_wait
4924613792272821,3129413,qlever-server-d,S,1,19,209272712,503154291,1904,2,futex_do_wait
4924613792272821,3129414,qlever-server-d,S,0,26,277531562,502296034,2036,11,futex_do_wait
4924613792272821,3129415,qlever-server-d,S,1,19,205529136,483147164,1960,3,futex_do_wait
4924613792272821,3129416,qlever-server-d,S,1,16,175767225,453931580,1735,2,futex_do_wait
4924613792272821,3129417,qlever-server-d,S,1,19,215638703,468529096,1863,11,futex_do_wait
4924613792272821,3129418,qlever-server-d,S,0,23,245094444,458470306,1835,2,ep_poll
4924613792272821,0,__system__,-,1024894738,7868010085,0,0,0,-1,-
4924613812271363,3128855,qlever-server-d,S,936,1591,25279315500,30777902,1912,1,futex_do_wait
4924613812271363,3128859,qlever-server-d,S,0,0,3594443,3868162,31,14,futex_do_wait
4924613812271363,3129400,qlever-server-d,S,1669,13,16826331014,276613148,761,13,futex_do_wait
4924613812271363,3129401,qlever-server-d,S,1667,13,16814697806,268889725,600,11,futex_do_wait
4924613812271363,3129402,qlever-server-d,S,1661,17,16789689543,319142072,1281,11,futex_do_wait
4924613812271363,3129403,qlever-server-d,S,1669,15,16849856034,259348840,792,1,futex_do_wait
4924613812271363,3129404,qlever-server-d,S,1683,14,16986788470,114503981,810,11,futex_do_wait
4924613812271363,3129405,qlever-server-d,S,1682,13,16964481730,127800675,716,10,futex_do_wait
4924613812271363,3129406,qlever-server-d,S,1662,15,16778325616,321753275,911,7,futex_do_wait
4924613812271363,3129407,qlever-server-d,S,1671,12,16846734536,254649246,724,14,futex_do_wait
4924613812271363,3129408,qlever-server-d,S,0,0,15360,0,1,13,futex_do_wait
4924613812271363,3129409,qlever-server-d,S,0,0,273001,0,7,12,ep_poll
4924613812271363,3129410,qlever-server-d,S,0,0,611590,20000,13,9,futex_do_wait
4924613812271363,3129411,qlever-server-d,S,2,21,241568518,503606989,1982,0,futex_do_wait
4924613812271363,3129412,qlever-server-d,S,1,20,212467920,461568296,1788,11,futex_do_wait
4924613812271363,3129413,qlever-server-d,S,1,19,209272712,503154291,1904,2,futex_do_wait
4924613812271363,3129414,qlever-server-d,S,0,26,277531562,502296034,2036,11,futex_do_wait
4924613812271363,3129415,qlever-server-d,S,1,19,205529136,483147164,1960,3,futex_do_wait
4924613812271363,3129416,qlever-server-d,S,1,16,175767225,453931580,1735,2,futex_do_wait
4924613812271363,3129417,qlever-server-d,S,1,19,215638703,468529096,1863,11,futex_do_wait
4924613812271363,3129418,qlever-server-d,S,0,23,245094444,458470306,1835,2,ep_poll
4924613812271363,0,__system__,-,1024894749,7868010118,0,0,0,-1,-
4924613832271464,3128855,qlever-server-d,S,936,1591,25279315500,30777902,1912,1,futex_do_wait
4924613832271464,3128859,qlever-server-d,S,0,0,3594443,3868162,31,14,futex_do_wait
4924613832271464,3129400,qlever-server-d,S,1669,13,16826331014,276613148,761,13,futex_do_wait
4924613832271464,3129401,qlever-server-d,S,1667,13,16814697806,268889725,600,11,futex_do_wait
4924613832271464,3129402,qlever-server-d,S,1661,17,16789689543,319142072,1281,11,futex_do_wait
4924613832271464,3129403,qlever-server-d,S,1669,15,16849856034,259348840,792,1,futex_do_wait
4924613832271464,3129404,qlever-server-d,S,1683,14,16986788470,114503981,810,11,futex_do_wait
4924613832271464,3129405,qlever-server-d,S,1682,13,16964481730,127800675,716,10,futex_do_wait
4924613832271464,3129406,qlever-server-d,S,1662,15,16778325616,321753275,911,7,futex_do_wait
4924613832271464,3129407,qlever-server-d,S,1671,12,16846734536,254649246,724,14,futex_do_wait
4924613832271464,3129408,qlever-server-d,S,0,0,15360,0,1,13,futex_do_wait
4924613832271464,3129409,qlever-server-d,S,0,0,273001,0,7,12,ep_poll
4924613832271464,3129410,qlever-server-d,S,0,0,611590,20000,13,9,futex_do_wait
4924613832271464,3129411,qlever-server-d,S,2,21,241568518,503606989,1982,0,futex_do_wait
4924613832271464,3129412,qlever-server-d,S,1,20,212467920,461568296,1788,11,futex_do_wait
4924613832271464,3129413,qlever-server-d,S,1,19,209272712,503154291,1904,2,futex_do_wait
4924613832271464,3129414,qlever-server-d,S,0,26,277531562,502296034,2036,11,futex_do_wait
4924613832271464,3129415,qlever-server-d,S,1,19,205529136,483147164,1960,3,futex_do_wait
4924613832271464,3129416,qlever-server-d,S,1,16,175767225,453931580,1735,2,futex_do_wait
4924613832271464,3129417,qlever-server-d,S,1,19,215638703,468529096,1863,11,futex_do_wait
4924613832271464,3129418,qlever-server-d,S,0,23,245094444,458470306,1835,2,ep_poll
4924613832271464,0,__system__,-,1024894759,7868010149,0,0,0,-1,-
4924613852265225,3128855,qlever-server-d,S,936,1591,25279315500,30777902,1912,1,futex_do_wait
4924613852265225,3128859,qlever-server-d,S,0,0,3594443,3868162,31,14,futex_do_wait
4924613852265225,3129400,qlever-server-d,S,1669,13,16826331014,276613148,761,13,futex_do_wait
4924613852265225,3129401,qlever-server-d,S,1667,13,16814697806,268889725,600,11,futex_do_wait
4924613852265225,3129402,qlever-server-d,S,1661,17,16789689543,319142072,1281,11,futex_do_wait
4924613852265225,3129403,qlever-server-d,S,1669,15,16849856034,259348840,792,1,futex_do_wait
4924613852265225,3129404,qlever-server-d,S,1683,14,16986788470,114503981,810,11,futex_do_wait
4924613852265225,3129405,qlever-server-d,S,1682,13,16964481730,127800675,716,10,futex_do_wait
4924613852265225,3129406,qlever-server-d,S,1662,15,16778325616,321753275,911,7,futex_do_wait
4924613852265225,3129407,qlever-server-d,S,1671,12,16846734536,254649246,724,14,futex_do_wait
4924613852265225,3129408,qlever-server-d,S,0,0,15360,0,1,13,futex_do_wait
4924613852265225,3129409,qlever-server-d,S,0,0,273001,0,7,12,ep_poll
4924613852265225,3129410,qlever-server-d,S,0,0,611590,20000,13,9,futex_do_wait
4924613852265225,3129411,qlever-server-d,S,2,21,241568518,503606989,1982,0,futex_do_wait
4924613852265225,3129412,qlever-server-d,S,1,20,212467920,461568296,1788,11,futex_do_wait
4924613852265225,3129413,qlever-server-d,S,1,19,209272712,503154291,1904,2,futex_do_wait
4924613852265225,3129414,qlever-server-d,S,0,26,277531562,502296034,2036,11,futex_do_wait
4924613852265225,3129415,qlever-server-d,S,1,19,205529136,483147164,1960,3,futex_do_wait
4924613852265225,3129416,qlever-server-d,S,1,16,175767225,453931580,1735,2,futex_do_wait
4924613852265225,3129417,qlever-server-d,S,1,19,215638703,468529096,1863,11,futex_do_wait
4924613852265225,3129418,qlever-server-d,S,0,23,245094444,458470306,1835,2,ep_poll
4924613852265225,0,__system__,-,1024894770,7868010181,0,0,0,-1,-
4924613872265236,3128855,qlever-server-d,S,936,1591,25279315500,30777902,1912,1,futex_do_wait
4924613872265236,3128859,qlever-server-d,S,0,0,3594443,3868162,31,14,futex_do_wait
4924613872265236,3129400,qlever-server-d,S,1669,13,16826331014,276613148,761,13,futex_do_wait
4924613872265236,3129401,qlever-server-d,S,1667,13,16814697806,268889725,600,11,futex_do_wait
4924613872265236,3129402,qlever-server-d,S,1661,17,16789689543,319142072,1281,11,futex_do_wait
4924613872265236,3129403,qlever-server-d,S,1669,15,16849856034,259348840,792,1,futex_do_wait
4924613872265236,3129404,qlever-server-d,S,1683,14,16986788470,114503981,810,11,futex_do_wait
4924613872265236,3129405,qlever-server-d,S,1682,13,16964481730,127800675,716,10,futex_do_wait
4924613872265236,3129406,qlever-server-d,S,1662,15,16778325616,321753275,911,7,futex_do_wait
4924613872265236,3129407,qlever-server-d,S,1671,12,16846734536,254649246,724,14,futex_do_wait
4924613872265236,3129408,qlever-server-d,S,0,0,15360,0,1,13,futex_do_wait
4924613872265236,3129409,qlever-server-d,S,0,0,273001,0,7,12,ep_poll
4924613872265236,3129410,qlever-server-d,S,0,0,611590,20000,13,9,futex_do_wait
4924613872265236,3129411,qlever-server-d,S,2,21,241568518,503606989,1982,0,futex_do_wait
4924613872265236,3129412,qlever-server-d,S,1,20,212467920,461568296,1788,11,futex_do_wait
4924613872265236,3129413,qlever-server-d,S,1,19,209272712,503154291,1904,2,futex_do_wait
4924613872265236,3129414,qlever-server-d,S,0,26,277531562,502296034,2036,11,futex_do_wait
4924613872265236,3129415,qlever-server-d,S,1,19,205529136,483147164,1960,3,futex_do_wait
4924613872265236,3129416,qlever-server-d,S,1,16,175767225,453931580,1735,2,futex_do_wait
4924613872265236,3129417,qlever-server-d,S,1,19,215638703,468529096,1863,11,futex_do_wait
4924613872265236,3129418,qlever-server-d,S,0,23,245094444,458470306,1835,2,ep_poll
4924613872265236,0,__system__,-,1024894780,7868010213,0,0,0,-1,-
4924613892269867,3128855,qlever-server-d,S,936,1591,25279315500,30777902,1912,1,futex_do_wait
4924613892269867,3128859,qlever-server-d,S,0,0,3594443,3868162,31,14,futex_do_wait
4924613892269867,3129400,qlever-server-d,S,1669,13,16826331014,276613148,761,13,futex_do_wait
4924613892269867,3129401,qlever-server-d,S,1667,13,16814697806,268889725,600,11,futex_do_wait
4924613892269867,3129402,qlever-server-d,S,1661,17,16789689543,319142072,1281,11,futex_do_wait
4924613892269867,3129403,qlever-server-d,S,1669,15,16849856034,259348840,792,1,futex_do_wait
4924613892269867,3129404,qlever-server-d,S,1683,14,16986788470,114503981,810,11,futex_do_wait
4924613892269867,3129405,qlever-server-d,S,1682,13,16964481730,127800675,716,10,futex_do_wait
4924613892269867,3129406,qlever-server-d,S,1662,15,16778325616,321753275,911,7,futex_do_wait
4924613892269867,3129407,qlever-server-d,S,1671,12,16846734536,254649246,724,14,futex_do_wait
4924613892269867,3129408,qlever-server-d,S,0,0,15360,0,1,13,futex_do_wait
4924613892269867,3129409,qlever-server-d,S,0,0,273001,0,7,12,ep_poll
4924613892269867,3129410,qlever-server-d,S,0,0,611590,20000,13,9,futex_do_wait
4924613892269867,3129411,qlever-server-d,S,2,21,241568518,503606989,1982,0,futex_do_wait
4924613892269867,3129412,qlever-server-d,S,1,20,212467920,461568296,1788,11,futex_do_wait
4924613892269867,3129413,qlever-server-d,S,1,19,209272712,503154291,1904,2,futex_do_wait
4924613892269867,3129414,qlever-server-d,S,0,26,277531562,502296034,2036,11,futex_do_wait
4924613892269867,3129415,qlever-server-d,S,1,19,205529136,483147164,1960,3,futex_do_wait
4924613892269867,3129416,qlever-server-d,S,1,16,175767225,453931580,1735,2,futex_do_wait
4924613892269867,3129417,qlever-server-d,S,1,19,215638703,468529096,1863,11,futex_do_wait
4924613892269867,3129418,qlever-server-d,S,0,23,245094444,458470306,1835,2,ep_poll
4924613892269867,0,__system__,-,1024894792,7868010244,0,0,0,-1,-
4924613912307497,3128855,qlever-server-d,S,936,1591,25279315500,30777902,1912,1,futex_do_wait
4924613912307497,3128859,qlever-server-d,S,0,0,3594443,3868162,31,14,futex_do_wait
4924613912307497,3129400,qlever-server-d,S,1669,13,16826331014,276613148,761,13,futex_do_wait
4924613912307497,3129401,qlever-server-d,S,1667,13,16814697806,268889725,600,11,futex_do_wait
4924613912307497,3129402,qlever-server-d,S,1661,17,16789689543,319142072,1281,11,futex_do_wait
4924613912307497,3129403,qlever-server-d,S,1669,15,16849856034,259348840,792,1,futex_do_wait
4924613912307497,3129404,qlever-server-d,S,1683,14,16986788470,114503981,810,11,futex_do_wait
4924613912307497,3129405,qlever-server-d,S,1682,13,16964481730,127800675,716,10,futex_do_wait
4924613912307497,3129406,qlever-server-d,S,1662,15,16778325616,321753275,911,7,futex_do_wait
4924613912307497,3129407,qlever-server-d,S,1671,12,16846734536,254649246,724,14,futex_do_wait
4924613912307497,3129408,qlever-server-d,S,0,0,15360,0,1,13,futex_do_wait
4924613912307497,3129409,qlever-server-d,S,0,0,273001,0,7,12,ep_poll
4924613912307497,3129410,qlever-server-d,S,0,0,611590,20000,13,9,futex_do_wait
4924613912307497,3129411,qlever-server-d,S,2,21,241568518,503606989,1982,0,futex_do_wait
4924613912307497,3129412,qlever-server-d,S,1,20,212467920,461568296,1788,11,futex_do_wait
4924613912307497,3129413,qlever-server-d,S,1,19,209272712,503154291,1904,2,futex_do_wait
4924613912307497,3129414,qlever-server-d,S,0,26,277531562,502296034,2036,11,futex_do_wait
4924613912307497,3129415,qlever-server-d,S,1,19,205529136,483147164,1960,3,futex_do_wait
4924613912307497,3129416,qlever-server-d,S,1,16,175767225,453931580,1735,2,futex_do_wait
4924613912307497,3129417,qlever-server-d,S,1,19,215638703,468529096,1863,11,futex_do_wait
4924613912307497,3129418,qlever-server-d,S,0,23,245094444,458470306,1835,2,ep_poll
4924613912307497,0,__system__,-,1024894803,7868010277,0,0,0,-1,-
4924613932274909,3128855,qlever-server-d,S,936,1591,25279315500,30777902,1912,1,futex_do_wait
4924613932274909,3128859,qlever-server-d,S,0,0,3594443,3868162,31,14,futex_do_wait
4924613932274909,3129400,qlever-server-d,S,1669,13,16826331014,276613148,761,13,futex_do_wait
4924613932274909,3129401,qlever-server-d,S,1667,13,16814697806,268889725,600,11,futex_do_wait
4924613932274909,3129402,qlever-server-d,S,1661,17,16789689543,319142072,1281,11,futex_do_wait
4924613932274909,3129403,qlever-server-d,S,1669,15,16849856034,259348840,792,1,futex_do_wait
4924613932274909,3129404,qlever-server-d,S,1683,14,16986788470,114503981,810,11,futex_do_wait
4924613932274909,3129405,qlever-server-d,S,1682,13,16964481730,127800675,716,10,futex_do_wait
4924613932274909,3129406,qlever-server-d,S,1662,15,16778325616,321753275,911,7,futex_do_wait
4924613932274909,3129407,qlever-server-d,S,1671,12,16846734536,254649246,724,14,futex_do_wait
4924613932274909,3129408,qlever-server-d,S,0,0,15360,0,1,13,futex_do_wait
4924613932274909,3129409,qlever-server-d,S,0,0,273001,0,7,12,ep_poll
4924613932274909,3129410,qlever-server-d,S,0,0,611590,20000,13,9,futex_do_wait
4924613932274909,3129411,qlever-server-d,S,2,21,241568518,503606989,1982,0,futex_do_wait
4924613932274909,3129412,qlever-server-d,S,1,20,212467920,461568296,1788,11,futex_do_wait
4924613932274909,3129413,qlever-server-d,S,1,19,209272712,503154291,1904,2,futex_do_wait
4924613932274909,3129414,qlever-server-d,S,0,26,277531562,502296034,2036,11,futex_do_wait
4924613932274909,3129415,qlever-server-d,S,1,19,205529136,483147164,1960,3,futex_do_wait
4924613932274909,3129416,qlever-server-d,S,1,16,175767225,453931580,1735,2,futex_do_wait
4924613932274909,3129417,qlever-server-d,S,1,19,215638703,468529096,1863,11,futex_do_wait
4924613932274909,3129418,qlever-server-d,S,0,23,245094444,458470306,1835,2,ep_poll
4924613932274909,0,__system__,-,1024894813,7868010308,0,0,0,-1,-
4924613952275200,3128855,qlever-server-d,S,936,1591,25279315500,30777902,1912,1,futex_do_wait
4924613952275200,3128859,qlever-server-d,S,0,0,3594443,3868162,31,14,futex_do_wait
4924613952275200,3129400,qlever-server-d,S,1669,13,16826331014,276613148,761,13,futex_do_wait
4924613952275200,3129401,qlever-server-d,S,1667,13,16814697806,268889725,600,11,futex_do_wait
4924613952275200,3129402,qlever-server-d,S,1661,17,16789689543,319142072,1281,11,futex_do_wait
4924613952275200,3129403,qlever-server-d,S,1669,15,16849856034,259348840,792,1,futex_do_wait
4924613952275200,3129404,qlever-server-d,S,1683,14,16986788470,114503981,810,11,futex_do_wait
4924613952275200,3129405,qlever-server-d,S,1682,13,16964481730,127800675,716,10,futex_do_wait
4924613952275200,3129406,qlever-server-d,S,1662,15,16778325616,321753275,911,7,futex_do_wait
4924613952275200,3129407,qlever-server-d,S,1671,12,16846734536,254649246,724,14,futex_do_wait
4924613952275200,3129408,qlever-server-d,S,0,0,15360,0,1,13,futex_do_wait
4924613952275200,3129409,qlever-server-d,S,0,0,273001,0,7,12,ep_poll
4924613952275200,3129410,qlever-server-d,S,0,0,611590,20000,13,9,futex_do_wait
4924613952275200,3129411,qlever-server-d,S,2,21,241568518,503606989,1982,0,futex_do_wait
4924613952275200,3129412,qlever-server-d,S,1,20,212467920,461568296,1788,11,futex_do_wait
4924613952275200,3129413,qlever-server-d,S,1,19,209272712,503154291,1904,2,futex_do_wait
4924613952275200,3129414,qlever-server-d,S,0,26,277531562,502296034,2036,11,futex_do_wait
4924613952275200,3129415,qlever-server-d,S,1,19,205529136,483147164,1960,3,futex_do_wait
4924613952275200,3129416,qlever-server-d,S,1,16,175767225,453931580,1735,2,futex_do_wait
4924613952275200,3129417,qlever-server-d,S,1,19,215638703,468529096,1863,11,futex_do_wait
4924613952275200,3129418,qlever-server-d,S,0,23,245094444,458470306,1835,2,ep_poll
4924613952275200,0,__system__,-,1024894823,7868010340,0,0,0,-1,-
4924613972292571,3128855,qlever-server-d,S,936,1591,25279315500,30777902,1912,1,futex_do_wait
4924613972292571,3128859,qlever-server-d,S,0,0,3594443,3868162,31,14,futex_do_wait
4924613972292571,3129400,qlever-server-d,S,1669,13,16826331014,276613148,761,13,futex_do_wait
4924613972292571,3129401,qlever-server-d,S,1667,13,16814697806,268889725,600,11,futex_do_wait
4924613972292571,3129402,qlever-server-d,S,1661,17,16789689543,319142072,1281,11,futex_do_wait
4924613972292571,3129403,qlever-server-d,S,1669,15,16849856034,259348840,792,1,futex_do_wait
4924613972292571,3129404,qlever-server-d,S,1683,14,16986788470,114503981,810,11,futex_do_wait
4924613972292571,3129405,qlever-server-d,S,1682,13,16964481730,127800675,716,10,futex_do_wait
4924613972292571,3129406,qlever-server-d,S,1662,15,16778325616,321753275,911,7,futex_do_wait
4924613972292571,3129407,qlever-server-d,S,1671,12,16846734536,254649246,724,14,futex_do_wait
4924613972292571,3129408,qlever-server-d,S,0,0,15360,0,1,13,futex_do_wait
4924613972292571,3129409,qlever-server-d,S,0,0,273001,0,7,12,ep_poll
4924613972292571,3129410,qlever-server-d,S,0,0,611590,20000,13,9,futex_do_wait
4924613972292571,3129411,qlever-server-d,S,2,21,241568518,503606989,1982,0,futex_do_wait
4924613972292571,3129412,qlever-server-d,S,1,20,212467920,461568296,1788,11,futex_do_wait
4924613972292571,3129413,qlever-server-d,S,1,19,209272712,503154291,1904,2,futex_do_wait
4924613972292571,3129414,qlever-server-d,S,0,26,277531562,502296034,2036,11,futex_do_wait
4924613972292571,3129415,qlever-server-d,S,1,19,205529136,483147164,1960,3,futex_do_wait
4924613972292571,3129416,qlever-server-d,S,1,16,175767225,453931580,1735,2,futex_do_wait
4924613972292571,3129417,qlever-server-d,S,1,19,215638703,468529096,1863,11,futex_do_wait
4924613972292571,3129418,qlever-server-d,S,0,23,245094444,458470306,1835,2,ep_poll
4924613972292571,0,__system__,-,1024894833,7868010372,0,0,0,-1,-
4924613992312911,3128855,qlever-server-d,S,936,1591,25279315500,30777902,1912,1,futex_do_wait
4924613992312911,3128859,qlever-server-d,S,0,0,3594443,3868162,31,14,futex_do_wait
4924613992312911,3129400,qlever-server-d,S,1669,13,16826331014,276613148,761,13,futex_do_wait
4924613992312911,3129401,qlever-server-d,S,1667,13,16814697806,268889725,600,11,futex_do_wait
4924613992312911,3129402,qlever-server-d,S,1661,17,16789689543,319142072,1281,11,futex_do_wait
4924613992312911,3129403,qlever-server-d,S,1669,15,16849856034,259348840,792,1,futex_do_wait
4924613992312911,3129404,qlever-server-d,S,1683,14,16986788470,114503981,810,11,futex_do_wait
4924613992312911,3129405,qlever-server-d,S,1682,13,16964481730,127800675,716,10,futex_do_wait
4924613992312911,3129406,qlever-server-d,S,1662,15,16778325616,321753275,911,7,futex_do_wait
4924613992312911,3129407,qlever-server-d,S,1671,12,16846734536,254649246,724,14,futex_do_wait
4924613992312911,3129408,qlever-server-d,S,0,0,15360,0,1,13,futex_do_wait
4924613992312911,3129409,qlever-server-d,S,0,0,273001,0,7,12,ep_poll
4924613992312911,3129410,qlever-server-d,S,0,0,611590,20000,13,9,futex_do_wait
4924613992312911,3129411,qlever-server-d,S,2,21,241568518,503606989,1982,0,futex_do_wait
4924613992312911,3129412,qlever-server-d,S,1,20,212467920,461568296,1788,11,futex_do_wait
4924613992312911,3129413,qlever-server-d,S,1,19,209272712,503154291,1904,2,futex_do_wait
4924613992312911,3129414,qlever-server-d,S,0,26,277531562,502296034,2036,11,futex_do_wait
4924613992312911,3129415,qlever-server-d,S,1,19,205529136,483147164,1960,3,futex_do_wait
4924613992312911,3129416,qlever-server-d,S,1,16,175767225,453931580,1735,2,futex_do_wait
4924613992312911,3129417,qlever-server-d,S,1,19,215638703,468529096,1863,11,futex_do_wait
4924613992312911,3129418,qlever-server-d,S,0,23,245094444,458470306,1835,2,ep_poll
4924613992312911,0,__system__,-,1024894847,7868010406,0,0,0,-1,-
4924614012299902,3128855,qlever-server-d,S,936,1591,25279315500,30777902,1912,1,futex_do_wait
4924614012299902,3128859,qlever-server-d,S,0,0,3594443,3868162,31,14,futex_do_wait
4924614012299902,3129400,qlever-server-d,S,1669,13,16826331014,276613148,761,13,futex_do_wait
4924614012299902,3129401,qlever-server-d,S,1667,13,16814697806,268889725,600,11,futex_do_wait
4924614012299902,3129402,qlever-server-d,S,1661,17,16789689543,319142072,1281,11,futex_do_wait
4924614012299902,3129403,qlever-server-d,S,1669,15,16849856034,259348840,792,1,futex_do_wait
4924614012299902,3129404,qlever-server-d,S,1683,14,16986788470,114503981,810,11,futex_do_wait
4924614012299902,3129405,qlever-server-d,S,1682,13,16964481730,127800675,716,10,futex_do_wait
4924614012299902,3129406,qlever-server-d,S,1662,15,16778325616,321753275,911,7,futex_do_wait
4924614012299902,3129407,qlever-server-d,S,1671,12,16846734536,254649246,724,14,futex_do_wait
4924614012299902,3129408,qlever-server-d,S,0,0,15360,0,1,13,futex_do_wait
4924614012299902,3129409,qlever-server-d,S,0,0,273001,0,7,12,ep_poll
4924614012299902,3129410,qlever-server-d,S,0,0,611590,20000,13,9,futex_do_wait
4924614012299902,3129411,qlever-server-d,S,2,21,241568518,503606989,1982,0,futex_do_wait
4924614012299902,3129412,qlever-server-d,S,1,20,212467920,461568296,1788,11,futex_do_wait
4924614012299902,3129413,qlever-server-d,S,1,19,209272712,503154291,1904,2,futex_do_wait
4924614012299902,3129414,qlever-server-d,S,0,26,277531562,502296034,2036,11,futex_do_wait
4924614012299902,3129415,qlever-server-d,S,1,19,205529136,483147164,1960,3,futex_do_wait
4924614012299902,3129416,qlever-server-d,S,1,16,175767225,453931580,1735,2,futex_do_wait
4924614012299902,3129417,qlever-server-d,S,1,19,215638703,468529096,1863,11,futex_do_wait
4924614012299902,3129418,qlever-server-d,S,0,23,245094444,458470306,1835,2,ep_poll
4924614012299902,0,__system__,-,1024894860,7868010437,0,0,0,-1,-
4924614032295964,3128855,qlever-server-d,S,936,1591,25279315500,30777902,1912,1,futex_do_wait
4924614032295964,3128859,qlever-server-d,S,0,0,3594443,3868162,31,14,futex_do_wait
4924614032295964,3129400,qlever-server-d,S,1669,13,16826331014,276613148,761,13,futex_do_wait
4924614032295964,3129401,qlever-server-d,S,1667,13,16814697806,268889725,600,11,futex_do_wait
4924614032295964,3129402,qlever-server-d,S,1661,17,16789689543,319142072,1281,11,futex_do_wait
4924614032295964,3129403,qlever-server-d,S,1669,15,16849856034,259348840,792,1,futex_do_wait
4924614032295964,3129404,qlever-server-d,S,1683,14,16986788470,114503981,810,11,futex_do_wait
4924614032295964,3129405,qlever-server-d,S,1682,13,16964481730,127800675,716,10,futex_do_wait
4924614032295964,3129406,qlever-server-d,S,1662,15,16778325616,321753275,911,7,futex_do_wait
4924614032295964,3129407,qlever-server-d,S,1671,12,16846734536,254649246,724,14,futex_do_wait
4924614032295964,3129408,qlever-server-d,S,0,0,15360,0,1,13,futex_do_wait
4924614032295964,3129409,qlever-server-d,S,0,0,273001,0,7,12,ep_poll
4924614032295964,3129410,qlever-server-d,S,0,0,611590,20000,13,9,futex_do_wait
4924614032295964,3129411,qlever-server-d,S,2,21,241568518,503606989,1982,0,futex_do_wait
4924614032295964,3129412,qlever-server-d,S,1,20,212467920,461568296,1788,11,futex_do_wait
4924614032295964,3129413,qlever-server-d,S,1,19,209272712,503154291,1904,2,futex_do_wait
4924614032295964,3129414,qlever-server-d,S,0,26,277531562,502296034,2036,11,futex_do_wait
4924614032295964,3129415,qlever-server-d,S,1,19,205529136,483147164,1960,3,futex_do_wait
4924614032295964,3129416,qlever-server-d,S,1,16,175767225,453931580,1735,2,futex_do_wait
4924614032295964,3129417,qlever-server-d,S,1,19,215638703,468529096,1863,11,futex_do_wait
4924614032295964,3129418,qlever-server-d,S,0,23,245094444,458470306,1835,2,ep_poll
4924614032295964,0,__system__,-,1024894874,7868010469,0,0,0,-1,-
4924614052290635,3128855,qlever-server-d,S,936,1591,25279315500,30777902,1912,1,futex_do_wait
4924614052290635,3128859,qlever-server-d,S,0,0,3594443,3868162,31,14,futex_do_wait
4924614052290635,3129400,qlever-server-d,S,1669,13,16826331014,276613148,761,13,futex_do_wait
4924614052290635,3129401,qlever-server-d,S,1667,13,16814697806,268889725,600,11,futex_do_wait
4924614052290635,3129402,qlever-server-d,S,1661,17,16789689543,319142072,1281,11,futex_do_wait
4924614052290635,3129403,qlever-server-d,S,1669,15,16849856034,259348840,792,1,futex_do_wait
4924614052290635,3129404,qlever-server-d,S,1683,14,16986788470,114503981,810,11,futex_do_wait
4924614052290635,3129405,qlever-server-d,S,1682,13,16964481730,127800675,716,10,futex_do_wait
4924614052290635,3129406,qlever-server-d,S,1662,15,16778325616,321753275,911,7,futex_do_wait
4924614052290635,3129407,qlever-server-d,S,1671,12,16846734536,254649246,724,14,futex_do_wait
4924614052290635,3129408,qlever-server-d,S,0,0,15360,0,1,13,futex_do_wait
4924614052290635,3129409,qlever-server-d,S,0,0,273001,0,7,12,ep_poll
4924614052290635,3129410,qlever-server-d,S,0,0,611590,20000,13,9,futex_do_wait
4924614052290635,3129411,qlever-server-d,S,2,21,241568518,503606989,1982,0,futex_do_wait
4924614052290635,3129412,qlever-server-d,S,1,20,212467920,461568296,1788,11,futex_do_wait
4924614052290635,3129413,qlever-server-d,S,1,19,209272712,503154291,1904,2,futex_do_wait
4924614052290635,3129414,qlever-server-d,S,0,26,277531562,502296034,2036,11,futex_do_wait
4924614052290635,3129415,qlever-server-d,S,1,19,205529136,483147164,1960,3,futex_do_wait
4924614052290635,3129416,qlever-server-d,S,1,16,175767225,453931580,1735,2,futex_do_wait
4924614052290635,3129417,qlever-server-d,S,1,19,215638703,468529096,1863,11,futex_do_wait
4924614052290635,3129418,qlever-server-d,S,0,23,245094444,458470306,1835,2,ep_poll
4924614052290635,0,__system__,-,1024894885,7868010501,0,0,0,-1,-
4924614072309735,3128855,qlever-server-d,S,936,1591,25279315500,30777902,1912,1,futex_do_wait
4924614072309735,3128859,qlever-server-d,S,0,0,3594443,3868162,31,14,futex_do_wait
4924614072309735,3129400,qlever-server-d,S,1669,13,16826331014,276613148,761,13,futex_do_wait
4924614072309735,3129401,qlever-server-d,S,1667,13,16814697806,268889725,600,11,futex_do_wait
4924614072309735,3129402,qlever-server-d,S,1661,17,16789689543,319142072,1281,11,futex_do_wait
4924614072309735,3129403,qlever-server-d,S,1669,15,16849856034,259348840,792,1,futex_do_wait
4924614072309735,3129404,qlever-server-d,S,1683,14,16986788470,114503981,810,11,futex_do_wait
4924614072309735,3129405,qlever-server-d,S,1682,13,16964481730,127800675,716,10,futex_do_wait
4924614072309735,3129406,qlever-server-d,S,1662,15,16778325616,321753275,911,7,futex_do_wait
4924614072309735,3129407,qlever-server-d,S,1671,12,16846734536,254649246,724,14,futex_do_wait
4924614072309735,3129408,qlever-server-d,S,0,0,15360,0,1,13,futex_do_wait
4924614072309735,3129409,qlever-server-d,S,0,0,273001,0,7,12,ep_poll
4924614072309735,3129410,qlever-server-d,S,0,0,611590,20000,13,9,futex_do_wait
4924614072309735,3129411,qlever-server-d,S,2,21,241568518,503606989,1982,0,futex_do_wait
4924614072309735,3129412,qlever-server-d,S,1,20,212467920,461568296,1788,11,futex_do_wait
4924614072309735,3129413,qlever-server-d,S,1,19,209272712,503154291,1904,2,futex_do_wait
4924614072309735,3129414,qlever-server-d,S,0,26,277531562,502296034,2036,11,futex_do_wait
4924614072309735,3129415,qlever-server-d,S,1,19,205529136,483147164,1960,3,futex_do_wait
4924614072309735,3129416,qlever-server-d,S,1,16,175767225,453931580,1735,2,futex_do_wait
4924614072309735,3129417,qlever-server-d,S,1,19,215638703,468529096,1863,11,futex_do_wait
4924614072309735,3129418,qlever-server-d,S,0,23,245094444,458470306,1835,2,ep_poll
4924614072309735,0,__system__,-,1024894898,7868010533,0,0,0,-1,-
4924614092304087,3128855,qlever-server-d,S,936,1591,25279315500,30777902,1912,1,futex_do_wait
4924614092304087,3128859,qlever-server-d,S,0,0,3594443,3868162,31,14,futex_do_wait
4924614092304087,3129400,qlever-server-d,S,1669,13,16826331014,276613148,761,13,futex_do_wait
4924614092304087,3129401,qlever-server-d,S,1667,13,16814697806,268889725,600,11,futex_do_wait
4924614092304087,3129402,qlever-server-d,S,1661,17,16789689543,319142072,1281,11,futex_do_wait
4924614092304087,3129403,qlever-server-d,S,1669,15,16849856034,259348840,792,1,futex_do_wait
4924614092304087,3129404,qlever-server-d,S,1683,14,16986788470,114503981,810,11,futex_do_wait
4924614092304087,3129405,qlever-server-d,S,1682,13,16964481730,127800675,716,10,futex_do_wait
4924614092304087,3129406,qlever-server-d,S,1662,15,16778325616,321753275,911,7,futex_do_wait
4924614092304087,3129407,qlever-server-d,S,1671,12,16846734536,254649246,724,14,futex_do_wait
4924614092304087,3129408,qlever-server-d,S,0,0,15360,0,1,13,futex_do_wait
4924614092304087,3129409,qlever-server-d,S,0,0,273001,0,7,12,ep_poll
4924614092304087,3129410,qlever-server-d,S,0,0,611590,20000,13,9,futex_do_wait
4924614092304087,3129411,qlever-server-d,S,2,21,241568518,503606989,1982,0,futex_do_wait
4924614092304087,3129412,qlever-server-d,S,1,20,212467920,461568296,1788,11,futex_do_wait
4924614092304087,3129413,qlever-server-d,S,1,19,209272712,503154291,1904,2,futex_do_wait
4924614092304087,3129414,qlever-server-d,S,0,26,277531562,502296034,2036,11,futex_do_wait
4924614092304087,3129415,qlever-server-d,S,1,19,205529136,483147164,1960,3,futex_do_wait
4924614092304087,3129416,qlever-server-d,S,1,16,175767225,453931580,1735,2,futex_do_wait
4924614092304087,3129417,qlever-server-d,S,1,19,215638703,468529096,1863,11,futex_do_wait
4924614092304087,3129418,qlever-server-d,S,0,23,245094444,458470306,1835,2,ep_poll
4924614092304087,0,__system__,-,1024894910,7868010564,0,0,0,-1,-
4924614112307718,3128855,qlever-server-d,S,936,1591,25279315500,30777902,1912,1,futex_do_wait
4924614112307718,3128859,qlever-server-d,S,0,0,3594443,3868162,31,14,futex_do_wait
4924614112307718,3129400,qlever-server-d,S,1669,13,16826331014,276613148,761,13,futex_do_wait
4924614112307718,3129401,qlever-server-d,S,1667,13,16814697806,268889725,600,11,futex_do_wait
4924614112307718,3129402,qlever-server-d,S,1661,17,16789689543,319142072,1281,11,futex_do_wait
4924614112307718,3129403,qlever-server-d,S,1669,15,16849856034,259348840,792,1,futex_do_wait
4924614112307718,3129404,qlever-server-d,S,1683,14,16986788470,114503981,810,11,futex_do_wait
4924614112307718,3129405,qlever-server-d,S,1682,13,16964481730,127800675,716,10,futex_do_wait
4924614112307718,3129406,qlever-server-d,S,1662,15,16778325616,321753275,911,7,futex_do_wait
4924614112307718,3129407,qlever-server-d,S,1671,12,16846734536,254649246,724,14,futex_do_wait
4924614112307718,3129408,qlever-server-d,S,0,0,15360,0,1,13,futex_do_wait
4924614112307718,3129409,qlever-server-d,S,0,0,273001,0,7,12,ep_poll
4924614112307718,3129410,qlever-server-d,S,0,0,611590,20000,13,9,futex_do_wait
4924614112307718,3129411,qlever-server-d,S,2,21,241568518,503606989,1982,0,futex_do_wait
4924614112307718,3129412,qlever-server-d,S,1,20,212467920,461568296,1788,11,futex_do_wait
4924614112307718,3129413,qlever-server-d,S,1,19,209272712,503154291,1904,2,futex_do_wait
4924614112307718,3129414,qlever-server-d,S,0,26,277531562,502296034,2036,11,futex_do_wait
4924614112307718,3129415,qlever-server-d,S,1,19,205529136,483147164,1960,3,futex_do_wait
4924614112307718,3129416,qlever-server-d,S,1,16,175767225,453931580,1735,2,futex_do_wait
4924614112307718,3129417,qlever-server-d,S,1,19,215638703,468529096,1863,11,futex_do_wait
4924614112307718,3129418,qlever-server-d,S,0,23,245094444,458470306,1835,2,ep_poll
4924614112307718,0,__system__,-,1024894922,7868010596,0,0,0,-1,-
4924614132302509,3128855,qlever-server-d,S,936,1591,25279315500,30777902,1912,1,futex_do_wait
4924614132302509,3128859,qlever-server-d,S,0,0,3594443,3868162,31,14,futex_do_wait
4924614132302509,3129400,qlever-server-d,S,1669,13,16826331014,276613148,761,13,futex_do_wait
4924614132302509,3129401,qlever-server-d,S,1667,13,16814697806,268889725,600,11,futex_do_wait
4924614132302509,3129402,qlever-server-d,S,1661,17,16789689543,319142072,1281,11,futex_do_wait
4924614132302509,3129403,qlever-server-d,S,1669,15,16849856034,259348840,792,1,futex_do_wait
4924614132302509,3129404,qlever-server-d,S,1683,14,16986788470,114503981,810,11,futex_do_wait
4924614132302509,3129405,qlever-server-d,S,1682,13,16964481730,127800675,716,10,futex_do_wait
4924614132302509,3129406,qlever-server-d,S,1662,15,16778325616,321753275,911,7,futex_do_wait
4924614132302509,3129407,qlever-server-d,S,1671,12,16846734536,254649246,724,14,futex_do_wait
4924614132302509,3129408,qlever-server-d,S,0,0,15360,0,1,13,futex_do_wait
4924614132302509,3129409,qlever-server-d,S,0,0,273001,0,7,12,ep_poll
4924614132302509,3129410,qlever-server-d,S,0,0,611590,20000,13,9,futex_do_wait
4924614132302509,3129411,qlever-server-d,S,2,21,241568518,503606989,1982,0,futex_do_wait
4924614132302509,3129412,qlever-server-d,S,1,20,212467920,461568296,1788,11,futex_do_wait
4924614132302509,3129413,qlever-server-d,S,1,19,209272712,503154291,1904,2,futex_do_wait
4924614132302509,3129414,qlever-server-d,S,0,26,277531562,502296034,2036,11,futex_do_wait
4924614132302509,3129415,qlever-server-d,S,1,19,205529136,483147164,1960,3,futex_do_wait
4924614132302509,3129416,qlever-server-d,S,1,16,175767225,453931580,1735,2,futex_do_wait
4924614132302509,3129417,qlever-server-d,S,1,19,215638703,468529096,1863,11,futex_do_wait
4924614132302509,3129418,qlever-server-d,S,0,23,245094444,458470306,1835,2,ep_poll
4924614132302509,0,__system__,-,1024894936,7868010628,0,0,0,-1,-
4924614152297020,3128855,qlever-server-d,S,936,1591,25279315500,30777902,1912,1,futex_do_wait
4924614152297020,3128859,qlever-server-d,S,0,0,3594443,3868162,31,14,futex_do_wait
4924614152297020,3129400,qlever-server-d,S,1669,13,16826331014,276613148,761,13,futex_do_wait
4924614152297020,3129401,qlever-server-d,S,1667,13,16814697806,268889725,600,11,futex_do_wait
4924614152297020,3129402,qlever-server-d,S,1661,17,16789689543,319142072,1281,11,futex_do_wait
4924614152297020,3129403,qlever-server-d,S,1669,15,16849856034,259348840,792,1,futex_do_wait
4924614152297020,3129404,qlever-server-d,S,1683,14,16986788470,114503981,810,11,futex_do_wait
4924614152297020,3129405,qlever-server-d,S,1682,13,16964481730,127800675,716,10,futex_do_wait
4924614152297020,3129406,qlever-server-d,S,1662,15,16778325616,321753275,911,7,futex_do_wait
4924614152297020,3129407,qlever-server-d,S,1671,12,16846734536,254649246,724,14,futex_do_wait
4924614152297020,3129408,qlever-server-d,S,0,0,15360,0,1,13,futex_do_wait
4924614152297020,3129409,qlever-server-d,S,0,0,273001,0,7,12,ep_poll
4924614152297020,3129410,qlever-server-d,S,0,0,611590,20000,13,9,futex_do_wait
4924614152297020,3129411,qlever-server-d,S,2,21,241568518,503606989,1982,0,futex_do_wait
4924614152297020,3129412,qlever-server-d,S,1,20,212467920,461568296,1788,11,futex_do_wait
4924614152297020,3129413,qlever-server-d,S,1,19,209272712,503154291,1904,2,futex_do_wait
4924614152297020,3129414,qlever-server-d,S,0,26,277531562,502296034,2036,11,futex_do_wait
4924614152297020,3129415,qlever-server-d,S,1,19,205529136,483147164,1960,3,futex_do_wait
4924614152297020,3129416,qlever-server-d,S,1,16,175767225,453931580,1735,2,futex_do_wait
4924614152297020,3129417,qlever-server-d,S,1,19,215638703,468529096,1863,11,futex_do_wait
4924614152297020,3129418,qlever-server-d,S,0,23,245094444,458470306,1835,2,ep_poll
4924614152297020,0,__system__,-,1024894950,7868010660,0,0,0,-1,-
4924614172297341,3128855,qlever-server-d,S,936,1591,25279315500,30777902,1912,1,futex_do_wait
4924614172297341,3128859,qlever-server-d,S,0,0,3594443,3868162,31,14,futex_do_wait
4924614172297341,3129400,qlever-server-d,S,1669,13,16826331014,276613148,761,13,futex_do_wait
4924614172297341,3129401,qlever-server-d,S,1667,13,16814697806,268889725,600,11,futex_do_wait
4924614172297341,3129402,qlever-server-d,S,1661,17,16789689543,319142072,1281,11,futex_do_wait
4924614172297341,3129403,qlever-server-d,S,1669,15,16849856034,259348840,792,1,futex_do_wait
4924614172297341,3129404,qlever-server-d,S,1683,14,16986788470,114503981,810,11,futex_do_wait
4924614172297341,3129405,qlever-server-d,S,1682,13,16964481730,127800675,716,10,futex_do_wait
4924614172297341,3129406,qlever-server-d,S,1662,15,16778325616,321753275,911,7,futex_do_wait
4924614172297341,3129407,qlever-server-d,S,1671,12,16846734536,254649246,724,14,futex_do_wait
4924614172297341,3129408,qlever-server-d,S,0,0,15360,0,1,13,futex_do_wait
4924614172297341,3129409,qlever-server-d,S,0,0,273001,0,7,12,ep_poll
4924614172297341,3129410,qlever-server-d,S,0,0,611590,20000,13,9,futex_do_wait
4924614172297341,3129411,qlever-server-d,S,2,21,241568518,503606989,1982,0,futex_do_wait
4924614172297341,3129412,qlever-server-d,S,1,20,212467920,461568296,1788,11,futex_do_wait
4924614172297341,3129413,qlever-server-d,S,1,19,209272712,503154291,1904,2,futex_do_wait
4924614172297341,3129414,qlever-server-d,S,0,26,277531562,502296034,2036,11,futex_do_wait
4924614172297341,3129415,qlever-server-d,S,1,19,205529136,483147164,1960,3,futex_do_wait
4924614172297341,3129416,qlever-server-d,S,1,16,175767225,453931580,1735,2,futex_do_wait
4924614172297341,3129417,qlever-server-d,S,1,19,215638703,468529096,1863,11,futex_do_wait
4924614172297341,3129418,qlever-server-d,S,0,23,245094444,458470306,1835,2,ep_poll
4924614172297341,0,__system__,-,1024894964,7868010692,0,0,0,-1,-
4924614192303182,3128855,qlever-server-d,S,936,1591,25279315500,30777902,1912,1,futex_do_wait
4924614192303182,3128859,qlever-server-d,S,0,0,3594443,3868162,31,14,futex_do_wait
4924614192303182,3129400,qlever-server-d,S,1669,13,16826331014,276613148,761,13,futex_do_wait
4924614192303182,3129401,qlever-server-d,S,1667,13,16814697806,268889725,600,11,futex_do_wait
4924614192303182,3129402,qlever-server-d,S,1661,17,16789689543,319142072,1281,11,futex_do_wait
4924614192303182,3129403,qlever-server-d,S,1669,15,16849856034,259348840,792,1,futex_do_wait
4924614192303182,3129404,qlever-server-d,S,1683,14,16986788470,114503981,810,11,futex_do_wait
4924614192303182,3129405,qlever-server-d,S,1682,13,16964481730,127800675,716,10,futex_do_wait
4924614192303182,3129406,qlever-server-d,S,1662,15,16778325616,321753275,911,7,futex_do_wait
4924614192303182,3129407,qlever-server-d,S,1671,12,16846734536,254649246,724,14,futex_do_wait
4924614192303182,3129408,qlever-server-d,S,0,0,15360,0,1,13,futex_do_wait
4924614192303182,3129409,qlever-server-d,S,0,0,273001,0,7,12,ep_poll
4924614192303182,3129410,qlever-server-d,S,0,0,611590,20000,13,9,futex_do_wait
4924614192303182,3129411,qlever-server-d,S,2,21,241568518,503606989,1982,0,futex_do_wait
4924614192303182,3129412,qlever-server-d,S,1,20,212467920,461568296,1788,11,futex_do_wait
4924614192303182,3129413,qlever-server-d,S,1,19,209272712,503154291,1904,2,futex_do_wait
4924614192303182,3129414,qlever-server-d,S,0,26,277531562,502296034,2036,11,futex_do_wait
4924614192303182,3129415,qlever-server-d,S,1,19,205529136,483147164,1960,3,futex_do_wait
4924614192303182,3129416,qlever-server-d,S,1,16,175767225,453931580,1735,2,futex_do_wait
4924614192303182,3129417,qlever-server-d,S,1,19,215638703,468529096,1863,11,futex_do_wait
4924614192303182,3129418,qlever-server-d,S,0,23,245094444,458470306,1835,2,ep_poll
4924614192303182,0,__system__,-,1024894978,7868010724,0,0,0,-1,-
4924614212299753,3128855,qlever-server-d,S,936,1591,25279315500,30777902,1912,1,futex_do_wait
4924614212299753,3128859,qlever-server-d,S,0,0,3594443,3868162,31,14,futex_do_wait
4924614212299753,3129400,qlever-server-d,S,1669,13,16826331014,276613148,761,13,futex_do_wait
4924614212299753,3129401,qlever-server-d,S,1667,13,16814697806,268889725,600,11,futex_do_wait
4924614212299753,3129402,qlever-server-d,S,1661,17,16789689543,319142072,1281,11,futex_do_wait
4924614212299753,3129403,qlever-server-d,S,1669,15,16849856034,259348840,792,1,futex_do_wait
4924614212299753,3129404,qlever-server-d,S,1683,14,16986788470,114503981,810,11,futex_do_wait
4924614212299753,3129405,qlever-server-d,S,1682,13,16964481730,127800675,716,10,futex_do_wait
4924614212299753,3129406,qlever-server-d,S,1662,15,16778325616,321753275,911,7,futex_do_wait
4924614212299753,3129407,qlever-server-d,S,1671,12,16846734536,254649246,724,14,futex_do_wait
4924614212299753,3129408,qlever-server-d,S,0,0,15360,0,1,13,futex_do_wait
4924614212299753,3129409,qlever-server-d,S,0,0,273001,0,7,12,ep_poll
4924614212299753,3129410,qlever-server-d,S,0,0,611590,20000,13,9,futex_do_wait
4924614212299753,3129411,qlever-server-d,S,2,21,241568518,503606989,1982,0,futex_do_wait
4924614212299753,3129412,qlever-server-d,S,1,20,212467920,461568296,1788,11,futex_do_wait
4924614212299753,3129413,qlever-server-d,S,1,19,209272712,503154291,1904,2,futex_do_wait
4924614212299753,3129414,qlever-server-d,S,0,26,277531562,502296034,2036,11,futex_do_wait
4924614212299753,3129415,qlever-server-d,S,1,19,205529136,483147164,1960,3,futex_do_wait
4924614212299753,3129416,qlever-server-d,S,1,16,175767225,453931580,1735,2,futex_do_wait
4924614212299753,3129417,qlever-server-d,S,1,19,215638703,468529096,1863,11,futex_do_wait
4924614212299753,3129418,qlever-server-d,S,0,23,245094444,458470306,1835,2,ep_poll
4924614212299753,0,__system__,-,1024894991,7868010755,0,0,0,-1,-
4924614232307974,3128855,qlever-server-d,S,936,1591,25279315500,30777902,1912,1,futex_do_wait
4924614232307974,3128859,qlever-server-d,S,0,0,3594443,3868162,31,14,futex_do_wait
4924614232307974,3129400,qlever-server-d,S,1669,13,16826331014,276613148,761,13,futex_do_wait
4924614232307974,3129401,qlever-server-d,S,1667,13,16814697806,268889725,600,11,futex_do_wait
4924614232307974,3129402,qlever-server-d,S,1661,17,16789689543,319142072,1281,11,futex_do_wait
4924614232307974,3129403,qlever-server-d,S,1669,15,16849856034,259348840,792,1,futex_do_wait
4924614232307974,3129404,qlever-server-d,S,1683,14,16986788470,114503981,810,11,futex_do_wait
4924614232307974,3129405,qlever-server-d,S,1682,13,16964481730,127800675,716,10,futex_do_wait
4924614232307974,3129406,qlever-server-d,S,1662,15,16778325616,321753275,911,7,futex_do_wait
4924614232307974,3129407,qlever-server-d,S,1671,12,16846734536,254649246,724,14,futex_do_wait
4924614232307974,3129408,qlever-server-d,S,0,0,15360,0,1,13,futex_do_wait
4924614232307974,3129409,qlever-server-d,S,0,0,273001,0,7,12,ep_poll
4924614232307974,3129410,qlever-server-d,S,0,0,611590,20000,13,9,futex_do_wait
4924614232307974,3129411,qlever-server-d,S,2,21,241568518,503606989,1982,0,futex_do_wait
4924614232307974,3129412,qlever-server-d,S,1,20,212467920,461568296,1788,11,futex_do_wait
4924614232307974,3129413,qlever-server-d,S,1,19,209272712,503154291,1904,2,futex_do_wait
4924614232307974,3129414,qlever-server-d,S,0,26,277531562,502296034,2036,11,futex_do_wait
4924614232307974,3129415,qlever-server-d,S,1,19,205529136,483147164,1960,3,futex_do_wait
4924614232307974,3129416,qlever-server-d,S,1,16,175767225,453931580,1735,2,futex_do_wait
4924614232307974,3129417,qlever-server-d,S,1,19,215638703,468529096,1863,11,futex_do_wait
4924614232307974,3129418,qlever-server-d,S,0,23,245094444,458470306,1835,2,ep_poll
4924614232307974,0,__system__,-,1024895006,7868010788,0,0,0,-1,-
4924614252287265,3128855,qlever-server-d,S,936,1591,25279315500,30777902,1912,1,futex_do_wait
4924614252287265,3128859,qlever-server-d,S,0,0,3594443,3868162,31,14,futex_do_wait
4924614252287265,3129400,qlever-server-d,S,1669,13,16826331014,276613148,761,13,futex_do_wait
4924614252287265,3129401,qlever-server-d,S,1667,13,16814697806,268889725,600,11,futex_do_wait
4924614252287265,3129402,qlever-server-d,S,1661,17,16789689543,319142072,1281,11,futex_do_wait
4924614252287265,3129403,qlever-server-d,S,1669,15,16849856034,259348840,792,1,futex_do_wait
4924614252287265,3129404,qlever-server-d,S,1683,14,16986788470,114503981,810,11,futex_do_wait
4924614252287265,3129405,qlever-server-d,S,1682,13,16964481730,127800675,716,10,futex_do_wait
4924614252287265,3129406,qlever-server-d,S,1662,15,16778325616,321753275,911,7,futex_do_wait
4924614252287265,3129407,qlever-server-d,S,1671,12,16846734536,254649246,724,14,futex_do_wait
4924614252287265,3129408,qlever-server-d,S,0,0,15360,0,1,13,futex_do_wait
4924614252287265,3129409,qlever-server-d,S,0,0,273001,0,7,12,ep_poll
4924614252287265,3129410,qlever-server-d,S,0,0,611590,20000,13,9,futex_do_wait
4924614252287265,3129411,qlever-server-d,S,2,21,241568518,503606989,1982,0,futex_do_wait
4924614252287265,3129412,qlever-server-d,S,1,20,212467920,461568296,1788,11,futex_do_wait
4924614252287265,3129413,qlever-server-d,S,1,19,209272712,503154291,1904,2,futex_do_wait
4924614252287265,3129414,qlever-server-d,S,0,26,277531562,502296034,2036,11,futex_do_wait
4924614252287265,3129415,qlever-server-d,S,1,19,205529136,483147164,1960,3,futex_do_wait
4924614252287265,3129416,qlever-server-d,S,1,16,175767225,453931580,1735,2,futex_do_wait
4924614252287265,3129417,qlever-server-d,S,1,19,215638703,468529096,1863,11,futex_do_wait
4924614252287265,3129418,qlever-server-d,S,0,23,245094444,458470306,1835,2,ep_poll
4924614252287265,0,__system__,-,1024895019,7868010820,0,0,0,-1,-
4924614272265136,3128855,qlever-server-d,S,936,1591,25279315500,30777902,1912,1,futex_do_wait
4924614272265136,3128859,qlever-server-d,S,0,0,3594443,3868162,31,14,futex_do_wait
4924614272265136,3129400,qlever-server-d,S,1669,13,16826331014,276613148,761,13,futex_do_wait
4924614272265136,3129401,qlever-server-d,S,1667,13,16814697806,268889725,600,11,futex_do_wait
4924614272265136,3129402,qlever-server-d,S,1661,17,16789689543,319142072,1281,11,futex_do_wait
4924614272265136,3129403,qlever-server-d,S,1669,15,16849856034,259348840,792,1,futex_do_wait
4924614272265136,3129404,qlever-server-d,S,1683,14,16986788470,114503981,810,11,futex_do_wait
4924614272265136,3129405,qlever-server-d,S,1682,13,16964481730,127800675,716,10,futex_do_wait
4924614272265136,3129406,qlever-server-d,S,1662,15,16778325616,321753275,911,7,futex_do_wait
4924614272265136,3129407,qlever-server-d,S,1671,12,16846734536,254649246,724,14,futex_do_wait
4924614272265136,3129408,qlever-server-d,S,0,0,15360,0,1,13,futex_do_wait
4924614272265136,3129409,qlever-server-d,S,0,0,273001,0,7,12,ep_poll
4924614272265136,3129410,qlever-server-d,S,0,0,611590,20000,13,9,futex_do_wait
4924614272265136,3129411,qlever-server-d,S,2,21,241568518,503606989,1982,0,futex_do_wait
4924614272265136,3129412,qlever-server-d,S,1,20,212467920,461568296,1788,11,futex_do_wait
4924614272265136,3129413,qlever-server-d,S,1,19,209272712,503154291,1904,2,futex_do_wait
4924614272265136,3129414,qlever-server-d,S,0,26,277531562,502296034,2036,11,futex_do_wait
4924614272265136,3129415,qlever-server-d,S,1,19,205529136,483147164,1960,3,futex_do_wait
4924614272265136,3129416,qlever-server-d,S,1,16,175767225,453931580,1735,2,futex_do_wait
4924614272265136,3129417,qlever-server-d,S,1,19,215638703,468529096,1863,11,futex_do_wait
4924614272265136,3129418,qlever-server-d,S,0,23,245094444,458470306,1835,2,ep_poll
4924614272265136,0,__system__,-,1024895033,7868010852,0,0,0,-1,-
4924614292271287,3128855,qlever-server-d,S,936,1591,25279315500,30777902,1912,1,futex_do_wait
4924614292271287,3128859,qlever-server-d,S,0,0,3594443,3868162,31,14,futex_do_wait
4924614292271287,3129400,qlever-server-d,S,1669,13,16826331014,276613148,761,13,futex_do_wait
4924614292271287,3129401,qlever-server-d,S,1667,13,16814697806,268889725,600,11,futex_do_wait
4924614292271287,3129402,qlever-server-d,S,1661,17,16789689543,319142072,1281,11,futex_do_wait
4924614292271287,3129403,qlever-server-d,S,1669,15,16849856034,259348840,792,1,futex_do_wait
4924614292271287,3129404,qlever-server-d,S,1683,14,16986788470,114503981,810,11,futex_do_wait
4924614292271287,3129405,qlever-server-d,S,1682,13,16964481730,127800675,716,10,futex_do_wait
4924614292271287,3129406,qlever-server-d,S,1662,15,16778325616,321753275,911,7,futex_do_wait
4924614292271287,3129407,qlever-server-d,S,1671,12,16846734536,254649246,724,14,futex_do_wait
4924614292271287,3129408,qlever-server-d,S,0,0,15360,0,1,13,futex_do_wait
4924614292271287,3129409,qlever-server-d,S,0,0,273001,0,7,12,ep_poll
4924614292271287,3129410,qlever-server-d,S,0,0,611590,20000,13,9,futex_do_wait
4924614292271287,3129411,qlever-server-d,S,2,21,241568518,503606989,1982,0,futex_do_wait
4924614292271287,3129412,qlever-server-d,S,1,20,212467920,461568296,1788,11,futex_do_wait
4924614292271287,3129413,qlever-server-d,S,1,19,209272712,503154291,1904,2,futex_do_wait
4924614292271287,3129414,qlever-server-d,S,0,26,277531562,502296034,2036,11,futex_do_wait
4924614292271287,3129415,qlever-server-d,S,1,19,205529136,483147164,1960,3,futex_do_wait
4924614292271287,3129416,qlever-server-d,S,1,16,175767225,453931580,1735,2,futex_do_wait
4924614292271287,3129417,qlever-server-d,S,1,19,215638703,468529096,1863,11,futex_do_wait
4924614292271287,3129418,qlever-server-d,S,0,23,245094444,458470306,1835,2,ep_poll
4924614292271287,0,__system__,-,1024895045,7868010884,0,0,0,-1,-
4924614312291428,3128855,qlever-server-d,S,936,1591,25279315500,30777902,1912,1,futex_do_wait
4924614312291428,3128859,qlever-server-d,S,0,0,3594443,3868162,31,14,futex_do_wait
4924614312291428,3129400,qlever-server-d,S,1669,13,16826331014,276613148,761,13,futex_do_wait
4924614312291428,3129401,qlever-server-d,S,1667,13,16814697806,268889725,600,11,futex_do_wait
4924614312291428,3129402,qlever-server-d,S,1661,17,16789689543,319142072,1281,11,futex_do_wait
4924614312291428,3129403,qlever-server-d,S,1669,15,16849856034,259348840,792,1,futex_do_wait
4924614312291428,3129404,qlever-server-d,S,1683,14,16986788470,114503981,810,11,futex_do_wait
4924614312291428,3129405,qlever-server-d,S,1682,13,16964481730,127800675,716,10,futex_do_wait
4924614312291428,3129406,qlever-server-d,S,1662,15,16778325616,321753275,911,7,futex_do_wait
4924614312291428,3129407,qlever-server-d,S,1671,12,16846734536,254649246,724,14,futex_do_wait
4924614312291428,3129408,qlever-server-d,S,0,0,15360,0,1,13,futex_do_wait
4924614312291428,3129409,qlever-server-d,S,0,0,273001,0,7,12,ep_poll
4924614312291428,3129410,qlever-server-d,S,0,0,611590,20000,13,9,futex_do_wait
4924614312291428,3129411,qlever-server-d,S,2,21,241568518,503606989,1982,0,futex_do_wait
4924614312291428,3129412,qlever-server-d,S,1,20,212467920,461568296,1788,11,futex_do_wait
4924614312291428,3129413,qlever-server-d,S,1,19,209272712,503154291,1904,2,futex_do_wait
4924614312291428,3129414,qlever-server-d,S,0,26,277531562,502296034,2036,11,futex_do_wait
4924614312291428,3129415,qlever-server-d,S,1,19,205529136,483147164,1960,3,futex_do_wait
4924614312291428,3129416,qlever-server-d,S,1,16,175767225,453931580,1735,2,futex_do_wait
4924614312291428,3129417,qlever-server-d,S,1,19,215638703,468529096,1863,11,futex_do_wait
4924614312291428,3129418,qlever-server-d,S,0,23,245094444,458470306,1835,2,ep_poll
4924614312291428,0,__system__,-,1024895058,7868010916,0,0,0,-1,-
4924614332294719,3128855,qlever-server-d,S,936,1591,25279315500,30777902,1912,1,futex_do_wait
4924614332294719,3128859,qlever-server-d,S,0,0,3594443,3868162,31,14,futex_do_wait
4924614332294719,3129400,qlever-server-d,S,1669,13,16826331014,276613148,761,13,futex_do_wait
4924614332294719,3129401,qlever-server-d,S,1667,13,16814697806,268889725,600,11,futex_do_wait
4924614332294719,3129402,qlever-server-d,S,1661,17,16789689543,319142072,1281,11,futex_do_wait
4924614332294719,3129403,qlever-server-d,S,1669,15,16849856034,259348840,792,1,futex_do_wait
4924614332294719,3129404,qlever-server-d,S,1683,14,16986788470,114503981,810,11,futex_do_wait
4924614332294719,3129405,qlever-server-d,S,1682,13,16964481730,127800675,716,10,futex_do_wait
4924614332294719,3129406,qlever-server-d,S,1662,15,16778325616,321753275,911,7,futex_do_wait
4924614332294719,3129407,qlever-server-d,S,1671,12,16846734536,254649246,724,14,futex_do_wait
4924614332294719,3129408,qlever-server-d,S,0,0,15360,0,1,13,futex_do_wait
4924614332294719,3129409,qlever-server-d,S,0,0,273001,0,7,12,ep_poll
4924614332294719,3129410,qlever-server-d,S,0,0,611590,20000,13,9,futex_do_wait
4924614332294719,3129411,qlever-server-d,S,2,21,241568518,503606989,1982,0,futex_do_wait
4924614332294719,3129412,qlever-server-d,S,1,20,212467920,461568296,1788,11,futex_do_wait
4924614332294719,3129413,qlever-server-d,S,1,19,209272712,503154291,1904,2,futex_do_wait
4924614332294719,3129414,qlever-server-d,S,0,26,277531562,502296034,2036,11,futex_do_wait
4924614332294719,3129415,qlever-server-d,S,1,19,205529136,483147164,1960,3,futex_do_wait
4924614332294719,3129416,qlever-server-d,S,1,16,175767225,453931580,1735,2,futex_do_wait
4924614332294719,3129417,qlever-server-d,S,1,19,215638703,468529096,1863,11,futex_do_wait
4924614332294719,3129418,qlever-server-d,S,0,23,245094444,458470306,1835,2,ep_poll
4924614332294719,0,__system__,-,1024895069,7868010947,0,0,0,-1,-
4924614352300250,3128855,qlever-server-d,S,936,1591,25279315500,30777902,1912,1,futex_do_wait
4924614352300250,3128859,qlever-server-d,S,0,0,3594443,3868162,31,14,futex_do_wait
4924614352300250,3129400,qlever-server-d,S,1669,13,16826331014,276613148,761,13,futex_do_wait
4924614352300250,3129401,qlever-server-d,S,1667,13,16814697806,268889725,600,11,futex_do_wait
4924614352300250,3129402,qlever-server-d,S,1661,17,16789689543,319142072,1281,11,futex_do_wait
4924614352300250,3129403,qlever-server-d,S,1669,15,16849856034,259348840,792,1,futex_do_wait
4924614352300250,3129404,qlever-server-d,S,1683,14,16986788470,114503981,810,11,futex_do_wait
4924614352300250,3129405,qlever-server-d,S,1682,13,16964481730,127800675,716,10,futex_do_wait
4924614352300250,3129406,qlever-server-d,S,1662,15,16778325616,321753275,911,7,futex_do_wait
4924614352300250,3129407,qlever-server-d,S,1671,12,16846734536,254649246,724,14,futex_do_wait
4924614352300250,3129408,qlever-server-d,S,0,0,15360,0,1,13,futex_do_wait
4924614352300250,3129409,qlever-server-d,S,0,0,273001,0,7,12,ep_poll
4924614352300250,3129410,qlever-server-d,S,0,0,611590,20000,13,9,futex_do_wait
4924614352300250,3129411,qlever-server-d,S,2,21,241568518,503606989,1982,0,futex_do_wait
4924614352300250,3129412,qlever-server-d,S,1,20,212467920,461568296,1788,11,futex_do_wait
4924614352300250,3129413,qlever-server-d,S,1,19,209272712,503154291,1904,2,futex_do_wait
4924614352300250,3129414,qlever-server-d,S,0,26,277531562,502296034,2036,11,futex_do_wait
4924614352300250,3129415,qlever-server-d,S,1,19,205529136,483147164,1960,3,futex_do_wait
4924614352300250,3129416,qlever-server-d,S,1,16,175767225,453931580,1735,2,futex_do_wait
4924614352300250,3129417,qlever-server-d,S,1,19,215638703,468529096,1863,11,futex_do_wait
4924614352300250,3129418,qlever-server-d,S,0,23,245094444,458470306,1835,2,ep_poll
4924614352300250,0,__system__,-,1024895083,7868010980,0,0,0,-1,-
4924614372310141,3128855,qlever-server-d,S,936,1591,25279315500,30777902,1912,1,futex_do_wait
4924614372310141,3128859,qlever-server-d,S,0,0,3594443,3868162,31,14,futex_do_wait
4924614372310141,3129400,qlever-server-d,S,1669,13,16826331014,276613148,761,13,futex_do_wait
4924614372310141,3129401,qlever-server-d,S,1667,13,16814697806,268889725,600,11,futex_do_wait
4924614372310141,3129402,qlever-server-d,S,1661,17,16789689543,319142072,1281,11,futex_do_wait
4924614372310141,3129403,qlever-server-d,S,1669,15,16849856034,259348840,792,1,futex_do_wait
4924614372310141,3129404,qlever-server-d,S,1683,14,16986788470,114503981,810,11,futex_do_wait
4924614372310141,3129405,qlever-server-d,S,1682,13,16964481730,127800675,716,10,futex_do_wait
4924614372310141,3129406,qlever-server-d,S,1662,15,16778325616,321753275,911,7,futex_do_wait
4924614372310141,3129407,qlever-server-d,S,1671,12,16846734536,254649246,724,14,futex_do_wait
4924614372310141,3129408,qlever-server-d,S,0,0,15360,0,1,13,futex_do_wait
4924614372310141,3129409,qlever-server-d,S,0,0,273001,0,7,12,ep_poll
4924614372310141,3129410,qlever-server-d,S,0,0,611590,20000,13,9,futex_do_wait
4924614372310141,3129411,qlever-server-d,S,2,21,241568518,503606989,1982,0,futex_do_wait
4924614372310141,3129412,qlever-server-d,S,1,20,212467920,461568296,1788,11,futex_do_wait
4924614372310141,3129413,qlever-server-d,S,1,19,209272712,503154291,1904,2,futex_do_wait
4924614372310141,3129414,qlever-server-d,S,0,26,277531562,502296034,2036,11,futex_do_wait
4924614372310141,3129415,qlever-server-d,S,1,19,205529136,483147164,1960,3,futex_do_wait
4924614372310141,3129416,qlever-server-d,S,1,16,175767225,453931580,1735,2,futex_do_wait
4924614372310141,3129417,qlever-server-d,S,1,19,215638703,468529096,1863,11,futex_do_wait
4924614372310141,3129418,qlever-server-d,S,0,23,245094444,458470306,1835,2,ep_poll
4924614372310141,0,__system__,-,1024895095,7868011011,0,0,0,-1,-
4924614392300982,3128855,qlever-server-d,S,936,1591,25279315500,30777902,1912,1,futex_do_wait
4924614392300982,3128859,qlever-server-d,S,0,0,3594443,3868162,31,14,futex_do_wait
4924614392300982,3129400,qlever-server-d,S,1669,13,16826331014,276613148,761,13,futex_do_wait
4924614392300982,3129401,qlever-server-d,S,1667,13,16814697806,268889725,600,11,futex_do_wait
4924614392300982,3129402,qlever-server-d,S,1661,17,16789689543,319142072,1281,11,futex_do_wait
4924614392300982,3129403,qlever-server-d,S,1669,15,16849856034,259348840,792,1,futex_do_wait
4924614392300982,3129404,qlever-server-d,S,1683,14,16986788470,114503981,810,11,futex_do_wait
4924614392300982,3129405,qlever-server-d,S,1682,13,16964481730,127800675,716,10,futex_do_wait
4924614392300982,3129406,qlever-server-d,S,1662,15,16778325616,321753275,911,7,futex_do_wait
4924614392300982,3129407,qlever-server-d,S,1671,12,16846734536,254649246,724,14,futex_do_wait
4924614392300982,3129408,qlever-server-d,S,0,0,15360,0,1,13,futex_do_wait
4924614392300982,3129409,qlever-server-d,S,0,0,273001,0,7,12,ep_poll
4924614392300982,3129410,qlever-server-d,S,0,0,611590,20000,13,9,futex_do_wait
4924614392300982,3129411,qlever-server-d,S,2,21,241568518,503606989,1982,0,futex_do_wait
4924614392300982,3129412,qlever-server-d,S,1,20,212467920,461568296,1788,11,futex_do_wait
4924614392300982,3129413,qlever-server-d,S,1,19,209272712,503154291,1904,2,futex_do_wait
4924614392300982,3129414,qlever-server-d,S,0,26,277531562,502296034,2036,11,futex_do_wait
4924614392300982,3129415,qlever-server-d,S,1,19,205529136,483147164,1960,3,futex_do_wait
4924614392300982,3129416,qlever-server-d,S,1,16,175767225,453931580,1735,2,futex_do_wait
4924614392300982,3129417,qlever-server-d,S,1,19,215638703,468529096,1863,11,futex_do_wait
4924614392300982,3129418,qlever-server-d,S,0,23,245094444,458470306,1835,2,ep_poll
4924614392300982,0,__system__,-,1024895110,7868011044,0,0,0,-1,-
4924614412312643,3128855,qlever-server-d,S,936,1591,25279315500,30777902,1912,1,futex_do_wait
4924614412312643,3128859,qlever-server-d,S,0,0,3594443,3868162,31,14,futex_do_wait
4924614412312643,3129400,qlever-server-d,S,1669,13,16826331014,276613148,761,13,futex_do_wait
4924614412312643,3129401,qlever-server-d,S,1667,13,16814697806,268889725,600,11,futex_do_wait
4924614412312643,3129402,qlever-server-d,S,1661,17,16789689543,319142072,1281,11,futex_do_wait
4924614412312643,3129403,qlever-server-d,S,1669,15,16849856034,259348840,792,1,futex_do_wait
4924614412312643,3129404,qlever-server-d,S,1683,14,16986788470,114503981,810,11,futex_do_wait
4924614412312643,3129405,qlever-server-d,S,1682,13,16964481730,127800675,716,10,futex_do_wait
4924614412312643,3129406,qlever-server-d,S,1662,15,16778325616,321753275,911,7,futex_do_wait
4924614412312643,3129407,qlever-server-d,S,1671,12,16846734536,254649246,724,14,futex_do_wait
4924614412312643,3129408,qlever-server-d,S,0,0,15360,0,1,13,futex_do_wait
4924614412312643,3129409,qlever-server-d,S,0,0,273001,0,7,12,ep_poll
4924614412312643,3129410,qlever-server-d,S,0,0,611590,20000,13,9,futex_do_wait
4924614412312643,3129411,qlever-server-d,S,2,21,241568518,503606989,1982,0,futex_do_wait
4924614412312643,3129412,qlever-server-d,S,1,20,212467920,461568296,1788,11,futex_do_wait
4924614412312643,3129413,qlever-server-d,S,1,19,209272712,503154291,1904,2,futex_do_wait
4924614412312643,3129414,qlever-server-d,S,0,26,277531562,502296034,2036,11,futex_do_wait
4924614412312643,3129415,qlever-server-d,S,1,19,205529136,483147164,1960,3,futex_do_wait
4924614412312643,3129416,qlever-server-d,S,1,16,175767225,453931580,1735,2,futex_do_wait
4924614412312643,3129417,qlever-server-d,S,1,19,215638703,468529096,1863,11,futex_do_wait
4924614412312643,3129418,qlever-server-d,S,0,23,245094444,458470306,1835,2,ep_poll
4924614412312643,0,__system__,-,1024895121,7868011075,0,0,0,-1,-
4924614432299554,3128855,qlever-server-d,S,936,1591,25279315500,30777902,1912,1,futex_do_wait
4924614432299554,3128859,qlever-server-d,S,0,0,3594443,3868162,31,14,futex_do_wait
4924614432299554,3129400,qlever-server-d,S,1669,13,16826331014,276613148,761,13,futex_do_wait
4924614432299554,3129401,qlever-server-d,S,1667,13,16814697806,268889725,600,11,futex_do_wait
4924614432299554,3129402,qlever-server-d,S,1661,17,16789689543,319142072,1281,11,futex_do_wait
4924614432299554,3129403,qlever-server-d,S,1669,15,16849856034,259348840,792,1,futex_do_wait
4924614432299554,3129404,qlever-server-d,S,1683,14,16986788470,114503981,810,11,futex_do_wait
4924614432299554,3129405,qlever-server-d,S,1682,13,16964481730,127800675,716,10,futex_do_wait
4924614432299554,3129406,qlever-server-d,S,1662,15,16778325616,321753275,911,7,futex_do_wait
4924614432299554,3129407,qlever-server-d,S,1671,12,16846734536,254649246,724,14,futex_do_wait
4924614432299554,3129408,qlever-server-d,S,0,0,15360,0,1,13,futex_do_wait
4924614432299554,3129409,qlever-server-d,S,0,0,273001,0,7,12,ep_poll
4924614432299554,3129410,qlever-server-d,S,0,0,611590,20000,13,9,futex_do_wait
4924614432299554,3129411,qlever-server-d,S,2,21,241568518,503606989,1982,0,futex_do_wait
4924614432299554,3129412,qlever-server-d,S,1,20,212467920,461568296,1788,11,futex_do_wait
4924614432299554,3129413,qlever-server-d,S,1,19,209272712,503154291,1904,2,futex_do_wait
4924614432299554,3129414,qlever-server-d,S,0,26,277531562,502296034,2036,11,futex_do_wait
4924614432299554,3129415,qlever-server-d,S,1,19,205529136,483147164,1960,3,futex_do_wait
4924614432299554,3129416,qlever-server-d,S,1,16,175767225,453931580,1735,2,futex_do_wait
4924614432299554,3129417,qlever-server-d,S,1,19,215638703,468529096,1863,11,futex_do_wait
4924614432299554,3129418,qlever-server-d,S,0,23,245094444,458470306,1835,2,ep_poll
4924614432299554,0,__system__,-,1024895133,7868011106,0,0,0,-1,-
4924614452290035,3128855,qlever-server-d,S,936,1591,25279315500,30777902,1912,1,futex_do_wait
4924614452290035,3128859,qlever-server-d,S,0,0,3594443,3868162,31,14,futex_do_wait
4924614452290035,3129400,qlever-server-d,S,1669,13,16826331014,276613148,761,13,futex_do_wait
4924614452290035,3129401,qlever-server-d,S,1667,13,16814697806,268889725,600,11,futex_do_wait
4924614452290035,3129402,qlever-server-d,S,1661,17,16789689543,319142072,1281,11,futex_do_wait
4924614452290035,3129403,qlever-server-d,S,1669,15,16849856034,259348840,792,1,futex_do_wait
4924614452290035,3129404,qlever-server-d,S,1683,14,16986788470,114503981,810,11,futex_do_wait
4924614452290035,3129405,qlever-server-d,S,1682,13,16964481730,127800675,716,10,futex_do_wait
4924614452290035,3129406,qlever-server-d,S,1662,15,16778325616,321753275,911,7,futex_do_wait
4924614452290035,3129407,qlever-server-d,S,1671,12,16846734536,254649246,724,14,futex_do_wait
4924614452290035,3129408,qlever-server-d,S,0,0,15360,0,1,13,futex_do_wait
4924614452290035,3129409,qlever-server-d,S,0,0,273001,0,7,12,ep_poll
4924614452290035,3129410,qlever-server-d,S,0,0,611590,20000,13,9,futex_do_wait
4924614452290035,3129411,qlever-server-d,S,2,21,241568518,503606989,1982,0,futex_do_wait
4924614452290035,3129412,qlever-server-d,S,1,20,212467920,461568296,1788,11,futex_do_wait
4924614452290035,3129413,qlever-server-d,S,1,19,209272712,503154291,1904,2,futex_do_wait
4924614452290035,3129414,qlever-server-d,S,0,26,277531562,502296034,2036,11,futex_do_wait
4924614452290035,3129415,qlever-server-d,S,1,19,205529136,483147164,1960,3,futex_do_wait
4924614452290035,3129416,qlever-server-d,S,1,16,175767225,453931580,1735,2,futex_do_wait
4924614452290035,3129417,qlever-server-d,S,1,19,215638703,468529096,1863,11,futex_do_wait
4924614452290035,3129418,qlever-server-d,S,0,23,245094444,458470306,1835,2,ep_poll
4924614452290035,0,__system__,-,1024895145,7868011137,0,0,0,-1,-
4924614472293246,3128855,qlever-server-d,S,936,1591,25279315500,30777902,1912,1,futex_do_wait
4924614472293246,3128859,qlever-server-d,S,0,0,3594443,3868162,31,14,futex_do_wait
4924614472293246,3129400,qlever-server-d,S,1669,13,16826331014,276613148,761,13,futex_do_wait
4924614472293246,3129401,qlever-server-d,S,1667,13,16814697806,268889725,600,11,futex_do_wait
4924614472293246,3129402,qlever-server-d,S,1661,17,16789689543,319142072,1281,11,futex_do_wait
4924614472293246,3129403,qlever-server-d,S,1669,15,16849856034,259348840,792,1,futex_do_wait
4924614472293246,3129404,qlever-server-d,S,1683,14,16986788470,114503981,810,11,futex_do_wait
4924614472293246,3129405,qlever-server-d,S,1682,13,16964481730,127800675,716,10,futex_do_wait
4924614472293246,3129406,qlever-server-d,S,1662,15,16778325616,321753275,911,7,futex_do_wait
4924614472293246,3129407,qlever-server-d,S,1671,12,16846734536,254649246,724,14,futex_do_wait
4924614472293246,3129408,qlever-server-d,S,0,0,15360,0,1,13,futex_do_wait
4924614472293246,3129409,qlever-server-d,S,0,0,273001,0,7,12,ep_poll
4924614472293246,3129410,qlever-server-d,S,0,0,611590,20000,13,9,futex_do_wait
4924614472293246,3129411,qlever-server-d,S,2,21,241568518,503606989,1982,0,futex_do_wait
4924614472293246,3129412,qlever-server-d,S,1,20,212467920,461568296,1788,11,futex_do_wait
4924614472293246,3129413,qlever-server-d,S,1,19,209272712,503154291,1904,2,futex_do_wait
4924614472293246,3129414,qlever-server-d,S,0,26,277531562,502296034,2036,11,futex_do_wait
4924614472293246,3129415,qlever-server-d,S,1,19,205529136,483147164,1960,3,futex_do_wait
4924614472293246,3129416,qlever-server-d,S,1,16,175767225,453931580,1735,2,futex_do_wait
4924614472293246,3129417,qlever-server-d,S,1,19,215638703,468529096,1863,11,futex_do_wait
4924614472293246,3129418,qlever-server-d,S,0,23,245094444,458470306,1835,2,ep_poll
4924614472293246,0,__system__,-,1024895159,7868011171,0,0,0,-1,-
4924614492273017,3128855,qlever-server-d,S,936,1591,25279315500,30777902,1912,1,futex_do_wait
4924614492273017,3128859,qlever-server-d,S,0,0,3594443,3868162,31,14,futex_do_wait
4924614492273017,3129400,qlever-server-d,S,1669,13,16826331014,276613148,761,13,futex_do_wait
4924614492273017,3129401,qlever-server-d,S,1667,13,16814697806,268889725,600,11,futex_do_wait
4924614492273017,3129402,qlever-server-d,S,1661,17,16789689543,319142072,1281,11,futex_do_wait
4924614492273017,3129403,qlever-server-d,S,1669,15,16849856034,259348840,792,1,futex_do_wait
4924614492273017,3129404,qlever-server-d,S,1683,14,16986788470,114503981,810,11,futex_do_wait
4924614492273017,3129405,qlever-server-d,S,1682,13,16964481730,127800675,716,10,futex_do_wait
4924614492273017,3129406,qlever-server-d,S,1662,15,16778325616,321753275,911,7,futex_do_wait
4924614492273017,3129407,qlever-server-d,S,1671,12,16846734536,254649246,724,14,futex_do_wait
4924614492273017,3129408,qlever-server-d,S,0,0,15360,0,1,13,futex_do_wait
4924614492273017,3129409,qlever-server-d,S,0,0,273001,0,7,12,ep_poll
4924614492273017,3129410,qlever-server-d,S,0,0,611590,20000,13,9,futex_do_wait
4924614492273017,3129411,qlever-server-d,S,2,21,241568518,503606989,1982,0,futex_do_wait
4924614492273017,3129412,qlever-server-d,S,1,20,212467920,461568296,1788,11,futex_do_wait
4924614492273017,3129413,qlever-server-d,S,1,19,209272712,503154291,1904,2,futex_do_wait
4924614492273017,3129414,qlever-server-d,S,0,26,277531562,502296034,2036,11,futex_do_wait
4924614492273017,3129415,qlever-server-d,S,1,19,205529136,483147164,1960,3,futex_do_wait
4924614492273017,3129416,qlever-server-d,S,1,16,175767225,453931580,1735,2,futex_do_wait
4924614492273017,3129417,qlever-server-d,S,1,19,215638703,468529096,1863,11,futex_do_wait
4924614492273017,3129418,qlever-server-d,S,0,23,245094444,458470306,1835,2,ep_poll
4924614492273017,0,__system__,-,1024895171,7868011202,0,0,0,-1,-
4924614512297558,3128855,qlever-server-d,S,936,1591,25279315500,30777902,1912,1,futex_do_wait
4924614512297558,3128859,qlever-server-d,S,0,0,3594443,3868162,31,14,futex_do_wait
4924614512297558,3129400,qlever-server-d,S,1669,13,16826331014,276613148,761,13,futex_do_wait
4924614512297558,3129401,qlever-server-d,S,1667,13,16814697806,268889725,600,11,futex_do_wait
4924614512297558,3129402,qlever-server-d,S,1661,17,16789689543,319142072,1281,11,futex_do_wait
4924614512297558,3129403,qlever-server-d,S,1669,15,16849856034,259348840,792,1,futex_do_wait
4924614512297558,3129404,qlever-server-d,S,1683,14,16986788470,114503981,810,11,futex_do_wait
4924614512297558,3129405,qlever-server-d,S,1682,13,16964481730,127800675,716,10,futex_do_wait
4924614512297558,3129406,qlever-server-d,S,1662,15,16778325616,321753275,911,7,futex_do_wait
4924614512297558,3129407,qlever-server-d,S,1671,12,16846734536,254649246,724,14,futex_do_wait
4924614512297558,3129408,qlever-server-d,S,0,0,15360,0,1,13,futex_do_wait
4924614512297558,3129409,qlever-server-d,S,0,0,273001,0,7,12,ep_poll
4924614512297558,3129410,qlever-server-d,S,0,0,611590,20000,13,9,futex_do_wait
4924614512297558,3129411,qlever-server-d,S,2,21,241568518,503606989,1982,0,futex_do_wait
4924614512297558,3129412,qlever-server-d,S,1,20,212467920,461568296,1788,11,futex_do_wait
4924614512297558,3129413,qlever-server-d,S,1,19,209272712,503154291,1904,2,futex_do_wait
4924614512297558,3129414,qlever-server-d,S,0,26,277531562,502296034,2036,11,futex_do_wait
4924614512297558,3129415,qlever-server-d,S,1,19,205529136,483147164,1960,3,futex_do_wait
4924614512297558,3129416,qlever-server-d,S,1,16,175767225,453931580,1735,2,futex_do_wait
4924614512297558,3129417,qlever-server-d,S,1,19,215638703,468529096,1863,11,futex_do_wait
4924614512297558,3129418,qlever-server-d,S,0,23,245094444,458470306,1835,2,ep_poll
4924614512297558,0,__system__,-,1024895185,7868011234,0,0,0,-1,-
4924614532303819,3128855,qlever-server-d,S,936,1591,25279315500,30777902,1912,1,futex_do_wait
4924614532303819,3128859,qlever-server-d,S,0,0,3594443,3868162,31,14,futex_do_wait
4924614532303819,3129400,qlever-server-d,S,1669,13,16826331014,276613148,761,13,futex_do_wait
4924614532303819,3129401,qlever-server-d,S,1667,13,16814697806,268889725,600,11,futex_do_wait
4924614532303819,3129402,qlever-server-d,S,1661,17,16789689543,319142072,1281,11,futex_do_wait
4924614532303819,3129403,qlever-server-d,S,1669,15,16849856034,259348840,792,1,futex_do_wait
4924614532303819,3129404,qlever-server-d,S,1683,14,16986788470,114503981,810,11,futex_do_wait
4924614532303819,3129405,qlever-server-d,S,1682,13,16964481730,127800675,716,10,futex_do_wait
4924614532303819,3129406,qlever-server-d,S,1662,15,16778325616,321753275,911,7,futex_do_wait
4924614532303819,3129407,qlever-server-d,S,1671,12,16846734536,254649246,724,14,futex_do_wait
4924614532303819,3129408,qlever-server-d,S,0,0,15360,0,1,13,futex_do_wait
4924614532303819,3129409,qlever-server-d,S,0,0,273001,0,7,12,ep_poll
4924614532303819,3129410,qlever-server-d,S,0,0,611590,20000,13,9,futex_do_wait
4924614532303819,3129411,qlever-server-d,S,2,21,241568518,503606989,1982,0,futex_do_wait
4924614532303819,3129412,qlever-server-d,S,1,20,212467920,461568296,1788,11,futex_do_wait
4924614532303819,3129413,qlever-server-d,S,1,19,209272712,503154291,1904,2,futex_do_wait
4924614532303819,3129414,qlever-server-d,S,0,26,277531562,502296034,2036,11,futex_do_wait
4924614532303819,3129415,qlever-server-d,S,1,19,205529136,483147164,1960,3,futex_do_wait
4924614532303819,3129416,qlever-server-d,S,1,16,175767225,453931580,1735,2,futex_do_wait
4924614532303819,3129417,qlever-server-d,S,1,19,215638703,468529096,1863,11,futex_do_wait
4924614532303819,3129418,qlever-server-d,S,0,23,245094444,458470306,1835,2,ep_poll
4924614532303819,0,__system__,-,1024895197,7868011265,0,0,0,-1,-
4924614552296760,3128855,qlever-server-d,S,936,1591,25279315500,30777902,1912,1,futex_do_wait
4924614552296760,3128859,qlever-server-d,S,0,0,3594443,3868162,31,14,futex_do_wait
4924614552296760,3129400,qlever-server-d,S,1669,13,16826331014,276613148,761,13,futex_do_wait
4924614552296760,3129401,qlever-server-d,S,1667,13,16814697806,268889725,600,11,futex_do_wait
4924614552296760,3129402,qlever-server-d,S,1661,17,16789689543,319142072,1281,11,futex_do_wait
4924614552296760,3129403,qlever-server-d,S,1669,15,16849856034,259348840,792,1,futex_do_wait
4924614552296760,3129404,qlever-server-d,S,1683,14,16986788470,114503981,810,11,futex_do_wait
4924614552296760,3129405,qlever-server-d,S,1682,13,16964481730,127800675,716,10,futex_do_wait
4924614552296760,3129406,qlever-server-d,S,1662,15,16778325616,321753275,911,7,futex_do_wait
4924614552296760,3129407,qlever-server-d,S,1671,12,16846734536,254649246,724,14,futex_do_wait
4924614552296760,3129408,qlever-server-d,S,0,0,15360,0,1,13,futex_do_wait
4924614552296760,3129409,qlever-server-d,S,0,0,273001,0,7,12,ep_poll
4924614552296760,3129410,qlever-server-d,S,0,0,611590,20000,13,9,futex_do_wait
4924614552296760,3129411,qlever-server-d,S,2,21,241568518,503606989,1982,0,futex_do_wait
4924614552296760,3129412,qlever-server-d,S,1,20,212467920,461568296,1788,11,futex_do_wait
4924614552296760,3129413,qlever-server-d,S,1,19,209272712,503154291,1904,2,futex_do_wait
4924614552296760,3129414,qlever-server-d,S,0,26,277531562,502296034,2036,11,futex_do_wait
4924614552296760,3129415,qlever-server-d,S,1,19,205529136,483147164,1960,3,futex_do_wait
4924614552296760,3129416,qlever-server-d,S,1,16,175767225,453931580,1735,2,futex_do_wait
4924614552296760,3129417,qlever-server-d,S,1,19,215638703,468529096,1863,11,futex_do_wait
4924614552296760,3129418,qlever-server-d,S,0,23,245094444,458470306,1835,2,ep_poll
4924614552296760,0,__system__,-,1024895210,7868011297,0,0,0,-1,-
4924614572303561,3128855,qlever-server-d,S,936,1591,25279315500,30777902,1912,1,futex_do_wait
4924614572303561,3128859,qlever-server-d,S,0,0,3594443,3868162,31,14,futex_do_wait
4924614572303561,3129400,qlever-server-d,S,1669,13,16826331014,276613148,761,13,futex_do_wait
4924614572303561,3129401,qlever-server-d,S,1667,13,16814697806,268889725,600,11,futex_do_wait
4924614572303561,3129402,qlever-server-d,S,1661,17,16789689543,319142072,1281,11,futex_do_wait
4924614572303561,3129403,qlever-server-d,S,1669,15,16849856034,259348840,792,1,futex_do_wait
4924614572303561,3129404,qlever-server-d,S,1683,14,16986788470,114503981,810,11,futex_do_wait
4924614572303561,3129405,qlever-server-d,S,1682,13,16964481730,127800675,716,10,futex_do_wait
4924614572303561,3129406,qlever-server-d,S,1662,15,16778325616,321753275,911,7,futex_do_wait
4924614572303561,3129407,qlever-server-d,S,1671,12,16846734536,254649246,724,14,futex_do_wait
4924614572303561,3129408,qlever-server-d,S,0,0,15360,0,1,13,futex_do_wait
4924614572303561,3129409,qlever-server-d,S,0,0,273001,0,7,12,ep_poll
4924614572303561,3129410,qlever-server-d,S,0,0,611590,20000,13,9,futex_do_wait
4924614572303561,3129411,qlever-server-d,S,2,21,241568518,503606989,1982,0,futex_do_wait
4924614572303561,3129412,qlever-server-d,S,1,20,212467920,461568296,1788,11,futex_do_wait
4924614572303561,3129413,qlever-server-d,S,1,19,209272712,503154291,1904,2,futex_do_wait
4924614572303561,3129414,qlever-server-d,S,0,26,277531562,502296034,2036,11,futex_do_wait
4924614572303561,3129415,qlever-server-d,S,1,19,205529136,483147164,1960,3,futex_do_wait
4924614572303561,3129416,qlever-server-d,S,1,16,175767225,453931580,1735,2,futex_do_wait
4924614572303561,3129417,qlever-server-d,S,1,19,215638703,468529096,1863,11,futex_do_wait
4924614572303561,3129418,qlever-server-d,S,0,23,245094444,458470306,1835,2,ep_poll
4924614572303561,0,__system__,-,1024895223,7868011330,0,0,0,-1,-
4924614592300482,3128855,qlever-server-d,S,936,1591,25279315500,30777902,1912,1,futex_do_wait
4924614592300482,3128859,qlever-server-d,S,0,0,3594443,3868162,31,14,futex_do_wait
4924614592300482,3129400,qlever-server-d,S,1669,13,16826331014,276613148,761,13,futex_do_wait
4924614592300482,3129401,qlever-server-d,S,1667,13,16814697806,268889725,600,11,futex_do_wait
4924614592300482,3129402,qlever-server-d,S,1661,17,16789689543,319142072,1281,11,futex_do_wait
4924614592300482,3129403,qlever-server-d,S,1669,15,16849856034,259348840,792,1,futex_do_wait
4924614592300482,3129404,qlever-server-d,S,1683,14,16986788470,114503981,810,11,futex_do_wait
4924614592300482,3129405,qlever-server-d,S,1682,13,16964481730,127800675,716,10,futex_do_wait
4924614592300482,3129406,qlever-server-d,S,1662,15,16778325616,321753275,911,7,futex_do_wait
4924614592300482,3129407,qlever-server-d,S,1671,12,16846734536,254649246,724,14,futex_do_wait
4924614592300482,3129408,qlever-server-d,S,0,0,15360,0,1,13,futex_do_wait
4924614592300482,3129409,qlever-server-d,S,0,0,273001,0,7,12,ep_poll
4924614592300482,3129410,qlever-server-d,S,0,0,611590,20000,13,9,futex_do_wait
4924614592300482,3129411,qlever-server-d,S,2,21,241568518,503606989,1982,0,futex_do_wait
4924614592300482,3129412,qlever-server-d,S,1,20,212467920,461568296,1788,11,futex_do_wait
4924614592300482,3129413,qlever-server-d,S,1,19,209272712,503154291,1904,2,futex_do_wait
4924614592300482,3129414,qlever-server-d,S,0,26,277531562,502296034,2036,11,futex_do_wait
4924614592300482,3129415,qlever-server-d,S,1,19,205529136,483147164,1960,3,futex_do_wait
4924614592300482,3129416,qlever-server-d,S,1,16,175767225,453931580,1735,2,futex_do_wait
4924614592300482,3129417,qlever-server-d,S,1,19,215638703,468529096,1863,11,futex_do_wait
4924614592300482,3129418,qlever-server-d,S,0,23,245094444,458470306,1835,2,ep_poll
4924614592300482,0,__system__,-,1024895235,7868011362,0,0,0,-1,-
4924614612307373,3128855,qlever-server-d,S,936,1591,25279315500,30777902,1912,1,futex_do_wait
4924614612307373,3128859,qlever-server-d,S,0,0,3594443,3868162,31,14,futex_do_wait
4924614612307373,3129400,qlever-server-d,S,1669,13,16826331014,276613148,761,13,futex_do_wait
4924614612307373,3129401,qlever-server-d,S,1667,13,16814697806,268889725,600,11,futex_do_wait
4924614612307373,3129402,qlever-server-d,S,1661,17,16789689543,319142072,1281,11,futex_do_wait
4924614612307373,3129403,qlever-server-d,S,1669,15,16849856034,259348840,792,1,futex_do_wait
4924614612307373,3129404,qlever-server-d,S,1683,14,16986788470,114503981,810,11,futex_do_wait
4924614612307373,3129405,qlever-server-d,S,1682,13,16964481730,127800675,716,10,futex_do_wait
4924614612307373,3129406,qlever-server-d,S,1662,15,16778325616,321753275,911,7,futex_do_wait
4924614612307373,3129407,qlever-server-d,S,1671,12,16846734536,254649246,724,14,futex_do_wait
4924614612307373,3129408,qlever-server-d,S,0,0,15360,0,1,13,futex_do_wait
4924614612307373,3129409,qlever-server-d,S,0,0,273001,0,7,12,ep_poll
4924614612307373,3129410,qlever-server-d,S,0,0,611590,20000,13,9,futex_do_wait
4924614612307373,3129411,qlever-server-d,S,2,21,241568518,503606989,1982,0,futex_do_wait
4924614612307373,3129412,qlever-server-d,S,1,20,212467920,461568296,1788,11,futex_do_wait
4924614612307373,3129413,qlever-server-d,S,1,19,209272712,503154291,1904,2,futex_do_wait
4924614612307373,3129414,qlever-server-d,S,0,26,277531562,502296034,2036,11,futex_do_wait
4924614612307373,3129415,qlever-server-d,S,1,19,205529136,483147164,1960,3,futex_do_wait
4924614612307373,3129416,qlever-server-d,S,1,16,175767225,453931580,1735,2,futex_do_wait
4924614612307373,3129417,qlever-server-d,S,1,19,215638703,468529096,1863,11,futex_do_wait
4924614612307373,3129418,qlever-server-d,S,0,23,245094444,458470306,1835,2,ep_poll
4924614612307373,0,__system__,-,1024895245,7868011392,0,0,0,-1,-
4924614632310474,3128855,qlever-server-d,S,936,1591,25279315500,30777902,1912,1,futex_do_wait
4924614632310474,3128859,qlever-server-d,S,0,0,3594443,3868162,31,14,futex_do_wait
4924614632310474,3129400,qlever-server-d,S,1669,13,16826331014,276613148,761,13,futex_do_wait
4924614632310474,3129401,qlever-server-d,S,1667,13,16814697806,268889725,600,11,futex_do_wait
4924614632310474,3129402,qlever-server-d,S,1661,17,16789689543,319142072,1281,11,futex_do_wait
4924614632310474,3129403,qlever-server-d,S,1669,15,16849856034,259348840,792,1,futex_do_wait
4924614632310474,3129404,qlever-server-d,S,1683,14,16986788470,114503981,810,11,futex_do_wait
4924614632310474,3129405,qlever-server-d,S,1682,13,16964481730,127800675,716,10,futex_do_wait
4924614632310474,3129406,qlever-server-d,S,1662,15,16778325616,321753275,911,7,futex_do_wait
4924614632310474,3129407,qlever-server-d,S,1671,12,16846734536,254649246,724,14,futex_do_wait
4924614632310474,3129408,qlever-server-d,S,0,0,15360,0,1,13,futex_do_wait
4924614632310474,3129409,qlever-server-d,S,0,0,273001,0,7,12,ep_poll
4924614632310474,3129410,qlever-server-d,S,0,0,611590,20000,13,9,futex_do_wait
4924614632310474,3129411,qlever-server-d,S,2,21,241568518,503606989,1982,0,futex_do_wait
4924614632310474,3129412,qlever-server-d,S,1,20,212467920,461568296,1788,11,futex_do_wait
4924614632310474,3129413,qlever-server-d,S,1,19,209272712,503154291,1904,2,futex_do_wait
4924614632310474,3129414,qlever-server-d,S,0,26,277531562,502296034,2036,11,futex_do_wait
4924614632310474,3129415,qlever-server-d,S,1,19,205529136,483147164,1960,3,futex_do_wait
4924614632310474,3129416,qlever-server-d,S,1,16,175767225,453931580,1735,2,futex_do_wait
4924614632310474,3129417,qlever-server-d,S,1,19,215638703,468529096,1863,11,futex_do_wait
4924614632310474,3129418,qlever-server-d,S,0,23,245094444,458470306,1835,2,ep_poll
4924614632310474,0,__system__,-,1024895259,7868011424,0,0,0,-1,-
4924614652306765,3128855,qlever-server-d,S,936,1591,25279315500,30777902,1912,1,futex_do_wait
4924614652306765,3128859,qlever-server-d,S,0,0,3594443,3868162,31,14,futex_do_wait
4924614652306765,3129400,qlever-server-d,S,1669,13,16826331014,276613148,761,13,futex_do_wait
4924614652306765,3129401,qlever-server-d,S,1667,13,16814697806,268889725,600,11,futex_do_wait
4924614652306765,3129402,qlever-server-d,S,1661,17,16789689543,319142072,1281,11,futex_do_wait
4924614652306765,3129403,qlever-server-d,S,1669,15,16849856034,259348840,792,1,futex_do_wait
4924614652306765,3129404,qlever-server-d,S,1683,14,16986788470,114503981,810,11,futex_do_wait
4924614652306765,3129405,qlever-server-d,S,1682,13,16964481730,127800675,716,10,futex_do_wait
4924614652306765,3129406,qlever-server-d,S,1662,15,16778325616,321753275,911,7,futex_do_wait
4924614652306765,3129407,qlever-server-d,S,1671,12,16846734536,254649246,724,14,futex_do_wait
4924614652306765,3129408,qlever-server-d,S,0,0,15360,0,1,13,futex_do_wait
4924614652306765,3129409,qlever-server-d,S,0,0,273001,0,7,12,ep_poll
4924614652306765,3129410,qlever-server-d,S,0,0,611590,20000,13,9,futex_do_wait
4924614652306765,3129411,qlever-server-d,S,2,21,241568518,503606989,1982,0,futex_do_wait
4924614652306765,3129412,qlever-server-d,S,1,20,212467920,461568296,1788,11,futex_do_wait
4924614652306765,3129413,qlever-server-d,S,1,19,209272712,503154291,1904,2,futex_do_wait
4924614652306765,3129414,qlever-server-d,S,0,26,277531562,502296034,2036,11,futex_do_wait
4924614652306765,3129415,qlever-server-d,S,1,19,205529136,483147164,1960,3,futex_do_wait
4924614652306765,3129416,qlever-server-d,S,1,16,175767225,453931580,1735,2,futex_do_wait
4924614652306765,3129417,qlever-server-d,S,1,19,215638703,468529096,1863,11,futex_do_wait
4924614652306765,3129418,qlever-server-d,S,0,23,245094444,458470306,1835,2,ep_poll
4924614652306765,0,__system__,-,1024895274,7868011457,0,0,0,-1,-
4924614672308786,3128855,qlever-server-d,S,936,1591,25279315500,30777902,1912,1,futex_do_wait
4924614672308786,3128859,qlever-server-d,S,0,0,3594443,3868162,31,14,futex_do_wait
4924614672308786,3129400,qlever-server-d,S,1669,13,16826331014,276613148,761,13,futex_do_wait
4924614672308786,3129401,qlever-server-d,S,1667,13,16814697806,268889725,600,11,futex_do_wait
4924614672308786,3129402,qlever-server-d,S,1661,17,16789689543,319142072,1281,11,futex_do_wait
4924614672308786,3129403,qlever-server-d,S,1669,15,16849856034,259348840,792,1,futex_do_wait
4924614672308786,3129404,qlever-server-d,S,1683,14,16986788470,114503981,810,11,futex_do_wait
4924614672308786,3129405,qlever-server-d,S,1682,13,16964481730,127800675,716,10,futex_do_wait
4924614672308786,3129406,qlever-server-d,S,1662,15,16778325616,321753275,911,7,futex_do_wait
4924614672308786,3129407,qlever-server-d,S,1671,12,16846734536,254649246,724,14,futex_do_wait
4924614672308786,3129408,qlever-server-d,S,0,0,15360,0,1,13,futex_do_wait
4924614672308786,3129409,qlever-server-d,S,0,0,273001,0,7,12,ep_poll
4924614672308786,3129410,qlever-server-d,S,0,0,611590,20000,13,9,futex_do_wait
4924614672308786,3129411,qlever-server-d,S,2,21,241568518,503606989,1982,0,futex_do_wait
4924614672308786,3129412,qlever-server-d,S,1,20,212467920,461568296,1788,11,futex_do_wait
4924614672308786,3129413,qlever-server-d,S,1,19,209272712,503154291,1904,2,futex_do_wait
4924614672308786,3129414,qlever-server-d,S,0,26,277531562,502296034,2036,11,futex_do_wait
4924614672308786,3129415,qlever-server-d,S,1,19,205529136,483147164,1960,3,futex_do_wait
4924614672308786,3129416,qlever-server-d,S,1,16,175767225,453931580,1735,2,futex_do_wait
4924614672308786,3129417,qlever-server-d,S,1,19,215638703,468529096,1863,11,futex_do_wait
4924614672308786,3129418,qlever-server-d,S,0,23,245094444,458470306,1835,2,ep_poll
4924614672308786,0,__system__,-,1024895286,7868011489,0,0,0,-1,-
4924614692308447,3128855,qlever-server-d,S,936,1591,25279315500,30777902,1912,1,futex_do_wait
4924614692308447,3128859,qlever-server-d,S,0,0,3594443,3868162,31,14,futex_do_wait
4924614692308447,3129400,qlever-server-d,S,1669,13,16826331014,276613148,761,13,futex_do_wait
4924614692308447,3129401,qlever-server-d,S,1667,13,16814697806,268889725,600,11,futex_do_wait
4924614692308447,3129402,qlever-server-d,S,1661,17,16789689543,319142072,1281,11,futex_do_wait
4924614692308447,3129403,qlever-server-d,S,1669,15,16849856034,259348840,792,1,futex_do_wait
4924614692308447,3129404,qlever-server-d,S,1683,14,16986788470,114503981,810,11,futex_do_wait
4924614692308447,3129405,qlever-server-d,S,1682,13,16964481730,127800675,716,10,futex_do_wait
4924614692308447,3129406,qlever-server-d,S,1662,15,16778325616,321753275,911,7,futex_do_wait
4924614692308447,3129407,qlever-server-d,S,1671,12,16846734536,254649246,724,14,futex_do_wait
4924614692308447,3129408,qlever-server-d,S,0,0,15360,0,1,13,futex_do_wait
4924614692308447,3129409,qlever-server-d,S,0,0,273001,0,7,12,ep_poll
4924614692308447,3129410,qlever-server-d,S,0,0,611590,20000,13,9,futex_do_wait
4924614692308447,3129411,qlever-server-d,S,2,21,241568518,503606989,1982,0,futex_do_wait
4924614692308447,3129412,qlever-server-d,S,1,20,212467920,461568296,1788,11,futex_do_wait
4924614692308447,3129413,qlever-server-d,S,1,19,209272712,503154291,1904,2,futex_do_wait
4924614692308447,3129414,qlever-server-d,S,0,26,277531562,502296034,2036,11,futex_do_wait
4924614692308447,3129415,qlever-server-d,S,1,19,205529136,483147164,1960,3,futex_do_wait
4924614692308447,3129416,qlever-server-d,S,1,16,175767225,453931580,1735,2,futex_do_wait
4924614692308447,3129417,qlever-server-d,S,1,19,215638703,468529096,1863,11,futex_do_wait
4924614692308447,3129418,qlever-server-d,S,0,23,245094444,458470306,1835,2,ep_poll
4924614692308447,0,__system__,-,1024895299,7868011521,0,0,0,-1,-
4924614712305698,3128855,qlever-server-d,S,936,1591,25279315500,30777902,1912,1,futex_do_wait
4924614712305698,3128859,qlever-server-d,S,0,0,3696003,3868162,32,15,futex_do_wait
4924614712305698,3129400,qlever-server-d,S,1669,13,16826331014,276613148,761,13,futex_do_wait
4924614712305698,3129401,qlever-server-d,S,1667,13,16814697806,268889725,600,11,futex_do_wait
4924614712305698,3129402,qlever-server-d,S,1661,17,16789689543,319142072,1281,11,futex_do_wait
4924614712305698,3129403,qlever-server-d,S,1669,15,16849856034,259348840,792,1,futex_do_wait
4924614712305698,3129404,qlever-server-d,S,1683,14,16986788470,114503981,810,11,futex_do_wait
4924614712305698,3129405,qlever-server-d,S,1682,13,16964481730,127800675,716,10,futex_do_wait
4924614712305698,3129406,qlever-server-d,S,1662,15,16778325616,321753275,911,7,futex_do_wait
4924614712305698,3129407,qlever-server-d,S,1671,12,16846734536,254649246,724,14,futex_do_wait
4924614712305698,3129408,qlever-server-d,S,0,0,15360,0,1,13,futex_do_wait
4924614712305698,3129409,qlever-server-d,S,0,0,273001,0,7,12,ep_poll
4924614712305698,3129410,qlever-server-d,S,0,0,611590,20000,13,9,futex_do_wait
4924614712305698,3129411,qlever-server-d,S,2,21,241568518,503606989,1982,0,futex_do_wait
4924614712305698,3129412,qlever-server-d,S,1,20,212467920,461568296,1788,11,futex_do_wait
4924614712305698,3129413,qlever-server-d,S,1,19,209272712,503154291,1904,2,futex_do_wait
4924614712305698,3129414,qlever-server-d,S,0,26,277531562,502296034,2036,11,futex_do_wait
4924614712305698,3129415,qlever-server-d,S,1,19,205529136,483147164,1960,3,futex_do_wait
4924614712305698,3129416,qlever-server-d,S,1,16,175767225,453931580,1735,2,futex_do_wait
4924614712305698,3129417,qlever-server-d,S,1,19,215638703,468529096,1863,11,futex_do_wait
4924614712305698,3129418,qlever-server-d,S,0,23,245094444,458470306,1835,2,ep_poll
4924614712305698,0,__system__,-,1024895311,7868011552,0,0,0,-1,-
4924614732311049,3128855,qlever-server-d,S,936,1591,25279315500,30777902,1912,1,futex_do_wait
4924614732311049,3128859,qlever-server-d,S,0,0,3696003,3868162,32,15,futex_do_wait
4924614732311049,3129400,qlever-server-d,S,1669,13,16826331014,276613148,761,13,futex_do_wait
4924614732311049,3129401,qlever-server-d,S,1667,13,16814697806,268889725,600,11,futex_do_wait
4924614732311049,3129402,qlever-server-d,S,1661,17,16789689543,319142072,1281,11,futex_do_wait
4924614732311049,3129403,qlever-server-d,S,1669,15,16849856034,259348840,792,1,futex_do_wait
4924614732311049,3129404,qlever-server-d,S,1683,14,16986788470,114503981,810,11,futex_do_wait
4924614732311049,3129405,qlever-server-d,S,1682,13,16964481730,127800675,716,10,futex_do_wait
4924614732311049,3129406,qlever-server-d,S,1662,15,16778325616,321753275,911,7,futex_do_wait
4924614732311049,3129407,qlever-server-d,S,1671,12,16846734536,254649246,724,14,futex_do_wait
4924614732311049,3129408,qlever-server-d,S,0,0,15360,0,1,13,futex_do_wait
4924614732311049,3129409,qlever-server-d,S,0,0,273001,0,7,12,ep_poll
4924614732311049,3129410,qlever-server-d,S,0,0,611590,20000,13,9,futex_do_wait
4924614732311049,3129411,qlever-server-d,S,2,21,241568518,503606989,1982,0,futex_do_wait
4924614732311049,3129412,qlever-server-d,S,1,20,212467920,461568296,1788,11,futex_do_wait
4924614732311049,3129413,qlever-server-d,S,1,19,209272712,503154291,1904,2,futex_do_wait
4924614732311049,3129414,qlever-server-d,S,0,26,277531562,502296034,2036,11,futex_do_wait
4924614732311049,3129415,qlever-server-d,S,1,19,205529136,483147164,1960,3,futex_do_wait
4924614732311049,3129416,qlever-server-d,S,1,16,175767225,453931580,1735,2,futex_do_wait
4924614732311049,3129417,qlever-server-d,S,1,19,215638703,468529096,1863,11,futex_do_wait
4924614732311049,3129418,qlever-server-d,S,0,23,245094444,458470306,1835,2,ep_poll
4924614732311049,0,__system__,-,1024895323,7868011584,0,0,0,-1,-
4924614752305480,3128855,qlever-server-d,S,936,1591,25279315500,30777902,1912,1,futex_do_wait
4924614752305480,3128859,qlever-server-d,S,0,0,3696003,3868162,32,15,futex_do_wait
4924614752305480,3129400,qlever-server-d,S,1669,13,16826331014,276613148,761,13,futex_do_wait
4924614752305480,3129401,qlever-server-d,S,1667,13,16814697806,268889725,600,11,futex_do_wait
4924614752305480,3129402,qlever-server-d,S,1661,17,16789689543,319142072,1281,11,futex_do_wait
4924614752305480,3129403,qlever-server-d,S,1669,15,16849856034,259348840,792,1,futex_do_wait
4924614752305480,3129404,qlever-server-d,S,1683,14,16986788470,114503981,810,11,futex_do_wait
4924614752305480,3129405,qlever-server-d,S,1682,13,16964481730,127800675,716,10,futex_do_wait
4924614752305480,3129406,qlever-server-d,S,1662,15,16778325616,321753275,911,7,futex_do_wait
4924614752305480,3129407,qlever-server-d,S,1671,12,16846734536,254649246,724,14,futex_do_wait
4924614752305480,3129408,qlever-server-d,S,0,0,15360,0,1,13,futex_do_wait
4924614752305480,3129409,qlever-server-d,S,0,0,273001,0,7,12,ep_poll
4924614752305480,3129410,qlever-server-d,S,0,0,611590,20000,13,9,futex_do_wait
4924614752305480,3129411,qlever-server-d,S,2,21,241568518,503606989,1982,0,futex_do_wait
4924614752305480,3129412,qlever-server-d,S,1,20,212467920,461568296,1788,11,futex_do_wait
4924614752305480,3129413,qlever-server-d,S,1,19,209272712,503154291,1904,2,futex_do_wait
4924614752305480,3129414,qlever-server-d,S,0,26,277531562,502296034,2036,11,futex_do_wait
4924614752305480,3129415,qlever-server-d,S,1,19,205529136,483147164,1960,3,futex_do_wait
4924614752305480,3129416,qlever-server-d,S,1,16,175767225,453931580,1735,2,futex_do_wait
4924614752305480,3129417,qlever-server-d,S,1,19,215638703,468529096,1863,11,futex_do_wait
4924614752305480,3129418,qlever-server-d,S,0,23,245094444,458470306,1835,2,ep_poll
4924614752305480,0,__system__,-,1024895336,7868011615,0,0,0,-1,-
4924614772300391,3128855,qlever-server-d,S,936,1591,25279315500,30777902,1912,1,futex_do_wait
4924614772300391,3128859,qlever-server-d,S,0,0,3696003,3868162,32,15,futex_do_wait
4924614772300391,3129400,qlever-server-d,S,1669,13,16826331014,276613148,761,13,futex_do_wait
4924614772300391,3129401,qlever-server-d,S,1667,13,16814697806,268889725,600,11,futex_do_wait
4924614772300391,3129402,qlever-server-d,S,1661,17,16789689543,319142072,1281,11,futex_do_wait
4924614772300391,3129403,qlever-server-d,S,1669,15,16849856034,259348840,792,1,futex_do_wait
4924614772300391,3129404,qlever-server-d,S,1683,14,16986788470,114503981,810,11,futex_do_wait
4924614772300391,3129405,qlever-server-d,S,1682,13,16964481730,127800675,716,10,futex_do_wait
4924614772300391,3129406,qlever-server-d,S,1662,15,16778325616,321753275,911,7,futex_do_wait
4924614772300391,3129407,qlever-server-d,S,1671,12,16846734536,254649246,724,14,futex_do_wait
4924614772300391,3129408,qlever-server-d,S,0,0,15360,0,1,13,futex_do_wait
4924614772300391,3129409,qlever-server-d,S,0,0,273001,0,7,12,ep_poll
4924614772300391,3129410,qlever-server-d,S,0,0,611590,20000,13,9,futex_do_wait
4924614772300391,3129411,qlever-server-d,S,2,21,241568518,503606989,1982,0,futex_do_wait
4924614772300391,3129412,qlever-server-d,S,1,20,212467920,461568296,1788,11,futex_do_wait
4924614772300391,3129413,qlever-server-d,S,1,19,209272712,503154291,1904,2,futex_do_wait
4924614772300391,3129414,qlever-server-d,S,0,26,277531562,502296034,2036,11,futex_do_wait
4924614772300391,3129415,qlever-server-d,S,1,19,205529136,483147164,1960,3,futex_do_wait
4924614772300391,3129416,qlever-server-d,S,1,16,175767225,453931580,1735,2,futex_do_wait
4924614772300391,3129417,qlever-server-d,S,1,19,215638703,468529096,1863,11,futex_do_wait
4924614772300391,3129418,qlever-server-d,S,0,23,245094444,458470306,1835,2,ep_poll
4924614772300391,0,__system__,-,1024895351,7868011648,0,0,0,-1,-
4924614792308782,3128855,qlever-server-d,S,936,1591,25279315500,30777902,1912,1,futex_do_wait
4924614792308782,3128859,qlever-server-d,S,0,0,3696003,3868162,32,15,futex_do_wait
4924614792308782,3129400,qlever-server-d,S,1669,13,16826331014,276613148,761,13,futex_do_wait
4924614792308782,3129401,qlever-server-d,S,1667,13,16814697806,268889725,600,11,futex_do_wait
4924614792308782,3129402,qlever-server-d,S,1661,17,16789689543,319142072,1281,11,futex_do_wait
4924614792308782,3129403,qlever-server-d,S,1669,15,16849856034,259348840,792,1,futex_do_wait
4924614792308782,3129404,qlever-server-d,S,1683,14,16986788470,114503981,810,11,futex_do_wait
4924614792308782,3129405,qlever-server-d,S,1682,13,16964481730,127800675,716,10,futex_do_wait
4924614792308782,3129406,qlever-server-d,S,1662,15,16778325616,321753275,911,7,futex_do_wait
4924614792308782,3129407,qlever-server-d,S,1671,12,16846734536,254649246,724,14,futex_do_wait
4924614792308782,3129408,qlever-server-d,S,0,0,15360,0,1,13,futex_do_wait
4924614792308782,3129409,qlever-server-d,S,0,0,273001,0,7,12,ep_poll
4924614792308782,3129410,qlever-server-d,S,0,0,611590,20000,13,9,futex_do_wait
4924614792308782,3129411,qlever-server-d,S,2,21,241568518,503606989,1982,0,futex_do_wait
4924614792308782,3129412,qlever-server-d,S,1,20,212467920,461568296,1788,11,futex_do_wait
4924614792308782,3129413,qlever-server-d,S,1,19,209272712,503154291,1904,2,futex_do_wait
4924614792308782,3129414,qlever-server-d,S,0,26,277531562,502296034,2036,11,futex_do_wait
4924614792308782,3129415,qlever-server-d,S,1,19,205529136,483147164,1960,3,futex_do_wait
4924614792308782,3129416,qlever-server-d,S,1,16,175767225,453931580,1735,2,futex_do_wait
4924614792308782,3129417,qlever-server-d,S,1,19,215638703,468529096,1863,11,futex_do_wait
4924614792308782,3129418,qlever-server-d,S,0,23,245094444,458470306,1835,2,ep_poll
4924614792308782,0,__system__,-,1024895363,7868011679,0,0,0,-1,-
4924614812308563,3128855,qlever-server-d,S,936,1591,25279315500,30777902,1912,1,futex_do_wait
4924614812308563,3128859,qlever-server-d,S,0,0,3696003,3868162,32,15,futex_do_wait
4924614812308563,3129400,qlever-server-d,S,1669,13,16826331014,276613148,761,13,futex_do_wait
4924614812308563,3129401,qlever-server-d,S,1667,13,16814697806,268889725,600,11,futex_do_wait
4924614812308563,3129402,qlever-server-d,S,1661,17,16789689543,319142072,1281,11,futex_do_wait
4924614812308563,3129403,qlever-server-d,S,1669,15,16849856034,259348840,792,1,futex_do_wait
4924614812308563,3129404,qlever-server-d,S,1683,14,16986788470,114503981,810,11,futex_do_wait
4924614812308563,3129405,qlever-server-d,S,1682,13,16964481730,127800675,716,10,futex_do_wait
4924614812308563,3129406,qlever-server-d,S,1662,15,16778325616,321753275,911,7,futex_do_wait
4924614812308563,3129407,qlever-server-d,S,1671,12,16846734536,254649246,724,14,futex_do_wait
4924614812308563,3129408,qlever-server-d,S,0,0,15360,0,1,13,futex_do_wait
4924614812308563,3129409,qlever-server-d,S,0,0,273001,0,7,12,ep_poll
4924614812308563,3129410,qlever-server-d,S,0,0,611590,20000,13,9,futex_do_wait
4924614812308563,3129411,qlever-server-d,S,2,21,241568518,503606989,1982,0,futex_do_wait
4924614812308563,3129412,qlever-server-d,S,1,20,212467920,461568296,1788,11,futex_do_wait
4924614812308563,3129413,qlever-server-d,S,1,19,209272712,503154291,1904,2,futex_do_wait
4924614812308563,3129414,qlever-server-d,S,0,26,277531562,502296034,2036,11,futex_do_wait
4924614812308563,3129415,qlever-server-d,S,1,19,205529136,483147164,1960,3,futex_do_wait
4924614812308563,3129416,qlever-server-d,S,1,16,175767225,453931580,1735,2,futex_do_wait
4924614812308563,3129417,qlever-server-d,S,1,19,215638703,468529096,1863,11,futex_do_wait
4924614812308563,3129418,qlever-server-d,S,0,23,245094444,458470306,1835,2,ep_poll
4924614812308563,0,__system__,-,1024895374,7868011710,0,0,0,-1,-
4924614832309414,3128855,qlever-server-d,S,936,1591,25279315500,30777902,1912,1,futex_do_wait
4924614832309414,3128859,qlever-server-d,S,0,0,3696003,3868162,32,15,futex_do_wait
4924614832309414,3129400,qlever-server-d,S,1669,13,16826331014,276613148,761,13,futex_do_wait
4924614832309414,3129401,qlever-server-d,S,1667,13,16814697806,268889725,600,11,futex_do_wait
4924614832309414,3129402,qlever-server-d,S,1661,17,16789689543,319142072,1281,11,futex_do_wait
4924614832309414,3129403,qlever-server-d,S,1669,15,16849856034,259348840,792,1,futex_do_wait
4924614832309414,3129404,qlever-server-d,S,1683,14,16986788470,114503981,810,11,futex_do_wait
4924614832309414,3129405,qlever-server-d,S,1682,13,16964481730,127800675,716,10,futex_do_wait
4924614832309414,3129406,qlever-server-d,S,1662,15,16778325616,321753275,911,7,futex_do_wait
4924614832309414,3129407,qlever-server-d,S,1671,12,16846734536,254649246,724,14,futex_do_wait
4924614832309414,3129408,qlever-server-d,S,0,0,15360,0,1,13,futex_do_wait
4924614832309414,3129409,qlever-server-d,S,0,0,273001,0,7,12,ep_poll
4924614832309414,3129410,qlever-server-d,S,0,0,611590,20000,13,9,futex_do_wait
4924614832309414,3129411,qlever-server-d,S,2,21,241568518,503606989,1982,0,futex_do_wait
4924614832309414,3129412,qlever-server-d,S,1,20,212467920,461568296,1788,11,futex_do_wait
4924614832309414,3129413,qlever-server-d,S,1,19,209272712,503154291,1904,2,futex_do_wait
4924614832309414,3129414,qlever-server-d,S,0,26,277531562,502296034,2036,11,futex_do_wait
4924614832309414,3129415,qlever-server-d,S,1,19,205529136,483147164,1960,3,futex_do_wait
4924614832309414,3129416,qlever-server-d,S,1,16,175767225,453931580,1735,2,futex_do_wait
4924614832309414,3129417,qlever-server-d,S,1,19,215638703,468529096,1863,11,futex_do_wait
4924614832309414,3129418,qlever-server-d,S,0,23,245094444,458470306,1835,2,ep_poll
4924614832309414,0,__system__,-,1024895387,7868011742,0,0,0,-1,-
4924614852312425,3128855,qlever-server-d,S,936,1591,25279315500,30777902,1912,1,futex_do_wait
4924614852312425,3128859,qlever-server-d,S,0,0,3696003,3868162,32,15,futex_do_wait
4924614852312425,3129400,qlever-server-d,S,1669,13,16826331014,276613148,761,13,futex_do_wait
4924614852312425,3129401,qlever-server-d,S,1667,13,16814697806,268889725,600,11,futex_do_wait
4924614852312425,3129402,qlever-server-d,S,1661,17,16789689543,319142072,1281,11,futex_do_wait
4924614852312425,3129403,qlever-server-d,S,1669,15,16849856034,259348840,792,1,futex_do_wait
4924614852312425,3129404,qlever-server-d,S,1683,14,16986788470,114503981,810,11,futex_do_wait
4924614852312425,3129405,qlever-server-d,S,1682,13,16964481730,127800675,716,10,futex_do_wait
4924614852312425,3129406,qlever-server-d,S,1662,15,16778325616,321753275,911,7,futex_do_wait
4924614852312425,3129407,qlever-server-d,S,1671,12,16846734536,254649246,724,14,futex_do_wait
4924614852312425,3129408,qlever-server-d,S,0,0,15360,0,1,13,futex_do_wait
4924614852312425,3129409,qlever-server-d,S,0,0,273001,0,7,12,ep_poll
4924614852312425,3129410,qlever-server-d,S,0,0,611590,20000,13,9,futex_do_wait
4924614852312425,3129411,qlever-server-d,S,2,21,241568518,503606989,1982,0,futex_do_wait
4924614852312425,3129412,qlever-server-d,S,1,20,212467920,461568296,1788,11,futex_do_wait
4924614852312425,3129413,qlever-server-d,S,1,19,209272712,503154291,1904,2,futex_do_wait
4924614852312425,3129414,qlever-server-d,S,0,26,277531562,502296034,2036,11,futex_do_wait
4924614852312425,3129415,qlever-server-d,S,1,19,205529136,483147164,1960,3,futex_do_wait
4924614852312425,3129416,qlever-server-d,S,1,16,175767225,453931580,1735,2,futex_do_wait
4924614852312425,3129417,qlever-server-d,S,1,19,215638703,468529096,1863,11,futex_do_wait
4924614852312425,3129418,qlever-server-d,S,0,23,245094444,458470306,1835,2,ep_poll
4924614852312425,0,__system__,-,1024895399,7868011773,0,0,0,-1,-
4924614872307816,3128855,qlever-server-d,S,936,1591,25279315500,30777902,1912,1,futex_do_wait
4924614872307816,3128859,qlever-server-d,S,0,0,3696003,3868162,32,15,futex_do_wait
4924614872307816,3129400,qlever-server-d,S,1669,13,16826331014,276613148,761,13,futex_do_wait
4924614872307816,3129401,qlever-server-d,S,1667,13,16814697806,268889725,600,11,futex_do_wait
4924614872307816,3129402,qlever-server-d,S,1661,17,16789689543,319142072,1281,11,futex_do_wait
4924614872307816,3129403,qlever-server-d,S,1669,15,16849856034,259348840,792,1,futex_do_wait
4924614872307816,3129404,qlever-server-d,S,1683,14,16986788470,114503981,810,11,futex_do_wait
4924614872307816,3129405,qlever-server-d,S,1682,13,16964481730,127800675,716,10,futex_do_wait
4924614872307816,3129406,qlever-server-d,S,1662,15,16778325616,321753275,911,7,futex_do_wait
4924614872307816,3129407,qlever-server-d,S,1671,12,16846734536,254649246,724,14,futex_do_wait
4924614872307816,3129408,qlever-server-d,S,0,0,15360,0,1,13,futex_do_wait
4924614872307816,3129409,qlever-server-d,S,0,0,273001,0,7,12,ep_poll
4924614872307816,3129410,qlever-server-d,S,0,0,611590,20000,13,9,futex_do_wait
4924614872307816,3129411,qlever-server-d,S,2,21,241568518,503606989,1982,0,futex_do_wait
4924614872307816,3129412,qlever-server-d,S,1,20,212467920,461568296,1788,11,futex_do_wait
4924614872307816,3129413,qlever-server-d,S,1,19,209272712,503154291,1904,2,futex_do_wait
4924614872307816,3129414,qlever-server-d,S,0,26,277531562,502296034,2036,11,futex_do_wait
4924614872307816,3129415,qlever-server-d,S,1,19,205529136,483147164,1960,3,futex_do_wait
4924614872307816,3129416,qlever-server-d,S,1,16,175767225,453931580,1735,2,futex_do_wait
4924614872307816,3129417,qlever-server-d,S,1,19,215638703,468529096,1863,11,futex_do_wait
4924614872307816,3129418,qlever-server-d,S,0,23,245094444,458470306,1835,2,ep_poll
4924614872307816,0,__system__,-,1024895413,7868011807,0,0,0,-1,-
4924614892315088,3128855,qlever-server-d,S,936,1591,25279315500,30777902,1912,1,futex_do_wait
4924614892315088,3128859,qlever-server-d,S,0,0,3696003,3868162,32,15,futex_do_wait
4924614892315088,3129400,qlever-server-d,S,1669,13,16826331014,276613148,761,13,futex_do_wait
4924614892315088,3129401,qlever-server-d,S,1667,13,16814697806,268889725,600,11,futex_do_wait
4924614892315088,3129402,qlever-server-d,S,1661,17,16789689543,319142072,1281,11,futex_do_wait
4924614892315088,3129403,qlever-server-d,S,1669,15,16849856034,259348840,792,1,futex_do_wait
4924614892315088,3129404,qlever-server-d,S,1683,14,16986788470,114503981,810,11,futex_do_wait
4924614892315088,3129405,qlever-server-d,S,1682,13,16964481730,127800675,716,10,futex_do_wait
4924614892315088,3129406,qlever-server-d,S,1662,15,16778325616,321753275,911,7,futex_do_wait
4924614892315088,3129407,qlever-server-d,S,1671,12,16846734536,254649246,724,14,futex_do_wait
4924614892315088,3129408,qlever-server-d,S,0,0,15360,0,1,13,futex_do_wait
4924614892315088,3129409,qlever-server-d,S,0,0,273001,0,7,12,ep_poll
4924614892315088,3129410,qlever-server-d,S,0,0,611590,20000,13,9,futex_do_wait
4924614892315088,3129411,qlever-server-d,S,2,21,241568518,503606989,1982,0,futex_do_wait
4924614892315088,3129412,qlever-server-d,S,1,20,212467920,461568296,1788,11,futex_do_wait
4924614892315088,3129413,qlever-server-d,S,1,19,209272712,503154291,1904,2,futex_do_wait
4924614892315088,3129414,qlever-server-d,S,0,26,277531562,502296034,2036,11,futex_do_wait
4924614892315088,3129415,qlever-server-d,S,1,19,205529136,483147164,1960,3,futex_do_wait
4924614892315088,3129416,qlever-server-d,S,1,16,175767225,453931580,1735,2,futex_do_wait
4924614892315088,3129417,qlever-server-d,S,1,19,215638703,468529096,1863,11,futex_do_wait
4924614892315088,3129418,qlever-server-d,S,0,23,245094444,458470306,1835,2,ep_poll
4924614892315088,0,__system__,-,1024895427,7868011839,0,0,0,-1,-
4924614912308289,3128855,qlever-server-d,S,936,1591,25279315500,30777902,1912,1,futex_do_wait
4924614912308289,3128859,qlever-server-d,S,0,0,3696003,3868162,32,15,futex_do_wait
4924614912308289,3129400,qlever-server-d,S,1669,13,16826331014,276613148,761,13,futex_do_wait
4924614912308289,3129401,qlever-server-d,S,1667,13,16814697806,268889725,600,11,futex_do_wait
4924614912308289,3129402,qlever-server-d,S,1661,17,16789689543,319142072,1281,11,futex_do_wait
4924614912308289,3129403,qlever-server-d,S,1669,15,16849856034,259348840,792,1,futex_do_wait
4924614912308289,3129404,qlever-server-d,S,1683,14,16986788470,114503981,810,11,futex_do_wait
4924614912308289,3129405,qlever-server-d,S,1682,13,16964481730,127800675,716,10,futex_do_wait
4924614912308289,3129406,qlever-server-d,S,1662,15,16778325616,321753275,911,7,futex_do_wait
4924614912308289,3129407,qlever-server-d,S,1671,12,16846734536,254649246,724,14,futex_do_wait
4924614912308289,3129408,qlever-server-d,S,0,0,15360,0,1,13,futex_do_wait
4924614912308289,3129409,qlever-server-d,S,0,0,273001,0,7,12,ep_poll
4924614912308289,3129410,qlever-server-d,S,0,0,611590,20000,13,9,futex_do_wait
4924614912308289,3129411,qlever-server-d,S,2,21,241568518,503606989,1982,0,futex_do_wait
4924614912308289,3129412,qlever-server-d,S,1,20,212467920,461568296,1788,11,futex_do_wait
4924614912308289,3129413,qlever-server-d,S,1,19,209272712,503154291,1904,2,futex_do_wait
4924614912308289,3129414,qlever-server-d,S,0,26,277531562,502296034,2036,11,futex_do_wait
4924614912308289,3129415,qlever-server-d,S,1,19,205529136,483147164,1960,3,futex_do_wait
4924614912308289,3129416,qlever-server-d,S,1,16,175767225,453931580,1735,2,futex_do_wait
4924614912308289,3129417,qlever-server-d,S,1,19,215638703,468529096,1863,11,futex_do_wait
4924614912308289,3129418,qlever-server-d,S,0,23,245094444,458470306,1835,2,ep_poll
4924614912308289,0,__system__,-,1024895438,7868011871,0,0,0,-1,-
4924614932286740,3128855,qlever-server-d,S,936,1591,25279315500,30777902,1912,1,futex_do_wait
4924614932286740,3128859,qlever-server-d,S,0,0,3696003,3868162,32,15,futex_do_wait
4924614932286740,3129400,qlever-server-d,S,1669,13,16826331014,276613148,761,13,futex_do_wait
4924614932286740,3129401,qlever-server-d,S,1667,13,16814697806,268889725,600,11,futex_do_wait
4924614932286740,3129402,qlever-server-d,S,1661,17,16789689543,319142072,1281,11,futex_do_wait
4924614932286740,3129403,qlever-server-d,S,1669,15,16849856034,259348840,792,1,futex_do_wait
4924614932286740,3129404,qlever-server-d,S,1683,14,16986788470,114503981,810,11,futex_do_wait
4924614932286740,3129405,qlever-server-d,S,1682,13,16964481730,127800675,716,10,futex_do_wait
4924614932286740,3129406,qlever-server-d,S,1662,15,16778325616,321753275,911,7,futex_do_wait
4924614932286740,3129407,qlever-server-d,S,1671,12,16846734536,254649246,724,14,futex_do_wait
4924614932286740,3129408,qlever-server-d,S,0,0,15360,0,1,13,futex_do_wait
4924614932286740,3129409,qlever-server-d,S,0,0,273001,0,7,12,ep_poll
4924614932286740,3129410,qlever-server-d,S,0,0,611590,20000,13,9,futex_do_wait
4924614932286740,3129411,qlever-server-d,S,2,21,241568518,503606989,1982,0,futex_do_wait
4924614932286740,3129412,qlever-server-d,S,1,20,212467920,461568296,1788,11,futex_do_wait
4924614932286740,3129413,qlever-server-d,S,1,19,209272712,503154291,1904,2,futex_do_wait
4924614932286740,3129414,qlever-server-d,S,0,26,277531562,502296034,2036,11,futex_do_wait
4924614932286740,3129415,qlever-server-d,S,1,19,205529136,483147164,1960,3,futex_do_wait
4924614932286740,3129416,qlever-server-d,S,1,16,175767225,453931580,1735,2,futex_do_wait
4924614932286740,3129417,qlever-server-d,S,1,19,215638703,468529096,1863,11,futex_do_wait
4924614932286740,3129418,qlever-server-d,S,0,23,245094444,458470306,1835,2,ep_poll
4924614932286740,0,__system__,-,1024895447,7868011901,0,0,0,-1,-
4924614952292181,3128855,qlever-server-d,S,936,1591,25279315500,30777902,1912,1,futex_do_wait
4924614952292181,3128859,qlever-server-d,S,0,0,3696003,3868162,32,15,futex_do_wait
4924614952292181,3129400,qlever-server-d,S,1669,13,16826331014,276613148,761,13,futex_do_wait
4924614952292181,3129401,qlever-server-d,S,1667,13,16814697806,268889725,600,11,futex_do_wait
4924614952292181,3129402,qlever-server-d,S,1661,17,16789689543,319142072,1281,11,futex_do_wait
4924614952292181,3129403,qlever-server-d,S,1669,15,16849856034,259348840,792,1,futex_do_wait
4924614952292181,3129404,qlever-server-d,S,1683,14,16986788470,114503981,810,11,futex_do_wait
4924614952292181,3129405,qlever-server-d,S,1682,13,16964481730,127800675,716,10,futex_do_wait
4924614952292181,3129406,qlever-server-d,S,1662,15,16778325616,321753275,911,7,futex_do_wait
4924614952292181,3129407,qlever-server-d,S,1671,12,16846734536,254649246,724,14,futex_do_wait
4924614952292181,3129408,qlever-server-d,S,0,0,15360,0,1,13,futex_do_wait
4924614952292181,3129409,qlever-server-d,S,0,0,273001,0,7,12,ep_poll
4924614952292181,3129410,qlever-server-d,S,0,0,611590,20000,13,9,futex_do_wait
4924614952292181,3129411,qlever-server-d,S,2,21,241568518,503606989,1982,0,futex_do_wait
4924614952292181,3129412,qlever-server-d,S,1,20,212467920,461568296,1788,11,futex_do_wait
4924614952292181,3129413,qlever-server-d,S,1,19,209272712,503154291,1904,2,futex_do_wait
4924614952292181,3129414,qlever-server-d,S,0,26,277531562,502296034,2036,11,futex_do_wait
4924614952292181,3129415,qlever-server-d,S,1,19,205529136,483147164,1960,3,futex_do_wait
4924614952292181,3129416,qlever-server-d,S,1,16,175767225,453931580,1735,2,futex_do_wait
4924614952292181,3129417,qlever-server-d,S,1,19,215638703,468529096,1863,11,futex_do_wait
4924614952292181,3129418,qlever-server-d,S,0,23,245094444,458470306,1835,2,ep_poll
4924614952292181,0,__system__,-,1024895458,7868011934,0,0,0,-1,-
4924614972268162,3128855,qlever-server-d,S,936,1591,25279315500,30777902,1912,1,futex_do_wait
4924614972268162,3128859,qlever-server-d,S,0,0,3696003,3868162,32,15,futex_do_wait
4924614972268162,3129400,qlever-server-d,S,1669,13,16826331014,276613148,761,13,futex_do_wait
4924614972268162,3129401,qlever-server-d,S,1667,13,16814697806,268889725,600,11,futex_do_wait
4924614972268162,3129402,qlever-server-d,S,1661,17,16789689543,319142072,1281,11,futex_do_wait
4924614972268162,3129403,qlever-server-d,S,1669,15,16849856034,259348840,792,1,futex_do_wait
4924614972268162,3129404,qlever-server-d,S,1683,14,16986788470,114503981,810,11,futex_do_wait
4924614972268162,3129405,qlever-server-d,S,1682,13,16964481730,127800675,716,10,futex_do_wait
4924614972268162,3129406,qlever-server-d,S,1662,15,16778325616,321753275,911,7,futex_do_wait
4924614972268162,3129407,qlever-server-d,S,1671,12,16846734536,254649246,724,14,futex_do_wait
4924614972268162,3129408,qlever-server-d,S,0,0,15360,0,1,13,futex_do_wait
4924614972268162,3129409,qlever-server-d,S,0,0,273001,0,7,12,ep_poll
4924614972268162,3129410,qlever-server-d,S,0,0,611590,20000,13,9,futex_do_wait
4924614972268162,3129411,qlever-server-d,S,2,21,241568518,503606989,1982,0,futex_do_wait
4924614972268162,3129412,qlever-server-d,S,1,20,212467920,461568296,1788,11,futex_do_wait
4924614972268162,3129413,qlever-server-d,S,1,19,209272712,503154291,1904,2,futex_do_wait
4924614972268162,3129414,qlever-server-d,S,0,26,277531562,502296034,2036,11,futex_do_wait
4924614972268162,3129415,qlever-server-d,S,1,19,205529136,483147164,1960,3,futex_do_wait
4924614972268162,3129416,qlever-server-d,S,1,16,175767225,453931580,1735,2,futex_do_wait
4924614972268162,3129417,qlever-server-d,S,1,19,215638703,468529096,1863,11,futex_do_wait
4924614972268162,3129418,qlever-server-d,S,0,23,245094444,458470306,1835,2,ep_poll
4924614972268162,0,__system__,-,1024895468,7868011965,0,0,0,-1,-
4924614992288463,3128855,qlever-server-d,S,936,1591,25279315500,30777902,1912,1,futex_do_wait
4924614992288463,3128859,qlever-server-d,S,0,0,3696003,3868162,32,15,futex_do_wait
4924614992288463,3129400,qlever-server-d,S,1669,13,16826331014,276613148,761,13,futex_do_wait
4924614992288463,3129401,qlever-server-d,S,1667,13,16814697806,268889725,600,11,futex_do_wait
4924614992288463,3129402,qlever-server-d,S,1661,17,16789689543,319142072,1281,11,futex_do_wait
4924614992288463,3129403,qlever-server-d,S,1669,15,16849856034,259348840,792,1,futex_do_wait
4924614992288463,3129404,qlever-server-d,S,1683,14,16986788470,114503981,810,11,futex_do_wait
4924614992288463,3129405,qlever-server-d,S,1682,13,16964481730,127800675,716,10,futex_do_wait
4924614992288463,3129406,qlever-server-d,S,1662,15,16778325616,321753275,911,7,futex_do_wait
4924614992288463,3129407,qlever-server-d,S,1671,12,16846734536,254649246,724,14,futex_do_wait
4924614992288463,3129408,qlever-server-d,S,0,0,15360,0,1,13,futex_do_wait
4924614992288463,3129409,qlever-server-d,S,0,0,273001,0,7,12,ep_poll
4924614992288463,3129410,qlever-server-d,S,0,0,611590,20000,13,9,futex_do_wait
4924614992288463,3129411,qlever-server-d,S,2,21,241568518,503606989,1982,0,futex_do_wait
4924614992288463,3129412,qlever-server-d,S,1,20,212467920,461568296,1788,11,futex_do_wait
4924614992288463,3129413,qlever-server-d,S,1,19,209272712,503154291,1904,2,futex_do_wait
4924614992288463,3129414,qlever-server-d,S,0,26,277531562,502296034,2036,11,futex_do_wait
4924614992288463,3129415,qlever-server-d,S,1,19,205529136,483147164,1960,3,futex_do_wait
4924614992288463,3129416,qlever-server-d,S,1,16,175767225,453931580,1735,2,futex_do_wait
4924614992288463,3129417,qlever-server-d,S,1,19,215638703,468529096,1863,11,futex_do_wait
4924614992288463,3129418,qlever-server-d,S,0,23,245094444,458470306,1835,2,ep_poll
4924614992288463,0,__system__,-,1024895479,7868011997,0,0,0,-1,-
4924615012291834,3128855,qlever-server-d,S,936,1591,25279315500,30777902,1912,1,futex_do_wait
4924615012291834,3128859,qlever-server-d,S,0,0,3696003,3868162,32,15,futex_do_wait
4924615012291834,3129400,qlever-server-d,S,1669,13,16826331014,276613148,761,13,futex_do_wait
4924615012291834,3129401,qlever-server-d,S,1667,13,16814697806,268889725,600,11,futex_do_wait
4924615012291834,3129402,qlever-server-d,S,1661,17,16789689543,319142072,1281,11,futex_do_wait
4924615012291834,3129403,qlever-server-d,S,1669,15,16849856034,259348840,792,1,futex_do_wait
4924615012291834,3129404,qlever-server-d,S,1683,14,16986788470,114503981,810,11,futex_do_wait
4924615012291834,3129405,qlever-server-d,S,1682,13,16964481730,127800675,716,10,futex_do_wait
4924615012291834,3129406,qlever-server-d,S,1662,15,16778325616,321753275,911,7,futex_do_wait
4924615012291834,3129407,qlever-server-d,S,1671,12,16846734536,254649246,724,14,futex_do_wait
4924615012291834,3129408,qlever-server-d,S,0,0,15360,0,1,13,futex_do_wait
4924615012291834,3129409,qlever-server-d,S,0,0,273001,0,7,12,ep_poll
4924615012291834,3129410,qlever-server-d,S,0,0,611590,20000,13,9,futex_do_wait
4924615012291834,3129411,qlever-server-d,S,2,21,241568518,503606989,1982,0,futex_do_wait
4924615012291834,3129412,qlever-server-d,S,1,20,212467920,461568296,1788,11,futex_do_wait
4924615012291834,3129413,qlever-server-d,S,1,19,209272712,503154291,1904,2,futex_do_wait
4924615012291834,3129414,qlever-server-d,S,0,26,277531562,502296034,2036,11,futex_do_wait
4924615012291834,3129415,qlever-server-d,S,1,19,205529136,483147164,1960,3,futex_do_wait
4924615012291834,3129416,qlever-server-d,S,1,16,175767225,453931580,1735,2,futex_do_wait
4924615012291834,3129417,qlever-server-d,S,1,19,215638703,468529096,1863,11,futex_do_wait
4924615012291834,3129418,qlever-server-d,S,0,23,245094444,458470306,1835,2,ep_poll
4924615012291834,0,__system__,-,1024895491,7868012029,0,0,0,-1,-
4924615032301085,3128855,qlever-server-d,S,936,1591,25279315500,30777902,1912,1,futex_do_wait
4924615032301085,3128859,qlever-server-d,S,0,0,3696003,3868162,32,15,futex_do_wait
4924615032301085,3129400,qlever-server-d,S,1669,13,16826331014,276613148,761,13,futex_do_wait
4924615032301085,3129401,qlever-server-d,S,1667,13,16814697806,268889725,600,11,futex_do_wait
4924615032301085,3129402,qlever-server-d,S,1661,17,16789689543,319142072,1281,11,futex_do_wait
4924615032301085,3129403,qlever-server-d,S,1669,15,16849856034,259348840,792,1,futex_do_wait
4924615032301085,3129404,qlever-server-d,S,1683,14,16986788470,114503981,810,11,futex_do_wait
4924615032301085,3129405,qlever-server-d,S,1682,13,16964481730,127800675,716,10,futex_do_wait
4924615032301085,3129406,qlever-server-d,S,1662,15,16778325616,321753275,911,7,futex_do_wait
4924615032301085,3129407,qlever-server-d,S,1671,12,16846734536,254649246,724,14,futex_do_wait
4924615032301085,3129408,qlever-server-d,S,0,0,15360,0,1,13,futex_do_wait
4924615032301085,3129409,qlever-server-d,S,0,0,273001,0,7,12,ep_poll
4924615032301085,3129410,qlever-server-d,S,0,0,611590,20000,13,9,futex_do_wait
4924615032301085,3129411,qlever-server-d,S,2,21,241568518,503606989,1982,0,futex_do_wait
4924615032301085,3129412,qlever-server-d,S,1,20,212467920,461568296,1788,11,futex_do_wait
4924615032301085,3129413,qlever-server-d,S,1,19,209272712,503154291,1904,2,futex_do_wait
4924615032301085,3129414,qlever-server-d,S,0,26,277531562,502296034,2036,11,futex_do_wait
4924615032301085,3129415,qlever-server-d,S,1,19,205529136,483147164,1960,3,futex_do_wait
4924615032301085,3129416,qlever-server-d,S,1,16,175767225,453931580,1735,2,futex_do_wait
4924615032301085,3129417,qlever-server-d,S,1,19,215638703,468529096,1863,11,futex_do_wait
4924615032301085,3129418,qlever-server-d,S,0,23,245094444,458470306,1835,2,ep_poll
4924615032301085,0,__system__,-,1024895503,7868012062,0,0,0,-1,-
4924615052300416,3128855,qlever-server-d,S,936,1591,25279315500,30777902,1912,1,futex_do_wait
4924615052300416,3128859,qlever-server-d,S,0,0,3696003,3868162,32,15,futex_do_wait
4924615052300416,3129400,qlever-server-d,S,1669,13,16826331014,276613148,761,13,futex_do_wait
4924615052300416,3129401,qlever-server-d,S,1667,13,16814697806,268889725,600,11,futex_do_wait
4924615052300416,3129402,qlever-server-d,S,1661,17,16789689543,319142072,1281,11,futex_do_wait
4924615052300416,3129403,qlever-server-d,S,1669,15,16849856034,259348840,792,1,futex_do_wait
4924615052300416,3129404,qlever-server-d,S,1683,14,16986788470,114503981,810,11,futex_do_wait
4924615052300416,3129405,qlever-server-d,S,1682,13,16964481730,127800675,716,10,futex_do_wait
4924615052300416,3129406,qlever-server-d,S,1662,15,16778325616,321753275,911,7,futex_do_wait
4924615052300416,3129407,qlever-server-d,S,1671,12,16846734536,254649246,724,14,futex_do_wait
4924615052300416,3129408,qlever-server-d,S,0,0,15360,0,1,13,futex_do_wait
4924615052300416,3129409,qlever-server-d,S,0,0,273001,0,7,12,ep_poll
4924615052300416,3129410,qlever-server-d,S,0,0,611590,20000,13,9,futex_do_wait
4924615052300416,3129411,qlever-server-d,S,2,21,241568518,503606989,1982,0,futex_do_wait
4924615052300416,3129412,qlever-server-d,S,1,20,212467920,461568296,1788,11,futex_do_wait
4924615052300416,3129413,qlever-server-d,S,1,19,209272712,503154291,1904,2,futex_do_wait
4924615052300416,3129414,qlever-server-d,S,0,26,277531562,502296034,2036,11,futex_do_wait
4924615052300416,3129415,qlever-server-d,S,1,19,205529136,483147164,1960,3,futex_do_wait
4924615052300416,3129416,qlever-server-d,S,1,16,175767225,453931580,1735,2,futex_do_wait
4924615052300416,3129417,qlever-server-d,S,1,19,215638703,468529096,1863,11,futex_do_wait
4924615052300416,3129418,qlever-server-d,S,0,23,245094444,458470306,1835,2,ep_poll
4924615052300416,0,__system__,-,1024895513,7868012092,0,0,0,-1,-
4924615072295017,3128855,qlever-server-d,S,936,1591,25279315500,30777902,1912,1,futex_do_wait
4924615072295017,3128859,qlever-server-d,S,0,0,3696003,3868162,32,15,futex_do_wait
4924615072295017,3129400,qlever-server-d,S,1669,13,16826331014,276613148,761,13,futex_do_wait
4924615072295017,3129401,qlever-server-d,S,1667,13,16814697806,268889725,600,11,futex_do_wait
4924615072295017,3129402,qlever-server-d,S,1661,17,16789689543,319142072,1281,11,futex_do_wait
4924615072295017,3129403,qlever-server-d,S,1669,15,16849856034,259348840,792,1,futex_do_wait
4924615072295017,3129404,qlever-server-d,S,1683,14,16986788470,114503981,810,11,futex_do_wait
4924615072295017,3129405,qlever-server-d,S,1682,13,16964481730,127800675,716,10,futex_do_wait
4924615072295017,3129406,qlever-server-d,S,1662,15,16778325616,321753275,911,7,futex_do_wait
4924615072295017,3129407,qlever-server-d,S,1671,12,16846734536,254649246,724,14,futex_do_wait
4924615072295017,3129408,qlever-server-d,S,0,0,15360,0,1,13,futex_do_wait
4924615072295017,3129409,qlever-server-d,S,0,0,273001,0,7,12,ep_poll
4924615072295017,3129410,qlever-server-d,S,0,0,611590,20000,13,9,futex_do_wait
4924615072295017,3129411,qlever-server-d,S,2,21,241568518,503606989,1982,0,futex_do_wait
4924615072295017,3129412,qlever-server-d,S,1,20,212467920,461568296,1788,11,futex_do_wait
4924615072295017,3129413,qlever-server-d,S,1,19,209272712,503154291,1904,2,futex_do_wait
4924615072295017,3129414,qlever-server-d,S,0,26,277531562,502296034,2036,11,futex_do_wait
4924615072295017,3129415,qlever-server-d,S,1,19,205529136,483147164,1960,3,futex_do_wait
4924615072295017,3129416,qlever-server-d,S,1,16,175767225,453931580,1735,2,futex_do_wait
4924615072295017,3129417,qlever-server-d,S,1,19,215638703,468529096,1863,11,futex_do_wait
4924615072295017,3129418,qlever-server-d,S,0,23,245094444,458470306,1835,2,ep_poll
4924615072295017,0,__system__,-,1024895524,7868012125,0,0,0,-1,-
4924615092292598,3128855,qlever-server-d,S,936,1591,25279315500,30777902,1912,1,futex_do_wait
4924615092292598,3128859,qlever-server-d,S,0,0,3696003,3868162,32,15,futex_do_wait
4924615092292598,3129400,qlever-server-d,S,1669,13,16826331014,276613148,761,13,futex_do_wait
4924615092292598,3129401,qlever-server-d,S,1667,13,16814697806,268889725,600,11,futex_do_wait
4924615092292598,3129402,qlever-server-d,S,1661,17,16789689543,319142072,1281,11,futex_do_wait
4924615092292598,3129403,qlever-server-d,S,1669,15,16849856034,259348840,792,1,futex_do_wait
4924615092292598,3129404,qlever-server-d,S,1683,14,16986788470,114503981,810,11,futex_do_wait
4924615092292598,3129405,qlever-server-d,S,1682,13,16964481730,127800675,716,10,futex_do_wait
4924615092292598,3129406,qlever-server-d,S,1662,15,16778325616,321753275,911,7,futex_do_wait
4924615092292598,3129407,qlever-server-d,S,1671,12,16846734536,254649246,724,14,futex_do_wait
4924615092292598,3129408,qlever-server-d,S,0,0,15360,0,1,13,futex_do_wait
4924615092292598,3129409,qlever-server-d,S,0,0,273001,0,7,12,ep_poll
4924615092292598,3129410,qlever-server-d,S,0,0,611590,20000,13,9,futex_do_wait
4924615092292598,3129411,qlever-server-d,S,2,21,241568518,503606989,1982,0,futex_do_wait
4924615092292598,3129412,qlever-server-d,S,1,20,212467920,461568296,1788,11,futex_do_wait
4924615092292598,3129413,qlever-server-d,S,1,19,209272712,503154291,1904,2,futex_do_wait
4924615092292598,3129414,qlever-server-d,S,0,26,277531562,502296034,2036,11,futex_do_wait
4924615092292598,3129415,qlever-server-d,S,1,19,205529136,483147164,1960,3,futex_do_wait
4924615092292598,3129416,qlever-server-d,S,1,16,175767225,453931580,1735,2,futex_do_wait
4924615092292598,3129417,qlever-server-d,S,1,19,215638703,468529096,1863,11,futex_do_wait
4924615092292598,3129418,qlever-server-d,S,0,23,245094444,458470306,1835,2,ep_poll
4924615092292598,0,__system__,-,1024895534,7868012156,0,0,0,-1,-
4924615112283019,3128855,qlever-server-d,S,936,1591,25279315500,30777902,1912,1,futex_do_wait
4924615112283019,3128859,qlever-server-d,S,0,0,3696003,3868162,32,15,futex_do_wait
4924615112283019,3129400,qlever-server-d,S,1669,13,16826331014,276613148,761,13,futex_do_wait
4924615112283019,3129401,qlever-server-d,S,1667,13,16814697806,268889725,600,11,futex_do_wait
4924615112283019,3129402,qlever-server-d,S,1661,17,16789689543,319142072,1281,11,futex_do_wait
4924615112283019,3129403,qlever-server-d,S,1669,15,16849856034,259348840,792,1,futex_do_wait
4924615112283019,3129404,qlever-server-d,S,1683,14,16986788470,114503981,810,11,futex_do_wait
4924615112283019,3129405,qlever-server-d,S,1682,13,16964481730,127800675,716,10,futex_do_wait
4924615112283019,3129406,qlever-server-d,S,1662,15,16778325616,321753275,911,7,futex_do_wait
4924615112283019,3129407,qlever-server-d,S,1671,12,16846734536,254649246,724,14,futex_do_wait
4924615112283019,3129408,qlever-server-d,S,0,0,15360,0,1,13,futex_do_wait
4924615112283019,3129409,qlever-server-d,S,0,0,273001,0,7,12,ep_poll
4924615112283019,3129410,qlever-server-d,S,0,0,611590,20000,13,9,futex_do_wait
4924615112283019,3129411,qlever-server-d,S,2,21,241568518,503606989,1982,0,futex_do_wait
4924615112283019,3129412,qlever-server-d,S,1,20,212467920,461568296,1788,11,futex_do_wait
4924615112283019,3129413,qlever-server-d,S,1,19,209272712,503154291,1904,2,futex_do_wait
4924615112283019,3129414,qlever-server-d,S,0,26,277531562,502296034,2036,11,futex_do_wait
4924615112283019,3129415,qlever-server-d,S,1,19,205529136,483147164,1960,3,futex_do_wait
4924615112283019,3129416,qlever-server-d,S,1,16,175767225,453931580,1735,2,futex_do_wait
4924615112283019,3129417,qlever-server-d,S,1,19,215638703,468529096,1863,11,futex_do_wait
4924615112283019,3129418,qlever-server-d,S,0,23,245094444,458470306,1835,2,ep_poll
4924615112283019,0,__system__,-,1024895544,7868012188,0,0,0,-1,-
4924615132287360,3128855,qlever-server-d,S,936,1591,25279315500,30777902,1912,1,futex_do_wait
4924615132287360,3128859,qlever-server-d,S,0,0,3696003,3868162,32,15,futex_do_wait
4924615132287360,3129400,qlever-server-d,S,1669,13,16826331014,276613148,761,13,futex_do_wait
4924615132287360,3129401,qlever-server-d,S,1667,13,16814697806,268889725,600,11,futex_do_wait
4924615132287360,3129402,qlever-server-d,S,1661,17,16789689543,319142072,1281,11,futex_do_wait
4924615132287360,3129403,qlever-server-d,S,1669,15,16849856034,259348840,792,1,futex_do_wait
4924615132287360,3129404,qlever-server-d,S,1683,14,16986788470,114503981,810,11,futex_do_wait
4924615132287360,3129405,qlever-server-d,S,1682,13,16964481730,127800675,716,10,futex_do_wait
4924615132287360,3129406,qlever-server-d,S,1662,15,16778325616,321753275,911,7,futex_do_wait
4924615132287360,3129407,qlever-server-d,S,1671,12,16846734536,254649246,724,14,futex_do_wait
4924615132287360,3129408,qlever-server-d,S,0,0,15360,0,1,13,futex_do_wait
4924615132287360,3129409,qlever-server-d,S,0,0,273001,0,7,12,ep_poll
4924615132287360,3129410,qlever-server-d,S,0,0,611590,20000,13,9,futex_do_wait
4924615132287360,3129411,qlever-server-d,S,2,21,241568518,503606989,1982,0,futex_do_wait
4924615132287360,3129412,qlever-server-d,S,1,20,212467920,461568296,1788,11,futex_do_wait
4924615132287360,3129413,qlever-server-d,S,1,19,209272712,503154291,1904,2,futex_do_wait
4924615132287360,3129414,qlever-server-d,S,0,26,277531562,502296034,2036,11,futex_do_wait
4924615132287360,3129415,qlever-server-d,S,1,19,205529136,483147164,1960,3,futex_do_wait
4924615132287360,3129416,qlever-server-d,S,1,16,175767225,453931580,1735,2,futex_do_wait
4924615132287360,3129417,qlever-server-d,S,1,19,215638703,468529096,1863,11,futex_do_wait
4924615132287360,3129418,qlever-server-d,S,0,23,245094444,458470306,1835,2,ep_poll
4924615132287360,0,__system__,-,1024895556,7868012220,0,0,0,-1,-
4924615152297931,3128855,qlever-server-d,S,936,1591,25279315500,30777902,1912,1,futex_do_wait
4924615152297931,3128859,qlever-server-d,S,0,0,3696003,3868162,32,15,futex_do_wait
4924615152297931,3129400,qlever-server-d,S,1669,13,16826331014,276613148,761,13,futex_do_wait
4924615152297931,3129401,qlever-server-d,S,1667,13,16814697806,268889725,600,11,futex_do_wait
4924615152297931,3129402,qlever-server-d,S,1661,17,16789689543,319142072,1281,11,futex_do_wait
4924615152297931,3129403,qlever-server-d,S,1669,15,16849856034,259348840,792,1,futex_do_wait
4924615152297931,3129404,qlever-server-d,S,1683,14,16986788470,114503981,810,11,futex_do_wait
4924615152297931,3129405,qlever-server-d,S,1682,13,16964481730,127800675,716,10,futex_do_wait
4924615152297931,3129406,qlever-server-d,S,1662,15,16778325616,321753275,911,7,futex_do_wait
4924615152297931,3129407,qlever-server-d,S,1671,12,16846734536,254649246,724,14,futex_do_wait
4924615152297931,3129408,qlever-server-d,S,0,0,15360,0,1,13,futex_do_wait
4924615152297931,3129409,qlever-server-d,S,0,0,273001,0,7,12,ep_poll
4924615152297931,3129410,qlever-server-d,S,0,0,611590,20000,13,9,futex_do_wait
4924615152297931,3129411,qlever-server-d,S,2,21,241568518,503606989,1982,0,futex_do_wait
4924615152297931,3129412,qlever-server-d,S,1,20,212467920,461568296,1788,11,futex_do_wait
4924615152297931,3129413,qlever-server-d,S,1,19,209272712,503154291,1904,2,futex_do_wait
4924615152297931,3129414,qlever-server-d,S,0,26,277531562,502296034,2036,11,futex_do_wait
4924615152297931,3129415,qlever-server-d,S,1,19,205529136,483147164,1960,3,futex_do_wait
4924615152297931,3129416,qlever-server-d,S,1,16,175767225,453931580,1735,2,futex_do_wait
4924615152297931,3129417,qlever-server-d,S,1,19,215638703,468529096,1863,11,futex_do_wait
4924615152297931,3129418,qlever-server-d,S,0,23,245094444,458470306,1835,2,ep_poll
4924615152297931,0,__system__,-,1024895567,7868012251,0,0,0,-1,-
4924615172290202,3128855,qlever-server-d,S,936,1591,25279315500,30777902,1912,1,futex_do_wait
4924615172290202,3128859,qlever-server-d,S,0,0,3696003,3868162,32,15,futex_do_wait
4924615172290202,3129400,qlever-server-d,S,1669,13,16826331014,276613148,761,13,futex_do_wait
4924615172290202,3129401,qlever-server-d,S,1667,13,16814697806,268889725,600,11,futex_do_wait
4924615172290202,3129402,qlever-server-d,S,1661,17,16789689543,319142072,1281,11,futex_do_wait
4924615172290202,3129403,qlever-server-d,S,1669,15,16849856034,259348840,792,1,futex_do_wait
4924615172290202,3129404,qlever-server-d,S,1683,14,16986788470,114503981,810,11,futex_do_wait
4924615172290202,3129405,qlever-server-d,S,1682,13,16964481730,127800675,716,10,futex_do_wait
4924615172290202,3129406,qlever-server-d,S,1662,15,16778325616,321753275,911,7,futex_do_wait
4924615172290202,3129407,qlever-server-d,S,1671,12,16846734536,254649246,724,14,futex_do_wait
4924615172290202,3129408,qlever-server-d,S,0,0,15360,0,1,13,futex_do_wait
4924615172290202,3129409,qlever-server-d,S,0,0,273001,0,7,12,ep_poll
4924615172290202,3129410,qlever-server-d,S,0,0,611590,20000,13,9,futex_do_wait
4924615172290202,3129411,qlever-server-d,S,2,21,241568518,503606989,1982,0,futex_do_wait
4924615172290202,3129412,qlever-server-d,S,1,20,212467920,461568296,1788,11,futex_do_wait
4924615172290202,3129413,qlever-server-d,S,1,19,209272712,503154291,1904,2,futex_do_wait
4924615172290202,3129414,qlever-server-d,S,0,26,277531562,502296034,2036,11,futex_do_wait
4924615172290202,3129415,qlever-server-d,S,1,19,205529136,483147164,1960,3,futex_do_wait
4924615172290202,3129416,qlever-server-d,S,1,16,175767225,453931580,1735,2,futex_do_wait
4924615172290202,3129417,qlever-server-d,S,1,19,215638703,468529096,1863,11,futex_do_wait
4924615172290202,3129418,qlever-server-d,S,0,23,245094444,458470306,1835,2,ep_poll
4924615172290202,0,__system__,-,1024895578,7868012284,0,0,0,-1,-
4924615192282383,3128855,qlever-server-d,S,936,1591,25279315500,30777902,1912,1,futex_do_wait
4924615192282383,3128859,qlever-server-d,S,0,0,3696003,3868162,32,15,futex_do_wait
4924615192282383,3129400,qlever-server-d,S,1669,13,16826331014,276613148,761,13,futex_do_wait
4924615192282383,3129401,qlever-server-d,S,1667,13,16814697806,268889725,600,11,futex_do_wait
4924615192282383,3129402,qlever-server-d,S,1661,17,16789689543,319142072,1281,11,futex_do_wait
4924615192282383,3129403,qlever-server-d,S,1669,15,16849856034,259348840,792,1,futex_do_wait
4924615192282383,3129404,qlever-server-d,S,1683,14,16986788470,114503981,810,11,futex_do_wait
4924615192282383,3129405,qlever-server-d,S,1682,13,16964481730,127800675,716,10,futex_do_wait
4924615192282383,3129406,qlever-server-d,S,1662,15,16778325616,321753275,911,7,futex_do_wait
4924615192282383,3129407,qlever-server-d,S,1671,12,16846734536,254649246,724,14,futex_do_wait
4924615192282383,3129408,qlever-server-d,S,0,0,15360,0,1,13,futex_do_wait
4924615192282383,3129409,qlever-server-d,S,0,0,273001,0,7,12,ep_poll
4924615192282383,3129410,qlever-server-d,S,0,0,611590,20000,13,9,futex_do_wait
4924615192282383,3129411,qlever-server-d,S,2,21,241568518,503606989,1982,0,futex_do_wait
4924615192282383,3129412,qlever-server-d,S,1,20,212467920,461568296,1788,11,futex_do_wait
4924615192282383,3129413,qlever-server-d,S,1,19,209272712,503154291,1904,2,futex_do_wait
4924615192282383,3129414,qlever-server-d,S,0,26,277531562,502296034,2036,11,futex_do_wait
4924615192282383,3129415,qlever-server-d,S,1,19,205529136,483147164,1960,3,futex_do_wait
4924615192282383,3129416,qlever-server-d,S,1,16,175767225,453931580,1735,2,futex_do_wait
4924615192282383,3129417,qlever-server-d,S,1,19,215638703,468529096,1863,11,futex_do_wait
4924615192282383,3129418,qlever-server-d,S,0,23,245094444,458470306,1835,2,ep_poll
4924615192282383,0,__system__,-,1024895588,7868012316,0,0,0,-1,-
4924615212271004,3128855,qlever-server-d,S,936,1591,25279315500,30777902,1912,1,futex_do_wait
4924615212271004,3128859,qlever-server-d,S,0,0,3696003,3868162,32,15,futex_do_wait
4924615212271004,3129400,qlever-server-d,S,1669,13,16826331014,276613148,761,13,futex_do_wait
4924615212271004,3129401,qlever-server-d,S,1667,13,16814697806,268889725,600,11,futex_do_wait
4924615212271004,3129402,qlever-server-d,S,1661,17,16789689543,319142072,1281,11,futex_do_wait
4924615212271004,3129403,qlever-server-d,S,1669,15,16849856034,259348840,792,1,futex_do_wait
4924615212271004,3129404,qlever-server-d,S,1683,14,16986788470,114503981,810,11,futex_do_wait
4924615212271004,3129405,qlever-server-d,S,1682,13,16964481730,127800675,716,10,futex_do_wait
4924615212271004,3129406,qlever-server-d,S,1662,15,16778325616,321753275,911,7,futex_do_wait
4924615212271004,3129407,qlever-server-d,S,1671,12,16846734536,254649246,724,14,futex_do_wait
4924615212271004,3129408,qlever-server-d,S,0,0,15360,0,1,13,futex_do_wait
4924615212271004,3129409,qlever-server-d,S,0,0,273001,0,7,12,ep_poll
4924615212271004,3129410,qlever-server-d,S,0,0,611590,20000,13,9,futex_do_wait
4924615212271004,3129411,qlever-server-d,S,2,21,241568518,503606989,1982,0,futex_do_wait
4924615212271004,3129412,qlever-server-d,S,1,20,212467920,461568296,1788,11,futex_do_wait
4924615212271004,3129413,qlever-server-d,S,1,19,209272712,503154291,1904,2,futex_do_wait
4924615212271004,3129414,qlever-server-d,S,0,26,277531562,502296034,2036,11,futex_do_wait
4924615212271004,3129415,qlever-server-d,S,1,19,205529136,483147164,1960,3,futex_do_wait
4924615212271004,3129416,qlever-server-d,S,1,16,175767225,453931580,1735,2,futex_do_wait
4924615212271004,3129417,qlever-server-d,S,1,19,215638703,468529096,1863,11,futex_do_wait
4924615212271004,3129418,qlever-server-d,S,0,23,245094444,458470306,1835,2,ep_poll
4924615212271004,0,__system__,-,1024895598,7868012347,0,0,0,-1,-
4924615232295335,3128855,qlever-server-d,S,936,1591,25279315500,30777902,1912,1,futex_do_wait
4924615232295335,3128859,qlever-server-d,S,0,0,3696003,3868162,32,15,futex_do_wait
4924615232295335,3129400,qlever-server-d,S,1669,13,16826331014,276613148,761,13,futex_do_wait
4924615232295335,3129401,qlever-server-d,S,1667,13,16814697806,268889725,600,11,futex_do_wait
4924615232295335,3129402,qlever-server-d,S,1661,17,16789689543,319142072,1281,11,futex_do_wait
4924615232295335,3129403,qlever-server-d,S,1669,15,16849856034,259348840,792,1,futex_do_wait
4924615232295335,3129404,qlever-server-d,S,1683,14,16986788470,114503981,810,11,futex_do_wait
4924615232295335,3129405,qlever-server-d,S,1682,13,16964481730,127800675,716,10,futex_do_wait
4924615232295335,3129406,qlever-server-d,S,1662,15,16778325616,321753275,911,7,futex_do_wait
4924615232295335,3129407,qlever-server-d,S,1671,12,16846734536,254649246,724,14,futex_do_wait
4924615232295335,3129408,qlever-server-d,S,0,0,15360,0,1,13,futex_do_wait
4924615232295335,3129409,qlever-server-d,S,0,0,273001,0,7,12,ep_poll
4924615232295335,3129410,qlever-server-d,S,0,0,611590,20000,13,9,futex_do_wait
4924615232295335,3129411,qlever-server-d,S,2,21,241568518,503606989,1982,0,futex_do_wait
4924615232295335,3129412,qlever-server-d,S,1,20,212467920,461568296,1788,11,futex_do_wait
4924615232295335,3129413,qlever-server-d,S,1,19,209272712,503154291,1904,2,futex_do_wait
4924615232295335,3129414,qlever-server-d,S,0,26,277531562,502296034,2036,11,futex_do_wait
4924615232295335,3129415,qlever-server-d,S,1,19,205529136,483147164,1960,3,futex_do_wait
4924615232295335,3129416,qlever-server-d,S,1,16,175767225,453931580,1735,2,futex_do_wait
4924615232295335,3129417,qlever-server-d,S,1,19,215638703,468529096,1863,11,futex_do_wait
4924615232295335,3129418,qlever-server-d,S,0,23,245094444,458470306,1835,2,ep_poll
4924615232295335,0,__system__,-,1024895608,7868012379,0,0,0,-1,-
4924615252279726,3128855,qlever-server-d,S,936,1591,25279315500,30777902,1912,1,futex_do_wait
4924615252279726,3128859,qlever-server-d,S,0,0,3696003,3868162,32,15,futex_do_wait
4924615252279726,3129400,qlever-server-d,S,1669,13,16826331014,276613148,761,13,futex_do_wait
4924615252279726,3129401,qlever-server-d,S,1667,13,16814697806,268889725,600,11,futex_do_wait
4924615252279726,3129402,qlever-server-d,S,1661,17,16789689543,319142072,1281,11,futex_do_wait
4924615252279726,3129403,qlever-server-d,S,1669,15,16849856034,259348840,792,1,futex_do_wait
4924615252279726,3129404,qlever-server-d,S,1683,14,16986788470,114503981,810,11,futex_do_wait
4924615252279726,3129405,qlever-server-d,S,1682,13,16964481730,127800675,716,10,futex_do_wait
4924615252279726,3129406,qlever-server-d,S,1662,15,16778325616,321753275,911,7,futex_do_wait
4924615252279726,3129407,qlever-server-d,S,1671,12,16846734536,254649246,724,14,futex_do_wait
4924615252279726,3129408,qlever-server-d,S,0,0,15360,0,1,13,futex_do_wait
4924615252279726,3129409,qlever-server-d,S,0,0,273001,0,7,12,ep_poll
4924615252279726,3129410,qlever-server-d,S,0,0,611590,20000,13,9,futex_do_wait
4924615252279726,3129411,qlever-server-d,S,2,21,241568518,503606989,1982,0,futex_do_wait
4924615252279726,3129412,qlever-server-d,S,1,20,212467920,461568296,1788,11,futex_do_wait
4924615252279726,3129413,qlever-server-d,S,1,19,209272712,503154291,1904,2,futex_do_wait
4924615252279726,3129414,qlever-server-d,S,0,26,277531562,502296034,2036,11,futex_do_wait
4924615252279726,3129415,qlever-server-d,S,1,19,205529136,483147164,1960,3,futex_do_wait
4924615252279726,3129416,qlever-server-d,S,1,16,175767225,453931580,1735,2,futex_do_wait
4924615252279726,3129417,qlever-server-d,S,1,19,215638703,468529096,1863,11,futex_do_wait
4924615252279726,3129418,qlever-server-d,S,0,23,245094444,458470306,1835,2,ep_poll
4924615252279726,0,__system__,-,1024895619,7868012410,0,0,0,-1,-
4924615272301277,3128855,qlever-server-d,S,936,1591,25279315500,30777902,1912,1,futex_do_wait
4924615272301277,3128859,qlever-server-d,S,0,0,3696003,3868162,32,15,futex_do_wait
4924615272301277,3129400,qlever-server-d,S,1669,13,16826331014,276613148,761,13,futex_do_wait
4924615272301277,3129401,qlever-server-d,S,1667,13,16814697806,268889725,600,11,futex_do_wait
4924615272301277,3129402,qlever-server-d,S,1661,17,16789689543,319142072,1281,11,futex_do_wait
4924615272301277,3129403,qlever-server-d,S,1669,15,16849856034,259348840,792,1,futex_do_wait
4924615272301277,3129404,qlever-server-d,S,1683,14,16986788470,114503981,810,11,futex_do_wait
4924615272301277,3129405,qlever-server-d,S,1682,13,16964481730,127800675,716,10,futex_do_wait
4924615272301277,3129406,qlever-server-d,S,1662,15,16778325616,321753275,911,7,futex_do_wait
4924615272301277,3129407,qlever-server-d,S,1671,12,16846734536,254649246,724,14,futex_do_wait
4924615272301277,3129408,qlever-server-d,S,0,0,15360,0,1,13,futex_do_wait
4924615272301277,3129409,qlever-server-d,S,0,0,273001,0,7,12,ep_poll
4924615272301277,3129410,qlever-server-d,S,0,0,611590,20000,13,9,futex_do_wait
4924615272301277,3129411,qlever-server-d,S,2,21,241568518,503606989,1982,0,futex_do_wait
4924615272301277,3129412,qlever-server-d,S,1,20,212467920,461568296,1788,11,futex_do_wait
4924615272301277,3129413,qlever-server-d,S,1,19,209272712,503154291,1904,2,futex_do_wait
4924615272301277,3129414,qlever-server-d,S,0,26,277531562,502296034,2036,11,futex_do_wait
4924615272301277,3129415,qlever-server-d,S,1,19,205529136,483147164,1960,3,futex_do_wait
4924615272301277,3129416,qlever-server-d,S,1,16,175767225,453931580,1735,2,futex_do_wait
4924615272301277,3129417,qlever-server-d,S,1,19,215638703,468529096,1863,11,futex_do_wait
4924615272301277,3129418,qlever-server-d,S,0,23,245094444,458470306,1835,2,ep_poll
4924615272301277,0,__system__,-,1024895631,7868012442,0,0,0,-1,-
4924615292307948,3128855,qlever-server-d,S,936,1591,25279315500,30777902,1912,1,futex_do_wait
4924615292307948,3128859,qlever-server-d,S,0,0,3696003,3868162,32,15,futex_do_wait
4924615292307948,3129400,qlever-server-d,S,1669,13,16826331014,276613148,761,13,futex_do_wait
4924615292307948,3129401,qlever-server-d,S,1667,13,16814697806,268889725,600,11,futex_do_wait
4924615292307948,3129402,qlever-server-d,S,1661,17,16789689543,319142072,1281,11,futex_do_wait
4924615292307948,3129403,qlever-server-d,S,1669,15,16849856034,259348840,792,1,futex_do_wait
4924615292307948,3129404,qlever-server-d,S,1683,14,16986788470,114503981,810,11,futex_do_wait
4924615292307948,3129405,qlever-server-d,S,1682,13,16964481730,127800675,716,10,futex_do_wait
4924615292307948,3129406,qlever-server-d,S,1662,15,16778325616,321753275,911,7,futex_do_wait
4924615292307948,3129407,qlever-server-d,S,1671,12,16846734536,254649246,724,14,futex_do_wait
4924615292307948,3129408,qlever-server-d,S,0,0,15360,0,1,13,futex_do_wait
4924615292307948,3129409,qlever-server-d,S,0,0,273001,0,7,12,ep_poll
4924615292307948,3129410,qlever-server-d,S,0,0,611590,20000,13,9,futex_do_wait
4924615292307948,3129411,qlever-server-d,S,2,21,241568518,503606989,1982,0,futex_do_wait
4924615292307948,3129412,qlever-server-d,S,1,20,212467920,461568296,1788,11,futex_do_wait
4924615292307948,3129413,qlever-server-d,S,1,19,209272712,503154291,1904,2,futex_do_wait
4924615292307948,3129414,qlever-server-d,S,0,26,277531562,502296034,2036,11,futex_do_wait
4924615292307948,3129415,qlever-server-d,S,1,19,205529136,483147164,1960,3,futex_do_wait
4924615292307948,3129416,qlever-server-d,S,1,16,175767225,453931580,1735,2,futex_do_wait
4924615292307948,3129417,qlever-server-d,S,1,19,215638703,468529096,1863,11,futex_do_wait
4924615292307948,3129418,qlever-server-d,S,0,23,245094444,458470306,1835,2,ep_poll
4924615292307948,0,__system__,-,1024895641,7868012474,0,0,0,-1,-
4924615312310589,3128855,qlever-server-d,S,936,1591,25279315500,30777902,1912,1,futex_do_wait
4924615312310589,3128859,qlever-server-d,S,0,0,3696003,3868162,32,15,futex_do_wait
4924615312310589,3129400,qlever-server-d,S,1669,13,16826331014,276613148,761,13,futex_do_wait
4924615312310589,3129401,qlever-server-d,S,1667,13,16814697806,268889725,600,11,futex_do_wait
4924615312310589,3129402,qlever-server-d,S,1661,17,16789689543,319142072,1281,11,futex_do_wait
4924615312310589,3129403,qlever-server-d,S,1669,15,16849856034,259348840,792,1,futex_do_wait
4924615312310589,3129404,qlever-server-d,S,1683,14,16986788470,114503981,810,11,futex_do_wait
4924615312310589,3129405,qlever-server-d,S,1682,13,16964481730,127800675,716,10,futex_do_wait
4924615312310589,3129406,qlever-server-d,S,1662,15,16778325616,321753275,911,7,futex_do_wait
4924615312310589,3129407,qlever-server-d,S,1671,12,16846734536,254649246,724,14,futex_do_wait
4924615312310589,3129408,qlever-server-d,S,0,0,15360,0,1,13,futex_do_wait
4924615312310589,3129409,qlever-server-d,S,0,0,273001,0,7,12,ep_poll
4924615312310589,3129410,qlever-server-d,S,0,0,611590,20000,13,9,futex_do_wait
4924615312310589,3129411,qlever-server-d,S,2,21,241568518,503606989,1982,0,futex_do_wait
4924615312310589,3129412,qlever-server-d,S,1,20,212467920,461568296,1788,11,futex_do_wait
4924615312310589,3129413,qlever-server-d,S,1,19,209272712,503154291,1904,2,futex_do_wait
4924615312310589,3129414,qlever-server-d,S,0,26,277531562,502296034,2036,11,futex_do_wait
4924615312310589,3129415,qlever-server-d,S,1,19,205529136,483147164,1960,3,futex_do_wait
4924615312310589,3129416,qlever-server-d,S,1,16,175767225,453931580,1735,2,futex_do_wait
4924615312310589,3129417,qlever-server-d,S,1,19,215638703,468529096,1863,11,futex_do_wait
4924615312310589,3129418,qlever-server-d,S,0,23,245094444,458470306,1835,2,ep_poll
4924615312310589,0,__system__,-,1024895652,7868012506,0,0,0,-1,-
4924615332297670,3128855,qlever-server-d,S,936,1591,25279315500,30777902,1912,1,futex_do_wait
4924615332297670,3128859,qlever-server-d,S,0,0,3696003,3868162,32,15,futex_do_wait
4924615332297670,3129400,qlever-server-d,S,1669,13,16826331014,276613148,761,13,futex_do_wait
4924615332297670,3129401,qlever-server-d,S,1667,13,16814697806,268889725,600,11,futex_do_wait
4924615332297670,3129402,qlever-server-d,S,1661,17,16789689543,319142072,1281,11,futex_do_wait
4924615332297670,3129403,qlever-server-d,S,1669,15,16849856034,259348840,792,1,futex_do_wait
4924615332297670,3129404,qlever-server-d,S,1683,14,16986788470,114503981,810,11,futex_do_wait
4924615332297670,3129405,qlever-server-d,S,1682,13,16964481730,127800675,716,10,futex_do_wait
4924615332297670,3129406,qlever-server-d,S,1662,15,16778325616,321753275,911,7,futex_do_wait
4924615332297670,3129407,qlever-server-d,S,1671,12,16846734536,254649246,724,14,futex_do_wait
4924615332297670,3129408,qlever-server-d,S,0,0,15360,0,1,13,futex_do_wait
4924615332297670,3129409,qlever-server-d,S,0,0,273001,0,7,12,ep_poll
4924615332297670,3129410,qlever-server-d,S,0,0,611590,20000,13,9,futex_do_wait
4924615332297670,3129411,qlever-server-d,S,2,21,241568518,503606989,1982,0,futex_do_wait
4924615332297670,3129412,qlever-server-d,S,1,20,212467920,461568296,1788,11,futex_do_wait
4924615332297670,3129413,qlever-server-d,S,1,19,209272712,503154291,1904,2,futex_do_wait
4924615332297670,3129414,qlever-server-d,S,0,26,277531562,502296034,2036,11,futex_do_wait
4924615332297670,3129415,qlever-server-d,S,1,19,205529136,483147164,1960,3,futex_do_wait
4924615332297670,3129416,qlever-server-d,S,1,16,175767225,453931580,1735,2,futex_do_wait
4924615332297670,3129417,qlever-server-d,S,1,19,215638703,468529096,1863,11,futex_do_wait
4924615332297670,3129418,qlever-server-d,S,0,23,245094444,458470306,1835,2,ep_poll
4924615332297670,0,__system__,-,1024895662,7868012538,0,0,0,-1,-
4924615352302881,3128855,qlever-server-d,S,936,1591,25279315500,30777902,1912,1,futex_do_wait
4924615352302881,3128859,qlever-server-d,S,0,0,3696003,3868162,32,15,futex_do_wait
4924615352302881,3129400,qlever-server-d,S,1669,13,16826331014,276613148,761,13,futex_do_wait
4924615352302881,3129401,qlever-server-d,S,1667,13,16814697806,268889725,600,11,futex_do_wait
4924615352302881,3129402,qlever-server-d,S,1661,17,16789689543,319142072,1281,11,futex_do_wait
4924615352302881,3129403,qlever-server-d,S,1669,15,16849856034,259348840,792,1,futex_do_wait
4924615352302881,3129404,qlever-server-d,S,1683,14,16986788470,114503981,810,11,futex_do_wait
4924615352302881,3129405,qlever-server-d,S,1682,13,16964481730,127800675,716,10,futex_do_wait
4924615352302881,3129406,qlever-server-d,S,1662,15,16778325616,321753275,911,7,futex_do_wait
4924615352302881,3129407,qlever-server-d,S,1671,12,16846734536,254649246,724,14,futex_do_wait
4924615352302881,3129408,qlever-server-d,S,0,0,15360,0,1,13,futex_do_wait
4924615352302881,3129409,qlever-server-d,S,0,0,273001,0,7,12,ep_poll
4924615352302881,3129410,qlever-server-d,S,0,0,611590,20000,13,9,futex_do_wait
4924615352302881,3129411,qlever-server-d,S,2,21,241568518,503606989,1982,0,futex_do_wait
4924615352302881,3129412,qlever-server-d,S,1,20,212467920,461568296,1788,11,futex_do_wait
4924615352302881,3129413,qlever-server-d,S,1,19,209272712,503154291,1904,2,futex_do_wait
4924615352302881,3129414,qlever-server-d,S,0,26,277531562,502296034,2036,11,futex_do_wait
4924615352302881,3129415,qlever-server-d,S,1,19,205529136,483147164,1960,3,futex_do_wait
4924615352302881,3129416,qlever-server-d,S,1,16,175767225,453931580,1735,2,futex_do_wait
4924615352302881,3129417,qlever-server-d,S,1,19,215638703,468529096,1863,11,futex_do_wait
4924615352302881,3129418,qlever-server-d,S,0,23,245094444,458470306,1835,2,ep_poll
4924615352302881,0,__system__,-,1024895673,7868012570,0,0,0,-1,-
4924615372298412,3128855,qlever-server-d,S,936,1591,25279315500,30777902,1912,1,futex_do_wait
4924615372298412,3128859,qlever-server-d,S,0,0,3696003,3868162,32,15,futex_do_wait
4924615372298412,3129400,qlever-server-d,S,1669,13,16826331014,276613148,761,13,futex_do_wait
4924615372298412,3129401,qlever-server-d,S,1667,13,16814697806,268889725,600,11,futex_do_wait
4924615372298412,3129402,qlever-server-d,S,1661,17,16789689543,319142072,1281,11,futex_do_wait
4924615372298412,3129403,qlever-server-d,S,1669,15,16849856034,259348840,792,1,futex_do_wait
4924615372298412,3129404,qlever-server-d,S,1683,14,16986788470,114503981,810,11,futex_do_wait
4924615372298412,3129405,qlever-server-d,S,1682,13,16964481730,127800675,716,10,futex_do_wait
4924615372298412,3129406,qlever-server-d,S,1662,15,16778325616,321753275,911,7,futex_do_wait
4924615372298412,3129407,qlever-server-d,S,1671,12,16846734536,254649246,724,14,futex_do_wait
4924615372298412,3129408,qlever-server-d,S,0,0,15360,0,1,13,futex_do_wait
4924615372298412,3129409,qlever-server-d,S,0,0,273001,0,7,12,ep_poll
4924615372298412,3129410,qlever-server-d,S,0,0,611590,20000,13,9,futex_do_wait
4924615372298412,3129411,qlever-server-d,S,2,21,241568518,503606989,1982,0,futex_do_wait
4924615372298412,3129412,qlever-server-d,S,1,20,212467920,461568296,1788,11,futex_do_wait
4924615372298412,3129413,qlever-server-d,S,1,19,209272712,503154291,1904,2,futex_do_wait
4924615372298412,3129414,qlever-server-d,S,0,26,277531562,502296034,2036,11,futex_do_wait
4924615372298412,3129415,qlever-server-d,S,1,19,205529136,483147164,1960,3,futex_do_wait
4924615372298412,3129416,qlever-server-d,S,1,16,175767225,453931580,1735,2,futex_do_wait
4924615372298412,3129417,qlever-server-d,S,1,19,215638703,468529096,1863,11,futex_do_wait
4924615372298412,3129418,qlever-server-d,S,0,23,245094444,458470306,1835,2,ep_poll
4924615372298412,0,__system__,-,1024895684,7868012602,0,0,0,-1,-
4924615392292593,3128855,qlever-server-d,S,936,1591,25279315500,30777902,1912,1,futex_do_wait
4924615392292593,3128859,qlever-server-d,S,0,0,3696003,3868162,32,15,futex_do_wait
4924615392292593,3129400,qlever-server-d,S,1669,13,16826331014,276613148,761,13,futex_do_wait
4924615392292593,3129401,qlever-server-d,S,1667,13,16814697806,268889725,600,11,futex_do_wait
4924615392292593,3129402,qlever-server-d,S,1661,17,16789689543,319142072,1281,11,futex_do_wait
4924615392292593,3129403,qlever-server-d,S,1669,15,16849856034,259348840,792,1,futex_do_wait
4924615392292593,3129404,qlever-server-d,S,1683,14,16986788470,114503981,810,11,futex_do_wait
4924615392292593,3129405,qlever-server-d,S,1682,13,16964481730,127800675,716,10,futex_do_wait
4924615392292593,3129406,qlever-server-d,S,1662,15,16778325616,321753275,911,7,futex_do_wait
4924615392292593,3129407,qlever-server-d,S,1671,12,16846734536,254649246,724,14,futex_do_wait
4924615392292593,3129408,qlever-server-d,S,0,0,15360,0,1,13,futex_do_wait
4924615392292593,3129409,qlever-server-d,S,0,0,273001,0,7,12,ep_poll
4924615392292593,3129410,qlever-server-d,S,0,0,611590,20000,13,9,futex_do_wait
4924615392292593,3129411,qlever-server-d,S,2,21,241568518,503606989,1982,0,futex_do_wait
4924615392292593,3129412,qlever-server-d,S,1,20,212467920,461568296,1788,11,futex_do_wait
4924615392292593,3129413,qlever-server-d,S,1,19,209272712,503154291,1904,2,futex_do_wait
4924615392292593,3129414,qlever-server-d,S,0,26,277531562,502296034,2036,11,futex_do_wait
4924615392292593,3129415,qlever-server-d,S,1,19,205529136,483147164,1960,3,futex_do_wait
4924615392292593,3129416,qlever-server-d,S,1,16,175767225,453931580,1735,2,futex_do_wait
4924615392292593,3129417,qlever-server-d,S,1,19,215638703,468529096,1863,11,futex_do_wait
4924615392292593,3129418,qlever-server-d,S,0,23,245094444,458470306,1835,2,ep_poll
4924615392292593,0,__system__,-,1024895696,7868012634,0,0,0,-1,-
4924615412298644,3128855,qlever-server-d,S,936,1591,25279315500,30777902,1912,1,futex_do_wait
4924615412298644,3128859,qlever-server-d,S,0,0,3696003,3868162,32,15,futex_do_wait
4924615412298644,3129400,qlever-server-d,S,1669,13,16826331014,276613148,761,13,futex_do_wait
4924615412298644,3129401,qlever-server-d,S,1667,13,16814697806,268889725,600,11,futex_do_wait
4924615412298644,3129402,qlever-server-d,S,1661,17,16789689543,319142072,1281,11,futex_do_wait
4924615412298644,3129403,qlever-server-d,S,1669,15,16849856034,259348840,792,1,futex_do_wait
4924615412298644,3129404,qlever-server-d,S,1683,14,16986788470,114503981,810,11,futex_do_wait
4924615412298644,3129405,qlever-server-d,S,1682,13,16964481730,127800675,716,10,futex_do_wait
4924615412298644,3129406,qlever-server-d,S,1662,15,16778325616,321753275,911,7,futex_do_wait
4924615412298644,3129407,qlever-server-d,S,1671,12,16846734536,254649246,724,14,futex_do_wait
4924615412298644,3129408,qlever-server-d,S,0,0,15360,0,1,13,futex_do_wait
4924615412298644,3129409,qlever-server-d,S,0,0,273001,0,7,12,ep_poll
4924615412298644,3129410,qlever-server-d,S,0,0,611590,20000,13,9,futex_do_wait
4924615412298644,3129411,qlever-server-d,S,2,21,241568518,503606989,1982,0,futex_do_wait
4924615412298644,3129412,qlever-server-d,S,1,20,212467920,461568296,1788,11,futex_do_wait
4924615412298644,3129413,qlever-server-d,S,1,19,209272712,503154291,1904,2,futex_do_wait
4924615412298644,3129414,qlever-server-d,S,0,26,277531562,502296034,2036,11,futex_do_wait
4924615412298644,3129415,qlever-server-d,S,1,19,205529136,483147164,1960,3,futex_do_wait
4924615412298644,3129416,qlever-server-d,S,1,16,175767225,453931580,1735,2,futex_do_wait
4924615412298644,3129417,qlever-server-d,S,1,19,215638703,468529096,1863,11,futex_do_wait
4924615412298644,3129418,qlever-server-d,S,0,23,245094444,458470306,1835,2,ep_poll
4924615412298644,0,__system__,-,1024895707,7868012666,0,0,0,-1,-
4924615432299795,3128855,qlever-server-d,S,936,1591,25279315500,30777902,1912,1,futex_do_wait
4924615432299795,3128859,qlever-server-d,S,0,0,3696003,3868162,32,15,futex_do_wait
4924615432299795,3129400,qlever-server-d,S,1669,13,16826331014,276613148,761,13,futex_do_wait
4924615432299795,3129401,qlever-server-d,S,1667,13,16814697806,268889725,600,11,futex_do_wait
4924615432299795,3129402,qlever-server-d,S,1661,17,16789689543,319142072,1281,11,futex_do_wait
4924615432299795,3129403,qlever-server-d,S,1669,15,16849856034,259348840,792,1,futex_do_wait
4924615432299795,3129404,qlever-server-d,S,1683,14,16986788470,114503981,810,11,futex_do_wait
4924615432299795,3129405,qlever-server-d,S,1682,13,16964481730,127800675,716,10,futex_do_wait
4924615432299795,3129406,qlever-server-d,S,1662,15,16778325616,321753275,911,7,futex_do_wait
4924615432299795,3129407,qlever-server-d,S,1671,12,16846734536,254649246,724,14,futex_do_wait
4924615432299795,3129408,qlever-server-d,S,0,0,15360,0,1,13,futex_do_wait
4924615432299795,3129409,qlever-server-d,S,0,0,273001,0,7,12,ep_poll
4924615432299795,3129410,qlever-server-d,S,0,0,611590,20000,13,9,futex_do_wait
4924615432299795,3129411,qlever-server-d,S,2,21,241568518,503606989,1982,0,futex_do_wait
4924615432299795,3129412,qlever-server-d,S,1,20,212467920,461568296,1788,11,futex_do_wait
4924615432299795,3129413,qlever-server-d,S,1,19,209272712,503154291,1904,2,futex_do_wait
4924615432299795,3129414,qlever-server-d,S,0,26,277531562,502296034,2036,11,futex_do_wait
4924615432299795,3129415,qlever-server-d,S,1,19,205529136,483147164,1960,3,futex_do_wait
4924615432299795,3129416,qlever-server-d,S,1,16,175767225,453931580,1735,2,futex_do_wait
4924615432299795,3129417,qlever-server-d,S,1,19,215638703,468529096,1863,11,futex_do_wait
4924615432299795,3129418,qlever-server-d,S,0,23,245094444,458470306,1835,2,ep_poll
4924615432299795,0,__system__,-,1024895717,7868012697,0,0,0,-1,-
4924615452306956,3128855,qlever-server-d,S,936,1591,25279315500,30777902,1912,1,futex_do_wait
4924615452306956,3128859,qlever-server-d,S,0,0,3696003,3868162,32,15,futex_do_wait
4924615452306956,3129400,qlever-server-d,S,1669,13,16826331014,276613148,761,13,futex_do_wait
4924615452306956,3129401,qlever-server-d,S,1667,13,16814697806,268889725,600,11,futex_do_wait
4924615452306956,3129402,qlever-server-d,S,1661,17,16789689543,319142072,1281,11,futex_do_wait
4924615452306956,3129403,qlever-server-d,S,1669,15,16849856034,259348840,792,1,futex_do_wait
4924615452306956,3129404,qlever-server-d,S,1683,14,16986788470,114503981,810,11,futex_do_wait
4924615452306956,3129405,qlever-server-d,S,1682,13,16964481730,127800675,716,10,futex_do_wait
4924615452306956,3129406,qlever-server-d,S,1662,15,16778325616,321753275,911,7,futex_do_wait
4924615452306956,3129407,qlever-server-d,S,1671,12,16846734536,254649246,724,14,futex_do_wait
4924615452306956,3129408,qlever-server-d,S,0,0,15360,0,1,13,futex_do_wait
4924615452306956,3129409,qlever-server-d,S,0,0,273001,0,7,12,ep_poll
4924615452306956,3129410,qlever-server-d,S,0,0,611590,20000,13,9,futex_do_wait
4924615452306956,3129411,qlever-server-d,S,2,21,241568518,503606989,1982,0,futex_do_wait
4924615452306956,3129412,qlever-server-d,S,1,20,212467920,461568296,1788,11,futex_do_wait
4924615452306956,3129413,qlever-server-d,S,1,19,209272712,503154291,1904,2,futex_do_wait
4924615452306956,3129414,qlever-server-d,S,0,26,277531562,502296034,2036,11,futex_do_wait
4924615452306956,3129415,qlever-server-d,S,1,19,205529136,483147164,1960,3,futex_do_wait
4924615452306956,3129416,qlever-server-d,S,1,16,175767225,453931580,1735,2,futex_do_wait
4924615452306956,3129417,qlever-server-d,S,1,19,215638703,468529096,1863,11,futex_do_wait
4924615452306956,3129418,qlever-server-d,S,0,23,245094444,458470306,1835,2,ep_poll
4924615452306956,0,__system__,-,1024895727,7868012729,0,0,0,-1,-
4924615472292818,3128855,qlever-server-d,S,936,1591,25279315500,30777902,1912,1,futex_do_wait
4924615472292818,3128859,qlever-server-d,S,0,0,3696003,3868162,32,15,futex_do_wait
4924615472292818,3129400,qlever-server-d,S,1669,13,16826331014,276613148,761,13,futex_do_wait
4924615472292818,3129401,qlever-server-d,S,1667,13,16814697806,268889725,600,11,futex_do_wait
4924615472292818,3129402,qlever-server-d,S,1661,17,16789689543,319142072,1281,11,futex_do_wait
4924615472292818,3129403,qlever-server-d,S,1669,15,16849856034,259348840,792,1,futex_do_wait
4924615472292818,3129404,qlever-server-d,S,1683,14,16986788470,114503981,810,11,futex_do_wait
4924615472292818,3129405,qlever-server-d,S,1682,13,16964481730,127800675,716,10,futex_do_wait
4924615472292818,3129406,qlever-server-d,S,1662,15,16778325616,321753275,911,7,futex_do_wait
4924615472292818,3129407,qlever-server-d,S,1671,12,16846734536,254649246,724,14,futex_do_wait
4924615472292818,3129408,qlever-server-d,S,0,0,15360,0,1,13,futex_do_wait
4924615472292818,3129409,qlever-server-d,S,0,0,273001,0,7,12,ep_poll
4924615472292818,3129410,qlever-server-d,S,0,0,611590,20000,13,9,futex_do_wait
4924615472292818,3129411,qlever-server-d,S,2,21,241568518,503606989,1982,0,futex_do_wait
4924615472292818,3129412,qlever-server-d,S,1,20,212467920,461568296,1788,11,futex_do_wait
4924615472292818,3129413,qlever-server-d,S,1,19,209272712,503154291,1904,2,futex_do_wait
4924615472292818,3129414,qlever-server-d,S,0,26,277531562,502296034,2036,11,futex_do_wait
4924615472292818,3129415,qlever-server-d,S,1,19,205529136,483147164,1960,3,futex_do_wait
4924615472292818,3129416,qlever-server-d,S,1,16,175767225,453931580,1735,2,futex_do_wait
4924615472292818,3129417,qlever-server-d,S,1,19,215638703,468529096,1863,11,futex_do_wait
4924615472292818,3129418,qlever-server-d,S,0,23,245094444,458470306,1835,2,ep_poll
4924615472292818,0,__system__,-,1024895737,7868012760,0,0,0,-1,-
4924615492273289,3128855,qlever-server-d,S,936,1591,25279315500,30777902,1912,1,futex_do_wait
4924615492273289,3128859,qlever-server-d,S,0,0,3696003,3868162,32,15,futex_do_wait
4924615492273289,3129400,qlever-server-d,S,1669,13,16826331014,276613148,761,13,futex_do_wait
4924615492273289,3129401,qlever-server-d,S,1667,13,16814697806,268889725,600,11,futex_do_wait
4924615492273289,3129402,qlever-server-d,S,1661,17,16789689543,319142072,1281,11,futex_do_wait
4924615492273289,3129403,qlever-server-d,S,1669,15,16849856034,259348840,792,1,futex_do_wait
4924615492273289,3129404,qlever-server-d,S,1683,14,16986788470,114503981,810,11,futex_do_wait
4924615492273289,3129405,qlever-server-d,S,1682,13,16964481730,127800675,716,10,futex_do_wait
4924615492273289,3129406,qlever-server-d,S,1662,15,16778325616,321753275,911,7,futex_do_wait
4924615492273289,3129407,qlever-server-d,S,1671,12,16846734536,254649246,724,14,futex_do_wait
4924615492273289,3129408,qlever-server-d,S,0,0,15360,0,1,13,futex_do_wait
4924615492273289,3129409,qlever-server-d,S,0,0,273001,0,7,12,ep_poll
4924615492273289,3129410,qlever-server-d,S,0,0,611590,20000,13,9,futex_do_wait
4924615492273289,3129411,qlever-server-d,S,2,21,241568518,503606989,1982,0,futex_do_wait
4924615492273289,3129412,qlever-server-d,S,1,20,212467920,461568296,1788,11,futex_do_wait
4924615492273289,3129413,qlever-server-d,S,1,19,209272712,503154291,1904,2,futex_do_wait
4924615492273289,3129414,qlever-server-d,S,0,26,277531562,502296034,2036,11,futex_do_wait
4924615492273289,3129415,qlever-server-d,S,1,19,205529136,483147164,1960,3,futex_do_wait
4924615492273289,3129416,qlever-server-d,S,1,16,175767225,453931580,1735,2,futex_do_wait
4924615492273289,3129417,qlever-server-d,S,1,19,215638703,468529096,1863,11,futex_do_wait
4924615492273289,3129418,qlever-server-d,S,0,23,245094444,458470306,1835,2,ep_poll
4924615492273289,0,__system__,-,1024895748,7868012792,0,0,0,-1,-
4924615512304639,3128855,qlever-server-d,S,936,1591,25279315500,30777902,1912,1,futex_do_wait
4924615512304639,3128859,qlever-server-d,S,0,0,3696003,3868162,32,15,futex_do_wait
4924615512304639,3129400,qlever-server-d,S,1669,13,16826331014,276613148,761,13,futex_do_wait
4924615512304639,3129401,qlever-server-d,S,1667,13,16814697806,268889725,600,11,futex_do_wait
4924615512304639,3129402,qlever-server-d,S,1661,17,16789689543,319142072,1281,11,futex_do_wait
4924615512304639,3129403,qlever-server-d,S,1669,15,16849856034,259348840,792,1,futex_do_wait
4924615512304639,3129404,qlever-server-d,S,1683,14,16986788470,114503981,810,11,futex_do_wait
4924615512304639,3129405,qlever-server-d,S,1682,13,16964481730,127800675,716,10,futex_do_wait
4924615512304639,3129406,qlever-server-d,S,1662,15,16778325616,321753275,911,7,futex_do_wait
4924615512304639,3129407,qlever-server-d,S,1671,12,16846734536,254649246,724,14,futex_do_wait
4924615512304639,3129408,qlever-server-d,S,0,0,15360,0,1,13,futex_do_wait
4924615512304639,3129409,qlever-server-d,S,0,0,273001,0,7,12,ep_poll
4924615512304639,3129410,qlever-server-d,S,0,0,611590,20000,13,9,futex_do_wait
4924615512304639,3129411,qlever-server-d,S,2,21,241568518,503606989,1982,0,futex_do_wait
4924615512304639,3129412,qlever-server-d,S,1,20,212467920,461568296,1788,11,futex_do_wait
4924615512304639,3129413,qlever-server-d,S,1,19,209272712,503154291,1904,2,futex_do_wait
4924615512304639,3129414,qlever-server-d,S,0,26,277531562,502296034,2036,11,futex_do_wait
4924615512304639,3129415,qlever-server-d,S,1,19,205529136,483147164,1960,3,futex_do_wait
4924615512304639,3129416,qlever-server-d,S,1,16,175767225,453931580,1735,2,futex_do_wait
4924615512304639,3129417,qlever-server-d,S,1,19,215638703,468529096,1863,11,futex_do_wait
4924615512304639,3129418,qlever-server-d,S,0,23,245094444,458470306,1835,2,ep_poll
4924615512304639,0,__system__,-,1024895761,7868012824,0,0,0,-1,-
4924615532296611,3128855,qlever-server-d,S,936,1591,25279315500,30777902,1912,1,futex_do_wait
4924615532296611,3128859,qlever-server-d,S,0,0,3696003,3868162,32,15,futex_do_wait
4924615532296611,3129400,qlever-server-d,S,1669,13,16826331014,276613148,761,13,futex_do_wait
4924615532296611,3129401,qlever-server-d,S,1667,13,16814697806,268889725,600,11,futex_do_wait
4924615532296611,3129402,qlever-server-d,S,1661,17,16789689543,319142072,1281,11,futex_do_wait
4924615532296611,3129403,qlever-server-d,S,1669,15,16849856034,259348840,792,1,futex_do_wait
4924615532296611,3129404,qlever-server-d,S,1683,14,16986788470,114503981,810,11,futex_do_wait
4924615532296611,3129405,qlever-server-d,S,1682,13,16964481730,127800675,716,10,futex_do_wait
4924615532296611,3129406,qlever-server-d,S,1662,15,16778325616,321753275,911,7,futex_do_wait
4924615532296611,3129407,qlever-server-d,S,1671,12,16846734536,254649246,724,14,futex_do_wait
4924615532296611,3129408,qlever-server-d,S,0,0,15360,0,1,13,futex_do_wait
4924615532296611,3129409,qlever-server-d,S,0,0,273001,0,7,12,ep_poll
4924615532296611,3129410,qlever-server-d,S,0,0,611590,20000,13,9,futex_do_wait
4924615532296611,3129411,qlever-server-d,S,2,21,241568518,503606989,1982,0,futex_do_wait
4924615532296611,3129412,qlever-server-d,S,1,20,212467920,461568296,1788,11,futex_do_wait
4924615532296611,3129413,qlever-server-d,S,1,19,209272712,503154291,1904,2,futex_do_wait
4924615532296611,3129414,qlever-server-d,S,0,26,277531562,502296034,2036,11,futex_do_wait
4924615532296611,3129415,qlever-server-d,S,1,19,205529136,483147164,1960,3,futex_do_wait
4924615532296611,3129416,qlever-server-d,S,1,16,175767225,453931580,1735,2,futex_do_wait
4924615532296611,3129417,qlever-server-d,S,1,19,215638703,468529096,1863,11,futex_do_wait
4924615532296611,3129418,qlever-server-d,S,0,23,245094444,458470306,1835,2,ep_poll
4924615532296611,0,__system__,-,1024895772,7868012857,0,0,0,-1,-
4924615552272182,3128855,qlever-server-d,S,936,1591,25279315500,30777902,1912,1,futex_do_wait
4924615552272182,3128859,qlever-server-d,S,0,0,3696003,3868162,32,15,futex_do_wait
4924615552272182,3129400,qlever-server-d,S,1669,13,16826331014,276613148,761,13,futex_do_wait
4924615552272182,3129401,qlever-server-d,S,1667,13,16814697806,268889725,600,11,futex_do_wait
4924615552272182,3129402,qlever-server-d,S,1661,17,16789689543,319142072,1281,11,futex_do_wait
4924615552272182,3129403,qlever-server-d,S,1669,15,16849856034,259348840,792,1,futex_do_wait
4924615552272182,3129404,qlever-server-d,S,1683,14,16986788470,114503981,810,11,futex_do_wait
4924615552272182,3129405,qlever-server-d,S,1682,13,16964481730,127800675,716,10,futex_do_wait
4924615552272182,3129406,qlever-server-d,S,1662,15,16778325616,321753275,911,7,futex_do_wait
4924615552272182,3129407,qlever-server-d,S,1671,12,16846734536,254649246,724,14,futex_do_wait
4924615552272182,3129408,qlever-server-d,S,0,0,15360,0,1,13,futex_do_wait
4924615552272182,3129409,qlever-server-d,S,0,0,273001,0,7,12,ep_poll
4924615552272182,3129410,qlever-server-d,S,0,0,611590,20000,13,9,futex_do_wait
4924615552272182,3129411,qlever-server-d,S,2,21,241568518,503606989,1982,0,futex_do_wait
4924615552272182,3129412,qlever-server-d,S,1,20,212467920,461568296,1788,11,futex_do_wait
4924615552272182,3129413,qlever-server-d,S,1,19,209272712,503154291,1904,2,futex_do_wait
4924615552272182,3129414,qlever-server-d,S,0,26,277531562,502296034,2036,11,futex_do_wait
4924615552272182,3129415,qlever-server-d,S,1,19,205529136,483147164,1960,3,futex_do_wait
4924615552272182,3129416,qlever-server-d,S,1,16,175767225,453931580,1735,2,futex_do_wait
4924615552272182,3129417,qlever-server-d,S,1,19,215638703,468529096,1863,11,futex_do_wait
4924615552272182,3129418,qlever-server-d,S,0,23,245094444,458470306,1835,2,ep_poll
4924615552272182,0,__system__,-,1024895783,7868012889,0,0,0,-1,-
4924615572282663,3128855,qlever-server-d,S,936,1591,25279315500,30777902,1912,1,futex_do_wait
4924615572282663,3128859,qlever-server-d,S,0,0,3696003,3868162,32,15,futex_do_wait
4924615572282663,3129400,qlever-server-d,S,1669,13,16826331014,276613148,761,13,futex_do_wait
4924615572282663,3129401,qlever-server-d,S,1667,13,16814697806,268889725,600,11,futex_do_wait
4924615572282663,3129402,qlever-server-d,S,1661,17,16789689543,319142072,1281,11,futex_do_wait
4924615572282663,3129403,qlever-server-d,S,1669,15,16849856034,259348840,792,1,futex_do_wait
4924615572282663,3129404,qlever-server-d,S,1683,14,16986788470,114503981,810,11,futex_do_wait
4924615572282663,3129405,qlever-server-d,S,1682,13,16964481730,127800675,716,10,futex_do_wait
4924615572282663,3129406,qlever-server-d,S,1662,15,16778325616,321753275,911,7,futex_do_wait
4924615572282663,3129407,qlever-server-d,S,1671,12,16846734536,254649246,724,14,futex_do_wait
4924615572282663,3129408,qlever-server-d,S,0,0,15360,0,1,13,futex_do_wait
4924615572282663,3129409,qlever-server-d,S,0,0,273001,0,7,12,ep_poll
4924615572282663,3129410,qlever-server-d,S,0,0,611590,20000,13,9,futex_do_wait
4924615572282663,3129411,qlever-server-d,S,2,21,241568518,503606989,1982,0,futex_do_wait
4924615572282663,3129412,qlever-server-d,S,1,20,212467920,461568296,1788,11,futex_do_wait
4924615572282663,3129413,qlever-server-d,S,1,19,209272712,503154291,1904,2,futex_do_wait
4924615572282663,3129414,qlever-server-d,S,0,26,277531562,502296034,2036,11,futex_do_wait
4924615572282663,3129415,qlever-server-d,S,1,19,205529136,483147164,1960,3,futex_do_wait
4924615572282663,3129416,qlever-server-d,S,1,16,175767225,453931580,1735,2,futex_do_wait
4924615572282663,3129417,qlever-server-d,S,1,19,215638703,468529096,1863,11,futex_do_wait
4924615572282663,3129418,qlever-server-d,S,0,23,245094444,458470306,1835,2,ep_poll
4924615572282663,0,__system__,-,1024895793,7868012920,0,0,0,-1,-
4924615592278914,3128855,qlever-server-d,S,936,1591,25279315500,30777902,1912,1,futex_do_wait
4924615592278914,3128859,qlever-server-d,S,0,0,3696003,3868162,32,15,futex_do_wait
4924615592278914,3129400,qlever-server-d,S,1669,13,16826331014,276613148,761,13,futex_do_wait
4924615592278914,3129401,qlever-server-d,S,1667,13,16814697806,268889725,600,11,futex_do_wait
4924615592278914,3129402,qlever-server-d,S,1661,17,16789689543,319142072,1281,11,futex_do_wait
4924615592278914,3129403,qlever-server-d,S,1669,15,16849856034,259348840,792,1,futex_do_wait
4924615592278914,3129404,qlever-server-d,S,1683,14,16986788470,114503981,810,11,futex_do_wait
4924615592278914,3129405,qlever-server-d,S,1682,13,16964481730,127800675,716,10,futex_do_wait
4924615592278914,3129406,qlever-server-d,S,1662,15,16778325616,321753275,911,7,futex_do_wait
4924615592278914,3129407,qlever-server-d,S,1671,12,16846734536,254649246,724,14,futex_do_wait
4924615592278914,3129408,qlever-server-d,S,0,0,15360,0,1,13,futex_do_wait
4924615592278914,3129409,qlever-server-d,S,0,0,273001,0,7,12,ep_poll
4924615592278914,3129410,qlever-server-d,S,0,0,611590,20000,13,9,futex_do_wait
4924615592278914,3129411,qlever-server-d,S,2,21,241568518,503606989,1982,0,futex_do_wait
4924615592278914,3129412,qlever-server-d,S,1,20,212467920,461568296,1788,11,futex_do_wait
4924615592278914,3129413,qlever-server-d,S,1,19,209272712,503154291,1904,2,futex_do_wait
4924615592278914,3129414,qlever-server-d,S,0,26,277531562,502296034,2036,11,futex_do_wait
4924615592278914,3129415,qlever-server-d,S,1,19,205529136,483147164,1960,3,futex_do_wait
4924615592278914,3129416,qlever-server-d,S,1,16,175767225,453931580,1735,2,futex_do_wait
4924615592278914,3129417,qlever-server-d,S,1,19,215638703,468529096,1863,11,futex_do_wait
4924615592278914,3129418,qlever-server-d,S,0,23,245094444,458470306,1835,2,ep_poll
4924615592278914,0,__system__,-,1024895802,7868012951,0,0,0,-1,-
4924615612299805,3128855,qlever-server-d,S,936,1591,25279315500,30777902,1912,1,futex_do_wait
4924615612299805,3128859,qlever-server-d,S,0,0,3696003,3868162,32,15,futex_do_wait
4924615612299805,3129400,qlever-server-d,S,1669,13,16826331014,276613148,761,13,futex_do_wait
4924615612299805,3129401,qlever-server-d,S,1667,13,16814697806,268889725,600,11,futex_do_wait
4924615612299805,3129402,qlever-server-d,S,1661,17,16789689543,319142072,1281,11,futex_do_wait
4924615612299805,3129403,qlever-server-d,S,1669,15,16849856034,259348840,792,1,futex_do_wait
4924615612299805,3129404,qlever-server-d,S,1683,14,16986788470,114503981,810,11,futex_do_wait
4924615612299805,3129405,qlever-server-d,S,1682,13,16964481730,127800675,716,10,futex_do_wait
4924615612299805,3129406,qlever-server-d,S,1662,15,16778325616,321753275,911,7,futex_do_wait
4924615612299805,3129407,qlever-server-d,S,1671,12,16846734536,254649246,724,14,futex_do_wait
4924615612299805,3129408,qlever-server-d,S,0,0,15360,0,1,13,futex_do_wait
4924615612299805,3129409,qlever-server-d,S,0,0,273001,0,7,12,ep_poll
4924615612299805,3129410,qlever-server-d,S,0,0,611590,20000,13,9,futex_do_wait
4924615612299805,3129411,qlever-server-d,S,2,21,241568518,503606989,1982,0,futex_do_wait
4924615612299805,3129412,qlever-server-d,S,1,20,212467920,461568296,1788,11,futex_do_wait
4924615612299805,3129413,qlever-server-d,S,1,19,209272712,503154291,1904,2,futex_do_wait
4924615612299805,3129414,qlever-server-d,S,0,26,277531562,502296034,2036,11,futex_do_wait
4924615612299805,3129415,qlever-server-d,S,1,19,205529136,483147164,1960,3,futex_do_wait
4924615612299805,3129416,qlever-server-d,S,1,16,175767225,453931580,1735,2,futex_do_wait
4924615612299805,3129417,qlever-server-d,S,1,19,215638703,468529096,1863,11,futex_do_wait
4924615612299805,3129418,qlever-server-d,S,0,23,245094444,458470306,1835,2,ep_poll
4924615612299805,0,__system__,-,1024895814,7868012984,0,0,0,-1,-
4924615632308306,3128855,qlever-server-d,S,936,1591,25279315500,30777902,1912,1,futex_do_wait
4924615632308306,3128859,qlever-server-d,S,0,0,3696003,3868162,32,15,futex_do_wait
4924615632308306,3129400,qlever-server-d,S,1669,13,16826331014,276613148,761,13,futex_do_wait
4924615632308306,3129401,qlever-server-d,S,1667,13,16814697806,268889725,600,11,futex_do_wait
4924615632308306,3129402,qlever-server-d,S,1661,17,16789689543,319142072,1281,11,futex_do_wait
4924615632308306,3129403,qlever-server-d,S,1669,15,16849856034,259348840,792,1,futex_do_wait
4924615632308306,3129404,qlever-server-d,S,1683,14,16986788470,114503981,810,11,futex_do_wait
4924615632308306,3129405,qlever-server-d,S,1682,13,16964481730,127800675,716,10,futex_do_wait
4924615632308306,3129406,qlever-server-d,S,1662,15,16778325616,321753275,911,7,futex_do_wait
4924615632308306,3129407,qlever-server-d,S,1671,12,16846734536,254649246,724,14,futex_do_wait
4924615632308306,3129408,qlever-server-d,S,0,0,15360,0,1,13,futex_do_wait
4924615632308306,3129409,qlever-server-d,S,0,0,273001,0,7,12,ep_poll
4924615632308306,3129410,qlever-server-d,S,0,0,611590,20000,13,9,futex_do_wait
4924615632308306,3129411,qlever-server-d,S,2,21,241568518,503606989,1982,0,futex_do_wait
4924615632308306,3129412,qlever-server-d,S,1,20,212467920,461568296,1788,11,futex_do_wait
4924615632308306,3129413,qlever-server-d,S,1,19,209272712,503154291,1904,2,futex_do_wait
4924615632308306,3129414,qlever-server-d,S,0,26,277531562,502296034,2036,11,futex_do_wait
4924615632308306,3129415,qlever-server-d,S,1,19,205529136,483147164,1960,3,futex_do_wait
4924615632308306,3129416,qlever-server-d,S,1,16,175767225,453931580,1735,2,futex_do_wait
4924615632308306,3129417,qlever-server-d,S,1,19,215638703,468529096,1863,11,futex_do_wait
4924615632308306,3129418,qlever-server-d,S,0,23,245094444,458470306,1835,2,ep_poll
4924615632308306,0,__system__,-,1024895827,7868013015,0,0,0,-1,-
