slot,submitted_ns,started_ns,completed_ns,helper,cpu_ns,status
0,4924610206229927,4924610206400546,4924610234165239,1,27761786,Completed
1,4924610206239327,4924610206410086,4924610233724652,1,27239626,Completed
2,4924610206241977,4924610206426286,4924610232349033,1,25920565,Completed
3,4924610206246587,4924610206484826,4924610240134445,1,28548028,Completed
4,4924610206250287,4924610206491525,4924610241973041,1,30780797,Completed
5,4924610206252987,4924610206506185,4924610231854956,1,25296035,Completed
6,4924610206264187,4924610206519855,4924610231398510,1,24833354,Completed
7,4924610206271307,4924610206405626,4924610231796417,1,21044512,Completed
8,4924610206386826,4924610231404610,4924610249521305,1,18089560,Completed
9,4924610206400386,4924610231802267,4924610249444765,1,15731729,Completed
10,4924610206400846,4924610231857186,4924610249102548,1,17244529,Completed
11,4924610206401876,4924610232351503,4924610247940587,1,15588298,Completed
12,4924610214063229,4924610233729002,4924610249675214,1,15932928,Completed
13,4924610214066589,4924610234166879,4924610252103426,1,16433839,Completed
14,4924610214067149,4924610240139515,4924610259288422,1,17387580,Completed
15,4924610214067799,4924610241977391,4924610260843560,1,17207520,Completed
16,4924610214068479,4924610247945267,4924610264772801,1,16429460,Completed
17,4924610214086449,4924610249107618,4924610267430071,1,18321570,Completed
18,4924610214086929,4924610249446455,4924610274289610,1,23415374,Completed
19,4924610214087469,4924610249524865,4924610271094834,1,21569022,Completed
20,4924610214088109,4924610249676964,4924610271953708,1,22276013,Completed
21,4924610214088489,4924610252109615,4924610271530631,1,19420151,Completed
22,4924610214091699,4924610259293572,4924610283450752,1,23551393,Completed
23,4924610214092269,4924610260849300,4924610283183604,1,22333422,Completed
24,4924610214092639,4924610264778551,4924610285995783,1,19865651,Completed
25,4924610222152809,4924610267435111,4924610290498689,1,22784383,Completed
26,4924610222157109,4924610271100044,4924610293485107,1,22357843,Completed
27,4924610222170388,4924610271534671,4924610290788977,1,19253600,Completed
28,4924610222171128,4924610271955118,4924610293647366,1,21691572,Completed
29,4924610222171868,4924610274294720,4924610297115680,1,22819993,Completed
30,4924610222172668,4924610283189214,4924610305257159,1,22066792,Completed
31,4924610222173778,4924610283452372,4924610309239410,1,22337414,Completed
32,4924610222175488,4924610286013633,4924610308016429,1,20738332,Completed
33,4924610222199868,4924610290504429,4924610314831858,1,21308893,Completed
34,4924610222200588,4924610290790827,4924610312988952,1,22197333,Completed
35,4924610222201288,4924610293496677,4924610316430336,1,22906341,Completed
36,4924610222201908,4924610293650416,4924610315817281,1,22165992,Completed
37,4924610222202448,4924610297122080,4924610319319015,1,22195632,Completed
38,4924610226870444,4924610305263119,4924610329401470,1,22561713,Completed
39,4924610226875324,4924610308025009,4924610330026085,1,22000112,Completed
40,4924610226875954,4924610309243950,4924610336652656,1,23488323,Completed
41,4924610226876594,4924610312995552,4924610335534114,1,22537922,Completed
42,4924610226876994,4924610314836518,4924610335550154,1,20293210,Completed
43,4924610226884933,4924610315819731,4924610338358193,1,22537713,Completed
44,4924610226885403,4924610316435516,4924610344242889,1,23372233,Completed
45,4924610226886063,4924610319324105,4924610342936389,1,23350093,Completed
46,4924610226886393,4924610329407159,4924610355574955,1,23719671,Completed
47,4924610226887013,4924610330028135,4924610351719453,1,21690712,Completed
48,4924610226887573,4924610335538134,4924610358143085,1,22603963,Completed
49,4924610226889123,4924610335552044,4924610356483848,1,20931202,Completed
50,4924610226889443,4924610336657096,4924610363259347,1,22334151,Completed
51,4924610232976618,4924610338361923,4924610359040239,1,20677191,Completed
52,4924610232980208,4924610342942859,4924610365132413,1,22188693,Completed
53,4924610232981058,4924610344248349,4924610369385072,1,22902363,Completed
54,4924610232981668,4924610351729343,4924610368674247,1,16944170,Completed
55,4924610232982848,4924610355581465,4924610377655520,1,19838401,Completed
56,4924610232983388,4924610356488208,4924610374639553,1,18150750,Completed
57,4924610232989398,4924610358148765,4924610379075609,1,20926121,Completed
58,4924610232989968,4924610359042719,4924610376915956,1,17872470,Completed
59,4924610233024348,4924610363264617,4924610389599841,1,22832801,Completed
60,4924610233024848,4924610365137203,4924610386324615,1,21186371,Completed
61,4924610233025118,4924610368679697,4924610391087680,1,22407312,Completed
62,4924610233025558,4924610369387692,4924610395660716,1,21809063,Completed
63,4924610233026018,4924610374643743,4924610391781285,1,17136729,Completed
64,4924610239545829,4924610376920946,4924610398851452,1,21929772,Completed
65,4924610239556329,4924610377661320,4924610391239239,1,13576907,Completed
66,4924610239556849,4924610379079969,4924610397542582,1,18461811,Completed
67,4924610239557679,4924610386329445,4924610410842603,1,24512264,Completed
68,4924610239557979,4924610389606051,4924610412322922,1,22660363,Completed
69,4924610239565789,4924610391092610,4924610408765808,1,17672370,Completed
70,4924610239566319,4924610391240949,4924610413346614,1,22105002,Completed
71,4924610239566859,4924610391785265,4924610406785393,1,14999369,Completed
72,4924610239567129,4924610395666176,4924610417445504,1,19703881,Completed
73,4924610239567509,4924610397548472,4924610413208265,1,15333058,Completed
74,4924610239567869,4924610398855232,4924610422122949,1,23266873,Completed
75,4924610239568249,4924610406791713,4924610428136604,1,20640382,Completed
76,4924610254339599,4924610408773048,4924610427571998,1,18766530,Completed
77,4924610254343679,4924610410847603,4924610436953548,1,24105183,Completed
78,4924610254344599,4924610412330272,4924610437014868,1,24606583,Completed
79,4924610254345209,4924610413215335,4924610435658458,1,22442353,Completed
80,4924610254345849,4924610413349234,4924610428837299,1,15487359,Completed
81,4924610254346169,4924610417451134,4924610440207154,1,19837440,Completed
82,4924610254346489,4924610422127609,4924610437693513,1,15565119,Completed
83,4924610254346889,4924610427576958,4924610444208104,1,16617139,Completed
84,4924610254347379,4924610428138374,4924610441701263,1,13562177,Completed
85,4924610254347649,4924610428839159,4924610443114082,1,14237558,Completed
86,4924610254348109,4924610435663278,4924610449020888,1,13337497,Completed
87,4924610254348619,4924610436959908,4924610452893609,1,14838719,Completed
88,4924610254348929,4924610437016538,4924610450506517,1,13397548,Completed
89,4924610284049438,4924610437697373,4924610453558964,1,15860829,Completed
90,4924610284052648,4924610440212134,4924610459772348,1,17500179,Completed
91,4924610284053208,4924610441705533,4924610462761186,1,21054952,Completed
92,4924610284053788,4924610443119922,4924610465552345,1,22431832,Completed
93,4924610284054798,4924610444214654,4924610465461806,1,19608061,Completed
94,4924610284055177,4924610449025268,4924610471866038,1,22840013,Completed
95,4924610284055657,4924610450512977,4924610474524108,1,23909133,Completed
96,4924610284061167,4924610452901939,4924610477656085,1,24205553,Completed
97,4924610284061477,4924610453562794,4924610479954518,1,24534724,Completed
98,4924610284061847,4924610459778958,4924610484093657,1,22043463,Completed
99,4924610284063597,4924610462766276,4924610484607083,1,21609812,Completed
100,4924610284063867,4924610465466336,4924610486838317,1,21371292,Completed
101,4924610284064447,4924610465553605,4924610484801872,1,19247451,Completed
102,4924610293254579,4924610471870838,4924610493337488,1,21465802,Completed
103,4924610293257969,4924610474530538,4924610496809512,1,22278043,Completed
104,4924610293258669,4924610477661815,4924610496722423,1,18985130,Completed
105,4924610293259149,4924610479959618,4924610502646679,1,21796383,Completed
106,4924610293267089,4924610484100207,4924610509326259,1,21724822,Completed
107,4924610293267579,4924610484609553,4924610505769036,1,21140312,Completed
108,4924610293268059,4924610484803232,4924610505620497,1,20816312,Completed
109,4924610293268449,4924610486842927,4924610508431976,1,21535842,Completed
110,4924610293268959,4924610493341018,4924610514568220,1,21210162,Completed
111,4924610293269329,4924610496728433,4924610520400257,1,23670903,Completed
112,4924610293269809,4924610496811022,4924610520342267,1,23503033,Completed
113,4924610293270199,4924610502651449,4924610527568983,1,24897884,Completed
114,4924610293270579,4924610505626627,4924610528934753,1,23307283,Completed
115,4924610319042547,4924610505770296,4924610527840131,1,21961261,Completed
116,4924610319047877,4924610508436836,4924610531466684,1,21558853,Completed
117,4924610319048517,4924610509330839,4924610536773485,1,22903493,Completed
118,4924610319049147,4924610514572640,4924610537038533,1,21902372,Completed
119,4924610319049807,4924610520348117,4924610542506132,1,22126112,Completed
120,4924610319050637,4924610520401437,4924610542938739,1,22536462,Completed
121,4924610319051117,4924610527573823,4924610550774910,1,23200233,Completed
122,4924610319051627,4924610527845561,4924610551508485,1,22015872,Completed
123,4924610319075217,4924610528938573,4924610550161405,1,21222061,Completed
124,4924610319075787,4924610531473314,4924610552876315,1,21370902,Completed
125,4924610319076247,4924610536778915,4924610560546757,1,21664212,Completed
126,4924610319076927,4924610537042293,4924610560040011,1,22996993,Completed
127,4924610332979483,4924610542511702,4924610565866278,1,23353713,Completed
128,4924610332984293,4924610542941339,4924610565711189,1,22741163,Completed
129,4924610332993703,4924610550167245,4924610571287167,1,21119282,Completed
130,4924610332994223,4924610550779560,4924610574549903,1,23769633,Completed
131,4924610332994713,4924610551514035,4924610575316737,1,20752670,Completed
132,4924610332995203,4924610552879925,4924610574012887,1,21099312,Completed
133,4924610332995703,4924610560046991,4924610582313575,1,22248152,Completed
134,4924610332996343,4924610560552447,4924610584821977,1,22090953,Completed
135,4924610332996833,4924610565720389,4924610590200047,1,23950534,Completed
136,4924610332997233,4924610565867648,4924610589121345,1,23252823,Completed
137,4924610332997733,4924610571293167,4924610589266093,1,17728950,Completed
138,4924610332998133,4924610574018377,4924610595272039,1,21252921,Completed
139,4924610332998543,4924610574554313,4924610598805992,1,24250913,Completed
140,4924610342065715,4924610575321967,4924610601840990,1,22059415,Completed
141,4924610342069425,4924610582317455,4924610604952787,1,22634593,Completed
142,4924610342070085,4924610584827677,4924610609045446,1,21619672,Completed
143,4924610342070855,4924610589128035,4924610611882725,1,22718253,Completed
144,4924610342071225,4924610589268533,4924610609630492,1,20361391,Completed
145,4924610342071575,4924610590202897,4924610611502258,1,21196441,Completed
146,4924610342071925,4924610595279649,4924610615309819,1,19983152,Completed
147,4924610342072295,4924610598810822,4924610618934442,1,20122862,Completed
148,4924610342072675,4924610601845460,4924610622023979,1,18782181,Completed
149,4924610342074735,4924610604957347,4924610624777549,1,19819491,Completed
150,4924610342075405,4924610609051776,4924610635352070,1,21950931,Completed
151,4924610342075935,4924610609633172,4924610630181489,1,20547582,Completed
152,4924610342076395,4924610611507788,4924610630710995,1,19147321,Completed
153,4924610351723093,4924610611885655,4924610634069360,1,22079782,Completed
154,4924610351727863,4924610615315399,4924610635741987,1,20425901,Completed
155,4924610351728703,4924610618939172,4924610640859959,1,21919742,Completed
156,4924610351729833,4924610622037209,4924610641312646,1,19274441,Completed
157,4924610351730543,4924610624781799,4924610643429900,1,18647470,Completed
158,4924610351731123,4924610630186699,4924610649590204,1,19402781,Completed
159,4924610351731763,4924610630712725,4924610652465323,1,21650132,Completed
160,4924610351735363,4924610634075200,4924610654730716,1,20654671,Completed
161,4924610351735913,4924610635359240,4924610659762298,1,22276712,Completed
162,4924610351736483,4924610635743577,4924610657186657,1,20094852,Completed
163,4924610351736853,4924610640864469,4924610663117473,1,21574751,Completed
164,4924610351737213,4924610641316636,4924610662741186,1,21343172,Completed
165,4924610351737623,4924610643435710,4924610662176290,1,18739721,Completed
166,4924610361790508,4924610649594364,4924610671130913,1,21535902,Completed
167,4924610361794308,4924610652471422,4924610673690305,1,21217932,Completed
168,4924610361794968,4924610654735476,4924610676709202,1,21972833,Completed
169,4924610361795928,4924610657191307,4924610678771717,1,21579592,Completed
170,4924610361796738,4924610659767368,4924610683945828,1,21981883,Completed
171,4924610361797498,4924610662181010,4924610684513064,1,22331382,Completed
172,4924610361797958,4924610662745706,4924610683661660,1,20915272,Completed
173,4924610361798668,4924610663120603,4924610686691118,1,21745161,Completed
174,4924610361799418,4924610671136163,4924610691979688,1,20842761,Completed
175,4924610361799988,4924610673695335,4924610695852609,1,22156372,Completed
176,4924610361807478,4924610676714372,4924610699324223,1,22609012,Completed
177,4924610361808218,4924610678776887,4924610707721551,1,21670431,Completed
178,4924610371162039,4924610683668720,4924610706208292,1,22211432,Completed
179,4924610371165759,4924610683947538,4924610709038311,1,22821313,Completed
180,4924610371166628,4924610684517574,4924610704538625,1,19996811,Completed
181,4924610371167588,4924610686694807,4924610713461308,1,24749385,Completed
182,4924610371168228,4924610691984808,4924610712648904,1,20298912,Completed
183,4924610371169408,4924610695859999,4924610719287375,1,20333022,Completed
184,4924610371170598,4924610699330763,4924610720291567,1,20959952,Completed
185,4924610371171118,4924610704544075,4924610728741464,1,24184614,Completed
186,4924610371171638,4924610706215382,4924610742351653,1,18213030,Completed
187,4924610371172038,4924610707726001,4924610727301045,1,19574341,Completed
188,4924610371172418,4924610709043751,4924610734776409,1,21284162,Completed
189,4924610371172808,4924610712654154,4924610731825721,1,19170770,Completed
190,4924610371173418,4924610713465748,4924610737876986,1,22116293,Completed
191,4924610379136409,4924610719294155,4924610741505179,1,22209903,Completed
192,4924610379145809,4924610720296587,4924610742136854,1,21803972,Completed
193,4924610379146729,4924610727306415,4924610747163577,1,19856231,Completed
194,4924610379147209,4924610728746324,4924610752460658,1,23713483,Completed
195,4924610379147799,4924610731829591,4924610752020781,1,20190512,Completed
196,4924610379148249,4924610734782969,4924610758940659,1,21909862,Completed
197,4924610379148839,4924610737883056,4924610762709601,1,23518822,Completed
198,4924610379149399,4924610741511869,4924610764594417,1,22584093,Completed
199,4924610379150919,4924610742139644,4924610764588557,1,22448133,Completed
200,4924610379151649,4924610742353533,4924610770445404,1,22137172,Completed
201,4924610379152099,4924610747169257,4924610767492856,1,20322791,Completed
202,4924610379152449,4924610752026171,4924610773079154,1,21052291,Completed
203,4924610391891714,4924610752464928,4924610776769166,1,24178773,Completed
204,4924610391894834,4924610758946559,4924610785150244,1,23973844,Completed
205,4924610391895734,4924610762713911,4924610789702110,1,24447733,Completed
206,4924610391896634,4924610764593337,4924610787771844,1,23135942,Completed
207,4924610391897814,4924610764595997,4924610787631796,1,23035022,Completed
208,4924610391907404,4924610767501246,4924610790239946,1,22737923,Completed
209,4924610391907944,4924610770450534,4924610793142394,1,22638222,Completed
210,4924610391908424,4924610773084984,4924610796164752,1,23078923,Completed
211,4924610391910164,4924610776774116,4924610801965439,1,25177204,Completed
212,4924610391910704,4924610785157404,4924610810041419,1,22734053,Completed
213,4924610391911104,4924610787637275,4924610810744283,1,23106123,Completed
214,4924610391911504,4924610787773274,4924610810646064,1,22871963,Completed
215,4924610391912124,4924610789706490,4924610815385219,1,24246505,Completed
216,4924610402557154,4924610790245266,4924610812392441,1,22146332,Completed
217,4924610402560424,4924610793147904,4924610816238342,1,23001383,Completed
218,4924610402560824,4924610796171882,4924610818257727,1,22085032,Completed
219,4924610402561604,4924610801969709,4924610827390149,1,25419684,Completed
220,4924610402562224,4924610810047078,4924610837196696,1,22586562,Completed
221,4924610402562624,4924610810647904,4924610833846761,1,22877762,Completed
222,4924610402562994,4924610810746163,4924610833685782,1,22938813,Completed
223,4924610402563644,4924610812396431,4924610833409245,1,21012132,Completed
224,4924610402565664,4924610815391169,4924610842416337,1,24772405,Completed
225,4924610402566064,4924610816247602,4924610836913288,1,20664962,Completed
226,4924610402566464,4924610818262277,4924610839542079,1,21279132,Completed
227,4924610402566864,4924610827394929,4924610851248802,1,23838194,Completed
228,4924610411510548,4924610833414735,4924610855930547,1,22515062,Completed
229,4924610411514318,4924610833687262,4924610856825750,1,23137683,Completed
230,4924610411514878,4924610833849251,4924610855597999,1,21747962,Completed
231,4924610411516128,4924610836918948,4924610858349809,1,21430182,Completed
232,4924610411517208,4924610837199186,4924610860599972,1,21152152,Completed
233,4924610411517798,4924610839546589,4924610858912424,1,19365151,Completed
234,4924610411518288,4924610842422817,4924610865015539,1,20243611,Completed
235,4924610411525158,4924610851254362,4924610874261520,1,22922882,Completed
236,4924610411526268,4924610855603729,4924610878034402,1,22308833,Completed
237,4924610411526798,4924610855932327,4924610874873846,1,18940721,Completed
238,4924610411527468,4924610856827980,4924610881039800,1,23360253,Completed
239,4924610411528158,4924610858353939,4924610891709170,1,21486622,Completed
240,4924610411529118,4924610858914724,4924610883102284,1,21421011,Completed
241,4924610421899650,4924610860604752,4924610886828747,1,24001463,Completed
242,4924610421902870,4924610865020679,4924610889955113,1,24061474,Completed
243,4924610421903420,4924610874266060,4924610897153870,1,22801983,Completed
244,4924610421904300,4924610874879506,4924610896128017,1,21247782,Completed
245,4924610421905090,4924610878040792,4924610899450012,1,21047250,Completed
246,4924610421905580,4924610881046309,4924610903727051,1,21400483,Completed
247,4924610421906400,4924610883108734,4924610904728673,1,21619232,Completed
248,4924610421907250,4924610886835797,4924610911235345,1,22090422,Completed
249,4924610421916270,4924610889961323,4924610911944409,1,20681002,Completed
250,4924610421917380,4924610891714790,4924610915472553,1,22204243,Completed
251,4924610421922020,4924610896134057,4924610918533470,1,21341732,Completed
252,4924610421922630,4924610897158399,4924610922243693,1,23648504,Completed
253,4924610433045297,4924610899457552,4924610920923963,1,21240532,Completed
254,4924610433049337,4924610903734241,4924610924171348,1,20436141,Completed
255,4924610433049907,4924610904732153,4924610924607455,1,18976390,Completed
256,4924610433057747,4924610911242325,4924610936599616,1,21008082,Completed
257,4924610433083007,4924610911948689,4924610933519579,1,21530202,Completed
258,4924610433083967,4924610915478793,4924610936606706,1,21127012,Completed
259,4924610433085107,4924610918538290,4924610939433555,1,20894582,Completed
260,4924610433086127,4924610920931422,4924610943416985,1,22484683,Completed
261,4924610433086887,4924610922247493,4924610943656653,1,21322152,Completed
262,4924610433087637,4924610924178998,4924610945587559,1,21407792,Completed
263,4924610433088517,4924610924609605,4924610944893854,1,19271231,Completed
264,4924610433089377,4924610933525109,4924610949869517,1,16343689,Completed
265,4924610433091067,4924610936607386,4924610955282026,1,16380329,Completed
266,4924610441887942,4924610936608486,4924610952069470,1,15460019,Completed
267,4924610441891212,4924610939438885,4924610959391686,1,19347691,Completed
268,4924610441891712,4924610943423895,4924610966086066,1,22661372,Completed
269,4924610441892102,4924610943661353,4924610967236107,1,23573963,Completed
270,4924610441898791,4924610944901084,4924610965501830,1,18418500,Completed
271,4924610441899281,4924610945590059,4924610964632737,1,19041951,Completed
272,4924610441899711,4924610949873807,4924610969247812,1,19373251,Completed
273,4924610441900151,4924610952075280,4924610971940552,1,19864451,Completed
274,4924610441900711,4924610955288766,4924610979513056,1,21986082,Completed
275,4924610441901111,4924610959396746,4924610978893291,1,19476261,Completed
276,4924610441901511,4924610964637867,4924610983174899,1,18536390,Completed
277,4924610441901911,4924610965506580,4924610987324758,1,20433060,Completed
278,4924610455291462,4924610966087586,4924610986656653,1,20568472,Completed
279,4924610455294592,4924610967240207,4924610990101707,1,21292142,Completed
280,4924610455295082,4924610969252372,4924610989872399,1,19508822,Completed
281,4924610455295912,4924610971945672,4924610991973863,1,20027491,Completed
282,4924610455296472,4924610978901531,4924611000322731,1,21420421,Completed
283,4924610455296872,4924610979515126,4924611000275741,1,20728371,Completed
284,4924610455301911,4924610983180449,4924611005860220,1,22678683,Completed
285,4924610455302431,4924610986661433,4924611008304371,1,21642262,Completed
286,4924610455302831,4924610987328828,4924611008214882,1,20795962,Completed
287,4924610455303231,4924610989878849,4924611011326079,1,20895711,Completed
288,4924610455307931,4924610990103107,4924611012210652,1,22106792,Completed
289,4924610455308681,4924610991980193,4924611013377564,1,21300521,Completed
290,4924610455311901,4924611000281311,4924611018438146,1,18155941,Completed
291,4924610470694997,4924611000324431,4924611020914267,1,20589052,Completed
292,4924610470698367,4924611005867480,4924611026468196,1,20600021,Completed
293,4924610470698997,4924611008220232,4924611029141516,1,20376362,Completed
294,4924610470700497,4924611008305951,4924611038674455,1,21736422,Completed
295,4924610470701467,4924611011330769,4924611035178811,1,23804503,Completed
296,4924610470702417,4924611012213432,4924611034424817,1,21329232,Completed
297,4924610470702677,4924611013383224,4924611033926511,1,18730529,Completed
298,4924610470703337,4924611018445726,4924611039966935,1,21465642,Completed
299,4924610470704727,4924611020919667,4924611039403820,1,18483410,Completed
300,4924610470705007,4924611026473776,4924611041357895,1,14883388,Completed
301,4924610470705497,4924611029146946,4924611049136757,1,19916441,Completed
302,4924610470705767,4924611033931381,4924611055412310,1,21480272,Completed
303,4924610493177589,4924611034429687,4924611058448138,1,22440894,Completed
304,4924610493181399,4924611035181191,4924611055707918,1,20525991,Completed
305,4924610493182089,4924611038681005,4924611078362129,1,22722063,Completed
306,4924610493182859,4924611039406070,4924611059785398,1,19407432,Completed
307,4924610493183249,4924611039968615,4924611058465158,1,18495700,Completed
308,4924610493183649,4924611041361925,4924611058864855,1,17502200,Completed
309,4924610493183919,4924611049141907,4924611067881558,1,18665390,Completed
310,4924610493184319,4924611055417750,4924611076387064,1,19736261,Completed
311,4924610493184809,4924611055711478,4924611075931078,1,20218781,Completed
312,4924610493185459,4924611058454008,4924611079213933,1,19878811,Completed
313,4924610493185849,4924611058470518,4924611080143766,1,21672342,Completed
314,4924610493186119,4924611058866535,4924611078821176,1,19954001,Completed
315,4924610493186399,4924611059787398,4924611079377072,1,19588980,Completed
316,4924610507357564,4924611067887058,4924611088232266,1,20278581,Completed
317,4924610507361384,4924611075936127,4924611098319281,1,22382292,Completed
318,4924610507361764,4924611076391284,4924611095756480,1,19364501,Completed
319,4924610507362624,4924611078367769,4924611096731043,1,18362590,Completed
320,4924610507369134,4924611078822596,4924611097658686,1,18835581,Completed
321,4924610507369854,4924611079217753,4924611101767235,1,20859483,Completed
322,4924610507370264,4924611079378702,4924611093327168,1,13947728,Completed
323,4924610507371244,4924611080145866,4924611100555574,1,20381131,Completed
324,4924610507371674,4924611088237046,4924611107865250,1,19588251,Completed
325,4924610507372344,4924611093331958,4924611112118248,1,18785561,Completed
326,4924610507379634,4924611095761180,4924611116492105,1,20622921,Completed
327,4924610507379913,4924611096734712,4924611119067806,1,22304252,Completed
328,4924610521264130,4924611097661716,4924611116023139,1,18360710,Completed
329,4924610521268370,4924611098323771,4924611122190963,1,23819333,Completed
330,4924610521268750,4924611100563344,4924611123465803,1,22901493,Completed
331,4924610521269340,4924611101772135,4924611128449596,1,24007084,Completed
332,4924610521270120,4924611107872270,4924611129717957,1,21844972,Completed
333,4924610521270750,4924611112125278,4924611133146751,1,21020641,Completed
334,4924610521271040,4924611116027579,4924611137603608,1,21575362,Completed
335,4924610521271500,4924611116494535,4924611137791737,1,21296582,Completed
336,4924610521271940,4924611119073926,4924611140256558,1,21120542,Completed
337,4924610521272590,4924611122196153,4924611144427837,1,22199703,Completed
338,4924610521273400,4924611123471963,4924611144121940,1,20576411,Completed
339,4924610521273690,4924611128455256,4924611150522332,1,20647361,Completed
340,4924610521274120,4924611129723077,4924611149716668,1,19980551,Completed
341,4924610533225301,4924611133153041,4924611150926239,1,17759310,Completed
342,4924610533230141,4924611137611738,4924611157809818,1,20184521,Completed
343,4924610533230931,4924611137793497,4924611158155665,1,20348841,Completed
344,4924610533231661,4924611140261538,4924611160901354,1,20626992,Completed
345,4924610533232241,4924611144128879,4924611166171855,1,22041703,Completed
346,4924610533232721,4924611144432027,4924611166966769,1,22534032,Completed
347,4924610533233251,4924611149722858,4924611168937515,1,19213950,Completed
348,4924610533233661,4924611150526772,4924611172894895,1,21057030,Completed
349,4924610533236221,4924611150930679,4924611171338947,1,20407172,Completed
350,4924610533236521,4924611157819247,4924611179748574,1,21928462,Completed
351,4924610533237271,4924611158157615,4924611179673295,1,21202852,Completed
352,4924610533242911,4924611160907234,4924611184539228,1,21009072,Completed
353,4924610544216899,4924611166177225,4924611188411050,1,21409031,Completed
354,4924610544220669,4924611166970799,4924611187777444,1,20805912,Completed
355,4924610544221809,4924611168942044,4924611189646840,1,20636112,Completed
356,4924610544222259,4924611171344217,4924611192204051,1,20859181,Completed
357,4924610544222809,4924611172899755,4924611196981776,1,22100463,Completed
358,4924610544223279,4924611179679915,4924611199622256,1,19922411,Completed
359,4924610544223659,4924611179750544,4924611199550377,1,19799171,Completed
360,4924610544224179,4924611184546268,4924611222060859,1,19758331,Completed
361,4924610544224569,4924611187782424,4924611210312686,1,22529512,Completed
362,4924610544224959,4924611188416560,4924611210812803,1,22395192,Completed
363,4924610544225849,4924611189650870,4924611210587454,1,20852291,Completed
364,4924610544226229,4924611192209091,4924611213375354,1,21088302,Completed
365,4924610544227049,4924611196987006,4924611223307740,1,23591701,Completed
366,4924610544227409,4924611199557396,4924611221340734,1,21782522,Completed
367,4924610554228655,4924611199623726,4924611221349984,1,21643832,Completed
368,4924610554232165,4924611210316986,4924611233234736,1,22875323,Completed
369,4924610554240334,4924611210591854,4924611232538491,1,21933403,Completed
370,4924610554240894,4924611210814933,4924611233235976,1,22387453,Completed
371,4924610554241324,4924611213380514,4924611235211761,1,21830472,Completed
372,4924610554241844,4924611221346484,4924611243547699,1,22200373,Completed
373,4924610554242124,4924611221353014,4924611243836257,1,22232343,Completed
374,4924610554242734,4924611222063549,4924611244132004,1,17030839,Completed
375,4924610554243134,4924611223312570,4924611248029125,1,23056593,Completed
376,4924610554243704,4924611232545651,4924611254448387,1,21822942,Completed
377,4924610554243974,4924611233240256,4924611258307749,1,23560994,Completed
378,4924610554244264,4924611233241486,4924611254380838,1,21108052,Completed
379,4924610563463656,4924611235217451,4924611255581259,1,20363091,Completed
380,4924610563467466,4924611243553179,4924611265090608,1,21536772,Completed
381,4924610563468096,4924611243838757,4924611265735173,1,21895782,Completed
382,4924610563468406,4924611244133984,4924611267072903,1,21570693,Completed
383,4924610563469016,4924611248034425,4924611273274637,1,25206834,Completed
384,4924610563474086,4924611254388698,4924611277610175,1,23220613,Completed
385,4924610563474596,4924611254450017,4924611277160958,1,22710302,Completed
386,4924610563475106,4924611255584399,4924611276196116,1,20610932,Completed
387,4924610563475396,4924611258313789,4924611282466679,1,24152073,Completed
388,4924610563475686,4924611265096458,4924611287625960,1,22508922,Completed
389,4924610563475976,4924611265737023,4924611287629230,1,21839172,Completed
390,4924610563476256,4924611267078683,4924611291199424,1,22230142,Completed
391,4924610563476586,4924611273278507,4924611295515252,1,22235753,Completed
392,4924610591017880,4924611276202166,4924611297333428,1,21130552,Completed
393,4924610591021630,4924611277165198,4924611298524529,1,21358622,Completed
394,4924610591022260,4924611277611815,4924611298271091,1,20630391,Completed
395,4924610591022740,4924611282471469,4924611305798735,1,23326503,Completed
396,4924610591023200,4924611287631830,4924611308790873,1,21155552,Completed
397,4924610591023880,4924611287631850,4924611306915487,1,19279811,Completed
398,4924610591024370,4924611291206204,4924611310838707,1,17968690,Completed
399,4924610591031060,4924611295523402,4924611317324279,1,21800112,Completed
400,4924610591031550,4924611297338178,4924611317639927,1,20301001,Completed
401,4924610591032070,4924611298274721,4924611318988357,1,20712952,Completed
402,4924610591032710,4924611298527429,4924611317838865,1,19310761,Completed
403,4924610591033180,4924611305804605,4924611329312080,1,23458462,Completed
404,4924610632952258,4924611306921177,4924611326690649,1,19602351,Completed
405,4924610632955878,4924611308796753,4924611327958100,1,19160681,Completed
406,4924610632956278,4924611310844667,4924611334227363,1,21291242,Completed
407,4924610632956788,4924611317328839,4924611341035092,1,23398613,Completed
408,4924610632957298,4924611317645007,4924611336742334,1,19096680,Completed
409,4924610632957698,4924611317841075,4924611334641880,1,16800049,Completed
410,4924610632958178,4924611318991087,4924611337523949,1,18467340,Completed
411,4924610632958588,4924611326696989,4924611351540774,1,18849571,Completed
412,4924610632959378,4924611327964440,4924611347348565,1,19383380,Completed
413,4924610632961128,4924611329316400,4924611353124932,1,23807934,Completed
414,4924610632961848,4924611334232473,4924611356358728,1,19459610,Completed
415,4924610632962458,4924611334643580,4924611357849477,1,21144082,Completed
416,4924610666394089,4924611336748014,4924611360412888,1,23664134,Completed
417,4924610666398229,4924611337527409,4924611361357691,1,23803333,Completed
418,4924610666398919,4924611341040762,4924611365644559,1,24491873,Completed
419,4924610666400049,4924611347354735,4924611369409651,1,22054233,Completed
420,4924610666400749,4924611351547264,4924611388070192,1,23587503,Completed
421,4924610666401629,4924611353130692,4924611377165793,1,24034373,Completed
422,4924610666402099,4924611356364858,4924611378444244,1,20665592,Completed
423,4924610666402589,4924611357855197,4924611379432726,1,21529722,Completed
424,4924610666403339,4924611360418718,4924611382401554,1,21982172,Completed
425,4924610666404039,4924611361361531,4924611384782867,1,21807182,Completed
426,4924610666404559,4924611365649339,4924611388684417,1,23034413,Completed
427,4924610666405569,4924611369415821,4924611390764452,1,21348001,Completed
428,4924610666408059,4924611377171113,4924611399780785,1,22608982,Completed
429,4924610666408459,4924611378450714,4924611397344933,1,18433260,Completed
430,4924610675491971,4924611379437536,4924611395615516,1,16177389,Completed
431,4924610675496041,4924611382407824,4924611399595346,1,17186769,Completed
432,4924610675496821,4924611384788157,4924611404024633,1,18535591,Completed
433,4924610675497211,4924611388075502,4924611410849602,1,22773293,Completed
434,4924610675497591,4924611388686417,4924611411045361,1,22358013,Completed
435,4924610675498271,4924611390770462,4924611410444935,1,19673611,Completed
436,4924610675498771,4924611395621746,4924611415418868,1,19796341,Completed
437,4924610675499151,4924611397351713,4924611418061459,1,20620822,Completed
438,4924610675499551,4924611399601536,4924611417752631,1,18150390,Completed
439,4924610675499931,4924611399784345,4924611422786293,1,22978713,Completed
440,4924610675500311,4924611404031153,4924611422130948,1,18099050,Completed
441,4924610675500711,4924611410451715,4924611430606575,1,20154182,Completed
442,4924610675501641,4924611410853452,4924611433317735,1,22463632,Completed
443,4924610690276871,4924611411047541,4924611433052357,1,22003992,Completed
444,4924610690280221,4924611415423148,4924611436337262,1,20452472,Completed
445,4924610690280601,4924611417757681,4924611433519633,1,15761279,Completed
446,4924610690281481,4924611418063099,4924611440796519,1,22695422,Completed
447,4924610690282081,4924611422136018,4924611444738490,1,21175201,Completed
448,4924610690284021,4924611422791313,4924611447386580,1,23832073,Completed
449,4924610690285341,4924611430612415,4924611452752450,1,22139262,Completed
450,4924610690285861,4924611433058237,4924611456442613,1,23383233,Completed
451,4924610690286391,4924611433319715,4924611457241617,1,23921313,Completed
452,4924610690286911,4924611433522423,4924611452651051,1,19127961,Completed
453,4924610690287421,4924611436344602,4924611457996301,1,21650972,Completed
454,4924610690288051,4924611440802769,4924611464786530,1,22721584,Completed
455,4924610705078791,4924611444743900,4924611467314732,1,21120842,Completed
456,4924610705081750,4924611447392210,4924611471327772,1,23890543,Completed
457,4924610705082260,4924611452656851,4924611474844276,1,20769561,Completed
458,4924610705083020,4924611452754540,4924611475200813,1,21506182,Completed
459,4924610705083830,4924611456447863,4924611478278630,1,21006911,Completed
460,4924610705084220,4924611457243937,4924611480616002,1,23320813,Completed
461,4924610705084600,4924611458010421,4924611480399814,1,22349322,Completed
462,4924610705085000,4924611464791850,4924611486596628,1,21319371,Completed
463,4924610705085390,4924611467320602,4924611489896773,1,21255612,Completed
464,4924610705086050,4924611471333002,4924611495409972,1,24076314,Completed
465,4924610705086440,4924611474850285,4924611498148442,1,22591833,Completed
466,4924610705087070,4924611475202283,4924611498420840,1,21397942,Completed
467,4924610705087560,4924611478283410,4924611501393208,1,23109103,Completed
468,4924610721342129,4924611480406244,4924611504170177,1,22754813,Completed
469,4924610721345189,4924611480620082,4924611504254496,1,23633703,Completed
470,4924610721345479,4924611486601578,4924611510119483,1,23043433,Completed
471,4924610721345759,4924611489905363,4924611533168991,1,21977012,Completed
472,4924610721350179,4924611495414312,4924611516381246,1,20949851,Completed
473,4924610721350569,4924611498152892,4924611520657504,1,22503893,Completed
474,4924610721350959,4924611498422580,4924611520723424,1,22300273,Completed
475,4924610721351449,4924611501398278,4924611522760479,1,21361422,Completed
476,4924610721352339,4924611504175087,4924611525023012,1,20847212,Completed
477,4924610721352749,4924611504258686,4924611525647417,1,21388032,Completed
478,4924610721353039,4924611510126713,4924611531513193,1,21317042,Completed
479,4924610721353329,4924611516385916,4924611535728302,1,19341691,Completed
480,4924610721354769,4924611520663084,4924611541094512,1,20389071,Completed
481,4924610730951658,4924611520725374,4924611540984873,1,20258901,Completed
482,4924610730955298,4924611522765789,4924611545901456,1,23116063,Completed
483,4924610730955848,4924611525028092,4924611545980456,1,20951672,Completed
484,4924610730956358,4924611525651597,4924611549245621,1,23593313,Completed
485,4924610730956958,4924611531519713,4924611554337133,1,22737382,Completed
486,4924610730957758,4924611533174931,4924611559860082,1,21647071,Completed
487,4924610730958458,4924611535733142,4924611557421380,1,21669312,Completed
488,4924610730958858,4924611540990033,4924611562627352,1,21163962,Completed
489,4924610730959548,4924611541096202,4924611562777150,1,21653282,Completed
490,4924610730960098,4924611545908156,4924611568430948,1,22522032,Completed
491,4924610730960508,4924611545984066,4924611568212720,1,22228012,Completed
492,4924610730960808,4924611549251721,4924611571339887,1,21911223,Completed
493,4924610730961508,4924611554341793,4924611576694977,1,22292953,Completed
494,4924610745425290,4924611557426160,4924611576202700,1,18775930,Completed
495,4924610745429730,4924611559864232,4924611581527261,1,21631172,Completed
496,4924610745430060,4924611562632041,4924611584508928,1,21847362,Completed
497,4924610745430790,4924611562778830,4924611584454939,1,21600742,Completed
498,4924610745431450,4924611568217990,4924611590077697,1,21859012,Completed
499,4924610745433790,4924611568434968,4924611591314858,1,22361293,Completed
500,4924610745434390,4924611571345737,4924611593673190,1,22326452,Completed
501,4924610745434910,4924611576208030,4924611597562101,1,21353222,Completed
502,4924610745435540,4924611576698747,4924611598759962,1,22060492,Completed
503,4924610745436270,4924611581534871,4924611604826517,1,22483293,Completed
504,4924610745437040,4924611584459829,4924611607522997,1,23062553,Completed
505,4924610745437580,4924611584510608,4924611607140630,1,22562703,Completed
506,4924610756375808,4924611590083647,4924611609785840,1,19701441,Completed
507,4924610756387438,4924611591321948,4924611613596622,1,21105531,Completed
508,4924610756388158,4924611593679100,4924611614401396,1,20721552,Completed
509,4924610756388588,4924611597568511,4924611619056251,1,21463762,Completed
510,4924610756389058,4924611598768432,4924611620037544,1,21131842,Completed
511,4924610756389568,4924611604831667,4924611626755144,1,21879633,Completed
512,4924610756390568,4924611607145270,4924611629434854,1,22248402,Completed
513,4924610756415388,4924611607524687,4924611626638815,1,19113360,Completed
514,4924610756415718,4924611609789440,4924611624369482,1,14579328,Completed
515,4924610756416028,4924611613604602,4924611635948055,1,22342773,Completed
516,4924610756416428,4924611614403426,4924611638083219,1,22960583,Completed
517,4924610756416738,4924611619062641,4924611641562884,1,22467383,Completed
518,4924610756417138,4924611620042534,4924611644143114,1,24099903,Completed
519,4924610772281270,4924611624373752,4924611646973433,1,22598793,Completed
520,4924610772284110,4924611626643495,4924611649319926,1,22675803,Completed
521,4924610772284780,4924611626756904,4924611650597316,1,22759542,Completed
522,4924610772285100,4924611629439884,4924611652610191,1,23030913,Completed
523,4924610772285610,4924611635954335,4924611659189882,1,23234763,Completed
524,4924610772286220,4924611638089839,4924611661576524,1,23486073,Completed
525,4924610772286950,4924611641568663,4924611664544582,1,22975213,Completed
526,4924610772287350,4924611644148784,4924611665128178,1,19600251,Completed
527,4924610772287930,4924611646978123,4924611667198092,1,20219331,Completed
528,4924610772288450,4924611649324506,4924611670809286,1,20318322,Completed
529,4924610772288740,4924611650601876,4924611673505756,1,21706552,Completed
530,4924610772289030,4924611652615701,4924611676720592,1,24014263,Completed
531,4924610783775954,4924611659195602,4924611682581048,1,23384753,Completed
532,4924610783779674,4924611661582824,4924611683874588,1,22291052,Completed
533,4924610783780224,4924611664550772,4924611681334037,1,16782499,Completed
534,4924610783780624,4924611665133068,4924611687961538,1,22482032,Completed
535,4924610783781814,4924611667204202,4924611689448137,1,21837331,Completed
536,4924610783782324,4924611670813905,4924611692507014,1,21038802,Completed
537,4924610783787304,4924611673512966,4924611695488192,1,21952372,Completed
538,4924610783787784,4924611676727892,4924611698269561,1,21454872,Completed
539,4924610783788204,4924611681338977,4924611702023373,1,20683731,Completed
540,4924610783788694,4924611682585968,4924611700664313,1,18077670,Completed
541,4924610783789414,4924611683877658,4924611699797560,1,15919259,Completed
542,4924610783789684,4924611687969518,4924611707313054,1,19342530,Completed
543,4924610793466272,4924611689453227,4924611711285004,1,20765682,Completed
544,4924610793473272,4924611692512384,4924611708838402,1,16325169,Completed
545,4924610793474332,4924611695493532,4924611712069788,1,16305788,Completed
546,4924610793474772,4924611698275231,4924611718510140,1,20170312,Completed
547,4924610793475082,4924611699804190,4924611720358486,1,20528752,Completed
548,4924610793475782,4924611700667993,4924611718780688,1,18111940,Completed
549,4924610793477802,4924611702027703,4924611722132073,1,18555912,Completed
550,4924610793478542,4924611707319064,4924611725961365,1,18604481,Completed
551,4924610793479542,4924611708844512,4924611731781711,1,21727152,Completed
552,4924610793480052,4924611711290104,4924611724463686,1,13172827,Completed
553,4924610793480462,4924611712072598,4924611727389444,1,15316108,Completed
554,4924610793481072,4924611718514880,4924611737532278,1,19016740,Completed
555,4924610793481572,4924611718785118,4924611738762169,1,19857101,Completed
556,4924610801210704,4924611720363036,4924611738252993,1,17858890,Completed
557,4924610801213954,4924611722136423,4924611738176734,1,16039548,Completed
558,4924610801214614,4924611724470216,4924611745129782,1,20658821,Completed
559,4924610801215554,4924611725966425,4924611743945421,1,17978230,Completed
560,4924610801215974,4924611727393954,4924611746052175,1,18608671,Completed
561,4924610801216294,4924611731787001,4924611750369643,1,17633868,Completed
562,4924610801216714,4924611737537788,4924611755413555,1,17874920,Completed
563,4924610801217024,4924611738180744,4924611758167585,1,19986262,Completed
564,4924610801217344,4924611738255093,4924611758481533,1,20142081,Completed
565,4924610801217664,4924611738764079,4924611758304654,1,19539981,Completed
566,4924610801218334,4924611743950341,4924611765456650,1,21505702,Completed
567,4924610801218744,4924611745133452,4924611766864660,1,21730542,Completed
568,4924610801219064,4924611746055645,4924611767078778,1,20980492,Completed
569,4924610809649741,4924611750374203,4924611771374336,1,19116832,Completed
570,4924610809652561,4924611755420115,4924611773667469,1,18246710,Completed
571,4924610809653381,4924611758172695,4924611774821231,1,16647679,Completed
572,4924610809654071,4924611758306204,4924611773467281,1,15160448,Completed
573,4924610809654481,4924611758482943,4924611775106249,1,16622579,Completed
574,4924610809655271,4924611765461170,4924611783414477,1,17913450,Completed
575,4924610809655981,4924611766869440,4924611782953560,1,16083409,Completed
576,4924610809660201,4924611767080818,4924611794965191,1,18914460,Completed
577,4924610809660541,4924611771378766,4924611791156859,1,19777431,Completed
578,4924610809660841,4924611773471001,4924611794392575,1,20905172,Completed
579,4924610809661151,4924611773671079,4924611795607916,1,20237260,Completed
580,4924610809661481,4924611774824791,4924611794344495,1,19518971,Completed
581,4924610818301847,4924611775107849,4924611793727710,1,18600170,Completed
582,4924610818305317,4924611782958550,4924611801173804,1,18214420,Completed
583,4924610818306197,4924611783416057,4924611810684874,1,18275450,Completed
584,4924610818306947,4924611791161329,4924611809519782,1,18357390,Completed
585,4924610818307267,4924611793732760,4924611813802280,1,20068771,Completed
586,4924610818307677,4924611794346195,4924611813510833,1,19163920,Completed
587,4924610818307987,4924611794394355,4924611814752993,1,20357981,Completed
588,4924610818308297,4924611794969441,4924611814432466,1,19447871,Completed
589,4924610818308697,4924611795609596,4924611816035614,1,19345132,Completed
590,4924610818309217,4924611801179644,4924611819843185,1,18662711,Completed
591,4924610818313897,4924611809525712,4924611828988227,1,19461511,Completed
592,4924610818314387,4924611810689074,4924611847499859,1,20230850,Completed
593,4924610818314687,4924611813515672,4924611836831499,1,23315073,Completed
594,4924610828626040,4924611813804230,4924611837105047,1,22461512,Completed
595,4924610828630740,4924611814436256,4924611835425779,1,20906571,Completed
596,4924610828631610,4924611814755113,4924611835603608,1,20847862,Completed
597,4924610828632120,4924611816040594,4924611837899171,1,20783882,Completed
598,4924610828632520,4924611819848325,4924611841089537,1,21240552,Completed
599,4924610828638020,4924611828993507,4924611853259016,1,21268742,Completed
600,4924610828638490,4924611835434979,4924611856325913,1,20801191,Completed
601,4924610828638940,4924611835608978,4924611857952881,1,21883421,Completed
602,4924610828639170,4924611836834719,4924611854359768,1,17524310,Completed
603,4924610828639490,4924611837106537,4924611857386276,1,20265782,Completed
604,4924610828639720,4924611837903061,4924611856803120,1,18469970,Completed
605,4924610828640080,4924611841094857,4924611859070313,1,17974720,Completed
606,4924610828640320,4924611847504759,4924611867535470,1,20030021,Completed
607,4924610837472834,4924611853264446,4924611871899367,1,18634241,Completed
608,4924610837478194,4924611854364938,4924611874431389,1,20015261,Completed
609,4924610837479134,4924611856331113,4924611874820616,1,18488830,Completed
610,4924610837479884,4924611856804750,4924611871025574,1,14220198,Completed
611,4924610837480364,4924611857390545,4924611877277787,1,19335890,Completed
612,4924610837480984,4924611857954691,4924611874454928,1,16499389,Completed
613,4924610837482034,4924611859073843,4924611879453371,1,20353931,Completed
614,4924610837482494,4924611867541480,4924611888487764,1,20703921,Completed
615,4924610837482814,4924611871029674,4924611890477889,1,19447511,Completed
616,4924610837483304,4924611871902837,4924611893824784,1,21921292,Completed
617,4924610837483744,4924611874436398,4924611898382850,1,23128802,Completed
618,4924610837484494,4924611874456838,4924611896815852,1,22358303,Completed
619,4924610847223301,4924611874824166,4924611895903769,1,20984332,Completed
620,4924610847226551,4924611877282827,4924611899825589,1,22541812,Completed
621,4924610847227071,4924611879458531,4924611899640141,1,20180971,Completed
622,4924610847227391,4924611888492194,4924611910897767,1,22404922,Completed
623,4924610847228071,4924611890483259,4924611911215105,1,20713082,Completed
624,4924610847229011,4924611893831654,4924611916021029,1,22164082,Completed
625,4924610847229331,4924611895910139,4924611916673034,1,20761982,Completed
626,4924610847229641,4924611896820522,4924611919774871,1,20966591,Completed
627,4924610847230081,4924611898389680,4924611919535213,1,21144742,Completed
628,4924610847230521,4924611899645181,4924611919863670,1,20217601,Completed
629,4924610847230831,4924611899828329,4924611923057036,1,23228103,Completed
630,4924610847231161,4924611910904227,4924611932779094,1,21820423,Completed
631,4924610857337506,4924611911220194,4924611932808574,1,21587692,Completed
632,4924610857341136,4924611916026959,4924611936729944,1,20702292,Completed
633,4924610857341686,4924611916675234,4924611939691432,1,22969552,Completed
634,4924610857342126,4924611919539473,4924611942857059,1,23316883,Completed
635,4924610857342706,4924611919776491,4924611942974288,1,23197033,Completed
636,4924610857343796,4924611919868520,4924611944286908,1,22139614,Completed
637,4924610857344626,4924611923065036,4924611946265074,1,22878663,Completed
638,4924610857344946,4924611932785584,4924611957187582,1,20769892,Completed
639,4924610857345266,4924611932812374,4924611955338256,1,22525282,Completed
640,4924610857346706,4924611936734384,4924611959085468,1,22350382,Completed
641,4924610857347176,4924611939696842,4924611954844280,1,15146679,Completed
642,4924610857347496,4924611942861649,4924611960935334,1,18072640,Completed
643,4924610857347816,4924611942976568,4924611968411668,1,25434524,Completed
644,4924610857348136,4924611944291078,4924611962135905,1,17844090,Completed
645,4924610868453503,4924611946271144,4924611970764901,1,24493034,Completed
646,4924610868457113,4924611954848289,4924611981601790,1,26738584,Completed
647,4924610868458753,4924611955340026,4924611981480171,1,26139565,Completed
648,4924610868459303,4924611957194862,4924611984054972,1,26859145,Completed
649,4924610868460823,4924611959089708,4924611985951808,1,26861325,Completed
650,4924610868464483,4924611960942104,4924611989686590,1,28743816,Completed
651,4924610868465013,4924611962142215,4924611985289673,1,23145213,Completed
652,4924610868465833,4924611968420918,4924611996770087,1,28348186,Completed
653,4924610868466403,4924611970773531,4924612001847429,1,31039527,Completed
654,4924610868466853,4924611981486651,4924612009673591,1,28186275,Completed
655,4924610868467523,4924611981603210,4924612007983254,1,26353734,Completed
656,4924610868467833,4924611984062672,4924612015555887,1,31432568,Completed
657,4924610868468143,4924611985296413,4924612012024763,1,24945164,Completed
658,4924610885645855,4924611985956118,4924612013993949,1,28037046,Completed
659,4924610885649285,4924611989691910,4924612020480011,1,29959317,Completed
660,4924610885649695,4924611996774607,4924612027319150,1,29922876,Completed
661,4924610885650615,4924612001857269,4924612029783121,1,27925195,Completed
662,4924610885651085,4924612007992924,4924612034211898,1,26194685,Completed
663,4924610885651825,4924612009680671,4924612034540456,1,24859144,Completed
664,4924610885652145,4924612012031503,4924612031538468,1,19506340,Completed
665,4924610885652545,4924612014009949,4924612038139149,1,23555463,Completed
666,4924610885652955,4924612015560187,4924612040691030,1,25130314,Completed
667,4924610885653455,4924612020483741,4924612043542209,1,23057783,Completed
668,4924610885653875,4924612027326649,4924612049220157,1,21892792,Completed
669,4924610885654495,4924612029789301,4924612057049668,1,27259476,Completed
670,4924610912865692,4924612031544388,4924612051750898,1,20205872,Completed
671,4924610912870112,4924612034217068,4924612058421988,1,24176233,Completed
672,4924610912875162,4924612034541626,4924612058384508,1,23842223,Completed
673,4924610912876382,4924612038144009,4924612060695841,1,22551123,Completed
674,4924610912877192,4924612040701080,4924612064938349,1,24236343,Completed
675,4924610912877862,4924612043547759,4924612068921590,1,25358894,Completed
676,4924610912878312,4924612049226356,4924612070081631,1,20854642,Completed
677,4924610912878582,4924612051759478,4924612069757333,1,17503780,Completed
678,4924610912878842,4924612057054238,4924612086418749,1,29363806,Completed
679,4924610912879112,4924612058393968,4924612084324515,1,25929635,Completed
680,4924610912879382,4924612058423118,4924612084164866,1,25741105,Completed
681,4924610912879722,4924612060704541,4924612081617365,1,20911961,Completed
682,4924610912880282,4924612064944909,4924612092896531,1,27950926,Completed
683,4924610925453119,4924612068926490,4924612093512886,1,23949774,Completed
684,4924610925457319,4924612069764503,4924612097246409,1,24460705,Completed
685,4924610925457989,4924612070083871,4924612093104959,1,23020473,Completed
686,4924610925458679,4924612081626805,4924612106360981,1,23379114,Completed
687,4924610925459049,4924612084171326,4924612109472268,1,25262474,Completed
688,4924610925459799,4924612084325755,4924612108714133,1,24143933,Completed
689,4924610925460069,4924612086423469,4924612113969364,1,27532055,Completed
690,4924610925460339,4924612092901541,4924612120116298,1,27214115,Completed
691,4924610925460609,4924612093110609,4924612117449218,1,24295643,Completed
692,4924610925461589,4924612093514516,4924612118823658,1,25296154,Completed
693,4924610925461969,4924612097253838,4924612120776043,1,21988742,Completed
694,4924610925462759,4924612106366011,4924612129954825,1,23588173,Completed
695,4924610935646573,4924612108720893,4924612134200053,1,24800515,Completed
696,4924610935650403,4924612109475378,4924612126985497,1,17509389,Completed
697,4924610935650833,4924612113975584,4924612141594848,1,24561865,Completed
698,4924610935651193,4924612117456468,4924612138324003,1,20866792,Completed
699,4924610935653213,4924612118837518,4924612143435825,1,24597494,Completed
700,4924610935653503,4924612120120018,4924612145853206,1,24774344,Completed
701,4924610935653953,4924612120782653,4924612144852544,1,22493222,Completed
702,4924610935654243,4924612126993227,4924612146799519,1,19753681,Completed
703,4924610935654723,4924612129963035,4924612149683738,1,19719971,Completed
704,4924610935656033,4924612134208503,4924612159053678,1,24844413,Completed
705,4924610935656423,4924612138330863,4924612161724538,1,23392963,Completed
706,4924610935656943,4924612141600608,4924612166390173,1,24788663,Completed
707,4924610952286059,4924612143439014,4924612170703341,1,27263715,Completed
708,4924610952289179,4924612144860484,4924612169183393,1,22641343,Completed
709,4924610952291219,4924612145857976,4924612174097896,1,28151196,Completed
710,4924610952291839,4924612146804919,4924612167836713,1,21017711,Completed
711,4924610952292539,4924612149692258,4924612169867098,1,18764411,Completed
712,4924610952293499,4924612159059908,4924612183818094,1,23224902,Completed
713,4924610952294039,4924612161729608,4924612186236156,1,24505673,Completed
714,4924610952294509,4924612164702716,4924612187502996,0,22797843,Completed
715,4924610952294789,4924612166396083,4924612188332810,1,21238603,Completed
716,4924610952295189,4924612167844223,4924612189790989,1,21924802,Completed
717,4924610952295459,4924612169189303,4924612191556306,1,20775631,Completed
718,4924610952295859,4924612169869508,4924612189914098,1,20043681,Completed
719,4924610952296469,4924612170707781,4924612187435787,1,16727109,Completed
720,4924610967099078,4924612174103186,4924612193576011,1,19472000,Completed
721,4924610967103208,4924612183822304,4924612203511027,1,19687991,Completed
722,4924610967103878,4924612186240736,4924612201501462,1,14827349,Completed
723,4924610967104378,4924612187441387,4924612203311009,1,15868819,Completed
724,4924610967105128,4924612188338720,4924612199391688,1,11052016,Completed
725,4924610967105578,4924612188701937,4924612203585466,0,14882508,Completed
726,4924610967105978,4924612189799579,4924612203945914,1,14145208,Completed
727,4924610967106548,4924612189915868,4924612209913389,1,19996892,Completed
728,4924610967107118,4924612191560426,4924612209522172,1,16890829,Completed
729,4924610967107408,4924612193582211,4924612211256279,1,17673389,Completed
730,4924610967107668,4924612199396988,4924612218786363,1,17522680,Completed
731,4924610967107938,4924612201507972,4924612214909222,1,13400617,Completed
732,4924611024036584,4924612203321628,4924612223183120,1,19860541,Completed
733,4924611024039744,4924612203516877,4924612222406386,1,18888851,Completed
734,4924611024040314,4924612203947444,4924612223450008,1,19501631,Completed
735,4924611024040654,4924612206724723,4924612222971772,0,16160038,Completed
736,4924611024043064,4924612209527452,4924612224646400,1,15085049,Completed
737,4924611024043664,4924612209915839,4924612224291192,1,14374808,Completed
738,4924611024044054,4924612211261029,4924612230602565,1,19340841,Completed
739,4924611024044644,4924612214915062,4924612232363882,1,17448160,Completed
740,4924611024045134,4924612218793063,4924612237606043,1,18292279,Completed
741,4924611024045414,4924612222414386,4924612240283833,1,17868789,Completed
742,4924611024045674,4924612223186720,4924612240652100,1,17430090,Completed
743,4924611024045984,4924612223453338,4924612237274266,1,13798648,Completed
744,4924611074354209,4924612224292692,4924612240793839,1,16500479,Completed
745,4924611074359199,4924612224648230,4924612240532801,1,15845299,Completed
746,4924611074359569,4924612226071159,4924612244152414,0,18058860,Completed
747,4924611074359869,4924612230608075,4924612249320516,1,18711520,Completed
748,4924611074360689,4924612232369172,4924612251193452,1,18823251,Completed
749,4924611074367809,4924612237279475,4924612252569871,1,15261408,Completed
750,4924611074368489,4924612237610483,4924612249737913,1,12126627,Completed
751,4924611074368759,4924612240290733,4924612261775263,1,21483852,Completed
752,4924611074369189,4924612240534211,4924612257612604,1,17012019,Completed
753,4924611074369679,4924612240656740,4924612259119823,1,18462370,Completed
754,4924611074372019,4924612240795479,4924612254843095,1,14046968,Completed
755,4924611074372419,4924612246846674,4924612264353534,0,17504300,Completed
756,4924611074372699,4924612249327076,4924612268421793,1,19093991,Completed
757,4924611112782323,4924612249739302,4924612268283664,1,18543650,Completed
758,4924611112786413,4924612251198182,4924612270126871,1,18927910,Completed
759,4924611112787093,4924612252574401,4924612272715171,1,20140021,Completed
760,4924611112787883,4924612254848715,4924612273064469,1,18215030,Completed
761,4924611112788363,4924612257618774,4924612277672964,1,19999291,Completed
762,4924611112788923,4924612259127313,4924612278533358,1,19405441,Completed
763,4924611112789373,4924612261780723,4924612283307082,1,21498802,Completed
764,4924611112789673,4924612264997919,4924612285159469,0,19181900,Completed
765,4924611112790163,4924612268289184,4924612288390805,1,20100811,Completed
766,4924611112790683,4924612268423603,4924612290921836,1,22497393,Completed
767,4924611112791333,4924612270132541,4924612290640798,1,20507441,Completed
768,4924611112793553,4924612272721861,4924612294012713,1,21252542,Completed
769,4924611112795733,4924612273066209,4924612293180479,1,19095251,Completed
770,4924611135093117,4924612277679764,4924612297678225,1,19931371,Completed
771,4924611135096427,4924612278537778,4924612295625391,1,17087009,Completed
772,4924611135096837,4924612283312312,4924612304699123,1,20867002,Completed
773,4924611135097467,4924612287347172,4924612307187345,0,19227651,Completed
774,4924611135097967,4924612288394775,4924612307532932,1,19137491,Completed
775,4924611135099417,4924612290645448,4924612312573064,1,21380982,Completed
776,4924611135100097,4924612290926226,4924612313452898,1,22525822,Completed
777,4924611135100607,4924612293187299,4924612315171155,1,21983192,Completed
778,4924611135101167,4924612294016663,4924612317554097,1,23012543,Completed
779,4924611135101917,4924612295630641,4924612310997806,1,15366559,Completed
780,4924611135102727,4924612297683215,4924612319941749,1,22257523,Completed
781,4924611135103177,4924612304705763,4924612325603947,1,20801222,Completed
782,4924611157946097,4924612307540612,4924612329268340,1,21120342,Completed
783,4924611157949347,4924612308193857,4924612327119446,0,18890451,Completed
784,4924611157950237,4924612311010226,4924612329772536,1,18761540,Completed
785,4924611157951337,4924612312579444,4924612335866161,1,23286023,Completed
786,4924611157951847,4924612313458798,4924612333486339,1,20026711,Completed
787,4924611157952397,4924612315176495,4924612328546605,1,13369057,Completed
788,4924611157952677,4924612317559797,4924612330593980,1,12979948,Completed
789,4924611157953466,4924612319947599,4924612332361027,1,12412737,Completed
790,4924611157953906,4924612325609717,4924612338023205,1,12412647,Completed
791,4924611157954416,4924612327833491,4924612339137137,0,11266496,Completed
792,4924611157954816,4924612328557965,4924612339232446,1,10673376,Completed
793,4924611157955306,4924612329272310,4924612339816152,1,10542656,Completed
794,4924611157955786,4924612329773816,4924612342274373,1,11499616,Completed
795,4924611157956236,4924612330599220,4924612342479282,1,11851166,Completed
796,4924611164535497,4924612332365677,4924612343664823,1,11268686,Completed
797,4924611164539197,4924612333490549,4924612345772267,1,11807926,Completed
798,4924611164539927,4924612335870581,4924612347423665,1,11504536,Completed
799,4924611164542247,4924612338028065,4924612349982926,1,11847786,Completed
800,4924611164546877,4924612339238746,4924612351246486,1,11296526,Completed
801,4924611164547617,4924612339820722,4924612350542492,1,10721026,Completed
802,4924611164548207,4924612339899821,4924612350562371,0,10661476,Completed
803,4924611164548727,4924612342278663,4924612353333271,1,11053816,Completed
804,4924611164549167,4924612342485632,4924612354398923,1,11912337,Completed
805,4924611164549887,4924612343669403,4924612353715508,1,9984135,Completed
806,4924611164550167,4924612345777957,4924612358181935,1,12403247,Completed
807,4924611164550437,4924612347429475,4924612358858290,1,11402796,Completed
808,4924611164550807,4924612349988436,4924612361899307,1,11910157,Completed
809,4924611170582022,4924612350548051,4924612362313124,1,11764226,Completed
810,4924611170586152,4924612351251016,4924612363333226,1,11568457,Completed
811,4924611170586782,4924612351866952,4924612364196720,0,11486436,Completed
812,4924611170587632,4924612353338811,4924612363803473,1,10463836,Completed
813,4924611170588522,4924612353721108,4924612362556682,1,8834905,Completed
814,4924611170589182,4924612354401313,4924612367044169,1,12102967,Completed
815,4924611170590422,4924612358187045,4924612371158588,1,12970747,Completed
816,4924611170590922,4924612358863330,4924612371150088,1,11787417,Completed
817,4924611170591762,4924612361905217,4924612373439531,1,11533356,Completed
818,4924611170592422,4924612362317054,4924612374862740,1,12544837,Completed
819,4924611170592972,4924612362559132,4924612372556048,1,9996136,Completed
820,4924611170593992,4924612363335876,4924612373039274,1,9702745,Completed
821,4924611190131837,4924612363808103,4924612386788701,1,22979953,Completed
822,4924611190135227,4924612364958964,4924612389776829,0,22893163,Completed
823,4924611190136037,4924612367051689,4924612386281655,1,18121360,Completed
824,4924611190137517,4924612371156248,4924612388713087,1,17556140,Completed
825,4924611190138097,4924612371163238,4924612390506944,1,19342931,Completed
826,4924611190138917,4924612372560628,4924612389245193,1,16683899,Completed
827,4924611190140067,4924612373041444,4924612389629250,1,16587189,Completed
828,4924611190147287,4924612373440811,4924612387568866,1,14127118,Completed
829,4924611190148077,4924612374868410,4924612391886144,1,17016620,Completed
830,4924611190148977,4924612386287555,4924612410045998,1,22341713,Completed
831,4924611190149807,4924612386792961,4924612407199210,1,20405521,Completed
832,4924611190151177,4924612387573376,4924612406412815,1,18838421,Completed
833,4924611190151817,4924612388717357,4924612403043190,1,13612298,Completed
834,4924611229045237,4924612389246833,4924612403876314,1,14628778,Completed
835,4924611229049937,4924612389630790,4924612402777652,1,13146208,Completed
836,4924611229050497,4924612390510984,4924612410851102,1,20339291,Completed
837,4924611229051177,4924612391470177,4924612413692851,0,19874901,Completed
838,4924611229051557,4924612391890034,4924612410529455,1,18455189,Completed
839,4924611229052167,4924612402783382,4924612419281089,1,15807038,Completed
840,4924611229052807,4924612403045460,4924612419182140,1,16135919,Completed
841,4924611229053337,4924612403877844,4924612416392041,1,12454017,Completed
842,4924611229053827,4924612406419205,4924612423408789,1,16959029,Completed
843,4924611229054227,4924612407204040,4924612422895253,1,15690449,Completed
844,4924611229054877,4924612410052998,4924612428223203,1,18103010,Completed
845,4924611229055247,4924612410534395,4924612435058982,1,21668523,Completed
846,4924611252686001,4924612410852692,4924612434147099,1,23293753,Completed
847,4924611252690961,4924612414558255,4924612431555028,0,16859890,Completed
848,4924611252691731,4924612416397831,4924612435347560,1,18948961,Completed
849,4924611252694111,4924612419187910,4924612432665430,1,13476527,Completed
850,4924611252695181,4924612419282789,4924612435048062,1,15764619,Completed
851,4924611252696131,4924612422900863,4924612441761092,1,18859520,Completed
852,4924611252697081,4924612423413159,4924612439318060,1,15904149,Completed
853,4924611252697921,4924612428228483,4924612446872224,1,18566450,Completed
854,4924611252698571,4924612432269533,4924612451835927,0,19564601,Completed
855,4924611252699591,4924612432671280,4924612451865747,1,19193731,Completed
856,4924611252700621,4924612434151279,4924612455546419,1,21394002,Completed
857,4924611252701581,4924612435053282,4924612450414158,1,15360038,Completed
858,4924611271688409,4924612435061542,4924612452793080,1,17682000,Completed
859,4924611271691359,4924612435349580,4924612448947868,1,12996857,Completed
860,4924611271691959,4924612439323860,4924612450941824,1,11617166,Completed
861,4924611271692749,4924612441766742,4924612460193105,1,18425681,Completed
862,4924611271693199,4924612446877874,4924612464466223,1,17560840,Completed
863,4924611271696179,4924612448954658,4924612465824293,1,16841570,Completed
864,4924611271701169,4924612450419827,4924612468826960,1,18394560,Completed
865,4924611271701589,4924612450943614,4924612465206467,1,13911988,Completed
866,4924611271702089,4924612451867437,4924612471555340,1,19687111,Completed
867,4924611271702409,4924612452799950,4924612470161580,1,15678318,Completed
868,4924611271702739,4924612452978878,4924612467913937,0,14905398,Completed
869,4924611271703249,4924612455552679,4924612472720251,1,17166820,Completed
870,4924611271703939,4924612460199825,4924612477178718,1,16978189,Completed
871,4924611290667808,4924612464475553,4924612481837313,1,17360890,Completed
872,4924611290671038,4924612465208877,4924612485779864,1,20542742,Completed
873,4924611290671558,4924612465825913,4924612484369785,1,18543250,Completed
874,4924611290671978,4924612468487163,4924612487826279,0,19259681,Completed
875,4924611290672708,4924612468833540,4924612485905233,1,17047520,Completed
876,4924611290673098,4924612470165780,4924612485869563,1,15703129,Completed
877,4924611290673518,4924612471561480,4924612492586213,1,20599812,Completed
878,4924611290673948,4924612472726801,4924612492670543,1,19904401,Completed
879,4924611290674848,4924612477184008,4924612497941903,1,20757162,Completed
880,4924611290675168,4924612481842683,4924612501354378,1,18837821,Completed
881,4924611290675488,4924612484375755,4924612501595576,1,17219160,Completed
882,4924611290675818,4924612485785084,4924612501828904,1,15991439,Completed
883,4924611301187319,4924612485874163,4924612502922116,1,15992959,Completed
884,4924611301190669,4924612485907463,4924612503442972,1,17504730,Completed
885,4924611301191219,4924612488912991,4924612507760540,0,18817430,Completed
886,4924611301191749,4924612492591573,4924612511496253,1,18903980,Completed
887,4924611301193709,4924612492674573,4924612510273402,1,17598049,Completed
888,4924611301194059,4924612497948353,4924612512291827,1,14342378,Completed
889,4924611301194389,4924612501359548,4924612521798506,1,20438251,Completed
890,4924611301194929,4924612501597786,4924612521996124,1,19734351,Completed
891,4924611301195299,4924612501831124,4924612521407789,1,19510801,Completed
892,4924611301195809,4924612502926946,4924612516182048,1,13254318,Completed
893,4924611301196039,4924612503447692,4924612522407031,1,18228930,Completed
894,4924611301196679,4924612508635434,4924612524777924,0,16140549,Completed
895,4924611301197349,4924612510278102,4924612528923503,1,17636261,Completed
896,4924611311575972,4924612511501313,4924612532207768,1,20705512,Completed
897,4924611311580332,4924612512296067,4924612528944053,1,16647339,Completed
898,4924611311581442,4924612516187618,4924612535690872,1,19502501,Completed
899,4924611311583092,4924612521414849,4924612541803027,1,20360171,Completed
900,4924611311583872,4924612521800546,4924612542452842,1,20578991,Completed
901,4924611311584652,4924612521997604,4924612541592968,1,19594691,Completed
902,4924611311585082,4924612522412231,4924612540684945,1,18272060,Completed
903,4924611311585642,4924612526263193,4924612546632161,0,19844782,Completed
904,4924611311585962,4924612528930823,4924612551085498,1,21382992,Completed
905,4924611311586512,4924612528945853,4924612547484344,1,18537540,Completed
906,4924611311586832,4924612532212828,4924612552159490,1,19471490,Completed
907,4924611311587152,4924612535696552,4924612555608644,1,19886851,Completed
908,4924611322373081,4924612540689895,4924612559890072,1,19199541,Completed
909,4924611322376301,4924612541597938,4924612562213555,1,20614671,Completed
910,4924611322377151,4924612541805087,4924612562791770,1,20893122,Completed
911,4924611322377901,4924612542454742,4924612563621174,1,21079632,Completed
912,4924611322378481,4924612547488424,4924612569211552,1,21722332,Completed
913,4924611322378931,4924612547617333,4924612569050664,0,21418762,Completed
914,4924611322379361,4924612551092027,4924612571469856,1,20357661,Completed
915,4924611322379761,4924612552164749,4924612572634177,1,18741059,Completed
916,4924611322380251,4924612555613934,4924612574562503,1,18932430,Completed
917,4924611322380671,4924612559895552,4924612579756294,1,19860151,Completed
918,4924611322381191,4924612562218515,4924612582657552,1,20438282,Completed
919,4924611322381701,4924612562794700,4924612584168441,1,21344862,Completed
920,4924611336217138,4924612563623674,4924612585362052,1,21695102,Completed
921,4924611336219848,4924612569216612,4924612589372452,1,19663421,Completed
922,4924611336220278,4924612569875948,4924612592984756,0,21895792,Completed
923,4924611336221278,4924612571474276,4924612593253514,1,21778583,Completed
924,4924611336221878,4924612572639647,4924612592533349,1,19875531,Completed
925,4924611336222478,4924612574566683,4924612595469487,1,20901912,Completed
926,4924611336222978,4924612579761374,4924612601669371,1,21893132,Completed
927,4924611336223598,4924612582666222,4924612604310351,1,21604332,Completed
928,4924611336227808,4924612584173201,4924612606826022,1,21769711,Completed
929,4924611336228448,4924612585365822,4924612607792335,1,21364922,Completed
930,4924611336229078,4924612589379812,4924612611357809,1,21907483,Completed
931,4924611336229398,4924612592538319,4924612613771781,1,20782901,Completed
932,4924611336229708,4924612593260103,4924612614275117,1,21014251,Completed
933,4924611347683313,4924612595227239,4924612617798561,0,21245011,Completed
934,4924611347688143,4924612595474627,4924612616196383,1,20721011,Completed
935,4924611347689153,4924612601675001,4924612624045174,1,21826193,Completed
936,4924611347689963,4924612604315481,4924612624573930,1,20228841,Completed
937,4924611347690603,4924612606832562,4924612625428594,1,18300740,Completed
938,4924611347691543,4924612607796385,4924612627068112,1,18587590,Completed
939,4924611347691983,4924612611363619,4924612628911348,1,17516709,Completed
940,4924611347692283,4924612613777311,4924612635125111,1,21347112,Completed
941,4924611347692583,4924612614280357,4924612634933143,1,20651912,Completed
942,4924611347692873,4924612616201522,4924612636978998,1,20776772,Completed
943,4924611347693173,4924612619290929,4924612643190331,0,21584941,Completed
944,4924611347693773,4924612624051214,4924612645060528,1,21008581,Completed
945,4924611359826142,4924612624580330,4924612646721095,1,22139372,Completed
946,4924611359833742,4924612625434294,4924612646525787,1,21090802,Completed
947,4924611359834392,4924612627074002,4924612648369083,1,20560732,Completed
948,4924611359834922,4924612628917988,4924612646217329,1,17298660,Completed
949,4924611359836872,4924612634940243,4924612654787975,1,19260831,Completed
950,4924611359837432,4924612635129681,4924612656813120,1,21682832,Completed
951,4924611359838032,4924612636984598,4924612657219097,1,19529650,Completed
952,4924611359838782,4924612644909629,4924612667797378,0,21516572,Completed
953,4924611359839322,4924612645067507,4924612663584150,1,18515931,Completed
954,4924611359839822,4924612646220139,4924612665846223,1,19625411,Completed
955,4924611359840272,4924612646529407,4924612667703019,1,20911882,Completed
956,4924611359840662,4924612646722165,4924612667654009,1,20930842,Completed
957,4924611359841072,4924612648374433,4924612670914205,1,22539093,Completed
958,4924611368994784,4924612654794765,4924612676420144,1,20887992,Completed
959,4924611368999734,4924612656821040,4924612678668397,1,21330981,Completed
960,4924611369008224,4924612657223667,4924612673222688,1,15998389,Completed
961,4924611369009154,4924612663589589,4924612681797174,1,18175810,Completed
962,4924611369010244,4924612665851853,4924612684994620,1,19121901,Completed
963,4924611369011634,4924612667659889,4924612689167199,1,21506652,Completed
964,4924611369012514,4924612667705869,4924612689275348,1,21568712,Completed
965,4924611369012934,4924612669540405,4924612691757210,0,20755941,Completed
966,4924611369013434,4924612670919555,4924612691848419,1,20897481,Completed
967,4924611369014124,4924612673227068,4924612689142489,1,15914709,Completed
968,4924611369014774,4924612676425924,4924612693178399,1,16751079,Completed
969,4924611369015264,4924612678674577,4924612695156434,1,15323077,Completed
970,4924611383346917,4924612681803204,4924612699872749,1,18068630,Completed
971,4924611383350957,4924612685009260,4924612702010793,1,17000499,Completed
972,4924611383353047,4924612689145899,4924612706613299,1,17466720,Completed
973,4924611383353467,4924612689172849,4924612709132240,1,19958481,Completed
974,4924611383353887,4924612689276928,4924612709853275,1,20538261,Completed
975,4924611383354847,4924612691854069,4924612712198257,1,20343492,Completed
976,4924611383355407,4924612692867301,4924612712555095,0,19618321,Completed
977,4924611383355727,4924612693185999,4924612711358424,1,18171580,Completed
978,4924611383356047,4924612695161124,4924612713140500,1,17817200,Completed
979,4924611383356367,4924612699877609,4924612718177383,1,18299150,Completed
980,4924611383356687,4924612702015253,4924612717730896,1,15714879,Completed
981,4924611383357007,4924612706619909,4924612719075926,1,12455216,Completed
982,4924611383357447,4924612709137720,4924612723644132,1,14466758,Completed
983,4924611406638844,4924612709855975,4924612728512536,1,18594851,Completed
984,4924611406642584,4924612711363564,4924612729668927,1,18304630,Completed
985,4924611406643054,4924612712202657,4924612730622530,1,18395800,Completed
986,4924611406643384,4924612713143700,4924612728214988,1,15070369,Completed
987,4924611406643814,4924612714803398,4924612736769704,0,19139120,Completed
988,4924611406644124,4924612717737556,4924612735738292,1,17999980,Completed
989,4924611406644454,4924612718178813,4924612737040532,1,18861130,Completed
990,4924611406644784,4924612719077426,4924612738111824,1,19033791,Completed
991,4924611406645114,4924612723648842,4924612746327173,1,22677663,Completed
992,4924611406651074,4924612728220718,4924612749582239,1,20307181,Completed
993,4924611406651414,4924612728513686,4924612746932239,1,18364670,Completed
994,4924611406651844,4924612729675677,4924612746960458,1,17283870,Completed
995,4924611427819946,4924612730627550,4924612749057573,1,18410220,Completed
996,4924611427824016,4924612735744422,4924612755087738,1,19342270,Completed
997,4924611427825106,4924612737047382,4924612756680846,1,19632791,Completed
998,4924611427825956,4924612738114534,4924612754685421,1,16541299,Completed
999,4924611427829866,4924612739763312,4924612762302914,0,21486882,Completed
1000,4924611427830696,4924612746332263,4924612769473291,1,21451492,Completed
1001,4924611427831686,4924612746936079,4924612768462298,1,21483552,Completed
1002,4924611427832426,4924612746965328,4924612768347429,1,21381382,Completed
1003,4924611427833276,4924612749062253,4924612770781961,1,21682312,Completed
1004,4924611427834406,4924612749585039,4924612770508223,1,20922082,Completed
1005,4924611427835306,4924612754690131,4924612770631562,1,15940819,Completed
1006,4924611427837586,4924612755089988,4924612773773999,1,18683371,Completed
1007,4924611427839446,4924612756683896,4924612774635342,1,17950910,Completed
1008,4924611442989603,4924612764980684,4924612786188356,0,21205352,Completed
1009,4924611442993543,4924612768354639,4924612787990693,1,19635241,Completed
1010,4924611442994193,4924612768466748,4924612788163112,1,19695581,Completed
1011,4924611442994873,4924612769478351,4924612786904851,1,16886470,Completed
1012,4924611442995883,4924612770512163,4924612791784155,1,21271112,Completed
1013,4924611442996313,4924612770634322,4924612780066832,1,9431925,Completed
1014,4924611442996813,4924612770783771,4924612784319020,1,13534588,Completed
1015,4924611442997133,4924612773780779,4924612784215891,1,10434236,Completed
1016,4924611442997453,4924612774637142,4924612785205153,1,10567276,Completed
1017,4924611442997773,4924612780070302,4924612799385628,1,19314751,Completed
1018,4924611442998343,4924612784222351,4924612791836974,1,7613874,Completed
1019,4924611443014263,4924612784322800,4924612794365325,1,10018815,Completed
1020,4924611443014773,4924612785207723,4924612794337665,1,9129145,Completed
1021,4924611443015453,4924612786912041,4924612797429862,1,9637206,Completed
1022,4924611451146462,4924612787995863,4924612797506962,1,9510225,Completed
1023,4924611451150342,4924612788167522,4924612797428512,1,9260085,Completed
1024,4924611451151972,4924612789905159,4924612800422400,0,9557395,Completed
1025,4924611451198092,4924612791788525,4924612800523419,1,8733995,Completed
1026,4924611451198622,4924612791842464,4924612799598276,1,7754784,Completed
1027,4924611451199132,4924612794344115,4924612802129198,1,7784145,Completed
1028,4924611451199552,4924612794369005,4924612804397141,1,10027086,Completed
1029,4924611451199972,4924612797435842,4924612808632399,1,9920983,Completed
1030,4924611451200392,4924612797438682,4924612810124388,1,12684697,Completed
1031,4924611451200702,4924612797511442,4924612809284044,1,11771797,Completed
1032,4924611451201112,4924612799389548,4924612812359911,1,12969827,Completed
1033,4924611451201432,4924612799600296,4924612819833616,1,20232651,Completed
1034,4924611486648278,4924612800565839,4924612824326612,1,23759843,Completed
1035,4924611486652008,4924612802136018,4924612821835441,1,19698561,Completed
1036,4924611486652318,4924612803928194,4924612826493566,0,22452622,Completed
1037,4924611486652758,4924612804401541,4924612821962730,1,17560570,Completed
1038,4924611486653168,4924612808638449,4924612830745374,1,21457352,Completed
1039,4924611486653458,4924612809289064,4924612832328872,1,23038812,Completed
1040,4924611486653998,4924612810128348,4924612832796239,1,22667193,Completed
1041,4924611486654308,4924612812363161,4924612826718364,1,14354638,Completed
1042,4924611486654628,4924612819839806,4924612831870866,1,12030237,Completed
1043,4924611486654938,4924612821841151,4924612834775554,1,12933607,Completed
1044,4924611486655238,4924612821967270,4924612841572234,1,19517701,Completed
1045,4924611486655538,4924612824332422,4924612838464937,1,14131708,Completed
1046,4924611486655838,4924612826724404,4924612841824362,1,15098849,Completed
1047,4924611565282362,4924612827611708,4924612846377718,0,18222820,Completed
1048,4924611565286872,4924612830751094,4924612848388483,1,16961519,Completed
1049,4924611565289702,4924612831875636,4924612851528619,1,19652341,Completed
1050,4924611565290502,4924612832330982,4924612854445498,1,21545093,Completed
1051,4924611565291162,4924612832801749,4924612851022993,1,18220460,Completed
1052,4924611565291562,4924612834781614,4924612853647144,1,18864820,Completed
1053,4924611565292252,4924612838470537,4924612858347119,1,19875581,Completed
1054,4924611565292782,4924612841577924,4924612863822188,1,22243532,Completed
1055,4924611565293182,4924612841829082,4924612852532232,1,10702456,Completed
1056,4924611565294472,4924612847320641,4924612863030154,0,15684058,Completed
1057,4924611565295192,4924612848397063,4924612859722418,1,11324337,Completed
1058,4924611565295682,4924612851027663,4924612876449314,1,24383804,Completed
1059,4924611608574029,4924612851532839,4924612873144718,1,21611122,Completed
1060,4924611608578189,4924612852537122,4924612867972667,1,15434358,Completed
1061,4924611608579119,4924612853649984,4924612871685899,1,18014070,Completed
1062,4924611608579769,4924612854448258,4924612868559783,1,14110788,Completed
1063,4924611608580719,4924612858352839,4924612875140184,1,16329799,Completed
1064,4924611608581399,4924612859728168,4924612871359792,1,11630896,Completed
1065,4924611608583549,4924612863829118,4924612879020865,1,14709338,Completed
1066,4924611608584109,4924612864085856,4924612879673980,0,15563709,Completed
1067,4924611608585089,4924612867981017,4924612885319588,1,17337450,Completed
1068,4924611608585689,4924612868561623,4924612885510536,1,16948299,Completed
1069,4924611608586229,4924612871366332,4924612889866574,1,18499580,Completed
1070,4924611608586839,4924612871689989,4924612889240619,1,17514400,Completed
1071,4924611608587349,4924612873149298,4924612891908399,1,18758351,Completed
1072,4924611608587639,4924612875146524,4924612889859864,1,14712578,Completed
1073,4924611608588359,4924612876454704,4924612893105480,1,16649729,Completed
1074,4924611621200945,4924612879027715,4924612897929954,1,17053831,Completed
1075,4924611621204265,4924612882264300,4924612900929642,0,18662801,Completed
1076,4924611621204965,4924612885327358,4924612903213404,1,17885250,Completed
1077,4924611621205695,4924612885512596,4924612903645871,1,18132670,Completed
1078,4924611621206245,4924612889246049,4924612905416568,1,16169689,Completed
1079,4924611621207165,4924612889865074,4924612906221982,1,16356169,Completed
1080,4924611621209745,4924612889868994,4924612907068986,1,17199300,Completed
1081,4924611621210485,4924612891912819,4924612910757428,1,18843930,Completed
1082,4924611621211125,4924612893111530,4924612911396983,1,18284650,Completed
1083,4924611621211395,4924612897936594,4924612915964929,1,17502860,Completed
1084,4924611621211755,4924612902201322,4924612919840691,0,17636960,Completed
1085,4924611621212345,4924612903220524,4924612919540593,1,16319559,Completed
1086,4924611621212895,4924612903647131,4924612921991475,1,18343630,Completed
1087,4924611621213285,4924612905419318,4924612922126144,1,16590629,Completed
1088,4924611626209258,4924612906227462,4924612925051112,1,18822741,Completed
1089,4924611626212638,4924612907072226,4924612923609783,1,16536849,Completed
1090,4924611626213158,4924612910762948,4924612928708984,1,17944970,Completed
1091,4924611626213538,4924612911401973,4924612929211031,1,17808330,Completed
1092,4924611626213998,4924612915970229,4924612935982330,1,17969560,Completed
1093,4924611626214298,4924612919545153,4924612936888984,1,17343190,Completed
1094,4924611626214608,4924612921996755,4924612939071317,1,17073700,Completed
1095,4924611626215008,4924612922120934,4924612939084227,0,16893890,Completed
1096,4924611626215528,4924612922128274,4924612938658020,1,16529079,Completed
1097,4924611626215798,4924612923615112,4924612938451442,1,14835678,Completed
1098,4924611626216228,4924612925056532,4924612941387140,1,16329659,Completed
1099,4924611626218768,4924612928714454,4924612944821894,1,16106729,Completed
1100,4924611626219328,4924612929216261,4924612945791167,1,16574169,Completed
1101,4924611633137336,4924612935988520,4924612954088185,1,17324809,Completed
1102,4924611633140666,4924612936893484,4924612954110195,1,17215969,Completed
1103,4924611633141646,4924612938456172,4924612957015344,1,18558511,Completed
1104,4924611633142376,4924612938663130,4924612954895149,1,16231200,Completed
1105,4924611633142976,4924612939073087,4924612957226112,1,18152310,Completed
1106,4924611633143646,4924612941397350,4924612959344516,1,17946180,Completed
1107,4924611633144006,4924612941509249,4924612959265187,0,17695820,Completed
1108,4924611633144466,4924612944827764,4924612957924727,1,13096337,Completed
1109,4924611633145246,4924612945795987,4924612964572487,1,18716291,Completed
1110,4924611633145786,4924612954095075,4924612972672407,1,17921850,Completed
1111,4924611633146386,4924612954114845,4924612969090244,1,14974728,Completed
1112,4924611633146796,4924612954897749,4924612969572590,1,14673968,Completed
1113,4924611640442882,4924612957021504,4924612974328105,1,17305779,Completed
1114,4924611640445712,4924612957230662,4924612974908110,1,17118019,Completed
1115,4924611640446302,4924612957925937,4924612972380619,1,14454078,Completed
1116,4924611640447162,4924612959348416,4924612976878886,1,17529660,Completed
1117,4924611640447992,4924612960505798,4924612977724319,0,17216529,Completed
1118,4924611640448452,4924612964579097,4924612982713942,1,18134280,Completed
1119,4924611640448932,4924612969095704,4924612984116162,1,15019839,Completed
1120,4924611640450732,4924612969574500,4924612985803519,1,16228319,Completed
1121,4924611640451042,4924612972384859,4924612987690775,1,15305039,Completed
1122,4924611640451332,4924612972679387,4924612989093935,1,16413510,Completed
1123,4924611640451702,4924612974332745,4924612990384865,1,16051409,Completed
1124,4924611640452142,4924612974912680,4924612994172137,1,18420160,Completed
1125,4924611640455862,4924612976885536,4924612996035143,1,18111859,Completed
1126,4924611640456362,4924612978813161,4924612997070055,0,17908400,Completed
1127,4924611648551791,4924612982721702,4924612999818115,1,17095799,Completed
1128,4924611648556121,4924612984122892,4924612999328398,1,15204698,Completed
1129,4924611648556521,4924612985809029,4924613001801020,1,15991099,Completed
1130,4924611648557161,4924612987695875,4924613003617047,1,15920429,Completed
1131,4924611648557751,4924612989099325,4924613004918707,1,15587538,Completed
1132,4924611648558241,4924612990389935,4924613007962234,1,16944850,Completed
1133,4924611648558691,4924612994178117,4924613011596177,1,17384750,Completed
1134,4924611648559141,4924612996041333,4924613013154445,1,17112400,Completed
1135,4924611648559521,4924612997920249,4924613014862353,0,16939970,Completed
1136,4924611648559901,4924612999333678,4924613014190248,1,14855778,Completed
1137,4924611648560241,4924612999822505,4924613017914000,1,18090721,Completed
1138,4924611648560511,4924613001805620,4924613018297257,1,16490859,Completed
1139,4924611648560781,4924613003621776,4924613019254910,1,15632298,Completed
1140,4924611648561181,4924613004924877,4924613022893173,1,17967420,Completed
1141,4924611656337413,4924613007968214,4924613028679590,1,19514942,Completed
1142,4924611656340863,4924613011603327,4924613028685860,1,17081600,Completed
1143,4924611656341323,4924613013159525,4924613031622088,1,18461720,Completed
1144,4924611656342223,4924613014196038,4924613030188258,1,15991349,Completed
1145,4924611656342623,4924613015984254,4924613033472174,0,17485070,Completed
1146,4924611656343313,4924613017919310,4924613037018448,1,19098440,Completed
1147,4924611656343593,4924613018300847,4924613034111279,1,15809659,Completed
1148,4924611656343963,4924613019257150,4924613033092837,1,13834998,Completed
1149,4924611656345783,4924613022897733,4924613041164057,1,18207860,Completed
1150,4924611656346393,4924613028686760,4924613048800240,1,19262981,Completed
1151,4924611656346833,4924613028693860,4924613046932884,1,18238250,Completed
1152,4924611656350833,4924613030194008,4924613046260449,1,16065649,Completed
1153,4924611656351603,4924613031626848,4924613051436290,1,19330191,Completed
1154,4924611694148212,4924613033097017,4924613051094573,1,17996490,Completed
1155,4924611694152122,4924613034114469,4924613049633904,1,15518688,Completed
1156,4924611694152882,4924613034790014,4924613056325674,0,21533742,Completed
1157,4924611694153472,4924613037024518,4924613057174307,1,20072500,Completed
1158,4924611694153892,4924613041171037,4924613053472785,1,12300967,Completed
1159,4924611694154952,4924613046265309,4924613061345126,1,15079119,Completed
1160,4924611694155332,4924613046935194,4924613062543667,1,15607698,Completed
1161,4924611694155942,4924613048807090,4924613071643930,1,22835822,Completed
1162,4924611694156452,4924613049637804,4924613066008972,1,16361869,Completed
1163,4924611694156902,4924613051099743,4924613067702129,1,16601769,Completed
1164,4924611694157192,4924613051441700,4924613068842881,1,16640270,Completed
1165,4924611694157732,4924613053477045,4924613069862303,1,16384219,Completed
1166,4924611748034440,4924613057185677,4924613076885621,1,19699091,Completed
1167,4924611748039230,4924613057570325,4924613070581318,0,13009637,Completed
1168,4924611748039930,4924613061350946,4924613074800186,1,13448067,Completed
1169,4924611748040500,4924613062547317,4924613082277181,1,19728971,Completed
1170,4924611748041000,4924613066014422,4924613082407110,1,16391909,Completed
1171,4924611748041450,4924613067706689,4924613090707548,1,23000263,Completed
1172,4924611748041710,4924613068848051,4924613093599526,1,23395753,Completed
1173,4924611748041990,4924613069866153,4924613093785615,1,23891154,Completed
1174,4924611748042520,4924613071400922,4924613093285938,0,21884042,Completed
1175,4924611748042780,4924613071648960,4924613091650761,1,20001311,Completed
1176,4924611748043050,4924613074805696,4924613096782312,1,21975952,Completed
1177,4924611748043320,4924613076890461,4924613099999939,1,23108863,Completed
1178,4924611774331764,4924613082284211,4924613107063126,1,24778164,Completed
1179,4924611774335384,4924613082408690,4924613104953142,1,22543883,Completed
1180,4924611774335934,4924613090713408,4924613113516228,1,22802083,Completed
1181,4924611774337014,4924613091656161,4924613110039084,1,18382311,Completed
1182,4924611774337534,4924613093606856,4924613117517878,1,23910413,Completed
1183,4924611774338294,4924613093788025,4924613116646575,1,22857842,Completed
1184,4924611774341854,4924613095226294,4924613120274947,0,22556632,Completed
1185,4924611774342504,4924613096788432,4924613118953237,1,22164203,Completed
1186,4924611774343194,4924613100012568,4924613125236810,1,23060862,Completed
1187,4924611774343884,4924613104958632,4924613127476314,1,22503252,Completed
1188,4924611774348834,4924613107069656,4924613127977310,1,20906852,Completed
1189,4924611774349334,4924613110043744,4924613131319935,1,21023922,Completed
1190,4924611774349904,4924613113521458,4924613136286638,1,22752082,Completed
1191,4924611787753284,4924613116653034,4924613140544456,1,23851834,Completed
1192,4924611787757474,4924613117520138,4924613141228101,1,23692643,Completed
1193,4924611787759024,4924613118959197,4924613141437720,1,22463502,Completed
1194,4924611787760384,4924613122501851,4924613146636701,0,22967922,Completed
1195,4924611787762154,4924613125243240,4924613147344386,1,22008412,Completed
1196,4924611787763014,4924613127481984,4924613148661636,1,21179032,Completed
1197,4924611787764344,4924613127979030,4924613151596534,1,23000483,Completed
1198,4924611787765624,4924613131325675,4924613151905762,1,19945451,Completed
1199,4924611787768544,4924613136292298,4924613159843313,1,22931012,Completed
1200,4924611787769614,4924613140551026,4924613163198908,1,22622402,Completed
1201,4924611787770564,4924613141230321,4924613163226037,1,21995002,Completed
1202,4924611787771384,4924613141442060,4924613162619112,1,21176302,Completed
1203,4924611794861101,4924613147348206,4924613169296502,1,21873703,Completed
1204,4924611794863561,4924613148667916,4924613169845358,1,21176532,Completed
1205,4924611794864151,4924613148915014,4924613171929503,0,21485442,Completed
1206,4924611794864611,4924613151603464,4924613175281788,1,22218112,Completed
1207,4924611794865271,4924613151910052,4924613171383137,1,19472391,Completed
1208,4924611794866281,4924613159850173,4924613179736414,1,19885611,Completed
1209,4924611794867081,4924613162624782,4924613184539339,1,21913702,Completed
1210,4924611794867671,4924613163205528,4924613185567581,1,22361183,Completed
1211,4924611794868051,4924613163228067,4924613184371010,1,21142242,Completed
1212,4924611794868521,4924613169302242,4924613190992271,1,21689402,Completed
1213,4924611794868801,4924613169850008,4924613190656403,1,20805452,Completed
1214,4924611794869091,4924613171389617,4924613192978086,1,21587492,Completed
1215,4924611802702283,4924613172940865,4924613194570884,0,20973492,Completed
1216,4924611802706553,4924613175288558,4924613199674076,1,22616554,Completed
1217,4924611802707173,4924613179743104,4924613200244682,1,20500942,Completed
1218,4924611802708093,4924613184377270,4924613204233262,1,19855281,Completed
1219,4924611802708853,4924613184543719,4924613205675171,1,20598121,Completed
1220,4924611802709603,4924613185571721,4924613207883405,1,22283662,Completed
1221,4924611802709993,4924613190662043,4924613212147533,1,20679631,Completed
1222,4924611802710273,4924613190997571,4924613213381184,1,22356932,Completed
1223,4924611802710673,4924613192984446,4924613215231870,1,22246652,Completed
1224,4924611802711073,4924613195299098,4924613216025834,0,20725182,Completed
1225,4924611802711613,4924613199681346,4924613221980850,1,22298722,Completed
1226,4924611802712303,4924613200246632,4924613221570503,1,21323402,Completed
1227,4924611802712573,4924613204240772,4924613223703617,1,19462091,Completed
1228,4924611810419406,4924613205680601,4924613226972003,1,20479262,Completed
1229,4924611810422566,4924613207889355,4924613229888021,1,21997682,Completed
1230,4924611810422936,4924613212154263,4924613234361058,1,21907493,Completed
1231,4924611810423466,4924613213386584,4924613234931723,1,21544362,Completed
1232,4924611810423946,4924613215237410,4924613236189694,1,20951422,Completed
1233,4924611810424656,4924613216978377,4924613236881649,0,19899901,Completed
1234,4924611810424946,4924613221576463,4924613243046953,1,21469952,Completed
1235,4924611810425546,4924613221982760,4924613243918466,1,21897771,Completed
1236,4924611810425936,4924613223710627,4924613244138725,1,20427191,Completed
1237,4924611810426596,4924613226977582,4924613248093485,1,21115101,Completed
1238,4924611810426886,4924613229893011,4924613252242664,1,22304813,Completed
1239,4924611810427176,4924613234367948,4924613256282014,1,21913102,Completed
1240,4924611819194610,4924613234936433,4924613258375509,1,23438403,Completed
1241,4924611819198630,4924613236193754,4924613257675294,1,20807251,Completed
1242,4924611819199250,4924613238127589,4924613259581180,0,19047550,Completed
1243,4924611819204700,4924613243052243,4924613264093596,1,21040741,Completed
1244,4924611819205750,4924613243920956,4924613266703907,1,22781873,Completed
1245,4924611819206600,4924613244142705,4924613264665832,1,20522332,Completed
1246,4924611819206980,4924613248098655,4924613268859041,1,20725422,Completed
1247,4924611819207400,4924613252247864,4924613274231270,1,21982762,Completed
1248,4924611819208780,4924613256288114,4924613277952093,1,21663072,Completed
1249,4924611819211330,4924613257681064,4924613278367000,1,20685271,Completed
1250,4924611819211610,4924613258377629,4924613279900618,1,21493912,Completed
1251,4924611819211950,4924613260318734,4924613282298290,0,21909302,Completed
1252,4924611819212350,4924613264101206,4924613287395332,1,21798473,Completed
1253,4924611828443871,4924613264670492,4924613284266556,1,19595381,Completed
1254,4924611828447001,4924613266709207,4924613289499527,1,22789672,Completed
1255,4924611828447561,4924613268864651,4924613287595081,1,18729730,Completed
1256,4924611828448071,4924613274238980,4924613297159810,1,22890493,Completed
1257,4924611828448571,4924613277957063,4924613300475525,1,21854433,Completed
1258,4924611828449121,4924613278371660,4924613298908147,1,20535912,Completed
1259,4924611828449531,4924613279905708,4924613302817458,1,22444263,Completed
1260,4924611828449951,4924613283731520,4924613305498498,0,21729722,Completed
1261,4924611828450491,4924613284273436,4924613305931954,1,21138932,Completed
1262,4924611828450901,4924613287400502,4924613308018789,1,19957042,Completed
1263,4924611828451571,4924613287596371,4924613308253407,1,20656382,Completed
1264,4924611828451871,4924613289505577,4924613311344794,1,21838483,Completed
1265,4924611828452171,4924613297165060,4924613318972587,1,21251112,Completed
1266,4924611842749835,4924613298914307,4924613316269337,1,17354359,Completed
1267,4924611842753755,4924613300481755,4924613320520646,1,20037911,Completed
1268,4924611842754314,4924613302822658,4924613323746452,1,20923041,Completed
1269,4924611842754694,4924613305941414,4924613326678150,1,20735401,Completed
1270,4924611842755464,4924613306478290,4924613326916338,0,20436041,Completed
1271,4924611842755844,4924613308026599,4924613328736574,1,20709261,Completed
1272,4924611842756324,4924613308254547,4924613328388527,1,20133321,Completed
1273,4924611842756714,4924613311349274,4924613332571266,1,21221261,Completed
1274,4924611842756984,4924613316276027,4924613337206371,1,20929432,Completed
1275,4924611842757254,4924613318976747,4924613342597701,1,22247611,Completed
1276,4924611842757524,4924613320527356,4924613341159452,1,20631191,Completed
1277,4924611842757794,4924613323752082,4924613345277101,1,21498472,Completed
1278,4924611855673198,4924613326683290,4924613348570047,1,21865432,Completed
1279,4924611855677208,4924613328037930,4924613350405123,0,22307962,Completed
1280,4924611855682818,4924613328394227,4924613349299641,1,20904772,Completed
1281,4924611855683628,4924613328738054,4924613349009754,1,19231701,Completed
1282,4924611855684108,4924613332577936,4924613355422066,1,22843303,Completed
1283,4924611855684588,4924613337212131,4924613358085636,1,20848522,Completed
1284,4924611855684858,4924613341164512,4924613362675632,1,20837231,Completed
1285,4924611855685228,4924613342604311,4924613365558350,1,22953333,Completed
1286,4924611855685648,4924613345284521,4924613367868913,1,22583623,Completed
1287,4924611855686128,4924613348577357,4924613370496193,1,21869342,Completed
1288,4924611855686398,4924613349014723,4924613370031247,1,21015472,Completed
1289,4924611855686668,4924613349300741,4924613369782729,1,20481371,Completed
1290,4924611855687128,4924613351590104,4924613374318715,0,21861213,Completed
1291,4924611871704999,4924613355428766,4924613377838849,1,22409363,Completed
1292,4924611871708479,4924613358091946,4924613379193479,1,21100841,Completed
1293,4924611871709299,4924613362682902,4924613385023445,1,21118682,Completed
1294,4924611871710249,4924613365564250,4924613388691688,1,21976863,Completed
1295,4924611871711189,4924613367874473,4924613389892289,1,22017192,Completed
1296,4924611871712229,4924613369788219,4924613390160917,1,20371881,Completed
1297,4924611871715559,4924613370032287,4924613390315956,1,20283081,Completed
1298,4924611871716469,4924613370501563,4924613392446800,1,21944283,Completed
1299,4924611871722309,4924613377035855,4924613397671641,0,20290062,Completed
1300,4924611871722979,4924613377844569,4924613399718166,1,21872742,Completed
1301,4924611871723649,4924613379199119,4924613398646364,1,19446521,Completed
1302,4924611871724229,4924613385030415,4924613403209610,1,17129389,Completed
1303,4924611891742820,4924613388698428,4924613405071066,1,16292619,Completed
1304,4924611891746510,4924613389895319,4924613407387719,1,17491700,Completed
1305,4924611891746960,4924613390167397,4924613409713521,1,18660601,Completed
1306,4924611891747330,4924613390317606,4924613411330349,1,21012212,Completed
1307,4924611891748030,4924613392451840,4924613415902545,1,23362853,Completed
1308,4924611891748840,4924613398651384,4924613421290615,1,22555143,Completed
1309,4924611891749310,4924613398814502,4924613421238625,0,22264703,Completed
1310,4924611891749830,4924613399724576,4924613421081427,1,21356082,Completed
1311,4924611891750460,4924613403214420,4924613423307740,1,19327291,Completed
1312,4924611891752629,4924613405076586,4924613427605368,1,22505322,Completed
1313,4924611891753049,4924613407392748,4924613430578946,1,23155563,Completed
1314,4924611891753429,4924613409719661,4924613429403585,1,19683181,Completed
1315,4924611891754119,4924613411335039,4924613427407710,1,16072039,Completed
1316,4924611899081565,4924613415907935,4924613435615898,1,19650951,Completed
1317,4924611899085335,4924613421090706,4924613436471532,1,15379838,Completed
1318,4924611899086295,4924613421296505,4924613437052618,1,15755028,Completed
1319,4924611899087035,4924613422459226,4924613438121040,0,15566629,Completed
1320,4924611899087805,4924613423312460,4924613435452929,1,11947247,Completed
1321,4924611899088285,4924613427411930,4924613441832422,1,14419708,Completed
1322,4924611899088775,4924613427617158,4924613443252742,1,15590129,Completed
1323,4924611899089045,4924613429408825,4924613442916414,1,13506768,Completed
1324,4924611899089515,4924613430584256,4924613447969216,1,17384279,Completed
1325,4924611899089795,4924613435459769,4924613450953564,1,15493118,Completed
1326,4924611899090575,4924613435620558,4924613452756871,1,17111309,Completed
1327,4924611899090945,4924613436474662,4924613452706091,1,16230629,Completed
1328,4924611899091505,4924613437057518,4924613453036238,1,15950219,Completed
1329,4924611905449397,4924613441439435,4924613456744511,0,14992088,Completed
1330,4924611905453287,4924613441838682,4924613454146410,1,12306957,Completed
1331,4924611905453917,4924613442921474,4924613454777685,1,11855546,Completed
1332,4924611905454437,4924613443260121,4924613462800426,1,19509741,Completed
1333,4924611905454837,4924613447976746,4924613467703899,1,19669651,Completed
1334,4924611905455307,4924613450959434,4924613466444199,1,15484139,Completed
1335,4924611905456377,4924613452712851,4924613470516568,1,17802950,Completed
1336,4924611905456777,4924613452760961,4924613471869238,1,19092561,Completed
1337,4924611905457467,4924613453037808,4924613472929010,1,18724651,Completed
1338,4924611905457877,4924613454150600,4924613470170701,1,16019379,Completed
1339,4924611905458167,4924613454779255,4924613470059072,1,15279159,Completed
1340,4924611905458607,4924613458459188,4924613479606401,0,19068311,Completed
1341,4924611905458897,4924613462804306,4924613479800509,1,16966919,Completed
1342,4924611912489745,4924613466450309,4924613479699120,1,13209547,Completed
1343,4924611912494205,4924613467709879,4924613484888421,1,17145440,Completed
1344,4924611912500245,4924613470064022,4924613482025883,1,11961226,Completed
1345,4924611912501145,4924613470172611,4924613487850319,1,17677080,Completed
1346,4924611912501815,4924613470518558,4924613490068983,1,19517331,Completed
1347,4924611912502575,4924613471873718,4924613490993116,1,19023900,Completed
1348,4924611912503155,4924613472933510,4924613491373703,1,18439411,Completed
1349,4924611912505275,4924613479705910,4924613495903459,1,16196879,Completed
1350,4924611912505775,4924613479803319,4924613498763228,1,18898030,Completed
1351,4924611912506485,4924613481430737,4924613503960459,0,20623352,Completed
1352,4924611912507025,4924613482032513,4924613497838535,1,15805299,Completed
1353,4924611912507375,4924613484894821,4924613503940059,1,18993821,Completed
1354,4924611912507655,4924613487857109,4924613505172760,1,17314289,Completed
1355,4924611918438471,4924613490073773,4924613510071574,1,19996771,Completed
1356,4924611918442441,4924613490998356,4924613512106349,1,21032772,Completed
1357,4924611918442731,4924613491375243,4924613512062899,1,20687051,Completed
1358,4924611918443491,4924613495907449,4924613514346302,1,18438160,Completed
1359,4924611918444221,4924613497843985,4924613516529296,1,18684391,Completed
1360,4924611918444741,4924613498768958,4924613520031089,1,21033272,Completed
1361,4924611918445031,4924613503946219,4924613525521529,1,21489012,Completed
1362,4924611918451631,4924613505179080,4924613524354037,1,19163011,Completed
1363,4924611918451921,4924613506127213,4924613531097837,0,23239783,Completed
1364,4924611918452541,4924613510079684,4924613532651995,1,22571573,Completed
1365,4924611918453111,4924613512069909,4924613534128804,1,22027352,Completed
1366,4924611918453491,4924613512107989,4924613534119384,1,21925192,Completed
1367,4924611918453921,4924613514351972,4924613531208566,1,16855890,Completed
1368,4924611918454191,4924613516534685,4924613537959586,1,21424131,Completed
1369,4924611924844523,4924613520036689,4924613542340793,1,22214832,Completed
1370,4924611924848083,4924613524359407,4924613541990856,1,17630850,Completed
1371,4924611924848843,4924613525526819,4924613548095680,1,22510822,Completed
1372,4924611924849523,4924613531213396,4924613548892874,1,17678870,Completed
1373,4924611924850273,4924613532445197,4924613555843913,0,21171372,Completed
1374,4924611924851023,4924613532656625,4924613553170653,1,20513201,Completed
1375,4924611924852043,4924613534124674,4924613555877833,1,21704462,Completed
1376,4924611924856533,4924613534130984,4924613554837050,1,20705472,Completed
1377,4924611924857183,4924613537964886,4924613556325659,1,18359971,Completed
1378,4924611924858163,4924613541994896,4924613560034372,1,18038880,Completed
1379,4924611924858733,4924613542345803,4924613565539740,1,23118443,Completed
1380,4924611924859493,4924613548101240,4924613571388687,1,23223173,Completed
1381,4924611932418317,4924613548897484,4924613569320812,1,20422661,Completed
1382,4924611932422017,4924613553176353,4924613574561433,1,21384152,Completed
1383,4924611932422787,4924613554842850,4924613576676228,1,21113482,Completed
1384,4924611932423317,4924613555882083,4924613579218909,1,23306873,Completed
1385,4924611932423707,4924613556332669,4924613576254831,1,19903571,Completed
1386,4924611932424447,4924613557422991,4924613582151517,0,21941832,Completed
1387,4924611932425327,4924613560040501,4924613576638278,1,16597189,Completed
1388,4924611932425607,4924613565545320,4924613588396700,1,22823943,Completed
1389,4924611932425987,4924613569327732,4924613589581791,1,20253131,Completed
1390,4924611932426447,4924613571394577,4924613594115398,1,22693333,Completed
1391,4924611932426997,4924613574568123,4924613595571747,1,21002961,Completed
1392,4924611932427307,4924613576260751,4924613594934132,1,18672810,Completed
1393,4924611932427607,4924613576639798,4924613592329041,1,15688659,Completed
1394,4924611932427897,4924613576682537,4924613597568622,1,20818922,Completed
1395,4924611939125727,4924613579224819,4924613602013919,1,22788243,Completed
1396,4924611939130877,4924613583378688,4924613604668819,0,21286782,Completed
1397,4924611939131397,4924613588403180,4924613610102369,1,21628932,Completed
1398,4924611939132137,4924613589588071,4924613609099296,1,19510641,Completed
1399,4924611939134937,4924613592335091,4924613610412186,1,18076470,Completed
1400,4924611939135587,4924613594120948,4924613612949057,1,18827330,Completed
1401,4924611939136287,4924613594939361,4924613612437661,1,17497430,Completed
1402,4924611939136567,4924613595574197,4924613618666655,1,23091773,Completed
1403,4924611939136847,4924613597574402,4924613620092824,1,22481792,Completed
1404,4924611939137207,4924613602018539,4924613625097467,1,23033023,Completed
1405,4924611939142416,4924613605709331,4924613629129487,0,22116961,Completed
1406,4924611939142726,4924613609106666,4924613626301918,1,17194700,Completed
1407,4924611939143006,4924613610107848,4924613632874669,1,22737172,Completed
1408,4924611946705380,4924613610415376,4924613627756847,1,17340999,Completed
1409,4924611946709570,4924613612444101,4924613632651830,1,20207011,Completed
1410,4924611946710470,4924613612953067,4924613635870347,1,22916593,Completed
1411,4924611946711520,4924613618672225,4924613639702898,1,21029962,Completed
1412,4924611946712030,4924613620098814,4924613641069078,1,20177791,Completed
1413,4924611946712520,4924613625102927,4924613646137670,1,20949182,Completed
1414,4924611946712800,4924613626307558,4924613646022731,1,19714491,Completed
1415,4924611946713650,4924613627761807,4924613646052461,1,18290031,Completed
1416,4924611946714030,4924613630126959,4924613651130833,0,21001751,Completed
1417,4924611946714830,4924613632657360,4924613654928035,1,21258441,Completed
1418,4924611946715130,4924613632878789,4924613655222572,1,22319473,Completed
1419,4924611946715400,4924613635875697,4924613657648494,1,21748862,Completed
1420,4924611950404523,4924613639709338,4924613660993869,1,21050412,Completed
1421,4924611951091098,4924613641073998,4924613646666336,1,5591243,Completed
