2026-09-29 04:50:27.078 - INFO: [1mQLever server v0.6.0-226-g3c9b75e97, compiled on Mon Sep 28 19:27:08 UTC 2026 using git hash 3c9b75e[22m
2026-09-29 04:50:27.078 - INFO: Cleanup of previous index directories after each rebuild enabled (--rebuild-keep-previous-index-dirs original-and-most-recent)
2026-09-29 04:50:27.079 - INFO: The git hash used to build this index was "65f84b4"
2026-09-29 04:50:27.079 - INFO: Reading vocabulary from file /local/data-ssd/stoetzem/dblp/dblp.vocabulary.words ...
2026-09-29 04:50:27.088 - INFO: Done, number of words: 446,944,668
2026-09-29 04:50:27.088 - INFO: Number of words in internal vocabulary (these are also part of the external vocabulary): 446,955
2026-09-29 04:50:27.094 - INFO: Registered PSO permutation: #relations = 6, #blocks = 8,187, #triples = 255,805,025
2026-09-29 04:50:27.116 - INFO: Registered PSO permutation: #relations = 96, #blocks = 51,023, #triples = 1,593,245,022
2026-09-29 04:50:27.119 - INFO: Registered POS permutation: #relations = 6, #blocks = 8,187, #triples = 255,805,025
2026-09-29 04:50:27.141 - INFO: Registered POS permutation: #relations = 96, #blocks = 51,023, #triples = 1,593,245,022
2026-09-29 04:50:27.160 - INFO: Registered OPS permutation: #relations = 345,357,897, #blocks = 42,492, #triples = 1,593,245,022
2026-09-29 04:50:27.178 - INFO: Registered OSP permutation: #relations = 345,357,897, #blocks = 42,492, #triples = 1,593,245,022
2026-09-29 04:50:27.190 - INFO: Registered SPO permutation: #relations = 255,804,614, #blocks = 33,993, #triples = 1,593,245,022
2026-09-29 04:50:27.200 - INFO: Registered SOP permutation: #relations = 255,804,614, #blocks = 33,993, #triples = 1,593,245,022
2026-09-29 04:50:27.200 - INFO: Reading patterns from file /local/data-ssd/stoetzem/dblp/dblp.index.patterns ...
2026-09-29 04:50:27.201 - INFO: Sorting random result tables to estimate the sorting performance of this machine ...
2026-09-29 04:50:35.543 - INFO: Initializing server ...
2026-09-29 04:50:35.543 - INFO: No access token required for restricted API calls
2026-09-29 04:50:35.543 - INFO: The server is ready, listening for requests on port 7301 ...
2026-09-29 04:51:12.157 - INFO: 
2026-09-29 04:51:12.157 - INFO: Request received via GET, no content type specified
2026-09-29 04:51:12.157 - INFO: Processing command "clear-cache": clear the cache (unpinned elements only)
2026-09-29 04:51:12.176 - INFO: 
2026-09-29 04:51:12.176 - INFO: Request received via POST, content type "application/x-www-form-urlencoded"
2026-09-29 04:51:12.179 - INFO: Processing the following SPARQL query:
# Tier H-vocab — title literals, large
# Goal: external-vocabulary lookup pressure with larger bounded output.
PREFIX dblp: <https://dblp.org/rdf/schema#>

CONSTRUCT { ?paper dblp:title ?title }
WHERE {
  ?paper dblp:title ?title .
}
LIMIT 100000

2026-09-29 04:51:12.179 - INFO: Requested media types of the result are: "text/turtle"
2026-09-29 04:51:12.180 - INFO: Query planning done in 3 ms
2026-09-29 04:51:12.180 - INFO: Result has unknown size (not computed yet)
2026-09-29 04:51:13.101 - INFO: Done processing query and sending result, total time was 925 ms
2026-09-29 04:51:13.800 - INFO: 
2026-09-29 04:51:13.800 - INFO: Request received via GET, no content type specified
2026-09-29 04:51:13.800 - INFO: Processing command "clear-cache": clear the cache (unpinned elements only)
2026-09-29 04:51:13.819 - INFO: 
2026-09-29 04:51:13.819 - INFO: Request received via POST, content type "application/x-www-form-urlencoded"
2026-09-29 04:51:13.819 - INFO: Processing the following SPARQL query:
# Tier H-vocab — title literals, large
# Goal: external-vocabulary lookup pressure with larger bounded output.
PREFIX dblp: <https://dblp.org/rdf/schema#>

CONSTRUCT { ?paper dblp:title ?title }
WHERE {
  ?paper dblp:title ?title .
}
LIMIT 100000

2026-09-29 04:51:13.819 - INFO: Requested media types of the result are: "text/turtle"
2026-09-29 04:51:13.819 - INFO: Query planning done in 0 ms
2026-09-29 04:51:13.819 - INFO: Result has unknown size (not computed yet)
2026-09-29 04:51:14.119 - INFO: Done processing query and sending result, total time was 300 ms
2026-09-29 04:51:14.140 - INFO: 
2026-09-29 04:51:14.140 - INFO: Request received via GET, no content type specified
2026-09-29 04:51:14.140 - INFO: Processing command "clear-cache": clear the cache (unpinned elements only)
2026-09-29 04:51:14.158 - INFO: 
2026-09-29 04:51:14.158 - INFO: Request received via POST, content type "application/x-www-form-urlencoded"
2026-09-29 04:51:14.158 - INFO: Processing the following SPARQL query:
# Tier H-vocab — title literals, large
# Goal: external-vocabulary lookup pressure with larger bounded output.
PREFIX dblp: <https://dblp.org/rdf/schema#>

CONSTRUCT { ?paper dblp:title ?title }
WHERE {
  ?paper dblp:title ?title .
}
LIMIT 100000

2026-09-29 04:51:14.158 - INFO: Requested media types of the result are: "text/turtle"
2026-09-29 04:51:14.158 - INFO: Query planning done in 0 ms
2026-09-29 04:51:14.159 - INFO: Result has unknown size (not computed yet)
2026-09-29 04:51:14.459 - INFO: Done processing query and sending result, total time was 300 ms
2026-09-29 04:51:14.479 - INFO: 
2026-09-29 04:51:14.479 - INFO: Request received via GET, no content type specified
2026-09-29 04:51:14.480 - INFO: Processing command "clear-cache": clear the cache (unpinned elements only)
2026-09-29 04:51:14.498 - INFO: 
2026-09-29 04:51:14.498 - INFO: Request received via POST, content type "application/x-www-form-urlencoded"
2026-09-29 04:51:14.498 - INFO: Processing the following SPARQL query:
# Tier H-vocab — title literals, large
# Goal: external-vocabulary lookup pressure with larger bounded output.
PREFIX dblp: <https://dblp.org/rdf/schema#>

CONSTRUCT { ?paper dblp:title ?title }
WHERE {
  ?paper dblp:title ?title .
}
LIMIT 100000

2026-09-29 04:51:14.498 - INFO: Requested media types of the result are: "text/turtle"
2026-09-29 04:51:14.498 - INFO: Query planning done in 0 ms
2026-09-29 04:51:14.498 - INFO: Result has unknown size (not computed yet)
2026-09-29 04:51:14.795 - INFO: Done processing query and sending result, total time was 297 ms
2026-09-29 04:51:15.121 - INFO: 
2026-09-29 04:51:15.121 - INFO: Request received via GET, no content type specified
2026-09-29 04:51:15.121 - INFO: Processing command "clear-cache": clear the cache (unpinned elements only)
2026-09-29 04:51:15.140 - INFO: 
2026-09-29 04:51:15.140 - INFO: Request received via POST, content type "application/x-www-form-urlencoded"
2026-09-29 04:51:15.140 - INFO: Processing the following SPARQL query:
# Tier H-vocab — title literals, large
# Goal: external-vocabulary lookup pressure with larger bounded output.
PREFIX dblp: <https://dblp.org/rdf/schema#>

CONSTRUCT { ?paper dblp:title ?title }
WHERE {
  ?paper dblp:title ?title .
}
LIMIT 100000

2026-09-29 04:51:15.140 - INFO: Requested media types of the result are: "text/turtle"
2026-09-29 04:51:15.140 - INFO: Query planning done in 0 ms
2026-09-29 04:51:15.140 - INFO: Result has unknown size (not computed yet)
2026-09-29 04:51:15.443 - INFO: Done processing query and sending result, total time was 302 ms
2026-09-29 04:51:15.463 - INFO: 
2026-09-29 04:51:15.463 - INFO: Request received via GET, no content type specified
2026-09-29 04:51:15.463 - INFO: Processing command "clear-cache": clear the cache (unpinned elements only)
2026-09-29 04:51:15.481 - INFO: 
2026-09-29 04:51:15.481 - INFO: Request received via POST, content type "application/x-www-form-urlencoded"
2026-09-29 04:51:15.481 - INFO: Processing the following SPARQL query:
# Tier H-vocab — title literals, large
# Goal: external-vocabulary lookup pressure with larger bounded output.
PREFIX dblp: <https://dblp.org/rdf/schema#>

CONSTRUCT { ?paper dblp:title ?title }
WHERE {
  ?paper dblp:title ?title .
}
LIMIT 100000

2026-09-29 04:51:15.481 - INFO: Requested media types of the result are: "text/turtle"
2026-09-29 04:51:15.481 - INFO: Query planning done in 0 ms
2026-09-29 04:51:15.481 - INFO: Result has unknown size (not computed yet)
2026-09-29 04:51:15.779 - INFO: Done processing query and sending result, total time was 298 ms
2026-09-29 04:51:15.799 - INFO: 
2026-09-29 04:51:15.799 - INFO: Request received via GET, no content type specified
2026-09-29 04:51:15.799 - INFO: Processing command "clear-cache": clear the cache (unpinned elements only)
2026-09-29 04:51:15.817 - INFO: 
2026-09-29 04:51:15.817 - INFO: Request received via POST, content type "application/x-www-form-urlencoded"
2026-09-29 04:51:15.818 - INFO: Processing the following SPARQL query:
# Tier H-vocab — title literals, large
# Goal: external-vocabulary lookup pressure with larger bounded output.
PREFIX dblp: <https://dblp.org/rdf/schema#>

CONSTRUCT { ?paper dblp:title ?title }
WHERE {
  ?paper dblp:title ?title .
}
LIMIT 100000

2026-09-29 04:51:15.818 - INFO: Requested media types of the result are: "text/turtle"
2026-09-29 04:51:15.818 - INFO: Query planning done in 0 ms
2026-09-29 04:51:15.818 - INFO: Result has unknown size (not computed yet)
2026-09-29 04:51:16.117 - INFO: Done processing query and sending result, total time was 299 ms
2026-09-29 04:51:16.137 - INFO: 
2026-09-29 04:51:16.137 - INFO: Request received via GET, no content type specified
2026-09-29 04:51:16.137 - INFO: Processing command "clear-cache": clear the cache (unpinned elements only)
2026-09-29 04:51:16.156 - INFO: 
2026-09-29 04:51:16.156 - INFO: Request received via POST, content type "application/x-www-form-urlencoded"
2026-09-29 04:51:16.156 - INFO: Processing the following SPARQL query:
# Tier H-vocab — title literals, large
# Goal: external-vocabulary lookup pressure with larger bounded output.
PREFIX dblp: <https://dblp.org/rdf/schema#>

CONSTRUCT { ?paper dblp:title ?title }
WHERE {
  ?paper dblp:title ?title .
}
LIMIT 100000

2026-09-29 04:51:16.156 - INFO: Requested media types of the result are: "text/turtle"
2026-09-29 04:51:16.156 - INFO: Query planning done in 0 ms
2026-09-29 04:51:16.156 - INFO: Result has unknown size (not computed yet)
2026-09-29 04:51:16.456 - INFO: Done processing query and sending result, total time was 300 ms
2026-09-29 04:51:16.475 - INFO: 
2026-09-29 04:51:16.475 - INFO: Request received via GET, no content type specified
2026-09-29 04:51:16.475 - INFO: Processing command "clear-cache": clear the cache (unpinned elements only)
2026-09-29 04:51:16.493 - INFO: 
2026-09-29 04:51:16.493 - INFO: Request received via POST, content type "application/x-www-form-urlencoded"
2026-09-29 04:51:16.494 - INFO: Processing the following SPARQL query:
# Tier H-vocab — title literals, large
# Goal: external-vocabulary lookup pressure with larger bounded output.
PREFIX dblp: <https://dblp.org/rdf/schema#>

CONSTRUCT { ?paper dblp:title ?title }
WHERE {
  ?paper dblp:title ?title .
}
LIMIT 100000

2026-09-29 04:51:16.494 - INFO: Requested media types of the result are: "text/turtle"
2026-09-29 04:51:16.494 - INFO: Query planning done in 0 ms
2026-09-29 04:51:16.494 - INFO: Result has unknown size (not computed yet)
2026-09-29 04:51:16.787 - INFO: Done processing query and sending result, total time was 293 ms
2026-09-29 04:51:16.807 - INFO: 
2026-09-29 04:51:16.807 - INFO: Request received via GET, no content type specified
2026-09-29 04:51:16.807 - INFO: Processing command "clear-cache": clear the cache (unpinned elements only)
2026-09-29 04:51:16.825 - INFO: 
2026-09-29 04:51:16.825 - INFO: Request received via POST, content type "application/x-www-form-urlencoded"
2026-09-29 04:51:16.825 - INFO: Processing the following SPARQL query:
# Tier H-vocab — title literals, large
# Goal: external-vocabulary lookup pressure with larger bounded output.
PREFIX dblp: <https://dblp.org/rdf/schema#>

CONSTRUCT { ?paper dblp:title ?title }
WHERE {
  ?paper dblp:title ?title .
}
LIMIT 100000

2026-09-29 04:51:16.825 - INFO: Requested media types of the result are: "text/turtle"
2026-09-29 04:51:16.825 - INFO: Query planning done in 0 ms
2026-09-29 04:51:16.825 - INFO: Result has unknown size (not computed yet)
2026-09-29 04:51:17.104 - INFO: Done processing query and sending result, total time was 279 ms
2026-09-29 04:51:17.124 - INFO: 
2026-09-29 04:51:17.124 - INFO: Request received via GET, no content type specified
2026-09-29 04:51:17.124 - INFO: Processing command "clear-cache": clear the cache (unpinned elements only)
2026-09-29 04:51:17.142 - INFO: 
2026-09-29 04:51:17.142 - INFO: Request received via POST, content type "application/x-www-form-urlencoded"
2026-09-29 04:51:17.143 - INFO: Processing the following SPARQL query:
# Tier H-vocab — title literals, large
# Goal: external-vocabulary lookup pressure with larger bounded output.
PREFIX dblp: <https://dblp.org/rdf/schema#>

CONSTRUCT { ?paper dblp:title ?title }
WHERE {
  ?paper dblp:title ?title .
}
LIMIT 100000

2026-09-29 04:51:17.143 - INFO: Requested media types of the result are: "text/turtle"
2026-09-29 04:51:17.143 - INFO: Query planning done in 0 ms
2026-09-29 04:51:17.143 - INFO: Result has unknown size (not computed yet)
2026-09-29 04:51:17.422 - INFO: Done processing query and sending result, total time was 279 ms
2026-09-29 04:51:17.451 - INFO: 
2026-09-29 04:51:17.451 - INFO: Request received via GET, no content type specified
2026-09-29 04:51:17.451 - INFO: Processing command "clear-cache": clear the cache (unpinned elements only)
2026-09-29 04:51:17.469 - INFO: 
2026-09-29 04:51:17.469 - INFO: Request received via POST, content type "application/x-www-form-urlencoded"
2026-09-29 04:51:17.470 - INFO: Processing the following SPARQL query:
# Tier H-vocab — title literals, large
# Goal: external-vocabulary lookup pressure with larger bounded output.
PREFIX dblp: <https://dblp.org/rdf/schema#>

CONSTRUCT { ?paper dblp:title ?title }
WHERE {
  ?paper dblp:title ?title .
}
LIMIT 100000

2026-09-29 04:51:17.470 - INFO: Requested media types of the result are: "text/turtle"
2026-09-29 04:51:17.470 - INFO: Query planning done in 0 ms
2026-09-29 04:51:17.470 - INFO: Result has unknown size (not computed yet)
2026-09-29 04:51:17.748 - INFO: Done processing query and sending result, total time was 278 ms
2026-09-29 04:51:17.768 - INFO: 
2026-09-29 04:51:17.768 - INFO: Request received via GET, no content type specified
2026-09-29 04:51:17.768 - INFO: Processing command "clear-cache": clear the cache (unpinned elements only)
2026-09-29 04:51:17.786 - INFO: 
2026-09-29 04:51:17.786 - INFO: Request received via POST, content type "application/x-www-form-urlencoded"
2026-09-29 04:51:17.786 - INFO: Processing the following SPARQL query:
# Tier H-vocab — title literals, large
# Goal: external-vocabulary lookup pressure with larger bounded output.
PREFIX dblp: <https://dblp.org/rdf/schema#>

CONSTRUCT { ?paper dblp:title ?title }
WHERE {
  ?paper dblp:title ?title .
}
LIMIT 100000

2026-09-29 04:51:17.786 - INFO: Requested media types of the result are: "text/turtle"
2026-09-29 04:51:17.786 - INFO: Query planning done in 0 ms
2026-09-29 04:51:17.786 - INFO: Result has unknown size (not computed yet)
2026-09-29 04:51:18.082 - INFO: Done processing query and sending result, total time was 295 ms
2026-09-29 04:51:18.102 - INFO: 
2026-09-29 04:51:18.102 - INFO: Request received via GET, no content type specified
2026-09-29 04:51:18.102 - INFO: Processing command "clear-cache": clear the cache (unpinned elements only)
2026-09-29 04:51:18.120 - INFO: 
2026-09-29 04:51:18.120 - INFO: Request received via POST, content type "application/x-www-form-urlencoded"
2026-09-29 04:51:18.120 - INFO: Processing the following SPARQL query:
# Tier H-vocab — title literals, large
# Goal: external-vocabulary lookup pressure with larger bounded output.
PREFIX dblp: <https://dblp.org/rdf/schema#>

CONSTRUCT { ?paper dblp:title ?title }
WHERE {
  ?paper dblp:title ?title .
}
LIMIT 100000

2026-09-29 04:51:18.120 - INFO: Requested media types of the result are: "text/turtle"
2026-09-29 04:51:18.120 - INFO: Query planning done in 0 ms
2026-09-29 04:51:18.120 - INFO: Result has unknown size (not computed yet)
2026-09-29 04:51:18.422 - INFO: Done processing query and sending result, total time was 301 ms
2026-09-29 04:51:18.442 - INFO: 
2026-09-29 04:51:18.442 - INFO: Request received via GET, no content type specified
2026-09-29 04:51:18.442 - INFO: Processing command "clear-cache": clear the cache (unpinned elements only)
2026-09-29 04:51:18.460 - INFO: 
2026-09-29 04:51:18.460 - INFO: Request received via POST, content type "application/x-www-form-urlencoded"
2026-09-29 04:51:18.460 - INFO: Processing the following SPARQL query:
# Tier H-vocab — title literals, large
# Goal: external-vocabulary lookup pressure with larger bounded output.
PREFIX dblp: <https://dblp.org/rdf/schema#>

CONSTRUCT { ?paper dblp:title ?title }
WHERE {
  ?paper dblp:title ?title .
}
LIMIT 100000

2026-09-29 04:51:18.460 - INFO: Requested media types of the result are: "text/turtle"
2026-09-29 04:51:18.460 - INFO: Query planning done in 0 ms
2026-09-29 04:51:18.460 - INFO: Result has unknown size (not computed yet)
2026-09-29 04:51:18.757 - INFO: Done processing query and sending result, total time was 297 ms
2026-09-29 04:51:18.777 - INFO: 
2026-09-29 04:51:18.777 - INFO: Request received via GET, no content type specified
2026-09-29 04:51:18.777 - INFO: Processing command "clear-cache": clear the cache (unpinned elements only)
2026-09-29 04:51:18.795 - INFO: 
2026-09-29 04:51:18.795 - INFO: Request received via POST, content type "application/x-www-form-urlencoded"
2026-09-29 04:51:18.795 - INFO: Processing the following SPARQL query:
# Tier H-vocab — title literals, large
# Goal: external-vocabulary lookup pressure with larger bounded output.
PREFIX dblp: <https://dblp.org/rdf/schema#>

CONSTRUCT { ?paper dblp:title ?title }
WHERE {
  ?paper dblp:title ?title .
}
LIMIT 100000

2026-09-29 04:51:18.795 - INFO: Requested media types of the result are: "text/turtle"
2026-09-29 04:51:18.796 - INFO: Query planning done in 0 ms
2026-09-29 04:51:18.796 - INFO: Result has unknown size (not computed yet)
2026-09-29 04:51:19.092 - INFO: Done processing query and sending result, total time was 296 ms
2026-09-29 04:51:19.111 - INFO: 
2026-09-29 04:51:19.111 - INFO: Request received via GET, no content type specified
2026-09-29 04:51:19.112 - INFO: Processing command "clear-cache": clear the cache (unpinned elements only)
2026-09-29 04:51:19.129 - INFO: 
2026-09-29 04:51:19.129 - INFO: Request received via POST, content type "application/x-www-form-urlencoded"
2026-09-29 04:51:19.129 - INFO: Processing the following SPARQL query:
# Tier H-vocab — title literals, large
# Goal: external-vocabulary lookup pressure with larger bounded output.
PREFIX dblp: <https://dblp.org/rdf/schema#>

CONSTRUCT { ?paper dblp:title ?title }
WHERE {
  ?paper dblp:title ?title .
}
LIMIT 100000

2026-09-29 04:51:19.129 - INFO: Requested media types of the result are: "text/turtle"
2026-09-29 04:51:19.130 - INFO: Query planning done in 0 ms
2026-09-29 04:51:19.130 - INFO: Result has unknown size (not computed yet)
2026-09-29 04:51:19.428 - INFO: Done processing query and sending result, total time was 298 ms
2026-09-29 04:51:19.448 - INFO: 
2026-09-29 04:51:19.448 - INFO: Request received via GET, no content type specified
2026-09-29 04:51:19.448 - INFO: Processing command "clear-cache": clear the cache (unpinned elements only)
2026-09-29 04:51:19.466 - INFO: 
2026-09-29 04:51:19.466 - INFO: Request received via POST, content type "application/x-www-form-urlencoded"
2026-09-29 04:51:19.466 - INFO: Processing the following SPARQL query:
# Tier H-vocab — title literals, large
# Goal: external-vocabulary lookup pressure with larger bounded output.
PREFIX dblp: <https://dblp.org/rdf/schema#>

CONSTRUCT { ?paper dblp:title ?title }
WHERE {
  ?paper dblp:title ?title .
}
LIMIT 100000

2026-09-29 04:51:19.466 - INFO: Requested media types of the result are: "text/turtle"
2026-09-29 04:51:19.467 - INFO: Query planning done in 0 ms
2026-09-29 04:51:19.467 - INFO: Result has unknown size (not computed yet)
2026-09-29 04:51:19.760 - INFO: Done processing query and sending result, total time was 294 ms
2026-09-29 04:51:19.781 - INFO: 
2026-09-29 04:51:19.781 - INFO: Request received via GET, no content type specified
2026-09-29 04:51:19.781 - INFO: Processing command "clear-cache": clear the cache (unpinned elements only)
2026-09-29 04:51:19.798 - INFO: 
2026-09-29 04:51:19.798 - INFO: Request received via POST, content type "application/x-www-form-urlencoded"
2026-09-29 04:51:19.799 - INFO: Processing the following SPARQL query:
# Tier H-vocab — title literals, large
# Goal: external-vocabulary lookup pressure with larger bounded output.
PREFIX dblp: <https://dblp.org/rdf/schema#>

CONSTRUCT { ?paper dblp:title ?title }
WHERE {
  ?paper dblp:title ?title .
}
LIMIT 100000

2026-09-29 04:51:19.799 - INFO: Requested media types of the result are: "text/turtle"
2026-09-29 04:51:19.799 - INFO: Query planning done in 0 ms
2026-09-29 04:51:19.799 - INFO: Result has unknown size (not computed yet)
2026-09-29 04:51:20.077 - INFO: Done processing query and sending result, total time was 278 ms
2026-09-29 04:51:20.097 - INFO: 
2026-09-29 04:51:20.097 - INFO: Request received via GET, no content type specified
2026-09-29 04:51:20.097 - INFO: Processing command "clear-cache": clear the cache (unpinned elements only)
2026-09-29 04:51:20.115 - INFO: 
2026-09-29 04:51:20.115 - INFO: Request received via POST, content type "application/x-www-form-urlencoded"
2026-09-29 04:51:20.115 - INFO: Processing the following SPARQL query:
# Tier H-vocab — title literals, large
# Goal: external-vocabulary lookup pressure with larger bounded output.
PREFIX dblp: <https://dblp.org/rdf/schema#>

CONSTRUCT { ?paper dblp:title ?title }
WHERE {
  ?paper dblp:title ?title .
}
LIMIT 100000

2026-09-29 04:51:20.115 - INFO: Requested media types of the result are: "text/turtle"
2026-09-29 04:51:20.116 - INFO: Query planning done in 0 ms
2026-09-29 04:51:20.116 - INFO: Result has unknown size (not computed yet)
2026-09-29 04:51:20.411 - INFO: Done processing query and sending result, total time was 296 ms
2026-09-29 04:51:20.432 - INFO: 
2026-09-29 04:51:20.432 - INFO: Request received via GET, no content type specified
2026-09-29 04:51:20.432 - INFO: Processing command "clear-cache": clear the cache (unpinned elements only)
2026-09-29 04:51:20.449 - INFO: 
2026-09-29 04:51:20.450 - INFO: Request received via POST, content type "application/x-www-form-urlencoded"
2026-09-29 04:51:20.450 - INFO: Processing the following SPARQL query:
# Tier H-vocab — title literals, large
# Goal: external-vocabulary lookup pressure with larger bounded output.
PREFIX dblp: <https://dblp.org/rdf/schema#>

CONSTRUCT { ?paper dblp:title ?title }
WHERE {
  ?paper dblp:title ?title .
}
LIMIT 100000

2026-09-29 04:51:20.450 - INFO: Requested media types of the result are: "text/turtle"
2026-09-29 04:51:20.450 - INFO: Query planning done in 0 ms
2026-09-29 04:51:20.450 - INFO: Result has unknown size (not computed yet)
2026-09-29 04:51:20.747 - INFO: Done processing query and sending result, total time was 297 ms
2026-09-29 04:51:20.767 - INFO: 
2026-09-29 04:51:20.767 - INFO: Request received via GET, no content type specified
2026-09-29 04:51:20.767 - INFO: Processing command "clear-cache": clear the cache (unpinned elements only)
2026-09-29 04:51:20.785 - INFO: 
2026-09-29 04:51:20.785 - INFO: Request received via POST, content type "application/x-www-form-urlencoded"
2026-09-29 04:51:20.785 - INFO: Processing the following SPARQL query:
# Tier H-vocab — title literals, large
# Goal: external-vocabulary lookup pressure with larger bounded output.
PREFIX dblp: <https://dblp.org/rdf/schema#>

CONSTRUCT { ?paper dblp:title ?title }
WHERE {
  ?paper dblp:title ?title .
}
LIMIT 100000

2026-09-29 04:51:20.785 - INFO: Requested media types of the result are: "text/turtle"
2026-09-29 04:51:20.785 - INFO: Query planning done in 0 ms
2026-09-29 04:51:20.785 - INFO: Result has unknown size (not computed yet)
2026-09-29 04:51:21.074 - INFO: Done processing query and sending result, total time was 289 ms
2026-09-29 04:51:21.094 - INFO: 
2026-09-29 04:51:21.094 - INFO: Request received via GET, no content type specified
2026-09-29 04:51:21.094 - INFO: Processing command "clear-cache": clear the cache (unpinned elements only)
2026-09-29 04:51:21.112 - INFO: 
2026-09-29 04:51:21.112 - INFO: Request received via POST, content type "application/x-www-form-urlencoded"
2026-09-29 04:51:21.112 - INFO: Processing the following SPARQL query:
# Tier H-vocab — title literals, large
# Goal: external-vocabulary lookup pressure with larger bounded output.
PREFIX dblp: <https://dblp.org/rdf/schema#>

CONSTRUCT { ?paper dblp:title ?title }
WHERE {
  ?paper dblp:title ?title .
}
LIMIT 100000

2026-09-29 04:51:21.112 - INFO: Requested media types of the result are: "text/turtle"
2026-09-29 04:51:21.112 - INFO: Query planning done in 0 ms
2026-09-29 04:51:21.113 - INFO: Result has unknown size (not computed yet)
2026-09-29 04:51:21.392 - INFO: Done processing query and sending result, total time was 280 ms
2026-09-29 04:51:21.412 - INFO: 
2026-09-29 04:51:21.412 - INFO: Request received via GET, no content type specified
2026-09-29 04:51:21.412 - INFO: Processing command "clear-cache": clear the cache (unpinned elements only)
2026-09-29 04:51:21.430 - INFO: 
2026-09-29 04:51:21.430 - INFO: Request received via POST, content type "application/x-www-form-urlencoded"
2026-09-29 04:51:21.430 - INFO: Processing the following SPARQL query:
# Tier H-vocab — title literals, large
# Goal: external-vocabulary lookup pressure with larger bounded output.
PREFIX dblp: <https://dblp.org/rdf/schema#>

CONSTRUCT { ?paper dblp:title ?title }
WHERE {
  ?paper dblp:title ?title .
}
LIMIT 100000

2026-09-29 04:51:21.430 - INFO: Requested media types of the result are: "text/turtle"
2026-09-29 04:51:21.430 - INFO: Query planning done in 0 ms
2026-09-29 04:51:21.430 - INFO: Result has unknown size (not computed yet)
2026-09-29 04:51:21.706 - INFO: Done processing query and sending result, total time was 276 ms
2026-09-29 04:51:21.726 - INFO: 
2026-09-29 04:51:21.726 - INFO: Request received via GET, no content type specified
2026-09-29 04:51:21.726 - INFO: Processing command "clear-cache": clear the cache (unpinned elements only)
2026-09-29 04:51:21.752 - INFO: 
2026-09-29 04:51:21.752 - INFO: Request received via POST, content type "application/x-www-form-urlencoded"
2026-09-29 04:51:21.752 - INFO: Processing the following SPARQL query:
# Tier H-vocab — title literals, large
# Goal: external-vocabulary lookup pressure with larger bounded output.
PREFIX dblp: <https://dblp.org/rdf/schema#>

CONSTRUCT { ?paper dblp:title ?title }
WHERE {
  ?paper dblp:title ?title .
}
LIMIT 100000

2026-09-29 04:51:21.752 - INFO: Requested media types of the result are: "text/turtle"
2026-09-29 04:51:21.752 - INFO: Query planning done in 0 ms
2026-09-29 04:51:21.753 - INFO: Result has unknown size (not computed yet)
2026-09-29 04:51:22.032 - INFO: Done processing query and sending result, total time was 280 ms
2026-09-29 04:51:22.053 - INFO: 
2026-09-29 04:51:22.053 - INFO: Request received via GET, no content type specified
2026-09-29 04:51:22.053 - INFO: Processing command "clear-cache": clear the cache (unpinned elements only)
2026-09-29 04:51:22.070 - INFO: 
2026-09-29 04:51:22.070 - INFO: Request received via POST, content type "application/x-www-form-urlencoded"
2026-09-29 04:51:22.071 - INFO: Processing the following SPARQL query:
# Tier H-vocab — title literals, large
# Goal: external-vocabulary lookup pressure with larger bounded output.
PREFIX dblp: <https://dblp.org/rdf/schema#>

CONSTRUCT { ?paper dblp:title ?title }
WHERE {
  ?paper dblp:title ?title .
}
LIMIT 100000

2026-09-29 04:51:22.071 - INFO: Requested media types of the result are: "text/turtle"
2026-09-29 04:51:22.071 - INFO: Query planning done in 0 ms
2026-09-29 04:51:22.071 - INFO: Result has unknown size (not computed yet)
2026-09-29 04:51:22.346 - INFO: Done processing query and sending result, total time was 275 ms
2026-09-29 04:51:22.366 - INFO: 
2026-09-29 04:51:22.366 - INFO: Request received via GET, no content type specified
2026-09-29 04:51:22.366 - INFO: Processing command "clear-cache": clear the cache (unpinned elements only)
2026-09-29 04:51:22.384 - INFO: 
2026-09-29 04:51:22.384 - INFO: Request received via POST, content type "application/x-www-form-urlencoded"
2026-09-29 04:51:22.384 - INFO: Processing the following SPARQL query:
# Tier H-vocab — title literals, large
# Goal: external-vocabulary lookup pressure with larger bounded output.
PREFIX dblp: <https://dblp.org/rdf/schema#>

CONSTRUCT { ?paper dblp:title ?title }
WHERE {
  ?paper dblp:title ?title .
}
LIMIT 100000

2026-09-29 04:51:22.384 - INFO: Requested media types of the result are: "text/turtle"
2026-09-29 04:51:22.384 - INFO: Query planning done in 0 ms
2026-09-29 04:51:22.384 - INFO: Result has unknown size (not computed yet)
2026-09-29 04:51:22.659 - INFO: Done processing query and sending result, total time was 275 ms
2026-09-29 04:51:22.679 - INFO: 
2026-09-29 04:51:22.679 - INFO: Request received via GET, no content type specified
2026-09-29 04:51:22.679 - INFO: Processing command "clear-cache": clear the cache (unpinned elements only)
2026-09-29 04:51:22.697 - INFO: 
2026-09-29 04:51:22.697 - INFO: Request received via POST, content type "application/x-www-form-urlencoded"
2026-09-29 04:51:22.697 - INFO: Processing the following SPARQL query:
# Tier H-vocab — title literals, large
# Goal: external-vocabulary lookup pressure with larger bounded output.
PREFIX dblp: <https://dblp.org/rdf/schema#>

CONSTRUCT { ?paper dblp:title ?title }
WHERE {
  ?paper dblp:title ?title .
}
LIMIT 100000

2026-09-29 04:51:22.697 - INFO: Requested media types of the result are: "text/turtle"
2026-09-29 04:51:22.698 - INFO: Query planning done in 0 ms
2026-09-29 04:51:22.698 - INFO: Result has unknown size (not computed yet)
2026-09-29 04:51:22.974 - INFO: Done processing query and sending result, total time was 277 ms
2026-09-29 04:51:22.994 - INFO: 
2026-09-29 04:51:22.994 - INFO: Request received via GET, no content type specified
2026-09-29 04:51:22.994 - INFO: Processing command "clear-cache": clear the cache (unpinned elements only)
2026-09-29 04:51:23.012 - INFO: 
2026-09-29 04:51:23.012 - INFO: Request received via POST, content type "application/x-www-form-urlencoded"
2026-09-29 04:51:23.012 - INFO: Processing the following SPARQL query:
# Tier H-vocab — title literals, large
# Goal: external-vocabulary lookup pressure with larger bounded output.
PREFIX dblp: <https://dblp.org/rdf/schema#>

CONSTRUCT { ?paper dblp:title ?title }
WHERE {
  ?paper dblp:title ?title .
}
LIMIT 100000

2026-09-29 04:51:23.012 - INFO: Requested media types of the result are: "text/turtle"
2026-09-29 04:51:23.013 - INFO: Query planning done in 0 ms
2026-09-29 04:51:23.013 - INFO: Result has unknown size (not computed yet)
2026-09-29 04:51:23.286 - INFO: Done processing query and sending result, total time was 273 ms
2026-09-29 04:51:23.306 - INFO: 
2026-09-29 04:51:23.306 - INFO: Request received via GET, no content type specified
2026-09-29 04:51:23.306 - INFO: Processing command "clear-cache": clear the cache (unpinned elements only)
2026-09-29 04:51:23.324 - INFO: 
2026-09-29 04:51:23.324 - INFO: Request received via POST, content type "application/x-www-form-urlencoded"
2026-09-29 04:51:23.324 - INFO: Processing the following SPARQL query:
# Tier H-vocab — title literals, large
# Goal: external-vocabulary lookup pressure with larger bounded output.
PREFIX dblp: <https://dblp.org/rdf/schema#>

CONSTRUCT { ?paper dblp:title ?title }
WHERE {
  ?paper dblp:title ?title .
}
LIMIT 100000

2026-09-29 04:51:23.324 - INFO: Requested media types of the result are: "text/turtle"
2026-09-29 04:51:23.324 - INFO: Query planning done in 0 ms
2026-09-29 04:51:23.325 - INFO: Result has unknown size (not computed yet)
2026-09-29 04:51:23.599 - INFO: Done processing query and sending result, total time was 274 ms
2026-09-29 04:51:23.619 - INFO: 
2026-09-29 04:51:23.619 - INFO: Request received via GET, no content type specified
2026-09-29 04:51:23.619 - INFO: Processing command "clear-cache": clear the cache (unpinned elements only)
2026-09-29 04:51:23.637 - INFO: 
2026-09-29 04:51:23.637 - INFO: Request received via POST, content type "application/x-www-form-urlencoded"
2026-09-29 04:51:23.637 - INFO: Processing the following SPARQL query:
# Tier H-vocab — title literals, large
# Goal: external-vocabulary lookup pressure with larger bounded output.
PREFIX dblp: <https://dblp.org/rdf/schema#>

CONSTRUCT { ?paper dblp:title ?title }
WHERE {
  ?paper dblp:title ?title .
}
LIMIT 100000

2026-09-29 04:51:23.637 - INFO: Requested media types of the result are: "text/turtle"
2026-09-29 04:51:23.637 - INFO: Query planning done in 0 ms
2026-09-29 04:51:23.637 - INFO: Result has unknown size (not computed yet)
2026-09-29 04:51:23.920 - INFO: Done processing query and sending result, total time was 282 ms
2026-09-29 04:51:23.940 - INFO: 
2026-09-29 04:51:23.940 - INFO: Request received via GET, no content type specified
2026-09-29 04:51:23.940 - INFO: Processing command "clear-cache": clear the cache (unpinned elements only)
2026-09-29 04:51:23.958 - INFO: 
2026-09-29 04:51:23.958 - INFO: Request received via POST, content type "application/x-www-form-urlencoded"
2026-09-29 04:51:23.958 - INFO: Processing the following SPARQL query:
# Tier H-vocab — title literals, large
# Goal: external-vocabulary lookup pressure with larger bounded output.
PREFIX dblp: <https://dblp.org/rdf/schema#>

CONSTRUCT { ?paper dblp:title ?title }
WHERE {
  ?paper dblp:title ?title .
}
LIMIT 100000

2026-09-29 04:51:23.958 - INFO: Requested media types of the result are: "text/turtle"
2026-09-29 04:51:23.958 - INFO: Query planning done in 0 ms
2026-09-29 04:51:23.959 - INFO: Result has unknown size (not computed yet)
2026-09-29 04:51:24.234 - INFO: Done processing query and sending result, total time was 276 ms
2026-09-29 04:51:24.254 - INFO: 
2026-09-29 04:51:24.254 - INFO: Request received via GET, no content type specified
2026-09-29 04:51:24.254 - INFO: Processing command "clear-cache": clear the cache (unpinned elements only)
2026-09-29 04:51:24.272 - INFO: 
2026-09-29 04:51:24.272 - INFO: Request received via POST, content type "application/x-www-form-urlencoded"
2026-09-29 04:51:24.272 - INFO: Processing the following SPARQL query:
# Tier H-vocab — title literals, large
# Goal: external-vocabulary lookup pressure with larger bounded output.
PREFIX dblp: <https://dblp.org/rdf/schema#>

CONSTRUCT { ?paper dblp:title ?title }
WHERE {
  ?paper dblp:title ?title .
}
LIMIT 100000

2026-09-29 04:51:24.272 - INFO: Requested media types of the result are: "text/turtle"
2026-09-29 04:51:24.272 - INFO: Query planning done in 0 ms
2026-09-29 04:51:24.273 - INFO: Result has unknown size (not computed yet)
2026-09-29 04:51:24.547 - INFO: Done processing query and sending result, total time was 274 ms
2026-09-29 04:51:24.567 - INFO: 
2026-09-29 04:51:24.567 - INFO: Request received via GET, no content type specified
2026-09-29 04:51:24.567 - INFO: Processing command "clear-cache": clear the cache (unpinned elements only)
2026-09-29 04:51:24.585 - INFO: 
2026-09-29 04:51:24.585 - INFO: Request received via POST, content type "application/x-www-form-urlencoded"
2026-09-29 04:51:24.585 - INFO: Processing the following SPARQL query:
# Tier H-vocab — title literals, large
# Goal: external-vocabulary lookup pressure with larger bounded output.
PREFIX dblp: <https://dblp.org/rdf/schema#>

CONSTRUCT { ?paper dblp:title ?title }
WHERE {
  ?paper dblp:title ?title .
}
LIMIT 100000

2026-09-29 04:51:24.585 - INFO: Requested media types of the result are: "text/turtle"
2026-09-29 04:51:24.585 - INFO: Query planning done in 0 ms
2026-09-29 04:51:24.585 - INFO: Result has unknown size (not computed yet)
2026-09-29 04:51:24.863 - INFO: Done processing query and sending result, total time was 277 ms
2026-09-29 04:51:24.883 - INFO: 
2026-09-29 04:51:24.883 - INFO: Request received via GET, no content type specified
2026-09-29 04:51:24.883 - INFO: Processing command "clear-cache": clear the cache (unpinned elements only)
2026-09-29 04:51:24.901 - INFO: 
2026-09-29 04:51:24.901 - INFO: Request received via POST, content type "application/x-www-form-urlencoded"
2026-09-29 04:51:24.901 - INFO: Processing the following SPARQL query:
# Tier H-vocab — title literals, large
# Goal: external-vocabulary lookup pressure with larger bounded output.
PREFIX dblp: <https://dblp.org/rdf/schema#>

CONSTRUCT { ?paper dblp:title ?title }
WHERE {
  ?paper dblp:title ?title .
}
LIMIT 100000

2026-09-29 04:51:24.901 - INFO: Requested media types of the result are: "text/turtle"
2026-09-29 04:51:24.901 - INFO: Query planning done in 0 ms
2026-09-29 04:51:24.901 - INFO: Result has unknown size (not computed yet)
2026-09-29 04:51:25.176 - INFO: Done processing query and sending result, total time was 275 ms
2026-09-29 04:51:25.196 - INFO: 
2026-09-29 04:51:25.196 - INFO: Request received via GET, no content type specified
2026-09-29 04:51:25.196 - INFO: Processing command "clear-cache": clear the cache (unpinned elements only)
2026-09-29 04:51:25.214 - INFO: 
2026-09-29 04:51:25.214 - INFO: Request received via POST, content type "application/x-www-form-urlencoded"
2026-09-29 04:51:25.214 - INFO: Processing the following SPARQL query:
# Tier H-vocab — title literals, large
# Goal: external-vocabulary lookup pressure with larger bounded output.
PREFIX dblp: <https://dblp.org/rdf/schema#>

CONSTRUCT { ?paper dblp:title ?title }
WHERE {
  ?paper dblp:title ?title .
}
LIMIT 100000

2026-09-29 04:51:25.214 - INFO: Requested media types of the result are: "text/turtle"
2026-09-29 04:51:25.214 - INFO: Query planning done in 0 ms
2026-09-29 04:51:25.215 - INFO: Result has unknown size (not computed yet)
2026-09-29 04:51:25.492 - INFO: Done processing query and sending result, total time was 278 ms
2026-09-29 04:52:08.475 - INFO: 
2026-09-29 04:52:08.475 - INFO: Request received via GET, no content type specified
2026-09-29 04:52:08.475 - INFO: Processing command "clear-cache": clear the cache (unpinned elements only)
2026-09-29 04:52:08.493 - INFO: 
2026-09-29 04:52:08.493 - INFO: Request received via POST, content type "application/x-www-form-urlencoded"
2026-09-29 04:52:08.493 - INFO: Processing the following SPARQL query:
# Tier H-vocab — title literals, large
# Goal: external-vocabulary lookup pressure with larger bounded output.
PREFIX dblp: <https://dblp.org/rdf/schema#>

CONSTRUCT { ?paper dblp:title ?title }
WHERE {
  ?paper dblp:title ?title .
}
LIMIT 100000

2026-09-29 04:52:08.493 - INFO: Requested media types of the result are: "text/turtle"
2026-09-29 04:52:08.493 - INFO: Query planning done in 0 ms
2026-09-29 04:52:08.494 - INFO: Result has unknown size (not computed yet)
2026-09-29 04:52:08.799 - INFO: Done processing query and sending result, total time was 306 ms
2026-09-29 04:52:08.820 - INFO: 
2026-09-29 04:52:08.820 - INFO: Request received via GET, no content type specified
2026-09-29 04:52:08.820 - INFO: Processing command "clear-cache": clear the cache (unpinned elements only)
2026-09-29 04:52:08.837 - INFO: 
2026-09-29 04:52:08.837 - INFO: Request received via POST, content type "application/x-www-form-urlencoded"
2026-09-29 04:52:08.838 - INFO: Processing the following SPARQL query:
# Tier H-vocab — title literals, large
# Goal: external-vocabulary lookup pressure with larger bounded output.
PREFIX dblp: <https://dblp.org/rdf/schema#>

CONSTRUCT { ?paper dblp:title ?title }
WHERE {
  ?paper dblp:title ?title .
}
LIMIT 100000

2026-09-29 04:52:08.838 - INFO: Requested media types of the result are: "text/turtle"
2026-09-29 04:52:08.838 - INFO: Query planning done in 0 ms
2026-09-29 04:52:08.838 - INFO: Result has unknown size (not computed yet)
2026-09-29 04:52:09.138 - INFO: Done processing query and sending result, total time was 300 ms
2026-09-29 04:52:09.159 - INFO: 
2026-09-29 04:52:09.159 - INFO: Request received via GET, no content type specified
2026-09-29 04:52:09.159 - INFO: Processing command "clear-cache": clear the cache (unpinned elements only)
2026-09-29 04:52:09.177 - INFO: 
2026-09-29 04:52:09.177 - INFO: Request received via POST, content type "application/x-www-form-urlencoded"
2026-09-29 04:52:09.177 - INFO: Processing the following SPARQL query:
# Tier H-vocab — title literals, large
# Goal: external-vocabulary lookup pressure with larger bounded output.
PREFIX dblp: <https://dblp.org/rdf/schema#>

CONSTRUCT { ?paper dblp:title ?title }
WHERE {
  ?paper dblp:title ?title .
}
LIMIT 100000

2026-09-29 04:52:09.177 - INFO: Requested media types of the result are: "text/turtle"
2026-09-29 04:52:09.177 - INFO: Query planning done in 0 ms
2026-09-29 04:52:09.177 - INFO: Result has unknown size (not computed yet)
2026-09-29 04:52:09.476 - INFO: Done processing query and sending result, total time was 299 ms
2026-09-29 04:52:09.496 - INFO: 
2026-09-29 04:52:09.496 - INFO: Request received via GET, no content type specified
2026-09-29 04:52:09.496 - INFO: Processing command "clear-cache": clear the cache (unpinned elements only)
2026-09-29 04:52:09.527 - INFO: 
2026-09-29 04:52:09.527 - INFO: Request received via POST, content type "application/x-www-form-urlencoded"
2026-09-29 04:52:09.528 - INFO: Processing the following SPARQL query:
# Tier H-vocab — title literals, large
# Goal: external-vocabulary lookup pressure with larger bounded output.
PREFIX dblp: <https://dblp.org/rdf/schema#>

CONSTRUCT { ?paper dblp:title ?title }
WHERE {
  ?paper dblp:title ?title .
}
LIMIT 100000

2026-09-29 04:52:09.528 - INFO: Requested media types of the result are: "text/turtle"
2026-09-29 04:52:09.528 - INFO: Query planning done in 0 ms
2026-09-29 04:52:09.528 - INFO: Result has unknown size (not computed yet)
2026-09-29 04:52:09.826 - INFO: Done processing query and sending result, total time was 299 ms
2026-09-29 04:52:09.846 - INFO: 
2026-09-29 04:52:09.846 - INFO: Request received via GET, no content type specified
2026-09-29 04:52:09.846 - INFO: Processing command "clear-cache": clear the cache (unpinned elements only)
2026-09-29 04:52:09.864 - INFO: 
2026-09-29 04:52:09.864 - INFO: Request received via POST, content type "application/x-www-form-urlencoded"
2026-09-29 04:52:09.864 - INFO: Processing the following SPARQL query:
# Tier H-vocab — title literals, large
# Goal: external-vocabulary lookup pressure with larger bounded output.
PREFIX dblp: <https://dblp.org/rdf/schema#>

CONSTRUCT { ?paper dblp:title ?title }
WHERE {
  ?paper dblp:title ?title .
}
LIMIT 100000

2026-09-29 04:52:09.864 - INFO: Requested media types of the result are: "text/turtle"
2026-09-29 04:52:09.865 - INFO: Query planning done in 0 ms
2026-09-29 04:52:09.865 - INFO: Result has unknown size (not computed yet)
2026-09-29 04:52:10.164 - INFO: Done processing query and sending result, total time was 299 ms
2026-09-29 04:52:10.184 - INFO: 
2026-09-29 04:52:10.184 - INFO: Request received via GET, no content type specified
2026-09-29 04:52:10.184 - INFO: Processing command "clear-cache": clear the cache (unpinned elements only)
2026-09-29 04:52:10.202 - INFO: 
2026-09-29 04:52:10.202 - INFO: Request received via POST, content type "application/x-www-form-urlencoded"
2026-09-29 04:52:10.202 - INFO: Processing the following SPARQL query:
# Tier H-vocab — title literals, large
# Goal: external-vocabulary lookup pressure with larger bounded output.
PREFIX dblp: <https://dblp.org/rdf/schema#>

CONSTRUCT { ?paper dblp:title ?title }
WHERE {
  ?paper dblp:title ?title .
}
LIMIT 100000

2026-09-29 04:52:10.202 - INFO: Requested media types of the result are: "text/turtle"
2026-09-29 04:52:10.202 - INFO: Query planning done in 0 ms
2026-09-29 04:52:10.202 - INFO: Result has unknown size (not computed yet)
2026-09-29 04:52:10.498 - INFO: Done processing query and sending result, total time was 296 ms
2026-09-29 04:52:10.518 - INFO: 
2026-09-29 04:52:10.518 - INFO: Request received via GET, no content type specified
2026-09-29 04:52:10.518 - INFO: Processing command "clear-cache": clear the cache (unpinned elements only)
2026-09-29 04:52:10.536 - INFO: 
2026-09-29 04:52:10.536 - INFO: Request received via POST, content type "application/x-www-form-urlencoded"
2026-09-29 04:52:10.536 - INFO: Processing the following SPARQL query:
# Tier H-vocab — title literals, large
# Goal: external-vocabulary lookup pressure with larger bounded output.
PREFIX dblp: <https://dblp.org/rdf/schema#>

CONSTRUCT { ?paper dblp:title ?title }
WHERE {
  ?paper dblp:title ?title .
}
LIMIT 100000

2026-09-29 04:52:10.536 - INFO: Requested media types of the result are: "text/turtle"
2026-09-29 04:52:10.536 - INFO: Query planning done in 0 ms
2026-09-29 04:52:10.536 - INFO: Result has unknown size (not computed yet)
2026-09-29 04:52:10.819 - INFO: Done processing query and sending result, total time was 283 ms
2026-09-29 04:52:10.839 - INFO: 
2026-09-29 04:52:10.839 - INFO: Request received via GET, no content type specified
2026-09-29 04:52:10.839 - INFO: Processing command "clear-cache": clear the cache (unpinned elements only)
2026-09-29 04:52:10.857 - INFO: 
2026-09-29 04:52:10.857 - INFO: Request received via POST, content type "application/x-www-form-urlencoded"
2026-09-29 04:52:10.858 - INFO: Processing the following SPARQL query:
# Tier H-vocab — title literals, large
# Goal: external-vocabulary lookup pressure with larger bounded output.
PREFIX dblp: <https://dblp.org/rdf/schema#>

CONSTRUCT { ?paper dblp:title ?title }
WHERE {
  ?paper dblp:title ?title .
}
LIMIT 100000

2026-09-29 04:52:10.858 - INFO: Requested media types of the result are: "text/turtle"
2026-09-29 04:52:10.858 - INFO: Query planning done in 0 ms
2026-09-29 04:52:10.858 - INFO: Result has unknown size (not computed yet)
2026-09-29 04:52:11.136 - INFO: Done processing query and sending result, total time was 278 ms
2026-09-29 04:52:11.156 - INFO: 
2026-09-29 04:52:11.156 - INFO: Request received via GET, no content type specified
2026-09-29 04:52:11.156 - INFO: Processing command "clear-cache": clear the cache (unpinned elements only)
2026-09-29 04:52:11.174 - INFO: 
2026-09-29 04:52:11.174 - INFO: Request received via POST, content type "application/x-www-form-urlencoded"
2026-09-29 04:52:11.174 - INFO: Processing the following SPARQL query:
# Tier H-vocab — title literals, large
# Goal: external-vocabulary lookup pressure with larger bounded output.
PREFIX dblp: <https://dblp.org/rdf/schema#>

CONSTRUCT { ?paper dblp:title ?title }
WHERE {
  ?paper dblp:title ?title .
}
LIMIT 100000

2026-09-29 04:52:11.174 - INFO: Requested media types of the result are: "text/turtle"
2026-09-29 04:52:11.174 - INFO: Query planning done in 0 ms
2026-09-29 04:52:11.174 - INFO: Result has unknown size (not computed yet)
2026-09-29 04:52:11.450 - INFO: Done processing query and sending result, total time was 275 ms
2026-09-29 04:52:11.470 - INFO: 
2026-09-29 04:52:11.470 - INFO: Request received via GET, no content type specified
2026-09-29 04:52:11.470 - INFO: Processing command "clear-cache": clear the cache (unpinned elements only)
2026-09-29 04:52:11.488 - INFO: 
2026-09-29 04:52:11.488 - INFO: Request received via POST, content type "application/x-www-form-urlencoded"
2026-09-29 04:52:11.488 - INFO: Processing the following SPARQL query:
# Tier H-vocab — title literals, large
# Goal: external-vocabulary lookup pressure with larger bounded output.
PREFIX dblp: <https://dblp.org/rdf/schema#>

CONSTRUCT { ?paper dblp:title ?title }
WHERE {
  ?paper dblp:title ?title .
}
LIMIT 100000

2026-09-29 04:52:11.488 - INFO: Requested media types of the result are: "text/turtle"
2026-09-29 04:52:11.488 - INFO: Query planning done in 0 ms
2026-09-29 04:52:11.488 - INFO: Result has unknown size (not computed yet)
2026-09-29 04:52:11.763 - INFO: Done processing query and sending result, total time was 275 ms
2026-09-29 04:52:11.783 - INFO: 
2026-09-29 04:52:11.783 - INFO: Request received via GET, no content type specified
2026-09-29 04:52:11.783 - INFO: Processing command "clear-cache": clear the cache (unpinned elements only)
2026-09-29 04:52:11.801 - INFO: 
2026-09-29 04:52:11.801 - INFO: Request received via POST, content type "application/x-www-form-urlencoded"
2026-09-29 04:52:11.801 - INFO: Processing the following SPARQL query:
# Tier H-vocab — title literals, large
# Goal: external-vocabulary lookup pressure with larger bounded output.
PREFIX dblp: <https://dblp.org/rdf/schema#>

CONSTRUCT { ?paper dblp:title ?title }
WHERE {
  ?paper dblp:title ?title .
}
LIMIT 100000

2026-09-29 04:52:11.801 - INFO: Requested media types of the result are: "text/turtle"
2026-09-29 04:52:11.801 - INFO: Query planning done in 0 ms
2026-09-29 04:52:11.801 - INFO: Result has unknown size (not computed yet)
2026-09-29 04:52:12.077 - INFO: Done processing query and sending result, total time was 275 ms
2026-09-29 04:52:12.097 - INFO: 
2026-09-29 04:52:12.097 - INFO: Request received via GET, no content type specified
2026-09-29 04:52:12.097 - INFO: Processing command "clear-cache": clear the cache (unpinned elements only)
2026-09-29 04:52:12.115 - INFO: 
2026-09-29 04:52:12.115 - INFO: Request received via POST, content type "application/x-www-form-urlencoded"
2026-09-29 04:52:12.115 - INFO: Processing the following SPARQL query:
# Tier H-vocab — title literals, large
# Goal: external-vocabulary lookup pressure with larger bounded output.
PREFIX dblp: <https://dblp.org/rdf/schema#>

CONSTRUCT { ?paper dblp:title ?title }
WHERE {
  ?paper dblp:title ?title .
}
LIMIT 100000

2026-09-29 04:52:12.115 - INFO: Requested media types of the result are: "text/turtle"
2026-09-29 04:52:12.115 - INFO: Query planning done in 0 ms
2026-09-29 04:52:12.115 - INFO: Result has unknown size (not computed yet)
2026-09-29 04:52:12.391 - INFO: Done processing query and sending result, total time was 276 ms
2026-09-29 04:52:12.411 - INFO: 
2026-09-29 04:52:12.411 - INFO: Request received via GET, no content type specified
2026-09-29 04:52:12.411 - INFO: Processing command "clear-cache": clear the cache (unpinned elements only)
2026-09-29 04:52:12.429 - INFO: 
2026-09-29 04:52:12.429 - INFO: Request received via POST, content type "application/x-www-form-urlencoded"
2026-09-29 04:52:12.429 - INFO: Processing the following SPARQL query:
# Tier H-vocab — title literals, large
# Goal: external-vocabulary lookup pressure with larger bounded output.
PREFIX dblp: <https://dblp.org/rdf/schema#>

CONSTRUCT { ?paper dblp:title ?title }
WHERE {
  ?paper dblp:title ?title .
}
LIMIT 100000

2026-09-29 04:52:12.429 - INFO: Requested media types of the result are: "text/turtle"
2026-09-29 04:52:12.430 - INFO: Query planning done in 0 ms
2026-09-29 04:52:12.430 - INFO: Result has unknown size (not computed yet)
2026-09-29 04:52:12.707 - INFO: Done processing query and sending result, total time was 277 ms
2026-09-29 04:52:12.727 - INFO: 
2026-09-29 04:52:12.727 - INFO: Request received via GET, no content type specified
2026-09-29 04:52:12.727 - INFO: Processing command "clear-cache": clear the cache (unpinned elements only)
2026-09-29 04:52:12.745 - INFO: 
2026-09-29 04:52:12.745 - INFO: Request received via POST, content type "application/x-www-form-urlencoded"
2026-09-29 04:52:12.745 - INFO: Processing the following SPARQL query:
# Tier H-vocab — title literals, large
# Goal: external-vocabulary lookup pressure with larger bounded output.
PREFIX dblp: <https://dblp.org/rdf/schema#>

CONSTRUCT { ?paper dblp:title ?title }
WHERE {
  ?paper dblp:title ?title .
}
LIMIT 100000

2026-09-29 04:52:12.745 - INFO: Requested media types of the result are: "text/turtle"
2026-09-29 04:52:12.745 - INFO: Query planning done in 0 ms
2026-09-29 04:52:12.745 - INFO: Result has unknown size (not computed yet)
2026-09-29 04:52:13.022 - INFO: Done processing query and sending result, total time was 277 ms
2026-09-29 04:52:13.042 - INFO: 
2026-09-29 04:52:13.042 - INFO: Request received via GET, no content type specified
2026-09-29 04:52:13.042 - INFO: Processing command "clear-cache": clear the cache (unpinned elements only)
2026-09-29 04:52:13.060 - INFO: 
2026-09-29 04:52:13.060 - INFO: Request received via POST, content type "application/x-www-form-urlencoded"
2026-09-29 04:52:13.060 - INFO: Processing the following SPARQL query:
# Tier H-vocab — title literals, large
# Goal: external-vocabulary lookup pressure with larger bounded output.
PREFIX dblp: <https://dblp.org/rdf/schema#>

CONSTRUCT { ?paper dblp:title ?title }
WHERE {
  ?paper dblp:title ?title .
}
LIMIT 100000

2026-09-29 04:52:13.060 - INFO: Requested media types of the result are: "text/turtle"
2026-09-29 04:52:13.060 - INFO: Query planning done in 0 ms
2026-09-29 04:52:13.060 - INFO: Result has unknown size (not computed yet)
2026-09-29 04:52:13.336 - INFO: Done processing query and sending result, total time was 276 ms
2026-09-29 04:52:13.356 - INFO: 
2026-09-29 04:52:13.356 - INFO: Request received via GET, no content type specified
2026-09-29 04:52:13.356 - INFO: Processing command "clear-cache": clear the cache (unpinned elements only)
2026-09-29 04:52:13.374 - INFO: 
2026-09-29 04:52:13.374 - INFO: Request received via POST, content type "application/x-www-form-urlencoded"
2026-09-29 04:52:13.374 - INFO: Processing the following SPARQL query:
# Tier H-vocab — title literals, large
# Goal: external-vocabulary lookup pressure with larger bounded output.
PREFIX dblp: <https://dblp.org/rdf/schema#>

CONSTRUCT { ?paper dblp:title ?title }
WHERE {
  ?paper dblp:title ?title .
}
LIMIT 100000

2026-09-29 04:52:13.374 - INFO: Requested media types of the result are: "text/turtle"
2026-09-29 04:52:13.374 - INFO: Query planning done in 0 ms
2026-09-29 04:52:13.374 - INFO: Result has unknown size (not computed yet)
2026-09-29 04:52:13.648 - INFO: Done processing query and sending result, total time was 273 ms
2026-09-29 04:52:13.667 - INFO: 
2026-09-29 04:52:13.668 - INFO: Request received via GET, no content type specified
2026-09-29 04:52:13.668 - INFO: Processing command "clear-cache": clear the cache (unpinned elements only)
2026-09-29 04:52:13.693 - INFO: 
2026-09-29 04:52:13.693 - INFO: Request received via POST, content type "application/x-www-form-urlencoded"
2026-09-29 04:52:13.693 - INFO: Processing the following SPARQL query:
# Tier H-vocab — title literals, large
# Goal: external-vocabulary lookup pressure with larger bounded output.
PREFIX dblp: <https://dblp.org/rdf/schema#>

CONSTRUCT { ?paper dblp:title ?title }
WHERE {
  ?paper dblp:title ?title .
}
LIMIT 100000

2026-09-29 04:52:13.693 - INFO: Requested media types of the result are: "text/turtle"
2026-09-29 04:52:13.693 - INFO: Query planning done in 0 ms
2026-09-29 04:52:13.693 - INFO: Result has unknown size (not computed yet)
2026-09-29 04:52:13.969 - INFO: Done processing query and sending result, total time was 276 ms
2026-09-29 04:52:13.989 - INFO: 
2026-09-29 04:52:13.989 - INFO: Request received via GET, no content type specified
2026-09-29 04:52:13.989 - INFO: Processing command "clear-cache": clear the cache (unpinned elements only)
2026-09-29 04:52:14.007 - INFO: 
2026-09-29 04:52:14.007 - INFO: Request received via POST, content type "application/x-www-form-urlencoded"
2026-09-29 04:52:14.007 - INFO: Processing the following SPARQL query:
# Tier H-vocab — title literals, large
# Goal: external-vocabulary lookup pressure with larger bounded output.
PREFIX dblp: <https://dblp.org/rdf/schema#>

CONSTRUCT { ?paper dblp:title ?title }
WHERE {
  ?paper dblp:title ?title .
}
LIMIT 100000

2026-09-29 04:52:14.007 - INFO: Requested media types of the result are: "text/turtle"
2026-09-29 04:52:14.008 - INFO: Query planning done in 0 ms
2026-09-29 04:52:14.008 - INFO: Result has unknown size (not computed yet)
2026-09-29 04:52:14.286 - INFO: Done processing query and sending result, total time was 278 ms
2026-09-29 04:52:14.306 - INFO: 
2026-09-29 04:52:14.306 - INFO: Request received via GET, no content type specified
2026-09-29 04:52:14.306 - INFO: Processing command "clear-cache": clear the cache (unpinned elements only)
2026-09-29 04:52:14.323 - INFO: 
2026-09-29 04:52:14.323 - INFO: Request received via POST, content type "application/x-www-form-urlencoded"
2026-09-29 04:52:14.324 - INFO: Processing the following SPARQL query:
# Tier H-vocab — title literals, large
# Goal: external-vocabulary lookup pressure with larger bounded output.
PREFIX dblp: <https://dblp.org/rdf/schema#>

CONSTRUCT { ?paper dblp:title ?title }
WHERE {
  ?paper dblp:title ?title .
}
LIMIT 100000

2026-09-29 04:52:14.324 - INFO: Requested media types of the result are: "text/turtle"
2026-09-29 04:52:14.324 - INFO: Query planning done in 0 ms
2026-09-29 04:52:14.324 - INFO: Result has unknown size (not computed yet)
2026-09-29 04:52:14.599 - INFO: Done processing query and sending result, total time was 275 ms
2026-09-29 04:52:14.619 - INFO: 
2026-09-29 04:52:14.619 - INFO: Request received via GET, no content type specified
2026-09-29 04:52:14.619 - INFO: Processing command "clear-cache": clear the cache (unpinned elements only)
2026-09-29 04:52:14.637 - INFO: 
2026-09-29 04:52:14.637 - INFO: Request received via POST, content type "application/x-www-form-urlencoded"
2026-09-29 04:52:14.637 - INFO: Processing the following SPARQL query:
# Tier H-vocab — title literals, large
# Goal: external-vocabulary lookup pressure with larger bounded output.
PREFIX dblp: <https://dblp.org/rdf/schema#>

CONSTRUCT { ?paper dblp:title ?title }
WHERE {
  ?paper dblp:title ?title .
}
LIMIT 100000

2026-09-29 04:52:14.637 - INFO: Requested media types of the result are: "text/turtle"
2026-09-29 04:52:14.637 - INFO: Query planning done in 0 ms
2026-09-29 04:52:14.637 - INFO: Result has unknown size (not computed yet)
2026-09-29 04:52:14.911 - INFO: Done processing query and sending result, total time was 274 ms
2026-09-29 04:52:14.931 - INFO: 
2026-09-29 04:52:14.931 - INFO: Request received via GET, no content type specified
2026-09-29 04:52:14.931 - INFO: Processing command "clear-cache": clear the cache (unpinned elements only)
2026-09-29 04:52:14.949 - INFO: 
2026-09-29 04:52:14.949 - INFO: Request received via POST, content type "application/x-www-form-urlencoded"
2026-09-29 04:52:14.949 - INFO: Processing the following SPARQL query:
# Tier H-vocab — title literals, large
# Goal: external-vocabulary lookup pressure with larger bounded output.
PREFIX dblp: <https://dblp.org/rdf/schema#>

CONSTRUCT { ?paper dblp:title ?title }
WHERE {
  ?paper dblp:title ?title .
}
LIMIT 100000

2026-09-29 04:52:14.949 - INFO: Requested media types of the result are: "text/turtle"
2026-09-29 04:52:14.949 - INFO: Query planning done in 0 ms
2026-09-29 04:52:14.949 - INFO: Result has unknown size (not computed yet)
2026-09-29 04:52:15.222 - INFO: Done processing query and sending result, total time was 273 ms
2026-09-29 04:52:15.242 - INFO: 
2026-09-29 04:52:15.242 - INFO: Request received via GET, no content type specified
2026-09-29 04:52:15.242 - INFO: Processing command "clear-cache": clear the cache (unpinned elements only)
2026-09-29 04:52:15.260 - INFO: 
2026-09-29 04:52:15.260 - INFO: Request received via POST, content type "application/x-www-form-urlencoded"
2026-09-29 04:52:15.260 - INFO: Processing the following SPARQL query:
# Tier H-vocab — title literals, large
# Goal: external-vocabulary lookup pressure with larger bounded output.
PREFIX dblp: <https://dblp.org/rdf/schema#>

CONSTRUCT { ?paper dblp:title ?title }
WHERE {
  ?paper dblp:title ?title .
}
LIMIT 100000

2026-09-29 04:52:15.260 - INFO: Requested media types of the result are: "text/turtle"
2026-09-29 04:52:15.260 - INFO: Query planning done in 0 ms
2026-09-29 04:52:15.260 - INFO: Result has unknown size (not computed yet)
2026-09-29 04:52:15.536 - INFO: Done processing query and sending result, total time was 276 ms
2026-09-29 04:52:15.556 - INFO: 
2026-09-29 04:52:15.556 - INFO: Request received via GET, no content type specified
2026-09-29 04:52:15.556 - INFO: Processing command "clear-cache": clear the cache (unpinned elements only)
2026-09-29 04:52:15.574 - INFO: 
2026-09-29 04:52:15.574 - INFO: Request received via POST, content type "application/x-www-form-urlencoded"
2026-09-29 04:52:15.574 - INFO: Processing the following SPARQL query:
# Tier H-vocab — title literals, large
# Goal: external-vocabulary lookup pressure with larger bounded output.
PREFIX dblp: <https://dblp.org/rdf/schema#>

CONSTRUCT { ?paper dblp:title ?title }
WHERE {
  ?paper dblp:title ?title .
}
LIMIT 100000

2026-09-29 04:52:15.574 - INFO: Requested media types of the result are: "text/turtle"
2026-09-29 04:52:15.574 - INFO: Query planning done in 0 ms
2026-09-29 04:52:15.574 - INFO: Result has unknown size (not computed yet)
2026-09-29 04:52:15.847 - INFO: Done processing query and sending result, total time was 273 ms
2026-09-29 04:52:15.867 - INFO: 
2026-09-29 04:52:15.867 - INFO: Request received via GET, no content type specified
2026-09-29 04:52:15.867 - INFO: Processing command "clear-cache": clear the cache (unpinned elements only)
2026-09-29 04:52:15.885 - INFO: 
2026-09-29 04:52:15.885 - INFO: Request received via POST, content type "application/x-www-form-urlencoded"
2026-09-29 04:52:15.886 - INFO: Processing the following SPARQL query:
# Tier H-vocab — title literals, large
# Goal: external-vocabulary lookup pressure with larger bounded output.
PREFIX dblp: <https://dblp.org/rdf/schema#>

CONSTRUCT { ?paper dblp:title ?title }
WHERE {
  ?paper dblp:title ?title .
}
LIMIT 100000

2026-09-29 04:52:15.886 - INFO: Requested media types of the result are: "text/turtle"
2026-09-29 04:52:15.886 - INFO: Query planning done in 0 ms
2026-09-29 04:52:15.886 - INFO: Result has unknown size (not computed yet)
2026-09-29 04:52:16.160 - INFO: Done processing query and sending result, total time was 274 ms
2026-09-29 04:52:16.180 - INFO: 
2026-09-29 04:52:16.180 - INFO: Request received via GET, no content type specified
2026-09-29 04:52:16.180 - INFO: Processing command "clear-cache": clear the cache (unpinned elements only)
2026-09-29 04:52:16.198 - INFO: 
2026-09-29 04:52:16.198 - INFO: Request received via POST, content type "application/x-www-form-urlencoded"
2026-09-29 04:52:16.198 - INFO: Processing the following SPARQL query:
# Tier H-vocab — title literals, large
# Goal: external-vocabulary lookup pressure with larger bounded output.
PREFIX dblp: <https://dblp.org/rdf/schema#>

CONSTRUCT { ?paper dblp:title ?title }
WHERE {
  ?paper dblp:title ?title .
}
LIMIT 100000

2026-09-29 04:52:16.198 - INFO: Requested media types of the result are: "text/turtle"
2026-09-29 04:52:16.198 - INFO: Query planning done in 0 ms
2026-09-29 04:52:16.198 - INFO: Result has unknown size (not computed yet)
2026-09-29 04:52:16.480 - INFO: Done processing query and sending result, total time was 281 ms
2026-09-29 04:52:16.500 - INFO: 
2026-09-29 04:52:16.500 - INFO: Request received via GET, no content type specified
2026-09-29 04:52:16.500 - INFO: Processing command "clear-cache": clear the cache (unpinned elements only)
2026-09-29 04:52:16.518 - INFO: 
2026-09-29 04:52:16.518 - INFO: Request received via POST, content type "application/x-www-form-urlencoded"
2026-09-29 04:52:16.518 - INFO: Processing the following SPARQL query:
# Tier H-vocab — title literals, large
# Goal: external-vocabulary lookup pressure with larger bounded output.
PREFIX dblp: <https://dblp.org/rdf/schema#>

CONSTRUCT { ?paper dblp:title ?title }
WHERE {
  ?paper dblp:title ?title .
}
LIMIT 100000

2026-09-29 04:52:16.518 - INFO: Requested media types of the result are: "text/turtle"
2026-09-29 04:52:16.518 - INFO: Query planning done in 0 ms
2026-09-29 04:52:16.518 - INFO: Result has unknown size (not computed yet)
2026-09-29 04:52:16.803 - INFO: Done processing query and sending result, total time was 285 ms
2026-09-29 04:52:16.823 - INFO: 
2026-09-29 04:52:16.823 - INFO: Request received via GET, no content type specified
2026-09-29 04:52:16.823 - INFO: Processing command "clear-cache": clear the cache (unpinned elements only)
2026-09-29 04:52:16.841 - INFO: 
2026-09-29 04:52:16.841 - INFO: Request received via POST, content type "application/x-www-form-urlencoded"
2026-09-29 04:52:16.841 - INFO: Processing the following SPARQL query:
# Tier H-vocab — title literals, large
# Goal: external-vocabulary lookup pressure with larger bounded output.
PREFIX dblp: <https://dblp.org/rdf/schema#>

CONSTRUCT { ?paper dblp:title ?title }
WHERE {
  ?paper dblp:title ?title .
}
LIMIT 100000

2026-09-29 04:52:16.841 - INFO: Requested media types of the result are: "text/turtle"
2026-09-29 04:52:16.841 - INFO: Query planning done in 0 ms
2026-09-29 04:52:16.841 - INFO: Result has unknown size (not computed yet)
2026-09-29 04:52:17.123 - INFO: Done processing query and sending result, total time was 282 ms
2026-09-29 04:52:17.143 - INFO: 
2026-09-29 04:52:17.143 - INFO: Request received via GET, no content type specified
2026-09-29 04:52:17.143 - INFO: Processing command "clear-cache": clear the cache (unpinned elements only)
2026-09-29 04:52:17.161 - INFO: 
2026-09-29 04:52:17.161 - INFO: Request received via POST, content type "application/x-www-form-urlencoded"
2026-09-29 04:52:17.161 - INFO: Processing the following SPARQL query:
# Tier H-vocab — title literals, large
# Goal: external-vocabulary lookup pressure with larger bounded output.
PREFIX dblp: <https://dblp.org/rdf/schema#>

CONSTRUCT { ?paper dblp:title ?title }
WHERE {
  ?paper dblp:title ?title .
}
LIMIT 100000

2026-09-29 04:52:17.161 - INFO: Requested media types of the result are: "text/turtle"
2026-09-29 04:52:17.161 - INFO: Query planning done in 0 ms
2026-09-29 04:52:17.162 - INFO: Result has unknown size (not computed yet)
2026-09-29 04:52:17.443 - INFO: Done processing query and sending result, total time was 282 ms
2026-09-29 04:52:17.463 - INFO: 
2026-09-29 04:52:17.463 - INFO: Request received via GET, no content type specified
2026-09-29 04:52:17.463 - INFO: Processing command "clear-cache": clear the cache (unpinned elements only)
2026-09-29 04:52:17.481 - INFO: 
2026-09-29 04:52:17.481 - INFO: Request received via POST, content type "application/x-www-form-urlencoded"
2026-09-29 04:52:17.481 - INFO: Processing the following SPARQL query:
# Tier H-vocab — title literals, large
# Goal: external-vocabulary lookup pressure with larger bounded output.
PREFIX dblp: <https://dblp.org/rdf/schema#>

CONSTRUCT { ?paper dblp:title ?title }
WHERE {
  ?paper dblp:title ?title .
}
LIMIT 100000

2026-09-29 04:52:17.481 - INFO: Requested media types of the result are: "text/turtle"
2026-09-29 04:52:17.481 - INFO: Query planning done in 0 ms
2026-09-29 04:52:17.481 - INFO: Result has unknown size (not computed yet)
2026-09-29 04:52:17.756 - INFO: Done processing query and sending result, total time was 275 ms
2026-09-29 04:52:17.776 - INFO: 
2026-09-29 04:52:17.776 - INFO: Request received via GET, no content type specified
2026-09-29 04:52:17.776 - INFO: Processing command "clear-cache": clear the cache (unpinned elements only)
2026-09-29 04:52:17.802 - INFO: 
2026-09-29 04:52:17.802 - INFO: Request received via POST, content type "application/x-www-form-urlencoded"
2026-09-29 04:52:17.802 - INFO: Processing the following SPARQL query:
# Tier H-vocab — title literals, large
# Goal: external-vocabulary lookup pressure with larger bounded output.
PREFIX dblp: <https://dblp.org/rdf/schema#>

CONSTRUCT { ?paper dblp:title ?title }
WHERE {
  ?paper dblp:title ?title .
}
LIMIT 100000

2026-09-29 04:52:17.802 - INFO: Requested media types of the result are: "text/turtle"
2026-09-29 04:52:17.802 - INFO: Query planning done in 0 ms
2026-09-29 04:52:17.803 - INFO: Result has unknown size (not computed yet)
2026-09-29 04:52:18.083 - INFO: Done processing query and sending result, total time was 281 ms
2026-09-29 04:52:18.103 - INFO: 
2026-09-29 04:52:18.103 - INFO: Request received via GET, no content type specified
2026-09-29 04:52:18.103 - INFO: Processing command "clear-cache": clear the cache (unpinned elements only)
2026-09-29 04:52:18.121 - INFO: 
2026-09-29 04:52:18.121 - INFO: Request received via POST, content type "application/x-www-form-urlencoded"
2026-09-29 04:52:18.121 - INFO: Processing the following SPARQL query:
# Tier H-vocab — title literals, large
# Goal: external-vocabulary lookup pressure with larger bounded output.
PREFIX dblp: <https://dblp.org/rdf/schema#>

CONSTRUCT { ?paper dblp:title ?title }
WHERE {
  ?paper dblp:title ?title .
}
LIMIT 100000

2026-09-29 04:52:18.121 - INFO: Requested media types of the result are: "text/turtle"
2026-09-29 04:52:18.122 - INFO: Query planning done in 0 ms
2026-09-29 04:52:18.122 - INFO: Result has unknown size (not computed yet)
2026-09-29 04:52:18.398 - INFO: Done processing query and sending result, total time was 276 ms
2026-09-29 04:52:18.418 - INFO: 
2026-09-29 04:52:18.418 - INFO: Request received via GET, no content type specified
2026-09-29 04:52:18.418 - INFO: Processing command "clear-cache": clear the cache (unpinned elements only)
2026-09-29 04:52:18.436 - INFO: 
2026-09-29 04:52:18.436 - INFO: Request received via POST, content type "application/x-www-form-urlencoded"
2026-09-29 04:52:18.436 - INFO: Processing the following SPARQL query:
# Tier H-vocab — title literals, large
# Goal: external-vocabulary lookup pressure with larger bounded output.
PREFIX dblp: <https://dblp.org/rdf/schema#>

CONSTRUCT { ?paper dblp:title ?title }
WHERE {
  ?paper dblp:title ?title .
}
LIMIT 100000

2026-09-29 04:52:18.436 - INFO: Requested media types of the result are: "text/turtle"
2026-09-29 04:52:18.436 - INFO: Query planning done in 0 ms
2026-09-29 04:52:18.437 - INFO: Result has unknown size (not computed yet)
2026-09-29 04:52:18.712 - INFO: Done processing query and sending result, total time was 276 ms
2026-09-29 04:52:19.038 - INFO: 
2026-09-29 04:52:19.038 - INFO: Request received via GET, no content type specified
2026-09-29 04:52:19.038 - INFO: Processing command "clear-cache": clear the cache (unpinned elements only)
2026-09-29 04:52:19.056 - INFO: 
2026-09-29 04:52:19.056 - INFO: Request received via POST, content type "application/x-www-form-urlencoded"
2026-09-29 04:52:19.057 - INFO: Processing the following SPARQL query:
# Tier H-vocab — title literals, large
# Goal: external-vocabulary lookup pressure with larger bounded output.
PREFIX dblp: <https://dblp.org/rdf/schema#>

CONSTRUCT { ?paper dblp:title ?title }
WHERE {
  ?paper dblp:title ?title .
}
LIMIT 100000

2026-09-29 04:52:19.057 - INFO: Requested media types of the result are: "text/turtle"
2026-09-29 04:52:19.057 - INFO: Query planning done in 0 ms
2026-09-29 04:52:19.057 - INFO: Result has unknown size (not computed yet)
2026-09-29 04:52:19.356 - INFO: Done processing query and sending result, total time was 299 ms
2026-09-29 04:52:19.375 - INFO: 
2026-09-29 04:52:19.375 - INFO: Request received via GET, no content type specified
2026-09-29 04:52:19.376 - INFO: Processing command "clear-cache": clear the cache (unpinned elements only)
2026-09-29 04:52:19.393 - INFO: 
2026-09-29 04:52:19.393 - INFO: Request received via POST, content type "application/x-www-form-urlencoded"
2026-09-29 04:52:19.394 - INFO: Processing the following SPARQL query:
# Tier H-vocab — title literals, large
# Goal: external-vocabulary lookup pressure with larger bounded output.
PREFIX dblp: <https://dblp.org/rdf/schema#>

CONSTRUCT { ?paper dblp:title ?title }
WHERE {
  ?paper dblp:title ?title .
}
LIMIT 100000

2026-09-29 04:52:19.394 - INFO: Requested media types of the result are: "text/turtle"
2026-09-29 04:52:19.394 - INFO: Query planning done in 0 ms
2026-09-29 04:52:19.394 - INFO: Result has unknown size (not computed yet)
2026-09-29 04:52:19.691 - INFO: Done processing query and sending result, total time was 298 ms
2026-09-29 04:52:19.711 - INFO: 
2026-09-29 04:52:19.711 - INFO: Request received via GET, no content type specified
2026-09-29 04:52:19.711 - INFO: Processing command "clear-cache": clear the cache (unpinned elements only)
2026-09-29 04:52:19.729 - INFO: 
2026-09-29 04:52:19.729 - INFO: Request received via POST, content type "application/x-www-form-urlencoded"
2026-09-29 04:52:19.729 - INFO: Processing the following SPARQL query:
# Tier H-vocab — title literals, large
# Goal: external-vocabulary lookup pressure with larger bounded output.
PREFIX dblp: <https://dblp.org/rdf/schema#>

CONSTRUCT { ?paper dblp:title ?title }
WHERE {
  ?paper dblp:title ?title .
}
LIMIT 100000

2026-09-29 04:52:19.729 - INFO: Requested media types of the result are: "text/turtle"
2026-09-29 04:52:19.730 - INFO: Query planning done in 0 ms
2026-09-29 04:52:19.730 - INFO: Result has unknown size (not computed yet)
2026-09-29 04:52:20.027 - INFO: Done processing query and sending result, total time was 297 ms
2026-09-29 04:52:20.047 - INFO: 
2026-09-29 04:52:20.047 - INFO: Request received via GET, no content type specified
2026-09-29 04:52:20.047 - INFO: Processing command "clear-cache": clear the cache (unpinned elements only)
2026-09-29 04:52:20.065 - INFO: 
2026-09-29 04:52:20.065 - INFO: Request received via POST, content type "application/x-www-form-urlencoded"
2026-09-29 04:52:20.065 - INFO: Processing the following SPARQL query:
# Tier H-vocab — title literals, large
# Goal: external-vocabulary lookup pressure with larger bounded output.
PREFIX dblp: <https://dblp.org/rdf/schema#>

CONSTRUCT { ?paper dblp:title ?title }
WHERE {
  ?paper dblp:title ?title .
}
LIMIT 100000

2026-09-29 04:52:20.065 - INFO: Requested media types of the result are: "text/turtle"
2026-09-29 04:52:20.065 - INFO: Query planning done in 0 ms
2026-09-29 04:52:20.065 - INFO: Result has unknown size (not computed yet)
2026-09-29 04:52:20.361 - INFO: Done processing query and sending result, total time was 296 ms
2026-09-29 04:52:20.381 - INFO: 
2026-09-29 04:52:20.381 - INFO: Request received via GET, no content type specified
2026-09-29 04:52:20.381 - INFO: Processing command "clear-cache": clear the cache (unpinned elements only)
2026-09-29 04:52:20.399 - INFO: 
2026-09-29 04:52:20.399 - INFO: Request received via POST, content type "application/x-www-form-urlencoded"
2026-09-29 04:52:20.399 - INFO: Processing the following SPARQL query:
# Tier H-vocab — title literals, large
# Goal: external-vocabulary lookup pressure with larger bounded output.
PREFIX dblp: <https://dblp.org/rdf/schema#>

CONSTRUCT { ?paper dblp:title ?title }
WHERE {
  ?paper dblp:title ?title .
}
LIMIT 100000

2026-09-29 04:52:20.399 - INFO: Requested media types of the result are: "text/turtle"
2026-09-29 04:52:20.400 - INFO: Query planning done in 0 ms
2026-09-29 04:52:20.400 - INFO: Result has unknown size (not computed yet)
2026-09-29 04:52:20.693 - INFO: Done processing query and sending result, total time was 294 ms
2026-09-29 04:52:20.713 - INFO: 
2026-09-29 04:52:20.713 - INFO: Request received via GET, no content type specified
2026-09-29 04:52:20.713 - INFO: Processing command "clear-cache": clear the cache (unpinned elements only)
2026-09-29 04:52:20.731 - INFO: 
2026-09-29 04:52:20.731 - INFO: Request received via POST, content type "application/x-www-form-urlencoded"
2026-09-29 04:52:20.732 - INFO: Processing the following SPARQL query:
# Tier H-vocab — title literals, large
# Goal: external-vocabulary lookup pressure with larger bounded output.
PREFIX dblp: <https://dblp.org/rdf/schema#>

CONSTRUCT { ?paper dblp:title ?title }
WHERE {
  ?paper dblp:title ?title .
}
LIMIT 100000

2026-09-29 04:52:20.732 - INFO: Requested media types of the result are: "text/turtle"
2026-09-29 04:52:20.732 - INFO: Query planning done in 0 ms
2026-09-29 04:52:20.732 - INFO: Result has unknown size (not computed yet)
2026-09-29 04:52:21.010 - INFO: Done processing query and sending result, total time was 278 ms
2026-09-29 04:52:21.030 - INFO: 
2026-09-29 04:52:21.030 - INFO: Request received via GET, no content type specified
2026-09-29 04:52:21.030 - INFO: Processing command "clear-cache": clear the cache (unpinned elements only)
2026-09-29 04:52:21.048 - INFO: 
2026-09-29 04:52:21.048 - INFO: Request received via POST, content type "application/x-www-form-urlencoded"
2026-09-29 04:52:21.048 - INFO: Processing the following SPARQL query:
# Tier H-vocab — title literals, large
# Goal: external-vocabulary lookup pressure with larger bounded output.
PREFIX dblp: <https://dblp.org/rdf/schema#>

CONSTRUCT { ?paper dblp:title ?title }
WHERE {
  ?paper dblp:title ?title .
}
LIMIT 100000

2026-09-29 04:52:21.048 - INFO: Requested media types of the result are: "text/turtle"
2026-09-29 04:52:21.048 - INFO: Query planning done in 0 ms
2026-09-29 04:52:21.048 - INFO: Result has unknown size (not computed yet)
2026-09-29 04:52:21.322 - INFO: Done processing query and sending result, total time was 274 ms
2026-09-29 04:52:21.342 - INFO: 
2026-09-29 04:52:21.342 - INFO: Request received via GET, no content type specified
2026-09-29 04:52:21.342 - INFO: Processing command "clear-cache": clear the cache (unpinned elements only)
2026-09-29 04:52:21.360 - INFO: 
2026-09-29 04:52:21.360 - INFO: Request received via POST, content type "application/x-www-form-urlencoded"
2026-09-29 04:52:21.360 - INFO: Processing the following SPARQL query:
# Tier H-vocab — title literals, large
# Goal: external-vocabulary lookup pressure with larger bounded output.
PREFIX dblp: <https://dblp.org/rdf/schema#>

CONSTRUCT { ?paper dblp:title ?title }
WHERE {
  ?paper dblp:title ?title .
}
LIMIT 100000

2026-09-29 04:52:21.360 - INFO: Requested media types of the result are: "text/turtle"
2026-09-29 04:52:21.360 - INFO: Query planning done in 0 ms
2026-09-29 04:52:21.361 - INFO: Result has unknown size (not computed yet)
2026-09-29 04:52:21.636 - INFO: Done processing query and sending result, total time was 276 ms
2026-09-29 04:52:21.656 - INFO: 
2026-09-29 04:52:21.656 - INFO: Request received via GET, no content type specified
2026-09-29 04:52:21.656 - INFO: Processing command "clear-cache": clear the cache (unpinned elements only)
2026-09-29 04:52:21.674 - INFO: 
2026-09-29 04:52:21.674 - INFO: Request received via POST, content type "application/x-www-form-urlencoded"
2026-09-29 04:52:21.674 - INFO: Processing the following SPARQL query:
# Tier H-vocab — title literals, large
# Goal: external-vocabulary lookup pressure with larger bounded output.
PREFIX dblp: <https://dblp.org/rdf/schema#>

CONSTRUCT { ?paper dblp:title ?title }
WHERE {
  ?paper dblp:title ?title .
}
LIMIT 100000

2026-09-29 04:52:21.674 - INFO: Requested media types of the result are: "text/turtle"
2026-09-29 04:52:21.674 - INFO: Query planning done in 0 ms
2026-09-29 04:52:21.674 - INFO: Result has unknown size (not computed yet)
2026-09-29 04:52:21.947 - INFO: Done processing query and sending result, total time was 273 ms
2026-09-29 04:52:21.968 - INFO: 
2026-09-29 04:52:21.968 - INFO: Request received via GET, no content type specified
2026-09-29 04:52:21.968 - INFO: Processing command "clear-cache": clear the cache (unpinned elements only)
2026-09-29 04:52:21.986 - INFO: 
2026-09-29 04:52:21.986 - INFO: Request received via POST, content type "application/x-www-form-urlencoded"
2026-09-29 04:52:21.986 - INFO: Processing the following SPARQL query:
# Tier H-vocab — title literals, large
# Goal: external-vocabulary lookup pressure with larger bounded output.
PREFIX dblp: <https://dblp.org/rdf/schema#>

CONSTRUCT { ?paper dblp:title ?title }
WHERE {
  ?paper dblp:title ?title .
}
LIMIT 100000

2026-09-29 04:52:21.986 - INFO: Requested media types of the result are: "text/turtle"
2026-09-29 04:52:21.986 - INFO: Query planning done in 0 ms
2026-09-29 04:52:21.986 - INFO: Result has unknown size (not computed yet)
2026-09-29 04:52:22.262 - INFO: Done processing query and sending result, total time was 276 ms
2026-09-29 04:52:22.282 - INFO: 
2026-09-29 04:52:22.282 - INFO: Request received via GET, no content type specified
2026-09-29 04:52:22.282 - INFO: Processing command "clear-cache": clear the cache (unpinned elements only)
2026-09-29 04:52:22.307 - INFO: 
2026-09-29 04:52:22.307 - INFO: Request received via POST, content type "application/x-www-form-urlencoded"
2026-09-29 04:52:22.307 - INFO: Processing the following SPARQL query:
# Tier H-vocab — title literals, large
# Goal: external-vocabulary lookup pressure with larger bounded output.
PREFIX dblp: <https://dblp.org/rdf/schema#>

CONSTRUCT { ?paper dblp:title ?title }
WHERE {
  ?paper dblp:title ?title .
}
LIMIT 100000

2026-09-29 04:52:22.307 - INFO: Requested media types of the result are: "text/turtle"
2026-09-29 04:52:22.308 - INFO: Query planning done in 0 ms
2026-09-29 04:52:22.308 - INFO: Result has unknown size (not computed yet)
2026-09-29 04:52:22.582 - INFO: Done processing query and sending result, total time was 274 ms
2026-09-29 04:52:22.602 - INFO: 
2026-09-29 04:52:22.602 - INFO: Request received via GET, no content type specified
2026-09-29 04:52:22.602 - INFO: Processing command "clear-cache": clear the cache (unpinned elements only)
2026-09-29 04:52:22.620 - INFO: 
2026-09-29 04:52:22.620 - INFO: Request received via POST, content type "application/x-www-form-urlencoded"
2026-09-29 04:52:22.620 - INFO: Processing the following SPARQL query:
# Tier H-vocab — title literals, large
# Goal: external-vocabulary lookup pressure with larger bounded output.
PREFIX dblp: <https://dblp.org/rdf/schema#>

CONSTRUCT { ?paper dblp:title ?title }
WHERE {
  ?paper dblp:title ?title .
}
LIMIT 100000

2026-09-29 04:52:22.620 - INFO: Requested media types of the result are: "text/turtle"
2026-09-29 04:52:22.620 - INFO: Query planning done in 0 ms
2026-09-29 04:52:22.620 - INFO: Result has unknown size (not computed yet)
2026-09-29 04:52:22.897 - INFO: Done processing query and sending result, total time was 276 ms
2026-09-29 04:52:22.917 - INFO: 
2026-09-29 04:52:22.917 - INFO: Request received via GET, no content type specified
2026-09-29 04:52:22.917 - INFO: Processing command "clear-cache": clear the cache (unpinned elements only)
2026-09-29 04:52:22.935 - INFO: 
2026-09-29 04:52:22.935 - INFO: Request received via POST, content type "application/x-www-form-urlencoded"
2026-09-29 04:52:22.935 - INFO: Processing the following SPARQL query:
# Tier H-vocab — title literals, large
# Goal: external-vocabulary lookup pressure with larger bounded output.
PREFIX dblp: <https://dblp.org/rdf/schema#>

CONSTRUCT { ?paper dblp:title ?title }
WHERE {
  ?paper dblp:title ?title .
}
LIMIT 100000

2026-09-29 04:52:22.935 - INFO: Requested media types of the result are: "text/turtle"
2026-09-29 04:52:22.935 - INFO: Query planning done in 0 ms
2026-09-29 04:52:22.935 - INFO: Result has unknown size (not computed yet)
2026-09-29 04:52:23.210 - INFO: Done processing query and sending result, total time was 275 ms
2026-09-29 04:52:23.230 - INFO: 
2026-09-29 04:52:23.230 - INFO: Request received via GET, no content type specified
2026-09-29 04:52:23.230 - INFO: Processing command "clear-cache": clear the cache (unpinned elements only)
2026-09-29 04:52:23.248 - INFO: 
2026-09-29 04:52:23.248 - INFO: Request received via POST, content type "application/x-www-form-urlencoded"
2026-09-29 04:52:23.248 - INFO: Processing the following SPARQL query:
# Tier H-vocab — title literals, large
# Goal: external-vocabulary lookup pressure with larger bounded output.
PREFIX dblp: <https://dblp.org/rdf/schema#>

CONSTRUCT { ?paper dblp:title ?title }
WHERE {
  ?paper dblp:title ?title .
}
LIMIT 100000

2026-09-29 04:52:23.248 - INFO: Requested media types of the result are: "text/turtle"
2026-09-29 04:52:23.248 - INFO: Query planning done in 0 ms
2026-09-29 04:52:23.248 - INFO: Result has unknown size (not computed yet)
2026-09-29 04:52:23.526 - INFO: Done processing query and sending result, total time was 277 ms
2026-09-29 04:52:23.546 - INFO: 
2026-09-29 04:52:23.546 - INFO: Request received via GET, no content type specified
2026-09-29 04:52:23.546 - INFO: Processing command "clear-cache": clear the cache (unpinned elements only)
2026-09-29 04:52:23.564 - INFO: 
2026-09-29 04:52:23.564 - INFO: Request received via POST, content type "application/x-www-form-urlencoded"
2026-09-29 04:52:23.564 - INFO: Processing the following SPARQL query:
# Tier H-vocab — title literals, large
# Goal: external-vocabulary lookup pressure with larger bounded output.
PREFIX dblp: <https://dblp.org/rdf/schema#>

CONSTRUCT { ?paper dblp:title ?title }
WHERE {
  ?paper dblp:title ?title .
}
LIMIT 100000

2026-09-29 04:52:23.564 - INFO: Requested media types of the result are: "text/turtle"
2026-09-29 04:52:23.564 - INFO: Query planning done in 0 ms
2026-09-29 04:52:23.564 - INFO: Result has unknown size (not computed yet)
2026-09-29 04:52:23.849 - INFO: Done processing query and sending result, total time was 285 ms
2026-09-29 04:52:23.869 - INFO: 
2026-09-29 04:52:23.869 - INFO: Request received via GET, no content type specified
2026-09-29 04:52:23.869 - INFO: Processing command "clear-cache": clear the cache (unpinned elements only)
2026-09-29 04:52:23.887 - INFO: 
2026-09-29 04:52:23.887 - INFO: Request received via POST, content type "application/x-www-form-urlencoded"
2026-09-29 04:52:23.887 - INFO: Processing the following SPARQL query:
# Tier H-vocab — title literals, large
# Goal: external-vocabulary lookup pressure with larger bounded output.
PREFIX dblp: <https://dblp.org/rdf/schema#>

CONSTRUCT { ?paper dblp:title ?title }
WHERE {
  ?paper dblp:title ?title .
}
LIMIT 100000

2026-09-29 04:52:23.887 - INFO: Requested media types of the result are: "text/turtle"
2026-09-29 04:52:23.887 - INFO: Query planning done in 0 ms
2026-09-29 04:52:23.887 - INFO: Result has unknown size (not computed yet)
2026-09-29 04:52:24.184 - INFO: Done processing query and sending result, total time was 297 ms
2026-09-29 04:52:24.205 - INFO: 
2026-09-29 04:52:24.205 - INFO: Request received via GET, no content type specified
2026-09-29 04:52:24.205 - INFO: Processing command "clear-cache": clear the cache (unpinned elements only)
2026-09-29 04:52:24.222 - INFO: 
2026-09-29 04:52:24.222 - INFO: Request received via POST, content type "application/x-www-form-urlencoded"
2026-09-29 04:52:24.223 - INFO: Processing the following SPARQL query:
# Tier H-vocab — title literals, large
# Goal: external-vocabulary lookup pressure with larger bounded output.
PREFIX dblp: <https://dblp.org/rdf/schema#>

CONSTRUCT { ?paper dblp:title ?title }
WHERE {
  ?paper dblp:title ?title .
}
LIMIT 100000

2026-09-29 04:52:24.223 - INFO: Requested media types of the result are: "text/turtle"
2026-09-29 04:52:24.223 - INFO: Query planning done in 0 ms
2026-09-29 04:52:24.223 - INFO: Result has unknown size (not computed yet)
2026-09-29 04:52:24.503 - INFO: Done processing query and sending result, total time was 280 ms
2026-09-29 04:52:24.523 - INFO: 
2026-09-29 04:52:24.523 - INFO: Request received via GET, no content type specified
2026-09-29 04:52:24.523 - INFO: Processing command "clear-cache": clear the cache (unpinned elements only)
2026-09-29 04:52:24.541 - INFO: 
2026-09-29 04:52:24.541 - INFO: Request received via POST, content type "application/x-www-form-urlencoded"
2026-09-29 04:52:24.541 - INFO: Processing the following SPARQL query:
# Tier H-vocab — title literals, large
# Goal: external-vocabulary lookup pressure with larger bounded output.
PREFIX dblp: <https://dblp.org/rdf/schema#>

CONSTRUCT { ?paper dblp:title ?title }
WHERE {
  ?paper dblp:title ?title .
}
LIMIT 100000

2026-09-29 04:52:24.541 - INFO: Requested media types of the result are: "text/turtle"
2026-09-29 04:52:24.542 - INFO: Query planning done in 0 ms
2026-09-29 04:52:24.542 - INFO: Result has unknown size (not computed yet)
2026-09-29 04:52:24.818 - INFO: Done processing query and sending result, total time was 276 ms
2026-09-29 04:52:24.838 - INFO: 
2026-09-29 04:52:24.838 - INFO: Request received via GET, no content type specified
2026-09-29 04:52:24.838 - INFO: Processing command "clear-cache": clear the cache (unpinned elements only)
2026-09-29 04:52:24.856 - INFO: 
2026-09-29 04:52:24.856 - INFO: Request received via POST, content type "application/x-www-form-urlencoded"
2026-09-29 04:52:24.856 - INFO: Processing the following SPARQL query:
# Tier H-vocab — title literals, large
# Goal: external-vocabulary lookup pressure with larger bounded output.
PREFIX dblp: <https://dblp.org/rdf/schema#>

CONSTRUCT { ?paper dblp:title ?title }
WHERE {
  ?paper dblp:title ?title .
}
LIMIT 100000

2026-09-29 04:52:24.856 - INFO: Requested media types of the result are: "text/turtle"
2026-09-29 04:52:24.856 - INFO: Query planning done in 0 ms
2026-09-29 04:52:24.856 - INFO: Result has unknown size (not computed yet)
2026-09-29 04:52:25.135 - INFO: Done processing query and sending result, total time was 279 ms
2026-09-29 04:52:25.155 - INFO: 
2026-09-29 04:52:25.156 - INFO: Request received via GET, no content type specified
2026-09-29 04:52:25.156 - INFO: Processing command "clear-cache": clear the cache (unpinned elements only)
2026-09-29 04:52:25.173 - INFO: 
2026-09-29 04:52:25.173 - INFO: Request received via POST, content type "application/x-www-form-urlencoded"
2026-09-29 04:52:25.174 - INFO: Processing the following SPARQL query:
# Tier H-vocab — title literals, large
# Goal: external-vocabulary lookup pressure with larger bounded output.
PREFIX dblp: <https://dblp.org/rdf/schema#>

CONSTRUCT { ?paper dblp:title ?title }
WHERE {
  ?paper dblp:title ?title .
}
LIMIT 100000

2026-09-29 04:52:25.174 - INFO: Requested media types of the result are: "text/turtle"
2026-09-29 04:52:25.174 - INFO: Query planning done in 0 ms
2026-09-29 04:52:25.174 - INFO: Result has unknown size (not computed yet)
2026-09-29 04:52:25.449 - INFO: Done processing query and sending result, total time was 276 ms
2026-09-29 04:52:25.469 - INFO: 
2026-09-29 04:52:25.469 - INFO: Request received via GET, no content type specified
2026-09-29 04:52:25.469 - INFO: Processing command "clear-cache": clear the cache (unpinned elements only)
2026-09-29 04:52:25.487 - INFO: 
2026-09-29 04:52:25.487 - INFO: Request received via POST, content type "application/x-www-form-urlencoded"
2026-09-29 04:52:25.488 - INFO: Processing the following SPARQL query:
# Tier H-vocab — title literals, large
# Goal: external-vocabulary lookup pressure with larger bounded output.
PREFIX dblp: <https://dblp.org/rdf/schema#>

CONSTRUCT { ?paper dblp:title ?title }
WHERE {
  ?paper dblp:title ?title .
}
LIMIT 100000

2026-09-29 04:52:25.488 - INFO: Requested media types of the result are: "text/turtle"
2026-09-29 04:52:25.488 - INFO: Query planning done in 0 ms
2026-09-29 04:52:25.488 - INFO: Result has unknown size (not computed yet)
2026-09-29 04:52:25.762 - INFO: Done processing query and sending result, total time was 274 ms
2026-09-29 04:52:25.782 - INFO: 
2026-09-29 04:52:25.782 - INFO: Request received via GET, no content type specified
2026-09-29 04:52:25.782 - INFO: Processing command "clear-cache": clear the cache (unpinned elements only)
2026-09-29 04:52:25.799 - INFO: 
2026-09-29 04:52:25.799 - INFO: Request received via POST, content type "application/x-www-form-urlencoded"
2026-09-29 04:52:25.800 - INFO: Processing the following SPARQL query:
# Tier H-vocab — title literals, large
# Goal: external-vocabulary lookup pressure with larger bounded output.
PREFIX dblp: <https://dblp.org/rdf/schema#>

CONSTRUCT { ?paper dblp:title ?title }
WHERE {
  ?paper dblp:title ?title .
}
LIMIT 100000

2026-09-29 04:52:25.800 - INFO: Requested media types of the result are: "text/turtle"
2026-09-29 04:52:25.800 - INFO: Query planning done in 0 ms
2026-09-29 04:52:25.800 - INFO: Result has unknown size (not computed yet)
2026-09-29 04:52:26.078 - INFO: Done processing query and sending result, total time was 278 ms
2026-09-29 04:52:26.098 - INFO: 
2026-09-29 04:52:26.098 - INFO: Request received via GET, no content type specified
2026-09-29 04:52:26.098 - INFO: Processing command "clear-cache": clear the cache (unpinned elements only)
2026-09-29 04:52:26.116 - INFO: 
2026-09-29 04:52:26.116 - INFO: Request received via POST, content type "application/x-www-form-urlencoded"
2026-09-29 04:52:26.116 - INFO: Processing the following SPARQL query:
# Tier H-vocab — title literals, large
# Goal: external-vocabulary lookup pressure with larger bounded output.
PREFIX dblp: <https://dblp.org/rdf/schema#>

CONSTRUCT { ?paper dblp:title ?title }
WHERE {
  ?paper dblp:title ?title .
}
LIMIT 100000

2026-09-29 04:52:26.116 - INFO: Requested media types of the result are: "text/turtle"
2026-09-29 04:52:26.116 - INFO: Query planning done in 0 ms
2026-09-29 04:52:26.116 - INFO: Result has unknown size (not computed yet)
2026-09-29 04:52:26.392 - INFO: Done processing query and sending result, total time was 276 ms
2026-09-29 04:52:26.412 - INFO: 
2026-09-29 04:52:26.412 - INFO: Request received via GET, no content type specified
2026-09-29 04:52:26.412 - INFO: Processing command "clear-cache": clear the cache (unpinned elements only)
2026-09-29 04:52:26.437 - INFO: 
2026-09-29 04:52:26.437 - INFO: Request received via POST, content type "application/x-www-form-urlencoded"
2026-09-29 04:52:26.437 - INFO: Processing the following SPARQL query:
# Tier H-vocab — title literals, large
# Goal: external-vocabulary lookup pressure with larger bounded output.
PREFIX dblp: <https://dblp.org/rdf/schema#>

CONSTRUCT { ?paper dblp:title ?title }
WHERE {
  ?paper dblp:title ?title .
}
LIMIT 100000

2026-09-29 04:52:26.438 - INFO: Requested media types of the result are: "text/turtle"
2026-09-29 04:52:26.438 - INFO: Query planning done in 0 ms
2026-09-29 04:52:26.438 - INFO: Result has unknown size (not computed yet)
2026-09-29 04:52:26.714 - INFO: Done processing query and sending result, total time was 276 ms
2026-09-29 04:52:26.734 - INFO: 
2026-09-29 04:52:26.734 - INFO: Request received via GET, no content type specified
2026-09-29 04:52:26.734 - INFO: Processing command "clear-cache": clear the cache (unpinned elements only)
2026-09-29 04:52:26.752 - INFO: 
2026-09-29 04:52:26.752 - INFO: Request received via POST, content type "application/x-www-form-urlencoded"
2026-09-29 04:52:26.752 - INFO: Processing the following SPARQL query:
# Tier H-vocab — title literals, large
# Goal: external-vocabulary lookup pressure with larger bounded output.
PREFIX dblp: <https://dblp.org/rdf/schema#>

CONSTRUCT { ?paper dblp:title ?title }
WHERE {
  ?paper dblp:title ?title .
}
LIMIT 100000

2026-09-29 04:52:26.752 - INFO: Requested media types of the result are: "text/turtle"
2026-09-29 04:52:26.752 - INFO: Query planning done in 0 ms
2026-09-29 04:52:26.752 - INFO: Result has unknown size (not computed yet)
2026-09-29 04:52:27.031 - INFO: Done processing query and sending result, total time was 279 ms
2026-09-29 04:52:27.051 - INFO: 
2026-09-29 04:52:27.051 - INFO: Request received via GET, no content type specified
2026-09-29 04:52:27.051 - INFO: Processing command "clear-cache": clear the cache (unpinned elements only)
2026-09-29 04:52:27.069 - INFO: 
2026-09-29 04:52:27.069 - INFO: Request received via POST, content type "application/x-www-form-urlencoded"
2026-09-29 04:52:27.069 - INFO: Processing the following SPARQL query:
# Tier H-vocab — title literals, large
# Goal: external-vocabulary lookup pressure with larger bounded output.
PREFIX dblp: <https://dblp.org/rdf/schema#>

CONSTRUCT { ?paper dblp:title ?title }
WHERE {
  ?paper dblp:title ?title .
}
LIMIT 100000

2026-09-29 04:52:27.069 - INFO: Requested media types of the result are: "text/turtle"
2026-09-29 04:52:27.070 - INFO: Query planning done in 0 ms
2026-09-29 04:52:27.070 - INFO: Result has unknown size (not computed yet)
2026-09-29 04:52:27.348 - INFO: Done processing query and sending result, total time was 278 ms
2026-09-29 04:52:27.368 - INFO: 
2026-09-29 04:52:27.368 - INFO: Request received via GET, no content type specified
2026-09-29 04:52:27.368 - INFO: Processing command "clear-cache": clear the cache (unpinned elements only)
2026-09-29 04:52:27.386 - INFO: 
2026-09-29 04:52:27.386 - INFO: Request received via POST, content type "application/x-www-form-urlencoded"
2026-09-29 04:52:27.386 - INFO: Processing the following SPARQL query:
# Tier H-vocab — title literals, large
# Goal: external-vocabulary lookup pressure with larger bounded output.
PREFIX dblp: <https://dblp.org/rdf/schema#>

CONSTRUCT { ?paper dblp:title ?title }
WHERE {
  ?paper dblp:title ?title .
}
LIMIT 100000

2026-09-29 04:52:27.386 - INFO: Requested media types of the result are: "text/turtle"
2026-09-29 04:52:27.386 - INFO: Query planning done in 0 ms
2026-09-29 04:52:27.386 - INFO: Result has unknown size (not computed yet)
2026-09-29 04:52:27.663 - INFO: Done processing query and sending result, total time was 277 ms
2026-09-29 04:52:27.683 - INFO: 
2026-09-29 04:52:27.683 - INFO: Request received via GET, no content type specified
2026-09-29 04:52:27.683 - INFO: Processing command "clear-cache": clear the cache (unpinned elements only)
2026-09-29 04:52:27.701 - INFO: 
2026-09-29 04:52:27.701 - INFO: Request received via POST, content type "application/x-www-form-urlencoded"
2026-09-29 04:52:27.701 - INFO: Processing the following SPARQL query:
# Tier H-vocab — title literals, large
# Goal: external-vocabulary lookup pressure with larger bounded output.
PREFIX dblp: <https://dblp.org/rdf/schema#>

CONSTRUCT { ?paper dblp:title ?title }
WHERE {
  ?paper dblp:title ?title .
}
LIMIT 100000

2026-09-29 04:52:27.701 - INFO: Requested media types of the result are: "text/turtle"
2026-09-29 04:52:27.701 - INFO: Query planning done in 0 ms
2026-09-29 04:52:27.701 - INFO: Result has unknown size (not computed yet)
2026-09-29 04:52:27.980 - INFO: Done processing query and sending result, total time was 279 ms
2026-09-29 04:52:28.000 - INFO: 
2026-09-29 04:52:28.000 - INFO: Request received via GET, no content type specified
2026-09-29 04:52:28.000 - INFO: Processing command "clear-cache": clear the cache (unpinned elements only)
2026-09-29 04:52:28.018 - INFO: 
2026-09-29 04:52:28.018 - INFO: Request received via POST, content type "application/x-www-form-urlencoded"
2026-09-29 04:52:28.018 - INFO: Processing the following SPARQL query:
# Tier H-vocab — title literals, large
# Goal: external-vocabulary lookup pressure with larger bounded output.
PREFIX dblp: <https://dblp.org/rdf/schema#>

CONSTRUCT { ?paper dblp:title ?title }
WHERE {
  ?paper dblp:title ?title .
}
LIMIT 100000

2026-09-29 04:52:28.018 - INFO: Requested media types of the result are: "text/turtle"
2026-09-29 04:52:28.018 - INFO: Query planning done in 0 ms
2026-09-29 04:52:28.018 - INFO: Result has unknown size (not computed yet)
2026-09-29 04:52:28.295 - INFO: Done processing query and sending result, total time was 276 ms
2026-09-29 04:52:28.315 - INFO: 
2026-09-29 04:52:28.315 - INFO: Request received via GET, no content type specified
2026-09-29 04:52:28.315 - INFO: Processing command "clear-cache": clear the cache (unpinned elements only)
2026-09-29 04:52:28.332 - INFO: 
2026-09-29 04:52:28.332 - INFO: Request received via POST, content type "application/x-www-form-urlencoded"
2026-09-29 04:52:28.333 - INFO: Processing the following SPARQL query:
# Tier H-vocab — title literals, large
# Goal: external-vocabulary lookup pressure with larger bounded output.
PREFIX dblp: <https://dblp.org/rdf/schema#>

CONSTRUCT { ?paper dblp:title ?title }
WHERE {
  ?paper dblp:title ?title .
}
LIMIT 100000

2026-09-29 04:52:28.333 - INFO: Requested media types of the result are: "text/turtle"
2026-09-29 04:52:28.333 - INFO: Query planning done in 0 ms
2026-09-29 04:52:28.333 - INFO: Result has unknown size (not computed yet)
2026-09-29 04:52:28.611 - INFO: Done processing query and sending result, total time was 278 ms
2026-09-29 04:52:28.631 - INFO: 
2026-09-29 04:52:28.631 - INFO: Request received via GET, no content type specified
2026-09-29 04:52:28.631 - INFO: Processing command "clear-cache": clear the cache (unpinned elements only)
2026-09-29 04:52:28.649 - INFO: 
2026-09-29 04:52:28.649 - INFO: Request received via POST, content type "application/x-www-form-urlencoded"
2026-09-29 04:52:28.649 - INFO: Processing the following SPARQL query:
# Tier H-vocab — title literals, large
# Goal: external-vocabulary lookup pressure with larger bounded output.
PREFIX dblp: <https://dblp.org/rdf/schema#>

CONSTRUCT { ?paper dblp:title ?title }
WHERE {
  ?paper dblp:title ?title .
}
LIMIT 100000

2026-09-29 04:52:28.649 - INFO: Requested media types of the result are: "text/turtle"
2026-09-29 04:52:28.649 - INFO: Query planning done in 0 ms
2026-09-29 04:52:28.649 - INFO: Result has unknown size (not computed yet)
2026-09-29 04:52:28.928 - INFO: Done processing query and sending result, total time was 278 ms
2026-09-29 04:52:28.948 - INFO: 
2026-09-29 04:52:28.948 - INFO: Request received via GET, no content type specified
2026-09-29 04:52:28.948 - INFO: Processing command "clear-cache": clear the cache (unpinned elements only)
2026-09-29 04:52:28.966 - INFO: 
2026-09-29 04:52:28.966 - INFO: Request received via POST, content type "application/x-www-form-urlencoded"
2026-09-29 04:52:28.966 - INFO: Processing the following SPARQL query:
# Tier H-vocab — title literals, large
# Goal: external-vocabulary lookup pressure with larger bounded output.
PREFIX dblp: <https://dblp.org/rdf/schema#>

CONSTRUCT { ?paper dblp:title ?title }
WHERE {
  ?paper dblp:title ?title .
}
LIMIT 100000

2026-09-29 04:52:28.966 - INFO: Requested media types of the result are: "text/turtle"
2026-09-29 04:52:28.966 - INFO: Query planning done in 0 ms
2026-09-29 04:52:28.966 - INFO: Result has unknown size (not computed yet)
2026-09-29 04:52:29.241 - INFO: Done processing query and sending result, total time was 275 ms
2026-09-29 04:52:51.554 - INFO: 
2026-09-29 04:52:51.554 - INFO: Request received via GET, no content type specified
2026-09-29 04:52:51.554 - INFO: Processing command "clear-cache": clear the cache (unpinned elements only)
2026-09-29 04:52:51.591 - INFO: 
2026-09-29 04:52:51.591 - INFO: Request received via POST, content type "application/x-www-form-urlencoded"
2026-09-29 04:52:51.591 - INFO: Processing the following SPARQL query:
# Tier H-vocab — title literals, large
# Goal: external-vocabulary lookup pressure with larger bounded output.
PREFIX dblp: <https://dblp.org/rdf/schema#>

CONSTRUCT { ?paper dblp:title ?title }
WHERE {
  ?paper dblp:title ?title .
}
LIMIT 100000

2026-09-29 04:52:51.591 - INFO: Requested media types of the result are: "text/turtle"
2026-09-29 04:52:51.591 - INFO: Query planning done in 0 ms
2026-09-29 04:52:51.591 - INFO: Result has unknown size (not computed yet)
2026-09-29 04:52:51.893 - INFO: Done processing query and sending result, total time was 301 ms
2026-09-29 04:52:51.913 - INFO: 
2026-09-29 04:52:51.913 - INFO: Request received via GET, no content type specified
2026-09-29 04:52:51.913 - INFO: Processing command "clear-cache": clear the cache (unpinned elements only)
2026-09-29 04:52:51.931 - INFO: 
2026-09-29 04:52:51.931 - INFO: Request received via POST, content type "application/x-www-form-urlencoded"
2026-09-29 04:52:51.931 - INFO: Processing the following SPARQL query:
# Tier H-vocab — title literals, large
# Goal: external-vocabulary lookup pressure with larger bounded output.
PREFIX dblp: <https://dblp.org/rdf/schema#>

CONSTRUCT { ?paper dblp:title ?title }
WHERE {
  ?paper dblp:title ?title .
}
LIMIT 100000

2026-09-29 04:52:51.931 - INFO: Requested media types of the result are: "text/turtle"
2026-09-29 04:52:51.931 - INFO: Query planning done in 0 ms
2026-09-29 04:52:51.932 - INFO: Result has unknown size (not computed yet)
2026-09-29 04:52:52.234 - INFO: Done processing query and sending result, total time was 303 ms
2026-09-29 04:52:52.254 - INFO: 
2026-09-29 04:52:52.254 - INFO: Request received via GET, no content type specified
2026-09-29 04:52:52.254 - INFO: Processing command "clear-cache": clear the cache (unpinned elements only)
2026-09-29 04:52:52.272 - INFO: 
2026-09-29 04:52:52.272 - INFO: Request received via POST, content type "application/x-www-form-urlencoded"
2026-09-29 04:52:52.273 - INFO: Processing the following SPARQL query:
# Tier H-vocab — title literals, large
# Goal: external-vocabulary lookup pressure with larger bounded output.
PREFIX dblp: <https://dblp.org/rdf/schema#>

CONSTRUCT { ?paper dblp:title ?title }
WHERE {
  ?paper dblp:title ?title .
}
LIMIT 100000

2026-09-29 04:52:52.273 - INFO: Requested media types of the result are: "text/turtle"
2026-09-29 04:52:52.273 - INFO: Query planning done in 0 ms
2026-09-29 04:52:52.273 - INFO: Result has unknown size (not computed yet)
2026-09-29 04:52:52.572 - INFO: Done processing query and sending result, total time was 299 ms
2026-09-29 04:52:52.592 - INFO: 
2026-09-29 04:52:52.592 - INFO: Request received via GET, no content type specified
2026-09-29 04:52:52.592 - INFO: Processing command "clear-cache": clear the cache (unpinned elements only)
2026-09-29 04:52:52.610 - INFO: 
2026-09-29 04:52:52.610 - INFO: Request received via POST, content type "application/x-www-form-urlencoded"
2026-09-29 04:52:52.610 - INFO: Processing the following SPARQL query:
# Tier H-vocab — title literals, large
# Goal: external-vocabulary lookup pressure with larger bounded output.
PREFIX dblp: <https://dblp.org/rdf/schema#>

CONSTRUCT { ?paper dblp:title ?title }
WHERE {
  ?paper dblp:title ?title .
}
LIMIT 100000

2026-09-29 04:52:52.610 - INFO: Requested media types of the result are: "text/turtle"
2026-09-29 04:52:52.610 - INFO: Query planning done in 0 ms
2026-09-29 04:52:52.610 - INFO: Result has unknown size (not computed yet)
2026-09-29 04:52:52.909 - INFO: Done processing query and sending result, total time was 299 ms
2026-09-29 04:52:52.929 - INFO: 
2026-09-29 04:52:52.929 - INFO: Request received via GET, no content type specified
2026-09-29 04:52:52.929 - INFO: Processing command "clear-cache": clear the cache (unpinned elements only)
2026-09-29 04:52:52.947 - INFO: 
2026-09-29 04:52:52.947 - INFO: Request received via POST, content type "application/x-www-form-urlencoded"
2026-09-29 04:52:52.947 - INFO: Processing the following SPARQL query:
# Tier H-vocab — title literals, large
# Goal: external-vocabulary lookup pressure with larger bounded output.
PREFIX dblp: <https://dblp.org/rdf/schema#>

CONSTRUCT { ?paper dblp:title ?title }
WHERE {
  ?paper dblp:title ?title .
}
LIMIT 100000

2026-09-29 04:52:52.947 - INFO: Requested media types of the result are: "text/turtle"
2026-09-29 04:52:52.947 - INFO: Query planning done in 0 ms
2026-09-29 04:52:52.948 - INFO: Result has unknown size (not computed yet)
2026-09-29 04:52:53.246 - INFO: Done processing query and sending result, total time was 298 ms
2026-09-29 04:52:53.265 - INFO: 
2026-09-29 04:52:53.265 - INFO: Request received via GET, no content type specified
2026-09-29 04:52:53.266 - INFO: Processing command "clear-cache": clear the cache (unpinned elements only)
2026-09-29 04:52:53.291 - INFO: 
2026-09-29 04:52:53.291 - INFO: Request received via POST, content type "application/x-www-form-urlencoded"
2026-09-29 04:52:53.291 - INFO: Processing the following SPARQL query:
# Tier H-vocab — title literals, large
# Goal: external-vocabulary lookup pressure with larger bounded output.
PREFIX dblp: <https://dblp.org/rdf/schema#>

CONSTRUCT { ?paper dblp:title ?title }
WHERE {
  ?paper dblp:title ?title .
}
LIMIT 100000

2026-09-29 04:52:53.291 - INFO: Requested media types of the result are: "text/turtle"
2026-09-29 04:52:53.292 - INFO: Query planning done in 0 ms
2026-09-29 04:52:53.292 - INFO: Result has unknown size (not computed yet)
2026-09-29 04:52:53.589 - INFO: Done processing query and sending result, total time was 298 ms
2026-09-29 04:52:53.609 - INFO: 
2026-09-29 04:52:53.609 - INFO: Request received via GET, no content type specified
2026-09-29 04:52:53.609 - INFO: Processing command "clear-cache": clear the cache (unpinned elements only)
2026-09-29 04:52:53.628 - INFO: 
2026-09-29 04:52:53.628 - INFO: Request received via POST, content type "application/x-www-form-urlencoded"
2026-09-29 04:52:53.628 - INFO: Processing the following SPARQL query:
# Tier H-vocab — title literals, large
# Goal: external-vocabulary lookup pressure with larger bounded output.
PREFIX dblp: <https://dblp.org/rdf/schema#>

CONSTRUCT { ?paper dblp:title ?title }
WHERE {
  ?paper dblp:title ?title .
}
LIMIT 100000

2026-09-29 04:52:53.628 - INFO: Requested media types of the result are: "text/turtle"
2026-09-29 04:52:53.628 - INFO: Query planning done in 0 ms
2026-09-29 04:52:53.628 - INFO: Result has unknown size (not computed yet)
2026-09-29 04:52:53.910 - INFO: Done processing query and sending result, total time was 282 ms
2026-09-29 04:52:53.930 - INFO: 
2026-09-29 04:52:53.930 - INFO: Request received via GET, no content type specified
2026-09-29 04:52:53.930 - INFO: Processing command "clear-cache": clear the cache (unpinned elements only)
2026-09-29 04:52:53.948 - INFO: 
2026-09-29 04:52:53.948 - INFO: Request received via POST, content type "application/x-www-form-urlencoded"
2026-09-29 04:52:53.948 - INFO: Processing the following SPARQL query:
# Tier H-vocab — title literals, large
# Goal: external-vocabulary lookup pressure with larger bounded output.
PREFIX dblp: <https://dblp.org/rdf/schema#>

CONSTRUCT { ?paper dblp:title ?title }
WHERE {
  ?paper dblp:title ?title .
}
LIMIT 100000

2026-09-29 04:52:53.948 - INFO: Requested media types of the result are: "text/turtle"
2026-09-29 04:52:53.948 - INFO: Query planning done in 0 ms
2026-09-29 04:52:53.949 - INFO: Result has unknown size (not computed yet)
2026-09-29 04:52:54.223 - INFO: Done processing query and sending result, total time was 275 ms
2026-09-29 04:52:54.243 - INFO: 
2026-09-29 04:52:54.243 - INFO: Request received via GET, no content type specified
2026-09-29 04:52:54.243 - INFO: Processing command "clear-cache": clear the cache (unpinned elements only)
2026-09-29 04:52:54.261 - INFO: 
2026-09-29 04:52:54.261 - INFO: Request received via POST, content type "application/x-www-form-urlencoded"
2026-09-29 04:52:54.262 - INFO: Processing the following SPARQL query:
# Tier H-vocab — title literals, large
# Goal: external-vocabulary lookup pressure with larger bounded output.
PREFIX dblp: <https://dblp.org/rdf/schema#>

CONSTRUCT { ?paper dblp:title ?title }
WHERE {
  ?paper dblp:title ?title .
}
LIMIT 100000

2026-09-29 04:52:54.262 - INFO: Requested media types of the result are: "text/turtle"
2026-09-29 04:52:54.262 - INFO: Query planning done in 0 ms
2026-09-29 04:52:54.262 - INFO: Result has unknown size (not computed yet)
2026-09-29 04:52:54.539 - INFO: Done processing query and sending result, total time was 277 ms
2026-09-29 04:52:54.559 - INFO: 
2026-09-29 04:52:54.559 - INFO: Request received via GET, no content type specified
2026-09-29 04:52:54.559 - INFO: Processing command "clear-cache": clear the cache (unpinned elements only)
2026-09-29 04:52:54.577 - INFO: 
2026-09-29 04:52:54.577 - INFO: Request received via POST, content type "application/x-www-form-urlencoded"
2026-09-29 04:52:54.577 - INFO: Processing the following SPARQL query:
# Tier H-vocab — title literals, large
# Goal: external-vocabulary lookup pressure with larger bounded output.
PREFIX dblp: <https://dblp.org/rdf/schema#>

CONSTRUCT { ?paper dblp:title ?title }
WHERE {
  ?paper dblp:title ?title .
}
LIMIT 100000

2026-09-29 04:52:54.577 - INFO: Requested media types of the result are: "text/turtle"
2026-09-29 04:52:54.577 - INFO: Query planning done in 0 ms
2026-09-29 04:52:54.577 - INFO: Result has unknown size (not computed yet)
2026-09-29 04:52:54.857 - INFO: Done processing query and sending result, total time was 279 ms
2026-09-29 04:52:54.877 - INFO: 
2026-09-29 04:52:54.877 - INFO: Request received via GET, no content type specified
2026-09-29 04:52:54.877 - INFO: Processing command "clear-cache": clear the cache (unpinned elements only)
2026-09-29 04:52:54.895 - INFO: 
2026-09-29 04:52:54.895 - INFO: Request received via POST, content type "application/x-www-form-urlencoded"
2026-09-29 04:52:54.895 - INFO: Processing the following SPARQL query:
# Tier H-vocab — title literals, large
# Goal: external-vocabulary lookup pressure with larger bounded output.
PREFIX dblp: <https://dblp.org/rdf/schema#>

CONSTRUCT { ?paper dblp:title ?title }
WHERE {
  ?paper dblp:title ?title .
}
LIMIT 100000

2026-09-29 04:52:54.895 - INFO: Requested media types of the result are: "text/turtle"
2026-09-29 04:52:54.895 - INFO: Query planning done in 0 ms
2026-09-29 04:52:54.895 - INFO: Result has unknown size (not computed yet)
2026-09-29 04:52:55.175 - INFO: Done processing query and sending result, total time was 280 ms
2026-09-29 04:52:55.195 - INFO: 
2026-09-29 04:52:55.195 - INFO: Request received via GET, no content type specified
2026-09-29 04:52:55.195 - INFO: Processing command "clear-cache": clear the cache (unpinned elements only)
2026-09-29 04:52:55.213 - INFO: 
2026-09-29 04:52:55.213 - INFO: Request received via POST, content type "application/x-www-form-urlencoded"
2026-09-29 04:52:55.213 - INFO: Processing the following SPARQL query:
# Tier H-vocab — title literals, large
# Goal: external-vocabulary lookup pressure with larger bounded output.
PREFIX dblp: <https://dblp.org/rdf/schema#>

CONSTRUCT { ?paper dblp:title ?title }
WHERE {
  ?paper dblp:title ?title .
}
LIMIT 100000

2026-09-29 04:52:55.213 - INFO: Requested media types of the result are: "text/turtle"
2026-09-29 04:52:55.213 - INFO: Query planning done in 0 ms
2026-09-29 04:52:55.213 - INFO: Result has unknown size (not computed yet)
2026-09-29 04:52:55.491 - INFO: Done processing query and sending result, total time was 277 ms
2026-09-29 04:52:55.511 - INFO: 
2026-09-29 04:52:55.511 - INFO: Request received via GET, no content type specified
2026-09-29 04:52:55.511 - INFO: Processing command "clear-cache": clear the cache (unpinned elements only)
2026-09-29 04:52:55.529 - INFO: 
2026-09-29 04:52:55.529 - INFO: Request received via POST, content type "application/x-www-form-urlencoded"
2026-09-29 04:52:55.530 - INFO: Processing the following SPARQL query:
# Tier H-vocab — title literals, large
# Goal: external-vocabulary lookup pressure with larger bounded output.
PREFIX dblp: <https://dblp.org/rdf/schema#>

CONSTRUCT { ?paper dblp:title ?title }
WHERE {
  ?paper dblp:title ?title .
}
LIMIT 100000

2026-09-29 04:52:55.530 - INFO: Requested media types of the result are: "text/turtle"
2026-09-29 04:52:55.530 - INFO: Query planning done in 0 ms
2026-09-29 04:52:55.530 - INFO: Result has unknown size (not computed yet)
2026-09-29 04:52:55.806 - INFO: Done processing query and sending result, total time was 276 ms
2026-09-29 04:52:55.826 - INFO: 
2026-09-29 04:52:55.826 - INFO: Request received via GET, no content type specified
2026-09-29 04:52:55.826 - INFO: Processing command "clear-cache": clear the cache (unpinned elements only)
2026-09-29 04:52:55.844 - INFO: 
2026-09-29 04:52:55.844 - INFO: Request received via POST, content type "application/x-www-form-urlencoded"
2026-09-29 04:52:55.844 - INFO: Processing the following SPARQL query:
# Tier H-vocab — title literals, large
# Goal: external-vocabulary lookup pressure with larger bounded output.
PREFIX dblp: <https://dblp.org/rdf/schema#>

CONSTRUCT { ?paper dblp:title ?title }
WHERE {
  ?paper dblp:title ?title .
}
LIMIT 100000

2026-09-29 04:52:55.844 - INFO: Requested media types of the result are: "text/turtle"
2026-09-29 04:52:55.844 - INFO: Query planning done in 0 ms
2026-09-29 04:52:55.844 - INFO: Result has unknown size (not computed yet)
2026-09-29 04:52:56.121 - INFO: Done processing query and sending result, total time was 276 ms
2026-09-29 04:52:56.141 - INFO: 
2026-09-29 04:52:56.141 - INFO: Request received via GET, no content type specified
2026-09-29 04:52:56.141 - INFO: Processing command "clear-cache": clear the cache (unpinned elements only)
2026-09-29 04:52:56.159 - INFO: 
2026-09-29 04:52:56.159 - INFO: Request received via POST, content type "application/x-www-form-urlencoded"
2026-09-29 04:52:56.159 - INFO: Processing the following SPARQL query:
# Tier H-vocab — title literals, large
# Goal: external-vocabulary lookup pressure with larger bounded output.
PREFIX dblp: <https://dblp.org/rdf/schema#>

CONSTRUCT { ?paper dblp:title ?title }
WHERE {
  ?paper dblp:title ?title .
}
LIMIT 100000

2026-09-29 04:52:56.159 - INFO: Requested media types of the result are: "text/turtle"
2026-09-29 04:52:56.159 - INFO: Query planning done in 0 ms
2026-09-29 04:52:56.159 - INFO: Result has unknown size (not computed yet)
2026-09-29 04:52:56.438 - INFO: Done processing query and sending result, total time was 279 ms
2026-09-29 04:52:56.458 - INFO: 
2026-09-29 04:52:56.458 - INFO: Request received via GET, no content type specified
2026-09-29 04:52:56.458 - INFO: Processing command "clear-cache": clear the cache (unpinned elements only)
2026-09-29 04:52:56.476 - INFO: 
2026-09-29 04:52:56.476 - INFO: Request received via POST, content type "application/x-www-form-urlencoded"
2026-09-29 04:52:56.476 - INFO: Processing the following SPARQL query:
# Tier H-vocab — title literals, large
# Goal: external-vocabulary lookup pressure with larger bounded output.
PREFIX dblp: <https://dblp.org/rdf/schema#>

CONSTRUCT { ?paper dblp:title ?title }
WHERE {
  ?paper dblp:title ?title .
}
LIMIT 100000

2026-09-29 04:52:56.476 - INFO: Requested media types of the result are: "text/turtle"
2026-09-29 04:52:56.476 - INFO: Query planning done in 0 ms
2026-09-29 04:52:56.477 - INFO: Result has unknown size (not computed yet)
2026-09-29 04:52:56.752 - INFO: Done processing query and sending result, total time was 276 ms
2026-09-29 04:53:16.497 - INFO: 
2026-09-29 04:53:16.497 - INFO: Request received via GET, no content type specified
2026-09-29 04:53:16.497 - INFO: Processing command "clear-cache": clear the cache (unpinned elements only)
2026-09-29 04:53:16.522 - INFO: 
2026-09-29 04:53:16.522 - INFO: Request received via POST, content type "application/x-www-form-urlencoded"
2026-09-29 04:53:16.522 - INFO: Processing the following SPARQL query:
# Tier H-vocab — title literals, 1,000,000 rows (10x H-vocab-title-large)
# Goal: the H-vocab-title-large shape with a response long enough (several
# seconds warm) for a timing verdict on the per-literal formatting cost.
PREFIX dblp: <https://dblp.org/rdf/schema#>

CONSTRUCT { ?paper dblp:title ?title }
WHERE {
  ?paper dblp:title ?title .
}
LIMIT 1000000

2026-09-29 04:53:16.522 - INFO: Requested media types of the result are: "text/turtle"
2026-09-29 04:53:16.522 - INFO: Query planning done in 0 ms
2026-09-29 04:53:16.522 - INFO: Result has unknown size (not computed yet)
2026-09-29 04:53:19.626 - INFO: Done processing query and sending result, total time was 3,104 ms
2026-09-29 04:53:24.964 - INFO: 
2026-09-29 04:53:24.964 - INFO: Request received via GET, no content type specified
2026-09-29 04:53:24.964 - INFO: Processing command "clear-cache": clear the cache (unpinned elements only)
2026-09-29 04:53:24.982 - INFO: 
2026-09-29 04:53:24.982 - INFO: Request received via POST, content type "application/x-www-form-urlencoded"
2026-09-29 04:53:24.982 - INFO: Processing the following SPARQL query:
# Tier H-vocab — title literals, 1,000,000 rows (10x H-vocab-title-large)
# Goal: the H-vocab-title-large shape with a response long enough (several
# seconds warm) for a timing verdict on the per-literal formatting cost.
PREFIX dblp: <https://dblp.org/rdf/schema#>

CONSTRUCT { ?paper dblp:title ?title }
WHERE {
  ?paper dblp:title ?title .
}
LIMIT 1000000

2026-09-29 04:53:24.982 - INFO: Requested media types of the result are: "text/turtle"
2026-09-29 04:53:24.982 - INFO: Query planning done in 0 ms
2026-09-29 04:53:24.982 - INFO: Result has unknown size (not computed yet)
2026-09-29 04:53:27.551 - INFO: Done processing query and sending result, total time was 2,569 ms
2026-09-29 04:53:27.572 - INFO: 
2026-09-29 04:53:27.572 - INFO: Request received via GET, no content type specified
2026-09-29 04:53:27.572 - INFO: Processing command "clear-cache": clear the cache (unpinned elements only)
2026-09-29 04:53:27.590 - INFO: 
2026-09-29 04:53:27.590 - INFO: Request received via POST, content type "application/x-www-form-urlencoded"
2026-09-29 04:53:27.590 - INFO: Processing the following SPARQL query:
# Tier H-vocab — title literals, 1,000,000 rows (10x H-vocab-title-large)
# Goal: the H-vocab-title-large shape with a response long enough (several
# seconds warm) for a timing verdict on the per-literal formatting cost.
PREFIX dblp: <https://dblp.org/rdf/schema#>

CONSTRUCT { ?paper dblp:title ?title }
WHERE {
  ?paper dblp:title ?title .
}
LIMIT 1000000

2026-09-29 04:53:27.590 - INFO: Requested media types of the result are: "text/turtle"
2026-09-29 04:53:27.590 - INFO: Query planning done in 0 ms
2026-09-29 04:53:27.590 - INFO: Result has unknown size (not computed yet)
2026-09-29 04:53:30.298 - INFO: Done processing query and sending result, total time was 2,707 ms
2026-09-29 04:53:30.318 - INFO: 
2026-09-29 04:53:30.318 - INFO: Request received via GET, no content type specified
2026-09-29 04:53:30.318 - INFO: Processing command "clear-cache": clear the cache (unpinned elements only)
2026-09-29 04:53:30.336 - INFO: 
2026-09-29 04:53:30.336 - INFO: Request received via POST, content type "application/x-www-form-urlencoded"
2026-09-29 04:53:30.336 - INFO: Processing the following SPARQL query:
# Tier H-vocab — title literals, 1,000,000 rows (10x H-vocab-title-large)
# Goal: the H-vocab-title-large shape with a response long enough (several
# seconds warm) for a timing verdict on the per-literal formatting cost.
PREFIX dblp: <https://dblp.org/rdf/schema#>

CONSTRUCT { ?paper dblp:title ?title }
WHERE {
  ?paper dblp:title ?title .
}
LIMIT 1000000

2026-09-29 04:53:30.336 - INFO: Requested media types of the result are: "text/turtle"
2026-09-29 04:53:30.336 - INFO: Query planning done in 0 ms
2026-09-29 04:53:30.337 - INFO: Result has unknown size (not computed yet)
2026-09-29 04:53:33.109 - INFO: Done processing query and sending result, total time was 2,773 ms
2026-09-29 04:53:33.431 - INFO: 
2026-09-29 04:53:33.431 - INFO: Request received via GET, no content type specified
2026-09-29 04:53:33.431 - INFO: Processing command "clear-cache": clear the cache (unpinned elements only)
2026-09-29 04:53:33.449 - INFO: 
2026-09-29 04:53:33.449 - INFO: Request received via POST, content type "application/x-www-form-urlencoded"
2026-09-29 04:53:33.449 - INFO: Processing the following SPARQL query:
# Tier H-vocab — title literals, 1,000,000 rows (10x H-vocab-title-large)
# Goal: the H-vocab-title-large shape with a response long enough (several
# seconds warm) for a timing verdict on the per-literal formatting cost.
PREFIX dblp: <https://dblp.org/rdf/schema#>

CONSTRUCT { ?paper dblp:title ?title }
WHERE {
  ?paper dblp:title ?title .
}
LIMIT 1000000

2026-09-29 04:53:33.449 - INFO: Requested media types of the result are: "text/turtle"
2026-09-29 04:53:33.449 - INFO: Query planning done in 0 ms
2026-09-29 04:53:33.450 - INFO: Result has unknown size (not computed yet)
2026-09-29 04:53:36.283 - INFO: Done processing query and sending result, total time was 2,834 ms
2026-09-29 04:53:36.310 - INFO: 
2026-09-29 04:53:36.310 - INFO: Request received via GET, no content type specified
2026-09-29 04:53:36.310 - INFO: Processing command "clear-cache": clear the cache (unpinned elements only)
2026-09-29 04:53:36.336 - INFO: 
2026-09-29 04:53:36.336 - INFO: Request received via POST, content type "application/x-www-form-urlencoded"
2026-09-29 04:53:36.337 - INFO: Processing the following SPARQL query:
# Tier H-vocab — title literals, 1,000,000 rows (10x H-vocab-title-large)
# Goal: the H-vocab-title-large shape with a response long enough (several
# seconds warm) for a timing verdict on the per-literal formatting cost.
PREFIX dblp: <https://dblp.org/rdf/schema#>

CONSTRUCT { ?paper dblp:title ?title }
WHERE {
  ?paper dblp:title ?title .
}
LIMIT 1000000

2026-09-29 04:53:36.337 - INFO: Requested media types of the result are: "text/turtle"
2026-09-29 04:53:36.337 - INFO: Query planning done in 0 ms
2026-09-29 04:53:36.337 - INFO: Result has unknown size (not computed yet)
2026-09-29 04:53:39.067 - INFO: Done processing query and sending result, total time was 2,730 ms
2026-09-29 04:53:39.090 - INFO: 
2026-09-29 04:53:39.090 - INFO: Request received via GET, no content type specified
2026-09-29 04:53:39.090 - INFO: Processing command "clear-cache": clear the cache (unpinned elements only)
2026-09-29 04:53:39.109 - INFO: 
2026-09-29 04:53:39.109 - INFO: Request received via POST, content type "application/x-www-form-urlencoded"
2026-09-29 04:53:39.109 - INFO: Processing the following SPARQL query:
# Tier H-vocab — title literals, 1,000,000 rows (10x H-vocab-title-large)
# Goal: the H-vocab-title-large shape with a response long enough (several
# seconds warm) for a timing verdict on the per-literal formatting cost.
PREFIX dblp: <https://dblp.org/rdf/schema#>

CONSTRUCT { ?paper dblp:title ?title }
WHERE {
  ?paper dblp:title ?title .
}
LIMIT 1000000

2026-09-29 04:53:39.109 - INFO: Requested media types of the result are: "text/turtle"
2026-09-29 04:53:39.109 - INFO: Query planning done in 0 ms
2026-09-29 04:53:39.109 - INFO: Result has unknown size (not computed yet)
2026-09-29 04:53:41.767 - INFO: Done processing query and sending result, total time was 2,658 ms
2026-09-29 04:53:41.787 - INFO: 
2026-09-29 04:53:41.787 - INFO: Request received via GET, no content type specified
2026-09-29 04:53:41.787 - INFO: Processing command "clear-cache": clear the cache (unpinned elements only)
2026-09-29 04:53:41.805 - INFO: 
2026-09-29 04:53:41.805 - INFO: Request received via POST, content type "application/x-www-form-urlencoded"
2026-09-29 04:53:41.805 - INFO: Processing the following SPARQL query:
# Tier H-vocab — title literals, 1,000,000 rows (10x H-vocab-title-large)
# Goal: the H-vocab-title-large shape with a response long enough (several
# seconds warm) for a timing verdict on the per-literal formatting cost.
PREFIX dblp: <https://dblp.org/rdf/schema#>

CONSTRUCT { ?paper dblp:title ?title }
WHERE {
  ?paper dblp:title ?title .
}
LIMIT 1000000

2026-09-29 04:53:41.805 - INFO: Requested media types of the result are: "text/turtle"
2026-09-29 04:53:41.806 - INFO: Query planning done in 0 ms
2026-09-29 04:53:41.806 - INFO: Result has unknown size (not computed yet)
2026-09-29 04:53:44.379 - INFO: Done processing query and sending result, total time was 2,573 ms
2026-09-29 04:54:28.589 - INFO: 
2026-09-29 04:54:28.589 - INFO: Request received via GET, no content type specified
2026-09-29 04:54:28.589 - INFO: Processing command "clear-cache": clear the cache (unpinned elements only)
2026-09-29 04:54:28.607 - INFO: 
2026-09-29 04:54:28.607 - INFO: Request received via POST, content type "application/x-www-form-urlencoded"
2026-09-29 04:54:28.607 - INFO: Processing the following SPARQL query:
# Tier H-vocab — title literals, 1,000,000 rows (10x H-vocab-title-large)
# Goal: the H-vocab-title-large shape with a response long enough (several
# seconds warm) for a timing verdict on the per-literal formatting cost.
PREFIX dblp: <https://dblp.org/rdf/schema#>

CONSTRUCT { ?paper dblp:title ?title }
WHERE {
  ?paper dblp:title ?title .
}
LIMIT 1000000

2026-09-29 04:54:28.607 - INFO: Requested media types of the result are: "text/turtle"
2026-09-29 04:54:28.607 - INFO: Query planning done in 0 ms
2026-09-29 04:54:28.607 - INFO: Result has unknown size (not computed yet)
2026-09-29 04:54:31.227 - INFO: Done processing query and sending result, total time was 2,619 ms
2026-09-29 04:54:31.247 - INFO: 
2026-09-29 04:54:31.247 - INFO: Request received via GET, no content type specified
2026-09-29 04:54:31.247 - INFO: Processing command "clear-cache": clear the cache (unpinned elements only)
2026-09-29 04:54:31.265 - INFO: 
2026-09-29 04:54:31.265 - INFO: Request received via POST, content type "application/x-www-form-urlencoded"
2026-09-29 04:54:31.266 - INFO: Processing the following SPARQL query:
# Tier H-vocab — title literals, 1,000,000 rows (10x H-vocab-title-large)
# Goal: the H-vocab-title-large shape with a response long enough (several
# seconds warm) for a timing verdict on the per-literal formatting cost.
PREFIX dblp: <https://dblp.org/rdf/schema#>

CONSTRUCT { ?paper dblp:title ?title }
WHERE {
  ?paper dblp:title ?title .
}
LIMIT 1000000

2026-09-29 04:54:31.266 - INFO: Requested media types of the result are: "text/turtle"
2026-09-29 04:54:31.266 - INFO: Query planning done in 0 ms
2026-09-29 04:54:31.266 - INFO: Result has unknown size (not computed yet)
2026-09-29 04:54:33.832 - INFO: Done processing query and sending result, total time was 2,566 ms
2026-09-29 04:54:33.852 - INFO: 
2026-09-29 04:54:33.853 - INFO: Request received via GET, no content type specified
2026-09-29 04:54:33.853 - INFO: Processing command "clear-cache": clear the cache (unpinned elements only)
2026-09-29 04:54:33.871 - INFO: 
2026-09-29 04:54:33.871 - INFO: Request received via POST, content type "application/x-www-form-urlencoded"
2026-09-29 04:54:33.871 - INFO: Processing the following SPARQL query:
# Tier H-vocab — title literals, 1,000,000 rows (10x H-vocab-title-large)
# Goal: the H-vocab-title-large shape with a response long enough (several
# seconds warm) for a timing verdict on the per-literal formatting cost.
PREFIX dblp: <https://dblp.org/rdf/schema#>

CONSTRUCT { ?paper dblp:title ?title }
WHERE {
  ?paper dblp:title ?title .
}
LIMIT 1000000

2026-09-29 04:54:33.871 - INFO: Requested media types of the result are: "text/turtle"
2026-09-29 04:54:33.871 - INFO: Query planning done in 0 ms
2026-09-29 04:54:33.872 - INFO: Result has unknown size (not computed yet)
2026-09-29 04:54:36.442 - INFO: Done processing query and sending result, total time was 2,571 ms
2026-09-29 04:54:36.463 - INFO: 
2026-09-29 04:54:36.463 - INFO: Request received via GET, no content type specified
2026-09-29 04:54:36.463 - INFO: Processing command "clear-cache": clear the cache (unpinned elements only)
2026-09-29 04:54:36.480 - INFO: 
2026-09-29 04:54:36.480 - INFO: Request received via POST, content type "application/x-www-form-urlencoded"
2026-09-29 04:54:36.481 - INFO: Processing the following SPARQL query:
# Tier H-vocab — title literals, 1,000,000 rows (10x H-vocab-title-large)
# Goal: the H-vocab-title-large shape with a response long enough (several
# seconds warm) for a timing verdict on the per-literal formatting cost.
PREFIX dblp: <https://dblp.org/rdf/schema#>

CONSTRUCT { ?paper dblp:title ?title }
WHERE {
  ?paper dblp:title ?title .
}
LIMIT 1000000

2026-09-29 04:54:36.481 - INFO: Requested media types of the result are: "text/turtle"
2026-09-29 04:54:36.481 - INFO: Query planning done in 0 ms
2026-09-29 04:54:36.481 - INFO: Result has unknown size (not computed yet)
2026-09-29 04:54:39.075 - INFO: Done processing query and sending result, total time was 2,594 ms
2026-09-29 04:54:39.403 - INFO: 
2026-09-29 04:54:39.403 - INFO: Request received via GET, no content type specified
2026-09-29 04:54:39.403 - INFO: Processing command "clear-cache": clear the cache (unpinned elements only)
2026-09-29 04:54:39.421 - INFO: 
2026-09-29 04:54:39.421 - INFO: Request received via POST, content type "application/x-www-form-urlencoded"
2026-09-29 04:54:39.422 - INFO: Processing the following SPARQL query:
# Tier H-vocab — title literals, 1,000,000 rows (10x H-vocab-title-large)
# Goal: the H-vocab-title-large shape with a response long enough (several
# seconds warm) for a timing verdict on the per-literal formatting cost.
PREFIX dblp: <https://dblp.org/rdf/schema#>

CONSTRUCT { ?paper dblp:title ?title }
WHERE {
  ?paper dblp:title ?title .
}
LIMIT 1000000

2026-09-29 04:54:39.422 - INFO: Requested media types of the result are: "text/turtle"
2026-09-29 04:54:39.422 - INFO: Query planning done in 0 ms
2026-09-29 04:54:39.422 - INFO: Result has unknown size (not computed yet)
2026-09-29 04:54:42.212 - INFO: Done processing query and sending result, total time was 2,790 ms
2026-09-29 04:54:42.235 - INFO: 
2026-09-29 04:54:42.235 - INFO: Request received via GET, no content type specified
2026-09-29 04:54:42.235 - INFO: Processing command "clear-cache": clear the cache (unpinned elements only)
2026-09-29 04:54:42.254 - INFO: 
2026-09-29 04:54:42.254 - INFO: Request received via POST, content type "application/x-www-form-urlencoded"
2026-09-29 04:54:42.254 - INFO: Processing the following SPARQL query:
# Tier H-vocab — title literals, 1,000,000 rows (10x H-vocab-title-large)
# Goal: the H-vocab-title-large shape with a response long enough (several
# seconds warm) for a timing verdict on the per-literal formatting cost.
PREFIX dblp: <https://dblp.org/rdf/schema#>

CONSTRUCT { ?paper dblp:title ?title }
WHERE {
  ?paper dblp:title ?title .
}
LIMIT 1000000

2026-09-29 04:54:42.254 - INFO: Requested media types of the result are: "text/turtle"
2026-09-29 04:54:42.254 - INFO: Query planning done in 0 ms
2026-09-29 04:54:42.254 - INFO: Result has unknown size (not computed yet)
2026-09-29 04:54:44.915 - INFO: Done processing query and sending result, total time was 2,661 ms
2026-09-29 04:54:44.936 - INFO: 
2026-09-29 04:54:44.936 - INFO: Request received via GET, no content type specified
2026-09-29 04:54:44.936 - INFO: Processing command "clear-cache": clear the cache (unpinned elements only)
2026-09-29 04:54:44.954 - INFO: 
2026-09-29 04:54:44.954 - INFO: Request received via POST, content type "application/x-www-form-urlencoded"
2026-09-29 04:54:44.954 - INFO: Processing the following SPARQL query:
# Tier H-vocab — title literals, 1,000,000 rows (10x H-vocab-title-large)
# Goal: the H-vocab-title-large shape with a response long enough (several
# seconds warm) for a timing verdict on the per-literal formatting cost.
PREFIX dblp: <https://dblp.org/rdf/schema#>

CONSTRUCT { ?paper dblp:title ?title }
WHERE {
  ?paper dblp:title ?title .
}
LIMIT 1000000

2026-09-29 04:54:44.954 - INFO: Requested media types of the result are: "text/turtle"
2026-09-29 04:54:44.954 - INFO: Query planning done in 0 ms
2026-09-29 04:54:44.954 - INFO: Result has unknown size (not computed yet)
2026-09-29 04:54:47.540 - INFO: Done processing query and sending result, total time was 2,586 ms
2026-09-29 04:54:47.561 - INFO: 
2026-09-29 04:54:47.561 - INFO: Request received via GET, no content type specified
2026-09-29 04:54:47.561 - INFO: Processing command "clear-cache": clear the cache (unpinned elements only)
2026-09-29 04:54:47.587 - INFO: 
2026-09-29 04:54:47.587 - INFO: Request received via POST, content type "application/x-www-form-urlencoded"
2026-09-29 04:54:47.587 - INFO: Processing the following SPARQL query:
# Tier H-vocab — title literals, 1,000,000 rows (10x H-vocab-title-large)
# Goal: the H-vocab-title-large shape with a response long enough (several
# seconds warm) for a timing verdict on the per-literal formatting cost.
PREFIX dblp: <https://dblp.org/rdf/schema#>

CONSTRUCT { ?paper dblp:title ?title }
WHERE {
  ?paper dblp:title ?title .
}
LIMIT 1000000

2026-09-29 04:54:47.587 - INFO: Requested media types of the result are: "text/turtle"
2026-09-29 04:54:47.587 - INFO: Query planning done in 0 ms
2026-09-29 04:54:47.588 - INFO: Result has unknown size (not computed yet)
2026-09-29 04:54:50.364 - INFO: Done processing query and sending result, total time was 2,776 ms
2026-09-29 04:55:12.501 - INFO: 
2026-09-29 04:55:12.501 - INFO: Request received via GET, no content type specified
2026-09-29 04:55:12.501 - INFO: Processing command "clear-cache": clear the cache (unpinned elements only)
2026-09-29 04:55:12.536 - INFO: 
2026-09-29 04:55:12.536 - INFO: Request received via POST, content type "application/x-www-form-urlencoded"
2026-09-29 04:55:12.536 - INFO: Processing the following SPARQL query:
# Tier H-vocab — title literals, 1,000,000 rows (10x H-vocab-title-large)
# Goal: the H-vocab-title-large shape with a response long enough (several
# seconds warm) for a timing verdict on the per-literal formatting cost.
PREFIX dblp: <https://dblp.org/rdf/schema#>

CONSTRUCT { ?paper dblp:title ?title }
WHERE {
  ?paper dblp:title ?title .
}
LIMIT 1000000

2026-09-29 04:55:12.536 - INFO: Requested media types of the result are: "text/turtle"
2026-09-29 04:55:12.536 - INFO: Query planning done in 0 ms
2026-09-29 04:55:12.536 - INFO: Result has unknown size (not computed yet)
2026-09-29 04:55:15.198 - INFO: Done processing query and sending result, total time was 2,662 ms
2026-09-29 04:55:15.218 - INFO: 
2026-09-29 04:55:15.218 - INFO: Request received via GET, no content type specified
2026-09-29 04:55:15.218 - INFO: Processing command "clear-cache": clear the cache (unpinned elements only)
2026-09-29 04:55:15.236 - INFO: 
2026-09-29 04:55:15.236 - INFO: Request received via POST, content type "application/x-www-form-urlencoded"
2026-09-29 04:55:15.237 - INFO: Processing the following SPARQL query:
# Tier H-vocab — title literals, 1,000,000 rows (10x H-vocab-title-large)
# Goal: the H-vocab-title-large shape with a response long enough (several
# seconds warm) for a timing verdict on the per-literal formatting cost.
PREFIX dblp: <https://dblp.org/rdf/schema#>

CONSTRUCT { ?paper dblp:title ?title }
WHERE {
  ?paper dblp:title ?title .
}
LIMIT 1000000

2026-09-29 04:55:15.237 - INFO: Requested media types of the result are: "text/turtle"
2026-09-29 04:55:15.237 - INFO: Query planning done in 0 ms
2026-09-29 04:55:15.237 - INFO: Result has unknown size (not computed yet)
2026-09-29 04:55:17.820 - INFO: Done processing query and sending result, total time was 2,583 ms
2026-09-29 04:55:42.256 - INFO: 
2026-09-29 04:55:42.256 - INFO: Request received via GET, no content type specified
2026-09-29 04:55:42.257 - INFO: Processing command "clear-cache": clear the cache (unpinned elements only)
2026-09-29 04:55:42.275 - INFO: 
2026-09-29 04:55:42.275 - INFO: Request received via POST, content type "application/x-www-form-urlencoded"
2026-09-29 04:55:42.275 - INFO: Processing the following SPARQL query:
# Tier H — size-sweep
# Goal: isolate export cost from query-planning cost. Raise the year bound
# across runs, for example 1970, 1990, 2010, and 2023.
PREFIX dblp: <https://dblp.org/rdf/schema#>

CONSTRUCT { ?s ?p ?o }
WHERE {
  ?s a dblp:Publication ;
     dblp:yearOfPublication ?year ;
     ?p ?o .
  FILTER(?year <= "1970"^^<http://www.w3.org/2001/XMLSchema#gYear>)
}

2026-09-29 04:55:42.275 - INFO: Requested media types of the result are: "text/turtle"
2026-09-29 04:55:42.288 - INFO: Query planning done in 13 ms
2026-09-29 04:55:42.321 - INFO: Result has unknown size (not computed yet)
2026-09-29 04:55:43.051 - INFO: Done processing query and sending result, total time was 776 ms
2026-09-29 04:55:44.252 - INFO: 
2026-09-29 04:55:44.252 - INFO: Request received via GET, no content type specified
2026-09-29 04:55:44.252 - INFO: Processing command "clear-cache": clear the cache (unpinned elements only)
2026-09-29 04:55:44.270 - INFO: 
2026-09-29 04:55:44.270 - INFO: Request received via POST, content type "application/x-www-form-urlencoded"
2026-09-29 04:55:44.270 - INFO: Processing the following SPARQL query:
# Tier H — size-sweep
# Goal: isolate export cost from query-planning cost. Raise the year bound
# across runs, for example 1970, 1990, 2010, and 2023.
PREFIX dblp: <https://dblp.org/rdf/schema#>

CONSTRUCT { ?s ?p ?o }
WHERE {
  ?s a dblp:Publication ;
     dblp:yearOfPublication ?year ;
     ?p ?o .
  FILTER(?year <= "1970"^^<http://www.w3.org/2001/XMLSchema#gYear>)
}

2026-09-29 04:55:44.270 - INFO: Requested media types of the result are: "text/turtle"
2026-09-29 04:55:44.271 - INFO: Query planning done in 1 ms
2026-09-29 04:55:44.286 - INFO: Result has unknown size (not computed yet)
2026-09-29 04:55:44.837 - INFO: Done processing query and sending result, total time was 567 ms
2026-09-29 04:55:44.856 - INFO: 
2026-09-29 04:55:44.856 - INFO: Request received via GET, no content type specified
2026-09-29 04:55:44.856 - INFO: Processing command "clear-cache": clear the cache (unpinned elements only)
2026-09-29 04:55:44.874 - INFO: 
2026-09-29 04:55:44.874 - INFO: Request received via POST, content type "application/x-www-form-urlencoded"
2026-09-29 04:55:44.875 - INFO: Processing the following SPARQL query:
# Tier H — size-sweep
# Goal: isolate export cost from query-planning cost. Raise the year bound
# across runs, for example 1970, 1990, 2010, and 2023.
PREFIX dblp: <https://dblp.org/rdf/schema#>

CONSTRUCT { ?s ?p ?o }
WHERE {
  ?s a dblp:Publication ;
     dblp:yearOfPublication ?year ;
     ?p ?o .
  FILTER(?year <= "1970"^^<http://www.w3.org/2001/XMLSchema#gYear>)
}

2026-09-29 04:55:44.875 - INFO: Requested media types of the result are: "text/turtle"
2026-09-29 04:55:44.875 - INFO: Query planning done in 1 ms
2026-09-29 04:55:44.891 - INFO: Result has unknown size (not computed yet)
2026-09-29 04:55:45.443 - INFO: Done processing query and sending result, total time was 568 ms
2026-09-29 04:55:45.462 - INFO: 
2026-09-29 04:55:45.462 - INFO: Request received via GET, no content type specified
2026-09-29 04:55:45.462 - INFO: Processing command "clear-cache": clear the cache (unpinned elements only)
2026-09-29 04:55:45.480 - INFO: 
2026-09-29 04:55:45.480 - INFO: Request received via POST, content type "application/x-www-form-urlencoded"
2026-09-29 04:55:45.480 - INFO: Processing the following SPARQL query:
# Tier H — size-sweep
# Goal: isolate export cost from query-planning cost. Raise the year bound
# across runs, for example 1970, 1990, 2010, and 2023.
PREFIX dblp: <https://dblp.org/rdf/schema#>

CONSTRUCT { ?s ?p ?o }
WHERE {
  ?s a dblp:Publication ;
     dblp:yearOfPublication ?year ;
     ?p ?o .
  FILTER(?year <= "1970"^^<http://www.w3.org/2001/XMLSchema#gYear>)
}

2026-09-29 04:55:45.480 - INFO: Requested media types of the result are: "text/turtle"
2026-09-29 04:55:45.481 - INFO: Query planning done in 1 ms
2026-09-29 04:55:45.497 - INFO: Result has unknown size (not computed yet)
2026-09-29 04:55:46.049 - INFO: Done processing query and sending result, total time was 569 ms
2026-09-29 04:55:46.369 - INFO: 
2026-09-29 04:55:46.369 - INFO: Request received via GET, no content type specified
2026-09-29 04:55:46.369 - INFO: Processing command "clear-cache": clear the cache (unpinned elements only)
2026-09-29 04:55:46.387 - INFO: 
2026-09-29 04:55:46.387 - INFO: Request received via POST, content type "application/x-www-form-urlencoded"
2026-09-29 04:55:46.387 - INFO: Processing the following SPARQL query:
# Tier H — size-sweep
# Goal: isolate export cost from query-planning cost. Raise the year bound
# across runs, for example 1970, 1990, 2010, and 2023.
PREFIX dblp: <https://dblp.org/rdf/schema#>

CONSTRUCT { ?s ?p ?o }
WHERE {
  ?s a dblp:Publication ;
     dblp:yearOfPublication ?year ;
     ?p ?o .
  FILTER(?year <= "1970"^^<http://www.w3.org/2001/XMLSchema#gYear>)
}

2026-09-29 04:55:46.387 - INFO: Requested media types of the result are: "text/turtle"
2026-09-29 04:55:46.388 - INFO: Query planning done in 1 ms
2026-09-29 04:55:46.404 - INFO: Result has unknown size (not computed yet)
2026-09-29 04:55:46.956 - INFO: Done processing query and sending result, total time was 569 ms
2026-09-29 04:55:46.975 - INFO: 
2026-09-29 04:55:46.975 - INFO: Request received via GET, no content type specified
2026-09-29 04:55:46.975 - INFO: Processing command "clear-cache": clear the cache (unpinned elements only)
2026-09-29 04:55:46.993 - INFO: 
2026-09-29 04:55:46.993 - INFO: Request received via POST, content type "application/x-www-form-urlencoded"
2026-09-29 04:55:46.994 - INFO: Processing the following SPARQL query:
# Tier H — size-sweep
# Goal: isolate export cost from query-planning cost. Raise the year bound
# across runs, for example 1970, 1990, 2010, and 2023.
PREFIX dblp: <https://dblp.org/rdf/schema#>

CONSTRUCT { ?s ?p ?o }
WHERE {
  ?s a dblp:Publication ;
     dblp:yearOfPublication ?year ;
     ?p ?o .
  FILTER(?year <= "1970"^^<http://www.w3.org/2001/XMLSchema#gYear>)
}

2026-09-29 04:55:46.994 - INFO: Requested media types of the result are: "text/turtle"
2026-09-29 04:55:46.995 - INFO: Query planning done in 1 ms
2026-09-29 04:55:47.010 - INFO: Result has unknown size (not computed yet)
2026-09-29 04:55:47.562 - INFO: Done processing query and sending result, total time was 568 ms
2026-09-29 04:55:47.581 - INFO: 
2026-09-29 04:55:47.581 - INFO: Request received via GET, no content type specified
2026-09-29 04:55:47.581 - INFO: Processing command "clear-cache": clear the cache (unpinned elements only)
2026-09-29 04:55:47.599 - INFO: 
2026-09-29 04:55:47.599 - INFO: Request received via POST, content type "application/x-www-form-urlencoded"
2026-09-29 04:55:47.599 - INFO: Processing the following SPARQL query:
# Tier H — size-sweep
# Goal: isolate export cost from query-planning cost. Raise the year bound
# across runs, for example 1970, 1990, 2010, and 2023.
PREFIX dblp: <https://dblp.org/rdf/schema#>

CONSTRUCT { ?s ?p ?o }
WHERE {
  ?s a dblp:Publication ;
     dblp:yearOfPublication ?year ;
     ?p ?o .
  FILTER(?year <= "1970"^^<http://www.w3.org/2001/XMLSchema#gYear>)
}

2026-09-29 04:55:47.599 - INFO: Requested media types of the result are: "text/turtle"
2026-09-29 04:55:47.600 - INFO: Query planning done in 1 ms
2026-09-29 04:55:47.615 - INFO: Result has unknown size (not computed yet)
2026-09-29 04:55:48.169 - INFO: Done processing query and sending result, total time was 570 ms
2026-09-29 04:55:48.188 - INFO: 
2026-09-29 04:55:48.188 - INFO: Request received via GET, no content type specified
2026-09-29 04:55:48.188 - INFO: Processing command "clear-cache": clear the cache (unpinned elements only)
2026-09-29 04:55:48.219 - INFO: 
2026-09-29 04:55:48.219 - INFO: Request received via POST, content type "application/x-www-form-urlencoded"
2026-09-29 04:55:48.219 - INFO: Processing the following SPARQL query:
# Tier H — size-sweep
# Goal: isolate export cost from query-planning cost. Raise the year bound
# across runs, for example 1970, 1990, 2010, and 2023.
PREFIX dblp: <https://dblp.org/rdf/schema#>

CONSTRUCT { ?s ?p ?o }
WHERE {
  ?s a dblp:Publication ;
     dblp:yearOfPublication ?year ;
     ?p ?o .
  FILTER(?year <= "1970"^^<http://www.w3.org/2001/XMLSchema#gYear>)
}

2026-09-29 04:55:48.219 - INFO: Requested media types of the result are: "text/turtle"
2026-09-29 04:55:48.220 - INFO: Query planning done in 1 ms
2026-09-29 04:55:48.235 - INFO: Result has unknown size (not computed yet)
2026-09-29 04:55:48.787 - INFO: Done processing query and sending result, total time was 567 ms
2026-09-29 04:55:48.806 - INFO: 
2026-09-29 04:55:48.806 - INFO: Request received via GET, no content type specified
2026-09-29 04:55:48.806 - INFO: Processing command "clear-cache": clear the cache (unpinned elements only)
2026-09-29 04:55:48.824 - INFO: 
2026-09-29 04:55:48.824 - INFO: Request received via POST, content type "application/x-www-form-urlencoded"
2026-09-29 04:55:48.824 - INFO: Processing the following SPARQL query:
# Tier H — size-sweep
# Goal: isolate export cost from query-planning cost. Raise the year bound
# across runs, for example 1970, 1990, 2010, and 2023.
PREFIX dblp: <https://dblp.org/rdf/schema#>

CONSTRUCT { ?s ?p ?o }
WHERE {
  ?s a dblp:Publication ;
     dblp:yearOfPublication ?year ;
     ?p ?o .
  FILTER(?year <= "1970"^^<http://www.w3.org/2001/XMLSchema#gYear>)
}

2026-09-29 04:55:48.824 - INFO: Requested media types of the result are: "text/turtle"
2026-09-29 04:55:48.825 - INFO: Query planning done in 1 ms
2026-09-29 04:55:48.840 - INFO: Result has unknown size (not computed yet)
2026-09-29 04:55:49.393 - INFO: Done processing query and sending result, total time was 569 ms
2026-09-29 04:55:49.412 - INFO: 
2026-09-29 04:55:49.412 - INFO: Request received via GET, no content type specified
2026-09-29 04:55:49.412 - INFO: Processing command "clear-cache": clear the cache (unpinned elements only)
2026-09-29 04:55:49.429 - INFO: 
2026-09-29 04:55:49.429 - INFO: Request received via POST, content type "application/x-www-form-urlencoded"
2026-09-29 04:55:49.430 - INFO: Processing the following SPARQL query:
# Tier H — size-sweep
# Goal: isolate export cost from query-planning cost. Raise the year bound
# across runs, for example 1970, 1990, 2010, and 2023.
PREFIX dblp: <https://dblp.org/rdf/schema#>

CONSTRUCT { ?s ?p ?o }
WHERE {
  ?s a dblp:Publication ;
     dblp:yearOfPublication ?year ;
     ?p ?o .
  FILTER(?year <= "1970"^^<http://www.w3.org/2001/XMLSchema#gYear>)
}

2026-09-29 04:55:49.430 - INFO: Requested media types of the result are: "text/turtle"
2026-09-29 04:55:49.431 - INFO: Query planning done in 1 ms
2026-09-29 04:55:49.446 - INFO: Result has unknown size (not computed yet)
2026-09-29 04:55:49.999 - INFO: Done processing query and sending result, total time was 569 ms
2026-09-29 04:55:50.018 - INFO: 
2026-09-29 04:55:50.018 - INFO: Request received via GET, no content type specified
2026-09-29 04:55:50.018 - INFO: Processing command "clear-cache": clear the cache (unpinned elements only)
2026-09-29 04:55:50.035 - INFO: 
2026-09-29 04:55:50.035 - INFO: Request received via POST, content type "application/x-www-form-urlencoded"
2026-09-29 04:55:50.036 - INFO: Processing the following SPARQL query:
# Tier H — size-sweep
# Goal: isolate export cost from query-planning cost. Raise the year bound
# across runs, for example 1970, 1990, 2010, and 2023.
PREFIX dblp: <https://dblp.org/rdf/schema#>

CONSTRUCT { ?s ?p ?o }
WHERE {
  ?s a dblp:Publication ;
     dblp:yearOfPublication ?year ;
     ?p ?o .
  FILTER(?year <= "1970"^^<http://www.w3.org/2001/XMLSchema#gYear>)
}

2026-09-29 04:55:50.036 - INFO: Requested media types of the result are: "text/turtle"
2026-09-29 04:55:50.037 - INFO: Query planning done in 1 ms
2026-09-29 04:55:50.052 - INFO: Result has unknown size (not computed yet)
2026-09-29 04:55:50.614 - INFO: Done processing query and sending result, total time was 578 ms
2026-09-29 04:55:50.632 - INFO: 
2026-09-29 04:55:50.632 - INFO: Request received via GET, no content type specified
2026-09-29 04:55:50.632 - INFO: Processing command "clear-cache": clear the cache (unpinned elements only)
2026-09-29 04:55:50.650 - INFO: 
2026-09-29 04:55:50.650 - INFO: Request received via POST, content type "application/x-www-form-urlencoded"
2026-09-29 04:55:50.651 - INFO: Processing the following SPARQL query:
# Tier H — size-sweep
# Goal: isolate export cost from query-planning cost. Raise the year bound
# across runs, for example 1970, 1990, 2010, and 2023.
PREFIX dblp: <https://dblp.org/rdf/schema#>

CONSTRUCT { ?s ?p ?o }
WHERE {
  ?s a dblp:Publication ;
     dblp:yearOfPublication ?year ;
     ?p ?o .
  FILTER(?year <= "1970"^^<http://www.w3.org/2001/XMLSchema#gYear>)
}

2026-09-29 04:55:50.651 - INFO: Requested media types of the result are: "text/turtle"
2026-09-29 04:55:50.652 - INFO: Query planning done in 1 ms
2026-09-29 04:55:50.667 - INFO: Result has unknown size (not computed yet)
2026-09-29 04:55:51.228 - INFO: Done processing query and sending result, total time was 577 ms
2026-09-29 04:55:51.247 - INFO: 
2026-09-29 04:55:51.247 - INFO: Request received via GET, no content type specified
2026-09-29 04:55:51.247 - INFO: Processing command "clear-cache": clear the cache (unpinned elements only)
2026-09-29 04:55:51.265 - INFO: 
2026-09-29 04:55:51.265 - INFO: Request received via POST, content type "application/x-www-form-urlencoded"
2026-09-29 04:55:51.265 - INFO: Processing the following SPARQL query:
# Tier H — size-sweep
# Goal: isolate export cost from query-planning cost. Raise the year bound
# across runs, for example 1970, 1990, 2010, and 2023.
PREFIX dblp: <https://dblp.org/rdf/schema#>

CONSTRUCT { ?s ?p ?o }
WHERE {
  ?s a dblp:Publication ;
     dblp:yearOfPublication ?year ;
     ?p ?o .
  FILTER(?year <= "1970"^^<http://www.w3.org/2001/XMLSchema#gYear>)
}

2026-09-29 04:55:51.265 - INFO: Requested media types of the result are: "text/turtle"
2026-09-29 04:55:51.266 - INFO: Query planning done in 1 ms
2026-09-29 04:55:51.288 - INFO: Result has unknown size (not computed yet)
2026-09-29 04:55:51.869 - INFO: Done processing query and sending result, total time was 604 ms
2026-09-29 04:55:51.888 - INFO: 
2026-09-29 04:55:51.888 - INFO: Request received via GET, no content type specified
2026-09-29 04:55:51.888 - INFO: Processing command "clear-cache": clear the cache (unpinned elements only)
2026-09-29 04:55:51.906 - INFO: 
2026-09-29 04:55:51.906 - INFO: Request received via POST, content type "application/x-www-form-urlencoded"
2026-09-29 04:55:51.907 - INFO: Processing the following SPARQL query:
# Tier H — size-sweep
# Goal: isolate export cost from query-planning cost. Raise the year bound
# across runs, for example 1970, 1990, 2010, and 2023.
PREFIX dblp: <https://dblp.org/rdf/schema#>

CONSTRUCT { ?s ?p ?o }
WHERE {
  ?s a dblp:Publication ;
     dblp:yearOfPublication ?year ;
     ?p ?o .
  FILTER(?year <= "1970"^^<http://www.w3.org/2001/XMLSchema#gYear>)
}

2026-09-29 04:55:51.907 - INFO: Requested media types of the result are: "text/turtle"
2026-09-29 04:55:51.907 - INFO: Query planning done in 1 ms
2026-09-29 04:55:51.923 - INFO: Result has unknown size (not computed yet)
2026-09-29 04:55:52.476 - INFO: Done processing query and sending result, total time was 569 ms
2026-09-29 04:55:52.495 - INFO: 
2026-09-29 04:55:52.495 - INFO: Request received via GET, no content type specified
2026-09-29 04:55:52.495 - INFO: Processing command "clear-cache": clear the cache (unpinned elements only)
2026-09-29 04:55:52.513 - INFO: 
2026-09-29 04:55:52.513 - INFO: Request received via POST, content type "application/x-www-form-urlencoded"
2026-09-29 04:55:52.513 - INFO: Processing the following SPARQL query:
# Tier H — size-sweep
# Goal: isolate export cost from query-planning cost. Raise the year bound
# across runs, for example 1970, 1990, 2010, and 2023.
PREFIX dblp: <https://dblp.org/rdf/schema#>

CONSTRUCT { ?s ?p ?o }
WHERE {
  ?s a dblp:Publication ;
     dblp:yearOfPublication ?year ;
     ?p ?o .
  FILTER(?year <= "1970"^^<http://www.w3.org/2001/XMLSchema#gYear>)
}

2026-09-29 04:55:52.513 - INFO: Requested media types of the result are: "text/turtle"
2026-09-29 04:55:52.514 - INFO: Query planning done in 1 ms
2026-09-29 04:55:52.529 - INFO: Result has unknown size (not computed yet)
2026-09-29 04:55:53.082 - INFO: Done processing query and sending result, total time was 569 ms
2026-09-29 04:55:53.101 - INFO: 
2026-09-29 04:55:53.101 - INFO: Request received via GET, no content type specified
2026-09-29 04:55:53.101 - INFO: Processing command "clear-cache": clear the cache (unpinned elements only)
2026-09-29 04:55:53.119 - INFO: 
2026-09-29 04:55:53.119 - INFO: Request received via POST, content type "application/x-www-form-urlencoded"
2026-09-29 04:55:53.120 - INFO: Processing the following SPARQL query:
# Tier H — size-sweep
# Goal: isolate export cost from query-planning cost. Raise the year bound
# across runs, for example 1970, 1990, 2010, and 2023.
PREFIX dblp: <https://dblp.org/rdf/schema#>

CONSTRUCT { ?s ?p ?o }
WHERE {
  ?s a dblp:Publication ;
     dblp:yearOfPublication ?year ;
     ?p ?o .
  FILTER(?year <= "1970"^^<http://www.w3.org/2001/XMLSchema#gYear>)
}

2026-09-29 04:55:53.120 - INFO: Requested media types of the result are: "text/turtle"
2026-09-29 04:55:53.121 - INFO: Query planning done in 1 ms
2026-09-29 04:55:53.136 - INFO: Result has unknown size (not computed yet)
2026-09-29 04:55:53.690 - INFO: Done processing query and sending result, total time was 571 ms
2026-09-29 04:55:53.709 - INFO: 
2026-09-29 04:55:53.709 - INFO: Request received via GET, no content type specified
2026-09-29 04:55:53.709 - INFO: Processing command "clear-cache": clear the cache (unpinned elements only)
2026-09-29 04:55:53.727 - INFO: 
2026-09-29 04:55:53.727 - INFO: Request received via POST, content type "application/x-www-form-urlencoded"
2026-09-29 04:55:53.727 - INFO: Processing the following SPARQL query:
# Tier H — size-sweep
# Goal: isolate export cost from query-planning cost. Raise the year bound
# across runs, for example 1970, 1990, 2010, and 2023.
PREFIX dblp: <https://dblp.org/rdf/schema#>

CONSTRUCT { ?s ?p ?o }
WHERE {
  ?s a dblp:Publication ;
     dblp:yearOfPublication ?year ;
     ?p ?o .
  FILTER(?year <= "1970"^^<http://www.w3.org/2001/XMLSchema#gYear>)
}

2026-09-29 04:55:53.727 - INFO: Requested media types of the result are: "text/turtle"
2026-09-29 04:55:53.728 - INFO: Query planning done in 1 ms
2026-09-29 04:55:53.744 - INFO: Result has unknown size (not computed yet)
2026-09-29 04:55:54.297 - INFO: Done processing query and sending result, total time was 570 ms
2026-09-29 04:55:54.316 - INFO: 
2026-09-29 04:55:54.316 - INFO: Request received via GET, no content type specified
2026-09-29 04:55:54.316 - INFO: Processing command "clear-cache": clear the cache (unpinned elements only)
2026-09-29 04:55:54.334 - INFO: 
2026-09-29 04:55:54.334 - INFO: Request received via POST, content type "application/x-www-form-urlencoded"
2026-09-29 04:55:54.334 - INFO: Processing the following SPARQL query:
# Tier H — size-sweep
# Goal: isolate export cost from query-planning cost. Raise the year bound
# across runs, for example 1970, 1990, 2010, and 2023.
PREFIX dblp: <https://dblp.org/rdf/schema#>

CONSTRUCT { ?s ?p ?o }
WHERE {
  ?s a dblp:Publication ;
     dblp:yearOfPublication ?year ;
     ?p ?o .
  FILTER(?year <= "1970"^^<http://www.w3.org/2001/XMLSchema#gYear>)
}

2026-09-29 04:55:54.334 - INFO: Requested media types of the result are: "text/turtle"
2026-09-29 04:55:54.335 - INFO: Query planning done in 1 ms
2026-09-29 04:55:54.351 - INFO: Result has unknown size (not computed yet)
2026-09-29 04:55:54.903 - INFO: Done processing query and sending result, total time was 569 ms
2026-09-29 04:55:54.922 - INFO: 
2026-09-29 04:55:54.922 - INFO: Request received via GET, no content type specified
2026-09-29 04:55:54.922 - INFO: Processing command "clear-cache": clear the cache (unpinned elements only)
2026-09-29 04:55:54.940 - INFO: 
2026-09-29 04:55:54.940 - INFO: Request received via POST, content type "application/x-www-form-urlencoded"
2026-09-29 04:55:54.940 - INFO: Processing the following SPARQL query:
# Tier H — size-sweep
# Goal: isolate export cost from query-planning cost. Raise the year bound
# across runs, for example 1970, 1990, 2010, and 2023.
PREFIX dblp: <https://dblp.org/rdf/schema#>

CONSTRUCT { ?s ?p ?o }
WHERE {
  ?s a dblp:Publication ;
     dblp:yearOfPublication ?year ;
     ?p ?o .
  FILTER(?year <= "1970"^^<http://www.w3.org/2001/XMLSchema#gYear>)
}

2026-09-29 04:55:54.940 - INFO: Requested media types of the result are: "text/turtle"
2026-09-29 04:55:54.941 - INFO: Query planning done in 1 ms
2026-09-29 04:55:54.956 - INFO: Result has unknown size (not computed yet)
2026-09-29 04:55:55.511 - INFO: Done processing query and sending result, total time was 570 ms
2026-09-29 04:55:55.530 - INFO: 
2026-09-29 04:55:55.530 - INFO: Request received via GET, no content type specified
2026-09-29 04:55:55.530 - INFO: Processing command "clear-cache": clear the cache (unpinned elements only)
2026-09-29 04:55:55.547 - INFO: 
2026-09-29 04:55:55.547 - INFO: Request received via POST, content type "application/x-www-form-urlencoded"
2026-09-29 04:55:55.548 - INFO: Processing the following SPARQL query:
# Tier H — size-sweep
# Goal: isolate export cost from query-planning cost. Raise the year bound
# across runs, for example 1970, 1990, 2010, and 2023.
PREFIX dblp: <https://dblp.org/rdf/schema#>

CONSTRUCT { ?s ?p ?o }
WHERE {
  ?s a dblp:Publication ;
     dblp:yearOfPublication ?year ;
     ?p ?o .
  FILTER(?year <= "1970"^^<http://www.w3.org/2001/XMLSchema#gYear>)
}

2026-09-29 04:55:55.548 - INFO: Requested media types of the result are: "text/turtle"
2026-09-29 04:55:55.549 - INFO: Query planning done in 1 ms
2026-09-29 04:55:55.564 - INFO: Result has unknown size (not computed yet)
2026-09-29 04:55:56.117 - INFO: Done processing query and sending result, total time was 569 ms
2026-09-29 04:55:56.135 - INFO: 
2026-09-29 04:55:56.135 - INFO: Request received via GET, no content type specified
2026-09-29 04:55:56.135 - INFO: Processing command "clear-cache": clear the cache (unpinned elements only)
2026-09-29 04:55:56.161 - INFO: 
2026-09-29 04:55:56.161 - INFO: Request received via POST, content type "application/x-www-form-urlencoded"
2026-09-29 04:55:56.161 - INFO: Processing the following SPARQL query:
# Tier H — size-sweep
# Goal: isolate export cost from query-planning cost. Raise the year bound
# across runs, for example 1970, 1990, 2010, and 2023.
PREFIX dblp: <https://dblp.org/rdf/schema#>

CONSTRUCT { ?s ?p ?o }
WHERE {
  ?s a dblp:Publication ;
     dblp:yearOfPublication ?year ;
     ?p ?o .
  FILTER(?year <= "1970"^^<http://www.w3.org/2001/XMLSchema#gYear>)
}

2026-09-29 04:55:56.161 - INFO: Requested media types of the result are: "text/turtle"
2026-09-29 04:55:56.162 - INFO: Query planning done in 1 ms
2026-09-29 04:55:56.178 - INFO: Result has unknown size (not computed yet)
2026-09-29 04:55:56.730 - INFO: Done processing query and sending result, total time was 569 ms
2026-09-29 04:55:56.749 - INFO: 
2026-09-29 04:55:56.749 - INFO: Request received via GET, no content type specified
2026-09-29 04:55:56.749 - INFO: Processing command "clear-cache": clear the cache (unpinned elements only)
2026-09-29 04:55:56.767 - INFO: 
2026-09-29 04:55:56.767 - INFO: Request received via POST, content type "application/x-www-form-urlencoded"
2026-09-29 04:55:56.767 - INFO: Processing the following SPARQL query:
# Tier H — size-sweep
# Goal: isolate export cost from query-planning cost. Raise the year bound
# across runs, for example 1970, 1990, 2010, and 2023.
PREFIX dblp: <https://dblp.org/rdf/schema#>

CONSTRUCT { ?s ?p ?o }
WHERE {
  ?s a dblp:Publication ;
     dblp:yearOfPublication ?year ;
     ?p ?o .
  FILTER(?year <= "1970"^^<http://www.w3.org/2001/XMLSchema#gYear>)
}

2026-09-29 04:55:56.767 - INFO: Requested media types of the result are: "text/turtle"
2026-09-29 04:55:56.768 - INFO: Query planning done in 1 ms
2026-09-29 04:55:56.784 - INFO: Result has unknown size (not computed yet)
2026-09-29 04:55:57.336 - INFO: Done processing query and sending result, total time was 568 ms
2026-09-29 04:56:41.369 - INFO: 
2026-09-29 04:56:41.369 - INFO: Request received via GET, no content type specified
2026-09-29 04:56:41.369 - INFO: Processing command "clear-cache": clear the cache (unpinned elements only)
2026-09-29 04:56:41.387 - INFO: 
2026-09-29 04:56:41.387 - INFO: Request received via POST, content type "application/x-www-form-urlencoded"
2026-09-29 04:56:41.388 - INFO: Processing the following SPARQL query:
# Tier H — size-sweep
# Goal: isolate export cost from query-planning cost. Raise the year bound
# across runs, for example 1970, 1990, 2010, and 2023.
PREFIX dblp: <https://dblp.org/rdf/schema#>

CONSTRUCT { ?s ?p ?o }
WHERE {
  ?s a dblp:Publication ;
     dblp:yearOfPublication ?year ;
     ?p ?o .
  FILTER(?year <= "1970"^^<http://www.w3.org/2001/XMLSchema#gYear>)
}

2026-09-29 04:56:41.388 - INFO: Requested media types of the result are: "text/turtle"
2026-09-29 04:56:41.389 - INFO: Query planning done in 1 ms
2026-09-29 04:56:41.404 - INFO: Result has unknown size (not computed yet)
2026-09-29 04:56:41.966 - INFO: Done processing query and sending result, total time was 578 ms
2026-09-29 04:56:41.985 - INFO: 
2026-09-29 04:56:41.985 - INFO: Request received via GET, no content type specified
2026-09-29 04:56:41.985 - INFO: Processing command "clear-cache": clear the cache (unpinned elements only)
2026-09-29 04:56:42.006 - INFO: 
2026-09-29 04:56:42.006 - INFO: Request received via POST, content type "application/x-www-form-urlencoded"
2026-09-29 04:56:42.007 - INFO: Processing the following SPARQL query:
# Tier H — size-sweep
# Goal: isolate export cost from query-planning cost. Raise the year bound
# across runs, for example 1970, 1990, 2010, and 2023.
PREFIX dblp: <https://dblp.org/rdf/schema#>

CONSTRUCT { ?s ?p ?o }
WHERE {
  ?s a dblp:Publication ;
     dblp:yearOfPublication ?year ;
     ?p ?o .
  FILTER(?year <= "1970"^^<http://www.w3.org/2001/XMLSchema#gYear>)
}

2026-09-29 04:56:42.007 - INFO: Requested media types of the result are: "text/turtle"
2026-09-29 04:56:42.008 - INFO: Query planning done in 1 ms
2026-09-29 04:56:42.023 - INFO: Result has unknown size (not computed yet)
2026-09-29 04:56:42.582 - INFO: Done processing query and sending result, total time was 575 ms
2026-09-29 04:56:42.601 - INFO: 
2026-09-29 04:56:42.601 - INFO: Request received via GET, no content type specified
2026-09-29 04:56:42.601 - INFO: Processing command "clear-cache": clear the cache (unpinned elements only)
2026-09-29 04:56:42.619 - INFO: 
2026-09-29 04:56:42.619 - INFO: Request received via POST, content type "application/x-www-form-urlencoded"
2026-09-29 04:56:42.619 - INFO: Processing the following SPARQL query:
# Tier H — size-sweep
# Goal: isolate export cost from query-planning cost. Raise the year bound
# across runs, for example 1970, 1990, 2010, and 2023.
PREFIX dblp: <https://dblp.org/rdf/schema#>

CONSTRUCT { ?s ?p ?o }
WHERE {
  ?s a dblp:Publication ;
     dblp:yearOfPublication ?year ;
     ?p ?o .
  FILTER(?year <= "1970"^^<http://www.w3.org/2001/XMLSchema#gYear>)
}

2026-09-29 04:56:42.619 - INFO: Requested media types of the result are: "text/turtle"
2026-09-29 04:56:42.620 - INFO: Query planning done in 1 ms
2026-09-29 04:56:42.635 - INFO: Result has unknown size (not computed yet)
2026-09-29 04:56:43.190 - INFO: Done processing query and sending result, total time was 571 ms
2026-09-29 04:56:43.209 - INFO: 
2026-09-29 04:56:43.209 - INFO: Request received via GET, no content type specified
2026-09-29 04:56:43.209 - INFO: Processing command "clear-cache": clear the cache (unpinned elements only)
2026-09-29 04:56:43.227 - INFO: 
2026-09-29 04:56:43.227 - INFO: Request received via POST, content type "application/x-www-form-urlencoded"
2026-09-29 04:56:43.227 - INFO: Processing the following SPARQL query:
# Tier H — size-sweep
# Goal: isolate export cost from query-planning cost. Raise the year bound
# across runs, for example 1970, 1990, 2010, and 2023.
PREFIX dblp: <https://dblp.org/rdf/schema#>

CONSTRUCT { ?s ?p ?o }
WHERE {
  ?s a dblp:Publication ;
     dblp:yearOfPublication ?year ;
     ?p ?o .
  FILTER(?year <= "1970"^^<http://www.w3.org/2001/XMLSchema#gYear>)
}

2026-09-29 04:56:43.227 - INFO: Requested media types of the result are: "text/turtle"
2026-09-29 04:56:43.228 - INFO: Query planning done in 1 ms
2026-09-29 04:56:43.243 - INFO: Result has unknown size (not computed yet)
2026-09-29 04:56:43.803 - INFO: Done processing query and sending result, total time was 576 ms
2026-09-29 04:56:43.822 - INFO: 
2026-09-29 04:56:43.822 - INFO: Request received via GET, no content type specified
2026-09-29 04:56:43.822 - INFO: Processing command "clear-cache": clear the cache (unpinned elements only)
2026-09-29 04:56:43.840 - INFO: 
2026-09-29 04:56:43.840 - INFO: Request received via POST, content type "application/x-www-form-urlencoded"
2026-09-29 04:56:43.841 - INFO: Processing the following SPARQL query:
# Tier H — size-sweep
# Goal: isolate export cost from query-planning cost. Raise the year bound
# across runs, for example 1970, 1990, 2010, and 2023.
PREFIX dblp: <https://dblp.org/rdf/schema#>

CONSTRUCT { ?s ?p ?o }
WHERE {
  ?s a dblp:Publication ;
     dblp:yearOfPublication ?year ;
     ?p ?o .
  FILTER(?year <= "1970"^^<http://www.w3.org/2001/XMLSchema#gYear>)
}

2026-09-29 04:56:43.841 - INFO: Requested media types of the result are: "text/turtle"
2026-09-29 04:56:43.842 - INFO: Query planning done in 1 ms
2026-09-29 04:56:43.857 - INFO: Result has unknown size (not computed yet)
2026-09-29 04:56:44.413 - INFO: Done processing query and sending result, total time was 572 ms
2026-09-29 04:56:44.432 - INFO: 
2026-09-29 04:56:44.432 - INFO: Request received via GET, no content type specified
2026-09-29 04:56:44.432 - INFO: Processing command "clear-cache": clear the cache (unpinned elements only)
2026-09-29 04:56:44.450 - INFO: 
2026-09-29 04:56:44.450 - INFO: Request received via POST, content type "application/x-www-form-urlencoded"
2026-09-29 04:56:44.450 - INFO: Processing the following SPARQL query:
# Tier H — size-sweep
# Goal: isolate export cost from query-planning cost. Raise the year bound
# across runs, for example 1970, 1990, 2010, and 2023.
PREFIX dblp: <https://dblp.org/rdf/schema#>

CONSTRUCT { ?s ?p ?o }
WHERE {
  ?s a dblp:Publication ;
     dblp:yearOfPublication ?year ;
     ?p ?o .
  FILTER(?year <= "1970"^^<http://www.w3.org/2001/XMLSchema#gYear>)
}

2026-09-29 04:56:44.450 - INFO: Requested media types of the result are: "text/turtle"
2026-09-29 04:56:44.451 - INFO: Query planning done in 1 ms
2026-09-29 04:56:44.466 - INFO: Result has unknown size (not computed yet)
2026-09-29 04:56:45.019 - INFO: Done processing query and sending result, total time was 569 ms
2026-09-29 04:56:45.038 - INFO: 
2026-09-29 04:56:45.038 - INFO: Request received via GET, no content type specified
2026-09-29 04:56:45.038 - INFO: Processing command "clear-cache": clear the cache (unpinned elements only)
2026-09-29 04:56:45.056 - INFO: 
2026-09-29 04:56:45.056 - INFO: Request received via POST, content type "application/x-www-form-urlencoded"
2026-09-29 04:56:45.056 - INFO: Processing the following SPARQL query:
# Tier H — size-sweep
# Goal: isolate export cost from query-planning cost. Raise the year bound
# across runs, for example 1970, 1990, 2010, and 2023.
PREFIX dblp: <https://dblp.org/rdf/schema#>

CONSTRUCT { ?s ?p ?o }
WHERE {
  ?s a dblp:Publication ;
     dblp:yearOfPublication ?year ;
     ?p ?o .
  FILTER(?year <= "1970"^^<http://www.w3.org/2001/XMLSchema#gYear>)
}

2026-09-29 04:56:45.056 - INFO: Requested media types of the result are: "text/turtle"
2026-09-29 04:56:45.057 - INFO: Query planning done in 1 ms
2026-09-29 04:56:45.079 - INFO: Result has unknown size (not computed yet)
2026-09-29 04:56:45.639 - INFO: Done processing query and sending result, total time was 583 ms
2026-09-29 04:56:45.658 - INFO: 
2026-09-29 04:56:45.658 - INFO: Request received via GET, no content type specified
2026-09-29 04:56:45.658 - INFO: Processing command "clear-cache": clear the cache (unpinned elements only)
2026-09-29 04:56:45.683 - INFO: 
2026-09-29 04:56:45.683 - INFO: Request received via POST, content type "application/x-www-form-urlencoded"
2026-09-29 04:56:45.683 - INFO: Processing the following SPARQL query:
# Tier H — size-sweep
# Goal: isolate export cost from query-planning cost. Raise the year bound
# across runs, for example 1970, 1990, 2010, and 2023.
PREFIX dblp: <https://dblp.org/rdf/schema#>

CONSTRUCT { ?s ?p ?o }
WHERE {
  ?s a dblp:Publication ;
     dblp:yearOfPublication ?year ;
     ?p ?o .
  FILTER(?year <= "1970"^^<http://www.w3.org/2001/XMLSchema#gYear>)
}

2026-09-29 04:56:45.683 - INFO: Requested media types of the result are: "text/turtle"
2026-09-29 04:56:45.684 - INFO: Query planning done in 1 ms
2026-09-29 04:56:45.706 - INFO: Result has unknown size (not computed yet)
2026-09-29 04:56:46.262 - INFO: Done processing query and sending result, total time was 579 ms
2026-09-29 04:56:46.281 - INFO: 
2026-09-29 04:56:46.281 - INFO: Request received via GET, no content type specified
2026-09-29 04:56:46.281 - INFO: Processing command "clear-cache": clear the cache (unpinned elements only)
2026-09-29 04:56:46.299 - INFO: 
2026-09-29 04:56:46.299 - INFO: Request received via POST, content type "application/x-www-form-urlencoded"
2026-09-29 04:56:46.300 - INFO: Processing the following SPARQL query:
# Tier H — size-sweep
# Goal: isolate export cost from query-planning cost. Raise the year bound
# across runs, for example 1970, 1990, 2010, and 2023.
PREFIX dblp: <https://dblp.org/rdf/schema#>

CONSTRUCT { ?s ?p ?o }
WHERE {
  ?s a dblp:Publication ;
     dblp:yearOfPublication ?year ;
     ?p ?o .
  FILTER(?year <= "1970"^^<http://www.w3.org/2001/XMLSchema#gYear>)
}

2026-09-29 04:56:46.300 - INFO: Requested media types of the result are: "text/turtle"
2026-09-29 04:56:46.301 - INFO: Query planning done in 1 ms
2026-09-29 04:56:46.322 - INFO: Result has unknown size (not computed yet)
2026-09-29 04:56:46.878 - INFO: Done processing query and sending result, total time was 578 ms
2026-09-29 04:56:46.897 - INFO: 
2026-09-29 04:56:46.897 - INFO: Request received via GET, no content type specified
2026-09-29 04:56:46.897 - INFO: Processing command "clear-cache": clear the cache (unpinned elements only)
2026-09-29 04:56:46.915 - INFO: 
2026-09-29 04:56:46.915 - INFO: Request received via POST, content type "application/x-www-form-urlencoded"
2026-09-29 04:56:46.915 - INFO: Processing the following SPARQL query:
# Tier H — size-sweep
# Goal: isolate export cost from query-planning cost. Raise the year bound
# across runs, for example 1970, 1990, 2010, and 2023.
PREFIX dblp: <https://dblp.org/rdf/schema#>

CONSTRUCT { ?s ?p ?o }
WHERE {
  ?s a dblp:Publication ;
     dblp:yearOfPublication ?year ;
     ?p ?o .
  FILTER(?year <= "1970"^^<http://www.w3.org/2001/XMLSchema#gYear>)
}

2026-09-29 04:56:46.915 - INFO: Requested media types of the result are: "text/turtle"
2026-09-29 04:56:46.916 - INFO: Query planning done in 1 ms
2026-09-29 04:56:46.938 - INFO: Result has unknown size (not computed yet)
2026-09-29 04:56:47.480 - INFO: Done processing query and sending result, total time was 565 ms
2026-09-29 04:56:47.499 - INFO: 
2026-09-29 04:56:47.499 - INFO: Request received via GET, no content type specified
2026-09-29 04:56:47.499 - INFO: Processing command "clear-cache": clear the cache (unpinned elements only)
2026-09-29 04:56:47.516 - INFO: 
2026-09-29 04:56:47.516 - INFO: Request received via POST, content type "application/x-www-form-urlencoded"
2026-09-29 04:56:47.517 - INFO: Processing the following SPARQL query:
# Tier H — size-sweep
# Goal: isolate export cost from query-planning cost. Raise the year bound
# across runs, for example 1970, 1990, 2010, and 2023.
PREFIX dblp: <https://dblp.org/rdf/schema#>

CONSTRUCT { ?s ?p ?o }
WHERE {
  ?s a dblp:Publication ;
     dblp:yearOfPublication ?year ;
     ?p ?o .
  FILTER(?year <= "1970"^^<http://www.w3.org/2001/XMLSchema#gYear>)
}

2026-09-29 04:56:47.517 - INFO: Requested media types of the result are: "text/turtle"
2026-09-29 04:56:47.518 - INFO: Query planning done in 1 ms
2026-09-29 04:56:47.540 - INFO: Result has unknown size (not computed yet)
2026-09-29 04:56:48.082 - INFO: Done processing query and sending result, total time was 565 ms
2026-09-29 04:56:48.101 - INFO: 
2026-09-29 04:56:48.101 - INFO: Request received via GET, no content type specified
2026-09-29 04:56:48.101 - INFO: Processing command "clear-cache": clear the cache (unpinned elements only)
2026-09-29 04:56:48.119 - INFO: 
2026-09-29 04:56:48.119 - INFO: Request received via POST, content type "application/x-www-form-urlencoded"
2026-09-29 04:56:48.119 - INFO: Processing the following SPARQL query:
# Tier H — size-sweep
# Goal: isolate export cost from query-planning cost. Raise the year bound
# across runs, for example 1970, 1990, 2010, and 2023.
PREFIX dblp: <https://dblp.org/rdf/schema#>

CONSTRUCT { ?s ?p ?o }
WHERE {
  ?s a dblp:Publication ;
     dblp:yearOfPublication ?year ;
     ?p ?o .
  FILTER(?year <= "1970"^^<http://www.w3.org/2001/XMLSchema#gYear>)
}

2026-09-29 04:56:48.119 - INFO: Requested media types of the result are: "text/turtle"
2026-09-29 04:56:48.120 - INFO: Query planning done in 1 ms
2026-09-29 04:56:48.142 - INFO: Result has unknown size (not computed yet)
2026-09-29 04:56:48.688 - INFO: Done processing query and sending result, total time was 569 ms
2026-09-29 04:56:48.707 - INFO: 
2026-09-29 04:56:48.707 - INFO: Request received via GET, no content type specified
2026-09-29 04:56:48.707 - INFO: Processing command "clear-cache": clear the cache (unpinned elements only)
2026-09-29 04:56:48.725 - INFO: 
2026-09-29 04:56:48.725 - INFO: Request received via POST, content type "application/x-www-form-urlencoded"
2026-09-29 04:56:48.725 - INFO: Processing the following SPARQL query:
# Tier H — size-sweep
# Goal: isolate export cost from query-planning cost. Raise the year bound
# across runs, for example 1970, 1990, 2010, and 2023.
PREFIX dblp: <https://dblp.org/rdf/schema#>

CONSTRUCT { ?s ?p ?o }
WHERE {
  ?s a dblp:Publication ;
     dblp:yearOfPublication ?year ;
     ?p ?o .
  FILTER(?year <= "1970"^^<http://www.w3.org/2001/XMLSchema#gYear>)
}

2026-09-29 04:56:48.725 - INFO: Requested media types of the result are: "text/turtle"
2026-09-29 04:56:48.726 - INFO: Query planning done in 1 ms
2026-09-29 04:56:48.748 - INFO: Result has unknown size (not computed yet)
2026-09-29 04:56:49.294 - INFO: Done processing query and sending result, total time was 569 ms
2026-09-29 04:56:49.313 - INFO: 
2026-09-29 04:56:49.313 - INFO: Request received via GET, no content type specified
2026-09-29 04:56:49.313 - INFO: Processing command "clear-cache": clear the cache (unpinned elements only)
2026-09-29 04:56:49.331 - INFO: 
2026-09-29 04:56:49.331 - INFO: Request received via POST, content type "application/x-www-form-urlencoded"
2026-09-29 04:56:49.331 - INFO: Processing the following SPARQL query:
# Tier H — size-sweep
# Goal: isolate export cost from query-planning cost. Raise the year bound
# across runs, for example 1970, 1990, 2010, and 2023.
PREFIX dblp: <https://dblp.org/rdf/schema#>

CONSTRUCT { ?s ?p ?o }
WHERE {
  ?s a dblp:Publication ;
     dblp:yearOfPublication ?year ;
     ?p ?o .
  FILTER(?year <= "1970"^^<http://www.w3.org/2001/XMLSchema#gYear>)
}

2026-09-29 04:56:49.331 - INFO: Requested media types of the result are: "text/turtle"
2026-09-29 04:56:49.332 - INFO: Query planning done in 1 ms
2026-09-29 04:56:49.355 - INFO: Result has unknown size (not computed yet)
2026-09-29 04:56:49.891 - INFO: Done processing query and sending result, total time was 559 ms
2026-09-29 04:56:49.910 - INFO: 
2026-09-29 04:56:49.910 - INFO: Request received via GET, no content type specified
2026-09-29 04:56:49.910 - INFO: Processing command "clear-cache": clear the cache (unpinned elements only)
2026-09-29 04:56:49.935 - INFO: 
2026-09-29 04:56:49.935 - INFO: Request received via POST, content type "application/x-www-form-urlencoded"
2026-09-29 04:56:49.936 - INFO: Processing the following SPARQL query:
# Tier H — size-sweep
# Goal: isolate export cost from query-planning cost. Raise the year bound
# across runs, for example 1970, 1990, 2010, and 2023.
PREFIX dblp: <https://dblp.org/rdf/schema#>

CONSTRUCT { ?s ?p ?o }
WHERE {
  ?s a dblp:Publication ;
     dblp:yearOfPublication ?year ;
     ?p ?o .
  FILTER(?year <= "1970"^^<http://www.w3.org/2001/XMLSchema#gYear>)
}

2026-09-29 04:56:49.936 - INFO: Requested media types of the result are: "text/turtle"
2026-09-29 04:56:49.937 - INFO: Query planning done in 1 ms
2026-09-29 04:56:49.959 - INFO: Result has unknown size (not computed yet)
2026-09-29 04:56:50.504 - INFO: Done processing query and sending result, total time was 568 ms
2026-09-29 04:56:50.522 - INFO: 
2026-09-29 04:56:50.522 - INFO: Request received via GET, no content type specified
2026-09-29 04:56:50.523 - INFO: Processing command "clear-cache": clear the cache (unpinned elements only)
2026-09-29 04:56:50.541 - INFO: 
2026-09-29 04:56:50.541 - INFO: Request received via POST, content type "application/x-www-form-urlencoded"
2026-09-29 04:56:50.541 - INFO: Processing the following SPARQL query:
# Tier H — size-sweep
# Goal: isolate export cost from query-planning cost. Raise the year bound
# across runs, for example 1970, 1990, 2010, and 2023.
PREFIX dblp: <https://dblp.org/rdf/schema#>

CONSTRUCT { ?s ?p ?o }
WHERE {
  ?s a dblp:Publication ;
     dblp:yearOfPublication ?year ;
     ?p ?o .
  FILTER(?year <= "1970"^^<http://www.w3.org/2001/XMLSchema#gYear>)
}

2026-09-29 04:56:50.541 - INFO: Requested media types of the result are: "text/turtle"
2026-09-29 04:56:50.542 - INFO: Query planning done in 1 ms
2026-09-29 04:56:50.564 - INFO: Result has unknown size (not computed yet)
2026-09-29 04:56:51.100 - INFO: Done processing query and sending result, total time was 559 ms
2026-09-29 04:56:51.119 - INFO: 
2026-09-29 04:56:51.119 - INFO: Request received via GET, no content type specified
2026-09-29 04:56:51.119 - INFO: Processing command "clear-cache": clear the cache (unpinned elements only)
2026-09-29 04:56:51.137 - INFO: 
2026-09-29 04:56:51.137 - INFO: Request received via POST, content type "application/x-www-form-urlencoded"
2026-09-29 04:56:51.137 - INFO: Processing the following SPARQL query:
# Tier H — size-sweep
# Goal: isolate export cost from query-planning cost. Raise the year bound
# across runs, for example 1970, 1990, 2010, and 2023.
PREFIX dblp: <https://dblp.org/rdf/schema#>

CONSTRUCT { ?s ?p ?o }
WHERE {
  ?s a dblp:Publication ;
     dblp:yearOfPublication ?year ;
     ?p ?o .
  FILTER(?year <= "1970"^^<http://www.w3.org/2001/XMLSchema#gYear>)
}

2026-09-29 04:56:51.137 - INFO: Requested media types of the result are: "text/turtle"
2026-09-29 04:56:51.138 - INFO: Query planning done in 1 ms
2026-09-29 04:56:51.161 - INFO: Result has unknown size (not computed yet)
2026-09-29 04:56:51.712 - INFO: Done processing query and sending result, total time was 575 ms
2026-09-29 04:56:51.731 - INFO: 
2026-09-29 04:56:51.731 - INFO: Request received via GET, no content type specified
2026-09-29 04:56:51.731 - INFO: Processing command "clear-cache": clear the cache (unpinned elements only)
2026-09-29 04:56:51.749 - INFO: 
2026-09-29 04:56:51.749 - INFO: Request received via POST, content type "application/x-www-form-urlencoded"
2026-09-29 04:56:51.749 - INFO: Processing the following SPARQL query:
# Tier H — size-sweep
# Goal: isolate export cost from query-planning cost. Raise the year bound
# across runs, for example 1970, 1990, 2010, and 2023.
PREFIX dblp: <https://dblp.org/rdf/schema#>

CONSTRUCT { ?s ?p ?o }
WHERE {
  ?s a dblp:Publication ;
     dblp:yearOfPublication ?year ;
     ?p ?o .
  FILTER(?year <= "1970"^^<http://www.w3.org/2001/XMLSchema#gYear>)
}

2026-09-29 04:56:51.750 - INFO: Requested media types of the result are: "text/turtle"
2026-09-29 04:56:51.750 - INFO: Query planning done in 1 ms
2026-09-29 04:56:51.772 - INFO: Result has unknown size (not computed yet)
2026-09-29 04:56:52.326 - INFO: Done processing query and sending result, total time was 577 ms
2026-09-29 04:56:52.651 - INFO: 
2026-09-29 04:56:52.651 - INFO: Request received via GET, no content type specified
2026-09-29 04:56:52.651 - INFO: Processing command "clear-cache": clear the cache (unpinned elements only)
2026-09-29 04:56:52.669 - INFO: 
2026-09-29 04:56:52.669 - INFO: Request received via POST, content type "application/x-www-form-urlencoded"
2026-09-29 04:56:52.669 - INFO: Processing the following SPARQL query:
# Tier H — size-sweep
# Goal: isolate export cost from query-planning cost. Raise the year bound
# across runs, for example 1970, 1990, 2010, and 2023.
PREFIX dblp: <https://dblp.org/rdf/schema#>

CONSTRUCT { ?s ?p ?o }
WHERE {
  ?s a dblp:Publication ;
     dblp:yearOfPublication ?year ;
     ?p ?o .
  FILTER(?year <= "1970"^^<http://www.w3.org/2001/XMLSchema#gYear>)
}

2026-09-29 04:56:52.669 - INFO: Requested media types of the result are: "text/turtle"
2026-09-29 04:56:52.670 - INFO: Query planning done in 1 ms
2026-09-29 04:56:52.692 - INFO: Result has unknown size (not computed yet)
2026-09-29 04:56:53.254 - INFO: Done processing query and sending result, total time was 585 ms
2026-09-29 04:56:53.273 - INFO: 
2026-09-29 04:56:53.273 - INFO: Request received via GET, no content type specified
2026-09-29 04:56:53.273 - INFO: Processing command "clear-cache": clear the cache (unpinned elements only)
2026-09-29 04:56:53.291 - INFO: 
2026-09-29 04:56:53.291 - INFO: Request received via POST, content type "application/x-www-form-urlencoded"
2026-09-29 04:56:53.292 - INFO: Processing the following SPARQL query:
# Tier H — size-sweep
# Goal: isolate export cost from query-planning cost. Raise the year bound
# across runs, for example 1970, 1990, 2010, and 2023.
PREFIX dblp: <https://dblp.org/rdf/schema#>

CONSTRUCT { ?s ?p ?o }
WHERE {
  ?s a dblp:Publication ;
     dblp:yearOfPublication ?year ;
     ?p ?o .
  FILTER(?year <= "1970"^^<http://www.w3.org/2001/XMLSchema#gYear>)
}

2026-09-29 04:56:53.292 - INFO: Requested media types of the result are: "text/turtle"
2026-09-29 04:56:53.292 - INFO: Query planning done in 1 ms
2026-09-29 04:56:53.314 - INFO: Result has unknown size (not computed yet)
2026-09-29 04:56:53.884 - INFO: Done processing query and sending result, total time was 592 ms
2026-09-29 04:56:53.903 - INFO: 
2026-09-29 04:56:53.903 - INFO: Request received via GET, no content type specified
2026-09-29 04:56:53.903 - INFO: Processing command "clear-cache": clear the cache (unpinned elements only)
2026-09-29 04:56:53.921 - INFO: 
2026-09-29 04:56:53.921 - INFO: Request received via POST, content type "application/x-www-form-urlencoded"
2026-09-29 04:56:53.921 - INFO: Processing the following SPARQL query:
# Tier H — size-sweep
# Goal: isolate export cost from query-planning cost. Raise the year bound
# across runs, for example 1970, 1990, 2010, and 2023.
PREFIX dblp: <https://dblp.org/rdf/schema#>

CONSTRUCT { ?s ?p ?o }
WHERE {
  ?s a dblp:Publication ;
     dblp:yearOfPublication ?year ;
     ?p ?o .
  FILTER(?year <= "1970"^^<http://www.w3.org/2001/XMLSchema#gYear>)
}

2026-09-29 04:56:53.921 - INFO: Requested media types of the result are: "text/turtle"
2026-09-29 04:56:53.922 - INFO: Query planning done in 1 ms
2026-09-29 04:56:53.944 - INFO: Result has unknown size (not computed yet)
2026-09-29 04:56:54.502 - INFO: Done processing query and sending result, total time was 580 ms
2026-09-29 04:56:54.521 - INFO: 
2026-09-29 04:56:54.521 - INFO: Request received via GET, no content type specified
2026-09-29 04:56:54.521 - INFO: Processing command "clear-cache": clear the cache (unpinned elements only)
2026-09-29 04:56:54.539 - INFO: 
2026-09-29 04:56:54.539 - INFO: Request received via POST, content type "application/x-www-form-urlencoded"
2026-09-29 04:56:54.539 - INFO: Processing the following SPARQL query:
# Tier H — size-sweep
# Goal: isolate export cost from query-planning cost. Raise the year bound
# across runs, for example 1970, 1990, 2010, and 2023.
PREFIX dblp: <https://dblp.org/rdf/schema#>

CONSTRUCT { ?s ?p ?o }
WHERE {
  ?s a dblp:Publication ;
     dblp:yearOfPublication ?year ;
     ?p ?o .
  FILTER(?year <= "1970"^^<http://www.w3.org/2001/XMLSchema#gYear>)
}

2026-09-29 04:56:54.539 - INFO: Requested media types of the result are: "text/turtle"
2026-09-29 04:56:54.540 - INFO: Query planning done in 1 ms
2026-09-29 04:56:54.562 - INFO: Result has unknown size (not computed yet)
2026-09-29 04:56:55.117 - INFO: Done processing query and sending result, total time was 578 ms
2026-09-29 04:56:55.136 - INFO: 
2026-09-29 04:56:55.136 - INFO: Request received via GET, no content type specified
2026-09-29 04:56:55.136 - INFO: Processing command "clear-cache": clear the cache (unpinned elements only)
2026-09-29 04:56:55.155 - INFO: 
2026-09-29 04:56:55.155 - INFO: Request received via POST, content type "application/x-www-form-urlencoded"
2026-09-29 04:56:55.155 - INFO: Processing the following SPARQL query:
# Tier H — size-sweep
# Goal: isolate export cost from query-planning cost. Raise the year bound
# across runs, for example 1970, 1990, 2010, and 2023.
PREFIX dblp: <https://dblp.org/rdf/schema#>

CONSTRUCT { ?s ?p ?o }
WHERE {
  ?s a dblp:Publication ;
     dblp:yearOfPublication ?year ;
     ?p ?o .
  FILTER(?year <= "1970"^^<http://www.w3.org/2001/XMLSchema#gYear>)
}

2026-09-29 04:56:55.155 - INFO: Requested media types of the result are: "text/turtle"
2026-09-29 04:56:55.156 - INFO: Query planning done in 1 ms
2026-09-29 04:56:55.178 - INFO: Result has unknown size (not computed yet)
2026-09-29 04:56:55.732 - INFO: Done processing query and sending result, total time was 577 ms
2026-09-29 04:56:55.751 - INFO: 
2026-09-29 04:56:55.751 - INFO: Request received via GET, no content type specified
2026-09-29 04:56:55.751 - INFO: Processing command "clear-cache": clear the cache (unpinned elements only)
2026-09-29 04:56:55.769 - INFO: 
2026-09-29 04:56:55.769 - INFO: Request received via POST, content type "application/x-www-form-urlencoded"
2026-09-29 04:56:55.769 - INFO: Processing the following SPARQL query:
# Tier H — size-sweep
# Goal: isolate export cost from query-planning cost. Raise the year bound
# across runs, for example 1970, 1990, 2010, and 2023.
PREFIX dblp: <https://dblp.org/rdf/schema#>

CONSTRUCT { ?s ?p ?o }
WHERE {
  ?s a dblp:Publication ;
     dblp:yearOfPublication ?year ;
     ?p ?o .
  FILTER(?year <= "1970"^^<http://www.w3.org/2001/XMLSchema#gYear>)
}

2026-09-29 04:56:55.769 - INFO: Requested media types of the result are: "text/turtle"
2026-09-29 04:56:55.770 - INFO: Query planning done in 1 ms
2026-09-29 04:56:55.793 - INFO: Result has unknown size (not computed yet)
2026-09-29 04:56:56.337 - INFO: Done processing query and sending result, total time was 568 ms
2026-09-29 04:56:56.356 - INFO: 
2026-09-29 04:56:56.356 - INFO: Request received via GET, no content type specified
2026-09-29 04:56:56.356 - INFO: Processing command "clear-cache": clear the cache (unpinned elements only)
2026-09-29 04:56:56.373 - INFO: 
2026-09-29 04:56:56.373 - INFO: Request received via POST, content type "application/x-www-form-urlencoded"
2026-09-29 04:56:56.374 - INFO: Processing the following SPARQL query:
# Tier H — size-sweep
# Goal: isolate export cost from query-planning cost. Raise the year bound
# across runs, for example 1970, 1990, 2010, and 2023.
PREFIX dblp: <https://dblp.org/rdf/schema#>

CONSTRUCT { ?s ?p ?o }
WHERE {
  ?s a dblp:Publication ;
     dblp:yearOfPublication ?year ;
     ?p ?o .
  FILTER(?year <= "1970"^^<http://www.w3.org/2001/XMLSchema#gYear>)
}

2026-09-29 04:56:56.374 - INFO: Requested media types of the result are: "text/turtle"
2026-09-29 04:56:56.375 - INFO: Query planning done in 1 ms
2026-09-29 04:56:56.397 - INFO: Result has unknown size (not computed yet)
2026-09-29 04:56:56.933 - INFO: Done processing query and sending result, total time was 559 ms
2026-09-29 04:56:56.951 - INFO: 
2026-09-29 04:56:56.952 - INFO: Request received via GET, no content type specified
2026-09-29 04:56:56.952 - INFO: Processing command "clear-cache": clear the cache (unpinned elements only)
2026-09-29 04:56:56.969 - INFO: 
2026-09-29 04:56:56.969 - INFO: Request received via POST, content type "application/x-www-form-urlencoded"
2026-09-29 04:56:56.970 - INFO: Processing the following SPARQL query:
# Tier H — size-sweep
# Goal: isolate export cost from query-planning cost. Raise the year bound
# across runs, for example 1970, 1990, 2010, and 2023.
PREFIX dblp: <https://dblp.org/rdf/schema#>

CONSTRUCT { ?s ?p ?o }
WHERE {
  ?s a dblp:Publication ;
     dblp:yearOfPublication ?year ;
     ?p ?o .
  FILTER(?year <= "1970"^^<http://www.w3.org/2001/XMLSchema#gYear>)
}

2026-09-29 04:56:56.970 - INFO: Requested media types of the result are: "text/turtle"
2026-09-29 04:56:56.971 - INFO: Query planning done in 1 ms
2026-09-29 04:56:56.994 - INFO: Result has unknown size (not computed yet)
2026-09-29 04:56:57.531 - INFO: Done processing query and sending result, total time was 561 ms
2026-09-29 04:56:57.549 - INFO: 
2026-09-29 04:56:57.549 - INFO: Request received via GET, no content type specified
2026-09-29 04:56:57.549 - INFO: Processing command "clear-cache": clear the cache (unpinned elements only)
2026-09-29 04:56:57.567 - INFO: 
2026-09-29 04:56:57.567 - INFO: Request received via POST, content type "application/x-www-form-urlencoded"
2026-09-29 04:56:57.568 - INFO: Processing the following SPARQL query:
# Tier H — size-sweep
# Goal: isolate export cost from query-planning cost. Raise the year bound
# across runs, for example 1970, 1990, 2010, and 2023.
PREFIX dblp: <https://dblp.org/rdf/schema#>

CONSTRUCT { ?s ?p ?o }
WHERE {
  ?s a dblp:Publication ;
     dblp:yearOfPublication ?year ;
     ?p ?o .
  FILTER(?year <= "1970"^^<http://www.w3.org/2001/XMLSchema#gYear>)
}

2026-09-29 04:56:57.568 - INFO: Requested media types of the result are: "text/turtle"
2026-09-29 04:56:57.569 - INFO: Query planning done in 1 ms
2026-09-29 04:56:57.591 - INFO: Result has unknown size (not computed yet)
2026-09-29 04:56:58.131 - INFO: Done processing query and sending result, total time was 563 ms
2026-09-29 04:56:58.149 - INFO: 
2026-09-29 04:56:58.149 - INFO: Request received via GET, no content type specified
2026-09-29 04:56:58.149 - INFO: Processing command "clear-cache": clear the cache (unpinned elements only)
2026-09-29 04:56:58.175 - INFO: 
2026-09-29 04:56:58.175 - INFO: Request received via POST, content type "application/x-www-form-urlencoded"
2026-09-29 04:56:58.175 - INFO: Processing the following SPARQL query:
# Tier H — size-sweep
# Goal: isolate export cost from query-planning cost. Raise the year bound
# across runs, for example 1970, 1990, 2010, and 2023.
PREFIX dblp: <https://dblp.org/rdf/schema#>

CONSTRUCT { ?s ?p ?o }
WHERE {
  ?s a dblp:Publication ;
     dblp:yearOfPublication ?year ;
     ?p ?o .
  FILTER(?year <= "1970"^^<http://www.w3.org/2001/XMLSchema#gYear>)
}

2026-09-29 04:56:58.175 - INFO: Requested media types of the result are: "text/turtle"
2026-09-29 04:56:58.176 - INFO: Query planning done in 1 ms
2026-09-29 04:56:58.198 - INFO: Result has unknown size (not computed yet)
2026-09-29 04:56:58.754 - INFO: Done processing query and sending result, total time was 579 ms
2026-09-29 04:56:58.773 - INFO: 
2026-09-29 04:56:58.773 - INFO: Request received via GET, no content type specified
2026-09-29 04:56:58.773 - INFO: Processing command "clear-cache": clear the cache (unpinned elements only)
2026-09-29 04:56:58.791 - INFO: 
2026-09-29 04:56:58.791 - INFO: Request received via POST, content type "application/x-www-form-urlencoded"
2026-09-29 04:56:58.792 - INFO: Processing the following SPARQL query:
# Tier H — size-sweep
# Goal: isolate export cost from query-planning cost. Raise the year bound
# across runs, for example 1970, 1990, 2010, and 2023.
PREFIX dblp: <https://dblp.org/rdf/schema#>

CONSTRUCT { ?s ?p ?o }
WHERE {
  ?s a dblp:Publication ;
     dblp:yearOfPublication ?year ;
     ?p ?o .
  FILTER(?year <= "1970"^^<http://www.w3.org/2001/XMLSchema#gYear>)
}

2026-09-29 04:56:58.792 - INFO: Requested media types of the result are: "text/turtle"
2026-09-29 04:56:58.793 - INFO: Query planning done in 1 ms
2026-09-29 04:56:58.813 - INFO: Result has unknown size (not computed yet)
2026-09-29 04:56:59.369 - INFO: Done processing query and sending result, total time was 577 ms
2026-09-29 04:56:59.388 - INFO: 
2026-09-29 04:56:59.388 - INFO: Request received via GET, no content type specified
2026-09-29 04:56:59.388 - INFO: Processing command "clear-cache": clear the cache (unpinned elements only)
2026-09-29 04:56:59.406 - INFO: 
2026-09-29 04:56:59.406 - INFO: Request received via POST, content type "application/x-www-form-urlencoded"
2026-09-29 04:56:59.406 - INFO: Processing the following SPARQL query:
# Tier H — size-sweep
# Goal: isolate export cost from query-planning cost. Raise the year bound
# across runs, for example 1970, 1990, 2010, and 2023.
PREFIX dblp: <https://dblp.org/rdf/schema#>

CONSTRUCT { ?s ?p ?o }
WHERE {
  ?s a dblp:Publication ;
     dblp:yearOfPublication ?year ;
     ?p ?o .
  FILTER(?year <= "1970"^^<http://www.w3.org/2001/XMLSchema#gYear>)
}

2026-09-29 04:56:59.406 - INFO: Requested media types of the result are: "text/turtle"
2026-09-29 04:56:59.407 - INFO: Query planning done in 1 ms
2026-09-29 04:56:59.429 - INFO: Result has unknown size (not computed yet)
2026-09-29 04:56:59.985 - INFO: Done processing query and sending result, total time was 578 ms
2026-09-29 04:57:00.003 - INFO: 
2026-09-29 04:57:00.003 - INFO: Request received via GET, no content type specified
2026-09-29 04:57:00.003 - INFO: Processing command "clear-cache": clear the cache (unpinned elements only)
2026-09-29 04:57:00.021 - INFO: 
2026-09-29 04:57:00.021 - INFO: Request received via POST, content type "application/x-www-form-urlencoded"
2026-09-29 04:57:00.021 - INFO: Processing the following SPARQL query:
# Tier H — size-sweep
# Goal: isolate export cost from query-planning cost. Raise the year bound
# across runs, for example 1970, 1990, 2010, and 2023.
PREFIX dblp: <https://dblp.org/rdf/schema#>

CONSTRUCT { ?s ?p ?o }
WHERE {
  ?s a dblp:Publication ;
     dblp:yearOfPublication ?year ;
     ?p ?o .
  FILTER(?year <= "1970"^^<http://www.w3.org/2001/XMLSchema#gYear>)
}

2026-09-29 04:57:00.021 - INFO: Requested media types of the result are: "text/turtle"
2026-09-29 04:57:00.022 - INFO: Query planning done in 1 ms
2026-09-29 04:57:00.044 - INFO: Result has unknown size (not computed yet)
2026-09-29 04:57:00.601 - INFO: Done processing query and sending result, total time was 580 ms
2026-09-29 04:57:00.620 - INFO: 
2026-09-29 04:57:00.620 - INFO: Request received via GET, no content type specified
2026-09-29 04:57:00.620 - INFO: Processing command "clear-cache": clear the cache (unpinned elements only)
2026-09-29 04:57:00.638 - INFO: 
2026-09-29 04:57:00.638 - INFO: Request received via POST, content type "application/x-www-form-urlencoded"
2026-09-29 04:57:00.638 - INFO: Processing the following SPARQL query:
# Tier H — size-sweep
# Goal: isolate export cost from query-planning cost. Raise the year bound
# across runs, for example 1970, 1990, 2010, and 2023.
PREFIX dblp: <https://dblp.org/rdf/schema#>

CONSTRUCT { ?s ?p ?o }
WHERE {
  ?s a dblp:Publication ;
     dblp:yearOfPublication ?year ;
     ?p ?o .
  FILTER(?year <= "1970"^^<http://www.w3.org/2001/XMLSchema#gYear>)
}

2026-09-29 04:57:00.638 - INFO: Requested media types of the result are: "text/turtle"
2026-09-29 04:57:00.639 - INFO: Query planning done in 1 ms
2026-09-29 04:57:00.661 - INFO: Result has unknown size (not computed yet)
2026-09-29 04:57:01.216 - INFO: Done processing query and sending result, total time was 578 ms
2026-09-29 04:57:01.235 - INFO: 
2026-09-29 04:57:01.235 - INFO: Request received via GET, no content type specified
2026-09-29 04:57:01.235 - INFO: Processing command "clear-cache": clear the cache (unpinned elements only)
2026-09-29 04:57:01.253 - INFO: 
2026-09-29 04:57:01.253 - INFO: Request received via POST, content type "application/x-www-form-urlencoded"
2026-09-29 04:57:01.253 - INFO: Processing the following SPARQL query:
# Tier H — size-sweep
# Goal: isolate export cost from query-planning cost. Raise the year bound
# across runs, for example 1970, 1990, 2010, and 2023.
PREFIX dblp: <https://dblp.org/rdf/schema#>

CONSTRUCT { ?s ?p ?o }
WHERE {
  ?s a dblp:Publication ;
     dblp:yearOfPublication ?year ;
     ?p ?o .
  FILTER(?year <= "1970"^^<http://www.w3.org/2001/XMLSchema#gYear>)
}

2026-09-29 04:57:01.253 - INFO: Requested media types of the result are: "text/turtle"
2026-09-29 04:57:01.254 - INFO: Query planning done in 1 ms
2026-09-29 04:57:01.275 - INFO: Result has unknown size (not computed yet)
2026-09-29 04:57:01.830 - INFO: Done processing query and sending result, total time was 577 ms
2026-09-29 04:57:01.849 - INFO: 
2026-09-29 04:57:01.849 - INFO: Request received via GET, no content type specified
2026-09-29 04:57:01.849 - INFO: Processing command "clear-cache": clear the cache (unpinned elements only)
2026-09-29 04:57:01.874 - INFO: 
2026-09-29 04:57:01.874 - INFO: Request received via POST, content type "application/x-www-form-urlencoded"
2026-09-29 04:57:01.874 - INFO: Processing the following SPARQL query:
# Tier H — size-sweep
# Goal: isolate export cost from query-planning cost. Raise the year bound
# across runs, for example 1970, 1990, 2010, and 2023.
PREFIX dblp: <https://dblp.org/rdf/schema#>

CONSTRUCT { ?s ?p ?o }
WHERE {
  ?s a dblp:Publication ;
     dblp:yearOfPublication ?year ;
     ?p ?o .
  FILTER(?year <= "1970"^^<http://www.w3.org/2001/XMLSchema#gYear>)
}

2026-09-29 04:57:01.874 - INFO: Requested media types of the result are: "text/turtle"
2026-09-29 04:57:01.875 - INFO: Query planning done in 1 ms
2026-09-29 04:57:01.897 - INFO: Result has unknown size (not computed yet)
2026-09-29 04:57:02.450 - INFO: Done processing query and sending result, total time was 576 ms
2026-09-29 04:57:02.469 - INFO: 
2026-09-29 04:57:02.469 - INFO: Request received via GET, no content type specified
2026-09-29 04:57:02.469 - INFO: Processing command "clear-cache": clear the cache (unpinned elements only)
2026-09-29 04:57:02.487 - INFO: 
2026-09-29 04:57:02.487 - INFO: Request received via POST, content type "application/x-www-form-urlencoded"
2026-09-29 04:57:02.487 - INFO: Processing the following SPARQL query:
# Tier H — size-sweep
# Goal: isolate export cost from query-planning cost. Raise the year bound
# across runs, for example 1970, 1990, 2010, and 2023.
PREFIX dblp: <https://dblp.org/rdf/schema#>

CONSTRUCT { ?s ?p ?o }
WHERE {
  ?s a dblp:Publication ;
     dblp:yearOfPublication ?year ;
     ?p ?o .
  FILTER(?year <= "1970"^^<http://www.w3.org/2001/XMLSchema#gYear>)
}

2026-09-29 04:57:02.487 - INFO: Requested media types of the result are: "text/turtle"
2026-09-29 04:57:02.488 - INFO: Query planning done in 1 ms
2026-09-29 04:57:02.510 - INFO: Result has unknown size (not computed yet)
2026-09-29 04:57:03.058 - INFO: Done processing query and sending result, total time was 571 ms
2026-09-29 04:57:03.077 - INFO: 
2026-09-29 04:57:03.077 - INFO: Request received via GET, no content type specified
2026-09-29 04:57:03.077 - INFO: Processing command "clear-cache": clear the cache (unpinned elements only)
2026-09-29 04:57:03.095 - INFO: 
2026-09-29 04:57:03.095 - INFO: Request received via POST, content type "application/x-www-form-urlencoded"
2026-09-29 04:57:03.095 - INFO: Processing the following SPARQL query:
# Tier H — size-sweep
# Goal: isolate export cost from query-planning cost. Raise the year bound
# across runs, for example 1970, 1990, 2010, and 2023.
PREFIX dblp: <https://dblp.org/rdf/schema#>

CONSTRUCT { ?s ?p ?o }
WHERE {
  ?s a dblp:Publication ;
     dblp:yearOfPublication ?year ;
     ?p ?o .
  FILTER(?year <= "1970"^^<http://www.w3.org/2001/XMLSchema#gYear>)
}

2026-09-29 04:57:03.095 - INFO: Requested media types of the result are: "text/turtle"
2026-09-29 04:57:03.096 - INFO: Query planning done in 1 ms
2026-09-29 04:57:03.118 - INFO: Result has unknown size (not computed yet)
2026-09-29 04:57:03.660 - INFO: Done processing query and sending result, total time was 564 ms
2026-09-29 04:57:26.131 - INFO: 
2026-09-29 04:57:26.131 - INFO: Request received via GET, no content type specified
2026-09-29 04:57:26.131 - INFO: Processing command "clear-cache": clear the cache (unpinned elements only)
2026-09-29 04:57:26.170 - INFO: 
2026-09-29 04:57:26.170 - INFO: Request received via POST, content type "application/x-www-form-urlencoded"
2026-09-29 04:57:26.170 - INFO: Processing the following SPARQL query:
# Tier H — size-sweep
# Goal: isolate export cost from query-planning cost. Raise the year bound
# across runs, for example 1970, 1990, 2010, and 2023.
PREFIX dblp: <https://dblp.org/rdf/schema#>

CONSTRUCT { ?s ?p ?o }
WHERE {
  ?s a dblp:Publication ;
     dblp:yearOfPublication ?year ;
     ?p ?o .
  FILTER(?year <= "1970"^^<http://www.w3.org/2001/XMLSchema#gYear>)
}

2026-09-29 04:57:26.170 - INFO: Requested media types of the result are: "text/turtle"
2026-09-29 04:57:26.172 - INFO: Query planning done in 1 ms
2026-09-29 04:57:26.194 - INFO: Result has unknown size (not computed yet)
2026-09-29 04:57:26.758 - INFO: Done processing query and sending result, total time was 587 ms
2026-09-29 04:57:26.776 - INFO: 
2026-09-29 04:57:26.776 - INFO: Request received via GET, no content type specified
2026-09-29 04:57:26.776 - INFO: Processing command "clear-cache": clear the cache (unpinned elements only)
2026-09-29 04:57:26.794 - INFO: 
2026-09-29 04:57:26.794 - INFO: Request received via POST, content type "application/x-www-form-urlencoded"
2026-09-29 04:57:26.795 - INFO: Processing the following SPARQL query:
# Tier H — size-sweep
# Goal: isolate export cost from query-planning cost. Raise the year bound
# across runs, for example 1970, 1990, 2010, and 2023.
PREFIX dblp: <https://dblp.org/rdf/schema#>

CONSTRUCT { ?s ?p ?o }
WHERE {
  ?s a dblp:Publication ;
     dblp:yearOfPublication ?year ;
     ?p ?o .
  FILTER(?year <= "1970"^^<http://www.w3.org/2001/XMLSchema#gYear>)
}

2026-09-29 04:57:26.795 - INFO: Requested media types of the result are: "text/turtle"
2026-09-29 04:57:26.796 - INFO: Query planning done in 1 ms
2026-09-29 04:57:26.817 - INFO: Result has unknown size (not computed yet)
2026-09-29 04:57:27.377 - INFO: Done processing query and sending result, total time was 582 ms
2026-09-29 04:57:27.396 - INFO: 
2026-09-29 04:57:27.396 - INFO: Request received via GET, no content type specified
2026-09-29 04:57:27.396 - INFO: Processing command "clear-cache": clear the cache (unpinned elements only)
2026-09-29 04:57:27.414 - INFO: 
2026-09-29 04:57:27.414 - INFO: Request received via POST, content type "application/x-www-form-urlencoded"
2026-09-29 04:57:27.414 - INFO: Processing the following SPARQL query:
# Tier H — size-sweep
# Goal: isolate export cost from query-planning cost. Raise the year bound
# across runs, for example 1970, 1990, 2010, and 2023.
PREFIX dblp: <https://dblp.org/rdf/schema#>

CONSTRUCT { ?s ?p ?o }
WHERE {
  ?s a dblp:Publication ;
     dblp:yearOfPublication ?year ;
     ?p ?o .
  FILTER(?year <= "1970"^^<http://www.w3.org/2001/XMLSchema#gYear>)
}

2026-09-29 04:57:27.414 - INFO: Requested media types of the result are: "text/turtle"
2026-09-29 04:57:27.415 - INFO: Query planning done in 1 ms
2026-09-29 04:57:27.437 - INFO: Result has unknown size (not computed yet)
2026-09-29 04:57:27.993 - INFO: Done processing query and sending result, total time was 578 ms
2026-09-29 04:57:28.012 - INFO: 
2026-09-29 04:57:28.012 - INFO: Request received via GET, no content type specified
2026-09-29 04:57:28.012 - INFO: Processing command "clear-cache": clear the cache (unpinned elements only)
2026-09-29 04:57:28.030 - INFO: 
2026-09-29 04:57:28.030 - INFO: Request received via POST, content type "application/x-www-form-urlencoded"
2026-09-29 04:57:28.030 - INFO: Processing the following SPARQL query:
# Tier H — size-sweep
# Goal: isolate export cost from query-planning cost. Raise the year bound
# across runs, for example 1970, 1990, 2010, and 2023.
PREFIX dblp: <https://dblp.org/rdf/schema#>

CONSTRUCT { ?s ?p ?o }
WHERE {
  ?s a dblp:Publication ;
     dblp:yearOfPublication ?year ;
     ?p ?o .
  FILTER(?year <= "1970"^^<http://www.w3.org/2001/XMLSchema#gYear>)
}

2026-09-29 04:57:28.030 - INFO: Requested media types of the result are: "text/turtle"
2026-09-29 04:57:28.031 - INFO: Query planning done in 1 ms
2026-09-29 04:57:28.052 - INFO: Result has unknown size (not computed yet)
2026-09-29 04:57:28.609 - INFO: Done processing query and sending result, total time was 579 ms
2026-09-29 04:57:28.628 - INFO: 
2026-09-29 04:57:28.628 - INFO: Request received via GET, no content type specified
2026-09-29 04:57:28.628 - INFO: Processing command "clear-cache": clear the cache (unpinned elements only)
2026-09-29 04:57:28.646 - INFO: 
2026-09-29 04:57:28.646 - INFO: Request received via POST, content type "application/x-www-form-urlencoded"
2026-09-29 04:57:28.646 - INFO: Processing the following SPARQL query:
# Tier H — size-sweep
# Goal: isolate export cost from query-planning cost. Raise the year bound
# across runs, for example 1970, 1990, 2010, and 2023.
PREFIX dblp: <https://dblp.org/rdf/schema#>

CONSTRUCT { ?s ?p ?o }
WHERE {
  ?s a dblp:Publication ;
     dblp:yearOfPublication ?year ;
     ?p ?o .
  FILTER(?year <= "1970"^^<http://www.w3.org/2001/XMLSchema#gYear>)
}

2026-09-29 04:57:28.646 - INFO: Requested media types of the result are: "text/turtle"
2026-09-29 04:57:28.647 - INFO: Query planning done in 1 ms
2026-09-29 04:57:28.669 - INFO: Result has unknown size (not computed yet)
2026-09-29 04:57:29.227 - INFO: Done processing query and sending result, total time was 580 ms
2026-09-29 04:57:29.245 - INFO: 
2026-09-29 04:57:29.245 - INFO: Request received via GET, no content type specified
2026-09-29 04:57:29.245 - INFO: Processing command "clear-cache": clear the cache (unpinned elements only)
2026-09-29 04:57:29.263 - INFO: 
2026-09-29 04:57:29.263 - INFO: Request received via POST, content type "application/x-www-form-urlencoded"
2026-09-29 04:57:29.264 - INFO: Processing the following SPARQL query:
# Tier H — size-sweep
# Goal: isolate export cost from query-planning cost. Raise the year bound
# across runs, for example 1970, 1990, 2010, and 2023.
PREFIX dblp: <https://dblp.org/rdf/schema#>

CONSTRUCT { ?s ?p ?o }
WHERE {
  ?s a dblp:Publication ;
     dblp:yearOfPublication ?year ;
     ?p ?o .
  FILTER(?year <= "1970"^^<http://www.w3.org/2001/XMLSchema#gYear>)
}

2026-09-29 04:57:29.264 - INFO: Requested media types of the result are: "text/turtle"
2026-09-29 04:57:29.265 - INFO: Query planning done in 1 ms
2026-09-29 04:57:29.287 - INFO: Result has unknown size (not computed yet)
2026-09-29 04:57:29.833 - INFO: Done processing query and sending result, total time was 569 ms
2026-09-29 04:57:29.852 - INFO: 
2026-09-29 04:57:29.852 - INFO: Request received via GET, no content type specified
2026-09-29 04:57:29.852 - INFO: Processing command "clear-cache": clear the cache (unpinned elements only)
2026-09-29 04:57:29.870 - INFO: 
2026-09-29 04:57:29.870 - INFO: Request received via POST, content type "application/x-www-form-urlencoded"
2026-09-29 04:57:29.870 - INFO: Processing the following SPARQL query:
# Tier H — size-sweep
# Goal: isolate export cost from query-planning cost. Raise the year bound
# across runs, for example 1970, 1990, 2010, and 2023.
PREFIX dblp: <https://dblp.org/rdf/schema#>

CONSTRUCT { ?s ?p ?o }
WHERE {
  ?s a dblp:Publication ;
     dblp:yearOfPublication ?year ;
     ?p ?o .
  FILTER(?year <= "1970"^^<http://www.w3.org/2001/XMLSchema#gYear>)
}

2026-09-29 04:57:29.870 - INFO: Requested media types of the result are: "text/turtle"
2026-09-29 04:57:29.871 - INFO: Query planning done in 1 ms
2026-09-29 04:57:29.893 - INFO: Result has unknown size (not computed yet)
2026-09-29 04:57:30.452 - INFO: Done processing query and sending result, total time was 582 ms
2026-09-29 04:57:30.471 - INFO: 
2026-09-29 04:57:30.471 - INFO: Request received via GET, no content type specified
2026-09-29 04:57:30.471 - INFO: Processing command "clear-cache": clear the cache (unpinned elements only)
2026-09-29 04:57:30.496 - INFO: 
2026-09-29 04:57:30.497 - INFO: Request received via POST, content type "application/x-www-form-urlencoded"
2026-09-29 04:57:30.497 - INFO: Processing the following SPARQL query:
# Tier H — size-sweep
# Goal: isolate export cost from query-planning cost. Raise the year bound
# across runs, for example 1970, 1990, 2010, and 2023.
PREFIX dblp: <https://dblp.org/rdf/schema#>

CONSTRUCT { ?s ?p ?o }
WHERE {
  ?s a dblp:Publication ;
     dblp:yearOfPublication ?year ;
     ?p ?o .
  FILTER(?year <= "1970"^^<http://www.w3.org/2001/XMLSchema#gYear>)
}

2026-09-29 04:57:30.497 - INFO: Requested media types of the result are: "text/turtle"
2026-09-29 04:57:30.498 - INFO: Query planning done in 1 ms
2026-09-29 04:57:30.520 - INFO: Result has unknown size (not computed yet)
2026-09-29 04:57:31.078 - INFO: Done processing query and sending result, total time was 581 ms
2026-09-29 04:57:31.097 - INFO: 
2026-09-29 04:57:31.097 - INFO: Request received via GET, no content type specified
2026-09-29 04:57:31.097 - INFO: Processing command "clear-cache": clear the cache (unpinned elements only)
2026-09-29 04:57:31.115 - INFO: 
2026-09-29 04:57:31.115 - INFO: Request received via POST, content type "application/x-www-form-urlencoded"
2026-09-29 04:57:31.115 - INFO: Processing the following SPARQL query:
# Tier H — size-sweep
# Goal: isolate export cost from query-planning cost. Raise the year bound
# across runs, for example 1970, 1990, 2010, and 2023.
PREFIX dblp: <https://dblp.org/rdf/schema#>

CONSTRUCT { ?s ?p ?o }
WHERE {
  ?s a dblp:Publication ;
     dblp:yearOfPublication ?year ;
     ?p ?o .
  FILTER(?year <= "1970"^^<http://www.w3.org/2001/XMLSchema#gYear>)
}

2026-09-29 04:57:31.115 - INFO: Requested media types of the result are: "text/turtle"
2026-09-29 04:57:31.116 - INFO: Query planning done in 1 ms
2026-09-29 04:57:31.138 - INFO: Result has unknown size (not computed yet)
2026-09-29 04:57:31.691 - INFO: Done processing query and sending result, total time was 575 ms
2026-09-29 04:57:51.538 - INFO: 
2026-09-29 04:57:51.538 - INFO: Request received via GET, no content type specified
2026-09-29 04:57:51.538 - INFO: Processing command "clear-cache": clear the cache (unpinned elements only)
2026-09-29 04:57:51.556 - INFO: 
2026-09-29 04:57:51.556 - INFO: Request received via POST, content type "application/x-www-form-urlencoded"
2026-09-29 04:57:51.557 - INFO: Processing the following SPARQL query:
# Tier H — size-sweep, year <= 1990
# Goal: isolate export cost from query-planning cost. Raise the year bound
# across runs, for example 1970, 1990, 2010, and 2023.
PREFIX dblp: <https://dblp.org/rdf/schema#>

CONSTRUCT { ?s ?p ?o }
WHERE {
  ?s a dblp:Publication ;
     dblp:yearOfPublication ?year ;
     ?p ?o .
  FILTER(?year <= "1990"^^<http://www.w3.org/2001/XMLSchema#gYear>)
}

2026-09-29 04:57:51.557 - INFO: Requested media types of the result are: "text/turtle"
2026-09-29 04:57:51.558 - INFO: Query planning done in 1 ms
2026-09-29 04:57:51.683 - INFO: Result has unknown size (not computed yet)
2026-09-29 04:57:58.488 - INFO: Done processing query and sending result, total time was 6,932 ms
2026-09-29 04:58:10.697 - INFO: 
2026-09-29 04:58:10.697 - INFO: Request received via GET, no content type specified
2026-09-29 04:58:10.697 - INFO: Processing command "clear-cache": clear the cache (unpinned elements only)
2026-09-29 04:58:10.716 - INFO: 
2026-09-29 04:58:10.716 - INFO: Request received via POST, content type "application/x-www-form-urlencoded"
2026-09-29 04:58:10.717 - INFO: Processing the following SPARQL query:
# Tier H — size-sweep, year <= 1990
# Goal: isolate export cost from query-planning cost. Raise the year bound
# across runs, for example 1970, 1990, 2010, and 2023.
PREFIX dblp: <https://dblp.org/rdf/schema#>

CONSTRUCT { ?s ?p ?o }
WHERE {
  ?s a dblp:Publication ;
     dblp:yearOfPublication ?year ;
     ?p ?o .
  FILTER(?year <= "1990"^^<http://www.w3.org/2001/XMLSchema#gYear>)
}

2026-09-29 04:58:10.717 - INFO: Requested media types of the result are: "text/turtle"
2026-09-29 04:58:10.718 - INFO: Query planning done in 1 ms
2026-09-29 04:58:10.814 - INFO: Result has unknown size (not computed yet)
2026-09-29 04:58:17.153 - INFO: Done processing query and sending result, total time was 6,436 ms
2026-09-29 04:58:17.172 - INFO: 
2026-09-29 04:58:17.172 - INFO: Request received via GET, no content type specified
2026-09-29 04:58:17.172 - INFO: Processing command "clear-cache": clear the cache (unpinned elements only)
2026-09-29 04:58:17.198 - INFO: 
2026-09-29 04:58:17.198 - INFO: Request received via POST, content type "application/x-www-form-urlencoded"
2026-09-29 04:58:17.198 - INFO: Processing the following SPARQL query:
# Tier H — size-sweep, year <= 1990
# Goal: isolate export cost from query-planning cost. Raise the year bound
# across runs, for example 1970, 1990, 2010, and 2023.
PREFIX dblp: <https://dblp.org/rdf/schema#>

CONSTRUCT { ?s ?p ?o }
WHERE {
  ?s a dblp:Publication ;
     dblp:yearOfPublication ?year ;
     ?p ?o .
  FILTER(?year <= "1990"^^<http://www.w3.org/2001/XMLSchema#gYear>)
}

2026-09-29 04:58:17.198 - INFO: Requested media types of the result are: "text/turtle"
2026-09-29 04:58:17.199 - INFO: Query planning done in 1 ms
2026-09-29 04:58:17.266 - INFO: Result has unknown size (not computed yet)
2026-09-29 04:58:23.395 - INFO: Done processing query and sending result, total time was 6,197 ms
2026-09-29 04:58:23.414 - INFO: 
2026-09-29 04:58:23.414 - INFO: Request received via GET, no content type specified
2026-09-29 04:58:23.414 - INFO: Processing command "clear-cache": clear the cache (unpinned elements only)
2026-09-29 04:58:23.432 - INFO: 
2026-09-29 04:58:23.432 - INFO: Request received via POST, content type "application/x-www-form-urlencoded"
2026-09-29 04:58:23.432 - INFO: Processing the following SPARQL query:
# Tier H — size-sweep, year <= 1990
# Goal: isolate export cost from query-planning cost. Raise the year bound
# across runs, for example 1970, 1990, 2010, and 2023.
PREFIX dblp: <https://dblp.org/rdf/schema#>

CONSTRUCT { ?s ?p ?o }
WHERE {
  ?s a dblp:Publication ;
     dblp:yearOfPublication ?year ;
     ?p ?o .
  FILTER(?year <= "1990"^^<http://www.w3.org/2001/XMLSchema#gYear>)
}

2026-09-29 04:58:23.432 - INFO: Requested media types of the result are: "text/turtle"
2026-09-29 04:58:23.433 - INFO: Query planning done in 1 ms
2026-09-29 04:58:23.539 - INFO: Result has unknown size (not computed yet)
2026-09-29 04:58:29.676 - INFO: Done processing query and sending result, total time was 6,243 ms
2026-09-29 04:58:29.995 - INFO: 
2026-09-29 04:58:29.996 - INFO: Request received via GET, no content type specified
2026-09-29 04:58:29.996 - INFO: Processing command "clear-cache": clear the cache (unpinned elements only)
2026-09-29 04:58:30.013 - INFO: 
2026-09-29 04:58:30.013 - INFO: Request received via POST, content type "application/x-www-form-urlencoded"
2026-09-29 04:58:30.014 - INFO: Processing the following SPARQL query:
# Tier H — size-sweep, year <= 1990
# Goal: isolate export cost from query-planning cost. Raise the year bound
# across runs, for example 1970, 1990, 2010, and 2023.
PREFIX dblp: <https://dblp.org/rdf/schema#>

CONSTRUCT { ?s ?p ?o }
WHERE {
  ?s a dblp:Publication ;
     dblp:yearOfPublication ?year ;
     ?p ?o .
  FILTER(?year <= "1990"^^<http://www.w3.org/2001/XMLSchema#gYear>)
}

2026-09-29 04:58:30.014 - INFO: Requested media types of the result are: "text/turtle"
2026-09-29 04:58:30.015 - INFO: Query planning done in 1 ms
2026-09-29 04:58:30.112 - INFO: Result has unknown size (not computed yet)
2026-09-29 04:58:36.389 - INFO: Done processing query and sending result, total time was 6,375 ms
2026-09-29 04:58:36.409 - INFO: 
2026-09-29 04:58:36.409 - INFO: Request received via GET, no content type specified
2026-09-29 04:58:36.409 - INFO: Processing command "clear-cache": clear the cache (unpinned elements only)
2026-09-29 04:58:36.428 - INFO: 
2026-09-29 04:58:36.428 - INFO: Request received via POST, content type "application/x-www-form-urlencoded"
2026-09-29 04:58:36.428 - INFO: Processing the following SPARQL query:
# Tier H — size-sweep, year <= 1990
# Goal: isolate export cost from query-planning cost. Raise the year bound
# across runs, for example 1970, 1990, 2010, and 2023.
PREFIX dblp: <https://dblp.org/rdf/schema#>

CONSTRUCT { ?s ?p ?o }
WHERE {
  ?s a dblp:Publication ;
     dblp:yearOfPublication ?year ;
     ?p ?o .
  FILTER(?year <= "1990"^^<http://www.w3.org/2001/XMLSchema#gYear>)
}

2026-09-29 04:58:36.428 - INFO: Requested media types of the result are: "text/turtle"
2026-09-29 04:58:36.429 - INFO: Query planning done in 1 ms
2026-09-29 04:58:36.524 - INFO: Result has unknown size (not computed yet)
2026-09-29 04:58:42.755 - INFO: Done processing query and sending result, total time was 6,327 ms
2026-09-29 04:59:33.041 - INFO: 
2026-09-29 04:59:33.041 - INFO: Request received via GET, no content type specified
2026-09-29 04:59:33.041 - INFO: Processing command "clear-cache": clear the cache (unpinned elements only)
2026-09-29 04:59:33.059 - INFO: 
2026-09-29 04:59:33.059 - INFO: Request received via POST, content type "application/x-www-form-urlencoded"
2026-09-29 04:59:33.059 - INFO: Processing the following SPARQL query:
# Tier H — size-sweep, year <= 1990
# Goal: isolate export cost from query-planning cost. Raise the year bound
# across runs, for example 1970, 1990, 2010, and 2023.
PREFIX dblp: <https://dblp.org/rdf/schema#>

CONSTRUCT { ?s ?p ?o }
WHERE {
  ?s a dblp:Publication ;
     dblp:yearOfPublication ?year ;
     ?p ?o .
  FILTER(?year <= "1990"^^<http://www.w3.org/2001/XMLSchema#gYear>)
}

2026-09-29 04:59:33.059 - INFO: Requested media types of the result are: "text/turtle"
2026-09-29 04:59:33.060 - INFO: Query planning done in 1 ms
2026-09-29 04:59:33.158 - INFO: Result has unknown size (not computed yet)
2026-09-29 04:59:39.294 - INFO: Done processing query and sending result, total time was 6,234 ms
2026-09-29 04:59:39.314 - INFO: 
2026-09-29 04:59:39.314 - INFO: Request received via GET, no content type specified
2026-09-29 04:59:39.314 - INFO: Processing command "clear-cache": clear the cache (unpinned elements only)
2026-09-29 04:59:39.342 - INFO: 
2026-09-29 04:59:39.342 - INFO: Request received via POST, content type "application/x-www-form-urlencoded"
2026-09-29 04:59:39.342 - INFO: Processing the following SPARQL query:
# Tier H — size-sweep, year <= 1990
# Goal: isolate export cost from query-planning cost. Raise the year bound
# across runs, for example 1970, 1990, 2010, and 2023.
PREFIX dblp: <https://dblp.org/rdf/schema#>

CONSTRUCT { ?s ?p ?o }
WHERE {
  ?s a dblp:Publication ;
     dblp:yearOfPublication ?year ;
     ?p ?o .
  FILTER(?year <= "1990"^^<http://www.w3.org/2001/XMLSchema#gYear>)
}

2026-09-29 04:59:39.342 - INFO: Requested media types of the result are: "text/turtle"
2026-09-29 04:59:39.344 - INFO: Query planning done in 1 ms
2026-09-29 04:59:39.443 - INFO: Result has unknown size (not computed yet)
2026-09-29 04:59:45.456 - INFO: Done processing query and sending result, total time was 6,113 ms
2026-09-29 04:59:45.781 - INFO: 
2026-09-29 04:59:45.781 - INFO: Request received via GET, no content type specified
2026-09-29 04:59:45.781 - INFO: Processing command "clear-cache": clear the cache (unpinned elements only)
2026-09-29 04:59:45.799 - INFO: 
2026-09-29 04:59:45.799 - INFO: Request received via POST, content type "application/x-www-form-urlencoded"
2026-09-29 04:59:45.799 - INFO: Processing the following SPARQL query:
# Tier H — size-sweep, year <= 1990
# Goal: isolate export cost from query-planning cost. Raise the year bound
# across runs, for example 1970, 1990, 2010, and 2023.
PREFIX dblp: <https://dblp.org/rdf/schema#>

CONSTRUCT { ?s ?p ?o }
WHERE {
  ?s a dblp:Publication ;
     dblp:yearOfPublication ?year ;
     ?p ?o .
  FILTER(?year <= "1990"^^<http://www.w3.org/2001/XMLSchema#gYear>)
}

2026-09-29 04:59:45.799 - INFO: Requested media types of the result are: "text/turtle"
2026-09-29 04:59:45.800 - INFO: Query planning done in 1 ms
2026-09-29 04:59:45.899 - INFO: Result has unknown size (not computed yet)
2026-09-29 04:59:52.262 - INFO: Done processing query and sending result, total time was 6,463 ms
2026-09-29 04:59:52.282 - INFO: 
2026-09-29 04:59:52.282 - INFO: Request received via GET, no content type specified
2026-09-29 04:59:52.282 - INFO: Processing command "clear-cache": clear the cache (unpinned elements only)
2026-09-29 04:59:52.300 - INFO: 
2026-09-29 04:59:52.300 - INFO: Request received via POST, content type "application/x-www-form-urlencoded"
2026-09-29 04:59:52.301 - INFO: Processing the following SPARQL query:
# Tier H — size-sweep, year <= 1990
# Goal: isolate export cost from query-planning cost. Raise the year bound
# across runs, for example 1970, 1990, 2010, and 2023.
PREFIX dblp: <https://dblp.org/rdf/schema#>

CONSTRUCT { ?s ?p ?o }
WHERE {
  ?s a dblp:Publication ;
     dblp:yearOfPublication ?year ;
     ?p ?o .
  FILTER(?year <= "1990"^^<http://www.w3.org/2001/XMLSchema#gYear>)
}

2026-09-29 04:59:52.301 - INFO: Requested media types of the result are: "text/turtle"
2026-09-29 04:59:52.302 - INFO: Query planning done in 1 ms
2026-09-29 04:59:52.396 - INFO: Result has unknown size (not computed yet)
2026-09-29 04:59:58.709 - INFO: Done processing query and sending result, total time was 6,408 ms
2026-09-29 05:00:24.527 - INFO: 
2026-09-29 05:00:24.527 - INFO: Request received via GET, no content type specified
2026-09-29 05:00:24.527 - INFO: Processing command "clear-cache": clear the cache (unpinned elements only)
2026-09-29 05:00:24.566 - INFO: 
2026-09-29 05:00:24.566 - INFO: Request received via POST, content type "application/x-www-form-urlencoded"
2026-09-29 05:00:24.566 - INFO: Processing the following SPARQL query:
# Tier H — size-sweep, year <= 1990
# Goal: isolate export cost from query-planning cost. Raise the year bound
# across runs, for example 1970, 1990, 2010, and 2023.
PREFIX dblp: <https://dblp.org/rdf/schema#>

CONSTRUCT { ?s ?p ?o }
WHERE {
  ?s a dblp:Publication ;
     dblp:yearOfPublication ?year ;
     ?p ?o .
  FILTER(?year <= "1990"^^<http://www.w3.org/2001/XMLSchema#gYear>)
}

2026-09-29 05:00:24.566 - INFO: Requested media types of the result are: "text/turtle"
2026-09-29 05:00:24.567 - INFO: Query planning done in 1 ms
2026-09-29 05:00:24.636 - INFO: Result has unknown size (not computed yet)
2026-09-29 05:00:30.824 - INFO: Done processing query and sending result, total time was 6,258 ms
