2026-09-29 04:50:45.082 - INFO: [1mQLever server v0.6.0-239-gd95f40d44, compiled on Mon Sep 28 20:40:32 UTC 2026 using git hash d95f40d[22m
2026-09-29 04:50:45.082 - INFO: Runtime parameter set from the command line: use-fast-export-stream-formatter=true
2026-09-29 04:50:45.082 - INFO: Cleanup of previous index directories after each rebuild enabled (--rebuild-keep-previous-index-dirs original-and-most-recent)
2026-09-29 04:50:45.083 - INFO: The git hash used to build this index was "65f84b4"
2026-09-29 04:50:45.083 - INFO: Reading vocabulary from file /local/data-ssd/stoetzem/dblp/dblp.vocabulary.words ...
2026-09-29 04:50:45.089 - INFO: Done, number of words: 446,944,668
2026-09-29 04:50:45.089 - INFO: Number of words in internal vocabulary (these are also part of the external vocabulary): 446,955
2026-09-29 04:50:45.093 - INFO: Registered PSO permutation: #relations = 6, #blocks = 8,187, #triples = 255,805,025
2026-09-29 04:50:45.113 - INFO: Registered PSO permutation: #relations = 96, #blocks = 51,023, #triples = 1,593,245,022
2026-09-29 04:50:45.115 - INFO: Registered POS permutation: #relations = 6, #blocks = 8,187, #triples = 255,805,025
2026-09-29 04:50:45.134 - INFO: Registered POS permutation: #relations = 96, #blocks = 51,023, #triples = 1,593,245,022
2026-09-29 04:50:45.149 - INFO: Registered OPS permutation: #relations = 345,357,897, #blocks = 42,492, #triples = 1,593,245,022
2026-09-29 04:50:45.165 - INFO: Registered OSP permutation: #relations = 345,357,897, #blocks = 42,492, #triples = 1,593,245,022
2026-09-29 04:50:45.176 - INFO: Registered SPO permutation: #relations = 255,804,614, #blocks = 33,993, #triples = 1,593,245,022
2026-09-29 04:50:45.184 - INFO: Registered SOP permutation: #relations = 255,804,614, #blocks = 33,993, #triples = 1,593,245,022
2026-09-29 04:50:45.184 - INFO: Reading patterns from file /local/data-ssd/stoetzem/dblp/dblp.index.patterns ...
2026-09-29 04:50:45.184 - INFO: Sorting random result tables to estimate the sorting performance of this machine ...
2026-09-29 04:50:53.152 - INFO: Initializing server ...
2026-09-29 04:50:53.152 - INFO: No access token required for restricted API calls
2026-09-29 04:50:53.152 - INFO: The server is ready, listening for requests on port 7303 ...
2026-09-29 04:51:13.469 - INFO: 
2026-09-29 04:51:13.469 - INFO: Request received via GET, no content type specified
2026-09-29 04:51:13.469 - INFO: Processing command "clear-cache": clear the cache (unpinned elements only)
2026-09-29 04:51:13.487 - INFO: 
2026-09-29 04:51:13.487 - INFO: Request received via POST, content type "application/x-www-form-urlencoded"
2026-09-29 04:51:13.489 - INFO: Processing the following SPARQL query:
# Tier H-vocab — title literals, large
# Goal: external-vocabulary lookup pressure with larger bounded output.
PREFIX dblp: <https://dblp.org/rdf/schema#>

CONSTRUCT { ?paper dblp:title ?title }
WHERE {
  ?paper dblp:title ?title .
}
LIMIT 100000

2026-09-29 04:51:13.489 - INFO: Requested media types of the result are: "text/turtle"
2026-09-29 04:51:13.490 - INFO: Query planning done in 2 ms
2026-09-29 04:51:13.490 - INFO: Result has unknown size (not computed yet)
2026-09-29 04:51:13.780 - INFO: Done processing query and sending result, total time was 292 ms
2026-09-29 04:51:36.500 - INFO: 
2026-09-29 04:51:36.500 - INFO: Request received via GET, no content type specified
2026-09-29 04:51:36.500 - INFO: Processing command "clear-cache": clear the cache (unpinned elements only)
2026-09-29 04:51:36.518 - INFO: 
2026-09-29 04:51:36.518 - INFO: Request received via POST, content type "application/x-www-form-urlencoded"
2026-09-29 04:51:36.519 - INFO: Processing the following SPARQL query:
# Tier H-vocab — title literals, large
# Goal: external-vocabulary lookup pressure with larger bounded output.
PREFIX dblp: <https://dblp.org/rdf/schema#>

CONSTRUCT { ?paper dblp:title ?title }
WHERE {
  ?paper dblp:title ?title .
}
LIMIT 100000

2026-09-29 04:51:36.519 - INFO: Requested media types of the result are: "text/turtle"
2026-09-29 04:51:36.519 - INFO: Query planning done in 0 ms
2026-09-29 04:51:36.519 - INFO: Result has unknown size (not computed yet)
2026-09-29 04:51:36.813 - INFO: Done processing query and sending result, total time was 294 ms
2026-09-29 04:51:36.833 - INFO: 
2026-09-29 04:51:36.833 - INFO: Request received via GET, no content type specified
2026-09-29 04:51:36.833 - INFO: Processing command "clear-cache": clear the cache (unpinned elements only)
2026-09-29 04:51:36.858 - INFO: 
2026-09-29 04:51:36.858 - INFO: Request received via POST, content type "application/x-www-form-urlencoded"
2026-09-29 04:51:36.858 - INFO: Processing the following SPARQL query:
# Tier H-vocab — title literals, large
# Goal: external-vocabulary lookup pressure with larger bounded output.
PREFIX dblp: <https://dblp.org/rdf/schema#>

CONSTRUCT { ?paper dblp:title ?title }
WHERE {
  ?paper dblp:title ?title .
}
LIMIT 100000

2026-09-29 04:51:36.858 - INFO: Requested media types of the result are: "text/turtle"
2026-09-29 04:51:36.859 - INFO: Query planning done in 0 ms
2026-09-29 04:51:36.859 - INFO: Result has unknown size (not computed yet)
2026-09-29 04:51:37.146 - INFO: Done processing query and sending result, total time was 287 ms
2026-09-29 04:51:37.166 - INFO: 
2026-09-29 04:51:37.166 - INFO: Request received via GET, no content type specified
2026-09-29 04:51:37.166 - INFO: Processing command "clear-cache": clear the cache (unpinned elements only)
2026-09-29 04:51:37.184 - INFO: 
2026-09-29 04:51:37.184 - INFO: Request received via POST, content type "application/x-www-form-urlencoded"
2026-09-29 04:51:37.184 - INFO: Processing the following SPARQL query:
# Tier H-vocab — title literals, large
# Goal: external-vocabulary lookup pressure with larger bounded output.
PREFIX dblp: <https://dblp.org/rdf/schema#>

CONSTRUCT { ?paper dblp:title ?title }
WHERE {
  ?paper dblp:title ?title .
}
LIMIT 100000

2026-09-29 04:51:37.185 - INFO: Requested media types of the result are: "text/turtle"
2026-09-29 04:51:37.185 - INFO: Query planning done in 0 ms
2026-09-29 04:51:37.185 - INFO: Result has unknown size (not computed yet)
2026-09-29 04:51:37.472 - INFO: Done processing query and sending result, total time was 288 ms
2026-09-29 04:51:37.493 - INFO: 
2026-09-29 04:51:37.493 - INFO: Request received via GET, no content type specified
2026-09-29 04:51:37.493 - INFO: Processing command "clear-cache": clear the cache (unpinned elements only)
2026-09-29 04:51:37.511 - INFO: 
2026-09-29 04:51:37.511 - INFO: Request received via POST, content type "application/x-www-form-urlencoded"
2026-09-29 04:51:37.511 - INFO: Processing the following SPARQL query:
# Tier H-vocab — title literals, large
# Goal: external-vocabulary lookup pressure with larger bounded output.
PREFIX dblp: <https://dblp.org/rdf/schema#>

CONSTRUCT { ?paper dblp:title ?title }
WHERE {
  ?paper dblp:title ?title .
}
LIMIT 100000

2026-09-29 04:51:37.511 - INFO: Requested media types of the result are: "text/turtle"
2026-09-29 04:51:37.511 - INFO: Query planning done in 0 ms
2026-09-29 04:51:37.511 - INFO: Result has unknown size (not computed yet)
2026-09-29 04:51:37.797 - INFO: Done processing query and sending result, total time was 286 ms
2026-09-29 04:51:37.817 - INFO: 
2026-09-29 04:51:37.817 - INFO: Request received via GET, no content type specified
2026-09-29 04:51:37.817 - INFO: Processing command "clear-cache": clear the cache (unpinned elements only)
2026-09-29 04:51:37.835 - INFO: 
2026-09-29 04:51:37.835 - INFO: Request received via POST, content type "application/x-www-form-urlencoded"
2026-09-29 04:51:37.836 - INFO: Processing the following SPARQL query:
# Tier H-vocab — title literals, large
# Goal: external-vocabulary lookup pressure with larger bounded output.
PREFIX dblp: <https://dblp.org/rdf/schema#>

CONSTRUCT { ?paper dblp:title ?title }
WHERE {
  ?paper dblp:title ?title .
}
LIMIT 100000

2026-09-29 04:51:37.836 - INFO: Requested media types of the result are: "text/turtle"
2026-09-29 04:51:37.836 - INFO: Query planning done in 0 ms
2026-09-29 04:51:37.836 - INFO: Result has unknown size (not computed yet)
2026-09-29 04:51:38.115 - INFO: Done processing query and sending result, total time was 279 ms
2026-09-29 04:51:38.136 - INFO: 
2026-09-29 04:51:38.136 - INFO: Request received via GET, no content type specified
2026-09-29 04:51:38.136 - INFO: Processing command "clear-cache": clear the cache (unpinned elements only)
2026-09-29 04:51:38.153 - INFO: 
2026-09-29 04:51:38.153 - INFO: Request received via POST, content type "application/x-www-form-urlencoded"
2026-09-29 04:51:38.154 - INFO: Processing the following SPARQL query:
# Tier H-vocab — title literals, large
# Goal: external-vocabulary lookup pressure with larger bounded output.
PREFIX dblp: <https://dblp.org/rdf/schema#>

CONSTRUCT { ?paper dblp:title ?title }
WHERE {
  ?paper dblp:title ?title .
}
LIMIT 100000

2026-09-29 04:51:38.154 - INFO: Requested media types of the result are: "text/turtle"
2026-09-29 04:51:38.154 - INFO: Query planning done in 0 ms
2026-09-29 04:51:38.154 - INFO: Result has unknown size (not computed yet)
2026-09-29 04:51:38.422 - INFO: Done processing query and sending result, total time was 268 ms
2026-09-29 04:51:38.443 - INFO: 
2026-09-29 04:51:38.443 - INFO: Request received via GET, no content type specified
2026-09-29 04:51:38.443 - INFO: Processing command "clear-cache": clear the cache (unpinned elements only)
2026-09-29 04:51:38.461 - INFO: 
2026-09-29 04:51:38.461 - INFO: Request received via POST, content type "application/x-www-form-urlencoded"
2026-09-29 04:51:38.461 - INFO: Processing the following SPARQL query:
# Tier H-vocab — title literals, large
# Goal: external-vocabulary lookup pressure with larger bounded output.
PREFIX dblp: <https://dblp.org/rdf/schema#>

CONSTRUCT { ?paper dblp:title ?title }
WHERE {
  ?paper dblp:title ?title .
}
LIMIT 100000

2026-09-29 04:51:38.461 - INFO: Requested media types of the result are: "text/turtle"
2026-09-29 04:51:38.461 - INFO: Query planning done in 0 ms
2026-09-29 04:51:38.461 - INFO: Result has unknown size (not computed yet)
2026-09-29 04:51:38.726 - INFO: Done processing query and sending result, total time was 264 ms
2026-09-29 04:51:38.746 - INFO: 
2026-09-29 04:51:38.746 - INFO: Request received via GET, no content type specified
2026-09-29 04:51:38.746 - INFO: Processing command "clear-cache": clear the cache (unpinned elements only)
2026-09-29 04:51:38.764 - INFO: 
2026-09-29 04:51:38.764 - INFO: Request received via POST, content type "application/x-www-form-urlencoded"
2026-09-29 04:51:38.764 - INFO: Processing the following SPARQL query:
# Tier H-vocab — title literals, large
# Goal: external-vocabulary lookup pressure with larger bounded output.
PREFIX dblp: <https://dblp.org/rdf/schema#>

CONSTRUCT { ?paper dblp:title ?title }
WHERE {
  ?paper dblp:title ?title .
}
LIMIT 100000

2026-09-29 04:51:38.764 - INFO: Requested media types of the result are: "text/turtle"
2026-09-29 04:51:38.764 - INFO: Query planning done in 0 ms
2026-09-29 04:51:38.765 - INFO: Result has unknown size (not computed yet)
2026-09-29 04:51:39.035 - INFO: Done processing query and sending result, total time was 271 ms
2026-09-29 04:51:39.056 - INFO: 
2026-09-29 04:51:39.056 - INFO: Request received via GET, no content type specified
2026-09-29 04:51:39.056 - INFO: Processing command "clear-cache": clear the cache (unpinned elements only)
2026-09-29 04:51:39.082 - INFO: 
2026-09-29 04:51:39.082 - INFO: Request received via POST, content type "application/x-www-form-urlencoded"
2026-09-29 04:51:39.082 - INFO: Processing the following SPARQL query:
# Tier H-vocab — title literals, large
# Goal: external-vocabulary lookup pressure with larger bounded output.
PREFIX dblp: <https://dblp.org/rdf/schema#>

CONSTRUCT { ?paper dblp:title ?title }
WHERE {
  ?paper dblp:title ?title .
}
LIMIT 100000

2026-09-29 04:51:39.082 - INFO: Requested media types of the result are: "text/turtle"
2026-09-29 04:51:39.082 - INFO: Query planning done in 0 ms
2026-09-29 04:51:39.082 - INFO: Result has unknown size (not computed yet)
2026-09-29 04:51:39.348 - INFO: Done processing query and sending result, total time was 266 ms
2026-09-29 04:51:39.368 - INFO: 
2026-09-29 04:51:39.368 - INFO: Request received via GET, no content type specified
2026-09-29 04:51:39.368 - INFO: Processing command "clear-cache": clear the cache (unpinned elements only)
2026-09-29 04:51:39.386 - INFO: 
2026-09-29 04:51:39.386 - INFO: Request received via POST, content type "application/x-www-form-urlencoded"
2026-09-29 04:51:39.386 - INFO: Processing the following SPARQL query:
# Tier H-vocab — title literals, large
# Goal: external-vocabulary lookup pressure with larger bounded output.
PREFIX dblp: <https://dblp.org/rdf/schema#>

CONSTRUCT { ?paper dblp:title ?title }
WHERE {
  ?paper dblp:title ?title .
}
LIMIT 100000

2026-09-29 04:51:39.386 - INFO: Requested media types of the result are: "text/turtle"
2026-09-29 04:51:39.387 - INFO: Query planning done in 0 ms
2026-09-29 04:51:39.387 - INFO: Result has unknown size (not computed yet)
2026-09-29 04:51:39.650 - INFO: Done processing query and sending result, total time was 264 ms
2026-09-29 04:51:39.671 - INFO: 
2026-09-29 04:51:39.671 - INFO: Request received via GET, no content type specified
2026-09-29 04:51:39.671 - INFO: Processing command "clear-cache": clear the cache (unpinned elements only)
2026-09-29 04:51:39.689 - INFO: 
2026-09-29 04:51:39.689 - INFO: Request received via POST, content type "application/x-www-form-urlencoded"
2026-09-29 04:51:39.689 - INFO: Processing the following SPARQL query:
# Tier H-vocab — title literals, large
# Goal: external-vocabulary lookup pressure with larger bounded output.
PREFIX dblp: <https://dblp.org/rdf/schema#>

CONSTRUCT { ?paper dblp:title ?title }
WHERE {
  ?paper dblp:title ?title .
}
LIMIT 100000

2026-09-29 04:51:39.689 - INFO: Requested media types of the result are: "text/turtle"
2026-09-29 04:51:39.689 - INFO: Query planning done in 0 ms
2026-09-29 04:51:39.689 - INFO: Result has unknown size (not computed yet)
2026-09-29 04:51:39.958 - INFO: Done processing query and sending result, total time was 269 ms
2026-09-29 04:51:39.978 - INFO: 
2026-09-29 04:51:39.979 - INFO: Request received via GET, no content type specified
2026-09-29 04:51:39.979 - INFO: Processing command "clear-cache": clear the cache (unpinned elements only)
2026-09-29 04:51:39.996 - INFO: 
2026-09-29 04:51:39.996 - INFO: Request received via POST, content type "application/x-www-form-urlencoded"
2026-09-29 04:51:39.997 - INFO: Processing the following SPARQL query:
# Tier H-vocab — title literals, large
# Goal: external-vocabulary lookup pressure with larger bounded output.
PREFIX dblp: <https://dblp.org/rdf/schema#>

CONSTRUCT { ?paper dblp:title ?title }
WHERE {
  ?paper dblp:title ?title .
}
LIMIT 100000

2026-09-29 04:51:39.997 - INFO: Requested media types of the result are: "text/turtle"
2026-09-29 04:51:39.997 - INFO: Query planning done in 0 ms
2026-09-29 04:51:39.997 - INFO: Result has unknown size (not computed yet)
2026-09-29 04:51:40.262 - INFO: Done processing query and sending result, total time was 265 ms
2026-09-29 04:51:40.282 - INFO: 
2026-09-29 04:51:40.282 - INFO: Request received via GET, no content type specified
2026-09-29 04:51:40.282 - INFO: Processing command "clear-cache": clear the cache (unpinned elements only)
2026-09-29 04:51:40.300 - INFO: 
2026-09-29 04:51:40.300 - INFO: Request received via POST, content type "application/x-www-form-urlencoded"
2026-09-29 04:51:40.301 - INFO: Processing the following SPARQL query:
# Tier H-vocab — title literals, large
# Goal: external-vocabulary lookup pressure with larger bounded output.
PREFIX dblp: <https://dblp.org/rdf/schema#>

CONSTRUCT { ?paper dblp:title ?title }
WHERE {
  ?paper dblp:title ?title .
}
LIMIT 100000

2026-09-29 04:51:40.301 - INFO: Requested media types of the result are: "text/turtle"
2026-09-29 04:51:40.301 - INFO: Query planning done in 0 ms
2026-09-29 04:51:40.301 - INFO: Result has unknown size (not computed yet)
2026-09-29 04:51:40.566 - INFO: Done processing query and sending result, total time was 265 ms
2026-09-29 04:51:40.587 - INFO: 
2026-09-29 04:51:40.587 - INFO: Request received via GET, no content type specified
2026-09-29 04:51:40.587 - INFO: Processing command "clear-cache": clear the cache (unpinned elements only)
2026-09-29 04:51:40.604 - INFO: 
2026-09-29 04:51:40.604 - INFO: Request received via POST, content type "application/x-www-form-urlencoded"
2026-09-29 04:51:40.605 - INFO: Processing the following SPARQL query:
# Tier H-vocab — title literals, large
# Goal: external-vocabulary lookup pressure with larger bounded output.
PREFIX dblp: <https://dblp.org/rdf/schema#>

CONSTRUCT { ?paper dblp:title ?title }
WHERE {
  ?paper dblp:title ?title .
}
LIMIT 100000

2026-09-29 04:51:40.605 - INFO: Requested media types of the result are: "text/turtle"
2026-09-29 04:51:40.605 - INFO: Query planning done in 0 ms
2026-09-29 04:51:40.605 - INFO: Result has unknown size (not computed yet)
2026-09-29 04:51:40.871 - INFO: Done processing query and sending result, total time was 266 ms
2026-09-29 04:51:40.891 - INFO: 
2026-09-29 04:51:40.891 - INFO: Request received via GET, no content type specified
2026-09-29 04:51:40.891 - INFO: Processing command "clear-cache": clear the cache (unpinned elements only)
2026-09-29 04:51:40.909 - INFO: 
2026-09-29 04:51:40.909 - INFO: Request received via POST, content type "application/x-www-form-urlencoded"
2026-09-29 04:51:40.909 - INFO: Processing the following SPARQL query:
# Tier H-vocab — title literals, large
# Goal: external-vocabulary lookup pressure with larger bounded output.
PREFIX dblp: <https://dblp.org/rdf/schema#>

CONSTRUCT { ?paper dblp:title ?title }
WHERE {
  ?paper dblp:title ?title .
}
LIMIT 100000

2026-09-29 04:51:40.909 - INFO: Requested media types of the result are: "text/turtle"
2026-09-29 04:51:40.909 - INFO: Query planning done in 0 ms
2026-09-29 04:51:40.909 - INFO: Result has unknown size (not computed yet)
2026-09-29 04:51:41.178 - INFO: Done processing query and sending result, total time was 269 ms
2026-09-29 04:51:41.198 - INFO: 
2026-09-29 04:51:41.198 - INFO: Request received via GET, no content type specified
2026-09-29 04:51:41.199 - INFO: Processing command "clear-cache": clear the cache (unpinned elements only)
2026-09-29 04:51:41.216 - INFO: 
2026-09-29 04:51:41.216 - INFO: Request received via POST, content type "application/x-www-form-urlencoded"
2026-09-29 04:51:41.217 - INFO: Processing the following SPARQL query:
# Tier H-vocab — title literals, large
# Goal: external-vocabulary lookup pressure with larger bounded output.
PREFIX dblp: <https://dblp.org/rdf/schema#>

CONSTRUCT { ?paper dblp:title ?title }
WHERE {
  ?paper dblp:title ?title .
}
LIMIT 100000

2026-09-29 04:51:41.217 - INFO: Requested media types of the result are: "text/turtle"
2026-09-29 04:51:41.217 - INFO: Query planning done in 0 ms
2026-09-29 04:51:41.217 - INFO: Result has unknown size (not computed yet)
2026-09-29 04:51:41.482 - INFO: Done processing query and sending result, total time was 265 ms
2026-09-29 04:51:41.502 - INFO: 
2026-09-29 04:51:41.502 - INFO: Request received via GET, no content type specified
2026-09-29 04:51:41.502 - INFO: Processing command "clear-cache": clear the cache (unpinned elements only)
2026-09-29 04:51:41.520 - INFO: 
2026-09-29 04:51:41.520 - INFO: Request received via POST, content type "application/x-www-form-urlencoded"
2026-09-29 04:51:41.520 - INFO: Processing the following SPARQL query:
# Tier H-vocab — title literals, large
# Goal: external-vocabulary lookup pressure with larger bounded output.
PREFIX dblp: <https://dblp.org/rdf/schema#>

CONSTRUCT { ?paper dblp:title ?title }
WHERE {
  ?paper dblp:title ?title .
}
LIMIT 100000

2026-09-29 04:51:41.520 - INFO: Requested media types of the result are: "text/turtle"
2026-09-29 04:51:41.520 - INFO: Query planning done in 0 ms
2026-09-29 04:51:41.521 - INFO: Result has unknown size (not computed yet)
2026-09-29 04:51:41.792 - INFO: Done processing query and sending result, total time was 271 ms
2026-09-29 04:51:41.812 - INFO: 
2026-09-29 04:51:41.812 - INFO: Request received via GET, no content type specified
2026-09-29 04:51:41.812 - INFO: Processing command "clear-cache": clear the cache (unpinned elements only)
2026-09-29 04:51:41.830 - INFO: 
2026-09-29 04:51:41.830 - INFO: Request received via POST, content type "application/x-www-form-urlencoded"
2026-09-29 04:51:41.830 - INFO: Processing the following SPARQL query:
# Tier H-vocab — title literals, large
# Goal: external-vocabulary lookup pressure with larger bounded output.
PREFIX dblp: <https://dblp.org/rdf/schema#>

CONSTRUCT { ?paper dblp:title ?title }
WHERE {
  ?paper dblp:title ?title .
}
LIMIT 100000

2026-09-29 04:51:41.830 - INFO: Requested media types of the result are: "text/turtle"
2026-09-29 04:51:41.830 - INFO: Query planning done in 0 ms
2026-09-29 04:51:41.830 - INFO: Result has unknown size (not computed yet)
2026-09-29 04:51:42.120 - INFO: Done processing query and sending result, total time was 290 ms
2026-09-29 04:51:42.141 - INFO: 
2026-09-29 04:51:42.141 - INFO: Request received via GET, no content type specified
2026-09-29 04:51:42.141 - INFO: Processing command "clear-cache": clear the cache (unpinned elements only)
2026-09-29 04:51:42.159 - INFO: 
2026-09-29 04:51:42.159 - INFO: Request received via POST, content type "application/x-www-form-urlencoded"
2026-09-29 04:51:42.159 - INFO: Processing the following SPARQL query:
# Tier H-vocab — title literals, large
# Goal: external-vocabulary lookup pressure with larger bounded output.
PREFIX dblp: <https://dblp.org/rdf/schema#>

CONSTRUCT { ?paper dblp:title ?title }
WHERE {
  ?paper dblp:title ?title .
}
LIMIT 100000

2026-09-29 04:51:42.159 - INFO: Requested media types of the result are: "text/turtle"
2026-09-29 04:51:42.159 - INFO: Query planning done in 0 ms
2026-09-29 04:51:42.159 - INFO: Result has unknown size (not computed yet)
2026-09-29 04:51:42.446 - INFO: Done processing query and sending result, total time was 287 ms
2026-09-29 04:51:42.466 - INFO: 
2026-09-29 04:51:42.466 - INFO: Request received via GET, no content type specified
2026-09-29 04:51:42.466 - INFO: Processing command "clear-cache": clear the cache (unpinned elements only)
2026-09-29 04:51:42.484 - INFO: 
2026-09-29 04:51:42.484 - INFO: Request received via POST, content type "application/x-www-form-urlencoded"
2026-09-29 04:51:42.485 - INFO: Processing the following SPARQL query:
# Tier H-vocab — title literals, large
# Goal: external-vocabulary lookup pressure with larger bounded output.
PREFIX dblp: <https://dblp.org/rdf/schema#>

CONSTRUCT { ?paper dblp:title ?title }
WHERE {
  ?paper dblp:title ?title .
}
LIMIT 100000

2026-09-29 04:51:42.485 - INFO: Requested media types of the result are: "text/turtle"
2026-09-29 04:51:42.485 - INFO: Query planning done in 0 ms
2026-09-29 04:51:42.485 - INFO: Result has unknown size (not computed yet)
2026-09-29 04:51:42.768 - INFO: Done processing query and sending result, total time was 283 ms
2026-09-29 04:51:42.789 - INFO: 
2026-09-29 04:51:42.789 - INFO: Request received via GET, no content type specified
2026-09-29 04:51:42.789 - INFO: Processing command "clear-cache": clear the cache (unpinned elements only)
2026-09-29 04:51:42.807 - INFO: 
2026-09-29 04:51:42.807 - INFO: Request received via POST, content type "application/x-www-form-urlencoded"
2026-09-29 04:51:42.807 - INFO: Processing the following SPARQL query:
# Tier H-vocab — title literals, large
# Goal: external-vocabulary lookup pressure with larger bounded output.
PREFIX dblp: <https://dblp.org/rdf/schema#>

CONSTRUCT { ?paper dblp:title ?title }
WHERE {
  ?paper dblp:title ?title .
}
LIMIT 100000

2026-09-29 04:51:42.807 - INFO: Requested media types of the result are: "text/turtle"
2026-09-29 04:51:42.807 - INFO: Query planning done in 0 ms
2026-09-29 04:51:42.807 - INFO: Result has unknown size (not computed yet)
2026-09-29 04:51:43.079 - INFO: Done processing query and sending result, total time was 272 ms
2026-09-29 04:51:43.099 - INFO: 
2026-09-29 04:51:43.099 - INFO: Request received via GET, no content type specified
2026-09-29 04:51:43.099 - INFO: Processing command "clear-cache": clear the cache (unpinned elements only)
2026-09-29 04:51:43.130 - INFO: 
2026-09-29 04:51:43.130 - INFO: Request received via POST, content type "application/x-www-form-urlencoded"
2026-09-29 04:51:43.130 - INFO: Processing the following SPARQL query:
# Tier H-vocab — title literals, large
# Goal: external-vocabulary lookup pressure with larger bounded output.
PREFIX dblp: <https://dblp.org/rdf/schema#>

CONSTRUCT { ?paper dblp:title ?title }
WHERE {
  ?paper dblp:title ?title .
}
LIMIT 100000

2026-09-29 04:51:43.130 - INFO: Requested media types of the result are: "text/turtle"
2026-09-29 04:51:43.130 - INFO: Query planning done in 0 ms
2026-09-29 04:51:43.130 - INFO: Result has unknown size (not computed yet)
2026-09-29 04:51:43.396 - INFO: Done processing query and sending result, total time was 266 ms
2026-09-29 04:51:43.416 - INFO: 
2026-09-29 04:51:43.416 - INFO: Request received via GET, no content type specified
2026-09-29 04:51:43.416 - INFO: Processing command "clear-cache": clear the cache (unpinned elements only)
2026-09-29 04:51:43.434 - INFO: 
2026-09-29 04:51:43.434 - INFO: Request received via POST, content type "application/x-www-form-urlencoded"
2026-09-29 04:51:43.435 - INFO: Processing the following SPARQL query:
# Tier H-vocab — title literals, large
# Goal: external-vocabulary lookup pressure with larger bounded output.
PREFIX dblp: <https://dblp.org/rdf/schema#>

CONSTRUCT { ?paper dblp:title ?title }
WHERE {
  ?paper dblp:title ?title .
}
LIMIT 100000

2026-09-29 04:51:43.435 - INFO: Requested media types of the result are: "text/turtle"
2026-09-29 04:51:43.435 - INFO: Query planning done in 0 ms
2026-09-29 04:51:43.435 - INFO: Result has unknown size (not computed yet)
2026-09-29 04:51:43.701 - INFO: Done processing query and sending result, total time was 266 ms
2026-09-29 04:51:43.721 - INFO: 
2026-09-29 04:51:43.721 - INFO: Request received via GET, no content type specified
2026-09-29 04:51:43.721 - INFO: Processing command "clear-cache": clear the cache (unpinned elements only)
2026-09-29 04:51:43.739 - INFO: 
2026-09-29 04:51:43.739 - INFO: Request received via POST, content type "application/x-www-form-urlencoded"
2026-09-29 04:51:43.739 - INFO: Processing the following SPARQL query:
# Tier H-vocab — title literals, large
# Goal: external-vocabulary lookup pressure with larger bounded output.
PREFIX dblp: <https://dblp.org/rdf/schema#>

CONSTRUCT { ?paper dblp:title ?title }
WHERE {
  ?paper dblp:title ?title .
}
LIMIT 100000

2026-09-29 04:51:43.739 - INFO: Requested media types of the result are: "text/turtle"
2026-09-29 04:51:43.739 - INFO: Query planning done in 0 ms
2026-09-29 04:51:43.739 - INFO: Result has unknown size (not computed yet)
2026-09-29 04:51:44.004 - INFO: Done processing query and sending result, total time was 265 ms
2026-09-29 04:51:44.024 - INFO: 
2026-09-29 04:51:44.024 - INFO: Request received via GET, no content type specified
2026-09-29 04:51:44.024 - INFO: Processing command "clear-cache": clear the cache (unpinned elements only)
2026-09-29 04:51:44.042 - INFO: 
2026-09-29 04:51:44.042 - INFO: Request received via POST, content type "application/x-www-form-urlencoded"
2026-09-29 04:51:44.042 - INFO: Processing the following SPARQL query:
# Tier H-vocab — title literals, large
# Goal: external-vocabulary lookup pressure with larger bounded output.
PREFIX dblp: <https://dblp.org/rdf/schema#>

CONSTRUCT { ?paper dblp:title ?title }
WHERE {
  ?paper dblp:title ?title .
}
LIMIT 100000

2026-09-29 04:51:44.042 - INFO: Requested media types of the result are: "text/turtle"
2026-09-29 04:51:44.042 - INFO: Query planning done in 0 ms
2026-09-29 04:51:44.042 - INFO: Result has unknown size (not computed yet)
2026-09-29 04:51:44.307 - INFO: Done processing query and sending result, total time was 265 ms
2026-09-29 04:51:44.327 - INFO: 
2026-09-29 04:51:44.327 - INFO: Request received via GET, no content type specified
2026-09-29 04:51:44.327 - INFO: Processing command "clear-cache": clear the cache (unpinned elements only)
2026-09-29 04:51:44.345 - INFO: 
2026-09-29 04:51:44.345 - INFO: Request received via POST, content type "application/x-www-form-urlencoded"
2026-09-29 04:51:44.346 - INFO: Processing the following SPARQL query:
# Tier H-vocab — title literals, large
# Goal: external-vocabulary lookup pressure with larger bounded output.
PREFIX dblp: <https://dblp.org/rdf/schema#>

CONSTRUCT { ?paper dblp:title ?title }
WHERE {
  ?paper dblp:title ?title .
}
LIMIT 100000

2026-09-29 04:51:44.346 - INFO: Requested media types of the result are: "text/turtle"
2026-09-29 04:51:44.346 - INFO: Query planning done in 0 ms
2026-09-29 04:51:44.346 - INFO: Result has unknown size (not computed yet)
2026-09-29 04:51:44.610 - INFO: Done processing query and sending result, total time was 264 ms
2026-09-29 04:51:44.630 - INFO: 
2026-09-29 04:51:44.630 - INFO: Request received via GET, no content type specified
2026-09-29 04:51:44.630 - INFO: Processing command "clear-cache": clear the cache (unpinned elements only)
2026-09-29 04:51:44.648 - INFO: 
2026-09-29 04:51:44.648 - INFO: Request received via POST, content type "application/x-www-form-urlencoded"
2026-09-29 04:51:44.648 - INFO: Processing the following SPARQL query:
# Tier H-vocab — title literals, large
# Goal: external-vocabulary lookup pressure with larger bounded output.
PREFIX dblp: <https://dblp.org/rdf/schema#>

CONSTRUCT { ?paper dblp:title ?title }
WHERE {
  ?paper dblp:title ?title .
}
LIMIT 100000

2026-09-29 04:51:44.648 - INFO: Requested media types of the result are: "text/turtle"
2026-09-29 04:51:44.649 - INFO: Query planning done in 0 ms
2026-09-29 04:51:44.649 - INFO: Result has unknown size (not computed yet)
2026-09-29 04:51:44.914 - INFO: Done processing query and sending result, total time was 265 ms
2026-09-29 04:51:44.934 - INFO: 
2026-09-29 04:51:44.934 - INFO: Request received via GET, no content type specified
2026-09-29 04:51:44.934 - INFO: Processing command "clear-cache": clear the cache (unpinned elements only)
2026-09-29 04:51:44.952 - INFO: 
2026-09-29 04:51:44.952 - INFO: Request received via POST, content type "application/x-www-form-urlencoded"
2026-09-29 04:51:44.952 - INFO: Processing the following SPARQL query:
# Tier H-vocab — title literals, large
# Goal: external-vocabulary lookup pressure with larger bounded output.
PREFIX dblp: <https://dblp.org/rdf/schema#>

CONSTRUCT { ?paper dblp:title ?title }
WHERE {
  ?paper dblp:title ?title .
}
LIMIT 100000

2026-09-29 04:51:44.952 - INFO: Requested media types of the result are: "text/turtle"
2026-09-29 04:51:44.952 - INFO: Query planning done in 0 ms
2026-09-29 04:51:44.952 - INFO: Result has unknown size (not computed yet)
2026-09-29 04:51:45.221 - INFO: Done processing query and sending result, total time was 269 ms
2026-09-29 04:51:45.241 - INFO: 
2026-09-29 04:51:45.241 - INFO: Request received via GET, no content type specified
2026-09-29 04:51:45.241 - INFO: Processing command "clear-cache": clear the cache (unpinned elements only)
2026-09-29 04:51:45.259 - INFO: 
2026-09-29 04:51:45.259 - INFO: Request received via POST, content type "application/x-www-form-urlencoded"
2026-09-29 04:51:45.259 - INFO: Processing the following SPARQL query:
# Tier H-vocab — title literals, large
# Goal: external-vocabulary lookup pressure with larger bounded output.
PREFIX dblp: <https://dblp.org/rdf/schema#>

CONSTRUCT { ?paper dblp:title ?title }
WHERE {
  ?paper dblp:title ?title .
}
LIMIT 100000

2026-09-29 04:51:45.259 - INFO: Requested media types of the result are: "text/turtle"
2026-09-29 04:51:45.259 - INFO: Query planning done in 0 ms
2026-09-29 04:51:45.260 - INFO: Result has unknown size (not computed yet)
2026-09-29 04:51:45.529 - INFO: Done processing query and sending result, total time was 270 ms
2026-09-29 04:51:45.549 - INFO: 
2026-09-29 04:51:45.549 - INFO: Request received via GET, no content type specified
2026-09-29 04:51:45.549 - INFO: Processing command "clear-cache": clear the cache (unpinned elements only)
2026-09-29 04:51:45.567 - INFO: 
2026-09-29 04:51:45.567 - INFO: Request received via POST, content type "application/x-www-form-urlencoded"
2026-09-29 04:51:45.568 - INFO: Processing the following SPARQL query:
# Tier H-vocab — title literals, large
# Goal: external-vocabulary lookup pressure with larger bounded output.
PREFIX dblp: <https://dblp.org/rdf/schema#>

CONSTRUCT { ?paper dblp:title ?title }
WHERE {
  ?paper dblp:title ?title .
}
LIMIT 100000

2026-09-29 04:51:45.568 - INFO: Requested media types of the result are: "text/turtle"
2026-09-29 04:51:45.568 - INFO: Query planning done in 0 ms
2026-09-29 04:51:45.568 - INFO: Result has unknown size (not computed yet)
2026-09-29 04:51:45.842 - INFO: Done processing query and sending result, total time was 274 ms
2026-09-29 04:51:45.862 - INFO: 
2026-09-29 04:51:45.862 - INFO: Request received via GET, no content type specified
2026-09-29 04:51:45.862 - INFO: Processing command "clear-cache": clear the cache (unpinned elements only)
2026-09-29 04:51:45.880 - INFO: 
2026-09-29 04:51:45.880 - INFO: Request received via POST, content type "application/x-www-form-urlencoded"
2026-09-29 04:51:45.880 - INFO: Processing the following SPARQL query:
# Tier H-vocab — title literals, large
# Goal: external-vocabulary lookup pressure with larger bounded output.
PREFIX dblp: <https://dblp.org/rdf/schema#>

CONSTRUCT { ?paper dblp:title ?title }
WHERE {
  ?paper dblp:title ?title .
}
LIMIT 100000

2026-09-29 04:51:45.880 - INFO: Requested media types of the result are: "text/turtle"
2026-09-29 04:51:45.880 - INFO: Query planning done in 0 ms
2026-09-29 04:51:45.880 - INFO: Result has unknown size (not computed yet)
2026-09-29 04:51:46.155 - INFO: Done processing query and sending result, total time was 274 ms
2026-09-29 04:51:46.175 - INFO: 
2026-09-29 04:51:46.175 - INFO: Request received via GET, no content type specified
2026-09-29 04:51:46.175 - INFO: Processing command "clear-cache": clear the cache (unpinned elements only)
2026-09-29 04:51:46.193 - INFO: 
2026-09-29 04:51:46.193 - INFO: Request received via POST, content type "application/x-www-form-urlencoded"
2026-09-29 04:51:46.193 - INFO: Processing the following SPARQL query:
# Tier H-vocab — title literals, large
# Goal: external-vocabulary lookup pressure with larger bounded output.
PREFIX dblp: <https://dblp.org/rdf/schema#>

CONSTRUCT { ?paper dblp:title ?title }
WHERE {
  ?paper dblp:title ?title .
}
LIMIT 100000

2026-09-29 04:51:46.193 - INFO: Requested media types of the result are: "text/turtle"
2026-09-29 04:51:46.193 - INFO: Query planning done in 0 ms
2026-09-29 04:51:46.193 - INFO: Result has unknown size (not computed yet)
2026-09-29 04:51:46.460 - INFO: Done processing query and sending result, total time was 267 ms
2026-09-29 04:51:46.786 - INFO: 
2026-09-29 04:51:46.786 - INFO: Request received via GET, no content type specified
2026-09-29 04:51:46.786 - INFO: Processing command "clear-cache": clear the cache (unpinned elements only)
2026-09-29 04:51:46.804 - INFO: 
2026-09-29 04:51:46.804 - INFO: Request received via POST, content type "application/x-www-form-urlencoded"
2026-09-29 04:51:46.804 - INFO: Processing the following SPARQL query:
# Tier H-vocab — title literals, large
# Goal: external-vocabulary lookup pressure with larger bounded output.
PREFIX dblp: <https://dblp.org/rdf/schema#>

CONSTRUCT { ?paper dblp:title ?title }
WHERE {
  ?paper dblp:title ?title .
}
LIMIT 100000

2026-09-29 04:51:46.804 - INFO: Requested media types of the result are: "text/turtle"
2026-09-29 04:51:46.804 - INFO: Query planning done in 0 ms
2026-09-29 04:51:46.805 - INFO: Result has unknown size (not computed yet)
2026-09-29 04:51:47.091 - INFO: Done processing query and sending result, total time was 287 ms
2026-09-29 04:51:47.111 - INFO: 
2026-09-29 04:51:47.111 - INFO: Request received via GET, no content type specified
2026-09-29 04:51:47.111 - INFO: Processing command "clear-cache": clear the cache (unpinned elements only)
2026-09-29 04:51:47.129 - INFO: 
2026-09-29 04:51:47.129 - INFO: Request received via POST, content type "application/x-www-form-urlencoded"
2026-09-29 04:51:47.129 - INFO: Processing the following SPARQL query:
# Tier H-vocab — title literals, large
# Goal: external-vocabulary lookup pressure with larger bounded output.
PREFIX dblp: <https://dblp.org/rdf/schema#>

CONSTRUCT { ?paper dblp:title ?title }
WHERE {
  ?paper dblp:title ?title .
}
LIMIT 100000

2026-09-29 04:51:47.129 - INFO: Requested media types of the result are: "text/turtle"
2026-09-29 04:51:47.129 - INFO: Query planning done in 0 ms
2026-09-29 04:51:47.130 - INFO: Result has unknown size (not computed yet)
2026-09-29 04:51:47.415 - INFO: Done processing query and sending result, total time was 286 ms
2026-09-29 04:51:47.435 - INFO: 
2026-09-29 04:51:47.435 - INFO: Request received via GET, no content type specified
2026-09-29 04:51:47.435 - INFO: Processing command "clear-cache": clear the cache (unpinned elements only)
2026-09-29 04:51:47.460 - INFO: 
2026-09-29 04:51:47.460 - INFO: Request received via POST, content type "application/x-www-form-urlencoded"
2026-09-29 04:51:47.460 - INFO: Processing the following SPARQL query:
# Tier H-vocab — title literals, large
# Goal: external-vocabulary lookup pressure with larger bounded output.
PREFIX dblp: <https://dblp.org/rdf/schema#>

CONSTRUCT { ?paper dblp:title ?title }
WHERE {
  ?paper dblp:title ?title .
}
LIMIT 100000

2026-09-29 04:51:47.460 - INFO: Requested media types of the result are: "text/turtle"
2026-09-29 04:51:47.461 - INFO: Query planning done in 0 ms
2026-09-29 04:51:47.461 - INFO: Result has unknown size (not computed yet)
2026-09-29 04:51:47.747 - INFO: Done processing query and sending result, total time was 286 ms
2026-09-29 04:51:47.767 - INFO: 
2026-09-29 04:51:47.767 - INFO: Request received via GET, no content type specified
2026-09-29 04:51:47.767 - INFO: Processing command "clear-cache": clear the cache (unpinned elements only)
2026-09-29 04:51:47.785 - INFO: 
2026-09-29 04:51:47.785 - INFO: Request received via POST, content type "application/x-www-form-urlencoded"
2026-09-29 04:51:47.785 - INFO: Processing the following SPARQL query:
# Tier H-vocab — title literals, large
# Goal: external-vocabulary lookup pressure with larger bounded output.
PREFIX dblp: <https://dblp.org/rdf/schema#>

CONSTRUCT { ?paper dblp:title ?title }
WHERE {
  ?paper dblp:title ?title .
}
LIMIT 100000

2026-09-29 04:51:47.785 - INFO: Requested media types of the result are: "text/turtle"
2026-09-29 04:51:47.786 - INFO: Query planning done in 0 ms
2026-09-29 04:51:47.786 - INFO: Result has unknown size (not computed yet)
2026-09-29 04:51:48.073 - INFO: Done processing query and sending result, total time was 287 ms
2026-09-29 04:51:48.093 - INFO: 
2026-09-29 04:51:48.093 - INFO: Request received via GET, no content type specified
2026-09-29 04:51:48.093 - INFO: Processing command "clear-cache": clear the cache (unpinned elements only)
2026-09-29 04:51:48.111 - INFO: 
2026-09-29 04:51:48.111 - INFO: Request received via POST, content type "application/x-www-form-urlencoded"
2026-09-29 04:51:48.111 - INFO: Processing the following SPARQL query:
# Tier H-vocab — title literals, large
# Goal: external-vocabulary lookup pressure with larger bounded output.
PREFIX dblp: <https://dblp.org/rdf/schema#>

CONSTRUCT { ?paper dblp:title ?title }
WHERE {
  ?paper dblp:title ?title .
}
LIMIT 100000

2026-09-29 04:51:48.111 - INFO: Requested media types of the result are: "text/turtle"
2026-09-29 04:51:48.111 - INFO: Query planning done in 0 ms
2026-09-29 04:51:48.111 - INFO: Result has unknown size (not computed yet)
2026-09-29 04:51:48.387 - INFO: Done processing query and sending result, total time was 276 ms
2026-09-29 04:51:48.407 - INFO: 
2026-09-29 04:51:48.407 - INFO: Request received via GET, no content type specified
2026-09-29 04:51:48.407 - INFO: Processing command "clear-cache": clear the cache (unpinned elements only)
2026-09-29 04:51:48.425 - INFO: 
2026-09-29 04:51:48.425 - INFO: Request received via POST, content type "application/x-www-form-urlencoded"
2026-09-29 04:51:48.425 - INFO: Processing the following SPARQL query:
# Tier H-vocab — title literals, large
# Goal: external-vocabulary lookup pressure with larger bounded output.
PREFIX dblp: <https://dblp.org/rdf/schema#>

CONSTRUCT { ?paper dblp:title ?title }
WHERE {
  ?paper dblp:title ?title .
}
LIMIT 100000

2026-09-29 04:51:48.425 - INFO: Requested media types of the result are: "text/turtle"
2026-09-29 04:51:48.426 - INFO: Query planning done in 0 ms
2026-09-29 04:51:48.426 - INFO: Result has unknown size (not computed yet)
2026-09-29 04:51:48.695 - INFO: Done processing query and sending result, total time was 269 ms
2026-09-29 04:51:48.715 - INFO: 
2026-09-29 04:51:48.715 - INFO: Request received via GET, no content type specified
2026-09-29 04:51:48.715 - INFO: Processing command "clear-cache": clear the cache (unpinned elements only)
2026-09-29 04:51:48.733 - INFO: 
2026-09-29 04:51:48.733 - INFO: Request received via POST, content type "application/x-www-form-urlencoded"
2026-09-29 04:51:48.733 - INFO: Processing the following SPARQL query:
# Tier H-vocab — title literals, large
# Goal: external-vocabulary lookup pressure with larger bounded output.
PREFIX dblp: <https://dblp.org/rdf/schema#>

CONSTRUCT { ?paper dblp:title ?title }
WHERE {
  ?paper dblp:title ?title .
}
LIMIT 100000

2026-09-29 04:51:48.733 - INFO: Requested media types of the result are: "text/turtle"
2026-09-29 04:51:48.733 - INFO: Query planning done in 0 ms
2026-09-29 04:51:48.733 - INFO: Result has unknown size (not computed yet)
2026-09-29 04:51:49.002 - INFO: Done processing query and sending result, total time was 269 ms
2026-09-29 04:51:49.022 - INFO: 
2026-09-29 04:51:49.022 - INFO: Request received via GET, no content type specified
2026-09-29 04:51:49.022 - INFO: Processing command "clear-cache": clear the cache (unpinned elements only)
2026-09-29 04:51:49.040 - INFO: 
2026-09-29 04:51:49.040 - INFO: Request received via POST, content type "application/x-www-form-urlencoded"
2026-09-29 04:51:49.040 - INFO: Processing the following SPARQL query:
# Tier H-vocab — title literals, large
# Goal: external-vocabulary lookup pressure with larger bounded output.
PREFIX dblp: <https://dblp.org/rdf/schema#>

CONSTRUCT { ?paper dblp:title ?title }
WHERE {
  ?paper dblp:title ?title .
}
LIMIT 100000

2026-09-29 04:51:49.040 - INFO: Requested media types of the result are: "text/turtle"
2026-09-29 04:51:49.040 - INFO: Query planning done in 0 ms
2026-09-29 04:51:49.040 - INFO: Result has unknown size (not computed yet)
2026-09-29 04:51:49.308 - INFO: Done processing query and sending result, total time was 267 ms
2026-09-29 04:51:49.328 - INFO: 
2026-09-29 04:51:49.328 - INFO: Request received via GET, no content type specified
2026-09-29 04:51:49.328 - INFO: Processing command "clear-cache": clear the cache (unpinned elements only)
2026-09-29 04:51:49.346 - INFO: 
2026-09-29 04:51:49.346 - INFO: Request received via POST, content type "application/x-www-form-urlencoded"
2026-09-29 04:51:49.346 - INFO: Processing the following SPARQL query:
# Tier H-vocab — title literals, large
# Goal: external-vocabulary lookup pressure with larger bounded output.
PREFIX dblp: <https://dblp.org/rdf/schema#>

CONSTRUCT { ?paper dblp:title ?title }
WHERE {
  ?paper dblp:title ?title .
}
LIMIT 100000

2026-09-29 04:51:49.346 - INFO: Requested media types of the result are: "text/turtle"
2026-09-29 04:51:49.346 - INFO: Query planning done in 0 ms
2026-09-29 04:51:49.346 - INFO: Result has unknown size (not computed yet)
2026-09-29 04:51:49.613 - INFO: Done processing query and sending result, total time was 267 ms
2026-09-29 04:51:49.633 - INFO: 
2026-09-29 04:51:49.633 - INFO: Request received via GET, no content type specified
2026-09-29 04:51:49.633 - INFO: Processing command "clear-cache": clear the cache (unpinned elements only)
2026-09-29 04:51:49.651 - INFO: 
2026-09-29 04:51:49.651 - INFO: Request received via POST, content type "application/x-www-form-urlencoded"
2026-09-29 04:51:49.651 - INFO: Processing the following SPARQL query:
# Tier H-vocab — title literals, large
# Goal: external-vocabulary lookup pressure with larger bounded output.
PREFIX dblp: <https://dblp.org/rdf/schema#>

CONSTRUCT { ?paper dblp:title ?title }
WHERE {
  ?paper dblp:title ?title .
}
LIMIT 100000

2026-09-29 04:51:49.651 - INFO: Requested media types of the result are: "text/turtle"
2026-09-29 04:51:49.651 - INFO: Query planning done in 0 ms
2026-09-29 04:51:49.651 - INFO: Result has unknown size (not computed yet)
2026-09-29 04:51:49.918 - INFO: Done processing query and sending result, total time was 267 ms
2026-09-29 04:51:49.938 - INFO: 
2026-09-29 04:51:49.938 - INFO: Request received via GET, no content type specified
2026-09-29 04:51:49.938 - INFO: Processing command "clear-cache": clear the cache (unpinned elements only)
2026-09-29 04:51:49.956 - INFO: 
2026-09-29 04:51:49.956 - INFO: Request received via POST, content type "application/x-www-form-urlencoded"
2026-09-29 04:51:49.956 - INFO: Processing the following SPARQL query:
# Tier H-vocab — title literals, large
# Goal: external-vocabulary lookup pressure with larger bounded output.
PREFIX dblp: <https://dblp.org/rdf/schema#>

CONSTRUCT { ?paper dblp:title ?title }
WHERE {
  ?paper dblp:title ?title .
}
LIMIT 100000

2026-09-29 04:51:49.956 - INFO: Requested media types of the result are: "text/turtle"
2026-09-29 04:51:49.956 - INFO: Query planning done in 0 ms
2026-09-29 04:51:49.957 - INFO: Result has unknown size (not computed yet)
2026-09-29 04:51:50.225 - INFO: Done processing query and sending result, total time was 268 ms
2026-09-29 04:51:50.245 - INFO: 
2026-09-29 04:51:50.245 - INFO: Request received via GET, no content type specified
2026-09-29 04:51:50.245 - INFO: Processing command "clear-cache": clear the cache (unpinned elements only)
2026-09-29 04:51:50.263 - INFO: 
2026-09-29 04:51:50.263 - INFO: Request received via POST, content type "application/x-www-form-urlencoded"
2026-09-29 04:51:50.263 - INFO: Processing the following SPARQL query:
# Tier H-vocab — title literals, large
# Goal: external-vocabulary lookup pressure with larger bounded output.
PREFIX dblp: <https://dblp.org/rdf/schema#>

CONSTRUCT { ?paper dblp:title ?title }
WHERE {
  ?paper dblp:title ?title .
}
LIMIT 100000

2026-09-29 04:51:50.263 - INFO: Requested media types of the result are: "text/turtle"
2026-09-29 04:51:50.263 - INFO: Query planning done in 0 ms
2026-09-29 04:51:50.263 - INFO: Result has unknown size (not computed yet)
2026-09-29 04:51:50.528 - INFO: Done processing query and sending result, total time was 265 ms
2026-09-29 04:51:50.548 - INFO: 
2026-09-29 04:51:50.548 - INFO: Request received via GET, no content type specified
2026-09-29 04:51:50.548 - INFO: Processing command "clear-cache": clear the cache (unpinned elements only)
2026-09-29 04:51:50.566 - INFO: 
2026-09-29 04:51:50.566 - INFO: Request received via POST, content type "application/x-www-form-urlencoded"
2026-09-29 04:51:50.566 - INFO: Processing the following SPARQL query:
# Tier H-vocab — title literals, large
# Goal: external-vocabulary lookup pressure with larger bounded output.
PREFIX dblp: <https://dblp.org/rdf/schema#>

CONSTRUCT { ?paper dblp:title ?title }
WHERE {
  ?paper dblp:title ?title .
}
LIMIT 100000

2026-09-29 04:51:50.566 - INFO: Requested media types of the result are: "text/turtle"
2026-09-29 04:51:50.567 - INFO: Query planning done in 0 ms
2026-09-29 04:51:50.567 - INFO: Result has unknown size (not computed yet)
2026-09-29 04:51:50.833 - INFO: Done processing query and sending result, total time was 266 ms
2026-09-29 04:51:50.853 - INFO: 
2026-09-29 04:51:50.853 - INFO: Request received via GET, no content type specified
2026-09-29 04:51:50.853 - INFO: Processing command "clear-cache": clear the cache (unpinned elements only)
2026-09-29 04:51:50.871 - INFO: 
2026-09-29 04:51:50.871 - INFO: Request received via POST, content type "application/x-www-form-urlencoded"
2026-09-29 04:51:50.871 - INFO: Processing the following SPARQL query:
# Tier H-vocab — title literals, large
# Goal: external-vocabulary lookup pressure with larger bounded output.
PREFIX dblp: <https://dblp.org/rdf/schema#>

CONSTRUCT { ?paper dblp:title ?title }
WHERE {
  ?paper dblp:title ?title .
}
LIMIT 100000

2026-09-29 04:51:50.871 - INFO: Requested media types of the result are: "text/turtle"
2026-09-29 04:51:50.871 - INFO: Query planning done in 0 ms
2026-09-29 04:51:50.871 - INFO: Result has unknown size (not computed yet)
2026-09-29 04:51:51.138 - INFO: Done processing query and sending result, total time was 267 ms
2026-09-29 04:51:51.158 - INFO: 
2026-09-29 04:51:51.158 - INFO: Request received via GET, no content type specified
2026-09-29 04:51:51.158 - INFO: Processing command "clear-cache": clear the cache (unpinned elements only)
2026-09-29 04:51:51.176 - INFO: 
2026-09-29 04:51:51.176 - INFO: Request received via POST, content type "application/x-www-form-urlencoded"
2026-09-29 04:51:51.176 - INFO: Processing the following SPARQL query:
# Tier H-vocab — title literals, large
# Goal: external-vocabulary lookup pressure with larger bounded output.
PREFIX dblp: <https://dblp.org/rdf/schema#>

CONSTRUCT { ?paper dblp:title ?title }
WHERE {
  ?paper dblp:title ?title .
}
LIMIT 100000

2026-09-29 04:51:51.176 - INFO: Requested media types of the result are: "text/turtle"
2026-09-29 04:51:51.177 - INFO: Query planning done in 0 ms
2026-09-29 04:51:51.177 - INFO: Result has unknown size (not computed yet)
2026-09-29 04:51:51.445 - INFO: Done processing query and sending result, total time was 268 ms
2026-09-29 04:51:51.465 - INFO: 
2026-09-29 04:51:51.465 - INFO: Request received via GET, no content type specified
2026-09-29 04:51:51.465 - INFO: Processing command "clear-cache": clear the cache (unpinned elements only)
2026-09-29 04:51:51.490 - INFO: 
2026-09-29 04:51:51.490 - INFO: Request received via POST, content type "application/x-www-form-urlencoded"
2026-09-29 04:51:51.490 - INFO: Processing the following SPARQL query:
# Tier H-vocab — title literals, large
# Goal: external-vocabulary lookup pressure with larger bounded output.
PREFIX dblp: <https://dblp.org/rdf/schema#>

CONSTRUCT { ?paper dblp:title ?title }
WHERE {
  ?paper dblp:title ?title .
}
LIMIT 100000

2026-09-29 04:51:51.490 - INFO: Requested media types of the result are: "text/turtle"
2026-09-29 04:51:51.491 - INFO: Query planning done in 0 ms
2026-09-29 04:51:51.491 - INFO: Result has unknown size (not computed yet)
2026-09-29 04:51:51.756 - INFO: Done processing query and sending result, total time was 265 ms
2026-09-29 04:51:51.776 - INFO: 
2026-09-29 04:51:51.776 - INFO: Request received via GET, no content type specified
2026-09-29 04:51:51.776 - INFO: Processing command "clear-cache": clear the cache (unpinned elements only)
2026-09-29 04:51:51.794 - INFO: 
2026-09-29 04:51:51.794 - INFO: Request received via POST, content type "application/x-www-form-urlencoded"
2026-09-29 04:51:51.794 - INFO: Processing the following SPARQL query:
# Tier H-vocab — title literals, large
# Goal: external-vocabulary lookup pressure with larger bounded output.
PREFIX dblp: <https://dblp.org/rdf/schema#>

CONSTRUCT { ?paper dblp:title ?title }
WHERE {
  ?paper dblp:title ?title .
}
LIMIT 100000

2026-09-29 04:51:51.794 - INFO: Requested media types of the result are: "text/turtle"
2026-09-29 04:51:51.795 - INFO: Query planning done in 0 ms
2026-09-29 04:51:51.795 - INFO: Result has unknown size (not computed yet)
2026-09-29 04:51:52.060 - INFO: Done processing query and sending result, total time was 266 ms
2026-09-29 04:51:52.081 - INFO: 
2026-09-29 04:51:52.081 - INFO: Request received via GET, no content type specified
2026-09-29 04:51:52.081 - INFO: Processing command "clear-cache": clear the cache (unpinned elements only)
2026-09-29 04:51:52.099 - INFO: 
2026-09-29 04:51:52.099 - INFO: Request received via POST, content type "application/x-www-form-urlencoded"
2026-09-29 04:51:52.099 - INFO: Processing the following SPARQL query:
# Tier H-vocab — title literals, large
# Goal: external-vocabulary lookup pressure with larger bounded output.
PREFIX dblp: <https://dblp.org/rdf/schema#>

CONSTRUCT { ?paper dblp:title ?title }
WHERE {
  ?paper dblp:title ?title .
}
LIMIT 100000

2026-09-29 04:51:52.099 - INFO: Requested media types of the result are: "text/turtle"
2026-09-29 04:51:52.099 - INFO: Query planning done in 0 ms
2026-09-29 04:51:52.099 - INFO: Result has unknown size (not computed yet)
2026-09-29 04:51:52.365 - INFO: Done processing query and sending result, total time was 266 ms
2026-09-29 04:51:52.385 - INFO: 
2026-09-29 04:51:52.385 - INFO: Request received via GET, no content type specified
2026-09-29 04:51:52.385 - INFO: Processing command "clear-cache": clear the cache (unpinned elements only)
2026-09-29 04:51:52.403 - INFO: 
2026-09-29 04:51:52.403 - INFO: Request received via POST, content type "application/x-www-form-urlencoded"
2026-09-29 04:51:52.403 - INFO: Processing the following SPARQL query:
# Tier H-vocab — title literals, large
# Goal: external-vocabulary lookup pressure with larger bounded output.
PREFIX dblp: <https://dblp.org/rdf/schema#>

CONSTRUCT { ?paper dblp:title ?title }
WHERE {
  ?paper dblp:title ?title .
}
LIMIT 100000

2026-09-29 04:51:52.403 - INFO: Requested media types of the result are: "text/turtle"
2026-09-29 04:51:52.403 - INFO: Query planning done in 0 ms
2026-09-29 04:51:52.404 - INFO: Result has unknown size (not computed yet)
2026-09-29 04:51:52.678 - INFO: Done processing query and sending result, total time was 274 ms
2026-09-29 04:51:52.698 - INFO: 
2026-09-29 04:51:52.698 - INFO: Request received via GET, no content type specified
2026-09-29 04:51:52.698 - INFO: Processing command "clear-cache": clear the cache (unpinned elements only)
2026-09-29 04:51:52.716 - INFO: 
2026-09-29 04:51:52.716 - INFO: Request received via POST, content type "application/x-www-form-urlencoded"
2026-09-29 04:51:52.716 - INFO: Processing the following SPARQL query:
# Tier H-vocab — title literals, large
# Goal: external-vocabulary lookup pressure with larger bounded output.
PREFIX dblp: <https://dblp.org/rdf/schema#>

CONSTRUCT { ?paper dblp:title ?title }
WHERE {
  ?paper dblp:title ?title .
}
LIMIT 100000

2026-09-29 04:51:52.716 - INFO: Requested media types of the result are: "text/turtle"
2026-09-29 04:51:52.716 - INFO: Query planning done in 0 ms
2026-09-29 04:51:52.716 - INFO: Result has unknown size (not computed yet)
2026-09-29 04:51:52.990 - INFO: Done processing query and sending result, total time was 274 ms
2026-09-29 04:51:53.010 - INFO: 
2026-09-29 04:51:53.010 - INFO: Request received via GET, no content type specified
2026-09-29 04:51:53.010 - INFO: Processing command "clear-cache": clear the cache (unpinned elements only)
2026-09-29 04:51:53.028 - INFO: 
2026-09-29 04:51:53.028 - INFO: Request received via POST, content type "application/x-www-form-urlencoded"
2026-09-29 04:51:53.029 - INFO: Processing the following SPARQL query:
# Tier H-vocab — title literals, large
# Goal: external-vocabulary lookup pressure with larger bounded output.
PREFIX dblp: <https://dblp.org/rdf/schema#>

CONSTRUCT { ?paper dblp:title ?title }
WHERE {
  ?paper dblp:title ?title .
}
LIMIT 100000

2026-09-29 04:51:53.029 - INFO: Requested media types of the result are: "text/turtle"
2026-09-29 04:51:53.029 - INFO: Query planning done in 0 ms
2026-09-29 04:51:53.029 - INFO: Result has unknown size (not computed yet)
2026-09-29 04:51:53.307 - INFO: Done processing query and sending result, total time was 278 ms
2026-09-29 04:51:53.327 - INFO: 
2026-09-29 04:51:53.327 - INFO: Request received via GET, no content type specified
2026-09-29 04:51:53.327 - INFO: Processing command "clear-cache": clear the cache (unpinned elements only)
2026-09-29 04:51:53.345 - INFO: 
2026-09-29 04:51:53.345 - INFO: Request received via POST, content type "application/x-www-form-urlencoded"
2026-09-29 04:51:53.345 - INFO: Processing the following SPARQL query:
# Tier H-vocab — title literals, large
# Goal: external-vocabulary lookup pressure with larger bounded output.
PREFIX dblp: <https://dblp.org/rdf/schema#>

CONSTRUCT { ?paper dblp:title ?title }
WHERE {
  ?paper dblp:title ?title .
}
LIMIT 100000

2026-09-29 04:51:53.345 - INFO: Requested media types of the result are: "text/turtle"
2026-09-29 04:51:53.346 - INFO: Query planning done in 0 ms
2026-09-29 04:51:53.346 - INFO: Result has unknown size (not computed yet)
2026-09-29 04:51:53.622 - INFO: Done processing query and sending result, total time was 277 ms
2026-09-29 04:51:53.643 - INFO: 
2026-09-29 04:51:53.643 - INFO: Request received via GET, no content type specified
2026-09-29 04:51:53.643 - INFO: Processing command "clear-cache": clear the cache (unpinned elements only)
2026-09-29 04:51:53.661 - INFO: 
2026-09-29 04:51:53.661 - INFO: Request received via POST, content type "application/x-www-form-urlencoded"
2026-09-29 04:51:53.661 - INFO: Processing the following SPARQL query:
# Tier H-vocab — title literals, large
# Goal: external-vocabulary lookup pressure with larger bounded output.
PREFIX dblp: <https://dblp.org/rdf/schema#>

CONSTRUCT { ?paper dblp:title ?title }
WHERE {
  ?paper dblp:title ?title .
}
LIMIT 100000

2026-09-29 04:51:53.661 - INFO: Requested media types of the result are: "text/turtle"
2026-09-29 04:51:53.661 - INFO: Query planning done in 0 ms
2026-09-29 04:51:53.661 - INFO: Result has unknown size (not computed yet)
2026-09-29 04:51:53.942 - INFO: Done processing query and sending result, total time was 281 ms
2026-09-29 04:51:53.962 - INFO: 
2026-09-29 04:51:53.962 - INFO: Request received via GET, no content type specified
2026-09-29 04:51:53.962 - INFO: Processing command "clear-cache": clear the cache (unpinned elements only)
2026-09-29 04:51:53.980 - INFO: 
2026-09-29 04:51:53.980 - INFO: Request received via POST, content type "application/x-www-form-urlencoded"
2026-09-29 04:51:53.980 - INFO: Processing the following SPARQL query:
# Tier H-vocab — title literals, large
# Goal: external-vocabulary lookup pressure with larger bounded output.
PREFIX dblp: <https://dblp.org/rdf/schema#>

CONSTRUCT { ?paper dblp:title ?title }
WHERE {
  ?paper dblp:title ?title .
}
LIMIT 100000

2026-09-29 04:51:53.980 - INFO: Requested media types of the result are: "text/turtle"
2026-09-29 04:51:53.980 - INFO: Query planning done in 0 ms
2026-09-29 04:51:53.980 - INFO: Result has unknown size (not computed yet)
2026-09-29 04:51:54.259 - INFO: Done processing query and sending result, total time was 278 ms
2026-09-29 04:51:54.279 - INFO: 
2026-09-29 04:51:54.279 - INFO: Request received via GET, no content type specified
2026-09-29 04:51:54.279 - INFO: Processing command "clear-cache": clear the cache (unpinned elements only)
2026-09-29 04:51:54.297 - INFO: 
2026-09-29 04:51:54.297 - INFO: Request received via POST, content type "application/x-www-form-urlencoded"
2026-09-29 04:51:54.297 - INFO: Processing the following SPARQL query:
# Tier H-vocab — title literals, large
# Goal: external-vocabulary lookup pressure with larger bounded output.
PREFIX dblp: <https://dblp.org/rdf/schema#>

CONSTRUCT { ?paper dblp:title ?title }
WHERE {
  ?paper dblp:title ?title .
}
LIMIT 100000

2026-09-29 04:51:54.297 - INFO: Requested media types of the result are: "text/turtle"
2026-09-29 04:51:54.297 - INFO: Query planning done in 0 ms
2026-09-29 04:51:54.298 - INFO: Result has unknown size (not computed yet)
2026-09-29 04:51:54.584 - INFO: Done processing query and sending result, total time was 286 ms
2026-09-29 04:51:54.604 - INFO: 
2026-09-29 04:51:54.604 - INFO: Request received via GET, no content type specified
2026-09-29 04:51:54.604 - INFO: Processing command "clear-cache": clear the cache (unpinned elements only)
2026-09-29 04:51:54.622 - INFO: 
2026-09-29 04:51:54.622 - INFO: Request received via POST, content type "application/x-www-form-urlencoded"
2026-09-29 04:51:54.622 - INFO: Processing the following SPARQL query:
# Tier H-vocab — title literals, large
# Goal: external-vocabulary lookup pressure with larger bounded output.
PREFIX dblp: <https://dblp.org/rdf/schema#>

CONSTRUCT { ?paper dblp:title ?title }
WHERE {
  ?paper dblp:title ?title .
}
LIMIT 100000

2026-09-29 04:51:54.622 - INFO: Requested media types of the result are: "text/turtle"
2026-09-29 04:51:54.622 - INFO: Query planning done in 0 ms
2026-09-29 04:51:54.622 - INFO: Result has unknown size (not computed yet)
2026-09-29 04:51:54.911 - INFO: Done processing query and sending result, total time was 289 ms
2026-09-29 04:51:54.932 - INFO: 
2026-09-29 04:51:54.932 - INFO: Request received via GET, no content type specified
2026-09-29 04:51:54.932 - INFO: Processing command "clear-cache": clear the cache (unpinned elements only)
2026-09-29 04:51:54.949 - INFO: 
2026-09-29 04:51:54.949 - INFO: Request received via POST, content type "application/x-www-form-urlencoded"
2026-09-29 04:51:54.950 - INFO: Processing the following SPARQL query:
# Tier H-vocab — title literals, large
# Goal: external-vocabulary lookup pressure with larger bounded output.
PREFIX dblp: <https://dblp.org/rdf/schema#>

CONSTRUCT { ?paper dblp:title ?title }
WHERE {
  ?paper dblp:title ?title .
}
LIMIT 100000

2026-09-29 04:51:54.950 - INFO: Requested media types of the result are: "text/turtle"
2026-09-29 04:51:54.950 - INFO: Query planning done in 0 ms
2026-09-29 04:51:54.950 - INFO: Result has unknown size (not computed yet)
2026-09-29 04:51:55.240 - INFO: Done processing query and sending result, total time was 290 ms
2026-09-29 04:51:55.260 - INFO: 
2026-09-29 04:51:55.260 - INFO: Request received via GET, no content type specified
2026-09-29 04:51:55.260 - INFO: Processing command "clear-cache": clear the cache (unpinned elements only)
2026-09-29 04:51:55.278 - INFO: 
2026-09-29 04:51:55.278 - INFO: Request received via POST, content type "application/x-www-form-urlencoded"
2026-09-29 04:51:55.278 - INFO: Processing the following SPARQL query:
# Tier H-vocab — title literals, large
# Goal: external-vocabulary lookup pressure with larger bounded output.
PREFIX dblp: <https://dblp.org/rdf/schema#>

CONSTRUCT { ?paper dblp:title ?title }
WHERE {
  ?paper dblp:title ?title .
}
LIMIT 100000

2026-09-29 04:51:55.278 - INFO: Requested media types of the result are: "text/turtle"
2026-09-29 04:51:55.278 - INFO: Query planning done in 0 ms
2026-09-29 04:51:55.279 - INFO: Result has unknown size (not computed yet)
2026-09-29 04:51:55.569 - INFO: Done processing query and sending result, total time was 290 ms
2026-09-29 04:51:55.589 - INFO: 
2026-09-29 04:51:55.589 - INFO: Request received via GET, no content type specified
2026-09-29 04:51:55.589 - INFO: Processing command "clear-cache": clear the cache (unpinned elements only)
2026-09-29 04:51:55.614 - INFO: 
2026-09-29 04:51:55.614 - INFO: Request received via POST, content type "application/x-www-form-urlencoded"
2026-09-29 04:51:55.615 - INFO: Processing the following SPARQL query:
# Tier H-vocab — title literals, large
# Goal: external-vocabulary lookup pressure with larger bounded output.
PREFIX dblp: <https://dblp.org/rdf/schema#>

CONSTRUCT { ?paper dblp:title ?title }
WHERE {
  ?paper dblp:title ?title .
}
LIMIT 100000

2026-09-29 04:51:55.615 - INFO: Requested media types of the result are: "text/turtle"
2026-09-29 04:51:55.615 - INFO: Query planning done in 0 ms
2026-09-29 04:51:55.615 - INFO: Result has unknown size (not computed yet)
2026-09-29 04:51:55.905 - INFO: Done processing query and sending result, total time was 291 ms
2026-09-29 04:51:55.926 - INFO: 
2026-09-29 04:51:55.926 - INFO: Request received via GET, no content type specified
2026-09-29 04:51:55.926 - INFO: Processing command "clear-cache": clear the cache (unpinned elements only)
2026-09-29 04:51:55.944 - INFO: 
2026-09-29 04:51:55.944 - INFO: Request received via POST, content type "application/x-www-form-urlencoded"
2026-09-29 04:51:55.944 - INFO: Processing the following SPARQL query:
# Tier H-vocab — title literals, large
# Goal: external-vocabulary lookup pressure with larger bounded output.
PREFIX dblp: <https://dblp.org/rdf/schema#>

CONSTRUCT { ?paper dblp:title ?title }
WHERE {
  ?paper dblp:title ?title .
}
LIMIT 100000

2026-09-29 04:51:55.944 - INFO: Requested media types of the result are: "text/turtle"
2026-09-29 04:51:55.944 - INFO: Query planning done in 0 ms
2026-09-29 04:51:55.945 - INFO: Result has unknown size (not computed yet)
2026-09-29 04:51:56.234 - INFO: Done processing query and sending result, total time was 290 ms
2026-09-29 04:51:56.254 - INFO: 
2026-09-29 04:51:56.254 - INFO: Request received via GET, no content type specified
2026-09-29 04:51:56.254 - INFO: Processing command "clear-cache": clear the cache (unpinned elements only)
2026-09-29 04:51:56.272 - INFO: 
2026-09-29 04:51:56.272 - INFO: Request received via POST, content type "application/x-www-form-urlencoded"
2026-09-29 04:51:56.273 - INFO: Processing the following SPARQL query:
# Tier H-vocab — title literals, large
# Goal: external-vocabulary lookup pressure with larger bounded output.
PREFIX dblp: <https://dblp.org/rdf/schema#>

CONSTRUCT { ?paper dblp:title ?title }
WHERE {
  ?paper dblp:title ?title .
}
LIMIT 100000

2026-09-29 04:51:56.273 - INFO: Requested media types of the result are: "text/turtle"
2026-09-29 04:51:56.273 - INFO: Query planning done in 0 ms
2026-09-29 04:51:56.273 - INFO: Result has unknown size (not computed yet)
2026-09-29 04:51:56.564 - INFO: Done processing query and sending result, total time was 292 ms
2026-09-29 04:51:56.585 - INFO: 
2026-09-29 04:51:56.585 - INFO: Request received via GET, no content type specified
2026-09-29 04:51:56.585 - INFO: Processing command "clear-cache": clear the cache (unpinned elements only)
2026-09-29 04:51:56.603 - INFO: 
2026-09-29 04:51:56.603 - INFO: Request received via POST, content type "application/x-www-form-urlencoded"
2026-09-29 04:51:56.603 - INFO: Processing the following SPARQL query:
# Tier H-vocab — title literals, large
# Goal: external-vocabulary lookup pressure with larger bounded output.
PREFIX dblp: <https://dblp.org/rdf/schema#>

CONSTRUCT { ?paper dblp:title ?title }
WHERE {
  ?paper dblp:title ?title .
}
LIMIT 100000

2026-09-29 04:51:56.603 - INFO: Requested media types of the result are: "text/turtle"
2026-09-29 04:51:56.603 - INFO: Query planning done in 0 ms
2026-09-29 04:51:56.603 - INFO: Result has unknown size (not computed yet)
2026-09-29 04:51:56.896 - INFO: Done processing query and sending result, total time was 293 ms
2026-09-29 04:52:40.837 - INFO: 
2026-09-29 04:52:40.837 - INFO: Request received via GET, no content type specified
2026-09-29 04:52:40.837 - INFO: Processing command "clear-cache": clear the cache (unpinned elements only)
2026-09-29 04:52:40.855 - INFO: 
2026-09-29 04:52:40.855 - INFO: Request received via POST, content type "application/x-www-form-urlencoded"
2026-09-29 04:52:40.856 - INFO: Processing the following SPARQL query:
# Tier H-vocab — title literals, large
# Goal: external-vocabulary lookup pressure with larger bounded output.
PREFIX dblp: <https://dblp.org/rdf/schema#>

CONSTRUCT { ?paper dblp:title ?title }
WHERE {
  ?paper dblp:title ?title .
}
LIMIT 100000

2026-09-29 04:52:40.856 - INFO: Requested media types of the result are: "text/turtle"
2026-09-29 04:52:40.857 - INFO: Query planning done in 1 ms
2026-09-29 04:52:40.857 - INFO: Result has unknown size (not computed yet)
2026-09-29 04:52:41.149 - INFO: Done processing query and sending result, total time was 294 ms
2026-09-29 04:52:41.169 - INFO: 
2026-09-29 04:52:41.169 - INFO: Request received via GET, no content type specified
2026-09-29 04:52:41.169 - INFO: Processing command "clear-cache": clear the cache (unpinned elements only)
2026-09-29 04:52:41.187 - INFO: 
2026-09-29 04:52:41.187 - INFO: Request received via POST, content type "application/x-www-form-urlencoded"
2026-09-29 04:52:41.188 - INFO: Processing the following SPARQL query:
# Tier H-vocab — title literals, large
# Goal: external-vocabulary lookup pressure with larger bounded output.
PREFIX dblp: <https://dblp.org/rdf/schema#>

CONSTRUCT { ?paper dblp:title ?title }
WHERE {
  ?paper dblp:title ?title .
}
LIMIT 100000

2026-09-29 04:52:41.188 - INFO: Requested media types of the result are: "text/turtle"
2026-09-29 04:52:41.188 - INFO: Query planning done in 0 ms
2026-09-29 04:52:41.189 - INFO: Result has unknown size (not computed yet)
2026-09-29 04:52:41.481 - INFO: Done processing query and sending result, total time was 293 ms
2026-09-29 04:52:41.501 - INFO: 
2026-09-29 04:52:41.501 - INFO: Request received via GET, no content type specified
2026-09-29 04:52:41.501 - INFO: Processing command "clear-cache": clear the cache (unpinned elements only)
2026-09-29 04:52:41.519 - INFO: 
2026-09-29 04:52:41.519 - INFO: Request received via POST, content type "application/x-www-form-urlencoded"
2026-09-29 04:52:41.519 - INFO: Processing the following SPARQL query:
# Tier H-vocab — title literals, large
# Goal: external-vocabulary lookup pressure with larger bounded output.
PREFIX dblp: <https://dblp.org/rdf/schema#>

CONSTRUCT { ?paper dblp:title ?title }
WHERE {
  ?paper dblp:title ?title .
}
LIMIT 100000

2026-09-29 04:52:41.519 - INFO: Requested media types of the result are: "text/turtle"
2026-09-29 04:52:41.520 - INFO: Query planning done in 0 ms
2026-09-29 04:52:41.520 - INFO: Result has unknown size (not computed yet)
2026-09-29 04:52:41.813 - INFO: Done processing query and sending result, total time was 293 ms
2026-09-29 04:52:41.833 - INFO: 
2026-09-29 04:52:41.833 - INFO: Request received via GET, no content type specified
2026-09-29 04:52:41.833 - INFO: Processing command "clear-cache": clear the cache (unpinned elements only)
2026-09-29 04:52:41.851 - INFO: 
2026-09-29 04:52:41.851 - INFO: Request received via POST, content type "application/x-www-form-urlencoded"
2026-09-29 04:52:41.851 - INFO: Processing the following SPARQL query:
# Tier H-vocab — title literals, large
# Goal: external-vocabulary lookup pressure with larger bounded output.
PREFIX dblp: <https://dblp.org/rdf/schema#>

CONSTRUCT { ?paper dblp:title ?title }
WHERE {
  ?paper dblp:title ?title .
}
LIMIT 100000

2026-09-29 04:52:41.851 - INFO: Requested media types of the result are: "text/turtle"
2026-09-29 04:52:41.851 - INFO: Query planning done in 0 ms
2026-09-29 04:52:41.851 - INFO: Result has unknown size (not computed yet)
2026-09-29 04:52:42.143 - INFO: Done processing query and sending result, total time was 292 ms
2026-09-29 04:52:42.163 - INFO: 
2026-09-29 04:52:42.163 - INFO: Request received via GET, no content type specified
2026-09-29 04:52:42.163 - INFO: Processing command "clear-cache": clear the cache (unpinned elements only)
2026-09-29 04:52:42.181 - INFO: 
2026-09-29 04:52:42.181 - INFO: Request received via POST, content type "application/x-www-form-urlencoded"
2026-09-29 04:52:42.181 - INFO: Processing the following SPARQL query:
# Tier H-vocab — title literals, large
# Goal: external-vocabulary lookup pressure with larger bounded output.
PREFIX dblp: <https://dblp.org/rdf/schema#>

CONSTRUCT { ?paper dblp:title ?title }
WHERE {
  ?paper dblp:title ?title .
}
LIMIT 100000

2026-09-29 04:52:42.181 - INFO: Requested media types of the result are: "text/turtle"
2026-09-29 04:52:42.181 - INFO: Query planning done in 0 ms
2026-09-29 04:52:42.181 - INFO: Result has unknown size (not computed yet)
2026-09-29 04:52:42.472 - INFO: Done processing query and sending result, total time was 291 ms
2026-09-29 04:52:42.492 - INFO: 
2026-09-29 04:52:42.492 - INFO: Request received via GET, no content type specified
2026-09-29 04:52:42.492 - INFO: Processing command "clear-cache": clear the cache (unpinned elements only)
2026-09-29 04:52:42.510 - INFO: 
2026-09-29 04:52:42.510 - INFO: Request received via POST, content type "application/x-www-form-urlencoded"
2026-09-29 04:52:42.511 - INFO: Processing the following SPARQL query:
# Tier H-vocab — title literals, large
# Goal: external-vocabulary lookup pressure with larger bounded output.
PREFIX dblp: <https://dblp.org/rdf/schema#>

CONSTRUCT { ?paper dblp:title ?title }
WHERE {
  ?paper dblp:title ?title .
}
LIMIT 100000

2026-09-29 04:52:42.511 - INFO: Requested media types of the result are: "text/turtle"
2026-09-29 04:52:42.511 - INFO: Query planning done in 0 ms
2026-09-29 04:52:42.511 - INFO: Result has unknown size (not computed yet)
2026-09-29 04:52:42.800 - INFO: Done processing query and sending result, total time was 289 ms
2026-09-29 04:52:42.820 - INFO: 
2026-09-29 04:52:42.820 - INFO: Request received via GET, no content type specified
2026-09-29 04:52:42.820 - INFO: Processing command "clear-cache": clear the cache (unpinned elements only)
2026-09-29 04:52:42.838 - INFO: 
2026-09-29 04:52:42.838 - INFO: Request received via POST, content type "application/x-www-form-urlencoded"
2026-09-29 04:52:42.838 - INFO: Processing the following SPARQL query:
# Tier H-vocab — title literals, large
# Goal: external-vocabulary lookup pressure with larger bounded output.
PREFIX dblp: <https://dblp.org/rdf/schema#>

CONSTRUCT { ?paper dblp:title ?title }
WHERE {
  ?paper dblp:title ?title .
}
LIMIT 100000

2026-09-29 04:52:42.838 - INFO: Requested media types of the result are: "text/turtle"
2026-09-29 04:52:42.839 - INFO: Query planning done in 0 ms
2026-09-29 04:52:42.839 - INFO: Result has unknown size (not computed yet)
2026-09-29 04:52:43.129 - INFO: Done processing query and sending result, total time was 290 ms
2026-09-29 04:52:43.149 - INFO: 
2026-09-29 04:52:43.149 - INFO: Request received via GET, no content type specified
2026-09-29 04:52:43.149 - INFO: Processing command "clear-cache": clear the cache (unpinned elements only)
2026-09-29 04:52:43.167 - INFO: 
2026-09-29 04:52:43.167 - INFO: Request received via POST, content type "application/x-www-form-urlencoded"
2026-09-29 04:52:43.167 - INFO: Processing the following SPARQL query:
# Tier H-vocab — title literals, large
# Goal: external-vocabulary lookup pressure with larger bounded output.
PREFIX dblp: <https://dblp.org/rdf/schema#>

CONSTRUCT { ?paper dblp:title ?title }
WHERE {
  ?paper dblp:title ?title .
}
LIMIT 100000

2026-09-29 04:52:43.167 - INFO: Requested media types of the result are: "text/turtle"
2026-09-29 04:52:43.167 - INFO: Query planning done in 0 ms
2026-09-29 04:52:43.167 - INFO: Result has unknown size (not computed yet)
2026-09-29 04:52:43.458 - INFO: Done processing query and sending result, total time was 291 ms
2026-09-29 04:52:43.478 - INFO: 
2026-09-29 04:52:43.478 - INFO: Request received via GET, no content type specified
2026-09-29 04:52:43.478 - INFO: Processing command "clear-cache": clear the cache (unpinned elements only)
2026-09-29 04:52:43.496 - INFO: 
2026-09-29 04:52:43.496 - INFO: Request received via POST, content type "application/x-www-form-urlencoded"
2026-09-29 04:52:43.496 - INFO: Processing the following SPARQL query:
# Tier H-vocab — title literals, large
# Goal: external-vocabulary lookup pressure with larger bounded output.
PREFIX dblp: <https://dblp.org/rdf/schema#>

CONSTRUCT { ?paper dblp:title ?title }
WHERE {
  ?paper dblp:title ?title .
}
LIMIT 100000

2026-09-29 04:52:43.496 - INFO: Requested media types of the result are: "text/turtle"
2026-09-29 04:52:43.496 - INFO: Query planning done in 0 ms
2026-09-29 04:52:43.496 - INFO: Result has unknown size (not computed yet)
2026-09-29 04:52:43.786 - INFO: Done processing query and sending result, total time was 290 ms
2026-09-29 04:52:43.807 - INFO: 
2026-09-29 04:52:43.807 - INFO: Request received via GET, no content type specified
2026-09-29 04:52:43.807 - INFO: Processing command "clear-cache": clear the cache (unpinned elements only)
2026-09-29 04:52:43.825 - INFO: 
2026-09-29 04:52:43.825 - INFO: Request received via POST, content type "application/x-www-form-urlencoded"
2026-09-29 04:52:43.825 - INFO: Processing the following SPARQL query:
# Tier H-vocab — title literals, large
# Goal: external-vocabulary lookup pressure with larger bounded output.
PREFIX dblp: <https://dblp.org/rdf/schema#>

CONSTRUCT { ?paper dblp:title ?title }
WHERE {
  ?paper dblp:title ?title .
}
LIMIT 100000

2026-09-29 04:52:43.825 - INFO: Requested media types of the result are: "text/turtle"
2026-09-29 04:52:43.825 - INFO: Query planning done in 0 ms
2026-09-29 04:52:43.825 - INFO: Result has unknown size (not computed yet)
2026-09-29 04:52:44.116 - INFO: Done processing query and sending result, total time was 291 ms
2026-09-29 04:52:44.137 - INFO: 
2026-09-29 04:52:44.137 - INFO: Request received via GET, no content type specified
2026-09-29 04:52:44.137 - INFO: Processing command "clear-cache": clear the cache (unpinned elements only)
2026-09-29 04:52:44.154 - INFO: 
2026-09-29 04:52:44.154 - INFO: Request received via POST, content type "application/x-www-form-urlencoded"
2026-09-29 04:52:44.155 - INFO: Processing the following SPARQL query:
# Tier H-vocab — title literals, large
# Goal: external-vocabulary lookup pressure with larger bounded output.
PREFIX dblp: <https://dblp.org/rdf/schema#>

CONSTRUCT { ?paper dblp:title ?title }
WHERE {
  ?paper dblp:title ?title .
}
LIMIT 100000

2026-09-29 04:52:44.155 - INFO: Requested media types of the result are: "text/turtle"
2026-09-29 04:52:44.155 - INFO: Query planning done in 0 ms
2026-09-29 04:52:44.155 - INFO: Result has unknown size (not computed yet)
2026-09-29 04:52:44.445 - INFO: Done processing query and sending result, total time was 290 ms
2026-09-29 04:52:44.465 - INFO: 
2026-09-29 04:52:44.465 - INFO: Request received via GET, no content type specified
2026-09-29 04:52:44.465 - INFO: Processing command "clear-cache": clear the cache (unpinned elements only)
2026-09-29 04:52:44.491 - INFO: 
2026-09-29 04:52:44.491 - INFO: Request received via POST, content type "application/x-www-form-urlencoded"
2026-09-29 04:52:44.491 - INFO: Processing the following SPARQL query:
# Tier H-vocab — title literals, large
# Goal: external-vocabulary lookup pressure with larger bounded output.
PREFIX dblp: <https://dblp.org/rdf/schema#>

CONSTRUCT { ?paper dblp:title ?title }
WHERE {
  ?paper dblp:title ?title .
}
LIMIT 100000

2026-09-29 04:52:44.491 - INFO: Requested media types of the result are: "text/turtle"
2026-09-29 04:52:44.491 - INFO: Query planning done in 0 ms
2026-09-29 04:52:44.491 - INFO: Result has unknown size (not computed yet)
2026-09-29 04:52:44.780 - INFO: Done processing query and sending result, total time was 289 ms
2026-09-29 04:52:44.800 - INFO: 
2026-09-29 04:52:44.800 - INFO: Request received via GET, no content type specified
2026-09-29 04:52:44.800 - INFO: Processing command "clear-cache": clear the cache (unpinned elements only)
2026-09-29 04:52:44.818 - INFO: 
2026-09-29 04:52:44.818 - INFO: Request received via POST, content type "application/x-www-form-urlencoded"
2026-09-29 04:52:44.818 - INFO: Processing the following SPARQL query:
# Tier H-vocab — title literals, large
# Goal: external-vocabulary lookup pressure with larger bounded output.
PREFIX dblp: <https://dblp.org/rdf/schema#>

CONSTRUCT { ?paper dblp:title ?title }
WHERE {
  ?paper dblp:title ?title .
}
LIMIT 100000

2026-09-29 04:52:44.818 - INFO: Requested media types of the result are: "text/turtle"
2026-09-29 04:52:44.818 - INFO: Query planning done in 0 ms
2026-09-29 04:52:44.819 - INFO: Result has unknown size (not computed yet)
2026-09-29 04:52:45.110 - INFO: Done processing query and sending result, total time was 292 ms
2026-09-29 04:52:45.130 - INFO: 
2026-09-29 04:52:45.130 - INFO: Request received via GET, no content type specified
2026-09-29 04:52:45.130 - INFO: Processing command "clear-cache": clear the cache (unpinned elements only)
2026-09-29 04:52:45.148 - INFO: 
2026-09-29 04:52:45.148 - INFO: Request received via POST, content type "application/x-www-form-urlencoded"
2026-09-29 04:52:45.148 - INFO: Processing the following SPARQL query:
# Tier H-vocab — title literals, large
# Goal: external-vocabulary lookup pressure with larger bounded output.
PREFIX dblp: <https://dblp.org/rdf/schema#>

CONSTRUCT { ?paper dblp:title ?title }
WHERE {
  ?paper dblp:title ?title .
}
LIMIT 100000

2026-09-29 04:52:45.148 - INFO: Requested media types of the result are: "text/turtle"
2026-09-29 04:52:45.149 - INFO: Query planning done in 0 ms
2026-09-29 04:52:45.149 - INFO: Result has unknown size (not computed yet)
2026-09-29 04:52:45.435 - INFO: Done processing query and sending result, total time was 287 ms
2026-09-29 04:52:45.455 - INFO: 
2026-09-29 04:52:45.455 - INFO: Request received via GET, no content type specified
2026-09-29 04:52:45.455 - INFO: Processing command "clear-cache": clear the cache (unpinned elements only)
2026-09-29 04:52:45.473 - INFO: 
2026-09-29 04:52:45.473 - INFO: Request received via POST, content type "application/x-www-form-urlencoded"
2026-09-29 04:52:45.474 - INFO: Processing the following SPARQL query:
# Tier H-vocab — title literals, large
# Goal: external-vocabulary lookup pressure with larger bounded output.
PREFIX dblp: <https://dblp.org/rdf/schema#>

CONSTRUCT { ?paper dblp:title ?title }
WHERE {
  ?paper dblp:title ?title .
}
LIMIT 100000

2026-09-29 04:52:45.474 - INFO: Requested media types of the result are: "text/turtle"
2026-09-29 04:52:45.474 - INFO: Query planning done in 0 ms
2026-09-29 04:52:45.474 - INFO: Result has unknown size (not computed yet)
2026-09-29 04:52:45.760 - INFO: Done processing query and sending result, total time was 286 ms
2026-09-29 04:52:45.780 - INFO: 
2026-09-29 04:52:45.780 - INFO: Request received via GET, no content type specified
2026-09-29 04:52:45.780 - INFO: Processing command "clear-cache": clear the cache (unpinned elements only)
2026-09-29 04:52:45.798 - INFO: 
2026-09-29 04:52:45.798 - INFO: Request received via POST, content type "application/x-www-form-urlencoded"
2026-09-29 04:52:45.798 - INFO: Processing the following SPARQL query:
# Tier H-vocab — title literals, large
# Goal: external-vocabulary lookup pressure with larger bounded output.
PREFIX dblp: <https://dblp.org/rdf/schema#>

CONSTRUCT { ?paper dblp:title ?title }
WHERE {
  ?paper dblp:title ?title .
}
LIMIT 100000

2026-09-29 04:52:45.798 - INFO: Requested media types of the result are: "text/turtle"
2026-09-29 04:52:45.798 - INFO: Query planning done in 0 ms
2026-09-29 04:52:45.799 - INFO: Result has unknown size (not computed yet)
2026-09-29 04:52:46.086 - INFO: Done processing query and sending result, total time was 288 ms
2026-09-29 04:52:46.106 - INFO: 
2026-09-29 04:52:46.106 - INFO: Request received via GET, no content type specified
2026-09-29 04:52:46.106 - INFO: Processing command "clear-cache": clear the cache (unpinned elements only)
2026-09-29 04:52:46.124 - INFO: 
2026-09-29 04:52:46.124 - INFO: Request received via POST, content type "application/x-www-form-urlencoded"
2026-09-29 04:52:46.124 - INFO: Processing the following SPARQL query:
# Tier H-vocab — title literals, large
# Goal: external-vocabulary lookup pressure with larger bounded output.
PREFIX dblp: <https://dblp.org/rdf/schema#>

CONSTRUCT { ?paper dblp:title ?title }
WHERE {
  ?paper dblp:title ?title .
}
LIMIT 100000

2026-09-29 04:52:46.124 - INFO: Requested media types of the result are: "text/turtle"
2026-09-29 04:52:46.125 - INFO: Query planning done in 0 ms
2026-09-29 04:52:46.125 - INFO: Result has unknown size (not computed yet)
2026-09-29 04:52:46.406 - INFO: Done processing query and sending result, total time was 281 ms
2026-09-29 04:52:46.426 - INFO: 
2026-09-29 04:52:46.426 - INFO: Request received via GET, no content type specified
2026-09-29 04:52:46.426 - INFO: Processing command "clear-cache": clear the cache (unpinned elements only)
2026-09-29 04:52:46.444 - INFO: 
2026-09-29 04:52:46.444 - INFO: Request received via POST, content type "application/x-www-form-urlencoded"
2026-09-29 04:52:46.444 - INFO: Processing the following SPARQL query:
# Tier H-vocab — title literals, large
# Goal: external-vocabulary lookup pressure with larger bounded output.
PREFIX dblp: <https://dblp.org/rdf/schema#>

CONSTRUCT { ?paper dblp:title ?title }
WHERE {
  ?paper dblp:title ?title .
}
LIMIT 100000

2026-09-29 04:52:46.444 - INFO: Requested media types of the result are: "text/turtle"
2026-09-29 04:52:46.444 - INFO: Query planning done in 0 ms
2026-09-29 04:52:46.444 - INFO: Result has unknown size (not computed yet)
2026-09-29 04:52:46.712 - INFO: Done processing query and sending result, total time was 268 ms
2026-09-29 04:52:46.732 - INFO: 
2026-09-29 04:52:46.732 - INFO: Request received via GET, no content type specified
2026-09-29 04:52:46.732 - INFO: Processing command "clear-cache": clear the cache (unpinned elements only)
2026-09-29 04:52:46.750 - INFO: 
2026-09-29 04:52:46.750 - INFO: Request received via POST, content type "application/x-www-form-urlencoded"
2026-09-29 04:52:46.751 - INFO: Processing the following SPARQL query:
# Tier H-vocab — title literals, large
# Goal: external-vocabulary lookup pressure with larger bounded output.
PREFIX dblp: <https://dblp.org/rdf/schema#>

CONSTRUCT { ?paper dblp:title ?title }
WHERE {
  ?paper dblp:title ?title .
}
LIMIT 100000

2026-09-29 04:52:46.751 - INFO: Requested media types of the result are: "text/turtle"
2026-09-29 04:52:46.751 - INFO: Query planning done in 0 ms
2026-09-29 04:52:46.751 - INFO: Result has unknown size (not computed yet)
2026-09-29 04:52:47.017 - INFO: Done processing query and sending result, total time was 266 ms
2026-09-29 04:52:47.037 - INFO: 
2026-09-29 04:52:47.037 - INFO: Request received via GET, no content type specified
2026-09-29 04:52:47.037 - INFO: Processing command "clear-cache": clear the cache (unpinned elements only)
2026-09-29 04:52:47.055 - INFO: 
2026-09-29 04:52:47.055 - INFO: Request received via POST, content type "application/x-www-form-urlencoded"
2026-09-29 04:52:47.055 - INFO: Processing the following SPARQL query:
# Tier H-vocab — title literals, large
# Goal: external-vocabulary lookup pressure with larger bounded output.
PREFIX dblp: <https://dblp.org/rdf/schema#>

CONSTRUCT { ?paper dblp:title ?title }
WHERE {
  ?paper dblp:title ?title .
}
LIMIT 100000

2026-09-29 04:52:47.055 - INFO: Requested media types of the result are: "text/turtle"
2026-09-29 04:52:47.055 - INFO: Query planning done in 0 ms
2026-09-29 04:52:47.055 - INFO: Result has unknown size (not computed yet)
2026-09-29 04:52:47.327 - INFO: Done processing query and sending result, total time was 272 ms
2026-09-29 04:52:47.347 - INFO: 
2026-09-29 04:52:47.347 - INFO: Request received via GET, no content type specified
2026-09-29 04:52:47.347 - INFO: Processing command "clear-cache": clear the cache (unpinned elements only)
2026-09-29 04:52:47.365 - INFO: 
2026-09-29 04:52:47.365 - INFO: Request received via POST, content type "application/x-www-form-urlencoded"
2026-09-29 04:52:47.366 - INFO: Processing the following SPARQL query:
# Tier H-vocab — title literals, large
# Goal: external-vocabulary lookup pressure with larger bounded output.
PREFIX dblp: <https://dblp.org/rdf/schema#>

CONSTRUCT { ?paper dblp:title ?title }
WHERE {
  ?paper dblp:title ?title .
}
LIMIT 100000

2026-09-29 04:52:47.366 - INFO: Requested media types of the result are: "text/turtle"
2026-09-29 04:52:47.366 - INFO: Query planning done in 0 ms
2026-09-29 04:52:47.366 - INFO: Result has unknown size (not computed yet)
2026-09-29 04:52:47.635 - INFO: Done processing query and sending result, total time was 269 ms
2026-09-29 04:52:47.655 - INFO: 
2026-09-29 04:52:47.655 - INFO: Request received via GET, no content type specified
2026-09-29 04:52:47.655 - INFO: Processing command "clear-cache": clear the cache (unpinned elements only)
2026-09-29 04:52:47.673 - INFO: 
2026-09-29 04:52:47.673 - INFO: Request received via POST, content type "application/x-www-form-urlencoded"
2026-09-29 04:52:47.673 - INFO: Processing the following SPARQL query:
# Tier H-vocab — title literals, large
# Goal: external-vocabulary lookup pressure with larger bounded output.
PREFIX dblp: <https://dblp.org/rdf/schema#>

CONSTRUCT { ?paper dblp:title ?title }
WHERE {
  ?paper dblp:title ?title .
}
LIMIT 100000

2026-09-29 04:52:47.673 - INFO: Requested media types of the result are: "text/turtle"
2026-09-29 04:52:47.673 - INFO: Query planning done in 0 ms
2026-09-29 04:52:47.673 - INFO: Result has unknown size (not computed yet)
2026-09-29 04:52:47.944 - INFO: Done processing query and sending result, total time was 271 ms
2026-09-29 04:52:47.964 - INFO: 
2026-09-29 04:52:47.964 - INFO: Request received via GET, no content type specified
2026-09-29 04:52:47.964 - INFO: Processing command "clear-cache": clear the cache (unpinned elements only)
2026-09-29 04:52:47.982 - INFO: 
2026-09-29 04:52:47.982 - INFO: Request received via POST, content type "application/x-www-form-urlencoded"
2026-09-29 04:52:47.983 - INFO: Processing the following SPARQL query:
# Tier H-vocab — title literals, large
# Goal: external-vocabulary lookup pressure with larger bounded output.
PREFIX dblp: <https://dblp.org/rdf/schema#>

CONSTRUCT { ?paper dblp:title ?title }
WHERE {
  ?paper dblp:title ?title .
}
LIMIT 100000

2026-09-29 04:52:47.983 - INFO: Requested media types of the result are: "text/turtle"
2026-09-29 04:52:47.983 - INFO: Query planning done in 0 ms
2026-09-29 04:52:47.983 - INFO: Result has unknown size (not computed yet)
2026-09-29 04:52:48.256 - INFO: Done processing query and sending result, total time was 273 ms
2026-09-29 04:52:48.276 - INFO: 
2026-09-29 04:52:48.276 - INFO: Request received via GET, no content type specified
2026-09-29 04:52:48.276 - INFO: Processing command "clear-cache": clear the cache (unpinned elements only)
2026-09-29 04:52:48.293 - INFO: 
2026-09-29 04:52:48.293 - INFO: Request received via POST, content type "application/x-www-form-urlencoded"
2026-09-29 04:52:48.294 - INFO: Processing the following SPARQL query:
# Tier H-vocab — title literals, large
# Goal: external-vocabulary lookup pressure with larger bounded output.
PREFIX dblp: <https://dblp.org/rdf/schema#>

CONSTRUCT { ?paper dblp:title ?title }
WHERE {
  ?paper dblp:title ?title .
}
LIMIT 100000

2026-09-29 04:52:48.294 - INFO: Requested media types of the result are: "text/turtle"
2026-09-29 04:52:48.294 - INFO: Query planning done in 0 ms
2026-09-29 04:52:48.294 - INFO: Result has unknown size (not computed yet)
2026-09-29 04:52:48.563 - INFO: Done processing query and sending result, total time was 269 ms
2026-09-29 04:52:48.583 - INFO: 
2026-09-29 04:52:48.583 - INFO: Request received via GET, no content type specified
2026-09-29 04:52:48.583 - INFO: Processing command "clear-cache": clear the cache (unpinned elements only)
2026-09-29 04:52:48.609 - INFO: 
2026-09-29 04:52:48.609 - INFO: Request received via POST, content type "application/x-www-form-urlencoded"
2026-09-29 04:52:48.609 - INFO: Processing the following SPARQL query:
# Tier H-vocab — title literals, large
# Goal: external-vocabulary lookup pressure with larger bounded output.
PREFIX dblp: <https://dblp.org/rdf/schema#>

CONSTRUCT { ?paper dblp:title ?title }
WHERE {
  ?paper dblp:title ?title .
}
LIMIT 100000

2026-09-29 04:52:48.609 - INFO: Requested media types of the result are: "text/turtle"
2026-09-29 04:52:48.609 - INFO: Query planning done in 0 ms
2026-09-29 04:52:48.610 - INFO: Result has unknown size (not computed yet)
2026-09-29 04:52:48.882 - INFO: Done processing query and sending result, total time was 272 ms
2026-09-29 04:52:48.902 - INFO: 
2026-09-29 04:52:48.902 - INFO: Request received via GET, no content type specified
2026-09-29 04:52:48.902 - INFO: Processing command "clear-cache": clear the cache (unpinned elements only)
2026-09-29 04:52:48.920 - INFO: 
2026-09-29 04:52:48.920 - INFO: Request received via POST, content type "application/x-www-form-urlencoded"
2026-09-29 04:52:48.921 - INFO: Processing the following SPARQL query:
# Tier H-vocab — title literals, large
# Goal: external-vocabulary lookup pressure with larger bounded output.
PREFIX dblp: <https://dblp.org/rdf/schema#>

CONSTRUCT { ?paper dblp:title ?title }
WHERE {
  ?paper dblp:title ?title .
}
LIMIT 100000

2026-09-29 04:52:48.921 - INFO: Requested media types of the result are: "text/turtle"
2026-09-29 04:52:48.921 - INFO: Query planning done in 0 ms
2026-09-29 04:52:48.921 - INFO: Result has unknown size (not computed yet)
2026-09-29 04:52:49.187 - INFO: Done processing query and sending result, total time was 266 ms
2026-09-29 04:52:49.207 - INFO: 
2026-09-29 04:52:49.207 - INFO: Request received via GET, no content type specified
2026-09-29 04:52:49.207 - INFO: Processing command "clear-cache": clear the cache (unpinned elements only)
2026-09-29 04:52:49.225 - INFO: 
2026-09-29 04:52:49.225 - INFO: Request received via POST, content type "application/x-www-form-urlencoded"
2026-09-29 04:52:49.225 - INFO: Processing the following SPARQL query:
# Tier H-vocab — title literals, large
# Goal: external-vocabulary lookup pressure with larger bounded output.
PREFIX dblp: <https://dblp.org/rdf/schema#>

CONSTRUCT { ?paper dblp:title ?title }
WHERE {
  ?paper dblp:title ?title .
}
LIMIT 100000

2026-09-29 04:52:49.225 - INFO: Requested media types of the result are: "text/turtle"
2026-09-29 04:52:49.225 - INFO: Query planning done in 0 ms
2026-09-29 04:52:49.225 - INFO: Result has unknown size (not computed yet)
2026-09-29 04:52:49.490 - INFO: Done processing query and sending result, total time was 264 ms
2026-09-29 04:52:49.510 - INFO: 
2026-09-29 04:52:49.510 - INFO: Request received via GET, no content type specified
2026-09-29 04:52:49.510 - INFO: Processing command "clear-cache": clear the cache (unpinned elements only)
2026-09-29 04:52:49.528 - INFO: 
2026-09-29 04:52:49.528 - INFO: Request received via POST, content type "application/x-www-form-urlencoded"
2026-09-29 04:52:49.528 - INFO: Processing the following SPARQL query:
# Tier H-vocab — title literals, large
# Goal: external-vocabulary lookup pressure with larger bounded output.
PREFIX dblp: <https://dblp.org/rdf/schema#>

CONSTRUCT { ?paper dblp:title ?title }
WHERE {
  ?paper dblp:title ?title .
}
LIMIT 100000

2026-09-29 04:52:49.528 - INFO: Requested media types of the result are: "text/turtle"
2026-09-29 04:52:49.528 - INFO: Query planning done in 0 ms
2026-09-29 04:52:49.528 - INFO: Result has unknown size (not computed yet)
2026-09-29 04:52:49.796 - INFO: Done processing query and sending result, total time was 268 ms
2026-09-29 04:52:49.816 - INFO: 
2026-09-29 04:52:49.816 - INFO: Request received via GET, no content type specified
2026-09-29 04:52:49.816 - INFO: Processing command "clear-cache": clear the cache (unpinned elements only)
2026-09-29 04:52:49.834 - INFO: 
2026-09-29 04:52:49.834 - INFO: Request received via POST, content type "application/x-www-form-urlencoded"
2026-09-29 04:52:49.835 - INFO: Processing the following SPARQL query:
# Tier H-vocab — title literals, large
# Goal: external-vocabulary lookup pressure with larger bounded output.
PREFIX dblp: <https://dblp.org/rdf/schema#>

CONSTRUCT { ?paper dblp:title ?title }
WHERE {
  ?paper dblp:title ?title .
}
LIMIT 100000

2026-09-29 04:52:49.835 - INFO: Requested media types of the result are: "text/turtle"
2026-09-29 04:52:49.835 - INFO: Query planning done in 0 ms
2026-09-29 04:52:49.835 - INFO: Result has unknown size (not computed yet)
2026-09-29 04:52:50.100 - INFO: Done processing query and sending result, total time was 265 ms
2026-09-29 04:52:50.120 - INFO: 
2026-09-29 04:52:50.120 - INFO: Request received via GET, no content type specified
2026-09-29 04:52:50.120 - INFO: Processing command "clear-cache": clear the cache (unpinned elements only)
2026-09-29 04:52:50.138 - INFO: 
2026-09-29 04:52:50.138 - INFO: Request received via POST, content type "application/x-www-form-urlencoded"
2026-09-29 04:52:50.138 - INFO: Processing the following SPARQL query:
# Tier H-vocab — title literals, large
# Goal: external-vocabulary lookup pressure with larger bounded output.
PREFIX dblp: <https://dblp.org/rdf/schema#>

CONSTRUCT { ?paper dblp:title ?title }
WHERE {
  ?paper dblp:title ?title .
}
LIMIT 100000

2026-09-29 04:52:50.138 - INFO: Requested media types of the result are: "text/turtle"
2026-09-29 04:52:50.138 - INFO: Query planning done in 0 ms
2026-09-29 04:52:50.138 - INFO: Result has unknown size (not computed yet)
2026-09-29 04:52:50.402 - INFO: Done processing query and sending result, total time was 264 ms
2026-09-29 04:52:50.422 - INFO: 
2026-09-29 04:52:50.422 - INFO: Request received via GET, no content type specified
2026-09-29 04:52:50.422 - INFO: Processing command "clear-cache": clear the cache (unpinned elements only)
2026-09-29 04:52:50.440 - INFO: 
2026-09-29 04:52:50.440 - INFO: Request received via POST, content type "application/x-www-form-urlencoded"
2026-09-29 04:52:50.440 - INFO: Processing the following SPARQL query:
# Tier H-vocab — title literals, large
# Goal: external-vocabulary lookup pressure with larger bounded output.
PREFIX dblp: <https://dblp.org/rdf/schema#>

CONSTRUCT { ?paper dblp:title ?title }
WHERE {
  ?paper dblp:title ?title .
}
LIMIT 100000

2026-09-29 04:52:50.440 - INFO: Requested media types of the result are: "text/turtle"
2026-09-29 04:52:50.441 - INFO: Query planning done in 0 ms
2026-09-29 04:52:50.441 - INFO: Result has unknown size (not computed yet)
2026-09-29 04:52:50.708 - INFO: Done processing query and sending result, total time was 267 ms
2026-09-29 04:52:50.728 - INFO: 
2026-09-29 04:52:50.728 - INFO: Request received via GET, no content type specified
2026-09-29 04:52:50.728 - INFO: Processing command "clear-cache": clear the cache (unpinned elements only)
2026-09-29 04:52:50.746 - INFO: 
2026-09-29 04:52:50.746 - INFO: Request received via POST, content type "application/x-www-form-urlencoded"
2026-09-29 04:52:50.746 - INFO: Processing the following SPARQL query:
# Tier H-vocab — title literals, large
# Goal: external-vocabulary lookup pressure with larger bounded output.
PREFIX dblp: <https://dblp.org/rdf/schema#>

CONSTRUCT { ?paper dblp:title ?title }
WHERE {
  ?paper dblp:title ?title .
}
LIMIT 100000

2026-09-29 04:52:50.746 - INFO: Requested media types of the result are: "text/turtle"
2026-09-29 04:52:50.747 - INFO: Query planning done in 0 ms
2026-09-29 04:52:50.747 - INFO: Result has unknown size (not computed yet)
2026-09-29 04:52:51.013 - INFO: Done processing query and sending result, total time was 266 ms
2026-09-29 04:53:06.722 - INFO: 
2026-09-29 04:53:06.722 - INFO: Request received via GET, no content type specified
2026-09-29 04:53:06.722 - INFO: Processing command "clear-cache": clear the cache (unpinned elements only)
2026-09-29 04:53:06.759 - INFO: 
2026-09-29 04:53:06.759 - INFO: Request received via POST, content type "application/x-www-form-urlencoded"
2026-09-29 04:53:06.759 - INFO: Processing the following SPARQL query:
# Tier H-vocab — title literals, large
# Goal: external-vocabulary lookup pressure with larger bounded output.
PREFIX dblp: <https://dblp.org/rdf/schema#>

CONSTRUCT { ?paper dblp:title ?title }
WHERE {
  ?paper dblp:title ?title .
}
LIMIT 100000

2026-09-29 04:53:06.759 - INFO: Requested media types of the result are: "text/turtle"
2026-09-29 04:53:06.759 - INFO: Query planning done in 0 ms
2026-09-29 04:53:06.760 - INFO: Result has unknown size (not computed yet)
2026-09-29 04:53:07.050 - INFO: Done processing query and sending result, total time was 291 ms
2026-09-29 04:53:07.070 - INFO: 
2026-09-29 04:53:07.070 - INFO: Request received via GET, no content type specified
2026-09-29 04:53:07.070 - INFO: Processing command "clear-cache": clear the cache (unpinned elements only)
2026-09-29 04:53:07.088 - INFO: 
2026-09-29 04:53:07.088 - INFO: Request received via POST, content type "application/x-www-form-urlencoded"
2026-09-29 04:53:07.089 - INFO: Processing the following SPARQL query:
# Tier H-vocab — title literals, large
# Goal: external-vocabulary lookup pressure with larger bounded output.
PREFIX dblp: <https://dblp.org/rdf/schema#>

CONSTRUCT { ?paper dblp:title ?title }
WHERE {
  ?paper dblp:title ?title .
}
LIMIT 100000

2026-09-29 04:53:07.089 - INFO: Requested media types of the result are: "text/turtle"
2026-09-29 04:53:07.089 - INFO: Query planning done in 0 ms
2026-09-29 04:53:07.089 - INFO: Result has unknown size (not computed yet)
2026-09-29 04:53:07.377 - INFO: Done processing query and sending result, total time was 289 ms
2026-09-29 04:53:07.398 - INFO: 
2026-09-29 04:53:07.398 - INFO: Request received via GET, no content type specified
2026-09-29 04:53:07.398 - INFO: Processing command "clear-cache": clear the cache (unpinned elements only)
2026-09-29 04:53:07.415 - INFO: 
2026-09-29 04:53:07.415 - INFO: Request received via POST, content type "application/x-www-form-urlencoded"
2026-09-29 04:53:07.416 - INFO: Processing the following SPARQL query:
# Tier H-vocab — title literals, large
# Goal: external-vocabulary lookup pressure with larger bounded output.
PREFIX dblp: <https://dblp.org/rdf/schema#>

CONSTRUCT { ?paper dblp:title ?title }
WHERE {
  ?paper dblp:title ?title .
}
LIMIT 100000

2026-09-29 04:53:07.416 - INFO: Requested media types of the result are: "text/turtle"
2026-09-29 04:53:07.416 - INFO: Query planning done in 0 ms
2026-09-29 04:53:07.416 - INFO: Result has unknown size (not computed yet)
2026-09-29 04:53:07.706 - INFO: Done processing query and sending result, total time was 290 ms
2026-09-29 04:53:07.726 - INFO: 
2026-09-29 04:53:07.726 - INFO: Request received via GET, no content type specified
2026-09-29 04:53:07.726 - INFO: Processing command "clear-cache": clear the cache (unpinned elements only)
2026-09-29 04:53:07.744 - INFO: 
2026-09-29 04:53:07.744 - INFO: Request received via POST, content type "application/x-www-form-urlencoded"
2026-09-29 04:53:07.744 - INFO: Processing the following SPARQL query:
# Tier H-vocab — title literals, large
# Goal: external-vocabulary lookup pressure with larger bounded output.
PREFIX dblp: <https://dblp.org/rdf/schema#>

CONSTRUCT { ?paper dblp:title ?title }
WHERE {
  ?paper dblp:title ?title .
}
LIMIT 100000

2026-09-29 04:53:07.744 - INFO: Requested media types of the result are: "text/turtle"
2026-09-29 04:53:07.745 - INFO: Query planning done in 0 ms
2026-09-29 04:53:07.745 - INFO: Result has unknown size (not computed yet)
2026-09-29 04:53:08.033 - INFO: Done processing query and sending result, total time was 289 ms
2026-09-29 04:53:08.053 - INFO: 
2026-09-29 04:53:08.053 - INFO: Request received via GET, no content type specified
2026-09-29 04:53:08.053 - INFO: Processing command "clear-cache": clear the cache (unpinned elements only)
2026-09-29 04:53:08.071 - INFO: 
2026-09-29 04:53:08.071 - INFO: Request received via POST, content type "application/x-www-form-urlencoded"
2026-09-29 04:53:08.071 - INFO: Processing the following SPARQL query:
# Tier H-vocab — title literals, large
# Goal: external-vocabulary lookup pressure with larger bounded output.
PREFIX dblp: <https://dblp.org/rdf/schema#>

CONSTRUCT { ?paper dblp:title ?title }
WHERE {
  ?paper dblp:title ?title .
}
LIMIT 100000

2026-09-29 04:53:08.071 - INFO: Requested media types of the result are: "text/turtle"
2026-09-29 04:53:08.071 - INFO: Query planning done in 0 ms
2026-09-29 04:53:08.071 - INFO: Result has unknown size (not computed yet)
2026-09-29 04:53:08.359 - INFO: Done processing query and sending result, total time was 288 ms
2026-09-29 04:53:08.379 - INFO: 
2026-09-29 04:53:08.379 - INFO: Request received via GET, no content type specified
2026-09-29 04:53:08.379 - INFO: Processing command "clear-cache": clear the cache (unpinned elements only)
2026-09-29 04:53:08.397 - INFO: 
2026-09-29 04:53:08.397 - INFO: Request received via POST, content type "application/x-www-form-urlencoded"
2026-09-29 04:53:08.397 - INFO: Processing the following SPARQL query:
# Tier H-vocab — title literals, large
# Goal: external-vocabulary lookup pressure with larger bounded output.
PREFIX dblp: <https://dblp.org/rdf/schema#>

CONSTRUCT { ?paper dblp:title ?title }
WHERE {
  ?paper dblp:title ?title .
}
LIMIT 100000

2026-09-29 04:53:08.397 - INFO: Requested media types of the result are: "text/turtle"
2026-09-29 04:53:08.398 - INFO: Query planning done in 0 ms
2026-09-29 04:53:08.398 - INFO: Result has unknown size (not computed yet)
2026-09-29 04:53:08.692 - INFO: Done processing query and sending result, total time was 294 ms
2026-09-29 04:53:08.712 - INFO: 
2026-09-29 04:53:08.712 - INFO: Request received via GET, no content type specified
2026-09-29 04:53:08.712 - INFO: Processing command "clear-cache": clear the cache (unpinned elements only)
2026-09-29 04:53:08.730 - INFO: 
2026-09-29 04:53:08.730 - INFO: Request received via POST, content type "application/x-www-form-urlencoded"
2026-09-29 04:53:08.731 - INFO: Processing the following SPARQL query:
# Tier H-vocab — title literals, large
# Goal: external-vocabulary lookup pressure with larger bounded output.
PREFIX dblp: <https://dblp.org/rdf/schema#>

CONSTRUCT { ?paper dblp:title ?title }
WHERE {
  ?paper dblp:title ?title .
}
LIMIT 100000

2026-09-29 04:53:08.731 - INFO: Requested media types of the result are: "text/turtle"
2026-09-29 04:53:08.731 - INFO: Query planning done in 0 ms
2026-09-29 04:53:08.731 - INFO: Result has unknown size (not computed yet)
2026-09-29 04:53:09.019 - INFO: Done processing query and sending result, total time was 288 ms
2026-09-29 04:53:09.039 - INFO: 
2026-09-29 04:53:09.039 - INFO: Request received via GET, no content type specified
2026-09-29 04:53:09.039 - INFO: Processing command "clear-cache": clear the cache (unpinned elements only)
2026-09-29 04:53:09.057 - INFO: 
2026-09-29 04:53:09.057 - INFO: Request received via POST, content type "application/x-www-form-urlencoded"
2026-09-29 04:53:09.058 - INFO: Processing the following SPARQL query:
# Tier H-vocab — title literals, large
# Goal: external-vocabulary lookup pressure with larger bounded output.
PREFIX dblp: <https://dblp.org/rdf/schema#>

CONSTRUCT { ?paper dblp:title ?title }
WHERE {
  ?paper dblp:title ?title .
}
LIMIT 100000

2026-09-29 04:53:09.058 - INFO: Requested media types of the result are: "text/turtle"
2026-09-29 04:53:09.058 - INFO: Query planning done in 0 ms
2026-09-29 04:53:09.058 - INFO: Result has unknown size (not computed yet)
2026-09-29 04:53:09.349 - INFO: Done processing query and sending result, total time was 291 ms
2026-09-29 04:53:09.369 - INFO: 
2026-09-29 04:53:09.369 - INFO: Request received via GET, no content type specified
2026-09-29 04:53:09.369 - INFO: Processing command "clear-cache": clear the cache (unpinned elements only)
2026-09-29 04:53:09.387 - INFO: 
2026-09-29 04:53:09.387 - INFO: Request received via POST, content type "application/x-www-form-urlencoded"
2026-09-29 04:53:09.387 - INFO: Processing the following SPARQL query:
# Tier H-vocab — title literals, large
# Goal: external-vocabulary lookup pressure with larger bounded output.
PREFIX dblp: <https://dblp.org/rdf/schema#>

CONSTRUCT { ?paper dblp:title ?title }
WHERE {
  ?paper dblp:title ?title .
}
LIMIT 100000

2026-09-29 04:53:09.387 - INFO: Requested media types of the result are: "text/turtle"
2026-09-29 04:53:09.388 - INFO: Query planning done in 0 ms
2026-09-29 04:53:09.388 - INFO: Result has unknown size (not computed yet)
2026-09-29 04:53:09.680 - INFO: Done processing query and sending result, total time was 292 ms
2026-09-29 04:53:09.700 - INFO: 
2026-09-29 04:53:09.700 - INFO: Request received via GET, no content type specified
2026-09-29 04:53:09.700 - INFO: Processing command "clear-cache": clear the cache (unpinned elements only)
2026-09-29 04:53:09.719 - INFO: 
2026-09-29 04:53:09.719 - INFO: Request received via POST, content type "application/x-www-form-urlencoded"
2026-09-29 04:53:09.719 - INFO: Processing the following SPARQL query:
# Tier H-vocab — title literals, large
# Goal: external-vocabulary lookup pressure with larger bounded output.
PREFIX dblp: <https://dblp.org/rdf/schema#>

CONSTRUCT { ?paper dblp:title ?title }
WHERE {
  ?paper dblp:title ?title .
}
LIMIT 100000

2026-09-29 04:53:09.719 - INFO: Requested media types of the result are: "text/turtle"
2026-09-29 04:53:09.719 - INFO: Query planning done in 0 ms
2026-09-29 04:53:09.719 - INFO: Result has unknown size (not computed yet)
2026-09-29 04:53:10.008 - INFO: Done processing query and sending result, total time was 289 ms
2026-09-29 04:53:10.028 - INFO: 
2026-09-29 04:53:10.028 - INFO: Request received via GET, no content type specified
2026-09-29 04:53:10.028 - INFO: Processing command "clear-cache": clear the cache (unpinned elements only)
2026-09-29 04:53:10.046 - INFO: 
2026-09-29 04:53:10.046 - INFO: Request received via POST, content type "application/x-www-form-urlencoded"
2026-09-29 04:53:10.047 - INFO: Processing the following SPARQL query:
# Tier H-vocab — title literals, large
# Goal: external-vocabulary lookup pressure with larger bounded output.
PREFIX dblp: <https://dblp.org/rdf/schema#>

CONSTRUCT { ?paper dblp:title ?title }
WHERE {
  ?paper dblp:title ?title .
}
LIMIT 100000

2026-09-29 04:53:10.047 - INFO: Requested media types of the result are: "text/turtle"
2026-09-29 04:53:10.047 - INFO: Query planning done in 0 ms
2026-09-29 04:53:10.047 - INFO: Result has unknown size (not computed yet)
2026-09-29 04:53:10.339 - INFO: Done processing query and sending result, total time was 292 ms
2026-09-29 04:53:10.359 - INFO: 
2026-09-29 04:53:10.359 - INFO: Request received via GET, no content type specified
2026-09-29 04:53:10.359 - INFO: Processing command "clear-cache": clear the cache (unpinned elements only)
2026-09-29 04:53:10.377 - INFO: 
2026-09-29 04:53:10.377 - INFO: Request received via POST, content type "application/x-www-form-urlencoded"
2026-09-29 04:53:10.377 - INFO: Processing the following SPARQL query:
# Tier H-vocab — title literals, large
# Goal: external-vocabulary lookup pressure with larger bounded output.
PREFIX dblp: <https://dblp.org/rdf/schema#>

CONSTRUCT { ?paper dblp:title ?title }
WHERE {
  ?paper dblp:title ?title .
}
LIMIT 100000

2026-09-29 04:53:10.377 - INFO: Requested media types of the result are: "text/turtle"
2026-09-29 04:53:10.378 - INFO: Query planning done in 0 ms
2026-09-29 04:53:10.378 - INFO: Result has unknown size (not computed yet)
2026-09-29 04:53:10.671 - INFO: Done processing query and sending result, total time was 293 ms
2026-09-29 04:53:10.691 - INFO: 
2026-09-29 04:53:10.691 - INFO: Request received via GET, no content type specified
2026-09-29 04:53:10.691 - INFO: Processing command "clear-cache": clear the cache (unpinned elements only)
2026-09-29 04:53:10.716 - INFO: 
2026-09-29 04:53:10.716 - INFO: Request received via POST, content type "application/x-www-form-urlencoded"
2026-09-29 04:53:10.717 - INFO: Processing the following SPARQL query:
# Tier H-vocab — title literals, large
# Goal: external-vocabulary lookup pressure with larger bounded output.
PREFIX dblp: <https://dblp.org/rdf/schema#>

CONSTRUCT { ?paper dblp:title ?title }
WHERE {
  ?paper dblp:title ?title .
}
LIMIT 100000

2026-09-29 04:53:10.717 - INFO: Requested media types of the result are: "text/turtle"
2026-09-29 04:53:10.717 - INFO: Query planning done in 0 ms
2026-09-29 04:53:10.717 - INFO: Result has unknown size (not computed yet)
2026-09-29 04:53:11.012 - INFO: Done processing query and sending result, total time was 295 ms
2026-09-29 04:53:11.032 - INFO: 
2026-09-29 04:53:11.032 - INFO: Request received via GET, no content type specified
2026-09-29 04:53:11.032 - INFO: Processing command "clear-cache": clear the cache (unpinned elements only)
2026-09-29 04:53:11.050 - INFO: 
2026-09-29 04:53:11.050 - INFO: Request received via POST, content type "application/x-www-form-urlencoded"
2026-09-29 04:53:11.050 - INFO: Processing the following SPARQL query:
# Tier H-vocab — title literals, large
# Goal: external-vocabulary lookup pressure with larger bounded output.
PREFIX dblp: <https://dblp.org/rdf/schema#>

CONSTRUCT { ?paper dblp:title ?title }
WHERE {
  ?paper dblp:title ?title .
}
LIMIT 100000

2026-09-29 04:53:11.050 - INFO: Requested media types of the result are: "text/turtle"
2026-09-29 04:53:11.051 - INFO: Query planning done in 0 ms
2026-09-29 04:53:11.051 - INFO: Result has unknown size (not computed yet)
2026-09-29 04:53:11.343 - INFO: Done processing query and sending result, total time was 292 ms
2026-09-29 04:53:11.363 - INFO: 
2026-09-29 04:53:11.363 - INFO: Request received via GET, no content type specified
2026-09-29 04:53:11.363 - INFO: Processing command "clear-cache": clear the cache (unpinned elements only)
2026-09-29 04:53:11.381 - INFO: 
2026-09-29 04:53:11.381 - INFO: Request received via POST, content type "application/x-www-form-urlencoded"
2026-09-29 04:53:11.381 - INFO: Processing the following SPARQL query:
# Tier H-vocab — title literals, large
# Goal: external-vocabulary lookup pressure with larger bounded output.
PREFIX dblp: <https://dblp.org/rdf/schema#>

CONSTRUCT { ?paper dblp:title ?title }
WHERE {
  ?paper dblp:title ?title .
}
LIMIT 100000

2026-09-29 04:53:11.381 - INFO: Requested media types of the result are: "text/turtle"
2026-09-29 04:53:11.382 - INFO: Query planning done in 0 ms
2026-09-29 04:53:11.382 - INFO: Result has unknown size (not computed yet)
2026-09-29 04:53:11.673 - INFO: Done processing query and sending result, total time was 292 ms
2026-09-29 04:53:11.693 - INFO: 
2026-09-29 04:53:11.693 - INFO: Request received via GET, no content type specified
2026-09-29 04:53:11.693 - INFO: Processing command "clear-cache": clear the cache (unpinned elements only)
2026-09-29 04:53:11.711 - INFO: 
2026-09-29 04:53:11.711 - INFO: Request received via POST, content type "application/x-www-form-urlencoded"
2026-09-29 04:53:11.711 - INFO: Processing the following SPARQL query:
# Tier H-vocab — title literals, large
# Goal: external-vocabulary lookup pressure with larger bounded output.
PREFIX dblp: <https://dblp.org/rdf/schema#>

CONSTRUCT { ?paper dblp:title ?title }
WHERE {
  ?paper dblp:title ?title .
}
LIMIT 100000

2026-09-29 04:53:11.711 - INFO: Requested media types of the result are: "text/turtle"
2026-09-29 04:53:11.712 - INFO: Query planning done in 0 ms
2026-09-29 04:53:11.712 - INFO: Result has unknown size (not computed yet)
2026-09-29 04:53:12.003 - INFO: Done processing query and sending result, total time was 291 ms
2026-09-29 04:53:22.401 - INFO: 
2026-09-29 04:53:22.401 - INFO: Request received via GET, no content type specified
2026-09-29 04:53:22.402 - INFO: Processing command "clear-cache": clear the cache (unpinned elements only)
2026-09-29 04:53:22.421 - INFO: 
2026-09-29 04:53:22.421 - INFO: Request received via POST, content type "application/x-www-form-urlencoded"
2026-09-29 04:53:22.421 - INFO: Processing the following SPARQL query:
# Tier H-vocab — title literals, 1,000,000 rows (10x H-vocab-title-large)
# Goal: the H-vocab-title-large shape with a response long enough (several
# seconds warm) for a timing verdict on the per-literal formatting cost.
PREFIX dblp: <https://dblp.org/rdf/schema#>

CONSTRUCT { ?paper dblp:title ?title }
WHERE {
  ?paper dblp:title ?title .
}
LIMIT 1000000

2026-09-29 04:53:22.421 - INFO: Requested media types of the result are: "text/turtle"
2026-09-29 04:53:22.421 - INFO: Query planning done in 0 ms
2026-09-29 04:53:22.421 - INFO: Result has unknown size (not computed yet)
2026-09-29 04:53:24.943 - INFO: Done processing query and sending result, total time was 2,522 ms
2026-09-29 04:53:56.095 - INFO: 
2026-09-29 04:53:56.095 - INFO: Request received via GET, no content type specified
2026-09-29 04:53:56.095 - INFO: Processing command "clear-cache": clear the cache (unpinned elements only)
2026-09-29 04:53:56.113 - INFO: 
2026-09-29 04:53:56.113 - INFO: Request received via POST, content type "application/x-www-form-urlencoded"
2026-09-29 04:53:56.113 - INFO: Processing the following SPARQL query:
# Tier H-vocab — title literals, 1,000,000 rows (10x H-vocab-title-large)
# Goal: the H-vocab-title-large shape with a response long enough (several
# seconds warm) for a timing verdict on the per-literal formatting cost.
PREFIX dblp: <https://dblp.org/rdf/schema#>

CONSTRUCT { ?paper dblp:title ?title }
WHERE {
  ?paper dblp:title ?title .
}
LIMIT 1000000

2026-09-29 04:53:56.113 - INFO: Requested media types of the result are: "text/turtle"
2026-09-29 04:53:56.113 - INFO: Query planning done in 0 ms
2026-09-29 04:53:56.113 - INFO: Result has unknown size (not computed yet)
2026-09-29 04:53:58.759 - INFO: Done processing query and sending result, total time was 2,646 ms
2026-09-29 04:53:58.782 - INFO: 
2026-09-29 04:53:58.782 - INFO: Request received via GET, no content type specified
2026-09-29 04:53:58.782 - INFO: Processing command "clear-cache": clear the cache (unpinned elements only)
2026-09-29 04:53:58.800 - INFO: 
2026-09-29 04:53:58.800 - INFO: Request received via POST, content type "application/x-www-form-urlencoded"
2026-09-29 04:53:58.801 - INFO: Processing the following SPARQL query:
# Tier H-vocab — title literals, 1,000,000 rows (10x H-vocab-title-large)
# Goal: the H-vocab-title-large shape with a response long enough (several
# seconds warm) for a timing verdict on the per-literal formatting cost.
PREFIX dblp: <https://dblp.org/rdf/schema#>

CONSTRUCT { ?paper dblp:title ?title }
WHERE {
  ?paper dblp:title ?title .
}
LIMIT 1000000

2026-09-29 04:53:58.801 - INFO: Requested media types of the result are: "text/turtle"
2026-09-29 04:53:58.801 - INFO: Query planning done in 1 ms
2026-09-29 04:53:58.801 - INFO: Result has unknown size (not computed yet)
2026-09-29 04:54:01.403 - INFO: Done processing query and sending result, total time was 2,603 ms
2026-09-29 04:54:01.425 - INFO: 
2026-09-29 04:54:01.425 - INFO: Request received via GET, no content type specified
2026-09-29 04:54:01.425 - INFO: Processing command "clear-cache": clear the cache (unpinned elements only)
2026-09-29 04:54:01.446 - INFO: 
2026-09-29 04:54:01.446 - INFO: Request received via POST, content type "application/x-www-form-urlencoded"
2026-09-29 04:54:01.446 - INFO: Processing the following SPARQL query:
# Tier H-vocab — title literals, 1,000,000 rows (10x H-vocab-title-large)
# Goal: the H-vocab-title-large shape with a response long enough (several
# seconds warm) for a timing verdict on the per-literal formatting cost.
PREFIX dblp: <https://dblp.org/rdf/schema#>

CONSTRUCT { ?paper dblp:title ?title }
WHERE {
  ?paper dblp:title ?title .
}
LIMIT 1000000

2026-09-29 04:54:01.446 - INFO: Requested media types of the result are: "text/turtle"
2026-09-29 04:54:01.446 - INFO: Query planning done in 0 ms
2026-09-29 04:54:01.446 - INFO: Result has unknown size (not computed yet)
2026-09-29 04:54:03.976 - INFO: Done processing query and sending result, total time was 2,530 ms
2026-09-29 04:54:03.997 - INFO: 
2026-09-29 04:54:03.997 - INFO: Request received via GET, no content type specified
2026-09-29 04:54:03.997 - INFO: Processing command "clear-cache": clear the cache (unpinned elements only)
2026-09-29 04:54:04.015 - INFO: 
2026-09-29 04:54:04.015 - INFO: Request received via POST, content type "application/x-www-form-urlencoded"
2026-09-29 04:54:04.016 - INFO: Processing the following SPARQL query:
# Tier H-vocab — title literals, 1,000,000 rows (10x H-vocab-title-large)
# Goal: the H-vocab-title-large shape with a response long enough (several
# seconds warm) for a timing verdict on the per-literal formatting cost.
PREFIX dblp: <https://dblp.org/rdf/schema#>

CONSTRUCT { ?paper dblp:title ?title }
WHERE {
  ?paper dblp:title ?title .
}
LIMIT 1000000

2026-09-29 04:54:04.016 - INFO: Requested media types of the result are: "text/turtle"
2026-09-29 04:54:04.016 - INFO: Query planning done in 0 ms
2026-09-29 04:54:04.016 - INFO: Result has unknown size (not computed yet)
2026-09-29 04:54:06.656 - INFO: Done processing query and sending result, total time was 2,640 ms
2026-09-29 04:54:06.982 - INFO: 
2026-09-29 04:54:06.982 - INFO: Request received via GET, no content type specified
2026-09-29 04:54:06.982 - INFO: Processing command "clear-cache": clear the cache (unpinned elements only)
2026-09-29 04:54:07.000 - INFO: 
2026-09-29 04:54:07.000 - INFO: Request received via POST, content type "application/x-www-form-urlencoded"
2026-09-29 04:54:07.000 - INFO: Processing the following SPARQL query:
# Tier H-vocab — title literals, 1,000,000 rows (10x H-vocab-title-large)
# Goal: the H-vocab-title-large shape with a response long enough (several
# seconds warm) for a timing verdict on the per-literal formatting cost.
PREFIX dblp: <https://dblp.org/rdf/schema#>

CONSTRUCT { ?paper dblp:title ?title }
WHERE {
  ?paper dblp:title ?title .
}
LIMIT 1000000

2026-09-29 04:54:07.000 - INFO: Requested media types of the result are: "text/turtle"
2026-09-29 04:54:07.000 - INFO: Query planning done in 0 ms
2026-09-29 04:54:07.001 - INFO: Result has unknown size (not computed yet)
2026-09-29 04:54:09.712 - INFO: Done processing query and sending result, total time was 2,712 ms
2026-09-29 04:54:09.735 - INFO: 
2026-09-29 04:54:09.735 - INFO: Request received via GET, no content type specified
2026-09-29 04:54:09.735 - INFO: Processing command "clear-cache": clear the cache (unpinned elements only)
2026-09-29 04:54:09.753 - INFO: 
2026-09-29 04:54:09.753 - INFO: Request received via POST, content type "application/x-www-form-urlencoded"
2026-09-29 04:54:09.753 - INFO: Processing the following SPARQL query:
# Tier H-vocab — title literals, 1,000,000 rows (10x H-vocab-title-large)
# Goal: the H-vocab-title-large shape with a response long enough (several
# seconds warm) for a timing verdict on the per-literal formatting cost.
PREFIX dblp: <https://dblp.org/rdf/schema#>

CONSTRUCT { ?paper dblp:title ?title }
WHERE {
  ?paper dblp:title ?title .
}
LIMIT 1000000

2026-09-29 04:54:09.754 - INFO: Requested media types of the result are: "text/turtle"
2026-09-29 04:54:09.754 - INFO: Query planning done in 0 ms
2026-09-29 04:54:09.754 - INFO: Result has unknown size (not computed yet)
2026-09-29 04:54:12.292 - INFO: Done processing query and sending result, total time was 2,538 ms
2026-09-29 04:54:12.312 - INFO: 
2026-09-29 04:54:12.312 - INFO: Request received via GET, no content type specified
2026-09-29 04:54:12.312 - INFO: Processing command "clear-cache": clear the cache (unpinned elements only)
2026-09-29 04:54:12.338 - INFO: 
2026-09-29 04:54:12.338 - INFO: Request received via POST, content type "application/x-www-form-urlencoded"
2026-09-29 04:54:12.338 - INFO: Processing the following SPARQL query:
# Tier H-vocab — title literals, 1,000,000 rows (10x H-vocab-title-large)
# Goal: the H-vocab-title-large shape with a response long enough (several
# seconds warm) for a timing verdict on the per-literal formatting cost.
PREFIX dblp: <https://dblp.org/rdf/schema#>

CONSTRUCT { ?paper dblp:title ?title }
WHERE {
  ?paper dblp:title ?title .
}
LIMIT 1000000

2026-09-29 04:54:12.338 - INFO: Requested media types of the result are: "text/turtle"
2026-09-29 04:54:12.338 - INFO: Query planning done in 0 ms
2026-09-29 04:54:12.339 - INFO: Result has unknown size (not computed yet)
2026-09-29 04:54:14.798 - INFO: Done processing query and sending result, total time was 2,460 ms
2026-09-29 04:54:14.819 - INFO: 
2026-09-29 04:54:14.819 - INFO: Request received via GET, no content type specified
2026-09-29 04:54:14.819 - INFO: Processing command "clear-cache": clear the cache (unpinned elements only)
2026-09-29 04:54:14.837 - INFO: 
2026-09-29 04:54:14.837 - INFO: Request received via POST, content type "application/x-www-form-urlencoded"
2026-09-29 04:54:14.837 - INFO: Processing the following SPARQL query:
# Tier H-vocab — title literals, 1,000,000 rows (10x H-vocab-title-large)
# Goal: the H-vocab-title-large shape with a response long enough (several
# seconds warm) for a timing verdict on the per-literal formatting cost.
PREFIX dblp: <https://dblp.org/rdf/schema#>

CONSTRUCT { ?paper dblp:title ?title }
WHERE {
  ?paper dblp:title ?title .
}
LIMIT 1000000

2026-09-29 04:54:14.837 - INFO: Requested media types of the result are: "text/turtle"
2026-09-29 04:54:14.837 - INFO: Query planning done in 0 ms
2026-09-29 04:54:14.837 - INFO: Result has unknown size (not computed yet)
2026-09-29 04:54:17.311 - INFO: Done processing query and sending result, total time was 2,474 ms
2026-09-29 04:55:01.871 - INFO: 
2026-09-29 04:55:01.871 - INFO: Request received via GET, no content type specified
2026-09-29 04:55:01.871 - INFO: Processing command "clear-cache": clear the cache (unpinned elements only)
2026-09-29 04:55:01.889 - INFO: 
2026-09-29 04:55:01.889 - INFO: Request received via POST, content type "application/x-www-form-urlencoded"
2026-09-29 04:55:01.889 - INFO: Processing the following SPARQL query:
# Tier H-vocab — title literals, 1,000,000 rows (10x H-vocab-title-large)
# Goal: the H-vocab-title-large shape with a response long enough (several
# seconds warm) for a timing verdict on the per-literal formatting cost.
PREFIX dblp: <https://dblp.org/rdf/schema#>

CONSTRUCT { ?paper dblp:title ?title }
WHERE {
  ?paper dblp:title ?title .
}
LIMIT 1000000

2026-09-29 04:55:01.889 - INFO: Requested media types of the result are: "text/turtle"
2026-09-29 04:55:01.889 - INFO: Query planning done in 0 ms
2026-09-29 04:55:01.889 - INFO: Result has unknown size (not computed yet)
2026-09-29 04:55:04.409 - INFO: Done processing query and sending result, total time was 2,520 ms
2026-09-29 04:55:04.429 - INFO: 
2026-09-29 04:55:04.429 - INFO: Request received via GET, no content type specified
2026-09-29 04:55:04.430 - INFO: Processing command "clear-cache": clear the cache (unpinned elements only)
2026-09-29 04:55:04.447 - INFO: 
2026-09-29 04:55:04.447 - INFO: Request received via POST, content type "application/x-www-form-urlencoded"
2026-09-29 04:55:04.448 - INFO: Processing the following SPARQL query:
# Tier H-vocab — title literals, 1,000,000 rows (10x H-vocab-title-large)
# Goal: the H-vocab-title-large shape with a response long enough (several
# seconds warm) for a timing verdict on the per-literal formatting cost.
PREFIX dblp: <https://dblp.org/rdf/schema#>

CONSTRUCT { ?paper dblp:title ?title }
WHERE {
  ?paper dblp:title ?title .
}
LIMIT 1000000

2026-09-29 04:55:04.448 - INFO: Requested media types of the result are: "text/turtle"
2026-09-29 04:55:04.448 - INFO: Query planning done in 0 ms
2026-09-29 04:55:04.448 - INFO: Result has unknown size (not computed yet)
2026-09-29 04:55:06.917 - INFO: Done processing query and sending result, total time was 2,469 ms
2026-09-29 04:55:06.938 - INFO: 
2026-09-29 04:55:06.938 - INFO: Request received via GET, no content type specified
2026-09-29 04:55:06.938 - INFO: Processing command "clear-cache": clear the cache (unpinned elements only)
2026-09-29 04:55:06.956 - INFO: 
2026-09-29 04:55:06.956 - INFO: Request received via POST, content type "application/x-www-form-urlencoded"
2026-09-29 04:55:06.956 - INFO: Processing the following SPARQL query:
# Tier H-vocab — title literals, 1,000,000 rows (10x H-vocab-title-large)
# Goal: the H-vocab-title-large shape with a response long enough (several
# seconds warm) for a timing verdict on the per-literal formatting cost.
PREFIX dblp: <https://dblp.org/rdf/schema#>

CONSTRUCT { ?paper dblp:title ?title }
WHERE {
  ?paper dblp:title ?title .
}
LIMIT 1000000

2026-09-29 04:55:06.956 - INFO: Requested media types of the result are: "text/turtle"
2026-09-29 04:55:06.957 - INFO: Query planning done in 0 ms
2026-09-29 04:55:06.957 - INFO: Result has unknown size (not computed yet)
2026-09-29 04:55:09.428 - INFO: Done processing query and sending result, total time was 2,471 ms
2026-09-29 04:55:09.448 - INFO: 
2026-09-29 04:55:09.448 - INFO: Request received via GET, no content type specified
2026-09-29 04:55:09.448 - INFO: Processing command "clear-cache": clear the cache (unpinned elements only)
2026-09-29 04:55:09.466 - INFO: 
2026-09-29 04:55:09.466 - INFO: Request received via POST, content type "application/x-www-form-urlencoded"
2026-09-29 04:55:09.466 - INFO: Processing the following SPARQL query:
# Tier H-vocab — title literals, 1,000,000 rows (10x H-vocab-title-large)
# Goal: the H-vocab-title-large shape with a response long enough (several
# seconds warm) for a timing verdict on the per-literal formatting cost.
PREFIX dblp: <https://dblp.org/rdf/schema#>

CONSTRUCT { ?paper dblp:title ?title }
WHERE {
  ?paper dblp:title ?title .
}
LIMIT 1000000

2026-09-29 04:55:09.466 - INFO: Requested media types of the result are: "text/turtle"
2026-09-29 04:55:09.467 - INFO: Query planning done in 0 ms
2026-09-29 04:55:09.467 - INFO: Result has unknown size (not computed yet)
2026-09-29 04:55:11.957 - INFO: Done processing query and sending result, total time was 2,491 ms
2026-09-29 04:55:27.560 - INFO: 
2026-09-29 04:55:27.560 - INFO: Request received via GET, no content type specified
2026-09-29 04:55:27.560 - INFO: Processing command "clear-cache": clear the cache (unpinned elements only)
2026-09-29 04:55:27.611 - INFO: 
2026-09-29 04:55:27.611 - INFO: Request received via POST, content type "application/x-www-form-urlencoded"
2026-09-29 04:55:27.612 - INFO: Processing the following SPARQL query:
# Tier H-vocab — title literals, 1,000,000 rows (10x H-vocab-title-large)
# Goal: the H-vocab-title-large shape with a response long enough (several
# seconds warm) for a timing verdict on the per-literal formatting cost.
PREFIX dblp: <https://dblp.org/rdf/schema#>

CONSTRUCT { ?paper dblp:title ?title }
WHERE {
  ?paper dblp:title ?title .
}
LIMIT 1000000

2026-09-29 04:55:27.612 - INFO: Requested media types of the result are: "text/turtle"
2026-09-29 04:55:27.613 - INFO: Query planning done in 1 ms
2026-09-29 04:55:27.613 - INFO: Result has unknown size (not computed yet)
2026-09-29 04:55:30.231 - INFO: Done processing query and sending result, total time was 2,619 ms
2026-09-29 04:55:30.252 - INFO: 
2026-09-29 04:55:30.252 - INFO: Request received via GET, no content type specified
2026-09-29 04:55:30.252 - INFO: Processing command "clear-cache": clear the cache (unpinned elements only)
2026-09-29 04:55:30.270 - INFO: 
2026-09-29 04:55:30.270 - INFO: Request received via POST, content type "application/x-www-form-urlencoded"
2026-09-29 04:55:30.270 - INFO: Processing the following SPARQL query:
# Tier H-vocab — title literals, 1,000,000 rows (10x H-vocab-title-large)
# Goal: the H-vocab-title-large shape with a response long enough (several
# seconds warm) for a timing verdict on the per-literal formatting cost.
PREFIX dblp: <https://dblp.org/rdf/schema#>

CONSTRUCT { ?paper dblp:title ?title }
WHERE {
  ?paper dblp:title ?title .
}
LIMIT 1000000

2026-09-29 04:55:30.270 - INFO: Requested media types of the result are: "text/turtle"
2026-09-29 04:55:30.270 - INFO: Query planning done in 0 ms
2026-09-29 04:55:30.271 - INFO: Result has unknown size (not computed yet)
2026-09-29 04:55:32.752 - INFO: Done processing query and sending result, total time was 2,482 ms
2026-09-29 04:55:43.678 - INFO: 
2026-09-29 04:55:43.678 - INFO: Request received via GET, no content type specified
2026-09-29 04:55:43.678 - INFO: Processing command "clear-cache": clear the cache (unpinned elements only)
2026-09-29 04:55:43.695 - INFO: 
2026-09-29 04:55:43.695 - INFO: Request received via POST, content type "application/x-www-form-urlencoded"
2026-09-29 04:55:43.697 - INFO: Processing the following SPARQL query:
# Tier H — size-sweep
# Goal: isolate export cost from query-planning cost. Raise the year bound
# across runs, for example 1970, 1990, 2010, and 2023.
PREFIX dblp: <https://dblp.org/rdf/schema#>

CONSTRUCT { ?s ?p ?o }
WHERE {
  ?s a dblp:Publication ;
     dblp:yearOfPublication ?year ;
     ?p ?o .
  FILTER(?year <= "1970"^^<http://www.w3.org/2001/XMLSchema#gYear>)
}

2026-09-29 04:55:43.697 - INFO: Requested media types of the result are: "text/turtle"
2026-09-29 04:55:43.698 - INFO: Query planning done in 2 ms
2026-09-29 04:55:43.714 - INFO: Result has unknown size (not computed yet)
2026-09-29 04:55:44.233 - INFO: Done processing query and sending result, total time was 537 ms
2026-09-29 04:56:08.821 - INFO: 
2026-09-29 04:56:08.821 - INFO: Request received via GET, no content type specified
2026-09-29 04:56:08.821 - INFO: Processing command "clear-cache": clear the cache (unpinned elements only)
2026-09-29 04:56:08.851 - INFO: 
2026-09-29 04:56:08.851 - INFO: Request received via POST, content type "application/x-www-form-urlencoded"
2026-09-29 04:56:08.851 - INFO: Processing the following SPARQL query:
# Tier H — size-sweep
# Goal: isolate export cost from query-planning cost. Raise the year bound
# across runs, for example 1970, 1990, 2010, and 2023.
PREFIX dblp: <https://dblp.org/rdf/schema#>

CONSTRUCT { ?s ?p ?o }
WHERE {
  ?s a dblp:Publication ;
     dblp:yearOfPublication ?year ;
     ?p ?o .
  FILTER(?year <= "1970"^^<http://www.w3.org/2001/XMLSchema#gYear>)
}

2026-09-29 04:56:08.851 - INFO: Requested media types of the result are: "text/turtle"
2026-09-29 04:56:08.852 - INFO: Query planning done in 1 ms
2026-09-29 04:56:08.869 - INFO: Result has unknown size (not computed yet)
2026-09-29 04:56:09.392 - INFO: Done processing query and sending result, total time was 541 ms
2026-09-29 04:56:09.411 - INFO: 
2026-09-29 04:56:09.411 - INFO: Request received via GET, no content type specified
2026-09-29 04:56:09.411 - INFO: Processing command "clear-cache": clear the cache (unpinned elements only)
2026-09-29 04:56:09.429 - INFO: 
2026-09-29 04:56:09.429 - INFO: Request received via POST, content type "application/x-www-form-urlencoded"
2026-09-29 04:56:09.430 - INFO: Processing the following SPARQL query:
# Tier H — size-sweep
# Goal: isolate export cost from query-planning cost. Raise the year bound
# across runs, for example 1970, 1990, 2010, and 2023.
PREFIX dblp: <https://dblp.org/rdf/schema#>

CONSTRUCT { ?s ?p ?o }
WHERE {
  ?s a dblp:Publication ;
     dblp:yearOfPublication ?year ;
     ?p ?o .
  FILTER(?year <= "1970"^^<http://www.w3.org/2001/XMLSchema#gYear>)
}

2026-09-29 04:56:09.430 - INFO: Requested media types of the result are: "text/turtle"
2026-09-29 04:56:09.431 - INFO: Query planning done in 1 ms
2026-09-29 04:56:09.447 - INFO: Result has unknown size (not computed yet)
2026-09-29 04:56:09.963 - INFO: Done processing query and sending result, total time was 533 ms
2026-09-29 04:56:09.982 - INFO: 
2026-09-29 04:56:09.982 - INFO: Request received via GET, no content type specified
2026-09-29 04:56:09.982 - INFO: Processing command "clear-cache": clear the cache (unpinned elements only)
2026-09-29 04:56:10.000 - INFO: 
2026-09-29 04:56:10.000 - INFO: Request received via POST, content type "application/x-www-form-urlencoded"
2026-09-29 04:56:10.001 - INFO: Processing the following SPARQL query:
# Tier H — size-sweep
# Goal: isolate export cost from query-planning cost. Raise the year bound
# across runs, for example 1970, 1990, 2010, and 2023.
PREFIX dblp: <https://dblp.org/rdf/schema#>

CONSTRUCT { ?s ?p ?o }
WHERE {
  ?s a dblp:Publication ;
     dblp:yearOfPublication ?year ;
     ?p ?o .
  FILTER(?year <= "1970"^^<http://www.w3.org/2001/XMLSchema#gYear>)
}

2026-09-29 04:56:10.001 - INFO: Requested media types of the result are: "text/turtle"
2026-09-29 04:56:10.002 - INFO: Query planning done in 1 ms
2026-09-29 04:56:10.017 - INFO: Result has unknown size (not computed yet)
2026-09-29 04:56:10.537 - INFO: Done processing query and sending result, total time was 536 ms
2026-09-29 04:56:10.555 - INFO: 
2026-09-29 04:56:10.555 - INFO: Request received via GET, no content type specified
2026-09-29 04:56:10.555 - INFO: Processing command "clear-cache": clear the cache (unpinned elements only)
2026-09-29 04:56:10.573 - INFO: 
2026-09-29 04:56:10.573 - INFO: Request received via POST, content type "application/x-www-form-urlencoded"
2026-09-29 04:56:10.574 - INFO: Processing the following SPARQL query:
# Tier H — size-sweep
# Goal: isolate export cost from query-planning cost. Raise the year bound
# across runs, for example 1970, 1990, 2010, and 2023.
PREFIX dblp: <https://dblp.org/rdf/schema#>

CONSTRUCT { ?s ?p ?o }
WHERE {
  ?s a dblp:Publication ;
     dblp:yearOfPublication ?year ;
     ?p ?o .
  FILTER(?year <= "1970"^^<http://www.w3.org/2001/XMLSchema#gYear>)
}

2026-09-29 04:56:10.574 - INFO: Requested media types of the result are: "text/turtle"
2026-09-29 04:56:10.575 - INFO: Query planning done in 1 ms
2026-09-29 04:56:10.590 - INFO: Result has unknown size (not computed yet)
2026-09-29 04:56:11.105 - INFO: Done processing query and sending result, total time was 531 ms
2026-09-29 04:56:11.124 - INFO: 
2026-09-29 04:56:11.124 - INFO: Request received via GET, no content type specified
2026-09-29 04:56:11.124 - INFO: Processing command "clear-cache": clear the cache (unpinned elements only)
2026-09-29 04:56:11.142 - INFO: 
2026-09-29 04:56:11.142 - INFO: Request received via POST, content type "application/x-www-form-urlencoded"
2026-09-29 04:56:11.142 - INFO: Processing the following SPARQL query:
# Tier H — size-sweep
# Goal: isolate export cost from query-planning cost. Raise the year bound
# across runs, for example 1970, 1990, 2010, and 2023.
PREFIX dblp: <https://dblp.org/rdf/schema#>

CONSTRUCT { ?s ?p ?o }
WHERE {
  ?s a dblp:Publication ;
     dblp:yearOfPublication ?year ;
     ?p ?o .
  FILTER(?year <= "1970"^^<http://www.w3.org/2001/XMLSchema#gYear>)
}

2026-09-29 04:56:11.142 - INFO: Requested media types of the result are: "text/turtle"
2026-09-29 04:56:11.143 - INFO: Query planning done in 1 ms
2026-09-29 04:56:11.160 - INFO: Result has unknown size (not computed yet)
2026-09-29 04:56:11.676 - INFO: Done processing query and sending result, total time was 534 ms
2026-09-29 04:56:11.695 - INFO: 
2026-09-29 04:56:11.695 - INFO: Request received via GET, no content type specified
2026-09-29 04:56:11.695 - INFO: Processing command "clear-cache": clear the cache (unpinned elements only)
2026-09-29 04:56:11.713 - INFO: 
2026-09-29 04:56:11.713 - INFO: Request received via POST, content type "application/x-www-form-urlencoded"
2026-09-29 04:56:11.714 - INFO: Processing the following SPARQL query:
# Tier H — size-sweep
# Goal: isolate export cost from query-planning cost. Raise the year bound
# across runs, for example 1970, 1990, 2010, and 2023.
PREFIX dblp: <https://dblp.org/rdf/schema#>

CONSTRUCT { ?s ?p ?o }
WHERE {
  ?s a dblp:Publication ;
     dblp:yearOfPublication ?year ;
     ?p ?o .
  FILTER(?year <= "1970"^^<http://www.w3.org/2001/XMLSchema#gYear>)
}

2026-09-29 04:56:11.714 - INFO: Requested media types of the result are: "text/turtle"
2026-09-29 04:56:11.715 - INFO: Query planning done in 1 ms
2026-09-29 04:56:11.730 - INFO: Result has unknown size (not computed yet)
2026-09-29 04:56:12.248 - INFO: Done processing query and sending result, total time was 534 ms
2026-09-29 04:56:12.267 - INFO: 
2026-09-29 04:56:12.267 - INFO: Request received via GET, no content type specified
2026-09-29 04:56:12.267 - INFO: Processing command "clear-cache": clear the cache (unpinned elements only)
2026-09-29 04:56:12.293 - INFO: 
2026-09-29 04:56:12.293 - INFO: Request received via POST, content type "application/x-www-form-urlencoded"
2026-09-29 04:56:12.293 - INFO: Processing the following SPARQL query:
# Tier H — size-sweep
# Goal: isolate export cost from query-planning cost. Raise the year bound
# across runs, for example 1970, 1990, 2010, and 2023.
PREFIX dblp: <https://dblp.org/rdf/schema#>

CONSTRUCT { ?s ?p ?o }
WHERE {
  ?s a dblp:Publication ;
     dblp:yearOfPublication ?year ;
     ?p ?o .
  FILTER(?year <= "1970"^^<http://www.w3.org/2001/XMLSchema#gYear>)
}

2026-09-29 04:56:12.293 - INFO: Requested media types of the result are: "text/turtle"
2026-09-29 04:56:12.294 - INFO: Query planning done in 1 ms
2026-09-29 04:56:12.309 - INFO: Result has unknown size (not computed yet)
2026-09-29 04:56:12.831 - INFO: Done processing query and sending result, total time was 538 ms
2026-09-29 04:56:12.850 - INFO: 
2026-09-29 04:56:12.850 - INFO: Request received via GET, no content type specified
2026-09-29 04:56:12.850 - INFO: Processing command "clear-cache": clear the cache (unpinned elements only)
2026-09-29 04:56:12.868 - INFO: 
2026-09-29 04:56:12.868 - INFO: Request received via POST, content type "application/x-www-form-urlencoded"
2026-09-29 04:56:12.868 - INFO: Processing the following SPARQL query:
# Tier H — size-sweep
# Goal: isolate export cost from query-planning cost. Raise the year bound
# across runs, for example 1970, 1990, 2010, and 2023.
PREFIX dblp: <https://dblp.org/rdf/schema#>

CONSTRUCT { ?s ?p ?o }
WHERE {
  ?s a dblp:Publication ;
     dblp:yearOfPublication ?year ;
     ?p ?o .
  FILTER(?year <= "1970"^^<http://www.w3.org/2001/XMLSchema#gYear>)
}

2026-09-29 04:56:12.868 - INFO: Requested media types of the result are: "text/turtle"
2026-09-29 04:56:12.869 - INFO: Query planning done in 1 ms
2026-09-29 04:56:12.884 - INFO: Result has unknown size (not computed yet)
2026-09-29 04:56:13.402 - INFO: Done processing query and sending result, total time was 534 ms
2026-09-29 04:56:13.421 - INFO: 
2026-09-29 04:56:13.421 - INFO: Request received via GET, no content type specified
2026-09-29 04:56:13.421 - INFO: Processing command "clear-cache": clear the cache (unpinned elements only)
2026-09-29 04:56:13.439 - INFO: 
2026-09-29 04:56:13.439 - INFO: Request received via POST, content type "application/x-www-form-urlencoded"
2026-09-29 04:56:13.440 - INFO: Processing the following SPARQL query:
# Tier H — size-sweep
# Goal: isolate export cost from query-planning cost. Raise the year bound
# across runs, for example 1970, 1990, 2010, and 2023.
PREFIX dblp: <https://dblp.org/rdf/schema#>

CONSTRUCT { ?s ?p ?o }
WHERE {
  ?s a dblp:Publication ;
     dblp:yearOfPublication ?year ;
     ?p ?o .
  FILTER(?year <= "1970"^^<http://www.w3.org/2001/XMLSchema#gYear>)
}

2026-09-29 04:56:13.440 - INFO: Requested media types of the result are: "text/turtle"
2026-09-29 04:56:13.441 - INFO: Query planning done in 1 ms
2026-09-29 04:56:13.456 - INFO: Result has unknown size (not computed yet)
2026-09-29 04:56:13.973 - INFO: Done processing query and sending result, total time was 533 ms
2026-09-29 04:56:13.992 - INFO: 
2026-09-29 04:56:13.992 - INFO: Request received via GET, no content type specified
2026-09-29 04:56:13.992 - INFO: Processing command "clear-cache": clear the cache (unpinned elements only)
2026-09-29 04:56:14.010 - INFO: 
2026-09-29 04:56:14.010 - INFO: Request received via POST, content type "application/x-www-form-urlencoded"
2026-09-29 04:56:14.010 - INFO: Processing the following SPARQL query:
# Tier H — size-sweep
# Goal: isolate export cost from query-planning cost. Raise the year bound
# across runs, for example 1970, 1990, 2010, and 2023.
PREFIX dblp: <https://dblp.org/rdf/schema#>

CONSTRUCT { ?s ?p ?o }
WHERE {
  ?s a dblp:Publication ;
     dblp:yearOfPublication ?year ;
     ?p ?o .
  FILTER(?year <= "1970"^^<http://www.w3.org/2001/XMLSchema#gYear>)
}

2026-09-29 04:56:14.010 - INFO: Requested media types of the result are: "text/turtle"
2026-09-29 04:56:14.011 - INFO: Query planning done in 1 ms
2026-09-29 04:56:14.027 - INFO: Result has unknown size (not computed yet)
2026-09-29 04:56:14.543 - INFO: Done processing query and sending result, total time was 533 ms
2026-09-29 04:56:14.562 - INFO: 
2026-09-29 04:56:14.562 - INFO: Request received via GET, no content type specified
2026-09-29 04:56:14.562 - INFO: Processing command "clear-cache": clear the cache (unpinned elements only)
2026-09-29 04:56:14.581 - INFO: 
2026-09-29 04:56:14.581 - INFO: Request received via POST, content type "application/x-www-form-urlencoded"
2026-09-29 04:56:14.582 - INFO: Processing the following SPARQL query:
# Tier H — size-sweep
# Goal: isolate export cost from query-planning cost. Raise the year bound
# across runs, for example 1970, 1990, 2010, and 2023.
PREFIX dblp: <https://dblp.org/rdf/schema#>

CONSTRUCT { ?s ?p ?o }
WHERE {
  ?s a dblp:Publication ;
     dblp:yearOfPublication ?year ;
     ?p ?o .
  FILTER(?year <= "1970"^^<http://www.w3.org/2001/XMLSchema#gYear>)
}

2026-09-29 04:56:14.582 - INFO: Requested media types of the result are: "text/turtle"
2026-09-29 04:56:14.583 - INFO: Query planning done in 1 ms
2026-09-29 04:56:14.598 - INFO: Result has unknown size (not computed yet)
2026-09-29 04:56:15.115 - INFO: Done processing query and sending result, total time was 533 ms
2026-09-29 04:56:15.134 - INFO: 
2026-09-29 04:56:15.134 - INFO: Request received via GET, no content type specified
2026-09-29 04:56:15.134 - INFO: Processing command "clear-cache": clear the cache (unpinned elements only)
2026-09-29 04:56:15.152 - INFO: 
2026-09-29 04:56:15.152 - INFO: Request received via POST, content type "application/x-www-form-urlencoded"
2026-09-29 04:56:15.152 - INFO: Processing the following SPARQL query:
# Tier H — size-sweep
# Goal: isolate export cost from query-planning cost. Raise the year bound
# across runs, for example 1970, 1990, 2010, and 2023.
PREFIX dblp: <https://dblp.org/rdf/schema#>

CONSTRUCT { ?s ?p ?o }
WHERE {
  ?s a dblp:Publication ;
     dblp:yearOfPublication ?year ;
     ?p ?o .
  FILTER(?year <= "1970"^^<http://www.w3.org/2001/XMLSchema#gYear>)
}

2026-09-29 04:56:15.152 - INFO: Requested media types of the result are: "text/turtle"
2026-09-29 04:56:15.153 - INFO: Query planning done in 1 ms
2026-09-29 04:56:15.168 - INFO: Result has unknown size (not computed yet)
2026-09-29 04:56:15.684 - INFO: Done processing query and sending result, total time was 532 ms
2026-09-29 04:56:15.703 - INFO: 
2026-09-29 04:56:15.703 - INFO: Request received via GET, no content type specified
2026-09-29 04:56:15.703 - INFO: Processing command "clear-cache": clear the cache (unpinned elements only)
2026-09-29 04:56:15.721 - INFO: 
2026-09-29 04:56:15.721 - INFO: Request received via POST, content type "application/x-www-form-urlencoded"
2026-09-29 04:56:15.721 - INFO: Processing the following SPARQL query:
# Tier H — size-sweep
# Goal: isolate export cost from query-planning cost. Raise the year bound
# across runs, for example 1970, 1990, 2010, and 2023.
PREFIX dblp: <https://dblp.org/rdf/schema#>

CONSTRUCT { ?s ?p ?o }
WHERE {
  ?s a dblp:Publication ;
     dblp:yearOfPublication ?year ;
     ?p ?o .
  FILTER(?year <= "1970"^^<http://www.w3.org/2001/XMLSchema#gYear>)
}

2026-09-29 04:56:15.721 - INFO: Requested media types of the result are: "text/turtle"
2026-09-29 04:56:15.722 - INFO: Query planning done in 1 ms
2026-09-29 04:56:15.744 - INFO: Result has unknown size (not computed yet)
2026-09-29 04:56:16.267 - INFO: Done processing query and sending result, total time was 546 ms
2026-09-29 04:56:16.286 - INFO: 
2026-09-29 04:56:16.286 - INFO: Request received via GET, no content type specified
2026-09-29 04:56:16.286 - INFO: Processing command "clear-cache": clear the cache (unpinned elements only)
2026-09-29 04:56:16.304 - INFO: 
2026-09-29 04:56:16.304 - INFO: Request received via POST, content type "application/x-www-form-urlencoded"
2026-09-29 04:56:16.305 - INFO: Processing the following SPARQL query:
# Tier H — size-sweep
# Goal: isolate export cost from query-planning cost. Raise the year bound
# across runs, for example 1970, 1990, 2010, and 2023.
PREFIX dblp: <https://dblp.org/rdf/schema#>

CONSTRUCT { ?s ?p ?o }
WHERE {
  ?s a dblp:Publication ;
     dblp:yearOfPublication ?year ;
     ?p ?o .
  FILTER(?year <= "1970"^^<http://www.w3.org/2001/XMLSchema#gYear>)
}

2026-09-29 04:56:16.305 - INFO: Requested media types of the result are: "text/turtle"
2026-09-29 04:56:16.306 - INFO: Query planning done in 1 ms
2026-09-29 04:56:16.328 - INFO: Result has unknown size (not computed yet)
2026-09-29 04:56:16.845 - INFO: Done processing query and sending result, total time was 541 ms
2026-09-29 04:56:16.864 - INFO: 
2026-09-29 04:56:16.864 - INFO: Request received via GET, no content type specified
2026-09-29 04:56:16.864 - INFO: Processing command "clear-cache": clear the cache (unpinned elements only)
2026-09-29 04:56:16.882 - INFO: 
2026-09-29 04:56:16.882 - INFO: Request received via POST, content type "application/x-www-form-urlencoded"
2026-09-29 04:56:16.883 - INFO: Processing the following SPARQL query:
# Tier H — size-sweep
# Goal: isolate export cost from query-planning cost. Raise the year bound
# across runs, for example 1970, 1990, 2010, and 2023.
PREFIX dblp: <https://dblp.org/rdf/schema#>

CONSTRUCT { ?s ?p ?o }
WHERE {
  ?s a dblp:Publication ;
     dblp:yearOfPublication ?year ;
     ?p ?o .
  FILTER(?year <= "1970"^^<http://www.w3.org/2001/XMLSchema#gYear>)
}

2026-09-29 04:56:16.883 - INFO: Requested media types of the result are: "text/turtle"
2026-09-29 04:56:16.884 - INFO: Query planning done in 1 ms
2026-09-29 04:56:16.905 - INFO: Result has unknown size (not computed yet)
2026-09-29 04:56:17.423 - INFO: Done processing query and sending result, total time was 540 ms
2026-09-29 04:56:17.442 - INFO: 
2026-09-29 04:56:17.442 - INFO: Request received via GET, no content type specified
2026-09-29 04:56:17.442 - INFO: Processing command "clear-cache": clear the cache (unpinned elements only)
2026-09-29 04:56:17.460 - INFO: 
2026-09-29 04:56:17.460 - INFO: Request received via POST, content type "application/x-www-form-urlencoded"
2026-09-29 04:56:17.460 - INFO: Processing the following SPARQL query:
# Tier H — size-sweep
# Goal: isolate export cost from query-planning cost. Raise the year bound
# across runs, for example 1970, 1990, 2010, and 2023.
PREFIX dblp: <https://dblp.org/rdf/schema#>

CONSTRUCT { ?s ?p ?o }
WHERE {
  ?s a dblp:Publication ;
     dblp:yearOfPublication ?year ;
     ?p ?o .
  FILTER(?year <= "1970"^^<http://www.w3.org/2001/XMLSchema#gYear>)
}

2026-09-29 04:56:17.460 - INFO: Requested media types of the result are: "text/turtle"
2026-09-29 04:56:17.461 - INFO: Query planning done in 1 ms
2026-09-29 04:56:17.483 - INFO: Result has unknown size (not computed yet)
2026-09-29 04:56:17.999 - INFO: Done processing query and sending result, total time was 539 ms
2026-09-29 04:56:18.018 - INFO: 
2026-09-29 04:56:18.018 - INFO: Request received via GET, no content type specified
2026-09-29 04:56:18.018 - INFO: Processing command "clear-cache": clear the cache (unpinned elements only)
2026-09-29 04:56:18.036 - INFO: 
2026-09-29 04:56:18.036 - INFO: Request received via POST, content type "application/x-www-form-urlencoded"
2026-09-29 04:56:18.036 - INFO: Processing the following SPARQL query:
# Tier H — size-sweep
# Goal: isolate export cost from query-planning cost. Raise the year bound
# across runs, for example 1970, 1990, 2010, and 2023.
PREFIX dblp: <https://dblp.org/rdf/schema#>

CONSTRUCT { ?s ?p ?o }
WHERE {
  ?s a dblp:Publication ;
     dblp:yearOfPublication ?year ;
     ?p ?o .
  FILTER(?year <= "1970"^^<http://www.w3.org/2001/XMLSchema#gYear>)
}

2026-09-29 04:56:18.036 - INFO: Requested media types of the result are: "text/turtle"
2026-09-29 04:56:18.037 - INFO: Query planning done in 1 ms
2026-09-29 04:56:18.059 - INFO: Result has unknown size (not computed yet)
2026-09-29 04:56:18.577 - INFO: Done processing query and sending result, total time was 541 ms
2026-09-29 04:56:18.596 - INFO: 
2026-09-29 04:56:18.596 - INFO: Request received via GET, no content type specified
2026-09-29 04:56:18.596 - INFO: Processing command "clear-cache": clear the cache (unpinned elements only)
2026-09-29 04:56:18.614 - INFO: 
2026-09-29 04:56:18.614 - INFO: Request received via POST, content type "application/x-www-form-urlencoded"
2026-09-29 04:56:18.615 - INFO: Processing the following SPARQL query:
# Tier H — size-sweep
# Goal: isolate export cost from query-planning cost. Raise the year bound
# across runs, for example 1970, 1990, 2010, and 2023.
PREFIX dblp: <https://dblp.org/rdf/schema#>

CONSTRUCT { ?s ?p ?o }
WHERE {
  ?s a dblp:Publication ;
     dblp:yearOfPublication ?year ;
     ?p ?o .
  FILTER(?year <= "1970"^^<http://www.w3.org/2001/XMLSchema#gYear>)
}

2026-09-29 04:56:18.615 - INFO: Requested media types of the result are: "text/turtle"
2026-09-29 04:56:18.616 - INFO: Query planning done in 1 ms
2026-09-29 04:56:18.637 - INFO: Result has unknown size (not computed yet)
2026-09-29 04:56:19.156 - INFO: Done processing query and sending result, total time was 541 ms
2026-09-29 04:56:19.480 - INFO: 
2026-09-29 04:56:19.480 - INFO: Request received via GET, no content type specified
2026-09-29 04:56:19.480 - INFO: Processing command "clear-cache": clear the cache (unpinned elements only)
2026-09-29 04:56:19.498 - INFO: 
2026-09-29 04:56:19.498 - INFO: Request received via POST, content type "application/x-www-form-urlencoded"
2026-09-29 04:56:19.499 - INFO: Processing the following SPARQL query:
# Tier H — size-sweep
# Goal: isolate export cost from query-planning cost. Raise the year bound
# across runs, for example 1970, 1990, 2010, and 2023.
PREFIX dblp: <https://dblp.org/rdf/schema#>

CONSTRUCT { ?s ?p ?o }
WHERE {
  ?s a dblp:Publication ;
     dblp:yearOfPublication ?year ;
     ?p ?o .
  FILTER(?year <= "1970"^^<http://www.w3.org/2001/XMLSchema#gYear>)
}

2026-09-29 04:56:19.499 - INFO: Requested media types of the result are: "text/turtle"
2026-09-29 04:56:19.500 - INFO: Query planning done in 1 ms
2026-09-29 04:56:19.522 - INFO: Result has unknown size (not computed yet)
2026-09-29 04:56:20.040 - INFO: Done processing query and sending result, total time was 541 ms
2026-09-29 04:56:20.058 - INFO: 
2026-09-29 04:56:20.058 - INFO: Request received via GET, no content type specified
2026-09-29 04:56:20.058 - INFO: Processing command "clear-cache": clear the cache (unpinned elements only)
2026-09-29 04:56:20.084 - INFO: 
2026-09-29 04:56:20.084 - INFO: Request received via POST, content type "application/x-www-form-urlencoded"
2026-09-29 04:56:20.084 - INFO: Processing the following SPARQL query:
# Tier H — size-sweep
# Goal: isolate export cost from query-planning cost. Raise the year bound
# across runs, for example 1970, 1990, 2010, and 2023.
PREFIX dblp: <https://dblp.org/rdf/schema#>

CONSTRUCT { ?s ?p ?o }
WHERE {
  ?s a dblp:Publication ;
     dblp:yearOfPublication ?year ;
     ?p ?o .
  FILTER(?year <= "1970"^^<http://www.w3.org/2001/XMLSchema#gYear>)
}

2026-09-29 04:56:20.085 - INFO: Requested media types of the result are: "text/turtle"
2026-09-29 04:56:20.086 - INFO: Query planning done in 1 ms
2026-09-29 04:56:20.108 - INFO: Result has unknown size (not computed yet)
2026-09-29 04:56:20.627 - INFO: Done processing query and sending result, total time was 542 ms
2026-09-29 04:56:20.646 - INFO: 
2026-09-29 04:56:20.646 - INFO: Request received via GET, no content type specified
2026-09-29 04:56:20.646 - INFO: Processing command "clear-cache": clear the cache (unpinned elements only)
2026-09-29 04:56:20.664 - INFO: 
2026-09-29 04:56:20.664 - INFO: Request received via POST, content type "application/x-www-form-urlencoded"
2026-09-29 04:56:20.664 - INFO: Processing the following SPARQL query:
# Tier H — size-sweep
# Goal: isolate export cost from query-planning cost. Raise the year bound
# across runs, for example 1970, 1990, 2010, and 2023.
PREFIX dblp: <https://dblp.org/rdf/schema#>

CONSTRUCT { ?s ?p ?o }
WHERE {
  ?s a dblp:Publication ;
     dblp:yearOfPublication ?year ;
     ?p ?o .
  FILTER(?year <= "1970"^^<http://www.w3.org/2001/XMLSchema#gYear>)
}

2026-09-29 04:56:20.664 - INFO: Requested media types of the result are: "text/turtle"
2026-09-29 04:56:20.665 - INFO: Query planning done in 1 ms
2026-09-29 04:56:20.687 - INFO: Result has unknown size (not computed yet)
2026-09-29 04:56:21.204 - INFO: Done processing query and sending result, total time was 540 ms
2026-09-29 04:56:21.223 - INFO: 
2026-09-29 04:56:21.223 - INFO: Request received via GET, no content type specified
2026-09-29 04:56:21.223 - INFO: Processing command "clear-cache": clear the cache (unpinned elements only)
2026-09-29 04:56:21.242 - INFO: 
2026-09-29 04:56:21.242 - INFO: Request received via POST, content type "application/x-www-form-urlencoded"
2026-09-29 04:56:21.242 - INFO: Processing the following SPARQL query:
# Tier H — size-sweep
# Goal: isolate export cost from query-planning cost. Raise the year bound
# across runs, for example 1970, 1990, 2010, and 2023.
PREFIX dblp: <https://dblp.org/rdf/schema#>

CONSTRUCT { ?s ?p ?o }
WHERE {
  ?s a dblp:Publication ;
     dblp:yearOfPublication ?year ;
     ?p ?o .
  FILTER(?year <= "1970"^^<http://www.w3.org/2001/XMLSchema#gYear>)
}

2026-09-29 04:56:21.242 - INFO: Requested media types of the result are: "text/turtle"
2026-09-29 04:56:21.243 - INFO: Query planning done in 1 ms
2026-09-29 04:56:21.264 - INFO: Result has unknown size (not computed yet)
2026-09-29 04:56:21.776 - INFO: Done processing query and sending result, total time was 534 ms
2026-09-29 04:56:21.795 - INFO: 
2026-09-29 04:56:21.795 - INFO: Request received via GET, no content type specified
2026-09-29 04:56:21.795 - INFO: Processing command "clear-cache": clear the cache (unpinned elements only)
2026-09-29 04:56:21.813 - INFO: 
2026-09-29 04:56:21.813 - INFO: Request received via POST, content type "application/x-www-form-urlencoded"
2026-09-29 04:56:21.813 - INFO: Processing the following SPARQL query:
# Tier H — size-sweep
# Goal: isolate export cost from query-planning cost. Raise the year bound
# across runs, for example 1970, 1990, 2010, and 2023.
PREFIX dblp: <https://dblp.org/rdf/schema#>

CONSTRUCT { ?s ?p ?o }
WHERE {
  ?s a dblp:Publication ;
     dblp:yearOfPublication ?year ;
     ?p ?o .
  FILTER(?year <= "1970"^^<http://www.w3.org/2001/XMLSchema#gYear>)
}

2026-09-29 04:56:21.813 - INFO: Requested media types of the result are: "text/turtle"
2026-09-29 04:56:21.814 - INFO: Query planning done in 1 ms
2026-09-29 04:56:21.837 - INFO: Result has unknown size (not computed yet)
2026-09-29 04:56:22.355 - INFO: Done processing query and sending result, total time was 542 ms
2026-09-29 04:56:22.374 - INFO: 
2026-09-29 04:56:22.374 - INFO: Request received via GET, no content type specified
2026-09-29 04:56:22.374 - INFO: Processing command "clear-cache": clear the cache (unpinned elements only)
2026-09-29 04:56:22.393 - INFO: 
2026-09-29 04:56:22.393 - INFO: Request received via POST, content type "application/x-www-form-urlencoded"
2026-09-29 04:56:22.393 - INFO: Processing the following SPARQL query:
# Tier H — size-sweep
# Goal: isolate export cost from query-planning cost. Raise the year bound
# across runs, for example 1970, 1990, 2010, and 2023.
PREFIX dblp: <https://dblp.org/rdf/schema#>

CONSTRUCT { ?s ?p ?o }
WHERE {
  ?s a dblp:Publication ;
     dblp:yearOfPublication ?year ;
     ?p ?o .
  FILTER(?year <= "1970"^^<http://www.w3.org/2001/XMLSchema#gYear>)
}

2026-09-29 04:56:22.393 - INFO: Requested media types of the result are: "text/turtle"
2026-09-29 04:56:22.394 - INFO: Query planning done in 1 ms
2026-09-29 04:56:22.416 - INFO: Result has unknown size (not computed yet)
2026-09-29 04:56:22.933 - INFO: Done processing query and sending result, total time was 540 ms
2026-09-29 04:56:22.952 - INFO: 
2026-09-29 04:56:22.952 - INFO: Request received via GET, no content type specified
2026-09-29 04:56:22.952 - INFO: Processing command "clear-cache": clear the cache (unpinned elements only)
2026-09-29 04:56:22.970 - INFO: 
2026-09-29 04:56:22.970 - INFO: Request received via POST, content type "application/x-www-form-urlencoded"
2026-09-29 04:56:22.970 - INFO: Processing the following SPARQL query:
# Tier H — size-sweep
# Goal: isolate export cost from query-planning cost. Raise the year bound
# across runs, for example 1970, 1990, 2010, and 2023.
PREFIX dblp: <https://dblp.org/rdf/schema#>

CONSTRUCT { ?s ?p ?o }
WHERE {
  ?s a dblp:Publication ;
     dblp:yearOfPublication ?year ;
     ?p ?o .
  FILTER(?year <= "1970"^^<http://www.w3.org/2001/XMLSchema#gYear>)
}

2026-09-29 04:56:22.970 - INFO: Requested media types of the result are: "text/turtle"
2026-09-29 04:56:22.971 - INFO: Query planning done in 1 ms
2026-09-29 04:56:22.994 - INFO: Result has unknown size (not computed yet)
2026-09-29 04:56:23.498 - INFO: Done processing query and sending result, total time was 528 ms
2026-09-29 04:56:23.517 - INFO: 
2026-09-29 04:56:23.517 - INFO: Request received via GET, no content type specified
2026-09-29 04:56:23.517 - INFO: Processing command "clear-cache": clear the cache (unpinned elements only)
2026-09-29 04:56:23.535 - INFO: 
2026-09-29 04:56:23.535 - INFO: Request received via POST, content type "application/x-www-form-urlencoded"
2026-09-29 04:56:23.535 - INFO: Processing the following SPARQL query:
# Tier H — size-sweep
# Goal: isolate export cost from query-planning cost. Raise the year bound
# across runs, for example 1970, 1990, 2010, and 2023.
PREFIX dblp: <https://dblp.org/rdf/schema#>

CONSTRUCT { ?s ?p ?o }
WHERE {
  ?s a dblp:Publication ;
     dblp:yearOfPublication ?year ;
     ?p ?o .
  FILTER(?year <= "1970"^^<http://www.w3.org/2001/XMLSchema#gYear>)
}

2026-09-29 04:56:23.535 - INFO: Requested media types of the result are: "text/turtle"
2026-09-29 04:56:23.536 - INFO: Query planning done in 1 ms
2026-09-29 04:56:23.559 - INFO: Result has unknown size (not computed yet)
2026-09-29 04:56:24.082 - INFO: Done processing query and sending result, total time was 547 ms
2026-09-29 04:56:24.101 - INFO: 
2026-09-29 04:56:24.101 - INFO: Request received via GET, no content type specified
2026-09-29 04:56:24.101 - INFO: Processing command "clear-cache": clear the cache (unpinned elements only)
2026-09-29 04:56:24.120 - INFO: 
2026-09-29 04:56:24.120 - INFO: Request received via POST, content type "application/x-www-form-urlencoded"
2026-09-29 04:56:24.120 - INFO: Processing the following SPARQL query:
# Tier H — size-sweep
# Goal: isolate export cost from query-planning cost. Raise the year bound
# across runs, for example 1970, 1990, 2010, and 2023.
PREFIX dblp: <https://dblp.org/rdf/schema#>

CONSTRUCT { ?s ?p ?o }
WHERE {
  ?s a dblp:Publication ;
     dblp:yearOfPublication ?year ;
     ?p ?o .
  FILTER(?year <= "1970"^^<http://www.w3.org/2001/XMLSchema#gYear>)
}

2026-09-29 04:56:24.120 - INFO: Requested media types of the result are: "text/turtle"
2026-09-29 04:56:24.121 - INFO: Query planning done in 1 ms
2026-09-29 04:56:24.143 - INFO: Result has unknown size (not computed yet)
2026-09-29 04:56:24.662 - INFO: Done processing query and sending result, total time was 542 ms
2026-09-29 04:56:24.680 - INFO: 
2026-09-29 04:56:24.680 - INFO: Request received via GET, no content type specified
2026-09-29 04:56:24.681 - INFO: Processing command "clear-cache": clear the cache (unpinned elements only)
2026-09-29 04:56:24.698 - INFO: 
2026-09-29 04:56:24.699 - INFO: Request received via POST, content type "application/x-www-form-urlencoded"
2026-09-29 04:56:24.699 - INFO: Processing the following SPARQL query:
# Tier H — size-sweep
# Goal: isolate export cost from query-planning cost. Raise the year bound
# across runs, for example 1970, 1990, 2010, and 2023.
PREFIX dblp: <https://dblp.org/rdf/schema#>

CONSTRUCT { ?s ?p ?o }
WHERE {
  ?s a dblp:Publication ;
     dblp:yearOfPublication ?year ;
     ?p ?o .
  FILTER(?year <= "1970"^^<http://www.w3.org/2001/XMLSchema#gYear>)
}

2026-09-29 04:56:24.699 - INFO: Requested media types of the result are: "text/turtle"
2026-09-29 04:56:24.700 - INFO: Query planning done in 1 ms
2026-09-29 04:56:24.722 - INFO: Result has unknown size (not computed yet)
2026-09-29 04:56:25.241 - INFO: Done processing query and sending result, total time was 542 ms
2026-09-29 04:56:25.260 - INFO: 
2026-09-29 04:56:25.260 - INFO: Request received via GET, no content type specified
2026-09-29 04:56:25.260 - INFO: Processing command "clear-cache": clear the cache (unpinned elements only)
2026-09-29 04:56:25.278 - INFO: 
2026-09-29 04:56:25.278 - INFO: Request received via POST, content type "application/x-www-form-urlencoded"
2026-09-29 04:56:25.278 - INFO: Processing the following SPARQL query:
# Tier H — size-sweep
# Goal: isolate export cost from query-planning cost. Raise the year bound
# across runs, for example 1970, 1990, 2010, and 2023.
PREFIX dblp: <https://dblp.org/rdf/schema#>

CONSTRUCT { ?s ?p ?o }
WHERE {
  ?s a dblp:Publication ;
     dblp:yearOfPublication ?year ;
     ?p ?o .
  FILTER(?year <= "1970"^^<http://www.w3.org/2001/XMLSchema#gYear>)
}

2026-09-29 04:56:25.278 - INFO: Requested media types of the result are: "text/turtle"
2026-09-29 04:56:25.279 - INFO: Query planning done in 1 ms
2026-09-29 04:56:25.301 - INFO: Result has unknown size (not computed yet)
2026-09-29 04:56:25.816 - INFO: Done processing query and sending result, total time was 538 ms
2026-09-29 04:56:25.835 - INFO: 
2026-09-29 04:56:25.835 - INFO: Request received via GET, no content type specified
2026-09-29 04:56:25.835 - INFO: Processing command "clear-cache": clear the cache (unpinned elements only)
2026-09-29 04:56:25.853 - INFO: 
2026-09-29 04:56:25.853 - INFO: Request received via POST, content type "application/x-www-form-urlencoded"
2026-09-29 04:56:25.853 - INFO: Processing the following SPARQL query:
# Tier H — size-sweep
# Goal: isolate export cost from query-planning cost. Raise the year bound
# across runs, for example 1970, 1990, 2010, and 2023.
PREFIX dblp: <https://dblp.org/rdf/schema#>

CONSTRUCT { ?s ?p ?o }
WHERE {
  ?s a dblp:Publication ;
     dblp:yearOfPublication ?year ;
     ?p ?o .
  FILTER(?year <= "1970"^^<http://www.w3.org/2001/XMLSchema#gYear>)
}

2026-09-29 04:56:25.853 - INFO: Requested media types of the result are: "text/turtle"
2026-09-29 04:56:25.854 - INFO: Query planning done in 1 ms
2026-09-29 04:56:25.876 - INFO: Result has unknown size (not computed yet)
2026-09-29 04:56:26.383 - INFO: Done processing query and sending result, total time was 530 ms
2026-09-29 04:56:26.402 - INFO: 
2026-09-29 04:56:26.402 - INFO: Request received via GET, no content type specified
2026-09-29 04:56:26.402 - INFO: Processing command "clear-cache": clear the cache (unpinned elements only)
2026-09-29 04:56:26.420 - INFO: 
2026-09-29 04:56:26.420 - INFO: Request received via POST, content type "application/x-www-form-urlencoded"
2026-09-29 04:56:26.421 - INFO: Processing the following SPARQL query:
# Tier H — size-sweep
# Goal: isolate export cost from query-planning cost. Raise the year bound
# across runs, for example 1970, 1990, 2010, and 2023.
PREFIX dblp: <https://dblp.org/rdf/schema#>

CONSTRUCT { ?s ?p ?o }
WHERE {
  ?s a dblp:Publication ;
     dblp:yearOfPublication ?year ;
     ?p ?o .
  FILTER(?year <= "1970"^^<http://www.w3.org/2001/XMLSchema#gYear>)
}

2026-09-29 04:56:26.421 - INFO: Requested media types of the result are: "text/turtle"
2026-09-29 04:56:26.422 - INFO: Query planning done in 1 ms
2026-09-29 04:56:26.444 - INFO: Result has unknown size (not computed yet)
2026-09-29 04:56:26.943 - INFO: Done processing query and sending result, total time was 522 ms
2026-09-29 04:56:26.962 - INFO: 
2026-09-29 04:56:26.962 - INFO: Request received via GET, no content type specified
2026-09-29 04:56:26.962 - INFO: Processing command "clear-cache": clear the cache (unpinned elements only)
2026-09-29 04:56:26.980 - INFO: 
2026-09-29 04:56:26.980 - INFO: Request received via POST, content type "application/x-www-form-urlencoded"
2026-09-29 04:56:26.980 - INFO: Processing the following SPARQL query:
# Tier H — size-sweep
# Goal: isolate export cost from query-planning cost. Raise the year bound
# across runs, for example 1970, 1990, 2010, and 2023.
PREFIX dblp: <https://dblp.org/rdf/schema#>

CONSTRUCT { ?s ?p ?o }
WHERE {
  ?s a dblp:Publication ;
     dblp:yearOfPublication ?year ;
     ?p ?o .
  FILTER(?year <= "1970"^^<http://www.w3.org/2001/XMLSchema#gYear>)
}

2026-09-29 04:56:26.980 - INFO: Requested media types of the result are: "text/turtle"
2026-09-29 04:56:26.981 - INFO: Query planning done in 1 ms
2026-09-29 04:56:27.003 - INFO: Result has unknown size (not computed yet)
2026-09-29 04:56:27.506 - INFO: Done processing query and sending result, total time was 526 ms
2026-09-29 04:56:27.526 - INFO: 
2026-09-29 04:56:27.526 - INFO: Request received via GET, no content type specified
2026-09-29 04:56:27.526 - INFO: Processing command "clear-cache": clear the cache (unpinned elements only)
2026-09-29 04:56:27.551 - INFO: 
2026-09-29 04:56:27.551 - INFO: Request received via POST, content type "application/x-www-form-urlencoded"
2026-09-29 04:56:27.552 - INFO: Processing the following SPARQL query:
# Tier H — size-sweep
# Goal: isolate export cost from query-planning cost. Raise the year bound
# across runs, for example 1970, 1990, 2010, and 2023.
PREFIX dblp: <https://dblp.org/rdf/schema#>

CONSTRUCT { ?s ?p ?o }
WHERE {
  ?s a dblp:Publication ;
     dblp:yearOfPublication ?year ;
     ?p ?o .
  FILTER(?year <= "1970"^^<http://www.w3.org/2001/XMLSchema#gYear>)
}

2026-09-29 04:56:27.552 - INFO: Requested media types of the result are: "text/turtle"
2026-09-29 04:56:27.553 - INFO: Query planning done in 1 ms
2026-09-29 04:56:27.575 - INFO: Result has unknown size (not computed yet)
2026-09-29 04:56:28.076 - INFO: Done processing query and sending result, total time was 524 ms
2026-09-29 04:56:28.095 - INFO: 
2026-09-29 04:56:28.095 - INFO: Request received via GET, no content type specified
2026-09-29 04:56:28.095 - INFO: Processing command "clear-cache": clear the cache (unpinned elements only)
2026-09-29 04:56:28.113 - INFO: 
2026-09-29 04:56:28.113 - INFO: Request received via POST, content type "application/x-www-form-urlencoded"
2026-09-29 04:56:28.114 - INFO: Processing the following SPARQL query:
# Tier H — size-sweep
# Goal: isolate export cost from query-planning cost. Raise the year bound
# across runs, for example 1970, 1990, 2010, and 2023.
PREFIX dblp: <https://dblp.org/rdf/schema#>

CONSTRUCT { ?s ?p ?o }
WHERE {
  ?s a dblp:Publication ;
     dblp:yearOfPublication ?year ;
     ?p ?o .
  FILTER(?year <= "1970"^^<http://www.w3.org/2001/XMLSchema#gYear>)
}

2026-09-29 04:56:28.114 - INFO: Requested media types of the result are: "text/turtle"
2026-09-29 04:56:28.115 - INFO: Query planning done in 1 ms
2026-09-29 04:56:28.138 - INFO: Result has unknown size (not computed yet)
2026-09-29 04:56:28.638 - INFO: Done processing query and sending result, total time was 524 ms
2026-09-29 04:56:28.657 - INFO: 
2026-09-29 04:56:28.657 - INFO: Request received via GET, no content type specified
2026-09-29 04:56:28.657 - INFO: Processing command "clear-cache": clear the cache (unpinned elements only)
2026-09-29 04:56:28.675 - INFO: 
2026-09-29 04:56:28.675 - INFO: Request received via POST, content type "application/x-www-form-urlencoded"
2026-09-29 04:56:28.675 - INFO: Processing the following SPARQL query:
# Tier H — size-sweep
# Goal: isolate export cost from query-planning cost. Raise the year bound
# across runs, for example 1970, 1990, 2010, and 2023.
PREFIX dblp: <https://dblp.org/rdf/schema#>

CONSTRUCT { ?s ?p ?o }
WHERE {
  ?s a dblp:Publication ;
     dblp:yearOfPublication ?year ;
     ?p ?o .
  FILTER(?year <= "1970"^^<http://www.w3.org/2001/XMLSchema#gYear>)
}

2026-09-29 04:56:28.675 - INFO: Requested media types of the result are: "text/turtle"
2026-09-29 04:56:28.676 - INFO: Query planning done in 1 ms
2026-09-29 04:56:28.699 - INFO: Result has unknown size (not computed yet)
2026-09-29 04:56:29.197 - INFO: Done processing query and sending result, total time was 521 ms
2026-09-29 04:56:29.217 - INFO: 
2026-09-29 04:56:29.217 - INFO: Request received via GET, no content type specified
2026-09-29 04:56:29.217 - INFO: Processing command "clear-cache": clear the cache (unpinned elements only)
2026-09-29 04:56:29.235 - INFO: 
2026-09-29 04:56:29.235 - INFO: Request received via POST, content type "application/x-www-form-urlencoded"
2026-09-29 04:56:29.235 - INFO: Processing the following SPARQL query:
# Tier H — size-sweep
# Goal: isolate export cost from query-planning cost. Raise the year bound
# across runs, for example 1970, 1990, 2010, and 2023.
PREFIX dblp: <https://dblp.org/rdf/schema#>

CONSTRUCT { ?s ?p ?o }
WHERE {
  ?s a dblp:Publication ;
     dblp:yearOfPublication ?year ;
     ?p ?o .
  FILTER(?year <= "1970"^^<http://www.w3.org/2001/XMLSchema#gYear>)
}

2026-09-29 04:56:29.235 - INFO: Requested media types of the result are: "text/turtle"
2026-09-29 04:56:29.236 - INFO: Query planning done in 1 ms
2026-09-29 04:56:29.259 - INFO: Result has unknown size (not computed yet)
2026-09-29 04:56:29.770 - INFO: Done processing query and sending result, total time was 535 ms
2026-09-29 04:57:15.212 - INFO: 
2026-09-29 04:57:15.212 - INFO: Request received via GET, no content type specified
2026-09-29 04:57:15.212 - INFO: Processing command "clear-cache": clear the cache (unpinned elements only)
2026-09-29 04:57:15.230 - INFO: 
2026-09-29 04:57:15.230 - INFO: Request received via POST, content type "application/x-www-form-urlencoded"
2026-09-29 04:57:15.231 - INFO: Processing the following SPARQL query:
# Tier H — size-sweep
# Goal: isolate export cost from query-planning cost. Raise the year bound
# across runs, for example 1970, 1990, 2010, and 2023.
PREFIX dblp: <https://dblp.org/rdf/schema#>

CONSTRUCT { ?s ?p ?o }
WHERE {
  ?s a dblp:Publication ;
     dblp:yearOfPublication ?year ;
     ?p ?o .
  FILTER(?year <= "1970"^^<http://www.w3.org/2001/XMLSchema#gYear>)
}

2026-09-29 04:57:15.231 - INFO: Requested media types of the result are: "text/turtle"
2026-09-29 04:57:15.232 - INFO: Query planning done in 1 ms
2026-09-29 04:57:15.253 - INFO: Result has unknown size (not computed yet)
2026-09-29 04:57:15.782 - INFO: Done processing query and sending result, total time was 551 ms
2026-09-29 04:57:15.800 - INFO: 
2026-09-29 04:57:15.801 - INFO: Request received via GET, no content type specified
2026-09-29 04:57:15.801 - INFO: Processing command "clear-cache": clear the cache (unpinned elements only)
2026-09-29 04:57:15.818 - INFO: 
2026-09-29 04:57:15.818 - INFO: Request received via POST, content type "application/x-www-form-urlencoded"
2026-09-29 04:57:15.819 - INFO: Processing the following SPARQL query:
# Tier H — size-sweep
# Goal: isolate export cost from query-planning cost. Raise the year bound
# across runs, for example 1970, 1990, 2010, and 2023.
PREFIX dblp: <https://dblp.org/rdf/schema#>

CONSTRUCT { ?s ?p ?o }
WHERE {
  ?s a dblp:Publication ;
     dblp:yearOfPublication ?year ;
     ?p ?o .
  FILTER(?year <= "1970"^^<http://www.w3.org/2001/XMLSchema#gYear>)
}

2026-09-29 04:57:15.819 - INFO: Requested media types of the result are: "text/turtle"
2026-09-29 04:57:15.820 - INFO: Query planning done in 1 ms
2026-09-29 04:57:15.843 - INFO: Result has unknown size (not computed yet)
2026-09-29 04:57:16.365 - INFO: Done processing query and sending result, total time was 546 ms
2026-09-29 04:57:16.384 - INFO: 
2026-09-29 04:57:16.384 - INFO: Request received via GET, no content type specified
2026-09-29 04:57:16.384 - INFO: Processing command "clear-cache": clear the cache (unpinned elements only)
2026-09-29 04:57:16.402 - INFO: 
2026-09-29 04:57:16.402 - INFO: Request received via POST, content type "application/x-www-form-urlencoded"
2026-09-29 04:57:16.402 - INFO: Processing the following SPARQL query:
# Tier H — size-sweep
# Goal: isolate export cost from query-planning cost. Raise the year bound
# across runs, for example 1970, 1990, 2010, and 2023.
PREFIX dblp: <https://dblp.org/rdf/schema#>

CONSTRUCT { ?s ?p ?o }
WHERE {
  ?s a dblp:Publication ;
     dblp:yearOfPublication ?year ;
     ?p ?o .
  FILTER(?year <= "1970"^^<http://www.w3.org/2001/XMLSchema#gYear>)
}

2026-09-29 04:57:16.402 - INFO: Requested media types of the result are: "text/turtle"
2026-09-29 04:57:16.403 - INFO: Query planning done in 1 ms
2026-09-29 04:57:16.425 - INFO: Result has unknown size (not computed yet)
2026-09-29 04:57:16.941 - INFO: Done processing query and sending result, total time was 539 ms
2026-09-29 04:57:16.960 - INFO: 
2026-09-29 04:57:16.960 - INFO: Request received via GET, no content type specified
2026-09-29 04:57:16.960 - INFO: Processing command "clear-cache": clear the cache (unpinned elements only)
2026-09-29 04:57:16.978 - INFO: 
2026-09-29 04:57:16.978 - INFO: Request received via POST, content type "application/x-www-form-urlencoded"
2026-09-29 04:57:16.978 - INFO: Processing the following SPARQL query:
# Tier H — size-sweep
# Goal: isolate export cost from query-planning cost. Raise the year bound
# across runs, for example 1970, 1990, 2010, and 2023.
PREFIX dblp: <https://dblp.org/rdf/schema#>

CONSTRUCT { ?s ?p ?o }
WHERE {
  ?s a dblp:Publication ;
     dblp:yearOfPublication ?year ;
     ?p ?o .
  FILTER(?year <= "1970"^^<http://www.w3.org/2001/XMLSchema#gYear>)
}

2026-09-29 04:57:16.978 - INFO: Requested media types of the result are: "text/turtle"
2026-09-29 04:57:16.979 - INFO: Query planning done in 1 ms
2026-09-29 04:57:17.001 - INFO: Result has unknown size (not computed yet)
2026-09-29 04:57:17.519 - INFO: Done processing query and sending result, total time was 541 ms
2026-09-29 04:57:17.538 - INFO: 
2026-09-29 04:57:17.538 - INFO: Request received via GET, no content type specified
2026-09-29 04:57:17.538 - INFO: Processing command "clear-cache": clear the cache (unpinned elements only)
2026-09-29 04:57:17.556 - INFO: 
2026-09-29 04:57:17.556 - INFO: Request received via POST, content type "application/x-www-form-urlencoded"
2026-09-29 04:57:17.556 - INFO: Processing the following SPARQL query:
# Tier H — size-sweep
# Goal: isolate export cost from query-planning cost. Raise the year bound
# across runs, for example 1970, 1990, 2010, and 2023.
PREFIX dblp: <https://dblp.org/rdf/schema#>

CONSTRUCT { ?s ?p ?o }
WHERE {
  ?s a dblp:Publication ;
     dblp:yearOfPublication ?year ;
     ?p ?o .
  FILTER(?year <= "1970"^^<http://www.w3.org/2001/XMLSchema#gYear>)
}

2026-09-29 04:57:17.556 - INFO: Requested media types of the result are: "text/turtle"
2026-09-29 04:57:17.557 - INFO: Query planning done in 1 ms
2026-09-29 04:57:17.578 - INFO: Result has unknown size (not computed yet)
2026-09-29 04:57:18.097 - INFO: Done processing query and sending result, total time was 541 ms
2026-09-29 04:57:18.116 - INFO: 
2026-09-29 04:57:18.116 - INFO: Request received via GET, no content type specified
2026-09-29 04:57:18.116 - INFO: Processing command "clear-cache": clear the cache (unpinned elements only)
2026-09-29 04:57:18.141 - INFO: 
2026-09-29 04:57:18.141 - INFO: Request received via POST, content type "application/x-www-form-urlencoded"
2026-09-29 04:57:18.141 - INFO: Processing the following SPARQL query:
# Tier H — size-sweep
# Goal: isolate export cost from query-planning cost. Raise the year bound
# across runs, for example 1970, 1990, 2010, and 2023.
PREFIX dblp: <https://dblp.org/rdf/schema#>

CONSTRUCT { ?s ?p ?o }
WHERE {
  ?s a dblp:Publication ;
     dblp:yearOfPublication ?year ;
     ?p ?o .
  FILTER(?year <= "1970"^^<http://www.w3.org/2001/XMLSchema#gYear>)
}

2026-09-29 04:57:18.141 - INFO: Requested media types of the result are: "text/turtle"
2026-09-29 04:57:18.142 - INFO: Query planning done in 1 ms
2026-09-29 04:57:18.164 - INFO: Result has unknown size (not computed yet)
2026-09-29 04:57:18.682 - INFO: Done processing query and sending result, total time was 541 ms
2026-09-29 04:57:18.702 - INFO: 
2026-09-29 04:57:18.702 - INFO: Request received via GET, no content type specified
2026-09-29 04:57:18.702 - INFO: Processing command "clear-cache": clear the cache (unpinned elements only)
2026-09-29 04:57:18.720 - INFO: 
2026-09-29 04:57:18.720 - INFO: Request received via POST, content type "application/x-www-form-urlencoded"
2026-09-29 04:57:18.720 - INFO: Processing the following SPARQL query:
# Tier H — size-sweep
# Goal: isolate export cost from query-planning cost. Raise the year bound
# across runs, for example 1970, 1990, 2010, and 2023.
PREFIX dblp: <https://dblp.org/rdf/schema#>

CONSTRUCT { ?s ?p ?o }
WHERE {
  ?s a dblp:Publication ;
     dblp:yearOfPublication ?year ;
     ?p ?o .
  FILTER(?year <= "1970"^^<http://www.w3.org/2001/XMLSchema#gYear>)
}

2026-09-29 04:57:18.720 - INFO: Requested media types of the result are: "text/turtle"
2026-09-29 04:57:18.721 - INFO: Query planning done in 1 ms
2026-09-29 04:57:18.743 - INFO: Result has unknown size (not computed yet)
2026-09-29 04:57:19.253 - INFO: Done processing query and sending result, total time was 533 ms
2026-09-29 04:57:19.272 - INFO: 
2026-09-29 04:57:19.272 - INFO: Request received via GET, no content type specified
2026-09-29 04:57:19.272 - INFO: Processing command "clear-cache": clear the cache (unpinned elements only)
2026-09-29 04:57:19.290 - INFO: 
2026-09-29 04:57:19.290 - INFO: Request received via POST, content type "application/x-www-form-urlencoded"
2026-09-29 04:57:19.290 - INFO: Processing the following SPARQL query:
# Tier H — size-sweep
# Goal: isolate export cost from query-planning cost. Raise the year bound
# across runs, for example 1970, 1990, 2010, and 2023.
PREFIX dblp: <https://dblp.org/rdf/schema#>

CONSTRUCT { ?s ?p ?o }
WHERE {
  ?s a dblp:Publication ;
     dblp:yearOfPublication ?year ;
     ?p ?o .
  FILTER(?year <= "1970"^^<http://www.w3.org/2001/XMLSchema#gYear>)
}

2026-09-29 04:57:19.290 - INFO: Requested media types of the result are: "text/turtle"
2026-09-29 04:57:19.291 - INFO: Query planning done in 1 ms
2026-09-29 04:57:19.313 - INFO: Result has unknown size (not computed yet)
2026-09-29 04:57:19.825 - INFO: Done processing query and sending result, total time was 535 ms
2026-09-29 04:57:19.844 - INFO: 
2026-09-29 04:57:19.844 - INFO: Request received via GET, no content type specified
2026-09-29 04:57:19.844 - INFO: Processing command "clear-cache": clear the cache (unpinned elements only)
2026-09-29 04:57:19.862 - INFO: 
2026-09-29 04:57:19.862 - INFO: Request received via POST, content type "application/x-www-form-urlencoded"
2026-09-29 04:57:19.862 - INFO: Processing the following SPARQL query:
# Tier H — size-sweep
# Goal: isolate export cost from query-planning cost. Raise the year bound
# across runs, for example 1970, 1990, 2010, and 2023.
PREFIX dblp: <https://dblp.org/rdf/schema#>

CONSTRUCT { ?s ?p ?o }
WHERE {
  ?s a dblp:Publication ;
     dblp:yearOfPublication ?year ;
     ?p ?o .
  FILTER(?year <= "1970"^^<http://www.w3.org/2001/XMLSchema#gYear>)
}

2026-09-29 04:57:19.862 - INFO: Requested media types of the result are: "text/turtle"
2026-09-29 04:57:19.863 - INFO: Query planning done in 1 ms
2026-09-29 04:57:19.885 - INFO: Result has unknown size (not computed yet)
2026-09-29 04:57:20.404 - INFO: Done processing query and sending result, total time was 542 ms
2026-09-29 04:57:20.423 - INFO: 
2026-09-29 04:57:20.423 - INFO: Request received via GET, no content type specified
2026-09-29 04:57:20.423 - INFO: Processing command "clear-cache": clear the cache (unpinned elements only)
2026-09-29 04:57:20.441 - INFO: 
2026-09-29 04:57:20.441 - INFO: Request received via POST, content type "application/x-www-form-urlencoded"
2026-09-29 04:57:20.442 - INFO: Processing the following SPARQL query:
# Tier H — size-sweep
# Goal: isolate export cost from query-planning cost. Raise the year bound
# across runs, for example 1970, 1990, 2010, and 2023.
PREFIX dblp: <https://dblp.org/rdf/schema#>

CONSTRUCT { ?s ?p ?o }
WHERE {
  ?s a dblp:Publication ;
     dblp:yearOfPublication ?year ;
     ?p ?o .
  FILTER(?year <= "1970"^^<http://www.w3.org/2001/XMLSchema#gYear>)
}

2026-09-29 04:57:20.442 - INFO: Requested media types of the result are: "text/turtle"
2026-09-29 04:57:20.443 - INFO: Query planning done in 1 ms
2026-09-29 04:57:20.465 - INFO: Result has unknown size (not computed yet)
2026-09-29 04:57:20.983 - INFO: Done processing query and sending result, total time was 541 ms
2026-09-29 04:57:21.002 - INFO: 
2026-09-29 04:57:21.002 - INFO: Request received via GET, no content type specified
2026-09-29 04:57:21.002 - INFO: Processing command "clear-cache": clear the cache (unpinned elements only)
2026-09-29 04:57:21.019 - INFO: 
2026-09-29 04:57:21.020 - INFO: Request received via POST, content type "application/x-www-form-urlencoded"
2026-09-29 04:57:21.020 - INFO: Processing the following SPARQL query:
# Tier H — size-sweep
# Goal: isolate export cost from query-planning cost. Raise the year bound
# across runs, for example 1970, 1990, 2010, and 2023.
PREFIX dblp: <https://dblp.org/rdf/schema#>

CONSTRUCT { ?s ?p ?o }
WHERE {
  ?s a dblp:Publication ;
     dblp:yearOfPublication ?year ;
     ?p ?o .
  FILTER(?year <= "1970"^^<http://www.w3.org/2001/XMLSchema#gYear>)
}

2026-09-29 04:57:21.020 - INFO: Requested media types of the result are: "text/turtle"
2026-09-29 04:57:21.021 - INFO: Query planning done in 1 ms
2026-09-29 04:57:21.042 - INFO: Result has unknown size (not computed yet)
2026-09-29 04:57:21.566 - INFO: Done processing query and sending result, total time was 546 ms
2026-09-29 04:57:21.585 - INFO: 
2026-09-29 04:57:21.585 - INFO: Request received via GET, no content type specified
2026-09-29 04:57:21.585 - INFO: Processing command "clear-cache": clear the cache (unpinned elements only)
2026-09-29 04:57:21.603 - INFO: 
2026-09-29 04:57:21.603 - INFO: Request received via POST, content type "application/x-www-form-urlencoded"
2026-09-29 04:57:21.603 - INFO: Processing the following SPARQL query:
# Tier H — size-sweep
# Goal: isolate export cost from query-planning cost. Raise the year bound
# across runs, for example 1970, 1990, 2010, and 2023.
PREFIX dblp: <https://dblp.org/rdf/schema#>

CONSTRUCT { ?s ?p ?o }
WHERE {
  ?s a dblp:Publication ;
     dblp:yearOfPublication ?year ;
     ?p ?o .
  FILTER(?year <= "1970"^^<http://www.w3.org/2001/XMLSchema#gYear>)
}

2026-09-29 04:57:21.603 - INFO: Requested media types of the result are: "text/turtle"
2026-09-29 04:57:21.604 - INFO: Query planning done in 1 ms
2026-09-29 04:57:21.625 - INFO: Result has unknown size (not computed yet)
2026-09-29 04:57:22.147 - INFO: Done processing query and sending result, total time was 544 ms
2026-09-29 04:57:22.165 - INFO: 
2026-09-29 04:57:22.165 - INFO: Request received via GET, no content type specified
2026-09-29 04:57:22.166 - INFO: Processing command "clear-cache": clear the cache (unpinned elements only)
2026-09-29 04:57:22.192 - INFO: 
2026-09-29 04:57:22.192 - INFO: Request received via POST, content type "application/x-www-form-urlencoded"
2026-09-29 04:57:22.192 - INFO: Processing the following SPARQL query:
# Tier H — size-sweep
# Goal: isolate export cost from query-planning cost. Raise the year bound
# across runs, for example 1970, 1990, 2010, and 2023.
PREFIX dblp: <https://dblp.org/rdf/schema#>

CONSTRUCT { ?s ?p ?o }
WHERE {
  ?s a dblp:Publication ;
     dblp:yearOfPublication ?year ;
     ?p ?o .
  FILTER(?year <= "1970"^^<http://www.w3.org/2001/XMLSchema#gYear>)
}

2026-09-29 04:57:22.192 - INFO: Requested media types of the result are: "text/turtle"
2026-09-29 04:57:22.193 - INFO: Query planning done in 1 ms
2026-09-29 04:57:22.215 - INFO: Result has unknown size (not computed yet)
2026-09-29 04:57:22.721 - INFO: Done processing query and sending result, total time was 529 ms
2026-09-29 04:57:22.740 - INFO: 
2026-09-29 04:57:22.740 - INFO: Request received via GET, no content type specified
2026-09-29 04:57:22.740 - INFO: Processing command "clear-cache": clear the cache (unpinned elements only)
2026-09-29 04:57:22.758 - INFO: 
2026-09-29 04:57:22.758 - INFO: Request received via POST, content type "application/x-www-form-urlencoded"
2026-09-29 04:57:22.758 - INFO: Processing the following SPARQL query:
# Tier H — size-sweep
# Goal: isolate export cost from query-planning cost. Raise the year bound
# across runs, for example 1970, 1990, 2010, and 2023.
PREFIX dblp: <https://dblp.org/rdf/schema#>

CONSTRUCT { ?s ?p ?o }
WHERE {
  ?s a dblp:Publication ;
     dblp:yearOfPublication ?year ;
     ?p ?o .
  FILTER(?year <= "1970"^^<http://www.w3.org/2001/XMLSchema#gYear>)
}

2026-09-29 04:57:22.758 - INFO: Requested media types of the result are: "text/turtle"
2026-09-29 04:57:22.759 - INFO: Query planning done in 1 ms
2026-09-29 04:57:22.776 - INFO: Result has unknown size (not computed yet)
2026-09-29 04:57:23.303 - INFO: Done processing query and sending result, total time was 545 ms
2026-09-29 04:57:23.322 - INFO: 
2026-09-29 04:57:23.322 - INFO: Request received via GET, no content type specified
2026-09-29 04:57:23.322 - INFO: Processing command "clear-cache": clear the cache (unpinned elements only)
2026-09-29 04:57:23.340 - INFO: 
2026-09-29 04:57:23.340 - INFO: Request received via POST, content type "application/x-www-form-urlencoded"
2026-09-29 04:57:23.340 - INFO: Processing the following SPARQL query:
# Tier H — size-sweep
# Goal: isolate export cost from query-planning cost. Raise the year bound
# across runs, for example 1970, 1990, 2010, and 2023.
PREFIX dblp: <https://dblp.org/rdf/schema#>

CONSTRUCT { ?s ?p ?o }
WHERE {
  ?s a dblp:Publication ;
     dblp:yearOfPublication ?year ;
     ?p ?o .
  FILTER(?year <= "1970"^^<http://www.w3.org/2001/XMLSchema#gYear>)
}

2026-09-29 04:57:23.340 - INFO: Requested media types of the result are: "text/turtle"
2026-09-29 04:57:23.341 - INFO: Query planning done in 1 ms
2026-09-29 04:57:23.357 - INFO: Result has unknown size (not computed yet)
2026-09-29 04:57:23.873 - INFO: Done processing query and sending result, total time was 532 ms
2026-09-29 04:57:23.892 - INFO: 
2026-09-29 04:57:23.892 - INFO: Request received via GET, no content type specified
2026-09-29 04:57:23.892 - INFO: Processing command "clear-cache": clear the cache (unpinned elements only)
2026-09-29 04:57:23.910 - INFO: 
2026-09-29 04:57:23.910 - INFO: Request received via POST, content type "application/x-www-form-urlencoded"
2026-09-29 04:57:23.910 - INFO: Processing the following SPARQL query:
# Tier H — size-sweep
# Goal: isolate export cost from query-planning cost. Raise the year bound
# across runs, for example 1970, 1990, 2010, and 2023.
PREFIX dblp: <https://dblp.org/rdf/schema#>

CONSTRUCT { ?s ?p ?o }
WHERE {
  ?s a dblp:Publication ;
     dblp:yearOfPublication ?year ;
     ?p ?o .
  FILTER(?year <= "1970"^^<http://www.w3.org/2001/XMLSchema#gYear>)
}

2026-09-29 04:57:23.910 - INFO: Requested media types of the result are: "text/turtle"
2026-09-29 04:57:23.911 - INFO: Query planning done in 1 ms
2026-09-29 04:57:23.926 - INFO: Result has unknown size (not computed yet)
2026-09-29 04:57:24.446 - INFO: Done processing query and sending result, total time was 536 ms
2026-09-29 04:57:24.465 - INFO: 
2026-09-29 04:57:24.465 - INFO: Request received via GET, no content type specified
2026-09-29 04:57:24.465 - INFO: Processing command "clear-cache": clear the cache (unpinned elements only)
2026-09-29 04:57:24.483 - INFO: 
2026-09-29 04:57:24.483 - INFO: Request received via POST, content type "application/x-www-form-urlencoded"
2026-09-29 04:57:24.483 - INFO: Processing the following SPARQL query:
# Tier H — size-sweep
# Goal: isolate export cost from query-planning cost. Raise the year bound
# across runs, for example 1970, 1990, 2010, and 2023.
PREFIX dblp: <https://dblp.org/rdf/schema#>

CONSTRUCT { ?s ?p ?o }
WHERE {
  ?s a dblp:Publication ;
     dblp:yearOfPublication ?year ;
     ?p ?o .
  FILTER(?year <= "1970"^^<http://www.w3.org/2001/XMLSchema#gYear>)
}

2026-09-29 04:57:24.483 - INFO: Requested media types of the result are: "text/turtle"
2026-09-29 04:57:24.484 - INFO: Query planning done in 1 ms
2026-09-29 04:57:24.500 - INFO: Result has unknown size (not computed yet)
2026-09-29 04:57:25.021 - INFO: Done processing query and sending result, total time was 537 ms
2026-09-29 04:57:25.039 - INFO: 
2026-09-29 04:57:25.039 - INFO: Request received via GET, no content type specified
2026-09-29 04:57:25.039 - INFO: Processing command "clear-cache": clear the cache (unpinned elements only)
2026-09-29 04:57:25.057 - INFO: 
2026-09-29 04:57:25.057 - INFO: Request received via POST, content type "application/x-www-form-urlencoded"
2026-09-29 04:57:25.058 - INFO: Processing the following SPARQL query:
# Tier H — size-sweep
# Goal: isolate export cost from query-planning cost. Raise the year bound
# across runs, for example 1970, 1990, 2010, and 2023.
PREFIX dblp: <https://dblp.org/rdf/schema#>

CONSTRUCT { ?s ?p ?o }
WHERE {
  ?s a dblp:Publication ;
     dblp:yearOfPublication ?year ;
     ?p ?o .
  FILTER(?year <= "1970"^^<http://www.w3.org/2001/XMLSchema#gYear>)
}

2026-09-29 04:57:25.058 - INFO: Requested media types of the result are: "text/turtle"
2026-09-29 04:57:25.059 - INFO: Query planning done in 1 ms
2026-09-29 04:57:25.075 - INFO: Result has unknown size (not computed yet)
2026-09-29 04:57:25.590 - INFO: Done processing query and sending result, total time was 533 ms
2026-09-29 04:57:41.191 - INFO: 
2026-09-29 04:57:41.191 - INFO: Request received via GET, no content type specified
2026-09-29 04:57:41.191 - INFO: Processing command "clear-cache": clear the cache (unpinned elements only)
2026-09-29 04:57:41.224 - INFO: 
2026-09-29 04:57:41.224 - INFO: Request received via POST, content type "application/x-www-form-urlencoded"
2026-09-29 04:57:41.224 - INFO: Processing the following SPARQL query:
# Tier H — size-sweep
# Goal: isolate export cost from query-planning cost. Raise the year bound
# across runs, for example 1970, 1990, 2010, and 2023.
PREFIX dblp: <https://dblp.org/rdf/schema#>

CONSTRUCT { ?s ?p ?o }
WHERE {
  ?s a dblp:Publication ;
     dblp:yearOfPublication ?year ;
     ?p ?o .
  FILTER(?year <= "1970"^^<http://www.w3.org/2001/XMLSchema#gYear>)
}

2026-09-29 04:57:41.224 - INFO: Requested media types of the result are: "text/turtle"
2026-09-29 04:57:41.225 - INFO: Query planning done in 1 ms
2026-09-29 04:57:41.241 - INFO: Result has unknown size (not computed yet)
2026-09-29 04:57:41.806 - INFO: Done processing query and sending result, total time was 581 ms
2026-09-29 04:57:41.824 - INFO: 
2026-09-29 04:57:41.824 - INFO: Request received via GET, no content type specified
2026-09-29 04:57:41.824 - INFO: Processing command "clear-cache": clear the cache (unpinned elements only)
2026-09-29 04:57:41.842 - INFO: 
2026-09-29 04:57:41.842 - INFO: Request received via POST, content type "application/x-www-form-urlencoded"
2026-09-29 04:57:41.843 - INFO: Processing the following SPARQL query:
# Tier H — size-sweep
# Goal: isolate export cost from query-planning cost. Raise the year bound
# across runs, for example 1970, 1990, 2010, and 2023.
PREFIX dblp: <https://dblp.org/rdf/schema#>

CONSTRUCT { ?s ?p ?o }
WHERE {
  ?s a dblp:Publication ;
     dblp:yearOfPublication ?year ;
     ?p ?o .
  FILTER(?year <= "1970"^^<http://www.w3.org/2001/XMLSchema#gYear>)
}

2026-09-29 04:57:41.843 - INFO: Requested media types of the result are: "text/turtle"
2026-09-29 04:57:41.844 - INFO: Query planning done in 1 ms
2026-09-29 04:57:41.860 - INFO: Result has unknown size (not computed yet)
2026-09-29 04:57:42.386 - INFO: Done processing query and sending result, total time was 543 ms
2026-09-29 04:57:42.404 - INFO: 
2026-09-29 04:57:42.404 - INFO: Request received via GET, no content type specified
2026-09-29 04:57:42.404 - INFO: Processing command "clear-cache": clear the cache (unpinned elements only)
2026-09-29 04:57:42.430 - INFO: 
2026-09-29 04:57:42.430 - INFO: Request received via POST, content type "application/x-www-form-urlencoded"
2026-09-29 04:57:42.430 - INFO: Processing the following SPARQL query:
# Tier H — size-sweep
# Goal: isolate export cost from query-planning cost. Raise the year bound
# across runs, for example 1970, 1990, 2010, and 2023.
PREFIX dblp: <https://dblp.org/rdf/schema#>

CONSTRUCT { ?s ?p ?o }
WHERE {
  ?s a dblp:Publication ;
     dblp:yearOfPublication ?year ;
     ?p ?o .
  FILTER(?year <= "1970"^^<http://www.w3.org/2001/XMLSchema#gYear>)
}

2026-09-29 04:57:42.430 - INFO: Requested media types of the result are: "text/turtle"
2026-09-29 04:57:42.431 - INFO: Query planning done in 1 ms
2026-09-29 04:57:42.453 - INFO: Result has unknown size (not computed yet)
2026-09-29 04:57:42.984 - INFO: Done processing query and sending result, total time was 554 ms
2026-09-29 04:57:43.003 - INFO: 
2026-09-29 04:57:43.003 - INFO: Request received via GET, no content type specified
2026-09-29 04:57:43.003 - INFO: Processing command "clear-cache": clear the cache (unpinned elements only)
2026-09-29 04:57:43.021 - INFO: 
2026-09-29 04:57:43.021 - INFO: Request received via POST, content type "application/x-www-form-urlencoded"
2026-09-29 04:57:43.021 - INFO: Processing the following SPARQL query:
# Tier H — size-sweep
# Goal: isolate export cost from query-planning cost. Raise the year bound
# across runs, for example 1970, 1990, 2010, and 2023.
PREFIX dblp: <https://dblp.org/rdf/schema#>

CONSTRUCT { ?s ?p ?o }
WHERE {
  ?s a dblp:Publication ;
     dblp:yearOfPublication ?year ;
     ?p ?o .
  FILTER(?year <= "1970"^^<http://www.w3.org/2001/XMLSchema#gYear>)
}

2026-09-29 04:57:43.021 - INFO: Requested media types of the result are: "text/turtle"
2026-09-29 04:57:43.023 - INFO: Query planning done in 1 ms
2026-09-29 04:57:43.044 - INFO: Result has unknown size (not computed yet)
2026-09-29 04:57:43.565 - INFO: Done processing query and sending result, total time was 543 ms
2026-09-29 04:57:43.584 - INFO: 
2026-09-29 04:57:43.584 - INFO: Request received via GET, no content type specified
2026-09-29 04:57:43.584 - INFO: Processing command "clear-cache": clear the cache (unpinned elements only)
2026-09-29 04:57:43.602 - INFO: 
2026-09-29 04:57:43.602 - INFO: Request received via POST, content type "application/x-www-form-urlencoded"
2026-09-29 04:57:43.602 - INFO: Processing the following SPARQL query:
# Tier H — size-sweep
# Goal: isolate export cost from query-planning cost. Raise the year bound
# across runs, for example 1970, 1990, 2010, and 2023.
PREFIX dblp: <https://dblp.org/rdf/schema#>

CONSTRUCT { ?s ?p ?o }
WHERE {
  ?s a dblp:Publication ;
     dblp:yearOfPublication ?year ;
     ?p ?o .
  FILTER(?year <= "1970"^^<http://www.w3.org/2001/XMLSchema#gYear>)
}

2026-09-29 04:57:43.602 - INFO: Requested media types of the result are: "text/turtle"
2026-09-29 04:57:43.603 - INFO: Query planning done in 1 ms
2026-09-29 04:57:43.625 - INFO: Result has unknown size (not computed yet)
2026-09-29 04:57:44.145 - INFO: Done processing query and sending result, total time was 543 ms
2026-09-29 04:57:44.164 - INFO: 
2026-09-29 04:57:44.164 - INFO: Request received via GET, no content type specified
2026-09-29 04:57:44.164 - INFO: Processing command "clear-cache": clear the cache (unpinned elements only)
2026-09-29 04:57:44.182 - INFO: 
2026-09-29 04:57:44.182 - INFO: Request received via POST, content type "application/x-www-form-urlencoded"
2026-09-29 04:57:44.182 - INFO: Processing the following SPARQL query:
# Tier H — size-sweep
# Goal: isolate export cost from query-planning cost. Raise the year bound
# across runs, for example 1970, 1990, 2010, and 2023.
PREFIX dblp: <https://dblp.org/rdf/schema#>

CONSTRUCT { ?s ?p ?o }
WHERE {
  ?s a dblp:Publication ;
     dblp:yearOfPublication ?year ;
     ?p ?o .
  FILTER(?year <= "1970"^^<http://www.w3.org/2001/XMLSchema#gYear>)
}

2026-09-29 04:57:44.182 - INFO: Requested media types of the result are: "text/turtle"
2026-09-29 04:57:44.183 - INFO: Query planning done in 1 ms
2026-09-29 04:57:44.204 - INFO: Result has unknown size (not computed yet)
2026-09-29 04:57:44.722 - INFO: Done processing query and sending result, total time was 540 ms
2026-09-29 04:57:44.741 - INFO: 
2026-09-29 04:57:44.741 - INFO: Request received via GET, no content type specified
2026-09-29 04:57:44.741 - INFO: Processing command "clear-cache": clear the cache (unpinned elements only)
2026-09-29 04:57:44.759 - INFO: 
2026-09-29 04:57:44.759 - INFO: Request received via POST, content type "application/x-www-form-urlencoded"
2026-09-29 04:57:44.759 - INFO: Processing the following SPARQL query:
# Tier H — size-sweep
# Goal: isolate export cost from query-planning cost. Raise the year bound
# across runs, for example 1970, 1990, 2010, and 2023.
PREFIX dblp: <https://dblp.org/rdf/schema#>

CONSTRUCT { ?s ?p ?o }
WHERE {
  ?s a dblp:Publication ;
     dblp:yearOfPublication ?year ;
     ?p ?o .
  FILTER(?year <= "1970"^^<http://www.w3.org/2001/XMLSchema#gYear>)
}

2026-09-29 04:57:44.759 - INFO: Requested media types of the result are: "text/turtle"
2026-09-29 04:57:44.760 - INFO: Query planning done in 1 ms
2026-09-29 04:57:44.783 - INFO: Result has unknown size (not computed yet)
2026-09-29 04:57:45.308 - INFO: Done processing query and sending result, total time was 549 ms
2026-09-29 04:57:45.327 - INFO: 
2026-09-29 04:57:45.327 - INFO: Request received via GET, no content type specified
2026-09-29 04:57:45.327 - INFO: Processing command "clear-cache": clear the cache (unpinned elements only)
2026-09-29 04:57:45.345 - INFO: 
2026-09-29 04:57:45.345 - INFO: Request received via POST, content type "application/x-www-form-urlencoded"
2026-09-29 04:57:45.345 - INFO: Processing the following SPARQL query:
# Tier H — size-sweep
# Goal: isolate export cost from query-planning cost. Raise the year bound
# across runs, for example 1970, 1990, 2010, and 2023.
PREFIX dblp: <https://dblp.org/rdf/schema#>

CONSTRUCT { ?s ?p ?o }
WHERE {
  ?s a dblp:Publication ;
     dblp:yearOfPublication ?year ;
     ?p ?o .
  FILTER(?year <= "1970"^^<http://www.w3.org/2001/XMLSchema#gYear>)
}

2026-09-29 04:57:45.345 - INFO: Requested media types of the result are: "text/turtle"
2026-09-29 04:57:45.347 - INFO: Query planning done in 1 ms
2026-09-29 04:57:45.368 - INFO: Result has unknown size (not computed yet)
2026-09-29 04:57:45.889 - INFO: Done processing query and sending result, total time was 544 ms
2026-09-29 04:57:45.908 - INFO: 
2026-09-29 04:57:45.908 - INFO: Request received via GET, no content type specified
2026-09-29 04:57:45.908 - INFO: Processing command "clear-cache": clear the cache (unpinned elements only)
2026-09-29 04:57:45.926 - INFO: 
2026-09-29 04:57:45.926 - INFO: Request received via POST, content type "application/x-www-form-urlencoded"
2026-09-29 04:57:45.926 - INFO: Processing the following SPARQL query:
# Tier H — size-sweep
# Goal: isolate export cost from query-planning cost. Raise the year bound
# across runs, for example 1970, 1990, 2010, and 2023.
PREFIX dblp: <https://dblp.org/rdf/schema#>

CONSTRUCT { ?s ?p ?o }
WHERE {
  ?s a dblp:Publication ;
     dblp:yearOfPublication ?year ;
     ?p ?o .
  FILTER(?year <= "1970"^^<http://www.w3.org/2001/XMLSchema#gYear>)
}

2026-09-29 04:57:45.926 - INFO: Requested media types of the result are: "text/turtle"
2026-09-29 04:57:45.927 - INFO: Query planning done in 1 ms
2026-09-29 04:57:45.950 - INFO: Result has unknown size (not computed yet)
2026-09-29 04:57:46.470 - INFO: Done processing query and sending result, total time was 544 ms
2026-09-29 04:58:04.791 - INFO: 
2026-09-29 04:58:04.791 - INFO: Request received via GET, no content type specified
2026-09-29 04:58:04.791 - INFO: Processing command "clear-cache": clear the cache (unpinned elements only)
2026-09-29 04:58:04.809 - INFO: 
2026-09-29 04:58:04.809 - INFO: Request received via POST, content type "application/x-www-form-urlencoded"
2026-09-29 04:58:04.809 - INFO: Processing the following SPARQL query:
# Tier H — size-sweep, year <= 1990
# Goal: isolate export cost from query-planning cost. Raise the year bound
# across runs, for example 1970, 1990, 2010, and 2023.
PREFIX dblp: <https://dblp.org/rdf/schema#>

CONSTRUCT { ?s ?p ?o }
WHERE {
  ?s a dblp:Publication ;
     dblp:yearOfPublication ?year ;
     ?p ?o .
  FILTER(?year <= "1990"^^<http://www.w3.org/2001/XMLSchema#gYear>)
}

2026-09-29 04:58:04.809 - INFO: Requested media types of the result are: "text/turtle"
2026-09-29 04:58:04.810 - INFO: Query planning done in 1 ms
2026-09-29 04:58:04.907 - INFO: Result has unknown size (not computed yet)
2026-09-29 04:58:10.677 - INFO: Done processing query and sending result, total time was 5,868 ms
2026-09-29 04:58:56.097 - INFO: 
2026-09-29 04:58:56.097 - INFO: Request received via GET, no content type specified
2026-09-29 04:58:56.097 - INFO: Processing command "clear-cache": clear the cache (unpinned elements only)
2026-09-29 04:58:56.115 - INFO: 
2026-09-29 04:58:56.115 - INFO: Request received via POST, content type "application/x-www-form-urlencoded"
2026-09-29 04:58:56.115 - INFO: Processing the following SPARQL query:
# Tier H — size-sweep, year <= 1990
# Goal: isolate export cost from query-planning cost. Raise the year bound
# across runs, for example 1970, 1990, 2010, and 2023.
PREFIX dblp: <https://dblp.org/rdf/schema#>

CONSTRUCT { ?s ?p ?o }
WHERE {
  ?s a dblp:Publication ;
     dblp:yearOfPublication ?year ;
     ?p ?o .
  FILTER(?year <= "1990"^^<http://www.w3.org/2001/XMLSchema#gYear>)
}

2026-09-29 04:58:56.115 - INFO: Requested media types of the result are: "text/turtle"
2026-09-29 04:58:56.116 - INFO: Query planning done in 1 ms
2026-09-29 04:58:56.215 - INFO: Result has unknown size (not computed yet)
2026-09-29 04:59:02.080 - INFO: Done processing query and sending result, total time was 5,965 ms
2026-09-29 04:59:02.099 - INFO: 
2026-09-29 04:59:02.099 - INFO: Request received via GET, no content type specified
2026-09-29 04:59:02.099 - INFO: Processing command "clear-cache": clear the cache (unpinned elements only)
2026-09-29 04:59:02.117 - INFO: 
2026-09-29 04:59:02.117 - INFO: Request received via POST, content type "application/x-www-form-urlencoded"
2026-09-29 04:59:02.118 - INFO: Processing the following SPARQL query:
# Tier H — size-sweep, year <= 1990
# Goal: isolate export cost from query-planning cost. Raise the year bound
# across runs, for example 1970, 1990, 2010, and 2023.
PREFIX dblp: <https://dblp.org/rdf/schema#>

CONSTRUCT { ?s ?p ?o }
WHERE {
  ?s a dblp:Publication ;
     dblp:yearOfPublication ?year ;
     ?p ?o .
  FILTER(?year <= "1990"^^<http://www.w3.org/2001/XMLSchema#gYear>)
}

2026-09-29 04:59:02.118 - INFO: Requested media types of the result are: "text/turtle"
2026-09-29 04:59:02.118 - INFO: Query planning done in 1 ms
2026-09-29 04:59:02.216 - INFO: Result has unknown size (not computed yet)
2026-09-29 04:59:07.944 - INFO: Done processing query and sending result, total time was 5,826 ms
2026-09-29 04:59:08.268 - INFO: 
2026-09-29 04:59:08.268 - INFO: Request received via GET, no content type specified
2026-09-29 04:59:08.268 - INFO: Processing command "clear-cache": clear the cache (unpinned elements only)
2026-09-29 04:59:08.286 - INFO: 
2026-09-29 04:59:08.286 - INFO: Request received via POST, content type "application/x-www-form-urlencoded"
2026-09-29 04:59:08.286 - INFO: Processing the following SPARQL query:
# Tier H — size-sweep, year <= 1990
# Goal: isolate export cost from query-planning cost. Raise the year bound
# across runs, for example 1970, 1990, 2010, and 2023.
PREFIX dblp: <https://dblp.org/rdf/schema#>

CONSTRUCT { ?s ?p ?o }
WHERE {
  ?s a dblp:Publication ;
     dblp:yearOfPublication ?year ;
     ?p ?o .
  FILTER(?year <= "1990"^^<http://www.w3.org/2001/XMLSchema#gYear>)
}

2026-09-29 04:59:08.286 - INFO: Requested media types of the result are: "text/turtle"
2026-09-29 04:59:08.288 - INFO: Query planning done in 1 ms
2026-09-29 04:59:08.386 - INFO: Result has unknown size (not computed yet)
2026-09-29 04:59:14.209 - INFO: Done processing query and sending result, total time was 5,922 ms
2026-09-29 04:59:14.230 - INFO: 
2026-09-29 04:59:14.230 - INFO: Request received via GET, no content type specified
2026-09-29 04:59:14.230 - INFO: Processing command "clear-cache": clear the cache (unpinned elements only)
2026-09-29 04:59:14.249 - INFO: 
2026-09-29 04:59:14.249 - INFO: Request received via POST, content type "application/x-www-form-urlencoded"
2026-09-29 04:59:14.249 - INFO: Processing the following SPARQL query:
# Tier H — size-sweep, year <= 1990
# Goal: isolate export cost from query-planning cost. Raise the year bound
# across runs, for example 1970, 1990, 2010, and 2023.
PREFIX dblp: <https://dblp.org/rdf/schema#>

CONSTRUCT { ?s ?p ?o }
WHERE {
  ?s a dblp:Publication ;
     dblp:yearOfPublication ?year ;
     ?p ?o .
  FILTER(?year <= "1990"^^<http://www.w3.org/2001/XMLSchema#gYear>)
}

2026-09-29 04:59:14.249 - INFO: Requested media types of the result are: "text/turtle"
2026-09-29 04:59:14.250 - INFO: Query planning done in 1 ms
2026-09-29 04:59:14.345 - INFO: Result has unknown size (not computed yet)
2026-09-29 04:59:20.028 - INFO: Done processing query and sending result, total time was 5,779 ms
2026-09-29 05:00:12.056 - INFO: 
2026-09-29 05:00:12.056 - INFO: Request received via GET, no content type specified
2026-09-29 05:00:12.056 - INFO: Processing command "clear-cache": clear the cache (unpinned elements only)
2026-09-29 05:00:12.074 - INFO: 
2026-09-29 05:00:12.074 - INFO: Request received via POST, content type "application/x-www-form-urlencoded"
2026-09-29 05:00:12.074 - INFO: Processing the following SPARQL query:
# Tier H — size-sweep, year <= 1990
# Goal: isolate export cost from query-planning cost. Raise the year bound
# across runs, for example 1970, 1990, 2010, and 2023.
PREFIX dblp: <https://dblp.org/rdf/schema#>

CONSTRUCT { ?s ?p ?o }
WHERE {
  ?s a dblp:Publication ;
     dblp:yearOfPublication ?year ;
     ?p ?o .
  FILTER(?year <= "1990"^^<http://www.w3.org/2001/XMLSchema#gYear>)
}

2026-09-29 05:00:12.074 - INFO: Requested media types of the result are: "text/turtle"
2026-09-29 05:00:12.075 - INFO: Query planning done in 1 ms
2026-09-29 05:00:12.173 - INFO: Result has unknown size (not computed yet)
2026-09-29 05:00:18.012 - INFO: Done processing query and sending result, total time was 5,937 ms
2026-09-29 05:00:18.031 - INFO: 
2026-09-29 05:00:18.031 - INFO: Request received via GET, no content type specified
2026-09-29 05:00:18.031 - INFO: Processing command "clear-cache": clear the cache (unpinned elements only)
2026-09-29 05:00:18.049 - INFO: 
2026-09-29 05:00:18.049 - INFO: Request received via POST, content type "application/x-www-form-urlencoded"
2026-09-29 05:00:18.049 - INFO: Processing the following SPARQL query:
# Tier H — size-sweep, year <= 1990
# Goal: isolate export cost from query-planning cost. Raise the year bound
# across runs, for example 1970, 1990, 2010, and 2023.
PREFIX dblp: <https://dblp.org/rdf/schema#>

CONSTRUCT { ?s ?p ?o }
WHERE {
  ?s a dblp:Publication ;
     dblp:yearOfPublication ?year ;
     ?p ?o .
  FILTER(?year <= "1990"^^<http://www.w3.org/2001/XMLSchema#gYear>)
}

2026-09-29 05:00:18.049 - INFO: Requested media types of the result are: "text/turtle"
2026-09-29 05:00:18.050 - INFO: Query planning done in 1 ms
2026-09-29 05:00:18.149 - INFO: Result has unknown size (not computed yet)
2026-09-29 05:00:23.986 - INFO: Done processing query and sending result, total time was 5,937 ms
2026-09-29 05:00:41.638 - INFO: 
2026-09-29 05:00:41.638 - INFO: Request received via GET, no content type specified
2026-09-29 05:00:41.638 - INFO: Processing command "clear-cache": clear the cache (unpinned elements only)
2026-09-29 05:00:41.676 - INFO: 
2026-09-29 05:00:41.676 - INFO: Request received via POST, content type "application/x-www-form-urlencoded"
2026-09-29 05:00:41.676 - INFO: Processing the following SPARQL query:
# Tier H — size-sweep, year <= 1990
# Goal: isolate export cost from query-planning cost. Raise the year bound
# across runs, for example 1970, 1990, 2010, and 2023.
PREFIX dblp: <https://dblp.org/rdf/schema#>

CONSTRUCT { ?s ?p ?o }
WHERE {
  ?s a dblp:Publication ;
     dblp:yearOfPublication ?year ;
     ?p ?o .
  FILTER(?year <= "1990"^^<http://www.w3.org/2001/XMLSchema#gYear>)
}

2026-09-29 05:00:41.677 - INFO: Requested media types of the result are: "text/turtle"
2026-09-29 05:00:41.678 - INFO: Query planning done in 1 ms
2026-09-29 05:00:41.745 - INFO: Result has unknown size (not computed yet)
2026-09-29 05:00:47.493 - INFO: Done processing query and sending result, total time was 5,816 ms
