2026-09-29 04:50:36.109 - INFO: [1mQLever server v0.6.0-239-gd95f40d44, compiled on Mon Sep 28 20:40:32 UTC 2026 using git hash d95f40d[22m
2026-09-29 04:50:36.109 - INFO: Runtime parameter set from the command line: use-fast-export-stream-formatter=false
2026-09-29 04:50:36.109 - INFO: Cleanup of previous index directories after each rebuild enabled (--rebuild-keep-previous-index-dirs original-and-most-recent)
2026-09-29 04:50:36.110 - INFO: The git hash used to build this index was "65f84b4"
2026-09-29 04:50:36.110 - INFO: Reading vocabulary from file /local/data-ssd/stoetzem/dblp/dblp.vocabulary.words ...
2026-09-29 04:50:36.117 - INFO: Done, number of words: 446,944,668
2026-09-29 04:50:36.117 - INFO: Number of words in internal vocabulary (these are also part of the external vocabulary): 446,955
2026-09-29 04:50:36.121 - INFO: Registered PSO permutation: #relations = 6, #blocks = 8,187, #triples = 255,805,025
2026-09-29 04:50:36.141 - INFO: Registered PSO permutation: #relations = 96, #blocks = 51,023, #triples = 1,593,245,022
2026-09-29 04:50:36.143 - INFO: Registered POS permutation: #relations = 6, #blocks = 8,187, #triples = 255,805,025
2026-09-29 04:50:36.162 - INFO: Registered POS permutation: #relations = 96, #blocks = 51,023, #triples = 1,593,245,022
2026-09-29 04:50:36.178 - INFO: Registered OPS permutation: #relations = 345,357,897, #blocks = 42,492, #triples = 1,593,245,022
2026-09-29 04:50:36.194 - INFO: Registered OSP permutation: #relations = 345,357,897, #blocks = 42,492, #triples = 1,593,245,022
2026-09-29 04:50:36.204 - INFO: Registered SPO permutation: #relations = 255,804,614, #blocks = 33,993, #triples = 1,593,245,022
2026-09-29 04:50:36.212 - INFO: Registered SOP permutation: #relations = 255,804,614, #blocks = 33,993, #triples = 1,593,245,022
2026-09-29 04:50:36.212 - INFO: Reading patterns from file /local/data-ssd/stoetzem/dblp/dblp.index.patterns ...
2026-09-29 04:50:36.212 - INFO: Sorting random result tables to estimate the sorting performance of this machine ...
2026-09-29 04:50:44.347 - INFO: Initializing server ...
2026-09-29 04:50:44.347 - INFO: No access token required for restricted API calls
2026-09-29 04:50:44.347 - INFO: The server is ready, listening for requests on port 7302 ...
2026-09-29 04:51:13.122 - INFO: 
2026-09-29 04:51:13.122 - INFO: Request received via GET, no content type specified
2026-09-29 04:51:13.122 - INFO: Processing command "clear-cache": clear the cache (unpinned elements only)
2026-09-29 04:51:13.143 - INFO: 
2026-09-29 04:51:13.143 - INFO: Request received via POST, content type "application/x-www-form-urlencoded"
2026-09-29 04:51:13.145 - INFO: Processing the following SPARQL query:
# Tier H-vocab — title literals, large
# Goal: external-vocabulary lookup pressure with larger bounded output.
PREFIX dblp: <https://dblp.org/rdf/schema#>

CONSTRUCT { ?paper dblp:title ?title }
WHERE {
  ?paper dblp:title ?title .
}
LIMIT 100000

2026-09-29 04:51:13.145 - INFO: Requested media types of the result are: "text/turtle"
2026-09-29 04:51:13.145 - INFO: Query planning done in 2 ms
2026-09-29 04:51:13.145 - INFO: Result has unknown size (not computed yet)
2026-09-29 04:51:13.448 - INFO: Done processing query and sending result, total time was 305 ms
2026-09-29 04:51:25.820 - INFO: 
2026-09-29 04:51:25.820 - INFO: Request received via GET, no content type specified
2026-09-29 04:51:25.820 - INFO: Processing command "clear-cache": clear the cache (unpinned elements only)
2026-09-29 04:51:25.838 - INFO: 
2026-09-29 04:51:25.838 - INFO: Request received via POST, content type "application/x-www-form-urlencoded"
2026-09-29 04:51:25.839 - INFO: Processing the following SPARQL query:
# Tier H-vocab — title literals, large
# Goal: external-vocabulary lookup pressure with larger bounded output.
PREFIX dblp: <https://dblp.org/rdf/schema#>

CONSTRUCT { ?paper dblp:title ?title }
WHERE {
  ?paper dblp:title ?title .
}
LIMIT 100000

2026-09-29 04:51:25.839 - INFO: Requested media types of the result are: "text/turtle"
2026-09-29 04:51:25.839 - INFO: Query planning done in 0 ms
2026-09-29 04:51:25.839 - INFO: Result has unknown size (not computed yet)
2026-09-29 04:51:26.139 - INFO: Done processing query and sending result, total time was 300 ms
2026-09-29 04:51:26.160 - INFO: 
2026-09-29 04:51:26.160 - INFO: Request received via GET, no content type specified
2026-09-29 04:51:26.160 - INFO: Processing command "clear-cache": clear the cache (unpinned elements only)
2026-09-29 04:51:26.185 - INFO: 
2026-09-29 04:51:26.185 - INFO: Request received via POST, content type "application/x-www-form-urlencoded"
2026-09-29 04:51:26.185 - INFO: Processing the following SPARQL query:
# Tier H-vocab — title literals, large
# Goal: external-vocabulary lookup pressure with larger bounded output.
PREFIX dblp: <https://dblp.org/rdf/schema#>

CONSTRUCT { ?paper dblp:title ?title }
WHERE {
  ?paper dblp:title ?title .
}
LIMIT 100000

2026-09-29 04:51:26.185 - INFO: Requested media types of the result are: "text/turtle"
2026-09-29 04:51:26.185 - INFO: Query planning done in 0 ms
2026-09-29 04:51:26.185 - INFO: Result has unknown size (not computed yet)
2026-09-29 04:51:26.486 - INFO: Done processing query and sending result, total time was 301 ms
2026-09-29 04:51:26.507 - INFO: 
2026-09-29 04:51:26.507 - INFO: Request received via GET, no content type specified
2026-09-29 04:51:26.507 - INFO: Processing command "clear-cache": clear the cache (unpinned elements only)
2026-09-29 04:51:26.525 - INFO: 
2026-09-29 04:51:26.525 - INFO: Request received via POST, content type "application/x-www-form-urlencoded"
2026-09-29 04:51:26.525 - INFO: Processing the following SPARQL query:
# Tier H-vocab — title literals, large
# Goal: external-vocabulary lookup pressure with larger bounded output.
PREFIX dblp: <https://dblp.org/rdf/schema#>

CONSTRUCT { ?paper dblp:title ?title }
WHERE {
  ?paper dblp:title ?title .
}
LIMIT 100000

2026-09-29 04:51:26.525 - INFO: Requested media types of the result are: "text/turtle"
2026-09-29 04:51:26.525 - INFO: Query planning done in 0 ms
2026-09-29 04:51:26.525 - INFO: Result has unknown size (not computed yet)
2026-09-29 04:51:26.824 - INFO: Done processing query and sending result, total time was 299 ms
2026-09-29 04:51:26.844 - INFO: 
2026-09-29 04:51:26.844 - INFO: Request received via GET, no content type specified
2026-09-29 04:51:26.844 - INFO: Processing command "clear-cache": clear the cache (unpinned elements only)
2026-09-29 04:51:26.862 - INFO: 
2026-09-29 04:51:26.862 - INFO: Request received via POST, content type "application/x-www-form-urlencoded"
2026-09-29 04:51:26.862 - INFO: Processing the following SPARQL query:
# Tier H-vocab — title literals, large
# Goal: external-vocabulary lookup pressure with larger bounded output.
PREFIX dblp: <https://dblp.org/rdf/schema#>

CONSTRUCT { ?paper dblp:title ?title }
WHERE {
  ?paper dblp:title ?title .
}
LIMIT 100000

2026-09-29 04:51:26.862 - INFO: Requested media types of the result are: "text/turtle"
2026-09-29 04:51:26.862 - INFO: Query planning done in 0 ms
2026-09-29 04:51:26.863 - INFO: Result has unknown size (not computed yet)
2026-09-29 04:51:27.159 - INFO: Done processing query and sending result, total time was 296 ms
2026-09-29 04:51:27.179 - INFO: 
2026-09-29 04:51:27.179 - INFO: Request received via GET, no content type specified
2026-09-29 04:51:27.179 - INFO: Processing command "clear-cache": clear the cache (unpinned elements only)
2026-09-29 04:51:27.197 - INFO: 
2026-09-29 04:51:27.197 - INFO: Request received via POST, content type "application/x-www-form-urlencoded"
2026-09-29 04:51:27.197 - INFO: Processing the following SPARQL query:
# Tier H-vocab — title literals, large
# Goal: external-vocabulary lookup pressure with larger bounded output.
PREFIX dblp: <https://dblp.org/rdf/schema#>

CONSTRUCT { ?paper dblp:title ?title }
WHERE {
  ?paper dblp:title ?title .
}
LIMIT 100000

2026-09-29 04:51:27.197 - INFO: Requested media types of the result are: "text/turtle"
2026-09-29 04:51:27.197 - INFO: Query planning done in 0 ms
2026-09-29 04:51:27.198 - INFO: Result has unknown size (not computed yet)
2026-09-29 04:51:27.481 - INFO: Done processing query and sending result, total time was 284 ms
2026-09-29 04:51:27.502 - INFO: 
2026-09-29 04:51:27.502 - INFO: Request received via GET, no content type specified
2026-09-29 04:51:27.502 - INFO: Processing command "clear-cache": clear the cache (unpinned elements only)
2026-09-29 04:51:27.519 - INFO: 
2026-09-29 04:51:27.519 - INFO: Request received via POST, content type "application/x-www-form-urlencoded"
2026-09-29 04:51:27.520 - INFO: Processing the following SPARQL query:
# Tier H-vocab — title literals, large
# Goal: external-vocabulary lookup pressure with larger bounded output.
PREFIX dblp: <https://dblp.org/rdf/schema#>

CONSTRUCT { ?paper dblp:title ?title }
WHERE {
  ?paper dblp:title ?title .
}
LIMIT 100000

2026-09-29 04:51:27.520 - INFO: Requested media types of the result are: "text/turtle"
2026-09-29 04:51:27.520 - INFO: Query planning done in 0 ms
2026-09-29 04:51:27.520 - INFO: Result has unknown size (not computed yet)
2026-09-29 04:51:27.796 - INFO: Done processing query and sending result, total time was 276 ms
2026-09-29 04:51:27.816 - INFO: 
2026-09-29 04:51:27.816 - INFO: Request received via GET, no content type specified
2026-09-29 04:51:27.816 - INFO: Processing command "clear-cache": clear the cache (unpinned elements only)
2026-09-29 04:51:27.834 - INFO: 
2026-09-29 04:51:27.834 - INFO: Request received via POST, content type "application/x-www-form-urlencoded"
2026-09-29 04:51:27.834 - INFO: Processing the following SPARQL query:
# Tier H-vocab — title literals, large
# Goal: external-vocabulary lookup pressure with larger bounded output.
PREFIX dblp: <https://dblp.org/rdf/schema#>

CONSTRUCT { ?paper dblp:title ?title }
WHERE {
  ?paper dblp:title ?title .
}
LIMIT 100000

2026-09-29 04:51:27.834 - INFO: Requested media types of the result are: "text/turtle"
2026-09-29 04:51:27.834 - INFO: Query planning done in 0 ms
2026-09-29 04:51:27.834 - INFO: Result has unknown size (not computed yet)
2026-09-29 04:51:28.116 - INFO: Done processing query and sending result, total time was 281 ms
2026-09-29 04:51:28.136 - INFO: 
2026-09-29 04:51:28.136 - INFO: Request received via GET, no content type specified
2026-09-29 04:51:28.136 - INFO: Processing command "clear-cache": clear the cache (unpinned elements only)
2026-09-29 04:51:28.159 - INFO: 
2026-09-29 04:51:28.159 - INFO: Request received via POST, content type "application/x-www-form-urlencoded"
2026-09-29 04:51:28.160 - INFO: Processing the following SPARQL query:
# Tier H-vocab — title literals, large
# Goal: external-vocabulary lookup pressure with larger bounded output.
PREFIX dblp: <https://dblp.org/rdf/schema#>

CONSTRUCT { ?paper dblp:title ?title }
WHERE {
  ?paper dblp:title ?title .
}
LIMIT 100000

2026-09-29 04:51:28.160 - INFO: Requested media types of the result are: "text/turtle"
2026-09-29 04:51:28.160 - INFO: Query planning done in 0 ms
2026-09-29 04:51:28.160 - INFO: Result has unknown size (not computed yet)
2026-09-29 04:51:28.436 - INFO: Done processing query and sending result, total time was 276 ms
2026-09-29 04:51:28.456 - INFO: 
2026-09-29 04:51:28.456 - INFO: Request received via GET, no content type specified
2026-09-29 04:51:28.457 - INFO: Processing command "clear-cache": clear the cache (unpinned elements only)
2026-09-29 04:51:28.474 - INFO: 
2026-09-29 04:51:28.474 - INFO: Request received via POST, content type "application/x-www-form-urlencoded"
2026-09-29 04:51:28.475 - INFO: Processing the following SPARQL query:
# Tier H-vocab — title literals, large
# Goal: external-vocabulary lookup pressure with larger bounded output.
PREFIX dblp: <https://dblp.org/rdf/schema#>

CONSTRUCT { ?paper dblp:title ?title }
WHERE {
  ?paper dblp:title ?title .
}
LIMIT 100000

2026-09-29 04:51:28.475 - INFO: Requested media types of the result are: "text/turtle"
2026-09-29 04:51:28.475 - INFO: Query planning done in 0 ms
2026-09-29 04:51:28.475 - INFO: Result has unknown size (not computed yet)
2026-09-29 04:51:28.750 - INFO: Done processing query and sending result, total time was 275 ms
2026-09-29 04:51:28.770 - INFO: 
2026-09-29 04:51:28.770 - INFO: Request received via GET, no content type specified
2026-09-29 04:51:28.770 - INFO: Processing command "clear-cache": clear the cache (unpinned elements only)
2026-09-29 04:51:28.788 - INFO: 
2026-09-29 04:51:28.788 - INFO: Request received via POST, content type "application/x-www-form-urlencoded"
2026-09-29 04:51:28.788 - INFO: Processing the following SPARQL query:
# Tier H-vocab — title literals, large
# Goal: external-vocabulary lookup pressure with larger bounded output.
PREFIX dblp: <https://dblp.org/rdf/schema#>

CONSTRUCT { ?paper dblp:title ?title }
WHERE {
  ?paper dblp:title ?title .
}
LIMIT 100000

2026-09-29 04:51:28.788 - INFO: Requested media types of the result are: "text/turtle"
2026-09-29 04:51:28.788 - INFO: Query planning done in 0 ms
2026-09-29 04:51:28.788 - INFO: Result has unknown size (not computed yet)
2026-09-29 04:51:29.089 - INFO: Done processing query and sending result, total time was 301 ms
2026-09-29 04:51:29.109 - INFO: 
2026-09-29 04:51:29.109 - INFO: Request received via GET, no content type specified
2026-09-29 04:51:29.109 - INFO: Processing command "clear-cache": clear the cache (unpinned elements only)
2026-09-29 04:51:29.127 - INFO: 
2026-09-29 04:51:29.127 - INFO: Request received via POST, content type "application/x-www-form-urlencoded"
2026-09-29 04:51:29.128 - INFO: Processing the following SPARQL query:
# Tier H-vocab — title literals, large
# Goal: external-vocabulary lookup pressure with larger bounded output.
PREFIX dblp: <https://dblp.org/rdf/schema#>

CONSTRUCT { ?paper dblp:title ?title }
WHERE {
  ?paper dblp:title ?title .
}
LIMIT 100000

2026-09-29 04:51:29.128 - INFO: Requested media types of the result are: "text/turtle"
2026-09-29 04:51:29.128 - INFO: Query planning done in 0 ms
2026-09-29 04:51:29.128 - INFO: Result has unknown size (not computed yet)
2026-09-29 04:51:29.424 - INFO: Done processing query and sending result, total time was 296 ms
2026-09-29 04:51:29.444 - INFO: 
2026-09-29 04:51:29.444 - INFO: Request received via GET, no content type specified
2026-09-29 04:51:29.444 - INFO: Processing command "clear-cache": clear the cache (unpinned elements only)
2026-09-29 04:51:29.462 - INFO: 
2026-09-29 04:51:29.462 - INFO: Request received via POST, content type "application/x-www-form-urlencoded"
2026-09-29 04:51:29.462 - INFO: Processing the following SPARQL query:
# Tier H-vocab — title literals, large
# Goal: external-vocabulary lookup pressure with larger bounded output.
PREFIX dblp: <https://dblp.org/rdf/schema#>

CONSTRUCT { ?paper dblp:title ?title }
WHERE {
  ?paper dblp:title ?title .
}
LIMIT 100000

2026-09-29 04:51:29.462 - INFO: Requested media types of the result are: "text/turtle"
2026-09-29 04:51:29.462 - INFO: Query planning done in 0 ms
2026-09-29 04:51:29.463 - INFO: Result has unknown size (not computed yet)
2026-09-29 04:51:29.752 - INFO: Done processing query and sending result, total time was 290 ms
2026-09-29 04:51:29.772 - INFO: 
2026-09-29 04:51:29.772 - INFO: Request received via GET, no content type specified
2026-09-29 04:51:29.772 - INFO: Processing command "clear-cache": clear the cache (unpinned elements only)
2026-09-29 04:51:29.790 - INFO: 
2026-09-29 04:51:29.790 - INFO: Request received via POST, content type "application/x-www-form-urlencoded"
2026-09-29 04:51:29.790 - INFO: Processing the following SPARQL query:
# Tier H-vocab — title literals, large
# Goal: external-vocabulary lookup pressure with larger bounded output.
PREFIX dblp: <https://dblp.org/rdf/schema#>

CONSTRUCT { ?paper dblp:title ?title }
WHERE {
  ?paper dblp:title ?title .
}
LIMIT 100000

2026-09-29 04:51:29.790 - INFO: Requested media types of the result are: "text/turtle"
2026-09-29 04:51:29.791 - INFO: Query planning done in 0 ms
2026-09-29 04:51:29.791 - INFO: Result has unknown size (not computed yet)
2026-09-29 04:51:30.070 - INFO: Done processing query and sending result, total time was 279 ms
2026-09-29 04:51:30.090 - INFO: 
2026-09-29 04:51:30.090 - INFO: Request received via GET, no content type specified
2026-09-29 04:51:30.090 - INFO: Processing command "clear-cache": clear the cache (unpinned elements only)
2026-09-29 04:51:30.108 - INFO: 
2026-09-29 04:51:30.108 - INFO: Request received via POST, content type "application/x-www-form-urlencoded"
2026-09-29 04:51:30.108 - INFO: Processing the following SPARQL query:
# Tier H-vocab — title literals, large
# Goal: external-vocabulary lookup pressure with larger bounded output.
PREFIX dblp: <https://dblp.org/rdf/schema#>

CONSTRUCT { ?paper dblp:title ?title }
WHERE {
  ?paper dblp:title ?title .
}
LIMIT 100000

2026-09-29 04:51:30.108 - INFO: Requested media types of the result are: "text/turtle"
2026-09-29 04:51:30.108 - INFO: Query planning done in 0 ms
2026-09-29 04:51:30.109 - INFO: Result has unknown size (not computed yet)
2026-09-29 04:51:30.389 - INFO: Done processing query and sending result, total time was 281 ms
2026-09-29 04:51:30.410 - INFO: 
2026-09-29 04:51:30.410 - INFO: Request received via GET, no content type specified
2026-09-29 04:51:30.410 - INFO: Processing command "clear-cache": clear the cache (unpinned elements only)
2026-09-29 04:51:30.436 - INFO: 
2026-09-29 04:51:30.436 - INFO: Request received via POST, content type "application/x-www-form-urlencoded"
2026-09-29 04:51:30.436 - INFO: Processing the following SPARQL query:
# Tier H-vocab — title literals, large
# Goal: external-vocabulary lookup pressure with larger bounded output.
PREFIX dblp: <https://dblp.org/rdf/schema#>

CONSTRUCT { ?paper dblp:title ?title }
WHERE {
  ?paper dblp:title ?title .
}
LIMIT 100000

2026-09-29 04:51:30.436 - INFO: Requested media types of the result are: "text/turtle"
2026-09-29 04:51:30.436 - INFO: Query planning done in 0 ms
2026-09-29 04:51:30.436 - INFO: Result has unknown size (not computed yet)
2026-09-29 04:51:30.715 - INFO: Done processing query and sending result, total time was 278 ms
2026-09-29 04:51:30.735 - INFO: 
2026-09-29 04:51:30.735 - INFO: Request received via GET, no content type specified
2026-09-29 04:51:30.735 - INFO: Processing command "clear-cache": clear the cache (unpinned elements only)
2026-09-29 04:51:30.753 - INFO: 
2026-09-29 04:51:30.753 - INFO: Request received via POST, content type "application/x-www-form-urlencoded"
2026-09-29 04:51:30.753 - INFO: Processing the following SPARQL query:
# Tier H-vocab — title literals, large
# Goal: external-vocabulary lookup pressure with larger bounded output.
PREFIX dblp: <https://dblp.org/rdf/schema#>

CONSTRUCT { ?paper dblp:title ?title }
WHERE {
  ?paper dblp:title ?title .
}
LIMIT 100000

2026-09-29 04:51:30.753 - INFO: Requested media types of the result are: "text/turtle"
2026-09-29 04:51:30.754 - INFO: Query planning done in 0 ms
2026-09-29 04:51:30.754 - INFO: Result has unknown size (not computed yet)
2026-09-29 04:51:31.031 - INFO: Done processing query and sending result, total time was 278 ms
2026-09-29 04:51:31.052 - INFO: 
2026-09-29 04:51:31.052 - INFO: Request received via GET, no content type specified
2026-09-29 04:51:31.052 - INFO: Processing command "clear-cache": clear the cache (unpinned elements only)
2026-09-29 04:51:31.070 - INFO: 
2026-09-29 04:51:31.070 - INFO: Request received via POST, content type "application/x-www-form-urlencoded"
2026-09-29 04:51:31.070 - INFO: Processing the following SPARQL query:
# Tier H-vocab — title literals, large
# Goal: external-vocabulary lookup pressure with larger bounded output.
PREFIX dblp: <https://dblp.org/rdf/schema#>

CONSTRUCT { ?paper dblp:title ?title }
WHERE {
  ?paper dblp:title ?title .
}
LIMIT 100000

2026-09-29 04:51:31.070 - INFO: Requested media types of the result are: "text/turtle"
2026-09-29 04:51:31.070 - INFO: Query planning done in 0 ms
2026-09-29 04:51:31.070 - INFO: Result has unknown size (not computed yet)
2026-09-29 04:51:31.347 - INFO: Done processing query and sending result, total time was 276 ms
2026-09-29 04:51:31.367 - INFO: 
2026-09-29 04:51:31.367 - INFO: Request received via GET, no content type specified
2026-09-29 04:51:31.367 - INFO: Processing command "clear-cache": clear the cache (unpinned elements only)
2026-09-29 04:51:31.385 - INFO: 
2026-09-29 04:51:31.385 - INFO: Request received via POST, content type "application/x-www-form-urlencoded"
2026-09-29 04:51:31.385 - INFO: Processing the following SPARQL query:
# Tier H-vocab — title literals, large
# Goal: external-vocabulary lookup pressure with larger bounded output.
PREFIX dblp: <https://dblp.org/rdf/schema#>

CONSTRUCT { ?paper dblp:title ?title }
WHERE {
  ?paper dblp:title ?title .
}
LIMIT 100000

2026-09-29 04:51:31.385 - INFO: Requested media types of the result are: "text/turtle"
2026-09-29 04:51:31.385 - INFO: Query planning done in 0 ms
2026-09-29 04:51:31.385 - INFO: Result has unknown size (not computed yet)
2026-09-29 04:51:31.664 - INFO: Done processing query and sending result, total time was 278 ms
2026-09-29 04:51:31.684 - INFO: 
2026-09-29 04:51:31.684 - INFO: Request received via GET, no content type specified
2026-09-29 04:51:31.684 - INFO: Processing command "clear-cache": clear the cache (unpinned elements only)
2026-09-29 04:51:31.702 - INFO: 
2026-09-29 04:51:31.702 - INFO: Request received via POST, content type "application/x-www-form-urlencoded"
2026-09-29 04:51:31.702 - INFO: Processing the following SPARQL query:
# Tier H-vocab — title literals, large
# Goal: external-vocabulary lookup pressure with larger bounded output.
PREFIX dblp: <https://dblp.org/rdf/schema#>

CONSTRUCT { ?paper dblp:title ?title }
WHERE {
  ?paper dblp:title ?title .
}
LIMIT 100000

2026-09-29 04:51:31.702 - INFO: Requested media types of the result are: "text/turtle"
2026-09-29 04:51:31.702 - INFO: Query planning done in 0 ms
2026-09-29 04:51:31.702 - INFO: Result has unknown size (not computed yet)
2026-09-29 04:51:31.989 - INFO: Done processing query and sending result, total time was 287 ms
2026-09-29 04:51:32.009 - INFO: 
2026-09-29 04:51:32.009 - INFO: Request received via GET, no content type specified
2026-09-29 04:51:32.009 - INFO: Processing command "clear-cache": clear the cache (unpinned elements only)
2026-09-29 04:51:32.027 - INFO: 
2026-09-29 04:51:32.027 - INFO: Request received via POST, content type "application/x-www-form-urlencoded"
2026-09-29 04:51:32.028 - INFO: Processing the following SPARQL query:
# Tier H-vocab — title literals, large
# Goal: external-vocabulary lookup pressure with larger bounded output.
PREFIX dblp: <https://dblp.org/rdf/schema#>

CONSTRUCT { ?paper dblp:title ?title }
WHERE {
  ?paper dblp:title ?title .
}
LIMIT 100000

2026-09-29 04:51:32.028 - INFO: Requested media types of the result are: "text/turtle"
2026-09-29 04:51:32.028 - INFO: Query planning done in 0 ms
2026-09-29 04:51:32.028 - INFO: Result has unknown size (not computed yet)
2026-09-29 04:51:32.324 - INFO: Done processing query and sending result, total time was 296 ms
2026-09-29 04:51:32.344 - INFO: 
2026-09-29 04:51:32.344 - INFO: Request received via GET, no content type specified
2026-09-29 04:51:32.344 - INFO: Processing command "clear-cache": clear the cache (unpinned elements only)
2026-09-29 04:51:32.362 - INFO: 
2026-09-29 04:51:32.362 - INFO: Request received via POST, content type "application/x-www-form-urlencoded"
2026-09-29 04:51:32.362 - INFO: Processing the following SPARQL query:
# Tier H-vocab — title literals, large
# Goal: external-vocabulary lookup pressure with larger bounded output.
PREFIX dblp: <https://dblp.org/rdf/schema#>

CONSTRUCT { ?paper dblp:title ?title }
WHERE {
  ?paper dblp:title ?title .
}
LIMIT 100000

2026-09-29 04:51:32.362 - INFO: Requested media types of the result are: "text/turtle"
2026-09-29 04:51:32.363 - INFO: Query planning done in 0 ms
2026-09-29 04:51:32.363 - INFO: Result has unknown size (not computed yet)
2026-09-29 04:51:32.661 - INFO: Done processing query and sending result, total time was 298 ms
2026-09-29 04:51:32.682 - INFO: 
2026-09-29 04:51:32.682 - INFO: Request received via GET, no content type specified
2026-09-29 04:51:32.682 - INFO: Processing command "clear-cache": clear the cache (unpinned elements only)
2026-09-29 04:51:32.699 - INFO: 
2026-09-29 04:51:32.700 - INFO: Request received via POST, content type "application/x-www-form-urlencoded"
2026-09-29 04:51:32.700 - INFO: Processing the following SPARQL query:
# Tier H-vocab — title literals, large
# Goal: external-vocabulary lookup pressure with larger bounded output.
PREFIX dblp: <https://dblp.org/rdf/schema#>

CONSTRUCT { ?paper dblp:title ?title }
WHERE {
  ?paper dblp:title ?title .
}
LIMIT 100000

2026-09-29 04:51:32.700 - INFO: Requested media types of the result are: "text/turtle"
2026-09-29 04:51:32.700 - INFO: Query planning done in 0 ms
2026-09-29 04:51:32.700 - INFO: Result has unknown size (not computed yet)
2026-09-29 04:51:32.996 - INFO: Done processing query and sending result, total time was 296 ms
2026-09-29 04:51:33.016 - INFO: 
2026-09-29 04:51:33.016 - INFO: Request received via GET, no content type specified
2026-09-29 04:51:33.016 - INFO: Processing command "clear-cache": clear the cache (unpinned elements only)
2026-09-29 04:51:33.034 - INFO: 
2026-09-29 04:51:33.034 - INFO: Request received via POST, content type "application/x-www-form-urlencoded"
2026-09-29 04:51:33.034 - INFO: Processing the following SPARQL query:
# Tier H-vocab — title literals, large
# Goal: external-vocabulary lookup pressure with larger bounded output.
PREFIX dblp: <https://dblp.org/rdf/schema#>

CONSTRUCT { ?paper dblp:title ?title }
WHERE {
  ?paper dblp:title ?title .
}
LIMIT 100000

2026-09-29 04:51:33.034 - INFO: Requested media types of the result are: "text/turtle"
2026-09-29 04:51:33.035 - INFO: Query planning done in 0 ms
2026-09-29 04:51:33.035 - INFO: Result has unknown size (not computed yet)
2026-09-29 04:51:33.321 - INFO: Done processing query and sending result, total time was 287 ms
2026-09-29 04:51:33.342 - INFO: 
2026-09-29 04:51:33.342 - INFO: Request received via GET, no content type specified
2026-09-29 04:51:33.342 - INFO: Processing command "clear-cache": clear the cache (unpinned elements only)
2026-09-29 04:51:33.360 - INFO: 
2026-09-29 04:51:33.360 - INFO: Request received via POST, content type "application/x-www-form-urlencoded"
2026-09-29 04:51:33.360 - INFO: Processing the following SPARQL query:
# Tier H-vocab — title literals, large
# Goal: external-vocabulary lookup pressure with larger bounded output.
PREFIX dblp: <https://dblp.org/rdf/schema#>

CONSTRUCT { ?paper dblp:title ?title }
WHERE {
  ?paper dblp:title ?title .
}
LIMIT 100000

2026-09-29 04:51:33.360 - INFO: Requested media types of the result are: "text/turtle"
2026-09-29 04:51:33.360 - INFO: Query planning done in 0 ms
2026-09-29 04:51:33.360 - INFO: Result has unknown size (not computed yet)
2026-09-29 04:51:33.636 - INFO: Done processing query and sending result, total time was 276 ms
2026-09-29 04:51:33.657 - INFO: 
2026-09-29 04:51:33.657 - INFO: Request received via GET, no content type specified
2026-09-29 04:51:33.657 - INFO: Processing command "clear-cache": clear the cache (unpinned elements only)
2026-09-29 04:51:33.675 - INFO: 
2026-09-29 04:51:33.675 - INFO: Request received via POST, content type "application/x-www-form-urlencoded"
2026-09-29 04:51:33.675 - INFO: Processing the following SPARQL query:
# Tier H-vocab — title literals, large
# Goal: external-vocabulary lookup pressure with larger bounded output.
PREFIX dblp: <https://dblp.org/rdf/schema#>

CONSTRUCT { ?paper dblp:title ?title }
WHERE {
  ?paper dblp:title ?title .
}
LIMIT 100000

2026-09-29 04:51:33.675 - INFO: Requested media types of the result are: "text/turtle"
2026-09-29 04:51:33.675 - INFO: Query planning done in 0 ms
2026-09-29 04:51:33.675 - INFO: Result has unknown size (not computed yet)
2026-09-29 04:51:33.953 - INFO: Done processing query and sending result, total time was 278 ms
2026-09-29 04:51:33.974 - INFO: 
2026-09-29 04:51:33.974 - INFO: Request received via GET, no content type specified
2026-09-29 04:51:33.974 - INFO: Processing command "clear-cache": clear the cache (unpinned elements only)
2026-09-29 04:51:33.992 - INFO: 
2026-09-29 04:51:33.992 - INFO: Request received via POST, content type "application/x-www-form-urlencoded"
2026-09-29 04:51:33.992 - INFO: Processing the following SPARQL query:
# Tier H-vocab — title literals, large
# Goal: external-vocabulary lookup pressure with larger bounded output.
PREFIX dblp: <https://dblp.org/rdf/schema#>

CONSTRUCT { ?paper dblp:title ?title }
WHERE {
  ?paper dblp:title ?title .
}
LIMIT 100000

2026-09-29 04:51:33.992 - INFO: Requested media types of the result are: "text/turtle"
2026-09-29 04:51:33.992 - INFO: Query planning done in 0 ms
2026-09-29 04:51:33.992 - INFO: Result has unknown size (not computed yet)
2026-09-29 04:51:34.269 - INFO: Done processing query and sending result, total time was 277 ms
2026-09-29 04:51:34.290 - INFO: 
2026-09-29 04:51:34.290 - INFO: Request received via GET, no content type specified
2026-09-29 04:51:34.290 - INFO: Processing command "clear-cache": clear the cache (unpinned elements only)
2026-09-29 04:51:34.307 - INFO: 
2026-09-29 04:51:34.307 - INFO: Request received via POST, content type "application/x-www-form-urlencoded"
2026-09-29 04:51:34.308 - INFO: Processing the following SPARQL query:
# Tier H-vocab — title literals, large
# Goal: external-vocabulary lookup pressure with larger bounded output.
PREFIX dblp: <https://dblp.org/rdf/schema#>

CONSTRUCT { ?paper dblp:title ?title }
WHERE {
  ?paper dblp:title ?title .
}
LIMIT 100000

2026-09-29 04:51:34.308 - INFO: Requested media types of the result are: "text/turtle"
2026-09-29 04:51:34.308 - INFO: Query planning done in 0 ms
2026-09-29 04:51:34.308 - INFO: Result has unknown size (not computed yet)
2026-09-29 04:51:34.583 - INFO: Done processing query and sending result, total time was 275 ms
2026-09-29 04:51:34.604 - INFO: 
2026-09-29 04:51:34.604 - INFO: Request received via GET, no content type specified
2026-09-29 04:51:34.604 - INFO: Processing command "clear-cache": clear the cache (unpinned elements only)
2026-09-29 04:51:34.629 - INFO: 
2026-09-29 04:51:34.629 - INFO: Request received via POST, content type "application/x-www-form-urlencoded"
2026-09-29 04:51:34.629 - INFO: Processing the following SPARQL query:
# Tier H-vocab — title literals, large
# Goal: external-vocabulary lookup pressure with larger bounded output.
PREFIX dblp: <https://dblp.org/rdf/schema#>

CONSTRUCT { ?paper dblp:title ?title }
WHERE {
  ?paper dblp:title ?title .
}
LIMIT 100000

2026-09-29 04:51:34.629 - INFO: Requested media types of the result are: "text/turtle"
2026-09-29 04:51:34.630 - INFO: Query planning done in 0 ms
2026-09-29 04:51:34.630 - INFO: Result has unknown size (not computed yet)
2026-09-29 04:51:34.905 - INFO: Done processing query and sending result, total time was 276 ms
2026-09-29 04:51:34.926 - INFO: 
2026-09-29 04:51:34.926 - INFO: Request received via GET, no content type specified
2026-09-29 04:51:34.926 - INFO: Processing command "clear-cache": clear the cache (unpinned elements only)
2026-09-29 04:51:34.944 - INFO: 
2026-09-29 04:51:34.944 - INFO: Request received via POST, content type "application/x-www-form-urlencoded"
2026-09-29 04:51:34.944 - INFO: Processing the following SPARQL query:
# Tier H-vocab — title literals, large
# Goal: external-vocabulary lookup pressure with larger bounded output.
PREFIX dblp: <https://dblp.org/rdf/schema#>

CONSTRUCT { ?paper dblp:title ?title }
WHERE {
  ?paper dblp:title ?title .
}
LIMIT 100000

2026-09-29 04:51:34.944 - INFO: Requested media types of the result are: "text/turtle"
2026-09-29 04:51:34.944 - INFO: Query planning done in 0 ms
2026-09-29 04:51:34.945 - INFO: Result has unknown size (not computed yet)
2026-09-29 04:51:35.221 - INFO: Done processing query and sending result, total time was 276 ms
2026-09-29 04:51:35.241 - INFO: 
2026-09-29 04:51:35.241 - INFO: Request received via GET, no content type specified
2026-09-29 04:51:35.241 - INFO: Processing command "clear-cache": clear the cache (unpinned elements only)
2026-09-29 04:51:35.259 - INFO: 
2026-09-29 04:51:35.259 - INFO: Request received via POST, content type "application/x-www-form-urlencoded"
2026-09-29 04:51:35.259 - INFO: Processing the following SPARQL query:
# Tier H-vocab — title literals, large
# Goal: external-vocabulary lookup pressure with larger bounded output.
PREFIX dblp: <https://dblp.org/rdf/schema#>

CONSTRUCT { ?paper dblp:title ?title }
WHERE {
  ?paper dblp:title ?title .
}
LIMIT 100000

2026-09-29 04:51:35.259 - INFO: Requested media types of the result are: "text/turtle"
2026-09-29 04:51:35.260 - INFO: Query planning done in 0 ms
2026-09-29 04:51:35.260 - INFO: Result has unknown size (not computed yet)
2026-09-29 04:51:35.534 - INFO: Done processing query and sending result, total time was 275 ms
2026-09-29 04:51:35.555 - INFO: 
2026-09-29 04:51:35.555 - INFO: Request received via GET, no content type specified
2026-09-29 04:51:35.555 - INFO: Processing command "clear-cache": clear the cache (unpinned elements only)
2026-09-29 04:51:35.573 - INFO: 
2026-09-29 04:51:35.573 - INFO: Request received via POST, content type "application/x-www-form-urlencoded"
2026-09-29 04:51:35.573 - INFO: Processing the following SPARQL query:
# Tier H-vocab — title literals, large
# Goal: external-vocabulary lookup pressure with larger bounded output.
PREFIX dblp: <https://dblp.org/rdf/schema#>

CONSTRUCT { ?paper dblp:title ?title }
WHERE {
  ?paper dblp:title ?title .
}
LIMIT 100000

2026-09-29 04:51:35.573 - INFO: Requested media types of the result are: "text/turtle"
2026-09-29 04:51:35.573 - INFO: Query planning done in 0 ms
2026-09-29 04:51:35.573 - INFO: Result has unknown size (not computed yet)
2026-09-29 04:51:35.851 - INFO: Done processing query and sending result, total time was 277 ms
2026-09-29 04:51:35.871 - INFO: 
2026-09-29 04:51:35.871 - INFO: Request received via GET, no content type specified
2026-09-29 04:51:35.871 - INFO: Processing command "clear-cache": clear the cache (unpinned elements only)
2026-09-29 04:51:35.893 - INFO: 
2026-09-29 04:51:35.893 - INFO: Request received via POST, content type "application/x-www-form-urlencoded"
2026-09-29 04:51:35.893 - INFO: Processing the following SPARQL query:
# Tier H-vocab — title literals, large
# Goal: external-vocabulary lookup pressure with larger bounded output.
PREFIX dblp: <https://dblp.org/rdf/schema#>

CONSTRUCT { ?paper dblp:title ?title }
WHERE {
  ?paper dblp:title ?title .
}
LIMIT 100000

2026-09-29 04:51:35.893 - INFO: Requested media types of the result are: "text/turtle"
2026-09-29 04:51:35.893 - INFO: Query planning done in 0 ms
2026-09-29 04:51:35.893 - INFO: Result has unknown size (not computed yet)
2026-09-29 04:51:36.175 - INFO: Done processing query and sending result, total time was 282 ms
2026-09-29 04:51:57.221 - INFO: 
2026-09-29 04:51:57.221 - INFO: Request received via GET, no content type specified
2026-09-29 04:51:57.221 - INFO: Processing command "clear-cache": clear the cache (unpinned elements only)
2026-09-29 04:51:57.239 - INFO: 
2026-09-29 04:51:57.239 - INFO: Request received via POST, content type "application/x-www-form-urlencoded"
2026-09-29 04:51:57.239 - INFO: Processing the following SPARQL query:
# Tier H-vocab — title literals, large
# Goal: external-vocabulary lookup pressure with larger bounded output.
PREFIX dblp: <https://dblp.org/rdf/schema#>

CONSTRUCT { ?paper dblp:title ?title }
WHERE {
  ?paper dblp:title ?title .
}
LIMIT 100000

2026-09-29 04:51:57.239 - INFO: Requested media types of the result are: "text/turtle"
2026-09-29 04:51:57.239 - INFO: Query planning done in 0 ms
2026-09-29 04:51:57.239 - INFO: Result has unknown size (not computed yet)
2026-09-29 04:51:57.542 - INFO: Done processing query and sending result, total time was 302 ms
2026-09-29 04:51:57.562 - INFO: 
2026-09-29 04:51:57.562 - INFO: Request received via GET, no content type specified
2026-09-29 04:51:57.562 - INFO: Processing command "clear-cache": clear the cache (unpinned elements only)
2026-09-29 04:51:57.579 - INFO: 
2026-09-29 04:51:57.579 - INFO: Request received via POST, content type "application/x-www-form-urlencoded"
2026-09-29 04:51:57.580 - INFO: Processing the following SPARQL query:
# Tier H-vocab — title literals, large
# Goal: external-vocabulary lookup pressure with larger bounded output.
PREFIX dblp: <https://dblp.org/rdf/schema#>

CONSTRUCT { ?paper dblp:title ?title }
WHERE {
  ?paper dblp:title ?title .
}
LIMIT 100000

2026-09-29 04:51:57.580 - INFO: Requested media types of the result are: "text/turtle"
2026-09-29 04:51:57.580 - INFO: Query planning done in 0 ms
2026-09-29 04:51:57.580 - INFO: Result has unknown size (not computed yet)
2026-09-29 04:51:57.882 - INFO: Done processing query and sending result, total time was 302 ms
2026-09-29 04:51:57.903 - INFO: 
2026-09-29 04:51:57.903 - INFO: Request received via GET, no content type specified
2026-09-29 04:51:57.903 - INFO: Processing command "clear-cache": clear the cache (unpinned elements only)
2026-09-29 04:51:57.922 - INFO: 
2026-09-29 04:51:57.922 - INFO: Request received via POST, content type "application/x-www-form-urlencoded"
2026-09-29 04:51:57.923 - INFO: Processing the following SPARQL query:
# Tier H-vocab — title literals, large
# Goal: external-vocabulary lookup pressure with larger bounded output.
PREFIX dblp: <https://dblp.org/rdf/schema#>

CONSTRUCT { ?paper dblp:title ?title }
WHERE {
  ?paper dblp:title ?title .
}
LIMIT 100000

2026-09-29 04:51:57.923 - INFO: Requested media types of the result are: "text/turtle"
2026-09-29 04:51:57.923 - INFO: Query planning done in 0 ms
2026-09-29 04:51:57.923 - INFO: Result has unknown size (not computed yet)
2026-09-29 04:51:58.223 - INFO: Done processing query and sending result, total time was 300 ms
2026-09-29 04:51:58.243 - INFO: 
2026-09-29 04:51:58.243 - INFO: Request received via GET, no content type specified
2026-09-29 04:51:58.243 - INFO: Processing command "clear-cache": clear the cache (unpinned elements only)
2026-09-29 04:51:58.261 - INFO: 
2026-09-29 04:51:58.261 - INFO: Request received via POST, content type "application/x-www-form-urlencoded"
2026-09-29 04:51:58.262 - INFO: Processing the following SPARQL query:
# Tier H-vocab — title literals, large
# Goal: external-vocabulary lookup pressure with larger bounded output.
PREFIX dblp: <https://dblp.org/rdf/schema#>

CONSTRUCT { ?paper dblp:title ?title }
WHERE {
  ?paper dblp:title ?title .
}
LIMIT 100000

2026-09-29 04:51:58.262 - INFO: Requested media types of the result are: "text/turtle"
2026-09-29 04:51:58.262 - INFO: Query planning done in 0 ms
2026-09-29 04:51:58.262 - INFO: Result has unknown size (not computed yet)
2026-09-29 04:51:58.568 - INFO: Done processing query and sending result, total time was 306 ms
2026-09-29 04:51:58.588 - INFO: 
2026-09-29 04:51:58.588 - INFO: Request received via GET, no content type specified
2026-09-29 04:51:58.588 - INFO: Processing command "clear-cache": clear the cache (unpinned elements only)
2026-09-29 04:51:58.606 - INFO: 
2026-09-29 04:51:58.606 - INFO: Request received via POST, content type "application/x-www-form-urlencoded"
2026-09-29 04:51:58.606 - INFO: Processing the following SPARQL query:
# Tier H-vocab — title literals, large
# Goal: external-vocabulary lookup pressure with larger bounded output.
PREFIX dblp: <https://dblp.org/rdf/schema#>

CONSTRUCT { ?paper dblp:title ?title }
WHERE {
  ?paper dblp:title ?title .
}
LIMIT 100000

2026-09-29 04:51:58.606 - INFO: Requested media types of the result are: "text/turtle"
2026-09-29 04:51:58.606 - INFO: Query planning done in 0 ms
2026-09-29 04:51:58.607 - INFO: Result has unknown size (not computed yet)
2026-09-29 04:51:58.913 - INFO: Done processing query and sending result, total time was 307 ms
2026-09-29 04:51:58.933 - INFO: 
2026-09-29 04:51:58.933 - INFO: Request received via GET, no content type specified
2026-09-29 04:51:58.934 - INFO: Processing command "clear-cache": clear the cache (unpinned elements only)
2026-09-29 04:51:58.951 - INFO: 
2026-09-29 04:51:58.951 - INFO: Request received via POST, content type "application/x-www-form-urlencoded"
2026-09-29 04:51:58.952 - INFO: Processing the following SPARQL query:
# Tier H-vocab — title literals, large
# Goal: external-vocabulary lookup pressure with larger bounded output.
PREFIX dblp: <https://dblp.org/rdf/schema#>

CONSTRUCT { ?paper dblp:title ?title }
WHERE {
  ?paper dblp:title ?title .
}
LIMIT 100000

2026-09-29 04:51:58.952 - INFO: Requested media types of the result are: "text/turtle"
2026-09-29 04:51:58.952 - INFO: Query planning done in 0 ms
2026-09-29 04:51:58.952 - INFO: Result has unknown size (not computed yet)
2026-09-29 04:51:59.254 - INFO: Done processing query and sending result, total time was 302 ms
2026-09-29 04:51:59.274 - INFO: 
2026-09-29 04:51:59.274 - INFO: Request received via GET, no content type specified
2026-09-29 04:51:59.274 - INFO: Processing command "clear-cache": clear the cache (unpinned elements only)
2026-09-29 04:51:59.292 - INFO: 
2026-09-29 04:51:59.292 - INFO: Request received via POST, content type "application/x-www-form-urlencoded"
2026-09-29 04:51:59.292 - INFO: Processing the following SPARQL query:
# Tier H-vocab — title literals, large
# Goal: external-vocabulary lookup pressure with larger bounded output.
PREFIX dblp: <https://dblp.org/rdf/schema#>

CONSTRUCT { ?paper dblp:title ?title }
WHERE {
  ?paper dblp:title ?title .
}
LIMIT 100000

2026-09-29 04:51:59.292 - INFO: Requested media types of the result are: "text/turtle"
2026-09-29 04:51:59.293 - INFO: Query planning done in 0 ms
2026-09-29 04:51:59.293 - INFO: Result has unknown size (not computed yet)
2026-09-29 04:51:59.594 - INFO: Done processing query and sending result, total time was 301 ms
2026-09-29 04:51:59.615 - INFO: 
2026-09-29 04:51:59.615 - INFO: Request received via GET, no content type specified
2026-09-29 04:51:59.615 - INFO: Processing command "clear-cache": clear the cache (unpinned elements only)
2026-09-29 04:51:59.632 - INFO: 
2026-09-29 04:51:59.632 - INFO: Request received via POST, content type "application/x-www-form-urlencoded"
2026-09-29 04:51:59.633 - INFO: Processing the following SPARQL query:
# Tier H-vocab — title literals, large
# Goal: external-vocabulary lookup pressure with larger bounded output.
PREFIX dblp: <https://dblp.org/rdf/schema#>

CONSTRUCT { ?paper dblp:title ?title }
WHERE {
  ?paper dblp:title ?title .
}
LIMIT 100000

2026-09-29 04:51:59.633 - INFO: Requested media types of the result are: "text/turtle"
2026-09-29 04:51:59.633 - INFO: Query planning done in 0 ms
2026-09-29 04:51:59.633 - INFO: Result has unknown size (not computed yet)
2026-09-29 04:51:59.932 - INFO: Done processing query and sending result, total time was 299 ms
2026-09-29 04:51:59.952 - INFO: 
2026-09-29 04:51:59.952 - INFO: Request received via GET, no content type specified
2026-09-29 04:51:59.953 - INFO: Processing command "clear-cache": clear the cache (unpinned elements only)
2026-09-29 04:51:59.970 - INFO: 
2026-09-29 04:51:59.970 - INFO: Request received via POST, content type "application/x-www-form-urlencoded"
2026-09-29 04:51:59.971 - INFO: Processing the following SPARQL query:
# Tier H-vocab — title literals, large
# Goal: external-vocabulary lookup pressure with larger bounded output.
PREFIX dblp: <https://dblp.org/rdf/schema#>

CONSTRUCT { ?paper dblp:title ?title }
WHERE {
  ?paper dblp:title ?title .
}
LIMIT 100000

2026-09-29 04:51:59.971 - INFO: Requested media types of the result are: "text/turtle"
2026-09-29 04:51:59.971 - INFO: Query planning done in 0 ms
2026-09-29 04:51:59.971 - INFO: Result has unknown size (not computed yet)
2026-09-29 04:52:00.273 - INFO: Done processing query and sending result, total time was 302 ms
2026-09-29 04:52:00.293 - INFO: 
2026-09-29 04:52:00.293 - INFO: Request received via GET, no content type specified
2026-09-29 04:52:00.293 - INFO: Processing command "clear-cache": clear the cache (unpinned elements only)
2026-09-29 04:52:00.319 - INFO: 
2026-09-29 04:52:00.319 - INFO: Request received via POST, content type "application/x-www-form-urlencoded"
2026-09-29 04:52:00.319 - INFO: Processing the following SPARQL query:
# Tier H-vocab — title literals, large
# Goal: external-vocabulary lookup pressure with larger bounded output.
PREFIX dblp: <https://dblp.org/rdf/schema#>

CONSTRUCT { ?paper dblp:title ?title }
WHERE {
  ?paper dblp:title ?title .
}
LIMIT 100000

2026-09-29 04:52:00.319 - INFO: Requested media types of the result are: "text/turtle"
2026-09-29 04:52:00.319 - INFO: Query planning done in 0 ms
2026-09-29 04:52:00.320 - INFO: Result has unknown size (not computed yet)
2026-09-29 04:52:00.622 - INFO: Done processing query and sending result, total time was 302 ms
2026-09-29 04:52:00.642 - INFO: 
2026-09-29 04:52:00.642 - INFO: Request received via GET, no content type specified
2026-09-29 04:52:00.642 - INFO: Processing command "clear-cache": clear the cache (unpinned elements only)
2026-09-29 04:52:00.660 - INFO: 
2026-09-29 04:52:00.660 - INFO: Request received via POST, content type "application/x-www-form-urlencoded"
2026-09-29 04:52:00.661 - INFO: Processing the following SPARQL query:
# Tier H-vocab — title literals, large
# Goal: external-vocabulary lookup pressure with larger bounded output.
PREFIX dblp: <https://dblp.org/rdf/schema#>

CONSTRUCT { ?paper dblp:title ?title }
WHERE {
  ?paper dblp:title ?title .
}
LIMIT 100000

2026-09-29 04:52:00.661 - INFO: Requested media types of the result are: "text/turtle"
2026-09-29 04:52:00.661 - INFO: Query planning done in 0 ms
2026-09-29 04:52:00.661 - INFO: Result has unknown size (not computed yet)
2026-09-29 04:52:00.963 - INFO: Done processing query and sending result, total time was 302 ms
2026-09-29 04:52:00.984 - INFO: 
2026-09-29 04:52:00.984 - INFO: Request received via GET, no content type specified
2026-09-29 04:52:00.984 - INFO: Processing command "clear-cache": clear the cache (unpinned elements only)
2026-09-29 04:52:01.001 - INFO: 
2026-09-29 04:52:01.002 - INFO: Request received via POST, content type "application/x-www-form-urlencoded"
2026-09-29 04:52:01.002 - INFO: Processing the following SPARQL query:
# Tier H-vocab — title literals, large
# Goal: external-vocabulary lookup pressure with larger bounded output.
PREFIX dblp: <https://dblp.org/rdf/schema#>

CONSTRUCT { ?paper dblp:title ?title }
WHERE {
  ?paper dblp:title ?title .
}
LIMIT 100000

2026-09-29 04:52:01.002 - INFO: Requested media types of the result are: "text/turtle"
2026-09-29 04:52:01.002 - INFO: Query planning done in 0 ms
2026-09-29 04:52:01.002 - INFO: Result has unknown size (not computed yet)
2026-09-29 04:52:01.308 - INFO: Done processing query and sending result, total time was 306 ms
2026-09-29 04:52:01.329 - INFO: 
2026-09-29 04:52:01.329 - INFO: Request received via GET, no content type specified
2026-09-29 04:52:01.329 - INFO: Processing command "clear-cache": clear the cache (unpinned elements only)
2026-09-29 04:52:01.347 - INFO: 
2026-09-29 04:52:01.347 - INFO: Request received via POST, content type "application/x-www-form-urlencoded"
2026-09-29 04:52:01.347 - INFO: Processing the following SPARQL query:
# Tier H-vocab — title literals, large
# Goal: external-vocabulary lookup pressure with larger bounded output.
PREFIX dblp: <https://dblp.org/rdf/schema#>

CONSTRUCT { ?paper dblp:title ?title }
WHERE {
  ?paper dblp:title ?title .
}
LIMIT 100000

2026-09-29 04:52:01.347 - INFO: Requested media types of the result are: "text/turtle"
2026-09-29 04:52:01.348 - INFO: Query planning done in 0 ms
2026-09-29 04:52:01.348 - INFO: Result has unknown size (not computed yet)
2026-09-29 04:52:01.652 - INFO: Done processing query and sending result, total time was 304 ms
2026-09-29 04:52:01.672 - INFO: 
2026-09-29 04:52:01.672 - INFO: Request received via GET, no content type specified
2026-09-29 04:52:01.672 - INFO: Processing command "clear-cache": clear the cache (unpinned elements only)
2026-09-29 04:52:01.690 - INFO: 
2026-09-29 04:52:01.690 - INFO: Request received via POST, content type "application/x-www-form-urlencoded"
2026-09-29 04:52:01.690 - INFO: Processing the following SPARQL query:
# Tier H-vocab — title literals, large
# Goal: external-vocabulary lookup pressure with larger bounded output.
PREFIX dblp: <https://dblp.org/rdf/schema#>

CONSTRUCT { ?paper dblp:title ?title }
WHERE {
  ?paper dblp:title ?title .
}
LIMIT 100000

2026-09-29 04:52:01.690 - INFO: Requested media types of the result are: "text/turtle"
2026-09-29 04:52:01.691 - INFO: Query planning done in 0 ms
2026-09-29 04:52:01.691 - INFO: Result has unknown size (not computed yet)
2026-09-29 04:52:01.993 - INFO: Done processing query and sending result, total time was 302 ms
2026-09-29 04:52:02.014 - INFO: 
2026-09-29 04:52:02.014 - INFO: Request received via GET, no content type specified
2026-09-29 04:52:02.014 - INFO: Processing command "clear-cache": clear the cache (unpinned elements only)
2026-09-29 04:52:02.031 - INFO: 
2026-09-29 04:52:02.031 - INFO: Request received via POST, content type "application/x-www-form-urlencoded"
2026-09-29 04:52:02.032 - INFO: Processing the following SPARQL query:
# Tier H-vocab — title literals, large
# Goal: external-vocabulary lookup pressure with larger bounded output.
PREFIX dblp: <https://dblp.org/rdf/schema#>

CONSTRUCT { ?paper dblp:title ?title }
WHERE {
  ?paper dblp:title ?title .
}
LIMIT 100000

2026-09-29 04:52:02.032 - INFO: Requested media types of the result are: "text/turtle"
2026-09-29 04:52:02.032 - INFO: Query planning done in 0 ms
2026-09-29 04:52:02.032 - INFO: Result has unknown size (not computed yet)
2026-09-29 04:52:02.333 - INFO: Done processing query and sending result, total time was 301 ms
2026-09-29 04:52:02.354 - INFO: 
2026-09-29 04:52:02.354 - INFO: Request received via GET, no content type specified
2026-09-29 04:52:02.354 - INFO: Processing command "clear-cache": clear the cache (unpinned elements only)
2026-09-29 04:52:02.377 - INFO: 
2026-09-29 04:52:02.377 - INFO: Request received via POST, content type "application/x-www-form-urlencoded"
2026-09-29 04:52:02.378 - INFO: Processing the following SPARQL query:
# Tier H-vocab — title literals, large
# Goal: external-vocabulary lookup pressure with larger bounded output.
PREFIX dblp: <https://dblp.org/rdf/schema#>

CONSTRUCT { ?paper dblp:title ?title }
WHERE {
  ?paper dblp:title ?title .
}
LIMIT 100000

2026-09-29 04:52:02.378 - INFO: Requested media types of the result are: "text/turtle"
2026-09-29 04:52:02.378 - INFO: Query planning done in 0 ms
2026-09-29 04:52:02.378 - INFO: Result has unknown size (not computed yet)
2026-09-29 04:52:02.679 - INFO: Done processing query and sending result, total time was 301 ms
2026-09-29 04:52:02.700 - INFO: 
2026-09-29 04:52:02.700 - INFO: Request received via GET, no content type specified
2026-09-29 04:52:02.700 - INFO: Processing command "clear-cache": clear the cache (unpinned elements only)
2026-09-29 04:52:02.718 - INFO: 
2026-09-29 04:52:02.718 - INFO: Request received via POST, content type "application/x-www-form-urlencoded"
2026-09-29 04:52:02.718 - INFO: Processing the following SPARQL query:
# Tier H-vocab — title literals, large
# Goal: external-vocabulary lookup pressure with larger bounded output.
PREFIX dblp: <https://dblp.org/rdf/schema#>

CONSTRUCT { ?paper dblp:title ?title }
WHERE {
  ?paper dblp:title ?title .
}
LIMIT 100000

2026-09-29 04:52:02.718 - INFO: Requested media types of the result are: "text/turtle"
2026-09-29 04:52:02.718 - INFO: Query planning done in 0 ms
2026-09-29 04:52:02.718 - INFO: Result has unknown size (not computed yet)
2026-09-29 04:52:03.020 - INFO: Done processing query and sending result, total time was 301 ms
2026-09-29 04:52:03.040 - INFO: 
2026-09-29 04:52:03.040 - INFO: Request received via GET, no content type specified
2026-09-29 04:52:03.040 - INFO: Processing command "clear-cache": clear the cache (unpinned elements only)
2026-09-29 04:52:03.058 - INFO: 
2026-09-29 04:52:03.058 - INFO: Request received via POST, content type "application/x-www-form-urlencoded"
2026-09-29 04:52:03.059 - INFO: Processing the following SPARQL query:
# Tier H-vocab — title literals, large
# Goal: external-vocabulary lookup pressure with larger bounded output.
PREFIX dblp: <https://dblp.org/rdf/schema#>

CONSTRUCT { ?paper dblp:title ?title }
WHERE {
  ?paper dblp:title ?title .
}
LIMIT 100000

2026-09-29 04:52:03.059 - INFO: Requested media types of the result are: "text/turtle"
2026-09-29 04:52:03.059 - INFO: Query planning done in 0 ms
2026-09-29 04:52:03.059 - INFO: Result has unknown size (not computed yet)
2026-09-29 04:52:03.357 - INFO: Done processing query and sending result, total time was 298 ms
2026-09-29 04:52:03.377 - INFO: 
2026-09-29 04:52:03.377 - INFO: Request received via GET, no content type specified
2026-09-29 04:52:03.377 - INFO: Processing command "clear-cache": clear the cache (unpinned elements only)
2026-09-29 04:52:03.395 - INFO: 
2026-09-29 04:52:03.395 - INFO: Request received via POST, content type "application/x-www-form-urlencoded"
2026-09-29 04:52:03.395 - INFO: Processing the following SPARQL query:
# Tier H-vocab — title literals, large
# Goal: external-vocabulary lookup pressure with larger bounded output.
PREFIX dblp: <https://dblp.org/rdf/schema#>

CONSTRUCT { ?paper dblp:title ?title }
WHERE {
  ?paper dblp:title ?title .
}
LIMIT 100000

2026-09-29 04:52:03.395 - INFO: Requested media types of the result are: "text/turtle"
2026-09-29 04:52:03.396 - INFO: Query planning done in 0 ms
2026-09-29 04:52:03.396 - INFO: Result has unknown size (not computed yet)
2026-09-29 04:52:03.698 - INFO: Done processing query and sending result, total time was 302 ms
2026-09-29 04:52:03.718 - INFO: 
2026-09-29 04:52:03.718 - INFO: Request received via GET, no content type specified
2026-09-29 04:52:03.718 - INFO: Processing command "clear-cache": clear the cache (unpinned elements only)
2026-09-29 04:52:03.736 - INFO: 
2026-09-29 04:52:03.736 - INFO: Request received via POST, content type "application/x-www-form-urlencoded"
2026-09-29 04:52:03.736 - INFO: Processing the following SPARQL query:
# Tier H-vocab — title literals, large
# Goal: external-vocabulary lookup pressure with larger bounded output.
PREFIX dblp: <https://dblp.org/rdf/schema#>

CONSTRUCT { ?paper dblp:title ?title }
WHERE {
  ?paper dblp:title ?title .
}
LIMIT 100000

2026-09-29 04:52:03.736 - INFO: Requested media types of the result are: "text/turtle"
2026-09-29 04:52:03.737 - INFO: Query planning done in 0 ms
2026-09-29 04:52:03.737 - INFO: Result has unknown size (not computed yet)
2026-09-29 04:52:04.042 - INFO: Done processing query and sending result, total time was 305 ms
2026-09-29 04:52:04.062 - INFO: 
2026-09-29 04:52:04.062 - INFO: Request received via GET, no content type specified
2026-09-29 04:52:04.062 - INFO: Processing command "clear-cache": clear the cache (unpinned elements only)
2026-09-29 04:52:04.080 - INFO: 
2026-09-29 04:52:04.080 - INFO: Request received via POST, content type "application/x-www-form-urlencoded"
2026-09-29 04:52:04.081 - INFO: Processing the following SPARQL query:
# Tier H-vocab — title literals, large
# Goal: external-vocabulary lookup pressure with larger bounded output.
PREFIX dblp: <https://dblp.org/rdf/schema#>

CONSTRUCT { ?paper dblp:title ?title }
WHERE {
  ?paper dblp:title ?title .
}
LIMIT 100000

2026-09-29 04:52:04.081 - INFO: Requested media types of the result are: "text/turtle"
2026-09-29 04:52:04.081 - INFO: Query planning done in 0 ms
2026-09-29 04:52:04.081 - INFO: Result has unknown size (not computed yet)
2026-09-29 04:52:04.382 - INFO: Done processing query and sending result, total time was 301 ms
2026-09-29 04:52:04.403 - INFO: 
2026-09-29 04:52:04.403 - INFO: Request received via GET, no content type specified
2026-09-29 04:52:04.403 - INFO: Processing command "clear-cache": clear the cache (unpinned elements only)
2026-09-29 04:52:04.421 - INFO: 
2026-09-29 04:52:04.421 - INFO: Request received via POST, content type "application/x-www-form-urlencoded"
2026-09-29 04:52:04.421 - INFO: Processing the following SPARQL query:
# Tier H-vocab — title literals, large
# Goal: external-vocabulary lookup pressure with larger bounded output.
PREFIX dblp: <https://dblp.org/rdf/schema#>

CONSTRUCT { ?paper dblp:title ?title }
WHERE {
  ?paper dblp:title ?title .
}
LIMIT 100000

2026-09-29 04:52:04.421 - INFO: Requested media types of the result are: "text/turtle"
2026-09-29 04:52:04.421 - INFO: Query planning done in 0 ms
2026-09-29 04:52:04.421 - INFO: Result has unknown size (not computed yet)
2026-09-29 04:52:04.722 - INFO: Done processing query and sending result, total time was 301 ms
2026-09-29 04:52:04.742 - INFO: 
2026-09-29 04:52:04.742 - INFO: Request received via GET, no content type specified
2026-09-29 04:52:04.742 - INFO: Processing command "clear-cache": clear the cache (unpinned elements only)
2026-09-29 04:52:04.768 - INFO: 
2026-09-29 04:52:04.769 - INFO: Request received via POST, content type "application/x-www-form-urlencoded"
2026-09-29 04:52:04.769 - INFO: Processing the following SPARQL query:
# Tier H-vocab — title literals, large
# Goal: external-vocabulary lookup pressure with larger bounded output.
PREFIX dblp: <https://dblp.org/rdf/schema#>

CONSTRUCT { ?paper dblp:title ?title }
WHERE {
  ?paper dblp:title ?title .
}
LIMIT 100000

2026-09-29 04:52:04.769 - INFO: Requested media types of the result are: "text/turtle"
2026-09-29 04:52:04.769 - INFO: Query planning done in 0 ms
2026-09-29 04:52:04.769 - INFO: Result has unknown size (not computed yet)
2026-09-29 04:52:05.070 - INFO: Done processing query and sending result, total time was 301 ms
2026-09-29 04:52:05.090 - INFO: 
2026-09-29 04:52:05.090 - INFO: Request received via GET, no content type specified
2026-09-29 04:52:05.090 - INFO: Processing command "clear-cache": clear the cache (unpinned elements only)
2026-09-29 04:52:05.108 - INFO: 
2026-09-29 04:52:05.108 - INFO: Request received via POST, content type "application/x-www-form-urlencoded"
2026-09-29 04:52:05.109 - INFO: Processing the following SPARQL query:
# Tier H-vocab — title literals, large
# Goal: external-vocabulary lookup pressure with larger bounded output.
PREFIX dblp: <https://dblp.org/rdf/schema#>

CONSTRUCT { ?paper dblp:title ?title }
WHERE {
  ?paper dblp:title ?title .
}
LIMIT 100000

2026-09-29 04:52:05.109 - INFO: Requested media types of the result are: "text/turtle"
2026-09-29 04:52:05.109 - INFO: Query planning done in 0 ms
2026-09-29 04:52:05.109 - INFO: Result has unknown size (not computed yet)
2026-09-29 04:52:05.414 - INFO: Done processing query and sending result, total time was 305 ms
2026-09-29 04:52:05.435 - INFO: 
2026-09-29 04:52:05.435 - INFO: Request received via GET, no content type specified
2026-09-29 04:52:05.435 - INFO: Processing command "clear-cache": clear the cache (unpinned elements only)
2026-09-29 04:52:05.453 - INFO: 
2026-09-29 04:52:05.453 - INFO: Request received via POST, content type "application/x-www-form-urlencoded"
2026-09-29 04:52:05.453 - INFO: Processing the following SPARQL query:
# Tier H-vocab — title literals, large
# Goal: external-vocabulary lookup pressure with larger bounded output.
PREFIX dblp: <https://dblp.org/rdf/schema#>

CONSTRUCT { ?paper dblp:title ?title }
WHERE {
  ?paper dblp:title ?title .
}
LIMIT 100000

2026-09-29 04:52:05.453 - INFO: Requested media types of the result are: "text/turtle"
2026-09-29 04:52:05.453 - INFO: Query planning done in 0 ms
2026-09-29 04:52:05.453 - INFO: Result has unknown size (not computed yet)
2026-09-29 04:52:05.755 - INFO: Done processing query and sending result, total time was 302 ms
2026-09-29 04:52:05.776 - INFO: 
2026-09-29 04:52:05.776 - INFO: Request received via GET, no content type specified
2026-09-29 04:52:05.776 - INFO: Processing command "clear-cache": clear the cache (unpinned elements only)
2026-09-29 04:52:05.794 - INFO: 
2026-09-29 04:52:05.794 - INFO: Request received via POST, content type "application/x-www-form-urlencoded"
2026-09-29 04:52:05.794 - INFO: Processing the following SPARQL query:
# Tier H-vocab — title literals, large
# Goal: external-vocabulary lookup pressure with larger bounded output.
PREFIX dblp: <https://dblp.org/rdf/schema#>

CONSTRUCT { ?paper dblp:title ?title }
WHERE {
  ?paper dblp:title ?title .
}
LIMIT 100000

2026-09-29 04:52:05.794 - INFO: Requested media types of the result are: "text/turtle"
2026-09-29 04:52:05.794 - INFO: Query planning done in 0 ms
2026-09-29 04:52:05.795 - INFO: Result has unknown size (not computed yet)
2026-09-29 04:52:06.097 - INFO: Done processing query and sending result, total time was 303 ms
2026-09-29 04:52:06.117 - INFO: 
2026-09-29 04:52:06.117 - INFO: Request received via GET, no content type specified
2026-09-29 04:52:06.117 - INFO: Processing command "clear-cache": clear the cache (unpinned elements only)
2026-09-29 04:52:06.135 - INFO: 
2026-09-29 04:52:06.135 - INFO: Request received via POST, content type "application/x-www-form-urlencoded"
2026-09-29 04:52:06.136 - INFO: Processing the following SPARQL query:
# Tier H-vocab — title literals, large
# Goal: external-vocabulary lookup pressure with larger bounded output.
PREFIX dblp: <https://dblp.org/rdf/schema#>

CONSTRUCT { ?paper dblp:title ?title }
WHERE {
  ?paper dblp:title ?title .
}
LIMIT 100000

2026-09-29 04:52:06.136 - INFO: Requested media types of the result are: "text/turtle"
2026-09-29 04:52:06.136 - INFO: Query planning done in 0 ms
2026-09-29 04:52:06.136 - INFO: Result has unknown size (not computed yet)
2026-09-29 04:52:06.438 - INFO: Done processing query and sending result, total time was 302 ms
2026-09-29 04:52:06.458 - INFO: 
2026-09-29 04:52:06.458 - INFO: Request received via GET, no content type specified
2026-09-29 04:52:06.458 - INFO: Processing command "clear-cache": clear the cache (unpinned elements only)
2026-09-29 04:52:06.476 - INFO: 
2026-09-29 04:52:06.476 - INFO: Request received via POST, content type "application/x-www-form-urlencoded"
2026-09-29 04:52:06.476 - INFO: Processing the following SPARQL query:
# Tier H-vocab — title literals, large
# Goal: external-vocabulary lookup pressure with larger bounded output.
PREFIX dblp: <https://dblp.org/rdf/schema#>

CONSTRUCT { ?paper dblp:title ?title }
WHERE {
  ?paper dblp:title ?title .
}
LIMIT 100000

2026-09-29 04:52:06.476 - INFO: Requested media types of the result are: "text/turtle"
2026-09-29 04:52:06.477 - INFO: Query planning done in 0 ms
2026-09-29 04:52:06.477 - INFO: Result has unknown size (not computed yet)
2026-09-29 04:52:06.776 - INFO: Done processing query and sending result, total time was 299 ms
2026-09-29 04:52:06.796 - INFO: 
2026-09-29 04:52:06.796 - INFO: Request received via GET, no content type specified
2026-09-29 04:52:06.796 - INFO: Processing command "clear-cache": clear the cache (unpinned elements only)
2026-09-29 04:52:06.814 - INFO: 
2026-09-29 04:52:06.814 - INFO: Request received via POST, content type "application/x-www-form-urlencoded"
2026-09-29 04:52:06.815 - INFO: Processing the following SPARQL query:
# Tier H-vocab — title literals, large
# Goal: external-vocabulary lookup pressure with larger bounded output.
PREFIX dblp: <https://dblp.org/rdf/schema#>

CONSTRUCT { ?paper dblp:title ?title }
WHERE {
  ?paper dblp:title ?title .
}
LIMIT 100000

2026-09-29 04:52:06.815 - INFO: Requested media types of the result are: "text/turtle"
2026-09-29 04:52:06.815 - INFO: Query planning done in 0 ms
2026-09-29 04:52:06.815 - INFO: Result has unknown size (not computed yet)
2026-09-29 04:52:07.119 - INFO: Done processing query and sending result, total time was 304 ms
2026-09-29 04:52:07.139 - INFO: 
2026-09-29 04:52:07.139 - INFO: Request received via GET, no content type specified
2026-09-29 04:52:07.139 - INFO: Processing command "clear-cache": clear the cache (unpinned elements only)
2026-09-29 04:52:07.157 - INFO: 
2026-09-29 04:52:07.157 - INFO: Request received via POST, content type "application/x-www-form-urlencoded"
2026-09-29 04:52:07.157 - INFO: Processing the following SPARQL query:
# Tier H-vocab — title literals, large
# Goal: external-vocabulary lookup pressure with larger bounded output.
PREFIX dblp: <https://dblp.org/rdf/schema#>

CONSTRUCT { ?paper dblp:title ?title }
WHERE {
  ?paper dblp:title ?title .
}
LIMIT 100000

2026-09-29 04:52:07.157 - INFO: Requested media types of the result are: "text/turtle"
2026-09-29 04:52:07.158 - INFO: Query planning done in 0 ms
2026-09-29 04:52:07.158 - INFO: Result has unknown size (not computed yet)
2026-09-29 04:52:07.463 - INFO: Done processing query and sending result, total time was 305 ms
2026-09-29 04:52:07.483 - INFO: 
2026-09-29 04:52:07.483 - INFO: Request received via GET, no content type specified
2026-09-29 04:52:07.483 - INFO: Processing command "clear-cache": clear the cache (unpinned elements only)
2026-09-29 04:52:07.501 - INFO: 
2026-09-29 04:52:07.501 - INFO: Request received via POST, content type "application/x-www-form-urlencoded"
2026-09-29 04:52:07.501 - INFO: Processing the following SPARQL query:
# Tier H-vocab — title literals, large
# Goal: external-vocabulary lookup pressure with larger bounded output.
PREFIX dblp: <https://dblp.org/rdf/schema#>

CONSTRUCT { ?paper dblp:title ?title }
WHERE {
  ?paper dblp:title ?title .
}
LIMIT 100000

2026-09-29 04:52:07.502 - INFO: Requested media types of the result are: "text/turtle"
2026-09-29 04:52:07.502 - INFO: Query planning done in 0 ms
2026-09-29 04:52:07.502 - INFO: Result has unknown size (not computed yet)
2026-09-29 04:52:07.806 - INFO: Done processing query and sending result, total time was 304 ms
2026-09-29 04:52:07.826 - INFO: 
2026-09-29 04:52:07.826 - INFO: Request received via GET, no content type specified
2026-09-29 04:52:07.826 - INFO: Processing command "clear-cache": clear the cache (unpinned elements only)
2026-09-29 04:52:07.844 - INFO: 
2026-09-29 04:52:07.844 - INFO: Request received via POST, content type "application/x-www-form-urlencoded"
2026-09-29 04:52:07.845 - INFO: Processing the following SPARQL query:
# Tier H-vocab — title literals, large
# Goal: external-vocabulary lookup pressure with larger bounded output.
PREFIX dblp: <https://dblp.org/rdf/schema#>

CONSTRUCT { ?paper dblp:title ?title }
WHERE {
  ?paper dblp:title ?title .
}
LIMIT 100000

2026-09-29 04:52:07.845 - INFO: Requested media types of the result are: "text/turtle"
2026-09-29 04:52:07.845 - INFO: Query planning done in 0 ms
2026-09-29 04:52:07.845 - INFO: Result has unknown size (not computed yet)
2026-09-29 04:52:08.149 - INFO: Done processing query and sending result, total time was 304 ms
2026-09-29 04:52:29.566 - INFO: 
2026-09-29 04:52:29.566 - INFO: Request received via GET, no content type specified
2026-09-29 04:52:29.566 - INFO: Processing command "clear-cache": clear the cache (unpinned elements only)
2026-09-29 04:52:29.584 - INFO: 
2026-09-29 04:52:29.584 - INFO: Request received via POST, content type "application/x-www-form-urlencoded"
2026-09-29 04:52:29.585 - INFO: Processing the following SPARQL query:
# Tier H-vocab — title literals, large
# Goal: external-vocabulary lookup pressure with larger bounded output.
PREFIX dblp: <https://dblp.org/rdf/schema#>

CONSTRUCT { ?paper dblp:title ?title }
WHERE {
  ?paper dblp:title ?title .
}
LIMIT 100000

2026-09-29 04:52:29.585 - INFO: Requested media types of the result are: "text/turtle"
2026-09-29 04:52:29.585 - INFO: Query planning done in 0 ms
2026-09-29 04:52:29.585 - INFO: Result has unknown size (not computed yet)
2026-09-29 04:52:29.885 - INFO: Done processing query and sending result, total time was 300 ms
2026-09-29 04:52:29.905 - INFO: 
2026-09-29 04:52:29.906 - INFO: Request received via GET, no content type specified
2026-09-29 04:52:29.906 - INFO: Processing command "clear-cache": clear the cache (unpinned elements only)
2026-09-29 04:52:29.923 - INFO: 
2026-09-29 04:52:29.923 - INFO: Request received via POST, content type "application/x-www-form-urlencoded"
2026-09-29 04:52:29.924 - INFO: Processing the following SPARQL query:
# Tier H-vocab — title literals, large
# Goal: external-vocabulary lookup pressure with larger bounded output.
PREFIX dblp: <https://dblp.org/rdf/schema#>

CONSTRUCT { ?paper dblp:title ?title }
WHERE {
  ?paper dblp:title ?title .
}
LIMIT 100000

2026-09-29 04:52:29.924 - INFO: Requested media types of the result are: "text/turtle"
2026-09-29 04:52:29.924 - INFO: Query planning done in 0 ms
2026-09-29 04:52:29.924 - INFO: Result has unknown size (not computed yet)
2026-09-29 04:52:30.229 - INFO: Done processing query and sending result, total time was 305 ms
2026-09-29 04:52:30.249 - INFO: 
2026-09-29 04:52:30.249 - INFO: Request received via GET, no content type specified
2026-09-29 04:52:30.249 - INFO: Processing command "clear-cache": clear the cache (unpinned elements only)
2026-09-29 04:52:30.267 - INFO: 
2026-09-29 04:52:30.267 - INFO: Request received via POST, content type "application/x-www-form-urlencoded"
2026-09-29 04:52:30.267 - INFO: Processing the following SPARQL query:
# Tier H-vocab — title literals, large
# Goal: external-vocabulary lookup pressure with larger bounded output.
PREFIX dblp: <https://dblp.org/rdf/schema#>

CONSTRUCT { ?paper dblp:title ?title }
WHERE {
  ?paper dblp:title ?title .
}
LIMIT 100000

2026-09-29 04:52:30.267 - INFO: Requested media types of the result are: "text/turtle"
2026-09-29 04:52:30.267 - INFO: Query planning done in 0 ms
2026-09-29 04:52:30.268 - INFO: Result has unknown size (not computed yet)
2026-09-29 04:52:30.570 - INFO: Done processing query and sending result, total time was 303 ms
2026-09-29 04:52:30.591 - INFO: 
2026-09-29 04:52:30.591 - INFO: Request received via GET, no content type specified
2026-09-29 04:52:30.591 - INFO: Processing command "clear-cache": clear the cache (unpinned elements only)
2026-09-29 04:52:30.609 - INFO: 
2026-09-29 04:52:30.609 - INFO: Request received via POST, content type "application/x-www-form-urlencoded"
2026-09-29 04:52:30.609 - INFO: Processing the following SPARQL query:
# Tier H-vocab — title literals, large
# Goal: external-vocabulary lookup pressure with larger bounded output.
PREFIX dblp: <https://dblp.org/rdf/schema#>

CONSTRUCT { ?paper dblp:title ?title }
WHERE {
  ?paper dblp:title ?title .
}
LIMIT 100000

2026-09-29 04:52:30.609 - INFO: Requested media types of the result are: "text/turtle"
2026-09-29 04:52:30.609 - INFO: Query planning done in 0 ms
2026-09-29 04:52:30.609 - INFO: Result has unknown size (not computed yet)
2026-09-29 04:52:30.916 - INFO: Done processing query and sending result, total time was 306 ms
2026-09-29 04:52:30.936 - INFO: 
2026-09-29 04:52:30.936 - INFO: Request received via GET, no content type specified
2026-09-29 04:52:30.936 - INFO: Processing command "clear-cache": clear the cache (unpinned elements only)
2026-09-29 04:52:30.962 - INFO: 
2026-09-29 04:52:30.962 - INFO: Request received via POST, content type "application/x-www-form-urlencoded"
2026-09-29 04:52:30.962 - INFO: Processing the following SPARQL query:
# Tier H-vocab — title literals, large
# Goal: external-vocabulary lookup pressure with larger bounded output.
PREFIX dblp: <https://dblp.org/rdf/schema#>

CONSTRUCT { ?paper dblp:title ?title }
WHERE {
  ?paper dblp:title ?title .
}
LIMIT 100000

2026-09-29 04:52:30.962 - INFO: Requested media types of the result are: "text/turtle"
2026-09-29 04:52:30.962 - INFO: Query planning done in 0 ms
2026-09-29 04:52:30.962 - INFO: Result has unknown size (not computed yet)
2026-09-29 04:52:31.265 - INFO: Done processing query and sending result, total time was 303 ms
2026-09-29 04:52:31.286 - INFO: 
2026-09-29 04:52:31.286 - INFO: Request received via GET, no content type specified
2026-09-29 04:52:31.286 - INFO: Processing command "clear-cache": clear the cache (unpinned elements only)
2026-09-29 04:52:31.304 - INFO: 
2026-09-29 04:52:31.304 - INFO: Request received via POST, content type "application/x-www-form-urlencoded"
2026-09-29 04:52:31.304 - INFO: Processing the following SPARQL query:
# Tier H-vocab — title literals, large
# Goal: external-vocabulary lookup pressure with larger bounded output.
PREFIX dblp: <https://dblp.org/rdf/schema#>

CONSTRUCT { ?paper dblp:title ?title }
WHERE {
  ?paper dblp:title ?title .
}
LIMIT 100000

2026-09-29 04:52:31.304 - INFO: Requested media types of the result are: "text/turtle"
2026-09-29 04:52:31.305 - INFO: Query planning done in 0 ms
2026-09-29 04:52:31.305 - INFO: Result has unknown size (not computed yet)
2026-09-29 04:52:31.605 - INFO: Done processing query and sending result, total time was 301 ms
2026-09-29 04:52:31.626 - INFO: 
2026-09-29 04:52:31.626 - INFO: Request received via GET, no content type specified
2026-09-29 04:52:31.626 - INFO: Processing command "clear-cache": clear the cache (unpinned elements only)
2026-09-29 04:52:31.644 - INFO: 
2026-09-29 04:52:31.644 - INFO: Request received via POST, content type "application/x-www-form-urlencoded"
2026-09-29 04:52:31.644 - INFO: Processing the following SPARQL query:
# Tier H-vocab — title literals, large
# Goal: external-vocabulary lookup pressure with larger bounded output.
PREFIX dblp: <https://dblp.org/rdf/schema#>

CONSTRUCT { ?paper dblp:title ?title }
WHERE {
  ?paper dblp:title ?title .
}
LIMIT 100000

2026-09-29 04:52:31.644 - INFO: Requested media types of the result are: "text/turtle"
2026-09-29 04:52:31.644 - INFO: Query planning done in 0 ms
2026-09-29 04:52:31.644 - INFO: Result has unknown size (not computed yet)
2026-09-29 04:52:31.947 - INFO: Done processing query and sending result, total time was 302 ms
2026-09-29 04:52:31.968 - INFO: 
2026-09-29 04:52:31.968 - INFO: Request received via GET, no content type specified
2026-09-29 04:52:31.968 - INFO: Processing command "clear-cache": clear the cache (unpinned elements only)
2026-09-29 04:52:31.986 - INFO: 
2026-09-29 04:52:31.986 - INFO: Request received via POST, content type "application/x-www-form-urlencoded"
2026-09-29 04:52:31.986 - INFO: Processing the following SPARQL query:
# Tier H-vocab — title literals, large
# Goal: external-vocabulary lookup pressure with larger bounded output.
PREFIX dblp: <https://dblp.org/rdf/schema#>

CONSTRUCT { ?paper dblp:title ?title }
WHERE {
  ?paper dblp:title ?title .
}
LIMIT 100000

2026-09-29 04:52:31.986 - INFO: Requested media types of the result are: "text/turtle"
2026-09-29 04:52:31.986 - INFO: Query planning done in 0 ms
2026-09-29 04:52:31.986 - INFO: Result has unknown size (not computed yet)
2026-09-29 04:52:32.290 - INFO: Done processing query and sending result, total time was 304 ms
2026-09-29 04:52:32.311 - INFO: 
2026-09-29 04:52:32.311 - INFO: Request received via GET, no content type specified
2026-09-29 04:52:32.311 - INFO: Processing command "clear-cache": clear the cache (unpinned elements only)
2026-09-29 04:52:32.329 - INFO: 
2026-09-29 04:52:32.329 - INFO: Request received via POST, content type "application/x-www-form-urlencoded"
2026-09-29 04:52:32.329 - INFO: Processing the following SPARQL query:
# Tier H-vocab — title literals, large
# Goal: external-vocabulary lookup pressure with larger bounded output.
PREFIX dblp: <https://dblp.org/rdf/schema#>

CONSTRUCT { ?paper dblp:title ?title }
WHERE {
  ?paper dblp:title ?title .
}
LIMIT 100000

2026-09-29 04:52:32.329 - INFO: Requested media types of the result are: "text/turtle"
2026-09-29 04:52:32.329 - INFO: Query planning done in 0 ms
2026-09-29 04:52:32.329 - INFO: Result has unknown size (not computed yet)
2026-09-29 04:52:32.630 - INFO: Done processing query and sending result, total time was 301 ms
2026-09-29 04:52:32.651 - INFO: 
2026-09-29 04:52:32.651 - INFO: Request received via GET, no content type specified
2026-09-29 04:52:32.651 - INFO: Processing command "clear-cache": clear the cache (unpinned elements only)
2026-09-29 04:52:32.669 - INFO: 
2026-09-29 04:52:32.669 - INFO: Request received via POST, content type "application/x-www-form-urlencoded"
2026-09-29 04:52:32.669 - INFO: Processing the following SPARQL query:
# Tier H-vocab — title literals, large
# Goal: external-vocabulary lookup pressure with larger bounded output.
PREFIX dblp: <https://dblp.org/rdf/schema#>

CONSTRUCT { ?paper dblp:title ?title }
WHERE {
  ?paper dblp:title ?title .
}
LIMIT 100000

2026-09-29 04:52:32.669 - INFO: Requested media types of the result are: "text/turtle"
2026-09-29 04:52:32.669 - INFO: Query planning done in 0 ms
2026-09-29 04:52:32.669 - INFO: Result has unknown size (not computed yet)
2026-09-29 04:52:32.971 - INFO: Done processing query and sending result, total time was 302 ms
2026-09-29 04:52:32.992 - INFO: 
2026-09-29 04:52:32.992 - INFO: Request received via GET, no content type specified
2026-09-29 04:52:32.992 - INFO: Processing command "clear-cache": clear the cache (unpinned elements only)
2026-09-29 04:52:33.015 - INFO: 
2026-09-29 04:52:33.015 - INFO: Request received via POST, content type "application/x-www-form-urlencoded"
2026-09-29 04:52:33.015 - INFO: Processing the following SPARQL query:
# Tier H-vocab — title literals, large
# Goal: external-vocabulary lookup pressure with larger bounded output.
PREFIX dblp: <https://dblp.org/rdf/schema#>

CONSTRUCT { ?paper dblp:title ?title }
WHERE {
  ?paper dblp:title ?title .
}
LIMIT 100000

2026-09-29 04:52:33.015 - INFO: Requested media types of the result are: "text/turtle"
2026-09-29 04:52:33.016 - INFO: Query planning done in 0 ms
2026-09-29 04:52:33.016 - INFO: Result has unknown size (not computed yet)
2026-09-29 04:52:33.314 - INFO: Done processing query and sending result, total time was 299 ms
2026-09-29 04:52:33.335 - INFO: 
2026-09-29 04:52:33.335 - INFO: Request received via GET, no content type specified
2026-09-29 04:52:33.335 - INFO: Processing command "clear-cache": clear the cache (unpinned elements only)
2026-09-29 04:52:33.353 - INFO: 
2026-09-29 04:52:33.353 - INFO: Request received via POST, content type "application/x-www-form-urlencoded"
2026-09-29 04:52:33.354 - INFO: Processing the following SPARQL query:
# Tier H-vocab — title literals, large
# Goal: external-vocabulary lookup pressure with larger bounded output.
PREFIX dblp: <https://dblp.org/rdf/schema#>

CONSTRUCT { ?paper dblp:title ?title }
WHERE {
  ?paper dblp:title ?title .
}
LIMIT 100000

2026-09-29 04:52:33.354 - INFO: Requested media types of the result are: "text/turtle"
2026-09-29 04:52:33.354 - INFO: Query planning done in 0 ms
2026-09-29 04:52:33.354 - INFO: Result has unknown size (not computed yet)
2026-09-29 04:52:33.655 - INFO: Done processing query and sending result, total time was 301 ms
2026-09-29 04:52:33.676 - INFO: 
2026-09-29 04:52:33.676 - INFO: Request received via GET, no content type specified
2026-09-29 04:52:33.676 - INFO: Processing command "clear-cache": clear the cache (unpinned elements only)
2026-09-29 04:52:33.694 - INFO: 
2026-09-29 04:52:33.694 - INFO: Request received via POST, content type "application/x-www-form-urlencoded"
2026-09-29 04:52:33.694 - INFO: Processing the following SPARQL query:
# Tier H-vocab — title literals, large
# Goal: external-vocabulary lookup pressure with larger bounded output.
PREFIX dblp: <https://dblp.org/rdf/schema#>

CONSTRUCT { ?paper dblp:title ?title }
WHERE {
  ?paper dblp:title ?title .
}
LIMIT 100000

2026-09-29 04:52:33.694 - INFO: Requested media types of the result are: "text/turtle"
2026-09-29 04:52:33.694 - INFO: Query planning done in 0 ms
2026-09-29 04:52:33.694 - INFO: Result has unknown size (not computed yet)
2026-09-29 04:52:33.999 - INFO: Done processing query and sending result, total time was 305 ms
2026-09-29 04:52:34.020 - INFO: 
2026-09-29 04:52:34.020 - INFO: Request received via GET, no content type specified
2026-09-29 04:52:34.020 - INFO: Processing command "clear-cache": clear the cache (unpinned elements only)
2026-09-29 04:52:34.038 - INFO: 
2026-09-29 04:52:34.038 - INFO: Request received via POST, content type "application/x-www-form-urlencoded"
2026-09-29 04:52:34.038 - INFO: Processing the following SPARQL query:
# Tier H-vocab — title literals, large
# Goal: external-vocabulary lookup pressure with larger bounded output.
PREFIX dblp: <https://dblp.org/rdf/schema#>

CONSTRUCT { ?paper dblp:title ?title }
WHERE {
  ?paper dblp:title ?title .
}
LIMIT 100000

2026-09-29 04:52:34.038 - INFO: Requested media types of the result are: "text/turtle"
2026-09-29 04:52:34.038 - INFO: Query planning done in 0 ms
2026-09-29 04:52:34.038 - INFO: Result has unknown size (not computed yet)
2026-09-29 04:52:34.340 - INFO: Done processing query and sending result, total time was 301 ms
2026-09-29 04:52:34.360 - INFO: 
2026-09-29 04:52:34.361 - INFO: Request received via GET, no content type specified
2026-09-29 04:52:34.361 - INFO: Processing command "clear-cache": clear the cache (unpinned elements only)
2026-09-29 04:52:34.378 - INFO: 
2026-09-29 04:52:34.378 - INFO: Request received via POST, content type "application/x-www-form-urlencoded"
2026-09-29 04:52:34.379 - INFO: Processing the following SPARQL query:
# Tier H-vocab — title literals, large
# Goal: external-vocabulary lookup pressure with larger bounded output.
PREFIX dblp: <https://dblp.org/rdf/schema#>

CONSTRUCT { ?paper dblp:title ?title }
WHERE {
  ?paper dblp:title ?title .
}
LIMIT 100000

2026-09-29 04:52:34.379 - INFO: Requested media types of the result are: "text/turtle"
2026-09-29 04:52:34.379 - INFO: Query planning done in 0 ms
2026-09-29 04:52:34.379 - INFO: Result has unknown size (not computed yet)
2026-09-29 04:52:34.682 - INFO: Done processing query and sending result, total time was 303 ms
2026-09-29 04:52:34.703 - INFO: 
2026-09-29 04:52:34.703 - INFO: Request received via GET, no content type specified
2026-09-29 04:52:34.703 - INFO: Processing command "clear-cache": clear the cache (unpinned elements only)
2026-09-29 04:52:34.721 - INFO: 
2026-09-29 04:52:34.721 - INFO: Request received via POST, content type "application/x-www-form-urlencoded"
2026-09-29 04:52:34.721 - INFO: Processing the following SPARQL query:
# Tier H-vocab — title literals, large
# Goal: external-vocabulary lookup pressure with larger bounded output.
PREFIX dblp: <https://dblp.org/rdf/schema#>

CONSTRUCT { ?paper dblp:title ?title }
WHERE {
  ?paper dblp:title ?title .
}
LIMIT 100000

2026-09-29 04:52:34.721 - INFO: Requested media types of the result are: "text/turtle"
2026-09-29 04:52:34.721 - INFO: Query planning done in 0 ms
2026-09-29 04:52:34.721 - INFO: Result has unknown size (not computed yet)
2026-09-29 04:52:35.020 - INFO: Done processing query and sending result, total time was 299 ms
2026-09-29 04:52:35.041 - INFO: 
2026-09-29 04:52:35.041 - INFO: Request received via GET, no content type specified
2026-09-29 04:52:35.041 - INFO: Processing command "clear-cache": clear the cache (unpinned elements only)
2026-09-29 04:52:35.058 - INFO: 
2026-09-29 04:52:35.059 - INFO: Request received via POST, content type "application/x-www-form-urlencoded"
2026-09-29 04:52:35.059 - INFO: Processing the following SPARQL query:
# Tier H-vocab — title literals, large
# Goal: external-vocabulary lookup pressure with larger bounded output.
PREFIX dblp: <https://dblp.org/rdf/schema#>

CONSTRUCT { ?paper dblp:title ?title }
WHERE {
  ?paper dblp:title ?title .
}
LIMIT 100000

2026-09-29 04:52:35.059 - INFO: Requested media types of the result are: "text/turtle"
2026-09-29 04:52:35.059 - INFO: Query planning done in 0 ms
2026-09-29 04:52:35.059 - INFO: Result has unknown size (not computed yet)
2026-09-29 04:52:35.361 - INFO: Done processing query and sending result, total time was 302 ms
2026-09-29 04:52:35.382 - INFO: 
2026-09-29 04:52:35.382 - INFO: Request received via GET, no content type specified
2026-09-29 04:52:35.382 - INFO: Processing command "clear-cache": clear the cache (unpinned elements only)
2026-09-29 04:52:35.414 - INFO: 
2026-09-29 04:52:35.414 - INFO: Request received via POST, content type "application/x-www-form-urlencoded"
2026-09-29 04:52:35.414 - INFO: Processing the following SPARQL query:
# Tier H-vocab — title literals, large
# Goal: external-vocabulary lookup pressure with larger bounded output.
PREFIX dblp: <https://dblp.org/rdf/schema#>

CONSTRUCT { ?paper dblp:title ?title }
WHERE {
  ?paper dblp:title ?title .
}
LIMIT 100000

2026-09-29 04:52:35.414 - INFO: Requested media types of the result are: "text/turtle"
2026-09-29 04:52:35.414 - INFO: Query planning done in 0 ms
2026-09-29 04:52:35.414 - INFO: Result has unknown size (not computed yet)
2026-09-29 04:52:35.718 - INFO: Done processing query and sending result, total time was 303 ms
2026-09-29 04:52:35.738 - INFO: 
2026-09-29 04:52:35.738 - INFO: Request received via GET, no content type specified
2026-09-29 04:52:35.738 - INFO: Processing command "clear-cache": clear the cache (unpinned elements only)
2026-09-29 04:52:35.756 - INFO: 
2026-09-29 04:52:35.756 - INFO: Request received via POST, content type "application/x-www-form-urlencoded"
2026-09-29 04:52:35.756 - INFO: Processing the following SPARQL query:
# Tier H-vocab — title literals, large
# Goal: external-vocabulary lookup pressure with larger bounded output.
PREFIX dblp: <https://dblp.org/rdf/schema#>

CONSTRUCT { ?paper dblp:title ?title }
WHERE {
  ?paper dblp:title ?title .
}
LIMIT 100000

2026-09-29 04:52:35.756 - INFO: Requested media types of the result are: "text/turtle"
2026-09-29 04:52:35.757 - INFO: Query planning done in 0 ms
2026-09-29 04:52:35.757 - INFO: Result has unknown size (not computed yet)
2026-09-29 04:52:36.059 - INFO: Done processing query and sending result, total time was 302 ms
2026-09-29 04:52:36.079 - INFO: 
2026-09-29 04:52:36.079 - INFO: Request received via GET, no content type specified
2026-09-29 04:52:36.079 - INFO: Processing command "clear-cache": clear the cache (unpinned elements only)
2026-09-29 04:52:36.097 - INFO: 
2026-09-29 04:52:36.097 - INFO: Request received via POST, content type "application/x-www-form-urlencoded"
2026-09-29 04:52:36.097 - INFO: Processing the following SPARQL query:
# Tier H-vocab — title literals, large
# Goal: external-vocabulary lookup pressure with larger bounded output.
PREFIX dblp: <https://dblp.org/rdf/schema#>

CONSTRUCT { ?paper dblp:title ?title }
WHERE {
  ?paper dblp:title ?title .
}
LIMIT 100000

2026-09-29 04:52:36.097 - INFO: Requested media types of the result are: "text/turtle"
2026-09-29 04:52:36.097 - INFO: Query planning done in 0 ms
2026-09-29 04:52:36.098 - INFO: Result has unknown size (not computed yet)
2026-09-29 04:52:36.400 - INFO: Done processing query and sending result, total time was 302 ms
2026-09-29 04:52:36.420 - INFO: 
2026-09-29 04:52:36.420 - INFO: Request received via GET, no content type specified
2026-09-29 04:52:36.420 - INFO: Processing command "clear-cache": clear the cache (unpinned elements only)
2026-09-29 04:52:36.438 - INFO: 
2026-09-29 04:52:36.438 - INFO: Request received via POST, content type "application/x-www-form-urlencoded"
2026-09-29 04:52:36.438 - INFO: Processing the following SPARQL query:
# Tier H-vocab — title literals, large
# Goal: external-vocabulary lookup pressure with larger bounded output.
PREFIX dblp: <https://dblp.org/rdf/schema#>

CONSTRUCT { ?paper dblp:title ?title }
WHERE {
  ?paper dblp:title ?title .
}
LIMIT 100000

2026-09-29 04:52:36.438 - INFO: Requested media types of the result are: "text/turtle"
2026-09-29 04:52:36.438 - INFO: Query planning done in 0 ms
2026-09-29 04:52:36.438 - INFO: Result has unknown size (not computed yet)
2026-09-29 04:52:36.738 - INFO: Done processing query and sending result, total time was 300 ms
2026-09-29 04:52:36.759 - INFO: 
2026-09-29 04:52:36.759 - INFO: Request received via GET, no content type specified
2026-09-29 04:52:36.759 - INFO: Processing command "clear-cache": clear the cache (unpinned elements only)
2026-09-29 04:52:36.776 - INFO: 
2026-09-29 04:52:36.776 - INFO: Request received via POST, content type "application/x-www-form-urlencoded"
2026-09-29 04:52:36.777 - INFO: Processing the following SPARQL query:
# Tier H-vocab — title literals, large
# Goal: external-vocabulary lookup pressure with larger bounded output.
PREFIX dblp: <https://dblp.org/rdf/schema#>

CONSTRUCT { ?paper dblp:title ?title }
WHERE {
  ?paper dblp:title ?title .
}
LIMIT 100000

2026-09-29 04:52:36.777 - INFO: Requested media types of the result are: "text/turtle"
2026-09-29 04:52:36.777 - INFO: Query planning done in 0 ms
2026-09-29 04:52:36.777 - INFO: Result has unknown size (not computed yet)
2026-09-29 04:52:37.081 - INFO: Done processing query and sending result, total time was 304 ms
2026-09-29 04:52:37.101 - INFO: 
2026-09-29 04:52:37.101 - INFO: Request received via GET, no content type specified
2026-09-29 04:52:37.101 - INFO: Processing command "clear-cache": clear the cache (unpinned elements only)
2026-09-29 04:52:37.119 - INFO: 
2026-09-29 04:52:37.119 - INFO: Request received via POST, content type "application/x-www-form-urlencoded"
2026-09-29 04:52:37.119 - INFO: Processing the following SPARQL query:
# Tier H-vocab — title literals, large
# Goal: external-vocabulary lookup pressure with larger bounded output.
PREFIX dblp: <https://dblp.org/rdf/schema#>

CONSTRUCT { ?paper dblp:title ?title }
WHERE {
  ?paper dblp:title ?title .
}
LIMIT 100000

2026-09-29 04:52:37.119 - INFO: Requested media types of the result are: "text/turtle"
2026-09-29 04:52:37.119 - INFO: Query planning done in 0 ms
2026-09-29 04:52:37.119 - INFO: Result has unknown size (not computed yet)
2026-09-29 04:52:37.421 - INFO: Done processing query and sending result, total time was 302 ms
2026-09-29 04:52:37.441 - INFO: 
2026-09-29 04:52:37.441 - INFO: Request received via GET, no content type specified
2026-09-29 04:52:37.441 - INFO: Processing command "clear-cache": clear the cache (unpinned elements only)
2026-09-29 04:52:37.459 - INFO: 
2026-09-29 04:52:37.459 - INFO: Request received via POST, content type "application/x-www-form-urlencoded"
2026-09-29 04:52:37.459 - INFO: Processing the following SPARQL query:
# Tier H-vocab — title literals, large
# Goal: external-vocabulary lookup pressure with larger bounded output.
PREFIX dblp: <https://dblp.org/rdf/schema#>

CONSTRUCT { ?paper dblp:title ?title }
WHERE {
  ?paper dblp:title ?title .
}
LIMIT 100000

2026-09-29 04:52:37.459 - INFO: Requested media types of the result are: "text/turtle"
2026-09-29 04:52:37.459 - INFO: Query planning done in 0 ms
2026-09-29 04:52:37.459 - INFO: Result has unknown size (not computed yet)
2026-09-29 04:52:37.761 - INFO: Done processing query and sending result, total time was 302 ms
2026-09-29 04:52:37.782 - INFO: 
2026-09-29 04:52:37.782 - INFO: Request received via GET, no content type specified
2026-09-29 04:52:37.782 - INFO: Processing command "clear-cache": clear the cache (unpinned elements only)
2026-09-29 04:52:37.800 - INFO: 
2026-09-29 04:52:37.800 - INFO: Request received via POST, content type "application/x-www-form-urlencoded"
2026-09-29 04:52:37.800 - INFO: Processing the following SPARQL query:
# Tier H-vocab — title literals, large
# Goal: external-vocabulary lookup pressure with larger bounded output.
PREFIX dblp: <https://dblp.org/rdf/schema#>

CONSTRUCT { ?paper dblp:title ?title }
WHERE {
  ?paper dblp:title ?title .
}
LIMIT 100000

2026-09-29 04:52:37.800 - INFO: Requested media types of the result are: "text/turtle"
2026-09-29 04:52:37.800 - INFO: Query planning done in 0 ms
2026-09-29 04:52:37.800 - INFO: Result has unknown size (not computed yet)
2026-09-29 04:52:38.105 - INFO: Done processing query and sending result, total time was 304 ms
2026-09-29 04:52:38.125 - INFO: 
2026-09-29 04:52:38.125 - INFO: Request received via GET, no content type specified
2026-09-29 04:52:38.125 - INFO: Processing command "clear-cache": clear the cache (unpinned elements only)
2026-09-29 04:52:38.143 - INFO: 
2026-09-29 04:52:38.143 - INFO: Request received via POST, content type "application/x-www-form-urlencoded"
2026-09-29 04:52:38.143 - INFO: Processing the following SPARQL query:
# Tier H-vocab — title literals, large
# Goal: external-vocabulary lookup pressure with larger bounded output.
PREFIX dblp: <https://dblp.org/rdf/schema#>

CONSTRUCT { ?paper dblp:title ?title }
WHERE {
  ?paper dblp:title ?title .
}
LIMIT 100000

2026-09-29 04:52:38.143 - INFO: Requested media types of the result are: "text/turtle"
2026-09-29 04:52:38.143 - INFO: Query planning done in 0 ms
2026-09-29 04:52:38.143 - INFO: Result has unknown size (not computed yet)
2026-09-29 04:52:38.447 - INFO: Done processing query and sending result, total time was 304 ms
2026-09-29 04:52:38.467 - INFO: 
2026-09-29 04:52:38.467 - INFO: Request received via GET, no content type specified
2026-09-29 04:52:38.467 - INFO: Processing command "clear-cache": clear the cache (unpinned elements only)
2026-09-29 04:52:38.486 - INFO: 
2026-09-29 04:52:38.486 - INFO: Request received via POST, content type "application/x-www-form-urlencoded"
2026-09-29 04:52:38.486 - INFO: Processing the following SPARQL query:
# Tier H-vocab — title literals, large
# Goal: external-vocabulary lookup pressure with larger bounded output.
PREFIX dblp: <https://dblp.org/rdf/schema#>

CONSTRUCT { ?paper dblp:title ?title }
WHERE {
  ?paper dblp:title ?title .
}
LIMIT 100000

2026-09-29 04:52:38.486 - INFO: Requested media types of the result are: "text/turtle"
2026-09-29 04:52:38.486 - INFO: Query planning done in 0 ms
2026-09-29 04:52:38.486 - INFO: Result has unknown size (not computed yet)
2026-09-29 04:52:38.796 - INFO: Done processing query and sending result, total time was 310 ms
2026-09-29 04:52:38.816 - INFO: 
2026-09-29 04:52:38.816 - INFO: Request received via GET, no content type specified
2026-09-29 04:52:38.816 - INFO: Processing command "clear-cache": clear the cache (unpinned elements only)
2026-09-29 04:52:38.834 - INFO: 
2026-09-29 04:52:38.834 - INFO: Request received via POST, content type "application/x-www-form-urlencoded"
2026-09-29 04:52:38.834 - INFO: Processing the following SPARQL query:
# Tier H-vocab — title literals, large
# Goal: external-vocabulary lookup pressure with larger bounded output.
PREFIX dblp: <https://dblp.org/rdf/schema#>

CONSTRUCT { ?paper dblp:title ?title }
WHERE {
  ?paper dblp:title ?title .
}
LIMIT 100000

2026-09-29 04:52:38.834 - INFO: Requested media types of the result are: "text/turtle"
2026-09-29 04:52:38.834 - INFO: Query planning done in 0 ms
2026-09-29 04:52:38.835 - INFO: Result has unknown size (not computed yet)
2026-09-29 04:52:39.140 - INFO: Done processing query and sending result, total time was 305 ms
2026-09-29 04:52:39.160 - INFO: 
2026-09-29 04:52:39.160 - INFO: Request received via GET, no content type specified
2026-09-29 04:52:39.160 - INFO: Processing command "clear-cache": clear the cache (unpinned elements only)
2026-09-29 04:52:39.178 - INFO: 
2026-09-29 04:52:39.178 - INFO: Request received via POST, content type "application/x-www-form-urlencoded"
2026-09-29 04:52:39.178 - INFO: Processing the following SPARQL query:
# Tier H-vocab — title literals, large
# Goal: external-vocabulary lookup pressure with larger bounded output.
PREFIX dblp: <https://dblp.org/rdf/schema#>

CONSTRUCT { ?paper dblp:title ?title }
WHERE {
  ?paper dblp:title ?title .
}
LIMIT 100000

2026-09-29 04:52:39.178 - INFO: Requested media types of the result are: "text/turtle"
2026-09-29 04:52:39.179 - INFO: Query planning done in 0 ms
2026-09-29 04:52:39.179 - INFO: Result has unknown size (not computed yet)
2026-09-29 04:52:39.480 - INFO: Done processing query and sending result, total time was 302 ms
2026-09-29 04:52:39.501 - INFO: 
2026-09-29 04:52:39.501 - INFO: Request received via GET, no content type specified
2026-09-29 04:52:39.501 - INFO: Processing command "clear-cache": clear the cache (unpinned elements only)
2026-09-29 04:52:39.519 - INFO: 
2026-09-29 04:52:39.519 - INFO: Request received via POST, content type "application/x-www-form-urlencoded"
2026-09-29 04:52:39.519 - INFO: Processing the following SPARQL query:
# Tier H-vocab — title literals, large
# Goal: external-vocabulary lookup pressure with larger bounded output.
PREFIX dblp: <https://dblp.org/rdf/schema#>

CONSTRUCT { ?paper dblp:title ?title }
WHERE {
  ?paper dblp:title ?title .
}
LIMIT 100000

2026-09-29 04:52:39.519 - INFO: Requested media types of the result are: "text/turtle"
2026-09-29 04:52:39.519 - INFO: Query planning done in 0 ms
2026-09-29 04:52:39.520 - INFO: Result has unknown size (not computed yet)
2026-09-29 04:52:39.823 - INFO: Done processing query and sending result, total time was 303 ms
2026-09-29 04:52:39.843 - INFO: 
2026-09-29 04:52:39.843 - INFO: Request received via GET, no content type specified
2026-09-29 04:52:39.843 - INFO: Processing command "clear-cache": clear the cache (unpinned elements only)
2026-09-29 04:52:39.868 - INFO: 
2026-09-29 04:52:39.868 - INFO: Request received via POST, content type "application/x-www-form-urlencoded"
2026-09-29 04:52:39.868 - INFO: Processing the following SPARQL query:
# Tier H-vocab — title literals, large
# Goal: external-vocabulary lookup pressure with larger bounded output.
PREFIX dblp: <https://dblp.org/rdf/schema#>

CONSTRUCT { ?paper dblp:title ?title }
WHERE {
  ?paper dblp:title ?title .
}
LIMIT 100000

2026-09-29 04:52:39.868 - INFO: Requested media types of the result are: "text/turtle"
2026-09-29 04:52:39.868 - INFO: Query planning done in 0 ms
2026-09-29 04:52:39.869 - INFO: Result has unknown size (not computed yet)
2026-09-29 04:52:40.171 - INFO: Done processing query and sending result, total time was 302 ms
2026-09-29 04:52:40.191 - INFO: 
2026-09-29 04:52:40.191 - INFO: Request received via GET, no content type specified
2026-09-29 04:52:40.191 - INFO: Processing command "clear-cache": clear the cache (unpinned elements only)
2026-09-29 04:52:40.209 - INFO: 
2026-09-29 04:52:40.209 - INFO: Request received via POST, content type "application/x-www-form-urlencoded"
2026-09-29 04:52:40.209 - INFO: Processing the following SPARQL query:
# Tier H-vocab — title literals, large
# Goal: external-vocabulary lookup pressure with larger bounded output.
PREFIX dblp: <https://dblp.org/rdf/schema#>

CONSTRUCT { ?paper dblp:title ?title }
WHERE {
  ?paper dblp:title ?title .
}
LIMIT 100000

2026-09-29 04:52:40.209 - INFO: Requested media types of the result are: "text/turtle"
2026-09-29 04:52:40.209 - INFO: Query planning done in 0 ms
2026-09-29 04:52:40.209 - INFO: Result has unknown size (not computed yet)
2026-09-29 04:52:40.511 - INFO: Done processing query and sending result, total time was 302 ms
2026-09-29 04:52:59.225 - INFO: 
2026-09-29 04:52:59.225 - INFO: Request received via GET, no content type specified
2026-09-29 04:52:59.225 - INFO: Processing command "clear-cache": clear the cache (unpinned elements only)
2026-09-29 04:52:59.259 - INFO: 
2026-09-29 04:52:59.259 - INFO: Request received via POST, content type "application/x-www-form-urlencoded"
2026-09-29 04:52:59.260 - INFO: Processing the following SPARQL query:
# Tier H-vocab — title literals, large
# Goal: external-vocabulary lookup pressure with larger bounded output.
PREFIX dblp: <https://dblp.org/rdf/schema#>

CONSTRUCT { ?paper dblp:title ?title }
WHERE {
  ?paper dblp:title ?title .
}
LIMIT 100000

2026-09-29 04:52:59.260 - INFO: Requested media types of the result are: "text/turtle"
2026-09-29 04:52:59.260 - INFO: Query planning done in 0 ms
2026-09-29 04:52:59.260 - INFO: Result has unknown size (not computed yet)
2026-09-29 04:52:59.567 - INFO: Done processing query and sending result, total time was 307 ms
2026-09-29 04:52:59.588 - INFO: 
2026-09-29 04:52:59.588 - INFO: Request received via GET, no content type specified
2026-09-29 04:52:59.588 - INFO: Processing command "clear-cache": clear the cache (unpinned elements only)
2026-09-29 04:52:59.606 - INFO: 
2026-09-29 04:52:59.606 - INFO: Request received via POST, content type "application/x-www-form-urlencoded"
2026-09-29 04:52:59.606 - INFO: Processing the following SPARQL query:
# Tier H-vocab — title literals, large
# Goal: external-vocabulary lookup pressure with larger bounded output.
PREFIX dblp: <https://dblp.org/rdf/schema#>

CONSTRUCT { ?paper dblp:title ?title }
WHERE {
  ?paper dblp:title ?title .
}
LIMIT 100000

2026-09-29 04:52:59.606 - INFO: Requested media types of the result are: "text/turtle"
2026-09-29 04:52:59.606 - INFO: Query planning done in 0 ms
2026-09-29 04:52:59.607 - INFO: Result has unknown size (not computed yet)
2026-09-29 04:52:59.914 - INFO: Done processing query and sending result, total time was 308 ms
2026-09-29 04:52:59.935 - INFO: 
2026-09-29 04:52:59.935 - INFO: Request received via GET, no content type specified
2026-09-29 04:52:59.935 - INFO: Processing command "clear-cache": clear the cache (unpinned elements only)
2026-09-29 04:52:59.961 - INFO: 
2026-09-29 04:52:59.961 - INFO: Request received via POST, content type "application/x-www-form-urlencoded"
2026-09-29 04:52:59.961 - INFO: Processing the following SPARQL query:
# Tier H-vocab — title literals, large
# Goal: external-vocabulary lookup pressure with larger bounded output.
PREFIX dblp: <https://dblp.org/rdf/schema#>

CONSTRUCT { ?paper dblp:title ?title }
WHERE {
  ?paper dblp:title ?title .
}
LIMIT 100000

2026-09-29 04:52:59.961 - INFO: Requested media types of the result are: "text/turtle"
2026-09-29 04:52:59.961 - INFO: Query planning done in 0 ms
2026-09-29 04:52:59.961 - INFO: Result has unknown size (not computed yet)
2026-09-29 04:53:00.271 - INFO: Done processing query and sending result, total time was 309 ms
2026-09-29 04:53:00.291 - INFO: 
2026-09-29 04:53:00.291 - INFO: Request received via GET, no content type specified
2026-09-29 04:53:00.291 - INFO: Processing command "clear-cache": clear the cache (unpinned elements only)
2026-09-29 04:53:00.309 - INFO: 
2026-09-29 04:53:00.309 - INFO: Request received via POST, content type "application/x-www-form-urlencoded"
2026-09-29 04:53:00.309 - INFO: Processing the following SPARQL query:
# Tier H-vocab — title literals, large
# Goal: external-vocabulary lookup pressure with larger bounded output.
PREFIX dblp: <https://dblp.org/rdf/schema#>

CONSTRUCT { ?paper dblp:title ?title }
WHERE {
  ?paper dblp:title ?title .
}
LIMIT 100000

2026-09-29 04:53:00.309 - INFO: Requested media types of the result are: "text/turtle"
2026-09-29 04:53:00.310 - INFO: Query planning done in 0 ms
2026-09-29 04:53:00.310 - INFO: Result has unknown size (not computed yet)
2026-09-29 04:53:00.614 - INFO: Done processing query and sending result, total time was 305 ms
2026-09-29 04:53:00.635 - INFO: 
2026-09-29 04:53:00.635 - INFO: Request received via GET, no content type specified
2026-09-29 04:53:00.635 - INFO: Processing command "clear-cache": clear the cache (unpinned elements only)
2026-09-29 04:53:00.653 - INFO: 
2026-09-29 04:53:00.653 - INFO: Request received via POST, content type "application/x-www-form-urlencoded"
2026-09-29 04:53:00.653 - INFO: Processing the following SPARQL query:
# Tier H-vocab — title literals, large
# Goal: external-vocabulary lookup pressure with larger bounded output.
PREFIX dblp: <https://dblp.org/rdf/schema#>

CONSTRUCT { ?paper dblp:title ?title }
WHERE {
  ?paper dblp:title ?title .
}
LIMIT 100000

2026-09-29 04:53:00.653 - INFO: Requested media types of the result are: "text/turtle"
2026-09-29 04:53:00.653 - INFO: Query planning done in 0 ms
2026-09-29 04:53:00.654 - INFO: Result has unknown size (not computed yet)
2026-09-29 04:53:00.961 - INFO: Done processing query and sending result, total time was 307 ms
2026-09-29 04:53:00.981 - INFO: 
2026-09-29 04:53:00.981 - INFO: Request received via GET, no content type specified
2026-09-29 04:53:00.981 - INFO: Processing command "clear-cache": clear the cache (unpinned elements only)
2026-09-29 04:53:00.999 - INFO: 
2026-09-29 04:53:00.999 - INFO: Request received via POST, content type "application/x-www-form-urlencoded"
2026-09-29 04:53:00.999 - INFO: Processing the following SPARQL query:
# Tier H-vocab — title literals, large
# Goal: external-vocabulary lookup pressure with larger bounded output.
PREFIX dblp: <https://dblp.org/rdf/schema#>

CONSTRUCT { ?paper dblp:title ?title }
WHERE {
  ?paper dblp:title ?title .
}
LIMIT 100000

2026-09-29 04:53:00.999 - INFO: Requested media types of the result are: "text/turtle"
2026-09-29 04:53:01.000 - INFO: Query planning done in 0 ms
2026-09-29 04:53:01.000 - INFO: Result has unknown size (not computed yet)
2026-09-29 04:53:01.300 - INFO: Done processing query and sending result, total time was 301 ms
2026-09-29 04:53:01.321 - INFO: 
2026-09-29 04:53:01.321 - INFO: Request received via GET, no content type specified
2026-09-29 04:53:01.321 - INFO: Processing command "clear-cache": clear the cache (unpinned elements only)
2026-09-29 04:53:01.339 - INFO: 
2026-09-29 04:53:01.339 - INFO: Request received via POST, content type "application/x-www-form-urlencoded"
2026-09-29 04:53:01.339 - INFO: Processing the following SPARQL query:
# Tier H-vocab — title literals, large
# Goal: external-vocabulary lookup pressure with larger bounded output.
PREFIX dblp: <https://dblp.org/rdf/schema#>

CONSTRUCT { ?paper dblp:title ?title }
WHERE {
  ?paper dblp:title ?title .
}
LIMIT 100000

2026-09-29 04:53:01.339 - INFO: Requested media types of the result are: "text/turtle"
2026-09-29 04:53:01.339 - INFO: Query planning done in 0 ms
2026-09-29 04:53:01.340 - INFO: Result has unknown size (not computed yet)
2026-09-29 04:53:01.645 - INFO: Done processing query and sending result, total time was 305 ms
2026-09-29 04:53:01.665 - INFO: 
2026-09-29 04:53:01.665 - INFO: Request received via GET, no content type specified
2026-09-29 04:53:01.665 - INFO: Processing command "clear-cache": clear the cache (unpinned elements only)
2026-09-29 04:53:01.683 - INFO: 
2026-09-29 04:53:01.683 - INFO: Request received via POST, content type "application/x-www-form-urlencoded"
2026-09-29 04:53:01.684 - INFO: Processing the following SPARQL query:
# Tier H-vocab — title literals, large
# Goal: external-vocabulary lookup pressure with larger bounded output.
PREFIX dblp: <https://dblp.org/rdf/schema#>

CONSTRUCT { ?paper dblp:title ?title }
WHERE {
  ?paper dblp:title ?title .
}
LIMIT 100000

2026-09-29 04:53:01.684 - INFO: Requested media types of the result are: "text/turtle"
2026-09-29 04:53:01.684 - INFO: Query planning done in 0 ms
2026-09-29 04:53:01.684 - INFO: Result has unknown size (not computed yet)
2026-09-29 04:53:01.989 - INFO: Done processing query and sending result, total time was 305 ms
2026-09-29 04:53:02.009 - INFO: 
2026-09-29 04:53:02.009 - INFO: Request received via GET, no content type specified
2026-09-29 04:53:02.009 - INFO: Processing command "clear-cache": clear the cache (unpinned elements only)
2026-09-29 04:53:02.027 - INFO: 
2026-09-29 04:53:02.027 - INFO: Request received via POST, content type "application/x-www-form-urlencoded"
2026-09-29 04:53:02.028 - INFO: Processing the following SPARQL query:
# Tier H-vocab — title literals, large
# Goal: external-vocabulary lookup pressure with larger bounded output.
PREFIX dblp: <https://dblp.org/rdf/schema#>

CONSTRUCT { ?paper dblp:title ?title }
WHERE {
  ?paper dblp:title ?title .
}
LIMIT 100000

2026-09-29 04:53:02.028 - INFO: Requested media types of the result are: "text/turtle"
2026-09-29 04:53:02.028 - INFO: Query planning done in 0 ms
2026-09-29 04:53:02.028 - INFO: Result has unknown size (not computed yet)
2026-09-29 04:53:02.332 - INFO: Done processing query and sending result, total time was 304 ms
2026-09-29 04:53:02.352 - INFO: 
2026-09-29 04:53:02.352 - INFO: Request received via GET, no content type specified
2026-09-29 04:53:02.352 - INFO: Processing command "clear-cache": clear the cache (unpinned elements only)
2026-09-29 04:53:02.370 - INFO: 
2026-09-29 04:53:02.370 - INFO: Request received via POST, content type "application/x-www-form-urlencoded"
2026-09-29 04:53:02.371 - INFO: Processing the following SPARQL query:
# Tier H-vocab — title literals, large
# Goal: external-vocabulary lookup pressure with larger bounded output.
PREFIX dblp: <https://dblp.org/rdf/schema#>

CONSTRUCT { ?paper dblp:title ?title }
WHERE {
  ?paper dblp:title ?title .
}
LIMIT 100000

2026-09-29 04:53:02.371 - INFO: Requested media types of the result are: "text/turtle"
2026-09-29 04:53:02.371 - INFO: Query planning done in 0 ms
2026-09-29 04:53:02.371 - INFO: Result has unknown size (not computed yet)
2026-09-29 04:53:02.674 - INFO: Done processing query and sending result, total time was 303 ms
2026-09-29 04:53:02.695 - INFO: 
2026-09-29 04:53:02.695 - INFO: Request received via GET, no content type specified
2026-09-29 04:53:02.695 - INFO: Processing command "clear-cache": clear the cache (unpinned elements only)
2026-09-29 04:53:02.713 - INFO: 
2026-09-29 04:53:02.713 - INFO: Request received via POST, content type "application/x-www-form-urlencoded"
2026-09-29 04:53:02.713 - INFO: Processing the following SPARQL query:
# Tier H-vocab — title literals, large
# Goal: external-vocabulary lookup pressure with larger bounded output.
PREFIX dblp: <https://dblp.org/rdf/schema#>

CONSTRUCT { ?paper dblp:title ?title }
WHERE {
  ?paper dblp:title ?title .
}
LIMIT 100000

2026-09-29 04:53:02.713 - INFO: Requested media types of the result are: "text/turtle"
2026-09-29 04:53:02.713 - INFO: Query planning done in 0 ms
2026-09-29 04:53:02.713 - INFO: Result has unknown size (not computed yet)
2026-09-29 04:53:03.015 - INFO: Done processing query and sending result, total time was 302 ms
2026-09-29 04:53:03.036 - INFO: 
2026-09-29 04:53:03.036 - INFO: Request received via GET, no content type specified
2026-09-29 04:53:03.036 - INFO: Processing command "clear-cache": clear the cache (unpinned elements only)
2026-09-29 04:53:03.054 - INFO: 
2026-09-29 04:53:03.054 - INFO: Request received via POST, content type "application/x-www-form-urlencoded"
2026-09-29 04:53:03.054 - INFO: Processing the following SPARQL query:
# Tier H-vocab — title literals, large
# Goal: external-vocabulary lookup pressure with larger bounded output.
PREFIX dblp: <https://dblp.org/rdf/schema#>

CONSTRUCT { ?paper dblp:title ?title }
WHERE {
  ?paper dblp:title ?title .
}
LIMIT 100000

2026-09-29 04:53:03.054 - INFO: Requested media types of the result are: "text/turtle"
2026-09-29 04:53:03.054 - INFO: Query planning done in 0 ms
2026-09-29 04:53:03.054 - INFO: Result has unknown size (not computed yet)
2026-09-29 04:53:03.356 - INFO: Done processing query and sending result, total time was 302 ms
2026-09-29 04:53:03.377 - INFO: 
2026-09-29 04:53:03.377 - INFO: Request received via GET, no content type specified
2026-09-29 04:53:03.377 - INFO: Processing command "clear-cache": clear the cache (unpinned elements only)
2026-09-29 04:53:03.394 - INFO: 
2026-09-29 04:53:03.394 - INFO: Request received via POST, content type "application/x-www-form-urlencoded"
2026-09-29 04:53:03.395 - INFO: Processing the following SPARQL query:
# Tier H-vocab — title literals, large
# Goal: external-vocabulary lookup pressure with larger bounded output.
PREFIX dblp: <https://dblp.org/rdf/schema#>

CONSTRUCT { ?paper dblp:title ?title }
WHERE {
  ?paper dblp:title ?title .
}
LIMIT 100000

2026-09-29 04:53:03.395 - INFO: Requested media types of the result are: "text/turtle"
2026-09-29 04:53:03.395 - INFO: Query planning done in 0 ms
2026-09-29 04:53:03.395 - INFO: Result has unknown size (not computed yet)
2026-09-29 04:53:03.699 - INFO: Done processing query and sending result, total time was 304 ms
2026-09-29 04:53:03.720 - INFO: 
2026-09-29 04:53:03.720 - INFO: Request received via GET, no content type specified
2026-09-29 04:53:03.720 - INFO: Processing command "clear-cache": clear the cache (unpinned elements only)
2026-09-29 04:53:03.738 - INFO: 
2026-09-29 04:53:03.738 - INFO: Request received via POST, content type "application/x-www-form-urlencoded"
2026-09-29 04:53:03.738 - INFO: Processing the following SPARQL query:
# Tier H-vocab — title literals, large
# Goal: external-vocabulary lookup pressure with larger bounded output.
PREFIX dblp: <https://dblp.org/rdf/schema#>

CONSTRUCT { ?paper dblp:title ?title }
WHERE {
  ?paper dblp:title ?title .
}
LIMIT 100000

2026-09-29 04:53:03.738 - INFO: Requested media types of the result are: "text/turtle"
2026-09-29 04:53:03.738 - INFO: Query planning done in 0 ms
2026-09-29 04:53:03.738 - INFO: Result has unknown size (not computed yet)
2026-09-29 04:53:04.042 - INFO: Done processing query and sending result, total time was 304 ms
2026-09-29 04:53:04.063 - INFO: 
2026-09-29 04:53:04.063 - INFO: Request received via GET, no content type specified
2026-09-29 04:53:04.063 - INFO: Processing command "clear-cache": clear the cache (unpinned elements only)
2026-09-29 04:53:04.081 - INFO: 
2026-09-29 04:53:04.081 - INFO: Request received via POST, content type "application/x-www-form-urlencoded"
2026-09-29 04:53:04.081 - INFO: Processing the following SPARQL query:
# Tier H-vocab — title literals, large
# Goal: external-vocabulary lookup pressure with larger bounded output.
PREFIX dblp: <https://dblp.org/rdf/schema#>

CONSTRUCT { ?paper dblp:title ?title }
WHERE {
  ?paper dblp:title ?title .
}
LIMIT 100000

2026-09-29 04:53:04.081 - INFO: Requested media types of the result are: "text/turtle"
2026-09-29 04:53:04.081 - INFO: Query planning done in 0 ms
2026-09-29 04:53:04.082 - INFO: Result has unknown size (not computed yet)
2026-09-29 04:53:04.384 - INFO: Done processing query and sending result, total time was 303 ms
2026-09-29 04:53:04.405 - INFO: 
2026-09-29 04:53:04.405 - INFO: Request received via GET, no content type specified
2026-09-29 04:53:04.405 - INFO: Processing command "clear-cache": clear the cache (unpinned elements only)
2026-09-29 04:53:04.436 - INFO: 
2026-09-29 04:53:04.436 - INFO: Request received via POST, content type "application/x-www-form-urlencoded"
2026-09-29 04:53:04.436 - INFO: Processing the following SPARQL query:
# Tier H-vocab — title literals, large
# Goal: external-vocabulary lookup pressure with larger bounded output.
PREFIX dblp: <https://dblp.org/rdf/schema#>

CONSTRUCT { ?paper dblp:title ?title }
WHERE {
  ?paper dblp:title ?title .
}
LIMIT 100000

2026-09-29 04:53:04.436 - INFO: Requested media types of the result are: "text/turtle"
2026-09-29 04:53:04.437 - INFO: Query planning done in 0 ms
2026-09-29 04:53:04.437 - INFO: Result has unknown size (not computed yet)
2026-09-29 04:53:04.737 - INFO: Done processing query and sending result, total time was 301 ms
2026-09-29 04:53:19.647 - INFO: 
2026-09-29 04:53:19.647 - INFO: Request received via GET, no content type specified
2026-09-29 04:53:19.647 - INFO: Processing command "clear-cache": clear the cache (unpinned elements only)
2026-09-29 04:53:19.665 - INFO: 
2026-09-29 04:53:19.665 - INFO: Request received via POST, content type "application/x-www-form-urlencoded"
2026-09-29 04:53:19.665 - INFO: Processing the following SPARQL query:
# Tier H-vocab — title literals, 1,000,000 rows (10x H-vocab-title-large)
# Goal: the H-vocab-title-large shape with a response long enough (several
# seconds warm) for a timing verdict on the per-literal formatting cost.
PREFIX dblp: <https://dblp.org/rdf/schema#>

CONSTRUCT { ?paper dblp:title ?title }
WHERE {
  ?paper dblp:title ?title .
}
LIMIT 1000000

2026-09-29 04:53:19.665 - INFO: Requested media types of the result are: "text/turtle"
2026-09-29 04:53:19.665 - INFO: Query planning done in 0 ms
2026-09-29 04:53:19.666 - INFO: Result has unknown size (not computed yet)
2026-09-29 04:53:22.381 - INFO: Done processing query and sending result, total time was 2,715 ms
2026-09-29 04:53:44.713 - INFO: 
2026-09-29 04:53:44.713 - INFO: Request received via GET, no content type specified
2026-09-29 04:53:44.713 - INFO: Processing command "clear-cache": clear the cache (unpinned elements only)
2026-09-29 04:53:44.731 - INFO: 
2026-09-29 04:53:44.731 - INFO: Request received via POST, content type "application/x-www-form-urlencoded"
2026-09-29 04:53:44.731 - INFO: Processing the following SPARQL query:
# Tier H-vocab — title literals, 1,000,000 rows (10x H-vocab-title-large)
# Goal: the H-vocab-title-large shape with a response long enough (several
# seconds warm) for a timing verdict on the per-literal formatting cost.
PREFIX dblp: <https://dblp.org/rdf/schema#>

CONSTRUCT { ?paper dblp:title ?title }
WHERE {
  ?paper dblp:title ?title .
}
LIMIT 1000000

2026-09-29 04:53:44.731 - INFO: Requested media types of the result are: "text/turtle"
2026-09-29 04:53:44.731 - INFO: Query planning done in 0 ms
2026-09-29 04:53:44.732 - INFO: Result has unknown size (not computed yet)
2026-09-29 04:53:47.489 - INFO: Done processing query and sending result, total time was 2,758 ms
2026-09-29 04:53:47.512 - INFO: 
2026-09-29 04:53:47.512 - INFO: Request received via GET, no content type specified
2026-09-29 04:53:47.512 - INFO: Processing command "clear-cache": clear the cache (unpinned elements only)
2026-09-29 04:53:47.531 - INFO: 
2026-09-29 04:53:47.531 - INFO: Request received via POST, content type "application/x-www-form-urlencoded"
2026-09-29 04:53:47.531 - INFO: Processing the following SPARQL query:
# Tier H-vocab — title literals, 1,000,000 rows (10x H-vocab-title-large)
# Goal: the H-vocab-title-large shape with a response long enough (several
# seconds warm) for a timing verdict on the per-literal formatting cost.
PREFIX dblp: <https://dblp.org/rdf/schema#>

CONSTRUCT { ?paper dblp:title ?title }
WHERE {
  ?paper dblp:title ?title .
}
LIMIT 1000000

2026-09-29 04:53:47.531 - INFO: Requested media types of the result are: "text/turtle"
2026-09-29 04:53:47.531 - INFO: Query planning done in 0 ms
2026-09-29 04:53:47.531 - INFO: Result has unknown size (not computed yet)
2026-09-29 04:53:50.324 - INFO: Done processing query and sending result, total time was 2,793 ms
2026-09-29 04:53:50.349 - INFO: 
2026-09-29 04:53:50.349 - INFO: Request received via GET, no content type specified
2026-09-29 04:53:50.349 - INFO: Processing command "clear-cache": clear the cache (unpinned elements only)
2026-09-29 04:53:50.367 - INFO: 
2026-09-29 04:53:50.367 - INFO: Request received via POST, content type "application/x-www-form-urlencoded"
2026-09-29 04:53:50.368 - INFO: Processing the following SPARQL query:
# Tier H-vocab — title literals, 1,000,000 rows (10x H-vocab-title-large)
# Goal: the H-vocab-title-large shape with a response long enough (several
# seconds warm) for a timing verdict on the per-literal formatting cost.
PREFIX dblp: <https://dblp.org/rdf/schema#>

CONSTRUCT { ?paper dblp:title ?title }
WHERE {
  ?paper dblp:title ?title .
}
LIMIT 1000000

2026-09-29 04:53:50.368 - INFO: Requested media types of the result are: "text/turtle"
2026-09-29 04:53:50.368 - INFO: Query planning done in 0 ms
2026-09-29 04:53:50.368 - INFO: Result has unknown size (not computed yet)
2026-09-29 04:53:53.062 - INFO: Done processing query and sending result, total time was 2,695 ms
2026-09-29 04:53:53.084 - INFO: 
2026-09-29 04:53:53.084 - INFO: Request received via GET, no content type specified
2026-09-29 04:53:53.084 - INFO: Processing command "clear-cache": clear the cache (unpinned elements only)
2026-09-29 04:53:53.102 - INFO: 
2026-09-29 04:53:53.102 - INFO: Request received via POST, content type "application/x-www-form-urlencoded"
2026-09-29 04:53:53.103 - INFO: Processing the following SPARQL query:
# Tier H-vocab — title literals, 1,000,000 rows (10x H-vocab-title-large)
# Goal: the H-vocab-title-large shape with a response long enough (several
# seconds warm) for a timing verdict on the per-literal formatting cost.
PREFIX dblp: <https://dblp.org/rdf/schema#>

CONSTRUCT { ?paper dblp:title ?title }
WHERE {
  ?paper dblp:title ?title .
}
LIMIT 1000000

2026-09-29 04:53:53.103 - INFO: Requested media types of the result are: "text/turtle"
2026-09-29 04:53:53.103 - INFO: Query planning done in 0 ms
2026-09-29 04:53:53.103 - INFO: Result has unknown size (not computed yet)
2026-09-29 04:53:55.769 - INFO: Done processing query and sending result, total time was 2,666 ms
2026-09-29 04:54:17.637 - INFO: 
2026-09-29 04:54:17.637 - INFO: Request received via GET, no content type specified
2026-09-29 04:54:17.637 - INFO: Processing command "clear-cache": clear the cache (unpinned elements only)
2026-09-29 04:54:17.655 - INFO: 
2026-09-29 04:54:17.655 - INFO: Request received via POST, content type "application/x-www-form-urlencoded"
2026-09-29 04:54:17.655 - INFO: Processing the following SPARQL query:
# Tier H-vocab — title literals, 1,000,000 rows (10x H-vocab-title-large)
# Goal: the H-vocab-title-large shape with a response long enough (several
# seconds warm) for a timing verdict on the per-literal formatting cost.
PREFIX dblp: <https://dblp.org/rdf/schema#>

CONSTRUCT { ?paper dblp:title ?title }
WHERE {
  ?paper dblp:title ?title .
}
LIMIT 1000000

2026-09-29 04:54:17.655 - INFO: Requested media types of the result are: "text/turtle"
2026-09-29 04:54:17.655 - INFO: Query planning done in 0 ms
2026-09-29 04:54:17.656 - INFO: Result has unknown size (not computed yet)
2026-09-29 04:54:20.280 - INFO: Done processing query and sending result, total time was 2,624 ms
2026-09-29 04:54:20.300 - INFO: 
2026-09-29 04:54:20.300 - INFO: Request received via GET, no content type specified
2026-09-29 04:54:20.300 - INFO: Processing command "clear-cache": clear the cache (unpinned elements only)
2026-09-29 04:54:20.318 - INFO: 
2026-09-29 04:54:20.318 - INFO: Request received via POST, content type "application/x-www-form-urlencoded"
2026-09-29 04:54:20.318 - INFO: Processing the following SPARQL query:
# Tier H-vocab — title literals, 1,000,000 rows (10x H-vocab-title-large)
# Goal: the H-vocab-title-large shape with a response long enough (several
# seconds warm) for a timing verdict on the per-literal formatting cost.
PREFIX dblp: <https://dblp.org/rdf/schema#>

CONSTRUCT { ?paper dblp:title ?title }
WHERE {
  ?paper dblp:title ?title .
}
LIMIT 1000000

2026-09-29 04:54:20.318 - INFO: Requested media types of the result are: "text/turtle"
2026-09-29 04:54:20.319 - INFO: Query planning done in 0 ms
2026-09-29 04:54:20.319 - INFO: Result has unknown size (not computed yet)
2026-09-29 04:54:23.025 - INFO: Done processing query and sending result, total time was 2,707 ms
2026-09-29 04:54:23.046 - INFO: 
2026-09-29 04:54:23.046 - INFO: Request received via GET, no content type specified
2026-09-29 04:54:23.046 - INFO: Processing command "clear-cache": clear the cache (unpinned elements only)
2026-09-29 04:54:23.064 - INFO: 
2026-09-29 04:54:23.064 - INFO: Request received via POST, content type "application/x-www-form-urlencoded"
2026-09-29 04:54:23.064 - INFO: Processing the following SPARQL query:
# Tier H-vocab — title literals, 1,000,000 rows (10x H-vocab-title-large)
# Goal: the H-vocab-title-large shape with a response long enough (several
# seconds warm) for a timing verdict on the per-literal formatting cost.
PREFIX dblp: <https://dblp.org/rdf/schema#>

CONSTRUCT { ?paper dblp:title ?title }
WHERE {
  ?paper dblp:title ?title .
}
LIMIT 1000000

2026-09-29 04:54:23.064 - INFO: Requested media types of the result are: "text/turtle"
2026-09-29 04:54:23.064 - INFO: Query planning done in 0 ms
2026-09-29 04:54:23.064 - INFO: Result has unknown size (not computed yet)
2026-09-29 04:54:25.645 - INFO: Done processing query and sending result, total time was 2,581 ms
2026-09-29 04:54:25.665 - INFO: 
2026-09-29 04:54:25.665 - INFO: Request received via GET, no content type specified
2026-09-29 04:54:25.666 - INFO: Processing command "clear-cache": clear the cache (unpinned elements only)
2026-09-29 04:54:25.683 - INFO: 
2026-09-29 04:54:25.683 - INFO: Request received via POST, content type "application/x-www-form-urlencoded"
2026-09-29 04:54:25.684 - INFO: Processing the following SPARQL query:
# Tier H-vocab — title literals, 1,000,000 rows (10x H-vocab-title-large)
# Goal: the H-vocab-title-large shape with a response long enough (several
# seconds warm) for a timing verdict on the per-literal formatting cost.
PREFIX dblp: <https://dblp.org/rdf/schema#>

CONSTRUCT { ?paper dblp:title ?title }
WHERE {
  ?paper dblp:title ?title .
}
LIMIT 1000000

2026-09-29 04:54:25.684 - INFO: Requested media types of the result are: "text/turtle"
2026-09-29 04:54:25.684 - INFO: Query planning done in 0 ms
2026-09-29 04:54:25.684 - INFO: Result has unknown size (not computed yet)
2026-09-29 04:54:28.262 - INFO: Done processing query and sending result, total time was 2,579 ms
2026-09-29 04:54:50.690 - INFO: 
2026-09-29 04:54:50.690 - INFO: Request received via GET, no content type specified
2026-09-29 04:54:50.690 - INFO: Processing command "clear-cache": clear the cache (unpinned elements only)
2026-09-29 04:54:50.708 - INFO: 
2026-09-29 04:54:50.708 - INFO: Request received via POST, content type "application/x-www-form-urlencoded"
2026-09-29 04:54:50.708 - INFO: Processing the following SPARQL query:
# Tier H-vocab — title literals, 1,000,000 rows (10x H-vocab-title-large)
# Goal: the H-vocab-title-large shape with a response long enough (several
# seconds warm) for a timing verdict on the per-literal formatting cost.
PREFIX dblp: <https://dblp.org/rdf/schema#>

CONSTRUCT { ?paper dblp:title ?title }
WHERE {
  ?paper dblp:title ?title .
}
LIMIT 1000000

2026-09-29 04:54:50.708 - INFO: Requested media types of the result are: "text/turtle"
2026-09-29 04:54:50.709 - INFO: Query planning done in 0 ms
2026-09-29 04:54:50.709 - INFO: Result has unknown size (not computed yet)
2026-09-29 04:54:53.391 - INFO: Done processing query and sending result, total time was 2,682 ms
2026-09-29 04:54:53.412 - INFO: 
2026-09-29 04:54:53.412 - INFO: Request received via GET, no content type specified
2026-09-29 04:54:53.412 - INFO: Processing command "clear-cache": clear the cache (unpinned elements only)
2026-09-29 04:54:53.430 - INFO: 
2026-09-29 04:54:53.430 - INFO: Request received via POST, content type "application/x-www-form-urlencoded"
2026-09-29 04:54:53.430 - INFO: Processing the following SPARQL query:
# Tier H-vocab — title literals, 1,000,000 rows (10x H-vocab-title-large)
# Goal: the H-vocab-title-large shape with a response long enough (several
# seconds warm) for a timing verdict on the per-literal formatting cost.
PREFIX dblp: <https://dblp.org/rdf/schema#>

CONSTRUCT { ?paper dblp:title ?title }
WHERE {
  ?paper dblp:title ?title .
}
LIMIT 1000000

2026-09-29 04:54:53.430 - INFO: Requested media types of the result are: "text/turtle"
2026-09-29 04:54:53.430 - INFO: Query planning done in 0 ms
2026-09-29 04:54:53.430 - INFO: Result has unknown size (not computed yet)
2026-09-29 04:54:56.226 - INFO: Done processing query and sending result, total time was 2,796 ms
2026-09-29 04:54:56.247 - INFO: 
2026-09-29 04:54:56.247 - INFO: Request received via GET, no content type specified
2026-09-29 04:54:56.247 - INFO: Processing command "clear-cache": clear the cache (unpinned elements only)
2026-09-29 04:54:56.265 - INFO: 
2026-09-29 04:54:56.265 - INFO: Request received via POST, content type "application/x-www-form-urlencoded"
2026-09-29 04:54:56.265 - INFO: Processing the following SPARQL query:
# Tier H-vocab — title literals, 1,000,000 rows (10x H-vocab-title-large)
# Goal: the H-vocab-title-large shape with a response long enough (several
# seconds warm) for a timing verdict on the per-literal formatting cost.
PREFIX dblp: <https://dblp.org/rdf/schema#>

CONSTRUCT { ?paper dblp:title ?title }
WHERE {
  ?paper dblp:title ?title .
}
LIMIT 1000000

2026-09-29 04:54:56.265 - INFO: Requested media types of the result are: "text/turtle"
2026-09-29 04:54:56.266 - INFO: Query planning done in 0 ms
2026-09-29 04:54:56.266 - INFO: Result has unknown size (not computed yet)
2026-09-29 04:54:58.926 - INFO: Done processing query and sending result, total time was 2,661 ms
2026-09-29 04:54:58.947 - INFO: 
2026-09-29 04:54:58.947 - INFO: Request received via GET, no content type specified
2026-09-29 04:54:58.947 - INFO: Processing command "clear-cache": clear the cache (unpinned elements only)
2026-09-29 04:54:58.965 - INFO: 
2026-09-29 04:54:58.965 - INFO: Request received via POST, content type "application/x-www-form-urlencoded"
2026-09-29 04:54:58.965 - INFO: Processing the following SPARQL query:
# Tier H-vocab — title literals, 1,000,000 rows (10x H-vocab-title-large)
# Goal: the H-vocab-title-large shape with a response long enough (several
# seconds warm) for a timing verdict on the per-literal formatting cost.
PREFIX dblp: <https://dblp.org/rdf/schema#>

CONSTRUCT { ?paper dblp:title ?title }
WHERE {
  ?paper dblp:title ?title .
}
LIMIT 1000000

2026-09-29 04:54:58.965 - INFO: Requested media types of the result are: "text/turtle"
2026-09-29 04:54:58.965 - INFO: Query planning done in 0 ms
2026-09-29 04:54:58.965 - INFO: Result has unknown size (not computed yet)
2026-09-29 04:55:01.543 - INFO: Done processing query and sending result, total time was 2,578 ms
2026-09-29 04:55:20.017 - INFO: 
2026-09-29 04:55:20.017 - INFO: Request received via GET, no content type specified
2026-09-29 04:55:20.017 - INFO: Processing command "clear-cache": clear the cache (unpinned elements only)
2026-09-29 04:55:20.053 - INFO: 
2026-09-29 04:55:20.053 - INFO: Request received via POST, content type "application/x-www-form-urlencoded"
2026-09-29 04:55:20.053 - INFO: Processing the following SPARQL query:
# Tier H-vocab — title literals, 1,000,000 rows (10x H-vocab-title-large)
# Goal: the H-vocab-title-large shape with a response long enough (several
# seconds warm) for a timing verdict on the per-literal formatting cost.
PREFIX dblp: <https://dblp.org/rdf/schema#>

CONSTRUCT { ?paper dblp:title ?title }
WHERE {
  ?paper dblp:title ?title .
}
LIMIT 1000000

2026-09-29 04:55:20.053 - INFO: Requested media types of the result are: "text/turtle"
2026-09-29 04:55:20.053 - INFO: Query planning done in 0 ms
2026-09-29 04:55:20.054 - INFO: Result has unknown size (not computed yet)
2026-09-29 04:55:22.787 - INFO: Done processing query and sending result, total time was 2,733 ms
2026-09-29 04:55:22.807 - INFO: 
2026-09-29 04:55:22.807 - INFO: Request received via GET, no content type specified
2026-09-29 04:55:22.807 - INFO: Processing command "clear-cache": clear the cache (unpinned elements only)
2026-09-29 04:55:22.825 - INFO: 
2026-09-29 04:55:22.825 - INFO: Request received via POST, content type "application/x-www-form-urlencoded"
2026-09-29 04:55:22.826 - INFO: Processing the following SPARQL query:
# Tier H-vocab — title literals, 1,000,000 rows (10x H-vocab-title-large)
# Goal: the H-vocab-title-large shape with a response long enough (several
# seconds warm) for a timing verdict on the per-literal formatting cost.
PREFIX dblp: <https://dblp.org/rdf/schema#>

CONSTRUCT { ?paper dblp:title ?title }
WHERE {
  ?paper dblp:title ?title .
}
LIMIT 1000000

2026-09-29 04:55:22.826 - INFO: Requested media types of the result are: "text/turtle"
2026-09-29 04:55:22.826 - INFO: Query planning done in 0 ms
2026-09-29 04:55:22.826 - INFO: Result has unknown size (not computed yet)
2026-09-29 04:55:25.628 - INFO: Done processing query and sending result, total time was 2,802 ms
2026-09-29 04:55:43.071 - INFO: 
2026-09-29 04:55:43.071 - INFO: Request received via GET, no content type specified
2026-09-29 04:55:43.071 - INFO: Processing command "clear-cache": clear the cache (unpinned elements only)
2026-09-29 04:55:43.089 - INFO: 
2026-09-29 04:55:43.089 - INFO: Request received via POST, content type "application/x-www-form-urlencoded"
2026-09-29 04:55:43.089 - INFO: Processing the following SPARQL query:
# Tier H — size-sweep
# Goal: isolate export cost from query-planning cost. Raise the year bound
# across runs, for example 1970, 1990, 2010, and 2023.
PREFIX dblp: <https://dblp.org/rdf/schema#>

CONSTRUCT { ?s ?p ?o }
WHERE {
  ?s a dblp:Publication ;
     dblp:yearOfPublication ?year ;
     ?p ?o .
  FILTER(?year <= "1970"^^<http://www.w3.org/2001/XMLSchema#gYear>)
}

2026-09-29 04:55:43.089 - INFO: Requested media types of the result are: "text/turtle"
2026-09-29 04:55:43.091 - INFO: Query planning done in 2 ms
2026-09-29 04:55:43.106 - INFO: Result has unknown size (not computed yet)
2026-09-29 04:55:43.658 - INFO: Done processing query and sending result, total time was 569 ms
2026-09-29 04:55:57.660 - INFO: 
2026-09-29 04:55:57.660 - INFO: Request received via GET, no content type specified
2026-09-29 04:55:57.660 - INFO: Processing command "clear-cache": clear the cache (unpinned elements only)
2026-09-29 04:55:57.679 - INFO: 
2026-09-29 04:55:57.679 - INFO: Request received via POST, content type "application/x-www-form-urlencoded"
2026-09-29 04:55:57.679 - INFO: Processing the following SPARQL query:
# Tier H — size-sweep
# Goal: isolate export cost from query-planning cost. Raise the year bound
# across runs, for example 1970, 1990, 2010, and 2023.
PREFIX dblp: <https://dblp.org/rdf/schema#>

CONSTRUCT { ?s ?p ?o }
WHERE {
  ?s a dblp:Publication ;
     dblp:yearOfPublication ?year ;
     ?p ?o .
  FILTER(?year <= "1970"^^<http://www.w3.org/2001/XMLSchema#gYear>)
}

2026-09-29 04:55:57.679 - INFO: Requested media types of the result are: "text/turtle"
2026-09-29 04:55:57.680 - INFO: Query planning done in 1 ms
2026-09-29 04:55:57.696 - INFO: Result has unknown size (not computed yet)
2026-09-29 04:55:58.252 - INFO: Done processing query and sending result, total time was 573 ms
2026-09-29 04:55:58.271 - INFO: 
2026-09-29 04:55:58.271 - INFO: Request received via GET, no content type specified
2026-09-29 04:55:58.271 - INFO: Processing command "clear-cache": clear the cache (unpinned elements only)
2026-09-29 04:55:58.288 - INFO: 
2026-09-29 04:55:58.289 - INFO: Request received via POST, content type "application/x-www-form-urlencoded"
2026-09-29 04:55:58.289 - INFO: Processing the following SPARQL query:
# Tier H — size-sweep
# Goal: isolate export cost from query-planning cost. Raise the year bound
# across runs, for example 1970, 1990, 2010, and 2023.
PREFIX dblp: <https://dblp.org/rdf/schema#>

CONSTRUCT { ?s ?p ?o }
WHERE {
  ?s a dblp:Publication ;
     dblp:yearOfPublication ?year ;
     ?p ?o .
  FILTER(?year <= "1970"^^<http://www.w3.org/2001/XMLSchema#gYear>)
}

2026-09-29 04:55:58.289 - INFO: Requested media types of the result are: "text/turtle"
2026-09-29 04:55:58.290 - INFO: Query planning done in 1 ms
2026-09-29 04:55:58.306 - INFO: Result has unknown size (not computed yet)
2026-09-29 04:55:58.858 - INFO: Done processing query and sending result, total time was 569 ms
2026-09-29 04:55:58.877 - INFO: 
2026-09-29 04:55:58.877 - INFO: Request received via GET, no content type specified
2026-09-29 04:55:58.877 - INFO: Processing command "clear-cache": clear the cache (unpinned elements only)
2026-09-29 04:55:58.895 - INFO: 
2026-09-29 04:55:58.895 - INFO: Request received via POST, content type "application/x-www-form-urlencoded"
2026-09-29 04:55:58.895 - INFO: Processing the following SPARQL query:
# Tier H — size-sweep
# Goal: isolate export cost from query-planning cost. Raise the year bound
# across runs, for example 1970, 1990, 2010, and 2023.
PREFIX dblp: <https://dblp.org/rdf/schema#>

CONSTRUCT { ?s ?p ?o }
WHERE {
  ?s a dblp:Publication ;
     dblp:yearOfPublication ?year ;
     ?p ?o .
  FILTER(?year <= "1970"^^<http://www.w3.org/2001/XMLSchema#gYear>)
}

2026-09-29 04:55:58.895 - INFO: Requested media types of the result are: "text/turtle"
2026-09-29 04:55:58.896 - INFO: Query planning done in 1 ms
2026-09-29 04:55:58.912 - INFO: Result has unknown size (not computed yet)
2026-09-29 04:55:59.464 - INFO: Done processing query and sending result, total time was 569 ms
2026-09-29 04:55:59.483 - INFO: 
2026-09-29 04:55:59.483 - INFO: Request received via GET, no content type specified
2026-09-29 04:55:59.483 - INFO: Processing command "clear-cache": clear the cache (unpinned elements only)
2026-09-29 04:55:59.500 - INFO: 
2026-09-29 04:55:59.500 - INFO: Request received via POST, content type "application/x-www-form-urlencoded"
2026-09-29 04:55:59.501 - INFO: Processing the following SPARQL query:
# Tier H — size-sweep
# Goal: isolate export cost from query-planning cost. Raise the year bound
# across runs, for example 1970, 1990, 2010, and 2023.
PREFIX dblp: <https://dblp.org/rdf/schema#>

CONSTRUCT { ?s ?p ?o }
WHERE {
  ?s a dblp:Publication ;
     dblp:yearOfPublication ?year ;
     ?p ?o .
  FILTER(?year <= "1970"^^<http://www.w3.org/2001/XMLSchema#gYear>)
}

2026-09-29 04:55:59.501 - INFO: Requested media types of the result are: "text/turtle"
2026-09-29 04:55:59.502 - INFO: Query planning done in 1 ms
2026-09-29 04:55:59.517 - INFO: Result has unknown size (not computed yet)
2026-09-29 04:56:00.070 - INFO: Done processing query and sending result, total time was 569 ms
2026-09-29 04:56:00.089 - INFO: 
2026-09-29 04:56:00.089 - INFO: Request received via GET, no content type specified
2026-09-29 04:56:00.089 - INFO: Processing command "clear-cache": clear the cache (unpinned elements only)
2026-09-29 04:56:00.107 - INFO: 
2026-09-29 04:56:00.107 - INFO: Request received via POST, content type "application/x-www-form-urlencoded"
2026-09-29 04:56:00.107 - INFO: Processing the following SPARQL query:
# Tier H — size-sweep
# Goal: isolate export cost from query-planning cost. Raise the year bound
# across runs, for example 1970, 1990, 2010, and 2023.
PREFIX dblp: <https://dblp.org/rdf/schema#>

CONSTRUCT { ?s ?p ?o }
WHERE {
  ?s a dblp:Publication ;
     dblp:yearOfPublication ?year ;
     ?p ?o .
  FILTER(?year <= "1970"^^<http://www.w3.org/2001/XMLSchema#gYear>)
}

2026-09-29 04:56:00.107 - INFO: Requested media types of the result are: "text/turtle"
2026-09-29 04:56:00.108 - INFO: Query planning done in 1 ms
2026-09-29 04:56:00.123 - INFO: Result has unknown size (not computed yet)
2026-09-29 04:56:00.674 - INFO: Done processing query and sending result, total time was 567 ms
2026-09-29 04:56:00.693 - INFO: 
2026-09-29 04:56:00.693 - INFO: Request received via GET, no content type specified
2026-09-29 04:56:00.693 - INFO: Processing command "clear-cache": clear the cache (unpinned elements only)
2026-09-29 04:56:00.711 - INFO: 
2026-09-29 04:56:00.711 - INFO: Request received via POST, content type "application/x-www-form-urlencoded"
2026-09-29 04:56:00.711 - INFO: Processing the following SPARQL query:
# Tier H — size-sweep
# Goal: isolate export cost from query-planning cost. Raise the year bound
# across runs, for example 1970, 1990, 2010, and 2023.
PREFIX dblp: <https://dblp.org/rdf/schema#>

CONSTRUCT { ?s ?p ?o }
WHERE {
  ?s a dblp:Publication ;
     dblp:yearOfPublication ?year ;
     ?p ?o .
  FILTER(?year <= "1970"^^<http://www.w3.org/2001/XMLSchema#gYear>)
}

2026-09-29 04:56:00.711 - INFO: Requested media types of the result are: "text/turtle"
2026-09-29 04:56:00.712 - INFO: Query planning done in 1 ms
2026-09-29 04:56:00.733 - INFO: Result has unknown size (not computed yet)
2026-09-29 04:56:01.285 - INFO: Done processing query and sending result, total time was 574 ms
2026-09-29 04:56:01.304 - INFO: 
2026-09-29 04:56:01.304 - INFO: Request received via GET, no content type specified
2026-09-29 04:56:01.304 - INFO: Processing command "clear-cache": clear the cache (unpinned elements only)
2026-09-29 04:56:01.322 - INFO: 
2026-09-29 04:56:01.322 - INFO: Request received via POST, content type "application/x-www-form-urlencoded"
2026-09-29 04:56:01.322 - INFO: Processing the following SPARQL query:
# Tier H — size-sweep
# Goal: isolate export cost from query-planning cost. Raise the year bound
# across runs, for example 1970, 1990, 2010, and 2023.
PREFIX dblp: <https://dblp.org/rdf/schema#>

CONSTRUCT { ?s ?p ?o }
WHERE {
  ?s a dblp:Publication ;
     dblp:yearOfPublication ?year ;
     ?p ?o .
  FILTER(?year <= "1970"^^<http://www.w3.org/2001/XMLSchema#gYear>)
}

2026-09-29 04:56:01.322 - INFO: Requested media types of the result are: "text/turtle"
2026-09-29 04:56:01.323 - INFO: Query planning done in 1 ms
2026-09-29 04:56:01.344 - INFO: Result has unknown size (not computed yet)
2026-09-29 04:56:01.898 - INFO: Done processing query and sending result, total time was 575 ms
2026-09-29 04:56:01.916 - INFO: 
2026-09-29 04:56:01.916 - INFO: Request received via GET, no content type specified
2026-09-29 04:56:01.916 - INFO: Processing command "clear-cache": clear the cache (unpinned elements only)
2026-09-29 04:56:01.934 - INFO: 
2026-09-29 04:56:01.934 - INFO: Request received via POST, content type "application/x-www-form-urlencoded"
2026-09-29 04:56:01.935 - INFO: Processing the following SPARQL query:
# Tier H — size-sweep
# Goal: isolate export cost from query-planning cost. Raise the year bound
# across runs, for example 1970, 1990, 2010, and 2023.
PREFIX dblp: <https://dblp.org/rdf/schema#>

CONSTRUCT { ?s ?p ?o }
WHERE {
  ?s a dblp:Publication ;
     dblp:yearOfPublication ?year ;
     ?p ?o .
  FILTER(?year <= "1970"^^<http://www.w3.org/2001/XMLSchema#gYear>)
}

2026-09-29 04:56:01.935 - INFO: Requested media types of the result are: "text/turtle"
2026-09-29 04:56:01.936 - INFO: Query planning done in 1 ms
2026-09-29 04:56:01.957 - INFO: Result has unknown size (not computed yet)
2026-09-29 04:56:02.510 - INFO: Done processing query and sending result, total time was 575 ms
2026-09-29 04:56:02.529 - INFO: 
2026-09-29 04:56:02.529 - INFO: Request received via GET, no content type specified
2026-09-29 04:56:02.529 - INFO: Processing command "clear-cache": clear the cache (unpinned elements only)
2026-09-29 04:56:02.547 - INFO: 
2026-09-29 04:56:02.547 - INFO: Request received via POST, content type "application/x-www-form-urlencoded"
2026-09-29 04:56:02.547 - INFO: Processing the following SPARQL query:
# Tier H — size-sweep
# Goal: isolate export cost from query-planning cost. Raise the year bound
# across runs, for example 1970, 1990, 2010, and 2023.
PREFIX dblp: <https://dblp.org/rdf/schema#>

CONSTRUCT { ?s ?p ?o }
WHERE {
  ?s a dblp:Publication ;
     dblp:yearOfPublication ?year ;
     ?p ?o .
  FILTER(?year <= "1970"^^<http://www.w3.org/2001/XMLSchema#gYear>)
}

2026-09-29 04:56:02.547 - INFO: Requested media types of the result are: "text/turtle"
2026-09-29 04:56:02.548 - INFO: Query planning done in 1 ms
2026-09-29 04:56:02.571 - INFO: Result has unknown size (not computed yet)
2026-09-29 04:56:03.104 - INFO: Done processing query and sending result, total time was 557 ms
2026-09-29 04:56:03.123 - INFO: 
2026-09-29 04:56:03.123 - INFO: Request received via GET, no content type specified
2026-09-29 04:56:03.123 - INFO: Processing command "clear-cache": clear the cache (unpinned elements only)
2026-09-29 04:56:03.141 - INFO: 
2026-09-29 04:56:03.141 - INFO: Request received via POST, content type "application/x-www-form-urlencoded"
2026-09-29 04:56:03.141 - INFO: Processing the following SPARQL query:
# Tier H — size-sweep
# Goal: isolate export cost from query-planning cost. Raise the year bound
# across runs, for example 1970, 1990, 2010, and 2023.
PREFIX dblp: <https://dblp.org/rdf/schema#>

CONSTRUCT { ?s ?p ?o }
WHERE {
  ?s a dblp:Publication ;
     dblp:yearOfPublication ?year ;
     ?p ?o .
  FILTER(?year <= "1970"^^<http://www.w3.org/2001/XMLSchema#gYear>)
}

2026-09-29 04:56:03.141 - INFO: Requested media types of the result are: "text/turtle"
2026-09-29 04:56:03.142 - INFO: Query planning done in 1 ms
2026-09-29 04:56:03.165 - INFO: Result has unknown size (not computed yet)
2026-09-29 04:56:03.695 - INFO: Done processing query and sending result, total time was 553 ms
2026-09-29 04:56:03.713 - INFO: 
2026-09-29 04:56:03.713 - INFO: Request received via GET, no content type specified
2026-09-29 04:56:03.714 - INFO: Processing command "clear-cache": clear the cache (unpinned elements only)
2026-09-29 04:56:03.731 - INFO: 
2026-09-29 04:56:03.731 - INFO: Request received via POST, content type "application/x-www-form-urlencoded"
2026-09-29 04:56:03.732 - INFO: Processing the following SPARQL query:
# Tier H — size-sweep
# Goal: isolate export cost from query-planning cost. Raise the year bound
# across runs, for example 1970, 1990, 2010, and 2023.
PREFIX dblp: <https://dblp.org/rdf/schema#>

CONSTRUCT { ?s ?p ?o }
WHERE {
  ?s a dblp:Publication ;
     dblp:yearOfPublication ?year ;
     ?p ?o .
  FILTER(?year <= "1970"^^<http://www.w3.org/2001/XMLSchema#gYear>)
}

2026-09-29 04:56:03.732 - INFO: Requested media types of the result are: "text/turtle"
2026-09-29 04:56:03.733 - INFO: Query planning done in 1 ms
2026-09-29 04:56:03.755 - INFO: Result has unknown size (not computed yet)
2026-09-29 04:56:04.289 - INFO: Done processing query and sending result, total time was 557 ms
2026-09-29 04:56:04.308 - INFO: 
2026-09-29 04:56:04.308 - INFO: Request received via GET, no content type specified
2026-09-29 04:56:04.308 - INFO: Processing command "clear-cache": clear the cache (unpinned elements only)
2026-09-29 04:56:04.335 - INFO: 
2026-09-29 04:56:04.335 - INFO: Request received via POST, content type "application/x-www-form-urlencoded"
2026-09-29 04:56:04.335 - INFO: Processing the following SPARQL query:
# Tier H — size-sweep
# Goal: isolate export cost from query-planning cost. Raise the year bound
# across runs, for example 1970, 1990, 2010, and 2023.
PREFIX dblp: <https://dblp.org/rdf/schema#>

CONSTRUCT { ?s ?p ?o }
WHERE {
  ?s a dblp:Publication ;
     dblp:yearOfPublication ?year ;
     ?p ?o .
  FILTER(?year <= "1970"^^<http://www.w3.org/2001/XMLSchema#gYear>)
}

2026-09-29 04:56:04.335 - INFO: Requested media types of the result are: "text/turtle"
2026-09-29 04:56:04.336 - INFO: Query planning done in 1 ms
2026-09-29 04:56:04.358 - INFO: Result has unknown size (not computed yet)
2026-09-29 04:56:04.891 - INFO: Done processing query and sending result, total time was 556 ms
2026-09-29 04:56:04.910 - INFO: 
2026-09-29 04:56:04.910 - INFO: Request received via GET, no content type specified
2026-09-29 04:56:04.910 - INFO: Processing command "clear-cache": clear the cache (unpinned elements only)
2026-09-29 04:56:04.928 - INFO: 
2026-09-29 04:56:04.928 - INFO: Request received via POST, content type "application/x-www-form-urlencoded"
2026-09-29 04:56:04.929 - INFO: Processing the following SPARQL query:
# Tier H — size-sweep
# Goal: isolate export cost from query-planning cost. Raise the year bound
# across runs, for example 1970, 1990, 2010, and 2023.
PREFIX dblp: <https://dblp.org/rdf/schema#>

CONSTRUCT { ?s ?p ?o }
WHERE {
  ?s a dblp:Publication ;
     dblp:yearOfPublication ?year ;
     ?p ?o .
  FILTER(?year <= "1970"^^<http://www.w3.org/2001/XMLSchema#gYear>)
}

2026-09-29 04:56:04.929 - INFO: Requested media types of the result are: "text/turtle"
2026-09-29 04:56:04.930 - INFO: Query planning done in 1 ms
2026-09-29 04:56:04.952 - INFO: Result has unknown size (not computed yet)
2026-09-29 04:56:05.502 - INFO: Done processing query and sending result, total time was 573 ms
2026-09-29 04:56:05.521 - INFO: 
2026-09-29 04:56:05.521 - INFO: Request received via GET, no content type specified
2026-09-29 04:56:05.521 - INFO: Processing command "clear-cache": clear the cache (unpinned elements only)
2026-09-29 04:56:05.538 - INFO: 
2026-09-29 04:56:05.538 - INFO: Request received via POST, content type "application/x-www-form-urlencoded"
2026-09-29 04:56:05.539 - INFO: Processing the following SPARQL query:
# Tier H — size-sweep
# Goal: isolate export cost from query-planning cost. Raise the year bound
# across runs, for example 1970, 1990, 2010, and 2023.
PREFIX dblp: <https://dblp.org/rdf/schema#>

CONSTRUCT { ?s ?p ?o }
WHERE {
  ?s a dblp:Publication ;
     dblp:yearOfPublication ?year ;
     ?p ?o .
  FILTER(?year <= "1970"^^<http://www.w3.org/2001/XMLSchema#gYear>)
}

2026-09-29 04:56:05.539 - INFO: Requested media types of the result are: "text/turtle"
2026-09-29 04:56:05.540 - INFO: Query planning done in 1 ms
2026-09-29 04:56:05.560 - INFO: Result has unknown size (not computed yet)
2026-09-29 04:56:06.113 - INFO: Done processing query and sending result, total time was 574 ms
2026-09-29 04:56:06.132 - INFO: 
2026-09-29 04:56:06.132 - INFO: Request received via GET, no content type specified
2026-09-29 04:56:06.132 - INFO: Processing command "clear-cache": clear the cache (unpinned elements only)
2026-09-29 04:56:06.150 - INFO: 
2026-09-29 04:56:06.150 - INFO: Request received via POST, content type "application/x-www-form-urlencoded"
2026-09-29 04:56:06.150 - INFO: Processing the following SPARQL query:
# Tier H — size-sweep
# Goal: isolate export cost from query-planning cost. Raise the year bound
# across runs, for example 1970, 1990, 2010, and 2023.
PREFIX dblp: <https://dblp.org/rdf/schema#>

CONSTRUCT { ?s ?p ?o }
WHERE {
  ?s a dblp:Publication ;
     dblp:yearOfPublication ?year ;
     ?p ?o .
  FILTER(?year <= "1970"^^<http://www.w3.org/2001/XMLSchema#gYear>)
}

2026-09-29 04:56:06.150 - INFO: Requested media types of the result are: "text/turtle"
2026-09-29 04:56:06.151 - INFO: Query planning done in 1 ms
2026-09-29 04:56:06.173 - INFO: Result has unknown size (not computed yet)
2026-09-29 04:56:06.721 - INFO: Done processing query and sending result, total time was 571 ms
2026-09-29 04:56:06.740 - INFO: 
2026-09-29 04:56:06.740 - INFO: Request received via GET, no content type specified
2026-09-29 04:56:06.740 - INFO: Processing command "clear-cache": clear the cache (unpinned elements only)
2026-09-29 04:56:06.758 - INFO: 
2026-09-29 04:56:06.758 - INFO: Request received via POST, content type "application/x-www-form-urlencoded"
2026-09-29 04:56:06.758 - INFO: Processing the following SPARQL query:
# Tier H — size-sweep
# Goal: isolate export cost from query-planning cost. Raise the year bound
# across runs, for example 1970, 1990, 2010, and 2023.
PREFIX dblp: <https://dblp.org/rdf/schema#>

CONSTRUCT { ?s ?p ?o }
WHERE {
  ?s a dblp:Publication ;
     dblp:yearOfPublication ?year ;
     ?p ?o .
  FILTER(?year <= "1970"^^<http://www.w3.org/2001/XMLSchema#gYear>)
}

2026-09-29 04:56:06.758 - INFO: Requested media types of the result are: "text/turtle"
2026-09-29 04:56:06.759 - INFO: Query planning done in 1 ms
2026-09-29 04:56:06.782 - INFO: Result has unknown size (not computed yet)
2026-09-29 04:56:07.316 - INFO: Done processing query and sending result, total time was 557 ms
2026-09-29 04:56:07.334 - INFO: 
2026-09-29 04:56:07.335 - INFO: Request received via GET, no content type specified
2026-09-29 04:56:07.335 - INFO: Processing command "clear-cache": clear the cache (unpinned elements only)
2026-09-29 04:56:07.352 - INFO: 
2026-09-29 04:56:07.352 - INFO: Request received via POST, content type "application/x-www-form-urlencoded"
2026-09-29 04:56:07.353 - INFO: Processing the following SPARQL query:
# Tier H — size-sweep
# Goal: isolate export cost from query-planning cost. Raise the year bound
# across runs, for example 1970, 1990, 2010, and 2023.
PREFIX dblp: <https://dblp.org/rdf/schema#>

CONSTRUCT { ?s ?p ?o }
WHERE {
  ?s a dblp:Publication ;
     dblp:yearOfPublication ?year ;
     ?p ?o .
  FILTER(?year <= "1970"^^<http://www.w3.org/2001/XMLSchema#gYear>)
}

2026-09-29 04:56:07.353 - INFO: Requested media types of the result are: "text/turtle"
2026-09-29 04:56:07.354 - INFO: Query planning done in 1 ms
2026-09-29 04:56:07.376 - INFO: Result has unknown size (not computed yet)
2026-09-29 04:56:07.909 - INFO: Done processing query and sending result, total time was 556 ms
2026-09-29 04:56:07.927 - INFO: 
2026-09-29 04:56:07.927 - INFO: Request received via GET, no content type specified
2026-09-29 04:56:07.927 - INFO: Processing command "clear-cache": clear the cache (unpinned elements only)
2026-09-29 04:56:07.945 - INFO: 
2026-09-29 04:56:07.945 - INFO: Request received via POST, content type "application/x-www-form-urlencoded"
2026-09-29 04:56:07.946 - INFO: Processing the following SPARQL query:
# Tier H — size-sweep
# Goal: isolate export cost from query-planning cost. Raise the year bound
# across runs, for example 1970, 1990, 2010, and 2023.
PREFIX dblp: <https://dblp.org/rdf/schema#>

CONSTRUCT { ?s ?p ?o }
WHERE {
  ?s a dblp:Publication ;
     dblp:yearOfPublication ?year ;
     ?p ?o .
  FILTER(?year <= "1970"^^<http://www.w3.org/2001/XMLSchema#gYear>)
}

2026-09-29 04:56:07.946 - INFO: Requested media types of the result are: "text/turtle"
2026-09-29 04:56:07.947 - INFO: Query planning done in 1 ms
2026-09-29 04:56:07.969 - INFO: Result has unknown size (not computed yet)
2026-09-29 04:56:08.497 - INFO: Done processing query and sending result, total time was 551 ms
2026-09-29 04:56:30.095 - INFO: 
2026-09-29 04:56:30.095 - INFO: Request received via GET, no content type specified
2026-09-29 04:56:30.095 - INFO: Processing command "clear-cache": clear the cache (unpinned elements only)
2026-09-29 04:56:30.113 - INFO: 
2026-09-29 04:56:30.113 - INFO: Request received via POST, content type "application/x-www-form-urlencoded"
2026-09-29 04:56:30.113 - INFO: Processing the following SPARQL query:
# Tier H — size-sweep
# Goal: isolate export cost from query-planning cost. Raise the year bound
# across runs, for example 1970, 1990, 2010, and 2023.
PREFIX dblp: <https://dblp.org/rdf/schema#>

CONSTRUCT { ?s ?p ?o }
WHERE {
  ?s a dblp:Publication ;
     dblp:yearOfPublication ?year ;
     ?p ?o .
  FILTER(?year <= "1970"^^<http://www.w3.org/2001/XMLSchema#gYear>)
}

2026-09-29 04:56:30.113 - INFO: Requested media types of the result are: "text/turtle"
2026-09-29 04:56:30.114 - INFO: Query planning done in 1 ms
2026-09-29 04:56:30.136 - INFO: Result has unknown size (not computed yet)
2026-09-29 04:56:30.699 - INFO: Done processing query and sending result, total time was 585 ms
2026-09-29 04:56:30.718 - INFO: 
2026-09-29 04:56:30.718 - INFO: Request received via GET, no content type specified
2026-09-29 04:56:30.718 - INFO: Processing command "clear-cache": clear the cache (unpinned elements only)
2026-09-29 04:56:30.736 - INFO: 
2026-09-29 04:56:30.736 - INFO: Request received via POST, content type "application/x-www-form-urlencoded"
2026-09-29 04:56:30.736 - INFO: Processing the following SPARQL query:
# Tier H — size-sweep
# Goal: isolate export cost from query-planning cost. Raise the year bound
# across runs, for example 1970, 1990, 2010, and 2023.
PREFIX dblp: <https://dblp.org/rdf/schema#>

CONSTRUCT { ?s ?p ?o }
WHERE {
  ?s a dblp:Publication ;
     dblp:yearOfPublication ?year ;
     ?p ?o .
  FILTER(?year <= "1970"^^<http://www.w3.org/2001/XMLSchema#gYear>)
}

2026-09-29 04:56:30.736 - INFO: Requested media types of the result are: "text/turtle"
2026-09-29 04:56:30.737 - INFO: Query planning done in 1 ms
2026-09-29 04:56:30.759 - INFO: Result has unknown size (not computed yet)
2026-09-29 04:56:31.314 - INFO: Done processing query and sending result, total time was 577 ms
2026-09-29 04:56:31.333 - INFO: 
2026-09-29 04:56:31.333 - INFO: Request received via GET, no content type specified
2026-09-29 04:56:31.333 - INFO: Processing command "clear-cache": clear the cache (unpinned elements only)
2026-09-29 04:56:31.357 - INFO: 
2026-09-29 04:56:31.357 - INFO: Request received via POST, content type "application/x-www-form-urlencoded"
2026-09-29 04:56:31.357 - INFO: Processing the following SPARQL query:
# Tier H — size-sweep
# Goal: isolate export cost from query-planning cost. Raise the year bound
# across runs, for example 1970, 1990, 2010, and 2023.
PREFIX dblp: <https://dblp.org/rdf/schema#>

CONSTRUCT { ?s ?p ?o }
WHERE {
  ?s a dblp:Publication ;
     dblp:yearOfPublication ?year ;
     ?p ?o .
  FILTER(?year <= "1970"^^<http://www.w3.org/2001/XMLSchema#gYear>)
}

2026-09-29 04:56:31.357 - INFO: Requested media types of the result are: "text/turtle"
2026-09-29 04:56:31.358 - INFO: Query planning done in 1 ms
2026-09-29 04:56:31.379 - INFO: Result has unknown size (not computed yet)
2026-09-29 04:56:31.932 - INFO: Done processing query and sending result, total time was 575 ms
2026-09-29 04:56:31.951 - INFO: 
2026-09-29 04:56:31.951 - INFO: Request received via GET, no content type specified
2026-09-29 04:56:31.951 - INFO: Processing command "clear-cache": clear the cache (unpinned elements only)
2026-09-29 04:56:31.969 - INFO: 
2026-09-29 04:56:31.969 - INFO: Request received via POST, content type "application/x-www-form-urlencoded"
2026-09-29 04:56:31.970 - INFO: Processing the following SPARQL query:
# Tier H — size-sweep
# Goal: isolate export cost from query-planning cost. Raise the year bound
# across runs, for example 1970, 1990, 2010, and 2023.
PREFIX dblp: <https://dblp.org/rdf/schema#>

CONSTRUCT { ?s ?p ?o }
WHERE {
  ?s a dblp:Publication ;
     dblp:yearOfPublication ?year ;
     ?p ?o .
  FILTER(?year <= "1970"^^<http://www.w3.org/2001/XMLSchema#gYear>)
}

2026-09-29 04:56:31.970 - INFO: Requested media types of the result are: "text/turtle"
2026-09-29 04:56:31.971 - INFO: Query planning done in 1 ms
2026-09-29 04:56:31.992 - INFO: Result has unknown size (not computed yet)
2026-09-29 04:56:32.546 - INFO: Done processing query and sending result, total time was 576 ms
2026-09-29 04:56:32.565 - INFO: 
2026-09-29 04:56:32.565 - INFO: Request received via GET, no content type specified
2026-09-29 04:56:32.565 - INFO: Processing command "clear-cache": clear the cache (unpinned elements only)
2026-09-29 04:56:32.583 - INFO: 
2026-09-29 04:56:32.583 - INFO: Request received via POST, content type "application/x-www-form-urlencoded"
2026-09-29 04:56:32.583 - INFO: Processing the following SPARQL query:
# Tier H — size-sweep
# Goal: isolate export cost from query-planning cost. Raise the year bound
# across runs, for example 1970, 1990, 2010, and 2023.
PREFIX dblp: <https://dblp.org/rdf/schema#>

CONSTRUCT { ?s ?p ?o }
WHERE {
  ?s a dblp:Publication ;
     dblp:yearOfPublication ?year ;
     ?p ?o .
  FILTER(?year <= "1970"^^<http://www.w3.org/2001/XMLSchema#gYear>)
}

2026-09-29 04:56:32.583 - INFO: Requested media types of the result are: "text/turtle"
2026-09-29 04:56:32.584 - INFO: Query planning done in 1 ms
2026-09-29 04:56:32.607 - INFO: Result has unknown size (not computed yet)
2026-09-29 04:56:33.147 - INFO: Done processing query and sending result, total time was 564 ms
2026-09-29 04:56:33.166 - INFO: 
2026-09-29 04:56:33.166 - INFO: Request received via GET, no content type specified
2026-09-29 04:56:33.166 - INFO: Processing command "clear-cache": clear the cache (unpinned elements only)
2026-09-29 04:56:33.184 - INFO: 
2026-09-29 04:56:33.184 - INFO: Request received via POST, content type "application/x-www-form-urlencoded"
2026-09-29 04:56:33.185 - INFO: Processing the following SPARQL query:
# Tier H — size-sweep
# Goal: isolate export cost from query-planning cost. Raise the year bound
# across runs, for example 1970, 1990, 2010, and 2023.
PREFIX dblp: <https://dblp.org/rdf/schema#>

CONSTRUCT { ?s ?p ?o }
WHERE {
  ?s a dblp:Publication ;
     dblp:yearOfPublication ?year ;
     ?p ?o .
  FILTER(?year <= "1970"^^<http://www.w3.org/2001/XMLSchema#gYear>)
}

2026-09-29 04:56:33.185 - INFO: Requested media types of the result are: "text/turtle"
2026-09-29 04:56:33.186 - INFO: Query planning done in 1 ms
2026-09-29 04:56:33.208 - INFO: Result has unknown size (not computed yet)
2026-09-29 04:56:33.739 - INFO: Done processing query and sending result, total time was 554 ms
2026-09-29 04:56:33.758 - INFO: 
2026-09-29 04:56:33.758 - INFO: Request received via GET, no content type specified
2026-09-29 04:56:33.758 - INFO: Processing command "clear-cache": clear the cache (unpinned elements only)
2026-09-29 04:56:33.776 - INFO: 
2026-09-29 04:56:33.776 - INFO: Request received via POST, content type "application/x-www-form-urlencoded"
2026-09-29 04:56:33.776 - INFO: Processing the following SPARQL query:
# Tier H — size-sweep
# Goal: isolate export cost from query-planning cost. Raise the year bound
# across runs, for example 1970, 1990, 2010, and 2023.
PREFIX dblp: <https://dblp.org/rdf/schema#>

CONSTRUCT { ?s ?p ?o }
WHERE {
  ?s a dblp:Publication ;
     dblp:yearOfPublication ?year ;
     ?p ?o .
  FILTER(?year <= "1970"^^<http://www.w3.org/2001/XMLSchema#gYear>)
}

2026-09-29 04:56:33.776 - INFO: Requested media types of the result are: "text/turtle"
2026-09-29 04:56:33.777 - INFO: Query planning done in 1 ms
2026-09-29 04:56:33.799 - INFO: Result has unknown size (not computed yet)
2026-09-29 04:56:34.337 - INFO: Done processing query and sending result, total time was 560 ms
2026-09-29 04:56:34.356 - INFO: 
2026-09-29 04:56:34.356 - INFO: Request received via GET, no content type specified
2026-09-29 04:56:34.356 - INFO: Processing command "clear-cache": clear the cache (unpinned elements only)
2026-09-29 04:56:34.374 - INFO: 
2026-09-29 04:56:34.374 - INFO: Request received via POST, content type "application/x-www-form-urlencoded"
2026-09-29 04:56:34.374 - INFO: Processing the following SPARQL query:
# Tier H — size-sweep
# Goal: isolate export cost from query-planning cost. Raise the year bound
# across runs, for example 1970, 1990, 2010, and 2023.
PREFIX dblp: <https://dblp.org/rdf/schema#>

CONSTRUCT { ?s ?p ?o }
WHERE {
  ?s a dblp:Publication ;
     dblp:yearOfPublication ?year ;
     ?p ?o .
  FILTER(?year <= "1970"^^<http://www.w3.org/2001/XMLSchema#gYear>)
}

2026-09-29 04:56:34.374 - INFO: Requested media types of the result are: "text/turtle"
2026-09-29 04:56:34.375 - INFO: Query planning done in 1 ms
2026-09-29 04:56:34.398 - INFO: Result has unknown size (not computed yet)
2026-09-29 04:56:34.956 - INFO: Done processing query and sending result, total time was 581 ms
2026-09-29 04:56:34.975 - INFO: 
2026-09-29 04:56:34.975 - INFO: Request received via GET, no content type specified
2026-09-29 04:56:34.975 - INFO: Processing command "clear-cache": clear the cache (unpinned elements only)
2026-09-29 04:56:34.993 - INFO: 
2026-09-29 04:56:34.993 - INFO: Request received via POST, content type "application/x-www-form-urlencoded"
2026-09-29 04:56:34.993 - INFO: Processing the following SPARQL query:
# Tier H — size-sweep
# Goal: isolate export cost from query-planning cost. Raise the year bound
# across runs, for example 1970, 1990, 2010, and 2023.
PREFIX dblp: <https://dblp.org/rdf/schema#>

CONSTRUCT { ?s ?p ?o }
WHERE {
  ?s a dblp:Publication ;
     dblp:yearOfPublication ?year ;
     ?p ?o .
  FILTER(?year <= "1970"^^<http://www.w3.org/2001/XMLSchema#gYear>)
}

2026-09-29 04:56:34.993 - INFO: Requested media types of the result are: "text/turtle"
2026-09-29 04:56:34.994 - INFO: Query planning done in 1 ms
2026-09-29 04:56:35.015 - INFO: Result has unknown size (not computed yet)
2026-09-29 04:56:35.568 - INFO: Done processing query and sending result, total time was 575 ms
2026-09-29 04:56:35.587 - INFO: 
2026-09-29 04:56:35.587 - INFO: Request received via GET, no content type specified
2026-09-29 04:56:35.587 - INFO: Processing command "clear-cache": clear the cache (unpinned elements only)
2026-09-29 04:56:35.621 - INFO: 
2026-09-29 04:56:35.621 - INFO: Request received via POST, content type "application/x-www-form-urlencoded"
2026-09-29 04:56:35.621 - INFO: Processing the following SPARQL query:
# Tier H — size-sweep
# Goal: isolate export cost from query-planning cost. Raise the year bound
# across runs, for example 1970, 1990, 2010, and 2023.
PREFIX dblp: <https://dblp.org/rdf/schema#>

CONSTRUCT { ?s ?p ?o }
WHERE {
  ?s a dblp:Publication ;
     dblp:yearOfPublication ?year ;
     ?p ?o .
  FILTER(?year <= "1970"^^<http://www.w3.org/2001/XMLSchema#gYear>)
}

2026-09-29 04:56:35.621 - INFO: Requested media types of the result are: "text/turtle"
2026-09-29 04:56:35.622 - INFO: Query planning done in 1 ms
2026-09-29 04:56:35.637 - INFO: Result has unknown size (not computed yet)
2026-09-29 04:56:36.192 - INFO: Done processing query and sending result, total time was 571 ms
2026-09-29 04:56:36.211 - INFO: 
2026-09-29 04:56:36.211 - INFO: Request received via GET, no content type specified
2026-09-29 04:56:36.211 - INFO: Processing command "clear-cache": clear the cache (unpinned elements only)
2026-09-29 04:56:36.229 - INFO: 
2026-09-29 04:56:36.229 - INFO: Request received via POST, content type "application/x-www-form-urlencoded"
2026-09-29 04:56:36.230 - INFO: Processing the following SPARQL query:
# Tier H — size-sweep
# Goal: isolate export cost from query-planning cost. Raise the year bound
# across runs, for example 1970, 1990, 2010, and 2023.
PREFIX dblp: <https://dblp.org/rdf/schema#>

CONSTRUCT { ?s ?p ?o }
WHERE {
  ?s a dblp:Publication ;
     dblp:yearOfPublication ?year ;
     ?p ?o .
  FILTER(?year <= "1970"^^<http://www.w3.org/2001/XMLSchema#gYear>)
}

2026-09-29 04:56:36.230 - INFO: Requested media types of the result are: "text/turtle"
2026-09-29 04:56:36.231 - INFO: Query planning done in 1 ms
2026-09-29 04:56:36.246 - INFO: Result has unknown size (not computed yet)
2026-09-29 04:56:36.800 - INFO: Done processing query and sending result, total time was 570 ms
2026-09-29 04:56:36.819 - INFO: 
2026-09-29 04:56:36.819 - INFO: Request received via GET, no content type specified
2026-09-29 04:56:36.819 - INFO: Processing command "clear-cache": clear the cache (unpinned elements only)
2026-09-29 04:56:36.837 - INFO: 
2026-09-29 04:56:36.837 - INFO: Request received via POST, content type "application/x-www-form-urlencoded"
2026-09-29 04:56:36.837 - INFO: Processing the following SPARQL query:
# Tier H — size-sweep
# Goal: isolate export cost from query-planning cost. Raise the year bound
# across runs, for example 1970, 1990, 2010, and 2023.
PREFIX dblp: <https://dblp.org/rdf/schema#>

CONSTRUCT { ?s ?p ?o }
WHERE {
  ?s a dblp:Publication ;
     dblp:yearOfPublication ?year ;
     ?p ?o .
  FILTER(?year <= "1970"^^<http://www.w3.org/2001/XMLSchema#gYear>)
}

2026-09-29 04:56:36.837 - INFO: Requested media types of the result are: "text/turtle"
2026-09-29 04:56:36.838 - INFO: Query planning done in 1 ms
2026-09-29 04:56:36.853 - INFO: Result has unknown size (not computed yet)
2026-09-29 04:56:37.406 - INFO: Done processing query and sending result, total time was 569 ms
2026-09-29 04:56:37.426 - INFO: 
2026-09-29 04:56:37.426 - INFO: Request received via GET, no content type specified
2026-09-29 04:56:37.426 - INFO: Processing command "clear-cache": clear the cache (unpinned elements only)
2026-09-29 04:56:37.443 - INFO: 
2026-09-29 04:56:37.443 - INFO: Request received via POST, content type "application/x-www-form-urlencoded"
2026-09-29 04:56:37.444 - INFO: Processing the following SPARQL query:
# Tier H — size-sweep
# Goal: isolate export cost from query-planning cost. Raise the year bound
# across runs, for example 1970, 1990, 2010, and 2023.
PREFIX dblp: <https://dblp.org/rdf/schema#>

CONSTRUCT { ?s ?p ?o }
WHERE {
  ?s a dblp:Publication ;
     dblp:yearOfPublication ?year ;
     ?p ?o .
  FILTER(?year <= "1970"^^<http://www.w3.org/2001/XMLSchema#gYear>)
}

2026-09-29 04:56:37.444 - INFO: Requested media types of the result are: "text/turtle"
2026-09-29 04:56:37.445 - INFO: Query planning done in 1 ms
2026-09-29 04:56:37.460 - INFO: Result has unknown size (not computed yet)
2026-09-29 04:56:38.014 - INFO: Done processing query and sending result, total time was 570 ms
2026-09-29 04:56:38.033 - INFO: 
2026-09-29 04:56:38.033 - INFO: Request received via GET, no content type specified
2026-09-29 04:56:38.033 - INFO: Processing command "clear-cache": clear the cache (unpinned elements only)
2026-09-29 04:56:38.051 - INFO: 
2026-09-29 04:56:38.051 - INFO: Request received via POST, content type "application/x-www-form-urlencoded"
2026-09-29 04:56:38.051 - INFO: Processing the following SPARQL query:
# Tier H — size-sweep
# Goal: isolate export cost from query-planning cost. Raise the year bound
# across runs, for example 1970, 1990, 2010, and 2023.
PREFIX dblp: <https://dblp.org/rdf/schema#>

CONSTRUCT { ?s ?p ?o }
WHERE {
  ?s a dblp:Publication ;
     dblp:yearOfPublication ?year ;
     ?p ?o .
  FILTER(?year <= "1970"^^<http://www.w3.org/2001/XMLSchema#gYear>)
}

2026-09-29 04:56:38.051 - INFO: Requested media types of the result are: "text/turtle"
2026-09-29 04:56:38.052 - INFO: Query planning done in 1 ms
2026-09-29 04:56:38.068 - INFO: Result has unknown size (not computed yet)
2026-09-29 04:56:38.621 - INFO: Done processing query and sending result, total time was 569 ms
2026-09-29 04:56:38.640 - INFO: 
2026-09-29 04:56:38.640 - INFO: Request received via GET, no content type specified
2026-09-29 04:56:38.640 - INFO: Processing command "clear-cache": clear the cache (unpinned elements only)
2026-09-29 04:56:38.659 - INFO: 
2026-09-29 04:56:38.659 - INFO: Request received via POST, content type "application/x-www-form-urlencoded"
2026-09-29 04:56:38.659 - INFO: Processing the following SPARQL query:
# Tier H — size-sweep
# Goal: isolate export cost from query-planning cost. Raise the year bound
# across runs, for example 1970, 1990, 2010, and 2023.
PREFIX dblp: <https://dblp.org/rdf/schema#>

CONSTRUCT { ?s ?p ?o }
WHERE {
  ?s a dblp:Publication ;
     dblp:yearOfPublication ?year ;
     ?p ?o .
  FILTER(?year <= "1970"^^<http://www.w3.org/2001/XMLSchema#gYear>)
}

2026-09-29 04:56:38.659 - INFO: Requested media types of the result are: "text/turtle"
2026-09-29 04:56:38.660 - INFO: Query planning done in 1 ms
2026-09-29 04:56:38.676 - INFO: Result has unknown size (not computed yet)
2026-09-29 04:56:39.229 - INFO: Done processing query and sending result, total time was 569 ms
2026-09-29 04:56:39.248 - INFO: 
2026-09-29 04:56:39.248 - INFO: Request received via GET, no content type specified
2026-09-29 04:56:39.248 - INFO: Processing command "clear-cache": clear the cache (unpinned elements only)
2026-09-29 04:56:39.266 - INFO: 
2026-09-29 04:56:39.266 - INFO: Request received via POST, content type "application/x-www-form-urlencoded"
2026-09-29 04:56:39.266 - INFO: Processing the following SPARQL query:
# Tier H — size-sweep
# Goal: isolate export cost from query-planning cost. Raise the year bound
# across runs, for example 1970, 1990, 2010, and 2023.
PREFIX dblp: <https://dblp.org/rdf/schema#>

CONSTRUCT { ?s ?p ?o }
WHERE {
  ?s a dblp:Publication ;
     dblp:yearOfPublication ?year ;
     ?p ?o .
  FILTER(?year <= "1970"^^<http://www.w3.org/2001/XMLSchema#gYear>)
}

2026-09-29 04:56:39.266 - INFO: Requested media types of the result are: "text/turtle"
2026-09-29 04:56:39.267 - INFO: Query planning done in 1 ms
2026-09-29 04:56:39.283 - INFO: Result has unknown size (not computed yet)
2026-09-29 04:56:39.834 - INFO: Done processing query and sending result, total time was 568 ms
2026-09-29 04:56:39.853 - INFO: 
2026-09-29 04:56:39.853 - INFO: Request received via GET, no content type specified
2026-09-29 04:56:39.853 - INFO: Processing command "clear-cache": clear the cache (unpinned elements only)
2026-09-29 04:56:39.871 - INFO: 
2026-09-29 04:56:39.871 - INFO: Request received via POST, content type "application/x-www-form-urlencoded"
2026-09-29 04:56:39.871 - INFO: Processing the following SPARQL query:
# Tier H — size-sweep
# Goal: isolate export cost from query-planning cost. Raise the year bound
# across runs, for example 1970, 1990, 2010, and 2023.
PREFIX dblp: <https://dblp.org/rdf/schema#>

CONSTRUCT { ?s ?p ?o }
WHERE {
  ?s a dblp:Publication ;
     dblp:yearOfPublication ?year ;
     ?p ?o .
  FILTER(?year <= "1970"^^<http://www.w3.org/2001/XMLSchema#gYear>)
}

2026-09-29 04:56:39.871 - INFO: Requested media types of the result are: "text/turtle"
2026-09-29 04:56:39.872 - INFO: Query planning done in 1 ms
2026-09-29 04:56:39.888 - INFO: Result has unknown size (not computed yet)
2026-09-29 04:56:40.441 - INFO: Done processing query and sending result, total time was 569 ms
2026-09-29 04:56:40.459 - INFO: 
2026-09-29 04:56:40.459 - INFO: Request received via GET, no content type specified
2026-09-29 04:56:40.459 - INFO: Processing command "clear-cache": clear the cache (unpinned elements only)
2026-09-29 04:56:40.477 - INFO: 
2026-09-29 04:56:40.477 - INFO: Request received via POST, content type "application/x-www-form-urlencoded"
2026-09-29 04:56:40.478 - INFO: Processing the following SPARQL query:
# Tier H — size-sweep
# Goal: isolate export cost from query-planning cost. Raise the year bound
# across runs, for example 1970, 1990, 2010, and 2023.
PREFIX dblp: <https://dblp.org/rdf/schema#>

CONSTRUCT { ?s ?p ?o }
WHERE {
  ?s a dblp:Publication ;
     dblp:yearOfPublication ?year ;
     ?p ?o .
  FILTER(?year <= "1970"^^<http://www.w3.org/2001/XMLSchema#gYear>)
}

2026-09-29 04:56:40.478 - INFO: Requested media types of the result are: "text/turtle"
2026-09-29 04:56:40.479 - INFO: Query planning done in 1 ms
2026-09-29 04:56:40.494 - INFO: Result has unknown size (not computed yet)
2026-09-29 04:56:41.045 - INFO: Done processing query and sending result, total time was 567 ms
2026-09-29 04:57:03.986 - INFO: 
2026-09-29 04:57:03.986 - INFO: Request received via GET, no content type specified
2026-09-29 04:57:03.986 - INFO: Processing command "clear-cache": clear the cache (unpinned elements only)
2026-09-29 04:57:04.004 - INFO: 
2026-09-29 04:57:04.004 - INFO: Request received via POST, content type "application/x-www-form-urlencoded"
2026-09-29 04:57:04.005 - INFO: Processing the following SPARQL query:
# Tier H — size-sweep
# Goal: isolate export cost from query-planning cost. Raise the year bound
# across runs, for example 1970, 1990, 2010, and 2023.
PREFIX dblp: <https://dblp.org/rdf/schema#>

CONSTRUCT { ?s ?p ?o }
WHERE {
  ?s a dblp:Publication ;
     dblp:yearOfPublication ?year ;
     ?p ?o .
  FILTER(?year <= "1970"^^<http://www.w3.org/2001/XMLSchema#gYear>)
}

2026-09-29 04:57:04.005 - INFO: Requested media types of the result are: "text/turtle"
2026-09-29 04:57:04.006 - INFO: Query planning done in 1 ms
2026-09-29 04:57:04.021 - INFO: Result has unknown size (not computed yet)
2026-09-29 04:57:04.576 - INFO: Done processing query and sending result, total time was 571 ms
2026-09-29 04:57:04.595 - INFO: 
2026-09-29 04:57:04.595 - INFO: Request received via GET, no content type specified
2026-09-29 04:57:04.595 - INFO: Processing command "clear-cache": clear the cache (unpinned elements only)
2026-09-29 04:57:04.613 - INFO: 
2026-09-29 04:57:04.613 - INFO: Request received via POST, content type "application/x-www-form-urlencoded"
2026-09-29 04:57:04.613 - INFO: Processing the following SPARQL query:
# Tier H — size-sweep
# Goal: isolate export cost from query-planning cost. Raise the year bound
# across runs, for example 1970, 1990, 2010, and 2023.
PREFIX dblp: <https://dblp.org/rdf/schema#>

CONSTRUCT { ?s ?p ?o }
WHERE {
  ?s a dblp:Publication ;
     dblp:yearOfPublication ?year ;
     ?p ?o .
  FILTER(?year <= "1970"^^<http://www.w3.org/2001/XMLSchema#gYear>)
}

2026-09-29 04:57:04.613 - INFO: Requested media types of the result are: "text/turtle"
2026-09-29 04:57:04.614 - INFO: Query planning done in 1 ms
2026-09-29 04:57:04.629 - INFO: Result has unknown size (not computed yet)
2026-09-29 04:57:05.179 - INFO: Done processing query and sending result, total time was 566 ms
2026-09-29 04:57:05.198 - INFO: 
2026-09-29 04:57:05.198 - INFO: Request received via GET, no content type specified
2026-09-29 04:57:05.198 - INFO: Processing command "clear-cache": clear the cache (unpinned elements only)
2026-09-29 04:57:05.216 - INFO: 
2026-09-29 04:57:05.216 - INFO: Request received via POST, content type "application/x-www-form-urlencoded"
2026-09-29 04:57:05.216 - INFO: Processing the following SPARQL query:
# Tier H — size-sweep
# Goal: isolate export cost from query-planning cost. Raise the year bound
# across runs, for example 1970, 1990, 2010, and 2023.
PREFIX dblp: <https://dblp.org/rdf/schema#>

CONSTRUCT { ?s ?p ?o }
WHERE {
  ?s a dblp:Publication ;
     dblp:yearOfPublication ?year ;
     ?p ?o .
  FILTER(?year <= "1970"^^<http://www.w3.org/2001/XMLSchema#gYear>)
}

2026-09-29 04:57:05.216 - INFO: Requested media types of the result are: "text/turtle"
2026-09-29 04:57:05.217 - INFO: Query planning done in 1 ms
2026-09-29 04:57:05.238 - INFO: Result has unknown size (not computed yet)
2026-09-29 04:57:05.792 - INFO: Done processing query and sending result, total time was 575 ms
2026-09-29 04:57:05.810 - INFO: 
2026-09-29 04:57:05.810 - INFO: Request received via GET, no content type specified
2026-09-29 04:57:05.810 - INFO: Processing command "clear-cache": clear the cache (unpinned elements only)
2026-09-29 04:57:05.828 - INFO: 
2026-09-29 04:57:05.828 - INFO: Request received via POST, content type "application/x-www-form-urlencoded"
2026-09-29 04:57:05.828 - INFO: Processing the following SPARQL query:
# Tier H — size-sweep
# Goal: isolate export cost from query-planning cost. Raise the year bound
# across runs, for example 1970, 1990, 2010, and 2023.
PREFIX dblp: <https://dblp.org/rdf/schema#>

CONSTRUCT { ?s ?p ?o }
WHERE {
  ?s a dblp:Publication ;
     dblp:yearOfPublication ?year ;
     ?p ?o .
  FILTER(?year <= "1970"^^<http://www.w3.org/2001/XMLSchema#gYear>)
}

2026-09-29 04:57:05.828 - INFO: Requested media types of the result are: "text/turtle"
2026-09-29 04:57:05.829 - INFO: Query planning done in 1 ms
2026-09-29 04:57:05.851 - INFO: Result has unknown size (not computed yet)
2026-09-29 04:57:06.403 - INFO: Done processing query and sending result, total time was 575 ms
2026-09-29 04:57:06.422 - INFO: 
2026-09-29 04:57:06.422 - INFO: Request received via GET, no content type specified
2026-09-29 04:57:06.422 - INFO: Processing command "clear-cache": clear the cache (unpinned elements only)
2026-09-29 04:57:06.448 - INFO: 
2026-09-29 04:57:06.448 - INFO: Request received via POST, content type "application/x-www-form-urlencoded"
2026-09-29 04:57:06.448 - INFO: Processing the following SPARQL query:
# Tier H — size-sweep
# Goal: isolate export cost from query-planning cost. Raise the year bound
# across runs, for example 1970, 1990, 2010, and 2023.
PREFIX dblp: <https://dblp.org/rdf/schema#>

CONSTRUCT { ?s ?p ?o }
WHERE {
  ?s a dblp:Publication ;
     dblp:yearOfPublication ?year ;
     ?p ?o .
  FILTER(?year <= "1970"^^<http://www.w3.org/2001/XMLSchema#gYear>)
}

2026-09-29 04:57:06.448 - INFO: Requested media types of the result are: "text/turtle"
2026-09-29 04:57:06.449 - INFO: Query planning done in 1 ms
2026-09-29 04:57:06.471 - INFO: Result has unknown size (not computed yet)
2026-09-29 04:57:07.024 - INFO: Done processing query and sending result, total time was 576 ms
2026-09-29 04:57:07.042 - INFO: 
2026-09-29 04:57:07.042 - INFO: Request received via GET, no content type specified
2026-09-29 04:57:07.042 - INFO: Processing command "clear-cache": clear the cache (unpinned elements only)
2026-09-29 04:57:07.060 - INFO: 
2026-09-29 04:57:07.060 - INFO: Request received via POST, content type "application/x-www-form-urlencoded"
2026-09-29 04:57:07.061 - INFO: Processing the following SPARQL query:
# Tier H — size-sweep
# Goal: isolate export cost from query-planning cost. Raise the year bound
# across runs, for example 1970, 1990, 2010, and 2023.
PREFIX dblp: <https://dblp.org/rdf/schema#>

CONSTRUCT { ?s ?p ?o }
WHERE {
  ?s a dblp:Publication ;
     dblp:yearOfPublication ?year ;
     ?p ?o .
  FILTER(?year <= "1970"^^<http://www.w3.org/2001/XMLSchema#gYear>)
}

2026-09-29 04:57:07.061 - INFO: Requested media types of the result are: "text/turtle"
2026-09-29 04:57:07.062 - INFO: Query planning done in 1 ms
2026-09-29 04:57:07.085 - INFO: Result has unknown size (not computed yet)
2026-09-29 04:57:07.624 - INFO: Done processing query and sending result, total time was 563 ms
2026-09-29 04:57:07.643 - INFO: 
2026-09-29 04:57:07.643 - INFO: Request received via GET, no content type specified
2026-09-29 04:57:07.643 - INFO: Processing command "clear-cache": clear the cache (unpinned elements only)
2026-09-29 04:57:07.661 - INFO: 
2026-09-29 04:57:07.661 - INFO: Request received via POST, content type "application/x-www-form-urlencoded"
2026-09-29 04:57:07.662 - INFO: Processing the following SPARQL query:
# Tier H — size-sweep
# Goal: isolate export cost from query-planning cost. Raise the year bound
# across runs, for example 1970, 1990, 2010, and 2023.
PREFIX dblp: <https://dblp.org/rdf/schema#>

CONSTRUCT { ?s ?p ?o }
WHERE {
  ?s a dblp:Publication ;
     dblp:yearOfPublication ?year ;
     ?p ?o .
  FILTER(?year <= "1970"^^<http://www.w3.org/2001/XMLSchema#gYear>)
}

2026-09-29 04:57:07.662 - INFO: Requested media types of the result are: "text/turtle"
2026-09-29 04:57:07.662 - INFO: Query planning done in 1 ms
2026-09-29 04:57:07.685 - INFO: Result has unknown size (not computed yet)
2026-09-29 04:57:08.221 - INFO: Done processing query and sending result, total time was 559 ms
2026-09-29 04:57:08.239 - INFO: 
2026-09-29 04:57:08.239 - INFO: Request received via GET, no content type specified
2026-09-29 04:57:08.239 - INFO: Processing command "clear-cache": clear the cache (unpinned elements only)
2026-09-29 04:57:08.257 - INFO: 
2026-09-29 04:57:08.257 - INFO: Request received via POST, content type "application/x-www-form-urlencoded"
2026-09-29 04:57:08.258 - INFO: Processing the following SPARQL query:
# Tier H — size-sweep
# Goal: isolate export cost from query-planning cost. Raise the year bound
# across runs, for example 1970, 1990, 2010, and 2023.
PREFIX dblp: <https://dblp.org/rdf/schema#>

CONSTRUCT { ?s ?p ?o }
WHERE {
  ?s a dblp:Publication ;
     dblp:yearOfPublication ?year ;
     ?p ?o .
  FILTER(?year <= "1970"^^<http://www.w3.org/2001/XMLSchema#gYear>)
}

2026-09-29 04:57:08.258 - INFO: Requested media types of the result are: "text/turtle"
2026-09-29 04:57:08.258 - INFO: Query planning done in 1 ms
2026-09-29 04:57:08.281 - INFO: Result has unknown size (not computed yet)
2026-09-29 04:57:08.823 - INFO: Done processing query and sending result, total time was 565 ms
2026-09-29 04:57:08.842 - INFO: 
2026-09-29 04:57:08.842 - INFO: Request received via GET, no content type specified
2026-09-29 04:57:08.842 - INFO: Processing command "clear-cache": clear the cache (unpinned elements only)
2026-09-29 04:57:08.860 - INFO: 
2026-09-29 04:57:08.860 - INFO: Request received via POST, content type "application/x-www-form-urlencoded"
2026-09-29 04:57:08.860 - INFO: Processing the following SPARQL query:
# Tier H — size-sweep
# Goal: isolate export cost from query-planning cost. Raise the year bound
# across runs, for example 1970, 1990, 2010, and 2023.
PREFIX dblp: <https://dblp.org/rdf/schema#>

CONSTRUCT { ?s ?p ?o }
WHERE {
  ?s a dblp:Publication ;
     dblp:yearOfPublication ?year ;
     ?p ?o .
  FILTER(?year <= "1970"^^<http://www.w3.org/2001/XMLSchema#gYear>)
}

2026-09-29 04:57:08.860 - INFO: Requested media types of the result are: "text/turtle"
2026-09-29 04:57:08.861 - INFO: Query planning done in 1 ms
2026-09-29 04:57:08.878 - INFO: Result has unknown size (not computed yet)
2026-09-29 04:57:09.434 - INFO: Done processing query and sending result, total time was 574 ms
2026-09-29 04:57:09.453 - INFO: 
2026-09-29 04:57:09.453 - INFO: Request received via GET, no content type specified
2026-09-29 04:57:09.453 - INFO: Processing command "clear-cache": clear the cache (unpinned elements only)
2026-09-29 04:57:09.471 - INFO: 
2026-09-29 04:57:09.471 - INFO: Request received via POST, content type "application/x-www-form-urlencoded"
2026-09-29 04:57:09.471 - INFO: Processing the following SPARQL query:
# Tier H — size-sweep
# Goal: isolate export cost from query-planning cost. Raise the year bound
# across runs, for example 1970, 1990, 2010, and 2023.
PREFIX dblp: <https://dblp.org/rdf/schema#>

CONSTRUCT { ?s ?p ?o }
WHERE {
  ?s a dblp:Publication ;
     dblp:yearOfPublication ?year ;
     ?p ?o .
  FILTER(?year <= "1970"^^<http://www.w3.org/2001/XMLSchema#gYear>)
}

2026-09-29 04:57:09.471 - INFO: Requested media types of the result are: "text/turtle"
2026-09-29 04:57:09.472 - INFO: Query planning done in 1 ms
2026-09-29 04:57:09.487 - INFO: Result has unknown size (not computed yet)
2026-09-29 04:57:10.037 - INFO: Done processing query and sending result, total time was 566 ms
2026-09-29 04:57:10.056 - INFO: 
2026-09-29 04:57:10.056 - INFO: Request received via GET, no content type specified
2026-09-29 04:57:10.056 - INFO: Processing command "clear-cache": clear the cache (unpinned elements only)
2026-09-29 04:57:10.073 - INFO: 
2026-09-29 04:57:10.073 - INFO: Request received via POST, content type "application/x-www-form-urlencoded"
2026-09-29 04:57:10.074 - INFO: Processing the following SPARQL query:
# Tier H — size-sweep
# Goal: isolate export cost from query-planning cost. Raise the year bound
# across runs, for example 1970, 1990, 2010, and 2023.
PREFIX dblp: <https://dblp.org/rdf/schema#>

CONSTRUCT { ?s ?p ?o }
WHERE {
  ?s a dblp:Publication ;
     dblp:yearOfPublication ?year ;
     ?p ?o .
  FILTER(?year <= "1970"^^<http://www.w3.org/2001/XMLSchema#gYear>)
}

2026-09-29 04:57:10.074 - INFO: Requested media types of the result are: "text/turtle"
2026-09-29 04:57:10.075 - INFO: Query planning done in 1 ms
2026-09-29 04:57:10.090 - INFO: Result has unknown size (not computed yet)
2026-09-29 04:57:10.640 - INFO: Done processing query and sending result, total time was 566 ms
2026-09-29 04:57:10.659 - INFO: 
2026-09-29 04:57:10.659 - INFO: Request received via GET, no content type specified
2026-09-29 04:57:10.659 - INFO: Processing command "clear-cache": clear the cache (unpinned elements only)
2026-09-29 04:57:10.677 - INFO: 
2026-09-29 04:57:10.677 - INFO: Request received via POST, content type "application/x-www-form-urlencoded"
2026-09-29 04:57:10.677 - INFO: Processing the following SPARQL query:
# Tier H — size-sweep
# Goal: isolate export cost from query-planning cost. Raise the year bound
# across runs, for example 1970, 1990, 2010, and 2023.
PREFIX dblp: <https://dblp.org/rdf/schema#>

CONSTRUCT { ?s ?p ?o }
WHERE {
  ?s a dblp:Publication ;
     dblp:yearOfPublication ?year ;
     ?p ?o .
  FILTER(?year <= "1970"^^<http://www.w3.org/2001/XMLSchema#gYear>)
}

2026-09-29 04:57:10.677 - INFO: Requested media types of the result are: "text/turtle"
2026-09-29 04:57:10.678 - INFO: Query planning done in 1 ms
2026-09-29 04:57:10.694 - INFO: Result has unknown size (not computed yet)
2026-09-29 04:57:11.244 - INFO: Done processing query and sending result, total time was 566 ms
2026-09-29 04:57:11.263 - INFO: 
2026-09-29 04:57:11.263 - INFO: Request received via GET, no content type specified
2026-09-29 04:57:11.263 - INFO: Processing command "clear-cache": clear the cache (unpinned elements only)
2026-09-29 04:57:11.281 - INFO: 
2026-09-29 04:57:11.281 - INFO: Request received via POST, content type "application/x-www-form-urlencoded"
2026-09-29 04:57:11.281 - INFO: Processing the following SPARQL query:
# Tier H — size-sweep
# Goal: isolate export cost from query-planning cost. Raise the year bound
# across runs, for example 1970, 1990, 2010, and 2023.
PREFIX dblp: <https://dblp.org/rdf/schema#>

CONSTRUCT { ?s ?p ?o }
WHERE {
  ?s a dblp:Publication ;
     dblp:yearOfPublication ?year ;
     ?p ?o .
  FILTER(?year <= "1970"^^<http://www.w3.org/2001/XMLSchema#gYear>)
}

2026-09-29 04:57:11.281 - INFO: Requested media types of the result are: "text/turtle"
2026-09-29 04:57:11.282 - INFO: Query planning done in 1 ms
2026-09-29 04:57:11.297 - INFO: Result has unknown size (not computed yet)
2026-09-29 04:57:11.848 - INFO: Done processing query and sending result, total time was 567 ms
2026-09-29 04:57:11.867 - INFO: 
2026-09-29 04:57:11.867 - INFO: Request received via GET, no content type specified
2026-09-29 04:57:11.867 - INFO: Processing command "clear-cache": clear the cache (unpinned elements only)
2026-09-29 04:57:11.885 - INFO: 
2026-09-29 04:57:11.885 - INFO: Request received via POST, content type "application/x-www-form-urlencoded"
2026-09-29 04:57:11.886 - INFO: Processing the following SPARQL query:
# Tier H — size-sweep
# Goal: isolate export cost from query-planning cost. Raise the year bound
# across runs, for example 1970, 1990, 2010, and 2023.
PREFIX dblp: <https://dblp.org/rdf/schema#>

CONSTRUCT { ?s ?p ?o }
WHERE {
  ?s a dblp:Publication ;
     dblp:yearOfPublication ?year ;
     ?p ?o .
  FILTER(?year <= "1970"^^<http://www.w3.org/2001/XMLSchema#gYear>)
}

2026-09-29 04:57:11.886 - INFO: Requested media types of the result are: "text/turtle"
2026-09-29 04:57:11.887 - INFO: Query planning done in 1 ms
2026-09-29 04:57:11.901 - INFO: Result has unknown size (not computed yet)
2026-09-29 04:57:12.459 - INFO: Done processing query and sending result, total time was 573 ms
2026-09-29 04:57:12.478 - INFO: 
2026-09-29 04:57:12.478 - INFO: Request received via GET, no content type specified
2026-09-29 04:57:12.478 - INFO: Processing command "clear-cache": clear the cache (unpinned elements only)
2026-09-29 04:57:12.495 - INFO: 
2026-09-29 04:57:12.495 - INFO: Request received via POST, content type "application/x-www-form-urlencoded"
2026-09-29 04:57:12.496 - INFO: Processing the following SPARQL query:
# Tier H — size-sweep
# Goal: isolate export cost from query-planning cost. Raise the year bound
# across runs, for example 1970, 1990, 2010, and 2023.
PREFIX dblp: <https://dblp.org/rdf/schema#>

CONSTRUCT { ?s ?p ?o }
WHERE {
  ?s a dblp:Publication ;
     dblp:yearOfPublication ?year ;
     ?p ?o .
  FILTER(?year <= "1970"^^<http://www.w3.org/2001/XMLSchema#gYear>)
}

2026-09-29 04:57:12.496 - INFO: Requested media types of the result are: "text/turtle"
2026-09-29 04:57:12.497 - INFO: Query planning done in 1 ms
2026-09-29 04:57:12.512 - INFO: Result has unknown size (not computed yet)
2026-09-29 04:57:13.063 - INFO: Done processing query and sending result, total time was 567 ms
2026-09-29 04:57:13.082 - INFO: 
2026-09-29 04:57:13.082 - INFO: Request received via GET, no content type specified
2026-09-29 04:57:13.082 - INFO: Processing command "clear-cache": clear the cache (unpinned elements only)
2026-09-29 04:57:13.100 - INFO: 
2026-09-29 04:57:13.100 - INFO: Request received via POST, content type "application/x-www-form-urlencoded"
2026-09-29 04:57:13.100 - INFO: Processing the following SPARQL query:
# Tier H — size-sweep
# Goal: isolate export cost from query-planning cost. Raise the year bound
# across runs, for example 1970, 1990, 2010, and 2023.
PREFIX dblp: <https://dblp.org/rdf/schema#>

CONSTRUCT { ?s ?p ?o }
WHERE {
  ?s a dblp:Publication ;
     dblp:yearOfPublication ?year ;
     ?p ?o .
  FILTER(?year <= "1970"^^<http://www.w3.org/2001/XMLSchema#gYear>)
}

2026-09-29 04:57:13.100 - INFO: Requested media types of the result are: "text/turtle"
2026-09-29 04:57:13.101 - INFO: Query planning done in 1 ms
2026-09-29 04:57:13.116 - INFO: Result has unknown size (not computed yet)
2026-09-29 04:57:13.666 - INFO: Done processing query and sending result, total time was 566 ms
2026-09-29 04:57:13.685 - INFO: 
2026-09-29 04:57:13.685 - INFO: Request received via GET, no content type specified
2026-09-29 04:57:13.685 - INFO: Processing command "clear-cache": clear the cache (unpinned elements only)
2026-09-29 04:57:13.703 - INFO: 
2026-09-29 04:57:13.703 - INFO: Request received via POST, content type "application/x-www-form-urlencoded"
2026-09-29 04:57:13.704 - INFO: Processing the following SPARQL query:
# Tier H — size-sweep
# Goal: isolate export cost from query-planning cost. Raise the year bound
# across runs, for example 1970, 1990, 2010, and 2023.
PREFIX dblp: <https://dblp.org/rdf/schema#>

CONSTRUCT { ?s ?p ?o }
WHERE {
  ?s a dblp:Publication ;
     dblp:yearOfPublication ?year ;
     ?p ?o .
  FILTER(?year <= "1970"^^<http://www.w3.org/2001/XMLSchema#gYear>)
}

2026-09-29 04:57:13.704 - INFO: Requested media types of the result are: "text/turtle"
2026-09-29 04:57:13.705 - INFO: Query planning done in 1 ms
2026-09-29 04:57:13.720 - INFO: Result has unknown size (not computed yet)
2026-09-29 04:57:14.272 - INFO: Done processing query and sending result, total time was 568 ms
2026-09-29 04:57:14.291 - INFO: 
2026-09-29 04:57:14.291 - INFO: Request received via GET, no content type specified
2026-09-29 04:57:14.291 - INFO: Processing command "clear-cache": clear the cache (unpinned elements only)
2026-09-29 04:57:14.316 - INFO: 
2026-09-29 04:57:14.316 - INFO: Request received via POST, content type "application/x-www-form-urlencoded"
2026-09-29 04:57:14.316 - INFO: Processing the following SPARQL query:
# Tier H — size-sweep
# Goal: isolate export cost from query-planning cost. Raise the year bound
# across runs, for example 1970, 1990, 2010, and 2023.
PREFIX dblp: <https://dblp.org/rdf/schema#>

CONSTRUCT { ?s ?p ?o }
WHERE {
  ?s a dblp:Publication ;
     dblp:yearOfPublication ?year ;
     ?p ?o .
  FILTER(?year <= "1970"^^<http://www.w3.org/2001/XMLSchema#gYear>)
}

2026-09-29 04:57:14.316 - INFO: Requested media types of the result are: "text/turtle"
2026-09-29 04:57:14.317 - INFO: Query planning done in 1 ms
2026-09-29 04:57:14.333 - INFO: Result has unknown size (not computed yet)
2026-09-29 04:57:14.888 - INFO: Done processing query and sending result, total time was 571 ms
2026-09-29 04:57:33.653 - INFO: 
2026-09-29 04:57:33.653 - INFO: Request received via GET, no content type specified
2026-09-29 04:57:33.653 - INFO: Processing command "clear-cache": clear the cache (unpinned elements only)
2026-09-29 04:57:33.685 - INFO: 
2026-09-29 04:57:33.685 - INFO: Request received via POST, content type "application/x-www-form-urlencoded"
2026-09-29 04:57:33.685 - INFO: Processing the following SPARQL query:
# Tier H — size-sweep
# Goal: isolate export cost from query-planning cost. Raise the year bound
# across runs, for example 1970, 1990, 2010, and 2023.
PREFIX dblp: <https://dblp.org/rdf/schema#>

CONSTRUCT { ?s ?p ?o }
WHERE {
  ?s a dblp:Publication ;
     dblp:yearOfPublication ?year ;
     ?p ?o .
  FILTER(?year <= "1970"^^<http://www.w3.org/2001/XMLSchema#gYear>)
}

2026-09-29 04:57:33.685 - INFO: Requested media types of the result are: "text/turtle"
2026-09-29 04:57:33.686 - INFO: Query planning done in 1 ms
2026-09-29 04:57:33.702 - INFO: Result has unknown size (not computed yet)
2026-09-29 04:57:34.263 - INFO: Done processing query and sending result, total time was 578 ms
2026-09-29 04:57:34.282 - INFO: 
2026-09-29 04:57:34.282 - INFO: Request received via GET, no content type specified
2026-09-29 04:57:34.282 - INFO: Processing command "clear-cache": clear the cache (unpinned elements only)
2026-09-29 04:57:34.300 - INFO: 
2026-09-29 04:57:34.300 - INFO: Request received via POST, content type "application/x-www-form-urlencoded"
2026-09-29 04:57:34.301 - INFO: Processing the following SPARQL query:
# Tier H — size-sweep
# Goal: isolate export cost from query-planning cost. Raise the year bound
# across runs, for example 1970, 1990, 2010, and 2023.
PREFIX dblp: <https://dblp.org/rdf/schema#>

CONSTRUCT { ?s ?p ?o }
WHERE {
  ?s a dblp:Publication ;
     dblp:yearOfPublication ?year ;
     ?p ?o .
  FILTER(?year <= "1970"^^<http://www.w3.org/2001/XMLSchema#gYear>)
}

2026-09-29 04:57:34.301 - INFO: Requested media types of the result are: "text/turtle"
2026-09-29 04:57:34.302 - INFO: Query planning done in 1 ms
2026-09-29 04:57:34.317 - INFO: Result has unknown size (not computed yet)
2026-09-29 04:57:34.870 - INFO: Done processing query and sending result, total time was 569 ms
2026-09-29 04:57:34.889 - INFO: 
2026-09-29 04:57:34.889 - INFO: Request received via GET, no content type specified
2026-09-29 04:57:34.889 - INFO: Processing command "clear-cache": clear the cache (unpinned elements only)
2026-09-29 04:57:34.907 - INFO: 
2026-09-29 04:57:34.907 - INFO: Request received via POST, content type "application/x-www-form-urlencoded"
2026-09-29 04:57:34.907 - INFO: Processing the following SPARQL query:
# Tier H — size-sweep
# Goal: isolate export cost from query-planning cost. Raise the year bound
# across runs, for example 1970, 1990, 2010, and 2023.
PREFIX dblp: <https://dblp.org/rdf/schema#>

CONSTRUCT { ?s ?p ?o }
WHERE {
  ?s a dblp:Publication ;
     dblp:yearOfPublication ?year ;
     ?p ?o .
  FILTER(?year <= "1970"^^<http://www.w3.org/2001/XMLSchema#gYear>)
}

2026-09-29 04:57:34.907 - INFO: Requested media types of the result are: "text/turtle"
2026-09-29 04:57:34.908 - INFO: Query planning done in 1 ms
2026-09-29 04:57:34.923 - INFO: Result has unknown size (not computed yet)
2026-09-29 04:57:35.477 - INFO: Done processing query and sending result, total time was 570 ms
2026-09-29 04:57:35.495 - INFO: 
2026-09-29 04:57:35.495 - INFO: Request received via GET, no content type specified
2026-09-29 04:57:35.496 - INFO: Processing command "clear-cache": clear the cache (unpinned elements only)
2026-09-29 04:57:35.514 - INFO: 
2026-09-29 04:57:35.514 - INFO: Request received via POST, content type "application/x-www-form-urlencoded"
2026-09-29 04:57:35.514 - INFO: Processing the following SPARQL query:
# Tier H — size-sweep
# Goal: isolate export cost from query-planning cost. Raise the year bound
# across runs, for example 1970, 1990, 2010, and 2023.
PREFIX dblp: <https://dblp.org/rdf/schema#>

CONSTRUCT { ?s ?p ?o }
WHERE {
  ?s a dblp:Publication ;
     dblp:yearOfPublication ?year ;
     ?p ?o .
  FILTER(?year <= "1970"^^<http://www.w3.org/2001/XMLSchema#gYear>)
}

2026-09-29 04:57:35.514 - INFO: Requested media types of the result are: "text/turtle"
2026-09-29 04:57:35.515 - INFO: Query planning done in 1 ms
2026-09-29 04:57:35.530 - INFO: Result has unknown size (not computed yet)
2026-09-29 04:57:36.082 - INFO: Done processing query and sending result, total time was 568 ms
2026-09-29 04:57:36.101 - INFO: 
2026-09-29 04:57:36.101 - INFO: Request received via GET, no content type specified
2026-09-29 04:57:36.101 - INFO: Processing command "clear-cache": clear the cache (unpinned elements only)
2026-09-29 04:57:36.119 - INFO: 
2026-09-29 04:57:36.119 - INFO: Request received via POST, content type "application/x-www-form-urlencoded"
2026-09-29 04:57:36.120 - INFO: Processing the following SPARQL query:
# Tier H — size-sweep
# Goal: isolate export cost from query-planning cost. Raise the year bound
# across runs, for example 1970, 1990, 2010, and 2023.
PREFIX dblp: <https://dblp.org/rdf/schema#>

CONSTRUCT { ?s ?p ?o }
WHERE {
  ?s a dblp:Publication ;
     dblp:yearOfPublication ?year ;
     ?p ?o .
  FILTER(?year <= "1970"^^<http://www.w3.org/2001/XMLSchema#gYear>)
}

2026-09-29 04:57:36.120 - INFO: Requested media types of the result are: "text/turtle"
2026-09-29 04:57:36.121 - INFO: Query planning done in 1 ms
2026-09-29 04:57:36.136 - INFO: Result has unknown size (not computed yet)
2026-09-29 04:57:36.692 - INFO: Done processing query and sending result, total time was 572 ms
2026-09-29 04:57:36.711 - INFO: 
2026-09-29 04:57:36.711 - INFO: Request received via GET, no content type specified
2026-09-29 04:57:36.711 - INFO: Processing command "clear-cache": clear the cache (unpinned elements only)
2026-09-29 04:57:36.729 - INFO: 
2026-09-29 04:57:36.729 - INFO: Request received via POST, content type "application/x-www-form-urlencoded"
2026-09-29 04:57:36.729 - INFO: Processing the following SPARQL query:
# Tier H — size-sweep
# Goal: isolate export cost from query-planning cost. Raise the year bound
# across runs, for example 1970, 1990, 2010, and 2023.
PREFIX dblp: <https://dblp.org/rdf/schema#>

CONSTRUCT { ?s ?p ?o }
WHERE {
  ?s a dblp:Publication ;
     dblp:yearOfPublication ?year ;
     ?p ?o .
  FILTER(?year <= "1970"^^<http://www.w3.org/2001/XMLSchema#gYear>)
}

2026-09-29 04:57:36.729 - INFO: Requested media types of the result are: "text/turtle"
2026-09-29 04:57:36.730 - INFO: Query planning done in 1 ms
2026-09-29 04:57:36.746 - INFO: Result has unknown size (not computed yet)
2026-09-29 04:57:37.298 - INFO: Done processing query and sending result, total time was 569 ms
2026-09-29 04:57:37.317 - INFO: 
2026-09-29 04:57:37.317 - INFO: Request received via GET, no content type specified
2026-09-29 04:57:37.317 - INFO: Processing command "clear-cache": clear the cache (unpinned elements only)
2026-09-29 04:57:37.335 - INFO: 
2026-09-29 04:57:37.335 - INFO: Request received via POST, content type "application/x-www-form-urlencoded"
2026-09-29 04:57:37.336 - INFO: Processing the following SPARQL query:
# Tier H — size-sweep
# Goal: isolate export cost from query-planning cost. Raise the year bound
# across runs, for example 1970, 1990, 2010, and 2023.
PREFIX dblp: <https://dblp.org/rdf/schema#>

CONSTRUCT { ?s ?p ?o }
WHERE {
  ?s a dblp:Publication ;
     dblp:yearOfPublication ?year ;
     ?p ?o .
  FILTER(?year <= "1970"^^<http://www.w3.org/2001/XMLSchema#gYear>)
}

2026-09-29 04:57:37.336 - INFO: Requested media types of the result are: "text/turtle"
2026-09-29 04:57:37.337 - INFO: Query planning done in 1 ms
2026-09-29 04:57:37.352 - INFO: Result has unknown size (not computed yet)
2026-09-29 04:57:37.905 - INFO: Done processing query and sending result, total time was 569 ms
2026-09-29 04:57:37.924 - INFO: 
2026-09-29 04:57:37.924 - INFO: Request received via GET, no content type specified
2026-09-29 04:57:37.924 - INFO: Processing command "clear-cache": clear the cache (unpinned elements only)
2026-09-29 04:57:37.942 - INFO: 
2026-09-29 04:57:37.942 - INFO: Request received via POST, content type "application/x-www-form-urlencoded"
2026-09-29 04:57:37.942 - INFO: Processing the following SPARQL query:
# Tier H — size-sweep
# Goal: isolate export cost from query-planning cost. Raise the year bound
# across runs, for example 1970, 1990, 2010, and 2023.
PREFIX dblp: <https://dblp.org/rdf/schema#>

CONSTRUCT { ?s ?p ?o }
WHERE {
  ?s a dblp:Publication ;
     dblp:yearOfPublication ?year ;
     ?p ?o .
  FILTER(?year <= "1970"^^<http://www.w3.org/2001/XMLSchema#gYear>)
}

2026-09-29 04:57:37.942 - INFO: Requested media types of the result are: "text/turtle"
2026-09-29 04:57:37.943 - INFO: Query planning done in 1 ms
2026-09-29 04:57:37.960 - INFO: Result has unknown size (not computed yet)
2026-09-29 04:57:38.512 - INFO: Done processing query and sending result, total time was 570 ms
2026-09-29 04:57:38.531 - INFO: 
2026-09-29 04:57:38.531 - INFO: Request received via GET, no content type specified
2026-09-29 04:57:38.531 - INFO: Processing command "clear-cache": clear the cache (unpinned elements only)
2026-09-29 04:57:38.549 - INFO: 
2026-09-29 04:57:38.549 - INFO: Request received via POST, content type "application/x-www-form-urlencoded"
2026-09-29 04:57:38.549 - INFO: Processing the following SPARQL query:
# Tier H — size-sweep
# Goal: isolate export cost from query-planning cost. Raise the year bound
# across runs, for example 1970, 1990, 2010, and 2023.
PREFIX dblp: <https://dblp.org/rdf/schema#>

CONSTRUCT { ?s ?p ?o }
WHERE {
  ?s a dblp:Publication ;
     dblp:yearOfPublication ?year ;
     ?p ?o .
  FILTER(?year <= "1970"^^<http://www.w3.org/2001/XMLSchema#gYear>)
}

2026-09-29 04:57:38.550 - INFO: Requested media types of the result are: "text/turtle"
2026-09-29 04:57:38.550 - INFO: Query planning done in 1 ms
2026-09-29 04:57:38.566 - INFO: Result has unknown size (not computed yet)
2026-09-29 04:57:39.118 - INFO: Done processing query and sending result, total time was 568 ms
2026-09-29 04:57:58.508 - INFO: 
2026-09-29 04:57:58.508 - INFO: Request received via GET, no content type specified
2026-09-29 04:57:58.508 - INFO: Processing command "clear-cache": clear the cache (unpinned elements only)
2026-09-29 04:57:58.526 - INFO: 
2026-09-29 04:57:58.526 - INFO: Request received via POST, content type "application/x-www-form-urlencoded"
2026-09-29 04:57:58.526 - INFO: Processing the following SPARQL query:
# Tier H — size-sweep, year <= 1990
# Goal: isolate export cost from query-planning cost. Raise the year bound
# across runs, for example 1970, 1990, 2010, and 2023.
PREFIX dblp: <https://dblp.org/rdf/schema#>

CONSTRUCT { ?s ?p ?o }
WHERE {
  ?s a dblp:Publication ;
     dblp:yearOfPublication ?year ;
     ?p ?o .
  FILTER(?year <= "1990"^^<http://www.w3.org/2001/XMLSchema#gYear>)
}

2026-09-29 04:57:58.526 - INFO: Requested media types of the result are: "text/turtle"
2026-09-29 04:57:58.527 - INFO: Query planning done in 1 ms
2026-09-29 04:57:58.597 - INFO: Result has unknown size (not computed yet)
2026-09-29 04:58:04.771 - INFO: Done processing query and sending result, total time was 6,244 ms
2026-09-29 04:58:43.080 - INFO: 
2026-09-29 04:58:43.080 - INFO: Request received via GET, no content type specified
2026-09-29 04:58:43.080 - INFO: Processing command "clear-cache": clear the cache (unpinned elements only)
2026-09-29 04:58:43.098 - INFO: 
2026-09-29 04:58:43.098 - INFO: Request received via POST, content type "application/x-www-form-urlencoded"
2026-09-29 04:58:43.098 - INFO: Processing the following SPARQL query:
# Tier H — size-sweep, year <= 1990
# Goal: isolate export cost from query-planning cost. Raise the year bound
# across runs, for example 1970, 1990, 2010, and 2023.
PREFIX dblp: <https://dblp.org/rdf/schema#>

CONSTRUCT { ?s ?p ?o }
WHERE {
  ?s a dblp:Publication ;
     dblp:yearOfPublication ?year ;
     ?p ?o .
  FILTER(?year <= "1990"^^<http://www.w3.org/2001/XMLSchema#gYear>)
}

2026-09-29 04:58:43.098 - INFO: Requested media types of the result are: "text/turtle"
2026-09-29 04:58:43.099 - INFO: Query planning done in 1 ms
2026-09-29 04:58:43.197 - INFO: Result has unknown size (not computed yet)
2026-09-29 04:58:49.477 - INFO: Done processing query and sending result, total time was 6,379 ms
2026-09-29 04:58:49.496 - INFO: 
2026-09-29 04:58:49.496 - INFO: Request received via GET, no content type specified
2026-09-29 04:58:49.496 - INFO: Processing command "clear-cache": clear the cache (unpinned elements only)
2026-09-29 04:58:49.514 - INFO: 
2026-09-29 04:58:49.514 - INFO: Request received via POST, content type "application/x-www-form-urlencoded"
2026-09-29 04:58:49.514 - INFO: Processing the following SPARQL query:
# Tier H — size-sweep, year <= 1990
# Goal: isolate export cost from query-planning cost. Raise the year bound
# across runs, for example 1970, 1990, 2010, and 2023.
PREFIX dblp: <https://dblp.org/rdf/schema#>

CONSTRUCT { ?s ?p ?o }
WHERE {
  ?s a dblp:Publication ;
     dblp:yearOfPublication ?year ;
     ?p ?o .
  FILTER(?year <= "1990"^^<http://www.w3.org/2001/XMLSchema#gYear>)
}

2026-09-29 04:58:49.514 - INFO: Requested media types of the result are: "text/turtle"
2026-09-29 04:58:49.515 - INFO: Query planning done in 1 ms
2026-09-29 04:58:49.587 - INFO: Result has unknown size (not computed yet)
2026-09-29 04:58:55.772 - INFO: Done processing query and sending result, total time was 6,258 ms
2026-09-29 04:59:20.353 - INFO: 
2026-09-29 04:59:20.353 - INFO: Request received via GET, no content type specified
2026-09-29 04:59:20.353 - INFO: Processing command "clear-cache": clear the cache (unpinned elements only)
2026-09-29 04:59:20.371 - INFO: 
2026-09-29 04:59:20.371 - INFO: Request received via POST, content type "application/x-www-form-urlencoded"
2026-09-29 04:59:20.372 - INFO: Processing the following SPARQL query:
# Tier H — size-sweep, year <= 1990
# Goal: isolate export cost from query-planning cost. Raise the year bound
# across runs, for example 1970, 1990, 2010, and 2023.
PREFIX dblp: <https://dblp.org/rdf/schema#>

CONSTRUCT { ?s ?p ?o }
WHERE {
  ?s a dblp:Publication ;
     dblp:yearOfPublication ?year ;
     ?p ?o .
  FILTER(?year <= "1990"^^<http://www.w3.org/2001/XMLSchema#gYear>)
}

2026-09-29 04:59:20.372 - INFO: Requested media types of the result are: "text/turtle"
2026-09-29 04:59:20.373 - INFO: Query planning done in 1 ms
2026-09-29 04:59:20.442 - INFO: Result has unknown size (not computed yet)
2026-09-29 04:59:26.586 - INFO: Done processing query and sending result, total time was 6,214 ms
2026-09-29 04:59:26.606 - INFO: 
2026-09-29 04:59:26.606 - INFO: Request received via GET, no content type specified
2026-09-29 04:59:26.606 - INFO: Processing command "clear-cache": clear the cache (unpinned elements only)
2026-09-29 04:59:26.624 - INFO: 
2026-09-29 04:59:26.624 - INFO: Request received via POST, content type "application/x-www-form-urlencoded"
2026-09-29 04:59:26.624 - INFO: Processing the following SPARQL query:
# Tier H — size-sweep, year <= 1990
# Goal: isolate export cost from query-planning cost. Raise the year bound
# across runs, for example 1970, 1990, 2010, and 2023.
PREFIX dblp: <https://dblp.org/rdf/schema#>

CONSTRUCT { ?s ?p ?o }
WHERE {
  ?s a dblp:Publication ;
     dblp:yearOfPublication ?year ;
     ?p ?o .
  FILTER(?year <= "1990"^^<http://www.w3.org/2001/XMLSchema#gYear>)
}

2026-09-29 04:59:26.624 - INFO: Requested media types of the result are: "text/turtle"
2026-09-29 04:59:26.625 - INFO: Query planning done in 1 ms
2026-09-29 04:59:26.693 - INFO: Result has unknown size (not computed yet)
2026-09-29 04:59:32.716 - INFO: Done processing query and sending result, total time was 6,091 ms
2026-09-29 04:59:59.033 - INFO: 
2026-09-29 04:59:59.033 - INFO: Request received via GET, no content type specified
2026-09-29 04:59:59.034 - INFO: Processing command "clear-cache": clear the cache (unpinned elements only)
2026-09-29 04:59:59.051 - INFO: 
2026-09-29 04:59:59.051 - INFO: Request received via POST, content type "application/x-www-form-urlencoded"
2026-09-29 04:59:59.052 - INFO: Processing the following SPARQL query:
# Tier H — size-sweep, year <= 1990
# Goal: isolate export cost from query-planning cost. Raise the year bound
# across runs, for example 1970, 1990, 2010, and 2023.
PREFIX dblp: <https://dblp.org/rdf/schema#>

CONSTRUCT { ?s ?p ?o }
WHERE {
  ?s a dblp:Publication ;
     dblp:yearOfPublication ?year ;
     ?p ?o .
  FILTER(?year <= "1990"^^<http://www.w3.org/2001/XMLSchema#gYear>)
}

2026-09-29 04:59:59.052 - INFO: Requested media types of the result are: "text/turtle"
2026-09-29 04:59:59.053 - INFO: Query planning done in 1 ms
2026-09-29 04:59:59.120 - INFO: Result has unknown size (not computed yet)
2026-09-29 05:00:05.292 - INFO: Done processing query and sending result, total time was 6,240 ms
2026-09-29 05:00:05.311 - INFO: 
2026-09-29 05:00:05.311 - INFO: Request received via GET, no content type specified
2026-09-29 05:00:05.311 - INFO: Processing command "clear-cache": clear the cache (unpinned elements only)
2026-09-29 05:00:05.329 - INFO: 
2026-09-29 05:00:05.329 - INFO: Request received via POST, content type "application/x-www-form-urlencoded"
2026-09-29 05:00:05.329 - INFO: Processing the following SPARQL query:
# Tier H — size-sweep, year <= 1990
# Goal: isolate export cost from query-planning cost. Raise the year bound
# across runs, for example 1970, 1990, 2010, and 2023.
PREFIX dblp: <https://dblp.org/rdf/schema#>

CONSTRUCT { ?s ?p ?o }
WHERE {
  ?s a dblp:Publication ;
     dblp:yearOfPublication ?year ;
     ?p ?o .
  FILTER(?year <= "1990"^^<http://www.w3.org/2001/XMLSchema#gYear>)
}

2026-09-29 05:00:05.329 - INFO: Requested media types of the result are: "text/turtle"
2026-09-29 05:00:05.330 - INFO: Query planning done in 1 ms
2026-09-29 05:00:05.405 - INFO: Result has unknown size (not computed yet)
2026-09-29 05:00:11.732 - INFO: Done processing query and sending result, total time was 6,403 ms
2026-09-29 05:00:33.073 - INFO: 
2026-09-29 05:00:33.073 - INFO: Request received via GET, no content type specified
2026-09-29 05:00:33.073 - INFO: Processing command "clear-cache": clear the cache (unpinned elements only)
2026-09-29 05:00:33.112 - INFO: 
2026-09-29 05:00:33.112 - INFO: Request received via POST, content type "application/x-www-form-urlencoded"
2026-09-29 05:00:33.112 - INFO: Processing the following SPARQL query:
# Tier H — size-sweep, year <= 1990
# Goal: isolate export cost from query-planning cost. Raise the year bound
# across runs, for example 1970, 1990, 2010, and 2023.
PREFIX dblp: <https://dblp.org/rdf/schema#>

CONSTRUCT { ?s ?p ?o }
WHERE {
  ?s a dblp:Publication ;
     dblp:yearOfPublication ?year ;
     ?p ?o .
  FILTER(?year <= "1990"^^<http://www.w3.org/2001/XMLSchema#gYear>)
}

2026-09-29 05:00:33.112 - INFO: Requested media types of the result are: "text/turtle"
2026-09-29 05:00:33.113 - INFO: Query planning done in 1 ms
2026-09-29 05:00:33.181 - INFO: Result has unknown size (not computed yet)
2026-09-29 05:00:39.331 - INFO: Done processing query and sending result, total time was 6,219 ms
